Model,Seq_Length,Sample_ID,Inference_Time_ms,Arena_Memory_Bytes,MSE
lstm_9_5_OFF_int8.tflite,5,N/A,ERROR_ESP32_MALLOC_FAILED,ERROR_ESP32_MALLOC_FAILED,ERROR_ESP32_MALLOC_FAILED
lstm_9_5_OFF_hybrid.tflite,5,N/A,ERROR_TFLITE_INIT_FAILED,ERROR_TFLITE_INIT_FAILED,ERROR_TFLITE_INIT_FAILED
lstm_9_5_OFF_float32.tflite,5,N/A,ERROR_ESP32_MALLOC_FAILED,ERROR_ESP32_MALLOC_FAILED,ERROR_ESP32_MALLOC_FAILED
lstm_9_20_OFF_int8.tflite,20,N/A,ERROR_ESP32_MALLOC_FAILED,ERROR_ESP32_MALLOC_FAILED,ERROR_ESP32_MALLOC_FAILED
lstm_9_20_OFF_hybrid.tflite,20,N/A,ERROR_ESP32_MALLOC_FAILED,ERROR_ESP32_MALLOC_FAILED,ERROR_ESP32_MALLOC_FAILED
lstm_9_20_OFF_float32.tflite,20,N/A,ERROR_ESP32_MALLOC_FAILED,ERROR_ESP32_MALLOC_FAILED,ERROR_ESP32_MALLOC_FAILED
lstm_9_15_OFF_int8.tflite,15,N/A,ERROR_ESP32_MALLOC_FAILED,ERROR_ESP32_MALLOC_FAILED,ERROR_ESP32_MALLOC_FAILED
lstm_9_15_OFF_hybrid.tflite,15,N/A,ERROR_ESP32_MALLOC_FAILED,ERROR_ESP32_MALLOC_FAILED,ERROR_ESP32_MALLOC_FAILED
lstm_9_15_OFF_float32.tflite,15,N/A,ERROR_ESP32_MALLOC_FAILED,ERROR_ESP32_MALLOC_FAILED,ERROR_ESP32_MALLOC_FAILED
lstm_9_10_OFF_int8.tflite,10,N/A,ERROR_ESP32_MALLOC_FAILED,ERROR_ESP32_MALLOC_FAILED,ERROR_ESP32_MALLOC_FAILED
lstm_9_10_OFF_hybrid.tflite,10,N/A,ERROR_ESP32_MALLOC_FAILED,ERROR_ESP32_MALLOC_FAILED,ERROR_ESP32_MALLOC_FAILED
lstm_9_10_OFF_float32.tflite,10,N/A,ERROR_ESP32_MALLOC_FAILED,ERROR_ESP32_MALLOC_FAILED,ERROR_ESP32_MALLOC_FAILED
lstm_8_5_OFF_int8.tflite,5,N/A,ERROR_ESP32_MALLOC_FAILED,ERROR_ESP32_MALLOC_FAILED,ERROR_ESP32_MALLOC_FAILED
lstm_8_5_OFF_hybrid.tflite,5,N/A,ERROR_TFLITE_INIT_FAILED,ERROR_TFLITE_INIT_FAILED,ERROR_TFLITE_INIT_FAILED
lstm_8_5_OFF_float32.tflite,5,N/A,ERROR_ESP32_MALLOC_FAILED,ERROR_ESP32_MALLOC_FAILED,ERROR_ESP32_MALLOC_FAILED
lstm_8_20_OFF_int8.tflite,20,N/A,ERROR_ESP32_MALLOC_FAILED,ERROR_ESP32_MALLOC_FAILED,ERROR_ESP32_MALLOC_FAILED
lstm_8_20_OFF_hybrid.tflite,20,N/A,ERROR_ESP32_MALLOC_FAILED,ERROR_ESP32_MALLOC_FAILED,ERROR_ESP32_MALLOC_FAILED
lstm_8_20_OFF_float32.tflite,20,N/A,ERROR_ESP32_MALLOC_FAILED,ERROR_ESP32_MALLOC_FAILED,ERROR_ESP32_MALLOC_FAILED
lstm_8_15_OFF_int8.tflite,15,N/A,ERROR_ESP32_MALLOC_FAILED,ERROR_ESP32_MALLOC_FAILED,ERROR_ESP32_MALLOC_FAILED
lstm_8_15_OFF_hybrid.tflite,15,N/A,ERROR_ESP32_MALLOC_FAILED,ERROR_ESP32_MALLOC_FAILED,ERROR_ESP32_MALLOC_FAILED
lstm_8_15_OFF_float32.tflite,15,N/A,ERROR_ESP32_MALLOC_FAILED,ERROR_ESP32_MALLOC_FAILED,ERROR_ESP32_MALLOC_FAILED
lstm_8_10_OFF_int8.tflite,10,N/A,ERROR_ESP32_MALLOC_FAILED,ERROR_ESP32_MALLOC_FAILED,ERROR_ESP32_MALLOC_FAILED
lstm_8_10_OFF_hybrid.tflite,10,N/A,ERROR_ESP32_MALLOC_FAILED,ERROR_ESP32_MALLOC_FAILED,ERROR_ESP32_MALLOC_FAILED
lstm_8_10_OFF_float32.tflite,10,N/A,ERROR_ESP32_MALLOC_FAILED,ERROR_ESP32_MALLOC_FAILED,ERROR_ESP32_MALLOC_FAILED
lstm_7_5_OFF_int8.tflite,5,N/A,ERROR_ESP32_MALLOC_FAILED,ERROR_ESP32_MALLOC_FAILED,ERROR_ESP32_MALLOC_FAILED
lstm_7_5_OFF_hybrid.tflite,5,N/A,ERROR_TFLITE_INIT_FAILED,ERROR_TFLITE_INIT_FAILED,ERROR_TFLITE_INIT_FAILED
lstm_7_5_OFF_float32.tflite,5,N/A,ERROR_TFLITE_INIT_FAILED,ERROR_TFLITE_INIT_FAILED,ERROR_TFLITE_INIT_FAILED
lstm_7_20_OFF_int8.tflite,20,N/A,ERROR_ESP32_MALLOC_FAILED,ERROR_ESP32_MALLOC_FAILED,ERROR_ESP32_MALLOC_FAILED
lstm_7_20_OFF_hybrid.tflite,20,N/A,ERROR_ESP32_MALLOC_FAILED,ERROR_ESP32_MALLOC_FAILED,ERROR_ESP32_MALLOC_FAILED
lstm_7_20_OFF_float32.tflite,20,N/A,ERROR_ESP32_MALLOC_FAILED,ERROR_ESP32_MALLOC_FAILED,ERROR_ESP32_MALLOC_FAILED
lstm_7_15_OFF_int8.tflite,15,N/A,ERROR_ESP32_MALLOC_FAILED,ERROR_ESP32_MALLOC_FAILED,ERROR_ESP32_MALLOC_FAILED
lstm_7_15_OFF_hybrid.tflite,15,N/A,ERROR_ESP32_MALLOC_FAILED,ERROR_ESP32_MALLOC_FAILED,ERROR_ESP32_MALLOC_FAILED
lstm_7_15_OFF_float32.tflite,15,N/A,ERROR_ESP32_MALLOC_FAILED,ERROR_ESP32_MALLOC_FAILED,ERROR_ESP32_MALLOC_FAILED
lstm_7_10_OFF_int8.tflite,10,N/A,ERROR_ESP32_MALLOC_FAILED,ERROR_ESP32_MALLOC_FAILED,ERROR_ESP32_MALLOC_FAILED
lstm_7_10_OFF_hybrid.tflite,10,N/A,ERROR_ESP32_MALLOC_FAILED,ERROR_ESP32_MALLOC_FAILED,ERROR_ESP32_MALLOC_FAILED
lstm_7_10_OFF_float32.tflite,10,N/A,ERROR_ESP32_MALLOC_FAILED,ERROR_ESP32_MALLOC_FAILED,ERROR_ESP32_MALLOC_FAILED
lstm_6_5_OFF_int8.tflite,5,N/A,ERROR_ESP32_MALLOC_FAILED,ERROR_ESP32_MALLOC_FAILED,ERROR_ESP32_MALLOC_FAILED
lstm_6_5_OFF_hybrid.tflite,5,N/A,ERROR_TFLITE_INIT_FAILED,ERROR_TFLITE_INIT_FAILED,ERROR_TFLITE_INIT_FAILED
lstm_6_5_OFF_float32.tflite,5,N/A,ERROR_TFLITE_INIT_FAILED,ERROR_TFLITE_INIT_FAILED,ERROR_TFLITE_INIT_FAILED
lstm_6_20_OFF_int8.tflite,20,N/A,ERROR_ESP32_MALLOC_FAILED,ERROR_ESP32_MALLOC_FAILED,ERROR_ESP32_MALLOC_FAILED
lstm_6_20_OFF_hybrid.tflite,20,N/A,ERROR_ESP32_MALLOC_FAILED,ERROR_ESP32_MALLOC_FAILED,ERROR_ESP32_MALLOC_FAILED
lstm_6_20_OFF_float32.tflite,20,N/A,ERROR_ESP32_MALLOC_FAILED,ERROR_ESP32_MALLOC_FAILED,ERROR_ESP32_MALLOC_FAILED
lstm_6_15_OFF_int8.tflite,15,N/A,ERROR_ESP32_MALLOC_FAILED,ERROR_ESP32_MALLOC_FAILED,ERROR_ESP32_MALLOC_FAILED
lstm_6_15_OFF_hybrid.tflite,15,N/A,ERROR_ESP32_MALLOC_FAILED,ERROR_ESP32_MALLOC_FAILED,ERROR_ESP32_MALLOC_FAILED
lstm_6_15_OFF_float32.tflite,15,N/A,ERROR_ESP32_MALLOC_FAILED,ERROR_ESP32_MALLOC_FAILED,ERROR_ESP32_MALLOC_FAILED
lstm_6_10_OFF_int8.tflite,10,N/A,ERROR_ESP32_MALLOC_FAILED,ERROR_ESP32_MALLOC_FAILED,ERROR_ESP32_MALLOC_FAILED
lstm_6_10_OFF_hybrid.tflite,10,N/A,ERROR_ESP32_MALLOC_FAILED,ERROR_ESP32_MALLOC_FAILED,ERROR_ESP32_MALLOC_FAILED
lstm_6_10_OFF_float32.tflite,10,N/A,ERROR_ESP32_MALLOC_FAILED,ERROR_ESP32_MALLOC_FAILED,ERROR_ESP32_MALLOC_FAILED
lstm_5_5_OFF_int8.tflite,5,N/A,ERROR_TFLITE_INIT_FAILED,ERROR_TFLITE_INIT_FAILED,ERROR_TFLITE_INIT_FAILED
lstm_5_5_OFF_hybrid.tflite,5,N/A,ERROR_TFLITE_INIT_FAILED,ERROR_TFLITE_INIT_FAILED,ERROR_TFLITE_INIT_FAILED
lstm_5_5_OFF_float32.tflite,5,N/A,ERROR_TFLITE_INIT_FAILED,ERROR_TFLITE_INIT_FAILED,ERROR_TFLITE_INIT_FAILED
lstm_5_20_OFF_int8.tflite,20,N/A,ERROR_ESP32_MALLOC_FAILED,ERROR_ESP32_MALLOC_FAILED,ERROR_ESP32_MALLOC_FAILED
lstm_5_20_OFF_hybrid.tflite,20,N/A,ERROR_ESP32_MALLOC_FAILED,ERROR_ESP32_MALLOC_FAILED,ERROR_ESP32_MALLOC_FAILED
lstm_5_20_OFF_float32.tflite,20,N/A,ERROR_ESP32_MALLOC_FAILED,ERROR_ESP32_MALLOC_FAILED,ERROR_ESP32_MALLOC_FAILED
lstm_5_15_OFF_int8.tflite,15,N/A,ERROR_ESP32_MALLOC_FAILED,ERROR_ESP32_MALLOC_FAILED,ERROR_ESP32_MALLOC_FAILED
lstm_5_15_OFF_hybrid.tflite,15,N/A,ERROR_ESP32_MALLOC_FAILED,ERROR_ESP32_MALLOC_FAILED,ERROR_ESP32_MALLOC_FAILED
lstm_5_15_OFF_float32.tflite,15,N/A,ERROR_ESP32_MALLOC_FAILED,ERROR_ESP32_MALLOC_FAILED,ERROR_ESP32_MALLOC_FAILED
lstm_5_10_OFF_int8.tflite,10,N/A,ERROR_ESP32_MALLOC_FAILED,ERROR_ESP32_MALLOC_FAILED,ERROR_ESP32_MALLOC_FAILED
lstm_5_10_OFF_hybrid.tflite,10,N/A,ERROR_ESP32_MALLOC_FAILED,ERROR_ESP32_MALLOC_FAILED,ERROR_ESP32_MALLOC_FAILED
lstm_5_10_OFF_float32.tflite,10,N/A,ERROR_ESP32_MALLOC_FAILED,ERROR_ESP32_MALLOC_FAILED,ERROR_ESP32_MALLOC_FAILED
lstm_4_5_OFF_int8.tflite,5,N/A,ERROR_TFLITE_INIT_FAILED,ERROR_TFLITE_INIT_FAILED,ERROR_TFLITE_INIT_FAILED
lstm_4_5_OFF_hybrid.tflite,5,N/A,ERROR_TFLITE_INIT_FAILED,ERROR_TFLITE_INIT_FAILED,ERROR_TFLITE_INIT_FAILED
lstm_4_5_OFF_float32.tflite,5,N/A,ERROR_TFLITE_INIT_FAILED,ERROR_TFLITE_INIT_FAILED,ERROR_TFLITE_INIT_FAILED
lstm_4_20_OFF_int8.tflite,20,N/A,ERROR_ESP32_MALLOC_FAILED,ERROR_ESP32_MALLOC_FAILED,ERROR_ESP32_MALLOC_FAILED
lstm_4_20_OFF_hybrid.tflite,20,N/A,ERROR_ESP32_MALLOC_FAILED,ERROR_ESP32_MALLOC_FAILED,ERROR_ESP32_MALLOC_FAILED
lstm_4_20_OFF_float32.tflite,20,N/A,ERROR_ESP32_MALLOC_FAILED,ERROR_ESP32_MALLOC_FAILED,ERROR_ESP32_MALLOC_FAILED
lstm_4_15_OFF_int8.tflite,15,N/A,ERROR_ESP32_MALLOC_FAILED,ERROR_ESP32_MALLOC_FAILED,ERROR_ESP32_MALLOC_FAILED
lstm_4_15_OFF_hybrid.tflite,15,N/A,ERROR_ESP32_MALLOC_FAILED,ERROR_ESP32_MALLOC_FAILED,ERROR_ESP32_MALLOC_FAILED
lstm_4_15_OFF_float32.tflite,15,N/A,ERROR_ESP32_MALLOC_FAILED,ERROR_ESP32_MALLOC_FAILED,ERROR_ESP32_MALLOC_FAILED
lstm_4_10_OFF_int8.tflite,10,N/A,ERROR_ESP32_MALLOC_FAILED,ERROR_ESP32_MALLOC_FAILED,ERROR_ESP32_MALLOC_FAILED
lstm_4_10_OFF_hybrid.tflite,10,N/A,ERROR_TFLITE_INIT_FAILED,ERROR_TFLITE_INIT_FAILED,ERROR_TFLITE_INIT_FAILED
lstm_4_10_OFF_float32.tflite,10,N/A,ERROR_ESP32_MALLOC_FAILED,ERROR_ESP32_MALLOC_FAILED,ERROR_ESP32_MALLOC_FAILED
lstm_3_5_OFF_int8.tflite,5,N/A,ERROR_TFLITE_INIT_FAILED,ERROR_TFLITE_INIT_FAILED,ERROR_TFLITE_INIT_FAILED
lstm_3_5_OFF_hybrid.tflite,5,N/A,ERROR_TFLITE_INIT_FAILED,ERROR_TFLITE_INIT_FAILED,ERROR_TFLITE_INIT_FAILED
lstm_3_5_OFF_float32.tflite,5,N/A,ERROR_TFLITE_INIT_FAILED,ERROR_TFLITE_INIT_FAILED,ERROR_TFLITE_INIT_FAILED
lstm_3_20_OFF_int8.tflite,20,N/A,ERROR_ESP32_MALLOC_FAILED,ERROR_ESP32_MALLOC_FAILED,ERROR_ESP32_MALLOC_FAILED
lstm_3_20_OFF_hybrid.tflite,20,N/A,ERROR_ESP32_MALLOC_FAILED,ERROR_ESP32_MALLOC_FAILED,ERROR_ESP32_MALLOC_FAILED
lstm_3_20_OFF_float32.tflite,20,N/A,ERROR_ESP32_MALLOC_FAILED,ERROR_ESP32_MALLOC_FAILED,ERROR_ESP32_MALLOC_FAILED
lstm_3_15_OFF_int8.tflite,15,N/A,ERROR_ESP32_MALLOC_FAILED,ERROR_ESP32_MALLOC_FAILED,ERROR_ESP32_MALLOC_FAILED
lstm_3_15_OFF_hybrid.tflite,15,N/A,ERROR_ESP32_MALLOC_FAILED,ERROR_ESP32_MALLOC_FAILED,ERROR_ESP32_MALLOC_FAILED
lstm_3_15_OFF_float32.tflite,15,N/A,ERROR_ESP32_MALLOC_FAILED,ERROR_ESP32_MALLOC_FAILED,ERROR_ESP32_MALLOC_FAILED
lstm_3_10_OFF_int8.tflite,10,N/A,ERROR_ESP32_MALLOC_FAILED,ERROR_ESP32_MALLOC_FAILED,ERROR_ESP32_MALLOC_FAILED
lstm_3_10_OFF_hybrid.tflite,10,N/A,ERROR_TFLITE_INIT_FAILED,ERROR_TFLITE_INIT_FAILED,ERROR_TFLITE_INIT_FAILED
lstm_3_10_OFF_float32.tflite,10,N/A,ERROR_TFLITE_INIT_FAILED,ERROR_TFLITE_INIT_FAILED,ERROR_TFLITE_INIT_FAILED
lstm_2_5_OFF_int8.tflite,5,N/A,ERROR_TFLITE_INIT_FAILED,ERROR_TFLITE_INIT_FAILED,ERROR_TFLITE_INIT_FAILED
lstm_2_5_OFF_hybrid.tflite,5,N/A,ERROR_TFLITE_INIT_FAILED,ERROR_TFLITE_INIT_FAILED,ERROR_TFLITE_INIT_FAILED
lstm_2_5_OFF_float32.tflite,5,N/A,ERROR_TFLITE_INIT_FAILED,ERROR_TFLITE_INIT_FAILED,ERROR_TFLITE_INIT_FAILED
lstm_2_20_OFF_int8.tflite,20,N/A,ERROR_ESP32_MALLOC_FAILED,ERROR_ESP32_MALLOC_FAILED,ERROR_ESP32_MALLOC_FAILED
lstm_2_20_OFF_hybrid.tflite,20,N/A,ERROR_ESP32_MALLOC_FAILED,ERROR_ESP32_MALLOC_FAILED,ERROR_ESP32_MALLOC_FAILED
lstm_2_20_OFF_float32.tflite,20,N/A,ERROR_ESP32_MALLOC_FAILED,ERROR_ESP32_MALLOC_FAILED,ERROR_ESP32_MALLOC_FAILED
lstm_2_15_OFF_int8.tflite,15,N/A,ERROR_ESP32_MALLOC_FAILED,ERROR_ESP32_MALLOC_FAILED,ERROR_ESP32_MALLOC_FAILED
lstm_2_15_OFF_hybrid.tflite,15,N/A,ERROR_TFLITE_INIT_FAILED,ERROR_TFLITE_INIT_FAILED,ERROR_TFLITE_INIT_FAILED
lstm_2_15_OFF_float32.tflite,15,N/A,ERROR_TFLITE_INIT_FAILED,ERROR_TFLITE_INIT_FAILED,ERROR_TFLITE_INIT_FAILED
lstm_2_10_OFF_int8.tflite,10,N/A,ERROR_TFLITE_INIT_FAILED,ERROR_TFLITE_INIT_FAILED,ERROR_TFLITE_INIT_FAILED
lstm_2_10_OFF_hybrid.tflite,10,N/A,ERROR_TFLITE_INIT_FAILED,ERROR_TFLITE_INIT_FAILED,ERROR_TFLITE_INIT_FAILED
lstm_2_10_OFF_float32.tflite,10,N/A,ERROR_TFLITE_INIT_FAILED,ERROR_TFLITE_INIT_FAILED,ERROR_TFLITE_INIT_FAILED
lstm_1_5_OFF_int8.tflite,5,N/A,ERROR_TFLITE_INIT_FAILED,ERROR_TFLITE_INIT_FAILED,ERROR_TFLITE_INIT_FAILED
lstm_1_5_OFF_hybrid.tflite,5,N/A,ERROR_TFLITE_INIT_FAILED,ERROR_TFLITE_INIT_FAILED,ERROR_TFLITE_INIT_FAILED
lstm_1_5_OFF_float32.tflite,5,2,6.149,13856,2.030648348668621
lstm_1_5_OFF_float32.tflite,5,3,6.149,13856,2.030639285222335
lstm_1_5_OFF_float32.tflite,5,4,6.149,13856,2.0306246323651918
lstm_1_5_OFF_float32.tflite,5,1,6.159,13856,2.030704275819478
lstm_1_5_OFF_float32.tflite,5,0,6.628,13856,2.030663792353478
lstm_1_20_OFF_int8.tflite,20,N/A,ERROR_ESP32_MALLOC_FAILED,ERROR_ESP32_MALLOC_FAILED,ERROR_ESP32_MALLOC_FAILED
lstm_1_20_OFF_hybrid.tflite,20,N/A,ERROR_TFLITE_INIT_FAILED,ERROR_TFLITE_INIT_FAILED,ERROR_TFLITE_INIT_FAILED
lstm_1_20_OFF_float32.tflite,20,N/A,ERROR_TFLITE_INIT_FAILED,ERROR_TFLITE_INIT_FAILED,ERROR_TFLITE_INIT_FAILED
lstm_1_15_OFF_int8.tflite,15,N/A,ERROR_TFLITE_INIT_FAILED,ERROR_TFLITE_INIT_FAILED,ERROR_TFLITE_INIT_FAILED
lstm_1_15_OFF_hybrid.tflite,15,N/A,ERROR_TFLITE_INIT_FAILED,ERROR_TFLITE_INIT_FAILED,ERROR_TFLITE_INIT_FAILED
lstm_1_15_OFF_float32.tflite,15,N/A,ERROR_TFLITE_INIT_FAILED,ERROR_TFLITE_INIT_FAILED,ERROR_TFLITE_INIT_FAILED
lstm_1_10_OFF_int8.tflite,10,N/A,ERROR_TFLITE_INIT_FAILED,ERROR_TFLITE_INIT_FAILED,ERROR_TFLITE_INIT_FAILED
lstm_1_10_OFF_hybrid.tflite,10,N/A,ERROR_TFLITE_INIT_FAILED,ERROR_TFLITE_INIT_FAILED,ERROR_TFLITE_INIT_FAILED
lstm_1_10_OFF_float32.tflite,10,N/A,ERROR_TFLITE_INIT_FAILED,ERROR_TFLITE_INIT_FAILED,ERROR_TFLITE_INIT_FAILED
lstm_0_5_OFF_int8.tflite,5,3,5.758,11636,2.265608138745764
lstm_0_5_OFF_int8.tflite,5,4,5.766,11636,2.262263108745764
lstm_0_5_OFF_int8.tflite,5,1,5.767,11636,2.262710199954335
lstm_0_5_OFF_int8.tflite,5,2,5.767,11636,2.265608138745764
lstm_0_5_OFF_int8.tflite,5,0,6.318,11636,2.268509486772335
lstm_0_5_OFF_hybrid.tflite,5,N/A,ERROR_TFLITE_INIT_FAILED,ERROR_TFLITE_INIT_FAILED,ERROR_TFLITE_INIT_FAILED
lstm_0_5_OFF_float32.tflite,5,3,3.301,7664,2.2662571399940497
lstm_0_5_OFF_float32.tflite,5,4,3.302,7664,2.2659571362697633
lstm_0_5_OFF_float32.tflite,5,2,3.303,7664,2.2662512881137635
lstm_0_5_OFF_float32.tflite,5,1,3.324,7664,2.2662967241914775
lstm_0_5_OFF_float32.tflite,5,0,3.803,7664,2.266446402786906
lstm_0_20_OFF_int8.tflite,20,N/A,ERROR_TFLITE_INIT_FAILED,ERROR_TFLITE_INIT_FAILED,ERROR_TFLITE_INIT_FAILED
lstm_0_20_OFF_hybrid.tflite,20,N/A,ERROR_TFLITE_INIT_FAILED,ERROR_TFLITE_INIT_FAILED,ERROR_TFLITE_INIT_FAILED
lstm_0_20_OFF_float32.tflite,20,N/A,ERROR_TFLITE_INIT_FAILED,ERROR_TFLITE_INIT_FAILED,ERROR_TFLITE_INIT_FAILED
lstm_0_15_OFF_int8.tflite,15,N/A,ERROR_TFLITE_INIT_FAILED,ERROR_TFLITE_INIT_FAILED,ERROR_TFLITE_INIT_FAILED
lstm_0_15_OFF_hybrid.tflite,15,N/A,ERROR_TFLITE_INIT_FAILED,ERROR_TFLITE_INIT_FAILED,ERROR_TFLITE_INIT_FAILED
lstm_0_15_OFF_float32.tflite,15,N/A,ERROR_TFLITE_INIT_FAILED,ERROR_TFLITE_INIT_FAILED,ERROR_TFLITE_INIT_FAILED
lstm_0_10_OFF_int8.tflite,10,3,10.881,23732,2.1162684918960495
lstm_0_10_OFF_int8.tflite,10,4,10.881,23732,2.1120087225789064
lstm_0_10_OFF_int8.tflite,10,1,10.887,23732,2.113366238813192
lstm_0_10_OFF_int8.tflite,10,2,10.893,23732,2.1164839390389063
lstm_0_10_OFF_int8.tflite,10,0,11.463,23732,2.1039932440131923
lstm_0_10_OFF_hybrid.tflite,10,N/A,ERROR_TFLITE_INIT_FAILED,ERROR_TFLITE_INIT_FAILED,ERROR_TFLITE_INIT_FAILED
lstm_0_10_OFF_float32.tflite,10,3,6.242,15632,2.122999536400335
lstm_0_10_OFF_float32.tflite,10,4,6.244,15632,2.121894402684335
lstm_0_10_OFF_float32.tflite,10,2,6.247,15632,2.122549207597763
lstm_0_10_OFF_float32.tflite,10,1,6.253,15632,2.122991878746906
lstm_0_10_OFF_float32.tflite,10,0,6.763,15632,2.1216982780366207
dense_9_5_OFF_int8.tflite,5,N/A,ERROR_TFLITE_INIT_FAILED,ERROR_TFLITE_INIT_FAILED,ERROR_TFLITE_INIT_FAILED
dense_9_5_OFF_hybrid.tflite,5,N/A,ERROR_TFLITE_INIT_FAILED,ERROR_TFLITE_INIT_FAILED,ERROR_TFLITE_INIT_FAILED
dense_9_5_OFF_float32.tflite,5,N/A,ERROR_TFLITE_INIT_FAILED,ERROR_TFLITE_INIT_FAILED,ERROR_TFLITE_INIT_FAILED
dense_9_20_OFF_int8.tflite,20,N/A,ERROR_TFLITE_INIT_FAILED,ERROR_TFLITE_INIT_FAILED,ERROR_TFLITE_INIT_FAILED
dense_9_20_OFF_hybrid.tflite,20,N/A,ERROR_TFLITE_INIT_FAILED,ERROR_TFLITE_INIT_FAILED,ERROR_TFLITE_INIT_FAILED
dense_9_20_OFF_float32.tflite,20,N/A,ERROR_TFLITE_INIT_FAILED,ERROR_TFLITE_INIT_FAILED,ERROR_TFLITE_INIT_FAILED
dense_9_15_OFF_int8.tflite,15,N/A,ERROR_TFLITE_INIT_FAILED,ERROR_TFLITE_INIT_FAILED,ERROR_TFLITE_INIT_FAILED
dense_9_15_OFF_hybrid.tflite,15,N/A,ERROR_TFLITE_INIT_FAILED,ERROR_TFLITE_INIT_FAILED,ERROR_TFLITE_INIT_FAILED
dense_9_15_OFF_float32.tflite,15,N/A,ERROR_TFLITE_INIT_FAILED,ERROR_TFLITE_INIT_FAILED,ERROR_TFLITE_INIT_FAILED
dense_9_10_OFF_int8.tflite,10,N/A,ERROR_TFLITE_INIT_FAILED,ERROR_TFLITE_INIT_FAILED,ERROR_TFLITE_INIT_FAILED
dense_9_10_OFF_hybrid.tflite,10,N/A,ERROR_TFLITE_INIT_FAILED,ERROR_TFLITE_INIT_FAILED,ERROR_TFLITE_INIT_FAILED
dense_9_10_OFF_float32.tflite,10,N/A,ERROR_TFLITE_INIT_FAILED,ERROR_TFLITE_INIT_FAILED,ERROR_TFLITE_INIT_FAILED
dense_8_5_OFF_int8.tflite,5,N/A,ERROR_TFLITE_INIT_FAILED,ERROR_TFLITE_INIT_FAILED,ERROR_TFLITE_INIT_FAILED
dense_8_5_OFF_hybrid.tflite,5,N/A,ERROR_TFLITE_INIT_FAILED,ERROR_TFLITE_INIT_FAILED,ERROR_TFLITE_INIT_FAILED
dense_8_5_OFF_float32.tflite,5,N/A,ERROR_TFLITE_INIT_FAILED,ERROR_TFLITE_INIT_FAILED,ERROR_TFLITE_INIT_FAILED
dense_8_20_OFF_int8.tflite,20,N/A,ERROR_TFLITE_INIT_FAILED,ERROR_TFLITE_INIT_FAILED,ERROR_TFLITE_INIT_FAILED
dense_8_20_OFF_hybrid.tflite,20,N/A,ERROR_TFLITE_INIT_FAILED,ERROR_TFLITE_INIT_FAILED,ERROR_TFLITE_INIT_FAILED
dense_8_20_OFF_float32.tflite,20,N/A,ERROR_TFLITE_INIT_FAILED,ERROR_TFLITE_INIT_FAILED,ERROR_TFLITE_INIT_FAILED
dense_8_15_OFF_int8.tflite,15,N/A,ERROR_TFLITE_INIT_FAILED,ERROR_TFLITE_INIT_FAILED,ERROR_TFLITE_INIT_FAILED
dense_8_15_OFF_hybrid.tflite,15,N/A,ERROR_TFLITE_INIT_FAILED,ERROR_TFLITE_INIT_FAILED,ERROR_TFLITE_INIT_FAILED
dense_8_15_OFF_float32.tflite,15,N/A,ERROR_TFLITE_INIT_FAILED,ERROR_TFLITE_INIT_FAILED,ERROR_TFLITE_INIT_FAILED
dense_8_10_OFF_int8.tflite,10,N/A,ERROR_TFLITE_INIT_FAILED,ERROR_TFLITE_INIT_FAILED,ERROR_TFLITE_INIT_FAILED
dense_8_10_OFF_hybrid.tflite,10,N/A,ERROR_TFLITE_INIT_FAILED,ERROR_TFLITE_INIT_FAILED,ERROR_TFLITE_INIT_FAILED
dense_8_10_OFF_float32.tflite,10,N/A,ERROR_TFLITE_INIT_FAILED,ERROR_TFLITE_INIT_FAILED,ERROR_TFLITE_INIT_FAILED
dense_7_5_OFF_int8.tflite,5,4,2.715,5716,2.0392094589706207
dense_7_5_OFF_int8.tflite,5,3,2.72,5716,2.038597883256335
dense_7_5_OFF_int8.tflite,5,2,2.724,5716,2.0392300016077636
dense_7_5_OFF_int8.tflite,5,1,2.732,5716,2.038597883256335
dense_7_5_OFF_int8.tflite,5,0,3.093,5716,2.038597883256335
dense_7_5_OFF_hybrid.tflite,5,N/A,ERROR_TFLITE_INIT_FAILED,ERROR_TFLITE_INIT_FAILED,ERROR_TFLITE_INIT_FAILED
dense_7_5_OFF_float32.tflite,5,N/A,ERROR_TFLITE_INIT_FAILED,ERROR_TFLITE_INIT_FAILED,ERROR_TFLITE_INIT_FAILED
dense_7_20_OFF_int8.tflite,20,2,2.903,5876,2.031729426113478
dense_7_20_OFF_int8.tflite,20,4,2.903,5876,2.031109158970621
dense_7_20_OFF_int8.tflite,20,3,2.907,5876,2.031109158970621
dense_7_20_OFF_int8.tflite,20,1,2.927,5876,2.031729426113478
dense_7_20_OFF_int8.tflite,20,0,3.328,5876,2.031729426113478
dense_7_20_OFF_hybrid.tflite,20,N/A,ERROR_TFLITE_INIT_FAILED,ERROR_TFLITE_INIT_FAILED,ERROR_TFLITE_INIT_FAILED
dense_7_20_OFF_float32.tflite,20,N/A,ERROR_TFLITE_INIT_FAILED,ERROR_TFLITE_INIT_FAILED,ERROR_TFLITE_INIT_FAILED
dense_7_15_OFF_int8.tflite,15,2,2.84,5780,2.039114617322049
dense_7_15_OFF_int8.tflite,15,4,2.84,5780,2.039114617322049
dense_7_15_OFF_int8.tflite,15,3,2.843,5780,2.039114617322049
dense_7_15_OFF_int8.tflite,15,1,2.864,5780,2.039114617322049
dense_7_15_OFF_int8.tflite,15,0,3.269,5780,2.039114617322049
dense_7_15_OFF_hybrid.tflite,15,N/A,ERROR_TFLITE_INIT_FAILED,ERROR_TFLITE_INIT_FAILED,ERROR_TFLITE_INIT_FAILED
dense_7_15_OFF_float32.tflite,15,N/A,ERROR_TFLITE_INIT_FAILED,ERROR_TFLITE_INIT_FAILED,ERROR_TFLITE_INIT_FAILED
dense_7_10_OFF_int8.tflite,10,3,2.783,5716,2.033927730867764
dense_7_10_OFF_int8.tflite,10,2,2.784,5716,2.033927730867764
dense_7_10_OFF_int8.tflite,10,4,2.791,5716,2.033067571382049
dense_7_10_OFF_int8.tflite,10,1,2.795,5716,2.033927730867764
dense_7_10_OFF_int8.tflite,10,0,3.186,5716,2.033927730867764
dense_7_10_OFF_hybrid.tflite,10,N/A,ERROR_TFLITE_INIT_FAILED,ERROR_TFLITE_INIT_FAILED,ERROR_TFLITE_INIT_FAILED
dense_7_10_OFF_float32.tflite,10,N/A,ERROR_TFLITE_INIT_FAILED,ERROR_TFLITE_INIT_FAILED,ERROR_TFLITE_INIT_FAILED
dense_6_5_OFF_int8.tflite,5,2,2.413,5172,2.0366552533203346
dense_6_5_OFF_int8.tflite,5,3,2.413,5172,2.037261576403192
dense_6_5_OFF_int8.tflite,5,4,2.414,5172,2.035376637952621
dense_6_5_OFF_int8.tflite,5,1,2.429,5172,2.0366552533203346
dense_6_5_OFF_int8.tflite,5,0,2.786,5172,2.0366552533203346
dense_6_5_OFF_hybrid.tflite,5,N/A,ERROR_TFLITE_INIT_FAILED,ERROR_TFLITE_INIT_FAILED,ERROR_TFLITE_INIT_FAILED
dense_6_5_OFF_float32.tflite,5,N/A,ERROR_TFLITE_INIT_FAILED,ERROR_TFLITE_INIT_FAILED,ERROR_TFLITE_INIT_FAILED
dense_6_20_OFF_int8.tflite,20,2,2.605,5332,2.0344183929097635
dense_6_20_OFF_int8.tflite,20,4,2.605,5332,2.034443560278335
dense_6_20_OFF_int8.tflite,20,1,2.613,5332,2.0344183929097635
dense_6_20_OFF_int8.tflite,20,3,2.613,5332,2.034443560278335
dense_6_20_OFF_int8.tflite,20,0,2.97,5332,2.0344183929097635
dense_6_20_OFF_hybrid.tflite,20,N/A,ERROR_TFLITE_INIT_FAILED,ERROR_TFLITE_INIT_FAILED,ERROR_TFLITE_INIT_FAILED
dense_6_20_OFF_float32.tflite,20,N/A,ERROR_TFLITE_INIT_FAILED,ERROR_TFLITE_INIT_FAILED,ERROR_TFLITE_INIT_FAILED
dense_6_15_OFF_int8.tflite,15,4,2.54,5236,2.0228215554926208
dense_6_15_OFF_int8.tflite,15,2,2.541,5236,2.0228215554926208
dense_6_15_OFF_int8.tflite,15,3,2.541,5236,2.0228215554926208
dense_6_15_OFF_int8.tflite,15,1,2.557,5236,2.0228215554926208
dense_6_15_OFF_int8.tflite,15,0,2.927,5236,2.0228215554926208
dense_6_15_OFF_hybrid.tflite,15,N/A,ERROR_TFLITE_INIT_FAILED,ERROR_TFLITE_INIT_FAILED,ERROR_TFLITE_INIT_FAILED
dense_6_15_OFF_float32.tflite,15,N/A,ERROR_TFLITE_INIT_FAILED,ERROR_TFLITE_INIT_FAILED,ERROR_TFLITE_INIT_FAILED
dense_6_10_OFF_int8.tflite,10,4,2.469,5172,2.0329867399374777
dense_6_10_OFF_int8.tflite,10,3,2.473,5172,2.0329867399374777
dense_6_10_OFF_int8.tflite,10,2,2.477,5172,2.0329867399374777
dense_6_10_OFF_int8.tflite,10,1,2.49,5172,2.0329867399374777
dense_6_10_OFF_int8.tflite,10,0,2.89,5172,2.0329867399374777
dense_6_10_OFF_hybrid.tflite,10,N/A,ERROR_TFLITE_INIT_FAILED,ERROR_TFLITE_INIT_FAILED,ERROR_TFLITE_INIT_FAILED
dense_6_10_OFF_float32.tflite,10,N/A,ERROR_TFLITE_INIT_FAILED,ERROR_TFLITE_INIT_FAILED,ERROR_TFLITE_INIT_FAILED
dense_5_5_OFF_int8.tflite,5,2,2.09,4564,2.035792403436335
dense_5_5_OFF_int8.tflite,5,3,2.091,4564,2.0375068568077634
dense_5_5_OFF_int8.tflite,5,4,2.091,4564,2.035792403436335
dense_5_5_OFF_int8.tflite,5,1,2.112,4564,2.0383757077220492
dense_5_5_OFF_int8.tflite,5,0,2.452,4564,2.0383757077220492
dense_5_5_OFF_hybrid.tflite,5,N/A,ERROR_TFLITE_INIT_FAILED,ERROR_TFLITE_INIT_FAILED,ERROR_TFLITE_INIT_FAILED
dense_5_5_OFF_float32.tflite,5,N/A,ERROR_TFLITE_INIT_FAILED,ERROR_TFLITE_INIT_FAILED,ERROR_TFLITE_INIT_FAILED
dense_5_20_OFF_int8.tflite,20,3,2.282,4724,2.034196160179192
dense_5_20_OFF_int8.tflite,20,4,2.282,4724,2.034196160179192
dense_5_20_OFF_int8.tflite,20,2,2.29,4724,2.034196160179192
dense_5_20_OFF_int8.tflite,20,1,2.294,4724,2.034196160179192
dense_5_20_OFF_int8.tflite,20,0,2.639,4724,2.034196160179192
dense_5_20_OFF_hybrid.tflite,20,N/A,ERROR_TFLITE_INIT_FAILED,ERROR_TFLITE_INIT_FAILED,ERROR_TFLITE_INIT_FAILED
dense_5_20_OFF_float32.tflite,20,N/A,ERROR_TFLITE_INIT_FAILED,ERROR_TFLITE_INIT_FAILED,ERROR_TFLITE_INIT_FAILED
dense_5_15_OFF_int8.tflite,15,4,2.21,4628,2.0248419211534783
dense_5_15_OFF_int8.tflite,15,2,2.214,4628,2.0248419211534783
dense_5_15_OFF_int8.tflite,15,3,2.214,4628,2.0248419211534783
dense_5_15_OFF_int8.tflite,15,1,2.227,4628,2.0248419211534783
dense_5_15_OFF_int8.tflite,15,0,2.635,4628,2.0248419211534783
dense_5_15_OFF_hybrid.tflite,15,N/A,ERROR_TFLITE_INIT_FAILED,ERROR_TFLITE_INIT_FAILED,ERROR_TFLITE_INIT_FAILED
dense_5_15_OFF_float32.tflite,15,N/A,ERROR_TFLITE_INIT_FAILED,ERROR_TFLITE_INIT_FAILED,ERROR_TFLITE_INIT_FAILED
dense_5_10_OFF_int8.tflite,10,4,2.15,4564,2.0268587965649063
dense_5_10_OFF_int8.tflite,10,3,2.154,4564,2.026256819196335
dense_5_10_OFF_int8.tflite,10,2,2.159,4564,2.026256819196335
dense_5_10_OFF_int8.tflite,10,1,2.17,4564,2.0262646037077636
dense_5_10_OFF_int8.tflite,10,0,2.516,4564,2.0268587965649063
dense_5_10_OFF_hybrid.tflite,10,N/A,ERROR_TFLITE_INIT_FAILED,ERROR_TFLITE_INIT_FAILED,ERROR_TFLITE_INIT_FAILED
dense_5_10_OFF_float32.tflite,10,N/A,ERROR_TFLITE_INIT_FAILED,ERROR_TFLITE_INIT_FAILED,ERROR_TFLITE_INIT_FAILED
dense_4_5_OFF_int8.tflite,5,2,1.778,4020,2.032799363119192
dense_4_5_OFF_int8.tflite,5,4,1.779,4020,2.032799363119192
dense_4_5_OFF_int8.tflite,5,3,1.782,4020,2.0369383559763348
dense_4_5_OFF_int8.tflite,5,1,1.798,4020,2.032799363119192
dense_4_5_OFF_int8.tflite,5,0,2.183,4020,2.032799363119192
dense_4_5_OFF_hybrid.tflite,5,N/A,ERROR_TFLITE_INIT_FAILED,ERROR_TFLITE_INIT_FAILED,ERROR_TFLITE_INIT_FAILED
dense_4_5_OFF_float32.tflite,5,N/A,ERROR_TFLITE_INIT_FAILED,ERROR_TFLITE_INIT_FAILED,ERROR_TFLITE_INIT_FAILED
dense_4_20_OFF_int8.tflite,20,2,1.966,4196,2.026696981141192
dense_4_20_OFF_int8.tflite,20,4,1.966,4196,2.0272911739983352
dense_4_20_OFF_int8.tflite,20,3,1.97,4196,2.0272911739983352
dense_4_20_OFF_int8.tflite,20,1,1.982,4196,2.026696981141192
dense_4_20_OFF_int8.tflite,20,0,2.386,4196,2.026696981141192
dense_4_20_OFF_hybrid.tflite,20,N/A,ERROR_TFLITE_INIT_FAILED,ERROR_TFLITE_INIT_FAILED,ERROR_TFLITE_INIT_FAILED
dense_4_20_OFF_float32.tflite,20,N/A,ERROR_TFLITE_INIT_FAILED,ERROR_TFLITE_INIT_FAILED,ERROR_TFLITE_INIT_FAILED
dense_4_15_OFF_int8.tflite,15,2,1.91,4100,2.0343289273220493
dense_4_15_OFF_int8.tflite,15,3,1.91,4100,2.0343289273220493
dense_4_15_OFF_int8.tflite,15,4,1.91,4100,2.0343289273220493
dense_4_15_OFF_int8.tflite,15,1,1.927,4100,2.0343289273220493
dense_4_15_OFF_int8.tflite,15,0,2.291,4100,2.0343289273220493
dense_4_15_OFF_hybrid.tflite,15,N/A,ERROR_TFLITE_INIT_FAILED,ERROR_TFLITE_INIT_FAILED,ERROR_TFLITE_INIT_FAILED
dense_4_15_OFF_float32.tflite,15,N/A,ERROR_TFLITE_INIT_FAILED,ERROR_TFLITE_INIT_FAILED,ERROR_TFLITE_INIT_FAILED
dense_4_10_OFF_int8.tflite,10,2,1.846,4020,2.030409150979192
dense_4_10_OFF_int8.tflite,10,3,1.846,4020,2.030409150979192
dense_4_10_OFF_int8.tflite,10,4,1.846,4020,2.028716426179192
dense_4_10_OFF_int8.tflite,10,1,1.854,4020,2.030409150979192
dense_4_10_OFF_int8.tflite,10,0,2.219,4020,2.030409150979192
dense_4_10_OFF_hybrid.tflite,10,N/A,ERROR_TFLITE_INIT_FAILED,ERROR_TFLITE_INIT_FAILED,ERROR_TFLITE_INIT_FAILED
dense_4_10_OFF_float32.tflite,10,N/A,ERROR_TFLITE_INIT_FAILED,ERROR_TFLITE_INIT_FAILED,ERROR_TFLITE_INIT_FAILED
dense_3_5_OFF_int8.tflite,5,2,1.462,3428,2.0292280819211923
dense_3_5_OFF_int8.tflite,5,3,1.462,3428,2.026822833322335
dense_3_5_OFF_int8.tflite,5,4,1.463,3428,2.0245889811377635
dense_3_5_OFF_int8.tflite,5,1,1.478,3428,2.0268436549766204
dense_3_5_OFF_int8.tflite,5,0,1.88,3428,2.0268436549766204
dense_3_5_OFF_hybrid.tflite,5,N/A,ERROR_TFLITE_INIT_FAILED,ERROR_TFLITE_INIT_FAILED,ERROR_TFLITE_INIT_FAILED
dense_3_5_OFF_float32.tflite,5,N/A,ERROR_TFLITE_INIT_FAILED,ERROR_TFLITE_INIT_FAILED,ERROR_TFLITE_INIT_FAILED
dense_3_20_OFF_int8.tflite,20,2,1.654,3620,2.040868881481192
dense_3_20_OFF_int8.tflite,20,4,1.654,3620,2.0394901598326203
dense_3_20_OFF_int8.tflite,20,1,1.666,3620,2.040868881481192
dense_3_20_OFF_int8.tflite,20,3,1.667,3620,2.0394901598326203
dense_3_20_OFF_int8.tflite,20,0,2.051,3620,2.040868881481192
dense_3_20_OFF_hybrid.tflite,20,N/A,ERROR_TFLITE_INIT_FAILED,ERROR_TFLITE_INIT_FAILED,ERROR_TFLITE_INIT_FAILED
dense_3_20_OFF_float32.tflite,20,N/A,ERROR_TFLITE_INIT_FAILED,ERROR_TFLITE_INIT_FAILED,ERROR_TFLITE_INIT_FAILED
dense_3_15_OFF_int8.tflite,15,3,1.594,3524,2.0376521173220494
dense_3_15_OFF_int8.tflite,15,4,1.594,3524,2.0376521173220494
dense_3_15_OFF_int8.tflite,15,2,1.595,3524,2.0376521173220494
dense_3_15_OFF_int8.tflite,15,1,1.602,3524,2.0376521173220494
dense_3_15_OFF_int8.tflite,15,0,2.003,3524,2.0376521173220494
dense_3_15_OFF_hybrid.tflite,15,N/A,ERROR_TFLITE_INIT_FAILED,ERROR_TFLITE_INIT_FAILED,ERROR_TFLITE_INIT_FAILED
dense_3_15_OFF_float32.tflite,15,N/A,ERROR_TFLITE_INIT_FAILED,ERROR_TFLITE_INIT_FAILED,ERROR_TFLITE_INIT_FAILED
dense_3_10_OFF_int8.tflite,10,2,1.522,3428,2.037365174192621
dense_3_10_OFF_int8.tflite,10,4,1.522,3428,2.0356903624840497
dense_3_10_OFF_int8.tflite,10,3,1.526,3428,2.037365174192621
dense_3_10_OFF_int8.tflite,10,1,1.538,3428,2.037365174192621
dense_3_10_OFF_int8.tflite,10,0,1.943,3428,2.037365174192621
dense_3_10_OFF_hybrid.tflite,10,N/A,ERROR_TFLITE_INIT_FAILED,ERROR_TFLITE_INIT_FAILED,ERROR_TFLITE_INIT_FAILED
dense_3_10_OFF_float32.tflite,10,N/A,ERROR_TFLITE_INIT_FAILED,ERROR_TFLITE_INIT_FAILED,ERROR_TFLITE_INIT_FAILED
dense_2_5_OFF_int8.tflite,5,2,1.123,2900,2.023780586179192
dense_2_5_OFF_int8.tflite,5,4,1.123,2900,2.0204038280077636
dense_2_5_OFF_int8.tflite,5,3,1.135,2900,2.0170192152077635
dense_2_5_OFF_int8.tflite,5,1,1.147,2900,2.023780586179192
dense_2_5_OFF_int8.tflite,5,0,1.555,2900,2.023780586179192
dense_2_5_OFF_hybrid.tflite,5,N/A,ERROR_TFLITE_INIT_FAILED,ERROR_TFLITE_INIT_FAILED,ERROR_TFLITE_INIT_FAILED
dense_2_5_OFF_float32.tflite,5,2,0.529,1792,2.0226186723506205
dense_2_5_OFF_float32.tflite,5,3,0.529,1792,2.022965417950621
dense_2_5_OFF_float32.tflite,5,4,0.529,1792,2.0226186723506205
dense_2_5_OFF_float32.tflite,5,1,0.541,1792,2.022229020693478
dense_2_5_OFF_float32.tflite,5,0,0.7,1792,2.021781261550621
dense_2_20_OFF_int8.tflite,20,2,1.314,3108,2.108728772321192
dense_2_20_OFF_int8.tflite,20,4,1.315,3108,2.118634854664049
dense_2_20_OFF_int8.tflite,20,3,1.319,3108,2.118634854664049
dense_2_20_OFF_int8.tflite,20,1,1.33,3108,2.108728772321192
dense_2_20_OFF_int8.tflite,20,0,1.747,3108,2.108728772321192
dense_2_20_OFF_hybrid.tflite,20,N/A,ERROR_TFLITE_INIT_FAILED,ERROR_TFLITE_INIT_FAILED,ERROR_TFLITE_INIT_FAILED
dense_2_20_OFF_float32.tflite,20,2,0.679,2528,2.074203989354335
dense_2_20_OFF_float32.tflite,20,4,0.679,2528,2.0742705013694778
dense_2_20_OFF_float32.tflite,20,3,0.683,2528,2.074168024375192
dense_2_20_OFF_float32.tflite,20,1,0.696,2528,2.0741042671086207
dense_2_20_OFF_float32.tflite,20,0,0.875,2528,2.073858472017192
dense_2_15_OFF_int8.tflite,15,2,1.25,3012,2.0373595011243344
dense_2_15_OFF_int8.tflite,15,4,1.25,3012,2.0373595011243344
dense_2_15_OFF_int8.tflite,15,3,1.254,3012,2.0373595011243344
dense_2_15_OFF_int8.tflite,15,1,1.267,3012,2.0373595011243344
dense_2_15_OFF_int8.tflite,15,0,1.676,3012,2.0373595011243344
dense_2_15_OFF_hybrid.tflite,15,N/A,ERROR_TFLITE_INIT_FAILED,ERROR_TFLITE_INIT_FAILED,ERROR_TFLITE_INIT_FAILED
dense_2_15_OFF_float32.tflite,15,2,0.636,2176,2.036205458577478
dense_2_15_OFF_float32.tflite,15,3,0.636,2176,2.036190128577478
dense_2_15_OFF_float32.tflite,15,4,0.636,2176,2.036272969557192
dense_2_15_OFF_float32.tflite,15,1,0.643,2176,2.036141365393764
dense_2_15_OFF_float32.tflite,15,0,0.833,2176,2.036092619352906
dense_2_10_OFF_int8.tflite,10,2,1.187,2916,2.0311365672011923
dense_2_10_OFF_int8.tflite,10,4,1.187,2916,2.0311365672011923
dense_2_10_OFF_int8.tflite,10,3,1.191,2916,2.0311365672011923
dense_2_10_OFF_int8.tflite,10,1,1.203,2916,2.0311365672011923
dense_2_10_OFF_int8.tflite,10,0,1.616,2916,2.0317568343440495
dense_2_10_OFF_hybrid.tflite,10,N/A,ERROR_TFLITE_INIT_FAILED,ERROR_TFLITE_INIT_FAILED,ERROR_TFLITE_INIT_FAILED
dense_2_10_OFF_float32.tflite,10,2,0.576,1824,2.031255936277478
dense_2_10_OFF_float32.tflite,10,4,0.577,1824,2.0313054995029067
dense_2_10_OFF_float32.tflite,10,3,0.58,1824,2.0313026384411925
dense_2_10_OFF_float32.tflite,10,1,0.588,1824,2.0313029227671926
dense_2_10_OFF_float32.tflite,10,0,0.763,1824,2.0313355216349067
dense_1_5_OFF_int8.tflite,5,4,0.781,2356,2.0311160245640494
dense_1_5_OFF_int8.tflite,5,3,0.785,2356,2.0311160245640494
dense_1_5_OFF_int8.tflite,5,2,0.789,2356,2.0311160245640494
dense_1_5_OFF_int8.tflite,5,1,0.796,2356,2.0311160245640494
dense_1_5_OFF_int8.tflite,5,0,1.202,2356,2.0311160245640494
dense_1_5_OFF_hybrid.tflite,5,N/A,ERROR_TFLITE_INIT_FAILED,ERROR_TFLITE_INIT_FAILED,ERROR_TFLITE_INIT_FAILED
dense_1_5_OFF_float32.tflite,5,2,0.37,1536,2.031702032235764
dense_1_5_OFF_float32.tflite,5,4,0.371,1536,2.031767598358621
dense_1_5_OFF_float32.tflite,5,3,0.374,1536,2.0317657800720497
dense_1_5_OFF_float32.tflite,5,1,0.378,1536,2.0317532534337635
dense_1_5_OFF_float32.tflite,5,0,0.549,1536,2.0316896113117635
dense_1_20_OFF_int8.tflite,20,2,0.972,2596,2.033084591093478
dense_1_20_OFF_int8.tflite,20,3,0.976,2596,2.033084591093478
dense_1_20_OFF_int8.tflite,20,4,0.978,2596,2.033084591093478
dense_1_20_OFF_int8.tflite,20,1,0.988,2596,2.033084591093478
dense_1_20_OFF_int8.tflite,20,0,1.397,2596,2.033084591093478
dense_1_20_OFF_hybrid.tflite,20,N/A,ERROR_TFLITE_INIT_FAILED,ERROR_TFLITE_INIT_FAILED,ERROR_TFLITE_INIT_FAILED
dense_1_20_OFF_float32.tflite,20,3,0.532,2400,2.0330063973163357
dense_1_20_OFF_float32.tflite,20,2,0.533,2400,2.0330063973163357
dense_1_20_OFF_float32.tflite,20,4,0.533,2400,2.0330063973163357
dense_1_20_OFF_float32.tflite,20,1,0.545,2400,2.0329904616020498
dense_1_20_OFF_float32.tflite,20,0,0.814,2400,2.0330690973163352
dense_1_15_OFF_int8.tflite,15,2,0.908,2500,2.0242295811617637
dense_1_15_OFF_int8.tflite,15,4,0.909,2500,2.0242295811617637
dense_1_15_OFF_int8.tflite,15,3,0.912,2500,2.0242295811617637
dense_1_15_OFF_int8.tflite,15,1,0.925,2500,2.0242295811617637
dense_1_15_OFF_int8.tflite,15,0,1.341,2500,2.0242295811617637
dense_1_15_OFF_hybrid.tflite,15,N/A,ERROR_TFLITE_INIT_FAILED,ERROR_TFLITE_INIT_FAILED,ERROR_TFLITE_INIT_FAILED
dense_1_15_OFF_float32.tflite,15,2,0.473,2048,2.0226150719717633
dense_1_15_OFF_float32.tflite,15,4,0.473,2048,2.0224136462086206
dense_1_15_OFF_float32.tflite,15,3,0.477,2048,2.0225570787717637
dense_1_15_OFF_float32.tflite,15,1,0.481,2048,2.022714624861478
dense_1_15_OFF_float32.tflite,15,0,0.695,2048,2.022788825827192
dense_1_10_OFF_int8.tflite,10,4,0.844,2404,2.0239053841806203
dense_1_10_OFF_int8.tflite,10,2,0.845,2404,2.0214553515186204
dense_1_10_OFF_int8.tflite,10,3,0.848,2404,2.0214553515186204
dense_1_10_OFF_int8.tflite,10,1,0.86,2404,2.0265678422423345
dense_1_10_OFF_int8.tflite,10,0,1.265,2404,2.027135849385192
dense_1_10_OFF_hybrid.tflite,10,N/A,ERROR_TFLITE_INIT_FAILED,ERROR_TFLITE_INIT_FAILED,ERROR_TFLITE_INIT_FAILED
dense_1_10_OFF_float32.tflite,10,2,0.421,1696,2.024080309523192
dense_1_10_OFF_float32.tflite,10,4,0.421,1696,2.023688430565192
dense_1_10_OFF_float32.tflite,10,3,0.429,1696,2.0238916191571925
dense_1_10_OFF_float32.tflite,10,1,0.434,1696,2.024270381644335
dense_1_10_OFF_float32.tflite,10,0,0.723,1696,2.024405427346335
dense_0_5_OFF_int8.tflite,5,2,0.676,2084,2.0317568343440495
dense_0_5_OFF_int8.tflite,5,4,0.676,2084,2.031749968750621
dense_0_5_OFF_int8.tflite,5,3,0.68,2084,2.031749968750621
dense_0_5_OFF_int8.tflite,5,1,0.692,2084,2.0317568343440495
dense_0_5_OFF_int8.tflite,5,0,1.105,2084,2.0317568343440495
dense_0_5_OFF_hybrid.tflite,5,N/A,ERROR_TFLITE_INIT_FAILED,ERROR_TFLITE_INIT_FAILED,ERROR_TFLITE_INIT_FAILED
dense_0_5_OFF_float32.tflite,5,2,0.328,1376,2.031918745279478
dense_0_5_OFF_float32.tflite,5,3,0.328,1376,2.031934686708049
dense_0_5_OFF_float32.tflite,5,4,0.328,1376,2.031918745279478
dense_0_5_OFF_float32.tflite,5,1,0.332,1376,2.031918972748907
dense_0_5_OFF_float32.tflite,5,0,0.562,1376,2.031918972748907
dense_0_20_OFF_int8.tflite,20,4,0.872,2324,2.031749968750621
dense_0_20_OFF_int8.tflite,20,3,0.875,2324,2.031749968750621
dense_0_20_OFF_int8.tflite,20,2,0.88,2324,2.031749968750621
dense_0_20_OFF_int8.tflite,20,1,0.883,2324,2.031749968750621
dense_0_20_OFF_int8.tflite,20,0,1.237,2324,2.031749968750621
dense_0_20_OFF_hybrid.tflite,20,N/A,ERROR_TFLITE_INIT_FAILED,ERROR_TFLITE_INIT_FAILED,ERROR_TFLITE_INIT_FAILED
dense_0_20_OFF_float32.tflite,20,2,0.482,2256,2.0323579305877635
dense_0_20_OFF_float32.tflite,20,3,0.482,2256,2.0323579305877635
dense_0_20_OFF_float32.tflite,20,4,0.482,2256,2.0323579305877635
dense_0_20_OFF_float32.tflite,20,1,0.487,2256,2.0323579305877635
dense_0_20_OFF_float32.tflite,20,0,0.724,2256,2.0323579305877635
dense_0_15_OFF_int8.tflite,15,2,0.804,2228,2.031749968750621
dense_0_15_OFF_int8.tflite,15,4,0.804,2228,2.031749968750621
dense_0_15_OFF_int8.tflite,15,3,0.807,2228,2.031749968750621
dense_0_15_OFF_int8.tflite,15,1,0.82,2228,2.031749968750621
dense_0_15_OFF_int8.tflite,15,0,1.232,2228,2.031749968750621
dense_0_15_OFF_hybrid.tflite,15,N/A,ERROR_TFLITE_INIT_FAILED,ERROR_TFLITE_INIT_FAILED,ERROR_TFLITE_INIT_FAILED
dense_0_15_OFF_float32.tflite,15,2,0.427,1904,2.0323080118134778
dense_0_15_OFF_float32.tflite,15,4,0.427,1904,2.032291953242049
dense_0_15_OFF_float32.tflite,15,3,0.431,1904,2.0323080118134778
dense_0_15_OFF_float32.tflite,15,1,0.441,1904,2.0323085842620494
dense_0_15_OFF_float32.tflite,15,0,0.614,1904,2.0323085842620494
dense_0_10_OFF_int8.tflite,10,2,0.744,2132,2.031729426113478
dense_0_10_OFF_int8.tflite,10,4,0.752,2132,2.031729426113478
dense_0_10_OFF_int8.tflite,10,3,0.755,2132,2.031729426113478
dense_0_10_OFF_int8.tflite,10,1,0.756,2132,2.031729426113478
dense_0_10_OFF_int8.tflite,10,0,1.138,2132,2.031729426113478
dense_0_10_OFF_hybrid.tflite,10,N/A,ERROR_TFLITE_INIT_FAILED,ERROR_TFLITE_INIT_FAILED,ERROR_TFLITE_INIT_FAILED
dense_0_10_OFF_float32.tflite,10,4,0.371,1552,2.0312079060229067
dense_0_10_OFF_float32.tflite,10,2,0.372,1552,2.031240777654335
dense_0_10_OFF_float32.tflite,10,3,0.376,1552,2.0312403909200496
dense_0_10_OFF_float32.tflite,10,1,0.384,1552,2.0312728986743354
dense_0_10_OFF_float32.tflite,10,0,0.562,1552,2.0312891611229067
conv_9_5_ON_int8.tflite,5,2,6.483,6100,2.0327788503317636
conv_9_5_ON_int8.tflite,5,3,6.483,6100,2.0327788503317636
conv_9_5_ON_int8.tflite,5,4,6.488,6100,2.0327788503317636
conv_9_5_ON_int8.tflite,5,1,6.492,6100,2.0327788503317636
conv_9_5_ON_int8.tflite,5,0,7.17,6100,2.0327788503317636
conv_9_5_ON_hybrid.tflite,5,2,9.534,6480,2.035394774355763
conv_9_5_ON_hybrid.tflite,5,4,9.542,6480,2.0353308343557632
conv_9_5_ON_hybrid.tflite,5,3,9.547,6480,2.035315506192906
conv_9_5_ON_hybrid.tflite,5,1,9.551,6480,2.035315506192906
conv_9_5_ON_hybrid.tflite,5,0,9.928,6480,2.0353639965900494
conv_9_5_ON_float32.tflite,5,4,9.543,6480,2.0353308343557632
conv_9_5_ON_float32.tflite,5,2,9.549,6480,2.035394774355763
conv_9_5_ON_float32.tflite,5,3,9.555,6480,2.035315506192906
conv_9_5_ON_float32.tflite,5,1,9.566,6480,2.035315506192906
conv_9_5_ON_float32.tflite,5,0,10.063,6480,2.0353639965900494
conv_9_5_OFF_int8.tflite,5,3,3.908,3748,2.031749968750621
conv_9_5_OFF_int8.tflite,5,4,3.908,3748,2.031749968750621
conv_9_5_OFF_int8.tflite,5,2,3.916,3748,2.031749968750621
conv_9_5_OFF_int8.tflite,5,1,3.921,3748,2.031749968750621
conv_9_5_OFF_int8.tflite,5,0,4.396,3748,2.031749968750621
conv_9_5_OFF_hybrid.tflite,5,3,8.658,4128,2.0323717987809067
conv_9_5_OFF_hybrid.tflite,5,2,8.662,4128,2.0323717987809067
conv_9_5_OFF_hybrid.tflite,5,4,8.662,4128,2.032355743066621
conv_9_5_OFF_hybrid.tflite,5,1,8.664,4128,2.0323717987809067
conv_9_5_OFF_hybrid.tflite,5,0,8.896,4128,2.032355743066621
conv_9_5_OFF_float32.tflite,5,1,8.649,4128,2.0323717987809067
conv_9_5_OFF_float32.tflite,5,2,8.654,4128,2.0323717987809067
conv_9_5_OFF_float32.tflite,5,4,8.662,4128,2.032355743066621
conv_9_5_OFF_float32.tflite,5,3,8.666,4128,2.0323717987809067
conv_9_5_OFF_float32.tflite,5,0,8.895,4128,2.032355743066621
conv_9_20_ON_int8.tflite,20,1,25.281,7460,2.031984752048906
conv_9_20_ON_int8.tflite,20,2,25.281,7460,2.0299999863346203
conv_9_20_ON_int8.tflite,20,3,25.282,7460,2.031395394785192
conv_9_20_ON_int8.tflite,20,4,25.282,7460,2.030810004785192
conv_9_20_ON_int8.tflite,20,0,26.077,7460,2.0299999863346203
conv_9_20_ON_hybrid.tflite,20,N/A,ERROR_TFLITE_INIT_FAILED,ERROR_TFLITE_INIT_FAILED,ERROR_TFLITE_INIT_FAILED
conv_9_20_ON_float32.tflite,20,N/A,ERROR_TFLITE_INIT_FAILED,ERROR_TFLITE_INIT_FAILED,ERROR_TFLITE_INIT_FAILED
conv_9_20_OFF_int8.tflite,20,4,17.394,5092,2.025308513136335
conv_9_20_OFF_int8.tflite,20,3,17.399,5092,2.025308513136335
conv_9_20_OFF_int8.tflite,20,2,17.403,5092,2.026411390793478
conv_9_20_OFF_int8.tflite,20,1,17.411,5092,2.0247099745649066
conv_9_20_OFF_int8.tflite,20,0,17.903,5092,2.024115781707764
conv_9_20_OFF_hybrid.tflite,20,N/A,ERROR_TFLITE_INIT_FAILED,ERROR_TFLITE_INIT_FAILED,ERROR_TFLITE_INIT_FAILED
conv_9_20_OFF_float32.tflite,20,N/A,ERROR_TFLITE_INIT_FAILED,ERROR_TFLITE_INIT_FAILED,ERROR_TFLITE_INIT_FAILED
conv_9_15_ON_int8.tflite,15,3,17.326,6532,2.044111096455478
conv_9_15_ON_int8.tflite,15,4,17.33,6532,2.0440054219440493
conv_9_15_ON_int8.tflite,15,1,17.332,6532,2.0465974176583352
conv_9_15_ON_int8.tflite,15,2,17.335,6532,2.0465974176583352
conv_9_15_ON_int8.tflite,15,0,18.089,6532,2.0440054219440493
conv_9_15_ON_hybrid.tflite,15,4,27.494,7872,2.0439783959209064
conv_9_15_ON_hybrid.tflite,15,2,27.498,7872,2.0439909073494777
conv_9_15_ON_hybrid.tflite,15,1,27.501,7872,2.0438862437143346
conv_9_15_ON_hybrid.tflite,15,3,27.502,7872,2.0440512241494777
conv_9_15_ON_hybrid.tflite,15,0,28.054,7872,2.043954319809478
conv_9_15_ON_float32.tflite,15,4,27.494,7872,2.0439783959209064
conv_9_15_ON_float32.tflite,15,1,27.501,7872,2.0438862437143346
conv_9_15_ON_float32.tflite,15,2,27.501,7872,2.0439909073494777
conv_9_15_ON_float32.tflite,15,3,27.505,7872,2.0440512241494777
conv_9_15_ON_float32.tflite,15,0,28.007,7872,2.043954319809478
conv_9_15_OFF_int8.tflite,15,3,11.168,4180,2.031749968750621
conv_9_15_OFF_int8.tflite,15,1,11.172,4180,2.031749968750621
conv_9_15_OFF_int8.tflite,15,2,11.176,4180,2.031749968750621
conv_9_15_OFF_int8.tflite,15,4,11.176,4180,2.031749968750621
conv_9_15_OFF_int8.tflite,15,0,11.676,4180,2.031749968750621
conv_9_15_OFF_hybrid.tflite,15,2,26.191,5520,2.031752720033192
conv_9_15_OFF_hybrid.tflite,15,4,26.191,5520,2.031676558588335
conv_9_15_OFF_hybrid.tflite,15,3,26.192,5520,2.031720828604621
conv_9_15_OFF_hybrid.tflite,15,1,26.195,5520,2.0317810543351924
conv_9_15_OFF_hybrid.tflite,15,0,26.456,5520,2.031714964335192
conv_9_15_OFF_float32.tflite,15,3,26.18,5520,2.031720828604621
conv_9_15_OFF_float32.tflite,15,1,26.191,5520,2.0317810543351924
conv_9_15_OFF_float32.tflite,15,4,26.191,5520,2.031676558588335
conv_9_15_OFF_float32.tflite,15,2,26.199,5520,2.031752720033192
conv_9_15_OFF_float32.tflite,15,0,26.6,5520,2.031714964335192
conv_9_10_ON_int8.tflite,10,3,11.949,6372,2.0282308173729064
conv_9_10_ON_int8.tflite,10,1,11.953,6372,2.0282308173729064
conv_9_10_ON_int8.tflite,10,4,11.957,6372,2.027125223087192
conv_9_10_ON_int8.tflite,10,2,11.958,6372,2.0282308173729064
conv_9_10_ON_int8.tflite,10,0,12.676,6372,2.027675847372906
conv_9_10_ON_hybrid.tflite,10,2,18.551,7232,2.027500727984621
conv_9_10_ON_hybrid.tflite,10,4,18.551,7232,2.0277060586726203
conv_9_10_ON_hybrid.tflite,10,1,18.555,7232,2.027511353060335
conv_9_10_ON_hybrid.tflite,10,3,18.559,7232,2.0276778083297633
conv_9_10_ON_hybrid.tflite,10,0,19.0,7232,2.0275582918617636
conv_9_10_ON_float32.tflite,10,2,18.547,7232,2.027500727984621
conv_9_10_ON_float32.tflite,10,4,18.547,7232,2.0277060586726203
conv_9_10_ON_float32.tflite,10,1,18.551,7232,2.027511353060335
conv_9_10_ON_float32.tflite,10,3,18.555,7232,2.0276778083297633
conv_9_10_ON_float32.tflite,10,0,19.015,7232,2.0275582918617636
conv_9_10_OFF_int8.tflite,10,3,7.59,4020,2.0607108769594777
conv_9_10_OFF_int8.tflite,10,2,7.594,4020,2.0607108769594777
conv_9_10_OFF_int8.tflite,10,1,7.595,4020,2.0657860026737636
conv_9_10_OFF_int8.tflite,10,4,7.595,4020,2.0607108769594777
conv_9_10_OFF_int8.tflite,10,0,8.131,4020,2.0636919235140496
conv_9_10_OFF_hybrid.tflite,10,4,17.456,4880,2.0628110214011923
conv_9_10_OFF_hybrid.tflite,10,2,17.463,4880,2.061944287183478
conv_9_10_OFF_hybrid.tflite,10,3,17.464,4880,2.062245258269192
conv_9_10_OFF_hybrid.tflite,10,1,17.468,4880,2.0619971054283353
conv_9_10_OFF_hybrid.tflite,10,0,17.737,4880,2.062231795738621
conv_9_10_OFF_float32.tflite,10,1,17.46,4880,2.0619971054283353
conv_9_10_OFF_float32.tflite,10,2,17.46,4880,2.061944287183478
conv_9_10_OFF_float32.tflite,10,3,17.46,4880,2.062245258269192
conv_9_10_OFF_float32.tflite,10,4,17.467,4880,2.0628110214011923
conv_9_10_OFF_float32.tflite,10,0,17.892,4880,2.062231795738621
conv_8_5_ON_int8.tflite,5,2,5.936,5572,2.0328559186774777
conv_8_5_ON_int8.tflite,5,3,5.939,5572,2.0328559186774777
conv_8_5_ON_int8.tflite,5,4,5.94,5572,2.0328559186774777
conv_8_5_ON_int8.tflite,5,1,5.947,5572,2.0328559186774777
conv_8_5_ON_int8.tflite,5,0,6.724,5572,2.0328559186774777
conv_8_5_ON_hybrid.tflite,5,2,8.647,5952,2.0329384947706206
conv_8_5_ON_hybrid.tflite,5,3,8.652,5952,2.0329384947706206
conv_8_5_ON_hybrid.tflite,5,4,8.663,5952,2.0328872776277636
conv_8_5_ON_hybrid.tflite,5,1,8.667,5952,2.032903347970621
conv_8_5_ON_hybrid.tflite,5,0,9.176,5952,2.0329384947706206
conv_8_5_ON_float32.tflite,5,2,8.639,5952,2.0329384947706206
conv_8_5_ON_float32.tflite,5,3,8.647,5952,2.0329384947706206
conv_8_5_ON_float32.tflite,5,4,8.647,5952,2.0328872776277636
conv_8_5_ON_float32.tflite,5,1,8.659,5952,2.032903347970621
conv_8_5_ON_float32.tflite,5,0,9.161,5952,2.0329384947706206
conv_8_5_OFF_int8.tflite,5,3,3.582,3460,2.031749968750621
conv_8_5_OFF_int8.tflite,5,4,3.582,3460,2.031749968750621
conv_8_5_OFF_int8.tflite,5,2,3.583,3460,2.031749968750621
conv_8_5_OFF_int8.tflite,5,1,3.594,3460,2.031749968750621
conv_8_5_OFF_int8.tflite,5,0,4.102,3460,2.031749968750621
conv_8_5_OFF_hybrid.tflite,5,4,7.814,3840,2.032364394469764
conv_8_5_OFF_hybrid.tflite,5,1,7.818,3840,2.032331692009764
conv_8_5_OFF_hybrid.tflite,5,2,7.822,3840,2.032348381612621
conv_8_5_OFF_hybrid.tflite,5,3,7.826,3840,2.032364249857478
conv_8_5_OFF_hybrid.tflite,5,0,8.036,3840,2.0323625612343355
conv_8_5_OFF_float32.tflite,5,1,7.814,3840,2.032331692009764
conv_8_5_OFF_float32.tflite,5,2,7.822,3840,2.032348381612621
conv_8_5_OFF_float32.tflite,5,4,7.828,3840,2.032364394469764
conv_8_5_OFF_float32.tflite,5,3,7.83,3840,2.032364249857478
conv_8_5_OFF_float32.tflite,5,0,8.162,3840,2.0323625612343355
conv_8_20_ON_int8.tflite,20,3,22.494,6964,2.0421693081506205
conv_8_20_ON_int8.tflite,20,2,22.502,6964,2.038823060793478
conv_8_20_ON_int8.tflite,20,4,22.503,6964,2.0458538295849062
conv_8_20_ON_int8.tflite,20,1,22.511,6964,2.0380128770220494
conv_8_20_ON_int8.tflite,20,0,23.293,6964,2.0380128770220494
conv_8_20_ON_hybrid.tflite,20,N/A,ERROR_TFLITE_INIT_FAILED,ERROR_TFLITE_INIT_FAILED,ERROR_TFLITE_INIT_FAILED
conv_8_20_ON_float32.tflite,20,N/A,ERROR_TFLITE_INIT_FAILED,ERROR_TFLITE_INIT_FAILED,ERROR_TFLITE_INIT_FAILED
conv_8_20_OFF_int8.tflite,20,1,15.35,4836,2.031749968750621
conv_8_20_OFF_int8.tflite,20,4,15.35,4836,2.031749968750621
conv_8_20_OFF_int8.tflite,20,2,15.354,4836,2.031749968750621
conv_8_20_OFF_int8.tflite,20,3,15.354,4836,2.031749968750621
conv_8_20_OFF_int8.tflite,20,0,15.87,4836,2.031749968750621
conv_8_20_OFF_hybrid.tflite,20,N/A,ERROR_TFLITE_INIT_FAILED,ERROR_TFLITE_INIT_FAILED,ERROR_TFLITE_INIT_FAILED
conv_8_20_OFF_float32.tflite,20,N/A,ERROR_TFLITE_INIT_FAILED,ERROR_TFLITE_INIT_FAILED,ERROR_TFLITE_INIT_FAILED
conv_8_15_ON_int8.tflite,15,3,15.707,6020,2.0300765210546206
conv_8_15_ON_int8.tflite,15,1,15.712,6020,2.031511959846049
conv_8_15_ON_int8.tflite,15,4,15.714,6020,2.034024634351763
conv_8_15_ON_int8.tflite,15,2,15.715,6020,2.0323652560003347
conv_8_15_ON_int8.tflite,15,0,16.502,6020,2.0318068472031916
conv_8_15_ON_hybrid.tflite,15,3,24.774,7360,2.0327815191563348
conv_8_15_ON_hybrid.tflite,15,4,24.774,7360,2.0330543142329067
conv_8_15_ON_hybrid.tflite,15,2,24.782,7360,2.0329381813757634
conv_8_15_ON_hybrid.tflite,15,1,24.795,7360,2.032769262193192
conv_8_15_ON_hybrid.tflite,15,0,25.239,7360,2.032901272313192
conv_8_15_ON_float32.tflite,15,2,24.778,7360,2.0329381813757634
conv_8_15_ON_float32.tflite,15,3,24.778,7360,2.0327815191563348
conv_8_15_ON_float32.tflite,15,4,24.778,7360,2.0330543142329067
conv_8_15_ON_float32.tflite,15,1,24.791,7360,2.032769262193192
conv_8_15_ON_float32.tflite,15,0,25.366,7360,2.032901272313192
conv_8_15_OFF_int8.tflite,15,3,10.126,3892,2.029381668456335
conv_8_15_OFF_int8.tflite,15,1,10.131,3892,2.0299975898849065
conv_8_15_OFF_int8.tflite,15,2,10.135,3892,2.029381668456335
conv_8_15_OFF_int8.tflite,15,4,10.135,3892,2.028274445084907
conv_8_15_OFF_int8.tflite,15,0,10.636,3892,2.029381668456335
conv_8_15_OFF_hybrid.tflite,15,4,23.569,5232,2.0298648101220493
conv_8_15_OFF_hybrid.tflite,15,2,23.576,5232,2.0299855489706204
conv_8_15_OFF_hybrid.tflite,15,1,23.577,5232,2.030030347476335
conv_8_15_OFF_hybrid.tflite,15,3,23.577,5232,2.0299538518277633
conv_8_15_OFF_hybrid.tflite,15,0,24.005,5232,2.030014494619192
conv_8_15_OFF_float32.tflite,15,3,23.573,5232,2.0299538518277633
conv_8_15_OFF_float32.tflite,15,2,23.576,5232,2.0299855489706204
conv_8_15_OFF_float32.tflite,15,4,23.577,5232,2.0298648101220493
conv_8_15_OFF_float32.tflite,15,1,23.585,5232,2.030030347476335
conv_8_15_OFF_float32.tflite,15,0,24.001,5232,2.030014494619192
conv_8_10_ON_int8.tflite,10,3,10.871,5860,2.032950361261192
conv_8_10_ON_int8.tflite,10,1,10.876,5860,2.038600124118335
conv_8_10_ON_int8.tflite,10,2,10.879,5860,2.0355293198326208
conv_8_10_ON_int8.tflite,10,4,10.88,5860,2.038600124118335
conv_8_10_ON_int8.tflite,10,0,11.628,5860,2.038600124118335
conv_8_10_ON_hybrid.tflite,10,2,16.734,6720,2.0354771657389064
conv_8_10_ON_hybrid.tflite,10,3,16.738,6720,2.0355269165169063
conv_8_10_ON_hybrid.tflite,10,4,16.74,6720,2.035442514636906
conv_8_10_ON_hybrid.tflite,10,1,16.746,6720,2.0355269165169063
conv_8_10_ON_hybrid.tflite,10,0,17.238,6720,2.0353857457226203
conv_8_10_ON_float32.tflite,10,3,16.738,6720,2.0355269165169063
conv_8_10_ON_float32.tflite,10,4,16.738,6720,2.035442514636906
conv_8_10_ON_float32.tflite,10,2,16.747,6720,2.0354771657389064
conv_8_10_ON_float32.tflite,10,1,16.749,6720,2.0355269165169063
conv_8_10_ON_float32.tflite,10,0,17.258,6720,2.0353857457226203
conv_8_10_OFF_int8.tflite,10,2,6.902,3732,2.0341756175420493
conv_8_10_OFF_int8.tflite,10,3,6.907,3732,2.0341756175420493
conv_8_10_OFF_int8.tflite,10,1,6.91,3732,2.0348164273220495
conv_8_10_OFF_int8.tflite,10,4,6.911,3732,2.034196160179192
conv_8_10_OFF_int8.tflite,10,0,7.447,3732,2.0341756175420493
conv_8_10_OFF_hybrid.tflite,10,2,15.726,4592,2.03545570942205
conv_8_10_OFF_hybrid.tflite,10,3,15.727,4592,2.0355028173000496
conv_8_10_OFF_hybrid.tflite,10,4,15.727,4592,2.035600206280049
conv_8_10_OFF_hybrid.tflite,10,1,15.73,4592,2.035377618289764
conv_8_10_OFF_hybrid.tflite,10,0,16.013,4592,2.035393308289764
conv_8_10_OFF_float32.tflite,10,1,15.73,4592,2.035377618289764
conv_8_10_OFF_float32.tflite,10,2,15.731,4592,2.03545570942205
conv_8_10_OFF_float32.tflite,10,3,15.731,4592,2.0355028173000496
conv_8_10_OFF_float32.tflite,10,4,15.731,4592,2.035600206280049
conv_8_10_OFF_float32.tflite,10,0,16.143,4592,2.035393308289764
conv_7_5_ON_int8.tflite,5,2,5.406,5060,2.400171460238621
conv_7_5_ON_int8.tflite,5,3,5.41,5060,2.398053387250049
conv_7_5_ON_int8.tflite,5,4,5.415,5060,2.400171460238621
conv_7_5_ON_int8.tflite,5,1,5.418,5060,2.4002855785843353
conv_7_5_ON_int8.tflite,5,0,6.181,5060,2.4002855785843353
conv_7_5_ON_hybrid.tflite,5,4,7.728,5440,2.3828346928791926
conv_7_5_ON_hybrid.tflite,5,2,7.745,5440,2.3815484119831924
conv_7_5_ON_hybrid.tflite,5,3,7.753,5440,2.3830963538717636
conv_7_5_ON_hybrid.tflite,5,1,7.769,5440,2.378756162541763
conv_7_5_ON_hybrid.tflite,5,0,8.137,5440,2.377380422742906
conv_7_5_ON_float32.tflite,5,2,7.752,5440,2.3815484119831924
conv_7_5_ON_float32.tflite,5,4,7.752,5440,2.3828346928791926
conv_7_5_ON_float32.tflite,5,3,7.756,5440,2.3830963538717636
conv_7_5_ON_float32.tflite,5,1,7.781,5440,2.378756162541763
conv_7_5_ON_float32.tflite,5,0,8.269,5440,2.377380422742906
conv_7_5_OFF_int8.tflite,5,2,3.251,3172,2.036540548236335
conv_7_5_OFF_int8.tflite,5,3,3.255,3172,2.036191500353478
conv_7_5_OFF_int8.tflite,5,1,3.26,3172,2.036540548236335
conv_7_5_OFF_int8.tflite,5,4,3.26,3172,2.036191500353478
conv_7_5_OFF_int8.tflite,5,0,3.775,3172,2.036191500353478
conv_7_5_OFF_hybrid.tflite,5,2,6.966,3552,2.037187835470621
conv_7_5_OFF_hybrid.tflite,5,4,6.966,3552,2.0369857631791928
conv_7_5_OFF_hybrid.tflite,5,3,6.97,3552,2.0370362993020494
conv_7_5_OFF_hybrid.tflite,5,1,6.976,3552,2.0373478419820494
conv_7_5_OFF_hybrid.tflite,5,0,7.211,3552,2.037406587353478
conv_7_5_OFF_float32.tflite,5,1,6.978,3552,2.0373478419820494
conv_7_5_OFF_float32.tflite,5,3,6.978,3552,2.0370362993020494
conv_7_5_OFF_float32.tflite,5,4,6.978,3552,2.0369857631791928
conv_7_5_OFF_float32.tflite,5,2,6.983,3552,2.037187835470621
conv_7_5_OFF_float32.tflite,5,0,7.279,3552,2.037406587353478
conv_7_20_ON_int8.tflite,20,3,20.341,6436,2.234790026739478
conv_7_20_ON_int8.tflite,20,1,20.345,6436,2.2362218734080495
conv_7_20_ON_int8.tflite,20,2,20.348,6436,2.235110304322335
conv_7_20_ON_int8.tflite,20,4,20.348,6436,2.2325956649089065
conv_7_20_ON_int8.tflite,20,0,21.114,6436,2.2308283202054775
conv_7_20_ON_hybrid.tflite,20,N/A,ERROR_TFLITE_INIT_FAILED,ERROR_TFLITE_INIT_FAILED,ERROR_TFLITE_INIT_FAILED
conv_7_20_ON_float32.tflite,20,N/A,ERROR_TFLITE_INIT_FAILED,ERROR_TFLITE_INIT_FAILED,ERROR_TFLITE_INIT_FAILED
conv_7_20_OFF_int8.tflite,20,4,13.95,4548,2.0337649113669065
conv_7_20_OFF_int8.tflite,20,2,13.951,4548,2.0343503013669064
conv_7_20_OFF_int8.tflite,20,3,13.955,4548,2.0349552156526207
conv_7_20_OFF_int8.tflite,20,1,13.963,4548,2.0343503013669064
conv_7_20_OFF_int8.tflite,20,0,14.451,4548,2.0343503013669064
conv_7_20_OFF_hybrid.tflite,20,N/A,ERROR_TFLITE_INIT_FAILED,ERROR_TFLITE_INIT_FAILED,ERROR_TFLITE_INIT_FAILED
conv_7_20_OFF_float32.tflite,20,N/A,ERROR_TFLITE_INIT_FAILED,ERROR_TFLITE_INIT_FAILED,ERROR_TFLITE_INIT_FAILED
conv_7_15_ON_int8.tflite,15,3,14.09,5492,2.036251032516335
conv_7_15_ON_int8.tflite,15,2,14.091,5492,2.038727643944906
conv_7_15_ON_int8.tflite,15,1,14.093,5492,2.036251032516335
conv_7_15_ON_int8.tflite,15,4,14.098,5492,2.0393261825163345
conv_7_15_ON_int8.tflite,15,0,14.803,5492,2.036251032516335
conv_7_15_ON_hybrid.tflite,15,2,22.059,6832,2.0382768531469067
conv_7_15_ON_hybrid.tflite,15,4,22.059,6832,2.038461328630621
conv_7_15_ON_hybrid.tflite,15,3,22.063,6832,2.0380440534240494
conv_7_15_ON_hybrid.tflite,15,1,22.067,6832,2.0379246253811925
conv_7_15_ON_hybrid.tflite,15,0,22.491,6832,2.037809352226049
conv_7_15_ON_float32.tflite,15,2,22.059,6832,2.0382768531469067
conv_7_15_ON_float32.tflite,15,3,22.059,6832,2.0380440534240494
conv_7_15_ON_float32.tflite,15,1,22.063,6832,2.0379246253811925
conv_7_15_ON_float32.tflite,15,4,22.067,6832,2.038461328630621
conv_7_15_ON_float32.tflite,15,0,22.493,6832,2.037809352226049
conv_7_15_OFF_int8.tflite,15,3,9.086,3604,2.031749968750621
conv_7_15_OFF_int8.tflite,15,1,9.089,3604,2.031749968750621
conv_7_15_OFF_int8.tflite,15,2,9.093,3604,2.031749968750621
conv_7_15_OFF_int8.tflite,15,4,9.093,3604,2.031749968750621
conv_7_15_OFF_int8.tflite,15,0,9.597,3604,2.031749968750621
conv_7_15_OFF_hybrid.tflite,15,1,20.946,4944,2.032497292791764
conv_7_15_OFF_hybrid.tflite,15,2,20.946,4944,2.032481257077478
conv_7_15_OFF_hybrid.tflite,15,3,20.946,4944,2.032481257077478
conv_7_15_OFF_hybrid.tflite,15,4,20.947,4944,2.0324653688326206
conv_7_15_OFF_hybrid.tflite,15,0,21.252,4944,2.032497292791764
conv_7_15_OFF_float32.tflite,15,1,20.947,4944,2.032497292791764
conv_7_15_OFF_float32.tflite,15,3,20.947,4944,2.032481257077478
conv_7_15_OFF_float32.tflite,15,2,20.95,4944,2.032481257077478
conv_7_15_OFF_float32.tflite,15,4,20.95,4944,2.0324653688326206
conv_7_15_OFF_float32.tflite,15,0,21.299,4944,2.032497292791764
conv_7_10_ON_int8.tflite,10,3,9.789,5332,2.0365859653689067
conv_7_10_ON_int8.tflite,10,2,9.794,5332,2.034422954801192
conv_7_10_ON_int8.tflite,10,1,9.795,5332,2.034422954801192
conv_7_10_ON_int8.tflite,10,4,9.797,5332,2.037498104801192
conv_7_10_ON_int8.tflite,10,0,10.508,5332,2.0371427612040494
conv_7_10_ON_hybrid.tflite,10,2,14.917,6192,2.0360434968429066
conv_7_10_ON_hybrid.tflite,10,4,14.917,6192,2.036800078365192
conv_7_10_ON_hybrid.tflite,10,1,14.93,6192,2.035870437961192
conv_7_10_ON_hybrid.tflite,10,3,14.937,6192,2.036846991377478
conv_7_10_ON_hybrid.tflite,10,0,15.485,6192,2.0365804333280493
conv_7_10_ON_float32.tflite,10,4,14.925,6192,2.036800078365192
conv_7_10_ON_float32.tflite,10,2,14.941,6192,2.0360434968429066
conv_7_10_ON_float32.tflite,10,3,14.941,6192,2.036846991377478
conv_7_10_ON_float32.tflite,10,1,14.945,6192,2.035870437961192
conv_7_10_ON_float32.tflite,10,0,15.37,6192,2.0365804333280493
conv_7_10_OFF_int8.tflite,10,2,6.223,3444,2.0311477785089065
conv_7_10_OFF_int8.tflite,10,3,6.226,3444,2.0311477785089065
conv_7_10_OFF_int8.tflite,10,4,6.231,3444,2.0311477785089065
conv_7_10_OFF_int8.tflite,10,1,6.235,3444,2.0311365672011923
conv_7_10_OFF_int8.tflite,10,0,6.707,3444,2.0311477785089065
conv_7_10_OFF_hybrid.tflite,10,2,13.99,4304,2.0314881881837636
conv_7_10_OFF_hybrid.tflite,10,1,13.997,4304,2.0315038221429065
conv_7_10_OFF_hybrid.tflite,10,3,13.997,4304,2.0314719960617635
conv_7_10_OFF_hybrid.tflite,10,4,13.997,4304,2.0314407567149066
conv_7_10_OFF_hybrid.tflite,10,0,14.271,4304,2.0315197264286207
conv_7_10_OFF_float32.tflite,10,4,13.982,4304,2.0314407567149066
conv_7_10_OFF_float32.tflite,10,2,13.99,4304,2.0314881881837636
conv_7_10_OFF_float32.tflite,10,3,13.998,4304,2.0314719960617635
conv_7_10_OFF_float32.tflite,10,1,13.999,4304,2.0315038221429065
conv_7_10_OFF_float32.tflite,10,0,14.406,4304,2.0315197264286207
conv_6_5_ON_int8.tflite,5,2,4.854,4532,2.031211019538335
conv_6_5_ON_int8.tflite,5,1,4.858,4532,2.031211019538335
conv_6_5_ON_int8.tflite,5,3,4.858,4532,2.031211019538335
conv_6_5_ON_int8.tflite,5,4,4.862,4532,2.031211019538335
conv_6_5_ON_int8.tflite,5,0,5.581,4532,2.031211019538335
conv_6_5_ON_hybrid.tflite,5,2,6.845,4912,2.031361206154621
conv_6_5_ON_hybrid.tflite,5,1,6.853,4912,2.0313767018689064
conv_6_5_ON_hybrid.tflite,5,3,6.856,4912,2.031361206154621
conv_6_5_ON_hybrid.tflite,5,4,6.862,4912,2.031361206154621
conv_6_5_ON_hybrid.tflite,5,0,7.31,4912,2.0313767018689064
conv_6_5_ON_float32.tflite,5,4,6.846,4912,2.031361206154621
conv_6_5_ON_float32.tflite,5,2,6.854,4912,2.031361206154621
conv_6_5_ON_float32.tflite,5,3,6.866,4912,2.031361206154621
conv_6_5_ON_float32.tflite,5,1,6.877,4912,2.0313767018689064
conv_6_5_ON_float32.tflite,5,0,7.242,4912,2.0313767018689064
conv_6_5_OFF_int8.tflite,5,2,2.929,2884,2.031749968750621
conv_6_5_OFF_int8.tflite,5,4,2.929,2884,2.0317568343440495
conv_6_5_OFF_int8.tflite,5,1,2.933,2884,2.031111399832621
conv_6_5_OFF_int8.tflite,5,3,2.937,2884,2.031111399832621
conv_6_5_OFF_int8.tflite,5,0,3.417,2884,2.031111399832621
conv_6_5_OFF_hybrid.tflite,5,2,6.13,3264,2.0312981978509064
conv_6_5_OFF_hybrid.tflite,5,4,6.13,3264,2.0313918323786204
conv_6_5_OFF_hybrid.tflite,5,1,6.133,3264,2.0311580692820494
conv_6_5_OFF_hybrid.tflite,5,3,6.134,3264,2.0313912542157633
conv_6_5_OFF_hybrid.tflite,5,0,6.467,3264,2.0311783946723354
conv_6_5_OFF_float32.tflite,5,1,6.15,3264,2.0311580692820494
conv_6_5_OFF_float32.tflite,5,2,6.15,3264,2.0312981978509064
conv_6_5_OFF_float32.tflite,5,3,6.15,3264,2.0313912542157633
conv_6_5_OFF_float32.tflite,5,4,6.15,3264,2.0313918323786204
conv_6_5_OFF_float32.tflite,5,0,6.511,3264,2.0311783946723354
conv_6_20_ON_int8.tflite,20,3,17.555,5620,2.0358548122663347
conv_6_20_ON_int8.tflite,20,1,17.558,5620,2.0343499621671923
conv_6_20_ON_int8.tflite,20,2,17.562,5620,2.035332466546335
conv_6_20_ON_int8.tflite,20,4,17.563,5620,2.035322589183478
conv_6_20_ON_int8.tflite,20,0,18.364,5620,2.036421910599764
conv_6_20_ON_hybrid.tflite,20,N/A,ERROR_TFLITE_INIT_FAILED,ERROR_TFLITE_INIT_FAILED,ERROR_TFLITE_INIT_FAILED
conv_6_20_ON_float32.tflite,20,N/A,ERROR_TFLITE_INIT_FAILED,ERROR_TFLITE_INIT_FAILED,ERROR_TFLITE_INIT_FAILED
conv_6_20_OFF_int8.tflite,20,3,11.903,3972,2.031729426113478
conv_6_20_OFF_int8.tflite,20,1,11.91,3972,2.031729426113478
conv_6_20_OFF_int8.tflite,20,4,11.911,3972,2.031729426113478
conv_6_20_OFF_int8.tflite,20,2,11.919,3972,2.031729426113478
conv_6_20_OFF_int8.tflite,20,0,12.414,3972,2.031729426113478
conv_6_20_OFF_hybrid.tflite,20,N/A,ERROR_TFLITE_INIT_FAILED,ERROR_TFLITE_INIT_FAILED,ERROR_TFLITE_INIT_FAILED
conv_6_20_OFF_float32.tflite,20,N/A,ERROR_TFLITE_INIT_FAILED,ERROR_TFLITE_INIT_FAILED,ERROR_TFLITE_INIT_FAILED
conv_6_15_ON_int8.tflite,15,3,12.461,4964,2.0427271382100494
conv_6_15_ON_int8.tflite,15,2,12.47,4964,2.0417609410671926
conv_6_15_ON_int8.tflite,15,4,12.47,4964,2.0412103167814784
conv_6_15_ON_int8.tflite,15,1,12.471,4964,2.040688286660621
conv_6_15_ON_int8.tflite,15,0,13.243,4964,2.0397316998643347
conv_6_15_ON_hybrid.tflite,15,4,19.347,6304,2.0429142683369057
conv_6_15_ON_hybrid.tflite,15,2,19.348,6304,2.0427693800617637
conv_6_15_ON_hybrid.tflite,15,3,19.352,6304,2.043180957782335
conv_6_15_ON_hybrid.tflite,15,1,19.356,6304,2.043333179676335
conv_6_15_ON_hybrid.tflite,15,0,19.935,6304,2.042613850696049
conv_6_15_ON_float32.tflite,15,3,19.339,6304,2.043180957782335
conv_6_15_ON_float32.tflite,15,2,19.343,6304,2.0427693800617637
conv_6_15_ON_float32.tflite,15,4,19.343,6304,2.0429142683369057
conv_6_15_ON_float32.tflite,15,1,19.344,6304,2.043333179676335
conv_6_15_ON_float32.tflite,15,0,19.923,6304,2.042613850696049
conv_6_15_OFF_int8.tflite,15,2,8.035,3316,2.0304472485191924
conv_6_15_OFF_int8.tflite,15,3,8.04,3316,2.0304472485191924
conv_6_15_OFF_int8.tflite,15,1,8.043,3316,2.0304472485191924
conv_6_15_OFF_int8.tflite,15,4,8.044,3316,2.0304472485191924
conv_6_15_OFF_int8.tflite,15,0,8.575,3316,2.0304472485191924
conv_6_15_OFF_hybrid.tflite,15,3,18.324,4656,2.030219244611478
conv_6_15_OFF_hybrid.tflite,15,1,18.325,4656,2.0302669723771922
conv_6_15_OFF_hybrid.tflite,15,4,18.338,4656,2.030155269395192
conv_6_15_OFF_hybrid.tflite,15,2,18.341,4656,2.030235738091478
conv_6_15_OFF_hybrid.tflite,15,0,18.748,4656,2.0302669723771922
conv_6_15_OFF_float32.tflite,15,2,18.324,4656,2.030235738091478
conv_6_15_OFF_float32.tflite,15,3,18.332,4656,2.030219244611478
conv_6_15_OFF_float32.tflite,15,4,18.332,4656,2.030155269395192
conv_6_15_OFF_float32.tflite,15,1,18.34,4656,2.0302669723771922
conv_6_15_OFF_float32.tflite,15,0,18.661,4656,2.0302669723771922
conv_6_10_ON_int8.tflite,10,3,8.702,4804,2.036835632593763
conv_6_10_ON_int8.tflite,10,1,8.718,4804,2.0342436368794776
conv_6_10_ON_int8.tflite,10,2,8.718,4804,2.0348159897366203
conv_6_10_ON_int8.tflite,10,4,8.718,4804,2.036835632593763
conv_6_10_ON_int8.tflite,10,0,9.502,4804,2.0387747683080493
conv_6_10_ON_hybrid.tflite,10,4,13.127,5664,2.0367029000194776
conv_6_10_ON_hybrid.tflite,10,2,13.128,5664,2.0366736825917635
conv_6_10_ON_hybrid.tflite,10,3,13.128,5664,2.036696391163192
conv_6_10_ON_hybrid.tflite,10,1,13.136,5664,2.036572640030906
conv_6_10_ON_hybrid.tflite,10,0,13.616,5664,2.0367178343166206
conv_6_10_ON_float32.tflite,10,4,13.101,5664,2.0367029000194776
conv_6_10_ON_float32.tflite,10,2,13.117,5664,2.0366736825917635
conv_6_10_ON_float32.tflite,10,1,13.128,5664,2.036572640030906
conv_6_10_ON_float32.tflite,10,3,13.129,5664,2.036696391163192
conv_6_10_ON_float32.tflite,10,0,13.58,5664,2.0367178343166206
conv_6_10_OFF_int8.tflite,10,3,5.531,3156,2.0561204902791923
conv_6_10_OFF_int8.tflite,10,1,5.538,3156,2.0550067102791925
conv_6_10_OFF_int8.tflite,10,2,5.543,3156,2.0628546495849065
conv_6_10_OFF_int8.tflite,10,4,5.543,3156,2.0628546495849065
conv_6_10_OFF_int8.tflite,10,0,6.064,3156,2.051068321019192
conv_6_10_OFF_hybrid.tflite,10,4,12.257,4016,2.0547875020306203
conv_6_10_OFF_hybrid.tflite,10,2,12.261,4016,2.054581767336335
conv_6_10_OFF_hybrid.tflite,10,1,12.269,4016,2.054470383116335
conv_6_10_OFF_hybrid.tflite,10,3,12.272,4016,2.0547529512134775
conv_6_10_OFF_hybrid.tflite,10,0,12.665,4016,2.054336176519192
conv_6_10_OFF_float32.tflite,10,1,12.253,4016,2.054470383116335
conv_6_10_OFF_float32.tflite,10,2,12.254,4016,2.054581767336335
conv_6_10_OFF_float32.tflite,10,4,12.264,4016,2.0547875020306203
conv_6_10_OFF_float32.tflite,10,3,12.269,4016,2.0547529512134775
conv_6_10_OFF_float32.tflite,10,0,12.53,4016,2.054336176519192
conv_5_5_ON_int8.tflite,5,4,4.309,4004,2.029889501680335
conv_5_5_ON_int8.tflite,5,1,4.318,4004,2.029889501680335
conv_5_5_ON_int8.tflite,5,2,4.318,4004,2.029889501680335
conv_5_5_ON_int8.tflite,5,3,4.318,4004,2.029889501680335
conv_5_5_ON_int8.tflite,5,0,5.08,4004,2.029889501680335
conv_5_5_ON_hybrid.tflite,5,2,5.959,4384,2.0302960111909067
conv_5_5_ON_hybrid.tflite,5,4,5.959,4384,2.0302960111909067
conv_5_5_ON_hybrid.tflite,5,3,5.967,4384,2.0302813811909064
conv_5_5_ON_hybrid.tflite,5,1,5.971,4384,2.030217264048049
conv_5_5_ON_hybrid.tflite,5,0,6.368,4384,2.030217264048049
conv_5_5_ON_float32.tflite,5,2,5.947,4384,2.0302960111909067
conv_5_5_ON_float32.tflite,5,4,5.947,4384,2.0302960111909067
conv_5_5_ON_float32.tflite,5,3,5.955,4384,2.0302813811909064
conv_5_5_ON_float32.tflite,5,1,5.963,4384,2.030217264048049
conv_5_5_ON_float32.tflite,5,0,6.415,4384,2.030217264048049
conv_5_5_OFF_int8.tflite,5,2,2.598,2596,2.019428854464907
conv_5_5_OFF_int8.tflite,5,4,2.599,2596,2.017235703950621
conv_5_5_OFF_int8.tflite,5,1,2.607,2596,2.017235703950621
conv_5_5_OFF_int8.tflite,5,3,2.611,2596,2.019428854464907
conv_5_5_OFF_int8.tflite,5,0,3.091,2596,2.017235703950621
conv_5_5_OFF_hybrid.tflite,5,2,5.293,2976,2.019162195668906
conv_5_5_OFF_hybrid.tflite,5,3,5.294,2976,2.0196293558823353
conv_5_5_OFF_hybrid.tflite,5,4,5.294,2976,2.0194465790566207
conv_5_5_OFF_hybrid.tflite,5,1,5.301,2976,2.0193138070566206
conv_5_5_OFF_hybrid.tflite,5,0,5.535,2976,2.0195913766080493
conv_5_5_OFF_float32.tflite,5,2,5.294,2976,2.019162195668906
conv_5_5_OFF_float32.tflite,5,1,5.302,2976,2.0193138070566206
conv_5_5_OFF_float32.tflite,5,3,5.302,2976,2.0196293558823353
conv_5_5_OFF_float32.tflite,5,4,5.302,2976,2.0194465790566207
conv_5_5_OFF_float32.tflite,5,0,5.528,2976,2.0195913766080493
conv_5_20_ON_int8.tflite,20,3,15.395,5108,2.0320026929403343
conv_5_20_ON_int8.tflite,20,1,15.407,5108,2.0313977786546205
conv_5_20_ON_int8.tflite,20,2,15.411,5108,2.0320026929403343
conv_5_20_ON_int8.tflite,20,4,15.411,5108,2.035073497226049
conv_5_20_ON_int8.tflite,20,0,16.169,5108,2.0325968857974774
conv_5_20_ON_hybrid.tflite,20,N/A,ERROR_TFLITE_INIT_FAILED,ERROR_TFLITE_INIT_FAILED,ERROR_TFLITE_INIT_FAILED
conv_5_20_ON_float32.tflite,20,N/A,ERROR_TFLITE_INIT_FAILED,ERROR_TFLITE_INIT_FAILED,ERROR_TFLITE_INIT_FAILED
conv_5_20_OFF_int8.tflite,20,3,10.5,3684,2.031749968750621
conv_5_20_OFF_int8.tflite,20,1,10.503,3684,2.031749968750621
conv_5_20_OFF_int8.tflite,20,2,10.503,3684,2.031749968750621
conv_5_20_OFF_int8.tflite,20,4,10.504,3684,2.031749968750621
conv_5_20_OFF_int8.tflite,20,0,11.035,3684,2.031749968750621
conv_5_20_OFF_hybrid.tflite,20,N/A,ERROR_TFLITE_INIT_FAILED,ERROR_TFLITE_INIT_FAILED,ERROR_TFLITE_INIT_FAILED
conv_5_20_OFF_float32.tflite,20,1,24.936,5504,2.032391172413478
conv_5_20_OFF_float32.tflite,20,3,24.936,5504,2.0323751109849066
conv_5_20_OFF_float32.tflite,20,4,24.951,5504,2.0323751109849066
conv_5_20_OFF_float32.tflite,20,2,24.952,5504,2.0323751109849066
conv_5_20_OFF_float32.tflite,20,0,25.348,5504,2.032391872016335
conv_5_15_ON_int8.tflite,15,3,10.851,4436,2.039696634674621
conv_5_15_ON_int8.tflite,15,1,10.859,4436,2.040260296103192
conv_5_15_ON_int8.tflite,15,2,10.859,4436,2.037180800388906
conv_5_15_ON_int8.tflite,15,4,10.864,4436,2.040260296103192
conv_5_15_ON_int8.tflite,15,0,11.598,4436,2.039696634674621
conv_5_15_ON_hybrid.tflite,15,4,16.624,5776,2.039361951697478
conv_5_15_ON_hybrid.tflite,15,2,16.632,5776,2.039280753224335
conv_5_15_ON_hybrid.tflite,15,3,16.636,5776,2.0397166679351924
conv_5_15_ON_hybrid.tflite,15,1,16.644,5776,2.039556419967764
conv_5_15_ON_hybrid.tflite,15,0,17.176,5776,2.0395141534526204
conv_5_15_ON_float32.tflite,15,2,16.616,5776,2.039280753224335
conv_5_15_ON_float32.tflite,15,3,16.619,5776,2.0397166679351924
conv_5_15_ON_float32.tflite,15,4,16.624,5776,2.039361951697478
conv_5_15_ON_float32.tflite,15,1,16.625,5776,2.039556419967764
conv_5_15_ON_float32.tflite,15,0,17.133,5776,2.0395141534526204
conv_5_15_OFF_int8.tflite,15,3,7.002,3028,2.0203722633049064
conv_5_15_OFF_int8.tflite,15,4,7.002,3028,2.020903690899192
conv_5_15_OFF_int8.tflite,15,1,7.01,3028,2.022446003998049
conv_5_15_OFF_int8.tflite,15,2,7.011,3028,2.020903690899192
conv_5_15_OFF_int8.tflite,15,0,7.494,3028,2.0203722633049064
conv_5_15_OFF_hybrid.tflite,15,3,15.71,4368,2.0215198589451924
conv_5_15_OFF_hybrid.tflite,15,1,15.714,4368,2.021676758104335
conv_5_15_OFF_hybrid.tflite,15,4,15.714,4368,2.021418510096335
conv_5_15_OFF_hybrid.tflite,15,2,15.715,4368,2.0217077695820493
conv_5_15_OFF_hybrid.tflite,15,0,15.976,4368,2.021705440085192
conv_5_15_OFF_float32.tflite,15,3,15.694,4368,2.0215198589451924
conv_5_15_OFF_float32.tflite,15,2,15.702,4368,2.0217077695820493
conv_5_15_OFF_float32.tflite,15,1,15.703,4368,2.021676758104335
conv_5_15_OFF_float32.tflite,15,4,15.703,4368,2.021418510096335
conv_5_15_OFF_float32.tflite,15,0,16.299,4368,2.021705440085192
conv_5_10_ON_int8.tflite,10,3,7.622,4276,2.0351561394240494
conv_5_10_ON_int8.tflite,10,2,7.631,4276,2.0337649113669065
conv_5_10_ON_int8.tflite,10,4,7.632,4276,2.0345794408526205
conv_5_10_ON_int8.tflite,10,1,7.633,4276,2.0362546713669065
conv_5_10_ON_int8.tflite,10,0,8.403,4276,2.0368357156526207
conv_5_10_ON_hybrid.tflite,10,2,11.299,5136,2.03520016784062
conv_5_10_ON_hybrid.tflite,10,3,11.316,5136,2.0349382051597638
conv_5_10_ON_hybrid.tflite,10,4,11.318,5136,2.0352319285834777
conv_5_10_ON_hybrid.tflite,10,1,11.328,5136,2.034880645940621
conv_5_10_ON_hybrid.tflite,10,0,11.768,5136,2.034753378074049
conv_5_10_ON_float32.tflite,10,4,11.307,5136,2.0352319285834777
conv_5_10_ON_float32.tflite,10,2,11.315,5136,2.03520016784062
conv_5_10_ON_float32.tflite,10,3,11.315,5136,2.0349382051597638
conv_5_10_ON_float32.tflite,10,1,11.331,5136,2.034880645940621
conv_5_10_ON_float32.tflite,10,0,11.823,5136,2.034753378074049
conv_5_10_OFF_int8.tflite,10,3,4.851,2868,2.025734129602335
conv_5_10_OFF_int8.tflite,10,1,4.859,2868,2.026323486866049
conv_5_10_OFF_int8.tflite,10,2,4.863,2868,2.025734129602335
conv_5_10_OFF_int8.tflite,10,4,4.863,2868,2.026323486866049
conv_5_10_OFF_int8.tflite,10,0,5.363,2868,2.0263390438880493
conv_5_10_OFF_hybrid.tflite,10,4,10.52,3728,2.026504255981478
conv_5_10_OFF_hybrid.tflite,10,3,10.524,3728,2.0265715512960494
conv_5_10_OFF_hybrid.tflite,10,2,10.535,3728,2.0267904199229068
conv_5_10_OFF_hybrid.tflite,10,1,10.54,3728,2.0267884373480496
conv_5_10_OFF_hybrid.tflite,10,0,10.876,3728,2.0269109141709065
conv_5_10_OFF_float32.tflite,10,2,10.52,3728,2.0267904199229068
conv_5_10_OFF_float32.tflite,10,4,10.52,3728,2.026504255981478
conv_5_10_OFF_float32.tflite,10,1,10.523,3728,2.0267884373480496
conv_5_10_OFF_float32.tflite,10,3,10.524,3728,2.0265715512960494
conv_5_10_OFF_float32.tflite,10,0,10.877,3728,2.0269109141709065
conv_4_5_ON_int8.tflite,5,4,3.765,3476,2.4561856834977633
conv_4_5_ON_int8.tflite,5,2,3.768,3476,2.450275323387192
conv_4_5_ON_int8.tflite,5,3,3.769,3476,2.453576045487192
conv_4_5_ON_int8.tflite,5,1,3.778,3476,2.450275323387192
conv_4_5_ON_int8.tflite,5,0,4.559,3476,2.4576639533929066
conv_4_5_ON_hybrid.tflite,5,2,5.051,3856,2.4588440624174774
conv_4_5_ON_hybrid.tflite,5,4,5.051,3856,2.4577468359843344
conv_4_5_ON_hybrid.tflite,5,3,5.059,3856,2.4581553814274777
conv_4_5_ON_hybrid.tflite,5,1,5.068,3856,2.4590139623631915
conv_4_5_ON_hybrid.tflite,5,0,5.445,3856,2.4585560304831917
conv_4_5_ON_float32.tflite,5,2,5.056,3856,2.4588440624174774
conv_4_5_ON_float32.tflite,5,3,5.064,3856,2.4581553814274777
conv_4_5_ON_float32.tflite,5,4,5.064,3856,2.4577468359843344
conv_4_5_ON_float32.tflite,5,1,5.068,3856,2.4590139623631915
conv_4_5_ON_float32.tflite,5,0,5.607,3856,2.4585560304831917
conv_4_5_OFF_int8.tflite,5,3,2.276,2308,2.038581686333478
conv_4_5_OFF_int8.tflite,5,4,2.276,2308,2.0367730334763348
conv_4_5_OFF_int8.tflite,5,1,2.28,2308,2.0367730334763348
conv_4_5_OFF_int8.tflite,5,2,2.284,2308,2.036002727762049
conv_4_5_OFF_int8.tflite,5,0,2.768,2308,2.0367730334763348
conv_4_5_OFF_hybrid.tflite,5,4,4.445,2688,2.0356858216960494
conv_4_5_OFF_hybrid.tflite,5,2,4.446,2688,2.0353641795323347
conv_4_5_OFF_hybrid.tflite,5,3,4.45,2688,2.035424413355192
conv_4_5_OFF_hybrid.tflite,5,1,4.457,2688,2.0354629638180493
conv_4_5_OFF_hybrid.tflite,5,0,4.692,2688,2.035437893260906
conv_4_5_OFF_float32.tflite,5,2,4.449,2688,2.0353641795323347
conv_4_5_OFF_float32.tflite,5,4,4.45,2688,2.0356858216960494
conv_4_5_OFF_float32.tflite,5,3,4.461,2688,2.035424413355192
conv_4_5_OFF_float32.tflite,5,1,4.462,2688,2.0354629638180493
conv_4_5_OFF_float32.tflite,5,0,4.791,2688,2.035437893260906
conv_4_20_ON_int8.tflite,20,1,12.613,4612,2.036541247595478
conv_4_20_ON_int8.tflite,20,2,12.613,4612,2.036541247595478
conv_4_20_ON_int8.tflite,20,3,12.613,4612,2.0314744662877633
conv_4_20_ON_int8.tflite,20,4,12.614,4612,2.0314744662877633
conv_4_20_ON_int8.tflite,20,0,13.356,4612,2.0359363333097638
conv_4_20_ON_hybrid.tflite,20,N/A,ERROR_TFLITE_INIT_FAILED,ERROR_TFLITE_INIT_FAILED,ERROR_TFLITE_INIT_FAILED
conv_4_20_ON_float32.tflite,20,4,20.369,6912,2.0336847781146203
conv_4_20_ON_float32.tflite,20,2,20.37,6912,2.0343017363897635
conv_4_20_ON_float32.tflite,20,3,20.378,6912,2.0339381378346206
conv_4_20_ON_float32.tflite,20,1,20.39,6912,2.034547800726907
conv_4_20_ON_float32.tflite,20,0,20.802,6912,2.0348379780906205
conv_4_20_OFF_int8.tflite,20,2,8.455,3428,2.029872330498335
conv_4_20_OFF_int8.tflite,20,3,8.456,3428,2.029872330498335
conv_4_20_OFF_int8.tflite,20,1,8.463,3428,2.029872330498335
conv_4_20_OFF_int8.tflite,20,4,8.463,3428,2.029872330498335
conv_4_20_OFF_int8.tflite,20,0,8.947,3428,2.0304839062126208
conv_4_20_OFF_hybrid.tflite,20,N/A,ERROR_TFLITE_INIT_FAILED,ERROR_TFLITE_INIT_FAILED,ERROR_TFLITE_INIT_FAILED
conv_4_20_OFF_float32.tflite,20,1,19.452,5728,2.0301089853574785
conv_4_20_OFF_float32.tflite,20,2,19.452,5728,2.030140527479478
conv_4_20_OFF_float32.tflite,20,3,19.452,5728,2.030093517112621
conv_4_20_OFF_float32.tflite,20,4,19.455,5728,2.030062000704907
conv_4_20_OFF_float32.tflite,20,0,19.748,5728,2.0301723113566212
conv_4_15_ON_int8.tflite,15,3,9.229,3924,2.0497145513031922
conv_4_15_ON_int8.tflite,15,1,9.238,3924,2.0497145513031922
conv_4_15_ON_int8.tflite,15,2,9.238,3924,2.0497145513031922
conv_4_15_ON_int8.tflite,15,4,9.238,3924,2.0502477927317635
conv_4_15_ON_int8.tflite,15,0,10.031,3924,2.0523065470174777
conv_4_15_ON_hybrid.tflite,15,2,13.905,5264,2.052272299944906
conv_4_15_ON_hybrid.tflite,15,3,13.906,5264,2.0522621295526204
conv_4_15_ON_hybrid.tflite,15,1,13.909,5264,2.0526036159906207
conv_4_15_ON_hybrid.tflite,15,4,13.91,5264,2.0520224234954783
conv_4_15_ON_hybrid.tflite,15,0,14.433,5264,2.0526940974143346
conv_4_15_ON_float32.tflite,15,3,13.916,5264,2.0522621295526204
conv_4_15_ON_float32.tflite,15,1,13.92,5264,2.0526036159906207
conv_4_15_ON_float32.tflite,15,2,13.921,5264,2.052272299944906
conv_4_15_ON_float32.tflite,15,4,13.921,5264,2.0520224234954783
conv_4_15_ON_float32.tflite,15,0,14.505,5264,2.0526940974143346
conv_4_15_OFF_int8.tflite,15,3,5.948,2740,2.054150068629764
conv_4_15_OFF_int8.tflite,15,2,5.952,2740,2.0471628929154777
conv_4_15_OFF_int8.tflite,15,4,5.952,2740,2.0465643543440493
conv_4_15_OFF_int8.tflite,15,1,5.961,2740,2.054150068629764
conv_4_15_OFF_int8.tflite,15,0,6.509,2740,2.054150068629764
conv_4_15_OFF_hybrid.tflite,15,1,13.087,4080,2.053953237968621
conv_4_15_OFF_hybrid.tflite,15,2,13.094,4080,2.0536658515849067
conv_4_15_OFF_hybrid.tflite,15,4,13.095,4080,2.054283007625764
conv_4_15_OFF_hybrid.tflite,15,3,13.096,4080,2.054233203340049
conv_4_15_OFF_hybrid.tflite,15,0,13.349,4080,2.0535653465400494
conv_4_15_OFF_float32.tflite,15,2,13.092,4080,2.0536658515849067
conv_4_15_OFF_float32.tflite,15,3,13.095,4080,2.054233203340049
conv_4_15_OFF_float32.tflite,15,1,13.096,4080,2.053953237968621
conv_4_15_OFF_float32.tflite,15,4,13.097,4080,2.054283007625764
conv_4_15_OFF_float32.tflite,15,0,13.412,4080,2.0535653465400494
conv_4_10_ON_int8.tflite,10,3,6.544,3764,2.0373424892966203
conv_4_10_ON_int8.tflite,10,2,6.552,3764,2.038491540725192
conv_4_10_ON_int8.tflite,10,4,6.555,3764,2.0379148421537634
conv_4_10_ON_int8.tflite,10,1,6.559,3764,2.0379148421537634
conv_4_10_ON_int8.tflite,10,0,7.333,3764,2.038491540725192
conv_4_10_ON_hybrid.tflite,10,2,9.502,4624,2.0391246984437634
conv_4_10_ON_hybrid.tflite,10,4,9.502,4624,2.0391530774074775
conv_4_10_ON_hybrid.tflite,10,3,9.507,4624,2.0392171631217635
conv_4_10_ON_hybrid.tflite,10,1,9.51,4624,2.038994202729478
conv_4_10_ON_hybrid.tflite,10,0,9.974,4624,2.038928395189478
conv_4_10_ON_float32.tflite,10,2,9.506,4624,2.0391246984437634
conv_4_10_ON_float32.tflite,10,4,9.506,4624,2.0391530774074775
conv_4_10_ON_float32.tflite,10,3,9.514,4624,2.0392171631217635
conv_4_10_ON_float32.tflite,10,1,9.519,4624,2.038994202729478
conv_4_10_ON_float32.tflite,10,0,9.962,4624,2.038928395189478
conv_4_10_OFF_int8.tflite,10,3,4.167,2580,2.0317248013820497
conv_4_10_OFF_int8.tflite,10,4,4.174,2580,2.0317248013820497
conv_4_10_OFF_int8.tflite,10,1,4.175,2580,2.031749968750621
conv_4_10_OFF_int8.tflite,10,2,4.182,2580,2.0317248013820497
conv_4_10_OFF_int8.tflite,10,0,4.675,2580,2.0317248013820497
conv_4_10_OFF_hybrid.tflite,10,2,8.79,3440,2.033408718869478
conv_4_10_OFF_hybrid.tflite,10,4,8.791,3440,2.0334892678380494
conv_4_10_OFF_hybrid.tflite,10,3,8.795,3440,2.033392823155192
conv_4_10_OFF_hybrid.tflite,10,1,8.802,3440,2.0333748838600494
conv_4_10_OFF_hybrid.tflite,10,0,9.153,3440,2.0333589824314777
conv_4_10_OFF_float32.tflite,10,2,8.782,3440,2.033408718869478
conv_4_10_OFF_float32.tflite,10,4,8.791,3440,2.0334892678380494
conv_4_10_OFF_float32.tflite,10,1,8.799,3440,2.0333748838600494
conv_4_10_OFF_float32.tflite,10,3,8.799,3440,2.033392823155192
conv_4_10_OFF_float32.tflite,10,0,9.182,3440,2.0333589824314777
conv_3_5_ON_int8.tflite,5,2,3.221,2964,2.035035684202335
conv_3_5_ON_int8.tflite,5,4,3.226,2964,2.0344720227737634
conv_3_5_ON_int8.tflite,5,1,3.229,2964,2.035035684202335
conv_3_5_ON_int8.tflite,5,3,3.229,2964,2.035035684202335
conv_3_5_ON_int8.tflite,5,0,3.996,2964,2.035035684202335
conv_3_5_ON_hybrid.tflite,5,2,4.162,3344,2.037578792634906
conv_3_5_ON_hybrid.tflite,5,1,4.169,3344,2.037578792634906
conv_3_5_ON_hybrid.tflite,5,4,4.169,3344,2.0375647522263347
conv_3_5_ON_hybrid.tflite,5,3,4.17,3344,2.0375791707977635
conv_3_5_ON_hybrid.tflite,5,0,4.658,3344,2.0375643740634777
conv_3_5_ON_float32.tflite,5,2,4.161,3344,2.037578792634906
conv_3_5_ON_float32.tflite,5,4,4.17,3344,2.0375647522263347
conv_3_5_ON_float32.tflite,5,1,4.173,3344,2.037578792634906
conv_3_5_ON_float32.tflite,5,3,4.175,3344,2.0375791707977635
conv_3_5_ON_float32.tflite,5,0,4.606,3344,2.0375643740634777
conv_3_5_OFF_int8.tflite,5,2,1.942,2020,2.031749968750621
conv_3_5_OFF_int8.tflite,5,4,1.942,2020,2.033688117542049
conv_3_5_OFF_int8.tflite,5,3,1.946,2020,2.033708660179192
conv_3_5_OFF_int8.tflite,5,1,1.958,2020,2.033688117542049
conv_3_5_OFF_int8.tflite,5,0,2.454,2020,2.033688117542049
conv_3_5_OFF_hybrid.tflite,5,2,3.605,2400,2.033827088807192
conv_3_5_OFF_hybrid.tflite,5,1,3.61,2400,2.0337943981957634
conv_3_5_OFF_hybrid.tflite,5,3,3.61,2400,2.0336644055529063
conv_3_5_OFF_hybrid.tflite,5,4,3.614,2400,2.0337321506443344
conv_3_5_OFF_hybrid.tflite,5,0,3.916,2400,2.0338642530023354
conv_3_5_OFF_float32.tflite,5,2,3.602,2400,2.033827088807192
conv_3_5_OFF_float32.tflite,5,4,3.602,2400,2.0337321506443344
conv_3_5_OFF_float32.tflite,5,1,3.614,2400,2.0337943981957634
conv_3_5_OFF_float32.tflite,5,3,3.614,2400,2.0336644055529063
conv_3_5_OFF_float32.tflite,5,0,3.896,2400,2.0338642530023354
conv_3_20_ON_int8.tflite,20,3,10.447,4084,2.0427175561377635
conv_3_20_ON_int8.tflite,20,1,10.45,4084,2.0470096471729065
conv_3_20_ON_int8.tflite,20,4,10.454,4084,2.0447035522463346
conv_3_20_ON_int8.tflite,20,2,10.455,4084,2.0430577341949068
conv_3_20_ON_int8.tflite,20,0,11.225,4084,2.047881481732049
conv_3_20_ON_hybrid.tflite,20,N/A,ERROR_TFLITE_INIT_FAILED,ERROR_TFLITE_INIT_FAILED,ERROR_TFLITE_INIT_FAILED
conv_3_20_ON_float32.tflite,20,1,16.74,6384,2.0448279591009064
conv_3_20_ON_float32.tflite,20,3,16.741,6384,2.0438311141137637
conv_3_20_ON_float32.tflite,20,4,16.744,6384,2.0440003493089067
conv_3_20_ON_float32.tflite,20,2,16.745,6384,2.044693999742621
conv_3_20_ON_float32.tflite,20,0,17.288,6384,2.044660672531478
conv_3_20_OFF_int8.tflite,20,1,7.056,3140,2.031749968750621
conv_3_20_OFF_int8.tflite,20,3,7.061,3140,2.031749968750621
conv_3_20_OFF_int8.tflite,20,4,7.062,3140,2.031749968750621
conv_3_20_OFF_int8.tflite,20,2,7.064,3140,2.031749968750621
conv_3_20_OFF_int8.tflite,20,0,7.608,3140,2.031749968750621
conv_3_20_OFF_hybrid.tflite,20,N/A,ERROR_TFLITE_INIT_FAILED,ERROR_TFLITE_INIT_FAILED,ERROR_TFLITE_INIT_FAILED
conv_3_20_OFF_float32.tflite,20,3,15.945,5440,2.0325578691477637
conv_3_20_OFF_float32.tflite,20,1,15.951,5440,2.0325578691477637
conv_3_20_OFF_float32.tflite,20,2,15.956,5440,2.0325578691477637
conv_3_20_OFF_float32.tflite,20,4,15.957,5440,2.0325578691477637
conv_3_20_OFF_float32.tflite,20,0,16.356,5440,2.0325578691477637
conv_3_15_ON_int8.tflite,15,3,7.615,3396,2.053706438525478
conv_3_15_ON_int8.tflite,15,2,7.616,3396,2.0515320643606207
conv_3_15_ON_int8.tflite,15,1,7.624,3396,2.0519913172177637
conv_3_15_ON_int8.tflite,15,4,7.624,3396,2.0541915300749065
conv_3_15_ON_int8.tflite,15,0,8.403,3396,2.0488812900749065
conv_3_15_ON_hybrid.tflite,15,4,11.186,4736,2.0549746287160495
conv_3_15_ON_hybrid.tflite,15,3,11.19,4736,2.0551683593474785
conv_3_15_ON_hybrid.tflite,15,2,11.191,4736,2.0550509088789064
conv_3_15_ON_hybrid.tflite,15,1,11.194,4736,2.0551084948443346
conv_3_15_ON_hybrid.tflite,15,0,11.638,4736,2.0549116835569063
conv_3_15_ON_float32.tflite,15,4,11.189,4736,2.0549746287160495
conv_3_15_ON_float32.tflite,15,3,11.194,4736,2.0551683593474785
conv_3_15_ON_float32.tflite,15,2,11.196,4736,2.0550509088789064
conv_3_15_ON_float32.tflite,15,1,11.198,4736,2.0551084948443346
conv_3_15_ON_float32.tflite,15,0,11.737,4736,2.0549116835569063
conv_3_15_OFF_int8.tflite,15,3,4.911,2452,2.047710803089764
conv_3_15_OFF_int8.tflite,15,1,4.919,2452,2.047710803089764
conv_3_15_OFF_int8.tflite,15,2,4.919,2452,2.047710803089764
conv_3_15_OFF_int8.tflite,15,4,4.92,2452,2.047710803089764
conv_3_15_OFF_int8.tflite,15,0,5.431,2452,2.047710803089764
conv_3_15_OFF_hybrid.tflite,15,1,10.454,3792,2.0517553245223352
conv_3_15_OFF_hybrid.tflite,15,2,10.458,3792,2.051471427776621
conv_3_15_OFF_hybrid.tflite,15,4,10.458,3792,2.051487264318335
conv_3_15_OFF_hybrid.tflite,15,3,10.469,3792,2.0511256738880492
conv_3_15_OFF_hybrid.tflite,15,0,10.771,3792,2.0519826947374775
conv_3_15_OFF_float32.tflite,15,1,10.461,3792,2.0517553245223352
conv_3_15_OFF_float32.tflite,15,3,10.462,3792,2.0511256738880492
conv_3_15_OFF_float32.tflite,15,2,10.466,3792,2.051471427776621
conv_3_15_OFF_float32.tflite,15,4,10.469,3792,2.051487264318335
conv_3_15_OFF_float32.tflite,15,0,10.834,3792,2.0519826947374775
conv_3_10_ON_int8.tflite,10,4,5.469,3236,2.053904121402335
conv_3_10_ON_int8.tflite,10,2,5.47,3236,2.0517934873423354
conv_3_10_ON_int8.tflite,10,3,5.47,3236,2.053904121402335
conv_3_10_ON_int8.tflite,10,1,5.478,3236,2.053904121402335
conv_3_10_ON_int8.tflite,10,0,6.264,3236,2.049730387342335
conv_3_10_ON_hybrid.tflite,10,2,7.688,4096,2.0521270549834774
conv_3_10_ON_hybrid.tflite,10,4,7.698,4096,2.051914266074049
conv_3_10_ON_hybrid.tflite,10,3,7.701,4096,2.052191818221478
conv_3_10_ON_hybrid.tflite,10,1,7.705,4096,2.051970119908335
conv_3_10_ON_hybrid.tflite,10,0,8.262,4096,2.051890164887478
conv_3_10_ON_float32.tflite,10,2,7.697,4096,2.0521270549834774
conv_3_10_ON_float32.tflite,10,4,7.697,4096,2.051914266074049
conv_3_10_ON_float32.tflite,10,1,7.701,4096,2.051970119908335
conv_3_10_ON_float32.tflite,10,3,7.706,4096,2.052191818221478
conv_3_10_ON_float32.tflite,10,0,8.209,4096,2.051890164887478
conv_3_10_OFF_int8.tflite,10,1,3.486,2292,2.031749968750621
conv_3_10_OFF_int8.tflite,10,2,3.49,2292,2.031749968750621
conv_3_10_OFF_int8.tflite,10,4,3.49,2292,2.031749968750621
conv_3_10_OFF_int8.tflite,10,3,3.491,2292,2.031749968750621
conv_3_10_OFF_int8.tflite,10,0,3.999,2292,2.031749968750621
conv_3_10_OFF_hybrid.tflite,10,4,7.053,3152,2.0333127244649067
conv_3_10_OFF_hybrid.tflite,10,1,7.061,3152,2.033375313036335
conv_3_10_OFF_hybrid.tflite,10,2,7.062,3152,2.033375313036335
conv_3_10_OFF_hybrid.tflite,10,3,7.065,3152,2.0333127244649067
conv_3_10_OFF_hybrid.tflite,10,0,7.383,3152,2.0333592887506207
conv_3_10_OFF_float32.tflite,10,3,7.068,3152,2.0333127244649067
conv_3_10_OFF_float32.tflite,10,4,7.069,3152,2.0333127244649067
conv_3_10_OFF_float32.tflite,10,1,7.07,3152,2.033375313036335
conv_3_10_OFF_float32.tflite,10,2,7.07,3152,2.033375313036335
conv_3_10_OFF_float32.tflite,10,0,7.526,3152,2.0333592887506207
conv_2_5_ON_int8.tflite,5,2,2.678,2436,2.0342778412554776
conv_2_5_ON_int8.tflite,5,3,2.678,2436,2.0342778412554776
conv_2_5_ON_int8.tflite,5,4,2.684,2436,2.0342778412554776
conv_2_5_ON_int8.tflite,5,1,2.686,2436,2.0342778412554776
conv_2_5_ON_int8.tflite,5,0,3.563,2436,2.0342778412554776
conv_2_5_ON_hybrid.tflite,5,1,3.271,2816,2.0330479218651925
conv_2_5_ON_hybrid.tflite,5,2,3.271,2816,2.0330479218651925
conv_2_5_ON_hybrid.tflite,5,4,3.271,2816,2.0330479218651925
conv_2_5_ON_hybrid.tflite,5,3,3.273,2816,2.0330479218651925
conv_2_5_ON_hybrid.tflite,5,0,3.739,2816,2.0330479218651925
conv_2_5_ON_float32.tflite,5,2,3.266,2816,2.0330479218651925
conv_2_5_ON_float32.tflite,5,4,3.274,2816,2.0330479218651925
conv_2_5_ON_float32.tflite,5,3,3.275,2816,2.0330479218651925
conv_2_5_ON_float32.tflite,5,1,3.282,2816,2.0330479218651925
conv_2_5_ON_float32.tflite,5,0,3.811,2816,2.0330479218651925
conv_2_5_OFF_int8.tflite,5,2,1.623,1732,2.1744949992277633
conv_2_5_OFF_int8.tflite,5,4,1.623,1732,2.1874037621420492
conv_2_5_OFF_int8.tflite,5,3,1.624,1732,2.1744949992277633
conv_2_5_OFF_int8.tflite,5,1,1.627,1732,2.1744949992277633
conv_2_5_OFF_int8.tflite,5,0,2.116,1732,2.1106537915706207
conv_2_5_OFF_hybrid.tflite,5,1,2.774,2112,2.150451064211478
conv_2_5_OFF_hybrid.tflite,5,2,2.774,2112,2.1462548375229065
conv_2_5_OFF_hybrid.tflite,5,4,2.774,2112,2.149080350608621
conv_2_5_OFF_hybrid.tflite,5,3,2.782,2112,2.1488303143914775
conv_2_5_OFF_hybrid.tflite,5,0,3.119,2112,2.1502165253829064
conv_2_5_OFF_float32.tflite,5,4,2.766,2112,2.149080350608621
conv_2_5_OFF_float32.tflite,5,3,2.769,2112,2.1488303143914775
conv_2_5_OFF_float32.tflite,5,1,2.77,2112,2.150451064211478
conv_2_5_OFF_float32.tflite,5,2,2.774,2112,2.1462548375229065
conv_2_5_OFF_float32.tflite,5,0,3.007,2112,2.1502165253829064
conv_2_20_ON_int8.tflite,20,3,7.657,3268,2.033470443309764
conv_2_20_ON_int8.tflite,20,1,7.66,3268,2.033449621655478
conv_2_20_ON_int8.tflite,20,2,7.667,3268,2.033470443309764
conv_2_20_ON_int8.tflite,20,4,7.668,3268,2.033470443309764
conv_2_20_ON_int8.tflite,20,0,8.454,3268,2.0328447073697635
conv_2_20_ON_hybrid.tflite,20,N/A,ERROR_TFLITE_INIT_FAILED,ERROR_TFLITE_INIT_FAILED,ERROR_TFLITE_INIT_FAILED
conv_2_20_ON_float32.tflite,20,4,11.131,5088,2.0321517927154784
conv_2_20_ON_float32.tflite,20,3,11.135,5088,2.032210052731764
conv_2_20_ON_float32.tflite,20,2,11.139,5088,2.0321727955726208
conv_2_20_ON_float32.tflite,20,1,11.144,5088,2.032121621286907
conv_2_20_ON_float32.tflite,20,0,11.661,5088,2.032136705572621
conv_2_20_OFF_int8.tflite,20,1,5.011,2564,2.0535369913820496
conv_2_20_OFF_int8.tflite,20,4,5.011,2564,2.0535369913820496
conv_2_20_OFF_int8.tflite,20,2,5.012,2564,2.0490306613820493
conv_2_20_OFF_int8.tflite,20,3,5.016,2564,2.0535369913820496
conv_2_20_OFF_int8.tflite,20,0,5.516,2564,2.0535369913820496
conv_2_20_OFF_hybrid.tflite,20,N/A,ERROR_TFLITE_INIT_FAILED,ERROR_TFLITE_INIT_FAILED,ERROR_TFLITE_INIT_FAILED
conv_2_20_OFF_float32.tflite,20,4,10.444,4384,2.053249158875192
conv_2_20_OFF_float32.tflite,20,1,10.453,4384,2.0526022574466207
conv_2_20_OFF_float32.tflite,20,2,10.456,4384,2.0523104170494775
conv_2_20_OFF_float32.tflite,20,3,10.456,4384,2.053040551732335
conv_2_20_OFF_float32.tflite,20,0,10.734,4384,2.052654175947478
conv_2_15_ON_int8.tflite,15,3,5.997,2868,2.2854961672314777
conv_2_15_ON_int8.tflite,15,1,6.001,2868,2.2921422400886216
conv_2_15_ON_int8.tflite,15,2,6.005,2868,2.2894945455771922
conv_2_15_ON_int8.tflite,15,4,6.005,2868,2.2821738841486208
conv_2_15_ON_int8.tflite,15,0,6.767,2868,2.2921422400886216
conv_2_15_ON_hybrid.tflite,15,2,8.458,4208,2.3043357743374777
conv_2_15_ON_hybrid.tflite,15,4,8.458,4208,2.2907312240697633
conv_2_15_ON_hybrid.tflite,15,3,8.462,4208,2.299625648234335
conv_2_15_ON_hybrid.tflite,15,1,8.482,4208,2.306944770799478
conv_2_15_ON_hybrid.tflite,15,0,8.905,4208,2.307833098040335
conv_2_15_ON_float32.tflite,15,1,8.462,4208,2.306944770799478
conv_2_15_ON_float32.tflite,15,2,8.462,4208,2.3043357743374777
conv_2_15_ON_float32.tflite,15,4,8.463,4208,2.2907312240697633
conv_2_15_ON_float32.tflite,15,3,8.467,4208,2.299625648234335
conv_2_15_ON_float32.tflite,15,0,8.979,4208,2.307833098040335
conv_2_15_OFF_int8.tflite,15,4,3.878,2164,2.0380180614869063
conv_2_15_OFF_int8.tflite,15,3,3.879,2164,2.0380180614869063
conv_2_15_OFF_int8.tflite,15,1,3.883,2164,2.0404903272011916
conv_2_15_OFF_int8.tflite,15,2,3.886,2164,2.0380180614869063
conv_2_15_OFF_int8.tflite,15,0,4.399,2164,2.0404903272011916
conv_2_15_OFF_hybrid.tflite,15,4,7.831,3504,2.0428970613591924
conv_2_15_OFF_hybrid.tflite,15,1,7.839,3504,2.043435002012335
conv_2_15_OFF_hybrid.tflite,15,2,7.847,3504,2.0429695064203353
conv_2_15_OFF_hybrid.tflite,15,3,7.855,3504,2.042650640308906
conv_2_15_OFF_hybrid.tflite,15,0,8.124,3504,2.043275269522049
conv_2_15_OFF_float32.tflite,15,2,7.827,3504,2.0429695064203353
conv_2_15_OFF_float32.tflite,15,3,7.835,3504,2.042650640308906
conv_2_15_OFF_float32.tflite,15,1,7.851,3504,2.043435002012335
conv_2_15_OFF_float32.tflite,15,4,7.851,3504,2.0428970613591924
conv_2_15_OFF_float32.tflite,15,0,8.108,3504,2.043275269522049
conv_2_10_ON_int8.tflite,10,4,4.385,2708,2.053322562347192
conv_2_10_ON_int8.tflite,10,2,4.386,2708,2.0528285437757634
conv_2_10_ON_int8.tflite,10,3,4.386,2708,2.053322562347192
conv_2_10_ON_int8.tflite,10,1,4.394,2708,2.053322562347192
conv_2_10_ON_int8.tflite,10,0,5.16,2708,2.053322562347192
conv_2_10_ON_hybrid.tflite,10,3,5.888,3568,2.054459322283192
conv_2_10_ON_hybrid.tflite,10,1,5.891,3568,2.0542441755651923
conv_2_10_ON_hybrid.tflite,10,4,5.896,3568,2.054257693657478
conv_2_10_ON_hybrid.tflite,10,2,5.897,3568,2.0542345465889063
conv_2_10_ON_hybrid.tflite,10,0,6.416,3568,2.0542019434014778
conv_2_10_ON_float32.tflite,10,1,5.892,3568,2.0542441755651923
conv_2_10_ON_float32.tflite,10,3,5.896,3568,2.054459322283192
conv_2_10_ON_float32.tflite,10,4,5.896,3568,2.054257693657478
conv_2_10_ON_float32.tflite,10,2,5.9,3568,2.0542345465889063
conv_2_10_ON_float32.tflite,10,0,6.527,3568,2.0542019434014778
conv_2_10_OFF_int8.tflite,10,3,2.798,2004,1.9525351260706205
conv_2_10_OFF_int8.tflite,10,4,2.803,2004,1.9615912316077637
conv_2_10_OFF_int8.tflite,10,1,2.807,2004,1.9615912316077637
conv_2_10_OFF_int8.tflite,10,2,2.812,2004,1.9525351260706205
conv_2_10_OFF_int8.tflite,10,0,3.307,2004,1.9611225093277636
conv_2_10_OFF_hybrid.tflite,10,2,5.32,2864,1.9588948925166207
conv_2_10_OFF_hybrid.tflite,10,4,5.32,2864,1.9585346627709062
conv_2_10_OFF_hybrid.tflite,10,1,5.336,2864,1.9583625989423352
conv_2_10_OFF_hybrid.tflite,10,3,5.336,2864,1.9585376583851921
conv_2_10_OFF_hybrid.tflite,10,0,5.705,2864,1.9580841898071921
conv_2_10_OFF_float32.tflite,10,4,5.337,2864,1.9585346627709062
conv_2_10_OFF_float32.tflite,10,1,5.34,2864,1.9583625989423352
conv_2_10_OFF_float32.tflite,10,3,5.34,2864,1.9585376583851921
conv_2_10_OFF_float32.tflite,10,2,5.341,2864,1.9588948925166207
conv_2_10_OFF_float32.tflite,10,0,5.661,2864,1.9580841898071921
conv_1_5_ON_int8.tflite,5,2,2.139,1908,2.0366834814146206
conv_1_5_ON_int8.tflite,5,4,2.139,1908,2.035593640900335
conv_1_5_ON_int8.tflite,5,1,2.142,1908,2.0366834814146206
conv_1_5_ON_int8.tflite,5,3,2.148,1908,2.0366834814146206
conv_1_5_ON_int8.tflite,5,0,2.918,1908,2.0366834814146206
conv_1_5_ON_hybrid.tflite,5,2,2.38,2288,2.0346895274994776
conv_1_5_ON_hybrid.tflite,5,4,2.38,2288,2.034703468928049
conv_1_5_ON_hybrid.tflite,5,3,2.383,2288,2.034703468928049
conv_1_5_ON_hybrid.tflite,5,1,2.392,2288,2.0346800949851915
conv_1_5_ON_hybrid.tflite,5,0,2.789,2288,2.034614846413763
conv_1_5_ON_float32.tflite,5,4,2.372,2288,2.034703468928049
conv_1_5_ON_float32.tflite,5,2,2.38,2288,2.0346895274994776
conv_1_5_ON_float32.tflite,5,3,2.38,2288,2.034703468928049
conv_1_5_ON_float32.tflite,5,1,2.407,2288,2.0346800949851915
conv_1_5_ON_float32.tflite,5,0,2.865,2288,2.034614846413763
conv_1_5_OFF_int8.tflite,5,2,1.297,1444,2.111364742186049
conv_1_5_OFF_int8.tflite,5,3,1.297,1444,2.111364742186049
conv_1_5_OFF_int8.tflite,5,4,1.297,1444,2.123614209733192
conv_1_5_OFF_int8.tflite,5,1,1.301,1444,2.0976937298489067
conv_1_5_OFF_int8.tflite,5,0,1.801,1444,2.111364742186049
conv_1_5_OFF_hybrid.tflite,5,4,1.926,1824,2.0862676987969064
conv_1_5_OFF_hybrid.tflite,5,1,1.93,1824,2.0858956664706207
conv_1_5_OFF_hybrid.tflite,5,3,1.93,1824,2.086011964547478
conv_1_5_OFF_hybrid.tflite,5,2,1.931,1824,2.0860578642826204
conv_1_5_OFF_hybrid.tflite,5,0,2.151,1824,2.085976242546049
conv_1_5_OFF_float32.tflite,5,2,1.933,1824,2.0860578642826204
conv_1_5_OFF_float32.tflite,5,3,1.933,1824,2.086011964547478
conv_1_5_OFF_float32.tflite,5,1,1.934,1824,2.0858956664706207
conv_1_5_OFF_float32.tflite,5,4,1.942,1824,2.0862676987969064
conv_1_5_OFF_float32.tflite,5,0,2.282,1824,2.085976242546049
conv_1_20_ON_int8.tflite,20,3,5.481,2500,2.0338105207469064
conv_1_20_ON_int8.tflite,20,2,5.482,2500,2.0338105207469064
conv_1_20_ON_int8.tflite,20,1,5.486,2500,2.0338105207469064
conv_1_20_ON_int8.tflite,20,4,5.49,2500,2.0338105207469064
conv_1_20_ON_int8.tflite,20,0,6.284,2500,2.0338105207469064
conv_1_20_ON_hybrid.tflite,20,4,7.423,4320,2.0340038099254776
conv_1_20_ON_hybrid.tflite,20,2,7.431,4320,2.0340038099254776
conv_1_20_ON_hybrid.tflite,20,3,7.435,4320,2.0340038099254776
conv_1_20_ON_hybrid.tflite,20,1,7.443,4320,2.0340038099254776
conv_1_20_ON_hybrid.tflite,20,0,7.869,4320,2.0340038099254776
conv_1_20_ON_float32.tflite,20,4,7.428,4320,2.0340038099254776
conv_1_20_ON_float32.tflite,20,2,7.432,4320,2.0340038099254776
conv_1_20_ON_float32.tflite,20,3,7.444,4320,2.0340038099254776
conv_1_20_ON_float32.tflite,20,1,7.451,4320,2.0340038099254776
conv_1_20_ON_float32.tflite,20,0,7.911,4320,2.0340038099254776
conv_1_20_OFF_int8.tflite,20,3,3.564,2036,2.031749968750621
conv_1_20_OFF_int8.tflite,20,2,3.572,2036,2.031749968750621
conv_1_20_OFF_int8.tflite,20,1,3.58,2036,2.031749968750621
conv_1_20_OFF_int8.tflite,20,4,3.58,2036,2.031749968750621
conv_1_20_OFF_int8.tflite,20,0,4.052,2036,2.031749968750621
conv_1_20_OFF_hybrid.tflite,20,1,6.862,3856,2.032499593036335
conv_1_20_OFF_hybrid.tflite,20,2,6.871,3856,2.032499593036335
conv_1_20_OFF_hybrid.tflite,20,3,6.871,3856,2.032499593036335
conv_1_20_OFF_hybrid.tflite,20,4,6.871,3856,2.032499593036335
conv_1_20_OFF_hybrid.tflite,20,0,7.189,3856,2.032499593036335
conv_1_20_OFF_float32.tflite,20,2,6.863,3856,2.032499593036335
conv_1_20_OFF_float32.tflite,20,3,6.863,3856,2.032499593036335
conv_1_20_OFF_float32.tflite,20,1,6.871,3856,2.032499593036335
conv_1_20_OFF_float32.tflite,20,4,6.871,3856,2.032499593036335
conv_1_20_OFF_float32.tflite,20,0,7.144,3856,2.032499593036335
conv_1_15_ON_int8.tflite,15,3,4.372,2340,2.032499239937478
conv_1_15_ON_int8.tflite,15,1,4.379,2340,2.032499239937478
conv_1_15_ON_int8.tflite,15,2,4.379,2340,2.032499239937478
conv_1_15_ON_int8.tflite,15,4,4.38,2340,2.032499239937478
conv_1_15_ON_int8.tflite,15,0,5.154,2340,2.032499239937478
conv_1_15_ON_hybrid.tflite,15,4,5.751,3680,2.0335666331074784
conv_1_15_ON_hybrid.tflite,15,2,5.759,3680,2.0335356091483354
conv_1_15_ON_hybrid.tflite,15,3,5.759,3680,2.0335512705769068
conv_1_15_ON_hybrid.tflite,15,1,5.763,3680,2.0335985605769067
conv_1_15_ON_hybrid.tflite,15,0,6.291,3680,2.033620891989192
conv_1_15_ON_float32.tflite,15,2,5.731,3680,2.0335356091483354
conv_1_15_ON_float32.tflite,15,4,5.731,3680,2.0335666331074784
conv_1_15_ON_float32.tflite,15,3,5.739,3680,2.0335512705769068
conv_1_15_ON_float32.tflite,15,1,5.743,3680,2.0335985605769067
conv_1_15_ON_float32.tflite,15,0,6.242,3680,2.033620891989192
conv_1_15_OFF_int8.tflite,15,3,2.825,1876,2.1015657114934783
conv_1_15_OFF_int8.tflite,15,1,2.832,1876,2.1015657114934783
conv_1_15_OFF_int8.tflite,15,2,2.832,1876,2.1233092700649068
conv_1_15_OFF_int8.tflite,15,4,2.841,1876,2.0895899762934778
conv_1_15_OFF_int8.tflite,15,0,3.352,1876,2.104144670064907
conv_1_15_OFF_hybrid.tflite,15,2,5.216,3216,2.1471796593677634
conv_1_15_OFF_hybrid.tflite,15,1,5.217,3216,2.149368110787764
conv_1_15_OFF_hybrid.tflite,15,3,5.217,3216,2.148645262624906
conv_1_15_OFF_hybrid.tflite,15,4,5.226,3216,2.146174604516335
conv_1_15_OFF_hybrid.tflite,15,0,5.641,3216,2.1433204865106203
conv_1_15_OFF_float32.tflite,15,3,5.229,3216,2.148645262624906
conv_1_15_OFF_float32.tflite,15,4,5.229,3216,2.146174604516335
conv_1_15_OFF_float32.tflite,15,1,5.237,3216,2.149368110787764
conv_1_15_OFF_float32.tflite,15,2,5.237,3216,2.1471796593677634
conv_1_15_OFF_float32.tflite,15,0,5.471,3216,2.1433204865106203
conv_1_10_ON_int8.tflite,10,3,3.299,2180,2.037514580741192
conv_1_10_ON_int8.tflite,10,2,3.307,2180,2.038119495026906
conv_1_10_ON_int8.tflite,10,1,3.313,2180,2.038119495026906
conv_1_10_ON_int8.tflite,10,4,3.315,2180,2.037514580741192
conv_1_10_ON_int8.tflite,10,0,4.09,2180,2.038140037664049
conv_1_10_ON_hybrid.tflite,10,2,4.078,3040,2.0387122491391927
conv_1_10_ON_hybrid.tflite,10,4,4.079,3040,2.0385337388126206
conv_1_10_ON_hybrid.tflite,10,1,4.091,3040,2.0385671605677635
conv_1_10_ON_hybrid.tflite,10,3,4.095,3040,2.038582381996335
conv_1_10_ON_hybrid.tflite,10,0,4.531,3040,2.038589156336335
conv_1_10_ON_float32.tflite,10,2,4.074,3040,2.0387122491391927
conv_1_10_ON_float32.tflite,10,4,4.075,3040,2.0385337388126206
conv_1_10_ON_float32.tflite,10,1,4.083,3040,2.0385671605677635
conv_1_10_ON_float32.tflite,10,3,4.087,3040,2.038582381996335
conv_1_10_ON_float32.tflite,10,0,4.603,3040,2.038589156336335
conv_1_10_OFF_int8.tflite,10,4,2.116,1716,2.031749968750621
conv_1_10_OFF_int8.tflite,10,1,2.12,1716,2.031749968750621
conv_1_10_OFF_int8.tflite,10,3,2.12,1716,2.0317248013820497
conv_1_10_OFF_int8.tflite,10,2,2.125,1716,2.031749968750621
conv_1_10_OFF_int8.tflite,10,0,2.612,1716,2.031749968750621
conv_1_10_OFF_hybrid.tflite,10,3,3.599,2576,2.032098836853478
conv_1_10_OFF_hybrid.tflite,10,4,3.599,2576,2.0320822101077636
conv_1_10_OFF_hybrid.tflite,10,1,3.606,2576,2.0320528950277637
conv_1_10_OFF_hybrid.tflite,10,2,3.607,2576,2.0321148354249066
conv_1_10_OFF_hybrid.tflite,10,0,3.976,2576,2.032036893599192
conv_1_10_OFF_float32.tflite,10,2,3.594,2576,2.0321148354249066
conv_1_10_OFF_float32.tflite,10,3,3.599,2576,2.032098836853478
conv_1_10_OFF_float32.tflite,10,4,3.604,2576,2.0320822101077636
conv_1_10_OFF_float32.tflite,10,1,3.611,2576,2.0320528950277637
conv_1_10_OFF_float32.tflite,10,0,3.971,2576,2.032036893599192
conv_0_5_ON_int8.tflite,5,3,1.595,1380,2.1714790396951917
conv_0_5_ON_int8.tflite,5,2,1.596,1380,2.1705981277523345
conv_0_5_ON_int8.tflite,5,4,1.596,1380,2.1705981277523345
conv_0_5_ON_int8.tflite,5,1,1.6,1380,2.1707079003837633
conv_0_5_ON_int8.tflite,5,0,2.298,1380,2.170574786218906
conv_0_5_ON_hybrid.tflite,5,2,1.452,1760,2.1759394805329064
conv_0_5_ON_hybrid.tflite,5,4,1.452,1760,2.176020521684335
conv_0_5_ON_hybrid.tflite,5,3,1.453,1760,2.1761091535289068
conv_0_5_ON_hybrid.tflite,5,1,1.469,1760,2.1756796947126213
conv_0_5_ON_hybrid.tflite,5,0,1.94,1760,2.17540642608462
conv_0_5_ON_float32.tflite,5,2,1.465,1760,2.1759394805329064
conv_0_5_ON_float32.tflite,5,3,1.468,1760,2.1761091535289068
conv_0_5_ON_float32.tflite,5,1,1.473,1760,2.1756796947126213
conv_0_5_ON_float32.tflite,5,4,1.473,1760,2.176020521684335
conv_0_5_ON_float32.tflite,5,0,1.933,1760,2.17540642608462
conv_0_5_OFF_int8.tflite,5,4,0.962,1156,1.9261435539783351
conv_0_5_OFF_int8.tflite,5,2,0.963,1156,1.9261435539783351
conv_0_5_OFF_int8.tflite,5,3,0.967,1156,1.9261435539783351
conv_0_5_OFF_int8.tflite,5,1,0.97,1156,1.9261435539783351
conv_0_5_OFF_int8.tflite,5,0,1.479,1156,1.926116036581192
conv_0_5_OFF_hybrid.tflite,5,2,1.086,1408,1.9821459790386202
conv_0_5_OFF_hybrid.tflite,5,4,1.086,1408,1.9798574250969068
conv_0_5_OFF_hybrid.tflite,5,1,1.09,1408,1.9804120996146206
conv_0_5_OFF_hybrid.tflite,5,3,1.09,1408,1.9808856064520497
conv_0_5_OFF_hybrid.tflite,5,0,1.32,1408,1.978262293496335
conv_0_5_OFF_float32.tflite,5,2,1.086,1408,1.9821459790386202
conv_0_5_OFF_float32.tflite,5,4,1.086,1408,1.9798574250969068
conv_0_5_OFF_float32.tflite,5,1,1.09,1408,1.9804120996146206
conv_0_5_OFF_float32.tflite,5,3,1.09,1408,1.9808856064520497
conv_0_5_OFF_float32.tflite,5,0,1.312,1408,1.978262293496335
conv_0_20_ON_int8.tflite,20,3,3.337,1860,2.179608506040335
conv_0_20_ON_int8.tflite,20,1,3.341,1860,2.179608506040335
conv_0_20_ON_int8.tflite,20,2,3.345,1860,2.176359193183192
conv_0_20_ON_int8.tflite,20,4,3.346,1860,2.179608506040335
conv_0_20_ON_int8.tflite,20,0,4.092,1860,2.179608506040335
conv_0_20_ON_hybrid.tflite,20,1,3.803,3680,2.1803855806189065
conv_0_20_ON_hybrid.tflite,20,2,3.803,3680,2.1804651116389064
conv_0_20_ON_hybrid.tflite,20,4,3.803,3680,2.180751981989478
conv_0_20_ON_hybrid.tflite,20,3,3.806,3680,2.180603687010335
conv_0_20_ON_hybrid.tflite,20,0,4.268,3680,2.1803022053017633
conv_0_20_ON_float32.tflite,20,3,3.803,3680,2.180603687010335
conv_0_20_ON_float32.tflite,20,1,3.807,3680,2.1803855806189065
conv_0_20_ON_float32.tflite,20,4,3.807,3680,2.180751981989478
conv_0_20_ON_float32.tflite,20,2,3.811,3680,2.1804651116389064
conv_0_20_ON_float32.tflite,20,0,4.299,3680,2.1803022053017633
conv_0_20_OFF_int8.tflite,20,2,2.165,1508,2.031749968750621
conv_0_20_OFF_int8.tflite,20,4,2.165,1508,2.031749968750621
conv_0_20_OFF_int8.tflite,20,1,2.177,1508,2.031749968750621
conv_0_20_OFF_int8.tflite,20,3,2.177,1508,2.031749968750621
conv_0_20_OFF_int8.tflite,20,0,2.674,1508,2.031749968750621
conv_0_20_OFF_hybrid.tflite,20,2,3.361,2896,2.0323745816077636
conv_0_20_OFF_hybrid.tflite,20,1,3.364,2896,2.0323745816077636
conv_0_20_OFF_hybrid.tflite,20,3,3.365,2896,2.0323745816077636
conv_0_20_OFF_hybrid.tflite,20,4,3.369,2896,2.0323745816077636
conv_0_20_OFF_hybrid.tflite,20,0,3.665,2896,2.0323745816077636
conv_0_20_OFF_float32.tflite,20,4,3.36,2896,2.0323745816077636
conv_0_20_OFF_float32.tflite,20,1,3.364,2896,2.0323745816077636
conv_0_20_OFF_float32.tflite,20,3,3.364,2896,2.0323745816077636
conv_0_20_OFF_float32.tflite,20,2,3.369,2896,2.0323745816077636
conv_0_20_OFF_float32.tflite,20,0,3.595,2896,2.0323745816077636
conv_0_15_ON_int8.tflite,15,4,2.756,1700,2.2250874462937635
conv_0_15_ON_int8.tflite,15,2,2.757,1700,2.2250874462937635
conv_0_15_ON_int8.tflite,15,1,2.764,1700,2.2250874462937635
conv_0_15_ON_int8.tflite,15,3,2.765,1700,2.2250874462937635
conv_0_15_ON_int8.tflite,15,0,3.451,1700,2.2250874462937635
conv_0_15_ON_hybrid.tflite,15,3,3.015,3040,2.230806808209478
conv_0_15_ON_hybrid.tflite,15,4,3.019,3040,2.2308046139237634
conv_0_15_ON_hybrid.tflite,15,2,3.023,3040,2.2308705743160497
conv_0_15_ON_hybrid.tflite,15,1,3.032,3040,2.2311180736111917
conv_0_15_ON_hybrid.tflite,15,0,3.503,3040,2.231296198632049
conv_0_15_ON_float32.tflite,15,3,3.004,3040,2.230806808209478
conv_0_15_ON_float32.tflite,15,4,3.019,3040,2.2308046139237634
conv_0_15_ON_float32.tflite,15,1,3.02,3040,2.2311180736111917
conv_0_15_ON_float32.tflite,15,2,3.024,3040,2.2308705743160497
conv_0_15_ON_float32.tflite,15,0,3.536,3040,2.231296198632049
conv_0_15_OFF_int8.tflite,15,3,1.775,1380,2.081299215599764
conv_0_15_OFF_int8.tflite,15,2,1.776,1380,2.0765475222683354
conv_0_15_OFF_int8.tflite,15,4,1.776,1380,2.0808867155920496
conv_0_15_OFF_int8.tflite,15,1,1.779,1380,2.074150775050907
conv_0_15_OFF_int8.tflite,15,0,2.263,1380,2.069439711069478
conv_0_15_OFF_hybrid.tflite,15,1,2.61,2400,2.0723524391329065
conv_0_15_OFF_hybrid.tflite,15,3,2.61,2400,2.072112400304621
conv_0_15_OFF_hybrid.tflite,15,4,2.61,2400,2.0717264098529062
conv_0_15_OFF_hybrid.tflite,15,2,2.618,2400,2.072134507768049
conv_0_15_OFF_hybrid.tflite,15,0,2.959,2400,2.0725488607031926
conv_0_15_OFF_float32.tflite,15,4,2.602,2400,2.0717264098529062
conv_0_15_OFF_float32.tflite,15,2,2.603,2400,2.072134507768049
conv_0_15_OFF_float32.tflite,15,1,2.606,2400,2.0723524391329065
conv_0_15_OFF_float32.tflite,15,3,2.614,2400,2.072112400304621
conv_0_15_OFF_float32.tflite,15,0,2.832,2400,2.0725488607031926
conv_0_10_ON_int8.tflite,10,2,2.172,1540,2.229200458497478
conv_0_10_ON_int8.tflite,10,4,2.173,1540,2.229024122783192
conv_0_10_ON_int8.tflite,10,1,2.18,1540,2.232448673003192
conv_0_10_ON_int8.tflite,10,3,2.181,1540,2.229200458497478
conv_0_10_ON_int8.tflite,10,0,2.943,1540,2.229200458497478
conv_0_10_ON_hybrid.tflite,10,4,2.248,2400,2.231783246872049
conv_0_10_ON_hybrid.tflite,10,2,2.249,2400,2.2322888640806213
conv_0_10_ON_hybrid.tflite,10,3,2.252,2400,2.2321951397949062
conv_0_10_ON_hybrid.tflite,10,1,2.266,2400,2.2323586512071922
conv_0_10_ON_hybrid.tflite,10,0,2.725,2400,2.232277165901478
conv_0_10_ON_float32.tflite,10,3,2.236,2400,2.2321951397949062
conv_0_10_ON_float32.tflite,10,4,2.241,2400,2.231783246872049
conv_0_10_ON_float32.tflite,10,1,2.244,2400,2.2323586512071922
conv_0_10_ON_float32.tflite,10,2,2.249,2400,2.2322888640806213
conv_0_10_ON_float32.tflite,10,0,2.712,2400,2.232277165901478
conv_0_10_OFF_int8.tflite,10,4,1.365,1252,2.0623155416077634
conv_0_10_OFF_int8.tflite,10,3,1.37,1252,2.0623155416077634
conv_0_10_OFF_int8.tflite,10,2,1.373,1252,2.0623155416077634
conv_0_10_OFF_int8.tflite,10,1,1.379,1252,2.0623155416077634
conv_0_10_OFF_int8.tflite,10,0,1.877,1252,2.0623155416077634
conv_0_10_OFF_hybrid.tflite,10,2,1.844,1904,2.0396505601629062
conv_0_10_OFF_hybrid.tflite,10,3,1.844,1904,2.039666290162906
conv_0_10_OFF_hybrid.tflite,10,4,1.844,1904,2.0402193858771924
conv_0_10_OFF_hybrid.tflite,10,1,1.848,1904,2.0397926501629065
conv_0_10_OFF_hybrid.tflite,10,0,2.073,1904,2.0397294673057638
conv_0_10_OFF_float32.tflite,10,2,1.844,1904,2.0396505601629062
conv_0_10_OFF_float32.tflite,10,4,1.844,1904,2.0402193858771924
conv_0_10_OFF_float32.tflite,10,3,1.848,1904,2.039666290162906
conv_0_10_OFF_float32.tflite,10,1,1.856,1904,2.0397926501629065
conv_0_10_OFF_float32.tflite,10,0,2.158,1904,2.0397294673057638