Model,Seq_Length,Sample_ID,Inference_Time_ms,Arena_Memory_Bytes,MSE
dense_5_10_OFF_float32.tflite,10,N/A,ERROR_TFLITE_INIT_FAILED,ERROR_TFLITE_INIT_FAILED,ERROR_TFLITE_INIT_FAILED
conv_5_5_ON_hybrid.tflite,5,0,6.424,4384,2.030217264048049
conv_5_5_ON_hybrid.tflite,5,1,5.975,4384,2.030217264048049
conv_5_5_ON_hybrid.tflite,5,2,5.968,4384,2.0302960111909067
conv_5_5_ON_hybrid.tflite,5,3,5.971,4384,2.0302813811909064
conv_5_5_ON_hybrid.tflite,5,4,5.967,4384,2.0302960111909067
dense_9_15_OFF_hybrid.tflite,15,N/A,ERROR_TFLITE_INIT_FAILED,ERROR_TFLITE_INIT_FAILED,ERROR_TFLITE_INIT_FAILED
dense_5_10_OFF_int8.tflite,10,0,2.583,4564,2.0268587965649063
dense_5_10_OFF_int8.tflite,10,1,2.163,4564,2.0262646037077636
dense_5_10_OFF_int8.tflite,10,2,2.147,4564,2.026256819196335
dense_5_10_OFF_int8.tflite,10,3,2.151,4564,2.026256819196335
dense_5_10_OFF_int8.tflite,10,4,2.146,4564,2.0268587965649063
conv_6_5_ON_hybrid.tflite,5,0,7.315,4912,2.0313767018689064
conv_6_5_ON_hybrid.tflite,5,1,6.87,4912,2.0313767018689064
conv_6_5_ON_hybrid.tflite,5,2,6.858,4912,2.031361206154621
conv_6_5_ON_hybrid.tflite,5,3,6.854,4912,2.031361206154621
conv_6_5_ON_hybrid.tflite,5,4,6.85,4912,2.031361206154621
conv_7_10_OFF_int8.tflite,10,0,6.77,3444,2.0311477785089065
conv_7_10_OFF_int8.tflite,10,1,6.219,3444,2.0311365672011923
conv_7_10_OFF_int8.tflite,10,2,6.227,3444,2.0311477785089065
conv_7_10_OFF_int8.tflite,10,3,6.214,3444,2.0311477785089065
conv_7_10_OFF_int8.tflite,10,4,6.227,3444,2.0311477785089065
conv_3_20_ON_int8.tflite,20,0,11.193,4084,2.047881481732049
conv_3_20_ON_int8.tflite,20,1,10.458,4084,2.0470096471729065
conv_3_20_ON_int8.tflite,20,2,10.459,4084,2.0430577341949068
conv_3_20_ON_int8.tflite,20,3,10.451,4084,2.0427175561377635
conv_3_20_ON_int8.tflite,20,4,10.459,4084,2.0447035522463346
dense_9_20_OFF_hybrid.tflite,20,N/A,ERROR_TFLITE_INIT_FAILED,ERROR_TFLITE_INIT_FAILED,ERROR_TFLITE_INIT_FAILED
conv_4_15_OFF_int8.tflite,15,0,6.473,2740,2.054150068629764
conv_4_15_OFF_int8.tflite,15,1,5.969,2740,2.054150068629764
conv_4_15_OFF_int8.tflite,15,2,5.961,2740,2.0471628929154777
conv_4_15_OFF_int8.tflite,15,3,5.953,2740,2.054150068629764
conv_4_15_OFF_int8.tflite,15,4,5.96,2740,2.0465643543440493
dense_5_5_OFF_hybrid.tflite,5,N/A,ERROR_TFLITE_INIT_FAILED,ERROR_TFLITE_INIT_FAILED,ERROR_TFLITE_INIT_FAILED
dense_3_20_OFF_float32.tflite,20,N/A,ERROR_TFLITE_INIT_FAILED,ERROR_TFLITE_INIT_FAILED,ERROR_TFLITE_INIT_FAILED
conv_1_15_OFF_int8.tflite,15,0,3.345,1876,2.104144670064907
conv_1_15_OFF_int8.tflite,15,1,2.836,1876,2.1015657114934783
conv_1_15_OFF_int8.tflite,15,2,2.836,1876,2.1233092700649068
conv_1_15_OFF_int8.tflite,15,3,2.829,1876,2.1015657114934783
conv_1_15_OFF_int8.tflite,15,4,2.837,1876,2.0895899762934778
dense_1_15_OFF_float32.tflite,15,0,0.751,2048,2.022788825827192
dense_1_15_OFF_float32.tflite,15,1,0.488,2048,2.022714624861478
dense_1_15_OFF_float32.tflite,15,2,0.48,2048,2.0226150719717633
dense_1_15_OFF_float32.tflite,15,3,0.481,2048,2.0225570787717637
dense_1_15_OFF_float32.tflite,15,4,0.489,2048,2.0224136462086206
lstm_0_20_OFF_float32.tflite,20,N/A,ERROR_TFLITE_INIT_FAILED,ERROR_TFLITE_INIT_FAILED,ERROR_TFLITE_INIT_FAILED
conv_3_5_ON_int8.tflite,5,0,3.972,2964,2.035035684202335
conv_3_5_ON_int8.tflite,5,1,3.237,2964,2.035035684202335
conv_3_5_ON_int8.tflite,5,2,3.225,2964,2.035035684202335
conv_3_5_ON_int8.tflite,5,3,3.225,2964,2.035035684202335
conv_3_5_ON_int8.tflite,5,4,3.225,2964,2.0344720227737634
lstm_5_20_OFF_hybrid.tflite,20,N/A,ERROR_ESP32_MALLOC_FAILED,ERROR_ESP32_MALLOC_FAILED,ERROR_ESP32_MALLOC_FAILED
conv_6_20_OFF_int8.tflite,20,0,12.43,3972,2.031729426113478
conv_6_20_OFF_int8.tflite,20,1,11.907,3972,2.031729426113478
conv_6_20_OFF_int8.tflite,20,2,11.911,3972,2.031729426113478
conv_6_20_OFF_int8.tflite,20,3,11.904,3972,2.031729426113478
conv_6_20_OFF_int8.tflite,20,4,11.911,3972,2.031729426113478
dense_7_5_OFF_int8.tflite,5,0,3.101,5716,2.038597883256335
dense_7_5_OFF_int8.tflite,5,1,2.736,5716,2.038597883256335
dense_7_5_OFF_int8.tflite,5,2,2.72,5716,2.0392300016077636
dense_7_5_OFF_int8.tflite,5,3,2.72,5716,2.038597883256335
dense_7_5_OFF_int8.tflite,5,4,2.72,5716,2.0392094589706207
conv_6_20_ON_hybrid.tflite,20,N/A,ERROR_TFLITE_INIT_FAILED,ERROR_TFLITE_INIT_FAILED,ERROR_TFLITE_INIT_FAILED
dense_2_15_OFF_int8.tflite,15,0,1.668,3012,2.0373595011243344
dense_2_15_OFF_int8.tflite,15,1,1.266,3012,2.0373595011243344
dense_2_15_OFF_int8.tflite,15,2,1.251,3012,2.0373595011243344
dense_2_15_OFF_int8.tflite,15,3,1.259,3012,2.0373595011243344
dense_2_15_OFF_int8.tflite,15,4,1.25,3012,2.0373595011243344
dense_3_5_OFF_int8.tflite,5,0,1.831,3428,2.0268436549766204
dense_3_5_OFF_int8.tflite,5,1,1.478,3428,2.0268436549766204
dense_3_5_OFF_int8.tflite,5,2,1.463,3428,2.0292280819211923
dense_3_5_OFF_int8.tflite,5,3,1.462,3428,2.026822833322335
dense_3_5_OFF_int8.tflite,5,4,1.462,3428,2.0245889811377635
conv_9_20_ON_hybrid.tflite,20,N/A,ERROR_TFLITE_INIT_FAILED,ERROR_TFLITE_INIT_FAILED,ERROR_TFLITE_INIT_FAILED
lstm_2_5_OFF_int8.tflite,5,N/A,ERROR_TFLITE_INIT_FAILED,ERROR_TFLITE_INIT_FAILED,ERROR_TFLITE_INIT_FAILED
conv_9_15_OFF_int8.tflite,15,0,11.676,4180,2.031749968750621
conv_9_15_OFF_int8.tflite,15,1,11.171,4180,2.031749968750621
conv_9_15_OFF_int8.tflite,15,2,11.169,4180,2.031749968750621
conv_9_15_OFF_int8.tflite,15,3,11.169,4180,2.031749968750621
conv_9_15_OFF_int8.tflite,15,4,11.168,4180,2.031749968750621
dense_8_10_OFF_hybrid.tflite,10,N/A,ERROR_TFLITE_INIT_FAILED,ERROR_TFLITE_INIT_FAILED,ERROR_TFLITE_INIT_FAILED
lstm_6_20_OFF_hybrid.tflite,20,N/A,ERROR_ESP32_MALLOC_FAILED,ERROR_ESP32_MALLOC_FAILED,ERROR_ESP32_MALLOC_FAILED
dense_8_5_OFF_float32.tflite,5,N/A,ERROR_TFLITE_INIT_FAILED,ERROR_TFLITE_INIT_FAILED,ERROR_TFLITE_INIT_FAILED
conv_4_5_OFF_float32.tflite,5,0,4.83,2688,2.035437893260906
conv_4_5_OFF_float32.tflite,5,1,4.462,2688,2.0354629638180493
conv_4_5_OFF_float32.tflite,5,2,4.458,2688,2.0353641795323347
conv_4_5_OFF_float32.tflite,5,3,4.45,2688,2.035424413355192
conv_4_5_OFF_float32.tflite,5,4,4.45,2688,2.0356858216960494
dense_6_10_OFF_float32.tflite,10,N/A,ERROR_TFLITE_INIT_FAILED,ERROR_TFLITE_INIT_FAILED,ERROR_TFLITE_INIT_FAILED
lstm_6_20_OFF_int8.tflite,20,N/A,ERROR_ESP32_MALLOC_FAILED,ERROR_ESP32_MALLOC_FAILED,ERROR_ESP32_MALLOC_FAILED
lstm_7_10_OFF_int8.tflite,10,N/A,ERROR_ESP32_MALLOC_FAILED,ERROR_ESP32_MALLOC_FAILED,ERROR_ESP32_MALLOC_FAILED
lstm_6_5_OFF_float32.tflite,5,N/A,ERROR_TFLITE_INIT_FAILED,ERROR_TFLITE_INIT_FAILED,ERROR_TFLITE_INIT_FAILED
dense_3_10_OFF_float32.tflite,10,N/A,ERROR_TFLITE_INIT_FAILED,ERROR_TFLITE_INIT_FAILED,ERROR_TFLITE_INIT_FAILED
conv_2_15_OFF_hybrid.tflite,15,0,8.125,3504,2.043275269522049
conv_2_15_OFF_hybrid.tflite,15,1,7.844,3504,2.043435002012335
conv_2_15_OFF_hybrid.tflite,15,2,7.839,3504,2.0429695064203353
conv_2_15_OFF_hybrid.tflite,15,3,7.855,3504,2.042650640308906
conv_2_15_OFF_hybrid.tflite,15,4,7.832,3504,2.0428970613591924
lstm_8_10_OFF_float32.tflite,10,N/A,ERROR_ESP32_MALLOC_FAILED,ERROR_ESP32_MALLOC_FAILED,ERROR_ESP32_MALLOC_FAILED
conv_9_20_OFF_int8.tflite,20,0,17.911,5092,2.024115781707764
conv_9_20_OFF_int8.tflite,20,1,17.398,5092,2.0247099745649066
conv_9_20_OFF_int8.tflite,20,2,17.404,5092,2.026411390793478
conv_9_20_OFF_int8.tflite,20,3,17.386,5092,2.025308513136335
conv_9_20_OFF_int8.tflite,20,4,17.394,5092,2.025308513136335
conv_8_10_ON_hybrid.tflite,10,0,17.325,6720,2.0353857457226203
conv_8_10_ON_hybrid.tflite,10,1,16.743,6720,2.0355269165169063
conv_8_10_ON_hybrid.tflite,10,2,16.746,6720,2.0354771657389064
conv_8_10_ON_hybrid.tflite,10,3,16.747,6720,2.0355269165169063
conv_8_10_ON_hybrid.tflite,10,4,16.738,6720,2.035442514636906
lstm_3_10_OFF_float32.tflite,10,N/A,ERROR_TFLITE_INIT_FAILED,ERROR_TFLITE_INIT_FAILED,ERROR_TFLITE_INIT_FAILED
conv_3_20_ON_float32.tflite,20,0,17.164,6384,2.044660672531478
conv_3_20_ON_float32.tflite,20,1,16.753,6384,2.0448279591009064
conv_3_20_ON_float32.tflite,20,2,16.74,6384,2.044693999742621
conv_3_20_ON_float32.tflite,20,3,16.749,6384,2.0438311141137637
conv_3_20_ON_float32.tflite,20,4,16.74,6384,2.0440003493089067
dense_7_5_OFF_hybrid.tflite,5,N/A,ERROR_TFLITE_INIT_FAILED,ERROR_TFLITE_INIT_FAILED,ERROR_TFLITE_INIT_FAILED
conv_3_10_OFF_float32.tflite,10,0,7.414,3152,2.0333592887506207
conv_3_10_OFF_float32.tflite,10,1,7.061,3152,2.033375313036335
conv_3_10_OFF_float32.tflite,10,2,7.062,3152,2.033375313036335
conv_3_10_OFF_float32.tflite,10,3,7.066,3152,2.0333127244649067
conv_3_10_OFF_float32.tflite,10,4,7.053,3152,2.0333127244649067
conv_3_10_ON_int8.tflite,10,0,6.256,3236,2.049730387342335
conv_3_10_ON_int8.tflite,10,1,5.469,3236,2.053904121402335
conv_3_10_ON_int8.tflite,10,2,5.465,3236,2.0517934873423354
conv_3_10_ON_int8.tflite,10,3,5.467,3236,2.053904121402335
conv_3_10_ON_int8.tflite,10,4,5.465,3236,2.053904121402335
conv_0_5_OFF_float32.tflite,5,0,1.451,1408,1.978262293496335
conv_0_5_OFF_float32.tflite,5,1,1.094,1408,1.9804120996146206
conv_0_5_OFF_float32.tflite,5,2,1.094,1408,1.9821459790386202
conv_0_5_OFF_float32.tflite,5,3,1.094,1408,1.9808856064520497
conv_0_5_OFF_float32.tflite,5,4,1.094,1408,1.9798574250969068
lstm_4_15_OFF_int8.tflite,15,N/A,ERROR_ESP32_MALLOC_FAILED,ERROR_ESP32_MALLOC_FAILED,ERROR_ESP32_MALLOC_FAILED
lstm_4_5_OFF_float32.tflite,5,N/A,ERROR_TFLITE_INIT_FAILED,ERROR_TFLITE_INIT_FAILED,ERROR_TFLITE_INIT_FAILED
dense_5_15_OFF_hybrid.tflite,15,N/A,ERROR_TFLITE_INIT_FAILED,ERROR_TFLITE_INIT_FAILED,ERROR_TFLITE_INIT_FAILED
dense_2_20_OFF_int8.tflite,20,0,1.715,3108,2.108728772321192
dense_2_20_OFF_int8.tflite,20,1,1.33,3108,2.108728772321192
dense_2_20_OFF_int8.tflite,20,2,1.322,3108,2.108728772321192
dense_2_20_OFF_int8.tflite,20,3,1.322,3108,2.118634854664049
dense_2_20_OFF_int8.tflite,20,4,1.322,3108,2.118634854664049
lstm_7_5_OFF_int8.tflite,5,N/A,ERROR_ESP32_MALLOC_FAILED,ERROR_ESP32_MALLOC_FAILED,ERROR_ESP32_MALLOC_FAILED
dense_8_20_OFF_float32.tflite,20,N/A,ERROR_TFLITE_INIT_FAILED,ERROR_TFLITE_INIT_FAILED,ERROR_TFLITE_INIT_FAILED
dense_2_15_OFF_hybrid.tflite,15,N/A,ERROR_TFLITE_INIT_FAILED,ERROR_TFLITE_INIT_FAILED,ERROR_TFLITE_INIT_FAILED
conv_9_5_ON_float32.tflite,5,0,10.051,6480,2.0353639965900494
conv_9_5_ON_float32.tflite,5,1,9.567,6480,2.035315506192906
conv_9_5_ON_float32.tflite,5,2,9.55,6480,2.035394774355763
conv_9_5_ON_float32.tflite,5,3,9.558,6480,2.035315506192906
conv_9_5_ON_float32.tflite,5,4,9.546,6480,2.0353308343557632
conv_6_5_ON_int8.tflite,5,0,5.592,4532,2.031211019538335
conv_6_5_ON_int8.tflite,5,1,4.854,4532,2.031211019538335
conv_6_5_ON_int8.tflite,5,2,4.85,4532,2.031211019538335
conv_6_5_ON_int8.tflite,5,3,4.85,4532,2.031211019538335
conv_6_5_ON_int8.tflite,5,4,4.85,4532,2.031211019538335
conv_7_15_OFF_int8.tflite,15,0,9.609,3604,2.031749968750621
conv_7_15_OFF_int8.tflite,15,1,9.089,3604,2.031749968750621
conv_7_15_OFF_int8.tflite,15,2,9.093,3604,2.031749968750621
conv_7_15_OFF_int8.tflite,15,3,9.085,3604,2.031749968750621
conv_7_15_OFF_int8.tflite,15,4,9.094,3604,2.031749968750621
conv_7_20_ON_hybrid.tflite,20,N/A,ERROR_TFLITE_INIT_FAILED,ERROR_TFLITE_INIT_FAILED,ERROR_TFLITE_INIT_FAILED
conv_5_10_ON_hybrid.tflite,10,0,11.935,5136,2.034753378074049
conv_5_10_ON_hybrid.tflite,10,1,11.323,5136,2.034880645940621
conv_5_10_ON_hybrid.tflite,10,2,11.311,5136,2.03520016784062
conv_5_10_ON_hybrid.tflite,10,3,11.327,5136,2.0349382051597638
conv_5_10_ON_hybrid.tflite,10,4,11.32,5136,2.0352319285834777
dense_9_15_OFF_float32.tflite,15,N/A,ERROR_TFLITE_INIT_FAILED,ERROR_TFLITE_INIT_FAILED,ERROR_TFLITE_INIT_FAILED
lstm_0_10_OFF_float32.tflite,10,0,6.688,15632,2.1216982780366207
lstm_0_10_OFF_float32.tflite,10,1,6.254,15632,2.122991878746906
lstm_0_10_OFF_float32.tflite,10,2,6.247,15632,2.122549207597763
lstm_0_10_OFF_float32.tflite,10,3,6.244,15632,2.122999536400335
lstm_0_10_OFF_float32.tflite,10,4,6.238,15632,2.121894402684335
conv_0_15_ON_float32.tflite,15,0,3.465,3040,2.231296198632049
conv_0_15_ON_float32.tflite,15,1,3.051,3040,2.2311180736111917
conv_0_15_ON_float32.tflite,15,2,3.033,3040,2.2308705743160497
conv_0_15_ON_float32.tflite,15,3,3.032,3040,2.230806808209478
conv_0_15_ON_float32.tflite,15,4,3.024,3040,2.2308046139237634
conv_3_20_OFF_float32.tflite,20,0,16.227,5440,2.0325578691477637
conv_3_20_OFF_float32.tflite,20,1,15.945,5440,2.0325578691477637
conv_3_20_OFF_float32.tflite,20,2,15.94,5440,2.0325578691477637
conv_3_20_OFF_float32.tflite,20,3,15.944,5440,2.0325578691477637
conv_3_20_OFF_float32.tflite,20,4,15.948,5440,2.0325578691477637
conv_3_5_OFF_hybrid.tflite,5,0,3.839,2400,2.0338642530023354
conv_3_5_OFF_hybrid.tflite,5,1,3.61,2400,2.0337943981957634
conv_3_5_OFF_hybrid.tflite,5,2,3.606,2400,2.033827088807192
conv_3_5_OFF_hybrid.tflite,5,3,3.618,2400,2.0336644055529063
conv_3_5_OFF_hybrid.tflite,5,4,3.606,2400,2.0337321506443344
conv_0_20_ON_int8.tflite,20,0,4.099,1860,2.179608506040335
conv_0_20_ON_int8.tflite,20,1,3.342,1860,2.179608506040335
conv_0_20_ON_int8.tflite,20,2,3.337,1860,2.176359193183192
conv_0_20_ON_int8.tflite,20,3,3.337,1860,2.179608506040335
conv_0_20_ON_int8.tflite,20,4,3.343,1860,2.179608506040335
dense_4_20_OFF_hybrid.tflite,20,N/A,ERROR_TFLITE_INIT_FAILED,ERROR_TFLITE_INIT_FAILED,ERROR_TFLITE_INIT_FAILED
lstm_0_10_OFF_int8.tflite,10,0,11.462,23732,2.1039932440131923
lstm_0_10_OFF_int8.tflite,10,1,10.885,23732,2.113366238813192
lstm_0_10_OFF_int8.tflite,10,2,10.892,23732,2.1164839390389063
lstm_0_10_OFF_int8.tflite,10,3,10.888,23732,2.1162684918960495
lstm_0_10_OFF_int8.tflite,10,4,10.882,23732,2.1120087225789064
dense_2_20_OFF_hybrid.tflite,20,N/A,ERROR_TFLITE_INIT_FAILED,ERROR_TFLITE_INIT_FAILED,ERROR_TFLITE_INIT_FAILED
dense_4_20_OFF_float32.tflite,20,N/A,ERROR_TFLITE_INIT_FAILED,ERROR_TFLITE_INIT_FAILED,ERROR_TFLITE_INIT_FAILED
conv_6_15_OFF_hybrid.tflite,15,0,18.764,4656,2.0302669723771922
conv_6_15_OFF_hybrid.tflite,15,1,18.325,4656,2.0302669723771922
conv_6_15_OFF_hybrid.tflite,15,2,18.332,4656,2.030235738091478
conv_6_15_OFF_hybrid.tflite,15,3,18.332,4656,2.030219244611478
conv_6_15_OFF_hybrid.tflite,15,4,18.332,4656,2.030155269395192
dense_6_20_OFF_hybrid.tflite,20,N/A,ERROR_TFLITE_INIT_FAILED,ERROR_TFLITE_INIT_FAILED,ERROR_TFLITE_INIT_FAILED
conv_9_10_ON_hybrid.tflite,10,0,19.091,7232,2.0275582918617636
conv_9_10_ON_hybrid.tflite,10,1,18.559,7232,2.027511353060335
conv_9_10_ON_hybrid.tflite,10,2,18.559,7232,2.027500727984621
conv_9_10_ON_hybrid.tflite,10,3,18.543,7232,2.0276778083297633
conv_9_10_ON_hybrid.tflite,10,4,18.559,7232,2.0277060586726203
lstm_1_20_OFF_int8.tflite,20,N/A,ERROR_ESP32_MALLOC_FAILED,ERROR_ESP32_MALLOC_FAILED,ERROR_ESP32_MALLOC_FAILED
lstm_3_15_OFF_hybrid.tflite,15,N/A,ERROR_ESP32_MALLOC_FAILED,ERROR_ESP32_MALLOC_FAILED,ERROR_ESP32_MALLOC_FAILED
conv_7_10_ON_int8.tflite,10,0,10.591,5332,2.0371427612040494
conv_7_10_ON_int8.tflite,10,1,9.79,5332,2.034422954801192
conv_7_10_ON_int8.tflite,10,2,9.793,5332,2.034422954801192
conv_7_10_ON_int8.tflite,10,3,9.785,5332,2.0365859653689067
conv_7_10_ON_int8.tflite,10,4,9.794,5332,2.037498104801192
dense_4_15_OFF_float32.tflite,15,N/A,ERROR_TFLITE_INIT_FAILED,ERROR_TFLITE_INIT_FAILED,ERROR_TFLITE_INIT_FAILED
dense_1_5_OFF_float32.tflite,5,0,0.66,1536,2.0316896113117635
dense_1_5_OFF_float32.tflite,5,1,0.382,1536,2.0317532534337635
dense_1_5_OFF_float32.tflite,5,2,0.378,1536,2.031702032235764
dense_1_5_OFF_float32.tflite,5,3,0.378,1536,2.0317657800720497
dense_1_5_OFF_float32.tflite,5,4,0.378,1536,2.031767598358621
lstm_5_10_OFF_float32.tflite,10,N/A,ERROR_ESP32_MALLOC_FAILED,ERROR_ESP32_MALLOC_FAILED,ERROR_ESP32_MALLOC_FAILED
conv_5_15_ON_hybrid.tflite,15,0,17.138,5776,2.0395141534526204
conv_5_15_ON_hybrid.tflite,15,1,16.628,5776,2.039556419967764
conv_5_15_ON_hybrid.tflite,15,2,16.629,5776,2.039280753224335
conv_5_15_ON_hybrid.tflite,15,3,16.628,5776,2.0397166679351924
conv_5_15_ON_hybrid.tflite,15,4,16.629,5776,2.039361951697478
conv_8_5_OFF_hybrid.tflite,5,0,8.056,3840,2.0323625612343355
conv_8_5_OFF_hybrid.tflite,5,1,7.815,3840,2.032331692009764
conv_8_5_OFF_hybrid.tflite,5,2,7.805,3840,2.032348381612621
conv_8_5_OFF_hybrid.tflite,5,3,7.818,3840,2.032364249857478
conv_8_5_OFF_hybrid.tflite,5,4,7.821,3840,2.032364394469764
conv_1_20_OFF_hybrid.tflite,20,0,7.14,3856,2.032499593036335
conv_1_20_OFF_hybrid.tflite,20,1,6.862,3856,2.032499593036335
conv_1_20_OFF_hybrid.tflite,20,2,6.867,3856,2.032499593036335
conv_1_20_OFF_hybrid.tflite,20,3,6.871,3856,2.032499593036335
conv_1_20_OFF_hybrid.tflite,20,4,6.867,3856,2.032499593036335
dense_5_15_OFF_int8.tflite,15,0,2.66,4628,2.0248419211534783
dense_5_15_OFF_int8.tflite,15,1,2.226,4628,2.0248419211534783
dense_5_15_OFF_int8.tflite,15,2,2.21,4628,2.0248419211534783
dense_5_15_OFF_int8.tflite,15,3,2.214,4628,2.0248419211534783
dense_5_15_OFF_int8.tflite,15,4,2.218,4628,2.0248419211534783
conv_2_10_OFF_int8.tflite,10,0,3.335,2004,1.9611225093277636
conv_2_10_OFF_int8.tflite,10,1,2.802,2004,1.9615912316077637
conv_2_10_OFF_int8.tflite,10,2,2.811,2004,1.9525351260706205
conv_2_10_OFF_int8.tflite,10,3,2.798,2004,1.9525351260706205
conv_2_10_OFF_int8.tflite,10,4,2.803,2004,1.9615912316077637
dense_1_5_OFF_hybrid.tflite,5,N/A,ERROR_TFLITE_INIT_FAILED,ERROR_TFLITE_INIT_FAILED,ERROR_TFLITE_INIT_FAILED
conv_0_15_OFF_int8.tflite,15,0,2.28,1380,2.069439711069478
conv_0_15_OFF_int8.tflite,15,1,1.78,1380,2.074150775050907
conv_0_15_OFF_int8.tflite,15,2,1.772,1380,2.0765475222683354
conv_0_15_OFF_int8.tflite,15,3,1.776,1380,2.081299215599764
conv_0_15_OFF_int8.tflite,15,4,1.772,1380,2.0808867155920496
conv_4_10_OFF_hybrid.tflite,10,0,9.175,3440,2.0333589824314777
conv_4_10_OFF_hybrid.tflite,10,1,8.799,3440,2.0333748838600494
conv_4_10_OFF_hybrid.tflite,10,2,8.786,3440,2.033408718869478
conv_4_10_OFF_hybrid.tflite,10,3,8.811,3440,2.033392823155192
conv_4_10_OFF_hybrid.tflite,10,4,8.802,3440,2.0334892678380494
conv_1_10_ON_float32.tflite,10,0,4.607,3040,2.038589156336335
conv_1_10_ON_float32.tflite,10,1,4.091,3040,2.0385671605677635
conv_1_10_ON_float32.tflite,10,2,4.079,3040,2.0387122491391927
conv_1_10_ON_float32.tflite,10,3,4.093,3040,2.038582381996335
conv_1_10_ON_float32.tflite,10,4,4.079,3040,2.0385337388126206
conv_1_10_ON_hybrid.tflite,10,0,4.535,3040,2.038589156336335
conv_1_10_ON_hybrid.tflite,10,1,4.099,3040,2.0385671605677635
conv_1_10_ON_hybrid.tflite,10,2,4.078,3040,2.0387122491391927
conv_1_10_ON_hybrid.tflite,10,3,4.095,3040,2.038582381996335
conv_1_10_ON_hybrid.tflite,10,4,4.078,3040,2.0385337388126206
conv_9_5_OFF_hybrid.tflite,5,0,8.891,4128,2.032355743066621
conv_9_5_OFF_hybrid.tflite,5,1,8.665,4128,2.0323717987809067
conv_9_5_OFF_hybrid.tflite,5,2,8.662,4128,2.0323717987809067
conv_9_5_OFF_hybrid.tflite,5,3,8.649,4128,2.0323717987809067
conv_9_5_OFF_hybrid.tflite,5,4,8.654,4128,2.032355743066621
dense_3_10_OFF_int8.tflite,10,0,1.971,3428,2.037365174192621
dense_3_10_OFF_int8.tflite,10,1,1.546,3428,2.037365174192621
dense_3_10_OFF_int8.tflite,10,2,1.522,3428,2.037365174192621
dense_3_10_OFF_int8.tflite,10,3,1.526,3428,2.037365174192621
dense_3_10_OFF_int8.tflite,10,4,1.522,3428,2.0356903624840497
dense_6_20_OFF_int8.tflite,20,0,2.978,5332,2.0344183929097635
dense_6_20_OFF_int8.tflite,20,1,2.613,5332,2.0344183929097635
dense_6_20_OFF_int8.tflite,20,2,2.6,5332,2.0344183929097635
dense_6_20_OFF_int8.tflite,20,3,2.613,5332,2.034443560278335
dense_6_20_OFF_int8.tflite,20,4,2.6,5332,2.034443560278335
conv_7_20_ON_int8.tflite,20,0,21.142,6436,2.2308283202054775
conv_7_20_ON_int8.tflite,20,1,20.348,6436,2.2362218734080495
conv_7_20_ON_int8.tflite,20,2,20.352,6436,2.235110304322335
conv_7_20_ON_int8.tflite,20,3,20.345,6436,2.234790026739478
conv_7_20_ON_int8.tflite,20,4,20.353,6436,2.2325956649089065
conv_8_5_OFF_int8.tflite,5,0,4.062,3460,2.031749968750621
conv_8_5_OFF_int8.tflite,5,1,3.586,3460,2.031749968750621
conv_8_5_OFF_int8.tflite,5,2,3.59,3460,2.031749968750621
conv_8_5_OFF_int8.tflite,5,3,3.582,3460,2.031749968750621
conv_8_5_OFF_int8.tflite,5,4,3.582,3460,2.031749968750621
conv_6_20_OFF_float32.tflite,20,N/A,ERROR_TFLITE_INIT_FAILED,ERROR_TFLITE_INIT_FAILED,ERROR_TFLITE_INIT_FAILED
dense_1_20_OFF_float32.tflite,20,0,0.814,2400,2.0330690973163352
dense_1_20_OFF_float32.tflite,20,1,0.537,2400,2.0329904616020498
dense_1_20_OFF_float32.tflite,20,2,0.533,2400,2.0330063973163357
dense_1_20_OFF_float32.tflite,20,3,0.541,2400,2.0330063973163357
dense_1_20_OFF_float32.tflite,20,4,0.532,2400,2.0330063973163357
dense_8_10_OFF_int8.tflite,10,N/A,ERROR_TFLITE_INIT_FAILED,ERROR_TFLITE_INIT_FAILED,ERROR_TFLITE_INIT_FAILED
lstm_4_10_OFF_hybrid.tflite,10,N/A,ERROR_TFLITE_INIT_FAILED,ERROR_TFLITE_INIT_FAILED,ERROR_TFLITE_INIT_FAILED
lstm_9_5_OFF_hybrid.tflite,5,N/A,ERROR_TFLITE_INIT_FAILED,ERROR_TFLITE_INIT_FAILED,ERROR_TFLITE_INIT_FAILED
dense_6_5_OFF_hybrid.tflite,5,N/A,ERROR_TFLITE_INIT_FAILED,ERROR_TFLITE_INIT_FAILED,ERROR_TFLITE_INIT_FAILED
dense_7_15_OFF_float32.tflite,15,N/A,ERROR_TFLITE_INIT_FAILED,ERROR_TFLITE_INIT_FAILED,ERROR_TFLITE_INIT_FAILED
dense_5_20_OFF_int8.tflite,20,0,2.643,4724,2.034196160179192
dense_5_20_OFF_int8.tflite,20,1,2.29,4724,2.034196160179192
dense_5_20_OFF_int8.tflite,20,2,2.288,4724,2.034196160179192
dense_5_20_OFF_int8.tflite,20,3,2.283,4724,2.034196160179192
dense_5_20_OFF_int8.tflite,20,4,2.283,4724,2.034196160179192
dense_6_15_OFF_float32.tflite,15,N/A,ERROR_TFLITE_INIT_FAILED,ERROR_TFLITE_INIT_FAILED,ERROR_TFLITE_INIT_FAILED
dense_0_15_OFF_float32.tflite,15,0,0.641,1904,2.0323085842620494
dense_0_15_OFF_float32.tflite,15,1,0.431,1904,2.0323085842620494
dense_0_15_OFF_float32.tflite,15,2,0.431,1904,2.0323080118134778
dense_0_15_OFF_float32.tflite,15,3,0.431,1904,2.0323080118134778
dense_0_15_OFF_float32.tflite,15,4,0.431,1904,2.032291953242049
lstm_3_5_OFF_int8.tflite,5,N/A,ERROR_TFLITE_INIT_FAILED,ERROR_TFLITE_INIT_FAILED,ERROR_TFLITE_INIT_FAILED
lstm_5_10_OFF_int8.tflite,10,N/A,ERROR_ESP32_MALLOC_FAILED,ERROR_ESP32_MALLOC_FAILED,ERROR_ESP32_MALLOC_FAILED
conv_7_15_OFF_float32.tflite,15,0,21.248,4944,2.032497292791764
conv_7_15_OFF_float32.tflite,15,1,20.955,4944,2.032497292791764
conv_7_15_OFF_float32.tflite,15,2,20.951,4944,2.032481257077478
conv_7_15_OFF_float32.tflite,15,3,20.943,4944,2.032481257077478
conv_7_15_OFF_float32.tflite,15,4,20.95,4944,2.0324653688326206
conv_6_20_ON_int8.tflite,20,0,18.346,5620,2.036421910599764
conv_6_20_ON_int8.tflite,20,1,17.557,5620,2.0343499621671923
conv_6_20_ON_int8.tflite,20,2,17.555,5620,2.035332466546335
conv_6_20_ON_int8.tflite,20,3,17.546,5620,2.0358548122663347
conv_6_20_ON_int8.tflite,20,4,17.563,5620,2.035322589183478
conv_7_15_ON_hybrid.tflite,15,0,22.622,6832,2.037809352226049
conv_7_15_ON_hybrid.tflite,15,1,22.079,6832,2.0379246253811925
conv_7_15_ON_hybrid.tflite,15,2,22.063,6832,2.0382768531469067
conv_7_15_ON_hybrid.tflite,15,3,22.066,6832,2.0380440534240494
conv_7_15_ON_hybrid.tflite,15,4,22.062,6832,2.038461328630621
conv_0_10_OFF_int8.tflite,10,0,1.885,1252,2.0623155416077634
conv_0_10_OFF_int8.tflite,10,1,1.373,1252,2.0623155416077634
conv_0_10_OFF_int8.tflite,10,2,1.365,1252,2.0623155416077634
conv_0_10_OFF_int8.tflite,10,3,1.369,1252,2.0623155416077634
conv_0_10_OFF_int8.tflite,10,4,1.366,1252,2.0623155416077634
lstm_6_15_OFF_hybrid.tflite,15,N/A,ERROR_ESP32_MALLOC_FAILED,ERROR_ESP32_MALLOC_FAILED,ERROR_ESP32_MALLOC_FAILED
conv_0_15_ON_int8.tflite,15,0,3.492,1700,2.2250874462937635
conv_0_15_ON_int8.tflite,15,1,2.76,1700,2.2250874462937635
conv_0_15_ON_int8.tflite,15,2,2.765,1700,2.2250874462937635
conv_0_15_ON_int8.tflite,15,3,2.756,1700,2.2250874462937635
conv_0_15_ON_int8.tflite,15,4,2.756,1700,2.2250874462937635
conv_0_15_OFF_hybrid.tflite,15,0,2.939,2400,2.0725488607031926
conv_0_15_OFF_hybrid.tflite,15,1,2.618,2400,2.0723524391329065
conv_0_15_OFF_hybrid.tflite,15,2,2.619,2400,2.072134507768049
conv_0_15_OFF_hybrid.tflite,15,3,2.61,2400,2.072112400304621
conv_0_15_OFF_hybrid.tflite,15,4,2.61,2400,2.0717264098529062
conv_9_15_OFF_float32.tflite,15,0,26.485,5520,2.031714964335192
conv_9_15_OFF_float32.tflite,15,1,26.199,5520,2.0317810543351924
conv_9_15_OFF_float32.tflite,15,2,26.199,5520,2.031752720033192
conv_9_15_OFF_float32.tflite,15,3,26.195,5520,2.031720828604621
conv_9_15_OFF_float32.tflite,15,4,26.191,5520,2.031676558588335
lstm_6_15_OFF_int8.tflite,15,N/A,ERROR_ESP32_MALLOC_FAILED,ERROR_ESP32_MALLOC_FAILED,ERROR_ESP32_MALLOC_FAILED
conv_0_5_ON_float32.tflite,5,0,1.905,1760,2.17540642608462
conv_0_5_ON_float32.tflite,5,1,1.433,1760,2.1756796947126213
conv_0_5_ON_float32.tflite,5,2,1.445,1760,2.1759394805329064
conv_0_5_ON_float32.tflite,5,3,1.428,1760,2.1761091535289068
conv_0_5_ON_float32.tflite,5,4,1.445,1760,2.176020521684335
conv_9_5_ON_int8.tflite,5,0,7.26,6100,2.0327788503317636
conv_9_5_ON_int8.tflite,5,1,6.484,6100,2.0327788503317636
conv_9_5_ON_int8.tflite,5,2,6.478,6100,2.0327788503317636
conv_9_5_ON_int8.tflite,5,3,6.478,6100,2.0327788503317636
conv_9_5_ON_int8.tflite,5,4,6.479,6100,2.0327788503317636
conv_4_15_ON_float32.tflite,15,0,14.469,5264,2.0526940974143346
conv_4_15_ON_float32.tflite,15,1,13.929,5264,2.0526036159906207
conv_4_15_ON_float32.tflite,15,2,13.917,5264,2.052272299944906
conv_4_15_ON_float32.tflite,15,3,13.924,5264,2.0522621295526204
conv_4_15_ON_float32.tflite,15,4,13.909,5264,2.0520224234954783
conv_6_10_ON_int8.tflite,10,0,9.514,4804,2.0387747683080493
conv_6_10_ON_int8.tflite,10,1,8.703,4804,2.0342436368794776
conv_6_10_ON_int8.tflite,10,2,8.714,4804,2.0348159897366203
conv_6_10_ON_int8.tflite,10,3,8.707,4804,2.036835632593763
conv_6_10_ON_int8.tflite,10,4,8.714,4804,2.036835632593763
lstm_0_5_OFF_hybrid.tflite,5,N/A,ERROR_TFLITE_INIT_FAILED,ERROR_TFLITE_INIT_FAILED,ERROR_TFLITE_INIT_FAILED
lstm_5_5_OFF_hybrid.tflite,5,N/A,ERROR_TFLITE_INIT_FAILED,ERROR_TFLITE_INIT_FAILED,ERROR_TFLITE_INIT_FAILED
lstm_3_20_OFF_int8.tflite,20,N/A,ERROR_ESP32_MALLOC_FAILED,ERROR_ESP32_MALLOC_FAILED,ERROR_ESP32_MALLOC_FAILED
lstm_6_5_OFF_hybrid.tflite,5,N/A,ERROR_TFLITE_INIT_FAILED,ERROR_TFLITE_INIT_FAILED,ERROR_TFLITE_INIT_FAILED
dense_6_20_OFF_float32.tflite,20,N/A,ERROR_TFLITE_INIT_FAILED,ERROR_TFLITE_INIT_FAILED,ERROR_TFLITE_INIT_FAILED
conv_0_10_ON_int8.tflite,10,0,2.927,1540,2.229200458497478
conv_0_10_ON_int8.tflite,10,1,2.184,1540,2.232448673003192
conv_0_10_ON_int8.tflite,10,2,2.177,1540,2.229200458497478
conv_0_10_ON_int8.tflite,10,3,2.176,1540,2.229200458497478
conv_0_10_ON_int8.tflite,10,4,2.185,1540,2.229024122783192
dense_2_10_OFF_float32.tflite,10,0,0.887,1824,2.0313355216349067
dense_2_10_OFF_float32.tflite,10,1,0.589,1824,2.0313029227671926
dense_2_10_OFF_float32.tflite,10,2,0.584,1824,2.031255936277478
dense_2_10_OFF_float32.tflite,10,3,0.585,1824,2.0313026384411925
dense_2_10_OFF_float32.tflite,10,4,0.585,1824,2.0313054995029067
dense_7_5_OFF_float32.tflite,5,N/A,ERROR_TFLITE_INIT_FAILED,ERROR_TFLITE_INIT_FAILED,ERROR_TFLITE_INIT_FAILED
dense_5_20_OFF_float32.tflite,20,N/A,ERROR_TFLITE_INIT_FAILED,ERROR_TFLITE_INIT_FAILED,ERROR_TFLITE_INIT_FAILED
lstm_1_10_OFF_int8.tflite,10,N/A,ERROR_TFLITE_INIT_FAILED,ERROR_TFLITE_INIT_FAILED,ERROR_TFLITE_INIT_FAILED
conv_6_5_ON_float32.tflite,5,0,7.303,4912,2.0313767018689064
conv_6_5_ON_float32.tflite,5,1,6.874,4912,2.0313767018689064
conv_6_5_ON_float32.tflite,5,2,6.863,4912,2.031361206154621
conv_6_5_ON_float32.tflite,5,3,6.87,4912,2.031361206154621
conv_6_5_ON_float32.tflite,5,4,6.862,4912,2.031361206154621
dense_6_15_OFF_int8.tflite,15,0,2.962,5236,2.0228215554926208
dense_6_15_OFF_int8.tflite,15,1,2.557,5236,2.0228215554926208
dense_6_15_OFF_int8.tflite,15,2,2.533,5236,2.0228215554926208
dense_6_15_OFF_int8.tflite,15,3,2.537,5236,2.0228215554926208
dense_6_15_OFF_int8.tflite,15,4,2.533,5236,2.0228215554926208
conv_3_20_OFF_hybrid.tflite,20,N/A,ERROR_TFLITE_INIT_FAILED,ERROR_TFLITE_INIT_FAILED,ERROR_TFLITE_INIT_FAILED
conv_1_15_ON_float32.tflite,15,0,6.283,3680,2.033620891989192
conv_1_15_ON_float32.tflite,15,1,5.739,3680,2.0335985605769067
conv_1_15_ON_float32.tflite,15,2,5.731,3680,2.0335356091483354
conv_1_15_ON_float32.tflite,15,3,5.743,3680,2.0335512705769068
conv_1_15_ON_float32.tflite,15,4,5.747,3680,2.0335666331074784
lstm_1_10_OFF_float32.tflite,10,N/A,ERROR_TFLITE_INIT_FAILED,ERROR_TFLITE_INIT_FAILED,ERROR_TFLITE_INIT_FAILED
dense_0_5_OFF_float32.tflite,5,0,0.502,1376,2.031918972748907
dense_0_5_OFF_float32.tflite,5,1,0.328,1376,2.031918972748907
dense_0_5_OFF_float32.tflite,5,2,0.32,1376,2.031918745279478
dense_0_5_OFF_float32.tflite,5,3,0.325,1376,2.031934686708049
dense_0_5_OFF_float32.tflite,5,4,0.32,1376,2.031918745279478
dense_3_20_OFF_int8.tflite,20,0,2.081,3620,2.040868881481192
dense_3_20_OFF_int8.tflite,20,1,1.666,3620,2.040868881481192
dense_3_20_OFF_int8.tflite,20,2,1.65,3620,2.040868881481192
dense_3_20_OFF_int8.tflite,20,3,1.654,3620,2.0394901598326203
dense_3_20_OFF_int8.tflite,20,4,1.651,3620,2.0394901598326203
conv_1_5_OFF_int8.tflite,5,0,1.813,1444,2.111364742186049
conv_1_5_OFF_int8.tflite,5,1,1.309,1444,2.0976937298489067
conv_1_5_OFF_int8.tflite,5,2,1.293,1444,2.111364742186049
conv_1_5_OFF_int8.tflite,5,3,1.305,1444,2.111364742186049
conv_1_5_OFF_int8.tflite,5,4,1.293,1444,2.123614209733192
lstm_4_5_OFF_int8.tflite,5,N/A,ERROR_TFLITE_INIT_FAILED,ERROR_TFLITE_INIT_FAILED,ERROR_TFLITE_INIT_FAILED
lstm_6_5_OFF_int8.tflite,5,N/A,ERROR_ESP32_MALLOC_FAILED,ERROR_ESP32_MALLOC_FAILED,ERROR_ESP32_MALLOC_FAILED
lstm_2_5_OFF_float32.tflite,5,N/A,ERROR_TFLITE_INIT_FAILED,ERROR_TFLITE_INIT_FAILED,ERROR_TFLITE_INIT_FAILED
dense_6_15_OFF_hybrid.tflite,15,N/A,ERROR_TFLITE_INIT_FAILED,ERROR_TFLITE_INIT_FAILED,ERROR_TFLITE_INIT_FAILED
conv_2_20_ON_hybrid.tflite,20,N/A,ERROR_TFLITE_INIT_FAILED,ERROR_TFLITE_INIT_FAILED,ERROR_TFLITE_INIT_FAILED
conv_3_5_ON_float32.tflite,5,0,4.713,3344,2.0375643740634777
conv_3_5_ON_float32.tflite,5,1,4.173,3344,2.037578792634906
conv_3_5_ON_float32.tflite,5,2,4.169,3344,2.037578792634906
conv_3_5_ON_float32.tflite,5,3,4.177,3344,2.0375791707977635
conv_3_5_ON_float32.tflite,5,4,4.178,3344,2.0375647522263347
conv_4_5_OFF_int8.tflite,5,0,2.784,2308,2.0367730334763348
conv_4_5_OFF_int8.tflite,5,1,2.28,2308,2.0367730334763348
conv_4_5_OFF_int8.tflite,5,2,2.276,2308,2.036002727762049
conv_4_5_OFF_int8.tflite,5,3,2.272,2308,2.038581686333478
conv_4_5_OFF_int8.tflite,5,4,2.268,2308,2.0367730334763348
dense_5_20_OFF_hybrid.tflite,20,N/A,ERROR_TFLITE_INIT_FAILED,ERROR_TFLITE_INIT_FAILED,ERROR_TFLITE_INIT_FAILED
lstm_3_15_OFF_int8.tflite,15,N/A,ERROR_ESP32_MALLOC_FAILED,ERROR_ESP32_MALLOC_FAILED,ERROR_ESP32_MALLOC_FAILED
conv_9_20_OFF_float32.tflite,20,N/A,ERROR_TFLITE_INIT_FAILED,ERROR_TFLITE_INIT_FAILED,ERROR_TFLITE_INIT_FAILED
lstm_4_20_OFF_int8.tflite,20,N/A,ERROR_ESP32_MALLOC_FAILED,ERROR_ESP32_MALLOC_FAILED,ERROR_ESP32_MALLOC_FAILED
conv_8_15_ON_int8.tflite,15,0,16.498,6020,2.0318068472031916
conv_8_15_ON_int8.tflite,15,1,15.715,6020,2.031511959846049
conv_8_15_ON_int8.tflite,15,2,15.706,6020,2.0323652560003347
conv_8_15_ON_int8.tflite,15,3,15.698,6020,2.0300765210546206
conv_8_15_ON_int8.tflite,15,4,15.706,6020,2.034024634351763
conv_3_15_OFF_hybrid.tflite,15,0,10.91,3792,2.0519826947374775
conv_3_15_OFF_hybrid.tflite,15,1,10.478,3792,2.0517553245223352
conv_3_15_OFF_hybrid.tflite,15,2,10.477,3792,2.051471427776621
conv_3_15_OFF_hybrid.tflite,15,3,10.474,3792,2.0511256738880492
conv_3_15_OFF_hybrid.tflite,15,4,10.466,3792,2.051487264318335
conv_4_5_OFF_hybrid.tflite,5,0,4.68,2688,2.035437893260906
conv_4_5_OFF_hybrid.tflite,5,1,4.471,2688,2.0354629638180493
conv_4_5_OFF_hybrid.tflite,5,2,4.458,2688,2.0353641795323347
conv_4_5_OFF_hybrid.tflite,5,3,4.449,2688,2.035424413355192
conv_4_5_OFF_hybrid.tflite,5,4,4.45,2688,2.0356858216960494
lstm_6_10_OFF_hybrid.tflite,10,N/A,ERROR_ESP32_MALLOC_FAILED,ERROR_ESP32_MALLOC_FAILED,ERROR_ESP32_MALLOC_FAILED
lstm_0_10_OFF_hybrid.tflite,10,N/A,ERROR_TFLITE_INIT_FAILED,ERROR_TFLITE_INIT_FAILED,ERROR_TFLITE_INIT_FAILED
dense_2_5_OFF_int8.tflite,5,0,1.532,2900,2.023780586179192
dense_2_5_OFF_int8.tflite,5,1,1.151,2900,2.023780586179192
dense_2_5_OFF_int8.tflite,5,2,1.13,2900,2.023780586179192
dense_2_5_OFF_int8.tflite,5,3,1.139,2900,2.0170192152077635
dense_2_5_OFF_int8.tflite,5,4,1.131,2900,2.0204038280077636
conv_6_5_OFF_float32.tflite,5,0,6.455,3264,2.0311783946723354
conv_6_5_OFF_float32.tflite,5,1,6.146,3264,2.0311580692820494
conv_6_5_OFF_float32.tflite,5,2,6.146,3264,2.0312981978509064
conv_6_5_OFF_float32.tflite,5,3,6.142,3264,2.0313912542157633
conv_6_5_OFF_float32.tflite,5,4,6.146,3264,2.0313918323786204
dense_4_10_OFF_float32.tflite,10,N/A,ERROR_TFLITE_INIT_FAILED,ERROR_TFLITE_INIT_FAILED,ERROR_TFLITE_INIT_FAILED
lstm_7_20_OFF_float32.tflite,20,N/A,ERROR_ESP32_MALLOC_FAILED,ERROR_ESP32_MALLOC_FAILED,ERROR_ESP32_MALLOC_FAILED
lstm_6_15_OFF_float32.tflite,15,N/A,ERROR_ESP32_MALLOC_FAILED,ERROR_ESP32_MALLOC_FAILED,ERROR_ESP32_MALLOC_FAILED
conv_3_10_OFF_int8.tflite,10,0,4.011,2292,2.031749968750621
conv_3_10_OFF_int8.tflite,10,1,3.49,2292,2.031749968750621
conv_3_10_OFF_int8.tflite,10,2,3.49,2292,2.031749968750621
conv_3_10_OFF_int8.tflite,10,3,3.491,2292,2.031749968750621
conv_3_10_OFF_int8.tflite,10,4,3.491,2292,2.031749968750621
lstm_1_15_OFF_hybrid.tflite,15,N/A,ERROR_TFLITE_INIT_FAILED,ERROR_TFLITE_INIT_FAILED,ERROR_TFLITE_INIT_FAILED
lstm_4_15_OFF_hybrid.tflite,15,N/A,ERROR_ESP32_MALLOC_FAILED,ERROR_ESP32_MALLOC_FAILED,ERROR_ESP32_MALLOC_FAILED
lstm_5_15_OFF_int8.tflite,15,N/A,ERROR_ESP32_MALLOC_FAILED,ERROR_ESP32_MALLOC_FAILED,ERROR_ESP32_MALLOC_FAILED
conv_4_10_OFF_int8.tflite,10,0,4.655,2580,2.0317248013820497
conv_4_10_OFF_int8.tflite,10,1,4.187,2580,2.031749968750621
conv_4_10_OFF_int8.tflite,10,2,4.174,2580,2.0317248013820497
conv_4_10_OFF_int8.tflite,10,3,4.173,2580,2.0317248013820497
conv_4_10_OFF_int8.tflite,10,4,4.18,2580,2.0317248013820497
conv_7_5_ON_int8.tflite,5,0,6.145,5060,2.4002855785843353
conv_7_5_ON_int8.tflite,5,1,5.41,5060,2.4002855785843353
conv_7_5_ON_int8.tflite,5,2,5.415,5060,2.400171460238621
conv_7_5_ON_int8.tflite,5,3,5.406,5060,2.398053387250049
conv_7_5_ON_int8.tflite,5,4,5.415,5060,2.400171460238621
conv_8_20_ON_float32.tflite,20,N/A,ERROR_TFLITE_INIT_FAILED,ERROR_TFLITE_INIT_FAILED,ERROR_TFLITE_INIT_FAILED
conv_8_20_ON_hybrid.tflite,20,N/A,ERROR_TFLITE_INIT_FAILED,ERROR_TFLITE_INIT_FAILED,ERROR_TFLITE_INIT_FAILED
conv_5_20_OFF_int8.tflite,20,0,11.028,3684,2.031749968750621
conv_5_20_OFF_int8.tflite,20,1,10.507,3684,2.031749968750621
conv_5_20_OFF_int8.tflite,20,2,10.503,3684,2.031749968750621
conv_5_20_OFF_int8.tflite,20,3,10.51,3684,2.031749968750621
conv_5_20_OFF_int8.tflite,20,4,10.503,3684,2.031749968750621
dense_5_5_OFF_float32.tflite,5,N/A,ERROR_TFLITE_INIT_FAILED,ERROR_TFLITE_INIT_FAILED,ERROR_TFLITE_INIT_FAILED
conv_3_15_OFF_int8.tflite,15,0,5.419,2452,2.047710803089764
conv_3_15_OFF_int8.tflite,15,1,4.923,2452,2.047710803089764
conv_3_15_OFF_int8.tflite,15,2,4.924,2452,2.047710803089764
conv_3_15_OFF_int8.tflite,15,3,4.916,2452,2.047710803089764
conv_3_15_OFF_int8.tflite,15,4,4.924,2452,2.047710803089764
conv_8_10_OFF_int8.tflite,10,0,7.407,3732,2.0341756175420493
conv_8_10_OFF_int8.tflite,10,1,6.918,3732,2.0348164273220495
conv_8_10_OFF_int8.tflite,10,2,6.902,3732,2.0341756175420493
conv_8_10_OFF_int8.tflite,10,3,6.911,3732,2.0341756175420493
conv_8_10_OFF_int8.tflite,10,4,6.911,3732,2.034196160179192
conv_7_20_OFF_float32.tflite,20,N/A,ERROR_TFLITE_INIT_FAILED,ERROR_TFLITE_INIT_FAILED,ERROR_TFLITE_INIT_FAILED
conv_4_15_ON_hybrid.tflite,15,0,14.508,5264,2.0526940974143346
conv_4_15_ON_hybrid.tflite,15,1,13.901,5264,2.0526036159906207
conv_4_15_ON_hybrid.tflite,15,2,13.904,5264,2.052272299944906
conv_4_15_ON_hybrid.tflite,15,3,13.897,5264,2.0522621295526204
conv_4_15_ON_hybrid.tflite,15,4,13.905,5264,2.0520224234954783
dense_2_10_OFF_int8.tflite,10,0,1.622,2916,2.0317568343440495
dense_2_10_OFF_int8.tflite,10,1,1.203,2916,2.0311365672011923
dense_2_10_OFF_int8.tflite,10,2,1.187,2916,2.0311365672011923
dense_2_10_OFF_int8.tflite,10,3,1.191,2916,2.0311365672011923
dense_2_10_OFF_int8.tflite,10,4,1.187,2916,2.0311365672011923
dense_1_5_OFF_int8.tflite,5,0,1.162,2356,2.0311160245640494
dense_1_5_OFF_int8.tflite,5,1,0.796,2356,2.0311160245640494
dense_1_5_OFF_int8.tflite,5,2,0.784,2356,2.0311160245640494
dense_1_5_OFF_int8.tflite,5,3,0.789,2356,2.0311160245640494
dense_1_5_OFF_int8.tflite,5,4,0.793,2356,2.0311160245640494
conv_1_10_OFF_float32.tflite,10,0,3.947,2576,2.032036893599192
conv_1_10_OFF_float32.tflite,10,1,3.607,2576,2.0320528950277637
conv_1_10_OFF_float32.tflite,10,2,3.595,2576,2.0321148354249066
conv_1_10_OFF_float32.tflite,10,3,3.599,2576,2.032098836853478
conv_1_10_OFF_float32.tflite,10,4,3.603,2576,2.0320822101077636
conv_5_20_OFF_float32.tflite,20,0,25.185,5504,2.032391872016335
conv_5_20_OFF_float32.tflite,20,1,24.944,5504,2.032391172413478
conv_5_20_OFF_float32.tflite,20,2,24.932,5504,2.0323751109849066
conv_5_20_OFF_float32.tflite,20,3,24.944,5504,2.0323751109849066
conv_5_20_OFF_float32.tflite,20,4,24.94,5504,2.0323751109849066
conv_5_20_ON_float32.tflite,20,N/A,ERROR_TFLITE_INIT_FAILED,ERROR_TFLITE_INIT_FAILED,ERROR_TFLITE_INIT_FAILED
conv_2_5_OFF_hybrid.tflite,5,0,3.004,2112,2.1502165253829064
conv_2_5_OFF_hybrid.tflite,5,1,2.77,2112,2.150451064211478
conv_2_5_OFF_hybrid.tflite,5,2,2.775,2112,2.1462548375229065
conv_2_5_OFF_hybrid.tflite,5,3,2.77,2112,2.1488303143914775
conv_2_5_OFF_hybrid.tflite,5,4,2.766,2112,2.149080350608621
conv_1_5_ON_float32.tflite,5,0,2.808,2288,2.034614846413763
conv_1_5_ON_float32.tflite,5,1,2.376,2288,2.0346800949851915
conv_1_5_ON_float32.tflite,5,2,2.376,2288,2.0346895274994776
conv_1_5_ON_float32.tflite,5,3,2.371,2288,2.034703468928049
conv_1_5_ON_float32.tflite,5,4,2.367,2288,2.034703468928049
lstm_2_15_OFF_int8.tflite,15,N/A,ERROR_ESP32_MALLOC_FAILED,ERROR_ESP32_MALLOC_FAILED,ERROR_ESP32_MALLOC_FAILED
conv_2_20_OFF_hybrid.tflite,20,N/A,ERROR_TFLITE_INIT_FAILED,ERROR_TFLITE_INIT_FAILED,ERROR_TFLITE_INIT_FAILED
lstm_4_10_OFF_int8.tflite,10,N/A,ERROR_ESP32_MALLOC_FAILED,ERROR_ESP32_MALLOC_FAILED,ERROR_ESP32_MALLOC_FAILED
conv_5_5_ON_float32.tflite,5,0,6.384,4384,2.030217264048049
conv_5_5_ON_float32.tflite,5,1,5.983,4384,2.030217264048049
conv_5_5_ON_float32.tflite,5,2,5.963,4384,2.0302960111909067
conv_5_5_ON_float32.tflite,5,3,5.971,4384,2.0302813811909064
conv_5_5_ON_float32.tflite,5,4,5.963,4384,2.0302960111909067
lstm_8_20_OFF_hybrid.tflite,20,N/A,ERROR_ESP32_MALLOC_FAILED,ERROR_ESP32_MALLOC_FAILED,ERROR_ESP32_MALLOC_FAILED
dense_1_15_OFF_hybrid.tflite,15,N/A,ERROR_TFLITE_INIT_FAILED,ERROR_TFLITE_INIT_FAILED,ERROR_TFLITE_INIT_FAILED
lstm_3_5_OFF_hybrid.tflite,5,N/A,ERROR_TFLITE_INIT_FAILED,ERROR_TFLITE_INIT_FAILED,ERROR_TFLITE_INIT_FAILED
conv_8_15_OFF_float32.tflite,15,0,23.913,5232,2.030014494619192
conv_8_15_OFF_float32.tflite,15,1,23.569,5232,2.030030347476335
conv_8_15_OFF_float32.tflite,15,2,23.573,5232,2.0299855489706204
conv_8_15_OFF_float32.tflite,15,3,23.569,5232,2.0299538518277633
conv_8_15_OFF_float32.tflite,15,4,23.565,5232,2.0298648101220493
conv_8_5_ON_int8.tflite,5,0,6.706,5572,2.0328559186774777
conv_8_5_ON_int8.tflite,5,1,5.956,5572,2.0328559186774777
conv_8_5_ON_int8.tflite,5,2,5.952,5572,2.0328559186774777
conv_8_5_ON_int8.tflite,5,3,5.951,5572,2.0328559186774777
conv_8_5_ON_int8.tflite,5,4,5.952,5572,2.0328559186774777
dense_9_10_OFF_int8.tflite,10,N/A,ERROR_TFLITE_INIT_FAILED,ERROR_TFLITE_INIT_FAILED,ERROR_TFLITE_INIT_FAILED
conv_1_15_OFF_hybrid.tflite,15,0,5.645,3216,2.1433204865106203
conv_1_15_OFF_hybrid.tflite,15,1,5.237,3216,2.149368110787764
conv_1_15_OFF_hybrid.tflite,15,2,5.228,3216,2.1471796593677634
conv_1_15_OFF_hybrid.tflite,15,3,5.225,3216,2.148645262624906
conv_1_15_OFF_hybrid.tflite,15,4,5.225,3216,2.146174604516335
conv_3_10_ON_float32.tflite,10,0,8.182,4096,2.051890164887478
conv_3_10_ON_float32.tflite,10,1,7.709,4096,2.051970119908335
conv_3_10_ON_float32.tflite,10,2,7.697,4096,2.0521270549834774
conv_3_10_ON_float32.tflite,10,3,7.703,4096,2.052191818221478
conv_3_10_ON_float32.tflite,10,4,7.689,4096,2.051914266074049
conv_1_20_ON_float32.tflite,20,0,7.878,4320,2.0340038099254776
conv_1_20_ON_float32.tflite,20,1,7.451,4320,2.0340038099254776
conv_1_20_ON_float32.tflite,20,2,7.436,4320,2.0340038099254776
conv_1_20_ON_float32.tflite,20,3,7.444,4320,2.0340038099254776
conv_1_20_ON_float32.tflite,20,4,7.435,4320,2.0340038099254776
conv_5_15_ON_int8.tflite,15,0,11.645,4436,2.039696634674621
conv_5_15_ON_int8.tflite,15,1,10.851,4436,2.040260296103192
conv_5_15_ON_int8.tflite,15,2,10.856,4436,2.037180800388906
conv_5_15_ON_int8.tflite,15,3,10.847,4436,2.039696634674621
conv_5_15_ON_int8.tflite,15,4,10.855,4436,2.040260296103192
conv_6_15_OFF_int8.tflite,15,0,8.56,3316,2.0304472485191924
conv_6_15_OFF_int8.tflite,15,1,8.043,3316,2.0304472485191924
conv_6_15_OFF_int8.tflite,15,2,8.051,3316,2.0304472485191924
conv_6_15_OFF_int8.tflite,15,3,8.044,3316,2.0304472485191924
conv_6_15_OFF_int8.tflite,15,4,8.044,3316,2.0304472485191924
conv_9_10_ON_float32.tflite,10,0,19.138,7232,2.0275582918617636
conv_9_10_ON_float32.tflite,10,1,18.567,7232,2.027511353060335
conv_9_10_ON_float32.tflite,10,2,18.554,7232,2.027500727984621
conv_9_10_ON_float32.tflite,10,3,18.563,7232,2.0276778083297633
conv_9_10_ON_float32.tflite,10,4,18.555,7232,2.0277060586726203
conv_7_5_OFF_int8.tflite,5,0,3.763,3172,2.036191500353478
conv_7_5_OFF_int8.tflite,5,1,3.255,3172,2.036540548236335
conv_7_5_OFF_int8.tflite,5,2,3.253,3172,2.036540548236335
conv_7_5_OFF_int8.tflite,5,3,3.258,3172,2.036191500353478
conv_7_5_OFF_int8.tflite,5,4,3.252,3172,2.036191500353478
conv_9_5_OFF_float32.tflite,5,0,8.935,4128,2.032355743066621
conv_9_5_OFF_float32.tflite,5,1,8.67,4128,2.0323717987809067
conv_9_5_OFF_float32.tflite,5,2,8.65,4128,2.0323717987809067
conv_9_5_OFF_float32.tflite,5,3,8.662,4128,2.0323717987809067
conv_9_5_OFF_float32.tflite,5,4,8.666,4128,2.032355743066621
conv_1_20_ON_int8.tflite,20,0,6.241,2500,2.0338105207469064
conv_1_20_ON_int8.tflite,20,1,5.49,2500,2.0338105207469064
conv_1_20_ON_int8.tflite,20,2,5.486,2500,2.0338105207469064
conv_1_20_ON_int8.tflite,20,3,5.486,2500,2.0338105207469064
conv_1_20_ON_int8.tflite,20,4,5.493,2500,2.0338105207469064
dense_0_15_OFF_hybrid.tflite,15,N/A,ERROR_TFLITE_INIT_FAILED,ERROR_TFLITE_INIT_FAILED,ERROR_TFLITE_INIT_FAILED
conv_6_20_ON_float32.tflite,20,N/A,ERROR_TFLITE_INIT_FAILED,ERROR_TFLITE_INIT_FAILED,ERROR_TFLITE_INIT_FAILED
lstm_4_10_OFF_float32.tflite,10,N/A,ERROR_ESP32_MALLOC_FAILED,ERROR_ESP32_MALLOC_FAILED,ERROR_ESP32_MALLOC_FAILED
dense_8_15_OFF_float32.tflite,15,N/A,ERROR_TFLITE_INIT_FAILED,ERROR_TFLITE_INIT_FAILED,ERROR_TFLITE_INIT_FAILED
dense_7_15_OFF_int8.tflite,15,0,3.213,5780,2.039114617322049
dense_7_15_OFF_int8.tflite,15,1,2.856,5780,2.039114617322049
dense_7_15_OFF_int8.tflite,15,2,2.847,5780,2.039114617322049
dense_7_15_OFF_int8.tflite,15,3,2.856,5780,2.039114617322049
dense_7_15_OFF_int8.tflite,15,4,2.848,5780,2.039114617322049
dense_4_5_OFF_hybrid.tflite,5,N/A,ERROR_TFLITE_INIT_FAILED,ERROR_TFLITE_INIT_FAILED,ERROR_TFLITE_INIT_FAILED
conv_6_15_ON_int8.tflite,15,0,13.24,4964,2.0397316998643347
conv_6_15_ON_int8.tflite,15,1,12.474,4964,2.040688286660621
conv_6_15_ON_int8.tflite,15,2,12.47,4964,2.0417609410671926
conv_6_15_ON_int8.tflite,15,3,12.462,4964,2.0427271382100494
conv_6_15_ON_int8.tflite,15,4,12.477,4964,2.0412103167814784
lstm_9_15_OFF_hybrid.tflite,15,N/A,ERROR_ESP32_MALLOC_FAILED,ERROR_ESP32_MALLOC_FAILED,ERROR_ESP32_MALLOC_FAILED
conv_2_10_OFF_hybrid.tflite,10,0,5.792,2864,1.9580841898071921
conv_2_10_OFF_hybrid.tflite,10,1,5.332,2864,1.9583625989423352
conv_2_10_OFF_hybrid.tflite,10,2,5.34,2864,1.9588948925166207
conv_2_10_OFF_hybrid.tflite,10,3,5.332,2864,1.9585376583851921
conv_2_10_OFF_hybrid.tflite,10,4,5.341,2864,1.9585346627709062
conv_0_20_ON_hybrid.tflite,20,0,4.262,3680,2.1803022053017633
conv_0_20_ON_hybrid.tflite,20,1,3.827,3680,2.1803855806189065
conv_0_20_ON_hybrid.tflite,20,2,3.815,3680,2.1804651116389064
conv_0_20_ON_hybrid.tflite,20,3,3.823,3680,2.180603687010335
conv_0_20_ON_hybrid.tflite,20,4,3.815,3680,2.180751981989478
dense_0_5_OFF_hybrid.tflite,5,N/A,ERROR_TFLITE_INIT_FAILED,ERROR_TFLITE_INIT_FAILED,ERROR_TFLITE_INIT_FAILED
conv_2_20_OFF_float32.tflite,20,0,10.813,4384,2.052654175947478
conv_2_20_OFF_float32.tflite,20,1,10.449,4384,2.0526022574466207
conv_2_20_OFF_float32.tflite,20,2,10.444,4384,2.0523104170494775
conv_2_20_OFF_float32.tflite,20,3,10.449,4384,2.053040551732335
conv_2_20_OFF_float32.tflite,20,4,10.461,4384,2.053249158875192
lstm_1_20_OFF_float32.tflite,20,N/A,ERROR_TFLITE_INIT_FAILED,ERROR_TFLITE_INIT_FAILED,ERROR_TFLITE_INIT_FAILED
conv_4_5_ON_int8.tflite,5,0,4.543,3476,2.4576639533929066
conv_4_5_ON_int8.tflite,5,1,3.777,3476,2.450275323387192
conv_4_5_ON_int8.tflite,5,2,3.765,3476,2.450275323387192
conv_4_5_ON_int8.tflite,5,3,3.764,3476,2.453576045487192
conv_4_5_ON_int8.tflite,5,4,3.765,3476,2.4561856834977633
lstm_8_5_OFF_int8.tflite,5,N/A,ERROR_ESP32_MALLOC_FAILED,ERROR_ESP32_MALLOC_FAILED,ERROR_ESP32_MALLOC_FAILED
lstm_0_20_OFF_int8.tflite,20,N/A,ERROR_TFLITE_INIT_FAILED,ERROR_TFLITE_INIT_FAILED,ERROR_TFLITE_INIT_FAILED
conv_2_20_OFF_int8.tflite,20,0,5.528,2564,2.0535369913820496
conv_2_20_OFF_int8.tflite,20,1,5.011,2564,2.0535369913820496
conv_2_20_OFF_int8.tflite,20,2,5.024,2564,2.0490306613820493
conv_2_20_OFF_int8.tflite,20,3,5.007,2564,2.0535369913820496
conv_2_20_OFF_int8.tflite,20,4,5.023,2564,2.0535369913820496
dense_9_5_OFF_int8.tflite,5,N/A,ERROR_TFLITE_INIT_FAILED,ERROR_TFLITE_INIT_FAILED,ERROR_TFLITE_INIT_FAILED
conv_9_20_ON_float32.tflite,20,N/A,ERROR_TFLITE_INIT_FAILED,ERROR_TFLITE_INIT_FAILED,ERROR_TFLITE_INIT_FAILED
lstm_0_5_OFF_int8.tflite,5,0,6.279,11636,2.268509486772335
lstm_0_5_OFF_int8.tflite,5,1,5.744,11636,2.262710199954335
lstm_0_5_OFF_int8.tflite,5,2,5.744,11636,2.265608138745764
lstm_0_5_OFF_int8.tflite,5,3,5.735,11636,2.265608138745764
lstm_0_5_OFF_int8.tflite,5,4,5.742,11636,2.262263108745764
conv_3_15_ON_float32.tflite,15,0,11.797,4736,2.0549116835569063
conv_3_15_ON_float32.tflite,15,1,11.194,4736,2.0551084948443346
conv_3_15_ON_float32.tflite,15,2,11.185,4736,2.0550509088789064
conv_3_15_ON_float32.tflite,15,3,11.19,4736,2.0551683593474785
conv_3_15_ON_float32.tflite,15,4,11.186,4736,2.0549746287160495
conv_5_10_OFF_float32.tflite,10,0,10.805,3728,2.0269109141709065
conv_5_10_OFF_float32.tflite,10,1,10.531,3728,2.0267884373480496
conv_5_10_OFF_float32.tflite,10,2,10.531,3728,2.0267904199229068
conv_5_10_OFF_float32.tflite,10,3,10.531,3728,2.0265715512960494
conv_5_10_OFF_float32.tflite,10,4,10.52,3728,2.026504255981478
lstm_9_10_OFF_float32.tflite,10,N/A,ERROR_ESP32_MALLOC_FAILED,ERROR_ESP32_MALLOC_FAILED,ERROR_ESP32_MALLOC_FAILED
lstm_7_5_OFF_float32.tflite,5,N/A,ERROR_TFLITE_INIT_FAILED,ERROR_TFLITE_INIT_FAILED,ERROR_TFLITE_INIT_FAILED
dense_0_5_OFF_int8.tflite,5,0,1.109,2084,2.0317568343440495
dense_0_5_OFF_int8.tflite,5,1,0.692,2084,2.0317568343440495
dense_0_5_OFF_int8.tflite,5,2,0.676,2084,2.0317568343440495
dense_0_5_OFF_int8.tflite,5,3,0.681,2084,2.031749968750621
dense_0_5_OFF_int8.tflite,5,4,0.676,2084,2.031749968750621
conv_2_10_OFF_float32.tflite,10,0,5.677,2864,1.9580841898071921
conv_2_10_OFF_float32.tflite,10,1,5.336,2864,1.9583625989423352
conv_2_10_OFF_float32.tflite,10,2,5.324,2864,1.9588948925166207
conv_2_10_OFF_float32.tflite,10,3,5.337,2864,1.9585376583851921
conv_2_10_OFF_float32.tflite,10,4,5.324,2864,1.9585346627709062
conv_0_10_OFF_float32.tflite,10,0,2.078,1904,2.0397294673057638
conv_0_10_OFF_float32.tflite,10,1,1.845,1904,2.0397926501629065
conv_0_10_OFF_float32.tflite,10,2,1.84,1904,2.0396505601629062
conv_0_10_OFF_float32.tflite,10,3,1.852,1904,2.039666290162906
conv_0_10_OFF_float32.tflite,10,4,1.84,1904,2.0402193858771924
conv_2_5_ON_int8.tflite,5,0,3.474,2436,2.0342778412554776
conv_2_5_ON_int8.tflite,5,1,2.685,2436,2.0342778412554776
conv_2_5_ON_int8.tflite,5,2,2.69,2436,2.0342778412554776
conv_2_5_ON_int8.tflite,5,3,2.69,2436,2.0342778412554776
conv_2_5_ON_int8.tflite,5,4,2.682,2436,2.0342778412554776
conv_8_10_OFF_hybrid.tflite,10,0,16.123,4592,2.035393308289764
conv_8_10_OFF_hybrid.tflite,10,1,15.735,4592,2.035377618289764
conv_8_10_OFF_hybrid.tflite,10,2,15.731,4592,2.03545570942205
conv_8_10_OFF_hybrid.tflite,10,3,15.723,4592,2.0355028173000496
conv_8_10_OFF_hybrid.tflite,10,4,15.727,4592,2.035600206280049
conv_8_5_ON_float32.tflite,5,0,9.103,5952,2.0329384947706206
conv_8_5_ON_float32.tflite,5,1,8.655,5952,2.032903347970621
conv_8_5_ON_float32.tflite,5,2,8.644,5952,2.0329384947706206
conv_8_5_ON_float32.tflite,5,3,8.659,5952,2.0329384947706206
conv_8_5_ON_float32.tflite,5,4,8.652,5952,2.0328872776277636
conv_7_5_OFF_float32.tflite,5,0,7.207,3552,2.037406587353478
conv_7_5_OFF_float32.tflite,5,1,6.97,3552,2.0373478419820494
conv_7_5_OFF_float32.tflite,5,2,6.974,3552,2.037187835470621
conv_7_5_OFF_float32.tflite,5,3,6.986,3552,2.0370362993020494
conv_7_5_OFF_float32.tflite,5,4,6.982,3552,2.0369857631791928
lstm_7_15_OFF_int8.tflite,15,N/A,ERROR_ESP32_MALLOC_FAILED,ERROR_ESP32_MALLOC_FAILED,ERROR_ESP32_MALLOC_FAILED
conv_9_15_ON_float32.tflite,15,0,27.934,7872,2.043954319809478
conv_9_15_ON_float32.tflite,15,1,27.502,7872,2.0438862437143346
conv_9_15_ON_float32.tflite,15,2,27.497,7872,2.0439909073494777
conv_9_15_ON_float32.tflite,15,3,27.49,7872,2.0440512241494777
conv_9_15_ON_float32.tflite,15,4,27.497,7872,2.0439783959209064
dense_7_10_OFF_int8.tflite,10,0,3.212,5716,2.033927730867764
dense_7_10_OFF_int8.tflite,10,1,2.799,5716,2.033927730867764
dense_7_10_OFF_int8.tflite,10,2,2.775,5716,2.033927730867764
dense_7_10_OFF_int8.tflite,10,3,2.78,5716,2.033927730867764
dense_7_10_OFF_int8.tflite,10,4,2.775,5716,2.033067571382049
dense_3_15_OFF_hybrid.tflite,15,N/A,ERROR_TFLITE_INIT_FAILED,ERROR_TFLITE_INIT_FAILED,ERROR_TFLITE_INIT_FAILED
dense_8_15_OFF_hybrid.tflite,15,N/A,ERROR_TFLITE_INIT_FAILED,ERROR_TFLITE_INIT_FAILED,ERROR_TFLITE_INIT_FAILED
dense_9_5_OFF_hybrid.tflite,5,N/A,ERROR_TFLITE_INIT_FAILED,ERROR_TFLITE_INIT_FAILED,ERROR_TFLITE_INIT_FAILED
conv_5_10_ON_float32.tflite,10,0,11.843,5136,2.034753378074049
conv_5_10_ON_float32.tflite,10,1,11.318,5136,2.034880645940621
conv_5_10_ON_float32.tflite,10,2,11.323,5136,2.03520016784062
conv_5_10_ON_float32.tflite,10,3,11.312,5136,2.0349382051597638
conv_5_10_ON_float32.tflite,10,4,11.312,5136,2.0352319285834777
dense_7_10_OFF_hybrid.tflite,10,N/A,ERROR_TFLITE_INIT_FAILED,ERROR_TFLITE_INIT_FAILED,ERROR_TFLITE_INIT_FAILED
dense_7_15_OFF_hybrid.tflite,15,N/A,ERROR_TFLITE_INIT_FAILED,ERROR_TFLITE_INIT_FAILED,ERROR_TFLITE_INIT_FAILED
dense_3_5_OFF_hybrid.tflite,5,N/A,ERROR_TFLITE_INIT_FAILED,ERROR_TFLITE_INIT_FAILED,ERROR_TFLITE_INIT_FAILED
conv_1_15_ON_int8.tflite,15,0,5.206,2340,2.032499239937478
conv_1_15_ON_int8.tflite,15,1,4.384,2340,2.032499239937478
conv_1_15_ON_int8.tflite,15,2,4.388,2340,2.032499239937478
conv_1_15_ON_int8.tflite,15,3,4.379,2340,2.032499239937478
conv_1_15_ON_int8.tflite,15,4,4.388,2340,2.032499239937478
conv_5_5_OFF_float32.tflite,5,0,5.675,2976,2.0195913766080493
conv_5_5_OFF_float32.tflite,5,1,5.31,2976,2.0193138070566206
conv_5_5_OFF_float32.tflite,5,2,5.31,2976,2.019162195668906
conv_5_5_OFF_float32.tflite,5,3,5.302,2976,2.0196293558823353
conv_5_5_OFF_float32.tflite,5,4,5.293,2976,2.0194465790566207
lstm_2_10_OFF_int8.tflite,10,N/A,ERROR_TFLITE_INIT_FAILED,ERROR_TFLITE_INIT_FAILED,ERROR_TFLITE_INIT_FAILED
lstm_8_15_OFF_float32.tflite,15,N/A,ERROR_ESP32_MALLOC_FAILED,ERROR_ESP32_MALLOC_FAILED,ERROR_ESP32_MALLOC_FAILED
dense_9_15_OFF_int8.tflite,15,N/A,ERROR_TFLITE_INIT_FAILED,ERROR_TFLITE_INIT_FAILED,ERROR_TFLITE_INIT_FAILED
dense_5_5_OFF_int8.tflite,5,0,2.492,4564,2.0383757077220492
dense_5_5_OFF_int8.tflite,5,1,2.099,4564,2.0383757077220492
dense_5_5_OFF_int8.tflite,5,2,2.091,4564,2.035792403436335
dense_5_5_OFF_int8.tflite,5,3,2.099,4564,2.0375068568077634
dense_5_5_OFF_int8.tflite,5,4,2.091,4564,2.035792403436335
lstm_2_20_OFF_int8.tflite,20,N/A,ERROR_ESP32_MALLOC_FAILED,ERROR_ESP32_MALLOC_FAILED,ERROR_ESP32_MALLOC_FAILED
conv_2_5_ON_hybrid.tflite,5,0,3.755,2816,2.0330479218651925
conv_2_5_ON_hybrid.tflite,5,1,3.274,2816,2.0330479218651925
conv_2_5_ON_hybrid.tflite,5,2,3.271,2816,2.0330479218651925
conv_2_5_ON_hybrid.tflite,5,3,3.275,2816,2.0330479218651925
conv_2_5_ON_hybrid.tflite,5,4,3.271,2816,2.0330479218651925
dense_3_10_OFF_hybrid.tflite,10,N/A,ERROR_TFLITE_INIT_FAILED,ERROR_TFLITE_INIT_FAILED,ERROR_TFLITE_INIT_FAILED
lstm_1_10_OFF_hybrid.tflite,10,N/A,ERROR_TFLITE_INIT_FAILED,ERROR_TFLITE_INIT_FAILED,ERROR_TFLITE_INIT_FAILED
lstm_7_15_OFF_hybrid.tflite,15,N/A,ERROR_ESP32_MALLOC_FAILED,ERROR_ESP32_MALLOC_FAILED,ERROR_ESP32_MALLOC_FAILED
conv_4_5_ON_hybrid.tflite,5,0,5.481,3856,2.4585560304831917
conv_4_5_ON_hybrid.tflite,5,1,5.083,3856,2.4590139623631915
conv_4_5_ON_hybrid.tflite,5,2,5.072,3856,2.4588440624174774
conv_4_5_ON_hybrid.tflite,5,3,5.076,3856,2.4581553814274777
conv_4_5_ON_hybrid.tflite,5,4,5.072,3856,2.4577468359843344
lstm_7_10_OFF_float32.tflite,10,N/A,ERROR_ESP32_MALLOC_FAILED,ERROR_ESP32_MALLOC_FAILED,ERROR_ESP32_MALLOC_FAILED
lstm_2_20_OFF_float32.tflite,20,N/A,ERROR_ESP32_MALLOC_FAILED,ERROR_ESP32_MALLOC_FAILED,ERROR_ESP32_MALLOC_FAILED
dense_8_10_OFF_float32.tflite,10,N/A,ERROR_TFLITE_INIT_FAILED,ERROR_TFLITE_INIT_FAILED,ERROR_TFLITE_INIT_FAILED
conv_0_15_OFF_float32.tflite,15,0,2.843,2400,2.0725488607031926
conv_0_15_OFF_float32.tflite,15,1,2.606,2400,2.0723524391329065
conv_0_15_OFF_float32.tflite,15,2,2.603,2400,2.072134507768049
conv_0_15_OFF_float32.tflite,15,3,2.611,2400,2.072112400304621
conv_0_15_OFF_float32.tflite,15,4,2.602,2400,2.0717264098529062
dense_8_5_OFF_int8.tflite,5,N/A,ERROR_TFLITE_INIT_FAILED,ERROR_TFLITE_INIT_FAILED,ERROR_TFLITE_INIT_FAILED
conv_2_10_ON_hybrid.tflite,10,0,6.364,3568,2.0542019434014778
conv_2_10_ON_hybrid.tflite,10,1,5.901,3568,2.0542441755651923
conv_2_10_ON_hybrid.tflite,10,2,5.888,3568,2.0542345465889063
conv_2_10_ON_hybrid.tflite,10,3,5.897,3568,2.054459322283192
conv_2_10_ON_hybrid.tflite,10,4,5.88,3568,2.054257693657478
conv_2_15_ON_int8.tflite,15,0,6.786,2868,2.2921422400886216
conv_2_15_ON_int8.tflite,15,1,6.001,2868,2.2921422400886216
conv_2_15_ON_int8.tflite,15,2,6.006,2868,2.2894945455771922
conv_2_15_ON_int8.tflite,15,3,5.997,2868,2.2854961672314777
conv_2_15_ON_int8.tflite,15,4,5.996,2868,2.2821738841486208
conv_9_10_OFF_int8.tflite,10,0,8.115,4020,2.0636919235140496
conv_9_10_OFF_int8.tflite,10,1,7.602,4020,2.0657860026737636
conv_9_10_OFF_int8.tflite,10,2,7.599,4020,2.0607108769594777
conv_9_10_OFF_int8.tflite,10,3,7.591,4020,2.0607108769594777
conv_9_10_OFF_int8.tflite,10,4,7.603,4020,2.0607108769594777
conv_2_15_ON_float32.tflite,15,0,9.07,4208,2.307833098040335
conv_2_15_ON_float32.tflite,15,1,8.474,4208,2.306944770799478
conv_2_15_ON_float32.tflite,15,2,8.47,4208,2.3043357743374777
conv_2_15_ON_float32.tflite,15,3,8.478,4208,2.299625648234335
conv_2_15_ON_float32.tflite,15,4,8.462,4208,2.2907312240697633
conv_4_15_OFF_float32.tflite,15,0,13.353,4080,2.0535653465400494
conv_4_15_OFF_float32.tflite,15,1,13.083,4080,2.053953237968621
conv_4_15_OFF_float32.tflite,15,2,13.088,4080,2.0536658515849067
conv_4_15_OFF_float32.tflite,15,3,13.084,4080,2.054233203340049
conv_4_15_OFF_float32.tflite,15,4,13.087,4080,2.054283007625764
dense_0_15_OFF_int8.tflite,15,0,1.251,2228,2.031749968750621
dense_0_15_OFF_int8.tflite,15,1,0.82,2228,2.031749968750621
dense_0_15_OFF_int8.tflite,15,2,0.803,2228,2.031749968750621
dense_0_15_OFF_int8.tflite,15,3,0.808,2228,2.031749968750621
dense_0_15_OFF_int8.tflite,15,4,0.804,2228,2.031749968750621
conv_5_20_ON_int8.tflite,20,0,16.188,5108,2.0325968857974774
conv_5_20_ON_int8.tflite,20,1,15.399,5108,2.0313977786546205
conv_5_20_ON_int8.tflite,20,2,15.412,5108,2.0320026929403343
conv_5_20_ON_int8.tflite,20,3,15.401,5108,2.0320026929403343
conv_5_20_ON_int8.tflite,20,4,15.403,5108,2.035073497226049
dense_8_20_OFF_int8.tflite,20,N/A,ERROR_TFLITE_INIT_FAILED,ERROR_TFLITE_INIT_FAILED,ERROR_TFLITE_INIT_FAILED
conv_8_15_ON_hybrid.tflite,15,0,25.344,7360,2.032901272313192
conv_8_15_ON_hybrid.tflite,15,1,24.79,7360,2.032769262193192
conv_8_15_ON_hybrid.tflite,15,2,24.782,7360,2.0329381813757634
conv_8_15_ON_hybrid.tflite,15,3,24.786,7360,2.0327815191563348
conv_8_15_ON_hybrid.tflite,15,4,24.78,7360,2.0330543142329067
dense_4_5_OFF_int8.tflite,5,0,2.207,4020,2.032799363119192
dense_4_5_OFF_int8.tflite,5,1,1.79,4020,2.032799363119192
dense_4_5_OFF_int8.tflite,5,2,1.774,4020,2.032799363119192
dense_4_5_OFF_int8.tflite,5,3,1.778,4020,2.0369383559763348
dense_4_5_OFF_int8.tflite,5,4,1.774,4020,2.032799363119192
conv_2_20_ON_float32.tflite,20,0,11.651,5088,2.032136705572621
conv_2_20_ON_float32.tflite,20,1,11.143,5088,2.032121621286907
conv_2_20_ON_float32.tflite,20,2,11.141,5088,2.0321727955726208
conv_2_20_ON_float32.tflite,20,3,11.143,5088,2.032210052731764
conv_2_20_ON_float32.tflite,20,4,11.134,5088,2.0321517927154784
lstm_1_15_OFF_int8.tflite,15,N/A,ERROR_TFLITE_INIT_FAILED,ERROR_TFLITE_INIT_FAILED,ERROR_TFLITE_INIT_FAILED
conv_0_15_ON_hybrid.tflite,15,0,3.428,3040,2.231296198632049
conv_0_15_ON_hybrid.tflite,15,1,3.032,3040,2.2311180736111917
conv_0_15_ON_hybrid.tflite,15,2,3.017,3040,2.2308705743160497
conv_0_15_ON_hybrid.tflite,15,3,3.015,3040,2.230806808209478
conv_0_15_ON_hybrid.tflite,15,4,3.012,3040,2.2308046139237634
dense_4_20_OFF_int8.tflite,20,0,2.395,4196,2.026696981141192
dense_4_20_OFF_int8.tflite,20,1,1.982,4196,2.026696981141192
dense_4_20_OFF_int8.tflite,20,2,1.966,4196,2.026696981141192
dense_4_20_OFF_int8.tflite,20,3,1.975,4196,2.0272911739983352
dense_4_20_OFF_int8.tflite,20,4,1.966,4196,2.0272911739983352
conv_3_10_ON_hybrid.tflite,10,0,8.214,4096,2.051890164887478
conv_3_10_ON_hybrid.tflite,10,1,7.709,4096,2.051970119908335
conv_3_10_ON_hybrid.tflite,10,2,7.697,4096,2.0521270549834774
conv_3_10_ON_hybrid.tflite,10,3,7.696,4096,2.052191818221478
conv_3_10_ON_hybrid.tflite,10,4,7.697,4096,2.051914266074049
conv_7_10_ON_float32.tflite,10,0,15.366,6192,2.0365804333280493
conv_7_10_ON_float32.tflite,10,1,14.937,6192,2.035870437961192
conv_7_10_ON_float32.tflite,10,2,14.921,6192,2.0360434968429066
conv_7_10_ON_float32.tflite,10,3,14.936,6192,2.036846991377478
conv_7_10_ON_float32.tflite,10,4,14.921,6192,2.036800078365192
lstm_5_15_OFF_hybrid.tflite,15,N/A,ERROR_ESP32_MALLOC_FAILED,ERROR_ESP32_MALLOC_FAILED,ERROR_ESP32_MALLOC_FAILED
conv_4_15_OFF_hybrid.tflite,15,0,13.361,4080,2.0535653465400494
conv_4_15_OFF_hybrid.tflite,15,1,13.088,4080,2.053953237968621
conv_4_15_OFF_hybrid.tflite,15,2,13.083,4080,2.0536658515849067
conv_4_15_OFF_hybrid.tflite,15,3,13.087,4080,2.054233203340049
conv_4_15_OFF_hybrid.tflite,15,4,13.084,4080,2.054283007625764
lstm_8_5_OFF_float32.tflite,5,N/A,ERROR_ESP32_MALLOC_FAILED,ERROR_ESP32_MALLOC_FAILED,ERROR_ESP32_MALLOC_FAILED
conv_1_5_OFF_hybrid.tflite,5,0,2.151,1824,2.085976242546049
conv_1_5_OFF_hybrid.tflite,5,1,1.934,1824,2.0858956664706207
conv_1_5_OFF_hybrid.tflite,5,2,1.921,1824,2.0860578642826204
conv_1_5_OFF_hybrid.tflite,5,3,1.926,1824,2.086011964547478
conv_1_5_OFF_hybrid.tflite,5,4,1.922,1824,2.0862676987969064
lstm_5_5_OFF_int8.tflite,5,N/A,ERROR_TFLITE_INIT_FAILED,ERROR_TFLITE_INIT_FAILED,ERROR_TFLITE_INIT_FAILED
conv_6_10_OFF_int8.tflite,10,0,6.075,3156,2.051068321019192
conv_6_10_OFF_int8.tflite,10,1,5.534,3156,2.0550067102791925
conv_6_10_OFF_int8.tflite,10,2,5.543,3156,2.0628546495849065
conv_6_10_OFF_int8.tflite,10,3,5.537,3156,2.0561204902791923
conv_6_10_OFF_int8.tflite,10,4,5.543,3156,2.0628546495849065
conv_8_5_OFF_float32.tflite,5,0,8.123,3840,2.0323625612343355
conv_8_5_OFF_float32.tflite,5,1,7.83,3840,2.032331692009764
conv_8_5_OFF_float32.tflite,5,2,7.826,3840,2.032348381612621
conv_8_5_OFF_float32.tflite,5,3,7.822,3840,2.032364249857478
conv_8_5_OFF_float32.tflite,5,4,7.809,3840,2.032364394469764
conv_0_5_ON_int8.tflite,5,0,2.318,1380,2.170574786218906
conv_0_5_ON_int8.tflite,5,1,1.604,1380,2.1707079003837633
conv_0_5_ON_int8.tflite,5,2,1.595,1380,2.1705981277523345
conv_0_5_ON_int8.tflite,5,3,1.595,1380,2.1714790396951917
conv_0_5_ON_int8.tflite,5,4,1.595,1380,2.1705981277523345
conv_3_20_ON_hybrid.tflite,20,N/A,ERROR_TFLITE_INIT_FAILED,ERROR_TFLITE_INIT_FAILED,ERROR_TFLITE_INIT_FAILED
conv_9_15_OFF_hybrid.tflite,15,0,26.579,5520,2.031714964335192
conv_9_15_OFF_hybrid.tflite,15,1,26.187,5520,2.0317810543351924
conv_9_15_OFF_hybrid.tflite,15,2,26.195,5520,2.031752720033192
conv_9_15_OFF_hybrid.tflite,15,3,26.195,5520,2.031720828604621
conv_9_15_OFF_hybrid.tflite,15,4,26.195,5520,2.031676558588335
dense_7_20_OFF_int8.tflite,20,0,3.333,5876,2.031729426113478
dense_7_20_OFF_int8.tflite,20,1,2.915,5876,2.031729426113478
dense_7_20_OFF_int8.tflite,20,2,2.907,5876,2.031729426113478
dense_7_20_OFF_int8.tflite,20,3,2.916,5876,2.031109158970621
dense_7_20_OFF_int8.tflite,20,4,2.908,5876,2.031109158970621
lstm_0_5_OFF_float32.tflite,5,0,3.758,7664,2.266446402786906
lstm_0_5_OFF_float32.tflite,5,1,3.311,7664,2.2662967241914775
lstm_0_5_OFF_float32.tflite,5,2,3.299,7664,2.2662512881137635
lstm_0_5_OFF_float32.tflite,5,3,3.298,7664,2.2662571399940497
lstm_0_5_OFF_float32.tflite,5,4,3.306,7664,2.2659571362697633
conv_2_15_ON_hybrid.tflite,15,0,8.958,4208,2.307833098040335
conv_2_15_ON_hybrid.tflite,15,1,8.503,4208,2.306944770799478
conv_2_15_ON_hybrid.tflite,15,2,8.455,4208,2.3043357743374777
conv_2_15_ON_hybrid.tflite,15,3,8.478,4208,2.299625648234335
conv_2_15_ON_hybrid.tflite,15,4,8.462,4208,2.2907312240697633
dense_2_15_OFF_float32.tflite,15,0,0.818,2176,2.036092619352906
dense_2_15_OFF_float32.tflite,15,1,0.636,2176,2.036141365393764
dense_2_15_OFF_float32.tflite,15,2,0.628,2176,2.036205458577478
dense_2_15_OFF_float32.tflite,15,3,0.639,2176,2.036190128577478
dense_2_15_OFF_float32.tflite,15,4,0.628,2176,2.036272969557192
lstm_0_15_OFF_float32.tflite,15,N/A,ERROR_TFLITE_INIT_FAILED,ERROR_TFLITE_INIT_FAILED,ERROR_TFLITE_INIT_FAILED
conv_8_20_OFF_int8.tflite,20,0,15.887,4836,2.031749968750621
conv_8_20_OFF_int8.tflite,20,1,15.354,4836,2.031749968750621
conv_8_20_OFF_int8.tflite,20,2,15.352,4836,2.031749968750621
conv_8_20_OFF_int8.tflite,20,3,15.342,4836,2.031749968750621
conv_8_20_OFF_int8.tflite,20,4,15.355,4836,2.031749968750621
lstm_3_20_OFF_hybrid.tflite,20,N/A,ERROR_ESP32_MALLOC_FAILED,ERROR_ESP32_MALLOC_FAILED,ERROR_ESP32_MALLOC_FAILED
conv_6_10_OFF_float32.tflite,10,0,12.609,4016,2.054336176519192
conv_6_10_OFF_float32.tflite,10,1,12.272,4016,2.054470383116335
conv_6_10_OFF_float32.tflite,10,2,12.269,4016,2.054581767336335
conv_6_10_OFF_float32.tflite,10,3,12.256,4016,2.0547529512134775
conv_6_10_OFF_float32.tflite,10,4,12.257,4016,2.0547875020306203
conv_1_5_OFF_float32.tflite,5,0,2.159,1824,2.085976242546049
conv_1_5_OFF_float32.tflite,5,1,1.938,1824,2.0858956664706207
conv_1_5_OFF_float32.tflite,5,2,1.926,1824,2.0860578642826204
conv_1_5_OFF_float32.tflite,5,3,1.93,1824,2.086011964547478
conv_1_5_OFF_float32.tflite,5,4,1.926,1824,2.0862676987969064
lstm_1_5_OFF_hybrid.tflite,5,N/A,ERROR_TFLITE_INIT_FAILED,ERROR_TFLITE_INIT_FAILED,ERROR_TFLITE_INIT_FAILED
lstm_0_15_OFF_hybrid.tflite,15,N/A,ERROR_TFLITE_INIT_FAILED,ERROR_TFLITE_INIT_FAILED,ERROR_TFLITE_INIT_FAILED
dense_3_15_OFF_int8.tflite,15,0,1.999,3524,2.0376521173220494
dense_3_15_OFF_int8.tflite,15,1,1.606,3524,2.0376521173220494
dense_3_15_OFF_int8.tflite,15,2,1.594,3524,2.0376521173220494
dense_3_15_OFF_int8.tflite,15,3,1.594,3524,2.0376521173220494
dense_3_15_OFF_int8.tflite,15,4,1.591,3524,2.0376521173220494
conv_7_20_OFF_int8.tflite,20,0,14.471,4548,2.0343503013669064
conv_7_20_OFF_int8.tflite,20,1,13.971,4548,2.0343503013669064
conv_7_20_OFF_int8.tflite,20,2,13.951,4548,2.0343503013669064
conv_7_20_OFF_int8.tflite,20,3,13.955,4548,2.0349552156526207
conv_7_20_OFF_int8.tflite,20,4,13.951,4548,2.0337649113669065
conv_1_20_OFF_float32.tflite,20,0,7.279,3856,2.032499593036335
conv_1_20_OFF_float32.tflite,20,1,6.875,3856,2.032499593036335
conv_1_20_OFF_float32.tflite,20,2,6.863,3856,2.032499593036335
conv_1_20_OFF_float32.tflite,20,3,6.867,3856,2.032499593036335
conv_1_20_OFF_float32.tflite,20,4,6.871,3856,2.032499593036335
conv_7_10_OFF_hybrid.tflite,10,0,14.239,4304,2.0315197264286207
conv_7_10_OFF_hybrid.tflite,10,1,13.998,4304,2.0315038221429065
conv_7_10_OFF_hybrid.tflite,10,2,14.002,4304,2.0314881881837636
conv_7_10_OFF_hybrid.tflite,10,3,13.994,4304,2.0314719960617635
conv_7_10_OFF_hybrid.tflite,10,4,13.989,4304,2.0314407567149066
lstm_5_10_OFF_hybrid.tflite,10,N/A,ERROR_ESP32_MALLOC_FAILED,ERROR_ESP32_MALLOC_FAILED,ERROR_ESP32_MALLOC_FAILED
lstm_7_20_OFF_int8.tflite,20,N/A,ERROR_ESP32_MALLOC_FAILED,ERROR_ESP32_MALLOC_FAILED,ERROR_ESP32_MALLOC_FAILED
conv_1_20_OFF_int8.tflite,20,0,4.076,2036,2.031749968750621
conv_1_20_OFF_int8.tflite,20,1,3.572,2036,2.031749968750621
conv_1_20_OFF_int8.tflite,20,2,3.576,2036,2.031749968750621
conv_1_20_OFF_int8.tflite,20,3,3.564,2036,2.031749968750621
conv_1_20_OFF_int8.tflite,20,4,3.568,2036,2.031749968750621
lstm_5_15_OFF_float32.tflite,15,N/A,ERROR_ESP32_MALLOC_FAILED,ERROR_ESP32_MALLOC_FAILED,ERROR_ESP32_MALLOC_FAILED
conv_7_20_ON_float32.tflite,20,N/A,ERROR_TFLITE_INIT_FAILED,ERROR_TFLITE_INIT_FAILED,ERROR_TFLITE_INIT_FAILED
dense_4_10_OFF_int8.tflite,10,0,2.211,4020,2.030409150979192
dense_4_10_OFF_int8.tflite,10,1,1.866,4020,2.030409150979192
dense_4_10_OFF_int8.tflite,10,2,1.842,4020,2.030409150979192
dense_4_10_OFF_int8.tflite,10,3,1.846,4020,2.030409150979192
dense_4_10_OFF_int8.tflite,10,4,1.851,4020,2.028716426179192
lstm_6_10_OFF_int8.tflite,10,N/A,ERROR_ESP32_MALLOC_FAILED,ERROR_ESP32_MALLOC_FAILED,ERROR_ESP32_MALLOC_FAILED
conv_6_5_OFF_hybrid.tflite,5,0,6.479,3264,2.0311783946723354
conv_6_5_OFF_hybrid.tflite,5,1,6.139,3264,2.0311580692820494
conv_6_5_OFF_hybrid.tflite,5,2,6.142,3264,2.0312981978509064
conv_6_5_OFF_hybrid.tflite,5,3,6.138,3264,2.0313912542157633
conv_6_5_OFF_hybrid.tflite,5,4,6.143,3264,2.0313918323786204
conv_1_15_ON_hybrid.tflite,15,0,6.283,3680,2.033620891989192
conv_1_15_ON_hybrid.tflite,15,1,5.744,3680,2.0335985605769067
conv_1_15_ON_hybrid.tflite,15,2,5.731,3680,2.0335356091483354
conv_1_15_ON_hybrid.tflite,15,3,5.739,3680,2.0335512705769068
conv_1_15_ON_hybrid.tflite,15,4,5.732,3680,2.0335666331074784
dense_4_5_OFF_float32.tflite,5,N/A,ERROR_TFLITE_INIT_FAILED,ERROR_TFLITE_INIT_FAILED,ERROR_TFLITE_INIT_FAILED
dense_0_10_OFF_hybrid.tflite,10,N/A,ERROR_TFLITE_INIT_FAILED,ERROR_TFLITE_INIT_FAILED,ERROR_TFLITE_INIT_FAILED
dense_1_20_OFF_int8.tflite,20,0,1.42,2596,2.033084591093478
dense_1_20_OFF_int8.tflite,20,1,0.988,2596,2.033084591093478
dense_1_20_OFF_int8.tflite,20,2,0.972,2596,2.033084591093478
dense_1_20_OFF_int8.tflite,20,3,0.976,2596,2.033084591093478
dense_1_20_OFF_int8.tflite,20,4,0.972,2596,2.033084591093478
lstm_4_20_OFF_float32.tflite,20,N/A,ERROR_ESP32_MALLOC_FAILED,ERROR_ESP32_MALLOC_FAILED,ERROR_ESP32_MALLOC_FAILED
lstm_3_5_OFF_float32.tflite,5,N/A,ERROR_TFLITE_INIT_FAILED,ERROR_TFLITE_INIT_FAILED,ERROR_TFLITE_INIT_FAILED
lstm_2_20_OFF_hybrid.tflite,20,N/A,ERROR_ESP32_MALLOC_FAILED,ERROR_ESP32_MALLOC_FAILED,ERROR_ESP32_MALLOC_FAILED
conv_2_5_OFF_int8.tflite,5,0,2.127,1732,2.1106537915706207
conv_2_5_OFF_int8.tflite,5,1,1.627,1732,2.1744949992277633
conv_2_5_OFF_int8.tflite,5,2,1.628,1732,2.1744949992277633
conv_2_5_OFF_int8.tflite,5,3,1.623,1732,2.1744949992277633
conv_2_5_OFF_int8.tflite,5,4,1.62,1732,2.1874037621420492
lstm_9_10_OFF_int8.tflite,10,N/A,ERROR_ESP32_MALLOC_FAILED,ERROR_ESP32_MALLOC_FAILED,ERROR_ESP32_MALLOC_FAILED
conv_0_20_ON_float32.tflite,20,0,4.326,3680,2.1803022053017633
conv_0_20_ON_float32.tflite,20,1,3.827,3680,2.1803855806189065
conv_0_20_ON_float32.tflite,20,2,3.807,3680,2.1804651116389064
conv_0_20_ON_float32.tflite,20,3,3.815,3680,2.180603687010335
conv_0_20_ON_float32.tflite,20,4,3.807,3680,2.180751981989478
lstm_9_15_OFF_int8.tflite,15,N/A,ERROR_ESP32_MALLOC_FAILED,ERROR_ESP32_MALLOC_FAILED,ERROR_ESP32_MALLOC_FAILED
conv_6_20_OFF_hybrid.tflite,20,N/A,ERROR_TFLITE_INIT_FAILED,ERROR_TFLITE_INIT_FAILED,ERROR_TFLITE_INIT_FAILED
conv_8_20_OFF_float32.tflite,20,N/A,ERROR_TFLITE_INIT_FAILED,ERROR_TFLITE_INIT_FAILED,ERROR_TFLITE_INIT_FAILED
dense_4_15_OFF_hybrid.tflite,15,N/A,ERROR_TFLITE_INIT_FAILED,ERROR_TFLITE_INIT_FAILED,ERROR_TFLITE_INIT_FAILED
lstm_1_5_OFF_float32.tflite,5,0,6.604,13856,2.030663792353478
lstm_1_5_OFF_float32.tflite,5,1,6.167,13856,2.030704275819478
lstm_1_5_OFF_float32.tflite,5,2,6.148,13856,2.030648348668621
lstm_1_5_OFF_float32.tflite,5,3,6.148,13856,2.030639285222335
lstm_1_5_OFF_float32.tflite,5,4,6.149,13856,2.0306246323651918
conv_8_5_ON_hybrid.tflite,5,0,9.108,5952,2.0329384947706206
conv_8_5_ON_hybrid.tflite,5,1,8.672,5952,2.032903347970621
conv_8_5_ON_hybrid.tflite,5,2,8.659,5952,2.0329384947706206
conv_8_5_ON_hybrid.tflite,5,3,8.647,5952,2.0329384947706206
conv_8_5_ON_hybrid.tflite,5,4,8.659,5952,2.0328872776277636
conv_4_20_OFF_float32.tflite,20,0,19.745,5728,2.0301723113566212
conv_4_20_OFF_float32.tflite,20,1,19.456,5728,2.0301089853574785
conv_4_20_OFF_float32.tflite,20,2,19.456,5728,2.030140527479478
conv_4_20_OFF_float32.tflite,20,3,19.447,5728,2.030093517112621
conv_4_20_OFF_float32.tflite,20,4,19.456,5728,2.030062000704907
dense_3_15_OFF_float32.tflite,15,N/A,ERROR_TFLITE_INIT_FAILED,ERROR_TFLITE_INIT_FAILED,ERROR_TFLITE_INIT_FAILED
conv_0_5_ON_hybrid.tflite,5,0,1.882,1760,2.17540642608462
conv_0_5_ON_hybrid.tflite,5,1,1.472,1760,2.1756796947126213
conv_0_5_ON_hybrid.tflite,5,2,1.457,1760,2.1759394805329064
conv_0_5_ON_hybrid.tflite,5,3,1.464,1760,2.1761091535289068
conv_0_5_ON_hybrid.tflite,5,4,1.457,1760,2.176020521684335
conv_4_10_ON_float32.tflite,10,0,9.947,4624,2.038928395189478
conv_4_10_ON_float32.tflite,10,1,9.522,4624,2.038994202729478
conv_4_10_ON_float32.tflite,10,2,9.502,4624,2.0391246984437634
conv_4_10_ON_float32.tflite,10,3,9.51,4624,2.0392171631217635
conv_4_10_ON_float32.tflite,10,4,9.502,4624,2.0391530774074775
conv_5_15_ON_float32.tflite,15,0,17.069,5776,2.0395141534526204
conv_5_15_ON_float32.tflite,15,1,16.636,5776,2.039556419967764
conv_5_15_ON_float32.tflite,15,2,16.62,5776,2.039280753224335
conv_5_15_ON_float32.tflite,15,3,16.633,5776,2.0397166679351924
conv_5_15_ON_float32.tflite,15,4,16.628,5776,2.039361951697478
dense_1_10_OFF_int8.tflite,10,0,1.281,2404,2.027135849385192
dense_1_10_OFF_int8.tflite,10,1,0.86,2404,2.0265678422423345
dense_1_10_OFF_int8.tflite,10,2,0.844,2404,2.0214553515186204
dense_1_10_OFF_int8.tflite,10,3,0.848,2404,2.0214553515186204
dense_1_10_OFF_int8.tflite,10,4,0.844,2404,2.0239053841806203
conv_0_10_OFF_hybrid.tflite,10,0,2.149,1904,2.0397294673057638
conv_0_10_OFF_hybrid.tflite,10,1,1.857,1904,2.0397926501629065
conv_0_10_OFF_hybrid.tflite,10,2,1.844,1904,2.0396505601629062
conv_0_10_OFF_hybrid.tflite,10,3,1.848,1904,2.039666290162906
conv_0_10_OFF_hybrid.tflite,10,4,1.844,1904,2.0402193858771924
lstm_9_10_OFF_hybrid.tflite,10,N/A,ERROR_ESP32_MALLOC_FAILED,ERROR_ESP32_MALLOC_FAILED,ERROR_ESP32_MALLOC_FAILED
dense_1_10_OFF_float32.tflite,10,0,0.6,1696,2.024405427346335
dense_1_10_OFF_float32.tflite,10,1,0.437,1696,2.024270381644335
dense_1_10_OFF_float32.tflite,10,2,0.422,1696,2.024080309523192
dense_1_10_OFF_float32.tflite,10,3,0.425,1696,2.0238916191571925
dense_1_10_OFF_float32.tflite,10,4,0.422,1696,2.023688430565192
conv_4_20_OFF_int8.tflite,20,0,8.992,3428,2.0304839062126208
conv_4_20_OFF_int8.tflite,20,1,8.464,3428,2.029872330498335
conv_4_20_OFF_int8.tflite,20,2,8.463,3428,2.029872330498335
conv_4_20_OFF_int8.tflite,20,3,8.459,3428,2.029872330498335
conv_4_20_OFF_int8.tflite,20,4,8.464,3428,2.029872330498335
lstm_7_20_OFF_hybrid.tflite,20,N/A,ERROR_ESP32_MALLOC_FAILED,ERROR_ESP32_MALLOC_FAILED,ERROR_ESP32_MALLOC_FAILED
conv_9_10_ON_int8.tflite,10,0,12.732,6372,2.027675847372906
conv_9_10_ON_int8.tflite,10,1,11.957,6372,2.0282308173729064
conv_9_10_ON_int8.tflite,10,2,11.958,6372,2.0282308173729064
conv_9_10_ON_int8.tflite,10,3,11.95,6372,2.0282308173729064
conv_9_10_ON_int8.tflite,10,4,11.957,6372,2.027125223087192
conv_0_5_OFF_int8.tflite,5,0,1.458,1156,1.926116036581192
conv_0_5_OFF_int8.tflite,5,1,0.975,1156,1.9261435539783351
conv_0_5_OFF_int8.tflite,5,2,0.97,1156,1.9261435539783351
conv_0_5_OFF_int8.tflite,5,3,0.97,1156,1.9261435539783351
conv_0_5_OFF_int8.tflite,5,4,0.971,1156,1.9261435539783351
conv_9_15_ON_int8.tflite,15,0,18.029,6532,2.0440054219440493
conv_9_15_ON_int8.tflite,15,1,17.331,6532,2.0465974176583352
conv_9_15_ON_int8.tflite,15,2,17.325,6532,2.0465974176583352
conv_9_15_ON_int8.tflite,15,3,17.326,6532,2.044111096455478
conv_9_15_ON_int8.tflite,15,4,17.333,6532,2.0440054219440493
conv_1_10_OFF_hybrid.tflite,10,0,4.033,2576,2.032036893599192
conv_1_10_OFF_hybrid.tflite,10,1,3.602,2576,2.0320528950277637
conv_1_10_OFF_hybrid.tflite,10,2,3.603,2576,2.0321148354249066
conv_1_10_OFF_hybrid.tflite,10,3,3.611,2576,2.032098836853478
conv_1_10_OFF_hybrid.tflite,10,4,3.603,2576,2.0320822101077636
dense_9_10_OFF_hybrid.tflite,10,N/A,ERROR_TFLITE_INIT_FAILED,ERROR_TFLITE_INIT_FAILED,ERROR_TFLITE_INIT_FAILED
conv_4_20_ON_float32.tflite,20,0,20.846,6912,2.0348379780906205
conv_4_20_ON_float32.tflite,20,1,20.378,6912,2.034547800726907
conv_4_20_ON_float32.tflite,20,2,20.374,6912,2.0343017363897635
conv_4_20_ON_float32.tflite,20,3,20.372,6912,2.0339381378346206
conv_4_20_ON_float32.tflite,20,4,20.374,6912,2.0336847781146203
dense_6_10_OFF_hybrid.tflite,10,N/A,ERROR_TFLITE_INIT_FAILED,ERROR_TFLITE_INIT_FAILED,ERROR_TFLITE_INIT_FAILED
lstm_8_15_OFF_hybrid.tflite,15,N/A,ERROR_ESP32_MALLOC_FAILED,ERROR_ESP32_MALLOC_FAILED,ERROR_ESP32_MALLOC_FAILED
conv_6_10_OFF_hybrid.tflite,10,0,12.601,4016,2.054336176519192
conv_6_10_OFF_hybrid.tflite,10,1,12.276,4016,2.054470383116335
conv_6_10_OFF_hybrid.tflite,10,2,12.265,4016,2.054581767336335
conv_6_10_OFF_hybrid.tflite,10,3,12.253,4016,2.0547529512134775
conv_6_10_OFF_hybrid.tflite,10,4,12.249,4016,2.0547875020306203
conv_9_15_ON_hybrid.tflite,15,0,27.925,7872,2.043954319809478
conv_9_15_ON_hybrid.tflite,15,1,27.502,7872,2.0438862437143346
conv_9_15_ON_hybrid.tflite,15,2,27.489,7872,2.0439909073494777
conv_9_15_ON_hybrid.tflite,15,3,27.498,7872,2.0440512241494777
conv_9_15_ON_hybrid.tflite,15,4,27.497,7872,2.0439783959209064
conv_6_10_ON_float32.tflite,10,0,13.571,5664,2.0367178343166206
conv_6_10_ON_float32.tflite,10,1,13.14,5664,2.036572640030906
conv_6_10_ON_float32.tflite,10,2,13.128,5664,2.0366736825917635
conv_6_10_ON_float32.tflite,10,3,13.128,5664,2.036696391163192
conv_6_10_ON_float32.tflite,10,4,13.128,5664,2.0367029000194776
conv_7_5_OFF_hybrid.tflite,5,0,7.207,3552,2.037406587353478
conv_7_5_OFF_hybrid.tflite,5,1,6.969,3552,2.0373478419820494
conv_7_5_OFF_hybrid.tflite,5,2,6.973,3552,2.037187835470621
conv_7_5_OFF_hybrid.tflite,5,3,6.986,3552,2.0370362993020494
conv_7_5_OFF_hybrid.tflite,5,4,6.982,3552,2.0369857631791928
conv_3_5_ON_hybrid.tflite,5,0,4.553,3344,2.0375643740634777
conv_3_5_ON_hybrid.tflite,5,1,4.174,3344,2.037578792634906
conv_3_5_ON_hybrid.tflite,5,2,4.169,3344,2.037578792634906
conv_3_5_ON_hybrid.tflite,5,3,4.178,3344,2.0375791707977635
conv_3_5_ON_hybrid.tflite,5,4,4.168,3344,2.0375647522263347
lstm_3_20_OFF_float32.tflite,20,N/A,ERROR_ESP32_MALLOC_FAILED,ERROR_ESP32_MALLOC_FAILED,ERROR_ESP32_MALLOC_FAILED
conv_7_10_ON_hybrid.tflite,10,0,15.385,6192,2.0365804333280493
conv_7_10_ON_hybrid.tflite,10,1,14.949,6192,2.035870437961192
conv_7_10_ON_hybrid.tflite,10,2,14.929,6192,2.0360434968429066
conv_7_10_ON_hybrid.tflite,10,3,14.937,6192,2.036846991377478
conv_7_10_ON_hybrid.tflite,10,4,14.929,6192,2.036800078365192
lstm_6_20_OFF_float32.tflite,20,N/A,ERROR_ESP32_MALLOC_FAILED,ERROR_ESP32_MALLOC_FAILED,ERROR_ESP32_MALLOC_FAILED
dense_0_10_OFF_int8.tflite,10,0,1.181,2132,2.031729426113478
dense_0_10_OFF_int8.tflite,10,1,0.755,2132,2.031729426113478
dense_0_10_OFF_int8.tflite,10,2,0.74,2132,2.031729426113478
dense_0_10_OFF_int8.tflite,10,3,0.744,2132,2.031729426113478
dense_0_10_OFF_int8.tflite,10,4,0.74,2132,2.031729426113478
conv_2_15_OFF_int8.tflite,15,0,4.41,2164,2.0404903272011916
conv_2_15_OFF_int8.tflite,15,1,3.874,2164,2.0404903272011916
conv_2_15_OFF_int8.tflite,15,2,3.874,2164,2.0380180614869063
conv_2_15_OFF_int8.tflite,15,3,3.87,2164,2.0380180614869063
conv_2_15_OFF_int8.tflite,15,4,3.874,2164,2.0380180614869063
lstm_9_15_OFF_float32.tflite,15,N/A,ERROR_ESP32_MALLOC_FAILED,ERROR_ESP32_MALLOC_FAILED,ERROR_ESP32_MALLOC_FAILED
dense_1_10_OFF_hybrid.tflite,10,N/A,ERROR_TFLITE_INIT_FAILED,ERROR_TFLITE_INIT_FAILED,ERROR_TFLITE_INIT_FAILED
dense_4_15_OFF_int8.tflite,15,0,2.303,4100,2.0343289273220493
dense_4_15_OFF_int8.tflite,15,1,1.918,4100,2.0343289273220493
dense_4_15_OFF_int8.tflite,15,2,1.905,4100,2.0343289273220493
dense_4_15_OFF_int8.tflite,15,3,1.91,4100,2.0343289273220493
dense_4_15_OFF_int8.tflite,15,4,1.914,4100,2.0343289273220493
conv_9_20_ON_int8.tflite,20,0,26.062,7460,2.0299999863346203
conv_9_20_ON_int8.tflite,20,1,25.285,7460,2.031984752048906
conv_9_20_ON_int8.tflite,20,2,25.294,7460,2.0299999863346203
conv_9_20_ON_int8.tflite,20,3,25.285,7460,2.031395394785192
conv_9_20_ON_int8.tflite,20,4,25.284,7460,2.030810004785192
lstm_9_5_OFF_float32.tflite,5,N/A,ERROR_ESP32_MALLOC_FAILED,ERROR_ESP32_MALLOC_FAILED,ERROR_ESP32_MALLOC_FAILED
lstm_8_20_OFF_int8.tflite,20,N/A,ERROR_ESP32_MALLOC_FAILED,ERROR_ESP32_MALLOC_FAILED,ERROR_ESP32_MALLOC_FAILED
conv_9_20_OFF_hybrid.tflite,20,N/A,ERROR_TFLITE_INIT_FAILED,ERROR_TFLITE_INIT_FAILED,ERROR_TFLITE_INIT_FAILED
lstm_1_20_OFF_hybrid.tflite,20,N/A,ERROR_TFLITE_INIT_FAILED,ERROR_TFLITE_INIT_FAILED,ERROR_TFLITE_INIT_FAILED
lstm_3_10_OFF_hybrid.tflite,10,N/A,ERROR_TFLITE_INIT_FAILED,ERROR_TFLITE_INIT_FAILED,ERROR_TFLITE_INIT_FAILED
conv_7_5_ON_hybrid.tflite,5,0,8.282,5440,2.377380422742906
conv_7_5_ON_hybrid.tflite,5,1,7.768,5440,2.378756162541763
conv_7_5_ON_hybrid.tflite,5,2,7.76,5440,2.3815484119831924
conv_7_5_ON_hybrid.tflite,5,3,7.765,5440,2.3830963538717636
conv_7_5_ON_hybrid.tflite,5,4,7.744,5440,2.3828346928791926
conv_5_20_ON_hybrid.tflite,20,N/A,ERROR_TFLITE_INIT_FAILED,ERROR_TFLITE_INIT_FAILED,ERROR_TFLITE_INIT_FAILED
dense_8_20_OFF_hybrid.tflite,20,N/A,ERROR_TFLITE_INIT_FAILED,ERROR_TFLITE_INIT_FAILED,ERROR_TFLITE_INIT_FAILED
lstm_3_10_OFF_int8.tflite,10,N/A,ERROR_ESP32_MALLOC_FAILED,ERROR_ESP32_MALLOC_FAILED,ERROR_ESP32_MALLOC_FAILED
dense_2_10_OFF_hybrid.tflite,10,N/A,ERROR_TFLITE_INIT_FAILED,ERROR_TFLITE_INIT_FAILED,ERROR_TFLITE_INIT_FAILED
conv_0_10_ON_hybrid.tflite,10,0,2.713,2400,2.232277165901478
conv_0_10_ON_hybrid.tflite,10,1,2.26,2400,2.2323586512071922
conv_0_10_ON_hybrid.tflite,10,2,2.249,2400,2.2322888640806213
conv_0_10_ON_hybrid.tflite,10,3,2.248,2400,2.2321951397949062
conv_0_10_ON_hybrid.tflite,10,4,2.248,2400,2.231783246872049
conv_8_10_ON_float32.tflite,10,0,17.207,6720,2.0353857457226203
conv_8_10_ON_float32.tflite,10,1,16.758,6720,2.0355269165169063
conv_8_10_ON_float32.tflite,10,2,16.738,6720,2.0354771657389064
conv_8_10_ON_float32.tflite,10,3,16.753,6720,2.0355269165169063
conv_8_10_ON_float32.tflite,10,4,16.746,6720,2.035442514636906
conv_5_5_ON_int8.tflite,5,0,5.064,4004,2.029889501680335
conv_5_5_ON_int8.tflite,5,1,4.31,4004,2.029889501680335
conv_5_5_ON_int8.tflite,5,2,4.306,4004,2.029889501680335
conv_5_5_ON_int8.tflite,5,3,4.305,4004,2.029889501680335
conv_5_5_ON_int8.tflite,5,4,4.312,4004,2.029889501680335
conv_7_20_OFF_hybrid.tflite,20,N/A,ERROR_TFLITE_INIT_FAILED,ERROR_TFLITE_INIT_FAILED,ERROR_TFLITE_INIT_FAILED
conv_5_10_OFF_hybrid.tflite,10,0,10.928,3728,2.0269109141709065
conv_5_10_OFF_hybrid.tflite,10,1,10.527,3728,2.0267884373480496
conv_5_10_OFF_hybrid.tflite,10,2,10.528,3728,2.0267904199229068
conv_5_10_OFF_hybrid.tflite,10,3,10.528,3728,2.0265715512960494
conv_5_10_OFF_hybrid.tflite,10,4,10.528,3728,2.026504255981478
conv_3_20_OFF_int8.tflite,20,0,7.584,3140,2.031749968750621
conv_3_20_OFF_int8.tflite,20,1,7.064,3140,2.031749968750621
conv_3_20_OFF_int8.tflite,20,2,7.065,3140,2.031749968750621
conv_3_20_OFF_int8.tflite,20,3,7.052,3140,2.031749968750621
conv_3_20_OFF_int8.tflite,20,4,7.068,3140,2.031749968750621
dense_0_20_OFF_int8.tflite,20,0,1.26,2324,2.031749968750621
dense_0_20_OFF_int8.tflite,20,1,0.883,2324,2.031749968750621
dense_0_20_OFF_int8.tflite,20,2,0.875,2324,2.031749968750621
dense_0_20_OFF_int8.tflite,20,3,0.881,2324,2.031749968750621
dense_0_20_OFF_int8.tflite,20,4,0.876,2324,2.031749968750621
dense_2_20_OFF_float32.tflite,20,0,0.914,2528,2.073858472017192
dense_2_20_OFF_float32.tflite,20,1,0.692,2528,2.0741042671086207
dense_2_20_OFF_float32.tflite,20,2,0.688,2528,2.074203989354335
dense_2_20_OFF_float32.tflite,20,3,0.688,2528,2.074168024375192
dense_2_20_OFF_float32.tflite,20,4,0.688,2528,2.0742705013694778
dense_9_10_OFF_float32.tflite,10,N/A,ERROR_TFLITE_INIT_FAILED,ERROR_TFLITE_INIT_FAILED,ERROR_TFLITE_INIT_FAILED
conv_5_15_OFF_float32.tflite,15,0,15.975,4368,2.021705440085192
conv_5_15_OFF_float32.tflite,15,1,15.706,4368,2.021676758104335
conv_5_15_OFF_float32.tflite,15,2,15.706,4368,2.0217077695820493
conv_5_15_OFF_float32.tflite,15,3,15.702,4368,2.0215198589451924
conv_5_15_OFF_float32.tflite,15,4,15.714,4368,2.021418510096335
conv_8_15_OFF_hybrid.tflite,15,0,23.83,5232,2.030014494619192
conv_8_15_OFF_hybrid.tflite,15,1,23.577,5232,2.030030347476335
conv_8_15_OFF_hybrid.tflite,15,2,23.577,5232,2.0299855489706204
conv_8_15_OFF_hybrid.tflite,15,3,23.571,5232,2.0299538518277633
conv_8_15_OFF_hybrid.tflite,15,4,23.568,5232,2.0298648101220493
conv_2_10_ON_int8.tflite,10,0,5.163,2708,2.053322562347192
conv_2_10_ON_int8.tflite,10,1,4.385,2708,2.053322562347192
conv_2_10_ON_int8.tflite,10,2,4.397,2708,2.0528285437757634
conv_2_10_ON_int8.tflite,10,3,4.381,2708,2.053322562347192
conv_2_10_ON_int8.tflite,10,4,4.398,2708,2.053322562347192
conv_4_20_ON_int8.tflite,20,0,13.324,4612,2.0359363333097638
conv_4_20_ON_int8.tflite,20,1,12.612,4612,2.036541247595478
conv_4_20_ON_int8.tflite,20,2,12.612,4612,2.036541247595478
conv_4_20_ON_int8.tflite,20,3,12.605,4612,2.0314744662877633
conv_4_20_ON_int8.tflite,20,4,12.622,4612,2.0314744662877633
lstm_5_20_OFF_float32.tflite,20,N/A,ERROR_ESP32_MALLOC_FAILED,ERROR_ESP32_MALLOC_FAILED,ERROR_ESP32_MALLOC_FAILED
conv_3_15_ON_int8.tflite,15,0,8.331,3396,2.0488812900749065
conv_3_15_ON_int8.tflite,15,1,7.624,3396,2.0519913172177637
conv_3_15_ON_int8.tflite,15,2,7.625,3396,2.0515320643606207
conv_3_15_ON_int8.tflite,15,3,7.607,3396,2.053706438525478
conv_3_15_ON_int8.tflite,15,4,7.624,3396,2.0541915300749065
lstm_3_15_OFF_float32.tflite,15,N/A,ERROR_ESP32_MALLOC_FAILED,ERROR_ESP32_MALLOC_FAILED,ERROR_ESP32_MALLOC_FAILED
lstm_8_20_OFF_float32.tflite,20,N/A,ERROR_ESP32_MALLOC_FAILED,ERROR_ESP32_MALLOC_FAILED,ERROR_ESP32_MALLOC_FAILED
conv_6_10_ON_hybrid.tflite,10,0,13.708,5664,2.0367178343166206
conv_6_10_ON_hybrid.tflite,10,1,13.14,5664,2.036572640030906
conv_6_10_ON_hybrid.tflite,10,2,13.132,5664,2.0366736825917635
conv_6_10_ON_hybrid.tflite,10,3,13.124,5664,2.036696391163192
conv_6_10_ON_hybrid.tflite,10,4,13.136,5664,2.0367029000194776
conv_8_10_OFF_float32.tflite,10,0,15.992,4592,2.035393308289764
conv_8_10_OFF_float32.tflite,10,1,15.723,4592,2.035377618289764
conv_8_10_OFF_float32.tflite,10,2,15.731,4592,2.03545570942205
conv_8_10_OFF_float32.tflite,10,3,15.723,4592,2.0355028173000496
conv_8_10_OFF_float32.tflite,10,4,15.731,4592,2.035600206280049
conv_3_5_OFF_float32.tflite,5,0,3.839,2400,2.0338642530023354
conv_3_5_OFF_float32.tflite,5,1,3.61,2400,2.0337943981957634
conv_3_5_OFF_float32.tflite,5,2,3.615,2400,2.033827088807192
conv_3_5_OFF_float32.tflite,5,3,3.61,2400,2.0336644055529063
conv_3_5_OFF_float32.tflite,5,4,3.614,2400,2.0337321506443344
lstm_0_20_OFF_hybrid.tflite,20,N/A,ERROR_TFLITE_INIT_FAILED,ERROR_TFLITE_INIT_FAILED,ERROR_TFLITE_INIT_FAILED
conv_3_15_ON_hybrid.tflite,15,0,11.631,4736,2.0549116835569063
conv_3_15_ON_hybrid.tflite,15,1,11.198,4736,2.0551084948443346
conv_3_15_ON_hybrid.tflite,15,2,11.186,4736,2.0550509088789064
conv_3_15_ON_hybrid.tflite,15,3,11.194,4736,2.0551683593474785
conv_3_15_ON_hybrid.tflite,15,4,11.193,4736,2.0549746287160495
lstm_2_15_OFF_hybrid.tflite,15,N/A,ERROR_TFLITE_INIT_FAILED,ERROR_TFLITE_INIT_FAILED,ERROR_TFLITE_INIT_FAILED
lstm_8_5_OFF_hybrid.tflite,5,N/A,ERROR_TFLITE_INIT_FAILED,ERROR_TFLITE_INIT_FAILED,ERROR_TFLITE_INIT_FAILED
lstm_7_5_OFF_hybrid.tflite,5,N/A,ERROR_TFLITE_INIT_FAILED,ERROR_TFLITE_INIT_FAILED,ERROR_TFLITE_INIT_FAILED
conv_2_5_ON_float32.tflite,5,0,3.667,2816,2.0330479218651925
conv_2_5_ON_float32.tflite,5,1,3.282,2816,2.0330479218651925
conv_2_5_ON_float32.tflite,5,2,3.275,2816,2.0330479218651925
conv_2_5_ON_float32.tflite,5,3,3.275,2816,2.0330479218651925
conv_2_5_ON_float32.tflite,5,4,3.266,2816,2.0330479218651925
conv_1_10_ON_int8.tflite,10,0,4.107,2180,2.038140037664049
conv_1_10_ON_int8.tflite,10,1,3.303,2180,2.038119495026906
conv_1_10_ON_int8.tflite,10,2,3.307,2180,2.038119495026906
conv_1_10_ON_int8.tflite,10,3,3.307,2180,2.037514580741192
conv_1_10_ON_int8.tflite,10,4,3.307,2180,2.037514580741192
dense_3_20_OFF_hybrid.tflite,20,N/A,ERROR_TFLITE_INIT_FAILED,ERROR_TFLITE_INIT_FAILED,ERROR_TFLITE_INIT_FAILED
lstm_5_20_OFF_int8.tflite,20,N/A,ERROR_ESP32_MALLOC_FAILED,ERROR_ESP32_MALLOC_FAILED,ERROR_ESP32_MALLOC_FAILED
dense_9_20_OFF_int8.tflite,20,N/A,ERROR_TFLITE_INIT_FAILED,ERROR_TFLITE_INIT_FAILED,ERROR_TFLITE_INIT_FAILED
lstm_1_15_OFF_float32.tflite,15,N/A,ERROR_TFLITE_INIT_FAILED,ERROR_TFLITE_INIT_FAILED,ERROR_TFLITE_INIT_FAILED
conv_5_5_OFF_hybrid.tflite,5,0,5.676,2976,2.0195913766080493
conv_5_5_OFF_hybrid.tflite,5,1,5.302,2976,2.0193138070566206
conv_5_5_OFF_hybrid.tflite,5,2,5.302,2976,2.019162195668906
conv_5_5_OFF_hybrid.tflite,5,3,5.302,2976,2.0196293558823353
conv_5_5_OFF_hybrid.tflite,5,4,5.31,2976,2.0194465790566207
dense_5_15_OFF_float32.tflite,15,N/A,ERROR_TFLITE_INIT_FAILED,ERROR_TFLITE_INIT_FAILED,ERROR_TFLITE_INIT_FAILED
conv_1_5_ON_int8.tflite,5,0,2.909,1908,2.0366834814146206
conv_1_5_ON_int8.tflite,5,1,2.151,1908,2.0366834814146206
conv_1_5_ON_int8.tflite,5,2,2.139,1908,2.0366834814146206
conv_1_5_ON_int8.tflite,5,3,2.139,1908,2.0366834814146206
conv_1_5_ON_int8.tflite,5,4,2.139,1908,2.035593640900335
lstm_2_5_OFF_hybrid.tflite,5,N/A,ERROR_TFLITE_INIT_FAILED,ERROR_TFLITE_INIT_FAILED,ERROR_TFLITE_INIT_FAILED
conv_4_20_ON_hybrid.tflite,20,N/A,ERROR_TFLITE_INIT_FAILED,ERROR_TFLITE_INIT_FAILED,ERROR_TFLITE_INIT_FAILED
conv_7_15_OFF_hybrid.tflite,15,0,21.335,4944,2.032497292791764
conv_7_15_OFF_hybrid.tflite,15,1,20.959,4944,2.032497292791764
conv_7_15_OFF_hybrid.tflite,15,2,20.951,4944,2.032481257077478
conv_7_15_OFF_hybrid.tflite,15,3,20.959,4944,2.032481257077478
conv_7_15_OFF_hybrid.tflite,15,4,20.951,4944,2.0324653688326206
lstm_9_20_OFF_float32.tflite,20,N/A,ERROR_ESP32_MALLOC_FAILED,ERROR_ESP32_MALLOC_FAILED,ERROR_ESP32_MALLOC_FAILED
dense_0_20_OFF_hybrid.tflite,20,N/A,ERROR_TFLITE_INIT_FAILED,ERROR_TFLITE_INIT_FAILED,ERROR_TFLITE_INIT_FAILED
conv_8_15_OFF_int8.tflite,15,0,10.675,3892,2.029381668456335
conv_8_15_OFF_int8.tflite,15,1,10.131,3892,2.0299975898849065
conv_8_15_OFF_int8.tflite,15,2,10.127,3892,2.029381668456335
conv_8_15_OFF_int8.tflite,15,3,10.126,3892,2.029381668456335
conv_8_15_OFF_int8.tflite,15,4,10.127,3892,2.028274445084907
dense_0_20_OFF_float32.tflite,20,0,0.733,2256,2.0323579305877635
dense_0_20_OFF_float32.tflite,20,1,0.478,2256,2.0323579305877635
dense_0_20_OFF_float32.tflite,20,2,0.479,2256,2.0323579305877635
dense_0_20_OFF_float32.tflite,20,3,0.479,2256,2.0323579305877635
dense_0_20_OFF_float32.tflite,20,4,0.479,2256,2.0323579305877635
dense_3_5_OFF_float32.tflite,5,N/A,ERROR_TFLITE_INIT_FAILED,ERROR_TFLITE_INIT_FAILED,ERROR_TFLITE_INIT_FAILED
conv_6_5_OFF_int8.tflite,5,0,3.413,2884,2.031111399832621
conv_6_5_OFF_int8.tflite,5,1,2.933,2884,2.031111399832621
conv_6_5_OFF_int8.tflite,5,2,2.929,2884,2.031749968750621
conv_6_5_OFF_int8.tflite,5,3,2.928,2884,2.031111399832621
conv_6_5_OFF_int8.tflite,5,4,2.921,2884,2.0317568343440495
conv_3_5_OFF_int8.tflite,5,0,2.418,2020,2.033688117542049
conv_3_5_OFF_int8.tflite,5,1,1.958,2020,2.033688117542049
conv_3_5_OFF_int8.tflite,5,2,1.946,2020,2.031749968750621
conv_3_5_OFF_int8.tflite,5,3,1.946,2020,2.033708660179192
conv_3_5_OFF_int8.tflite,5,4,1.946,2020,2.033688117542049
conv_6_15_OFF_float32.tflite,15,0,18.669,4656,2.0302669723771922
conv_6_15_OFF_float32.tflite,15,1,18.341,4656,2.0302669723771922
conv_6_15_OFF_float32.tflite,15,2,18.332,4656,2.030235738091478
conv_6_15_OFF_float32.tflite,15,3,18.341,4656,2.030219244611478
conv_6_15_OFF_float32.tflite,15,4,18.324,4656,2.030155269395192
conv_1_15_OFF_float32.tflite,15,0,5.482,3216,2.1433204865106203
conv_1_15_OFF_float32.tflite,15,1,5.208,3216,2.149368110787764
conv_1_15_OFF_float32.tflite,15,2,5.209,3216,2.1471796593677634
conv_1_15_OFF_float32.tflite,15,3,5.215,3216,2.148645262624906
conv_1_15_OFF_float32.tflite,15,4,5.229,3216,2.146174604516335
conv_6_15_ON_hybrid.tflite,15,0,19.863,6304,2.042613850696049
conv_6_15_ON_hybrid.tflite,15,1,19.351,6304,2.043333179676335
conv_6_15_ON_hybrid.tflite,15,2,19.344,6304,2.0427693800617637
conv_6_15_ON_hybrid.tflite,15,3,19.348,6304,2.043180957782335
conv_6_15_ON_hybrid.tflite,15,4,19.344,6304,2.0429142683369057
conv_9_5_ON_hybrid.tflite,5,0,9.931,6480,2.0353639965900494
conv_9_5_ON_hybrid.tflite,5,1,9.566,6480,2.035315506192906
conv_9_5_ON_hybrid.tflite,5,2,9.538,6480,2.035394774355763
conv_9_5_ON_hybrid.tflite,5,3,9.554,6480,2.035315506192906
conv_9_5_ON_hybrid.tflite,5,4,9.546,6480,2.0353308343557632
dense_5_10_OFF_hybrid.tflite,10,N/A,ERROR_TFLITE_INIT_FAILED,ERROR_TFLITE_INIT_FAILED,ERROR_TFLITE_INIT_FAILED
conv_9_5_OFF_int8.tflite,5,0,4.429,3748,2.031749968750621
conv_9_5_OFF_int8.tflite,5,1,3.912,3748,2.031749968750621
conv_9_5_OFF_int8.tflite,5,2,3.905,3748,2.031749968750621
conv_9_5_OFF_int8.tflite,5,3,3.913,3748,2.031749968750621
conv_9_5_OFF_int8.tflite,5,4,3.9,3748,2.031749968750621
conv_0_20_OFF_int8.tflite,20,0,2.642,1508,2.031749968750621
conv_0_20_OFF_int8.tflite,20,1,2.177,1508,2.031749968750621
conv_0_20_OFF_int8.tflite,20,2,2.176,1508,2.031749968750621
conv_0_20_OFF_int8.tflite,20,3,2.173,1508,2.031749968750621
conv_0_20_OFF_int8.tflite,20,4,2.169,1508,2.031749968750621
conv_2_20_ON_int8.tflite,20,0,8.441,3268,2.0328447073697635
conv_2_20_ON_int8.tflite,20,1,7.666,3268,2.033449621655478
conv_2_20_ON_int8.tflite,20,2,7.667,3268,2.033470443309764
conv_2_20_ON_int8.tflite,20,3,7.655,3268,2.033470443309764
conv_2_20_ON_int8.tflite,20,4,7.663,3268,2.033470443309764
lstm_9_20_OFF_int8.tflite,20,N/A,ERROR_ESP32_MALLOC_FAILED,ERROR_ESP32_MALLOC_FAILED,ERROR_ESP32_MALLOC_FAILED
lstm_9_5_OFF_int8.tflite,5,N/A,ERROR_ESP32_MALLOC_FAILED,ERROR_ESP32_MALLOC_FAILED,ERROR_ESP32_MALLOC_FAILED
conv_4_10_ON_int8.tflite,10,0,7.271,3764,2.038491540725192
conv_4_10_ON_int8.tflite,10,1,6.551,3764,2.0379148421537634
conv_4_10_ON_int8.tflite,10,2,6.559,3764,2.038491540725192
conv_4_10_ON_int8.tflite,10,3,6.552,3764,2.0373424892966203
conv_4_10_ON_int8.tflite,10,4,6.551,3764,2.0379148421537634
lstm_4_5_OFF_hybrid.tflite,5,N/A,ERROR_TFLITE_INIT_FAILED,ERROR_TFLITE_INIT_FAILED,ERROR_TFLITE_INIT_FAILED
dense_6_5_OFF_int8.tflite,5,0,2.778,5172,2.0366552533203346
dense_6_5_OFF_int8.tflite,5,1,2.421,5172,2.0366552533203346
dense_6_5_OFF_int8.tflite,5,2,2.421,5172,2.0366552533203346
dense_6_5_OFF_int8.tflite,5,3,2.414,5172,2.037261576403192
dense_6_5_OFF_int8.tflite,5,4,2.413,5172,2.035376637952621
conv_7_15_ON_int8.tflite,15,0,14.828,5492,2.036251032516335
conv_7_15_ON_int8.tflite,15,1,14.097,5492,2.036251032516335
conv_7_15_ON_int8.tflite,15,2,14.099,5492,2.038727643944906
conv_7_15_ON_int8.tflite,15,3,14.087,5492,2.036251032516335
conv_7_15_ON_int8.tflite,15,4,14.097,5492,2.0393261825163345
lstm_8_10_OFF_int8.tflite,10,N/A,ERROR_ESP32_MALLOC_FAILED,ERROR_ESP32_MALLOC_FAILED,ERROR_ESP32_MALLOC_FAILED
conv_9_10_OFF_float32.tflite,10,0,17.871,4880,2.062231795738621
conv_9_10_OFF_float32.tflite,10,1,17.464,4880,2.0619971054283353
conv_9_10_OFF_float32.tflite,10,2,17.467,4880,2.061944287183478
conv_9_10_OFF_float32.tflite,10,3,17.464,4880,2.062245258269192
conv_9_10_OFF_float32.tflite,10,4,17.46,4880,2.0628110214011923
dense_1_15_OFF_int8.tflite,15,0,1.321,2500,2.0242295811617637
dense_1_15_OFF_int8.tflite,15,1,0.924,2500,2.0242295811617637
dense_1_15_OFF_int8.tflite,15,2,0.917,2500,2.0242295811617637
dense_1_15_OFF_int8.tflite,15,3,0.917,2500,2.0242295811617637
dense_1_15_OFF_int8.tflite,15,4,0.916,2500,2.0242295811617637
dense_1_20_OFF_hybrid.tflite,20,N/A,ERROR_TFLITE_INIT_FAILED,ERROR_TFLITE_INIT_FAILED,ERROR_TFLITE_INIT_FAILED
lstm_4_15_OFF_float32.tflite,15,N/A,ERROR_ESP32_MALLOC_FAILED,ERROR_ESP32_MALLOC_FAILED,ERROR_ESP32_MALLOC_FAILED
conv_7_5_ON_float32.tflite,5,0,8.254,5440,2.377380422742906
conv_7_5_ON_float32.tflite,5,1,7.772,5440,2.378756162541763
conv_7_5_ON_float32.tflite,5,2,7.76,5440,2.3815484119831924
conv_7_5_ON_float32.tflite,5,3,7.749,5440,2.3830963538717636
conv_7_5_ON_float32.tflite,5,4,7.76,5440,2.3828346928791926
lstm_8_15_OFF_int8.tflite,15,N/A,ERROR_ESP32_MALLOC_FAILED,ERROR_ESP32_MALLOC_FAILED,ERROR_ESP32_MALLOC_FAILED
lstm_1_5_OFF_int8.tflite,5,N/A,ERROR_TFLITE_INIT_FAILED,ERROR_TFLITE_INIT_FAILED,ERROR_TFLITE_INIT_FAILED
conv_5_10_ON_int8.tflite,10,0,8.423,4276,2.0368357156526207
conv_5_10_ON_int8.tflite,10,1,7.628,4276,2.0362546713669065
conv_5_10_ON_int8.tflite,10,2,7.633,4276,2.0337649113669065
conv_5_10_ON_int8.tflite,10,3,7.616,4276,2.0351561394240494
conv_5_10_ON_int8.tflite,10,4,7.632,4276,2.0345794408526205
dense_8_15_OFF_int8.tflite,15,N/A,ERROR_TFLITE_INIT_FAILED,ERROR_TFLITE_INIT_FAILED,ERROR_TFLITE_INIT_FAILED
conv_8_20_ON_int8.tflite,20,0,23.218,6964,2.0380128770220494
conv_8_20_ON_int8.tflite,20,1,22.502,6964,2.0380128770220494
conv_8_20_ON_int8.tflite,20,2,22.503,6964,2.038823060793478
conv_8_20_ON_int8.tflite,20,3,22.503,6964,2.0421693081506205
conv_8_20_ON_int8.tflite,20,4,22.502,6964,2.0458538295849062
conv_5_20_OFF_hybrid.tflite,20,N/A,ERROR_TFLITE_INIT_FAILED,ERROR_TFLITE_INIT_FAILED,ERROR_TFLITE_INIT_FAILED
dense_9_20_OFF_float32.tflite,20,N/A,ERROR_TFLITE_INIT_FAILED,ERROR_TFLITE_INIT_FAILED,ERROR_TFLITE_INIT_FAILED
conv_5_10_OFF_int8.tflite,10,0,5.371,2868,2.0263390438880493
conv_5_10_OFF_int8.tflite,10,1,4.859,2868,2.026323486866049
conv_5_10_OFF_int8.tflite,10,2,4.867,2868,2.025734129602335
conv_5_10_OFF_int8.tflite,10,3,4.851,2868,2.025734129602335
conv_5_10_OFF_int8.tflite,10,4,4.859,2868,2.026323486866049
conv_0_5_OFF_hybrid.tflite,5,0,1.43,1408,1.978262293496335
conv_0_5_OFF_hybrid.tflite,5,1,1.094,1408,1.9804120996146206
conv_0_5_OFF_hybrid.tflite,5,2,1.094,1408,1.9821459790386202
conv_0_5_OFF_hybrid.tflite,5,3,1.094,1408,1.9808856064520497
conv_0_5_OFF_hybrid.tflite,5,4,1.094,1408,1.9798574250969068
conv_5_5_OFF_int8.tflite,5,0,3.094,2596,2.017235703950621
conv_5_5_OFF_int8.tflite,5,1,2.607,2596,2.017235703950621
conv_5_5_OFF_int8.tflite,5,2,2.602,2596,2.019428854464907
conv_5_5_OFF_int8.tflite,5,3,2.607,2596,2.019428854464907
conv_5_5_OFF_int8.tflite,5,4,2.603,2596,2.017235703950621
lstm_2_10_OFF_float32.tflite,10,N/A,ERROR_TFLITE_INIT_FAILED,ERROR_TFLITE_INIT_FAILED,ERROR_TFLITE_INIT_FAILED
lstm_2_10_OFF_hybrid.tflite,10,N/A,ERROR_TFLITE_INIT_FAILED,ERROR_TFLITE_INIT_FAILED,ERROR_TFLITE_INIT_FAILED
lstm_5_5_OFF_float32.tflite,5,N/A,ERROR_TFLITE_INIT_FAILED,ERROR_TFLITE_INIT_FAILED,ERROR_TFLITE_INIT_FAILED
lstm_6_10_OFF_float32.tflite,10,N/A,ERROR_ESP32_MALLOC_FAILED,ERROR_ESP32_MALLOC_FAILED,ERROR_ESP32_MALLOC_FAILED
dense_6_5_OFF_float32.tflite,5,N/A,ERROR_TFLITE_INIT_FAILED,ERROR_TFLITE_INIT_FAILED,ERROR_TFLITE_INIT_FAILED
conv_8_10_ON_int8.tflite,10,0,11.624,5860,2.038600124118335
conv_8_10_ON_int8.tflite,10,1,10.875,5860,2.038600124118335
conv_8_10_ON_int8.tflite,10,2,10.878,5860,2.0355293198326208
conv_8_10_ON_int8.tflite,10,3,10.871,5860,2.032950361261192
conv_8_10_ON_int8.tflite,10,4,10.879,5860,2.038600124118335
dense_9_5_OFF_float32.tflite,5,N/A,ERROR_TFLITE_INIT_FAILED,ERROR_TFLITE_INIT_FAILED,ERROR_TFLITE_INIT_FAILED
lstm_7_10_OFF_hybrid.tflite,10,N/A,ERROR_ESP32_MALLOC_FAILED,ERROR_ESP32_MALLOC_FAILED,ERROR_ESP32_MALLOC_FAILED
conv_5_15_OFF_int8.tflite,15,0,7.507,3028,2.0203722633049064
conv_5_15_OFF_int8.tflite,15,1,7.002,3028,2.022446003998049
conv_5_15_OFF_int8.tflite,15,2,7.01,3028,2.020903690899192
conv_5_15_OFF_int8.tflite,15,3,7.003,3028,2.0203722633049064
conv_5_15_OFF_int8.tflite,15,4,7.01,3028,2.020903690899192
conv_4_15_ON_int8.tflite,15,0,9.944,3924,2.0523065470174777
conv_4_15_ON_int8.tflite,15,1,9.243,3924,2.0497145513031922
conv_4_15_ON_int8.tflite,15,2,9.242,3924,2.0497145513031922
conv_4_15_ON_int8.tflite,15,3,9.234,3924,2.0497145513031922
conv_4_15_ON_int8.tflite,15,4,9.242,3924,2.0502477927317635
conv_0_20_OFF_float32.tflite,20,0,3.713,2896,2.0323745816077636
conv_0_20_OFF_float32.tflite,20,1,3.377,2896,2.0323745816077636
conv_0_20_OFF_float32.tflite,20,2,3.368,2896,2.0323745816077636
conv_0_20_OFF_float32.tflite,20,3,3.368,2896,2.0323745816077636
conv_0_20_OFF_float32.tflite,20,4,3.374,2896,2.0323745816077636
dense_6_10_OFF_int8.tflite,10,0,2.887,5172,2.0329867399374777
dense_6_10_OFF_int8.tflite,10,1,2.485,5172,2.0329867399374777
dense_6_10_OFF_int8.tflite,10,2,2.477,5172,2.0329867399374777
dense_6_10_OFF_int8.tflite,10,3,2.476,5172,2.0329867399374777
dense_6_10_OFF_int8.tflite,10,4,2.477,5172,2.0329867399374777
lstm_7_15_OFF_float32.tflite,15,N/A,ERROR_ESP32_MALLOC_FAILED,ERROR_ESP32_MALLOC_FAILED,ERROR_ESP32_MALLOC_FAILED
dense_0_10_OFF_float32.tflite,10,0,0.582,1552,2.0312891611229067
dense_0_10_OFF_float32.tflite,10,1,0.388,1552,2.0312728986743354
dense_0_10_OFF_float32.tflite,10,2,0.38,1552,2.031240777654335
dense_0_10_OFF_float32.tflite,10,3,0.38,1552,2.0312403909200496
dense_0_10_OFF_float32.tflite,10,4,0.38,1552,2.0312079060229067
conv_2_5_OFF_float32.tflite,5,0,2.992,2112,2.1502165253829064
conv_2_5_OFF_float32.tflite,5,1,2.778,2112,2.150451064211478
conv_2_5_OFF_float32.tflite,5,2,2.766,2112,2.1462548375229065
conv_2_5_OFF_float32.tflite,5,3,2.766,2112,2.1488303143914775
conv_2_5_OFF_float32.tflite,5,4,2.774,2112,2.149080350608621
dense_7_20_OFF_float32.tflite,20,N/A,ERROR_TFLITE_INIT_FAILED,ERROR_TFLITE_INIT_FAILED,ERROR_TFLITE_INIT_FAILED
conv_1_5_ON_hybrid.tflite,5,0,2.844,2288,2.034614846413763
conv_1_5_ON_hybrid.tflite,5,1,2.376,2288,2.0346800949851915
conv_1_5_ON_hybrid.tflite,5,2,2.367,2288,2.0346895274994776
conv_1_5_ON_hybrid.tflite,5,3,2.372,2288,2.034703468928049
conv_1_5_ON_hybrid.tflite,5,4,2.368,2288,2.034703468928049
conv_8_20_OFF_hybrid.tflite,20,N/A,ERROR_TFLITE_INIT_FAILED,ERROR_TFLITE_INIT_FAILED,ERROR_TFLITE_INIT_FAILED
conv_4_10_ON_hybrid.tflite,10,0,9.987,4624,2.038928395189478
conv_4_10_ON_hybrid.tflite,10,1,9.51,4624,2.038994202729478
conv_4_10_ON_hybrid.tflite,10,2,9.49,4624,2.0391246984437634
conv_4_10_ON_hybrid.tflite,10,3,9.502,4624,2.0392171631217635
conv_4_10_ON_hybrid.tflite,10,4,9.49,4624,2.0391530774074775
dense_7_20_OFF_hybrid.tflite,20,N/A,ERROR_TFLITE_INIT_FAILED,ERROR_TFLITE_INIT_FAILED,ERROR_TFLITE_INIT_FAILED
conv_3_10_OFF_hybrid.tflite,10,0,7.414,3152,2.0333592887506207
conv_3_10_OFF_hybrid.tflite,10,1,7.069,3152,2.033375313036335
conv_3_10_OFF_hybrid.tflite,10,2,7.049,3152,2.033375313036335
conv_3_10_OFF_hybrid.tflite,10,3,7.061,3152,2.0333127244649067
conv_3_10_OFF_hybrid.tflite,10,4,7.057,3152,2.0333127244649067
dense_2_5_OFF_float32.tflite,5,0,0.7,1792,2.021781261550621
dense_2_5_OFF_float32.tflite,5,1,0.537,1792,2.022229020693478
dense_2_5_OFF_float32.tflite,5,2,0.525,1792,2.0226186723506205
dense_2_5_OFF_float32.tflite,5,3,0.529,1792,2.022965417950621
dense_2_5_OFF_float32.tflite,5,4,0.525,1792,2.0226186723506205
conv_4_10_OFF_float32.tflite,10,0,9.072,3440,2.0333589824314777
conv_4_10_OFF_float32.tflite,10,1,8.79,3440,2.0333748838600494
conv_4_10_OFF_float32.tflite,10,2,8.786,3440,2.033408718869478
conv_4_10_OFF_float32.tflite,10,3,8.791,3440,2.033392823155192
conv_4_10_OFF_float32.tflite,10,4,8.786,3440,2.0334892678380494
conv_4_20_OFF_hybrid.tflite,20,N/A,ERROR_TFLITE_INIT_FAILED,ERROR_TFLITE_INIT_FAILED,ERROR_TFLITE_INIT_FAILED
conv_7_15_ON_float32.tflite,15,0,22.508,6832,2.037809352226049
conv_7_15_ON_float32.tflite,15,1,22.055,6832,2.0379246253811925
conv_7_15_ON_float32.tflite,15,2,22.057,6832,2.0382768531469067
conv_7_15_ON_float32.tflite,15,3,22.047,6832,2.0380440534240494
conv_7_15_ON_float32.tflite,15,4,22.051,6832,2.038461328630621
conv_6_15_ON_float32.tflite,15,0,19.772,6304,2.042613850696049
conv_6_15_ON_float32.tflite,15,1,19.347,6304,2.043333179676335
conv_6_15_ON_float32.tflite,15,2,19.332,6304,2.0427693800617637
conv_6_15_ON_float32.tflite,15,3,19.336,6304,2.043180957782335
conv_6_15_ON_float32.tflite,15,4,19.332,6304,2.0429142683369057
conv_7_10_OFF_float32.tflite,10,0,14.263,4304,2.0315197264286207
conv_7_10_OFF_float32.tflite,10,1,13.986,4304,2.0315038221429065
conv_7_10_OFF_float32.tflite,10,2,13.982,4304,2.0314881881837636
conv_7_10_OFF_float32.tflite,10,3,13.994,4304,2.0314719960617635
conv_7_10_OFF_float32.tflite,10,4,13.982,4304,2.0314407567149066
dense_7_10_OFF_float32.tflite,10,N/A,ERROR_TFLITE_INIT_FAILED,ERROR_TFLITE_INIT_FAILED,ERROR_TFLITE_INIT_FAILED
conv_5_15_OFF_hybrid.tflite,15,0,15.971,4368,2.021705440085192
conv_5_15_OFF_hybrid.tflite,15,1,15.703,4368,2.021676758104335
conv_5_15_OFF_hybrid.tflite,15,2,15.714,4368,2.0217077695820493
conv_5_15_OFF_hybrid.tflite,15,3,15.71,4368,2.0215198589451924
conv_5_15_OFF_hybrid.tflite,15,4,15.714,4368,2.021418510096335
conv_0_10_ON_float32.tflite,10,0,2.662,2400,2.232277165901478
conv_0_10_ON_float32.tflite,10,1,2.248,2400,2.2323586512071922
conv_0_10_ON_float32.tflite,10,2,2.245,2400,2.2322888640806213
conv_0_10_ON_float32.tflite,10,3,2.243,2400,2.2321951397949062
conv_0_10_ON_float32.tflite,10,4,2.244,2400,2.231783246872049
lstm_8_10_OFF_hybrid.tflite,10,N/A,ERROR_ESP32_MALLOC_FAILED,ERROR_ESP32_MALLOC_FAILED,ERROR_ESP32_MALLOC_FAILED
dense_4_10_OFF_hybrid.tflite,10,N/A,ERROR_TFLITE_INIT_FAILED,ERROR_TFLITE_INIT_FAILED,ERROR_TFLITE_INIT_FAILED
conv_1_20_ON_hybrid.tflite,20,0,7.919,4320,2.0340038099254776
conv_1_20_ON_hybrid.tflite,20,1,7.455,4320,2.0340038099254776
conv_1_20_ON_hybrid.tflite,20,2,7.447,4320,2.0340038099254776
conv_1_20_ON_hybrid.tflite,20,3,7.443,4320,2.0340038099254776
conv_1_20_ON_hybrid.tflite,20,4,7.439,4320,2.0340038099254776
lstm_4_20_OFF_hybrid.tflite,20,N/A,ERROR_ESP32_MALLOC_FAILED,ERROR_ESP32_MALLOC_FAILED,ERROR_ESP32_MALLOC_FAILED
conv_4_5_ON_float32.tflite,5,0,5.457,3856,2.4585560304831917
conv_4_5_ON_float32.tflite,5,1,5.08,3856,2.4590139623631915
conv_4_5_ON_float32.tflite,5,2,5.06,3856,2.4588440624174774
conv_4_5_ON_float32.tflite,5,3,5.08,3856,2.4581553814274777
conv_4_5_ON_float32.tflite,5,4,5.067,3856,2.4577468359843344
dense_2_5_OFF_hybrid.tflite,5,N/A,ERROR_TFLITE_INIT_FAILED,ERROR_TFLITE_INIT_FAILED,ERROR_TFLITE_INIT_FAILED
conv_1_10_OFF_int8.tflite,10,0,2.676,1716,2.031749968750621
conv_1_10_OFF_int8.tflite,10,1,2.112,1716,2.031749968750621
conv_1_10_OFF_int8.tflite,10,2,2.112,1716,2.031749968750621
conv_1_10_OFF_int8.tflite,10,3,2.108,1716,2.0317248013820497
conv_1_10_OFF_int8.tflite,10,4,2.112,1716,2.031749968750621
conv_2_15_OFF_float32.tflite,15,0,8.22,3504,2.043275269522049
conv_2_15_OFF_float32.tflite,15,1,7.859,3504,2.043435002012335
conv_2_15_OFF_float32.tflite,15,2,7.831,3504,2.0429695064203353
conv_2_15_OFF_float32.tflite,15,3,7.859,3504,2.042650640308906
conv_2_15_OFF_float32.tflite,15,4,7.855,3504,2.0428970613591924
lstm_0_15_OFF_int8.tflite,15,N/A,ERROR_TFLITE_INIT_FAILED,ERROR_TFLITE_INIT_FAILED,ERROR_TFLITE_INIT_FAILED
lstm_9_20_OFF_hybrid.tflite,20,N/A,ERROR_ESP32_MALLOC_FAILED,ERROR_ESP32_MALLOC_FAILED,ERROR_ESP32_MALLOC_FAILED
conv_0_20_OFF_hybrid.tflite,20,0,3.594,2896,2.0323745816077636
conv_0_20_OFF_hybrid.tflite,20,1,3.364,2896,2.0323745816077636
conv_0_20_OFF_hybrid.tflite,20,2,3.361,2896,2.0323745816077636
conv_0_20_OFF_hybrid.tflite,20,3,3.364,2896,2.0323745816077636
conv_0_20_OFF_hybrid.tflite,20,4,3.369,2896,2.0323745816077636
conv_8_15_ON_float32.tflite,15,0,25.297,7360,2.032901272313192
conv_8_15_ON_float32.tflite,15,1,24.794,7360,2.032769262193192
conv_8_15_ON_float32.tflite,15,2,24.779,7360,2.0329381813757634
conv_8_15_ON_float32.tflite,15,3,24.79,7360,2.0327815191563348
conv_8_15_ON_float32.tflite,15,4,24.782,7360,2.0330543142329067
dense_8_5_OFF_hybrid.tflite,5,N/A,ERROR_TFLITE_INIT_FAILED,ERROR_TFLITE_INIT_FAILED,ERROR_TFLITE_INIT_FAILED
conv_3_15_OFF_float32.tflite,15,0,10.743,3792,2.0519826947374775
conv_3_15_OFF_float32.tflite,15,1,10.474,3792,2.0517553245223352
conv_3_15_OFF_float32.tflite,15,2,10.473,3792,2.051471427776621
conv_3_15_OFF_float32.tflite,15,3,10.474,3792,2.0511256738880492
conv_3_15_OFF_float32.tflite,15,4,10.473,3792,2.051487264318335
conv_9_10_OFF_hybrid.tflite,10,0,17.721,4880,2.062231795738621
conv_9_10_OFF_hybrid.tflite,10,1,17.448,4880,2.0619971054283353
conv_9_10_OFF_hybrid.tflite,10,2,17.46,4880,2.061944287183478
conv_9_10_OFF_hybrid.tflite,10,3,17.456,4880,2.062245258269192
conv_9_10_OFF_hybrid.tflite,10,4,17.459,4880,2.0628110214011923
conv_2_10_ON_float32.tflite,10,0,6.34,3568,2.0542019434014778
conv_2_10_ON_float32.tflite,10,1,5.904,3568,2.0542441755651923
conv_2_10_ON_float32.tflite,10,2,5.884,3568,2.0542345465889063
conv_2_10_ON_float32.tflite,10,3,5.9,3568,2.054459322283192
conv_2_10_ON_float32.tflite,10,4,5.884,3568,2.054257693657478
lstm_2_15_OFF_float32.tflite,15,N/A,ERROR_TFLITE_INIT_FAILED,ERROR_TFLITE_INIT_FAILED,ERROR_TFLITE_INIT_FAILED
