unsigned char tflite_models_conv_2_20_ON_float32_tflite[] = {
  0x1c, 0x00, 0x00, 0x00, 0x54, 0x46, 0x4c, 0x33, 0x14, 0x00, 0x20, 0x00,
  0x1c, 0x00, 0x18, 0x00, 0x14, 0x00, 0x10, 0x00, 0x0c, 0x00, 0x00, 0x00,
  0x08, 0x00, 0x04, 0x00, 0x14, 0x00, 0x00, 0x00, 0x1c, 0x00, 0x00, 0x00,
  0x9c, 0x00, 0x00, 0x00, 0xf4, 0x00, 0x00, 0x00, 0x58, 0x34, 0x00, 0x00,
  0x68, 0x34, 0x00, 0x00, 0xa0, 0x46, 0x00, 0x00, 0x03, 0x00, 0x00, 0x00,
  0x01, 0x00, 0x00, 0x00, 0x10, 0x00, 0x00, 0x00, 0x00, 0x00, 0x0a, 0x00,
  0x10, 0x00, 0x0c, 0x00, 0x08, 0x00, 0x04, 0x00, 0x0a, 0x00, 0x00, 0x00,
  0x0c, 0x00, 0x00, 0x00, 0x1c, 0x00, 0x00, 0x00, 0x3c, 0x00, 0x00, 0x00,
  0x0f, 0x00, 0x00, 0x00, 0x73, 0x65, 0x72, 0x76, 0x69, 0x6e, 0x67, 0x5f,
  0x64, 0x65, 0x66, 0x61, 0x75, 0x6c, 0x74, 0x00, 0x01, 0x00, 0x00, 0x00,
  0x04, 0x00, 0x00, 0x00, 0x8c, 0xff, 0xff, 0xff, 0x1d, 0x00, 0x00, 0x00,
  0x04, 0x00, 0x00, 0x00, 0x08, 0x00, 0x00, 0x00, 0x6f, 0x75, 0x74, 0x70,
  0x75, 0x74, 0x5f, 0x30, 0x00, 0x00, 0x00, 0x00, 0x01, 0x00, 0x00, 0x00,
  0x04, 0x00, 0x00, 0x00, 0x76, 0xcb, 0xff, 0xff, 0x04, 0x00, 0x00, 0x00,
  0x10, 0x00, 0x00, 0x00, 0x6b, 0x65, 0x72, 0x61, 0x73, 0x5f, 0x74, 0x65,
  0x6e, 0x73, 0x6f, 0x72, 0x5f, 0x38, 0x34, 0x34, 0x00, 0x00, 0x00, 0x00,
  0x02, 0x00, 0x00, 0x00, 0x34, 0x00, 0x00, 0x00, 0x04, 0x00, 0x00, 0x00,
  0xdc, 0xff, 0xff, 0xff, 0x20, 0x00, 0x00, 0x00, 0x04, 0x00, 0x00, 0x00,
  0x13, 0x00, 0x00, 0x00, 0x43, 0x4f, 0x4e, 0x56, 0x45, 0x52, 0x53, 0x49,
  0x4f, 0x4e, 0x5f, 0x4d, 0x45, 0x54, 0x41, 0x44, 0x41, 0x54, 0x41, 0x00,
  0x08, 0x00, 0x0c, 0x00, 0x08, 0x00, 0x04, 0x00, 0x08, 0x00, 0x00, 0x00,
  0x1f, 0x00, 0x00, 0x00, 0x04, 0x00, 0x00, 0x00, 0x13, 0x00, 0x00, 0x00,
  0x6d, 0x69, 0x6e, 0x5f, 0x72, 0x75, 0x6e, 0x74, 0x69, 0x6d, 0x65, 0x5f,
  0x76, 0x65, 0x72, 0x73, 0x69, 0x6f, 0x6e, 0x00, 0x21, 0x00, 0x00, 0x00,
  0x60, 0x33, 0x00, 0x00, 0x58, 0x33, 0x00, 0x00, 0xc8, 0x32, 0x00, 0x00,
  0x78, 0x32, 0x00, 0x00, 0x4c, 0x32, 0x00, 0x00, 0x3c, 0x1a, 0x00, 0x00,
  0x2c, 0x0e, 0x00, 0x00, 0x9c, 0x0a, 0x00, 0x00, 0x84, 0x0a, 0x00, 0x00,
  0x34, 0x0a, 0x00, 0x00, 0xe4, 0x09, 0x00, 0x00, 0x94, 0x09, 0x00, 0x00,
  0x44, 0x09, 0x00, 0x00, 0xb4, 0x08, 0x00, 0x00, 0x24, 0x08, 0x00, 0x00,
  0x54, 0x01, 0x00, 0x00, 0x04, 0x01, 0x00, 0x00, 0xfc, 0x00, 0x00, 0x00,
  0xf4, 0x00, 0x00, 0x00, 0xec, 0x00, 0x00, 0x00, 0xe4, 0x00, 0x00, 0x00,
  0xdc, 0x00, 0x00, 0x00, 0xd4, 0x00, 0x00, 0x00, 0xcc, 0x00, 0x00, 0x00,
  0xc4, 0x00, 0x00, 0x00, 0xbc, 0x00, 0x00, 0x00, 0xb4, 0x00, 0x00, 0x00,
  0xac, 0x00, 0x00, 0x00, 0xa4, 0x00, 0x00, 0x00, 0x9c, 0x00, 0x00, 0x00,
  0x94, 0x00, 0x00, 0x00, 0x74, 0x00, 0x00, 0x00, 0x04, 0x00, 0x00, 0x00,
  0x7a, 0xcc, 0xff, 0xff, 0x04, 0x00, 0x00, 0x00, 0x60, 0x00, 0x00, 0x00,
  0x10, 0x00, 0x00, 0x00, 0x00, 0x00, 0x00, 0x00, 0x08, 0x00, 0x0e, 0x00,
  0x08, 0x00, 0x04, 0x00, 0x08, 0x00, 0x00, 0x00, 0x10, 0x00, 0x00, 0x00,
  0x24, 0x00, 0x00, 0x00, 0x00, 0x00, 0x06, 0x00, 0x08, 0x00, 0x04, 0x00,
  0x06, 0x00, 0x00, 0x00, 0x04, 0x00, 0x00, 0x00, 0x00, 0x00, 0x00, 0x00,
  0x0c, 0x00, 0x18, 0x00, 0x14, 0x00, 0x10, 0x00, 0x0c, 0x00, 0x04, 0x00,
  0x0c, 0x00, 0x00, 0x00, 0xae, 0x0d, 0x22, 0x7f, 0x83, 0x5b, 0x62, 0xa5,
  0x02, 0x00, 0x00, 0x00, 0x02, 0x00, 0x00, 0x00, 0x04, 0x00, 0x00, 0x00,
  0x06, 0x00, 0x00, 0x00, 0x32, 0x2e, 0x32, 0x31, 0x2e, 0x30, 0x00, 0x00,
  0xe6, 0xcc, 0xff, 0xff, 0x04, 0x00, 0x00, 0x00, 0x10, 0x00, 0x00, 0x00,
  0x31, 0x2e, 0x36, 0x2e, 0x30, 0x00, 0x00, 0x00, 0x00, 0x00, 0x00, 0x00,
  0x00, 0x00, 0x00, 0x00, 0x08, 0xbb, 0xff, 0xff, 0x0c, 0xbb, 0xff, 0xff,
  0x10, 0xbb, 0xff, 0xff, 0x14, 0xbb, 0xff, 0xff, 0x18, 0xbb, 0xff, 0xff,
  0x1c, 0xbb, 0xff, 0xff, 0x20, 0xbb, 0xff, 0xff, 0x24, 0xbb, 0xff, 0xff,
  0x28, 0xbb, 0xff, 0xff, 0x2c, 0xbb, 0xff, 0xff, 0x30, 0xbb, 0xff, 0xff,
  0x34, 0xbb, 0xff, 0xff, 0x38, 0xbb, 0xff, 0xff, 0x3c, 0xbb, 0xff, 0xff,
  0x3a, 0xcd, 0xff, 0xff, 0x04, 0x00, 0x00, 0x00, 0x40, 0x00, 0x00, 0x00,
  0xe9, 0x42, 0xae, 0x3a, 0x91, 0x2f, 0x4d, 0x3c, 0x57, 0x54, 0x0a, 0x3d,
  0xc8, 0x77, 0xb1, 0xbc, 0x30, 0x41, 0x4e, 0x3c, 0xe7, 0xb7, 0x6e, 0xba,
  0xfc, 0x25, 0xd9, 0xbc, 0x35, 0x43, 0xab, 0xba, 0xc1, 0x63, 0x76, 0xbc,
  0x75, 0x8c, 0xa0, 0x3c, 0x57, 0xb3, 0x81, 0xb8, 0x6c, 0x8d, 0x55, 0x3c,
  0x9b, 0x24, 0x22, 0x3c, 0x80, 0xc7, 0x6c, 0x3a, 0x75, 0xb4, 0xad, 0xbb,
  0x0c, 0x4c, 0x82, 0xbb, 0x86, 0xcd, 0xff, 0xff, 0x04, 0x00, 0x00, 0x00,
  0xc0, 0x06, 0x00, 0x00, 0x8e, 0x63, 0x0f, 0xbe, 0xf0, 0xc5, 0x90, 0xbd,
  0xff, 0xef, 0x9f, 0x3d, 0x18, 0xa7, 0x40, 0xbe, 0x23, 0x47, 0xb4, 0xbd,
  0x5b, 0x71, 0x1e, 0xbe, 0x80, 0x2f, 0x8a, 0xbe, 0xc8, 0xcf, 0x87, 0x3d,
  0x9d, 0xfe, 0x52, 0x3e, 0xdf, 0x4a, 0x85, 0x3e, 0xd3, 0x9e, 0x60, 0x3e,
  0x48, 0xa1, 0x8f, 0x3d, 0x6f, 0x09, 0x3a, 0x3e, 0xeb, 0xe0, 0x24, 0xbe,
  0x9b, 0x31, 0xee, 0xbd, 0x30, 0x6a, 0x13, 0x3e, 0xb2, 0x75, 0x75, 0xbe,
  0x09, 0xff, 0xfa, 0x3d, 0x49, 0x33, 0x8d, 0x3e, 0x92, 0x51, 0x1d, 0x3e,
  0x4d, 0x63, 0xe9, 0x3d, 0x68, 0xd5, 0x51, 0x3e, 0xe0, 0xa1, 0xd1, 0x3d,
  0x8c, 0xf8, 0x0f, 0x3e, 0x03, 0xb4, 0xb6, 0xbd, 0x2e, 0xac, 0x2d, 0x3d,
  0x15, 0x55, 0x12, 0xbd, 0x3f, 0xf8, 0xa6, 0xbd, 0xe1, 0x5a, 0x13, 0xbe,
  0x3b, 0x1e, 0x99, 0x3e, 0x46, 0x48, 0x83, 0x3e, 0x81, 0x73, 0xd7, 0xbc,
  0xeb, 0x97, 0x72, 0xbe, 0x44, 0x71, 0xef, 0xbd, 0xc7, 0x41, 0x8f, 0xbd,
  0x13, 0xfe, 0x55, 0xba, 0x2a, 0x96, 0x40, 0xbe, 0xb5, 0x98, 0x71, 0x3e,
  0xdf, 0x23, 0x64, 0xbe, 0xa0, 0xe2, 0x2d, 0xbe, 0x2b, 0x72, 0x3d, 0xbc,
  0xe6, 0x7e, 0x87, 0xbe, 0xb5, 0x65, 0x7d, 0xbe, 0x80, 0x72, 0x11, 0x3e,
  0xb5, 0x08, 0x02, 0xbe, 0xd0, 0x6e, 0xc4, 0x3d, 0xb9, 0x03, 0x92, 0x3e,
  0xd8, 0x52, 0xeb, 0xbd, 0x0e, 0x4a, 0x83, 0x3d, 0xd2, 0x11, 0xad, 0x3d,
  0x0a, 0x32, 0x5a, 0x3a, 0x20, 0x0c, 0x77, 0x3e, 0x30, 0xf9, 0xdc, 0xbd,
  0x4d, 0x4d, 0x1a, 0x3e, 0x84, 0x26, 0x89, 0xbd, 0xe2, 0x09, 0x20, 0xbe,
  0x50, 0x31, 0x86, 0xbe, 0x4b, 0x27, 0xb7, 0xbd, 0x27, 0x2e, 0x2a, 0x3d,
  0x3b, 0x37, 0x2b, 0xbe, 0x0f, 0x10, 0x51, 0x3d, 0x86, 0x5a, 0x76, 0x3e,
  0x6f, 0x3d, 0x7a, 0x3e, 0x12, 0x8a, 0xdc, 0xbd, 0x92, 0x71, 0x3b, 0xbe,
  0x34, 0x5c, 0x82, 0xbe, 0xf5, 0xf0, 0x87, 0x3e, 0x6e, 0x90, 0x33, 0x3e,
  0x21, 0x68, 0xfd, 0xbd, 0x21, 0x8b, 0xa1, 0x3d, 0xcb, 0x41, 0x25, 0x3e,
  0xf1, 0xf0, 0x89, 0xbe, 0x50, 0x06, 0xdb, 0x3c, 0x4f, 0xf8, 0x73, 0xbe,
  0x7d, 0x46, 0x64, 0xbe, 0xc6, 0x76, 0x0f, 0xbe, 0xa3, 0xc3, 0xa3, 0x3d,
  0xfd, 0x9b, 0x94, 0xbb, 0x93, 0x7f, 0x39, 0x3e, 0xa3, 0x14, 0xd0, 0xbd,
  0xed, 0x00, 0x63, 0xbe, 0xbe, 0x59, 0xbd, 0x3d, 0x2d, 0x18, 0x77, 0xbe,
  0xc5, 0x36, 0x9f, 0xbd, 0x96, 0x55, 0x49, 0xbe, 0xcf, 0xa2, 0x8b, 0xbe,
  0xb2, 0x2f, 0x2e, 0x3e, 0x94, 0xe4, 0x60, 0x3d, 0x14, 0xe0, 0x7a, 0xbe,
  0x6c, 0x12, 0x4f, 0x3e, 0x00, 0x67, 0x92, 0x3e, 0xb6, 0xa7, 0x85, 0xbe,
  0x22, 0x7d, 0x94, 0x3e, 0xa4, 0xce, 0x0b, 0x3d, 0x3e, 0xec, 0x82, 0xbe,
  0x3e, 0x7e, 0x9a, 0x3d, 0x7b, 0x7f, 0x15, 0x3e, 0x41, 0x4b, 0x46, 0xbc,
  0x82, 0x95, 0x74, 0x3e, 0x11, 0x56, 0x93, 0x3e, 0xd4, 0x23, 0x4c, 0xbd,
  0xf7, 0xde, 0x29, 0x3d, 0x0f, 0xf0, 0xdd, 0x3d, 0xd5, 0xe1, 0x7b, 0x3e,
  0x4d, 0x86, 0x03, 0x3e, 0xf2, 0x1e, 0xc0, 0x3d, 0x7f, 0x27, 0x6c, 0x3e,
  0xac, 0x25, 0x42, 0x3d, 0x0c, 0xfc, 0xf8, 0x3d, 0xb3, 0xd5, 0x40, 0xbe,
  0xc7, 0x82, 0x83, 0x3e, 0x20, 0x65, 0x77, 0xbe, 0xcf, 0x30, 0xc3, 0x3b,
  0x8d, 0x25, 0xc9, 0x3a, 0xbe, 0x90, 0x0f, 0xbd, 0x29, 0x30, 0x12, 0x3e,
  0x53, 0x1a, 0x9c, 0x3d, 0x8a, 0x6f, 0x28, 0x3e, 0xd7, 0xc1, 0x8a, 0xbe,
  0x1d, 0x2b, 0xd2, 0xbd, 0xd7, 0x17, 0x2d, 0x3e, 0x44, 0x3f, 0xb3, 0x3d,
  0x83, 0x9e, 0xca, 0xbc, 0x9b, 0x3c, 0x96, 0xbe, 0x73, 0x5b, 0x6e, 0x3e,
  0x6b, 0xaf, 0x95, 0xbc, 0x96, 0x8c, 0x83, 0x3e, 0x54, 0xdd, 0x82, 0xbe,
  0xcd, 0x78, 0x91, 0xbd, 0x8f, 0xb6, 0x5f, 0xbe, 0x15, 0xa1, 0xf4, 0xbd,
  0xe6, 0x73, 0x80, 0xbe, 0x54, 0x22, 0x92, 0xbd, 0xfc, 0xd2, 0x3a, 0x3e,
  0x53, 0x86, 0x84, 0x3e, 0xe0, 0x9a, 0x90, 0x3e, 0x1b, 0x0a, 0x05, 0x3e,
  0x09, 0x3f, 0xb8, 0xbd, 0xa1, 0xfc, 0x9c, 0xbb, 0xdc, 0xa7, 0xd9, 0xbd,
  0xe1, 0xd9, 0x04, 0xbe, 0xbe, 0x9f, 0x7a, 0xbd, 0x3c, 0x03, 0xec, 0x3d,
  0x6b, 0xde, 0x9c, 0xbd, 0xa1, 0x1a, 0xc6, 0x3d, 0xdc, 0x1a, 0xe7, 0x3d,
  0xbe, 0x1b, 0xdd, 0x3d, 0x0b, 0x1b, 0x82, 0xbe, 0x7e, 0x60, 0x61, 0xbe,
  0x80, 0x3f, 0x29, 0xbe, 0x85, 0xe6, 0xdc, 0xbd, 0x75, 0x95, 0x00, 0xbe,
  0x52, 0x3e, 0x4c, 0xbc, 0xb3, 0x4e, 0x84, 0x3e, 0xf8, 0x2e, 0x20, 0x3e,
  0x76, 0xb5, 0x10, 0xbe, 0x49, 0x02, 0x85, 0x3e, 0x26, 0xf9, 0x32, 0x3e,
  0x75, 0xbd, 0x3a, 0x3d, 0x0d, 0x72, 0xe0, 0x3c, 0xc9, 0x44, 0x45, 0x3d,
  0xfc, 0xf4, 0xd4, 0xbd, 0x89, 0x25, 0xf4, 0xba, 0xd1, 0xe3, 0x92, 0x3e,
  0xa5, 0xfe, 0xb4, 0x3d, 0x67, 0xd3, 0x74, 0x3e, 0xc5, 0xa2, 0x8c, 0xbc,
  0xf3, 0x2d, 0xe1, 0x3d, 0xcb, 0x0e, 0x28, 0x3e, 0x9d, 0x8c, 0x4b, 0xbd,
  0x2e, 0x50, 0xfa, 0x3d, 0x43, 0xaa, 0x1b, 0x3e, 0xb9, 0x03, 0x96, 0x3d,
  0xf4, 0x51, 0x71, 0x3a, 0x4f, 0x9e, 0x8e, 0x3e, 0x9b, 0x72, 0xd5, 0x3d,
  0x74, 0x8a, 0x62, 0xbd, 0x04, 0xc1, 0x18, 0xbe, 0xbd, 0x67, 0xd8, 0xbd,
  0x59, 0xa2, 0x07, 0x3e, 0xd7, 0x46, 0x93, 0xbd, 0x3c, 0x67, 0x70, 0xbe,
  0x4c, 0x9a, 0x87, 0x3e, 0x74, 0xa0, 0xd5, 0xbd, 0xa0, 0x22, 0x57, 0xbe,
  0x69, 0x3a, 0x37, 0x3e, 0xfd, 0xce, 0x3d, 0x3e, 0x27, 0x06, 0x04, 0xbe,
  0x1f, 0x0b, 0x77, 0xbd, 0x75, 0x04, 0xd4, 0xbc, 0xe1, 0x67, 0x53, 0xbe,
  0x51, 0xef, 0x6e, 0x3d, 0xb9, 0x57, 0x6b, 0x3e, 0xc3, 0x47, 0x06, 0x3d,
  0x57, 0xd4, 0x09, 0x3e, 0x12, 0x67, 0x7a, 0x3e, 0x67, 0xce, 0x1e, 0x3e,
  0x95, 0xe5, 0x88, 0xbe, 0x37, 0x27, 0xd2, 0xbd, 0xbd, 0x6f, 0xc2, 0xbd,
  0xdd, 0x2e, 0x40, 0xbe, 0x1d, 0x54, 0xf0, 0x3d, 0x74, 0xb3, 0x4d, 0x3e,
  0x91, 0x6b, 0x44, 0xbe, 0xe2, 0x4f, 0xd8, 0x3d, 0x3a, 0x36, 0x29, 0xbd,
  0x1e, 0x57, 0x60, 0xbe, 0x22, 0x5e, 0x7b, 0x3c, 0xd2, 0x1c, 0x2d, 0x3e,
  0x4a, 0x12, 0x2f, 0x3e, 0xb0, 0x78, 0x4d, 0x3e, 0xaa, 0x0d, 0x89, 0xbd,
  0xb9, 0x60, 0x70, 0xbe, 0x1d, 0xf7, 0x49, 0xbd, 0x39, 0x2b, 0xbf, 0x3d,
  0xb1, 0x8a, 0x64, 0xbe, 0x40, 0xde, 0x3f, 0xbd, 0x04, 0x7e, 0x69, 0x3e,
  0xc6, 0x65, 0x92, 0x3e, 0x88, 0xeb, 0x53, 0x3e, 0x8c, 0xef, 0x9b, 0x3d,
  0x33, 0xf3, 0x7d, 0xbe, 0xbd, 0x3c, 0x15, 0xbe, 0x3f, 0xb7, 0x1e, 0x3e,
  0xf6, 0xe6, 0x0e, 0xbe, 0xd1, 0x9b, 0x35, 0x3e, 0x93, 0xab, 0x62, 0x3e,
  0xba, 0xf0, 0x9d, 0x3c, 0x7a, 0x04, 0x6b, 0xbe, 0x91, 0xd7, 0x2c, 0xbd,
  0xd8, 0x4f, 0x3b, 0xbd, 0xb3, 0xd5, 0x90, 0xbe, 0xc5, 0xd9, 0xe7, 0x3d,
  0xe0, 0x68, 0x9c, 0xbd, 0x38, 0x80, 0x60, 0x3e, 0xb6, 0x14, 0x8e, 0x3d,
  0x5d, 0xe4, 0x56, 0x3d, 0x42, 0x2c, 0xd4, 0x3b, 0xdd, 0x15, 0x39, 0xbe,
  0x0e, 0x84, 0x21, 0xbd, 0x13, 0xd2, 0x82, 0x3e, 0x11, 0xcb, 0x22, 0x3e,
  0xb5, 0x5f, 0x6e, 0x3e, 0x66, 0x4a, 0x42, 0xbe, 0x82, 0x3f, 0x63, 0x3c,
  0xa5, 0xd4, 0x23, 0xbd, 0x12, 0xea, 0x8c, 0x3c, 0x85, 0xa0, 0x89, 0xbe,
  0x4d, 0x36, 0xd0, 0x3d, 0xf3, 0xb4, 0x83, 0xbe, 0xb2, 0xf0, 0xc4, 0x3d,
  0xe6, 0x63, 0x06, 0x3e, 0x02, 0xa8, 0x46, 0xbe, 0x01, 0x23, 0x54, 0x3e,
  0x87, 0xbd, 0x15, 0xbe, 0x21, 0x9a, 0x39, 0xbe, 0x36, 0x1a, 0x78, 0xbc,
  0xcb, 0x87, 0x00, 0x3d, 0xb1, 0x10, 0x4c, 0xbe, 0x38, 0xfc, 0x05, 0xbe,
  0xd2, 0x33, 0x8c, 0x3c, 0xf3, 0xa3, 0xef, 0x3d, 0xa0, 0xd0, 0xe7, 0xbd,
  0x1d, 0xe8, 0x64, 0xbe, 0x71, 0x6c, 0x96, 0x3c, 0x45, 0x93, 0x03, 0x3e,
  0xfc, 0x48, 0x4f, 0x3e, 0xd8, 0x16, 0x65, 0x3d, 0xa2, 0x91, 0x58, 0x3d,
  0x76, 0x01, 0x3d, 0xbe, 0x76, 0x93, 0x8b, 0xbc, 0x61, 0x3c, 0x4b, 0x3d,
  0xcc, 0xf4, 0x82, 0xbd, 0x0b, 0x06, 0x91, 0xbd, 0xb5, 0xfe, 0x64, 0x3e,
  0xac, 0xf1, 0x3d, 0xbe, 0xee, 0x7b, 0x8f, 0x3d, 0xd3, 0x11, 0xda, 0x3d,
  0x76, 0x8f, 0xc7, 0x3c, 0x79, 0xa7, 0x65, 0x3d, 0x3b, 0x9d, 0xeb, 0x3d,
  0xd4, 0xb8, 0xe8, 0xbc, 0xc0, 0x71, 0x72, 0xbe, 0x1e, 0x9a, 0xae, 0x3c,
  0x20, 0x47, 0x6e, 0xbe, 0x26, 0x07, 0x3f, 0xbe, 0x94, 0x70, 0xff, 0xbd,
  0xcc, 0xc6, 0x43, 0x3c, 0xa1, 0xdf, 0x7d, 0x3e, 0x08, 0x19, 0x16, 0xbd,
  0x05, 0xf0, 0x99, 0x3d, 0xa1, 0x6a, 0x9d, 0x3a, 0x48, 0x4d, 0x04, 0x3e,
  0x13, 0x01, 0x45, 0x3d, 0x3e, 0x21, 0x46, 0xbe, 0xfd, 0x2e, 0x14, 0x3d,
  0x1d, 0x29, 0x61, 0x3e, 0x1c, 0xf7, 0x50, 0x3e, 0xdd, 0xbd, 0x85, 0xbe,
  0x25, 0x4c, 0xcf, 0x3d, 0xb8, 0xe9, 0x2a, 0x3e, 0x1d, 0x0e, 0x2f, 0xbd,
  0xbb, 0x1e, 0x9b, 0x3d, 0xf3, 0x37, 0x3e, 0xbe, 0x67, 0x37, 0x86, 0x3e,
  0x03, 0x94, 0x29, 0xbe, 0x4b, 0x46, 0x45, 0x3e, 0x03, 0xde, 0x8a, 0xbe,
  0xc6, 0xf8, 0xfd, 0x3d, 0x9b, 0x1d, 0x49, 0xbe, 0x7a, 0xe9, 0x86, 0xbe,
  0x6d, 0x97, 0x24, 0x3e, 0xc1, 0x24, 0x5a, 0xbd, 0x5a, 0xd6, 0x80, 0xbc,
  0x63, 0xdb, 0x3d, 0x3e, 0x43, 0x47, 0xfb, 0x3d, 0xc0, 0x70, 0x42, 0xbe,
  0xe4, 0xbd, 0xc5, 0x3d, 0x9d, 0x2b, 0xfd, 0x3c, 0xe0, 0x9b, 0x15, 0xbe,
  0xb5, 0xb6, 0xc4, 0x3b, 0xb4, 0xde, 0x8b, 0x3e, 0x8e, 0x55, 0x21, 0xbe,
  0x85, 0x20, 0xcf, 0xbd, 0xe4, 0x3c, 0x76, 0x3e, 0x75, 0xdf, 0x75, 0xbd,
  0x2a, 0xaa, 0x03, 0xbe, 0xad, 0xec, 0x3a, 0xbe, 0x33, 0xdd, 0x99, 0x3d,
  0x7b, 0xfd, 0x6c, 0xbd, 0x9c, 0x4a, 0x77, 0x3e, 0xbc, 0x5b, 0x7f, 0xbe,
  0x1c, 0xb4, 0x7a, 0xbe, 0xd5, 0x7e, 0x2a, 0xbe, 0x57, 0x54, 0x8c, 0x3e,
  0x69, 0x4c, 0x86, 0xbe, 0x08, 0xf2, 0x7f, 0xbe, 0x64, 0x7b, 0xff, 0x3d,
  0xb0, 0xd0, 0xbe, 0x3d, 0x8b, 0x2b, 0x1d, 0x3e, 0xde, 0x3e, 0xb6, 0xbd,
  0x3d, 0xe0, 0x6d, 0xbe, 0x74, 0x59, 0xee, 0x3d, 0xde, 0xc3, 0x91, 0xbd,
  0x95, 0x5d, 0xd2, 0xbd, 0x29, 0xa8, 0x51, 0xbe, 0xec, 0x36, 0x2d, 0x3e,
  0x5a, 0xc7, 0x73, 0x3e, 0xc0, 0x21, 0x4e, 0xbe, 0x3d, 0x6b, 0x83, 0xbe,
  0xd1, 0xac, 0xb9, 0x3d, 0x9b, 0x84, 0x8f, 0x3e, 0x52, 0x93, 0x87, 0xbc,
  0x25, 0x20, 0x5c, 0xbd, 0xcd, 0xdf, 0xf9, 0xbd, 0x14, 0x86, 0x8b, 0x3e,
  0x60, 0xde, 0xa9, 0x3d, 0xca, 0x39, 0x85, 0x3d, 0x72, 0x13, 0x88, 0xbd,
  0xad, 0xa5, 0x55, 0xbe, 0x2a, 0x74, 0xa3, 0x3a, 0x2d, 0x96, 0x25, 0xbe,
  0x79, 0x97, 0x98, 0x3c, 0x90, 0x35, 0xaa, 0xbc, 0x2f, 0xb1, 0x8a, 0x3e,
  0x63, 0x16, 0x2e, 0x3e, 0x77, 0xd6, 0xc3, 0x3d, 0x69, 0x8a, 0x5b, 0xbe,
  0x7d, 0x76, 0x1e, 0x3d, 0x60, 0xd9, 0x82, 0xbe, 0xd5, 0x44, 0x43, 0x3e,
  0x23, 0x6b, 0xe4, 0xbd, 0xa8, 0x4f, 0xf5, 0xbd, 0x57, 0x96, 0x39, 0xbe,
  0x98, 0x6c, 0x7a, 0x3e, 0x18, 0xe1, 0xd5, 0xbd, 0xa0, 0x66, 0x82, 0x3e,
  0x11, 0x51, 0xbf, 0x3d, 0x9c, 0x04, 0x94, 0xbe, 0x3f, 0xe1, 0xfc, 0xbd,
  0x3d, 0x7a, 0x64, 0xbe, 0xa1, 0x39, 0xac, 0xbc, 0xb3, 0x33, 0x39, 0xbe,
  0x48, 0x05, 0x86, 0x3d, 0xd9, 0x93, 0xb0, 0x3d, 0xfa, 0xe6, 0x05, 0xbe,
  0xee, 0x34, 0x7f, 0x3e, 0x5d, 0xcf, 0x53, 0x3e, 0x43, 0x31, 0x59, 0xbe,
  0x18, 0x23, 0x2c, 0xbe, 0x5d, 0x91, 0x0d, 0x3e, 0x96, 0x07, 0x79, 0x3e,
  0x76, 0x5c, 0xdc, 0x3d, 0x5e, 0x7c, 0x38, 0x3e, 0x88, 0x96, 0x2a, 0x3e,
  0x14, 0x58, 0x84, 0xbe, 0x02, 0x3a, 0x7b, 0x3e, 0xbf, 0x64, 0x6c, 0x3e,
  0x72, 0xe0, 0x0c, 0x3e, 0x12, 0xef, 0x14, 0x3e, 0x06, 0xfa, 0x3e, 0xbe,
  0x51, 0x44, 0x80, 0xbe, 0xba, 0xe6, 0x63, 0x3e, 0xd3, 0xe0, 0x6a, 0x3e,
  0xa6, 0xb6, 0x55, 0xbe, 0xfa, 0xc1, 0x9b, 0x3e, 0xa4, 0x22, 0xc6, 0x3c,
  0x31, 0x65, 0x51, 0x3e, 0x65, 0xef, 0x5c, 0x3e, 0x56, 0xbe, 0x40, 0xbe,
  0x47, 0x8e, 0x1d, 0xbe, 0x1b, 0x23, 0x11, 0x3e, 0x68, 0x29, 0x75, 0x3e,
  0x12, 0xbb, 0x85, 0xbe, 0x4c, 0x25, 0xc2, 0xbd, 0x49, 0xfa, 0xd8, 0xbd,
  0xcf, 0x6a, 0x8b, 0xbd, 0x63, 0x46, 0x7e, 0xbe, 0x33, 0x78, 0x4a, 0xbe,
  0x77, 0xab, 0x8f, 0xbe, 0x67, 0xa7, 0x12, 0x3e, 0x45, 0xcd, 0x26, 0xbe,
  0x0b, 0xf0, 0x5f, 0x3d, 0x48, 0x5e, 0x48, 0x3e, 0x94, 0xbc, 0x55, 0x3e,
  0xed, 0xec, 0xbc, 0x3d, 0x16, 0xb1, 0xb9, 0xbc, 0x4a, 0x92, 0x2e, 0x3e,
  0x5e, 0x3c, 0xac, 0x3d, 0x97, 0x54, 0x47, 0x3c, 0xb7, 0xe7, 0x45, 0xbe,
  0x61, 0x18, 0x15, 0x3e, 0x52, 0xd4, 0xff, 0xff, 0x04, 0x00, 0x00, 0x00,
  0x80, 0x00, 0x00, 0x00, 0x99, 0x82, 0x73, 0xbf, 0x7f, 0xed, 0x0f, 0xbf,
  0xff, 0xee, 0xf9, 0xbe, 0xca, 0x60, 0x08, 0xbf, 0x44, 0x3a, 0x7a, 0xbf,
  0xeb, 0x8e, 0xed, 0xbe, 0x25, 0xb1, 0x04, 0xbf, 0xca, 0x1e, 0x10, 0xbf,
  0x12, 0x71, 0xfc, 0xbe, 0x6c, 0xc7, 0x11, 0xbf, 0xe9, 0x9b, 0x4b, 0xbf,
  0x20, 0x57, 0x0b, 0xbf, 0xf8, 0x0e, 0x07, 0xbf, 0xa8, 0x22, 0x04, 0xbf,
  0xc2, 0x5f, 0x5b, 0xbf, 0x54, 0x07, 0x86, 0xbf, 0x0c, 0x8b, 0x07, 0xbf,
  0x1d, 0xcf, 0x41, 0xbf, 0xd6, 0x5c, 0x3d, 0xbf, 0x9b, 0x28, 0x7f, 0xbf,
  0x0e, 0x81, 0x0a, 0xbf, 0xcf, 0x50, 0x31, 0xbf, 0x02, 0x73, 0x0b, 0xbf,
  0x98, 0x29, 0x4f, 0xbf, 0x64, 0x54, 0x6a, 0xbf, 0x52, 0x9e, 0x57, 0xbf,
  0x5e, 0x28, 0x59, 0xbf, 0x68, 0x8f, 0x09, 0xbf, 0x3f, 0xa6, 0x06, 0xbf,
  0x3b, 0x58, 0x16, 0xbf, 0x82, 0x4f, 0x13, 0xbf, 0x52, 0xe7, 0x07, 0xbf,
  0xde, 0xd4, 0xff, 0xff, 0x04, 0x00, 0x00, 0x00, 0x80, 0x00, 0x00, 0x00,
  0x0d, 0x35, 0x74, 0x40, 0xff, 0x66, 0x85, 0x3f, 0x76, 0x2b, 0x3e, 0x40,
  0xe9, 0xca, 0x70, 0x3f, 0xcc, 0xdd, 0x8e, 0x40, 0x03, 0x62, 0xbc, 0x3f,
  0x8b, 0x2d, 0x83, 0x3f, 0xc8, 0x75, 0x58, 0x3f, 0x9f, 0x20, 0x92, 0x3f,
  0xa8, 0xda, 0xaa, 0x3f, 0x2d, 0x92, 0x1c, 0x40, 0xd4, 0x95, 0x74, 0x3f,
  0x84, 0xe2, 0x5d, 0x3f, 0x8a, 0x35, 0x8e, 0x3f, 0x9d, 0x7c, 0x65, 0x40,
  0xe7, 0x2a, 0x06, 0x40, 0x60, 0xe4, 0x4a, 0x3f, 0x9e, 0xc8, 0x3f, 0x40,
  0x84, 0x82, 0x20, 0x40, 0xf1, 0xef, 0x82, 0x40, 0x73, 0x1b, 0x56, 0x3f,
  0xb8, 0x06, 0x2a, 0x40, 0x8e, 0xd2, 0x73, 0x3f, 0xe7, 0x7f, 0x58, 0x40,
  0xc5, 0xfb, 0x63, 0x40, 0x42, 0xe1, 0x22, 0x40, 0x03, 0x51, 0x49, 0x40,
  0xbb, 0xcf, 0x9e, 0x3f, 0x5f, 0x00, 0x98, 0x3f, 0xfb, 0x60, 0xdf, 0x3f,
  0x68, 0xd2, 0x53, 0x40, 0xd5, 0x31, 0xa5, 0x3f, 0x6a, 0xd5, 0xff, 0xff,
  0x04, 0x00, 0x00, 0x00, 0x40, 0x00, 0x00, 0x00, 0x19, 0x0e, 0x18, 0xbf,
  0x6b, 0xd3, 0x3d, 0xbf, 0x24, 0x6f, 0x11, 0xbf, 0x0e, 0xba, 0xf5, 0xbe,
  0x30, 0xe6, 0x5c, 0xbf, 0x66, 0x0d, 0x04, 0xbf, 0x80, 0xd2, 0x05, 0xbf,
  0x3b, 0x05, 0x0d, 0xbf, 0x4b, 0x6d, 0x11, 0xbf, 0xd1, 0x04, 0x14, 0xbf,
  0xd7, 0x75, 0x14, 0xbf, 0xa8, 0x72, 0x0f, 0xbf, 0x09, 0x15, 0xf1, 0xbe,
  0x86, 0x46, 0x10, 0xbf, 0x4f, 0x98, 0x0c, 0xbf, 0x8a, 0x75, 0x12, 0xbf,
  0xb6, 0xd5, 0xff, 0xff, 0x04, 0x00, 0x00, 0x00, 0x40, 0x00, 0x00, 0x00,
  0xa0, 0xd2, 0xa1, 0x3f, 0x9f, 0x7f, 0xea, 0x3f, 0x44, 0x57, 0xa3, 0x3f,
  0xee, 0xad, 0xcd, 0x3f, 0x41, 0x41, 0x02, 0x40, 0x55, 0xed, 0xa4, 0x3f,
  0xd5, 0xa4, 0x67, 0x40, 0x3f, 0x21, 0x9f, 0x3f, 0x7c, 0x1e, 0x3c, 0x40,
  0xbb, 0xd4, 0xb6, 0x3f, 0x21, 0x19, 0xd8, 0x3f, 0xff, 0xc9, 0x9b, 0x3f,
  0xc8, 0xa2, 0xb8, 0x3f, 0x5f, 0xd2, 0x82, 0x3f, 0x07, 0x4b, 0xca, 0x3f,
  0x33, 0x4f, 0x7a, 0x3f, 0x02, 0xd6, 0xff, 0xff, 0x04, 0x00, 0x00, 0x00,
  0x40, 0x00, 0x00, 0x00, 0x04, 0xb6, 0x3b, 0xbf, 0x35, 0x51, 0x26, 0xbf,
  0xd5, 0x94, 0x2a, 0xbf, 0x90, 0xe8, 0x1f, 0xbf, 0x90, 0xb8, 0x28, 0xbf,
  0x38, 0x95, 0x28, 0xbf, 0xb8, 0x1d, 0x33, 0xbf, 0x66, 0xad, 0x55, 0xbf,
  0xd7, 0x2f, 0x3a, 0xbf, 0xfa, 0x3f, 0x3b, 0xbf, 0x1d, 0x4d, 0x1a, 0xbf,
  0xfc, 0x6d, 0x3e, 0xbf, 0x98, 0x54, 0x22, 0xbf, 0x67, 0x79, 0x20, 0xbf,
  0xf2, 0xd1, 0x1a, 0xbf, 0xe3, 0xb7, 0x19, 0xbf, 0x4e, 0xd6, 0xff, 0xff,
  0x04, 0x00, 0x00, 0x00, 0x40, 0x00, 0x00, 0x00, 0xc1, 0x9e, 0x8f, 0x3c,
  0x94, 0xf1, 0xb7, 0x3c, 0x43, 0x82, 0x21, 0x3c, 0xf9, 0x24, 0x31, 0x3c,
  0xa5, 0x79, 0x2f, 0x3c, 0x8d, 0x0f, 0x56, 0x3c, 0xce, 0x76, 0xba, 0x3c,
  0x8c, 0xd8, 0x2d, 0x3d, 0x04, 0xfe, 0x65, 0x3c, 0x79, 0x83, 0x96, 0x3c,
  0x60, 0xe0, 0xec, 0x3c, 0xdd, 0x90, 0x2c, 0x3c, 0xc6, 0xa4, 0x8d, 0x3c,
  0xda, 0xb8, 0x32, 0x3d, 0xf2, 0x68, 0xd5, 0x3c, 0x84, 0x8d, 0x98, 0x3c,
  0x9a, 0xd6, 0xff, 0xff, 0x04, 0x00, 0x00, 0x00, 0x08, 0x00, 0x00, 0x00,
  0x01, 0x00, 0x00, 0x00, 0x02, 0x00, 0x00, 0x00, 0xae, 0xd6, 0xff, 0xff,
  0x04, 0x00, 0x00, 0x00, 0x80, 0x03, 0x00, 0x00, 0x9c, 0xea, 0x4c, 0xbe,
  0x49, 0x9a, 0xab, 0x3e, 0xb5, 0x3f, 0x8f, 0x3e, 0xb9, 0x78, 0x9f, 0x3e,
  0x58, 0x70, 0x56, 0xbe, 0x4a, 0x03, 0x7e, 0x3e, 0xd8, 0xe8, 0x55, 0xbe,
  0x3f, 0x0a, 0x0b, 0x3d, 0x27, 0x78, 0x8c, 0x3e, 0xa1, 0x19, 0x1e, 0x3e,
  0x66, 0x50, 0x7d, 0xbd, 0x7d, 0xdf, 0xbd, 0x3e, 0xd7, 0x65, 0x87, 0xbe,
  0x93, 0x58, 0xc5, 0x3e, 0x81, 0x31, 0xb2, 0x3d, 0x2c, 0x60, 0xb7, 0xbe,
  0xef, 0xb8, 0x4a, 0xbe, 0xdf, 0x5f, 0x35, 0xbd, 0x31, 0x7e, 0x33, 0x3d,
  0xda, 0x46, 0x96, 0xbb, 0xc4, 0xf9, 0x66, 0xbe, 0xb2, 0x98, 0x3b, 0xbd,
  0x23, 0x5e, 0x97, 0xbe, 0x52, 0x67, 0xc1, 0x3d, 0x2b, 0xee, 0x9e, 0x3d,
  0xfd, 0xb0, 0x28, 0xbe, 0x31, 0x85, 0xd4, 0xbd, 0xe6, 0xd0, 0xbe, 0x3e,
  0x7c, 0x18, 0x5a, 0x3e, 0x12, 0xd1, 0x97, 0xbd, 0xcb, 0x48, 0x78, 0xbe,
  0x39, 0x38, 0x89, 0x3e, 0x49, 0x38, 0xe0, 0x3c, 0xf5, 0x66, 0x4f, 0x3e,
  0xb2, 0x03, 0x02, 0x3e, 0x6d, 0x72, 0x03, 0xbd, 0x26, 0xec, 0xd2, 0xbe,
  0x17, 0xe2, 0xc3, 0xbe, 0xa9, 0x46, 0x19, 0x3e, 0xd7, 0xd4, 0xa6, 0x3e,
  0xc7, 0x17, 0x2f, 0xbe, 0x55, 0x6e, 0x92, 0xbe, 0x3d, 0x19, 0x02, 0x3e,
  0x8d, 0x52, 0x9f, 0xbc, 0xdc, 0x9c, 0xad, 0xbd, 0x16, 0xc9, 0xb8, 0x3e,
  0xc8, 0xe9, 0x9d, 0xbe, 0xb1, 0x19, 0xba, 0xbe, 0xb0, 0xe8, 0x74, 0xbe,
  0xdc, 0x56, 0xac, 0xbe, 0x27, 0x88, 0x77, 0x3e, 0x29, 0x6e, 0xd9, 0xbe,
  0xeb, 0xa1, 0xe3, 0x3d, 0xb2, 0x77, 0x7c, 0x3d, 0x77, 0x42, 0xce, 0x3e,
  0x64, 0x84, 0x13, 0xbe, 0x63, 0x52, 0x24, 0xbd, 0x4d, 0x3a, 0x79, 0x3e,
  0x19, 0x42, 0x0d, 0xbe, 0xfe, 0x0f, 0x71, 0xbe, 0x2f, 0xda, 0xe4, 0x3e,
  0x83, 0x94, 0x3b, 0xbe, 0x2b, 0xed, 0x97, 0x3c, 0x80, 0xb5, 0x5c, 0x3d,
  0x44, 0x14, 0x0f, 0x3e, 0xab, 0x23, 0xe2, 0xbe, 0x90, 0x59, 0x29, 0x3e,
  0x60, 0xea, 0xb8, 0xbe, 0xad, 0x4a, 0x82, 0x3e, 0x4a, 0xa4, 0x9b, 0xbc,
  0x5b, 0x62, 0x97, 0xbe, 0xc7, 0x90, 0xd7, 0xbe, 0x95, 0xa4, 0xb9, 0xbe,
  0x14, 0x72, 0xb4, 0xbc, 0xda, 0x7b, 0xdd, 0x3e, 0x26, 0x40, 0xa6, 0xbe,
  0x32, 0x38, 0xd8, 0xbd, 0x84, 0xfa, 0xb3, 0xbe, 0x23, 0x2d, 0xd4, 0x3e,
  0x99, 0x34, 0xf9, 0x3d, 0x01, 0x3b, 0x20, 0xbe, 0x21, 0x9a, 0x2c, 0x3e,
  0xd1, 0xae, 0xa5, 0x3e, 0xf3, 0xf7, 0xa0, 0x3e, 0x74, 0xb9, 0xe8, 0xbe,
  0xfe, 0x06, 0x63, 0x3e, 0x0b, 0x47, 0xb4, 0xbe, 0xc2, 0x3f, 0x5d, 0x3e,
  0x0d, 0x8b, 0x00, 0x3e, 0xbd, 0xa8, 0xc5, 0x3e, 0xd2, 0x0d, 0x4c, 0x3e,
  0xbb, 0x3d, 0x45, 0xbe, 0x16, 0x09, 0xc9, 0xbe, 0xc2, 0xff, 0xa0, 0xbd,
  0x9c, 0xe1, 0xc5, 0xbd, 0x54, 0xb9, 0xa3, 0xbd, 0xdf, 0xbf, 0xa1, 0xbe,
  0xb7, 0x90, 0x81, 0x3e, 0xa1, 0xb6, 0xdd, 0xbd, 0xf4, 0xe1, 0xa6, 0x3e,
  0x97, 0xf0, 0x2f, 0xbe, 0xd7, 0x41, 0x16, 0xbe, 0x7c, 0xc4, 0xa6, 0x3d,
  0x48, 0xd1, 0x8d, 0xbe, 0x0c, 0x85, 0x35, 0x3e, 0x4f, 0x4f, 0xbd, 0xbd,
  0xd2, 0x9e, 0xa0, 0xbe, 0x78, 0x89, 0x58, 0x3d, 0x85, 0x95, 0xe5, 0x3e,
  0xe4, 0xf5, 0xc6, 0x3c, 0xbe, 0xc6, 0x44, 0xbe, 0xfc, 0x84, 0x33, 0xbe,
  0x93, 0x56, 0x0c, 0xbe, 0x61, 0xe9, 0x49, 0xbe, 0x0c, 0xa5, 0x97, 0x3e,
  0xa4, 0x60, 0x99, 0x3d, 0xde, 0xc8, 0xf2, 0x3d, 0xf8, 0xc6, 0x87, 0xbe,
  0x83, 0x92, 0xa1, 0x3e, 0xce, 0x98, 0xb2, 0xbe, 0xa7, 0xc6, 0x78, 0xbe,
  0x4d, 0x98, 0xa2, 0xbe, 0x31, 0x20, 0x8a, 0x3e, 0x31, 0x42, 0x4e, 0x3e,
  0x98, 0x7b, 0x84, 0x3d, 0x3a, 0x1c, 0xaf, 0xbe, 0xdf, 0x03, 0x94, 0xbe,
  0x17, 0x23, 0x50, 0x3b, 0xa2, 0x0c, 0xcd, 0xbe, 0x01, 0xb7, 0x8a, 0x3d,
  0x58, 0x46, 0x7e, 0x3e, 0x47, 0x71, 0x68, 0xbe, 0x9a, 0xf8, 0x17, 0xbe,
  0x0e, 0xc5, 0xdd, 0x3d, 0x37, 0xf1, 0x7d, 0xbe, 0xcf, 0x14, 0xb3, 0x3e,
  0x42, 0x66, 0xc7, 0xbd, 0x36, 0x68, 0x6a, 0x3e, 0xa0, 0x99, 0x54, 0x3e,
  0x84, 0x07, 0xdf, 0x3e, 0x79, 0x04, 0x96, 0x3e, 0x44, 0xf6, 0x5d, 0xbe,
  0xe2, 0x70, 0x83, 0xbe, 0xfd, 0x3e, 0xc1, 0xbe, 0x56, 0x69, 0x33, 0x3e,
  0x13, 0x12, 0x9a, 0x3e, 0x62, 0x44, 0x30, 0x3e, 0x43, 0xee, 0xb0, 0x3c,
  0x0e, 0x50, 0xe4, 0x3e, 0xd7, 0x69, 0xd1, 0xbd, 0x3c, 0x5e, 0xc2, 0x3e,
  0xef, 0xda, 0x7a, 0x3e, 0x38, 0x9b, 0xe2, 0x3c, 0x7a, 0x73, 0x4b, 0xbe,
  0x7e, 0x81, 0x34, 0x3e, 0x36, 0x62, 0x61, 0xbe, 0x49, 0x97, 0x3f, 0x3c,
  0xb2, 0x3b, 0xc0, 0xbe, 0x0f, 0x51, 0xc9, 0xbe, 0xb9, 0xc8, 0x10, 0x3e,
  0x6f, 0x9f, 0x1b, 0x3e, 0xfc, 0x4e, 0x11, 0xbe, 0x94, 0x4c, 0x22, 0x3d,
  0xee, 0x9e, 0x99, 0xbe, 0x01, 0x00, 0xf2, 0xbd, 0xfa, 0x97, 0x70, 0xbe,
  0x08, 0xda, 0xeb, 0x3e, 0xfa, 0x3d, 0x29, 0x3e, 0x0e, 0x5a, 0x4a, 0x3e,
  0x29, 0xfe, 0xe5, 0x3e, 0x9d, 0xde, 0x0a, 0xbd, 0x22, 0x5f, 0x8d, 0xbd,
  0x47, 0xa6, 0x8c, 0x3e, 0xe6, 0xea, 0x68, 0x3c, 0x76, 0xf3, 0x93, 0xbe,
  0xd5, 0xfb, 0x8c, 0x3d, 0x9d, 0x59, 0x42, 0x3e, 0x3e, 0xc2, 0xa5, 0x3e,
  0x29, 0x98, 0x03, 0xbe, 0xd0, 0x80, 0xea, 0x3b, 0xd7, 0x36, 0x07, 0x3e,
  0x29, 0xde, 0x86, 0x3e, 0x31, 0xd7, 0xa5, 0xbd, 0x02, 0xd1, 0x81, 0x3e,
  0x2b, 0xc0, 0xf2, 0xbd, 0xf1, 0x1c, 0x3f, 0xbe, 0x1a, 0xc7, 0x8b, 0xbe,
  0x27, 0xd7, 0xa3, 0x3d, 0x27, 0x7f, 0x90, 0x3c, 0x74, 0x61, 0xbe, 0x3e,
  0xe7, 0x6a, 0x02, 0xbe, 0x43, 0xd3, 0xcb, 0x3d, 0xe4, 0x2c, 0xf5, 0xbd,
  0xa7, 0xa6, 0xa8, 0x3d, 0x2d, 0x0b, 0x1c, 0x3b, 0xdb, 0xe9, 0xa9, 0xbd,
  0x1e, 0x3e, 0x96, 0x3d, 0x25, 0xf1, 0xb1, 0x3e, 0xb3, 0x8c, 0x79, 0x3e,
  0x39, 0x56, 0x3c, 0x3e, 0x98, 0x34, 0xa7, 0xbe, 0xd8, 0xa6, 0x15, 0x3e,
  0xe7, 0xe6, 0xd8, 0xbe, 0x65, 0xec, 0x91, 0x3e, 0x08, 0x5f, 0xe6, 0x3d,
  0xa0, 0xb9, 0x87, 0x3e, 0x77, 0x78, 0x44, 0x3e, 0x68, 0x91, 0x93, 0xbe,
  0x73, 0x00, 0x69, 0x3e, 0xee, 0x17, 0x7e, 0xbe, 0x5b, 0x91, 0xd7, 0xbc,
  0x8d, 0xa8, 0x7e, 0x3e, 0xd6, 0xf3, 0x84, 0x3d, 0xa1, 0xa8, 0x96, 0xbe,
  0x68, 0x62, 0x76, 0x3e, 0xb0, 0xda, 0x7d, 0xbc, 0x4b, 0x95, 0x97, 0xbd,
  0xb5, 0x9f, 0x10, 0xbe, 0x51, 0x4f, 0xc2, 0xbe, 0xcb, 0x6e, 0xcf, 0xbd,
  0x4f, 0x64, 0xad, 0x3d, 0x2e, 0x09, 0x88, 0x3e, 0xfd, 0xc2, 0x9e, 0xbe,
  0xbf, 0x11, 0x99, 0xbd, 0x3a, 0xda, 0xff, 0xff, 0x04, 0x00, 0x00, 0x00,
  0x00, 0x0c, 0x00, 0x00, 0xcc, 0xea, 0xad, 0x3d, 0x4f, 0x29, 0x09, 0x3e,
  0x98, 0x84, 0x3f, 0x3c, 0xdd, 0x97, 0xd0, 0xbd, 0x24, 0x98, 0x0a, 0xbe,
  0x29, 0xec, 0xa4, 0xbd, 0x25, 0x44, 0xed, 0xbd, 0xab, 0xd0, 0xfc, 0x3c,
  0xe6, 0x84, 0x07, 0xbe, 0x0f, 0xa3, 0x76, 0xbe, 0x51, 0x1e, 0x08, 0x3d,
  0x6b, 0x69, 0x43, 0xbe, 0x36, 0x27, 0x54, 0xbd, 0x5c, 0x9f, 0x35, 0xbe,
  0x45, 0x8c, 0xdb, 0x3d, 0x6a, 0x6f, 0x88, 0x3d, 0x0c, 0x95, 0x78, 0x3e,
  0x39, 0x88, 0x0c, 0xbe, 0xbe, 0x36, 0x91, 0x3d, 0x29, 0x26, 0xe8, 0x3d,
  0x25, 0xe3, 0x01, 0x3e, 0xa5, 0xbb, 0x2c, 0xbc, 0x85, 0xe8, 0x83, 0x3e,
  0xad, 0xd6, 0xa5, 0x3c, 0xb0, 0xd7, 0x87, 0x3d, 0xc6, 0x1e, 0x07, 0x3e,
  0x9a, 0xf1, 0x7e, 0x3e, 0x6d, 0xc1, 0x47, 0xbe, 0xf7, 0xd0, 0x76, 0x3e,
  0xf4, 0x9f, 0x11, 0xbe, 0x99, 0xd6, 0x56, 0xbe, 0xc6, 0xf2, 0xb6, 0x3d,
  0x28, 0xfd, 0x31, 0x3e, 0x94, 0x65, 0x0d, 0xbe, 0x84, 0xb9, 0x27, 0xbe,
  0xc6, 0xc9, 0x3f, 0x3e, 0x9c, 0xde, 0x5e, 0x3e, 0x47, 0x6d, 0xb7, 0x3c,
  0xd5, 0x03, 0x87, 0x3e, 0x16, 0x8e, 0x18, 0xbd, 0x9f, 0xc9, 0x69, 0xba,
  0x21, 0xc4, 0x05, 0x3e, 0x0b, 0x9c, 0x45, 0xbd, 0x81, 0xf5, 0xc3, 0xbd,
  0xee, 0x09, 0x02, 0xbe, 0x51, 0x3f, 0x49, 0xbe, 0x5d, 0xc2, 0x07, 0xbe,
  0x63, 0x4c, 0x27, 0xbd, 0x21, 0x40, 0x2a, 0xbe, 0x59, 0x09, 0x56, 0xbe,
  0xd4, 0xb9, 0x0b, 0xbe, 0x2d, 0x83, 0x8d, 0x3e, 0x25, 0x1a, 0x72, 0x3e,
  0xfd, 0xb3, 0x05, 0xbe, 0x5b, 0x0c, 0xd6, 0xbd, 0x28, 0xdd, 0x1d, 0x3e,
  0xe1, 0x08, 0xbb, 0x3d, 0x26, 0x99, 0x6d, 0x3c, 0xc0, 0xae, 0xd1, 0xbd,
  0x75, 0x1e, 0x02, 0xbc, 0x8b, 0xcf, 0x63, 0xbe, 0x66, 0x16, 0x7d, 0xbd,
  0x3f, 0xfb, 0x80, 0x3d, 0x06, 0x72, 0x24, 0xbe, 0x44, 0x58, 0x3c, 0xbe,
  0x25, 0x35, 0xa6, 0x3d, 0xfa, 0xa0, 0x4f, 0xbe, 0x67, 0x84, 0x94, 0xbd,
  0xf9, 0xaa, 0x1b, 0xbc, 0x0a, 0x76, 0xf5, 0xbc, 0x5c, 0xf6, 0x0a, 0x3e,
  0x5e, 0x3d, 0x08, 0x3e, 0x2c, 0x50, 0x10, 0x3e, 0xd1, 0xd6, 0xe1, 0x39,
  0xe2, 0x38, 0x40, 0xbe, 0xfd, 0x42, 0x30, 0xbd, 0x09, 0x93, 0x74, 0xbe,
  0x16, 0x10, 0x1f, 0x3e, 0xc0, 0x43, 0x64, 0x3e, 0x5b, 0x83, 0x6d, 0x3e,
  0xa2, 0xaf, 0xab, 0xbc, 0xf2, 0xd1, 0x4d, 0xbe, 0xa5, 0x6f, 0xd9, 0x3d,
  0x52, 0xe0, 0x7c, 0x3d, 0x8c, 0xf9, 0x36, 0xbe, 0x87, 0xeb, 0x4c, 0x3e,
  0xbc, 0x6e, 0x4f, 0xbe, 0xfe, 0xd8, 0x0a, 0xbd, 0xfb, 0x2b, 0x1d, 0xbe,
  0x2f, 0xd5, 0x2c, 0x3d, 0xf2, 0x7d, 0x79, 0xbe, 0x37, 0xdc, 0x37, 0x3d,
  0xe0, 0x32, 0x15, 0x3d, 0xbf, 0xe2, 0x81, 0x3e, 0x21, 0x9f, 0x17, 0x3d,
  0xe6, 0x48, 0xe7, 0xbd, 0x68, 0xc5, 0x39, 0x3d, 0xf2, 0x6a, 0x22, 0xbe,
  0x0b, 0x24, 0x65, 0x3d, 0x1a, 0x81, 0x71, 0xbd, 0x33, 0x1e, 0x4b, 0xbe,
  0x37, 0xd9, 0x18, 0x3d, 0xee, 0x13, 0x17, 0xbd, 0x4d, 0xc3, 0x3c, 0x3e,
  0x29, 0xae, 0xd4, 0x3d, 0x62, 0x8b, 0xb5, 0xbd, 0xc2, 0x44, 0x5d, 0xbe,
  0x2c, 0x51, 0x3f, 0x3e, 0xbd, 0x57, 0x03, 0x3e, 0xac, 0x33, 0xd7, 0xbd,
  0x08, 0x59, 0x28, 0xbe, 0x58, 0x7d, 0x2d, 0xbe, 0x5d, 0x15, 0x2a, 0x3e,
  0x46, 0x9a, 0x04, 0x3e, 0xe4, 0x5a, 0x1e, 0x3d, 0x75, 0xfd, 0xd0, 0x3d,
  0xb1, 0xdd, 0xd6, 0xbd, 0x29, 0x0f, 0x53, 0x3e, 0x4a, 0x8d, 0x75, 0x3e,
  0xc5, 0xf1, 0x2b, 0xbd, 0x71, 0xe9, 0x3f, 0x3e, 0xdf, 0xfe, 0xe4, 0xbc,
  0xb3, 0x5a, 0x00, 0x3e, 0xee, 0xa9, 0x39, 0x3e, 0x74, 0xb2, 0x81, 0xbe,
  0xa7, 0x70, 0xbc, 0xbd, 0x11, 0x11, 0xfe, 0x3d, 0x23, 0x3b, 0x13, 0xbe,
  0xb4, 0xe4, 0x34, 0x3e, 0x86, 0x2b, 0x96, 0x3d, 0xc4, 0x29, 0x62, 0x3e,
  0x2e, 0x2c, 0x49, 0x3e, 0x55, 0x9d, 0x0d, 0xbe, 0x22, 0xb6, 0x0c, 0x3e,
  0x36, 0x77, 0x1a, 0xbe, 0x6f, 0x4e, 0x30, 0xbe, 0xb5, 0x8a, 0x87, 0x3e,
  0x9f, 0x94, 0xb1, 0x3c, 0x1d, 0xf1, 0xb5, 0xbc, 0x53, 0x63, 0xfd, 0x3d,
  0x80, 0xd7, 0xa8, 0x3c, 0x44, 0x4a, 0x0a, 0x3e, 0x50, 0x35, 0xd5, 0x3d,
  0x39, 0xc7, 0x79, 0x3d, 0x31, 0xf0, 0x1c, 0x3e, 0x3b, 0x9f, 0x43, 0x3d,
  0x39, 0x06, 0x00, 0xbe, 0xec, 0xcc, 0x3c, 0xbe, 0xc9, 0xab, 0x89, 0xbd,
  0x17, 0x43, 0x07, 0xbe, 0x01, 0xdc, 0x19, 0x3e, 0xfb, 0x7f, 0x15, 0xbe,
  0x42, 0xda, 0x8f, 0x3e, 0x38, 0x40, 0x19, 0x3e, 0x84, 0x1c, 0x2d, 0xbe,
  0x67, 0x80, 0xfe, 0x3d, 0xd8, 0xaf, 0x8d, 0xbd, 0xbd, 0x60, 0xe3, 0x3d,
  0xd2, 0x52, 0x96, 0x3d, 0xbd, 0x7b, 0xc4, 0xbd, 0xfa, 0x17, 0x92, 0x3e,
  0xdc, 0xe8, 0xe2, 0x3c, 0x66, 0x92, 0x74, 0x3d, 0x48, 0x76, 0x49, 0xbe,
  0x71, 0xef, 0x48, 0x3e, 0x11, 0x6d, 0x14, 0x3d, 0x5d, 0x0d, 0x36, 0xbe,
  0xb3, 0xd7, 0xe0, 0x3d, 0xc3, 0x63, 0xd8, 0x3d, 0x74, 0x4f, 0x07, 0x3e,
  0x66, 0xfe, 0x08, 0xbe, 0x1f, 0x75, 0x97, 0x3c, 0x09, 0xbd, 0x08, 0x3e,
  0xce, 0xae, 0x96, 0xbd, 0xea, 0x90, 0x24, 0xbe, 0xbf, 0x8d, 0x99, 0x3d,
  0xd7, 0x9e, 0x90, 0xbc, 0x88, 0x1f, 0x51, 0xbe, 0xcb, 0x22, 0x4b, 0xbe,
  0x1d, 0x3b, 0x26, 0xbe, 0x65, 0x4e, 0x4f, 0xbe, 0xae, 0x1c, 0x63, 0x3e,
  0x67, 0xfa, 0x0f, 0xbd, 0x85, 0x03, 0xe6, 0x3c, 0x28, 0x80, 0x04, 0x3e,
  0x24, 0xab, 0xa0, 0xbb, 0x31, 0xe1, 0x61, 0x3d, 0xda, 0x8f, 0xcd, 0xbd,
  0xfe, 0x45, 0x4c, 0x3d, 0xea, 0xe8, 0x9f, 0xbd, 0xdb, 0xb2, 0x1b, 0xbe,
  0x3b, 0x3f, 0xfe, 0xbb, 0xf2, 0xb1, 0x0a, 0xbe, 0x38, 0x4a, 0xca, 0xbc,
  0x84, 0x95, 0xd4, 0x3c, 0xcc, 0xf2, 0x28, 0x3e, 0x65, 0xeb, 0x21, 0xbe,
  0xba, 0x02, 0x1a, 0x3e, 0xff, 0x55, 0xd0, 0xbd, 0xc8, 0xe0, 0x44, 0xbe,
  0x7c, 0xc2, 0xd0, 0xbd, 0xaf, 0xb7, 0x42, 0xbe, 0xb4, 0x69, 0x1a, 0xbe,
  0x32, 0xc2, 0x27, 0xbe, 0x80, 0xc4, 0x2f, 0xbe, 0xbb, 0x7e, 0x19, 0xbe,
  0xa6, 0x8d, 0x70, 0x3e, 0xf3, 0x78, 0x6d, 0xbe, 0x40, 0x24, 0xb6, 0xbd,
  0xf8, 0xfb, 0x46, 0x3d, 0x87, 0xc0, 0x1b, 0xbe, 0x0d, 0x65, 0x81, 0x3e,
  0xa9, 0xb4, 0x4b, 0xbe, 0x6f, 0x85, 0x4e, 0x3e, 0x9a, 0x73, 0x42, 0x3e,
  0xac, 0x5c, 0x57, 0xbd, 0x02, 0x8d, 0xea, 0xbd, 0x24, 0x1f, 0xf1, 0xbd,
  0xa7, 0x02, 0x4d, 0x3d, 0xe5, 0x9a, 0xbd, 0x3d, 0x6a, 0xae, 0x06, 0xbd,
  0x46, 0x2f, 0x36, 0x3e, 0x2e, 0x67, 0x8c, 0xbd, 0x9c, 0x0f, 0x20, 0xbe,
  0x63, 0x20, 0x56, 0xbe, 0xcb, 0x1b, 0x8a, 0x3d, 0x3c, 0xd6, 0x1a, 0x3d,
  0x45, 0x39, 0xa9, 0xba, 0x6d, 0xb5, 0xdd, 0x3d, 0x1b, 0x7a, 0x26, 0xbe,
  0x7c, 0xf6, 0x89, 0xbd, 0xb7, 0xe8, 0x38, 0xbe, 0xe0, 0xea, 0x41, 0xbe,
  0xa9, 0x21, 0x7f, 0xbe, 0x9a, 0x0a, 0x6e, 0x3e, 0xf4, 0x23, 0xb3, 0xbd,
  0x73, 0xf6, 0xbb, 0xba, 0x74, 0x10, 0xe0, 0xbd, 0x4a, 0x1c, 0x61, 0x3e,
  0x2a, 0xf1, 0xdb, 0x3d, 0x53, 0x6f, 0xe3, 0xbd, 0xc3, 0xe9, 0x42, 0x3e,
  0xd1, 0x06, 0xc6, 0xbd, 0x68, 0xfa, 0x37, 0xbe, 0xfc, 0x73, 0x63, 0x3d,
  0xd6, 0x18, 0x79, 0x3e, 0x68, 0x8e, 0x52, 0x3d, 0x9d, 0x1e, 0xd0, 0x3d,
  0xe5, 0x0b, 0x44, 0xbe, 0x90, 0xd1, 0xa0, 0xbd, 0xac, 0xc3, 0x8e, 0x3e,
  0xed, 0x87, 0x85, 0xbd, 0x63, 0x2a, 0x29, 0x3e, 0x2c, 0xe5, 0x4a, 0x3e,
  0x1d, 0x0b, 0xc1, 0x3d, 0x25, 0x4c, 0x2c, 0xbe, 0x91, 0xba, 0x68, 0x3e,
  0x12, 0x9b, 0xd4, 0xbd, 0x7e, 0x34, 0x9a, 0xbd, 0xb0, 0xf7, 0x2f, 0x3d,
  0x07, 0xe2, 0x1b, 0xbd, 0xa9, 0x8b, 0x27, 0x3e, 0x2d, 0x29, 0x74, 0x3e,
  0xe9, 0x6d, 0x4a, 0x3c, 0xc4, 0x1b, 0x96, 0x3e, 0x09, 0x86, 0x83, 0xbe,
  0x83, 0x99, 0xf9, 0x3d, 0x64, 0x2f, 0x99, 0xbd, 0x79, 0x64, 0x82, 0x3d,
  0x41, 0x8e, 0x0f, 0x3c, 0x2b, 0x5a, 0x4b, 0x3e, 0x6c, 0x34, 0x2b, 0xbe,
  0x10, 0x4a, 0x82, 0x3e, 0x08, 0x96, 0x53, 0xbd, 0x60, 0x85, 0xa9, 0x3d,
  0x5d, 0x75, 0x25, 0x3c, 0xf5, 0x77, 0x4e, 0x3e, 0xd2, 0x1a, 0x4c, 0xbe,
  0xbc, 0x17, 0x00, 0xbd, 0x1c, 0x7e, 0x1a, 0x3e, 0x9b, 0x29, 0x0c, 0xbe,
  0xf4, 0x3e, 0xe2, 0xbd, 0xb3, 0xb3, 0xab, 0xbd, 0x28, 0x37, 0x19, 0x3e,
  0x57, 0xb9, 0x6f, 0x3e, 0x36, 0xae, 0x4e, 0xbe, 0xc5, 0x52, 0x4c, 0xbe,
  0xf1, 0xd8, 0x03, 0x3e, 0xa1, 0x74, 0x5f, 0xbe, 0x9d, 0x5f, 0x73, 0x3e,
  0x7b, 0x93, 0x4e, 0x3d, 0x3f, 0x31, 0x3f, 0x3e, 0x23, 0x83, 0x21, 0xbe,
  0xdb, 0xcb, 0x18, 0xbd, 0x64, 0x7f, 0x04, 0xbe, 0x68, 0x63, 0x4b, 0x3e,
  0x55, 0xc2, 0x49, 0x3e, 0xbc, 0x49, 0x7d, 0xbe, 0x88, 0x47, 0x01, 0xbe,
  0x8f, 0x04, 0x83, 0xbd, 0x9b, 0xfa, 0x0c, 0xbe, 0x60, 0xf9, 0x64, 0x3e,
  0x44, 0x61, 0x62, 0xbe, 0xf5, 0xf4, 0xc0, 0x3c, 0xc1, 0x96, 0x3f, 0xbd,
  0xdc, 0xd1, 0x15, 0x3c, 0xf8, 0x90, 0xc8, 0xbd, 0x81, 0x15, 0x2e, 0xbe,
  0x88, 0x29, 0x9f, 0x3d, 0x29, 0xb3, 0x4e, 0x3e, 0x76, 0x48, 0xf2, 0x3d,
  0x6d, 0xad, 0x39, 0xbe, 0xbb, 0x99, 0x11, 0xbe, 0x58, 0x9f, 0x28, 0xbc,
  0x5a, 0xaa, 0x11, 0xbe, 0x0c, 0xda, 0x82, 0xbe, 0x6f, 0xae, 0x51, 0x3e,
  0x42, 0x37, 0x14, 0x3d, 0x2f, 0xd1, 0x01, 0xbd, 0x3d, 0x42, 0x3a, 0x3e,
  0xd2, 0x4b, 0xcc, 0x3b, 0x62, 0x4f, 0x1d, 0xbd, 0x59, 0xa1, 0xba, 0x3d,
  0xd8, 0xb5, 0xe8, 0x3d, 0xb2, 0xcf, 0xde, 0xbc, 0xea, 0x4e, 0xa0, 0x3d,
  0x1b, 0x09, 0xf3, 0xbd, 0x40, 0xb5, 0x43, 0x3e, 0xd7, 0x24, 0x9c, 0x3d,
  0xd2, 0x6a, 0xc8, 0xbd, 0xbd, 0x53, 0xb1, 0x3d, 0xa7, 0xf2, 0xa2, 0x3d,
  0xb0, 0xbc, 0x23, 0xbe, 0x9d, 0x13, 0x19, 0x3e, 0x06, 0x7b, 0x53, 0x3e,
  0xbb, 0xce, 0x9e, 0xbd, 0x2a, 0x38, 0xd4, 0xbc, 0x8f, 0xde, 0x19, 0xbe,
  0xe6, 0x54, 0x1b, 0xbe, 0x8b, 0xc2, 0xb8, 0x3d, 0xda, 0x83, 0xd2, 0x3d,
  0x9a, 0xa8, 0xbd, 0x3d, 0x0e, 0x83, 0x17, 0x3d, 0xfe, 0x0a, 0x05, 0xbe,
  0x02, 0x91, 0x68, 0x3e, 0x1c, 0xc1, 0x64, 0x3e, 0xbb, 0xc1, 0xcd, 0xbc,
  0x97, 0xdf, 0x84, 0xbc, 0xc2, 0xe0, 0x52, 0xbd, 0x7e, 0x68, 0x93, 0x3d,
  0xf4, 0x31, 0x3c, 0xbe, 0x53, 0x2c, 0x52, 0x3e, 0xa9, 0xa3, 0x85, 0x3e,
  0x65, 0x1f, 0x20, 0xbe, 0xb5, 0x63, 0x90, 0xbc, 0x3f, 0x7d, 0x79, 0x3d,
  0xa0, 0x36, 0x7b, 0xbe, 0xf2, 0x23, 0x8f, 0xbd, 0x03, 0x22, 0x41, 0x3e,
  0xce, 0x85, 0xcd, 0xbb, 0x2a, 0xa1, 0x81, 0x3e, 0xce, 0x87, 0xd5, 0xbd,
  0x8a, 0x20, 0x2b, 0x3c, 0x34, 0x0c, 0xd6, 0xbd, 0x8c, 0xb5, 0xe8, 0xbd,
  0x0f, 0x8e, 0x32, 0xbe, 0x6c, 0xbd, 0xa2, 0x3d, 0xf6, 0x72, 0x1f, 0xbe,
  0x53, 0x37, 0xce, 0xbd, 0x4b, 0x7d, 0x38, 0xbc, 0x37, 0xf8, 0x2b, 0x3e,
  0x87, 0xf4, 0x55, 0x3e, 0x2f, 0x85, 0x46, 0xbb, 0xe6, 0xab, 0x95, 0x3e,
  0x1d, 0x83, 0xca, 0x3d, 0x1f, 0xd9, 0xed, 0x3d, 0x6a, 0xa4, 0xc2, 0x3d,
  0xfd, 0x92, 0x13, 0x3e, 0x2b, 0x74, 0xdf, 0xbb, 0xe4, 0x62, 0x8b, 0x3d,
  0x79, 0x9c, 0x2b, 0x3d, 0x1e, 0x81, 0x30, 0x3e, 0x69, 0x8f, 0x42, 0xbe,
  0x46, 0x2a, 0x0d, 0xbe, 0x48, 0x90, 0xbd, 0xbd, 0x17, 0xaf, 0x57, 0x3d,
  0x3a, 0x52, 0x1f, 0xbe, 0x76, 0xb4, 0x50, 0xbe, 0xe5, 0x06, 0xe9, 0xbd,
  0x51, 0xfd, 0x35, 0x3e, 0xfc, 0xc4, 0xf5, 0x3b, 0x88, 0xed, 0x19, 0xbd,
  0x32, 0x7b, 0x60, 0x3d, 0x4f, 0x01, 0xf6, 0x3d, 0xa5, 0x3a, 0x2b, 0xbe,
  0x49, 0x44, 0x73, 0x3e, 0xaa, 0xbd, 0x8f, 0xbd, 0x0f, 0x66, 0x44, 0x3d,
  0xdf, 0x12, 0x50, 0xbc, 0x5e, 0xd9, 0x50, 0xbe, 0x66, 0xe3, 0x85, 0x3d,
  0xcb, 0xf9, 0x3b, 0xbe, 0x4c, 0x74, 0x06, 0xbe, 0x94, 0x4a, 0x60, 0xbe,
  0xfa, 0x46, 0x34, 0xbe, 0xc0, 0x42, 0x35, 0x3e, 0x4a, 0xc6, 0xb0, 0xbd,
  0x45, 0xe8, 0xb6, 0x3d, 0x3f, 0xf2, 0x8b, 0x3d, 0x7b, 0xd9, 0xee, 0xbd,
  0x11, 0x87, 0xa9, 0x3d, 0x89, 0xe4, 0x6d, 0x3e, 0xc9, 0x74, 0x2e, 0xbe,
  0xc4, 0xb8, 0x60, 0xbe, 0x0e, 0x64, 0x74, 0x3d, 0x04, 0x34, 0x4b, 0xbe,
  0xd0, 0xe7, 0x92, 0x3c, 0xb3, 0xb8, 0x4b, 0x3c, 0x2b, 0x98, 0xa6, 0x3d,
  0x31, 0xbd, 0x3e, 0x3e, 0x46, 0x54, 0xe9, 0x3d, 0xea, 0x6a, 0x30, 0x3d,
  0x2f, 0x58, 0x06, 0xbe, 0x1a, 0x19, 0xa3, 0x3d, 0xcf, 0xd5, 0x9f, 0x3d,
  0xa3, 0xcb, 0x36, 0xbe, 0x85, 0xf8, 0x80, 0xbd, 0x4b, 0x13, 0x35, 0x3e,
  0xe1, 0x97, 0x98, 0xbd, 0xcc, 0x46, 0x4b, 0x3e, 0x84, 0x07, 0x18, 0xbe,
  0xc1, 0x8f, 0x23, 0x3c, 0xf3, 0x22, 0xf4, 0xbd, 0xb8, 0xe6, 0x3b, 0xbe,
  0xe6, 0xb0, 0x54, 0xbe, 0x27, 0x1c, 0x4f, 0x3d, 0xae, 0x9a, 0x3f, 0x3e,
  0xb9, 0x10, 0x5a, 0xbd, 0xb7, 0xda, 0x52, 0x3d, 0xe9, 0xb7, 0x0e, 0x3e,
  0x68, 0x10, 0x2a, 0xbe, 0x69, 0xfc, 0x07, 0xbe, 0xda, 0xb7, 0x7a, 0x3d,
  0x58, 0x8c, 0x82, 0x3d, 0xca, 0x9f, 0x4e, 0x3e, 0x14, 0x40, 0x25, 0xbe,
  0xa6, 0x63, 0x1d, 0xbe, 0x9a, 0x5e, 0x24, 0x3e, 0xa2, 0xa0, 0x0a, 0xbe,
  0x46, 0x02, 0x0f, 0x3e, 0x81, 0x83, 0x05, 0x3e, 0x32, 0x2e, 0x2b, 0xbe,
  0x48, 0x7e, 0x70, 0x3e, 0xe3, 0x04, 0xbc, 0x3d, 0x69, 0xba, 0x2b, 0xbe,
  0x9d, 0x0b, 0xf6, 0x3d, 0x48, 0x12, 0x1b, 0x3e, 0x16, 0x9b, 0x66, 0xbd,
  0xa9, 0xf2, 0x3c, 0x3e, 0xb5, 0x22, 0x27, 0x3e, 0x1c, 0x0b, 0x73, 0xbc,
  0xb9, 0x50, 0x67, 0x3e, 0x99, 0xb2, 0x50, 0x3e, 0xc7, 0x5c, 0x90, 0x3e,
  0x56, 0x4c, 0x7b, 0xbc, 0xc8, 0xae, 0x0b, 0xbd, 0xef, 0x02, 0xd8, 0xbb,
  0x27, 0x8f, 0x5b, 0x3e, 0x70, 0xb1, 0x37, 0xbe, 0xcc, 0x66, 0xa2, 0xbd,
  0xca, 0xd6, 0xdd, 0xbc, 0xf3, 0x9f, 0x48, 0x3e, 0xa3, 0xfb, 0x97, 0x3e,
  0xd8, 0x26, 0x71, 0x3d, 0x23, 0x1a, 0x2d, 0x3b, 0x43, 0xe5, 0x63, 0xbe,
  0xd3, 0x29, 0xa8, 0xbd, 0x2c, 0x47, 0xac, 0xbd, 0x00, 0xee, 0x34, 0xbe,
  0xa0, 0x7a, 0x72, 0x3e, 0x4a, 0x83, 0xc7, 0x3c, 0xe3, 0xff, 0x71, 0x3e,
  0x90, 0x5f, 0x77, 0xbd, 0xf1, 0x18, 0x9a, 0xbd, 0x3c, 0x37, 0xe6, 0xbc,
  0x06, 0xd0, 0x68, 0x3d, 0x55, 0x3b, 0x61, 0x3e, 0x6d, 0x98, 0x45, 0x3e,
  0xd2, 0xd0, 0x58, 0xbd, 0x87, 0xc7, 0xb2, 0x3c, 0x47, 0x73, 0x74, 0x3e,
  0xef, 0x68, 0x70, 0x3d, 0x4f, 0x42, 0x0f, 0x3e, 0xb8, 0xfa, 0xa1, 0x3c,
  0xdc, 0xcc, 0xd6, 0xbd, 0x15, 0x03, 0xc4, 0x3d, 0x46, 0xe3, 0x4e, 0x3d,
  0xf8, 0xaa, 0x32, 0xbe, 0xc8, 0xdf, 0x48, 0xbe, 0x21, 0x4f, 0x35, 0x3e,
  0x76, 0x28, 0x6c, 0x3c, 0xaf, 0x4d, 0xa7, 0x3d, 0x43, 0x8f, 0x33, 0xbc,
  0xc5, 0x36, 0xe8, 0xbd, 0xa4, 0x59, 0x2c, 0xbe, 0x7e, 0x33, 0x1f, 0xbe,
  0x11, 0x03, 0x16, 0x3e, 0x73, 0x29, 0x06, 0x3e, 0xe4, 0x08, 0x20, 0xbe,
  0xfc, 0x5a, 0xb9, 0x3c, 0x3e, 0x12, 0x0b, 0x3d, 0x42, 0x3f, 0xca, 0xbd,
  0x87, 0xf3, 0x85, 0x3e, 0xa0, 0xb9, 0x11, 0xbe, 0x44, 0x7e, 0xb5, 0xbd,
  0xf0, 0x68, 0x83, 0x3e, 0xcd, 0xcb, 0x5e, 0xbe, 0xec, 0x9d, 0x64, 0xbe,
  0x82, 0x6b, 0x33, 0xbd, 0x64, 0xea, 0x8b, 0x3d, 0x50, 0xef, 0x16, 0xbd,
  0x79, 0x11, 0xdb, 0x3a, 0x4a, 0x26, 0x60, 0x3e, 0xf3, 0xe9, 0x2a, 0xbd,
  0x2f, 0x51, 0x1b, 0x3e, 0xbe, 0x12, 0x10, 0xbd, 0x1d, 0x9f, 0x97, 0x3c,
  0x70, 0x8b, 0x2f, 0xbe, 0x30, 0x9b, 0x0e, 0x3e, 0x40, 0x79, 0x78, 0x3e,
  0x8c, 0x30, 0xd2, 0x3b, 0xde, 0xe0, 0x67, 0x3c, 0x5c, 0x57, 0x21, 0x3e,
  0xc6, 0x2e, 0x1e, 0xbe, 0xd3, 0x10, 0x7f, 0x3d, 0x18, 0xf1, 0x14, 0x3e,
  0xad, 0xff, 0x6b, 0x3e, 0xbb, 0xd2, 0x8a, 0xbd, 0xb0, 0x4c, 0x7b, 0x3e,
  0x43, 0x97, 0x07, 0x3d, 0x16, 0x69, 0xc7, 0xbc, 0x1d, 0xce, 0x8e, 0x3c,
  0xf9, 0x53, 0x4b, 0xbd, 0x24, 0xb3, 0x80, 0x3e, 0x15, 0xb8, 0x7b, 0x3e,
  0x20, 0x14, 0x24, 0x3e, 0x98, 0x3c, 0x12, 0x3e, 0x7e, 0x6d, 0x49, 0x3e,
  0x8d, 0x30, 0x58, 0x3e, 0x58, 0x1e, 0x08, 0x3e, 0x75, 0x26, 0xd9, 0xbd,
  0xec, 0x2c, 0x68, 0xbe, 0x64, 0x36, 0xa5, 0x3d, 0x5c, 0x44, 0x21, 0xbe,
  0xab, 0xf6, 0x4d, 0xbe, 0xdb, 0xd4, 0x64, 0xbe, 0x22, 0x87, 0xe3, 0xbd,
  0x30, 0x50, 0xc0, 0xbd, 0x5f, 0x9d, 0x50, 0x3e, 0x7b, 0xd1, 0xb2, 0xbc,
  0x50, 0x4c, 0x5a, 0x3e, 0x54, 0xdc, 0x32, 0xbe, 0xab, 0xc9, 0x4d, 0x3d,
  0xe3, 0x23, 0x1c, 0xbe, 0x9c, 0x2c, 0x3e, 0xbe, 0x05, 0x43, 0x7c, 0x3d,
  0xd2, 0x9b, 0x2f, 0x3e, 0xf5, 0xa5, 0xc9, 0xbc, 0xce, 0x62, 0xd9, 0xbc,
  0xe5, 0x3e, 0x7e, 0xbd, 0xf9, 0xaf, 0xe0, 0xbd, 0xc0, 0xf1, 0x4f, 0x3d,
  0xe0, 0xa8, 0x05, 0x3e, 0x1f, 0x44, 0x69, 0x3d, 0x47, 0xb2, 0x87, 0xbd,
  0xe4, 0xc2, 0x2b, 0xbe, 0x72, 0x31, 0x2e, 0x3e, 0x4d, 0x44, 0xef, 0xbd,
  0x1d, 0x26, 0x13, 0xbd, 0x86, 0x35, 0x77, 0x3e, 0x3d, 0x29, 0x0f, 0x3d,
  0xdf, 0x21, 0x07, 0x3e, 0x48, 0x70, 0x50, 0xbe, 0x96, 0x3e, 0xf4, 0x3d,
  0x33, 0xc4, 0x5f, 0x3e, 0xbc, 0x20, 0x24, 0xbe, 0xa6, 0x28, 0x9f, 0xbc,
  0x61, 0x5d, 0x8b, 0xbd, 0xfc, 0x7b, 0xf2, 0x3c, 0x7e, 0x71, 0x82, 0xbe,
  0xe2, 0x7d, 0x72, 0x3d, 0x57, 0x36, 0x2e, 0x3e, 0x30, 0x28, 0xf2, 0x3d,
  0x7e, 0x86, 0x58, 0x3d, 0xbc, 0x1d, 0x0f, 0xbe, 0xdd, 0x9c, 0x5e, 0xbd,
  0xe2, 0xe1, 0x98, 0x3d, 0x73, 0xef, 0x22, 0x3d, 0x19, 0x4f, 0x75, 0x3d,
  0x1d, 0x1b, 0x36, 0x3a, 0xf3, 0x3d, 0xbd, 0x3d, 0x69, 0x99, 0x60, 0x3e,
  0x19, 0x78, 0x70, 0x3e, 0x46, 0xc1, 0x3c, 0x3e, 0x5a, 0x7b, 0x55, 0x3e,
  0x90, 0xa4, 0x2f, 0x3e, 0x5e, 0xd5, 0x61, 0xbd, 0x69, 0xf7, 0x75, 0x3e,
  0x08, 0x7a, 0xe7, 0xbd, 0x74, 0x1c, 0xf4, 0x37, 0x32, 0x7d, 0x3a, 0x3e,
  0xe6, 0x80, 0x6b, 0xbe, 0x9d, 0x7e, 0x23, 0xbe, 0x11, 0x15, 0x23, 0xbe,
  0xf2, 0x60, 0x22, 0xbd, 0x0e, 0xbe, 0xf8, 0xbd, 0xe6, 0x4e, 0x4f, 0x3e,
  0xec, 0x24, 0x92, 0x3d, 0x04, 0xfd, 0x4d, 0xbe, 0x3c, 0x79, 0x5c, 0x3c,
  0xa3, 0x3c, 0x81, 0xbd, 0x99, 0xee, 0x9f, 0x3d, 0x12, 0xd1, 0xd4, 0xbc,
  0x24, 0x39, 0x5a, 0xbe, 0x00, 0xa0, 0x88, 0x3d, 0x37, 0xca, 0x4c, 0x3e,
  0xa6, 0xb3, 0x21, 0xbd, 0xf5, 0x7a, 0xf4, 0x3c, 0xd2, 0xd2, 0xab, 0x3d,
  0x62, 0xba, 0x1f, 0x3e, 0x82, 0x1a, 0x86, 0x3e, 0x12, 0x43, 0xed, 0x3b,
  0x5b, 0x84, 0x3d, 0x3e, 0xd1, 0x47, 0x33, 0x3e, 0x00, 0xb2, 0x11, 0x3e,
  0xa0, 0x0f, 0x02, 0xbe, 0xba, 0x73, 0x36, 0xbe, 0xe0, 0x6b, 0xf9, 0x3d,
  0x40, 0x00, 0xf1, 0x3d, 0x47, 0x68, 0xbf, 0x3d, 0x22, 0x71, 0x66, 0x3e,
  0xa8, 0x51, 0x55, 0x3c, 0xb9, 0xa1, 0xfd, 0xbc, 0xa7, 0x04, 0x99, 0xbd,
  0x26, 0xb5, 0x3b, 0xbe, 0xb4, 0x2e, 0x78, 0x3e, 0xfd, 0xc2, 0x37, 0xbe,
  0xf8, 0x39, 0xe9, 0xbd, 0x61, 0x24, 0x6e, 0x3e, 0x96, 0x90, 0x1c, 0xbd,
  0xa4, 0xfb, 0x36, 0x3e, 0x0c, 0xec, 0x7d, 0x3e, 0x69, 0x1a, 0xac, 0x3d,
  0x5a, 0x1b, 0xbd, 0x3d, 0x8f, 0x01, 0x19, 0x3e, 0x29, 0x33, 0x31, 0xbe,
  0xc9, 0x76, 0xb9, 0xbd, 0xd9, 0x87, 0x3a, 0x3e, 0x2d, 0xd3, 0xcd, 0xbd,
  0xea, 0x90, 0x07, 0xbe, 0x9d, 0xe0, 0x01, 0xbe, 0x3e, 0x71, 0x7a, 0xbc,
  0xcd, 0xb4, 0x68, 0x3e, 0x1a, 0xab, 0x86, 0x3d, 0x74, 0x45, 0xd7, 0x3d,
  0xa8, 0xe2, 0xb5, 0xbd, 0x4c, 0x53, 0xfb, 0xbd, 0xf9, 0x00, 0x93, 0xbd,
  0x5e, 0x74, 0x4c, 0xbe, 0xf5, 0xca, 0x0d, 0xbe, 0xe3, 0xa8, 0x11, 0x3e,
  0x09, 0x20, 0x12, 0xbd, 0xa3, 0x56, 0xd6, 0xbc, 0x29, 0x77, 0x36, 0x3d,
  0x6e, 0x17, 0xdc, 0x3d, 0x8b, 0x9f, 0x33, 0xbe, 0x8d, 0xd5, 0x0a, 0xbe,
  0x77, 0x10, 0xf7, 0x3d, 0x47, 0xf7, 0x64, 0x3e, 0xc7, 0xe8, 0x1a, 0xbe,
  0x69, 0xd5, 0x5a, 0x3e, 0x2c, 0xba, 0x64, 0xbd, 0x12, 0xcf, 0x95, 0x3d,
  0x57, 0xb2, 0x38, 0x3d, 0x9a, 0x61, 0x5e, 0xbe, 0x0e, 0xb2, 0x5f, 0x3e,
  0x0b, 0x11, 0x80, 0x3c, 0x1e, 0xc5, 0x1a, 0x3d, 0x02, 0x03, 0x15, 0xbe,
  0xb5, 0x41, 0xd3, 0x3d, 0xd6, 0xdd, 0xa4, 0x3d, 0xe7, 0x07, 0x74, 0x3e,
  0x04, 0x8b, 0x09, 0xbe, 0x55, 0xef, 0x3b, 0x3e, 0xed, 0x7c, 0xeb, 0xbd,
  0x3d, 0x8c, 0x20, 0xbd, 0x3e, 0x65, 0x81, 0xbd, 0x48, 0x85, 0xc3, 0xbd,
  0x17, 0x9f, 0x3f, 0x3e, 0x91, 0x97, 0x11, 0x3d, 0x65, 0x88, 0xd7, 0x3c,
  0x56, 0x44, 0x0d, 0x3e, 0x18, 0x09, 0x61, 0xbd, 0x73, 0xe9, 0x49, 0x3d,
  0xdd, 0xc9, 0xbf, 0x3d, 0x66, 0x08, 0xcf, 0x3d, 0xd1, 0xfa, 0x22, 0x3c,
  0xc3, 0x68, 0x49, 0x3e, 0x85, 0x6d, 0x1e, 0xbe, 0x89, 0xa8, 0x39, 0xbe,
  0xe5, 0x03, 0x12, 0x3e, 0xe9, 0x13, 0x27, 0xbd, 0xe4, 0xf0, 0x47, 0x3e,
  0x3d, 0xd0, 0x11, 0xbd, 0xb8, 0x52, 0x00, 0x3d, 0x5f, 0x0b, 0x03, 0x3e,
  0x16, 0x2a, 0x74, 0x3e, 0x80, 0x60, 0x51, 0xbe, 0x3b, 0x5b, 0x82, 0x3a,
  0x04, 0xeb, 0x47, 0xbe, 0xb6, 0x66, 0x97, 0x3e, 0xc3, 0x93, 0x06, 0x3e,
  0xac, 0x91, 0x21, 0xbd, 0xa4, 0x4b, 0x5b, 0xbd, 0xfb, 0xb0, 0x42, 0xbe,
  0xa1, 0x42, 0x42, 0xbe, 0x24, 0x1a, 0xe4, 0x3d, 0x0e, 0xc1, 0x47, 0x3e,
  0xf9, 0xb7, 0x4a, 0x3d, 0xc8, 0x17, 0xa9, 0x3d, 0x8b, 0x86, 0x68, 0xbd,
  0x5a, 0x20, 0xca, 0xbd, 0x2c, 0xeb, 0x54, 0xbd, 0xf2, 0x05, 0x54, 0x3e,
  0x17, 0xb8, 0xab, 0x3d, 0x68, 0x21, 0xfa, 0xbd, 0x29, 0x20, 0x0c, 0x3e,
  0xb9, 0x74, 0x0f, 0x3e, 0x20, 0xcc, 0xb0, 0x3c, 0x24, 0x5f, 0x40, 0x3e,
  0xa1, 0xe5, 0x0f, 0x3d, 0xab, 0xa3, 0x1c, 0x3e, 0xc5, 0x6b, 0x49, 0x3e,
  0xad, 0xef, 0x34, 0xbd, 0x79, 0xf0, 0x5a, 0xbd, 0x05, 0x12, 0x40, 0xbe,
  0xea, 0xee, 0xa3, 0xbd, 0xca, 0x31, 0x50, 0x3e, 0xbe, 0x7c, 0x8a, 0xbc,
  0xfd, 0x28, 0x58, 0xbd, 0xda, 0xd5, 0x42, 0xbd, 0x14, 0xc3, 0x47, 0x3e,
  0xed, 0x20, 0x88, 0x3e, 0x9d, 0x8d, 0x3b, 0x3e, 0x74, 0x08, 0x60, 0xbe,
  0xba, 0xa0, 0xd4, 0xbd, 0x61, 0xdc, 0x62, 0x3e, 0x2c, 0xb0, 0xff, 0x3d,
  0x35, 0xcb, 0xf8, 0x3d, 0x46, 0x5b, 0x31, 0xbe, 0x10, 0x13, 0x70, 0x3e,
  0xc3, 0x98, 0x15, 0xbe, 0x63, 0x92, 0x39, 0xbe, 0x1d, 0xa7, 0xa9, 0xbd,
  0xa5, 0xde, 0x18, 0xbe, 0x76, 0x58, 0xca, 0x3d, 0x1b, 0x51, 0x76, 0x3e,
  0xa2, 0x00, 0x9e, 0x3d, 0x46, 0xe6, 0xff, 0xff, 0x04, 0x00, 0x00, 0x00,
  0x00, 0x18, 0x00, 0x00, 0xab, 0xa7, 0xda, 0x3d, 0x16, 0xb1, 0x0a, 0xbe,
  0xde, 0x9d, 0x2f, 0x3d, 0x1f, 0xc5, 0xb5, 0x3d, 0xc1, 0xe4, 0x0d, 0xbd,
  0x5e, 0xc6, 0xfb, 0x3d, 0xc5, 0x7e, 0xed, 0x3d, 0x48, 0x3e, 0x85, 0xbd,
  0x8e, 0x5a, 0x1d, 0xbe, 0x47, 0x93, 0xf6, 0xbd, 0xf3, 0xf5, 0x45, 0x3e,
  0x93, 0x11, 0x31, 0x3a, 0x25, 0x90, 0xf1, 0x3c, 0x1d, 0x2d, 0x13, 0xbd,
  0x14, 0x9e, 0xa0, 0x3d, 0x4a, 0xd7, 0x13, 0xbd, 0xc0, 0xa2, 0x08, 0xbe,
  0xaa, 0x7a, 0x59, 0xbe, 0x3d, 0xc0, 0x6f, 0xbc, 0xbb, 0x10, 0x45, 0x3e,
  0x50, 0x91, 0x8b, 0x3d, 0xe2, 0xb3, 0x9e, 0xbd, 0x5b, 0xfe, 0x87, 0xbd,
  0x16, 0x10, 0x90, 0xbd, 0x06, 0x37, 0x5c, 0xbd, 0xbb, 0x57, 0x32, 0x3e,
  0x97, 0xe4, 0x7f, 0xbd, 0xbc, 0xae, 0x22, 0xbe, 0xb3, 0x91, 0xa9, 0x3a,
  0x00, 0x35, 0x49, 0xbe, 0x64, 0x20, 0x2e, 0x3e, 0xc9, 0xce, 0x0f, 0x3c,
  0xa6, 0x6a, 0x4c, 0x3e, 0xe9, 0xdd, 0x55, 0x3e, 0x6c, 0x17, 0xe0, 0xbd,
  0xf1, 0x1a, 0x08, 0xbe, 0xd1, 0xd9, 0xcf, 0xbc, 0x70, 0x11, 0x3d, 0xbd,
  0x70, 0x2a, 0xa4, 0x3d, 0xe4, 0x85, 0xba, 0xbd, 0x4c, 0xcf, 0xe1, 0x3d,
  0x6c, 0x3d, 0x10, 0xbe, 0xce, 0x5e, 0xc1, 0x3d, 0x36, 0x5a, 0x42, 0xbe,
  0x0b, 0x38, 0x50, 0x3d, 0x78, 0xc1, 0x06, 0x3c, 0xa4, 0xaf, 0xe3, 0xbd,
  0x87, 0x58, 0x04, 0x3c, 0xd1, 0x4f, 0xe4, 0x3c, 0x19, 0x3d, 0xb8, 0xbd,
  0x2a, 0x7a, 0x49, 0x3e, 0x85, 0xb4, 0x38, 0x3e, 0xfc, 0xb1, 0xb2, 0xbd,
  0x99, 0x58, 0x0b, 0x3e, 0x3c, 0x88, 0xa9, 0xbd, 0x5b, 0x2c, 0xe6, 0x3b,
  0x13, 0x27, 0x0d, 0x3e, 0xb4, 0x51, 0xc0, 0xbd, 0x8a, 0xde, 0x1b, 0x3e,
  0x7c, 0x66, 0xcc, 0xbc, 0x3e, 0x1e, 0x08, 0xbe, 0x97, 0xd5, 0xc4, 0x3c,
  0x61, 0xf1, 0x7d, 0xbd, 0x4e, 0xbc, 0xad, 0x3b, 0x4f, 0xa9, 0x98, 0x3c,
  0x7e, 0x95, 0x0f, 0xbe, 0xdf, 0x83, 0x07, 0x3e, 0xb0, 0x9b, 0xaa, 0x3d,
  0xc4, 0x3c, 0x3b, 0x3d, 0x70, 0x52, 0xd4, 0xbd, 0x51, 0xff, 0x82, 0xbd,
  0x00, 0xd6, 0x5b, 0x3d, 0x42, 0xa4, 0x05, 0x3e, 0x75, 0x53, 0xc8, 0xbd,
  0x16, 0xd7, 0x5a, 0x3d, 0xe3, 0xf8, 0x10, 0x3e, 0xb7, 0x92, 0x0b, 0xbe,
  0x3b, 0xc7, 0xa9, 0xbd, 0x28, 0xb8, 0x2e, 0x3e, 0xbf, 0x47, 0x93, 0x3d,
  0xd7, 0xe9, 0x4b, 0x3e, 0x56, 0xdd, 0x3a, 0xbe, 0xf9, 0x18, 0x66, 0x3e,
  0xd8, 0x52, 0x71, 0x3d, 0xae, 0xf6, 0xdf, 0xbd, 0xc1, 0x4f, 0xd3, 0x3d,
  0x75, 0xec, 0xb5, 0xbc, 0xa2, 0x73, 0xf6, 0x3c, 0x85, 0xb1, 0xa7, 0xbb,
  0x9d, 0x7c, 0x9d, 0xbc, 0x55, 0x1d, 0xb4, 0x3c, 0xba, 0x11, 0x18, 0xbe,
  0xfc, 0x96, 0x45, 0xbd, 0x2a, 0x7c, 0xf4, 0xbb, 0x15, 0x28, 0x91, 0xbd,
  0x2e, 0xd0, 0x14, 0x3e, 0x2e, 0x86, 0x16, 0x3d, 0x26, 0xae, 0x12, 0xbe,
  0xe0, 0x35, 0xa0, 0x3d, 0x00, 0x4c, 0x2b, 0x3e, 0xeb, 0xec, 0x53, 0xbe,
  0x1d, 0xfa, 0xcb, 0xbc, 0x05, 0x6f, 0xf4, 0x3d, 0x25, 0xa3, 0xa2, 0x3c,
  0x8c, 0x12, 0x9f, 0xbd, 0x6f, 0xed, 0x9d, 0x3c, 0x0e, 0xfa, 0xfc, 0x3d,
  0xba, 0x34, 0x34, 0xbe, 0x1d, 0x59, 0x5f, 0x3d, 0x53, 0xfa, 0x89, 0x3d,
  0xc8, 0x03, 0xb6, 0x3d, 0x38, 0xe8, 0xe8, 0x3d, 0x27, 0xcf, 0x13, 0xbe,
  0x45, 0x2e, 0x4b, 0x3e, 0xdf, 0x95, 0xa8, 0xbd, 0x9b, 0xfb, 0x0e, 0xbe,
  0x05, 0x46, 0x0a, 0xbe, 0x82, 0xc4, 0x7b, 0xbd, 0x9e, 0x1b, 0x3f, 0xbe,
  0x5c, 0x93, 0xac, 0xbd, 0x68, 0xd2, 0x2c, 0xbe, 0xc9, 0xd9, 0xad, 0xbd,
  0x68, 0x48, 0x92, 0x3d, 0xd2, 0xff, 0xc6, 0xbc, 0xbc, 0x49, 0xb4, 0x3c,
  0x02, 0xe7, 0x08, 0xbc, 0xe0, 0xe0, 0x1f, 0x3d, 0xcc, 0x20, 0xbd, 0x3d,
  0x45, 0x08, 0x35, 0xbe, 0x44, 0x42, 0x1f, 0x3e, 0xb3, 0x02, 0x18, 0x3e,
  0xfa, 0xeb, 0xfb, 0x39, 0x2d, 0xa3, 0x50, 0xbd, 0xdc, 0xbf, 0x13, 0x3e,
  0xe9, 0x5b, 0x21, 0xbe, 0xac, 0x1c, 0xba, 0xbd, 0xc7, 0xa8, 0xd2, 0x3d,
  0xd2, 0x7c, 0x3f, 0xbe, 0xca, 0xd0, 0x23, 0x3e, 0x5a, 0xfd, 0xad, 0x3c,
  0xfa, 0x79, 0x3f, 0x3e, 0x4d, 0x91, 0x96, 0xba, 0x83, 0xc2, 0xa6, 0xbd,
  0xb0, 0x23, 0x08, 0xbe, 0x5c, 0xd5, 0xae, 0x3d, 0x4a, 0xd2, 0x4e, 0xbd,
  0xd5, 0xfe, 0x83, 0xbc, 0x4f, 0x32, 0x50, 0xbd, 0x8b, 0x11, 0x83, 0x3c,
  0x95, 0x2f, 0x12, 0xbe, 0xf9, 0x28, 0x38, 0xbe, 0x0d, 0x60, 0xd8, 0x3d,
  0x3d, 0x59, 0xb8, 0x3c, 0xc9, 0xc5, 0x2a, 0x3e, 0x77, 0x24, 0xb1, 0xbd,
  0xe0, 0x6f, 0xd8, 0x3d, 0x6c, 0xae, 0x05, 0xbe, 0x34, 0xfe, 0xa9, 0xbd,
  0xa0, 0xfa, 0x7f, 0x3d, 0x38, 0xd9, 0x65, 0xbd, 0x0f, 0x70, 0x50, 0x3e,
  0xa0, 0x26, 0x2f, 0xbe, 0xbd, 0xea, 0xf5, 0xba, 0x00, 0x16, 0xa3, 0x3d,
  0x68, 0x61, 0x6c, 0xbd, 0xd1, 0x01, 0x8e, 0x3d, 0x57, 0x3c, 0x8b, 0x3d,
  0xc8, 0xf6, 0x56, 0x3e, 0x89, 0x65, 0x3e, 0xbe, 0x75, 0x2c, 0xf8, 0xbd,
  0xef, 0x6d, 0x34, 0x3d, 0x4e, 0x8e, 0x02, 0x3e, 0xe9, 0xd7, 0x47, 0x3d,
  0x8d, 0x62, 0xf7, 0xbd, 0x05, 0x4d, 0xbd, 0x3d, 0x23, 0xd0, 0x13, 0x3e,
  0xbe, 0xae, 0x54, 0xbd, 0x24, 0xab, 0x90, 0xbc, 0x48, 0x08, 0x41, 0x3e,
  0xf8, 0xc6, 0x93, 0xbd, 0xd6, 0x00, 0xcf, 0xbc, 0x38, 0x13, 0xf7, 0x3d,
  0x94, 0x8f, 0xf4, 0x3d, 0x73, 0xb8, 0x8a, 0xbc, 0xcc, 0xcb, 0x58, 0x3c,
  0x40, 0xa3, 0xaa, 0x3d, 0x7b, 0xc8, 0x0f, 0x3e, 0x84, 0x78, 0x2e, 0x3e,
  0xb6, 0x7b, 0xbb, 0x39, 0x96, 0xb3, 0x42, 0x3e, 0xd5, 0x62, 0x2a, 0x3c,
  0xbb, 0x77, 0x11, 0xbe, 0x4f, 0xb1, 0x30, 0xbd, 0x2c, 0x83, 0xf2, 0xbd,
  0xfa, 0x93, 0x49, 0x3d, 0x5c, 0xa1, 0xec, 0x3d, 0x59, 0x47, 0x3e, 0x3c,
  0x5e, 0xcc, 0x19, 0xbe, 0x33, 0x1d, 0x1b, 0x3e, 0x9a, 0xa5, 0xd8, 0xbd,
  0x3c, 0x1d, 0x32, 0x3e, 0x20, 0x8b, 0x0c, 0xbe, 0x97, 0x5d, 0x6b, 0x3e,
  0x48, 0x69, 0x0a, 0xbe, 0x3a, 0xb4, 0xd0, 0x3d, 0xc3, 0xb8, 0xdd, 0xbd,
  0x95, 0xc2, 0x4b, 0x3d, 0x02, 0x90, 0x15, 0x3d, 0x37, 0xd3, 0xba, 0xbd,
  0x15, 0xa0, 0x43, 0x3e, 0x11, 0x4b, 0x93, 0xbd, 0x82, 0xff, 0xb3, 0x3d,
  0x15, 0x45, 0x13, 0x3d, 0x83, 0x59, 0x74, 0xbd, 0x15, 0xce, 0x2b, 0xbc,
  0xbb, 0x21, 0x08, 0x3e, 0x37, 0xe1, 0x06, 0xbe, 0x42, 0x80, 0x1b, 0xbd,
  0xc3, 0xb6, 0x57, 0x3d, 0x6c, 0x52, 0x48, 0xbe, 0x20, 0x60, 0xf5, 0xbd,
  0xeb, 0xe7, 0x8c, 0xbd, 0x57, 0x6b, 0xea, 0x3d, 0x75, 0xab, 0xd4, 0xbd,
  0x57, 0x05, 0x75, 0x3d, 0xb0, 0x31, 0x86, 0x3b, 0x37, 0x7a, 0x16, 0xbe,
  0x14, 0x54, 0x23, 0x3e, 0xdc, 0xec, 0x7b, 0x3d, 0x02, 0x8e, 0xdd, 0xbd,
  0x48, 0xbe, 0x72, 0xbd, 0xd9, 0xfe, 0xdb, 0x3b, 0xdc, 0x24, 0x48, 0x3b,
  0x19, 0xf4, 0x30, 0x3d, 0x9d, 0x0c, 0xc0, 0x3d, 0xb2, 0x1e, 0x2f, 0x3e,
  0xb4, 0xb6, 0xed, 0x3d, 0xb2, 0x74, 0x4c, 0xbe, 0x73, 0xea, 0xe5, 0x3d,
  0xa4, 0x89, 0x07, 0x3e, 0x4d, 0x52, 0xf1, 0x3d, 0x4d, 0x32, 0x1e, 0xbe,
  0xe0, 0x39, 0xa5, 0xbd, 0x39, 0x6b, 0x80, 0xbc, 0x9b, 0x43, 0x9d, 0x3d,
  0x02, 0xe7, 0x09, 0x3e, 0x49, 0x67, 0x29, 0xbe, 0xfb, 0xa6, 0x13, 0x3e,
  0x5f, 0xca, 0x67, 0x3d, 0x08, 0x83, 0x50, 0x3e, 0x27, 0x23, 0xb9, 0xbd,
  0x31, 0x32, 0x21, 0xbd, 0x17, 0x6d, 0xd0, 0xbd, 0xc2, 0x6d, 0x82, 0xbd,
  0x34, 0x68, 0x3c, 0x3d, 0xd9, 0x1e, 0x61, 0x3e, 0xd3, 0x17, 0x1c, 0x3e,
  0x8a, 0x81, 0x67, 0xbb, 0xb2, 0x84, 0x0f, 0x3c, 0x8c, 0x6f, 0x3f, 0x3e,
  0x1f, 0xe3, 0x72, 0xbd, 0xe7, 0xbe, 0x4a, 0x3e, 0x08, 0xc6, 0x26, 0x3e,
  0x8c, 0x31, 0x00, 0xbe, 0x1e, 0x22, 0x37, 0x3e, 0x58, 0x4b, 0x38, 0xbc,
  0xb5, 0xac, 0x7a, 0x3d, 0x48, 0x22, 0x1a, 0x3e, 0x1c, 0x17, 0x73, 0xbc,
  0x16, 0x2c, 0x2c, 0x3e, 0x0f, 0x82, 0x3c, 0x3e, 0x99, 0x1f, 0xcd, 0xbd,
  0x1b, 0x86, 0xd5, 0xbd, 0x77, 0x54, 0x08, 0xbe, 0xd2, 0xed, 0x24, 0x3d,
  0x4c, 0x77, 0x69, 0xbc, 0x35, 0xf1, 0xcb, 0xbd, 0x1b, 0x55, 0xbc, 0xbc,
  0x48, 0x0a, 0x05, 0x3d, 0x63, 0x30, 0x1a, 0xbe, 0x64, 0xdc, 0x30, 0x3c,
  0x34, 0x12, 0x00, 0xbd, 0xe6, 0x64, 0x74, 0xbd, 0xd1, 0xbb, 0x40, 0xbe,
  0x34, 0x0b, 0x3e, 0xbe, 0xc5, 0xf3, 0xd5, 0xbb, 0xa3, 0xc1, 0x78, 0xbb,
  0xf5, 0x20, 0x97, 0x3d, 0x4c, 0x23, 0xa9, 0x3b, 0x8f, 0x92, 0xe3, 0x3d,
  0x14, 0x45, 0x5f, 0x3e, 0x4c, 0x71, 0x31, 0x3d, 0xce, 0x8a, 0x53, 0xbe,
  0x9e, 0xda, 0x0d, 0xbe, 0x1e, 0x94, 0x1f, 0xbe, 0x47, 0xfb, 0x43, 0xbd,
  0x21, 0xe3, 0x0e, 0xbe, 0x09, 0x19, 0x10, 0x3e, 0x2a, 0x04, 0x6c, 0xbc,
  0xcb, 0xd5, 0x98, 0xbd, 0x92, 0x4b, 0x1a, 0xbe, 0x8f, 0xfd, 0x59, 0x3e,
  0xa4, 0x4b, 0x70, 0x3e, 0xa6, 0x3e, 0x5e, 0x3d, 0x85, 0x63, 0x11, 0x3e,
  0xe5, 0xc6, 0x82, 0xbd, 0x46, 0x33, 0x0c, 0x3e, 0x33, 0xac, 0x0f, 0xbc,
  0x9e, 0xcc, 0x38, 0xbe, 0xd7, 0xc4, 0xbb, 0x3b, 0x2b, 0x52, 0xe6, 0xbd,
  0xbd, 0x31, 0x59, 0x3d, 0xd4, 0xab, 0x6f, 0xbd, 0x34, 0x22, 0x90, 0xbd,
  0xf8, 0x09, 0xd2, 0xbd, 0x02, 0x85, 0x83, 0xbd, 0x71, 0x37, 0x15, 0xbe,
  0xd6, 0x02, 0x98, 0x3d, 0x79, 0x1d, 0x37, 0xbd, 0xe0, 0x3f, 0xc2, 0x3d,
  0x92, 0x13, 0x04, 0xbe, 0x7f, 0xae, 0xf1, 0xbb, 0xd8, 0x74, 0x27, 0xbe,
  0x86, 0xbc, 0xba, 0x3d, 0x30, 0xdc, 0xbd, 0x3d, 0x1b, 0x3a, 0x62, 0x3d,
  0xa4, 0x93, 0x20, 0xbe, 0x3e, 0x8f, 0x4f, 0x3e, 0xa2, 0xed, 0x04, 0x3e,
  0xb3, 0x9b, 0xfe, 0x3d, 0x85, 0xa6, 0x91, 0x3d, 0xf4, 0xe4, 0xc8, 0x3d,
  0x79, 0x2d, 0xa0, 0xbd, 0xf8, 0xc0, 0x3b, 0x3e, 0xdb, 0x1d, 0x96, 0x3d,
  0xe7, 0xad, 0x6d, 0x3e, 0x86, 0x6d, 0x5e, 0x3e, 0xf4, 0xd5, 0x41, 0xbd,
  0xa0, 0x66, 0xd1, 0xbd, 0x85, 0x5a, 0x4d, 0xbd, 0xe6, 0x1e, 0x3b, 0xbe,
  0x73, 0xa6, 0x27, 0xbe, 0x44, 0x42, 0x0f, 0x3e, 0xd6, 0xea, 0x70, 0x3b,
  0x2a, 0x14, 0xcf, 0x3d, 0x31, 0x07, 0xfd, 0x3d, 0x0a, 0xba, 0xb0, 0xbb,
  0x3d, 0xf3, 0x33, 0x3e, 0xad, 0x21, 0x0f, 0x3e, 0x6b, 0x10, 0x2b, 0x3e,
  0xad, 0xd4, 0x81, 0x3d, 0x10, 0x6d, 0x07, 0x3e, 0x75, 0x85, 0xfe, 0x3d,
  0x26, 0xb5, 0xfa, 0x3d, 0xe6, 0x60, 0x65, 0x3e, 0x40, 0x5c, 0x2a, 0x3e,
  0xd0, 0x98, 0xcd, 0x3d, 0x56, 0x3a, 0xfd, 0xb9, 0xae, 0x33, 0x68, 0x3c,
  0x12, 0x84, 0x0e, 0xbe, 0x95, 0xf8, 0xd5, 0xbd, 0x2e, 0x13, 0x4c, 0xbb,
  0x35, 0x57, 0x12, 0x3e, 0x34, 0x22, 0x3b, 0xbd, 0x46, 0x68, 0x4a, 0x3e,
  0x39, 0x11, 0xf2, 0xbc, 0xfe, 0x25, 0xb7, 0x3a, 0x99, 0xd5, 0xf5, 0x3d,
  0x32, 0x15, 0xa3, 0x3d, 0x98, 0x1b, 0xc8, 0xbd, 0x52, 0x0b, 0x02, 0xbe,
  0x02, 0x80, 0x2c, 0x3e, 0x70, 0xa0, 0x39, 0xbe, 0x5c, 0x5b, 0x1c, 0x3d,
  0x34, 0x9e, 0x86, 0x3c, 0x6a, 0x12, 0x45, 0x3e, 0x07, 0x4c, 0xfe, 0xbd,
  0x10, 0xe4, 0xd0, 0xbd, 0x3c, 0x9f, 0x48, 0x3c, 0x56, 0x99, 0x29, 0xbd,
  0x15, 0x36, 0xfb, 0x3d, 0xb4, 0x63, 0xb8, 0xbd, 0x30, 0x37, 0xe5, 0xbd,
  0x98, 0xc4, 0xc4, 0x3d, 0x9f, 0x63, 0x0f, 0x3c, 0x94, 0x02, 0x1c, 0x3e,
  0x5a, 0xd4, 0xa8, 0x3d, 0x9b, 0x38, 0x3c, 0x3e, 0xc9, 0x7c, 0x26, 0xbd,
  0x14, 0xa3, 0xb9, 0x3c, 0x24, 0xa4, 0xc9, 0xbd, 0x57, 0x49, 0x2a, 0x3e,
  0x73, 0x59, 0x8e, 0xbd, 0xba, 0x3b, 0x0c, 0x3e, 0xec, 0x26, 0x33, 0x3e,
  0x47, 0x52, 0xae, 0xbd, 0x4d, 0xe0, 0x3d, 0xbd, 0x95, 0x7d, 0x09, 0xbe,
  0xd5, 0x58, 0x92, 0x3d, 0xe5, 0xf8, 0x6c, 0x3d, 0x26, 0xb0, 0xa5, 0x3c,
  0x25, 0xde, 0x0d, 0x3e, 0xc0, 0x54, 0xc6, 0xbd, 0xd4, 0x65, 0x44, 0x3d,
  0x1e, 0x44, 0x5f, 0x3d, 0xe3, 0x7c, 0xab, 0xbc, 0xba, 0x84, 0x7d, 0xbd,
  0x04, 0x80, 0x24, 0x3e, 0x90, 0x4b, 0x39, 0xbd, 0x0b, 0x9f, 0x55, 0x3e,
  0xb1, 0x32, 0xdb, 0xbc, 0xdd, 0x2f, 0x2f, 0x3e, 0xd0, 0x4a, 0x06, 0xbe,
  0x32, 0xb2, 0x51, 0x3d, 0x0c, 0xa7, 0x74, 0x3d, 0xcf, 0x2f, 0x8c, 0x3d,
  0xc8, 0x59, 0xce, 0xbd, 0xa5, 0xb9, 0x2e, 0xbc, 0xa6, 0x7e, 0x10, 0xbd,
  0x6a, 0xaa, 0x12, 0xbd, 0x77, 0x20, 0x83, 0xbd, 0xd7, 0x7c, 0x48, 0xbd,
  0xeb, 0x94, 0x30, 0x3d, 0x8d, 0x1b, 0x11, 0xbe, 0x18, 0x23, 0x31, 0x3c,
  0x53, 0x25, 0x1f, 0xbe, 0x35, 0x2d, 0xe4, 0x3d, 0xf8, 0xa8, 0x1e, 0x3e,
  0x71, 0x35, 0xee, 0x3d, 0x60, 0x10, 0xa8, 0x3d, 0xf3, 0x17, 0x58, 0x3d,
  0x57, 0xf6, 0x17, 0x3e, 0x86, 0x52, 0x19, 0x3e, 0xd8, 0x33, 0xc0, 0xbd,
  0x9a, 0x44, 0xa2, 0xbc, 0xf0, 0x69, 0x3b, 0x3d, 0x22, 0xa5, 0xd5, 0x3d,
  0xa9, 0xf5, 0xea, 0xbd, 0xa6, 0x5c, 0x01, 0x3e, 0x9a, 0x04, 0xb4, 0x3d,
  0xb7, 0xa1, 0x15, 0xbe, 0xc1, 0x17, 0x3d, 0x3e, 0xb4, 0x9c, 0x3c, 0x3b,
  0x10, 0x7b, 0x57, 0x3e, 0x24, 0x22, 0x46, 0xbc, 0x81, 0xb2, 0xec, 0xbc,
  0x45, 0x17, 0xf0, 0x3d, 0x69, 0xce, 0xdf, 0x3d, 0xd7, 0x70, 0x3e, 0x3e,
  0xe8, 0xbf, 0x23, 0xbe, 0x50, 0xc5, 0x50, 0x3e, 0x53, 0x43, 0x87, 0x3d,
  0x35, 0xb5, 0xa5, 0x3d, 0xfa, 0xd2, 0xf8, 0xbd, 0x52, 0x2e, 0x05, 0xbd,
  0x6e, 0xbd, 0x8c, 0xbd, 0x12, 0xfd, 0x60, 0xbd, 0x9c, 0x2e, 0xcc, 0x3d,
  0x23, 0x9a, 0x1c, 0xbe, 0xea, 0xbc, 0x33, 0x3e, 0xf7, 0x4a, 0x49, 0xbd,
  0x97, 0x32, 0x9e, 0xbb, 0x89, 0x9d, 0x0d, 0xbe, 0x49, 0xf6, 0xae, 0xbd,
  0x7d, 0xb0, 0x4c, 0x3e, 0x05, 0x7a, 0x3a, 0xbe, 0x6a, 0x0b, 0x5e, 0x3e,
  0x79, 0x7b, 0xcb, 0xbd, 0x0f, 0x6a, 0xcf, 0x3d, 0xf0, 0x19, 0x11, 0xbe,
  0xe5, 0x25, 0x8f, 0xbc, 0xaa, 0x8b, 0xc3, 0x3d, 0x2d, 0x57, 0xcf, 0xbc,
  0x47, 0xa6, 0xaf, 0x3d, 0xc4, 0x04, 0xbc, 0xbd, 0x5b, 0x96, 0xb7, 0xbd,
  0x00, 0xff, 0xac, 0xbd, 0xe4, 0xd6, 0x21, 0x3d, 0x98, 0xad, 0x63, 0x3d,
  0xcb, 0x3a, 0xc3, 0xbd, 0x8a, 0x65, 0xa5, 0x3d, 0x69, 0x8c, 0x0f, 0x3e,
  0xdd, 0x66, 0xdc, 0x3c, 0x8d, 0x2d, 0x1b, 0xbb, 0x02, 0x4f, 0x44, 0x3e,
  0xcd, 0x43, 0xb7, 0x3b, 0x84, 0x51, 0x30, 0xbe, 0x54, 0x32, 0x6b, 0x3c,
  0x9e, 0x32, 0x00, 0x3e, 0x6e, 0xd7, 0x34, 0x3e, 0xa0, 0x90, 0xf5, 0x3d,
  0x33, 0x6e, 0x10, 0x3e, 0x81, 0x91, 0xa4, 0x3b, 0xe9, 0x80, 0xf1, 0x3d,
  0x68, 0x69, 0x53, 0xbd, 0xa0, 0x65, 0x88, 0xbc, 0x8c, 0x1e, 0x1e, 0x3e,
  0xc2, 0xca, 0x23, 0x3e, 0x5b, 0x71, 0x1d, 0xbe, 0x95, 0x24, 0x89, 0x3c,
  0xe9, 0x00, 0x94, 0x3c, 0x36, 0x8d, 0x2b, 0xbe, 0x25, 0x20, 0x44, 0x3d,
  0x54, 0x1e, 0x00, 0xbe, 0x97, 0x09, 0xdf, 0x3a, 0x36, 0x94, 0x42, 0x3e,
  0xcb, 0xac, 0xc1, 0xbb, 0x69, 0x4b, 0x12, 0xbc, 0x72, 0x95, 0xc5, 0x3c,
  0x6d, 0xac, 0x0c, 0x3e, 0xf5, 0xcc, 0x2f, 0xbd, 0x87, 0x20, 0x5a, 0xbe,
  0xbd, 0x8a, 0x34, 0xbd, 0xbe, 0x06, 0x46, 0xbe, 0xae, 0x26, 0xe1, 0x3d,
  0x94, 0x91, 0xe4, 0x3d, 0xb0, 0x57, 0xc3, 0x3d, 0xfb, 0xac, 0x94, 0x3d,
  0x70, 0x11, 0xb9, 0xbd, 0x08, 0x9e, 0x2c, 0xbe, 0xec, 0x1e, 0x84, 0x39,
  0x50, 0x00, 0x5d, 0xbe, 0x9d, 0x22, 0xdb, 0xbd, 0x3f, 0x5f, 0x64, 0xbe,
  0x37, 0x3e, 0xf8, 0x3d, 0x6f, 0x53, 0x52, 0xbd, 0xaa, 0xda, 0xd5, 0x3c,
  0xfb, 0xf8, 0x57, 0xbe, 0xf1, 0xab, 0xd8, 0x3d, 0x45, 0x12, 0x29, 0xbd,
  0x59, 0x4d, 0xb3, 0xbd, 0x34, 0x44, 0x6a, 0x3c, 0x65, 0xc0, 0xa3, 0xbd,
  0xd7, 0xb9, 0x15, 0x3c, 0x3e, 0x8a, 0x02, 0x3c, 0x1a, 0x34, 0x20, 0x3d,
  0x4d, 0x9f, 0x13, 0x3e, 0xd0, 0x60, 0x15, 0x3e, 0x03, 0xd0, 0xf4, 0xbd,
  0xd1, 0xc3, 0x87, 0x3d, 0xdc, 0xae, 0x10, 0x3e, 0xfd, 0xb2, 0xf2, 0x3d,
  0x9d, 0x10, 0x8a, 0x3d, 0xa0, 0xee, 0x37, 0x3e, 0x19, 0x9f, 0x87, 0xbd,
  0x60, 0x15, 0xd2, 0xbd, 0x4b, 0xc4, 0x27, 0xbd, 0x9d, 0xe5, 0x7e, 0xbb,
  0x89, 0xba, 0x8b, 0xbd, 0x3b, 0x22, 0xfc, 0x3d, 0x89, 0x68, 0x84, 0xbd,
  0x00, 0xe4, 0x46, 0x3e, 0xe5, 0x9a, 0xa2, 0xbc, 0xc8, 0x1c, 0x04, 0x3e,
  0x24, 0x86, 0xe3, 0x3d, 0x5a, 0xc1, 0x61, 0x3d, 0x08, 0xaf, 0x83, 0xbc,
  0xe9, 0xb6, 0xe2, 0x3d, 0x1a, 0xaa, 0xd7, 0xbd, 0x1a, 0x94, 0xb5, 0x3d,
  0x31, 0x27, 0x5c, 0xbd, 0xdc, 0x83, 0x68, 0xbd, 0xba, 0xda, 0xbe, 0xbd,
  0xb6, 0xc9, 0x20, 0x3c, 0x0e, 0xbf, 0x62, 0xbe, 0x22, 0x40, 0xc1, 0x3c,
  0xc6, 0x39, 0xca, 0xbd, 0xf9, 0x18, 0x35, 0x3e, 0xfe, 0x97, 0x4c, 0xbd,
  0x7f, 0xb2, 0x73, 0xbd, 0x67, 0x97, 0xa0, 0x3d, 0x20, 0x26, 0x10, 0xbe,
  0x1b, 0x0a, 0xcd, 0x3d, 0x96, 0x46, 0x13, 0x3d, 0x49, 0x91, 0xdb, 0xbd,
  0x51, 0xf2, 0x6e, 0x3e, 0xa2, 0xbb, 0x0c, 0x3e, 0x37, 0x59, 0x6e, 0xbd,
  0x53, 0xe6, 0x18, 0xbd, 0xc5, 0xb7, 0x89, 0x3d, 0x8c, 0x25, 0x42, 0xbe,
  0x40, 0xca, 0x96, 0xbc, 0xfc, 0x99, 0x1b, 0xbe, 0x7f, 0xe5, 0x9d, 0xbd,
  0x52, 0xa7, 0xcd, 0xbc, 0xc4, 0xa0, 0x25, 0x3e, 0xa5, 0x28, 0xc9, 0xbb,
  0x71, 0x3c, 0x6f, 0x3e, 0x79, 0x2f, 0x77, 0x3d, 0xf2, 0xe6, 0x09, 0x3d,
  0x54, 0x75, 0x38, 0x3e, 0x2c, 0xdd, 0x26, 0xbe, 0x60, 0x31, 0xb8, 0xbd,
  0xbc, 0xc0, 0xbd, 0x3d, 0x3f, 0xcf, 0x8a, 0x3d, 0x17, 0xe3, 0x78, 0x3d,
  0x1b, 0x27, 0x1b, 0x3e, 0xa8, 0xe2, 0x35, 0x3e, 0x5c, 0xcd, 0xe2, 0xbc,
  0xa8, 0xd7, 0x74, 0xbd, 0x5b, 0x6f, 0x70, 0xbd, 0xa1, 0x9d, 0xf7, 0x3c,
  0x5b, 0x6e, 0x38, 0xbe, 0x5f, 0xa9, 0x65, 0x3e, 0x12, 0xa3, 0x61, 0x3d,
  0x78, 0x32, 0x1c, 0x3e, 0x2f, 0xc1, 0x1d, 0xbb, 0x98, 0x72, 0x90, 0xbb,
  0x6e, 0xea, 0x54, 0x3e, 0x97, 0x26, 0xb7, 0xbc, 0x45, 0x84, 0x03, 0x3e,
  0x4f, 0xc3, 0x0d, 0x3e, 0xc5, 0x1d, 0x2d, 0xbe, 0xa8, 0xec, 0x16, 0xbe,
  0xac, 0x56, 0x1f, 0xbe, 0x98, 0x23, 0x16, 0xbd, 0x32, 0xb0, 0x46, 0xbd,
  0x9c, 0x37, 0x0c, 0x3e, 0xdf, 0x97, 0x1f, 0x3e, 0xd9, 0x8c, 0x91, 0xbc,
  0xcd, 0x44, 0x0c, 0x3e, 0x3f, 0x5a, 0xfc, 0x3c, 0x8d, 0xd5, 0xde, 0x3d,
  0x1f, 0x35, 0xfa, 0xbd, 0x6f, 0x51, 0x8d, 0xbb, 0x4c, 0xfa, 0x28, 0xbe,
  0xf7, 0xad, 0x86, 0xbc, 0xd1, 0xf4, 0x0b, 0xbe, 0x8a, 0x52, 0xee, 0xbd,
  0xf1, 0x93, 0xde, 0x3d, 0xec, 0x0a, 0x93, 0xbd, 0x7b, 0x2d, 0xe7, 0x3a,
  0x06, 0x93, 0x1b, 0xbe, 0xcb, 0x13, 0xf3, 0xbd, 0xad, 0xfb, 0xd9, 0xbd,
  0x29, 0x55, 0x03, 0xbd, 0x28, 0x6f, 0xb5, 0x3c, 0xae, 0x99, 0x64, 0x3e,
  0xce, 0x15, 0xeb, 0x3c, 0x0d, 0x7d, 0x73, 0xbd, 0x25, 0x32, 0xc3, 0x3d,
  0x97, 0x1d, 0x22, 0x3e, 0x4a, 0xd8, 0x55, 0x3e, 0xf6, 0x9e, 0xf5, 0x3b,
  0x0f, 0x86, 0xdd, 0xbd, 0x87, 0x61, 0x9a, 0xbc, 0x16, 0x57, 0x8c, 0xbc,
  0x4c, 0x7d, 0x00, 0xbe, 0xb6, 0x5b, 0x35, 0xbd, 0x4f, 0x50, 0x45, 0x3e,
  0xef, 0x5a, 0x98, 0x3d, 0x26, 0x15, 0x54, 0x3e, 0xa5, 0xd7, 0x5f, 0xbd,
  0xb3, 0xd7, 0x11, 0xbd, 0xed, 0x87, 0xf4, 0x3d, 0x0e, 0x29, 0x7c, 0x3e,
  0x12, 0xef, 0x48, 0x3d, 0x26, 0xc4, 0x28, 0x3e, 0x98, 0xd0, 0xeb, 0xbc,
  0xe3, 0xa2, 0x45, 0x3d, 0x9b, 0x8e, 0xdd, 0xbd, 0x53, 0x9b, 0x15, 0x3e,
  0xfb, 0xf3, 0x05, 0x3d, 0x6f, 0xc5, 0x93, 0x3d, 0xa3, 0x1f, 0x07, 0xbd,
  0x93, 0xc7, 0x93, 0xbd, 0xcb, 0x70, 0x28, 0xbd, 0x18, 0x2b, 0x68, 0x3e,
  0xc0, 0xb5, 0x0b, 0xbe, 0xb7, 0xd8, 0x1b, 0xbe, 0x77, 0x80, 0x38, 0x3e,
  0xce, 0x42, 0x90, 0xbc, 0x69, 0x4c, 0x29, 0xbd, 0xf2, 0xd7, 0xa5, 0xbd,
  0x5d, 0xe8, 0x81, 0xba, 0xd6, 0x45, 0x2c, 0xbe, 0x1f, 0x10, 0x1a, 0xbe,
  0x42, 0x2b, 0x40, 0x3e, 0xe7, 0xbe, 0x54, 0x3e, 0xd2, 0x30, 0x2d, 0x3e,
  0xa1, 0x89, 0xe5, 0xbd, 0x9f, 0xfd, 0xf0, 0xbd, 0xe7, 0x7c, 0x1b, 0xbe,
  0x2f, 0xb8, 0xf8, 0xbb, 0xd6, 0xad, 0x26, 0x3d, 0xf8, 0x9e, 0x09, 0xbe,
  0x9a, 0xb0, 0x24, 0x3e, 0xdd, 0x14, 0x85, 0x3d, 0x6b, 0x36, 0x8b, 0xbd,
  0x09, 0x4f, 0x1e, 0x3c, 0xbc, 0x7a, 0x44, 0xbc, 0x69, 0x84, 0xc3, 0x3d,
  0x65, 0x4d, 0xe2, 0x3a, 0x21, 0xf7, 0x49, 0x3e, 0xda, 0x55, 0x04, 0xbe,
  0xf1, 0x30, 0xff, 0xbd, 0xc6, 0x03, 0x7d, 0x3d, 0xce, 0xce, 0x0c, 0xbe,
  0xde, 0x5f, 0x43, 0xbd, 0x36, 0x12, 0xeb, 0x3c, 0x54, 0x8d, 0xf8, 0xbd,
  0x10, 0x74, 0x20, 0xbe, 0xd5, 0x58, 0x05, 0xbd, 0x6f, 0xac, 0x27, 0x3e,
  0xda, 0x8b, 0x41, 0xbe, 0x11, 0x15, 0xa6, 0xbd, 0x35, 0x83, 0x8c, 0x3d,
  0xc8, 0x61, 0x2f, 0x3e, 0x1a, 0x2a, 0x3f, 0x3e, 0x10, 0xe1, 0xee, 0x3d,
  0xd6, 0x3e, 0x46, 0x3d, 0xc8, 0xd0, 0xb5, 0xbb, 0xc2, 0xac, 0x8a, 0x3d,
  0x9e, 0x81, 0x1f, 0x3e, 0x87, 0x45, 0xf5, 0xbd, 0xe9, 0xdc, 0x64, 0x3c,
  0x0b, 0x53, 0x61, 0xbe, 0x31, 0x08, 0x94, 0xbd, 0xbd, 0x54, 0x5f, 0xbe,
  0x54, 0x73, 0x37, 0x3d, 0x33, 0x8a, 0x42, 0x3e, 0x07, 0x7f, 0x07, 0x3e,
  0x61, 0x57, 0xc4, 0xbd, 0x90, 0xed, 0x6c, 0x3d, 0x7f, 0x2b, 0x59, 0xbd,
  0x33, 0x10, 0xbf, 0xbd, 0xf0, 0x09, 0xd4, 0xbd, 0x55, 0x8d, 0xc2, 0xbd,
  0x9b, 0xc9, 0x2f, 0x3e, 0xd8, 0xe9, 0x9d, 0xbd, 0x84, 0x33, 0xee, 0x3d,
  0x8b, 0xaf, 0x65, 0xbe, 0x88, 0x8d, 0x34, 0xbe, 0x78, 0xe7, 0x5b, 0x3e,
  0x40, 0xfc, 0x0f, 0x3e, 0xf2, 0x2c, 0x3a, 0xbd, 0x11, 0x08, 0xb1, 0x3c,
  0x73, 0xcf, 0x9f, 0x3d, 0xfa, 0x7a, 0xfb, 0xbd, 0x26, 0x1a, 0xa4, 0x3d,
  0x71, 0xc8, 0x06, 0x3e, 0x0e, 0x0e, 0x49, 0x3e, 0x05, 0xa6, 0x1c, 0xbe,
  0xea, 0x04, 0x85, 0xbd, 0x10, 0x3d, 0x91, 0x3c, 0x1f, 0xac, 0x2a, 0xbe,
  0xc4, 0x18, 0x2a, 0xbd, 0xbd, 0x2c, 0x40, 0x3e, 0x72, 0xa1, 0x67, 0xbd,
  0x1f, 0xbf, 0x1f, 0x3e, 0xa6, 0x1b, 0xdc, 0xbd, 0xd9, 0xb9, 0x4a, 0xbe,
  0x20, 0xce, 0xd4, 0xbd, 0x96, 0x88, 0x7e, 0x3d, 0x0e, 0xeb, 0x7f, 0xbd,
  0xce, 0x87, 0x92, 0x3d, 0x9d, 0xeb, 0x1d, 0x3e, 0xe4, 0x1b, 0x49, 0xbe,
  0xa1, 0x81, 0x45, 0x3e, 0x33, 0x75, 0x02, 0xbd, 0x6b, 0x23, 0xa5, 0x3c,
  0x86, 0x43, 0x42, 0xbe, 0xc1, 0xc2, 0x45, 0xbe, 0xaf, 0x09, 0xa7, 0xbd,
  0xab, 0x4a, 0x44, 0xbe, 0x2a, 0x9d, 0xf5, 0xbd, 0x6c, 0x6f, 0xcb, 0x3d,
  0x8f, 0x94, 0x33, 0x3e, 0xe3, 0x15, 0xd7, 0xbd, 0xb6, 0x95, 0x99, 0xbd,
  0xe9, 0x12, 0x14, 0x3d, 0xe4, 0x3d, 0xc9, 0x3d, 0x80, 0xf1, 0x65, 0xbe,
  0x92, 0xf0, 0x04, 0x3e, 0xf6, 0xff, 0x99, 0xbd, 0x18, 0x72, 0x87, 0x3d,
  0xbc, 0x19, 0x41, 0xbd, 0xcb, 0xe7, 0x06, 0x3c, 0x92, 0x57, 0xae, 0x3d,
  0x55, 0x64, 0x04, 0xbd, 0xfd, 0x0a, 0x23, 0xbd, 0x01, 0x94, 0xec, 0x3d,
  0xdb, 0x34, 0xbe, 0xbd, 0x9d, 0xed, 0x69, 0x3e, 0xa3, 0x8d, 0x3e, 0xbd,
  0xe1, 0x80, 0x18, 0x3e, 0x69, 0x7e, 0xef, 0x3c, 0x00, 0x61, 0xb1, 0xbd,
  0x46, 0x7c, 0xa0, 0xbd, 0x45, 0x74, 0xb5, 0x3d, 0xf0, 0xf5, 0xa5, 0xbd,
  0x50, 0xec, 0x4d, 0x3e, 0xc7, 0x4a, 0x3e, 0xbd, 0xc3, 0x24, 0x2d, 0x3e,
  0x24, 0x17, 0x1c, 0xbe, 0x64, 0x7c, 0x64, 0x3d, 0x35, 0x29, 0x22, 0x3e,
  0x18, 0x72, 0x0a, 0x3e, 0x95, 0x74, 0x0d, 0xbe, 0xb8, 0x00, 0xa9, 0xbd,
  0x9a, 0xc6, 0x33, 0x3e, 0x36, 0x19, 0x20, 0x3e, 0x26, 0x39, 0x31, 0xbe,
  0x50, 0x1a, 0x51, 0x3e, 0x35, 0xde, 0x14, 0x3e, 0xe3, 0x25, 0x15, 0x3e,
  0x18, 0x64, 0xb8, 0x3b, 0x41, 0xd0, 0x56, 0x3e, 0x6d, 0xc0, 0xa3, 0xbd,
  0xa2, 0xa8, 0xa5, 0x3d, 0xd6, 0xf7, 0xe8, 0x3d, 0xf6, 0x0a, 0x8a, 0x3d,
  0x0c, 0x8f, 0xe4, 0xbd, 0x03, 0x81, 0x81, 0x3d, 0xbe, 0x1e, 0x3e, 0x3e,
  0x3c, 0x5d, 0x29, 0x3e, 0xf1, 0x94, 0x3d, 0xbe, 0x02, 0xc3, 0x3e, 0x3d,
  0xa6, 0x0e, 0x21, 0x3e, 0xed, 0x3a, 0xa4, 0xbd, 0x19, 0x8a, 0x1b, 0x3e,
  0x98, 0xd0, 0xda, 0xbc, 0xcb, 0x0e, 0x8a, 0xbd, 0x08, 0x95, 0x45, 0xbe,
  0x82, 0xa7, 0xed, 0xbd, 0xce, 0xff, 0x1a, 0xbd, 0xaf, 0x94, 0xbf, 0x3d,
  0x6c, 0x97, 0x27, 0xbe, 0xbe, 0x26, 0x82, 0x3d, 0xae, 0x37, 0x3b, 0x3e,
  0x3a, 0xe2, 0x50, 0xbd, 0x15, 0xf8, 0x07, 0x3e, 0x95, 0x95, 0xa3, 0x3d,
  0xa7, 0xed, 0x66, 0xbc, 0xe1, 0x6f, 0x1c, 0xbe, 0xe6, 0x64, 0xec, 0x3d,
  0xe3, 0x05, 0x46, 0xbe, 0x4a, 0x2d, 0x01, 0x3c, 0xc4, 0x06, 0xf6, 0x3d,
  0x46, 0x47, 0x0d, 0xbe, 0xec, 0x4d, 0x85, 0xbd, 0x12, 0x89, 0x30, 0xbe,
  0x4e, 0x46, 0x99, 0x3d, 0xe8, 0x87, 0x2b, 0x3d, 0xb2, 0xa0, 0x24, 0x3e,
  0xa5, 0x43, 0xb3, 0xbd, 0xf3, 0xc5, 0x1e, 0x3e, 0x2e, 0x19, 0xfd, 0xbd,
  0x38, 0x15, 0xc0, 0x3c, 0x19, 0x06, 0x8e, 0xbd, 0xca, 0x2c, 0x89, 0xbc,
  0x03, 0xc6, 0x20, 0xbe, 0x56, 0xa9, 0x00, 0x3e, 0x22, 0xb9, 0xc5, 0x3d,
  0x95, 0xd2, 0x77, 0xbd, 0x55, 0x4f, 0x53, 0xbe, 0xcf, 0x45, 0xec, 0xbb,
  0xb1, 0xcb, 0x14, 0x3e, 0xda, 0x40, 0xec, 0x3d, 0xf1, 0x7e, 0xac, 0xbd,
  0x46, 0xae, 0x71, 0xbd, 0x42, 0x31, 0xbb, 0x3d, 0xa7, 0x4d, 0x06, 0x3c,
  0xb9, 0x00, 0x63, 0xbe, 0x17, 0xbf, 0x12, 0x3e, 0x0d, 0xc3, 0x30, 0x3e,
  0x34, 0x29, 0x41, 0xbe, 0xf2, 0xfe, 0xf0, 0xbd, 0xf9, 0xa4, 0x2c, 0x3e,
  0xcf, 0x95, 0x49, 0x3e, 0xeb, 0xb9, 0x99, 0xbd, 0xf2, 0xa7, 0xec, 0xbd,
  0x90, 0xe7, 0x8b, 0x3d, 0x57, 0x8d, 0x58, 0x3d, 0x84, 0xa7, 0x9b, 0x3c,
  0x1f, 0x60, 0x84, 0xbd, 0x1d, 0x47, 0x37, 0x3e, 0x90, 0x63, 0xaf, 0xbd,
  0xad, 0x17, 0x3f, 0x3a, 0x32, 0x8e, 0xac, 0x3d, 0x34, 0x3f, 0xd1, 0x3c,
  0xf8, 0x61, 0x2b, 0xbd, 0xdd, 0xb2, 0xf9, 0x3d, 0xaf, 0xb4, 0x2f, 0xbe,
  0x74, 0x51, 0xfa, 0xbc, 0x03, 0xe3, 0xef, 0xbd, 0x6a, 0x74, 0x14, 0xbe,
  0x2c, 0x73, 0xb0, 0xbd, 0xa5, 0xa1, 0x05, 0xbd, 0xfd, 0xa6, 0x11, 0xbe,
  0x7c, 0x59, 0x36, 0x3d, 0x38, 0x48, 0x24, 0xbd, 0x1e, 0x28, 0x39, 0xbe,
  0xcd, 0x71, 0x54, 0xbe, 0x46, 0xca, 0x07, 0x3e, 0x7a, 0x8a, 0xe8, 0x3d,
  0x35, 0x90, 0xff, 0xbd, 0xdc, 0x45, 0xf8, 0xbc, 0x74, 0x09, 0x41, 0xbd,
  0xf2, 0x5c, 0x5e, 0x3d, 0x24, 0x37, 0xc4, 0x3d, 0xf5, 0x59, 0x85, 0xbd,
  0xa8, 0xde, 0x57, 0xbd, 0xa0, 0x05, 0x29, 0xbe, 0x5e, 0xef, 0x6d, 0x3e,
  0x07, 0x87, 0xcd, 0x3c, 0x8c, 0x05, 0x01, 0x3e, 0xc4, 0xfa, 0x0b, 0x3e,
  0xc2, 0x56, 0xd8, 0x3d, 0xc3, 0xb9, 0x2b, 0xbe, 0x25, 0x2d, 0xf6, 0x3c,
  0xde, 0x02, 0xf7, 0x3d, 0xa1, 0xf7, 0x26, 0x3e, 0xd7, 0x36, 0x0e, 0xbe,
  0x77, 0x7d, 0xb8, 0x3d, 0x80, 0x17, 0x3c, 0xbe, 0x57, 0xc9, 0x77, 0xbd,
  0xad, 0xd9, 0x1b, 0xbe, 0xa5, 0x67, 0xa1, 0xbd, 0x06, 0xb6, 0x26, 0x3e,
  0xa9, 0xf7, 0x49, 0x3e, 0xc0, 0xaa, 0xdd, 0x3c, 0x8b, 0x57, 0x5c, 0x3e,
  0x7f, 0x1a, 0x0d, 0x3e, 0xce, 0xa3, 0x46, 0xbd, 0xd8, 0x17, 0x82, 0x3c,
  0x88, 0x79, 0x27, 0xbd, 0x58, 0x63, 0x14, 0xbe, 0x52, 0x91, 0x7e, 0x3d,
  0x80, 0xa5, 0x63, 0x3d, 0x30, 0xc2, 0xf8, 0xbd, 0x07, 0xba, 0x12, 0x3e,
  0xe5, 0xec, 0xb3, 0x3c, 0x79, 0x56, 0x97, 0xbd, 0x76, 0x69, 0x28, 0x3d,
  0x3c, 0xe7, 0x0a, 0xbe, 0x48, 0xaa, 0x04, 0xbe, 0xb0, 0x4a, 0xaa, 0xbd,
  0x5e, 0xc0, 0xe1, 0xbd, 0x82, 0x48, 0x81, 0x3d, 0x26, 0x56, 0xc3, 0x3d,
  0xa7, 0xd7, 0xf5, 0xbd, 0x43, 0x40, 0x57, 0x3d, 0xe4, 0xcf, 0xa0, 0xbd,
  0x52, 0xa6, 0x4c, 0xbd, 0x4e, 0xed, 0x7a, 0x3d, 0x01, 0x52, 0x1c, 0xbe,
  0x5e, 0x21, 0x03, 0xbe, 0xbd, 0x36, 0x86, 0xbd, 0x8b, 0x8a, 0xad, 0x3d,
  0xa4, 0xd0, 0x6c, 0x3d, 0x4e, 0x16, 0x5e, 0xbe, 0xc6, 0xbf, 0x23, 0xbd,
  0xe4, 0x44, 0xe9, 0x3d, 0x10, 0x55, 0xa1, 0xbd, 0x42, 0x47, 0xe9, 0x3d,
  0xcb, 0x4c, 0x48, 0xbe, 0xf8, 0x33, 0xd6, 0xbd, 0x90, 0x6a, 0xfb, 0x3d,
  0x55, 0xa2, 0xbe, 0xbb, 0x12, 0xdd, 0x6d, 0xbc, 0x2d, 0x56, 0xe9, 0xbd,
  0xd3, 0x22, 0xa3, 0xbc, 0x5f, 0x7a, 0x49, 0x3e, 0x31, 0x42, 0x17, 0xbd,
  0x62, 0x19, 0x35, 0xbe, 0xa8, 0x82, 0x2a, 0xbe, 0x1c, 0x34, 0x51, 0x3e,
  0x43, 0xb5, 0x80, 0x3c, 0x83, 0xa5, 0xe2, 0xbd, 0x41, 0x15, 0x18, 0x3e,
  0x21, 0xd3, 0x2a, 0xbd, 0x43, 0xef, 0xa5, 0xbc, 0x8b, 0xa5, 0xb8, 0x3d,
  0xf1, 0x70, 0x24, 0x3e, 0x15, 0x18, 0x62, 0x3e, 0x9e, 0x50, 0x73, 0xbc,
  0x1f, 0x18, 0x02, 0x3e, 0xa6, 0x4f, 0xb0, 0xbc, 0xd6, 0x10, 0xe3, 0xbd,
  0xec, 0xb2, 0xab, 0x3d, 0xf2, 0x87, 0xc1, 0x3d, 0x35, 0x65, 0xab, 0x3d,
  0xcc, 0x56, 0x75, 0x3e, 0x62, 0x35, 0xbc, 0xbd, 0x99, 0xf5, 0xd5, 0x3d,
  0xe1, 0xbf, 0xa9, 0xbd, 0x74, 0x8e, 0x4a, 0x3e, 0x32, 0x1f, 0x06, 0x3e,
  0xe6, 0x8b, 0x0c, 0x3e, 0x45, 0x3b, 0x17, 0x3d, 0x49, 0x9d, 0xad, 0x3c,
  0x00, 0x06, 0xfe, 0x3d, 0x7f, 0xe4, 0xd0, 0xbd, 0x9c, 0x00, 0xa8, 0x3d,
  0xf7, 0xe2, 0x25, 0x3e, 0xb8, 0x8b, 0x2b, 0x3d, 0x74, 0xec, 0xac, 0x3d,
  0x84, 0x7c, 0x7b, 0xbd, 0x40, 0xa0, 0x66, 0xbd, 0xef, 0xc2, 0x0e, 0x3d,
  0x42, 0x63, 0xa0, 0xbd, 0x52, 0xcf, 0xc5, 0x3d, 0xd8, 0x59, 0x99, 0xbd,
  0xb1, 0x37, 0x49, 0x3c, 0xf2, 0x2f, 0x4d, 0x3e, 0x13, 0xa1, 0x95, 0xbd,
  0x1f, 0x55, 0xa3, 0xbd, 0xa4, 0xa8, 0x1d, 0xbe, 0xed, 0xae, 0x95, 0x3d,
  0x6f, 0x1b, 0x50, 0xbd, 0x8b, 0x82, 0x02, 0x3e, 0xe8, 0x30, 0xc2, 0x3d,
  0x2e, 0x19, 0x15, 0x3e, 0x8b, 0x8a, 0x45, 0x3e, 0xa6, 0xcf, 0x5d, 0x3d,
  0x17, 0x90, 0xb5, 0x3c, 0x59, 0x73, 0xd8, 0x3c, 0xe4, 0xb6, 0x2b, 0x3e,
  0x06, 0xc6, 0x15, 0xbd, 0x02, 0x23, 0x4e, 0xbc, 0x78, 0xeb, 0xa1, 0xbc,
  0x46, 0xd2, 0x28, 0xbe, 0xbc, 0x55, 0xb5, 0xbd, 0xc5, 0x4b, 0xa4, 0xbd,
  0x38, 0xcc, 0xbb, 0x3d, 0x7f, 0x5f, 0xe1, 0x3c, 0xe1, 0x3b, 0x39, 0x3d,
  0x90, 0x68, 0x23, 0xbe, 0xa5, 0x98, 0x54, 0xbe, 0x6c, 0x5d, 0x2a, 0xbe,
  0xac, 0xfd, 0x56, 0x3c, 0x44, 0xdc, 0x4f, 0xbb, 0xbf, 0x85, 0x25, 0xbd,
  0x1c, 0x3d, 0x85, 0x3c, 0x14, 0x20, 0x02, 0xbe, 0xc0, 0xa9, 0xde, 0x3d,
  0xbd, 0x3b, 0x60, 0x3d, 0xa9, 0x2e, 0x26, 0xbe, 0x64, 0x71, 0x41, 0xbc,
  0x3c, 0x14, 0x1b, 0x3d, 0x10, 0x1b, 0xa4, 0x3d, 0x68, 0x44, 0xcb, 0xbd,
  0x0e, 0x32, 0x67, 0x3d, 0x95, 0x26, 0x40, 0xbe, 0x3f, 0xae, 0xa2, 0xbd,
  0xfc, 0x2b, 0x2d, 0x3e, 0x1f, 0x01, 0xd3, 0x3d, 0xe6, 0xdf, 0x8b, 0x3d,
  0xfb, 0xc9, 0x07, 0xbe, 0x14, 0x76, 0xff, 0x3d, 0xcc, 0xa2, 0xfa, 0xbd,
  0x2a, 0x65, 0x10, 0x3e, 0x98, 0x18, 0x1a, 0x3d, 0x6b, 0xcf, 0xd6, 0x3d,
  0x15, 0xf9, 0x87, 0xbd, 0x77, 0xe3, 0x2d, 0xbc, 0x18, 0x33, 0x4b, 0xbd,
  0x5d, 0x1f, 0xc7, 0x3d, 0xea, 0x7e, 0xad, 0x3d, 0x0f, 0x79, 0x9c, 0xbd,
  0x2a, 0xf9, 0x09, 0xbe, 0xcf, 0x93, 0x16, 0xbe, 0x35, 0xfd, 0x58, 0x3e,
  0x6d, 0xc5, 0x38, 0xbe, 0x54, 0xb8, 0x3b, 0x3e, 0xa9, 0x04, 0x05, 0x3c,
  0x9d, 0x4a, 0xc2, 0x3c, 0xac, 0x0e, 0x4d, 0x3e, 0xc7, 0x24, 0x8a, 0xbb,
  0x31, 0xef, 0x40, 0xbe, 0x87, 0xae, 0x94, 0xbb, 0x23, 0xd9, 0x93, 0x3d,
  0xa3, 0xba, 0x1f, 0xbe, 0x9f, 0x8f, 0x20, 0xbe, 0xc3, 0xec, 0x03, 0x3e,
  0x29, 0x32, 0xe7, 0xbd, 0x31, 0x54, 0x08, 0x3e, 0x7f, 0xf8, 0x8c, 0xbc,
  0xac, 0xbb, 0x88, 0xbd, 0x09, 0x3e, 0xac, 0xbd, 0x10, 0x0d, 0x42, 0x3d,
  0xfb, 0x77, 0x38, 0xbe, 0x79, 0xdb, 0x69, 0x3e, 0x95, 0xde, 0x13, 0xbd,
  0x21, 0x51, 0x22, 0xbe, 0xc8, 0x45, 0x8f, 0x3d, 0x43, 0x80, 0xbd, 0x3d,
  0x95, 0x20, 0x0a, 0xbe, 0x7c, 0x94, 0x90, 0xbd, 0xc1, 0x09, 0x85, 0x3d,
  0x44, 0xaf, 0xb2, 0x3d, 0xb2, 0x21, 0x38, 0xbe, 0xb2, 0x81, 0xf6, 0x3d,
  0x02, 0xdf, 0xe9, 0xbb, 0x0b, 0x56, 0x5b, 0x3d, 0xff, 0x97, 0x00, 0x3e,
  0x5c, 0x51, 0x27, 0x3e, 0x11, 0xbe, 0xb4, 0x3d, 0xa3, 0x60, 0xbc, 0x3d,
  0xef, 0x6f, 0xc2, 0x3c, 0x53, 0x05, 0x2f, 0x3e, 0xf4, 0xbe, 0x29, 0x3e,
  0x79, 0x29, 0x0a, 0xbd, 0xa1, 0x75, 0xb0, 0xbd, 0xeb, 0xc5, 0x31, 0xbe,
  0x4d, 0x87, 0x5d, 0xbe, 0x0d, 0x07, 0xd6, 0xbc, 0x51, 0xb0, 0x98, 0xbd,
  0x08, 0x7b, 0x03, 0x3e, 0x98, 0x94, 0x45, 0xbe, 0xed, 0x0a, 0xbc, 0xbd,
  0xf5, 0xc5, 0x06, 0x3d, 0x40, 0x2d, 0x3f, 0x3d, 0x14, 0xf7, 0x8f, 0xbd,
  0x53, 0xa3, 0xa6, 0xbc, 0x70, 0xa2, 0xac, 0xbd, 0xb4, 0x91, 0xb3, 0xbd,
  0x4a, 0xfd, 0xce, 0xbc, 0x6d, 0x8e, 0x60, 0x3e, 0x4c, 0x53, 0x37, 0x3e,
  0x0c, 0x13, 0x1f, 0xbe, 0xd7, 0x64, 0x49, 0xbe, 0xe2, 0xa7, 0x40, 0xbd,
  0xba, 0x7f, 0x3c, 0xbe, 0x41, 0x61, 0xc0, 0xbd, 0xec, 0x22, 0x26, 0x3e,
  0xa4, 0xf1, 0xf4, 0xbd, 0x31, 0xa8, 0xb9, 0xbc, 0x28, 0x62, 0xd6, 0xbd,
  0x6e, 0x4d, 0x09, 0x3e, 0xe1, 0x47, 0xc4, 0xbd, 0x68, 0x12, 0x08, 0x3e,
  0xc7, 0x31, 0x02, 0xbe, 0xac, 0x42, 0x21, 0xbe, 0x4b, 0x90, 0x6c, 0xbd,
  0xcb, 0x96, 0x15, 0x3e, 0x7c, 0xe2, 0x2a, 0x3d, 0xf7, 0xe0, 0x11, 0xbe,
  0x75, 0x2c, 0x17, 0x3e, 0xcd, 0xb0, 0xda, 0x3d, 0x91, 0x54, 0x96, 0x3d,
  0x5f, 0x65, 0x95, 0xbd, 0x0e, 0x5b, 0x14, 0xbe, 0x9d, 0x0f, 0x43, 0x3e,
  0x0b, 0xdf, 0x0f, 0x3e, 0x0a, 0x93, 0xbd, 0x3d, 0xd0, 0x6b, 0x14, 0xbe,
  0xf9, 0x2e, 0xe7, 0x3d, 0xb0, 0x04, 0x09, 0x3d, 0xce, 0x16, 0x32, 0xbd,
  0x10, 0x7a, 0x2f, 0x3e, 0xaf, 0x0f, 0x99, 0x3d, 0xa0, 0x7e, 0x3c, 0x3e,
  0x79, 0xdd, 0x61, 0xbe, 0x9a, 0x16, 0x0b, 0xbe, 0xbd, 0xa7, 0x4f, 0xbd,
  0xde, 0xc8, 0xe2, 0xbd, 0xd3, 0x74, 0xe6, 0x3d, 0xf2, 0x98, 0xd8, 0x3b,
  0x74, 0x26, 0xe9, 0x3d, 0x69, 0x1e, 0x18, 0xbe, 0x04, 0xef, 0x95, 0x3d,
  0xa7, 0x15, 0x98, 0xbd, 0xa4, 0x32, 0x03, 0x3e, 0xca, 0x68, 0x56, 0x3c,
  0xd7, 0x47, 0x7f, 0xbd, 0x07, 0xf7, 0x39, 0xbd, 0x47, 0xd2, 0x1e, 0x3e,
  0x34, 0x9d, 0xb8, 0xbd, 0xba, 0x0c, 0x9b, 0xbc, 0x6e, 0x14, 0xc9, 0x3d,
  0xaa, 0x2f, 0x25, 0xbe, 0xb5, 0x26, 0x48, 0x3d, 0x30, 0x3b, 0x2c, 0xbb,
  0x89, 0x02, 0x14, 0xbe, 0xf8, 0x2e, 0xb2, 0x3c, 0x0a, 0xa8, 0x2c, 0xbe,
  0x99, 0x5a, 0xb2, 0x3c, 0xc8, 0x7f, 0xfe, 0x3d, 0x9f, 0x93, 0xac, 0xbd,
  0x0a, 0xf8, 0xdf, 0x3c, 0x5d, 0xe4, 0x2d, 0xbe, 0x79, 0x9d, 0x07, 0xbe,
  0xa1, 0xb0, 0x10, 0xbd, 0xba, 0xb5, 0xf7, 0xbd, 0xaf, 0x5c, 0x66, 0x3d,
  0x8a, 0x15, 0x5d, 0xbd, 0x05, 0x79, 0x44, 0x3e, 0xb1, 0xbf, 0xae, 0x3d,
  0x89, 0xf0, 0x00, 0xbe, 0xd2, 0x7c, 0x07, 0x3b, 0x05, 0x0d, 0x34, 0x3e,
  0x18, 0x54, 0xfb, 0xbd, 0x8b, 0x81, 0x0e, 0xbe, 0x82, 0xa1, 0xad, 0x3d,
  0xc6, 0x52, 0x5e, 0xbb, 0x5b, 0xbc, 0xce, 0x3d, 0xc3, 0x42, 0xc6, 0x3d,
  0xc4, 0xb0, 0xb4, 0x3d, 0x87, 0xae, 0xa7, 0x3c, 0x4e, 0xa2, 0xc0, 0xbd,
  0x06, 0x0a, 0x3c, 0xbe, 0x93, 0x9c, 0xc5, 0xbd, 0x01, 0x01, 0x33, 0xbd,
  0x03, 0xf8, 0x60, 0x3e, 0xc4, 0x2a, 0x1d, 0x3e, 0xd5, 0x9a, 0x13, 0x3e,
  0xee, 0x7d, 0x9c, 0xbd, 0x54, 0x92, 0x33, 0x3e, 0x53, 0x6e, 0xd6, 0x3c,
  0xab, 0x26, 0x0f, 0x3e, 0x85, 0x52, 0xef, 0x3d, 0x93, 0xc7, 0x38, 0xbe,
  0x37, 0x37, 0x61, 0x3d, 0xdd, 0xdc, 0x45, 0xbe, 0x1c, 0xdd, 0x25, 0xbb,
  0x21, 0x4c, 0xf7, 0xbd, 0x38, 0xc7, 0xc6, 0xbc, 0xd2, 0x04, 0x1b, 0x3d,
  0x93, 0xa2, 0xd6, 0xbd, 0x28, 0xb5, 0x2a, 0xbe, 0xa7, 0x52, 0x07, 0xbe,
  0x8c, 0x13, 0x2b, 0x3c, 0x59, 0xf7, 0x98, 0xbd, 0xf3, 0x23, 0xc9, 0xbd,
  0x29, 0x6b, 0x25, 0xbe, 0x20, 0x9b, 0xe8, 0x3d, 0xf3, 0xca, 0x7d, 0xbd,
  0x6b, 0xfd, 0xe6, 0x3c, 0xfc, 0x06, 0x9d, 0xbd, 0xb7, 0xdf, 0xfc, 0x3c,
  0x17, 0x1c, 0x32, 0xbe, 0x02, 0x0e, 0xe9, 0xbd, 0x80, 0x88, 0x6b, 0xbd,
  0x57, 0xb3, 0xfc, 0xbd, 0x7a, 0x15, 0xf7, 0x3d, 0xb5, 0xe6, 0x44, 0xbd,
  0x03, 0x7e, 0x5a, 0x3e, 0xa1, 0xa4, 0x12, 0x3e, 0x91, 0x42, 0x06, 0xbe,
  0xeb, 0x34, 0x2a, 0xbe, 0x94, 0xd5, 0x11, 0x3c, 0x0d, 0x78, 0x38, 0xbe,
  0x73, 0x3d, 0x68, 0xbe, 0x61, 0x27, 0xf4, 0xbb, 0x71, 0xe0, 0xbd, 0x3b,
  0x64, 0x7e, 0x73, 0xbd, 0x6d, 0xb2, 0xd2, 0xbd, 0x03, 0xe3, 0x1d, 0x3e,
  0x25, 0x73, 0xb7, 0xbd, 0x9d, 0xe5, 0x3a, 0x3e, 0x0d, 0x8a, 0xfa, 0xbd,
  0x1f, 0x76, 0x03, 0xbe, 0x66, 0x95, 0x45, 0xbe, 0x7a, 0x27, 0xd0, 0x3d,
  0x5a, 0x1b, 0x22, 0x3e, 0xb0, 0x48, 0x22, 0x3e, 0x59, 0xe5, 0x49, 0xbd,
  0xe1, 0xc9, 0x27, 0xbd, 0xc6, 0x12, 0x9d, 0x3d, 0xc6, 0xb1, 0xcb, 0x3c,
  0xd6, 0x48, 0x36, 0x3d, 0xf9, 0x0a, 0x2d, 0xbe, 0x28, 0xcc, 0x25, 0x3e,
  0x35, 0xcc, 0x08, 0xbe, 0x5d, 0x81, 0xbf, 0xbd, 0x2c, 0x42, 0x1b, 0x3e,
  0xb1, 0xcc, 0x05, 0x3e, 0x8b, 0x64, 0xac, 0x3d, 0x66, 0x54, 0x57, 0x3e,
  0xc3, 0x5e, 0xf4, 0x3d, 0x16, 0xdc, 0x26, 0xbe, 0x44, 0x67, 0x08, 0x3e,
  0xf1, 0xea, 0x06, 0x3e, 0xe9, 0xdf, 0x1b, 0x3c, 0xef, 0xd3, 0xa4, 0xbd,
  0xa1, 0x18, 0x25, 0xbe, 0x20, 0x90, 0x69, 0xbd, 0xa9, 0x73, 0xb0, 0xbd,
  0x16, 0x55, 0xa3, 0xbc, 0x61, 0xe1, 0x1e, 0xbe, 0x42, 0x54, 0x46, 0xbe,
  0x7a, 0xb2, 0x81, 0x3c, 0x77, 0x3a, 0x19, 0x3e, 0x7b, 0x8c, 0x33, 0xbe,
  0x67, 0xbd, 0x52, 0x3e, 0xda, 0xad, 0xca, 0x3d, 0x49, 0xba, 0x24, 0x3b,
  0x51, 0x8b, 0xe7, 0xbb, 0x71, 0x37, 0x26, 0xbe, 0x2c, 0x0d, 0x74, 0xbd,
  0xcf, 0x58, 0x6c, 0xbd, 0x7d, 0x76, 0xba, 0xbb, 0xf4, 0x0c, 0x83, 0xbd,
  0xd0, 0xa6, 0xb3, 0x3d, 0xed, 0xdd, 0x32, 0xbd, 0xfe, 0xcb, 0xa9, 0x3d,
  0x31, 0x43, 0x24, 0x3d, 0x12, 0xca, 0x85, 0xbd, 0xb5, 0xaa, 0x2a, 0xbe,
  0xf2, 0x26, 0x82, 0x3d, 0xcf, 0x44, 0xcd, 0x3d, 0x42, 0x72, 0xfb, 0x3d,
  0x5c, 0x17, 0x57, 0x3d, 0x92, 0x1c, 0x3c, 0xbe, 0xa5, 0xaa, 0x35, 0x3d,
  0xb5, 0x0f, 0x15, 0xbe, 0xc0, 0x58, 0x11, 0x3e, 0xe9, 0x7c, 0xf7, 0xbd,
  0x6a, 0xec, 0xba, 0x3d, 0xdb, 0xb0, 0x1b, 0xbe, 0x10, 0xa2, 0x6b, 0x3e,
  0xb9, 0x78, 0xcd, 0x3d, 0x5b, 0x20, 0x1d, 0x3c, 0x24, 0xa9, 0x88, 0x3d,
  0x89, 0xce, 0x39, 0xbe, 0x9b, 0xa1, 0xc6, 0xbd, 0xe5, 0xee, 0x97, 0x3d,
  0x8c, 0x5e, 0x7f, 0x3e, 0x7f, 0x1d, 0xb0, 0x3d, 0x65, 0xaf, 0x02, 0xbe,
  0x84, 0xe9, 0xf9, 0x3d, 0x55, 0x8b, 0x58, 0x3c, 0xce, 0x92, 0x48, 0x3e,
  0x65, 0x34, 0x5c, 0x3a, 0x27, 0x52, 0x1e, 0xbe, 0x25, 0x01, 0x44, 0x3e,
  0x84, 0x20, 0xd4, 0x3d, 0x92, 0xcc, 0x21, 0xbe, 0xaf, 0x25, 0xa7, 0xbd,
  0x18, 0x04, 0xf2, 0x3b, 0xfa, 0xfe, 0x9f, 0x3d, 0x68, 0x5b, 0x01, 0xbe,
  0x07, 0xbd, 0xa7, 0x3d, 0xf6, 0xc4, 0xff, 0x3c, 0x22, 0x7c, 0xa9, 0x3d,
  0x44, 0xaf, 0x5c, 0xbd, 0xb6, 0xf3, 0xf4, 0x3d, 0x10, 0xe6, 0x12, 0x3e,
  0x9a, 0x42, 0x31, 0x3e, 0xa4, 0x67, 0x68, 0xbc, 0x30, 0x08, 0x97, 0xbd,
  0x14, 0x2e, 0x41, 0x3e, 0xf8, 0x4b, 0xb4, 0x3d, 0x10, 0x25, 0x48, 0x3c,
  0x9c, 0xfe, 0x0f, 0x3e, 0xd9, 0xc5, 0xe9, 0xbd, 0x29, 0xd4, 0xd2, 0x3d,
  0xa7, 0x75, 0xfe, 0x3b, 0xbe, 0x2f, 0x1e, 0xbe, 0xf5, 0x43, 0x4d, 0x3e,
  0x8a, 0x9d, 0x20, 0xbe, 0x1a, 0x93, 0x56, 0x3d, 0x20, 0x8c, 0x2c, 0xbe,
  0x96, 0xb6, 0x2d, 0x3e, 0x8e, 0x61, 0xd3, 0x3d, 0xa7, 0xfe, 0x18, 0x3e,
  0x96, 0x0a, 0x43, 0x3e, 0x5c, 0xa4, 0xe4, 0xbd, 0x94, 0x12, 0x54, 0x3e,
  0x7a, 0xea, 0xab, 0xbc, 0xea, 0x68, 0xaf, 0x3d, 0xc9, 0x14, 0x9c, 0x3d,
  0x91, 0xdc, 0x9e, 0xbc, 0xd0, 0x05, 0x56, 0xbd, 0xfe, 0x8e, 0xd5, 0xbd,
  0xab, 0x13, 0x97, 0x3d, 0x87, 0x45, 0xbd, 0x3c, 0x9c, 0xe1, 0x07, 0x3e,
  0x4b, 0x73, 0x0b, 0xbe, 0x60, 0xde, 0x21, 0xbd, 0xc6, 0xcc, 0x20, 0xbe,
  0xa2, 0x43, 0x23, 0x3e, 0x69, 0xab, 0xf3, 0xbd, 0x75, 0x0f, 0xae, 0x3d,
  0x10, 0x0d, 0xa4, 0x3d, 0xfe, 0x33, 0x30, 0xbe, 0xf6, 0x4b, 0x47, 0x3d,
  0x86, 0x9a, 0x85, 0xbd, 0x46, 0x25, 0x62, 0xbe, 0xe7, 0x6b, 0xbf, 0x3b,
  0x48, 0x9d, 0x6a, 0x3d, 0x1f, 0x14, 0xec, 0xbd, 0x6b, 0x50, 0x6e, 0x3d,
  0x1c, 0xc0, 0x03, 0x3e, 0x34, 0xc5, 0x2c, 0x3e, 0x87, 0xec, 0x1c, 0xbb,
  0x58, 0x59, 0x4d, 0xbd, 0x98, 0xf7, 0x38, 0x3e, 0xbc, 0xaa, 0xf6, 0xbd,
  0x32, 0x56, 0xf1, 0xbd, 0x79, 0x74, 0x75, 0xbd, 0x17, 0x2c, 0x9d, 0x3d,
  0x6f, 0x7b, 0x28, 0x3c, 0xbd, 0xbe, 0x48, 0x3e, 0xdf, 0xea, 0xc0, 0x3d,
  0x69, 0x62, 0xc1, 0x3d, 0x12, 0xec, 0xf5, 0xbc, 0xaf, 0x6a, 0xb5, 0xbc,
  0x0b, 0x05, 0x2e, 0x3d, 0x9e, 0x41, 0x7c, 0xbd, 0x50, 0x2b, 0x32, 0x3e,
  0xa2, 0x4b, 0xef, 0xbd, 0x53, 0x1e, 0x11, 0x3e, 0x00, 0x01, 0x7e, 0x3d,
  0x3b, 0xc1, 0x8f, 0x3d, 0x30, 0xab, 0x95, 0x39, 0x50, 0x42, 0x70, 0xbd,
  0x0c, 0xce, 0xd8, 0xbc, 0x5e, 0x04, 0x2d, 0x3e, 0x53, 0xff, 0xb4, 0x3b,
  0x72, 0xc1, 0xc0, 0x3d, 0x66, 0xb8, 0x94, 0x3c, 0x8c, 0x8d, 0x0a, 0xbe,
  0xd0, 0x52, 0x62, 0x3e, 0x4d, 0xa2, 0x00, 0x3e, 0x27, 0x6a, 0x0a, 0xbe,
  0x44, 0x8c, 0x3d, 0xbe, 0xc1, 0x6a, 0xe6, 0x3d, 0x3d, 0x29, 0xf2, 0xbd,
  0xb6, 0x59, 0x2f, 0x3e, 0x5d, 0x2d, 0x96, 0xbd, 0xcf, 0x78, 0x33, 0xbd,
  0xda, 0x39, 0x3c, 0x3e, 0xbd, 0x53, 0x1a, 0x3e, 0xca, 0x1c, 0xfc, 0xbd,
  0xfe, 0x5f, 0x03, 0xbd, 0xe4, 0xa0, 0x2c, 0x3e, 0x6e, 0x17, 0x97, 0xbd,
  0x2b, 0xbb, 0xf5, 0xbd, 0x12, 0xb1, 0x11, 0x3e, 0xc0, 0x6f, 0x9e, 0x3c,
  0x83, 0xfd, 0xf1, 0xbd, 0xa9, 0xe9, 0xc8, 0x3d, 0x7e, 0x81, 0x70, 0x3e,
  0xb8, 0x47, 0xc6, 0x3d, 0xf8, 0xf6, 0x0e, 0xbe, 0xc1, 0x5b, 0xbe, 0x3c,
  0x9c, 0x98, 0x0e, 0xbe, 0x08, 0xb6, 0xaa, 0xbd, 0x99, 0x19, 0x00, 0x3e,
  0xd6, 0xc0, 0x10, 0x3e, 0xff, 0xe3, 0x2a, 0xbe, 0x79, 0xbd, 0x34, 0x3c,
  0x4e, 0xb8, 0x06, 0x3d, 0x16, 0xfe, 0x9c, 0xbd, 0xba, 0xcf, 0x23, 0x3e,
  0xab, 0x02, 0x54, 0x3d, 0x86, 0xd2, 0x12, 0x3e, 0xfb, 0x61, 0x07, 0x3e,
  0x2b, 0x33, 0x4b, 0xbe, 0xb5, 0xce, 0x39, 0xbe, 0x3f, 0xd5, 0xf8, 0xbd,
  0xa2, 0x96, 0x10, 0xbe, 0xf4, 0x77, 0xf6, 0xbd, 0x1a, 0x9d, 0x62, 0xbd,
  0xab, 0xfa, 0xff, 0x3d, 0x96, 0x69, 0x1e, 0x3c, 0xbc, 0xdd, 0x2e, 0xbd,
  0xf8, 0x5f, 0x47, 0xbe, 0xd4, 0xc0, 0x28, 0x3e, 0xd7, 0x9c, 0x22, 0xbe,
  0xfa, 0x1d, 0x05, 0xbe, 0x7c, 0x69, 0xe4, 0xbc, 0x2f, 0xae, 0x8e, 0x3c,
  0x6e, 0xa0, 0x1e, 0x3e, 0x35, 0xd5, 0xf1, 0x3d, 0x06, 0x78, 0x82, 0xbd,
  0x6a, 0x7c, 0x4f, 0x3d, 0x42, 0x7d, 0xc9, 0xbd, 0x7b, 0x75, 0xeb, 0xbc,
  0x8c, 0x79, 0x0d, 0xbe, 0xf7, 0x52, 0x1d, 0xbe, 0x8b, 0xc3, 0x13, 0xbe,
  0x78, 0x08, 0x58, 0x3e, 0x7b, 0xb6, 0xba, 0x3d, 0x18, 0x86, 0x2e, 0x3e,
  0x0f, 0x30, 0x08, 0xbe, 0xd6, 0x6d, 0x51, 0xbe, 0x2b, 0xa1, 0x0d, 0xbe,
  0x3e, 0x86, 0xb3, 0xbc, 0xae, 0xd5, 0xee, 0xbd, 0x4e, 0x52, 0xf5, 0x3d,
  0x6f, 0x03, 0xb2, 0x3d, 0x15, 0x31, 0x9f, 0x3c, 0x4b, 0x36, 0x20, 0x3e,
  0xa1, 0x2f, 0xc6, 0xbd, 0x33, 0xae, 0xd3, 0xbd, 0x94, 0xf3, 0xca, 0xbc,
  0x5c, 0xf6, 0xb2, 0xbd, 0x0f, 0x74, 0x97, 0x3d, 0xfa, 0x07, 0xbd, 0x3d,
  0x4d, 0x0d, 0x2f, 0xbe, 0x92, 0x12, 0x04, 0x3e, 0x50, 0xd7, 0xbd, 0xbd,
  0x8e, 0xad, 0xeb, 0x3d, 0xb6, 0x6d, 0xd0, 0x3d, 0x29, 0x48, 0x52, 0xbc,
  0xbf, 0x38, 0xdb, 0x3d, 0xf3, 0xb8, 0x01, 0x3d, 0xb3, 0x39, 0x57, 0xba,
  0xca, 0xf8, 0x7b, 0x3d, 0x1b, 0x3a, 0xa9, 0x3d, 0x22, 0x9c, 0xbf, 0xbd,
  0xb3, 0x17, 0x27, 0xbe, 0xed, 0x1f, 0x18, 0x3d, 0x8c, 0x7b, 0x34, 0x3d,
  0x97, 0x6d, 0x1e, 0x3e, 0x27, 0x40, 0x75, 0xbd, 0x6c, 0x7e, 0x14, 0xbe,
  0x94, 0x71, 0x6f, 0x3e, 0xfd, 0x37, 0xc5, 0xbd, 0x90, 0x1d, 0xfe, 0x3d,
  0x7f, 0x2c, 0x12, 0x3e, 0x58, 0xfa, 0x28, 0x3e, 0x02, 0x57, 0xf9, 0x3d,
  0xec, 0xe2, 0x33, 0x3e, 0x16, 0x3b, 0x8a, 0xbd, 0x1f, 0xeb, 0x12, 0xbd,
  0xfc, 0xfc, 0x17, 0x3e, 0x41, 0xcb, 0xbd, 0xbc, 0x77, 0xe5, 0x2e, 0x3c,
  0xfc, 0x0b, 0xb5, 0x3c, 0x0c, 0x09, 0x99, 0xbd, 0xdc, 0x32, 0x00, 0xbe,
  0x67, 0xc0, 0x9c, 0xbc, 0x4b, 0xdf, 0xf4, 0xbd, 0x22, 0x31, 0x8a, 0xbd,
  0xcb, 0xb3, 0x82, 0x3c, 0x9d, 0xb7, 0x6a, 0x3d, 0x3e, 0x12, 0x3f, 0xbc,
  0xec, 0x04, 0x49, 0x3d, 0x2f, 0x90, 0x42, 0x3e, 0xdc, 0xf3, 0x35, 0xbd,
  0x5f, 0xa7, 0xf5, 0x3d, 0x52, 0xfe, 0xff, 0xff, 0x04, 0x00, 0x00, 0x00,
  0x1c, 0x00, 0x00, 0x00, 0x10, 0x17, 0x6a, 0xbd, 0x7e, 0xe6, 0x98, 0xbd,
  0x87, 0x2d, 0xab, 0x3d, 0x1d, 0x5c, 0x98, 0xbd, 0x75, 0x45, 0xbd, 0xbd,
  0x9e, 0xdf, 0x9b, 0xbd, 0xc0, 0x8e, 0x99, 0xbd, 0x7a, 0xfe, 0xff, 0xff,
  0x04, 0x00, 0x00, 0x00, 0x40, 0x00, 0x00, 0x00, 0x96, 0x16, 0x3c, 0xbd,
  0xe6, 0x5d, 0x62, 0x3a, 0x6c, 0x6a, 0x1d, 0xbd, 0x5c, 0x38, 0x07, 0x3c,
  0xd6, 0x0f, 0x8b, 0x3d, 0x6a, 0xd4, 0xe4, 0xbc, 0xfc, 0x98, 0x9d, 0x3b,
  0x2e, 0x43, 0x83, 0xbd, 0xf8, 0xc5, 0x00, 0xbd, 0x08, 0xf9, 0xa3, 0xbc,
  0x49, 0x24, 0xe5, 0xbb, 0xad, 0x77, 0x5b, 0xbd, 0xaf, 0x13, 0x4d, 0xbc,
  0xab, 0x43, 0x6d, 0xbd, 0x70, 0x44, 0x4b, 0x3c, 0x04, 0x6a, 0x5b, 0xbd,
  0xc6, 0xfe, 0xff, 0xff, 0x04, 0x00, 0x00, 0x00, 0x80, 0x00, 0x00, 0x00,
  0xf8, 0x08, 0x8e, 0x3d, 0x12, 0x6b, 0x7b, 0xbd, 0x09, 0x50, 0x7b, 0x3c,
  0x82, 0x2d, 0x5a, 0xbd, 0x2a, 0x37, 0x8d, 0x3d, 0xd1, 0x65, 0x87, 0xbc,
  0xf1, 0x71, 0x4c, 0xbd, 0x28, 0x27, 0x86, 0xbd, 0x71, 0xff, 0x36, 0xbd,
  0x51, 0x61, 0xae, 0xbc, 0xfd, 0xda, 0x98, 0x3d, 0x75, 0xb7, 0x7e, 0xbd,
  0x69, 0xe0, 0x8f, 0xbc, 0x18, 0xda, 0x44, 0xbd, 0x46, 0xc4, 0x88, 0x3d,
  0x14, 0x60, 0x97, 0x3d, 0x0c, 0xb5, 0xc1, 0xbc, 0x3e, 0x9b, 0x32, 0x3d,
  0xfc, 0x93, 0xc6, 0x3c, 0x87, 0xe8, 0x87, 0x3d, 0xd2, 0x8e, 0x73, 0xbd,
  0x2a, 0x11, 0x90, 0x3d, 0x82, 0x1f, 0x36, 0xbd, 0x55, 0x08, 0x84, 0x3d,
  0x2e, 0x8e, 0x8b, 0x3d, 0x6b, 0xae, 0x5e, 0x3d, 0x7b, 0x14, 0x87, 0x3d,
  0xd0, 0x51, 0x62, 0xbd, 0x7c, 0xa4, 0x40, 0xbd, 0x16, 0x15, 0x99, 0x3c,
  0x78, 0x96, 0x9e, 0x3c, 0xef, 0x33, 0x2f, 0xbd, 0x58, 0xed, 0xff, 0xff,
  0x5c, 0xed, 0xff, 0xff, 0x0f, 0x00, 0x00, 0x00, 0x4d, 0x4c, 0x49, 0x52,
  0x20, 0x43, 0x6f, 0x6e, 0x76, 0x65, 0x72, 0x74, 0x65, 0x64, 0x2e, 0x00,
  0x01, 0x00, 0x00, 0x00, 0x14, 0x00, 0x00, 0x00, 0x00, 0x00, 0x0e, 0x00,
  0x18, 0x00, 0x14, 0x00, 0x10, 0x00, 0x0c, 0x00, 0x08, 0x00, 0x04, 0x00,
  0x0e, 0x00, 0x00, 0x00, 0x14, 0x00, 0x00, 0x00, 0x1c, 0x00, 0x00, 0x00,
  0x90, 0x03, 0x00, 0x00, 0x94, 0x03, 0x00, 0x00, 0x98, 0x03, 0x00, 0x00,
  0x04, 0x00, 0x00, 0x00, 0x6d, 0x61, 0x69, 0x6e, 0x00, 0x00, 0x00, 0x00,
  0x0e, 0x00, 0x00, 0x00, 0x2c, 0x03, 0x00, 0x00, 0xe8, 0x02, 0x00, 0x00,
  0xa4, 0x02, 0x00, 0x00, 0x64, 0x02, 0x00, 0x00, 0x30, 0x02, 0x00, 0x00,
  0xfc, 0x01, 0x00, 0x00, 0xa8, 0x01, 0x00, 0x00, 0x58, 0x01, 0x00, 0x00,
  0x24, 0x01, 0x00, 0x00, 0xf0, 0x00, 0x00, 0x00, 0xac, 0x00, 0x00, 0x00,
  0x78, 0x00, 0x00, 0x00, 0x40, 0x00, 0x00, 0x00, 0x04, 0x00, 0x00, 0x00,
  0x86, 0xfe, 0xff, 0xff, 0x1c, 0x00, 0x00, 0x00, 0x00, 0x00, 0x00, 0x09,
  0x1c, 0x00, 0x00, 0x00, 0x20, 0x00, 0x00, 0x00, 0x06, 0x00, 0x00, 0x00,
  0x00, 0x00, 0x06, 0x00, 0x08, 0x00, 0x04, 0x00, 0x06, 0x00, 0x00, 0x00,
  0x00, 0x00, 0x80, 0x3f, 0x01, 0x00, 0x00, 0x00, 0x1d, 0x00, 0x00, 0x00,
  0x01, 0x00, 0x00, 0x00, 0x1c, 0x00, 0x00, 0x00, 0x92, 0xfd, 0xff, 0xff,
  0x14, 0x00, 0x00, 0x00, 0x00, 0x00, 0x00, 0x08, 0x10, 0x00, 0x00, 0x00,
  0x14, 0x00, 0x00, 0x00, 0x05, 0x00, 0x00, 0x00, 0x3c, 0xee, 0xff, 0xff,
  0x01, 0x00, 0x00, 0x00, 0x1c, 0x00, 0x00, 0x00, 0x03, 0x00, 0x00, 0x00,
  0x1b, 0x00, 0x00, 0x00, 0x06, 0x00, 0x00, 0x00, 0x03, 0x00, 0x00, 0x00,
  0xc6, 0xfd, 0xff, 0xff, 0x14, 0x00, 0x00, 0x00, 0x00, 0x00, 0x00, 0x1b,
  0x10, 0x00, 0x00, 0x00, 0x14, 0x00, 0x00, 0x00, 0x04, 0x00, 0x00, 0x00,
  0x70, 0xee, 0xff, 0xff, 0x01, 0x00, 0x00, 0x00, 0x1b, 0x00, 0x00, 0x00,
  0x02, 0x00, 0x00, 0x00, 0x1a, 0x00, 0x00, 0x00, 0x07, 0x00, 0x00, 0x00,
  0xf6, 0xfd, 0xff, 0xff, 0x14, 0x00, 0x00, 0x00, 0x00, 0x00, 0x00, 0x05,
  0x24, 0x00, 0x00, 0x00, 0x28, 0x00, 0x00, 0x00, 0x03, 0x00, 0x00, 0x00,
  0x12, 0xff, 0xff, 0xff, 0x02, 0x00, 0x00, 0x00, 0x01, 0x00, 0x00, 0x00,
  0x02, 0x00, 0x00, 0x00, 0x01, 0x00, 0x00, 0x00, 0x00, 0x00, 0x00, 0x01,
  0x01, 0x00, 0x00, 0x00, 0x1a, 0x00, 0x00, 0x00, 0x01, 0x00, 0x00, 0x00,
  0x19, 0x00, 0x00, 0x00, 0x36, 0xfe, 0xff, 0xff, 0x14, 0x00, 0x00, 0x00,
  0x00, 0x00, 0x00, 0x0b, 0x10, 0x00, 0x00, 0x00, 0x14, 0x00, 0x00, 0x00,
  0x02, 0x00, 0x00, 0x00, 0xe0, 0xee, 0xff, 0xff, 0x01, 0x00, 0x00, 0x00,
  0x19, 0x00, 0x00, 0x00, 0x02, 0x00, 0x00, 0x00, 0x18, 0x00, 0x00, 0x00,
  0x0d, 0x00, 0x00, 0x00, 0x66, 0xfe, 0xff, 0xff, 0x14, 0x00, 0x00, 0x00,
  0x00, 0x00, 0x00, 0x15, 0x10, 0x00, 0x00, 0x00, 0x14, 0x00, 0x00, 0x00,
  0x01, 0x00, 0x00, 0x00, 0x10, 0xef, 0xff, 0xff, 0x01, 0x00, 0x00, 0x00,
  0x18, 0x00, 0x00, 0x00, 0x02, 0x00, 0x00, 0x00, 0x17, 0x00, 0x00, 0x00,
  0x0c, 0x00, 0x00, 0x00, 0x56, 0xfe, 0xff, 0xff, 0x10, 0x00, 0x00, 0x00,
  0x00, 0x00, 0x00, 0x01, 0x18, 0x00, 0x00, 0x00, 0x1c, 0x00, 0x00, 0x00,
  0x48, 0xfe, 0xff, 0xff, 0x00, 0x00, 0x00, 0x01, 0x01, 0x00, 0x00, 0x00,
  0x01, 0x00, 0x00, 0x00, 0x01, 0x00, 0x00, 0x00, 0x17, 0x00, 0x00, 0x00,
  0x03, 0x00, 0x00, 0x00, 0x16, 0x00, 0x00, 0x00, 0x04, 0x00, 0x00, 0x00,
  0x01, 0x00, 0x00, 0x00, 0x00, 0x00, 0x0e, 0x00, 0x1a, 0x00, 0x14, 0x00,
  0x10, 0x00, 0x0c, 0x00, 0x0b, 0x00, 0x04, 0x00, 0x0e, 0x00, 0x00, 0x00,
  0x24, 0x00, 0x00, 0x00, 0x00, 0x00, 0x00, 0x05, 0x34, 0x00, 0x00, 0x00,
  0x38, 0x00, 0x00, 0x00, 0x03, 0x00, 0x00, 0x00, 0x00, 0x00, 0x0e, 0x00,
  0x18, 0x00, 0x17, 0x00, 0x10, 0x00, 0x0c, 0x00, 0x08, 0x00, 0x04, 0x00,
  0x0e, 0x00, 0x00, 0x00, 0x02, 0x00, 0x00, 0x00, 0x01, 0x00, 0x00, 0x00,
  0x02, 0x00, 0x00, 0x00, 0x01, 0x00, 0x00, 0x00, 0x00, 0x00, 0x00, 0x01,
  0x01, 0x00, 0x00, 0x00, 0x16, 0x00, 0x00, 0x00, 0x01, 0x00, 0x00, 0x00,
  0x15, 0x00, 0x00, 0x00, 0x32, 0xff, 0xff, 0xff, 0x14, 0x00, 0x00, 0x00,
  0x00, 0x00, 0x00, 0x0b, 0x10, 0x00, 0x00, 0x00, 0x14, 0x00, 0x00, 0x00,
  0x02, 0x00, 0x00, 0x00, 0xdc, 0xef, 0xff, 0xff, 0x01, 0x00, 0x00, 0x00,
  0x15, 0x00, 0x00, 0x00, 0x02, 0x00, 0x00, 0x00, 0x14, 0x00, 0x00, 0x00,
  0x0b, 0x00, 0x00, 0x00, 0x62, 0xff, 0xff, 0xff, 0x14, 0x00, 0x00, 0x00,
  0x00, 0x00, 0x00, 0x15, 0x10, 0x00, 0x00, 0x00, 0x14, 0x00, 0x00, 0x00,
  0x01, 0x00, 0x00, 0x00, 0x0c, 0xf0, 0xff, 0xff, 0x01, 0x00, 0x00, 0x00,
  0x14, 0x00, 0x00, 0x00, 0x02, 0x00, 0x00, 0x00, 0x13, 0x00, 0x00, 0x00,
  0x0a, 0x00, 0x00, 0x00, 0x52, 0xff, 0xff, 0xff, 0x10, 0x00, 0x00, 0x00,
  0x00, 0x00, 0x00, 0x01, 0x18, 0x00, 0x00, 0x00, 0x1c, 0x00, 0x00, 0x00,
  0x44, 0xff, 0xff, 0xff, 0x00, 0x00, 0x00, 0x01, 0x01, 0x00, 0x00, 0x00,
  0x01, 0x00, 0x00, 0x00, 0x01, 0x00, 0x00, 0x00, 0x13, 0x00, 0x00, 0x00,
  0x03, 0x00, 0x00, 0x00, 0x12, 0x00, 0x00, 0x00, 0x05, 0x00, 0x00, 0x00,
  0x02, 0x00, 0x00, 0x00, 0xce, 0xff, 0xff, 0xff, 0x14, 0x00, 0x00, 0x00,
  0x00, 0x00, 0x00, 0x0b, 0x10, 0x00, 0x00, 0x00, 0x14, 0x00, 0x00, 0x00,
  0x02, 0x00, 0x00, 0x00, 0x78, 0xf0, 0xff, 0xff, 0x01, 0x00, 0x00, 0x00,
  0x12, 0x00, 0x00, 0x00, 0x02, 0x00, 0x00, 0x00, 0x11, 0x00, 0x00, 0x00,
  0x09, 0x00, 0x00, 0x00, 0x00, 0x00, 0x0e, 0x00, 0x18, 0x00, 0x14, 0x00,
  0x10, 0x00, 0x0c, 0x00, 0x0b, 0x00, 0x04, 0x00, 0x0e, 0x00, 0x00, 0x00,
  0x14, 0x00, 0x00, 0x00, 0x00, 0x00, 0x00, 0x15, 0x10, 0x00, 0x00, 0x00,
  0x14, 0x00, 0x00, 0x00, 0x01, 0x00, 0x00, 0x00, 0xb8, 0xf0, 0xff, 0xff,
  0x01, 0x00, 0x00, 0x00, 0x11, 0x00, 0x00, 0x00, 0x02, 0x00, 0x00, 0x00,
  0x10, 0x00, 0x00, 0x00, 0x08, 0x00, 0x00, 0x00, 0x00, 0x00, 0x0e, 0x00,
  0x14, 0x00, 0x00, 0x00, 0x10, 0x00, 0x0c, 0x00, 0x0b, 0x00, 0x04, 0x00,
  0x0e, 0x00, 0x00, 0x00, 0x1c, 0x00, 0x00, 0x00, 0x00, 0x00, 0x00, 0x01,
  0x24, 0x00, 0x00, 0x00, 0x28, 0x00, 0x00, 0x00, 0x0c, 0x00, 0x10, 0x00,
  0x00, 0x00, 0x0c, 0x00, 0x08, 0x00, 0x07, 0x00, 0x0c, 0x00, 0x00, 0x00,
  0x00, 0x00, 0x00, 0x01, 0x01, 0x00, 0x00, 0x00, 0x01, 0x00, 0x00, 0x00,
  0x01, 0x00, 0x00, 0x00, 0x10, 0x00, 0x00, 0x00, 0x03, 0x00, 0x00, 0x00,
  0x00, 0x00, 0x00, 0x00, 0x0e, 0x00, 0x00, 0x00, 0x0f, 0x00, 0x00, 0x00,
  0x01, 0x00, 0x00, 0x00, 0x1d, 0x00, 0x00, 0x00, 0x01, 0x00, 0x00, 0x00,
  0x00, 0x00, 0x00, 0x00, 0x1e, 0x00, 0x00, 0x00, 0x1c, 0x0e, 0x00, 0x00,
  0x44, 0x0d, 0x00, 0x00, 0x84, 0x0c, 0x00, 0x00, 0x34, 0x0c, 0x00, 0x00,
  0xd4, 0x0b, 0x00, 0x00, 0x74, 0x0b, 0x00, 0x00, 0x20, 0x0b, 0x00, 0x00,
  0xa8, 0x0a, 0x00, 0x00, 0x2c, 0x0a, 0x00, 0x00, 0xc8, 0x09, 0x00, 0x00,
  0x64, 0x09, 0x00, 0x00, 0x00, 0x09, 0x00, 0x00, 0x9c, 0x08, 0x00, 0x00,
  0x38, 0x08, 0x00, 0x00, 0xd8, 0x07, 0x00, 0x00, 0x18, 0x07, 0x00, 0x00,
  0x4c, 0x06, 0x00, 0x00, 0xd8, 0x05, 0x00, 0x00, 0x64, 0x05, 0x00, 0x00,
  0x98, 0x04, 0x00, 0x00, 0x24, 0x04, 0x00, 0x00, 0xb0, 0x03, 0x00, 0x00,
  0x48, 0x03, 0x00, 0x00, 0x7c, 0x02, 0x00, 0x00, 0x08, 0x02, 0x00, 0x00,
  0x94, 0x01, 0x00, 0x00, 0x2c, 0x01, 0x00, 0x00, 0xc8, 0x00, 0x00, 0x00,
  0x50, 0x00, 0x00, 0x00, 0x04, 0x00, 0x00, 0x00, 0x72, 0xf2, 0xff, 0xff,
  0x00, 0x00, 0x00, 0x01, 0x10, 0x00, 0x00, 0x00, 0x10, 0x00, 0x00, 0x00,
  0x1e, 0x00, 0x00, 0x00, 0x28, 0x00, 0x00, 0x00, 0xcc, 0xf1, 0xff, 0xff,
  0x1b, 0x00, 0x00, 0x00, 0x53, 0x74, 0x61, 0x74, 0x65, 0x66, 0x75, 0x6c,
  0x50, 0x61, 0x72, 0x74, 0x69, 0x74, 0x69, 0x6f, 0x6e, 0x65, 0x64, 0x43,
  0x61, 0x6c, 0x6c, 0x5f, 0x31, 0x3a, 0x30, 0x00, 0x02, 0x00, 0x00, 0x00,
  0x01, 0x00, 0x00, 0x00, 0x07, 0x00, 0x00, 0x00, 0xba, 0xf2, 0xff, 0xff,
  0x00, 0x00, 0x00, 0x01, 0x10, 0x00, 0x00, 0x00, 0x10, 0x00, 0x00, 0x00,
  0x1d, 0x00, 0x00, 0x00, 0x54, 0x00, 0x00, 0x00, 0x14, 0xf2, 0xff, 0xff,
  0x44, 0x00, 0x00, 0x00, 0x73, 0x65, 0x71, 0x75, 0x65, 0x6e, 0x74, 0x69,
  0x61, 0x6c, 0x5f, 0x32, 0x31, 0x5f, 0x31, 0x2f, 0x64, 0x65, 0x6e, 0x73,
  0x65, 0x5f, 0x32, 0x31, 0x5f, 0x31, 0x2f, 0x4d, 0x61, 0x74, 0x4d, 0x75,
  0x6c, 0x3b, 0x73, 0x65, 0x71, 0x75, 0x65, 0x6e, 0x74, 0x69, 0x61, 0x6c,
  0x5f, 0x32, 0x31, 0x5f, 0x31, 0x2f, 0x64, 0x65, 0x6e, 0x73, 0x65, 0x5f,
  0x32, 0x31, 0x5f, 0x31, 0x2f, 0x42, 0x69, 0x61, 0x73, 0x41, 0x64, 0x64,
  0x00, 0x00, 0x00, 0x00, 0x02, 0x00, 0x00, 0x00, 0x01, 0x00, 0x00, 0x00,
  0x07, 0x00, 0x00, 0x00, 0x2e, 0xf3, 0xff, 0xff, 0x00, 0x00, 0x00, 0x01,
  0x10, 0x00, 0x00, 0x00, 0x10, 0x00, 0x00, 0x00, 0x1c, 0x00, 0x00, 0x00,
  0x40, 0x00, 0x00, 0x00, 0x88, 0xf2, 0xff, 0xff, 0x32, 0x00, 0x00, 0x00,
  0x73, 0x65, 0x71, 0x75, 0x65, 0x6e, 0x74, 0x69, 0x61, 0x6c, 0x5f, 0x32,
  0x31, 0x5f, 0x31, 0x2f, 0x67, 0x6c, 0x6f, 0x62, 0x61, 0x6c, 0x5f, 0x61,
  0x76, 0x65, 0x72, 0x61, 0x67, 0x65, 0x5f, 0x70, 0x6f, 0x6f, 0x6c, 0x69,
  0x6e, 0x67, 0x32, 0x64, 0x5f, 0x32, 0x31, 0x5f, 0x31, 0x2f, 0x4d, 0x65,
  0x61, 0x6e, 0x00, 0x00, 0x02, 0x00, 0x00, 0x00, 0x01, 0x00, 0x00, 0x00,
  0x20, 0x00, 0x00, 0x00, 0x8e, 0xf3, 0xff, 0xff, 0x00, 0x00, 0x00, 0x01,
  0x10, 0x00, 0x00, 0x00, 0x10, 0x00, 0x00, 0x00, 0x1b, 0x00, 0x00, 0x00,
  0x3c, 0x00, 0x00, 0x00, 0xe8, 0xf2, 0xff, 0xff, 0x2c, 0x00, 0x00, 0x00,
  0x73, 0x65, 0x71, 0x75, 0x65, 0x6e, 0x74, 0x69, 0x61, 0x6c, 0x5f, 0x32,
  0x31, 0x5f, 0x31, 0x2f, 0x6d, 0x61, 0x78, 0x5f, 0x70, 0x6f, 0x6f, 0x6c,
  0x69, 0x6e, 0x67, 0x32, 0x64, 0x5f, 0x31, 0x33, 0x5f, 0x31, 0x2f, 0x4d,
  0x61, 0x78, 0x50, 0x6f, 0x6f, 0x6c, 0x32, 0x64, 0x00, 0x00, 0x00, 0x00,
  0x04, 0x00, 0x00, 0x00, 0x01, 0x00, 0x00, 0x00, 0x05, 0x00, 0x00, 0x00,
  0x01, 0x00, 0x00, 0x00, 0x20, 0x00, 0x00, 0x00, 0xf2, 0xf3, 0xff, 0xff,
  0x00, 0x00, 0x00, 0x01, 0x10, 0x00, 0x00, 0x00, 0x10, 0x00, 0x00, 0x00,
  0x1a, 0x00, 0x00, 0x00, 0x48, 0x00, 0x00, 0x00, 0x4c, 0xf3, 0xff, 0xff,
  0x38, 0x00, 0x00, 0x00, 0x73, 0x65, 0x71, 0x75, 0x65, 0x6e, 0x74, 0x69,
  0x61, 0x6c, 0x5f, 0x32, 0x31, 0x5f, 0x31, 0x2f, 0x62, 0x61, 0x74, 0x63,
  0x68, 0x5f, 0x6e, 0x6f, 0x72, 0x6d, 0x61, 0x6c, 0x69, 0x7a, 0x61, 0x74,
  0x69, 0x6f, 0x6e, 0x5f, 0x32, 0x30, 0x5f, 0x31, 0x2f, 0x62, 0x61, 0x74,
  0x63, 0x68, 0x6e, 0x6f, 0x72, 0x6d, 0x2f, 0x61, 0x64, 0x64, 0x5f, 0x31,
  0x00, 0x00, 0x00, 0x00, 0x04, 0x00, 0x00, 0x00, 0x01, 0x00, 0x00, 0x00,
  0x0a, 0x00, 0x00, 0x00, 0x01, 0x00, 0x00, 0x00, 0x20, 0x00, 0x00, 0x00,
  0x62, 0xf4, 0xff, 0xff, 0x00, 0x00, 0x00, 0x01, 0x10, 0x00, 0x00, 0x00,
  0x10, 0x00, 0x00, 0x00, 0x19, 0x00, 0x00, 0x00, 0x48, 0x00, 0x00, 0x00,
  0xbc, 0xf3, 0xff, 0xff, 0x38, 0x00, 0x00, 0x00, 0x73, 0x65, 0x71, 0x75,
  0x65, 0x6e, 0x74, 0x69, 0x61, 0x6c, 0x5f, 0x32, 0x31, 0x5f, 0x31, 0x2f,
  0x62, 0x61, 0x74, 0x63, 0x68, 0x5f, 0x6e, 0x6f, 0x72, 0x6d, 0x61, 0x6c,
  0x69, 0x7a, 0x61, 0x74, 0x69, 0x6f, 0x6e, 0x5f, 0x32, 0x30, 0x5f, 0x31,
  0x2f, 0x62, 0x61, 0x74, 0x63, 0x68, 0x6e, 0x6f, 0x72, 0x6d, 0x2f, 0x6d,
  0x75, 0x6c, 0x5f, 0x31, 0x00, 0x00, 0x00, 0x00, 0x04, 0x00, 0x00, 0x00,
  0x01, 0x00, 0x00, 0x00, 0x0a, 0x00, 0x00, 0x00, 0x01, 0x00, 0x00, 0x00,
  0x20, 0x00, 0x00, 0x00, 0xd2, 0xf4, 0xff, 0xff, 0x00, 0x00, 0x00, 0x01,
  0x10, 0x00, 0x00, 0x00, 0x10, 0x00, 0x00, 0x00, 0x18, 0x00, 0x00, 0x00,
  0xa0, 0x00, 0x00, 0x00, 0x2c, 0xf4, 0xff, 0xff, 0x91, 0x00, 0x00, 0x00,
  0x73, 0x65, 0x71, 0x75, 0x65, 0x6e, 0x74, 0x69, 0x61, 0x6c, 0x5f, 0x32,
  0x31, 0x5f, 0x31, 0x2f, 0x63, 0x6f, 0x6e, 0x76, 0x32, 0x64, 0x5f, 0x34,
  0x31, 0x5f, 0x31, 0x2f, 0x52, 0x65, 0x6c, 0x75, 0x3b, 0x73, 0x65, 0x71,
  0x75, 0x65, 0x6e, 0x74, 0x69, 0x61, 0x6c, 0x5f, 0x32, 0x31, 0x5f, 0x31,
  0x2f, 0x63, 0x6f, 0x6e, 0x76, 0x32, 0x64, 0x5f, 0x34, 0x31, 0x5f, 0x31,
  0x2f, 0x42, 0x69, 0x61, 0x73, 0x41, 0x64, 0x64, 0x3b, 0x73, 0x65, 0x71,
  0x75, 0x65, 0x6e, 0x74, 0x69, 0x61, 0x6c, 0x5f, 0x32, 0x31, 0x5f, 0x31,
  0x2f, 0x63, 0x6f, 0x6e, 0x76, 0x32, 0x64, 0x5f, 0x34, 0x31, 0x5f, 0x31,
  0x2f, 0x63, 0x6f, 0x6e, 0x76, 0x6f, 0x6c, 0x75, 0x74, 0x69, 0x6f, 0x6e,
  0x3b, 0x73, 0x65, 0x71, 0x75, 0x65, 0x6e, 0x74, 0x69, 0x61, 0x6c, 0x5f,
  0x32, 0x31, 0x5f, 0x31, 0x2f, 0x63, 0x6f, 0x6e, 0x76, 0x32, 0x64, 0x5f,
  0x34, 0x31, 0x5f, 0x31, 0x2f, 0x53, 0x71, 0x75, 0x65, 0x65, 0x7a, 0x65,
  0x31, 0x00, 0x00, 0x00, 0x04, 0x00, 0x00, 0x00, 0x01, 0x00, 0x00, 0x00,
  0x0a, 0x00, 0x00, 0x00, 0x01, 0x00, 0x00, 0x00, 0x20, 0x00, 0x00, 0x00,
  0x9a, 0xf5, 0xff, 0xff, 0x00, 0x00, 0x00, 0x01, 0x10, 0x00, 0x00, 0x00,
  0x10, 0x00, 0x00, 0x00, 0x17, 0x00, 0x00, 0x00, 0x3c, 0x00, 0x00, 0x00,
  0xf4, 0xf4, 0xff, 0xff, 0x2c, 0x00, 0x00, 0x00, 0x73, 0x65, 0x71, 0x75,
  0x65, 0x6e, 0x74, 0x69, 0x61, 0x6c, 0x5f, 0x32, 0x31, 0x5f, 0x31, 0x2f,
  0x6d, 0x61, 0x78, 0x5f, 0x70, 0x6f, 0x6f, 0x6c, 0x69, 0x6e, 0x67, 0x32,
  0x64, 0x5f, 0x31, 0x32, 0x5f, 0x31, 0x2f, 0x4d, 0x61, 0x78, 0x50, 0x6f,
  0x6f, 0x6c, 0x32, 0x64, 0x00, 0x00, 0x00, 0x00, 0x04, 0x00, 0x00, 0x00,
  0x01, 0x00, 0x00, 0x00, 0x0a, 0x00, 0x00, 0x00, 0x01, 0x00, 0x00, 0x00,
  0x10, 0x00, 0x00, 0x00, 0xfe, 0xf5, 0xff, 0xff, 0x00, 0x00, 0x00, 0x01,
  0x10, 0x00, 0x00, 0x00, 0x10, 0x00, 0x00, 0x00, 0x16, 0x00, 0x00, 0x00,
  0x48, 0x00, 0x00, 0x00, 0x58, 0xf5, 0xff, 0xff, 0x38, 0x00, 0x00, 0x00,
  0x73, 0x65, 0x71, 0x75, 0x65, 0x6e, 0x74, 0x69, 0x61, 0x6c, 0x5f, 0x32,
  0x31, 0x5f, 0x31, 0x2f, 0x62, 0x61, 0x74, 0x63, 0x68, 0x5f, 0x6e, 0x6f,
  0x72, 0x6d, 0x61, 0x6c, 0x69, 0x7a, 0x61, 0x74, 0x69, 0x6f, 0x6e, 0x5f,
  0x31, 0x39, 0x5f, 0x31, 0x2f, 0x62, 0x61, 0x74, 0x63, 0x68, 0x6e, 0x6f,
  0x72, 0x6d, 0x2f, 0x61, 0x64, 0x64, 0x5f, 0x31, 0x00, 0x00, 0x00, 0x00,
  0x04, 0x00, 0x00, 0x00, 0x01, 0x00, 0x00, 0x00, 0x14, 0x00, 0x00, 0x00,
  0x01, 0x00, 0x00, 0x00, 0x10, 0x00, 0x00, 0x00, 0x6e, 0xf6, 0xff, 0xff,
  0x00, 0x00, 0x00, 0x01, 0x10, 0x00, 0x00, 0x00, 0x10, 0x00, 0x00, 0x00,
  0x15, 0x00, 0x00, 0x00, 0x48, 0x00, 0x00, 0x00, 0xc8, 0xf5, 0xff, 0xff,
  0x38, 0x00, 0x00, 0x00, 0x73, 0x65, 0x71, 0x75, 0x65, 0x6e, 0x74, 0x69,
  0x61, 0x6c, 0x5f, 0x32, 0x31, 0x5f, 0x31, 0x2f, 0x62, 0x61, 0x74, 0x63,
  0x68, 0x5f, 0x6e, 0x6f, 0x72, 0x6d, 0x61, 0x6c, 0x69, 0x7a, 0x61, 0x74,
  0x69, 0x6f, 0x6e, 0x5f, 0x31, 0x39, 0x5f, 0x31, 0x2f, 0x62, 0x61, 0x74,
  0x63, 0x68, 0x6e, 0x6f, 0x72, 0x6d, 0x2f, 0x6d, 0x75, 0x6c, 0x5f, 0x31,
  0x00, 0x00, 0x00, 0x00, 0x04, 0x00, 0x00, 0x00, 0x01, 0x00, 0x00, 0x00,
  0x14, 0x00, 0x00, 0x00, 0x01, 0x00, 0x00, 0x00, 0x10, 0x00, 0x00, 0x00,
  0xde, 0xf6, 0xff, 0xff, 0x00, 0x00, 0x00, 0x01, 0x10, 0x00, 0x00, 0x00,
  0x10, 0x00, 0x00, 0x00, 0x14, 0x00, 0x00, 0x00, 0xa0, 0x00, 0x00, 0x00,
  0x38, 0xf6, 0xff, 0xff, 0x91, 0x00, 0x00, 0x00, 0x73, 0x65, 0x71, 0x75,
  0x65, 0x6e, 0x74, 0x69, 0x61, 0x6c, 0x5f, 0x32, 0x31, 0x5f, 0x31, 0x2f,
  0x63, 0x6f, 0x6e, 0x76, 0x32, 0x64, 0x5f, 0x34, 0x30, 0x5f, 0x31, 0x2f,
  0x52, 0x65, 0x6c, 0x75, 0x3b, 0x73, 0x65, 0x71, 0x75, 0x65, 0x6e, 0x74,
  0x69, 0x61, 0x6c, 0x5f, 0x32, 0x31, 0x5f, 0x31, 0x2f, 0x63, 0x6f, 0x6e,
  0x76, 0x32, 0x64, 0x5f, 0x34, 0x30, 0x5f, 0x31, 0x2f, 0x42, 0x69, 0x61,
  0x73, 0x41, 0x64, 0x64, 0x3b, 0x73, 0x65, 0x71, 0x75, 0x65, 0x6e, 0x74,
  0x69, 0x61, 0x6c, 0x5f, 0x32, 0x31, 0x5f, 0x31, 0x2f, 0x63, 0x6f, 0x6e,
  0x76, 0x32, 0x64, 0x5f, 0x34, 0x30, 0x5f, 0x31, 0x2f, 0x63, 0x6f, 0x6e,
  0x76, 0x6f, 0x6c, 0x75, 0x74, 0x69, 0x6f, 0x6e, 0x3b, 0x73, 0x65, 0x71,
  0x75, 0x65, 0x6e, 0x74, 0x69, 0x61, 0x6c, 0x5f, 0x32, 0x31, 0x5f, 0x31,
  0x2f, 0x63, 0x6f, 0x6e, 0x76, 0x32, 0x64, 0x5f, 0x34, 0x30, 0x5f, 0x31,
  0x2f, 0x53, 0x71, 0x75, 0x65, 0x65, 0x7a, 0x65, 0x31, 0x00, 0x00, 0x00,
  0x04, 0x00, 0x00, 0x00, 0x01, 0x00, 0x00, 0x00, 0x14, 0x00, 0x00, 0x00,
  0x01, 0x00, 0x00, 0x00, 0x10, 0x00, 0x00, 0x00, 0xa6, 0xf7, 0xff, 0xff,
  0x00, 0x00, 0x00, 0x01, 0x10, 0x00, 0x00, 0x00, 0x10, 0x00, 0x00, 0x00,
  0x13, 0x00, 0x00, 0x00, 0x48, 0x00, 0x00, 0x00, 0x00, 0xf7, 0xff, 0xff,
  0x38, 0x00, 0x00, 0x00, 0x73, 0x65, 0x71, 0x75, 0x65, 0x6e, 0x74, 0x69,
  0x61, 0x6c, 0x5f, 0x32, 0x31, 0x5f, 0x31, 0x2f, 0x62, 0x61, 0x74, 0x63,
  0x68, 0x5f, 0x6e, 0x6f, 0x72, 0x6d, 0x61, 0x6c, 0x69, 0x7a, 0x61, 0x74,
  0x69, 0x6f, 0x6e, 0x5f, 0x31, 0x38, 0x5f, 0x31, 0x2f, 0x62, 0x61, 0x74,
  0x63, 0x68, 0x6e, 0x6f, 0x72, 0x6d, 0x2f, 0x61, 0x64, 0x64, 0x5f, 0x31,
  0x00, 0x00, 0x00, 0x00, 0x04, 0x00, 0x00, 0x00, 0x01, 0x00, 0x00, 0x00,
  0x14, 0x00, 0x00, 0x00, 0x01, 0x00, 0x00, 0x00, 0x10, 0x00, 0x00, 0x00,
  0x16, 0xf8, 0xff, 0xff, 0x00, 0x00, 0x00, 0x01, 0x10, 0x00, 0x00, 0x00,
  0x10, 0x00, 0x00, 0x00, 0x12, 0x00, 0x00, 0x00, 0x48, 0x00, 0x00, 0x00,
  0x70, 0xf7, 0xff, 0xff, 0x38, 0x00, 0x00, 0x00, 0x73, 0x65, 0x71, 0x75,
  0x65, 0x6e, 0x74, 0x69, 0x61, 0x6c, 0x5f, 0x32, 0x31, 0x5f, 0x31, 0x2f,
  0x62, 0x61, 0x74, 0x63, 0x68, 0x5f, 0x6e, 0x6f, 0x72, 0x6d, 0x61, 0x6c,
  0x69, 0x7a, 0x61, 0x74, 0x69, 0x6f, 0x6e, 0x5f, 0x31, 0x38, 0x5f, 0x31,
  0x2f, 0x62, 0x61, 0x74, 0x63, 0x68, 0x6e, 0x6f, 0x72, 0x6d, 0x2f, 0x6d,
  0x75, 0x6c, 0x5f, 0x31, 0x00, 0x00, 0x00, 0x00, 0x04, 0x00, 0x00, 0x00,
  0x01, 0x00, 0x00, 0x00, 0x14, 0x00, 0x00, 0x00, 0x01, 0x00, 0x00, 0x00,
  0x10, 0x00, 0x00, 0x00, 0x86, 0xf8, 0xff, 0xff, 0x00, 0x00, 0x00, 0x01,
  0x10, 0x00, 0x00, 0x00, 0x10, 0x00, 0x00, 0x00, 0x11, 0x00, 0x00, 0x00,
  0xa0, 0x00, 0x00, 0x00, 0xe0, 0xf7, 0xff, 0xff, 0x91, 0x00, 0x00, 0x00,
  0x73, 0x65, 0x71, 0x75, 0x65, 0x6e, 0x74, 0x69, 0x61, 0x6c, 0x5f, 0x32,
  0x31, 0x5f, 0x31, 0x2f, 0x63, 0x6f, 0x6e, 0x76, 0x32, 0x64, 0x5f, 0x33,
  0x39, 0x5f, 0x31, 0x2f, 0x52, 0x65, 0x6c, 0x75, 0x3b, 0x73, 0x65, 0x71,
  0x75, 0x65, 0x6e, 0x74, 0x69, 0x61, 0x6c, 0x5f, 0x32, 0x31, 0x5f, 0x31,
  0x2f, 0x63, 0x6f, 0x6e, 0x76, 0x32, 0x64, 0x5f, 0x33, 0x39, 0x5f, 0x31,
  0x2f, 0x42, 0x69, 0x61, 0x73, 0x41, 0x64, 0x64, 0x3b, 0x73, 0x65, 0x71,
  0x75, 0x65, 0x6e, 0x74, 0x69, 0x61, 0x6c, 0x5f, 0x32, 0x31, 0x5f, 0x31,
  0x2f, 0x63, 0x6f, 0x6e, 0x76, 0x32, 0x64, 0x5f, 0x33, 0x39, 0x5f, 0x31,
  0x2f, 0x63, 0x6f, 0x6e, 0x76, 0x6f, 0x6c, 0x75, 0x74, 0x69, 0x6f, 0x6e,
  0x3b, 0x73, 0x65, 0x71, 0x75, 0x65, 0x6e, 0x74, 0x69, 0x61, 0x6c, 0x5f,
  0x32, 0x31, 0x5f, 0x31, 0x2f, 0x63, 0x6f, 0x6e, 0x76, 0x32, 0x64, 0x5f,
  0x33, 0x39, 0x5f, 0x31, 0x2f, 0x53, 0x71, 0x75, 0x65, 0x65, 0x7a, 0x65,
  0x31, 0x00, 0x00, 0x00, 0x04, 0x00, 0x00, 0x00, 0x01, 0x00, 0x00, 0x00,
  0x14, 0x00, 0x00, 0x00, 0x01, 0x00, 0x00, 0x00, 0x10, 0x00, 0x00, 0x00,
  0x4e, 0xf9, 0xff, 0xff, 0x00, 0x00, 0x00, 0x01, 0x10, 0x00, 0x00, 0x00,
  0x10, 0x00, 0x00, 0x00, 0x10, 0x00, 0x00, 0x00, 0xa0, 0x00, 0x00, 0x00,
  0xa8, 0xf8, 0xff, 0xff, 0x90, 0x00, 0x00, 0x00, 0x73, 0x65, 0x71, 0x75,
  0x65, 0x6e, 0x74, 0x69, 0x61, 0x6c, 0x5f, 0x32, 0x31, 0x5f, 0x31, 0x2f,
  0x63, 0x6f, 0x6e, 0x76, 0x32, 0x64, 0x5f, 0x33, 0x39, 0x5f, 0x31, 0x2f,
  0x52, 0x65, 0x6c, 0x75, 0x3b, 0x73, 0x65, 0x71, 0x75, 0x65, 0x6e, 0x74,
  0x69, 0x61, 0x6c, 0x5f, 0x32, 0x31, 0x5f, 0x31, 0x2f, 0x63, 0x6f, 0x6e,
  0x76, 0x32, 0x64, 0x5f, 0x33, 0x39, 0x5f, 0x31, 0x2f, 0x42, 0x69, 0x61,
  0x73, 0x41, 0x64, 0x64, 0x3b, 0x73, 0x65, 0x71, 0x75, 0x65, 0x6e, 0x74,
  0x69, 0x61, 0x6c, 0x5f, 0x32, 0x31, 0x5f, 0x31, 0x2f, 0x63, 0x6f, 0x6e,
  0x76, 0x32, 0x64, 0x5f, 0x33, 0x39, 0x5f, 0x31, 0x2f, 0x63, 0x6f, 0x6e,
  0x76, 0x6f, 0x6c, 0x75, 0x74, 0x69, 0x6f, 0x6e, 0x3b, 0x73, 0x65, 0x71,
  0x75, 0x65, 0x6e, 0x74, 0x69, 0x61, 0x6c, 0x5f, 0x32, 0x31, 0x5f, 0x31,
  0x2f, 0x63, 0x6f, 0x6e, 0x76, 0x32, 0x64, 0x5f, 0x33, 0x39, 0x5f, 0x31,
  0x2f, 0x53, 0x71, 0x75, 0x65, 0x65, 0x7a, 0x65, 0x00, 0x00, 0x00, 0x00,
  0x01, 0x00, 0x00, 0x00, 0x10, 0x00, 0x00, 0x00, 0x0a, 0xfa, 0xff, 0xff,
  0x00, 0x00, 0x00, 0x01, 0x10, 0x00, 0x00, 0x00, 0x10, 0x00, 0x00, 0x00,
  0x0f, 0x00, 0x00, 0x00, 0x34, 0x00, 0x00, 0x00, 0x64, 0xf9, 0xff, 0xff,
  0x27, 0x00, 0x00, 0x00, 0x73, 0x65, 0x71, 0x75, 0x65, 0x6e, 0x74, 0x69,
  0x61, 0x6c, 0x5f, 0x32, 0x31, 0x5f, 0x31, 0x2f, 0x63, 0x6f, 0x6e, 0x76,
  0x32, 0x64, 0x5f, 0x33, 0x39, 0x5f, 0x31, 0x2f, 0x63, 0x6f, 0x6e, 0x76,
  0x6f, 0x6c, 0x75, 0x74, 0x69, 0x6f, 0x6e, 0x00, 0x04, 0x00, 0x00, 0x00,
  0x10, 0x00, 0x00, 0x00, 0x03, 0x00, 0x00, 0x00, 0x01, 0x00, 0x00, 0x00,
  0x09, 0x00, 0x00, 0x00, 0x66, 0xfa, 0xff, 0xff, 0x00, 0x00, 0x00, 0x01,
  0x10, 0x00, 0x00, 0x00, 0x10, 0x00, 0x00, 0x00, 0x0e, 0x00, 0x00, 0x00,
  0x44, 0x00, 0x00, 0x00, 0xc0, 0xf9, 0xff, 0xff, 0x36, 0x00, 0x00, 0x00,
  0x73, 0x65, 0x71, 0x75, 0x65, 0x6e, 0x74, 0x69, 0x61, 0x6c, 0x5f, 0x32,
  0x31, 0x5f, 0x31, 0x2f, 0x62, 0x61, 0x74, 0x63, 0x68, 0x5f, 0x6e, 0x6f,
  0x72, 0x6d, 0x61, 0x6c, 0x69, 0x7a, 0x61, 0x74, 0x69, 0x6f, 0x6e, 0x5f,
  0x32, 0x30, 0x5f, 0x31, 0x2f, 0x62, 0x61, 0x74, 0x63, 0x68, 0x6e, 0x6f,
  0x72, 0x6d, 0x2f, 0x73, 0x75, 0x62, 0x00, 0x00, 0x01, 0x00, 0x00, 0x00,
  0x20, 0x00, 0x00, 0x00, 0xc6, 0xfa, 0xff, 0xff, 0x00, 0x00, 0x00, 0x01,
  0x10, 0x00, 0x00, 0x00, 0x10, 0x00, 0x00, 0x00, 0x0d, 0x00, 0x00, 0x00,
  0x44, 0x00, 0x00, 0x00, 0x20, 0xfa, 0xff, 0xff, 0x36, 0x00, 0x00, 0x00,
  0x73, 0x65, 0x71, 0x75, 0x65, 0x6e, 0x74, 0x69, 0x61, 0x6c, 0x5f, 0x32,
  0x31, 0x5f, 0x31, 0x2f, 0x62, 0x61, 0x74, 0x63, 0x68, 0x5f, 0x6e, 0x6f,
  0x72, 0x6d, 0x61, 0x6c, 0x69, 0x7a, 0x61, 0x74, 0x69, 0x6f, 0x6e, 0x5f,
  0x32, 0x30, 0x5f, 0x31, 0x2f, 0x62, 0x61, 0x74, 0x63, 0x68, 0x6e, 0x6f,
  0x72, 0x6d, 0x2f, 0x6d, 0x75, 0x6c, 0x00, 0x00, 0x01, 0x00, 0x00, 0x00,
  0x20, 0x00, 0x00, 0x00, 0x26, 0xfb, 0xff, 0xff, 0x00, 0x00, 0x00, 0x01,
  0x10, 0x00, 0x00, 0x00, 0x10, 0x00, 0x00, 0x00, 0x0c, 0x00, 0x00, 0x00,
  0x44, 0x00, 0x00, 0x00, 0x80, 0xfa, 0xff, 0xff, 0x36, 0x00, 0x00, 0x00,
  0x73, 0x65, 0x71, 0x75, 0x65, 0x6e, 0x74, 0x69, 0x61, 0x6c, 0x5f, 0x32,
  0x31, 0x5f, 0x31, 0x2f, 0x62, 0x61, 0x74, 0x63, 0x68, 0x5f, 0x6e, 0x6f,
  0x72, 0x6d, 0x61, 0x6c, 0x69, 0x7a, 0x61, 0x74, 0x69, 0x6f, 0x6e, 0x5f,
  0x31, 0x39, 0x5f, 0x31, 0x2f, 0x62, 0x61, 0x74, 0x63, 0x68, 0x6e, 0x6f,
  0x72, 0x6d, 0x2f, 0x73, 0x75, 0x62, 0x00, 0x00, 0x01, 0x00, 0x00, 0x00,
  0x10, 0x00, 0x00, 0x00, 0x86, 0xfb, 0xff, 0xff, 0x00, 0x00, 0x00, 0x01,
  0x10, 0x00, 0x00, 0x00, 0x10, 0x00, 0x00, 0x00, 0x0b, 0x00, 0x00, 0x00,
  0x44, 0x00, 0x00, 0x00, 0xe0, 0xfa, 0xff, 0xff, 0x36, 0x00, 0x00, 0x00,
  0x73, 0x65, 0x71, 0x75, 0x65, 0x6e, 0x74, 0x69, 0x61, 0x6c, 0x5f, 0x32,
  0x31, 0x5f, 0x31, 0x2f, 0x62, 0x61, 0x74, 0x63, 0x68, 0x5f, 0x6e, 0x6f,
  0x72, 0x6d, 0x61, 0x6c, 0x69, 0x7a, 0x61, 0x74, 0x69, 0x6f, 0x6e, 0x5f,
  0x31, 0x39, 0x5f, 0x31, 0x2f, 0x62, 0x61, 0x74, 0x63, 0x68, 0x6e, 0x6f,
  0x72, 0x6d, 0x2f, 0x6d, 0x75, 0x6c, 0x00, 0x00, 0x01, 0x00, 0x00, 0x00,
  0x10, 0x00, 0x00, 0x00, 0xe6, 0xfb, 0xff, 0xff, 0x00, 0x00, 0x00, 0x01,
  0x10, 0x00, 0x00, 0x00, 0x10, 0x00, 0x00, 0x00, 0x0a, 0x00, 0x00, 0x00,
  0x44, 0x00, 0x00, 0x00, 0x40, 0xfb, 0xff, 0xff, 0x36, 0x00, 0x00, 0x00,
  0x73, 0x65, 0x71, 0x75, 0x65, 0x6e, 0x74, 0x69, 0x61, 0x6c, 0x5f, 0x32,
  0x31, 0x5f, 0x31, 0x2f, 0x62, 0x61, 0x74, 0x63, 0x68, 0x5f, 0x6e, 0x6f,
  0x72, 0x6d, 0x61, 0x6c, 0x69, 0x7a, 0x61, 0x74, 0x69, 0x6f, 0x6e, 0x5f,
  0x31, 0x38, 0x5f, 0x31, 0x2f, 0x62, 0x61, 0x74, 0x63, 0x68, 0x6e, 0x6f,
  0x72, 0x6d, 0x2f, 0x73, 0x75, 0x62, 0x00, 0x00, 0x01, 0x00, 0x00, 0x00,
  0x10, 0x00, 0x00, 0x00, 0x46, 0xfc, 0xff, 0xff, 0x00, 0x00, 0x00, 0x01,
  0x10, 0x00, 0x00, 0x00, 0x10, 0x00, 0x00, 0x00, 0x09, 0x00, 0x00, 0x00,
  0x44, 0x00, 0x00, 0x00, 0xa0, 0xfb, 0xff, 0xff, 0x36, 0x00, 0x00, 0x00,
  0x73, 0x65, 0x71, 0x75, 0x65, 0x6e, 0x74, 0x69, 0x61, 0x6c, 0x5f, 0x32,
  0x31, 0x5f, 0x31, 0x2f, 0x62, 0x61, 0x74, 0x63, 0x68, 0x5f, 0x6e, 0x6f,
  0x72, 0x6d, 0x61, 0x6c, 0x69, 0x7a, 0x61, 0x74, 0x69, 0x6f, 0x6e, 0x5f,
  0x31, 0x38, 0x5f, 0x31, 0x2f, 0x62, 0x61, 0x74, 0x63, 0x68, 0x6e, 0x6f,
  0x72, 0x6d, 0x2f, 0x6d, 0x75, 0x6c, 0x00, 0x00, 0x01, 0x00, 0x00, 0x00,
  0x10, 0x00, 0x00, 0x00, 0x00, 0x00, 0x16, 0x00, 0x1c, 0x00, 0x18, 0x00,
  0x17, 0x00, 0x10, 0x00, 0x0c, 0x00, 0x08, 0x00, 0x00, 0x00, 0x00, 0x00,
  0x00, 0x00, 0x07, 0x00, 0x16, 0x00, 0x00, 0x00, 0x00, 0x00, 0x00, 0x01,
  0x14, 0x00, 0x00, 0x00, 0x14, 0x00, 0x00, 0x00, 0x08, 0x00, 0x00, 0x00,
  0x00, 0x00, 0x00, 0x02, 0x54, 0x00, 0x00, 0x00, 0x1c, 0xfc, 0xff, 0xff,
  0x44, 0x00, 0x00, 0x00, 0x73, 0x65, 0x71, 0x75, 0x65, 0x6e, 0x74, 0x69,
  0x61, 0x6c, 0x5f, 0x32, 0x31, 0x5f, 0x31, 0x2f, 0x67, 0x6c, 0x6f, 0x62,
  0x61, 0x6c, 0x5f, 0x61, 0x76, 0x65, 0x72, 0x61, 0x67, 0x65, 0x5f, 0x70,
  0x6f, 0x6f, 0x6c, 0x69, 0x6e, 0x67, 0x32, 0x64, 0x5f, 0x32, 0x31, 0x5f,
  0x31, 0x2f, 0x4d, 0x65, 0x61, 0x6e, 0x2f, 0x72, 0x65, 0x64, 0x75, 0x63,
  0x74, 0x69, 0x6f, 0x6e, 0x5f, 0x69, 0x6e, 0x64, 0x69, 0x63, 0x65, 0x73,
  0x00, 0x00, 0x00, 0x00, 0x01, 0x00, 0x00, 0x00, 0x02, 0x00, 0x00, 0x00,
  0x32, 0xfd, 0xff, 0xff, 0x00, 0x00, 0x00, 0x01, 0x10, 0x00, 0x00, 0x00,
  0x10, 0x00, 0x00, 0x00, 0x07, 0x00, 0x00, 0x00, 0x30, 0x00, 0x00, 0x00,
  0x8c, 0xfc, 0xff, 0xff, 0x21, 0x00, 0x00, 0x00, 0x73, 0x65, 0x71, 0x75,
  0x65, 0x6e, 0x74, 0x69, 0x61, 0x6c, 0x5f, 0x32, 0x31, 0x5f, 0x31, 0x2f,
  0x64, 0x65, 0x6e, 0x73, 0x65, 0x5f, 0x32, 0x31, 0x5f, 0x31, 0x2f, 0x4d,
  0x61, 0x74, 0x4d, 0x75, 0x6c, 0x00, 0x00, 0x00, 0x02, 0x00, 0x00, 0x00,
  0x07, 0x00, 0x00, 0x00, 0x20, 0x00, 0x00, 0x00, 0x82, 0xfd, 0xff, 0xff,
  0x00, 0x00, 0x00, 0x01, 0x10, 0x00, 0x00, 0x00, 0x10, 0x00, 0x00, 0x00,
  0x06, 0x00, 0x00, 0x00, 0x34, 0x00, 0x00, 0x00, 0xdc, 0xfc, 0xff, 0xff,
  0x27, 0x00, 0x00, 0x00, 0x73, 0x65, 0x71, 0x75, 0x65, 0x6e, 0x74, 0x69,
  0x61, 0x6c, 0x5f, 0x32, 0x31, 0x5f, 0x31, 0x2f, 0x63, 0x6f, 0x6e, 0x76,
  0x32, 0x64, 0x5f, 0x34, 0x30, 0x5f, 0x31, 0x2f, 0x63, 0x6f, 0x6e, 0x76,
  0x6f, 0x6c, 0x75, 0x74, 0x69, 0x6f, 0x6e, 0x00, 0x04, 0x00, 0x00, 0x00,
  0x10, 0x00, 0x00, 0x00, 0x03, 0x00, 0x00, 0x00, 0x01, 0x00, 0x00, 0x00,
  0x10, 0x00, 0x00, 0x00, 0xde, 0xfd, 0xff, 0xff, 0x00, 0x00, 0x00, 0x01,
  0x10, 0x00, 0x00, 0x00, 0x10, 0x00, 0x00, 0x00, 0x05, 0x00, 0x00, 0x00,
  0x34, 0x00, 0x00, 0x00, 0x38, 0xfd, 0xff, 0xff, 0x27, 0x00, 0x00, 0x00,
  0x73, 0x65, 0x71, 0x75, 0x65, 0x6e, 0x74, 0x69, 0x61, 0x6c, 0x5f, 0x32,
  0x31, 0x5f, 0x31, 0x2f, 0x63, 0x6f, 0x6e, 0x76, 0x32, 0x64, 0x5f, 0x34,
  0x31, 0x5f, 0x31, 0x2f, 0x63, 0x6f, 0x6e, 0x76, 0x6f, 0x6c, 0x75, 0x74,
  0x69, 0x6f, 0x6e, 0x00, 0x04, 0x00, 0x00, 0x00, 0x20, 0x00, 0x00, 0x00,
  0x03, 0x00, 0x00, 0x00, 0x01, 0x00, 0x00, 0x00, 0x10, 0x00, 0x00, 0x00,
  0x3a, 0xfe, 0xff, 0xff, 0x00, 0x00, 0x00, 0x01, 0x10, 0x00, 0x00, 0x00,
  0x10, 0x00, 0x00, 0x00, 0x04, 0x00, 0x00, 0x00, 0x30, 0x00, 0x00, 0x00,
  0x94, 0xfd, 0xff, 0xff, 0x22, 0x00, 0x00, 0x00, 0x73, 0x65, 0x71, 0x75,
  0x65, 0x6e, 0x74, 0x69, 0x61, 0x6c, 0x5f, 0x32, 0x31, 0x5f, 0x31, 0x2f,
  0x64, 0x65, 0x6e, 0x73, 0x65, 0x5f, 0x32, 0x31, 0x5f, 0x31, 0x2f, 0x42,
  0x69, 0x61, 0x73, 0x41, 0x64, 0x64, 0x00, 0x00, 0x01, 0x00, 0x00, 0x00,
  0x07, 0x00, 0x00, 0x00, 0x86, 0xfe, 0xff, 0xff, 0x00, 0x00, 0x00, 0x01,
  0x10, 0x00, 0x00, 0x00, 0x10, 0x00, 0x00, 0x00, 0x03, 0x00, 0x00, 0x00,
  0xa0, 0x00, 0x00, 0x00, 0xe0, 0xfd, 0xff, 0xff, 0x90, 0x00, 0x00, 0x00,
  0x73, 0x65, 0x71, 0x75, 0x65, 0x6e, 0x74, 0x69, 0x61, 0x6c, 0x5f, 0x32,
  0x31, 0x5f, 0x31, 0x2f, 0x63, 0x6f, 0x6e, 0x76, 0x32, 0x64, 0x5f, 0x34,
  0x30, 0x5f, 0x31, 0x2f, 0x52, 0x65, 0x6c, 0x75, 0x3b, 0x73, 0x65, 0x71,
  0x75, 0x65, 0x6e, 0x74, 0x69, 0x61, 0x6c, 0x5f, 0x32, 0x31, 0x5f, 0x31,
  0x2f, 0x63, 0x6f, 0x6e, 0x76, 0x32, 0x64, 0x5f, 0x34, 0x30, 0x5f, 0x31,
  0x2f, 0x42, 0x69, 0x61, 0x73, 0x41, 0x64, 0x64, 0x3b, 0x73, 0x65, 0x71,
  0x75, 0x65, 0x6e, 0x74, 0x69, 0x61, 0x6c, 0x5f, 0x32, 0x31, 0x5f, 0x31,
  0x2f, 0x63, 0x6f, 0x6e, 0x76, 0x32, 0x64, 0x5f, 0x34, 0x30, 0x5f, 0x31,
  0x2f, 0x63, 0x6f, 0x6e, 0x76, 0x6f, 0x6c, 0x75, 0x74, 0x69, 0x6f, 0x6e,
  0x3b, 0x73, 0x65, 0x71, 0x75, 0x65, 0x6e, 0x74, 0x69, 0x61, 0x6c, 0x5f,
  0x32, 0x31, 0x5f, 0x31, 0x2f, 0x63, 0x6f, 0x6e, 0x76, 0x32, 0x64, 0x5f,
  0x34, 0x30, 0x5f, 0x31, 0x2f, 0x53, 0x71, 0x75, 0x65, 0x65, 0x7a, 0x65,
  0x00, 0x00, 0x00, 0x00, 0x01, 0x00, 0x00, 0x00, 0x10, 0x00, 0x00, 0x00,
  0x42, 0xff, 0xff, 0xff, 0x00, 0x00, 0x00, 0x01, 0x10, 0x00, 0x00, 0x00,
  0x10, 0x00, 0x00, 0x00, 0x02, 0x00, 0x00, 0x00, 0xa0, 0x00, 0x00, 0x00,
  0x9c, 0xfe, 0xff, 0xff, 0x90, 0x00, 0x00, 0x00, 0x73, 0x65, 0x71, 0x75,
  0x65, 0x6e, 0x74, 0x69, 0x61, 0x6c, 0x5f, 0x32, 0x31, 0x5f, 0x31, 0x2f,
  0x63, 0x6f, 0x6e, 0x76, 0x32, 0x64, 0x5f, 0x34, 0x31, 0x5f, 0x31, 0x2f,
  0x52, 0x65, 0x6c, 0x75, 0x3b, 0x73, 0x65, 0x71, 0x75, 0x65, 0x6e, 0x74,
  0x69, 0x61, 0x6c, 0x5f, 0x32, 0x31, 0x5f, 0x31, 0x2f, 0x63, 0x6f, 0x6e,
  0x76, 0x32, 0x64, 0x5f, 0x34, 0x31, 0x5f, 0x31, 0x2f, 0x42, 0x69, 0x61,
  0x73, 0x41, 0x64, 0x64, 0x3b, 0x73, 0x65, 0x71, 0x75, 0x65, 0x6e, 0x74,
  0x69, 0x61, 0x6c, 0x5f, 0x32, 0x31, 0x5f, 0x31, 0x2f, 0x63, 0x6f, 0x6e,
  0x76, 0x32, 0x64, 0x5f, 0x34, 0x31, 0x5f, 0x31, 0x2f, 0x63, 0x6f, 0x6e,
  0x76, 0x6f, 0x6c, 0x75, 0x74, 0x69, 0x6f, 0x6e, 0x3b, 0x73, 0x65, 0x71,
  0x75, 0x65, 0x6e, 0x74, 0x69, 0x61, 0x6c, 0x5f, 0x32, 0x31, 0x5f, 0x31,
  0x2f, 0x63, 0x6f, 0x6e, 0x76, 0x32, 0x64, 0x5f, 0x34, 0x31, 0x5f, 0x31,
  0x2f, 0x53, 0x71, 0x75, 0x65, 0x65, 0x7a, 0x65, 0x00, 0x00, 0x00, 0x00,
  0x01, 0x00, 0x00, 0x00, 0x20, 0x00, 0x00, 0x00, 0x00, 0x00, 0x16, 0x00,
  0x18, 0x00, 0x14, 0x00, 0x00, 0x00, 0x10, 0x00, 0x0c, 0x00, 0x08, 0x00,
  0x00, 0x00, 0x00, 0x00, 0x00, 0x00, 0x07, 0x00, 0x16, 0x00, 0x00, 0x00,
  0x00, 0x00, 0x00, 0x01, 0x10, 0x00, 0x00, 0x00, 0x10, 0x00, 0x00, 0x00,
  0x01, 0x00, 0x00, 0x00, 0x30, 0x00, 0x00, 0x00, 0x70, 0xff, 0xff, 0xff,
  0x22, 0x00, 0x00, 0x00, 0x73, 0x65, 0x72, 0x76, 0x69, 0x6e, 0x67, 0x5f,
  0x64, 0x65, 0x66, 0x61, 0x75, 0x6c, 0x74, 0x5f, 0x6b, 0x65, 0x72, 0x61,
  0x73, 0x5f, 0x74, 0x65, 0x6e, 0x73, 0x6f, 0x72, 0x5f, 0x38, 0x34, 0x34,
  0x3a, 0x30, 0x00, 0x00, 0x04, 0x00, 0x00, 0x00, 0x01, 0x00, 0x00, 0x00,
  0x14, 0x00, 0x00, 0x00, 0x01, 0x00, 0x00, 0x00, 0x09, 0x00, 0x00, 0x00,
  0x07, 0x00, 0x00, 0x00, 0x6c, 0x00, 0x00, 0x00, 0x50, 0x00, 0x00, 0x00,
  0x48, 0x00, 0x00, 0x00, 0x34, 0x00, 0x00, 0x00, 0x24, 0x00, 0x00, 0x00,
  0x14, 0x00, 0x00, 0x00, 0x04, 0x00, 0x00, 0x00, 0xbc, 0xff, 0xff, 0xff,
  0x19, 0x00, 0x00, 0x00, 0x00, 0x00, 0x00, 0x19, 0xc8, 0xff, 0xff, 0xff,
  0x09, 0x00, 0x00, 0x00, 0x00, 0x00, 0x00, 0x09, 0xd4, 0xff, 0xff, 0xff,
  0x28, 0x00, 0x00, 0x00, 0x00, 0x00, 0x00, 0x28, 0xe0, 0xff, 0xff, 0xff,
  0x11, 0x00, 0x00, 0x00, 0x00, 0x00, 0x00, 0x11, 0x04, 0x00, 0x04, 0x00,
  0x04, 0x00, 0x00, 0x00, 0xf4, 0xff, 0xff, 0xff, 0x12, 0x00, 0x00, 0x00,
  0x00, 0x00, 0x00, 0x12, 0x0c, 0x00, 0x0c, 0x00, 0x0b, 0x00, 0x00, 0x00,
  0x00, 0x00, 0x04, 0x00, 0x0c, 0x00, 0x00, 0x00, 0x03, 0x00, 0x00, 0x00,
  0x00, 0x00, 0x00, 0x03
};
unsigned int tflite_models_conv_2_20_ON_float32_tflite_len = 18256;
