unsigned char tflite_models_conv_3_20_ON_int8_tflite[] = {
  0x1c, 0x00, 0x00, 0x00, 0x54, 0x46, 0x4c, 0x33, 0x14, 0x00, 0x20, 0x00,
  0x1c, 0x00, 0x18, 0x00, 0x14, 0x00, 0x10, 0x00, 0x0c, 0x00, 0x00, 0x00,
  0x08, 0x00, 0x04, 0x00, 0x14, 0x00, 0x00, 0x00, 0x1c, 0x00, 0x00, 0x00,
  0x9c, 0x00, 0x00, 0x00, 0xf4, 0x00, 0x00, 0x00, 0x40, 0x1d, 0x00, 0x00,
  0x50, 0x1d, 0x00, 0x00, 0x84, 0x41, 0x00, 0x00, 0x03, 0x00, 0x00, 0x00,
  0x01, 0x00, 0x00, 0x00, 0x10, 0x00, 0x00, 0x00, 0x00, 0x00, 0x0a, 0x00,
  0x10, 0x00, 0x0c, 0x00, 0x08, 0x00, 0x04, 0x00, 0x0a, 0x00, 0x00, 0x00,
  0x0c, 0x00, 0x00, 0x00, 0x1c, 0x00, 0x00, 0x00, 0x3c, 0x00, 0x00, 0x00,
  0x0f, 0x00, 0x00, 0x00, 0x73, 0x65, 0x72, 0x76, 0x69, 0x6e, 0x67, 0x5f,
  0x64, 0x65, 0x66, 0x61, 0x75, 0x6c, 0x74, 0x00, 0x01, 0x00, 0x00, 0x00,
  0x04, 0x00, 0x00, 0x00, 0x8c, 0xff, 0xff, 0xff, 0x24, 0x00, 0x00, 0x00,
  0x04, 0x00, 0x00, 0x00, 0x08, 0x00, 0x00, 0x00, 0x6f, 0x75, 0x74, 0x70,
  0x75, 0x74, 0x5f, 0x30, 0x00, 0x00, 0x00, 0x00, 0x01, 0x00, 0x00, 0x00,
  0x04, 0x00, 0x00, 0x00, 0x82, 0xe2, 0xff, 0xff, 0x04, 0x00, 0x00, 0x00,
  0x11, 0x00, 0x00, 0x00, 0x6b, 0x65, 0x72, 0x61, 0x73, 0x5f, 0x74, 0x65,
  0x6e, 0x73, 0x6f, 0x72, 0x5f, 0x31, 0x35, 0x33, 0x35, 0x00, 0x00, 0x00,
  0x02, 0x00, 0x00, 0x00, 0x34, 0x00, 0x00, 0x00, 0x04, 0x00, 0x00, 0x00,
  0xdc, 0xff, 0xff, 0xff, 0x27, 0x00, 0x00, 0x00, 0x04, 0x00, 0x00, 0x00,
  0x13, 0x00, 0x00, 0x00, 0x43, 0x4f, 0x4e, 0x56, 0x45, 0x52, 0x53, 0x49,
  0x4f, 0x4e, 0x5f, 0x4d, 0x45, 0x54, 0x41, 0x44, 0x41, 0x54, 0x41, 0x00,
  0x08, 0x00, 0x0c, 0x00, 0x08, 0x00, 0x04, 0x00, 0x08, 0x00, 0x00, 0x00,
  0x26, 0x00, 0x00, 0x00, 0x04, 0x00, 0x00, 0x00, 0x13, 0x00, 0x00, 0x00,
  0x6d, 0x69, 0x6e, 0x5f, 0x72, 0x75, 0x6e, 0x74, 0x69, 0x6d, 0x65, 0x5f,
  0x76, 0x65, 0x72, 0x73, 0x69, 0x6f, 0x6e, 0x00, 0x28, 0x00, 0x00, 0x00,
  0x48, 0x1c, 0x00, 0x00, 0x40, 0x1c, 0x00, 0x00, 0x28, 0x1c, 0x00, 0x00,
  0xfc, 0x1b, 0x00, 0x00, 0x0c, 0x1b, 0x00, 0x00, 0xdc, 0x1a, 0x00, 0x00,
  0xac, 0x1a, 0x00, 0x00, 0x1c, 0x1a, 0x00, 0x00, 0x0c, 0x0e, 0x00, 0x00,
  0xdc, 0x0d, 0x00, 0x00, 0xac, 0x0d, 0x00, 0x00, 0x1c, 0x0d, 0x00, 0x00,
  0x0c, 0x07, 0x00, 0x00, 0xec, 0x06, 0x00, 0x00, 0xcc, 0x06, 0x00, 0x00,
  0x7c, 0x06, 0x00, 0x00, 0x6c, 0x03, 0x00, 0x00, 0x4c, 0x03, 0x00, 0x00,
  0x2c, 0x03, 0x00, 0x00, 0xdc, 0x02, 0x00, 0x00, 0x1c, 0x01, 0x00, 0x00,
  0x14, 0x01, 0x00, 0x00, 0x0c, 0x01, 0x00, 0x00, 0x04, 0x01, 0x00, 0x00,
  0xfc, 0x00, 0x00, 0x00, 0xf4, 0x00, 0x00, 0x00, 0xec, 0x00, 0x00, 0x00,
  0xe4, 0x00, 0x00, 0x00, 0xdc, 0x00, 0x00, 0x00, 0xd4, 0x00, 0x00, 0x00,
  0xcc, 0x00, 0x00, 0x00, 0xc4, 0x00, 0x00, 0x00, 0xbc, 0x00, 0x00, 0x00,
  0xb4, 0x00, 0x00, 0x00, 0xac, 0x00, 0x00, 0x00, 0xa4, 0x00, 0x00, 0x00,
  0x9c, 0x00, 0x00, 0x00, 0x94, 0x00, 0x00, 0x00, 0x74, 0x00, 0x00, 0x00,
  0x04, 0x00, 0x00, 0x00, 0xa2, 0xe3, 0xff, 0xff, 0x04, 0x00, 0x00, 0x00,
  0x60, 0x00, 0x00, 0x00, 0x0c, 0x00, 0x00, 0x00, 0x08, 0x00, 0x0e, 0x00,
  0x08, 0x00, 0x04, 0x00, 0x08, 0x00, 0x00, 0x00, 0x10, 0x00, 0x00, 0x00,
  0x28, 0x00, 0x00, 0x00, 0x00, 0x00, 0x06, 0x00, 0x08, 0x00, 0x04, 0x00,
  0x06, 0x00, 0x00, 0x00, 0x04, 0x00, 0x00, 0x00, 0x01, 0x00, 0x00, 0x00,
  0xeb, 0x03, 0x00, 0x00, 0x0c, 0x00, 0x18, 0x00, 0x14, 0x00, 0x10, 0x00,
  0x0c, 0x00, 0x04, 0x00, 0x0c, 0x00, 0x00, 0x00, 0x14, 0x4a, 0x3f, 0xe5,
  0x12, 0x22, 0x8d, 0x55, 0x02, 0x00, 0x00, 0x00, 0x02, 0x00, 0x00, 0x00,
  0x04, 0x00, 0x00, 0x00, 0x06, 0x00, 0x00, 0x00, 0x32, 0x2e, 0x32, 0x31,
  0x2e, 0x30, 0x00, 0x00, 0x0e, 0xe4, 0xff, 0xff, 0x04, 0x00, 0x00, 0x00,
  0x10, 0x00, 0x00, 0x00, 0x31, 0x2e, 0x31, 0x34, 0x2e, 0x30, 0x00, 0x00,
  0x00, 0x00, 0x00, 0x00, 0x00, 0x00, 0x00, 0x00, 0x8c, 0xc1, 0xff, 0xff,
  0x90, 0xc1, 0xff, 0xff, 0x94, 0xc1, 0xff, 0xff, 0x98, 0xc1, 0xff, 0xff,
  0x9c, 0xc1, 0xff, 0xff, 0xa0, 0xc1, 0xff, 0xff, 0xa4, 0xc1, 0xff, 0xff,
  0xa8, 0xc1, 0xff, 0xff, 0xac, 0xc1, 0xff, 0xff, 0xb0, 0xc1, 0xff, 0xff,
  0xb4, 0xc1, 0xff, 0xff, 0xb8, 0xc1, 0xff, 0xff, 0xbc, 0xc1, 0xff, 0xff,
  0xc0, 0xc1, 0xff, 0xff, 0xc4, 0xc1, 0xff, 0xff, 0xc8, 0xc1, 0xff, 0xff,
  0xcc, 0xc1, 0xff, 0xff, 0x6e, 0xe4, 0xff, 0xff, 0x04, 0x00, 0x00, 0x00,
  0xb0, 0x01, 0x00, 0x00, 0xce, 0x57, 0xf5, 0x41, 0x2b, 0x1d, 0x5c, 0x30,
  0x97, 0x4a, 0xd8, 0x34, 0x5b, 0xc8, 0xd8, 0x28, 0xaa, 0xb8, 0x14, 0xf2,
  0x2d, 0xeb, 0x7f, 0xf9, 0x30, 0x4a, 0x53, 0x53, 0x04, 0x1c, 0x7f, 0xe3,
  0x50, 0xdf, 0x91, 0xfd, 0x39, 0x9b, 0x98, 0x2b, 0x4b, 0x99, 0xdb, 0xc7,
  0xb8, 0x48, 0x72, 0xda, 0xf8, 0x5c, 0xca, 0xc2, 0xcb, 0xf2, 0x90, 0xf1,
  0x20, 0xb9, 0x78, 0x37, 0x7f, 0xcd, 0x34, 0x8a, 0xca, 0x77, 0x0c, 0xce,
  0x1e, 0xce, 0x3a, 0x3b, 0xdb, 0xdb, 0xd7, 0xf0, 0x16, 0x46, 0x46, 0xd7,
  0x4b, 0x2b, 0xed, 0xd9, 0x6d, 0xaa, 0x49, 0xc5, 0x81, 0xaf, 0x2d, 0x05,
  0x6e, 0xd2, 0xef, 0xf9, 0x70, 0xe7, 0xea, 0xfc, 0x95, 0x3a, 0x88, 0x83,
  0x68, 0xc0, 0xa8, 0xa3, 0xc0, 0x61, 0x4e, 0x68, 0xed, 0x87, 0xb8, 0x6d,
  0x33, 0xd5, 0x9b, 0x0c, 0xd5, 0x7a, 0x1a, 0x03, 0x0d, 0xc5, 0xc5, 0x20,
  0x57, 0x86, 0xb7, 0x9b, 0x81, 0xff, 0xb2, 0x2b, 0xde, 0x14, 0xec, 0x53,
  0x74, 0x53, 0x30, 0xbf, 0xd3, 0x73, 0x0e, 0x9e, 0x5d, 0xcf, 0xfb, 0x81,
  0xe4, 0x5d, 0xbb, 0x58, 0x00, 0xb1, 0x3e, 0xb6, 0x2a, 0x0b, 0x7f, 0xca,
  0xec, 0xf3, 0xb2, 0x70, 0x56, 0xa0, 0xae, 0x31, 0x39, 0x53, 0x06, 0xaf,
  0x0d, 0x16, 0xb2, 0x9a, 0x46, 0xa2, 0x8e, 0x9e, 0xc0, 0x09, 0xbc, 0xbf,
  0xa9, 0x0b, 0xd9, 0x97, 0x48, 0xc2, 0x50, 0x0d, 0x77, 0x20, 0x00, 0x31,
  0x7e, 0xed, 0xb5, 0xcc, 0xdf, 0xbb, 0xff, 0xb1, 0xda, 0x0f, 0x1d, 0x81,
  0x2b, 0xcf, 0xdf, 0xa9, 0xfc, 0xa6, 0x8f, 0x2f, 0xb6, 0xdf, 0x68, 0x30,
  0x89, 0x51, 0x1f, 0x6d, 0x1a, 0x58, 0x3f, 0x2e, 0x7f, 0x5a, 0x53, 0x5f,
  0x63, 0x14, 0x28, 0xe5, 0xf6, 0x91, 0x59, 0x49, 0x7b, 0xca, 0x61, 0x17,
  0xfd, 0xd4, 0x46, 0x98, 0x6e, 0xb9, 0xbf, 0xe0, 0x97, 0x81, 0x29, 0x3e,
  0x67, 0x1e, 0x0f, 0x42, 0x05, 0x40, 0xa8, 0x3f, 0xb4, 0xfd, 0x7f, 0x27,
  0xe3, 0x63, 0x8d, 0x6f, 0xf4, 0x93, 0x19, 0x78, 0x97, 0xac, 0x01, 0xaa,
  0xdd, 0xa1, 0x6e, 0x1c, 0x69, 0xe3, 0xce, 0x71, 0x1a, 0x69, 0x15, 0x42,
  0xc0, 0x91, 0xf4, 0xcf, 0xee, 0x7d, 0x7b, 0xb4, 0x3a, 0x2e, 0xfa, 0x1a,
  0x3b, 0x36, 0x93, 0x2f, 0x08, 0xed, 0x22, 0x02, 0x7f, 0x85, 0x86, 0x71,
  0x92, 0x38, 0x9c, 0x2d, 0x99, 0x15, 0x25, 0x66, 0x92, 0x66, 0x35, 0xe7,
  0xb1, 0x3b, 0x59, 0x67, 0x98, 0x3c, 0x87, 0x3e, 0xfa, 0x4c, 0x81, 0xfd,
  0x26, 0x4b, 0x45, 0xf7, 0xd5, 0x02, 0xcb, 0x0c, 0xd8, 0xe1, 0xeb, 0xe9,
  0x55, 0x2d, 0x21, 0xeb, 0x81, 0x4a, 0x28, 0x30, 0x0e, 0x59, 0x73, 0x2d,
  0x11, 0x8b, 0x1b, 0xd7, 0xc9, 0x86, 0x5a, 0xba, 0x4b, 0xe6, 0x3c, 0x84,
  0x2c, 0x79, 0x2c, 0x52, 0x3f, 0xd7, 0x15, 0x7c, 0x78, 0xcc, 0x1c, 0x8b,
  0xdc, 0x81, 0x8b, 0x62, 0xca, 0x03, 0x95, 0xb8, 0x16, 0x6f, 0xb4, 0xe4,
  0x0e, 0x47, 0x5b, 0xf8, 0xa4, 0x71, 0x30, 0xe0, 0x3c, 0x2b, 0x81, 0x55,
  0x03, 0x2f, 0x9e, 0xb7, 0x4f, 0x39, 0x6c, 0x00, 0xdc, 0x5f, 0x3c, 0x97,
  0xd0, 0x6d, 0xcf, 0x36, 0x2a, 0xe6, 0xff, 0xff, 0x04, 0x00, 0x00, 0x00,
  0x40, 0x00, 0x00, 0x00, 0x01, 0x00, 0x00, 0x00, 0x01, 0x00, 0x00, 0x00,
  0x01, 0x00, 0x00, 0x00, 0x02, 0x00, 0x00, 0x00, 0xff, 0xff, 0xff, 0xff,
  0x03, 0x00, 0x00, 0x00, 0xfd, 0xff, 0xff, 0xff, 0x07, 0x00, 0x00, 0x00,
  0x06, 0x00, 0x00, 0x00, 0xfd, 0xff, 0xff, 0xff, 0xfd, 0xff, 0xff, 0xff,
  0xfe, 0xff, 0xff, 0xff, 0x03, 0x00, 0x00, 0x00, 0x04, 0x00, 0x00, 0x00,
  0xff, 0xff, 0xff, 0xff, 0x03, 0x00, 0x00, 0x00, 0x76, 0xe6, 0xff, 0xff,
  0x04, 0x00, 0x00, 0x00, 0x10, 0x00, 0x00, 0x00, 0x35, 0xdd, 0xc4, 0xf0,
  0xe0, 0x02, 0xe0, 0x7f, 0xed, 0xe7, 0xb6, 0xe8, 0xd8, 0xd2, 0x03, 0xfe,
  0x92, 0xe6, 0xff, 0xff, 0x04, 0x00, 0x00, 0x00, 0x10, 0x00, 0x00, 0x00,
  0xc9, 0xa9, 0x85, 0xb3, 0x96, 0xbb, 0xac, 0x8a, 0xb0, 0xa7, 0x9b, 0xa1,
  0x80, 0x8b, 0xac, 0xa5, 0xae, 0xe6, 0xff, 0xff, 0x04, 0x00, 0x00, 0x00,
  0x00, 0x03, 0x00, 0x00, 0xe5, 0xb4, 0xdc, 0x1c, 0x6e, 0x44, 0x26, 0xf4,
  0xed, 0x51, 0x48, 0xfe, 0x57, 0x3a, 0xc9, 0x33, 0xc8, 0xf3, 0x7f, 0x6b,
  0xd5, 0x63, 0xbd, 0x30, 0xa7, 0xff, 0xc2, 0x09, 0x78, 0x28, 0xc5, 0x15,
  0x4a, 0x38, 0x43, 0xd2, 0x43, 0x5f, 0x66, 0xab, 0xcf, 0xb2, 0x3b, 0xc9,
  0xe2, 0x4b, 0xa9, 0xea, 0xda, 0x5b, 0x30, 0x0a, 0x54, 0x0c, 0xac, 0x95,
  0x4a, 0x9b, 0xe4, 0x9b, 0xcc, 0x8f, 0x7f, 0xfd, 0xc1, 0xb6, 0xf3, 0xe1,
  0xc9, 0x27, 0x23, 0xb3, 0x51, 0xc6, 0xeb, 0x1a, 0xcc, 0x23, 0xab, 0x98,
  0xb2, 0x4a, 0x42, 0x5c, 0xcd, 0x26, 0xb3, 0x40, 0x5d, 0xa1, 0x4a, 0x33,
  0xea, 0x4a, 0xa7, 0x53, 0xff, 0x18, 0xdf, 0x16, 0xce, 0xbc, 0x6c, 0xd4,
  0xac, 0x1e, 0x60, 0x4a, 0x42, 0x22, 0xf0, 0x5d, 0x12, 0xbc, 0x7c, 0xd4,
  0xed, 0x7f, 0xec, 0xc7, 0x4b, 0x46, 0x59, 0xed, 0xe3, 0x39, 0x41, 0x89,
  0xc1, 0xdf, 0xb1, 0x9f, 0x9d, 0x08, 0x86, 0x7f, 0x1f, 0x3b, 0x51, 0x9e,
  0x17, 0x24, 0xdd, 0xf9, 0xa6, 0xde, 0x70, 0x18, 0xd3, 0x3e, 0x38, 0xf4,
  0xbd, 0x3b, 0x31, 0x1c, 0xe2, 0x23, 0x0a, 0xfb, 0xd6, 0xf4, 0x42, 0x07,
  0xcc, 0x16, 0x22, 0x1b, 0xd1, 0x7b, 0x77, 0xb1, 0x54, 0x5b, 0xad, 0x26,
  0x44, 0x7f, 0xb8, 0x93, 0xfb, 0xca, 0xe4, 0xd1, 0xf7, 0xe7, 0x13, 0x0b,
  0x4a, 0xa1, 0x23, 0x01, 0x63, 0xfb, 0x83, 0x8c, 0xda, 0x68, 0x9d, 0x3d,
  0x7f, 0xc2, 0x33, 0x82, 0xda, 0x6e, 0xcd, 0x93, 0x93, 0x84, 0xe5, 0x57,
  0xef, 0xe9, 0xc0, 0x5c, 0xc4, 0x3c, 0x44, 0x4e, 0x1b, 0x95, 0xad, 0x40,
  0x8f, 0x6c, 0x4a, 0x1f, 0x3c, 0x05, 0x1c, 0xd3, 0x82, 0x3d, 0x0d, 0x14,
  0x28, 0x0c, 0x23, 0x53, 0x14, 0xff, 0xf8, 0x68, 0x26, 0x90, 0xa8, 0x6c,
  0x86, 0xd0, 0x4a, 0xf9, 0x8c, 0x3e, 0x27, 0x94, 0xe5, 0xb7, 0xce, 0xf7,
  0xba, 0x5c, 0x4e, 0xd7, 0x64, 0x01, 0x6b, 0x38, 0x36, 0x03, 0xf0, 0x19,
  0x67, 0xdc, 0x41, 0xda, 0x42, 0x16, 0xcc, 0xac, 0x23, 0xed, 0xb9, 0x97,
  0x81, 0x2f, 0x07, 0x3a, 0xc9, 0x38, 0x0c, 0x18, 0x59, 0xe0, 0xe1, 0xf0,
  0xde, 0xbc, 0xa9, 0x92, 0x14, 0xaf, 0xa7, 0x6b, 0x60, 0xee, 0x87, 0xd9,
  0x7f, 0x8a, 0x45, 0x7a, 0x85, 0x76, 0x43, 0xf8, 0x7d, 0x30, 0xdc, 0x55,
  0xfb, 0xc3, 0xd1, 0xc8, 0x87, 0x0e, 0x4a, 0x00, 0x8a, 0xb7, 0xc7, 0x37,
  0xc6, 0xba, 0x7b, 0x89, 0x0a, 0x03, 0xc2, 0x9d, 0x19, 0x5e, 0x3a, 0x64,
  0xf2, 0x8c, 0xbb, 0x2c, 0x33, 0x97, 0x71, 0x58, 0x54, 0x63, 0xcb, 0xd6,
  0x74, 0xa0, 0xbc, 0x09, 0xd2, 0xc1, 0x4b, 0x18, 0xce, 0x55, 0xf1, 0xca,
  0x0f, 0xfc, 0x99, 0xb5, 0xbc, 0x2f, 0xbc, 0x28, 0x22, 0xeb, 0xb2, 0xe7,
  0xee, 0x32, 0x81, 0x5f, 0xd6, 0x94, 0xdc, 0x63, 0x81, 0x18, 0xb3, 0x43,
  0xdd, 0x72, 0x30, 0x29, 0x43, 0xc6, 0x58, 0xd7, 0x03, 0xfc, 0xec, 0x14,
  0xf1, 0xf2, 0x8e, 0x73, 0xee, 0xe8, 0x9f, 0x92, 0x92, 0x2f, 0x9c, 0x76,
  0x10, 0xd8, 0x47, 0x2c, 0xfd, 0xf9, 0xe4, 0x44, 0x06, 0xbb, 0xbd, 0xcb,
  0xf7, 0x87, 0x44, 0x63, 0xa1, 0x3c, 0x88, 0x1e, 0x6b, 0xa2, 0xe6, 0xa1,
  0x1e, 0xa1, 0x60, 0x13, 0x57, 0x5f, 0x6f, 0xc1, 0x50, 0xf7, 0x92, 0xe1,
  0x97, 0xa6, 0x0e, 0xab, 0x19, 0x5e, 0x7f, 0x57, 0x39, 0xe1, 0x08, 0x7a,
  0x01, 0x55, 0x17, 0xca, 0x4b, 0x5a, 0x07, 0x3b, 0x70, 0xc9, 0xeb, 0x78,
  0x72, 0x0c, 0x43, 0xbe, 0x12, 0x4e, 0xde, 0x6d, 0x86, 0x53, 0xcd, 0x93,
  0xd9, 0x8a, 0x8e, 0xc7, 0x78, 0x48, 0x09, 0x98, 0xaf, 0x1a, 0x74, 0x03,
  0x5d, 0x3c, 0x19, 0x19, 0x95, 0xc2, 0x5d, 0x9f, 0xd4, 0x56, 0xf1, 0xa5,
  0xe5, 0xba, 0xad, 0x31, 0xdd, 0x31, 0x45, 0x85, 0xbb, 0x92, 0x0d, 0x3d,
  0x81, 0x8c, 0x64, 0x0e, 0xde, 0x2c, 0xad, 0x4c, 0xea, 0xbb, 0x12, 0xa6,
  0xa7, 0x0f, 0x30, 0xe5, 0xdc, 0xa1, 0x36, 0xe6, 0x87, 0xf8, 0xe1, 0x94,
  0xd7, 0x02, 0x2b, 0xa5, 0xd3, 0xb9, 0x4a, 0x7c, 0xf6, 0x11, 0xec, 0xde,
  0x1f, 0xac, 0x62, 0x07, 0xdb, 0x88, 0xd3, 0x10, 0x7f, 0xef, 0xba, 0x41,
  0xb0, 0x93, 0x91, 0x56, 0x79, 0x1a, 0xb0, 0xe9, 0x17, 0xe3, 0x7a, 0x01,
  0xf9, 0x3c, 0x1c, 0x3f, 0x9e, 0x38, 0xbc, 0x97, 0x99, 0x73, 0xa8, 0xb6,
  0x2b, 0x28, 0x32, 0xfc, 0x66, 0x20, 0xaf, 0xe8, 0x4f, 0x31, 0x50, 0x18,
  0xaf, 0xbe, 0x6b, 0xea, 0x79, 0xd5, 0x4b, 0x49, 0x7f, 0x15, 0x3b, 0xbb,
  0xa4, 0x14, 0x53, 0x35, 0x43, 0x9b, 0x10, 0x3f, 0x6b, 0x17, 0x3d, 0x1a,
  0x52, 0x00, 0xa7, 0xc6, 0x79, 0x6f, 0x4d, 0x0e, 0x15, 0xd7, 0xf8, 0xa5,
  0x74, 0xa3, 0x5a, 0x32, 0x07, 0x0a, 0xf2, 0x48, 0x01, 0x08, 0x7f, 0x2d,
  0xcf, 0xa1, 0x05, 0xa0, 0x46, 0xeb, 0x65, 0xa9, 0x33, 0xb5, 0x93, 0xc6,
  0x21, 0x88, 0x3c, 0x9d, 0x3e, 0x53, 0xb4, 0x92, 0x3c, 0xdc, 0x7f, 0xda,
  0xbd, 0xcf, 0x61, 0x10, 0xda, 0xc0, 0xc0, 0x4f, 0xef, 0xf0, 0xf4, 0x23,
  0x3a, 0xba, 0x9b, 0xb9, 0x0e, 0x31, 0xbb, 0x02, 0x1c, 0x13, 0x3f, 0x43,
  0x15, 0xf2, 0xda, 0xce, 0xf2, 0xcc, 0xd6, 0xd3, 0x4e, 0x18, 0x9c, 0x3d,
  0xdd, 0x6b, 0x1f, 0x48, 0xfe, 0xe6, 0xc6, 0x0d, 0x29, 0x94, 0x01, 0x1f,
  0x0f, 0xa0, 0x32, 0x2b, 0x65, 0xf3, 0xfc, 0x54, 0xfc, 0xe5, 0xec, 0x91,
  0xac, 0x6f, 0x1a, 0x6e, 0x58, 0xe9, 0x81, 0xe2, 0xac, 0xf4, 0xbf, 0x71,
  0x6a, 0xc0, 0x3b, 0xc5, 0x29, 0xd5, 0x0c, 0xb5, 0xfb, 0xb7, 0xe9, 0xac,
  0xac, 0xf2, 0xdb, 0xe0, 0xba, 0xe9, 0xff, 0xff, 0x04, 0x00, 0x00, 0x00,
  0x40, 0x00, 0x00, 0x00, 0xe1, 0x00, 0x00, 0x00, 0x76, 0x02, 0x00, 0x00,
  0x62, 0xf8, 0xff, 0xff, 0x92, 0xfa, 0xff, 0xff, 0x46, 0xff, 0xff, 0xff,
  0x57, 0x00, 0x00, 0x00, 0x27, 0x01, 0x00, 0x00, 0x99, 0x02, 0x00, 0x00,
  0xe4, 0x04, 0x00, 0x00, 0xfa, 0xfb, 0xff, 0xff, 0xcf, 0x02, 0x00, 0x00,
  0x76, 0xfb, 0xff, 0xff, 0x1b, 0xf9, 0xff, 0xff, 0x72, 0x00, 0x00, 0x00,
  0xec, 0x00, 0x00, 0x00, 0x7f, 0xff, 0xff, 0xff, 0x06, 0xea, 0xff, 0xff,
  0x04, 0x00, 0x00, 0x00, 0x10, 0x00, 0x00, 0x00, 0xbe, 0x39, 0x09, 0xf2,
  0x7f, 0x65, 0x28, 0xfb, 0xec, 0xcd, 0xf7, 0x04, 0xd3, 0xd5, 0xef, 0xfe,
  0x22, 0xea, 0xff, 0xff, 0x04, 0x00, 0x00, 0x00, 0x10, 0x00, 0x00, 0x00,
  0xd5, 0xac, 0xe0, 0xed, 0xc9, 0xbb, 0x9f, 0xaa, 0x9f, 0xc2, 0x80, 0x82,
  0xdf, 0xe8, 0xd0, 0x86, 0x3e, 0xea, 0xff, 0xff, 0x04, 0x00, 0x00, 0x00,
  0x00, 0x06, 0x00, 0x00, 0xf6, 0x7d, 0xe1, 0x3f, 0x7d, 0xed, 0x6b, 0xa5,
  0xf5, 0x78, 0x03, 0x16, 0x22, 0x65, 0xe8, 0x55, 0x51, 0xc4, 0x3e, 0x86,
  0x8a, 0x2c, 0xd5, 0x47, 0xc8, 0xc9, 0x96, 0x12, 0x43, 0xa4, 0x1a, 0x81,
  0xaa, 0x4f, 0xcc, 0x87, 0x07, 0x05, 0x27, 0x25, 0x05, 0xd2, 0x33, 0x64,
  0xda, 0x89, 0x40, 0x38, 0xb1, 0x77, 0x48, 0x8c, 0xe9, 0xcf, 0x51, 0xbb,
  0x3d, 0xab, 0xfb, 0x05, 0x37, 0x42, 0xc3, 0xac, 0x21, 0x2d, 0xab, 0xe0,
  0xc2, 0x52, 0x68, 0xd2, 0x26, 0xf2, 0xee, 0x05, 0xeb, 0x44, 0xd1, 0xf7,
  0xb7, 0x81, 0x30, 0xc5, 0xb4, 0x57, 0x95, 0x33, 0xba, 0xde, 0xd6, 0xcc,
  0x6e, 0x32, 0x9d, 0xde, 0x82, 0x65, 0xd2, 0x84, 0x90, 0x82, 0x9b, 0x3c,
  0x08, 0x98, 0x02, 0xe1, 0x5f, 0xee, 0xb0, 0x1d, 0x10, 0x9e, 0xe6, 0x2e,
  0x5e, 0xa6, 0xa0, 0x71, 0x0e, 0x8e, 0x5b, 0xff, 0x43, 0xf2, 0xcb, 0x42,
  0x54, 0xaf, 0xb6, 0xd7, 0xbe, 0xef, 0xb7, 0xff, 0xcb, 0x76, 0x4e, 0x94,
  0x28, 0x2c, 0x7e, 0x81, 0x22, 0x21, 0x23, 0x5a, 0x53, 0x4f, 0x7f, 0xd4,
  0x65, 0xd5, 0x02, 0x1f, 0x3b, 0xd9, 0x29, 0xb3, 0x15, 0x0f, 0x5b, 0x03,
  0xf4, 0x2f, 0x23, 0x73, 0xb5, 0x9f, 0x2e, 0xa3, 0xe4, 0xe0, 0xfa, 0xa0,
  0x01, 0x7a, 0x4f, 0x9c, 0x1f, 0x3e, 0x36, 0xbb, 0x6c, 0xd8, 0x1a, 0xca,
  0xe0, 0xb4, 0xae, 0xb7, 0xb3, 0x67, 0x93, 0xf1, 0x81, 0x44, 0x51, 0x6a,
  0x06, 0x2a, 0xad, 0x30, 0xc8, 0xdc, 0x90, 0x77, 0xb9, 0x56, 0x04, 0x66,
  0x38, 0x9d, 0xa1, 0x70, 0x44, 0x19, 0xb1, 0x1b, 0x94, 0xea, 0x14, 0xbd,
  0x2e, 0xe8, 0x6f, 0x7c, 0x02, 0x90, 0xb7, 0x05, 0x19, 0x4d, 0x92, 0x2d,
  0x7e, 0x4b, 0x15, 0x01, 0x99, 0xaa, 0x18, 0x41, 0x46, 0x7c, 0x1c, 0x38,
  0xaf, 0x34, 0x6f, 0x53, 0x50, 0xc7, 0x31, 0x6d, 0xab, 0xb3, 0x28, 0xf2,
  0x56, 0x08, 0xee, 0x0a, 0x42, 0x53, 0x47, 0xc5, 0xf1, 0xd6, 0x5a, 0x45,
  0x1a, 0xe2, 0x0f, 0x7f, 0x8a, 0x19, 0xf5, 0x3c, 0xdf, 0x7f, 0x1a, 0x96,
  0xc5, 0xf9, 0x2a, 0x3e, 0x36, 0xe3, 0x0a, 0xd8, 0xf5, 0xa8, 0x08, 0xf4,
  0xb4, 0x81, 0xbf, 0x35, 0xce, 0xb8, 0xa6, 0xe8, 0xb7, 0xbc, 0xb4, 0x69,
  0xca, 0x70, 0x3e, 0x1b, 0x43, 0x0d, 0x2e, 0xb8, 0xb8, 0x21, 0xde, 0x55,
  0x96, 0x6a, 0xfe, 0x64, 0x5a, 0x0a, 0x17, 0x61, 0x02, 0x53, 0x90, 0x33,
  0xe1, 0xd0, 0xb4, 0xe7, 0x6f, 0x12, 0x5b, 0xcc, 0x71, 0x91, 0x9a, 0x42,
  0xb5, 0x4d, 0xcc, 0x71, 0x45, 0x67, 0x9a, 0x02, 0xb7, 0xdf, 0xa9, 0x4c,
  0xc1, 0xb8, 0xce, 0xfc, 0xb0, 0xe4, 0x9d, 0x63, 0x2c, 0x96, 0xc3, 0x7d,
  0x36, 0x99, 0xff, 0xe3, 0xcd, 0x33, 0x18, 0xc9, 0x24, 0xda, 0x75, 0x88,
  0x7f, 0x4d, 0x2d, 0x14, 0x7a, 0x78, 0xce, 0x42, 0xc3, 0xe9, 0x5d, 0x59,
  0x3a, 0x68, 0x66, 0xca, 0x28, 0xf0, 0xe8, 0x77, 0xf8, 0x07, 0xb5, 0x0b,
  0xf0, 0x43, 0x12, 0x95, 0x5c, 0x75, 0x6b, 0x93, 0x7c, 0xdf, 0x22, 0xce,
  0xee, 0xdd, 0x7f, 0x2a, 0x0f, 0x3b, 0x60, 0x9a, 0xd3, 0xbb, 0x96, 0x1d,
  0x6c, 0xc2, 0xce, 0x2b, 0x6c, 0x50, 0x6a, 0x90, 0xa0, 0xb1, 0xc7, 0x00,
  0xe8, 0x0b, 0x13, 0x4f, 0x04, 0xff, 0x38, 0x86, 0xd2, 0xdc, 0x55, 0x72,
  0xeb, 0x86, 0xad, 0x88, 0xb8, 0x00, 0x96, 0xbd, 0x1f, 0x4b, 0xed, 0xad,
  0xd2, 0xce, 0xf5, 0x18, 0x2c, 0xa4, 0x71, 0x02, 0x0e, 0x09, 0x7f, 0xcd,
  0x32, 0xd0, 0x92, 0x79, 0xb9, 0xec, 0x21, 0x41, 0xea, 0x42, 0xad, 0x3f,
  0xbd, 0xc5, 0x81, 0x43, 0x05, 0x16, 0x2b, 0xa8, 0x2b, 0x1a, 0xfb, 0xb9,
  0xd4, 0x83, 0x37, 0x97, 0xd8, 0x4c, 0xf6, 0xb1, 0x56, 0x1e, 0x41, 0x2f,
  0xf1, 0x2f, 0x59, 0xd5, 0x74, 0x90, 0xe3, 0x95, 0xc6, 0x52, 0x1a, 0x60,
  0x35, 0xc2, 0x33, 0xca, 0xc0, 0x27, 0x5f, 0xf0, 0xbd, 0xc5, 0xd5, 0x7e,
  0xde, 0xec, 0x52, 0x87, 0x69, 0x8e, 0x69, 0x39, 0xb6, 0xda, 0xf6, 0x4e,
  0x09, 0x24, 0x3e, 0x86, 0x9d, 0x7b, 0xf0, 0xf6, 0xde, 0x47, 0x1b, 0x46,
  0x5c, 0xd9, 0x1d, 0x06, 0x3a, 0xb0, 0x92, 0xee, 0x3c, 0x81, 0x6d, 0xba,
  0x68, 0x61, 0x65, 0xbf, 0xfe, 0x86, 0x77, 0xa2, 0x6c, 0x0c, 0x25, 0xeb,
  0xe3, 0xef, 0xeb, 0xc8, 0x2f, 0x6b, 0x8c, 0xc9, 0x14, 0x42, 0x06, 0x00,
  0xbc, 0x1b, 0xb9, 0x0a, 0x5d, 0x1f, 0xb1, 0x4e, 0x7f, 0x06, 0x39, 0xf0,
  0x45, 0xe5, 0x12, 0x3d, 0x65, 0x38, 0xc1, 0xa8, 0xe8, 0x56, 0x04, 0xff,
  0x54, 0x8e, 0xef, 0xd4, 0x3d, 0x0f, 0xde, 0x1d, 0x1b, 0x3e, 0x49, 0x04,
  0x92, 0x7f, 0x9c, 0x0a, 0x07, 0x9d, 0xee, 0x3b, 0x18, 0x6c, 0x35, 0x22,
  0x26, 0x62, 0xd4, 0xb6, 0xce, 0x1d, 0xf2, 0x94, 0x73, 0x1c, 0xea, 0xcb,
  0x33, 0x20, 0x53, 0xd8, 0xed, 0x0f, 0xc2, 0xb1, 0x2f, 0x2c, 0xa9, 0xe1,
  0x46, 0x2c, 0xf1, 0x97, 0xf2, 0x2d, 0xd0, 0x7f, 0xea, 0xdb, 0xc6, 0xf3,
  0x28, 0x4c, 0x31, 0xeb, 0x65, 0xa0, 0xf2, 0xaf, 0x99, 0x2d, 0xf8, 0xd6,
  0x96, 0x40, 0x7b, 0x3e, 0xdc, 0xe5, 0x96, 0x89, 0xf7, 0x39, 0xb0, 0x14,
  0x65, 0x2c, 0x38, 0x7b, 0x88, 0x22, 0x2f, 0x33, 0x46, 0x49, 0x1b, 0x84,
  0x13, 0x3f, 0xa5, 0xc0, 0x9b, 0xc3, 0xc8, 0xc7, 0xb2, 0xbf, 0xc8, 0x11,
  0x04, 0x63, 0x61, 0x42, 0x0c, 0xe9, 0x6b, 0xb1, 0xdb, 0xe5, 0xa7, 0x07,
  0xa4, 0x40, 0xa1, 0xad, 0x27, 0xdd, 0xdb, 0xa4, 0x53, 0x60, 0x81, 0x51,
  0xba, 0x59, 0x01, 0x32, 0xb3, 0x02, 0xae, 0xf6, 0xd1, 0xa5, 0xf4, 0xc6,
  0xac, 0xa9, 0xdd, 0x06, 0x95, 0xac, 0x4e, 0x38, 0x9b, 0xe3, 0x2a, 0xa2,
  0xa1, 0x5d, 0x57, 0x16, 0xae, 0x20, 0x8e, 0x9b, 0x44, 0x67, 0xa3, 0x30,
  0x7f, 0x9d, 0x20, 0x2a, 0x17, 0xf0, 0x04, 0x55, 0xa9, 0xae, 0x71, 0xa0,
  0xce, 0x8f, 0x9a, 0xac, 0xdc, 0x19, 0x9a, 0xbc, 0xaa, 0xe5, 0x81, 0xf7,
  0xe5, 0xd4, 0xff, 0x33, 0xee, 0xca, 0x0f, 0x13, 0x9d, 0x9e, 0xf1, 0x11,
  0x43, 0x32, 0xd0, 0x01, 0xc2, 0xbe, 0x38, 0x43, 0x08, 0x61, 0xf6, 0x7f,
  0xa3, 0x0c, 0x0a, 0xe8, 0x97, 0xd1, 0x39, 0x40, 0x5f, 0x90, 0xd3, 0x9e,
  0xfc, 0x90, 0xda, 0xa3, 0xe2, 0x27, 0xa9, 0x4d, 0x46, 0x26, 0xaa, 0xc3,
  0x44, 0x35, 0x55, 0xca, 0x5d, 0xf4, 0x55, 0x0f, 0x7f, 0x6f, 0x57, 0xdd,
  0x5f, 0x20, 0x2e, 0x05, 0x20, 0xa5, 0xd6, 0x35, 0xb9, 0xbf, 0x49, 0xed,
  0x39, 0xc1, 0xe9, 0x37, 0xaf, 0xf0, 0xe2, 0x93, 0xae, 0xb3, 0x51, 0x9c,
  0x5a, 0xd0, 0x4b, 0x51, 0x1f, 0xf5, 0xf6, 0x3a, 0xa3, 0xe4, 0x69, 0x04,
  0xf6, 0xb4, 0xb0, 0x62, 0x4d, 0x6f, 0x68, 0x81, 0x40, 0x2d, 0x4b, 0xdd,
  0x4e, 0xe6, 0x10, 0x20, 0x88, 0xf3, 0xcb, 0x6e, 0xf5, 0x5f, 0xa6, 0x5c,
  0x58, 0x08, 0xf0, 0xfb, 0x1d, 0xb8, 0x2f, 0xdd, 0x62, 0x09, 0x3c, 0x53,
  0xab, 0x0b, 0xa7, 0x23, 0x0f, 0x98, 0xed, 0xd6, 0x40, 0x9f, 0x63, 0x1c,
  0x57, 0x67, 0x5d, 0x05, 0x02, 0xbd, 0xe5, 0x68, 0x06, 0x26, 0x04, 0x70,
  0x0c, 0xf7, 0xeb, 0x12, 0x26, 0xf7, 0x14, 0x81, 0xd0, 0xfb, 0xaf, 0x61,
  0x3b, 0x96, 0x3a, 0xac, 0x41, 0x27, 0xdf, 0xc4, 0x9a, 0xfc, 0xb1, 0x1d,
  0x56, 0x1f, 0x34, 0xd0, 0x12, 0xf5, 0xa1, 0x93, 0x81, 0x9d, 0x30, 0x64,
  0x1e, 0xa7, 0x30, 0x68, 0x66, 0xe5, 0x76, 0x7c, 0xbe, 0xf4, 0x90, 0x92,
  0xf5, 0x06, 0x43, 0x3b, 0x08, 0xf3, 0xbc, 0x3c, 0xcd, 0xca, 0xff, 0x59,
  0xf3, 0x21, 0xaf, 0xc0, 0xae, 0xca, 0x26, 0x96, 0x67, 0x68, 0x46, 0xfd,
  0x13, 0xd3, 0x65, 0xbf, 0xd7, 0x2b, 0x7f, 0xdb, 0xb6, 0xb9, 0x15, 0x84,
  0xf6, 0x09, 0xd7, 0x5c, 0xe2, 0xb7, 0xb1, 0xc1, 0x90, 0xa7, 0x22, 0xf4,
  0xb9, 0x17, 0xaf, 0x4b, 0x4b, 0xb2, 0x07, 0x2e, 0xfd, 0x81, 0x02, 0x51,
  0x2a, 0xfc, 0x54, 0xa2, 0xb1, 0xa4, 0xd6, 0xad, 0xdf, 0xac, 0x9b, 0x2f,
  0x6a, 0x63, 0xb3, 0x51, 0xec, 0x95, 0xb0, 0x25, 0x9a, 0xd7, 0xb2, 0x5a,
  0x00, 0x2e, 0x1a, 0x58, 0x2a, 0xe4, 0xb3, 0xac, 0xe0, 0x9a, 0xe1, 0xfc,
  0xce, 0x41, 0x81, 0xde, 0x6b, 0x2c, 0x03, 0xa8, 0x1c, 0x12, 0xde, 0x1e,
  0x93, 0x24, 0x73, 0xd2, 0x25, 0xb3, 0x2e, 0xbf, 0xb9, 0xbf, 0x2c, 0x4d,
  0xc7, 0xac, 0x05, 0xd2, 0x6c, 0x5c, 0xda, 0x4c, 0x50, 0x4e, 0x51, 0xa8,
  0x34, 0xdc, 0xdb, 0xb4, 0xd0, 0xcd, 0x3a, 0x3f, 0x75, 0xf5, 0x3d, 0xa9,
  0x3a, 0x7f, 0x21, 0xab, 0x1d, 0xca, 0xf9, 0x7a, 0x21, 0xc2, 0x21, 0x5d,
  0xc4, 0x53, 0xe4, 0xe3, 0xa6, 0x06, 0xf6, 0xc8, 0xc6, 0x96, 0x96, 0x8e,
  0xc3, 0xee, 0x4e, 0x00, 0x72, 0xf6, 0x6c, 0x9e, 0x0b, 0xc1, 0x83, 0x42,
  0xf8, 0x53, 0x41, 0x2a, 0x5c, 0xa1, 0x22, 0x08, 0x02, 0x17, 0x7f, 0x21,
  0x7b, 0xbb, 0x2a, 0x39, 0x8f, 0x11, 0x22, 0x23, 0x3e, 0xc6, 0x55, 0xcf,
  0x3b, 0x23, 0x8c, 0xd8, 0x62, 0x90, 0x78, 0xf2, 0xcb, 0x02, 0x04, 0xc1,
  0x5c, 0x2c, 0xe6, 0xf0, 0x43, 0x27, 0x2f, 0xb7, 0xc4, 0xbe, 0x5f, 0x40,
  0x33, 0x4b, 0xe0, 0xbc, 0xc1, 0xf7, 0xae, 0xdf, 0xdc, 0x2d, 0x3d, 0xf2,
  0x99, 0xb5, 0x79, 0x36, 0xb4, 0x3f, 0x38, 0x0b, 0xea, 0xf4, 0xae, 0x55,
  0x2b, 0x3f, 0x35, 0x99, 0x2b, 0x8e, 0xc7, 0x81, 0x0b, 0x62, 0x6c, 0x0e,
  0x04, 0x12, 0x6d, 0x3e, 0x8c, 0x20, 0xd7, 0xa7, 0x82, 0x9f, 0xaa, 0x14,
  0xea, 0x17, 0x51, 0xe8, 0x06, 0x94, 0x01, 0x00, 0x4e, 0xc1, 0xac, 0x30,
  0xad, 0xc9, 0x4f, 0x83, 0xd3, 0xde, 0x9d, 0xb5, 0x9b, 0xb7, 0xc5, 0x8b,
  0x7f, 0xa3, 0xb8, 0xfa, 0x43, 0x06, 0x31, 0x72, 0xaf, 0xef, 0x27, 0x02,
  0xaa, 0xca, 0x96, 0xd1, 0xc1, 0x9c, 0x9c, 0x88, 0x87, 0xa3, 0x90, 0x1c,
  0x33, 0x6a, 0x5f, 0xe3, 0xbf, 0x98, 0x18, 0xcb, 0x2e, 0x90, 0xe6, 0x2d,
  0x1b, 0x0c, 0xa1, 0xf4, 0xca, 0xed, 0xbe, 0x21, 0xdc, 0x27, 0x46, 0x96,
  0xd1, 0x2e, 0xc0, 0x9c, 0xc3, 0xec, 0x3b, 0x1f, 0x7f, 0xf7, 0x1f, 0xc8,
  0x60, 0x79, 0xb0, 0x40, 0xe7, 0x93, 0xa6, 0x2d, 0x3f, 0x5c, 0xe8, 0xdc,
  0x90, 0x8c, 0x06, 0xd6, 0x5a, 0x95, 0xde, 0x40, 0x8b, 0x31, 0xdc, 0xbf,
  0xcc, 0xcf, 0x25, 0xa5, 0xa1, 0x36, 0x4d, 0xdb, 0xf8, 0x1e, 0x00, 0x00,
  0x37, 0xdd, 0xf6, 0xc1, 0xdf, 0xa0, 0xf6, 0x7c, 0x31, 0x93, 0x72, 0xcc,
  0x39, 0xe1, 0x8b, 0x92, 0xf0, 0x2b, 0x5b, 0xa4, 0xc1, 0xf2, 0xfb, 0xab,
  0xce, 0xda, 0xd6, 0x7f, 0x4e, 0x81, 0x6c, 0xaf, 0x01, 0x69, 0xb0, 0x64,
  0x6d, 0x70, 0xef, 0x46, 0x7d, 0xda, 0xf9, 0x2c, 0x45, 0x1c, 0x61, 0x15,
  0xac, 0x38, 0x7c, 0x9b, 0xab, 0x9f, 0xb5, 0x18, 0x3c, 0xb6, 0xf1, 0xad,
  0xce, 0x93, 0xdb, 0x67, 0xad, 0x9c, 0xca, 0xc0, 0x05, 0x57, 0x4b, 0xe2,
  0x73, 0x6b, 0xa5, 0x7f, 0x35, 0x3a, 0x7f, 0xca, 0x20, 0xa2, 0x46, 0xbe,
  0xb1, 0x5a, 0xc3, 0x57, 0x19, 0xe3, 0x39, 0xba, 0xbb, 0x9f, 0x01, 0xcc,
  0x92, 0x6b, 0x9f, 0xe4, 0xc3, 0xcc, 0xfe, 0xb3, 0x72, 0x00, 0x3f, 0x30,
  0xc7, 0x9e, 0x9d, 0x59, 0x60, 0x13, 0x10, 0x45, 0xb8, 0x76, 0x93, 0x81,
  0x51, 0x8f, 0xf0, 0xbe, 0x4a, 0xf0, 0xff, 0xff, 0x04, 0x00, 0x00, 0x00,
  0x80, 0x00, 0x00, 0x00, 0x00, 0x04, 0x00, 0x00, 0x67, 0x01, 0x00, 0x00,
  0x6b, 0x03, 0x00, 0x00, 0x7b, 0x00, 0x00, 0x00, 0xef, 0x01, 0x00, 0x00,
  0xb6, 0xfa, 0xff, 0xff, 0x4a, 0x02, 0x00, 0x00, 0x51, 0xfb, 0xff, 0xff,
  0x83, 0xf9, 0xff, 0xff, 0xb0, 0xfd, 0xff, 0xff, 0x2e, 0x03, 0x00, 0x00,
  0x6f, 0xf9, 0xff, 0xff, 0xc9, 0xf6, 0xff, 0xff, 0x31, 0xfd, 0xff, 0xff,
  0x1e, 0xfd, 0xff, 0xff, 0x2d, 0x04, 0x00, 0x00, 0xf7, 0x07, 0x00, 0x00,
  0xc9, 0x02, 0x00, 0x00, 0x53, 0xfb, 0xff, 0xff, 0x82, 0xfd, 0xff, 0xff,
  0x41, 0x04, 0x00, 0x00, 0x25, 0xfc, 0xff, 0xff, 0x4e, 0x06, 0x00, 0x00,
  0x5e, 0x03, 0x00, 0x00, 0x9e, 0xfa, 0xff, 0xff, 0xc9, 0x07, 0x00, 0x00,
  0x22, 0x06, 0x00, 0x00, 0xc3, 0xfd, 0xff, 0xff, 0x64, 0xfd, 0xff, 0xff,
  0x1b, 0x07, 0x00, 0x00, 0x4c, 0xf8, 0xff, 0xff, 0xa1, 0xfb, 0xff, 0xff,
  0xd6, 0xf0, 0xff, 0xff, 0x04, 0x00, 0x00, 0x00, 0x20, 0x00, 0x00, 0x00,
  0x18, 0x17, 0x3e, 0xe5, 0xe9, 0xc9, 0x36, 0x15, 0xd8, 0xe7, 0xda, 0xef,
  0xdb, 0xc4, 0xdc, 0x18, 0xf8, 0xf9, 0xf7, 0xdb, 0x7f, 0xd8, 0x28, 0x5d,
  0xe1, 0xd6, 0x2f, 0x23, 0x77, 0x67, 0xc3, 0xd7, 0x02, 0xf1, 0xff, 0xff,
  0x04, 0x00, 0x00, 0x00, 0x20, 0x00, 0x00, 0x00, 0xa4, 0xd3, 0xfb, 0xfc,
  0xc8, 0x02, 0xcc, 0xe2, 0xec, 0xe5, 0xf1, 0xed, 0xf0, 0xef, 0xf7, 0xd0,
  0xdb, 0xeb, 0xe8, 0xb0, 0xd6, 0xfd, 0xce, 0xf0, 0xef, 0xd7, 0xbe, 0xae,
  0xab, 0x80, 0xf9, 0xec, 0x2e, 0xf1, 0xff, 0xff, 0x04, 0x00, 0x00, 0x00,
  0x00, 0x0c, 0x00, 0x00, 0xa6, 0xa2, 0xcc, 0xe9, 0xb4, 0x0a, 0x81, 0xa5,
  0xaf, 0xc8, 0xe9, 0x94, 0x6c, 0x1b, 0x69, 0x31, 0x11, 0x31, 0x34, 0x04,
  0xc2, 0xf1, 0xaa, 0x13, 0x0c, 0xc9, 0xa8, 0xc6, 0x95, 0x5a, 0xb7, 0x45,
  0x31, 0x32, 0x69, 0x4a, 0xbb, 0x97, 0x5d, 0x58, 0x2d, 0xd5, 0x04, 0x0d,
  0xcb, 0x58, 0xe0, 0x32, 0x46, 0x48, 0x2b, 0x13, 0x77, 0xe2, 0x6a, 0xbf,
  0xf4, 0xa7, 0x02, 0xad, 0x22, 0x2b, 0xca, 0x48, 0xee, 0xa6, 0xd0, 0xf7,
  0xf8, 0x67, 0xf8, 0xcf, 0xa3, 0xb9, 0x21, 0x54, 0x46, 0x5d, 0xa6, 0x15,
  0x3d, 0xdd, 0xbf, 0x1d, 0xcc, 0xf1, 0x34, 0x4d, 0x32, 0x5b, 0xb0, 0xf8,
  0x44, 0x88, 0xad, 0xb4, 0xa9, 0xd1, 0x41, 0xda, 0x28, 0x42, 0xf0, 0x7f,
  0x28, 0x51, 0xa0, 0x70, 0x6a, 0x6f, 0xb7, 0x16, 0x95, 0x33, 0xf2, 0x32,
  0xf2, 0x4c, 0xd6, 0x39, 0x07, 0xc9, 0xee, 0xaf, 0x05, 0x08, 0x52, 0x6b,
  0xfd, 0x1d, 0x9b, 0x67, 0x21, 0x20, 0xe0, 0x5d, 0x73, 0x1b, 0x0e, 0x03,
  0xd4, 0x41, 0x16, 0xe8, 0xa3, 0xee, 0xe6, 0xb0, 0x0e, 0x06, 0x4d, 0xc6,
  0xe5, 0xd3, 0x1d, 0xc7, 0x67, 0xb7, 0x56, 0xe2, 0x9c, 0xb5, 0x07, 0xfc,
  0xd0, 0x41, 0x2d, 0x43, 0x15, 0xe1, 0x58, 0xff, 0x68, 0xd6, 0x4f, 0xdf,
  0x8a, 0x2a, 0x7a, 0x3c, 0xb8, 0xea, 0x8a, 0x96, 0xe1, 0x00, 0x43, 0x04,
  0x5e, 0x2f, 0x64, 0x5a, 0xc2, 0xda, 0xcb, 0x2f, 0xce, 0x5a, 0x32, 0x2d,
  0xdd, 0x98, 0x3c, 0xfe, 0xcb, 0xe6, 0x9c, 0x5c, 0xf8, 0x4f, 0x09, 0x4a,
  0xff, 0x38, 0xe3, 0x52, 0xaa, 0xa5, 0x0e, 0x24, 0x65, 0x93, 0xfe, 0xc8,
  0x69, 0x60, 0x51, 0xa6, 0xad, 0xef, 0x44, 0xba, 0x2e, 0x32, 0x4f, 0x37,
  0xf1, 0xdf, 0x1a, 0x19, 0x15, 0x8f, 0xd0, 0xb1, 0x6e, 0x37, 0x53, 0x3b,
  0xa3, 0xf8, 0xfe, 0xc4, 0x92, 0xaf, 0xd6, 0xf3, 0xd6, 0x2b, 0x81, 0xcf,
  0xea, 0x01, 0xed, 0xbb, 0xa9, 0x39, 0x14, 0x17, 0x00, 0x0b, 0x95, 0x3a,
  0xdf, 0x7b, 0x46, 0x00, 0x0b, 0x50, 0x21, 0xc4, 0x04, 0x3c, 0x2b, 0xa8,
  0x1b, 0x2a, 0x5c, 0x50, 0xeb, 0xde, 0x48, 0x06, 0xfa, 0x37, 0xdd, 0x55,
  0x96, 0x3a, 0xcb, 0xf0, 0xc3, 0x1a, 0x25, 0xd2, 0x07, 0xe6, 0x3a, 0xdf,
  0x65, 0xc1, 0xc6, 0x48, 0x4c, 0x36, 0xc6, 0xe5, 0x93, 0x3c, 0x31, 0xa3,
  0xa7, 0x0b, 0x26, 0x26, 0xdf, 0x51, 0x63, 0xc1, 0x26, 0xe2, 0x1a, 0xff,
  0x4c, 0xd9, 0x2a, 0x59, 0x29, 0x39, 0xd8, 0x4f, 0x1c, 0xd9, 0x69, 0xd0,
  0xc2, 0x35, 0xfc, 0x2d, 0x60, 0x03, 0x4c, 0x44, 0x0f, 0x5f, 0xc8, 0x09,
  0xbf, 0x3d, 0xf1, 0x99, 0x4b, 0xcb, 0xbd, 0xd8, 0x05, 0x96, 0x0a, 0xcb,
  0x57, 0x3f, 0xc8, 0x23, 0xad, 0x07, 0xff, 0xa3, 0xc2, 0x81, 0xc8, 0x11,
  0xc5, 0x08, 0x2f, 0xc4, 0xf0, 0x07, 0xba, 0x0b, 0xe0, 0x69, 0xa2, 0xbc,
  0x2c, 0x64, 0x4e, 0x11, 0x70, 0xc9, 0xfb, 0x32, 0xfc, 0xf8, 0x9a, 0xd3,
  0x0f, 0x3d, 0x57, 0x42, 0x00, 0xdb, 0x5e, 0xa4, 0xc4, 0xd1, 0xa5, 0xf0,
  0xaf, 0xf9, 0xd3, 0xcf, 0xb1, 0xd6, 0xeb, 0x31, 0x2b, 0x85, 0xe7, 0x87,
  0x31, 0x9c, 0x20, 0xe5, 0x13, 0xb2, 0xae, 0xa6, 0xb4, 0x6d, 0x1c, 0xa4,
  0x3c, 0x8e, 0x81, 0xe3, 0xd5, 0x4e, 0x96, 0x62, 0x2b, 0x3d, 0x5c, 0x44,
  0xb4, 0xf6, 0x08, 0x52, 0x12, 0x27, 0x41, 0x4b, 0xdf, 0xb9, 0xc2, 0xb3,
  0xe3, 0x44, 0x6b, 0x70, 0x33, 0xab, 0xc0, 0xb0, 0xa0, 0x49, 0x2a, 0x50,
  0xf8, 0x87, 0x93, 0x5c, 0xdd, 0xa5, 0xe9, 0x2e, 0xc2, 0xcf, 0x6d, 0xa4,
  0x05, 0xf8, 0xcb, 0x9f, 0x0b, 0x8e, 0x9c, 0xcf, 0x33, 0x34, 0x62, 0xb0,
  0x33, 0xc0, 0xd9, 0x9c, 0xde, 0x2b, 0x94, 0xc4, 0x22, 0x61, 0x00, 0x51,
  0xdc, 0x7f, 0x2a, 0x01, 0x23, 0xc4, 0xa4, 0x8d, 0x4b, 0xb3, 0xfa, 0xc9,
  0xd4, 0x53, 0x0d, 0x8f, 0xa5, 0x42, 0x24, 0x23, 0xef, 0xab, 0x2a, 0x9f,
  0xa6, 0x04, 0x73, 0x4c, 0xbb, 0x51, 0xd1, 0xdb, 0x3a, 0x88, 0x45, 0x23,
  0xd2, 0x5c, 0xdb, 0x6b, 0xae, 0x1c, 0x24, 0xcb, 0x71, 0x60, 0x40, 0x37,
  0xb8, 0xe1, 0xc2, 0xe0, 0x8c, 0xa7, 0xb7, 0x2f, 0xea, 0xc1, 0xff, 0x03,
  0x0f, 0x91, 0x1b, 0xb5, 0xcc, 0x34, 0xf6, 0xc3, 0x0e, 0x10, 0xf7, 0x40,
  0x11, 0xfd, 0x3a, 0x58, 0x1f, 0xb1, 0x4f, 0x1d, 0x55, 0x5b, 0x48, 0x69,
  0x27, 0xa4, 0x55, 0xb6, 0x6e, 0xd8, 0x2b, 0x28, 0xa7, 0x3a, 0x00, 0x2d,
  0x4a, 0x3f, 0x55, 0x51, 0xbc, 0xcd, 0x67, 0x70, 0xba, 0x7b, 0xf3, 0x56,
  0xc7, 0x4a, 0xa8, 0x0d, 0x81, 0x11, 0xa7, 0x4e, 0x96, 0x13, 0xba, 0x1b,
  0x6e, 0x8f, 0xba, 0xb6, 0x43, 0x50, 0x72, 0xc6, 0x4a, 0xb7, 0xaf, 0x62,
  0xc0, 0xb2, 0x6a, 0x12, 0xf2, 0x02, 0x78, 0x17, 0x46, 0x6b, 0x65, 0xdf,
  0x49, 0x2e, 0x2f, 0x04, 0xd8, 0x27, 0x2d, 0xaf, 0x61, 0xc6, 0x53, 0xb2,
  0xf3, 0xbc, 0x24, 0x7c, 0x58, 0x9e, 0xc1, 0xc8, 0x13, 0x1e, 0xe9, 0xd2,
  0x92, 0xfd, 0xbd, 0xa8, 0xed, 0xec, 0xcc, 0xd7, 0x52, 0x5d, 0x38, 0x5b,
  0x62, 0x00, 0x2c, 0xaf, 0x4c, 0x45, 0x4c, 0x3e, 0xa5, 0x5a, 0x50, 0x4a,
  0x81, 0x59, 0x23, 0xf1, 0x23, 0xd7, 0x18, 0x33, 0x08, 0x0d, 0xe2, 0x20,
  0xf4, 0xb5, 0x63, 0xea, 0xc9, 0x14, 0x96, 0xcf, 0x3e, 0xce, 0x91, 0x0b,
  0xa4, 0xec, 0x06, 0xd3, 0x1e, 0xec, 0xe1, 0xf3, 0x29, 0x48, 0x11, 0xd8,
  0x3d, 0x48, 0x29, 0xa6, 0x57, 0xc9, 0xad, 0xa7, 0xe2, 0x3d, 0x4c, 0x44,
  0x2e, 0x5f, 0x55, 0xd5, 0xf4, 0x01, 0x28, 0xe7, 0xc6, 0x62, 0xc6, 0xa6,
  0x44, 0x9c, 0x03, 0x51, 0x51, 0xe2, 0xfa, 0x64, 0xef, 0x6f, 0xbc, 0x77,
  0x5f, 0x04, 0x60, 0x75, 0xe5, 0x61, 0x26, 0x29, 0x40, 0x6c, 0xc6, 0x0b,
  0x32, 0x2b, 0xba, 0x23, 0x01, 0x94, 0x01, 0x1b, 0xf5, 0x39, 0x51, 0x00,
  0x9c, 0x54, 0x0a, 0x0d, 0xc5, 0xfe, 0x49, 0xaa, 0x09, 0x43, 0x16, 0x6c,
  0x71, 0xc8, 0x2a, 0xf1, 0xa0, 0x15, 0x7f, 0xa0, 0x02, 0x3f, 0x1a, 0xc9,
  0x39, 0xb8, 0xe9, 0xb2, 0x59, 0xc0, 0xf5, 0x0e, 0xb6, 0x31, 0xcb, 0x21,
  0x4c, 0xd1, 0xc6, 0x4b, 0xbf, 0x5c, 0xf3, 0xff, 0x50, 0x6b, 0x12, 0xc2,
  0x8b, 0x5e, 0x07, 0x91, 0xc7, 0x01, 0x63, 0x03, 0x3e, 0x4c, 0x2f, 0xa1,
  0xe0, 0x96, 0x12, 0xc0, 0x16, 0xce, 0xc7, 0x1b, 0x18, 0x06, 0x2f, 0x34,
  0x20, 0x15, 0x92, 0x08, 0x3b, 0xc2, 0x20, 0x36, 0x2a, 0xaa, 0x36, 0x01,
  0x31, 0x49, 0x3e, 0xcf, 0xf4, 0x9f, 0x5a, 0x47, 0xd8, 0x5d, 0x8f, 0xa2,
  0x04, 0x5f, 0xc7, 0xed, 0xbe, 0x3e, 0xd4, 0xda, 0x22, 0xea, 0x57, 0x9a,
  0xa1, 0xfb, 0x4e, 0x1f, 0xc8, 0x46, 0xfa, 0x54, 0x08, 0x46, 0x49, 0x70,
  0xad, 0x09, 0xa3, 0xa0, 0x5c, 0x81, 0xa7, 0xf1, 0xe4, 0xc8, 0xf7, 0x30,
  0xd9, 0xe3, 0x82, 0x00, 0xc8, 0xce, 0xfd, 0x2f, 0xde, 0x2c, 0xbc, 0xe3,
  0x62, 0xdc, 0xdd, 0xde, 0x29, 0x3e, 0x4e, 0xbe, 0x40, 0x9e, 0xb3, 0xbb,
  0xc3, 0xa6, 0x08, 0x6f, 0xc4, 0x0d, 0xa6, 0x3d, 0xe8, 0x2a, 0xc1, 0xd6,
  0xd3, 0x4d, 0x59, 0xc6, 0xa2, 0x14, 0x1d, 0x2e, 0x44, 0xad, 0xe9, 0xcb,
  0x07, 0x89, 0xb1, 0x4d, 0xd1, 0xa3, 0xb2, 0x7c, 0x56, 0x59, 0x0b, 0x8e,
  0xb7, 0x14, 0x29, 0x0b, 0x55, 0x85, 0xfb, 0x02, 0x02, 0x46, 0xb6, 0x7f,
  0x1b, 0xaa, 0xc4, 0xa0, 0x51, 0x0b, 0x1c, 0x60, 0xf1, 0x8a, 0xbc, 0x6d,
  0xb2, 0x2b, 0x25, 0xc3, 0xc3, 0x57, 0x7d, 0xf6, 0x00, 0x9d, 0xe1, 0xee,
  0xb9, 0xfe, 0xc0, 0x25, 0x9c, 0x56, 0xd1, 0x31, 0xd1, 0x47, 0xff, 0xf1,
  0xa3, 0x26, 0xe2, 0xc6, 0x32, 0xd6, 0xe0, 0x8c, 0xa2, 0xf7, 0xa4, 0x86,
  0xd2, 0x2d, 0xbb, 0x0b, 0xc1, 0xff, 0x16, 0x4f, 0xb1, 0xb3, 0x48, 0xf9,
  0xc8, 0x06, 0x1f, 0x32, 0x3e, 0xe2, 0xf2, 0xa4, 0xc7, 0xcd, 0x4e, 0xc3,
  0xdd, 0x09, 0x22, 0x4a, 0x7f, 0x36, 0xff, 0x0e, 0x31, 0x92, 0x09, 0x53,
  0x26, 0x47, 0x23, 0xdb, 0xb9, 0x57, 0x66, 0x13, 0xe4, 0x52, 0x5f, 0x4c,
  0xb5, 0x28, 0x11, 0xb5, 0xe7, 0x27, 0x77, 0xf1, 0x0f, 0x33, 0xb4, 0x3e,
  0xe7, 0x5f, 0xe0, 0xb8, 0x52, 0x99, 0x17, 0x4d, 0x00, 0xe0, 0x43, 0x36,
  0x16, 0xe3, 0x48, 0x13, 0x48, 0x50, 0x31, 0xf6, 0xb1, 0xd3, 0xff, 0x33,
  0xfd, 0x4f, 0xaf, 0x26, 0xda, 0x67, 0x39, 0x53, 0xb5, 0x5f, 0xdb, 0xbb,
  0x1e, 0x0c, 0x17, 0x5f, 0x59, 0xe0, 0xc0, 0x4e, 0x1c, 0xaf, 0x38, 0x9d,
  0x00, 0xe3, 0xb0, 0x2b, 0xd0, 0x3e, 0x4d, 0xe2, 0xfd, 0x02, 0x1a, 0x5c,
  0x7f, 0xf5, 0xb3, 0x25, 0xe9, 0xf2, 0x06, 0xaf, 0xc3, 0xa4, 0x71, 0xb3,
  0x22, 0x46, 0x9e, 0x04, 0x4c, 0x65, 0xc1, 0x25, 0xb8, 0xd9, 0x5c, 0xfc,
  0xec, 0x9a, 0xf6, 0x0e, 0x44, 0x01, 0xbe, 0xd2, 0xd6, 0x40, 0xa5, 0x41,
  0xac, 0xa6, 0x02, 0x67, 0x54, 0xdc, 0xc8, 0x1a, 0xc7, 0x8e, 0x46, 0x0f,
  0x8d, 0xdb, 0x20, 0xd2, 0xf7, 0x6f, 0xe2, 0xac, 0x9c, 0xba, 0x04, 0xc4,
  0xa9, 0x11, 0x24, 0xc9, 0x69, 0x7c, 0x49, 0xd8, 0x0d, 0x1c, 0x56, 0xc6,
  0xe2, 0xc4, 0x0b, 0x52, 0x2e, 0x14, 0x8e, 0x32, 0x3d, 0xa5, 0x27, 0xfc,
  0x1a, 0x59, 0x32, 0x76, 0xd8, 0x77, 0x3a, 0xe3, 0x23, 0x64, 0xd1, 0x2a,
  0xfe, 0x7f, 0xe0, 0x33, 0x0d, 0xcc, 0x06, 0xd8, 0xf7, 0x2b, 0x36, 0x56,
  0xd1, 0x9f, 0xe1, 0xf7, 0x61, 0x13, 0x67, 0x4f, 0x18, 0xbb, 0x33, 0x79,
  0xe7, 0xd0, 0xe8, 0xfc, 0xeb, 0x52, 0x65, 0xd2, 0x25, 0x09, 0x0e, 0xa5,
  0x13, 0xfb, 0x2b, 0xb9, 0x20, 0x23, 0x38, 0xee, 0x2c, 0xe3, 0x42, 0xd7,
  0xe4, 0x0d, 0xef, 0xea, 0x3e, 0x11, 0x03, 0x13, 0x10, 0x07, 0x4b, 0xe8,
  0x18, 0x23, 0xf5, 0xe9, 0x09, 0x69, 0xca, 0x08, 0xda, 0x6c, 0xab, 0xf9,
  0x20, 0xa3, 0x35, 0x69, 0x3f, 0xe1, 0x36, 0x29, 0x2f, 0xaa, 0x0f, 0x98,
  0xcb, 0xc1, 0xed, 0x21, 0xf3, 0xa3, 0x0a, 0xee, 0x1b, 0xc6, 0xbb, 0xc1,
  0x3e, 0x4a, 0x67, 0x56, 0x98, 0x67, 0x46, 0x81, 0x08, 0x83, 0xbe, 0x00,
  0xb7, 0xb0, 0x5b, 0x3e, 0x26, 0xc1, 0x98, 0x10, 0xd3, 0x33, 0x17, 0x1b,
  0xd0, 0x1b, 0xa9, 0xa9, 0x33, 0xfb, 0x95, 0xea, 0x3b, 0x61, 0xc4, 0x73,
  0x03, 0xb2, 0x51, 0xc3, 0x8c, 0xf0, 0x6c, 0x5f, 0x2c, 0x15, 0xdf, 0x44,
  0x11, 0xcd, 0x22, 0xd2, 0xa0, 0x02, 0x47, 0x50, 0xa4, 0xd8, 0x06, 0x41,
  0x3b, 0xab, 0xa8, 0x34, 0x36, 0x62, 0xaa, 0xe1, 0x68, 0x92, 0x90, 0x21,
  0x5d, 0x60, 0x65, 0x52, 0x5a, 0x28, 0xb3, 0xe2, 0xf6, 0x4b, 0xcf, 0x34,
  0x58, 0xc0, 0xff, 0xf2, 0x6b, 0xe0, 0xff, 0xeb, 0x19, 0x4f, 0xec, 0x4f,
  0x40, 0xf3, 0xe8, 0xc1, 0x26, 0xfc, 0x9e, 0x21, 0x2d, 0xd1, 0x2c, 0x66,
  0xf6, 0xc4, 0xde, 0xf2, 0xf7, 0xd4, 0x29, 0xc4, 0xc1, 0x45, 0x4e, 0xae,
  0xd8, 0x72, 0xef, 0xad, 0xbc, 0xc2, 0x6c, 0xc9, 0xc9, 0x6e, 0xbc, 0xc1,
  0x4a, 0xd6, 0x9a, 0x59, 0xdb, 0xc2, 0x4d, 0x10, 0x30, 0xea, 0xb7, 0xac,
  0x4b, 0xf3, 0x4d, 0xff, 0xb6, 0xdd, 0xf5, 0x2a, 0x2d, 0x68, 0x7f, 0x13,
  0x91, 0x08, 0x62, 0x1d, 0x20, 0x0f, 0x1d, 0xb5, 0xcb, 0x15, 0x43, 0x3c,
  0x40, 0xfb, 0xe8, 0x6a, 0x05, 0xd1, 0x1f, 0xd9, 0x81, 0x10, 0xf2, 0xff,
  0x59, 0xeb, 0xff, 0xbc, 0xa8, 0x08, 0x4d, 0xdc, 0xa2, 0xdb, 0x04, 0xf8,
  0x52, 0xcb, 0x1b, 0x53, 0x1d, 0xce, 0x13, 0x44, 0xf8, 0xb1, 0x07, 0x4a,
  0x03, 0x33, 0x49, 0x42, 0x2a, 0x4c, 0x3d, 0xff, 0xf5, 0x37, 0xfb, 0xb2,
  0x26, 0x40, 0x9a, 0x29, 0x27, 0xd6, 0x84, 0x36, 0x4b, 0xcf, 0x4e, 0x9e,
  0xad, 0xcf, 0x2f, 0xbf, 0xe5, 0xbe, 0x2a, 0x2b, 0xa8, 0x3f, 0xbe, 0xa8,
  0xe4, 0x13, 0x31, 0x1f, 0x3e, 0x34, 0x07, 0xe9, 0xa7, 0x0f, 0xf1, 0x35,
  0xf6, 0x53, 0x29, 0xc4, 0xb2, 0x36, 0xf6, 0xc6, 0x51, 0x4b, 0xdf, 0xbe,
  0x3f, 0x68, 0xda, 0xab, 0x3c, 0x0a, 0x03, 0x52, 0xaf, 0x97, 0xd0, 0xef,
  0x4f, 0x94, 0xd4, 0x08, 0x03, 0x89, 0xde, 0x40, 0x0c, 0xd3, 0x55, 0xd1,
  0x1b, 0x26, 0xc9, 0x1f, 0xa5, 0x5a, 0x2e, 0x42, 0x5a, 0xc6, 0x0e, 0x4a,
  0x65, 0x98, 0x04, 0x27, 0x5a, 0xa8, 0x36, 0x19, 0x45, 0x36, 0x3a, 0x3b,
  0x86, 0x59, 0x1e, 0xfb, 0x99, 0x0a, 0x0c, 0xba, 0x04, 0x24, 0x51, 0x2c,
  0xd0, 0x37, 0xdf, 0x21, 0xba, 0xa9, 0x56, 0x5f, 0xba, 0x4c, 0x34, 0xd8,
  0x2d, 0x9b, 0x53, 0x97, 0xcd, 0x44, 0xd8, 0xe9, 0xb5, 0x11, 0xab, 0xde,
  0x0a, 0x00, 0x81, 0xd4, 0xd9, 0x4a, 0x3e, 0xb7, 0x64, 0x32, 0x32, 0xf1,
  0x05, 0xfa, 0x9f, 0x3c, 0x98, 0xe6, 0x1b, 0xb0, 0xf0, 0xa1, 0xe0, 0x5e,
  0xdf, 0x57, 0x5c, 0x01, 0x1a, 0x63, 0xdf, 0xef, 0xbc, 0xdf, 0x5b, 0x16,
  0x37, 0xca, 0xcf, 0xaa, 0x2c, 0xcf, 0x91, 0x33, 0x06, 0x5c, 0x17, 0xec,
  0x4f, 0x56, 0x2e, 0x58, 0x22, 0xe0, 0x52, 0x04, 0xf2, 0x8c, 0xaf, 0xad,
  0x09, 0x8c, 0xc4, 0x08, 0xce, 0x45, 0x88, 0xc3, 0x24, 0x9b, 0x0b, 0xcd,
  0xbd, 0xe8, 0x7f, 0xd4, 0xc1, 0xe1, 0x9b, 0xe1, 0x04, 0xf8, 0x00, 0x5c,
  0x6a, 0x06, 0xc8, 0x1c, 0xf1, 0xc4, 0x0a, 0x41, 0x50, 0x23, 0x4f, 0xb8,
  0x4c, 0x55, 0xb7, 0xcd, 0x11, 0x3d, 0xd1, 0x00, 0xc2, 0x34, 0xa8, 0x01,
  0xbf, 0x0e, 0x35, 0xcc, 0x3a, 0x26, 0x6a, 0xc0, 0x0b, 0xcc, 0x47, 0x44,
  0x07, 0xcd, 0xc7, 0x94, 0x97, 0xfa, 0xd0, 0x8e, 0x81, 0xa6, 0x95, 0x02,
  0x04, 0x54, 0xfd, 0xff, 0xe4, 0x1b, 0xeb, 0xa2, 0xcb, 0x50, 0xbf, 0x54,
  0xc9, 0x69, 0xa6, 0xd4, 0x9a, 0x30, 0x1a, 0xe9, 0xf6, 0xa9, 0x55, 0xb4,
  0x45, 0x6b, 0x51, 0x3b, 0x3d, 0x5b, 0x50, 0x34, 0x5f, 0xd9, 0x15, 0x26,
  0xbb, 0x26, 0xab, 0x07, 0xf1, 0x3c, 0x53, 0x95, 0x72, 0x6c, 0x1c, 0x9d,
  0xbb, 0x98, 0xfb, 0x0e, 0x23, 0x43, 0x5a, 0xd6, 0x41, 0xfe, 0x1f, 0x24,
  0x2b, 0x4e, 0xf6, 0xdd, 0x87, 0x0b, 0x16, 0xc3, 0x3a, 0xaf, 0xf4, 0xd3,
  0x26, 0x7c, 0x0f, 0xed, 0xe1, 0xee, 0x57, 0x0a, 0x5c, 0xc2, 0xf4, 0xc1,
  0x44, 0x16, 0x51, 0x44, 0xb3, 0x42, 0x3c, 0xd4, 0x03, 0xc9, 0x8f, 0x44,
  0xc4, 0x56, 0xe9, 0xe8, 0xd9, 0x21, 0x24, 0x4a, 0x19, 0x20, 0x4a, 0x45,
  0x18, 0x25, 0xaa, 0xb2, 0x58, 0xc1, 0xc6, 0x9e, 0xa4, 0x05, 0xac, 0x47,
  0x20, 0xd6, 0x01, 0x52, 0x5d, 0xec, 0x59, 0x0b, 0xd0, 0x3f, 0xfa, 0x4b,
  0xb6, 0xe1, 0x3c, 0x36, 0x54, 0x50, 0xa8, 0xbd, 0xd2, 0x54, 0xc9, 0xce,
  0x2f, 0xdf, 0x36, 0xd4, 0xa9, 0xf1, 0x4d, 0x31, 0x3e, 0xb1, 0x46, 0x9e,
  0x2f, 0xe0, 0x9f, 0xb9, 0xa6, 0xc1, 0xe3, 0x65, 0xbc, 0x28, 0x10, 0x9c,
  0x9c, 0x81, 0xf0, 0xa4, 0x81, 0xfa, 0xfc, 0xe0, 0x37, 0xc1, 0xb4, 0xa7,
  0x1e, 0x3c, 0x75, 0xc6, 0x4f, 0x81, 0x01, 0xf3, 0x6a, 0xf1, 0xfb, 0x05,
  0x7d, 0x55, 0x34, 0x42, 0x49, 0xa4, 0xa6, 0x24, 0x96, 0x65, 0xea, 0xec,
  0x33, 0x07, 0x9f, 0x07, 0x9b, 0x53, 0xd8, 0x96, 0x38, 0x13, 0xd2, 0x62,
  0x2a, 0xf3, 0x8a, 0x1f, 0xf7, 0x6e, 0xf1, 0xd3, 0xc2, 0xe0, 0xde, 0xc9,
  0x53, 0x2d, 0x43, 0xaa, 0x06, 0xd5, 0xee, 0xe5, 0xd4, 0x1a, 0x59, 0x0e,
  0x24, 0xcb, 0x04, 0x09, 0xaf, 0x21, 0xc9, 0x70, 0x04, 0x28, 0x69, 0xf6,
  0xdf, 0x14, 0xd6, 0xa8, 0xc0, 0x9e, 0xda, 0x56, 0xcd, 0x17, 0x95, 0x4b,
  0xdd, 0x95, 0x86, 0x8d, 0xcb, 0x93, 0xcf, 0xd7, 0x46, 0xb0, 0xf5, 0xbb,
  0x6f, 0x50, 0x5e, 0xe3, 0xdb, 0xf1, 0x7f, 0xf3, 0x11, 0xd6, 0xdb, 0x18,
  0x2c, 0xf3, 0x56, 0xbb, 0xe9, 0x3b, 0x13, 0x23, 0x33, 0x27, 0xd7, 0x3b,
  0xd3, 0xd5, 0xb3, 0x5f, 0xed, 0xba, 0xd1, 0x0d, 0x31, 0x7a, 0x5c, 0x51,
  0x6f, 0xd2, 0x4d, 0x56, 0x0a, 0xeb, 0x5f, 0x5a, 0xaf, 0x79, 0xb4, 0x1a,
  0xeb, 0xbf, 0x51, 0xc7, 0x16, 0x4e, 0x23, 0xb5, 0xce, 0xb9, 0xe5, 0xac,
  0x0b, 0x04, 0x06, 0x4d, 0x47, 0xa8, 0x23, 0x1d, 0xfe, 0xd7, 0x7c, 0xca,
  0x0a, 0xed, 0x2a, 0x3f, 0x94, 0x2c, 0xfb, 0x19, 0x55, 0xab, 0xb7, 0xb5,
  0x26, 0x95, 0x35, 0xe4, 0xaa, 0xd1, 0x5c, 0x24, 0xee, 0xd7, 0x0b, 0x01,
  0xa2, 0x11, 0x17, 0xd7, 0x0f, 0x0e, 0x69, 0x2f, 0xb2, 0xb1, 0xe6, 0x49,
  0xe8, 0x09, 0xfa, 0xd8, 0x96, 0xf4, 0x0e, 0xb7, 0x1a, 0x33, 0xdc, 0xdc,
  0xfc, 0x31, 0xaf, 0x46, 0xf8, 0x19, 0x9f, 0x54, 0x2d, 0xf8, 0x34, 0x5e,
  0xac, 0x60, 0xe5, 0x33, 0xe7, 0xec, 0x0a, 0x3f, 0x52, 0xb2, 0x25, 0xda,
  0x34, 0xbf, 0xe7, 0x62, 0x67, 0x90, 0x4c, 0xec, 0x19, 0x03, 0x64, 0xbf,
  0x0b, 0xcc, 0x7f, 0xc2, 0x3f, 0x07, 0xf1, 0x90, 0xc0, 0x3c, 0x95, 0xfd,
  0x63, 0xe2, 0x0d, 0xca, 0x67, 0x34, 0xf1, 0x2c, 0x51, 0x3b, 0xf0, 0xce,
  0x55, 0x2d, 0x20, 0x5e, 0xd5, 0x5f, 0x1b, 0x01, 0x34, 0xab, 0x64, 0x35,
  0x6a, 0xc3, 0x52, 0x7a, 0x55, 0x0b, 0x40, 0x2a, 0xfe, 0xea, 0x16, 0x23,
  0x4b, 0xbe, 0xf3, 0xd7, 0x4d, 0xf0, 0x1b, 0x0c, 0x42, 0x00, 0x36, 0xf8,
  0x2c, 0xcb, 0x34, 0xa3, 0x0b, 0xf0, 0xc8, 0xf9, 0xeb, 0x66, 0x1f, 0xbd,
  0x79, 0xc5, 0xc5, 0xa1, 0x4e, 0x23, 0xc9, 0xf8, 0x01, 0xf1, 0x4f, 0x15,
  0x39, 0xc2, 0x16, 0xf8, 0x03, 0x2a, 0x2a, 0x7f, 0xc4, 0xbe, 0xc1, 0xf2,
  0x73, 0x03, 0xbd, 0xb2, 0x3d, 0x7e, 0x28, 0xf1, 0xfe, 0x0c, 0x5d, 0x0c,
  0x15, 0x2b, 0x0f, 0x06, 0x3c, 0x25, 0xa5, 0xf1, 0xe9, 0xdc, 0xb2, 0x00,
  0xd1, 0x9c, 0xdb, 0xf1, 0x04, 0x59, 0xf2, 0xaa, 0xc8, 0x36, 0xd1, 0x2f,
  0x75, 0x10, 0xf3, 0x56, 0x4c, 0x1e, 0xe1, 0x2f, 0xe9, 0x21, 0xf2, 0x5e,
  0x53, 0x55, 0x64, 0x31, 0x36, 0x2f, 0x1c, 0xf7, 0x72, 0x48, 0x10, 0x9e,
  0x4a, 0x3e, 0xf6, 0x1b, 0xc0, 0x27, 0x32, 0x6f, 0xf4, 0x45, 0x5a, 0x5b,
  0x29, 0x09, 0x50, 0xc5, 0x9d, 0x21, 0x17, 0x5b, 0xf2, 0x3a, 0x59, 0xa6,
  0x42, 0x63, 0x5f, 0xdd, 0xfc, 0x08, 0x7d, 0x13, 0xd1, 0x1d, 0x13, 0xcd,
  0xf6, 0x67, 0x0c, 0x2e, 0xfd, 0x7b, 0xcd, 0x3c, 0x7f, 0x61, 0xa9, 0xbc,
  0x20, 0xe1, 0xe9, 0xcd, 0x21, 0xa8, 0x8d, 0x02, 0x7f, 0x9a, 0xf5, 0x0b,
  0xda, 0xd9, 0xd9, 0x58, 0x84, 0x36, 0xe7, 0x1d, 0x47, 0xd7, 0xbb, 0xec,
  0xad, 0xbc, 0x09, 0x35, 0xb5, 0x23, 0x30, 0x47, 0xff, 0x0b, 0xd8, 0x9c,
  0x20, 0xbf, 0x56, 0xff, 0xc4, 0xf1, 0x1f, 0x3a, 0x5b, 0xbb, 0x6f, 0xca,
  0x25, 0x35, 0x8c, 0xd0, 0xc3, 0x00, 0xe9, 0x6d, 0xe6, 0xf1, 0x2e, 0xe0,
  0xf7, 0x73, 0xa6, 0xb9, 0x35, 0xda, 0xe8, 0x16, 0x30, 0x28, 0xb7, 0xad,
  0x50, 0x4e, 0xae, 0xba, 0x81, 0x2e, 0xe7, 0xc9, 0xe8, 0x92, 0x74, 0x37,
  0xcc, 0xfc, 0x36, 0x8a, 0xb4, 0x63, 0x5e, 0x24, 0xbf, 0xfd, 0x69, 0x22,
  0xdd, 0x7b, 0x43, 0xfc, 0x94, 0xf4, 0x74, 0x09, 0x95, 0xf1, 0x03, 0xae,
  0xf1, 0x8d, 0xb6, 0xd5, 0x22, 0x33, 0xac, 0xf7, 0xeb, 0x0e, 0xc3, 0x75,
  0x50, 0x10, 0xa3, 0xcc, 0xbb, 0x78, 0xb8, 0x16, 0xaa, 0x3b, 0x4b, 0x21,
  0xe5, 0x1e, 0x0e, 0x3e, 0x33, 0xba, 0xd6, 0xf6, 0xef, 0x9f, 0x20, 0xc7,
  0x60, 0x24, 0x0b, 0x9d, 0x52, 0xd1, 0x12, 0xc5, 0x3e, 0x7f, 0xd6, 0x1f,
  0x6b, 0xfc, 0x36, 0xfc, 0xaf, 0x36, 0xed, 0xe9, 0xe2, 0x6b, 0xe1, 0x19,
  0x39, 0x61, 0x42, 0xc7, 0xdd, 0x58, 0xf0, 0x5a, 0x3c, 0x05, 0x99, 0x1d,
  0x7c, 0x13, 0x21, 0x38, 0x27, 0x6c, 0x73, 0x62, 0x0a, 0x21, 0x12, 0x05,
  0xe0, 0xf1, 0xe9, 0x36, 0x35, 0x27, 0xeb, 0xdf, 0xd7, 0x09, 0xf6, 0x39,
  0xd3, 0xd5, 0xf4, 0x52, 0xec, 0xa2, 0x01, 0xf4, 0x54, 0x5e, 0x43, 0xab,
  0xe0, 0x25, 0xe6, 0xab, 0xc7, 0x3c, 0x5d, 0xe0, 0x31, 0x23, 0x4f, 0x3e,
  0xd2, 0xad, 0x38, 0xc9, 0xbb, 0x54, 0x54, 0x68, 0x63, 0x1d, 0x51, 0x9f,
  0x49, 0x71, 0xa2, 0xff, 0xdf, 0x54, 0x2a, 0xf8, 0xb8, 0x4a, 0xeb, 0xbd,
  0x4f, 0x2e, 0xbc, 0x4a, 0x2c, 0xdf, 0x91, 0xbf, 0x05, 0x49, 0xc7, 0x7a,
  0x9c, 0x67, 0x0e, 0x25, 0xa6, 0x25, 0x8c, 0x27, 0x81, 0xca, 0x68, 0xe2,
  0x56, 0x5e, 0x17, 0xa6, 0x09, 0x88, 0xe8, 0x22, 0x3e, 0x39, 0xce, 0x4b,
  0x12, 0xcb, 0xcf, 0xd1, 0xaa, 0xb4, 0xf3, 0xca, 0x4e, 0x2b, 0xd2, 0x4f,
  0xbc, 0x8b, 0xf6, 0xbc, 0xda, 0xbc, 0x7f, 0x11, 0xb8, 0x85, 0x2f, 0x54,
  0xa6, 0x3a, 0xa2, 0x04, 0xa9, 0xc0, 0x4c, 0x35, 0x6c, 0xb0, 0xd4, 0xd8,
  0x55, 0x6f, 0xd4, 0x69, 0x1a, 0x51, 0x2e, 0x1f, 0x9c, 0xeb, 0x39, 0x21,
  0x94, 0x74, 0xfd, 0x1f, 0x50, 0x19, 0xee, 0xa6, 0x93, 0xd4, 0x5e, 0xf9,
  0x1d, 0x5a, 0xf2, 0x5d, 0x92, 0x54, 0x76, 0x27, 0x41, 0x8d, 0xa4, 0x2c,
  0x2c, 0xfb, 0x24, 0x89, 0x3e, 0x9a, 0x19, 0xbe, 0xa7, 0xbb, 0x15, 0xd1,
  0xdd, 0xd7, 0x9a, 0x8c, 0xdb, 0x53, 0x2a, 0x5d, 0xd5, 0xcf, 0x0a, 0x22,
  0x09, 0xf3, 0xed, 0x9b, 0xdb, 0x92, 0xfe, 0x15, 0x28, 0xf7, 0x4d, 0x53,
  0xd3, 0xf3, 0xc8, 0x57, 0xd9, 0xfd, 0x94, 0x38, 0x9f, 0xff, 0xcc, 0x4d,
  0x0d, 0xc8, 0x6b, 0xd2, 0xf6, 0x9b, 0x5e, 0x5b, 0x34, 0x43, 0xbc, 0x4e,
  0x59, 0x5c, 0x41, 0x51, 0x38, 0x6c, 0x31, 0xab, 0x57, 0x29, 0x1b, 0x9d,
  0x28, 0x31, 0x24, 0x94, 0x58, 0x6d, 0xab, 0x5e, 0x15, 0x59, 0x6f, 0x1e,
  0x6a, 0xa9, 0x7f, 0xdb, 0x8a, 0x44, 0x24, 0x9a, 0xd0, 0xe6, 0x6f, 0x1f,
  0x0e, 0x60, 0xf2, 0xcb, 0x10, 0x3f, 0x76, 0xd0, 0x1d, 0x6f, 0xbb, 0xf7,
  0xb2, 0x29, 0xc5, 0xf2, 0x52, 0xb6, 0xbe, 0x78, 0xb7, 0xbf, 0x02, 0x2f,
  0xd4, 0xfb, 0x1d, 0xc6, 0xd9, 0xd8, 0xdf, 0x23, 0xe7, 0xbf, 0x56, 0x5b,
  0x18, 0xf2, 0x0d, 0x52, 0x1f, 0x8c, 0x38, 0x94, 0x38, 0x23, 0xf1, 0x8d,
  0xe8, 0x07, 0x24, 0xc4, 0x16, 0xb5, 0x1c, 0xbf, 0x37, 0x20, 0x27, 0x30,
  0xcd, 0x83, 0xec, 0x84, 0x7f, 0xf8, 0x07, 0x1a, 0xa7, 0x44, 0x24, 0x17,
  0xd4, 0x30, 0xb1, 0x15, 0x8a, 0x36, 0x14, 0xae, 0xf4, 0xda, 0x93, 0xc5,
  0x27, 0x4b, 0xf1, 0x52, 0xaf, 0x39, 0xbd, 0x42, 0xa4, 0xdd, 0xc3, 0x8a,
  0x41, 0xe9, 0xe4, 0xd4, 0x2a, 0x34, 0x9d, 0x14, 0x01, 0x30, 0x6b, 0x35,
  0x9e, 0x2e, 0x8f, 0x20, 0x0c, 0x55, 0x67, 0xb2, 0x5d, 0xad, 0x57, 0x97,
  0xad, 0xf8, 0xd9, 0x0a, 0x3d, 0x20, 0xee, 0x56, 0x97, 0xd1, 0x56, 0x0a,
  0xde, 0x31, 0x13, 0x42, 0x3a, 0xfd, 0xff, 0xff, 0x04, 0x00, 0x00, 0x00,
  0x80, 0x00, 0x00, 0x00, 0x13, 0x0c, 0x00, 0x00, 0x0c, 0xf6, 0xff, 0xff,
  0x3d, 0x0c, 0x00, 0x00, 0x79, 0x0a, 0x00, 0x00, 0x54, 0x0d, 0x00, 0x00,
  0xf2, 0x07, 0x00, 0x00, 0xe9, 0xf5, 0xff, 0xff, 0xa8, 0x09, 0x00, 0x00,
  0x38, 0xf6, 0xff, 0xff, 0x41, 0x0b, 0x00, 0x00, 0x1e, 0x06, 0x00, 0x00,
  0xbc, 0xfd, 0xff, 0xff, 0x5c, 0x0b, 0x00, 0x00, 0x09, 0xf7, 0xff, 0xff,
  0x10, 0x0c, 0x00, 0x00, 0xa9, 0xf7, 0xff, 0xff, 0x61, 0x0c, 0x00, 0x00,
  0x85, 0x0b, 0x00, 0x00, 0xd3, 0x0c, 0x00, 0x00, 0x91, 0x04, 0x00, 0x00,
  0x68, 0x09, 0x00, 0x00, 0x9f, 0x0d, 0x00, 0x00, 0xf3, 0xf7, 0xff, 0xff,
  0x57, 0x08, 0x00, 0x00, 0xeb, 0xf8, 0xff, 0xff, 0x99, 0xf5, 0xff, 0xff,
  0xae, 0x0d, 0x00, 0x00, 0x4f, 0xf7, 0xff, 0xff, 0x84, 0x09, 0x00, 0x00,
  0x24, 0x08, 0x00, 0x00, 0xaa, 0xfb, 0xff, 0xff, 0x8b, 0x0a, 0x00, 0x00,
  0xc6, 0xfd, 0xff, 0xff, 0x04, 0x00, 0x00, 0x00, 0x20, 0x00, 0x00, 0x00,
  0x63, 0xb1, 0x5c, 0x3d, 0x7f, 0x47, 0xc6, 0x3e, 0xb3, 0x5d, 0x5b, 0xd1,
  0x67, 0xb5, 0x59, 0xc8, 0x5a, 0x68, 0x58, 0x4b, 0x38, 0x63, 0xc2, 0x55,
  0xc0, 0xb7, 0x6d, 0xc0, 0x3f, 0x27, 0xe0, 0x65, 0xf2, 0xfd, 0xff, 0xff,
  0x04, 0x00, 0x00, 0x00, 0x20, 0x00, 0x00, 0x00, 0x8f, 0xfa, 0x8d, 0xa3,
  0x8c, 0x80, 0xfc, 0xb6, 0xf5, 0x8f, 0x91, 0xe6, 0xae, 0xf7, 0xa6, 0x00,
  0xa6, 0xa7, 0xac, 0xb8, 0x9f, 0xbb, 0xfb, 0xda, 0xf7, 0xfc, 0x87, 0xfe,
  0x8a, 0xcb, 0xf7, 0xb1, 0x1e, 0xfe, 0xff, 0xff, 0x04, 0x00, 0x00, 0x00,
  0xe0, 0x00, 0x00, 0x00, 0x0b, 0xd5, 0x18, 0x86, 0xb4, 0x0c, 0x27, 0xd9,
  0xc3, 0xd4, 0x81, 0x22, 0x03, 0x22, 0xcf, 0xa4, 0xcf, 0x1b, 0xee, 0x10,
  0xe0, 0x39, 0x33, 0xc9, 0x14, 0xe2, 0x25, 0xe9, 0xaa, 0xfd, 0xa9, 0x0e,
  0xb4, 0xc4, 0xe6, 0x2d, 0x3b, 0xbb, 0xf7, 0x98, 0x31, 0xf8, 0xcf, 0x21,
  0xa4, 0xe3, 0x0a, 0xe9, 0xa9, 0x81, 0x3f, 0xaf, 0x34, 0x56, 0x43, 0x5d,
  0xc1, 0xd9, 0x8b, 0x6a, 0xb6, 0xa4, 0xa3, 0xea, 0x74, 0xc4, 0x7f, 0x62,
  0x76, 0x54, 0xbc, 0x0e, 0x9f, 0x6e, 0xd3, 0xe2, 0x17, 0xf0, 0x46, 0x90,
  0x09, 0x28, 0x34, 0x07, 0x6b, 0x3b, 0xec, 0xf9, 0xd5, 0xc3, 0x6d, 0xef,
  0x4e, 0x2f, 0xe2, 0x5c, 0x2e, 0xb4, 0x07, 0x18, 0x94, 0x3d, 0x4e, 0x81,
  0xf0, 0x45, 0xcd, 0xc4, 0x1c, 0x0f, 0xda, 0x3e, 0xaa, 0xe8, 0x2f, 0xe9,
  0xb2, 0xe3, 0xf5, 0x85, 0x6c, 0x13, 0x31, 0x4d, 0x28, 0x4f, 0x3a, 0xfc,
  0xd9, 0x3e, 0xd3, 0x56, 0xe3, 0x17, 0xae, 0xf9, 0xd8, 0xf8, 0x81, 0xc6,
  0xaf, 0x1a, 0x4b, 0x5c, 0x98, 0xac, 0xc1, 0xff, 0x17, 0xc5, 0x6e, 0xa8,
  0x1a, 0xd5, 0xae, 0xef, 0xf3, 0x48, 0x27, 0x93, 0x81, 0x48, 0xe1, 0x94,
  0x07, 0xab, 0xfb, 0x2c, 0x46, 0x03, 0x29, 0xc6, 0xb0, 0x65, 0xd6, 0x5f,
  0xe5, 0x32, 0xb6, 0xc1, 0x97, 0xd7, 0xe9, 0x0e, 0xab, 0xc5, 0xa3, 0xd3,
  0xf9, 0xb7, 0xe3, 0x28, 0x38, 0x61, 0x9a, 0x18, 0xc9, 0x81, 0x1a, 0x48,
  0xcd, 0xfd, 0x9a, 0xee, 0x81, 0x45, 0xda, 0xb6, 0xa6, 0x0f, 0xbe, 0x2c,
  0xa5, 0x30, 0xc3, 0x8b, 0x4a, 0x73, 0xa1, 0x50, 0xef, 0xe1, 0x95, 0xd7,
  0x0a, 0xff, 0xff, 0xff, 0x04, 0x00, 0x00, 0x00, 0x1c, 0x00, 0x00, 0x00,
  0x21, 0xfa, 0xff, 0xff, 0x1f, 0xfa, 0xff, 0xff, 0xaa, 0x05, 0x00, 0x00,
  0x02, 0xfa, 0xff, 0xff, 0x23, 0xfa, 0xff, 0xff, 0x39, 0xfa, 0xff, 0xff,
  0xd8, 0xf9, 0xff, 0xff, 0x32, 0xff, 0xff, 0xff, 0x04, 0x00, 0x00, 0x00,
  0x08, 0x00, 0x00, 0x00, 0x01, 0x00, 0x00, 0x00, 0x02, 0x00, 0x00, 0x00,
  0xa8, 0xdc, 0xff, 0xff, 0xac, 0xdc, 0xff, 0xff, 0x0f, 0x00, 0x00, 0x00,
  0x4d, 0x4c, 0x49, 0x52, 0x20, 0x43, 0x6f, 0x6e, 0x76, 0x65, 0x72, 0x74,
  0x65, 0x64, 0x2e, 0x00, 0x01, 0x00, 0x00, 0x00, 0x14, 0x00, 0x00, 0x00,
  0x00, 0x00, 0x0e, 0x00, 0x18, 0x00, 0x14, 0x00, 0x10, 0x00, 0x0c, 0x00,
  0x08, 0x00, 0x04, 0x00, 0x0e, 0x00, 0x00, 0x00, 0x14, 0x00, 0x00, 0x00,
  0x1c, 0x00, 0x00, 0x00, 0x38, 0x04, 0x00, 0x00, 0x3c, 0x04, 0x00, 0x00,
  0x40, 0x04, 0x00, 0x00, 0x04, 0x00, 0x00, 0x00, 0x6d, 0x61, 0x69, 0x6e,
  0x00, 0x00, 0x00, 0x00, 0x11, 0x00, 0x00, 0x00, 0xd4, 0x03, 0x00, 0x00,
  0x90, 0x03, 0x00, 0x00, 0x4c, 0x03, 0x00, 0x00, 0x0c, 0x03, 0x00, 0x00,
  0xd8, 0x02, 0x00, 0x00, 0xa4, 0x02, 0x00, 0x00, 0x50, 0x02, 0x00, 0x00,
  0x00, 0x02, 0x00, 0x00, 0xcc, 0x01, 0x00, 0x00, 0x98, 0x01, 0x00, 0x00,
  0x58, 0x01, 0x00, 0x00, 0x24, 0x01, 0x00, 0x00, 0xf0, 0x00, 0x00, 0x00,
  0xac, 0x00, 0x00, 0x00, 0x78, 0x00, 0x00, 0x00, 0x40, 0x00, 0x00, 0x00,
  0x04, 0x00, 0x00, 0x00, 0xea, 0xfd, 0xff, 0xff, 0x1c, 0x00, 0x00, 0x00,
  0x00, 0x00, 0x00, 0x09, 0x1c, 0x00, 0x00, 0x00, 0x20, 0x00, 0x00, 0x00,
  0x06, 0x00, 0x00, 0x00, 0x00, 0x00, 0x06, 0x00, 0x08, 0x00, 0x04, 0x00,
  0x06, 0x00, 0x00, 0x00, 0x00, 0x00, 0x80, 0x3f, 0x01, 0x00, 0x00, 0x00,
  0x24, 0x00, 0x00, 0x00, 0x01, 0x00, 0x00, 0x00, 0x23, 0x00, 0x00, 0x00,
  0xf6, 0xfc, 0xff, 0xff, 0x14, 0x00, 0x00, 0x00, 0x00, 0x00, 0x00, 0x08,
  0x10, 0x00, 0x00, 0x00, 0x14, 0x00, 0x00, 0x00, 0x05, 0x00, 0x00, 0x00,
  0x98, 0xdd, 0xff, 0xff, 0x01, 0x00, 0x00, 0x00, 0x23, 0x00, 0x00, 0x00,
  0x03, 0x00, 0x00, 0x00, 0x22, 0x00, 0x00, 0x00, 0x03, 0x00, 0x00, 0x00,
  0x02, 0x00, 0x00, 0x00, 0x2a, 0xfd, 0xff, 0xff, 0x14, 0x00, 0x00, 0x00,
  0x00, 0x00, 0x00, 0x1b, 0x10, 0x00, 0x00, 0x00, 0x14, 0x00, 0x00, 0x00,
  0x04, 0x00, 0x00, 0x00, 0xcc, 0xdd, 0xff, 0xff, 0x01, 0x00, 0x00, 0x00,
  0x22, 0x00, 0x00, 0x00, 0x02, 0x00, 0x00, 0x00, 0x21, 0x00, 0x00, 0x00,
  0x01, 0x00, 0x00, 0x00, 0x5a, 0xfd, 0xff, 0xff, 0x14, 0x00, 0x00, 0x00,
  0x00, 0x00, 0x00, 0x05, 0x24, 0x00, 0x00, 0x00, 0x28, 0x00, 0x00, 0x00,
  0x03, 0x00, 0x00, 0x00, 0x76, 0xfe, 0xff, 0xff, 0x02, 0x00, 0x00, 0x00,
  0x01, 0x00, 0x00, 0x00, 0x02, 0x00, 0x00, 0x00, 0x01, 0x00, 0x00, 0x00,
  0x00, 0x00, 0x00, 0x01, 0x01, 0x00, 0x00, 0x00, 0x21, 0x00, 0x00, 0x00,
  0x01, 0x00, 0x00, 0x00, 0x20, 0x00, 0x00, 0x00, 0x9a, 0xfd, 0xff, 0xff,
  0x14, 0x00, 0x00, 0x00, 0x00, 0x00, 0x00, 0x0b, 0x10, 0x00, 0x00, 0x00,
  0x14, 0x00, 0x00, 0x00, 0x02, 0x00, 0x00, 0x00, 0x3c, 0xde, 0xff, 0xff,
  0x01, 0x00, 0x00, 0x00, 0x20, 0x00, 0x00, 0x00, 0x02, 0x00, 0x00, 0x00,
  0x1f, 0x00, 0x00, 0x00, 0x04, 0x00, 0x00, 0x00, 0xca, 0xfd, 0xff, 0xff,
  0x14, 0x00, 0x00, 0x00, 0x00, 0x00, 0x00, 0x15, 0x10, 0x00, 0x00, 0x00,
  0x14, 0x00, 0x00, 0x00, 0x01, 0x00, 0x00, 0x00, 0x6c, 0xde, 0xff, 0xff,
  0x01, 0x00, 0x00, 0x00, 0x1f, 0x00, 0x00, 0x00, 0x02, 0x00, 0x00, 0x00,
  0x1e, 0x00, 0x00, 0x00, 0x05, 0x00, 0x00, 0x00, 0xba, 0xfd, 0xff, 0xff,
  0x10, 0x00, 0x00, 0x00, 0x00, 0x00, 0x00, 0x01, 0x18, 0x00, 0x00, 0x00,
  0x1c, 0x00, 0x00, 0x00, 0xac, 0xfd, 0xff, 0xff, 0x00, 0x00, 0x00, 0x01,
  0x01, 0x00, 0x00, 0x00, 0x01, 0x00, 0x00, 0x00, 0x01, 0x00, 0x00, 0x00,
  0x1e, 0x00, 0x00, 0x00, 0x03, 0x00, 0x00, 0x00, 0x1d, 0x00, 0x00, 0x00,
  0x07, 0x00, 0x00, 0x00, 0x06, 0x00, 0x00, 0x00, 0x36, 0xfe, 0xff, 0xff,
  0x14, 0x00, 0x00, 0x00, 0x00, 0x00, 0x00, 0x0b, 0x10, 0x00, 0x00, 0x00,
  0x14, 0x00, 0x00, 0x00, 0x02, 0x00, 0x00, 0x00, 0xd8, 0xde, 0xff, 0xff,
  0x01, 0x00, 0x00, 0x00, 0x1d, 0x00, 0x00, 0x00, 0x02, 0x00, 0x00, 0x00,
  0x1c, 0x00, 0x00, 0x00, 0x08, 0x00, 0x00, 0x00, 0x66, 0xfe, 0xff, 0xff,
  0x14, 0x00, 0x00, 0x00, 0x00, 0x00, 0x00, 0x15, 0x10, 0x00, 0x00, 0x00,
  0x14, 0x00, 0x00, 0x00, 0x01, 0x00, 0x00, 0x00, 0x08, 0xdf, 0xff, 0xff,
  0x01, 0x00, 0x00, 0x00, 0x1c, 0x00, 0x00, 0x00, 0x02, 0x00, 0x00, 0x00,
  0x1b, 0x00, 0x00, 0x00, 0x09, 0x00, 0x00, 0x00, 0x56, 0xfe, 0xff, 0xff,
  0x10, 0x00, 0x00, 0x00, 0x00, 0x00, 0x00, 0x01, 0x18, 0x00, 0x00, 0x00,
  0x1c, 0x00, 0x00, 0x00, 0x48, 0xfe, 0xff, 0xff, 0x00, 0x00, 0x00, 0x01,
  0x01, 0x00, 0x00, 0x00, 0x01, 0x00, 0x00, 0x00, 0x01, 0x00, 0x00, 0x00,
  0x1b, 0x00, 0x00, 0x00, 0x03, 0x00, 0x00, 0x00, 0x1a, 0x00, 0x00, 0x00,
  0x0b, 0x00, 0x00, 0x00, 0x0a, 0x00, 0x00, 0x00, 0x00, 0x00, 0x0e, 0x00,
  0x1a, 0x00, 0x14, 0x00, 0x10, 0x00, 0x0c, 0x00, 0x0b, 0x00, 0x04, 0x00,
  0x0e, 0x00, 0x00, 0x00, 0x24, 0x00, 0x00, 0x00, 0x00, 0x00, 0x00, 0x05,
  0x34, 0x00, 0x00, 0x00, 0x38, 0x00, 0x00, 0x00, 0x03, 0x00, 0x00, 0x00,
  0x00, 0x00, 0x0e, 0x00, 0x18, 0x00, 0x17, 0x00, 0x10, 0x00, 0x0c, 0x00,
  0x08, 0x00, 0x04, 0x00, 0x0e, 0x00, 0x00, 0x00, 0x02, 0x00, 0x00, 0x00,
  0x01, 0x00, 0x00, 0x00, 0x02, 0x00, 0x00, 0x00, 0x01, 0x00, 0x00, 0x00,
  0x00, 0x00, 0x00, 0x01, 0x01, 0x00, 0x00, 0x00, 0x1a, 0x00, 0x00, 0x00,
  0x01, 0x00, 0x00, 0x00, 0x19, 0x00, 0x00, 0x00, 0x32, 0xff, 0xff, 0xff,
  0x14, 0x00, 0x00, 0x00, 0x00, 0x00, 0x00, 0x0b, 0x10, 0x00, 0x00, 0x00,
  0x14, 0x00, 0x00, 0x00, 0x02, 0x00, 0x00, 0x00, 0xd4, 0xdf, 0xff, 0xff,
  0x01, 0x00, 0x00, 0x00, 0x19, 0x00, 0x00, 0x00, 0x02, 0x00, 0x00, 0x00,
  0x18, 0x00, 0x00, 0x00, 0x0c, 0x00, 0x00, 0x00, 0x62, 0xff, 0xff, 0xff,
  0x14, 0x00, 0x00, 0x00, 0x00, 0x00, 0x00, 0x15, 0x10, 0x00, 0x00, 0x00,
  0x14, 0x00, 0x00, 0x00, 0x01, 0x00, 0x00, 0x00, 0x04, 0xe0, 0xff, 0xff,
  0x01, 0x00, 0x00, 0x00, 0x18, 0x00, 0x00, 0x00, 0x02, 0x00, 0x00, 0x00,
  0x17, 0x00, 0x00, 0x00, 0x0d, 0x00, 0x00, 0x00, 0x52, 0xff, 0xff, 0xff,
  0x10, 0x00, 0x00, 0x00, 0x00, 0x00, 0x00, 0x01, 0x18, 0x00, 0x00, 0x00,
  0x1c, 0x00, 0x00, 0x00, 0x44, 0xff, 0xff, 0xff, 0x00, 0x00, 0x00, 0x01,
  0x01, 0x00, 0x00, 0x00, 0x01, 0x00, 0x00, 0x00, 0x01, 0x00, 0x00, 0x00,
  0x17, 0x00, 0x00, 0x00, 0x03, 0x00, 0x00, 0x00, 0x16, 0x00, 0x00, 0x00,
  0x0f, 0x00, 0x00, 0x00, 0x0e, 0x00, 0x00, 0x00, 0xce, 0xff, 0xff, 0xff,
  0x14, 0x00, 0x00, 0x00, 0x00, 0x00, 0x00, 0x0b, 0x10, 0x00, 0x00, 0x00,
  0x14, 0x00, 0x00, 0x00, 0x02, 0x00, 0x00, 0x00, 0x70, 0xe0, 0xff, 0xff,
  0x01, 0x00, 0x00, 0x00, 0x16, 0x00, 0x00, 0x00, 0x02, 0x00, 0x00, 0x00,
  0x15, 0x00, 0x00, 0x00, 0x10, 0x00, 0x00, 0x00, 0x00, 0x00, 0x0e, 0x00,
  0x18, 0x00, 0x14, 0x00, 0x10, 0x00, 0x0c, 0x00, 0x0b, 0x00, 0x04, 0x00,
  0x0e, 0x00, 0x00, 0x00, 0x14, 0x00, 0x00, 0x00, 0x00, 0x00, 0x00, 0x15,
  0x10, 0x00, 0x00, 0x00, 0x14, 0x00, 0x00, 0x00, 0x01, 0x00, 0x00, 0x00,
  0xb0, 0xe0, 0xff, 0xff, 0x01, 0x00, 0x00, 0x00, 0x15, 0x00, 0x00, 0x00,
  0x02, 0x00, 0x00, 0x00, 0x14, 0x00, 0x00, 0x00, 0x11, 0x00, 0x00, 0x00,
  0x00, 0x00, 0x0e, 0x00, 0x14, 0x00, 0x00, 0x00, 0x10, 0x00, 0x0c, 0x00,
  0x0b, 0x00, 0x04, 0x00, 0x0e, 0x00, 0x00, 0x00, 0x1c, 0x00, 0x00, 0x00,
  0x00, 0x00, 0x00, 0x01, 0x24, 0x00, 0x00, 0x00, 0x28, 0x00, 0x00, 0x00,
  0x0c, 0x00, 0x10, 0x00, 0x00, 0x00, 0x0c, 0x00, 0x08, 0x00, 0x07, 0x00,
  0x0c, 0x00, 0x00, 0x00, 0x00, 0x00, 0x00, 0x01, 0x01, 0x00, 0x00, 0x00,
  0x01, 0x00, 0x00, 0x00, 0x01, 0x00, 0x00, 0x00, 0x14, 0x00, 0x00, 0x00,
  0x03, 0x00, 0x00, 0x00, 0x00, 0x00, 0x00, 0x00, 0x13, 0x00, 0x00, 0x00,
  0x12, 0x00, 0x00, 0x00, 0x01, 0x00, 0x00, 0x00, 0x24, 0x00, 0x00, 0x00,
  0x01, 0x00, 0x00, 0x00, 0x00, 0x00, 0x00, 0x00, 0x25, 0x00, 0x00, 0x00,
  0x40, 0x1f, 0x00, 0x00, 0xac, 0x1e, 0x00, 0x00, 0xf4, 0x1d, 0x00, 0x00,
  0x38, 0x1d, 0x00, 0x00, 0xb4, 0x1c, 0x00, 0x00, 0x30, 0x1c, 0x00, 0x00,
  0xdc, 0x19, 0x00, 0x00, 0xe8, 0x17, 0x00, 0x00, 0x64, 0x17, 0x00, 0x00,
  0xe0, 0x16, 0x00, 0x00, 0x8c, 0x14, 0x00, 0x00, 0x98, 0x12, 0x00, 0x00,
  0x14, 0x12, 0x00, 0x00, 0x90, 0x11, 0x00, 0x00, 0xfc, 0x0f, 0x00, 0x00,
  0xc8, 0x0e, 0x00, 0x00, 0x44, 0x0e, 0x00, 0x00, 0xc0, 0x0d, 0x00, 0x00,
  0x2c, 0x0c, 0x00, 0x00, 0xf8, 0x0a, 0x00, 0x00, 0x0c, 0x0a, 0x00, 0x00,
  0x78, 0x09, 0x00, 0x00, 0xe4, 0x08, 0x00, 0x00, 0xf8, 0x07, 0x00, 0x00,
  0x64, 0x07, 0x00, 0x00, 0xd0, 0x06, 0x00, 0x00, 0x44, 0x06, 0x00, 0x00,
  0x58, 0x05, 0x00, 0x00, 0xc4, 0x04, 0x00, 0x00, 0x30, 0x04, 0x00, 0x00,
  0x44, 0x03, 0x00, 0x00, 0xb0, 0x02, 0x00, 0x00, 0x1c, 0x02, 0x00, 0x00,
  0x90, 0x01, 0x00, 0x00, 0x0c, 0x01, 0x00, 0x00, 0x70, 0x00, 0x00, 0x00,
  0x04, 0x00, 0x00, 0x00, 0x6a, 0xe1, 0xff, 0xff, 0x00, 0x00, 0x00, 0x01,
  0x14, 0x00, 0x00, 0x00, 0x30, 0x00, 0x00, 0x00, 0x25, 0x00, 0x00, 0x00,
  0x00, 0x00, 0x00, 0x09, 0x44, 0x00, 0x00, 0x00, 0x54, 0xe1, 0xff, 0xff,
  0x08, 0x00, 0x00, 0x00, 0x10, 0x00, 0x00, 0x00, 0x01, 0x00, 0x00, 0x00,
  0x80, 0xff, 0xff, 0xff, 0xff, 0xff, 0xff, 0xff, 0x01, 0x00, 0x00, 0x00,
  0x00, 0x00, 0x80, 0x3b, 0x1b, 0x00, 0x00, 0x00, 0x53, 0x74, 0x61, 0x74,
  0x65, 0x66, 0x75, 0x6c, 0x50, 0x61, 0x72, 0x74, 0x69, 0x74, 0x69, 0x6f,
  0x6e, 0x65, 0x64, 0x43, 0x61, 0x6c, 0x6c, 0x5f, 0x31, 0x3a, 0x30, 0x00,
  0x02, 0x00, 0x00, 0x00, 0x01, 0x00, 0x00, 0x00, 0x07, 0x00, 0x00, 0x00,
  0xd2, 0xe1, 0xff, 0xff, 0x00, 0x00, 0x00, 0x01, 0x14, 0x00, 0x00, 0x00,
  0x34, 0x00, 0x00, 0x00, 0x24, 0x00, 0x00, 0x00, 0x00, 0x00, 0x00, 0x09,
  0x74, 0x00, 0x00, 0x00, 0xbc, 0xe1, 0xff, 0xff, 0x08, 0x00, 0x00, 0x00,
  0x14, 0x00, 0x00, 0x00, 0x01, 0x00, 0x00, 0x00, 0xda, 0xff, 0xff, 0xff,
  0xff, 0xff, 0xff, 0xff, 0x00, 0x00, 0x00, 0x00, 0x01, 0x00, 0x00, 0x00,
  0x87, 0xea, 0xfc, 0x3c, 0x44, 0x00, 0x00, 0x00, 0x73, 0x65, 0x71, 0x75,
  0x65, 0x6e, 0x74, 0x69, 0x61, 0x6c, 0x5f, 0x32, 0x39, 0x5f, 0x31, 0x2f,
  0x64, 0x65, 0x6e, 0x73, 0x65, 0x5f, 0x32, 0x39, 0x5f, 0x31, 0x2f, 0x4d,
  0x61, 0x74, 0x4d, 0x75, 0x6c, 0x3b, 0x73, 0x65, 0x71, 0x75, 0x65, 0x6e,
  0x74, 0x69, 0x61, 0x6c, 0x5f, 0x32, 0x39, 0x5f, 0x31, 0x2f, 0x64, 0x65,
  0x6e, 0x73, 0x65, 0x5f, 0x32, 0x39, 0x5f, 0x31, 0x2f, 0x42, 0x69, 0x61,
  0x73, 0x41, 0x64, 0x64, 0x00, 0x00, 0x00, 0x00, 0x02, 0x00, 0x00, 0x00,
  0x01, 0x00, 0x00, 0x00, 0x07, 0x00, 0x00, 0x00, 0x6a, 0xe2, 0xff, 0xff,
  0x00, 0x00, 0x00, 0x01, 0x14, 0x00, 0x00, 0x00, 0x30, 0x00, 0x00, 0x00,
  0x23, 0x00, 0x00, 0x00, 0x00, 0x00, 0x00, 0x09, 0x5c, 0x00, 0x00, 0x00,
  0x54, 0xe2, 0xff, 0xff, 0x08, 0x00, 0x00, 0x00, 0x10, 0x00, 0x00, 0x00,
  0x01, 0x00, 0x00, 0x00, 0xbe, 0xff, 0xff, 0xff, 0xff, 0xff, 0xff, 0xff,
  0x01, 0x00, 0x00, 0x00, 0x01, 0xc9, 0x68, 0x3c, 0x32, 0x00, 0x00, 0x00,
  0x73, 0x65, 0x71, 0x75, 0x65, 0x6e, 0x74, 0x69, 0x61, 0x6c, 0x5f, 0x32,
  0x39, 0x5f, 0x31, 0x2f, 0x67, 0x6c, 0x6f, 0x62, 0x61, 0x6c, 0x5f, 0x61,
  0x76, 0x65, 0x72, 0x61, 0x67, 0x65, 0x5f, 0x70, 0x6f, 0x6f, 0x6c, 0x69,
  0x6e, 0x67, 0x32, 0x64, 0x5f, 0x32, 0x39, 0x5f, 0x31, 0x2f, 0x4d, 0x65,
  0x61, 0x6e, 0x00, 0x00, 0x02, 0x00, 0x00, 0x00, 0x01, 0x00, 0x00, 0x00,
  0x20, 0x00, 0x00, 0x00, 0xea, 0xe2, 0xff, 0xff, 0x00, 0x00, 0x00, 0x01,
  0x14, 0x00, 0x00, 0x00, 0x34, 0x00, 0x00, 0x00, 0x22, 0x00, 0x00, 0x00,
  0x00, 0x00, 0x00, 0x09, 0x5c, 0x00, 0x00, 0x00, 0xd4, 0xe2, 0xff, 0xff,
  0x08, 0x00, 0x00, 0x00, 0x14, 0x00, 0x00, 0x00, 0x01, 0x00, 0x00, 0x00,
  0x9f, 0xff, 0xff, 0xff, 0xff, 0xff, 0xff, 0xff, 0x00, 0x00, 0x00, 0x00,
  0x01, 0x00, 0x00, 0x00, 0x44, 0xd8, 0xf1, 0x3c, 0x2c, 0x00, 0x00, 0x00,
  0x73, 0x65, 0x71, 0x75, 0x65, 0x6e, 0x74, 0x69, 0x61, 0x6c, 0x5f, 0x32,
  0x39, 0x5f, 0x31, 0x2f, 0x6d, 0x61, 0x78, 0x5f, 0x70, 0x6f, 0x6f, 0x6c,
  0x69, 0x6e, 0x67, 0x32, 0x64, 0x5f, 0x32, 0x31, 0x5f, 0x31, 0x2f, 0x4d,
  0x61, 0x78, 0x50, 0x6f, 0x6f, 0x6c, 0x32, 0x64, 0x00, 0x00, 0x00, 0x00,
  0x04, 0x00, 0x00, 0x00, 0x01, 0x00, 0x00, 0x00, 0x05, 0x00, 0x00, 0x00,
  0x01, 0x00, 0x00, 0x00, 0x20, 0x00, 0x00, 0x00, 0x72, 0xe3, 0xff, 0xff,
  0x00, 0x00, 0x00, 0x01, 0x14, 0x00, 0x00, 0x00, 0x30, 0x00, 0x00, 0x00,
  0x21, 0x00, 0x00, 0x00, 0x00, 0x00, 0x00, 0x09, 0x64, 0x00, 0x00, 0x00,
  0x5c, 0xe3, 0xff, 0xff, 0x08, 0x00, 0x00, 0x00, 0x10, 0x00, 0x00, 0x00,
  0x01, 0x00, 0x00, 0x00, 0x9f, 0xff, 0xff, 0xff, 0xff, 0xff, 0xff, 0xff,
  0x01, 0x00, 0x00, 0x00, 0x44, 0xd8, 0xf1, 0x3c, 0x38, 0x00, 0x00, 0x00,
  0x73, 0x65, 0x71, 0x75, 0x65, 0x6e, 0x74, 0x69, 0x61, 0x6c, 0x5f, 0x32,
  0x39, 0x5f, 0x31, 0x2f, 0x62, 0x61, 0x74, 0x63, 0x68, 0x5f, 0x6e, 0x6f,
  0x72, 0x6d, 0x61, 0x6c, 0x69, 0x7a, 0x61, 0x74, 0x69, 0x6f, 0x6e, 0x5f,
  0x33, 0x35, 0x5f, 0x31, 0x2f, 0x62, 0x61, 0x74, 0x63, 0x68, 0x6e, 0x6f,
  0x72, 0x6d, 0x2f, 0x61, 0x64, 0x64, 0x5f, 0x31, 0x00, 0x00, 0x00, 0x00,
  0x04, 0x00, 0x00, 0x00, 0x01, 0x00, 0x00, 0x00, 0x0a, 0x00, 0x00, 0x00,
  0x01, 0x00, 0x00, 0x00, 0x20, 0x00, 0x00, 0x00, 0x02, 0xe4, 0xff, 0xff,
  0x00, 0x00, 0x00, 0x01, 0x14, 0x00, 0x00, 0x00, 0x30, 0x00, 0x00, 0x00,
  0x20, 0x00, 0x00, 0x00, 0x00, 0x00, 0x00, 0x09, 0x64, 0x00, 0x00, 0x00,
  0xec, 0xe3, 0xff, 0xff, 0x08, 0x00, 0x00, 0x00, 0x10, 0x00, 0x00, 0x00,
  0x01, 0x00, 0x00, 0x00, 0x9c, 0xff, 0xff, 0xff, 0xff, 0xff, 0xff, 0xff,
  0x01, 0x00, 0x00, 0x00, 0x7d, 0x81, 0x05, 0x3d, 0x38, 0x00, 0x00, 0x00,
  0x73, 0x65, 0x71, 0x75, 0x65, 0x6e, 0x74, 0x69, 0x61, 0x6c, 0x5f, 0x32,
  0x39, 0x5f, 0x31, 0x2f, 0x62, 0x61, 0x74, 0x63, 0x68, 0x5f, 0x6e, 0x6f,
  0x72, 0x6d, 0x61, 0x6c, 0x69, 0x7a, 0x61, 0x74, 0x69, 0x6f, 0x6e, 0x5f,
  0x33, 0x35, 0x5f, 0x31, 0x2f, 0x62, 0x61, 0x74, 0x63, 0x68, 0x6e, 0x6f,
  0x72, 0x6d, 0x2f, 0x6d, 0x75, 0x6c, 0x5f, 0x31, 0x00, 0x00, 0x00, 0x00,
  0x04, 0x00, 0x00, 0x00, 0x01, 0x00, 0x00, 0x00, 0x0a, 0x00, 0x00, 0x00,
  0x01, 0x00, 0x00, 0x00, 0x20, 0x00, 0x00, 0x00, 0x92, 0xe4, 0xff, 0xff,
  0x00, 0x00, 0x00, 0x01, 0x14, 0x00, 0x00, 0x00, 0x30, 0x00, 0x00, 0x00,
  0x1f, 0x00, 0x00, 0x00, 0x00, 0x00, 0x00, 0x09, 0xbc, 0x00, 0x00, 0x00,
  0x7c, 0xe4, 0xff, 0xff, 0x08, 0x00, 0x00, 0x00, 0x10, 0x00, 0x00, 0x00,
  0x01, 0x00, 0x00, 0x00, 0x80, 0xff, 0xff, 0xff, 0xff, 0xff, 0xff, 0xff,
  0x01, 0x00, 0x00, 0x00, 0xe5, 0xc7, 0xed, 0x3c, 0x91, 0x00, 0x00, 0x00,
  0x73, 0x65, 0x71, 0x75, 0x65, 0x6e, 0x74, 0x69, 0x61, 0x6c, 0x5f, 0x32,
  0x39, 0x5f, 0x31, 0x2f, 0x63, 0x6f, 0x6e, 0x76, 0x32, 0x64, 0x5f, 0x37,
  0x31, 0x5f, 0x31, 0x2f, 0x52, 0x65, 0x6c, 0x75, 0x3b, 0x73, 0x65, 0x71,
  0x75, 0x65, 0x6e, 0x74, 0x69, 0x61, 0x6c, 0x5f, 0x32, 0x39, 0x5f, 0x31,
  0x2f, 0x63, 0x6f, 0x6e, 0x76, 0x32, 0x64, 0x5f, 0x37, 0x31, 0x5f, 0x31,
  0x2f, 0x42, 0x69, 0x61, 0x73, 0x41, 0x64, 0x64, 0x3b, 0x73, 0x65, 0x71,
  0x75, 0x65, 0x6e, 0x74, 0x69, 0x61, 0x6c, 0x5f, 0x32, 0x39, 0x5f, 0x31,
  0x2f, 0x63, 0x6f, 0x6e, 0x76, 0x32, 0x64, 0x5f, 0x37, 0x31, 0x5f, 0x31,
  0x2f, 0x63, 0x6f, 0x6e, 0x76, 0x6f, 0x6c, 0x75, 0x74, 0x69, 0x6f, 0x6e,
  0x3b, 0x73, 0x65, 0x71, 0x75, 0x65, 0x6e, 0x74, 0x69, 0x61, 0x6c, 0x5f,
  0x32, 0x39, 0x5f, 0x31, 0x2f, 0x63, 0x6f, 0x6e, 0x76, 0x32, 0x64, 0x5f,
  0x37, 0x31, 0x5f, 0x31, 0x2f, 0x53, 0x71, 0x75, 0x65, 0x65, 0x7a, 0x65,
  0x31, 0x00, 0x00, 0x00, 0x04, 0x00, 0x00, 0x00, 0x01, 0x00, 0x00, 0x00,
  0x0a, 0x00, 0x00, 0x00, 0x01, 0x00, 0x00, 0x00, 0x20, 0x00, 0x00, 0x00,
  0x7a, 0xe5, 0xff, 0xff, 0x00, 0x00, 0x00, 0x01, 0x14, 0x00, 0x00, 0x00,
  0x30, 0x00, 0x00, 0x00, 0x1e, 0x00, 0x00, 0x00, 0x00, 0x00, 0x00, 0x09,
  0x64, 0x00, 0x00, 0x00, 0x64, 0xe5, 0xff, 0xff, 0x08, 0x00, 0x00, 0x00,
  0x10, 0x00, 0x00, 0x00, 0x01, 0x00, 0x00, 0x00, 0xb4, 0xff, 0xff, 0xff,
  0xff, 0xff, 0xff, 0xff, 0x01, 0x00, 0x00, 0x00, 0xda, 0x36, 0x9a, 0x3c,
  0x38, 0x00, 0x00, 0x00, 0x73, 0x65, 0x71, 0x75, 0x65, 0x6e, 0x74, 0x69,
  0x61, 0x6c, 0x5f, 0x32, 0x39, 0x5f, 0x31, 0x2f, 0x62, 0x61, 0x74, 0x63,
  0x68, 0x5f, 0x6e, 0x6f, 0x72, 0x6d, 0x61, 0x6c, 0x69, 0x7a, 0x61, 0x74,
  0x69, 0x6f, 0x6e, 0x5f, 0x33, 0x34, 0x5f, 0x31, 0x2f, 0x62, 0x61, 0x74,
  0x63, 0x68, 0x6e, 0x6f, 0x72, 0x6d, 0x2f, 0x61, 0x64, 0x64, 0x5f, 0x31,
  0x00, 0x00, 0x00, 0x00, 0x04, 0x00, 0x00, 0x00, 0x01, 0x00, 0x00, 0x00,
  0x0a, 0x00, 0x00, 0x00, 0x01, 0x00, 0x00, 0x00, 0x20, 0x00, 0x00, 0x00,
  0x0a, 0xe6, 0xff, 0xff, 0x00, 0x00, 0x00, 0x01, 0x14, 0x00, 0x00, 0x00,
  0x30, 0x00, 0x00, 0x00, 0x1d, 0x00, 0x00, 0x00, 0x00, 0x00, 0x00, 0x09,
  0x64, 0x00, 0x00, 0x00, 0xf4, 0xe5, 0xff, 0xff, 0x08, 0x00, 0x00, 0x00,
  0x10, 0x00, 0x00, 0x00, 0x01, 0x00, 0x00, 0x00, 0xae, 0xff, 0xff, 0xff,
  0xff, 0xff, 0xff, 0xff, 0x01, 0x00, 0x00, 0x00, 0x7a, 0x1b, 0xaf, 0x3c,
  0x38, 0x00, 0x00, 0x00, 0x73, 0x65, 0x71, 0x75, 0x65, 0x6e, 0x74, 0x69,
  0x61, 0x6c, 0x5f, 0x32, 0x39, 0x5f, 0x31, 0x2f, 0x62, 0x61, 0x74, 0x63,
  0x68, 0x5f, 0x6e, 0x6f, 0x72, 0x6d, 0x61, 0x6c, 0x69, 0x7a, 0x61, 0x74,
  0x69, 0x6f, 0x6e, 0x5f, 0x33, 0x34, 0x5f, 0x31, 0x2f, 0x62, 0x61, 0x74,
  0x63, 0x68, 0x6e, 0x6f, 0x72, 0x6d, 0x2f, 0x6d, 0x75, 0x6c, 0x5f, 0x31,
  0x00, 0x00, 0x00, 0x00, 0x04, 0x00, 0x00, 0x00, 0x01, 0x00, 0x00, 0x00,
  0x0a, 0x00, 0x00, 0x00, 0x01, 0x00, 0x00, 0x00, 0x20, 0x00, 0x00, 0x00,
  0x9a, 0xe6, 0xff, 0xff, 0x00, 0x00, 0x00, 0x01, 0x14, 0x00, 0x00, 0x00,
  0x30, 0x00, 0x00, 0x00, 0x1c, 0x00, 0x00, 0x00, 0x00, 0x00, 0x00, 0x09,
  0xbc, 0x00, 0x00, 0x00, 0x84, 0xe6, 0xff, 0xff, 0x08, 0x00, 0x00, 0x00,
  0x10, 0x00, 0x00, 0x00, 0x01, 0x00, 0x00, 0x00, 0x80, 0xff, 0xff, 0xff,
  0xff, 0xff, 0xff, 0xff, 0x01, 0x00, 0x00, 0x00, 0xdb, 0x9c, 0x8f, 0x3c,
  0x91, 0x00, 0x00, 0x00, 0x73, 0x65, 0x71, 0x75, 0x65, 0x6e, 0x74, 0x69,
  0x61, 0x6c, 0x5f, 0x32, 0x39, 0x5f, 0x31, 0x2f, 0x63, 0x6f, 0x6e, 0x76,
  0x32, 0x64, 0x5f, 0x37, 0x30, 0x5f, 0x31, 0x2f, 0x52, 0x65, 0x6c, 0x75,
  0x3b, 0x73, 0x65, 0x71, 0x75, 0x65, 0x6e, 0x74, 0x69, 0x61, 0x6c, 0x5f,
  0x32, 0x39, 0x5f, 0x31, 0x2f, 0x63, 0x6f, 0x6e, 0x76, 0x32, 0x64, 0x5f,
  0x37, 0x30, 0x5f, 0x31, 0x2f, 0x42, 0x69, 0x61, 0x73, 0x41, 0x64, 0x64,
  0x3b, 0x73, 0x65, 0x71, 0x75, 0x65, 0x6e, 0x74, 0x69, 0x61, 0x6c, 0x5f,
  0x32, 0x39, 0x5f, 0x31, 0x2f, 0x63, 0x6f, 0x6e, 0x76, 0x32, 0x64, 0x5f,
  0x37, 0x30, 0x5f, 0x31, 0x2f, 0x63, 0x6f, 0x6e, 0x76, 0x6f, 0x6c, 0x75,
  0x74, 0x69, 0x6f, 0x6e, 0x3b, 0x73, 0x65, 0x71, 0x75, 0x65, 0x6e, 0x74,
  0x69, 0x61, 0x6c, 0x5f, 0x32, 0x39, 0x5f, 0x31, 0x2f, 0x63, 0x6f, 0x6e,
  0x76, 0x32, 0x64, 0x5f, 0x37, 0x30, 0x5f, 0x31, 0x2f, 0x53, 0x71, 0x75,
  0x65, 0x65, 0x7a, 0x65, 0x31, 0x00, 0x00, 0x00, 0x04, 0x00, 0x00, 0x00,
  0x01, 0x00, 0x00, 0x00, 0x0a, 0x00, 0x00, 0x00, 0x01, 0x00, 0x00, 0x00,
  0x20, 0x00, 0x00, 0x00, 0x82, 0xe7, 0xff, 0xff, 0x00, 0x00, 0x00, 0x01,
  0x14, 0x00, 0x00, 0x00, 0x34, 0x00, 0x00, 0x00, 0x1b, 0x00, 0x00, 0x00,
  0x00, 0x00, 0x00, 0x09, 0x5c, 0x00, 0x00, 0x00, 0x6c, 0xe7, 0xff, 0xff,
  0x08, 0x00, 0x00, 0x00, 0x14, 0x00, 0x00, 0x00, 0x01, 0x00, 0x00, 0x00,
  0xbb, 0xff, 0xff, 0xff, 0xff, 0xff, 0xff, 0xff, 0x00, 0x00, 0x00, 0x00,
  0x01, 0x00, 0x00, 0x00, 0x4f, 0x5f, 0x66, 0x3c, 0x2c, 0x00, 0x00, 0x00,
  0x73, 0x65, 0x71, 0x75, 0x65, 0x6e, 0x74, 0x69, 0x61, 0x6c, 0x5f, 0x32,
  0x39, 0x5f, 0x31, 0x2f, 0x6d, 0x61, 0x78, 0x5f, 0x70, 0x6f, 0x6f, 0x6c,
  0x69, 0x6e, 0x67, 0x32, 0x64, 0x5f, 0x32, 0x30, 0x5f, 0x31, 0x2f, 0x4d,
  0x61, 0x78, 0x50, 0x6f, 0x6f, 0x6c, 0x32, 0x64, 0x00, 0x00, 0x00, 0x00,
  0x04, 0x00, 0x00, 0x00, 0x01, 0x00, 0x00, 0x00, 0x0a, 0x00, 0x00, 0x00,
  0x01, 0x00, 0x00, 0x00, 0x10, 0x00, 0x00, 0x00, 0x0a, 0xe8, 0xff, 0xff,
  0x00, 0x00, 0x00, 0x01, 0x14, 0x00, 0x00, 0x00, 0x30, 0x00, 0x00, 0x00,
  0x1a, 0x00, 0x00, 0x00, 0x00, 0x00, 0x00, 0x09, 0x64, 0x00, 0x00, 0x00,
  0xf4, 0xe7, 0xff, 0xff, 0x08, 0x00, 0x00, 0x00, 0x10, 0x00, 0x00, 0x00,
  0x01, 0x00, 0x00, 0x00, 0xbb, 0xff, 0xff, 0xff, 0xff, 0xff, 0xff, 0xff,
  0x01, 0x00, 0x00, 0x00, 0x4f, 0x5f, 0x66, 0x3c, 0x38, 0x00, 0x00, 0x00,
  0x73, 0x65, 0x71, 0x75, 0x65, 0x6e, 0x74, 0x69, 0x61, 0x6c, 0x5f, 0x32,
  0x39, 0x5f, 0x31, 0x2f, 0x62, 0x61, 0x74, 0x63, 0x68, 0x5f, 0x6e, 0x6f,
  0x72, 0x6d, 0x61, 0x6c, 0x69, 0x7a, 0x61, 0x74, 0x69, 0x6f, 0x6e, 0x5f,
  0x33, 0x33, 0x5f, 0x31, 0x2f, 0x62, 0x61, 0x74, 0x63, 0x68, 0x6e, 0x6f,
  0x72, 0x6d, 0x2f, 0x61, 0x64, 0x64, 0x5f, 0x31, 0x00, 0x00, 0x00, 0x00,
  0x04, 0x00, 0x00, 0x00, 0x01, 0x00, 0x00, 0x00, 0x14, 0x00, 0x00, 0x00,
  0x01, 0x00, 0x00, 0x00, 0x10, 0x00, 0x00, 0x00, 0x9a, 0xe8, 0xff, 0xff,
  0x00, 0x00, 0x00, 0x01, 0x14, 0x00, 0x00, 0x00, 0x30, 0x00, 0x00, 0x00,
  0x19, 0x00, 0x00, 0x00, 0x00, 0x00, 0x00, 0x09, 0x64, 0x00, 0x00, 0x00,
  0x84, 0xe8, 0xff, 0xff, 0x08, 0x00, 0x00, 0x00, 0x10, 0x00, 0x00, 0x00,
  0x01, 0x00, 0x00, 0x00, 0xb0, 0xff, 0xff, 0xff, 0xff, 0xff, 0xff, 0xff,
  0x01, 0x00, 0x00, 0x00, 0xc9, 0xa2, 0x8d, 0x3c, 0x38, 0x00, 0x00, 0x00,
  0x73, 0x65, 0x71, 0x75, 0x65, 0x6e, 0x74, 0x69, 0x61, 0x6c, 0x5f, 0x32,
  0x39, 0x5f, 0x31, 0x2f, 0x62, 0x61, 0x74, 0x63, 0x68, 0x5f, 0x6e, 0x6f,
  0x72, 0x6d, 0x61, 0x6c, 0x69, 0x7a, 0x61, 0x74, 0x69, 0x6f, 0x6e, 0x5f,
  0x33, 0x33, 0x5f, 0x31, 0x2f, 0x62, 0x61, 0x74, 0x63, 0x68, 0x6e, 0x6f,
  0x72, 0x6d, 0x2f, 0x6d, 0x75, 0x6c, 0x5f, 0x31, 0x00, 0x00, 0x00, 0x00,
  0x04, 0x00, 0x00, 0x00, 0x01, 0x00, 0x00, 0x00, 0x14, 0x00, 0x00, 0x00,
  0x01, 0x00, 0x00, 0x00, 0x10, 0x00, 0x00, 0x00, 0x2a, 0xe9, 0xff, 0xff,
  0x00, 0x00, 0x00, 0x01, 0x14, 0x00, 0x00, 0x00, 0x30, 0x00, 0x00, 0x00,
  0x18, 0x00, 0x00, 0x00, 0x00, 0x00, 0x00, 0x09, 0xbc, 0x00, 0x00, 0x00,
  0x14, 0xe9, 0xff, 0xff, 0x08, 0x00, 0x00, 0x00, 0x10, 0x00, 0x00, 0x00,
  0x01, 0x00, 0x00, 0x00, 0x80, 0xff, 0xff, 0xff, 0xff, 0xff, 0xff, 0xff,
  0x01, 0x00, 0x00, 0x00, 0x20, 0x0e, 0x66, 0x3c, 0x91, 0x00, 0x00, 0x00,
  0x73, 0x65, 0x71, 0x75, 0x65, 0x6e, 0x74, 0x69, 0x61, 0x6c, 0x5f, 0x32,
  0x39, 0x5f, 0x31, 0x2f, 0x63, 0x6f, 0x6e, 0x76, 0x32, 0x64, 0x5f, 0x36,
  0x39, 0x5f, 0x31, 0x2f, 0x52, 0x65, 0x6c, 0x75, 0x3b, 0x73, 0x65, 0x71,
  0x75, 0x65, 0x6e, 0x74, 0x69, 0x61, 0x6c, 0x5f, 0x32, 0x39, 0x5f, 0x31,
  0x2f, 0x63, 0x6f, 0x6e, 0x76, 0x32, 0x64, 0x5f, 0x36, 0x39, 0x5f, 0x31,
  0x2f, 0x42, 0x69, 0x61, 0x73, 0x41, 0x64, 0x64, 0x3b, 0x73, 0x65, 0x71,
  0x75, 0x65, 0x6e, 0x74, 0x69, 0x61, 0x6c, 0x5f, 0x32, 0x39, 0x5f, 0x31,
  0x2f, 0x63, 0x6f, 0x6e, 0x76, 0x32, 0x64, 0x5f, 0x36, 0x39, 0x5f, 0x31,
  0x2f, 0x63, 0x6f, 0x6e, 0x76, 0x6f, 0x6c, 0x75, 0x74, 0x69, 0x6f, 0x6e,
  0x3b, 0x73, 0x65, 0x71, 0x75, 0x65, 0x6e, 0x74, 0x69, 0x61, 0x6c, 0x5f,
  0x32, 0x39, 0x5f, 0x31, 0x2f, 0x63, 0x6f, 0x6e, 0x76, 0x32, 0x64, 0x5f,
  0x36, 0x39, 0x5f, 0x31, 0x2f, 0x53, 0x71, 0x75, 0x65, 0x65, 0x7a, 0x65,
  0x31, 0x00, 0x00, 0x00, 0x04, 0x00, 0x00, 0x00, 0x01, 0x00, 0x00, 0x00,
  0x14, 0x00, 0x00, 0x00, 0x01, 0x00, 0x00, 0x00, 0x10, 0x00, 0x00, 0x00,
  0x12, 0xea, 0xff, 0xff, 0x00, 0x00, 0x00, 0x01, 0x14, 0x00, 0x00, 0x00,
  0x30, 0x00, 0x00, 0x00, 0x17, 0x00, 0x00, 0x00, 0x00, 0x00, 0x00, 0x09,
  0x64, 0x00, 0x00, 0x00, 0xfc, 0xe9, 0xff, 0xff, 0x08, 0x00, 0x00, 0x00,
  0x10, 0x00, 0x00, 0x00, 0x01, 0x00, 0x00, 0x00, 0xb9, 0xff, 0xff, 0xff,
  0xff, 0xff, 0xff, 0xff, 0x01, 0x00, 0x00, 0x00, 0x59, 0x4f, 0x61, 0x3c,
  0x38, 0x00, 0x00, 0x00, 0x73, 0x65, 0x71, 0x75, 0x65, 0x6e, 0x74, 0x69,
  0x61, 0x6c, 0x5f, 0x32, 0x39, 0x5f, 0x31, 0x2f, 0x62, 0x61, 0x74, 0x63,
  0x68, 0x5f, 0x6e, 0x6f, 0x72, 0x6d, 0x61, 0x6c, 0x69, 0x7a, 0x61, 0x74,
  0x69, 0x6f, 0x6e, 0x5f, 0x33, 0x32, 0x5f, 0x31, 0x2f, 0x62, 0x61, 0x74,
  0x63, 0x68, 0x6e, 0x6f, 0x72, 0x6d, 0x2f, 0x61, 0x64, 0x64, 0x5f, 0x31,
  0x00, 0x00, 0x00, 0x00, 0x04, 0x00, 0x00, 0x00, 0x01, 0x00, 0x00, 0x00,
  0x14, 0x00, 0x00, 0x00, 0x01, 0x00, 0x00, 0x00, 0x10, 0x00, 0x00, 0x00,
  0xa2, 0xea, 0xff, 0xff, 0x00, 0x00, 0x00, 0x01, 0x14, 0x00, 0x00, 0x00,
  0x30, 0x00, 0x00, 0x00, 0x16, 0x00, 0x00, 0x00, 0x00, 0x00, 0x00, 0x09,
  0x64, 0x00, 0x00, 0x00, 0x8c, 0xea, 0xff, 0xff, 0x08, 0x00, 0x00, 0x00,
  0x10, 0x00, 0x00, 0x00, 0x01, 0x00, 0x00, 0x00, 0xb0, 0xff, 0xff, 0xff,
  0xff, 0xff, 0xff, 0xff, 0x01, 0x00, 0x00, 0x00, 0xc7, 0x8b, 0x85, 0x3c,
  0x38, 0x00, 0x00, 0x00, 0x73, 0x65, 0x71, 0x75, 0x65, 0x6e, 0x74, 0x69,
  0x61, 0x6c, 0x5f, 0x32, 0x39, 0x5f, 0x31, 0x2f, 0x62, 0x61, 0x74, 0x63,
  0x68, 0x5f, 0x6e, 0x6f, 0x72, 0x6d, 0x61, 0x6c, 0x69, 0x7a, 0x61, 0x74,
  0x69, 0x6f, 0x6e, 0x5f, 0x33, 0x32, 0x5f, 0x31, 0x2f, 0x62, 0x61, 0x74,
  0x63, 0x68, 0x6e, 0x6f, 0x72, 0x6d, 0x2f, 0x6d, 0x75, 0x6c, 0x5f, 0x31,
  0x00, 0x00, 0x00, 0x00, 0x04, 0x00, 0x00, 0x00, 0x01, 0x00, 0x00, 0x00,
  0x14, 0x00, 0x00, 0x00, 0x01, 0x00, 0x00, 0x00, 0x10, 0x00, 0x00, 0x00,
  0x32, 0xeb, 0xff, 0xff, 0x00, 0x00, 0x00, 0x01, 0x14, 0x00, 0x00, 0x00,
  0x30, 0x00, 0x00, 0x00, 0x15, 0x00, 0x00, 0x00, 0x00, 0x00, 0x00, 0x09,
  0xbc, 0x00, 0x00, 0x00, 0x1c, 0xeb, 0xff, 0xff, 0x08, 0x00, 0x00, 0x00,
  0x10, 0x00, 0x00, 0x00, 0x01, 0x00, 0x00, 0x00, 0x80, 0xff, 0xff, 0xff,
  0xff, 0xff, 0xff, 0xff, 0x01, 0x00, 0x00, 0x00, 0xc2, 0x1b, 0x87, 0x3f,
  0x91, 0x00, 0x00, 0x00, 0x73, 0x65, 0x71, 0x75, 0x65, 0x6e, 0x74, 0x69,
  0x61, 0x6c, 0x5f, 0x32, 0x39, 0x5f, 0x31, 0x2f, 0x63, 0x6f, 0x6e, 0x76,
  0x32, 0x64, 0x5f, 0x36, 0x38, 0x5f, 0x31, 0x2f, 0x52, 0x65, 0x6c, 0x75,
  0x3b, 0x73, 0x65, 0x71, 0x75, 0x65, 0x6e, 0x74, 0x69, 0x61, 0x6c, 0x5f,
  0x32, 0x39, 0x5f, 0x31, 0x2f, 0x63, 0x6f, 0x6e, 0x76, 0x32, 0x64, 0x5f,
  0x36, 0x38, 0x5f, 0x31, 0x2f, 0x42, 0x69, 0x61, 0x73, 0x41, 0x64, 0x64,
  0x3b, 0x73, 0x65, 0x71, 0x75, 0x65, 0x6e, 0x74, 0x69, 0x61, 0x6c, 0x5f,
  0x32, 0x39, 0x5f, 0x31, 0x2f, 0x63, 0x6f, 0x6e, 0x76, 0x32, 0x64, 0x5f,
  0x36, 0x38, 0x5f, 0x31, 0x2f, 0x63, 0x6f, 0x6e, 0x76, 0x6f, 0x6c, 0x75,
  0x74, 0x69, 0x6f, 0x6e, 0x3b, 0x73, 0x65, 0x71, 0x75, 0x65, 0x6e, 0x74,
  0x69, 0x61, 0x6c, 0x5f, 0x32, 0x39, 0x5f, 0x31, 0x2f, 0x63, 0x6f, 0x6e,
  0x76, 0x32, 0x64, 0x5f, 0x36, 0x38, 0x5f, 0x31, 0x2f, 0x53, 0x71, 0x75,
  0x65, 0x65, 0x7a, 0x65, 0x31, 0x00, 0x00, 0x00, 0x04, 0x00, 0x00, 0x00,
  0x01, 0x00, 0x00, 0x00, 0x14, 0x00, 0x00, 0x00, 0x01, 0x00, 0x00, 0x00,
  0x10, 0x00, 0x00, 0x00, 0x1a, 0xec, 0xff, 0xff, 0x00, 0x00, 0x00, 0x01,
  0x14, 0x00, 0x00, 0x00, 0xe4, 0x00, 0x00, 0x00, 0x14, 0x00, 0x00, 0x00,
  0x00, 0x00, 0x00, 0x09, 0x04, 0x01, 0x00, 0x00, 0x04, 0xec, 0xff, 0xff,
  0x08, 0x00, 0x00, 0x00, 0x88, 0x00, 0x00, 0x00, 0x10, 0x00, 0x00, 0x00,
  0x00, 0x00, 0x00, 0x00, 0x00, 0x00, 0x00, 0x00, 0x00, 0x00, 0x00, 0x00,
  0x00, 0x00, 0x00, 0x00, 0x00, 0x00, 0x00, 0x00, 0x00, 0x00, 0x00, 0x00,
  0x00, 0x00, 0x00, 0x00, 0x00, 0x00, 0x00, 0x00, 0x00, 0x00, 0x00, 0x00,
  0x00, 0x00, 0x00, 0x00, 0x00, 0x00, 0x00, 0x00, 0x00, 0x00, 0x00, 0x00,
  0x00, 0x00, 0x00, 0x00, 0x00, 0x00, 0x00, 0x00, 0x00, 0x00, 0x00, 0x00,
  0x00, 0x00, 0x00, 0x00, 0x00, 0x00, 0x00, 0x00, 0x00, 0x00, 0x00, 0x00,
  0x00, 0x00, 0x00, 0x00, 0x00, 0x00, 0x00, 0x00, 0x00, 0x00, 0x00, 0x00,
  0x00, 0x00, 0x00, 0x00, 0x00, 0x00, 0x00, 0x00, 0x00, 0x00, 0x00, 0x00,
  0x00, 0x00, 0x00, 0x00, 0x00, 0x00, 0x00, 0x00, 0x00, 0x00, 0x00, 0x00,
  0x00, 0x00, 0x00, 0x00, 0x00, 0x00, 0x00, 0x00, 0x00, 0x00, 0x00, 0x00,
  0x00, 0x00, 0x00, 0x00, 0x00, 0x00, 0x00, 0x00, 0x10, 0x00, 0x00, 0x00,
  0x1b, 0xc1, 0x13, 0x3b, 0xac, 0x98, 0x11, 0x3b, 0xb6, 0x16, 0x0a, 0x3b,
  0xdc, 0xb2, 0x0b, 0x3b, 0xda, 0x4e, 0x03, 0x3b, 0xf9, 0x64, 0x0f, 0x3b,
  0x1f, 0xc1, 0xfb, 0x3a, 0x0a, 0x52, 0x04, 0x3b, 0x3d, 0x81, 0x0b, 0x3b,
  0x64, 0x25, 0x0a, 0x3b, 0x7a, 0xaa, 0x19, 0x3b, 0x6a, 0x01, 0x12, 0x3b,
  0x13, 0xd8, 0x0b, 0x3b, 0xf7, 0x09, 0x13, 0x3b, 0x46, 0xe6, 0x09, 0x3b,
  0xc1, 0xe1, 0x15, 0x3b, 0x27, 0x00, 0x00, 0x00, 0x73, 0x65, 0x71, 0x75,
  0x65, 0x6e, 0x74, 0x69, 0x61, 0x6c, 0x5f, 0x32, 0x39, 0x5f, 0x31, 0x2f,
  0x63, 0x6f, 0x6e, 0x76, 0x32, 0x64, 0x5f, 0x36, 0x38, 0x5f, 0x31, 0x2f,
  0x63, 0x6f, 0x6e, 0x76, 0x6f, 0x6c, 0x75, 0x74, 0x69, 0x6f, 0x6e, 0x00,
  0x04, 0x00, 0x00, 0x00, 0x10, 0x00, 0x00, 0x00, 0x03, 0x00, 0x00, 0x00,
  0x01, 0x00, 0x00, 0x00, 0x09, 0x00, 0x00, 0x00, 0x4a, 0xed, 0xff, 0xff,
  0x00, 0x00, 0x00, 0x01, 0x14, 0x00, 0x00, 0x00, 0xe4, 0x00, 0x00, 0x00,
  0x13, 0x00, 0x00, 0x00, 0x00, 0x00, 0x00, 0x02, 0x70, 0x01, 0x00, 0x00,
  0x34, 0xed, 0xff, 0xff, 0x08, 0x00, 0x00, 0x00, 0x88, 0x00, 0x00, 0x00,
  0x10, 0x00, 0x00, 0x00, 0x00, 0x00, 0x00, 0x00, 0x00, 0x00, 0x00, 0x00,
  0x00, 0x00, 0x00, 0x00, 0x00, 0x00, 0x00, 0x00, 0x00, 0x00, 0x00, 0x00,
  0x00, 0x00, 0x00, 0x00, 0x00, 0x00, 0x00, 0x00, 0x00, 0x00, 0x00, 0x00,
  0x00, 0x00, 0x00, 0x00, 0x00, 0x00, 0x00, 0x00, 0x00, 0x00, 0x00, 0x00,
  0x00, 0x00, 0x00, 0x00, 0x00, 0x00, 0x00, 0x00, 0x00, 0x00, 0x00, 0x00,
  0x00, 0x00, 0x00, 0x00, 0x00, 0x00, 0x00, 0x00, 0x00, 0x00, 0x00, 0x00,
  0x00, 0x00, 0x00, 0x00, 0x00, 0x00, 0x00, 0x00, 0x00, 0x00, 0x00, 0x00,
  0x00, 0x00, 0x00, 0x00, 0x00, 0x00, 0x00, 0x00, 0x00, 0x00, 0x00, 0x00,
  0x00, 0x00, 0x00, 0x00, 0x00, 0x00, 0x00, 0x00, 0x00, 0x00, 0x00, 0x00,
  0x00, 0x00, 0x00, 0x00, 0x00, 0x00, 0x00, 0x00, 0x00, 0x00, 0x00, 0x00,
  0x00, 0x00, 0x00, 0x00, 0x00, 0x00, 0x00, 0x00, 0x00, 0x00, 0x00, 0x00,
  0x10, 0x00, 0x00, 0x00, 0xa2, 0x6a, 0xac, 0x3b, 0xfd, 0xe5, 0xa9, 0x3b,
  0x3a, 0x23, 0xa1, 0x3b, 0x2b, 0x04, 0xa3, 0x3b, 0xa1, 0x39, 0x99, 0x3b,
  0x33, 0x54, 0xa7, 0x3b, 0x47, 0xe3, 0x92, 0x3b, 0x14, 0x68, 0x9a, 0x3b,
  0x44, 0xca, 0xa2, 0x3b, 0x5b, 0x34, 0xa1, 0x3b, 0x9b, 0x50, 0xb3, 0x3b,
  0x37, 0x60, 0xaa, 0x3b, 0x98, 0x2f, 0xa3, 0x3b, 0xec, 0x94, 0xab, 0x3b,
  0xb4, 0xea, 0xa0, 0x3b, 0x30, 0xe6, 0xae, 0x3b, 0x90, 0x00, 0x00, 0x00,
  0x73, 0x65, 0x71, 0x75, 0x65, 0x6e, 0x74, 0x69, 0x61, 0x6c, 0x5f, 0x32,
  0x39, 0x5f, 0x31, 0x2f, 0x63, 0x6f, 0x6e, 0x76, 0x32, 0x64, 0x5f, 0x36,
  0x38, 0x5f, 0x31, 0x2f, 0x52, 0x65, 0x6c, 0x75, 0x3b, 0x73, 0x65, 0x71,
  0x75, 0x65, 0x6e, 0x74, 0x69, 0x61, 0x6c, 0x5f, 0x32, 0x39, 0x5f, 0x31,
  0x2f, 0x63, 0x6f, 0x6e, 0x76, 0x32, 0x64, 0x5f, 0x36, 0x38, 0x5f, 0x31,
  0x2f, 0x42, 0x69, 0x61, 0x73, 0x41, 0x64, 0x64, 0x3b, 0x73, 0x65, 0x71,
  0x75, 0x65, 0x6e, 0x74, 0x69, 0x61, 0x6c, 0x5f, 0x32, 0x39, 0x5f, 0x31,
  0x2f, 0x63, 0x6f, 0x6e, 0x76, 0x32, 0x64, 0x5f, 0x36, 0x38, 0x5f, 0x31,
  0x2f, 0x63, 0x6f, 0x6e, 0x76, 0x6f, 0x6c, 0x75, 0x74, 0x69, 0x6f, 0x6e,
  0x3b, 0x73, 0x65, 0x71, 0x75, 0x65, 0x6e, 0x74, 0x69, 0x61, 0x6c, 0x5f,
  0x32, 0x39, 0x5f, 0x31, 0x2f, 0x63, 0x6f, 0x6e, 0x76, 0x32, 0x64, 0x5f,
  0x36, 0x38, 0x5f, 0x31, 0x2f, 0x53, 0x71, 0x75, 0x65, 0x65, 0x7a, 0x65,
  0x00, 0x00, 0x00, 0x00, 0x01, 0x00, 0x00, 0x00, 0x10, 0x00, 0x00, 0x00,
  0xda, 0xee, 0xff, 0xff, 0x00, 0x00, 0x00, 0x01, 0x14, 0x00, 0x00, 0x00,
  0x30, 0x00, 0x00, 0x00, 0x12, 0x00, 0x00, 0x00, 0x00, 0x00, 0x00, 0x09,
  0x60, 0x00, 0x00, 0x00, 0xc4, 0xee, 0xff, 0xff, 0x08, 0x00, 0x00, 0x00,
  0x10, 0x00, 0x00, 0x00, 0x01, 0x00, 0x00, 0x00, 0x80, 0xff, 0xff, 0xff,
  0xff, 0xff, 0xff, 0xff, 0x01, 0x00, 0x00, 0x00, 0xe8, 0x1d, 0x4c, 0x39,
  0x36, 0x00, 0x00, 0x00, 0x73, 0x65, 0x71, 0x75, 0x65, 0x6e, 0x74, 0x69,
  0x61, 0x6c, 0x5f, 0x32, 0x39, 0x5f, 0x31, 0x2f, 0x62, 0x61, 0x74, 0x63,
  0x68, 0x5f, 0x6e, 0x6f, 0x72, 0x6d, 0x61, 0x6c, 0x69, 0x7a, 0x61, 0x74,
  0x69, 0x6f, 0x6e, 0x5f, 0x33, 0x32, 0x5f, 0x31, 0x2f, 0x62, 0x61, 0x74,
  0x63, 0x68, 0x6e, 0x6f, 0x72, 0x6d, 0x2f, 0x6d, 0x75, 0x6c, 0x00, 0x00,
  0x01, 0x00, 0x00, 0x00, 0x10, 0x00, 0x00, 0x00, 0x5a, 0xef, 0xff, 0xff,
  0x00, 0x00, 0x00, 0x01, 0x14, 0x00, 0x00, 0x00, 0x30, 0x00, 0x00, 0x00,
  0x11, 0x00, 0x00, 0x00, 0x00, 0x00, 0x00, 0x09, 0x60, 0x00, 0x00, 0x00,
  0x44, 0xef, 0xff, 0xff, 0x08, 0x00, 0x00, 0x00, 0x10, 0x00, 0x00, 0x00,
  0x01, 0x00, 0x00, 0x00, 0x7f, 0x00, 0x00, 0x00, 0x00, 0x00, 0x00, 0x00,
  0x01, 0x00, 0x00, 0x00, 0xf5, 0x0f, 0x4a, 0x3b, 0x36, 0x00, 0x00, 0x00,
  0x73, 0x65, 0x71, 0x75, 0x65, 0x6e, 0x74, 0x69, 0x61, 0x6c, 0x5f, 0x32,
  0x39, 0x5f, 0x31, 0x2f, 0x62, 0x61, 0x74, 0x63, 0x68, 0x5f, 0x6e, 0x6f,
  0x72, 0x6d, 0x61, 0x6c, 0x69, 0x7a, 0x61, 0x74, 0x69, 0x6f, 0x6e, 0x5f,
  0x33, 0x32, 0x5f, 0x31, 0x2f, 0x62, 0x61, 0x74, 0x63, 0x68, 0x6e, 0x6f,
  0x72, 0x6d, 0x2f, 0x73, 0x75, 0x62, 0x00, 0x00, 0x01, 0x00, 0x00, 0x00,
  0x10, 0x00, 0x00, 0x00, 0xda, 0xef, 0xff, 0xff, 0x00, 0x00, 0x00, 0x01,
  0x14, 0x00, 0x00, 0x00, 0xe4, 0x00, 0x00, 0x00, 0x10, 0x00, 0x00, 0x00,
  0x00, 0x00, 0x00, 0x09, 0x04, 0x01, 0x00, 0x00, 0xc4, 0xef, 0xff, 0xff,
  0x08, 0x00, 0x00, 0x00, 0x88, 0x00, 0x00, 0x00, 0x10, 0x00, 0x00, 0x00,
  0x00, 0x00, 0x00, 0x00, 0x00, 0x00, 0x00, 0x00, 0x00, 0x00, 0x00, 0x00,
  0x00, 0x00, 0x00, 0x00, 0x00, 0x00, 0x00, 0x00, 0x00, 0x00, 0x00, 0x00,
  0x00, 0x00, 0x00, 0x00, 0x00, 0x00, 0x00, 0x00, 0x00, 0x00, 0x00, 0x00,
  0x00, 0x00, 0x00, 0x00, 0x00, 0x00, 0x00, 0x00, 0x00, 0x00, 0x00, 0x00,
  0x00, 0x00, 0x00, 0x00, 0x00, 0x00, 0x00, 0x00, 0x00, 0x00, 0x00, 0x00,
  0x00, 0x00, 0x00, 0x00, 0x00, 0x00, 0x00, 0x00, 0x00, 0x00, 0x00, 0x00,
  0x00, 0x00, 0x00, 0x00, 0x00, 0x00, 0x00, 0x00, 0x00, 0x00, 0x00, 0x00,
  0x00, 0x00, 0x00, 0x00, 0x00, 0x00, 0x00, 0x00, 0x00, 0x00, 0x00, 0x00,
  0x00, 0x00, 0x00, 0x00, 0x00, 0x00, 0x00, 0x00, 0x00, 0x00, 0x00, 0x00,
  0x00, 0x00, 0x00, 0x00, 0x00, 0x00, 0x00, 0x00, 0x00, 0x00, 0x00, 0x00,
  0x00, 0x00, 0x00, 0x00, 0x00, 0x00, 0x00, 0x00, 0x10, 0x00, 0x00, 0x00,
  0x45, 0xe0, 0x05, 0x3b, 0x7f, 0x47, 0x11, 0x3b, 0xb0, 0xc9, 0xe8, 0x3a,
  0xa1, 0x47, 0x0c, 0x3b, 0xba, 0x20, 0xec, 0x3a, 0xfe, 0xb4, 0x04, 0x3b,
  0xf8, 0xe4, 0xe4, 0x3a, 0xb8, 0x86, 0x03, 0x3b, 0x12, 0x90, 0x03, 0x3b,
  0x16, 0xc9, 0xf6, 0x3a, 0x64, 0xf8, 0x02, 0x3b, 0xbd, 0x70, 0xfb, 0x3a,
  0x9f, 0x6c, 0xf4, 0x3a, 0xa7, 0xa5, 0x06, 0x3b, 0xe6, 0x10, 0x0e, 0x3b,
  0x36, 0xc2, 0x08, 0x3b, 0x27, 0x00, 0x00, 0x00, 0x73, 0x65, 0x71, 0x75,
  0x65, 0x6e, 0x74, 0x69, 0x61, 0x6c, 0x5f, 0x32, 0x39, 0x5f, 0x31, 0x2f,
  0x63, 0x6f, 0x6e, 0x76, 0x32, 0x64, 0x5f, 0x36, 0x39, 0x5f, 0x31, 0x2f,
  0x63, 0x6f, 0x6e, 0x76, 0x6f, 0x6c, 0x75, 0x74, 0x69, 0x6f, 0x6e, 0x00,
  0x04, 0x00, 0x00, 0x00, 0x10, 0x00, 0x00, 0x00, 0x03, 0x00, 0x00, 0x00,
  0x01, 0x00, 0x00, 0x00, 0x10, 0x00, 0x00, 0x00, 0x0a, 0xf1, 0xff, 0xff,
  0x00, 0x00, 0x00, 0x01, 0x14, 0x00, 0x00, 0x00, 0xe4, 0x00, 0x00, 0x00,
  0x0f, 0x00, 0x00, 0x00, 0x00, 0x00, 0x00, 0x02, 0x70, 0x01, 0x00, 0x00,
  0xf4, 0xf0, 0xff, 0xff, 0x08, 0x00, 0x00, 0x00, 0x88, 0x00, 0x00, 0x00,
  0x10, 0x00, 0x00, 0x00, 0x00, 0x00, 0x00, 0x00, 0x00, 0x00, 0x00, 0x00,
  0x00, 0x00, 0x00, 0x00, 0x00, 0x00, 0x00, 0x00, 0x00, 0x00, 0x00, 0x00,
  0x00, 0x00, 0x00, 0x00, 0x00, 0x00, 0x00, 0x00, 0x00, 0x00, 0x00, 0x00,
  0x00, 0x00, 0x00, 0x00, 0x00, 0x00, 0x00, 0x00, 0x00, 0x00, 0x00, 0x00,
  0x00, 0x00, 0x00, 0x00, 0x00, 0x00, 0x00, 0x00, 0x00, 0x00, 0x00, 0x00,
  0x00, 0x00, 0x00, 0x00, 0x00, 0x00, 0x00, 0x00, 0x00, 0x00, 0x00, 0x00,
  0x00, 0x00, 0x00, 0x00, 0x00, 0x00, 0x00, 0x00, 0x00, 0x00, 0x00, 0x00,
  0x00, 0x00, 0x00, 0x00, 0x00, 0x00, 0x00, 0x00, 0x00, 0x00, 0x00, 0x00,
  0x00, 0x00, 0x00, 0x00, 0x00, 0x00, 0x00, 0x00, 0x00, 0x00, 0x00, 0x00,
  0x00, 0x00, 0x00, 0x00, 0x00, 0x00, 0x00, 0x00, 0x00, 0x00, 0x00, 0x00,
  0x00, 0x00, 0x00, 0x00, 0x00, 0x00, 0x00, 0x00, 0x00, 0x00, 0x00, 0x00,
  0x10, 0x00, 0x00, 0x00, 0x37, 0xa7, 0xeb, 0x37, 0xbc, 0xb9, 0xff, 0x37,
  0x6b, 0xe1, 0xcc, 0x37, 0xdf, 0xec, 0xf6, 0x37, 0xf4, 0xd1, 0xcf, 0x37,
  0x6a, 0x98, 0xe9, 0x37, 0x30, 0x74, 0xc9, 0x37, 0x58, 0x84, 0xe7, 0x37,
  0xce, 0x94, 0xe7, 0x37, 0x3a, 0x33, 0xd9, 0x37, 0xd0, 0x89, 0xe6, 0x37,
  0x05, 0x4c, 0xdd, 0x37, 0x3a, 0x1f, 0xd7, 0x37, 0xa7, 0x02, 0xed, 0x37,
  0xc6, 0x11, 0xfa, 0x37, 0x2a, 0xba, 0xf0, 0x37, 0x90, 0x00, 0x00, 0x00,
  0x73, 0x65, 0x71, 0x75, 0x65, 0x6e, 0x74, 0x69, 0x61, 0x6c, 0x5f, 0x32,
  0x39, 0x5f, 0x31, 0x2f, 0x63, 0x6f, 0x6e, 0x76, 0x32, 0x64, 0x5f, 0x36,
  0x39, 0x5f, 0x31, 0x2f, 0x52, 0x65, 0x6c, 0x75, 0x3b, 0x73, 0x65, 0x71,
  0x75, 0x65, 0x6e, 0x74, 0x69, 0x61, 0x6c, 0x5f, 0x32, 0x39, 0x5f, 0x31,
  0x2f, 0x63, 0x6f, 0x6e, 0x76, 0x32, 0x64, 0x5f, 0x36, 0x39, 0x5f, 0x31,
  0x2f, 0x42, 0x69, 0x61, 0x73, 0x41, 0x64, 0x64, 0x3b, 0x73, 0x65, 0x71,
  0x75, 0x65, 0x6e, 0x74, 0x69, 0x61, 0x6c, 0x5f, 0x32, 0x39, 0x5f, 0x31,
  0x2f, 0x63, 0x6f, 0x6e, 0x76, 0x32, 0x64, 0x5f, 0x36, 0x39, 0x5f, 0x31,
  0x2f, 0x63, 0x6f, 0x6e, 0x76, 0x6f, 0x6c, 0x75, 0x74, 0x69, 0x6f, 0x6e,
  0x3b, 0x73, 0x65, 0x71, 0x75, 0x65, 0x6e, 0x74, 0x69, 0x61, 0x6c, 0x5f,
  0x32, 0x39, 0x5f, 0x31, 0x2f, 0x63, 0x6f, 0x6e, 0x76, 0x32, 0x64, 0x5f,
  0x36, 0x39, 0x5f, 0x31, 0x2f, 0x53, 0x71, 0x75, 0x65, 0x65, 0x7a, 0x65,
  0x00, 0x00, 0x00, 0x00, 0x01, 0x00, 0x00, 0x00, 0x10, 0x00, 0x00, 0x00,
  0x9a, 0xf2, 0xff, 0xff, 0x00, 0x00, 0x00, 0x01, 0x14, 0x00, 0x00, 0x00,
  0x30, 0x00, 0x00, 0x00, 0x0e, 0x00, 0x00, 0x00, 0x00, 0x00, 0x00, 0x09,
  0x60, 0x00, 0x00, 0x00, 0x84, 0xf2, 0xff, 0xff, 0x08, 0x00, 0x00, 0x00,
  0x10, 0x00, 0x00, 0x00, 0x01, 0x00, 0x00, 0x00, 0x80, 0xff, 0xff, 0xff,
  0xff, 0xff, 0xff, 0xff, 0x01, 0x00, 0x00, 0x00, 0x73, 0x77, 0x8d, 0x3c,
  0x36, 0x00, 0x00, 0x00, 0x73, 0x65, 0x71, 0x75, 0x65, 0x6e, 0x74, 0x69,
  0x61, 0x6c, 0x5f, 0x32, 0x39, 0x5f, 0x31, 0x2f, 0x62, 0x61, 0x74, 0x63,
  0x68, 0x5f, 0x6e, 0x6f, 0x72, 0x6d, 0x61, 0x6c, 0x69, 0x7a, 0x61, 0x74,
  0x69, 0x6f, 0x6e, 0x5f, 0x33, 0x33, 0x5f, 0x31, 0x2f, 0x62, 0x61, 0x74,
  0x63, 0x68, 0x6e, 0x6f, 0x72, 0x6d, 0x2f, 0x6d, 0x75, 0x6c, 0x00, 0x00,
  0x01, 0x00, 0x00, 0x00, 0x10, 0x00, 0x00, 0x00, 0x1a, 0xf3, 0xff, 0xff,
  0x00, 0x00, 0x00, 0x01, 0x14, 0x00, 0x00, 0x00, 0x30, 0x00, 0x00, 0x00,
  0x0d, 0x00, 0x00, 0x00, 0x00, 0x00, 0x00, 0x09, 0x60, 0x00, 0x00, 0x00,
  0x04, 0xf3, 0xff, 0xff, 0x08, 0x00, 0x00, 0x00, 0x10, 0x00, 0x00, 0x00,
  0x01, 0x00, 0x00, 0x00, 0x7f, 0x00, 0x00, 0x00, 0x00, 0x00, 0x00, 0x00,
  0x01, 0x00, 0x00, 0x00, 0xc5, 0xdd, 0x54, 0x3b, 0x36, 0x00, 0x00, 0x00,
  0x73, 0x65, 0x71, 0x75, 0x65, 0x6e, 0x74, 0x69, 0x61, 0x6c, 0x5f, 0x32,
  0x39, 0x5f, 0x31, 0x2f, 0x62, 0x61, 0x74, 0x63, 0x68, 0x5f, 0x6e, 0x6f,
  0x72, 0x6d, 0x61, 0x6c, 0x69, 0x7a, 0x61, 0x74, 0x69, 0x6f, 0x6e, 0x5f,
  0x33, 0x33, 0x5f, 0x31, 0x2f, 0x62, 0x61, 0x74, 0x63, 0x68, 0x6e, 0x6f,
  0x72, 0x6d, 0x2f, 0x73, 0x75, 0x62, 0x00, 0x00, 0x01, 0x00, 0x00, 0x00,
  0x10, 0x00, 0x00, 0x00, 0x9a, 0xf3, 0xff, 0xff, 0x00, 0x00, 0x00, 0x01,
  0x14, 0x00, 0x00, 0x00, 0xa4, 0x01, 0x00, 0x00, 0x0c, 0x00, 0x00, 0x00,
  0x00, 0x00, 0x00, 0x09, 0xc4, 0x01, 0x00, 0x00, 0x84, 0xf3, 0xff, 0xff,
  0x08, 0x00, 0x00, 0x00, 0x08, 0x01, 0x00, 0x00, 0x20, 0x00, 0x00, 0x00,
  0x00, 0x00, 0x00, 0x00, 0x00, 0x00, 0x00, 0x00, 0x00, 0x00, 0x00, 0x00,
  0x00, 0x00, 0x00, 0x00, 0x00, 0x00, 0x00, 0x00, 0x00, 0x00, 0x00, 0x00,
  0x00, 0x00, 0x00, 0x00, 0x00, 0x00, 0x00, 0x00, 0x00, 0x00, 0x00, 0x00,
  0x00, 0x00, 0x00, 0x00, 0x00, 0x00, 0x00, 0x00, 0x00, 0x00, 0x00, 0x00,
  0x00, 0x00, 0x00, 0x00, 0x00, 0x00, 0x00, 0x00, 0x00, 0x00, 0x00, 0x00,
  0x00, 0x00, 0x00, 0x00, 0x00, 0x00, 0x00, 0x00, 0x00, 0x00, 0x00, 0x00,
  0x00, 0x00, 0x00, 0x00, 0x00, 0x00, 0x00, 0x00, 0x00, 0x00, 0x00, 0x00,
  0x00, 0x00, 0x00, 0x00, 0x00, 0x00, 0x00, 0x00, 0x00, 0x00, 0x00, 0x00,
  0x00, 0x00, 0x00, 0x00, 0x00, 0x00, 0x00, 0x00, 0x00, 0x00, 0x00, 0x00,
  0x00, 0x00, 0x00, 0x00, 0x00, 0x00, 0x00, 0x00, 0x00, 0x00, 0x00, 0x00,
  0x00, 0x00, 0x00, 0x00, 0x00, 0x00, 0x00, 0x00, 0x00, 0x00, 0x00, 0x00,
  0x00, 0x00, 0x00, 0x00, 0x00, 0x00, 0x00, 0x00, 0x00, 0x00, 0x00, 0x00,
  0x00, 0x00, 0x00, 0x00, 0x00, 0x00, 0x00, 0x00, 0x00, 0x00, 0x00, 0x00,
  0x00, 0x00, 0x00, 0x00, 0x00, 0x00, 0x00, 0x00, 0x00, 0x00, 0x00, 0x00,
  0x00, 0x00, 0x00, 0x00, 0x00, 0x00, 0x00, 0x00, 0x00, 0x00, 0x00, 0x00,
  0x00, 0x00, 0x00, 0x00, 0x00, 0x00, 0x00, 0x00, 0x00, 0x00, 0x00, 0x00,
  0x00, 0x00, 0x00, 0x00, 0x00, 0x00, 0x00, 0x00, 0x00, 0x00, 0x00, 0x00,
  0x00, 0x00, 0x00, 0x00, 0x00, 0x00, 0x00, 0x00, 0x00, 0x00, 0x00, 0x00,
  0x00, 0x00, 0x00, 0x00, 0x00, 0x00, 0x00, 0x00, 0x00, 0x00, 0x00, 0x00,
  0x00, 0x00, 0x00, 0x00, 0x00, 0x00, 0x00, 0x00, 0x00, 0x00, 0x00, 0x00,
  0x00, 0x00, 0x00, 0x00, 0x00, 0x00, 0x00, 0x00, 0x00, 0x00, 0x00, 0x00,
  0x00, 0x00, 0x00, 0x00, 0x20, 0x00, 0x00, 0x00, 0xf3, 0x6c, 0xd2, 0x3a,
  0x44, 0x77, 0xe7, 0x3a, 0x64, 0xda, 0xc7, 0x3a, 0x85, 0x00, 0xd0, 0x3a,
  0xfa, 0x98, 0xcd, 0x3a, 0xba, 0xd9, 0xd8, 0x3a, 0x6c, 0x47, 0xdc, 0x3a,
  0x7e, 0x28, 0xcd, 0x3a, 0x45, 0xf3, 0xc2, 0x3a, 0xcc, 0x24, 0xd0, 0x3a,
  0x31, 0x16, 0xe4, 0x3a, 0xde, 0x32, 0xcc, 0x3a, 0x87, 0x39, 0xc8, 0x3a,
  0x83, 0xf0, 0xda, 0x3a, 0x6b, 0x36, 0xe1, 0x3a, 0x16, 0x7b, 0xe1, 0x3a,
  0x66, 0xb7, 0xdd, 0x3a, 0xfc, 0x5c, 0xf1, 0x3a, 0xaf, 0x7e, 0xe5, 0x3a,
  0x9e, 0x95, 0xdc, 0x3a, 0xc9, 0x45, 0xe1, 0x3a, 0xa0, 0xf1, 0xe0, 0x3a,
  0xbd, 0xfc, 0xeb, 0x3a, 0x73, 0x97, 0xdb, 0x3a, 0x08, 0x01, 0xde, 0x3a,
  0xbf, 0x5f, 0xd8, 0x3a, 0x1d, 0x0f, 0xd6, 0x3a, 0xe0, 0xfe, 0xd6, 0x3a,
  0x7c, 0xa0, 0xd2, 0x3a, 0x01, 0xcb, 0xc6, 0x3a, 0xd2, 0xe9, 0xdc, 0x3a,
  0xdc, 0xc2, 0xd1, 0x3a, 0x27, 0x00, 0x00, 0x00, 0x73, 0x65, 0x71, 0x75,
  0x65, 0x6e, 0x74, 0x69, 0x61, 0x6c, 0x5f, 0x32, 0x39, 0x5f, 0x31, 0x2f,
  0x63, 0x6f, 0x6e, 0x76, 0x32, 0x64, 0x5f, 0x37, 0x30, 0x5f, 0x31, 0x2f,
  0x63, 0x6f, 0x6e, 0x76, 0x6f, 0x6c, 0x75, 0x74, 0x69, 0x6f, 0x6e, 0x00,
  0x04, 0x00, 0x00, 0x00, 0x20, 0x00, 0x00, 0x00, 0x03, 0x00, 0x00, 0x00,
  0x01, 0x00, 0x00, 0x00, 0x10, 0x00, 0x00, 0x00, 0x8a, 0xf5, 0xff, 0xff,
  0x00, 0x00, 0x00, 0x01, 0x14, 0x00, 0x00, 0x00, 0xa4, 0x01, 0x00, 0x00,
  0x0b, 0x00, 0x00, 0x00, 0x00, 0x00, 0x00, 0x02, 0x30, 0x02, 0x00, 0x00,
  0x74, 0xf5, 0xff, 0xff, 0x08, 0x00, 0x00, 0x00, 0x08, 0x01, 0x00, 0x00,
  0x20, 0x00, 0x00, 0x00, 0x00, 0x00, 0x00, 0x00, 0x00, 0x00, 0x00, 0x00,
  0x00, 0x00, 0x00, 0x00, 0x00, 0x00, 0x00, 0x00, 0x00, 0x00, 0x00, 0x00,
  0x00, 0x00, 0x00, 0x00, 0x00, 0x00, 0x00, 0x00, 0x00, 0x00, 0x00, 0x00,
  0x00, 0x00, 0x00, 0x00, 0x00, 0x00, 0x00, 0x00, 0x00, 0x00, 0x00, 0x00,
  0x00, 0x00, 0x00, 0x00, 0x00, 0x00, 0x00, 0x00, 0x00, 0x00, 0x00, 0x00,
  0x00, 0x00, 0x00, 0x00, 0x00, 0x00, 0x00, 0x00, 0x00, 0x00, 0x00, 0x00,
  0x00, 0x00, 0x00, 0x00, 0x00, 0x00, 0x00, 0x00, 0x00, 0x00, 0x00, 0x00,
  0x00, 0x00, 0x00, 0x00, 0x00, 0x00, 0x00, 0x00, 0x00, 0x00, 0x00, 0x00,
  0x00, 0x00, 0x00, 0x00, 0x00, 0x00, 0x00, 0x00, 0x00, 0x00, 0x00, 0x00,
  0x00, 0x00, 0x00, 0x00, 0x00, 0x00, 0x00, 0x00, 0x00, 0x00, 0x00, 0x00,
  0x00, 0x00, 0x00, 0x00, 0x00, 0x00, 0x00, 0x00, 0x00, 0x00, 0x00, 0x00,
  0x00, 0x00, 0x00, 0x00, 0x00, 0x00, 0x00, 0x00, 0x00, 0x00, 0x00, 0x00,
  0x00, 0x00, 0x00, 0x00, 0x00, 0x00, 0x00, 0x00, 0x00, 0x00, 0x00, 0x00,
  0x00, 0x00, 0x00, 0x00, 0x00, 0x00, 0x00, 0x00, 0x00, 0x00, 0x00, 0x00,
  0x00, 0x00, 0x00, 0x00, 0x00, 0x00, 0x00, 0x00, 0x00, 0x00, 0x00, 0x00,
  0x00, 0x00, 0x00, 0x00, 0x00, 0x00, 0x00, 0x00, 0x00, 0x00, 0x00, 0x00,
  0x00, 0x00, 0x00, 0x00, 0x00, 0x00, 0x00, 0x00, 0x00, 0x00, 0x00, 0x00,
  0x00, 0x00, 0x00, 0x00, 0x00, 0x00, 0x00, 0x00, 0x00, 0x00, 0x00, 0x00,
  0x00, 0x00, 0x00, 0x00, 0x00, 0x00, 0x00, 0x00, 0x00, 0x00, 0x00, 0x00,
  0x00, 0x00, 0x00, 0x00, 0x00, 0x00, 0x00, 0x00, 0x00, 0x00, 0x00, 0x00,
  0x00, 0x00, 0x00, 0x00, 0x00, 0x00, 0x00, 0x00, 0x00, 0x00, 0x00, 0x00,
  0x00, 0x00, 0x00, 0x00, 0x00, 0x00, 0x00, 0x00, 0x20, 0x00, 0x00, 0x00,
  0x3a, 0x5c, 0xbd, 0x37, 0x54, 0x4b, 0xd0, 0x37, 0x9e, 0xd8, 0xb3, 0x37,
  0xe8, 0x2d, 0xbb, 0x37, 0xfc, 0x03, 0xb9, 0x37, 0x59, 0x24, 0xc3, 0x37,
  0x2e, 0x3a, 0xc6, 0x37, 0xc3, 0x9e, 0xb8, 0x37, 0x24, 0x6f, 0xaf, 0x37,
  0x8d, 0x4e, 0xbb, 0x37, 0xdb, 0x40, 0xcd, 0x37, 0xb9, 0xc1, 0xb7, 0x37,
  0x3a, 0x2e, 0xb4, 0x37, 0x99, 0x05, 0xc5, 0x37, 0xbd, 0xaa, 0xca, 0x37,
  0x88, 0xe8, 0xca, 0x37, 0x51, 0x85, 0xc7, 0x37, 0x66, 0x33, 0xd9, 0x37,
  0x42, 0x85, 0xce, 0x37, 0x8c, 0x80, 0xc6, 0x37, 0x91, 0xb8, 0xca, 0x37,
  0xd5, 0x6c, 0xca, 0x37, 0xed, 0x5c, 0xd4, 0x37, 0xd2, 0x9b, 0xc5, 0x37,
  0x94, 0xc7, 0xc7, 0x37, 0x94, 0xb6, 0xc2, 0x37, 0x46, 0xa1, 0xc0, 0x37,
  0x08, 0x79, 0xc1, 0x37, 0x9a, 0x8a, 0xbd, 0x37, 0x66, 0xe4, 0xb2, 0x37,
  0x52, 0xcc, 0xc6, 0x37, 0x2a, 0xc3, 0xbc, 0x37, 0x90, 0x00, 0x00, 0x00,
  0x73, 0x65, 0x71, 0x75, 0x65, 0x6e, 0x74, 0x69, 0x61, 0x6c, 0x5f, 0x32,
  0x39, 0x5f, 0x31, 0x2f, 0x63, 0x6f, 0x6e, 0x76, 0x32, 0x64, 0x5f, 0x37,
  0x30, 0x5f, 0x31, 0x2f, 0x52, 0x65, 0x6c, 0x75, 0x3b, 0x73, 0x65, 0x71,
  0x75, 0x65, 0x6e, 0x74, 0x69, 0x61, 0x6c, 0x5f, 0x32, 0x39, 0x5f, 0x31,
  0x2f, 0x63, 0x6f, 0x6e, 0x76, 0x32, 0x64, 0x5f, 0x37, 0x30, 0x5f, 0x31,
  0x2f, 0x42, 0x69, 0x61, 0x73, 0x41, 0x64, 0x64, 0x3b, 0x73, 0x65, 0x71,
  0x75, 0x65, 0x6e, 0x74, 0x69, 0x61, 0x6c, 0x5f, 0x32, 0x39, 0x5f, 0x31,
  0x2f, 0x63, 0x6f, 0x6e, 0x76, 0x32, 0x64, 0x5f, 0x37, 0x30, 0x5f, 0x31,
  0x2f, 0x63, 0x6f, 0x6e, 0x76, 0x6f, 0x6c, 0x75, 0x74, 0x69, 0x6f, 0x6e,
  0x3b, 0x73, 0x65, 0x71, 0x75, 0x65, 0x6e, 0x74, 0x69, 0x61, 0x6c, 0x5f,
  0x32, 0x39, 0x5f, 0x31, 0x2f, 0x63, 0x6f, 0x6e, 0x76, 0x32, 0x64, 0x5f,
  0x37, 0x30, 0x5f, 0x31, 0x2f, 0x53, 0x71, 0x75, 0x65, 0x65, 0x7a, 0x65,
  0x00, 0x00, 0x00, 0x00, 0x01, 0x00, 0x00, 0x00, 0x20, 0x00, 0x00, 0x00,
  0xda, 0xf7, 0xff, 0xff, 0x00, 0x00, 0x00, 0x01, 0x14, 0x00, 0x00, 0x00,
  0x30, 0x00, 0x00, 0x00, 0x0a, 0x00, 0x00, 0x00, 0x00, 0x00, 0x00, 0x09,
  0x60, 0x00, 0x00, 0x00, 0xc4, 0xf7, 0xff, 0xff, 0x08, 0x00, 0x00, 0x00,
  0x10, 0x00, 0x00, 0x00, 0x01, 0x00, 0x00, 0x00, 0x80, 0xff, 0xff, 0xff,
  0xff, 0xff, 0xff, 0xff, 0x01, 0x00, 0x00, 0x00, 0x78, 0xb5, 0x90, 0x3c,
  0x36, 0x00, 0x00, 0x00, 0x73, 0x65, 0x71, 0x75, 0x65, 0x6e, 0x74, 0x69,
  0x61, 0x6c, 0x5f, 0x32, 0x39, 0x5f, 0x31, 0x2f, 0x62, 0x61, 0x74, 0x63,
  0x68, 0x5f, 0x6e, 0x6f, 0x72, 0x6d, 0x61, 0x6c, 0x69, 0x7a, 0x61, 0x74,
  0x69, 0x6f, 0x6e, 0x5f, 0x33, 0x34, 0x5f, 0x31, 0x2f, 0x62, 0x61, 0x74,
  0x63, 0x68, 0x6e, 0x6f, 0x72, 0x6d, 0x2f, 0x6d, 0x75, 0x6c, 0x00, 0x00,
  0x01, 0x00, 0x00, 0x00, 0x20, 0x00, 0x00, 0x00, 0x5a, 0xf8, 0xff, 0xff,
  0x00, 0x00, 0x00, 0x01, 0x14, 0x00, 0x00, 0x00, 0x30, 0x00, 0x00, 0x00,
  0x09, 0x00, 0x00, 0x00, 0x00, 0x00, 0x00, 0x09, 0x60, 0x00, 0x00, 0x00,
  0x44, 0xf8, 0xff, 0xff, 0x08, 0x00, 0x00, 0x00, 0x10, 0x00, 0x00, 0x00,
  0x01, 0x00, 0x00, 0x00, 0x7f, 0x00, 0x00, 0x00, 0x00, 0x00, 0x00, 0x00,
  0x01, 0x00, 0x00, 0x00, 0xfd, 0xf4, 0x7b, 0x3b, 0x36, 0x00, 0x00, 0x00,
  0x73, 0x65, 0x71, 0x75, 0x65, 0x6e, 0x74, 0x69, 0x61, 0x6c, 0x5f, 0x32,
  0x39, 0x5f, 0x31, 0x2f, 0x62, 0x61, 0x74, 0x63, 0x68, 0x5f, 0x6e, 0x6f,
  0x72, 0x6d, 0x61, 0x6c, 0x69, 0x7a, 0x61, 0x74, 0x69, 0x6f, 0x6e, 0x5f,
  0x33, 0x34, 0x5f, 0x31, 0x2f, 0x62, 0x61, 0x74, 0x63, 0x68, 0x6e, 0x6f,
  0x72, 0x6d, 0x2f, 0x73, 0x75, 0x62, 0x00, 0x00, 0x01, 0x00, 0x00, 0x00,
  0x20, 0x00, 0x00, 0x00, 0xda, 0xf8, 0xff, 0xff, 0x00, 0x00, 0x00, 0x01,
  0x14, 0x00, 0x00, 0x00, 0xa4, 0x01, 0x00, 0x00, 0x08, 0x00, 0x00, 0x00,
  0x00, 0x00, 0x00, 0x09, 0xc4, 0x01, 0x00, 0x00, 0xc4, 0xf8, 0xff, 0xff,
  0x08, 0x00, 0x00, 0x00, 0x08, 0x01, 0x00, 0x00, 0x20, 0x00, 0x00, 0x00,
  0x00, 0x00, 0x00, 0x00, 0x00, 0x00, 0x00, 0x00, 0x00, 0x00, 0x00, 0x00,
  0x00, 0x00, 0x00, 0x00, 0x00, 0x00, 0x00, 0x00, 0x00, 0x00, 0x00, 0x00,
  0x00, 0x00, 0x00, 0x00, 0x00, 0x00, 0x00, 0x00, 0x00, 0x00, 0x00, 0x00,
  0x00, 0x00, 0x00, 0x00, 0x00, 0x00, 0x00, 0x00, 0x00, 0x00, 0x00, 0x00,
  0x00, 0x00, 0x00, 0x00, 0x00, 0x00, 0x00, 0x00, 0x00, 0x00, 0x00, 0x00,
  0x00, 0x00, 0x00, 0x00, 0x00, 0x00, 0x00, 0x00, 0x00, 0x00, 0x00, 0x00,
  0x00, 0x00, 0x00, 0x00, 0x00, 0x00, 0x00, 0x00, 0x00, 0x00, 0x00, 0x00,
  0x00, 0x00, 0x00, 0x00, 0x00, 0x00, 0x00, 0x00, 0x00, 0x00, 0x00, 0x00,
  0x00, 0x00, 0x00, 0x00, 0x00, 0x00, 0x00, 0x00, 0x00, 0x00, 0x00, 0x00,
  0x00, 0x00, 0x00, 0x00, 0x00, 0x00, 0x00, 0x00, 0x00, 0x00, 0x00, 0x00,
  0x00, 0x00, 0x00, 0x00, 0x00, 0x00, 0x00, 0x00, 0x00, 0x00, 0x00, 0x00,
  0x00, 0x00, 0x00, 0x00, 0x00, 0x00, 0x00, 0x00, 0x00, 0x00, 0x00, 0x00,
  0x00, 0x00, 0x00, 0x00, 0x00, 0x00, 0x00, 0x00, 0x00, 0x00, 0x00, 0x00,
  0x00, 0x00, 0x00, 0x00, 0x00, 0x00, 0x00, 0x00, 0x00, 0x00, 0x00, 0x00,
  0x00, 0x00, 0x00, 0x00, 0x00, 0x00, 0x00, 0x00, 0x00, 0x00, 0x00, 0x00,
  0x00, 0x00, 0x00, 0x00, 0x00, 0x00, 0x00, 0x00, 0x00, 0x00, 0x00, 0x00,
  0x00, 0x00, 0x00, 0x00, 0x00, 0x00, 0x00, 0x00, 0x00, 0x00, 0x00, 0x00,
  0x00, 0x00, 0x00, 0x00, 0x00, 0x00, 0x00, 0x00, 0x00, 0x00, 0x00, 0x00,
  0x00, 0x00, 0x00, 0x00, 0x00, 0x00, 0x00, 0x00, 0x00, 0x00, 0x00, 0x00,
  0x00, 0x00, 0x00, 0x00, 0x00, 0x00, 0x00, 0x00, 0x00, 0x00, 0x00, 0x00,
  0x00, 0x00, 0x00, 0x00, 0x00, 0x00, 0x00, 0x00, 0x00, 0x00, 0x00, 0x00,
  0x00, 0x00, 0x00, 0x00, 0x20, 0x00, 0x00, 0x00, 0x85, 0xc1, 0xd3, 0x3a,
  0x3d, 0xa2, 0xbf, 0x3a, 0x06, 0xc0, 0xc9, 0x3a, 0xad, 0x3e, 0xe5, 0x3a,
  0xb8, 0x6d, 0xbe, 0x3a, 0xa6, 0x82, 0xc5, 0x3a, 0x50, 0x7c, 0xbb, 0x3a,
  0x46, 0x80, 0xdb, 0x3a, 0x50, 0xe2, 0xc0, 0x3a, 0xea, 0x3a, 0xce, 0x3a,
  0x61, 0x14, 0xb6, 0x3a, 0x67, 0x16, 0xd6, 0x3a, 0x19, 0x06, 0xd3, 0x3a,
  0x4f, 0x82, 0xcc, 0x3a, 0x77, 0x0e, 0xce, 0x3a, 0xa8, 0x2f, 0xdd, 0x3a,
  0x88, 0xe7, 0xe7, 0x3a, 0x49, 0x46, 0xd3, 0x3a, 0x6f, 0x86, 0xd0, 0x3a,
  0x2f, 0x0d, 0xc6, 0x3a, 0x8a, 0x6e, 0xe3, 0x3a, 0x64, 0x3c, 0xbb, 0x3a,
  0xc2, 0x43, 0xd8, 0x3a, 0xce, 0x4b, 0xd7, 0x3a, 0x52, 0x1d, 0xd9, 0x3a,
  0x44, 0xeb, 0xc0, 0x3a, 0xf7, 0x75, 0xbd, 0x3a, 0xce, 0x1f, 0xc8, 0x3a,
  0x39, 0x41, 0xcb, 0x3a, 0x19, 0xa7, 0xc0, 0x3a, 0x77, 0x52, 0xc5, 0x3a,
  0x5b, 0x96, 0xc6, 0x3a, 0x27, 0x00, 0x00, 0x00, 0x73, 0x65, 0x71, 0x75,
  0x65, 0x6e, 0x74, 0x69, 0x61, 0x6c, 0x5f, 0x32, 0x39, 0x5f, 0x31, 0x2f,
  0x63, 0x6f, 0x6e, 0x76, 0x32, 0x64, 0x5f, 0x37, 0x31, 0x5f, 0x31, 0x2f,
  0x63, 0x6f, 0x6e, 0x76, 0x6f, 0x6c, 0x75, 0x74, 0x69, 0x6f, 0x6e, 0x00,
  0x04, 0x00, 0x00, 0x00, 0x20, 0x00, 0x00, 0x00, 0x03, 0x00, 0x00, 0x00,
  0x01, 0x00, 0x00, 0x00, 0x20, 0x00, 0x00, 0x00, 0xca, 0xfa, 0xff, 0xff,
  0x00, 0x00, 0x00, 0x01, 0x14, 0x00, 0x00, 0x00, 0xa4, 0x01, 0x00, 0x00,
  0x07, 0x00, 0x00, 0x00, 0x00, 0x00, 0x00, 0x02, 0x30, 0x02, 0x00, 0x00,
  0xb4, 0xfa, 0xff, 0xff, 0x08, 0x00, 0x00, 0x00, 0x08, 0x01, 0x00, 0x00,
  0x20, 0x00, 0x00, 0x00, 0x00, 0x00, 0x00, 0x00, 0x00, 0x00, 0x00, 0x00,
  0x00, 0x00, 0x00, 0x00, 0x00, 0x00, 0x00, 0x00, 0x00, 0x00, 0x00, 0x00,
  0x00, 0x00, 0x00, 0x00, 0x00, 0x00, 0x00, 0x00, 0x00, 0x00, 0x00, 0x00,
  0x00, 0x00, 0x00, 0x00, 0x00, 0x00, 0x00, 0x00, 0x00, 0x00, 0x00, 0x00,
  0x00, 0x00, 0x00, 0x00, 0x00, 0x00, 0x00, 0x00, 0x00, 0x00, 0x00, 0x00,
  0x00, 0x00, 0x00, 0x00, 0x00, 0x00, 0x00, 0x00, 0x00, 0x00, 0x00, 0x00,
  0x00, 0x00, 0x00, 0x00, 0x00, 0x00, 0x00, 0x00, 0x00, 0x00, 0x00, 0x00,
  0x00, 0x00, 0x00, 0x00, 0x00, 0x00, 0x00, 0x00, 0x00, 0x00, 0x00, 0x00,
  0x00, 0x00, 0x00, 0x00, 0x00, 0x00, 0x00, 0x00, 0x00, 0x00, 0x00, 0x00,
  0x00, 0x00, 0x00, 0x00, 0x00, 0x00, 0x00, 0x00, 0x00, 0x00, 0x00, 0x00,
  0x00, 0x00, 0x00, 0x00, 0x00, 0x00, 0x00, 0x00, 0x00, 0x00, 0x00, 0x00,
  0x00, 0x00, 0x00, 0x00, 0x00, 0x00, 0x00, 0x00, 0x00, 0x00, 0x00, 0x00,
  0x00, 0x00, 0x00, 0x00, 0x00, 0x00, 0x00, 0x00, 0x00, 0x00, 0x00, 0x00,
  0x00, 0x00, 0x00, 0x00, 0x00, 0x00, 0x00, 0x00, 0x00, 0x00, 0x00, 0x00,
  0x00, 0x00, 0x00, 0x00, 0x00, 0x00, 0x00, 0x00, 0x00, 0x00, 0x00, 0x00,
  0x00, 0x00, 0x00, 0x00, 0x00, 0x00, 0x00, 0x00, 0x00, 0x00, 0x00, 0x00,
  0x00, 0x00, 0x00, 0x00, 0x00, 0x00, 0x00, 0x00, 0x00, 0x00, 0x00, 0x00,
  0x00, 0x00, 0x00, 0x00, 0x00, 0x00, 0x00, 0x00, 0x00, 0x00, 0x00, 0x00,
  0x00, 0x00, 0x00, 0x00, 0x00, 0x00, 0x00, 0x00, 0x00, 0x00, 0x00, 0x00,
  0x00, 0x00, 0x00, 0x00, 0x00, 0x00, 0x00, 0x00, 0x00, 0x00, 0x00, 0x00,
  0x00, 0x00, 0x00, 0x00, 0x00, 0x00, 0x00, 0x00, 0x00, 0x00, 0x00, 0x00,
  0x00, 0x00, 0x00, 0x00, 0x00, 0x00, 0x00, 0x00, 0x20, 0x00, 0x00, 0x00,
  0x92, 0x1f, 0xff, 0x37, 0x50, 0xe1, 0xe6, 0x37, 0x7c, 0x11, 0xf3, 0x37,
  0xd3, 0x18, 0x0a, 0x38, 0x9c, 0x6d, 0xe5, 0x37, 0xd3, 0xf5, 0xed, 0x37,
  0xe8, 0xe1, 0xe1, 0x37, 0x32, 0x3a, 0x04, 0x38, 0xf0, 0x62, 0xe8, 0x37,
  0x42, 0x77, 0xf8, 0x37, 0x8b, 0x5e, 0xdb, 0x37, 0x59, 0xf7, 0x00, 0x38,
  0xc4, 0x3d, 0xfe, 0x37, 0x6a, 0x64, 0xf6, 0x37, 0xb4, 0x41, 0xf8, 0x37,
  0x0f, 0x3e, 0x05, 0x38, 0xf8, 0xb2, 0x0b, 0x38, 0x19, 0x8b, 0xfe, 0x37,
  0x19, 0x3b, 0xfb, 0x37, 0xbb, 0x9c, 0xee, 0x37, 0x3a, 0x01, 0x09, 0x38,
  0xe5, 0x94, 0xe1, 0x37, 0x19, 0x47, 0x02, 0x38, 0xbb, 0xb1, 0x01, 0x38,
  0x28, 0xca, 0x02, 0x38, 0xba, 0x6d, 0xe8, 0x37, 0x1e, 0x43, 0xe4, 0x37,
  0x06, 0x1c, 0xf1, 0x37, 0x92, 0xe1, 0xf4, 0x37, 0x99, 0x1b, 0xe8, 0x37,
  0xc6, 0xbb, 0xed, 0x37, 0xff, 0x41, 0xef, 0x37, 0x90, 0x00, 0x00, 0x00,
  0x73, 0x65, 0x71, 0x75, 0x65, 0x6e, 0x74, 0x69, 0x61, 0x6c, 0x5f, 0x32,
  0x39, 0x5f, 0x31, 0x2f, 0x63, 0x6f, 0x6e, 0x76, 0x32, 0x64, 0x5f, 0x37,
  0x31, 0x5f, 0x31, 0x2f, 0x52, 0x65, 0x6c, 0x75, 0x3b, 0x73, 0x65, 0x71,
  0x75, 0x65, 0x6e, 0x74, 0x69, 0x61, 0x6c, 0x5f, 0x32, 0x39, 0x5f, 0x31,
  0x2f, 0x63, 0x6f, 0x6e, 0x76, 0x32, 0x64, 0x5f, 0x37, 0x31, 0x5f, 0x31,
  0x2f, 0x42, 0x69, 0x61, 0x73, 0x41, 0x64, 0x64, 0x3b, 0x73, 0x65, 0x71,
  0x75, 0x65, 0x6e, 0x74, 0x69, 0x61, 0x6c, 0x5f, 0x32, 0x39, 0x5f, 0x31,
  0x2f, 0x63, 0x6f, 0x6e, 0x76, 0x32, 0x64, 0x5f, 0x37, 0x31, 0x5f, 0x31,
  0x2f, 0x63, 0x6f, 0x6e, 0x76, 0x6f, 0x6c, 0x75, 0x74, 0x69, 0x6f, 0x6e,
  0x3b, 0x73, 0x65, 0x71, 0x75, 0x65, 0x6e, 0x74, 0x69, 0x61, 0x6c, 0x5f,
  0x32, 0x39, 0x5f, 0x31, 0x2f, 0x63, 0x6f, 0x6e, 0x76, 0x32, 0x64, 0x5f,
  0x37, 0x31, 0x5f, 0x31, 0x2f, 0x53, 0x71, 0x75, 0x65, 0x65, 0x7a, 0x65,
  0x00, 0x00, 0x00, 0x00, 0x01, 0x00, 0x00, 0x00, 0x20, 0x00, 0x00, 0x00,
  0x1a, 0xfd, 0xff, 0xff, 0x00, 0x00, 0x00, 0x01, 0x14, 0x00, 0x00, 0x00,
  0x30, 0x00, 0x00, 0x00, 0x06, 0x00, 0x00, 0x00, 0x00, 0x00, 0x00, 0x09,
  0x60, 0x00, 0x00, 0x00, 0x04, 0xfd, 0xff, 0xff, 0x08, 0x00, 0x00, 0x00,
  0x10, 0x00, 0x00, 0x00, 0x01, 0x00, 0x00, 0x00, 0x80, 0xff, 0xff, 0xff,
  0xff, 0xff, 0xff, 0xff, 0x01, 0x00, 0x00, 0x00, 0x9a, 0xf2, 0x3b, 0x3c,
  0x36, 0x00, 0x00, 0x00, 0x73, 0x65, 0x71, 0x75, 0x65, 0x6e, 0x74, 0x69,
  0x61, 0x6c, 0x5f, 0x32, 0x39, 0x5f, 0x31, 0x2f, 0x62, 0x61, 0x74, 0x63,
  0x68, 0x5f, 0x6e, 0x6f, 0x72, 0x6d, 0x61, 0x6c, 0x69, 0x7a, 0x61, 0x74,
  0x69, 0x6f, 0x6e, 0x5f, 0x33, 0x35, 0x5f, 0x31, 0x2f, 0x62, 0x61, 0x74,
  0x63, 0x68, 0x6e, 0x6f, 0x72, 0x6d, 0x2f, 0x6d, 0x75, 0x6c, 0x00, 0x00,
  0x01, 0x00, 0x00, 0x00, 0x20, 0x00, 0x00, 0x00, 0x9a, 0xfd, 0xff, 0xff,
  0x00, 0x00, 0x00, 0x01, 0x14, 0x00, 0x00, 0x00, 0x30, 0x00, 0x00, 0x00,
  0x05, 0x00, 0x00, 0x00, 0x00, 0x00, 0x00, 0x09, 0x60, 0x00, 0x00, 0x00,
  0x84, 0xfd, 0xff, 0xff, 0x08, 0x00, 0x00, 0x00, 0x10, 0x00, 0x00, 0x00,
  0x01, 0x00, 0x00, 0x00, 0x7f, 0x00, 0x00, 0x00, 0x00, 0x00, 0x00, 0x00,
  0x01, 0x00, 0x00, 0x00, 0xb5, 0xd8, 0x69, 0x3b, 0x36, 0x00, 0x00, 0x00,
  0x73, 0x65, 0x71, 0x75, 0x65, 0x6e, 0x74, 0x69, 0x61, 0x6c, 0x5f, 0x32,
  0x39, 0x5f, 0x31, 0x2f, 0x62, 0x61, 0x74, 0x63, 0x68, 0x5f, 0x6e, 0x6f,
  0x72, 0x6d, 0x61, 0x6c, 0x69, 0x7a, 0x61, 0x74, 0x69, 0x6f, 0x6e, 0x5f,
  0x33, 0x35, 0x5f, 0x31, 0x2f, 0x62, 0x61, 0x74, 0x63, 0x68, 0x6e, 0x6f,
  0x72, 0x6d, 0x2f, 0x73, 0x75, 0x62, 0x00, 0x00, 0x01, 0x00, 0x00, 0x00,
  0x20, 0x00, 0x00, 0x00, 0x1a, 0xfe, 0xff, 0xff, 0x00, 0x00, 0x00, 0x01,
  0x14, 0x00, 0x00, 0x00, 0x78, 0x00, 0x00, 0x00, 0x04, 0x00, 0x00, 0x00,
  0x00, 0x00, 0x00, 0x09, 0x94, 0x00, 0x00, 0x00, 0x04, 0xfe, 0xff, 0xff,
  0x08, 0x00, 0x00, 0x00, 0x40, 0x00, 0x00, 0x00, 0x07, 0x00, 0x00, 0x00,
  0x00, 0x00, 0x00, 0x00, 0x00, 0x00, 0x00, 0x00, 0x00, 0x00, 0x00, 0x00,
  0x00, 0x00, 0x00, 0x00, 0x00, 0x00, 0x00, 0x00, 0x00, 0x00, 0x00, 0x00,
  0x00, 0x00, 0x00, 0x00, 0x00, 0x00, 0x00, 0x00, 0x00, 0x00, 0x00, 0x00,
  0x00, 0x00, 0x00, 0x00, 0x00, 0x00, 0x00, 0x00, 0x00, 0x00, 0x00, 0x00,
  0x00, 0x00, 0x00, 0x00, 0x00, 0x00, 0x00, 0x00, 0x07, 0x00, 0x00, 0x00,
  0x0c, 0xc0, 0x65, 0x3b, 0xa8, 0xc9, 0x65, 0x3b, 0x10, 0xda, 0x7c, 0x3b,
  0xaa, 0x43, 0x69, 0x3b, 0x75, 0xb0, 0x65, 0x3b, 0x0e, 0x9e, 0x72, 0x3b,
  0x3d, 0xfd, 0x5d, 0x3b, 0x21, 0x00, 0x00, 0x00, 0x73, 0x65, 0x71, 0x75,
  0x65, 0x6e, 0x74, 0x69, 0x61, 0x6c, 0x5f, 0x32, 0x39, 0x5f, 0x31, 0x2f,
  0x64, 0x65, 0x6e, 0x73, 0x65, 0x5f, 0x32, 0x39, 0x5f, 0x31, 0x2f, 0x4d,
  0x61, 0x74, 0x4d, 0x75, 0x6c, 0x00, 0x00, 0x00, 0x02, 0x00, 0x00, 0x00,
  0x07, 0x00, 0x00, 0x00, 0x20, 0x00, 0x00, 0x00, 0xd2, 0xfe, 0xff, 0xff,
  0x00, 0x00, 0x00, 0x01, 0x14, 0x00, 0x00, 0x00, 0x78, 0x00, 0x00, 0x00,
  0x03, 0x00, 0x00, 0x00, 0x00, 0x00, 0x00, 0x02, 0x94, 0x00, 0x00, 0x00,
  0xbc, 0xfe, 0xff, 0xff, 0x08, 0x00, 0x00, 0x00, 0x40, 0x00, 0x00, 0x00,
  0x07, 0x00, 0x00, 0x00, 0x00, 0x00, 0x00, 0x00, 0x00, 0x00, 0x00, 0x00,
  0x00, 0x00, 0x00, 0x00, 0x00, 0x00, 0x00, 0x00, 0x00, 0x00, 0x00, 0x00,
  0x00, 0x00, 0x00, 0x00, 0x00, 0x00, 0x00, 0x00, 0x00, 0x00, 0x00, 0x00,
  0x00, 0x00, 0x00, 0x00, 0x00, 0x00, 0x00, 0x00, 0x00, 0x00, 0x00, 0x00,
  0x00, 0x00, 0x00, 0x00, 0x00, 0x00, 0x00, 0x00, 0x00, 0x00, 0x00, 0x00,
  0x07, 0x00, 0x00, 0x00, 0x70, 0xea, 0x50, 0x38, 0x2c, 0xf3, 0x50, 0x38,
  0x27, 0xec, 0x65, 0x38, 0x79, 0x1c, 0x54, 0x38, 0x42, 0xdc, 0x50, 0x38,
  0xbc, 0x9d, 0x5c, 0x38, 0xcc, 0xdb, 0x49, 0x38, 0x22, 0x00, 0x00, 0x00,
  0x73, 0x65, 0x71, 0x75, 0x65, 0x6e, 0x74, 0x69, 0x61, 0x6c, 0x5f, 0x32,
  0x39, 0x5f, 0x31, 0x2f, 0x64, 0x65, 0x6e, 0x73, 0x65, 0x5f, 0x32, 0x39,
  0x5f, 0x31, 0x2f, 0x42, 0x69, 0x61, 0x73, 0x41, 0x64, 0x64, 0x00, 0x00,
  0x01, 0x00, 0x00, 0x00, 0x07, 0x00, 0x00, 0x00, 0x86, 0xff, 0xff, 0xff,
  0x00, 0x00, 0x00, 0x01, 0x18, 0x00, 0x00, 0x00, 0x18, 0x00, 0x00, 0x00,
  0x02, 0x00, 0x00, 0x00, 0x00, 0x00, 0x00, 0x02, 0x58, 0x00, 0x00, 0x00,
  0x04, 0x00, 0x04, 0x00, 0x04, 0x00, 0x00, 0x00, 0x44, 0x00, 0x00, 0x00,
  0x73, 0x65, 0x71, 0x75, 0x65, 0x6e, 0x74, 0x69, 0x61, 0x6c, 0x5f, 0x32,
  0x39, 0x5f, 0x31, 0x2f, 0x67, 0x6c, 0x6f, 0x62, 0x61, 0x6c, 0x5f, 0x61,
  0x76, 0x65, 0x72, 0x61, 0x67, 0x65, 0x5f, 0x70, 0x6f, 0x6f, 0x6c, 0x69,
  0x6e, 0x67, 0x32, 0x64, 0x5f, 0x32, 0x39, 0x5f, 0x31, 0x2f, 0x4d, 0x65,
  0x61, 0x6e, 0x2f, 0x72, 0x65, 0x64, 0x75, 0x63, 0x74, 0x69, 0x6f, 0x6e,
  0x5f, 0x69, 0x6e, 0x64, 0x69, 0x63, 0x65, 0x73, 0x00, 0x00, 0x00, 0x00,
  0x01, 0x00, 0x00, 0x00, 0x02, 0x00, 0x00, 0x00, 0x00, 0x00, 0x16, 0x00,
  0x1c, 0x00, 0x18, 0x00, 0x17, 0x00, 0x10, 0x00, 0x0c, 0x00, 0x08, 0x00,
  0x00, 0x00, 0x00, 0x00, 0x00, 0x00, 0x07, 0x00, 0x16, 0x00, 0x00, 0x00,
  0x00, 0x00, 0x00, 0x01, 0x20, 0x00, 0x00, 0x00, 0x40, 0x00, 0x00, 0x00,
  0x01, 0x00, 0x00, 0x00, 0x00, 0x00, 0x00, 0x09, 0x5c, 0x00, 0x00, 0x00,
  0x0c, 0x00, 0x0c, 0x00, 0x00, 0x00, 0x00, 0x00, 0x08, 0x00, 0x04, 0x00,
  0x0c, 0x00, 0x00, 0x00, 0x08, 0x00, 0x00, 0x00, 0x14, 0x00, 0x00, 0x00,
  0x01, 0x00, 0x00, 0x00, 0x0a, 0x00, 0x00, 0x00, 0x00, 0x00, 0x00, 0x00,
  0x00, 0x00, 0x00, 0x00, 0x01, 0x00, 0x00, 0x00, 0x6d, 0x5d, 0x15, 0x40,
  0x23, 0x00, 0x00, 0x00, 0x73, 0x65, 0x72, 0x76, 0x69, 0x6e, 0x67, 0x5f,
  0x64, 0x65, 0x66, 0x61, 0x75, 0x6c, 0x74, 0x5f, 0x6b, 0x65, 0x72, 0x61,
  0x73, 0x5f, 0x74, 0x65, 0x6e, 0x73, 0x6f, 0x72, 0x5f, 0x31, 0x35, 0x33,
  0x35, 0x3a, 0x30, 0x00, 0x04, 0x00, 0x00, 0x00, 0x01, 0x00, 0x00, 0x00,
  0x14, 0x00, 0x00, 0x00, 0x01, 0x00, 0x00, 0x00, 0x09, 0x00, 0x00, 0x00,
  0x07, 0x00, 0x00, 0x00, 0x94, 0x00, 0x00, 0x00, 0x74, 0x00, 0x00, 0x00,
  0x68, 0x00, 0x00, 0x00, 0x4c, 0x00, 0x00, 0x00, 0x2c, 0x00, 0x00, 0x00,
  0x18, 0x00, 0x00, 0x00, 0x04, 0x00, 0x00, 0x00, 0x94, 0xff, 0xff, 0xff,
  0x19, 0x00, 0x00, 0x00, 0x02, 0x00, 0x00, 0x00, 0x00, 0x00, 0x00, 0x19,
  0xa4, 0xff, 0xff, 0xff, 0x09, 0x00, 0x00, 0x00, 0x04, 0x00, 0x00, 0x00,
  0x00, 0x00, 0x00, 0x09, 0xb4, 0xff, 0xff, 0xff, 0x28, 0x00, 0x00, 0x00,
  0x02, 0x00, 0x00, 0x00, 0x00, 0x00, 0x00, 0x28, 0x0c, 0x00, 0x0e, 0x00,
  0x0d, 0x00, 0x00, 0x00, 0x08, 0x00, 0x04, 0x00, 0x0c, 0x00, 0x00, 0x00,
  0x11, 0x00, 0x00, 0x00, 0x02, 0x00, 0x00, 0x00, 0x00, 0x11, 0x0a, 0x00,
  0x08, 0x00, 0x00, 0x00, 0x00, 0x00, 0x04, 0x00, 0x0a, 0x00, 0x00, 0x00,
  0x02, 0x00, 0x00, 0x00, 0xf0, 0xff, 0xff, 0xff, 0x12, 0x00, 0x00, 0x00,
  0x02, 0x00, 0x00, 0x00, 0x00, 0x00, 0x00, 0x12, 0x0c, 0x00, 0x10, 0x00,
  0x0f, 0x00, 0x00, 0x00, 0x08, 0x00, 0x04, 0x00, 0x0c, 0x00, 0x00, 0x00,
  0x03, 0x00, 0x00, 0x00, 0x03, 0x00, 0x00, 0x00, 0x00, 0x00, 0x00, 0x03
};
unsigned int tflite_models_conv_3_20_ON_int8_tflite_len = 16992;
