unsigned char tflite_models_conv_5_15_ON_int8_tflite[] = {
  0x1c, 0x00, 0x00, 0x00, 0x54, 0x46, 0x4c, 0x33, 0x14, 0x00, 0x20, 0x00,
  0x1c, 0x00, 0x18, 0x00, 0x14, 0x00, 0x10, 0x00, 0x0c, 0x00, 0x00, 0x00,
  0x08, 0x00, 0x04, 0x00, 0x14, 0x00, 0x00, 0x00, 0x1c, 0x00, 0x00, 0x00,
  0x9c, 0x00, 0x00, 0x00, 0xf4, 0x00, 0x00, 0x00, 0x78, 0x17, 0x00, 0x00,
  0x88, 0x17, 0x00, 0x00, 0x94, 0x45, 0x00, 0x00, 0x03, 0x00, 0x00, 0x00,
  0x01, 0x00, 0x00, 0x00, 0x10, 0x00, 0x00, 0x00, 0x00, 0x00, 0x0a, 0x00,
  0x10, 0x00, 0x0c, 0x00, 0x08, 0x00, 0x04, 0x00, 0x0a, 0x00, 0x00, 0x00,
  0x0c, 0x00, 0x00, 0x00, 0x1c, 0x00, 0x00, 0x00, 0x3c, 0x00, 0x00, 0x00,
  0x0f, 0x00, 0x00, 0x00, 0x73, 0x65, 0x72, 0x76, 0x69, 0x6e, 0x67, 0x5f,
  0x64, 0x65, 0x66, 0x61, 0x75, 0x6c, 0x74, 0x00, 0x01, 0x00, 0x00, 0x00,
  0x04, 0x00, 0x00, 0x00, 0x8c, 0xff, 0xff, 0xff, 0x31, 0x00, 0x00, 0x00,
  0x04, 0x00, 0x00, 0x00, 0x08, 0x00, 0x00, 0x00, 0x6f, 0x75, 0x74, 0x70,
  0x75, 0x74, 0x5f, 0x30, 0x00, 0x00, 0x00, 0x00, 0x01, 0x00, 0x00, 0x00,
  0x04, 0x00, 0x00, 0x00, 0x36, 0xe8, 0xff, 0xff, 0x04, 0x00, 0x00, 0x00,
  0x11, 0x00, 0x00, 0x00, 0x6b, 0x65, 0x72, 0x61, 0x73, 0x5f, 0x74, 0x65,
  0x6e, 0x73, 0x6f, 0x72, 0x5f, 0x33, 0x33, 0x33, 0x39, 0x00, 0x00, 0x00,
  0x02, 0x00, 0x00, 0x00, 0x34, 0x00, 0x00, 0x00, 0x04, 0x00, 0x00, 0x00,
  0xdc, 0xff, 0xff, 0xff, 0x34, 0x00, 0x00, 0x00, 0x04, 0x00, 0x00, 0x00,
  0x13, 0x00, 0x00, 0x00, 0x43, 0x4f, 0x4e, 0x56, 0x45, 0x52, 0x53, 0x49,
  0x4f, 0x4e, 0x5f, 0x4d, 0x45, 0x54, 0x41, 0x44, 0x41, 0x54, 0x41, 0x00,
  0x08, 0x00, 0x0c, 0x00, 0x08, 0x00, 0x04, 0x00, 0x08, 0x00, 0x00, 0x00,
  0x33, 0x00, 0x00, 0x00, 0x04, 0x00, 0x00, 0x00, 0x13, 0x00, 0x00, 0x00,
  0x6d, 0x69, 0x6e, 0x5f, 0x72, 0x75, 0x6e, 0x74, 0x69, 0x6d, 0x65, 0x5f,
  0x76, 0x65, 0x72, 0x73, 0x69, 0x6f, 0x6e, 0x00, 0x35, 0x00, 0x00, 0x00,
  0x80, 0x16, 0x00, 0x00, 0x78, 0x16, 0x00, 0x00, 0x60, 0x16, 0x00, 0x00,
  0x34, 0x16, 0x00, 0x00, 0xb4, 0x15, 0x00, 0x00, 0x94, 0x15, 0x00, 0x00,
  0x74, 0x15, 0x00, 0x00, 0x24, 0x15, 0x00, 0x00, 0x14, 0x12, 0x00, 0x00,
  0xf4, 0x11, 0x00, 0x00, 0xd4, 0x11, 0x00, 0x00, 0x84, 0x11, 0x00, 0x00,
  0x74, 0x0e, 0x00, 0x00, 0x54, 0x0e, 0x00, 0x00, 0x34, 0x0e, 0x00, 0x00,
  0xe4, 0x0d, 0x00, 0x00, 0xd4, 0x0a, 0x00, 0x00, 0xb4, 0x0a, 0x00, 0x00,
  0x94, 0x0a, 0x00, 0x00, 0x44, 0x0a, 0x00, 0x00, 0x34, 0x07, 0x00, 0x00,
  0x14, 0x07, 0x00, 0x00, 0xf4, 0x06, 0x00, 0x00, 0xa4, 0x06, 0x00, 0x00,
  0x94, 0x03, 0x00, 0x00, 0x74, 0x03, 0x00, 0x00, 0x54, 0x03, 0x00, 0x00,
  0x04, 0x03, 0x00, 0x00, 0x44, 0x01, 0x00, 0x00, 0x3c, 0x01, 0x00, 0x00,
  0x34, 0x01, 0x00, 0x00, 0x2c, 0x01, 0x00, 0x00, 0x24, 0x01, 0x00, 0x00,
  0x1c, 0x01, 0x00, 0x00, 0x14, 0x01, 0x00, 0x00, 0x0c, 0x01, 0x00, 0x00,
  0x04, 0x01, 0x00, 0x00, 0xfc, 0x00, 0x00, 0x00, 0xf4, 0x00, 0x00, 0x00,
  0xec, 0x00, 0x00, 0x00, 0xe4, 0x00, 0x00, 0x00, 0xdc, 0x00, 0x00, 0x00,
  0xd4, 0x00, 0x00, 0x00, 0xcc, 0x00, 0x00, 0x00, 0xc4, 0x00, 0x00, 0x00,
  0xbc, 0x00, 0x00, 0x00, 0xb4, 0x00, 0x00, 0x00, 0xac, 0x00, 0x00, 0x00,
  0xa4, 0x00, 0x00, 0x00, 0x9c, 0x00, 0x00, 0x00, 0x94, 0x00, 0x00, 0x00,
  0x74, 0x00, 0x00, 0x00, 0x04, 0x00, 0x00, 0x00, 0x8a, 0xe9, 0xff, 0xff,
  0x04, 0x00, 0x00, 0x00, 0x60, 0x00, 0x00, 0x00, 0x0c, 0x00, 0x00, 0x00,
  0x08, 0x00, 0x0e, 0x00, 0x08, 0x00, 0x04, 0x00, 0x08, 0x00, 0x00, 0x00,
  0x10, 0x00, 0x00, 0x00, 0x28, 0x00, 0x00, 0x00, 0x00, 0x00, 0x06, 0x00,
  0x08, 0x00, 0x04, 0x00, 0x06, 0x00, 0x00, 0x00, 0x04, 0x00, 0x00, 0x00,
  0x01, 0x00, 0x00, 0x00, 0xeb, 0x03, 0x00, 0x00, 0x0c, 0x00, 0x18, 0x00,
  0x14, 0x00, 0x10, 0x00, 0x0c, 0x00, 0x04, 0x00, 0x0c, 0x00, 0x00, 0x00,
  0x43, 0x51, 0x95, 0xa9, 0x4e, 0x6e, 0xcc, 0xd2, 0x02, 0x00, 0x00, 0x00,
  0x02, 0x00, 0x00, 0x00, 0x04, 0x00, 0x00, 0x00, 0x06, 0x00, 0x00, 0x00,
  0x32, 0x2e, 0x32, 0x31, 0x2e, 0x30, 0x00, 0x00, 0xf6, 0xe9, 0xff, 0xff,
  0x04, 0x00, 0x00, 0x00, 0x10, 0x00, 0x00, 0x00, 0x31, 0x2e, 0x31, 0x34,
  0x2e, 0x30, 0x00, 0x00, 0x00, 0x00, 0x00, 0x00, 0x00, 0x00, 0x00, 0x00,
  0xb0, 0xbd, 0xff, 0xff, 0xb4, 0xbd, 0xff, 0xff, 0xb8, 0xbd, 0xff, 0xff,
  0xbc, 0xbd, 0xff, 0xff, 0xc0, 0xbd, 0xff, 0xff, 0xc4, 0xbd, 0xff, 0xff,
  0xc8, 0xbd, 0xff, 0xff, 0xcc, 0xbd, 0xff, 0xff, 0xd0, 0xbd, 0xff, 0xff,
  0xd4, 0xbd, 0xff, 0xff, 0xd8, 0xbd, 0xff, 0xff, 0xdc, 0xbd, 0xff, 0xff,
  0xe0, 0xbd, 0xff, 0xff, 0xe4, 0xbd, 0xff, 0xff, 0xe8, 0xbd, 0xff, 0xff,
  0xec, 0xbd, 0xff, 0xff, 0xf0, 0xbd, 0xff, 0xff, 0xf4, 0xbd, 0xff, 0xff,
  0xf8, 0xbd, 0xff, 0xff, 0xfc, 0xbd, 0xff, 0xff, 0x00, 0xbe, 0xff, 0xff,
  0x04, 0xbe, 0xff, 0xff, 0x6a, 0xea, 0xff, 0xff, 0x04, 0x00, 0x00, 0x00,
  0xb0, 0x01, 0x00, 0x00, 0xe3, 0xa4, 0x2a, 0xda, 0x8a, 0x75, 0x58, 0x4d,
  0xd0, 0x47, 0x06, 0x9e, 0x29, 0xc1, 0xb3, 0xf2, 0x48, 0xe9, 0xc3, 0x1a,
  0xe2, 0x7f, 0xf6, 0x4d, 0x86, 0xb0, 0x02, 0xce, 0x94, 0xb5, 0xb1, 0x0c,
  0x4e, 0x43, 0x86, 0x24, 0xb4, 0x08, 0xac, 0x8a, 0x3d, 0x60, 0xdd, 0xbc,
  0xd4, 0xc2, 0x7f, 0x64, 0x32, 0x37, 0xc1, 0xf4, 0xe2, 0xc2, 0xb2, 0x7f,
  0xa8, 0x25, 0x79, 0xbb, 0x40, 0x3d, 0x29, 0x64, 0x63, 0xe1, 0x42, 0x1e,
  0xc6, 0x62, 0x22, 0x78, 0x9e, 0xe1, 0xcf, 0x70, 0xfd, 0x53, 0xa9, 0x9a,
  0x0b, 0xee, 0x75, 0x2d, 0xdb, 0x0b, 0xb2, 0x86, 0xb8, 0x89, 0x6f, 0x5c,
  0x15, 0xf5, 0x81, 0x30, 0x1f, 0x37, 0x5a, 0x0a, 0x97, 0xd2, 0x9b, 0x54,
  0xc2, 0x0b, 0x92, 0xd9, 0x3e, 0x98, 0xb0, 0xf0, 0x0c, 0xd1, 0x1b, 0xb4,
  0xb9, 0xce, 0xfb, 0x4c, 0x1d, 0x42, 0xce, 0xdd, 0x7f, 0x9f, 0x79, 0x5a,
  0x8e, 0xf7, 0x30, 0xda, 0x62, 0x57, 0x47, 0x05, 0x93, 0x0a, 0xf4, 0x20,
  0x74, 0xa9, 0xca, 0x0f, 0x31, 0xfe, 0x81, 0xf6, 0x27, 0x6c, 0x04, 0x47,
  0xae, 0xab, 0x04, 0xf4, 0xf9, 0xcb, 0xd7, 0x91, 0xd3, 0x96, 0x87, 0x58,
  0xe4, 0xce, 0xd6, 0xa2, 0x6d, 0x8a, 0xa8, 0xa3, 0x22, 0xe9, 0x7f, 0x64,
  0xb5, 0xac, 0xe2, 0x04, 0x85, 0x81, 0x45, 0x30, 0xcc, 0x20, 0x47, 0x34,
  0x66, 0xd1, 0xa0, 0xc8, 0xf4, 0xb8, 0x7f, 0xac, 0xa3, 0xf9, 0xc5, 0x08,
  0xa5, 0x02, 0x22, 0xa2, 0xdb, 0xd8, 0x48, 0x1a, 0xfb, 0xe3, 0x6d, 0x60,
  0xbf, 0x2a, 0x1b, 0xa9, 0xff, 0xfc, 0x81, 0x14, 0x1f, 0x27, 0x99, 0xe6,
  0x9f, 0x36, 0xf5, 0xdb, 0x21, 0x74, 0xf4, 0xd6, 0xd7, 0x2e, 0x0c, 0xf8,
  0x95, 0x3c, 0xb1, 0x23, 0xd0, 0xcb, 0xc8, 0x99, 0x29, 0x91, 0xb2, 0xa5,
  0xd5, 0x1f, 0xfa, 0xd9, 0x1d, 0xda, 0x36, 0x8a, 0x3f, 0x64, 0xa2, 0xca,
  0x6c, 0x9f, 0xcb, 0x81, 0x7a, 0x14, 0x39, 0x3c, 0x35, 0x3b, 0x1a, 0x7d,
  0x11, 0x53, 0x90, 0x1a, 0x1d, 0x7f, 0x7a, 0xb1, 0xe9, 0xe9, 0xfd, 0xad,
  0xd2, 0x20, 0x9c, 0x31, 0xd2, 0x3d, 0xa7, 0x46, 0x56, 0x93, 0xb2, 0xb7,
  0x2e, 0xab, 0xf3, 0x4c, 0x78, 0x16, 0x45, 0xdf, 0x98, 0xda, 0x33, 0xdd,
  0xc2, 0x59, 0x92, 0xfe, 0xbd, 0x9f, 0x97, 0x81, 0x4c, 0x2d, 0x42, 0x68,
  0xbc, 0x06, 0x18, 0x64, 0x9f, 0x5c, 0x18, 0x53, 0xad, 0xf6, 0xa5, 0x35,
  0x17, 0xa6, 0x92, 0x81, 0x1c, 0xfb, 0x63, 0x51, 0x53, 0x15, 0x1b, 0x62,
  0x35, 0xf9, 0xd2, 0xcf, 0xf2, 0xcc, 0x55, 0x3e, 0xb4, 0x35, 0x93, 0x67,
  0xdb, 0xb4, 0x2b, 0x82, 0x8b, 0x38, 0x97, 0x31, 0x44, 0x08, 0x4f, 0x57,
  0x96, 0x7f, 0x7d, 0xf8, 0xdd, 0x1a, 0x4e, 0xdd, 0x12, 0xff, 0x73, 0xdf,
  0x15, 0xf0, 0x96, 0x5c, 0x0c, 0x33, 0x32, 0x0c, 0xf4, 0x88, 0x8b, 0xd8,
  0x59, 0x69, 0xa7, 0x51, 0x46, 0xc7, 0x81, 0xaf, 0x38, 0xd5, 0x6f, 0x67,
  0xb3, 0xa3, 0x67, 0x5e, 0x7f, 0xc8, 0x6e, 0x5f, 0x93, 0x6f, 0x15, 0xfb,
  0xe8, 0x62, 0xc6, 0x58, 0xce, 0x79, 0xea, 0x90, 0x08, 0xe8, 0x01, 0x25,
  0x4f, 0xb6, 0x72, 0x9d, 0x26, 0xec, 0xff, 0xff, 0x04, 0x00, 0x00, 0x00,
  0x40, 0x00, 0x00, 0x00, 0xf9, 0xff, 0xff, 0xff, 0x00, 0x00, 0x00, 0x00,
  0xff, 0xff, 0xff, 0xff, 0x01, 0x00, 0x00, 0x00, 0x00, 0x00, 0x00, 0x00,
  0xfe, 0xff, 0xff, 0xff, 0xff, 0xff, 0xff, 0xff, 0xff, 0xff, 0xff, 0xff,
  0xfe, 0xff, 0xff, 0xff, 0xfe, 0xff, 0xff, 0xff, 0xff, 0xff, 0xff, 0xff,
  0xfb, 0xff, 0xff, 0xff, 0xff, 0xff, 0xff, 0xff, 0x01, 0x00, 0x00, 0x00,
  0xfe, 0xff, 0xff, 0xff, 0xfe, 0xff, 0xff, 0xff, 0x72, 0xec, 0xff, 0xff,
  0x04, 0x00, 0x00, 0x00, 0x10, 0x00, 0x00, 0x00, 0x7f, 0xfb, 0xea, 0x2a,
  0x1c, 0x20, 0xdf, 0xff, 0xe6, 0xe4, 0x14, 0x1d, 0x14, 0x44, 0xd7, 0x03,
  0x8e, 0xec, 0xff, 0xff, 0x04, 0x00, 0x00, 0x00, 0x10, 0x00, 0x00, 0x00,
  0x8e, 0x92, 0xd1, 0xc8, 0xb3, 0x82, 0x84, 0xaf, 0x99, 0xa9, 0xa3, 0x80,
  0x86, 0xc2, 0x9f, 0x85, 0xaa, 0xec, 0xff, 0xff, 0x04, 0x00, 0x00, 0x00,
  0x00, 0x03, 0x00, 0x00, 0xa2, 0xf4, 0x83, 0x95, 0x88, 0x64, 0x41, 0x32,
  0x89, 0xdf, 0xfd, 0xf0, 0x38, 0xa1, 0x9a, 0x65, 0x71, 0xbd, 0xcd, 0x73,
  0x8d, 0x33, 0x79, 0x1d, 0x9b, 0x9d, 0x51, 0x57, 0x66, 0x08, 0x78, 0x63,
  0x75, 0xe5, 0x81, 0xed, 0x35, 0x88, 0x9c, 0xd7, 0xd8, 0x8c, 0x1f, 0xd7,
  0xee, 0xdc, 0xf4, 0x59, 0x20, 0xda, 0x03, 0x2e, 0xc8, 0x66, 0x6e, 0xb3,
  0x6f, 0x79, 0x3c, 0x49, 0x67, 0x93, 0xf6, 0x8a, 0xa7, 0xbf, 0xcd, 0x58,
  0x09, 0xca, 0xbe, 0x67, 0x2a, 0x5b, 0x1a, 0x74, 0x49, 0x64, 0x69, 0x77,
  0x00, 0xc2, 0xf0, 0x06, 0x94, 0x7f, 0x44, 0x95, 0x47, 0x1b, 0x7d, 0x2a,
  0x39, 0x38, 0x4a, 0xdb, 0xae, 0x1c, 0x25, 0x44, 0x95, 0xae, 0xfa, 0x16,
  0xcf, 0x94, 0x8d, 0xc1, 0x40, 0x95, 0x37, 0x9a, 0x0f, 0xab, 0x07, 0x0e,
  0x8e, 0x20, 0x2c, 0xab, 0x7f, 0xf1, 0x79, 0x41, 0xb5, 0x12, 0x6d, 0x29,
  0xf3, 0x45, 0xea, 0xa6, 0x6f, 0x36, 0x8f, 0xd7, 0xbb, 0x0d, 0xc9, 0x15,
  0xd1, 0x4b, 0x8d, 0x36, 0x7f, 0x04, 0x89, 0x66, 0xba, 0x48, 0xf2, 0x9a,
  0x23, 0x7b, 0x9b, 0xd3, 0xf9, 0x72, 0x42, 0x42, 0x75, 0x40, 0x9c, 0xf1,
  0x29, 0xf8, 0x73, 0x00, 0xab, 0x7e, 0x38, 0x50, 0x47, 0x47, 0xe3, 0x82,
  0xab, 0x38, 0x57, 0x29, 0x5a, 0xee, 0x37, 0x9f, 0xd4, 0xbd, 0x9c, 0x6b,
  0x2c, 0x68, 0xc1, 0xa1, 0xf4, 0xc9, 0x5c, 0xe4, 0xce, 0x60, 0x3f, 0xf2,
  0xe8, 0x23, 0x2f, 0x73, 0x6f, 0xc0, 0x5a, 0xed, 0x84, 0xfb, 0x2e, 0xc7,
  0x94, 0xce, 0x97, 0xe5, 0xcf, 0x52, 0xba, 0x95, 0xaa, 0x5f, 0xee, 0xbb,
  0xe5, 0xb9, 0xe7, 0xaa, 0x89, 0x2d, 0x5a, 0xf5, 0xac, 0x35, 0x36, 0xb4,
  0x99, 0x0e, 0x9d, 0x7f, 0x08, 0x66, 0xe2, 0x81, 0xd6, 0xc6, 0x4f, 0xb4,
  0x53, 0xb4, 0x41, 0xb6, 0x9d, 0xba, 0xa4, 0x3a, 0xdc, 0x75, 0x1f, 0xd4,
  0xe3, 0x96, 0xb6, 0x34, 0xdd, 0xb7, 0x7a, 0x81, 0x96, 0x16, 0x1d, 0x09,
  0xf2, 0xc8, 0x0b, 0x76, 0x72, 0xb8, 0xd9, 0x78, 0xef, 0x16, 0xc2, 0xc9,
  0x5c, 0xcd, 0x89, 0x5a, 0x06, 0x4f, 0xe4, 0xa8, 0xbe, 0x12, 0xe3, 0x3f,
  0x2d, 0xa6, 0x23, 0x28, 0x48, 0x07, 0x96, 0xf2, 0x29, 0x0b, 0xbd, 0x67,
  0x1c, 0x35, 0x70, 0x4f, 0x14, 0x9e, 0x04, 0x4e, 0x1e, 0x48, 0xe4, 0xff,
  0xc8, 0x0e, 0xdd, 0x5e, 0x11, 0xd6, 0x46, 0x3c, 0xd4, 0xa4, 0xe2, 0x7f,
  0xcf, 0x71, 0x75, 0x3d, 0xce, 0x3a, 0x79, 0xed, 0xef, 0xfe, 0x3c, 0xd8,
  0xd9, 0x7e, 0xad, 0x2f, 0x8a, 0x26, 0xe3, 0x8e, 0x26, 0x8a, 0x1d, 0x1a,
  0xaa, 0x82, 0xaf, 0x74, 0x44, 0xf8, 0xc2, 0x22, 0x11, 0x9f, 0xe8, 0xac,
  0xad, 0x59, 0x1e, 0xbe, 0xb6, 0x9c, 0x97, 0x7f, 0xe8, 0x0a, 0xe8, 0xf0,
  0x61, 0xe2, 0xba, 0x85, 0x9f, 0x68, 0x33, 0x54, 0x1d, 0xb0, 0xba, 0xb7,
  0x98, 0x59, 0x45, 0xb0, 0x4d, 0xf4, 0xf4, 0xf6, 0xe6, 0xf3, 0x77, 0x4f,
  0x42, 0x0d, 0xdd, 0xb6, 0x6a, 0xf4, 0x87, 0x52, 0xce, 0x5b, 0x3c, 0xaa,
  0xbb, 0x67, 0xaf, 0x01, 0x26, 0x99, 0x81, 0xbf, 0xde, 0x6f, 0xdf, 0xf9,
  0xf6, 0x24, 0x83, 0xdb, 0x09, 0xda, 0xcc, 0xa2, 0xb0, 0xff, 0x1a, 0x0c,
  0x60, 0xe6, 0x2f, 0x4a, 0x01, 0xe1, 0x6a, 0x23, 0x70, 0xed, 0x36, 0x3d,
  0xe2, 0x00, 0x0e, 0xe4, 0xa6, 0xec, 0x04, 0x54, 0xf0, 0x6a, 0x6d, 0x92,
  0x84, 0x7f, 0x06, 0x09, 0xd1, 0x94, 0xa8, 0x10, 0x48, 0xb6, 0x51, 0x90,
  0x31, 0x3f, 0xd2, 0xa8, 0x46, 0x20, 0x5d, 0xb8, 0xde, 0x23, 0xb7, 0x55,
  0xf4, 0x1e, 0x99, 0x3d, 0x9a, 0xdd, 0x1e, 0x91, 0x5e, 0xe8, 0x60, 0x55,
  0x61, 0xf3, 0x5f, 0x48, 0xdf, 0x46, 0xff, 0xf7, 0x7d, 0xd5, 0x9d, 0x8f,
  0xd9, 0x94, 0xa7, 0x92, 0x2e, 0x7f, 0x13, 0x9c, 0x4c, 0xc6, 0x2e, 0xad,
  0x96, 0xa0, 0x21, 0x73, 0x06, 0xb1, 0x61, 0x5c, 0xe8, 0x95, 0x9c, 0xcc,
  0xac, 0x56, 0xf4, 0x3e, 0x11, 0x76, 0x61, 0x9c, 0x7b, 0xbf, 0xdf, 0x5f,
  0xef, 0xc6, 0x38, 0x78, 0x44, 0x87, 0x11, 0x79, 0x32, 0xc1, 0xb3, 0xed,
  0xa4, 0xf4, 0x70, 0x77, 0x51, 0xbd, 0x67, 0x23, 0x2c, 0x4f, 0x28, 0x8e,
  0x7c, 0x14, 0xe9, 0x7f, 0x09, 0x03, 0xa1, 0xa3, 0x2e, 0xdd, 0x3f, 0xb0,
  0x7f, 0xfe, 0xaf, 0x5b, 0x07, 0x0f, 0x1c, 0x53, 0x69, 0xbe, 0xb2, 0xec,
  0xb0, 0x15, 0x9d, 0xd1, 0x02, 0x53, 0x10, 0xaf, 0x4b, 0x39, 0x1a, 0x4e,
  0xd0, 0x4b, 0xd6, 0xdf, 0x32, 0x5f, 0x09, 0xcd, 0x6c, 0xf7, 0x70, 0x0c,
  0x7b, 0x9f, 0xef, 0x34, 0x2e, 0x36, 0x20, 0xb4, 0x68, 0x31, 0x51, 0xd5,
  0x4a, 0x13, 0x24, 0xcd, 0xfd, 0xbb, 0xb8, 0x5f, 0x7c, 0x5a, 0xa5, 0xfa,
  0x36, 0xd7, 0x9c, 0x03, 0x73, 0x51, 0x1f, 0xda, 0x69, 0x39, 0xa7, 0x42,
  0x3d, 0x6f, 0xef, 0x4c, 0x0c, 0x9b, 0xc5, 0x97, 0x4d, 0x39, 0x7f, 0xa2,
  0xe7, 0x1a, 0x61, 0xc6, 0x7f, 0x02, 0xc9, 0x56, 0x95, 0x6f, 0xae, 0xa0,
  0x6c, 0xd5, 0xb8, 0x3c, 0x74, 0xca, 0xa1, 0x21, 0x41, 0xe5, 0xe0, 0x88,
  0xa1, 0x57, 0xc8, 0x3d, 0x24, 0xff, 0x25, 0x42, 0x08, 0xfd, 0x78, 0x0b,
  0x13, 0x7c, 0xa8, 0x16, 0x62, 0x9c, 0x6c, 0xaa, 0x71, 0xad, 0x31, 0x5c,
  0x25, 0x5a, 0x53, 0xe9, 0xec, 0x7f, 0x91, 0x48, 0x38, 0xae, 0x47, 0x7b,
  0x96, 0x33, 0x7f, 0xd5, 0x75, 0xad, 0x92, 0x57, 0x9d, 0x57, 0xb9, 0x93,
  0x21, 0x73, 0xd8, 0xf2, 0x1f, 0xe0, 0x7e, 0xf8, 0x64, 0x98, 0x6a, 0x51,
  0xfa, 0x91, 0x99, 0x4f, 0x63, 0x2c, 0x74, 0x25, 0x41, 0xc9, 0x34, 0xc0,
  0xb7, 0xb9, 0x33, 0xc1, 0xb6, 0xef, 0xff, 0xff, 0x04, 0x00, 0x00, 0x00,
  0x40, 0x00, 0x00, 0x00, 0xa5, 0xff, 0xff, 0xff, 0x0a, 0xf9, 0xff, 0xff,
  0x3b, 0x03, 0x00, 0x00, 0xca, 0x01, 0x00, 0x00, 0x12, 0x01, 0x00, 0x00,
  0x9f, 0x05, 0x00, 0x00, 0xec, 0xfa, 0xff, 0xff, 0x62, 0x03, 0x00, 0x00,
  0x3b, 0x02, 0x00, 0x00, 0xfc, 0xfe, 0xff, 0xff, 0x2e, 0xfe, 0xff, 0xff,
  0x12, 0x00, 0x00, 0x00, 0xbb, 0xf8, 0xff, 0xff, 0x50, 0xf9, 0xff, 0xff,
  0xb2, 0xf6, 0xff, 0xff, 0xc8, 0xfa, 0xff, 0xff, 0x02, 0xf0, 0xff, 0xff,
  0x04, 0x00, 0x00, 0x00, 0x10, 0x00, 0x00, 0x00, 0xee, 0xd7, 0x7f, 0x06,
  0x4d, 0x7a, 0xf7, 0x40, 0xfa, 0x47, 0xf6, 0xe5, 0x07, 0xd7, 0xfb, 0xf5,
  0x1e, 0xf0, 0xff, 0xff, 0x04, 0x00, 0x00, 0x00, 0x10, 0x00, 0x00, 0x00,
  0xd4, 0xef, 0x80, 0xf2, 0x89, 0x8b, 0xea, 0x8c, 0xbd, 0x01, 0xea, 0xfd,
  0xdb, 0xef, 0xee, 0xef, 0x3a, 0xf0, 0xff, 0xff, 0x04, 0x00, 0x00, 0x00,
  0x00, 0x03, 0x00, 0x00, 0x8c, 0x37, 0x81, 0xb6, 0xba, 0x28, 0xee, 0x9f,
  0xea, 0x58, 0xd6, 0xd4, 0xf9, 0xfe, 0xff, 0x73, 0xbb, 0x1b, 0x50, 0xa0,
  0xf9, 0xd5, 0xb4, 0x24, 0xab, 0x64, 0xb3, 0x43, 0x5e, 0x21, 0xb3, 0xda,
  0xba, 0xc0, 0xb0, 0x0e, 0x30, 0x79, 0xd9, 0xf6, 0x37, 0x31, 0xe3, 0xbc,
  0x8d, 0x2b, 0xe6, 0xdb, 0xe1, 0xd5, 0x3f, 0x74, 0x1a, 0x4e, 0xd7, 0xbe,
  0x6b, 0x64, 0xb6, 0x2d, 0x0b, 0x4b, 0xbf, 0x70, 0x2b, 0xc8, 0x3b, 0x8f,
  0x8f, 0x38, 0x7f, 0x35, 0xf2, 0x00, 0x47, 0x27, 0x4f, 0xee, 0xfd, 0x9b,
  0xa3, 0x3f, 0x2d, 0xd0, 0x27, 0xa4, 0xa2, 0x25, 0x50, 0x16, 0xd9, 0x2c,
  0x4e, 0xf9, 0x8b, 0x47, 0x5d, 0xac, 0x0d, 0xac, 0x29, 0x29, 0x52, 0xfd,
  0xad, 0xa9, 0x37, 0xad, 0x21, 0x00, 0x37, 0x94, 0x33, 0x46, 0x6a, 0x12,
  0x1d, 0x66, 0xd6, 0xb6, 0x32, 0x5e, 0xe4, 0x45, 0xd9, 0x7f, 0x95, 0xdc,
  0x88, 0x12, 0xd2, 0xef, 0x32, 0x2d, 0xc2, 0x16, 0xe2, 0x93, 0x8a, 0x7f,
  0x39, 0x49, 0x8f, 0x97, 0x0f, 0xe9, 0x65, 0x49, 0xd3, 0x18, 0xe1, 0x30,
  0xec, 0x12, 0xcb, 0x54, 0xd2, 0xc7, 0x08, 0x0d, 0x1a, 0xcc, 0x8b, 0xcf,
  0x5a, 0x9f, 0x02, 0x96, 0x99, 0x1c, 0xc7, 0x23, 0xb1, 0x2f, 0x16, 0xde,
  0x6f, 0x96, 0x81, 0x4c, 0x30, 0xe5, 0x8d, 0xfb, 0xfd, 0x6c, 0x6f, 0xf3,
  0x97, 0x95, 0xb3, 0xe0, 0x0b, 0x24, 0x24, 0x8a, 0x4d, 0x0f, 0x9a, 0xc4,
  0x30, 0xc4, 0x41, 0x04, 0xf1, 0xc1, 0x53, 0xd5, 0x14, 0x45, 0xaa, 0xfc,
  0x7f, 0xf0, 0x12, 0xc4, 0xef, 0xd1, 0x40, 0x0c, 0xbb, 0x48, 0x2d, 0xfa,
  0xa3, 0xaf, 0x5b, 0x19, 0x63, 0x56, 0xff, 0x91, 0x59, 0xc3, 0xef, 0x1e,
  0xad, 0xc6, 0x34, 0x13, 0x6e, 0x59, 0x2a, 0xe4, 0x44, 0xd8, 0x56, 0x00,
  0x61, 0x24, 0x4a, 0x8e, 0x5f, 0xfe, 0x56, 0x71, 0x52, 0x6e, 0x2e, 0x4a,
  0x20, 0xd7, 0x39, 0xbe, 0xf1, 0x87, 0x39, 0x59, 0x34, 0x0f, 0xf2, 0xbc,
  0x92, 0x16, 0x22, 0x12, 0x52, 0xaa, 0x24, 0xe6, 0x05, 0x59, 0xaa, 0x4f,
  0x7f, 0x5c, 0x51, 0xbc, 0xac, 0xb3, 0x96, 0x75, 0x1a, 0xd1, 0x08, 0xa2,
  0xab, 0x02, 0x14, 0x0c, 0x47, 0xff, 0xe9, 0x9f, 0x97, 0x06, 0xb0, 0x96,
  0x7f, 0xc9, 0x5a, 0xf1, 0xc3, 0xf9, 0xc7, 0x62, 0xf3, 0x3f, 0x3c, 0x1e,
  0x5f, 0x39, 0x2c, 0x47, 0x4b, 0x9c, 0xbc, 0x52, 0x02, 0x24, 0x2a, 0x11,
  0xd0, 0x30, 0x46, 0xad, 0x3b, 0xa6, 0x09, 0x64, 0x12, 0xff, 0x54, 0x29,
  0xc8, 0x7f, 0x3f, 0x70, 0xba, 0x0a, 0x04, 0xc0, 0xd2, 0x3f, 0xf9, 0x27,
  0x47, 0xbc, 0x1d, 0xf0, 0x26, 0x17, 0xdf, 0x22, 0xa5, 0x0c, 0xc9, 0xb9,
  0x4d, 0x20, 0x4b, 0x64, 0x98, 0x95, 0x46, 0x5f, 0xfd, 0x5a, 0xd2, 0x70,
  0x30, 0x2f, 0xbf, 0x4a, 0x1e, 0xbc, 0x0c, 0x55, 0x7f, 0x8e, 0x96, 0x67,
  0x01, 0x5e, 0xd9, 0x57, 0x5a, 0x6d, 0x12, 0x09, 0x4a, 0xef, 0x70, 0xcb,
  0x60, 0x77, 0xad, 0xbd, 0x13, 0xc7, 0xff, 0xa0, 0x96, 0x21, 0x32, 0xc5,
  0x23, 0xfa, 0x00, 0x3e, 0x96, 0xf5, 0x3f, 0x77, 0xd6, 0x1b, 0x8d, 0x21,
  0xd6, 0x5d, 0x2b, 0x6f, 0x34, 0x41, 0x44, 0xf3, 0xb0, 0xfe, 0x0e, 0x1b,
  0x2d, 0xac, 0x62, 0xb7, 0x70, 0xc1, 0x5c, 0x7a, 0xc7, 0x7f, 0xb6, 0x95,
  0x21, 0xac, 0x1a, 0x03, 0x48, 0xa3, 0x62, 0xcf, 0x60, 0x07, 0x1d, 0x36,
  0xe0, 0xb5, 0xdb, 0x51, 0x45, 0x9d, 0x5d, 0xcf, 0x02, 0x69, 0x02, 0xec,
  0x01, 0xaf, 0x79, 0xf8, 0xaf, 0x98, 0x41, 0x4f, 0x55, 0x81, 0xf1, 0x39,
  0x49, 0xeb, 0x66, 0xe5, 0xa6, 0xfb, 0xc2, 0x4c, 0x53, 0xff, 0xce, 0x55,
  0xc5, 0x99, 0x76, 0xa9, 0x11, 0xb3, 0xcb, 0xb1, 0xee, 0xdf, 0x4d, 0x4c,
  0xe4, 0x9c, 0xf7, 0xdf, 0x1b, 0x14, 0xd2, 0x93, 0x0d, 0x4d, 0x17, 0x9b,
  0xf6, 0x08, 0xfd, 0x3d, 0xc1, 0x18, 0xce, 0x63, 0xb2, 0x0b, 0x3c, 0x88,
  0x71, 0xd3, 0xa3, 0xa2, 0x23, 0xdc, 0x2d, 0x48, 0xb3, 0xe7, 0xb7, 0xe1,
  0x6a, 0x91, 0x3c, 0xb4, 0xf3, 0xd3, 0x3d, 0xd6, 0x0e, 0x20, 0x1f, 0x73,
  0xf8, 0x23, 0x5a, 0x11, 0x81, 0x55, 0xf9, 0x3b, 0xe4, 0x98, 0xfe, 0x09,
  0x18, 0xe3, 0xdb, 0x45, 0x4c, 0x20, 0x4a, 0x60, 0xbd, 0x49, 0x72, 0x3b,
  0xe8, 0xcb, 0x1a, 0x44, 0x98, 0x3c, 0x32, 0x14, 0xed, 0xdd, 0x71, 0x90,
  0xc4, 0xdd, 0x5f, 0xee, 0xb5, 0xb9, 0xba, 0x45, 0x60, 0xf4, 0x4a, 0x58,
  0x93, 0xae, 0xb2, 0x1c, 0xe6, 0x9f, 0x02, 0x9f, 0x56, 0x4a, 0x1b, 0x33,
  0x36, 0xf9, 0x32, 0x7f, 0xfd, 0x20, 0xa9, 0xa1, 0xed, 0xdb, 0xa6, 0xc7,
  0x77, 0x9b, 0x1e, 0x08, 0xe9, 0x57, 0x49, 0x72, 0x0c, 0xe0, 0x24, 0x49,
  0x89, 0x7a, 0xda, 0x89, 0xa4, 0x8c, 0x4f, 0x12, 0xe5, 0x5e, 0x22, 0xe1,
  0x53, 0xb3, 0x70, 0x7f, 0x7c, 0xae, 0x22, 0x55, 0x06, 0x4b, 0xb6, 0xa3,
  0xe3, 0x0a, 0xc5, 0x4b, 0xf3, 0x58, 0x17, 0xb0, 0xc3, 0xd7, 0x9d, 0x9b,
  0xd4, 0x0e, 0x13, 0x77, 0xc3, 0x46, 0x53, 0x42, 0x38, 0xbb, 0x05, 0xec,
  0x9f, 0x19, 0x5c, 0x65, 0x08, 0x81, 0x5a, 0x4a, 0x57, 0x53, 0xac, 0x6f,
  0xf8, 0xc5, 0xda, 0x65, 0x53, 0xd1, 0x25, 0x08, 0x51, 0x78, 0x10, 0x83,
  0x78, 0x7c, 0x48, 0xe6, 0xa1, 0xd1, 0x59, 0x6c, 0x7b, 0x81, 0x92, 0x7c,
  0xe6, 0x49, 0x8f, 0xe1, 0xf7, 0x6e, 0x6a, 0x5b, 0x00, 0x9b, 0x9e, 0x6b,
  0xdf, 0x87, 0x91, 0xb3, 0xf8, 0x57, 0xe6, 0x95, 0x56, 0xba, 0x93, 0x20,
  0xa2, 0x73, 0x9a, 0x16, 0x02, 0xd6, 0xae, 0x96, 0xeb, 0xc4, 0xa0, 0x01,
  0xab, 0xa3, 0x9a, 0xd8, 0x46, 0xf3, 0xff, 0xff, 0x04, 0x00, 0x00, 0x00,
  0x40, 0x00, 0x00, 0x00, 0x28, 0x02, 0x00, 0x00, 0xfd, 0x01, 0x00, 0x00,
  0x97, 0x01, 0x00, 0x00, 0x79, 0x06, 0x00, 0x00, 0x1c, 0x03, 0x00, 0x00,
  0x15, 0xfc, 0xff, 0xff, 0xfc, 0xfe, 0xff, 0xff, 0x5b, 0xfe, 0xff, 0xff,
  0xf5, 0xfe, 0xff, 0xff, 0x50, 0xfb, 0xff, 0xff, 0xb7, 0xfe, 0xff, 0xff,
  0x1f, 0xfd, 0xff, 0xff, 0x2e, 0xfd, 0xff, 0xff, 0x6a, 0xfc, 0xff, 0xff,
  0xdb, 0xfa, 0xff, 0xff, 0x89, 0x02, 0x00, 0x00, 0x92, 0xf3, 0xff, 0xff,
  0x04, 0x00, 0x00, 0x00, 0x10, 0x00, 0x00, 0x00, 0x3e, 0x2a, 0x35, 0x54,
  0x7f, 0xca, 0x34, 0xf0, 0x73, 0xd7, 0x72, 0x22, 0xf2, 0x67, 0xed, 0x39,
  0xae, 0xf3, 0xff, 0xff, 0x04, 0x00, 0x00, 0x00, 0x10, 0x00, 0x00, 0x00,
  0xac, 0xdc, 0xc1, 0x80, 0xbf, 0xea, 0xbc, 0xf3, 0xb0, 0xe8, 0xd5, 0xdc,
  0xff, 0xed, 0xe6, 0xab, 0xca, 0xf3, 0xff, 0xff, 0x04, 0x00, 0x00, 0x00,
  0x00, 0x03, 0x00, 0x00, 0x99, 0xd7, 0x05, 0xcb, 0xcb, 0xc6, 0x41, 0xa0,
  0xeb, 0x2d, 0x66, 0xe6, 0x6d, 0x0b, 0x68, 0x95, 0x0c, 0xcc, 0x2e, 0x1b,
  0x2d, 0xb0, 0xb5, 0xaa, 0x4e, 0xb4, 0x51, 0x0f, 0x62, 0x33, 0x7f, 0x10,
  0xab, 0xca, 0x19, 0x9f, 0x64, 0xc6, 0x20, 0xee, 0xef, 0x0e, 0xcd, 0x64,
  0x35, 0xdb, 0xd2, 0x58, 0x3b, 0x0b, 0x13, 0xa3, 0xf6, 0x35, 0xa7, 0xb5,
  0xc1, 0x75, 0x81, 0xd5, 0x6b, 0xe1, 0x23, 0x33, 0x52, 0xde, 0x04, 0x14,
  0x1c, 0xc5, 0x7b, 0xf8, 0x01, 0x68, 0xed, 0xc1, 0x5b, 0x3a, 0x5b, 0xad,
  0x15, 0x99, 0x6b, 0xc3, 0xa5, 0x3c, 0xb7, 0x71, 0x50, 0x08, 0x00, 0x62,
  0x45, 0xb1, 0x10, 0x7e, 0x0e, 0x9f, 0xa4, 0xa8, 0x2a, 0xde, 0x7f, 0x02,
  0x0b, 0x29, 0x61, 0xba, 0x2e, 0x46, 0xd8, 0xa2, 0x93, 0x0d, 0x39, 0x9a,
  0xb3, 0x76, 0x59, 0xc3, 0x2f, 0xdc, 0xee, 0xb1, 0xa5, 0x75, 0xc2, 0x28,
  0xec, 0x42, 0x30, 0xf4, 0xaf, 0x2b, 0x99, 0x74, 0x56, 0x28, 0xed, 0xff,
  0xb4, 0xb5, 0x64, 0x33, 0xc3, 0xcc, 0xf2, 0xd2, 0xcf, 0x54, 0x2c, 0x10,
  0x30, 0x23, 0x10, 0xd5, 0x2a, 0xb9, 0x4c, 0x47, 0x2a, 0x4a, 0xa6, 0x56,
  0x5c, 0x21, 0x7f, 0x37, 0xe1, 0x3a, 0xa2, 0x2c, 0x94, 0x30, 0xb3, 0xb3,
  0x89, 0xd7, 0x56, 0x65, 0x31, 0x5e, 0xde, 0x63, 0x99, 0x7c, 0x56, 0xa9,
  0x46, 0x58, 0x44, 0xeb, 0xca, 0xd5, 0xb7, 0x10, 0x47, 0x41, 0xe5, 0xe0,
  0x7f, 0xe0, 0x9c, 0x77, 0x74, 0x5b, 0x7f, 0xb6, 0x4f, 0x71, 0xbd, 0x31,
  0xcc, 0x29, 0xe6, 0x54, 0x97, 0x40, 0x35, 0x2e, 0xb7, 0x7e, 0x9d, 0xf0,
  0x27, 0x9c, 0x90, 0xd0, 0x1d, 0xfd, 0x96, 0xb1, 0x7d, 0x27, 0x00, 0xa5,
  0x03, 0x23, 0x54, 0x25, 0x2c, 0xe7, 0x30, 0x5c, 0xcf, 0xad, 0xb0, 0x26,
  0x6c, 0x38, 0x87, 0x8f, 0x19, 0x56, 0xa9, 0x59, 0x0a, 0x97, 0x6f, 0x48,
  0xae, 0x54, 0xfd, 0xa7, 0xf7, 0xf7, 0x08, 0x6d, 0xb4, 0xa5, 0xdb, 0x35,
  0x9f, 0x64, 0x43, 0x33, 0x14, 0x16, 0x2b, 0x76, 0x5f, 0x94, 0xaa, 0x66,
  0xb8, 0x7f, 0x49, 0x56, 0xf5, 0xa3, 0x3c, 0xcc, 0xe6, 0xc9, 0xb1, 0xec,
  0x31, 0xc6, 0xd9, 0xe2, 0xe0, 0x28, 0xfe, 0x63, 0x17, 0x44, 0x43, 0xfa,
  0x41, 0x96, 0x0c, 0x2f, 0x92, 0x4b, 0xcf, 0x33, 0xaf, 0x4c, 0x81, 0x6f,
  0x00, 0x34, 0x84, 0xb9, 0x0d, 0x08, 0x00, 0x9b, 0x27, 0x33, 0x4d, 0x0b,
  0xdf, 0x06, 0xe8, 0xa5, 0x2e, 0xf0, 0xae, 0xa7, 0xd5, 0x95, 0x46, 0x9d,
  0x2e, 0x64, 0xb0, 0x47, 0x96, 0x03, 0x03, 0x48, 0x24, 0x79, 0x86, 0xb3,
  0xe9, 0x56, 0x04, 0xba, 0x26, 0x51, 0xe5, 0xbb, 0xfc, 0xa2, 0x01, 0x40,
  0x82, 0x7f, 0x83, 0x9e, 0xfd, 0x5b, 0x66, 0x74, 0xa8, 0x74, 0xf7, 0x26,
  0xad, 0xbd, 0x6e, 0x3d, 0x31, 0xb3, 0x40, 0xdb, 0x91, 0x7a, 0x18, 0x05,
  0xf3, 0x3c, 0xa1, 0x4d, 0x24, 0x3f, 0xd5, 0x1e, 0x85, 0xac, 0x53, 0x08,
  0x6d, 0xcb, 0x04, 0x2d, 0x68, 0x7f, 0x3b, 0xf7, 0xf4, 0xf2, 0x65, 0xde,
  0xb5, 0xb0, 0xa1, 0xcb, 0x2a, 0xc6, 0x9f, 0x51, 0xaf, 0x12, 0xf8, 0xc3,
  0x68, 0x9e, 0x61, 0xa0, 0x1a, 0x53, 0xbe, 0x16, 0xb4, 0x61, 0x64, 0xcb,
  0x33, 0x32, 0x25, 0x2d, 0xc2, 0xd5, 0x42, 0x61, 0xb6, 0x35, 0x38, 0x5e,
  0x2c, 0x5d, 0xb1, 0x75, 0xe3, 0x50, 0xba, 0xef, 0xeb, 0x04, 0xd0, 0x8e,
  0xcf, 0x10, 0x91, 0xd0, 0x15, 0x43, 0x2c, 0xb9, 0x25, 0x55, 0x81, 0x17,
  0x70, 0x3e, 0xa0, 0x08, 0x7f, 0xe8, 0x5d, 0x19, 0x9c, 0x90, 0xa1, 0xc3,
  0x1c, 0x27, 0x60, 0xe8, 0x4e, 0xe2, 0xd5, 0xa1, 0xd3, 0x5b, 0xc6, 0x4c,
  0xa8, 0x4a, 0xe4, 0x3a, 0xea, 0xfb, 0x51, 0x89, 0xec, 0x1b, 0xa8, 0x02,
  0xc2, 0x19, 0x89, 0x45, 0x6e, 0xb2, 0xee, 0xb7, 0xfd, 0x8f, 0x89, 0xc9,
  0x73, 0xe4, 0x98, 0x16, 0x98, 0x00, 0x92, 0x04, 0xac, 0x61, 0x66, 0xe7,
  0xec, 0x71, 0x8b, 0x53, 0x1a, 0xf0, 0x5e, 0x95, 0xd3, 0x43, 0xa8, 0x05,
  0x21, 0x74, 0x14, 0xdd, 0xa1, 0xf2, 0x1d, 0x03, 0xe6, 0x33, 0x1b, 0xb3,
  0x0e, 0x61, 0x37, 0xb0, 0x61, 0x7f, 0xc7, 0xaf, 0x15, 0xc6, 0xcc, 0x2d,
  0xf3, 0xde, 0xdf, 0x3a, 0xcc, 0x66, 0x3e, 0xbf, 0x20, 0xf0, 0x4b, 0xed,
  0xd5, 0x24, 0xa8, 0x19, 0x5e, 0x3b, 0x96, 0xe3, 0x4b, 0x66, 0xb0, 0xef,
  0x4a, 0x4e, 0xa1, 0xab, 0xa2, 0xad, 0x42, 0x81, 0xa1, 0xe9, 0x9b, 0x6a,
  0xd0, 0xc8, 0x53, 0x17, 0xdf, 0xbe, 0xde, 0xf8, 0xd5, 0x3a, 0x73, 0x9e,
  0x24, 0xbc, 0x11, 0x37, 0x2d, 0x62, 0x79, 0xf4, 0xde, 0x5c, 0x33, 0x51,
  0x3c, 0xb0, 0x40, 0xc9, 0x2c, 0x1e, 0xbc, 0xf6, 0x77, 0xd9, 0x70, 0xf7,
  0xb9, 0x6d, 0x5b, 0x69, 0x42, 0x4e, 0x9d, 0xe2, 0xc6, 0x7b, 0xef, 0x64,
  0x78, 0x57, 0x88, 0x55, 0x81, 0x04, 0xc7, 0xcb, 0x3f, 0x9d, 0x5b, 0x36,
  0xfb, 0x14, 0x7a, 0x6b, 0x4f, 0x81, 0xb2, 0x52, 0xf2, 0x43, 0x65, 0xf0,
  0x0c, 0x39, 0x02, 0x09, 0x89, 0xa6, 0xaa, 0x8e, 0xaa, 0x94, 0x48, 0x57,
  0xc4, 0x7f, 0x00, 0xa5, 0x85, 0x52, 0x9e, 0x59, 0x01, 0x61, 0x46, 0x40,
  0x15, 0xce, 0xef, 0x63, 0x0d, 0x67, 0x25, 0x4e, 0xb6, 0x38, 0xea, 0x74,
  0x6f, 0xfc, 0x42, 0xf5, 0xba, 0x81, 0x42, 0x59, 0xac, 0x55, 0x90, 0x21,
  0x3e, 0x8b, 0xa6, 0xda, 0x40, 0xb4, 0x3f, 0xfc, 0x5c, 0xb4, 0x4d, 0xc9,
  0x32, 0x32, 0x01, 0x59, 0x85, 0x3c, 0xf0, 0xab, 0xe1, 0x79, 0x14, 0xad,
  0xf8, 0x26, 0xe9, 0xe3, 0xc2, 0x25, 0x30, 0xd0, 0x4a, 0xac, 0xbf, 0xf2,
  0x1d, 0x17, 0x9b, 0x46, 0xd6, 0xf6, 0xff, 0xff, 0x04, 0x00, 0x00, 0x00,
  0x40, 0x00, 0x00, 0x00, 0xbf, 0x00, 0x00, 0x00, 0xd2, 0xfb, 0xff, 0xff,
  0x12, 0xfb, 0xff, 0xff, 0x51, 0xfe, 0xff, 0xff, 0xab, 0xfb, 0xff, 0xff,
  0x4f, 0x01, 0x00, 0x00, 0xad, 0xff, 0xff, 0xff, 0xa9, 0x00, 0x00, 0x00,
  0x17, 0xfd, 0xff, 0xff, 0xd5, 0xfa, 0xff, 0xff, 0xed, 0x04, 0x00, 0x00,
  0x25, 0xf9, 0xff, 0xff, 0x7c, 0x05, 0x00, 0x00, 0x5a, 0xfb, 0xff, 0xff,
  0xfc, 0xfe, 0xff, 0xff, 0x2f, 0x00, 0x00, 0x00, 0x22, 0xf7, 0xff, 0xff,
  0x04, 0x00, 0x00, 0x00, 0x10, 0x00, 0x00, 0x00, 0xfb, 0xe0, 0x03, 0xdb,
  0xe2, 0x2a, 0x7f, 0xf5, 0xed, 0xf3, 0x2c, 0xda, 0x2b, 0xda, 0xd4, 0x67,
  0x3e, 0xf7, 0xff, 0xff, 0x04, 0x00, 0x00, 0x00, 0x10, 0x00, 0x00, 0x00,
  0xfc, 0xfc, 0xf9, 0x01, 0x09, 0xe0, 0x9d, 0xe8, 0xf0, 0x00, 0x80, 0xf4,
  0x8e, 0x0e, 0x0c, 0xe1, 0x5a, 0xf7, 0xff, 0xff, 0x04, 0x00, 0x00, 0x00,
  0x00, 0x03, 0x00, 0x00, 0x5f, 0xe2, 0xd5, 0x2e, 0xec, 0x28, 0xc2, 0x21,
  0x5b, 0xd5, 0xd6, 0x3e, 0x29, 0xfd, 0x7f, 0x4e, 0xcd, 0xaa, 0xf3, 0x31,
  0x5c, 0xeb, 0x1a, 0xff, 0x11, 0x37, 0x07, 0xe7, 0x93, 0x53, 0xd4, 0x39,
  0xe5, 0x4c, 0x6b, 0xf2, 0x26, 0xca, 0x04, 0xec, 0x35, 0x44, 0xca, 0x40,
  0x44, 0x0c, 0xa4, 0xa5, 0xff, 0xb8, 0x9b, 0xc2, 0x38, 0xc5, 0xe5, 0xa7,
  0xb7, 0xf6, 0x69, 0x49, 0xa4, 0x02, 0x47, 0x9e, 0xda, 0x3c, 0x3e, 0x66,
  0xc2, 0xe5, 0x37, 0x0c, 0x7f, 0x4a, 0xd8, 0x52, 0xcd, 0x17, 0x1d, 0x20,
  0x51, 0xdb, 0xfb, 0x92, 0xe3, 0xa5, 0xe5, 0x14, 0x56, 0x45, 0xc2, 0xb5,
  0xf4, 0x2e, 0x6e, 0x0a, 0x36, 0x08, 0x0a, 0xb3, 0xc4, 0x85, 0xdc, 0x4f,
  0xb0, 0xcf, 0x81, 0x98, 0x04, 0x55, 0x17, 0xc3, 0x53, 0xd2, 0x0d, 0xec,
  0x75, 0x1f, 0x13, 0x59, 0x7d, 0x65, 0xc1, 0xf0, 0xa5, 0xb2, 0x28, 0x8b,
  0x98, 0xec, 0xba, 0x03, 0xa3, 0x57, 0x19, 0xed, 0xb1, 0x9a, 0x60, 0xa1,
  0x15, 0x14, 0x30, 0x68, 0x40, 0xd6, 0xdf, 0x03, 0x81, 0x6c, 0x31, 0x31,
  0xd5, 0xac, 0x7d, 0xba, 0x72, 0xd0, 0x2b, 0x3d, 0x5e, 0x16, 0x1b, 0x34,
  0x89, 0xf4, 0xd4, 0xf4, 0xf7, 0xb5, 0x28, 0x9e, 0xb6, 0xcb, 0x5f, 0xc4,
  0x1c, 0x62, 0x38, 0x51, 0x52, 0x23, 0xe1, 0xe5, 0xfd, 0xfc, 0xfb, 0xbd,
  0x96, 0x59, 0x11, 0x54, 0x08, 0x5f, 0x91, 0x1a, 0xed, 0x0b, 0xf6, 0xea,
  0x9f, 0xc1, 0xe9, 0x14, 0x87, 0x68, 0xad, 0xa8, 0xd0, 0x1f, 0x5f, 0x20,
  0xc1, 0x1f, 0x4c, 0xf4, 0x15, 0x69, 0x81, 0x37, 0xa7, 0x72, 0x5f, 0x9e,
  0x8f, 0x10, 0x32, 0x68, 0x9b, 0x91, 0x3a, 0xf1, 0x49, 0xf8, 0xe3, 0x57,
  0xce, 0xbc, 0x51, 0xb4, 0x91, 0x16, 0x16, 0x62, 0x01, 0x41, 0xa8, 0xa0,
  0x19, 0x95, 0xe8, 0xae, 0x4c, 0x12, 0xfa, 0xfd, 0x2c, 0x66, 0x0e, 0x9e,
  0xfc, 0x2e, 0x5c, 0x48, 0x2e, 0xc1, 0x97, 0x92, 0xc8, 0x6f, 0x74, 0x1c,
  0x3b, 0x1b, 0x26, 0x81, 0xd1, 0x4b, 0xb9, 0xf6, 0x38, 0xd1, 0x63, 0x93,
  0xec, 0xc2, 0xe4, 0xd6, 0xce, 0x71, 0xaa, 0x34, 0xbe, 0xd3, 0x37, 0x48,
  0x6d, 0x30, 0xb7, 0xe4, 0xc4, 0x65, 0x1f, 0xbb, 0x08, 0xdf, 0xb6, 0x4a,
  0xd8, 0x42, 0x00, 0x04, 0x2a, 0x7f, 0x20, 0xf6, 0x8a, 0xf0, 0x95, 0xae,
  0xa2, 0xfa, 0xcd, 0x72, 0xcb, 0xe7, 0xc5, 0x6c, 0x16, 0x0c, 0x1c, 0x67,
  0x31, 0xe1, 0x29, 0x17, 0xb3, 0x00, 0x8e, 0x8d, 0xd9, 0x5a, 0x45, 0xf1,
  0xb1, 0xc6, 0x58, 0x25, 0x6c, 0xe9, 0x4d, 0xcf, 0x38, 0xa7, 0x53, 0x28,
  0xd6, 0xb7, 0xdb, 0x2e, 0x64, 0xfe, 0xd0, 0x6a, 0x49, 0x52, 0x36, 0xc5,
  0x32, 0x7f, 0x02, 0xe5, 0x14, 0xf5, 0xbc, 0x0a, 0x3f, 0xa0, 0x3a, 0x1b,
  0xa9, 0xfc, 0x47, 0xe8, 0xbf, 0x42, 0x2d, 0x7f, 0x28, 0x04, 0xd0, 0x3d,
  0x57, 0x16, 0xcc, 0x70, 0x22, 0x5a, 0xd4, 0xea, 0x0f, 0x01, 0x37, 0xe2,
  0x26, 0x0b, 0xa3, 0x17, 0x07, 0x28, 0xc9, 0xd1, 0xff, 0xdc, 0x48, 0xcd,
  0xde, 0xbb, 0x35, 0xd4, 0x5a, 0x4a, 0x02, 0xbd, 0xdf, 0xcb, 0xb6, 0x75,
  0xdf, 0x33, 0xda, 0xc0, 0x38, 0x56, 0x26, 0xec, 0xb2, 0xed, 0x4d, 0x6d,
  0x84, 0xb0, 0xec, 0x83, 0x02, 0x35, 0xf6, 0x57, 0xed, 0xdc, 0x1b, 0x31,
  0xec, 0xdc, 0xff, 0xe2, 0xaa, 0x05, 0xbc, 0x4f, 0x1e, 0x7f, 0x11, 0xc9,
  0xce, 0x8c, 0xf8, 0xd1, 0x08, 0x0f, 0x14, 0xd3, 0x5d, 0x79, 0xd5, 0xdd,
  0x3e, 0x34, 0xd7, 0x29, 0xc1, 0xd4, 0x76, 0xee, 0xef, 0xfd, 0xbf, 0xbb,
  0x73, 0xf0, 0x8b, 0x63, 0xf5, 0x92, 0x64, 0xd6, 0x13, 0x63, 0xef, 0x51,
  0x67, 0x0f, 0x58, 0xff, 0x67, 0xa4, 0x0a, 0x7f, 0xbf, 0x51, 0x10, 0xaf,
  0x4f, 0x2b, 0xfd, 0x2e, 0xa7, 0xda, 0xb7, 0x00, 0x21, 0x01, 0xa2, 0x05,
  0xf5, 0xc6, 0x68, 0x14, 0x31, 0xee, 0xd1, 0xea, 0xfe, 0xae, 0x90, 0xcd,
  0xae, 0x5e, 0x34, 0xdf, 0x41, 0x37, 0x3f, 0xc3, 0xe6, 0x34, 0x19, 0x93,
  0x7e, 0x0d, 0x7f, 0xcb, 0x37, 0x39, 0x59, 0xcd, 0x9e, 0xfb, 0x5a, 0x37,
  0x20, 0x6f, 0x3e, 0x5a, 0x9e, 0xec, 0xf5, 0x41, 0x6d, 0x69, 0xa1, 0x7d,
  0x49, 0xc5, 0xb5, 0xc6, 0xe3, 0xd5, 0x35, 0xe7, 0x04, 0x04, 0x3f, 0xa4,
  0xb4, 0x25, 0xd8, 0x6a, 0x8a, 0x96, 0x33, 0x01, 0x26, 0xd5, 0x11, 0xec,
  0xbb, 0xb4, 0x28, 0x7f, 0x14, 0x32, 0x33, 0x10, 0x0d, 0xd8, 0x68, 0x27,
  0x39, 0x7c, 0x34, 0xfb, 0x44, 0xf1, 0xa3, 0x25, 0xfa, 0x69, 0xf3, 0x1d,
  0x15, 0xfe, 0xbf, 0xf8, 0x41, 0x7b, 0x23, 0x26, 0x30, 0x47, 0xef, 0xaa,
  0x4d, 0x13, 0x23, 0xc6, 0xd2, 0xdd, 0xa7, 0x23, 0xea, 0x7f, 0x76, 0xa9,
  0x06, 0x49, 0x57, 0x45, 0x1e, 0xb8, 0x5d, 0x30, 0x0d, 0xb8, 0xab, 0xe6,
  0x28, 0x21, 0xcb, 0x47, 0x34, 0x99, 0x30, 0x3e, 0x37, 0x58, 0x17, 0xf7,
  0x03, 0x14, 0xde, 0x01, 0xeb, 0xb8, 0x9b, 0x70, 0x6e, 0x34, 0x2f, 0x7c,
  0xcd, 0xe9, 0x41, 0xfb, 0x95, 0xc9, 0x06, 0x4b, 0x19, 0x18, 0xba, 0x50,
  0x75, 0x27, 0x91, 0x58, 0x7f, 0xb7, 0x41, 0x19, 0x62, 0xb4, 0xf1, 0x1f,
  0xd8, 0x40, 0x58, 0x2d, 0xab, 0x53, 0x18, 0xed, 0x30, 0x49, 0x67, 0x28,
  0xee, 0xc1, 0x62, 0x45, 0x0d, 0xbe, 0x85, 0xf1, 0x8e, 0xdf, 0xd8, 0x1b,
  0xb9, 0x99, 0x10, 0x34, 0xaa, 0xeb, 0xe8, 0x13, 0xbe, 0xdd, 0x3a, 0x31,
  0xbb, 0xe8, 0xbe, 0x07, 0x7a, 0x27, 0x81, 0xcf, 0x1d, 0x48, 0xe8, 0xb0,
  0x63, 0xb8, 0xa7, 0x41, 0x8c, 0x05, 0x45, 0x47, 0xf9, 0xac, 0x7c, 0xab,
  0xef, 0x96, 0xf5, 0x07, 0x66, 0xfa, 0xff, 0xff, 0x04, 0x00, 0x00, 0x00,
  0x40, 0x00, 0x00, 0x00, 0xd8, 0xfa, 0xff, 0xff, 0x0c, 0x01, 0x00, 0x00,
  0x42, 0x06, 0x00, 0x00, 0x7d, 0x06, 0x00, 0x00, 0x97, 0xfb, 0xff, 0xff,
  0xc3, 0x00, 0x00, 0x00, 0x2a, 0xf9, 0xff, 0xff, 0xd7, 0xff, 0xff, 0xff,
  0x09, 0xfb, 0xff, 0xff, 0x11, 0x05, 0x00, 0x00, 0x1f, 0xfe, 0xff, 0xff,
  0x6a, 0xfe, 0xff, 0xff, 0x4e, 0xfa, 0xff, 0xff, 0xfc, 0xfc, 0xff, 0xff,
  0x13, 0x05, 0x00, 0x00, 0x0d, 0x06, 0x00, 0x00, 0xb2, 0xfa, 0xff, 0xff,
  0x04, 0x00, 0x00, 0x00, 0x10, 0x00, 0x00, 0x00, 0xe0, 0xf8, 0x65, 0x24,
  0xf6, 0x50, 0xe6, 0x3d, 0xca, 0x54, 0xc1, 0xe1, 0xed, 0x05, 0xdb, 0x7f,
  0xce, 0xfa, 0xff, 0xff, 0x04, 0x00, 0x00, 0x00, 0x10, 0x00, 0x00, 0x00,
  0x1a, 0x24, 0xf9, 0xf4, 0x2e, 0xef, 0x25, 0xf9, 0x23, 0x0d, 0x17, 0x1f,
  0x1c, 0x1f, 0x34, 0x80, 0xea, 0xfa, 0xff, 0xff, 0x04, 0x00, 0x00, 0x00,
  0x00, 0x03, 0x00, 0x00, 0xa1, 0x08, 0x61, 0x0e, 0xa9, 0xb1, 0xdf, 0x45,
  0x12, 0x89, 0x03, 0x4d, 0x2c, 0xe4, 0xe6, 0x81, 0x4d, 0x58, 0x16, 0x05,
  0x25, 0x16, 0xe9, 0xf8, 0xbc, 0x3d, 0xa8, 0x70, 0x40, 0xa1, 0xf3, 0x0b,
  0x34, 0xbf, 0xb9, 0xce, 0x9c, 0x35, 0xab, 0x10, 0xc5, 0xfc, 0x15, 0xc3,
  0x96, 0xa9, 0x3d, 0xd3, 0x05, 0x13, 0x57, 0xad, 0xac, 0x4e, 0x63, 0x40,
  0xf6, 0xd6, 0xcb, 0x32, 0x24, 0x4e, 0x16, 0xdb, 0x29, 0x1a, 0x28, 0x1f,
  0xb2, 0x8c, 0x60, 0xc0, 0xbe, 0xc2, 0x6d, 0x7f, 0xf0, 0xa7, 0x38, 0xc1,
  0xa8, 0x2e, 0x1a, 0x57, 0xde, 0xc0, 0xdc, 0x5a, 0x4b, 0xdf, 0x59, 0xf5,
  0x52, 0x4f, 0x03, 0xd7, 0x9f, 0xab, 0xee, 0xab, 0xfa, 0xf1, 0x4d, 0x4e,
  0x14, 0x0e, 0x46, 0x81, 0xec, 0xc9, 0x34, 0x2e, 0xc7, 0xca, 0x94, 0xff,
  0x6d, 0x1e, 0x98, 0x97, 0x7d, 0xd0, 0xf9, 0xf2, 0x2b, 0xdb, 0xf8, 0x35,
  0xfe, 0x3c, 0x4a, 0x64, 0xd9, 0xea, 0x55, 0xde, 0x91, 0x61, 0xc3, 0x62,
  0x9d, 0x40, 0x01, 0xfa, 0x3c, 0x78, 0xb9, 0x14, 0xa6, 0x10, 0xa9, 0xc6,
  0x45, 0x26, 0x15, 0x40, 0x3c, 0x71, 0xde, 0x90, 0xfc, 0xce, 0x60, 0x91,
  0x9f, 0x97, 0xc0, 0x65, 0xe3, 0x9d, 0xf0, 0x49, 0x48, 0x0b, 0xb2, 0x9a,
  0x5c, 0x24, 0x89, 0xb9, 0x76, 0xb8, 0x34, 0x69, 0x65, 0x58, 0x5c, 0x35,
  0x7f, 0x0b, 0x57, 0x41, 0x61, 0xf8, 0xc7, 0x50, 0x2f, 0x06, 0x65, 0x4c,
  0x4b, 0x0c, 0xa5, 0xee, 0x1f, 0x70, 0x63, 0xa1, 0x1c, 0xde, 0x06, 0xd7,
  0xcf, 0xc2, 0xfc, 0x39, 0xaf, 0xf1, 0x6b, 0x12, 0xc4, 0x4d, 0xc3, 0x5b,
  0x08, 0xfb, 0x00, 0xcb, 0xd5, 0x4f, 0x6f, 0x23, 0xc4, 0x9b, 0x0f, 0x7f,
  0x00, 0x66, 0xb7, 0x9c, 0x9d, 0xcc, 0xae, 0xb7, 0xcc, 0x34, 0x0a, 0x86,
  0x81, 0xbb, 0x14, 0x17, 0x8a, 0x42, 0xb2, 0x0f, 0x19, 0x56, 0x3c, 0xcd,
  0xdc, 0x75, 0x0b, 0x33, 0xbe, 0x64, 0xf0, 0x37, 0x2e, 0xe5, 0xb3, 0x68,
  0xbf, 0xf6, 0xca, 0xb7, 0x54, 0x32, 0x98, 0x3d, 0x25, 0xbb, 0x13, 0xf4,
  0x27, 0x5c, 0x02, 0x26, 0x2d, 0x6d, 0x86, 0xcf, 0x4d, 0x0f, 0x66, 0xad,
  0x5e, 0x1f, 0x1f, 0x7f, 0xf3, 0xe6, 0x5f, 0xfc, 0x72, 0x31, 0xbd, 0x03,
  0xb8, 0xe9, 0x60, 0x1f, 0x4e, 0xb4, 0xea, 0xb6, 0xfb, 0xe6, 0x57, 0x2e,
  0x6a, 0xe2, 0x43, 0xd4, 0x43, 0xed, 0x03, 0x72, 0xa8, 0xe9, 0x0b, 0x64,
  0x6f, 0xb8, 0xe2, 0x44, 0x23, 0x44, 0xb5, 0xc4, 0x6c, 0xe1, 0x9d, 0x03,
  0x22, 0x3a, 0xa9, 0x03, 0x37, 0x81, 0x4c, 0x30, 0xd3, 0x4a, 0x0c, 0xdb,
  0xa0, 0x25, 0xc0, 0x22, 0x3b, 0x09, 0x10, 0x86, 0x2e, 0xb2, 0xc0, 0x2e,
  0x9e, 0x5c, 0x3c, 0x6c, 0x35, 0xd1, 0xcd, 0xa4, 0xec, 0x14, 0xa8, 0xdc,
  0xe4, 0x48, 0x68, 0x9b, 0x79, 0x1a, 0x4c, 0x0f, 0x39, 0xa0, 0xd2, 0x13,
  0xd4, 0x48, 0xe1, 0x73, 0x1a, 0xc6, 0x1e, 0xb8, 0xe0, 0x6b, 0x8e, 0xa8,
  0xf5, 0x02, 0xc5, 0x20, 0xe2, 0xdb, 0x4c, 0x07, 0xff, 0xf6, 0xf5, 0x14,
  0x64, 0x7f, 0x00, 0x3f, 0xf9, 0x52, 0x4e, 0xea, 0xea, 0xa5, 0x4a, 0x54,
  0x52, 0xaa, 0xf6, 0xd0, 0x01, 0x35, 0x90, 0x9f, 0x6a, 0x4f, 0xa8, 0xcb,
  0xd0, 0x33, 0x77, 0xbf, 0x7f, 0x1a, 0x29, 0x26, 0xed, 0x05, 0xde, 0x14,
  0x43, 0xb9, 0x25, 0xf1, 0x07, 0xb2, 0x3c, 0xfd, 0x9b, 0x55, 0x51, 0x8c,
  0x0a, 0x16, 0xb5, 0xef, 0xc2, 0xfb, 0x70, 0x39, 0x07, 0x97, 0x71, 0xa6,
  0x1d, 0x61, 0xe7, 0x5f, 0x9a, 0x9d, 0xeb, 0xbe, 0x46, 0xbd, 0xcc, 0x8a,
  0xbf, 0xe7, 0xc3, 0x52, 0xcd, 0x7f, 0xd2, 0x05, 0x27, 0x90, 0xa3, 0x9c,
  0xc6, 0x23, 0xa3, 0xc1, 0x74, 0xa6, 0xdb, 0x9f, 0xe6, 0x4a, 0x2b, 0x96,
  0xc9, 0x22, 0x0d, 0xe1, 0xc9, 0x44, 0xd2, 0x32, 0xfc, 0x7b, 0xd2, 0xed,
  0x1a, 0xf5, 0x87, 0x75, 0xef, 0x15, 0x1f, 0x9c, 0x0f, 0xdc, 0x0d, 0x18,
  0x3b, 0x30, 0xcf, 0xfc, 0x73, 0x73, 0x7a, 0xf8, 0x68, 0xfd, 0x97, 0xf3,
  0xcb, 0xa3, 0x21, 0xbe, 0xc2, 0x97, 0x0d, 0x4f, 0x74, 0x57, 0x1c, 0xc9,
  0xfb, 0x0d, 0x08, 0xe2, 0x42, 0x3a, 0xcb, 0xa9, 0x27, 0x93, 0xde, 0x29,
  0x7f, 0xb6, 0x49, 0x1e, 0xd1, 0x15, 0xa7, 0x8d, 0xef, 0x52, 0x5a, 0xc9,
  0x66, 0xa3, 0xb8, 0xb9, 0xdd, 0x34, 0x3d, 0x96, 0xb7, 0x5c, 0xc0, 0x86,
  0x48, 0xdd, 0xeb, 0xbd, 0x66, 0x93, 0x36, 0x44, 0x3d, 0x3c, 0x40, 0xee,
  0x4c, 0x05, 0xdd, 0x52, 0x7f, 0x4a, 0xd5, 0x05, 0x5b, 0x3f, 0x57, 0xb6,
  0xfb, 0x11, 0x5b, 0x41, 0x6b, 0x42, 0x15, 0x4a, 0x58, 0x3d, 0x5f, 0x68,
  0x92, 0xa0, 0x34, 0xa8, 0xb5, 0xd3, 0x4e, 0x2b, 0xac, 0x8c, 0x59, 0xb4,
  0x17, 0xa6, 0x6b, 0x02, 0xe4, 0xe3, 0x19, 0x81, 0x91, 0xfa, 0x0d, 0x45,
  0x26, 0xa0, 0xe4, 0xf6, 0xce, 0x0d, 0x03, 0xc9, 0x9a, 0x20, 0x58, 0x1c,
  0xb2, 0xe4, 0x87, 0x82, 0xe8, 0x8d, 0x20, 0xb5, 0x6f, 0xe4, 0xed, 0xd0,
  0xdd, 0x3c, 0x96, 0x44, 0x42, 0x26, 0x40, 0x60, 0x18, 0x49, 0x6c, 0x10,
  0x32, 0x6f, 0x73, 0x0d, 0xf7, 0x4b, 0x9b, 0x30, 0xf2, 0xca, 0xcd, 0x81,
  0xb2, 0xb7, 0x68, 0xe7, 0x41, 0xc2, 0x4d, 0xee, 0xe0, 0x67, 0xe3, 0xe2,
  0xf0, 0x09, 0xa6, 0x3e, 0x31, 0xd5, 0xe7, 0xb2, 0x26, 0x34, 0x44, 0x61,
  0xb9, 0x0e, 0x4c, 0x7f, 0x27, 0x79, 0x2d, 0x1b, 0xc0, 0xfd, 0xbd, 0x15,
  0xb6, 0x29, 0x1f, 0x18, 0x4a, 0xfb, 0xa5, 0xfd, 0xf8, 0x66, 0xa8, 0xb5,
  0xda, 0x54, 0xab, 0xbb, 0xc1, 0x1d, 0x72, 0xfd, 0xd2, 0xc0, 0x65, 0xba,
  0x49, 0x19, 0x3e, 0x31, 0xf6, 0xfd, 0xff, 0xff, 0x04, 0x00, 0x00, 0x00,
  0x40, 0x00, 0x00, 0x00, 0xbd, 0x05, 0x00, 0x00, 0xfa, 0xfa, 0xff, 0xff,
  0x06, 0x05, 0x00, 0x00, 0xda, 0xfd, 0xff, 0xff, 0xf1, 0xf9, 0xff, 0xff,
  0x4c, 0x05, 0x00, 0x00, 0xb3, 0xfb, 0xff, 0xff, 0x5b, 0x07, 0x00, 0x00,
  0x44, 0xfb, 0xff, 0xff, 0xee, 0xfa, 0xff, 0xff, 0x66, 0x02, 0x00, 0x00,
  0x06, 0xfa, 0xff, 0xff, 0x35, 0xfa, 0xff, 0xff, 0x6b, 0x06, 0x00, 0x00,
  0x95, 0x01, 0x00, 0x00, 0x12, 0xfb, 0xff, 0xff, 0x42, 0xfe, 0xff, 0xff,
  0x04, 0x00, 0x00, 0x00, 0x10, 0x00, 0x00, 0x00, 0x7e, 0xb8, 0x7f, 0xa8,
  0xb7, 0x2c, 0xa9, 0x41, 0xb9, 0xbf, 0x03, 0xb1, 0xb3, 0x2b, 0xe0, 0xbc,
  0x5e, 0xfe, 0xff, 0xff, 0x04, 0x00, 0x00, 0x00, 0x10, 0x00, 0x00, 0x00,
  0xa3, 0x12, 0x80, 0x10, 0x17, 0xc2, 0x11, 0x83, 0x10, 0x10, 0x8b, 0x11,
  0x13, 0xa0, 0x01, 0x18, 0x7a, 0xfe, 0xff, 0xff, 0x04, 0x00, 0x00, 0x00,
  0x70, 0x00, 0x00, 0x00, 0x07, 0x0e, 0x10, 0x55, 0xa2, 0x99, 0x68, 0x52,
  0x6c, 0x7f, 0x1d, 0xdc, 0xc2, 0xb8, 0xe7, 0xd3, 0x02, 0xb7, 0xbd, 0x43,
  0xae, 0x5a, 0x78, 0x84, 0x25, 0x28, 0x30, 0xc5, 0x7f, 0x92, 0x91, 0xea,
  0x37, 0x8b, 0x55, 0xc4, 0xa4, 0x45, 0x19, 0x7f, 0xa6, 0xb9, 0x36, 0xaf,
  0xba, 0x75, 0xfc, 0xb2, 0x81, 0xfa, 0x12, 0x6b, 0x30, 0xe4, 0x34, 0xc5,
  0xbb, 0x3e, 0x15, 0xd3, 0x5e, 0xa4, 0x9f, 0x6b, 0xab, 0x5d, 0xdc, 0x09,
  0xac, 0x70, 0x24, 0x8a, 0x7f, 0xe0, 0x2e, 0x43, 0x55, 0x01, 0x1c, 0xa0,
  0xdf, 0x2b, 0xad, 0x7f, 0x5a, 0xe5, 0x22, 0x97, 0xf5, 0x4f, 0x62, 0xf2,
  0x13, 0xc3, 0xef, 0x3f, 0xbb, 0x9b, 0xbf, 0x7b, 0xb2, 0xa0, 0x6b, 0x81,
  0x79, 0xe7, 0x14, 0xe7, 0xdb, 0x8d, 0x20, 0xfe, 0xf6, 0xfe, 0xff, 0xff,
  0x04, 0x00, 0x00, 0x00, 0x1c, 0x00, 0x00, 0x00, 0x28, 0xf7, 0xff, 0xff,
  0x4d, 0xf6, 0xff, 0xff, 0x30, 0x09, 0x00, 0x00, 0xc5, 0xf7, 0xff, 0xff,
  0x7a, 0xf3, 0xff, 0xff, 0x0e, 0xf7, 0xff, 0xff, 0x69, 0xf4, 0xff, 0xff,
  0x1e, 0xff, 0xff, 0xff, 0x04, 0x00, 0x00, 0x00, 0x08, 0x00, 0x00, 0x00,
  0x01, 0x00, 0x00, 0x00, 0x02, 0x00, 0x00, 0x00, 0xd0, 0xd2, 0xff, 0xff,
  0xd4, 0xd2, 0xff, 0xff, 0x0f, 0x00, 0x00, 0x00, 0x4d, 0x4c, 0x49, 0x52,
  0x20, 0x43, 0x6f, 0x6e, 0x76, 0x65, 0x72, 0x74, 0x65, 0x64, 0x2e, 0x00,
  0x01, 0x00, 0x00, 0x00, 0x14, 0x00, 0x00, 0x00, 0x00, 0x00, 0x0e, 0x00,
  0x18, 0x00, 0x14, 0x00, 0x10, 0x00, 0x0c, 0x00, 0x08, 0x00, 0x04, 0x00,
  0x0e, 0x00, 0x00, 0x00, 0x14, 0x00, 0x00, 0x00, 0x1c, 0x00, 0x00, 0x00,
  0x44, 0x05, 0x00, 0x00, 0x48, 0x05, 0x00, 0x00, 0x4c, 0x05, 0x00, 0x00,
  0x04, 0x00, 0x00, 0x00, 0x6d, 0x61, 0x69, 0x6e, 0x00, 0x00, 0x00, 0x00,
  0x16, 0x00, 0x00, 0x00, 0xe0, 0x04, 0x00, 0x00, 0x9c, 0x04, 0x00, 0x00,
  0x58, 0x04, 0x00, 0x00, 0x18, 0x04, 0x00, 0x00, 0xe4, 0x03, 0x00, 0x00,
  0xb0, 0x03, 0x00, 0x00, 0x70, 0x03, 0x00, 0x00, 0x3c, 0x03, 0x00, 0x00,
  0x08, 0x03, 0x00, 0x00, 0xc8, 0x02, 0x00, 0x00, 0x94, 0x02, 0x00, 0x00,
  0x60, 0x02, 0x00, 0x00, 0x20, 0x02, 0x00, 0x00, 0xec, 0x01, 0x00, 0x00,
  0xb8, 0x01, 0x00, 0x00, 0x78, 0x01, 0x00, 0x00, 0x44, 0x01, 0x00, 0x00,
  0x10, 0x01, 0x00, 0x00, 0xbc, 0x00, 0x00, 0x00, 0x78, 0x00, 0x00, 0x00,
  0x40, 0x00, 0x00, 0x00, 0x04, 0x00, 0x00, 0x00, 0x62, 0xff, 0xff, 0xff,
  0x1c, 0x00, 0x00, 0x00, 0x00, 0x00, 0x00, 0x09, 0x1c, 0x00, 0x00, 0x00,
  0x20, 0x00, 0x00, 0x00, 0x06, 0x00, 0x00, 0x00, 0x00, 0x00, 0x06, 0x00,
  0x08, 0x00, 0x04, 0x00, 0x06, 0x00, 0x00, 0x00, 0x00, 0x00, 0x80, 0x3f,
  0x01, 0x00, 0x00, 0x00, 0x31, 0x00, 0x00, 0x00, 0x01, 0x00, 0x00, 0x00,
  0x30, 0x00, 0x00, 0x00, 0xfe, 0xfb, 0xff, 0xff, 0x14, 0x00, 0x00, 0x00,
  0x00, 0x00, 0x00, 0x08, 0x10, 0x00, 0x00, 0x00, 0x14, 0x00, 0x00, 0x00,
  0x05, 0x00, 0x00, 0x00, 0xd4, 0xd3, 0xff, 0xff, 0x01, 0x00, 0x00, 0x00,
  0x30, 0x00, 0x00, 0x00, 0x03, 0x00, 0x00, 0x00, 0x2f, 0x00, 0x00, 0x00,
  0x03, 0x00, 0x00, 0x00, 0x02, 0x00, 0x00, 0x00, 0x32, 0xfc, 0xff, 0xff,
  0x14, 0x00, 0x00, 0x00, 0x00, 0x00, 0x00, 0x1b, 0x10, 0x00, 0x00, 0x00,
  0x14, 0x00, 0x00, 0x00, 0x04, 0x00, 0x00, 0x00, 0x08, 0xd4, 0xff, 0xff,
  0x01, 0x00, 0x00, 0x00, 0x2f, 0x00, 0x00, 0x00, 0x02, 0x00, 0x00, 0x00,
  0x2e, 0x00, 0x00, 0x00, 0x01, 0x00, 0x00, 0x00, 0x00, 0x00, 0x0e, 0x00,
  0x1a, 0x00, 0x14, 0x00, 0x10, 0x00, 0x0c, 0x00, 0x0b, 0x00, 0x04, 0x00,
  0x0e, 0x00, 0x00, 0x00, 0x24, 0x00, 0x00, 0x00, 0x00, 0x00, 0x00, 0x05,
  0x34, 0x00, 0x00, 0x00, 0x38, 0x00, 0x00, 0x00, 0x03, 0x00, 0x00, 0x00,
  0x00, 0x00, 0x0e, 0x00, 0x18, 0x00, 0x17, 0x00, 0x10, 0x00, 0x0c, 0x00,
  0x08, 0x00, 0x04, 0x00, 0x0e, 0x00, 0x00, 0x00, 0x02, 0x00, 0x00, 0x00,
  0x01, 0x00, 0x00, 0x00, 0x02, 0x00, 0x00, 0x00, 0x01, 0x00, 0x00, 0x00,
  0x00, 0x00, 0x00, 0x01, 0x01, 0x00, 0x00, 0x00, 0x2e, 0x00, 0x00, 0x00,
  0x01, 0x00, 0x00, 0x00, 0x2d, 0x00, 0x00, 0x00, 0xc2, 0xfc, 0xff, 0xff,
  0x14, 0x00, 0x00, 0x00, 0x00, 0x00, 0x00, 0x0b, 0x10, 0x00, 0x00, 0x00,
  0x14, 0x00, 0x00, 0x00, 0x02, 0x00, 0x00, 0x00, 0x98, 0xd4, 0xff, 0xff,
  0x01, 0x00, 0x00, 0x00, 0x2d, 0x00, 0x00, 0x00, 0x02, 0x00, 0x00, 0x00,
  0x2c, 0x00, 0x00, 0x00, 0x04, 0x00, 0x00, 0x00, 0xf2, 0xfc, 0xff, 0xff,
  0x14, 0x00, 0x00, 0x00, 0x00, 0x00, 0x00, 0x15, 0x10, 0x00, 0x00, 0x00,
  0x14, 0x00, 0x00, 0x00, 0x01, 0x00, 0x00, 0x00, 0xc8, 0xd4, 0xff, 0xff,
  0x01, 0x00, 0x00, 0x00, 0x2c, 0x00, 0x00, 0x00, 0x02, 0x00, 0x00, 0x00,
  0x2b, 0x00, 0x00, 0x00, 0x05, 0x00, 0x00, 0x00, 0xe2, 0xfc, 0xff, 0xff,
  0x10, 0x00, 0x00, 0x00, 0x00, 0x00, 0x00, 0x01, 0x18, 0x00, 0x00, 0x00,
  0x1c, 0x00, 0x00, 0x00, 0xd4, 0xfc, 0xff, 0xff, 0x00, 0x00, 0x00, 0x01,
  0x01, 0x00, 0x00, 0x00, 0x01, 0x00, 0x00, 0x00, 0x01, 0x00, 0x00, 0x00,
  0x2b, 0x00, 0x00, 0x00, 0x03, 0x00, 0x00, 0x00, 0x2a, 0x00, 0x00, 0x00,
  0x07, 0x00, 0x00, 0x00, 0x06, 0x00, 0x00, 0x00, 0x5e, 0xfd, 0xff, 0xff,
  0x14, 0x00, 0x00, 0x00, 0x00, 0x00, 0x00, 0x0b, 0x10, 0x00, 0x00, 0x00,
  0x14, 0x00, 0x00, 0x00, 0x02, 0x00, 0x00, 0x00, 0x34, 0xd5, 0xff, 0xff,
  0x01, 0x00, 0x00, 0x00, 0x2a, 0x00, 0x00, 0x00, 0x02, 0x00, 0x00, 0x00,
  0x29, 0x00, 0x00, 0x00, 0x08, 0x00, 0x00, 0x00, 0x8e, 0xfd, 0xff, 0xff,
  0x14, 0x00, 0x00, 0x00, 0x00, 0x00, 0x00, 0x15, 0x10, 0x00, 0x00, 0x00,
  0x14, 0x00, 0x00, 0x00, 0x01, 0x00, 0x00, 0x00, 0x64, 0xd5, 0xff, 0xff,
  0x01, 0x00, 0x00, 0x00, 0x29, 0x00, 0x00, 0x00, 0x02, 0x00, 0x00, 0x00,
  0x28, 0x00, 0x00, 0x00, 0x09, 0x00, 0x00, 0x00, 0x7e, 0xfd, 0xff, 0xff,
  0x10, 0x00, 0x00, 0x00, 0x00, 0x00, 0x00, 0x01, 0x18, 0x00, 0x00, 0x00,
  0x1c, 0x00, 0x00, 0x00, 0x70, 0xfd, 0xff, 0xff, 0x00, 0x00, 0x00, 0x01,
  0x01, 0x00, 0x00, 0x00, 0x01, 0x00, 0x00, 0x00, 0x01, 0x00, 0x00, 0x00,
  0x28, 0x00, 0x00, 0x00, 0x03, 0x00, 0x00, 0x00, 0x27, 0x00, 0x00, 0x00,
  0x0b, 0x00, 0x00, 0x00, 0x0a, 0x00, 0x00, 0x00, 0xfa, 0xfd, 0xff, 0xff,
  0x14, 0x00, 0x00, 0x00, 0x00, 0x00, 0x00, 0x0b, 0x10, 0x00, 0x00, 0x00,
  0x14, 0x00, 0x00, 0x00, 0x02, 0x00, 0x00, 0x00, 0xd0, 0xd5, 0xff, 0xff,
  0x01, 0x00, 0x00, 0x00, 0x27, 0x00, 0x00, 0x00, 0x02, 0x00, 0x00, 0x00,
  0x26, 0x00, 0x00, 0x00, 0x0c, 0x00, 0x00, 0x00, 0x2a, 0xfe, 0xff, 0xff,
  0x14, 0x00, 0x00, 0x00, 0x00, 0x00, 0x00, 0x15, 0x10, 0x00, 0x00, 0x00,
  0x14, 0x00, 0x00, 0x00, 0x01, 0x00, 0x00, 0x00, 0x00, 0xd6, 0xff, 0xff,
  0x01, 0x00, 0x00, 0x00, 0x26, 0x00, 0x00, 0x00, 0x02, 0x00, 0x00, 0x00,
  0x25, 0x00, 0x00, 0x00, 0x0d, 0x00, 0x00, 0x00, 0x1a, 0xfe, 0xff, 0xff,
  0x10, 0x00, 0x00, 0x00, 0x00, 0x00, 0x00, 0x01, 0x18, 0x00, 0x00, 0x00,
  0x1c, 0x00, 0x00, 0x00, 0x0c, 0xfe, 0xff, 0xff, 0x00, 0x00, 0x00, 0x01,
  0x01, 0x00, 0x00, 0x00, 0x01, 0x00, 0x00, 0x00, 0x01, 0x00, 0x00, 0x00,
  0x25, 0x00, 0x00, 0x00, 0x03, 0x00, 0x00, 0x00, 0x24, 0x00, 0x00, 0x00,
  0x0f, 0x00, 0x00, 0x00, 0x0e, 0x00, 0x00, 0x00, 0x96, 0xfe, 0xff, 0xff,
  0x14, 0x00, 0x00, 0x00, 0x00, 0x00, 0x00, 0x0b, 0x10, 0x00, 0x00, 0x00,
  0x14, 0x00, 0x00, 0x00, 0x02, 0x00, 0x00, 0x00, 0x6c, 0xd6, 0xff, 0xff,
  0x01, 0x00, 0x00, 0x00, 0x24, 0x00, 0x00, 0x00, 0x02, 0x00, 0x00, 0x00,
  0x23, 0x00, 0x00, 0x00, 0x10, 0x00, 0x00, 0x00, 0xc6, 0xfe, 0xff, 0xff,
  0x14, 0x00, 0x00, 0x00, 0x00, 0x00, 0x00, 0x15, 0x10, 0x00, 0x00, 0x00,
  0x14, 0x00, 0x00, 0x00, 0x01, 0x00, 0x00, 0x00, 0x9c, 0xd6, 0xff, 0xff,
  0x01, 0x00, 0x00, 0x00, 0x23, 0x00, 0x00, 0x00, 0x02, 0x00, 0x00, 0x00,
  0x22, 0x00, 0x00, 0x00, 0x11, 0x00, 0x00, 0x00, 0xb6, 0xfe, 0xff, 0xff,
  0x10, 0x00, 0x00, 0x00, 0x00, 0x00, 0x00, 0x01, 0x18, 0x00, 0x00, 0x00,
  0x1c, 0x00, 0x00, 0x00, 0xa8, 0xfe, 0xff, 0xff, 0x00, 0x00, 0x00, 0x01,
  0x01, 0x00, 0x00, 0x00, 0x01, 0x00, 0x00, 0x00, 0x01, 0x00, 0x00, 0x00,
  0x22, 0x00, 0x00, 0x00, 0x03, 0x00, 0x00, 0x00, 0x21, 0x00, 0x00, 0x00,
  0x13, 0x00, 0x00, 0x00, 0x12, 0x00, 0x00, 0x00, 0x32, 0xff, 0xff, 0xff,
  0x14, 0x00, 0x00, 0x00, 0x00, 0x00, 0x00, 0x0b, 0x10, 0x00, 0x00, 0x00,
  0x14, 0x00, 0x00, 0x00, 0x02, 0x00, 0x00, 0x00, 0x08, 0xd7, 0xff, 0xff,
  0x01, 0x00, 0x00, 0x00, 0x21, 0x00, 0x00, 0x00, 0x02, 0x00, 0x00, 0x00,
  0x20, 0x00, 0x00, 0x00, 0x14, 0x00, 0x00, 0x00, 0x62, 0xff, 0xff, 0xff,
  0x14, 0x00, 0x00, 0x00, 0x00, 0x00, 0x00, 0x15, 0x10, 0x00, 0x00, 0x00,
  0x14, 0x00, 0x00, 0x00, 0x01, 0x00, 0x00, 0x00, 0x38, 0xd7, 0xff, 0xff,
  0x01, 0x00, 0x00, 0x00, 0x20, 0x00, 0x00, 0x00, 0x02, 0x00, 0x00, 0x00,
  0x1f, 0x00, 0x00, 0x00, 0x15, 0x00, 0x00, 0x00, 0x52, 0xff, 0xff, 0xff,
  0x10, 0x00, 0x00, 0x00, 0x00, 0x00, 0x00, 0x01, 0x18, 0x00, 0x00, 0x00,
  0x1c, 0x00, 0x00, 0x00, 0x44, 0xff, 0xff, 0xff, 0x00, 0x00, 0x00, 0x01,
  0x01, 0x00, 0x00, 0x00, 0x01, 0x00, 0x00, 0x00, 0x01, 0x00, 0x00, 0x00,
  0x1f, 0x00, 0x00, 0x00, 0x03, 0x00, 0x00, 0x00, 0x1e, 0x00, 0x00, 0x00,
  0x17, 0x00, 0x00, 0x00, 0x16, 0x00, 0x00, 0x00, 0xce, 0xff, 0xff, 0xff,
  0x14, 0x00, 0x00, 0x00, 0x00, 0x00, 0x00, 0x0b, 0x10, 0x00, 0x00, 0x00,
  0x14, 0x00, 0x00, 0x00, 0x02, 0x00, 0x00, 0x00, 0xa4, 0xd7, 0xff, 0xff,
  0x01, 0x00, 0x00, 0x00, 0x1e, 0x00, 0x00, 0x00, 0x02, 0x00, 0x00, 0x00,
  0x1d, 0x00, 0x00, 0x00, 0x18, 0x00, 0x00, 0x00, 0x00, 0x00, 0x0e, 0x00,
  0x18, 0x00, 0x14, 0x00, 0x10, 0x00, 0x0c, 0x00, 0x0b, 0x00, 0x04, 0x00,
  0x0e, 0x00, 0x00, 0x00, 0x14, 0x00, 0x00, 0x00, 0x00, 0x00, 0x00, 0x15,
  0x10, 0x00, 0x00, 0x00, 0x14, 0x00, 0x00, 0x00, 0x01, 0x00, 0x00, 0x00,
  0xe4, 0xd7, 0xff, 0xff, 0x01, 0x00, 0x00, 0x00, 0x1d, 0x00, 0x00, 0x00,
  0x02, 0x00, 0x00, 0x00, 0x1c, 0x00, 0x00, 0x00, 0x19, 0x00, 0x00, 0x00,
  0x00, 0x00, 0x0e, 0x00, 0x14, 0x00, 0x00, 0x00, 0x10, 0x00, 0x0c, 0x00,
  0x0b, 0x00, 0x04, 0x00, 0x0e, 0x00, 0x00, 0x00, 0x1c, 0x00, 0x00, 0x00,
  0x00, 0x00, 0x00, 0x01, 0x24, 0x00, 0x00, 0x00, 0x28, 0x00, 0x00, 0x00,
  0x0c, 0x00, 0x10, 0x00, 0x00, 0x00, 0x0c, 0x00, 0x08, 0x00, 0x07, 0x00,
  0x0c, 0x00, 0x00, 0x00, 0x00, 0x00, 0x00, 0x01, 0x01, 0x00, 0x00, 0x00,
  0x01, 0x00, 0x00, 0x00, 0x01, 0x00, 0x00, 0x00, 0x1c, 0x00, 0x00, 0x00,
  0x03, 0x00, 0x00, 0x00, 0x00, 0x00, 0x00, 0x00, 0x1b, 0x00, 0x00, 0x00,
  0x1a, 0x00, 0x00, 0x00, 0x01, 0x00, 0x00, 0x00, 0x31, 0x00, 0x00, 0x00,
  0x01, 0x00, 0x00, 0x00, 0x00, 0x00, 0x00, 0x00, 0x32, 0x00, 0x00, 0x00,
  0x0c, 0x28, 0x00, 0x00, 0x78, 0x27, 0x00, 0x00, 0xc0, 0x26, 0x00, 0x00,
  0x04, 0x26, 0x00, 0x00, 0x80, 0x25, 0x00, 0x00, 0xfc, 0x24, 0x00, 0x00,
  0x60, 0x23, 0x00, 0x00, 0x24, 0x22, 0x00, 0x00, 0xa0, 0x21, 0x00, 0x00,
  0x1c, 0x21, 0x00, 0x00, 0x80, 0x1f, 0x00, 0x00, 0x44, 0x1e, 0x00, 0x00,
  0xc0, 0x1d, 0x00, 0x00, 0x3c, 0x1d, 0x00, 0x00, 0xa0, 0x1b, 0x00, 0x00,
  0x64, 0x1a, 0x00, 0x00, 0xe0, 0x19, 0x00, 0x00, 0x5c, 0x19, 0x00, 0x00,
  0xc0, 0x17, 0x00, 0x00, 0x84, 0x16, 0x00, 0x00, 0x00, 0x16, 0x00, 0x00,
  0x7c, 0x15, 0x00, 0x00, 0xe0, 0x13, 0x00, 0x00, 0xa4, 0x12, 0x00, 0x00,
  0x20, 0x12, 0x00, 0x00, 0x9c, 0x11, 0x00, 0x00, 0x00, 0x10, 0x00, 0x00,
  0xc4, 0x0e, 0x00, 0x00, 0xd0, 0x0d, 0x00, 0x00, 0x3c, 0x0d, 0x00, 0x00,
  0xa8, 0x0c, 0x00, 0x00, 0xb4, 0x0b, 0x00, 0x00, 0x20, 0x0b, 0x00, 0x00,
  0x8c, 0x0a, 0x00, 0x00, 0x98, 0x09, 0x00, 0x00, 0x04, 0x09, 0x00, 0x00,
  0x70, 0x08, 0x00, 0x00, 0x7c, 0x07, 0x00, 0x00, 0xe8, 0x06, 0x00, 0x00,
  0x54, 0x06, 0x00, 0x00, 0x60, 0x05, 0x00, 0x00, 0xcc, 0x04, 0x00, 0x00,
  0x38, 0x04, 0x00, 0x00, 0x44, 0x03, 0x00, 0x00, 0xb0, 0x02, 0x00, 0x00,
  0x1c, 0x02, 0x00, 0x00, 0x90, 0x01, 0x00, 0x00, 0x0c, 0x01, 0x00, 0x00,
  0x70, 0x00, 0x00, 0x00, 0x04, 0x00, 0x00, 0x00, 0xd2, 0xd8, 0xff, 0xff,
  0x00, 0x00, 0x00, 0x01, 0x14, 0x00, 0x00, 0x00, 0x30, 0x00, 0x00, 0x00,
  0x32, 0x00, 0x00, 0x00, 0x00, 0x00, 0x00, 0x09, 0x44, 0x00, 0x00, 0x00,
  0xbc, 0xd8, 0xff, 0xff, 0x08, 0x00, 0x00, 0x00, 0x10, 0x00, 0x00, 0x00,
  0x01, 0x00, 0x00, 0x00, 0x80, 0xff, 0xff, 0xff, 0xff, 0xff, 0xff, 0xff,
  0x01, 0x00, 0x00, 0x00, 0x00, 0x00, 0x80, 0x3b, 0x1b, 0x00, 0x00, 0x00,
  0x53, 0x74, 0x61, 0x74, 0x65, 0x66, 0x75, 0x6c, 0x50, 0x61, 0x72, 0x74,
  0x69, 0x74, 0x69, 0x6f, 0x6e, 0x65, 0x64, 0x43, 0x61, 0x6c, 0x6c, 0x5f,
  0x31, 0x3a, 0x30, 0x00, 0x02, 0x00, 0x00, 0x00, 0x01, 0x00, 0x00, 0x00,
  0x07, 0x00, 0x00, 0x00, 0x3a, 0xd9, 0xff, 0xff, 0x00, 0x00, 0x00, 0x01,
  0x14, 0x00, 0x00, 0x00, 0x34, 0x00, 0x00, 0x00, 0x31, 0x00, 0x00, 0x00,
  0x00, 0x00, 0x00, 0x09, 0x74, 0x00, 0x00, 0x00, 0x24, 0xd9, 0xff, 0xff,
  0x08, 0x00, 0x00, 0x00, 0x14, 0x00, 0x00, 0x00, 0x01, 0x00, 0x00, 0x00,
  0xde, 0xff, 0xff, 0xff, 0xff, 0xff, 0xff, 0xff, 0x00, 0x00, 0x00, 0x00,
  0x01, 0x00, 0x00, 0x00, 0x0e, 0xf0, 0xf1, 0x3c, 0x44, 0x00, 0x00, 0x00,
  0x73, 0x65, 0x71, 0x75, 0x65, 0x6e, 0x74, 0x69, 0x61, 0x6c, 0x5f, 0x34,
  0x33, 0x5f, 0x31, 0x2f, 0x64, 0x65, 0x6e, 0x73, 0x65, 0x5f, 0x34, 0x33,
  0x5f, 0x31, 0x2f, 0x4d, 0x61, 0x74, 0x4d, 0x75, 0x6c, 0x3b, 0x73, 0x65,
  0x71, 0x75, 0x65, 0x6e, 0x74, 0x69, 0x61, 0x6c, 0x5f, 0x34, 0x33, 0x5f,
  0x31, 0x2f, 0x64, 0x65, 0x6e, 0x73, 0x65, 0x5f, 0x34, 0x33, 0x5f, 0x31,
  0x2f, 0x42, 0x69, 0x61, 0x73, 0x41, 0x64, 0x64, 0x00, 0x00, 0x00, 0x00,
  0x02, 0x00, 0x00, 0x00, 0x01, 0x00, 0x00, 0x00, 0x07, 0x00, 0x00, 0x00,
  0xd2, 0xd9, 0xff, 0xff, 0x00, 0x00, 0x00, 0x01, 0x14, 0x00, 0x00, 0x00,
  0x30, 0x00, 0x00, 0x00, 0x30, 0x00, 0x00, 0x00, 0x00, 0x00, 0x00, 0x09,
  0x5c, 0x00, 0x00, 0x00, 0xbc, 0xd9, 0xff, 0xff, 0x08, 0x00, 0x00, 0x00,
  0x10, 0x00, 0x00, 0x00, 0x01, 0x00, 0x00, 0x00, 0xba, 0xff, 0xff, 0xff,
  0xff, 0xff, 0xff, 0xff, 0x01, 0x00, 0x00, 0x00, 0x57, 0x39, 0x06, 0x3c,
  0x32, 0x00, 0x00, 0x00, 0x73, 0x65, 0x71, 0x75, 0x65, 0x6e, 0x74, 0x69,
  0x61, 0x6c, 0x5f, 0x34, 0x33, 0x5f, 0x31, 0x2f, 0x67, 0x6c, 0x6f, 0x62,
  0x61, 0x6c, 0x5f, 0x61, 0x76, 0x65, 0x72, 0x61, 0x67, 0x65, 0x5f, 0x70,
  0x6f, 0x6f, 0x6c, 0x69, 0x6e, 0x67, 0x32, 0x64, 0x5f, 0x34, 0x33, 0x5f,
  0x31, 0x2f, 0x4d, 0x65, 0x61, 0x6e, 0x00, 0x00, 0x02, 0x00, 0x00, 0x00,
  0x01, 0x00, 0x00, 0x00, 0x10, 0x00, 0x00, 0x00, 0x52, 0xda, 0xff, 0xff,
  0x00, 0x00, 0x00, 0x01, 0x14, 0x00, 0x00, 0x00, 0x34, 0x00, 0x00, 0x00,
  0x2f, 0x00, 0x00, 0x00, 0x00, 0x00, 0x00, 0x09, 0x5c, 0x00, 0x00, 0x00,
  0x3c, 0xda, 0xff, 0xff, 0x08, 0x00, 0x00, 0x00, 0x14, 0x00, 0x00, 0x00,
  0x01, 0x00, 0x00, 0x00, 0xb6, 0xff, 0xff, 0xff, 0xff, 0xff, 0xff, 0xff,
  0x00, 0x00, 0x00, 0x00, 0x01, 0x00, 0x00, 0x00, 0x8f, 0x30, 0xa5, 0x3c,
  0x2c, 0x00, 0x00, 0x00, 0x73, 0x65, 0x71, 0x75, 0x65, 0x6e, 0x74, 0x69,
  0x61, 0x6c, 0x5f, 0x34, 0x33, 0x5f, 0x31, 0x2f, 0x6d, 0x61, 0x78, 0x5f,
  0x70, 0x6f, 0x6f, 0x6c, 0x69, 0x6e, 0x67, 0x32, 0x64, 0x5f, 0x33, 0x33,
  0x5f, 0x31, 0x2f, 0x4d, 0x61, 0x78, 0x50, 0x6f, 0x6f, 0x6c, 0x32, 0x64,
  0x00, 0x00, 0x00, 0x00, 0x04, 0x00, 0x00, 0x00, 0x01, 0x00, 0x00, 0x00,
  0x07, 0x00, 0x00, 0x00, 0x01, 0x00, 0x00, 0x00, 0x10, 0x00, 0x00, 0x00,
  0xda, 0xda, 0xff, 0xff, 0x00, 0x00, 0x00, 0x01, 0x14, 0x00, 0x00, 0x00,
  0x30, 0x00, 0x00, 0x00, 0x2e, 0x00, 0x00, 0x00, 0x00, 0x00, 0x00, 0x09,
  0x64, 0x00, 0x00, 0x00, 0xc4, 0xda, 0xff, 0xff, 0x08, 0x00, 0x00, 0x00,
  0x10, 0x00, 0x00, 0x00, 0x01, 0x00, 0x00, 0x00, 0xb6, 0xff, 0xff, 0xff,
  0xff, 0xff, 0xff, 0xff, 0x01, 0x00, 0x00, 0x00, 0x8f, 0x30, 0xa5, 0x3c,
  0x38, 0x00, 0x00, 0x00, 0x73, 0x65, 0x71, 0x75, 0x65, 0x6e, 0x74, 0x69,
  0x61, 0x6c, 0x5f, 0x34, 0x33, 0x5f, 0x31, 0x2f, 0x62, 0x61, 0x74, 0x63,
  0x68, 0x5f, 0x6e, 0x6f, 0x72, 0x6d, 0x61, 0x6c, 0x69, 0x7a, 0x61, 0x74,
  0x69, 0x6f, 0x6e, 0x5f, 0x37, 0x31, 0x5f, 0x31, 0x2f, 0x62, 0x61, 0x74,
  0x63, 0x68, 0x6e, 0x6f, 0x72, 0x6d, 0x2f, 0x61, 0x64, 0x64, 0x5f, 0x31,
  0x00, 0x00, 0x00, 0x00, 0x04, 0x00, 0x00, 0x00, 0x01, 0x00, 0x00, 0x00,
  0x0f, 0x00, 0x00, 0x00, 0x01, 0x00, 0x00, 0x00, 0x10, 0x00, 0x00, 0x00,
  0x6a, 0xdb, 0xff, 0xff, 0x00, 0x00, 0x00, 0x01, 0x14, 0x00, 0x00, 0x00,
  0x30, 0x00, 0x00, 0x00, 0x2d, 0x00, 0x00, 0x00, 0x00, 0x00, 0x00, 0x09,
  0x64, 0x00, 0x00, 0x00, 0x54, 0xdb, 0xff, 0xff, 0x08, 0x00, 0x00, 0x00,
  0x10, 0x00, 0x00, 0x00, 0x01, 0x00, 0x00, 0x00, 0xaf, 0xff, 0xff, 0xff,
  0xff, 0xff, 0xff, 0xff, 0x01, 0x00, 0x00, 0x00, 0xae, 0x11, 0xbf, 0x3c,
  0x38, 0x00, 0x00, 0x00, 0x73, 0x65, 0x71, 0x75, 0x65, 0x6e, 0x74, 0x69,
  0x61, 0x6c, 0x5f, 0x34, 0x33, 0x5f, 0x31, 0x2f, 0x62, 0x61, 0x74, 0x63,
  0x68, 0x5f, 0x6e, 0x6f, 0x72, 0x6d, 0x61, 0x6c, 0x69, 0x7a, 0x61, 0x74,
  0x69, 0x6f, 0x6e, 0x5f, 0x37, 0x31, 0x5f, 0x31, 0x2f, 0x62, 0x61, 0x74,
  0x63, 0x68, 0x6e, 0x6f, 0x72, 0x6d, 0x2f, 0x6d, 0x75, 0x6c, 0x5f, 0x31,
  0x00, 0x00, 0x00, 0x00, 0x04, 0x00, 0x00, 0x00, 0x01, 0x00, 0x00, 0x00,
  0x0f, 0x00, 0x00, 0x00, 0x01, 0x00, 0x00, 0x00, 0x10, 0x00, 0x00, 0x00,
  0xfa, 0xdb, 0xff, 0xff, 0x00, 0x00, 0x00, 0x01, 0x14, 0x00, 0x00, 0x00,
  0x34, 0x00, 0x00, 0x00, 0x2c, 0x00, 0x00, 0x00, 0x00, 0x00, 0x00, 0x09,
  0xc4, 0x00, 0x00, 0x00, 0xe4, 0xdb, 0xff, 0xff, 0x08, 0x00, 0x00, 0x00,
  0x14, 0x00, 0x00, 0x00, 0x01, 0x00, 0x00, 0x00, 0x80, 0xff, 0xff, 0xff,
  0xff, 0xff, 0xff, 0xff, 0x00, 0x00, 0x00, 0x00, 0x01, 0x00, 0x00, 0x00,
  0x1a, 0x1f, 0x9c, 0x3c, 0x95, 0x00, 0x00, 0x00, 0x73, 0x65, 0x71, 0x75,
  0x65, 0x6e, 0x74, 0x69, 0x61, 0x6c, 0x5f, 0x34, 0x33, 0x5f, 0x31, 0x2f,
  0x63, 0x6f, 0x6e, 0x76, 0x32, 0x64, 0x5f, 0x31, 0x34, 0x33, 0x5f, 0x31,
  0x2f, 0x52, 0x65, 0x6c, 0x75, 0x3b, 0x73, 0x65, 0x71, 0x75, 0x65, 0x6e,
  0x74, 0x69, 0x61, 0x6c, 0x5f, 0x34, 0x33, 0x5f, 0x31, 0x2f, 0x63, 0x6f,
  0x6e, 0x76, 0x32, 0x64, 0x5f, 0x31, 0x34, 0x33, 0x5f, 0x31, 0x2f, 0x42,
  0x69, 0x61, 0x73, 0x41, 0x64, 0x64, 0x3b, 0x73, 0x65, 0x71, 0x75, 0x65,
  0x6e, 0x74, 0x69, 0x61, 0x6c, 0x5f, 0x34, 0x33, 0x5f, 0x31, 0x2f, 0x63,
  0x6f, 0x6e, 0x76, 0x32, 0x64, 0x5f, 0x31, 0x34, 0x33, 0x5f, 0x31, 0x2f,
  0x63, 0x6f, 0x6e, 0x76, 0x6f, 0x6c, 0x75, 0x74, 0x69, 0x6f, 0x6e, 0x3b,
  0x73, 0x65, 0x71, 0x75, 0x65, 0x6e, 0x74, 0x69, 0x61, 0x6c, 0x5f, 0x34,
  0x33, 0x5f, 0x31, 0x2f, 0x63, 0x6f, 0x6e, 0x76, 0x32, 0x64, 0x5f, 0x31,
  0x34, 0x33, 0x5f, 0x31, 0x2f, 0x53, 0x71, 0x75, 0x65, 0x65, 0x7a, 0x65,
  0x31, 0x00, 0x00, 0x00, 0x04, 0x00, 0x00, 0x00, 0x01, 0x00, 0x00, 0x00,
  0x0f, 0x00, 0x00, 0x00, 0x01, 0x00, 0x00, 0x00, 0x10, 0x00, 0x00, 0x00,
  0xea, 0xdc, 0xff, 0xff, 0x00, 0x00, 0x00, 0x01, 0x14, 0x00, 0x00, 0x00,
  0x30, 0x00, 0x00, 0x00, 0x2b, 0x00, 0x00, 0x00, 0x00, 0x00, 0x00, 0x09,
  0x64, 0x00, 0x00, 0x00, 0xd4, 0xdc, 0xff, 0xff, 0x08, 0x00, 0x00, 0x00,
  0x10, 0x00, 0x00, 0x00, 0x01, 0x00, 0x00, 0x00, 0xbd, 0xff, 0xff, 0xff,
  0xff, 0xff, 0xff, 0xff, 0x01, 0x00, 0x00, 0x00, 0x03, 0x5b, 0xa6, 0x3c,
  0x38, 0x00, 0x00, 0x00, 0x73, 0x65, 0x71, 0x75, 0x65, 0x6e, 0x74, 0x69,
  0x61, 0x6c, 0x5f, 0x34, 0x33, 0x5f, 0x31, 0x2f, 0x62, 0x61, 0x74, 0x63,
  0x68, 0x5f, 0x6e, 0x6f, 0x72, 0x6d, 0x61, 0x6c, 0x69, 0x7a, 0x61, 0x74,
  0x69, 0x6f, 0x6e, 0x5f, 0x37, 0x30, 0x5f, 0x31, 0x2f, 0x62, 0x61, 0x74,
  0x63, 0x68, 0x6e, 0x6f, 0x72, 0x6d, 0x2f, 0x61, 0x64, 0x64, 0x5f, 0x31,
  0x00, 0x00, 0x00, 0x00, 0x04, 0x00, 0x00, 0x00, 0x01, 0x00, 0x00, 0x00,
  0x0f, 0x00, 0x00, 0x00, 0x01, 0x00, 0x00, 0x00, 0x10, 0x00, 0x00, 0x00,
  0x7a, 0xdd, 0xff, 0xff, 0x00, 0x00, 0x00, 0x01, 0x14, 0x00, 0x00, 0x00,
  0x30, 0x00, 0x00, 0x00, 0x2a, 0x00, 0x00, 0x00, 0x00, 0x00, 0x00, 0x09,
  0x64, 0x00, 0x00, 0x00, 0x64, 0xdd, 0xff, 0xff, 0x08, 0x00, 0x00, 0x00,
  0x10, 0x00, 0x00, 0x00, 0x01, 0x00, 0x00, 0x00, 0xb2, 0xff, 0xff, 0xff,
  0xff, 0xff, 0xff, 0xff, 0x01, 0x00, 0x00, 0x00, 0x16, 0x70, 0xce, 0x3c,
  0x38, 0x00, 0x00, 0x00, 0x73, 0x65, 0x71, 0x75, 0x65, 0x6e, 0x74, 0x69,
  0x61, 0x6c, 0x5f, 0x34, 0x33, 0x5f, 0x31, 0x2f, 0x62, 0x61, 0x74, 0x63,
  0x68, 0x5f, 0x6e, 0x6f, 0x72, 0x6d, 0x61, 0x6c, 0x69, 0x7a, 0x61, 0x74,
  0x69, 0x6f, 0x6e, 0x5f, 0x37, 0x30, 0x5f, 0x31, 0x2f, 0x62, 0x61, 0x74,
  0x63, 0x68, 0x6e, 0x6f, 0x72, 0x6d, 0x2f, 0x6d, 0x75, 0x6c, 0x5f, 0x31,
  0x00, 0x00, 0x00, 0x00, 0x04, 0x00, 0x00, 0x00, 0x01, 0x00, 0x00, 0x00,
  0x0f, 0x00, 0x00, 0x00, 0x01, 0x00, 0x00, 0x00, 0x10, 0x00, 0x00, 0x00,
  0x0a, 0xde, 0xff, 0xff, 0x00, 0x00, 0x00, 0x01, 0x14, 0x00, 0x00, 0x00,
  0x34, 0x00, 0x00, 0x00, 0x29, 0x00, 0x00, 0x00, 0x00, 0x00, 0x00, 0x09,
  0xc4, 0x00, 0x00, 0x00, 0xf4, 0xdd, 0xff, 0xff, 0x08, 0x00, 0x00, 0x00,
  0x14, 0x00, 0x00, 0x00, 0x01, 0x00, 0x00, 0x00, 0x80, 0xff, 0xff, 0xff,
  0xff, 0xff, 0xff, 0xff, 0x00, 0x00, 0x00, 0x00, 0x01, 0x00, 0x00, 0x00,
  0x03, 0x5b, 0xa6, 0x3c, 0x95, 0x00, 0x00, 0x00, 0x73, 0x65, 0x71, 0x75,
  0x65, 0x6e, 0x74, 0x69, 0x61, 0x6c, 0x5f, 0x34, 0x33, 0x5f, 0x31, 0x2f,
  0x63, 0x6f, 0x6e, 0x76, 0x32, 0x64, 0x5f, 0x31, 0x34, 0x32, 0x5f, 0x31,
  0x2f, 0x52, 0x65, 0x6c, 0x75, 0x3b, 0x73, 0x65, 0x71, 0x75, 0x65, 0x6e,
  0x74, 0x69, 0x61, 0x6c, 0x5f, 0x34, 0x33, 0x5f, 0x31, 0x2f, 0x63, 0x6f,
  0x6e, 0x76, 0x32, 0x64, 0x5f, 0x31, 0x34, 0x32, 0x5f, 0x31, 0x2f, 0x42,
  0x69, 0x61, 0x73, 0x41, 0x64, 0x64, 0x3b, 0x73, 0x65, 0x71, 0x75, 0x65,
  0x6e, 0x74, 0x69, 0x61, 0x6c, 0x5f, 0x34, 0x33, 0x5f, 0x31, 0x2f, 0x63,
  0x6f, 0x6e, 0x76, 0x32, 0x64, 0x5f, 0x31, 0x34, 0x32, 0x5f, 0x31, 0x2f,
  0x63, 0x6f, 0x6e, 0x76, 0x6f, 0x6c, 0x75, 0x74, 0x69, 0x6f, 0x6e, 0x3b,
  0x73, 0x65, 0x71, 0x75, 0x65, 0x6e, 0x74, 0x69, 0x61, 0x6c, 0x5f, 0x34,
  0x33, 0x5f, 0x31, 0x2f, 0x63, 0x6f, 0x6e, 0x76, 0x32, 0x64, 0x5f, 0x31,
  0x34, 0x32, 0x5f, 0x31, 0x2f, 0x53, 0x71, 0x75, 0x65, 0x65, 0x7a, 0x65,
  0x31, 0x00, 0x00, 0x00, 0x04, 0x00, 0x00, 0x00, 0x01, 0x00, 0x00, 0x00,
  0x0f, 0x00, 0x00, 0x00, 0x01, 0x00, 0x00, 0x00, 0x10, 0x00, 0x00, 0x00,
  0xfa, 0xde, 0xff, 0xff, 0x00, 0x00, 0x00, 0x01, 0x14, 0x00, 0x00, 0x00,
  0x30, 0x00, 0x00, 0x00, 0x28, 0x00, 0x00, 0x00, 0x00, 0x00, 0x00, 0x09,
  0x64, 0x00, 0x00, 0x00, 0xe4, 0xde, 0xff, 0xff, 0x08, 0x00, 0x00, 0x00,
  0x10, 0x00, 0x00, 0x00, 0x01, 0x00, 0x00, 0x00, 0xb8, 0xff, 0xff, 0xff,
  0xff, 0xff, 0xff, 0xff, 0x01, 0x00, 0x00, 0x00, 0x69, 0x8d, 0x8c, 0x3c,
  0x38, 0x00, 0x00, 0x00, 0x73, 0x65, 0x71, 0x75, 0x65, 0x6e, 0x74, 0x69,
  0x61, 0x6c, 0x5f, 0x34, 0x33, 0x5f, 0x31, 0x2f, 0x62, 0x61, 0x74, 0x63,
  0x68, 0x5f, 0x6e, 0x6f, 0x72, 0x6d, 0x61, 0x6c, 0x69, 0x7a, 0x61, 0x74,
  0x69, 0x6f, 0x6e, 0x5f, 0x36, 0x39, 0x5f, 0x31, 0x2f, 0x62, 0x61, 0x74,
  0x63, 0x68, 0x6e, 0x6f, 0x72, 0x6d, 0x2f, 0x61, 0x64, 0x64, 0x5f, 0x31,
  0x00, 0x00, 0x00, 0x00, 0x04, 0x00, 0x00, 0x00, 0x01, 0x00, 0x00, 0x00,
  0x0f, 0x00, 0x00, 0x00, 0x01, 0x00, 0x00, 0x00, 0x10, 0x00, 0x00, 0x00,
  0x8a, 0xdf, 0xff, 0xff, 0x00, 0x00, 0x00, 0x01, 0x14, 0x00, 0x00, 0x00,
  0x30, 0x00, 0x00, 0x00, 0x27, 0x00, 0x00, 0x00, 0x00, 0x00, 0x00, 0x09,
  0x64, 0x00, 0x00, 0x00, 0x74, 0xdf, 0xff, 0xff, 0x08, 0x00, 0x00, 0x00,
  0x10, 0x00, 0x00, 0x00, 0x01, 0x00, 0x00, 0x00, 0xaf, 0xff, 0xff, 0xff,
  0xff, 0xff, 0xff, 0xff, 0x01, 0x00, 0x00, 0x00, 0x48, 0xf9, 0xa9, 0x3c,
  0x38, 0x00, 0x00, 0x00, 0x73, 0x65, 0x71, 0x75, 0x65, 0x6e, 0x74, 0x69,
  0x61, 0x6c, 0x5f, 0x34, 0x33, 0x5f, 0x31, 0x2f, 0x62, 0x61, 0x74, 0x63,
  0x68, 0x5f, 0x6e, 0x6f, 0x72, 0x6d, 0x61, 0x6c, 0x69, 0x7a, 0x61, 0x74,
  0x69, 0x6f, 0x6e, 0x5f, 0x36, 0x39, 0x5f, 0x31, 0x2f, 0x62, 0x61, 0x74,
  0x63, 0x68, 0x6e, 0x6f, 0x72, 0x6d, 0x2f, 0x6d, 0x75, 0x6c, 0x5f, 0x31,
  0x00, 0x00, 0x00, 0x00, 0x04, 0x00, 0x00, 0x00, 0x01, 0x00, 0x00, 0x00,
  0x0f, 0x00, 0x00, 0x00, 0x01, 0x00, 0x00, 0x00, 0x10, 0x00, 0x00, 0x00,
  0x1a, 0xe0, 0xff, 0xff, 0x00, 0x00, 0x00, 0x01, 0x14, 0x00, 0x00, 0x00,
  0x34, 0x00, 0x00, 0x00, 0x26, 0x00, 0x00, 0x00, 0x00, 0x00, 0x00, 0x09,
  0xc4, 0x00, 0x00, 0x00, 0x04, 0xe0, 0xff, 0xff, 0x08, 0x00, 0x00, 0x00,
  0x14, 0x00, 0x00, 0x00, 0x01, 0x00, 0x00, 0x00, 0x80, 0xff, 0xff, 0xff,
  0xff, 0xff, 0xff, 0xff, 0x00, 0x00, 0x00, 0x00, 0x01, 0x00, 0x00, 0x00,
  0xdf, 0xd8, 0x8a, 0x3c, 0x95, 0x00, 0x00, 0x00, 0x73, 0x65, 0x71, 0x75,
  0x65, 0x6e, 0x74, 0x69, 0x61, 0x6c, 0x5f, 0x34, 0x33, 0x5f, 0x31, 0x2f,
  0x63, 0x6f, 0x6e, 0x76, 0x32, 0x64, 0x5f, 0x31, 0x34, 0x31, 0x5f, 0x31,
  0x2f, 0x52, 0x65, 0x6c, 0x75, 0x3b, 0x73, 0x65, 0x71, 0x75, 0x65, 0x6e,
  0x74, 0x69, 0x61, 0x6c, 0x5f, 0x34, 0x33, 0x5f, 0x31, 0x2f, 0x63, 0x6f,
  0x6e, 0x76, 0x32, 0x64, 0x5f, 0x31, 0x34, 0x31, 0x5f, 0x31, 0x2f, 0x42,
  0x69, 0x61, 0x73, 0x41, 0x64, 0x64, 0x3b, 0x73, 0x65, 0x71, 0x75, 0x65,
  0x6e, 0x74, 0x69, 0x61, 0x6c, 0x5f, 0x34, 0x33, 0x5f, 0x31, 0x2f, 0x63,
  0x6f, 0x6e, 0x76, 0x32, 0x64, 0x5f, 0x31, 0x34, 0x31, 0x5f, 0x31, 0x2f,
  0x63, 0x6f, 0x6e, 0x76, 0x6f, 0x6c, 0x75, 0x74, 0x69, 0x6f, 0x6e, 0x3b,
  0x73, 0x65, 0x71, 0x75, 0x65, 0x6e, 0x74, 0x69, 0x61, 0x6c, 0x5f, 0x34,
  0x33, 0x5f, 0x31, 0x2f, 0x63, 0x6f, 0x6e, 0x76, 0x32, 0x64, 0x5f, 0x31,
  0x34, 0x31, 0x5f, 0x31, 0x2f, 0x53, 0x71, 0x75, 0x65, 0x65, 0x7a, 0x65,
  0x31, 0x00, 0x00, 0x00, 0x04, 0x00, 0x00, 0x00, 0x01, 0x00, 0x00, 0x00,
  0x0f, 0x00, 0x00, 0x00, 0x01, 0x00, 0x00, 0x00, 0x10, 0x00, 0x00, 0x00,
  0x0a, 0xe1, 0xff, 0xff, 0x00, 0x00, 0x00, 0x01, 0x14, 0x00, 0x00, 0x00,
  0x30, 0x00, 0x00, 0x00, 0x25, 0x00, 0x00, 0x00, 0x00, 0x00, 0x00, 0x09,
  0x64, 0x00, 0x00, 0x00, 0xf4, 0xe0, 0xff, 0xff, 0x08, 0x00, 0x00, 0x00,
  0x10, 0x00, 0x00, 0x00, 0x01, 0x00, 0x00, 0x00, 0xb7, 0xff, 0xff, 0xff,
  0xff, 0xff, 0xff, 0xff, 0x01, 0x00, 0x00, 0x00, 0x0f, 0x7f, 0x82, 0x3c,
  0x38, 0x00, 0x00, 0x00, 0x73, 0x65, 0x71, 0x75, 0x65, 0x6e, 0x74, 0x69,
  0x61, 0x6c, 0x5f, 0x34, 0x33, 0x5f, 0x31, 0x2f, 0x62, 0x61, 0x74, 0x63,
  0x68, 0x5f, 0x6e, 0x6f, 0x72, 0x6d, 0x61, 0x6c, 0x69, 0x7a, 0x61, 0x74,
  0x69, 0x6f, 0x6e, 0x5f, 0x36, 0x38, 0x5f, 0x31, 0x2f, 0x62, 0x61, 0x74,
  0x63, 0x68, 0x6e, 0x6f, 0x72, 0x6d, 0x2f, 0x61, 0x64, 0x64, 0x5f, 0x31,
  0x00, 0x00, 0x00, 0x00, 0x04, 0x00, 0x00, 0x00, 0x01, 0x00, 0x00, 0x00,
  0x0f, 0x00, 0x00, 0x00, 0x01, 0x00, 0x00, 0x00, 0x10, 0x00, 0x00, 0x00,
  0x9a, 0xe1, 0xff, 0xff, 0x00, 0x00, 0x00, 0x01, 0x14, 0x00, 0x00, 0x00,
  0x30, 0x00, 0x00, 0x00, 0x24, 0x00, 0x00, 0x00, 0x00, 0x00, 0x00, 0x09,
  0x64, 0x00, 0x00, 0x00, 0x84, 0xe1, 0xff, 0xff, 0x08, 0x00, 0x00, 0x00,
  0x10, 0x00, 0x00, 0x00, 0x01, 0x00, 0x00, 0x00, 0xaf, 0xff, 0xff, 0xff,
  0xff, 0xff, 0xff, 0xff, 0x01, 0x00, 0x00, 0x00, 0x82, 0x4f, 0x99, 0x3c,
  0x38, 0x00, 0x00, 0x00, 0x73, 0x65, 0x71, 0x75, 0x65, 0x6e, 0x74, 0x69,
  0x61, 0x6c, 0x5f, 0x34, 0x33, 0x5f, 0x31, 0x2f, 0x62, 0x61, 0x74, 0x63,
  0x68, 0x5f, 0x6e, 0x6f, 0x72, 0x6d, 0x61, 0x6c, 0x69, 0x7a, 0x61, 0x74,
  0x69, 0x6f, 0x6e, 0x5f, 0x36, 0x38, 0x5f, 0x31, 0x2f, 0x62, 0x61, 0x74,
  0x63, 0x68, 0x6e, 0x6f, 0x72, 0x6d, 0x2f, 0x6d, 0x75, 0x6c, 0x5f, 0x31,
  0x00, 0x00, 0x00, 0x00, 0x04, 0x00, 0x00, 0x00, 0x01, 0x00, 0x00, 0x00,
  0x0f, 0x00, 0x00, 0x00, 0x01, 0x00, 0x00, 0x00, 0x10, 0x00, 0x00, 0x00,
  0x2a, 0xe2, 0xff, 0xff, 0x00, 0x00, 0x00, 0x01, 0x14, 0x00, 0x00, 0x00,
  0x34, 0x00, 0x00, 0x00, 0x23, 0x00, 0x00, 0x00, 0x00, 0x00, 0x00, 0x09,
  0xc4, 0x00, 0x00, 0x00, 0x14, 0xe2, 0xff, 0xff, 0x08, 0x00, 0x00, 0x00,
  0x14, 0x00, 0x00, 0x00, 0x01, 0x00, 0x00, 0x00, 0x80, 0xff, 0xff, 0xff,
  0xff, 0xff, 0xff, 0xff, 0x00, 0x00, 0x00, 0x00, 0x01, 0x00, 0x00, 0x00,
  0xc7, 0x53, 0x7a, 0x3c, 0x95, 0x00, 0x00, 0x00, 0x73, 0x65, 0x71, 0x75,
  0x65, 0x6e, 0x74, 0x69, 0x61, 0x6c, 0x5f, 0x34, 0x33, 0x5f, 0x31, 0x2f,
  0x63, 0x6f, 0x6e, 0x76, 0x32, 0x64, 0x5f, 0x31, 0x34, 0x30, 0x5f, 0x31,
  0x2f, 0x52, 0x65, 0x6c, 0x75, 0x3b, 0x73, 0x65, 0x71, 0x75, 0x65, 0x6e,
  0x74, 0x69, 0x61, 0x6c, 0x5f, 0x34, 0x33, 0x5f, 0x31, 0x2f, 0x63, 0x6f,
  0x6e, 0x76, 0x32, 0x64, 0x5f, 0x31, 0x34, 0x30, 0x5f, 0x31, 0x2f, 0x42,
  0x69, 0x61, 0x73, 0x41, 0x64, 0x64, 0x3b, 0x73, 0x65, 0x71, 0x75, 0x65,
  0x6e, 0x74, 0x69, 0x61, 0x6c, 0x5f, 0x34, 0x33, 0x5f, 0x31, 0x2f, 0x63,
  0x6f, 0x6e, 0x76, 0x32, 0x64, 0x5f, 0x31, 0x34, 0x30, 0x5f, 0x31, 0x2f,
  0x63, 0x6f, 0x6e, 0x76, 0x6f, 0x6c, 0x75, 0x74, 0x69, 0x6f, 0x6e, 0x3b,
  0x73, 0x65, 0x71, 0x75, 0x65, 0x6e, 0x74, 0x69, 0x61, 0x6c, 0x5f, 0x34,
  0x33, 0x5f, 0x31, 0x2f, 0x63, 0x6f, 0x6e, 0x76, 0x32, 0x64, 0x5f, 0x31,
  0x34, 0x30, 0x5f, 0x31, 0x2f, 0x53, 0x71, 0x75, 0x65, 0x65, 0x7a, 0x65,
  0x31, 0x00, 0x00, 0x00, 0x04, 0x00, 0x00, 0x00, 0x01, 0x00, 0x00, 0x00,
  0x0f, 0x00, 0x00, 0x00, 0x01, 0x00, 0x00, 0x00, 0x10, 0x00, 0x00, 0x00,
  0x1a, 0xe3, 0xff, 0xff, 0x00, 0x00, 0x00, 0x01, 0x14, 0x00, 0x00, 0x00,
  0x30, 0x00, 0x00, 0x00, 0x22, 0x00, 0x00, 0x00, 0x00, 0x00, 0x00, 0x09,
  0x64, 0x00, 0x00, 0x00, 0x04, 0xe3, 0xff, 0xff, 0x08, 0x00, 0x00, 0x00,
  0x10, 0x00, 0x00, 0x00, 0x01, 0x00, 0x00, 0x00, 0xb9, 0xff, 0xff, 0xff,
  0xff, 0xff, 0xff, 0xff, 0x01, 0x00, 0x00, 0x00, 0x2c, 0x89, 0x8a, 0x3c,
  0x38, 0x00, 0x00, 0x00, 0x73, 0x65, 0x71, 0x75, 0x65, 0x6e, 0x74, 0x69,
  0x61, 0x6c, 0x5f, 0x34, 0x33, 0x5f, 0x31, 0x2f, 0x62, 0x61, 0x74, 0x63,
  0x68, 0x5f, 0x6e, 0x6f, 0x72, 0x6d, 0x61, 0x6c, 0x69, 0x7a, 0x61, 0x74,
  0x69, 0x6f, 0x6e, 0x5f, 0x36, 0x37, 0x5f, 0x31, 0x2f, 0x62, 0x61, 0x74,
  0x63, 0x68, 0x6e, 0x6f, 0x72, 0x6d, 0x2f, 0x61, 0x64, 0x64, 0x5f, 0x31,
  0x00, 0x00, 0x00, 0x00, 0x04, 0x00, 0x00, 0x00, 0x01, 0x00, 0x00, 0x00,
  0x0f, 0x00, 0x00, 0x00, 0x01, 0x00, 0x00, 0x00, 0x10, 0x00, 0x00, 0x00,
  0xaa, 0xe3, 0xff, 0xff, 0x00, 0x00, 0x00, 0x01, 0x14, 0x00, 0x00, 0x00,
  0x30, 0x00, 0x00, 0x00, 0x21, 0x00, 0x00, 0x00, 0x00, 0x00, 0x00, 0x09,
  0x64, 0x00, 0x00, 0x00, 0x94, 0xe3, 0xff, 0xff, 0x08, 0x00, 0x00, 0x00,
  0x10, 0x00, 0x00, 0x00, 0x01, 0x00, 0x00, 0x00, 0xaf, 0xff, 0xff, 0xff,
  0xff, 0xff, 0xff, 0xff, 0x01, 0x00, 0x00, 0x00, 0x40, 0x91, 0xa9, 0x3c,
  0x38, 0x00, 0x00, 0x00, 0x73, 0x65, 0x71, 0x75, 0x65, 0x6e, 0x74, 0x69,
  0x61, 0x6c, 0x5f, 0x34, 0x33, 0x5f, 0x31, 0x2f, 0x62, 0x61, 0x74, 0x63,
  0x68, 0x5f, 0x6e, 0x6f, 0x72, 0x6d, 0x61, 0x6c, 0x69, 0x7a, 0x61, 0x74,
  0x69, 0x6f, 0x6e, 0x5f, 0x36, 0x37, 0x5f, 0x31, 0x2f, 0x62, 0x61, 0x74,
  0x63, 0x68, 0x6e, 0x6f, 0x72, 0x6d, 0x2f, 0x6d, 0x75, 0x6c, 0x5f, 0x31,
  0x00, 0x00, 0x00, 0x00, 0x04, 0x00, 0x00, 0x00, 0x01, 0x00, 0x00, 0x00,
  0x0f, 0x00, 0x00, 0x00, 0x01, 0x00, 0x00, 0x00, 0x10, 0x00, 0x00, 0x00,
  0x3a, 0xe4, 0xff, 0xff, 0x00, 0x00, 0x00, 0x01, 0x14, 0x00, 0x00, 0x00,
  0x34, 0x00, 0x00, 0x00, 0x20, 0x00, 0x00, 0x00, 0x00, 0x00, 0x00, 0x09,
  0xc4, 0x00, 0x00, 0x00, 0x24, 0xe4, 0xff, 0xff, 0x08, 0x00, 0x00, 0x00,
  0x14, 0x00, 0x00, 0x00, 0x01, 0x00, 0x00, 0x00, 0x80, 0xff, 0xff, 0xff,
  0xff, 0xff, 0xff, 0xff, 0x00, 0x00, 0x00, 0x00, 0x01, 0x00, 0x00, 0x00,
  0x2c, 0x89, 0x8a, 0x3c, 0x95, 0x00, 0x00, 0x00, 0x73, 0x65, 0x71, 0x75,
  0x65, 0x6e, 0x74, 0x69, 0x61, 0x6c, 0x5f, 0x34, 0x33, 0x5f, 0x31, 0x2f,
  0x63, 0x6f, 0x6e, 0x76, 0x32, 0x64, 0x5f, 0x31, 0x33, 0x39, 0x5f, 0x31,
  0x2f, 0x52, 0x65, 0x6c, 0x75, 0x3b, 0x73, 0x65, 0x71, 0x75, 0x65, 0x6e,
  0x74, 0x69, 0x61, 0x6c, 0x5f, 0x34, 0x33, 0x5f, 0x31, 0x2f, 0x63, 0x6f,
  0x6e, 0x76, 0x32, 0x64, 0x5f, 0x31, 0x33, 0x39, 0x5f, 0x31, 0x2f, 0x42,
  0x69, 0x61, 0x73, 0x41, 0x64, 0x64, 0x3b, 0x73, 0x65, 0x71, 0x75, 0x65,
  0x6e, 0x74, 0x69, 0x61, 0x6c, 0x5f, 0x34, 0x33, 0x5f, 0x31, 0x2f, 0x63,
  0x6f, 0x6e, 0x76, 0x32, 0x64, 0x5f, 0x31, 0x33, 0x39, 0x5f, 0x31, 0x2f,
  0x63, 0x6f, 0x6e, 0x76, 0x6f, 0x6c, 0x75, 0x74, 0x69, 0x6f, 0x6e, 0x3b,
  0x73, 0x65, 0x71, 0x75, 0x65, 0x6e, 0x74, 0x69, 0x61, 0x6c, 0x5f, 0x34,
  0x33, 0x5f, 0x31, 0x2f, 0x63, 0x6f, 0x6e, 0x76, 0x32, 0x64, 0x5f, 0x31,
  0x33, 0x39, 0x5f, 0x31, 0x2f, 0x53, 0x71, 0x75, 0x65, 0x65, 0x7a, 0x65,
  0x31, 0x00, 0x00, 0x00, 0x04, 0x00, 0x00, 0x00, 0x01, 0x00, 0x00, 0x00,
  0x0f, 0x00, 0x00, 0x00, 0x01, 0x00, 0x00, 0x00, 0x10, 0x00, 0x00, 0x00,
  0x2a, 0xe5, 0xff, 0xff, 0x00, 0x00, 0x00, 0x01, 0x14, 0x00, 0x00, 0x00,
  0x30, 0x00, 0x00, 0x00, 0x1f, 0x00, 0x00, 0x00, 0x00, 0x00, 0x00, 0x09,
  0x64, 0x00, 0x00, 0x00, 0x14, 0xe5, 0xff, 0xff, 0x08, 0x00, 0x00, 0x00,
  0x10, 0x00, 0x00, 0x00, 0x01, 0x00, 0x00, 0x00, 0xce, 0xff, 0xff, 0xff,
  0xff, 0xff, 0xff, 0xff, 0x01, 0x00, 0x00, 0x00, 0x86, 0x65, 0x29, 0x3c,
  0x38, 0x00, 0x00, 0x00, 0x73, 0x65, 0x71, 0x75, 0x65, 0x6e, 0x74, 0x69,
  0x61, 0x6c, 0x5f, 0x34, 0x33, 0x5f, 0x31, 0x2f, 0x62, 0x61, 0x74, 0x63,
  0x68, 0x5f, 0x6e, 0x6f, 0x72, 0x6d, 0x61, 0x6c, 0x69, 0x7a, 0x61, 0x74,
  0x69, 0x6f, 0x6e, 0x5f, 0x36, 0x36, 0x5f, 0x31, 0x2f, 0x62, 0x61, 0x74,
  0x63, 0x68, 0x6e, 0x6f, 0x72, 0x6d, 0x2f, 0x61, 0x64, 0x64, 0x5f, 0x31,
  0x00, 0x00, 0x00, 0x00, 0x04, 0x00, 0x00, 0x00, 0x01, 0x00, 0x00, 0x00,
  0x0f, 0x00, 0x00, 0x00, 0x01, 0x00, 0x00, 0x00, 0x10, 0x00, 0x00, 0x00,
  0xba, 0xe5, 0xff, 0xff, 0x00, 0x00, 0x00, 0x01, 0x14, 0x00, 0x00, 0x00,
  0x30, 0x00, 0x00, 0x00, 0x1e, 0x00, 0x00, 0x00, 0x00, 0x00, 0x00, 0x09,
  0x64, 0x00, 0x00, 0x00, 0xa4, 0xe5, 0xff, 0xff, 0x08, 0x00, 0x00, 0x00,
  0x10, 0x00, 0x00, 0x00, 0x01, 0x00, 0x00, 0x00, 0xbe, 0xff, 0xff, 0xff,
  0xff, 0xff, 0xff, 0xff, 0x01, 0x00, 0x00, 0x00, 0x97, 0x22, 0x57, 0x3c,
  0x38, 0x00, 0x00, 0x00, 0x73, 0x65, 0x71, 0x75, 0x65, 0x6e, 0x74, 0x69,
  0x61, 0x6c, 0x5f, 0x34, 0x33, 0x5f, 0x31, 0x2f, 0x62, 0x61, 0x74, 0x63,
  0x68, 0x5f, 0x6e, 0x6f, 0x72, 0x6d, 0x61, 0x6c, 0x69, 0x7a, 0x61, 0x74,
  0x69, 0x6f, 0x6e, 0x5f, 0x36, 0x36, 0x5f, 0x31, 0x2f, 0x62, 0x61, 0x74,
  0x63, 0x68, 0x6e, 0x6f, 0x72, 0x6d, 0x2f, 0x6d, 0x75, 0x6c, 0x5f, 0x31,
  0x00, 0x00, 0x00, 0x00, 0x04, 0x00, 0x00, 0x00, 0x01, 0x00, 0x00, 0x00,
  0x0f, 0x00, 0x00, 0x00, 0x01, 0x00, 0x00, 0x00, 0x10, 0x00, 0x00, 0x00,
  0x4a, 0xe6, 0xff, 0xff, 0x00, 0x00, 0x00, 0x01, 0x14, 0x00, 0x00, 0x00,
  0x34, 0x00, 0x00, 0x00, 0x1d, 0x00, 0x00, 0x00, 0x00, 0x00, 0x00, 0x09,
  0xc4, 0x00, 0x00, 0x00, 0x34, 0xe6, 0xff, 0xff, 0x08, 0x00, 0x00, 0x00,
  0x14, 0x00, 0x00, 0x00, 0x01, 0x00, 0x00, 0x00, 0x80, 0xff, 0xff, 0xff,
  0xff, 0xff, 0xff, 0xff, 0x00, 0x00, 0x00, 0x00, 0x01, 0x00, 0x00, 0x00,
  0x1e, 0x9f, 0x3b, 0x3f, 0x95, 0x00, 0x00, 0x00, 0x73, 0x65, 0x71, 0x75,
  0x65, 0x6e, 0x74, 0x69, 0x61, 0x6c, 0x5f, 0x34, 0x33, 0x5f, 0x31, 0x2f,
  0x63, 0x6f, 0x6e, 0x76, 0x32, 0x64, 0x5f, 0x31, 0x33, 0x38, 0x5f, 0x31,
  0x2f, 0x52, 0x65, 0x6c, 0x75, 0x3b, 0x73, 0x65, 0x71, 0x75, 0x65, 0x6e,
  0x74, 0x69, 0x61, 0x6c, 0x5f, 0x34, 0x33, 0x5f, 0x31, 0x2f, 0x63, 0x6f,
  0x6e, 0x76, 0x32, 0x64, 0x5f, 0x31, 0x33, 0x38, 0x5f, 0x31, 0x2f, 0x42,
  0x69, 0x61, 0x73, 0x41, 0x64, 0x64, 0x3b, 0x73, 0x65, 0x71, 0x75, 0x65,
  0x6e, 0x74, 0x69, 0x61, 0x6c, 0x5f, 0x34, 0x33, 0x5f, 0x31, 0x2f, 0x63,
  0x6f, 0x6e, 0x76, 0x32, 0x64, 0x5f, 0x31, 0x33, 0x38, 0x5f, 0x31, 0x2f,
  0x63, 0x6f, 0x6e, 0x76, 0x6f, 0x6c, 0x75, 0x74, 0x69, 0x6f, 0x6e, 0x3b,
  0x73, 0x65, 0x71, 0x75, 0x65, 0x6e, 0x74, 0x69, 0x61, 0x6c, 0x5f, 0x34,
  0x33, 0x5f, 0x31, 0x2f, 0x63, 0x6f, 0x6e, 0x76, 0x32, 0x64, 0x5f, 0x31,
  0x33, 0x38, 0x5f, 0x31, 0x2f, 0x53, 0x71, 0x75, 0x65, 0x65, 0x7a, 0x65,
  0x31, 0x00, 0x00, 0x00, 0x04, 0x00, 0x00, 0x00, 0x01, 0x00, 0x00, 0x00,
  0x0f, 0x00, 0x00, 0x00, 0x01, 0x00, 0x00, 0x00, 0x10, 0x00, 0x00, 0x00,
  0x3a, 0xe7, 0xff, 0xff, 0x00, 0x00, 0x00, 0x01, 0x14, 0x00, 0x00, 0x00,
  0xe8, 0x00, 0x00, 0x00, 0x1c, 0x00, 0x00, 0x00, 0x00, 0x00, 0x00, 0x09,
  0x0c, 0x01, 0x00, 0x00, 0x24, 0xe7, 0xff, 0xff, 0x08, 0x00, 0x00, 0x00,
  0x8c, 0x00, 0x00, 0x00, 0x10, 0x00, 0x00, 0x00, 0x00, 0x00, 0x00, 0x00,
  0x00, 0x00, 0x00, 0x00, 0x00, 0x00, 0x00, 0x00, 0x00, 0x00, 0x00, 0x00,
  0x00, 0x00, 0x00, 0x00, 0x00, 0x00, 0x00, 0x00, 0x00, 0x00, 0x00, 0x00,
  0x00, 0x00, 0x00, 0x00, 0x00, 0x00, 0x00, 0x00, 0x00, 0x00, 0x00, 0x00,
  0x00, 0x00, 0x00, 0x00, 0x00, 0x00, 0x00, 0x00, 0x00, 0x00, 0x00, 0x00,
  0x00, 0x00, 0x00, 0x00, 0x00, 0x00, 0x00, 0x00, 0x00, 0x00, 0x00, 0x00,
  0x00, 0x00, 0x00, 0x00, 0x00, 0x00, 0x00, 0x00, 0x00, 0x00, 0x00, 0x00,
  0x00, 0x00, 0x00, 0x00, 0x00, 0x00, 0x00, 0x00, 0x00, 0x00, 0x00, 0x00,
  0x00, 0x00, 0x00, 0x00, 0x00, 0x00, 0x00, 0x00, 0x00, 0x00, 0x00, 0x00,
  0x00, 0x00, 0x00, 0x00, 0x00, 0x00, 0x00, 0x00, 0x00, 0x00, 0x00, 0x00,
  0x00, 0x00, 0x00, 0x00, 0x00, 0x00, 0x00, 0x00, 0x00, 0x00, 0x00, 0x00,
  0x00, 0x00, 0x00, 0x00, 0x00, 0x00, 0x00, 0x00, 0x10, 0x00, 0x00, 0x00,
  0x50, 0xaf, 0x0e, 0x3b, 0xd0, 0x34, 0x10, 0x3b, 0xfb, 0xfe, 0x0f, 0x3b,
  0x79, 0x24, 0x15, 0x3b, 0x16, 0x77, 0x10, 0x3b, 0x6d, 0x22, 0x14, 0x3b,
  0xce, 0xb1, 0xef, 0x3a, 0xeb, 0xcb, 0x0b, 0x3b, 0xb0, 0x07, 0x16, 0x3b,
  0xa6, 0x04, 0x12, 0x3b, 0xaa, 0x5c, 0x0b, 0x3b, 0xf7, 0xa1, 0x10, 0x3b,
  0x74, 0x1a, 0x0b, 0x3b, 0x25, 0xeb, 0x06, 0x3b, 0x21, 0x80, 0x17, 0x3b,
  0xd6, 0xe5, 0x0f, 0x3b, 0x28, 0x00, 0x00, 0x00, 0x73, 0x65, 0x71, 0x75,
  0x65, 0x6e, 0x74, 0x69, 0x61, 0x6c, 0x5f, 0x34, 0x33, 0x5f, 0x31, 0x2f,
  0x63, 0x6f, 0x6e, 0x76, 0x32, 0x64, 0x5f, 0x31, 0x33, 0x38, 0x5f, 0x31,
  0x2f, 0x63, 0x6f, 0x6e, 0x76, 0x6f, 0x6c, 0x75, 0x74, 0x69, 0x6f, 0x6e,
  0x00, 0x00, 0x00, 0x00, 0x04, 0x00, 0x00, 0x00, 0x10, 0x00, 0x00, 0x00,
  0x03, 0x00, 0x00, 0x00, 0x01, 0x00, 0x00, 0x00, 0x09, 0x00, 0x00, 0x00,
  0x72, 0xe8, 0xff, 0xff, 0x00, 0x00, 0x00, 0x01, 0x14, 0x00, 0x00, 0x00,
  0xe8, 0x00, 0x00, 0x00, 0x1b, 0x00, 0x00, 0x00, 0x00, 0x00, 0x00, 0x02,
  0x78, 0x01, 0x00, 0x00, 0x5c, 0xe8, 0xff, 0xff, 0x08, 0x00, 0x00, 0x00,
  0x8c, 0x00, 0x00, 0x00, 0x10, 0x00, 0x00, 0x00, 0x00, 0x00, 0x00, 0x00,
  0x00, 0x00, 0x00, 0x00, 0x00, 0x00, 0x00, 0x00, 0x00, 0x00, 0x00, 0x00,
  0x00, 0x00, 0x00, 0x00, 0x00, 0x00, 0x00, 0x00, 0x00, 0x00, 0x00, 0x00,
  0x00, 0x00, 0x00, 0x00, 0x00, 0x00, 0x00, 0x00, 0x00, 0x00, 0x00, 0x00,
  0x00, 0x00, 0x00, 0x00, 0x00, 0x00, 0x00, 0x00, 0x00, 0x00, 0x00, 0x00,
  0x00, 0x00, 0x00, 0x00, 0x00, 0x00, 0x00, 0x00, 0x00, 0x00, 0x00, 0x00,
  0x00, 0x00, 0x00, 0x00, 0x00, 0x00, 0x00, 0x00, 0x00, 0x00, 0x00, 0x00,
  0x00, 0x00, 0x00, 0x00, 0x00, 0x00, 0x00, 0x00, 0x00, 0x00, 0x00, 0x00,
  0x00, 0x00, 0x00, 0x00, 0x00, 0x00, 0x00, 0x00, 0x00, 0x00, 0x00, 0x00,
  0x00, 0x00, 0x00, 0x00, 0x00, 0x00, 0x00, 0x00, 0x00, 0x00, 0x00, 0x00,
  0x00, 0x00, 0x00, 0x00, 0x00, 0x00, 0x00, 0x00, 0x00, 0x00, 0x00, 0x00,
  0x00, 0x00, 0x00, 0x00, 0x00, 0x00, 0x00, 0x00, 0x10, 0x00, 0x00, 0x00,
  0xb6, 0xdc, 0x88, 0x3b, 0x51, 0x52, 0x8a, 0x3b, 0xaf, 0x1e, 0x8a, 0x3b,
  0x69, 0x0e, 0x8f, 0x3b, 0xe3, 0x91, 0x8a, 0x3b, 0xe5, 0x16, 0x8e, 0x3b,
  0xc3, 0xe9, 0x65, 0x3b, 0x7d, 0x17, 0x86, 0x3b, 0x5a, 0xe8, 0x8f, 0x3b,
  0x3a, 0x0f, 0x8c, 0x3b, 0xc7, 0xac, 0x85, 0x3b, 0x04, 0xbb, 0x8a, 0x3b,
  0x44, 0x6d, 0x85, 0x3b, 0xad, 0x69, 0x81, 0x3b, 0x6f, 0x51, 0x91, 0x3b,
  0x90, 0x06, 0x8a, 0x3b, 0x94, 0x00, 0x00, 0x00, 0x73, 0x65, 0x71, 0x75,
  0x65, 0x6e, 0x74, 0x69, 0x61, 0x6c, 0x5f, 0x34, 0x33, 0x5f, 0x31, 0x2f,
  0x63, 0x6f, 0x6e, 0x76, 0x32, 0x64, 0x5f, 0x31, 0x33, 0x38, 0x5f, 0x31,
  0x2f, 0x52, 0x65, 0x6c, 0x75, 0x3b, 0x73, 0x65, 0x71, 0x75, 0x65, 0x6e,
  0x74, 0x69, 0x61, 0x6c, 0x5f, 0x34, 0x33, 0x5f, 0x31, 0x2f, 0x63, 0x6f,
  0x6e, 0x76, 0x32, 0x64, 0x5f, 0x31, 0x33, 0x38, 0x5f, 0x31, 0x2f, 0x42,
  0x69, 0x61, 0x73, 0x41, 0x64, 0x64, 0x3b, 0x73, 0x65, 0x71, 0x75, 0x65,
  0x6e, 0x74, 0x69, 0x61, 0x6c, 0x5f, 0x34, 0x33, 0x5f, 0x31, 0x2f, 0x63,
  0x6f, 0x6e, 0x76, 0x32, 0x64, 0x5f, 0x31, 0x33, 0x38, 0x5f, 0x31, 0x2f,
  0x63, 0x6f, 0x6e, 0x76, 0x6f, 0x6c, 0x75, 0x74, 0x69, 0x6f, 0x6e, 0x3b,
  0x73, 0x65, 0x71, 0x75, 0x65, 0x6e, 0x74, 0x69, 0x61, 0x6c, 0x5f, 0x34,
  0x33, 0x5f, 0x31, 0x2f, 0x63, 0x6f, 0x6e, 0x76, 0x32, 0x64, 0x5f, 0x31,
  0x33, 0x38, 0x5f, 0x31, 0x2f, 0x53, 0x71, 0x75, 0x65, 0x65, 0x7a, 0x65,
  0x00, 0x00, 0x00, 0x00, 0x01, 0x00, 0x00, 0x00, 0x10, 0x00, 0x00, 0x00,
  0x0a, 0xea, 0xff, 0xff, 0x00, 0x00, 0x00, 0x01, 0x14, 0x00, 0x00, 0x00,
  0x30, 0x00, 0x00, 0x00, 0x1a, 0x00, 0x00, 0x00, 0x00, 0x00, 0x00, 0x09,
  0x60, 0x00, 0x00, 0x00, 0xf4, 0xe9, 0xff, 0xff, 0x08, 0x00, 0x00, 0x00,
  0x10, 0x00, 0x00, 0x00, 0x01, 0x00, 0x00, 0x00, 0x80, 0xff, 0xff, 0xff,
  0xff, 0xff, 0xff, 0xff, 0x01, 0x00, 0x00, 0x00, 0x91, 0x1d, 0x23, 0x39,
  0x36, 0x00, 0x00, 0x00, 0x73, 0x65, 0x71, 0x75, 0x65, 0x6e, 0x74, 0x69,
  0x61, 0x6c, 0x5f, 0x34, 0x33, 0x5f, 0x31, 0x2f, 0x62, 0x61, 0x74, 0x63,
  0x68, 0x5f, 0x6e, 0x6f, 0x72, 0x6d, 0x61, 0x6c, 0x69, 0x7a, 0x61, 0x74,
  0x69, 0x6f, 0x6e, 0x5f, 0x36, 0x36, 0x5f, 0x31, 0x2f, 0x62, 0x61, 0x74,
  0x63, 0x68, 0x6e, 0x6f, 0x72, 0x6d, 0x2f, 0x6d, 0x75, 0x6c, 0x00, 0x00,
  0x01, 0x00, 0x00, 0x00, 0x10, 0x00, 0x00, 0x00, 0x8a, 0xea, 0xff, 0xff,
  0x00, 0x00, 0x00, 0x01, 0x14, 0x00, 0x00, 0x00, 0x30, 0x00, 0x00, 0x00,
  0x19, 0x00, 0x00, 0x00, 0x00, 0x00, 0x00, 0x09, 0x60, 0x00, 0x00, 0x00,
  0x74, 0xea, 0xff, 0xff, 0x08, 0x00, 0x00, 0x00, 0x10, 0x00, 0x00, 0x00,
  0x01, 0x00, 0x00, 0x00, 0x7f, 0x00, 0x00, 0x00, 0x00, 0x00, 0x00, 0x00,
  0x01, 0x00, 0x00, 0x00, 0x4b, 0x04, 0x50, 0x3b, 0x36, 0x00, 0x00, 0x00,
  0x73, 0x65, 0x71, 0x75, 0x65, 0x6e, 0x74, 0x69, 0x61, 0x6c, 0x5f, 0x34,
  0x33, 0x5f, 0x31, 0x2f, 0x62, 0x61, 0x74, 0x63, 0x68, 0x5f, 0x6e, 0x6f,
  0x72, 0x6d, 0x61, 0x6c, 0x69, 0x7a, 0x61, 0x74, 0x69, 0x6f, 0x6e, 0x5f,
  0x36, 0x36, 0x5f, 0x31, 0x2f, 0x62, 0x61, 0x74, 0x63, 0x68, 0x6e, 0x6f,
  0x72, 0x6d, 0x2f, 0x73, 0x75, 0x62, 0x00, 0x00, 0x01, 0x00, 0x00, 0x00,
  0x10, 0x00, 0x00, 0x00, 0x0a, 0xeb, 0xff, 0xff, 0x00, 0x00, 0x00, 0x01,
  0x14, 0x00, 0x00, 0x00, 0xe8, 0x00, 0x00, 0x00, 0x18, 0x00, 0x00, 0x00,
  0x00, 0x00, 0x00, 0x09, 0x0c, 0x01, 0x00, 0x00, 0xf4, 0xea, 0xff, 0xff,
  0x08, 0x00, 0x00, 0x00, 0x8c, 0x00, 0x00, 0x00, 0x10, 0x00, 0x00, 0x00,
  0x00, 0x00, 0x00, 0x00, 0x00, 0x00, 0x00, 0x00, 0x00, 0x00, 0x00, 0x00,
  0x00, 0x00, 0x00, 0x00, 0x00, 0x00, 0x00, 0x00, 0x00, 0x00, 0x00, 0x00,
  0x00, 0x00, 0x00, 0x00, 0x00, 0x00, 0x00, 0x00, 0x00, 0x00, 0x00, 0x00,
  0x00, 0x00, 0x00, 0x00, 0x00, 0x00, 0x00, 0x00, 0x00, 0x00, 0x00, 0x00,
  0x00, 0x00, 0x00, 0x00, 0x00, 0x00, 0x00, 0x00, 0x00, 0x00, 0x00, 0x00,
  0x00, 0x00, 0x00, 0x00, 0x00, 0x00, 0x00, 0x00, 0x00, 0x00, 0x00, 0x00,
  0x00, 0x00, 0x00, 0x00, 0x00, 0x00, 0x00, 0x00, 0x00, 0x00, 0x00, 0x00,
  0x00, 0x00, 0x00, 0x00, 0x00, 0x00, 0x00, 0x00, 0x00, 0x00, 0x00, 0x00,
  0x00, 0x00, 0x00, 0x00, 0x00, 0x00, 0x00, 0x00, 0x00, 0x00, 0x00, 0x00,
  0x00, 0x00, 0x00, 0x00, 0x00, 0x00, 0x00, 0x00, 0x00, 0x00, 0x00, 0x00,
  0x00, 0x00, 0x00, 0x00, 0x00, 0x00, 0x00, 0x00, 0x00, 0x00, 0x00, 0x00,
  0x10, 0x00, 0x00, 0x00, 0x61, 0xc6, 0xfb, 0x3a, 0x80, 0x35, 0x01, 0x3b,
  0x79, 0xb6, 0x04, 0x3b, 0xcd, 0x89, 0x03, 0x3b, 0x6a, 0xc9, 0xfe, 0x3a,
  0x01, 0xdc, 0xe4, 0x3a, 0x8e, 0x5d, 0x0a, 0x3b, 0xb1, 0x17, 0xfa, 0x3a,
  0x34, 0x17, 0x04, 0x3b, 0xbe, 0x67, 0x00, 0x3b, 0xfe, 0xd5, 0x05, 0x3b,
  0xd2, 0xe5, 0x00, 0x3b, 0x8d, 0x18, 0x09, 0x3b, 0x2e, 0xc6, 0x04, 0x3b,
  0x80, 0x2c, 0x06, 0x3b, 0xdd, 0x4b, 0x02, 0x3b, 0x28, 0x00, 0x00, 0x00,
  0x73, 0x65, 0x71, 0x75, 0x65, 0x6e, 0x74, 0x69, 0x61, 0x6c, 0x5f, 0x34,
  0x33, 0x5f, 0x31, 0x2f, 0x63, 0x6f, 0x6e, 0x76, 0x32, 0x64, 0x5f, 0x31,
  0x33, 0x39, 0x5f, 0x31, 0x2f, 0x63, 0x6f, 0x6e, 0x76, 0x6f, 0x6c, 0x75,
  0x74, 0x69, 0x6f, 0x6e, 0x00, 0x00, 0x00, 0x00, 0x04, 0x00, 0x00, 0x00,
  0x10, 0x00, 0x00, 0x00, 0x03, 0x00, 0x00, 0x00, 0x01, 0x00, 0x00, 0x00,
  0x10, 0x00, 0x00, 0x00, 0x42, 0xec, 0xff, 0xff, 0x00, 0x00, 0x00, 0x01,
  0x14, 0x00, 0x00, 0x00, 0xe8, 0x00, 0x00, 0x00, 0x17, 0x00, 0x00, 0x00,
  0x00, 0x00, 0x00, 0x02, 0x78, 0x01, 0x00, 0x00, 0x2c, 0xec, 0xff, 0xff,
  0x08, 0x00, 0x00, 0x00, 0x8c, 0x00, 0x00, 0x00, 0x10, 0x00, 0x00, 0x00,
  0x00, 0x00, 0x00, 0x00, 0x00, 0x00, 0x00, 0x00, 0x00, 0x00, 0x00, 0x00,
  0x00, 0x00, 0x00, 0x00, 0x00, 0x00, 0x00, 0x00, 0x00, 0x00, 0x00, 0x00,
  0x00, 0x00, 0x00, 0x00, 0x00, 0x00, 0x00, 0x00, 0x00, 0x00, 0x00, 0x00,
  0x00, 0x00, 0x00, 0x00, 0x00, 0x00, 0x00, 0x00, 0x00, 0x00, 0x00, 0x00,
  0x00, 0x00, 0x00, 0x00, 0x00, 0x00, 0x00, 0x00, 0x00, 0x00, 0x00, 0x00,
  0x00, 0x00, 0x00, 0x00, 0x00, 0x00, 0x00, 0x00, 0x00, 0x00, 0x00, 0x00,
  0x00, 0x00, 0x00, 0x00, 0x00, 0x00, 0x00, 0x00, 0x00, 0x00, 0x00, 0x00,
  0x00, 0x00, 0x00, 0x00, 0x00, 0x00, 0x00, 0x00, 0x00, 0x00, 0x00, 0x00,
  0x00, 0x00, 0x00, 0x00, 0x00, 0x00, 0x00, 0x00, 0x00, 0x00, 0x00, 0x00,
  0x00, 0x00, 0x00, 0x00, 0x00, 0x00, 0x00, 0x00, 0x00, 0x00, 0x00, 0x00,
  0x00, 0x00, 0x00, 0x00, 0x00, 0x00, 0x00, 0x00, 0x00, 0x00, 0x00, 0x00,
  0x10, 0x00, 0x00, 0x00, 0xcf, 0x99, 0xa6, 0x37, 0x1e, 0xff, 0xaa, 0x37,
  0x2f, 0xa2, 0xaf, 0x37, 0x45, 0x14, 0xae, 0x37, 0x02, 0x98, 0xa8, 0x37,
  0xff, 0x6f, 0x97, 0x37, 0x44, 0x1d, 0xb7, 0x37, 0xd2, 0x7c, 0xa5, 0x37,
  0x67, 0xcf, 0xae, 0x37, 0xd1, 0xee, 0xa9, 0x37, 0xb0, 0x1e, 0xb1, 0x37,
  0xac, 0x95, 0xaa, 0x37, 0x27, 0x6f, 0xb5, 0x37, 0xf8, 0xb6, 0xaf, 0x37,
  0x2d, 0x91, 0xb1, 0x37, 0x82, 0x6f, 0xac, 0x37, 0x94, 0x00, 0x00, 0x00,
  0x73, 0x65, 0x71, 0x75, 0x65, 0x6e, 0x74, 0x69, 0x61, 0x6c, 0x5f, 0x34,
  0x33, 0x5f, 0x31, 0x2f, 0x63, 0x6f, 0x6e, 0x76, 0x32, 0x64, 0x5f, 0x31,
  0x33, 0x39, 0x5f, 0x31, 0x2f, 0x52, 0x65, 0x6c, 0x75, 0x3b, 0x73, 0x65,
  0x71, 0x75, 0x65, 0x6e, 0x74, 0x69, 0x61, 0x6c, 0x5f, 0x34, 0x33, 0x5f,
  0x31, 0x2f, 0x63, 0x6f, 0x6e, 0x76, 0x32, 0x64, 0x5f, 0x31, 0x33, 0x39,
  0x5f, 0x31, 0x2f, 0x42, 0x69, 0x61, 0x73, 0x41, 0x64, 0x64, 0x3b, 0x73,
  0x65, 0x71, 0x75, 0x65, 0x6e, 0x74, 0x69, 0x61, 0x6c, 0x5f, 0x34, 0x33,
  0x5f, 0x31, 0x2f, 0x63, 0x6f, 0x6e, 0x76, 0x32, 0x64, 0x5f, 0x31, 0x33,
  0x39, 0x5f, 0x31, 0x2f, 0x63, 0x6f, 0x6e, 0x76, 0x6f, 0x6c, 0x75, 0x74,
  0x69, 0x6f, 0x6e, 0x3b, 0x73, 0x65, 0x71, 0x75, 0x65, 0x6e, 0x74, 0x69,
  0x61, 0x6c, 0x5f, 0x34, 0x33, 0x5f, 0x31, 0x2f, 0x63, 0x6f, 0x6e, 0x76,
  0x32, 0x64, 0x5f, 0x31, 0x33, 0x39, 0x5f, 0x31, 0x2f, 0x53, 0x71, 0x75,
  0x65, 0x65, 0x7a, 0x65, 0x00, 0x00, 0x00, 0x00, 0x01, 0x00, 0x00, 0x00,
  0x10, 0x00, 0x00, 0x00, 0xda, 0xed, 0xff, 0xff, 0x00, 0x00, 0x00, 0x01,
  0x14, 0x00, 0x00, 0x00, 0x30, 0x00, 0x00, 0x00, 0x16, 0x00, 0x00, 0x00,
  0x00, 0x00, 0x00, 0x09, 0x60, 0x00, 0x00, 0x00, 0xc4, 0xed, 0xff, 0xff,
  0x08, 0x00, 0x00, 0x00, 0x10, 0x00, 0x00, 0x00, 0x01, 0x00, 0x00, 0x00,
  0x80, 0xff, 0xff, 0xff, 0xff, 0xff, 0xff, 0xff, 0x01, 0x00, 0x00, 0x00,
  0xbe, 0xe7, 0x52, 0x3c, 0x36, 0x00, 0x00, 0x00, 0x73, 0x65, 0x71, 0x75,
  0x65, 0x6e, 0x74, 0x69, 0x61, 0x6c, 0x5f, 0x34, 0x33, 0x5f, 0x31, 0x2f,
  0x62, 0x61, 0x74, 0x63, 0x68, 0x5f, 0x6e, 0x6f, 0x72, 0x6d, 0x61, 0x6c,
  0x69, 0x7a, 0x61, 0x74, 0x69, 0x6f, 0x6e, 0x5f, 0x36, 0x37, 0x5f, 0x31,
  0x2f, 0x62, 0x61, 0x74, 0x63, 0x68, 0x6e, 0x6f, 0x72, 0x6d, 0x2f, 0x6d,
  0x75, 0x6c, 0x00, 0x00, 0x01, 0x00, 0x00, 0x00, 0x10, 0x00, 0x00, 0x00,
  0x5a, 0xee, 0xff, 0xff, 0x00, 0x00, 0x00, 0x01, 0x14, 0x00, 0x00, 0x00,
  0x30, 0x00, 0x00, 0x00, 0x15, 0x00, 0x00, 0x00, 0x00, 0x00, 0x00, 0x09,
  0x60, 0x00, 0x00, 0x00, 0x44, 0xee, 0xff, 0xff, 0x08, 0x00, 0x00, 0x00,
  0x10, 0x00, 0x00, 0x00, 0x01, 0x00, 0x00, 0x00, 0x7f, 0x00, 0x00, 0x00,
  0x00, 0x00, 0x00, 0x00, 0x01, 0x00, 0x00, 0x00, 0xa3, 0x40, 0x78, 0x3b,
  0x36, 0x00, 0x00, 0x00, 0x73, 0x65, 0x71, 0x75, 0x65, 0x6e, 0x74, 0x69,
  0x61, 0x6c, 0x5f, 0x34, 0x33, 0x5f, 0x31, 0x2f, 0x62, 0x61, 0x74, 0x63,
  0x68, 0x5f, 0x6e, 0x6f, 0x72, 0x6d, 0x61, 0x6c, 0x69, 0x7a, 0x61, 0x74,
  0x69, 0x6f, 0x6e, 0x5f, 0x36, 0x37, 0x5f, 0x31, 0x2f, 0x62, 0x61, 0x74,
  0x63, 0x68, 0x6e, 0x6f, 0x72, 0x6d, 0x2f, 0x73, 0x75, 0x62, 0x00, 0x00,
  0x01, 0x00, 0x00, 0x00, 0x10, 0x00, 0x00, 0x00, 0xda, 0xee, 0xff, 0xff,
  0x00, 0x00, 0x00, 0x01, 0x14, 0x00, 0x00, 0x00, 0xe8, 0x00, 0x00, 0x00,
  0x14, 0x00, 0x00, 0x00, 0x00, 0x00, 0x00, 0x09, 0x0c, 0x01, 0x00, 0x00,
  0xc4, 0xee, 0xff, 0xff, 0x08, 0x00, 0x00, 0x00, 0x8c, 0x00, 0x00, 0x00,
  0x10, 0x00, 0x00, 0x00, 0x00, 0x00, 0x00, 0x00, 0x00, 0x00, 0x00, 0x00,
  0x00, 0x00, 0x00, 0x00, 0x00, 0x00, 0x00, 0x00, 0x00, 0x00, 0x00, 0x00,
  0x00, 0x00, 0x00, 0x00, 0x00, 0x00, 0x00, 0x00, 0x00, 0x00, 0x00, 0x00,
  0x00, 0x00, 0x00, 0x00, 0x00, 0x00, 0x00, 0x00, 0x00, 0x00, 0x00, 0x00,
  0x00, 0x00, 0x00, 0x00, 0x00, 0x00, 0x00, 0x00, 0x00, 0x00, 0x00, 0x00,
  0x00, 0x00, 0x00, 0x00, 0x00, 0x00, 0x00, 0x00, 0x00, 0x00, 0x00, 0x00,
  0x00, 0x00, 0x00, 0x00, 0x00, 0x00, 0x00, 0x00, 0x00, 0x00, 0x00, 0x00,
  0x00, 0x00, 0x00, 0x00, 0x00, 0x00, 0x00, 0x00, 0x00, 0x00, 0x00, 0x00,
  0x00, 0x00, 0x00, 0x00, 0x00, 0x00, 0x00, 0x00, 0x00, 0x00, 0x00, 0x00,
  0x00, 0x00, 0x00, 0x00, 0x00, 0x00, 0x00, 0x00, 0x00, 0x00, 0x00, 0x00,
  0x00, 0x00, 0x00, 0x00, 0x00, 0x00, 0x00, 0x00, 0x00, 0x00, 0x00, 0x00,
  0x00, 0x00, 0x00, 0x00, 0x10, 0x00, 0x00, 0x00, 0x72, 0xbb, 0xfc, 0x3a,
  0x59, 0x6f, 0x01, 0x3b, 0xcd, 0xaa, 0x03, 0x3b, 0xcd, 0xb1, 0x05, 0x3b,
  0xa4, 0xf5, 0x04, 0x3b, 0x1e, 0xa2, 0x10, 0x3b, 0x6a, 0x2a, 0x04, 0x3b,
  0xc7, 0x4f, 0x0e, 0x3b, 0x7a, 0xce, 0x03, 0x3b, 0xfd, 0x68, 0x10, 0x3b,
  0xe1, 0x13, 0x07, 0x3b, 0xa9, 0x8a, 0xf8, 0x3a, 0x26, 0x49, 0x05, 0x3b,
  0x66, 0x34, 0x01, 0x3b, 0xeb, 0x83, 0x00, 0x3b, 0x2a, 0xc8, 0x02, 0x3b,
  0x28, 0x00, 0x00, 0x00, 0x73, 0x65, 0x71, 0x75, 0x65, 0x6e, 0x74, 0x69,
  0x61, 0x6c, 0x5f, 0x34, 0x33, 0x5f, 0x31, 0x2f, 0x63, 0x6f, 0x6e, 0x76,
  0x32, 0x64, 0x5f, 0x31, 0x34, 0x30, 0x5f, 0x31, 0x2f, 0x63, 0x6f, 0x6e,
  0x76, 0x6f, 0x6c, 0x75, 0x74, 0x69, 0x6f, 0x6e, 0x00, 0x00, 0x00, 0x00,
  0x04, 0x00, 0x00, 0x00, 0x10, 0x00, 0x00, 0x00, 0x03, 0x00, 0x00, 0x00,
  0x01, 0x00, 0x00, 0x00, 0x10, 0x00, 0x00, 0x00, 0x12, 0xf0, 0xff, 0xff,
  0x00, 0x00, 0x00, 0x01, 0x14, 0x00, 0x00, 0x00, 0xe8, 0x00, 0x00, 0x00,
  0x13, 0x00, 0x00, 0x00, 0x00, 0x00, 0x00, 0x02, 0x78, 0x01, 0x00, 0x00,
  0xfc, 0xef, 0xff, 0xff, 0x08, 0x00, 0x00, 0x00, 0x8c, 0x00, 0x00, 0x00,
  0x10, 0x00, 0x00, 0x00, 0x00, 0x00, 0x00, 0x00, 0x00, 0x00, 0x00, 0x00,
  0x00, 0x00, 0x00, 0x00, 0x00, 0x00, 0x00, 0x00, 0x00, 0x00, 0x00, 0x00,
  0x00, 0x00, 0x00, 0x00, 0x00, 0x00, 0x00, 0x00, 0x00, 0x00, 0x00, 0x00,
  0x00, 0x00, 0x00, 0x00, 0x00, 0x00, 0x00, 0x00, 0x00, 0x00, 0x00, 0x00,
  0x00, 0x00, 0x00, 0x00, 0x00, 0x00, 0x00, 0x00, 0x00, 0x00, 0x00, 0x00,
  0x00, 0x00, 0x00, 0x00, 0x00, 0x00, 0x00, 0x00, 0x00, 0x00, 0x00, 0x00,
  0x00, 0x00, 0x00, 0x00, 0x00, 0x00, 0x00, 0x00, 0x00, 0x00, 0x00, 0x00,
  0x00, 0x00, 0x00, 0x00, 0x00, 0x00, 0x00, 0x00, 0x00, 0x00, 0x00, 0x00,
  0x00, 0x00, 0x00, 0x00, 0x00, 0x00, 0x00, 0x00, 0x00, 0x00, 0x00, 0x00,
  0x00, 0x00, 0x00, 0x00, 0x00, 0x00, 0x00, 0x00, 0x00, 0x00, 0x00, 0x00,
  0x00, 0x00, 0x00, 0x00, 0x00, 0x00, 0x00, 0x00, 0x00, 0x00, 0x00, 0x00,
  0x00, 0x00, 0x00, 0x00, 0x10, 0x00, 0x00, 0x00, 0x77, 0xc4, 0x08, 0x38,
  0xc2, 0x16, 0x0c, 0x38, 0x3f, 0x81, 0x0e, 0x38, 0xf7, 0xb2, 0x10, 0x38,
  0x51, 0xe7, 0x0f, 0x38, 0xc8, 0x89, 0x1c, 0x38, 0x5d, 0x0b, 0x0f, 0x38,
  0x85, 0x06, 0x1a, 0x38, 0xdc, 0xa7, 0x0e, 0x38, 0xf3, 0x4b, 0x1c, 0x38,
  0x30, 0x32, 0x12, 0x38, 0xec, 0x7f, 0x06, 0x38, 0xb3, 0x41, 0x10, 0x38,
  0xf4, 0xd6, 0x0b, 0x38, 0xf3, 0x17, 0x0b, 0x38, 0xf4, 0x8b, 0x0d, 0x38,
  0x94, 0x00, 0x00, 0x00, 0x73, 0x65, 0x71, 0x75, 0x65, 0x6e, 0x74, 0x69,
  0x61, 0x6c, 0x5f, 0x34, 0x33, 0x5f, 0x31, 0x2f, 0x63, 0x6f, 0x6e, 0x76,
  0x32, 0x64, 0x5f, 0x31, 0x34, 0x30, 0x5f, 0x31, 0x2f, 0x52, 0x65, 0x6c,
  0x75, 0x3b, 0x73, 0x65, 0x71, 0x75, 0x65, 0x6e, 0x74, 0x69, 0x61, 0x6c,
  0x5f, 0x34, 0x33, 0x5f, 0x31, 0x2f, 0x63, 0x6f, 0x6e, 0x76, 0x32, 0x64,
  0x5f, 0x31, 0x34, 0x30, 0x5f, 0x31, 0x2f, 0x42, 0x69, 0x61, 0x73, 0x41,
  0x64, 0x64, 0x3b, 0x73, 0x65, 0x71, 0x75, 0x65, 0x6e, 0x74, 0x69, 0x61,
  0x6c, 0x5f, 0x34, 0x33, 0x5f, 0x31, 0x2f, 0x63, 0x6f, 0x6e, 0x76, 0x32,
  0x64, 0x5f, 0x31, 0x34, 0x30, 0x5f, 0x31, 0x2f, 0x63, 0x6f, 0x6e, 0x76,
  0x6f, 0x6c, 0x75, 0x74, 0x69, 0x6f, 0x6e, 0x3b, 0x73, 0x65, 0x71, 0x75,
  0x65, 0x6e, 0x74, 0x69, 0x61, 0x6c, 0x5f, 0x34, 0x33, 0x5f, 0x31, 0x2f,
  0x63, 0x6f, 0x6e, 0x76, 0x32, 0x64, 0x5f, 0x31, 0x34, 0x30, 0x5f, 0x31,
  0x2f, 0x53, 0x71, 0x75, 0x65, 0x65, 0x7a, 0x65, 0x00, 0x00, 0x00, 0x00,
  0x01, 0x00, 0x00, 0x00, 0x10, 0x00, 0x00, 0x00, 0xaa, 0xf1, 0xff, 0xff,
  0x00, 0x00, 0x00, 0x01, 0x14, 0x00, 0x00, 0x00, 0x30, 0x00, 0x00, 0x00,
  0x12, 0x00, 0x00, 0x00, 0x00, 0x00, 0x00, 0x09, 0x60, 0x00, 0x00, 0x00,
  0x94, 0xf1, 0xff, 0xff, 0x08, 0x00, 0x00, 0x00, 0x10, 0x00, 0x00, 0x00,
  0x01, 0x00, 0x00, 0x00, 0x80, 0xff, 0xff, 0xff, 0xff, 0xff, 0xff, 0xff,
  0x01, 0x00, 0x00, 0x00, 0xa4, 0xe2, 0x22, 0x3c, 0x36, 0x00, 0x00, 0x00,
  0x73, 0x65, 0x71, 0x75, 0x65, 0x6e, 0x74, 0x69, 0x61, 0x6c, 0x5f, 0x34,
  0x33, 0x5f, 0x31, 0x2f, 0x62, 0x61, 0x74, 0x63, 0x68, 0x5f, 0x6e, 0x6f,
  0x72, 0x6d, 0x61, 0x6c, 0x69, 0x7a, 0x61, 0x74, 0x69, 0x6f, 0x6e, 0x5f,
  0x36, 0x38, 0x5f, 0x31, 0x2f, 0x62, 0x61, 0x74, 0x63, 0x68, 0x6e, 0x6f,
  0x72, 0x6d, 0x2f, 0x6d, 0x75, 0x6c, 0x00, 0x00, 0x01, 0x00, 0x00, 0x00,
  0x10, 0x00, 0x00, 0x00, 0x2a, 0xf2, 0xff, 0xff, 0x00, 0x00, 0x00, 0x01,
  0x14, 0x00, 0x00, 0x00, 0x30, 0x00, 0x00, 0x00, 0x11, 0x00, 0x00, 0x00,
  0x00, 0x00, 0x00, 0x09, 0x60, 0x00, 0x00, 0x00, 0x14, 0xf2, 0xff, 0xff,
  0x08, 0x00, 0x00, 0x00, 0x10, 0x00, 0x00, 0x00, 0x01, 0x00, 0x00, 0x00,
  0x7f, 0x00, 0x00, 0x00, 0x00, 0x00, 0x00, 0x00, 0x01, 0x00, 0x00, 0x00,
  0xef, 0x2c, 0x61, 0x3b, 0x36, 0x00, 0x00, 0x00, 0x73, 0x65, 0x71, 0x75,
  0x65, 0x6e, 0x74, 0x69, 0x61, 0x6c, 0x5f, 0x34, 0x33, 0x5f, 0x31, 0x2f,
  0x62, 0x61, 0x74, 0x63, 0x68, 0x5f, 0x6e, 0x6f, 0x72, 0x6d, 0x61, 0x6c,
  0x69, 0x7a, 0x61, 0x74, 0x69, 0x6f, 0x6e, 0x5f, 0x36, 0x38, 0x5f, 0x31,
  0x2f, 0x62, 0x61, 0x74, 0x63, 0x68, 0x6e, 0x6f, 0x72, 0x6d, 0x2f, 0x73,
  0x75, 0x62, 0x00, 0x00, 0x01, 0x00, 0x00, 0x00, 0x10, 0x00, 0x00, 0x00,
  0xaa, 0xf2, 0xff, 0xff, 0x00, 0x00, 0x00, 0x01, 0x14, 0x00, 0x00, 0x00,
  0xe8, 0x00, 0x00, 0x00, 0x10, 0x00, 0x00, 0x00, 0x00, 0x00, 0x00, 0x09,
  0x0c, 0x01, 0x00, 0x00, 0x94, 0xf2, 0xff, 0xff, 0x08, 0x00, 0x00, 0x00,
  0x8c, 0x00, 0x00, 0x00, 0x10, 0x00, 0x00, 0x00, 0x00, 0x00, 0x00, 0x00,
  0x00, 0x00, 0x00, 0x00, 0x00, 0x00, 0x00, 0x00, 0x00, 0x00, 0x00, 0x00,
  0x00, 0x00, 0x00, 0x00, 0x00, 0x00, 0x00, 0x00, 0x00, 0x00, 0x00, 0x00,
  0x00, 0x00, 0x00, 0x00, 0x00, 0x00, 0x00, 0x00, 0x00, 0x00, 0x00, 0x00,
  0x00, 0x00, 0x00, 0x00, 0x00, 0x00, 0x00, 0x00, 0x00, 0x00, 0x00, 0x00,
  0x00, 0x00, 0x00, 0x00, 0x00, 0x00, 0x00, 0x00, 0x00, 0x00, 0x00, 0x00,
  0x00, 0x00, 0x00, 0x00, 0x00, 0x00, 0x00, 0x00, 0x00, 0x00, 0x00, 0x00,
  0x00, 0x00, 0x00, 0x00, 0x00, 0x00, 0x00, 0x00, 0x00, 0x00, 0x00, 0x00,
  0x00, 0x00, 0x00, 0x00, 0x00, 0x00, 0x00, 0x00, 0x00, 0x00, 0x00, 0x00,
  0x00, 0x00, 0x00, 0x00, 0x00, 0x00, 0x00, 0x00, 0x00, 0x00, 0x00, 0x00,
  0x00, 0x00, 0x00, 0x00, 0x00, 0x00, 0x00, 0x00, 0x00, 0x00, 0x00, 0x00,
  0x00, 0x00, 0x00, 0x00, 0x00, 0x00, 0x00, 0x00, 0x10, 0x00, 0x00, 0x00,
  0x5e, 0x7e, 0x0e, 0x3b, 0xa2, 0x69, 0xf8, 0x3a, 0x3c, 0xab, 0x0f, 0x3b,
  0xdb, 0xb0, 0x04, 0x3b, 0x12, 0x91, 0xfe, 0x3a, 0x80, 0x30, 0xff, 0x3a,
  0x3b, 0xd3, 0x08, 0x3b, 0xd5, 0x00, 0xfa, 0x3a, 0xd6, 0xa0, 0x04, 0x3b,
  0x86, 0xd5, 0xf8, 0x3a, 0xae, 0xa9, 0x0a, 0x3b, 0x79, 0x45, 0x03, 0x3b,
  0x32, 0x19, 0x0e, 0x3b, 0x34, 0xa5, 0xf9, 0x3a, 0xde, 0x5d, 0xe8, 0x3a,
  0xe3, 0x19, 0x09, 0x3b, 0x28, 0x00, 0x00, 0x00, 0x73, 0x65, 0x71, 0x75,
  0x65, 0x6e, 0x74, 0x69, 0x61, 0x6c, 0x5f, 0x34, 0x33, 0x5f, 0x31, 0x2f,
  0x63, 0x6f, 0x6e, 0x76, 0x32, 0x64, 0x5f, 0x31, 0x34, 0x31, 0x5f, 0x31,
  0x2f, 0x63, 0x6f, 0x6e, 0x76, 0x6f, 0x6c, 0x75, 0x74, 0x69, 0x6f, 0x6e,
  0x00, 0x00, 0x00, 0x00, 0x04, 0x00, 0x00, 0x00, 0x10, 0x00, 0x00, 0x00,
  0x03, 0x00, 0x00, 0x00, 0x01, 0x00, 0x00, 0x00, 0x10, 0x00, 0x00, 0x00,
  0xe2, 0xf3, 0xff, 0xff, 0x00, 0x00, 0x00, 0x01, 0x14, 0x00, 0x00, 0x00,
  0xe8, 0x00, 0x00, 0x00, 0x0f, 0x00, 0x00, 0x00, 0x00, 0x00, 0x00, 0x02,
  0x78, 0x01, 0x00, 0x00, 0xcc, 0xf3, 0xff, 0xff, 0x08, 0x00, 0x00, 0x00,
  0x8c, 0x00, 0x00, 0x00, 0x10, 0x00, 0x00, 0x00, 0x00, 0x00, 0x00, 0x00,
  0x00, 0x00, 0x00, 0x00, 0x00, 0x00, 0x00, 0x00, 0x00, 0x00, 0x00, 0x00,
  0x00, 0x00, 0x00, 0x00, 0x00, 0x00, 0x00, 0x00, 0x00, 0x00, 0x00, 0x00,
  0x00, 0x00, 0x00, 0x00, 0x00, 0x00, 0x00, 0x00, 0x00, 0x00, 0x00, 0x00,
  0x00, 0x00, 0x00, 0x00, 0x00, 0x00, 0x00, 0x00, 0x00, 0x00, 0x00, 0x00,
  0x00, 0x00, 0x00, 0x00, 0x00, 0x00, 0x00, 0x00, 0x00, 0x00, 0x00, 0x00,
  0x00, 0x00, 0x00, 0x00, 0x00, 0x00, 0x00, 0x00, 0x00, 0x00, 0x00, 0x00,
  0x00, 0x00, 0x00, 0x00, 0x00, 0x00, 0x00, 0x00, 0x00, 0x00, 0x00, 0x00,
  0x00, 0x00, 0x00, 0x00, 0x00, 0x00, 0x00, 0x00, 0x00, 0x00, 0x00, 0x00,
  0x00, 0x00, 0x00, 0x00, 0x00, 0x00, 0x00, 0x00, 0x00, 0x00, 0x00, 0x00,
  0x00, 0x00, 0x00, 0x00, 0x00, 0x00, 0x00, 0x00, 0x00, 0x00, 0x00, 0x00,
  0x00, 0x00, 0x00, 0x00, 0x00, 0x00, 0x00, 0x00, 0x10, 0x00, 0x00, 0x00,
  0xca, 0x45, 0x11, 0x38, 0xde, 0x41, 0xfd, 0x37, 0x86, 0x78, 0x12, 0x38,
  0x55, 0x47, 0x07, 0x38, 0x04, 0xc4, 0x01, 0x38, 0x49, 0x15, 0x02, 0x38,
  0x5a, 0x7e, 0x0b, 0x38, 0x02, 0xe1, 0xfe, 0x37, 0x00, 0x37, 0x07, 0x38,
  0xdd, 0xaf, 0xfd, 0x37, 0xf9, 0x5d, 0x0d, 0x38, 0xdd, 0xd4, 0x05, 0x38,
  0xa4, 0xde, 0x10, 0x38, 0x98, 0x83, 0xfe, 0x37, 0xfe, 0xe5, 0xec, 0x37,
  0x62, 0xc6, 0x0b, 0x38, 0x94, 0x00, 0x00, 0x00, 0x73, 0x65, 0x71, 0x75,
  0x65, 0x6e, 0x74, 0x69, 0x61, 0x6c, 0x5f, 0x34, 0x33, 0x5f, 0x31, 0x2f,
  0x63, 0x6f, 0x6e, 0x76, 0x32, 0x64, 0x5f, 0x31, 0x34, 0x31, 0x5f, 0x31,
  0x2f, 0x52, 0x65, 0x6c, 0x75, 0x3b, 0x73, 0x65, 0x71, 0x75, 0x65, 0x6e,
  0x74, 0x69, 0x61, 0x6c, 0x5f, 0x34, 0x33, 0x5f, 0x31, 0x2f, 0x63, 0x6f,
  0x6e, 0x76, 0x32, 0x64, 0x5f, 0x31, 0x34, 0x31, 0x5f, 0x31, 0x2f, 0x42,
  0x69, 0x61, 0x73, 0x41, 0x64, 0x64, 0x3b, 0x73, 0x65, 0x71, 0x75, 0x65,
  0x6e, 0x74, 0x69, 0x61, 0x6c, 0x5f, 0x34, 0x33, 0x5f, 0x31, 0x2f, 0x63,
  0x6f, 0x6e, 0x76, 0x32, 0x64, 0x5f, 0x31, 0x34, 0x31, 0x5f, 0x31, 0x2f,
  0x63, 0x6f, 0x6e, 0x76, 0x6f, 0x6c, 0x75, 0x74, 0x69, 0x6f, 0x6e, 0x3b,
  0x73, 0x65, 0x71, 0x75, 0x65, 0x6e, 0x74, 0x69, 0x61, 0x6c, 0x5f, 0x34,
  0x33, 0x5f, 0x31, 0x2f, 0x63, 0x6f, 0x6e, 0x76, 0x32, 0x64, 0x5f, 0x31,
  0x34, 0x31, 0x5f, 0x31, 0x2f, 0x53, 0x71, 0x75, 0x65, 0x65, 0x7a, 0x65,
  0x00, 0x00, 0x00, 0x00, 0x01, 0x00, 0x00, 0x00, 0x10, 0x00, 0x00, 0x00,
  0x7a, 0xf5, 0xff, 0xff, 0x00, 0x00, 0x00, 0x01, 0x14, 0x00, 0x00, 0x00,
  0x30, 0x00, 0x00, 0x00, 0x0e, 0x00, 0x00, 0x00, 0x00, 0x00, 0x00, 0x09,
  0x60, 0x00, 0x00, 0x00, 0x64, 0xf5, 0xff, 0xff, 0x08, 0x00, 0x00, 0x00,
  0x10, 0x00, 0x00, 0x00, 0x01, 0x00, 0x00, 0x00, 0x80, 0xff, 0xff, 0xff,
  0xff, 0xff, 0xff, 0xff, 0x01, 0x00, 0x00, 0x00, 0xd6, 0xb8, 0x3a, 0x3c,
  0x36, 0x00, 0x00, 0x00, 0x73, 0x65, 0x71, 0x75, 0x65, 0x6e, 0x74, 0x69,
  0x61, 0x6c, 0x5f, 0x34, 0x33, 0x5f, 0x31, 0x2f, 0x62, 0x61, 0x74, 0x63,
  0x68, 0x5f, 0x6e, 0x6f, 0x72, 0x6d, 0x61, 0x6c, 0x69, 0x7a, 0x61, 0x74,
  0x69, 0x6f, 0x6e, 0x5f, 0x36, 0x39, 0x5f, 0x31, 0x2f, 0x62, 0x61, 0x74,
  0x63, 0x68, 0x6e, 0x6f, 0x72, 0x6d, 0x2f, 0x6d, 0x75, 0x6c, 0x00, 0x00,
  0x01, 0x00, 0x00, 0x00, 0x10, 0x00, 0x00, 0x00, 0xfa, 0xf5, 0xff, 0xff,
  0x00, 0x00, 0x00, 0x01, 0x14, 0x00, 0x00, 0x00, 0x30, 0x00, 0x00, 0x00,
  0x0d, 0x00, 0x00, 0x00, 0x00, 0x00, 0x00, 0x09, 0x60, 0x00, 0x00, 0x00,
  0xe4, 0xf5, 0xff, 0xff, 0x08, 0x00, 0x00, 0x00, 0x10, 0x00, 0x00, 0x00,
  0x01, 0x00, 0x00, 0x00, 0x7f, 0x00, 0x00, 0x00, 0x00, 0x00, 0x00, 0x00,
  0x01, 0x00, 0x00, 0x00, 0x4a, 0x03, 0x79, 0x3b, 0x36, 0x00, 0x00, 0x00,
  0x73, 0x65, 0x71, 0x75, 0x65, 0x6e, 0x74, 0x69, 0x61, 0x6c, 0x5f, 0x34,
  0x33, 0x5f, 0x31, 0x2f, 0x62, 0x61, 0x74, 0x63, 0x68, 0x5f, 0x6e, 0x6f,
  0x72, 0x6d, 0x61, 0x6c, 0x69, 0x7a, 0x61, 0x74, 0x69, 0x6f, 0x6e, 0x5f,
  0x36, 0x39, 0x5f, 0x31, 0x2f, 0x62, 0x61, 0x74, 0x63, 0x68, 0x6e, 0x6f,
  0x72, 0x6d, 0x2f, 0x73, 0x75, 0x62, 0x00, 0x00, 0x01, 0x00, 0x00, 0x00,
  0x10, 0x00, 0x00, 0x00, 0x7a, 0xf6, 0xff, 0xff, 0x00, 0x00, 0x00, 0x01,
  0x14, 0x00, 0x00, 0x00, 0xe8, 0x00, 0x00, 0x00, 0x0c, 0x00, 0x00, 0x00,
  0x00, 0x00, 0x00, 0x09, 0x0c, 0x01, 0x00, 0x00, 0x64, 0xf6, 0xff, 0xff,
  0x08, 0x00, 0x00, 0x00, 0x8c, 0x00, 0x00, 0x00, 0x10, 0x00, 0x00, 0x00,
  0x00, 0x00, 0x00, 0x00, 0x00, 0x00, 0x00, 0x00, 0x00, 0x00, 0x00, 0x00,
  0x00, 0x00, 0x00, 0x00, 0x00, 0x00, 0x00, 0x00, 0x00, 0x00, 0x00, 0x00,
  0x00, 0x00, 0x00, 0x00, 0x00, 0x00, 0x00, 0x00, 0x00, 0x00, 0x00, 0x00,
  0x00, 0x00, 0x00, 0x00, 0x00, 0x00, 0x00, 0x00, 0x00, 0x00, 0x00, 0x00,
  0x00, 0x00, 0x00, 0x00, 0x00, 0x00, 0x00, 0x00, 0x00, 0x00, 0x00, 0x00,
  0x00, 0x00, 0x00, 0x00, 0x00, 0x00, 0x00, 0x00, 0x00, 0x00, 0x00, 0x00,
  0x00, 0x00, 0x00, 0x00, 0x00, 0x00, 0x00, 0x00, 0x00, 0x00, 0x00, 0x00,
  0x00, 0x00, 0x00, 0x00, 0x00, 0x00, 0x00, 0x00, 0x00, 0x00, 0x00, 0x00,
  0x00, 0x00, 0x00, 0x00, 0x00, 0x00, 0x00, 0x00, 0x00, 0x00, 0x00, 0x00,
  0x00, 0x00, 0x00, 0x00, 0x00, 0x00, 0x00, 0x00, 0x00, 0x00, 0x00, 0x00,
  0x00, 0x00, 0x00, 0x00, 0x00, 0x00, 0x00, 0x00, 0x00, 0x00, 0x00, 0x00,
  0x10, 0x00, 0x00, 0x00, 0xa4, 0x76, 0x06, 0x3b, 0x0d, 0x11, 0x07, 0x3b,
  0x9f, 0xaa, 0x09, 0x3b, 0xcf, 0xec, 0x0d, 0x3b, 0x0b, 0x73, 0x04, 0x3b,
  0xf1, 0xf7, 0x06, 0x3b, 0x69, 0xd1, 0x01, 0x3b, 0x22, 0x23, 0x0e, 0x3b,
  0x39, 0xf4, 0x1a, 0x3b, 0xca, 0x38, 0xf1, 0x3a, 0xcb, 0x94, 0x10, 0x3b,
  0xde, 0xe6, 0x02, 0x3b, 0x22, 0x1a, 0x03, 0x3b, 0x9e, 0x90, 0x0e, 0x3b,
  0xe7, 0xda, 0x06, 0x3b, 0x07, 0xab, 0x01, 0x3b, 0x28, 0x00, 0x00, 0x00,
  0x73, 0x65, 0x71, 0x75, 0x65, 0x6e, 0x74, 0x69, 0x61, 0x6c, 0x5f, 0x34,
  0x33, 0x5f, 0x31, 0x2f, 0x63, 0x6f, 0x6e, 0x76, 0x32, 0x64, 0x5f, 0x31,
  0x34, 0x32, 0x5f, 0x31, 0x2f, 0x63, 0x6f, 0x6e, 0x76, 0x6f, 0x6c, 0x75,
  0x74, 0x69, 0x6f, 0x6e, 0x00, 0x00, 0x00, 0x00, 0x04, 0x00, 0x00, 0x00,
  0x10, 0x00, 0x00, 0x00, 0x03, 0x00, 0x00, 0x00, 0x01, 0x00, 0x00, 0x00,
  0x10, 0x00, 0x00, 0x00, 0xb2, 0xf7, 0xff, 0xff, 0x00, 0x00, 0x00, 0x01,
  0x14, 0x00, 0x00, 0x00, 0xe8, 0x00, 0x00, 0x00, 0x0b, 0x00, 0x00, 0x00,
  0x00, 0x00, 0x00, 0x02, 0x78, 0x01, 0x00, 0x00, 0x9c, 0xf7, 0xff, 0xff,
  0x08, 0x00, 0x00, 0x00, 0x8c, 0x00, 0x00, 0x00, 0x10, 0x00, 0x00, 0x00,
  0x00, 0x00, 0x00, 0x00, 0x00, 0x00, 0x00, 0x00, 0x00, 0x00, 0x00, 0x00,
  0x00, 0x00, 0x00, 0x00, 0x00, 0x00, 0x00, 0x00, 0x00, 0x00, 0x00, 0x00,
  0x00, 0x00, 0x00, 0x00, 0x00, 0x00, 0x00, 0x00, 0x00, 0x00, 0x00, 0x00,
  0x00, 0x00, 0x00, 0x00, 0x00, 0x00, 0x00, 0x00, 0x00, 0x00, 0x00, 0x00,
  0x00, 0x00, 0x00, 0x00, 0x00, 0x00, 0x00, 0x00, 0x00, 0x00, 0x00, 0x00,
  0x00, 0x00, 0x00, 0x00, 0x00, 0x00, 0x00, 0x00, 0x00, 0x00, 0x00, 0x00,
  0x00, 0x00, 0x00, 0x00, 0x00, 0x00, 0x00, 0x00, 0x00, 0x00, 0x00, 0x00,
  0x00, 0x00, 0x00, 0x00, 0x00, 0x00, 0x00, 0x00, 0x00, 0x00, 0x00, 0x00,
  0x00, 0x00, 0x00, 0x00, 0x00, 0x00, 0x00, 0x00, 0x00, 0x00, 0x00, 0x00,
  0x00, 0x00, 0x00, 0x00, 0x00, 0x00, 0x00, 0x00, 0x00, 0x00, 0x00, 0x00,
  0x00, 0x00, 0x00, 0x00, 0x00, 0x00, 0x00, 0x00, 0x00, 0x00, 0x00, 0x00,
  0x10, 0x00, 0x00, 0x00, 0x50, 0xa6, 0x13, 0x38, 0xde, 0x4f, 0x14, 0x38,
  0xb5, 0x2a, 0x17, 0x38, 0xce, 0xd7, 0x1b, 0x38, 0x27, 0x70, 0x11, 0x38,
  0x4b, 0x34, 0x14, 0x38, 0x76, 0x8c, 0x0e, 0x38, 0x74, 0x13, 0x1c, 0x38,
  0x4e, 0x26, 0x2a, 0x38, 0x4e, 0x70, 0x04, 0x38, 0x79, 0xc2, 0x1e, 0x38,
  0x21, 0xbd, 0x0f, 0x38, 0x6c, 0xf5, 0x0f, 0x38, 0xad, 0x8b, 0x1c, 0x38,
  0x68, 0x14, 0x14, 0x38, 0x50, 0x62, 0x0e, 0x38, 0x94, 0x00, 0x00, 0x00,
  0x73, 0x65, 0x71, 0x75, 0x65, 0x6e, 0x74, 0x69, 0x61, 0x6c, 0x5f, 0x34,
  0x33, 0x5f, 0x31, 0x2f, 0x63, 0x6f, 0x6e, 0x76, 0x32, 0x64, 0x5f, 0x31,
  0x34, 0x32, 0x5f, 0x31, 0x2f, 0x52, 0x65, 0x6c, 0x75, 0x3b, 0x73, 0x65,
  0x71, 0x75, 0x65, 0x6e, 0x74, 0x69, 0x61, 0x6c, 0x5f, 0x34, 0x33, 0x5f,
  0x31, 0x2f, 0x63, 0x6f, 0x6e, 0x76, 0x32, 0x64, 0x5f, 0x31, 0x34, 0x32,
  0x5f, 0x31, 0x2f, 0x42, 0x69, 0x61, 0x73, 0x41, 0x64, 0x64, 0x3b, 0x73,
  0x65, 0x71, 0x75, 0x65, 0x6e, 0x74, 0x69, 0x61, 0x6c, 0x5f, 0x34, 0x33,
  0x5f, 0x31, 0x2f, 0x63, 0x6f, 0x6e, 0x76, 0x32, 0x64, 0x5f, 0x31, 0x34,
  0x32, 0x5f, 0x31, 0x2f, 0x63, 0x6f, 0x6e, 0x76, 0x6f, 0x6c, 0x75, 0x74,
  0x69, 0x6f, 0x6e, 0x3b, 0x73, 0x65, 0x71, 0x75, 0x65, 0x6e, 0x74, 0x69,
  0x61, 0x6c, 0x5f, 0x34, 0x33, 0x5f, 0x31, 0x2f, 0x63, 0x6f, 0x6e, 0x76,
  0x32, 0x64, 0x5f, 0x31, 0x34, 0x32, 0x5f, 0x31, 0x2f, 0x53, 0x71, 0x75,
  0x65, 0x65, 0x7a, 0x65, 0x00, 0x00, 0x00, 0x00, 0x01, 0x00, 0x00, 0x00,
  0x10, 0x00, 0x00, 0x00, 0x4a, 0xf9, 0xff, 0xff, 0x00, 0x00, 0x00, 0x01,
  0x14, 0x00, 0x00, 0x00, 0x30, 0x00, 0x00, 0x00, 0x0a, 0x00, 0x00, 0x00,
  0x00, 0x00, 0x00, 0x09, 0x60, 0x00, 0x00, 0x00, 0x34, 0xf9, 0xff, 0xff,
  0x08, 0x00, 0x00, 0x00, 0x10, 0x00, 0x00, 0x00, 0x01, 0x00, 0x00, 0x00,
  0x80, 0xff, 0xff, 0xff, 0xff, 0xff, 0xff, 0xff, 0x01, 0x00, 0x00, 0x00,
  0xb1, 0xe2, 0x2b, 0x3c, 0x36, 0x00, 0x00, 0x00, 0x73, 0x65, 0x71, 0x75,
  0x65, 0x6e, 0x74, 0x69, 0x61, 0x6c, 0x5f, 0x34, 0x33, 0x5f, 0x31, 0x2f,
  0x62, 0x61, 0x74, 0x63, 0x68, 0x5f, 0x6e, 0x6f, 0x72, 0x6d, 0x61, 0x6c,
  0x69, 0x7a, 0x61, 0x74, 0x69, 0x6f, 0x6e, 0x5f, 0x37, 0x30, 0x5f, 0x31,
  0x2f, 0x62, 0x61, 0x74, 0x63, 0x68, 0x6e, 0x6f, 0x72, 0x6d, 0x2f, 0x6d,
  0x75, 0x6c, 0x00, 0x00, 0x01, 0x00, 0x00, 0x00, 0x10, 0x00, 0x00, 0x00,
  0xca, 0xf9, 0xff, 0xff, 0x00, 0x00, 0x00, 0x01, 0x14, 0x00, 0x00, 0x00,
  0x30, 0x00, 0x00, 0x00, 0x09, 0x00, 0x00, 0x00, 0x00, 0x00, 0x00, 0x09,
  0x60, 0x00, 0x00, 0x00, 0xb4, 0xf9, 0xff, 0xff, 0x08, 0x00, 0x00, 0x00,
  0x10, 0x00, 0x00, 0x00, 0x01, 0x00, 0x00, 0x00, 0x7f, 0x00, 0x00, 0x00,
  0x00, 0x00, 0x00, 0x00, 0x01, 0x00, 0x00, 0x00, 0x4e, 0x54, 0xa0, 0x3b,
  0x36, 0x00, 0x00, 0x00, 0x73, 0x65, 0x71, 0x75, 0x65, 0x6e, 0x74, 0x69,
  0x61, 0x6c, 0x5f, 0x34, 0x33, 0x5f, 0x31, 0x2f, 0x62, 0x61, 0x74, 0x63,
  0x68, 0x5f, 0x6e, 0x6f, 0x72, 0x6d, 0x61, 0x6c, 0x69, 0x7a, 0x61, 0x74,
  0x69, 0x6f, 0x6e, 0x5f, 0x37, 0x30, 0x5f, 0x31, 0x2f, 0x62, 0x61, 0x74,
  0x63, 0x68, 0x6e, 0x6f, 0x72, 0x6d, 0x2f, 0x73, 0x75, 0x62, 0x00, 0x00,
  0x01, 0x00, 0x00, 0x00, 0x10, 0x00, 0x00, 0x00, 0x4a, 0xfa, 0xff, 0xff,
  0x00, 0x00, 0x00, 0x01, 0x14, 0x00, 0x00, 0x00, 0xe8, 0x00, 0x00, 0x00,
  0x08, 0x00, 0x00, 0x00, 0x00, 0x00, 0x00, 0x09, 0x0c, 0x01, 0x00, 0x00,
  0x34, 0xfa, 0xff, 0xff, 0x08, 0x00, 0x00, 0x00, 0x8c, 0x00, 0x00, 0x00,
  0x10, 0x00, 0x00, 0x00, 0x00, 0x00, 0x00, 0x00, 0x00, 0x00, 0x00, 0x00,
  0x00, 0x00, 0x00, 0x00, 0x00, 0x00, 0x00, 0x00, 0x00, 0x00, 0x00, 0x00,
  0x00, 0x00, 0x00, 0x00, 0x00, 0x00, 0x00, 0x00, 0x00, 0x00, 0x00, 0x00,
  0x00, 0x00, 0x00, 0x00, 0x00, 0x00, 0x00, 0x00, 0x00, 0x00, 0x00, 0x00,
  0x00, 0x00, 0x00, 0x00, 0x00, 0x00, 0x00, 0x00, 0x00, 0x00, 0x00, 0x00,
  0x00, 0x00, 0x00, 0x00, 0x00, 0x00, 0x00, 0x00, 0x00, 0x00, 0x00, 0x00,
  0x00, 0x00, 0x00, 0x00, 0x00, 0x00, 0x00, 0x00, 0x00, 0x00, 0x00, 0x00,
  0x00, 0x00, 0x00, 0x00, 0x00, 0x00, 0x00, 0x00, 0x00, 0x00, 0x00, 0x00,
  0x00, 0x00, 0x00, 0x00, 0x00, 0x00, 0x00, 0x00, 0x00, 0x00, 0x00, 0x00,
  0x00, 0x00, 0x00, 0x00, 0x00, 0x00, 0x00, 0x00, 0x00, 0x00, 0x00, 0x00,
  0x00, 0x00, 0x00, 0x00, 0x00, 0x00, 0x00, 0x00, 0x00, 0x00, 0x00, 0x00,
  0x00, 0x00, 0x00, 0x00, 0x10, 0x00, 0x00, 0x00, 0x57, 0x57, 0x04, 0x3b,
  0x33, 0xda, 0x0c, 0x3b, 0x04, 0x0a, 0x02, 0x3b, 0x1a, 0xc3, 0x0a, 0x3b,
  0xe0, 0x5d, 0x0e, 0x3b, 0x31, 0x75, 0x0b, 0x3b, 0x45, 0xbe, 0x0b, 0x3b,
  0xf4, 0x62, 0x0d, 0x3b, 0x88, 0xfd, 0x07, 0x3b, 0xc8, 0x65, 0x02, 0x3b,
  0x24, 0xf9, 0x06, 0x3b, 0x4c, 0xcd, 0x0b, 0x3b, 0xf3, 0x3f, 0x0b, 0x3b,
  0x28, 0x75, 0x0a, 0x3b, 0x6b, 0x80, 0x0c, 0x3b, 0xba, 0xb5, 0x10, 0x3b,
  0x28, 0x00, 0x00, 0x00, 0x73, 0x65, 0x71, 0x75, 0x65, 0x6e, 0x74, 0x69,
  0x61, 0x6c, 0x5f, 0x34, 0x33, 0x5f, 0x31, 0x2f, 0x63, 0x6f, 0x6e, 0x76,
  0x32, 0x64, 0x5f, 0x31, 0x34, 0x33, 0x5f, 0x31, 0x2f, 0x63, 0x6f, 0x6e,
  0x76, 0x6f, 0x6c, 0x75, 0x74, 0x69, 0x6f, 0x6e, 0x00, 0x00, 0x00, 0x00,
  0x04, 0x00, 0x00, 0x00, 0x10, 0x00, 0x00, 0x00, 0x03, 0x00, 0x00, 0x00,
  0x01, 0x00, 0x00, 0x00, 0x10, 0x00, 0x00, 0x00, 0x82, 0xfb, 0xff, 0xff,
  0x00, 0x00, 0x00, 0x01, 0x14, 0x00, 0x00, 0x00, 0xe8, 0x00, 0x00, 0x00,
  0x07, 0x00, 0x00, 0x00, 0x00, 0x00, 0x00, 0x02, 0x78, 0x01, 0x00, 0x00,
  0x6c, 0xfb, 0xff, 0xff, 0x08, 0x00, 0x00, 0x00, 0x8c, 0x00, 0x00, 0x00,
  0x10, 0x00, 0x00, 0x00, 0x00, 0x00, 0x00, 0x00, 0x00, 0x00, 0x00, 0x00,
  0x00, 0x00, 0x00, 0x00, 0x00, 0x00, 0x00, 0x00, 0x00, 0x00, 0x00, 0x00,
  0x00, 0x00, 0x00, 0x00, 0x00, 0x00, 0x00, 0x00, 0x00, 0x00, 0x00, 0x00,
  0x00, 0x00, 0x00, 0x00, 0x00, 0x00, 0x00, 0x00, 0x00, 0x00, 0x00, 0x00,
  0x00, 0x00, 0x00, 0x00, 0x00, 0x00, 0x00, 0x00, 0x00, 0x00, 0x00, 0x00,
  0x00, 0x00, 0x00, 0x00, 0x00, 0x00, 0x00, 0x00, 0x00, 0x00, 0x00, 0x00,
  0x00, 0x00, 0x00, 0x00, 0x00, 0x00, 0x00, 0x00, 0x00, 0x00, 0x00, 0x00,
  0x00, 0x00, 0x00, 0x00, 0x00, 0x00, 0x00, 0x00, 0x00, 0x00, 0x00, 0x00,
  0x00, 0x00, 0x00, 0x00, 0x00, 0x00, 0x00, 0x00, 0x00, 0x00, 0x00, 0x00,
  0x00, 0x00, 0x00, 0x00, 0x00, 0x00, 0x00, 0x00, 0x00, 0x00, 0x00, 0x00,
  0x00, 0x00, 0x00, 0x00, 0x00, 0x00, 0x00, 0x00, 0x00, 0x00, 0x00, 0x00,
  0x00, 0x00, 0x00, 0x00, 0x10, 0x00, 0x00, 0x00, 0x5e, 0xff, 0x2b, 0x38,
  0x21, 0x0f, 0x37, 0x38, 0x73, 0x01, 0x29, 0x38, 0xb0, 0x57, 0x34, 0x38,
  0xf9, 0x06, 0x39, 0x38, 0x24, 0x3f, 0x35, 0x38, 0x1e, 0x9e, 0x35, 0x38,
  0xdc, 0xc0, 0x37, 0x38, 0x7e, 0xbd, 0x30, 0x38, 0xb7, 0x78, 0x29, 0x38,
  0x13, 0x6b, 0x2f, 0x38, 0xa6, 0xb1, 0x35, 0x38, 0xf2, 0xf9, 0x34, 0x38,
  0x62, 0xf2, 0x33, 0x38, 0x71, 0x9a, 0x36, 0x38, 0x92, 0x12, 0x3c, 0x38,
  0x94, 0x00, 0x00, 0x00, 0x73, 0x65, 0x71, 0x75, 0x65, 0x6e, 0x74, 0x69,
  0x61, 0x6c, 0x5f, 0x34, 0x33, 0x5f, 0x31, 0x2f, 0x63, 0x6f, 0x6e, 0x76,
  0x32, 0x64, 0x5f, 0x31, 0x34, 0x33, 0x5f, 0x31, 0x2f, 0x52, 0x65, 0x6c,
  0x75, 0x3b, 0x73, 0x65, 0x71, 0x75, 0x65, 0x6e, 0x74, 0x69, 0x61, 0x6c,
  0x5f, 0x34, 0x33, 0x5f, 0x31, 0x2f, 0x63, 0x6f, 0x6e, 0x76, 0x32, 0x64,
  0x5f, 0x31, 0x34, 0x33, 0x5f, 0x31, 0x2f, 0x42, 0x69, 0x61, 0x73, 0x41,
  0x64, 0x64, 0x3b, 0x73, 0x65, 0x71, 0x75, 0x65, 0x6e, 0x74, 0x69, 0x61,
  0x6c, 0x5f, 0x34, 0x33, 0x5f, 0x31, 0x2f, 0x63, 0x6f, 0x6e, 0x76, 0x32,
  0x64, 0x5f, 0x31, 0x34, 0x33, 0x5f, 0x31, 0x2f, 0x63, 0x6f, 0x6e, 0x76,
  0x6f, 0x6c, 0x75, 0x74, 0x69, 0x6f, 0x6e, 0x3b, 0x73, 0x65, 0x71, 0x75,
  0x65, 0x6e, 0x74, 0x69, 0x61, 0x6c, 0x5f, 0x34, 0x33, 0x5f, 0x31, 0x2f,
  0x63, 0x6f, 0x6e, 0x76, 0x32, 0x64, 0x5f, 0x31, 0x34, 0x33, 0x5f, 0x31,
  0x2f, 0x53, 0x71, 0x75, 0x65, 0x65, 0x7a, 0x65, 0x00, 0x00, 0x00, 0x00,
  0x01, 0x00, 0x00, 0x00, 0x10, 0x00, 0x00, 0x00, 0x1a, 0xfd, 0xff, 0xff,
  0x00, 0x00, 0x00, 0x01, 0x14, 0x00, 0x00, 0x00, 0x30, 0x00, 0x00, 0x00,
  0x06, 0x00, 0x00, 0x00, 0x00, 0x00, 0x00, 0x09, 0x60, 0x00, 0x00, 0x00,
  0x04, 0xfd, 0xff, 0xff, 0x08, 0x00, 0x00, 0x00, 0x10, 0x00, 0x00, 0x00,
  0x01, 0x00, 0x00, 0x00, 0x80, 0xff, 0xff, 0xff, 0xff, 0xff, 0xff, 0xff,
  0x01, 0x00, 0x00, 0x00, 0x25, 0xe1, 0x74, 0x3c, 0x36, 0x00, 0x00, 0x00,
  0x73, 0x65, 0x71, 0x75, 0x65, 0x6e, 0x74, 0x69, 0x61, 0x6c, 0x5f, 0x34,
  0x33, 0x5f, 0x31, 0x2f, 0x62, 0x61, 0x74, 0x63, 0x68, 0x5f, 0x6e, 0x6f,
  0x72, 0x6d, 0x61, 0x6c, 0x69, 0x7a, 0x61, 0x74, 0x69, 0x6f, 0x6e, 0x5f,
  0x37, 0x31, 0x5f, 0x31, 0x2f, 0x62, 0x61, 0x74, 0x63, 0x68, 0x6e, 0x6f,
  0x72, 0x6d, 0x2f, 0x6d, 0x75, 0x6c, 0x00, 0x00, 0x01, 0x00, 0x00, 0x00,
  0x10, 0x00, 0x00, 0x00, 0x9a, 0xfd, 0xff, 0xff, 0x00, 0x00, 0x00, 0x01,
  0x14, 0x00, 0x00, 0x00, 0x30, 0x00, 0x00, 0x00, 0x05, 0x00, 0x00, 0x00,
  0x00, 0x00, 0x00, 0x09, 0x60, 0x00, 0x00, 0x00, 0x84, 0xfd, 0xff, 0xff,
  0x08, 0x00, 0x00, 0x00, 0x10, 0x00, 0x00, 0x00, 0x01, 0x00, 0x00, 0x00,
  0x7f, 0x00, 0x00, 0x00, 0x00, 0x00, 0x00, 0x00, 0x01, 0x00, 0x00, 0x00,
  0x4f, 0xca, 0x8b, 0x3b, 0x36, 0x00, 0x00, 0x00, 0x73, 0x65, 0x71, 0x75,
  0x65, 0x6e, 0x74, 0x69, 0x61, 0x6c, 0x5f, 0x34, 0x33, 0x5f, 0x31, 0x2f,
  0x62, 0x61, 0x74, 0x63, 0x68, 0x5f, 0x6e, 0x6f, 0x72, 0x6d, 0x61, 0x6c,
  0x69, 0x7a, 0x61, 0x74, 0x69, 0x6f, 0x6e, 0x5f, 0x37, 0x31, 0x5f, 0x31,
  0x2f, 0x62, 0x61, 0x74, 0x63, 0x68, 0x6e, 0x6f, 0x72, 0x6d, 0x2f, 0x73,
  0x75, 0x62, 0x00, 0x00, 0x01, 0x00, 0x00, 0x00, 0x10, 0x00, 0x00, 0x00,
  0x1a, 0xfe, 0xff, 0xff, 0x00, 0x00, 0x00, 0x01, 0x14, 0x00, 0x00, 0x00,
  0x78, 0x00, 0x00, 0x00, 0x04, 0x00, 0x00, 0x00, 0x00, 0x00, 0x00, 0x09,
  0x94, 0x00, 0x00, 0x00, 0x04, 0xfe, 0xff, 0xff, 0x08, 0x00, 0x00, 0x00,
  0x40, 0x00, 0x00, 0x00, 0x07, 0x00, 0x00, 0x00, 0x00, 0x00, 0x00, 0x00,
  0x00, 0x00, 0x00, 0x00, 0x00, 0x00, 0x00, 0x00, 0x00, 0x00, 0x00, 0x00,
  0x00, 0x00, 0x00, 0x00, 0x00, 0x00, 0x00, 0x00, 0x00, 0x00, 0x00, 0x00,
  0x00, 0x00, 0x00, 0x00, 0x00, 0x00, 0x00, 0x00, 0x00, 0x00, 0x00, 0x00,
  0x00, 0x00, 0x00, 0x00, 0x00, 0x00, 0x00, 0x00, 0x00, 0x00, 0x00, 0x00,
  0x00, 0x00, 0x00, 0x00, 0x07, 0x00, 0x00, 0x00, 0x14, 0x45, 0x8e, 0x3b,
  0x22, 0xe1, 0x89, 0x3b, 0xdc, 0xc2, 0x9e, 0x3b, 0x2b, 0x96, 0x9a, 0x3b,
  0x69, 0xdd, 0x7c, 0x3b, 0x0b, 0x46, 0x8c, 0x3b, 0xde, 0xe5, 0x6f, 0x3b,
  0x21, 0x00, 0x00, 0x00, 0x73, 0x65, 0x71, 0x75, 0x65, 0x6e, 0x74, 0x69,
  0x61, 0x6c, 0x5f, 0x34, 0x33, 0x5f, 0x31, 0x2f, 0x64, 0x65, 0x6e, 0x73,
  0x65, 0x5f, 0x34, 0x33, 0x5f, 0x31, 0x2f, 0x4d, 0x61, 0x74, 0x4d, 0x75,
  0x6c, 0x00, 0x00, 0x00, 0x02, 0x00, 0x00, 0x00, 0x07, 0x00, 0x00, 0x00,
  0x10, 0x00, 0x00, 0x00, 0xd2, 0xfe, 0xff, 0xff, 0x00, 0x00, 0x00, 0x01,
  0x14, 0x00, 0x00, 0x00, 0x78, 0x00, 0x00, 0x00, 0x03, 0x00, 0x00, 0x00,
  0x00, 0x00, 0x00, 0x02, 0x94, 0x00, 0x00, 0x00, 0xbc, 0xfe, 0xff, 0xff,
  0x08, 0x00, 0x00, 0x00, 0x40, 0x00, 0x00, 0x00, 0x07, 0x00, 0x00, 0x00,
  0x00, 0x00, 0x00, 0x00, 0x00, 0x00, 0x00, 0x00, 0x00, 0x00, 0x00, 0x00,
  0x00, 0x00, 0x00, 0x00, 0x00, 0x00, 0x00, 0x00, 0x00, 0x00, 0x00, 0x00,
  0x00, 0x00, 0x00, 0x00, 0x00, 0x00, 0x00, 0x00, 0x00, 0x00, 0x00, 0x00,
  0x00, 0x00, 0x00, 0x00, 0x00, 0x00, 0x00, 0x00, 0x00, 0x00, 0x00, 0x00,
  0x00, 0x00, 0x00, 0x00, 0x00, 0x00, 0x00, 0x00, 0x07, 0x00, 0x00, 0x00,
  0x0c, 0x30, 0x15, 0x38, 0x74, 0x95, 0x10, 0x38, 0x1d, 0x7b, 0x26, 0x38,
  0x75, 0x1a, 0x22, 0x38, 0x88, 0x94, 0x04, 0x38, 0x2a, 0x18, 0x13, 0x38,
  0x1c, 0x90, 0xfb, 0x37, 0x22, 0x00, 0x00, 0x00, 0x73, 0x65, 0x71, 0x75,
  0x65, 0x6e, 0x74, 0x69, 0x61, 0x6c, 0x5f, 0x34, 0x33, 0x5f, 0x31, 0x2f,
  0x64, 0x65, 0x6e, 0x73, 0x65, 0x5f, 0x34, 0x33, 0x5f, 0x31, 0x2f, 0x42,
  0x69, 0x61, 0x73, 0x41, 0x64, 0x64, 0x00, 0x00, 0x01, 0x00, 0x00, 0x00,
  0x07, 0x00, 0x00, 0x00, 0x86, 0xff, 0xff, 0xff, 0x00, 0x00, 0x00, 0x01,
  0x18, 0x00, 0x00, 0x00, 0x18, 0x00, 0x00, 0x00, 0x02, 0x00, 0x00, 0x00,
  0x00, 0x00, 0x00, 0x02, 0x58, 0x00, 0x00, 0x00, 0x04, 0x00, 0x04, 0x00,
  0x04, 0x00, 0x00, 0x00, 0x44, 0x00, 0x00, 0x00, 0x73, 0x65, 0x71, 0x75,
  0x65, 0x6e, 0x74, 0x69, 0x61, 0x6c, 0x5f, 0x34, 0x33, 0x5f, 0x31, 0x2f,
  0x67, 0x6c, 0x6f, 0x62, 0x61, 0x6c, 0x5f, 0x61, 0x76, 0x65, 0x72, 0x61,
  0x67, 0x65, 0x5f, 0x70, 0x6f, 0x6f, 0x6c, 0x69, 0x6e, 0x67, 0x32, 0x64,
  0x5f, 0x34, 0x33, 0x5f, 0x31, 0x2f, 0x4d, 0x65, 0x61, 0x6e, 0x2f, 0x72,
  0x65, 0x64, 0x75, 0x63, 0x74, 0x69, 0x6f, 0x6e, 0x5f, 0x69, 0x6e, 0x64,
  0x69, 0x63, 0x65, 0x73, 0x00, 0x00, 0x00, 0x00, 0x01, 0x00, 0x00, 0x00,
  0x02, 0x00, 0x00, 0x00, 0x00, 0x00, 0x16, 0x00, 0x1c, 0x00, 0x18, 0x00,
  0x17, 0x00, 0x10, 0x00, 0x0c, 0x00, 0x08, 0x00, 0x00, 0x00, 0x00, 0x00,
  0x00, 0x00, 0x07, 0x00, 0x16, 0x00, 0x00, 0x00, 0x00, 0x00, 0x00, 0x01,
  0x20, 0x00, 0x00, 0x00, 0x40, 0x00, 0x00, 0x00, 0x01, 0x00, 0x00, 0x00,
  0x00, 0x00, 0x00, 0x09, 0x5c, 0x00, 0x00, 0x00, 0x0c, 0x00, 0x0c, 0x00,
  0x00, 0x00, 0x00, 0x00, 0x08, 0x00, 0x04, 0x00, 0x0c, 0x00, 0x00, 0x00,
  0x08, 0x00, 0x00, 0x00, 0x14, 0x00, 0x00, 0x00, 0x01, 0x00, 0x00, 0x00,
  0xf1, 0xff, 0xff, 0xff, 0xff, 0xff, 0xff, 0xff, 0x00, 0x00, 0x00, 0x00,
  0x01, 0x00, 0x00, 0x00, 0x9e, 0x8d, 0xf5, 0x3f, 0x23, 0x00, 0x00, 0x00,
  0x73, 0x65, 0x72, 0x76, 0x69, 0x6e, 0x67, 0x5f, 0x64, 0x65, 0x66, 0x61,
  0x75, 0x6c, 0x74, 0x5f, 0x6b, 0x65, 0x72, 0x61, 0x73, 0x5f, 0x74, 0x65,
  0x6e, 0x73, 0x6f, 0x72, 0x5f, 0x33, 0x33, 0x33, 0x39, 0x3a, 0x30, 0x00,
  0x04, 0x00, 0x00, 0x00, 0x01, 0x00, 0x00, 0x00, 0x0f, 0x00, 0x00, 0x00,
  0x01, 0x00, 0x00, 0x00, 0x09, 0x00, 0x00, 0x00, 0x07, 0x00, 0x00, 0x00,
  0x94, 0x00, 0x00, 0x00, 0x74, 0x00, 0x00, 0x00, 0x68, 0x00, 0x00, 0x00,
  0x4c, 0x00, 0x00, 0x00, 0x2c, 0x00, 0x00, 0x00, 0x18, 0x00, 0x00, 0x00,
  0x04, 0x00, 0x00, 0x00, 0x94, 0xff, 0xff, 0xff, 0x19, 0x00, 0x00, 0x00,
  0x02, 0x00, 0x00, 0x00, 0x00, 0x00, 0x00, 0x19, 0xa4, 0xff, 0xff, 0xff,
  0x09, 0x00, 0x00, 0x00, 0x04, 0x00, 0x00, 0x00, 0x00, 0x00, 0x00, 0x09,
  0xb4, 0xff, 0xff, 0xff, 0x28, 0x00, 0x00, 0x00, 0x02, 0x00, 0x00, 0x00,
  0x00, 0x00, 0x00, 0x28, 0x0c, 0x00, 0x0e, 0x00, 0x0d, 0x00, 0x00, 0x00,
  0x08, 0x00, 0x04, 0x00, 0x0c, 0x00, 0x00, 0x00, 0x11, 0x00, 0x00, 0x00,
  0x02, 0x00, 0x00, 0x00, 0x00, 0x11, 0x0a, 0x00, 0x08, 0x00, 0x00, 0x00,
  0x00, 0x00, 0x04, 0x00, 0x0a, 0x00, 0x00, 0x00, 0x02, 0x00, 0x00, 0x00,
  0xf0, 0xff, 0xff, 0xff, 0x12, 0x00, 0x00, 0x00, 0x02, 0x00, 0x00, 0x00,
  0x00, 0x00, 0x00, 0x12, 0x0c, 0x00, 0x10, 0x00, 0x0f, 0x00, 0x00, 0x00,
  0x08, 0x00, 0x04, 0x00, 0x0c, 0x00, 0x00, 0x00, 0x03, 0x00, 0x00, 0x00,
  0x03, 0x00, 0x00, 0x00, 0x00, 0x00, 0x00, 0x03
};
unsigned int tflite_models_conv_5_15_ON_int8_tflite_len = 18032;
