unsigned char tflite_models_conv_8_15_ON_int8_tflite[] = {
  0x20, 0x00, 0x00, 0x00, 0x54, 0x46, 0x4c, 0x33, 0x00, 0x00, 0x00, 0x00,
  0x14, 0x00, 0x20, 0x00, 0x1c, 0x00, 0x18, 0x00, 0x14, 0x00, 0x10, 0x00,
  0x0c, 0x00, 0x00, 0x00, 0x08, 0x00, 0x04, 0x00, 0x14, 0x00, 0x00, 0x00,
  0x1c, 0x00, 0x00, 0x00, 0x9c, 0x00, 0x00, 0x00, 0xf4, 0x00, 0x00, 0x00,
  0xa0, 0x22, 0x00, 0x00, 0xb0, 0x22, 0x00, 0x00, 0xa8, 0x64, 0x00, 0x00,
  0x03, 0x00, 0x00, 0x00, 0x01, 0x00, 0x00, 0x00, 0x10, 0x00, 0x00, 0x00,
  0x00, 0x00, 0x0a, 0x00, 0x10, 0x00, 0x0c, 0x00, 0x08, 0x00, 0x04, 0x00,
  0x0a, 0x00, 0x00, 0x00, 0x0c, 0x00, 0x00, 0x00, 0x1c, 0x00, 0x00, 0x00,
  0x3c, 0x00, 0x00, 0x00, 0x0f, 0x00, 0x00, 0x00, 0x73, 0x65, 0x72, 0x76,
  0x69, 0x6e, 0x67, 0x5f, 0x64, 0x65, 0x66, 0x61, 0x75, 0x6c, 0x74, 0x00,
  0x01, 0x00, 0x00, 0x00, 0x04, 0x00, 0x00, 0x00, 0x8c, 0xff, 0xff, 0xff,
  0x46, 0x00, 0x00, 0x00, 0x04, 0x00, 0x00, 0x00, 0x08, 0x00, 0x00, 0x00,
  0x6f, 0x75, 0x74, 0x70, 0x75, 0x74, 0x5f, 0x30, 0x00, 0x00, 0x00, 0x00,
  0x01, 0x00, 0x00, 0x00, 0x04, 0x00, 0x00, 0x00, 0xea, 0xdc, 0xff, 0xff,
  0x04, 0x00, 0x00, 0x00, 0x11, 0x00, 0x00, 0x00, 0x6b, 0x65, 0x72, 0x61,
  0x73, 0x5f, 0x74, 0x65, 0x6e, 0x73, 0x6f, 0x72, 0x5f, 0x38, 0x38, 0x37,
  0x32, 0x00, 0x00, 0x00, 0x02, 0x00, 0x00, 0x00, 0x34, 0x00, 0x00, 0x00,
  0x04, 0x00, 0x00, 0x00, 0xdc, 0xff, 0xff, 0xff, 0x49, 0x00, 0x00, 0x00,
  0x04, 0x00, 0x00, 0x00, 0x13, 0x00, 0x00, 0x00, 0x43, 0x4f, 0x4e, 0x56,
  0x45, 0x52, 0x53, 0x49, 0x4f, 0x4e, 0x5f, 0x4d, 0x45, 0x54, 0x41, 0x44,
  0x41, 0x54, 0x41, 0x00, 0x08, 0x00, 0x0c, 0x00, 0x08, 0x00, 0x04, 0x00,
  0x08, 0x00, 0x00, 0x00, 0x48, 0x00, 0x00, 0x00, 0x04, 0x00, 0x00, 0x00,
  0x13, 0x00, 0x00, 0x00, 0x6d, 0x69, 0x6e, 0x5f, 0x72, 0x75, 0x6e, 0x74,
  0x69, 0x6d, 0x65, 0x5f, 0x76, 0x65, 0x72, 0x73, 0x69, 0x6f, 0x6e, 0x00,
  0x4a, 0x00, 0x00, 0x00, 0xa8, 0x21, 0x00, 0x00, 0xa0, 0x21, 0x00, 0x00,
  0x88, 0x21, 0x00, 0x00, 0x5c, 0x21, 0x00, 0x00, 0xdc, 0x20, 0x00, 0x00,
  0xbc, 0x20, 0x00, 0x00, 0x9c, 0x20, 0x00, 0x00, 0x4c, 0x20, 0x00, 0x00,
  0x3c, 0x1d, 0x00, 0x00, 0x1c, 0x1d, 0x00, 0x00, 0xfc, 0x1c, 0x00, 0x00,
  0xac, 0x1c, 0x00, 0x00, 0x9c, 0x19, 0x00, 0x00, 0x7c, 0x19, 0x00, 0x00,
  0x5c, 0x19, 0x00, 0x00, 0x0c, 0x19, 0x00, 0x00, 0xfc, 0x15, 0x00, 0x00,
  0xdc, 0x15, 0x00, 0x00, 0xbc, 0x15, 0x00, 0x00, 0x6c, 0x15, 0x00, 0x00,
  0x5c, 0x12, 0x00, 0x00, 0x3c, 0x12, 0x00, 0x00, 0x1c, 0x12, 0x00, 0x00,
  0xcc, 0x11, 0x00, 0x00, 0xbc, 0x0e, 0x00, 0x00, 0x9c, 0x0e, 0x00, 0x00,
  0x7c, 0x0e, 0x00, 0x00, 0x2c, 0x0e, 0x00, 0x00, 0x1c, 0x0b, 0x00, 0x00,
  0xfc, 0x0a, 0x00, 0x00, 0xdc, 0x0a, 0x00, 0x00, 0x8c, 0x0a, 0x00, 0x00,
  0x7c, 0x07, 0x00, 0x00, 0x5c, 0x07, 0x00, 0x00, 0x3c, 0x07, 0x00, 0x00,
  0xec, 0x06, 0x00, 0x00, 0xdc, 0x03, 0x00, 0x00, 0xbc, 0x03, 0x00, 0x00,
  0x9c, 0x03, 0x00, 0x00, 0x4c, 0x03, 0x00, 0x00, 0x8c, 0x01, 0x00, 0x00,
  0x84, 0x01, 0x00, 0x00, 0x7c, 0x01, 0x00, 0x00, 0x74, 0x01, 0x00, 0x00,
  0x6c, 0x01, 0x00, 0x00, 0x64, 0x01, 0x00, 0x00, 0x5c, 0x01, 0x00, 0x00,
  0x54, 0x01, 0x00, 0x00, 0x4c, 0x01, 0x00, 0x00, 0x44, 0x01, 0x00, 0x00,
  0x3c, 0x01, 0x00, 0x00, 0x34, 0x01, 0x00, 0x00, 0x2c, 0x01, 0x00, 0x00,
  0x24, 0x01, 0x00, 0x00, 0x1c, 0x01, 0x00, 0x00, 0x14, 0x01, 0x00, 0x00,
  0x0c, 0x01, 0x00, 0x00, 0x04, 0x01, 0x00, 0x00, 0xfc, 0x00, 0x00, 0x00,
  0xf4, 0x00, 0x00, 0x00, 0xec, 0x00, 0x00, 0x00, 0xe4, 0x00, 0x00, 0x00,
  0xdc, 0x00, 0x00, 0x00, 0xd4, 0x00, 0x00, 0x00, 0xcc, 0x00, 0x00, 0x00,
  0xc4, 0x00, 0x00, 0x00, 0xbc, 0x00, 0x00, 0x00, 0xb4, 0x00, 0x00, 0x00,
  0xac, 0x00, 0x00, 0x00, 0xa4, 0x00, 0x00, 0x00, 0x9c, 0x00, 0x00, 0x00,
  0x94, 0x00, 0x00, 0x00, 0x74, 0x00, 0x00, 0x00, 0x04, 0x00, 0x00, 0x00,
  0x92, 0xde, 0xff, 0xff, 0x04, 0x00, 0x00, 0x00, 0x60, 0x00, 0x00, 0x00,
  0x0c, 0x00, 0x00, 0x00, 0x08, 0x00, 0x0e, 0x00, 0x08, 0x00, 0x04, 0x00,
  0x08, 0x00, 0x00, 0x00, 0x10, 0x00, 0x00, 0x00, 0x28, 0x00, 0x00, 0x00,
  0x00, 0x00, 0x06, 0x00, 0x08, 0x00, 0x04, 0x00, 0x06, 0x00, 0x00, 0x00,
  0x04, 0x00, 0x00, 0x00, 0x01, 0x00, 0x00, 0x00, 0xeb, 0x03, 0x00, 0x00,
  0x0c, 0x00, 0x18, 0x00, 0x14, 0x00, 0x10, 0x00, 0x0c, 0x00, 0x04, 0x00,
  0x0c, 0x00, 0x00, 0x00, 0x13, 0x1e, 0x8c, 0x79, 0x03, 0x6d, 0x09, 0x27,
  0x02, 0x00, 0x00, 0x00, 0x02, 0x00, 0x00, 0x00, 0x04, 0x00, 0x00, 0x00,
  0x06, 0x00, 0x00, 0x00, 0x32, 0x2e, 0x32, 0x31, 0x2e, 0x30, 0x00, 0x00,
  0xfe, 0xde, 0xff, 0xff, 0x04, 0x00, 0x00, 0x00, 0x10, 0x00, 0x00, 0x00,
  0x31, 0x2e, 0x31, 0x34, 0x2e, 0x30, 0x00, 0x00, 0x00, 0x00, 0x00, 0x00,
  0x00, 0x00, 0x00, 0x00, 0xf0, 0x9e, 0xff, 0xff, 0xf4, 0x9e, 0xff, 0xff,
  0xf8, 0x9e, 0xff, 0xff, 0xfc, 0x9e, 0xff, 0xff, 0x00, 0x9f, 0xff, 0xff,
  0x04, 0x9f, 0xff, 0xff, 0x08, 0x9f, 0xff, 0xff, 0x0c, 0x9f, 0xff, 0xff,
  0x10, 0x9f, 0xff, 0xff, 0x14, 0x9f, 0xff, 0xff, 0x18, 0x9f, 0xff, 0xff,
  0x1c, 0x9f, 0xff, 0xff, 0x20, 0x9f, 0xff, 0xff, 0x24, 0x9f, 0xff, 0xff,
  0x28, 0x9f, 0xff, 0xff, 0x2c, 0x9f, 0xff, 0xff, 0x30, 0x9f, 0xff, 0xff,
  0x34, 0x9f, 0xff, 0xff, 0x38, 0x9f, 0xff, 0xff, 0x3c, 0x9f, 0xff, 0xff,
  0x40, 0x9f, 0xff, 0xff, 0x44, 0x9f, 0xff, 0xff, 0x48, 0x9f, 0xff, 0xff,
  0x4c, 0x9f, 0xff, 0xff, 0x50, 0x9f, 0xff, 0xff, 0x54, 0x9f, 0xff, 0xff,
  0x58, 0x9f, 0xff, 0xff, 0x5c, 0x9f, 0xff, 0xff, 0x60, 0x9f, 0xff, 0xff,
  0x64, 0x9f, 0xff, 0xff, 0x68, 0x9f, 0xff, 0xff, 0x96, 0xdf, 0xff, 0xff,
  0x04, 0x00, 0x00, 0x00, 0xb0, 0x01, 0x00, 0x00, 0xb7, 0x78, 0x7b, 0xd8,
  0x04, 0x40, 0x9b, 0x7f, 0x7c, 0x5e, 0x4b, 0x40, 0xa7, 0xb4, 0x96, 0x32,
  0xca, 0xe9, 0xcb, 0xba, 0xd3, 0xa7, 0x3a, 0xf3, 0x2b, 0x0d, 0xda, 0x15,
  0x1d, 0xc3, 0x34, 0x62, 0x0a, 0xc9, 0xe0, 0x70, 0xd2, 0x79, 0xf1, 0xce,
  0x65, 0x3b, 0x09, 0x0b, 0x1d, 0x08, 0xe0, 0xe1, 0x5c, 0xe0, 0x83, 0x31,
  0x81, 0x24, 0x3b, 0xb3, 0x81, 0x68, 0xf2, 0x93, 0x62, 0x97, 0x5c, 0xfa,
  0xc7, 0xd7, 0x1d, 0xde, 0x70, 0xb9, 0xd8, 0x16, 0xac, 0x71, 0xfe, 0x53,
  0x40, 0x3d, 0xbc, 0xcc, 0xf4, 0x68, 0x00, 0x3f, 0xf7, 0x26, 0x09, 0x92,
  0x36, 0xa5, 0xf8, 0x4e, 0x3b, 0x6e, 0x5b, 0x8c, 0x2f, 0x61, 0xda, 0xc3,
  0x6f, 0xb1, 0x81, 0x8b, 0x3a, 0xcc, 0x1c, 0x16, 0xe3, 0x63, 0x8a, 0x70,
  0x00, 0xbc, 0xf2, 0xb6, 0x67, 0xca, 0x4d, 0x5b, 0x20, 0x08, 0x37, 0xd4,
  0x98, 0x57, 0x30, 0x81, 0xba, 0xb6, 0xa8, 0x12, 0x94, 0x75, 0x42, 0xa1,
  0x7f, 0x55, 0x5c, 0xd6, 0x77, 0x1f, 0xb6, 0xff, 0x0b, 0xbc, 0x33, 0xb7,
  0x6f, 0x2f, 0x81, 0xf6, 0x82, 0xb6, 0x2c, 0xe5, 0xb4, 0x92, 0x3f, 0xca,
  0x59, 0xdf, 0xae, 0xdf, 0x39, 0x1d, 0x3a, 0xa4, 0xf1, 0xaa, 0x0a, 0xe3,
  0x6a, 0x74, 0x99, 0x81, 0xaa, 0xc7, 0x17, 0x46, 0x96, 0xdd, 0xaf, 0xdd,
  0xca, 0x6a, 0x40, 0x03, 0x1e, 0xb0, 0x87, 0xf2, 0xcc, 0x4d, 0x84, 0x98,
  0x08, 0x1c, 0x16, 0x6c, 0x58, 0x28, 0x55, 0xc2, 0xb1, 0xc7, 0x5c, 0x69,
  0xc4, 0x7f, 0xc4, 0xac, 0xfd, 0xbe, 0x12, 0x93, 0xce, 0x96, 0xee, 0xd6,
  0x7e, 0x0b, 0x64, 0x23, 0x4d, 0x51, 0xee, 0x01, 0xb2, 0x8c, 0xb2, 0x1d,
  0x47, 0x42, 0xb8, 0x7a, 0x12, 0x81, 0xa9, 0x8c, 0xc9, 0x95, 0xcc, 0x30,
  0xb8, 0xbf, 0x91, 0x03, 0x98, 0x81, 0xec, 0xf3, 0x20, 0x18, 0xc6, 0x89,
  0x98, 0x79, 0xe3, 0xb8, 0xa2, 0x40, 0xfb, 0x69, 0xff, 0x13, 0x3d, 0x81,
  0xe5, 0x64, 0x81, 0xe0, 0xd5, 0x9f, 0xb7, 0xad, 0xeb, 0x7c, 0x92, 0x8b,
  0x90, 0xd9, 0x34, 0x10, 0xf5, 0xb1, 0xb3, 0x85, 0xef, 0xb5, 0x6c, 0xe3,
  0x00, 0x52, 0x22, 0x30, 0xea, 0x94, 0x64, 0xd7, 0xcf, 0x3a, 0x0b, 0x6f,
  0x5e, 0x52, 0x00, 0x2b, 0x74, 0xfd, 0x2a, 0x0b, 0x16, 0xdb, 0x8a, 0x6c,
  0x36, 0xeb, 0x78, 0xc1, 0x0a, 0x7f, 0xf8, 0x09, 0xc9, 0xc4, 0x32, 0x47,
  0x31, 0x9d, 0x7f, 0xae, 0x5c, 0x03, 0xf8, 0x4f, 0x4c, 0xa0, 0x94, 0x03,
  0xd8, 0xb4, 0x36, 0x03, 0x35, 0xd1, 0xb2, 0x85, 0xcc, 0xb7, 0x3c, 0x81,
  0x97, 0xe5, 0xcb, 0x54, 0xe3, 0x39, 0x8b, 0xbd, 0x42, 0x62, 0x64, 0x0b,
  0x1a, 0x4b, 0x4d, 0xff, 0xe3, 0xb2, 0x89, 0x38, 0xf6, 0xf5, 0x30, 0x33,
  0xd9, 0x5e, 0x40, 0x5f, 0x8c, 0x99, 0xa9, 0xfe, 0x24, 0x64, 0x3d, 0xac,
  0xc3, 0x3d, 0xba, 0x5a, 0x63, 0x2c, 0xcb, 0xef, 0x77, 0xcb, 0xa4, 0x3b,
  0xc4, 0x16, 0xbb, 0x7f, 0x9e, 0x11, 0xaa, 0x1a, 0x9f, 0x20, 0xaa, 0x34,
  0x5f, 0xe8, 0x58, 0xcb, 0x9e, 0xeb, 0xd5, 0x54, 0x81, 0xbf, 0x43, 0xe1,
  0x13, 0xf5, 0x3c, 0x1f, 0x87, 0xb6, 0x94, 0x28, 0x52, 0xe1, 0xff, 0xff,
  0x04, 0x00, 0x00, 0x00, 0x40, 0x00, 0x00, 0x00, 0x02, 0x00, 0x00, 0x00,
  0xff, 0xff, 0xff, 0xff, 0xfd, 0xff, 0xff, 0xff, 0xff, 0xff, 0xff, 0xff,
  0xfe, 0xff, 0xff, 0xff, 0x01, 0x00, 0x00, 0x00, 0xfe, 0xff, 0xff, 0xff,
  0xfd, 0xff, 0xff, 0xff, 0x05, 0x00, 0x00, 0x00, 0x02, 0x00, 0x00, 0x00,
  0xff, 0xff, 0xff, 0xff, 0x03, 0x00, 0x00, 0x00, 0x04, 0x00, 0x00, 0x00,
  0x03, 0x00, 0x00, 0x00, 0x01, 0x00, 0x00, 0x00, 0x00, 0x00, 0x00, 0x00,
  0x9e, 0xe1, 0xff, 0xff, 0x04, 0x00, 0x00, 0x00, 0x10, 0x00, 0x00, 0x00,
  0xd5, 0xea, 0xe4, 0xd8, 0x0a, 0xd0, 0xcc, 0xc4, 0x7f, 0xf6, 0xb5, 0xdb,
  0xd2, 0xc6, 0xe8, 0xf3, 0xba, 0xe1, 0xff, 0xff, 0x04, 0x00, 0x00, 0x00,
  0x10, 0x00, 0x00, 0x00, 0xbf, 0xc1, 0xa0, 0xc1, 0xb8, 0x8f, 0x81, 0xb7,
  0xc2, 0xa2, 0x80, 0xbf, 0xac, 0x8a, 0xac, 0xa3, 0xd6, 0xe1, 0xff, 0xff,
  0x04, 0x00, 0x00, 0x00, 0x00, 0x03, 0x00, 0x00, 0xbd, 0xb3, 0xe6, 0x75,
  0x1f, 0x35, 0x8e, 0xe2, 0x4e, 0x05, 0xa0, 0x52, 0x60, 0xda, 0x4c, 0x41,
  0xd0, 0xf9, 0x14, 0x01, 0x1d, 0x11, 0xf3, 0x5f, 0x78, 0xdd, 0xd2, 0x45,
  0x63, 0xb4, 0x3f, 0x07, 0x46, 0x1e, 0x25, 0x64, 0xf9, 0xf7, 0x94, 0xbe,
  0xea, 0xd4, 0xe2, 0x7f, 0x5a, 0xf8, 0xc2, 0xbd, 0xd7, 0xd5, 0x90, 0xb1,
  0xa8, 0x1e, 0xb8, 0x05, 0xe3, 0xb4, 0x6a, 0x27, 0x7b, 0x1d, 0xc8, 0x69,
  0xcd, 0x98, 0x71, 0x44, 0x17, 0x2f, 0xc4, 0x69, 0xe8, 0x9a, 0xe8, 0x15,
  0xa2, 0x90, 0x96, 0xff, 0xbb, 0xa3, 0x36, 0x25, 0x5e, 0xe6, 0xee, 0x7f,
  0x39, 0xd9, 0x8b, 0xa6, 0xe0, 0x66, 0xd1, 0x47, 0x60, 0xc0, 0x65, 0x4f,
  0x3c, 0x76, 0x7f, 0x52, 0xad, 0xee, 0xcc, 0xdb, 0x20, 0xb9, 0x4e, 0x26,
  0x68, 0x02, 0xdf, 0x6e, 0x61, 0xdb, 0x6a, 0x9b, 0x7b, 0x58, 0x28, 0x06,
  0xcf, 0x93, 0x6a, 0xbd, 0x31, 0xab, 0x28, 0xff, 0x03, 0xe2, 0xef, 0xff,
  0x04, 0x9e, 0xb9, 0xb9, 0x2a, 0x06, 0xdf, 0xd6, 0x77, 0xab, 0xd3, 0xd3,
  0xa8, 0x64, 0x73, 0x34, 0x52, 0x2d, 0xc6, 0x72, 0x53, 0xce, 0x00, 0x8a,
  0x95, 0xaa, 0xbb, 0xc2, 0xe0, 0x37, 0x0c, 0xd1, 0x5d, 0xf9, 0x87, 0xb7,
  0x4e, 0xdd, 0x79, 0x9f, 0x2a, 0xc5, 0x1a, 0x21, 0x2f, 0xb8, 0x8e, 0x25,
  0x81, 0xd2, 0xb8, 0x0d, 0x1a, 0x9d, 0xd9, 0x04, 0x7c, 0x14, 0xce, 0x4d,
  0x4f, 0xa9, 0x1c, 0xfb, 0x81, 0x8d, 0x1a, 0xca, 0xfe, 0x36, 0xc0, 0x85,
  0x98, 0xad, 0x6b, 0x8b, 0xbc, 0xe5, 0xdb, 0xcf, 0x6f, 0x44, 0x39, 0x70,
  0x9a, 0x9e, 0x53, 0x6a, 0x42, 0xca, 0x5b, 0xdc, 0xf4, 0x45, 0x16, 0xec,
  0x25, 0x15, 0xdb, 0xed, 0x5a, 0x1c, 0x78, 0xe7, 0x22, 0x1f, 0x66, 0x01,
  0x2c, 0x61, 0x73, 0x0e, 0x9c, 0x73, 0x33, 0x29, 0x32, 0x11, 0x32, 0x35,
  0x21, 0xc7, 0xba, 0x2a, 0xf9, 0xb5, 0x71, 0xcd, 0xfd, 0x01, 0xaf, 0xf7,
  0xf4, 0x64, 0x0e, 0x49, 0x34, 0x66, 0x9e, 0x85, 0xbc, 0xb6, 0xf4, 0x2d,
  0xdf, 0x1f, 0x4d, 0xf1, 0x9e, 0x60, 0x7f, 0xcf, 0x65, 0x57, 0xa7, 0xf3,
  0x6e, 0x38, 0x60, 0xe0, 0xba, 0xf7, 0xa7, 0x46, 0xc5, 0xd7, 0xce, 0x86,
  0x1a, 0xb6, 0x1f, 0x3e, 0xff, 0xb9, 0xe4, 0xe9, 0x5d, 0xeb, 0xa3, 0x9b,
  0x8b, 0x41, 0x9a, 0x40, 0xac, 0xfb, 0xbe, 0xc9, 0x25, 0x1f, 0xaa, 0x63,
  0x7f, 0x2b, 0x76, 0x0b, 0x62, 0xad, 0x39, 0xb8, 0xad, 0x29, 0x1b, 0xba,
  0x30, 0x34, 0xc5, 0x0c, 0x12, 0x9b, 0xeb, 0x4e, 0x43, 0x10, 0x7d, 0x4a,
  0xe7, 0x04, 0x0e, 0x60, 0x6b, 0xc4, 0xb2, 0x56, 0x29, 0x81, 0x7a, 0x29,
  0x44, 0x36, 0xc3, 0xd1, 0xa0, 0xbe, 0x52, 0x1c, 0xed, 0xba, 0xca, 0x54,
  0x09, 0x61, 0xb0, 0xf7, 0xee, 0x51, 0x5b, 0x97, 0xf9, 0x4a, 0xc6, 0xc1,
  0x4e, 0x27, 0xc4, 0xa4, 0xe1, 0xad, 0xd5, 0xa3, 0x9a, 0xed, 0xf8, 0xc9,
  0x67, 0xb0, 0xa1, 0x4c, 0x07, 0x63, 0x81, 0x1d, 0x5c, 0x4e, 0x56, 0x41,
  0x74, 0x27, 0x11, 0x7b, 0xfd, 0xe2, 0xb7, 0x15, 0xb3, 0x55, 0xda, 0x61,
  0x3a, 0x23, 0x82, 0xbc, 0x61, 0x44, 0xa0, 0x86, 0x32, 0x39, 0x16, 0x18,
  0x9a, 0xe7, 0x73, 0xde, 0x26, 0xc1, 0x25, 0x25, 0xa6, 0xe6, 0xbf, 0xaf,
  0xb4, 0xe4, 0x75, 0xa1, 0x03, 0x4e, 0xfa, 0xb8, 0xca, 0x7f, 0xfd, 0x6c,
  0xd0, 0x2a, 0xa6, 0x08, 0xcd, 0xd2, 0x19, 0x8b, 0x5b, 0xda, 0xa3, 0xa7,
  0xe1, 0x2b, 0x3e, 0x4a, 0xc8, 0x41, 0x26, 0xd1, 0x81, 0x9a, 0xa7, 0x6a,
  0x76, 0x79, 0x30, 0xf4, 0xb4, 0x1d, 0x4d, 0xb8, 0xe7, 0xb3, 0x0f, 0xe1,
  0x11, 0xc1, 0xb9, 0x07, 0xd6, 0x04, 0x77, 0xd3, 0x83, 0x5a, 0xb6, 0xc6,
  0x89, 0xd1, 0x2c, 0xf7, 0x1d, 0x9e, 0x4f, 0xb3, 0x29, 0x87, 0x78, 0x9d,
  0xf9, 0x62, 0xa7, 0xdf, 0x1a, 0x63, 0xd5, 0x3f, 0xda, 0xef, 0x97, 0x89,
  0x3e, 0xe5, 0xad, 0x34, 0x35, 0xc9, 0xaf, 0xc3, 0x11, 0x42, 0x9f, 0x71,
  0xa6, 0x19, 0x94, 0xdb, 0x2d, 0x83, 0x87, 0x97, 0xe8, 0x8f, 0xd0, 0xa1,
  0xba, 0x30, 0xeb, 0x42, 0x1c, 0x81, 0x38, 0xc4, 0x26, 0x62, 0x09, 0x0f,
  0x75, 0x06, 0x06, 0x11, 0x1b, 0x4d, 0x52, 0x8c, 0xd0, 0x4d, 0x31, 0x41,
  0x59, 0x9f, 0x1c, 0xd5, 0xf1, 0xe5, 0x7f, 0xba, 0xcb, 0x3e, 0xa3, 0x52,
  0xce, 0xb5, 0xd1, 0xd9, 0xdb, 0xa8, 0x84, 0xd0, 0x82, 0xf9, 0xe6, 0x82,
  0x38, 0x4d, 0x9d, 0x3d, 0x26, 0x7a, 0x23, 0x72, 0x56, 0xde, 0x32, 0xa6,
  0x01, 0xb8, 0xed, 0x5a, 0x14, 0x0a, 0x8b, 0xf9, 0xe9, 0xb8, 0x2c, 0x55,
  0xab, 0xc7, 0x94, 0xe1, 0x20, 0x9e, 0xfd, 0xfb, 0xda, 0x0a, 0x48, 0x47,
  0xc0, 0x32, 0x20, 0x70, 0xe7, 0x93, 0xcb, 0xa1, 0x9f, 0x22, 0x0d, 0xd1,
  0xb3, 0x07, 0x6e, 0x23, 0x3e, 0x77, 0x37, 0xca, 0x65, 0x97, 0xd7, 0xaf,
  0x7f, 0xcf, 0x54, 0x75, 0x28, 0x36, 0xcb, 0xb1, 0x52, 0x21, 0xae, 0x57,
  0x12, 0x36, 0x24, 0x88, 0x45, 0xee, 0xb2, 0x5c, 0xc3, 0xd1, 0x86, 0xbf,
  0x4e, 0xf9, 0x9c, 0x20, 0x70, 0xa6, 0x89, 0x2b, 0x15, 0x8f, 0x77, 0xc3,
  0x7e, 0x29, 0x74, 0x81, 0x89, 0xec, 0x63, 0xd4, 0xc9, 0xcb, 0x2b, 0xbb,
  0x58, 0xad, 0x06, 0x23, 0x94, 0x54, 0xeb, 0x42, 0xd6, 0xd9, 0xe5, 0xf5,
  0x9d, 0x32, 0x4c, 0xa7, 0xf0, 0x08, 0xae, 0x2c, 0x75, 0x8e, 0xb0, 0x73,
  0x00, 0xe5, 0x81, 0xee, 0x5b, 0x1e, 0x21, 0x70, 0x5d, 0xdc, 0x16, 0x86,
  0x62, 0x3c, 0xc9, 0x47, 0x18, 0x73, 0xf9, 0x98, 0x7a, 0x01, 0x22, 0xa1,
  0x45, 0x33, 0x92, 0x56, 0x65, 0xfc, 0xd2, 0x66, 0xe2, 0xe4, 0xff, 0xff,
  0x04, 0x00, 0x00, 0x00, 0x40, 0x00, 0x00, 0x00, 0x2b, 0xfe, 0xff, 0xff,
  0xe6, 0xff, 0xff, 0xff, 0x9c, 0xff, 0xff, 0xff, 0x90, 0x02, 0x00, 0x00,
  0x11, 0xfe, 0xff, 0xff, 0x66, 0x00, 0x00, 0x00, 0xde, 0x01, 0x00, 0x00,
  0x7b, 0x00, 0x00, 0x00, 0x2d, 0x02, 0x00, 0x00, 0x49, 0xff, 0xff, 0xff,
  0x46, 0xfb, 0xff, 0xff, 0x8b, 0x03, 0x00, 0x00, 0xcf, 0x00, 0x00, 0x00,
  0x96, 0xff, 0xff, 0xff, 0x3f, 0x03, 0x00, 0x00, 0x59, 0xff, 0xff, 0xff,
  0x2e, 0xe5, 0xff, 0xff, 0x04, 0x00, 0x00, 0x00, 0x10, 0x00, 0x00, 0x00,
  0xe5, 0x35, 0x11, 0x10, 0x65, 0x38, 0x7f, 0x34, 0x0c, 0x34, 0x3c, 0x43,
  0x53, 0xf3, 0x42, 0x29, 0x4a, 0xe5, 0xff, 0xff, 0x04, 0x00, 0x00, 0x00,
  0x10, 0x00, 0x00, 0x00, 0xea, 0xa4, 0xe2, 0xaf, 0xea, 0xdb, 0xb5, 0xd7,
  0xc7, 0xbf, 0xc0, 0x80, 0xad, 0xba, 0xa8, 0xe1, 0x66, 0xe5, 0xff, 0xff,
  0x04, 0x00, 0x00, 0x00, 0x00, 0x03, 0x00, 0x00, 0x06, 0xa6, 0x56, 0x56,
  0x81, 0xe1, 0x07, 0x86, 0xb0, 0x11, 0x10, 0x3d, 0xad, 0xa8, 0xb9, 0xda,
  0x50, 0x96, 0xa5, 0xd1, 0x70, 0xa4, 0x9f, 0xa4, 0x5e, 0x08, 0xfd, 0xa8,
  0x43, 0x13, 0xf9, 0x8c, 0x10, 0xd2, 0x48, 0x7b, 0x5b, 0xfa, 0x64, 0x33,
  0xa3, 0x89, 0x91, 0xf4, 0x68, 0x05, 0x48, 0x21, 0x17, 0x13, 0x82, 0x0e,
  0x84, 0x61, 0x10, 0xd2, 0xe2, 0x78, 0xf5, 0x2b, 0x50, 0xa6, 0xb3, 0x60,
  0xfb, 0x09, 0x35, 0x1d, 0xe2, 0x4a, 0x89, 0xdb, 0x20, 0x08, 0xda, 0xab,
  0xf9, 0xa9, 0x99, 0xd2, 0x96, 0x99, 0x2b, 0x6e, 0x2d, 0xa4, 0x1b, 0x92,
  0xad, 0xf0, 0x0b, 0x3a, 0xdc, 0x81, 0x59, 0x4d, 0x39, 0xa3, 0xfa, 0xfa,
  0x32, 0xc4, 0xbf, 0x43, 0x32, 0xb5, 0xcb, 0xde, 0x9b, 0xb3, 0x1f, 0x64,
  0x40, 0x3b, 0xec, 0x40, 0xe3, 0x26, 0x81, 0x70, 0x00, 0x68, 0x18, 0x3e,
  0x68, 0x63, 0x74, 0x17, 0xbe, 0x31, 0xc0, 0xe4, 0x35, 0x3c, 0xb7, 0xa3,
  0x41, 0xa0, 0xae, 0x2c, 0x23, 0x12, 0x02, 0x18, 0xcb, 0x5d, 0xfd, 0xb8,
  0x6d, 0x19, 0xdb, 0xbf, 0xd1, 0x40, 0x7a, 0x98, 0xf0, 0xd9, 0xa5, 0x12,
  0xa4, 0x58, 0xaf, 0x49, 0xaa, 0x7f, 0xf4, 0x36, 0xaf, 0x29, 0x74, 0xe4,
  0x62, 0x75, 0xd1, 0xa1, 0x05, 0xd4, 0x7c, 0x29, 0xf6, 0x75, 0xf7, 0x33,
  0x36, 0x51, 0x03, 0x06, 0xd3, 0xce, 0xe0, 0xc8, 0xce, 0xea, 0x5e, 0x93,
  0xbd, 0x84, 0xb0, 0xa6, 0x9e, 0x62, 0x8e, 0x4f, 0x4a, 0xec, 0x14, 0x35,
  0x13, 0x27, 0x20, 0x95, 0xb4, 0x53, 0x88, 0xb9, 0x4c, 0x30, 0x96, 0x7b,
  0xbf, 0x4c, 0xc0, 0xfe, 0xa1, 0x4b, 0x95, 0x75, 0x45, 0x39, 0xd9, 0x15,
  0xcd, 0xe9, 0x39, 0x67, 0xf4, 0x7f, 0x2f, 0x94, 0x6d, 0x93, 0xbf, 0xfc,
  0x1b, 0x82, 0x2e, 0x2e, 0x84, 0x98, 0x75, 0xba, 0x02, 0x02, 0x04, 0x19,
  0x73, 0x09, 0xc4, 0x60, 0xf6, 0x50, 0x79, 0xd7, 0x15, 0x0e, 0x81, 0x7c,
  0x86, 0xd5, 0x99, 0x38, 0xdd, 0x62, 0x45, 0x49, 0x2e, 0x9f, 0xfa, 0x12,
  0xfd, 0x4c, 0x6a, 0xe2, 0x00, 0xaa, 0x20, 0x98, 0x2d, 0x54, 0xc6, 0xcd,
  0x52, 0x0b, 0xf5, 0xcf, 0x1d, 0x0a, 0xc6, 0x43, 0xdd, 0x7f, 0xd1, 0x58,
  0xc9, 0xeb, 0x3b, 0x73, 0x5f, 0xe9, 0xbe, 0x92, 0xbc, 0x71, 0xf6, 0x27,
  0x4a, 0xca, 0x17, 0x18, 0xa0, 0x67, 0xc9, 0xde, 0x15, 0xca, 0x8a, 0x88,
  0xc3, 0xa6, 0xe1, 0x88, 0x0c, 0xf9, 0xe6, 0x48, 0x4e, 0xb5, 0x5f, 0xd7,
  0xcc, 0x42, 0x35, 0x1d, 0x37, 0x9f, 0x23, 0x17, 0x1f, 0xa7, 0x18, 0x68,
  0xae, 0xe3, 0xc7, 0xfc, 0x12, 0x32, 0x50, 0xb7, 0x81, 0x31, 0x99, 0x74,
  0xaa, 0x52, 0x1b, 0xeb, 0x4f, 0x2f, 0x8d, 0x32, 0x5c, 0x43, 0xd7, 0xd9,
  0x59, 0x30, 0x8f, 0x79, 0x27, 0xa9, 0xb5, 0xa4, 0x8a, 0x84, 0xf3, 0xf1,
  0xa9, 0x29, 0x5c, 0xe3, 0x12, 0xc6, 0xc3, 0xf1, 0xa4, 0x70, 0xc8, 0x1b,
  0xd6, 0x25, 0x84, 0xd5, 0xd8, 0x47, 0xf1, 0xab, 0x74, 0x20, 0x4b, 0xab,
  0x8a, 0x3c, 0xc8, 0x7f, 0x5e, 0x53, 0x59, 0x0e, 0xae, 0xa2, 0xdf, 0x67,
  0x9c, 0x3f, 0xac, 0xf4, 0x00, 0x89, 0xc3, 0x82, 0x1d, 0xe1, 0x34, 0x83,
  0xdb, 0xe2, 0x71, 0x2b, 0xa4, 0xa4, 0xdc, 0xdb, 0x7f, 0xb7, 0x13, 0xf2,
  0x1e, 0xb4, 0x2f, 0x12, 0xd2, 0x4f, 0xbc, 0xc6, 0x51, 0x63, 0x18, 0x33,
  0x26, 0x93, 0xc9, 0x4e, 0x8f, 0xd3, 0x17, 0xbc, 0x24, 0x5a, 0x2f, 0x22,
  0x84, 0xf2, 0xcf, 0x35, 0x18, 0xda, 0x9a, 0xe7, 0x4f, 0xfe, 0xf8, 0x01,
  0xdb, 0xa7, 0x36, 0xf4, 0x20, 0x65, 0xb1, 0x49, 0x7b, 0xfe, 0xa3, 0xc4,
  0xe6, 0x91, 0x39, 0x64, 0xfc, 0x68, 0xc9, 0x15, 0x3b, 0x1f, 0x90, 0xca,
  0xb8, 0x74, 0xca, 0xa2, 0xa2, 0x07, 0x13, 0x17, 0x7a, 0x4b, 0x9a, 0x5b,
  0xa7, 0x37, 0x41, 0xd7, 0x7f, 0xc5, 0x33, 0x03, 0x82, 0xad, 0x44, 0xc5,
  0x49, 0x9a, 0x26, 0x59, 0x62, 0xc3, 0x88, 0xed, 0xb3, 0x1b, 0xb9, 0xc6,
  0xb2, 0x15, 0x1a, 0x23, 0x58, 0xf8, 0x2d, 0xc5, 0x9c, 0x57, 0xf0, 0x03,
  0xee, 0xf4, 0x89, 0xb2, 0xa6, 0x51, 0x81, 0xd7, 0x23, 0x83, 0x5d, 0xa2,
  0x71, 0xa0, 0xb6, 0x99, 0xc8, 0x9a, 0x85, 0xf1, 0x8a, 0x8f, 0x58, 0xb2,
  0x36, 0xd4, 0xcb, 0x31, 0x9a, 0x62, 0x48, 0xd7, 0x2e, 0x1e, 0x12, 0x44,
  0x34, 0xf3, 0x4c, 0x2a, 0x25, 0xc7, 0xfe, 0x39, 0xd7, 0xd9, 0x14, 0x49,
  0xf1, 0xe4, 0x13, 0xc9, 0x33, 0x7f, 0x2a, 0xef, 0x09, 0x5d, 0x85, 0x62,
  0x07, 0x40, 0x22, 0x05, 0x3e, 0xb2, 0x35, 0x9b, 0x3b, 0xb3, 0xf5, 0xa9,
  0xd0, 0xf6, 0x85, 0xe9, 0x59, 0x19, 0xd9, 0x23, 0x19, 0xda, 0x2f, 0xef,
  0xdc, 0xf8, 0x34, 0xf7, 0x52, 0x5d, 0xff, 0x63, 0x8a, 0xe7, 0xc7, 0x1f,
  0xa2, 0xe8, 0x81, 0x13, 0xa0, 0x99, 0x1c, 0xb3, 0xe6, 0x0f, 0x5b, 0xa4,
  0x04, 0xed, 0x6f, 0x51, 0x94, 0x44, 0xc0, 0xc5, 0xef, 0x6a, 0x41, 0xd4,
  0x10, 0x55, 0x1d, 0x3f, 0xb5, 0x06, 0x21, 0xb9, 0xb9, 0x17, 0x75, 0x8d,
  0x3a, 0x20, 0xaf, 0xf4, 0x89, 0x6d, 0x7f, 0xba, 0xa0, 0x5d, 0x91, 0x7b,
  0xf8, 0x12, 0x09, 0x67, 0xb3, 0x09, 0x4f, 0x2b, 0xf3, 0x34, 0x02, 0x65,
  0xd1, 0x3a, 0x40, 0x01, 0xd4, 0xf5, 0x60, 0x45, 0x07, 0x42, 0x14, 0x22,
  0x6e, 0x72, 0xa0, 0xd4, 0xd7, 0xed, 0x05, 0xfb, 0xf8, 0xa3, 0x9e, 0xa3,
  0x91, 0x99, 0x43, 0x8d, 0xf9, 0x43, 0x17, 0x20, 0x18, 0x68, 0xcb, 0x2a,
  0x9c, 0xcd, 0x44, 0x79, 0xbe, 0x81, 0xce, 0x4a, 0x0c, 0xdb, 0x42, 0x9e,
  0x05, 0x47, 0x10, 0x96, 0x59, 0xbc, 0x86, 0xe0, 0x72, 0xe8, 0xff, 0xff,
  0x04, 0x00, 0x00, 0x00, 0x40, 0x00, 0x00, 0x00, 0xf2, 0x00, 0x00, 0x00,
  0xe7, 0x00, 0x00, 0x00, 0x30, 0x01, 0x00, 0x00, 0x44, 0xfe, 0xff, 0xff,
  0x46, 0x02, 0x00, 0x00, 0x14, 0x01, 0x00, 0x00, 0xf8, 0xfe, 0xff, 0xff,
  0xce, 0x01, 0x00, 0x00, 0xea, 0x00, 0x00, 0x00, 0x55, 0x01, 0x00, 0x00,
  0xc2, 0xfe, 0xff, 0xff, 0x0a, 0x01, 0x00, 0x00, 0x00, 0xff, 0xff, 0xff,
  0x54, 0xff, 0xff, 0xff, 0x51, 0xff, 0xff, 0xff, 0x7f, 0x00, 0x00, 0x00,
  0xbe, 0xe8, 0xff, 0xff, 0x04, 0x00, 0x00, 0x00, 0x10, 0x00, 0x00, 0x00,
  0x41, 0x69, 0x3a, 0x06, 0x2a, 0x54, 0x64, 0x7a, 0x7f, 0x75, 0x27, 0x62,
  0x2c, 0x60, 0x1c, 0x4a, 0xda, 0xe8, 0xff, 0xff, 0x04, 0x00, 0x00, 0x00,
  0x10, 0x00, 0x00, 0x00, 0xb5, 0x80, 0xdb, 0xd3, 0xb1, 0xba, 0xb6, 0xb0,
  0xac, 0xbc, 0xea, 0x93, 0xdf, 0xa8, 0xf2, 0xb6, 0xf6, 0xe8, 0xff, 0xff,
  0x04, 0x00, 0x00, 0x00, 0x00, 0x03, 0x00, 0x00, 0x74, 0xcf, 0xd9, 0x35,
  0x89, 0x2d, 0xca, 0xad, 0xe6, 0x17, 0x50, 0x2e, 0x1c, 0xc2, 0x83, 0xfc,
  0x3e, 0x75, 0x26, 0x36, 0xcc, 0xde, 0x87, 0xe3, 0xc8, 0x7f, 0x77, 0x42,
  0x03, 0x39, 0xfd, 0xc5, 0xe9, 0x4c, 0x2b, 0x31, 0x82, 0x07, 0x2f, 0x77,
  0xa7, 0x19, 0x66, 0x5e, 0x6f, 0x87, 0x37, 0xaa, 0x45, 0x56, 0x2b, 0x19,
  0xc8, 0x6f, 0xde, 0xde, 0x2f, 0x42, 0xe5, 0x21, 0x67, 0x81, 0x74, 0x3d,
  0x9c, 0x07, 0x0c, 0xc3, 0xad, 0xea, 0x0d, 0x4b, 0x0d, 0xa4, 0x62, 0x18,
  0x4d, 0x50, 0xd9, 0x00, 0x45, 0xba, 0x22, 0xba, 0x77, 0x99, 0x22, 0x57,
  0x97, 0x4d, 0xbe, 0xb6, 0x06, 0x20, 0xc0, 0xa3, 0xc3, 0xc6, 0x88, 0x6e,
  0x47, 0xa1, 0x89, 0x5c, 0x09, 0x2c, 0xce, 0xc0, 0x2e, 0x2d, 0x0e, 0x24,
  0xac, 0x99, 0xbf, 0x7f, 0xd1, 0x47, 0xd7, 0x0b, 0x23, 0xcc, 0x35, 0xa5,
  0x22, 0xea, 0x18, 0x59, 0xf0, 0xe9, 0x2e, 0x24, 0xbf, 0x59, 0x2a, 0x18,
  0x3a, 0x44, 0x4a, 0xc4, 0x95, 0x04, 0xb9, 0xbc, 0xba, 0xee, 0x36, 0x98,
  0xa4, 0x6c, 0xfe, 0xef, 0x91, 0xcc, 0x1f, 0x54, 0x5e, 0x2a, 0x11, 0x34,
  0xe4, 0xa5, 0xf1, 0x8e, 0xd8, 0x5b, 0x1c, 0x2c, 0x28, 0x03, 0x65, 0x23,
  0x90, 0xc8, 0x24, 0xcd, 0x85, 0x29, 0xc1, 0xc1, 0x64, 0x6d, 0xe9, 0x50,
  0x3b, 0x8f, 0x75, 0x2c, 0x14, 0x76, 0x18, 0x81, 0x6d, 0x07, 0xd1, 0x4d,
  0x23, 0x3e, 0xd1, 0xb1, 0xc8, 0x79, 0x7f, 0x9c, 0xba, 0x91, 0x3d, 0xac,
  0x62, 0x23, 0xa7, 0x41, 0x4d, 0xed, 0xcc, 0xbe, 0xb3, 0x23, 0x67, 0x00,
  0xc9, 0x65, 0xbf, 0xc9, 0xa9, 0xfa, 0x65, 0xf5, 0x7c, 0x3c, 0x77, 0x0f,
  0x0a, 0x79, 0xf4, 0x92, 0xda, 0x9e, 0x5b, 0x10, 0xd5, 0x7f, 0x11, 0xf5,
  0xf8, 0xd5, 0xaa, 0x22, 0xe7, 0x3e, 0x39, 0x1a, 0xbb, 0x08, 0xc8, 0xe5,
  0x59, 0x7d, 0x41, 0x1a, 0x0b, 0x3a, 0xbf, 0x46, 0x0d, 0xbf, 0xfa, 0x26,
  0x24, 0xf4, 0x15, 0x0e, 0xbe, 0x19, 0x6b, 0x97, 0x9d, 0x8b, 0x42, 0x6f,
  0x67, 0x8a, 0x31, 0x8c, 0x75, 0x0a, 0x22, 0x67, 0xdd, 0x99, 0xe3, 0xbe,
  0x87, 0x81, 0xf5, 0x66, 0x59, 0x59, 0x25, 0x26, 0xd9, 0x30, 0x60, 0xba,
  0xba, 0xc1, 0x06, 0xa8, 0xb6, 0x9e, 0x91, 0xbf, 0xd0, 0x5d, 0x30, 0xcb,
  0x37, 0x3a, 0x55, 0x09, 0xbb, 0xc2, 0xf8, 0x6b, 0x29, 0xdc, 0xb5, 0xa3,
  0x0a, 0xe8, 0xe7, 0xf8, 0x62, 0xd8, 0xb6, 0x2c, 0x15, 0x85, 0x74, 0x38,
  0x69, 0x84, 0x64, 0xe0, 0x70, 0xbf, 0x68, 0x5f, 0x7f, 0x55, 0x08, 0x73,
  0xb3, 0xbb, 0xe3, 0x61, 0xd3, 0xc7, 0x06, 0xcd, 0x44, 0xc2, 0x2c, 0xd9,
  0x63, 0x23, 0xf8, 0xf3, 0x45, 0x26, 0x72, 0x7b, 0x42, 0x6d, 0x58, 0x4e,
  0x1e, 0x81, 0x63, 0x09, 0xeb, 0x26, 0x50, 0x7e, 0xfd, 0x0c, 0x2f, 0x01,
  0x11, 0x74, 0xab, 0x9b, 0x2d, 0xd8, 0x28, 0xac, 0xfe, 0xcc, 0xc2, 0x17,
  0x90, 0xf3, 0x61, 0x12, 0xc6, 0x6d, 0x0a, 0x47, 0x29, 0xca, 0x1a, 0x5d,
  0xc2, 0x18, 0xc9, 0xef, 0x6b, 0x99, 0x3d, 0x81, 0x10, 0x99, 0xa5, 0xc3,
  0xc4, 0x5e, 0xf7, 0x55, 0xa4, 0x42, 0xeb, 0x93, 0xe6, 0xf5, 0x69, 0xfb,
  0xe2, 0x1b, 0xf4, 0xe3, 0xde, 0xb9, 0xb1, 0xf5, 0x02, 0xf6, 0xa3, 0x2c,
  0x2d, 0x05, 0xee, 0xa7, 0x87, 0x30, 0x1d, 0xb0, 0xb6, 0x18, 0xfc, 0x37,
  0xd0, 0x1d, 0xdc, 0xd4, 0xcb, 0xf4, 0xca, 0x78, 0x81, 0xa2, 0x9e, 0xc6,
  0x68, 0x73, 0x12, 0xa8, 0xbd, 0xfd, 0x90, 0x47, 0xed, 0xa7, 0x4b, 0x2d,
  0x3e, 0xeb, 0x3b, 0xf0, 0x66, 0x31, 0x94, 0x4a, 0x08, 0x2c, 0x96, 0x73,
  0x07, 0x4a, 0xc8, 0x77, 0xa5, 0x39, 0x30, 0x7f, 0x22, 0x99, 0x1c, 0x17,
  0x0f, 0x03, 0x49, 0xd9, 0x6d, 0x8d, 0xd2, 0x4e, 0xa1, 0xc2, 0x45, 0x08,
  0xe2, 0x8e, 0x4c, 0xd5, 0xde, 0x4c, 0x9c, 0x43, 0xad, 0x5a, 0x41, 0x54,
  0xd5, 0x1b, 0xcf, 0x5b, 0x28, 0xae, 0x41, 0xd4, 0x6b, 0x50, 0xe6, 0x5f,
  0x5c, 0x97, 0x9b, 0xdb, 0x81, 0xd1, 0xf0, 0xb2, 0x3c, 0x33, 0xc4, 0xda,
  0xf1, 0x04, 0xae, 0x28, 0x39, 0x2a, 0xe4, 0x47, 0x36, 0x3a, 0x4d, 0xde,
  0xf4, 0xde, 0xde, 0xf2, 0xe1, 0x50, 0xd2, 0xa2, 0x9c, 0xcf, 0x8a, 0x95,
  0x4c, 0x62, 0x45, 0xa8, 0x86, 0x6b, 0x76, 0xe9, 0x69, 0x20, 0x59, 0x81,
  0xf2, 0x3d, 0x99, 0xec, 0x79, 0xcc, 0xe4, 0x8e, 0xe6, 0x73, 0x40, 0xe2,
  0x2f, 0x68, 0x4e, 0xff, 0x7e, 0x3e, 0x19, 0x29, 0xd1, 0xf5, 0x7a, 0x50,
  0x13, 0x5d, 0x02, 0x3e, 0x5f, 0xa1, 0x13, 0xb2, 0xea, 0x94, 0xac, 0x1e,
  0xa5, 0xff, 0x78, 0xa4, 0xc7, 0x66, 0x61, 0x2f, 0x73, 0x8d, 0x66, 0x99,
  0x9c, 0x6b, 0x3d, 0xcb, 0xeb, 0xab, 0x8b, 0xf8, 0x2f, 0xf3, 0xb6, 0x2b,
  0xcf, 0xc3, 0xf2, 0xc7, 0xe1, 0x17, 0x19, 0xae, 0x19, 0x29, 0xf4, 0x83,
  0xa7, 0x17, 0x0c, 0x40, 0x07, 0x20, 0x81, 0x0a, 0xf5, 0x69, 0x21, 0xdd,
  0x4c, 0x4e, 0x96, 0xa2, 0x49, 0x00, 0xa8, 0x1d, 0xfe, 0xdd, 0xb6, 0xad,
  0x75, 0x10, 0x57, 0xc2, 0x84, 0xf8, 0x06, 0x81, 0x95, 0xdb, 0x59, 0x35,
  0x74, 0xaa, 0x6c, 0x7b, 0x0c, 0x46, 0xf8, 0xf2, 0x2f, 0x14, 0xc3, 0x15,
  0x88, 0x7b, 0x38, 0x1e, 0x74, 0xdb, 0x5b, 0x41, 0xfa, 0x3a, 0xd6, 0x89,
  0x67, 0xf1, 0xd2, 0x3d, 0xdf, 0x81, 0x0e, 0x12, 0xde, 0x5b, 0xa2, 0xab,
  0x3d, 0xda, 0xb2, 0x94, 0xcc, 0x54, 0x8e, 0x04, 0x55, 0xf6, 0x0e, 0x1a,
  0xa3, 0x0c, 0xb0, 0x69, 0x6c, 0xc0, 0xc1, 0x3b, 0x3b, 0xd1, 0x2a, 0x92,
  0x6b, 0xc5, 0xcd, 0xd5, 0x26, 0xae, 0x92, 0x31, 0x02, 0xec, 0xff, 0xff,
  0x04, 0x00, 0x00, 0x00, 0x40, 0x00, 0x00, 0x00, 0xcc, 0xfd, 0xff, 0xff,
  0xe4, 0x01, 0x00, 0x00, 0x63, 0xff, 0xff, 0xff, 0xac, 0x01, 0x00, 0x00,
  0x9e, 0xff, 0xff, 0xff, 0x81, 0x01, 0x00, 0x00, 0xec, 0x00, 0x00, 0x00,
  0xf2, 0xfe, 0xff, 0xff, 0x0a, 0x01, 0x00, 0x00, 0x5b, 0x00, 0x00, 0x00,
  0x4f, 0xfc, 0xff, 0xff, 0x60, 0xfe, 0xff, 0xff, 0x92, 0x01, 0x00, 0x00,
  0x2a, 0xff, 0xff, 0xff, 0x3a, 0xfe, 0xff, 0xff, 0xbb, 0x01, 0x00, 0x00,
  0x4e, 0xec, 0xff, 0xff, 0x04, 0x00, 0x00, 0x00, 0x10, 0x00, 0x00, 0x00,
  0x1e, 0x49, 0x26, 0x4f, 0x20, 0x31, 0x2c, 0xe6, 0x44, 0x70, 0x43, 0x63,
  0xfa, 0x7f, 0x32, 0x45, 0x6a, 0xec, 0xff, 0xff, 0x04, 0x00, 0x00, 0x00,
  0x10, 0x00, 0x00, 0x00, 0xdd, 0xda, 0xd9, 0xa8, 0xbd, 0xed, 0xc9, 0xda,
  0xbe, 0x80, 0xd2, 0xb5, 0xe4, 0xa6, 0xbf, 0x9d, 0x86, 0xec, 0xff, 0xff,
  0x04, 0x00, 0x00, 0x00, 0x00, 0x03, 0x00, 0x00, 0xe6, 0xd5, 0x6e, 0xbd,
  0x94, 0x67, 0xc3, 0x0c, 0x39, 0x8c, 0x8e, 0x9e, 0x50, 0x3c, 0xe2, 0xf5,
  0xb8, 0xd2, 0x61, 0xd9, 0x41, 0x90, 0x7a, 0x04, 0xb2, 0x58, 0xd2, 0xed,
  0x67, 0x81, 0x16, 0x5b, 0x6b, 0x22, 0xe8, 0xec, 0xc2, 0x2e, 0x3b, 0xef,
  0x63, 0xb0, 0xc9, 0x9c, 0xd0, 0x3a, 0xc1, 0xd8, 0x2e, 0xdb, 0x46, 0xe2,
  0x5d, 0x3a, 0x7e, 0xb1, 0x3f, 0x2c, 0x59, 0x1a, 0x32, 0x3a, 0x4c, 0x3e,
  0x1e, 0xf6, 0xa8, 0xb6, 0x72, 0xf3, 0x70, 0xf1, 0x67, 0x51, 0x2e, 0x4a,
  0xd2, 0x38, 0x94, 0x64, 0xb1, 0xb5, 0xc4, 0xdb, 0xfe, 0x0a, 0x15, 0xfb,
  0x87, 0xf5, 0x81, 0x83, 0x32, 0x3c, 0x7a, 0xf3, 0x18, 0x7c, 0x04, 0xe8,
  0x35, 0xe4, 0x39, 0x0e, 0x87, 0x9e, 0x23, 0x90, 0x42, 0x85, 0xef, 0x0c,
  0x0c, 0xff, 0x13, 0x67, 0x81, 0x43, 0xd1, 0x39, 0x82, 0xa0, 0x5b, 0x06,
  0xf1, 0x49, 0x24, 0xee, 0x7d, 0xe2, 0x9a, 0x51, 0x29, 0x14, 0xe6, 0x17,
  0xdb, 0xa1, 0x2b, 0x6f, 0x09, 0x7d, 0x2b, 0x4d, 0xaa, 0x07, 0xdf, 0x61,
  0x95, 0x8e, 0x54, 0xc5, 0x16, 0x6a, 0xe6, 0x7f, 0x6f, 0x18, 0x16, 0xbe,
  0x8d, 0x61, 0x2f, 0xc3, 0x40, 0x41, 0x4d, 0x77, 0x1e, 0x6c, 0xc3, 0x35,
  0xa7, 0x38, 0x9d, 0x2c, 0x2c, 0xb1, 0xae, 0xd6, 0xf2, 0x22, 0x39, 0x1d,
  0xa5, 0xb9, 0xc0, 0x3d, 0x3a, 0xbf, 0x0c, 0x5d, 0xac, 0x9e, 0xbe, 0xe6,
  0x19, 0xe5, 0x2d, 0x98, 0x89, 0xf1, 0x6d, 0x8d, 0xc9, 0xcc, 0xfa, 0xfc,
  0x7a, 0xfd, 0xc2, 0xb1, 0xf1, 0x9f, 0xac, 0x4f, 0x5a, 0x69, 0x02, 0xbe,
  0x2e, 0x2e, 0x7c, 0xca, 0x90, 0x67, 0xac, 0xe3, 0xa3, 0x04, 0xff, 0xf6,
  0x66, 0x92, 0xc1, 0x12, 0x96, 0x4b, 0x7f, 0xdc, 0x49, 0x2d, 0xda, 0xc5,
  0xac, 0x34, 0x6a, 0x37, 0x74, 0x55, 0x99, 0xd5, 0xff, 0x01, 0xe6, 0x1a,
  0xe2, 0x36, 0xdc, 0x8b, 0xa1, 0x12, 0x18, 0xee, 0xec, 0x0d, 0xf6, 0xea,
  0xb3, 0xf4, 0x56, 0x4c, 0x9d, 0x81, 0xa4, 0xa0, 0xd3, 0x41, 0x10, 0x84,
  0xfa, 0xc5, 0x13, 0x03, 0x61, 0x25, 0x67, 0xe9, 0x1c, 0xf6, 0xeb, 0x0a,
  0x8c, 0x68, 0xa1, 0xb7, 0xc7, 0xb4, 0x50, 0xdd, 0xa5, 0xd4, 0x3a, 0x6f,
  0xac, 0x3c, 0x82, 0xf6, 0xc5, 0x50, 0x8e, 0xcb, 0x28, 0x43, 0xf0, 0xf4,
  0xd3, 0x8b, 0x81, 0x2a, 0x21, 0xb0, 0x96, 0x5b, 0x9b, 0x0a, 0xa2, 0x9a,
  0x33, 0xec, 0x92, 0x95, 0x70, 0x05, 0x2d, 0x47, 0x8e, 0xca, 0x88, 0x2d,
  0x0c, 0x93, 0x06, 0x6a, 0xdd, 0xdc, 0x5e, 0x64, 0x11, 0x39, 0x20, 0x52,
  0x44, 0xdd, 0xae, 0xbf, 0xd6, 0x6b, 0x69, 0x74, 0xb9, 0x21, 0xe1, 0xd5,
  0x3a, 0x3a, 0xa0, 0xb4, 0x90, 0x81, 0xd1, 0x1b, 0x26, 0x08, 0xdb, 0x0c,
  0x7b, 0x53, 0x46, 0xb3, 0x5a, 0xb5, 0x16, 0x6f, 0x44, 0xb7, 0x3b, 0xc7,
  0xef, 0x58, 0xe9, 0xbd, 0xa5, 0x02, 0xad, 0x9e, 0xef, 0xb3, 0x4a, 0x85,
  0xc3, 0xac, 0x3e, 0xd2, 0xab, 0xd8, 0x7f, 0x23, 0xb3, 0x66, 0x59, 0x25,
  0x6b, 0xb0, 0x74, 0x1a, 0x32, 0x4c, 0x20, 0x38, 0xcd, 0xb5, 0x01, 0xc9,
  0x8d, 0x90, 0x21, 0x6c, 0x3a, 0xb6, 0xcb, 0xf7, 0x62, 0x69, 0xd6, 0x1a,
  0xe9, 0x33, 0x95, 0x72, 0xcc, 0xda, 0x29, 0x84, 0xeb, 0x8f, 0x75, 0xe2,
  0xd0, 0x95, 0xe0, 0x4c, 0x3d, 0x13, 0x73, 0x54, 0x64, 0xd4, 0x25, 0xd2,
  0xa0, 0x90, 0x1c, 0xe1, 0xe5, 0xe7, 0xe7, 0xac, 0xdb, 0xd5, 0x67, 0x48,
  0x81, 0x73, 0xea, 0x38, 0xb3, 0xaf, 0x47, 0x1e, 0x52, 0xa9, 0x58, 0xfb,
  0x32, 0x2f, 0x37, 0x4a, 0x81, 0x9d, 0x03, 0xbf, 0x79, 0xaf, 0x54, 0x03,
  0xe9, 0xe9, 0x45, 0xd2, 0x57, 0x2a, 0x70, 0x02, 0x8f, 0x71, 0x32, 0x13,
  0x22, 0xf9, 0x0d, 0x34, 0x02, 0x77, 0x5d, 0x7e, 0x3f, 0x62, 0xb5, 0xc0,
  0x47, 0xef, 0xa1, 0x4a, 0x5c, 0xe9, 0xfb, 0x33, 0x63, 0xc1, 0x5b, 0xed,
  0xc5, 0xe2, 0xf7, 0x36, 0x3d, 0xac, 0xbe, 0x9a, 0x0e, 0x90, 0x16, 0x78,
  0x31, 0x4a, 0x3d, 0x96, 0xf0, 0x1b, 0x12, 0x13, 0x81, 0xeb, 0xc5, 0x33,
  0x47, 0x91, 0x78, 0x99, 0xc4, 0x5f, 0x82, 0xc8, 0x1a, 0x05, 0xea, 0xf8,
  0x81, 0x16, 0x13, 0x29, 0xc0, 0x20, 0x2c, 0x4b, 0x8a, 0x92, 0x76, 0x01,
  0x0e, 0xb2, 0x4f, 0x9e, 0xed, 0x48, 0x1f, 0xd8, 0xfb, 0x11, 0xa9, 0x22,
  0xdd, 0x0a, 0x7f, 0x93, 0x70, 0xf0, 0x02, 0x24, 0x3a, 0xdc, 0x09, 0x66,
  0x9e, 0x40, 0xbf, 0x01, 0x67, 0xa2, 0x39, 0xcf, 0xa6, 0x3c, 0x67, 0xe9,
  0x66, 0x22, 0xce, 0xf7, 0x99, 0xd7, 0x48, 0x86, 0xea, 0x21, 0x46, 0x6c,
  0x3f, 0xe4, 0x5e, 0x1c, 0x9d, 0xec, 0xc8, 0x20, 0x37, 0x5d, 0xb8, 0x99,
  0x94, 0x27, 0xf7, 0x50, 0x3e, 0x83, 0xbc, 0x1d, 0x50, 0xd0, 0x3d, 0xd9,
  0x73, 0x66, 0x75, 0xda, 0x6d, 0xf9, 0x56, 0x4c, 0x1a, 0xb8, 0x42, 0x51,
  0x26, 0xc9, 0x32, 0xd0, 0x27, 0x7f, 0xe8, 0x43, 0x3f, 0xd5, 0xec, 0x29,
  0xbf, 0xf4, 0xc4, 0xaf, 0xe9, 0xb8, 0xb7, 0x69, 0x05, 0xc0, 0x42, 0x95,
  0xb1, 0x9f, 0x57, 0x1f, 0x6d, 0xb3, 0xba, 0x1a, 0x03, 0x04, 0xe2, 0x44,
  0xd5, 0xb5, 0xc9, 0xe3, 0xe6, 0xfe, 0x4d, 0x9d, 0xbf, 0xcc, 0xed, 0x47,
  0xb8, 0x7f, 0x4e, 0x79, 0x8f, 0x76, 0x57, 0xac, 0x9b, 0xbc, 0x1b, 0x52,
  0x5f, 0xfe, 0x66, 0xcb, 0x3a, 0xe4, 0x7f, 0x79, 0x62, 0x34, 0x1c, 0xa0,
  0x40, 0xe5, 0xc4, 0x6b, 0x04, 0x60, 0x2b, 0xc9, 0xb9, 0x2e, 0x78, 0xc8,
  0xe8, 0x03, 0x9f, 0xf1, 0xfa, 0xf7, 0x26, 0x02, 0xd3, 0xa3, 0x39, 0xe0,
  0x2a, 0x88, 0x44, 0x37, 0xa2, 0xcf, 0xaa, 0x6e, 0x92, 0xef, 0xff, 0xff,
  0x04, 0x00, 0x00, 0x00, 0x40, 0x00, 0x00, 0x00, 0x75, 0x03, 0x00, 0x00,
  0x60, 0xff, 0xff, 0xff, 0xfb, 0xfc, 0xff, 0xff, 0x45, 0x03, 0x00, 0x00,
  0x0c, 0xfd, 0xff, 0xff, 0x1d, 0x05, 0x00, 0x00, 0x36, 0x05, 0x00, 0x00,
  0xe5, 0xfe, 0xff, 0xff, 0x7e, 0x00, 0x00, 0x00, 0xfb, 0x00, 0x00, 0x00,
  0x46, 0x00, 0x00, 0x00, 0x74, 0x00, 0x00, 0x00, 0x90, 0x00, 0x00, 0x00,
  0x55, 0x00, 0x00, 0x00, 0xce, 0xf9, 0xff, 0xff, 0x2f, 0xfd, 0xff, 0xff,
  0xde, 0xef, 0xff, 0xff, 0x04, 0x00, 0x00, 0x00, 0x10, 0x00, 0x00, 0x00,
  0x7f, 0x2c, 0x12, 0x57, 0x76, 0x4d, 0x0a, 0x72, 0x12, 0x50, 0xeb, 0x34,
  0x15, 0xe4, 0x23, 0x36, 0xfa, 0xef, 0xff, 0xff, 0x04, 0x00, 0x00, 0x00,
  0x10, 0x00, 0x00, 0x00, 0xb6, 0xe1, 0xf2, 0xd8, 0xc6, 0xbb, 0x80, 0xdb,
  0xde, 0xde, 0xfe, 0xf5, 0xda, 0x0e, 0x05, 0xf1, 0x16, 0xf0, 0xff, 0xff,
  0x04, 0x00, 0x00, 0x00, 0x00, 0x03, 0x00, 0x00, 0x6d, 0xa9, 0x68, 0xfd,
  0xd1, 0x98, 0x4a, 0x01, 0x17, 0x57, 0xe9, 0x9c, 0x8b, 0xe5, 0x2e, 0x6f,
  0xd2, 0x81, 0x07, 0x75, 0xc8, 0xe3, 0x84, 0xe3, 0x8a, 0xbc, 0x3c, 0xe7,
  0x9d, 0xe6, 0xaf, 0xc7, 0x4e, 0xc0, 0xda, 0xd2, 0xe1, 0xae, 0xb5, 0x67,
  0xee, 0x16, 0xe4, 0x46, 0x77, 0x9c, 0x9a, 0xcb, 0x6b, 0xa9, 0x38, 0x72,
  0x99, 0xaa, 0x98, 0x0f, 0xdf, 0x32, 0xfd, 0xed, 0x3e, 0x6e, 0xbd, 0xb6,
  0xcc, 0xcc, 0xef, 0xb1, 0x37, 0x47, 0x11, 0xd7, 0x4c, 0x93, 0xd1, 0xaa,
  0x51, 0xa1, 0x4f, 0xe5, 0x18, 0x28, 0x08, 0xdf, 0x15, 0xfb, 0x66, 0x8f,
  0xb3, 0xc5, 0xe9, 0x00, 0xc7, 0x5e, 0x7f, 0x2b, 0x58, 0x6f, 0x2c, 0xdb,
  0x84, 0xeb, 0x1a, 0x9c, 0x9c, 0xb3, 0x42, 0xb3, 0x8a, 0x81, 0x4a, 0xce,
  0xff, 0x08, 0x26, 0x9c, 0xd0, 0x87, 0x9d, 0x3e, 0x5a, 0x09, 0xb8, 0x96,
  0x4e, 0x77, 0x8f, 0xc9, 0x3a, 0x13, 0xf4, 0xdc, 0x8b, 0xc6, 0x86, 0x90,
  0xf5, 0x41, 0x1f, 0x6e, 0x9f, 0x51, 0x94, 0x53, 0xa5, 0x61, 0x41, 0xa2,
  0xca, 0x1b, 0xdf, 0x4a, 0xb6, 0x59, 0xf8, 0xa2, 0xe0, 0xf2, 0xb8, 0xa8,
  0x25, 0x6c, 0x70, 0x19, 0x9e, 0xfc, 0x0c, 0x71, 0xe7, 0x48, 0x29, 0xbc,
  0x66, 0x4e, 0xfc, 0x22, 0x60, 0xe0, 0x47, 0xe1, 0x91, 0xeb, 0xd8, 0xa4,
  0xf2, 0x61, 0x9e, 0x50, 0xcf, 0x53, 0x7f, 0x1b, 0xa8, 0x22, 0xe3, 0x0d,
  0xd6, 0x9b, 0xc0, 0xfd, 0x68, 0xed, 0xa5, 0x38, 0x62, 0x44, 0x1b, 0x0b,
  0xb2, 0x41, 0xbf, 0x9b, 0x05, 0x96, 0x17, 0xf1, 0xa4, 0x05, 0x5e, 0x1b,
  0x75, 0xff, 0xab, 0xa7, 0x4b, 0xef, 0xf0, 0xa6, 0xf5, 0xdc, 0x57, 0x2d,
  0x5f, 0xc9, 0x1b, 0x39, 0x7d, 0xab, 0x7f, 0x29, 0x8e, 0x3b, 0x2f, 0x3a,
  0x3d, 0x89, 0xb6, 0x61, 0x74, 0xd5, 0xd2, 0xcd, 0x7f, 0x8c, 0xb8, 0x3f,
  0xc2, 0x9f, 0x3d, 0x2d, 0x9b, 0xff, 0xe6, 0x33, 0x76, 0x2a, 0xef, 0x4f,
  0x14, 0x37, 0xb7, 0x50, 0x82, 0xd7, 0x94, 0x56, 0xe4, 0x16, 0xf3, 0xf8,
  0x30, 0x2a, 0x99, 0x3b, 0xf8, 0xee, 0xd7, 0xc9, 0xe5, 0xc9, 0x8f, 0x31,
  0xef, 0x45, 0x1b, 0x52, 0x9a, 0x23, 0x47, 0x0d, 0xce, 0x3e, 0x0b, 0xc3,
  0x49, 0xce, 0xf2, 0x47, 0xca, 0xf4, 0x62, 0x4c, 0xd4, 0xb9, 0xa3, 0xdd,
  0xad, 0x27, 0x81, 0xfa, 0xd0, 0x7a, 0xe9, 0x34, 0x98, 0x56, 0x06, 0x2d,
  0x06, 0xa1, 0xc5, 0xf9, 0xa7, 0x54, 0x4c, 0x53, 0x9e, 0x61, 0xd6, 0xea,
  0xc7, 0x55, 0xdc, 0x6c, 0x70, 0x37, 0x7f, 0xa5, 0x21, 0x9c, 0xe6, 0x3c,
  0x02, 0xeb, 0xbf, 0xfa, 0x67, 0x06, 0x0a, 0xa0, 0x62, 0x34, 0xcc, 0xc5,
  0xbd, 0xdc, 0x88, 0xb6, 0x73, 0x51, 0xe5, 0xbd, 0xfe, 0x3e, 0x9a, 0x85,
  0x2e, 0xca, 0x7e, 0x39, 0x20, 0x5d, 0x56, 0x63, 0xe9, 0x64, 0x16, 0x55,
  0x90, 0x0d, 0xdb, 0xb6, 0x6d, 0xdb, 0x68, 0x50, 0xdf, 0xb5, 0x2f, 0x30,
  0xb6, 0xaf, 0x42, 0x89, 0x63, 0x41, 0x63, 0xeb, 0xfc, 0xaa, 0xc2, 0x38,
  0x58, 0x42, 0x9b, 0x36, 0x81, 0x32, 0x55, 0x3a, 0xfc, 0x5a, 0x0b, 0xe0,
  0x20, 0x1f, 0x04, 0xc8, 0x28, 0x14, 0xef, 0x17, 0xda, 0xfd, 0xb6, 0xb6,
  0x27, 0x6e, 0x1d, 0x8e, 0x4f, 0x31, 0x95, 0x8a, 0xd0, 0xe0, 0x7f, 0xe1,
  0xb0, 0xa0, 0x73, 0x08, 0x2e, 0xcc, 0x19, 0xc3, 0x2f, 0xce, 0x34, 0xa3,
  0x18, 0xe3, 0x1e, 0xb0, 0x0f, 0xd6, 0xb0, 0x74, 0x55, 0xd7, 0xe3, 0xb8,
  0x67, 0xc4, 0x9f, 0x90, 0xdf, 0xa4, 0x7d, 0xf7, 0x28, 0x0d, 0x72, 0x02,
  0x65, 0x82, 0x81, 0xf9, 0x58, 0xb7, 0x36, 0x91, 0x00, 0x98, 0x0b, 0x34,
  0xe6, 0x61, 0x56, 0xb8, 0x1f, 0xc8, 0x24, 0x3c, 0x5f, 0xe3, 0x40, 0xf2,
  0xc0, 0x9a, 0x7d, 0x5a, 0xd8, 0x0c, 0x43, 0x78, 0x3d, 0xc6, 0x19, 0x83,
  0xc4, 0xa0, 0x44, 0xfa, 0x7a, 0xf7, 0xcd, 0x33, 0x11, 0x28, 0x46, 0xf6,
  0xb4, 0xe2, 0x45, 0x35, 0x91, 0x77, 0x02, 0xb1, 0x14, 0x5e, 0xc0, 0x9d,
  0x8d, 0x5e, 0x55, 0xc6, 0x46, 0x36, 0x66, 0x31, 0x0d, 0x93, 0xd2, 0x3a,
  0xb6, 0x27, 0x81, 0xf6, 0x59, 0x8a, 0x3c, 0xc4, 0xd6, 0x42, 0x94, 0x6c,
  0x47, 0x86, 0x00, 0x23, 0x69, 0xb9, 0x51, 0x3d, 0x37, 0x19, 0xd6, 0xf3,
  0xe2, 0xc9, 0xb6, 0x3b, 0x13, 0x9d, 0x63, 0x90, 0xc0, 0xa8, 0xe8, 0x5a,
  0x89, 0x33, 0xcb, 0x3f, 0x94, 0xe0, 0xb6, 0xd4, 0xb9, 0x37, 0x61, 0x35,
  0xb8, 0xbf, 0x50, 0xce, 0xde, 0x21, 0x68, 0x2a, 0x4c, 0xc0, 0x86, 0xaf,
  0xa3, 0x5c, 0x11, 0x39, 0x7f, 0xae, 0x5d, 0x1f, 0x5d, 0x37, 0xf9, 0x63,
  0x7f, 0x2c, 0x25, 0xfc, 0x62, 0xdd, 0xbb, 0xb2, 0x84, 0xe3, 0x32, 0xe2,
  0x32, 0xd2, 0xb3, 0x76, 0x92, 0xac, 0x3c, 0xe5, 0x16, 0x00, 0x3a, 0x4b,
  0x54, 0x17, 0xbd, 0xd2, 0xb5, 0x12, 0x97, 0xcc, 0x72, 0xf4, 0x14, 0x8f,
  0x24, 0x3a, 0xec, 0x95, 0x2c, 0x7e, 0x01, 0x3a, 0x73, 0x69, 0x97, 0xda,
  0x63, 0x25, 0xdd, 0x95, 0x46, 0xde, 0xee, 0x70, 0x2b, 0xdd, 0x1e, 0x7f,
  0x4d, 0x71, 0x56, 0x8b, 0x35, 0x6f, 0xe2, 0x7e, 0x16, 0x7b, 0xb9, 0x37,
  0x06, 0x39, 0x2d, 0x45, 0xc7, 0xfa, 0xe4, 0x62, 0x98, 0x2c, 0xb2, 0x3c,
  0xfc, 0x7d, 0xcd, 0x82, 0xb2, 0x65, 0x7f, 0x3b, 0xf3, 0x09, 0x9d, 0x02,
  0xa4, 0x9e, 0xec, 0x5b, 0x00, 0x5c, 0x3a, 0xcc, 0x11, 0x6c, 0x79, 0x23,
  0xae, 0xe1, 0xd0, 0x19, 0x3f, 0xc7, 0x65, 0x8b, 0x49, 0xf2, 0xbf, 0xf7,
  0x25, 0x18, 0x7f, 0xd5, 0x58, 0xb6, 0x79, 0xdc, 0xe0, 0x0c, 0x23, 0x65,
  0x65, 0xc2, 0xef, 0xc4, 0x22, 0x98, 0xf3, 0x13, 0x22, 0xf3, 0xff, 0xff,
  0x04, 0x00, 0x00, 0x00, 0x40, 0x00, 0x00, 0x00, 0x32, 0x00, 0x00, 0x00,
  0x68, 0x01, 0x00, 0x00, 0xb9, 0xff, 0xff, 0xff, 0x64, 0xfe, 0xff, 0xff,
  0x4d, 0xff, 0xff, 0xff, 0x86, 0xfc, 0xff, 0xff, 0xd9, 0x02, 0x00, 0x00,
  0x5c, 0xff, 0xff, 0xff, 0x41, 0x00, 0x00, 0x00, 0x61, 0xfe, 0xff, 0xff,
  0xd5, 0xfd, 0xff, 0xff, 0x34, 0x04, 0x00, 0x00, 0x90, 0xfd, 0xff, 0xff,
  0xba, 0xff, 0xff, 0xff, 0x87, 0xff, 0xff, 0xff, 0xb2, 0xfd, 0xff, 0xff,
  0x6e, 0xf3, 0xff, 0xff, 0x04, 0x00, 0x00, 0x00, 0x10, 0x00, 0x00, 0x00,
  0x41, 0x70, 0xf6, 0xdf, 0x08, 0xf0, 0x22, 0xf9, 0x18, 0x04, 0xf4, 0x2f,
  0x11, 0x7f, 0xe1, 0xf3, 0x8a, 0xf3, 0xff, 0xff, 0x04, 0x00, 0x00, 0x00,
  0x10, 0x00, 0x00, 0x00, 0x94, 0x85, 0xc2, 0xcd, 0xd2, 0xc4, 0x80, 0xec,
  0xbd, 0xa1, 0xcd, 0x97, 0xa7, 0xa2, 0xcf, 0xe7, 0xa6, 0xf3, 0xff, 0xff,
  0x04, 0x00, 0x00, 0x00, 0x00, 0x03, 0x00, 0x00, 0x89, 0xcb, 0x00, 0xb8,
  0x3d, 0xe3, 0x1e, 0xfb, 0x50, 0x57, 0x5d, 0xa0, 0x2e, 0xc3, 0x90, 0x73,
  0x6f, 0x54, 0xee, 0x26, 0x2e, 0x83, 0x45, 0x73, 0xb3, 0xea, 0xa9, 0x7e,
  0xdb, 0x11, 0x86, 0x42, 0xf1, 0xa2, 0xe6, 0xc5, 0xec, 0x4c, 0x0b, 0x13,
  0xc5, 0x17, 0x2d, 0x81, 0x38, 0x30, 0xad, 0x59, 0xd1, 0xe0, 0xc4, 0x02,
  0xc4, 0xa1, 0x97, 0x2a, 0xcd, 0xd4, 0xb1, 0x10, 0x35, 0x25, 0xa7, 0xab,
  0x3a, 0x64, 0x7f, 0xb7, 0x43, 0x50, 0x66, 0x66, 0xa8, 0x10, 0xc7, 0xfe,
  0x31, 0x67, 0x14, 0xf4, 0x6c, 0xd2, 0xed, 0x5e, 0xe7, 0xe1, 0x4c, 0x4a,
  0x37, 0x8b, 0xbf, 0x5a, 0x04, 0x70, 0xf6, 0x1f, 0xf2, 0x52, 0x47, 0xdf,
  0xf5, 0x17, 0xab, 0xb5, 0x19, 0x59, 0x71, 0xc7, 0xfd, 0xdd, 0x50, 0xa9,
  0xc8, 0x1b, 0x96, 0x09, 0x7f, 0xd4, 0x96, 0xfd, 0xde, 0xd7, 0x06, 0xdb,
  0xa6, 0xc8, 0x66, 0x13, 0xfc, 0x00, 0x52, 0x64, 0x2c, 0x4a, 0xb8, 0x9d,
  0xdd, 0x02, 0x1d, 0x04, 0x77, 0x70, 0x20, 0xf5, 0xc2, 0xca, 0x64, 0x03,
  0x5d, 0x41, 0x01, 0xd5, 0x10, 0x02, 0x4b, 0x55, 0xb4, 0x9e, 0xcf, 0xad,
  0x43, 0x08, 0x1b, 0x61, 0xd0, 0x61, 0xda, 0xf0, 0xbd, 0x12, 0xc9, 0xb5,
  0x38, 0x96, 0xec, 0x15, 0xec, 0x63, 0x65, 0x7f, 0x9c, 0x67, 0xde, 0x53,
  0x42, 0xee, 0xef, 0x4e, 0x9f, 0xc1, 0x3e, 0x17, 0x95, 0x42, 0x38, 0x1b,
  0xdf, 0xd0, 0xe3, 0x0f, 0x14, 0x28, 0x1e, 0x0f, 0x94, 0x54, 0xcc, 0x46,
  0x68, 0xfe, 0x1b, 0x0c, 0x19, 0x0c, 0x4f, 0x51, 0xdc, 0xf5, 0x36, 0x6a,
  0xd2, 0x18, 0xd4, 0xa4, 0x0a, 0xbc, 0x71, 0x5b, 0xe8, 0x81, 0x47, 0x98,
  0xe8, 0x8f, 0x55, 0x35, 0x16, 0x99, 0x48, 0x26, 0x22, 0xf7, 0xd6, 0x74,
  0xe7, 0xf9, 0xba, 0xe9, 0xab, 0xcc, 0x24, 0xa3, 0x7f, 0x09, 0x32, 0x2a,
  0x21, 0x2b, 0xf7, 0x05, 0x4f, 0x69, 0x5f, 0x21, 0x56, 0xdb, 0x0b, 0xd1,
  0xd7, 0x55, 0xa7, 0x63, 0x9c, 0xde, 0x8b, 0x28, 0x5a, 0x35, 0xc1, 0x9f,
  0x4d, 0xc1, 0xe2, 0x49, 0x34, 0x6b, 0xca, 0x4e, 0xac, 0x6b, 0xd2, 0x4d,
  0x1e, 0x4c, 0xf5, 0xab, 0xa0, 0xc0, 0x01, 0x4e, 0x36, 0x3d, 0xfa, 0xd5,
  0xcf, 0x49, 0xdb, 0x66, 0xc2, 0x54, 0x09, 0x39, 0x7b, 0xb7, 0xee, 0xfb,
  0xcc, 0x9b, 0x6d, 0x2a, 0xec, 0x81, 0x3a, 0x51, 0x4e, 0x65, 0x4a, 0x37,
  0xb8, 0xdb, 0x0d, 0x94, 0x69, 0x19, 0x62, 0x85, 0xf1, 0xb3, 0xed, 0xca,
  0x40, 0xbe, 0xf8, 0x0d, 0xb6, 0xfc, 0x23, 0xe6, 0x3c, 0x49, 0x5f, 0x84,
  0x53, 0xdc, 0x69, 0xb4, 0xe1, 0xef, 0x10, 0x75, 0xd8, 0xbb, 0x58, 0x66,
  0x24, 0x1f, 0xfe, 0xa7, 0xfd, 0xc0, 0x1b, 0x7f, 0x6c, 0x14, 0x95, 0xc0,
  0xc7, 0x60, 0xe5, 0xeb, 0xef, 0xc9, 0x55, 0x9f, 0xc4, 0x4e, 0xfe, 0x34,
  0xb9, 0x69, 0xa5, 0x2b, 0xea, 0x24, 0x76, 0x0b, 0x60, 0xf9, 0xbb, 0x41,
  0x26, 0x01, 0x82, 0x62, 0x5d, 0xd5, 0xbf, 0xcf, 0xd2, 0x7f, 0xf5, 0xeb,
  0xf4, 0x19, 0xd8, 0x0d, 0x9e, 0x56, 0x58, 0x12, 0x3f, 0x48, 0x19, 0xef,
  0x11, 0x95, 0xb5, 0x2a, 0x48, 0xf1, 0x17, 0xb0, 0x1d, 0xcd, 0x7c, 0xd3,
  0x5d, 0x58, 0xc7, 0x24, 0x7f, 0x63, 0x83, 0xb0, 0xd0, 0xc1, 0xdd, 0x7e,
  0x6d, 0xce, 0x28, 0x2c, 0x99, 0xf6, 0xdd, 0xd4, 0xeb, 0x38, 0xc0, 0xac,
  0x2f, 0x8e, 0x96, 0xd5, 0x1c, 0x5b, 0x4c, 0x30, 0xda, 0x19, 0x20, 0x6d,
  0x3f, 0xe6, 0x33, 0x8d, 0x49, 0x54, 0x99, 0xbc, 0x91, 0xeb, 0x8c, 0x9b,
  0xcc, 0x1d, 0xd2, 0x3f, 0x81, 0x9f, 0x6f, 0x46, 0x24, 0x09, 0x47, 0x1d,
  0x10, 0x23, 0x1a, 0xdd, 0xc2, 0x52, 0x30, 0x38, 0x8a, 0x40, 0xde, 0x01,
  0x58, 0x76, 0xb0, 0x8a, 0x0d, 0x43, 0x52, 0xdd, 0x73, 0x54, 0x48, 0x57,
  0x75, 0xba, 0x06, 0x97, 0x8d, 0xf9, 0x03, 0x10, 0x46, 0x78, 0x2f, 0xe8,
  0x62, 0xa9, 0x47, 0xe3, 0x44, 0x0f, 0x99, 0xb4, 0x81, 0x55, 0xd9, 0xe6,
  0xe7, 0xea, 0xa1, 0x3a, 0x16, 0xaa, 0x56, 0x45, 0x6f, 0x2b, 0x1e, 0x1f,
  0x8b, 0x99, 0x2b, 0xe0, 0x4a, 0x21, 0x26, 0x9a, 0xa3, 0x6f, 0xb1, 0xe8,
  0x82, 0xaa, 0xa4, 0x1d, 0xb6, 0x76, 0xc4, 0x13, 0x0d, 0x32, 0x65, 0xb2,
  0xaa, 0x46, 0xf6, 0x9a, 0x26, 0xc8, 0xa7, 0x4c, 0xb5, 0xcf, 0x8d, 0x52,
  0x8b, 0xda, 0x5c, 0x5b, 0xb1, 0xc6, 0x57, 0xc6, 0x35, 0x6b, 0x9d, 0x8e,
  0x40, 0x22, 0x06, 0x4e, 0x5f, 0x44, 0xc8, 0xbb, 0xd8, 0x38, 0xfb, 0x1c,
  0x25, 0x4b, 0x36, 0x3d, 0xdb, 0xa4, 0x6b, 0x7f, 0xf4, 0xd7, 0x98, 0x20,
  0x72, 0x4f, 0x02, 0x4e, 0xfb, 0x06, 0x53, 0xf9, 0x76, 0x08, 0xbe, 0x11,
  0x00, 0x20, 0xaa, 0x4f, 0xcb, 0xd0, 0xa7, 0xe2, 0xb3, 0x44, 0x1b, 0x46,
  0x4f, 0x11, 0x1a, 0xbc, 0x31, 0x2f, 0xb1, 0x06, 0xdc, 0xb4, 0xd1, 0xc7,
  0x13, 0x73, 0x2b, 0xaa, 0x2a, 0xa8, 0x3f, 0x7f, 0xca, 0x13, 0x49, 0x7f,
  0x69, 0xe9, 0x7f, 0x40, 0x39, 0xaa, 0x9a, 0xca, 0x3f, 0x02, 0x06, 0xa2,
  0x36, 0x54, 0xee, 0xcc, 0x33, 0xe3, 0x9f, 0x20, 0x61, 0xf8, 0x66, 0x6e,
  0xfc, 0x0f, 0x0f, 0xb1, 0x91, 0xe2, 0x1f, 0x25, 0xdf, 0x0a, 0x99, 0xdb,
  0x2e, 0x55, 0x7e, 0x0e, 0xe3, 0x22, 0x4a, 0x2a, 0x6d, 0xe2, 0xa6, 0x60,
  0x53, 0xf4, 0xac, 0x44, 0xc1, 0x22, 0x8c, 0xf5, 0xd0, 0x8f, 0x58, 0xd8,
  0xb5, 0xc1, 0x7f, 0x06, 0xf9, 0x15, 0x3b, 0xea, 0x47, 0x0d, 0x0a, 0x88,
  0x9a, 0x1a, 0x90, 0x1f, 0x2b, 0xfa, 0xd2, 0xc8, 0xfe, 0x26, 0xfe, 0x24,
  0xc2, 0x29, 0xd0, 0x44, 0x4a, 0x81, 0xcd, 0xea, 0xb2, 0xf6, 0xff, 0xff,
  0x04, 0x00, 0x00, 0x00, 0x40, 0x00, 0x00, 0x00, 0xc5, 0x01, 0x00, 0x00,
  0xcd, 0x03, 0x00, 0x00, 0x8f, 0xff, 0xff, 0xff, 0x30, 0xff, 0xff, 0xff,
  0x12, 0x03, 0x00, 0x00, 0x9d, 0xfd, 0xff, 0xff, 0xd5, 0x02, 0x00, 0x00,
  0xd4, 0x01, 0x00, 0x00, 0x76, 0xfd, 0xff, 0xff, 0x71, 0x03, 0x00, 0x00,
  0x8b, 0x02, 0x00, 0x00, 0xc4, 0x03, 0x00, 0x00, 0x8e, 0x02, 0x00, 0x00,
  0x59, 0xfc, 0xff, 0xff, 0xaf, 0xfd, 0xff, 0xff, 0x5a, 0x03, 0x00, 0x00,
  0xfe, 0xf6, 0xff, 0xff, 0x04, 0x00, 0x00, 0x00, 0x10, 0x00, 0x00, 0x00,
  0x1d, 0x1c, 0xee, 0xe7, 0xeb, 0xd1, 0xe6, 0x1f, 0xf0, 0x25, 0x0e, 0x2c,
  0x41, 0xd9, 0xdd, 0x7f, 0x1a, 0xf7, 0xff, 0xff, 0x04, 0x00, 0x00, 0x00,
  0x10, 0x00, 0x00, 0x00, 0xdd, 0xb6, 0xe3, 0x16, 0xdb, 0x01, 0xed, 0xf5,
  0xf5, 0xcf, 0xf3, 0x80, 0xaa, 0xfc, 0x03, 0x9d, 0x36, 0xf7, 0xff, 0xff,
  0x04, 0x00, 0x00, 0x00, 0x00, 0x03, 0x00, 0x00, 0xce, 0x6f, 0x5c, 0x10,
  0x81, 0x76, 0x0c, 0xb0, 0x45, 0x02, 0x5c, 0x3d, 0xd8, 0xa6, 0x4d, 0x23,
  0xfa, 0x60, 0x48, 0x0e, 0xde, 0xf2, 0x19, 0xeb, 0xdf, 0xcc, 0xae, 0xb1,
  0xff, 0xd3, 0x3c, 0x74, 0x18, 0x21, 0xec, 0x6e, 0xe1, 0x3f, 0x3c, 0xe6,
  0x21, 0xc0, 0x5b, 0x4a, 0x27, 0x10, 0xa5, 0x0d, 0xda, 0x8a, 0x33, 0x11,
  0x94, 0xd6, 0x4d, 0x67, 0xea, 0x4b, 0xfb, 0xf1, 0xb1, 0x5a, 0xe5, 0x91,
  0xa8, 0x1a, 0x35, 0x62, 0xa3, 0xb5, 0x86, 0xab, 0x46, 0x21, 0x22, 0xe8,
  0xa3, 0xcb, 0xfe, 0x4a, 0x06, 0x81, 0x62, 0xff, 0xc0, 0xbb, 0x6f, 0xf4,
  0x55, 0x2a, 0x6a, 0xe5, 0x54, 0x3d, 0xd9, 0x89, 0x47, 0x10, 0xa9, 0xe2,
  0xd5, 0x1a, 0xd9, 0xd1, 0xb7, 0x55, 0xf4, 0x40, 0x3f, 0x15, 0x61, 0xe6,
  0x95, 0xb4, 0xa8, 0x2c, 0x24, 0x42, 0xca, 0xbc, 0xbd, 0x0d, 0x21, 0x5d,
  0x3d, 0xbe, 0x22, 0x4b, 0xf0, 0xe3, 0x4f, 0xc9, 0x22, 0x81, 0xbd, 0xa0,
  0x29, 0x61, 0xf6, 0x94, 0xc0, 0xd4, 0x5e, 0x8a, 0x39, 0xe9, 0x8f, 0x6f,
  0x4c, 0x35, 0x18, 0x48, 0x81, 0x4c, 0xa3, 0x4e, 0xc9, 0x44, 0x8b, 0xff,
  0x02, 0xaa, 0x1c, 0x8f, 0x84, 0xa6, 0xdc, 0x59, 0x32, 0xaf, 0x3f, 0x00,
  0x35, 0xba, 0x5a, 0x25, 0xe1, 0xcf, 0x96, 0x44, 0xc0, 0x6b, 0x38, 0x08,
  0x95, 0x00, 0xca, 0x64, 0x95, 0xd8, 0x8b, 0x96, 0x6a, 0x86, 0x22, 0x81,
  0x3c, 0x77, 0x61, 0x87, 0x39, 0xff, 0xc0, 0xd6, 0x25, 0xbc, 0x95, 0xc1,
  0xfb, 0xc1, 0x72, 0xf0, 0x6e, 0x03, 0xd2, 0x41, 0x0e, 0x32, 0x2d, 0x6c,
  0xd6, 0x45, 0x2f, 0x66, 0x11, 0x98, 0xf4, 0x11, 0xd7, 0x0c, 0x52, 0xef,
  0x5e, 0x6f, 0x43, 0x3a, 0x5e, 0x74, 0x59, 0xd8, 0xa8, 0xd0, 0x6f, 0xf9,
  0xe6, 0x62, 0x3d, 0xc6, 0x44, 0xd7, 0x40, 0xc6, 0xb3, 0x09, 0x35, 0xdb,
  0xfe, 0xdc, 0x54, 0x51, 0xc2, 0x62, 0x9f, 0xc5, 0xaf, 0x1c, 0xe8, 0xa5,
  0xdb, 0x6b, 0xec, 0xc7, 0xd5, 0x95, 0x3a, 0x11, 0xf2, 0xbb, 0xbc, 0x2e,
  0x7f, 0x08, 0xb2, 0x87, 0x3a, 0x61, 0xc3, 0xc0, 0x26, 0x20, 0xe5, 0x94,
  0x85, 0x5c, 0xfe, 0xc7, 0x6b, 0x2f, 0xa6, 0xb5, 0x33, 0x65, 0x20, 0x01,
  0xeb, 0xf6, 0xfd, 0x81, 0x4a, 0xe6, 0x96, 0x1d, 0x4a, 0x30, 0x91, 0x8e,
  0xaf, 0xa5, 0xac, 0xfb, 0xf0, 0xc7, 0x11, 0x33, 0x69, 0xd1, 0x5f, 0x6b,
  0xa3, 0xc1, 0xe5, 0xdc, 0x5f, 0x6d, 0xd1, 0xba, 0xda, 0xb6, 0xf8, 0x49,
  0x5e, 0x50, 0x7d, 0x3b, 0xec, 0xef, 0xd7, 0xf5, 0xac, 0x5d, 0x66, 0x05,
  0x60, 0x65, 0xb4, 0x61, 0x91, 0xba, 0xa1, 0xaa, 0xc6, 0xd4, 0x79, 0xb6,
  0xe0, 0xa1, 0x96, 0x72, 0x27, 0x7f, 0xb3, 0x38, 0x2f, 0xed, 0xf6, 0x62,
  0x8d, 0x9e, 0x03, 0x57, 0x32, 0xf4, 0x65, 0x00, 0xe3, 0x0f, 0xc9, 0xdc,
  0x50, 0x2f, 0xab, 0xcc, 0x4b, 0xd6, 0x3e, 0x5f, 0x4a, 0xfd, 0x1d, 0x02,
  0x56, 0xd6, 0xae, 0xcc, 0x26, 0xca, 0xd3, 0x42, 0x4a, 0x52, 0x9d, 0xda,
  0xd6, 0x7f, 0x02, 0x1a, 0x06, 0x03, 0xab, 0x4a, 0xaf, 0x49, 0xcf, 0x1c,
  0x62, 0x3e, 0x47, 0x52, 0x13, 0x36, 0xc5, 0xb4, 0x64, 0x91, 0x95, 0x1f,
  0x6a, 0xf5, 0x7e, 0x44, 0xdb, 0x59, 0x76, 0x5c, 0xb5, 0xde, 0xd3, 0x7f,
  0x87, 0x1f, 0x8e, 0x51, 0x44, 0xab, 0x8c, 0xb0, 0x93, 0x3e, 0x56, 0x67,
  0x2b, 0xbe, 0x89, 0xe5, 0x75, 0x1f, 0xd0, 0xf8, 0x55, 0x47, 0x6c, 0x2d,
  0x77, 0xd6, 0x71, 0x84, 0xa0, 0x6f, 0x84, 0x98, 0xf2, 0x5a, 0xb1, 0x45,
  0xc6, 0xde, 0x18, 0xf3, 0x25, 0x98, 0x61, 0xda, 0x1a, 0x67, 0x3d, 0x5f,
  0xea, 0xd1, 0x26, 0xae, 0x45, 0x98, 0x31, 0x73, 0xf6, 0x34, 0x67, 0x74,
  0x3f, 0xd9, 0xb0, 0x6b, 0xf2, 0xdb, 0x2b, 0xe6, 0xa4, 0x5e, 0xbb, 0xf1,
  0x85, 0x29, 0xe3, 0xd8, 0x4d, 0x81, 0xc0, 0x13, 0x60, 0xb9, 0x79, 0xd3,
  0xf3, 0xd7, 0x66, 0x81, 0x18, 0x33, 0xf7, 0xe9, 0xd4, 0xe1, 0x0b, 0x30,
  0x7c, 0xa3, 0x54, 0x5a, 0xa2, 0x68, 0xbf, 0x10, 0x40, 0xe3, 0xf9, 0x93,
  0x4f, 0xb9, 0xf8, 0x39, 0x6b, 0x49, 0x3c, 0x97, 0xd7, 0x31, 0x6c, 0xed,
  0x22, 0x09, 0x1b, 0xaa, 0xb2, 0xe8, 0xa7, 0xc2, 0xc0, 0x15, 0xd2, 0x93,
  0x3d, 0xc0, 0x47, 0x60, 0x8d, 0xf2, 0xf6, 0x88, 0x3c, 0x5b, 0xf6, 0x2f,
  0x2c, 0xd4, 0x52, 0x70, 0x19, 0x81, 0xef, 0xed, 0x7a, 0x4f, 0x38, 0x48,
  0xd4, 0xb5, 0xa6, 0x10, 0x1a, 0xf1, 0xba, 0x0c, 0x25, 0x8d, 0x3d, 0xf0,
  0xb6, 0xeb, 0x58, 0xdd, 0x28, 0xf3, 0x21, 0xed, 0x7f, 0xae, 0xd8, 0x1b,
  0xe8, 0x61, 0x2e, 0xef, 0xe2, 0xe0, 0x24, 0x18, 0x53, 0x04, 0x54, 0x24,
  0x30, 0xe1, 0x44, 0x05, 0xb5, 0x10, 0x05, 0x30, 0x31, 0x2c, 0x33, 0xb6,
  0x38, 0xc3, 0xb2, 0x99, 0xcf, 0x1f, 0x30, 0x1c, 0xed, 0x50, 0x32, 0xba,
  0xb7, 0xb7, 0x45, 0xdb, 0x4f, 0x50, 0xfc, 0xfd, 0x02, 0x59, 0x35, 0x53,
  0xb3, 0x59, 0x7d, 0xd8, 0xe2, 0x3d, 0xb0, 0x8d, 0x1a, 0x9d, 0xc8, 0x9a,
  0x70, 0x88, 0x12, 0x9f, 0xbd, 0x7d, 0x64, 0xba, 0x2c, 0xfc, 0x93, 0x35,
  0x41, 0x4a, 0x8b, 0x96, 0x07, 0x4c, 0x66, 0x93, 0xde, 0xb3, 0xc3, 0x71,
  0x22, 0x54, 0xc0, 0xa3, 0x48, 0x7f, 0x06, 0x94, 0xd8, 0xbd, 0xe2, 0xf6,
  0x31, 0x90, 0xef, 0x07, 0x1c, 0x64, 0x9a, 0x7e, 0x02, 0xe8, 0x32, 0x9f,
  0xf3, 0xf2, 0xf8, 0xb1, 0x9c, 0x95, 0xc1, 0x4a, 0x81, 0x63, 0xf6, 0x11,
  0x02, 0xcf, 0x7a, 0x17, 0x16, 0x33, 0x5f, 0x6d, 0xec, 0xb3, 0x41, 0xc1,
  0xea, 0xa0, 0xce, 0xca, 0x8c, 0x90, 0x36, 0xb2, 0x42, 0xfa, 0xff, 0xff,
  0x04, 0x00, 0x00, 0x00, 0x40, 0x00, 0x00, 0x00, 0x37, 0x01, 0x00, 0x00,
  0xe4, 0x02, 0x00, 0x00, 0xb9, 0x03, 0x00, 0x00, 0x32, 0x06, 0x00, 0x00,
  0x22, 0xff, 0xff, 0xff, 0x89, 0xfc, 0xff, 0xff, 0xf4, 0x02, 0x00, 0x00,
  0x6c, 0x03, 0x00, 0x00, 0x7e, 0xff, 0xff, 0xff, 0x7b, 0x04, 0x00, 0x00,
  0x33, 0x05, 0x00, 0x00, 0x3c, 0xff, 0xff, 0xff, 0x19, 0x07, 0x00, 0x00,
  0x18, 0xfd, 0xff, 0xff, 0x1a, 0xfd, 0xff, 0xff, 0x6d, 0x03, 0x00, 0x00,
  0x8e, 0xfa, 0xff, 0xff, 0x04, 0x00, 0x00, 0x00, 0x10, 0x00, 0x00, 0x00,
  0x2b, 0x35, 0x7f, 0x69, 0xea, 0xee, 0x73, 0x0f, 0x53, 0x44, 0x74, 0xe4,
  0x76, 0xec, 0xf8, 0x55, 0xaa, 0xfa, 0xff, 0xff, 0x04, 0x00, 0x00, 0x00,
  0x10, 0x00, 0x00, 0x00, 0x11, 0xe6, 0xb7, 0x80, 0x02, 0xfc, 0x10, 0xda,
  0xde, 0xcb, 0xc8, 0xee, 0xcf, 0xfc, 0xf4, 0x98, 0xc6, 0xfa, 0xff, 0xff,
  0x04, 0x00, 0x00, 0x00, 0x00, 0x03, 0x00, 0x00, 0xff, 0x0d, 0x2a, 0xc1,
  0xc3, 0xe8, 0xf5, 0x2d, 0x45, 0xb5, 0x14, 0x7f, 0xa8, 0x29, 0x19, 0xc4,
  0x3c, 0x4e, 0xf7, 0xf1, 0xbb, 0x0f, 0x55, 0xbd, 0x5e, 0xf1, 0xb3, 0x63,
  0x14, 0xcc, 0x25, 0x10, 0x3d, 0x4b, 0x13, 0xca, 0x6a, 0x38, 0xd0, 0x09,
  0xda, 0x37, 0x97, 0xe0, 0x32, 0xc2, 0x22, 0xbd, 0xdc, 0x34, 0x30, 0x8e,
  0x05, 0x7a, 0xdf, 0x36, 0xba, 0x65, 0x38, 0x12, 0x34, 0x21, 0xb1, 0x8e,
  0x14, 0x55, 0x54, 0x49, 0x1a, 0x7f, 0xf7, 0x8e, 0xd0, 0xba, 0xf9, 0x68,
  0xd7, 0x49, 0x3b, 0x91, 0x59, 0xfe, 0xbc, 0x23, 0x24, 0xf0, 0xc9, 0x39,
  0xd2, 0x8f, 0xe3, 0x36, 0x04, 0xe7, 0x5f, 0xf9, 0x29, 0xb6, 0x23, 0xd2,
  0x85, 0x01, 0x3a, 0xff, 0xb2, 0xa4, 0xe5, 0xc9, 0x6e, 0xa5, 0xf0, 0x22,
  0x1f, 0x85, 0x89, 0x8b, 0xc9, 0xfc, 0xd6, 0xd0, 0x4d, 0xe7, 0x61, 0x81,
  0xc6, 0xea, 0xb4, 0x04, 0x2d, 0xf1, 0xdf, 0x4c, 0x41, 0x46, 0xf2, 0xa2,
  0xda, 0x16, 0xf2, 0x39, 0x04, 0xf0, 0xd5, 0x52, 0x2c, 0xaa, 0x07, 0xce,
  0x1c, 0xfe, 0x40, 0x38, 0xc6, 0xc5, 0x1f, 0x81, 0xfe, 0xe2, 0x1a, 0x88,
  0xc0, 0x41, 0x94, 0x3c, 0x8c, 0xfb, 0x08, 0x2e, 0xc0, 0x3e, 0x1b, 0x08,
  0xad, 0x46, 0x18, 0x6a, 0x00, 0x07, 0x73, 0x3e, 0x23, 0x84, 0xd8, 0x0c,
  0xb0, 0xfc, 0xfe, 0x1a, 0x20, 0x33, 0xbd, 0x46, 0xc5, 0xdb, 0xf5, 0x11,
  0xc6, 0x4d, 0xaa, 0xc9, 0x64, 0xe1, 0x0f, 0x16, 0xf0, 0xf5, 0xe7, 0x84,
  0x54, 0x07, 0xca, 0x9f, 0x49, 0x24, 0x53, 0xa6, 0x64, 0x8d, 0xd2, 0x7f,
  0x3f, 0xb8, 0x39, 0xb6, 0xe1, 0x40, 0xc1, 0x8a, 0xc5, 0x54, 0xd0, 0x32,
  0x6a, 0xad, 0xbd, 0x06, 0x09, 0x5e, 0x25, 0x04, 0xbd, 0x67, 0xe9, 0x7f,
  0xb3, 0xe8, 0x32, 0x56, 0xbb, 0x3a, 0x19, 0x66, 0x07, 0xed, 0xf7, 0xd6,
  0xc1, 0xdd, 0xdf, 0x95, 0xcf, 0xea, 0x9b, 0x02, 0x07, 0xc8, 0xc2, 0xdf,
  0xa2, 0xb7, 0xb5, 0xf0, 0xc3, 0x35, 0x41, 0x61, 0xcc, 0xa7, 0x34, 0x43,
  0x81, 0x64, 0x51, 0x95, 0x19, 0x0e, 0x64, 0x3b, 0xb8, 0x48, 0x24, 0xf5,
  0x78, 0x15, 0x50, 0x9a, 0xe8, 0x21, 0x22, 0x1f, 0xbd, 0x18, 0xf5, 0x23,
  0xed, 0x14, 0x04, 0x25, 0x45, 0x52, 0x7f, 0x42, 0xef, 0x15, 0xee, 0x0f,
  0xd1, 0x71, 0xf2, 0xf0, 0x4e, 0xc4, 0xc0, 0x0d, 0x2a, 0x60, 0xc8, 0xee,
  0x11, 0x3d, 0xcb, 0xc2, 0x17, 0x51, 0xe3, 0xd9, 0xdb, 0xce, 0xc5, 0x39,
  0xfd, 0x23, 0x4d, 0xc5, 0xd5, 0x1d, 0xa6, 0x9c, 0x68, 0x09, 0x10, 0xc5,
  0x4c, 0x81, 0x95, 0x43, 0x26, 0xd2, 0xed, 0x06, 0x4e, 0xc0, 0xb2, 0x92,
  0x6a, 0x2e, 0xc8, 0xff, 0x3a, 0x5d, 0x62, 0x57, 0x4d, 0x89, 0x5b, 0xd7,
  0xca, 0x40, 0x4c, 0x33, 0xa2, 0x9c, 0xaa, 0x2d, 0xcb, 0xf1, 0x03, 0xe6,
  0xd2, 0x6b, 0xf3, 0x93, 0x54, 0xf1, 0x62, 0x7f, 0x35, 0x25, 0x40, 0xce,
  0x19, 0xf4, 0xc4, 0xdd, 0x19, 0xcc, 0x50, 0xc1, 0xab, 0x99, 0xe5, 0xf8,
  0xe7, 0x3f, 0x4c, 0xe7, 0x0e, 0xcd, 0xf3, 0xc1, 0x15, 0x68, 0xa8, 0xe0,
  0x73, 0xbd, 0xe7, 0x1f, 0x1e, 0x59, 0xda, 0x20, 0x03, 0x25, 0x3f, 0x59,
  0x14, 0x23, 0x33, 0x25, 0xe4, 0xc5, 0x1c, 0xd7, 0x25, 0x04, 0x12, 0xbc,
  0x44, 0x4b, 0xfe, 0xa5, 0x81, 0x8f, 0xed, 0x5f, 0x39, 0x36, 0x33, 0x21,
  0x48, 0x0c, 0xfa, 0xd6, 0x9e, 0xcd, 0xee, 0x64, 0x94, 0xe2, 0x5d, 0xe9,
  0xbc, 0xaa, 0xda, 0xcb, 0xad, 0xbe, 0xb3, 0x20, 0x8e, 0xe9, 0x11, 0xb7,
  0x06, 0x21, 0x44, 0xa8, 0xd6, 0x01, 0x81, 0xd6, 0x85, 0xe0, 0x2c, 0x86,
  0x2f, 0x2e, 0xc2, 0xc7, 0xfa, 0x0d, 0xc9, 0xde, 0xfe, 0x53, 0xa1, 0x6c,
  0xa4, 0x41, 0x27, 0x0c, 0x2b, 0x60, 0x03, 0x00, 0x2b, 0x17, 0x75, 0x3c,
  0xfb, 0x08, 0xb7, 0x6a, 0xce, 0x64, 0x59, 0xc1, 0xf5, 0xd5, 0xcc, 0xa9,
  0x28, 0xf9, 0xbb, 0x40, 0xf5, 0x09, 0xc5, 0x36, 0xfa, 0xcd, 0xe3, 0xc9,
  0xa9, 0x1a, 0xdd, 0x41, 0x56, 0x64, 0xf6, 0xbd, 0x21, 0xcb, 0xa3, 0x24,
  0xb3, 0x37, 0x7f, 0xa7, 0xb6, 0x46, 0xf5, 0x49, 0xd5, 0x0d, 0xfe, 0x33,
  0xe9, 0xc4, 0xe8, 0x6d, 0x27, 0xd1, 0x3c, 0x0a, 0x1c, 0x37, 0xef, 0xcd,
  0xe4, 0x75, 0xcb, 0x96, 0x1c, 0x0a, 0xd1, 0x60, 0x2f, 0xfe, 0x2a, 0xb1,
  0x13, 0xf8, 0xf3, 0x02, 0x69, 0x08, 0x10, 0x1a, 0x02, 0xcf, 0x1e, 0x1c,
  0x1d, 0xef, 0xf0, 0xc3, 0xaf, 0xbc, 0x1c, 0xd8, 0x5d, 0x3c, 0x17, 0xce,
  0xef, 0xa7, 0x8c, 0xf6, 0x35, 0x56, 0x7f, 0xf3, 0xac, 0x1a, 0xbc, 0x26,
  0x25, 0x23, 0xfa, 0x28, 0x2b, 0xb5, 0xb8, 0xfc, 0x23, 0xe4, 0xb3, 0x63,
  0x40, 0x8b, 0x48, 0x05, 0xdb, 0xfa, 0x4a, 0x0e, 0xbf, 0xc6, 0xfc, 0xa7,
  0x04, 0xdd, 0x95, 0xb5, 0x58, 0x44, 0x4d, 0x7f, 0xa5, 0x29, 0x58, 0xe5,
  0x56, 0x57, 0xf3, 0xbe, 0x4a, 0x3a, 0xe0, 0xce, 0x19, 0x9e, 0xad, 0xcd,
  0xac, 0x45, 0xf2, 0xdb, 0x81, 0xd0, 0x1e, 0xec, 0x50, 0xdf, 0xc5, 0xe8,
  0x3a, 0xe7, 0x4c, 0x13, 0x2e, 0xd5, 0xbd, 0xe3, 0xf6, 0x06, 0xf3, 0x94,
  0xab, 0x2c, 0xb3, 0xdd, 0xe9, 0x27, 0xfb, 0xe4, 0x2f, 0x48, 0xdb, 0xa4,
  0xaf, 0x38, 0x42, 0x29, 0x65, 0x87, 0xf9, 0x1c, 0xcc, 0x37, 0x45, 0xf7,
  0x2e, 0x48, 0x50, 0x08, 0x8f, 0xf7, 0xae, 0x6c, 0xd0, 0xc1, 0x47, 0x23,
  0xdb, 0x49, 0x1e, 0xd0, 0x79, 0x64, 0x28, 0x0b, 0x7e, 0x98, 0xa8, 0x17,
  0x8c, 0x27, 0x7e, 0x84, 0x4f, 0xb8, 0xd4, 0x13, 0xe4, 0x7f, 0xf8, 0x61,
  0x58, 0xc0, 0xe4, 0xac, 0xee, 0xcd, 0x6f, 0x2a, 0xd2, 0xfd, 0xff, 0xff,
  0x04, 0x00, 0x00, 0x00, 0x40, 0x00, 0x00, 0x00, 0x46, 0xfc, 0xff, 0xff,
  0xa0, 0xfc, 0xff, 0xff, 0x04, 0x03, 0x00, 0x00, 0xf9, 0x04, 0x00, 0x00,
  0xdd, 0xfc, 0xff, 0xff, 0xf3, 0x04, 0x00, 0x00, 0x1e, 0xfd, 0xff, 0xff,
  0x9c, 0x04, 0x00, 0x00, 0xaa, 0xfd, 0xff, 0xff, 0xcb, 0x04, 0x00, 0x00,
  0x60, 0xfd, 0xff, 0xff, 0x5a, 0xfb, 0xff, 0xff, 0xa3, 0xfd, 0xff, 0xff,
  0x68, 0x04, 0x00, 0x00, 0x0b, 0x05, 0x00, 0x00, 0x15, 0xfc, 0xff, 0xff,
  0x1e, 0xfe, 0xff, 0xff, 0x04, 0x00, 0x00, 0x00, 0x10, 0x00, 0x00, 0x00,
  0xd8, 0xdc, 0x7f, 0x71, 0xd2, 0x50, 0xda, 0x4e, 0xdf, 0x5c, 0xcb, 0xf3,
  0xd1, 0x79, 0x56, 0xce, 0x3a, 0xfe, 0xff, 0xff, 0x04, 0x00, 0x00, 0x00,
  0x10, 0x00, 0x00, 0x00, 0x01, 0x14, 0x85, 0x80, 0x0b, 0x8c, 0x10, 0xa4,
  0x0c, 0x94, 0x06, 0x0b, 0x0d, 0x8c, 0x96, 0x0d, 0x56, 0xfe, 0xff, 0xff,
  0x04, 0x00, 0x00, 0x00, 0x70, 0x00, 0x00, 0x00, 0x97, 0x7f, 0x54, 0x9d,
  0xc8, 0xeb, 0x5a, 0xe3, 0x43, 0xad, 0x5b, 0xf0, 0xd9, 0xbd, 0xf6, 0x9f,
  0xb3, 0x6d, 0x81, 0xeb, 0x6e, 0xae, 0x5f, 0x82, 0x67, 0x14, 0x5a, 0xf2,
  0x13, 0x68, 0x84, 0x11, 0xa3, 0xff, 0x1c, 0x0f, 0x8e, 0x6a, 0x94, 0x5d,
  0x95, 0x41, 0xed, 0xbd, 0xb8, 0x35, 0x57, 0x81, 0x9b, 0x23, 0x02, 0x81,
  0x36, 0x38, 0x61, 0xa9, 0xd0, 0x9c, 0x6a, 0xa1, 0x75, 0xe1, 0x98, 0x38,
  0xf9, 0x51, 0x24, 0x90, 0x0e, 0x10, 0x47, 0x0e, 0x7f, 0x23, 0x4e, 0xb3,
  0x2a, 0x4a, 0x0c, 0x7d, 0xe6, 0xf8, 0xb1, 0x33, 0x0f, 0xca, 0xcb, 0x4d,
  0xfa, 0x13, 0x7f, 0x30, 0xeb, 0xdc, 0x10, 0xc6, 0xba, 0x5e, 0x01, 0xd5,
  0x57, 0x44, 0x68, 0x61, 0x69, 0x81, 0x0f, 0x59, 0x51, 0x9d, 0xb4, 0x41,
  0xd2, 0xfe, 0xff, 0xff, 0x04, 0x00, 0x00, 0x00, 0x1c, 0x00, 0x00, 0x00,
  0xef, 0xfc, 0xff, 0xff, 0x77, 0xfe, 0xff, 0xff, 0x36, 0x03, 0x00, 0x00,
  0xe3, 0xfc, 0xff, 0xff, 0x28, 0xfc, 0xff, 0xff, 0x57, 0xfc, 0xff, 0xff,
  0xd8, 0xfc, 0xff, 0xff, 0xfa, 0xfe, 0xff, 0xff, 0x04, 0x00, 0x00, 0x00,
  0x08, 0x00, 0x00, 0x00, 0x01, 0x00, 0x00, 0x00, 0x02, 0x00, 0x00, 0x00,
  0xe4, 0xbe, 0xff, 0xff, 0xe8, 0xbe, 0xff, 0xff, 0x0f, 0x00, 0x00, 0x00,
  0x4d, 0x4c, 0x49, 0x52, 0x20, 0x43, 0x6f, 0x6e, 0x76, 0x65, 0x72, 0x74,
  0x65, 0x64, 0x2e, 0x00, 0x01, 0x00, 0x00, 0x00, 0x14, 0x00, 0x00, 0x00,
  0x00, 0x00, 0x0e, 0x00, 0x18, 0x00, 0x14, 0x00, 0x10, 0x00, 0x0c, 0x00,
  0x08, 0x00, 0x04, 0x00, 0x0e, 0x00, 0x00, 0x00, 0x14, 0x00, 0x00, 0x00,
  0x1c, 0x00, 0x00, 0x00, 0x3c, 0x07, 0x00, 0x00, 0x40, 0x07, 0x00, 0x00,
  0x44, 0x07, 0x00, 0x00, 0x04, 0x00, 0x00, 0x00, 0x6d, 0x61, 0x69, 0x6e,
  0x00, 0x00, 0x00, 0x00, 0x1f, 0x00, 0x00, 0x00, 0xd8, 0x06, 0x00, 0x00,
  0x94, 0x06, 0x00, 0x00, 0x50, 0x06, 0x00, 0x00, 0x10, 0x06, 0x00, 0x00,
  0xdc, 0x05, 0x00, 0x00, 0xa8, 0x05, 0x00, 0x00, 0x68, 0x05, 0x00, 0x00,
  0x34, 0x05, 0x00, 0x00, 0x00, 0x05, 0x00, 0x00, 0xc0, 0x04, 0x00, 0x00,
  0x8c, 0x04, 0x00, 0x00, 0x58, 0x04, 0x00, 0x00, 0x18, 0x04, 0x00, 0x00,
  0xe4, 0x03, 0x00, 0x00, 0xb0, 0x03, 0x00, 0x00, 0x70, 0x03, 0x00, 0x00,
  0x3c, 0x03, 0x00, 0x00, 0x08, 0x03, 0x00, 0x00, 0xc8, 0x02, 0x00, 0x00,
  0x94, 0x02, 0x00, 0x00, 0x60, 0x02, 0x00, 0x00, 0x20, 0x02, 0x00, 0x00,
  0xec, 0x01, 0x00, 0x00, 0xb8, 0x01, 0x00, 0x00, 0x78, 0x01, 0x00, 0x00,
  0x44, 0x01, 0x00, 0x00, 0x10, 0x01, 0x00, 0x00, 0xbc, 0x00, 0x00, 0x00,
  0x78, 0x00, 0x00, 0x00, 0x40, 0x00, 0x00, 0x00, 0x04, 0x00, 0x00, 0x00,
  0x62, 0xff, 0xff, 0xff, 0x1c, 0x00, 0x00, 0x00, 0x00, 0x00, 0x00, 0x09,
  0x1c, 0x00, 0x00, 0x00, 0x20, 0x00, 0x00, 0x00, 0x06, 0x00, 0x00, 0x00,
  0x00, 0x00, 0x06, 0x00, 0x08, 0x00, 0x04, 0x00, 0x06, 0x00, 0x00, 0x00,
  0x00, 0x00, 0x80, 0x3f, 0x01, 0x00, 0x00, 0x00, 0x46, 0x00, 0x00, 0x00,
  0x01, 0x00, 0x00, 0x00, 0x45, 0x00, 0x00, 0x00, 0x2a, 0xfa, 0xff, 0xff,
  0x14, 0x00, 0x00, 0x00, 0x00, 0x00, 0x00, 0x08, 0x10, 0x00, 0x00, 0x00,
  0x14, 0x00, 0x00, 0x00, 0x05, 0x00, 0x00, 0x00, 0x0c, 0xc0, 0xff, 0xff,
  0x01, 0x00, 0x00, 0x00, 0x45, 0x00, 0x00, 0x00, 0x03, 0x00, 0x00, 0x00,
  0x44, 0x00, 0x00, 0x00, 0x03, 0x00, 0x00, 0x00, 0x02, 0x00, 0x00, 0x00,
  0x5e, 0xfa, 0xff, 0xff, 0x14, 0x00, 0x00, 0x00, 0x00, 0x00, 0x00, 0x1b,
  0x10, 0x00, 0x00, 0x00, 0x14, 0x00, 0x00, 0x00, 0x04, 0x00, 0x00, 0x00,
  0x40, 0xc0, 0xff, 0xff, 0x01, 0x00, 0x00, 0x00, 0x44, 0x00, 0x00, 0x00,
  0x02, 0x00, 0x00, 0x00, 0x43, 0x00, 0x00, 0x00, 0x01, 0x00, 0x00, 0x00,
  0x00, 0x00, 0x0e, 0x00, 0x1a, 0x00, 0x14, 0x00, 0x10, 0x00, 0x0c, 0x00,
  0x0b, 0x00, 0x04, 0x00, 0x0e, 0x00, 0x00, 0x00, 0x24, 0x00, 0x00, 0x00,
  0x00, 0x00, 0x00, 0x05, 0x34, 0x00, 0x00, 0x00, 0x38, 0x00, 0x00, 0x00,
  0x03, 0x00, 0x00, 0x00, 0x00, 0x00, 0x0e, 0x00, 0x18, 0x00, 0x17, 0x00,
  0x10, 0x00, 0x0c, 0x00, 0x08, 0x00, 0x04, 0x00, 0x0e, 0x00, 0x00, 0x00,
  0x02, 0x00, 0x00, 0x00, 0x01, 0x00, 0x00, 0x00, 0x02, 0x00, 0x00, 0x00,
  0x01, 0x00, 0x00, 0x00, 0x00, 0x00, 0x00, 0x01, 0x01, 0x00, 0x00, 0x00,
  0x43, 0x00, 0x00, 0x00, 0x01, 0x00, 0x00, 0x00, 0x42, 0x00, 0x00, 0x00,
  0xee, 0xfa, 0xff, 0xff, 0x14, 0x00, 0x00, 0x00, 0x00, 0x00, 0x00, 0x0b,
  0x10, 0x00, 0x00, 0x00, 0x14, 0x00, 0x00, 0x00, 0x02, 0x00, 0x00, 0x00,
  0xd0, 0xc0, 0xff, 0xff, 0x01, 0x00, 0x00, 0x00, 0x42, 0x00, 0x00, 0x00,
  0x02, 0x00, 0x00, 0x00, 0x41, 0x00, 0x00, 0x00, 0x04, 0x00, 0x00, 0x00,
  0x1e, 0xfb, 0xff, 0xff, 0x14, 0x00, 0x00, 0x00, 0x00, 0x00, 0x00, 0x15,
  0x10, 0x00, 0x00, 0x00, 0x14, 0x00, 0x00, 0x00, 0x01, 0x00, 0x00, 0x00,
  0x00, 0xc1, 0xff, 0xff, 0x01, 0x00, 0x00, 0x00, 0x41, 0x00, 0x00, 0x00,
  0x02, 0x00, 0x00, 0x00, 0x40, 0x00, 0x00, 0x00, 0x05, 0x00, 0x00, 0x00,
  0x0e, 0xfb, 0xff, 0xff, 0x10, 0x00, 0x00, 0x00, 0x00, 0x00, 0x00, 0x01,
  0x18, 0x00, 0x00, 0x00, 0x1c, 0x00, 0x00, 0x00, 0x00, 0xfb, 0xff, 0xff,
  0x00, 0x00, 0x00, 0x01, 0x01, 0x00, 0x00, 0x00, 0x01, 0x00, 0x00, 0x00,
  0x01, 0x00, 0x00, 0x00, 0x40, 0x00, 0x00, 0x00, 0x03, 0x00, 0x00, 0x00,
  0x3f, 0x00, 0x00, 0x00, 0x07, 0x00, 0x00, 0x00, 0x06, 0x00, 0x00, 0x00,
  0x8a, 0xfb, 0xff, 0xff, 0x14, 0x00, 0x00, 0x00, 0x00, 0x00, 0x00, 0x0b,
  0x10, 0x00, 0x00, 0x00, 0x14, 0x00, 0x00, 0x00, 0x02, 0x00, 0x00, 0x00,
  0x6c, 0xc1, 0xff, 0xff, 0x01, 0x00, 0x00, 0x00, 0x3f, 0x00, 0x00, 0x00,
  0x02, 0x00, 0x00, 0x00, 0x3e, 0x00, 0x00, 0x00, 0x08, 0x00, 0x00, 0x00,
  0xba, 0xfb, 0xff, 0xff, 0x14, 0x00, 0x00, 0x00, 0x00, 0x00, 0x00, 0x15,
  0x10, 0x00, 0x00, 0x00, 0x14, 0x00, 0x00, 0x00, 0x01, 0x00, 0x00, 0x00,
  0x9c, 0xc1, 0xff, 0xff, 0x01, 0x00, 0x00, 0x00, 0x3e, 0x00, 0x00, 0x00,
  0x02, 0x00, 0x00, 0x00, 0x3d, 0x00, 0x00, 0x00, 0x09, 0x00, 0x00, 0x00,
  0xaa, 0xfb, 0xff, 0xff, 0x10, 0x00, 0x00, 0x00, 0x00, 0x00, 0x00, 0x01,
  0x18, 0x00, 0x00, 0x00, 0x1c, 0x00, 0x00, 0x00, 0x9c, 0xfb, 0xff, 0xff,
  0x00, 0x00, 0x00, 0x01, 0x01, 0x00, 0x00, 0x00, 0x01, 0x00, 0x00, 0x00,
  0x01, 0x00, 0x00, 0x00, 0x3d, 0x00, 0x00, 0x00, 0x03, 0x00, 0x00, 0x00,
  0x3c, 0x00, 0x00, 0x00, 0x0b, 0x00, 0x00, 0x00, 0x0a, 0x00, 0x00, 0x00,
  0x26, 0xfc, 0xff, 0xff, 0x14, 0x00, 0x00, 0x00, 0x00, 0x00, 0x00, 0x0b,
  0x10, 0x00, 0x00, 0x00, 0x14, 0x00, 0x00, 0x00, 0x02, 0x00, 0x00, 0x00,
  0x08, 0xc2, 0xff, 0xff, 0x01, 0x00, 0x00, 0x00, 0x3c, 0x00, 0x00, 0x00,
  0x02, 0x00, 0x00, 0x00, 0x3b, 0x00, 0x00, 0x00, 0x0c, 0x00, 0x00, 0x00,
  0x56, 0xfc, 0xff, 0xff, 0x14, 0x00, 0x00, 0x00, 0x00, 0x00, 0x00, 0x15,
  0x10, 0x00, 0x00, 0x00, 0x14, 0x00, 0x00, 0x00, 0x01, 0x00, 0x00, 0x00,
  0x38, 0xc2, 0xff, 0xff, 0x01, 0x00, 0x00, 0x00, 0x3b, 0x00, 0x00, 0x00,
  0x02, 0x00, 0x00, 0x00, 0x3a, 0x00, 0x00, 0x00, 0x0d, 0x00, 0x00, 0x00,
  0x46, 0xfc, 0xff, 0xff, 0x10, 0x00, 0x00, 0x00, 0x00, 0x00, 0x00, 0x01,
  0x18, 0x00, 0x00, 0x00, 0x1c, 0x00, 0x00, 0x00, 0x38, 0xfc, 0xff, 0xff,
  0x00, 0x00, 0x00, 0x01, 0x01, 0x00, 0x00, 0x00, 0x01, 0x00, 0x00, 0x00,
  0x01, 0x00, 0x00, 0x00, 0x3a, 0x00, 0x00, 0x00, 0x03, 0x00, 0x00, 0x00,
  0x39, 0x00, 0x00, 0x00, 0x0f, 0x00, 0x00, 0x00, 0x0e, 0x00, 0x00, 0x00,
  0xc2, 0xfc, 0xff, 0xff, 0x14, 0x00, 0x00, 0x00, 0x00, 0x00, 0x00, 0x0b,
  0x10, 0x00, 0x00, 0x00, 0x14, 0x00, 0x00, 0x00, 0x02, 0x00, 0x00, 0x00,
  0xa4, 0xc2, 0xff, 0xff, 0x01, 0x00, 0x00, 0x00, 0x39, 0x00, 0x00, 0x00,
  0x02, 0x00, 0x00, 0x00, 0x38, 0x00, 0x00, 0x00, 0x10, 0x00, 0x00, 0x00,
  0xf2, 0xfc, 0xff, 0xff, 0x14, 0x00, 0x00, 0x00, 0x00, 0x00, 0x00, 0x15,
  0x10, 0x00, 0x00, 0x00, 0x14, 0x00, 0x00, 0x00, 0x01, 0x00, 0x00, 0x00,
  0xd4, 0xc2, 0xff, 0xff, 0x01, 0x00, 0x00, 0x00, 0x38, 0x00, 0x00, 0x00,
  0x02, 0x00, 0x00, 0x00, 0x37, 0x00, 0x00, 0x00, 0x11, 0x00, 0x00, 0x00,
  0xe2, 0xfc, 0xff, 0xff, 0x10, 0x00, 0x00, 0x00, 0x00, 0x00, 0x00, 0x01,
  0x18, 0x00, 0x00, 0x00, 0x1c, 0x00, 0x00, 0x00, 0xd4, 0xfc, 0xff, 0xff,
  0x00, 0x00, 0x00, 0x01, 0x01, 0x00, 0x00, 0x00, 0x01, 0x00, 0x00, 0x00,
  0x01, 0x00, 0x00, 0x00, 0x37, 0x00, 0x00, 0x00, 0x03, 0x00, 0x00, 0x00,
  0x36, 0x00, 0x00, 0x00, 0x13, 0x00, 0x00, 0x00, 0x12, 0x00, 0x00, 0x00,
  0x5e, 0xfd, 0xff, 0xff, 0x14, 0x00, 0x00, 0x00, 0x00, 0x00, 0x00, 0x0b,
  0x10, 0x00, 0x00, 0x00, 0x14, 0x00, 0x00, 0x00, 0x02, 0x00, 0x00, 0x00,
  0x40, 0xc3, 0xff, 0xff, 0x01, 0x00, 0x00, 0x00, 0x36, 0x00, 0x00, 0x00,
  0x02, 0x00, 0x00, 0x00, 0x35, 0x00, 0x00, 0x00, 0x14, 0x00, 0x00, 0x00,
  0x8e, 0xfd, 0xff, 0xff, 0x14, 0x00, 0x00, 0x00, 0x00, 0x00, 0x00, 0x15,
  0x10, 0x00, 0x00, 0x00, 0x14, 0x00, 0x00, 0x00, 0x01, 0x00, 0x00, 0x00,
  0x70, 0xc3, 0xff, 0xff, 0x01, 0x00, 0x00, 0x00, 0x35, 0x00, 0x00, 0x00,
  0x02, 0x00, 0x00, 0x00, 0x34, 0x00, 0x00, 0x00, 0x15, 0x00, 0x00, 0x00,
  0x7e, 0xfd, 0xff, 0xff, 0x10, 0x00, 0x00, 0x00, 0x00, 0x00, 0x00, 0x01,
  0x18, 0x00, 0x00, 0x00, 0x1c, 0x00, 0x00, 0x00, 0x70, 0xfd, 0xff, 0xff,
  0x00, 0x00, 0x00, 0x01, 0x01, 0x00, 0x00, 0x00, 0x01, 0x00, 0x00, 0x00,
  0x01, 0x00, 0x00, 0x00, 0x34, 0x00, 0x00, 0x00, 0x03, 0x00, 0x00, 0x00,
  0x33, 0x00, 0x00, 0x00, 0x17, 0x00, 0x00, 0x00, 0x16, 0x00, 0x00, 0x00,
  0xfa, 0xfd, 0xff, 0xff, 0x14, 0x00, 0x00, 0x00, 0x00, 0x00, 0x00, 0x0b,
  0x10, 0x00, 0x00, 0x00, 0x14, 0x00, 0x00, 0x00, 0x02, 0x00, 0x00, 0x00,
  0xdc, 0xc3, 0xff, 0xff, 0x01, 0x00, 0x00, 0x00, 0x33, 0x00, 0x00, 0x00,
  0x02, 0x00, 0x00, 0x00, 0x32, 0x00, 0x00, 0x00, 0x18, 0x00, 0x00, 0x00,
  0x2a, 0xfe, 0xff, 0xff, 0x14, 0x00, 0x00, 0x00, 0x00, 0x00, 0x00, 0x15,
  0x10, 0x00, 0x00, 0x00, 0x14, 0x00, 0x00, 0x00, 0x01, 0x00, 0x00, 0x00,
  0x0c, 0xc4, 0xff, 0xff, 0x01, 0x00, 0x00, 0x00, 0x32, 0x00, 0x00, 0x00,
  0x02, 0x00, 0x00, 0x00, 0x31, 0x00, 0x00, 0x00, 0x19, 0x00, 0x00, 0x00,
  0x1a, 0xfe, 0xff, 0xff, 0x10, 0x00, 0x00, 0x00, 0x00, 0x00, 0x00, 0x01,
  0x18, 0x00, 0x00, 0x00, 0x1c, 0x00, 0x00, 0x00, 0x0c, 0xfe, 0xff, 0xff,
  0x00, 0x00, 0x00, 0x01, 0x01, 0x00, 0x00, 0x00, 0x01, 0x00, 0x00, 0x00,
  0x01, 0x00, 0x00, 0x00, 0x31, 0x00, 0x00, 0x00, 0x03, 0x00, 0x00, 0x00,
  0x30, 0x00, 0x00, 0x00, 0x1b, 0x00, 0x00, 0x00, 0x1a, 0x00, 0x00, 0x00,
  0x96, 0xfe, 0xff, 0xff, 0x14, 0x00, 0x00, 0x00, 0x00, 0x00, 0x00, 0x0b,
  0x10, 0x00, 0x00, 0x00, 0x14, 0x00, 0x00, 0x00, 0x02, 0x00, 0x00, 0x00,
  0x78, 0xc4, 0xff, 0xff, 0x01, 0x00, 0x00, 0x00, 0x30, 0x00, 0x00, 0x00,
  0x02, 0x00, 0x00, 0x00, 0x2f, 0x00, 0x00, 0x00, 0x1c, 0x00, 0x00, 0x00,
  0xc6, 0xfe, 0xff, 0xff, 0x14, 0x00, 0x00, 0x00, 0x00, 0x00, 0x00, 0x15,
  0x10, 0x00, 0x00, 0x00, 0x14, 0x00, 0x00, 0x00, 0x01, 0x00, 0x00, 0x00,
  0xa8, 0xc4, 0xff, 0xff, 0x01, 0x00, 0x00, 0x00, 0x2f, 0x00, 0x00, 0x00,
  0x02, 0x00, 0x00, 0x00, 0x2e, 0x00, 0x00, 0x00, 0x1d, 0x00, 0x00, 0x00,
  0xb6, 0xfe, 0xff, 0xff, 0x10, 0x00, 0x00, 0x00, 0x00, 0x00, 0x00, 0x01,
  0x18, 0x00, 0x00, 0x00, 0x1c, 0x00, 0x00, 0x00, 0xa8, 0xfe, 0xff, 0xff,
  0x00, 0x00, 0x00, 0x01, 0x01, 0x00, 0x00, 0x00, 0x01, 0x00, 0x00, 0x00,
  0x01, 0x00, 0x00, 0x00, 0x2e, 0x00, 0x00, 0x00, 0x03, 0x00, 0x00, 0x00,
  0x2d, 0x00, 0x00, 0x00, 0x1f, 0x00, 0x00, 0x00, 0x1e, 0x00, 0x00, 0x00,
  0x32, 0xff, 0xff, 0xff, 0x14, 0x00, 0x00, 0x00, 0x00, 0x00, 0x00, 0x0b,
  0x10, 0x00, 0x00, 0x00, 0x14, 0x00, 0x00, 0x00, 0x02, 0x00, 0x00, 0x00,
  0x14, 0xc5, 0xff, 0xff, 0x01, 0x00, 0x00, 0x00, 0x2d, 0x00, 0x00, 0x00,
  0x02, 0x00, 0x00, 0x00, 0x2c, 0x00, 0x00, 0x00, 0x20, 0x00, 0x00, 0x00,
  0x62, 0xff, 0xff, 0xff, 0x14, 0x00, 0x00, 0x00, 0x00, 0x00, 0x00, 0x15,
  0x10, 0x00, 0x00, 0x00, 0x14, 0x00, 0x00, 0x00, 0x01, 0x00, 0x00, 0x00,
  0x44, 0xc5, 0xff, 0xff, 0x01, 0x00, 0x00, 0x00, 0x2c, 0x00, 0x00, 0x00,
  0x02, 0x00, 0x00, 0x00, 0x2b, 0x00, 0x00, 0x00, 0x21, 0x00, 0x00, 0x00,
  0x52, 0xff, 0xff, 0xff, 0x10, 0x00, 0x00, 0x00, 0x00, 0x00, 0x00, 0x01,
  0x18, 0x00, 0x00, 0x00, 0x1c, 0x00, 0x00, 0x00, 0x44, 0xff, 0xff, 0xff,
  0x00, 0x00, 0x00, 0x01, 0x01, 0x00, 0x00, 0x00, 0x01, 0x00, 0x00, 0x00,
  0x01, 0x00, 0x00, 0x00, 0x2b, 0x00, 0x00, 0x00, 0x03, 0x00, 0x00, 0x00,
  0x2a, 0x00, 0x00, 0x00, 0x23, 0x00, 0x00, 0x00, 0x22, 0x00, 0x00, 0x00,
  0xce, 0xff, 0xff, 0xff, 0x14, 0x00, 0x00, 0x00, 0x00, 0x00, 0x00, 0x0b,
  0x10, 0x00, 0x00, 0x00, 0x14, 0x00, 0x00, 0x00, 0x02, 0x00, 0x00, 0x00,
  0xb0, 0xc5, 0xff, 0xff, 0x01, 0x00, 0x00, 0x00, 0x2a, 0x00, 0x00, 0x00,
  0x02, 0x00, 0x00, 0x00, 0x29, 0x00, 0x00, 0x00, 0x24, 0x00, 0x00, 0x00,
  0x00, 0x00, 0x0e, 0x00, 0x18, 0x00, 0x14, 0x00, 0x10, 0x00, 0x0c, 0x00,
  0x0b, 0x00, 0x04, 0x00, 0x0e, 0x00, 0x00, 0x00, 0x14, 0x00, 0x00, 0x00,
  0x00, 0x00, 0x00, 0x15, 0x10, 0x00, 0x00, 0x00, 0x14, 0x00, 0x00, 0x00,
  0x01, 0x00, 0x00, 0x00, 0xf0, 0xc5, 0xff, 0xff, 0x01, 0x00, 0x00, 0x00,
  0x29, 0x00, 0x00, 0x00, 0x02, 0x00, 0x00, 0x00, 0x28, 0x00, 0x00, 0x00,
  0x25, 0x00, 0x00, 0x00, 0x00, 0x00, 0x0e, 0x00, 0x14, 0x00, 0x00, 0x00,
  0x10, 0x00, 0x0c, 0x00, 0x0b, 0x00, 0x04, 0x00, 0x0e, 0x00, 0x00, 0x00,
  0x1c, 0x00, 0x00, 0x00, 0x00, 0x00, 0x00, 0x01, 0x24, 0x00, 0x00, 0x00,
  0x28, 0x00, 0x00, 0x00, 0x0c, 0x00, 0x10, 0x00, 0x00, 0x00, 0x0c, 0x00,
  0x08, 0x00, 0x07, 0x00, 0x0c, 0x00, 0x00, 0x00, 0x00, 0x00, 0x00, 0x01,
  0x01, 0x00, 0x00, 0x00, 0x01, 0x00, 0x00, 0x00, 0x01, 0x00, 0x00, 0x00,
  0x28, 0x00, 0x00, 0x00, 0x03, 0x00, 0x00, 0x00, 0x00, 0x00, 0x00, 0x00,
  0x27, 0x00, 0x00, 0x00, 0x26, 0x00, 0x00, 0x00, 0x01, 0x00, 0x00, 0x00,
  0x46, 0x00, 0x00, 0x00, 0x01, 0x00, 0x00, 0x00, 0x00, 0x00, 0x00, 0x00,
  0x47, 0x00, 0x00, 0x00, 0x00, 0x3a, 0x00, 0x00, 0x6c, 0x39, 0x00, 0x00,
  0xb4, 0x38, 0x00, 0x00, 0xf8, 0x37, 0x00, 0x00, 0x74, 0x37, 0x00, 0x00,
  0xf0, 0x36, 0x00, 0x00, 0x54, 0x35, 0x00, 0x00, 0x18, 0x34, 0x00, 0x00,
  0x94, 0x33, 0x00, 0x00, 0x10, 0x33, 0x00, 0x00, 0x74, 0x31, 0x00, 0x00,
  0x38, 0x30, 0x00, 0x00, 0xb4, 0x2f, 0x00, 0x00, 0x30, 0x2f, 0x00, 0x00,
  0x94, 0x2d, 0x00, 0x00, 0x58, 0x2c, 0x00, 0x00, 0xd4, 0x2b, 0x00, 0x00,
  0x50, 0x2b, 0x00, 0x00, 0xb4, 0x29, 0x00, 0x00, 0x78, 0x28, 0x00, 0x00,
  0xf4, 0x27, 0x00, 0x00, 0x70, 0x27, 0x00, 0x00, 0xd4, 0x25, 0x00, 0x00,
  0x98, 0x24, 0x00, 0x00, 0x14, 0x24, 0x00, 0x00, 0x90, 0x23, 0x00, 0x00,
  0xf4, 0x21, 0x00, 0x00, 0xb8, 0x20, 0x00, 0x00, 0x34, 0x20, 0x00, 0x00,
  0xb0, 0x1f, 0x00, 0x00, 0x14, 0x1e, 0x00, 0x00, 0xd8, 0x1c, 0x00, 0x00,
  0x54, 0x1c, 0x00, 0x00, 0xd0, 0x1b, 0x00, 0x00, 0x34, 0x1a, 0x00, 0x00,
  0xf8, 0x18, 0x00, 0x00, 0x74, 0x18, 0x00, 0x00, 0xf0, 0x17, 0x00, 0x00,
  0x54, 0x16, 0x00, 0x00, 0x18, 0x15, 0x00, 0x00, 0x24, 0x14, 0x00, 0x00,
  0x90, 0x13, 0x00, 0x00, 0xfc, 0x12, 0x00, 0x00, 0x08, 0x12, 0x00, 0x00,
  0x74, 0x11, 0x00, 0x00, 0xe0, 0x10, 0x00, 0x00, 0xec, 0x0f, 0x00, 0x00,
  0x58, 0x0f, 0x00, 0x00, 0xc4, 0x0e, 0x00, 0x00, 0xd0, 0x0d, 0x00, 0x00,
  0x3c, 0x0d, 0x00, 0x00, 0xa8, 0x0c, 0x00, 0x00, 0xb4, 0x0b, 0x00, 0x00,
  0x20, 0x0b, 0x00, 0x00, 0x8c, 0x0a, 0x00, 0x00, 0x98, 0x09, 0x00, 0x00,
  0x04, 0x09, 0x00, 0x00, 0x70, 0x08, 0x00, 0x00, 0x7c, 0x07, 0x00, 0x00,
  0xe8, 0x06, 0x00, 0x00, 0x54, 0x06, 0x00, 0x00, 0x60, 0x05, 0x00, 0x00,
  0xcc, 0x04, 0x00, 0x00, 0x38, 0x04, 0x00, 0x00, 0x44, 0x03, 0x00, 0x00,
  0xb0, 0x02, 0x00, 0x00, 0x1c, 0x02, 0x00, 0x00, 0x90, 0x01, 0x00, 0x00,
  0x0c, 0x01, 0x00, 0x00, 0x70, 0x00, 0x00, 0x00, 0x04, 0x00, 0x00, 0x00,
  0x32, 0xc7, 0xff, 0xff, 0x00, 0x00, 0x00, 0x01, 0x14, 0x00, 0x00, 0x00,
  0x30, 0x00, 0x00, 0x00, 0x47, 0x00, 0x00, 0x00, 0x00, 0x00, 0x00, 0x09,
  0x44, 0x00, 0x00, 0x00, 0x1c, 0xc7, 0xff, 0xff, 0x08, 0x00, 0x00, 0x00,
  0x10, 0x00, 0x00, 0x00, 0x01, 0x00, 0x00, 0x00, 0x80, 0xff, 0xff, 0xff,
  0xff, 0xff, 0xff, 0xff, 0x01, 0x00, 0x00, 0x00, 0x00, 0x00, 0x80, 0x3b,
  0x1b, 0x00, 0x00, 0x00, 0x53, 0x74, 0x61, 0x74, 0x65, 0x66, 0x75, 0x6c,
  0x50, 0x61, 0x72, 0x74, 0x69, 0x74, 0x69, 0x6f, 0x6e, 0x65, 0x64, 0x43,
  0x61, 0x6c, 0x6c, 0x5f, 0x31, 0x3a, 0x30, 0x00, 0x02, 0x00, 0x00, 0x00,
  0x01, 0x00, 0x00, 0x00, 0x07, 0x00, 0x00, 0x00, 0x9a, 0xc7, 0xff, 0xff,
  0x00, 0x00, 0x00, 0x01, 0x14, 0x00, 0x00, 0x00, 0x34, 0x00, 0x00, 0x00,
  0x46, 0x00, 0x00, 0x00, 0x00, 0x00, 0x00, 0x09, 0x74, 0x00, 0x00, 0x00,
  0x84, 0xc7, 0xff, 0xff, 0x08, 0x00, 0x00, 0x00, 0x14, 0x00, 0x00, 0x00,
  0x01, 0x00, 0x00, 0x00, 0x22, 0x00, 0x00, 0x00, 0x00, 0x00, 0x00, 0x00,
  0x00, 0x00, 0x00, 0x00, 0x01, 0x00, 0x00, 0x00, 0x79, 0x3d, 0xf1, 0x3d,
  0x44, 0x00, 0x00, 0x00, 0x73, 0x65, 0x71, 0x75, 0x65, 0x6e, 0x74, 0x69,
  0x61, 0x6c, 0x5f, 0x36, 0x37, 0x5f, 0x31, 0x2f, 0x64, 0x65, 0x6e, 0x73,
  0x65, 0x5f, 0x36, 0x37, 0x5f, 0x31, 0x2f, 0x4d, 0x61, 0x74, 0x4d, 0x75,
  0x6c, 0x3b, 0x73, 0x65, 0x71, 0x75, 0x65, 0x6e, 0x74, 0x69, 0x61, 0x6c,
  0x5f, 0x36, 0x37, 0x5f, 0x31, 0x2f, 0x64, 0x65, 0x6e, 0x73, 0x65, 0x5f,
  0x36, 0x37, 0x5f, 0x31, 0x2f, 0x42, 0x69, 0x61, 0x73, 0x41, 0x64, 0x64,
  0x00, 0x00, 0x00, 0x00, 0x02, 0x00, 0x00, 0x00, 0x01, 0x00, 0x00, 0x00,
  0x07, 0x00, 0x00, 0x00, 0x32, 0xc8, 0xff, 0xff, 0x00, 0x00, 0x00, 0x01,
  0x14, 0x00, 0x00, 0x00, 0x30, 0x00, 0x00, 0x00, 0x45, 0x00, 0x00, 0x00,
  0x00, 0x00, 0x00, 0x09, 0x5c, 0x00, 0x00, 0x00, 0x1c, 0xc8, 0xff, 0xff,
  0x08, 0x00, 0x00, 0x00, 0x10, 0x00, 0x00, 0x00, 0x01, 0x00, 0x00, 0x00,
  0xa9, 0xff, 0xff, 0xff, 0xff, 0xff, 0xff, 0xff, 0x01, 0x00, 0x00, 0x00,
  0xdc, 0x14, 0xd0, 0x3c, 0x32, 0x00, 0x00, 0x00, 0x73, 0x65, 0x71, 0x75,
  0x65, 0x6e, 0x74, 0x69, 0x61, 0x6c, 0x5f, 0x36, 0x37, 0x5f, 0x31, 0x2f,
  0x67, 0x6c, 0x6f, 0x62, 0x61, 0x6c, 0x5f, 0x61, 0x76, 0x65, 0x72, 0x61,
  0x67, 0x65, 0x5f, 0x70, 0x6f, 0x6f, 0x6c, 0x69, 0x6e, 0x67, 0x32, 0x64,
  0x5f, 0x36, 0x37, 0x5f, 0x31, 0x2f, 0x4d, 0x65, 0x61, 0x6e, 0x00, 0x00,
  0x02, 0x00, 0x00, 0x00, 0x01, 0x00, 0x00, 0x00, 0x10, 0x00, 0x00, 0x00,
  0xb2, 0xc8, 0xff, 0xff, 0x00, 0x00, 0x00, 0x01, 0x14, 0x00, 0x00, 0x00,
  0x34, 0x00, 0x00, 0x00, 0x44, 0x00, 0x00, 0x00, 0x00, 0x00, 0x00, 0x09,
  0x5c, 0x00, 0x00, 0x00, 0x9c, 0xc8, 0xff, 0xff, 0x08, 0x00, 0x00, 0x00,
  0x14, 0x00, 0x00, 0x00, 0x01, 0x00, 0x00, 0x00, 0xa1, 0xff, 0xff, 0xff,
  0xff, 0xff, 0xff, 0xff, 0x00, 0x00, 0x00, 0x00, 0x01, 0x00, 0x00, 0x00,
  0xc9, 0x68, 0xff, 0x3c, 0x2c, 0x00, 0x00, 0x00, 0x73, 0x65, 0x71, 0x75,
  0x65, 0x6e, 0x74, 0x69, 0x61, 0x6c, 0x5f, 0x36, 0x37, 0x5f, 0x31, 0x2f,
  0x6d, 0x61, 0x78, 0x5f, 0x70, 0x6f, 0x6f, 0x6c, 0x69, 0x6e, 0x67, 0x32,
  0x64, 0x5f, 0x35, 0x37, 0x5f, 0x31, 0x2f, 0x4d, 0x61, 0x78, 0x50, 0x6f,
  0x6f, 0x6c, 0x32, 0x64, 0x00, 0x00, 0x00, 0x00, 0x04, 0x00, 0x00, 0x00,
  0x01, 0x00, 0x00, 0x00, 0x07, 0x00, 0x00, 0x00, 0x01, 0x00, 0x00, 0x00,
  0x10, 0x00, 0x00, 0x00, 0x3a, 0xc9, 0xff, 0xff, 0x00, 0x00, 0x00, 0x01,
  0x14, 0x00, 0x00, 0x00, 0x30, 0x00, 0x00, 0x00, 0x43, 0x00, 0x00, 0x00,
  0x00, 0x00, 0x00, 0x09, 0x64, 0x00, 0x00, 0x00, 0x24, 0xc9, 0xff, 0xff,
  0x08, 0x00, 0x00, 0x00, 0x10, 0x00, 0x00, 0x00, 0x01, 0x00, 0x00, 0x00,
  0xa1, 0xff, 0xff, 0xff, 0xff, 0xff, 0xff, 0xff, 0x01, 0x00, 0x00, 0x00,
  0xc9, 0x68, 0xff, 0x3c, 0x39, 0x00, 0x00, 0x00, 0x73, 0x65, 0x71, 0x75,
  0x65, 0x6e, 0x74, 0x69, 0x61, 0x6c, 0x5f, 0x36, 0x37, 0x5f, 0x31, 0x2f,
  0x62, 0x61, 0x74, 0x63, 0x68, 0x5f, 0x6e, 0x6f, 0x72, 0x6d, 0x61, 0x6c,
  0x69, 0x7a, 0x61, 0x74, 0x69, 0x6f, 0x6e, 0x5f, 0x31, 0x36, 0x31, 0x5f,
  0x31, 0x2f, 0x62, 0x61, 0x74, 0x63, 0x68, 0x6e, 0x6f, 0x72, 0x6d, 0x2f,
  0x61, 0x64, 0x64, 0x5f, 0x31, 0x00, 0x00, 0x00, 0x04, 0x00, 0x00, 0x00,
  0x01, 0x00, 0x00, 0x00, 0x0f, 0x00, 0x00, 0x00, 0x01, 0x00, 0x00, 0x00,
  0x10, 0x00, 0x00, 0x00, 0xca, 0xc9, 0xff, 0xff, 0x00, 0x00, 0x00, 0x01,
  0x14, 0x00, 0x00, 0x00, 0x30, 0x00, 0x00, 0x00, 0x42, 0x00, 0x00, 0x00,
  0x00, 0x00, 0x00, 0x09, 0x64, 0x00, 0x00, 0x00, 0xb4, 0xc9, 0xff, 0xff,
  0x08, 0x00, 0x00, 0x00, 0x10, 0x00, 0x00, 0x00, 0x01, 0x00, 0x00, 0x00,
  0xa0, 0xff, 0xff, 0xff, 0xff, 0xff, 0xff, 0xff, 0x01, 0x00, 0x00, 0x00,
  0x63, 0x58, 0x07, 0x3d, 0x39, 0x00, 0x00, 0x00, 0x73, 0x65, 0x71, 0x75,
  0x65, 0x6e, 0x74, 0x69, 0x61, 0x6c, 0x5f, 0x36, 0x37, 0x5f, 0x31, 0x2f,
  0x62, 0x61, 0x74, 0x63, 0x68, 0x5f, 0x6e, 0x6f, 0x72, 0x6d, 0x61, 0x6c,
  0x69, 0x7a, 0x61, 0x74, 0x69, 0x6f, 0x6e, 0x5f, 0x31, 0x36, 0x31, 0x5f,
  0x31, 0x2f, 0x62, 0x61, 0x74, 0x63, 0x68, 0x6e, 0x6f, 0x72, 0x6d, 0x2f,
  0x6d, 0x75, 0x6c, 0x5f, 0x31, 0x00, 0x00, 0x00, 0x04, 0x00, 0x00, 0x00,
  0x01, 0x00, 0x00, 0x00, 0x0f, 0x00, 0x00, 0x00, 0x01, 0x00, 0x00, 0x00,
  0x10, 0x00, 0x00, 0x00, 0x5a, 0xca, 0xff, 0xff, 0x00, 0x00, 0x00, 0x01,
  0x14, 0x00, 0x00, 0x00, 0x34, 0x00, 0x00, 0x00, 0x41, 0x00, 0x00, 0x00,
  0x00, 0x00, 0x00, 0x09, 0xc4, 0x00, 0x00, 0x00, 0x44, 0xca, 0xff, 0xff,
  0x08, 0x00, 0x00, 0x00, 0x14, 0x00, 0x00, 0x00, 0x01, 0x00, 0x00, 0x00,
  0x80, 0xff, 0xff, 0xff, 0xff, 0xff, 0xff, 0xff, 0x00, 0x00, 0x00, 0x00,
  0x01, 0x00, 0x00, 0x00, 0xff, 0x71, 0x27, 0x3d, 0x95, 0x00, 0x00, 0x00,
  0x73, 0x65, 0x71, 0x75, 0x65, 0x6e, 0x74, 0x69, 0x61, 0x6c, 0x5f, 0x36,
  0x37, 0x5f, 0x31, 0x2f, 0x63, 0x6f, 0x6e, 0x76, 0x32, 0x64, 0x5f, 0x33,
  0x32, 0x33, 0x5f, 0x31, 0x2f, 0x52, 0x65, 0x6c, 0x75, 0x3b, 0x73, 0x65,
  0x71, 0x75, 0x65, 0x6e, 0x74, 0x69, 0x61, 0x6c, 0x5f, 0x36, 0x37, 0x5f,
  0x31, 0x2f, 0x63, 0x6f, 0x6e, 0x76, 0x32, 0x64, 0x5f, 0x33, 0x32, 0x33,
  0x5f, 0x31, 0x2f, 0x42, 0x69, 0x61, 0x73, 0x41, 0x64, 0x64, 0x3b, 0x73,
  0x65, 0x71, 0x75, 0x65, 0x6e, 0x74, 0x69, 0x61, 0x6c, 0x5f, 0x36, 0x37,
  0x5f, 0x31, 0x2f, 0x63, 0x6f, 0x6e, 0x76, 0x32, 0x64, 0x5f, 0x33, 0x32,
  0x33, 0x5f, 0x31, 0x2f, 0x63, 0x6f, 0x6e, 0x76, 0x6f, 0x6c, 0x75, 0x74,
  0x69, 0x6f, 0x6e, 0x3b, 0x73, 0x65, 0x71, 0x75, 0x65, 0x6e, 0x74, 0x69,
  0x61, 0x6c, 0x5f, 0x36, 0x37, 0x5f, 0x31, 0x2f, 0x63, 0x6f, 0x6e, 0x76,
  0x32, 0x64, 0x5f, 0x33, 0x32, 0x33, 0x5f, 0x31, 0x2f, 0x53, 0x71, 0x75,
  0x65, 0x65, 0x7a, 0x65, 0x31, 0x00, 0x00, 0x00, 0x04, 0x00, 0x00, 0x00,
  0x01, 0x00, 0x00, 0x00, 0x0f, 0x00, 0x00, 0x00, 0x01, 0x00, 0x00, 0x00,
  0x10, 0x00, 0x00, 0x00, 0x4a, 0xcb, 0xff, 0xff, 0x00, 0x00, 0x00, 0x01,
  0x14, 0x00, 0x00, 0x00, 0x30, 0x00, 0x00, 0x00, 0x40, 0x00, 0x00, 0x00,
  0x00, 0x00, 0x00, 0x09, 0x64, 0x00, 0x00, 0x00, 0x34, 0xcb, 0xff, 0xff,
  0x08, 0x00, 0x00, 0x00, 0x10, 0x00, 0x00, 0x00, 0x01, 0x00, 0x00, 0x00,
  0x9e, 0xff, 0xff, 0xff, 0xff, 0xff, 0xff, 0xff, 0x01, 0x00, 0x00, 0x00,
  0x27, 0x43, 0x01, 0x3d, 0x39, 0x00, 0x00, 0x00, 0x73, 0x65, 0x71, 0x75,
  0x65, 0x6e, 0x74, 0x69, 0x61, 0x6c, 0x5f, 0x36, 0x37, 0x5f, 0x31, 0x2f,
  0x62, 0x61, 0x74, 0x63, 0x68, 0x5f, 0x6e, 0x6f, 0x72, 0x6d, 0x61, 0x6c,
  0x69, 0x7a, 0x61, 0x74, 0x69, 0x6f, 0x6e, 0x5f, 0x31, 0x36, 0x30, 0x5f,
  0x31, 0x2f, 0x62, 0x61, 0x74, 0x63, 0x68, 0x6e, 0x6f, 0x72, 0x6d, 0x2f,
  0x61, 0x64, 0x64, 0x5f, 0x31, 0x00, 0x00, 0x00, 0x04, 0x00, 0x00, 0x00,
  0x01, 0x00, 0x00, 0x00, 0x0f, 0x00, 0x00, 0x00, 0x01, 0x00, 0x00, 0x00,
  0x10, 0x00, 0x00, 0x00, 0xda, 0xcb, 0xff, 0xff, 0x00, 0x00, 0x00, 0x01,
  0x14, 0x00, 0x00, 0x00, 0x30, 0x00, 0x00, 0x00, 0x3f, 0x00, 0x00, 0x00,
  0x00, 0x00, 0x00, 0x09, 0x64, 0x00, 0x00, 0x00, 0xc4, 0xcb, 0xff, 0xff,
  0x08, 0x00, 0x00, 0x00, 0x10, 0x00, 0x00, 0x00, 0x01, 0x00, 0x00, 0x00,
  0x9c, 0xff, 0xff, 0xff, 0xff, 0xff, 0xff, 0xff, 0x01, 0x00, 0x00, 0x00,
  0xee, 0xb5, 0x0a, 0x3d, 0x39, 0x00, 0x00, 0x00, 0x73, 0x65, 0x71, 0x75,
  0x65, 0x6e, 0x74, 0x69, 0x61, 0x6c, 0x5f, 0x36, 0x37, 0x5f, 0x31, 0x2f,
  0x62, 0x61, 0x74, 0x63, 0x68, 0x5f, 0x6e, 0x6f, 0x72, 0x6d, 0x61, 0x6c,
  0x69, 0x7a, 0x61, 0x74, 0x69, 0x6f, 0x6e, 0x5f, 0x31, 0x36, 0x30, 0x5f,
  0x31, 0x2f, 0x62, 0x61, 0x74, 0x63, 0x68, 0x6e, 0x6f, 0x72, 0x6d, 0x2f,
  0x6d, 0x75, 0x6c, 0x5f, 0x31, 0x00, 0x00, 0x00, 0x04, 0x00, 0x00, 0x00,
  0x01, 0x00, 0x00, 0x00, 0x0f, 0x00, 0x00, 0x00, 0x01, 0x00, 0x00, 0x00,
  0x10, 0x00, 0x00, 0x00, 0x6a, 0xcc, 0xff, 0xff, 0x00, 0x00, 0x00, 0x01,
  0x14, 0x00, 0x00, 0x00, 0x34, 0x00, 0x00, 0x00, 0x3e, 0x00, 0x00, 0x00,
  0x00, 0x00, 0x00, 0x09, 0xc4, 0x00, 0x00, 0x00, 0x54, 0xcc, 0xff, 0xff,
  0x08, 0x00, 0x00, 0x00, 0x14, 0x00, 0x00, 0x00, 0x01, 0x00, 0x00, 0x00,
  0x80, 0xff, 0xff, 0xff, 0xff, 0xff, 0xff, 0xff, 0x00, 0x00, 0x00, 0x00,
  0x01, 0x00, 0x00, 0x00, 0x6a, 0x69, 0xf7, 0x3c, 0x95, 0x00, 0x00, 0x00,
  0x73, 0x65, 0x71, 0x75, 0x65, 0x6e, 0x74, 0x69, 0x61, 0x6c, 0x5f, 0x36,
  0x37, 0x5f, 0x31, 0x2f, 0x63, 0x6f, 0x6e, 0x76, 0x32, 0x64, 0x5f, 0x33,
  0x32, 0x32, 0x5f, 0x31, 0x2f, 0x52, 0x65, 0x6c, 0x75, 0x3b, 0x73, 0x65,
  0x71, 0x75, 0x65, 0x6e, 0x74, 0x69, 0x61, 0x6c, 0x5f, 0x36, 0x37, 0x5f,
  0x31, 0x2f, 0x63, 0x6f, 0x6e, 0x76, 0x32, 0x64, 0x5f, 0x33, 0x32, 0x32,
  0x5f, 0x31, 0x2f, 0x42, 0x69, 0x61, 0x73, 0x41, 0x64, 0x64, 0x3b, 0x73,
  0x65, 0x71, 0x75, 0x65, 0x6e, 0x74, 0x69, 0x61, 0x6c, 0x5f, 0x36, 0x37,
  0x5f, 0x31, 0x2f, 0x63, 0x6f, 0x6e, 0x76, 0x32, 0x64, 0x5f, 0x33, 0x32,
  0x32, 0x5f, 0x31, 0x2f, 0x63, 0x6f, 0x6e, 0x76, 0x6f, 0x6c, 0x75, 0x74,
  0x69, 0x6f, 0x6e, 0x3b, 0x73, 0x65, 0x71, 0x75, 0x65, 0x6e, 0x74, 0x69,
  0x61, 0x6c, 0x5f, 0x36, 0x37, 0x5f, 0x31, 0x2f, 0x63, 0x6f, 0x6e, 0x76,
  0x32, 0x64, 0x5f, 0x33, 0x32, 0x32, 0x5f, 0x31, 0x2f, 0x53, 0x71, 0x75,
  0x65, 0x65, 0x7a, 0x65, 0x31, 0x00, 0x00, 0x00, 0x04, 0x00, 0x00, 0x00,
  0x01, 0x00, 0x00, 0x00, 0x0f, 0x00, 0x00, 0x00, 0x01, 0x00, 0x00, 0x00,
  0x10, 0x00, 0x00, 0x00, 0x5a, 0xcd, 0xff, 0xff, 0x00, 0x00, 0x00, 0x01,
  0x14, 0x00, 0x00, 0x00, 0x30, 0x00, 0x00, 0x00, 0x3d, 0x00, 0x00, 0x00,
  0x00, 0x00, 0x00, 0x09, 0x64, 0x00, 0x00, 0x00, 0x44, 0xcd, 0xff, 0xff,
  0x08, 0x00, 0x00, 0x00, 0x10, 0x00, 0x00, 0x00, 0x01, 0x00, 0x00, 0x00,
  0xa5, 0xff, 0xff, 0xff, 0xff, 0xff, 0xff, 0xff, 0x01, 0x00, 0x00, 0x00,
  0x2f, 0xa1, 0xca, 0x3c, 0x39, 0x00, 0x00, 0x00, 0x73, 0x65, 0x71, 0x75,
  0x65, 0x6e, 0x74, 0x69, 0x61, 0x6c, 0x5f, 0x36, 0x37, 0x5f, 0x31, 0x2f,
  0x62, 0x61, 0x74, 0x63, 0x68, 0x5f, 0x6e, 0x6f, 0x72, 0x6d, 0x61, 0x6c,
  0x69, 0x7a, 0x61, 0x74, 0x69, 0x6f, 0x6e, 0x5f, 0x31, 0x35, 0x39, 0x5f,
  0x31, 0x2f, 0x62, 0x61, 0x74, 0x63, 0x68, 0x6e, 0x6f, 0x72, 0x6d, 0x2f,
  0x61, 0x64, 0x64, 0x5f, 0x31, 0x00, 0x00, 0x00, 0x04, 0x00, 0x00, 0x00,
  0x01, 0x00, 0x00, 0x00, 0x0f, 0x00, 0x00, 0x00, 0x01, 0x00, 0x00, 0x00,
  0x10, 0x00, 0x00, 0x00, 0xea, 0xcd, 0xff, 0xff, 0x00, 0x00, 0x00, 0x01,
  0x14, 0x00, 0x00, 0x00, 0x30, 0x00, 0x00, 0x00, 0x3c, 0x00, 0x00, 0x00,
  0x00, 0x00, 0x00, 0x09, 0x64, 0x00, 0x00, 0x00, 0xd4, 0xcd, 0xff, 0xff,
  0x08, 0x00, 0x00, 0x00, 0x10, 0x00, 0x00, 0x00, 0x01, 0x00, 0x00, 0x00,
  0xa3, 0xff, 0xff, 0xff, 0xff, 0xff, 0xff, 0xff, 0x01, 0x00, 0x00, 0x00,
  0x44, 0x9c, 0xda, 0x3c, 0x39, 0x00, 0x00, 0x00, 0x73, 0x65, 0x71, 0x75,
  0x65, 0x6e, 0x74, 0x69, 0x61, 0x6c, 0x5f, 0x36, 0x37, 0x5f, 0x31, 0x2f,
  0x62, 0x61, 0x74, 0x63, 0x68, 0x5f, 0x6e, 0x6f, 0x72, 0x6d, 0x61, 0x6c,
  0x69, 0x7a, 0x61, 0x74, 0x69, 0x6f, 0x6e, 0x5f, 0x31, 0x35, 0x39, 0x5f,
  0x31, 0x2f, 0x62, 0x61, 0x74, 0x63, 0x68, 0x6e, 0x6f, 0x72, 0x6d, 0x2f,
  0x6d, 0x75, 0x6c, 0x5f, 0x31, 0x00, 0x00, 0x00, 0x04, 0x00, 0x00, 0x00,
  0x01, 0x00, 0x00, 0x00, 0x0f, 0x00, 0x00, 0x00, 0x01, 0x00, 0x00, 0x00,
  0x10, 0x00, 0x00, 0x00, 0x7a, 0xce, 0xff, 0xff, 0x00, 0x00, 0x00, 0x01,
  0x14, 0x00, 0x00, 0x00, 0x34, 0x00, 0x00, 0x00, 0x3b, 0x00, 0x00, 0x00,
  0x00, 0x00, 0x00, 0x09, 0xc4, 0x00, 0x00, 0x00, 0x64, 0xce, 0xff, 0xff,
  0x08, 0x00, 0x00, 0x00, 0x14, 0x00, 0x00, 0x00, 0x01, 0x00, 0x00, 0x00,
  0x80, 0xff, 0xff, 0xff, 0xff, 0xff, 0xff, 0xff, 0x00, 0x00, 0x00, 0x00,
  0x01, 0x00, 0x00, 0x00, 0xe0, 0xfe, 0xbc, 0x3c, 0x95, 0x00, 0x00, 0x00,
  0x73, 0x65, 0x71, 0x75, 0x65, 0x6e, 0x74, 0x69, 0x61, 0x6c, 0x5f, 0x36,
  0x37, 0x5f, 0x31, 0x2f, 0x63, 0x6f, 0x6e, 0x76, 0x32, 0x64, 0x5f, 0x33,
  0x32, 0x31, 0x5f, 0x31, 0x2f, 0x52, 0x65, 0x6c, 0x75, 0x3b, 0x73, 0x65,
  0x71, 0x75, 0x65, 0x6e, 0x74, 0x69, 0x61, 0x6c, 0x5f, 0x36, 0x37, 0x5f,
  0x31, 0x2f, 0x63, 0x6f, 0x6e, 0x76, 0x32, 0x64, 0x5f, 0x33, 0x32, 0x31,
  0x5f, 0x31, 0x2f, 0x42, 0x69, 0x61, 0x73, 0x41, 0x64, 0x64, 0x3b, 0x73,
  0x65, 0x71, 0x75, 0x65, 0x6e, 0x74, 0x69, 0x61, 0x6c, 0x5f, 0x36, 0x37,
  0x5f, 0x31, 0x2f, 0x63, 0x6f, 0x6e, 0x76, 0x32, 0x64, 0x5f, 0x33, 0x32,
  0x31, 0x5f, 0x31, 0x2f, 0x63, 0x6f, 0x6e, 0x76, 0x6f, 0x6c, 0x75, 0x74,
  0x69, 0x6f, 0x6e, 0x3b, 0x73, 0x65, 0x71, 0x75, 0x65, 0x6e, 0x74, 0x69,
  0x61, 0x6c, 0x5f, 0x36, 0x37, 0x5f, 0x31, 0x2f, 0x63, 0x6f, 0x6e, 0x76,
  0x32, 0x64, 0x5f, 0x33, 0x32, 0x31, 0x5f, 0x31, 0x2f, 0x53, 0x71, 0x75,
  0x65, 0x65, 0x7a, 0x65, 0x31, 0x00, 0x00, 0x00, 0x04, 0x00, 0x00, 0x00,
  0x01, 0x00, 0x00, 0x00, 0x0f, 0x00, 0x00, 0x00, 0x01, 0x00, 0x00, 0x00,
  0x10, 0x00, 0x00, 0x00, 0x6a, 0xcf, 0xff, 0xff, 0x00, 0x00, 0x00, 0x01,
  0x14, 0x00, 0x00, 0x00, 0x30, 0x00, 0x00, 0x00, 0x3a, 0x00, 0x00, 0x00,
  0x00, 0x00, 0x00, 0x09, 0x64, 0x00, 0x00, 0x00, 0x54, 0xcf, 0xff, 0xff,
  0x08, 0x00, 0x00, 0x00, 0x10, 0x00, 0x00, 0x00, 0x01, 0x00, 0x00, 0x00,
  0x9c, 0xff, 0xff, 0xff, 0xff, 0xff, 0xff, 0xff, 0x01, 0x00, 0x00, 0x00,
  0x47, 0x70, 0xdb, 0x3c, 0x39, 0x00, 0x00, 0x00, 0x73, 0x65, 0x71, 0x75,
  0x65, 0x6e, 0x74, 0x69, 0x61, 0x6c, 0x5f, 0x36, 0x37, 0x5f, 0x31, 0x2f,
  0x62, 0x61, 0x74, 0x63, 0x68, 0x5f, 0x6e, 0x6f, 0x72, 0x6d, 0x61, 0x6c,
  0x69, 0x7a, 0x61, 0x74, 0x69, 0x6f, 0x6e, 0x5f, 0x31, 0x35, 0x38, 0x5f,
  0x31, 0x2f, 0x62, 0x61, 0x74, 0x63, 0x68, 0x6e, 0x6f, 0x72, 0x6d, 0x2f,
  0x61, 0x64, 0x64, 0x5f, 0x31, 0x00, 0x00, 0x00, 0x04, 0x00, 0x00, 0x00,
  0x01, 0x00, 0x00, 0x00, 0x0f, 0x00, 0x00, 0x00, 0x01, 0x00, 0x00, 0x00,
  0x10, 0x00, 0x00, 0x00, 0xfa, 0xcf, 0xff, 0xff, 0x00, 0x00, 0x00, 0x01,
  0x14, 0x00, 0x00, 0x00, 0x30, 0x00, 0x00, 0x00, 0x39, 0x00, 0x00, 0x00,
  0x00, 0x00, 0x00, 0x09, 0x64, 0x00, 0x00, 0x00, 0xe4, 0xcf, 0xff, 0xff,
  0x08, 0x00, 0x00, 0x00, 0x10, 0x00, 0x00, 0x00, 0x01, 0x00, 0x00, 0x00,
  0x9a, 0xff, 0xff, 0xff, 0xff, 0xff, 0xff, 0xff, 0x01, 0x00, 0x00, 0x00,
  0xc1, 0x7e, 0xf0, 0x3c, 0x39, 0x00, 0x00, 0x00, 0x73, 0x65, 0x71, 0x75,
  0x65, 0x6e, 0x74, 0x69, 0x61, 0x6c, 0x5f, 0x36, 0x37, 0x5f, 0x31, 0x2f,
  0x62, 0x61, 0x74, 0x63, 0x68, 0x5f, 0x6e, 0x6f, 0x72, 0x6d, 0x61, 0x6c,
  0x69, 0x7a, 0x61, 0x74, 0x69, 0x6f, 0x6e, 0x5f, 0x31, 0x35, 0x38, 0x5f,
  0x31, 0x2f, 0x62, 0x61, 0x74, 0x63, 0x68, 0x6e, 0x6f, 0x72, 0x6d, 0x2f,
  0x6d, 0x75, 0x6c, 0x5f, 0x31, 0x00, 0x00, 0x00, 0x04, 0x00, 0x00, 0x00,
  0x01, 0x00, 0x00, 0x00, 0x0f, 0x00, 0x00, 0x00, 0x01, 0x00, 0x00, 0x00,
  0x10, 0x00, 0x00, 0x00, 0x8a, 0xd0, 0xff, 0xff, 0x00, 0x00, 0x00, 0x01,
  0x14, 0x00, 0x00, 0x00, 0x34, 0x00, 0x00, 0x00, 0x38, 0x00, 0x00, 0x00,
  0x00, 0x00, 0x00, 0x09, 0xc4, 0x00, 0x00, 0x00, 0x74, 0xd0, 0xff, 0xff,
  0x08, 0x00, 0x00, 0x00, 0x14, 0x00, 0x00, 0x00, 0x01, 0x00, 0x00, 0x00,
  0x80, 0xff, 0xff, 0xff, 0xff, 0xff, 0xff, 0xff, 0x00, 0x00, 0x00, 0x00,
  0x01, 0x00, 0x00, 0x00, 0xc7, 0x5c, 0xd8, 0x3c, 0x95, 0x00, 0x00, 0x00,
  0x73, 0x65, 0x71, 0x75, 0x65, 0x6e, 0x74, 0x69, 0x61, 0x6c, 0x5f, 0x36,
  0x37, 0x5f, 0x31, 0x2f, 0x63, 0x6f, 0x6e, 0x76, 0x32, 0x64, 0x5f, 0x33,
  0x32, 0x30, 0x5f, 0x31, 0x2f, 0x52, 0x65, 0x6c, 0x75, 0x3b, 0x73, 0x65,
  0x71, 0x75, 0x65, 0x6e, 0x74, 0x69, 0x61, 0x6c, 0x5f, 0x36, 0x37, 0x5f,
  0x31, 0x2f, 0x63, 0x6f, 0x6e, 0x76, 0x32, 0x64, 0x5f, 0x33, 0x32, 0x30,
  0x5f, 0x31, 0x2f, 0x42, 0x69, 0x61, 0x73, 0x41, 0x64, 0x64, 0x3b, 0x73,
  0x65, 0x71, 0x75, 0x65, 0x6e, 0x74, 0x69, 0x61, 0x6c, 0x5f, 0x36, 0x37,
  0x5f, 0x31, 0x2f, 0x63, 0x6f, 0x6e, 0x76, 0x32, 0x64, 0x5f, 0x33, 0x32,
  0x30, 0x5f, 0x31, 0x2f, 0x63, 0x6f, 0x6e, 0x76, 0x6f, 0x6c, 0x75, 0x74,
  0x69, 0x6f, 0x6e, 0x3b, 0x73, 0x65, 0x71, 0x75, 0x65, 0x6e, 0x74, 0x69,
  0x61, 0x6c, 0x5f, 0x36, 0x37, 0x5f, 0x31, 0x2f, 0x63, 0x6f, 0x6e, 0x76,
  0x32, 0x64, 0x5f, 0x33, 0x32, 0x30, 0x5f, 0x31, 0x2f, 0x53, 0x71, 0x75,
  0x65, 0x65, 0x7a, 0x65, 0x31, 0x00, 0x00, 0x00, 0x04, 0x00, 0x00, 0x00,
  0x01, 0x00, 0x00, 0x00, 0x0f, 0x00, 0x00, 0x00, 0x01, 0x00, 0x00, 0x00,
  0x10, 0x00, 0x00, 0x00, 0x7a, 0xd1, 0xff, 0xff, 0x00, 0x00, 0x00, 0x01,
  0x14, 0x00, 0x00, 0x00, 0x30, 0x00, 0x00, 0x00, 0x37, 0x00, 0x00, 0x00,
  0x00, 0x00, 0x00, 0x09, 0x64, 0x00, 0x00, 0x00, 0x64, 0xd1, 0xff, 0xff,
  0x08, 0x00, 0x00, 0x00, 0x10, 0x00, 0x00, 0x00, 0x01, 0x00, 0x00, 0x00,
  0xab, 0xff, 0xff, 0xff, 0xff, 0xff, 0xff, 0xff, 0x01, 0x00, 0x00, 0x00,
  0x21, 0xc1, 0xb7, 0x3c, 0x39, 0x00, 0x00, 0x00, 0x73, 0x65, 0x71, 0x75,
  0x65, 0x6e, 0x74, 0x69, 0x61, 0x6c, 0x5f, 0x36, 0x37, 0x5f, 0x31, 0x2f,
  0x62, 0x61, 0x74, 0x63, 0x68, 0x5f, 0x6e, 0x6f, 0x72, 0x6d, 0x61, 0x6c,
  0x69, 0x7a, 0x61, 0x74, 0x69, 0x6f, 0x6e, 0x5f, 0x31, 0x35, 0x37, 0x5f,
  0x31, 0x2f, 0x62, 0x61, 0x74, 0x63, 0x68, 0x6e, 0x6f, 0x72, 0x6d, 0x2f,
  0x61, 0x64, 0x64, 0x5f, 0x31, 0x00, 0x00, 0x00, 0x04, 0x00, 0x00, 0x00,
  0x01, 0x00, 0x00, 0x00, 0x0f, 0x00, 0x00, 0x00, 0x01, 0x00, 0x00, 0x00,
  0x10, 0x00, 0x00, 0x00, 0x0a, 0xd2, 0xff, 0xff, 0x00, 0x00, 0x00, 0x01,
  0x14, 0x00, 0x00, 0x00, 0x30, 0x00, 0x00, 0x00, 0x36, 0x00, 0x00, 0x00,
  0x00, 0x00, 0x00, 0x09, 0x64, 0x00, 0x00, 0x00, 0xf4, 0xd1, 0xff, 0xff,
  0x08, 0x00, 0x00, 0x00, 0x10, 0x00, 0x00, 0x00, 0x01, 0x00, 0x00, 0x00,
  0xa8, 0xff, 0xff, 0xff, 0xff, 0xff, 0xff, 0xff, 0x01, 0x00, 0x00, 0x00,
  0xab, 0x86, 0xc6, 0x3c, 0x39, 0x00, 0x00, 0x00, 0x73, 0x65, 0x71, 0x75,
  0x65, 0x6e, 0x74, 0x69, 0x61, 0x6c, 0x5f, 0x36, 0x37, 0x5f, 0x31, 0x2f,
  0x62, 0x61, 0x74, 0x63, 0x68, 0x5f, 0x6e, 0x6f, 0x72, 0x6d, 0x61, 0x6c,
  0x69, 0x7a, 0x61, 0x74, 0x69, 0x6f, 0x6e, 0x5f, 0x31, 0x35, 0x37, 0x5f,
  0x31, 0x2f, 0x62, 0x61, 0x74, 0x63, 0x68, 0x6e, 0x6f, 0x72, 0x6d, 0x2f,
  0x6d, 0x75, 0x6c, 0x5f, 0x31, 0x00, 0x00, 0x00, 0x04, 0x00, 0x00, 0x00,
  0x01, 0x00, 0x00, 0x00, 0x0f, 0x00, 0x00, 0x00, 0x01, 0x00, 0x00, 0x00,
  0x10, 0x00, 0x00, 0x00, 0x9a, 0xd2, 0xff, 0xff, 0x00, 0x00, 0x00, 0x01,
  0x14, 0x00, 0x00, 0x00, 0x34, 0x00, 0x00, 0x00, 0x35, 0x00, 0x00, 0x00,
  0x00, 0x00, 0x00, 0x09, 0xc4, 0x00, 0x00, 0x00, 0x84, 0xd2, 0xff, 0xff,
  0x08, 0x00, 0x00, 0x00, 0x14, 0x00, 0x00, 0x00, 0x01, 0x00, 0x00, 0x00,
  0x80, 0xff, 0xff, 0xff, 0xff, 0xff, 0xff, 0xff, 0x00, 0x00, 0x00, 0x00,
  0x01, 0x00, 0x00, 0x00, 0xbf, 0xa9, 0xa7, 0x3c, 0x95, 0x00, 0x00, 0x00,
  0x73, 0x65, 0x71, 0x75, 0x65, 0x6e, 0x74, 0x69, 0x61, 0x6c, 0x5f, 0x36,
  0x37, 0x5f, 0x31, 0x2f, 0x63, 0x6f, 0x6e, 0x76, 0x32, 0x64, 0x5f, 0x33,
  0x31, 0x39, 0x5f, 0x31, 0x2f, 0x52, 0x65, 0x6c, 0x75, 0x3b, 0x73, 0x65,
  0x71, 0x75, 0x65, 0x6e, 0x74, 0x69, 0x61, 0x6c, 0x5f, 0x36, 0x37, 0x5f,
  0x31, 0x2f, 0x63, 0x6f, 0x6e, 0x76, 0x32, 0x64, 0x5f, 0x33, 0x31, 0x39,
  0x5f, 0x31, 0x2f, 0x42, 0x69, 0x61, 0x73, 0x41, 0x64, 0x64, 0x3b, 0x73,
  0x65, 0x71, 0x75, 0x65, 0x6e, 0x74, 0x69, 0x61, 0x6c, 0x5f, 0x36, 0x37,
  0x5f, 0x31, 0x2f, 0x63, 0x6f, 0x6e, 0x76, 0x32, 0x64, 0x5f, 0x33, 0x31,
  0x39, 0x5f, 0x31, 0x2f, 0x63, 0x6f, 0x6e, 0x76, 0x6f, 0x6c, 0x75, 0x74,
  0x69, 0x6f, 0x6e, 0x3b, 0x73, 0x65, 0x71, 0x75, 0x65, 0x6e, 0x74, 0x69,
  0x61, 0x6c, 0x5f, 0x36, 0x37, 0x5f, 0x31, 0x2f, 0x63, 0x6f, 0x6e, 0x76,
  0x32, 0x64, 0x5f, 0x33, 0x31, 0x39, 0x5f, 0x31, 0x2f, 0x53, 0x71, 0x75,
  0x65, 0x65, 0x7a, 0x65, 0x31, 0x00, 0x00, 0x00, 0x04, 0x00, 0x00, 0x00,
  0x01, 0x00, 0x00, 0x00, 0x0f, 0x00, 0x00, 0x00, 0x01, 0x00, 0x00, 0x00,
  0x10, 0x00, 0x00, 0x00, 0x8a, 0xd3, 0xff, 0xff, 0x00, 0x00, 0x00, 0x01,
  0x14, 0x00, 0x00, 0x00, 0x30, 0x00, 0x00, 0x00, 0x34, 0x00, 0x00, 0x00,
  0x00, 0x00, 0x00, 0x09, 0x64, 0x00, 0x00, 0x00, 0x74, 0xd3, 0xff, 0xff,
  0x08, 0x00, 0x00, 0x00, 0x10, 0x00, 0x00, 0x00, 0x01, 0x00, 0x00, 0x00,
  0xb1, 0xff, 0xff, 0xff, 0xff, 0xff, 0xff, 0xff, 0x01, 0x00, 0x00, 0x00,
  0x05, 0xd6, 0x8b, 0x3c, 0x39, 0x00, 0x00, 0x00, 0x73, 0x65, 0x71, 0x75,
  0x65, 0x6e, 0x74, 0x69, 0x61, 0x6c, 0x5f, 0x36, 0x37, 0x5f, 0x31, 0x2f,
  0x62, 0x61, 0x74, 0x63, 0x68, 0x5f, 0x6e, 0x6f, 0x72, 0x6d, 0x61, 0x6c,
  0x69, 0x7a, 0x61, 0x74, 0x69, 0x6f, 0x6e, 0x5f, 0x31, 0x35, 0x36, 0x5f,
  0x31, 0x2f, 0x62, 0x61, 0x74, 0x63, 0x68, 0x6e, 0x6f, 0x72, 0x6d, 0x2f,
  0x61, 0x64, 0x64, 0x5f, 0x31, 0x00, 0x00, 0x00, 0x04, 0x00, 0x00, 0x00,
  0x01, 0x00, 0x00, 0x00, 0x0f, 0x00, 0x00, 0x00, 0x01, 0x00, 0x00, 0x00,
  0x10, 0x00, 0x00, 0x00, 0x1a, 0xd4, 0xff, 0xff, 0x00, 0x00, 0x00, 0x01,
  0x14, 0x00, 0x00, 0x00, 0x30, 0x00, 0x00, 0x00, 0x33, 0x00, 0x00, 0x00,
  0x00, 0x00, 0x00, 0x09, 0x64, 0x00, 0x00, 0x00, 0x04, 0xd4, 0xff, 0xff,
  0x08, 0x00, 0x00, 0x00, 0x10, 0x00, 0x00, 0x00, 0x01, 0x00, 0x00, 0x00,
  0xab, 0xff, 0xff, 0xff, 0xff, 0xff, 0xff, 0xff, 0x01, 0x00, 0x00, 0x00,
  0x1e, 0x48, 0xa1, 0x3c, 0x39, 0x00, 0x00, 0x00, 0x73, 0x65, 0x71, 0x75,
  0x65, 0x6e, 0x74, 0x69, 0x61, 0x6c, 0x5f, 0x36, 0x37, 0x5f, 0x31, 0x2f,
  0x62, 0x61, 0x74, 0x63, 0x68, 0x5f, 0x6e, 0x6f, 0x72, 0x6d, 0x61, 0x6c,
  0x69, 0x7a, 0x61, 0x74, 0x69, 0x6f, 0x6e, 0x5f, 0x31, 0x35, 0x36, 0x5f,
  0x31, 0x2f, 0x62, 0x61, 0x74, 0x63, 0x68, 0x6e, 0x6f, 0x72, 0x6d, 0x2f,
  0x6d, 0x75, 0x6c, 0x5f, 0x31, 0x00, 0x00, 0x00, 0x04, 0x00, 0x00, 0x00,
  0x01, 0x00, 0x00, 0x00, 0x0f, 0x00, 0x00, 0x00, 0x01, 0x00, 0x00, 0x00,
  0x10, 0x00, 0x00, 0x00, 0xaa, 0xd4, 0xff, 0xff, 0x00, 0x00, 0x00, 0x01,
  0x14, 0x00, 0x00, 0x00, 0x34, 0x00, 0x00, 0x00, 0x32, 0x00, 0x00, 0x00,
  0x00, 0x00, 0x00, 0x09, 0xc4, 0x00, 0x00, 0x00, 0x94, 0xd4, 0xff, 0xff,
  0x08, 0x00, 0x00, 0x00, 0x14, 0x00, 0x00, 0x00, 0x01, 0x00, 0x00, 0x00,
  0x80, 0xff, 0xff, 0xff, 0xff, 0xff, 0xff, 0xff, 0x00, 0x00, 0x00, 0x00,
  0x01, 0x00, 0x00, 0x00, 0x04, 0x2d, 0x86, 0x3c, 0x95, 0x00, 0x00, 0x00,
  0x73, 0x65, 0x71, 0x75, 0x65, 0x6e, 0x74, 0x69, 0x61, 0x6c, 0x5f, 0x36,
  0x37, 0x5f, 0x31, 0x2f, 0x63, 0x6f, 0x6e, 0x76, 0x32, 0x64, 0x5f, 0x33,
  0x31, 0x38, 0x5f, 0x31, 0x2f, 0x52, 0x65, 0x6c, 0x75, 0x3b, 0x73, 0x65,
  0x71, 0x75, 0x65, 0x6e, 0x74, 0x69, 0x61, 0x6c, 0x5f, 0x36, 0x37, 0x5f,
  0x31, 0x2f, 0x63, 0x6f, 0x6e, 0x76, 0x32, 0x64, 0x5f, 0x33, 0x31, 0x38,
  0x5f, 0x31, 0x2f, 0x42, 0x69, 0x61, 0x73, 0x41, 0x64, 0x64, 0x3b, 0x73,
  0x65, 0x71, 0x75, 0x65, 0x6e, 0x74, 0x69, 0x61, 0x6c, 0x5f, 0x36, 0x37,
  0x5f, 0x31, 0x2f, 0x63, 0x6f, 0x6e, 0x76, 0x32, 0x64, 0x5f, 0x33, 0x31,
  0x38, 0x5f, 0x31, 0x2f, 0x63, 0x6f, 0x6e, 0x76, 0x6f, 0x6c, 0x75, 0x74,
  0x69, 0x6f, 0x6e, 0x3b, 0x73, 0x65, 0x71, 0x75, 0x65, 0x6e, 0x74, 0x69,
  0x61, 0x6c, 0x5f, 0x36, 0x37, 0x5f, 0x31, 0x2f, 0x63, 0x6f, 0x6e, 0x76,
  0x32, 0x64, 0x5f, 0x33, 0x31, 0x38, 0x5f, 0x31, 0x2f, 0x53, 0x71, 0x75,
  0x65, 0x65, 0x7a, 0x65, 0x31, 0x00, 0x00, 0x00, 0x04, 0x00, 0x00, 0x00,
  0x01, 0x00, 0x00, 0x00, 0x0f, 0x00, 0x00, 0x00, 0x01, 0x00, 0x00, 0x00,
  0x10, 0x00, 0x00, 0x00, 0x9a, 0xd5, 0xff, 0xff, 0x00, 0x00, 0x00, 0x01,
  0x14, 0x00, 0x00, 0x00, 0x30, 0x00, 0x00, 0x00, 0x31, 0x00, 0x00, 0x00,
  0x00, 0x00, 0x00, 0x09, 0x64, 0x00, 0x00, 0x00, 0x84, 0xd5, 0xff, 0xff,
  0x08, 0x00, 0x00, 0x00, 0x10, 0x00, 0x00, 0x00, 0x01, 0x00, 0x00, 0x00,
  0xae, 0xff, 0xff, 0xff, 0xff, 0xff, 0xff, 0xff, 0x01, 0x00, 0x00, 0x00,
  0x49, 0x6d, 0x99, 0x3c, 0x39, 0x00, 0x00, 0x00, 0x73, 0x65, 0x71, 0x75,
  0x65, 0x6e, 0x74, 0x69, 0x61, 0x6c, 0x5f, 0x36, 0x37, 0x5f, 0x31, 0x2f,
  0x62, 0x61, 0x74, 0x63, 0x68, 0x5f, 0x6e, 0x6f, 0x72, 0x6d, 0x61, 0x6c,
  0x69, 0x7a, 0x61, 0x74, 0x69, 0x6f, 0x6e, 0x5f, 0x31, 0x35, 0x35, 0x5f,
  0x31, 0x2f, 0x62, 0x61, 0x74, 0x63, 0x68, 0x6e, 0x6f, 0x72, 0x6d, 0x2f,
  0x61, 0x64, 0x64, 0x5f, 0x31, 0x00, 0x00, 0x00, 0x04, 0x00, 0x00, 0x00,
  0x01, 0x00, 0x00, 0x00, 0x0f, 0x00, 0x00, 0x00, 0x01, 0x00, 0x00, 0x00,
  0x10, 0x00, 0x00, 0x00, 0x2a, 0xd6, 0xff, 0xff, 0x00, 0x00, 0x00, 0x01,
  0x14, 0x00, 0x00, 0x00, 0x30, 0x00, 0x00, 0x00, 0x30, 0x00, 0x00, 0x00,
  0x00, 0x00, 0x00, 0x09, 0x64, 0x00, 0x00, 0x00, 0x14, 0xd6, 0xff, 0xff,
  0x08, 0x00, 0x00, 0x00, 0x10, 0x00, 0x00, 0x00, 0x01, 0x00, 0x00, 0x00,
  0xa9, 0xff, 0xff, 0xff, 0xff, 0xff, 0xff, 0xff, 0x01, 0x00, 0x00, 0x00,
  0x23, 0xe4, 0xae, 0x3c, 0x39, 0x00, 0x00, 0x00, 0x73, 0x65, 0x71, 0x75,
  0x65, 0x6e, 0x74, 0x69, 0x61, 0x6c, 0x5f, 0x36, 0x37, 0x5f, 0x31, 0x2f,
  0x62, 0x61, 0x74, 0x63, 0x68, 0x5f, 0x6e, 0x6f, 0x72, 0x6d, 0x61, 0x6c,
  0x69, 0x7a, 0x61, 0x74, 0x69, 0x6f, 0x6e, 0x5f, 0x31, 0x35, 0x35, 0x5f,
  0x31, 0x2f, 0x62, 0x61, 0x74, 0x63, 0x68, 0x6e, 0x6f, 0x72, 0x6d, 0x2f,
  0x6d, 0x75, 0x6c, 0x5f, 0x31, 0x00, 0x00, 0x00, 0x04, 0x00, 0x00, 0x00,
  0x01, 0x00, 0x00, 0x00, 0x0f, 0x00, 0x00, 0x00, 0x01, 0x00, 0x00, 0x00,
  0x10, 0x00, 0x00, 0x00, 0xba, 0xd6, 0xff, 0xff, 0x00, 0x00, 0x00, 0x01,
  0x14, 0x00, 0x00, 0x00, 0x34, 0x00, 0x00, 0x00, 0x2f, 0x00, 0x00, 0x00,
  0x00, 0x00, 0x00, 0x09, 0xc4, 0x00, 0x00, 0x00, 0xa4, 0xd6, 0xff, 0xff,
  0x08, 0x00, 0x00, 0x00, 0x14, 0x00, 0x00, 0x00, 0x01, 0x00, 0x00, 0x00,
  0x80, 0xff, 0xff, 0xff, 0xff, 0xff, 0xff, 0xff, 0x00, 0x00, 0x00, 0x00,
  0x01, 0x00, 0x00, 0x00, 0xc8, 0x1a, 0x93, 0x3c, 0x95, 0x00, 0x00, 0x00,
  0x73, 0x65, 0x71, 0x75, 0x65, 0x6e, 0x74, 0x69, 0x61, 0x6c, 0x5f, 0x36,
  0x37, 0x5f, 0x31, 0x2f, 0x63, 0x6f, 0x6e, 0x76, 0x32, 0x64, 0x5f, 0x33,
  0x31, 0x37, 0x5f, 0x31, 0x2f, 0x52, 0x65, 0x6c, 0x75, 0x3b, 0x73, 0x65,
  0x71, 0x75, 0x65, 0x6e, 0x74, 0x69, 0x61, 0x6c, 0x5f, 0x36, 0x37, 0x5f,
  0x31, 0x2f, 0x63, 0x6f, 0x6e, 0x76, 0x32, 0x64, 0x5f, 0x33, 0x31, 0x37,
  0x5f, 0x31, 0x2f, 0x42, 0x69, 0x61, 0x73, 0x41, 0x64, 0x64, 0x3b, 0x73,
  0x65, 0x71, 0x75, 0x65, 0x6e, 0x74, 0x69, 0x61, 0x6c, 0x5f, 0x36, 0x37,
  0x5f, 0x31, 0x2f, 0x63, 0x6f, 0x6e, 0x76, 0x32, 0x64, 0x5f, 0x33, 0x31,
  0x37, 0x5f, 0x31, 0x2f, 0x63, 0x6f, 0x6e, 0x76, 0x6f, 0x6c, 0x75, 0x74,
  0x69, 0x6f, 0x6e, 0x3b, 0x73, 0x65, 0x71, 0x75, 0x65, 0x6e, 0x74, 0x69,
  0x61, 0x6c, 0x5f, 0x36, 0x37, 0x5f, 0x31, 0x2f, 0x63, 0x6f, 0x6e, 0x76,
  0x32, 0x64, 0x5f, 0x33, 0x31, 0x37, 0x5f, 0x31, 0x2f, 0x53, 0x71, 0x75,
  0x65, 0x65, 0x7a, 0x65, 0x31, 0x00, 0x00, 0x00, 0x04, 0x00, 0x00, 0x00,
  0x01, 0x00, 0x00, 0x00, 0x0f, 0x00, 0x00, 0x00, 0x01, 0x00, 0x00, 0x00,
  0x10, 0x00, 0x00, 0x00, 0xaa, 0xd7, 0xff, 0xff, 0x00, 0x00, 0x00, 0x01,
  0x14, 0x00, 0x00, 0x00, 0x30, 0x00, 0x00, 0x00, 0x2e, 0x00, 0x00, 0x00,
  0x00, 0x00, 0x00, 0x09, 0x64, 0x00, 0x00, 0x00, 0x94, 0xd7, 0xff, 0xff,
  0x08, 0x00, 0x00, 0x00, 0x10, 0x00, 0x00, 0x00, 0x01, 0x00, 0x00, 0x00,
  0xad, 0xff, 0xff, 0xff, 0xff, 0xff, 0xff, 0xff, 0x01, 0x00, 0x00, 0x00,
  0x10, 0x43, 0xa5, 0x3c, 0x39, 0x00, 0x00, 0x00, 0x73, 0x65, 0x71, 0x75,
  0x65, 0x6e, 0x74, 0x69, 0x61, 0x6c, 0x5f, 0x36, 0x37, 0x5f, 0x31, 0x2f,
  0x62, 0x61, 0x74, 0x63, 0x68, 0x5f, 0x6e, 0x6f, 0x72, 0x6d, 0x61, 0x6c,
  0x69, 0x7a, 0x61, 0x74, 0x69, 0x6f, 0x6e, 0x5f, 0x31, 0x35, 0x34, 0x5f,
  0x31, 0x2f, 0x62, 0x61, 0x74, 0x63, 0x68, 0x6e, 0x6f, 0x72, 0x6d, 0x2f,
  0x61, 0x64, 0x64, 0x5f, 0x31, 0x00, 0x00, 0x00, 0x04, 0x00, 0x00, 0x00,
  0x01, 0x00, 0x00, 0x00, 0x0f, 0x00, 0x00, 0x00, 0x01, 0x00, 0x00, 0x00,
  0x10, 0x00, 0x00, 0x00, 0x3a, 0xd8, 0xff, 0xff, 0x00, 0x00, 0x00, 0x01,
  0x14, 0x00, 0x00, 0x00, 0x30, 0x00, 0x00, 0x00, 0x2d, 0x00, 0x00, 0x00,
  0x00, 0x00, 0x00, 0x09, 0x64, 0x00, 0x00, 0x00, 0x24, 0xd8, 0xff, 0xff,
  0x08, 0x00, 0x00, 0x00, 0x10, 0x00, 0x00, 0x00, 0x01, 0x00, 0x00, 0x00,
  0xa8, 0xff, 0xff, 0xff, 0xff, 0xff, 0xff, 0xff, 0x01, 0x00, 0x00, 0x00,
  0xc9, 0xfa, 0xba, 0x3c, 0x39, 0x00, 0x00, 0x00, 0x73, 0x65, 0x71, 0x75,
  0x65, 0x6e, 0x74, 0x69, 0x61, 0x6c, 0x5f, 0x36, 0x37, 0x5f, 0x31, 0x2f,
  0x62, 0x61, 0x74, 0x63, 0x68, 0x5f, 0x6e, 0x6f, 0x72, 0x6d, 0x61, 0x6c,
  0x69, 0x7a, 0x61, 0x74, 0x69, 0x6f, 0x6e, 0x5f, 0x31, 0x35, 0x34, 0x5f,
  0x31, 0x2f, 0x62, 0x61, 0x74, 0x63, 0x68, 0x6e, 0x6f, 0x72, 0x6d, 0x2f,
  0x6d, 0x75, 0x6c, 0x5f, 0x31, 0x00, 0x00, 0x00, 0x04, 0x00, 0x00, 0x00,
  0x01, 0x00, 0x00, 0x00, 0x0f, 0x00, 0x00, 0x00, 0x01, 0x00, 0x00, 0x00,
  0x10, 0x00, 0x00, 0x00, 0xca, 0xd8, 0xff, 0xff, 0x00, 0x00, 0x00, 0x01,
  0x14, 0x00, 0x00, 0x00, 0x34, 0x00, 0x00, 0x00, 0x2c, 0x00, 0x00, 0x00,
  0x00, 0x00, 0x00, 0x09, 0xc4, 0x00, 0x00, 0x00, 0xb4, 0xd8, 0xff, 0xff,
  0x08, 0x00, 0x00, 0x00, 0x14, 0x00, 0x00, 0x00, 0x01, 0x00, 0x00, 0x00,
  0x80, 0xff, 0xff, 0xff, 0xff, 0xff, 0xff, 0xff, 0x00, 0x00, 0x00, 0x00,
  0x01, 0x00, 0x00, 0x00, 0x6a, 0x02, 0x9e, 0x3c, 0x95, 0x00, 0x00, 0x00,
  0x73, 0x65, 0x71, 0x75, 0x65, 0x6e, 0x74, 0x69, 0x61, 0x6c, 0x5f, 0x36,
  0x37, 0x5f, 0x31, 0x2f, 0x63, 0x6f, 0x6e, 0x76, 0x32, 0x64, 0x5f, 0x33,
  0x31, 0x36, 0x5f, 0x31, 0x2f, 0x52, 0x65, 0x6c, 0x75, 0x3b, 0x73, 0x65,
  0x71, 0x75, 0x65, 0x6e, 0x74, 0x69, 0x61, 0x6c, 0x5f, 0x36, 0x37, 0x5f,
  0x31, 0x2f, 0x63, 0x6f, 0x6e, 0x76, 0x32, 0x64, 0x5f, 0x33, 0x31, 0x36,
  0x5f, 0x31, 0x2f, 0x42, 0x69, 0x61, 0x73, 0x41, 0x64, 0x64, 0x3b, 0x73,
  0x65, 0x71, 0x75, 0x65, 0x6e, 0x74, 0x69, 0x61, 0x6c, 0x5f, 0x36, 0x37,
  0x5f, 0x31, 0x2f, 0x63, 0x6f, 0x6e, 0x76, 0x32, 0x64, 0x5f, 0x33, 0x31,
  0x36, 0x5f, 0x31, 0x2f, 0x63, 0x6f, 0x6e, 0x76, 0x6f, 0x6c, 0x75, 0x74,
  0x69, 0x6f, 0x6e, 0x3b, 0x73, 0x65, 0x71, 0x75, 0x65, 0x6e, 0x74, 0x69,
  0x61, 0x6c, 0x5f, 0x36, 0x37, 0x5f, 0x31, 0x2f, 0x63, 0x6f, 0x6e, 0x76,
  0x32, 0x64, 0x5f, 0x33, 0x31, 0x36, 0x5f, 0x31, 0x2f, 0x53, 0x71, 0x75,
  0x65, 0x65, 0x7a, 0x65, 0x31, 0x00, 0x00, 0x00, 0x04, 0x00, 0x00, 0x00,
  0x01, 0x00, 0x00, 0x00, 0x0f, 0x00, 0x00, 0x00, 0x01, 0x00, 0x00, 0x00,
  0x10, 0x00, 0x00, 0x00, 0xba, 0xd9, 0xff, 0xff, 0x00, 0x00, 0x00, 0x01,
  0x14, 0x00, 0x00, 0x00, 0x30, 0x00, 0x00, 0x00, 0x2b, 0x00, 0x00, 0x00,
  0x00, 0x00, 0x00, 0x09, 0x64, 0x00, 0x00, 0x00, 0xa4, 0xd9, 0xff, 0xff,
  0x08, 0x00, 0x00, 0x00, 0x10, 0x00, 0x00, 0x00, 0x01, 0x00, 0x00, 0x00,
  0xb8, 0xff, 0xff, 0xff, 0xff, 0xff, 0xff, 0xff, 0x01, 0x00, 0x00, 0x00,
  0x19, 0x65, 0x67, 0x3c, 0x39, 0x00, 0x00, 0x00, 0x73, 0x65, 0x71, 0x75,
  0x65, 0x6e, 0x74, 0x69, 0x61, 0x6c, 0x5f, 0x36, 0x37, 0x5f, 0x31, 0x2f,
  0x62, 0x61, 0x74, 0x63, 0x68, 0x5f, 0x6e, 0x6f, 0x72, 0x6d, 0x61, 0x6c,
  0x69, 0x7a, 0x61, 0x74, 0x69, 0x6f, 0x6e, 0x5f, 0x31, 0x35, 0x33, 0x5f,
  0x31, 0x2f, 0x62, 0x61, 0x74, 0x63, 0x68, 0x6e, 0x6f, 0x72, 0x6d, 0x2f,
  0x61, 0x64, 0x64, 0x5f, 0x31, 0x00, 0x00, 0x00, 0x04, 0x00, 0x00, 0x00,
  0x01, 0x00, 0x00, 0x00, 0x0f, 0x00, 0x00, 0x00, 0x01, 0x00, 0x00, 0x00,
  0x10, 0x00, 0x00, 0x00, 0x4a, 0xda, 0xff, 0xff, 0x00, 0x00, 0x00, 0x01,
  0x14, 0x00, 0x00, 0x00, 0x30, 0x00, 0x00, 0x00, 0x2a, 0x00, 0x00, 0x00,
  0x00, 0x00, 0x00, 0x09, 0x64, 0x00, 0x00, 0x00, 0x34, 0xda, 0xff, 0xff,
  0x08, 0x00, 0x00, 0x00, 0x10, 0x00, 0x00, 0x00, 0x01, 0x00, 0x00, 0x00,
  0xb0, 0xff, 0xff, 0xff, 0xff, 0xff, 0xff, 0xff, 0x01, 0x00, 0x00, 0x00,
  0x1c, 0x9a, 0x86, 0x3c, 0x39, 0x00, 0x00, 0x00, 0x73, 0x65, 0x71, 0x75,
  0x65, 0x6e, 0x74, 0x69, 0x61, 0x6c, 0x5f, 0x36, 0x37, 0x5f, 0x31, 0x2f,
  0x62, 0x61, 0x74, 0x63, 0x68, 0x5f, 0x6e, 0x6f, 0x72, 0x6d, 0x61, 0x6c,
  0x69, 0x7a, 0x61, 0x74, 0x69, 0x6f, 0x6e, 0x5f, 0x31, 0x35, 0x33, 0x5f,
  0x31, 0x2f, 0x62, 0x61, 0x74, 0x63, 0x68, 0x6e, 0x6f, 0x72, 0x6d, 0x2f,
  0x6d, 0x75, 0x6c, 0x5f, 0x31, 0x00, 0x00, 0x00, 0x04, 0x00, 0x00, 0x00,
  0x01, 0x00, 0x00, 0x00, 0x0f, 0x00, 0x00, 0x00, 0x01, 0x00, 0x00, 0x00,
  0x10, 0x00, 0x00, 0x00, 0xda, 0xda, 0xff, 0xff, 0x00, 0x00, 0x00, 0x01,
  0x14, 0x00, 0x00, 0x00, 0x34, 0x00, 0x00, 0x00, 0x29, 0x00, 0x00, 0x00,
  0x00, 0x00, 0x00, 0x09, 0xc4, 0x00, 0x00, 0x00, 0xc4, 0xda, 0xff, 0xff,
  0x08, 0x00, 0x00, 0x00, 0x14, 0x00, 0x00, 0x00, 0x01, 0x00, 0x00, 0x00,
  0x80, 0xff, 0xff, 0xff, 0xff, 0xff, 0xff, 0xff, 0x00, 0x00, 0x00, 0x00,
  0x01, 0x00, 0x00, 0x00, 0xd8, 0xb0, 0xd4, 0x3e, 0x95, 0x00, 0x00, 0x00,
  0x73, 0x65, 0x71, 0x75, 0x65, 0x6e, 0x74, 0x69, 0x61, 0x6c, 0x5f, 0x36,
  0x37, 0x5f, 0x31, 0x2f, 0x63, 0x6f, 0x6e, 0x76, 0x32, 0x64, 0x5f, 0x33,
  0x31, 0x35, 0x5f, 0x31, 0x2f, 0x52, 0x65, 0x6c, 0x75, 0x3b, 0x73, 0x65,
  0x71, 0x75, 0x65, 0x6e, 0x74, 0x69, 0x61, 0x6c, 0x5f, 0x36, 0x37, 0x5f,
  0x31, 0x2f, 0x63, 0x6f, 0x6e, 0x76, 0x32, 0x64, 0x5f, 0x33, 0x31, 0x35,
  0x5f, 0x31, 0x2f, 0x42, 0x69, 0x61, 0x73, 0x41, 0x64, 0x64, 0x3b, 0x73,
  0x65, 0x71, 0x75, 0x65, 0x6e, 0x74, 0x69, 0x61, 0x6c, 0x5f, 0x36, 0x37,
  0x5f, 0x31, 0x2f, 0x63, 0x6f, 0x6e, 0x76, 0x32, 0x64, 0x5f, 0x33, 0x31,
  0x35, 0x5f, 0x31, 0x2f, 0x63, 0x6f, 0x6e, 0x76, 0x6f, 0x6c, 0x75, 0x74,
  0x69, 0x6f, 0x6e, 0x3b, 0x73, 0x65, 0x71, 0x75, 0x65, 0x6e, 0x74, 0x69,
  0x61, 0x6c, 0x5f, 0x36, 0x37, 0x5f, 0x31, 0x2f, 0x63, 0x6f, 0x6e, 0x76,
  0x32, 0x64, 0x5f, 0x33, 0x31, 0x35, 0x5f, 0x31, 0x2f, 0x53, 0x71, 0x75,
  0x65, 0x65, 0x7a, 0x65, 0x31, 0x00, 0x00, 0x00, 0x04, 0x00, 0x00, 0x00,
  0x01, 0x00, 0x00, 0x00, 0x0f, 0x00, 0x00, 0x00, 0x01, 0x00, 0x00, 0x00,
  0x10, 0x00, 0x00, 0x00, 0xca, 0xdb, 0xff, 0xff, 0x00, 0x00, 0x00, 0x01,
  0x14, 0x00, 0x00, 0x00, 0xe8, 0x00, 0x00, 0x00, 0x28, 0x00, 0x00, 0x00,
  0x00, 0x00, 0x00, 0x09, 0x0c, 0x01, 0x00, 0x00, 0xb4, 0xdb, 0xff, 0xff,
  0x08, 0x00, 0x00, 0x00, 0x8c, 0x00, 0x00, 0x00, 0x10, 0x00, 0x00, 0x00,
  0x00, 0x00, 0x00, 0x00, 0x00, 0x00, 0x00, 0x00, 0x00, 0x00, 0x00, 0x00,
  0x00, 0x00, 0x00, 0x00, 0x00, 0x00, 0x00, 0x00, 0x00, 0x00, 0x00, 0x00,
  0x00, 0x00, 0x00, 0x00, 0x00, 0x00, 0x00, 0x00, 0x00, 0x00, 0x00, 0x00,
  0x00, 0x00, 0x00, 0x00, 0x00, 0x00, 0x00, 0x00, 0x00, 0x00, 0x00, 0x00,
  0x00, 0x00, 0x00, 0x00, 0x00, 0x00, 0x00, 0x00, 0x00, 0x00, 0x00, 0x00,
  0x00, 0x00, 0x00, 0x00, 0x00, 0x00, 0x00, 0x00, 0x00, 0x00, 0x00, 0x00,
  0x00, 0x00, 0x00, 0x00, 0x00, 0x00, 0x00, 0x00, 0x00, 0x00, 0x00, 0x00,
  0x00, 0x00, 0x00, 0x00, 0x00, 0x00, 0x00, 0x00, 0x00, 0x00, 0x00, 0x00,
  0x00, 0x00, 0x00, 0x00, 0x00, 0x00, 0x00, 0x00, 0x00, 0x00, 0x00, 0x00,
  0x00, 0x00, 0x00, 0x00, 0x00, 0x00, 0x00, 0x00, 0x00, 0x00, 0x00, 0x00,
  0x00, 0x00, 0x00, 0x00, 0x00, 0x00, 0x00, 0x00, 0x00, 0x00, 0x00, 0x00,
  0x10, 0x00, 0x00, 0x00, 0x6b, 0x00, 0x10, 0x3b, 0xb4, 0xa9, 0x13, 0x3b,
  0x02, 0x97, 0x08, 0x3b, 0xa6, 0x34, 0x14, 0x3b, 0xbf, 0x2f, 0x11, 0x3b,
  0xf2, 0x69, 0x10, 0x3b, 0x7c, 0x3a, 0x05, 0x3b, 0x65, 0x2a, 0x15, 0x3b,
  0x57, 0x64, 0x0f, 0x3b, 0x87, 0x02, 0x0a, 0x3b, 0x3e, 0x99, 0x00, 0x3b,
  0x4e, 0x8b, 0x0b, 0x3b, 0xfb, 0x1c, 0x17, 0x3b, 0x41, 0x02, 0x16, 0x3b,
  0x10, 0x2c, 0x08, 0x3b, 0xe4, 0x05, 0x08, 0x3b, 0x28, 0x00, 0x00, 0x00,
  0x73, 0x65, 0x71, 0x75, 0x65, 0x6e, 0x74, 0x69, 0x61, 0x6c, 0x5f, 0x36,
  0x37, 0x5f, 0x31, 0x2f, 0x63, 0x6f, 0x6e, 0x76, 0x32, 0x64, 0x5f, 0x33,
  0x31, 0x35, 0x5f, 0x31, 0x2f, 0x63, 0x6f, 0x6e, 0x76, 0x6f, 0x6c, 0x75,
  0x74, 0x69, 0x6f, 0x6e, 0x00, 0x00, 0x00, 0x00, 0x04, 0x00, 0x00, 0x00,
  0x10, 0x00, 0x00, 0x00, 0x03, 0x00, 0x00, 0x00, 0x01, 0x00, 0x00, 0x00,
  0x09, 0x00, 0x00, 0x00, 0x02, 0xdd, 0xff, 0xff, 0x00, 0x00, 0x00, 0x01,
  0x14, 0x00, 0x00, 0x00, 0xe8, 0x00, 0x00, 0x00, 0x27, 0x00, 0x00, 0x00,
  0x00, 0x00, 0x00, 0x02, 0x78, 0x01, 0x00, 0x00, 0xec, 0xdc, 0xff, 0xff,
  0x08, 0x00, 0x00, 0x00, 0x8c, 0x00, 0x00, 0x00, 0x10, 0x00, 0x00, 0x00,
  0x00, 0x00, 0x00, 0x00, 0x00, 0x00, 0x00, 0x00, 0x00, 0x00, 0x00, 0x00,
  0x00, 0x00, 0x00, 0x00, 0x00, 0x00, 0x00, 0x00, 0x00, 0x00, 0x00, 0x00,
  0x00, 0x00, 0x00, 0x00, 0x00, 0x00, 0x00, 0x00, 0x00, 0x00, 0x00, 0x00,
  0x00, 0x00, 0x00, 0x00, 0x00, 0x00, 0x00, 0x00, 0x00, 0x00, 0x00, 0x00,
  0x00, 0x00, 0x00, 0x00, 0x00, 0x00, 0x00, 0x00, 0x00, 0x00, 0x00, 0x00,
  0x00, 0x00, 0x00, 0x00, 0x00, 0x00, 0x00, 0x00, 0x00, 0x00, 0x00, 0x00,
  0x00, 0x00, 0x00, 0x00, 0x00, 0x00, 0x00, 0x00, 0x00, 0x00, 0x00, 0x00,
  0x00, 0x00, 0x00, 0x00, 0x00, 0x00, 0x00, 0x00, 0x00, 0x00, 0x00, 0x00,
  0x00, 0x00, 0x00, 0x00, 0x00, 0x00, 0x00, 0x00, 0x00, 0x00, 0x00, 0x00,
  0x00, 0x00, 0x00, 0x00, 0x00, 0x00, 0x00, 0x00, 0x00, 0x00, 0x00, 0x00,
  0x00, 0x00, 0x00, 0x00, 0x00, 0x00, 0x00, 0x00, 0x00, 0x00, 0x00, 0x00,
  0x10, 0x00, 0x00, 0x00, 0x10, 0x20, 0x8a, 0x3b, 0x19, 0xa3, 0x8d, 0x3b,
  0x14, 0x04, 0x83, 0x3b, 0x5f, 0x28, 0x8e, 0x3b, 0x03, 0x43, 0x8b, 0x3b,
  0x48, 0x85, 0x8a, 0x3b, 0x58, 0x95, 0x7f, 0x3b, 0x17, 0x14, 0x8f, 0x3b,
  0x5a, 0x8a, 0x89, 0x3b, 0xc4, 0x60, 0x84, 0x3b, 0x98, 0xb3, 0x76, 0x3b,
  0x83, 0xd9, 0x85, 0x3b, 0x54, 0xf2, 0x90, 0x3b, 0x24, 0xe3, 0x8f, 0x3b,
  0x80, 0x9d, 0x82, 0x3b, 0xe2, 0x78, 0x82, 0x3b, 0x94, 0x00, 0x00, 0x00,
  0x73, 0x65, 0x71, 0x75, 0x65, 0x6e, 0x74, 0x69, 0x61, 0x6c, 0x5f, 0x36,
  0x37, 0x5f, 0x31, 0x2f, 0x63, 0x6f, 0x6e, 0x76, 0x32, 0x64, 0x5f, 0x33,
  0x31, 0x35, 0x5f, 0x31, 0x2f, 0x52, 0x65, 0x6c, 0x75, 0x3b, 0x73, 0x65,
  0x71, 0x75, 0x65, 0x6e, 0x74, 0x69, 0x61, 0x6c, 0x5f, 0x36, 0x37, 0x5f,
  0x31, 0x2f, 0x63, 0x6f, 0x6e, 0x76, 0x32, 0x64, 0x5f, 0x33, 0x31, 0x35,
  0x5f, 0x31, 0x2f, 0x42, 0x69, 0x61, 0x73, 0x41, 0x64, 0x64, 0x3b, 0x73,
  0x65, 0x71, 0x75, 0x65, 0x6e, 0x74, 0x69, 0x61, 0x6c, 0x5f, 0x36, 0x37,
  0x5f, 0x31, 0x2f, 0x63, 0x6f, 0x6e, 0x76, 0x32, 0x64, 0x5f, 0x33, 0x31,
  0x35, 0x5f, 0x31, 0x2f, 0x63, 0x6f, 0x6e, 0x76, 0x6f, 0x6c, 0x75, 0x74,
  0x69, 0x6f, 0x6e, 0x3b, 0x73, 0x65, 0x71, 0x75, 0x65, 0x6e, 0x74, 0x69,
  0x61, 0x6c, 0x5f, 0x36, 0x37, 0x5f, 0x31, 0x2f, 0x63, 0x6f, 0x6e, 0x76,
  0x32, 0x64, 0x5f, 0x33, 0x31, 0x35, 0x5f, 0x31, 0x2f, 0x53, 0x71, 0x75,
  0x65, 0x65, 0x7a, 0x65, 0x00, 0x00, 0x00, 0x00, 0x01, 0x00, 0x00, 0x00,
  0x10, 0x00, 0x00, 0x00, 0x9a, 0xde, 0xff, 0xff, 0x00, 0x00, 0x00, 0x01,
  0x14, 0x00, 0x00, 0x00, 0x30, 0x00, 0x00, 0x00, 0x26, 0x00, 0x00, 0x00,
  0x00, 0x00, 0x00, 0x09, 0x60, 0x00, 0x00, 0x00, 0x84, 0xde, 0xff, 0xff,
  0x08, 0x00, 0x00, 0x00, 0x10, 0x00, 0x00, 0x00, 0x01, 0x00, 0x00, 0x00,
  0x80, 0xff, 0xff, 0xff, 0xff, 0xff, 0xff, 0xff, 0x01, 0x00, 0x00, 0x00,
  0xbe, 0xc7, 0x83, 0x39, 0x37, 0x00, 0x00, 0x00, 0x73, 0x65, 0x71, 0x75,
  0x65, 0x6e, 0x74, 0x69, 0x61, 0x6c, 0x5f, 0x36, 0x37, 0x5f, 0x31, 0x2f,
  0x62, 0x61, 0x74, 0x63, 0x68, 0x5f, 0x6e, 0x6f, 0x72, 0x6d, 0x61, 0x6c,
  0x69, 0x7a, 0x61, 0x74, 0x69, 0x6f, 0x6e, 0x5f, 0x31, 0x35, 0x33, 0x5f,
  0x31, 0x2f, 0x62, 0x61, 0x74, 0x63, 0x68, 0x6e, 0x6f, 0x72, 0x6d, 0x2f,
  0x6d, 0x75, 0x6c, 0x00, 0x01, 0x00, 0x00, 0x00, 0x10, 0x00, 0x00, 0x00,
  0x1a, 0xdf, 0xff, 0xff, 0x00, 0x00, 0x00, 0x01, 0x14, 0x00, 0x00, 0x00,
  0x30, 0x00, 0x00, 0x00, 0x25, 0x00, 0x00, 0x00, 0x00, 0x00, 0x00, 0x09,
  0x60, 0x00, 0x00, 0x00, 0x04, 0xdf, 0xff, 0xff, 0x08, 0x00, 0x00, 0x00,
  0x10, 0x00, 0x00, 0x00, 0x01, 0x00, 0x00, 0x00, 0x7f, 0x00, 0x00, 0x00,
  0x00, 0x00, 0x00, 0x00, 0x01, 0x00, 0x00, 0x00, 0x1a, 0x56, 0x4c, 0x3b,
  0x37, 0x00, 0x00, 0x00, 0x73, 0x65, 0x71, 0x75, 0x65, 0x6e, 0x74, 0x69,
  0x61, 0x6c, 0x5f, 0x36, 0x37, 0x5f, 0x31, 0x2f, 0x62, 0x61, 0x74, 0x63,
  0x68, 0x5f, 0x6e, 0x6f, 0x72, 0x6d, 0x61, 0x6c, 0x69, 0x7a, 0x61, 0x74,
  0x69, 0x6f, 0x6e, 0x5f, 0x31, 0x35, 0x33, 0x5f, 0x31, 0x2f, 0x62, 0x61,
  0x74, 0x63, 0x68, 0x6e, 0x6f, 0x72, 0x6d, 0x2f, 0x73, 0x75, 0x62, 0x00,
  0x01, 0x00, 0x00, 0x00, 0x10, 0x00, 0x00, 0x00, 0x9a, 0xdf, 0xff, 0xff,
  0x00, 0x00, 0x00, 0x01, 0x14, 0x00, 0x00, 0x00, 0xe8, 0x00, 0x00, 0x00,
  0x24, 0x00, 0x00, 0x00, 0x00, 0x00, 0x00, 0x09, 0x0c, 0x01, 0x00, 0x00,
  0x84, 0xdf, 0xff, 0xff, 0x08, 0x00, 0x00, 0x00, 0x8c, 0x00, 0x00, 0x00,
  0x10, 0x00, 0x00, 0x00, 0x00, 0x00, 0x00, 0x00, 0x00, 0x00, 0x00, 0x00,
  0x00, 0x00, 0x00, 0x00, 0x00, 0x00, 0x00, 0x00, 0x00, 0x00, 0x00, 0x00,
  0x00, 0x00, 0x00, 0x00, 0x00, 0x00, 0x00, 0x00, 0x00, 0x00, 0x00, 0x00,
  0x00, 0x00, 0x00, 0x00, 0x00, 0x00, 0x00, 0x00, 0x00, 0x00, 0x00, 0x00,
  0x00, 0x00, 0x00, 0x00, 0x00, 0x00, 0x00, 0x00, 0x00, 0x00, 0x00, 0x00,
  0x00, 0x00, 0x00, 0x00, 0x00, 0x00, 0x00, 0x00, 0x00, 0x00, 0x00, 0x00,
  0x00, 0x00, 0x00, 0x00, 0x00, 0x00, 0x00, 0x00, 0x00, 0x00, 0x00, 0x00,
  0x00, 0x00, 0x00, 0x00, 0x00, 0x00, 0x00, 0x00, 0x00, 0x00, 0x00, 0x00,
  0x00, 0x00, 0x00, 0x00, 0x00, 0x00, 0x00, 0x00, 0x00, 0x00, 0x00, 0x00,
  0x00, 0x00, 0x00, 0x00, 0x00, 0x00, 0x00, 0x00, 0x00, 0x00, 0x00, 0x00,
  0x00, 0x00, 0x00, 0x00, 0x00, 0x00, 0x00, 0x00, 0x00, 0x00, 0x00, 0x00,
  0x00, 0x00, 0x00, 0x00, 0x10, 0x00, 0x00, 0x00, 0xb4, 0xdf, 0x08, 0x3b,
  0x69, 0xcf, 0x07, 0x3b, 0x29, 0x18, 0x02, 0x3b, 0x7f, 0xfd, 0xfc, 0x3a,
  0xaa, 0xc8, 0xf8, 0x3a, 0xe5, 0x34, 0xf9, 0x3a, 0xbc, 0xa7, 0x04, 0x3b,
  0xd7, 0xb1, 0xff, 0x3a, 0xa3, 0x22, 0x02, 0x3b, 0x38, 0xc5, 0x02, 0x3b,
  0x7a, 0xa3, 0x02, 0x3b, 0xfe, 0xe6, 0xfd, 0x3a, 0xe6, 0x14, 0x00, 0x3b,
  0x06, 0x4b, 0x06, 0x3b, 0xb0, 0x05, 0xec, 0x3a, 0xc7, 0x01, 0xf9, 0x3a,
  0x28, 0x00, 0x00, 0x00, 0x73, 0x65, 0x71, 0x75, 0x65, 0x6e, 0x74, 0x69,
  0x61, 0x6c, 0x5f, 0x36, 0x37, 0x5f, 0x31, 0x2f, 0x63, 0x6f, 0x6e, 0x76,
  0x32, 0x64, 0x5f, 0x33, 0x31, 0x36, 0x5f, 0x31, 0x2f, 0x63, 0x6f, 0x6e,
  0x76, 0x6f, 0x6c, 0x75, 0x74, 0x69, 0x6f, 0x6e, 0x00, 0x00, 0x00, 0x00,
  0x04, 0x00, 0x00, 0x00, 0x10, 0x00, 0x00, 0x00, 0x03, 0x00, 0x00, 0x00,
  0x01, 0x00, 0x00, 0x00, 0x10, 0x00, 0x00, 0x00, 0xd2, 0xe0, 0xff, 0xff,
  0x00, 0x00, 0x00, 0x01, 0x14, 0x00, 0x00, 0x00, 0xe8, 0x00, 0x00, 0x00,
  0x23, 0x00, 0x00, 0x00, 0x00, 0x00, 0x00, 0x02, 0x78, 0x01, 0x00, 0x00,
  0xbc, 0xe0, 0xff, 0xff, 0x08, 0x00, 0x00, 0x00, 0x8c, 0x00, 0x00, 0x00,
  0x10, 0x00, 0x00, 0x00, 0x00, 0x00, 0x00, 0x00, 0x00, 0x00, 0x00, 0x00,
  0x00, 0x00, 0x00, 0x00, 0x00, 0x00, 0x00, 0x00, 0x00, 0x00, 0x00, 0x00,
  0x00, 0x00, 0x00, 0x00, 0x00, 0x00, 0x00, 0x00, 0x00, 0x00, 0x00, 0x00,
  0x00, 0x00, 0x00, 0x00, 0x00, 0x00, 0x00, 0x00, 0x00, 0x00, 0x00, 0x00,
  0x00, 0x00, 0x00, 0x00, 0x00, 0x00, 0x00, 0x00, 0x00, 0x00, 0x00, 0x00,
  0x00, 0x00, 0x00, 0x00, 0x00, 0x00, 0x00, 0x00, 0x00, 0x00, 0x00, 0x00,
  0x00, 0x00, 0x00, 0x00, 0x00, 0x00, 0x00, 0x00, 0x00, 0x00, 0x00, 0x00,
  0x00, 0x00, 0x00, 0x00, 0x00, 0x00, 0x00, 0x00, 0x00, 0x00, 0x00, 0x00,
  0x00, 0x00, 0x00, 0x00, 0x00, 0x00, 0x00, 0x00, 0x00, 0x00, 0x00, 0x00,
  0x00, 0x00, 0x00, 0x00, 0x00, 0x00, 0x00, 0x00, 0x00, 0x00, 0x00, 0x00,
  0x00, 0x00, 0x00, 0x00, 0x00, 0x00, 0x00, 0x00, 0x00, 0x00, 0x00, 0x00,
  0x00, 0x00, 0x00, 0x00, 0x10, 0x00, 0x00, 0x00, 0xd2, 0x6f, 0xf7, 0x37,
  0x94, 0x83, 0xf5, 0x37, 0x5a, 0x2e, 0xeb, 0x37, 0xa6, 0xac, 0xe4, 0x37,
  0x51, 0xdf, 0xe0, 0x37, 0x25, 0x41, 0xe1, 0x37, 0x7c, 0xcf, 0xef, 0x37,
  0x73, 0x1e, 0xe7, 0x37, 0x4b, 0x41, 0xeb, 0x37, 0x34, 0x67, 0xec, 0x37,
  0x35, 0x2a, 0xec, 0x37, 0xb4, 0x7f, 0xe5, 0x37, 0xe1, 0x8a, 0xe7, 0x37,
  0x76, 0xc5, 0xf2, 0x37, 0x57, 0x56, 0xd5, 0x37, 0xf1, 0x12, 0xe1, 0x37,
  0x94, 0x00, 0x00, 0x00, 0x73, 0x65, 0x71, 0x75, 0x65, 0x6e, 0x74, 0x69,
  0x61, 0x6c, 0x5f, 0x36, 0x37, 0x5f, 0x31, 0x2f, 0x63, 0x6f, 0x6e, 0x76,
  0x32, 0x64, 0x5f, 0x33, 0x31, 0x36, 0x5f, 0x31, 0x2f, 0x52, 0x65, 0x6c,
  0x75, 0x3b, 0x73, 0x65, 0x71, 0x75, 0x65, 0x6e, 0x74, 0x69, 0x61, 0x6c,
  0x5f, 0x36, 0x37, 0x5f, 0x31, 0x2f, 0x63, 0x6f, 0x6e, 0x76, 0x32, 0x64,
  0x5f, 0x33, 0x31, 0x36, 0x5f, 0x31, 0x2f, 0x42, 0x69, 0x61, 0x73, 0x41,
  0x64, 0x64, 0x3b, 0x73, 0x65, 0x71, 0x75, 0x65, 0x6e, 0x74, 0x69, 0x61,
  0x6c, 0x5f, 0x36, 0x37, 0x5f, 0x31, 0x2f, 0x63, 0x6f, 0x6e, 0x76, 0x32,
  0x64, 0x5f, 0x33, 0x31, 0x36, 0x5f, 0x31, 0x2f, 0x63, 0x6f, 0x6e, 0x76,
  0x6f, 0x6c, 0x75, 0x74, 0x69, 0x6f, 0x6e, 0x3b, 0x73, 0x65, 0x71, 0x75,
  0x65, 0x6e, 0x74, 0x69, 0x61, 0x6c, 0x5f, 0x36, 0x37, 0x5f, 0x31, 0x2f,
  0x63, 0x6f, 0x6e, 0x76, 0x32, 0x64, 0x5f, 0x33, 0x31, 0x36, 0x5f, 0x31,
  0x2f, 0x53, 0x71, 0x75, 0x65, 0x65, 0x7a, 0x65, 0x00, 0x00, 0x00, 0x00,
  0x01, 0x00, 0x00, 0x00, 0x10, 0x00, 0x00, 0x00, 0x6a, 0xe2, 0xff, 0xff,
  0x00, 0x00, 0x00, 0x01, 0x14, 0x00, 0x00, 0x00, 0x30, 0x00, 0x00, 0x00,
  0x22, 0x00, 0x00, 0x00, 0x00, 0x00, 0x00, 0x09, 0x60, 0x00, 0x00, 0x00,
  0x54, 0xe2, 0xff, 0xff, 0x08, 0x00, 0x00, 0x00, 0x10, 0x00, 0x00, 0x00,
  0x01, 0x00, 0x00, 0x00, 0x80, 0xff, 0xff, 0xff, 0xff, 0xff, 0xff, 0xff,
  0x01, 0x00, 0x00, 0x00, 0x52, 0xb4, 0x3f, 0x3c, 0x37, 0x00, 0x00, 0x00,
  0x73, 0x65, 0x71, 0x75, 0x65, 0x6e, 0x74, 0x69, 0x61, 0x6c, 0x5f, 0x36,
  0x37, 0x5f, 0x31, 0x2f, 0x62, 0x61, 0x74, 0x63, 0x68, 0x5f, 0x6e, 0x6f,
  0x72, 0x6d, 0x61, 0x6c, 0x69, 0x7a, 0x61, 0x74, 0x69, 0x6f, 0x6e, 0x5f,
  0x31, 0x35, 0x34, 0x5f, 0x31, 0x2f, 0x62, 0x61, 0x74, 0x63, 0x68, 0x6e,
  0x6f, 0x72, 0x6d, 0x2f, 0x6d, 0x75, 0x6c, 0x00, 0x01, 0x00, 0x00, 0x00,
  0x10, 0x00, 0x00, 0x00, 0xea, 0xe2, 0xff, 0xff, 0x00, 0x00, 0x00, 0x01,
  0x14, 0x00, 0x00, 0x00, 0x30, 0x00, 0x00, 0x00, 0x21, 0x00, 0x00, 0x00,
  0x00, 0x00, 0x00, 0x09, 0x60, 0x00, 0x00, 0x00, 0xd4, 0xe2, 0xff, 0xff,
  0x08, 0x00, 0x00, 0x00, 0x10, 0x00, 0x00, 0x00, 0x01, 0x00, 0x00, 0x00,
  0x7f, 0x00, 0x00, 0x00, 0x00, 0x00, 0x00, 0x00, 0x01, 0x00, 0x00, 0x00,
  0xf1, 0xc2, 0x67, 0x3b, 0x37, 0x00, 0x00, 0x00, 0x73, 0x65, 0x71, 0x75,
  0x65, 0x6e, 0x74, 0x69, 0x61, 0x6c, 0x5f, 0x36, 0x37, 0x5f, 0x31, 0x2f,
  0x62, 0x61, 0x74, 0x63, 0x68, 0x5f, 0x6e, 0x6f, 0x72, 0x6d, 0x61, 0x6c,
  0x69, 0x7a, 0x61, 0x74, 0x69, 0x6f, 0x6e, 0x5f, 0x31, 0x35, 0x34, 0x5f,
  0x31, 0x2f, 0x62, 0x61, 0x74, 0x63, 0x68, 0x6e, 0x6f, 0x72, 0x6d, 0x2f,
  0x73, 0x75, 0x62, 0x00, 0x01, 0x00, 0x00, 0x00, 0x10, 0x00, 0x00, 0x00,
  0x6a, 0xe3, 0xff, 0xff, 0x00, 0x00, 0x00, 0x01, 0x14, 0x00, 0x00, 0x00,
  0xe8, 0x00, 0x00, 0x00, 0x20, 0x00, 0x00, 0x00, 0x00, 0x00, 0x00, 0x09,
  0x0c, 0x01, 0x00, 0x00, 0x54, 0xe3, 0xff, 0xff, 0x08, 0x00, 0x00, 0x00,
  0x8c, 0x00, 0x00, 0x00, 0x10, 0x00, 0x00, 0x00, 0x00, 0x00, 0x00, 0x00,
  0x00, 0x00, 0x00, 0x00, 0x00, 0x00, 0x00, 0x00, 0x00, 0x00, 0x00, 0x00,
  0x00, 0x00, 0x00, 0x00, 0x00, 0x00, 0x00, 0x00, 0x00, 0x00, 0x00, 0x00,
  0x00, 0x00, 0x00, 0x00, 0x00, 0x00, 0x00, 0x00, 0x00, 0x00, 0x00, 0x00,
  0x00, 0x00, 0x00, 0x00, 0x00, 0x00, 0x00, 0x00, 0x00, 0x00, 0x00, 0x00,
  0x00, 0x00, 0x00, 0x00, 0x00, 0x00, 0x00, 0x00, 0x00, 0x00, 0x00, 0x00,
  0x00, 0x00, 0x00, 0x00, 0x00, 0x00, 0x00, 0x00, 0x00, 0x00, 0x00, 0x00,
  0x00, 0x00, 0x00, 0x00, 0x00, 0x00, 0x00, 0x00, 0x00, 0x00, 0x00, 0x00,
  0x00, 0x00, 0x00, 0x00, 0x00, 0x00, 0x00, 0x00, 0x00, 0x00, 0x00, 0x00,
  0x00, 0x00, 0x00, 0x00, 0x00, 0x00, 0x00, 0x00, 0x00, 0x00, 0x00, 0x00,
  0x00, 0x00, 0x00, 0x00, 0x00, 0x00, 0x00, 0x00, 0x00, 0x00, 0x00, 0x00,
  0x00, 0x00, 0x00, 0x00, 0x00, 0x00, 0x00, 0x00, 0x10, 0x00, 0x00, 0x00,
  0x79, 0x6c, 0xfc, 0x3a, 0xae, 0x36, 0xed, 0x3a, 0x2d, 0x26, 0xfd, 0x3a,
  0x04, 0x40, 0x08, 0x3b, 0xf4, 0x70, 0x00, 0x3b, 0xd8, 0xb4, 0xfe, 0x3a,
  0xb2, 0xff, 0xf8, 0x3a, 0xee, 0xfe, 0x03, 0x3b, 0xb9, 0xad, 0xfd, 0x3a,
  0xe9, 0xb6, 0x05, 0x3b, 0x19, 0x74, 0x07, 0x3b, 0xcf, 0x80, 0xf8, 0x3a,
  0x61, 0x85, 0x07, 0x3b, 0x47, 0xd2, 0x0a, 0x3b, 0xd7, 0x81, 0x06, 0x3b,
  0x56, 0x67, 0x05, 0x3b, 0x28, 0x00, 0x00, 0x00, 0x73, 0x65, 0x71, 0x75,
  0x65, 0x6e, 0x74, 0x69, 0x61, 0x6c, 0x5f, 0x36, 0x37, 0x5f, 0x31, 0x2f,
  0x63, 0x6f, 0x6e, 0x76, 0x32, 0x64, 0x5f, 0x33, 0x31, 0x37, 0x5f, 0x31,
  0x2f, 0x63, 0x6f, 0x6e, 0x76, 0x6f, 0x6c, 0x75, 0x74, 0x69, 0x6f, 0x6e,
  0x00, 0x00, 0x00, 0x00, 0x04, 0x00, 0x00, 0x00, 0x10, 0x00, 0x00, 0x00,
  0x03, 0x00, 0x00, 0x00, 0x01, 0x00, 0x00, 0x00, 0x10, 0x00, 0x00, 0x00,
  0xa2, 0xe4, 0xff, 0xff, 0x00, 0x00, 0x00, 0x01, 0x14, 0x00, 0x00, 0x00,
  0xe8, 0x00, 0x00, 0x00, 0x1f, 0x00, 0x00, 0x00, 0x00, 0x00, 0x00, 0x02,
  0x78, 0x01, 0x00, 0x00, 0x8c, 0xe4, 0xff, 0xff, 0x08, 0x00, 0x00, 0x00,
  0x8c, 0x00, 0x00, 0x00, 0x10, 0x00, 0x00, 0x00, 0x00, 0x00, 0x00, 0x00,
  0x00, 0x00, 0x00, 0x00, 0x00, 0x00, 0x00, 0x00, 0x00, 0x00, 0x00, 0x00,
  0x00, 0x00, 0x00, 0x00, 0x00, 0x00, 0x00, 0x00, 0x00, 0x00, 0x00, 0x00,
  0x00, 0x00, 0x00, 0x00, 0x00, 0x00, 0x00, 0x00, 0x00, 0x00, 0x00, 0x00,
  0x00, 0x00, 0x00, 0x00, 0x00, 0x00, 0x00, 0x00, 0x00, 0x00, 0x00, 0x00,
  0x00, 0x00, 0x00, 0x00, 0x00, 0x00, 0x00, 0x00, 0x00, 0x00, 0x00, 0x00,
  0x00, 0x00, 0x00, 0x00, 0x00, 0x00, 0x00, 0x00, 0x00, 0x00, 0x00, 0x00,
  0x00, 0x00, 0x00, 0x00, 0x00, 0x00, 0x00, 0x00, 0x00, 0x00, 0x00, 0x00,
  0x00, 0x00, 0x00, 0x00, 0x00, 0x00, 0x00, 0x00, 0x00, 0x00, 0x00, 0x00,
  0x00, 0x00, 0x00, 0x00, 0x00, 0x00, 0x00, 0x00, 0x00, 0x00, 0x00, 0x00,
  0x00, 0x00, 0x00, 0x00, 0x00, 0x00, 0x00, 0x00, 0x00, 0x00, 0x00, 0x00,
  0x00, 0x00, 0x00, 0x00, 0x00, 0x00, 0x00, 0x00, 0x10, 0x00, 0x00, 0x00,
  0x0a, 0xf4, 0x22, 0x38, 0x62, 0x22, 0x19, 0x38, 0xec, 0x6b, 0x23, 0x38,
  0xe8, 0xe9, 0x2f, 0x38, 0xe6, 0xd4, 0x25, 0x38, 0x48, 0x6d, 0x24, 0x38,
  0x08, 0xbe, 0x20, 0x38, 0xc7, 0x6b, 0x2a, 0x38, 0x6d, 0xc3, 0x23, 0x38,
  0xd7, 0xa3, 0x2c, 0x38, 0xa0, 0xe2, 0x2e, 0x38, 0x1f, 0x6c, 0x20, 0x38,
  0xf0, 0xf8, 0x2e, 0x38, 0xcb, 0x3b, 0x33, 0x38, 0xd8, 0xa9, 0x2d, 0x38,
  0x1a, 0x3d, 0x2c, 0x38, 0x94, 0x00, 0x00, 0x00, 0x73, 0x65, 0x71, 0x75,
  0x65, 0x6e, 0x74, 0x69, 0x61, 0x6c, 0x5f, 0x36, 0x37, 0x5f, 0x31, 0x2f,
  0x63, 0x6f, 0x6e, 0x76, 0x32, 0x64, 0x5f, 0x33, 0x31, 0x37, 0x5f, 0x31,
  0x2f, 0x52, 0x65, 0x6c, 0x75, 0x3b, 0x73, 0x65, 0x71, 0x75, 0x65, 0x6e,
  0x74, 0x69, 0x61, 0x6c, 0x5f, 0x36, 0x37, 0x5f, 0x31, 0x2f, 0x63, 0x6f,
  0x6e, 0x76, 0x32, 0x64, 0x5f, 0x33, 0x31, 0x37, 0x5f, 0x31, 0x2f, 0x42,
  0x69, 0x61, 0x73, 0x41, 0x64, 0x64, 0x3b, 0x73, 0x65, 0x71, 0x75, 0x65,
  0x6e, 0x74, 0x69, 0x61, 0x6c, 0x5f, 0x36, 0x37, 0x5f, 0x31, 0x2f, 0x63,
  0x6f, 0x6e, 0x76, 0x32, 0x64, 0x5f, 0x33, 0x31, 0x37, 0x5f, 0x31, 0x2f,
  0x63, 0x6f, 0x6e, 0x76, 0x6f, 0x6c, 0x75, 0x74, 0x69, 0x6f, 0x6e, 0x3b,
  0x73, 0x65, 0x71, 0x75, 0x65, 0x6e, 0x74, 0x69, 0x61, 0x6c, 0x5f, 0x36,
  0x37, 0x5f, 0x31, 0x2f, 0x63, 0x6f, 0x6e, 0x76, 0x32, 0x64, 0x5f, 0x33,
  0x31, 0x37, 0x5f, 0x31, 0x2f, 0x53, 0x71, 0x75, 0x65, 0x65, 0x7a, 0x65,
  0x00, 0x00, 0x00, 0x00, 0x01, 0x00, 0x00, 0x00, 0x10, 0x00, 0x00, 0x00,
  0x3a, 0xe6, 0xff, 0xff, 0x00, 0x00, 0x00, 0x01, 0x14, 0x00, 0x00, 0x00,
  0x30, 0x00, 0x00, 0x00, 0x1e, 0x00, 0x00, 0x00, 0x00, 0x00, 0x00, 0x09,
  0x60, 0x00, 0x00, 0x00, 0x24, 0xe6, 0xff, 0xff, 0x08, 0x00, 0x00, 0x00,
  0x10, 0x00, 0x00, 0x00, 0x01, 0x00, 0x00, 0x00, 0x80, 0xff, 0xff, 0xff,
  0xff, 0xff, 0xff, 0xff, 0x01, 0x00, 0x00, 0x00, 0x34, 0xe4, 0x1e, 0x3c,
  0x37, 0x00, 0x00, 0x00, 0x73, 0x65, 0x71, 0x75, 0x65, 0x6e, 0x74, 0x69,
  0x61, 0x6c, 0x5f, 0x36, 0x37, 0x5f, 0x31, 0x2f, 0x62, 0x61, 0x74, 0x63,
  0x68, 0x5f, 0x6e, 0x6f, 0x72, 0x6d, 0x61, 0x6c, 0x69, 0x7a, 0x61, 0x74,
  0x69, 0x6f, 0x6e, 0x5f, 0x31, 0x35, 0x35, 0x5f, 0x31, 0x2f, 0x62, 0x61,
  0x74, 0x63, 0x68, 0x6e, 0x6f, 0x72, 0x6d, 0x2f, 0x6d, 0x75, 0x6c, 0x00,
  0x01, 0x00, 0x00, 0x00, 0x10, 0x00, 0x00, 0x00, 0xba, 0xe6, 0xff, 0xff,
  0x00, 0x00, 0x00, 0x01, 0x14, 0x00, 0x00, 0x00, 0x30, 0x00, 0x00, 0x00,
  0x1d, 0x00, 0x00, 0x00, 0x00, 0x00, 0x00, 0x09, 0x60, 0x00, 0x00, 0x00,
  0xa4, 0xe6, 0xff, 0xff, 0x08, 0x00, 0x00, 0x00, 0x10, 0x00, 0x00, 0x00,
  0x01, 0x00, 0x00, 0x00, 0x7f, 0x00, 0x00, 0x00, 0x00, 0x00, 0x00, 0x00,
  0x01, 0x00, 0x00, 0x00, 0xda, 0x4a, 0x5e, 0x3b, 0x37, 0x00, 0x00, 0x00,
  0x73, 0x65, 0x71, 0x75, 0x65, 0x6e, 0x74, 0x69, 0x61, 0x6c, 0x5f, 0x36,
  0x37, 0x5f, 0x31, 0x2f, 0x62, 0x61, 0x74, 0x63, 0x68, 0x5f, 0x6e, 0x6f,
  0x72, 0x6d, 0x61, 0x6c, 0x69, 0x7a, 0x61, 0x74, 0x69, 0x6f, 0x6e, 0x5f,
  0x31, 0x35, 0x35, 0x5f, 0x31, 0x2f, 0x62, 0x61, 0x74, 0x63, 0x68, 0x6e,
  0x6f, 0x72, 0x6d, 0x2f, 0x73, 0x75, 0x62, 0x00, 0x01, 0x00, 0x00, 0x00,
  0x10, 0x00, 0x00, 0x00, 0x3a, 0xe7, 0xff, 0xff, 0x00, 0x00, 0x00, 0x01,
  0x14, 0x00, 0x00, 0x00, 0xe8, 0x00, 0x00, 0x00, 0x1c, 0x00, 0x00, 0x00,
  0x00, 0x00, 0x00, 0x09, 0x0c, 0x01, 0x00, 0x00, 0x24, 0xe7, 0xff, 0xff,
  0x08, 0x00, 0x00, 0x00, 0x8c, 0x00, 0x00, 0x00, 0x10, 0x00, 0x00, 0x00,
  0x00, 0x00, 0x00, 0x00, 0x00, 0x00, 0x00, 0x00, 0x00, 0x00, 0x00, 0x00,
  0x00, 0x00, 0x00, 0x00, 0x00, 0x00, 0x00, 0x00, 0x00, 0x00, 0x00, 0x00,
  0x00, 0x00, 0x00, 0x00, 0x00, 0x00, 0x00, 0x00, 0x00, 0x00, 0x00, 0x00,
  0x00, 0x00, 0x00, 0x00, 0x00, 0x00, 0x00, 0x00, 0x00, 0x00, 0x00, 0x00,
  0x00, 0x00, 0x00, 0x00, 0x00, 0x00, 0x00, 0x00, 0x00, 0x00, 0x00, 0x00,
  0x00, 0x00, 0x00, 0x00, 0x00, 0x00, 0x00, 0x00, 0x00, 0x00, 0x00, 0x00,
  0x00, 0x00, 0x00, 0x00, 0x00, 0x00, 0x00, 0x00, 0x00, 0x00, 0x00, 0x00,
  0x00, 0x00, 0x00, 0x00, 0x00, 0x00, 0x00, 0x00, 0x00, 0x00, 0x00, 0x00,
  0x00, 0x00, 0x00, 0x00, 0x00, 0x00, 0x00, 0x00, 0x00, 0x00, 0x00, 0x00,
  0x00, 0x00, 0x00, 0x00, 0x00, 0x00, 0x00, 0x00, 0x00, 0x00, 0x00, 0x00,
  0x00, 0x00, 0x00, 0x00, 0x00, 0x00, 0x00, 0x00, 0x00, 0x00, 0x00, 0x00,
  0x10, 0x00, 0x00, 0x00, 0x02, 0xda, 0xfa, 0x3a, 0xa6, 0xc6, 0x0b, 0x3b,
  0xed, 0x9f, 0x03, 0x3b, 0x0e, 0xd0, 0x06, 0x3b, 0x72, 0x99, 0x00, 0x3b,
  0x5d, 0x34, 0x00, 0x3b, 0xb7, 0x8d, 0x00, 0x3b, 0x18, 0x26, 0xfc, 0x3a,
  0x59, 0x21, 0x0c, 0x3b, 0xf4, 0x82, 0x07, 0x3b, 0xd5, 0x15, 0x04, 0x3b,
  0xb0, 0x31, 0x07, 0x3b, 0x92, 0x60, 0x02, 0x3b, 0xd7, 0xad, 0x04, 0x3b,
  0x57, 0x15, 0x03, 0x3b, 0xae, 0x01, 0x04, 0x3b, 0x28, 0x00, 0x00, 0x00,
  0x73, 0x65, 0x71, 0x75, 0x65, 0x6e, 0x74, 0x69, 0x61, 0x6c, 0x5f, 0x36,
  0x37, 0x5f, 0x31, 0x2f, 0x63, 0x6f, 0x6e, 0x76, 0x32, 0x64, 0x5f, 0x33,
  0x31, 0x38, 0x5f, 0x31, 0x2f, 0x63, 0x6f, 0x6e, 0x76, 0x6f, 0x6c, 0x75,
  0x74, 0x69, 0x6f, 0x6e, 0x00, 0x00, 0x00, 0x00, 0x04, 0x00, 0x00, 0x00,
  0x10, 0x00, 0x00, 0x00, 0x03, 0x00, 0x00, 0x00, 0x01, 0x00, 0x00, 0x00,
  0x10, 0x00, 0x00, 0x00, 0x72, 0xe8, 0xff, 0xff, 0x00, 0x00, 0x00, 0x01,
  0x14, 0x00, 0x00, 0x00, 0xe8, 0x00, 0x00, 0x00, 0x1b, 0x00, 0x00, 0x00,
  0x00, 0x00, 0x00, 0x02, 0x78, 0x01, 0x00, 0x00, 0x5c, 0xe8, 0xff, 0xff,
  0x08, 0x00, 0x00, 0x00, 0x8c, 0x00, 0x00, 0x00, 0x10, 0x00, 0x00, 0x00,
  0x00, 0x00, 0x00, 0x00, 0x00, 0x00, 0x00, 0x00, 0x00, 0x00, 0x00, 0x00,
  0x00, 0x00, 0x00, 0x00, 0x00, 0x00, 0x00, 0x00, 0x00, 0x00, 0x00, 0x00,
  0x00, 0x00, 0x00, 0x00, 0x00, 0x00, 0x00, 0x00, 0x00, 0x00, 0x00, 0x00,
  0x00, 0x00, 0x00, 0x00, 0x00, 0x00, 0x00, 0x00, 0x00, 0x00, 0x00, 0x00,
  0x00, 0x00, 0x00, 0x00, 0x00, 0x00, 0x00, 0x00, 0x00, 0x00, 0x00, 0x00,
  0x00, 0x00, 0x00, 0x00, 0x00, 0x00, 0x00, 0x00, 0x00, 0x00, 0x00, 0x00,
  0x00, 0x00, 0x00, 0x00, 0x00, 0x00, 0x00, 0x00, 0x00, 0x00, 0x00, 0x00,
  0x00, 0x00, 0x00, 0x00, 0x00, 0x00, 0x00, 0x00, 0x00, 0x00, 0x00, 0x00,
  0x00, 0x00, 0x00, 0x00, 0x00, 0x00, 0x00, 0x00, 0x00, 0x00, 0x00, 0x00,
  0x00, 0x00, 0x00, 0x00, 0x00, 0x00, 0x00, 0x00, 0x00, 0x00, 0x00, 0x00,
  0x00, 0x00, 0x00, 0x00, 0x00, 0x00, 0x00, 0x00, 0x00, 0x00, 0x00, 0x00,
  0x10, 0x00, 0x00, 0x00, 0x62, 0x57, 0x16, 0x38, 0xc9, 0x8a, 0x27, 0x38,
  0x8b, 0xc5, 0x1d, 0x38, 0xcb, 0x97, 0x21, 0x38, 0x36, 0x25, 0x1a, 0x38,
  0x0d, 0xac, 0x19, 0x38, 0x27, 0x17, 0x1a, 0x38, 0x68, 0x1e, 0x17, 0x38,
  0x81, 0xf7, 0x27, 0x38, 0x3a, 0x6e, 0x22, 0x38, 0xdf, 0x52, 0x1e, 0x38,
  0xd2, 0x0c, 0x22, 0x38, 0xbf, 0x46, 0x1c, 0x38, 0x13, 0x09, 0x1f, 0x38,
  0x6d, 0x1f, 0x1d, 0x38, 0xb7, 0x3a, 0x1e, 0x38, 0x94, 0x00, 0x00, 0x00,
  0x73, 0x65, 0x71, 0x75, 0x65, 0x6e, 0x74, 0x69, 0x61, 0x6c, 0x5f, 0x36,
  0x37, 0x5f, 0x31, 0x2f, 0x63, 0x6f, 0x6e, 0x76, 0x32, 0x64, 0x5f, 0x33,
  0x31, 0x38, 0x5f, 0x31, 0x2f, 0x52, 0x65, 0x6c, 0x75, 0x3b, 0x73, 0x65,
  0x71, 0x75, 0x65, 0x6e, 0x74, 0x69, 0x61, 0x6c, 0x5f, 0x36, 0x37, 0x5f,
  0x31, 0x2f, 0x63, 0x6f, 0x6e, 0x76, 0x32, 0x64, 0x5f, 0x33, 0x31, 0x38,
  0x5f, 0x31, 0x2f, 0x42, 0x69, 0x61, 0x73, 0x41, 0x64, 0x64, 0x3b, 0x73,
  0x65, 0x71, 0x75, 0x65, 0x6e, 0x74, 0x69, 0x61, 0x6c, 0x5f, 0x36, 0x37,
  0x5f, 0x31, 0x2f, 0x63, 0x6f, 0x6e, 0x76, 0x32, 0x64, 0x5f, 0x33, 0x31,
  0x38, 0x5f, 0x31, 0x2f, 0x63, 0x6f, 0x6e, 0x76, 0x6f, 0x6c, 0x75, 0x74,
  0x69, 0x6f, 0x6e, 0x3b, 0x73, 0x65, 0x71, 0x75, 0x65, 0x6e, 0x74, 0x69,
  0x61, 0x6c, 0x5f, 0x36, 0x37, 0x5f, 0x31, 0x2f, 0x63, 0x6f, 0x6e, 0x76,
  0x32, 0x64, 0x5f, 0x33, 0x31, 0x38, 0x5f, 0x31, 0x2f, 0x53, 0x71, 0x75,
  0x65, 0x65, 0x7a, 0x65, 0x00, 0x00, 0x00, 0x00, 0x01, 0x00, 0x00, 0x00,
  0x10, 0x00, 0x00, 0x00, 0x0a, 0xea, 0xff, 0xff, 0x00, 0x00, 0x00, 0x01,
  0x14, 0x00, 0x00, 0x00, 0x30, 0x00, 0x00, 0x00, 0x1a, 0x00, 0x00, 0x00,
  0x00, 0x00, 0x00, 0x09, 0x60, 0x00, 0x00, 0x00, 0xf4, 0xe9, 0xff, 0xff,
  0x08, 0x00, 0x00, 0x00, 0x10, 0x00, 0x00, 0x00, 0x01, 0x00, 0x00, 0x00,
  0x80, 0xff, 0xff, 0xff, 0xff, 0xff, 0xff, 0xff, 0x01, 0x00, 0x00, 0x00,
  0x39, 0xe1, 0x0b, 0x3c, 0x37, 0x00, 0x00, 0x00, 0x73, 0x65, 0x71, 0x75,
  0x65, 0x6e, 0x74, 0x69, 0x61, 0x6c, 0x5f, 0x36, 0x37, 0x5f, 0x31, 0x2f,
  0x62, 0x61, 0x74, 0x63, 0x68, 0x5f, 0x6e, 0x6f, 0x72, 0x6d, 0x61, 0x6c,
  0x69, 0x7a, 0x61, 0x74, 0x69, 0x6f, 0x6e, 0x5f, 0x31, 0x35, 0x36, 0x5f,
  0x31, 0x2f, 0x62, 0x61, 0x74, 0x63, 0x68, 0x6e, 0x6f, 0x72, 0x6d, 0x2f,
  0x6d, 0x75, 0x6c, 0x00, 0x01, 0x00, 0x00, 0x00, 0x10, 0x00, 0x00, 0x00,
  0x8a, 0xea, 0xff, 0xff, 0x00, 0x00, 0x00, 0x01, 0x14, 0x00, 0x00, 0x00,
  0x30, 0x00, 0x00, 0x00, 0x19, 0x00, 0x00, 0x00, 0x00, 0x00, 0x00, 0x09,
  0x60, 0x00, 0x00, 0x00, 0x74, 0xea, 0xff, 0xff, 0x08, 0x00, 0x00, 0x00,
  0x10, 0x00, 0x00, 0x00, 0x01, 0x00, 0x00, 0x00, 0x7f, 0x00, 0x00, 0x00,
  0x00, 0x00, 0x00, 0x00, 0x01, 0x00, 0x00, 0x00, 0xd1, 0xd8, 0x58, 0x3b,
  0x37, 0x00, 0x00, 0x00, 0x73, 0x65, 0x71, 0x75, 0x65, 0x6e, 0x74, 0x69,
  0x61, 0x6c, 0x5f, 0x36, 0x37, 0x5f, 0x31, 0x2f, 0x62, 0x61, 0x74, 0x63,
  0x68, 0x5f, 0x6e, 0x6f, 0x72, 0x6d, 0x61, 0x6c, 0x69, 0x7a, 0x61, 0x74,
  0x69, 0x6f, 0x6e, 0x5f, 0x31, 0x35, 0x36, 0x5f, 0x31, 0x2f, 0x62, 0x61,
  0x74, 0x63, 0x68, 0x6e, 0x6f, 0x72, 0x6d, 0x2f, 0x73, 0x75, 0x62, 0x00,
  0x01, 0x00, 0x00, 0x00, 0x10, 0x00, 0x00, 0x00, 0x0a, 0xeb, 0xff, 0xff,
  0x00, 0x00, 0x00, 0x01, 0x14, 0x00, 0x00, 0x00, 0xe8, 0x00, 0x00, 0x00,
  0x18, 0x00, 0x00, 0x00, 0x00, 0x00, 0x00, 0x09, 0x0c, 0x01, 0x00, 0x00,
  0xf4, 0xea, 0xff, 0xff, 0x08, 0x00, 0x00, 0x00, 0x8c, 0x00, 0x00, 0x00,
  0x10, 0x00, 0x00, 0x00, 0x00, 0x00, 0x00, 0x00, 0x00, 0x00, 0x00, 0x00,
  0x00, 0x00, 0x00, 0x00, 0x00, 0x00, 0x00, 0x00, 0x00, 0x00, 0x00, 0x00,
  0x00, 0x00, 0x00, 0x00, 0x00, 0x00, 0x00, 0x00, 0x00, 0x00, 0x00, 0x00,
  0x00, 0x00, 0x00, 0x00, 0x00, 0x00, 0x00, 0x00, 0x00, 0x00, 0x00, 0x00,
  0x00, 0x00, 0x00, 0x00, 0x00, 0x00, 0x00, 0x00, 0x00, 0x00, 0x00, 0x00,
  0x00, 0x00, 0x00, 0x00, 0x00, 0x00, 0x00, 0x00, 0x00, 0x00, 0x00, 0x00,
  0x00, 0x00, 0x00, 0x00, 0x00, 0x00, 0x00, 0x00, 0x00, 0x00, 0x00, 0x00,
  0x00, 0x00, 0x00, 0x00, 0x00, 0x00, 0x00, 0x00, 0x00, 0x00, 0x00, 0x00,
  0x00, 0x00, 0x00, 0x00, 0x00, 0x00, 0x00, 0x00, 0x00, 0x00, 0x00, 0x00,
  0x00, 0x00, 0x00, 0x00, 0x00, 0x00, 0x00, 0x00, 0x00, 0x00, 0x00, 0x00,
  0x00, 0x00, 0x00, 0x00, 0x00, 0x00, 0x00, 0x00, 0x00, 0x00, 0x00, 0x00,
  0x00, 0x00, 0x00, 0x00, 0x10, 0x00, 0x00, 0x00, 0x86, 0xe3, 0xfa, 0x3a,
  0x19, 0xfc, 0x05, 0x3b, 0xc8, 0x0b, 0x01, 0x3b, 0x2e, 0x08, 0x06, 0x3b,
  0xe5, 0x42, 0x04, 0x3b, 0x91, 0x78, 0x04, 0x3b, 0xf0, 0xdc, 0xfc, 0x3a,
  0xf3, 0x56, 0x05, 0x3b, 0x73, 0xe6, 0x04, 0x3b, 0x3d, 0xc2, 0x00, 0x3b,
  0xc2, 0xba, 0xf4, 0x3a, 0x5e, 0x48, 0x04, 0x3b, 0x68, 0xca, 0x07, 0x3b,
  0xcd, 0x21, 0xfd, 0x3a, 0xd0, 0x37, 0x03, 0x3b, 0x00, 0x99, 0x04, 0x3b,
  0x28, 0x00, 0x00, 0x00, 0x73, 0x65, 0x71, 0x75, 0x65, 0x6e, 0x74, 0x69,
  0x61, 0x6c, 0x5f, 0x36, 0x37, 0x5f, 0x31, 0x2f, 0x63, 0x6f, 0x6e, 0x76,
  0x32, 0x64, 0x5f, 0x33, 0x31, 0x39, 0x5f, 0x31, 0x2f, 0x63, 0x6f, 0x6e,
  0x76, 0x6f, 0x6c, 0x75, 0x74, 0x69, 0x6f, 0x6e, 0x00, 0x00, 0x00, 0x00,
  0x04, 0x00, 0x00, 0x00, 0x10, 0x00, 0x00, 0x00, 0x03, 0x00, 0x00, 0x00,
  0x01, 0x00, 0x00, 0x00, 0x10, 0x00, 0x00, 0x00, 0x42, 0xec, 0xff, 0xff,
  0x00, 0x00, 0x00, 0x01, 0x14, 0x00, 0x00, 0x00, 0xe8, 0x00, 0x00, 0x00,
  0x17, 0x00, 0x00, 0x00, 0x00, 0x00, 0x00, 0x02, 0x78, 0x01, 0x00, 0x00,
  0x2c, 0xec, 0xff, 0xff, 0x08, 0x00, 0x00, 0x00, 0x8c, 0x00, 0x00, 0x00,
  0x10, 0x00, 0x00, 0x00, 0x00, 0x00, 0x00, 0x00, 0x00, 0x00, 0x00, 0x00,
  0x00, 0x00, 0x00, 0x00, 0x00, 0x00, 0x00, 0x00, 0x00, 0x00, 0x00, 0x00,
  0x00, 0x00, 0x00, 0x00, 0x00, 0x00, 0x00, 0x00, 0x00, 0x00, 0x00, 0x00,
  0x00, 0x00, 0x00, 0x00, 0x00, 0x00, 0x00, 0x00, 0x00, 0x00, 0x00, 0x00,
  0x00, 0x00, 0x00, 0x00, 0x00, 0x00, 0x00, 0x00, 0x00, 0x00, 0x00, 0x00,
  0x00, 0x00, 0x00, 0x00, 0x00, 0x00, 0x00, 0x00, 0x00, 0x00, 0x00, 0x00,
  0x00, 0x00, 0x00, 0x00, 0x00, 0x00, 0x00, 0x00, 0x00, 0x00, 0x00, 0x00,
  0x00, 0x00, 0x00, 0x00, 0x00, 0x00, 0x00, 0x00, 0x00, 0x00, 0x00, 0x00,
  0x00, 0x00, 0x00, 0x00, 0x00, 0x00, 0x00, 0x00, 0x00, 0x00, 0x00, 0x00,
  0x00, 0x00, 0x00, 0x00, 0x00, 0x00, 0x00, 0x00, 0x00, 0x00, 0x00, 0x00,
  0x00, 0x00, 0x00, 0x00, 0x00, 0x00, 0x00, 0x00, 0x00, 0x00, 0x00, 0x00,
  0x00, 0x00, 0x00, 0x00, 0x10, 0x00, 0x00, 0x00, 0x49, 0x0b, 0x09, 0x38,
  0xca, 0x5f, 0x12, 0x38, 0x90, 0xfa, 0x0c, 0x38, 0xfd, 0x6c, 0x12, 0x38,
  0xca, 0x7d, 0x10, 0x38, 0x6c, 0xb8, 0x10, 0x38, 0x5c, 0x1f, 0x0a, 0x38,
  0x5e, 0xab, 0x11, 0x38, 0x77, 0x30, 0x11, 0x38, 0x38, 0xaa, 0x0c, 0x38,
  0x00, 0xae, 0x05, 0x38, 0xc4, 0x83, 0x10, 0x38, 0xd9, 0x58, 0x14, 0x38,
  0xfa, 0x44, 0x0a, 0x38, 0x02, 0x5a, 0x0f, 0x38, 0xdb, 0xdb, 0x10, 0x38,
  0x94, 0x00, 0x00, 0x00, 0x73, 0x65, 0x71, 0x75, 0x65, 0x6e, 0x74, 0x69,
  0x61, 0x6c, 0x5f, 0x36, 0x37, 0x5f, 0x31, 0x2f, 0x63, 0x6f, 0x6e, 0x76,
  0x32, 0x64, 0x5f, 0x33, 0x31, 0x39, 0x5f, 0x31, 0x2f, 0x52, 0x65, 0x6c,
  0x75, 0x3b, 0x73, 0x65, 0x71, 0x75, 0x65, 0x6e, 0x74, 0x69, 0x61, 0x6c,
  0x5f, 0x36, 0x37, 0x5f, 0x31, 0x2f, 0x63, 0x6f, 0x6e, 0x76, 0x32, 0x64,
  0x5f, 0x33, 0x31, 0x39, 0x5f, 0x31, 0x2f, 0x42, 0x69, 0x61, 0x73, 0x41,
  0x64, 0x64, 0x3b, 0x73, 0x65, 0x71, 0x75, 0x65, 0x6e, 0x74, 0x69, 0x61,
  0x6c, 0x5f, 0x36, 0x37, 0x5f, 0x31, 0x2f, 0x63, 0x6f, 0x6e, 0x76, 0x32,
  0x64, 0x5f, 0x33, 0x31, 0x39, 0x5f, 0x31, 0x2f, 0x63, 0x6f, 0x6e, 0x76,
  0x6f, 0x6c, 0x75, 0x74, 0x69, 0x6f, 0x6e, 0x3b, 0x73, 0x65, 0x71, 0x75,
  0x65, 0x6e, 0x74, 0x69, 0x61, 0x6c, 0x5f, 0x36, 0x37, 0x5f, 0x31, 0x2f,
  0x63, 0x6f, 0x6e, 0x76, 0x32, 0x64, 0x5f, 0x33, 0x31, 0x39, 0x5f, 0x31,
  0x2f, 0x53, 0x71, 0x75, 0x65, 0x65, 0x7a, 0x65, 0x00, 0x00, 0x00, 0x00,
  0x01, 0x00, 0x00, 0x00, 0x10, 0x00, 0x00, 0x00, 0xda, 0xed, 0xff, 0xff,
  0x00, 0x00, 0x00, 0x01, 0x14, 0x00, 0x00, 0x00, 0x30, 0x00, 0x00, 0x00,
  0x16, 0x00, 0x00, 0x00, 0x00, 0x00, 0x00, 0x09, 0x60, 0x00, 0x00, 0x00,
  0xc4, 0xed, 0xff, 0xff, 0x08, 0x00, 0x00, 0x00, 0x10, 0x00, 0x00, 0x00,
  0x01, 0x00, 0x00, 0x00, 0x80, 0xff, 0xff, 0xff, 0xff, 0xff, 0xff, 0xff,
  0x01, 0x00, 0x00, 0x00, 0x94, 0x05, 0x17, 0x3c, 0x37, 0x00, 0x00, 0x00,
  0x73, 0x65, 0x71, 0x75, 0x65, 0x6e, 0x74, 0x69, 0x61, 0x6c, 0x5f, 0x36,
  0x37, 0x5f, 0x31, 0x2f, 0x62, 0x61, 0x74, 0x63, 0x68, 0x5f, 0x6e, 0x6f,
  0x72, 0x6d, 0x61, 0x6c, 0x69, 0x7a, 0x61, 0x74, 0x69, 0x6f, 0x6e, 0x5f,
  0x31, 0x35, 0x37, 0x5f, 0x31, 0x2f, 0x62, 0x61, 0x74, 0x63, 0x68, 0x6e,
  0x6f, 0x72, 0x6d, 0x2f, 0x6d, 0x75, 0x6c, 0x00, 0x01, 0x00, 0x00, 0x00,
  0x10, 0x00, 0x00, 0x00, 0x5a, 0xee, 0xff, 0xff, 0x00, 0x00, 0x00, 0x01,
  0x14, 0x00, 0x00, 0x00, 0x30, 0x00, 0x00, 0x00, 0x15, 0x00, 0x00, 0x00,
  0x00, 0x00, 0x00, 0x09, 0x60, 0x00, 0x00, 0x00, 0x44, 0xee, 0xff, 0xff,
  0x08, 0x00, 0x00, 0x00, 0x10, 0x00, 0x00, 0x00, 0x01, 0x00, 0x00, 0x00,
  0x7f, 0x00, 0x00, 0x00, 0x00, 0x00, 0x00, 0x00, 0x01, 0x00, 0x00, 0x00,
  0x5d, 0xe7, 0x76, 0x3b, 0x37, 0x00, 0x00, 0x00, 0x73, 0x65, 0x71, 0x75,
  0x65, 0x6e, 0x74, 0x69, 0x61, 0x6c, 0x5f, 0x36, 0x37, 0x5f, 0x31, 0x2f,
  0x62, 0x61, 0x74, 0x63, 0x68, 0x5f, 0x6e, 0x6f, 0x72, 0x6d, 0x61, 0x6c,
  0x69, 0x7a, 0x61, 0x74, 0x69, 0x6f, 0x6e, 0x5f, 0x31, 0x35, 0x37, 0x5f,
  0x31, 0x2f, 0x62, 0x61, 0x74, 0x63, 0x68, 0x6e, 0x6f, 0x72, 0x6d, 0x2f,
  0x73, 0x75, 0x62, 0x00, 0x01, 0x00, 0x00, 0x00, 0x10, 0x00, 0x00, 0x00,
  0xda, 0xee, 0xff, 0xff, 0x00, 0x00, 0x00, 0x01, 0x14, 0x00, 0x00, 0x00,
  0xe8, 0x00, 0x00, 0x00, 0x14, 0x00, 0x00, 0x00, 0x00, 0x00, 0x00, 0x09,
  0x0c, 0x01, 0x00, 0x00, 0xc4, 0xee, 0xff, 0xff, 0x08, 0x00, 0x00, 0x00,
  0x8c, 0x00, 0x00, 0x00, 0x10, 0x00, 0x00, 0x00, 0x00, 0x00, 0x00, 0x00,
  0x00, 0x00, 0x00, 0x00, 0x00, 0x00, 0x00, 0x00, 0x00, 0x00, 0x00, 0x00,
  0x00, 0x00, 0x00, 0x00, 0x00, 0x00, 0x00, 0x00, 0x00, 0x00, 0x00, 0x00,
  0x00, 0x00, 0x00, 0x00, 0x00, 0x00, 0x00, 0x00, 0x00, 0x00, 0x00, 0x00,
  0x00, 0x00, 0x00, 0x00, 0x00, 0x00, 0x00, 0x00, 0x00, 0x00, 0x00, 0x00,
  0x00, 0x00, 0x00, 0x00, 0x00, 0x00, 0x00, 0x00, 0x00, 0x00, 0x00, 0x00,
  0x00, 0x00, 0x00, 0x00, 0x00, 0x00, 0x00, 0x00, 0x00, 0x00, 0x00, 0x00,
  0x00, 0x00, 0x00, 0x00, 0x00, 0x00, 0x00, 0x00, 0x00, 0x00, 0x00, 0x00,
  0x00, 0x00, 0x00, 0x00, 0x00, 0x00, 0x00, 0x00, 0x00, 0x00, 0x00, 0x00,
  0x00, 0x00, 0x00, 0x00, 0x00, 0x00, 0x00, 0x00, 0x00, 0x00, 0x00, 0x00,
  0x00, 0x00, 0x00, 0x00, 0x00, 0x00, 0x00, 0x00, 0x00, 0x00, 0x00, 0x00,
  0x00, 0x00, 0x00, 0x00, 0x00, 0x00, 0x00, 0x00, 0x10, 0x00, 0x00, 0x00,
  0xfd, 0x15, 0x02, 0x3b, 0xa5, 0x99, 0x05, 0x3b, 0x94, 0x73, 0x01, 0x3b,
  0x3a, 0x3d, 0x0f, 0x3b, 0xfd, 0x21, 0x0c, 0x3b, 0x75, 0x16, 0x0f, 0x3b,
  0xaa, 0xa1, 0xf7, 0x3a, 0x77, 0x14, 0x06, 0x3b, 0x79, 0x06, 0x0d, 0x3b,
  0xb9, 0xc3, 0x06, 0x3b, 0xfc, 0x11, 0x00, 0x3b, 0x24, 0xcf, 0x07, 0x3b,
  0x6f, 0x10, 0x08, 0x3b, 0xcd, 0x96, 0xfc, 0x3a, 0xad, 0x1f, 0xf6, 0x3a,
  0x08, 0x5e, 0x00, 0x3b, 0x28, 0x00, 0x00, 0x00, 0x73, 0x65, 0x71, 0x75,
  0x65, 0x6e, 0x74, 0x69, 0x61, 0x6c, 0x5f, 0x36, 0x37, 0x5f, 0x31, 0x2f,
  0x63, 0x6f, 0x6e, 0x76, 0x32, 0x64, 0x5f, 0x33, 0x32, 0x30, 0x5f, 0x31,
  0x2f, 0x63, 0x6f, 0x6e, 0x76, 0x6f, 0x6c, 0x75, 0x74, 0x69, 0x6f, 0x6e,
  0x00, 0x00, 0x00, 0x00, 0x04, 0x00, 0x00, 0x00, 0x10, 0x00, 0x00, 0x00,
  0x03, 0x00, 0x00, 0x00, 0x01, 0x00, 0x00, 0x00, 0x10, 0x00, 0x00, 0x00,
  0x12, 0xf0, 0xff, 0xff, 0x00, 0x00, 0x00, 0x01, 0x14, 0x00, 0x00, 0x00,
  0xe8, 0x00, 0x00, 0x00, 0x13, 0x00, 0x00, 0x00, 0x00, 0x00, 0x00, 0x02,
  0x78, 0x01, 0x00, 0x00, 0xfc, 0xef, 0xff, 0xff, 0x08, 0x00, 0x00, 0x00,
  0x8c, 0x00, 0x00, 0x00, 0x10, 0x00, 0x00, 0x00, 0x00, 0x00, 0x00, 0x00,
  0x00, 0x00, 0x00, 0x00, 0x00, 0x00, 0x00, 0x00, 0x00, 0x00, 0x00, 0x00,
  0x00, 0x00, 0x00, 0x00, 0x00, 0x00, 0x00, 0x00, 0x00, 0x00, 0x00, 0x00,
  0x00, 0x00, 0x00, 0x00, 0x00, 0x00, 0x00, 0x00, 0x00, 0x00, 0x00, 0x00,
  0x00, 0x00, 0x00, 0x00, 0x00, 0x00, 0x00, 0x00, 0x00, 0x00, 0x00, 0x00,
  0x00, 0x00, 0x00, 0x00, 0x00, 0x00, 0x00, 0x00, 0x00, 0x00, 0x00, 0x00,
  0x00, 0x00, 0x00, 0x00, 0x00, 0x00, 0x00, 0x00, 0x00, 0x00, 0x00, 0x00,
  0x00, 0x00, 0x00, 0x00, 0x00, 0x00, 0x00, 0x00, 0x00, 0x00, 0x00, 0x00,
  0x00, 0x00, 0x00, 0x00, 0x00, 0x00, 0x00, 0x00, 0x00, 0x00, 0x00, 0x00,
  0x00, 0x00, 0x00, 0x00, 0x00, 0x00, 0x00, 0x00, 0x00, 0x00, 0x00, 0x00,
  0x00, 0x00, 0x00, 0x00, 0x00, 0x00, 0x00, 0x00, 0x00, 0x00, 0x00, 0x00,
  0x00, 0x00, 0x00, 0x00, 0x00, 0x00, 0x00, 0x00, 0x10, 0x00, 0x00, 0x00,
  0xb6, 0xbf, 0x3a, 0x38, 0x3e, 0xcb, 0x3f, 0x38, 0x8f, 0xd6, 0x39, 0x38,
  0xa8, 0xa1, 0x4d, 0x38, 0x07, 0x2c, 0x49, 0x38, 0x00, 0x6a, 0x4d, 0x38,
  0x61, 0xbf, 0x31, 0x38, 0x90, 0x7b, 0x40, 0x38, 0x09, 0x74, 0x4a, 0x38,
  0x28, 0x77, 0x41, 0x38, 0xf2, 0xda, 0x37, 0x38, 0x0f, 0xf7, 0x42, 0x38,
  0xcb, 0x54, 0x43, 0x38, 0x5b, 0x4e, 0x35, 0x38, 0x52, 0xaa, 0x30, 0x38,
  0x1e, 0x48, 0x38, 0x38, 0x94, 0x00, 0x00, 0x00, 0x73, 0x65, 0x71, 0x75,
  0x65, 0x6e, 0x74, 0x69, 0x61, 0x6c, 0x5f, 0x36, 0x37, 0x5f, 0x31, 0x2f,
  0x63, 0x6f, 0x6e, 0x76, 0x32, 0x64, 0x5f, 0x33, 0x32, 0x30, 0x5f, 0x31,
  0x2f, 0x52, 0x65, 0x6c, 0x75, 0x3b, 0x73, 0x65, 0x71, 0x75, 0x65, 0x6e,
  0x74, 0x69, 0x61, 0x6c, 0x5f, 0x36, 0x37, 0x5f, 0x31, 0x2f, 0x63, 0x6f,
  0x6e, 0x76, 0x32, 0x64, 0x5f, 0x33, 0x32, 0x30, 0x5f, 0x31, 0x2f, 0x42,
  0x69, 0x61, 0x73, 0x41, 0x64, 0x64, 0x3b, 0x73, 0x65, 0x71, 0x75, 0x65,
  0x6e, 0x74, 0x69, 0x61, 0x6c, 0x5f, 0x36, 0x37, 0x5f, 0x31, 0x2f, 0x63,
  0x6f, 0x6e, 0x76, 0x32, 0x64, 0x5f, 0x33, 0x32, 0x30, 0x5f, 0x31, 0x2f,
  0x63, 0x6f, 0x6e, 0x76, 0x6f, 0x6c, 0x75, 0x74, 0x69, 0x6f, 0x6e, 0x3b,
  0x73, 0x65, 0x71, 0x75, 0x65, 0x6e, 0x74, 0x69, 0x61, 0x6c, 0x5f, 0x36,
  0x37, 0x5f, 0x31, 0x2f, 0x63, 0x6f, 0x6e, 0x76, 0x32, 0x64, 0x5f, 0x33,
  0x32, 0x30, 0x5f, 0x31, 0x2f, 0x53, 0x71, 0x75, 0x65, 0x65, 0x7a, 0x65,
  0x00, 0x00, 0x00, 0x00, 0x01, 0x00, 0x00, 0x00, 0x10, 0x00, 0x00, 0x00,
  0xaa, 0xf1, 0xff, 0xff, 0x00, 0x00, 0x00, 0x01, 0x14, 0x00, 0x00, 0x00,
  0x30, 0x00, 0x00, 0x00, 0x12, 0x00, 0x00, 0x00, 0x00, 0x00, 0x00, 0x09,
  0x60, 0x00, 0x00, 0x00, 0x94, 0xf1, 0xff, 0xff, 0x08, 0x00, 0x00, 0x00,
  0x10, 0x00, 0x00, 0x00, 0x01, 0x00, 0x00, 0x00, 0x80, 0xff, 0xff, 0xff,
  0xff, 0xff, 0xff, 0xff, 0x01, 0x00, 0x00, 0x00, 0x09, 0x4c, 0x37, 0x3c,
  0x37, 0x00, 0x00, 0x00, 0x73, 0x65, 0x71, 0x75, 0x65, 0x6e, 0x74, 0x69,
  0x61, 0x6c, 0x5f, 0x36, 0x37, 0x5f, 0x31, 0x2f, 0x62, 0x61, 0x74, 0x63,
  0x68, 0x5f, 0x6e, 0x6f, 0x72, 0x6d, 0x61, 0x6c, 0x69, 0x7a, 0x61, 0x74,
  0x69, 0x6f, 0x6e, 0x5f, 0x31, 0x35, 0x38, 0x5f, 0x31, 0x2f, 0x62, 0x61,
  0x74, 0x63, 0x68, 0x6e, 0x6f, 0x72, 0x6d, 0x2f, 0x6d, 0x75, 0x6c, 0x00,
  0x01, 0x00, 0x00, 0x00, 0x10, 0x00, 0x00, 0x00, 0x2a, 0xf2, 0xff, 0xff,
  0x00, 0x00, 0x00, 0x01, 0x14, 0x00, 0x00, 0x00, 0x30, 0x00, 0x00, 0x00,
  0x11, 0x00, 0x00, 0x00, 0x00, 0x00, 0x00, 0x09, 0x60, 0x00, 0x00, 0x00,
  0x14, 0xf2, 0xff, 0xff, 0x08, 0x00, 0x00, 0x00, 0x10, 0x00, 0x00, 0x00,
  0x01, 0x00, 0x00, 0x00, 0x7f, 0x00, 0x00, 0x00, 0x00, 0x00, 0x00, 0x00,
  0x01, 0x00, 0x00, 0x00, 0xd0, 0x0f, 0x41, 0x3b, 0x37, 0x00, 0x00, 0x00,
  0x73, 0x65, 0x71, 0x75, 0x65, 0x6e, 0x74, 0x69, 0x61, 0x6c, 0x5f, 0x36,
  0x37, 0x5f, 0x31, 0x2f, 0x62, 0x61, 0x74, 0x63, 0x68, 0x5f, 0x6e, 0x6f,
  0x72, 0x6d, 0x61, 0x6c, 0x69, 0x7a, 0x61, 0x74, 0x69, 0x6f, 0x6e, 0x5f,
  0x31, 0x35, 0x38, 0x5f, 0x31, 0x2f, 0x62, 0x61, 0x74, 0x63, 0x68, 0x6e,
  0x6f, 0x72, 0x6d, 0x2f, 0x73, 0x75, 0x62, 0x00, 0x01, 0x00, 0x00, 0x00,
  0x10, 0x00, 0x00, 0x00, 0xaa, 0xf2, 0xff, 0xff, 0x00, 0x00, 0x00, 0x01,
  0x14, 0x00, 0x00, 0x00, 0xe8, 0x00, 0x00, 0x00, 0x10, 0x00, 0x00, 0x00,
  0x00, 0x00, 0x00, 0x09, 0x0c, 0x01, 0x00, 0x00, 0x94, 0xf2, 0xff, 0xff,
  0x08, 0x00, 0x00, 0x00, 0x8c, 0x00, 0x00, 0x00, 0x10, 0x00, 0x00, 0x00,
  0x00, 0x00, 0x00, 0x00, 0x00, 0x00, 0x00, 0x00, 0x00, 0x00, 0x00, 0x00,
  0x00, 0x00, 0x00, 0x00, 0x00, 0x00, 0x00, 0x00, 0x00, 0x00, 0x00, 0x00,
  0x00, 0x00, 0x00, 0x00, 0x00, 0x00, 0x00, 0x00, 0x00, 0x00, 0x00, 0x00,
  0x00, 0x00, 0x00, 0x00, 0x00, 0x00, 0x00, 0x00, 0x00, 0x00, 0x00, 0x00,
  0x00, 0x00, 0x00, 0x00, 0x00, 0x00, 0x00, 0x00, 0x00, 0x00, 0x00, 0x00,
  0x00, 0x00, 0x00, 0x00, 0x00, 0x00, 0x00, 0x00, 0x00, 0x00, 0x00, 0x00,
  0x00, 0x00, 0x00, 0x00, 0x00, 0x00, 0x00, 0x00, 0x00, 0x00, 0x00, 0x00,
  0x00, 0x00, 0x00, 0x00, 0x00, 0x00, 0x00, 0x00, 0x00, 0x00, 0x00, 0x00,
  0x00, 0x00, 0x00, 0x00, 0x00, 0x00, 0x00, 0x00, 0x00, 0x00, 0x00, 0x00,
  0x00, 0x00, 0x00, 0x00, 0x00, 0x00, 0x00, 0x00, 0x00, 0x00, 0x00, 0x00,
  0x00, 0x00, 0x00, 0x00, 0x00, 0x00, 0x00, 0x00, 0x00, 0x00, 0x00, 0x00,
  0x10, 0x00, 0x00, 0x00, 0x97, 0x02, 0xf6, 0x3a, 0xc2, 0x49, 0x08, 0x3b,
  0x36, 0x9e, 0x05, 0x3b, 0xca, 0xbb, 0x0c, 0x3b, 0xb7, 0x4d, 0x0b, 0x3b,
  0xd4, 0x11, 0x0b, 0x3b, 0x87, 0xfe, 0x0b, 0x3b, 0xe3, 0x33, 0x00, 0x3b,
  0x78, 0xa7, 0x01, 0x3b, 0xb8, 0x67, 0xf5, 0x3a, 0xa2, 0x44, 0x04, 0x3b,
  0xc9, 0xe8, 0x06, 0x3b, 0x82, 0x09, 0x0c, 0x3b, 0xaf, 0x13, 0x0a, 0x3b,
  0x66, 0x6c, 0x08, 0x3b, 0x07, 0x2d, 0xfe, 0x3a, 0x28, 0x00, 0x00, 0x00,
  0x73, 0x65, 0x71, 0x75, 0x65, 0x6e, 0x74, 0x69, 0x61, 0x6c, 0x5f, 0x36,
  0x37, 0x5f, 0x31, 0x2f, 0x63, 0x6f, 0x6e, 0x76, 0x32, 0x64, 0x5f, 0x33,
  0x32, 0x31, 0x5f, 0x31, 0x2f, 0x63, 0x6f, 0x6e, 0x76, 0x6f, 0x6c, 0x75,
  0x74, 0x69, 0x6f, 0x6e, 0x00, 0x00, 0x00, 0x00, 0x04, 0x00, 0x00, 0x00,
  0x10, 0x00, 0x00, 0x00, 0x03, 0x00, 0x00, 0x00, 0x01, 0x00, 0x00, 0x00,
  0x10, 0x00, 0x00, 0x00, 0xe2, 0xf3, 0xff, 0xff, 0x00, 0x00, 0x00, 0x01,
  0x14, 0x00, 0x00, 0x00, 0xe8, 0x00, 0x00, 0x00, 0x0f, 0x00, 0x00, 0x00,
  0x00, 0x00, 0x00, 0x02, 0x78, 0x01, 0x00, 0x00, 0xcc, 0xf3, 0xff, 0xff,
  0x08, 0x00, 0x00, 0x00, 0x8c, 0x00, 0x00, 0x00, 0x10, 0x00, 0x00, 0x00,
  0x00, 0x00, 0x00, 0x00, 0x00, 0x00, 0x00, 0x00, 0x00, 0x00, 0x00, 0x00,
  0x00, 0x00, 0x00, 0x00, 0x00, 0x00, 0x00, 0x00, 0x00, 0x00, 0x00, 0x00,
  0x00, 0x00, 0x00, 0x00, 0x00, 0x00, 0x00, 0x00, 0x00, 0x00, 0x00, 0x00,
  0x00, 0x00, 0x00, 0x00, 0x00, 0x00, 0x00, 0x00, 0x00, 0x00, 0x00, 0x00,
  0x00, 0x00, 0x00, 0x00, 0x00, 0x00, 0x00, 0x00, 0x00, 0x00, 0x00, 0x00,
  0x00, 0x00, 0x00, 0x00, 0x00, 0x00, 0x00, 0x00, 0x00, 0x00, 0x00, 0x00,
  0x00, 0x00, 0x00, 0x00, 0x00, 0x00, 0x00, 0x00, 0x00, 0x00, 0x00, 0x00,
  0x00, 0x00, 0x00, 0x00, 0x00, 0x00, 0x00, 0x00, 0x00, 0x00, 0x00, 0x00,
  0x00, 0x00, 0x00, 0x00, 0x00, 0x00, 0x00, 0x00, 0x00, 0x00, 0x00, 0x00,
  0x00, 0x00, 0x00, 0x00, 0x00, 0x00, 0x00, 0x00, 0x00, 0x00, 0x00, 0x00,
  0x00, 0x00, 0x00, 0x00, 0x00, 0x00, 0x00, 0x00, 0x00, 0x00, 0x00, 0x00,
  0x10, 0x00, 0x00, 0x00, 0x1d, 0xe0, 0x52, 0x38, 0xbe, 0xa5, 0x69, 0x38,
  0xe5, 0x11, 0x65, 0x38, 0xbe, 0x44, 0x71, 0x38, 0x28, 0xd1, 0x6e, 0x38,
  0x7d, 0x6a, 0x6e, 0x38, 0x47, 0x00, 0x70, 0x38, 0x3b, 0xc9, 0x5b, 0x38,
  0x42, 0x46, 0x5e, 0x38, 0x5c, 0x5b, 0x52, 0x38, 0x73, 0xc1, 0x62, 0x38,
  0x9e, 0x48, 0x67, 0x38, 0x1a, 0x13, 0x70, 0x38, 0xcb, 0xb6, 0x6c, 0x38,
  0x21, 0xe1, 0x69, 0x38, 0xff, 0xdf, 0x59, 0x38, 0x94, 0x00, 0x00, 0x00,
  0x73, 0x65, 0x71, 0x75, 0x65, 0x6e, 0x74, 0x69, 0x61, 0x6c, 0x5f, 0x36,
  0x37, 0x5f, 0x31, 0x2f, 0x63, 0x6f, 0x6e, 0x76, 0x32, 0x64, 0x5f, 0x33,
  0x32, 0x31, 0x5f, 0x31, 0x2f, 0x52, 0x65, 0x6c, 0x75, 0x3b, 0x73, 0x65,
  0x71, 0x75, 0x65, 0x6e, 0x74, 0x69, 0x61, 0x6c, 0x5f, 0x36, 0x37, 0x5f,
  0x31, 0x2f, 0x63, 0x6f, 0x6e, 0x76, 0x32, 0x64, 0x5f, 0x33, 0x32, 0x31,
  0x5f, 0x31, 0x2f, 0x42, 0x69, 0x61, 0x73, 0x41, 0x64, 0x64, 0x3b, 0x73,
  0x65, 0x71, 0x75, 0x65, 0x6e, 0x74, 0x69, 0x61, 0x6c, 0x5f, 0x36, 0x37,
  0x5f, 0x31, 0x2f, 0x63, 0x6f, 0x6e, 0x76, 0x32, 0x64, 0x5f, 0x33, 0x32,
  0x31, 0x5f, 0x31, 0x2f, 0x63, 0x6f, 0x6e, 0x76, 0x6f, 0x6c, 0x75, 0x74,
  0x69, 0x6f, 0x6e, 0x3b, 0x73, 0x65, 0x71, 0x75, 0x65, 0x6e, 0x74, 0x69,
  0x61, 0x6c, 0x5f, 0x36, 0x37, 0x5f, 0x31, 0x2f, 0x63, 0x6f, 0x6e, 0x76,
  0x32, 0x64, 0x5f, 0x33, 0x32, 0x31, 0x5f, 0x31, 0x2f, 0x53, 0x71, 0x75,
  0x65, 0x65, 0x7a, 0x65, 0x00, 0x00, 0x00, 0x00, 0x01, 0x00, 0x00, 0x00,
  0x10, 0x00, 0x00, 0x00, 0x7a, 0xf5, 0xff, 0xff, 0x00, 0x00, 0x00, 0x01,
  0x14, 0x00, 0x00, 0x00, 0x30, 0x00, 0x00, 0x00, 0x0e, 0x00, 0x00, 0x00,
  0x00, 0x00, 0x00, 0x09, 0x60, 0x00, 0x00, 0x00, 0x64, 0xf5, 0xff, 0xff,
  0x08, 0x00, 0x00, 0x00, 0x10, 0x00, 0x00, 0x00, 0x01, 0x00, 0x00, 0x00,
  0x80, 0xff, 0xff, 0xff, 0xff, 0xff, 0xff, 0xff, 0x01, 0x00, 0x00, 0x00,
  0x00, 0x91, 0x3b, 0x3c, 0x37, 0x00, 0x00, 0x00, 0x73, 0x65, 0x71, 0x75,
  0x65, 0x6e, 0x74, 0x69, 0x61, 0x6c, 0x5f, 0x36, 0x37, 0x5f, 0x31, 0x2f,
  0x62, 0x61, 0x74, 0x63, 0x68, 0x5f, 0x6e, 0x6f, 0x72, 0x6d, 0x61, 0x6c,
  0x69, 0x7a, 0x61, 0x74, 0x69, 0x6f, 0x6e, 0x5f, 0x31, 0x35, 0x39, 0x5f,
  0x31, 0x2f, 0x62, 0x61, 0x74, 0x63, 0x68, 0x6e, 0x6f, 0x72, 0x6d, 0x2f,
  0x6d, 0x75, 0x6c, 0x00, 0x01, 0x00, 0x00, 0x00, 0x10, 0x00, 0x00, 0x00,
  0xfa, 0xf5, 0xff, 0xff, 0x00, 0x00, 0x00, 0x01, 0x14, 0x00, 0x00, 0x00,
  0x30, 0x00, 0x00, 0x00, 0x0d, 0x00, 0x00, 0x00, 0x00, 0x00, 0x00, 0x09,
  0x60, 0x00, 0x00, 0x00, 0xe4, 0xf5, 0xff, 0xff, 0x08, 0x00, 0x00, 0x00,
  0x10, 0x00, 0x00, 0x00, 0x01, 0x00, 0x00, 0x00, 0x7f, 0x00, 0x00, 0x00,
  0x00, 0x00, 0x00, 0x00, 0x01, 0x00, 0x00, 0x00, 0x22, 0xeb, 0x6c, 0x3b,
  0x37, 0x00, 0x00, 0x00, 0x73, 0x65, 0x71, 0x75, 0x65, 0x6e, 0x74, 0x69,
  0x61, 0x6c, 0x5f, 0x36, 0x37, 0x5f, 0x31, 0x2f, 0x62, 0x61, 0x74, 0x63,
  0x68, 0x5f, 0x6e, 0x6f, 0x72, 0x6d, 0x61, 0x6c, 0x69, 0x7a, 0x61, 0x74,
  0x69, 0x6f, 0x6e, 0x5f, 0x31, 0x35, 0x39, 0x5f, 0x31, 0x2f, 0x62, 0x61,
  0x74, 0x63, 0x68, 0x6e, 0x6f, 0x72, 0x6d, 0x2f, 0x73, 0x75, 0x62, 0x00,
  0x01, 0x00, 0x00, 0x00, 0x10, 0x00, 0x00, 0x00, 0x7a, 0xf6, 0xff, 0xff,
  0x00, 0x00, 0x00, 0x01, 0x14, 0x00, 0x00, 0x00, 0xe8, 0x00, 0x00, 0x00,
  0x0c, 0x00, 0x00, 0x00, 0x00, 0x00, 0x00, 0x09, 0x0c, 0x01, 0x00, 0x00,
  0x64, 0xf6, 0xff, 0xff, 0x08, 0x00, 0x00, 0x00, 0x8c, 0x00, 0x00, 0x00,
  0x10, 0x00, 0x00, 0x00, 0x00, 0x00, 0x00, 0x00, 0x00, 0x00, 0x00, 0x00,
  0x00, 0x00, 0x00, 0x00, 0x00, 0x00, 0x00, 0x00, 0x00, 0x00, 0x00, 0x00,
  0x00, 0x00, 0x00, 0x00, 0x00, 0x00, 0x00, 0x00, 0x00, 0x00, 0x00, 0x00,
  0x00, 0x00, 0x00, 0x00, 0x00, 0x00, 0x00, 0x00, 0x00, 0x00, 0x00, 0x00,
  0x00, 0x00, 0x00, 0x00, 0x00, 0x00, 0x00, 0x00, 0x00, 0x00, 0x00, 0x00,
  0x00, 0x00, 0x00, 0x00, 0x00, 0x00, 0x00, 0x00, 0x00, 0x00, 0x00, 0x00,
  0x00, 0x00, 0x00, 0x00, 0x00, 0x00, 0x00, 0x00, 0x00, 0x00, 0x00, 0x00,
  0x00, 0x00, 0x00, 0x00, 0x00, 0x00, 0x00, 0x00, 0x00, 0x00, 0x00, 0x00,
  0x00, 0x00, 0x00, 0x00, 0x00, 0x00, 0x00, 0x00, 0x00, 0x00, 0x00, 0x00,
  0x00, 0x00, 0x00, 0x00, 0x00, 0x00, 0x00, 0x00, 0x00, 0x00, 0x00, 0x00,
  0x00, 0x00, 0x00, 0x00, 0x00, 0x00, 0x00, 0x00, 0x00, 0x00, 0x00, 0x00,
  0x00, 0x00, 0x00, 0x00, 0x10, 0x00, 0x00, 0x00, 0x0e, 0xb3, 0x0f, 0x3b,
  0x66, 0xa5, 0x05, 0x3b, 0x42, 0xd0, 0x07, 0x3b, 0x58, 0xa4, 0x07, 0x3b,
  0x3f, 0x0f, 0xf8, 0x3a, 0x4b, 0x97, 0x04, 0x3b, 0x97, 0xd4, 0x10, 0x3b,
  0x1a, 0xd6, 0x07, 0x3b, 0x80, 0x0c, 0x0b, 0x3b, 0x0c, 0x4b, 0xeb, 0x3a,
  0xf4, 0x93, 0x08, 0x3b, 0xa1, 0x69, 0x07, 0x3b, 0x0c, 0xce, 0x04, 0x3b,
  0x91, 0xf6, 0x17, 0x3b, 0xd1, 0x38, 0x03, 0x3b, 0x48, 0xa1, 0x0c, 0x3b,
  0x28, 0x00, 0x00, 0x00, 0x73, 0x65, 0x71, 0x75, 0x65, 0x6e, 0x74, 0x69,
  0x61, 0x6c, 0x5f, 0x36, 0x37, 0x5f, 0x31, 0x2f, 0x63, 0x6f, 0x6e, 0x76,
  0x32, 0x64, 0x5f, 0x33, 0x32, 0x32, 0x5f, 0x31, 0x2f, 0x63, 0x6f, 0x6e,
  0x76, 0x6f, 0x6c, 0x75, 0x74, 0x69, 0x6f, 0x6e, 0x00, 0x00, 0x00, 0x00,
  0x04, 0x00, 0x00, 0x00, 0x10, 0x00, 0x00, 0x00, 0x03, 0x00, 0x00, 0x00,
  0x01, 0x00, 0x00, 0x00, 0x10, 0x00, 0x00, 0x00, 0xb2, 0xf7, 0xff, 0xff,
  0x00, 0x00, 0x00, 0x01, 0x14, 0x00, 0x00, 0x00, 0xe8, 0x00, 0x00, 0x00,
  0x0b, 0x00, 0x00, 0x00, 0x00, 0x00, 0x00, 0x02, 0x78, 0x01, 0x00, 0x00,
  0x9c, 0xf7, 0xff, 0xff, 0x08, 0x00, 0x00, 0x00, 0x8c, 0x00, 0x00, 0x00,
  0x10, 0x00, 0x00, 0x00, 0x00, 0x00, 0x00, 0x00, 0x00, 0x00, 0x00, 0x00,
  0x00, 0x00, 0x00, 0x00, 0x00, 0x00, 0x00, 0x00, 0x00, 0x00, 0x00, 0x00,
  0x00, 0x00, 0x00, 0x00, 0x00, 0x00, 0x00, 0x00, 0x00, 0x00, 0x00, 0x00,
  0x00, 0x00, 0x00, 0x00, 0x00, 0x00, 0x00, 0x00, 0x00, 0x00, 0x00, 0x00,
  0x00, 0x00, 0x00, 0x00, 0x00, 0x00, 0x00, 0x00, 0x00, 0x00, 0x00, 0x00,
  0x00, 0x00, 0x00, 0x00, 0x00, 0x00, 0x00, 0x00, 0x00, 0x00, 0x00, 0x00,
  0x00, 0x00, 0x00, 0x00, 0x00, 0x00, 0x00, 0x00, 0x00, 0x00, 0x00, 0x00,
  0x00, 0x00, 0x00, 0x00, 0x00, 0x00, 0x00, 0x00, 0x00, 0x00, 0x00, 0x00,
  0x00, 0x00, 0x00, 0x00, 0x00, 0x00, 0x00, 0x00, 0x00, 0x00, 0x00, 0x00,
  0x00, 0x00, 0x00, 0x00, 0x00, 0x00, 0x00, 0x00, 0x00, 0x00, 0x00, 0x00,
  0x00, 0x00, 0x00, 0x00, 0x00, 0x00, 0x00, 0x00, 0x00, 0x00, 0x00, 0x00,
  0x00, 0x00, 0x00, 0x00, 0x10, 0x00, 0x00, 0x00, 0x86, 0x7b, 0x63, 0x38,
  0x50, 0x91, 0x53, 0x38, 0xae, 0xff, 0x56, 0x38, 0x29, 0xba, 0x56, 0x38,
  0x37, 0x58, 0x44, 0x38, 0xb9, 0xe5, 0x51, 0x38, 0xdf, 0x45, 0x65, 0x38,
  0xee, 0x08, 0x57, 0x38, 0xd3, 0x1e, 0x5c, 0x38, 0x5d, 0x3d, 0x3a, 0x38,
  0x79, 0x35, 0x58, 0x38, 0x37, 0x5d, 0x56, 0x38, 0x67, 0x3c, 0x52, 0x38,
  0x79, 0x90, 0x70, 0x38, 0xe7, 0xba, 0x4f, 0x38, 0x9c, 0x9f, 0x5e, 0x38,
  0x94, 0x00, 0x00, 0x00, 0x73, 0x65, 0x71, 0x75, 0x65, 0x6e, 0x74, 0x69,
  0x61, 0x6c, 0x5f, 0x36, 0x37, 0x5f, 0x31, 0x2f, 0x63, 0x6f, 0x6e, 0x76,
  0x32, 0x64, 0x5f, 0x33, 0x32, 0x32, 0x5f, 0x31, 0x2f, 0x52, 0x65, 0x6c,
  0x75, 0x3b, 0x73, 0x65, 0x71, 0x75, 0x65, 0x6e, 0x74, 0x69, 0x61, 0x6c,
  0x5f, 0x36, 0x37, 0x5f, 0x31, 0x2f, 0x63, 0x6f, 0x6e, 0x76, 0x32, 0x64,
  0x5f, 0x33, 0x32, 0x32, 0x5f, 0x31, 0x2f, 0x42, 0x69, 0x61, 0x73, 0x41,
  0x64, 0x64, 0x3b, 0x73, 0x65, 0x71, 0x75, 0x65, 0x6e, 0x74, 0x69, 0x61,
  0x6c, 0x5f, 0x36, 0x37, 0x5f, 0x31, 0x2f, 0x63, 0x6f, 0x6e, 0x76, 0x32,
  0x64, 0x5f, 0x33, 0x32, 0x32, 0x5f, 0x31, 0x2f, 0x63, 0x6f, 0x6e, 0x76,
  0x6f, 0x6c, 0x75, 0x74, 0x69, 0x6f, 0x6e, 0x3b, 0x73, 0x65, 0x71, 0x75,
  0x65, 0x6e, 0x74, 0x69, 0x61, 0x6c, 0x5f, 0x36, 0x37, 0x5f, 0x31, 0x2f,
  0x63, 0x6f, 0x6e, 0x76, 0x32, 0x64, 0x5f, 0x33, 0x32, 0x32, 0x5f, 0x31,
  0x2f, 0x53, 0x71, 0x75, 0x65, 0x65, 0x7a, 0x65, 0x00, 0x00, 0x00, 0x00,
  0x01, 0x00, 0x00, 0x00, 0x10, 0x00, 0x00, 0x00, 0x4a, 0xf9, 0xff, 0xff,
  0x00, 0x00, 0x00, 0x01, 0x14, 0x00, 0x00, 0x00, 0x30, 0x00, 0x00, 0x00,
  0x0a, 0x00, 0x00, 0x00, 0x00, 0x00, 0x00, 0x09, 0x60, 0x00, 0x00, 0x00,
  0x34, 0xf9, 0xff, 0xff, 0x08, 0x00, 0x00, 0x00, 0x10, 0x00, 0x00, 0x00,
  0x01, 0x00, 0x00, 0x00, 0x80, 0xff, 0xff, 0xff, 0xff, 0xff, 0xff, 0xff,
  0x01, 0x00, 0x00, 0x00, 0x1e, 0xeb, 0x08, 0x3c, 0x37, 0x00, 0x00, 0x00,
  0x73, 0x65, 0x71, 0x75, 0x65, 0x6e, 0x74, 0x69, 0x61, 0x6c, 0x5f, 0x36,
  0x37, 0x5f, 0x31, 0x2f, 0x62, 0x61, 0x74, 0x63, 0x68, 0x5f, 0x6e, 0x6f,
  0x72, 0x6d, 0x61, 0x6c, 0x69, 0x7a, 0x61, 0x74, 0x69, 0x6f, 0x6e, 0x5f,
  0x31, 0x36, 0x30, 0x5f, 0x31, 0x2f, 0x62, 0x61, 0x74, 0x63, 0x68, 0x6e,
  0x6f, 0x72, 0x6d, 0x2f, 0x6d, 0x75, 0x6c, 0x00, 0x01, 0x00, 0x00, 0x00,
  0x10, 0x00, 0x00, 0x00, 0xca, 0xf9, 0xff, 0xff, 0x00, 0x00, 0x00, 0x01,
  0x14, 0x00, 0x00, 0x00, 0x30, 0x00, 0x00, 0x00, 0x09, 0x00, 0x00, 0x00,
  0x00, 0x00, 0x00, 0x09, 0x60, 0x00, 0x00, 0x00, 0xb4, 0xf9, 0xff, 0xff,
  0x08, 0x00, 0x00, 0x00, 0x10, 0x00, 0x00, 0x00, 0x01, 0x00, 0x00, 0x00,
  0x7f, 0x00, 0x00, 0x00, 0x00, 0x00, 0x00, 0x00, 0x01, 0x00, 0x00, 0x00,
  0x8f, 0x13, 0x70, 0x3b, 0x37, 0x00, 0x00, 0x00, 0x73, 0x65, 0x71, 0x75,
  0x65, 0x6e, 0x74, 0x69, 0x61, 0x6c, 0x5f, 0x36, 0x37, 0x5f, 0x31, 0x2f,
  0x62, 0x61, 0x74, 0x63, 0x68, 0x5f, 0x6e, 0x6f, 0x72, 0x6d, 0x61, 0x6c,
  0x69, 0x7a, 0x61, 0x74, 0x69, 0x6f, 0x6e, 0x5f, 0x31, 0x36, 0x30, 0x5f,
  0x31, 0x2f, 0x62, 0x61, 0x74, 0x63, 0x68, 0x6e, 0x6f, 0x72, 0x6d, 0x2f,
  0x73, 0x75, 0x62, 0x00, 0x01, 0x00, 0x00, 0x00, 0x10, 0x00, 0x00, 0x00,
  0x4a, 0xfa, 0xff, 0xff, 0x00, 0x00, 0x00, 0x01, 0x14, 0x00, 0x00, 0x00,
  0xe8, 0x00, 0x00, 0x00, 0x08, 0x00, 0x00, 0x00, 0x00, 0x00, 0x00, 0x09,
  0x0c, 0x01, 0x00, 0x00, 0x34, 0xfa, 0xff, 0xff, 0x08, 0x00, 0x00, 0x00,
  0x8c, 0x00, 0x00, 0x00, 0x10, 0x00, 0x00, 0x00, 0x00, 0x00, 0x00, 0x00,
  0x00, 0x00, 0x00, 0x00, 0x00, 0x00, 0x00, 0x00, 0x00, 0x00, 0x00, 0x00,
  0x00, 0x00, 0x00, 0x00, 0x00, 0x00, 0x00, 0x00, 0x00, 0x00, 0x00, 0x00,
  0x00, 0x00, 0x00, 0x00, 0x00, 0x00, 0x00, 0x00, 0x00, 0x00, 0x00, 0x00,
  0x00, 0x00, 0x00, 0x00, 0x00, 0x00, 0x00, 0x00, 0x00, 0x00, 0x00, 0x00,
  0x00, 0x00, 0x00, 0x00, 0x00, 0x00, 0x00, 0x00, 0x00, 0x00, 0x00, 0x00,
  0x00, 0x00, 0x00, 0x00, 0x00, 0x00, 0x00, 0x00, 0x00, 0x00, 0x00, 0x00,
  0x00, 0x00, 0x00, 0x00, 0x00, 0x00, 0x00, 0x00, 0x00, 0x00, 0x00, 0x00,
  0x00, 0x00, 0x00, 0x00, 0x00, 0x00, 0x00, 0x00, 0x00, 0x00, 0x00, 0x00,
  0x00, 0x00, 0x00, 0x00, 0x00, 0x00, 0x00, 0x00, 0x00, 0x00, 0x00, 0x00,
  0x00, 0x00, 0x00, 0x00, 0x00, 0x00, 0x00, 0x00, 0x00, 0x00, 0x00, 0x00,
  0x00, 0x00, 0x00, 0x00, 0x00, 0x00, 0x00, 0x00, 0x10, 0x00, 0x00, 0x00,
  0x8f, 0x4e, 0x26, 0x3b, 0x47, 0xc5, 0x06, 0x3b, 0xe3, 0x4b, 0x05, 0x3b,
  0x96, 0xbc, 0x18, 0x3b, 0x0b, 0xb5, 0x0e, 0x3b, 0x60, 0x11, 0x01, 0x3b,
  0xac, 0x03, 0x16, 0x3b, 0x8a, 0x20, 0x1d, 0x3b, 0x9e, 0x2a, 0x0b, 0x3b,
  0xa3, 0xcc, 0x16, 0x3b, 0x89, 0x81, 0x09, 0x3b, 0x54, 0x98, 0x1e, 0x3b,
  0xa7, 0x15, 0x17, 0x3b, 0xb2, 0x04, 0x18, 0x3b, 0xc2, 0x68, 0x16, 0x3b,
  0x52, 0xb1, 0xf0, 0x3a, 0x28, 0x00, 0x00, 0x00, 0x73, 0x65, 0x71, 0x75,
  0x65, 0x6e, 0x74, 0x69, 0x61, 0x6c, 0x5f, 0x36, 0x37, 0x5f, 0x31, 0x2f,
  0x63, 0x6f, 0x6e, 0x76, 0x32, 0x64, 0x5f, 0x33, 0x32, 0x33, 0x5f, 0x31,
  0x2f, 0x63, 0x6f, 0x6e, 0x76, 0x6f, 0x6c, 0x75, 0x74, 0x69, 0x6f, 0x6e,
  0x00, 0x00, 0x00, 0x00, 0x04, 0x00, 0x00, 0x00, 0x10, 0x00, 0x00, 0x00,
  0x03, 0x00, 0x00, 0x00, 0x01, 0x00, 0x00, 0x00, 0x10, 0x00, 0x00, 0x00,
  0x82, 0xfb, 0xff, 0xff, 0x00, 0x00, 0x00, 0x01, 0x14, 0x00, 0x00, 0x00,
  0xe8, 0x00, 0x00, 0x00, 0x07, 0x00, 0x00, 0x00, 0x00, 0x00, 0x00, 0x02,
  0x78, 0x01, 0x00, 0x00, 0x6c, 0xfb, 0xff, 0xff, 0x08, 0x00, 0x00, 0x00,
  0x8c, 0x00, 0x00, 0x00, 0x10, 0x00, 0x00, 0x00, 0x00, 0x00, 0x00, 0x00,
  0x00, 0x00, 0x00, 0x00, 0x00, 0x00, 0x00, 0x00, 0x00, 0x00, 0x00, 0x00,
  0x00, 0x00, 0x00, 0x00, 0x00, 0x00, 0x00, 0x00, 0x00, 0x00, 0x00, 0x00,
  0x00, 0x00, 0x00, 0x00, 0x00, 0x00, 0x00, 0x00, 0x00, 0x00, 0x00, 0x00,
  0x00, 0x00, 0x00, 0x00, 0x00, 0x00, 0x00, 0x00, 0x00, 0x00, 0x00, 0x00,
  0x00, 0x00, 0x00, 0x00, 0x00, 0x00, 0x00, 0x00, 0x00, 0x00, 0x00, 0x00,
  0x00, 0x00, 0x00, 0x00, 0x00, 0x00, 0x00, 0x00, 0x00, 0x00, 0x00, 0x00,
  0x00, 0x00, 0x00, 0x00, 0x00, 0x00, 0x00, 0x00, 0x00, 0x00, 0x00, 0x00,
  0x00, 0x00, 0x00, 0x00, 0x00, 0x00, 0x00, 0x00, 0x00, 0x00, 0x00, 0x00,
  0x00, 0x00, 0x00, 0x00, 0x00, 0x00, 0x00, 0x00, 0x00, 0x00, 0x00, 0x00,
  0x00, 0x00, 0x00, 0x00, 0x00, 0x00, 0x00, 0x00, 0x00, 0x00, 0x00, 0x00,
  0x00, 0x00, 0x00, 0x00, 0x00, 0x00, 0x00, 0x00, 0x10, 0x00, 0x00, 0x00,
  0x6c, 0xf2, 0xa7, 0x38, 0x86, 0x19, 0x88, 0x38, 0x69, 0x9c, 0x86, 0x38,
  0x30, 0x3e, 0x9a, 0x38, 0x53, 0x1d, 0x90, 0x38, 0x39, 0x57, 0x82, 0x38,
  0x67, 0x7e, 0x97, 0x38, 0x3a, 0xad, 0x9e, 0x38, 0xf6, 0x89, 0x8c, 0x38,
  0x59, 0x49, 0x98, 0x38, 0xb0, 0xdc, 0x8a, 0x38, 0xb9, 0x28, 0xa0, 0x38,
  0x16, 0x93, 0x98, 0x38, 0x7c, 0x84, 0x99, 0x38, 0x7c, 0xe4, 0x97, 0x38,
  0xfb, 0x10, 0x73, 0x38, 0x94, 0x00, 0x00, 0x00, 0x73, 0x65, 0x71, 0x75,
  0x65, 0x6e, 0x74, 0x69, 0x61, 0x6c, 0x5f, 0x36, 0x37, 0x5f, 0x31, 0x2f,
  0x63, 0x6f, 0x6e, 0x76, 0x32, 0x64, 0x5f, 0x33, 0x32, 0x33, 0x5f, 0x31,
  0x2f, 0x52, 0x65, 0x6c, 0x75, 0x3b, 0x73, 0x65, 0x71, 0x75, 0x65, 0x6e,
  0x74, 0x69, 0x61, 0x6c, 0x5f, 0x36, 0x37, 0x5f, 0x31, 0x2f, 0x63, 0x6f,
  0x6e, 0x76, 0x32, 0x64, 0x5f, 0x33, 0x32, 0x33, 0x5f, 0x31, 0x2f, 0x42,
  0x69, 0x61, 0x73, 0x41, 0x64, 0x64, 0x3b, 0x73, 0x65, 0x71, 0x75, 0x65,
  0x6e, 0x74, 0x69, 0x61, 0x6c, 0x5f, 0x36, 0x37, 0x5f, 0x31, 0x2f, 0x63,
  0x6f, 0x6e, 0x76, 0x32, 0x64, 0x5f, 0x33, 0x32, 0x33, 0x5f, 0x31, 0x2f,
  0x63, 0x6f, 0x6e, 0x76, 0x6f, 0x6c, 0x75, 0x74, 0x69, 0x6f, 0x6e, 0x3b,
  0x73, 0x65, 0x71, 0x75, 0x65, 0x6e, 0x74, 0x69, 0x61, 0x6c, 0x5f, 0x36,
  0x37, 0x5f, 0x31, 0x2f, 0x63, 0x6f, 0x6e, 0x76, 0x32, 0x64, 0x5f, 0x33,
  0x32, 0x33, 0x5f, 0x31, 0x2f, 0x53, 0x71, 0x75, 0x65, 0x65, 0x7a, 0x65,
  0x00, 0x00, 0x00, 0x00, 0x01, 0x00, 0x00, 0x00, 0x10, 0x00, 0x00, 0x00,
  0x1a, 0xfd, 0xff, 0xff, 0x00, 0x00, 0x00, 0x01, 0x14, 0x00, 0x00, 0x00,
  0x30, 0x00, 0x00, 0x00, 0x06, 0x00, 0x00, 0x00, 0x00, 0x00, 0x00, 0x09,
  0x60, 0x00, 0x00, 0x00, 0x04, 0xfd, 0xff, 0xff, 0x08, 0x00, 0x00, 0x00,
  0x10, 0x00, 0x00, 0x00, 0x01, 0x00, 0x00, 0x00, 0x80, 0xff, 0xff, 0xff,
  0xff, 0xff, 0xff, 0xff, 0x01, 0x00, 0x00, 0x00, 0x2f, 0xa9, 0x12, 0x3c,
  0x37, 0x00, 0x00, 0x00, 0x73, 0x65, 0x71, 0x75, 0x65, 0x6e, 0x74, 0x69,
  0x61, 0x6c, 0x5f, 0x36, 0x37, 0x5f, 0x31, 0x2f, 0x62, 0x61, 0x74, 0x63,
  0x68, 0x5f, 0x6e, 0x6f, 0x72, 0x6d, 0x61, 0x6c, 0x69, 0x7a, 0x61, 0x74,
  0x69, 0x6f, 0x6e, 0x5f, 0x31, 0x36, 0x31, 0x5f, 0x31, 0x2f, 0x62, 0x61,
  0x74, 0x63, 0x68, 0x6e, 0x6f, 0x72, 0x6d, 0x2f, 0x6d, 0x75, 0x6c, 0x00,
  0x01, 0x00, 0x00, 0x00, 0x10, 0x00, 0x00, 0x00, 0x9a, 0xfd, 0xff, 0xff,
  0x00, 0x00, 0x00, 0x01, 0x14, 0x00, 0x00, 0x00, 0x30, 0x00, 0x00, 0x00,
  0x05, 0x00, 0x00, 0x00, 0x00, 0x00, 0x00, 0x09, 0x60, 0x00, 0x00, 0x00,
  0x84, 0xfd, 0xff, 0xff, 0x08, 0x00, 0x00, 0x00, 0x10, 0x00, 0x00, 0x00,
  0x01, 0x00, 0x00, 0x00, 0x7f, 0x00, 0x00, 0x00, 0x00, 0x00, 0x00, 0x00,
  0x01, 0x00, 0x00, 0x00, 0xe3, 0xee, 0x85, 0x3b, 0x37, 0x00, 0x00, 0x00,
  0x73, 0x65, 0x71, 0x75, 0x65, 0x6e, 0x74, 0x69, 0x61, 0x6c, 0x5f, 0x36,
  0x37, 0x5f, 0x31, 0x2f, 0x62, 0x61, 0x74, 0x63, 0x68, 0x5f, 0x6e, 0x6f,
  0x72, 0x6d, 0x61, 0x6c, 0x69, 0x7a, 0x61, 0x74, 0x69, 0x6f, 0x6e, 0x5f,
  0x31, 0x36, 0x31, 0x5f, 0x31, 0x2f, 0x62, 0x61, 0x74, 0x63, 0x68, 0x6e,
  0x6f, 0x72, 0x6d, 0x2f, 0x73, 0x75, 0x62, 0x00, 0x01, 0x00, 0x00, 0x00,
  0x10, 0x00, 0x00, 0x00, 0x1a, 0xfe, 0xff, 0xff, 0x00, 0x00, 0x00, 0x01,
  0x14, 0x00, 0x00, 0x00, 0x78, 0x00, 0x00, 0x00, 0x04, 0x00, 0x00, 0x00,
  0x00, 0x00, 0x00, 0x09, 0x94, 0x00, 0x00, 0x00, 0x04, 0xfe, 0xff, 0xff,
  0x08, 0x00, 0x00, 0x00, 0x40, 0x00, 0x00, 0x00, 0x07, 0x00, 0x00, 0x00,
  0x00, 0x00, 0x00, 0x00, 0x00, 0x00, 0x00, 0x00, 0x00, 0x00, 0x00, 0x00,
  0x00, 0x00, 0x00, 0x00, 0x00, 0x00, 0x00, 0x00, 0x00, 0x00, 0x00, 0x00,
  0x00, 0x00, 0x00, 0x00, 0x00, 0x00, 0x00, 0x00, 0x00, 0x00, 0x00, 0x00,
  0x00, 0x00, 0x00, 0x00, 0x00, 0x00, 0x00, 0x00, 0x00, 0x00, 0x00, 0x00,
  0x00, 0x00, 0x00, 0x00, 0x00, 0x00, 0x00, 0x00, 0x07, 0x00, 0x00, 0x00,
  0x54, 0x22, 0x79, 0x3b, 0x53, 0x9f, 0x8d, 0x3b, 0x46, 0x3e, 0x9b, 0x3b,
  0x74, 0x4e, 0x8e, 0x3b, 0x6d, 0xed, 0x83, 0x3b, 0x3b, 0xd5, 0x9b, 0x3b,
  0x5c, 0x4e, 0x76, 0x3b, 0x21, 0x00, 0x00, 0x00, 0x73, 0x65, 0x71, 0x75,
  0x65, 0x6e, 0x74, 0x69, 0x61, 0x6c, 0x5f, 0x36, 0x37, 0x5f, 0x31, 0x2f,
  0x64, 0x65, 0x6e, 0x73, 0x65, 0x5f, 0x36, 0x37, 0x5f, 0x31, 0x2f, 0x4d,
  0x61, 0x74, 0x4d, 0x75, 0x6c, 0x00, 0x00, 0x00, 0x02, 0x00, 0x00, 0x00,
  0x07, 0x00, 0x00, 0x00, 0x10, 0x00, 0x00, 0x00, 0xd2, 0xfe, 0xff, 0xff,
  0x00, 0x00, 0x00, 0x01, 0x14, 0x00, 0x00, 0x00, 0x78, 0x00, 0x00, 0x00,
  0x03, 0x00, 0x00, 0x00, 0x00, 0x00, 0x00, 0x02, 0x94, 0x00, 0x00, 0x00,
  0xbc, 0xfe, 0xff, 0xff, 0x08, 0x00, 0x00, 0x00, 0x40, 0x00, 0x00, 0x00,
  0x07, 0x00, 0x00, 0x00, 0x00, 0x00, 0x00, 0x00, 0x00, 0x00, 0x00, 0x00,
  0x00, 0x00, 0x00, 0x00, 0x00, 0x00, 0x00, 0x00, 0x00, 0x00, 0x00, 0x00,
  0x00, 0x00, 0x00, 0x00, 0x00, 0x00, 0x00, 0x00, 0x00, 0x00, 0x00, 0x00,
  0x00, 0x00, 0x00, 0x00, 0x00, 0x00, 0x00, 0x00, 0x00, 0x00, 0x00, 0x00,
  0x00, 0x00, 0x00, 0x00, 0x00, 0x00, 0x00, 0x00, 0x00, 0x00, 0x00, 0x00,
  0x07, 0x00, 0x00, 0x00, 0x31, 0x80, 0xca, 0x38, 0xfb, 0x39, 0xe6, 0x38,
  0x7e, 0x5e, 0xfc, 0x38, 0xad, 0x56, 0xe7, 0x38, 0x51, 0x77, 0xd6, 0x38,
  0xe5, 0x53, 0xfd, 0x38, 0xbd, 0x33, 0xc8, 0x38, 0x22, 0x00, 0x00, 0x00,
  0x73, 0x65, 0x71, 0x75, 0x65, 0x6e, 0x74, 0x69, 0x61, 0x6c, 0x5f, 0x36,
  0x37, 0x5f, 0x31, 0x2f, 0x64, 0x65, 0x6e, 0x73, 0x65, 0x5f, 0x36, 0x37,
  0x5f, 0x31, 0x2f, 0x42, 0x69, 0x61, 0x73, 0x41, 0x64, 0x64, 0x00, 0x00,
  0x01, 0x00, 0x00, 0x00, 0x07, 0x00, 0x00, 0x00, 0x86, 0xff, 0xff, 0xff,
  0x00, 0x00, 0x00, 0x01, 0x18, 0x00, 0x00, 0x00, 0x18, 0x00, 0x00, 0x00,
  0x02, 0x00, 0x00, 0x00, 0x00, 0x00, 0x00, 0x02, 0x58, 0x00, 0x00, 0x00,
  0x04, 0x00, 0x04, 0x00, 0x04, 0x00, 0x00, 0x00, 0x44, 0x00, 0x00, 0x00,
  0x73, 0x65, 0x71, 0x75, 0x65, 0x6e, 0x74, 0x69, 0x61, 0x6c, 0x5f, 0x36,
  0x37, 0x5f, 0x31, 0x2f, 0x67, 0x6c, 0x6f, 0x62, 0x61, 0x6c, 0x5f, 0x61,
  0x76, 0x65, 0x72, 0x61, 0x67, 0x65, 0x5f, 0x70, 0x6f, 0x6f, 0x6c, 0x69,
  0x6e, 0x67, 0x32, 0x64, 0x5f, 0x36, 0x37, 0x5f, 0x31, 0x2f, 0x4d, 0x65,
  0x61, 0x6e, 0x2f, 0x72, 0x65, 0x64, 0x75, 0x63, 0x74, 0x69, 0x6f, 0x6e,
  0x5f, 0x69, 0x6e, 0x64, 0x69, 0x63, 0x65, 0x73, 0x00, 0x00, 0x00, 0x00,
  0x01, 0x00, 0x00, 0x00, 0x02, 0x00, 0x00, 0x00, 0x00, 0x00, 0x16, 0x00,
  0x1c, 0x00, 0x18, 0x00, 0x17, 0x00, 0x10, 0x00, 0x0c, 0x00, 0x08, 0x00,
  0x00, 0x00, 0x00, 0x00, 0x00, 0x00, 0x07, 0x00, 0x16, 0x00, 0x00, 0x00,
  0x00, 0x00, 0x00, 0x01, 0x20, 0x00, 0x00, 0x00, 0x40, 0x00, 0x00, 0x00,
  0x01, 0x00, 0x00, 0x00, 0x00, 0x00, 0x00, 0x09, 0x5c, 0x00, 0x00, 0x00,
  0x0c, 0x00, 0x0c, 0x00, 0x00, 0x00, 0x00, 0x00, 0x08, 0x00, 0x04, 0x00,
  0x0c, 0x00, 0x00, 0x00, 0x08, 0x00, 0x00, 0x00, 0x14, 0x00, 0x00, 0x00,
  0x01, 0x00, 0x00, 0x00, 0xf1, 0xff, 0xff, 0xff, 0xff, 0xff, 0xff, 0xff,
  0x00, 0x00, 0x00, 0x00, 0x01, 0x00, 0x00, 0x00, 0x9e, 0x8d, 0xf5, 0x3f,
  0x23, 0x00, 0x00, 0x00, 0x73, 0x65, 0x72, 0x76, 0x69, 0x6e, 0x67, 0x5f,
  0x64, 0x65, 0x66, 0x61, 0x75, 0x6c, 0x74, 0x5f, 0x6b, 0x65, 0x72, 0x61,
  0x73, 0x5f, 0x74, 0x65, 0x6e, 0x73, 0x6f, 0x72, 0x5f, 0x38, 0x38, 0x37,
  0x32, 0x3a, 0x30, 0x00, 0x04, 0x00, 0x00, 0x00, 0x01, 0x00, 0x00, 0x00,
  0x0f, 0x00, 0x00, 0x00, 0x01, 0x00, 0x00, 0x00, 0x09, 0x00, 0x00, 0x00,
  0x07, 0x00, 0x00, 0x00, 0x94, 0x00, 0x00, 0x00, 0x74, 0x00, 0x00, 0x00,
  0x68, 0x00, 0x00, 0x00, 0x4c, 0x00, 0x00, 0x00, 0x2c, 0x00, 0x00, 0x00,
  0x18, 0x00, 0x00, 0x00, 0x04, 0x00, 0x00, 0x00, 0x94, 0xff, 0xff, 0xff,
  0x19, 0x00, 0x00, 0x00, 0x02, 0x00, 0x00, 0x00, 0x00, 0x00, 0x00, 0x19,
  0xa4, 0xff, 0xff, 0xff, 0x09, 0x00, 0x00, 0x00, 0x04, 0x00, 0x00, 0x00,
  0x00, 0x00, 0x00, 0x09, 0xb4, 0xff, 0xff, 0xff, 0x28, 0x00, 0x00, 0x00,
  0x02, 0x00, 0x00, 0x00, 0x00, 0x00, 0x00, 0x28, 0x0c, 0x00, 0x0e, 0x00,
  0x0d, 0x00, 0x00, 0x00, 0x08, 0x00, 0x04, 0x00, 0x0c, 0x00, 0x00, 0x00,
  0x11, 0x00, 0x00, 0x00, 0x02, 0x00, 0x00, 0x00, 0x00, 0x11, 0x0a, 0x00,
  0x08, 0x00, 0x00, 0x00, 0x00, 0x00, 0x04, 0x00, 0x0a, 0x00, 0x00, 0x00,
  0x02, 0x00, 0x00, 0x00, 0xf0, 0xff, 0xff, 0xff, 0x12, 0x00, 0x00, 0x00,
  0x02, 0x00, 0x00, 0x00, 0x00, 0x00, 0x00, 0x12, 0x0c, 0x00, 0x10, 0x00,
  0x0f, 0x00, 0x00, 0x00, 0x08, 0x00, 0x04, 0x00, 0x0c, 0x00, 0x00, 0x00,
  0x03, 0x00, 0x00, 0x00, 0x03, 0x00, 0x00, 0x00, 0x00, 0x00, 0x00, 0x03
};
unsigned int tflite_models_conv_8_15_ON_int8_tflite_len = 25992;
