unsigned char tflite_models_conv_4_10_OFF_hybrid_tflite[] = {
  0x1c, 0x00, 0x00, 0x00, 0x54, 0x46, 0x4c, 0x33, 0x14, 0x00, 0x20, 0x00,
  0x1c, 0x00, 0x18, 0x00, 0x14, 0x00, 0x10, 0x00, 0x0c, 0x00, 0x00, 0x00,
  0x08, 0x00, 0x04, 0x00, 0x14, 0x00, 0x00, 0x00, 0x1c, 0x00, 0x00, 0x00,
  0x9c, 0x00, 0x00, 0x00, 0xf4, 0x00, 0x00, 0x00, 0x90, 0x3c, 0x00, 0x00,
  0xa0, 0x3c, 0x00, 0x00, 0x40, 0x4c, 0x00, 0x00, 0x03, 0x00, 0x00, 0x00,
  0x01, 0x00, 0x00, 0x00, 0x10, 0x00, 0x00, 0x00, 0x00, 0x00, 0x0a, 0x00,
  0x10, 0x00, 0x0c, 0x00, 0x08, 0x00, 0x04, 0x00, 0x0a, 0x00, 0x00, 0x00,
  0x0c, 0x00, 0x00, 0x00, 0x1c, 0x00, 0x00, 0x00, 0x3c, 0x00, 0x00, 0x00,
  0x0f, 0x00, 0x00, 0x00, 0x73, 0x65, 0x72, 0x76, 0x69, 0x6e, 0x67, 0x5f,
  0x64, 0x65, 0x66, 0x61, 0x75, 0x6c, 0x74, 0x00, 0x01, 0x00, 0x00, 0x00,
  0x04, 0x00, 0x00, 0x00, 0x8c, 0xff, 0xff, 0xff, 0x16, 0x00, 0x00, 0x00,
  0x04, 0x00, 0x00, 0x00, 0x08, 0x00, 0x00, 0x00, 0x6f, 0x75, 0x74, 0x70,
  0x75, 0x74, 0x5f, 0x30, 0x00, 0x00, 0x00, 0x00, 0x01, 0x00, 0x00, 0x00,
  0x04, 0x00, 0x00, 0x00, 0x52, 0xc3, 0xff, 0xff, 0x04, 0x00, 0x00, 0x00,
  0x11, 0x00, 0x00, 0x00, 0x6b, 0x65, 0x72, 0x61, 0x73, 0x5f, 0x74, 0x65,
  0x6e, 0x73, 0x6f, 0x72, 0x5f, 0x31, 0x38, 0x30, 0x34, 0x00, 0x00, 0x00,
  0x02, 0x00, 0x00, 0x00, 0x34, 0x00, 0x00, 0x00, 0x04, 0x00, 0x00, 0x00,
  0xdc, 0xff, 0xff, 0xff, 0x19, 0x00, 0x00, 0x00, 0x04, 0x00, 0x00, 0x00,
  0x13, 0x00, 0x00, 0x00, 0x43, 0x4f, 0x4e, 0x56, 0x45, 0x52, 0x53, 0x49,
  0x4f, 0x4e, 0x5f, 0x4d, 0x45, 0x54, 0x41, 0x44, 0x41, 0x54, 0x41, 0x00,
  0x08, 0x00, 0x0c, 0x00, 0x08, 0x00, 0x04, 0x00, 0x08, 0x00, 0x00, 0x00,
  0x18, 0x00, 0x00, 0x00, 0x04, 0x00, 0x00, 0x00, 0x13, 0x00, 0x00, 0x00,
  0x6d, 0x69, 0x6e, 0x5f, 0x72, 0x75, 0x6e, 0x74, 0x69, 0x6d, 0x65, 0x5f,
  0x76, 0x65, 0x72, 0x73, 0x69, 0x6f, 0x6e, 0x00, 0x1a, 0x00, 0x00, 0x00,
  0x98, 0x3b, 0x00, 0x00, 0x90, 0x3b, 0x00, 0x00, 0x40, 0x3b, 0x00, 0x00,
  0xf0, 0x3a, 0x00, 0x00, 0xa0, 0x3a, 0x00, 0x00, 0x50, 0x3a, 0x00, 0x00,
  0x24, 0x3a, 0x00, 0x00, 0x14, 0x2e, 0x00, 0x00, 0x04, 0x22, 0x00, 0x00,
  0xf4, 0x15, 0x00, 0x00, 0xe4, 0x09, 0x00, 0x00, 0x14, 0x08, 0x00, 0x00,
  0xfc, 0x07, 0x00, 0x00, 0x2c, 0x01, 0x00, 0x00, 0xdc, 0x00, 0x00, 0x00,
  0xd4, 0x00, 0x00, 0x00, 0xcc, 0x00, 0x00, 0x00, 0xc4, 0x00, 0x00, 0x00,
  0xbc, 0x00, 0x00, 0x00, 0xb4, 0x00, 0x00, 0x00, 0xac, 0x00, 0x00, 0x00,
  0xa4, 0x00, 0x00, 0x00, 0x9c, 0x00, 0x00, 0x00, 0x94, 0x00, 0x00, 0x00,
  0x74, 0x00, 0x00, 0x00, 0x04, 0x00, 0x00, 0x00, 0x3a, 0xc4, 0xff, 0xff,
  0x04, 0x00, 0x00, 0x00, 0x60, 0x00, 0x00, 0x00, 0x0c, 0x00, 0x00, 0x00,
  0x08, 0x00, 0x0e, 0x00, 0x08, 0x00, 0x04, 0x00, 0x08, 0x00, 0x00, 0x00,
  0x10, 0x00, 0x00, 0x00, 0x28, 0x00, 0x00, 0x00, 0x00, 0x00, 0x06, 0x00,
  0x08, 0x00, 0x04, 0x00, 0x06, 0x00, 0x00, 0x00, 0x04, 0x00, 0x00, 0x00,
  0x01, 0x00, 0x00, 0x00, 0xea, 0x03, 0x00, 0x00, 0x0c, 0x00, 0x18, 0x00,
  0x14, 0x00, 0x10, 0x00, 0x0c, 0x00, 0x04, 0x00, 0x0c, 0x00, 0x00, 0x00,
  0x62, 0xf3, 0x0b, 0xa8, 0x97, 0x26, 0xb0, 0xb7, 0x02, 0x00, 0x00, 0x00,
  0x02, 0x00, 0x00, 0x00, 0x04, 0x00, 0x00, 0x00, 0x06, 0x00, 0x00, 0x00,
  0x32, 0x2e, 0x32, 0x31, 0x2e, 0x30, 0x00, 0x00, 0xa6, 0xc4, 0xff, 0xff,
  0x04, 0x00, 0x00, 0x00, 0x10, 0x00, 0x00, 0x00, 0x31, 0x2e, 0x36, 0x2e,
  0x30, 0x00, 0x00, 0x00, 0x00, 0x00, 0x00, 0x00, 0x00, 0x00, 0x00, 0x00,
  0xe0, 0xb5, 0xff, 0xff, 0xe4, 0xb5, 0xff, 0xff, 0xe8, 0xb5, 0xff, 0xff,
  0xec, 0xb5, 0xff, 0xff, 0xf0, 0xb5, 0xff, 0xff, 0xf4, 0xb5, 0xff, 0xff,
  0xf8, 0xb5, 0xff, 0xff, 0xfc, 0xb5, 0xff, 0xff, 0x00, 0xb6, 0xff, 0xff,
  0xe6, 0xc4, 0xff, 0xff, 0x04, 0x00, 0x00, 0x00, 0x40, 0x00, 0x00, 0x00,
  0x57, 0x64, 0xd5, 0xbb, 0x10, 0xa7, 0xcd, 0x3c, 0xa8, 0x11, 0x03, 0x3b,
  0x47, 0xbd, 0x71, 0x3b, 0x57, 0xda, 0x58, 0xbc, 0x7f, 0x61, 0x84, 0x3c,
  0x22, 0xc7, 0xaa, 0x3c, 0x67, 0xa4, 0x9b, 0x3c, 0xb9, 0x6d, 0x12, 0xbc,
  0xec, 0xc4, 0x5b, 0xbc, 0x30, 0x2d, 0x3d, 0x3c, 0xd4, 0x38, 0x8b, 0x3c,
  0x55, 0x23, 0x2f, 0x3c, 0x03, 0xe6, 0x2e, 0x3b, 0x00, 0x81, 0x9d, 0x3c,
  0x59, 0xb4, 0xa4, 0x3c, 0x32, 0xc5, 0xff, 0xff, 0x04, 0x00, 0x00, 0x00,
  0xc0, 0x06, 0x00, 0x00, 0x8d, 0xca, 0x6e, 0x3e, 0x08, 0x94, 0x9a, 0xbc,
  0x64, 0x10, 0x26, 0xbe, 0x33, 0xff, 0xae, 0x3c, 0xfe, 0x14, 0x30, 0xbe,
  0x0b, 0x2d, 0x1d, 0xbc, 0x74, 0x03, 0x07, 0xbe, 0x76, 0x3d, 0x04, 0x3e,
  0xe1, 0x5b, 0x80, 0x3e, 0x33, 0xd6, 0x70, 0xbd, 0xf1, 0xfd, 0x7b, 0x3e,
  0x22, 0xd4, 0x85, 0x3d, 0x9d, 0xb7, 0xa4, 0x3d, 0xed, 0x94, 0x8d, 0x3e,
  0x94, 0xd6, 0xb5, 0x3c, 0x7b, 0x00, 0x87, 0xbe, 0xea, 0x77, 0x54, 0x3d,
  0x1c, 0xad, 0x2e, 0xbe, 0x91, 0x28, 0xb8, 0xbd, 0x73, 0xfd, 0x66, 0xbe,
  0xb1, 0x8e, 0x8b, 0xbb, 0x9d, 0x48, 0x7c, 0x3d, 0xc3, 0xa6, 0xd7, 0xbc,
  0x84, 0xd4, 0xb0, 0xbd, 0xb1, 0x4e, 0x50, 0x3e, 0x75, 0xbe, 0x53, 0x3e,
  0x6a, 0xbf, 0xe3, 0xbc, 0x83, 0xa3, 0xe2, 0x3d, 0xed, 0x0d, 0x80, 0xbe,
  0x85, 0xc3, 0x08, 0x3e, 0x9f, 0x42, 0x5c, 0xbe, 0x2c, 0x41, 0x78, 0x3e,
  0x89, 0x8d, 0x49, 0xbe, 0x57, 0xba, 0xc5, 0xbc, 0x9a, 0x02, 0x59, 0xbe,
  0x61, 0xf3, 0x86, 0x3e, 0x8b, 0x5e, 0x82, 0xbd, 0x8a, 0xd1, 0x27, 0xbd,
  0x6d, 0x8b, 0x63, 0x3e, 0x81, 0x21, 0x39, 0xbe, 0xa0, 0x08, 0x81, 0xbc,
  0x34, 0xab, 0x14, 0xbe, 0x55, 0x5e, 0x7e, 0xbe, 0x8f, 0x51, 0x8c, 0xbe,
  0xb6, 0x92, 0x99, 0xbc, 0xfa, 0x14, 0x09, 0x3e, 0x45, 0x24, 0x71, 0x3c,
  0xfa, 0xf9, 0xbd, 0xbd, 0xeb, 0x55, 0x2c, 0xbe, 0xdb, 0xc8, 0x92, 0x3e,
  0xa8, 0xdc, 0x60, 0x3d, 0x75, 0x00, 0xf1, 0xbd, 0x7f, 0x6b, 0x53, 0x3e,
  0x3f, 0x2c, 0xf6, 0xbd, 0x8a, 0x15, 0xd1, 0xbd, 0x66, 0xb8, 0x58, 0xbd,
  0x0d, 0x6b, 0x65, 0x3e, 0xf3, 0x2a, 0x1f, 0xbe, 0x65, 0x5e, 0xc2, 0xbd,
  0x3d, 0x33, 0x03, 0x3e, 0xb9, 0x05, 0xdd, 0xbd, 0x98, 0x5d, 0x8b, 0x3e,
  0xf6, 0x24, 0x7a, 0x3e, 0x77, 0xca, 0x89, 0xbe, 0x07, 0xb1, 0x2d, 0x3d,
  0xd5, 0x8b, 0x07, 0xbe, 0x06, 0x09, 0x39, 0xbe, 0x9f, 0x5a, 0xc9, 0x3c,
  0xe0, 0xb9, 0x50, 0x3e, 0xbb, 0x59, 0x75, 0xbe, 0x51, 0x55, 0x86, 0x3c,
  0x43, 0xa7, 0xbe, 0xbd, 0xb9, 0x85, 0x8c, 0x3e, 0x40, 0x28, 0x87, 0xbe,
  0x81, 0x77, 0x54, 0xbe, 0x04, 0xcb, 0x27, 0xbe, 0xe9, 0xd1, 0xea, 0xbd,
  0x94, 0xea, 0x88, 0x3c, 0x1c, 0x09, 0x7f, 0x3e, 0x62, 0xc1, 0x26, 0x3e,
  0x28, 0x1e, 0x1f, 0x3e, 0xab, 0x49, 0x03, 0x3e, 0x3e, 0x33, 0xd7, 0x3d,
  0xe8, 0xc6, 0x48, 0x3d, 0xe6, 0x12, 0xce, 0xbd, 0x78, 0x71, 0xbf, 0x3d,
  0x57, 0x33, 0xf1, 0xbd, 0x59, 0xaf, 0x2e, 0xbe, 0xf5, 0xbf, 0x30, 0xbd,
  0xa9, 0xbd, 0x04, 0xbd, 0x7f, 0x2d, 0xeb, 0x3d, 0xb1, 0x18, 0x32, 0x3e,
  0xc8, 0x32, 0xa5, 0xbd, 0xff, 0x99, 0x4b, 0x3e, 0x61, 0xdc, 0x4a, 0xbe,
  0x35, 0xfa, 0xb0, 0xbc, 0xa0, 0x8b, 0x32, 0xbd, 0x52, 0xed, 0x4a, 0x3e,
  0x35, 0x27, 0x94, 0xbd, 0x55, 0x6b, 0xb2, 0xbd, 0x92, 0xb4, 0x81, 0x3d,
  0x84, 0x0d, 0x78, 0xbc, 0x17, 0x38, 0x8c, 0xbe, 0x6c, 0xe1, 0x9e, 0x3d,
  0x9b, 0xb2, 0x5b, 0x3e, 0xa0, 0xea, 0x0d, 0xbe, 0x46, 0x42, 0x1a, 0x3e,
  0xf3, 0x7f, 0x02, 0x3e, 0x6a, 0xf7, 0xd1, 0x3d, 0x8a, 0x10, 0xd0, 0xbd,
  0x14, 0xf9, 0x9d, 0xbd, 0x72, 0x4f, 0x83, 0x3e, 0xed, 0xc6, 0x90, 0xbe,
  0x6a, 0xc5, 0x48, 0x3d, 0x9e, 0xa8, 0x64, 0xbe, 0x22, 0x91, 0x00, 0xbe,
  0x12, 0x16, 0x0c, 0x3e, 0xfa, 0x82, 0xd2, 0x3d, 0x16, 0x84, 0x8c, 0x3e,
  0x21, 0x90, 0x1f, 0x3c, 0x6b, 0x90, 0x8e, 0xbe, 0x06, 0xe5, 0xf1, 0xbd,
  0x3c, 0x5e, 0x62, 0xbe, 0xea, 0x51, 0x0a, 0xbd, 0xf7, 0x73, 0x60, 0xbe,
  0x8a, 0xe5, 0x8e, 0x3d, 0x4f, 0x33, 0x31, 0xbe, 0xae, 0x41, 0xdc, 0xbd,
  0xeb, 0x01, 0x0e, 0x3e, 0x36, 0x13, 0xb7, 0xbd, 0x95, 0x1b, 0x62, 0x3e,
  0x33, 0x64, 0x89, 0xbe, 0x30, 0xa3, 0x87, 0x3e, 0x7c, 0x1f, 0x6c, 0xbe,
  0xa1, 0xdf, 0x57, 0xbd, 0x4e, 0xb7, 0xa0, 0x3d, 0x02, 0xab, 0x0f, 0x3e,
  0x62, 0x9c, 0x4b, 0x3e, 0x68, 0xd7, 0x4b, 0xbc, 0x22, 0x6f, 0x06, 0x3e,
  0xfd, 0x7c, 0x69, 0x3e, 0xea, 0x96, 0x6e, 0x3e, 0xcf, 0x46, 0xa4, 0x3d,
  0x7e, 0xc7, 0x7d, 0xbd, 0xaf, 0xac, 0x7f, 0xbe, 0xb8, 0x3d, 0xc3, 0x3d,
  0xb6, 0x80, 0x08, 0x3e, 0x24, 0x45, 0x10, 0x3e, 0x27, 0xbe, 0x8c, 0x3e,
  0xaa, 0xbf, 0x8f, 0x3e, 0x73, 0xd0, 0x76, 0xbe, 0x40, 0x52, 0xb9, 0x3d,
  0x8e, 0x09, 0x90, 0xbe, 0x2e, 0xd9, 0x5e, 0x3e, 0x52, 0x4b, 0x00, 0xbe,
  0x25, 0xa4, 0xc6, 0xbb, 0x16, 0x9c, 0x24, 0xbe, 0x2c, 0x2e, 0xea, 0x3d,
  0xe4, 0x1c, 0xd5, 0xbd, 0xfb, 0x6a, 0x16, 0x3e, 0x7f, 0xa2, 0x89, 0xbd,
  0x5a, 0x04, 0x79, 0xbe, 0x2d, 0xb3, 0x83, 0x3d, 0x01, 0x1e, 0x9f, 0xbd,
  0x90, 0x54, 0x20, 0xbe, 0xa3, 0xe5, 0x22, 0xbe, 0x1e, 0xe7, 0x06, 0x3d,
  0x16, 0xb9, 0xc8, 0x3d, 0x00, 0xbf, 0x5f, 0xbe, 0x9c, 0x17, 0x31, 0x3e,
  0xde, 0x63, 0x54, 0xbe, 0x7d, 0x1a, 0x8b, 0x3e, 0x0f, 0x69, 0x54, 0x3d,
  0xa9, 0xa2, 0x67, 0xbe, 0xc0, 0x04, 0x19, 0xbe, 0x9b, 0x41, 0x19, 0xbe,
  0xcb, 0xe4, 0xbb, 0x3d, 0xb4, 0xd8, 0x7d, 0x3c, 0xdf, 0xa7, 0x19, 0xbe,
  0x21, 0x23, 0xc8, 0x3d, 0xe9, 0x58, 0x1a, 0x3d, 0x01, 0xad, 0x79, 0xbe,
  0xea, 0x86, 0x82, 0xbe, 0x38, 0xad, 0x80, 0xbe, 0xd9, 0x96, 0x8b, 0xbe,
  0xaa, 0xbc, 0x72, 0xbd, 0x53, 0x6f, 0x89, 0x3e, 0x46, 0x76, 0x5d, 0xbd,
  0x94, 0x9e, 0x8d, 0xbe, 0xc0, 0x04, 0x1e, 0xbe, 0x9d, 0xf7, 0xf0, 0x3d,
  0x07, 0x1f, 0x01, 0x3e, 0xf9, 0xd9, 0x81, 0xbd, 0xe0, 0x9b, 0x5e, 0xbe,
  0x3a, 0x62, 0x6d, 0x3d, 0xd9, 0xed, 0x08, 0x3e, 0xcf, 0x23, 0x45, 0x3d,
  0xbf, 0x93, 0x67, 0x3c, 0xb4, 0xad, 0xfa, 0x3d, 0x72, 0x54, 0x93, 0xbd,
  0xa3, 0xa0, 0x82, 0xbe, 0xf8, 0xd6, 0x85, 0x3e, 0x23, 0x03, 0x05, 0xbe,
  0xe1, 0x3a, 0x46, 0xbe, 0xf5, 0xe6, 0x97, 0x3e, 0xed, 0xf5, 0x1c, 0x3d,
  0xb4, 0xe9, 0x1c, 0x3e, 0xbf, 0xd9, 0x5b, 0x3e, 0x58, 0xe7, 0xcf, 0xbd,
  0xe5, 0xf6, 0xe7, 0x3d, 0xcf, 0xe4, 0x15, 0xbe, 0x09, 0xa7, 0xb4, 0xbd,
  0x01, 0xaf, 0x7c, 0xbd, 0x26, 0x0f, 0x0b, 0x3e, 0x2a, 0x42, 0x10, 0x3d,
  0x84, 0x97, 0x88, 0xbd, 0x24, 0x3d, 0x7e, 0xbe, 0x45, 0x00, 0x66, 0xbe,
  0xaa, 0x37, 0x8c, 0xbe, 0xae, 0x64, 0x76, 0x3d, 0x2e, 0xbd, 0x87, 0x3d,
  0x88, 0x06, 0xb4, 0x3d, 0xf9, 0x43, 0x6a, 0x3d, 0xc9, 0x43, 0x87, 0xbe,
  0xf3, 0xdd, 0x82, 0x3e, 0xe3, 0x82, 0xac, 0x3d, 0xf8, 0x2a, 0xf9, 0x3d,
  0xa2, 0x70, 0x10, 0xbe, 0x59, 0xff, 0xa7, 0xbd, 0x1d, 0xb6, 0x76, 0xbc,
  0x85, 0xa8, 0x24, 0x3e, 0x15, 0xe2, 0x1b, 0x3e, 0x2e, 0xce, 0x2e, 0x3e,
  0x0c, 0x14, 0x2d, 0x3e, 0x26, 0x0e, 0x8f, 0x3d, 0x72, 0xb0, 0x5e, 0xbe,
  0x1a, 0x53, 0x43, 0xbe, 0x33, 0x68, 0xfc, 0xbc, 0x66, 0x99, 0x0e, 0x3e,
  0xcc, 0x23, 0x88, 0x3e, 0x26, 0x41, 0x89, 0x3e, 0x90, 0x9a, 0x8a, 0x3e,
  0x7d, 0xfe, 0x29, 0x3e, 0x4f, 0x08, 0x8f, 0xbd, 0xe3, 0x72, 0x93, 0x3d,
  0xe4, 0x43, 0x7b, 0x3d, 0x09, 0x09, 0x6f, 0xbe, 0xf4, 0x26, 0x8e, 0xbe,
  0xeb, 0x98, 0x88, 0xbe, 0x26, 0x8b, 0x15, 0xbe, 0xe5, 0x40, 0x54, 0xbe,
  0xd1, 0xec, 0x51, 0x3e, 0xfe, 0x44, 0x36, 0xbe, 0xc6, 0xf4, 0x82, 0xbd,
  0xdc, 0x67, 0x21, 0x3e, 0x21, 0x85, 0x83, 0xbd, 0x84, 0x65, 0x10, 0xbe,
  0xa0, 0x87, 0x63, 0xbe, 0xe2, 0x64, 0xb1, 0xbc, 0x0e, 0xf7, 0x0d, 0xbe,
  0x20, 0xc5, 0x34, 0xbe, 0xc3, 0xed, 0x22, 0x3c, 0x71, 0x5d, 0x98, 0xbd,
  0x6b, 0x42, 0x36, 0x3c, 0x6c, 0x12, 0x22, 0x3b, 0xf6, 0x85, 0x78, 0xbe,
  0xa3, 0x18, 0xa8, 0xbd, 0x39, 0x6d, 0x7a, 0xbe, 0x43, 0x70, 0x61, 0x3d,
  0x93, 0xb6, 0xf3, 0x3c, 0xf2, 0xc3, 0xae, 0x3d, 0xb3, 0xf0, 0x12, 0xbd,
  0xd4, 0x08, 0x99, 0x3d, 0xe7, 0xb1, 0x45, 0xbe, 0xaf, 0xeb, 0x29, 0x3d,
  0x1b, 0x1b, 0xd7, 0xbd, 0xbd, 0x7f, 0x26, 0x3e, 0x57, 0x17, 0x00, 0xbd,
  0x6f, 0x13, 0x63, 0x3e, 0x6d, 0x85, 0x4e, 0x3e, 0x29, 0xd5, 0x13, 0xbe,
  0x52, 0xb5, 0x8f, 0xbd, 0x00, 0x61, 0xae, 0xbd, 0xd3, 0x03, 0x64, 0xbd,
  0x88, 0x1d, 0x69, 0x3e, 0xfa, 0xc6, 0x66, 0x3d, 0x8e, 0xa1, 0x31, 0xbd,
  0xee, 0xcd, 0xf8, 0xbd, 0x3e, 0xb7, 0x55, 0x3d, 0xa4, 0x29, 0x4c, 0xbd,
  0x91, 0x98, 0x97, 0xbd, 0x66, 0x6c, 0x8c, 0xbe, 0xac, 0xd5, 0x0a, 0xbe,
  0xd4, 0xc5, 0x56, 0xbe, 0xdc, 0x42, 0xb1, 0xbd, 0xda, 0x95, 0x1b, 0xbe,
  0x33, 0x79, 0x82, 0x3e, 0x21, 0x6e, 0x85, 0xbd, 0xb1, 0x46, 0x71, 0xbe,
  0xd4, 0xcf, 0x14, 0xbe, 0x86, 0x78, 0x83, 0xbe, 0xdf, 0x5b, 0x85, 0x3e,
  0x4b, 0x12, 0xfb, 0xbd, 0xe9, 0x7d, 0xfd, 0xbd, 0x41, 0x28, 0xd8, 0x3d,
  0xd9, 0x9a, 0x38, 0xbe, 0x91, 0xbb, 0x89, 0xbe, 0xcc, 0x23, 0x42, 0x3e,
  0x72, 0xb6, 0xab, 0xbd, 0xc1, 0x06, 0x8d, 0x3e, 0x70, 0x50, 0x4c, 0xbe,
  0x6e, 0x0c, 0x28, 0x3e, 0x4b, 0x67, 0x06, 0xbe, 0xec, 0x99, 0xbe, 0x3d,
  0x4b, 0x3c, 0x15, 0x3e, 0xb8, 0x7a, 0x27, 0x3e, 0xc6, 0x7a, 0x4a, 0xbe,
  0x83, 0x38, 0x08, 0xbd, 0x3c, 0x11, 0x05, 0xbe, 0xde, 0x6c, 0x0c, 0xbe,
  0x41, 0xec, 0x81, 0xbe, 0xc1, 0xf6, 0xfb, 0x3c, 0xd4, 0xb1, 0x6f, 0xbe,
  0xdf, 0xc8, 0x3b, 0xbe, 0xf0, 0x03, 0x31, 0xbe, 0xd3, 0x90, 0x25, 0xbe,
  0xc0, 0xed, 0xf6, 0x3c, 0x83, 0xc9, 0x6b, 0xbe, 0x6c, 0x8a, 0x59, 0x3e,
  0x94, 0x46, 0x3a, 0x3e, 0x60, 0x02, 0x1b, 0x3e, 0x97, 0x97, 0x59, 0x3d,
  0x74, 0x14, 0x56, 0x3d, 0x72, 0x75, 0x63, 0x3e, 0x61, 0xc4, 0x81, 0x3e,
  0x2a, 0xca, 0xd3, 0x3d, 0x48, 0x39, 0xec, 0xbd, 0x40, 0x8f, 0xa6, 0xbd,
  0x8e, 0xd7, 0xf7, 0x3d, 0x5e, 0x5a, 0x4b, 0xbe, 0xa1, 0x9e, 0x84, 0x3e,
  0x8c, 0x7d, 0xdf, 0x3d, 0xbe, 0x7c, 0xa1, 0x3d, 0xcf, 0x09, 0x21, 0xbe,
  0xa1, 0xd6, 0xe8, 0xbd, 0xca, 0x3c, 0x7e, 0x3e, 0xef, 0xae, 0xd3, 0xbd,
  0xb9, 0x17, 0x90, 0xbc, 0xab, 0x69, 0x0d, 0x3a, 0x2f, 0xbe, 0x87, 0x3e,
  0x5f, 0xdd, 0x90, 0xbe, 0x4e, 0x45, 0xf7, 0x3d, 0xe1, 0x2b, 0x80, 0x3e,
  0x0c, 0xa4, 0xeb, 0xbd, 0x0b, 0x83, 0x0f, 0x3e, 0x4c, 0xa2, 0x53, 0x3e,
  0x33, 0x8b, 0x80, 0xbe, 0xac, 0x42, 0x35, 0xbe, 0x17, 0x8a, 0x13, 0x3e,
  0x47, 0x34, 0x1e, 0xbe, 0x7c, 0x40, 0xa8, 0xbd, 0x70, 0x60, 0x8b, 0x3e,
  0x42, 0x1c, 0x3b, 0x3e, 0x30, 0x8e, 0x70, 0x3e, 0x90, 0xce, 0x06, 0xbd,
  0xa9, 0x6f, 0xca, 0xbd, 0x86, 0x16, 0x16, 0xbd, 0xa0, 0x91, 0x01, 0x3e,
  0x2c, 0x48, 0x03, 0x3e, 0xb9, 0xe3, 0x6e, 0x3e, 0x56, 0xac, 0x11, 0xbe,
  0xf0, 0xdc, 0x53, 0x3e, 0xd2, 0x58, 0x80, 0x3e, 0xd6, 0x05, 0x8d, 0xbe,
  0xb0, 0x58, 0x5e, 0x3e, 0x45, 0xc4, 0x5e, 0xbc, 0x2f, 0x55, 0xc1, 0x3d,
  0x7e, 0x19, 0x13, 0x3e, 0x21, 0x08, 0x15, 0x3e, 0x39, 0x8f, 0xf2, 0xbd,
  0x10, 0xe1, 0xe1, 0xbd, 0xda, 0xa6, 0x8f, 0x3e, 0xd4, 0x9b, 0x07, 0xbe,
  0x87, 0x31, 0x75, 0x3e, 0x7c, 0x2a, 0x3a, 0xbe, 0x94, 0xcc, 0x4d, 0xbd,
  0xac, 0x0d, 0x84, 0x3e, 0xdb, 0xd1, 0xf8, 0xbd, 0x99, 0x7c, 0xb4, 0x3d,
  0x7c, 0xa2, 0xfc, 0xbd, 0x0c, 0xfb, 0xee, 0x3d, 0x6d, 0x9a, 0xf4, 0xbd,
  0x8a, 0x8f, 0xa9, 0x3d, 0xf6, 0x49, 0xd4, 0x3c, 0x75, 0xd4, 0xf8, 0xbd,
  0xcc, 0xab, 0x81, 0x3d, 0xc8, 0x05, 0x41, 0x3e, 0xa5, 0xf3, 0xed, 0xbd,
  0x23, 0xe2, 0x6e, 0x3e, 0x60, 0x20, 0x4a, 0x3e, 0x59, 0xf3, 0x4a, 0x3e,
  0xe4, 0xc6, 0x9a, 0x3d, 0x94, 0x97, 0x81, 0xbe, 0xb1, 0xd8, 0xdd, 0xbd,
  0x5c, 0xac, 0xda, 0x3d, 0x1c, 0xed, 0x36, 0xbe, 0xe6, 0xac, 0x67, 0x3e,
  0x8b, 0xa6, 0x03, 0xbe, 0x8b, 0x79, 0x5e, 0x3a, 0xcb, 0xdd, 0x4f, 0x3d,
  0x55, 0x21, 0x60, 0xbd, 0x65, 0x3b, 0x7e, 0xbe, 0xa2, 0xe5, 0x84, 0xbe,
  0x93, 0xde, 0x46, 0xbe, 0x7b, 0x6e, 0x84, 0xbe, 0xc6, 0x4e, 0x87, 0x3e,
  0xd2, 0xd8, 0x63, 0x3e, 0x4a, 0xb5, 0x03, 0xbe, 0x10, 0x89, 0x81, 0xbe,
  0x32, 0x00, 0x04, 0xbe, 0xb3, 0x1d, 0xa1, 0xbd, 0x0b, 0xff, 0x01, 0x3d,
  0xb0, 0x0e, 0x92, 0xbe, 0x62, 0xdf, 0x26, 0xbe, 0xc3, 0xa4, 0x3e, 0xbe,
  0xe0, 0x7f, 0x77, 0xbe, 0x74, 0xcd, 0x2c, 0xbe, 0xfe, 0x0b, 0x4c, 0x3e,
  0x14, 0xd5, 0xa5, 0xbc, 0x14, 0x95, 0x65, 0x3e, 0x69, 0x07, 0xd0, 0x3d,
  0x0d, 0x58, 0xe7, 0x3b, 0xfe, 0xcb, 0xff, 0xff, 0x04, 0x00, 0x00, 0x00,
  0x08, 0x00, 0x00, 0x00, 0x01, 0x00, 0x00, 0x00, 0x02, 0x00, 0x00, 0x00,
  0x12, 0xcc, 0xff, 0xff, 0x04, 0x00, 0x00, 0x00, 0xc0, 0x01, 0x00, 0x00,
  0x44, 0x4a, 0x33, 0x3e, 0x9d, 0x1d, 0xf1, 0x3e, 0x23, 0x52, 0xb8, 0x3d,
  0xd9, 0xce, 0xea, 0xbe, 0x34, 0xd7, 0x0b, 0x3e, 0xfb, 0xbc, 0x56, 0x3e,
  0x8d, 0xaa, 0x29, 0xbc, 0x00, 0x1a, 0xec, 0xbe, 0x41, 0xcb, 0xbe, 0xbe,
  0x51, 0x84, 0x7c, 0xbe, 0x7e, 0x77, 0x21, 0x3e, 0x55, 0x9f, 0xee, 0x3e,
  0x2b, 0xc0, 0xdb, 0x3d, 0x7d, 0xeb, 0x7a, 0x3c, 0x1c, 0x3c, 0xa8, 0x3e,
  0xac, 0x78, 0xbd, 0xbe, 0xde, 0x75, 0xfc, 0x3b, 0x8f, 0x09, 0xbb, 0x3e,
  0x36, 0x20, 0x16, 0xbe, 0xf9, 0x66, 0x24, 0xbe, 0x26, 0x09, 0xf4, 0x3e,
  0x7f, 0xaa, 0x4c, 0xbe, 0xae, 0x75, 0xa8, 0x3e, 0x52, 0x00, 0x81, 0x3c,
  0xb7, 0xd6, 0xd5, 0x3e, 0x2e, 0x0a, 0x5c, 0x3e, 0xc4, 0x5a, 0x74, 0x3e,
  0xa8, 0xfb, 0xb7, 0x3d, 0x6c, 0x99, 0x99, 0x3e, 0xe3, 0xcd, 0x80, 0x3e,
  0x59, 0xbe, 0xb8, 0xbd, 0x3a, 0xde, 0x90, 0x3e, 0xb6, 0x5d, 0x9b, 0x3e,
  0x0f, 0x2b, 0x60, 0x3b, 0x47, 0x06, 0xff, 0x3d, 0x15, 0x91, 0xa6, 0xbe,
  0x8f, 0xce, 0xaa, 0xbe, 0x58, 0xf4, 0x74, 0x3d, 0xc9, 0x24, 0x35, 0xbe,
  0x20, 0xe5, 0x06, 0xbe, 0x8c, 0x08, 0xf0, 0xbe, 0x81, 0xe7, 0xba, 0x3d,
  0x92, 0xf9, 0x00, 0x3f, 0xe5, 0xcc, 0x7d, 0x3e, 0x49, 0xee, 0x02, 0x3f,
  0x83, 0xd0, 0x0f, 0xbe, 0x9a, 0x01, 0x52, 0x3e, 0xdd, 0x5a, 0x95, 0x3d,
  0x9f, 0xd7, 0xf1, 0xbe, 0x9c, 0x9e, 0xc5, 0x3e, 0x00, 0x3f, 0xfd, 0xba,
  0x22, 0x71, 0x96, 0x3d, 0xb2, 0x21, 0x82, 0xbe, 0xed, 0xb1, 0xd5, 0xbd,
  0xfb, 0x32, 0x85, 0xbe, 0x16, 0xd4, 0xd1, 0x3e, 0x3e, 0xe2, 0x20, 0xbe,
  0x09, 0xa7, 0x11, 0x3e, 0xe6, 0x2d, 0xc4, 0x3e, 0xc7, 0xdd, 0xa2, 0xbe,
  0xab, 0xc3, 0x80, 0xbe, 0xfb, 0x4b, 0xc5, 0xbe, 0xcb, 0x7b, 0x88, 0x3e,
  0xd9, 0x37, 0xb0, 0x3e, 0x9d, 0x22, 0xd2, 0x3e, 0xd0, 0xb4, 0xd2, 0x3e,
  0xed, 0x3d, 0x85, 0xbc, 0xea, 0xbe, 0x9e, 0xbd, 0xfa, 0x97, 0x48, 0xbd,
  0xb3, 0xee, 0x96, 0xbd, 0x8a, 0x79, 0x51, 0xbe, 0x78, 0xce, 0x04, 0xbf,
  0x00, 0xa8, 0x2d, 0xbc, 0x3a, 0x9f, 0xb2, 0xbe, 0xd7, 0x0a, 0xb7, 0x3d,
  0x0f, 0x30, 0xf7, 0x3e, 0xf1, 0xf0, 0xef, 0x3e, 0x59, 0x61, 0xc2, 0xbe,
  0xb1, 0x43, 0xc4, 0xbe, 0xfa, 0x0c, 0xbe, 0xbe, 0xde, 0x8e, 0xeb, 0xbe,
  0x6f, 0x27, 0x83, 0xbe, 0x62, 0x5b, 0xc6, 0x3e, 0x75, 0xff, 0xc5, 0xbd,
  0xc4, 0x58, 0xf3, 0x3e, 0x98, 0x38, 0x65, 0x3d, 0x93, 0x35, 0x96, 0xbd,
  0x18, 0x10, 0xb3, 0x3e, 0xe1, 0xd9, 0x89, 0x3e, 0x4a, 0xf2, 0x95, 0x3e,
  0xac, 0xc0, 0xa5, 0x3d, 0x41, 0x59, 0x61, 0xbe, 0x8f, 0xfb, 0x26, 0xbe,
  0x29, 0x35, 0xe4, 0xbe, 0x92, 0x71, 0x05, 0x3d, 0x07, 0x17, 0xde, 0x3e,
  0xb1, 0x1f, 0x2d, 0x3c, 0x74, 0x0f, 0xe6, 0x3d, 0x83, 0x92, 0xa7, 0xbe,
  0x79, 0xad, 0xe0, 0x3e, 0x62, 0xc2, 0xd3, 0xbe, 0x6f, 0x6d, 0xd0, 0xbd,
  0xed, 0xd4, 0xab, 0xbe, 0xc5, 0x7f, 0xfd, 0x3c, 0x52, 0x0b, 0x8a, 0x3d,
  0x4e, 0x25, 0x7f, 0xbd, 0xd7, 0x4f, 0xa1, 0x3e, 0xfb, 0x9a, 0x2b, 0x3e,
  0x04, 0x6f, 0x9b, 0x3d, 0x4c, 0x5e, 0x14, 0x3d, 0xc2, 0x82, 0x44, 0x3e,
  0x6c, 0xed, 0xa1, 0x3e, 0xde, 0xcd, 0xff, 0xff, 0x04, 0x00, 0x00, 0x00,
  0x00, 0x0c, 0x00, 0x00, 0x04, 0x3e, 0x04, 0x3e, 0x44, 0xf4, 0x0c, 0xbe,
  0x87, 0xcc, 0x1d, 0xbe, 0x01, 0x29, 0x17, 0xbe, 0xc4, 0x70, 0x31, 0xbe,
  0x4e, 0x9d, 0x69, 0x3e, 0x97, 0x6a, 0xb7, 0xbd, 0x2d, 0x2d, 0x25, 0xbe,
  0xdb, 0xd4, 0xbf, 0x3d, 0xd6, 0x50, 0x65, 0x3e, 0x0c, 0xc3, 0xce, 0x3b,
  0xd3, 0x78, 0xc8, 0x3d, 0x84, 0x92, 0x4b, 0x3d, 0x14, 0xe0, 0x40, 0x3e,
  0xfb, 0x7e, 0x67, 0x3d, 0x2a, 0x35, 0x82, 0xbd, 0x38, 0x9e, 0x4b, 0x3e,
  0xdc, 0x05, 0xac, 0x3d, 0x1d, 0x54, 0x48, 0x3e, 0x0b, 0x48, 0x04, 0xbd,
  0x39, 0xe2, 0x3a, 0x3e, 0xeb, 0x6a, 0x24, 0x3e, 0xb9, 0xb4, 0x29, 0x3e,
  0xec, 0x6a, 0x44, 0x3e, 0x72, 0x89, 0xfe, 0x3d, 0x85, 0x4d, 0xad, 0x3d,
  0x82, 0x86, 0x3e, 0xbe, 0xa7, 0xfb, 0x42, 0xbe, 0x4e, 0xd0, 0xfb, 0xbc,
  0xf0, 0x89, 0x31, 0xbe, 0xff, 0x9c, 0x9b, 0x3d, 0xc6, 0xa9, 0x7a, 0xbe,
  0x93, 0xf5, 0xc0, 0xbd, 0xaf, 0x6d, 0x6c, 0x3b, 0x08, 0xcf, 0x41, 0x3e,
  0xe2, 0x44, 0x6f, 0x3d, 0x90, 0xda, 0x25, 0xbe, 0x84, 0xb2, 0x07, 0xbc,
  0xdb, 0x5e, 0x3d, 0xbe, 0x8c, 0x51, 0xbd, 0x3d, 0xca, 0x29, 0x4c, 0x3e,
  0x12, 0x29, 0x67, 0x3b, 0x71, 0x30, 0x19, 0xbc, 0x6b, 0x47, 0x3c, 0xbe,
  0x7e, 0xa5, 0x90, 0xbc, 0x28, 0x12, 0x03, 0x3e, 0xef, 0x08, 0xe5, 0xbd,
  0x8f, 0x86, 0x65, 0x3e, 0xcb, 0x82, 0x1b, 0x3e, 0x05, 0x98, 0x97, 0xbd,
  0xdb, 0xdd, 0x0a, 0x3d, 0x91, 0xb5, 0x72, 0xbe, 0xc5, 0x1a, 0x36, 0x3d,
  0x62, 0x4b, 0x64, 0xbe, 0x84, 0x27, 0x7d, 0xbe, 0xa1, 0x05, 0xa2, 0xbd,
  0x87, 0xe5, 0x9f, 0xbc, 0x1b, 0x3a, 0xf4, 0x3d, 0x5f, 0x4c, 0x3d, 0xbe,
  0xee, 0xad, 0x9f, 0x3d, 0x91, 0x54, 0x38, 0xbe, 0x42, 0x00, 0x21, 0xbe,
  0xa7, 0x3f, 0x64, 0x3c, 0x9e, 0xf7, 0x51, 0xbe, 0x37, 0xb9, 0xf2, 0x3d,
  0x17, 0x47, 0x42, 0x3e, 0x73, 0x38, 0x5a, 0x3e, 0xa7, 0xb9, 0xc4, 0x3d,
  0xe1, 0xce, 0x04, 0xbd, 0xd4, 0xae, 0x5a, 0xbe, 0xc7, 0x22, 0xba, 0x3d,
  0x61, 0x71, 0xe4, 0x3d, 0x31, 0x78, 0x8b, 0xbc, 0x31, 0x74, 0x81, 0x3d,
  0x67, 0x45, 0x5f, 0xbe, 0x99, 0x1c, 0xea, 0x3d, 0xbd, 0xaf, 0x6f, 0xbe,
  0xcd, 0x94, 0xff, 0xb9, 0x35, 0xf6, 0xe9, 0x3c, 0xfb, 0xc3, 0x28, 0xbd,
  0x77, 0x08, 0xef, 0x3d, 0xae, 0xd3, 0xf9, 0x3d, 0x50, 0x13, 0x4d, 0x3d,
  0x45, 0x17, 0x07, 0xbc, 0x72, 0x92, 0x54, 0xbe, 0x86, 0xf7, 0x69, 0xbe,
  0xda, 0x37, 0x92, 0xbd, 0x24, 0xac, 0x54, 0xbe, 0xd6, 0xab, 0x0c, 0x3e,
  0x8f, 0x69, 0x92, 0x3c, 0x32, 0x48, 0x6a, 0xbe, 0xf9, 0x82, 0x57, 0x3e,
  0x5d, 0x95, 0x76, 0x3e, 0x49, 0x10, 0xe0, 0x3c, 0x4f, 0x9a, 0x6c, 0xbd,
  0x61, 0x43, 0x6c, 0xbe, 0x15, 0x87, 0x7c, 0x3e, 0xdd, 0x2b, 0x71, 0x3e,
  0xbb, 0x0c, 0xde, 0x3b, 0xb9, 0x67, 0xf8, 0x3d, 0xc5, 0xaa, 0x35, 0x3d,
  0x66, 0x11, 0x39, 0x3e, 0x68, 0xf6, 0xf0, 0xbd, 0x1e, 0x07, 0x58, 0x3e,
  0x8f, 0x06, 0xd8, 0xbd, 0xb8, 0x84, 0x4d, 0x3e, 0x97, 0xdf, 0x1e, 0x3e,
  0x0e, 0xb1, 0x33, 0xbe, 0xa2, 0x46, 0x60, 0xbd, 0xe5, 0x98, 0xdd, 0x3c,
  0xd2, 0xb9, 0x6a, 0x3e, 0xac, 0x61, 0x92, 0xbc, 0xab, 0x78, 0x7a, 0x3e,
  0xc8, 0xf3, 0x1c, 0xbe, 0x90, 0x04, 0x97, 0xbd, 0xc6, 0x71, 0xee, 0xbd,
  0x67, 0x61, 0xd5, 0xbd, 0xcb, 0xea, 0x5b, 0x3e, 0xf5, 0x93, 0x30, 0xbd,
  0x85, 0xd4, 0x27, 0xbe, 0x55, 0x18, 0xc5, 0xbc, 0x32, 0x09, 0x0a, 0x3e,
  0x44, 0x84, 0xea, 0x3d, 0xb2, 0x7b, 0x7c, 0x3e, 0x48, 0x40, 0x13, 0x3d,
  0xd0, 0x83, 0xe9, 0x3d, 0xfe, 0xac, 0x65, 0xbe, 0x40, 0x39, 0x12, 0xbe,
  0xcc, 0xfb, 0x65, 0xbe, 0xc9, 0x13, 0x80, 0x3e, 0xa0, 0xfb, 0x01, 0xbe,
  0xc1, 0x2b, 0xae, 0x3c, 0x21, 0x20, 0x72, 0x3e, 0x5d, 0x7e, 0x01, 0xbe,
  0x30, 0x19, 0x2d, 0x3e, 0x20, 0x2e, 0x81, 0xbe, 0x8c, 0xaa, 0xae, 0xbd,
  0x16, 0xe4, 0x20, 0xbd, 0xbd, 0x2f, 0x83, 0xbd, 0x38, 0xb4, 0x3d, 0xbd,
  0xbb, 0xc1, 0xe6, 0x3d, 0xe0, 0xff, 0x4a, 0x3e, 0x91, 0xf4, 0x58, 0xbe,
  0xb8, 0x49, 0xab, 0x3c, 0x46, 0xe5, 0xd1, 0x3d, 0x32, 0x1b, 0x26, 0xbe,
  0x1b, 0x14, 0x67, 0x3e, 0xb2, 0xe7, 0x4e, 0x3d, 0xe2, 0xc8, 0x39, 0xbe,
  0x77, 0x81, 0x3e, 0xbe, 0x6f, 0xc4, 0x51, 0x3e, 0x55, 0x93, 0x16, 0x3e,
  0x76, 0x2f, 0xc1, 0xbd, 0x37, 0xa0, 0x3c, 0xbd, 0x01, 0x56, 0xa5, 0xbc,
  0xb2, 0x8b, 0x14, 0x3e, 0x13, 0x74, 0x84, 0xbd, 0x1c, 0x59, 0x80, 0xbd,
  0x95, 0x3a, 0x9d, 0x3d, 0x51, 0x0f, 0x68, 0x3e, 0x78, 0x69, 0x81, 0xbe,
  0x7c, 0x75, 0x09, 0x3e, 0x68, 0xf1, 0x77, 0xbe, 0x00, 0xe8, 0x81, 0xbe,
  0x6b, 0xc8, 0x7d, 0xbd, 0xf6, 0xd0, 0xd8, 0x3d, 0xf8, 0x83, 0x27, 0xbd,
  0xa8, 0x9e, 0xc3, 0xbd, 0x66, 0x4b, 0x15, 0xbe, 0x47, 0x4c, 0xd6, 0x3c,
  0x43, 0x86, 0x1b, 0x3e, 0x94, 0xeb, 0x93, 0xbc, 0x75, 0x5f, 0x65, 0x3d,
  0x19, 0xd0, 0x90, 0x3d, 0x05, 0xb3, 0x7f, 0xbe, 0xd7, 0x42, 0x87, 0xbe,
  0xbd, 0x89, 0xc4, 0x3d, 0x2a, 0x92, 0x06, 0xbe, 0xe0, 0x43, 0x49, 0x3e,
  0xa0, 0x9e, 0x71, 0x3e, 0x5e, 0xb2, 0x9e, 0x3b, 0x8a, 0xd2, 0x29, 0xbc,
  0x02, 0x5c, 0xbc, 0xbc, 0x94, 0xf1, 0x58, 0x3d, 0xb0, 0xab, 0xcb, 0xbd,
  0x49, 0x98, 0x1a, 0x3e, 0x38, 0x0d, 0x19, 0x3e, 0xd0, 0xf7, 0x70, 0x3c,
  0x14, 0x11, 0xa8, 0xbd, 0x1e, 0x89, 0x1a, 0xbe, 0xd0, 0x0e, 0xba, 0xbd,
  0xaf, 0x21, 0x0a, 0x3e, 0x55, 0xb2, 0xed, 0xbd, 0x91, 0x71, 0x3d, 0x3e,
  0xfd, 0x0d, 0x6e, 0xbd, 0x67, 0xd9, 0x59, 0xbe, 0x98, 0xcc, 0x3e, 0x3e,
  0x64, 0xd3, 0x73, 0x3e, 0x76, 0x11, 0x5e, 0x3e, 0x05, 0xd6, 0xdd, 0xbd,
  0xca, 0x35, 0x0c, 0xbe, 0x0c, 0xd9, 0x35, 0xbe, 0x72, 0xff, 0xd5, 0xbd,
  0xab, 0x03, 0x00, 0x3e, 0x9d, 0x22, 0xda, 0x3d, 0x97, 0xea, 0x4b, 0xbe,
  0x93, 0xf4, 0x42, 0x3e, 0x6f, 0xe7, 0x02, 0x3e, 0xb6, 0x0c, 0xc8, 0x3c,
  0xf5, 0x80, 0x4f, 0x3e, 0xa1, 0xdb, 0x4a, 0xbe, 0xc7, 0xbd, 0x80, 0x3e,
  0x22, 0xac, 0xe3, 0x3d, 0xad, 0x41, 0xe4, 0x3c, 0xbc, 0x3b, 0x9d, 0x3d,
  0x01, 0x34, 0xf5, 0xbd, 0x23, 0x9e, 0x31, 0x3e, 0x0b, 0x53, 0x7a, 0xbd,
  0x3b, 0xd8, 0x17, 0xbe, 0x75, 0x8e, 0xea, 0xbd, 0x9e, 0x3e, 0x50, 0xbe,
  0xbd, 0xce, 0x7b, 0x3d, 0xcb, 0x0c, 0x21, 0x3d, 0x24, 0xc5, 0xa9, 0xbd,
  0xbb, 0xb6, 0x32, 0x3e, 0xaa, 0x22, 0x8e, 0x3c, 0xfd, 0x5d, 0x87, 0x3e,
  0x78, 0xd2, 0x82, 0x3e, 0x17, 0xdf, 0x54, 0x3e, 0x4c, 0x01, 0x4d, 0x3d,
  0x22, 0x22, 0x6c, 0xbe, 0x81, 0xaa, 0xcc, 0x3d, 0xb0, 0x1f, 0x61, 0xbe,
  0x78, 0xb6, 0x17, 0xbe, 0x6e, 0xc3, 0x12, 0x3d, 0x19, 0x65, 0x8a, 0x3d,
  0xe0, 0x60, 0x83, 0x3e, 0xc0, 0x0f, 0x55, 0xbe, 0xa4, 0xfc, 0x86, 0x3d,
  0xae, 0x72, 0xb4, 0x3d, 0x1a, 0x10, 0x07, 0x3e, 0x22, 0xd5, 0x3a, 0xbc,
  0x81, 0x34, 0x21, 0x3d, 0xbf, 0x9b, 0x5b, 0xbe, 0xd4, 0x2a, 0x52, 0xbe,
  0xe7, 0x4f, 0xb9, 0xba, 0x29, 0x0f, 0x42, 0x3e, 0xb0, 0x3e, 0x0b, 0xbe,
  0x8f, 0x5d, 0xba, 0xbd, 0x2c, 0x61, 0x01, 0x3e, 0x39, 0xf3, 0x3e, 0x3e,
  0x76, 0x00, 0x6c, 0x3e, 0xbc, 0xe8, 0x30, 0xbe, 0xaf, 0x69, 0x6c, 0xbe,
  0x82, 0x6e, 0xb8, 0xba, 0x05, 0xe9, 0x6e, 0x3e, 0xbd, 0xa9, 0xbb, 0xbc,
  0x78, 0x56, 0x27, 0x3e, 0xb8, 0x84, 0x01, 0xbe, 0x55, 0xd1, 0xf7, 0x3d,
  0x6e, 0x46, 0x3b, 0x3e, 0xc3, 0xf6, 0x48, 0x3e, 0xf8, 0x48, 0x34, 0x3e,
  0x2c, 0x08, 0xe9, 0x3d, 0xfa, 0x6e, 0x5b, 0xbe, 0x88, 0xfe, 0x2a, 0x3e,
  0x4c, 0x7a, 0xd2, 0x3d, 0xe8, 0x25, 0x88, 0x3e, 0x3c, 0x25, 0x1a, 0x3e,
  0x5a, 0x6f, 0x3d, 0xbd, 0x54, 0x28, 0x71, 0x3e, 0x2c, 0x39, 0x88, 0x3d,
  0x5f, 0xc5, 0x6f, 0x3e, 0x88, 0x08, 0x49, 0x3e, 0x61, 0xb3, 0xd8, 0x3c,
  0x93, 0x62, 0x20, 0x3d, 0xca, 0x95, 0xfb, 0xbd, 0x71, 0x03, 0x07, 0x3c,
  0x29, 0xfb, 0x2f, 0x3e, 0x43, 0xf7, 0x6d, 0x3d, 0x36, 0xa5, 0x80, 0x3e,
  0x5c, 0xd5, 0x5e, 0x3e, 0x08, 0xef, 0x42, 0xbe, 0xf6, 0xd0, 0xc7, 0xbd,
  0xc1, 0x53, 0x24, 0x3e, 0xb0, 0x55, 0x7c, 0x3e, 0xcd, 0xd1, 0x20, 0xbe,
  0x49, 0x03, 0x53, 0x3e, 0x7d, 0x8b, 0x45, 0xbe, 0x8f, 0x03, 0x12, 0x3e,
  0xe7, 0x95, 0x4e, 0xbd, 0xc3, 0x0a, 0xf9, 0x3d, 0xdd, 0x30, 0xa3, 0xbd,
  0x2f, 0xce, 0x85, 0x3e, 0xaa, 0x95, 0x7d, 0x3e, 0xa2, 0xaf, 0x0f, 0x3d,
  0x59, 0x73, 0x03, 0x3d, 0xee, 0x81, 0x47, 0x3e, 0xf5, 0xf4, 0x01, 0x3e,
  0x8a, 0xec, 0xd6, 0x3d, 0x3d, 0x8d, 0x55, 0xbd, 0x7e, 0xd2, 0x5d, 0xbe,
  0x73, 0xed, 0xba, 0xbd, 0x6e, 0xfa, 0x8a, 0x3c, 0x71, 0x82, 0x5d, 0x3e,
  0x64, 0x77, 0x04, 0xbe, 0x77, 0x43, 0x80, 0x3e, 0xb3, 0xe4, 0x7e, 0xbd,
  0xe8, 0xb0, 0x8c, 0x3c, 0xd2, 0xfa, 0x21, 0x3d, 0xa7, 0x3f, 0x17, 0xbe,
  0xd9, 0xcc, 0x3c, 0xbd, 0xe6, 0x24, 0xdf, 0xbc, 0x73, 0xc6, 0x19, 0x3e,
  0xcb, 0x34, 0xc8, 0xbd, 0x5d, 0xc1, 0x5e, 0xbe, 0x99, 0x81, 0xbd, 0x3d,
  0x68, 0x72, 0x0f, 0xbe, 0xca, 0x37, 0x43, 0xbe, 0x71, 0x53, 0x5e, 0xbe,
  0xc6, 0xbe, 0xf1, 0x3d, 0xa7, 0xa9, 0x17, 0x3e, 0x1e, 0x14, 0x77, 0x3e,
  0x45, 0x9c, 0xb5, 0x3d, 0xa7, 0xa3, 0x00, 0xbe, 0x62, 0x27, 0x4b, 0x3d,
  0xf0, 0xf3, 0x40, 0xbe, 0xeb, 0xe6, 0x3d, 0x3e, 0x2c, 0x71, 0x64, 0x3d,
  0xfd, 0xe2, 0x1c, 0x3e, 0xf3, 0xec, 0x34, 0x3d, 0xca, 0x42, 0x45, 0xbe,
  0xcc, 0x5f, 0x5a, 0x3e, 0xb9, 0xe4, 0x29, 0x3e, 0x46, 0x82, 0x72, 0x3e,
  0xf1, 0xb0, 0x95, 0xbb, 0xf4, 0x6e, 0x52, 0x3e, 0x27, 0x14, 0x61, 0xbe,
  0x4a, 0xe0, 0x94, 0xbd, 0xc0, 0xcb, 0xbc, 0x3d, 0x61, 0x41, 0x13, 0xbe,
  0x0f, 0xc4, 0xea, 0xbd, 0x51, 0xd2, 0x74, 0x3e, 0x7c, 0x1d, 0x76, 0x3e,
  0xc7, 0xfa, 0x5d, 0xbe, 0x8c, 0x7b, 0x3a, 0x3e, 0x06, 0x4c, 0x5c, 0xbc,
  0x9a, 0x87, 0x6e, 0xbe, 0x2a, 0x28, 0x38, 0x3d, 0xe5, 0x9a, 0xfd, 0x3d,
  0x27, 0x2b, 0x20, 0x3e, 0xfd, 0xfa, 0x62, 0x3e, 0xf6, 0xc3, 0x57, 0x3e,
  0xc8, 0xd4, 0x1e, 0xbd, 0xb3, 0x39, 0x83, 0x3d, 0xe9, 0xfd, 0x7c, 0xbe,
  0xfc, 0x77, 0x8d, 0x3d, 0xa9, 0x69, 0xb2, 0xbd, 0xef, 0xbe, 0x4a, 0xbe,
  0xa0, 0x10, 0x70, 0xbd, 0x64, 0x97, 0x36, 0x3e, 0x93, 0xc5, 0xd5, 0x3d,
  0xf2, 0x5b, 0xf6, 0xbd, 0x60, 0x7a, 0x59, 0xbe, 0xaa, 0x95, 0x5e, 0x3d,
  0x1d, 0x73, 0x95, 0xbd, 0x28, 0x88, 0x72, 0xbe, 0x3b, 0xbc, 0x35, 0x3e,
  0x04, 0x8e, 0x5a, 0x3e, 0x68, 0x66, 0x5a, 0x3e, 0x38, 0xf6, 0x57, 0xbe,
  0xdd, 0x80, 0x46, 0x3e, 0xd8, 0x2c, 0x4b, 0x3d, 0x49, 0x5f, 0x15, 0x3b,
  0xe4, 0x90, 0x31, 0x3e, 0x2a, 0x9d, 0x93, 0x3a, 0x3d, 0x73, 0x62, 0xbe,
  0xb7, 0xcf, 0x29, 0x3d, 0x8f, 0xda, 0x47, 0x3e, 0xbe, 0x23, 0x57, 0xbb,
  0xd3, 0x91, 0x6f, 0x3e, 0x42, 0x2d, 0x0a, 0xbe, 0x15, 0x9c, 0x39, 0xbd,
  0xe8, 0x03, 0xe7, 0xbc, 0x3d, 0x48, 0x5f, 0x3e, 0x0e, 0x18, 0x59, 0xbd,
  0x02, 0x12, 0x56, 0xbe, 0xac, 0x56, 0x6b, 0x3d, 0xa2, 0xac, 0x14, 0xbe,
  0x44, 0xa5, 0x02, 0xbe, 0x9c, 0xf1, 0x26, 0xbe, 0x32, 0xd4, 0x76, 0xbe,
  0xad, 0x37, 0x6c, 0xbe, 0x6b, 0x95, 0x07, 0x3e, 0x9f, 0x24, 0x6b, 0x3e,
  0xfc, 0x3c, 0x33, 0xbe, 0x42, 0x96, 0x20, 0x3e, 0x4f, 0x64, 0x8f, 0x3d,
  0xa8, 0x99, 0x6c, 0x3d, 0x1a, 0xec, 0xff, 0x3d, 0x84, 0xf2, 0x66, 0x3e,
  0x07, 0x13, 0x18, 0x3e, 0xf4, 0x8e, 0x8f, 0xbc, 0x53, 0xda, 0x80, 0xbe,
  0xca, 0x1e, 0x36, 0x3e, 0x35, 0xa8, 0x6b, 0xbe, 0x00, 0x3d, 0x50, 0x3d,
  0xc5, 0xa9, 0x19, 0x3e, 0x00, 0x31, 0x11, 0xbe, 0xbf, 0x2a, 0x3c, 0xbd,
  0x39, 0x58, 0x3c, 0xbe, 0xaf, 0xc4, 0xa7, 0xbd, 0xda, 0x70, 0x3f, 0x3d,
  0x28, 0x8d, 0x79, 0xbe, 0x97, 0x4e, 0x6a, 0xbe, 0x32, 0x5d, 0xee, 0x3d,
  0xf9, 0xff, 0xa9, 0x3d, 0x21, 0xab, 0xed, 0x3d, 0x12, 0x3c, 0x4e, 0x3d,
  0xd0, 0xd3, 0xb8, 0xbd, 0xa4, 0xab, 0x2a, 0x3e, 0xfb, 0xd9, 0x42, 0xbe,
  0xd6, 0xdd, 0x65, 0x3e, 0x5f, 0xbe, 0x48, 0x3e, 0x6c, 0x86, 0x49, 0x3e,
  0x01, 0xdf, 0x81, 0xbe, 0xa0, 0x93, 0x01, 0xbe, 0x1c, 0x66, 0x3d, 0xbe,
  0xf8, 0x32, 0xd1, 0x3d, 0x6c, 0x52, 0x35, 0xbe, 0xb6, 0xe6, 0x35, 0xbe,
  0x55, 0x15, 0xa4, 0xbd, 0xbc, 0x4e, 0x3f, 0x3c, 0x0b, 0x06, 0x65, 0xbe,
  0xec, 0xb8, 0x6d, 0x3e, 0x2c, 0xa6, 0x22, 0xbe, 0x54, 0x66, 0x0b, 0xbe,
  0x36, 0xc2, 0x4b, 0xbe, 0x66, 0xf3, 0xf1, 0x3b, 0x34, 0xae, 0xbb, 0x3d,
  0xc6, 0x72, 0x10, 0x3e, 0x67, 0x0e, 0xc8, 0xbc, 0xcd, 0xaa, 0x7a, 0x3e,
  0xa2, 0x33, 0xed, 0x3d, 0x73, 0xe0, 0x7b, 0x3e, 0x86, 0x48, 0xf0, 0x3d,
  0xa2, 0xdf, 0x1f, 0x3e, 0x5b, 0xaa, 0x55, 0xbe, 0x15, 0xe9, 0x16, 0xbe,
  0x4a, 0xcb, 0x60, 0x3e, 0x15, 0x3f, 0x14, 0xbe, 0x13, 0x6a, 0x9a, 0x3d,
  0x8a, 0x84, 0x70, 0x3e, 0x3a, 0x60, 0x08, 0x3e, 0xd3, 0x60, 0xe0, 0x3d,
  0x14, 0x97, 0x51, 0xbe, 0xa8, 0x71, 0x35, 0xbe, 0xc7, 0xe5, 0x2a, 0x3c,
  0x4e, 0x68, 0xd8, 0xbc, 0x92, 0x75, 0xc5, 0xbd, 0xda, 0x9c, 0x7f, 0xbe,
  0x4b, 0x55, 0x5b, 0x3c, 0x6a, 0xcf, 0xfb, 0x3d, 0xd9, 0x3a, 0x58, 0xbd,
  0x0a, 0x28, 0x00, 0xbe, 0x9e, 0x93, 0x31, 0x3d, 0xc7, 0x38, 0x83, 0x3e,
  0x8c, 0x91, 0x58, 0x3e, 0xff, 0x34, 0xf3, 0xbc, 0x22, 0xf7, 0x0f, 0xbe,
  0x04, 0x11, 0x5d, 0x3e, 0x5d, 0x5b, 0xaf, 0x3c, 0x06, 0xb2, 0x45, 0xbd,
  0x95, 0xaf, 0x50, 0xbe, 0x3c, 0x4a, 0x0d, 0xbe, 0xa3, 0xa0, 0x4f, 0x3e,
  0x84, 0x5f, 0x0a, 0x3e, 0x9a, 0x4e, 0x13, 0xbe, 0xa5, 0x54, 0xed, 0xbd,
  0xf4, 0x3e, 0x36, 0x3e, 0x13, 0xa0, 0xc1, 0x3c, 0xe6, 0x96, 0x2f, 0x3d,
  0xd4, 0x59, 0x7a, 0x3e, 0x55, 0x13, 0xdb, 0xbd, 0x97, 0xf0, 0x92, 0x3d,
  0xcf, 0x47, 0x19, 0xbe, 0x35, 0xee, 0x51, 0x3e, 0x09, 0xf1, 0x08, 0xbe,
  0x03, 0xba, 0xf6, 0xbd, 0xda, 0x39, 0x61, 0xbe, 0x96, 0xbc, 0x78, 0x3e,
  0x07, 0x1e, 0x81, 0x3e, 0xa0, 0x13, 0x42, 0x3e, 0x8d, 0xb8, 0x7c, 0xbd,
  0x99, 0xc8, 0xbb, 0xbc, 0x8e, 0xdd, 0x8e, 0x3d, 0xd3, 0x9c, 0x98, 0xbd,
  0x59, 0x19, 0x8d, 0xbd, 0x90, 0x26, 0x5e, 0x3e, 0xed, 0x9f, 0x08, 0xbc,
  0xd0, 0x37, 0x03, 0xbe, 0x2a, 0x6d, 0x1e, 0xbe, 0x4e, 0xee, 0x4f, 0x3e,
  0x98, 0xf5, 0x3b, 0x3e, 0xfe, 0x07, 0xa7, 0xbd, 0x91, 0xed, 0xea, 0xbd,
  0x53, 0xd9, 0x05, 0x3e, 0x99, 0xe7, 0x84, 0x3e, 0x96, 0xa4, 0x44, 0xbe,
  0xa8, 0x3b, 0x52, 0xbe, 0x4a, 0x0d, 0x7f, 0x3d, 0xb0, 0x6a, 0x6c, 0xbe,
  0x49, 0x09, 0x95, 0xbd, 0x70, 0x43, 0x6a, 0xbd, 0xf1, 0x65, 0x73, 0x3d,
  0x43, 0x17, 0xab, 0x3c, 0xf1, 0x06, 0x85, 0x3e, 0xff, 0x75, 0xc0, 0xbc,
  0xa3, 0x72, 0x4d, 0x3e, 0x2a, 0xd0, 0x47, 0x3e, 0x63, 0xca, 0x8e, 0x3c,
  0x13, 0xd1, 0x94, 0x3c, 0xbd, 0x56, 0xea, 0x3d, 0x32, 0x42, 0x95, 0x3c,
  0x07, 0xb5, 0x34, 0x3e, 0xed, 0x44, 0x14, 0xbe, 0xf4, 0x00, 0x7e, 0x3d,
  0x0b, 0x9c, 0x7e, 0x3e, 0xf5, 0x22, 0x27, 0xbe, 0x57, 0xb8, 0x0a, 0x3e,
  0xdd, 0xed, 0x90, 0x3d, 0x5e, 0x5f, 0x34, 0x3e, 0x5a, 0xe5, 0xef, 0x3d,
  0x30, 0x80, 0x10, 0xbd, 0x62, 0x8c, 0xd3, 0xbd, 0x2b, 0xb6, 0xae, 0xbd,
  0x54, 0xc3, 0x69, 0x3e, 0x50, 0xd4, 0x30, 0xbe, 0x1d, 0xe8, 0x5e, 0xbe,
  0x9e, 0x1f, 0x10, 0xbe, 0x57, 0x5a, 0x20, 0x3e, 0xb1, 0x4e, 0xaa, 0x3b,
  0x54, 0x76, 0x5d, 0x3e, 0x7c, 0x2e, 0x66, 0xbd, 0xc9, 0xab, 0x5a, 0xbe,
  0xbd, 0xaa, 0x7a, 0xbe, 0x07, 0x3f, 0x40, 0x3e, 0xfe, 0x21, 0x3f, 0xbe,
  0xac, 0x6e, 0x4a, 0x3e, 0xd6, 0xb2, 0x73, 0x3e, 0x54, 0x7a, 0xbc, 0x3d,
  0x6a, 0x0e, 0x6a, 0x3e, 0xe5, 0xd2, 0x5b, 0x3e, 0xe5, 0xf2, 0x5c, 0xbe,
  0x09, 0x4f, 0x73, 0xbd, 0xcf, 0xdc, 0x61, 0xbe, 0x87, 0x78, 0x4d, 0xbe,
  0x21, 0xed, 0x6e, 0x3e, 0x7a, 0xec, 0x7d, 0xbd, 0x31, 0x5a, 0x29, 0x3e,
  0x37, 0x2f, 0x26, 0xbe, 0xf1, 0x3c, 0x23, 0x3e, 0x39, 0x71, 0x13, 0xbe,
  0x37, 0x5d, 0xf9, 0x3d, 0xd0, 0x7f, 0xec, 0x3c, 0xe3, 0x2a, 0x30, 0xbe,
  0xd8, 0x37, 0x4d, 0xbd, 0x9b, 0xb9, 0x82, 0xbc, 0xad, 0x09, 0x50, 0xbe,
  0xef, 0xcf, 0x8d, 0xbd, 0x2b, 0xe7, 0x1c, 0xbe, 0x3c, 0x45, 0x1b, 0xbe,
  0x89, 0x61, 0x6b, 0x3e, 0xa0, 0x28, 0xc8, 0x3d, 0x77, 0xf9, 0x77, 0x3b,
  0x2c, 0xf5, 0x3c, 0xbd, 0x1e, 0x5f, 0x5e, 0xbe, 0xab, 0xb2, 0x02, 0x3e,
  0x4c, 0x7c, 0x09, 0xbd, 0x4d, 0x9b, 0xf8, 0xbd, 0x61, 0x03, 0x09, 0xbe,
  0xf3, 0xfd, 0xcd, 0xbd, 0x51, 0xd2, 0xeb, 0xbd, 0x1e, 0xe3, 0xfb, 0x3d,
  0x99, 0xe5, 0x84, 0x3c, 0x46, 0x9b, 0xed, 0xbd, 0x02, 0x86, 0x8f, 0xbc,
  0x66, 0xb9, 0x4d, 0xbe, 0x2e, 0x18, 0x1c, 0xbe, 0xf9, 0xff, 0x00, 0x3e,
  0x7b, 0xeb, 0x19, 0xbe, 0x1d, 0x5c, 0x89, 0x3d, 0x93, 0xb5, 0xfa, 0xbb,
  0xea, 0xcd, 0x2d, 0x3e, 0xf7, 0x08, 0x75, 0xbd, 0xd3, 0xf2, 0xc9, 0xbd,
  0x24, 0x5a, 0xca, 0xbd, 0x52, 0x4e, 0x85, 0xbc, 0xdb, 0xc9, 0x53, 0x3e,
  0x74, 0xe0, 0x12, 0x3d, 0x0c, 0x95, 0x35, 0x3e, 0xb7, 0xad, 0xd0, 0x3d,
  0x48, 0xda, 0x23, 0x3e, 0xb7, 0x13, 0x2e, 0xbe, 0x09, 0xca, 0x41, 0xbe,
  0x53, 0xab, 0xfd, 0xbc, 0x49, 0x74, 0xd5, 0x3d, 0x0c, 0x37, 0x55, 0xbe,
  0x84, 0x88, 0x2e, 0xbe, 0xed, 0x2c, 0x45, 0x3e, 0x7d, 0x1a, 0x17, 0xbe,
  0xfe, 0x70, 0x0a, 0xbe, 0xa8, 0x46, 0x7d, 0x3d, 0xe2, 0x44, 0x35, 0x3e,
  0x2f, 0x85, 0x59, 0x3e, 0xa1, 0xfd, 0x54, 0xbe, 0x1e, 0x4f, 0xb2, 0xbd,
  0x8e, 0xaf, 0x06, 0xbe, 0xf6, 0xbe, 0x2a, 0x3d, 0x2e, 0x06, 0x2c, 0x3e,
  0x4a, 0x79, 0xd4, 0xbd, 0xd7, 0x86, 0x73, 0x3e, 0x96, 0xf5, 0x13, 0xbe,
  0x0d, 0xcd, 0x81, 0x3e, 0x89, 0xcd, 0x04, 0xbe, 0xe3, 0x8c, 0x56, 0x3c,
  0xb2, 0xf7, 0x1f, 0xbe, 0x13, 0xf9, 0xd4, 0xbd, 0x9f, 0x37, 0xfe, 0xbc,
  0xbb, 0x82, 0xa4, 0x3c, 0xc6, 0x32, 0x66, 0x3d, 0x54, 0x02, 0xd6, 0xbc,
  0x8b, 0x03, 0x7a, 0xbe, 0xcf, 0xf7, 0x36, 0xbe, 0x28, 0x9f, 0x38, 0xbc,
  0x40, 0x2f, 0xa9, 0xbd, 0xa2, 0xff, 0x30, 0x3d, 0xe9, 0xcc, 0x42, 0x3e,
  0xb2, 0x9a, 0x4e, 0x3e, 0x94, 0x28, 0xaf, 0x3c, 0x26, 0x42, 0x82, 0xbd,
  0x10, 0x96, 0xe5, 0xbd, 0x64, 0x5c, 0x55, 0x3e, 0x6d, 0x40, 0x04, 0xbe,
  0x22, 0xaf, 0xc5, 0x3d, 0xde, 0xde, 0x11, 0xbe, 0xa1, 0x58, 0x3c, 0xbe,
  0xa3, 0x3c, 0x9c, 0xbd, 0xc9, 0xd4, 0xd0, 0xbd, 0x96, 0x47, 0x65, 0xbe,
  0x23, 0x81, 0xa4, 0x38, 0x78, 0xea, 0x69, 0xbe, 0xcc, 0xc0, 0x60, 0x3e,
  0xa3, 0xdb, 0x2b, 0x3e, 0x5f, 0x9f, 0x65, 0xba, 0x54, 0x55, 0xb4, 0x3d,
  0x34, 0x69, 0xc2, 0xbc, 0xc8, 0x8e, 0x2d, 0x3e, 0x0b, 0x2f, 0x56, 0xbe,
  0xd9, 0xf1, 0x79, 0x3e, 0x15, 0x00, 0x8d, 0x3d, 0xc2, 0xf8, 0x00, 0xbe,
  0xc9, 0xcb, 0x75, 0x3c, 0xc0, 0x89, 0x87, 0xbd, 0x28, 0xc9, 0xd9, 0xbd,
  0xe3, 0x81, 0x5c, 0xbe, 0xdc, 0x83, 0x8d, 0x3d, 0x64, 0xf9, 0x74, 0x3e,
  0x9c, 0xc3, 0x09, 0xbe, 0xd1, 0x2c, 0xc3, 0x3d, 0xe9, 0x9e, 0xa5, 0xbd,
  0x4e, 0xbe, 0x5d, 0x3e, 0xef, 0xde, 0xd8, 0xbb, 0xb1, 0xf5, 0xb8, 0xbb,
  0x5c, 0x7b, 0x9c, 0x3c, 0xf5, 0xcc, 0x30, 0xbd, 0xc6, 0xd8, 0x33, 0x3e,
  0x4f, 0x0c, 0x4b, 0x3d, 0x23, 0x62, 0xb2, 0xbc, 0xfb, 0x39, 0x45, 0xbd,
  0xee, 0x51, 0x90, 0xbb, 0x0a, 0x3b, 0x0c, 0x3e, 0xc1, 0xbe, 0xf5, 0xbd,
  0xf1, 0xfb, 0x07, 0x3e, 0x26, 0xbc, 0x3e, 0xbd, 0xe2, 0x52, 0x0a, 0x3a,
  0xce, 0x43, 0xeb, 0x3c, 0xf6, 0xcb, 0xab, 0x3c, 0x48, 0x1b, 0x0e, 0x3e,
  0x46, 0x7c, 0xbd, 0x3d, 0xeb, 0xdc, 0x5e, 0x3e, 0x01, 0x36, 0x04, 0xbd,
  0x9d, 0xbd, 0x4a, 0x3d, 0xf0, 0x7b, 0x37, 0x3e, 0xf3, 0xbc, 0x74, 0x3e,
  0xa6, 0xd9, 0x27, 0x3d, 0x27, 0xaf, 0xa3, 0xbd, 0xbe, 0x71, 0x43, 0xbd,
  0x0c, 0x4a, 0x3b, 0x3e, 0x38, 0x97, 0x16, 0xbe, 0x9e, 0x94, 0x2d, 0x3e,
  0xb2, 0x2b, 0x7e, 0xbe, 0x8d, 0xeb, 0x52, 0xbe, 0x10, 0xe6, 0x63, 0xbe,
  0x23, 0x72, 0x22, 0x3e, 0xc0, 0xc2, 0x45, 0x3e, 0x1f, 0xac, 0xc8, 0xbc,
  0xac, 0x7a, 0x08, 0xbe, 0x05, 0x62, 0xd3, 0x3d, 0xe3, 0x7c, 0x4b, 0xbe,
  0x03, 0x9e, 0xb2, 0x3d, 0x8a, 0x8e, 0xbf, 0xbd, 0x12, 0xfb, 0xbd, 0x3d,
  0x59, 0xbd, 0x97, 0x3d, 0x6b, 0x0d, 0xe0, 0x3c, 0x36, 0x7d, 0x57, 0x3d,
  0xd3, 0xa8, 0x07, 0xbe, 0xd4, 0xd4, 0xcc, 0xbc, 0xd7, 0x01, 0x80, 0xbd,
  0x7d, 0x2e, 0x62, 0x3e, 0xc5, 0xa1, 0x69, 0xbe, 0x94, 0x52, 0x2e, 0x3e,
  0xbf, 0x69, 0x90, 0x3d, 0x9d, 0x48, 0x67, 0xbe, 0x04, 0xd5, 0x77, 0x3e,
  0xca, 0x52, 0x14, 0x3e, 0x1f, 0xa8, 0x19, 0xbd, 0x95, 0xc0, 0xd9, 0x3c,
  0x14, 0x94, 0xec, 0xbd, 0x38, 0xac, 0x54, 0xbe, 0x3b, 0xc9, 0x23, 0x3d,
  0x20, 0x13, 0x71, 0xbe, 0x3b, 0x63, 0x7f, 0x3c, 0x0c, 0xf9, 0x3e, 0x3e,
  0x40, 0xb8, 0x73, 0xbe, 0x1f, 0x06, 0x27, 0xbe, 0xfd, 0x2f, 0xeb, 0x3c,
  0x43, 0x0c, 0x4a, 0x3d, 0xf8, 0x2e, 0x56, 0x3e, 0x69, 0x01, 0x10, 0x3d,
  0x56, 0xf5, 0xc1, 0xbd, 0x8e, 0xed, 0x3a, 0x3e, 0x9c, 0x64, 0x83, 0x3d,
  0x18, 0x51, 0x2d, 0x3e, 0x8e, 0xbf, 0x78, 0xbd, 0x48, 0x18, 0x60, 0x3e,
  0xa4, 0x46, 0x4b, 0xbe, 0xaa, 0x51, 0x26, 0x3e, 0xc5, 0x74, 0x60, 0xbd,
  0xe0, 0xd5, 0x93, 0xbd, 0xb8, 0x15, 0x4d, 0x3e, 0x53, 0x16, 0xc2, 0x3d,
  0xc2, 0xa0, 0x1a, 0x3e, 0x61, 0xc2, 0x02, 0x3e, 0x4f, 0xf3, 0x03, 0x3e,
  0xf9, 0xd2, 0x45, 0xbe, 0xf9, 0x26, 0x91, 0xba, 0xfb, 0xc9, 0x65, 0xba,
  0x18, 0x0a, 0x02, 0x3d, 0x7a, 0xb5, 0xbd, 0x3d, 0xf3, 0x27, 0x6c, 0xbe,
  0x26, 0x97, 0x29, 0xbe, 0x7d, 0x8c, 0x4f, 0x3e, 0x78, 0x14, 0x3c, 0x3d,
  0x98, 0x62, 0x44, 0x3e, 0xcd, 0xef, 0x82, 0x3d, 0x8f, 0xca, 0x05, 0xbe,
  0x37, 0x1f, 0x0a, 0x3e, 0xea, 0xd9, 0xff, 0xff, 0x04, 0x00, 0x00, 0x00,
  0x00, 0x0c, 0x00, 0x00, 0xb8, 0x95, 0xcb, 0xbd, 0xc4, 0x23, 0x46, 0x3e,
  0xb5, 0x4e, 0x78, 0xbd, 0xce, 0xef, 0x26, 0x3e, 0x8f, 0xdc, 0x09, 0x3e,
  0xce, 0xb8, 0x47, 0x3e, 0x6a, 0x89, 0x53, 0x3e, 0xfc, 0x1f, 0x63, 0x3e,
  0x1f, 0xd2, 0x0e, 0xbe, 0x1e, 0x1a, 0x2b, 0x3e, 0x50, 0x51, 0x82, 0x3c,
  0x9b, 0x76, 0xc6, 0xbd, 0x3b, 0xfd, 0x47, 0x3e, 0x9f, 0x8b, 0x15, 0x3e,
  0x91, 0x55, 0x5f, 0xbe, 0xcc, 0x9a, 0x59, 0x3e, 0x76, 0x83, 0xd4, 0xbd,
  0xb1, 0x65, 0xda, 0xbd, 0x85, 0xa9, 0x7a, 0x3e, 0xd8, 0x3b, 0xe3, 0xbd,
  0xf4, 0x81, 0x56, 0xbe, 0x55, 0x62, 0xf4, 0x3d, 0xca, 0xe6, 0x40, 0xbd,
  0x5b, 0x27, 0xcc, 0xbb, 0xb8, 0xd8, 0xee, 0x3d, 0xd0, 0x4c, 0xf3, 0x3d,
  0x64, 0x3c, 0x4c, 0x3e, 0x5d, 0xab, 0xad, 0xbd, 0x40, 0x11, 0x4a, 0x3e,
  0x69, 0x0b, 0x30, 0xbc, 0x8d, 0x20, 0x6d, 0xbe, 0x93, 0x0d, 0xa8, 0xbc,
  0x0b, 0xe3, 0xf3, 0xbd, 0x6b, 0xe0, 0x15, 0xbd, 0x60, 0x6a, 0x52, 0xbe,
  0xd0, 0x72, 0x13, 0xbe, 0xc6, 0x5e, 0x76, 0x3d, 0xa2, 0xb7, 0x99, 0x3c,
  0x2b, 0x35, 0x3f, 0x3e, 0x96, 0x97, 0x65, 0xbe, 0x24, 0x82, 0xe8, 0x3c,
  0xbb, 0x1e, 0x80, 0x3d, 0x59, 0x9d, 0x6a, 0x3e, 0x23, 0xc7, 0x06, 0x3e,
  0xaf, 0x03, 0x85, 0x3e, 0xfd, 0x01, 0x02, 0xbe, 0x09, 0x20, 0x33, 0x3b,
  0x82, 0x6f, 0x3d, 0xbe, 0x08, 0x3d, 0x59, 0x3d, 0x0e, 0x7d, 0x4e, 0xbd,
  0xd1, 0xc7, 0x53, 0xbe, 0x1a, 0x92, 0x65, 0x3c, 0x69, 0xbe, 0x84, 0x3e,
  0xc5, 0x78, 0xfb, 0x3d, 0x25, 0xcd, 0x84, 0x3e, 0x88, 0xb1, 0xc2, 0x3d,
  0x42, 0xa9, 0x5b, 0x3e, 0xdb, 0x73, 0xef, 0xbd, 0xa3, 0x2d, 0x90, 0x3d,
  0x8e, 0x65, 0x2a, 0x3e, 0x18, 0x23, 0xba, 0x3d, 0xfc, 0x73, 0x2d, 0xbe,
  0xd6, 0x90, 0x75, 0x3e, 0x74, 0xce, 0x22, 0x3e, 0xa9, 0xcc, 0x1a, 0xbe,
  0x3c, 0x97, 0x01, 0x3e, 0x52, 0x17, 0x10, 0x3d, 0x28, 0x27, 0x04, 0xbe,
  0x7a, 0xd1, 0x29, 0x3d, 0xec, 0xa7, 0x46, 0x3e, 0x5b, 0x45, 0xca, 0x3c,
  0xdf, 0x41, 0x1d, 0xbe, 0xb6, 0xac, 0x44, 0x3e, 0xe0, 0x80, 0x09, 0x3e,
  0x1c, 0xbf, 0x6b, 0x3e, 0xfc, 0xeb, 0xd2, 0xbd, 0x83, 0xa3, 0xd7, 0xbc,
  0xc5, 0xdf, 0x55, 0xbe, 0x8c, 0xa7, 0x06, 0xbe, 0xb6, 0xba, 0x30, 0x3e,
  0x0d, 0x0f, 0x0e, 0x3d, 0xbb, 0xad, 0x86, 0xbb, 0xa9, 0xa7, 0x46, 0xbd,
  0xa3, 0xd0, 0x57, 0xbe, 0x33, 0x65, 0x0a, 0x3e, 0x87, 0x66, 0x2a, 0x3d,
  0xa0, 0xfd, 0x85, 0x3e, 0xfb, 0x0b, 0xa9, 0xba, 0xf7, 0x32, 0xb5, 0xba,
  0xf8, 0xc7, 0x6d, 0xbe, 0x8b, 0x41, 0xc4, 0xbd, 0x0f, 0xb2, 0x68, 0x3d,
  0x05, 0x42, 0xeb, 0x3a, 0x1c, 0xdc, 0x49, 0x3e, 0x5d, 0x47, 0xea, 0xbd,
  0x6c, 0x5e, 0xdd, 0xbd, 0x80, 0xce, 0x63, 0xbe, 0xe9, 0x68, 0xd9, 0x3d,
  0xd4, 0x5a, 0x46, 0xbe, 0x4c, 0xf1, 0xd2, 0x3d, 0xf0, 0x85, 0xaf, 0xbd,
  0xa9, 0x92, 0x67, 0xbe, 0xc3, 0x57, 0xea, 0xbd, 0x15, 0x94, 0xd9, 0xbb,
  0xeb, 0xae, 0x41, 0x3e, 0xb6, 0xa1, 0x53, 0x3d, 0x3e, 0x0f, 0xb1, 0x3c,
  0x91, 0x21, 0x61, 0xbe, 0x71, 0xd7, 0x74, 0xbe, 0xf7, 0xae, 0xb6, 0xbd,
  0x14, 0xc5, 0xac, 0xbc, 0xef, 0x31, 0x4e, 0x3e, 0x67, 0xb3, 0xc2, 0x3b,
  0x68, 0xcc, 0x03, 0xbe, 0xfb, 0x5a, 0x62, 0xbe, 0xf3, 0xae, 0x28, 0x3e,
  0x97, 0x7d, 0xcd, 0xbc, 0xa1, 0xc0, 0x55, 0x3e, 0xb7, 0xc8, 0x5f, 0x3e,
  0xdb, 0x5e, 0x36, 0x3e, 0xca, 0xc5, 0x99, 0x3c, 0x3b, 0x10, 0x37, 0x3e,
  0x5e, 0x89, 0x1f, 0x3c, 0x28, 0x02, 0xb0, 0xbb, 0xb3, 0xa6, 0x58, 0x3e,
  0x49, 0x50, 0x14, 0x3d, 0x5d, 0x7d, 0x9a, 0x3d, 0x9a, 0xd3, 0x50, 0x3e,
  0x14, 0x0f, 0x12, 0xbe, 0xbe, 0x9f, 0x5f, 0x3e, 0x7a, 0x2d, 0xa1, 0xbc,
  0x40, 0x57, 0x00, 0xbe, 0x12, 0x06, 0x32, 0x3e, 0x7c, 0xb0, 0x44, 0x3b,
  0x73, 0xdc, 0xcd, 0xbc, 0xb9, 0x03, 0x19, 0xbe, 0xcc, 0xdb, 0x17, 0xbd,
  0x01, 0x02, 0x27, 0xbe, 0x4d, 0x78, 0x6e, 0xbe, 0x0c, 0xe9, 0x91, 0x3d,
  0xab, 0x71, 0x67, 0xbd, 0x9b, 0x11, 0x04, 0x3e, 0x9b, 0xd9, 0x6b, 0x3e,
  0x88, 0x18, 0x80, 0xbd, 0x5f, 0x70, 0xf0, 0x3d, 0x2a, 0x10, 0x88, 0xbd,
  0xaa, 0x77, 0x23, 0x3e, 0x3a, 0x89, 0x15, 0xbe, 0x9a, 0xcc, 0x8e, 0xbd,
  0x58, 0x9f, 0x12, 0x3e, 0xa9, 0xd1, 0x80, 0x3d, 0x42, 0xda, 0xaa, 0xbd,
  0xab, 0x1c, 0x49, 0x3e, 0x7d, 0x6f, 0x48, 0x3d, 0x24, 0xb5, 0x4a, 0x3e,
  0x97, 0x75, 0xc1, 0xbd, 0xc3, 0x44, 0x62, 0x3e, 0x6d, 0x3e, 0x3a, 0x3e,
  0x23, 0xb8, 0x22, 0xbe, 0xc7, 0x54, 0x99, 0xbc, 0x19, 0xec, 0x94, 0x3d,
  0xdc, 0xc2, 0x38, 0x3e, 0xb4, 0xbf, 0xc8, 0x3b, 0xe4, 0xe5, 0xcd, 0xbd,
  0x69, 0x3f, 0x50, 0xbe, 0xb0, 0xee, 0xfe, 0xbd, 0xc7, 0xdf, 0x56, 0xbd,
  0x2f, 0x85, 0x75, 0x3d, 0xba, 0xb0, 0x3c, 0x3d, 0x64, 0x8a, 0xda, 0xbc,
  0xfe, 0xff, 0x7f, 0xbe, 0x9f, 0x38, 0xe2, 0x3d, 0xa6, 0x18, 0x05, 0x3e,
  0x5c, 0xb5, 0x5a, 0x3c, 0xbd, 0x64, 0x60, 0x3e, 0xdf, 0x1f, 0x98, 0xbd,
  0x08, 0x7d, 0x67, 0xbe, 0x36, 0x39, 0x73, 0x3e, 0x0c, 0x1d, 0x1c, 0xbe,
  0x8e, 0x1c, 0xc2, 0x3d, 0xde, 0x59, 0x05, 0x3b, 0x51, 0xdd, 0x04, 0xbe,
  0x64, 0x9c, 0x57, 0x3d, 0x2d, 0xad, 0x4f, 0x3e, 0x85, 0xb4, 0x4f, 0xbc,
  0x61, 0xba, 0x2d, 0x3e, 0x13, 0x23, 0x5f, 0xbe, 0x07, 0xc5, 0x0e, 0xbe,
  0x45, 0x64, 0x01, 0x3e, 0x5d, 0x93, 0x61, 0xbe, 0xcd, 0x6d, 0x1d, 0xbd,
  0xb6, 0x34, 0x55, 0xbe, 0x4f, 0x0a, 0x21, 0xbe, 0x8b, 0x7f, 0x25, 0xbe,
  0x38, 0xcb, 0xf0, 0xbd, 0x65, 0x91, 0x67, 0xbc, 0xdc, 0x9c, 0xe9, 0x3d,
  0xfe, 0x31, 0x09, 0xbe, 0x91, 0xca, 0x93, 0x3d, 0x67, 0xc7, 0x0d, 0x3e,
  0xca, 0x2c, 0xc7, 0xbc, 0xb3, 0x24, 0x5c, 0x3e, 0x29, 0x22, 0x80, 0xbe,
  0x16, 0x5a, 0x10, 0x3d, 0x47, 0x1d, 0x00, 0x3e, 0x77, 0xe1, 0x55, 0x3e,
  0x2f, 0x59, 0x0a, 0xbe, 0x98, 0x4b, 0x06, 0xbe, 0x59, 0x7e, 0x0a, 0x3e,
  0x6c, 0x3c, 0xd0, 0xbd, 0xf5, 0xba, 0x54, 0x3d, 0x06, 0x70, 0x9e, 0xbd,
  0x4d, 0x5b, 0x5b, 0x3e, 0x80, 0xce, 0x4e, 0xbe, 0x95, 0x57, 0xc0, 0x3d,
  0x92, 0x80, 0x04, 0xbd, 0xbe, 0x8b, 0x7c, 0xbe, 0xb4, 0xbe, 0x9f, 0x3b,
  0x33, 0x84, 0x9a, 0xbd, 0xe2, 0x8a, 0x2a, 0xbe, 0xf2, 0x4e, 0xde, 0x3d,
  0xb8, 0xd2, 0x6c, 0xbd, 0x30, 0x26, 0xed, 0xbc, 0x49, 0xcb, 0x5b, 0x3e,
  0x71, 0x43, 0x92, 0xbc, 0x52, 0x0d, 0x81, 0xbe, 0xdb, 0xd8, 0x25, 0xbe,
  0x2a, 0xaf, 0x75, 0xbe, 0x12, 0x7a, 0xb8, 0x3d, 0xb2, 0xb4, 0x37, 0xbd,
  0x6c, 0xf8, 0xda, 0xbd, 0x91, 0x7a, 0x01, 0x3c, 0x0a, 0xdd, 0xfa, 0xbd,
  0x07, 0xb4, 0x55, 0x3e, 0xca, 0x3b, 0x79, 0x3e, 0xc2, 0x06, 0xec, 0x3c,
  0x7d, 0x6b, 0x08, 0xbe, 0xf6, 0xd0, 0x59, 0xbe, 0x49, 0x6b, 0x8c, 0xbd,
  0x93, 0x2b, 0xc3, 0x3d, 0x07, 0x97, 0x28, 0xbd, 0x39, 0xec, 0x09, 0x3e,
  0x37, 0x39, 0x7c, 0xbe, 0x3a, 0xf9, 0x01, 0xbe, 0x6d, 0xcf, 0x51, 0x3e,
  0xfa, 0xeb, 0x52, 0x3d, 0xad, 0xf5, 0x2b, 0x3e, 0x6b, 0x83, 0x9a, 0xbc,
  0xf8, 0xbd, 0xfb, 0x3d, 0x5d, 0xc8, 0x5c, 0x3c, 0xe6, 0xb3, 0xcf, 0x3c,
  0x77, 0xd2, 0x1a, 0x3d, 0xc6, 0xe8, 0x21, 0xbe, 0x66, 0xe9, 0x4f, 0x3e,
  0x7b, 0x9c, 0x75, 0xbe, 0x5b, 0x7c, 0x59, 0xbe, 0xd5, 0x52, 0x40, 0xbe,
  0x88, 0xb9, 0xab, 0xbd, 0xee, 0x33, 0xff, 0xbd, 0xef, 0xe5, 0x0c, 0xbe,
  0xc7, 0xed, 0xe3, 0xbd, 0xbc, 0x01, 0x5c, 0xbd, 0x1b, 0xf3, 0xdb, 0x3d,
  0x28, 0xb1, 0x28, 0x3e, 0x1e, 0x82, 0x38, 0x3e, 0xf5, 0xbb, 0x3c, 0x3d,
  0xc2, 0xaa, 0x0f, 0x3e, 0xda, 0xad, 0x96, 0x3d, 0x7c, 0x56, 0x2c, 0xbe,
  0xd6, 0xc1, 0x13, 0x3e, 0xf6, 0x03, 0xd7, 0xbd, 0xdd, 0x79, 0x0e, 0x3e,
  0x4d, 0x45, 0xe2, 0x3c, 0xa7, 0x66, 0x35, 0xbe, 0xbf, 0x8e, 0x72, 0xbe,
  0x3c, 0x33, 0x62, 0x3e, 0x17, 0x56, 0x16, 0xbe, 0x35, 0x64, 0xba, 0xbd,
  0xb2, 0xda, 0xe8, 0x3d, 0x26, 0x02, 0xe7, 0x3d, 0x78, 0xcd, 0x32, 0x3e,
  0x4c, 0xef, 0x48, 0xbe, 0xa9, 0x30, 0xb0, 0xbd, 0xd6, 0x92, 0x3c, 0x3e,
  0x96, 0x9c, 0xc6, 0xbd, 0xfa, 0x91, 0xfd, 0xbd, 0x08, 0xc3, 0x0c, 0xbb,
  0xac, 0xb2, 0x47, 0xbd, 0xb3, 0x7c, 0x99, 0xbd, 0x99, 0xe0, 0x79, 0xbd,
  0xaf, 0x10, 0x15, 0xbe, 0x0e, 0x18, 0xc2, 0x3d, 0x16, 0xef, 0xb6, 0x3a,
  0x73, 0xba, 0xba, 0x3d, 0x19, 0x8d, 0xda, 0xbd, 0x9c, 0xb6, 0xad, 0xbd,
  0xf1, 0x40, 0x4e, 0xbe, 0xb2, 0xd0, 0xf7, 0xbc, 0xe8, 0x81, 0xb5, 0x3c,
  0x3e, 0xf1, 0xf6, 0x3d, 0xfc, 0x9f, 0x6a, 0x3c, 0x95, 0x56, 0x76, 0x3e,
  0x4d, 0x7a, 0x78, 0xbe, 0xc6, 0xf0, 0xd8, 0xbd, 0x70, 0xb1, 0x45, 0xbe,
  0x9b, 0x3e, 0xec, 0xbd, 0x38, 0x97, 0xf5, 0xbd, 0xd3, 0x99, 0x46, 0xbc,
  0x10, 0x2d, 0xc0, 0xbc, 0xf0, 0xb3, 0x6d, 0xbe, 0x68, 0xd8, 0x17, 0xbe,
  0x36, 0x38, 0xdc, 0x3d, 0x5f, 0x2b, 0x10, 0x3e, 0xbe, 0x3f, 0x4a, 0x3e,
  0x71, 0xff, 0x52, 0xbe, 0x5a, 0x0d, 0x10, 0x3d, 0x7d, 0x0a, 0x47, 0x3e,
  0x0f, 0xc7, 0x36, 0xbd, 0x23, 0x68, 0x2b, 0x3e, 0xe4, 0xc4, 0xaa, 0x3c,
  0xf8, 0xc5, 0x81, 0xbe, 0xe8, 0x3c, 0xc6, 0xbd, 0x83, 0x32, 0x79, 0x3d,
  0x13, 0xf0, 0x0a, 0x3e, 0x8e, 0x09, 0x65, 0x3c, 0xea, 0xd3, 0x5a, 0xbe,
  0xda, 0xb4, 0x00, 0xbe, 0x66, 0x6b, 0xb7, 0xbd, 0x4c, 0xe6, 0xcb, 0xbd,
  0x14, 0x21, 0x6e, 0x3d, 0x00, 0x44, 0x5b, 0xbe, 0xa0, 0xa6, 0x3a, 0xbc,
  0x4c, 0x6c, 0x74, 0x3e, 0xd3, 0x88, 0x43, 0xbe, 0x37, 0xf6, 0x2b, 0xbe,
  0x81, 0xf4, 0x81, 0xbe, 0xee, 0xd3, 0xc4, 0xbd, 0x8b, 0x1a, 0xaa, 0xbb,
  0xc1, 0x75, 0x1a, 0xbe, 0xfe, 0x32, 0x5d, 0xbe, 0x0d, 0x0b, 0xc2, 0xbc,
  0xac, 0x65, 0x64, 0x3e, 0x5e, 0x4d, 0x2f, 0xbb, 0x9e, 0x35, 0xe3, 0xbd,
  0x16, 0x39, 0x73, 0x3e, 0xe7, 0xbc, 0x06, 0xbe, 0xe0, 0xad, 0x18, 0xbd,
  0xf6, 0xd2, 0x93, 0x3d, 0xf4, 0xb7, 0x5d, 0xbe, 0x25, 0x82, 0x7f, 0x3c,
  0xdf, 0xf8, 0x0e, 0x3e, 0xed, 0x09, 0x60, 0x3e, 0x0f, 0x7b, 0x18, 0x3e,
  0x80, 0x16, 0x8d, 0xbd, 0xd5, 0x4c, 0x33, 0x3d, 0x5f, 0xd1, 0x4a, 0xbe,
  0x97, 0xfe, 0x79, 0x3e, 0x90, 0x75, 0xe7, 0xbc, 0x6d, 0x5a, 0x97, 0xbd,
  0x2d, 0x59, 0xc1, 0xbd, 0x70, 0x3c, 0x16, 0x3d, 0xc2, 0x05, 0x5d, 0x3c,
  0xb0, 0xa5, 0x52, 0x3e, 0x55, 0x1e, 0x45, 0x3e, 0x47, 0x16, 0x30, 0xbd,
  0x8f, 0xfc, 0x70, 0x3d, 0xa8, 0x03, 0x2b, 0xbe, 0x88, 0xef, 0x27, 0xbe,
  0x3f, 0x3f, 0xae, 0x3d, 0x62, 0x3f, 0x56, 0x3e, 0x41, 0x53, 0x23, 0x3e,
  0x2e, 0x4c, 0xfc, 0x3d, 0x9d, 0x34, 0x22, 0xbe, 0x4e, 0x94, 0x88, 0x3d,
  0x87, 0xbe, 0xca, 0x3d, 0x3a, 0x10, 0xbf, 0x3d, 0xe2, 0x63, 0xae, 0x3b,
  0x97, 0x4b, 0xb1, 0xbd, 0x38, 0xcf, 0x0e, 0x3e, 0xfc, 0xe3, 0x80, 0x3e,
  0xe8, 0x5d, 0x0a, 0x3e, 0xe7, 0x16, 0x69, 0x3e, 0x35, 0x01, 0x09, 0x3e,
  0x23, 0xe1, 0x58, 0xbe, 0x23, 0x05, 0x40, 0xbe, 0xa2, 0x11, 0x39, 0xbe,
  0x2c, 0x54, 0x08, 0x3e, 0x04, 0xdd, 0xf0, 0x3d, 0x8a, 0x3a, 0x48, 0x3d,
  0x07, 0x0f, 0x1b, 0xbe, 0xec, 0x72, 0xd6, 0xbd, 0x56, 0xc8, 0x18, 0xbc,
  0x4e, 0x8d, 0x3b, 0x3d, 0xc3, 0xe1, 0xbd, 0xbd, 0x1f, 0x1b, 0xbf, 0x3d,
  0x81, 0x4c, 0xf4, 0xbd, 0xf1, 0xb5, 0x06, 0xbe, 0x23, 0x3b, 0x5f, 0x3d,
  0xa2, 0x6c, 0x60, 0xbe, 0x0a, 0x3e, 0xe4, 0xbd, 0x37, 0x50, 0x31, 0x3d,
  0x38, 0x94, 0x61, 0x3e, 0x8b, 0xc7, 0xb7, 0x3d, 0x9a, 0x59, 0xaa, 0xbc,
  0xa9, 0x4c, 0x82, 0xbe, 0xef, 0x1e, 0x76, 0xbe, 0xb6, 0xe5, 0x25, 0xba,
  0x4e, 0xf8, 0xc2, 0xbd, 0x97, 0x86, 0x8c, 0xbb, 0xcf, 0xd3, 0xbc, 0x3d,
  0x09, 0xc6, 0xe7, 0x3d, 0x5c, 0x89, 0x3c, 0xbe, 0x61, 0xef, 0xaa, 0xba,
  0x6a, 0xf9, 0x5d, 0xbd, 0xd0, 0xe8, 0xcf, 0xbd, 0x4d, 0xa3, 0xa9, 0xbb,
  0x01, 0xf4, 0x43, 0x3d, 0xba, 0xb8, 0x65, 0x3d, 0xec, 0x49, 0x8b, 0xbd,
  0x75, 0xdd, 0x1e, 0x3c, 0xc7, 0x6d, 0x3b, 0xbe, 0x35, 0xd5, 0x97, 0xbd,
  0x09, 0xfb, 0x9b, 0x3d, 0xcc, 0x70, 0x5c, 0x3e, 0x14, 0xcd, 0x26, 0x3e,
  0x78, 0xa2, 0x7c, 0x3e, 0xff, 0xad, 0x99, 0xbd, 0x39, 0x96, 0x5d, 0x3e,
  0x41, 0x23, 0x3e, 0x3e, 0xcd, 0x2e, 0xfd, 0x3d, 0xd6, 0xa3, 0xb1, 0xbc,
  0xff, 0x24, 0x40, 0xbe, 0xea, 0x35, 0x20, 0x3e, 0xf8, 0xa0, 0x54, 0x3e,
  0x87, 0xc4, 0xc4, 0x3c, 0x19, 0x20, 0x01, 0x3e, 0xc5, 0x46, 0x29, 0xbe,
  0x29, 0xfd, 0xb4, 0x3b, 0x48, 0xd5, 0x15, 0xbe, 0x36, 0xd2, 0xc3, 0x3c,
  0xac, 0x93, 0x11, 0x3e, 0x3c, 0x6a, 0x70, 0xbe, 0xec, 0xa9, 0x44, 0x3d,
  0x13, 0xd2, 0x2d, 0x3e, 0xa9, 0x6e, 0x46, 0xbe, 0xe3, 0x36, 0x84, 0xbe,
  0xf6, 0x5f, 0x2d, 0xbe, 0xe5, 0xd3, 0x6e, 0x3e, 0x05, 0x86, 0xda, 0x3d,
  0x3c, 0x2d, 0x3e, 0xbe, 0x94, 0x56, 0x6a, 0x3e, 0x06, 0xbc, 0xaa, 0x3b,
  0x69, 0xb2, 0x1b, 0xbe, 0x5f, 0x61, 0x31, 0xbe, 0x59, 0x3d, 0xe9, 0xbb,
  0x99, 0x7c, 0x17, 0x3e, 0x5b, 0xa0, 0x61, 0xbe, 0xed, 0x14, 0x20, 0xbe,
  0x12, 0x9d, 0x00, 0xbe, 0xff, 0x3a, 0x3b, 0x3e, 0x25, 0xa6, 0x38, 0x3d,
  0xf7, 0xec, 0x65, 0xbc, 0x6c, 0x76, 0x99, 0x3d, 0xc1, 0xca, 0x08, 0x3e,
  0xd9, 0x13, 0x2e, 0xbd, 0x8c, 0x53, 0x43, 0x3e, 0xc1, 0x71, 0x21, 0xbc,
  0x02, 0x8c, 0x81, 0xbd, 0x97, 0x75, 0x70, 0xbe, 0xfd, 0x1a, 0xec, 0x3d,
  0xfc, 0x56, 0x82, 0x3d, 0x24, 0xc9, 0x35, 0xbd, 0x1b, 0xe1, 0x1a, 0x3e,
  0x37, 0x38, 0xd2, 0xbd, 0x69, 0xf6, 0xd2, 0xbd, 0x4a, 0xd1, 0x83, 0xbe,
  0xc1, 0xfc, 0x15, 0x3e, 0xff, 0xce, 0xea, 0xbd, 0x08, 0x9c, 0x66, 0x3c,
  0xcd, 0xc4, 0x06, 0x3e, 0x85, 0x06, 0x0c, 0x3e, 0x6f, 0x47, 0x4d, 0x3e,
  0x9f, 0x2d, 0x99, 0x3d, 0xb7, 0xff, 0x5b, 0xbe, 0xcd, 0xb5, 0x60, 0x3e,
  0x10, 0xf9, 0x36, 0x3e, 0x2e, 0x99, 0x20, 0x3e, 0x90, 0x08, 0x9a, 0xbd,
  0x62, 0xa8, 0x97, 0x3d, 0x21, 0x96, 0x41, 0x3e, 0x37, 0x31, 0x1a, 0xbe,
  0xc6, 0xb7, 0xd9, 0xbc, 0x5a, 0x93, 0x2c, 0xbe, 0xc5, 0x18, 0x08, 0xbe,
  0xcb, 0x7b, 0x7b, 0x3d, 0x54, 0xda, 0x43, 0xbe, 0xd7, 0xac, 0x98, 0xbd,
  0x90, 0xd1, 0x58, 0xbe, 0x9d, 0x0d, 0xbe, 0x3d, 0x99, 0xc8, 0xdb, 0x3d,
  0x7c, 0x21, 0x02, 0xbe, 0x39, 0xd9, 0xb5, 0xbd, 0xca, 0xf1, 0x4e, 0xbd,
  0x6c, 0x3d, 0xb2, 0xbc, 0xd4, 0x94, 0x64, 0xbc, 0x1d, 0x6c, 0x62, 0xbe,
  0x0a, 0xcc, 0x5f, 0xbe, 0xe7, 0x06, 0x73, 0x3e, 0x80, 0xad, 0x36, 0x3d,
  0x53, 0x0d, 0x5a, 0xbb, 0x74, 0xd6, 0xb9, 0xbd, 0x7b, 0xd9, 0x80, 0x3e,
  0xb9, 0x18, 0xd8, 0x3d, 0xf6, 0x11, 0x8a, 0x3c, 0xf1, 0xf5, 0x2d, 0xbd,
  0xe4, 0x7f, 0xb6, 0xbd, 0x7f, 0x6a, 0x23, 0xbe, 0xa2, 0xac, 0x4e, 0xbe,
  0x62, 0x7e, 0xce, 0xbd, 0xf1, 0xbd, 0xca, 0x3d, 0x79, 0xac, 0x3e, 0xbe,
  0x2b, 0x8d, 0xbb, 0x3d, 0x59, 0xab, 0x83, 0x3b, 0xcd, 0xdb, 0x9a, 0xbd,
  0xf4, 0x82, 0x39, 0xbe, 0x8c, 0xae, 0x02, 0x3e, 0x66, 0x8e, 0xe5, 0x3d,
  0xbf, 0x95, 0x1e, 0xbe, 0x71, 0x12, 0x69, 0x3e, 0xfc, 0xf1, 0xc2, 0xbd,
  0x86, 0xc9, 0xa1, 0x3c, 0x2d, 0xae, 0x16, 0xbe, 0x23, 0x56, 0x69, 0xbe,
  0x80, 0xde, 0xfd, 0xbd, 0x6b, 0x39, 0x54, 0x3e, 0x10, 0x38, 0xfe, 0xbd,
  0x15, 0x98, 0xe2, 0x3d, 0xe4, 0xf4, 0x1d, 0xbe, 0x1f, 0x6a, 0x6d, 0x3e,
  0x49, 0xcb, 0x40, 0xbe, 0xae, 0xb7, 0xcc, 0xbd, 0xa0, 0xa2, 0x07, 0x3e,
  0x3f, 0x06, 0xce, 0x3d, 0x86, 0xdb, 0xee, 0xbd, 0xc4, 0xa1, 0x04, 0xbe,
  0xe5, 0x40, 0x67, 0x3e, 0xb7, 0x69, 0x33, 0xbe, 0x39, 0xcd, 0x14, 0x3e,
  0x1e, 0x5f, 0xa0, 0x3d, 0x16, 0xf5, 0x74, 0x3e, 0xe0, 0xb4, 0x19, 0xbd,
  0xdf, 0x12, 0x2d, 0xbe, 0x95, 0xa0, 0xc8, 0xbd, 0xae, 0xdf, 0x59, 0xbe,
  0xef, 0xef, 0x0e, 0x3e, 0x35, 0x67, 0x0b, 0x3e, 0x6c, 0x1a, 0xc5, 0xbd,
  0x9a, 0x3f, 0x6a, 0xbe, 0x7f, 0xbf, 0x7c, 0x3d, 0x3a, 0x84, 0x4e, 0xbe,
  0x56, 0x7b, 0x64, 0x3e, 0x41, 0x52, 0x39, 0xbe, 0xef, 0x96, 0x70, 0xbd,
  0x0c, 0x02, 0x58, 0xbe, 0x56, 0xcf, 0x53, 0x3d, 0xe3, 0xbf, 0xc1, 0xbd,
  0x4b, 0xfe, 0x6c, 0xbe, 0x86, 0x81, 0x77, 0xbe, 0x21, 0x25, 0x9b, 0x3d,
  0x39, 0xb4, 0xee, 0x3d, 0x77, 0x69, 0x2d, 0xbe, 0xc0, 0x3e, 0x23, 0x3e,
  0x6c, 0xed, 0xfc, 0xbb, 0x1a, 0x8f, 0x48, 0x3e, 0xc4, 0xb9, 0x55, 0xbe,
  0xdb, 0x29, 0x76, 0x3c, 0x60, 0xfd, 0x51, 0x3e, 0xeb, 0x9c, 0xd4, 0x3d,
  0x7d, 0xb4, 0xfa, 0x3c, 0xd4, 0x92, 0xad, 0xbd, 0xca, 0x86, 0x71, 0x3e,
  0xba, 0x0c, 0x6c, 0xbd, 0xa0, 0xb8, 0x49, 0x3e, 0xe3, 0xce, 0xb0, 0x3d,
  0xd6, 0x2a, 0xe3, 0x3d, 0x76, 0x5d, 0x08, 0xbd, 0x59, 0x67, 0x18, 0xbe,
  0x0c, 0x55, 0xef, 0x3d, 0xa5, 0x61, 0x61, 0x3e, 0x3c, 0x5e, 0x49, 0xbc,
  0x30, 0x70, 0x5c, 0xbe, 0x23, 0xe2, 0x64, 0xbe, 0x61, 0xde, 0x74, 0xbe,
  0x49, 0xd4, 0x1a, 0xbe, 0x4c, 0x24, 0x67, 0xbe, 0xb5, 0x8a, 0x9f, 0x3d,
  0x85, 0xff, 0xad, 0xbd, 0x27, 0xd6, 0x1b, 0x3e, 0x2c, 0x8c, 0x0f, 0xbe,
  0x32, 0x24, 0x1b, 0x3e, 0x46, 0x22, 0x6d, 0xbe, 0xae, 0x06, 0xb5, 0xbd,
  0x60, 0x6c, 0xc0, 0x3d, 0xdc, 0x2a, 0x15, 0x3e, 0xf3, 0xa9, 0x4c, 0xbe,
  0xbf, 0x05, 0x48, 0x3e, 0x51, 0x29, 0x53, 0xbe, 0x13, 0x9b, 0x80, 0x3e,
  0xe2, 0x49, 0x39, 0x3e, 0x23, 0xb5, 0xdb, 0xbd, 0x97, 0xa5, 0xfa, 0x3d,
  0xe5, 0x3b, 0x7d, 0x3d, 0x58, 0xbc, 0x6b, 0x3e, 0x0a, 0x78, 0x3e, 0x3e,
  0x74, 0x77, 0x56, 0x3e, 0x4a, 0x95, 0x43, 0xbd, 0xf1, 0x15, 0xab, 0x3d,
  0x2d, 0x14, 0xaf, 0xbc, 0x6f, 0xe4, 0x45, 0xbe, 0xd6, 0x09, 0x9b, 0xbd,
  0x68, 0xbd, 0x40, 0x3d, 0xfa, 0x29, 0xf7, 0x3d, 0x4f, 0x53, 0xe2, 0xbd,
  0xb6, 0x15, 0x05, 0x3e, 0xb0, 0x49, 0xa2, 0xbd, 0x89, 0x18, 0x32, 0x3e,
  0x68, 0x86, 0x85, 0x3d, 0xb4, 0xae, 0xde, 0xbd, 0xfd, 0x95, 0xd1, 0x3b,
  0x1c, 0xb0, 0x3a, 0xbe, 0x50, 0x5c, 0xd0, 0xbd, 0x39, 0x14, 0x82, 0xbe,
  0xe9, 0x2e, 0xd8, 0x3c, 0xc9, 0x9d, 0xe9, 0xbd, 0xe0, 0x9d, 0xdf, 0xbd,
  0x76, 0xe7, 0x19, 0xbe, 0x9f, 0xa6, 0x43, 0x3c, 0x24, 0x7f, 0x84, 0x3d,
  0x4d, 0x08, 0x70, 0x3e, 0x98, 0x2c, 0x38, 0xbe, 0x90, 0x54, 0x15, 0x3e,
  0x66, 0x54, 0xa2, 0x3d, 0x25, 0x44, 0x70, 0xbe, 0x69, 0xb0, 0xda, 0x3d,
  0x9d, 0xfd, 0xf7, 0x3d, 0x4e, 0x29, 0x39, 0xbd, 0xf6, 0xe4, 0x29, 0x3e,
  0x3e, 0x32, 0x1f, 0xbe, 0xf2, 0xf2, 0x65, 0x3e, 0xbe, 0xaf, 0x68, 0xbe,
  0x36, 0xc3, 0xa2, 0x3d, 0x91, 0x2b, 0x9a, 0x3d, 0x3d, 0xf0, 0x6c, 0x3e,
  0x11, 0x62, 0x58, 0xbe, 0xd8, 0x3a, 0x52, 0x3e, 0xdf, 0xe9, 0x69, 0xbe,
  0xa9, 0x78, 0x5f, 0x3e, 0xe4, 0x47, 0x24, 0x3e, 0x88, 0x97, 0xcb, 0xbd,
  0x56, 0x68, 0xdc, 0xbd, 0xba, 0xbd, 0x00, 0xbe, 0x6a, 0x57, 0x02, 0xbb,
  0x40, 0x61, 0xb8, 0x3d, 0x42, 0x1d, 0x51, 0x3e, 0x59, 0x56, 0x20, 0x3d,
  0x29, 0x2c, 0x7c, 0xbe, 0x1b, 0x8e, 0x6c, 0xbe, 0xa3, 0x84, 0xe2, 0x3d,
  0x47, 0x75, 0x4e, 0xbe, 0x93, 0xdc, 0x4c, 0x3e, 0x01, 0x61, 0x50, 0x3e,
  0x1a, 0xa7, 0xcb, 0x3c, 0x96, 0xd5, 0x5f, 0x3e, 0xfd, 0x3c, 0x7b, 0xbe,
  0x0d, 0x32, 0x42, 0xbe, 0x57, 0x72, 0x58, 0x3e, 0x85, 0x34, 0x1a, 0x3e,
  0x19, 0xde, 0x67, 0xbe, 0xc4, 0x33, 0x16, 0xbe, 0xa2, 0x64, 0x88, 0xbd,
  0xf6, 0xee, 0x52, 0xbd, 0x11, 0x9e, 0xdd, 0xbd, 0xe0, 0x44, 0xbf, 0x3d,
  0x7b, 0xf1, 0x66, 0xbe, 0x1c, 0xf0, 0x74, 0xbd, 0x9d, 0x79, 0x7b, 0x3e,
  0xbf, 0xd0, 0x51, 0x3e, 0xf5, 0xb1, 0x6c, 0xbe, 0xa4, 0x59, 0x56, 0x3d,
  0x69, 0x72, 0xd8, 0x3d, 0x00, 0x08, 0x9e, 0x3d, 0x42, 0xd9, 0x9b, 0xbd,
  0xb1, 0xbc, 0x2c, 0x3e, 0x89, 0x86, 0x56, 0xbd, 0x0c, 0x79, 0xc2, 0xbd,
  0x3c, 0x26, 0x78, 0x3e, 0xb2, 0x2b, 0x20, 0x3d, 0x58, 0x9a, 0x82, 0x3d,
  0x4f, 0x80, 0x2e, 0x3e, 0xe0, 0xac, 0x54, 0xbd, 0x65, 0x36, 0x82, 0x3e,
  0x10, 0xe2, 0x55, 0x3d, 0xd2, 0x4d, 0x6f, 0x3e, 0x0d, 0x79, 0x37, 0x3e,
  0xc4, 0x66, 0x5e, 0xbe, 0xb6, 0x37, 0x05, 0x3e, 0x7c, 0x11, 0xdc, 0x3d,
  0xf2, 0x36, 0xc6, 0xbd, 0x51, 0x6a, 0xcc, 0xbd, 0xac, 0x6b, 0x27, 0x3e,
  0x97, 0x99, 0x52, 0xbd, 0xc8, 0xae, 0x47, 0x3e, 0x41, 0x45, 0x2b, 0x3d,
  0xdb, 0x87, 0x5f, 0xbe, 0x0b, 0x60, 0xad, 0x3d, 0xee, 0x5b, 0xf5, 0xbd,
  0x61, 0x15, 0xe8, 0xbd, 0x76, 0x36, 0x1d, 0xbd, 0xf6, 0x03, 0xae, 0xbd,
  0xde, 0xf9, 0xfc, 0x3d, 0x39, 0x2c, 0x13, 0x3e, 0xf9, 0xc0, 0x1c, 0x3e,
  0x6c, 0xaa, 0x6b, 0x3d, 0x38, 0xc8, 0x9c, 0x3d, 0x18, 0x15, 0xb3, 0xbd,
  0x63, 0x81, 0xe5, 0xbd, 0x18, 0x22, 0x35, 0xbe, 0xd5, 0xf5, 0x9a, 0xbd,
  0x4e, 0x99, 0x07, 0x3e, 0x24, 0xfb, 0x52, 0xbe, 0xaf, 0x8a, 0x80, 0xbe,
  0x4b, 0x8f, 0x45, 0xbd, 0xf7, 0x9a, 0x78, 0xbd, 0x8f, 0x46, 0xe8, 0x3d,
  0x50, 0xf0, 0x25, 0xbe, 0x6b, 0x23, 0xc7, 0x3d, 0x97, 0xb0, 0xa8, 0xbc,
  0xc3, 0x88, 0x4a, 0x3e, 0x11, 0x50, 0xd7, 0xbd, 0x22, 0x5d, 0x9f, 0x3d,
  0xdf, 0x31, 0x56, 0xbe, 0x9d, 0xc4, 0x1a, 0xbe, 0x80, 0xf4, 0x37, 0xbe,
  0x91, 0xe4, 0x27, 0xbd, 0x29, 0xd6, 0x34, 0xbd, 0xdb, 0x8d, 0x39, 0x3e,
  0x67, 0xdf, 0x4e, 0x3e, 0xea, 0x7f, 0xdf, 0x3c, 0x39, 0x6d, 0x4c, 0x3e,
  0xba, 0xb1, 0xd9, 0x3d, 0x80, 0x91, 0x8c, 0x3d, 0xc0, 0xb4, 0x86, 0x3d,
  0x80, 0x54, 0x61, 0x3e, 0xa7, 0x1b, 0x5b, 0xbe, 0xee, 0x63, 0x3b, 0xbe,
  0x8a, 0x92, 0xda, 0x3d, 0x51, 0x0a, 0x79, 0xbd, 0x2c, 0x4d, 0x11, 0xbe,
  0xc8, 0x61, 0x08, 0xbe, 0xc7, 0x45, 0x00, 0xbe, 0x45, 0x85, 0x2d, 0x3e,
  0x7c, 0x77, 0x96, 0xbd, 0x66, 0x66, 0xad, 0xbd, 0xf8, 0x9c, 0x56, 0x3e,
  0xce, 0xc5, 0x3f, 0x3e, 0x3d, 0x96, 0x16, 0x3e, 0xc6, 0xe4, 0x4b, 0xbe,
  0x7b, 0x10, 0x48, 0x3e, 0xf6, 0xe5, 0xff, 0xff, 0x04, 0x00, 0x00, 0x00,
  0x00, 0x0c, 0x00, 0x00, 0xdf, 0xbd, 0x18, 0x3e, 0x63, 0x0c, 0x5c, 0x3e,
  0x3f, 0xc0, 0x3b, 0x3e, 0x95, 0x4a, 0x16, 0xbe, 0xfa, 0x02, 0x65, 0xbe,
  0x22, 0x4d, 0x68, 0x3e, 0x29, 0xbd, 0x4b, 0xbe, 0xe1, 0x75, 0x38, 0x3e,
  0xf6, 0x41, 0x6e, 0x3e, 0xf8, 0x62, 0x9c, 0xbc, 0xed, 0x90, 0xe5, 0x3d,
  0x31, 0x5c, 0x9c, 0x3c, 0xaf, 0x15, 0xda, 0xbc, 0xfd, 0x9a, 0xf8, 0xbd,
  0xb6, 0x85, 0x62, 0xbd, 0x57, 0x87, 0x32, 0x3e, 0xc6, 0x15, 0x5e, 0xbe,
  0x56, 0x2b, 0x2f, 0xbc, 0x16, 0x13, 0xac, 0x3c, 0x1c, 0x9a, 0x2f, 0xbe,
  0x66, 0x71, 0x35, 0xbe, 0x4e, 0x3a, 0x7a, 0xbd, 0x67, 0xda, 0x36, 0xbe,
  0x8e, 0xbe, 0x81, 0xbe, 0xb9, 0x5b, 0xa3, 0x3d, 0x20, 0xb6, 0x6b, 0xbe,
  0x56, 0xb8, 0x56, 0xbe, 0xee, 0x94, 0xf8, 0x3d, 0xfd, 0x71, 0xd1, 0x3d,
  0xfa, 0x74, 0x06, 0x3e, 0xcc, 0x3f, 0xaf, 0xbd, 0x8f, 0x7d, 0x63, 0x3e,
  0x3b, 0x0f, 0x39, 0x3e, 0x49, 0x78, 0x40, 0xbe, 0x7e, 0x5e, 0x0b, 0xbd,
  0x65, 0x5e, 0x83, 0xbe, 0x59, 0x2b, 0x8c, 0xbd, 0x42, 0xa1, 0x5d, 0x3e,
  0xec, 0x05, 0x29, 0xbe, 0x0a, 0x9e, 0x5a, 0x3d, 0xac, 0x43, 0xd9, 0xbd,
  0x9d, 0xfb, 0x98, 0xbd, 0x0f, 0xb0, 0x2a, 0x3e, 0xa1, 0xc9, 0x58, 0xbe,
  0x1c, 0xb6, 0x67, 0x3e, 0x41, 0xff, 0x31, 0x3e, 0xdd, 0x2e, 0x0b, 0xbe,
  0x26, 0x81, 0x10, 0xbe, 0xa2, 0x25, 0x3e, 0x3d, 0x29, 0x13, 0x93, 0xbd,
  0x3b, 0xdf, 0x49, 0xbe, 0xaa, 0x9e, 0x81, 0x3d, 0x2f, 0xb4, 0xfe, 0x3c,
  0xdc, 0x8a, 0xc0, 0x3c, 0xac, 0xd6, 0x63, 0xbe, 0x77, 0x4f, 0x15, 0x3e,
  0x28, 0x19, 0xfa, 0xbd, 0x2b, 0xe6, 0xc4, 0xbd, 0x69, 0xd8, 0xa8, 0xbd,
  0xb2, 0x5f, 0x80, 0x3c, 0xe4, 0xd0, 0x90, 0xbd, 0xe4, 0xe0, 0x38, 0xbb,
  0x8d, 0x8d, 0xbc, 0x3c, 0xb8, 0x8e, 0x2f, 0xbe, 0x9e, 0xe3, 0x2b, 0xbe,
  0x5f, 0xd2, 0x44, 0x3e, 0xd3, 0x3b, 0x18, 0xbd, 0x7b, 0xb4, 0xe0, 0x3d,
  0x47, 0x22, 0x5b, 0xbd, 0xe4, 0xe7, 0x78, 0x3e, 0x3f, 0x83, 0x44, 0xbe,
  0xdf, 0x63, 0xaf, 0x3d, 0xf2, 0xb9, 0x4a, 0xbe, 0x2b, 0x30, 0x54, 0xbe,
  0x2c, 0x9d, 0x92, 0xbd, 0x7a, 0xa3, 0x66, 0x3e, 0x5e, 0x33, 0x00, 0x3e,
  0x64, 0x52, 0xe3, 0x3b, 0xd9, 0x1c, 0xd2, 0xbd, 0x60, 0x0f, 0x97, 0x3d,
  0x6c, 0xd1, 0xbb, 0x3d, 0x7c, 0xc6, 0x64, 0xbd, 0x1a, 0xd6, 0x0f, 0x3d,
  0x47, 0x94, 0x76, 0x3e, 0x3f, 0xbb, 0x42, 0x3e, 0x55, 0xfb, 0x3f, 0x3d,
  0xc5, 0xed, 0x05, 0x3e, 0x54, 0x18, 0xa4, 0xbd, 0xfa, 0x90, 0xb7, 0xbc,
  0x39, 0x65, 0xd9, 0xbd, 0x6d, 0xfb, 0x73, 0x3d, 0xe8, 0x56, 0x84, 0xbd,
  0x37, 0x69, 0x23, 0x3e, 0x72, 0x8b, 0xd2, 0xbd, 0xd5, 0x95, 0xe7, 0xbd,
  0xb1, 0x10, 0x0f, 0xbe, 0x73, 0x80, 0x72, 0xbe, 0x1e, 0x8f, 0x87, 0x3b,
  0xec, 0x62, 0xaa, 0x3d, 0x62, 0xdd, 0x91, 0x3d, 0xe9, 0x24, 0x8e, 0xbd,
  0xdf, 0xf1, 0x70, 0x3e, 0xb6, 0xd4, 0x56, 0xbd, 0xe3, 0x6b, 0xe3, 0xbd,
  0x8d, 0xb4, 0x6f, 0xbe, 0xf4, 0x42, 0xd5, 0x3c, 0x3c, 0x4f, 0xb7, 0x3d,
  0xe8, 0xdb, 0x3f, 0x3d, 0xba, 0x50, 0x12, 0xbe, 0x69, 0x9d, 0x6a, 0xbd,
  0x7c, 0x45, 0x64, 0x3e, 0xaf, 0x4e, 0x1a, 0x3e, 0x24, 0x23, 0x53, 0xbe,
  0xf3, 0xfd, 0xe3, 0xbd, 0x33, 0xaa, 0x10, 0xbd, 0x60, 0xb9, 0x6e, 0xbe,
  0x26, 0xe3, 0x67, 0xbe, 0x44, 0x56, 0x80, 0xbe, 0xe2, 0x1a, 0xcb, 0x3c,
  0xf4, 0xfd, 0x43, 0xbe, 0x04, 0x1a, 0x09, 0xbe, 0x6d, 0xd1, 0x3b, 0x3e,
  0x0f, 0x3e, 0xb5, 0xbd, 0xe1, 0x0f, 0x7d, 0xbd, 0x8e, 0xd4, 0x34, 0x3e,
  0x13, 0xc9, 0x57, 0x3e, 0x52, 0xb2, 0x4c, 0xbe, 0xea, 0x64, 0xa4, 0xbd,
  0xcd, 0x91, 0x6c, 0xbe, 0x71, 0x6e, 0xcd, 0x3d, 0x9a, 0x06, 0x7f, 0xbd,
  0x48, 0x1d, 0x90, 0x3d, 0x7d, 0x52, 0x1d, 0x3d, 0x04, 0xb0, 0x58, 0xbe,
  0xd0, 0xf5, 0x74, 0xbe, 0xe3, 0xa5, 0xfe, 0xbd, 0x08, 0x01, 0x7a, 0xbe,
  0x20, 0x5f, 0x56, 0x3e, 0xdf, 0x26, 0x00, 0xbe, 0x6d, 0xe6, 0xac, 0xbb,
  0x42, 0x17, 0x12, 0x3d, 0x94, 0x61, 0x13, 0xbc, 0x48, 0x80, 0x9e, 0xbd,
  0x0f, 0xe0, 0x06, 0xbe, 0x52, 0xd0, 0x6f, 0x3d, 0x95, 0x03, 0x43, 0xbe,
  0x25, 0x15, 0x23, 0xbe, 0x23, 0x61, 0xcc, 0x3d, 0x49, 0xd9, 0x84, 0x3d,
  0x58, 0x1a, 0x47, 0x3e, 0xd0, 0x16, 0x1a, 0xbe, 0x1b, 0xc1, 0x0f, 0xbe,
  0x6e, 0x89, 0xf0, 0x3d, 0x32, 0x0d, 0x6e, 0xbe, 0x06, 0xd4, 0x13, 0xbe,
  0x08, 0x20, 0x36, 0xbd, 0x75, 0x2f, 0x0d, 0xbe, 0x79, 0xeb, 0xd4, 0x3c,
  0x86, 0xc8, 0xe1, 0x3d, 0xd8, 0x8b, 0x34, 0x3e, 0x1c, 0x7b, 0x70, 0xbe,
  0x32, 0xcd, 0x79, 0x39, 0x67, 0x43, 0x04, 0xbe, 0xb8, 0x66, 0xce, 0x3d,
  0xdd, 0x08, 0x79, 0x3e, 0xe4, 0x5a, 0xec, 0x3d, 0x1a, 0x94, 0x21, 0xbe,
  0x0b, 0xd1, 0x92, 0x3d, 0xea, 0xa3, 0x3d, 0x3e, 0x9f, 0x7f, 0xd8, 0xbd,
  0x69, 0x59, 0x87, 0xbd, 0xd0, 0xcd, 0xc5, 0x3d, 0x41, 0x1b, 0xba, 0xbd,
  0x60, 0x44, 0xa6, 0x3d, 0xbd, 0x1f, 0x5a, 0xbe, 0x58, 0x0b, 0x75, 0xbd,
  0xc5, 0x53, 0xaf, 0xbd, 0x6b, 0xd2, 0x02, 0x3e, 0xd0, 0x03, 0xe6, 0xbd,
  0x64, 0x09, 0x7d, 0x3e, 0xc1, 0x4d, 0x6c, 0x3e, 0x3b, 0xc7, 0x54, 0xbe,
  0xa2, 0xc3, 0x9e, 0xbd, 0xf1, 0x54, 0x06, 0xbd, 0xde, 0x09, 0x77, 0x3e,
  0x3a, 0x07, 0x5a, 0xbe, 0x48, 0x0b, 0x6a, 0x3e, 0xff, 0xb4, 0x59, 0x3e,
  0x16, 0xcd, 0x2d, 0x3e, 0x67, 0x4c, 0x00, 0x3e, 0x71, 0x8e, 0x0f, 0x3e,
  0x6b, 0x0f, 0x83, 0x3e, 0x20, 0x37, 0x5d, 0xbe, 0xbe, 0x20, 0x49, 0xbd,
  0xdd, 0xc7, 0x25, 0xbe, 0x4a, 0x2c, 0x55, 0x3d, 0x67, 0xce, 0x27, 0xbc,
  0xea, 0x30, 0x93, 0xbd, 0x49, 0xcd, 0x3c, 0x3d, 0x2a, 0x78, 0x42, 0xbd,
  0x19, 0x82, 0x54, 0xbd, 0x37, 0xa5, 0x43, 0x3e, 0x75, 0x35, 0x20, 0x3e,
  0x79, 0x51, 0x50, 0x3e, 0x9a, 0x5a, 0x75, 0x3e, 0xb1, 0x75, 0x40, 0x3e,
  0x31, 0xe8, 0xf9, 0x3c, 0x7f, 0x0c, 0x6e, 0xbe, 0x4e, 0x3f, 0x3e, 0xbe,
  0xaf, 0xa3, 0x2f, 0x3d, 0x09, 0xf2, 0x45, 0x3e, 0x07, 0x76, 0x68, 0xbe,
  0xee, 0xd2, 0x50, 0x3e, 0xdf, 0xf6, 0x13, 0xbd, 0xca, 0xbb, 0x85, 0x3d,
  0x53, 0x78, 0xc1, 0xbc, 0xd6, 0x9c, 0x36, 0xbd, 0x25, 0x57, 0xce, 0xbd,
  0x06, 0x9c, 0x3b, 0xbe, 0xec, 0x47, 0xf4, 0x3d, 0x22, 0x78, 0x51, 0xbc,
  0xde, 0x5c, 0x89, 0xbc, 0x97, 0xcc, 0x9e, 0xbd, 0x36, 0x2d, 0xa8, 0x3d,
  0x1f, 0x38, 0x50, 0x3e, 0xc1, 0xa7, 0x27, 0x3e, 0xbb, 0xa3, 0x2e, 0x3e,
  0x34, 0xd3, 0xba, 0xbd, 0xa3, 0xc0, 0x69, 0xbc, 0xb6, 0x43, 0xda, 0xbd,
  0xda, 0x9f, 0x69, 0xbe, 0xc1, 0xa1, 0x47, 0x3e, 0xbb, 0x3b, 0x99, 0xbd,
  0x75, 0xbd, 0xe0, 0x3c, 0x3d, 0xee, 0xa9, 0xbc, 0x0a, 0xb3, 0x4b, 0x3e,
  0x8c, 0x4e, 0x1f, 0x3e, 0x3b, 0xbb, 0xda, 0xbd, 0xfa, 0x71, 0x4b, 0xbe,
  0x74, 0x8b, 0x66, 0x3e, 0xc0, 0x6d, 0x03, 0xbe, 0xd0, 0x03, 0xd5, 0xbd,
  0x3d, 0x40, 0x75, 0x3d, 0xbb, 0xa2, 0x25, 0x3c, 0xde, 0xfe, 0x78, 0x3c,
  0x92, 0x63, 0x3e, 0x3d, 0xce, 0xb4, 0x03, 0xbe, 0xa3, 0x91, 0x66, 0x3e,
  0x46, 0x8e, 0x16, 0x3e, 0xea, 0xb0, 0x02, 0xbd, 0x75, 0x49, 0x7c, 0xbe,
  0x3d, 0x62, 0xab, 0x3c, 0xf7, 0x20, 0x02, 0x3d, 0x8d, 0xde, 0x64, 0x3d,
  0x02, 0x17, 0x1b, 0x3d, 0xb1, 0x44, 0x2a, 0xbe, 0x04, 0x10, 0x25, 0xbe,
  0x1f, 0xd1, 0x24, 0xbe, 0x66, 0x09, 0x5f, 0x3e, 0x9f, 0x16, 0xe6, 0x3d,
  0x56, 0x3b, 0xe3, 0x3d, 0xbf, 0xbf, 0x56, 0x3e, 0xdb, 0xb7, 0xdb, 0x3d,
  0x99, 0x6b, 0xfa, 0x3d, 0x76, 0xfa, 0x12, 0x3e, 0xec, 0x58, 0x9b, 0x3d,
  0xb8, 0xc2, 0x07, 0xbe, 0x45, 0x19, 0x7d, 0xbd, 0x7a, 0x18, 0xb5, 0x3d,
  0xb5, 0xbb, 0xdd, 0xbc, 0x57, 0x6c, 0x15, 0x3e, 0xa0, 0x5c, 0xbb, 0xbd,
  0x87, 0x61, 0x17, 0x3e, 0xac, 0xc0, 0xa2, 0xbc, 0x5f, 0x99, 0x1a, 0x3a,
  0x22, 0x45, 0x39, 0x3e, 0x12, 0xa3, 0xae, 0x3d, 0x5f, 0x19, 0x21, 0xbe,
  0x2b, 0xf0, 0x00, 0xbe, 0x01, 0xc3, 0x8c, 0x3d, 0x1e, 0xc0, 0x2c, 0x3d,
  0xb3, 0x1f, 0x42, 0x3e, 0x10, 0x3c, 0x14, 0xbe, 0x40, 0x8a, 0xf5, 0x3d,
  0x22, 0x5f, 0x7b, 0x3d, 0xd6, 0x1f, 0xc9, 0x3d, 0xce, 0x22, 0x02, 0xbd,
  0x74, 0x86, 0x8c, 0x3d, 0xe2, 0x18, 0x09, 0xbe, 0xdd, 0x87, 0x34, 0xbe,
  0xf7, 0xc0, 0x7b, 0x3e, 0xbb, 0x84, 0xdc, 0x3d, 0x37, 0xac, 0x50, 0x3e,
  0x77, 0x54, 0x1b, 0x3e, 0xbb, 0x6b, 0x21, 0x3e, 0xf6, 0x92, 0x30, 0xbe,
  0xef, 0x24, 0x38, 0xbe, 0x4c, 0xdc, 0x20, 0xbe, 0xd3, 0x28, 0x13, 0x3e,
  0x73, 0x41, 0x3c, 0xbe, 0x64, 0x15, 0x04, 0x3e, 0xae, 0xa7, 0x75, 0xbe,
  0xb8, 0x7f, 0x57, 0x3e, 0x1d, 0x53, 0x7e, 0x3e, 0xdd, 0x4c, 0x20, 0x3e,
  0x07, 0xe1, 0x42, 0x3e, 0x25, 0x55, 0x57, 0x3e, 0x63, 0x18, 0xea, 0xbd,
  0x23, 0x2c, 0x20, 0x3d, 0x8c, 0xc8, 0x49, 0xbe, 0xb0, 0x67, 0x35, 0xbe,
  0x79, 0xaf, 0x3c, 0x3e, 0x4a, 0xab, 0xae, 0xbd, 0x6b, 0xb9, 0xcf, 0x3d,
  0xcb, 0x70, 0x0b, 0x3b, 0xb8, 0x06, 0x05, 0x3e, 0xb7, 0x80, 0x6f, 0x3e,
  0xc2, 0x8d, 0xc3, 0xbd, 0xb2, 0x2d, 0x02, 0x3e, 0xbd, 0x3a, 0x1d, 0x3e,
  0x9e, 0x43, 0x46, 0xbc, 0x61, 0x41, 0x8d, 0xbd, 0x85, 0xe3, 0x87, 0xbc,
  0xe4, 0xcd, 0x5d, 0xbe, 0x7a, 0x26, 0x22, 0xbe, 0x34, 0x5c, 0x44, 0x3e,
  0x5d, 0x71, 0xb0, 0xbd, 0x6b, 0x5e, 0x50, 0x3e, 0x55, 0xca, 0x0b, 0x3d,
  0x20, 0x86, 0x37, 0x3e, 0x44, 0x49, 0x5b, 0xbe, 0xa7, 0x7d, 0x3c, 0x3d,
  0x23, 0xcd, 0xeb, 0xbd, 0x8d, 0x4d, 0x1a, 0xbe, 0xe0, 0x17, 0x68, 0xbe,
  0x83, 0x2e, 0x0f, 0xbe, 0x74, 0x2b, 0x62, 0xbe, 0xd5, 0x52, 0x32, 0xbb,
  0x48, 0x3f, 0x16, 0xbe, 0xec, 0xee, 0x18, 0xbe, 0xb8, 0x83, 0x9e, 0xbd,
  0x6d, 0x61, 0x22, 0xbe, 0xdf, 0xc5, 0x0c, 0x3e, 0x03, 0x56, 0x12, 0x3c,
  0xd0, 0xa6, 0xe8, 0x3d, 0x67, 0xcd, 0x21, 0x3e, 0xec, 0xd0, 0x30, 0xbe,
  0x75, 0x44, 0xb0, 0x3d, 0x39, 0x83, 0x89, 0x3c, 0xf4, 0x0a, 0xc6, 0xbb,
  0xa6, 0x68, 0xc7, 0x3d, 0xf1, 0xbb, 0x33, 0xbe, 0xd9, 0xa0, 0x5c, 0x3e,
  0xec, 0x0b, 0x35, 0x3e, 0x3f, 0xdb, 0x11, 0x3e, 0xb7, 0xb9, 0x1f, 0x3e,
  0x2c, 0x71, 0x24, 0x3c, 0x4a, 0x72, 0x09, 0xbe, 0xe7, 0x87, 0x49, 0xbe,
  0xb9, 0x7a, 0x62, 0xbe, 0x09, 0xbc, 0x9a, 0xbd, 0x27, 0xd5, 0xdd, 0x3c,
  0x48, 0xed, 0x85, 0x3e, 0x03, 0xd4, 0x5a, 0xbe, 0x19, 0xbb, 0x0c, 0x3e,
  0x28, 0x92, 0x07, 0xbe, 0xe8, 0x95, 0xe3, 0xbd, 0xa2, 0x55, 0x88, 0xbc,
  0xa9, 0xb6, 0x96, 0x3d, 0x8d, 0xe8, 0x94, 0xb9, 0xef, 0x52, 0x41, 0x3d,
  0xc9, 0x9e, 0xbe, 0x3d, 0x4b, 0x9d, 0x4d, 0xbe, 0x67, 0xc5, 0x6e, 0x3e,
  0x4d, 0x0b, 0x66, 0x3e, 0x0d, 0xa4, 0xcf, 0x3d, 0xe2, 0x24, 0xe2, 0x3d,
  0x9a, 0xd7, 0x08, 0xbe, 0x34, 0x15, 0x5e, 0x3d, 0x46, 0x35, 0x0a, 0x3c,
  0x67, 0x06, 0x3b, 0x3e, 0xbf, 0x60, 0xc2, 0xbd, 0x5a, 0xd6, 0x50, 0xbd,
  0xb3, 0xae, 0x21, 0xbe, 0xf5, 0x64, 0x41, 0xbe, 0xb2, 0x1a, 0x70, 0xbe,
  0xbd, 0xb6, 0x28, 0xbd, 0xe6, 0xc2, 0x5e, 0x3e, 0xfc, 0xf2, 0x09, 0xbe,
  0xcc, 0x02, 0x33, 0x3d, 0xfb, 0x2d, 0x25, 0x3e, 0x4c, 0x28, 0x4e, 0x3d,
  0xf0, 0x0d, 0xe7, 0x3d, 0xae, 0xdc, 0x67, 0x3d, 0xe0, 0xa0, 0x0a, 0x3e,
  0xce, 0xe0, 0x7f, 0xbe, 0x7a, 0x3a, 0x22, 0xbe, 0x42, 0x59, 0x59, 0xbe,
  0xb2, 0x7a, 0xf8, 0x3d, 0xa6, 0xeb, 0x48, 0x3d, 0x34, 0x00, 0x77, 0xbe,
  0x6c, 0x66, 0xb5, 0xbd, 0xc3, 0x30, 0x2b, 0x3d, 0x3b, 0x2d, 0xa7, 0xbd,
  0xab, 0x41, 0xc3, 0x3d, 0x83, 0x70, 0x2a, 0x3e, 0x91, 0x8b, 0xb3, 0xbd,
  0x22, 0x50, 0x1a, 0xbe, 0x53, 0x5b, 0x7b, 0xbd, 0x7d, 0xab, 0xa4, 0xbd,
  0x31, 0x68, 0x57, 0xbe, 0x21, 0x4b, 0xb3, 0xbc, 0x13, 0x39, 0x27, 0xbe,
  0x61, 0x05, 0x02, 0x3b, 0x35, 0x09, 0xc6, 0x3d, 0xeb, 0xd0, 0x09, 0xbd,
  0x59, 0x6c, 0x6b, 0x3e, 0x8e, 0xa9, 0xd8, 0x3d, 0x51, 0xa6, 0xf2, 0x3d,
  0xeb, 0xd4, 0xa7, 0x3d, 0x23, 0x04, 0x37, 0xbe, 0x46, 0x8b, 0x23, 0xbe,
  0xf7, 0x7f, 0x0a, 0xbd, 0x9a, 0x11, 0x1f, 0xbe, 0x57, 0x49, 0x51, 0xbe,
  0xaa, 0xd4, 0xe0, 0x3d, 0x1c, 0x77, 0x32, 0x3e, 0xfc, 0x38, 0x43, 0x3e,
  0xa6, 0x19, 0x2e, 0x3e, 0x69, 0x57, 0x69, 0x3e, 0xe7, 0x72, 0x1d, 0xbe,
  0xd8, 0x7d, 0x83, 0x3e, 0x96, 0x3e, 0x06, 0x3e, 0x7a, 0x77, 0x2b, 0x3e,
  0x41, 0x15, 0x4a, 0x3e, 0xcd, 0x59, 0x30, 0xbe, 0x43, 0x44, 0x40, 0x3e,
  0x7e, 0x29, 0x17, 0x3e, 0x40, 0x09, 0x92, 0xbd, 0x83, 0xa4, 0x55, 0xbe,
  0x1a, 0x67, 0xcb, 0x3c, 0x2a, 0xf3, 0xef, 0xbd, 0x1e, 0x72, 0xa9, 0xbd,
  0xe1, 0x53, 0x70, 0x3e, 0x4d, 0xc7, 0xe0, 0xbd, 0xfb, 0x73, 0x74, 0x3d,
  0x83, 0x17, 0xf9, 0xbb, 0xc7, 0x91, 0x24, 0xbe, 0x97, 0xf9, 0x85, 0xbd,
  0xd4, 0x2f, 0xbb, 0xbd, 0xc0, 0x86, 0x5a, 0xbe, 0x1e, 0x39, 0x13, 0x3e,
  0x54, 0x51, 0xab, 0xbd, 0xdb, 0x6e, 0x60, 0xbe, 0x0c, 0xf1, 0x5c, 0x3e,
  0xb0, 0xd9, 0x1e, 0x3e, 0xaf, 0x3d, 0x23, 0xbe, 0xb3, 0x81, 0x9a, 0xbd,
  0x49, 0xf0, 0x0a, 0x3e, 0x0b, 0xd9, 0x0d, 0xbe, 0xd6, 0x8f, 0x69, 0xbd,
  0x53, 0xcd, 0x1c, 0xbd, 0x0d, 0x6b, 0x36, 0x3e, 0xa3, 0x04, 0x7b, 0xbe,
  0xae, 0x04, 0xef, 0xbd, 0x0e, 0x26, 0xd2, 0xbc, 0xf9, 0x9f, 0xab, 0xbc,
  0xdf, 0xc2, 0xb8, 0xbc, 0x42, 0xb9, 0x91, 0x3d, 0xb4, 0x50, 0x41, 0xbe,
  0xdc, 0xa2, 0x58, 0x3e, 0xbe, 0xf4, 0x47, 0xbe, 0x5e, 0xb2, 0x71, 0xbe,
  0x33, 0x0a, 0x85, 0x3b, 0x31, 0x0c, 0xb0, 0x3d, 0x71, 0x75, 0x0f, 0xbe,
  0xf1, 0xe4, 0xbb, 0x3d, 0x96, 0xfb, 0x9c, 0xbd, 0x4b, 0xa4, 0x01, 0x3d,
  0x63, 0x3a, 0xe9, 0xbc, 0xc3, 0x60, 0x70, 0xbe, 0x2f, 0x18, 0x56, 0x3e,
  0xba, 0xb6, 0x9b, 0x3d, 0x1c, 0x83, 0x89, 0xbd, 0x75, 0xe7, 0x5e, 0x3e,
  0x47, 0xe3, 0x5d, 0xbe, 0x84, 0x88, 0x18, 0xbc, 0x51, 0x50, 0x10, 0x3e,
  0x92, 0xc0, 0x9c, 0x3d, 0x13, 0xef, 0xc1, 0xbd, 0xdd, 0x07, 0xac, 0xbd,
  0xb5, 0xc5, 0xa6, 0x3d, 0x2b, 0xaf, 0x3f, 0x3d, 0xdd, 0xf5, 0x99, 0x3d,
  0x83, 0x74, 0x3a, 0x3e, 0x7f, 0x5b, 0x01, 0xbd, 0xcf, 0x43, 0x93, 0xbd,
  0x77, 0xda, 0x51, 0xbe, 0xa0, 0x66, 0x82, 0x3d, 0x1f, 0x81, 0x4e, 0x3e,
  0xbd, 0x1f, 0x77, 0x3e, 0xda, 0x63, 0x7e, 0x3d, 0x21, 0xde, 0x66, 0x3e,
  0xd8, 0x74, 0x5f, 0xbd, 0x8f, 0xac, 0x92, 0xbd, 0xa0, 0x0a, 0x4b, 0xbe,
  0xbc, 0x7b, 0x30, 0x3e, 0x2f, 0x12, 0x11, 0xbe, 0x06, 0x51, 0x22, 0x3e,
  0x8c, 0xee, 0xf0, 0x3d, 0xb7, 0x0f, 0x9d, 0xbd, 0xf3, 0x4c, 0xba, 0xbd,
  0x41, 0x0a, 0x27, 0x3e, 0xec, 0xa8, 0x3e, 0xbd, 0xe3, 0x7c, 0xc9, 0x3d,
  0xc3, 0x41, 0x4b, 0x3d, 0x1f, 0x93, 0x3f, 0x3e, 0xbd, 0x34, 0x48, 0x3e,
  0xe2, 0xe2, 0xa0, 0xbd, 0x8f, 0xd7, 0x61, 0x3e, 0x6c, 0x68, 0x82, 0xbd,
  0x58, 0xc9, 0x9f, 0xbd, 0x63, 0x7c, 0x65, 0x3c, 0x32, 0x74, 0xbd, 0x3d,
  0xdc, 0x37, 0xa9, 0x3d, 0x52, 0x35, 0x3a, 0xbe, 0xb2, 0x5d, 0xb0, 0x3d,
  0xa6, 0xa7, 0x02, 0xbe, 0xc8, 0xf5, 0x57, 0xbe, 0xf1, 0x34, 0xef, 0x3d,
  0x42, 0x24, 0x68, 0xbe, 0x15, 0xa9, 0x10, 0x3e, 0x2d, 0x28, 0xc2, 0x3d,
  0x0c, 0x62, 0x2f, 0x3d, 0x86, 0x2f, 0x22, 0x3e, 0x7b, 0xc0, 0xf8, 0x3b,
  0xba, 0xfa, 0xc9, 0xbd, 0x83, 0x7b, 0x83, 0xbe, 0x76, 0xb1, 0x12, 0xbe,
  0xb7, 0x29, 0xf9, 0xbd, 0x6e, 0x51, 0x2f, 0x3d, 0x2f, 0xa4, 0x22, 0xbe,
  0x7b, 0x8b, 0xbd, 0x3c, 0xef, 0x90, 0x39, 0x3d, 0x55, 0xc6, 0x39, 0x3e,
  0xcd, 0xe1, 0x21, 0xbe, 0x5f, 0x2b, 0x7c, 0xbc, 0x40, 0xd6, 0x7b, 0xbd,
  0xf3, 0x8f, 0xbf, 0x3d, 0x06, 0x58, 0x09, 0x3e, 0x0d, 0xf5, 0xd4, 0xbd,
  0x80, 0x62, 0x76, 0x3d, 0x23, 0x7d, 0x7d, 0xbe, 0x2b, 0x8c, 0x82, 0x3d,
  0x96, 0x7a, 0x5a, 0xbd, 0x09, 0x21, 0x1a, 0x3e, 0xfd, 0xe7, 0x52, 0xbb,
  0xe0, 0xb6, 0xa6, 0xbc, 0xe2, 0xcf, 0x41, 0xbe, 0xcf, 0xb4, 0x21, 0xbe,
  0x09, 0x3a, 0xc0, 0x3d, 0xc5, 0x1d, 0xd2, 0x3d, 0x91, 0x84, 0xb6, 0x3d,
  0x7d, 0x59, 0x3f, 0x3e, 0x21, 0x46, 0xf1, 0x3d, 0x54, 0x68, 0x3f, 0xbe,
  0xa4, 0x3d, 0x68, 0x3d, 0x5d, 0x74, 0x49, 0x3e, 0x87, 0x7f, 0x13, 0x3e,
  0x17, 0x88, 0x3c, 0x3e, 0x1a, 0xb5, 0x00, 0x3d, 0x45, 0x63, 0xcc, 0xbb,
  0xe5, 0x72, 0x62, 0xbd, 0x1d, 0x78, 0xe8, 0x3d, 0xa0, 0x67, 0x2c, 0xbe,
  0x5e, 0x7b, 0x81, 0xbe, 0x5f, 0x81, 0x17, 0x3e, 0x84, 0xd4, 0x3a, 0x3e,
  0x77, 0xce, 0x21, 0xbe, 0xc4, 0x30, 0x63, 0xbe, 0x9a, 0x9f, 0x9a, 0x3c,
  0xad, 0x7b, 0x89, 0xbd, 0xa3, 0x2c, 0x81, 0x3d, 0xe7, 0x3d, 0x51, 0x3e,
  0xa2, 0x7a, 0x14, 0xbd, 0xe5, 0xad, 0xd8, 0x3d, 0xf4, 0x5b, 0x30, 0x3e,
  0x97, 0xae, 0x93, 0xbd, 0x77, 0xbf, 0x0e, 0xbd, 0x15, 0x4f, 0x05, 0xbe,
  0xfa, 0xb5, 0x38, 0xbe, 0xdc, 0xcf, 0x5f, 0x3e, 0x88, 0x21, 0x6d, 0x3e,
  0x3e, 0x7d, 0xf6, 0xbb, 0x56, 0xb3, 0x2f, 0xbe, 0x74, 0x98, 0x64, 0xbd,
  0x20, 0x29, 0x6d, 0xbe, 0x02, 0x53, 0xd6, 0xbd, 0x9f, 0x88, 0xeb, 0x3d,
  0x07, 0x67, 0x76, 0x3e, 0x4f, 0xbf, 0xb7, 0xbc, 0xbb, 0xa3, 0x1c, 0xbe,
  0x54, 0x21, 0xcc, 0xbd, 0x27, 0xf6, 0x03, 0x3d, 0xec, 0x0a, 0xf1, 0x3d,
  0x11, 0x87, 0xf0, 0x3d, 0xe3, 0xd6, 0x23, 0x3c, 0x38, 0x49, 0x05, 0xbe,
  0xf9, 0xf3, 0xee, 0x3d, 0xd4, 0x60, 0x41, 0xbe, 0x05, 0x01, 0x4c, 0xbe,
  0x49, 0xd8, 0x0e, 0x3e, 0x87, 0x57, 0x98, 0x3c, 0x0a, 0x61, 0x45, 0x3e,
  0x05, 0x0d, 0xe3, 0x3c, 0xa7, 0x79, 0x42, 0x3d, 0xde, 0xbb, 0x58, 0x3e,
  0x2a, 0x52, 0xfe, 0x3d, 0x96, 0x38, 0xfe, 0x3c, 0x1c, 0x54, 0xdf, 0xbd,
  0x79, 0x82, 0x35, 0x3e, 0x4d, 0x53, 0xce, 0xbd, 0x66, 0x2f, 0xf0, 0x3d,
  0x7d, 0x16, 0x44, 0xbe, 0x03, 0x61, 0x18, 0x3e, 0xba, 0x83, 0x9e, 0xbc,
  0x0e, 0x57, 0x55, 0xbe, 0x0c, 0x9f, 0x4a, 0x3e, 0x72, 0xfc, 0xb6, 0xbc,
  0xe2, 0x37, 0x1b, 0xbe, 0x70, 0x5f, 0x30, 0x3e, 0x58, 0x89, 0xaf, 0xbd,
  0xbd, 0x8e, 0x36, 0x3e, 0xca, 0x55, 0x41, 0xbe, 0x3b, 0xb8, 0x4a, 0x3e,
  0x59, 0xad, 0x30, 0x3e, 0x61, 0xcc, 0x13, 0xbc, 0x86, 0xe3, 0x1d, 0x3e,
  0x59, 0xb8, 0xaa, 0xbd, 0x6e, 0x4e, 0xdf, 0xbd, 0xa0, 0x42, 0x6b, 0xbe,
  0x34, 0xae, 0x7e, 0x3d, 0xfb, 0x5a, 0x5a, 0xbe, 0x5a, 0xd6, 0xf6, 0x3a,
  0x48, 0x45, 0x84, 0x3d, 0x0a, 0x76, 0xe9, 0xbc, 0x4a, 0x8a, 0x58, 0xbe,
  0x34, 0x3f, 0x3e, 0xbe, 0xd8, 0x02, 0x52, 0x3d, 0x9d, 0x42, 0x8f, 0xbd,
  0xbc, 0xfd, 0x3d, 0xbe, 0xe2, 0x83, 0x51, 0x3e, 0x3d, 0xe5, 0x52, 0xbe,
  0xdf, 0x09, 0x6e, 0xbe, 0x3f, 0x34, 0xa5, 0x3d, 0xf0, 0x07, 0x1a, 0x3e,
  0x25, 0xb9, 0x68, 0xbe, 0xc2, 0x2a, 0x6c, 0x3e, 0xae, 0x3b, 0x3c, 0xbe,
  0x4d, 0xe8, 0xb1, 0xbd, 0x2f, 0x5e, 0xfb, 0xbd, 0x00, 0xbc, 0x71, 0x3e,
  0x95, 0xac, 0x19, 0x3d, 0x2e, 0x96, 0xec, 0x3d, 0x31, 0x7a, 0x76, 0x3e,
  0x5c, 0xe4, 0x79, 0xbd, 0x79, 0xb7, 0xab, 0xbc, 0xf9, 0x92, 0x68, 0x3d,
  0x6f, 0x53, 0x78, 0xbe, 0xb2, 0xa4, 0x80, 0xbe, 0x84, 0x18, 0x30, 0x3e,
  0x99, 0x69, 0xa7, 0x3d, 0x52, 0x88, 0x3c, 0x3d, 0x65, 0xe3, 0x47, 0x3d,
  0xc5, 0x3b, 0x5d, 0x3e, 0x08, 0x6d, 0x40, 0xbd, 0x44, 0x53, 0x08, 0xbe,
  0xac, 0x34, 0xcb, 0x3d, 0xa7, 0xe8, 0x14, 0xbe, 0x8a, 0xe7, 0x22, 0xbd,
  0x1d, 0xb4, 0x20, 0x3b, 0x2f, 0x5d, 0x6b, 0x3d, 0xab, 0x6f, 0x50, 0x3e,
  0x78, 0xda, 0x48, 0x3e, 0x92, 0xc1, 0x1c, 0xbe, 0x61, 0x42, 0x4a, 0x3e,
  0xd8, 0x6f, 0x82, 0x3e, 0xec, 0x54, 0x5c, 0xbe, 0xba, 0x25, 0xf1, 0x3d,
  0x61, 0x71, 0x9b, 0x3d, 0x26, 0x2d, 0x3f, 0xbe, 0xb5, 0x43, 0xdf, 0x3d,
  0x23, 0xb6, 0x26, 0x3e, 0xbc, 0x45, 0x05, 0xbe, 0xe2, 0xd0, 0x14, 0x3e,
  0x09, 0x04, 0x6c, 0x3d, 0xe0, 0x86, 0x36, 0x3e, 0x94, 0xf4, 0xc7, 0x3d,
  0xcb, 0xd6, 0xfe, 0xbd, 0xc2, 0x80, 0xfa, 0xbc, 0xf9, 0x0d, 0xf9, 0x3d,
  0xd1, 0x64, 0xd5, 0x3d, 0x59, 0xba, 0xd3, 0xbd, 0xb3, 0x32, 0x24, 0x3e,
  0xe2, 0x6d, 0x6b, 0xbe, 0x6b, 0xc2, 0xa0, 0xbd, 0xe5, 0x5d, 0xa4, 0x3d,
  0xf8, 0xdc, 0xa7, 0xbb, 0xce, 0xa6, 0x61, 0x3e, 0x13, 0x96, 0x3a, 0xbe,
  0xf4, 0x12, 0xc4, 0xbd, 0x23, 0x71, 0x13, 0x3e, 0x00, 0x7a, 0xab, 0xbd,
  0x45, 0x21, 0x32, 0xbe, 0xea, 0x9c, 0x4a, 0xbe, 0x5b, 0x07, 0x39, 0xbe,
  0x87, 0x41, 0x48, 0x3d, 0x6a, 0x36, 0x4b, 0xbe, 0xc3, 0x19, 0x57, 0x3e,
  0xfb, 0x17, 0xfc, 0x3d, 0x17, 0xaf, 0x4b, 0x3e, 0x58, 0xdd, 0x4f, 0xbe,
  0x76, 0xaa, 0x2d, 0x3e, 0x16, 0xac, 0x4d, 0x3d, 0x1c, 0x55, 0xab, 0x3d,
  0xab, 0x79, 0x3f, 0xbb, 0x11, 0x5a, 0x14, 0x3b, 0x12, 0x28, 0xe8, 0xbd,
  0x6e, 0x32, 0x6b, 0xbe, 0xf2, 0x0e, 0xfe, 0xbd, 0xd5, 0x5d, 0xbb, 0x3d,
  0x19, 0x55, 0x53, 0xbe, 0x9b, 0xdf, 0xcc, 0x3d, 0x3f, 0x82, 0x19, 0x3e,
  0x47, 0xc6, 0xce, 0x3c, 0x02, 0xa8, 0x4a, 0xbe, 0x72, 0x37, 0x81, 0xbd,
  0x75, 0xde, 0x27, 0xbd, 0x6c, 0x8a, 0x11, 0x3e, 0x26, 0x24, 0x97, 0xbd,
  0xd6, 0x86, 0x8e, 0xbd, 0xb4, 0x25, 0xe4, 0x3b, 0x23, 0x3c, 0x1c, 0xbe,
  0xd0, 0xbc, 0x40, 0xbe, 0x3a, 0x92, 0xd2, 0x3d, 0x9d, 0x71, 0xcd, 0xbc,
  0xd1, 0x6e, 0xa5, 0x3d, 0xaf, 0x29, 0x05, 0xbd, 0xd1, 0x80, 0xc7, 0x3d,
  0xbf, 0xd0, 0x13, 0x3e, 0x44, 0x60, 0x6e, 0xbe, 0x32, 0x8d, 0x84, 0xbe,
  0x53, 0x5a, 0xd4, 0x3a, 0x7c, 0x9c, 0xca, 0xbd, 0x05, 0xd0, 0x67, 0x3c,
  0x51, 0x47, 0x67, 0xbd, 0xd3, 0x15, 0x37, 0xbe, 0xbe, 0x2e, 0x45, 0x3e,
  0x33, 0xa4, 0x5b, 0x3e, 0xf8, 0x43, 0x02, 0xbd, 0x89, 0x82, 0xac, 0x3c,
  0x72, 0xd8, 0x0f, 0x3e, 0xde, 0x39, 0x53, 0xbd, 0x60, 0x7c, 0xeb, 0x3d,
  0x7e, 0x0c, 0x58, 0x3e, 0x40, 0xbb, 0x1c, 0x3e, 0x01, 0xa4, 0xa9, 0xbd,
  0xfe, 0x5d, 0x58, 0xbe, 0x02, 0xf2, 0xff, 0xff, 0x04, 0x00, 0x00, 0x00,
  0x00, 0x0c, 0x00, 0x00, 0xaf, 0x1a, 0x90, 0x3d, 0xef, 0xa2, 0x28, 0x3e,
  0x7a, 0xfa, 0x93, 0x3d, 0xdb, 0x90, 0x09, 0x3e, 0xea, 0xae, 0x6a, 0x3e,
  0x4a, 0xb1, 0x12, 0xbe, 0xc5, 0xad, 0x76, 0x3e, 0xff, 0xcd, 0x32, 0x3e,
  0x1e, 0xcc, 0xb0, 0x3d, 0x5c, 0x94, 0x3f, 0xbd, 0x29, 0xaf, 0xba, 0xbd,
  0x84, 0xde, 0x4b, 0x3d, 0xea, 0xed, 0x77, 0x3e, 0xf3, 0xac, 0x50, 0x3e,
  0x7b, 0x32, 0x26, 0xbd, 0x7f, 0x6d, 0xe7, 0xbd, 0xba, 0xd1, 0xf3, 0xbc,
  0x0f, 0x57, 0x8b, 0x3e, 0x78, 0x40, 0x3d, 0xbe, 0x63, 0xc3, 0x9e, 0xbd,
  0x67, 0x4a, 0x82, 0x3e, 0x89, 0x0d, 0x57, 0xbe, 0x50, 0xfc, 0x61, 0xbd,
  0x91, 0xc8, 0x98, 0xbd, 0x8d, 0x34, 0x19, 0xbd, 0x20, 0x16, 0x8f, 0x3d,
  0xf7, 0x85, 0x20, 0x3e, 0x60, 0xed, 0x56, 0xbe, 0x49, 0x14, 0x3b, 0x3d,
  0xb8, 0xcf, 0x33, 0xbe, 0xc1, 0x75, 0x84, 0x3e, 0x6d, 0x7f, 0x0a, 0x3e,
  0x97, 0xee, 0x6e, 0x3d, 0x29, 0x27, 0x82, 0xbd, 0xa8, 0xc8, 0xc4, 0xbd,
  0xa7, 0x68, 0xa6, 0x3c, 0xfa, 0x90, 0x4b, 0xbd, 0xad, 0x21, 0x1c, 0x3e,
  0x76, 0x11, 0x67, 0xbe, 0x44, 0x82, 0x62, 0x3e, 0x7c, 0x0c, 0x04, 0xbd,
  0x55, 0x03, 0xa6, 0xbd, 0xd7, 0x39, 0x24, 0xbe, 0x00, 0x63, 0xed, 0xbd,
  0x84, 0x26, 0x97, 0x3a, 0x1f, 0x7a, 0x6e, 0x3c, 0x7d, 0x5d, 0x3e, 0xbe,
  0x78, 0x6f, 0x68, 0xbb, 0x03, 0x72, 0x48, 0x3e, 0x27, 0x94, 0x06, 0x3e,
  0x9a, 0x3b, 0x5f, 0x3e, 0x61, 0x08, 0x46, 0xbd, 0xf0, 0x7b, 0x6f, 0x3d,
  0xfb, 0x44, 0xa1, 0xbd, 0xd5, 0xc7, 0xe3, 0x3c, 0x5a, 0x36, 0x51, 0xbe,
  0x5f, 0x27, 0xb6, 0xbd, 0xd7, 0x0d, 0x2d, 0xbe, 0xff, 0xfc, 0x4f, 0xbe,
  0x30, 0xff, 0xb8, 0x3d, 0xf8, 0x79, 0x42, 0xbd, 0xb6, 0xc8, 0x45, 0xbe,
  0x2e, 0x7e, 0x4a, 0xbe, 0xdf, 0x6c, 0x2d, 0x3e, 0xed, 0x35, 0xba, 0x3d,
  0x57, 0x6e, 0x20, 0xbe, 0x34, 0x8c, 0x6a, 0xbe, 0xd8, 0xf4, 0x95, 0xbd,
  0xf6, 0x83, 0x67, 0xbe, 0x12, 0xdc, 0x8f, 0x3b, 0x6d, 0xbf, 0xea, 0xb9,
  0xec, 0xf2, 0x44, 0xbe, 0xf9, 0x2d, 0x93, 0xbd, 0x9f, 0x89, 0x2c, 0xbe,
  0x4a, 0x67, 0x12, 0xbe, 0x6d, 0xb3, 0x2c, 0x3e, 0x89, 0xa9, 0x3f, 0x3e,
  0xf6, 0x6f, 0x40, 0x3e, 0x0f, 0x73, 0x82, 0xbe, 0xc2, 0xaa, 0x82, 0xbe,
  0xca, 0x67, 0x21, 0xbe, 0x85, 0x94, 0x07, 0x3b, 0xa7, 0x77, 0x8e, 0xbd,
  0x58, 0x2a, 0x62, 0x3e, 0x29, 0x79, 0x9d, 0x3c, 0xbc, 0x21, 0xbe, 0x3d,
  0x67, 0x1b, 0x16, 0x3e, 0x68, 0x95, 0x75, 0xbe, 0xc2, 0x58, 0x80, 0xbe,
  0x1e, 0x9e, 0x08, 0xbd, 0x45, 0x4a, 0x81, 0xbe, 0x07, 0x44, 0xff, 0x3d,
  0x8a, 0x9c, 0xf5, 0xbd, 0xf6, 0xc4, 0xbb, 0xbd, 0x91, 0x4d, 0x7a, 0xbe,
  0x77, 0xb2, 0x0a, 0x3e, 0xb1, 0xee, 0x42, 0xbe, 0x67, 0x77, 0x27, 0x3e,
  0x0c, 0xfe, 0x5b, 0xbd, 0xe8, 0x92, 0xc4, 0xbd, 0x6a, 0xeb, 0x7e, 0x3d,
  0x7a, 0xdc, 0x6d, 0xbe, 0x3b, 0x82, 0x2c, 0x3e, 0xe9, 0x98, 0x8e, 0xbd,
  0x98, 0x4f, 0x19, 0xbe, 0x5f, 0xe0, 0x1a, 0xbe, 0xb6, 0x12, 0x58, 0xbe,
  0x6a, 0xe7, 0xde, 0x3d, 0xdd, 0x33, 0x83, 0x3e, 0xc3, 0x68, 0x45, 0xbd,
  0x40, 0xca, 0xd6, 0x3d, 0xd9, 0x87, 0x88, 0x3e, 0xc9, 0x17, 0x39, 0xbe,
  0xb8, 0xe4, 0x48, 0x3e, 0xe9, 0xea, 0x32, 0x3e, 0xf8, 0x4d, 0x84, 0x3d,
  0xe9, 0x1d, 0x31, 0xbe, 0xab, 0xc4, 0x25, 0xbc, 0x0d, 0x89, 0x13, 0xbe,
  0x60, 0xf8, 0x3b, 0x3e, 0x36, 0xa4, 0x65, 0x3e, 0x15, 0x73, 0xb0, 0xba,
  0x6f, 0x70, 0x41, 0x3d, 0xed, 0x45, 0xf0, 0x3d, 0xf8, 0x58, 0x85, 0x3e,
  0x50, 0x15, 0x2d, 0x3b, 0x85, 0xaf, 0x20, 0x3e, 0x58, 0x13, 0xf9, 0x3d,
  0xa7, 0x5b, 0xba, 0x3d, 0xf9, 0x0b, 0x6f, 0x3e, 0xf9, 0x73, 0x52, 0x3e,
  0x76, 0x7a, 0x68, 0x3c, 0xfd, 0x39, 0x4d, 0x3e, 0x85, 0xd4, 0x63, 0xbe,
  0xe0, 0xba, 0x52, 0x3e, 0x90, 0xb6, 0xe5, 0xbd, 0xdf, 0x82, 0x1b, 0xbe,
  0xb2, 0xd5, 0x66, 0xbe, 0xc8, 0xae, 0xf4, 0xbc, 0x24, 0xab, 0x25, 0x3e,
  0x6c, 0xbc, 0x3c, 0xbe, 0xae, 0xc9, 0x68, 0x3c, 0xf1, 0x7e, 0x58, 0x3e,
  0x80, 0x5c, 0x2a, 0x3e, 0x45, 0x7e, 0xac, 0xbc, 0x53, 0xc6, 0xc1, 0xbd,
  0x9e, 0x55, 0x3d, 0xbe, 0x65, 0xa5, 0x1a, 0xbd, 0x84, 0x14, 0x28, 0x3e,
  0xe0, 0x8b, 0x11, 0xbe, 0xd3, 0x77, 0xd7, 0xbd, 0x4f, 0xc5, 0x7a, 0x3c,
  0x1d, 0x5f, 0x5b, 0xbe, 0xe6, 0x26, 0x32, 0x3e, 0x5b, 0xab, 0x8e, 0x3d,
  0x16, 0x42, 0x41, 0x3d, 0x0c, 0x0d, 0x19, 0xbe, 0x1a, 0x37, 0x77, 0xbd,
  0xf0, 0x76, 0xd8, 0x3d, 0x15, 0x04, 0xba, 0xbb, 0xfe, 0x6e, 0xeb, 0xbd,
  0x25, 0x06, 0x2c, 0xbe, 0xf5, 0xe3, 0x2a, 0x3e, 0xe5, 0x26, 0x2b, 0xbe,
  0xb5, 0x4b, 0xa9, 0x3c, 0x5d, 0xa5, 0xfe, 0x3d, 0x5d, 0xa9, 0xd7, 0x3d,
  0xa1, 0xa6, 0x48, 0xbd, 0xb0, 0xa2, 0xff, 0x3d, 0x13, 0x69, 0x10, 0xbe,
  0xe5, 0x21, 0x18, 0x3d, 0xb5, 0xa6, 0x80, 0xbd, 0xbf, 0xb5, 0x38, 0x3c,
  0x10, 0xc4, 0x7b, 0xbb, 0x55, 0x7b, 0x07, 0xbe, 0xdc, 0x10, 0x83, 0xbe,
  0x18, 0x32, 0x31, 0x3e, 0xed, 0x3b, 0x23, 0xbd, 0x4d, 0x89, 0x29, 0xbe,
  0xc9, 0xf7, 0xfd, 0xbc, 0xb5, 0x39, 0x27, 0x3e, 0x26, 0x28, 0x74, 0xbe,
  0x92, 0x10, 0x66, 0x3e, 0x82, 0xd1, 0x97, 0xbd, 0x3e, 0x23, 0x80, 0x3d,
  0x98, 0xa6, 0x3e, 0x3e, 0xc2, 0x6f, 0x10, 0xbe, 0xc4, 0x7d, 0x3c, 0xbd,
  0x56, 0x4a, 0x74, 0xbe, 0x01, 0xb1, 0x08, 0x3e, 0x18, 0xa9, 0x2c, 0xbe,
  0x56, 0x3e, 0x3f, 0xbe, 0x8e, 0x1c, 0x7f, 0xbe, 0x1d, 0x22, 0x1b, 0xbe,
  0x1b, 0x1a, 0x04, 0x3d, 0x52, 0xd2, 0x20, 0xbd, 0x5f, 0x27, 0xa0, 0xbd,
  0xfd, 0xbe, 0x1c, 0x3e, 0xec, 0xae, 0x36, 0xbd, 0x8c, 0x8f, 0x1f, 0x3d,
  0x8c, 0xbb, 0x1a, 0x3e, 0x36, 0x10, 0xb2, 0x3d, 0x40, 0xb8, 0x2d, 0x3e,
  0xc5, 0x7e, 0x67, 0xbe, 0x4d, 0x96, 0x26, 0xbe, 0x8c, 0x29, 0x51, 0x3e,
  0x94, 0xbd, 0x54, 0x3e, 0xa4, 0xaf, 0x80, 0x3d, 0x32, 0xe1, 0xa6, 0x3d,
  0x33, 0xb5, 0x95, 0xbb, 0xfc, 0x3d, 0x1c, 0x3e, 0xac, 0x91, 0x6e, 0x3e,
  0x76, 0x5f, 0x78, 0xbd, 0x73, 0x7c, 0x41, 0x3e, 0x63, 0xc0, 0xea, 0xbc,
  0xca, 0x73, 0x0a, 0xbe, 0x2a, 0x6b, 0x97, 0x3d, 0x66, 0x5b, 0xb3, 0x3d,
  0x60, 0x9e, 0xad, 0xbd, 0x4d, 0xe0, 0xc4, 0xbd, 0x77, 0x22, 0x60, 0xbe,
  0x87, 0x80, 0x3a, 0x3e, 0x3b, 0xb1, 0x21, 0x3e, 0x84, 0x3e, 0x9d, 0x3d,
  0x75, 0x34, 0x28, 0x3c, 0x01, 0x9e, 0xc0, 0x3d, 0xc1, 0x52, 0x65, 0x3e,
  0x10, 0x65, 0xdf, 0x3d, 0x15, 0xcc, 0x68, 0x3e, 0xf6, 0x3f, 0x6e, 0xbe,
  0xf2, 0x12, 0x7c, 0xbd, 0x67, 0x88, 0x85, 0xbe, 0x03, 0xe8, 0xe1, 0x3d,
  0xfc, 0xa6, 0x59, 0xbe, 0xb8, 0x32, 0x4a, 0xbe, 0x43, 0xb0, 0x5d, 0xbc,
  0x7c, 0xd7, 0x36, 0xbd, 0x82, 0x7f, 0x99, 0x3d, 0xcc, 0x60, 0xbf, 0x3d,
  0x0f, 0x8a, 0xed, 0x3c, 0x21, 0x50, 0xdb, 0xbd, 0x98, 0xd5, 0xf5, 0xbd,
  0x9c, 0x7d, 0x7f, 0xbd, 0x0a, 0x03, 0x56, 0x3e, 0x02, 0xc2, 0x4f, 0x3e,
  0xe4, 0x73, 0xc2, 0xbc, 0x9d, 0x35, 0x11, 0xbe, 0x0e, 0x23, 0x43, 0xbe,
  0x4c, 0x55, 0x7d, 0x3e, 0x71, 0x70, 0xa1, 0xbc, 0xad, 0xc3, 0x61, 0xbe,
  0xe7, 0xbe, 0x0a, 0xbe, 0xef, 0x9e, 0x5a, 0xbe, 0x60, 0xa0, 0x3e, 0xbe,
  0x9f, 0x77, 0x64, 0xbe, 0xd7, 0x8b, 0x70, 0xbe, 0x3f, 0x3b, 0xfa, 0xbd,
  0x99, 0x38, 0x87, 0x3e, 0xf9, 0x20, 0x41, 0xbe, 0x8e, 0xbc, 0xf8, 0xbd,
  0xc8, 0x12, 0x5e, 0xbe, 0xa3, 0xcc, 0x4e, 0xbe, 0x12, 0xc5, 0xc2, 0xbd,
  0xa0, 0x94, 0x4c, 0xbe, 0x97, 0xc2, 0x4d, 0x3e, 0xbb, 0xe5, 0x03, 0x3e,
  0x18, 0x0c, 0xf5, 0xbd, 0x68, 0xa8, 0x40, 0x3e, 0x6b, 0x56, 0xb1, 0xbc,
  0xe1, 0x51, 0x06, 0x3d, 0xab, 0x51, 0xf7, 0x3d, 0xda, 0xf8, 0x49, 0xbd,
  0x64, 0x8a, 0x38, 0x3e, 0x8c, 0xb2, 0x6b, 0x3e, 0x5e, 0xb8, 0x55, 0x3e,
  0x9a, 0x0e, 0xd9, 0xbd, 0x28, 0x45, 0x16, 0x3e, 0x33, 0x61, 0x4a, 0x3e,
  0x55, 0xd8, 0xeb, 0x3d, 0x80, 0x11, 0x6d, 0x3e, 0x78, 0xfe, 0xc1, 0xbd,
  0xc5, 0x8b, 0x74, 0xbe, 0xf0, 0xe4, 0xd3, 0xbd, 0xd9, 0xe0, 0xb8, 0xbd,
  0x68, 0x62, 0x5e, 0xbe, 0x67, 0x3d, 0x26, 0xbc, 0x59, 0x1b, 0x62, 0xbc,
  0x0a, 0x8c, 0x3f, 0x3e, 0x9f, 0xd0, 0x0f, 0x3e, 0x34, 0x78, 0x01, 0x3e,
  0xe7, 0x2e, 0x62, 0xbe, 0x56, 0x2b, 0x80, 0xbe, 0x2e, 0x1f, 0xae, 0xbd,
  0x93, 0x1a, 0xc0, 0x3d, 0x7d, 0x1a, 0x0b, 0xbe, 0xad, 0x16, 0x55, 0x3d,
  0x50, 0x91, 0x54, 0xbe, 0x78, 0x27, 0x69, 0x3d, 0x6e, 0xfa, 0xbc, 0xbb,
  0x8e, 0x32, 0x5f, 0x3e, 0xca, 0x74, 0x6a, 0x3b, 0xf4, 0x0c, 0x64, 0x3e,
  0xb9, 0x7a, 0x72, 0xbc, 0x4c, 0xd8, 0xe2, 0x3d, 0x64, 0x54, 0x42, 0xbe,
  0x12, 0xa5, 0x2f, 0xbe, 0x1c, 0x69, 0xb6, 0xbc, 0x46, 0x94, 0x7b, 0x3d,
  0xee, 0x10, 0xdc, 0x3d, 0xb7, 0x09, 0x8d, 0x3d, 0x0d, 0x42, 0x08, 0x3d,
  0x49, 0xc0, 0x1d, 0xba, 0xa4, 0xd7, 0x83, 0xbe, 0x26, 0x99, 0xa9, 0xbd,
  0x11, 0x20, 0x83, 0xbd, 0x2f, 0x68, 0x6b, 0x3e, 0x30, 0x4d, 0x36, 0x3e,
  0xa7, 0x64, 0x17, 0x3e, 0xc8, 0x81, 0x43, 0xbe, 0x69, 0x03, 0xe4, 0xbd,
  0xd9, 0x49, 0xb0, 0x3d, 0x2c, 0x7f, 0x5c, 0xbe, 0xaf, 0x90, 0x40, 0x3d,
  0x09, 0x9f, 0x4f, 0xbe, 0x09, 0x1a, 0x3c, 0x3e, 0xca, 0xff, 0xc2, 0xbc,
  0x11, 0x64, 0x7e, 0xbc, 0x1e, 0x0e, 0x90, 0x3d, 0xd3, 0xc3, 0xf6, 0x3d,
  0x01, 0x3d, 0xd3, 0xbd, 0x67, 0x12, 0x8d, 0x3a, 0xb3, 0xd2, 0x6e, 0xbd,
  0xb2, 0xce, 0x67, 0xbe, 0xd4, 0x22, 0xf8, 0x3c, 0x68, 0x45, 0x7a, 0xbe,
  0x9c, 0xd9, 0xd5, 0xbc, 0xfd, 0xdd, 0x0b, 0xbe, 0x69, 0x6f, 0x4e, 0x3c,
  0xdd, 0xaa, 0x2e, 0x3e, 0x03, 0x9a, 0x96, 0xbc, 0xd1, 0x8e, 0x5e, 0xbe,
  0x08, 0xc0, 0xb4, 0xbd, 0x60, 0xaa, 0xa5, 0x3d, 0x26, 0x6e, 0xc3, 0xbd,
  0x52, 0xf5, 0x20, 0x3e, 0xfd, 0x26, 0x79, 0xbe, 0x1d, 0xa0, 0x4d, 0xbe,
  0x4b, 0xb6, 0xf8, 0xbd, 0x14, 0x62, 0x35, 0x3e, 0xcc, 0x03, 0x3c, 0xbe,
  0x2e, 0x08, 0x94, 0x3d, 0x59, 0x07, 0xa4, 0x3d, 0xd4, 0xcc, 0x6c, 0xbe,
  0xad, 0xa0, 0x66, 0xbd, 0x2b, 0xe4, 0x43, 0xbe, 0xb8, 0x88, 0x30, 0x3e,
  0xf8, 0x35, 0x6a, 0x3e, 0x08, 0x09, 0x33, 0x3e, 0x55, 0xc3, 0x61, 0x3e,
  0x3e, 0x5e, 0x92, 0x3c, 0x72, 0xdf, 0xc0, 0xbd, 0x4c, 0x15, 0x15, 0x3e,
  0x75, 0x5d, 0x61, 0x3e, 0xfa, 0xeb, 0x8c, 0x3d, 0xd4, 0x77, 0x80, 0xbd,
  0xf6, 0x97, 0x3c, 0xbd, 0xcf, 0x31, 0xb7, 0x3d, 0xcb, 0x80, 0x74, 0xbd,
  0x2f, 0xef, 0x91, 0xbd, 0x19, 0x76, 0x34, 0xbe, 0xde, 0xc7, 0xf3, 0x3d,
  0x42, 0x85, 0xbd, 0xbd, 0x85, 0x08, 0x02, 0x3e, 0x9d, 0x8d, 0xb7, 0x3d,
  0xc2, 0x36, 0x5a, 0x3e, 0xe9, 0x57, 0x04, 0x3d, 0x12, 0xec, 0x79, 0xbd,
  0x2a, 0x55, 0x1b, 0xbd, 0x9c, 0x77, 0x2a, 0x3e, 0xa9, 0x87, 0x3f, 0xbe,
  0xaf, 0x1a, 0x30, 0x3e, 0x24, 0x9e, 0x6e, 0xbd, 0x18, 0x7d, 0x31, 0x3b,
  0x4a, 0xc9, 0x6c, 0xbd, 0x05, 0xe4, 0xa4, 0xbd, 0xd3, 0xe5, 0xdb, 0x3c,
  0xe2, 0x5f, 0xdd, 0x3d, 0x09, 0x78, 0xe9, 0x3d, 0x06, 0x78, 0x14, 0xbe,
  0x2d, 0x19, 0xc6, 0xbc, 0x9c, 0x40, 0x28, 0x3e, 0x63, 0xb2, 0x0c, 0xbe,
  0xcb, 0x95, 0x96, 0xbc, 0x8f, 0x29, 0x97, 0xbd, 0xe4, 0x7c, 0x85, 0x3c,
  0x45, 0x7a, 0x7b, 0xbe, 0x9e, 0x4c, 0x18, 0x3e, 0x5c, 0xce, 0x44, 0x3e,
  0xe7, 0x03, 0x56, 0xbe, 0xea, 0xe9, 0xf8, 0xbd, 0x9c, 0x2d, 0xee, 0xbd,
  0xb4, 0xa3, 0x2f, 0x3e, 0xd6, 0x8a, 0xa0, 0x3d, 0xce, 0x88, 0x5f, 0xbe,
  0x88, 0xfc, 0x5e, 0x3e, 0x29, 0xe6, 0x25, 0xbd, 0x88, 0xa7, 0x46, 0x3e,
  0x7f, 0xa0, 0x5c, 0xbd, 0xe0, 0x30, 0x87, 0xbc, 0x2a, 0xd0, 0x22, 0xbe,
  0x3c, 0x79, 0xd8, 0xbd, 0x22, 0x65, 0x83, 0xbe, 0x70, 0x43, 0xa8, 0xbd,
  0x53, 0x24, 0x00, 0xbc, 0x36, 0x59, 0x50, 0x3e, 0xe8, 0x6a, 0xb5, 0xbd,
  0xbd, 0xdb, 0x68, 0xbe, 0xe8, 0x79, 0xd9, 0xbd, 0x49, 0xbd, 0x0b, 0x3e,
  0xe0, 0xb0, 0x25, 0xbd, 0x4b, 0xd9, 0x0e, 0xbe, 0xbb, 0xb9, 0x82, 0xbe,
  0x92, 0x4a, 0xc0, 0x3d, 0x5a, 0x18, 0x72, 0xbe, 0x14, 0xc6, 0x3c, 0xbe,
  0x1d, 0x69, 0xab, 0x3d, 0x9a, 0x74, 0x47, 0x3e, 0x0d, 0x61, 0xcf, 0xbc,
  0x34, 0x2f, 0x20, 0xbe, 0x91, 0x2f, 0x5c, 0x3e, 0x3c, 0x45, 0x88, 0x3d,
  0x4f, 0x1b, 0x27, 0x3e, 0xab, 0x3e, 0xa7, 0xbd, 0xe1, 0xf4, 0x56, 0x3e,
  0x02, 0x2b, 0xd4, 0xbd, 0x27, 0x47, 0x5c, 0x3c, 0xb2, 0x92, 0x56, 0xbe,
  0xf4, 0x3d, 0xe2, 0xbd, 0xdf, 0x57, 0xb6, 0x3d, 0x7f, 0xa6, 0x05, 0x3d,
  0x33, 0x8c, 0x3d, 0x3e, 0x71, 0xa7, 0x2b, 0xbb, 0x1f, 0xc6, 0x2a, 0x3e,
  0xb6, 0xd2, 0x3c, 0xbe, 0xa8, 0x35, 0x0c, 0x3c, 0x03, 0xc1, 0x8a, 0xbd,
  0x0b, 0xad, 0x1e, 0x3e, 0x41, 0x59, 0x01, 0xbe, 0x1a, 0x9d, 0xf8, 0x3b,
  0x27, 0x11, 0x52, 0x3e, 0x8f, 0x95, 0x6f, 0xbd, 0x3c, 0xbc, 0xc3, 0xbd,
  0xf4, 0xaf, 0x66, 0xbe, 0xb9, 0xa5, 0x65, 0x3e, 0x5e, 0xc5, 0x8e, 0xbd,
  0xee, 0xe4, 0x63, 0x3e, 0xf6, 0x32, 0x4c, 0xbe, 0x3f, 0x78, 0xce, 0x3a,
  0x49, 0xa7, 0x89, 0x3d, 0x9d, 0x2c, 0xe8, 0xbc, 0x20, 0x7a, 0xbf, 0xbd,
  0x6d, 0x2c, 0xc4, 0x3d, 0x83, 0xf0, 0x7f, 0xbe, 0x50, 0xe3, 0x4d, 0xbe,
  0xc3, 0x41, 0x4a, 0xbd, 0x10, 0x35, 0x50, 0xbe, 0x7f, 0xba, 0xc4, 0xbd,
  0x00, 0x66, 0xf9, 0x3d, 0x29, 0x2d, 0x24, 0x3e, 0x64, 0x38, 0x63, 0xbd,
  0xc8, 0x9f, 0x5e, 0x3e, 0x0f, 0xc8, 0x3f, 0xbe, 0x48, 0xd6, 0x18, 0x3e,
  0x22, 0xa4, 0x18, 0xbe, 0xdc, 0x1d, 0xf4, 0x3d, 0x50, 0x6c, 0x4b, 0x3d,
  0xb2, 0x04, 0x04, 0x3e, 0x58, 0x89, 0x90, 0xbd, 0xb6, 0x72, 0xc2, 0xbd,
  0xad, 0xca, 0x53, 0x3b, 0x97, 0x25, 0xb6, 0x3d, 0x0a, 0xe7, 0x1e, 0x3c,
  0x6d, 0xa1, 0x03, 0xbe, 0x92, 0x3e, 0x18, 0xbe, 0xce, 0xbe, 0x44, 0xbe,
  0x17, 0x75, 0x11, 0x3e, 0xf9, 0xc7, 0x25, 0x3e, 0x05, 0xc7, 0x33, 0xbe,
  0x21, 0x64, 0x52, 0xbe, 0xe6, 0x49, 0x47, 0xbe, 0x61, 0xb5, 0x81, 0x3e,
  0x84, 0x89, 0x41, 0xbe, 0xbf, 0xc2, 0x57, 0x3d, 0x80, 0x60, 0xec, 0x3d,
  0x07, 0x7e, 0xe5, 0xbc, 0xe5, 0x0f, 0x59, 0x3d, 0x31, 0x7e, 0x65, 0xbe,
  0xea, 0xbd, 0x20, 0x3e, 0x8a, 0xf4, 0x08, 0xbd, 0x53, 0x5f, 0xef, 0xbc,
  0xff, 0x89, 0xf6, 0xbd, 0x8e, 0x5e, 0xff, 0xbc, 0x76, 0x9f, 0xf5, 0xbc,
  0x8b, 0xd7, 0xa7, 0x3d, 0x77, 0x8f, 0x9d, 0x3d, 0x23, 0x43, 0x78, 0x3e,
  0xa5, 0x57, 0x84, 0xb9, 0xa9, 0x5b, 0x1d, 0x3e, 0x89, 0x3a, 0x08, 0x3e,
  0xd8, 0x12, 0x8f, 0xbd, 0x88, 0x88, 0x06, 0x3c, 0x7d, 0x8f, 0x0e, 0x3e,
  0x57, 0x70, 0xeb, 0xbd, 0x1c, 0x4a, 0x8d, 0x3e, 0x92, 0x25, 0x1a, 0x3d,
  0xd0, 0x3f, 0x80, 0x3e, 0x42, 0x77, 0x07, 0x3e, 0xa5, 0x29, 0x2f, 0x3e,
  0xf6, 0x8d, 0x22, 0xbe, 0xde, 0x8e, 0xbc, 0x3d, 0xa6, 0xaa, 0x7d, 0x3e,
  0x50, 0xcb, 0xc1, 0x3d, 0x7c, 0x97, 0x69, 0xbe, 0xae, 0xc2, 0x3c, 0xbe,
  0xf1, 0x7a, 0x11, 0xbd, 0x95, 0xb2, 0xe0, 0x3d, 0x01, 0xab, 0x42, 0x3e,
  0x3b, 0x1b, 0xd9, 0x3d, 0x20, 0x4c, 0xc7, 0x3b, 0xe2, 0x9c, 0x0c, 0x3e,
  0x2a, 0xa0, 0x59, 0xbe, 0xb1, 0x6d, 0x78, 0xbe, 0x82, 0x8f, 0x58, 0x3e,
  0x0d, 0xa1, 0x42, 0xbe, 0x07, 0x70, 0x2c, 0xbe, 0x01, 0xd9, 0x2f, 0xbd,
  0x12, 0x38, 0x2c, 0xbe, 0x9e, 0x43, 0x88, 0x3d, 0xc2, 0xf4, 0x4b, 0x3e,
  0xb5, 0x97, 0x1c, 0x3d, 0x15, 0x2a, 0x3a, 0xbd, 0x40, 0x6d, 0x58, 0x3d,
  0x55, 0xfd, 0x82, 0x39, 0xea, 0x5e, 0xfc, 0xbd, 0x9f, 0xd9, 0x74, 0xbe,
  0x67, 0xbf, 0x1c, 0xbe, 0x29, 0xdf, 0x4c, 0x3e, 0x00, 0x0c, 0xc0, 0x3c,
  0x2d, 0xab, 0x0e, 0xbe, 0x12, 0x5d, 0xc0, 0x3d, 0x5d, 0x69, 0x8f, 0xbd,
  0x9d, 0x84, 0xad, 0x3d, 0x7e, 0x34, 0x98, 0x3d, 0x36, 0x59, 0x89, 0x3d,
  0xfa, 0x52, 0x08, 0xbe, 0x09, 0x7a, 0x8a, 0xbd, 0xa5, 0x12, 0x0e, 0x3d,
  0xd4, 0x85, 0xf1, 0x3d, 0xea, 0x30, 0x40, 0xbe, 0x9f, 0x81, 0x82, 0x3e,
  0xe5, 0xd2, 0x58, 0xbc, 0xb9, 0xb1, 0x6e, 0x3e, 0x42, 0xd7, 0xdb, 0x3d,
  0xbc, 0xeb, 0x1e, 0xbe, 0xd1, 0x39, 0xcb, 0x3d, 0x16, 0x31, 0x1f, 0xbd,
  0x14, 0x84, 0x19, 0xbe, 0xec, 0x81, 0x93, 0xbd, 0xbc, 0x34, 0x6a, 0xbc,
  0x0c, 0xce, 0x71, 0xbd, 0x5c, 0xd0, 0x89, 0xbc, 0xb8, 0xe3, 0x00, 0xbe,
  0xfd, 0x73, 0x5b, 0xbd, 0x9d, 0x93, 0x08, 0x3e, 0x8f, 0xb1, 0x8f, 0x3c,
  0x54, 0xbe, 0x3a, 0x3e, 0xd2, 0xb4, 0x00, 0xbe, 0x85, 0xf0, 0xf6, 0xbc,
  0x4e, 0xd3, 0x80, 0xbd, 0xd9, 0xab, 0x48, 0xbe, 0xfc, 0xfb, 0x41, 0x3e,
  0xb1, 0xdc, 0x94, 0x3d, 0x02, 0x6f, 0x71, 0x3e, 0x25, 0xf7, 0x05, 0x3e,
  0xce, 0xf1, 0x4b, 0x3e, 0x97, 0x9a, 0x87, 0x3d, 0xc7, 0x97, 0x50, 0x3e,
  0x9a, 0x1a, 0xe3, 0xbd, 0xff, 0xe5, 0x83, 0x3e, 0xa6, 0x65, 0x6e, 0x3e,
  0x36, 0x77, 0x35, 0x3e, 0x74, 0xf2, 0xa1, 0xbd, 0x2d, 0x3f, 0xa6, 0xbd,
  0x7d, 0x12, 0x7e, 0x3b, 0x22, 0x16, 0xf6, 0xbd, 0xd9, 0x6c, 0x01, 0xbe,
  0xf5, 0xe8, 0x92, 0xbd, 0xfc, 0xd6, 0x53, 0x3e, 0xe8, 0x66, 0x1f, 0x3e,
  0xb6, 0x26, 0xca, 0x3d, 0x9c, 0xce, 0xf2, 0x3c, 0x41, 0x22, 0x69, 0x3e,
  0x2a, 0x5b, 0x4c, 0xbe, 0x9c, 0xef, 0xfc, 0xbd, 0x45, 0x7b, 0xa3, 0x3c,
  0x33, 0xdf, 0x55, 0xbd, 0x4f, 0xaf, 0x6c, 0x3e, 0x4e, 0x18, 0x3c, 0xbe,
  0xd0, 0xfc, 0xa5, 0x3d, 0x1c, 0x9e, 0x87, 0x3d, 0xd4, 0x3e, 0x82, 0x3e,
  0xb8, 0xd2, 0xb7, 0x3c, 0x3a, 0x31, 0x91, 0x3d, 0x6e, 0xe6, 0x93, 0xbd,
  0x75, 0xc5, 0x85, 0x3e, 0x60, 0x21, 0x31, 0xbd, 0x1d, 0x8f, 0xcb, 0x3d,
  0xbc, 0xf6, 0xe4, 0x3d, 0xce, 0x09, 0x7a, 0xbd, 0x81, 0xea, 0x24, 0xbd,
  0xed, 0xb1, 0x64, 0x3e, 0xe7, 0x47, 0x28, 0xbc, 0xc4, 0x04, 0x81, 0x3d,
  0xc2, 0xc6, 0x03, 0xbd, 0x26, 0xac, 0xf5, 0x3d, 0xe3, 0x0b, 0x14, 0x3e,
  0x96, 0x03, 0x87, 0xbd, 0x90, 0x78, 0xf8, 0xbd, 0x5f, 0xd6, 0x2e, 0xbd,
  0x64, 0x77, 0x4d, 0x3e, 0xdd, 0x8b, 0xb0, 0x3b, 0xc4, 0xea, 0x82, 0x3d,
  0x1c, 0xc9, 0x19, 0xbe, 0x87, 0xe1, 0x0b, 0x3e, 0xb8, 0xc7, 0x65, 0x3e,
  0xe1, 0x81, 0x23, 0x3e, 0x57, 0x48, 0x10, 0x3e, 0xc5, 0xa9, 0x8c, 0x3d,
  0x95, 0xfc, 0xda, 0x3d, 0x91, 0x96, 0x3a, 0x3e, 0x42, 0x93, 0x4f, 0xbe,
  0x7f, 0x83, 0xf6, 0xbd, 0xc8, 0x3e, 0x09, 0x3e, 0xf9, 0x38, 0x94, 0x3d,
  0x24, 0x4f, 0x92, 0x3b, 0xad, 0x29, 0xb3, 0x3d, 0xc2, 0xf5, 0x04, 0xbd,
  0x9c, 0xa3, 0xdc, 0xbd, 0x2b, 0x37, 0x4c, 0x3e, 0x83, 0x5e, 0x3b, 0x3e,
  0x19, 0x15, 0xf5, 0xbd, 0x64, 0x3d, 0x4d, 0xbe, 0xcf, 0x13, 0x63, 0xbb,
  0x5e, 0xb5, 0xfa, 0xbd, 0x1d, 0x7e, 0xd4, 0xbd, 0x50, 0x09, 0xc4, 0x3d,
  0x5c, 0xa5, 0x7c, 0xbe, 0x38, 0x0c, 0x4f, 0x3e, 0x53, 0x0d, 0x3c, 0x3e,
  0x06, 0xc5, 0x61, 0xbe, 0xc4, 0x0c, 0x72, 0xbe, 0xa7, 0xa8, 0x6c, 0x3e,
  0xf1, 0x2a, 0x14, 0xbe, 0x29, 0x85, 0x43, 0x3e, 0x88, 0x78, 0xcd, 0xbd,
  0xa2, 0xe6, 0x9c, 0x3d, 0x68, 0xd6, 0x20, 0x3e, 0x93, 0xfd, 0x1b, 0xbd,
  0x0c, 0xaf, 0x4d, 0xbe, 0xa8, 0xe9, 0xfa, 0xbd, 0x0a, 0xae, 0x7c, 0xbe,
  0x87, 0xa9, 0xd6, 0xba, 0xb6, 0x7e, 0x00, 0xbe, 0x24, 0xd3, 0x21, 0xbd,
  0xc2, 0x6c, 0x24, 0xbe, 0x9d, 0x4c, 0xf0, 0x3d, 0xa3, 0x51, 0x40, 0x3e,
  0x16, 0xe8, 0xb9, 0x3d, 0x5d, 0x13, 0xf7, 0xbd, 0xe4, 0xaa, 0xf9, 0x3c,
  0xc1, 0x5b, 0x6a, 0xbe, 0xa0, 0x5e, 0x93, 0x3c, 0x37, 0x6a, 0x70, 0x3e,
  0x66, 0x90, 0x04, 0x3d, 0xd7, 0x80, 0xa1, 0xbd, 0xbb, 0xf4, 0xe9, 0xbd,
  0x70, 0xf5, 0x1b, 0x3e, 0x52, 0xaf, 0xb9, 0x3d, 0x24, 0xa6, 0x66, 0x3e,
  0xb5, 0xee, 0x2e, 0xbc, 0x30, 0xef, 0x41, 0xbc, 0xb0, 0xa6, 0xdf, 0x3d,
  0xf1, 0xe3, 0x58, 0x3e, 0xd5, 0x6a, 0x83, 0xbd, 0xd7, 0x35, 0x64, 0x3e,
  0xb1, 0x79, 0xdc, 0xbd, 0x05, 0xa8, 0xfa, 0xbd, 0x8b, 0xa2, 0x90, 0x3d,
  0xec, 0x03, 0x1e, 0xbe, 0x0a, 0xe3, 0xc6, 0x3d, 0xf6, 0xb9, 0x05, 0xbe,
  0xf9, 0x67, 0xbb, 0x3d, 0x94, 0xcb, 0x38, 0xbe, 0xc8, 0xcf, 0x2e, 0xbe,
  0x21, 0xae, 0xc7, 0x3d, 0x27, 0x34, 0x0f, 0x3c, 0xc5, 0xd3, 0x46, 0x3d,
  0xa6, 0xe1, 0x1a, 0xbe, 0xb7, 0x5b, 0x69, 0x3e, 0x9c, 0x5a, 0x2d, 0x3e,
  0x99, 0xb5, 0x8b, 0x3e, 0x38, 0x9b, 0x3c, 0xbc, 0x7b, 0xec, 0xff, 0x3d,
  0xf3, 0xda, 0xf0, 0xbd, 0x3c, 0xcd, 0x2f, 0xbd, 0xa8, 0xec, 0x3c, 0xbb,
  0xf4, 0x98, 0x8b, 0x3d, 0x53, 0xc6, 0x3f, 0x3e, 0x88, 0xd5, 0xa4, 0xbd,
  0xe9, 0xeb, 0x22, 0xbe, 0x1b, 0x51, 0x8c, 0xbd, 0xc0, 0x11, 0xd2, 0xbd,
  0xa6, 0x5c, 0xe7, 0xbc, 0x3b, 0x21, 0x7a, 0xbe, 0x77, 0xb9, 0x3f, 0xbe,
  0x85, 0xa3, 0xcd, 0xbc, 0x35, 0x02, 0x55, 0x3e, 0x00, 0x66, 0x05, 0x3e,
  0xf9, 0xae, 0x1d, 0x3e, 0xf1, 0xa3, 0x62, 0xbe, 0x58, 0xc1, 0xb6, 0x3c,
  0xa0, 0x9b, 0x6b, 0x3e, 0xaa, 0x66, 0xcf, 0xbd, 0x26, 0xc2, 0x6e, 0x3e,
  0xed, 0x26, 0x66, 0xbe, 0x5c, 0x0f, 0x5d, 0x3e, 0x22, 0x1f, 0x00, 0xbe,
  0x52, 0x36, 0x2f, 0xbd, 0xb0, 0xaa, 0x39, 0x3e, 0x14, 0x8d, 0x49, 0xbe,
  0x43, 0x7e, 0x90, 0x3a, 0x54, 0xc7, 0x9e, 0x3b, 0xad, 0x1e, 0x2d, 0x3e,
  0xba, 0xc2, 0xbd, 0x3d, 0xbf, 0x89, 0xc3, 0x3d, 0x79, 0xb6, 0x24, 0xbe,
  0x0c, 0xe3, 0x89, 0xbc, 0x5e, 0x03, 0x40, 0xbe, 0xe7, 0x37, 0x54, 0x3e,
  0x6e, 0x41, 0x82, 0xbe, 0x09, 0xbc, 0xc0, 0xbd, 0x44, 0x0a, 0x3c, 0xbe,
  0x97, 0x7d, 0x23, 0x3e, 0x0b, 0x21, 0xac, 0x3d, 0x39, 0xba, 0x57, 0xbe,
  0xc1, 0xf1, 0x44, 0x3e, 0x7a, 0xb2, 0x06, 0xbd, 0x20, 0x00, 0x04, 0x3e,
  0xf0, 0xf3, 0x97, 0x3d, 0xb0, 0x08, 0x18, 0xbe, 0xee, 0xf1, 0x23, 0x3d,
  0x26, 0x9b, 0x0f, 0x3e, 0x8f, 0xfb, 0xcc, 0x3d, 0x5d, 0x67, 0xd6, 0xbd,
  0x1d, 0xc8, 0xf9, 0xbd, 0xd1, 0x9d, 0x8b, 0xbd, 0xfc, 0xf5, 0x08, 0xbe,
  0x45, 0xdb, 0x58, 0x3e, 0x0e, 0xfe, 0xff, 0xff, 0x04, 0x00, 0x00, 0x00,
  0x1c, 0x00, 0x00, 0x00, 0xf3, 0x33, 0xae, 0xbc, 0xa6, 0x47, 0xad, 0xbc,
  0x39, 0x9e, 0xd2, 0x3c, 0xde, 0x80, 0xeb, 0xbb, 0x7f, 0x9b, 0xeb, 0xbc,
  0xbc, 0x4f, 0x3f, 0xbc, 0x3c, 0xdc, 0x58, 0xbc, 0x36, 0xfe, 0xff, 0xff,
  0x04, 0x00, 0x00, 0x00, 0x40, 0x00, 0x00, 0x00, 0x4b, 0x71, 0xc6, 0xbb,
  0x99, 0x72, 0x4d, 0xbb, 0x41, 0xd1, 0x86, 0xbb, 0xe0, 0xec, 0xad, 0xbc,
  0x1a, 0x06, 0xe4, 0x3c, 0x53, 0x11, 0x00, 0x3d, 0xbe, 0x40, 0xd1, 0x3c,
  0x89, 0xe6, 0x22, 0xbb, 0x61, 0xa2, 0x1f, 0xba, 0xf7, 0xd7, 0x7e, 0xba,
  0x60, 0x96, 0xba, 0x3c, 0x9e, 0xfd, 0x45, 0x3c, 0x00, 0x8e, 0x98, 0x3c,
  0xc2, 0xcb, 0x9d, 0x3b, 0xec, 0x7f, 0xc6, 0xbc, 0x46, 0x61, 0x80, 0x3b,
  0x82, 0xfe, 0xff, 0xff, 0x04, 0x00, 0x00, 0x00, 0x40, 0x00, 0x00, 0x00,
  0x9f, 0xfd, 0xb9, 0x3c, 0x04, 0x1b, 0x98, 0x3c, 0x73, 0xa2, 0x3c, 0xbc,
  0x45, 0x2d, 0x19, 0xbc, 0x98, 0x86, 0x07, 0xbc, 0x21, 0xee, 0x68, 0xbc,
  0xd8, 0xb2, 0xc8, 0xbb, 0xdc, 0xa5, 0x81, 0x3c, 0x3b, 0x9b, 0x3a, 0xbc,
  0x23, 0x55, 0xe3, 0xbb, 0x95, 0x77, 0x1f, 0xba, 0x8c, 0xb6, 0x6f, 0xbb,
  0x98, 0x5e, 0x6f, 0x3c, 0x53, 0x4b, 0x6e, 0xbc, 0x6e, 0x05, 0x33, 0x3c,
  0x20, 0x12, 0x50, 0x3c, 0xce, 0xfe, 0xff, 0xff, 0x04, 0x00, 0x00, 0x00,
  0x40, 0x00, 0x00, 0x00, 0xb0, 0xca, 0x0b, 0xbc, 0xfe, 0x5b, 0x0f, 0x3d,
  0x86, 0xe5, 0x5e, 0xbc, 0xec, 0x1c, 0x94, 0x3b, 0x1f, 0xa3, 0xf3, 0x3c,
  0xc1, 0x54, 0x64, 0xbc, 0x0e, 0xfb, 0x96, 0x3c, 0xe7, 0xcf, 0x79, 0x3c,
  0x28, 0x3b, 0x7c, 0x3c, 0x72, 0x94, 0x88, 0x3c, 0x17, 0xce, 0x77, 0xbc,
  0xfd, 0x78, 0xaf, 0xbc, 0xf3, 0x0e, 0xdf, 0x3c, 0x18, 0x63, 0x33, 0xbc,
  0x94, 0x78, 0xb7, 0x3c, 0x85, 0xbb, 0x43, 0xbc, 0x1a, 0xff, 0xff, 0xff,
  0x04, 0x00, 0x00, 0x00, 0x40, 0x00, 0x00, 0x00, 0x19, 0x23, 0xbc, 0x3c,
  0x04, 0x6b, 0x81, 0xbc, 0x67, 0xe0, 0xcf, 0x3c, 0x9b, 0x7d, 0xb5, 0xbc,
  0xb9, 0x20, 0x91, 0xbc, 0xb0, 0x76, 0x9f, 0x3c, 0x7b, 0x10, 0xa3, 0xbc,
  0x76, 0x1e, 0x47, 0xbc, 0x3b, 0x48, 0xad, 0xbc, 0x5e, 0x68, 0xc9, 0xbb,
  0x6b, 0xd8, 0xe1, 0x3c, 0x70, 0x78, 0x0e, 0x3c, 0x92, 0x12, 0xc4, 0x3c,
  0xef, 0xdf, 0x89, 0xbc, 0x06, 0x64, 0xf9, 0x3c, 0xfe, 0xfc, 0x63, 0xbc,
  0x84, 0xf0, 0xff, 0xff, 0x88, 0xf0, 0xff, 0xff, 0x0f, 0x00, 0x00, 0x00,
  0x4d, 0x4c, 0x49, 0x52, 0x20, 0x43, 0x6f, 0x6e, 0x76, 0x65, 0x72, 0x74,
  0x65, 0x64, 0x2e, 0x00, 0x01, 0x00, 0x00, 0x00, 0x14, 0x00, 0x00, 0x00,
  0x00, 0x00, 0x0e, 0x00, 0x18, 0x00, 0x14, 0x00, 0x10, 0x00, 0x0c, 0x00,
  0x08, 0x00, 0x04, 0x00, 0x0e, 0x00, 0x00, 0x00, 0x14, 0x00, 0x00, 0x00,
  0x1c, 0x00, 0x00, 0x00, 0x94, 0x02, 0x00, 0x00, 0x98, 0x02, 0x00, 0x00,
  0x9c, 0x02, 0x00, 0x00, 0x04, 0x00, 0x00, 0x00, 0x6d, 0x61, 0x69, 0x6e,
  0x00, 0x00, 0x00, 0x00, 0x09, 0x00, 0x00, 0x00, 0x30, 0x02, 0x00, 0x00,
  0xe0, 0x01, 0x00, 0x00, 0xa0, 0x01, 0x00, 0x00, 0x60, 0x01, 0x00, 0x00,
  0x20, 0x01, 0x00, 0x00, 0xcc, 0x00, 0x00, 0x00, 0x88, 0x00, 0x00, 0x00,
  0x40, 0x00, 0x00, 0x00, 0x04, 0x00, 0x00, 0x00, 0x52, 0xff, 0xff, 0xff,
  0x1c, 0x00, 0x00, 0x00, 0x00, 0x00, 0x00, 0x09, 0x1c, 0x00, 0x00, 0x00,
  0x20, 0x00, 0x00, 0x00, 0x04, 0x00, 0x00, 0x00, 0x00, 0x00, 0x06, 0x00,
  0x08, 0x00, 0x04, 0x00, 0x06, 0x00, 0x00, 0x00, 0x00, 0x00, 0x80, 0x3f,
  0x01, 0x00, 0x00, 0x00, 0x16, 0x00, 0x00, 0x00, 0x01, 0x00, 0x00, 0x00,
  0x15, 0x00, 0x00, 0x00, 0xca, 0xff, 0xff, 0xff, 0x14, 0x00, 0x00, 0x00,
  0x00, 0x00, 0x00, 0x08, 0x10, 0x00, 0x00, 0x00, 0x14, 0x00, 0x00, 0x00,
  0x03, 0x00, 0x00, 0x00, 0x54, 0xf1, 0xff, 0xff, 0x01, 0x00, 0x00, 0x00,
  0x15, 0x00, 0x00, 0x00, 0x03, 0x00, 0x00, 0x00, 0x14, 0x00, 0x00, 0x00,
  0x0a, 0x00, 0x00, 0x00, 0x05, 0x00, 0x00, 0x00, 0x00, 0x00, 0x0e, 0x00,
  0x18, 0x00, 0x14, 0x00, 0x10, 0x00, 0x0c, 0x00, 0x0b, 0x00, 0x04, 0x00,
  0x0e, 0x00, 0x00, 0x00, 0x14, 0x00, 0x00, 0x00, 0x00, 0x00, 0x00, 0x1b,
  0x10, 0x00, 0x00, 0x00, 0x14, 0x00, 0x00, 0x00, 0x02, 0x00, 0x00, 0x00,
  0x98, 0xf1, 0xff, 0xff, 0x01, 0x00, 0x00, 0x00, 0x14, 0x00, 0x00, 0x00,
  0x02, 0x00, 0x00, 0x00, 0x13, 0x00, 0x00, 0x00, 0x0b, 0x00, 0x00, 0x00,
  0x00, 0x00, 0x0e, 0x00, 0x1a, 0x00, 0x14, 0x00, 0x10, 0x00, 0x0c, 0x00,
  0x0b, 0x00, 0x04, 0x00, 0x0e, 0x00, 0x00, 0x00, 0x24, 0x00, 0x00, 0x00,
  0x00, 0x00, 0x00, 0x05, 0x34, 0x00, 0x00, 0x00, 0x38, 0x00, 0x00, 0x00,
  0x01, 0x00, 0x00, 0x00, 0x00, 0x00, 0x0e, 0x00, 0x18, 0x00, 0x17, 0x00,
  0x10, 0x00, 0x0c, 0x00, 0x08, 0x00, 0x04, 0x00, 0x0e, 0x00, 0x00, 0x00,
  0x02, 0x00, 0x00, 0x00, 0x01, 0x00, 0x00, 0x00, 0x02, 0x00, 0x00, 0x00,
  0x01, 0x00, 0x00, 0x00, 0x00, 0x00, 0x00, 0x01, 0x01, 0x00, 0x00, 0x00,
  0x13, 0x00, 0x00, 0x00, 0x01, 0x00, 0x00, 0x00, 0x12, 0x00, 0x00, 0x00,
  0x0e, 0xff, 0xff, 0xff, 0x10, 0x00, 0x00, 0x00, 0x00, 0x00, 0x00, 0x01,
  0x18, 0x00, 0x00, 0x00, 0x1c, 0x00, 0x00, 0x00, 0x00, 0xff, 0xff, 0xff,
  0x00, 0x00, 0x00, 0x01, 0x01, 0x00, 0x00, 0x00, 0x01, 0x00, 0x00, 0x00,
  0x01, 0x00, 0x00, 0x00, 0x12, 0x00, 0x00, 0x00, 0x03, 0x00, 0x00, 0x00,
  0x11, 0x00, 0x00, 0x00, 0x06, 0x00, 0x00, 0x00, 0x01, 0x00, 0x00, 0x00,
  0x4a, 0xff, 0xff, 0xff, 0x10, 0x00, 0x00, 0x00, 0x00, 0x00, 0x00, 0x01,
  0x18, 0x00, 0x00, 0x00, 0x1c, 0x00, 0x00, 0x00, 0x3c, 0xff, 0xff, 0xff,
  0x00, 0x00, 0x00, 0x01, 0x01, 0x00, 0x00, 0x00, 0x01, 0x00, 0x00, 0x00,
  0x01, 0x00, 0x00, 0x00, 0x11, 0x00, 0x00, 0x00, 0x03, 0x00, 0x00, 0x00,
  0x10, 0x00, 0x00, 0x00, 0x07, 0x00, 0x00, 0x00, 0x02, 0x00, 0x00, 0x00,
  0x86, 0xff, 0xff, 0xff, 0x10, 0x00, 0x00, 0x00, 0x00, 0x00, 0x00, 0x01,
  0x18, 0x00, 0x00, 0x00, 0x1c, 0x00, 0x00, 0x00, 0x78, 0xff, 0xff, 0xff,
  0x00, 0x00, 0x00, 0x01, 0x01, 0x00, 0x00, 0x00, 0x01, 0x00, 0x00, 0x00,
  0x01, 0x00, 0x00, 0x00, 0x10, 0x00, 0x00, 0x00, 0x03, 0x00, 0x00, 0x00,
  0x0f, 0x00, 0x00, 0x00, 0x08, 0x00, 0x00, 0x00, 0x03, 0x00, 0x00, 0x00,
  0xc2, 0xff, 0xff, 0xff, 0x10, 0x00, 0x00, 0x00, 0x00, 0x00, 0x00, 0x01,
  0x18, 0x00, 0x00, 0x00, 0x1c, 0x00, 0x00, 0x00, 0xb4, 0xff, 0xff, 0xff,
  0x00, 0x00, 0x00, 0x01, 0x01, 0x00, 0x00, 0x00, 0x01, 0x00, 0x00, 0x00,
  0x01, 0x00, 0x00, 0x00, 0x0f, 0x00, 0x00, 0x00, 0x03, 0x00, 0x00, 0x00,
  0x0e, 0x00, 0x00, 0x00, 0x09, 0x00, 0x00, 0x00, 0x04, 0x00, 0x00, 0x00,
  0x00, 0x00, 0x0e, 0x00, 0x14, 0x00, 0x00, 0x00, 0x10, 0x00, 0x0c, 0x00,
  0x0b, 0x00, 0x04, 0x00, 0x0e, 0x00, 0x00, 0x00, 0x1c, 0x00, 0x00, 0x00,
  0x00, 0x00, 0x00, 0x01, 0x24, 0x00, 0x00, 0x00, 0x28, 0x00, 0x00, 0x00,
  0x0c, 0x00, 0x10, 0x00, 0x00, 0x00, 0x0c, 0x00, 0x08, 0x00, 0x07, 0x00,
  0x0c, 0x00, 0x00, 0x00, 0x00, 0x00, 0x00, 0x01, 0x01, 0x00, 0x00, 0x00,
  0x01, 0x00, 0x00, 0x00, 0x01, 0x00, 0x00, 0x00, 0x0e, 0x00, 0x00, 0x00,
  0x03, 0x00, 0x00, 0x00, 0x00, 0x00, 0x00, 0x00, 0x0c, 0x00, 0x00, 0x00,
  0x0d, 0x00, 0x00, 0x00, 0x01, 0x00, 0x00, 0x00, 0x16, 0x00, 0x00, 0x00,
  0x01, 0x00, 0x00, 0x00, 0x00, 0x00, 0x00, 0x00, 0x17, 0x00, 0x00, 0x00,
  0x7c, 0x0c, 0x00, 0x00, 0xa4, 0x0b, 0x00, 0x00, 0xe4, 0x0a, 0x00, 0x00,
  0x24, 0x0a, 0x00, 0x00, 0x64, 0x09, 0x00, 0x00, 0x14, 0x09, 0x00, 0x00,
  0xb4, 0x08, 0x00, 0x00, 0x54, 0x08, 0x00, 0x00, 0xf4, 0x07, 0x00, 0x00,
  0x94, 0x07, 0x00, 0x00, 0x40, 0x07, 0x00, 0x00, 0xc8, 0x06, 0x00, 0x00,
  0x50, 0x06, 0x00, 0x00, 0x90, 0x05, 0x00, 0x00, 0xc4, 0x04, 0x00, 0x00,
  0xf8, 0x03, 0x00, 0x00, 0x2c, 0x03, 0x00, 0x00, 0x60, 0x02, 0x00, 0x00,
  0x94, 0x01, 0x00, 0x00, 0x2c, 0x01, 0x00, 0x00, 0xc8, 0x00, 0x00, 0x00,
  0x50, 0x00, 0x00, 0x00, 0x04, 0x00, 0x00, 0x00, 0xf6, 0xf3, 0xff, 0xff,
  0x00, 0x00, 0x00, 0x01, 0x10, 0x00, 0x00, 0x00, 0x10, 0x00, 0x00, 0x00,
  0x17, 0x00, 0x00, 0x00, 0x28, 0x00, 0x00, 0x00, 0xe0, 0xf3, 0xff, 0xff,
  0x1b, 0x00, 0x00, 0x00, 0x53, 0x74, 0x61, 0x74, 0x65, 0x66, 0x75, 0x6c,
  0x50, 0x61, 0x72, 0x74, 0x69, 0x74, 0x69, 0x6f, 0x6e, 0x65, 0x64, 0x43,
  0x61, 0x6c, 0x6c, 0x5f, 0x31, 0x3a, 0x30, 0x00, 0x02, 0x00, 0x00, 0x00,
  0x01, 0x00, 0x00, 0x00, 0x07, 0x00, 0x00, 0x00, 0x3e, 0xf4, 0xff, 0xff,
  0x00, 0x00, 0x00, 0x01, 0x10, 0x00, 0x00, 0x00, 0x10, 0x00, 0x00, 0x00,
  0x16, 0x00, 0x00, 0x00, 0x54, 0x00, 0x00, 0x00, 0x28, 0xf4, 0xff, 0xff,
  0x44, 0x00, 0x00, 0x00, 0x73, 0x65, 0x71, 0x75, 0x65, 0x6e, 0x74, 0x69,
  0x61, 0x6c, 0x5f, 0x33, 0x32, 0x5f, 0x31, 0x2f, 0x64, 0x65, 0x6e, 0x73,
  0x65, 0x5f, 0x33, 0x32, 0x5f, 0x31, 0x2f, 0x4d, 0x61, 0x74, 0x4d, 0x75,
  0x6c, 0x3b, 0x73, 0x65, 0x71, 0x75, 0x65, 0x6e, 0x74, 0x69, 0x61, 0x6c,
  0x5f, 0x33, 0x32, 0x5f, 0x31, 0x2f, 0x64, 0x65, 0x6e, 0x73, 0x65, 0x5f,
  0x33, 0x32, 0x5f, 0x31, 0x2f, 0x42, 0x69, 0x61, 0x73, 0x41, 0x64, 0x64,
  0x00, 0x00, 0x00, 0x00, 0x02, 0x00, 0x00, 0x00, 0x01, 0x00, 0x00, 0x00,
  0x07, 0x00, 0x00, 0x00, 0xb2, 0xf4, 0xff, 0xff, 0x00, 0x00, 0x00, 0x01,
  0x10, 0x00, 0x00, 0x00, 0x10, 0x00, 0x00, 0x00, 0x15, 0x00, 0x00, 0x00,
  0x40, 0x00, 0x00, 0x00, 0x9c, 0xf4, 0xff, 0xff, 0x32, 0x00, 0x00, 0x00,
  0x73, 0x65, 0x71, 0x75, 0x65, 0x6e, 0x74, 0x69, 0x61, 0x6c, 0x5f, 0x33,
  0x32, 0x5f, 0x31, 0x2f, 0x67, 0x6c, 0x6f, 0x62, 0x61, 0x6c, 0x5f, 0x61,
  0x76, 0x65, 0x72, 0x61, 0x67, 0x65, 0x5f, 0x70, 0x6f, 0x6f, 0x6c, 0x69,
  0x6e, 0x67, 0x32, 0x64, 0x5f, 0x33, 0x32, 0x5f, 0x31, 0x2f, 0x4d, 0x65,
  0x61, 0x6e, 0x00, 0x00, 0x02, 0x00, 0x00, 0x00, 0x01, 0x00, 0x00, 0x00,
  0x10, 0x00, 0x00, 0x00, 0x12, 0xf5, 0xff, 0xff, 0x00, 0x00, 0x00, 0x01,
  0x10, 0x00, 0x00, 0x00, 0x10, 0x00, 0x00, 0x00, 0x14, 0x00, 0x00, 0x00,
  0x3c, 0x00, 0x00, 0x00, 0xfc, 0xf4, 0xff, 0xff, 0x2c, 0x00, 0x00, 0x00,
  0x73, 0x65, 0x71, 0x75, 0x65, 0x6e, 0x74, 0x69, 0x61, 0x6c, 0x5f, 0x33,
  0x32, 0x5f, 0x31, 0x2f, 0x6d, 0x61, 0x78, 0x5f, 0x70, 0x6f, 0x6f, 0x6c,
  0x69, 0x6e, 0x67, 0x32, 0x64, 0x5f, 0x32, 0x32, 0x5f, 0x31, 0x2f, 0x4d,
  0x61, 0x78, 0x50, 0x6f, 0x6f, 0x6c, 0x32, 0x64, 0x00, 0x00, 0x00, 0x00,
  0x04, 0x00, 0x00, 0x00, 0x01, 0x00, 0x00, 0x00, 0x05, 0x00, 0x00, 0x00,
  0x01, 0x00, 0x00, 0x00, 0x10, 0x00, 0x00, 0x00, 0x76, 0xf5, 0xff, 0xff,
  0x00, 0x00, 0x00, 0x01, 0x10, 0x00, 0x00, 0x00, 0x10, 0x00, 0x00, 0x00,
  0x13, 0x00, 0x00, 0x00, 0xa0, 0x00, 0x00, 0x00, 0x60, 0xf5, 0xff, 0xff,
  0x91, 0x00, 0x00, 0x00, 0x73, 0x65, 0x71, 0x75, 0x65, 0x6e, 0x74, 0x69,
  0x61, 0x6c, 0x5f, 0x33, 0x32, 0x5f, 0x31, 0x2f, 0x63, 0x6f, 0x6e, 0x76,
  0x32, 0x64, 0x5f, 0x38, 0x34, 0x5f, 0x31, 0x2f, 0x52, 0x65, 0x6c, 0x75,
  0x3b, 0x73, 0x65, 0x71, 0x75, 0x65, 0x6e, 0x74, 0x69, 0x61, 0x6c, 0x5f,
  0x33, 0x32, 0x5f, 0x31, 0x2f, 0x63, 0x6f, 0x6e, 0x76, 0x32, 0x64, 0x5f,
  0x38, 0x34, 0x5f, 0x31, 0x2f, 0x42, 0x69, 0x61, 0x73, 0x41, 0x64, 0x64,
  0x3b, 0x73, 0x65, 0x71, 0x75, 0x65, 0x6e, 0x74, 0x69, 0x61, 0x6c, 0x5f,
  0x33, 0x32, 0x5f, 0x31, 0x2f, 0x63, 0x6f, 0x6e, 0x76, 0x32, 0x64, 0x5f,
  0x38, 0x34, 0x5f, 0x31, 0x2f, 0x63, 0x6f, 0x6e, 0x76, 0x6f, 0x6c, 0x75,
  0x74, 0x69, 0x6f, 0x6e, 0x3b, 0x73, 0x65, 0x71, 0x75, 0x65, 0x6e, 0x74,
  0x69, 0x61, 0x6c, 0x5f, 0x33, 0x32, 0x5f, 0x31, 0x2f, 0x63, 0x6f, 0x6e,
  0x76, 0x32, 0x64, 0x5f, 0x38, 0x34, 0x5f, 0x31, 0x2f, 0x53, 0x71, 0x75,
  0x65, 0x65, 0x7a, 0x65, 0x31, 0x00, 0x00, 0x00, 0x04, 0x00, 0x00, 0x00,
  0x01, 0x00, 0x00, 0x00, 0x0a, 0x00, 0x00, 0x00, 0x01, 0x00, 0x00, 0x00,
  0x10, 0x00, 0x00, 0x00, 0x3e, 0xf6, 0xff, 0xff, 0x00, 0x00, 0x00, 0x01,
  0x10, 0x00, 0x00, 0x00, 0x10, 0x00, 0x00, 0x00, 0x12, 0x00, 0x00, 0x00,
  0xa0, 0x00, 0x00, 0x00, 0x28, 0xf6, 0xff, 0xff, 0x91, 0x00, 0x00, 0x00,
  0x73, 0x65, 0x71, 0x75, 0x65, 0x6e, 0x74, 0x69, 0x61, 0x6c, 0x5f, 0x33,
  0x32, 0x5f, 0x31, 0x2f, 0x63, 0x6f, 0x6e, 0x76, 0x32, 0x64, 0x5f, 0x38,
  0x33, 0x5f, 0x31, 0x2f, 0x52, 0x65, 0x6c, 0x75, 0x3b, 0x73, 0x65, 0x71,
  0x75, 0x65, 0x6e, 0x74, 0x69, 0x61, 0x6c, 0x5f, 0x33, 0x32, 0x5f, 0x31,
  0x2f, 0x63, 0x6f, 0x6e, 0x76, 0x32, 0x64, 0x5f, 0x38, 0x33, 0x5f, 0x31,
  0x2f, 0x42, 0x69, 0x61, 0x73, 0x41, 0x64, 0x64, 0x3b, 0x73, 0x65, 0x71,
  0x75, 0x65, 0x6e, 0x74, 0x69, 0x61, 0x6c, 0x5f, 0x33, 0x32, 0x5f, 0x31,
  0x2f, 0x63, 0x6f, 0x6e, 0x76, 0x32, 0x64, 0x5f, 0x38, 0x33, 0x5f, 0x31,
  0x2f, 0x63, 0x6f, 0x6e, 0x76, 0x6f, 0x6c, 0x75, 0x74, 0x69, 0x6f, 0x6e,
  0x3b, 0x73, 0x65, 0x71, 0x75, 0x65, 0x6e, 0x74, 0x69, 0x61, 0x6c, 0x5f,
  0x33, 0x32, 0x5f, 0x31, 0x2f, 0x63, 0x6f, 0x6e, 0x76, 0x32, 0x64, 0x5f,
  0x38, 0x33, 0x5f, 0x31, 0x2f, 0x53, 0x71, 0x75, 0x65, 0x65, 0x7a, 0x65,
  0x31, 0x00, 0x00, 0x00, 0x04, 0x00, 0x00, 0x00, 0x01, 0x00, 0x00, 0x00,
  0x0a, 0x00, 0x00, 0x00, 0x01, 0x00, 0x00, 0x00, 0x10, 0x00, 0x00, 0x00,
  0x06, 0xf7, 0xff, 0xff, 0x00, 0x00, 0x00, 0x01, 0x10, 0x00, 0x00, 0x00,
  0x10, 0x00, 0x00, 0x00, 0x11, 0x00, 0x00, 0x00, 0xa0, 0x00, 0x00, 0x00,
  0xf0, 0xf6, 0xff, 0xff, 0x91, 0x00, 0x00, 0x00, 0x73, 0x65, 0x71, 0x75,
  0x65, 0x6e, 0x74, 0x69, 0x61, 0x6c, 0x5f, 0x33, 0x32, 0x5f, 0x31, 0x2f,
  0x63, 0x6f, 0x6e, 0x76, 0x32, 0x64, 0x5f, 0x38, 0x32, 0x5f, 0x31, 0x2f,
  0x52, 0x65, 0x6c, 0x75, 0x3b, 0x73, 0x65, 0x71, 0x75, 0x65, 0x6e, 0x74,
  0x69, 0x61, 0x6c, 0x5f, 0x33, 0x32, 0x5f, 0x31, 0x2f, 0x63, 0x6f, 0x6e,
  0x76, 0x32, 0x64, 0x5f, 0x38, 0x32, 0x5f, 0x31, 0x2f, 0x42, 0x69, 0x61,
  0x73, 0x41, 0x64, 0x64, 0x3b, 0x73, 0x65, 0x71, 0x75, 0x65, 0x6e, 0x74,
  0x69, 0x61, 0x6c, 0x5f, 0x33, 0x32, 0x5f, 0x31, 0x2f, 0x63, 0x6f, 0x6e,
  0x76, 0x32, 0x64, 0x5f, 0x38, 0x32, 0x5f, 0x31, 0x2f, 0x63, 0x6f, 0x6e,
  0x76, 0x6f, 0x6c, 0x75, 0x74, 0x69, 0x6f, 0x6e, 0x3b, 0x73, 0x65, 0x71,
  0x75, 0x65, 0x6e, 0x74, 0x69, 0x61, 0x6c, 0x5f, 0x33, 0x32, 0x5f, 0x31,
  0x2f, 0x63, 0x6f, 0x6e, 0x76, 0x32, 0x64, 0x5f, 0x38, 0x32, 0x5f, 0x31,
  0x2f, 0x53, 0x71, 0x75, 0x65, 0x65, 0x7a, 0x65, 0x31, 0x00, 0x00, 0x00,
  0x04, 0x00, 0x00, 0x00, 0x01, 0x00, 0x00, 0x00, 0x0a, 0x00, 0x00, 0x00,
  0x01, 0x00, 0x00, 0x00, 0x10, 0x00, 0x00, 0x00, 0xce, 0xf7, 0xff, 0xff,
  0x00, 0x00, 0x00, 0x01, 0x10, 0x00, 0x00, 0x00, 0x10, 0x00, 0x00, 0x00,
  0x10, 0x00, 0x00, 0x00, 0xa0, 0x00, 0x00, 0x00, 0xb8, 0xf7, 0xff, 0xff,
  0x91, 0x00, 0x00, 0x00, 0x73, 0x65, 0x71, 0x75, 0x65, 0x6e, 0x74, 0x69,
  0x61, 0x6c, 0x5f, 0x33, 0x32, 0x5f, 0x31, 0x2f, 0x63, 0x6f, 0x6e, 0x76,
  0x32, 0x64, 0x5f, 0x38, 0x31, 0x5f, 0x31, 0x2f, 0x52, 0x65, 0x6c, 0x75,
  0x3b, 0x73, 0x65, 0x71, 0x75, 0x65, 0x6e, 0x74, 0x69, 0x61, 0x6c, 0x5f,
  0x33, 0x32, 0x5f, 0x31, 0x2f, 0x63, 0x6f, 0x6e, 0x76, 0x32, 0x64, 0x5f,
  0x38, 0x31, 0x5f, 0x31, 0x2f, 0x42, 0x69, 0x61, 0x73, 0x41, 0x64, 0x64,
  0x3b, 0x73, 0x65, 0x71, 0x75, 0x65, 0x6e, 0x74, 0x69, 0x61, 0x6c, 0x5f,
  0x33, 0x32, 0x5f, 0x31, 0x2f, 0x63, 0x6f, 0x6e, 0x76, 0x32, 0x64, 0x5f,
  0x38, 0x31, 0x5f, 0x31, 0x2f, 0x63, 0x6f, 0x6e, 0x76, 0x6f, 0x6c, 0x75,
  0x74, 0x69, 0x6f, 0x6e, 0x3b, 0x73, 0x65, 0x71, 0x75, 0x65, 0x6e, 0x74,
  0x69, 0x61, 0x6c, 0x5f, 0x33, 0x32, 0x5f, 0x31, 0x2f, 0x63, 0x6f, 0x6e,
  0x76, 0x32, 0x64, 0x5f, 0x38, 0x31, 0x5f, 0x31, 0x2f, 0x53, 0x71, 0x75,
  0x65, 0x65, 0x7a, 0x65, 0x31, 0x00, 0x00, 0x00, 0x04, 0x00, 0x00, 0x00,
  0x01, 0x00, 0x00, 0x00, 0x0a, 0x00, 0x00, 0x00, 0x01, 0x00, 0x00, 0x00,
  0x10, 0x00, 0x00, 0x00, 0x96, 0xf8, 0xff, 0xff, 0x00, 0x00, 0x00, 0x01,
  0x10, 0x00, 0x00, 0x00, 0x10, 0x00, 0x00, 0x00, 0x0f, 0x00, 0x00, 0x00,
  0xa0, 0x00, 0x00, 0x00, 0x80, 0xf8, 0xff, 0xff, 0x91, 0x00, 0x00, 0x00,
  0x73, 0x65, 0x71, 0x75, 0x65, 0x6e, 0x74, 0x69, 0x61, 0x6c, 0x5f, 0x33,
  0x32, 0x5f, 0x31, 0x2f, 0x63, 0x6f, 0x6e, 0x76, 0x32, 0x64, 0x5f, 0x38,
  0x30, 0x5f, 0x31, 0x2f, 0x52, 0x65, 0x6c, 0x75, 0x3b, 0x73, 0x65, 0x71,
  0x75, 0x65, 0x6e, 0x74, 0x69, 0x61, 0x6c, 0x5f, 0x33, 0x32, 0x5f, 0x31,
  0x2f, 0x63, 0x6f, 0x6e, 0x76, 0x32, 0x64, 0x5f, 0x38, 0x30, 0x5f, 0x31,
  0x2f, 0x42, 0x69, 0x61, 0x73, 0x41, 0x64, 0x64, 0x3b, 0x73, 0x65, 0x71,
  0x75, 0x65, 0x6e, 0x74, 0x69, 0x61, 0x6c, 0x5f, 0x33, 0x32, 0x5f, 0x31,
  0x2f, 0x63, 0x6f, 0x6e, 0x76, 0x32, 0x64, 0x5f, 0x38, 0x30, 0x5f, 0x31,
  0x2f, 0x63, 0x6f, 0x6e, 0x76, 0x6f, 0x6c, 0x75, 0x74, 0x69, 0x6f, 0x6e,
  0x3b, 0x73, 0x65, 0x71, 0x75, 0x65, 0x6e, 0x74, 0x69, 0x61, 0x6c, 0x5f,
  0x33, 0x32, 0x5f, 0x31, 0x2f, 0x63, 0x6f, 0x6e, 0x76, 0x32, 0x64, 0x5f,
  0x38, 0x30, 0x5f, 0x31, 0x2f, 0x53, 0x71, 0x75, 0x65, 0x65, 0x7a, 0x65,
  0x31, 0x00, 0x00, 0x00, 0x04, 0x00, 0x00, 0x00, 0x01, 0x00, 0x00, 0x00,
  0x0a, 0x00, 0x00, 0x00, 0x01, 0x00, 0x00, 0x00, 0x10, 0x00, 0x00, 0x00,
  0x5e, 0xf9, 0xff, 0xff, 0x00, 0x00, 0x00, 0x01, 0x10, 0x00, 0x00, 0x00,
  0x10, 0x00, 0x00, 0x00, 0x0e, 0x00, 0x00, 0x00, 0xa0, 0x00, 0x00, 0x00,
  0x48, 0xf9, 0xff, 0xff, 0x90, 0x00, 0x00, 0x00, 0x73, 0x65, 0x71, 0x75,
  0x65, 0x6e, 0x74, 0x69, 0x61, 0x6c, 0x5f, 0x33, 0x32, 0x5f, 0x31, 0x2f,
  0x63, 0x6f, 0x6e, 0x76, 0x32, 0x64, 0x5f, 0x38, 0x30, 0x5f, 0x31, 0x2f,
  0x52, 0x65, 0x6c, 0x75, 0x3b, 0x73, 0x65, 0x71, 0x75, 0x65, 0x6e, 0x74,
  0x69, 0x61, 0x6c, 0x5f, 0x33, 0x32, 0x5f, 0x31, 0x2f, 0x63, 0x6f, 0x6e,
  0x76, 0x32, 0x64, 0x5f, 0x38, 0x30, 0x5f, 0x31, 0x2f, 0x42, 0x69, 0x61,
  0x73, 0x41, 0x64, 0x64, 0x3b, 0x73, 0x65, 0x71, 0x75, 0x65, 0x6e, 0x74,
  0x69, 0x61, 0x6c, 0x5f, 0x33, 0x32, 0x5f, 0x31, 0x2f, 0x63, 0x6f, 0x6e,
  0x76, 0x32, 0x64, 0x5f, 0x38, 0x30, 0x5f, 0x31, 0x2f, 0x63, 0x6f, 0x6e,
  0x76, 0x6f, 0x6c, 0x75, 0x74, 0x69, 0x6f, 0x6e, 0x3b, 0x73, 0x65, 0x71,
  0x75, 0x65, 0x6e, 0x74, 0x69, 0x61, 0x6c, 0x5f, 0x33, 0x32, 0x5f, 0x31,
  0x2f, 0x63, 0x6f, 0x6e, 0x76, 0x32, 0x64, 0x5f, 0x38, 0x30, 0x5f, 0x31,
  0x2f, 0x53, 0x71, 0x75, 0x65, 0x65, 0x7a, 0x65, 0x00, 0x00, 0x00, 0x00,
  0x01, 0x00, 0x00, 0x00, 0x10, 0x00, 0x00, 0x00, 0x1a, 0xfa, 0xff, 0xff,
  0x00, 0x00, 0x00, 0x01, 0x10, 0x00, 0x00, 0x00, 0x10, 0x00, 0x00, 0x00,
  0x0d, 0x00, 0x00, 0x00, 0x34, 0x00, 0x00, 0x00, 0x04, 0xfa, 0xff, 0xff,
  0x27, 0x00, 0x00, 0x00, 0x73, 0x65, 0x71, 0x75, 0x65, 0x6e, 0x74, 0x69,
  0x61, 0x6c, 0x5f, 0x33, 0x32, 0x5f, 0x31, 0x2f, 0x63, 0x6f, 0x6e, 0x76,
  0x32, 0x64, 0x5f, 0x38, 0x30, 0x5f, 0x31, 0x2f, 0x63, 0x6f, 0x6e, 0x76,
  0x6f, 0x6c, 0x75, 0x74, 0x69, 0x6f, 0x6e, 0x00, 0x04, 0x00, 0x00, 0x00,
  0x10, 0x00, 0x00, 0x00, 0x03, 0x00, 0x00, 0x00, 0x01, 0x00, 0x00, 0x00,
  0x09, 0x00, 0x00, 0x00, 0x00, 0x00, 0x16, 0x00, 0x1c, 0x00, 0x18, 0x00,
  0x17, 0x00, 0x10, 0x00, 0x0c, 0x00, 0x08, 0x00, 0x00, 0x00, 0x00, 0x00,
  0x00, 0x00, 0x07, 0x00, 0x16, 0x00, 0x00, 0x00, 0x00, 0x00, 0x00, 0x01,
  0x14, 0x00, 0x00, 0x00, 0x14, 0x00, 0x00, 0x00, 0x0c, 0x00, 0x00, 0x00,
  0x00, 0x00, 0x00, 0x02, 0x54, 0x00, 0x00, 0x00, 0x7c, 0xfa, 0xff, 0xff,
  0x44, 0x00, 0x00, 0x00, 0x73, 0x65, 0x71, 0x75, 0x65, 0x6e, 0x74, 0x69,
  0x61, 0x6c, 0x5f, 0x33, 0x32, 0x5f, 0x31, 0x2f, 0x67, 0x6c, 0x6f, 0x62,
  0x61, 0x6c, 0x5f, 0x61, 0x76, 0x65, 0x72, 0x61, 0x67, 0x65, 0x5f, 0x70,
  0x6f, 0x6f, 0x6c, 0x69, 0x6e, 0x67, 0x32, 0x64, 0x5f, 0x33, 0x32, 0x5f,
  0x31, 0x2f, 0x4d, 0x65, 0x61, 0x6e, 0x2f, 0x72, 0x65, 0x64, 0x75, 0x63,
  0x74, 0x69, 0x6f, 0x6e, 0x5f, 0x69, 0x6e, 0x64, 0x69, 0x63, 0x65, 0x73,
  0x00, 0x00, 0x00, 0x00, 0x01, 0x00, 0x00, 0x00, 0x02, 0x00, 0x00, 0x00,
  0x02, 0xfb, 0xff, 0xff, 0x00, 0x00, 0x00, 0x01, 0x10, 0x00, 0x00, 0x00,
  0x10, 0x00, 0x00, 0x00, 0x0b, 0x00, 0x00, 0x00, 0x30, 0x00, 0x00, 0x00,
  0xec, 0xfa, 0xff, 0xff, 0x21, 0x00, 0x00, 0x00, 0x73, 0x65, 0x71, 0x75,
  0x65, 0x6e, 0x74, 0x69, 0x61, 0x6c, 0x5f, 0x33, 0x32, 0x5f, 0x31, 0x2f,
  0x64, 0x65, 0x6e, 0x73, 0x65, 0x5f, 0x33, 0x32, 0x5f, 0x31, 0x2f, 0x4d,
  0x61, 0x74, 0x4d, 0x75, 0x6c, 0x00, 0x00, 0x00, 0x02, 0x00, 0x00, 0x00,
  0x07, 0x00, 0x00, 0x00, 0x10, 0x00, 0x00, 0x00, 0x52, 0xfb, 0xff, 0xff,
  0x00, 0x00, 0x00, 0x01, 0x10, 0x00, 0x00, 0x00, 0x10, 0x00, 0x00, 0x00,
  0x0a, 0x00, 0x00, 0x00, 0x34, 0x00, 0x00, 0x00, 0x3c, 0xfb, 0xff, 0xff,
  0x27, 0x00, 0x00, 0x00, 0x73, 0x65, 0x71, 0x75, 0x65, 0x6e, 0x74, 0x69,
  0x61, 0x6c, 0x5f, 0x33, 0x32, 0x5f, 0x31, 0x2f, 0x63, 0x6f, 0x6e, 0x76,
  0x32, 0x64, 0x5f, 0x38, 0x31, 0x5f, 0x31, 0x2f, 0x63, 0x6f, 0x6e, 0x76,
  0x6f, 0x6c, 0x75, 0x74, 0x69, 0x6f, 0x6e, 0x00, 0x04, 0x00, 0x00, 0x00,
  0x10, 0x00, 0x00, 0x00, 0x03, 0x00, 0x00, 0x00, 0x01, 0x00, 0x00, 0x00,
  0x10, 0x00, 0x00, 0x00, 0xae, 0xfb, 0xff, 0xff, 0x00, 0x00, 0x00, 0x01,
  0x10, 0x00, 0x00, 0x00, 0x10, 0x00, 0x00, 0x00, 0x09, 0x00, 0x00, 0x00,
  0x34, 0x00, 0x00, 0x00, 0x98, 0xfb, 0xff, 0xff, 0x27, 0x00, 0x00, 0x00,
  0x73, 0x65, 0x71, 0x75, 0x65, 0x6e, 0x74, 0x69, 0x61, 0x6c, 0x5f, 0x33,
  0x32, 0x5f, 0x31, 0x2f, 0x63, 0x6f, 0x6e, 0x76, 0x32, 0x64, 0x5f, 0x38,
  0x32, 0x5f, 0x31, 0x2f, 0x63, 0x6f, 0x6e, 0x76, 0x6f, 0x6c, 0x75, 0x74,
  0x69, 0x6f, 0x6e, 0x00, 0x04, 0x00, 0x00, 0x00, 0x10, 0x00, 0x00, 0x00,
  0x03, 0x00, 0x00, 0x00, 0x01, 0x00, 0x00, 0x00, 0x10, 0x00, 0x00, 0x00,
  0x0a, 0xfc, 0xff, 0xff, 0x00, 0x00, 0x00, 0x01, 0x10, 0x00, 0x00, 0x00,
  0x10, 0x00, 0x00, 0x00, 0x08, 0x00, 0x00, 0x00, 0x34, 0x00, 0x00, 0x00,
  0xf4, 0xfb, 0xff, 0xff, 0x27, 0x00, 0x00, 0x00, 0x73, 0x65, 0x71, 0x75,
  0x65, 0x6e, 0x74, 0x69, 0x61, 0x6c, 0x5f, 0x33, 0x32, 0x5f, 0x31, 0x2f,
  0x63, 0x6f, 0x6e, 0x76, 0x32, 0x64, 0x5f, 0x38, 0x33, 0x5f, 0x31, 0x2f,
  0x63, 0x6f, 0x6e, 0x76, 0x6f, 0x6c, 0x75, 0x74, 0x69, 0x6f, 0x6e, 0x00,
  0x04, 0x00, 0x00, 0x00, 0x10, 0x00, 0x00, 0x00, 0x03, 0x00, 0x00, 0x00,
  0x01, 0x00, 0x00, 0x00, 0x10, 0x00, 0x00, 0x00, 0x66, 0xfc, 0xff, 0xff,
  0x00, 0x00, 0x00, 0x01, 0x10, 0x00, 0x00, 0x00, 0x10, 0x00, 0x00, 0x00,
  0x07, 0x00, 0x00, 0x00, 0x34, 0x00, 0x00, 0x00, 0x50, 0xfc, 0xff, 0xff,
  0x27, 0x00, 0x00, 0x00, 0x73, 0x65, 0x71, 0x75, 0x65, 0x6e, 0x74, 0x69,
  0x61, 0x6c, 0x5f, 0x33, 0x32, 0x5f, 0x31, 0x2f, 0x63, 0x6f, 0x6e, 0x76,
  0x32, 0x64, 0x5f, 0x38, 0x34, 0x5f, 0x31, 0x2f, 0x63, 0x6f, 0x6e, 0x76,
  0x6f, 0x6c, 0x75, 0x74, 0x69, 0x6f, 0x6e, 0x00, 0x04, 0x00, 0x00, 0x00,
  0x10, 0x00, 0x00, 0x00, 0x03, 0x00, 0x00, 0x00, 0x01, 0x00, 0x00, 0x00,
  0x10, 0x00, 0x00, 0x00, 0xc2, 0xfc, 0xff, 0xff, 0x00, 0x00, 0x00, 0x01,
  0x10, 0x00, 0x00, 0x00, 0x10, 0x00, 0x00, 0x00, 0x06, 0x00, 0x00, 0x00,
  0x30, 0x00, 0x00, 0x00, 0xac, 0xfc, 0xff, 0xff, 0x22, 0x00, 0x00, 0x00,
  0x73, 0x65, 0x71, 0x75, 0x65, 0x6e, 0x74, 0x69, 0x61, 0x6c, 0x5f, 0x33,
  0x32, 0x5f, 0x31, 0x2f, 0x64, 0x65, 0x6e, 0x73, 0x65, 0x5f, 0x33, 0x32,
  0x5f, 0x31, 0x2f, 0x42, 0x69, 0x61, 0x73, 0x41, 0x64, 0x64, 0x00, 0x00,
  0x01, 0x00, 0x00, 0x00, 0x07, 0x00, 0x00, 0x00, 0x0e, 0xfd, 0xff, 0xff,
  0x00, 0x00, 0x00, 0x01, 0x10, 0x00, 0x00, 0x00, 0x10, 0x00, 0x00, 0x00,
  0x05, 0x00, 0x00, 0x00, 0xa0, 0x00, 0x00, 0x00, 0xf8, 0xfc, 0xff, 0xff,
  0x90, 0x00, 0x00, 0x00, 0x73, 0x65, 0x71, 0x75, 0x65, 0x6e, 0x74, 0x69,
  0x61, 0x6c, 0x5f, 0x33, 0x32, 0x5f, 0x31, 0x2f, 0x63, 0x6f, 0x6e, 0x76,
  0x32, 0x64, 0x5f, 0x38, 0x31, 0x5f, 0x31, 0x2f, 0x52, 0x65, 0x6c, 0x75,
  0x3b, 0x73, 0x65, 0x71, 0x75, 0x65, 0x6e, 0x74, 0x69, 0x61, 0x6c, 0x5f,
  0x33, 0x32, 0x5f, 0x31, 0x2f, 0x63, 0x6f, 0x6e, 0x76, 0x32, 0x64, 0x5f,
  0x38, 0x31, 0x5f, 0x31, 0x2f, 0x42, 0x69, 0x61, 0x73, 0x41, 0x64, 0x64,
  0x3b, 0x73, 0x65, 0x71, 0x75, 0x65, 0x6e, 0x74, 0x69, 0x61, 0x6c, 0x5f,
  0x33, 0x32, 0x5f, 0x31, 0x2f, 0x63, 0x6f, 0x6e, 0x76, 0x32, 0x64, 0x5f,
  0x38, 0x31, 0x5f, 0x31, 0x2f, 0x63, 0x6f, 0x6e, 0x76, 0x6f, 0x6c, 0x75,
  0x74, 0x69, 0x6f, 0x6e, 0x3b, 0x73, 0x65, 0x71, 0x75, 0x65, 0x6e, 0x74,
  0x69, 0x61, 0x6c, 0x5f, 0x33, 0x32, 0x5f, 0x31, 0x2f, 0x63, 0x6f, 0x6e,
  0x76, 0x32, 0x64, 0x5f, 0x38, 0x31, 0x5f, 0x31, 0x2f, 0x53, 0x71, 0x75,
  0x65, 0x65, 0x7a, 0x65, 0x00, 0x00, 0x00, 0x00, 0x01, 0x00, 0x00, 0x00,
  0x10, 0x00, 0x00, 0x00, 0xca, 0xfd, 0xff, 0xff, 0x00, 0x00, 0x00, 0x01,
  0x10, 0x00, 0x00, 0x00, 0x10, 0x00, 0x00, 0x00, 0x04, 0x00, 0x00, 0x00,
  0xa0, 0x00, 0x00, 0x00, 0xb4, 0xfd, 0xff, 0xff, 0x90, 0x00, 0x00, 0x00,
  0x73, 0x65, 0x71, 0x75, 0x65, 0x6e, 0x74, 0x69, 0x61, 0x6c, 0x5f, 0x33,
  0x32, 0x5f, 0x31, 0x2f, 0x63, 0x6f, 0x6e, 0x76, 0x32, 0x64, 0x5f, 0x38,
  0x32, 0x5f, 0x31, 0x2f, 0x52, 0x65, 0x6c, 0x75, 0x3b, 0x73, 0x65, 0x71,
  0x75, 0x65, 0x6e, 0x74, 0x69, 0x61, 0x6c, 0x5f, 0x33, 0x32, 0x5f, 0x31,
  0x2f, 0x63, 0x6f, 0x6e, 0x76, 0x32, 0x64, 0x5f, 0x38, 0x32, 0x5f, 0x31,
  0x2f, 0x42, 0x69, 0x61, 0x73, 0x41, 0x64, 0x64, 0x3b, 0x73, 0x65, 0x71,
  0x75, 0x65, 0x6e, 0x74, 0x69, 0x61, 0x6c, 0x5f, 0x33, 0x32, 0x5f, 0x31,
  0x2f, 0x63, 0x6f, 0x6e, 0x76, 0x32, 0x64, 0x5f, 0x38, 0x32, 0x5f, 0x31,
  0x2f, 0x63, 0x6f, 0x6e, 0x76, 0x6f, 0x6c, 0x75, 0x74, 0x69, 0x6f, 0x6e,
  0x3b, 0x73, 0x65, 0x71, 0x75, 0x65, 0x6e, 0x74, 0x69, 0x61, 0x6c, 0x5f,
  0x33, 0x32, 0x5f, 0x31, 0x2f, 0x63, 0x6f, 0x6e, 0x76, 0x32, 0x64, 0x5f,
  0x38, 0x32, 0x5f, 0x31, 0x2f, 0x53, 0x71, 0x75, 0x65, 0x65, 0x7a, 0x65,
  0x00, 0x00, 0x00, 0x00, 0x01, 0x00, 0x00, 0x00, 0x10, 0x00, 0x00, 0x00,
  0x86, 0xfe, 0xff, 0xff, 0x00, 0x00, 0x00, 0x01, 0x10, 0x00, 0x00, 0x00,
  0x10, 0x00, 0x00, 0x00, 0x03, 0x00, 0x00, 0x00, 0xa0, 0x00, 0x00, 0x00,
  0x70, 0xfe, 0xff, 0xff, 0x90, 0x00, 0x00, 0x00, 0x73, 0x65, 0x71, 0x75,
  0x65, 0x6e, 0x74, 0x69, 0x61, 0x6c, 0x5f, 0x33, 0x32, 0x5f, 0x31, 0x2f,
  0x63, 0x6f, 0x6e, 0x76, 0x32, 0x64, 0x5f, 0x38, 0x33, 0x5f, 0x31, 0x2f,
  0x52, 0x65, 0x6c, 0x75, 0x3b, 0x73, 0x65, 0x71, 0x75, 0x65, 0x6e, 0x74,
  0x69, 0x61, 0x6c, 0x5f, 0x33, 0x32, 0x5f, 0x31, 0x2f, 0x63, 0x6f, 0x6e,
  0x76, 0x32, 0x64, 0x5f, 0x38, 0x33, 0x5f, 0x31, 0x2f, 0x42, 0x69, 0x61,
  0x73, 0x41, 0x64, 0x64, 0x3b, 0x73, 0x65, 0x71, 0x75, 0x65, 0x6e, 0x74,
  0x69, 0x61, 0x6c, 0x5f, 0x33, 0x32, 0x5f, 0x31, 0x2f, 0x63, 0x6f, 0x6e,
  0x76, 0x32, 0x64, 0x5f, 0x38, 0x33, 0x5f, 0x31, 0x2f, 0x63, 0x6f, 0x6e,
  0x76, 0x6f, 0x6c, 0x75, 0x74, 0x69, 0x6f, 0x6e, 0x3b, 0x73, 0x65, 0x71,
  0x75, 0x65, 0x6e, 0x74, 0x69, 0x61, 0x6c, 0x5f, 0x33, 0x32, 0x5f, 0x31,
  0x2f, 0x63, 0x6f, 0x6e, 0x76, 0x32, 0x64, 0x5f, 0x38, 0x33, 0x5f, 0x31,
  0x2f, 0x53, 0x71, 0x75, 0x65, 0x65, 0x7a, 0x65, 0x00, 0x00, 0x00, 0x00,
  0x01, 0x00, 0x00, 0x00, 0x10, 0x00, 0x00, 0x00, 0x42, 0xff, 0xff, 0xff,
  0x00, 0x00, 0x00, 0x01, 0x10, 0x00, 0x00, 0x00, 0x10, 0x00, 0x00, 0x00,
  0x02, 0x00, 0x00, 0x00, 0xa0, 0x00, 0x00, 0x00, 0x2c, 0xff, 0xff, 0xff,
  0x90, 0x00, 0x00, 0x00, 0x73, 0x65, 0x71, 0x75, 0x65, 0x6e, 0x74, 0x69,
  0x61, 0x6c, 0x5f, 0x33, 0x32, 0x5f, 0x31, 0x2f, 0x63, 0x6f, 0x6e, 0x76,
  0x32, 0x64, 0x5f, 0x38, 0x34, 0x5f, 0x31, 0x2f, 0x52, 0x65, 0x6c, 0x75,
  0x3b, 0x73, 0x65, 0x71, 0x75, 0x65, 0x6e, 0x74, 0x69, 0x61, 0x6c, 0x5f,
  0x33, 0x32, 0x5f, 0x31, 0x2f, 0x63, 0x6f, 0x6e, 0x76, 0x32, 0x64, 0x5f,
  0x38, 0x34, 0x5f, 0x31, 0x2f, 0x42, 0x69, 0x61, 0x73, 0x41, 0x64, 0x64,
  0x3b, 0x73, 0x65, 0x71, 0x75, 0x65, 0x6e, 0x74, 0x69, 0x61, 0x6c, 0x5f,
  0x33, 0x32, 0x5f, 0x31, 0x2f, 0x63, 0x6f, 0x6e, 0x76, 0x32, 0x64, 0x5f,
  0x38, 0x34, 0x5f, 0x31, 0x2f, 0x63, 0x6f, 0x6e, 0x76, 0x6f, 0x6c, 0x75,
  0x74, 0x69, 0x6f, 0x6e, 0x3b, 0x73, 0x65, 0x71, 0x75, 0x65, 0x6e, 0x74,
  0x69, 0x61, 0x6c, 0x5f, 0x33, 0x32, 0x5f, 0x31, 0x2f, 0x63, 0x6f, 0x6e,
  0x76, 0x32, 0x64, 0x5f, 0x38, 0x34, 0x5f, 0x31, 0x2f, 0x53, 0x71, 0x75,
  0x65, 0x65, 0x7a, 0x65, 0x00, 0x00, 0x00, 0x00, 0x01, 0x00, 0x00, 0x00,
  0x10, 0x00, 0x00, 0x00, 0x00, 0x00, 0x16, 0x00, 0x18, 0x00, 0x14, 0x00,
  0x00, 0x00, 0x10, 0x00, 0x0c, 0x00, 0x08, 0x00, 0x00, 0x00, 0x00, 0x00,
  0x00, 0x00, 0x07, 0x00, 0x16, 0x00, 0x00, 0x00, 0x00, 0x00, 0x00, 0x01,
  0x14, 0x00, 0x00, 0x00, 0x14, 0x00, 0x00, 0x00, 0x01, 0x00, 0x00, 0x00,
  0x34, 0x00, 0x00, 0x00, 0x04, 0x00, 0x04, 0x00, 0x04, 0x00, 0x00, 0x00,
  0x23, 0x00, 0x00, 0x00, 0x73, 0x65, 0x72, 0x76, 0x69, 0x6e, 0x67, 0x5f,
  0x64, 0x65, 0x66, 0x61, 0x75, 0x6c, 0x74, 0x5f, 0x6b, 0x65, 0x72, 0x61,
  0x73, 0x5f, 0x74, 0x65, 0x6e, 0x73, 0x6f, 0x72, 0x5f, 0x31, 0x38, 0x30,
  0x34, 0x3a, 0x30, 0x00, 0x04, 0x00, 0x00, 0x00, 0x01, 0x00, 0x00, 0x00,
  0x0a, 0x00, 0x00, 0x00, 0x01, 0x00, 0x00, 0x00, 0x09, 0x00, 0x00, 0x00,
  0x05, 0x00, 0x00, 0x00, 0x50, 0x00, 0x00, 0x00, 0x34, 0x00, 0x00, 0x00,
  0x24, 0x00, 0x00, 0x00, 0x14, 0x00, 0x00, 0x00, 0x04, 0x00, 0x00, 0x00,
  0xd0, 0xff, 0xff, 0xff, 0x19, 0x00, 0x00, 0x00, 0x00, 0x00, 0x00, 0x19,
  0xdc, 0xff, 0xff, 0xff, 0x09, 0x00, 0x00, 0x00, 0x00, 0x00, 0x00, 0x09,
  0xe8, 0xff, 0xff, 0xff, 0x28, 0x00, 0x00, 0x00, 0x00, 0x00, 0x00, 0x28,
  0xf4, 0xff, 0xff, 0xff, 0x11, 0x00, 0x00, 0x00, 0x00, 0x00, 0x00, 0x11,
  0x0c, 0x00, 0x0c, 0x00, 0x0b, 0x00, 0x00, 0x00, 0x00, 0x00, 0x04, 0x00,
  0x0c, 0x00, 0x00, 0x00, 0x03, 0x00, 0x00, 0x00, 0x00, 0x00, 0x00, 0x03
};
unsigned int tflite_models_conv_4_10_OFF_hybrid_tflite_len = 19668;
