unsigned char tflite_models_conv_4_20_ON_int8_tflite[] = {
  0x20, 0x00, 0x00, 0x00, 0x54, 0x46, 0x4c, 0x33, 0x00, 0x00, 0x00, 0x00,
  0x14, 0x00, 0x20, 0x00, 0x1c, 0x00, 0x18, 0x00, 0x14, 0x00, 0x10, 0x00,
  0x0c, 0x00, 0x00, 0x00, 0x08, 0x00, 0x04, 0x00, 0x14, 0x00, 0x00, 0x00,
  0x1c, 0x00, 0x00, 0x00, 0x9c, 0x00, 0x00, 0x00, 0xf4, 0x00, 0x00, 0x00,
  0xf8, 0x20, 0x00, 0x00, 0x08, 0x21, 0x00, 0x00, 0x40, 0x4c, 0x00, 0x00,
  0x03, 0x00, 0x00, 0x00, 0x01, 0x00, 0x00, 0x00, 0x10, 0x00, 0x00, 0x00,
  0x00, 0x00, 0x0a, 0x00, 0x10, 0x00, 0x0c, 0x00, 0x08, 0x00, 0x04, 0x00,
  0x0a, 0x00, 0x00, 0x00, 0x0c, 0x00, 0x00, 0x00, 0x1c, 0x00, 0x00, 0x00,
  0x3c, 0x00, 0x00, 0x00, 0x0f, 0x00, 0x00, 0x00, 0x73, 0x65, 0x72, 0x76,
  0x69, 0x6e, 0x67, 0x5f, 0x64, 0x65, 0x66, 0x61, 0x75, 0x6c, 0x74, 0x00,
  0x01, 0x00, 0x00, 0x00, 0x04, 0x00, 0x00, 0x00, 0x8c, 0xff, 0xff, 0xff,
  0x2b, 0x00, 0x00, 0x00, 0x04, 0x00, 0x00, 0x00, 0x08, 0x00, 0x00, 0x00,
  0x6f, 0x75, 0x74, 0x70, 0x75, 0x74, 0x5f, 0x30, 0x00, 0x00, 0x00, 0x00,
  0x01, 0x00, 0x00, 0x00, 0x04, 0x00, 0x00, 0x00, 0xbe, 0xde, 0xff, 0xff,
  0x04, 0x00, 0x00, 0x00, 0x11, 0x00, 0x00, 0x00, 0x6b, 0x65, 0x72, 0x61,
  0x73, 0x5f, 0x74, 0x65, 0x6e, 0x73, 0x6f, 0x72, 0x5f, 0x32, 0x34, 0x37,
  0x36, 0x00, 0x00, 0x00, 0x02, 0x00, 0x00, 0x00, 0x34, 0x00, 0x00, 0x00,
  0x04, 0x00, 0x00, 0x00, 0xdc, 0xff, 0xff, 0xff, 0x2e, 0x00, 0x00, 0x00,
  0x04, 0x00, 0x00, 0x00, 0x13, 0x00, 0x00, 0x00, 0x43, 0x4f, 0x4e, 0x56,
  0x45, 0x52, 0x53, 0x49, 0x4f, 0x4e, 0x5f, 0x4d, 0x45, 0x54, 0x41, 0x44,
  0x41, 0x54, 0x41, 0x00, 0x08, 0x00, 0x0c, 0x00, 0x08, 0x00, 0x04, 0x00,
  0x08, 0x00, 0x00, 0x00, 0x2d, 0x00, 0x00, 0x00, 0x04, 0x00, 0x00, 0x00,
  0x13, 0x00, 0x00, 0x00, 0x6d, 0x69, 0x6e, 0x5f, 0x72, 0x75, 0x6e, 0x74,
  0x69, 0x6d, 0x65, 0x5f, 0x76, 0x65, 0x72, 0x73, 0x69, 0x6f, 0x6e, 0x00,
  0x2f, 0x00, 0x00, 0x00, 0x00, 0x20, 0x00, 0x00, 0xf8, 0x1f, 0x00, 0x00,
  0xe0, 0x1f, 0x00, 0x00, 0xb4, 0x1f, 0x00, 0x00, 0xc4, 0x1e, 0x00, 0x00,
  0x94, 0x1e, 0x00, 0x00, 0x64, 0x1e, 0x00, 0x00, 0xd4, 0x1d, 0x00, 0x00,
  0xc4, 0x11, 0x00, 0x00, 0x94, 0x11, 0x00, 0x00, 0x64, 0x11, 0x00, 0x00,
  0xd4, 0x10, 0x00, 0x00, 0xc4, 0x0a, 0x00, 0x00, 0xa4, 0x0a, 0x00, 0x00,
  0x84, 0x0a, 0x00, 0x00, 0x34, 0x0a, 0x00, 0x00, 0x24, 0x07, 0x00, 0x00,
  0x04, 0x07, 0x00, 0x00, 0xe4, 0x06, 0x00, 0x00, 0x94, 0x06, 0x00, 0x00,
  0x84, 0x03, 0x00, 0x00, 0x64, 0x03, 0x00, 0x00, 0x44, 0x03, 0x00, 0x00,
  0xf4, 0x02, 0x00, 0x00, 0x34, 0x01, 0x00, 0x00, 0x2c, 0x01, 0x00, 0x00,
  0x24, 0x01, 0x00, 0x00, 0x1c, 0x01, 0x00, 0x00, 0x14, 0x01, 0x00, 0x00,
  0x0c, 0x01, 0x00, 0x00, 0x04, 0x01, 0x00, 0x00, 0xfc, 0x00, 0x00, 0x00,
  0xf4, 0x00, 0x00, 0x00, 0xec, 0x00, 0x00, 0x00, 0xe4, 0x00, 0x00, 0x00,
  0xdc, 0x00, 0x00, 0x00, 0xd4, 0x00, 0x00, 0x00, 0xcc, 0x00, 0x00, 0x00,
  0xc4, 0x00, 0x00, 0x00, 0xbc, 0x00, 0x00, 0x00, 0xb4, 0x00, 0x00, 0x00,
  0xac, 0x00, 0x00, 0x00, 0xa4, 0x00, 0x00, 0x00, 0x9c, 0x00, 0x00, 0x00,
  0x94, 0x00, 0x00, 0x00, 0x74, 0x00, 0x00, 0x00, 0x04, 0x00, 0x00, 0x00,
  0xfa, 0xdf, 0xff, 0xff, 0x04, 0x00, 0x00, 0x00, 0x60, 0x00, 0x00, 0x00,
  0x0c, 0x00, 0x00, 0x00, 0x08, 0x00, 0x0e, 0x00, 0x08, 0x00, 0x04, 0x00,
  0x08, 0x00, 0x00, 0x00, 0x10, 0x00, 0x00, 0x00, 0x28, 0x00, 0x00, 0x00,
  0x00, 0x00, 0x06, 0x00, 0x08, 0x00, 0x04, 0x00, 0x06, 0x00, 0x00, 0x00,
  0x04, 0x00, 0x00, 0x00, 0x01, 0x00, 0x00, 0x00, 0xeb, 0x03, 0x00, 0x00,
  0x0c, 0x00, 0x18, 0x00, 0x14, 0x00, 0x10, 0x00, 0x0c, 0x00, 0x04, 0x00,
  0x0c, 0x00, 0x00, 0x00, 0xfd, 0x90, 0x0b, 0xbd, 0xad, 0xda, 0x76, 0xb1,
  0x02, 0x00, 0x00, 0x00, 0x02, 0x00, 0x00, 0x00, 0x04, 0x00, 0x00, 0x00,
  0x06, 0x00, 0x00, 0x00, 0x32, 0x2e, 0x32, 0x31, 0x2e, 0x30, 0x00, 0x00,
  0x66, 0xe0, 0xff, 0xff, 0x04, 0x00, 0x00, 0x00, 0x10, 0x00, 0x00, 0x00,
  0x31, 0x2e, 0x31, 0x34, 0x2e, 0x30, 0x00, 0x00, 0x00, 0x00, 0x00, 0x00,
  0x00, 0x00, 0x00, 0x00, 0xec, 0xb6, 0xff, 0xff, 0xf0, 0xb6, 0xff, 0xff,
  0xf4, 0xb6, 0xff, 0xff, 0xf8, 0xb6, 0xff, 0xff, 0xfc, 0xb6, 0xff, 0xff,
  0x00, 0xb7, 0xff, 0xff, 0x04, 0xb7, 0xff, 0xff, 0x08, 0xb7, 0xff, 0xff,
  0x0c, 0xb7, 0xff, 0xff, 0x10, 0xb7, 0xff, 0xff, 0x14, 0xb7, 0xff, 0xff,
  0x18, 0xb7, 0xff, 0xff, 0x1c, 0xb7, 0xff, 0xff, 0x20, 0xb7, 0xff, 0xff,
  0x24, 0xb7, 0xff, 0xff, 0x28, 0xb7, 0xff, 0xff, 0x2c, 0xb7, 0xff, 0xff,
  0x30, 0xb7, 0xff, 0xff, 0x34, 0xb7, 0xff, 0xff, 0x38, 0xb7, 0xff, 0xff,
  0xd2, 0xe0, 0xff, 0xff, 0x04, 0x00, 0x00, 0x00, 0xb0, 0x01, 0x00, 0x00,
  0x91, 0x78, 0x09, 0x73, 0x25, 0x5e, 0x9e, 0x13, 0xa1, 0xf7, 0xce, 0x49,
  0x3c, 0x66, 0x97, 0x9c, 0xf6, 0x1a, 0x93, 0x5d, 0x3d, 0xca, 0x81, 0xa5,
  0xb5, 0xfd, 0x9f, 0x02, 0x10, 0x17, 0x7f, 0xee, 0xa5, 0x2d, 0xe2, 0x0a,
  0xfe, 0x8a, 0x61, 0xac, 0x72, 0x0c, 0x9d, 0x46, 0x94, 0x76, 0xad, 0xdb,
  0x5a, 0x3e, 0xa6, 0x08, 0xea, 0x21, 0x03, 0x2b, 0xdd, 0xaf, 0xad, 0x35,
  0x32, 0x07, 0x2e, 0xf1, 0x3b, 0xbc, 0x04, 0x5c, 0xaa, 0x98, 0x0e, 0x79,
  0xeb, 0x74, 0x81, 0x35, 0x51, 0x6c, 0x97, 0x5c, 0xab, 0xf1, 0x78, 0xba,
  0xf8, 0x00, 0x93, 0xe8, 0x7c, 0xe1, 0xa7, 0x7f, 0x5c, 0xf8, 0x14, 0x2d,
  0x6a, 0x4c, 0x94, 0x20, 0x55, 0x17, 0xa3, 0x3e, 0x91, 0x5a, 0xa5, 0x0f,
  0xe1, 0x53, 0xf0, 0x9c, 0x07, 0x60, 0xb6, 0x07, 0xe4, 0xdc, 0xf2, 0x46,
  0xcd, 0x96, 0xd9, 0xcd, 0xfb, 0x81, 0x48, 0x40, 0xe6, 0x27, 0xe1, 0xe6,
  0x30, 0x43, 0x2d, 0x31, 0x68, 0x9b, 0xe7, 0xb9, 0x86, 0x94, 0xc5, 0x15,
  0x59, 0x2d, 0x2f, 0x6f, 0xf4, 0xf0, 0x3c, 0xba, 0xa9, 0x9f, 0x0c, 0x3a,
  0x7f, 0xfd, 0x48, 0x05, 0x29, 0xcc, 0x38, 0xb4, 0x33, 0x0f, 0x13, 0x4e,
  0xb0, 0xc4, 0xe2, 0x3b, 0xaf, 0x45, 0x81, 0xe2, 0xcc, 0x13, 0x00, 0x02,
  0xca, 0xba, 0xd6, 0x4b, 0x69, 0x29, 0x32, 0x2f, 0x63, 0xf7, 0xf2, 0x3e,
  0x81, 0x54, 0x6c, 0x7e, 0x02, 0x77, 0xbb, 0x33, 0x82, 0x51, 0x86, 0xd2,
  0x6d, 0x01, 0x1c, 0x4f, 0x93, 0x1e, 0x5e, 0x9a, 0x89, 0xca, 0xf2, 0x83,
  0x29, 0xe3, 0x3a, 0x6e, 0xef, 0xed, 0x2d, 0x92, 0x0f, 0x9f, 0xb0, 0xf0,
  0x13, 0x22, 0x0a, 0x15, 0x6a, 0x11, 0xfa, 0xcc, 0x7f, 0xb7, 0xe9, 0xfd,
  0x26, 0x73, 0x9c, 0x47, 0xac, 0xfa, 0x72, 0x7f, 0x37, 0xda, 0xb7, 0x0f,
  0x97, 0x94, 0x91, 0x3f, 0x1d, 0xdd, 0x7c, 0x12, 0x71, 0x43, 0x85, 0x15,
  0x79, 0xd8, 0xad, 0xd6, 0xf5, 0xa8, 0x1d, 0xc5, 0x29, 0x1f, 0x8d, 0x1a,
  0x4e, 0xb9, 0x5b, 0x66, 0xbe, 0xb3, 0x1a, 0xbe, 0xc6, 0x24, 0x10, 0x90,
  0xa1, 0x6d, 0xa3, 0xef, 0x36, 0x6c, 0x7f, 0x09, 0xb2, 0x88, 0x8a, 0xf8,
  0x1a, 0x94, 0xe2, 0x5c, 0xeb, 0x1a, 0xe0, 0xfc, 0xaf, 0x62, 0xb6, 0x0c,
  0xb7, 0x8e, 0x7f, 0xb3, 0xe4, 0xb0, 0x37, 0x98, 0x69, 0x2c, 0xae, 0xf3,
  0x25, 0x71, 0xf4, 0x5f, 0x17, 0x7d, 0x7f, 0x5e, 0xc3, 0x52, 0xb8, 0x75,
  0x90, 0x70, 0x6e, 0x60, 0x78, 0x81, 0x0d, 0xbc, 0x45, 0x71, 0x12, 0xe4,
  0x36, 0x85, 0xca, 0x29, 0xbb, 0x38, 0xc4, 0x0d, 0xab, 0xae, 0xc4, 0xc9,
  0x47, 0xc2, 0x5f, 0xef, 0x6a, 0x5c, 0x01, 0xa8, 0xac, 0x04, 0xbe, 0xda,
  0xd0, 0x65, 0xce, 0x11, 0x7f, 0x49, 0xb1, 0x44, 0xb1, 0x6a, 0xa3, 0x2b,
  0xe1, 0x24, 0x64, 0x70, 0x2d, 0x0a, 0x06, 0x3b, 0xb9, 0x5f, 0x9d, 0xd5,
  0x40, 0xab, 0x77, 0x7f, 0xdc, 0x15, 0x30, 0x56, 0x31, 0x30, 0x17, 0x02,
  0x09, 0xc7, 0xcd, 0x8e, 0xc4, 0x98, 0xf7, 0xc1, 0x2b, 0x59, 0x81, 0x6b,
  0x90, 0x3e, 0x8e, 0xcc, 0x42, 0xce, 0xc8, 0xe8, 0xa8, 0xaf, 0x52, 0x06,
  0x8e, 0xe2, 0xff, 0xff, 0x04, 0x00, 0x00, 0x00, 0x40, 0x00, 0x00, 0x00,
  0x01, 0x00, 0x00, 0x00, 0x04, 0x00, 0x00, 0x00, 0x03, 0x00, 0x00, 0x00,
  0x03, 0x00, 0x00, 0x00, 0x00, 0x00, 0x00, 0x00, 0xff, 0xff, 0xff, 0xff,
  0x04, 0x00, 0x00, 0x00, 0x06, 0x00, 0x00, 0x00, 0xff, 0xff, 0xff, 0xff,
  0x01, 0x00, 0x00, 0x00, 0xff, 0xff, 0xff, 0xff, 0x02, 0x00, 0x00, 0x00,
  0x01, 0x00, 0x00, 0x00, 0xff, 0xff, 0xff, 0xff, 0x03, 0x00, 0x00, 0x00,
  0xff, 0xff, 0xff, 0xff, 0xda, 0xe2, 0xff, 0xff, 0x04, 0x00, 0x00, 0x00,
  0x10, 0x00, 0x00, 0x00, 0xab, 0xc1, 0xae, 0xac, 0xe5, 0xdb, 0xb7, 0x30,
  0xbb, 0xb0, 0xe2, 0xaa, 0xbc, 0xb8, 0xeb, 0x7f, 0xf6, 0xe2, 0xff, 0xff,
  0x04, 0x00, 0x00, 0x00, 0x10, 0x00, 0x00, 0x00, 0x8d, 0xa2, 0xbe, 0xaf,
  0xad, 0xdf, 0x90, 0x97, 0x94, 0xad, 0xc2, 0x96, 0xc3, 0xb6, 0xbb, 0x80,
  0x12, 0xe3, 0xff, 0xff, 0x04, 0x00, 0x00, 0x00, 0x00, 0x03, 0x00, 0x00,
  0x5e, 0x72, 0xbf, 0x8b, 0xbf, 0x74, 0x48, 0xec, 0x74, 0x2c, 0x30, 0xda,
  0x53, 0x72, 0x1a, 0x33, 0x8d, 0x09, 0x05, 0xc3, 0xd2, 0x4a, 0x6c, 0x40,
  0x94, 0xc2, 0x66, 0xde, 0xaf, 0x9f, 0x8e, 0xf0, 0x05, 0x9d, 0x81, 0xa2,
  0x21, 0xbd, 0x78, 0x91, 0xe5, 0x47, 0xaf, 0x1a, 0xdc, 0xce, 0x71, 0xf7,
  0xa2, 0x00, 0x4e, 0xdf, 0x3b, 0xd9, 0x4d, 0xd6, 0x9b, 0x20, 0xdd, 0x1d,
  0xcc, 0xa2, 0x2f, 0xc8, 0x38, 0x6f, 0xc1, 0x12, 0x1d, 0x81, 0xc1, 0x77,
  0x14, 0x56, 0xc2, 0xc1, 0xa3, 0xea, 0x81, 0xa8, 0x9e, 0xc5, 0xf3, 0x54,
  0x9d, 0xf3, 0xe7, 0x77, 0xc0, 0xf6, 0x54, 0x93, 0xf4, 0xd6, 0xfa, 0x4d,
  0x32, 0x1d, 0xcd, 0x6a, 0x6f, 0x8e, 0xac, 0x7f, 0x0f, 0x8e, 0xa7, 0x21,
  0x26, 0x0c, 0x21, 0x67, 0xc0, 0x06, 0x00, 0xb9, 0x29, 0x4c, 0x70, 0x90,
  0xdd, 0x8b, 0x42, 0x26, 0x99, 0xa6, 0x17, 0xdf, 0xef, 0xce, 0xc2, 0xe0,
  0x7b, 0x9f, 0x61, 0xf3, 0xfc, 0x48, 0xcb, 0xd9, 0xc9, 0xc7, 0xd1, 0x4e,
  0x92, 0x7f, 0xc3, 0x86, 0x97, 0x5d, 0xda, 0xd3, 0x5a, 0x00, 0xe7, 0x46,
  0x0b, 0x5a, 0x47, 0x43, 0x15, 0x97, 0x1b, 0x0b, 0x92, 0x41, 0xa7, 0x4e,
  0x9c, 0x21, 0xfd, 0xf9, 0xff, 0xb0, 0x83, 0xbc, 0x94, 0xe0, 0x8a, 0xac,
  0x48, 0xbb, 0x3a, 0xe7, 0xde, 0x63, 0x6d, 0x5d, 0x16, 0x97, 0xf0, 0x30,
  0x00, 0x27, 0x6a, 0x2b, 0xef, 0xe0, 0x08, 0xd1, 0xee, 0x11, 0x64, 0xaa,
  0xca, 0x93, 0xa8, 0x24, 0xcb, 0x9a, 0x7f, 0xa3, 0xf5, 0x47, 0xfa, 0x00,
  0x98, 0xb8, 0x37, 0x1e, 0xd3, 0x01, 0x1f, 0xa2, 0x29, 0xb6, 0xbf, 0xb2,
  0xb6, 0x31, 0xf3, 0x02, 0x0f, 0x91, 0x42, 0x56, 0xcd, 0x1e, 0xaa, 0x98,
  0xcd, 0x4f, 0x01, 0x23, 0xb4, 0x01, 0xea, 0x03, 0x42, 0x7c, 0x8c, 0xeb,
  0x38, 0x00, 0x30, 0xa3, 0xdd, 0xbc, 0x04, 0xea, 0x6a, 0xee, 0x18, 0x72,
  0x0e, 0x0d, 0x08, 0x54, 0x8c, 0xc9, 0xff, 0xa2, 0xfe, 0xf3, 0x91, 0x47,
  0xcd, 0xf9, 0xfd, 0xbf, 0xa4, 0x7f, 0x18, 0xd3, 0x16, 0x78, 0x73, 0x6f,
  0x13, 0x5c, 0x47, 0x11, 0x73, 0xa5, 0xbc, 0xf0, 0x9d, 0x7f, 0xbc, 0xd9,
  0xe9, 0x54, 0xc1, 0xb3, 0x39, 0x73, 0x54, 0x17, 0x45, 0xf3, 0x23, 0x90,
  0xa1, 0x7d, 0x73, 0x4a, 0x37, 0xa5, 0x54, 0x5c, 0xbe, 0xf9, 0x64, 0xb0,
  0x87, 0x6d, 0xd7, 0x31, 0xbf, 0x3d, 0x2a, 0x64, 0x78, 0x7e, 0x96, 0x94,
  0x7e, 0x36, 0x04, 0x18, 0xc7, 0xb4, 0x2b, 0x0b, 0xc1, 0x87, 0xc4, 0x1c,
  0x7d, 0x69, 0x9f, 0x7d, 0x29, 0x9c, 0x5f, 0xff, 0x08, 0x0a, 0xb5, 0x1a,
  0x88, 0xca, 0xe4, 0x81, 0x96, 0x98, 0x0d, 0xbb, 0x69, 0x6a, 0x2e, 0x16,
  0x59, 0x42, 0xe2, 0x01, 0x99, 0x0e, 0x67, 0xaa, 0x23, 0x28, 0xc9, 0xbf,
  0xec, 0xe4, 0x7f, 0xd9, 0x8a, 0xa7, 0x73, 0x67, 0x4a, 0xf7, 0x4b, 0x7c,
  0x58, 0x4a, 0x90, 0x5f, 0xbb, 0xec, 0xd7, 0x1d, 0x2f, 0x3a, 0xf8, 0xe5,
  0x3f, 0x44, 0x2b, 0x59, 0x0e, 0xde, 0x96, 0xf9, 0xc5, 0xc8, 0x8e, 0xc5,
  0xc4, 0xe0, 0xb3, 0xe5, 0x41, 0x5a, 0xd9, 0x02, 0x86, 0xd7, 0x78, 0x1e,
  0xdd, 0x8a, 0x52, 0x56, 0xf5, 0x5c, 0x92, 0x09, 0x4b, 0x58, 0x6c, 0x7f,
  0xd7, 0xf7, 0x50, 0xca, 0xd3, 0x48, 0x9d, 0x4a, 0x43, 0x48, 0x39, 0xe5,
  0x2f, 0x65, 0x2b, 0x04, 0x69, 0xcf, 0xd1, 0xe9, 0xab, 0xcd, 0x39, 0xe6,
  0xf7, 0x4e, 0x17, 0x58, 0x44, 0x78, 0x26, 0xd6, 0x4d, 0x2a, 0x8c, 0xd1,
  0xaf, 0x12, 0xdf, 0x27, 0x65, 0x3d, 0xbb, 0x0f, 0x1a, 0x59, 0xcb, 0xac,
  0x63, 0x9c, 0x1c, 0x96, 0xc6, 0x7f, 0x2c, 0x56, 0xc3, 0x42, 0x6f, 0x43,
  0x1a, 0x49, 0x9d, 0x70, 0x78, 0x6f, 0xdc, 0x08, 0xd8, 0x5a, 0x6b, 0x92,
  0x66, 0x7a, 0xc2, 0x4d, 0x2c, 0xee, 0xc2, 0x5a, 0x60, 0x9a, 0x20, 0x78,
  0xc1, 0xbf, 0xe5, 0x66, 0x3f, 0xc7, 0xb5, 0x81, 0x45, 0x48, 0x41, 0xec,
  0x1b, 0xb6, 0xc5, 0xf8, 0xbb, 0xbe, 0xcb, 0xdd, 0xfd, 0x60, 0xc9, 0x8d,
  0x33, 0xef, 0x69, 0xae, 0x16, 0x30, 0x30, 0x93, 0x0e, 0x1c, 0xb7, 0xf5,
  0xfc, 0xb9, 0x17, 0x04, 0x93, 0x32, 0x9d, 0x71, 0xc3, 0xfb, 0xc9, 0x8e,
  0xb1, 0xf3, 0xbc, 0xa9, 0xa3, 0x3d, 0xdb, 0x76, 0xef, 0x33, 0x35, 0xcc,
  0xfc, 0xa8, 0x90, 0x36, 0x61, 0x21, 0xef, 0x9e, 0x90, 0x2d, 0x5b, 0x4f,
  0x5a, 0x5e, 0x48, 0x39, 0x09, 0x8a, 0xde, 0x1f, 0x3a, 0x5f, 0xca, 0xdf,
  0x65, 0x2c, 0xc8, 0x81, 0xcf, 0x49, 0x4e, 0x21, 0x12, 0x01, 0xce, 0x99,
  0xf8, 0x65, 0xcf, 0x30, 0xfb, 0x61, 0xc2, 0x8a, 0x53, 0x1e, 0xd5, 0x48,
  0xfd, 0x8e, 0x19, 0x1e, 0x64, 0x1d, 0x1b, 0xd7, 0x9c, 0x8e, 0x08, 0x3d,
  0x4d, 0xf9, 0xb6, 0x22, 0x6a, 0x5c, 0x48, 0xbb, 0xeb, 0x9f, 0x7f, 0x78,
  0xc8, 0x63, 0x46, 0x04, 0xd1, 0x91, 0x1c, 0x9c, 0x14, 0xe1, 0xdb, 0x88,
  0x9f, 0xde, 0x9a, 0x53, 0x6b, 0xfd, 0x61, 0xaf, 0x57, 0xca, 0xf2, 0x58,
  0xa8, 0xbc, 0x01, 0x37, 0xbc, 0x68, 0x00, 0x3e, 0xa1, 0x77, 0xf7, 0xbc,
  0x7f, 0x79, 0x56, 0x60, 0x34, 0x6c, 0xed, 0xba, 0xbc, 0xee, 0x90, 0xd4,
  0x1a, 0x93, 0x4d, 0xb3, 0x65, 0xf4, 0xb9, 0x6b, 0xb5, 0x35, 0x69, 0xcf,
  0x63, 0x71, 0x7e, 0x73, 0x33, 0x70, 0x5c, 0x85, 0x33, 0xa9, 0xb4, 0xa7,
  0x1c, 0x4e, 0x9d, 0x27, 0x79, 0xc0, 0xd4, 0x77, 0x5a, 0x11, 0x88, 0xe4,
  0xd1, 0xc4, 0x74, 0x7c, 0x1b, 0x1e, 0x75, 0x54, 0x0e, 0x38, 0x52, 0xe7,
  0x97, 0xd9, 0x2d, 0x00, 0x81, 0xc4, 0x08, 0xc6, 0x12, 0x03, 0x45, 0xe4,
  0x1e, 0xe6, 0xff, 0xff, 0x04, 0x00, 0x00, 0x00, 0x40, 0x00, 0x00, 0x00,
  0x45, 0x03, 0x00, 0x00, 0x73, 0xff, 0xff, 0xff, 0x13, 0xf8, 0xff, 0xff,
  0x33, 0x01, 0x00, 0x00, 0x42, 0x03, 0x00, 0x00, 0x9e, 0x01, 0x00, 0x00,
  0xff, 0x00, 0x00, 0x00, 0x40, 0x02, 0x00, 0x00, 0x61, 0xff, 0xff, 0xff,
  0xfe, 0xff, 0xff, 0xff, 0xd7, 0x00, 0x00, 0x00, 0xe4, 0x02, 0x00, 0x00,
  0x40, 0x02, 0x00, 0x00, 0xc0, 0x01, 0x00, 0x00, 0x9c, 0x02, 0x00, 0x00,
  0xbc, 0xfe, 0xff, 0xff, 0x6a, 0xe6, 0xff, 0xff, 0x04, 0x00, 0x00, 0x00,
  0x10, 0x00, 0x00, 0x00, 0x07, 0x30, 0x7f, 0x0e, 0xf2, 0x1b, 0xee, 0x12,
  0xea, 0xf3, 0xe5, 0x74, 0xef, 0x4a, 0xec, 0xde, 0x86, 0xe6, 0xff, 0xff,
  0x04, 0x00, 0x00, 0x00, 0x10, 0x00, 0x00, 0x00, 0xb2, 0xa0, 0xb1, 0x8d,
  0xaa, 0xb5, 0xda, 0xa3, 0xce, 0xc4, 0xd9, 0x80, 0xaf, 0xbd, 0xcf, 0xb2,
  0xa2, 0xe6, 0xff, 0xff, 0x04, 0x00, 0x00, 0x00, 0x00, 0x03, 0x00, 0x00,
  0x36, 0x06, 0x7f, 0x55, 0xa5, 0x16, 0xe8, 0xc3, 0xdb, 0xba, 0x49, 0xb3,
  0x19, 0xaf, 0x9f, 0x4d, 0x46, 0xc0, 0xd6, 0xb7, 0xad, 0x64, 0xd1, 0xc7,
  0x13, 0xe9, 0xf7, 0x43, 0x33, 0x5c, 0xeb, 0xa5, 0x9c, 0xc7, 0x60, 0x59,
  0x36, 0x00, 0xde, 0x6c, 0x94, 0x2b, 0x02, 0x11, 0x3a, 0xc1, 0x22, 0x41,
  0xfc, 0xe6, 0x50, 0x13, 0x87, 0xa6, 0x04, 0x2c, 0xd3, 0xff, 0xd3, 0x72,
  0x56, 0xda, 0x0f, 0x52, 0xb5, 0x0a, 0xfd, 0xa8, 0xe1, 0x5b, 0xac, 0x2e,
  0xc4, 0xcc, 0x39, 0x81, 0x94, 0xe2, 0x00, 0x1c, 0xff, 0x77, 0x71, 0x3a,
  0x22, 0x64, 0x96, 0xb5, 0x36, 0x04, 0xd3, 0x98, 0xd1, 0x8f, 0x56, 0x37,
  0x04, 0x1b, 0xa4, 0xa5, 0xfd, 0xb7, 0x14, 0x94, 0x6e, 0xfd, 0x85, 0x7f,
  0xb8, 0xc6, 0x50, 0x15, 0xc7, 0xc8, 0xb2, 0x5c, 0x0e, 0x2a, 0x4b, 0x73,
  0xfb, 0xf4, 0x36, 0x50, 0xc6, 0x39, 0xf1, 0xf9, 0x44, 0xcd, 0x97, 0x18,
  0x6f, 0xa3, 0xfc, 0x60, 0x4a, 0xb5, 0x53, 0xad, 0x01, 0xd5, 0xab, 0x8a,
  0x40, 0xc2, 0xfc, 0xe6, 0x6c, 0xcc, 0x6c, 0xec, 0x2f, 0x77, 0xe8, 0x0d,
  0xd5, 0x96, 0xbd, 0x81, 0xd8, 0x36, 0xe1, 0x33, 0x2a, 0x1d, 0xda, 0x19,
  0x68, 0xdc, 0x6d, 0xe9, 0xb1, 0x17, 0x17, 0x63, 0xd4, 0x72, 0xbf, 0x69,
  0x19, 0x48, 0xb1, 0xa7, 0xe4, 0x38, 0xa5, 0x1d, 0x61, 0x83, 0x6c, 0x26,
  0x30, 0x81, 0xb3, 0x9c, 0xd2, 0x8c, 0x96, 0x54, 0xd9, 0x56, 0xef, 0x5e,
  0xcf, 0x97, 0xab, 0xfb, 0x99, 0x34, 0xa5, 0x29, 0x9b, 0xb1, 0x06, 0xa9,
  0x41, 0xcf, 0xea, 0xf6, 0x14, 0xca, 0xb9, 0xb1, 0x0f, 0x04, 0x34, 0x64,
  0x3f, 0x3a, 0x38, 0xf4, 0xdd, 0xc6, 0x6f, 0xfd, 0x5b, 0x6f, 0x2e, 0x6a,
  0xad, 0xca, 0x7f, 0x1f, 0x0d, 0x4c, 0x8c, 0xc4, 0xa9, 0x5e, 0xf9, 0x98,
  0xb5, 0xa4, 0xa0, 0x03, 0xed, 0xa1, 0xb2, 0x3a, 0x46, 0x1a, 0x61, 0x53,
  0xaf, 0x4f, 0x1c, 0x6a, 0x9d, 0xd4, 0x49, 0x21, 0xf0, 0x02, 0x3c, 0x1d,
  0xfb, 0xd9, 0x9e, 0x4d, 0x9d, 0xf7, 0x0a, 0x9b, 0xe2, 0x0d, 0xe7, 0x2c,
  0x4e, 0x42, 0xb1, 0xca, 0xb9, 0x32, 0x0b, 0xbf, 0xfb, 0x66, 0x49, 0xc7,
  0x15, 0xcd, 0xe4, 0xa5, 0x03, 0x57, 0x81, 0xac, 0x9e, 0x66, 0x25, 0x8e,
  0xb4, 0xe6, 0xc0, 0x23, 0x25, 0xa1, 0x97, 0xae, 0xf8, 0x2f, 0xee, 0x61,
  0x23, 0x52, 0xce, 0x4f, 0xa6, 0x42, 0x8c, 0x92, 0xb3, 0xa6, 0x76, 0x1e,
  0x38, 0xb4, 0x81, 0x48, 0x8f, 0x57, 0x07, 0xc2, 0xd3, 0x26, 0x8b, 0xbd,
  0xa7, 0xa7, 0x3c, 0x45, 0x64, 0xfd, 0x89, 0x4b, 0x59, 0x0b, 0xbd, 0xd4,
  0xfe, 0xe8, 0xfe, 0x40, 0x1c, 0x50, 0x08, 0x54, 0x5e, 0x5f, 0x55, 0xfc,
  0x1d, 0x90, 0x15, 0x04, 0xe9, 0xf1, 0x6e, 0x77, 0x17, 0x5a, 0xd6, 0x0c,
  0xee, 0xa5, 0x9e, 0x4f, 0x25, 0x21, 0xfe, 0x71, 0x4e, 0x36, 0xd8, 0x6a,
  0x64, 0x8a, 0xeb, 0x76, 0xad, 0xe8, 0x15, 0x44, 0xef, 0xb6, 0xb5, 0x38,
  0x41, 0x69, 0x09, 0x69, 0x9e, 0x97, 0xd7, 0x5c, 0x8a, 0xd5, 0x51, 0x6e,
  0xd9, 0x8c, 0xdd, 0x5f, 0xfb, 0xce, 0x69, 0xf7, 0xec, 0x81, 0xb7, 0xea,
  0x2f, 0x59, 0x22, 0xbf, 0x35, 0x2d, 0x66, 0xcc, 0x8a, 0x63, 0x4a, 0x8f,
  0x0a, 0x4c, 0x93, 0xcf, 0xa5, 0xae, 0xbf, 0xa2, 0x5e, 0xd5, 0x9c, 0x23,
  0x11, 0x78, 0x60, 0xca, 0xd2, 0x1a, 0x20, 0x5d, 0x81, 0x42, 0xef, 0xc8,
  0x3a, 0xa3, 0x87, 0xeb, 0xf0, 0xd2, 0xfb, 0xd5, 0xd9, 0x18, 0x9e, 0xed,
  0xb0, 0xf2, 0xbf, 0x3c, 0x14, 0x63, 0xa0, 0xef, 0x4d, 0xa7, 0xb6, 0x5d,
  0xcb, 0x0f, 0x6f, 0x7f, 0xc8, 0x85, 0xfa, 0xe6, 0x50, 0x24, 0x25, 0x02,
  0x94, 0x35, 0x13, 0x53, 0x69, 0x16, 0x10, 0x57, 0xc3, 0xb2, 0x34, 0x9e,
  0x4f, 0xad, 0xc9, 0x79, 0x66, 0xb4, 0xdd, 0xa5, 0x9d, 0x2f, 0xe1, 0xa3,
  0x94, 0xb9, 0x23, 0xd6, 0xf9, 0x70, 0x88, 0xf9, 0x60, 0xe4, 0x7f, 0x19,
  0xab, 0xa9, 0xa7, 0x44, 0xfb, 0x8d, 0xcb, 0x69, 0x40, 0x5d, 0xf4, 0xfe,
  0xd7, 0x3c, 0x8e, 0x02, 0x1f, 0xd8, 0x50, 0x55, 0xb1, 0x5c, 0xde, 0xa5,
  0xf0, 0x3a, 0xe2, 0x43, 0xeb, 0x16, 0x14, 0x57, 0xea, 0x10, 0xfb, 0x0e,
  0x30, 0x30, 0xe7, 0x3a, 0xe8, 0x89, 0x1a, 0x0f, 0xe2, 0x1b, 0x62, 0x51,
  0xb6, 0xd8, 0x2f, 0xb2, 0x39, 0x34, 0x2b, 0x4d, 0x0a, 0xf3, 0xdd, 0x73,
  0x2c, 0x95, 0x73, 0x75, 0x81, 0x33, 0xec, 0xf3, 0xa0, 0x84, 0x9c, 0x99,
  0xf4, 0x6f, 0xec, 0xd5, 0xfc, 0xd0, 0x33, 0x3c, 0x54, 0x4f, 0x09, 0xe3,
  0xe3, 0x18, 0xd4, 0xfa, 0x81, 0x66, 0xa7, 0xe8, 0xa1, 0x21, 0xbd, 0x8d,
  0xb7, 0x24, 0x2b, 0x76, 0xcc, 0x0a, 0x2c, 0x73, 0xf5, 0xbc, 0xf8, 0x73,
  0x5c, 0x3e, 0x4c, 0xf0, 0x7f, 0x86, 0x4f, 0x38, 0x34, 0xc9, 0x73, 0x58,
  0xe1, 0x8a, 0x0c, 0x9d, 0xfc, 0x6d, 0x72, 0xfc, 0x6d, 0x0f, 0xa7, 0x37,
  0x1e, 0xbf, 0x96, 0xd3, 0x4a, 0x22, 0xd7, 0xc1, 0x7f, 0x69, 0xe3, 0x1c,
  0x7d, 0x62, 0x9c, 0x47, 0xd8, 0x6c, 0x2d, 0xaf, 0x3c, 0xf8, 0x65, 0x91,
  0x34, 0x9f, 0x26, 0xca, 0x56, 0x0b, 0x38, 0x26, 0x1f, 0x9e, 0x46, 0xa0,
  0x9d, 0xd8, 0xca, 0x91, 0xc6, 0xbd, 0xd7, 0x57, 0xee, 0x29, 0xc2, 0x08,
  0x65, 0x28, 0xa1, 0x89, 0x75, 0x66, 0x2b, 0xb4, 0x63, 0x31, 0x07, 0xf8,
  0x89, 0xdb, 0x91, 0x15, 0xd8, 0xc9, 0xe7, 0xfa, 0x2e, 0x0f, 0xe4, 0xc2,
  0xe4, 0x69, 0xb4, 0x6d, 0xf1, 0xec, 0xef, 0x7f, 0x88, 0xdf, 0x44, 0x3f,
  0x67, 0x1d, 0xa0, 0x5f, 0xb4, 0x4e, 0x4d, 0xe9, 0xe3, 0x2a, 0x78, 0x79,
  0xae, 0xe9, 0xff, 0xff, 0x04, 0x00, 0x00, 0x00, 0x40, 0x00, 0x00, 0x00,
  0xea, 0xf8, 0xff, 0xff, 0x2b, 0xf8, 0xff, 0xff, 0xa0, 0x07, 0x00, 0x00,
  0x48, 0x03, 0x00, 0x00, 0x3e, 0x03, 0x00, 0x00, 0x3e, 0xfc, 0xff, 0xff,
  0x0a, 0x03, 0x00, 0x00, 0x03, 0x05, 0x00, 0x00, 0x53, 0x01, 0x00, 0x00,
  0x7c, 0xff, 0xff, 0xff, 0x38, 0x01, 0x00, 0x00, 0xe6, 0xff, 0xff, 0xff,
  0x46, 0x04, 0x00, 0x00, 0x93, 0xfe, 0xff, 0xff, 0x3e, 0xfd, 0xff, 0xff,
  0xe5, 0x00, 0x00, 0x00, 0xfa, 0xe9, 0xff, 0xff, 0x04, 0x00, 0x00, 0x00,
  0x10, 0x00, 0x00, 0x00, 0x53, 0x1c, 0x29, 0xdf, 0x7f, 0x02, 0xe8, 0x3e,
  0xf8, 0x04, 0x19, 0x6c, 0x3a, 0xf7, 0x6f, 0x08, 0x16, 0xea, 0xff, 0xff,
  0x04, 0x00, 0x00, 0x00, 0x10, 0x00, 0x00, 0x00, 0xc3, 0xc0, 0x80, 0xcd,
  0x96, 0xa5, 0xc6, 0x8d, 0x89, 0xad, 0x9b, 0xda, 0xac, 0xca, 0xbf, 0xe5,
  0x32, 0xea, 0xff, 0xff, 0x04, 0x00, 0x00, 0x00, 0x00, 0x06, 0x00, 0x00,
  0x2f, 0xb6, 0x79, 0x1c, 0xc0, 0x26, 0x44, 0x45, 0xad, 0xa8, 0x20, 0x6a,
  0xb4, 0xfe, 0x56, 0xb3, 0xbd, 0xef, 0x20, 0x90, 0x50, 0x55, 0xeb, 0x93,
  0x19, 0x7d, 0xd0, 0x1a, 0x7f, 0x3e, 0xe6, 0x1c, 0x4c, 0x87, 0x04, 0x67,
  0x32, 0xbf, 0xe2, 0x5f, 0xa8, 0xbe, 0xcf, 0x18, 0xd6, 0xf5, 0xaa, 0xdb,
  0x8f, 0x5c, 0x72, 0xc6, 0xc5, 0x9c, 0xce, 0x90, 0x48, 0xcf, 0x18, 0x29,
  0x0b, 0xee, 0xee, 0x23, 0xd3, 0x8c, 0xf0, 0xe6, 0x7f, 0x31, 0x41, 0x5e,
  0xe8, 0xca, 0xb4, 0x3d, 0x45, 0x6c, 0x4d, 0xb0, 0xd2, 0x56, 0x72, 0xef,
  0x21, 0x32, 0xea, 0xc3, 0xf3, 0xee, 0x6a, 0xdd, 0xed, 0xfd, 0x5f, 0xea,
  0xc2, 0x84, 0x5c, 0xad, 0xb9, 0xcd, 0x3a, 0xae, 0x9f, 0x40, 0x10, 0x15,
  0x4a, 0x5f, 0x98, 0x64, 0x93, 0xa8, 0x60, 0xf6, 0x34, 0x37, 0x66, 0x26,
  0x2d, 0xe1, 0xf7, 0x12, 0xc0, 0xe7, 0xb7, 0x1c, 0x72, 0xe0, 0xee, 0x99,
  0x81, 0xed, 0x68, 0x55, 0x10, 0x09, 0x5d, 0x27, 0xd7, 0xd8, 0x5b, 0xa9,
  0x59, 0x72, 0x4a, 0x2a, 0xfd, 0x3f, 0xd4, 0x13, 0x1a, 0x26, 0x94, 0xce,
  0xd2, 0x47, 0x67, 0xa9, 0x69, 0x00, 0xb2, 0x81, 0xb8, 0x29, 0xa7, 0x60,
  0x2c, 0x40, 0xb9, 0xd2, 0xaa, 0xc2, 0xea, 0x52, 0x10, 0x2f, 0x66, 0xef,
  0x9b, 0xe0, 0x0f, 0x34, 0x5e, 0x2d, 0xcb, 0xf9, 0xf3, 0x06, 0xf0, 0xa7,
  0x05, 0x09, 0x3b, 0xd1, 0x98, 0x51, 0xcf, 0x44, 0x0c, 0x40, 0x9d, 0x0b,
  0xae, 0xdf, 0x0a, 0xec, 0x6b, 0x2e, 0x3f, 0xc3, 0x26, 0xde, 0x05, 0xda,
  0xb7, 0xf0, 0x22, 0xed, 0x52, 0x32, 0x2e, 0xd6, 0x7f, 0x35, 0xdb, 0x61,
  0xb9, 0x0e, 0xfd, 0xb0, 0x67, 0xfa, 0xb0, 0x0f, 0xaf, 0x25, 0x63, 0xde,
  0x3b, 0x7a, 0x38, 0xbe, 0x9d, 0x2f, 0x25, 0x8a, 0x52, 0x3e, 0xbb, 0xf1,
  0x22, 0x2c, 0xef, 0x4f, 0xc6, 0xe3, 0x1c, 0x23, 0x56, 0x0a, 0xae, 0x07,
  0xad, 0x3e, 0xb8, 0x29, 0x99, 0x70, 0x69, 0x99, 0xc4, 0x4e, 0x23, 0xdb,
  0xdc, 0x09, 0xac, 0x53, 0x13, 0x81, 0x02, 0x0f, 0x53, 0x8d, 0x52, 0x63,
  0x06, 0x07, 0xa3, 0xe0, 0x01, 0x37, 0x0f, 0x9f, 0x96, 0x6b, 0xd1, 0x38,
  0x81, 0xb8, 0x63, 0xd3, 0x93, 0x9f, 0x44, 0x97, 0xe4, 0xb8, 0x18, 0xb0,
  0x44, 0x25, 0xd1, 0xd4, 0x5a, 0x58, 0xb7, 0x01, 0x5f, 0xd9, 0x60, 0xed,
  0x39, 0x46, 0x53, 0x32, 0xa6, 0x28, 0xa5, 0x20, 0xef, 0x8c, 0xbb, 0x3d,
  0xf9, 0x7d, 0xad, 0x41, 0x30, 0x5e, 0x06, 0xf4, 0xa3, 0x1f, 0xc8, 0xa9,
  0x43, 0xd7, 0xeb, 0x66, 0x3c, 0x54, 0xc1, 0x31, 0xde, 0x6f, 0xc4, 0xa6,
  0x10, 0x2e, 0xf0, 0xb9, 0x38, 0x52, 0xa2, 0xf1, 0x14, 0x7f, 0x3a, 0xff,
  0xf0, 0x22, 0x03, 0x2e, 0xd3, 0x10, 0xb7, 0xb2, 0xd8, 0xb2, 0x36, 0x9e,
  0xf9, 0x58, 0xbc, 0x23, 0x68, 0x88, 0xc9, 0x17, 0x30, 0x54, 0xad, 0xc4,
  0xc0, 0x31, 0x2c, 0x40, 0x58, 0x58, 0xd2, 0x22, 0x70, 0xd4, 0x81, 0x79,
  0x01, 0xbd, 0xe1, 0x6d, 0xfc, 0x0c, 0x40, 0x17, 0xc1, 0xa4, 0xe9, 0xeb,
  0x5b, 0x9f, 0x8f, 0x22, 0x65, 0x98, 0xd4, 0x5f, 0x36, 0x6c, 0x3a, 0x3a,
  0x31, 0xb9, 0x36, 0x82, 0x54, 0xb8, 0x02, 0x92, 0x5b, 0xb3, 0xb0, 0xc1,
  0xc1, 0x54, 0xc9, 0x32, 0x57, 0x67, 0x4c, 0xcf, 0x14, 0x25, 0x1a, 0x9e,
  0x11, 0xd2, 0x51, 0x1e, 0x3c, 0x6e, 0x2d, 0xa3, 0x09, 0x7e, 0xb2, 0x10,
  0xc4, 0xa4, 0x12, 0x9a, 0x44, 0x0d, 0x5e, 0x81, 0x46, 0x60, 0xd5, 0xec,
  0x61, 0x40, 0xad, 0xa1, 0xe9, 0xa3, 0x9d, 0xfb, 0xa2, 0xd2, 0x05, 0x3a,
  0xa6, 0x33, 0xbd, 0x1b, 0x0f, 0xab, 0xfa, 0xd9, 0xbf, 0xa8, 0xc9, 0x33,
  0x37, 0xcd, 0xd4, 0x08, 0x10, 0x49, 0x6e, 0xa8, 0x14, 0x7f, 0xb5, 0x00,
  0xed, 0x59, 0x69, 0x28, 0x71, 0xa5, 0x5d, 0x0a, 0x0d, 0x46, 0x8e, 0xd9,
  0x7f, 0x5c, 0xfb, 0xcb, 0xe0, 0x3c, 0xb7, 0x22, 0x45, 0x08, 0xa4, 0xd1,
  0xe4, 0x5a, 0xde, 0xbb, 0x2c, 0x28, 0xd4, 0x64, 0x23, 0x46, 0x06, 0xdc,
  0xd6, 0x34, 0x40, 0xc0, 0xbd, 0xc6, 0x3c, 0xce, 0xe9, 0xda, 0x4c, 0xd4,
  0xae, 0x5a, 0xb4, 0x59, 0xb8, 0xb2, 0xb7, 0xde, 0xfa, 0x43, 0xd2, 0x41,
  0xa7, 0xba, 0x0d, 0xd4, 0x15, 0x27, 0x81, 0x89, 0xc0, 0xe0, 0xc2, 0x6a,
  0xff, 0x89, 0x0e, 0xe5, 0x98, 0xb4, 0xcd, 0x96, 0xeb, 0xa3, 0xdd, 0x8c,
  0x6c, 0xe2, 0x5b, 0x56, 0x60, 0xe3, 0x11, 0x38, 0x76, 0xa4, 0xc9, 0x6c,
  0xe3, 0x5e, 0x4d, 0xa7, 0xcf, 0x04, 0x56, 0x47, 0x97, 0xc8, 0x06, 0x3d,
  0x34, 0x5f, 0x81, 0x46, 0x59, 0x5d, 0x56, 0x54, 0xb4, 0xea, 0xc3, 0x84,
  0x32, 0x85, 0x60, 0x0e, 0x26, 0xf8, 0x6e, 0xfa, 0xa1, 0x85, 0x38, 0x57,
  0xef, 0x7f, 0x9b, 0x79, 0x28, 0xaa, 0x51, 0xf0, 0x60, 0xb1, 0x88, 0xea,
  0x9b, 0x34, 0x06, 0xc9, 0x87, 0xed, 0x72, 0xd9, 0xd0, 0x0f, 0x39, 0xc5,
  0xa1, 0xcc, 0x07, 0xb6, 0xc8, 0xc0, 0x3d, 0xe1, 0x21, 0xad, 0x71, 0x5a,
  0x46, 0xa3, 0xc1, 0x11, 0x4a, 0x6d, 0xe2, 0x1d, 0x46, 0xe1, 0xd9, 0x42,
  0xd0, 0xd3, 0xc3, 0xaf, 0x91, 0xe5, 0xa6, 0xf3, 0xd1, 0xa9, 0xa3, 0x3b,
  0x32, 0x1a, 0xa5, 0xd4, 0xf0, 0x7f, 0x91, 0x55, 0xf8, 0x1e, 0x46, 0x26,
  0x0e, 0xbc, 0x02, 0xc4, 0x0e, 0x20, 0xfc, 0x4a, 0xc4, 0xbc, 0xc1, 0x40,
  0xd5, 0xd5, 0xe7, 0xf2, 0x13, 0x0c, 0x32, 0xf5, 0x2b, 0x0e, 0x4d, 0x35,
  0xe6, 0x1f, 0x21, 0x55, 0xee, 0xb8, 0x40, 0x09, 0xed, 0x1e, 0x49, 0x0a,
  0x5b, 0xb3, 0xda, 0x81, 0x27, 0x52, 0x27, 0xe9, 0xec, 0xb5, 0x03, 0xc2,
  0x9a, 0x6a, 0x62, 0x33, 0x56, 0x61, 0x9b, 0x72, 0x94, 0xa4, 0xdc, 0x3b,
  0x33, 0x81, 0x3c, 0x8c, 0xc4, 0x1d, 0x1c, 0xe6, 0xd8, 0x81, 0x8b, 0x52,
  0xde, 0xf5, 0x32, 0x3a, 0x70, 0x10, 0xa3, 0xf6, 0x6d, 0xf9, 0xe6, 0x7c,
  0x54, 0xb6, 0xf9, 0x94, 0x3b, 0x39, 0x5b, 0x04, 0x39, 0x54, 0x08, 0x64,
  0xec, 0xe4, 0xe5, 0x64, 0xde, 0x77, 0xc3, 0xee, 0xf3, 0x1a, 0xb2, 0x6d,
  0xf9, 0x29, 0xd1, 0x81, 0x7b, 0x0b, 0xc2, 0x2f, 0x95, 0x96, 0x0f, 0xee,
  0x8c, 0xde, 0x6f, 0x27, 0x5b, 0xdc, 0x7d, 0x1e, 0x9a, 0xcf, 0xd5, 0xe3,
  0xc0, 0xf7, 0x2c, 0x46, 0xf8, 0xfc, 0x03, 0xba, 0xb8, 0xe0, 0xb7, 0xfc,
  0x16, 0x5e, 0xfe, 0xb2, 0xc9, 0x00, 0xdc, 0x73, 0x78, 0xa3, 0x42, 0x2c,
  0x76, 0xc7, 0xb2, 0x73, 0x73, 0x35, 0xf1, 0x4e, 0x95, 0x42, 0x4d, 0xfd,
  0x7f, 0x1e, 0x4e, 0x35, 0xf6, 0xde, 0xed, 0x26, 0xba, 0x38, 0x22, 0xdf,
  0xc1, 0x20, 0x18, 0x18, 0x2f, 0xbc, 0x95, 0x3f, 0x60, 0x0d, 0x29, 0xb5,
  0xd3, 0x26, 0x41, 0x4d, 0x15, 0xa6, 0x9a, 0xf0, 0x26, 0x92, 0xe2, 0x06,
  0xa2, 0x48, 0x34, 0x46, 0x2e, 0x10, 0x5f, 0x1b, 0x64, 0x2e, 0x4f, 0x97,
  0x3f, 0x15, 0xce, 0xf0, 0xd5, 0x4d, 0x4d, 0xad, 0x70, 0x26, 0x81, 0x89,
  0x85, 0x95, 0xef, 0x2b, 0x4e, 0x9b, 0xa8, 0x90, 0x6e, 0xdc, 0x93, 0x94,
  0x7d, 0xdd, 0x8b, 0x21, 0xdb, 0x0b, 0xa7, 0x57, 0x26, 0x9f, 0x99, 0x31,
  0x08, 0x61, 0xdd, 0xe4, 0xf9, 0xf2, 0x15, 0x04, 0x06, 0xe6, 0xee, 0xdd,
  0x4d, 0xfd, 0x07, 0x87, 0x08, 0xce, 0xa2, 0x89, 0x53, 0x7f, 0xe2, 0x45,
  0xa4, 0x60, 0x93, 0x16, 0x20, 0xa8, 0x29, 0x3d, 0xca, 0x5e, 0x15, 0x4b,
  0x51, 0x70, 0xe5, 0x96, 0xc9, 0x4f, 0x50, 0x78, 0xa4, 0xc0, 0x1e, 0x1a,
  0x6a, 0xd3, 0x28, 0x9a, 0xbf, 0xef, 0x27, 0xca, 0xb2, 0xed, 0x7f, 0x27,
  0x15, 0xdb, 0xa8, 0x5f, 0x8c, 0x41, 0x41, 0xab, 0xf4, 0x68, 0x43, 0x63,
  0x95, 0x5e, 0x6a, 0xbb, 0xa9, 0xa3, 0x46, 0x2c, 0xf0, 0x74, 0xce, 0x39,
  0xdb, 0xa6, 0xad, 0x41, 0x07, 0xb3, 0xd2, 0xd7, 0x60, 0x0a, 0x15, 0xae,
  0x40, 0xc6, 0xd4, 0x32, 0x2c, 0x92, 0x1b, 0x24, 0x0f, 0x33, 0x6d, 0x15,
  0xee, 0xf5, 0x13, 0xc3, 0xc3, 0x32, 0x81, 0x35, 0x06, 0x67, 0x0f, 0x0b,
  0xd5, 0x47, 0xb9, 0xf2, 0x59, 0x97, 0x0e, 0xaa, 0x32, 0xbd, 0xcc, 0x58,
  0xf2, 0xcf, 0x0f, 0x13, 0xa5, 0x2a, 0xf6, 0x8e, 0x6d, 0xcf, 0xb0, 0xd3,
  0x42, 0x9f, 0x46, 0x42, 0x3b, 0x92, 0xbb, 0x6f, 0x60, 0xea, 0x84, 0x74,
  0xb1, 0x90, 0xbf, 0x36, 0x09, 0x65, 0x53, 0x5e, 0x65, 0x06, 0xa7, 0x45,
  0xa6, 0x83, 0x07, 0x71, 0x3d, 0xb3, 0x85, 0xbb, 0x81, 0x4c, 0xa3, 0x95,
  0x3b, 0x85, 0xad, 0x59, 0xb7, 0xf8, 0xa2, 0x4b, 0xe2, 0xa2, 0x81, 0x3f,
  0xd4, 0x3f, 0x3a, 0x29, 0xcc, 0xb1, 0xc3, 0xd3, 0x62, 0x39, 0x59, 0x35,
  0x43, 0x39, 0xf0, 0x84, 0xc0, 0x5c, 0x47, 0x9e, 0xdc, 0xba, 0x27, 0xe2,
  0xa3, 0xe0, 0x74, 0xc5, 0x9e, 0x6b, 0xeb, 0xa2, 0x41, 0x1f, 0x43, 0x24,
  0x1c, 0x37, 0xa2, 0x4d, 0xab, 0x44, 0x2e, 0xdb, 0xed, 0xaa, 0xaa, 0x5a,
  0x29, 0x58, 0x79, 0x9e, 0x50, 0x88, 0xa3, 0x0a, 0x4a, 0x04, 0x2a, 0x57,
  0x0c, 0x19, 0xd3, 0xbc, 0xfa, 0x02, 0xc6, 0x36, 0xc7, 0xb1, 0xb4, 0x13,
  0x3a, 0xf0, 0x49, 0x7f, 0x5d, 0xca, 0x9b, 0x29, 0x69, 0xcb, 0xb3, 0x3c,
  0xbf, 0x46, 0x6a, 0x24, 0x5d, 0x0c, 0x25, 0x37, 0xcf, 0x2b, 0x04, 0x5b,
  0x25, 0xcf, 0xd8, 0xe2, 0xf7, 0xba, 0xe0, 0x1d, 0x02, 0xb8, 0x5f, 0x42,
  0x1e, 0x5c, 0x81, 0x5d, 0xd2, 0x33, 0x1d, 0x99, 0x1f, 0x3f, 0xbb, 0xc3,
  0xc3, 0x26, 0x30, 0x5a, 0x98, 0x59, 0xff, 0x00, 0xb9, 0xdf, 0x9a, 0x14,
  0x77, 0xbf, 0xd3, 0x74, 0x72, 0x05, 0xd8, 0x1e, 0x4f, 0xf1, 0xee, 0xfe,
  0x6a, 0xa6, 0x81, 0x75, 0xe7, 0x18, 0x0b, 0x47, 0x8f, 0xca, 0x03, 0xac,
  0xb6, 0x2e, 0x46, 0x26, 0xbc, 0xe4, 0x94, 0x1d, 0xab, 0x35, 0x95, 0x69,
  0x47, 0x6b, 0x8c, 0xce, 0xf5, 0x4d, 0xe4, 0x6d, 0x26, 0x92, 0x51, 0xd2,
  0xd7, 0xcd, 0x01, 0xe2, 0x59, 0x44, 0xe0, 0x25, 0xb6, 0xcc, 0x03, 0xca,
  0x5a, 0x7f, 0x5a, 0x81, 0x05, 0xa7, 0x7b, 0x20, 0x71, 0xdb, 0x49, 0x12,
  0xd7, 0x54, 0x30, 0x0e, 0x34, 0x5e, 0x51, 0x1a, 0x0f, 0xd0, 0xe7, 0x99,
  0xef, 0x2a, 0x77, 0x39, 0xa8, 0xf0, 0xb8, 0xec, 0x96, 0x0c, 0xe0, 0xa2,
  0x38, 0xf2, 0x7f, 0x29, 0xc6, 0xa8, 0x74, 0xd1, 0x89, 0x24, 0x2c, 0x8a,
  0x0b, 0x76, 0xdc, 0x70, 0x52, 0xad, 0x1e, 0x39, 0xdd, 0x5a, 0x34, 0xc3,
  0x3b, 0x99, 0x9e, 0x3d, 0xd4, 0xd5, 0x7f, 0x02, 0xf6, 0xfe, 0x2c, 0xe3,
  0x21, 0x74, 0xfe, 0xc1, 0x22, 0x43, 0x36, 0xaa, 0xe4, 0x39, 0x28, 0x42,
  0x47, 0xde, 0x5a, 0xd3, 0x7f, 0xd5, 0x36, 0x99, 0xd3, 0xa2, 0x34, 0xf1,
  0x35, 0x58, 0xed, 0x8f, 0xd2, 0x2e, 0x31, 0x0c, 0xcd, 0x15, 0x5c, 0xca,
  0xf4, 0xb7, 0x0f, 0xbf, 0xa4, 0x99, 0xbd, 0xcb, 0x3f, 0xbb, 0xe9, 0xbd,
  0xa4, 0xbe, 0xa0, 0xf7, 0x36, 0x4c, 0xaf, 0x43, 0xf5, 0x1f, 0xff, 0x15,
  0xf5, 0x0d, 0x52, 0x1a, 0x54, 0x5b, 0xb1, 0xae, 0x7f, 0xe3, 0x11, 0xb5,
  0x90, 0xf4, 0x08, 0xe8, 0x37, 0x78, 0x3d, 0x52, 0x68, 0x22, 0xaf, 0x13,
  0x70, 0xa1, 0xd4, 0x58, 0x84, 0xe3, 0xb0, 0x25, 0x1f, 0xfa, 0x87, 0x86,
  0x40, 0xd0, 0x58, 0xb3, 0x0a, 0x71, 0x35, 0x5f, 0x4c, 0x69, 0x9f, 0x19,
  0x3e, 0xf0, 0xff, 0xff, 0x04, 0x00, 0x00, 0x00, 0x80, 0x00, 0x00, 0x00,
  0xfb, 0x06, 0x00, 0x00, 0x61, 0x04, 0x00, 0x00, 0x5b, 0x05, 0x00, 0x00,
  0x65, 0xf6, 0xff, 0xff, 0x6c, 0xfa, 0xff, 0xff, 0x46, 0xfd, 0xff, 0xff,
  0xe8, 0x03, 0x00, 0x00, 0x21, 0xfd, 0xff, 0xff, 0xfd, 0x01, 0x00, 0x00,
  0xdc, 0xfe, 0xff, 0xff, 0x6a, 0xf9, 0xff, 0xff, 0x55, 0xf9, 0xff, 0xff,
  0xb4, 0x05, 0x00, 0x00, 0x85, 0x03, 0x00, 0x00, 0x25, 0x08, 0x00, 0x00,
  0x4b, 0x03, 0x00, 0x00, 0x63, 0x04, 0x00, 0x00, 0xd6, 0x03, 0x00, 0x00,
  0xdc, 0xff, 0xff, 0xff, 0x42, 0x02, 0x00, 0x00, 0xb5, 0xfd, 0xff, 0xff,
  0x38, 0xff, 0xff, 0xff, 0x8e, 0x01, 0x00, 0x00, 0xea, 0x03, 0x00, 0x00,
  0x37, 0x02, 0x00, 0x00, 0xcc, 0x00, 0x00, 0x00, 0xce, 0x01, 0x00, 0x00,
  0x1a, 0x02, 0x00, 0x00, 0xe0, 0x05, 0x00, 0x00, 0x87, 0xff, 0xff, 0xff,
  0x3b, 0x00, 0x00, 0x00, 0x4a, 0xff, 0xff, 0xff, 0xca, 0xf0, 0xff, 0xff,
  0x04, 0x00, 0x00, 0x00, 0x20, 0x00, 0x00, 0x00, 0x50, 0x09, 0xff, 0xfa,
  0xf4, 0x11, 0x3d, 0xf6, 0xec, 0xe2, 0xfb, 0x09, 0xf6, 0xf2, 0x7f, 0x18,
  0xf5, 0x31, 0xc8, 0x22, 0xdb, 0xf8, 0x57, 0xf0, 0xeb, 0xe6, 0x06, 0x01,
  0x06, 0xf7, 0x5e, 0xc9, 0xf6, 0xf0, 0xff, 0xff, 0x04, 0x00, 0x00, 0x00,
  0x20, 0x00, 0x00, 0x00, 0x82, 0xac, 0xcf, 0xe7, 0xd4, 0xd6, 0xbe, 0xde,
  0xd4, 0xda, 0xd7, 0xe4, 0xd8, 0xb2, 0xc0, 0x80, 0xc8, 0xf2, 0xe1, 0xa6,
  0xe6, 0xbd, 0xda, 0xdc, 0xba, 0xbf, 0xdd, 0xb3, 0x9b, 0xd3, 0xc6, 0xe2,
  0x22, 0xf1, 0xff, 0xff, 0x04, 0x00, 0x00, 0x00, 0x00, 0x0c, 0x00, 0x00,
  0x2b, 0x47, 0x50, 0xff, 0xbc, 0xc7, 0x12, 0x0d, 0x88, 0xb2, 0xde, 0xad,
  0x5d, 0xe0, 0x2c, 0x3b, 0x31, 0x0f, 0x48, 0xf5, 0xc3, 0xd3, 0xc5, 0x2f,
  0xa7, 0x8b, 0x94, 0xcf, 0x10, 0x16, 0x06, 0xfb, 0x01, 0x23, 0x34, 0x98,
  0x06, 0x16, 0x7f, 0xdc, 0x13, 0xa2, 0x44, 0xba, 0x74, 0xe8, 0xbc, 0xd4,
  0xff, 0x54, 0x03, 0x48, 0x96, 0x00, 0xd9, 0x9c, 0xea, 0xb2, 0x17, 0x8f,
  0xfd, 0xf5, 0x96, 0xa9, 0x05, 0x51, 0x98, 0xb8, 0xc1, 0x5a, 0x63, 0xc1,
  0x96, 0x07, 0x55, 0x12, 0x6a, 0xf4, 0x14, 0x27, 0x95, 0xd1, 0xcf, 0xfd,
  0xc1, 0xbe, 0x54, 0xc2, 0x54, 0x78, 0x53, 0xf5, 0x1b, 0x31, 0x1d, 0xf6,
  0xdc, 0xbf, 0x40, 0xe6, 0x18, 0xd5, 0xcf, 0x24, 0x1c, 0x3f, 0x7d, 0x53,
  0xc7, 0x4c, 0x17, 0x17, 0xe0, 0xd5, 0xd6, 0xe9, 0x57, 0x02, 0xad, 0x44,
  0xd2, 0x2f, 0xde, 0x06, 0x11, 0xfb, 0x9a, 0x23, 0xe4, 0x32, 0x51, 0x5f,
  0xbb, 0x19, 0xc5, 0xbc, 0x03, 0x75, 0x0e, 0xfa, 0x4e, 0x22, 0xb2, 0x0b,
  0xdb, 0xa1, 0x3f, 0xba, 0xda, 0xb8, 0xfe, 0x0b, 0x97, 0x42, 0xf7, 0x10,
  0x47, 0xe9, 0xec, 0x44, 0x53, 0xbf, 0xc2, 0x7f, 0x6f, 0xc5, 0xa9, 0x10,
  0x34, 0xcf, 0xd4, 0x41, 0x8d, 0x1a, 0xcc, 0x2c, 0xb4, 0xaf, 0xde, 0x51,
  0x64, 0xdd, 0xed, 0x46, 0xef, 0xbc, 0x09, 0xf7, 0xa3, 0x5d, 0x55, 0x58,
  0x59, 0x89, 0x16, 0xcc, 0x61, 0x6a, 0x2a, 0x34, 0x14, 0x49, 0xf4, 0x34,
  0xb6, 0xc5, 0xa7, 0xdf, 0x0a, 0xe8, 0x01, 0x1b, 0x55, 0x77, 0xb4, 0xce,
  0xb2, 0x3f, 0xa3, 0xc9, 0xac, 0x21, 0x55, 0x6d, 0xcc, 0x3b, 0x57, 0x4a,
  0xc4, 0xf9, 0xa6, 0xdd, 0x54, 0xd2, 0x7f, 0xee, 0x19, 0x2a, 0xad, 0x55,
  0xae, 0xa6, 0xc4, 0x6b, 0xb4, 0xf8, 0x9c, 0x91, 0x8b, 0x53, 0x29, 0xe3,
  0xbb, 0x47, 0xfd, 0x46, 0x01, 0x2e, 0x9d, 0x5f, 0xc3, 0x0d, 0xcc, 0x41,
  0x41, 0xee, 0xaf, 0x4c, 0xb5, 0x6b, 0x46, 0xb1, 0xb6, 0xf0, 0x5f, 0xcd,
  0x0b, 0x07, 0x93, 0x27, 0x17, 0xbe, 0xcc, 0x07, 0x9a, 0x0e, 0xa2, 0xef,
  0x50, 0x06, 0x15, 0x14, 0xa9, 0x97, 0x28, 0xd4, 0x27, 0x33, 0xb8, 0xee,
  0x05, 0x1d, 0x3b, 0xc6, 0xe6, 0x5b, 0x47, 0xed, 0xe2, 0x2b, 0x4a, 0xe6,
  0xe3, 0xff, 0x27, 0xd1, 0x66, 0x16, 0xe8, 0xce, 0xb7, 0xe3, 0xaa, 0xc6,
  0x6f, 0x4b, 0x3e, 0x40, 0x21, 0x47, 0xc5, 0xc0, 0x3e, 0x0f, 0x00, 0x9c,
  0x52, 0xa2, 0x39, 0x29, 0xcf, 0x97, 0x27, 0x3e, 0x1b, 0xc8, 0x64, 0x69,
  0xb7, 0xb9, 0x34, 0xeb, 0xe2, 0x29, 0xb6, 0x19, 0xcb, 0x45, 0x22, 0xa9,
  0xf2, 0xc3, 0x00, 0xc7, 0xe3, 0xc7, 0x81, 0xa3, 0x1b, 0x0b, 0xda, 0x1a,
  0x4c, 0xc3, 0xee, 0x1f, 0x86, 0xc7, 0xa0, 0x97, 0xcb, 0x81, 0x96, 0x2d,
  0xa7, 0x45, 0xa2, 0x7f, 0x78, 0x59, 0xda, 0x0d, 0xdc, 0x33, 0x16, 0xd1,
  0xe9, 0xcd, 0x07, 0xf7, 0xa4, 0xa1, 0x20, 0x50, 0xed, 0x14, 0x05, 0xa1,
  0x00, 0xd6, 0x1e, 0x34, 0xd4, 0xdd, 0x4a, 0xc1, 0xe6, 0xd4, 0xc3, 0x08,
  0xde, 0x32, 0xf4, 0x16, 0x0b, 0x45, 0xe3, 0x24, 0x1b, 0xc0, 0x2e, 0xda,
  0xdf, 0x05, 0xd5, 0xec, 0xf7, 0xe1, 0xf3, 0x0a, 0x21, 0xbd, 0x38, 0xe7,
  0xc3, 0x24, 0xdf, 0x67, 0x32, 0xf2, 0xe0, 0xd2, 0x4f, 0xbf, 0xa8, 0xf9,
  0x9f, 0x40, 0x3d, 0x05, 0x93, 0xe3, 0x9f, 0x3c, 0xad, 0x10, 0x03, 0x63,
  0xca, 0xdb, 0x04, 0xad, 0xa7, 0xb8, 0xa4, 0x2a, 0x9c, 0xe7, 0xe5, 0xcc,
  0x01, 0xdb, 0x2c, 0xc0, 0x7f, 0x36, 0x97, 0xfc, 0xb0, 0xe5, 0xc4, 0xda,
  0x31, 0x47, 0x2f, 0x92, 0x04, 0x47, 0xfa, 0xbe, 0xed, 0xec, 0x21, 0xe1,
  0xab, 0xe8, 0xb5, 0xb9, 0xb7, 0xe6, 0xa7, 0x16, 0xb1, 0x2f, 0xb0, 0xcd,
  0x69, 0xc1, 0xe7, 0x2d, 0xe0, 0xc0, 0x1b, 0xfd, 0xe0, 0xa0, 0x0a, 0xa7,
  0x92, 0xe0, 0x04, 0x54, 0x35, 0x04, 0xde, 0xb6, 0xc1, 0x09, 0xb6, 0xe6,
  0x55, 0xc1, 0xcc, 0xc0, 0x45, 0xb9, 0x4e, 0x0e, 0x49, 0xd5, 0xd7, 0xee,
  0xc9, 0x26, 0x34, 0x3a, 0x00, 0xea, 0x97, 0x9f, 0xc6, 0x9f, 0x43, 0x0a,
  0x43, 0x69, 0xc5, 0xef, 0xd2, 0x0c, 0xa0, 0x14, 0xd1, 0x45, 0x23, 0x2a,
  0x9a, 0xbc, 0x09, 0xf1, 0x57, 0xa3, 0xc9, 0x02, 0xc0, 0xc4, 0x8d, 0xdd,
  0x05, 0xf7, 0xf7, 0x53, 0x24, 0xc2, 0x71, 0x14, 0x10, 0xc0, 0xa0, 0xfd,
  0x7f, 0xcb, 0xa8, 0x65, 0xb6, 0x04, 0xcb, 0xdf, 0xe1, 0x6e, 0x92, 0xcf,
  0x87, 0xd2, 0xca, 0x04, 0x7b, 0xff, 0x21, 0xa9, 0x16, 0xae, 0x3a, 0x91,
  0x9d, 0x63, 0x35, 0xb1, 0xfd, 0x23, 0xc7, 0x5a, 0xae, 0x4a, 0x1b, 0x96,
  0x45, 0xc6, 0x79, 0x05, 0x1e, 0xe0, 0x10, 0x98, 0x53, 0xba, 0xf5, 0xa0,
  0x99, 0xcd, 0xea, 0x18, 0x8e, 0x3a, 0xf8, 0x68, 0xf6, 0xce, 0x4b, 0xae,
  0x66, 0xa4, 0x40, 0xb8, 0x19, 0xe7, 0x6d, 0x10, 0x9f, 0x53, 0xaf, 0x32,
  0x37, 0xaa, 0xd7, 0x4a, 0xe7, 0xfe, 0xbb, 0x24, 0x4d, 0xa5, 0x54, 0x94,
  0x3e, 0xd2, 0xc1, 0xea, 0x81, 0x81, 0xd5, 0x86, 0x86, 0x9d, 0xc4, 0x41,
  0x61, 0xde, 0x84, 0xe3, 0x5c, 0xc4, 0x84, 0x48, 0xee, 0xed, 0xbe, 0xa0,
  0x1d, 0xf1, 0xf8, 0x2c, 0xf2, 0x0e, 0x4e, 0x8b, 0x4f, 0xab, 0x91, 0x04,
  0x28, 0x66, 0xf1, 0x1f, 0x06, 0xe7, 0x3f, 0x25, 0xf1, 0xc5, 0x3b, 0xf6,
  0x9a, 0x40, 0x6c, 0x36, 0x66, 0x8b, 0xbb, 0x1a, 0xc6, 0xc1, 0xfb, 0xfe,
  0x57, 0x2b, 0x97, 0x32, 0xe9, 0xfb, 0x0a, 0x17, 0x08, 0x6b, 0xe0, 0xcd,
  0xb5, 0xfa, 0x37, 0xb0, 0x67, 0xd7, 0x1f, 0xd5, 0xa8, 0xa9, 0xf4, 0xfb,
  0xb9, 0x13, 0x95, 0x48, 0xe9, 0x1d, 0x3c, 0xdc, 0x11, 0x06, 0x41, 0x7f,
  0x09, 0xc7, 0x2f, 0x9f, 0x22, 0xe4, 0x41, 0x3d, 0x49, 0x3f, 0x20, 0xf1,
  0x18, 0x56, 0xc1, 0xc9, 0x52, 0x28, 0x22, 0xb9, 0x59, 0xb4, 0xfe, 0x0e,
  0xc9, 0x0b, 0x2c, 0x6a, 0x05, 0x41, 0x72, 0x43, 0x9d, 0x23, 0xee, 0x0b,
  0xee, 0x1f, 0xb1, 0xed, 0xe8, 0xd3, 0x41, 0x9e, 0x31, 0xb8, 0x40, 0x2e,
  0xb5, 0xcd, 0xe2, 0xfc, 0x17, 0x1f, 0xf0, 0xf4, 0x14, 0x01, 0x9f, 0x18,
  0xbe, 0x43, 0xc3, 0xe4, 0xa4, 0x4a, 0x9a, 0x1b, 0xc1, 0xdc, 0xc4, 0x14,
  0x76, 0x41, 0x11, 0xe1, 0x21, 0xc1, 0xb3, 0x14, 0x9b, 0xb2, 0x1d, 0x30,
  0xe0, 0xf8, 0x9a, 0x1c, 0x1f, 0x46, 0x2f, 0x33, 0xc6, 0x5c, 0xf0, 0x70,
  0x2d, 0xd1, 0xcf, 0xb8, 0xea, 0xe2, 0xd8, 0xbd, 0x1d, 0x40, 0xac, 0xbb,
  0x3e, 0x31, 0x32, 0x1d, 0x06, 0xd3, 0x07, 0x4a, 0x2d, 0x2f, 0x9c, 0x37,
  0x60, 0xce, 0x2e, 0x02, 0x0a, 0x42, 0x3a, 0x03, 0xde, 0x41, 0x40, 0xc3,
  0xba, 0xb5, 0xd7, 0xee, 0xfb, 0x03, 0xe4, 0xb9, 0x39, 0xb3, 0x18, 0xfd,
  0xad, 0x12, 0xff, 0x48, 0x00, 0xdf, 0x33, 0xbb, 0x41, 0x30, 0x2d, 0xf3,
  0xf8, 0xb4, 0x32, 0x3e, 0xf2, 0xc7, 0xaf, 0xd1, 0xe6, 0x4e, 0x2b, 0x48,
  0x7f, 0x01, 0x55, 0x0c, 0x42, 0xc2, 0xf9, 0xd2, 0xda, 0xde, 0x47, 0xf7,
  0x71, 0xf3, 0x55, 0x24, 0xd9, 0xef, 0x13, 0x38, 0x46, 0x6a, 0x86, 0x20,
  0x40, 0x73, 0x2d, 0xae, 0x3b, 0x38, 0x3d, 0xf2, 0x87, 0x27, 0xfc, 0xfe,
  0xfa, 0x7f, 0xe4, 0x3f, 0xe8, 0x7f, 0x78, 0xe7, 0x04, 0xc0, 0xa3, 0x35,
  0x86, 0x36, 0x1f, 0x8d, 0xc8, 0xbd, 0x5d, 0xbf, 0x51, 0xd0, 0x2f, 0x36,
  0x38, 0x0e, 0x86, 0x78, 0x81, 0xcc, 0xb0, 0xfe, 0xc9, 0xfd, 0x9c, 0xbd,
  0xe9, 0xb9, 0x89, 0x54, 0xb8, 0xfd, 0xdf, 0x11, 0x01, 0x75, 0xeb, 0xea,
  0x95, 0xa0, 0x5e, 0x9b, 0x9d, 0x18, 0xfc, 0xad, 0x15, 0x91, 0xe8, 0x32,
  0x5d, 0x4a, 0xf9, 0xed, 0x0a, 0xa3, 0xcc, 0x5f, 0x79, 0x91, 0x3c, 0x4c,
  0x28, 0x46, 0x5e, 0xeb, 0xe7, 0x22, 0x9e, 0xef, 0xf6, 0xfb, 0xe0, 0x10,
  0xc8, 0x2f, 0xab, 0x2c, 0xb4, 0x3a, 0xb9, 0xc5, 0x04, 0x26, 0x62, 0xf1,
  0xc7, 0xaa, 0xc2, 0x10, 0x66, 0x70, 0x6c, 0x68, 0x0a, 0x1f, 0x62, 0xd9,
  0xeb, 0xc7, 0x1d, 0x3d, 0x99, 0x07, 0xab, 0xd1, 0xf5, 0xbb, 0x13, 0x00,
  0x3d, 0xe6, 0xb8, 0xc5, 0x13, 0xf0, 0xff, 0xa0, 0x64, 0xa8, 0x02, 0xea,
  0x2e, 0xb7, 0xc9, 0x9f, 0x68, 0x94, 0x25, 0x37, 0x7f, 0x42, 0x43, 0x4f,
  0x30, 0x59, 0xbc, 0x62, 0xa1, 0xae, 0xcd, 0xab, 0x3f, 0xa6, 0x47, 0x45,
  0xea, 0x6e, 0x12, 0x0f, 0xb5, 0xb2, 0xe3, 0xe1, 0xc4, 0xf6, 0xc6, 0x25,
  0xee, 0x2e, 0xfc, 0x4e, 0xd1, 0xdd, 0xd9, 0x6d, 0x38, 0x6b, 0x2c, 0x5b,
  0x30, 0xd2, 0x38, 0xd8, 0xda, 0x14, 0xd4, 0xcc, 0x35, 0xbe, 0xb1, 0xf4,
  0xc2, 0xa2, 0x2b, 0x9b, 0xe3, 0xab, 0xa9, 0x69, 0xc2, 0xb8, 0xf4, 0xf5,
  0x4d, 0x17, 0x23, 0x42, 0x0b, 0xe1, 0x29, 0xc9, 0x1c, 0x52, 0x12, 0x0f,
  0xf2, 0x31, 0x3b, 0xf6, 0xeb, 0xd5, 0xa9, 0x05, 0xf7, 0x45, 0xc4, 0xf4,
  0xa8, 0x20, 0xb1, 0x72, 0x45, 0x12, 0x48, 0xe3, 0x7f, 0xd1, 0x2e, 0x1e,
  0xae, 0xf7, 0x79, 0x27, 0xfe, 0x59, 0x98, 0xb1, 0x05, 0xf0, 0x33, 0xcc,
  0x6f, 0x35, 0x46, 0x04, 0xd3, 0xd6, 0x39, 0x52, 0xce, 0x4c, 0x47, 0xbc,
  0xab, 0x91, 0xdf, 0x11, 0xef, 0xab, 0xb8, 0x0f, 0xde, 0x42, 0xf8, 0xa1,
  0x6d, 0x34, 0x14, 0x32, 0x33, 0x15, 0x02, 0xbf, 0x41, 0xb6, 0x1c, 0xe1,
  0xc0, 0x01, 0x5d, 0x5c, 0x0f, 0xba, 0x06, 0xd3, 0x64, 0xcf, 0xc3, 0xad,
  0xb6, 0x55, 0x1e, 0x02, 0x33, 0x2f, 0x90, 0x3f, 0xb6, 0xef, 0xd3, 0xe7,
  0xf8, 0xde, 0xf1, 0x53, 0x91, 0x53, 0xe1, 0x3f, 0x1f, 0xc3, 0x27, 0x20,
  0xb2, 0xfa, 0xd5, 0x0f, 0x81, 0x16, 0x34, 0x9f, 0x26, 0x5a, 0x21, 0x0a,
  0xf1, 0x3e, 0xdf, 0x03, 0x07, 0xc5, 0xf7, 0x5a, 0x42, 0x0b, 0x8c, 0x46,
  0x29, 0x4a, 0xe7, 0x2c, 0x23, 0xc1, 0xee, 0xf8, 0x5c, 0xa9, 0xf5, 0xbe,
  0xff, 0x48, 0xf4, 0x31, 0xc4, 0x22, 0x2c, 0xfc, 0xc1, 0x24, 0x4f, 0x3c,
  0x4c, 0x25, 0x19, 0x4b, 0x67, 0x34, 0x46, 0xdd, 0x25, 0x97, 0x47, 0x06,
  0x29, 0x43, 0xe0, 0xef, 0x9d, 0x09, 0x59, 0xc3, 0x5b, 0x2a, 0xcc, 0x27,
  0x04, 0x31, 0x30, 0x2c, 0xee, 0x05, 0xac, 0xdb, 0x65, 0x43, 0xa9, 0xb4,
  0x1d, 0xda, 0x13, 0x66, 0xc7, 0x3d, 0xdf, 0xea, 0xbe, 0xec, 0x91, 0x8f,
  0xa1, 0xd7, 0x69, 0x4f, 0xf6, 0xfb, 0xdf, 0x58, 0x97, 0xbf, 0x3a, 0xd5,
  0x2e, 0x3e, 0x32, 0xf2, 0x27, 0xae, 0x5b, 0xe0, 0x9f, 0x5d, 0x4d, 0x98,
  0xc4, 0xd5, 0x07, 0x8a, 0x5d, 0x96, 0xaa, 0xca, 0x03, 0x3d, 0x81, 0xd0,
  0x20, 0x52, 0x8c, 0x68, 0x4d, 0x5b, 0x24, 0x3f, 0xdb, 0x9f, 0x21, 0x0c,
  0xa2, 0x57, 0x3b, 0xe1, 0xc1, 0x68, 0x19, 0xd5, 0x2e, 0x05, 0x0f, 0x24,
  0xaf, 0x9e, 0xe6, 0xdc, 0xb6, 0xc2, 0xff, 0xc9, 0x18, 0xbc, 0x12, 0xa9,
  0xc5, 0xd7, 0xb4, 0x7f, 0xbb, 0xec, 0x30, 0x64, 0xe5, 0xfe, 0x43, 0x61,
  0x0a, 0x4b, 0x6b, 0x53, 0x27, 0xe5, 0xc2, 0xe2, 0xe1, 0x2c, 0xc8, 0x27,
  0xa6, 0x37, 0x07, 0x01, 0x06, 0xc4, 0x1d, 0xf3, 0x58, 0xa6, 0xb9, 0xb4,
  0xf5, 0x70, 0xbf, 0x23, 0xb2, 0x46, 0xe6, 0xca, 0x9d, 0x00, 0x4a, 0x2f,
  0x7e, 0x27, 0x4f, 0x90, 0xba, 0xf0, 0x2d, 0x54, 0x5b, 0xb4, 0xba, 0x57,
  0xf3, 0x6c, 0xf2, 0x45, 0xf5, 0xc4, 0xb4, 0x8a, 0x4e, 0x96, 0x51, 0x61,
  0x41, 0x68, 0xbf, 0x08, 0xaa, 0x25, 0x03, 0x95, 0x12, 0xae, 0x45, 0xf3,
  0x4b, 0x58, 0x96, 0x46, 0xb5, 0xf3, 0xb0, 0x81, 0x2d, 0xa2, 0x5f, 0xf2,
  0x8e, 0x04, 0x29, 0xcc, 0x3b, 0x31, 0x95, 0x8e, 0x3f, 0x1c, 0xe7, 0x4c,
  0xbe, 0xdb, 0x33, 0x5e, 0x5b, 0x1c, 0x37, 0x5b, 0x00, 0x01, 0xc4, 0xcd,
  0x61, 0xe0, 0xc0, 0x3d, 0x9a, 0xd0, 0xb7, 0x15, 0xa8, 0xa9, 0x4b, 0x6e,
  0x82, 0x6b, 0xe8, 0x1f, 0x58, 0x8c, 0xe3, 0x33, 0xdc, 0xef, 0x88, 0x98,
  0x2c, 0xb7, 0x28, 0x2c, 0xd7, 0x5e, 0x66, 0x8b, 0xe6, 0xa1, 0x70, 0x2e,
  0x03, 0x10, 0x62, 0x86, 0x34, 0xb5, 0x3b, 0xe3, 0xf4, 0xc9, 0xfe, 0x31,
  0xbd, 0x9c, 0x53, 0x81, 0x48, 0x65, 0x27, 0xfb, 0x43, 0xbb, 0xd9, 0x06,
  0x22, 0x2a, 0x47, 0xef, 0x5e, 0xe0, 0xec, 0x58, 0x56, 0x06, 0xac, 0x02,
  0x1e, 0xc1, 0x9c, 0xe7, 0xd4, 0x47, 0x0a, 0x27, 0xbe, 0x7f, 0xf2, 0x06,
  0x34, 0x4d, 0x23, 0x86, 0xb0, 0xa7, 0xe5, 0x9a, 0xff, 0xa8, 0x6d, 0xf7,
  0xf2, 0xe6, 0x2d, 0x43, 0x02, 0x16, 0x55, 0x97, 0xcd, 0x3f, 0xa6, 0x84,
  0x11, 0xf4, 0x84, 0xb0, 0x72, 0x9f, 0x48, 0x94, 0x85, 0xe5, 0x13, 0x08,
  0x6b, 0xa0, 0x35, 0xa9, 0xdf, 0xf7, 0xf8, 0xa3, 0xc0, 0x4c, 0x5d, 0x24,
  0xcf, 0xc7, 0x1e, 0xe9, 0x09, 0x02, 0xec, 0x1c, 0xde, 0xa6, 0x4c, 0xf9,
  0x1c, 0x37, 0x32, 0xa2, 0xea, 0xf3, 0x1d, 0x91, 0xa7, 0x4f, 0x4e, 0x4a,
  0xef, 0xaf, 0x0e, 0x08, 0x29, 0x42, 0x07, 0x12, 0x0f, 0xd3, 0xe2, 0x4d,
  0x13, 0x00, 0x26, 0xf2, 0x56, 0x55, 0xd6, 0x9e, 0xf7, 0xab, 0x81, 0x19,
  0x50, 0x3e, 0xe2, 0x15, 0xa2, 0x37, 0xe0, 0x57, 0xad, 0x36, 0x37, 0xcc,
  0x98, 0xb5, 0x9c, 0xf0, 0xcc, 0xe2, 0xf6, 0xa6, 0x27, 0xe0, 0xec, 0xeb,
  0xa6, 0x1e, 0xbc, 0xb3, 0x10, 0xfe, 0x5f, 0xdf, 0x5c, 0x0f, 0xe5, 0x3a,
  0x3e, 0xa1, 0xdb, 0xb6, 0xa1, 0xc3, 0xd0, 0xb4, 0x62, 0x57, 0x65, 0x49,
  0xc9, 0x2b, 0x20, 0xfc, 0x0c, 0xd6, 0x56, 0xfa, 0xf1, 0xc4, 0x43, 0x06,
  0xb1, 0x35, 0xef, 0xf4, 0xd8, 0xce, 0xca, 0x95, 0xe3, 0x3a, 0x8a, 0x1d,
  0xfb, 0xae, 0xa1, 0xfa, 0x99, 0x4c, 0xa0, 0xae, 0xe8, 0xf5, 0x02, 0x17,
  0x65, 0x04, 0xb4, 0x66, 0x96, 0x5c, 0x63, 0xd1, 0xfb, 0xee, 0xea, 0x0f,
  0x4c, 0xb3, 0x1b, 0x3e, 0x6e, 0x5a, 0x59, 0x66, 0x6d, 0xaf, 0x4e, 0x58,
  0x97, 0x29, 0x01, 0xbb, 0xd1, 0xbd, 0x5f, 0x89, 0xb6, 0xf7, 0xb6, 0x06,
  0x55, 0x26, 0x9a, 0xbf, 0x63, 0x3a, 0x4c, 0x93, 0xf4, 0x40, 0xb1, 0xb8,
  0xda, 0x81, 0xa5, 0xee, 0xde, 0xd9, 0x10, 0xa2, 0x29, 0xa9, 0x20, 0x19,
  0x48, 0x00, 0x1b, 0x3b, 0x20, 0xe8, 0xbc, 0x03, 0x31, 0x28, 0xdc, 0xbb,
  0x25, 0xa5, 0xea, 0x48, 0x4e, 0x2a, 0xf5, 0xd1, 0x18, 0xe5, 0xfa, 0x9b,
  0xae, 0x52, 0x0a, 0x02, 0x2b, 0xd7, 0x1e, 0x1d, 0x9d, 0x2e, 0x99, 0x07,
  0xf1, 0xb6, 0x21, 0x2b, 0x24, 0x13, 0x0f, 0x3b, 0x49, 0x28, 0xf4, 0x81,
  0xb3, 0x14, 0xfa, 0x0e, 0xad, 0x61, 0x1b, 0xd2, 0x65, 0xb1, 0x11, 0xf5,
  0x45, 0x1a, 0x48, 0x05, 0xc8, 0x06, 0x9c, 0xbc, 0xf4, 0x9c, 0x17, 0xd8,
  0x24, 0xb8, 0x4d, 0xfe, 0xdf, 0xf1, 0xfa, 0xea, 0x93, 0xc0, 0xa1, 0xdb,
  0xe1, 0x2a, 0x09, 0x3e, 0xa4, 0xf2, 0x0c, 0x3c, 0x2c, 0x46, 0xb2, 0xf9,
  0xe1, 0x81, 0x9e, 0xe8, 0x91, 0x55, 0xe6, 0xcd, 0x45, 0xd1, 0x3a, 0xce,
  0x0c, 0xd3, 0xca, 0x99, 0x38, 0x60, 0x97, 0x69, 0x50, 0xa0, 0x38, 0xe3,
  0xe5, 0xa4, 0x47, 0xe5, 0xa5, 0x1f, 0x2e, 0x29, 0xc7, 0x28, 0xeb, 0x0e,
  0xc1, 0x0d, 0xd7, 0xda, 0x11, 0x63, 0x5d, 0x9b, 0x4a, 0x2b, 0x76, 0x0f,
  0x22, 0x0d, 0xb4, 0x98, 0x1e, 0x75, 0x03, 0xd9, 0xae, 0x2e, 0x47, 0x1b,
  0x1c, 0x14, 0xca, 0x1e, 0x24, 0x49, 0x7e, 0x1b, 0xae, 0xb5, 0x9d, 0x0a,
  0x25, 0xe4, 0xeb, 0x32, 0x4d, 0x14, 0x0b, 0xdb, 0x8d, 0xc7, 0xc4, 0x25,
  0xfb, 0xa1, 0x1c, 0xa1, 0x07, 0x08, 0x33, 0x9d, 0x5e, 0xee, 0xd7, 0xf0,
  0x67, 0x6e, 0x25, 0x5b, 0x3e, 0xf1, 0x39, 0xfd, 0x6b, 0x9c, 0x94, 0xed,
  0x48, 0x27, 0x43, 0xe7, 0xe6, 0x4e, 0xf1, 0xd5, 0xd4, 0x2e, 0x55, 0x7f,
  0x59, 0x75, 0xb7, 0x1a, 0x40, 0xee, 0xdf, 0x2d, 0xb5, 0x88, 0x36, 0x8d,
  0x2a, 0x07, 0x2a, 0x13, 0xc6, 0x04, 0x15, 0x2d, 0xc8, 0x41, 0x0e, 0x05,
  0x04, 0x2e, 0xc9, 0x19, 0x37, 0xb7, 0x71, 0xc4, 0x90, 0x1e, 0x9a, 0xca,
  0x9e, 0xb9, 0x65, 0x0e, 0x25, 0x55, 0x30, 0xd8, 0x07, 0x0f, 0xf4, 0x42,
  0xab, 0xda, 0xcf, 0x2d, 0x40, 0xcf, 0xba, 0x40, 0x07, 0x73, 0x84, 0x55,
  0xc9, 0xdd, 0x96, 0xdd, 0xfc, 0xf3, 0xb4, 0x1f, 0x33, 0xcf, 0xfc, 0x0b,
  0xf0, 0xbc, 0x9f, 0x6e, 0x0c, 0x59, 0x11, 0x55, 0x07, 0xe8, 0xf7, 0x1f,
  0xaa, 0xb9, 0xc0, 0x33, 0xf4, 0x1f, 0xbe, 0xbd, 0xed, 0x75, 0x2f, 0xe1,
  0xf6, 0x5b, 0x1f, 0xd9, 0xa5, 0x03, 0xf1, 0x0f, 0xfc, 0x4f, 0xa4, 0x4b,
  0x51, 0xaa, 0xc6, 0x32, 0xd7, 0x24, 0x6f, 0xc7, 0xd9, 0xd8, 0xf7, 0x28,
  0xbc, 0xcb, 0x6c, 0xdb, 0x7f, 0xed, 0xfc, 0xaf, 0x01, 0xaa, 0xe7, 0x46,
  0xba, 0xc4, 0xbb, 0x05, 0xd1, 0xbf, 0x36, 0x75, 0x56, 0xb0, 0x1b, 0x77,
  0xed, 0x20, 0xc8, 0x6e, 0x11, 0x37, 0x2a, 0xb6, 0x15, 0x18, 0xd4, 0x72,
  0xe0, 0xc5, 0xe7, 0xcb, 0x28, 0x2a, 0xdd, 0x18, 0x60, 0xef, 0xab, 0xfe,
  0xfe, 0x35, 0x0b, 0xeb, 0xb5, 0x5f, 0x10, 0x70, 0xa2, 0x0f, 0xa7, 0xb9,
  0xfd, 0xca, 0x0e, 0x97, 0x10, 0x2b, 0x25, 0xe7, 0xb5, 0x9e, 0xa9, 0xae,
  0xce, 0xf7, 0x40, 0xee, 0xac, 0x38, 0x3b, 0xee, 0x02, 0x51, 0x3e, 0x28,
  0x4f, 0x10, 0x27, 0xf8, 0x18, 0x17, 0xbc, 0x90, 0x4b, 0x23, 0x61, 0xba,
  0x61, 0x26, 0x9c, 0x63, 0x32, 0x51, 0x3c, 0x1e, 0x01, 0x33, 0x30, 0xe1,
  0xb7, 0xb0, 0x7e, 0x4e, 0xaf, 0xad, 0xe9, 0x34, 0xd0, 0xb5, 0xba, 0xc9,
  0xbf, 0x0b, 0xcd, 0x01, 0x13, 0xd7, 0xf5, 0x79, 0xfd, 0x2d, 0x5a, 0xae,
  0x3b, 0xee, 0xb9, 0x5c, 0xdc, 0xff, 0xe7, 0xf5, 0x22, 0xf6, 0x81, 0xaf,
  0xb2, 0x8a, 0xf0, 0x46, 0x22, 0x50, 0x37, 0x08, 0xb6, 0x4b, 0x20, 0x49,
  0xf8, 0xc2, 0x56, 0x35, 0x54, 0xe6, 0x39, 0x4b, 0x09, 0xec, 0x93, 0x40,
  0x9e, 0x0c, 0xd2, 0x68, 0x3f, 0x96, 0x22, 0xd4, 0xc5, 0x8f, 0xe5, 0xad,
  0x11, 0xbc, 0xd7, 0x58, 0x40, 0xcf, 0x6d, 0xab, 0xb4, 0x0c, 0xca, 0x36,
  0x2c, 0x5c, 0x81, 0x26, 0x5a, 0x66, 0x43, 0xfa, 0xcd, 0x29, 0xf7, 0x94,
  0x57, 0x64, 0x25, 0x5b, 0x70, 0xde, 0x11, 0xcb, 0x9b, 0x95, 0x53, 0x6f,
  0xa1, 0xed, 0x1b, 0xbf, 0xa4, 0x23, 0x62, 0x15, 0xf4, 0x03, 0x97, 0x16,
  0xff, 0xd3, 0x64, 0xca, 0x16, 0xb3, 0x9a, 0xa6, 0xac, 0xdf, 0x99, 0x4c,
  0x9c, 0x25, 0xb9, 0x3b, 0xf3, 0x29, 0xce, 0x50, 0xb3, 0x67, 0x28, 0x14,
  0x29, 0xe8, 0x98, 0xf1, 0x60, 0x2e, 0xdc, 0x2e, 0xc3, 0x28, 0x8f, 0x61,
  0x2e, 0xf1, 0xc6, 0x11, 0xa8, 0x21, 0xc2, 0x09, 0x9d, 0xd0, 0x42, 0x02,
  0x7f, 0xd4, 0xc9, 0x3c, 0xb8, 0x31, 0x56, 0x71, 0x55, 0xb6, 0x04, 0xce,
  0xd9, 0xc3, 0x4e, 0x99, 0xf0, 0x76, 0x3b, 0xf1, 0xd4, 0x50, 0xd7, 0x93,
  0xa1, 0xc1, 0xa5, 0x0b, 0x15, 0xf4, 0xb6, 0x4b, 0x45, 0xd0, 0xeb, 0x24,
  0xc9, 0x49, 0x19, 0x59, 0xc9, 0x17, 0xba, 0x46, 0xee, 0xdc, 0xac, 0x61,
  0x31, 0xd5, 0xa7, 0x23, 0xfa, 0xd1, 0xbb, 0xc0, 0xed, 0xcd, 0x4d, 0x09,
  0x8c, 0xe0, 0x9d, 0xab, 0x54, 0xae, 0xb9, 0xf7, 0xbd, 0x0c, 0xa0, 0x3b,
  0x20, 0x2a, 0xbb, 0x8b, 0xa0, 0xcd, 0x42, 0xd3, 0xd5, 0xd6, 0x7f, 0xbe,
  0x1b, 0x2a, 0xa6, 0x27, 0xeb, 0x95, 0x57, 0xc7, 0x61, 0xf4, 0xe5, 0xc1,
  0xa3, 0xaf, 0x1c, 0x9b, 0xf1, 0x4e, 0x3f, 0x57, 0xa3, 0xc5, 0x51, 0x2c,
  0xc3, 0xdc, 0x0f, 0xcd, 0xdb, 0xe8, 0x3f, 0xc3, 0xd1, 0x63, 0xa9, 0x00,
  0x48, 0xc0, 0x24, 0x59, 0x09, 0x44, 0x44, 0x0b, 0x9b, 0x1b, 0x3b, 0x09,
  0x1c, 0xe1, 0xdf, 0xd1, 0xbe, 0xe6, 0x9b, 0xf7, 0x27, 0x61, 0xe5, 0x23,
  0xc9, 0xcc, 0xe6, 0x73, 0xe6, 0xb8, 0x95, 0xf5, 0xd1, 0xfc, 0x0e, 0x04,
  0x6a, 0xaa, 0x30, 0xad, 0xb6, 0x45, 0xfc, 0x26, 0xca, 0xf8, 0x3f, 0xe7,
  0xd9, 0x13, 0x82, 0xc4, 0x25, 0xaf, 0x9c, 0xdf, 0xb5, 0x95, 0xc6, 0xf7,
  0xfe, 0x10, 0x37, 0xbf, 0x61, 0x33, 0x52, 0x9c, 0x41, 0x02, 0x1c, 0x55,
  0x06, 0xef, 0xee, 0xc0, 0x11, 0xb3, 0x2d, 0x4c, 0xc1, 0xcf, 0x6e, 0x4a,
  0xf4, 0x3c, 0x88, 0x19, 0x96, 0x24, 0xf4, 0x32, 0x81, 0xc1, 0xee, 0xd7,
  0x14, 0x4b, 0xa4, 0x63, 0x2c, 0xa5, 0x41, 0x4b, 0x49, 0x57, 0x55, 0x8d,
  0x31, 0x4c, 0xdf, 0xe9, 0x3c, 0x32, 0x98, 0xdf, 0xc1, 0x41, 0x45, 0x60,
  0x1c, 0xcb, 0xe0, 0x23, 0x06, 0xd5, 0xa7, 0x6c, 0x42, 0xf2, 0x3b, 0x9f,
  0xb1, 0xf1, 0xf8, 0xe6, 0xe0, 0x31, 0xf5, 0x1a, 0x3f, 0xde, 0xe8, 0x55,
  0xd3, 0xe1, 0x00, 0x17, 0x41, 0x28, 0xf2, 0x00, 0x38, 0x2f, 0xe8, 0xf7,
  0x91, 0xf6, 0xe3, 0x91, 0x0a, 0x30, 0xd5, 0x49, 0xd7, 0x08, 0x43, 0x34,
  0xe2, 0xac, 0x48, 0x4e, 0xd5, 0xd8, 0xd7, 0xbe, 0xfc, 0xc6, 0x7f, 0xc8,
  0x0b, 0x38, 0xf1, 0x84, 0x18, 0xf2, 0x57, 0xb8, 0xe8, 0xe9, 0xf2, 0xfb,
  0x49, 0xac, 0x3e, 0xd8, 0x2a, 0x1c, 0x3a, 0xb4, 0x32, 0x66, 0x25, 0x5b,
  0x31, 0x82, 0x4f, 0xb7, 0x15, 0xfa, 0xc6, 0x52, 0x09, 0x24, 0xd9, 0xe2,
  0x1b, 0x0f, 0xd5, 0x6b, 0xe5, 0xd5, 0x54, 0xa3, 0x06, 0x40, 0xcd, 0x48,
  0x35, 0x4a, 0x96, 0x7c, 0x20, 0x57, 0x1b, 0x09, 0xe8, 0x47, 0xd0, 0xeb,
  0x29, 0xa2, 0xbd, 0x07, 0x54, 0x2a, 0xe1, 0x04, 0x68, 0x0f, 0xdd, 0xbb,
  0xa5, 0xad, 0xbf, 0x5a, 0xdf, 0xb3, 0xef, 0xa6, 0x90, 0x9d, 0x2a, 0xc3,
  0x06, 0xde, 0x66, 0x6a, 0xe4, 0x44, 0x70, 0x59, 0x81, 0x6c, 0x43, 0xcc,
  0x36, 0xf5, 0xaf, 0xf7, 0x0c, 0xee, 0xbc, 0x1e, 0x15, 0xd6, 0x0e, 0x4f,
  0xe6, 0x1f, 0xc9, 0x6d, 0xc5, 0xcd, 0xde, 0x79, 0x68, 0x51, 0xe7, 0xf2,
  0x85, 0x53, 0x79, 0x23, 0xb0, 0xbc, 0xe6, 0x3c, 0x66, 0xcc, 0xd0, 0x32,
  0x1f, 0xea, 0x23, 0x2a, 0x1a, 0x33, 0x34, 0x4f, 0x57, 0x50, 0x07, 0xe2,
  0xaf, 0xb8, 0x55, 0xfa, 0x02, 0x28, 0xf7, 0x74, 0xcc, 0x86, 0x01, 0xbe,
  0x5f, 0xb4, 0xee, 0xbb, 0xe1, 0x90, 0x8a, 0xc7, 0x4b, 0x8a, 0x81, 0x63,
  0xa7, 0x1b, 0xef, 0xc6, 0xe6, 0xe7, 0x28, 0x5a, 0xc4, 0x55, 0x02, 0xd8,
  0xa0, 0xfb, 0xa6, 0x4b, 0x1e, 0xf0, 0xbf, 0x62, 0xb7, 0x4d, 0x90, 0x3a,
  0x15, 0x16, 0xea, 0x53, 0x1a, 0x2c, 0xee, 0x53, 0x34, 0x20, 0x5f, 0xfb,
  0xbb, 0xb6, 0x0f, 0x88, 0x5c, 0x30, 0x1e, 0x6e, 0xe8, 0x38, 0x38, 0xb0,
  0x00, 0x43, 0xa1, 0x13, 0x33, 0x50, 0x1e, 0xd1, 0x26, 0x9f, 0x94, 0xfb,
  0x19, 0xc3, 0xb1, 0x46, 0x0c, 0xaf, 0x35, 0x6e, 0xe5, 0x03, 0xca, 0x3a,
  0x2e, 0xfd, 0xff, 0xff, 0x04, 0x00, 0x00, 0x00, 0x80, 0x00, 0x00, 0x00,
  0xbe, 0xff, 0xff, 0xff, 0x95, 0xf9, 0xff, 0xff, 0xba, 0xf7, 0xff, 0xff,
  0xb1, 0x07, 0x00, 0x00, 0xe7, 0xfc, 0xff, 0xff, 0x8d, 0xfa, 0xff, 0xff,
  0xa1, 0x09, 0x00, 0x00, 0x94, 0x07, 0x00, 0x00, 0x2e, 0xf9, 0xff, 0xff,
  0xcd, 0xf9, 0xff, 0xff, 0xb8, 0x09, 0x00, 0x00, 0x76, 0xfe, 0xff, 0xff,
  0x18, 0xfa, 0xff, 0xff, 0xf9, 0x08, 0x00, 0x00, 0x60, 0x04, 0x00, 0x00,
  0x98, 0xf9, 0xff, 0xff, 0xbf, 0x08, 0x00, 0x00, 0x14, 0x09, 0x00, 0x00,
  0x35, 0x08, 0x00, 0x00, 0x86, 0x07, 0x00, 0x00, 0x75, 0x08, 0x00, 0x00,
  0x3d, 0x0a, 0x00, 0x00, 0x2d, 0x08, 0x00, 0x00, 0xd5, 0xf9, 0xff, 0xff,
  0x4b, 0x09, 0x00, 0x00, 0xdc, 0x03, 0x00, 0x00, 0xef, 0xf9, 0xff, 0xff,
  0xe1, 0xff, 0xff, 0xff, 0xcf, 0x07, 0x00, 0x00, 0xc4, 0x07, 0x00, 0x00,
  0xfd, 0xf8, 0xff, 0xff, 0xa2, 0x06, 0x00, 0x00, 0xba, 0xfd, 0xff, 0xff,
  0x04, 0x00, 0x00, 0x00, 0x20, 0x00, 0x00, 0x00, 0xf4, 0xcd, 0xdc, 0x4a,
  0xd2, 0xd8, 0x7a, 0x56, 0xdd, 0xcb, 0x7f, 0x25, 0xc6, 0x60, 0x34, 0xdc,
  0x46, 0x3e, 0x62, 0x7f, 0x77, 0x5b, 0x55, 0xc4, 0x3a, 0x36, 0xc2, 0x43,
  0x3e, 0x6e, 0xcc, 0x5f, 0xe6, 0xfd, 0xff, 0xff, 0x04, 0x00, 0x00, 0x00,
  0x20, 0x00, 0x00, 0x00, 0x85, 0xfb, 0xfb, 0x9b, 0xd9, 0xec, 0x87, 0x80,
  0xf4, 0xf3, 0x98, 0xda, 0xf3, 0x9a, 0xbd, 0xf7, 0x8c, 0x89, 0x8a, 0xc4,
  0xb1, 0x93, 0x95, 0xfb, 0x9a, 0xcc, 0xf7, 0x95, 0xa6, 0xa6, 0xfa, 0xb7,
  0x12, 0xfe, 0xff, 0xff, 0x04, 0x00, 0x00, 0x00, 0xe0, 0x00, 0x00, 0x00,
  0xbb, 0xbb, 0x17, 0x38, 0x37, 0xae, 0x9f, 0xa4, 0xf9, 0x52, 0x81, 0x0a,
  0xda, 0xd2, 0x6e, 0x7c, 0xc2, 0xb9, 0xba, 0x68, 0xf7, 0xb5, 0xc9, 0xe2,
  0xb8, 0x58, 0x7a, 0xba, 0xbf, 0x41, 0x0e, 0x57, 0xd0, 0x21, 0x3f, 0xb5,
  0x0f, 0xe2, 0x91, 0xe1, 0xc7, 0x5a, 0xe8, 0x97, 0x0e, 0xc3, 0x59, 0xe7,
  0xc2, 0x54, 0x06, 0x1c, 0xde, 0xf3, 0xcb, 0x34, 0x81, 0xc2, 0xa3, 0x26,
  0x14, 0x17, 0x26, 0xec, 0x09, 0x83, 0xb9, 0x57, 0xd9, 0x9e, 0x33, 0x6d,
  0x83, 0x92, 0x3d, 0xec, 0x81, 0x4d, 0x1e, 0x84, 0x74, 0x54, 0x34, 0x43,
  0x37, 0x6f, 0x39, 0xc7, 0x2d, 0xe4, 0x94, 0xfa, 0x6b, 0x53, 0x9d, 0x06,
  0x3e, 0x2c, 0xa6, 0x45, 0xdb, 0x01, 0xa1, 0xbd, 0xdb, 0xe8, 0xe2, 0xca,
  0x49, 0x81, 0xc4, 0xba, 0xe5, 0xc9, 0xf2, 0xe2, 0x4e, 0x11, 0x9e, 0x78,
  0x4b, 0x91, 0xc7, 0xf1, 0x36, 0xb7, 0x47, 0x9f, 0x0f, 0xc3, 0xe4, 0xb7,
  0x2d, 0xa0, 0x40, 0x92, 0xb6, 0x6b, 0x31, 0x08, 0x61, 0xd2, 0x9f, 0x18,
  0x31, 0x8b, 0x83, 0x16, 0xbc, 0x3f, 0x11, 0xfc, 0xa9, 0x81, 0x20, 0x38,
  0xbe, 0x51, 0xd6, 0xa4, 0xea, 0xd3, 0xba, 0xcf, 0x4f, 0x67, 0xdb, 0x4f,
  0xd6, 0x0e, 0xc1, 0x97, 0x0a, 0xf9, 0x18, 0xb9, 0x17, 0xb9, 0x8a, 0x97,
  0x82, 0x39, 0xd0, 0x4b, 0x07, 0x92, 0xf0, 0x9c, 0x2f, 0x35, 0x57, 0x81,
  0x54, 0xd6, 0x32, 0x93, 0x03, 0xd0, 0xfe, 0x25, 0xe8, 0xd3, 0x0b, 0x5e,
  0xf4, 0x37, 0x81, 0x01, 0x9b, 0x4d, 0x8a, 0x1b, 0xb1, 0xef, 0xcc, 0x20,
  0xdd, 0x9d, 0x22, 0xd6, 0x9e, 0x9f, 0x68, 0xc3, 0xfe, 0xfe, 0xff, 0xff,
  0x04, 0x00, 0x00, 0x00, 0x1c, 0x00, 0x00, 0x00, 0x26, 0xfc, 0xff, 0xff,
  0x5a, 0xf9, 0xff, 0xff, 0x9a, 0x08, 0x00, 0x00, 0xa3, 0xf8, 0xff, 0xff,
  0xbf, 0xf7, 0xff, 0xff, 0x0c, 0xf8, 0xff, 0xff, 0x2a, 0xf8, 0xff, 0xff,
  0x26, 0xff, 0xff, 0xff, 0x04, 0x00, 0x00, 0x00, 0x08, 0x00, 0x00, 0x00,
  0x01, 0x00, 0x00, 0x00, 0x02, 0x00, 0x00, 0x00, 0xa4, 0xd5, 0xff, 0xff,
  0xa8, 0xd5, 0xff, 0xff, 0x0f, 0x00, 0x00, 0x00, 0x4d, 0x4c, 0x49, 0x52,
  0x20, 0x43, 0x6f, 0x6e, 0x76, 0x65, 0x72, 0x74, 0x65, 0x64, 0x2e, 0x00,
  0x01, 0x00, 0x00, 0x00, 0x14, 0x00, 0x00, 0x00, 0x00, 0x00, 0x0e, 0x00,
  0x18, 0x00, 0x14, 0x00, 0x10, 0x00, 0x0c, 0x00, 0x08, 0x00, 0x04, 0x00,
  0x0e, 0x00, 0x00, 0x00, 0x14, 0x00, 0x00, 0x00, 0x1c, 0x00, 0x00, 0x00,
  0xe0, 0x04, 0x00, 0x00, 0xe4, 0x04, 0x00, 0x00, 0xe8, 0x04, 0x00, 0x00,
  0x04, 0x00, 0x00, 0x00, 0x6d, 0x61, 0x69, 0x6e, 0x00, 0x00, 0x00, 0x00,
  0x14, 0x00, 0x00, 0x00, 0x7c, 0x04, 0x00, 0x00, 0x38, 0x04, 0x00, 0x00,
  0xf4, 0x03, 0x00, 0x00, 0xb4, 0x03, 0x00, 0x00, 0x80, 0x03, 0x00, 0x00,
  0x4c, 0x03, 0x00, 0x00, 0x0c, 0x03, 0x00, 0x00, 0xd8, 0x02, 0x00, 0x00,
  0xa4, 0x02, 0x00, 0x00, 0x50, 0x02, 0x00, 0x00, 0x00, 0x02, 0x00, 0x00,
  0xcc, 0x01, 0x00, 0x00, 0x98, 0x01, 0x00, 0x00, 0x58, 0x01, 0x00, 0x00,
  0x24, 0x01, 0x00, 0x00, 0xf0, 0x00, 0x00, 0x00, 0xac, 0x00, 0x00, 0x00,
  0x78, 0x00, 0x00, 0x00, 0x40, 0x00, 0x00, 0x00, 0x04, 0x00, 0x00, 0x00,
  0xea, 0xfd, 0xff, 0xff, 0x1c, 0x00, 0x00, 0x00, 0x00, 0x00, 0x00, 0x09,
  0x1c, 0x00, 0x00, 0x00, 0x20, 0x00, 0x00, 0x00, 0x06, 0x00, 0x00, 0x00,
  0x00, 0x00, 0x06, 0x00, 0x08, 0x00, 0x04, 0x00, 0x06, 0x00, 0x00, 0x00,
  0x00, 0x00, 0x80, 0x3f, 0x01, 0x00, 0x00, 0x00, 0x2b, 0x00, 0x00, 0x00,
  0x01, 0x00, 0x00, 0x00, 0x2a, 0x00, 0x00, 0x00, 0x5a, 0xfc, 0xff, 0xff,
  0x14, 0x00, 0x00, 0x00, 0x00, 0x00, 0x00, 0x08, 0x10, 0x00, 0x00, 0x00,
  0x14, 0x00, 0x00, 0x00, 0x05, 0x00, 0x00, 0x00, 0xa0, 0xd6, 0xff, 0xff,
  0x01, 0x00, 0x00, 0x00, 0x2a, 0x00, 0x00, 0x00, 0x03, 0x00, 0x00, 0x00,
  0x29, 0x00, 0x00, 0x00, 0x03, 0x00, 0x00, 0x00, 0x02, 0x00, 0x00, 0x00,
  0x8e, 0xfc, 0xff, 0xff, 0x14, 0x00, 0x00, 0x00, 0x00, 0x00, 0x00, 0x1b,
  0x10, 0x00, 0x00, 0x00, 0x14, 0x00, 0x00, 0x00, 0x04, 0x00, 0x00, 0x00,
  0xd4, 0xd6, 0xff, 0xff, 0x01, 0x00, 0x00, 0x00, 0x29, 0x00, 0x00, 0x00,
  0x02, 0x00, 0x00, 0x00, 0x28, 0x00, 0x00, 0x00, 0x01, 0x00, 0x00, 0x00,
  0xbe, 0xfc, 0xff, 0xff, 0x14, 0x00, 0x00, 0x00, 0x00, 0x00, 0x00, 0x05,
  0x24, 0x00, 0x00, 0x00, 0x28, 0x00, 0x00, 0x00, 0x03, 0x00, 0x00, 0x00,
  0x76, 0xfe, 0xff, 0xff, 0x02, 0x00, 0x00, 0x00, 0x01, 0x00, 0x00, 0x00,
  0x02, 0x00, 0x00, 0x00, 0x01, 0x00, 0x00, 0x00, 0x00, 0x00, 0x00, 0x01,
  0x01, 0x00, 0x00, 0x00, 0x28, 0x00, 0x00, 0x00, 0x01, 0x00, 0x00, 0x00,
  0x27, 0x00, 0x00, 0x00, 0xfe, 0xfc, 0xff, 0xff, 0x14, 0x00, 0x00, 0x00,
  0x00, 0x00, 0x00, 0x0b, 0x10, 0x00, 0x00, 0x00, 0x14, 0x00, 0x00, 0x00,
  0x02, 0x00, 0x00, 0x00, 0x44, 0xd7, 0xff, 0xff, 0x01, 0x00, 0x00, 0x00,
  0x27, 0x00, 0x00, 0x00, 0x02, 0x00, 0x00, 0x00, 0x26, 0x00, 0x00, 0x00,
  0x04, 0x00, 0x00, 0x00, 0x2e, 0xfd, 0xff, 0xff, 0x14, 0x00, 0x00, 0x00,
  0x00, 0x00, 0x00, 0x15, 0x10, 0x00, 0x00, 0x00, 0x14, 0x00, 0x00, 0x00,
  0x01, 0x00, 0x00, 0x00, 0x74, 0xd7, 0xff, 0xff, 0x01, 0x00, 0x00, 0x00,
  0x26, 0x00, 0x00, 0x00, 0x02, 0x00, 0x00, 0x00, 0x25, 0x00, 0x00, 0x00,
  0x05, 0x00, 0x00, 0x00, 0x1e, 0xfd, 0xff, 0xff, 0x10, 0x00, 0x00, 0x00,
  0x00, 0x00, 0x00, 0x01, 0x18, 0x00, 0x00, 0x00, 0x1c, 0x00, 0x00, 0x00,
  0x10, 0xfd, 0xff, 0xff, 0x00, 0x00, 0x00, 0x01, 0x01, 0x00, 0x00, 0x00,
  0x01, 0x00, 0x00, 0x00, 0x01, 0x00, 0x00, 0x00, 0x25, 0x00, 0x00, 0x00,
  0x03, 0x00, 0x00, 0x00, 0x24, 0x00, 0x00, 0x00, 0x07, 0x00, 0x00, 0x00,
  0x06, 0x00, 0x00, 0x00, 0x9a, 0xfd, 0xff, 0xff, 0x14, 0x00, 0x00, 0x00,
  0x00, 0x00, 0x00, 0x0b, 0x10, 0x00, 0x00, 0x00, 0x14, 0x00, 0x00, 0x00,
  0x02, 0x00, 0x00, 0x00, 0xe0, 0xd7, 0xff, 0xff, 0x01, 0x00, 0x00, 0x00,
  0x24, 0x00, 0x00, 0x00, 0x02, 0x00, 0x00, 0x00, 0x23, 0x00, 0x00, 0x00,
  0x08, 0x00, 0x00, 0x00, 0xca, 0xfd, 0xff, 0xff, 0x14, 0x00, 0x00, 0x00,
  0x00, 0x00, 0x00, 0x15, 0x10, 0x00, 0x00, 0x00, 0x14, 0x00, 0x00, 0x00,
  0x01, 0x00, 0x00, 0x00, 0x10, 0xd8, 0xff, 0xff, 0x01, 0x00, 0x00, 0x00,
  0x23, 0x00, 0x00, 0x00, 0x02, 0x00, 0x00, 0x00, 0x22, 0x00, 0x00, 0x00,
  0x09, 0x00, 0x00, 0x00, 0xba, 0xfd, 0xff, 0xff, 0x10, 0x00, 0x00, 0x00,
  0x00, 0x00, 0x00, 0x01, 0x18, 0x00, 0x00, 0x00, 0x1c, 0x00, 0x00, 0x00,
  0xac, 0xfd, 0xff, 0xff, 0x00, 0x00, 0x00, 0x01, 0x01, 0x00, 0x00, 0x00,
  0x01, 0x00, 0x00, 0x00, 0x01, 0x00, 0x00, 0x00, 0x22, 0x00, 0x00, 0x00,
  0x03, 0x00, 0x00, 0x00, 0x21, 0x00, 0x00, 0x00, 0x0b, 0x00, 0x00, 0x00,
  0x0a, 0x00, 0x00, 0x00, 0x00, 0x00, 0x0e, 0x00, 0x1a, 0x00, 0x14, 0x00,
  0x10, 0x00, 0x0c, 0x00, 0x0b, 0x00, 0x04, 0x00, 0x0e, 0x00, 0x00, 0x00,
  0x24, 0x00, 0x00, 0x00, 0x00, 0x00, 0x00, 0x05, 0x34, 0x00, 0x00, 0x00,
  0x38, 0x00, 0x00, 0x00, 0x03, 0x00, 0x00, 0x00, 0x00, 0x00, 0x0e, 0x00,
  0x18, 0x00, 0x17, 0x00, 0x10, 0x00, 0x0c, 0x00, 0x08, 0x00, 0x04, 0x00,
  0x0e, 0x00, 0x00, 0x00, 0x02, 0x00, 0x00, 0x00, 0x01, 0x00, 0x00, 0x00,
  0x02, 0x00, 0x00, 0x00, 0x01, 0x00, 0x00, 0x00, 0x00, 0x00, 0x00, 0x01,
  0x01, 0x00, 0x00, 0x00, 0x21, 0x00, 0x00, 0x00, 0x01, 0x00, 0x00, 0x00,
  0x20, 0x00, 0x00, 0x00, 0x96, 0xfe, 0xff, 0xff, 0x14, 0x00, 0x00, 0x00,
  0x00, 0x00, 0x00, 0x0b, 0x10, 0x00, 0x00, 0x00, 0x14, 0x00, 0x00, 0x00,
  0x02, 0x00, 0x00, 0x00, 0xdc, 0xd8, 0xff, 0xff, 0x01, 0x00, 0x00, 0x00,
  0x20, 0x00, 0x00, 0x00, 0x02, 0x00, 0x00, 0x00, 0x1f, 0x00, 0x00, 0x00,
  0x0c, 0x00, 0x00, 0x00, 0xc6, 0xfe, 0xff, 0xff, 0x14, 0x00, 0x00, 0x00,
  0x00, 0x00, 0x00, 0x15, 0x10, 0x00, 0x00, 0x00, 0x14, 0x00, 0x00, 0x00,
  0x01, 0x00, 0x00, 0x00, 0x0c, 0xd9, 0xff, 0xff, 0x01, 0x00, 0x00, 0x00,
  0x1f, 0x00, 0x00, 0x00, 0x02, 0x00, 0x00, 0x00, 0x1e, 0x00, 0x00, 0x00,
  0x0d, 0x00, 0x00, 0x00, 0xb6, 0xfe, 0xff, 0xff, 0x10, 0x00, 0x00, 0x00,
  0x00, 0x00, 0x00, 0x01, 0x18, 0x00, 0x00, 0x00, 0x1c, 0x00, 0x00, 0x00,
  0xa8, 0xfe, 0xff, 0xff, 0x00, 0x00, 0x00, 0x01, 0x01, 0x00, 0x00, 0x00,
  0x01, 0x00, 0x00, 0x00, 0x01, 0x00, 0x00, 0x00, 0x1e, 0x00, 0x00, 0x00,
  0x03, 0x00, 0x00, 0x00, 0x1d, 0x00, 0x00, 0x00, 0x0f, 0x00, 0x00, 0x00,
  0x0e, 0x00, 0x00, 0x00, 0x32, 0xff, 0xff, 0xff, 0x14, 0x00, 0x00, 0x00,
  0x00, 0x00, 0x00, 0x0b, 0x10, 0x00, 0x00, 0x00, 0x14, 0x00, 0x00, 0x00,
  0x02, 0x00, 0x00, 0x00, 0x78, 0xd9, 0xff, 0xff, 0x01, 0x00, 0x00, 0x00,
  0x1d, 0x00, 0x00, 0x00, 0x02, 0x00, 0x00, 0x00, 0x1c, 0x00, 0x00, 0x00,
  0x10, 0x00, 0x00, 0x00, 0x62, 0xff, 0xff, 0xff, 0x14, 0x00, 0x00, 0x00,
  0x00, 0x00, 0x00, 0x15, 0x10, 0x00, 0x00, 0x00, 0x14, 0x00, 0x00, 0x00,
  0x01, 0x00, 0x00, 0x00, 0xa8, 0xd9, 0xff, 0xff, 0x01, 0x00, 0x00, 0x00,
  0x1c, 0x00, 0x00, 0x00, 0x02, 0x00, 0x00, 0x00, 0x1b, 0x00, 0x00, 0x00,
  0x11, 0x00, 0x00, 0x00, 0x52, 0xff, 0xff, 0xff, 0x10, 0x00, 0x00, 0x00,
  0x00, 0x00, 0x00, 0x01, 0x18, 0x00, 0x00, 0x00, 0x1c, 0x00, 0x00, 0x00,
  0x44, 0xff, 0xff, 0xff, 0x00, 0x00, 0x00, 0x01, 0x01, 0x00, 0x00, 0x00,
  0x01, 0x00, 0x00, 0x00, 0x01, 0x00, 0x00, 0x00, 0x1b, 0x00, 0x00, 0x00,
  0x03, 0x00, 0x00, 0x00, 0x1a, 0x00, 0x00, 0x00, 0x13, 0x00, 0x00, 0x00,
  0x12, 0x00, 0x00, 0x00, 0xce, 0xff, 0xff, 0xff, 0x14, 0x00, 0x00, 0x00,
  0x00, 0x00, 0x00, 0x0b, 0x10, 0x00, 0x00, 0x00, 0x14, 0x00, 0x00, 0x00,
  0x02, 0x00, 0x00, 0x00, 0x14, 0xda, 0xff, 0xff, 0x01, 0x00, 0x00, 0x00,
  0x1a, 0x00, 0x00, 0x00, 0x02, 0x00, 0x00, 0x00, 0x19, 0x00, 0x00, 0x00,
  0x14, 0x00, 0x00, 0x00, 0x00, 0x00, 0x0e, 0x00, 0x18, 0x00, 0x14, 0x00,
  0x10, 0x00, 0x0c, 0x00, 0x0b, 0x00, 0x04, 0x00, 0x0e, 0x00, 0x00, 0x00,
  0x14, 0x00, 0x00, 0x00, 0x00, 0x00, 0x00, 0x15, 0x10, 0x00, 0x00, 0x00,
  0x14, 0x00, 0x00, 0x00, 0x01, 0x00, 0x00, 0x00, 0x54, 0xda, 0xff, 0xff,
  0x01, 0x00, 0x00, 0x00, 0x19, 0x00, 0x00, 0x00, 0x02, 0x00, 0x00, 0x00,
  0x18, 0x00, 0x00, 0x00, 0x15, 0x00, 0x00, 0x00, 0x00, 0x00, 0x0e, 0x00,
  0x14, 0x00, 0x00, 0x00, 0x10, 0x00, 0x0c, 0x00, 0x0b, 0x00, 0x04, 0x00,
  0x0e, 0x00, 0x00, 0x00, 0x1c, 0x00, 0x00, 0x00, 0x00, 0x00, 0x00, 0x01,
  0x24, 0x00, 0x00, 0x00, 0x28, 0x00, 0x00, 0x00, 0x0c, 0x00, 0x10, 0x00,
  0x00, 0x00, 0x0c, 0x00, 0x08, 0x00, 0x07, 0x00, 0x0c, 0x00, 0x00, 0x00,
  0x00, 0x00, 0x00, 0x01, 0x01, 0x00, 0x00, 0x00, 0x01, 0x00, 0x00, 0x00,
  0x01, 0x00, 0x00, 0x00, 0x18, 0x00, 0x00, 0x00, 0x03, 0x00, 0x00, 0x00,
  0x00, 0x00, 0x00, 0x00, 0x17, 0x00, 0x00, 0x00, 0x16, 0x00, 0x00, 0x00,
  0x01, 0x00, 0x00, 0x00, 0x2b, 0x00, 0x00, 0x00, 0x01, 0x00, 0x00, 0x00,
  0x00, 0x00, 0x00, 0x00, 0x2c, 0x00, 0x00, 0x00, 0x9c, 0x25, 0x00, 0x00,
  0x08, 0x25, 0x00, 0x00, 0x50, 0x24, 0x00, 0x00, 0x94, 0x23, 0x00, 0x00,
  0x10, 0x23, 0x00, 0x00, 0x8c, 0x22, 0x00, 0x00, 0x30, 0x20, 0x00, 0x00,
  0x34, 0x1e, 0x00, 0x00, 0xb0, 0x1d, 0x00, 0x00, 0x2c, 0x1d, 0x00, 0x00,
  0xd0, 0x1a, 0x00, 0x00, 0xd4, 0x18, 0x00, 0x00, 0x50, 0x18, 0x00, 0x00,
  0xcc, 0x17, 0x00, 0x00, 0x30, 0x16, 0x00, 0x00, 0xf4, 0x14, 0x00, 0x00,
  0x70, 0x14, 0x00, 0x00, 0xec, 0x13, 0x00, 0x00, 0x50, 0x12, 0x00, 0x00,
  0x14, 0x11, 0x00, 0x00, 0x90, 0x10, 0x00, 0x00, 0x0c, 0x10, 0x00, 0x00,
  0x70, 0x0e, 0x00, 0x00, 0x34, 0x0d, 0x00, 0x00, 0x40, 0x0c, 0x00, 0x00,
  0xac, 0x0b, 0x00, 0x00, 0x18, 0x0b, 0x00, 0x00, 0x24, 0x0a, 0x00, 0x00,
  0x90, 0x09, 0x00, 0x00, 0xfc, 0x08, 0x00, 0x00, 0x08, 0x08, 0x00, 0x00,
  0x74, 0x07, 0x00, 0x00, 0xe0, 0x06, 0x00, 0x00, 0x54, 0x06, 0x00, 0x00,
  0x60, 0x05, 0x00, 0x00, 0xcc, 0x04, 0x00, 0x00, 0x38, 0x04, 0x00, 0x00,
  0x44, 0x03, 0x00, 0x00, 0xb0, 0x02, 0x00, 0x00, 0x1c, 0x02, 0x00, 0x00,
  0x90, 0x01, 0x00, 0x00, 0x0c, 0x01, 0x00, 0x00, 0x70, 0x00, 0x00, 0x00,
  0x04, 0x00, 0x00, 0x00, 0x2a, 0xdb, 0xff, 0xff, 0x00, 0x00, 0x00, 0x01,
  0x14, 0x00, 0x00, 0x00, 0x30, 0x00, 0x00, 0x00, 0x2c, 0x00, 0x00, 0x00,
  0x00, 0x00, 0x00, 0x09, 0x44, 0x00, 0x00, 0x00, 0x14, 0xdb, 0xff, 0xff,
  0x08, 0x00, 0x00, 0x00, 0x10, 0x00, 0x00, 0x00, 0x01, 0x00, 0x00, 0x00,
  0x80, 0xff, 0xff, 0xff, 0xff, 0xff, 0xff, 0xff, 0x01, 0x00, 0x00, 0x00,
  0x00, 0x00, 0x80, 0x3b, 0x1b, 0x00, 0x00, 0x00, 0x53, 0x74, 0x61, 0x74,
  0x65, 0x66, 0x75, 0x6c, 0x50, 0x61, 0x72, 0x74, 0x69, 0x74, 0x69, 0x6f,
  0x6e, 0x65, 0x64, 0x43, 0x61, 0x6c, 0x6c, 0x5f, 0x31, 0x3a, 0x30, 0x00,
  0x02, 0x00, 0x00, 0x00, 0x01, 0x00, 0x00, 0x00, 0x07, 0x00, 0x00, 0x00,
  0x92, 0xdb, 0xff, 0xff, 0x00, 0x00, 0x00, 0x01, 0x14, 0x00, 0x00, 0x00,
  0x34, 0x00, 0x00, 0x00, 0x2b, 0x00, 0x00, 0x00, 0x00, 0x00, 0x00, 0x09,
  0x74, 0x00, 0x00, 0x00, 0x7c, 0xdb, 0xff, 0xff, 0x08, 0x00, 0x00, 0x00,
  0x14, 0x00, 0x00, 0x00, 0x01, 0x00, 0x00, 0x00, 0xdd, 0xff, 0xff, 0xff,
  0xff, 0xff, 0xff, 0xff, 0x00, 0x00, 0x00, 0x00, 0x01, 0x00, 0x00, 0x00,
  0xc2, 0x6b, 0x05, 0x3d, 0x44, 0x00, 0x00, 0x00, 0x73, 0x65, 0x71, 0x75,
  0x65, 0x6e, 0x74, 0x69, 0x61, 0x6c, 0x5f, 0x33, 0x37, 0x5f, 0x31, 0x2f,
  0x64, 0x65, 0x6e, 0x73, 0x65, 0x5f, 0x33, 0x37, 0x5f, 0x31, 0x2f, 0x4d,
  0x61, 0x74, 0x4d, 0x75, 0x6c, 0x3b, 0x73, 0x65, 0x71, 0x75, 0x65, 0x6e,
  0x74, 0x69, 0x61, 0x6c, 0x5f, 0x33, 0x37, 0x5f, 0x31, 0x2f, 0x64, 0x65,
  0x6e, 0x73, 0x65, 0x5f, 0x33, 0x37, 0x5f, 0x31, 0x2f, 0x42, 0x69, 0x61,
  0x73, 0x41, 0x64, 0x64, 0x00, 0x00, 0x00, 0x00, 0x02, 0x00, 0x00, 0x00,
  0x01, 0x00, 0x00, 0x00, 0x07, 0x00, 0x00, 0x00, 0x2a, 0xdc, 0xff, 0xff,
  0x00, 0x00, 0x00, 0x01, 0x14, 0x00, 0x00, 0x00, 0x30, 0x00, 0x00, 0x00,
  0x2a, 0x00, 0x00, 0x00, 0x00, 0x00, 0x00, 0x09, 0x5c, 0x00, 0x00, 0x00,
  0x14, 0xdc, 0xff, 0xff, 0x08, 0x00, 0x00, 0x00, 0x10, 0x00, 0x00, 0x00,
  0x01, 0x00, 0x00, 0x00, 0xcb, 0xff, 0xff, 0xff, 0xff, 0xff, 0xff, 0xff,
  0x01, 0x00, 0x00, 0x00, 0xbe, 0xc1, 0x3d, 0x3c, 0x32, 0x00, 0x00, 0x00,
  0x73, 0x65, 0x71, 0x75, 0x65, 0x6e, 0x74, 0x69, 0x61, 0x6c, 0x5f, 0x33,
  0x37, 0x5f, 0x31, 0x2f, 0x67, 0x6c, 0x6f, 0x62, 0x61, 0x6c, 0x5f, 0x61,
  0x76, 0x65, 0x72, 0x61, 0x67, 0x65, 0x5f, 0x70, 0x6f, 0x6f, 0x6c, 0x69,
  0x6e, 0x67, 0x32, 0x64, 0x5f, 0x33, 0x37, 0x5f, 0x31, 0x2f, 0x4d, 0x65,
  0x61, 0x6e, 0x00, 0x00, 0x02, 0x00, 0x00, 0x00, 0x01, 0x00, 0x00, 0x00,
  0x20, 0x00, 0x00, 0x00, 0xaa, 0xdc, 0xff, 0xff, 0x00, 0x00, 0x00, 0x01,
  0x14, 0x00, 0x00, 0x00, 0x34, 0x00, 0x00, 0x00, 0x29, 0x00, 0x00, 0x00,
  0x00, 0x00, 0x00, 0x09, 0x5c, 0x00, 0x00, 0x00, 0x94, 0xdc, 0xff, 0xff,
  0x08, 0x00, 0x00, 0x00, 0x14, 0x00, 0x00, 0x00, 0x01, 0x00, 0x00, 0x00,
  0xa9, 0xff, 0xff, 0xff, 0xff, 0xff, 0xff, 0xff, 0x00, 0x00, 0x00, 0x00,
  0x01, 0x00, 0x00, 0x00, 0x16, 0x24, 0xbb, 0x3c, 0x2c, 0x00, 0x00, 0x00,
  0x73, 0x65, 0x71, 0x75, 0x65, 0x6e, 0x74, 0x69, 0x61, 0x6c, 0x5f, 0x33,
  0x37, 0x5f, 0x31, 0x2f, 0x6d, 0x61, 0x78, 0x5f, 0x70, 0x6f, 0x6f, 0x6c,
  0x69, 0x6e, 0x67, 0x32, 0x64, 0x5f, 0x32, 0x39, 0x5f, 0x31, 0x2f, 0x4d,
  0x61, 0x78, 0x50, 0x6f, 0x6f, 0x6c, 0x32, 0x64, 0x00, 0x00, 0x00, 0x00,
  0x04, 0x00, 0x00, 0x00, 0x01, 0x00, 0x00, 0x00, 0x05, 0x00, 0x00, 0x00,
  0x01, 0x00, 0x00, 0x00, 0x20, 0x00, 0x00, 0x00, 0x32, 0xdd, 0xff, 0xff,
  0x00, 0x00, 0x00, 0x01, 0x14, 0x00, 0x00, 0x00, 0x30, 0x00, 0x00, 0x00,
  0x28, 0x00, 0x00, 0x00, 0x00, 0x00, 0x00, 0x09, 0x64, 0x00, 0x00, 0x00,
  0x1c, 0xdd, 0xff, 0xff, 0x08, 0x00, 0x00, 0x00, 0x10, 0x00, 0x00, 0x00,
  0x01, 0x00, 0x00, 0x00, 0xa9, 0xff, 0xff, 0xff, 0xff, 0xff, 0xff, 0xff,
  0x01, 0x00, 0x00, 0x00, 0x16, 0x24, 0xbb, 0x3c, 0x38, 0x00, 0x00, 0x00,
  0x73, 0x65, 0x71, 0x75, 0x65, 0x6e, 0x74, 0x69, 0x61, 0x6c, 0x5f, 0x33,
  0x37, 0x5f, 0x31, 0x2f, 0x62, 0x61, 0x74, 0x63, 0x68, 0x5f, 0x6e, 0x6f,
  0x72, 0x6d, 0x61, 0x6c, 0x69, 0x7a, 0x61, 0x74, 0x69, 0x6f, 0x6e, 0x5f,
  0x35, 0x34, 0x5f, 0x31, 0x2f, 0x62, 0x61, 0x74, 0x63, 0x68, 0x6e, 0x6f,
  0x72, 0x6d, 0x2f, 0x61, 0x64, 0x64, 0x5f, 0x31, 0x00, 0x00, 0x00, 0x00,
  0x04, 0x00, 0x00, 0x00, 0x01, 0x00, 0x00, 0x00, 0x0a, 0x00, 0x00, 0x00,
  0x01, 0x00, 0x00, 0x00, 0x20, 0x00, 0x00, 0x00, 0xc2, 0xdd, 0xff, 0xff,
  0x00, 0x00, 0x00, 0x01, 0x14, 0x00, 0x00, 0x00, 0x30, 0x00, 0x00, 0x00,
  0x27, 0x00, 0x00, 0x00, 0x00, 0x00, 0x00, 0x09, 0x64, 0x00, 0x00, 0x00,
  0xac, 0xdd, 0xff, 0xff, 0x08, 0x00, 0x00, 0x00, 0x10, 0x00, 0x00, 0x00,
  0x01, 0x00, 0x00, 0x00, 0xa4, 0xff, 0xff, 0xff, 0xff, 0xff, 0xff, 0xff,
  0x01, 0x00, 0x00, 0x00, 0x40, 0x80, 0xd4, 0x3c, 0x38, 0x00, 0x00, 0x00,
  0x73, 0x65, 0x71, 0x75, 0x65, 0x6e, 0x74, 0x69, 0x61, 0x6c, 0x5f, 0x33,
  0x37, 0x5f, 0x31, 0x2f, 0x62, 0x61, 0x74, 0x63, 0x68, 0x5f, 0x6e, 0x6f,
  0x72, 0x6d, 0x61, 0x6c, 0x69, 0x7a, 0x61, 0x74, 0x69, 0x6f, 0x6e, 0x5f,
  0x35, 0x34, 0x5f, 0x31, 0x2f, 0x62, 0x61, 0x74, 0x63, 0x68, 0x6e, 0x6f,
  0x72, 0x6d, 0x2f, 0x6d, 0x75, 0x6c, 0x5f, 0x31, 0x00, 0x00, 0x00, 0x00,
  0x04, 0x00, 0x00, 0x00, 0x01, 0x00, 0x00, 0x00, 0x0a, 0x00, 0x00, 0x00,
  0x01, 0x00, 0x00, 0x00, 0x20, 0x00, 0x00, 0x00, 0x52, 0xde, 0xff, 0xff,
  0x00, 0x00, 0x00, 0x01, 0x14, 0x00, 0x00, 0x00, 0x34, 0x00, 0x00, 0x00,
  0x26, 0x00, 0x00, 0x00, 0x00, 0x00, 0x00, 0x09, 0xc4, 0x00, 0x00, 0x00,
  0x3c, 0xde, 0xff, 0xff, 0x08, 0x00, 0x00, 0x00, 0x14, 0x00, 0x00, 0x00,
  0x01, 0x00, 0x00, 0x00, 0x80, 0xff, 0xff, 0xff, 0xff, 0xff, 0xff, 0xff,
  0x00, 0x00, 0x00, 0x00, 0x01, 0x00, 0x00, 0x00, 0x97, 0xaa, 0xb6, 0x3c,
  0x95, 0x00, 0x00, 0x00, 0x73, 0x65, 0x71, 0x75, 0x65, 0x6e, 0x74, 0x69,
  0x61, 0x6c, 0x5f, 0x33, 0x37, 0x5f, 0x31, 0x2f, 0x63, 0x6f, 0x6e, 0x76,
  0x32, 0x64, 0x5f, 0x31, 0x30, 0x39, 0x5f, 0x31, 0x2f, 0x52, 0x65, 0x6c,
  0x75, 0x3b, 0x73, 0x65, 0x71, 0x75, 0x65, 0x6e, 0x74, 0x69, 0x61, 0x6c,
  0x5f, 0x33, 0x37, 0x5f, 0x31, 0x2f, 0x63, 0x6f, 0x6e, 0x76, 0x32, 0x64,
  0x5f, 0x31, 0x30, 0x39, 0x5f, 0x31, 0x2f, 0x42, 0x69, 0x61, 0x73, 0x41,
  0x64, 0x64, 0x3b, 0x73, 0x65, 0x71, 0x75, 0x65, 0x6e, 0x74, 0x69, 0x61,
  0x6c, 0x5f, 0x33, 0x37, 0x5f, 0x31, 0x2f, 0x63, 0x6f, 0x6e, 0x76, 0x32,
  0x64, 0x5f, 0x31, 0x30, 0x39, 0x5f, 0x31, 0x2f, 0x63, 0x6f, 0x6e, 0x76,
  0x6f, 0x6c, 0x75, 0x74, 0x69, 0x6f, 0x6e, 0x3b, 0x73, 0x65, 0x71, 0x75,
  0x65, 0x6e, 0x74, 0x69, 0x61, 0x6c, 0x5f, 0x33, 0x37, 0x5f, 0x31, 0x2f,
  0x63, 0x6f, 0x6e, 0x76, 0x32, 0x64, 0x5f, 0x31, 0x30, 0x39, 0x5f, 0x31,
  0x2f, 0x53, 0x71, 0x75, 0x65, 0x65, 0x7a, 0x65, 0x31, 0x00, 0x00, 0x00,
  0x04, 0x00, 0x00, 0x00, 0x01, 0x00, 0x00, 0x00, 0x0a, 0x00, 0x00, 0x00,
  0x01, 0x00, 0x00, 0x00, 0x20, 0x00, 0x00, 0x00, 0x42, 0xdf, 0xff, 0xff,
  0x00, 0x00, 0x00, 0x01, 0x14, 0x00, 0x00, 0x00, 0x30, 0x00, 0x00, 0x00,
  0x25, 0x00, 0x00, 0x00, 0x00, 0x00, 0x00, 0x09, 0x64, 0x00, 0x00, 0x00,
  0x2c, 0xdf, 0xff, 0xff, 0x08, 0x00, 0x00, 0x00, 0x10, 0x00, 0x00, 0x00,
  0x01, 0x00, 0x00, 0x00, 0xa4, 0xff, 0xff, 0xff, 0xff, 0xff, 0xff, 0xff,
  0x01, 0x00, 0x00, 0x00, 0x91, 0x1b, 0xce, 0x3c, 0x38, 0x00, 0x00, 0x00,
  0x73, 0x65, 0x71, 0x75, 0x65, 0x6e, 0x74, 0x69, 0x61, 0x6c, 0x5f, 0x33,
  0x37, 0x5f, 0x31, 0x2f, 0x62, 0x61, 0x74, 0x63, 0x68, 0x5f, 0x6e, 0x6f,
  0x72, 0x6d, 0x61, 0x6c, 0x69, 0x7a, 0x61, 0x74, 0x69, 0x6f, 0x6e, 0x5f,
  0x35, 0x33, 0x5f, 0x31, 0x2f, 0x62, 0x61, 0x74, 0x63, 0x68, 0x6e, 0x6f,
  0x72, 0x6d, 0x2f, 0x61, 0x64, 0x64, 0x5f, 0x31, 0x00, 0x00, 0x00, 0x00,
  0x04, 0x00, 0x00, 0x00, 0x01, 0x00, 0x00, 0x00, 0x0a, 0x00, 0x00, 0x00,
  0x01, 0x00, 0x00, 0x00, 0x20, 0x00, 0x00, 0x00, 0xd2, 0xdf, 0xff, 0xff,
  0x00, 0x00, 0x00, 0x01, 0x14, 0x00, 0x00, 0x00, 0x30, 0x00, 0x00, 0x00,
  0x24, 0x00, 0x00, 0x00, 0x00, 0x00, 0x00, 0x09, 0x64, 0x00, 0x00, 0x00,
  0xbc, 0xdf, 0xff, 0xff, 0x08, 0x00, 0x00, 0x00, 0x10, 0x00, 0x00, 0x00,
  0x01, 0x00, 0x00, 0x00, 0xa1, 0xff, 0xff, 0xff, 0xff, 0xff, 0xff, 0xff,
  0x01, 0x00, 0x00, 0x00, 0xae, 0x45, 0xe3, 0x3c, 0x38, 0x00, 0x00, 0x00,
  0x73, 0x65, 0x71, 0x75, 0x65, 0x6e, 0x74, 0x69, 0x61, 0x6c, 0x5f, 0x33,
  0x37, 0x5f, 0x31, 0x2f, 0x62, 0x61, 0x74, 0x63, 0x68, 0x5f, 0x6e, 0x6f,
  0x72, 0x6d, 0x61, 0x6c, 0x69, 0x7a, 0x61, 0x74, 0x69, 0x6f, 0x6e, 0x5f,
  0x35, 0x33, 0x5f, 0x31, 0x2f, 0x62, 0x61, 0x74, 0x63, 0x68, 0x6e, 0x6f,
  0x72, 0x6d, 0x2f, 0x6d, 0x75, 0x6c, 0x5f, 0x31, 0x00, 0x00, 0x00, 0x00,
  0x04, 0x00, 0x00, 0x00, 0x01, 0x00, 0x00, 0x00, 0x0a, 0x00, 0x00, 0x00,
  0x01, 0x00, 0x00, 0x00, 0x20, 0x00, 0x00, 0x00, 0x62, 0xe0, 0xff, 0xff,
  0x00, 0x00, 0x00, 0x01, 0x14, 0x00, 0x00, 0x00, 0x34, 0x00, 0x00, 0x00,
  0x23, 0x00, 0x00, 0x00, 0x00, 0x00, 0x00, 0x09, 0xc4, 0x00, 0x00, 0x00,
  0x4c, 0xe0, 0xff, 0xff, 0x08, 0x00, 0x00, 0x00, 0x14, 0x00, 0x00, 0x00,
  0x01, 0x00, 0x00, 0x00, 0x80, 0xff, 0xff, 0xff, 0xff, 0xff, 0xff, 0xff,
  0x00, 0x00, 0x00, 0x00, 0x01, 0x00, 0x00, 0x00, 0x03, 0x19, 0xc6, 0x3c,
  0x95, 0x00, 0x00, 0x00, 0x73, 0x65, 0x71, 0x75, 0x65, 0x6e, 0x74, 0x69,
  0x61, 0x6c, 0x5f, 0x33, 0x37, 0x5f, 0x31, 0x2f, 0x63, 0x6f, 0x6e, 0x76,
  0x32, 0x64, 0x5f, 0x31, 0x30, 0x38, 0x5f, 0x31, 0x2f, 0x52, 0x65, 0x6c,
  0x75, 0x3b, 0x73, 0x65, 0x71, 0x75, 0x65, 0x6e, 0x74, 0x69, 0x61, 0x6c,
  0x5f, 0x33, 0x37, 0x5f, 0x31, 0x2f, 0x63, 0x6f, 0x6e, 0x76, 0x32, 0x64,
  0x5f, 0x31, 0x30, 0x38, 0x5f, 0x31, 0x2f, 0x42, 0x69, 0x61, 0x73, 0x41,
  0x64, 0x64, 0x3b, 0x73, 0x65, 0x71, 0x75, 0x65, 0x6e, 0x74, 0x69, 0x61,
  0x6c, 0x5f, 0x33, 0x37, 0x5f, 0x31, 0x2f, 0x63, 0x6f, 0x6e, 0x76, 0x32,
  0x64, 0x5f, 0x31, 0x30, 0x38, 0x5f, 0x31, 0x2f, 0x63, 0x6f, 0x6e, 0x76,
  0x6f, 0x6c, 0x75, 0x74, 0x69, 0x6f, 0x6e, 0x3b, 0x73, 0x65, 0x71, 0x75,
  0x65, 0x6e, 0x74, 0x69, 0x61, 0x6c, 0x5f, 0x33, 0x37, 0x5f, 0x31, 0x2f,
  0x63, 0x6f, 0x6e, 0x76, 0x32, 0x64, 0x5f, 0x31, 0x30, 0x38, 0x5f, 0x31,
  0x2f, 0x53, 0x71, 0x75, 0x65, 0x65, 0x7a, 0x65, 0x31, 0x00, 0x00, 0x00,
  0x04, 0x00, 0x00, 0x00, 0x01, 0x00, 0x00, 0x00, 0x0a, 0x00, 0x00, 0x00,
  0x01, 0x00, 0x00, 0x00, 0x20, 0x00, 0x00, 0x00, 0x52, 0xe1, 0xff, 0xff,
  0x00, 0x00, 0x00, 0x01, 0x14, 0x00, 0x00, 0x00, 0x34, 0x00, 0x00, 0x00,
  0x22, 0x00, 0x00, 0x00, 0x00, 0x00, 0x00, 0x09, 0x5c, 0x00, 0x00, 0x00,
  0x3c, 0xe1, 0xff, 0xff, 0x08, 0x00, 0x00, 0x00, 0x14, 0x00, 0x00, 0x00,
  0x01, 0x00, 0x00, 0x00, 0xaa, 0xff, 0xff, 0xff, 0xff, 0xff, 0xff, 0xff,
  0x00, 0x00, 0x00, 0x00, 0x01, 0x00, 0x00, 0x00, 0xc9, 0x53, 0x9e, 0x3c,
  0x2c, 0x00, 0x00, 0x00, 0x73, 0x65, 0x71, 0x75, 0x65, 0x6e, 0x74, 0x69,
  0x61, 0x6c, 0x5f, 0x33, 0x37, 0x5f, 0x31, 0x2f, 0x6d, 0x61, 0x78, 0x5f,
  0x70, 0x6f, 0x6f, 0x6c, 0x69, 0x6e, 0x67, 0x32, 0x64, 0x5f, 0x32, 0x38,
  0x5f, 0x31, 0x2f, 0x4d, 0x61, 0x78, 0x50, 0x6f, 0x6f, 0x6c, 0x32, 0x64,
  0x00, 0x00, 0x00, 0x00, 0x04, 0x00, 0x00, 0x00, 0x01, 0x00, 0x00, 0x00,
  0x0a, 0x00, 0x00, 0x00, 0x01, 0x00, 0x00, 0x00, 0x10, 0x00, 0x00, 0x00,
  0xda, 0xe1, 0xff, 0xff, 0x00, 0x00, 0x00, 0x01, 0x14, 0x00, 0x00, 0x00,
  0x30, 0x00, 0x00, 0x00, 0x21, 0x00, 0x00, 0x00, 0x00, 0x00, 0x00, 0x09,
  0x64, 0x00, 0x00, 0x00, 0xc4, 0xe1, 0xff, 0xff, 0x08, 0x00, 0x00, 0x00,
  0x10, 0x00, 0x00, 0x00, 0x01, 0x00, 0x00, 0x00, 0xaa, 0xff, 0xff, 0xff,
  0xff, 0xff, 0xff, 0xff, 0x01, 0x00, 0x00, 0x00, 0xc9, 0x53, 0x9e, 0x3c,
  0x38, 0x00, 0x00, 0x00, 0x73, 0x65, 0x71, 0x75, 0x65, 0x6e, 0x74, 0x69,
  0x61, 0x6c, 0x5f, 0x33, 0x37, 0x5f, 0x31, 0x2f, 0x62, 0x61, 0x74, 0x63,
  0x68, 0x5f, 0x6e, 0x6f, 0x72, 0x6d, 0x61, 0x6c, 0x69, 0x7a, 0x61, 0x74,
  0x69, 0x6f, 0x6e, 0x5f, 0x35, 0x32, 0x5f, 0x31, 0x2f, 0x62, 0x61, 0x74,
  0x63, 0x68, 0x6e, 0x6f, 0x72, 0x6d, 0x2f, 0x61, 0x64, 0x64, 0x5f, 0x31,
  0x00, 0x00, 0x00, 0x00, 0x04, 0x00, 0x00, 0x00, 0x01, 0x00, 0x00, 0x00,
  0x14, 0x00, 0x00, 0x00, 0x01, 0x00, 0x00, 0x00, 0x10, 0x00, 0x00, 0x00,
  0x6a, 0xe2, 0xff, 0xff, 0x00, 0x00, 0x00, 0x01, 0x14, 0x00, 0x00, 0x00,
  0x30, 0x00, 0x00, 0x00, 0x20, 0x00, 0x00, 0x00, 0x00, 0x00, 0x00, 0x09,
  0x64, 0x00, 0x00, 0x00, 0x54, 0xe2, 0xff, 0xff, 0x08, 0x00, 0x00, 0x00,
  0x10, 0x00, 0x00, 0x00, 0x01, 0x00, 0x00, 0x00, 0xa5, 0xff, 0xff, 0xff,
  0xff, 0xff, 0xff, 0xff, 0x01, 0x00, 0x00, 0x00, 0xad, 0x8e, 0xb1, 0x3c,
  0x38, 0x00, 0x00, 0x00, 0x73, 0x65, 0x71, 0x75, 0x65, 0x6e, 0x74, 0x69,
  0x61, 0x6c, 0x5f, 0x33, 0x37, 0x5f, 0x31, 0x2f, 0x62, 0x61, 0x74, 0x63,
  0x68, 0x5f, 0x6e, 0x6f, 0x72, 0x6d, 0x61, 0x6c, 0x69, 0x7a, 0x61, 0x74,
  0x69, 0x6f, 0x6e, 0x5f, 0x35, 0x32, 0x5f, 0x31, 0x2f, 0x62, 0x61, 0x74,
  0x63, 0x68, 0x6e, 0x6f, 0x72, 0x6d, 0x2f, 0x6d, 0x75, 0x6c, 0x5f, 0x31,
  0x00, 0x00, 0x00, 0x00, 0x04, 0x00, 0x00, 0x00, 0x01, 0x00, 0x00, 0x00,
  0x14, 0x00, 0x00, 0x00, 0x01, 0x00, 0x00, 0x00, 0x10, 0x00, 0x00, 0x00,
  0xfa, 0xe2, 0xff, 0xff, 0x00, 0x00, 0x00, 0x01, 0x14, 0x00, 0x00, 0x00,
  0x34, 0x00, 0x00, 0x00, 0x1f, 0x00, 0x00, 0x00, 0x00, 0x00, 0x00, 0x09,
  0xc4, 0x00, 0x00, 0x00, 0xe4, 0xe2, 0xff, 0xff, 0x08, 0x00, 0x00, 0x00,
  0x14, 0x00, 0x00, 0x00, 0x01, 0x00, 0x00, 0x00, 0x80, 0xff, 0xff, 0xff,
  0xff, 0xff, 0xff, 0xff, 0x00, 0x00, 0x00, 0x00, 0x01, 0x00, 0x00, 0x00,
  0x05, 0x80, 0x97, 0x3c, 0x95, 0x00, 0x00, 0x00, 0x73, 0x65, 0x71, 0x75,
  0x65, 0x6e, 0x74, 0x69, 0x61, 0x6c, 0x5f, 0x33, 0x37, 0x5f, 0x31, 0x2f,
  0x63, 0x6f, 0x6e, 0x76, 0x32, 0x64, 0x5f, 0x31, 0x30, 0x37, 0x5f, 0x31,
  0x2f, 0x52, 0x65, 0x6c, 0x75, 0x3b, 0x73, 0x65, 0x71, 0x75, 0x65, 0x6e,
  0x74, 0x69, 0x61, 0x6c, 0x5f, 0x33, 0x37, 0x5f, 0x31, 0x2f, 0x63, 0x6f,
  0x6e, 0x76, 0x32, 0x64, 0x5f, 0x31, 0x30, 0x37, 0x5f, 0x31, 0x2f, 0x42,
  0x69, 0x61, 0x73, 0x41, 0x64, 0x64, 0x3b, 0x73, 0x65, 0x71, 0x75, 0x65,
  0x6e, 0x74, 0x69, 0x61, 0x6c, 0x5f, 0x33, 0x37, 0x5f, 0x31, 0x2f, 0x63,
  0x6f, 0x6e, 0x76, 0x32, 0x64, 0x5f, 0x31, 0x30, 0x37, 0x5f, 0x31, 0x2f,
  0x63, 0x6f, 0x6e, 0x76, 0x6f, 0x6c, 0x75, 0x74, 0x69, 0x6f, 0x6e, 0x3b,
  0x73, 0x65, 0x71, 0x75, 0x65, 0x6e, 0x74, 0x69, 0x61, 0x6c, 0x5f, 0x33,
  0x37, 0x5f, 0x31, 0x2f, 0x63, 0x6f, 0x6e, 0x76, 0x32, 0x64, 0x5f, 0x31,
  0x30, 0x37, 0x5f, 0x31, 0x2f, 0x53, 0x71, 0x75, 0x65, 0x65, 0x7a, 0x65,
  0x31, 0x00, 0x00, 0x00, 0x04, 0x00, 0x00, 0x00, 0x01, 0x00, 0x00, 0x00,
  0x14, 0x00, 0x00, 0x00, 0x01, 0x00, 0x00, 0x00, 0x10, 0x00, 0x00, 0x00,
  0xea, 0xe3, 0xff, 0xff, 0x00, 0x00, 0x00, 0x01, 0x14, 0x00, 0x00, 0x00,
  0x30, 0x00, 0x00, 0x00, 0x1e, 0x00, 0x00, 0x00, 0x00, 0x00, 0x00, 0x09,
  0x64, 0x00, 0x00, 0x00, 0xd4, 0xe3, 0xff, 0xff, 0x08, 0x00, 0x00, 0x00,
  0x10, 0x00, 0x00, 0x00, 0x01, 0x00, 0x00, 0x00, 0xb4, 0xff, 0xff, 0xff,
  0xff, 0xff, 0xff, 0xff, 0x01, 0x00, 0x00, 0x00, 0x20, 0xab, 0x7a, 0x3c,
  0x38, 0x00, 0x00, 0x00, 0x73, 0x65, 0x71, 0x75, 0x65, 0x6e, 0x74, 0x69,
  0x61, 0x6c, 0x5f, 0x33, 0x37, 0x5f, 0x31, 0x2f, 0x62, 0x61, 0x74, 0x63,
  0x68, 0x5f, 0x6e, 0x6f, 0x72, 0x6d, 0x61, 0x6c, 0x69, 0x7a, 0x61, 0x74,
  0x69, 0x6f, 0x6e, 0x5f, 0x35, 0x31, 0x5f, 0x31, 0x2f, 0x62, 0x61, 0x74,
  0x63, 0x68, 0x6e, 0x6f, 0x72, 0x6d, 0x2f, 0x61, 0x64, 0x64, 0x5f, 0x31,
  0x00, 0x00, 0x00, 0x00, 0x04, 0x00, 0x00, 0x00, 0x01, 0x00, 0x00, 0x00,
  0x14, 0x00, 0x00, 0x00, 0x01, 0x00, 0x00, 0x00, 0x10, 0x00, 0x00, 0x00,
  0x7a, 0xe4, 0xff, 0xff, 0x00, 0x00, 0x00, 0x01, 0x14, 0x00, 0x00, 0x00,
  0x30, 0x00, 0x00, 0x00, 0x1d, 0x00, 0x00, 0x00, 0x00, 0x00, 0x00, 0x09,
  0x64, 0x00, 0x00, 0x00, 0x64, 0xe4, 0xff, 0xff, 0x08, 0x00, 0x00, 0x00,
  0x10, 0x00, 0x00, 0x00, 0x01, 0x00, 0x00, 0x00, 0xad, 0xff, 0xff, 0xff,
  0xff, 0xff, 0xff, 0xff, 0x01, 0x00, 0x00, 0x00, 0xcf, 0x94, 0x91, 0x3c,
  0x38, 0x00, 0x00, 0x00, 0x73, 0x65, 0x71, 0x75, 0x65, 0x6e, 0x74, 0x69,
  0x61, 0x6c, 0x5f, 0x33, 0x37, 0x5f, 0x31, 0x2f, 0x62, 0x61, 0x74, 0x63,
  0x68, 0x5f, 0x6e, 0x6f, 0x72, 0x6d, 0x61, 0x6c, 0x69, 0x7a, 0x61, 0x74,
  0x69, 0x6f, 0x6e, 0x5f, 0x35, 0x31, 0x5f, 0x31, 0x2f, 0x62, 0x61, 0x74,
  0x63, 0x68, 0x6e, 0x6f, 0x72, 0x6d, 0x2f, 0x6d, 0x75, 0x6c, 0x5f, 0x31,
  0x00, 0x00, 0x00, 0x00, 0x04, 0x00, 0x00, 0x00, 0x01, 0x00, 0x00, 0x00,
  0x14, 0x00, 0x00, 0x00, 0x01, 0x00, 0x00, 0x00, 0x10, 0x00, 0x00, 0x00,
  0x0a, 0xe5, 0xff, 0xff, 0x00, 0x00, 0x00, 0x01, 0x14, 0x00, 0x00, 0x00,
  0x34, 0x00, 0x00, 0x00, 0x1c, 0x00, 0x00, 0x00, 0x00, 0x00, 0x00, 0x09,
  0xc4, 0x00, 0x00, 0x00, 0xf4, 0xe4, 0xff, 0xff, 0x08, 0x00, 0x00, 0x00,
  0x14, 0x00, 0x00, 0x00, 0x01, 0x00, 0x00, 0x00, 0x80, 0xff, 0xff, 0xff,
  0xff, 0xff, 0xff, 0xff, 0x00, 0x00, 0x00, 0x00, 0x01, 0x00, 0x00, 0x00,
  0x87, 0x1c, 0x70, 0x3c, 0x95, 0x00, 0x00, 0x00, 0x73, 0x65, 0x71, 0x75,
  0x65, 0x6e, 0x74, 0x69, 0x61, 0x6c, 0x5f, 0x33, 0x37, 0x5f, 0x31, 0x2f,
  0x63, 0x6f, 0x6e, 0x76, 0x32, 0x64, 0x5f, 0x31, 0x30, 0x36, 0x5f, 0x31,
  0x2f, 0x52, 0x65, 0x6c, 0x75, 0x3b, 0x73, 0x65, 0x71, 0x75, 0x65, 0x6e,
  0x74, 0x69, 0x61, 0x6c, 0x5f, 0x33, 0x37, 0x5f, 0x31, 0x2f, 0x63, 0x6f,
  0x6e, 0x76, 0x32, 0x64, 0x5f, 0x31, 0x30, 0x36, 0x5f, 0x31, 0x2f, 0x42,
  0x69, 0x61, 0x73, 0x41, 0x64, 0x64, 0x3b, 0x73, 0x65, 0x71, 0x75, 0x65,
  0x6e, 0x74, 0x69, 0x61, 0x6c, 0x5f, 0x33, 0x37, 0x5f, 0x31, 0x2f, 0x63,
  0x6f, 0x6e, 0x76, 0x32, 0x64, 0x5f, 0x31, 0x30, 0x36, 0x5f, 0x31, 0x2f,
  0x63, 0x6f, 0x6e, 0x76, 0x6f, 0x6c, 0x75, 0x74, 0x69, 0x6f, 0x6e, 0x3b,
  0x73, 0x65, 0x71, 0x75, 0x65, 0x6e, 0x74, 0x69, 0x61, 0x6c, 0x5f, 0x33,
  0x37, 0x5f, 0x31, 0x2f, 0x63, 0x6f, 0x6e, 0x76, 0x32, 0x64, 0x5f, 0x31,
  0x30, 0x36, 0x5f, 0x31, 0x2f, 0x53, 0x71, 0x75, 0x65, 0x65, 0x7a, 0x65,
  0x31, 0x00, 0x00, 0x00, 0x04, 0x00, 0x00, 0x00, 0x01, 0x00, 0x00, 0x00,
  0x14, 0x00, 0x00, 0x00, 0x01, 0x00, 0x00, 0x00, 0x10, 0x00, 0x00, 0x00,
  0xfa, 0xe5, 0xff, 0xff, 0x00, 0x00, 0x00, 0x01, 0x14, 0x00, 0x00, 0x00,
  0x30, 0x00, 0x00, 0x00, 0x1b, 0x00, 0x00, 0x00, 0x00, 0x00, 0x00, 0x09,
  0x64, 0x00, 0x00, 0x00, 0xe4, 0xe5, 0xff, 0xff, 0x08, 0x00, 0x00, 0x00,
  0x10, 0x00, 0x00, 0x00, 0x01, 0x00, 0x00, 0x00, 0xb3, 0xff, 0xff, 0xff,
  0xff, 0xff, 0xff, 0xff, 0x01, 0x00, 0x00, 0x00, 0x3b, 0x22, 0x81, 0x3c,
  0x38, 0x00, 0x00, 0x00, 0x73, 0x65, 0x71, 0x75, 0x65, 0x6e, 0x74, 0x69,
  0x61, 0x6c, 0x5f, 0x33, 0x37, 0x5f, 0x31, 0x2f, 0x62, 0x61, 0x74, 0x63,
  0x68, 0x5f, 0x6e, 0x6f, 0x72, 0x6d, 0x61, 0x6c, 0x69, 0x7a, 0x61, 0x74,
  0x69, 0x6f, 0x6e, 0x5f, 0x35, 0x30, 0x5f, 0x31, 0x2f, 0x62, 0x61, 0x74,
  0x63, 0x68, 0x6e, 0x6f, 0x72, 0x6d, 0x2f, 0x61, 0x64, 0x64, 0x5f, 0x31,
  0x00, 0x00, 0x00, 0x00, 0x04, 0x00, 0x00, 0x00, 0x01, 0x00, 0x00, 0x00,
  0x14, 0x00, 0x00, 0x00, 0x01, 0x00, 0x00, 0x00, 0x10, 0x00, 0x00, 0x00,
  0x8a, 0xe6, 0xff, 0xff, 0x00, 0x00, 0x00, 0x01, 0x14, 0x00, 0x00, 0x00,
  0x30, 0x00, 0x00, 0x00, 0x1a, 0x00, 0x00, 0x00, 0x00, 0x00, 0x00, 0x09,
  0x64, 0x00, 0x00, 0x00, 0x74, 0xe6, 0xff, 0xff, 0x08, 0x00, 0x00, 0x00,
  0x10, 0x00, 0x00, 0x00, 0x01, 0x00, 0x00, 0x00, 0xac, 0xff, 0xff, 0xff,
  0xff, 0xff, 0xff, 0xff, 0x01, 0x00, 0x00, 0x00, 0x62, 0x2f, 0x94, 0x3c,
  0x38, 0x00, 0x00, 0x00, 0x73, 0x65, 0x71, 0x75, 0x65, 0x6e, 0x74, 0x69,
  0x61, 0x6c, 0x5f, 0x33, 0x37, 0x5f, 0x31, 0x2f, 0x62, 0x61, 0x74, 0x63,
  0x68, 0x5f, 0x6e, 0x6f, 0x72, 0x6d, 0x61, 0x6c, 0x69, 0x7a, 0x61, 0x74,
  0x69, 0x6f, 0x6e, 0x5f, 0x35, 0x30, 0x5f, 0x31, 0x2f, 0x62, 0x61, 0x74,
  0x63, 0x68, 0x6e, 0x6f, 0x72, 0x6d, 0x2f, 0x6d, 0x75, 0x6c, 0x5f, 0x31,
  0x00, 0x00, 0x00, 0x00, 0x04, 0x00, 0x00, 0x00, 0x01, 0x00, 0x00, 0x00,
  0x14, 0x00, 0x00, 0x00, 0x01, 0x00, 0x00, 0x00, 0x10, 0x00, 0x00, 0x00,
  0x1a, 0xe7, 0xff, 0xff, 0x00, 0x00, 0x00, 0x01, 0x14, 0x00, 0x00, 0x00,
  0x34, 0x00, 0x00, 0x00, 0x19, 0x00, 0x00, 0x00, 0x00, 0x00, 0x00, 0x09,
  0xc4, 0x00, 0x00, 0x00, 0x04, 0xe7, 0xff, 0xff, 0x08, 0x00, 0x00, 0x00,
  0x14, 0x00, 0x00, 0x00, 0x01, 0x00, 0x00, 0x00, 0x80, 0xff, 0xff, 0xff,
  0xff, 0xff, 0xff, 0xff, 0x00, 0x00, 0x00, 0x00, 0x01, 0x00, 0x00, 0x00,
  0xfa, 0x91, 0x66, 0x3f, 0x95, 0x00, 0x00, 0x00, 0x73, 0x65, 0x71, 0x75,
  0x65, 0x6e, 0x74, 0x69, 0x61, 0x6c, 0x5f, 0x33, 0x37, 0x5f, 0x31, 0x2f,
  0x63, 0x6f, 0x6e, 0x76, 0x32, 0x64, 0x5f, 0x31, 0x30, 0x35, 0x5f, 0x31,
  0x2f, 0x52, 0x65, 0x6c, 0x75, 0x3b, 0x73, 0x65, 0x71, 0x75, 0x65, 0x6e,
  0x74, 0x69, 0x61, 0x6c, 0x5f, 0x33, 0x37, 0x5f, 0x31, 0x2f, 0x63, 0x6f,
  0x6e, 0x76, 0x32, 0x64, 0x5f, 0x31, 0x30, 0x35, 0x5f, 0x31, 0x2f, 0x42,
  0x69, 0x61, 0x73, 0x41, 0x64, 0x64, 0x3b, 0x73, 0x65, 0x71, 0x75, 0x65,
  0x6e, 0x74, 0x69, 0x61, 0x6c, 0x5f, 0x33, 0x37, 0x5f, 0x31, 0x2f, 0x63,
  0x6f, 0x6e, 0x76, 0x32, 0x64, 0x5f, 0x31, 0x30, 0x35, 0x5f, 0x31, 0x2f,
  0x63, 0x6f, 0x6e, 0x76, 0x6f, 0x6c, 0x75, 0x74, 0x69, 0x6f, 0x6e, 0x3b,
  0x73, 0x65, 0x71, 0x75, 0x65, 0x6e, 0x74, 0x69, 0x61, 0x6c, 0x5f, 0x33,
  0x37, 0x5f, 0x31, 0x2f, 0x63, 0x6f, 0x6e, 0x76, 0x32, 0x64, 0x5f, 0x31,
  0x30, 0x35, 0x5f, 0x31, 0x2f, 0x53, 0x71, 0x75, 0x65, 0x65, 0x7a, 0x65,
  0x31, 0x00, 0x00, 0x00, 0x04, 0x00, 0x00, 0x00, 0x01, 0x00, 0x00, 0x00,
  0x14, 0x00, 0x00, 0x00, 0x01, 0x00, 0x00, 0x00, 0x10, 0x00, 0x00, 0x00,
  0x0a, 0xe8, 0xff, 0xff, 0x00, 0x00, 0x00, 0x01, 0x14, 0x00, 0x00, 0x00,
  0xe8, 0x00, 0x00, 0x00, 0x18, 0x00, 0x00, 0x00, 0x00, 0x00, 0x00, 0x09,
  0x0c, 0x01, 0x00, 0x00, 0xf4, 0xe7, 0xff, 0xff, 0x08, 0x00, 0x00, 0x00,
  0x8c, 0x00, 0x00, 0x00, 0x10, 0x00, 0x00, 0x00, 0x00, 0x00, 0x00, 0x00,
  0x00, 0x00, 0x00, 0x00, 0x00, 0x00, 0x00, 0x00, 0x00, 0x00, 0x00, 0x00,
  0x00, 0x00, 0x00, 0x00, 0x00, 0x00, 0x00, 0x00, 0x00, 0x00, 0x00, 0x00,
  0x00, 0x00, 0x00, 0x00, 0x00, 0x00, 0x00, 0x00, 0x00, 0x00, 0x00, 0x00,
  0x00, 0x00, 0x00, 0x00, 0x00, 0x00, 0x00, 0x00, 0x00, 0x00, 0x00, 0x00,
  0x00, 0x00, 0x00, 0x00, 0x00, 0x00, 0x00, 0x00, 0x00, 0x00, 0x00, 0x00,
  0x00, 0x00, 0x00, 0x00, 0x00, 0x00, 0x00, 0x00, 0x00, 0x00, 0x00, 0x00,
  0x00, 0x00, 0x00, 0x00, 0x00, 0x00, 0x00, 0x00, 0x00, 0x00, 0x00, 0x00,
  0x00, 0x00, 0x00, 0x00, 0x00, 0x00, 0x00, 0x00, 0x00, 0x00, 0x00, 0x00,
  0x00, 0x00, 0x00, 0x00, 0x00, 0x00, 0x00, 0x00, 0x00, 0x00, 0x00, 0x00,
  0x00, 0x00, 0x00, 0x00, 0x00, 0x00, 0x00, 0x00, 0x00, 0x00, 0x00, 0x00,
  0x00, 0x00, 0x00, 0x00, 0x00, 0x00, 0x00, 0x00, 0x10, 0x00, 0x00, 0x00,
  0xf1, 0x2f, 0x1a, 0x3b, 0xd2, 0xc0, 0x06, 0x3b, 0x09, 0xa7, 0x11, 0x3b,
  0x02, 0x1d, 0x13, 0x3b, 0x14, 0x4b, 0x1b, 0x3b, 0x4a, 0x5a, 0x09, 0x3b,
  0xea, 0xf4, 0x1a, 0x3b, 0x61, 0x69, 0x10, 0x3b, 0x99, 0xe2, 0x07, 0x3b,
  0x01, 0xea, 0x0b, 0x3b, 0x58, 0x56, 0x0e, 0x3b, 0x71, 0x4c, 0x0e, 0x3b,
  0x2a, 0x7b, 0x03, 0x3b, 0xcb, 0x5e, 0x0b, 0x3b, 0x84, 0x11, 0x0e, 0x3b,
  0xeb, 0x1a, 0x21, 0x3b, 0x28, 0x00, 0x00, 0x00, 0x73, 0x65, 0x71, 0x75,
  0x65, 0x6e, 0x74, 0x69, 0x61, 0x6c, 0x5f, 0x33, 0x37, 0x5f, 0x31, 0x2f,
  0x63, 0x6f, 0x6e, 0x76, 0x32, 0x64, 0x5f, 0x31, 0x30, 0x35, 0x5f, 0x31,
  0x2f, 0x63, 0x6f, 0x6e, 0x76, 0x6f, 0x6c, 0x75, 0x74, 0x69, 0x6f, 0x6e,
  0x00, 0x00, 0x00, 0x00, 0x04, 0x00, 0x00, 0x00, 0x10, 0x00, 0x00, 0x00,
  0x03, 0x00, 0x00, 0x00, 0x01, 0x00, 0x00, 0x00, 0x09, 0x00, 0x00, 0x00,
  0x42, 0xe9, 0xff, 0xff, 0x00, 0x00, 0x00, 0x01, 0x14, 0x00, 0x00, 0x00,
  0xe8, 0x00, 0x00, 0x00, 0x17, 0x00, 0x00, 0x00, 0x00, 0x00, 0x00, 0x02,
  0x78, 0x01, 0x00, 0x00, 0x2c, 0xe9, 0xff, 0xff, 0x08, 0x00, 0x00, 0x00,
  0x8c, 0x00, 0x00, 0x00, 0x10, 0x00, 0x00, 0x00, 0x00, 0x00, 0x00, 0x00,
  0x00, 0x00, 0x00, 0x00, 0x00, 0x00, 0x00, 0x00, 0x00, 0x00, 0x00, 0x00,
  0x00, 0x00, 0x00, 0x00, 0x00, 0x00, 0x00, 0x00, 0x00, 0x00, 0x00, 0x00,
  0x00, 0x00, 0x00, 0x00, 0x00, 0x00, 0x00, 0x00, 0x00, 0x00, 0x00, 0x00,
  0x00, 0x00, 0x00, 0x00, 0x00, 0x00, 0x00, 0x00, 0x00, 0x00, 0x00, 0x00,
  0x00, 0x00, 0x00, 0x00, 0x00, 0x00, 0x00, 0x00, 0x00, 0x00, 0x00, 0x00,
  0x00, 0x00, 0x00, 0x00, 0x00, 0x00, 0x00, 0x00, 0x00, 0x00, 0x00, 0x00,
  0x00, 0x00, 0x00, 0x00, 0x00, 0x00, 0x00, 0x00, 0x00, 0x00, 0x00, 0x00,
  0x00, 0x00, 0x00, 0x00, 0x00, 0x00, 0x00, 0x00, 0x00, 0x00, 0x00, 0x00,
  0x00, 0x00, 0x00, 0x00, 0x00, 0x00, 0x00, 0x00, 0x00, 0x00, 0x00, 0x00,
  0x00, 0x00, 0x00, 0x00, 0x00, 0x00, 0x00, 0x00, 0x00, 0x00, 0x00, 0x00,
  0x00, 0x00, 0x00, 0x00, 0x00, 0x00, 0x00, 0x00, 0x10, 0x00, 0x00, 0x00,
  0x59, 0xec, 0xb3, 0x3b, 0xcf, 0x3e, 0x9d, 0x3b, 0xc0, 0xf6, 0xa9, 0x3b,
  0x25, 0xab, 0xab, 0x3b, 0xbe, 0x36, 0xb5, 0x3b, 0x5b, 0x47, 0xa0, 0x3b,
  0x32, 0xd2, 0xb4, 0x3b, 0x12, 0x84, 0xa8, 0x3b, 0xf4, 0x90, 0x9e, 0x3b,
  0x84, 0x44, 0xa3, 0x3b, 0x66, 0x18, 0xa6, 0x3b, 0xd8, 0x0c, 0xa6, 0x3b,
  0x56, 0x6d, 0x99, 0x3b, 0x12, 0xa2, 0xa2, 0x3b, 0x15, 0xc8, 0xa5, 0x3b,
  0xec, 0xfe, 0xbb, 0x3b, 0x94, 0x00, 0x00, 0x00, 0x73, 0x65, 0x71, 0x75,
  0x65, 0x6e, 0x74, 0x69, 0x61, 0x6c, 0x5f, 0x33, 0x37, 0x5f, 0x31, 0x2f,
  0x63, 0x6f, 0x6e, 0x76, 0x32, 0x64, 0x5f, 0x31, 0x30, 0x35, 0x5f, 0x31,
  0x2f, 0x52, 0x65, 0x6c, 0x75, 0x3b, 0x73, 0x65, 0x71, 0x75, 0x65, 0x6e,
  0x74, 0x69, 0x61, 0x6c, 0x5f, 0x33, 0x37, 0x5f, 0x31, 0x2f, 0x63, 0x6f,
  0x6e, 0x76, 0x32, 0x64, 0x5f, 0x31, 0x30, 0x35, 0x5f, 0x31, 0x2f, 0x42,
  0x69, 0x61, 0x73, 0x41, 0x64, 0x64, 0x3b, 0x73, 0x65, 0x71, 0x75, 0x65,
  0x6e, 0x74, 0x69, 0x61, 0x6c, 0x5f, 0x33, 0x37, 0x5f, 0x31, 0x2f, 0x63,
  0x6f, 0x6e, 0x76, 0x32, 0x64, 0x5f, 0x31, 0x30, 0x35, 0x5f, 0x31, 0x2f,
  0x63, 0x6f, 0x6e, 0x76, 0x6f, 0x6c, 0x75, 0x74, 0x69, 0x6f, 0x6e, 0x3b,
  0x73, 0x65, 0x71, 0x75, 0x65, 0x6e, 0x74, 0x69, 0x61, 0x6c, 0x5f, 0x33,
  0x37, 0x5f, 0x31, 0x2f, 0x63, 0x6f, 0x6e, 0x76, 0x32, 0x64, 0x5f, 0x31,
  0x30, 0x35, 0x5f, 0x31, 0x2f, 0x53, 0x71, 0x75, 0x65, 0x65, 0x7a, 0x65,
  0x00, 0x00, 0x00, 0x00, 0x01, 0x00, 0x00, 0x00, 0x10, 0x00, 0x00, 0x00,
  0xda, 0xea, 0xff, 0xff, 0x00, 0x00, 0x00, 0x01, 0x14, 0x00, 0x00, 0x00,
  0x30, 0x00, 0x00, 0x00, 0x16, 0x00, 0x00, 0x00, 0x00, 0x00, 0x00, 0x09,
  0x60, 0x00, 0x00, 0x00, 0xc4, 0xea, 0xff, 0xff, 0x08, 0x00, 0x00, 0x00,
  0x10, 0x00, 0x00, 0x00, 0x01, 0x00, 0x00, 0x00, 0x80, 0xff, 0xff, 0xff,
  0xff, 0xff, 0xff, 0xff, 0x01, 0x00, 0x00, 0x00, 0xfb, 0x5e, 0xa1, 0x39,
  0x36, 0x00, 0x00, 0x00, 0x73, 0x65, 0x71, 0x75, 0x65, 0x6e, 0x74, 0x69,
  0x61, 0x6c, 0x5f, 0x33, 0x37, 0x5f, 0x31, 0x2f, 0x62, 0x61, 0x74, 0x63,
  0x68, 0x5f, 0x6e, 0x6f, 0x72, 0x6d, 0x61, 0x6c, 0x69, 0x7a, 0x61, 0x74,
  0x69, 0x6f, 0x6e, 0x5f, 0x35, 0x30, 0x5f, 0x31, 0x2f, 0x62, 0x61, 0x74,
  0x63, 0x68, 0x6e, 0x6f, 0x72, 0x6d, 0x2f, 0x6d, 0x75, 0x6c, 0x00, 0x00,
  0x01, 0x00, 0x00, 0x00, 0x10, 0x00, 0x00, 0x00, 0x5a, 0xeb, 0xff, 0xff,
  0x00, 0x00, 0x00, 0x01, 0x14, 0x00, 0x00, 0x00, 0x30, 0x00, 0x00, 0x00,
  0x15, 0x00, 0x00, 0x00, 0x00, 0x00, 0x00, 0x09, 0x60, 0x00, 0x00, 0x00,
  0x44, 0xeb, 0xff, 0xff, 0x08, 0x00, 0x00, 0x00, 0x10, 0x00, 0x00, 0x00,
  0x01, 0x00, 0x00, 0x00, 0x7f, 0x00, 0x00, 0x00, 0x00, 0x00, 0x00, 0x00,
  0x01, 0x00, 0x00, 0x00, 0xc9, 0x23, 0x4d, 0x3b, 0x36, 0x00, 0x00, 0x00,
  0x73, 0x65, 0x71, 0x75, 0x65, 0x6e, 0x74, 0x69, 0x61, 0x6c, 0x5f, 0x33,
  0x37, 0x5f, 0x31, 0x2f, 0x62, 0x61, 0x74, 0x63, 0x68, 0x5f, 0x6e, 0x6f,
  0x72, 0x6d, 0x61, 0x6c, 0x69, 0x7a, 0x61, 0x74, 0x69, 0x6f, 0x6e, 0x5f,
  0x35, 0x30, 0x5f, 0x31, 0x2f, 0x62, 0x61, 0x74, 0x63, 0x68, 0x6e, 0x6f,
  0x72, 0x6d, 0x2f, 0x73, 0x75, 0x62, 0x00, 0x00, 0x01, 0x00, 0x00, 0x00,
  0x10, 0x00, 0x00, 0x00, 0xda, 0xeb, 0xff, 0xff, 0x00, 0x00, 0x00, 0x01,
  0x14, 0x00, 0x00, 0x00, 0xe8, 0x00, 0x00, 0x00, 0x14, 0x00, 0x00, 0x00,
  0x00, 0x00, 0x00, 0x09, 0x0c, 0x01, 0x00, 0x00, 0xc4, 0xeb, 0xff, 0xff,
  0x08, 0x00, 0x00, 0x00, 0x8c, 0x00, 0x00, 0x00, 0x10, 0x00, 0x00, 0x00,
  0x00, 0x00, 0x00, 0x00, 0x00, 0x00, 0x00, 0x00, 0x00, 0x00, 0x00, 0x00,
  0x00, 0x00, 0x00, 0x00, 0x00, 0x00, 0x00, 0x00, 0x00, 0x00, 0x00, 0x00,
  0x00, 0x00, 0x00, 0x00, 0x00, 0x00, 0x00, 0x00, 0x00, 0x00, 0x00, 0x00,
  0x00, 0x00, 0x00, 0x00, 0x00, 0x00, 0x00, 0x00, 0x00, 0x00, 0x00, 0x00,
  0x00, 0x00, 0x00, 0x00, 0x00, 0x00, 0x00, 0x00, 0x00, 0x00, 0x00, 0x00,
  0x00, 0x00, 0x00, 0x00, 0x00, 0x00, 0x00, 0x00, 0x00, 0x00, 0x00, 0x00,
  0x00, 0x00, 0x00, 0x00, 0x00, 0x00, 0x00, 0x00, 0x00, 0x00, 0x00, 0x00,
  0x00, 0x00, 0x00, 0x00, 0x00, 0x00, 0x00, 0x00, 0x00, 0x00, 0x00, 0x00,
  0x00, 0x00, 0x00, 0x00, 0x00, 0x00, 0x00, 0x00, 0x00, 0x00, 0x00, 0x00,
  0x00, 0x00, 0x00, 0x00, 0x00, 0x00, 0x00, 0x00, 0x00, 0x00, 0x00, 0x00,
  0x00, 0x00, 0x00, 0x00, 0x00, 0x00, 0x00, 0x00, 0x00, 0x00, 0x00, 0x00,
  0x10, 0x00, 0x00, 0x00, 0xf1, 0x92, 0x02, 0x3b, 0x98, 0x6f, 0x05, 0x3b,
  0x7d, 0xe5, 0x00, 0x3b, 0xbd, 0x0b, 0x0a, 0x3b, 0xb3, 0x12, 0x08, 0x3b,
  0x73, 0xa7, 0xfe, 0x3a, 0x29, 0xbb, 0x01, 0x3b, 0x96, 0x14, 0xf5, 0x3a,
  0x39, 0x3a, 0x04, 0x3b, 0x82, 0x63, 0x04, 0x3b, 0x02, 0xa7, 0x00, 0x3b,
  0x2a, 0xa3, 0x03, 0x3b, 0x75, 0xf7, 0x0e, 0x3b, 0xaf, 0xf7, 0x02, 0x3b,
  0xbd, 0xf2, 0xfd, 0x3a, 0xbc, 0xe3, 0xfb, 0x3a, 0x28, 0x00, 0x00, 0x00,
  0x73, 0x65, 0x71, 0x75, 0x65, 0x6e, 0x74, 0x69, 0x61, 0x6c, 0x5f, 0x33,
  0x37, 0x5f, 0x31, 0x2f, 0x63, 0x6f, 0x6e, 0x76, 0x32, 0x64, 0x5f, 0x31,
  0x30, 0x36, 0x5f, 0x31, 0x2f, 0x63, 0x6f, 0x6e, 0x76, 0x6f, 0x6c, 0x75,
  0x74, 0x69, 0x6f, 0x6e, 0x00, 0x00, 0x00, 0x00, 0x04, 0x00, 0x00, 0x00,
  0x10, 0x00, 0x00, 0x00, 0x03, 0x00, 0x00, 0x00, 0x01, 0x00, 0x00, 0x00,
  0x10, 0x00, 0x00, 0x00, 0x12, 0xed, 0xff, 0xff, 0x00, 0x00, 0x00, 0x01,
  0x14, 0x00, 0x00, 0x00, 0xe8, 0x00, 0x00, 0x00, 0x13, 0x00, 0x00, 0x00,
  0x00, 0x00, 0x00, 0x02, 0x78, 0x01, 0x00, 0x00, 0xfc, 0xec, 0xff, 0xff,
  0x08, 0x00, 0x00, 0x00, 0x8c, 0x00, 0x00, 0x00, 0x10, 0x00, 0x00, 0x00,
  0x00, 0x00, 0x00, 0x00, 0x00, 0x00, 0x00, 0x00, 0x00, 0x00, 0x00, 0x00,
  0x00, 0x00, 0x00, 0x00, 0x00, 0x00, 0x00, 0x00, 0x00, 0x00, 0x00, 0x00,
  0x00, 0x00, 0x00, 0x00, 0x00, 0x00, 0x00, 0x00, 0x00, 0x00, 0x00, 0x00,
  0x00, 0x00, 0x00, 0x00, 0x00, 0x00, 0x00, 0x00, 0x00, 0x00, 0x00, 0x00,
  0x00, 0x00, 0x00, 0x00, 0x00, 0x00, 0x00, 0x00, 0x00, 0x00, 0x00, 0x00,
  0x00, 0x00, 0x00, 0x00, 0x00, 0x00, 0x00, 0x00, 0x00, 0x00, 0x00, 0x00,
  0x00, 0x00, 0x00, 0x00, 0x00, 0x00, 0x00, 0x00, 0x00, 0x00, 0x00, 0x00,
  0x00, 0x00, 0x00, 0x00, 0x00, 0x00, 0x00, 0x00, 0x00, 0x00, 0x00, 0x00,
  0x00, 0x00, 0x00, 0x00, 0x00, 0x00, 0x00, 0x00, 0x00, 0x00, 0x00, 0x00,
  0x00, 0x00, 0x00, 0x00, 0x00, 0x00, 0x00, 0x00, 0x00, 0x00, 0x00, 0x00,
  0x00, 0x00, 0x00, 0x00, 0x00, 0x00, 0x00, 0x00, 0x00, 0x00, 0x00, 0x00,
  0x10, 0x00, 0x00, 0x00, 0x02, 0xbb, 0x03, 0x38, 0x26, 0x9e, 0x06, 0x38,
  0xc0, 0x09, 0x02, 0x38, 0xbf, 0x44, 0x0b, 0x38, 0x3c, 0x47, 0x09, 0x38,
  0x6e, 0x74, 0x00, 0x38, 0x51, 0xe1, 0x02, 0x38, 0x4a, 0x40, 0xf7, 0x37,
  0x0a, 0x66, 0x05, 0x38, 0xb0, 0x8f, 0x05, 0x38, 0xb8, 0xca, 0x01, 0x38,
  0xa4, 0xcd, 0x04, 0x38, 0xa0, 0x3b, 0x10, 0x38, 0xa5, 0x20, 0x04, 0x38,
  0x46, 0x19, 0x00, 0x38, 0xe0, 0x1e, 0xfe, 0x37, 0x94, 0x00, 0x00, 0x00,
  0x73, 0x65, 0x71, 0x75, 0x65, 0x6e, 0x74, 0x69, 0x61, 0x6c, 0x5f, 0x33,
  0x37, 0x5f, 0x31, 0x2f, 0x63, 0x6f, 0x6e, 0x76, 0x32, 0x64, 0x5f, 0x31,
  0x30, 0x36, 0x5f, 0x31, 0x2f, 0x52, 0x65, 0x6c, 0x75, 0x3b, 0x73, 0x65,
  0x71, 0x75, 0x65, 0x6e, 0x74, 0x69, 0x61, 0x6c, 0x5f, 0x33, 0x37, 0x5f,
  0x31, 0x2f, 0x63, 0x6f, 0x6e, 0x76, 0x32, 0x64, 0x5f, 0x31, 0x30, 0x36,
  0x5f, 0x31, 0x2f, 0x42, 0x69, 0x61, 0x73, 0x41, 0x64, 0x64, 0x3b, 0x73,
  0x65, 0x71, 0x75, 0x65, 0x6e, 0x74, 0x69, 0x61, 0x6c, 0x5f, 0x33, 0x37,
  0x5f, 0x31, 0x2f, 0x63, 0x6f, 0x6e, 0x76, 0x32, 0x64, 0x5f, 0x31, 0x30,
  0x36, 0x5f, 0x31, 0x2f, 0x63, 0x6f, 0x6e, 0x76, 0x6f, 0x6c, 0x75, 0x74,
  0x69, 0x6f, 0x6e, 0x3b, 0x73, 0x65, 0x71, 0x75, 0x65, 0x6e, 0x74, 0x69,
  0x61, 0x6c, 0x5f, 0x33, 0x37, 0x5f, 0x31, 0x2f, 0x63, 0x6f, 0x6e, 0x76,
  0x32, 0x64, 0x5f, 0x31, 0x30, 0x36, 0x5f, 0x31, 0x2f, 0x53, 0x71, 0x75,
  0x65, 0x65, 0x7a, 0x65, 0x00, 0x00, 0x00, 0x00, 0x01, 0x00, 0x00, 0x00,
  0x10, 0x00, 0x00, 0x00, 0xaa, 0xee, 0xff, 0xff, 0x00, 0x00, 0x00, 0x01,
  0x14, 0x00, 0x00, 0x00, 0x30, 0x00, 0x00, 0x00, 0x12, 0x00, 0x00, 0x00,
  0x00, 0x00, 0x00, 0x09, 0x60, 0x00, 0x00, 0x00, 0x94, 0xee, 0xff, 0xff,
  0x08, 0x00, 0x00, 0x00, 0x10, 0x00, 0x00, 0x00, 0x01, 0x00, 0x00, 0x00,
  0x80, 0xff, 0xff, 0xff, 0xff, 0xff, 0xff, 0xff, 0x01, 0x00, 0x00, 0x00,
  0xd9, 0xc8, 0x3b, 0x3c, 0x36, 0x00, 0x00, 0x00, 0x73, 0x65, 0x71, 0x75,
  0x65, 0x6e, 0x74, 0x69, 0x61, 0x6c, 0x5f, 0x33, 0x37, 0x5f, 0x31, 0x2f,
  0x62, 0x61, 0x74, 0x63, 0x68, 0x5f, 0x6e, 0x6f, 0x72, 0x6d, 0x61, 0x6c,
  0x69, 0x7a, 0x61, 0x74, 0x69, 0x6f, 0x6e, 0x5f, 0x35, 0x31, 0x5f, 0x31,
  0x2f, 0x62, 0x61, 0x74, 0x63, 0x68, 0x6e, 0x6f, 0x72, 0x6d, 0x2f, 0x6d,
  0x75, 0x6c, 0x00, 0x00, 0x01, 0x00, 0x00, 0x00, 0x10, 0x00, 0x00, 0x00,
  0x2a, 0xef, 0xff, 0xff, 0x00, 0x00, 0x00, 0x01, 0x14, 0x00, 0x00, 0x00,
  0x30, 0x00, 0x00, 0x00, 0x11, 0x00, 0x00, 0x00, 0x00, 0x00, 0x00, 0x09,
  0x60, 0x00, 0x00, 0x00, 0x14, 0xef, 0xff, 0xff, 0x08, 0x00, 0x00, 0x00,
  0x10, 0x00, 0x00, 0x00, 0x01, 0x00, 0x00, 0x00, 0x7f, 0x00, 0x00, 0x00,
  0x00, 0x00, 0x00, 0x00, 0x01, 0x00, 0x00, 0x00, 0x60, 0x34, 0x4c, 0x3b,
  0x36, 0x00, 0x00, 0x00, 0x73, 0x65, 0x71, 0x75, 0x65, 0x6e, 0x74, 0x69,
  0x61, 0x6c, 0x5f, 0x33, 0x37, 0x5f, 0x31, 0x2f, 0x62, 0x61, 0x74, 0x63,
  0x68, 0x5f, 0x6e, 0x6f, 0x72, 0x6d, 0x61, 0x6c, 0x69, 0x7a, 0x61, 0x74,
  0x69, 0x6f, 0x6e, 0x5f, 0x35, 0x31, 0x5f, 0x31, 0x2f, 0x62, 0x61, 0x74,
  0x63, 0x68, 0x6e, 0x6f, 0x72, 0x6d, 0x2f, 0x73, 0x75, 0x62, 0x00, 0x00,
  0x01, 0x00, 0x00, 0x00, 0x10, 0x00, 0x00, 0x00, 0xaa, 0xef, 0xff, 0xff,
  0x00, 0x00, 0x00, 0x01, 0x14, 0x00, 0x00, 0x00, 0xe8, 0x00, 0x00, 0x00,
  0x10, 0x00, 0x00, 0x00, 0x00, 0x00, 0x00, 0x09, 0x0c, 0x01, 0x00, 0x00,
  0x94, 0xef, 0xff, 0xff, 0x08, 0x00, 0x00, 0x00, 0x8c, 0x00, 0x00, 0x00,
  0x10, 0x00, 0x00, 0x00, 0x00, 0x00, 0x00, 0x00, 0x00, 0x00, 0x00, 0x00,
  0x00, 0x00, 0x00, 0x00, 0x00, 0x00, 0x00, 0x00, 0x00, 0x00, 0x00, 0x00,
  0x00, 0x00, 0x00, 0x00, 0x00, 0x00, 0x00, 0x00, 0x00, 0x00, 0x00, 0x00,
  0x00, 0x00, 0x00, 0x00, 0x00, 0x00, 0x00, 0x00, 0x00, 0x00, 0x00, 0x00,
  0x00, 0x00, 0x00, 0x00, 0x00, 0x00, 0x00, 0x00, 0x00, 0x00, 0x00, 0x00,
  0x00, 0x00, 0x00, 0x00, 0x00, 0x00, 0x00, 0x00, 0x00, 0x00, 0x00, 0x00,
  0x00, 0x00, 0x00, 0x00, 0x00, 0x00, 0x00, 0x00, 0x00, 0x00, 0x00, 0x00,
  0x00, 0x00, 0x00, 0x00, 0x00, 0x00, 0x00, 0x00, 0x00, 0x00, 0x00, 0x00,
  0x00, 0x00, 0x00, 0x00, 0x00, 0x00, 0x00, 0x00, 0x00, 0x00, 0x00, 0x00,
  0x00, 0x00, 0x00, 0x00, 0x00, 0x00, 0x00, 0x00, 0x00, 0x00, 0x00, 0x00,
  0x00, 0x00, 0x00, 0x00, 0x00, 0x00, 0x00, 0x00, 0x00, 0x00, 0x00, 0x00,
  0x00, 0x00, 0x00, 0x00, 0x10, 0x00, 0x00, 0x00, 0xe7, 0xae, 0x11, 0x3b,
  0xd3, 0x6f, 0x03, 0x3b, 0x25, 0x52, 0x06, 0x3b, 0xae, 0x92, 0x09, 0x3b,
  0x35, 0x2e, 0x16, 0x3b, 0xf3, 0x5a, 0x09, 0x3b, 0x10, 0x24, 0x09, 0x3b,
  0x60, 0x96, 0x09, 0x3b, 0xfe, 0xec, 0x01, 0x3b, 0x3a, 0x51, 0x06, 0x3b,
  0xb5, 0x0f, 0x06, 0x3b, 0x0d, 0x06, 0x06, 0x3b, 0x25, 0xd3, 0x01, 0x3b,
  0x38, 0x79, 0x01, 0x3b, 0xb5, 0xe5, 0x03, 0x3b, 0x24, 0x17, 0x04, 0x3b,
  0x28, 0x00, 0x00, 0x00, 0x73, 0x65, 0x71, 0x75, 0x65, 0x6e, 0x74, 0x69,
  0x61, 0x6c, 0x5f, 0x33, 0x37, 0x5f, 0x31, 0x2f, 0x63, 0x6f, 0x6e, 0x76,
  0x32, 0x64, 0x5f, 0x31, 0x30, 0x37, 0x5f, 0x31, 0x2f, 0x63, 0x6f, 0x6e,
  0x76, 0x6f, 0x6c, 0x75, 0x74, 0x69, 0x6f, 0x6e, 0x00, 0x00, 0x00, 0x00,
  0x04, 0x00, 0x00, 0x00, 0x10, 0x00, 0x00, 0x00, 0x03, 0x00, 0x00, 0x00,
  0x01, 0x00, 0x00, 0x00, 0x10, 0x00, 0x00, 0x00, 0xe2, 0xf0, 0xff, 0xff,
  0x00, 0x00, 0x00, 0x01, 0x14, 0x00, 0x00, 0x00, 0xe8, 0x00, 0x00, 0x00,
  0x0f, 0x00, 0x00, 0x00, 0x00, 0x00, 0x00, 0x02, 0x78, 0x01, 0x00, 0x00,
  0xcc, 0xf0, 0xff, 0xff, 0x08, 0x00, 0x00, 0x00, 0x8c, 0x00, 0x00, 0x00,
  0x10, 0x00, 0x00, 0x00, 0x00, 0x00, 0x00, 0x00, 0x00, 0x00, 0x00, 0x00,
  0x00, 0x00, 0x00, 0x00, 0x00, 0x00, 0x00, 0x00, 0x00, 0x00, 0x00, 0x00,
  0x00, 0x00, 0x00, 0x00, 0x00, 0x00, 0x00, 0x00, 0x00, 0x00, 0x00, 0x00,
  0x00, 0x00, 0x00, 0x00, 0x00, 0x00, 0x00, 0x00, 0x00, 0x00, 0x00, 0x00,
  0x00, 0x00, 0x00, 0x00, 0x00, 0x00, 0x00, 0x00, 0x00, 0x00, 0x00, 0x00,
  0x00, 0x00, 0x00, 0x00, 0x00, 0x00, 0x00, 0x00, 0x00, 0x00, 0x00, 0x00,
  0x00, 0x00, 0x00, 0x00, 0x00, 0x00, 0x00, 0x00, 0x00, 0x00, 0x00, 0x00,
  0x00, 0x00, 0x00, 0x00, 0x00, 0x00, 0x00, 0x00, 0x00, 0x00, 0x00, 0x00,
  0x00, 0x00, 0x00, 0x00, 0x00, 0x00, 0x00, 0x00, 0x00, 0x00, 0x00, 0x00,
  0x00, 0x00, 0x00, 0x00, 0x00, 0x00, 0x00, 0x00, 0x00, 0x00, 0x00, 0x00,
  0x00, 0x00, 0x00, 0x00, 0x00, 0x00, 0x00, 0x00, 0x00, 0x00, 0x00, 0x00,
  0x00, 0x00, 0x00, 0x00, 0x10, 0x00, 0x00, 0x00, 0x30, 0xa6, 0x0e, 0x38,
  0x10, 0xb3, 0x00, 0x38, 0x02, 0x86, 0x03, 0x38, 0x34, 0xb5, 0x06, 0x38,
  0x83, 0x0d, 0x13, 0x38, 0xa2, 0x7e, 0x06, 0x38, 0xe4, 0x48, 0x06, 0x38,
  0xd2, 0xb8, 0x06, 0x38, 0x93, 0x70, 0xfe, 0x37, 0x1c, 0x85, 0x03, 0x38,
  0xf4, 0x44, 0x03, 0x38, 0x7f, 0x3b, 0x03, 0x38, 0xf5, 0x3d, 0xfe, 0x37,
  0xda, 0x8d, 0xfd, 0x37, 0x7e, 0x26, 0x01, 0x38, 0xe5, 0x56, 0x01, 0x38,
  0x94, 0x00, 0x00, 0x00, 0x73, 0x65, 0x71, 0x75, 0x65, 0x6e, 0x74, 0x69,
  0x61, 0x6c, 0x5f, 0x33, 0x37, 0x5f, 0x31, 0x2f, 0x63, 0x6f, 0x6e, 0x76,
  0x32, 0x64, 0x5f, 0x31, 0x30, 0x37, 0x5f, 0x31, 0x2f, 0x52, 0x65, 0x6c,
  0x75, 0x3b, 0x73, 0x65, 0x71, 0x75, 0x65, 0x6e, 0x74, 0x69, 0x61, 0x6c,
  0x5f, 0x33, 0x37, 0x5f, 0x31, 0x2f, 0x63, 0x6f, 0x6e, 0x76, 0x32, 0x64,
  0x5f, 0x31, 0x30, 0x37, 0x5f, 0x31, 0x2f, 0x42, 0x69, 0x61, 0x73, 0x41,
  0x64, 0x64, 0x3b, 0x73, 0x65, 0x71, 0x75, 0x65, 0x6e, 0x74, 0x69, 0x61,
  0x6c, 0x5f, 0x33, 0x37, 0x5f, 0x31, 0x2f, 0x63, 0x6f, 0x6e, 0x76, 0x32,
  0x64, 0x5f, 0x31, 0x30, 0x37, 0x5f, 0x31, 0x2f, 0x63, 0x6f, 0x6e, 0x76,
  0x6f, 0x6c, 0x75, 0x74, 0x69, 0x6f, 0x6e, 0x3b, 0x73, 0x65, 0x71, 0x75,
  0x65, 0x6e, 0x74, 0x69, 0x61, 0x6c, 0x5f, 0x33, 0x37, 0x5f, 0x31, 0x2f,
  0x63, 0x6f, 0x6e, 0x76, 0x32, 0x64, 0x5f, 0x31, 0x30, 0x37, 0x5f, 0x31,
  0x2f, 0x53, 0x71, 0x75, 0x65, 0x65, 0x7a, 0x65, 0x00, 0x00, 0x00, 0x00,
  0x01, 0x00, 0x00, 0x00, 0x10, 0x00, 0x00, 0x00, 0x7a, 0xf2, 0xff, 0xff,
  0x00, 0x00, 0x00, 0x01, 0x14, 0x00, 0x00, 0x00, 0x30, 0x00, 0x00, 0x00,
  0x0e, 0x00, 0x00, 0x00, 0x00, 0x00, 0x00, 0x09, 0x60, 0x00, 0x00, 0x00,
  0x64, 0xf2, 0xff, 0xff, 0x08, 0x00, 0x00, 0x00, 0x10, 0x00, 0x00, 0x00,
  0x01, 0x00, 0x00, 0x00, 0x80, 0xff, 0xff, 0xff, 0xff, 0xff, 0xff, 0xff,
  0x01, 0x00, 0x00, 0x00, 0x93, 0xde, 0x3c, 0x3c, 0x36, 0x00, 0x00, 0x00,
  0x73, 0x65, 0x71, 0x75, 0x65, 0x6e, 0x74, 0x69, 0x61, 0x6c, 0x5f, 0x33,
  0x37, 0x5f, 0x31, 0x2f, 0x62, 0x61, 0x74, 0x63, 0x68, 0x5f, 0x6e, 0x6f,
  0x72, 0x6d, 0x61, 0x6c, 0x69, 0x7a, 0x61, 0x74, 0x69, 0x6f, 0x6e, 0x5f,
  0x35, 0x32, 0x5f, 0x31, 0x2f, 0x62, 0x61, 0x74, 0x63, 0x68, 0x6e, 0x6f,
  0x72, 0x6d, 0x2f, 0x6d, 0x75, 0x6c, 0x00, 0x00, 0x01, 0x00, 0x00, 0x00,
  0x10, 0x00, 0x00, 0x00, 0xfa, 0xf2, 0xff, 0xff, 0x00, 0x00, 0x00, 0x01,
  0x14, 0x00, 0x00, 0x00, 0x30, 0x00, 0x00, 0x00, 0x0d, 0x00, 0x00, 0x00,
  0x00, 0x00, 0x00, 0x09, 0x60, 0x00, 0x00, 0x00, 0xe4, 0xf2, 0xff, 0xff,
  0x08, 0x00, 0x00, 0x00, 0x10, 0x00, 0x00, 0x00, 0x01, 0x00, 0x00, 0x00,
  0x7f, 0x00, 0x00, 0x00, 0x00, 0x00, 0x00, 0x00, 0x01, 0x00, 0x00, 0x00,
  0x3d, 0x75, 0x50, 0x3b, 0x36, 0x00, 0x00, 0x00, 0x73, 0x65, 0x71, 0x75,
  0x65, 0x6e, 0x74, 0x69, 0x61, 0x6c, 0x5f, 0x33, 0x37, 0x5f, 0x31, 0x2f,
  0x62, 0x61, 0x74, 0x63, 0x68, 0x5f, 0x6e, 0x6f, 0x72, 0x6d, 0x61, 0x6c,
  0x69, 0x7a, 0x61, 0x74, 0x69, 0x6f, 0x6e, 0x5f, 0x35, 0x32, 0x5f, 0x31,
  0x2f, 0x62, 0x61, 0x74, 0x63, 0x68, 0x6e, 0x6f, 0x72, 0x6d, 0x2f, 0x73,
  0x75, 0x62, 0x00, 0x00, 0x01, 0x00, 0x00, 0x00, 0x10, 0x00, 0x00, 0x00,
  0x7a, 0xf3, 0xff, 0xff, 0x00, 0x00, 0x00, 0x01, 0x14, 0x00, 0x00, 0x00,
  0xa8, 0x01, 0x00, 0x00, 0x0c, 0x00, 0x00, 0x00, 0x00, 0x00, 0x00, 0x09,
  0xcc, 0x01, 0x00, 0x00, 0x64, 0xf3, 0xff, 0xff, 0x08, 0x00, 0x00, 0x00,
  0x0c, 0x01, 0x00, 0x00, 0x20, 0x00, 0x00, 0x00, 0x00, 0x00, 0x00, 0x00,
  0x00, 0x00, 0x00, 0x00, 0x00, 0x00, 0x00, 0x00, 0x00, 0x00, 0x00, 0x00,
  0x00, 0x00, 0x00, 0x00, 0x00, 0x00, 0x00, 0x00, 0x00, 0x00, 0x00, 0x00,
  0x00, 0x00, 0x00, 0x00, 0x00, 0x00, 0x00, 0x00, 0x00, 0x00, 0x00, 0x00,
  0x00, 0x00, 0x00, 0x00, 0x00, 0x00, 0x00, 0x00, 0x00, 0x00, 0x00, 0x00,
  0x00, 0x00, 0x00, 0x00, 0x00, 0x00, 0x00, 0x00, 0x00, 0x00, 0x00, 0x00,
  0x00, 0x00, 0x00, 0x00, 0x00, 0x00, 0x00, 0x00, 0x00, 0x00, 0x00, 0x00,
  0x00, 0x00, 0x00, 0x00, 0x00, 0x00, 0x00, 0x00, 0x00, 0x00, 0x00, 0x00,
  0x00, 0x00, 0x00, 0x00, 0x00, 0x00, 0x00, 0x00, 0x00, 0x00, 0x00, 0x00,
  0x00, 0x00, 0x00, 0x00, 0x00, 0x00, 0x00, 0x00, 0x00, 0x00, 0x00, 0x00,
  0x00, 0x00, 0x00, 0x00, 0x00, 0x00, 0x00, 0x00, 0x00, 0x00, 0x00, 0x00,
  0x00, 0x00, 0x00, 0x00, 0x00, 0x00, 0x00, 0x00, 0x00, 0x00, 0x00, 0x00,
  0x00, 0x00, 0x00, 0x00, 0x00, 0x00, 0x00, 0x00, 0x00, 0x00, 0x00, 0x00,
  0x00, 0x00, 0x00, 0x00, 0x00, 0x00, 0x00, 0x00, 0x00, 0x00, 0x00, 0x00,
  0x00, 0x00, 0x00, 0x00, 0x00, 0x00, 0x00, 0x00, 0x00, 0x00, 0x00, 0x00,
  0x00, 0x00, 0x00, 0x00, 0x00, 0x00, 0x00, 0x00, 0x00, 0x00, 0x00, 0x00,
  0x00, 0x00, 0x00, 0x00, 0x00, 0x00, 0x00, 0x00, 0x00, 0x00, 0x00, 0x00,
  0x00, 0x00, 0x00, 0x00, 0x00, 0x00, 0x00, 0x00, 0x00, 0x00, 0x00, 0x00,
  0x00, 0x00, 0x00, 0x00, 0x00, 0x00, 0x00, 0x00, 0x00, 0x00, 0x00, 0x00,
  0x00, 0x00, 0x00, 0x00, 0x00, 0x00, 0x00, 0x00, 0x00, 0x00, 0x00, 0x00,
  0x00, 0x00, 0x00, 0x00, 0x00, 0x00, 0x00, 0x00, 0x00, 0x00, 0x00, 0x00,
  0x00, 0x00, 0x00, 0x00, 0x00, 0x00, 0x00, 0x00, 0x00, 0x00, 0x00, 0x00,
  0x00, 0x00, 0x00, 0x00, 0x20, 0x00, 0x00, 0x00, 0xe2, 0xad, 0xd7, 0x3a,
  0xd2, 0x2f, 0xe3, 0x3a, 0x82, 0xdd, 0xe2, 0x3a, 0x0b, 0x86, 0xd1, 0x3a,
  0x3a, 0xf1, 0xea, 0x3a, 0xfb, 0x97, 0xe2, 0x3a, 0xb7, 0xbf, 0xe3, 0x3a,
  0x1b, 0x24, 0xe8, 0x3a, 0x57, 0xfc, 0xd4, 0x3a, 0xfb, 0xde, 0xe6, 0x3a,
  0x49, 0xcd, 0xdf, 0x3a, 0xab, 0x35, 0xe3, 0x3a, 0xfe, 0xae, 0xe3, 0x3a,
  0xb8, 0xd5, 0xd6, 0x3a, 0x49, 0xc9, 0xd7, 0x3a, 0x4a, 0xad, 0x0e, 0x3b,
  0x62, 0xf1, 0xd1, 0x3a, 0xa8, 0x3b, 0xd9, 0x3a, 0xd3, 0xa9, 0xdd, 0x3a,
  0xb6, 0x7e, 0xd5, 0x3a, 0xa3, 0xd5, 0xef, 0x3a, 0xd4, 0x54, 0xce, 0x3a,
  0x7d, 0xfc, 0xe0, 0x3a, 0x2a, 0x34, 0xd5, 0x3a, 0xe2, 0xfd, 0xe9, 0x3a,
  0xcf, 0x0a, 0xe9, 0x3a, 0x15, 0xfd, 0xe4, 0x3a, 0x8e, 0xa5, 0xde, 0x3a,
  0x94, 0x85, 0xc0, 0x3a, 0xc2, 0xac, 0xd4, 0x3a, 0xff, 0xc7, 0xec, 0x3a,
  0x31, 0x51, 0xd8, 0x3a, 0x28, 0x00, 0x00, 0x00, 0x73, 0x65, 0x71, 0x75,
  0x65, 0x6e, 0x74, 0x69, 0x61, 0x6c, 0x5f, 0x33, 0x37, 0x5f, 0x31, 0x2f,
  0x63, 0x6f, 0x6e, 0x76, 0x32, 0x64, 0x5f, 0x31, 0x30, 0x38, 0x5f, 0x31,
  0x2f, 0x63, 0x6f, 0x6e, 0x76, 0x6f, 0x6c, 0x75, 0x74, 0x69, 0x6f, 0x6e,
  0x00, 0x00, 0x00, 0x00, 0x04, 0x00, 0x00, 0x00, 0x20, 0x00, 0x00, 0x00,
  0x03, 0x00, 0x00, 0x00, 0x01, 0x00, 0x00, 0x00, 0x10, 0x00, 0x00, 0x00,
  0x72, 0xf5, 0xff, 0xff, 0x00, 0x00, 0x00, 0x01, 0x14, 0x00, 0x00, 0x00,
  0xa8, 0x01, 0x00, 0x00, 0x0b, 0x00, 0x00, 0x00, 0x00, 0x00, 0x00, 0x02,
  0x38, 0x02, 0x00, 0x00, 0x5c, 0xf5, 0xff, 0xff, 0x08, 0x00, 0x00, 0x00,
  0x0c, 0x01, 0x00, 0x00, 0x20, 0x00, 0x00, 0x00, 0x00, 0x00, 0x00, 0x00,
  0x00, 0x00, 0x00, 0x00, 0x00, 0x00, 0x00, 0x00, 0x00, 0x00, 0x00, 0x00,
  0x00, 0x00, 0x00, 0x00, 0x00, 0x00, 0x00, 0x00, 0x00, 0x00, 0x00, 0x00,
  0x00, 0x00, 0x00, 0x00, 0x00, 0x00, 0x00, 0x00, 0x00, 0x00, 0x00, 0x00,
  0x00, 0x00, 0x00, 0x00, 0x00, 0x00, 0x00, 0x00, 0x00, 0x00, 0x00, 0x00,
  0x00, 0x00, 0x00, 0x00, 0x00, 0x00, 0x00, 0x00, 0x00, 0x00, 0x00, 0x00,
  0x00, 0x00, 0x00, 0x00, 0x00, 0x00, 0x00, 0x00, 0x00, 0x00, 0x00, 0x00,
  0x00, 0x00, 0x00, 0x00, 0x00, 0x00, 0x00, 0x00, 0x00, 0x00, 0x00, 0x00,
  0x00, 0x00, 0x00, 0x00, 0x00, 0x00, 0x00, 0x00, 0x00, 0x00, 0x00, 0x00,
  0x00, 0x00, 0x00, 0x00, 0x00, 0x00, 0x00, 0x00, 0x00, 0x00, 0x00, 0x00,
  0x00, 0x00, 0x00, 0x00, 0x00, 0x00, 0x00, 0x00, 0x00, 0x00, 0x00, 0x00,
  0x00, 0x00, 0x00, 0x00, 0x00, 0x00, 0x00, 0x00, 0x00, 0x00, 0x00, 0x00,
  0x00, 0x00, 0x00, 0x00, 0x00, 0x00, 0x00, 0x00, 0x00, 0x00, 0x00, 0x00,
  0x00, 0x00, 0x00, 0x00, 0x00, 0x00, 0x00, 0x00, 0x00, 0x00, 0x00, 0x00,
  0x00, 0x00, 0x00, 0x00, 0x00, 0x00, 0x00, 0x00, 0x00, 0x00, 0x00, 0x00,
  0x00, 0x00, 0x00, 0x00, 0x00, 0x00, 0x00, 0x00, 0x00, 0x00, 0x00, 0x00,
  0x00, 0x00, 0x00, 0x00, 0x00, 0x00, 0x00, 0x00, 0x00, 0x00, 0x00, 0x00,
  0x00, 0x00, 0x00, 0x00, 0x00, 0x00, 0x00, 0x00, 0x00, 0x00, 0x00, 0x00,
  0x00, 0x00, 0x00, 0x00, 0x00, 0x00, 0x00, 0x00, 0x00, 0x00, 0x00, 0x00,
  0x00, 0x00, 0x00, 0x00, 0x00, 0x00, 0x00, 0x00, 0x00, 0x00, 0x00, 0x00,
  0x00, 0x00, 0x00, 0x00, 0x00, 0x00, 0x00, 0x00, 0x00, 0x00, 0x00, 0x00,
  0x00, 0x00, 0x00, 0x00, 0x00, 0x00, 0x00, 0x00, 0x00, 0x00, 0x00, 0x00,
  0x00, 0x00, 0x00, 0x00, 0x20, 0x00, 0x00, 0x00, 0xe8, 0x63, 0x05, 0x38,
  0xde, 0x81, 0x0c, 0x38, 0xf6, 0x4e, 0x0c, 0x38, 0x4e, 0x95, 0x01, 0x38,
  0xc6, 0x4d, 0x11, 0x38, 0xf6, 0x23, 0x0c, 0x38, 0xdd, 0xda, 0x0c, 0x38,
  0x43, 0x92, 0x0f, 0x38, 0x73, 0xb9, 0x03, 0x38, 0x2e, 0xc9, 0x0e, 0x38,
  0xf2, 0x69, 0x0a, 0x38, 0x7c, 0x85, 0x0c, 0x38, 0x85, 0xd0, 0x0c, 0x38,
  0x38, 0xde, 0x04, 0x38, 0xdb, 0x74, 0x05, 0x38, 0x4c, 0x7b, 0x30, 0x38,
  0xb1, 0xd7, 0x01, 0x38, 0xeb, 0x59, 0x06, 0x38, 0x5c, 0x17, 0x09, 0x38,
  0x14, 0x0a, 0x04, 0x38, 0x59, 0x54, 0x14, 0x38, 0xc5, 0x37, 0xff, 0x37,
  0x78, 0x25, 0x0b, 0x38, 0xf9, 0xdb, 0x03, 0x38, 0x47, 0xb7, 0x10, 0x38,
  0xf1, 0x20, 0x10, 0x38, 0x25, 0x9f, 0x0d, 0x38, 0x0c, 0xb3, 0x09, 0x38,
  0xe8, 0x22, 0xee, 0x37, 0x3b, 0x88, 0x03, 0x38, 0xee, 0x70, 0x12, 0x38,
  0xe8, 0xc8, 0x05, 0x38, 0x94, 0x00, 0x00, 0x00, 0x73, 0x65, 0x71, 0x75,
  0x65, 0x6e, 0x74, 0x69, 0x61, 0x6c, 0x5f, 0x33, 0x37, 0x5f, 0x31, 0x2f,
  0x63, 0x6f, 0x6e, 0x76, 0x32, 0x64, 0x5f, 0x31, 0x30, 0x38, 0x5f, 0x31,
  0x2f, 0x52, 0x65, 0x6c, 0x75, 0x3b, 0x73, 0x65, 0x71, 0x75, 0x65, 0x6e,
  0x74, 0x69, 0x61, 0x6c, 0x5f, 0x33, 0x37, 0x5f, 0x31, 0x2f, 0x63, 0x6f,
  0x6e, 0x76, 0x32, 0x64, 0x5f, 0x31, 0x30, 0x38, 0x5f, 0x31, 0x2f, 0x42,
  0x69, 0x61, 0x73, 0x41, 0x64, 0x64, 0x3b, 0x73, 0x65, 0x71, 0x75, 0x65,
  0x6e, 0x74, 0x69, 0x61, 0x6c, 0x5f, 0x33, 0x37, 0x5f, 0x31, 0x2f, 0x63,
  0x6f, 0x6e, 0x76, 0x32, 0x64, 0x5f, 0x31, 0x30, 0x38, 0x5f, 0x31, 0x2f,
  0x63, 0x6f, 0x6e, 0x76, 0x6f, 0x6c, 0x75, 0x74, 0x69, 0x6f, 0x6e, 0x3b,
  0x73, 0x65, 0x71, 0x75, 0x65, 0x6e, 0x74, 0x69, 0x61, 0x6c, 0x5f, 0x33,
  0x37, 0x5f, 0x31, 0x2f, 0x63, 0x6f, 0x6e, 0x76, 0x32, 0x64, 0x5f, 0x31,
  0x30, 0x38, 0x5f, 0x31, 0x2f, 0x53, 0x71, 0x75, 0x65, 0x65, 0x7a, 0x65,
  0x00, 0x00, 0x00, 0x00, 0x01, 0x00, 0x00, 0x00, 0x20, 0x00, 0x00, 0x00,
  0xca, 0xf7, 0xff, 0xff, 0x00, 0x00, 0x00, 0x01, 0x14, 0x00, 0x00, 0x00,
  0x30, 0x00, 0x00, 0x00, 0x0a, 0x00, 0x00, 0x00, 0x00, 0x00, 0x00, 0x09,
  0x60, 0x00, 0x00, 0x00, 0xb4, 0xf7, 0xff, 0xff, 0x08, 0x00, 0x00, 0x00,
  0x10, 0x00, 0x00, 0x00, 0x01, 0x00, 0x00, 0x00, 0x80, 0xff, 0xff, 0xff,
  0xff, 0xff, 0xff, 0xff, 0x01, 0x00, 0x00, 0x00, 0xe3, 0x6b, 0x73, 0x3c,
  0x36, 0x00, 0x00, 0x00, 0x73, 0x65, 0x71, 0x75, 0x65, 0x6e, 0x74, 0x69,
  0x61, 0x6c, 0x5f, 0x33, 0x37, 0x5f, 0x31, 0x2f, 0x62, 0x61, 0x74, 0x63,
  0x68, 0x5f, 0x6e, 0x6f, 0x72, 0x6d, 0x61, 0x6c, 0x69, 0x7a, 0x61, 0x74,
  0x69, 0x6f, 0x6e, 0x5f, 0x35, 0x33, 0x5f, 0x31, 0x2f, 0x62, 0x61, 0x74,
  0x63, 0x68, 0x6e, 0x6f, 0x72, 0x6d, 0x2f, 0x6d, 0x75, 0x6c, 0x00, 0x00,
  0x01, 0x00, 0x00, 0x00, 0x20, 0x00, 0x00, 0x00, 0x4a, 0xf8, 0xff, 0xff,
  0x00, 0x00, 0x00, 0x01, 0x14, 0x00, 0x00, 0x00, 0x30, 0x00, 0x00, 0x00,
  0x09, 0x00, 0x00, 0x00, 0x00, 0x00, 0x00, 0x09, 0x60, 0x00, 0x00, 0x00,
  0x34, 0xf8, 0xff, 0xff, 0x08, 0x00, 0x00, 0x00, 0x10, 0x00, 0x00, 0x00,
  0x01, 0x00, 0x00, 0x00, 0x7f, 0x00, 0x00, 0x00, 0x00, 0x00, 0x00, 0x00,
  0x01, 0x00, 0x00, 0x00, 0x54, 0x65, 0x69, 0x3b, 0x36, 0x00, 0x00, 0x00,
  0x73, 0x65, 0x71, 0x75, 0x65, 0x6e, 0x74, 0x69, 0x61, 0x6c, 0x5f, 0x33,
  0x37, 0x5f, 0x31, 0x2f, 0x62, 0x61, 0x74, 0x63, 0x68, 0x5f, 0x6e, 0x6f,
  0x72, 0x6d, 0x61, 0x6c, 0x69, 0x7a, 0x61, 0x74, 0x69, 0x6f, 0x6e, 0x5f,
  0x35, 0x33, 0x5f, 0x31, 0x2f, 0x62, 0x61, 0x74, 0x63, 0x68, 0x6e, 0x6f,
  0x72, 0x6d, 0x2f, 0x73, 0x75, 0x62, 0x00, 0x00, 0x01, 0x00, 0x00, 0x00,
  0x20, 0x00, 0x00, 0x00, 0xca, 0xf8, 0xff, 0xff, 0x00, 0x00, 0x00, 0x01,
  0x14, 0x00, 0x00, 0x00, 0xa8, 0x01, 0x00, 0x00, 0x08, 0x00, 0x00, 0x00,
  0x00, 0x00, 0x00, 0x09, 0xcc, 0x01, 0x00, 0x00, 0xb4, 0xf8, 0xff, 0xff,
  0x08, 0x00, 0x00, 0x00, 0x0c, 0x01, 0x00, 0x00, 0x20, 0x00, 0x00, 0x00,
  0x00, 0x00, 0x00, 0x00, 0x00, 0x00, 0x00, 0x00, 0x00, 0x00, 0x00, 0x00,
  0x00, 0x00, 0x00, 0x00, 0x00, 0x00, 0x00, 0x00, 0x00, 0x00, 0x00, 0x00,
  0x00, 0x00, 0x00, 0x00, 0x00, 0x00, 0x00, 0x00, 0x00, 0x00, 0x00, 0x00,
  0x00, 0x00, 0x00, 0x00, 0x00, 0x00, 0x00, 0x00, 0x00, 0x00, 0x00, 0x00,
  0x00, 0x00, 0x00, 0x00, 0x00, 0x00, 0x00, 0x00, 0x00, 0x00, 0x00, 0x00,
  0x00, 0x00, 0x00, 0x00, 0x00, 0x00, 0x00, 0x00, 0x00, 0x00, 0x00, 0x00,
  0x00, 0x00, 0x00, 0x00, 0x00, 0x00, 0x00, 0x00, 0x00, 0x00, 0x00, 0x00,
  0x00, 0x00, 0x00, 0x00, 0x00, 0x00, 0x00, 0x00, 0x00, 0x00, 0x00, 0x00,
  0x00, 0x00, 0x00, 0x00, 0x00, 0x00, 0x00, 0x00, 0x00, 0x00, 0x00, 0x00,
  0x00, 0x00, 0x00, 0x00, 0x00, 0x00, 0x00, 0x00, 0x00, 0x00, 0x00, 0x00,
  0x00, 0x00, 0x00, 0x00, 0x00, 0x00, 0x00, 0x00, 0x00, 0x00, 0x00, 0x00,
  0x00, 0x00, 0x00, 0x00, 0x00, 0x00, 0x00, 0x00, 0x00, 0x00, 0x00, 0x00,
  0x00, 0x00, 0x00, 0x00, 0x00, 0x00, 0x00, 0x00, 0x00, 0x00, 0x00, 0x00,
  0x00, 0x00, 0x00, 0x00, 0x00, 0x00, 0x00, 0x00, 0x00, 0x00, 0x00, 0x00,
  0x00, 0x00, 0x00, 0x00, 0x00, 0x00, 0x00, 0x00, 0x00, 0x00, 0x00, 0x00,
  0x00, 0x00, 0x00, 0x00, 0x00, 0x00, 0x00, 0x00, 0x00, 0x00, 0x00, 0x00,
  0x00, 0x00, 0x00, 0x00, 0x00, 0x00, 0x00, 0x00, 0x00, 0x00, 0x00, 0x00,
  0x00, 0x00, 0x00, 0x00, 0x00, 0x00, 0x00, 0x00, 0x00, 0x00, 0x00, 0x00,
  0x00, 0x00, 0x00, 0x00, 0x00, 0x00, 0x00, 0x00, 0x00, 0x00, 0x00, 0x00,
  0x00, 0x00, 0x00, 0x00, 0x00, 0x00, 0x00, 0x00, 0x00, 0x00, 0x00, 0x00,
  0x00, 0x00, 0x00, 0x00, 0x00, 0x00, 0x00, 0x00, 0x00, 0x00, 0x00, 0x00,
  0x00, 0x00, 0x00, 0x00, 0x00, 0x00, 0x00, 0x00, 0x20, 0x00, 0x00, 0x00,
  0x3c, 0x5a, 0xc0, 0x3a, 0x6d, 0x11, 0xdd, 0x3a, 0xc5, 0xc5, 0xb8, 0x3a,
  0x2a, 0x12, 0xd3, 0x3a, 0xb1, 0x5b, 0xf2, 0x3a, 0x29, 0xea, 0xe2, 0x3a,
  0x29, 0x02, 0xc2, 0x3a, 0x09, 0x50, 0xc7, 0x3a, 0x58, 0xf0, 0xe6, 0x3a,
  0x53, 0xd0, 0xe8, 0x3a, 0x85, 0x67, 0xb7, 0x3a, 0x9f, 0x90, 0xd3, 0x3a,
  0x8e, 0xb2, 0xe1, 0x3a, 0x6b, 0x1d, 0xd6, 0x3a, 0xc9, 0x84, 0xd4, 0x3a,
  0xe1, 0xf7, 0xcc, 0x3a, 0x60, 0xd6, 0xba, 0x3a, 0xf1, 0x9b, 0xc2, 0x3a,
  0x79, 0x93, 0xd2, 0x3a, 0x99, 0xad, 0xbb, 0x3a, 0x79, 0xe6, 0xe3, 0x3a,
  0x2c, 0x26, 0xc6, 0x3a, 0x8a, 0x09, 0xcd, 0x3a, 0x3b, 0xac, 0xcf, 0x3a,
  0x3a, 0x9c, 0xd9, 0x3a, 0x6d, 0x16, 0xc8, 0x3a, 0xf2, 0x4b, 0xc4, 0x3a,
  0x73, 0x0b, 0xc5, 0x3a, 0xe4, 0x99, 0xce, 0x3a, 0x63, 0xd8, 0xce, 0x3a,
  0x5d, 0x60, 0xc7, 0x3a, 0xa8, 0x72, 0xc7, 0x3a, 0x28, 0x00, 0x00, 0x00,
  0x73, 0x65, 0x71, 0x75, 0x65, 0x6e, 0x74, 0x69, 0x61, 0x6c, 0x5f, 0x33,
  0x37, 0x5f, 0x31, 0x2f, 0x63, 0x6f, 0x6e, 0x76, 0x32, 0x64, 0x5f, 0x31,
  0x30, 0x39, 0x5f, 0x31, 0x2f, 0x63, 0x6f, 0x6e, 0x76, 0x6f, 0x6c, 0x75,
  0x74, 0x69, 0x6f, 0x6e, 0x00, 0x00, 0x00, 0x00, 0x04, 0x00, 0x00, 0x00,
  0x20, 0x00, 0x00, 0x00, 0x03, 0x00, 0x00, 0x00, 0x01, 0x00, 0x00, 0x00,
  0x20, 0x00, 0x00, 0x00, 0xc2, 0xfa, 0xff, 0xff, 0x00, 0x00, 0x00, 0x01,
  0x14, 0x00, 0x00, 0x00, 0xa8, 0x01, 0x00, 0x00, 0x07, 0x00, 0x00, 0x00,
  0x00, 0x00, 0x00, 0x02, 0x38, 0x02, 0x00, 0x00, 0xac, 0xfa, 0xff, 0xff,
  0x08, 0x00, 0x00, 0x00, 0x0c, 0x01, 0x00, 0x00, 0x20, 0x00, 0x00, 0x00,
  0x00, 0x00, 0x00, 0x00, 0x00, 0x00, 0x00, 0x00, 0x00, 0x00, 0x00, 0x00,
  0x00, 0x00, 0x00, 0x00, 0x00, 0x00, 0x00, 0x00, 0x00, 0x00, 0x00, 0x00,
  0x00, 0x00, 0x00, 0x00, 0x00, 0x00, 0x00, 0x00, 0x00, 0x00, 0x00, 0x00,
  0x00, 0x00, 0x00, 0x00, 0x00, 0x00, 0x00, 0x00, 0x00, 0x00, 0x00, 0x00,
  0x00, 0x00, 0x00, 0x00, 0x00, 0x00, 0x00, 0x00, 0x00, 0x00, 0x00, 0x00,
  0x00, 0x00, 0x00, 0x00, 0x00, 0x00, 0x00, 0x00, 0x00, 0x00, 0x00, 0x00,
  0x00, 0x00, 0x00, 0x00, 0x00, 0x00, 0x00, 0x00, 0x00, 0x00, 0x00, 0x00,
  0x00, 0x00, 0x00, 0x00, 0x00, 0x00, 0x00, 0x00, 0x00, 0x00, 0x00, 0x00,
  0x00, 0x00, 0x00, 0x00, 0x00, 0x00, 0x00, 0x00, 0x00, 0x00, 0x00, 0x00,
  0x00, 0x00, 0x00, 0x00, 0x00, 0x00, 0x00, 0x00, 0x00, 0x00, 0x00, 0x00,
  0x00, 0x00, 0x00, 0x00, 0x00, 0x00, 0x00, 0x00, 0x00, 0x00, 0x00, 0x00,
  0x00, 0x00, 0x00, 0x00, 0x00, 0x00, 0x00, 0x00, 0x00, 0x00, 0x00, 0x00,
  0x00, 0x00, 0x00, 0x00, 0x00, 0x00, 0x00, 0x00, 0x00, 0x00, 0x00, 0x00,
  0x00, 0x00, 0x00, 0x00, 0x00, 0x00, 0x00, 0x00, 0x00, 0x00, 0x00, 0x00,
  0x00, 0x00, 0x00, 0x00, 0x00, 0x00, 0x00, 0x00, 0x00, 0x00, 0x00, 0x00,
  0x00, 0x00, 0x00, 0x00, 0x00, 0x00, 0x00, 0x00, 0x00, 0x00, 0x00, 0x00,
  0x00, 0x00, 0x00, 0x00, 0x00, 0x00, 0x00, 0x00, 0x00, 0x00, 0x00, 0x00,
  0x00, 0x00, 0x00, 0x00, 0x00, 0x00, 0x00, 0x00, 0x00, 0x00, 0x00, 0x00,
  0x00, 0x00, 0x00, 0x00, 0x00, 0x00, 0x00, 0x00, 0x00, 0x00, 0x00, 0x00,
  0x00, 0x00, 0x00, 0x00, 0x00, 0x00, 0x00, 0x00, 0x00, 0x00, 0x00, 0x00,
  0x00, 0x00, 0x00, 0x00, 0x00, 0x00, 0x00, 0x00, 0x00, 0x00, 0x00, 0x00,
  0x00, 0x00, 0x00, 0x00, 0x00, 0x00, 0x00, 0x00, 0x20, 0x00, 0x00, 0x00,
  0x53, 0xdd, 0x1a, 0x38, 0xd4, 0xfb, 0x31, 0x38, 0x0a, 0xc3, 0x14, 0x38,
  0x58, 0xef, 0x29, 0x38, 0xe1, 0x1f, 0x43, 0x38, 0xdc, 0xb0, 0x36, 0x38,
  0xa1, 0x32, 0x1c, 0x38, 0xde, 0x77, 0x20, 0x38, 0x45, 0xee, 0x39, 0x38,
  0xb5, 0x70, 0x3b, 0x38, 0x0d, 0xa9, 0x13, 0x38, 0x28, 0x55, 0x2a, 0x38,
  0xfc, 0xb5, 0x35, 0x38, 0xba, 0x62, 0x2c, 0x38, 0xbc, 0x19, 0x2b, 0x38,
  0x89, 0x05, 0x25, 0x38, 0xa0, 0x6c, 0x16, 0x38, 0x71, 0xae, 0x1c, 0x38,
  0x58, 0x89, 0x29, 0x38, 0xe7, 0x19, 0x17, 0x38, 0x00, 0x7c, 0x37, 0x38,
  0x0e, 0x88, 0x1f, 0x38, 0xc1, 0x13, 0x25, 0x38, 0xf4, 0x32, 0x27, 0x38,
  0x25, 0x33, 0x2f, 0x38, 0x97, 0x17, 0x21, 0x38, 0x40, 0x0a, 0x1e, 0x38,
  0x6e, 0xa4, 0x1e, 0x38, 0x15, 0x56, 0x26, 0x38, 0x66, 0x88, 0x26, 0x38,
  0x03, 0x85, 0x20, 0x38, 0xbd, 0x93, 0x20, 0x38, 0x94, 0x00, 0x00, 0x00,
  0x73, 0x65, 0x71, 0x75, 0x65, 0x6e, 0x74, 0x69, 0x61, 0x6c, 0x5f, 0x33,
  0x37, 0x5f, 0x31, 0x2f, 0x63, 0x6f, 0x6e, 0x76, 0x32, 0x64, 0x5f, 0x31,
  0x30, 0x39, 0x5f, 0x31, 0x2f, 0x52, 0x65, 0x6c, 0x75, 0x3b, 0x73, 0x65,
  0x71, 0x75, 0x65, 0x6e, 0x74, 0x69, 0x61, 0x6c, 0x5f, 0x33, 0x37, 0x5f,
  0x31, 0x2f, 0x63, 0x6f, 0x6e, 0x76, 0x32, 0x64, 0x5f, 0x31, 0x30, 0x39,
  0x5f, 0x31, 0x2f, 0x42, 0x69, 0x61, 0x73, 0x41, 0x64, 0x64, 0x3b, 0x73,
  0x65, 0x71, 0x75, 0x65, 0x6e, 0x74, 0x69, 0x61, 0x6c, 0x5f, 0x33, 0x37,
  0x5f, 0x31, 0x2f, 0x63, 0x6f, 0x6e, 0x76, 0x32, 0x64, 0x5f, 0x31, 0x30,
  0x39, 0x5f, 0x31, 0x2f, 0x63, 0x6f, 0x6e, 0x76, 0x6f, 0x6c, 0x75, 0x74,
  0x69, 0x6f, 0x6e, 0x3b, 0x73, 0x65, 0x71, 0x75, 0x65, 0x6e, 0x74, 0x69,
  0x61, 0x6c, 0x5f, 0x33, 0x37, 0x5f, 0x31, 0x2f, 0x63, 0x6f, 0x6e, 0x76,
  0x32, 0x64, 0x5f, 0x31, 0x30, 0x39, 0x5f, 0x31, 0x2f, 0x53, 0x71, 0x75,
  0x65, 0x65, 0x7a, 0x65, 0x00, 0x00, 0x00, 0x00, 0x01, 0x00, 0x00, 0x00,
  0x20, 0x00, 0x00, 0x00, 0x1a, 0xfd, 0xff, 0xff, 0x00, 0x00, 0x00, 0x01,
  0x14, 0x00, 0x00, 0x00, 0x30, 0x00, 0x00, 0x00, 0x06, 0x00, 0x00, 0x00,
  0x00, 0x00, 0x00, 0x09, 0x60, 0x00, 0x00, 0x00, 0x04, 0xfd, 0xff, 0xff,
  0x08, 0x00, 0x00, 0x00, 0x10, 0x00, 0x00, 0x00, 0x01, 0x00, 0x00, 0x00,
  0x80, 0xff, 0xff, 0xff, 0xff, 0xff, 0xff, 0xff, 0x01, 0x00, 0x00, 0x00,
  0x6c, 0xb9, 0x3d, 0x3c, 0x36, 0x00, 0x00, 0x00, 0x73, 0x65, 0x71, 0x75,
  0x65, 0x6e, 0x74, 0x69, 0x61, 0x6c, 0x5f, 0x33, 0x37, 0x5f, 0x31, 0x2f,
  0x62, 0x61, 0x74, 0x63, 0x68, 0x5f, 0x6e, 0x6f, 0x72, 0x6d, 0x61, 0x6c,
  0x69, 0x7a, 0x61, 0x74, 0x69, 0x6f, 0x6e, 0x5f, 0x35, 0x34, 0x5f, 0x31,
  0x2f, 0x62, 0x61, 0x74, 0x63, 0x68, 0x6e, 0x6f, 0x72, 0x6d, 0x2f, 0x6d,
  0x75, 0x6c, 0x00, 0x00, 0x01, 0x00, 0x00, 0x00, 0x20, 0x00, 0x00, 0x00,
  0x9a, 0xfd, 0xff, 0xff, 0x00, 0x00, 0x00, 0x01, 0x14, 0x00, 0x00, 0x00,
  0x30, 0x00, 0x00, 0x00, 0x05, 0x00, 0x00, 0x00, 0x00, 0x00, 0x00, 0x09,
  0x60, 0x00, 0x00, 0x00, 0x84, 0xfd, 0xff, 0xff, 0x08, 0x00, 0x00, 0x00,
  0x10, 0x00, 0x00, 0x00, 0x01, 0x00, 0x00, 0x00, 0x7f, 0x00, 0x00, 0x00,
  0x00, 0x00, 0x00, 0x00, 0x01, 0x00, 0x00, 0x00, 0x50, 0xad, 0x6e, 0x3b,
  0x36, 0x00, 0x00, 0x00, 0x73, 0x65, 0x71, 0x75, 0x65, 0x6e, 0x74, 0x69,
  0x61, 0x6c, 0x5f, 0x33, 0x37, 0x5f, 0x31, 0x2f, 0x62, 0x61, 0x74, 0x63,
  0x68, 0x5f, 0x6e, 0x6f, 0x72, 0x6d, 0x61, 0x6c, 0x69, 0x7a, 0x61, 0x74,
  0x69, 0x6f, 0x6e, 0x5f, 0x35, 0x34, 0x5f, 0x31, 0x2f, 0x62, 0x61, 0x74,
  0x63, 0x68, 0x6e, 0x6f, 0x72, 0x6d, 0x2f, 0x73, 0x75, 0x62, 0x00, 0x00,
  0x01, 0x00, 0x00, 0x00, 0x20, 0x00, 0x00, 0x00, 0x1a, 0xfe, 0xff, 0xff,
  0x00, 0x00, 0x00, 0x01, 0x14, 0x00, 0x00, 0x00, 0x78, 0x00, 0x00, 0x00,
  0x04, 0x00, 0x00, 0x00, 0x00, 0x00, 0x00, 0x09, 0x94, 0x00, 0x00, 0x00,
  0x04, 0xfe, 0xff, 0xff, 0x08, 0x00, 0x00, 0x00, 0x40, 0x00, 0x00, 0x00,
  0x07, 0x00, 0x00, 0x00, 0x00, 0x00, 0x00, 0x00, 0x00, 0x00, 0x00, 0x00,
  0x00, 0x00, 0x00, 0x00, 0x00, 0x00, 0x00, 0x00, 0x00, 0x00, 0x00, 0x00,
  0x00, 0x00, 0x00, 0x00, 0x00, 0x00, 0x00, 0x00, 0x00, 0x00, 0x00, 0x00,
  0x00, 0x00, 0x00, 0x00, 0x00, 0x00, 0x00, 0x00, 0x00, 0x00, 0x00, 0x00,
  0x00, 0x00, 0x00, 0x00, 0x00, 0x00, 0x00, 0x00, 0x00, 0x00, 0x00, 0x00,
  0x07, 0x00, 0x00, 0x00, 0xe6, 0x8b, 0x48, 0x3b, 0x5c, 0x65, 0x6a, 0x3b,
  0x6c, 0x45, 0x59, 0x3b, 0xd0, 0xaa, 0x74, 0x3b, 0xba, 0x4b, 0x6a, 0x3b,
  0x89, 0x65, 0x70, 0x3b, 0x75, 0x57, 0x58, 0x3b, 0x21, 0x00, 0x00, 0x00,
  0x73, 0x65, 0x71, 0x75, 0x65, 0x6e, 0x74, 0x69, 0x61, 0x6c, 0x5f, 0x33,
  0x37, 0x5f, 0x31, 0x2f, 0x64, 0x65, 0x6e, 0x73, 0x65, 0x5f, 0x33, 0x37,
  0x5f, 0x31, 0x2f, 0x4d, 0x61, 0x74, 0x4d, 0x75, 0x6c, 0x00, 0x00, 0x00,
  0x02, 0x00, 0x00, 0x00, 0x07, 0x00, 0x00, 0x00, 0x20, 0x00, 0x00, 0x00,
  0xd2, 0xfe, 0xff, 0xff, 0x00, 0x00, 0x00, 0x01, 0x14, 0x00, 0x00, 0x00,
  0x78, 0x00, 0x00, 0x00, 0x03, 0x00, 0x00, 0x00, 0x00, 0x00, 0x00, 0x02,
  0x94, 0x00, 0x00, 0x00, 0xbc, 0xfe, 0xff, 0xff, 0x08, 0x00, 0x00, 0x00,
  0x40, 0x00, 0x00, 0x00, 0x07, 0x00, 0x00, 0x00, 0x00, 0x00, 0x00, 0x00,
  0x00, 0x00, 0x00, 0x00, 0x00, 0x00, 0x00, 0x00, 0x00, 0x00, 0x00, 0x00,
  0x00, 0x00, 0x00, 0x00, 0x00, 0x00, 0x00, 0x00, 0x00, 0x00, 0x00, 0x00,
  0x00, 0x00, 0x00, 0x00, 0x00, 0x00, 0x00, 0x00, 0x00, 0x00, 0x00, 0x00,
  0x00, 0x00, 0x00, 0x00, 0x00, 0x00, 0x00, 0x00, 0x00, 0x00, 0x00, 0x00,
  0x00, 0x00, 0x00, 0x00, 0x07, 0x00, 0x00, 0x00, 0x0f, 0xa7, 0x14, 0x38,
  0x39, 0xbe, 0x2d, 0x38, 0xaf, 0x0c, 0x21, 0x38, 0x46, 0x5b, 0x35, 0x38,
  0x39, 0xab, 0x2d, 0x38, 0xe5, 0x30, 0x32, 0x38, 0x4c, 0x5c, 0x20, 0x38,
  0x22, 0x00, 0x00, 0x00, 0x73, 0x65, 0x71, 0x75, 0x65, 0x6e, 0x74, 0x69,
  0x61, 0x6c, 0x5f, 0x33, 0x37, 0x5f, 0x31, 0x2f, 0x64, 0x65, 0x6e, 0x73,
  0x65, 0x5f, 0x33, 0x37, 0x5f, 0x31, 0x2f, 0x42, 0x69, 0x61, 0x73, 0x41,
  0x64, 0x64, 0x00, 0x00, 0x01, 0x00, 0x00, 0x00, 0x07, 0x00, 0x00, 0x00,
  0x86, 0xff, 0xff, 0xff, 0x00, 0x00, 0x00, 0x01, 0x18, 0x00, 0x00, 0x00,
  0x18, 0x00, 0x00, 0x00, 0x02, 0x00, 0x00, 0x00, 0x00, 0x00, 0x00, 0x02,
  0x58, 0x00, 0x00, 0x00, 0x04, 0x00, 0x04, 0x00, 0x04, 0x00, 0x00, 0x00,
  0x44, 0x00, 0x00, 0x00, 0x73, 0x65, 0x71, 0x75, 0x65, 0x6e, 0x74, 0x69,
  0x61, 0x6c, 0x5f, 0x33, 0x37, 0x5f, 0x31, 0x2f, 0x67, 0x6c, 0x6f, 0x62,
  0x61, 0x6c, 0x5f, 0x61, 0x76, 0x65, 0x72, 0x61, 0x67, 0x65, 0x5f, 0x70,
  0x6f, 0x6f, 0x6c, 0x69, 0x6e, 0x67, 0x32, 0x64, 0x5f, 0x33, 0x37, 0x5f,
  0x31, 0x2f, 0x4d, 0x65, 0x61, 0x6e, 0x2f, 0x72, 0x65, 0x64, 0x75, 0x63,
  0x74, 0x69, 0x6f, 0x6e, 0x5f, 0x69, 0x6e, 0x64, 0x69, 0x63, 0x65, 0x73,
  0x00, 0x00, 0x00, 0x00, 0x01, 0x00, 0x00, 0x00, 0x02, 0x00, 0x00, 0x00,
  0x00, 0x00, 0x16, 0x00, 0x1c, 0x00, 0x18, 0x00, 0x17, 0x00, 0x10, 0x00,
  0x0c, 0x00, 0x08, 0x00, 0x00, 0x00, 0x00, 0x00, 0x00, 0x00, 0x07, 0x00,
  0x16, 0x00, 0x00, 0x00, 0x00, 0x00, 0x00, 0x01, 0x20, 0x00, 0x00, 0x00,
  0x40, 0x00, 0x00, 0x00, 0x01, 0x00, 0x00, 0x00, 0x00, 0x00, 0x00, 0x09,
  0x5c, 0x00, 0x00, 0x00, 0x0c, 0x00, 0x0c, 0x00, 0x00, 0x00, 0x00, 0x00,
  0x08, 0x00, 0x04, 0x00, 0x0c, 0x00, 0x00, 0x00, 0x08, 0x00, 0x00, 0x00,
  0x14, 0x00, 0x00, 0x00, 0x01, 0x00, 0x00, 0x00, 0x0a, 0x00, 0x00, 0x00,
  0x00, 0x00, 0x00, 0x00, 0x00, 0x00, 0x00, 0x00, 0x01, 0x00, 0x00, 0x00,
  0x6d, 0x5d, 0x15, 0x40, 0x23, 0x00, 0x00, 0x00, 0x73, 0x65, 0x72, 0x76,
  0x69, 0x6e, 0x67, 0x5f, 0x64, 0x65, 0x66, 0x61, 0x75, 0x6c, 0x74, 0x5f,
  0x6b, 0x65, 0x72, 0x61, 0x73, 0x5f, 0x74, 0x65, 0x6e, 0x73, 0x6f, 0x72,
  0x5f, 0x32, 0x34, 0x37, 0x36, 0x3a, 0x30, 0x00, 0x04, 0x00, 0x00, 0x00,
  0x01, 0x00, 0x00, 0x00, 0x14, 0x00, 0x00, 0x00, 0x01, 0x00, 0x00, 0x00,
  0x09, 0x00, 0x00, 0x00, 0x07, 0x00, 0x00, 0x00, 0x94, 0x00, 0x00, 0x00,
  0x74, 0x00, 0x00, 0x00, 0x68, 0x00, 0x00, 0x00, 0x4c, 0x00, 0x00, 0x00,
  0x2c, 0x00, 0x00, 0x00, 0x18, 0x00, 0x00, 0x00, 0x04, 0x00, 0x00, 0x00,
  0x94, 0xff, 0xff, 0xff, 0x19, 0x00, 0x00, 0x00, 0x02, 0x00, 0x00, 0x00,
  0x00, 0x00, 0x00, 0x19, 0xa4, 0xff, 0xff, 0xff, 0x09, 0x00, 0x00, 0x00,
  0x04, 0x00, 0x00, 0x00, 0x00, 0x00, 0x00, 0x09, 0xb4, 0xff, 0xff, 0xff,
  0x28, 0x00, 0x00, 0x00, 0x02, 0x00, 0x00, 0x00, 0x00, 0x00, 0x00, 0x28,
  0x0c, 0x00, 0x0e, 0x00, 0x0d, 0x00, 0x00, 0x00, 0x08, 0x00, 0x04, 0x00,
  0x0c, 0x00, 0x00, 0x00, 0x11, 0x00, 0x00, 0x00, 0x02, 0x00, 0x00, 0x00,
  0x00, 0x11, 0x0a, 0x00, 0x08, 0x00, 0x00, 0x00, 0x00, 0x00, 0x04, 0x00,
  0x0a, 0x00, 0x00, 0x00, 0x02, 0x00, 0x00, 0x00, 0xf0, 0xff, 0xff, 0xff,
  0x12, 0x00, 0x00, 0x00, 0x02, 0x00, 0x00, 0x00, 0x00, 0x00, 0x00, 0x12,
  0x0c, 0x00, 0x10, 0x00, 0x0f, 0x00, 0x00, 0x00, 0x08, 0x00, 0x04, 0x00,
  0x0c, 0x00, 0x00, 0x00, 0x03, 0x00, 0x00, 0x00, 0x03, 0x00, 0x00, 0x00,
  0x00, 0x00, 0x00, 0x03
};
unsigned int tflite_models_conv_4_20_ON_int8_tflite_len = 19744;
