unsigned char tflite_models_conv_7_10_OFF_int8_tflite[] = {
  0x1c, 0x00, 0x00, 0x00, 0x54, 0x46, 0x4c, 0x33, 0x14, 0x00, 0x20, 0x00,
  0x1c, 0x00, 0x18, 0x00, 0x14, 0x00, 0x10, 0x00, 0x0c, 0x00, 0x00, 0x00,
  0x08, 0x00, 0x04, 0x00, 0x14, 0x00, 0x00, 0x00, 0x1c, 0x00, 0x00, 0x00,
  0x9c, 0x00, 0x00, 0x00, 0xf4, 0x00, 0x00, 0x00, 0x68, 0x1c, 0x00, 0x00,
  0x78, 0x1c, 0x00, 0x00, 0x08, 0x43, 0x00, 0x00, 0x03, 0x00, 0x00, 0x00,
  0x01, 0x00, 0x00, 0x00, 0x10, 0x00, 0x00, 0x00, 0x00, 0x00, 0x0a, 0x00,
  0x10, 0x00, 0x0c, 0x00, 0x08, 0x00, 0x04, 0x00, 0x0a, 0x00, 0x00, 0x00,
  0x0c, 0x00, 0x00, 0x00, 0x1c, 0x00, 0x00, 0x00, 0x3c, 0x00, 0x00, 0x00,
  0x0f, 0x00, 0x00, 0x00, 0x73, 0x65, 0x72, 0x76, 0x69, 0x6e, 0x67, 0x5f,
  0x64, 0x65, 0x66, 0x61, 0x75, 0x6c, 0x74, 0x00, 0x01, 0x00, 0x00, 0x00,
  0x04, 0x00, 0x00, 0x00, 0x8c, 0xff, 0xff, 0xff, 0x1f, 0x00, 0x00, 0x00,
  0x04, 0x00, 0x00, 0x00, 0x08, 0x00, 0x00, 0x00, 0x6f, 0x75, 0x74, 0x70,
  0x75, 0x74, 0x5f, 0x30, 0x00, 0x00, 0x00, 0x00, 0x01, 0x00, 0x00, 0x00,
  0x04, 0x00, 0x00, 0x00, 0x6e, 0xe3, 0xff, 0xff, 0x04, 0x00, 0x00, 0x00,
  0x11, 0x00, 0x00, 0x00, 0x6b, 0x65, 0x72, 0x61, 0x73, 0x5f, 0x74, 0x65,
  0x6e, 0x73, 0x6f, 0x72, 0x5f, 0x35, 0x38, 0x37, 0x30, 0x00, 0x00, 0x00,
  0x02, 0x00, 0x00, 0x00, 0x34, 0x00, 0x00, 0x00, 0x04, 0x00, 0x00, 0x00,
  0xdc, 0xff, 0xff, 0xff, 0x22, 0x00, 0x00, 0x00, 0x04, 0x00, 0x00, 0x00,
  0x13, 0x00, 0x00, 0x00, 0x43, 0x4f, 0x4e, 0x56, 0x45, 0x52, 0x53, 0x49,
  0x4f, 0x4e, 0x5f, 0x4d, 0x45, 0x54, 0x41, 0x44, 0x41, 0x54, 0x41, 0x00,
  0x08, 0x00, 0x0c, 0x00, 0x08, 0x00, 0x04, 0x00, 0x08, 0x00, 0x00, 0x00,
  0x21, 0x00, 0x00, 0x00, 0x04, 0x00, 0x00, 0x00, 0x13, 0x00, 0x00, 0x00,
  0x6d, 0x69, 0x6e, 0x5f, 0x72, 0x75, 0x6e, 0x74, 0x69, 0x6d, 0x65, 0x5f,
  0x76, 0x65, 0x72, 0x73, 0x69, 0x6f, 0x6e, 0x00, 0x23, 0x00, 0x00, 0x00,
  0x70, 0x1b, 0x00, 0x00, 0x68, 0x1b, 0x00, 0x00, 0x50, 0x1b, 0x00, 0x00,
  0x24, 0x1b, 0x00, 0x00, 0xa4, 0x1a, 0x00, 0x00, 0x54, 0x1a, 0x00, 0x00,
  0x44, 0x17, 0x00, 0x00, 0xf4, 0x16, 0x00, 0x00, 0xe4, 0x13, 0x00, 0x00,
  0x94, 0x13, 0x00, 0x00, 0x84, 0x10, 0x00, 0x00, 0x34, 0x10, 0x00, 0x00,
  0x24, 0x0d, 0x00, 0x00, 0xd4, 0x0c, 0x00, 0x00, 0xc4, 0x09, 0x00, 0x00,
  0x74, 0x09, 0x00, 0x00, 0x64, 0x06, 0x00, 0x00, 0x14, 0x06, 0x00, 0x00,
  0x04, 0x03, 0x00, 0x00, 0xb4, 0x02, 0x00, 0x00, 0xf4, 0x00, 0x00, 0x00,
  0xec, 0x00, 0x00, 0x00, 0xe4, 0x00, 0x00, 0x00, 0xdc, 0x00, 0x00, 0x00,
  0xd4, 0x00, 0x00, 0x00, 0xcc, 0x00, 0x00, 0x00, 0xc4, 0x00, 0x00, 0x00,
  0xbc, 0x00, 0x00, 0x00, 0xb4, 0x00, 0x00, 0x00, 0xac, 0x00, 0x00, 0x00,
  0xa4, 0x00, 0x00, 0x00, 0x9c, 0x00, 0x00, 0x00, 0x94, 0x00, 0x00, 0x00,
  0x74, 0x00, 0x00, 0x00, 0x04, 0x00, 0x00, 0x00, 0x7a, 0xe4, 0xff, 0xff,
  0x04, 0x00, 0x00, 0x00, 0x60, 0x00, 0x00, 0x00, 0x0c, 0x00, 0x00, 0x00,
  0x08, 0x00, 0x0e, 0x00, 0x08, 0x00, 0x04, 0x00, 0x08, 0x00, 0x00, 0x00,
  0x10, 0x00, 0x00, 0x00, 0x28, 0x00, 0x00, 0x00, 0x00, 0x00, 0x06, 0x00,
  0x08, 0x00, 0x04, 0x00, 0x06, 0x00, 0x00, 0x00, 0x04, 0x00, 0x00, 0x00,
  0x01, 0x00, 0x00, 0x00, 0xeb, 0x03, 0x00, 0x00, 0x0c, 0x00, 0x18, 0x00,
  0x14, 0x00, 0x10, 0x00, 0x0c, 0x00, 0x04, 0x00, 0x0c, 0x00, 0x00, 0x00,
  0xf5, 0x1c, 0x97, 0x77, 0x19, 0xf2, 0x26, 0xe4, 0x02, 0x00, 0x00, 0x00,
  0x02, 0x00, 0x00, 0x00, 0x04, 0x00, 0x00, 0x00, 0x06, 0x00, 0x00, 0x00,
  0x32, 0x2e, 0x32, 0x31, 0x2e, 0x30, 0x00, 0x00, 0xe6, 0xe4, 0xff, 0xff,
  0x04, 0x00, 0x00, 0x00, 0x10, 0x00, 0x00, 0x00, 0x31, 0x2e, 0x31, 0x34,
  0x2e, 0x30, 0x00, 0x00, 0x00, 0x00, 0x00, 0x00, 0x00, 0x00, 0x00, 0x00,
  0xf0, 0xbf, 0xff, 0xff, 0xf4, 0xbf, 0xff, 0xff, 0xf8, 0xbf, 0xff, 0xff,
  0xfc, 0xbf, 0xff, 0xff, 0x00, 0xc0, 0xff, 0xff, 0x04, 0xc0, 0xff, 0xff,
  0x08, 0xc0, 0xff, 0xff, 0x0c, 0xc0, 0xff, 0xff, 0x10, 0xc0, 0xff, 0xff,
  0x14, 0xc0, 0xff, 0xff, 0x18, 0xc0, 0xff, 0xff, 0x1c, 0xc0, 0xff, 0xff,
  0x32, 0xe5, 0xff, 0xff, 0x04, 0x00, 0x00, 0x00, 0xb0, 0x01, 0x00, 0x00,
  0xe7, 0xef, 0xbe, 0xee, 0x05, 0x2b, 0x1a, 0x43, 0xd7, 0xda, 0x08, 0x56,
  0x6d, 0xb9, 0x6f, 0xe2, 0xac, 0xeb, 0x0f, 0x67, 0xc6, 0xc5, 0x7f, 0x29,
  0x8e, 0xa9, 0xa9, 0x30, 0x0f, 0x5f, 0xd8, 0xa5, 0x41, 0xc9, 0xbd, 0x87,
  0xe6, 0xe2, 0x86, 0x48, 0xb7, 0xa3, 0x66, 0xfa, 0xb9, 0x7f, 0xe5, 0x94,
  0xeb, 0x44, 0x93, 0x40, 0xe9, 0x2b, 0xdd, 0xbf, 0xde, 0xaa, 0x87, 0xc4,
  0xff, 0x35, 0x24, 0x5e, 0x81, 0x1b, 0x7c, 0xda, 0x81, 0xba, 0x62, 0x66,
  0x33, 0x41, 0xba, 0xd3, 0xa1, 0xd8, 0x5f, 0xc6, 0xb0, 0x81, 0x1d, 0xb7,
  0x91, 0xde, 0x3b, 0xed, 0x24, 0xa2, 0x7a, 0x3c, 0xe5, 0x86, 0x57, 0xd7,
  0x4e, 0x04, 0x7b, 0xad, 0x8c, 0x73, 0x92, 0x9c, 0x8f, 0x46, 0xa1, 0xef,
  0x32, 0xdf, 0xfa, 0xf8, 0x14, 0xc6, 0x60, 0x1d, 0x78, 0xe8, 0xbc, 0xcc,
  0xbb, 0x3e, 0xbd, 0xb0, 0xbc, 0xd6, 0x21, 0x16, 0xe2, 0xe6, 0x4b, 0x03,
  0x4f, 0x09, 0x7f, 0x03, 0x01, 0x65, 0x38, 0x4a, 0x1a, 0x1d, 0x4d, 0x9b,
  0xde, 0x41, 0xf6, 0x19, 0xb0, 0x2d, 0x1d, 0x2d, 0x9f, 0x0a, 0xa8, 0x09,
  0xea, 0x21, 0xe3, 0x39, 0x20, 0x81, 0xf0, 0xf9, 0x15, 0x4d, 0x61, 0x9e,
  0xfb, 0x88, 0x79, 0x03, 0x5a, 0xa1, 0xf0, 0xde, 0x9f, 0xe3, 0xe3, 0x26,
  0xea, 0x7b, 0x7d, 0x7f, 0x37, 0x1a, 0xee, 0x30, 0x1b, 0xb0, 0x8c, 0xc6,
  0x97, 0xb4, 0xb2, 0x6f, 0x1c, 0x41, 0x87, 0xd8, 0xa3, 0xfc, 0xc0, 0x6b,
  0x85, 0xdb, 0xc1, 0x81, 0x5e, 0xdd, 0x17, 0xc4, 0x54, 0xe0, 0x3c, 0x57,
  0xb3, 0xde, 0xfc, 0x1c, 0xeb, 0xdd, 0x3f, 0x99, 0xe1, 0x02, 0xf2, 0x6e,
  0xe4, 0x5b, 0xd5, 0xbd, 0x2f, 0x81, 0x24, 0x39, 0x93, 0x0a, 0x39, 0x38,
  0xe7, 0xfc, 0x4a, 0xf5, 0x24, 0xd4, 0x18, 0x8c, 0x45, 0xd6, 0xfa, 0xca,
  0x3a, 0xec, 0x7f, 0xa7, 0x13, 0x0a, 0x8b, 0xb8, 0x86, 0xc3, 0xe5, 0x6e,
  0x5f, 0xc7, 0x32, 0x30, 0x19, 0xd6, 0x93, 0xd1, 0x3a, 0xdf, 0xde, 0xad,
  0x7f, 0xd2, 0xd6, 0x60, 0x9d, 0xcd, 0xad, 0x7e, 0x8e, 0x7c, 0xc2, 0x28,
  0x8a, 0x15, 0x49, 0xb8, 0xd3, 0x4a, 0xf8, 0xf9, 0x58, 0x2e, 0x5b, 0xba,
  0x62, 0x30, 0x82, 0x5d, 0x7d, 0x9e, 0x22, 0x43, 0x84, 0x67, 0x98, 0x09,
  0x6c, 0xb9, 0xf6, 0x62, 0x19, 0x6b, 0x1d, 0xfb, 0xa9, 0x41, 0x69, 0x7f,
  0x00, 0x4e, 0x97, 0x4d, 0xf9, 0xed, 0x6a, 0xb8, 0x5a, 0x27, 0x81, 0x8c,
  0x60, 0x82, 0x17, 0x4f, 0xca, 0xb7, 0xe3, 0x9f, 0x3a, 0xb3, 0x0c, 0xc3,
  0xbc, 0x3a, 0x97, 0x55, 0xd3, 0x1d, 0xd1, 0x72, 0xe5, 0xde, 0x44, 0x72,
  0xaa, 0x04, 0x51, 0xac, 0xb8, 0x6b, 0x9c, 0x5b, 0x81, 0x93, 0x1d, 0xfd,
  0xc2, 0xf0, 0x0b, 0x51, 0x13, 0xaf, 0xdb, 0x7f, 0x1a, 0x49, 0xc8, 0xb9,
  0x9b, 0x32, 0x85, 0xd5, 0xc4, 0x33, 0x45, 0xf0, 0x11, 0x5a, 0x1a, 0x06,
  0xf9, 0x14, 0xfb, 0x9d, 0x74, 0xe7, 0xba, 0xb9, 0x71, 0x0a, 0xea, 0x22,
  0xa2, 0x17, 0x3e, 0x5d, 0x2d, 0x27, 0x65, 0x9b, 0x22, 0x38, 0x09, 0x01,
  0x3c, 0x15, 0x79, 0xa5, 0x2b, 0x5b, 0x4a, 0x7f, 0xad, 0x6a, 0x85, 0xf5,
  0xee, 0xe6, 0xff, 0xff, 0x04, 0x00, 0x00, 0x00, 0x40, 0x00, 0x00, 0x00,
  0x05, 0x00, 0x00, 0x00, 0x07, 0x00, 0x00, 0x00, 0xff, 0xff, 0xff, 0xff,
  0x05, 0x00, 0x00, 0x00, 0x05, 0x00, 0x00, 0x00, 0x05, 0x00, 0x00, 0x00,
  0x05, 0x00, 0x00, 0x00, 0x02, 0x00, 0x00, 0x00, 0xf9, 0xff, 0xff, 0xff,
  0x05, 0x00, 0x00, 0x00, 0x05, 0x00, 0x00, 0x00, 0x00, 0x00, 0x00, 0x00,
  0x04, 0x00, 0x00, 0x00, 0x03, 0x00, 0x00, 0x00, 0x07, 0x00, 0x00, 0x00,
  0x00, 0x00, 0x00, 0x00, 0x3a, 0xe7, 0xff, 0xff, 0x04, 0x00, 0x00, 0x00,
  0x00, 0x03, 0x00, 0x00, 0x7f, 0x5f, 0x83, 0x1a, 0x59, 0x4d, 0xc7, 0x3a,
  0x2d, 0xa1, 0x36, 0x81, 0xd6, 0xac, 0x4e, 0xe3, 0x44, 0x81, 0xd3, 0x7e,
  0x1b, 0x62, 0x53, 0x6b, 0xe5, 0xbe, 0x03, 0x2d, 0xf5, 0x3b, 0x6c, 0xf6,
  0xb0, 0xb3, 0xf6, 0x56, 0x46, 0x71, 0x22, 0xc9, 0xda, 0x3f, 0x0d, 0x1a,
  0x2b, 0xbe, 0x75, 0x6b, 0x73, 0x91, 0x66, 0xb0, 0xd4, 0x2a, 0x8a, 0x4b,
  0x7f, 0x85, 0x9c, 0x98, 0x9a, 0x88, 0xf9, 0x92, 0x35, 0x6d, 0xb8, 0xf9,
  0x10, 0xc9, 0x64, 0x08, 0x88, 0x18, 0xd6, 0xfc, 0xba, 0xc8, 0xb0, 0x7d,
  0x6d, 0xff, 0x6c, 0x43, 0x11, 0xb2, 0x16, 0xc8, 0xe0, 0xd0, 0xe5, 0x6e,
  0xc6, 0xd2, 0xf4, 0x44, 0x4e, 0x21, 0x2f, 0x06, 0x2e, 0xfa, 0x7f, 0x24,
  0x7d, 0x0e, 0xc8, 0x69, 0xdf, 0xb4, 0x2e, 0x82, 0xfa, 0xe6, 0x34, 0xae,
  0x29, 0xb9, 0x72, 0x5c, 0x26, 0x98, 0xd8, 0x79, 0xee, 0xd9, 0xf9, 0x81,
  0xde, 0x93, 0x66, 0x70, 0xa3, 0x28, 0x38, 0x30, 0xdd, 0xb6, 0x31, 0xa8,
  0xe5, 0x8e, 0x15, 0x73, 0xdd, 0xe5, 0x90, 0x3c, 0x52, 0x18, 0x36, 0x41,
  0x2c, 0x90, 0x42, 0x9b, 0xc7, 0x2b, 0x5f, 0xbc, 0x0f, 0xd4, 0xa6, 0x5d,
  0x72, 0xd1, 0xe0, 0xe9, 0xac, 0x9a, 0x51, 0x7f, 0xc8, 0x6e, 0x6a, 0xba,
  0x33, 0xfb, 0xf2, 0xc2, 0xcd, 0xeb, 0x1b, 0x0d, 0xad, 0xbb, 0x27, 0x7a,
  0x71, 0x08, 0x8b, 0xa5, 0xdd, 0x19, 0x60, 0xf5, 0x4c, 0xf2, 0x6e, 0x94,
  0xb0, 0x4d, 0x8e, 0xa7, 0xd8, 0x19, 0x28, 0xce, 0xb3, 0x5d, 0xd1, 0xeb,
  0xb8, 0x15, 0xc5, 0xc9, 0x95, 0x0a, 0x01, 0xba, 0xb4, 0xcc, 0xd0, 0x99,
  0xad, 0xff, 0xfc, 0xba, 0x2e, 0x1d, 0x43, 0x7f, 0xf3, 0x08, 0x37, 0x62,
  0xe6, 0x36, 0x2c, 0xa6, 0xe4, 0x4d, 0x1c, 0x4d, 0x4c, 0x2f, 0x36, 0x9e,
  0xcc, 0x70, 0x69, 0xfd, 0x5c, 0xdb, 0x72, 0xee, 0x5d, 0x53, 0xd9, 0x24,
  0xde, 0x11, 0xdc, 0xb7, 0x32, 0xa1, 0xe5, 0x3f, 0x05, 0x50, 0x21, 0xef,
  0x29, 0x02, 0x6d, 0xb5, 0x71, 0x52, 0x32, 0x6a, 0x99, 0x7f, 0x63, 0xba,
  0x0b, 0x23, 0x1d, 0xdc, 0xac, 0xd6, 0x94, 0xe4, 0x55, 0x13, 0xf0, 0x47,
  0xfd, 0x33, 0xb5, 0xa4, 0x40, 0xee, 0xd6, 0x71, 0x00, 0x57, 0xb5, 0x21,
  0x51, 0x29, 0x3e, 0x5f, 0xe5, 0x51, 0xf8, 0x54, 0x54, 0x89, 0x9c, 0x31,
  0x1c, 0x95, 0xe6, 0x73, 0x7f, 0xab, 0xc7, 0xac, 0x9d, 0x5e, 0x70, 0xa1,
  0x23, 0x78, 0x5d, 0x1a, 0x68, 0x9c, 0xe2, 0x9f, 0xf4, 0x06, 0x02, 0xc5,
  0x27, 0xbd, 0xec, 0x94, 0xb3, 0xd6, 0x2c, 0xbe, 0x31, 0xf9, 0xe2, 0x01,
  0x91, 0xa8, 0xd0, 0xa6, 0x44, 0x1c, 0x07, 0x97, 0x54, 0x76, 0xb0, 0x33,
  0x31, 0xbe, 0x76, 0x07, 0xb2, 0x94, 0x00, 0x4e, 0xfa, 0xe9, 0x14, 0x19,
  0x9c, 0x3d, 0x7f, 0x10, 0x46, 0x30, 0x9c, 0xce, 0xe5, 0x11, 0x5e, 0x06,
  0x97, 0x4a, 0x93, 0x93, 0x25, 0x2a, 0x74, 0x3d, 0x06, 0xef, 0x41, 0x0d,
  0xe6, 0x30, 0x9e, 0x49, 0x40, 0xd2, 0xa1, 0x94, 0x25, 0x2b, 0x94, 0x65,
  0x7f, 0xe7, 0xea, 0x31, 0xc4, 0x16, 0x3d, 0x01, 0xc1, 0x98, 0x62, 0x7b,
  0xfd, 0x5c, 0x41, 0x6c, 0x7a, 0x0a, 0x0b, 0x08, 0x6d, 0xc4, 0x26, 0x1f,
  0xe2, 0xd6, 0xdb, 0xce, 0xfd, 0x4c, 0x8e, 0x4c, 0x71, 0x6c, 0x57, 0x17,
  0x95, 0x24, 0x1c, 0x0b, 0x11, 0x44, 0x8c, 0xd8, 0xdb, 0x1a, 0x7f, 0xf9,
  0x16, 0x39, 0x62, 0xd8, 0xbd, 0xcb, 0xeb, 0xd9, 0xc4, 0xc0, 0x61, 0x52,
  0x49, 0xd6, 0xca, 0x97, 0x5e, 0x84, 0xb5, 0x14, 0xec, 0x77, 0x7e, 0xef,
  0x59, 0xc2, 0x0a, 0xf8, 0x88, 0xc3, 0x24, 0x7f, 0xce, 0x40, 0xe1, 0x8d,
  0x7c, 0xcf, 0xb2, 0xc0, 0xef, 0x7f, 0x39, 0x3c, 0x76, 0x39, 0xfa, 0x0f,
  0x53, 0x10, 0xe1, 0x68, 0x57, 0x51, 0xb5, 0x7a, 0xc9, 0x2c, 0xd2, 0x32,
  0x86, 0x45, 0x02, 0xf7, 0x63, 0x4d, 0x4b, 0xd7, 0x6b, 0x81, 0x9f, 0x4e,
  0x6f, 0x83, 0x9d, 0x03, 0x02, 0x18, 0xca, 0x74, 0xdb, 0x12, 0xda, 0x2b,
  0x71, 0xbc, 0xd5, 0x90, 0x43, 0x72, 0xbe, 0x47, 0xf6, 0xab, 0x21, 0x57,
  0x72, 0x58, 0xf0, 0x03, 0x2e, 0x51, 0x8c, 0x21, 0x25, 0x58, 0x92, 0x14,
  0x62, 0xdc, 0xc5, 0x86, 0x0e, 0xc1, 0xef, 0x1b, 0xdd, 0x62, 0xb4, 0x71,
  0x2b, 0x04, 0x21, 0x5a, 0x5b, 0x7f, 0x1b, 0xc5, 0xf5, 0x1b, 0xd3, 0x1d,
  0x32, 0x58, 0xc8, 0x0d, 0xbb, 0xc7, 0x5a, 0xcf, 0xd1, 0x74, 0xf7, 0x72,
  0xe5, 0xe5, 0x57, 0x2d, 0x2f, 0xc0, 0x07, 0xde, 0x15, 0x25, 0x09, 0xa5,
  0xd4, 0x5c, 0x26, 0xc8, 0xae, 0x2d, 0xad, 0xfe, 0x23, 0x81, 0x68, 0x97,
  0x02, 0x0b, 0xd8, 0x12, 0xd9, 0xbd, 0x7d, 0x83, 0x50, 0xef, 0x2a, 0xef,
  0xe9, 0xbf, 0x77, 0x4c, 0xb4, 0x5f, 0x9d, 0xdc, 0x87, 0x88, 0x11, 0x36,
  0x5f, 0xea, 0xe1, 0x6f, 0xa6, 0x13, 0xbd, 0xee, 0x9f, 0x09, 0xae, 0xcd,
  0x0e, 0xff, 0x01, 0x88, 0xd8, 0x9b, 0x61, 0xe1, 0x93, 0x91, 0x23, 0x72,
  0xb0, 0x1c, 0x06, 0xda, 0xad, 0x14, 0xaf, 0x21, 0x61, 0xc1, 0x58, 0xdc,
  0x0c, 0x09, 0xcf, 0xb4, 0x49, 0xba, 0x4e, 0x5b, 0xaa, 0x6f, 0x92, 0xea,
  0x3c, 0x81, 0xf5, 0xc7, 0x27, 0xf1, 0x14, 0xe0, 0x53, 0x3e, 0x1c, 0xa7,
  0x6f, 0x5a, 0x2b, 0xef, 0x20, 0x2f, 0x62, 0xd1, 0x90, 0x4b, 0x0b, 0x85,
  0x6d, 0x4b, 0xbd, 0x20, 0x54, 0x52, 0xc1, 0x86, 0x3a, 0x31, 0xf6, 0xdd,
  0xbd, 0xb4, 0x11, 0x8f, 0x5c, 0x26, 0x81, 0xb5, 0xdd, 0xf0, 0xf8, 0x3c,
  0xbe, 0x6d, 0x82, 0x5c, 0xf5, 0xeb, 0x99, 0xc1, 0xd1, 0x5a, 0xe0, 0x34,
  0xa9, 0x72, 0x86, 0x14, 0x46, 0xea, 0xff, 0xff, 0x04, 0x00, 0x00, 0x00,
  0x40, 0x00, 0x00, 0x00, 0x0f, 0x00, 0x00, 0x00, 0xf7, 0xff, 0xff, 0xff,
  0x02, 0x00, 0x00, 0x00, 0x13, 0x00, 0x00, 0x00, 0x1f, 0x00, 0x00, 0x00,
  0x1d, 0x00, 0x00, 0x00, 0x14, 0x00, 0x00, 0x00, 0x1a, 0x00, 0x00, 0x00,
  0x09, 0x00, 0x00, 0x00, 0x1c, 0x00, 0x00, 0x00, 0x1e, 0x00, 0x00, 0x00,
  0xf6, 0xff, 0xff, 0xff, 0xf5, 0xff, 0xff, 0xff, 0xfe, 0xff, 0xff, 0xff,
  0xf5, 0xff, 0xff, 0xff, 0xfb, 0xff, 0xff, 0xff, 0x92, 0xea, 0xff, 0xff,
  0x04, 0x00, 0x00, 0x00, 0x00, 0x03, 0x00, 0x00, 0x6a, 0xd1, 0xfa, 0x9d,
  0x6f, 0xac, 0x3d, 0x52, 0x65, 0x72, 0x59, 0x70, 0xa5, 0xd8, 0xd0, 0x46,
  0x1c, 0xb6, 0xe7, 0x01, 0x1c, 0x55, 0x03, 0x1c, 0x3d, 0x5a, 0x5d, 0xca,
  0xcc, 0x37, 0xaa, 0x5c, 0xf8, 0x1b, 0x42, 0x40, 0x5c, 0xea, 0x27, 0x18,
  0x60, 0x9a, 0x54, 0x1b, 0x66, 0xd3, 0x7f, 0xf3, 0xe7, 0xc7, 0x41, 0x0a,
  0xcd, 0x0d, 0x66, 0x22, 0x33, 0x70, 0x08, 0x1c, 0xcf, 0x47, 0x34, 0x17,
  0x8b, 0xd5, 0xcd, 0x42, 0x36, 0x3b, 0x8e, 0x99, 0xc6, 0x33, 0x2f, 0xc3,
  0xe2, 0x9c, 0x8a, 0x07, 0xdf, 0x9c, 0x85, 0x05, 0xbe, 0x13, 0x4e, 0x6f,
  0x40, 0x32, 0xcc, 0xf4, 0x81, 0x9f, 0x88, 0x7e, 0xbb, 0x24, 0x27, 0x2c,
  0x51, 0x44, 0x4b, 0xf2, 0xa4, 0x3d, 0xa2, 0x47, 0xaa, 0xec, 0xd1, 0x31,
  0x46, 0x9a, 0xe1, 0xcd, 0xef, 0x7b, 0x33, 0xc1, 0x31, 0x48, 0x7f, 0xae,
  0xee, 0xd4, 0x0f, 0xa1, 0x11, 0x49, 0xfa, 0xfb, 0x9a, 0x41, 0x45, 0x62,
  0xc8, 0xae, 0x1f, 0x4d, 0x07, 0x40, 0xad, 0xc2, 0x72, 0x9f, 0x4c, 0xc0,
  0xd6, 0x81, 0x2e, 0x9b, 0xe7, 0x50, 0x13, 0xb1, 0x8f, 0x82, 0x67, 0x52,
  0x0a, 0x25, 0x39, 0x1b, 0x68, 0xc3, 0xdb, 0x03, 0x73, 0xc0, 0xc4, 0x59,
  0x3b, 0x49, 0x5f, 0x75, 0x24, 0x8c, 0x5a, 0x4d, 0x75, 0xe8, 0x58, 0x06,
  0x9f, 0xc3, 0xee, 0xfc, 0x5a, 0xa2, 0xb9, 0xc6, 0xd1, 0x44, 0xd4, 0x6f,
  0x0e, 0x15, 0x3a, 0xf4, 0x6d, 0x77, 0xb6, 0xc9, 0xf9, 0x9f, 0x08, 0x38,
  0xc8, 0xdf, 0x05, 0x94, 0xad, 0x1e, 0xbf, 0x69, 0xd3, 0x19, 0x6f, 0xe7,
  0xab, 0xcd, 0xc7, 0xc9, 0xc2, 0x65, 0x56, 0x52, 0x7f, 0x7e, 0xac, 0x52,
  0x04, 0xca, 0xb3, 0x6a, 0x0b, 0xe0, 0xab, 0x65, 0x1c, 0xb7, 0x41, 0x05,
  0x33, 0xf6, 0x4a, 0x0e, 0xef, 0xca, 0x23, 0xce, 0xc0, 0x59, 0x51, 0xf3,
  0x87, 0x8d, 0xc1, 0xb9, 0x18, 0x24, 0xcb, 0xbb, 0x9b, 0xde, 0xdf, 0x49,
  0x8e, 0xad, 0xf6, 0xa0, 0x00, 0x5a, 0x96, 0x96, 0x3e, 0x7f, 0xfe, 0xea,
  0x7f, 0x9f, 0x8d, 0xf1, 0xee, 0xf4, 0xc4, 0xd3, 0x97, 0x47, 0xfb, 0xb7,
  0x2b, 0x96, 0x06, 0x84, 0xf3, 0xe3, 0x79, 0xf0, 0x43, 0xa4, 0xd9, 0xdb,
  0x7d, 0x9e, 0x09, 0xfb, 0x72, 0xf2, 0xd2, 0x7f, 0x1b, 0x4d, 0x15, 0xc0,
  0x57, 0xf1, 0x2e, 0x5d, 0xb0, 0xd3, 0xb0, 0x4f, 0xa1, 0x02, 0x28, 0x18,
  0x35, 0xc7, 0x23, 0x90, 0x7a, 0xe0, 0x57, 0xcc, 0x57, 0x6b, 0x9e, 0x7f,
  0xb2, 0x98, 0xbc, 0x9d, 0x06, 0x6a, 0x93, 0xf0, 0x4a, 0x87, 0xc2, 0x6e,
  0x77, 0xd0, 0x43, 0x75, 0xd6, 0xea, 0x5f, 0x9d, 0x9c, 0xea, 0x03, 0x52,
  0x60, 0x9e, 0x8d, 0x43, 0xd9, 0x6d, 0x2e, 0xcf, 0xb8, 0xe0, 0xe2, 0x6c,
  0x41, 0xd1, 0x2e, 0x2d, 0x39, 0x3d, 0xcd, 0x16, 0x59, 0x1f, 0xb4, 0x64,
  0x41, 0xaf, 0x12, 0x9e, 0xeb, 0xf7, 0x23, 0x53, 0xbb, 0x8a, 0x81, 0x65,
  0x48, 0xd6, 0x8d, 0x93, 0xb1, 0xa7, 0xc4, 0x50, 0x5a, 0x8f, 0x48, 0xe9,
  0x38, 0xfd, 0x4d, 0xc9, 0x00, 0xe3, 0x5a, 0xc8, 0x2c, 0x2f, 0x47, 0x3e,
  0x1c, 0x89, 0xa8, 0x50, 0x08, 0x3c, 0x11, 0xc4, 0xb1, 0xea, 0xc5, 0x1c,
  0x1e, 0x6c, 0x0c, 0xd7, 0xfd, 0x39, 0x90, 0x1f, 0xe8, 0xc2, 0xd6, 0x7e,
  0x18, 0xa0, 0xc4, 0xc5, 0xee, 0x25, 0x42, 0xc7, 0xf6, 0x1a, 0xf2, 0x10,
  0x6b, 0xac, 0xe8, 0x9b, 0xb9, 0x1a, 0xfc, 0xcd, 0xd0, 0xb7, 0xb0, 0xc3,
  0x7f, 0xc9, 0x23, 0xc5, 0xea, 0xfb, 0xa0, 0x6c, 0x0a, 0xc3, 0x10, 0xee,
  0x22, 0xab, 0x3c, 0xfa, 0xe7, 0x90, 0x69, 0x68, 0x04, 0x5c, 0x57, 0x64,
  0x81, 0xc3, 0xcb, 0x0b, 0x8e, 0xd9, 0x50, 0x0c, 0x5a, 0x57, 0xbc, 0x1f,
  0x2e, 0x0b, 0x6d, 0x87, 0xd5, 0xf6, 0xb9, 0xde, 0x88, 0x93, 0x48, 0x89,
  0x17, 0xf9, 0x15, 0xea, 0x91, 0xa6, 0x5c, 0x19, 0x20, 0xae, 0x09, 0x9b,
  0xfd, 0x21, 0x46, 0x16, 0x3b, 0x81, 0x1f, 0xb3, 0x59, 0xde, 0x90, 0x4c,
  0x83, 0x54, 0xf4, 0x89, 0x4e, 0x86, 0x83, 0x52, 0x87, 0xd4, 0x90, 0xbc,
  0xbb, 0x00, 0xa2, 0xa5, 0x65, 0x48, 0x7a, 0xeb, 0x3e, 0xb1, 0x4f, 0x44,
  0xfd, 0x8e, 0x0e, 0xcc, 0xf9, 0xc4, 0x37, 0x83, 0x19, 0x10, 0x76, 0x6a,
  0x3d, 0x9f, 0x61, 0xb0, 0xee, 0xda, 0x58, 0x90, 0xd2, 0xe2, 0xaf, 0x26,
  0x58, 0x2e, 0x4c, 0x76, 0xd4, 0x3c, 0x7d, 0x0f, 0xbf, 0xcd, 0xc5, 0x76,
  0xd6, 0xdf, 0x41, 0xe6, 0x7f, 0xa7, 0x93, 0x3c, 0x67, 0x6b, 0x11, 0x72,
  0x7d, 0x2f, 0xe6, 0x9b, 0x61, 0x65, 0x7f, 0x4a, 0xfe, 0x59, 0x37, 0xf6,
  0x0c, 0x2a, 0x8d, 0x37, 0xbf, 0x9a, 0xdb, 0x8a, 0x34, 0xa7, 0x9d, 0xec,
  0xa0, 0x96, 0x22, 0x3c, 0xfe, 0x9b, 0x5a, 0x39, 0xae, 0x34, 0x86, 0x1f,
  0x81, 0x01, 0xf3, 0x18, 0x01, 0x13, 0xab, 0x84, 0x91, 0x9a, 0x6e, 0x6e,
  0x38, 0xdd, 0x55, 0x4a, 0x3b, 0x61, 0xfe, 0x16, 0xd5, 0xe8, 0x3b, 0xf8,
  0xb0, 0x28, 0x3b, 0xa7, 0x1e, 0x67, 0xbb, 0x3a, 0x97, 0x23, 0x3e, 0xc7,
  0xe9, 0x6c, 0x34, 0x07, 0x35, 0x26, 0xdc, 0x32, 0x94, 0x03, 0xa9, 0xe6,
  0xd1, 0x22, 0x62, 0x42, 0xc5, 0xa1, 0x3f, 0x47, 0x0a, 0x9c, 0x96, 0xe8,
  0x0d, 0xd8, 0x89, 0x4a, 0x81, 0x39, 0xdb, 0x2a, 0x7b, 0xa5, 0x1e, 0x3e,
  0x55, 0xf5, 0xdf, 0xff, 0xc5, 0xfe, 0x38, 0x41, 0x65, 0x01, 0xfa, 0x08,
  0xbc, 0x08, 0x94, 0xc8, 0x94, 0x1e, 0xb6, 0xe4, 0x4b, 0xe0, 0xb7, 0x1e,
  0x15, 0x06, 0x76, 0x1f, 0x36, 0x0d, 0x61, 0x99, 0x3c, 0xf1, 0x58, 0x81,
  0x1a, 0x46, 0xc6, 0x60, 0x27, 0xa3, 0x2a, 0x4c, 0x9e, 0xed, 0xff, 0xff,
  0x04, 0x00, 0x00, 0x00, 0x40, 0x00, 0x00, 0x00, 0x1f, 0x00, 0x00, 0x00,
  0x12, 0x00, 0x00, 0x00, 0x25, 0x00, 0x00, 0x00, 0xef, 0xff, 0xff, 0xff,
  0x1a, 0x00, 0x00, 0x00, 0x09, 0x00, 0x00, 0x00, 0x10, 0x00, 0x00, 0x00,
  0xf3, 0xff, 0xff, 0xff, 0xe8, 0xff, 0xff, 0xff, 0x11, 0x00, 0x00, 0x00,
  0xee, 0xff, 0xff, 0xff, 0x06, 0x00, 0x00, 0x00, 0x1d, 0x00, 0x00, 0x00,
  0xff, 0xff, 0xff, 0xff, 0xfe, 0xff, 0xff, 0xff, 0xee, 0xff, 0xff, 0xff,
  0xea, 0xed, 0xff, 0xff, 0x04, 0x00, 0x00, 0x00, 0x00, 0x03, 0x00, 0x00,
  0xa1, 0x2f, 0x4f, 0xbf, 0x6a, 0x9a, 0x39, 0x07, 0x1f, 0x06, 0xe0, 0x6f,
  0x63, 0xf9, 0xf5, 0xc6, 0x06, 0xf0, 0x33, 0x9f, 0xae, 0x98, 0xa0, 0xba,
  0xac, 0xd1, 0x81, 0x97, 0xbf, 0x52, 0x8b, 0x8c, 0x66, 0xca, 0xdf, 0x66,
  0xfb, 0x86, 0x58, 0x5c, 0x70, 0x3d, 0x40, 0x79, 0xe1, 0xf6, 0xb9, 0x60,
  0x8f, 0x45, 0xac, 0x90, 0xee, 0xe6, 0x46, 0xc4, 0x88, 0x40, 0x19, 0x27,
  0xec, 0xac, 0xf6, 0x4c, 0x97, 0x50, 0xc7, 0xe1, 0xdd, 0xf4, 0xb7, 0x7f,
  0x21, 0xe2, 0xd4, 0xf1, 0xe1, 0x02, 0x8b, 0x3b, 0x8f, 0x87, 0x1c, 0xa0,
  0xb9, 0x4e, 0x33, 0x6b, 0x79, 0x60, 0xd6, 0x21, 0xbf, 0xff, 0x4d, 0xe3,
  0x6e, 0x99, 0x2c, 0x4a, 0xea, 0x27, 0x09, 0x8a, 0x31, 0xcc, 0xda, 0xbc,
  0xac, 0x50, 0x94, 0x20, 0x85, 0x2a, 0x4b, 0x17, 0xb1, 0x1e, 0x42, 0x0d,
  0x0f, 0x8e, 0x81, 0x87, 0x83, 0xbe, 0x45, 0xb0, 0x42, 0x75, 0x9f, 0xac,
  0xe5, 0x1f, 0x42, 0x92, 0x8c, 0x59, 0xbe, 0xcb, 0x0e, 0x17, 0xc1, 0x7b,
  0x4f, 0x8d, 0x50, 0xf1, 0x2f, 0x6a, 0xc5, 0xa3, 0x61, 0x47, 0xc1, 0x86,
  0x99, 0x48, 0x5d, 0x18, 0x36, 0x5f, 0xe3, 0xd5, 0xd3, 0x87, 0x35, 0x6c,
  0x19, 0xe3, 0x5f, 0xc9, 0x2c, 0xd6, 0xa4, 0x74, 0x38, 0x00, 0x20, 0xa4,
  0xc1, 0x74, 0x3d, 0x84, 0x81, 0x4b, 0x5e, 0xd1, 0xed, 0x69, 0xc1, 0xb1,
  0xcb, 0x1e, 0x81, 0x6e, 0xb5, 0x53, 0x00, 0xb5, 0x2c, 0xb8, 0xf4, 0xd7,
  0x92, 0x4b, 0x37, 0xe1, 0xcd, 0xf7, 0xd2, 0xfb, 0x4f, 0xdf, 0x9b, 0xd7,
  0x6d, 0x59, 0x7f, 0x24, 0x0f, 0x7d, 0x5b, 0x3e, 0xde, 0x6f, 0x31, 0x3c,
  0xbd, 0xfd, 0xfc, 0x4a, 0xfa, 0x1a, 0x61, 0x17, 0xf4, 0xda, 0xa3, 0x2d,
  0xc9, 0x60, 0xd2, 0xd8, 0x3e, 0x3a, 0xa1, 0x24, 0xc0, 0x79, 0x23, 0xa9,
  0x3f, 0xff, 0xac, 0xfb, 0x97, 0xd4, 0x0b, 0xc9, 0xc0, 0x3a, 0x04, 0x6d,
  0x9c, 0xee, 0x48, 0xa2, 0x8f, 0x52, 0xf6, 0xad, 0xa2, 0xa5, 0xaa, 0x49,
  0xee, 0x7a, 0xe1, 0x42, 0x55, 0x4c, 0xbb, 0x7f, 0x4f, 0x55, 0x75, 0x1d,
  0x82, 0x22, 0xba, 0xbd, 0xbe, 0x3b, 0xbe, 0xa0, 0x5d, 0x02, 0xfd, 0xc7,
  0x8b, 0xee, 0x7f, 0x8e, 0xc9, 0x87, 0xeb, 0x2f, 0x28, 0x77, 0xa9, 0x3f,
  0x4a, 0xe5, 0xc5, 0x1c, 0xb0, 0xab, 0x78, 0x34, 0x44, 0xe5, 0xee, 0xfc,
  0x87, 0xdb, 0xd2, 0xbd, 0xaf, 0xb5, 0xc4, 0x0c, 0x1f, 0x0c, 0xf2, 0xc8,
  0x0a, 0xcd, 0x08, 0x0e, 0x75, 0x97, 0x0c, 0x58, 0x78, 0x3b, 0x8f, 0x64,
  0x13, 0x5c, 0x45, 0x93, 0x1a, 0x17, 0x63, 0xa7, 0x5c, 0x9f, 0xe7, 0x26,
  0x13, 0x26, 0xf0, 0x86, 0x6b, 0x3e, 0xef, 0x44, 0xca, 0x3d, 0x7f, 0xcb,
  0x8e, 0xeb, 0x8a, 0x64, 0x8a, 0x46, 0xa2, 0x0c, 0xf0, 0x47, 0x24, 0x06,
  0x3f, 0x91, 0x0f, 0xe1, 0x41, 0xa8, 0xf6, 0x46, 0x59, 0x45, 0xbb, 0x91,
  0xd4, 0x34, 0xd3, 0xd4, 0xb6, 0x68, 0x7f, 0x10, 0x42, 0xe3, 0xd2, 0x8d,
  0x9e, 0x5e, 0xe7, 0xf1, 0x93, 0x79, 0xd7, 0xf7, 0x91, 0xc6, 0xde, 0xbd,
  0xd2, 0x75, 0x7f, 0xfa, 0xd2, 0x53, 0x6b, 0x0a, 0xd0, 0xf8, 0xdd, 0xd0,
  0x86, 0x8b, 0x48, 0x24, 0x7c, 0xce, 0x0f, 0x99, 0xf3, 0x66, 0x98, 0x19,
  0x83, 0xf2, 0x81, 0xc7, 0xbc, 0x0a, 0x3b, 0xc4, 0x62, 0x3e, 0x45, 0x25,
  0x0a, 0xef, 0xe3, 0x34, 0xc4, 0x9e, 0x46, 0x8e, 0x7a, 0x6b, 0x1a, 0x2a,
  0x09, 0x19, 0x25, 0x34, 0xa1, 0xe5, 0xa7, 0x06, 0xfc, 0xad, 0x76, 0x6c,
  0x9e, 0xda, 0x4b, 0x21, 0xf1, 0xfe, 0x3b, 0x26, 0xdc, 0x6f, 0xf1, 0x28,
  0x1b, 0x27, 0xa5, 0x79, 0x58, 0xe0, 0x03, 0xa9, 0x83, 0x5b, 0xa3, 0x46,
  0x70, 0xd5, 0x74, 0xea, 0xdc, 0xf9, 0xf0, 0xba, 0x99, 0xf6, 0xbb, 0xfd,
  0xa1, 0x60, 0xff, 0x4d, 0x0c, 0x2a, 0x31, 0xe7, 0x59, 0xa8, 0x3f, 0x81,
  0x71, 0x7d, 0x60, 0xa0, 0x5a, 0xd1, 0xb8, 0xc1, 0x8e, 0xde, 0x6c, 0x2b,
  0xda, 0x37, 0x7c, 0x10, 0xa5, 0x3c, 0x6b, 0x09, 0xb2, 0xb7, 0xff, 0x8b,
  0x88, 0xa8, 0xa3, 0x8e, 0x7f, 0x17, 0x5d, 0x99, 0x8d, 0x2c, 0x4f, 0x67,
  0x50, 0xaf, 0xc5, 0x37, 0x3f, 0x9f, 0x93, 0x02, 0x93, 0x6c, 0x18, 0xae,
  0xa2, 0x28, 0xab, 0x94, 0x34, 0x7d, 0xfd, 0x89, 0x1c, 0xd0, 0xdd, 0x48,
  0x27, 0x11, 0xac, 0x70, 0x20, 0xf2, 0xfc, 0x25, 0xc4, 0xb8, 0x7f, 0x8a,
  0xde, 0x4d, 0x73, 0x71, 0x60, 0x44, 0xa5, 0xc3, 0xfa, 0xcb, 0xa6, 0x45,
  0xe1, 0xf4, 0x84, 0x5c, 0xae, 0x8f, 0xc2, 0x76, 0x55, 0xaa, 0x30, 0xb4,
  0x54, 0x38, 0x24, 0x74, 0xbe, 0x15, 0xc6, 0xb3, 0xc1, 0x13, 0x86, 0xd8,
  0xf2, 0x6a, 0x43, 0x3e, 0x6d, 0x6a, 0xc6, 0x35, 0x4e, 0x0c, 0xfd, 0xb2,
  0x5f, 0x35, 0x3b, 0x50, 0x39, 0x4e, 0x95, 0x8d, 0x43, 0xf6, 0x53, 0xa0,
  0x41, 0x7f, 0xd8, 0x28, 0x95, 0xa8, 0x97, 0x9c, 0xce, 0x83, 0xb7, 0x18,
  0xd6, 0xe7, 0xec, 0xcc, 0xad, 0xf9, 0x13, 0xd4, 0xba, 0x78, 0x11, 0x7f,
  0x68, 0x8b, 0x9a, 0x77, 0x1a, 0x93, 0xac, 0x1b, 0xee, 0x66, 0x54, 0xa4,
  0xa3, 0x0e, 0x56, 0xb7, 0xc7, 0xea, 0xae, 0xed, 0x63, 0xa9, 0x70, 0x41,
  0x8f, 0x2a, 0x7d, 0x6b, 0xf6, 0xd2, 0x1a, 0xf2, 0x70, 0xf5, 0xaf, 0xf4,
  0x73, 0x11, 0x75, 0x09, 0x70, 0x09, 0xcb, 0x97, 0x44, 0x23, 0x51, 0x4d,
  0x9b, 0xb0, 0x4c, 0x7f, 0x9f, 0x25, 0x79, 0x90, 0x93, 0x32, 0xcf, 0x4a,
  0x13, 0x74, 0xe6, 0x65, 0x53, 0x29, 0xee, 0x2e, 0xcf, 0xf2, 0x28, 0x43,
  0x2b, 0x63, 0x6e, 0xd9, 0x99, 0x28, 0xfc, 0xb7, 0x5b, 0xb2, 0xfe, 0x97,
  0xf6, 0xf0, 0xff, 0xff, 0x04, 0x00, 0x00, 0x00, 0x40, 0x00, 0x00, 0x00,
  0xf1, 0xff, 0xff, 0xff, 0x0a, 0x00, 0x00, 0x00, 0xfb, 0xff, 0xff, 0xff,
  0x09, 0x00, 0x00, 0x00, 0xf4, 0xff, 0xff, 0xff, 0xec, 0xff, 0xff, 0xff,
  0x0a, 0x00, 0x00, 0x00, 0x2d, 0x00, 0x00, 0x00, 0x14, 0x00, 0x00, 0x00,
  0x23, 0x00, 0x00, 0x00, 0x05, 0x00, 0x00, 0x00, 0x26, 0x00, 0x00, 0x00,
  0x0e, 0x00, 0x00, 0x00, 0x26, 0x00, 0x00, 0x00, 0x21, 0x00, 0x00, 0x00,
  0x1e, 0x00, 0x00, 0x00, 0x42, 0xf1, 0xff, 0xff, 0x04, 0x00, 0x00, 0x00,
  0x00, 0x03, 0x00, 0x00, 0x3e, 0xee, 0x28, 0x56, 0xec, 0x3d, 0x7a, 0x95,
  0xc3, 0x33, 0x21, 0x49, 0x40, 0xd2, 0x29, 0xee, 0xe3, 0xdd, 0x1c, 0x7f,
  0xb4, 0xd8, 0x03, 0xa9, 0x95, 0xd7, 0x61, 0x37, 0x72, 0x2a, 0x53, 0x5e,
  0xaa, 0x23, 0xeb, 0x98, 0x5a, 0x8c, 0xc4, 0x15, 0xad, 0xe1, 0x50, 0xf7,
  0x54, 0x01, 0x76, 0xc4, 0x9f, 0x25, 0x11, 0x78, 0x3e, 0x3e, 0x2a, 0xa3,
  0x32, 0xf3, 0xc1, 0x7f, 0x58, 0x33, 0x56, 0xe8, 0x48, 0xd9, 0x68, 0x84,
  0xd3, 0xf1, 0xb0, 0xcd, 0x87, 0x52, 0x62, 0x33, 0xac, 0x0d, 0x42, 0xc2,
  0xa8, 0x4f, 0x1f, 0xde, 0x78, 0x91, 0xba, 0x45, 0x2b, 0xc3, 0xf5, 0xe8,
  0xce, 0xb7, 0x98, 0x81, 0x01, 0x3d, 0x9b, 0x26, 0x28, 0x52, 0xd0, 0x14,
  0xd0, 0x81, 0x1e, 0x05, 0xd8, 0xd4, 0x24, 0x73, 0x37, 0x08, 0xa9, 0x88,
  0xa4, 0x1b, 0xe0, 0xd4, 0x6a, 0x77, 0xa3, 0xf3, 0x6e, 0xff, 0xee, 0xc2,
  0xbf, 0x54, 0x04, 0xc0, 0x7a, 0x3f, 0x24, 0xe1, 0xa4, 0x1d, 0xe8, 0xb9,
  0xee, 0x9c, 0xe0, 0x23, 0x75, 0xe2, 0xbf, 0x9b, 0xc4, 0x78, 0x6b, 0x1c,
  0x20, 0x84, 0x48, 0x7d, 0x99, 0x26, 0xb3, 0xdd, 0xfd, 0xd3, 0xfb, 0x77,
  0x39, 0x20, 0xb7, 0x1c, 0x2d, 0x25, 0xaf, 0x97, 0x8c, 0xb0, 0xb6, 0x87,
  0x15, 0x3f, 0x75, 0x81, 0x0b, 0x19, 0x67, 0xe3, 0xb6, 0x1c, 0x57, 0x52,
  0x50, 0x3d, 0xb6, 0x87, 0xd3, 0xa6, 0xb3, 0x62, 0xf6, 0x6a, 0xae, 0x69,
  0x4f, 0xe0, 0x46, 0xad, 0x67, 0x7c, 0x5a, 0xb5, 0x55, 0x49, 0x76, 0xd4,
  0x0c, 0xaf, 0x40, 0xc7, 0x16, 0xd2, 0x54, 0x0b, 0xb3, 0xee, 0xd0, 0x0f,
  0x19, 0x01, 0x8d, 0x92, 0x57, 0x81, 0x01, 0x72, 0x24, 0x1f, 0x3c, 0x7f,
  0xef, 0xda, 0x0d, 0xfa, 0x5d, 0xe3, 0x2d, 0x74, 0xe3, 0xbc, 0x2b, 0x5d,
  0xa5, 0x81, 0x42, 0x47, 0xab, 0xe8, 0x4b, 0xfa, 0x2c, 0xcb, 0x54, 0xc2,
  0x92, 0xe6, 0xae, 0xb4, 0xc9, 0x08, 0x9c, 0xf7, 0x0e, 0x1b, 0x66, 0xc3,
  0xd3, 0x2a, 0xf8, 0x16, 0x39, 0x28, 0x0b, 0xad, 0x23, 0x57, 0x3e, 0x8b,
  0x9d, 0x8b, 0xdd, 0x9d, 0xb2, 0x2f, 0x8f, 0xa4, 0xb7, 0x7d, 0x36, 0x04,
  0x24, 0xf8, 0x7f, 0x58, 0x9b, 0xb0, 0x0c, 0x2c, 0xcb, 0xbd, 0xc2, 0xe9,
  0xb7, 0x13, 0xef, 0x99, 0x39, 0x75, 0x77, 0x0e, 0xe7, 0xe7, 0xde, 0xa9,
  0xb0, 0x35, 0xe6, 0xf1, 0x02, 0x6b, 0x90, 0xa9, 0x36, 0x8d, 0xec, 0x48,
  0x18, 0x39, 0xa9, 0xbf, 0x19, 0xf6, 0x4b, 0xe5, 0x51, 0xad, 0xb4, 0x6e,
  0x62, 0xc0, 0xd5, 0xf7, 0x86, 0x71, 0x4d, 0x90, 0x46, 0xd5, 0x04, 0x81,
  0xa7, 0xba, 0xcc, 0xea, 0x69, 0xb8, 0xca, 0xdb, 0x47, 0x48, 0xa9, 0x9c,
  0x43, 0xf7, 0xdb, 0xeb, 0xbe, 0xe3, 0x68, 0x9d, 0xd3, 0xf9, 0x98, 0xde,
  0xde, 0xdc, 0x45, 0xbd, 0xbc, 0xe9, 0x95, 0xf8, 0xca, 0xd7, 0xb4, 0xf2,
  0x08, 0xd8, 0xc6, 0x23, 0x04, 0x47, 0xaa, 0x74, 0x06, 0x9b, 0x7f, 0x95,
  0x03, 0x92, 0xe1, 0x0f, 0xfe, 0x9f, 0x72, 0x70, 0xd4, 0x3f, 0x95, 0x10,
  0x06, 0xb7, 0xd4, 0xbe, 0xec, 0xf5, 0x6c, 0x2e, 0x00, 0xcc, 0x84, 0x8b,
  0x61, 0x16, 0x29, 0x47, 0xc2, 0xaf, 0x81, 0x07, 0x3c, 0x12, 0x71, 0x45,
  0xe7, 0x27, 0x71, 0x30, 0xe2, 0x06, 0x53, 0x47, 0x38, 0xe9, 0x07, 0x39,
  0x4d, 0xb0, 0x41, 0x92, 0x2a, 0x3f, 0xac, 0x09, 0x62, 0xee, 0xb0, 0x84,
  0x0e, 0x45, 0x11, 0x9b, 0xff, 0x30, 0x75, 0x84, 0x55, 0x1c, 0xf3, 0xc9,
  0x7c, 0xc8, 0x42, 0x52, 0x5e, 0x88, 0xa8, 0x1e, 0xef, 0x3d, 0xbb, 0x0b,
  0xed, 0x70, 0x51, 0x21, 0xd3, 0x7f, 0xe6, 0xe8, 0x9b, 0x30, 0x20, 0x26,
  0x34, 0xc6, 0x4d, 0xb3, 0x0a, 0x78, 0xac, 0x04, 0xc6, 0x01, 0x2e, 0x39,
  0x24, 0x58, 0x23, 0x74, 0xb8, 0x74, 0xbd, 0xf0, 0x14, 0xac, 0xd0, 0x36,
  0x3b, 0xac, 0x28, 0xcf, 0x99, 0x4d, 0x18, 0xc8, 0xb2, 0xc1, 0xb8, 0xda,
  0x73, 0x42, 0x04, 0x6a, 0x6d, 0x32, 0x7f, 0xde, 0xbe, 0xab, 0x83, 0xb7,
  0x4c, 0xa5, 0x6e, 0x7d, 0x50, 0x97, 0x0c, 0x61, 0xb1, 0x00, 0x6a, 0x7f,
  0x47, 0x58, 0x25, 0x0f, 0xcb, 0xf0, 0x75, 0x35, 0xd6, 0xc5, 0x9c, 0xe5,
  0xc7, 0x5f, 0x10, 0x6f, 0x2c, 0x43, 0x9a, 0x0e, 0xae, 0x68, 0x35, 0x93,
  0x58, 0x76, 0x65, 0xc5, 0x78, 0x75, 0x9c, 0xe0, 0x57, 0x11, 0x5c, 0x09,
  0x3f, 0xda, 0x36, 0x7f, 0x3e, 0x15, 0xa5, 0x79, 0x8e, 0xda, 0x15, 0x1e,
  0x47, 0x69, 0x0b, 0x21, 0x3d, 0xd4, 0x21, 0x3a, 0x71, 0xf0, 0x32, 0xe5,
  0x74, 0x7f, 0x24, 0x91, 0x9c, 0x73, 0x1f, 0xd9, 0xdd, 0x6f, 0x51, 0x68,
  0x3c, 0x28, 0xe2, 0x79, 0x75, 0x7f, 0x2d, 0xc1, 0x48, 0xd3, 0x2a, 0x54,
  0x38, 0xa8, 0x0d, 0xde, 0xae, 0x1b, 0xcf, 0xeb, 0xf3, 0x57, 0x98, 0x79,
  0xc3, 0x09, 0x68, 0x49, 0x9e, 0x72, 0xf1, 0x2a, 0xc5, 0x0d, 0x50, 0xce,
  0x65, 0x09, 0x4a, 0xc3, 0x29, 0x49, 0x15, 0x5c, 0x6a, 0x0a, 0x81, 0x62,
  0x40, 0x47, 0x62, 0xf6, 0x56, 0x64, 0x6b, 0x50, 0x87, 0x5c, 0x57, 0x56,
  0xb7, 0x25, 0x54, 0x6d, 0xd9, 0xaa, 0xec, 0x30, 0x9d, 0x92, 0x21, 0xec,
  0xba, 0x75, 0xc9, 0x14, 0xe2, 0x9a, 0xca, 0xac, 0x8a, 0x00, 0x21, 0x84,
  0xcb, 0x86, 0xcf, 0x36, 0x4a, 0x98, 0x87, 0x2f, 0x50, 0xe5, 0x20, 0xb5,
  0xf7, 0x0f, 0x99, 0x6c, 0xd7, 0xa8, 0xfc, 0x29, 0x28, 0x60, 0xa2, 0xaf,
  0x39, 0x34, 0x18, 0x51, 0x6f, 0xe8, 0xc3, 0x96, 0x0c, 0xa1, 0xb3, 0xa8,
  0x91, 0xfd, 0x3f, 0x0c, 0xb2, 0x11, 0xca, 0xdf, 0xe5, 0x43, 0xb5, 0xef,
  0x53, 0xd8, 0x48, 0x7f, 0x4e, 0xf4, 0xff, 0xff, 0x04, 0x00, 0x00, 0x00,
  0x40, 0x00, 0x00, 0x00, 0x19, 0x00, 0x00, 0x00, 0x04, 0x00, 0x00, 0x00,
  0xe9, 0xff, 0xff, 0xff, 0xea, 0xff, 0xff, 0xff, 0x19, 0x00, 0x00, 0x00,
  0xef, 0xff, 0xff, 0xff, 0x11, 0x00, 0x00, 0x00, 0xe8, 0xff, 0xff, 0xff,
  0x09, 0x00, 0x00, 0x00, 0xea, 0xff, 0xff, 0xff, 0x1e, 0x00, 0x00, 0x00,
  0x2e, 0x00, 0x00, 0x00, 0x2c, 0x00, 0x00, 0x00, 0x1f, 0x00, 0x00, 0x00,
  0x08, 0x00, 0x00, 0x00, 0x05, 0x00, 0x00, 0x00, 0x9a, 0xf4, 0xff, 0xff,
  0x04, 0x00, 0x00, 0x00, 0x00, 0x03, 0x00, 0x00, 0xdb, 0x03, 0x62, 0x1e,
  0xf8, 0xb5, 0x21, 0xd4, 0x79, 0x25, 0x99, 0xd0, 0xe2, 0x2b, 0xef, 0x79,
  0x34, 0xdd, 0xee, 0x6e, 0xfd, 0x36, 0x1f, 0x31, 0xcf, 0x8c, 0x42, 0x86,
  0xbd, 0xa4, 0x87, 0xb5, 0xec, 0x32, 0x1e, 0x92, 0x7f, 0x3f, 0xe5, 0x3e,
  0x2c, 0x54, 0x54, 0x15, 0xab, 0x8e, 0x58, 0x08, 0x3f, 0x5d, 0xfe, 0x00,
  0xb5, 0x5e, 0xdb, 0x99, 0x19, 0xb7, 0xdb, 0xfa, 0xa2, 0x5b, 0xb6, 0xb0,
  0xcb, 0xff, 0xf7, 0x19, 0x16, 0xdf, 0x0a, 0x9e, 0xeb, 0x5a, 0xd9, 0x33,
  0xcc, 0xdc, 0x5e, 0x7c, 0x7f, 0xfb, 0xd8, 0x8d, 0x7b, 0x00, 0x41, 0xba,
  0xa8, 0xab, 0x51, 0x38, 0x11, 0xf1, 0xd1, 0x9a, 0xa2, 0xbd, 0xf4, 0x7f,
  0xf3, 0x51, 0x20, 0x77, 0xff, 0xf2, 0x38, 0xc5, 0x51, 0x39, 0xfc, 0xf1,
  0x22, 0x1e, 0x4f, 0x46, 0xf5, 0xb1, 0x6f, 0x0d, 0x72, 0xd6, 0x46, 0xae,
  0xa0, 0x02, 0x6e, 0x67, 0xa3, 0xb1, 0x29, 0xa7, 0xa5, 0x3d, 0x0d, 0x4d,
  0x6a, 0x2d, 0x90, 0x88, 0x1c, 0xce, 0xda, 0x06, 0xd8, 0xfb, 0xc9, 0x81,
  0xbf, 0xb1, 0xd3, 0xa5, 0x49, 0xc1, 0x11, 0x85, 0xb9, 0x9c, 0x23, 0x73,
  0x4e, 0x66, 0x1e, 0x11, 0x06, 0x69, 0x74, 0x86, 0x85, 0x24, 0x05, 0x2a,
  0x20, 0x3e, 0xae, 0xd4, 0xbb, 0xb5, 0x04, 0x01, 0xb5, 0x3b, 0xd9, 0x06,
  0x6e, 0x74, 0x85, 0x51, 0x18, 0xf9, 0x14, 0x4d, 0x9f, 0xb3, 0x72, 0xc9,
  0x66, 0xe8, 0x10, 0xd0, 0xda, 0x1e, 0x7d, 0x7f, 0x78, 0xa9, 0x44, 0x14,
  0x50, 0x4f, 0xa6, 0x40, 0x73, 0xf3, 0x05, 0x9a, 0xcb, 0x1d, 0x6b, 0x31,
  0x79, 0x12, 0xe1, 0xc4, 0xea, 0x13, 0x3b, 0xea, 0xaa, 0xb4, 0x28, 0xa1,
  0x66, 0x0e, 0x06, 0xeb, 0x2a, 0xc5, 0x7c, 0x57, 0x01, 0x84, 0x45, 0xf0,
  0x1b, 0x2c, 0xfa, 0x3e, 0x81, 0x4a, 0x40, 0x2d, 0x67, 0x93, 0xdd, 0xc1,
  0x3a, 0x32, 0xa6, 0xf6, 0xb1, 0xb7, 0x25, 0x83, 0xe8, 0xa4, 0x19, 0xa0,
  0x15, 0xfa, 0xe3, 0x7a, 0x22, 0x16, 0x35, 0xda, 0x78, 0x09, 0xf4, 0xd2,
  0x41, 0xdc, 0x09, 0xfb, 0xe7, 0x15, 0xd7, 0xef, 0x52, 0xfd, 0x3e, 0x10,
  0xc4, 0x9c, 0xec, 0x21, 0x1a, 0xdd, 0xa1, 0x56, 0x8c, 0x8e, 0x5a, 0xe6,
  0x6d, 0x57, 0x23, 0xc1, 0x70, 0x1d, 0x16, 0x7f, 0x5f, 0xa9, 0x3b, 0x57,
  0x82, 0xba, 0xff, 0x1c, 0x17, 0xbf, 0x49, 0x1d, 0xc1, 0x16, 0xc9, 0x6d,
  0x4a, 0xef, 0x95, 0x96, 0x9a, 0x54, 0x3d, 0xe7, 0x66, 0xee, 0x04, 0xcc,
  0x35, 0x3c, 0x0b, 0x96, 0xbf, 0xb3, 0x54, 0x69, 0x1d, 0x4b, 0x9a, 0x26,
  0xeb, 0xea, 0xbd, 0x9b, 0x1d, 0xb5, 0x72, 0x63, 0xd1, 0xab, 0xb2, 0x7b,
  0xd7, 0x7f, 0xb3, 0x03, 0xc9, 0xfd, 0xe1, 0xf6, 0x4e, 0x15, 0x96, 0xea,
  0xe6, 0x03, 0x5a, 0xe9, 0x6e, 0x61, 0xeb, 0xfc, 0x12, 0x45, 0x36, 0x6c,
  0x0c, 0x90, 0x89, 0xc6, 0xee, 0x98, 0x5b, 0xaf, 0xa3, 0x52, 0x23, 0x6e,
  0xeb, 0xa6, 0x7a, 0xc2, 0x7f, 0xb4, 0xee, 0x7c, 0xf3, 0xe4, 0x70, 0x89,
  0x10, 0xff, 0xe2, 0xd7, 0xaa, 0x2f, 0x31, 0x84, 0x06, 0x06, 0xdc, 0x27,
  0xf7, 0x5a, 0x66, 0x81, 0x36, 0xc7, 0x63, 0xd1, 0xa5, 0x3a, 0x51, 0x65,
  0xaf, 0xaa, 0x8a, 0x18, 0xdb, 0x9d, 0x5e, 0x9c, 0x1a, 0x48, 0x47, 0x74,
  0x69, 0x00, 0x3e, 0x90, 0xeb, 0x52, 0xb0, 0x23, 0xc8, 0x59, 0x1c, 0xe2,
  0xbb, 0x0e, 0xfe, 0x1c, 0xe8, 0x5e, 0xae, 0x31, 0xdc, 0x8d, 0xd0, 0xf4,
  0x81, 0xb8, 0xfe, 0x13, 0xb9, 0x0f, 0x76, 0x3d, 0x84, 0x0e, 0xf7, 0x64,
  0x29, 0xb9, 0x4f, 0x4c, 0x4e, 0x58, 0x34, 0x3a, 0xf1, 0xcb, 0x14, 0xdf,
  0xdb, 0x38, 0x38, 0x31, 0x9e, 0xc0, 0x32, 0xa3, 0xa9, 0x6a, 0xbc, 0x91,
  0xaa, 0xe8, 0xf2, 0xe8, 0x1e, 0xba, 0x05, 0xd2, 0xe8, 0xd6, 0x2b, 0xed,
  0x65, 0x70, 0xac, 0x3b, 0x7f, 0x8a, 0x75, 0x1e, 0x37, 0x6d, 0xaf, 0xfa,
  0x1e, 0x1e, 0x1d, 0x77, 0x65, 0xdf, 0x3a, 0x17, 0x62, 0x81, 0x8d, 0x2c,
  0xea, 0xec, 0x0c, 0xe1, 0x2c, 0x31, 0x9c, 0x51, 0x12, 0xca, 0x56, 0x60,
  0x69, 0x9b, 0xaf, 0x9f, 0x9b, 0xc5, 0xe2, 0xf0, 0x43, 0x22, 0x2c, 0x86,
  0xe6, 0xce, 0xef, 0xfe, 0x12, 0x5b, 0x32, 0xc7, 0x6d, 0xd4, 0xad, 0x9f,
  0x39, 0x3f, 0x1f, 0xb3, 0x20, 0x3f, 0xfc, 0xf5, 0x18, 0x0d, 0x36, 0x0a,
  0x81, 0xf3, 0xa0, 0x74, 0x30, 0xda, 0x50, 0xa0, 0x95, 0x4b, 0x42, 0x55,
  0xa3, 0xc2, 0xab, 0x4c, 0x86, 0xed, 0x69, 0x3e, 0x17, 0x37, 0xf2, 0xfb,
  0x5e, 0x1a, 0x3b, 0x8a, 0x37, 0x81, 0x0d, 0x48, 0x2c, 0x76, 0x06, 0x0e,
  0xbd, 0xd7, 0xb5, 0x0c, 0xc6, 0xc1, 0x41, 0xde, 0x74, 0x0f, 0xda, 0x7d,
  0x79, 0x31, 0x8f, 0x67, 0xca, 0xea, 0xb8, 0xea, 0x60, 0xec, 0x68, 0x94,
  0x1b, 0x71, 0x1d, 0x0e, 0xeb, 0x2d, 0xdc, 0xdc, 0x42, 0x45, 0x2a, 0x34,
  0x19, 0x05, 0x73, 0x73, 0xb0, 0x26, 0x7f, 0x0c, 0x20, 0x7f, 0xa5, 0xe0,
  0xab, 0x23, 0xba, 0x10, 0x62, 0x38, 0x7f, 0x1c, 0xd7, 0xdb, 0x93, 0x8e,
  0x58, 0xc4, 0xbd, 0xb4, 0xc8, 0x1c, 0x57, 0xb8, 0x58, 0x7e, 0xa3, 0x5e,
  0xbc, 0xb3, 0x7e, 0xdb, 0xd3, 0xe4, 0x71, 0x9a, 0x72, 0xf3, 0x8c, 0x0f,
  0x05, 0xe3, 0x65, 0x07, 0x46, 0xdf, 0xb2, 0xe4, 0x26, 0x22, 0xd8, 0x00,
  0xa8, 0x0f, 0x00, 0x38, 0xfd, 0x6d, 0xc5, 0x26, 0x88, 0xb6, 0x31, 0xb4,
  0x53, 0x45, 0xd1, 0xf8, 0x62, 0x8c, 0x89, 0xdb, 0x2d, 0x69, 0xd6, 0x81,
  0x94, 0x48, 0x05, 0x4f, 0x32, 0xe3, 0x47, 0x3a, 0x1a, 0xb4, 0xed, 0xb4,
  0x0a, 0x5b, 0xd5, 0x8c, 0xf2, 0x07, 0x8f, 0x79, 0xa6, 0xf7, 0xff, 0xff,
  0x04, 0x00, 0x00, 0x00, 0x40, 0x00, 0x00, 0x00, 0x01, 0x00, 0x00, 0x00,
  0x16, 0x00, 0x00, 0x00, 0x06, 0x00, 0x00, 0x00, 0xf7, 0xff, 0xff, 0xff,
  0x33, 0x00, 0x00, 0x00, 0xec, 0xff, 0xff, 0xff, 0x1f, 0x00, 0x00, 0x00,
  0x3a, 0x00, 0x00, 0x00, 0xf2, 0xff, 0xff, 0xff, 0xd0, 0xff, 0xff, 0xff,
  0xfd, 0xff, 0xff, 0xff, 0xd7, 0xff, 0xff, 0xff, 0xe5, 0xff, 0xff, 0xff,
  0x37, 0x00, 0x00, 0x00, 0x28, 0x00, 0x00, 0x00, 0xe9, 0xff, 0xff, 0xff,
  0xf2, 0xf7, 0xff, 0xff, 0x04, 0x00, 0x00, 0x00, 0x00, 0x03, 0x00, 0x00,
  0xef, 0x14, 0x5f, 0xd8, 0x7f, 0xf8, 0xcf, 0x45, 0x72, 0xd5, 0x90, 0xe6,
  0x15, 0x99, 0x10, 0xdc, 0x70, 0xc2, 0xa3, 0x5f, 0xf6, 0x4e, 0xa3, 0xe3,
  0x5d, 0x8b, 0x08, 0x54, 0x49, 0xfd, 0x9f, 0x17, 0xb4, 0x99, 0x35, 0x73,
  0x4f, 0x4a, 0xe4, 0xc6, 0xd0, 0xff, 0xbe, 0xaa, 0x06, 0xb9, 0x11, 0x09,
  0xa2, 0x74, 0xfd, 0x44, 0xe5, 0x1e, 0x45, 0x02, 0xdb, 0x65, 0x49, 0x96,
  0x8c, 0xba, 0xce, 0x8b, 0x68, 0x2f, 0xd1, 0x30, 0x55, 0xf7, 0xc5, 0x7f,
  0x51, 0xd3, 0x0a, 0xde, 0xb6, 0x2e, 0x8b, 0xbd, 0x3a, 0x7a, 0x7b, 0xac,
  0xbe, 0xbe, 0x97, 0x8d, 0xa8, 0x9f, 0xf2, 0xa3, 0x8e, 0xd4, 0x21, 0x39,
  0x8b, 0xa7, 0xec, 0x5c, 0x01, 0x5d, 0x06, 0xa7, 0x1e, 0x2a, 0xaf, 0x10,
  0x18, 0xb2, 0x23, 0xc3, 0x89, 0x06, 0xec, 0x46, 0x57, 0x3f, 0x57, 0xa9,
  0x63, 0xf6, 0x4d, 0xdb, 0x35, 0x15, 0x81, 0xf7, 0x4d, 0xd2, 0x8d, 0xf9,
  0x4e, 0x22, 0xc9, 0x3e, 0x92, 0x5d, 0x91, 0x0f, 0x48, 0x50, 0x90, 0x49,
  0x18, 0x5c, 0xf5, 0x46, 0xb3, 0x75, 0xff, 0x81, 0xd2, 0x88, 0x4c, 0x98,
  0x20, 0x9f, 0x71, 0xdb, 0x26, 0x0b, 0x26, 0x39, 0x2a, 0xfa, 0xf9, 0xab,
  0xaa, 0x3b, 0x1b, 0x3a, 0x98, 0x1a, 0x4b, 0xda, 0x3e, 0x94, 0xd7, 0xdc,
  0x84, 0x16, 0x63, 0xe1, 0xea, 0x95, 0x98, 0x53, 0xc7, 0x8d, 0x91, 0xe6,
  0x22, 0x46, 0x96, 0x6e, 0xc0, 0x46, 0x50, 0xd3, 0x62, 0xa4, 0x7a, 0xf3,
  0x15, 0x01, 0x41, 0x22, 0x4c, 0x51, 0x95, 0x2d, 0x7f, 0x51, 0xe6, 0x5d,
  0x0f, 0xfc, 0xb3, 0xb0, 0x52, 0x7d, 0x5b, 0xbb, 0x97, 0xae, 0xc4, 0x9f,
  0x5a, 0x98, 0x43, 0x5c, 0x41, 0x8a, 0x48, 0xb6, 0x1b, 0x3f, 0xb7, 0xcf,
  0xa3, 0xe5, 0x75, 0x7f, 0x72, 0x82, 0x02, 0x0f, 0xd1, 0xaf, 0x1f, 0xd9,
  0x51, 0x7a, 0x3a, 0xd5, 0x32, 0x20, 0x05, 0xe0, 0x22, 0x01, 0x4a, 0xb7,
  0xfe, 0xaf, 0x95, 0x4d, 0xe5, 0xee, 0x76, 0x4b, 0x74, 0x37, 0x51, 0x66,
  0x10, 0xb9, 0x01, 0x1a, 0x05, 0x70, 0x06, 0xd9, 0x5d, 0x51, 0xc0, 0xea,
  0xae, 0xf0, 0xb8, 0x91, 0x35, 0xf3, 0x4b, 0x72, 0xcf, 0xb7, 0x68, 0x26,
  0x8c, 0x37, 0xd5, 0xef, 0x98, 0xdd, 0x06, 0xa9, 0x31, 0x2a, 0x31, 0x57,
  0x7f, 0x8a, 0xba, 0xa5, 0x89, 0x6a, 0xda, 0x06, 0xf1, 0xd6, 0x23, 0x1a,
  0x06, 0xba, 0xb5, 0x33, 0x57, 0xcf, 0x87, 0xde, 0xda, 0x44, 0x73, 0xa6,
  0x1b, 0x2b, 0xf1, 0xb8, 0x2c, 0xbe, 0x99, 0x66, 0x6b, 0xdf, 0x94, 0xb9,
  0x9d, 0x16, 0x1c, 0x36, 0x08, 0x4f, 0xbb, 0xfa, 0x48, 0x63, 0xa7, 0x11,
  0x43, 0x77, 0x7c, 0x5e, 0xe2, 0x5c, 0x9f, 0xbb, 0x6f, 0x12, 0x48, 0x69,
  0x9c, 0xc4, 0x39, 0x61, 0x6a, 0xfc, 0x48, 0xe7, 0x96, 0x7a, 0x7f, 0x25,
  0xd1, 0x17, 0x10, 0xd6, 0x56, 0x9f, 0xf8, 0x75, 0x97, 0xcd, 0xd3, 0xa9,
  0xb4, 0x0e, 0x7c, 0x9d, 0x71, 0x34, 0x5b, 0x8b, 0x0f, 0xfb, 0x25, 0x21,
  0xa2, 0x2b, 0x1a, 0x1a, 0x1e, 0x73, 0x34, 0xc9, 0x8a, 0xda, 0x27, 0x5f,
  0xe1, 0x21, 0x7f, 0x89, 0x95, 0xc5, 0xd0, 0xc7, 0x26, 0xd7, 0xdb, 0x38,
  0xb6, 0x6e, 0x47, 0x14, 0x10, 0x77, 0x92, 0x89, 0xe0, 0x1e, 0xc0, 0xbc,
  0x5c, 0x90, 0xca, 0x78, 0xa4, 0x0a, 0x36, 0x21, 0xd0, 0xc4, 0x2f, 0xf6,
  0x7b, 0x35, 0xaf, 0x73, 0x50, 0xa2, 0xe2, 0x06, 0x72, 0x3b, 0x98, 0xe2,
  0x95, 0xf0, 0xdb, 0xdd, 0xa2, 0xea, 0xc1, 0x28, 0x8f, 0xb1, 0x81, 0xe2,
  0x88, 0xca, 0x02, 0x11, 0xa5, 0xf4, 0x72, 0xdd, 0x41, 0xa4, 0x7f, 0xea,
  0x58, 0xc0, 0x2b, 0x47, 0xbc, 0x17, 0xcd, 0xf9, 0x63, 0x4f, 0x9b, 0x79,
  0x50, 0xf9, 0x2b, 0xa8, 0xe8, 0x5f, 0xd7, 0x55, 0x4b, 0x39, 0xd6, 0x4b,
  0x7e, 0x4b, 0xeb, 0xe5, 0x77, 0xfe, 0xc0, 0x14, 0xf6, 0x88, 0x79, 0xeb,
  0x52, 0xf5, 0x7f, 0x22, 0x95, 0xe9, 0xd2, 0xb2, 0x0b, 0xd7, 0xf5, 0x09,
  0x2d, 0xaa, 0xd2, 0x43, 0x84, 0x1d, 0x33, 0x95, 0xa7, 0x2e, 0x78, 0xaf,
  0xf1, 0xea, 0x40, 0xcb, 0xb6, 0x66, 0xad, 0x76, 0xa5, 0xfa, 0x73, 0xd1,
  0x4d, 0x22, 0x8b, 0x66, 0xfb, 0x72, 0x20, 0xe5, 0x93, 0x36, 0x55, 0x96,
  0x26, 0x87, 0x37, 0xd5, 0xc5, 0x3b, 0x8f, 0x33, 0x5b, 0x8e, 0x9a, 0x76,
  0xb4, 0xfe, 0x0f, 0x81, 0xd9, 0xe1, 0x23, 0x4b, 0x8b, 0xc6, 0x5e, 0x64,
  0xb7, 0x48, 0x84, 0xf8, 0x29, 0x5d, 0xef, 0xb9, 0x72, 0x94, 0x4b, 0xf9,
  0x70, 0x65, 0x88, 0xa2, 0x61, 0x9e, 0x59, 0x67, 0x40, 0x9f, 0xa3, 0xde,
  0xe5, 0xa1, 0x46, 0x6c, 0x7f, 0x1b, 0xb3, 0x7b, 0xb5, 0x24, 0xe1, 0x51,
  0xfa, 0x56, 0x5e, 0x36, 0xce, 0x08, 0x2c, 0x32, 0x6f, 0x3d, 0x79, 0xe6,
  0xd7, 0x79, 0x3d, 0x28, 0xc1, 0xab, 0xee, 0xed, 0x11, 0x48, 0xfd, 0xea,
  0x72, 0x1b, 0x99, 0x2d, 0xcc, 0x99, 0xf8, 0x57, 0x3a, 0x1a, 0xe5, 0x48,
  0x9d, 0xa0, 0xeb, 0xc5, 0x6b, 0x4f, 0x81, 0xd8, 0x2e, 0x63, 0x56, 0xca,
  0xd1, 0x4c, 0x14, 0xa6, 0x62, 0x49, 0x34, 0x53, 0xa5, 0xac, 0xd7, 0x1f,
  0xb4, 0x3f, 0x45, 0x50, 0x2d, 0x54, 0xec, 0x76, 0xcf, 0x71, 0x8d, 0xab,
  0xa1, 0x4d, 0x54, 0x04, 0x5a, 0xe5, 0x73, 0x3a, 0x4a, 0xdb, 0x69, 0x35,
  0x06, 0x43, 0x78, 0x7a, 0xdd, 0xd4, 0x81, 0x9e, 0x9f, 0xe9, 0x6e, 0x1d,
  0x93, 0x30, 0x94, 0x5b, 0x99, 0x29, 0xd4, 0xee, 0x90, 0xdc, 0x4b, 0x0c,
  0x62, 0xc5, 0xdb, 0xac, 0xef, 0xab, 0xf9, 0x5e, 0xf5, 0x34, 0xa6, 0xd1,
  0x1b, 0xce, 0xfb, 0x5d, 0x49, 0xcf, 0xf1, 0x5b, 0xa8, 0x5b, 0xe1, 0x2f,
  0xfe, 0xfa, 0xff, 0xff, 0x04, 0x00, 0x00, 0x00, 0x40, 0x00, 0x00, 0x00,
  0x25, 0x00, 0x00, 0x00, 0x20, 0x00, 0x00, 0x00, 0xdd, 0xff, 0xff, 0xff,
  0xe6, 0xff, 0xff, 0xff, 0x30, 0x00, 0x00, 0x00, 0x0f, 0x00, 0x00, 0x00,
  0x30, 0x00, 0x00, 0x00, 0x2e, 0x00, 0x00, 0x00, 0x13, 0x00, 0x00, 0x00,
  0x1c, 0x00, 0x00, 0x00, 0xeb, 0xff, 0xff, 0xff, 0x05, 0x00, 0x00, 0x00,
  0xe2, 0xff, 0xff, 0xff, 0x2b, 0x00, 0x00, 0x00, 0xd3, 0xff, 0xff, 0xff,
  0x1d, 0x00, 0x00, 0x00, 0x4a, 0xfb, 0xff, 0xff, 0x04, 0x00, 0x00, 0x00,
  0x00, 0x03, 0x00, 0x00, 0x88, 0xaa, 0x7f, 0xc9, 0xde, 0x40, 0x4a, 0x12,
  0x46, 0x7b, 0x32, 0xb8, 0x5a, 0xa9, 0x28, 0x78, 0x6c, 0xbe, 0x2f, 0x4c,
  0x1f, 0xb5, 0x8a, 0xc1, 0xcf, 0x37, 0x35, 0xc9, 0x50, 0x4c, 0x52, 0xe2,
  0x38, 0xf9, 0xea, 0x6c, 0x54, 0x9a, 0x46, 0x0c, 0xc4, 0x82, 0x44, 0x33,
  0x17, 0xbd, 0x90, 0x05, 0xa7, 0x66, 0xb1, 0x52, 0x8a, 0xf9, 0xe4, 0xcf,
  0xb3, 0x8e, 0xba, 0x21, 0x0f, 0x5b, 0x85, 0x6b, 0x6b, 0x65, 0xb0, 0xc0,
  0x40, 0x58, 0xd5, 0x0b, 0x27, 0xd3, 0x81, 0x4b, 0x31, 0x8a, 0x82, 0x8a,
  0xcb, 0x3c, 0x52, 0xa7, 0xec, 0x58, 0xa7, 0x5f, 0x56, 0xf0, 0x09, 0x16,
  0xf0, 0x44, 0x19, 0x8e, 0x61, 0xa3, 0x59, 0xf9, 0x22, 0xe1, 0x83, 0xbd,
  0x25, 0xb5, 0x56, 0x1c, 0x8c, 0x0a, 0xa8, 0x31, 0x28, 0x3c, 0x95, 0x4e,
  0xae, 0x96, 0x76, 0x3a, 0xb6, 0xf2, 0xac, 0x6b, 0x52, 0x81, 0xae, 0x0a,
  0x49, 0xe0, 0x30, 0xbe, 0x14, 0x88, 0xbe, 0xa0, 0xcb, 0xca, 0x5e, 0x2a,
  0xa4, 0xe0, 0x12, 0xfd, 0xd5, 0x14, 0xb6, 0x6c, 0x9b, 0xe0, 0x3e, 0xf8,
  0xa8, 0xd8, 0x26, 0x6e, 0xd1, 0xa6, 0xa0, 0xf1, 0xfc, 0x61, 0x66, 0x30,
  0xb6, 0x1e, 0x44, 0xe2, 0xcd, 0x6d, 0x7f, 0xbc, 0xdc, 0xfb, 0xde, 0xc6,
  0x03, 0x54, 0xfe, 0x23, 0x0a, 0x78, 0x4a, 0x79, 0x56, 0x46, 0x55, 0xf1,
  0xd3, 0x72, 0x36, 0xda, 0x64, 0x91, 0xdc, 0x8b, 0xc2, 0xa8, 0xdc, 0xed,
  0x5b, 0x47, 0x03, 0xdc, 0xf3, 0x4a, 0xbd, 0x65, 0xe6, 0xdd, 0x01, 0x7e,
  0x6e, 0x76, 0x76, 0x44, 0xe2, 0x90, 0xb1, 0x53, 0xa9, 0xc4, 0x57, 0x7f,
  0x0d, 0x3f, 0xe0, 0x86, 0x61, 0xfe, 0xae, 0x7a, 0x29, 0x13, 0xb9, 0x91,
  0x57, 0x26, 0xe4, 0x5a, 0xb0, 0xed, 0x6f, 0x77, 0x3c, 0xe9, 0x03, 0x7f,
  0x4a, 0x0b, 0x79, 0xb7, 0xeb, 0x6b, 0xf6, 0x3c, 0x42, 0xe5, 0xae, 0x06,
  0x25, 0xe8, 0x44, 0xb3, 0x98, 0x66, 0xad, 0xaa, 0x16, 0x6e, 0xdc, 0xe9,
  0x30, 0xf4, 0xae, 0xc4, 0x1d, 0xf5, 0x32, 0xe3, 0x98, 0x2d, 0xba, 0x51,
  0x40, 0xd0, 0xa1, 0xfd, 0xa2, 0x16, 0x07, 0x1b, 0xee, 0xd0, 0x36, 0x21,
  0xd8, 0x81, 0x36, 0xaa, 0x5d, 0xd6, 0xe7, 0xa1, 0x19, 0x6a, 0x96, 0x96,
  0xf3, 0x30, 0x9b, 0xe7, 0xde, 0x49, 0xdf, 0x20, 0x88, 0xba, 0xff, 0x16,
  0xfc, 0xfd, 0x9d, 0x4c, 0xfb, 0x0c, 0x38, 0x8f, 0x95, 0x37, 0x65, 0xd5,
  0x29, 0x6b, 0x03, 0x9c, 0xee, 0xbb, 0x06, 0x9d, 0x14, 0xa2, 0x7a, 0xb6,
  0xbc, 0x19, 0xfe, 0x77, 0xf4, 0xfe, 0xf2, 0x17, 0x15, 0xeb, 0xf5, 0x70,
  0x64, 0xdf, 0xd3, 0x1c, 0x99, 0xc8, 0x3b, 0x03, 0xa5, 0x62, 0x34, 0x2e,
  0x3a, 0xbf, 0x6d, 0x06, 0xab, 0x26, 0x4d, 0x7f, 0xe8, 0x60, 0xc5, 0xc8,
  0xd5, 0xa8, 0x34, 0xfd, 0x55, 0x41, 0xd3, 0x33, 0x2a, 0x59, 0xf9, 0xd6,
  0x44, 0x1c, 0xc3, 0xe3, 0x44, 0xb1, 0xc4, 0xef, 0x34, 0x03, 0xae, 0xe1,
  0x56, 0xae, 0xe2, 0xee, 0xb5, 0x2b, 0x6d, 0xb2, 0x34, 0x26, 0xe7, 0x65,
  0x7f, 0xdf, 0xee, 0x64, 0xd8, 0x12, 0x67, 0x31, 0xf5, 0x98, 0x0b, 0x03,
  0x48, 0x53, 0x0f, 0x6e, 0x9e, 0x5b, 0x1b, 0x1f, 0x39, 0x4a, 0xec, 0x0b,
  0x73, 0xba, 0x3d, 0x69, 0xc0, 0x5a, 0x02, 0xfe, 0x3a, 0xe2, 0x35, 0xf0,
  0x7f, 0xb1, 0x7f, 0x11, 0x7a, 0x1b, 0xcd, 0xbe, 0x06, 0xe7, 0xc0, 0x7a,
  0xf6, 0x6d, 0x2f, 0xf4, 0x4a, 0x34, 0xc6, 0x47, 0x50, 0x79, 0xfd, 0x58,
  0x59, 0x1b, 0xbb, 0x44, 0xfc, 0x73, 0x09, 0x0c, 0x85, 0x2b, 0x1c, 0xa7,
  0xc2, 0x5e, 0x1e, 0x21, 0x9e, 0x3e, 0x79, 0xa0, 0x90, 0x52, 0xc2, 0xa2,
  0x81, 0xe0, 0x96, 0x32, 0x04, 0x8a, 0x9e, 0x56, 0x14, 0x36, 0x8d, 0x8a,
  0x88, 0x19, 0x4e, 0x4f, 0xb2, 0x83, 0xb1, 0xb7, 0x4f, 0x5d, 0x50, 0xb2,
  0xee, 0x35, 0xf8, 0xab, 0xdc, 0x39, 0xaf, 0x56, 0xcb, 0x37, 0x88, 0x65,
  0x9e, 0x9f, 0x18, 0xdc, 0x3a, 0x26, 0x3c, 0x46, 0xbc, 0x94, 0x6a, 0x01,
  0xb6, 0x03, 0x81, 0xcc, 0x94, 0xad, 0x67, 0xba, 0xd9, 0xb7, 0xdb, 0x9e,
  0xf8, 0x0d, 0xc2, 0xaf, 0xa9, 0x42, 0x73, 0xb4, 0x57, 0x0d, 0x53, 0x02,
  0x08, 0xbf, 0x2a, 0x2d, 0xfa, 0x9b, 0x58, 0xfa, 0x1e, 0xae, 0xae, 0x6c,
  0xbb, 0xca, 0x7b, 0xad, 0x72, 0x85, 0xc7, 0x7b, 0xa6, 0xf3, 0x11, 0x48,
  0xb8, 0x81, 0x87, 0x27, 0xdb, 0xbe, 0x6c, 0xee, 0xe6, 0x01, 0x8f, 0x03,
  0x8d, 0x24, 0xe7, 0x83, 0xa6, 0xf6, 0xc4, 0x9d, 0x6b, 0xac, 0xbb, 0x86,
  0x70, 0x96, 0x30, 0xe9, 0x9b, 0xce, 0xa2, 0xa6, 0x1c, 0x4c, 0x5e, 0xca,
  0x1d, 0x37, 0x58, 0xf6, 0xa7, 0x7a, 0x58, 0xcd, 0x3e, 0x6f, 0x31, 0x24,
  0x79, 0x36, 0xfc, 0xf1, 0x38, 0x71, 0xdf, 0x0e, 0xc7, 0x99, 0xbf, 0xb8,
  0xcf, 0x00, 0x2c, 0x22, 0x4c, 0xe1, 0x0e, 0x7f, 0x97, 0x46, 0x22, 0xb4,
  0xad, 0x06, 0xfc, 0x5c, 0x2d, 0xe5, 0x5c, 0xd1, 0xed, 0x9f, 0x3d, 0x56,
  0x82, 0x63, 0x30, 0x01, 0x2b, 0x16, 0xa0, 0x8e, 0xd0, 0x5e, 0x02, 0x36,
  0x0b, 0x8f, 0x5e, 0xbf, 0x26, 0xfd, 0x25, 0xe1, 0xbd, 0x38, 0xdb, 0x11,
  0xa1, 0x36, 0x37, 0x17, 0x1f, 0x3d, 0xe2, 0xbf, 0xbe, 0x1f, 0xc4, 0xfa,
  0x98, 0x81, 0x34, 0x5f, 0x33, 0x81, 0xbf, 0x12, 0x27, 0xb3, 0xa7, 0xeb,
  0x53, 0x05, 0x03, 0x59, 0x55, 0x6b, 0x16, 0x2b, 0x89, 0x48, 0x28, 0x95,
  0xeb, 0x0a, 0x34, 0x84, 0x05, 0xd3, 0xbc, 0xd6, 0x63, 0x56, 0xef, 0x97,
  0x40, 0x9f, 0xd2, 0x47, 0x1b, 0x02, 0xad, 0xe8, 0x9a, 0xd2, 0x6f, 0x2e,
  0x92, 0x65, 0x3e, 0x4f, 0x56, 0xfe, 0xff, 0xff, 0x04, 0x00, 0x00, 0x00,
  0x40, 0x00, 0x00, 0x00, 0xd8, 0xff, 0xff, 0xff, 0xdb, 0xff, 0xff, 0xff,
  0xf3, 0xff, 0xff, 0xff, 0x24, 0x00, 0x00, 0x00, 0xfe, 0xff, 0xff, 0xff,
  0x30, 0x00, 0x00, 0x00, 0xf1, 0xff, 0xff, 0xff, 0x15, 0x00, 0x00, 0x00,
  0x3c, 0x00, 0x00, 0x00, 0x21, 0x00, 0x00, 0x00, 0x04, 0x00, 0x00, 0x00,
  0xee, 0xff, 0xff, 0xff, 0xf6, 0xff, 0xff, 0xff, 0x26, 0x00, 0x00, 0x00,
  0xe3, 0xff, 0xff, 0xff, 0xe2, 0xff, 0xff, 0xff, 0xa2, 0xfe, 0xff, 0xff,
  0x04, 0x00, 0x00, 0x00, 0x70, 0x00, 0x00, 0x00, 0xc7, 0x81, 0xb8, 0xc6,
  0x84, 0x2e, 0x63, 0x60, 0x90, 0x30, 0x2e, 0x74, 0x32, 0x1e, 0xc2, 0x8f,
  0xb0, 0xe6, 0x7f, 0xcd, 0x4a, 0x90, 0x2b, 0xe3, 0x04, 0x27, 0xa2, 0x2f,
  0x00, 0x4d, 0xaf, 0x16, 0xa6, 0xef, 0xdf, 0x31, 0x3e, 0x7d, 0xbd, 0xd5,
  0x5c, 0x7f, 0x2e, 0x95, 0xe7, 0x68, 0x90, 0x3b, 0x56, 0x9f, 0xd7, 0x4c,
  0x7f, 0xe1, 0x34, 0x8c, 0xcc, 0xa0, 0xa2, 0xef, 0x0c, 0xb9, 0x55, 0x4a,
  0x88, 0x13, 0x0b, 0x7f, 0x0b, 0xd6, 0xf6, 0x9c, 0x0e, 0x9f, 0x9c, 0x57,
  0xf7, 0xea, 0x37, 0x78, 0x15, 0x18, 0x91, 0x63, 0x7f, 0xa4, 0x0a, 0x00,
  0x31, 0xd3, 0x0c, 0x4f, 0x88, 0x7b, 0xa4, 0xf6, 0x58, 0x4b, 0x44, 0x0c,
  0x38, 0xfd, 0xb1, 0xae, 0xe2, 0x7f, 0x78, 0xad, 0x1e, 0x58, 0x38, 0x69,
  0x1e, 0xff, 0xff, 0xff, 0x04, 0x00, 0x00, 0x00, 0x1c, 0x00, 0x00, 0x00,
  0xf6, 0xff, 0xff, 0xff, 0xf0, 0xff, 0xff, 0xff, 0x1a, 0x00, 0x00, 0x00,
  0xef, 0xff, 0xff, 0xff, 0xef, 0xff, 0xff, 0xff, 0xe9, 0xff, 0xff, 0xff,
  0xe0, 0xff, 0xff, 0xff, 0x46, 0xff, 0xff, 0xff, 0x04, 0x00, 0x00, 0x00,
  0x08, 0x00, 0x00, 0x00, 0x01, 0x00, 0x00, 0x00, 0x02, 0x00, 0x00, 0x00,
  0x48, 0xda, 0xff, 0xff, 0x4c, 0xda, 0xff, 0xff, 0x0f, 0x00, 0x00, 0x00,
  0x4d, 0x4c, 0x49, 0x52, 0x20, 0x43, 0x6f, 0x6e, 0x76, 0x65, 0x72, 0x74,
  0x65, 0x64, 0x2e, 0x00, 0x01, 0x00, 0x00, 0x00, 0x14, 0x00, 0x00, 0x00,
  0x00, 0x00, 0x0e, 0x00, 0x18, 0x00, 0x14, 0x00, 0x10, 0x00, 0x0c, 0x00,
  0x08, 0x00, 0x04, 0x00, 0x0e, 0x00, 0x00, 0x00, 0x14, 0x00, 0x00, 0x00,
  0x1c, 0x00, 0x00, 0x00, 0x54, 0x03, 0x00, 0x00, 0x58, 0x03, 0x00, 0x00,
  0x5c, 0x03, 0x00, 0x00, 0x04, 0x00, 0x00, 0x00, 0x6d, 0x61, 0x69, 0x6e,
  0x00, 0x00, 0x00, 0x00, 0x0c, 0x00, 0x00, 0x00, 0xf0, 0x02, 0x00, 0x00,
  0xa0, 0x02, 0x00, 0x00, 0x60, 0x02, 0x00, 0x00, 0x20, 0x02, 0x00, 0x00,
  0xe0, 0x01, 0x00, 0x00, 0xa0, 0x01, 0x00, 0x00, 0x60, 0x01, 0x00, 0x00,
  0x20, 0x01, 0x00, 0x00, 0xcc, 0x00, 0x00, 0x00, 0x88, 0x00, 0x00, 0x00,
  0x40, 0x00, 0x00, 0x00, 0x04, 0x00, 0x00, 0x00, 0x52, 0xff, 0xff, 0xff,
  0x1c, 0x00, 0x00, 0x00, 0x00, 0x00, 0x00, 0x09, 0x1c, 0x00, 0x00, 0x00,
  0x20, 0x00, 0x00, 0x00, 0x04, 0x00, 0x00, 0x00, 0x00, 0x00, 0x06, 0x00,
  0x08, 0x00, 0x04, 0x00, 0x06, 0x00, 0x00, 0x00, 0x00, 0x00, 0x80, 0x3f,
  0x01, 0x00, 0x00, 0x00, 0x1f, 0x00, 0x00, 0x00, 0x01, 0x00, 0x00, 0x00,
  0x1e, 0x00, 0x00, 0x00, 0xca, 0xff, 0xff, 0xff, 0x14, 0x00, 0x00, 0x00,
  0x00, 0x00, 0x00, 0x08, 0x10, 0x00, 0x00, 0x00, 0x14, 0x00, 0x00, 0x00,
  0x03, 0x00, 0x00, 0x00, 0x24, 0xdb, 0xff, 0xff, 0x01, 0x00, 0x00, 0x00,
  0x1e, 0x00, 0x00, 0x00, 0x03, 0x00, 0x00, 0x00, 0x1d, 0x00, 0x00, 0x00,
  0x03, 0x00, 0x00, 0x00, 0x02, 0x00, 0x00, 0x00, 0x00, 0x00, 0x0e, 0x00,
  0x18, 0x00, 0x14, 0x00, 0x10, 0x00, 0x0c, 0x00, 0x0b, 0x00, 0x04, 0x00,
  0x0e, 0x00, 0x00, 0x00, 0x14, 0x00, 0x00, 0x00, 0x00, 0x00, 0x00, 0x1b,
  0x10, 0x00, 0x00, 0x00, 0x14, 0x00, 0x00, 0x00, 0x02, 0x00, 0x00, 0x00,
  0x68, 0xdb, 0xff, 0xff, 0x01, 0x00, 0x00, 0x00, 0x1d, 0x00, 0x00, 0x00,
  0x02, 0x00, 0x00, 0x00, 0x1c, 0x00, 0x00, 0x00, 0x01, 0x00, 0x00, 0x00,
  0x00, 0x00, 0x0e, 0x00, 0x1a, 0x00, 0x14, 0x00, 0x10, 0x00, 0x0c, 0x00,
  0x0b, 0x00, 0x04, 0x00, 0x0e, 0x00, 0x00, 0x00, 0x24, 0x00, 0x00, 0x00,
  0x00, 0x00, 0x00, 0x05, 0x34, 0x00, 0x00, 0x00, 0x38, 0x00, 0x00, 0x00,
  0x01, 0x00, 0x00, 0x00, 0x00, 0x00, 0x0e, 0x00, 0x18, 0x00, 0x17, 0x00,
  0x10, 0x00, 0x0c, 0x00, 0x08, 0x00, 0x04, 0x00, 0x0e, 0x00, 0x00, 0x00,
  0x02, 0x00, 0x00, 0x00, 0x01, 0x00, 0x00, 0x00, 0x02, 0x00, 0x00, 0x00,
  0x01, 0x00, 0x00, 0x00, 0x00, 0x00, 0x00, 0x01, 0x01, 0x00, 0x00, 0x00,
  0x1c, 0x00, 0x00, 0x00, 0x01, 0x00, 0x00, 0x00, 0x1b, 0x00, 0x00, 0x00,
  0x5a, 0xfe, 0xff, 0xff, 0x10, 0x00, 0x00, 0x00, 0x00, 0x00, 0x00, 0x01,
  0x18, 0x00, 0x00, 0x00, 0x1c, 0x00, 0x00, 0x00, 0x4c, 0xfe, 0xff, 0xff,
  0x00, 0x00, 0x00, 0x01, 0x01, 0x00, 0x00, 0x00, 0x01, 0x00, 0x00, 0x00,
  0x01, 0x00, 0x00, 0x00, 0x1b, 0x00, 0x00, 0x00, 0x03, 0x00, 0x00, 0x00,
  0x1a, 0x00, 0x00, 0x00, 0x05, 0x00, 0x00, 0x00, 0x04, 0x00, 0x00, 0x00,
  0x96, 0xfe, 0xff, 0xff, 0x10, 0x00, 0x00, 0x00, 0x00, 0x00, 0x00, 0x01,
  0x18, 0x00, 0x00, 0x00, 0x1c, 0x00, 0x00, 0x00, 0x88, 0xfe, 0xff, 0xff,
  0x00, 0x00, 0x00, 0x01, 0x01, 0x00, 0x00, 0x00, 0x01, 0x00, 0x00, 0x00,
  0x01, 0x00, 0x00, 0x00, 0x1a, 0x00, 0x00, 0x00, 0x03, 0x00, 0x00, 0x00,
  0x19, 0x00, 0x00, 0x00, 0x07, 0x00, 0x00, 0x00, 0x06, 0x00, 0x00, 0x00,
  0xd2, 0xfe, 0xff, 0xff, 0x10, 0x00, 0x00, 0x00, 0x00, 0x00, 0x00, 0x01,
  0x18, 0x00, 0x00, 0x00, 0x1c, 0x00, 0x00, 0x00, 0xc4, 0xfe, 0xff, 0xff,
  0x00, 0x00, 0x00, 0x01, 0x01, 0x00, 0x00, 0x00, 0x01, 0x00, 0x00, 0x00,
  0x01, 0x00, 0x00, 0x00, 0x19, 0x00, 0x00, 0x00, 0x03, 0x00, 0x00, 0x00,
  0x18, 0x00, 0x00, 0x00, 0x09, 0x00, 0x00, 0x00, 0x08, 0x00, 0x00, 0x00,
  0x0e, 0xff, 0xff, 0xff, 0x10, 0x00, 0x00, 0x00, 0x00, 0x00, 0x00, 0x01,
  0x18, 0x00, 0x00, 0x00, 0x1c, 0x00, 0x00, 0x00, 0x00, 0xff, 0xff, 0xff,
  0x00, 0x00, 0x00, 0x01, 0x01, 0x00, 0x00, 0x00, 0x01, 0x00, 0x00, 0x00,
  0x01, 0x00, 0x00, 0x00, 0x18, 0x00, 0x00, 0x00, 0x03, 0x00, 0x00, 0x00,
  0x17, 0x00, 0x00, 0x00, 0x0b, 0x00, 0x00, 0x00, 0x0a, 0x00, 0x00, 0x00,
  0x4a, 0xff, 0xff, 0xff, 0x10, 0x00, 0x00, 0x00, 0x00, 0x00, 0x00, 0x01,
  0x18, 0x00, 0x00, 0x00, 0x1c, 0x00, 0x00, 0x00, 0x3c, 0xff, 0xff, 0xff,
  0x00, 0x00, 0x00, 0x01, 0x01, 0x00, 0x00, 0x00, 0x01, 0x00, 0x00, 0x00,
  0x01, 0x00, 0x00, 0x00, 0x17, 0x00, 0x00, 0x00, 0x03, 0x00, 0x00, 0x00,
  0x16, 0x00, 0x00, 0x00, 0x0d, 0x00, 0x00, 0x00, 0x0c, 0x00, 0x00, 0x00,
  0x86, 0xff, 0xff, 0xff, 0x10, 0x00, 0x00, 0x00, 0x00, 0x00, 0x00, 0x01,
  0x18, 0x00, 0x00, 0x00, 0x1c, 0x00, 0x00, 0x00, 0x78, 0xff, 0xff, 0xff,
  0x00, 0x00, 0x00, 0x01, 0x01, 0x00, 0x00, 0x00, 0x01, 0x00, 0x00, 0x00,
  0x01, 0x00, 0x00, 0x00, 0x16, 0x00, 0x00, 0x00, 0x03, 0x00, 0x00, 0x00,
  0x15, 0x00, 0x00, 0x00, 0x0f, 0x00, 0x00, 0x00, 0x0e, 0x00, 0x00, 0x00,
  0xc2, 0xff, 0xff, 0xff, 0x10, 0x00, 0x00, 0x00, 0x00, 0x00, 0x00, 0x01,
  0x18, 0x00, 0x00, 0x00, 0x1c, 0x00, 0x00, 0x00, 0xb4, 0xff, 0xff, 0xff,
  0x00, 0x00, 0x00, 0x01, 0x01, 0x00, 0x00, 0x00, 0x01, 0x00, 0x00, 0x00,
  0x01, 0x00, 0x00, 0x00, 0x15, 0x00, 0x00, 0x00, 0x03, 0x00, 0x00, 0x00,
  0x14, 0x00, 0x00, 0x00, 0x11, 0x00, 0x00, 0x00, 0x10, 0x00, 0x00, 0x00,
  0x00, 0x00, 0x0e, 0x00, 0x14, 0x00, 0x00, 0x00, 0x10, 0x00, 0x0c, 0x00,
  0x0b, 0x00, 0x04, 0x00, 0x0e, 0x00, 0x00, 0x00, 0x1c, 0x00, 0x00, 0x00,
  0x00, 0x00, 0x00, 0x01, 0x24, 0x00, 0x00, 0x00, 0x28, 0x00, 0x00, 0x00,
  0x0c, 0x00, 0x10, 0x00, 0x00, 0x00, 0x0c, 0x00, 0x08, 0x00, 0x07, 0x00,
  0x0c, 0x00, 0x00, 0x00, 0x00, 0x00, 0x00, 0x01, 0x01, 0x00, 0x00, 0x00,
  0x01, 0x00, 0x00, 0x00, 0x01, 0x00, 0x00, 0x00, 0x14, 0x00, 0x00, 0x00,
  0x03, 0x00, 0x00, 0x00, 0x00, 0x00, 0x00, 0x00, 0x13, 0x00, 0x00, 0x00,
  0x12, 0x00, 0x00, 0x00, 0x01, 0x00, 0x00, 0x00, 0x1f, 0x00, 0x00, 0x00,
  0x01, 0x00, 0x00, 0x00, 0x00, 0x00, 0x00, 0x00, 0x20, 0x00, 0x00, 0x00,
  0x84, 0x22, 0x00, 0x00, 0xf0, 0x21, 0x00, 0x00, 0x38, 0x21, 0x00, 0x00,
  0x7c, 0x20, 0x00, 0x00, 0xe0, 0x1e, 0x00, 0x00, 0xa4, 0x1d, 0x00, 0x00,
  0x08, 0x1c, 0x00, 0x00, 0xcc, 0x1a, 0x00, 0x00, 0x30, 0x19, 0x00, 0x00,
  0xf4, 0x17, 0x00, 0x00, 0x58, 0x16, 0x00, 0x00, 0x1c, 0x15, 0x00, 0x00,
  0x80, 0x13, 0x00, 0x00, 0x44, 0x12, 0x00, 0x00, 0xa8, 0x10, 0x00, 0x00,
  0x6c, 0x0f, 0x00, 0x00, 0xd0, 0x0d, 0x00, 0x00, 0x94, 0x0c, 0x00, 0x00,
  0xf8, 0x0a, 0x00, 0x00, 0xbc, 0x09, 0x00, 0x00, 0xc8, 0x08, 0x00, 0x00,
  0xd4, 0x07, 0x00, 0x00, 0xe0, 0x06, 0x00, 0x00, 0xec, 0x05, 0x00, 0x00,
  0xf8, 0x04, 0x00, 0x00, 0x04, 0x04, 0x00, 0x00, 0x10, 0x03, 0x00, 0x00,
  0x1c, 0x02, 0x00, 0x00, 0x90, 0x01, 0x00, 0x00, 0x0c, 0x01, 0x00, 0x00,
  0x70, 0x00, 0x00, 0x00, 0x04, 0x00, 0x00, 0x00, 0x12, 0xde, 0xff, 0xff,
  0x00, 0x00, 0x00, 0x01, 0x14, 0x00, 0x00, 0x00, 0x30, 0x00, 0x00, 0x00,
  0x20, 0x00, 0x00, 0x00, 0x00, 0x00, 0x00, 0x09, 0x44, 0x00, 0x00, 0x00,
  0xfc, 0xdd, 0xff, 0xff, 0x08, 0x00, 0x00, 0x00, 0x10, 0x00, 0x00, 0x00,
  0x01, 0x00, 0x00, 0x00, 0x80, 0xff, 0xff, 0xff, 0xff, 0xff, 0xff, 0xff,
  0x01, 0x00, 0x00, 0x00, 0x00, 0x00, 0x80, 0x3b, 0x1b, 0x00, 0x00, 0x00,
  0x53, 0x74, 0x61, 0x74, 0x65, 0x66, 0x75, 0x6c, 0x50, 0x61, 0x72, 0x74,
  0x69, 0x74, 0x69, 0x6f, 0x6e, 0x65, 0x64, 0x43, 0x61, 0x6c, 0x6c, 0x5f,
  0x31, 0x3a, 0x30, 0x00, 0x02, 0x00, 0x00, 0x00, 0x01, 0x00, 0x00, 0x00,
  0x07, 0x00, 0x00, 0x00, 0x7a, 0xde, 0xff, 0xff, 0x00, 0x00, 0x00, 0x01,
  0x14, 0x00, 0x00, 0x00, 0x34, 0x00, 0x00, 0x00, 0x1f, 0x00, 0x00, 0x00,
  0x00, 0x00, 0x00, 0x09, 0x74, 0x00, 0x00, 0x00, 0x64, 0xde, 0xff, 0xff,
  0x08, 0x00, 0x00, 0x00, 0x14, 0x00, 0x00, 0x00, 0x01, 0x00, 0x00, 0x00,
  0xb1, 0xff, 0xff, 0xff, 0xff, 0xff, 0xff, 0xff, 0x00, 0x00, 0x00, 0x00,
  0x01, 0x00, 0x00, 0x00, 0x98, 0x42, 0xb1, 0x3e, 0x44, 0x00, 0x00, 0x00,
  0x73, 0x65, 0x71, 0x75, 0x65, 0x6e, 0x74, 0x69, 0x61, 0x6c, 0x5f, 0x35,
  0x36, 0x5f, 0x31, 0x2f, 0x64, 0x65, 0x6e, 0x73, 0x65, 0x5f, 0x35, 0x36,
  0x5f, 0x31, 0x2f, 0x4d, 0x61, 0x74, 0x4d, 0x75, 0x6c, 0x3b, 0x73, 0x65,
  0x71, 0x75, 0x65, 0x6e, 0x74, 0x69, 0x61, 0x6c, 0x5f, 0x35, 0x36, 0x5f,
  0x31, 0x2f, 0x64, 0x65, 0x6e, 0x73, 0x65, 0x5f, 0x35, 0x36, 0x5f, 0x31,
  0x2f, 0x42, 0x69, 0x61, 0x73, 0x41, 0x64, 0x64, 0x00, 0x00, 0x00, 0x00,
  0x02, 0x00, 0x00, 0x00, 0x01, 0x00, 0x00, 0x00, 0x07, 0x00, 0x00, 0x00,
  0x12, 0xdf, 0xff, 0xff, 0x00, 0x00, 0x00, 0x01, 0x14, 0x00, 0x00, 0x00,
  0x30, 0x00, 0x00, 0x00, 0x1e, 0x00, 0x00, 0x00, 0x00, 0x00, 0x00, 0x09,
  0x5c, 0x00, 0x00, 0x00, 0xfc, 0xde, 0xff, 0xff, 0x08, 0x00, 0x00, 0x00,
  0x10, 0x00, 0x00, 0x00, 0x01, 0x00, 0x00, 0x00, 0x80, 0xff, 0xff, 0xff,
  0xff, 0xff, 0xff, 0xff, 0x01, 0x00, 0x00, 0x00, 0x8b, 0xcc, 0x4e, 0x3e,
  0x32, 0x00, 0x00, 0x00, 0x73, 0x65, 0x71, 0x75, 0x65, 0x6e, 0x74, 0x69,
  0x61, 0x6c, 0x5f, 0x35, 0x36, 0x5f, 0x31, 0x2f, 0x67, 0x6c, 0x6f, 0x62,
  0x61, 0x6c, 0x5f, 0x61, 0x76, 0x65, 0x72, 0x61, 0x67, 0x65, 0x5f, 0x70,
  0x6f, 0x6f, 0x6c, 0x69, 0x6e, 0x67, 0x32, 0x64, 0x5f, 0x35, 0x36, 0x5f,
  0x31, 0x2f, 0x4d, 0x65, 0x61, 0x6e, 0x00, 0x00, 0x02, 0x00, 0x00, 0x00,
  0x01, 0x00, 0x00, 0x00, 0x10, 0x00, 0x00, 0x00, 0x92, 0xdf, 0xff, 0xff,
  0x00, 0x00, 0x00, 0x01, 0x14, 0x00, 0x00, 0x00, 0x34, 0x00, 0x00, 0x00,
  0x1d, 0x00, 0x00, 0x00, 0x00, 0x00, 0x00, 0x09, 0x5c, 0x00, 0x00, 0x00,
  0x7c, 0xdf, 0xff, 0xff, 0x08, 0x00, 0x00, 0x00, 0x14, 0x00, 0x00, 0x00,
  0x01, 0x00, 0x00, 0x00, 0x80, 0xff, 0xff, 0xff, 0xff, 0xff, 0xff, 0xff,
  0x00, 0x00, 0x00, 0x00, 0x01, 0x00, 0x00, 0x00, 0x40, 0xad, 0x82, 0x3e,
  0x2c, 0x00, 0x00, 0x00, 0x73, 0x65, 0x71, 0x75, 0x65, 0x6e, 0x74, 0x69,
  0x61, 0x6c, 0x5f, 0x35, 0x36, 0x5f, 0x31, 0x2f, 0x6d, 0x61, 0x78, 0x5f,
  0x70, 0x6f, 0x6f, 0x6c, 0x69, 0x6e, 0x67, 0x32, 0x64, 0x5f, 0x34, 0x36,
  0x5f, 0x31, 0x2f, 0x4d, 0x61, 0x78, 0x50, 0x6f, 0x6f, 0x6c, 0x32, 0x64,
  0x00, 0x00, 0x00, 0x00, 0x04, 0x00, 0x00, 0x00, 0x01, 0x00, 0x00, 0x00,
  0x05, 0x00, 0x00, 0x00, 0x01, 0x00, 0x00, 0x00, 0x10, 0x00, 0x00, 0x00,
  0x1a, 0xe0, 0xff, 0xff, 0x00, 0x00, 0x00, 0x01, 0x14, 0x00, 0x00, 0x00,
  0x34, 0x00, 0x00, 0x00, 0x1c, 0x00, 0x00, 0x00, 0x00, 0x00, 0x00, 0x09,
  0xc4, 0x00, 0x00, 0x00, 0x04, 0xe0, 0xff, 0xff, 0x08, 0x00, 0x00, 0x00,
  0x14, 0x00, 0x00, 0x00, 0x01, 0x00, 0x00, 0x00, 0x80, 0xff, 0xff, 0xff,
  0xff, 0xff, 0xff, 0xff, 0x00, 0x00, 0x00, 0x00, 0x01, 0x00, 0x00, 0x00,
  0x40, 0xad, 0x82, 0x3e, 0x95, 0x00, 0x00, 0x00, 0x73, 0x65, 0x71, 0x75,
  0x65, 0x6e, 0x74, 0x69, 0x61, 0x6c, 0x5f, 0x35, 0x36, 0x5f, 0x31, 0x2f,
  0x63, 0x6f, 0x6e, 0x76, 0x32, 0x64, 0x5f, 0x32, 0x33, 0x31, 0x5f, 0x31,
  0x2f, 0x52, 0x65, 0x6c, 0x75, 0x3b, 0x73, 0x65, 0x71, 0x75, 0x65, 0x6e,
  0x74, 0x69, 0x61, 0x6c, 0x5f, 0x35, 0x36, 0x5f, 0x31, 0x2f, 0x63, 0x6f,
  0x6e, 0x76, 0x32, 0x64, 0x5f, 0x32, 0x33, 0x31, 0x5f, 0x31, 0x2f, 0x42,
  0x69, 0x61, 0x73, 0x41, 0x64, 0x64, 0x3b, 0x73, 0x65, 0x71, 0x75, 0x65,
  0x6e, 0x74, 0x69, 0x61, 0x6c, 0x5f, 0x35, 0x36, 0x5f, 0x31, 0x2f, 0x63,
  0x6f, 0x6e, 0x76, 0x32, 0x64, 0x5f, 0x32, 0x33, 0x31, 0x5f, 0x31, 0x2f,
  0x63, 0x6f, 0x6e, 0x76, 0x6f, 0x6c, 0x75, 0x74, 0x69, 0x6f, 0x6e, 0x3b,
  0x73, 0x65, 0x71, 0x75, 0x65, 0x6e, 0x74, 0x69, 0x61, 0x6c, 0x5f, 0x35,
  0x36, 0x5f, 0x31, 0x2f, 0x63, 0x6f, 0x6e, 0x76, 0x32, 0x64, 0x5f, 0x32,
  0x33, 0x31, 0x5f, 0x31, 0x2f, 0x53, 0x71, 0x75, 0x65, 0x65, 0x7a, 0x65,
  0x31, 0x00, 0x00, 0x00, 0x04, 0x00, 0x00, 0x00, 0x01, 0x00, 0x00, 0x00,
  0x0a, 0x00, 0x00, 0x00, 0x01, 0x00, 0x00, 0x00, 0x10, 0x00, 0x00, 0x00,
  0x0a, 0xe1, 0xff, 0xff, 0x00, 0x00, 0x00, 0x01, 0x14, 0x00, 0x00, 0x00,
  0x34, 0x00, 0x00, 0x00, 0x1b, 0x00, 0x00, 0x00, 0x00, 0x00, 0x00, 0x09,
  0xc4, 0x00, 0x00, 0x00, 0xf4, 0xe0, 0xff, 0xff, 0x08, 0x00, 0x00, 0x00,
  0x14, 0x00, 0x00, 0x00, 0x01, 0x00, 0x00, 0x00, 0x80, 0xff, 0xff, 0xff,
  0xff, 0xff, 0xff, 0xff, 0x00, 0x00, 0x00, 0x00, 0x01, 0x00, 0x00, 0x00,
  0x34, 0xa2, 0x80, 0x3e, 0x95, 0x00, 0x00, 0x00, 0x73, 0x65, 0x71, 0x75,
  0x65, 0x6e, 0x74, 0x69, 0x61, 0x6c, 0x5f, 0x35, 0x36, 0x5f, 0x31, 0x2f,
  0x63, 0x6f, 0x6e, 0x76, 0x32, 0x64, 0x5f, 0x32, 0x33, 0x30, 0x5f, 0x31,
  0x2f, 0x52, 0x65, 0x6c, 0x75, 0x3b, 0x73, 0x65, 0x71, 0x75, 0x65, 0x6e,
  0x74, 0x69, 0x61, 0x6c, 0x5f, 0x35, 0x36, 0x5f, 0x31, 0x2f, 0x63, 0x6f,
  0x6e, 0x76, 0x32, 0x64, 0x5f, 0x32, 0x33, 0x30, 0x5f, 0x31, 0x2f, 0x42,
  0x69, 0x61, 0x73, 0x41, 0x64, 0x64, 0x3b, 0x73, 0x65, 0x71, 0x75, 0x65,
  0x6e, 0x74, 0x69, 0x61, 0x6c, 0x5f, 0x35, 0x36, 0x5f, 0x31, 0x2f, 0x63,
  0x6f, 0x6e, 0x76, 0x32, 0x64, 0x5f, 0x32, 0x33, 0x30, 0x5f, 0x31, 0x2f,
  0x63, 0x6f, 0x6e, 0x76, 0x6f, 0x6c, 0x75, 0x74, 0x69, 0x6f, 0x6e, 0x3b,
  0x73, 0x65, 0x71, 0x75, 0x65, 0x6e, 0x74, 0x69, 0x61, 0x6c, 0x5f, 0x35,
  0x36, 0x5f, 0x31, 0x2f, 0x63, 0x6f, 0x6e, 0x76, 0x32, 0x64, 0x5f, 0x32,
  0x33, 0x30, 0x5f, 0x31, 0x2f, 0x53, 0x71, 0x75, 0x65, 0x65, 0x7a, 0x65,
  0x31, 0x00, 0x00, 0x00, 0x04, 0x00, 0x00, 0x00, 0x01, 0x00, 0x00, 0x00,
  0x0a, 0x00, 0x00, 0x00, 0x01, 0x00, 0x00, 0x00, 0x10, 0x00, 0x00, 0x00,
  0xfa, 0xe1, 0xff, 0xff, 0x00, 0x00, 0x00, 0x01, 0x14, 0x00, 0x00, 0x00,
  0x34, 0x00, 0x00, 0x00, 0x1a, 0x00, 0x00, 0x00, 0x00, 0x00, 0x00, 0x09,
  0xc4, 0x00, 0x00, 0x00, 0xe4, 0xe1, 0xff, 0xff, 0x08, 0x00, 0x00, 0x00,
  0x14, 0x00, 0x00, 0x00, 0x01, 0x00, 0x00, 0x00, 0x80, 0xff, 0xff, 0xff,
  0xff, 0xff, 0xff, 0xff, 0x00, 0x00, 0x00, 0x00, 0x01, 0x00, 0x00, 0x00,
  0xbd, 0x48, 0x75, 0x3e, 0x95, 0x00, 0x00, 0x00, 0x73, 0x65, 0x71, 0x75,
  0x65, 0x6e, 0x74, 0x69, 0x61, 0x6c, 0x5f, 0x35, 0x36, 0x5f, 0x31, 0x2f,
  0x63, 0x6f, 0x6e, 0x76, 0x32, 0x64, 0x5f, 0x32, 0x32, 0x39, 0x5f, 0x31,
  0x2f, 0x52, 0x65, 0x6c, 0x75, 0x3b, 0x73, 0x65, 0x71, 0x75, 0x65, 0x6e,
  0x74, 0x69, 0x61, 0x6c, 0x5f, 0x35, 0x36, 0x5f, 0x31, 0x2f, 0x63, 0x6f,
  0x6e, 0x76, 0x32, 0x64, 0x5f, 0x32, 0x32, 0x39, 0x5f, 0x31, 0x2f, 0x42,
  0x69, 0x61, 0x73, 0x41, 0x64, 0x64, 0x3b, 0x73, 0x65, 0x71, 0x75, 0x65,
  0x6e, 0x74, 0x69, 0x61, 0x6c, 0x5f, 0x35, 0x36, 0x5f, 0x31, 0x2f, 0x63,
  0x6f, 0x6e, 0x76, 0x32, 0x64, 0x5f, 0x32, 0x32, 0x39, 0x5f, 0x31, 0x2f,
  0x63, 0x6f, 0x6e, 0x76, 0x6f, 0x6c, 0x75, 0x74, 0x69, 0x6f, 0x6e, 0x3b,
  0x73, 0x65, 0x71, 0x75, 0x65, 0x6e, 0x74, 0x69, 0x61, 0x6c, 0x5f, 0x35,
  0x36, 0x5f, 0x31, 0x2f, 0x63, 0x6f, 0x6e, 0x76, 0x32, 0x64, 0x5f, 0x32,
  0x32, 0x39, 0x5f, 0x31, 0x2f, 0x53, 0x71, 0x75, 0x65, 0x65, 0x7a, 0x65,
  0x31, 0x00, 0x00, 0x00, 0x04, 0x00, 0x00, 0x00, 0x01, 0x00, 0x00, 0x00,
  0x0a, 0x00, 0x00, 0x00, 0x01, 0x00, 0x00, 0x00, 0x10, 0x00, 0x00, 0x00,
  0xea, 0xe2, 0xff, 0xff, 0x00, 0x00, 0x00, 0x01, 0x14, 0x00, 0x00, 0x00,
  0x34, 0x00, 0x00, 0x00, 0x19, 0x00, 0x00, 0x00, 0x00, 0x00, 0x00, 0x09,
  0xc4, 0x00, 0x00, 0x00, 0xd4, 0xe2, 0xff, 0xff, 0x08, 0x00, 0x00, 0x00,
  0x14, 0x00, 0x00, 0x00, 0x01, 0x00, 0x00, 0x00, 0x80, 0xff, 0xff, 0xff,
  0xff, 0xff, 0xff, 0xff, 0x00, 0x00, 0x00, 0x00, 0x01, 0x00, 0x00, 0x00,
  0xf0, 0x87, 0x74, 0x3e, 0x95, 0x00, 0x00, 0x00, 0x73, 0x65, 0x71, 0x75,
  0x65, 0x6e, 0x74, 0x69, 0x61, 0x6c, 0x5f, 0x35, 0x36, 0x5f, 0x31, 0x2f,
  0x63, 0x6f, 0x6e, 0x76, 0x32, 0x64, 0x5f, 0x32, 0x32, 0x38, 0x5f, 0x31,
  0x2f, 0x52, 0x65, 0x6c, 0x75, 0x3b, 0x73, 0x65, 0x71, 0x75, 0x65, 0x6e,
  0x74, 0x69, 0x61, 0x6c, 0x5f, 0x35, 0x36, 0x5f, 0x31, 0x2f, 0x63, 0x6f,
  0x6e, 0x76, 0x32, 0x64, 0x5f, 0x32, 0x32, 0x38, 0x5f, 0x31, 0x2f, 0x42,
  0x69, 0x61, 0x73, 0x41, 0x64, 0x64, 0x3b, 0x73, 0x65, 0x71, 0x75, 0x65,
  0x6e, 0x74, 0x69, 0x61, 0x6c, 0x5f, 0x35, 0x36, 0x5f, 0x31, 0x2f, 0x63,
  0x6f, 0x6e, 0x76, 0x32, 0x64, 0x5f, 0x32, 0x32, 0x38, 0x5f, 0x31, 0x2f,
  0x63, 0x6f, 0x6e, 0x76, 0x6f, 0x6c, 0x75, 0x74, 0x69, 0x6f, 0x6e, 0x3b,
  0x73, 0x65, 0x71, 0x75, 0x65, 0x6e, 0x74, 0x69, 0x61, 0x6c, 0x5f, 0x35,
  0x36, 0x5f, 0x31, 0x2f, 0x63, 0x6f, 0x6e, 0x76, 0x32, 0x64, 0x5f, 0x32,
  0x32, 0x38, 0x5f, 0x31, 0x2f, 0x53, 0x71, 0x75, 0x65, 0x65, 0x7a, 0x65,
  0x31, 0x00, 0x00, 0x00, 0x04, 0x00, 0x00, 0x00, 0x01, 0x00, 0x00, 0x00,
  0x0a, 0x00, 0x00, 0x00, 0x01, 0x00, 0x00, 0x00, 0x10, 0x00, 0x00, 0x00,
  0xda, 0xe3, 0xff, 0xff, 0x00, 0x00, 0x00, 0x01, 0x14, 0x00, 0x00, 0x00,
  0x34, 0x00, 0x00, 0x00, 0x18, 0x00, 0x00, 0x00, 0x00, 0x00, 0x00, 0x09,
  0xc4, 0x00, 0x00, 0x00, 0xc4, 0xe3, 0xff, 0xff, 0x08, 0x00, 0x00, 0x00,
  0x14, 0x00, 0x00, 0x00, 0x01, 0x00, 0x00, 0x00, 0x80, 0xff, 0xff, 0xff,
  0xff, 0xff, 0xff, 0xff, 0x00, 0x00, 0x00, 0x00, 0x01, 0x00, 0x00, 0x00,
  0xa1, 0xb6, 0xa0, 0x3e, 0x95, 0x00, 0x00, 0x00, 0x73, 0x65, 0x71, 0x75,
  0x65, 0x6e, 0x74, 0x69, 0x61, 0x6c, 0x5f, 0x35, 0x36, 0x5f, 0x31, 0x2f,
  0x63, 0x6f, 0x6e, 0x76, 0x32, 0x64, 0x5f, 0x32, 0x32, 0x37, 0x5f, 0x31,
  0x2f, 0x52, 0x65, 0x6c, 0x75, 0x3b, 0x73, 0x65, 0x71, 0x75, 0x65, 0x6e,
  0x74, 0x69, 0x61, 0x6c, 0x5f, 0x35, 0x36, 0x5f, 0x31, 0x2f, 0x63, 0x6f,
  0x6e, 0x76, 0x32, 0x64, 0x5f, 0x32, 0x32, 0x37, 0x5f, 0x31, 0x2f, 0x42,
  0x69, 0x61, 0x73, 0x41, 0x64, 0x64, 0x3b, 0x73, 0x65, 0x71, 0x75, 0x65,
  0x6e, 0x74, 0x69, 0x61, 0x6c, 0x5f, 0x35, 0x36, 0x5f, 0x31, 0x2f, 0x63,
  0x6f, 0x6e, 0x76, 0x32, 0x64, 0x5f, 0x32, 0x32, 0x37, 0x5f, 0x31, 0x2f,
  0x63, 0x6f, 0x6e, 0x76, 0x6f, 0x6c, 0x75, 0x74, 0x69, 0x6f, 0x6e, 0x3b,
  0x73, 0x65, 0x71, 0x75, 0x65, 0x6e, 0x74, 0x69, 0x61, 0x6c, 0x5f, 0x35,
  0x36, 0x5f, 0x31, 0x2f, 0x63, 0x6f, 0x6e, 0x76, 0x32, 0x64, 0x5f, 0x32,
  0x32, 0x37, 0x5f, 0x31, 0x2f, 0x53, 0x71, 0x75, 0x65, 0x65, 0x7a, 0x65,
  0x31, 0x00, 0x00, 0x00, 0x04, 0x00, 0x00, 0x00, 0x01, 0x00, 0x00, 0x00,
  0x0a, 0x00, 0x00, 0x00, 0x01, 0x00, 0x00, 0x00, 0x10, 0x00, 0x00, 0x00,
  0xca, 0xe4, 0xff, 0xff, 0x00, 0x00, 0x00, 0x01, 0x14, 0x00, 0x00, 0x00,
  0x34, 0x00, 0x00, 0x00, 0x17, 0x00, 0x00, 0x00, 0x00, 0x00, 0x00, 0x09,
  0xc4, 0x00, 0x00, 0x00, 0xb4, 0xe4, 0xff, 0xff, 0x08, 0x00, 0x00, 0x00,
  0x14, 0x00, 0x00, 0x00, 0x01, 0x00, 0x00, 0x00, 0x80, 0xff, 0xff, 0xff,
  0xff, 0xff, 0xff, 0xff, 0x00, 0x00, 0x00, 0x00, 0x01, 0x00, 0x00, 0x00,
  0xc7, 0x10, 0xb9, 0x3e, 0x95, 0x00, 0x00, 0x00, 0x73, 0x65, 0x71, 0x75,
  0x65, 0x6e, 0x74, 0x69, 0x61, 0x6c, 0x5f, 0x35, 0x36, 0x5f, 0x31, 0x2f,
  0x63, 0x6f, 0x6e, 0x76, 0x32, 0x64, 0x5f, 0x32, 0x32, 0x36, 0x5f, 0x31,
  0x2f, 0x52, 0x65, 0x6c, 0x75, 0x3b, 0x73, 0x65, 0x71, 0x75, 0x65, 0x6e,
  0x74, 0x69, 0x61, 0x6c, 0x5f, 0x35, 0x36, 0x5f, 0x31, 0x2f, 0x63, 0x6f,
  0x6e, 0x76, 0x32, 0x64, 0x5f, 0x32, 0x32, 0x36, 0x5f, 0x31, 0x2f, 0x42,
  0x69, 0x61, 0x73, 0x41, 0x64, 0x64, 0x3b, 0x73, 0x65, 0x71, 0x75, 0x65,
  0x6e, 0x74, 0x69, 0x61, 0x6c, 0x5f, 0x35, 0x36, 0x5f, 0x31, 0x2f, 0x63,
  0x6f, 0x6e, 0x76, 0x32, 0x64, 0x5f, 0x32, 0x32, 0x36, 0x5f, 0x31, 0x2f,
  0x63, 0x6f, 0x6e, 0x76, 0x6f, 0x6c, 0x75, 0x74, 0x69, 0x6f, 0x6e, 0x3b,
  0x73, 0x65, 0x71, 0x75, 0x65, 0x6e, 0x74, 0x69, 0x61, 0x6c, 0x5f, 0x35,
  0x36, 0x5f, 0x31, 0x2f, 0x63, 0x6f, 0x6e, 0x76, 0x32, 0x64, 0x5f, 0x32,
  0x32, 0x36, 0x5f, 0x31, 0x2f, 0x53, 0x71, 0x75, 0x65, 0x65, 0x7a, 0x65,
  0x31, 0x00, 0x00, 0x00, 0x04, 0x00, 0x00, 0x00, 0x01, 0x00, 0x00, 0x00,
  0x0a, 0x00, 0x00, 0x00, 0x01, 0x00, 0x00, 0x00, 0x10, 0x00, 0x00, 0x00,
  0xba, 0xe5, 0xff, 0xff, 0x00, 0x00, 0x00, 0x01, 0x14, 0x00, 0x00, 0x00,
  0x34, 0x00, 0x00, 0x00, 0x16, 0x00, 0x00, 0x00, 0x00, 0x00, 0x00, 0x09,
  0xc4, 0x00, 0x00, 0x00, 0xa4, 0xe5, 0xff, 0xff, 0x08, 0x00, 0x00, 0x00,
  0x14, 0x00, 0x00, 0x00, 0x01, 0x00, 0x00, 0x00, 0x80, 0xff, 0xff, 0xff,
  0xff, 0xff, 0xff, 0xff, 0x00, 0x00, 0x00, 0x00, 0x01, 0x00, 0x00, 0x00,
  0x0e, 0x69, 0xe9, 0x3e, 0x95, 0x00, 0x00, 0x00, 0x73, 0x65, 0x71, 0x75,
  0x65, 0x6e, 0x74, 0x69, 0x61, 0x6c, 0x5f, 0x35, 0x36, 0x5f, 0x31, 0x2f,
  0x63, 0x6f, 0x6e, 0x76, 0x32, 0x64, 0x5f, 0x32, 0x32, 0x35, 0x5f, 0x31,
  0x2f, 0x52, 0x65, 0x6c, 0x75, 0x3b, 0x73, 0x65, 0x71, 0x75, 0x65, 0x6e,
  0x74, 0x69, 0x61, 0x6c, 0x5f, 0x35, 0x36, 0x5f, 0x31, 0x2f, 0x63, 0x6f,
  0x6e, 0x76, 0x32, 0x64, 0x5f, 0x32, 0x32, 0x35, 0x5f, 0x31, 0x2f, 0x42,
  0x69, 0x61, 0x73, 0x41, 0x64, 0x64, 0x3b, 0x73, 0x65, 0x71, 0x75, 0x65,
  0x6e, 0x74, 0x69, 0x61, 0x6c, 0x5f, 0x35, 0x36, 0x5f, 0x31, 0x2f, 0x63,
  0x6f, 0x6e, 0x76, 0x32, 0x64, 0x5f, 0x32, 0x32, 0x35, 0x5f, 0x31, 0x2f,
  0x63, 0x6f, 0x6e, 0x76, 0x6f, 0x6c, 0x75, 0x74, 0x69, 0x6f, 0x6e, 0x3b,
  0x73, 0x65, 0x71, 0x75, 0x65, 0x6e, 0x74, 0x69, 0x61, 0x6c, 0x5f, 0x35,
  0x36, 0x5f, 0x31, 0x2f, 0x63, 0x6f, 0x6e, 0x76, 0x32, 0x64, 0x5f, 0x32,
  0x32, 0x35, 0x5f, 0x31, 0x2f, 0x53, 0x71, 0x75, 0x65, 0x65, 0x7a, 0x65,
  0x31, 0x00, 0x00, 0x00, 0x04, 0x00, 0x00, 0x00, 0x01, 0x00, 0x00, 0x00,
  0x0a, 0x00, 0x00, 0x00, 0x01, 0x00, 0x00, 0x00, 0x10, 0x00, 0x00, 0x00,
  0xaa, 0xe6, 0xff, 0xff, 0x00, 0x00, 0x00, 0x01, 0x14, 0x00, 0x00, 0x00,
  0x34, 0x00, 0x00, 0x00, 0x15, 0x00, 0x00, 0x00, 0x00, 0x00, 0x00, 0x09,
  0xc4, 0x00, 0x00, 0x00, 0x94, 0xe6, 0xff, 0xff, 0x08, 0x00, 0x00, 0x00,
  0x14, 0x00, 0x00, 0x00, 0x01, 0x00, 0x00, 0x00, 0x80, 0xff, 0xff, 0xff,
  0xff, 0xff, 0xff, 0xff, 0x00, 0x00, 0x00, 0x00, 0x01, 0x00, 0x00, 0x00,
  0x69, 0x6a, 0x08, 0x3f, 0x95, 0x00, 0x00, 0x00, 0x73, 0x65, 0x71, 0x75,
  0x65, 0x6e, 0x74, 0x69, 0x61, 0x6c, 0x5f, 0x35, 0x36, 0x5f, 0x31, 0x2f,
  0x63, 0x6f, 0x6e, 0x76, 0x32, 0x64, 0x5f, 0x32, 0x32, 0x34, 0x5f, 0x31,
  0x2f, 0x52, 0x65, 0x6c, 0x75, 0x3b, 0x73, 0x65, 0x71, 0x75, 0x65, 0x6e,
  0x74, 0x69, 0x61, 0x6c, 0x5f, 0x35, 0x36, 0x5f, 0x31, 0x2f, 0x63, 0x6f,
  0x6e, 0x76, 0x32, 0x64, 0x5f, 0x32, 0x32, 0x34, 0x5f, 0x31, 0x2f, 0x42,
  0x69, 0x61, 0x73, 0x41, 0x64, 0x64, 0x3b, 0x73, 0x65, 0x71, 0x75, 0x65,
  0x6e, 0x74, 0x69, 0x61, 0x6c, 0x5f, 0x35, 0x36, 0x5f, 0x31, 0x2f, 0x63,
  0x6f, 0x6e, 0x76, 0x32, 0x64, 0x5f, 0x32, 0x32, 0x34, 0x5f, 0x31, 0x2f,
  0x63, 0x6f, 0x6e, 0x76, 0x6f, 0x6c, 0x75, 0x74, 0x69, 0x6f, 0x6e, 0x3b,
  0x73, 0x65, 0x71, 0x75, 0x65, 0x6e, 0x74, 0x69, 0x61, 0x6c, 0x5f, 0x35,
  0x36, 0x5f, 0x31, 0x2f, 0x63, 0x6f, 0x6e, 0x76, 0x32, 0x64, 0x5f, 0x32,
  0x32, 0x34, 0x5f, 0x31, 0x2f, 0x53, 0x71, 0x75, 0x65, 0x65, 0x7a, 0x65,
  0x31, 0x00, 0x00, 0x00, 0x04, 0x00, 0x00, 0x00, 0x01, 0x00, 0x00, 0x00,
  0x0a, 0x00, 0x00, 0x00, 0x01, 0x00, 0x00, 0x00, 0x10, 0x00, 0x00, 0x00,
  0x9a, 0xe7, 0xff, 0xff, 0x00, 0x00, 0x00, 0x01, 0x14, 0x00, 0x00, 0x00,
  0xe8, 0x00, 0x00, 0x00, 0x14, 0x00, 0x00, 0x00, 0x00, 0x00, 0x00, 0x09,
  0x0c, 0x01, 0x00, 0x00, 0x84, 0xe7, 0xff, 0xff, 0x08, 0x00, 0x00, 0x00,
  0x8c, 0x00, 0x00, 0x00, 0x10, 0x00, 0x00, 0x00, 0x00, 0x00, 0x00, 0x00,
  0x00, 0x00, 0x00, 0x00, 0x00, 0x00, 0x00, 0x00, 0x00, 0x00, 0x00, 0x00,
  0x00, 0x00, 0x00, 0x00, 0x00, 0x00, 0x00, 0x00, 0x00, 0x00, 0x00, 0x00,
  0x00, 0x00, 0x00, 0x00, 0x00, 0x00, 0x00, 0x00, 0x00, 0x00, 0x00, 0x00,
  0x00, 0x00, 0x00, 0x00, 0x00, 0x00, 0x00, 0x00, 0x00, 0x00, 0x00, 0x00,
  0x00, 0x00, 0x00, 0x00, 0x00, 0x00, 0x00, 0x00, 0x00, 0x00, 0x00, 0x00,
  0x00, 0x00, 0x00, 0x00, 0x00, 0x00, 0x00, 0x00, 0x00, 0x00, 0x00, 0x00,
  0x00, 0x00, 0x00, 0x00, 0x00, 0x00, 0x00, 0x00, 0x00, 0x00, 0x00, 0x00,
  0x00, 0x00, 0x00, 0x00, 0x00, 0x00, 0x00, 0x00, 0x00, 0x00, 0x00, 0x00,
  0x00, 0x00, 0x00, 0x00, 0x00, 0x00, 0x00, 0x00, 0x00, 0x00, 0x00, 0x00,
  0x00, 0x00, 0x00, 0x00, 0x00, 0x00, 0x00, 0x00, 0x00, 0x00, 0x00, 0x00,
  0x00, 0x00, 0x00, 0x00, 0x00, 0x00, 0x00, 0x00, 0x10, 0x00, 0x00, 0x00,
  0x5b, 0xdd, 0x16, 0x3b, 0x85, 0xcf, 0x14, 0x3b, 0x1b, 0x2d, 0x0d, 0x3b,
  0x1f, 0x3a, 0x08, 0x3b, 0x4d, 0xc6, 0x11, 0x3b, 0xa3, 0x88, 0x10, 0x3b,
  0x44, 0x5a, 0x14, 0x3b, 0xc2, 0x6b, 0x0e, 0x3b, 0x4f, 0x56, 0x0a, 0x3b,
  0x3b, 0xa5, 0x15, 0x3b, 0x35, 0xbb, 0x13, 0x3b, 0x23, 0x47, 0x14, 0x3b,
  0x8b, 0xd6, 0x11, 0x3b, 0xc4, 0xc6, 0x10, 0x3b, 0x66, 0x2d, 0x11, 0x3b,
  0x7c, 0xf6, 0x0b, 0x3b, 0x28, 0x00, 0x00, 0x00, 0x73, 0x65, 0x71, 0x75,
  0x65, 0x6e, 0x74, 0x69, 0x61, 0x6c, 0x5f, 0x35, 0x36, 0x5f, 0x31, 0x2f,
  0x63, 0x6f, 0x6e, 0x76, 0x32, 0x64, 0x5f, 0x32, 0x32, 0x34, 0x5f, 0x31,
  0x2f, 0x63, 0x6f, 0x6e, 0x76, 0x6f, 0x6c, 0x75, 0x74, 0x69, 0x6f, 0x6e,
  0x00, 0x00, 0x00, 0x00, 0x04, 0x00, 0x00, 0x00, 0x10, 0x00, 0x00, 0x00,
  0x03, 0x00, 0x00, 0x00, 0x01, 0x00, 0x00, 0x00, 0x09, 0x00, 0x00, 0x00,
  0xd2, 0xe8, 0xff, 0xff, 0x00, 0x00, 0x00, 0x01, 0x14, 0x00, 0x00, 0x00,
  0xe8, 0x00, 0x00, 0x00, 0x13, 0x00, 0x00, 0x00, 0x00, 0x00, 0x00, 0x02,
  0x78, 0x01, 0x00, 0x00, 0xbc, 0xe8, 0xff, 0xff, 0x08, 0x00, 0x00, 0x00,
  0x8c, 0x00, 0x00, 0x00, 0x10, 0x00, 0x00, 0x00, 0x00, 0x00, 0x00, 0x00,
  0x00, 0x00, 0x00, 0x00, 0x00, 0x00, 0x00, 0x00, 0x00, 0x00, 0x00, 0x00,
  0x00, 0x00, 0x00, 0x00, 0x00, 0x00, 0x00, 0x00, 0x00, 0x00, 0x00, 0x00,
  0x00, 0x00, 0x00, 0x00, 0x00, 0x00, 0x00, 0x00, 0x00, 0x00, 0x00, 0x00,
  0x00, 0x00, 0x00, 0x00, 0x00, 0x00, 0x00, 0x00, 0x00, 0x00, 0x00, 0x00,
  0x00, 0x00, 0x00, 0x00, 0x00, 0x00, 0x00, 0x00, 0x00, 0x00, 0x00, 0x00,
  0x00, 0x00, 0x00, 0x00, 0x00, 0x00, 0x00, 0x00, 0x00, 0x00, 0x00, 0x00,
  0x00, 0x00, 0x00, 0x00, 0x00, 0x00, 0x00, 0x00, 0x00, 0x00, 0x00, 0x00,
  0x00, 0x00, 0x00, 0x00, 0x00, 0x00, 0x00, 0x00, 0x00, 0x00, 0x00, 0x00,
  0x00, 0x00, 0x00, 0x00, 0x00, 0x00, 0x00, 0x00, 0x00, 0x00, 0x00, 0x00,
  0x00, 0x00, 0x00, 0x00, 0x00, 0x00, 0x00, 0x00, 0x00, 0x00, 0x00, 0x00,
  0x00, 0x00, 0x00, 0x00, 0x00, 0x00, 0x00, 0x00, 0x10, 0x00, 0x00, 0x00,
  0x4d, 0xb5, 0x90, 0x3b, 0xec, 0xbc, 0x8e, 0x3b, 0x44, 0x6a, 0x87, 0x3b,
  0xfc, 0xaa, 0x82, 0x3b, 0x6c, 0xd3, 0x8b, 0x3b, 0xb8, 0xa2, 0x8a, 0x3b,
  0x74, 0x4c, 0x8e, 0x3b, 0xea, 0x9b, 0x88, 0x3b, 0x21, 0xb1, 0x84, 0x3b,
  0xea, 0x89, 0x8f, 0x3b, 0xe3, 0xb3, 0x8d, 0x3b, 0x1b, 0x3a, 0x8e, 0x3b,
  0x00, 0xe3, 0x8b, 0x3b, 0x50, 0xde, 0x8a, 0x3b, 0xc2, 0x40, 0x8b, 0x3b,
  0x52, 0x40, 0x86, 0x3b, 0x94, 0x00, 0x00, 0x00, 0x73, 0x65, 0x71, 0x75,
  0x65, 0x6e, 0x74, 0x69, 0x61, 0x6c, 0x5f, 0x35, 0x36, 0x5f, 0x31, 0x2f,
  0x63, 0x6f, 0x6e, 0x76, 0x32, 0x64, 0x5f, 0x32, 0x32, 0x34, 0x5f, 0x31,
  0x2f, 0x52, 0x65, 0x6c, 0x75, 0x3b, 0x73, 0x65, 0x71, 0x75, 0x65, 0x6e,
  0x74, 0x69, 0x61, 0x6c, 0x5f, 0x35, 0x36, 0x5f, 0x31, 0x2f, 0x63, 0x6f,
  0x6e, 0x76, 0x32, 0x64, 0x5f, 0x32, 0x32, 0x34, 0x5f, 0x31, 0x2f, 0x42,
  0x69, 0x61, 0x73, 0x41, 0x64, 0x64, 0x3b, 0x73, 0x65, 0x71, 0x75, 0x65,
  0x6e, 0x74, 0x69, 0x61, 0x6c, 0x5f, 0x35, 0x36, 0x5f, 0x31, 0x2f, 0x63,
  0x6f, 0x6e, 0x76, 0x32, 0x64, 0x5f, 0x32, 0x32, 0x34, 0x5f, 0x31, 0x2f,
  0x63, 0x6f, 0x6e, 0x76, 0x6f, 0x6c, 0x75, 0x74, 0x69, 0x6f, 0x6e, 0x3b,
  0x73, 0x65, 0x71, 0x75, 0x65, 0x6e, 0x74, 0x69, 0x61, 0x6c, 0x5f, 0x35,
  0x36, 0x5f, 0x31, 0x2f, 0x63, 0x6f, 0x6e, 0x76, 0x32, 0x64, 0x5f, 0x32,
  0x32, 0x34, 0x5f, 0x31, 0x2f, 0x53, 0x71, 0x75, 0x65, 0x65, 0x7a, 0x65,
  0x00, 0x00, 0x00, 0x00, 0x01, 0x00, 0x00, 0x00, 0x10, 0x00, 0x00, 0x00,
  0x6a, 0xea, 0xff, 0xff, 0x00, 0x00, 0x00, 0x01, 0x14, 0x00, 0x00, 0x00,
  0xe8, 0x00, 0x00, 0x00, 0x12, 0x00, 0x00, 0x00, 0x00, 0x00, 0x00, 0x09,
  0x0c, 0x01, 0x00, 0x00, 0x54, 0xea, 0xff, 0xff, 0x08, 0x00, 0x00, 0x00,
  0x8c, 0x00, 0x00, 0x00, 0x10, 0x00, 0x00, 0x00, 0x00, 0x00, 0x00, 0x00,
  0x00, 0x00, 0x00, 0x00, 0x00, 0x00, 0x00, 0x00, 0x00, 0x00, 0x00, 0x00,
  0x00, 0x00, 0x00, 0x00, 0x00, 0x00, 0x00, 0x00, 0x00, 0x00, 0x00, 0x00,
  0x00, 0x00, 0x00, 0x00, 0x00, 0x00, 0x00, 0x00, 0x00, 0x00, 0x00, 0x00,
  0x00, 0x00, 0x00, 0x00, 0x00, 0x00, 0x00, 0x00, 0x00, 0x00, 0x00, 0x00,
  0x00, 0x00, 0x00, 0x00, 0x00, 0x00, 0x00, 0x00, 0x00, 0x00, 0x00, 0x00,
  0x00, 0x00, 0x00, 0x00, 0x00, 0x00, 0x00, 0x00, 0x00, 0x00, 0x00, 0x00,
  0x00, 0x00, 0x00, 0x00, 0x00, 0x00, 0x00, 0x00, 0x00, 0x00, 0x00, 0x00,
  0x00, 0x00, 0x00, 0x00, 0x00, 0x00, 0x00, 0x00, 0x00, 0x00, 0x00, 0x00,
  0x00, 0x00, 0x00, 0x00, 0x00, 0x00, 0x00, 0x00, 0x00, 0x00, 0x00, 0x00,
  0x00, 0x00, 0x00, 0x00, 0x00, 0x00, 0x00, 0x00, 0x00, 0x00, 0x00, 0x00,
  0x00, 0x00, 0x00, 0x00, 0x00, 0x00, 0x00, 0x00, 0x10, 0x00, 0x00, 0x00,
  0xeb, 0x22, 0xf3, 0x3a, 0x2f, 0x08, 0xf0, 0x3a, 0xac, 0xf6, 0xe2, 0x3a,
  0xab, 0x04, 0x03, 0x3b, 0x46, 0x24, 0x07, 0x3b, 0x3c, 0x50, 0x0c, 0x3b,
  0xd0, 0x52, 0x00, 0x3b, 0x9e, 0x70, 0x09, 0x3b, 0x28, 0x46, 0x00, 0x3b,
  0x3c, 0x81, 0x02, 0x3b, 0x67, 0x1e, 0xf7, 0x3a, 0x3d, 0xa7, 0x04, 0x3b,
  0x43, 0x66, 0x04, 0x3b, 0xcc, 0x41, 0xfd, 0x3a, 0xd4, 0x02, 0x07, 0x3b,
  0x3b, 0xd1, 0x01, 0x3b, 0x28, 0x00, 0x00, 0x00, 0x73, 0x65, 0x71, 0x75,
  0x65, 0x6e, 0x74, 0x69, 0x61, 0x6c, 0x5f, 0x35, 0x36, 0x5f, 0x31, 0x2f,
  0x63, 0x6f, 0x6e, 0x76, 0x32, 0x64, 0x5f, 0x32, 0x32, 0x35, 0x5f, 0x31,
  0x2f, 0x63, 0x6f, 0x6e, 0x76, 0x6f, 0x6c, 0x75, 0x74, 0x69, 0x6f, 0x6e,
  0x00, 0x00, 0x00, 0x00, 0x04, 0x00, 0x00, 0x00, 0x10, 0x00, 0x00, 0x00,
  0x03, 0x00, 0x00, 0x00, 0x01, 0x00, 0x00, 0x00, 0x10, 0x00, 0x00, 0x00,
  0xa2, 0xeb, 0xff, 0xff, 0x00, 0x00, 0x00, 0x01, 0x14, 0x00, 0x00, 0x00,
  0xe8, 0x00, 0x00, 0x00, 0x11, 0x00, 0x00, 0x00, 0x00, 0x00, 0x00, 0x02,
  0x78, 0x01, 0x00, 0x00, 0x8c, 0xeb, 0xff, 0xff, 0x08, 0x00, 0x00, 0x00,
  0x8c, 0x00, 0x00, 0x00, 0x10, 0x00, 0x00, 0x00, 0x00, 0x00, 0x00, 0x00,
  0x00, 0x00, 0x00, 0x00, 0x00, 0x00, 0x00, 0x00, 0x00, 0x00, 0x00, 0x00,
  0x00, 0x00, 0x00, 0x00, 0x00, 0x00, 0x00, 0x00, 0x00, 0x00, 0x00, 0x00,
  0x00, 0x00, 0x00, 0x00, 0x00, 0x00, 0x00, 0x00, 0x00, 0x00, 0x00, 0x00,
  0x00, 0x00, 0x00, 0x00, 0x00, 0x00, 0x00, 0x00, 0x00, 0x00, 0x00, 0x00,
  0x00, 0x00, 0x00, 0x00, 0x00, 0x00, 0x00, 0x00, 0x00, 0x00, 0x00, 0x00,
  0x00, 0x00, 0x00, 0x00, 0x00, 0x00, 0x00, 0x00, 0x00, 0x00, 0x00, 0x00,
  0x00, 0x00, 0x00, 0x00, 0x00, 0x00, 0x00, 0x00, 0x00, 0x00, 0x00, 0x00,
  0x00, 0x00, 0x00, 0x00, 0x00, 0x00, 0x00, 0x00, 0x00, 0x00, 0x00, 0x00,
  0x00, 0x00, 0x00, 0x00, 0x00, 0x00, 0x00, 0x00, 0x00, 0x00, 0x00, 0x00,
  0x00, 0x00, 0x00, 0x00, 0x00, 0x00, 0x00, 0x00, 0x00, 0x00, 0x00, 0x00,
  0x00, 0x00, 0x00, 0x00, 0x00, 0x00, 0x00, 0x00, 0x10, 0x00, 0x00, 0x00,
  0x9d, 0x8f, 0x81, 0x3a, 0x3e, 0xd0, 0x7f, 0x3a, 0xc5, 0xe2, 0x71, 0x3a,
  0xe1, 0xa1, 0x8b, 0x3a, 0xe3, 0x06, 0x90, 0x3a, 0xe5, 0x89, 0x95, 0x3a,
  0xab, 0xc2, 0x88, 0x3a, 0xea, 0x79, 0x92, 0x3a, 0x2e, 0xb5, 0x88, 0x3a,
  0xce, 0x15, 0x8b, 0x3a, 0xdf, 0xae, 0x83, 0x3a, 0xf8, 0x5f, 0x8d, 0x3a,
  0xb8, 0x1a, 0x8d, 0x3a, 0x39, 0xf4, 0x86, 0x3a, 0x3e, 0xe3, 0x8f, 0x3a,
  0x3a, 0x5a, 0x8a, 0x3a, 0x94, 0x00, 0x00, 0x00, 0x73, 0x65, 0x71, 0x75,
  0x65, 0x6e, 0x74, 0x69, 0x61, 0x6c, 0x5f, 0x35, 0x36, 0x5f, 0x31, 0x2f,
  0x63, 0x6f, 0x6e, 0x76, 0x32, 0x64, 0x5f, 0x32, 0x32, 0x35, 0x5f, 0x31,
  0x2f, 0x52, 0x65, 0x6c, 0x75, 0x3b, 0x73, 0x65, 0x71, 0x75, 0x65, 0x6e,
  0x74, 0x69, 0x61, 0x6c, 0x5f, 0x35, 0x36, 0x5f, 0x31, 0x2f, 0x63, 0x6f,
  0x6e, 0x76, 0x32, 0x64, 0x5f, 0x32, 0x32, 0x35, 0x5f, 0x31, 0x2f, 0x42,
  0x69, 0x61, 0x73, 0x41, 0x64, 0x64, 0x3b, 0x73, 0x65, 0x71, 0x75, 0x65,
  0x6e, 0x74, 0x69, 0x61, 0x6c, 0x5f, 0x35, 0x36, 0x5f, 0x31, 0x2f, 0x63,
  0x6f, 0x6e, 0x76, 0x32, 0x64, 0x5f, 0x32, 0x32, 0x35, 0x5f, 0x31, 0x2f,
  0x63, 0x6f, 0x6e, 0x76, 0x6f, 0x6c, 0x75, 0x74, 0x69, 0x6f, 0x6e, 0x3b,
  0x73, 0x65, 0x71, 0x75, 0x65, 0x6e, 0x74, 0x69, 0x61, 0x6c, 0x5f, 0x35,
  0x36, 0x5f, 0x31, 0x2f, 0x63, 0x6f, 0x6e, 0x76, 0x32, 0x64, 0x5f, 0x32,
  0x32, 0x35, 0x5f, 0x31, 0x2f, 0x53, 0x71, 0x75, 0x65, 0x65, 0x7a, 0x65,
  0x00, 0x00, 0x00, 0x00, 0x01, 0x00, 0x00, 0x00, 0x10, 0x00, 0x00, 0x00,
  0x3a, 0xed, 0xff, 0xff, 0x00, 0x00, 0x00, 0x01, 0x14, 0x00, 0x00, 0x00,
  0xe8, 0x00, 0x00, 0x00, 0x10, 0x00, 0x00, 0x00, 0x00, 0x00, 0x00, 0x09,
  0x0c, 0x01, 0x00, 0x00, 0x24, 0xed, 0xff, 0xff, 0x08, 0x00, 0x00, 0x00,
  0x8c, 0x00, 0x00, 0x00, 0x10, 0x00, 0x00, 0x00, 0x00, 0x00, 0x00, 0x00,
  0x00, 0x00, 0x00, 0x00, 0x00, 0x00, 0x00, 0x00, 0x00, 0x00, 0x00, 0x00,
  0x00, 0x00, 0x00, 0x00, 0x00, 0x00, 0x00, 0x00, 0x00, 0x00, 0x00, 0x00,
  0x00, 0x00, 0x00, 0x00, 0x00, 0x00, 0x00, 0x00, 0x00, 0x00, 0x00, 0x00,
  0x00, 0x00, 0x00, 0x00, 0x00, 0x00, 0x00, 0x00, 0x00, 0x00, 0x00, 0x00,
  0x00, 0x00, 0x00, 0x00, 0x00, 0x00, 0x00, 0x00, 0x00, 0x00, 0x00, 0x00,
  0x00, 0x00, 0x00, 0x00, 0x00, 0x00, 0x00, 0x00, 0x00, 0x00, 0x00, 0x00,
  0x00, 0x00, 0x00, 0x00, 0x00, 0x00, 0x00, 0x00, 0x00, 0x00, 0x00, 0x00,
  0x00, 0x00, 0x00, 0x00, 0x00, 0x00, 0x00, 0x00, 0x00, 0x00, 0x00, 0x00,
  0x00, 0x00, 0x00, 0x00, 0x00, 0x00, 0x00, 0x00, 0x00, 0x00, 0x00, 0x00,
  0x00, 0x00, 0x00, 0x00, 0x00, 0x00, 0x00, 0x00, 0x00, 0x00, 0x00, 0x00,
  0x00, 0x00, 0x00, 0x00, 0x00, 0x00, 0x00, 0x00, 0x10, 0x00, 0x00, 0x00,
  0x45, 0x03, 0x09, 0x3b, 0x50, 0x44, 0xfa, 0x3a, 0xd7, 0xe1, 0x0a, 0x3b,
  0x88, 0x84, 0x04, 0x3b, 0x7e, 0x85, 0x01, 0x3b, 0x27, 0x23, 0x01, 0x3b,
  0x33, 0xf3, 0x06, 0x3b, 0x34, 0xd8, 0x01, 0x3b, 0x0d, 0xd1, 0x08, 0x3b,
  0x23, 0x70, 0x05, 0x3b, 0xa0, 0x48, 0x03, 0x3b, 0x0e, 0xd2, 0xff, 0x3a,
  0xa0, 0x88, 0x05, 0x3b, 0x90, 0xae, 0x02, 0x3b, 0x70, 0x8c, 0x01, 0x3b,
  0x4f, 0x78, 0x02, 0x3b, 0x28, 0x00, 0x00, 0x00, 0x73, 0x65, 0x71, 0x75,
  0x65, 0x6e, 0x74, 0x69, 0x61, 0x6c, 0x5f, 0x35, 0x36, 0x5f, 0x31, 0x2f,
  0x63, 0x6f, 0x6e, 0x76, 0x32, 0x64, 0x5f, 0x32, 0x32, 0x36, 0x5f, 0x31,
  0x2f, 0x63, 0x6f, 0x6e, 0x76, 0x6f, 0x6c, 0x75, 0x74, 0x69, 0x6f, 0x6e,
  0x00, 0x00, 0x00, 0x00, 0x04, 0x00, 0x00, 0x00, 0x10, 0x00, 0x00, 0x00,
  0x03, 0x00, 0x00, 0x00, 0x01, 0x00, 0x00, 0x00, 0x10, 0x00, 0x00, 0x00,
  0x72, 0xee, 0xff, 0xff, 0x00, 0x00, 0x00, 0x01, 0x14, 0x00, 0x00, 0x00,
  0xe8, 0x00, 0x00, 0x00, 0x0f, 0x00, 0x00, 0x00, 0x00, 0x00, 0x00, 0x02,
  0x78, 0x01, 0x00, 0x00, 0x5c, 0xee, 0xff, 0xff, 0x08, 0x00, 0x00, 0x00,
  0x8c, 0x00, 0x00, 0x00, 0x10, 0x00, 0x00, 0x00, 0x00, 0x00, 0x00, 0x00,
  0x00, 0x00, 0x00, 0x00, 0x00, 0x00, 0x00, 0x00, 0x00, 0x00, 0x00, 0x00,
  0x00, 0x00, 0x00, 0x00, 0x00, 0x00, 0x00, 0x00, 0x00, 0x00, 0x00, 0x00,
  0x00, 0x00, 0x00, 0x00, 0x00, 0x00, 0x00, 0x00, 0x00, 0x00, 0x00, 0x00,
  0x00, 0x00, 0x00, 0x00, 0x00, 0x00, 0x00, 0x00, 0x00, 0x00, 0x00, 0x00,
  0x00, 0x00, 0x00, 0x00, 0x00, 0x00, 0x00, 0x00, 0x00, 0x00, 0x00, 0x00,
  0x00, 0x00, 0x00, 0x00, 0x00, 0x00, 0x00, 0x00, 0x00, 0x00, 0x00, 0x00,
  0x00, 0x00, 0x00, 0x00, 0x00, 0x00, 0x00, 0x00, 0x00, 0x00, 0x00, 0x00,
  0x00, 0x00, 0x00, 0x00, 0x00, 0x00, 0x00, 0x00, 0x00, 0x00, 0x00, 0x00,
  0x00, 0x00, 0x00, 0x00, 0x00, 0x00, 0x00, 0x00, 0x00, 0x00, 0x00, 0x00,
  0x00, 0x00, 0x00, 0x00, 0x00, 0x00, 0x00, 0x00, 0x00, 0x00, 0x00, 0x00,
  0x00, 0x00, 0x00, 0x00, 0x00, 0x00, 0x00, 0x00, 0x10, 0x00, 0x00, 0x00,
  0x67, 0xd8, 0x79, 0x3a, 0xe1, 0x2e, 0x64, 0x3a, 0x16, 0x41, 0x7d, 0x3a,
  0x03, 0xa6, 0x71, 0x3a, 0x4d, 0x2f, 0x6c, 0x3a, 0xfa, 0x7b, 0x6b, 0x3a,
  0x75, 0x15, 0x76, 0x3a, 0x20, 0xc6, 0x6c, 0x3a, 0xd4, 0x7c, 0x79, 0x3a,
  0xa4, 0x53, 0x73, 0x3a, 0xf3, 0x65, 0x6f, 0x3a, 0x2a, 0x3f, 0x69, 0x3a,
  0x4c, 0x80, 0x73, 0x3a, 0x04, 0x4d, 0x6e, 0x3a, 0xf7, 0x3b, 0x6c, 0x3a,
  0x15, 0xea, 0x6d, 0x3a, 0x94, 0x00, 0x00, 0x00, 0x73, 0x65, 0x71, 0x75,
  0x65, 0x6e, 0x74, 0x69, 0x61, 0x6c, 0x5f, 0x35, 0x36, 0x5f, 0x31, 0x2f,
  0x63, 0x6f, 0x6e, 0x76, 0x32, 0x64, 0x5f, 0x32, 0x32, 0x36, 0x5f, 0x31,
  0x2f, 0x52, 0x65, 0x6c, 0x75, 0x3b, 0x73, 0x65, 0x71, 0x75, 0x65, 0x6e,
  0x74, 0x69, 0x61, 0x6c, 0x5f, 0x35, 0x36, 0x5f, 0x31, 0x2f, 0x63, 0x6f,
  0x6e, 0x76, 0x32, 0x64, 0x5f, 0x32, 0x32, 0x36, 0x5f, 0x31, 0x2f, 0x42,
  0x69, 0x61, 0x73, 0x41, 0x64, 0x64, 0x3b, 0x73, 0x65, 0x71, 0x75, 0x65,
  0x6e, 0x74, 0x69, 0x61, 0x6c, 0x5f, 0x35, 0x36, 0x5f, 0x31, 0x2f, 0x63,
  0x6f, 0x6e, 0x76, 0x32, 0x64, 0x5f, 0x32, 0x32, 0x36, 0x5f, 0x31, 0x2f,
  0x63, 0x6f, 0x6e, 0x76, 0x6f, 0x6c, 0x75, 0x74, 0x69, 0x6f, 0x6e, 0x3b,
  0x73, 0x65, 0x71, 0x75, 0x65, 0x6e, 0x74, 0x69, 0x61, 0x6c, 0x5f, 0x35,
  0x36, 0x5f, 0x31, 0x2f, 0x63, 0x6f, 0x6e, 0x76, 0x32, 0x64, 0x5f, 0x32,
  0x32, 0x36, 0x5f, 0x31, 0x2f, 0x53, 0x71, 0x75, 0x65, 0x65, 0x7a, 0x65,
  0x00, 0x00, 0x00, 0x00, 0x01, 0x00, 0x00, 0x00, 0x10, 0x00, 0x00, 0x00,
  0x0a, 0xf0, 0xff, 0xff, 0x00, 0x00, 0x00, 0x01, 0x14, 0x00, 0x00, 0x00,
  0xe8, 0x00, 0x00, 0x00, 0x0e, 0x00, 0x00, 0x00, 0x00, 0x00, 0x00, 0x09,
  0x0c, 0x01, 0x00, 0x00, 0xf4, 0xef, 0xff, 0xff, 0x08, 0x00, 0x00, 0x00,
  0x8c, 0x00, 0x00, 0x00, 0x10, 0x00, 0x00, 0x00, 0x00, 0x00, 0x00, 0x00,
  0x00, 0x00, 0x00, 0x00, 0x00, 0x00, 0x00, 0x00, 0x00, 0x00, 0x00, 0x00,
  0x00, 0x00, 0x00, 0x00, 0x00, 0x00, 0x00, 0x00, 0x00, 0x00, 0x00, 0x00,
  0x00, 0x00, 0x00, 0x00, 0x00, 0x00, 0x00, 0x00, 0x00, 0x00, 0x00, 0x00,
  0x00, 0x00, 0x00, 0x00, 0x00, 0x00, 0x00, 0x00, 0x00, 0x00, 0x00, 0x00,
  0x00, 0x00, 0x00, 0x00, 0x00, 0x00, 0x00, 0x00, 0x00, 0x00, 0x00, 0x00,
  0x00, 0x00, 0x00, 0x00, 0x00, 0x00, 0x00, 0x00, 0x00, 0x00, 0x00, 0x00,
  0x00, 0x00, 0x00, 0x00, 0x00, 0x00, 0x00, 0x00, 0x00, 0x00, 0x00, 0x00,
  0x00, 0x00, 0x00, 0x00, 0x00, 0x00, 0x00, 0x00, 0x00, 0x00, 0x00, 0x00,
  0x00, 0x00, 0x00, 0x00, 0x00, 0x00, 0x00, 0x00, 0x00, 0x00, 0x00, 0x00,
  0x00, 0x00, 0x00, 0x00, 0x00, 0x00, 0x00, 0x00, 0x00, 0x00, 0x00, 0x00,
  0x00, 0x00, 0x00, 0x00, 0x00, 0x00, 0x00, 0x00, 0x10, 0x00, 0x00, 0x00,
  0x9c, 0xf7, 0xdd, 0x3a, 0x8a, 0x3a, 0xf6, 0x3a, 0x7d, 0x2d, 0xfd, 0x3a,
  0x1b, 0x57, 0x00, 0x3b, 0x25, 0x9b, 0xfa, 0x3a, 0xd8, 0x62, 0xfb, 0x3a,
  0x25, 0x3d, 0xff, 0x3a, 0x15, 0x85, 0xff, 0x3a, 0x17, 0xd3, 0x03, 0x3b,
  0x9a, 0x31, 0xf2, 0x3a, 0x6f, 0xc4, 0xfc, 0x3a, 0xfa, 0x35, 0x00, 0x3b,
  0x02, 0xd5, 0xff, 0x3a, 0x91, 0x43, 0xf9, 0x3a, 0xbc, 0xb8, 0xfe, 0x3a,
  0x95, 0xa1, 0x00, 0x3b, 0x28, 0x00, 0x00, 0x00, 0x73, 0x65, 0x71, 0x75,
  0x65, 0x6e, 0x74, 0x69, 0x61, 0x6c, 0x5f, 0x35, 0x36, 0x5f, 0x31, 0x2f,
  0x63, 0x6f, 0x6e, 0x76, 0x32, 0x64, 0x5f, 0x32, 0x32, 0x37, 0x5f, 0x31,
  0x2f, 0x63, 0x6f, 0x6e, 0x76, 0x6f, 0x6c, 0x75, 0x74, 0x69, 0x6f, 0x6e,
  0x00, 0x00, 0x00, 0x00, 0x04, 0x00, 0x00, 0x00, 0x10, 0x00, 0x00, 0x00,
  0x03, 0x00, 0x00, 0x00, 0x01, 0x00, 0x00, 0x00, 0x10, 0x00, 0x00, 0x00,
  0x42, 0xf1, 0xff, 0xff, 0x00, 0x00, 0x00, 0x01, 0x14, 0x00, 0x00, 0x00,
  0xe8, 0x00, 0x00, 0x00, 0x0d, 0x00, 0x00, 0x00, 0x00, 0x00, 0x00, 0x02,
  0x78, 0x01, 0x00, 0x00, 0x2c, 0xf1, 0xff, 0xff, 0x08, 0x00, 0x00, 0x00,
  0x8c, 0x00, 0x00, 0x00, 0x10, 0x00, 0x00, 0x00, 0x00, 0x00, 0x00, 0x00,
  0x00, 0x00, 0x00, 0x00, 0x00, 0x00, 0x00, 0x00, 0x00, 0x00, 0x00, 0x00,
  0x00, 0x00, 0x00, 0x00, 0x00, 0x00, 0x00, 0x00, 0x00, 0x00, 0x00, 0x00,
  0x00, 0x00, 0x00, 0x00, 0x00, 0x00, 0x00, 0x00, 0x00, 0x00, 0x00, 0x00,
  0x00, 0x00, 0x00, 0x00, 0x00, 0x00, 0x00, 0x00, 0x00, 0x00, 0x00, 0x00,
  0x00, 0x00, 0x00, 0x00, 0x00, 0x00, 0x00, 0x00, 0x00, 0x00, 0x00, 0x00,
  0x00, 0x00, 0x00, 0x00, 0x00, 0x00, 0x00, 0x00, 0x00, 0x00, 0x00, 0x00,
  0x00, 0x00, 0x00, 0x00, 0x00, 0x00, 0x00, 0x00, 0x00, 0x00, 0x00, 0x00,
  0x00, 0x00, 0x00, 0x00, 0x00, 0x00, 0x00, 0x00, 0x00, 0x00, 0x00, 0x00,
  0x00, 0x00, 0x00, 0x00, 0x00, 0x00, 0x00, 0x00, 0x00, 0x00, 0x00, 0x00,
  0x00, 0x00, 0x00, 0x00, 0x00, 0x00, 0x00, 0x00, 0x00, 0x00, 0x00, 0x00,
  0x00, 0x00, 0x00, 0x00, 0x00, 0x00, 0x00, 0x00, 0x10, 0x00, 0x00, 0x00,
  0x7c, 0x76, 0x20, 0x3a, 0x71, 0x00, 0x32, 0x3a, 0x77, 0x06, 0x37, 0x3a,
  0xb7, 0x8e, 0x39, 0x3a, 0x8a, 0x2a, 0x35, 0x3a, 0xe8, 0xba, 0x35, 0x3a,
  0xea, 0x83, 0x38, 0x3a, 0xeb, 0xb7, 0x38, 0x3a, 0x5f, 0x98, 0x3e, 0x3a,
  0xb8, 0x15, 0x2f, 0x3a, 0x85, 0xba, 0x36, 0x3a, 0xd1, 0x5e, 0x39, 0x3a,
  0xb3, 0xf1, 0x38, 0x3a, 0x2a, 0x32, 0x34, 0x3a, 0x31, 0x24, 0x38, 0x3a,
  0x66, 0xfa, 0x39, 0x3a, 0x94, 0x00, 0x00, 0x00, 0x73, 0x65, 0x71, 0x75,
  0x65, 0x6e, 0x74, 0x69, 0x61, 0x6c, 0x5f, 0x35, 0x36, 0x5f, 0x31, 0x2f,
  0x63, 0x6f, 0x6e, 0x76, 0x32, 0x64, 0x5f, 0x32, 0x32, 0x37, 0x5f, 0x31,
  0x2f, 0x52, 0x65, 0x6c, 0x75, 0x3b, 0x73, 0x65, 0x71, 0x75, 0x65, 0x6e,
  0x74, 0x69, 0x61, 0x6c, 0x5f, 0x35, 0x36, 0x5f, 0x31, 0x2f, 0x63, 0x6f,
  0x6e, 0x76, 0x32, 0x64, 0x5f, 0x32, 0x32, 0x37, 0x5f, 0x31, 0x2f, 0x42,
  0x69, 0x61, 0x73, 0x41, 0x64, 0x64, 0x3b, 0x73, 0x65, 0x71, 0x75, 0x65,
  0x6e, 0x74, 0x69, 0x61, 0x6c, 0x5f, 0x35, 0x36, 0x5f, 0x31, 0x2f, 0x63,
  0x6f, 0x6e, 0x76, 0x32, 0x64, 0x5f, 0x32, 0x32, 0x37, 0x5f, 0x31, 0x2f,
  0x63, 0x6f, 0x6e, 0x76, 0x6f, 0x6c, 0x75, 0x74, 0x69, 0x6f, 0x6e, 0x3b,
  0x73, 0x65, 0x71, 0x75, 0x65, 0x6e, 0x74, 0x69, 0x61, 0x6c, 0x5f, 0x35,
  0x36, 0x5f, 0x31, 0x2f, 0x63, 0x6f, 0x6e, 0x76, 0x32, 0x64, 0x5f, 0x32,
  0x32, 0x37, 0x5f, 0x31, 0x2f, 0x53, 0x71, 0x75, 0x65, 0x65, 0x7a, 0x65,
  0x00, 0x00, 0x00, 0x00, 0x01, 0x00, 0x00, 0x00, 0x10, 0x00, 0x00, 0x00,
  0xda, 0xf2, 0xff, 0xff, 0x00, 0x00, 0x00, 0x01, 0x14, 0x00, 0x00, 0x00,
  0xe8, 0x00, 0x00, 0x00, 0x0c, 0x00, 0x00, 0x00, 0x00, 0x00, 0x00, 0x09,
  0x0c, 0x01, 0x00, 0x00, 0xc4, 0xf2, 0xff, 0xff, 0x08, 0x00, 0x00, 0x00,
  0x8c, 0x00, 0x00, 0x00, 0x10, 0x00, 0x00, 0x00, 0x00, 0x00, 0x00, 0x00,
  0x00, 0x00, 0x00, 0x00, 0x00, 0x00, 0x00, 0x00, 0x00, 0x00, 0x00, 0x00,
  0x00, 0x00, 0x00, 0x00, 0x00, 0x00, 0x00, 0x00, 0x00, 0x00, 0x00, 0x00,
  0x00, 0x00, 0x00, 0x00, 0x00, 0x00, 0x00, 0x00, 0x00, 0x00, 0x00, 0x00,
  0x00, 0x00, 0x00, 0x00, 0x00, 0x00, 0x00, 0x00, 0x00, 0x00, 0x00, 0x00,
  0x00, 0x00, 0x00, 0x00, 0x00, 0x00, 0x00, 0x00, 0x00, 0x00, 0x00, 0x00,
  0x00, 0x00, 0x00, 0x00, 0x00, 0x00, 0x00, 0x00, 0x00, 0x00, 0x00, 0x00,
  0x00, 0x00, 0x00, 0x00, 0x00, 0x00, 0x00, 0x00, 0x00, 0x00, 0x00, 0x00,
  0x00, 0x00, 0x00, 0x00, 0x00, 0x00, 0x00, 0x00, 0x00, 0x00, 0x00, 0x00,
  0x00, 0x00, 0x00, 0x00, 0x00, 0x00, 0x00, 0x00, 0x00, 0x00, 0x00, 0x00,
  0x00, 0x00, 0x00, 0x00, 0x00, 0x00, 0x00, 0x00, 0x00, 0x00, 0x00, 0x00,
  0x00, 0x00, 0x00, 0x00, 0x00, 0x00, 0x00, 0x00, 0x10, 0x00, 0x00, 0x00,
  0xb1, 0xc3, 0x03, 0x3b, 0x12, 0x31, 0xf7, 0x3a, 0x0c, 0x01, 0x02, 0x3b,
  0xd0, 0x11, 0xf6, 0x3a, 0xaf, 0xf1, 0xef, 0x3a, 0xa2, 0x16, 0x06, 0x3b,
  0xef, 0x20, 0x03, 0x3b, 0x49, 0x81, 0x06, 0x3b, 0xf4, 0x78, 0xfb, 0x3a,
  0xc8, 0xe7, 0xfb, 0x3a, 0x02, 0xb9, 0x08, 0x3b, 0x25, 0x47, 0x01, 0x3b,
  0x7e, 0xdf, 0x01, 0x3b, 0x96, 0x3b, 0x09, 0x3b, 0x3b, 0x7e, 0x01, 0x3b,
  0x77, 0x66, 0xf8, 0x3a, 0x28, 0x00, 0x00, 0x00, 0x73, 0x65, 0x71, 0x75,
  0x65, 0x6e, 0x74, 0x69, 0x61, 0x6c, 0x5f, 0x35, 0x36, 0x5f, 0x31, 0x2f,
  0x63, 0x6f, 0x6e, 0x76, 0x32, 0x64, 0x5f, 0x32, 0x32, 0x38, 0x5f, 0x31,
  0x2f, 0x63, 0x6f, 0x6e, 0x76, 0x6f, 0x6c, 0x75, 0x74, 0x69, 0x6f, 0x6e,
  0x00, 0x00, 0x00, 0x00, 0x04, 0x00, 0x00, 0x00, 0x10, 0x00, 0x00, 0x00,
  0x03, 0x00, 0x00, 0x00, 0x01, 0x00, 0x00, 0x00, 0x10, 0x00, 0x00, 0x00,
  0x12, 0xf4, 0xff, 0xff, 0x00, 0x00, 0x00, 0x01, 0x14, 0x00, 0x00, 0x00,
  0xe8, 0x00, 0x00, 0x00, 0x0b, 0x00, 0x00, 0x00, 0x00, 0x00, 0x00, 0x02,
  0x78, 0x01, 0x00, 0x00, 0xfc, 0xf3, 0xff, 0xff, 0x08, 0x00, 0x00, 0x00,
  0x8c, 0x00, 0x00, 0x00, 0x10, 0x00, 0x00, 0x00, 0x00, 0x00, 0x00, 0x00,
  0x00, 0x00, 0x00, 0x00, 0x00, 0x00, 0x00, 0x00, 0x00, 0x00, 0x00, 0x00,
  0x00, 0x00, 0x00, 0x00, 0x00, 0x00, 0x00, 0x00, 0x00, 0x00, 0x00, 0x00,
  0x00, 0x00, 0x00, 0x00, 0x00, 0x00, 0x00, 0x00, 0x00, 0x00, 0x00, 0x00,
  0x00, 0x00, 0x00, 0x00, 0x00, 0x00, 0x00, 0x00, 0x00, 0x00, 0x00, 0x00,
  0x00, 0x00, 0x00, 0x00, 0x00, 0x00, 0x00, 0x00, 0x00, 0x00, 0x00, 0x00,
  0x00, 0x00, 0x00, 0x00, 0x00, 0x00, 0x00, 0x00, 0x00, 0x00, 0x00, 0x00,
  0x00, 0x00, 0x00, 0x00, 0x00, 0x00, 0x00, 0x00, 0x00, 0x00, 0x00, 0x00,
  0x00, 0x00, 0x00, 0x00, 0x00, 0x00, 0x00, 0x00, 0x00, 0x00, 0x00, 0x00,
  0x00, 0x00, 0x00, 0x00, 0x00, 0x00, 0x00, 0x00, 0x00, 0x00, 0x00, 0x00,
  0x00, 0x00, 0x00, 0x00, 0x00, 0x00, 0x00, 0x00, 0x00, 0x00, 0x00, 0x00,
  0x00, 0x00, 0x00, 0x00, 0x00, 0x00, 0x00, 0x00, 0x10, 0x00, 0x00, 0x00,
  0x9d, 0x70, 0x25, 0x3a, 0x04, 0x2f, 0x1b, 0x3a, 0xcc, 0x3a, 0x23, 0x3a,
  0xad, 0x7a, 0x1a, 0x3a, 0x3a, 0xa2, 0x16, 0x3a, 0x9b, 0x5b, 0x28, 0x3a,
  0x43, 0xa4, 0x24, 0x3a, 0x84, 0xe1, 0x28, 0x3a, 0xff, 0xde, 0x1d, 0x3a,
  0x92, 0x24, 0x1e, 0x3a, 0x56, 0xaa, 0x2b, 0x3a, 0x62, 0x51, 0x22, 0x3a,
  0xab, 0x10, 0x23, 0x3a, 0x49, 0x4e, 0x2c, 0x3a, 0x8c, 0x96, 0x22, 0x3a,
  0x3f, 0xf1, 0x1b, 0x3a, 0x94, 0x00, 0x00, 0x00, 0x73, 0x65, 0x71, 0x75,
  0x65, 0x6e, 0x74, 0x69, 0x61, 0x6c, 0x5f, 0x35, 0x36, 0x5f, 0x31, 0x2f,
  0x63, 0x6f, 0x6e, 0x76, 0x32, 0x64, 0x5f, 0x32, 0x32, 0x38, 0x5f, 0x31,
  0x2f, 0x52, 0x65, 0x6c, 0x75, 0x3b, 0x73, 0x65, 0x71, 0x75, 0x65, 0x6e,
  0x74, 0x69, 0x61, 0x6c, 0x5f, 0x35, 0x36, 0x5f, 0x31, 0x2f, 0x63, 0x6f,
  0x6e, 0x76, 0x32, 0x64, 0x5f, 0x32, 0x32, 0x38, 0x5f, 0x31, 0x2f, 0x42,
  0x69, 0x61, 0x73, 0x41, 0x64, 0x64, 0x3b, 0x73, 0x65, 0x71, 0x75, 0x65,
  0x6e, 0x74, 0x69, 0x61, 0x6c, 0x5f, 0x35, 0x36, 0x5f, 0x31, 0x2f, 0x63,
  0x6f, 0x6e, 0x76, 0x32, 0x64, 0x5f, 0x32, 0x32, 0x38, 0x5f, 0x31, 0x2f,
  0x63, 0x6f, 0x6e, 0x76, 0x6f, 0x6c, 0x75, 0x74, 0x69, 0x6f, 0x6e, 0x3b,
  0x73, 0x65, 0x71, 0x75, 0x65, 0x6e, 0x74, 0x69, 0x61, 0x6c, 0x5f, 0x35,
  0x36, 0x5f, 0x31, 0x2f, 0x63, 0x6f, 0x6e, 0x76, 0x32, 0x64, 0x5f, 0x32,
  0x32, 0x38, 0x5f, 0x31, 0x2f, 0x53, 0x71, 0x75, 0x65, 0x65, 0x7a, 0x65,
  0x00, 0x00, 0x00, 0x00, 0x01, 0x00, 0x00, 0x00, 0x10, 0x00, 0x00, 0x00,
  0xaa, 0xf5, 0xff, 0xff, 0x00, 0x00, 0x00, 0x01, 0x14, 0x00, 0x00, 0x00,
  0xe8, 0x00, 0x00, 0x00, 0x0a, 0x00, 0x00, 0x00, 0x00, 0x00, 0x00, 0x09,
  0x0c, 0x01, 0x00, 0x00, 0x94, 0xf5, 0xff, 0xff, 0x08, 0x00, 0x00, 0x00,
  0x8c, 0x00, 0x00, 0x00, 0x10, 0x00, 0x00, 0x00, 0x00, 0x00, 0x00, 0x00,
  0x00, 0x00, 0x00, 0x00, 0x00, 0x00, 0x00, 0x00, 0x00, 0x00, 0x00, 0x00,
  0x00, 0x00, 0x00, 0x00, 0x00, 0x00, 0x00, 0x00, 0x00, 0x00, 0x00, 0x00,
  0x00, 0x00, 0x00, 0x00, 0x00, 0x00, 0x00, 0x00, 0x00, 0x00, 0x00, 0x00,
  0x00, 0x00, 0x00, 0x00, 0x00, 0x00, 0x00, 0x00, 0x00, 0x00, 0x00, 0x00,
  0x00, 0x00, 0x00, 0x00, 0x00, 0x00, 0x00, 0x00, 0x00, 0x00, 0x00, 0x00,
  0x00, 0x00, 0x00, 0x00, 0x00, 0x00, 0x00, 0x00, 0x00, 0x00, 0x00, 0x00,
  0x00, 0x00, 0x00, 0x00, 0x00, 0x00, 0x00, 0x00, 0x00, 0x00, 0x00, 0x00,
  0x00, 0x00, 0x00, 0x00, 0x00, 0x00, 0x00, 0x00, 0x00, 0x00, 0x00, 0x00,
  0x00, 0x00, 0x00, 0x00, 0x00, 0x00, 0x00, 0x00, 0x00, 0x00, 0x00, 0x00,
  0x00, 0x00, 0x00, 0x00, 0x00, 0x00, 0x00, 0x00, 0x00, 0x00, 0x00, 0x00,
  0x00, 0x00, 0x00, 0x00, 0x00, 0x00, 0x00, 0x00, 0x10, 0x00, 0x00, 0x00,
  0x7b, 0x46, 0xfb, 0x3a, 0xcf, 0x79, 0x05, 0x3b, 0xaa, 0xd4, 0x02, 0x3b,
  0xb7, 0x4b, 0x03, 0x3b, 0x36, 0xcb, 0x06, 0x3b, 0x70, 0xed, 0xed, 0x3a,
  0xb0, 0x06, 0xfe, 0x3a, 0xe7, 0xcb, 0x0e, 0x3b, 0xc6, 0x58, 0xf7, 0x3a,
  0xc6, 0xb1, 0xfb, 0x3a, 0xaa, 0x64, 0xfe, 0x3a, 0x58, 0xb6, 0x02, 0x3b,
  0x75, 0x38, 0x07, 0x3b, 0x80, 0x8a, 0x00, 0x3b, 0xdd, 0x43, 0x04, 0x3b,
  0xc6, 0xc0, 0x01, 0x3b, 0x28, 0x00, 0x00, 0x00, 0x73, 0x65, 0x71, 0x75,
  0x65, 0x6e, 0x74, 0x69, 0x61, 0x6c, 0x5f, 0x35, 0x36, 0x5f, 0x31, 0x2f,
  0x63, 0x6f, 0x6e, 0x76, 0x32, 0x64, 0x5f, 0x32, 0x32, 0x39, 0x5f, 0x31,
  0x2f, 0x63, 0x6f, 0x6e, 0x76, 0x6f, 0x6c, 0x75, 0x74, 0x69, 0x6f, 0x6e,
  0x00, 0x00, 0x00, 0x00, 0x04, 0x00, 0x00, 0x00, 0x10, 0x00, 0x00, 0x00,
  0x03, 0x00, 0x00, 0x00, 0x01, 0x00, 0x00, 0x00, 0x10, 0x00, 0x00, 0x00,
  0xe2, 0xf6, 0xff, 0xff, 0x00, 0x00, 0x00, 0x01, 0x14, 0x00, 0x00, 0x00,
  0xe8, 0x00, 0x00, 0x00, 0x09, 0x00, 0x00, 0x00, 0x00, 0x00, 0x00, 0x02,
  0x78, 0x01, 0x00, 0x00, 0xcc, 0xf6, 0xff, 0xff, 0x08, 0x00, 0x00, 0x00,
  0x8c, 0x00, 0x00, 0x00, 0x10, 0x00, 0x00, 0x00, 0x00, 0x00, 0x00, 0x00,
  0x00, 0x00, 0x00, 0x00, 0x00, 0x00, 0x00, 0x00, 0x00, 0x00, 0x00, 0x00,
  0x00, 0x00, 0x00, 0x00, 0x00, 0x00, 0x00, 0x00, 0x00, 0x00, 0x00, 0x00,
  0x00, 0x00, 0x00, 0x00, 0x00, 0x00, 0x00, 0x00, 0x00, 0x00, 0x00, 0x00,
  0x00, 0x00, 0x00, 0x00, 0x00, 0x00, 0x00, 0x00, 0x00, 0x00, 0x00, 0x00,
  0x00, 0x00, 0x00, 0x00, 0x00, 0x00, 0x00, 0x00, 0x00, 0x00, 0x00, 0x00,
  0x00, 0x00, 0x00, 0x00, 0x00, 0x00, 0x00, 0x00, 0x00, 0x00, 0x00, 0x00,
  0x00, 0x00, 0x00, 0x00, 0x00, 0x00, 0x00, 0x00, 0x00, 0x00, 0x00, 0x00,
  0x00, 0x00, 0x00, 0x00, 0x00, 0x00, 0x00, 0x00, 0x00, 0x00, 0x00, 0x00,
  0x00, 0x00, 0x00, 0x00, 0x00, 0x00, 0x00, 0x00, 0x00, 0x00, 0x00, 0x00,
  0x00, 0x00, 0x00, 0x00, 0x00, 0x00, 0x00, 0x00, 0x00, 0x00, 0x00, 0x00,
  0x00, 0x00, 0x00, 0x00, 0x00, 0x00, 0x00, 0x00, 0x10, 0x00, 0x00, 0x00,
  0x9b, 0x04, 0xf0, 0x39, 0xf3, 0xfd, 0xfe, 0x39, 0x56, 0xf0, 0xf9, 0x39,
  0xc5, 0xd3, 0xfa, 0x39, 0x43, 0xc1, 0x00, 0x3a, 0xa6, 0x44, 0xe3, 0x39,
  0x43, 0xa5, 0xf2, 0x39, 0x2c, 0x66, 0x08, 0x3a, 0xf4, 0x43, 0xec, 0x39,
  0x17, 0x6b, 0xf0, 0x39, 0x08, 0xff, 0xf2, 0x39, 0x69, 0xb6, 0xf9, 0x39,
  0x9d, 0x29, 0x01, 0x3a, 0x87, 0x90, 0xf5, 0x39, 0xd5, 0xad, 0xfc, 0x39,
  0x46, 0xe1, 0xf7, 0x39, 0x94, 0x00, 0x00, 0x00, 0x73, 0x65, 0x71, 0x75,
  0x65, 0x6e, 0x74, 0x69, 0x61, 0x6c, 0x5f, 0x35, 0x36, 0x5f, 0x31, 0x2f,
  0x63, 0x6f, 0x6e, 0x76, 0x32, 0x64, 0x5f, 0x32, 0x32, 0x39, 0x5f, 0x31,
  0x2f, 0x52, 0x65, 0x6c, 0x75, 0x3b, 0x73, 0x65, 0x71, 0x75, 0x65, 0x6e,
  0x74, 0x69, 0x61, 0x6c, 0x5f, 0x35, 0x36, 0x5f, 0x31, 0x2f, 0x63, 0x6f,
  0x6e, 0x76, 0x32, 0x64, 0x5f, 0x32, 0x32, 0x39, 0x5f, 0x31, 0x2f, 0x42,
  0x69, 0x61, 0x73, 0x41, 0x64, 0x64, 0x3b, 0x73, 0x65, 0x71, 0x75, 0x65,
  0x6e, 0x74, 0x69, 0x61, 0x6c, 0x5f, 0x35, 0x36, 0x5f, 0x31, 0x2f, 0x63,
  0x6f, 0x6e, 0x76, 0x32, 0x64, 0x5f, 0x32, 0x32, 0x39, 0x5f, 0x31, 0x2f,
  0x63, 0x6f, 0x6e, 0x76, 0x6f, 0x6c, 0x75, 0x74, 0x69, 0x6f, 0x6e, 0x3b,
  0x73, 0x65, 0x71, 0x75, 0x65, 0x6e, 0x74, 0x69, 0x61, 0x6c, 0x5f, 0x35,
  0x36, 0x5f, 0x31, 0x2f, 0x63, 0x6f, 0x6e, 0x76, 0x32, 0x64, 0x5f, 0x32,
  0x32, 0x39, 0x5f, 0x31, 0x2f, 0x53, 0x71, 0x75, 0x65, 0x65, 0x7a, 0x65,
  0x00, 0x00, 0x00, 0x00, 0x01, 0x00, 0x00, 0x00, 0x10, 0x00, 0x00, 0x00,
  0x7a, 0xf8, 0xff, 0xff, 0x00, 0x00, 0x00, 0x01, 0x14, 0x00, 0x00, 0x00,
  0xe8, 0x00, 0x00, 0x00, 0x08, 0x00, 0x00, 0x00, 0x00, 0x00, 0x00, 0x09,
  0x0c, 0x01, 0x00, 0x00, 0x64, 0xf8, 0xff, 0xff, 0x08, 0x00, 0x00, 0x00,
  0x8c, 0x00, 0x00, 0x00, 0x10, 0x00, 0x00, 0x00, 0x00, 0x00, 0x00, 0x00,
  0x00, 0x00, 0x00, 0x00, 0x00, 0x00, 0x00, 0x00, 0x00, 0x00, 0x00, 0x00,
  0x00, 0x00, 0x00, 0x00, 0x00, 0x00, 0x00, 0x00, 0x00, 0x00, 0x00, 0x00,
  0x00, 0x00, 0x00, 0x00, 0x00, 0x00, 0x00, 0x00, 0x00, 0x00, 0x00, 0x00,
  0x00, 0x00, 0x00, 0x00, 0x00, 0x00, 0x00, 0x00, 0x00, 0x00, 0x00, 0x00,
  0x00, 0x00, 0x00, 0x00, 0x00, 0x00, 0x00, 0x00, 0x00, 0x00, 0x00, 0x00,
  0x00, 0x00, 0x00, 0x00, 0x00, 0x00, 0x00, 0x00, 0x00, 0x00, 0x00, 0x00,
  0x00, 0x00, 0x00, 0x00, 0x00, 0x00, 0x00, 0x00, 0x00, 0x00, 0x00, 0x00,
  0x00, 0x00, 0x00, 0x00, 0x00, 0x00, 0x00, 0x00, 0x00, 0x00, 0x00, 0x00,
  0x00, 0x00, 0x00, 0x00, 0x00, 0x00, 0x00, 0x00, 0x00, 0x00, 0x00, 0x00,
  0x00, 0x00, 0x00, 0x00, 0x00, 0x00, 0x00, 0x00, 0x00, 0x00, 0x00, 0x00,
  0x00, 0x00, 0x00, 0x00, 0x00, 0x00, 0x00, 0x00, 0x10, 0x00, 0x00, 0x00,
  0x8a, 0x9a, 0x08, 0x3b, 0x95, 0x94, 0x02, 0x3b, 0x34, 0xc1, 0x07, 0x3b,
  0x9c, 0x58, 0x05, 0x3b, 0x87, 0x34, 0x02, 0x3b, 0xdd, 0x36, 0xf9, 0x3a,
  0xa4, 0xa2, 0x01, 0x3b, 0xfb, 0x35, 0x09, 0x3b, 0xa2, 0x6e, 0x03, 0x3b,
  0x39, 0x19, 0xfa, 0x3a, 0x96, 0x18, 0xe9, 0x3a, 0xfa, 0xc7, 0xfd, 0x3a,
  0x00, 0xa8, 0xff, 0x3a, 0x07, 0xdb, 0x08, 0x3b, 0x7d, 0x68, 0x01, 0x3b,
  0x49, 0x93, 0x01, 0x3b, 0x28, 0x00, 0x00, 0x00, 0x73, 0x65, 0x71, 0x75,
  0x65, 0x6e, 0x74, 0x69, 0x61, 0x6c, 0x5f, 0x35, 0x36, 0x5f, 0x31, 0x2f,
  0x63, 0x6f, 0x6e, 0x76, 0x32, 0x64, 0x5f, 0x32, 0x33, 0x30, 0x5f, 0x31,
  0x2f, 0x63, 0x6f, 0x6e, 0x76, 0x6f, 0x6c, 0x75, 0x74, 0x69, 0x6f, 0x6e,
  0x00, 0x00, 0x00, 0x00, 0x04, 0x00, 0x00, 0x00, 0x10, 0x00, 0x00, 0x00,
  0x03, 0x00, 0x00, 0x00, 0x01, 0x00, 0x00, 0x00, 0x10, 0x00, 0x00, 0x00,
  0xb2, 0xf9, 0xff, 0xff, 0x00, 0x00, 0x00, 0x01, 0x14, 0x00, 0x00, 0x00,
  0xe8, 0x00, 0x00, 0x00, 0x07, 0x00, 0x00, 0x00, 0x00, 0x00, 0x00, 0x02,
  0x78, 0x01, 0x00, 0x00, 0x9c, 0xf9, 0xff, 0xff, 0x08, 0x00, 0x00, 0x00,
  0x8c, 0x00, 0x00, 0x00, 0x10, 0x00, 0x00, 0x00, 0x00, 0x00, 0x00, 0x00,
  0x00, 0x00, 0x00, 0x00, 0x00, 0x00, 0x00, 0x00, 0x00, 0x00, 0x00, 0x00,
  0x00, 0x00, 0x00, 0x00, 0x00, 0x00, 0x00, 0x00, 0x00, 0x00, 0x00, 0x00,
  0x00, 0x00, 0x00, 0x00, 0x00, 0x00, 0x00, 0x00, 0x00, 0x00, 0x00, 0x00,
  0x00, 0x00, 0x00, 0x00, 0x00, 0x00, 0x00, 0x00, 0x00, 0x00, 0x00, 0x00,
  0x00, 0x00, 0x00, 0x00, 0x00, 0x00, 0x00, 0x00, 0x00, 0x00, 0x00, 0x00,
  0x00, 0x00, 0x00, 0x00, 0x00, 0x00, 0x00, 0x00, 0x00, 0x00, 0x00, 0x00,
  0x00, 0x00, 0x00, 0x00, 0x00, 0x00, 0x00, 0x00, 0x00, 0x00, 0x00, 0x00,
  0x00, 0x00, 0x00, 0x00, 0x00, 0x00, 0x00, 0x00, 0x00, 0x00, 0x00, 0x00,
  0x00, 0x00, 0x00, 0x00, 0x00, 0x00, 0x00, 0x00, 0x00, 0x00, 0x00, 0x00,
  0x00, 0x00, 0x00, 0x00, 0x00, 0x00, 0x00, 0x00, 0x00, 0x00, 0x00, 0x00,
  0x00, 0x00, 0x00, 0x00, 0x00, 0x00, 0x00, 0x00, 0x10, 0x00, 0x00, 0x00,
  0xb6, 0xe2, 0x02, 0x3a, 0x9a, 0x3a, 0xfa, 0x39, 0x79, 0x12, 0x02, 0x3a,
  0x61, 0x87, 0xff, 0x39, 0x88, 0x82, 0xf9, 0x39, 0x51, 0xc8, 0xee, 0x39,
  0xf9, 0x6a, 0xf8, 0x39, 0xa6, 0x77, 0x03, 0x3a, 0x72, 0xdc, 0xfb, 0x39,
  0x33, 0xa1, 0xef, 0x39, 0xc3, 0x56, 0xdf, 0x39, 0x7e, 0x28, 0xf3, 0x39,
  0x6c, 0xf4, 0xf4, 0x39, 0x80, 0x20, 0x03, 0x3a, 0x89, 0xfb, 0xf7, 0x39,
  0x8c, 0x4d, 0xf8, 0x39, 0x94, 0x00, 0x00, 0x00, 0x73, 0x65, 0x71, 0x75,
  0x65, 0x6e, 0x74, 0x69, 0x61, 0x6c, 0x5f, 0x35, 0x36, 0x5f, 0x31, 0x2f,
  0x63, 0x6f, 0x6e, 0x76, 0x32, 0x64, 0x5f, 0x32, 0x33, 0x30, 0x5f, 0x31,
  0x2f, 0x52, 0x65, 0x6c, 0x75, 0x3b, 0x73, 0x65, 0x71, 0x75, 0x65, 0x6e,
  0x74, 0x69, 0x61, 0x6c, 0x5f, 0x35, 0x36, 0x5f, 0x31, 0x2f, 0x63, 0x6f,
  0x6e, 0x76, 0x32, 0x64, 0x5f, 0x32, 0x33, 0x30, 0x5f, 0x31, 0x2f, 0x42,
  0x69, 0x61, 0x73, 0x41, 0x64, 0x64, 0x3b, 0x73, 0x65, 0x71, 0x75, 0x65,
  0x6e, 0x74, 0x69, 0x61, 0x6c, 0x5f, 0x35, 0x36, 0x5f, 0x31, 0x2f, 0x63,
  0x6f, 0x6e, 0x76, 0x32, 0x64, 0x5f, 0x32, 0x33, 0x30, 0x5f, 0x31, 0x2f,
  0x63, 0x6f, 0x6e, 0x76, 0x6f, 0x6c, 0x75, 0x74, 0x69, 0x6f, 0x6e, 0x3b,
  0x73, 0x65, 0x71, 0x75, 0x65, 0x6e, 0x74, 0x69, 0x61, 0x6c, 0x5f, 0x35,
  0x36, 0x5f, 0x31, 0x2f, 0x63, 0x6f, 0x6e, 0x76, 0x32, 0x64, 0x5f, 0x32,
  0x33, 0x30, 0x5f, 0x31, 0x2f, 0x53, 0x71, 0x75, 0x65, 0x65, 0x7a, 0x65,
  0x00, 0x00, 0x00, 0x00, 0x01, 0x00, 0x00, 0x00, 0x10, 0x00, 0x00, 0x00,
  0x4a, 0xfb, 0xff, 0xff, 0x00, 0x00, 0x00, 0x01, 0x14, 0x00, 0x00, 0x00,
  0xe8, 0x00, 0x00, 0x00, 0x06, 0x00, 0x00, 0x00, 0x00, 0x00, 0x00, 0x09,
  0x0c, 0x01, 0x00, 0x00, 0x34, 0xfb, 0xff, 0xff, 0x08, 0x00, 0x00, 0x00,
  0x8c, 0x00, 0x00, 0x00, 0x10, 0x00, 0x00, 0x00, 0x00, 0x00, 0x00, 0x00,
  0x00, 0x00, 0x00, 0x00, 0x00, 0x00, 0x00, 0x00, 0x00, 0x00, 0x00, 0x00,
  0x00, 0x00, 0x00, 0x00, 0x00, 0x00, 0x00, 0x00, 0x00, 0x00, 0x00, 0x00,
  0x00, 0x00, 0x00, 0x00, 0x00, 0x00, 0x00, 0x00, 0x00, 0x00, 0x00, 0x00,
  0x00, 0x00, 0x00, 0x00, 0x00, 0x00, 0x00, 0x00, 0x00, 0x00, 0x00, 0x00,
  0x00, 0x00, 0x00, 0x00, 0x00, 0x00, 0x00, 0x00, 0x00, 0x00, 0x00, 0x00,
  0x00, 0x00, 0x00, 0x00, 0x00, 0x00, 0x00, 0x00, 0x00, 0x00, 0x00, 0x00,
  0x00, 0x00, 0x00, 0x00, 0x00, 0x00, 0x00, 0x00, 0x00, 0x00, 0x00, 0x00,
  0x00, 0x00, 0x00, 0x00, 0x00, 0x00, 0x00, 0x00, 0x00, 0x00, 0x00, 0x00,
  0x00, 0x00, 0x00, 0x00, 0x00, 0x00, 0x00, 0x00, 0x00, 0x00, 0x00, 0x00,
  0x00, 0x00, 0x00, 0x00, 0x00, 0x00, 0x00, 0x00, 0x00, 0x00, 0x00, 0x00,
  0x00, 0x00, 0x00, 0x00, 0x00, 0x00, 0x00, 0x00, 0x10, 0x00, 0x00, 0x00,
  0x90, 0xed, 0xf2, 0x3a, 0xed, 0x19, 0x08, 0x3b, 0x34, 0xf4, 0x01, 0x3b,
  0x25, 0x09, 0x06, 0x3b, 0x04, 0x59, 0xfe, 0x3a, 0x9c, 0x43, 0x09, 0x3b,
  0xb8, 0x4c, 0xfa, 0x3a, 0x52, 0x2f, 0x09, 0x3b, 0x45, 0x6e, 0x07, 0x3b,
  0x10, 0xc5, 0x0a, 0x3b, 0x37, 0x8c, 0x02, 0x3b, 0x17, 0x87, 0x01, 0x3b,
  0x0c, 0xe7, 0x01, 0x3b, 0x09, 0xdc, 0x0b, 0x3b, 0x19, 0x85, 0x04, 0x3b,
  0x9a, 0x24, 0x04, 0x3b, 0x28, 0x00, 0x00, 0x00, 0x73, 0x65, 0x71, 0x75,
  0x65, 0x6e, 0x74, 0x69, 0x61, 0x6c, 0x5f, 0x35, 0x36, 0x5f, 0x31, 0x2f,
  0x63, 0x6f, 0x6e, 0x76, 0x32, 0x64, 0x5f, 0x32, 0x33, 0x31, 0x5f, 0x31,
  0x2f, 0x63, 0x6f, 0x6e, 0x76, 0x6f, 0x6c, 0x75, 0x74, 0x69, 0x6f, 0x6e,
  0x00, 0x00, 0x00, 0x00, 0x04, 0x00, 0x00, 0x00, 0x10, 0x00, 0x00, 0x00,
  0x03, 0x00, 0x00, 0x00, 0x01, 0x00, 0x00, 0x00, 0x10, 0x00, 0x00, 0x00,
  0x82, 0xfc, 0xff, 0xff, 0x00, 0x00, 0x00, 0x01, 0x14, 0x00, 0x00, 0x00,
  0xe8, 0x00, 0x00, 0x00, 0x05, 0x00, 0x00, 0x00, 0x00, 0x00, 0x00, 0x02,
  0x78, 0x01, 0x00, 0x00, 0x6c, 0xfc, 0xff, 0xff, 0x08, 0x00, 0x00, 0x00,
  0x8c, 0x00, 0x00, 0x00, 0x10, 0x00, 0x00, 0x00, 0x00, 0x00, 0x00, 0x00,
  0x00, 0x00, 0x00, 0x00, 0x00, 0x00, 0x00, 0x00, 0x00, 0x00, 0x00, 0x00,
  0x00, 0x00, 0x00, 0x00, 0x00, 0x00, 0x00, 0x00, 0x00, 0x00, 0x00, 0x00,
  0x00, 0x00, 0x00, 0x00, 0x00, 0x00, 0x00, 0x00, 0x00, 0x00, 0x00, 0x00,
  0x00, 0x00, 0x00, 0x00, 0x00, 0x00, 0x00, 0x00, 0x00, 0x00, 0x00, 0x00,
  0x00, 0x00, 0x00, 0x00, 0x00, 0x00, 0x00, 0x00, 0x00, 0x00, 0x00, 0x00,
  0x00, 0x00, 0x00, 0x00, 0x00, 0x00, 0x00, 0x00, 0x00, 0x00, 0x00, 0x00,
  0x00, 0x00, 0x00, 0x00, 0x00, 0x00, 0x00, 0x00, 0x00, 0x00, 0x00, 0x00,
  0x00, 0x00, 0x00, 0x00, 0x00, 0x00, 0x00, 0x00, 0x00, 0x00, 0x00, 0x00,
  0x00, 0x00, 0x00, 0x00, 0x00, 0x00, 0x00, 0x00, 0x00, 0x00, 0x00, 0x00,
  0x00, 0x00, 0x00, 0x00, 0x00, 0x00, 0x00, 0x00, 0x00, 0x00, 0x00, 0x00,
  0x00, 0x00, 0x00, 0x00, 0x00, 0x00, 0x00, 0x00, 0x10, 0x00, 0x00, 0x00,
  0x67, 0x21, 0xf4, 0x39, 0x65, 0xc6, 0x08, 0x3a, 0xe2, 0x98, 0x02, 0x3a,
  0xff, 0xb2, 0x06, 0x3a, 0x54, 0x9b, 0xff, 0x39, 0x8d, 0xf1, 0x09, 0x3a,
  0xe7, 0x89, 0xfb, 0x39, 0x2a, 0xdd, 0x09, 0x3a, 0xe4, 0x19, 0x08, 0x3a,
  0xea, 0x74, 0x0b, 0x3a, 0xa5, 0x31, 0x03, 0x3a, 0x3b, 0x2b, 0x02, 0x3a,
  0xa9, 0x8b, 0x02, 0x3a, 0x44, 0x8d, 0x0c, 0x3a, 0x07, 0x2d, 0x05, 0x3a,
  0x0e, 0xcc, 0x04, 0x3a, 0x94, 0x00, 0x00, 0x00, 0x73, 0x65, 0x71, 0x75,
  0x65, 0x6e, 0x74, 0x69, 0x61, 0x6c, 0x5f, 0x35, 0x36, 0x5f, 0x31, 0x2f,
  0x63, 0x6f, 0x6e, 0x76, 0x32, 0x64, 0x5f, 0x32, 0x33, 0x31, 0x5f, 0x31,
  0x2f, 0x52, 0x65, 0x6c, 0x75, 0x3b, 0x73, 0x65, 0x71, 0x75, 0x65, 0x6e,
  0x74, 0x69, 0x61, 0x6c, 0x5f, 0x35, 0x36, 0x5f, 0x31, 0x2f, 0x63, 0x6f,
  0x6e, 0x76, 0x32, 0x64, 0x5f, 0x32, 0x33, 0x31, 0x5f, 0x31, 0x2f, 0x42,
  0x69, 0x61, 0x73, 0x41, 0x64, 0x64, 0x3b, 0x73, 0x65, 0x71, 0x75, 0x65,
  0x6e, 0x74, 0x69, 0x61, 0x6c, 0x5f, 0x35, 0x36, 0x5f, 0x31, 0x2f, 0x63,
  0x6f, 0x6e, 0x76, 0x32, 0x64, 0x5f, 0x32, 0x33, 0x31, 0x5f, 0x31, 0x2f,
  0x63, 0x6f, 0x6e, 0x76, 0x6f, 0x6c, 0x75, 0x74, 0x69, 0x6f, 0x6e, 0x3b,
  0x73, 0x65, 0x71, 0x75, 0x65, 0x6e, 0x74, 0x69, 0x61, 0x6c, 0x5f, 0x35,
  0x36, 0x5f, 0x31, 0x2f, 0x63, 0x6f, 0x6e, 0x76, 0x32, 0x64, 0x5f, 0x32,
  0x33, 0x31, 0x5f, 0x31, 0x2f, 0x53, 0x71, 0x75, 0x65, 0x65, 0x7a, 0x65,
  0x00, 0x00, 0x00, 0x00, 0x01, 0x00, 0x00, 0x00, 0x10, 0x00, 0x00, 0x00,
  0x1a, 0xfe, 0xff, 0xff, 0x00, 0x00, 0x00, 0x01, 0x14, 0x00, 0x00, 0x00,
  0x78, 0x00, 0x00, 0x00, 0x04, 0x00, 0x00, 0x00, 0x00, 0x00, 0x00, 0x09,
  0x94, 0x00, 0x00, 0x00, 0x04, 0xfe, 0xff, 0xff, 0x08, 0x00, 0x00, 0x00,
  0x40, 0x00, 0x00, 0x00, 0x07, 0x00, 0x00, 0x00, 0x00, 0x00, 0x00, 0x00,
  0x00, 0x00, 0x00, 0x00, 0x00, 0x00, 0x00, 0x00, 0x00, 0x00, 0x00, 0x00,
  0x00, 0x00, 0x00, 0x00, 0x00, 0x00, 0x00, 0x00, 0x00, 0x00, 0x00, 0x00,
  0x00, 0x00, 0x00, 0x00, 0x00, 0x00, 0x00, 0x00, 0x00, 0x00, 0x00, 0x00,
  0x00, 0x00, 0x00, 0x00, 0x00, 0x00, 0x00, 0x00, 0x00, 0x00, 0x00, 0x00,
  0x00, 0x00, 0x00, 0x00, 0x07, 0x00, 0x00, 0x00, 0x46, 0x37, 0x7d, 0x3b,
  0xac, 0x92, 0x78, 0x3b, 0x2d, 0xb2, 0x80, 0x3b, 0xd1, 0xa7, 0x6e, 0x3b,
  0x8f, 0x4e, 0x80, 0x3b, 0x5a, 0x05, 0x7a, 0x3b, 0x49, 0x14, 0x62, 0x3b,
  0x21, 0x00, 0x00, 0x00, 0x73, 0x65, 0x71, 0x75, 0x65, 0x6e, 0x74, 0x69,
  0x61, 0x6c, 0x5f, 0x35, 0x36, 0x5f, 0x31, 0x2f, 0x64, 0x65, 0x6e, 0x73,
  0x65, 0x5f, 0x35, 0x36, 0x5f, 0x31, 0x2f, 0x4d, 0x61, 0x74, 0x4d, 0x75,
  0x6c, 0x00, 0x00, 0x00, 0x02, 0x00, 0x00, 0x00, 0x07, 0x00, 0x00, 0x00,
  0x10, 0x00, 0x00, 0x00, 0xd2, 0xfe, 0xff, 0xff, 0x00, 0x00, 0x00, 0x01,
  0x14, 0x00, 0x00, 0x00, 0x78, 0x00, 0x00, 0x00, 0x03, 0x00, 0x00, 0x00,
  0x00, 0x00, 0x00, 0x02, 0x94, 0x00, 0x00, 0x00, 0xbc, 0xfe, 0xff, 0xff,
  0x08, 0x00, 0x00, 0x00, 0x40, 0x00, 0x00, 0x00, 0x07, 0x00, 0x00, 0x00,
  0x00, 0x00, 0x00, 0x00, 0x00, 0x00, 0x00, 0x00, 0x00, 0x00, 0x00, 0x00,
  0x00, 0x00, 0x00, 0x00, 0x00, 0x00, 0x00, 0x00, 0x00, 0x00, 0x00, 0x00,
  0x00, 0x00, 0x00, 0x00, 0x00, 0x00, 0x00, 0x00, 0x00, 0x00, 0x00, 0x00,
  0x00, 0x00, 0x00, 0x00, 0x00, 0x00, 0x00, 0x00, 0x00, 0x00, 0x00, 0x00,
  0x00, 0x00, 0x00, 0x00, 0x00, 0x00, 0x00, 0x00, 0x07, 0x00, 0x00, 0x00,
  0xcc, 0x8c, 0x4c, 0x3a, 0xa2, 0xcc, 0x48, 0x3a, 0x68, 0xec, 0x4f, 0x3a,
  0xb9, 0xc9, 0x40, 0x3a, 0x77, 0x4b, 0x4f, 0x3a, 0x12, 0xf8, 0x49, 0x3a,
  0xf6, 0xa0, 0x36, 0x3a, 0x22, 0x00, 0x00, 0x00, 0x73, 0x65, 0x71, 0x75,
  0x65, 0x6e, 0x74, 0x69, 0x61, 0x6c, 0x5f, 0x35, 0x36, 0x5f, 0x31, 0x2f,
  0x64, 0x65, 0x6e, 0x73, 0x65, 0x5f, 0x35, 0x36, 0x5f, 0x31, 0x2f, 0x42,
  0x69, 0x61, 0x73, 0x41, 0x64, 0x64, 0x00, 0x00, 0x01, 0x00, 0x00, 0x00,
  0x07, 0x00, 0x00, 0x00, 0x86, 0xff, 0xff, 0xff, 0x00, 0x00, 0x00, 0x01,
  0x18, 0x00, 0x00, 0x00, 0x18, 0x00, 0x00, 0x00, 0x02, 0x00, 0x00, 0x00,
  0x00, 0x00, 0x00, 0x02, 0x58, 0x00, 0x00, 0x00, 0x04, 0x00, 0x04, 0x00,
  0x04, 0x00, 0x00, 0x00, 0x44, 0x00, 0x00, 0x00, 0x73, 0x65, 0x71, 0x75,
  0x65, 0x6e, 0x74, 0x69, 0x61, 0x6c, 0x5f, 0x35, 0x36, 0x5f, 0x31, 0x2f,
  0x67, 0x6c, 0x6f, 0x62, 0x61, 0x6c, 0x5f, 0x61, 0x76, 0x65, 0x72, 0x61,
  0x67, 0x65, 0x5f, 0x70, 0x6f, 0x6f, 0x6c, 0x69, 0x6e, 0x67, 0x32, 0x64,
  0x5f, 0x35, 0x36, 0x5f, 0x31, 0x2f, 0x4d, 0x65, 0x61, 0x6e, 0x2f, 0x72,
  0x65, 0x64, 0x75, 0x63, 0x74, 0x69, 0x6f, 0x6e, 0x5f, 0x69, 0x6e, 0x64,
  0x69, 0x63, 0x65, 0x73, 0x00, 0x00, 0x00, 0x00, 0x01, 0x00, 0x00, 0x00,
  0x02, 0x00, 0x00, 0x00, 0x00, 0x00, 0x16, 0x00, 0x1c, 0x00, 0x18, 0x00,
  0x17, 0x00, 0x10, 0x00, 0x0c, 0x00, 0x08, 0x00, 0x00, 0x00, 0x00, 0x00,
  0x00, 0x00, 0x07, 0x00, 0x16, 0x00, 0x00, 0x00, 0x00, 0x00, 0x00, 0x01,
  0x20, 0x00, 0x00, 0x00, 0x3c, 0x00, 0x00, 0x00, 0x01, 0x00, 0x00, 0x00,
  0x00, 0x00, 0x00, 0x09, 0x58, 0x00, 0x00, 0x00, 0x0c, 0x00, 0x0c, 0x00,
  0x00, 0x00, 0x00, 0x00, 0x08, 0x00, 0x04, 0x00, 0x0c, 0x00, 0x00, 0x00,
  0x08, 0x00, 0x00, 0x00, 0x10, 0x00, 0x00, 0x00, 0x01, 0x00, 0x00, 0x00,
  0xf1, 0xff, 0xff, 0xff, 0xff, 0xff, 0xff, 0xff, 0x01, 0x00, 0x00, 0x00,
  0x9e, 0x8d, 0xf5, 0x3f, 0x23, 0x00, 0x00, 0x00, 0x73, 0x65, 0x72, 0x76,
  0x69, 0x6e, 0x67, 0x5f, 0x64, 0x65, 0x66, 0x61, 0x75, 0x6c, 0x74, 0x5f,
  0x6b, 0x65, 0x72, 0x61, 0x73, 0x5f, 0x74, 0x65, 0x6e, 0x73, 0x6f, 0x72,
  0x5f, 0x35, 0x38, 0x37, 0x30, 0x3a, 0x30, 0x00, 0x04, 0x00, 0x00, 0x00,
  0x01, 0x00, 0x00, 0x00, 0x0a, 0x00, 0x00, 0x00, 0x01, 0x00, 0x00, 0x00,
  0x09, 0x00, 0x00, 0x00, 0x05, 0x00, 0x00, 0x00, 0x60, 0x00, 0x00, 0x00,
  0x40, 0x00, 0x00, 0x00, 0x2c, 0x00, 0x00, 0x00, 0x18, 0x00, 0x00, 0x00,
  0x04, 0x00, 0x00, 0x00, 0xc0, 0xff, 0xff, 0xff, 0x19, 0x00, 0x00, 0x00,
  0x02, 0x00, 0x00, 0x00, 0x00, 0x00, 0x00, 0x19, 0xd0, 0xff, 0xff, 0xff,
  0x09, 0x00, 0x00, 0x00, 0x04, 0x00, 0x00, 0x00, 0x00, 0x00, 0x00, 0x09,
  0xe0, 0xff, 0xff, 0xff, 0x28, 0x00, 0x00, 0x00, 0x02, 0x00, 0x00, 0x00,
  0x00, 0x00, 0x00, 0x28, 0xf0, 0xff, 0xff, 0xff, 0x11, 0x00, 0x00, 0x00,
  0x02, 0x00, 0x00, 0x00, 0x00, 0x00, 0x00, 0x11, 0x0c, 0x00, 0x10, 0x00,
  0x0f, 0x00, 0x00, 0x00, 0x08, 0x00, 0x04, 0x00, 0x0c, 0x00, 0x00, 0x00,
  0x03, 0x00, 0x00, 0x00, 0x03, 0x00, 0x00, 0x00, 0x00, 0x00, 0x00, 0x03
};
unsigned int tflite_models_conv_7_10_OFF_int8_tflite_len = 17328;
