unsigned char tflite_models_conv_3_5_ON_hybrid_tflite[] = {
  0x1c, 0x00, 0x00, 0x00, 0x54, 0x46, 0x4c, 0x33, 0x14, 0x00, 0x20, 0x00,
  0x1c, 0x00, 0x18, 0x00, 0x14, 0x00, 0x10, 0x00, 0x0c, 0x00, 0x00, 0x00,
  0x08, 0x00, 0x04, 0x00, 0x14, 0x00, 0x00, 0x00, 0x1c, 0x00, 0x00, 0x00,
  0x9c, 0x00, 0x00, 0x00, 0xf4, 0x00, 0x00, 0x00, 0xe0, 0x32, 0x00, 0x00,
  0xf0, 0x32, 0x00, 0x00, 0x04, 0x48, 0x00, 0x00, 0x03, 0x00, 0x00, 0x00,
  0x01, 0x00, 0x00, 0x00, 0x10, 0x00, 0x00, 0x00, 0x00, 0x00, 0x0a, 0x00,
  0x10, 0x00, 0x0c, 0x00, 0x08, 0x00, 0x04, 0x00, 0x0a, 0x00, 0x00, 0x00,
  0x0c, 0x00, 0x00, 0x00, 0x1c, 0x00, 0x00, 0x00, 0x3c, 0x00, 0x00, 0x00,
  0x0f, 0x00, 0x00, 0x00, 0x73, 0x65, 0x72, 0x76, 0x69, 0x6e, 0x67, 0x5f,
  0x64, 0x65, 0x66, 0x61, 0x75, 0x6c, 0x74, 0x00, 0x01, 0x00, 0x00, 0x00,
  0x04, 0x00, 0x00, 0x00, 0x8c, 0xff, 0xff, 0xff, 0x22, 0x00, 0x00, 0x00,
  0x04, 0x00, 0x00, 0x00, 0x08, 0x00, 0x00, 0x00, 0x6f, 0x75, 0x74, 0x70,
  0x75, 0x74, 0x5f, 0x30, 0x00, 0x00, 0x00, 0x00, 0x01, 0x00, 0x00, 0x00,
  0x04, 0x00, 0x00, 0x00, 0xda, 0xcc, 0xff, 0xff, 0x04, 0x00, 0x00, 0x00,
  0x11, 0x00, 0x00, 0x00, 0x6b, 0x65, 0x72, 0x61, 0x73, 0x5f, 0x74, 0x65,
  0x6e, 0x73, 0x6f, 0x72, 0x5f, 0x31, 0x37, 0x31, 0x32, 0x00, 0x00, 0x00,
  0x02, 0x00, 0x00, 0x00, 0x34, 0x00, 0x00, 0x00, 0x04, 0x00, 0x00, 0x00,
  0xdc, 0xff, 0xff, 0xff, 0x25, 0x00, 0x00, 0x00, 0x04, 0x00, 0x00, 0x00,
  0x13, 0x00, 0x00, 0x00, 0x43, 0x4f, 0x4e, 0x56, 0x45, 0x52, 0x53, 0x49,
  0x4f, 0x4e, 0x5f, 0x4d, 0x45, 0x54, 0x41, 0x44, 0x41, 0x54, 0x41, 0x00,
  0x08, 0x00, 0x0c, 0x00, 0x08, 0x00, 0x04, 0x00, 0x08, 0x00, 0x00, 0x00,
  0x24, 0x00, 0x00, 0x00, 0x04, 0x00, 0x00, 0x00, 0x13, 0x00, 0x00, 0x00,
  0x6d, 0x69, 0x6e, 0x5f, 0x72, 0x75, 0x6e, 0x74, 0x69, 0x6d, 0x65, 0x5f,
  0x76, 0x65, 0x72, 0x73, 0x69, 0x6f, 0x6e, 0x00, 0x26, 0x00, 0x00, 0x00,
  0xe8, 0x31, 0x00, 0x00, 0xe0, 0x31, 0x00, 0x00, 0x90, 0x31, 0x00, 0x00,
  0x40, 0x31, 0x00, 0x00, 0xf0, 0x30, 0x00, 0x00, 0xc4, 0x30, 0x00, 0x00,
  0xb4, 0x24, 0x00, 0x00, 0xa4, 0x18, 0x00, 0x00, 0x94, 0x0c, 0x00, 0x00,
  0xc4, 0x0a, 0x00, 0x00, 0xac, 0x0a, 0x00, 0x00, 0x5c, 0x0a, 0x00, 0x00,
  0x0c, 0x0a, 0x00, 0x00, 0xbc, 0x09, 0x00, 0x00, 0x6c, 0x09, 0x00, 0x00,
  0x1c, 0x09, 0x00, 0x00, 0xcc, 0x08, 0x00, 0x00, 0x7c, 0x08, 0x00, 0x00,
  0x2c, 0x08, 0x00, 0x00, 0x5c, 0x01, 0x00, 0x00, 0x0c, 0x01, 0x00, 0x00,
  0x04, 0x01, 0x00, 0x00, 0xfc, 0x00, 0x00, 0x00, 0xf4, 0x00, 0x00, 0x00,
  0xec, 0x00, 0x00, 0x00, 0xe4, 0x00, 0x00, 0x00, 0xdc, 0x00, 0x00, 0x00,
  0xd4, 0x00, 0x00, 0x00, 0xcc, 0x00, 0x00, 0x00, 0xc4, 0x00, 0x00, 0x00,
  0xbc, 0x00, 0x00, 0x00, 0xb4, 0x00, 0x00, 0x00, 0xac, 0x00, 0x00, 0x00,
  0xa4, 0x00, 0x00, 0x00, 0x9c, 0x00, 0x00, 0x00, 0x94, 0x00, 0x00, 0x00,
  0x74, 0x00, 0x00, 0x00, 0x04, 0x00, 0x00, 0x00, 0xf2, 0xcd, 0xff, 0xff,
  0x04, 0x00, 0x00, 0x00, 0x60, 0x00, 0x00, 0x00, 0x0c, 0x00, 0x00, 0x00,
  0x08, 0x00, 0x0e, 0x00, 0x08, 0x00, 0x04, 0x00, 0x08, 0x00, 0x00, 0x00,
  0x10, 0x00, 0x00, 0x00, 0x28, 0x00, 0x00, 0x00, 0x00, 0x00, 0x06, 0x00,
  0x08, 0x00, 0x04, 0x00, 0x06, 0x00, 0x00, 0x00, 0x04, 0x00, 0x00, 0x00,
  0x01, 0x00, 0x00, 0x00, 0xea, 0x03, 0x00, 0x00, 0x0c, 0x00, 0x18, 0x00,
  0x14, 0x00, 0x10, 0x00, 0x0c, 0x00, 0x04, 0x00, 0x0c, 0x00, 0x00, 0x00,
  0x1d, 0xa6, 0xd8, 0x80, 0x5c, 0x43, 0x19, 0x73, 0x02, 0x00, 0x00, 0x00,
  0x02, 0x00, 0x00, 0x00, 0x04, 0x00, 0x00, 0x00, 0x06, 0x00, 0x00, 0x00,
  0x32, 0x2e, 0x32, 0x31, 0x2e, 0x30, 0x00, 0x00, 0x5e, 0xce, 0xff, 0xff,
  0x04, 0x00, 0x00, 0x00, 0x10, 0x00, 0x00, 0x00, 0x31, 0x2e, 0x36, 0x2e,
  0x30, 0x00, 0x00, 0x00, 0x00, 0x00, 0x00, 0x00, 0x00, 0x00, 0x00, 0x00,
  0xc8, 0xb9, 0xff, 0xff, 0xcc, 0xb9, 0xff, 0xff, 0xd0, 0xb9, 0xff, 0xff,
  0xd4, 0xb9, 0xff, 0xff, 0xd8, 0xb9, 0xff, 0xff, 0xdc, 0xb9, 0xff, 0xff,
  0xe0, 0xb9, 0xff, 0xff, 0xe4, 0xb9, 0xff, 0xff, 0xe8, 0xb9, 0xff, 0xff,
  0xec, 0xb9, 0xff, 0xff, 0xf0, 0xb9, 0xff, 0xff, 0xf4, 0xb9, 0xff, 0xff,
  0xf8, 0xb9, 0xff, 0xff, 0xfc, 0xb9, 0xff, 0xff, 0x00, 0xba, 0xff, 0xff,
  0xb6, 0xce, 0xff, 0xff, 0x04, 0x00, 0x00, 0x00, 0x40, 0x00, 0x00, 0x00,
  0xdf, 0x53, 0x9b, 0x3c, 0xf4, 0xf9, 0x7d, 0x3c, 0x6d, 0xdd, 0xe2, 0xbc,
  0x9c, 0x53, 0x6c, 0x38, 0xd8, 0x75, 0xb9, 0x3b, 0xda, 0x7e, 0xbe, 0xbb,
  0x05, 0x1a, 0xb7, 0xbc, 0xa7, 0x93, 0x2f, 0x3c, 0x31, 0x1e, 0x7e, 0x3c,
  0xc3, 0x1c, 0x32, 0xbb, 0x97, 0xc7, 0xd4, 0xbc, 0xb6, 0x06, 0x09, 0xbb,
  0xaf, 0xd3, 0x7a, 0xbc, 0xc7, 0xcb, 0x83, 0xbc, 0x2b, 0xff, 0xb6, 0x3c,
  0xf2, 0x26, 0x17, 0x3c, 0x02, 0xcf, 0xff, 0xff, 0x04, 0x00, 0x00, 0x00,
  0xc0, 0x06, 0x00, 0x00, 0xc9, 0x42, 0x7a, 0x3b, 0x92, 0xdf, 0xb9, 0xbd,
  0x4a, 0x61, 0x64, 0xbe, 0x73, 0x42, 0x1a, 0xbd, 0xdd, 0xb2, 0x89, 0xbe,
  0x17, 0x0c, 0x16, 0x3d, 0x50, 0x4c, 0x6f, 0x3d, 0xd0, 0xfc, 0x76, 0x3d,
  0x8a, 0x29, 0x76, 0xbe, 0x03, 0x57, 0x50, 0xbe, 0xec, 0x6a, 0x2d, 0xbe,
  0x07, 0xf8, 0x8d, 0x3e, 0x08, 0x23, 0x69, 0xbd, 0x15, 0xcd, 0x8a, 0xbe,
  0x09, 0x9c, 0x65, 0x3e, 0x69, 0xde, 0x80, 0xbe, 0xc7, 0x2d, 0xa8, 0x3c,
  0xf8, 0x67, 0x36, 0x3b, 0x26, 0xf2, 0xfc, 0x3d, 0xd4, 0x25, 0xa9, 0xbd,
  0xc2, 0x6c, 0xdc, 0x3d, 0xa9, 0xac, 0xec, 0x3d, 0x7a, 0xdb, 0x9a, 0xbe,
  0x36, 0xed, 0xfa, 0x3d, 0xe9, 0x2d, 0x13, 0xbd, 0x53, 0xc7, 0x0c, 0x3d,
  0xa9, 0xd9, 0x80, 0xbe, 0x27, 0x29, 0x45, 0x3d, 0x68, 0xa9, 0x6c, 0xbe,
  0x36, 0x48, 0x25, 0xbc, 0x8a, 0x76, 0x51, 0xbe, 0xa6, 0xdb, 0x82, 0xbe,
  0xc8, 0xe5, 0x7c, 0x3d, 0x4c, 0x36, 0x42, 0xbe, 0x80, 0xfd, 0x40, 0xbe,
  0xe8, 0xc1, 0x2f, 0xbe, 0x5b, 0xde, 0x1c, 0xbd, 0xdc, 0x67, 0x77, 0x3e,
  0xa2, 0xa1, 0xab, 0x3d, 0x3d, 0x4a, 0x09, 0x3e, 0x0f, 0xd3, 0xdd, 0xbd,
  0xe9, 0x7b, 0x88, 0x3d, 0xdb, 0xf4, 0x78, 0xbe, 0x05, 0x98, 0x63, 0x3e,
  0xc3, 0x30, 0x47, 0xbe, 0x20, 0x5a, 0x22, 0xbe, 0xc3, 0x0e, 0xf4, 0xbc,
  0x11, 0x48, 0x72, 0x3e, 0xc3, 0x57, 0x87, 0xbe, 0x5c, 0x33, 0x91, 0xbe,
  0x08, 0xf1, 0xbd, 0xbd, 0xf9, 0xb5, 0x58, 0x3e, 0x19, 0x88, 0x53, 0x3e,
  0x05, 0xaf, 0x14, 0x3e, 0x32, 0x04, 0xb7, 0x3d, 0xbb, 0x04, 0x57, 0xbe,
  0x30, 0x53, 0x2a, 0x3e, 0x7c, 0x31, 0x71, 0x3d, 0x11, 0x99, 0x3c, 0x3d,
  0xae, 0xe9, 0x0f, 0xbe, 0x82, 0xc6, 0xf9, 0xbd, 0x2c, 0x28, 0x5c, 0xbe,
  0x04, 0x35, 0xf8, 0x3c, 0x10, 0x1f, 0x2e, 0xbd, 0xbe, 0x60, 0x16, 0xbd,
  0x3e, 0xa8, 0x08, 0xbe, 0x66, 0x55, 0x0f, 0xbe, 0x63, 0x01, 0x1b, 0xbd,
  0xc2, 0xb5, 0x96, 0x3d, 0xbc, 0xc6, 0x12, 0xbe, 0x3a, 0x77, 0x47, 0x3d,
  0xad, 0xcd, 0x15, 0xbe, 0xa1, 0x6d, 0x21, 0xbe, 0xb6, 0xa5, 0x0d, 0xbd,
  0x35, 0x85, 0x50, 0xbe, 0x7d, 0x99, 0x22, 0x3e, 0x14, 0x12, 0xe6, 0x3d,
  0x1b, 0x2e, 0x02, 0x3e, 0x25, 0x35, 0xb3, 0x3d, 0x3d, 0xb0, 0xfb, 0xbc,
  0x8f, 0x2f, 0x05, 0x3e, 0x38, 0x1e, 0xb1, 0xbb, 0x7e, 0x93, 0x2d, 0xbe,
  0x50, 0xa1, 0x5e, 0x3c, 0xc4, 0x9d, 0x4a, 0x3e, 0xae, 0x58, 0x32, 0x3e,
  0xf6, 0x4f, 0x66, 0xbd, 0x9f, 0x53, 0x5c, 0xbd, 0x4d, 0x41, 0x11, 0x3e,
  0x52, 0x90, 0x42, 0x3e, 0x71, 0xe4, 0x85, 0x3e, 0xa3, 0x2b, 0x41, 0xbe,
  0x6f, 0xc5, 0x8c, 0x3d, 0x03, 0xce, 0xbb, 0xbd, 0xac, 0x0a, 0x77, 0x3e,
  0x7c, 0x96, 0x78, 0xbd, 0x0e, 0x7d, 0xe2, 0xbd, 0xdc, 0x96, 0x89, 0xbe,
  0xce, 0x0a, 0xdc, 0xbd, 0x25, 0xa2, 0x89, 0xbe, 0x56, 0xc2, 0x2f, 0xbe,
  0xc8, 0x01, 0x1b, 0x3e, 0x53, 0xb4, 0x6e, 0xbe, 0xef, 0x46, 0xd9, 0xbb,
  0x83, 0x29, 0x23, 0xbd, 0x6d, 0xf7, 0xae, 0x3d, 0xdc, 0x34, 0xce, 0x3d,
  0x49, 0x5f, 0x05, 0x3d, 0xda, 0x7e, 0x5b, 0x3e, 0x20, 0x36, 0x11, 0xbe,
  0xbd, 0x2f, 0x80, 0x3e, 0xcc, 0xa3, 0x66, 0x3d, 0x2b, 0xef, 0x0e, 0xbe,
  0x06, 0x96, 0xa2, 0xbc, 0xa8, 0xc9, 0x73, 0xbe, 0xae, 0x32, 0xa4, 0x3d,
  0xd2, 0x3c, 0x84, 0xbe, 0x47, 0x09, 0x10, 0x3c, 0x6f, 0xd8, 0x38, 0xbe,
  0x8e, 0x44, 0x9c, 0x3d, 0x84, 0x82, 0x0d, 0xbe, 0xba, 0xe8, 0x91, 0x3e,
  0xc0, 0x6a, 0x61, 0x3e, 0x94, 0x0b, 0xab, 0xbd, 0x0b, 0xc4, 0xf8, 0xbb,
  0xe0, 0xd2, 0x7f, 0xbe, 0xab, 0x11, 0x91, 0xbe, 0xa2, 0x0d, 0x32, 0xbd,
  0x4a, 0xfa, 0xca, 0x3d, 0xb2, 0x36, 0x12, 0xbe, 0x16, 0xcd, 0x76, 0xbd,
  0x63, 0x35, 0x22, 0x3e, 0xff, 0xa1, 0x2a, 0xbe, 0x46, 0xd9, 0x5a, 0x3d,
  0xb1, 0x1d, 0x15, 0x3e, 0xad, 0xcb, 0x3d, 0xbe, 0xcf, 0xb3, 0x35, 0xbe,
  0x83, 0x07, 0x2d, 0xbe, 0x8b, 0xcf, 0xe6, 0xbc, 0x1b, 0x65, 0x37, 0x3e,
  0xcf, 0xe1, 0x09, 0xbe, 0x8f, 0xfc, 0x08, 0xbd, 0x60, 0xcd, 0x05, 0x3e,
  0x70, 0x92, 0xc9, 0xbd, 0x5d, 0x1b, 0x02, 0x3c, 0x84, 0x9b, 0x5e, 0x3e,
  0xc3, 0x6d, 0xfc, 0x3d, 0x66, 0x82, 0xc5, 0xbc, 0x25, 0xa4, 0x77, 0x3e,
  0x77, 0x60, 0x5b, 0x3e, 0x96, 0x7a, 0x3d, 0xbe, 0x88, 0xcb, 0x0e, 0xbe,
  0x40, 0xa8, 0x1a, 0x3d, 0xf3, 0xb1, 0xd5, 0xbc, 0x6c, 0xf2, 0x04, 0x3e,
  0x48, 0xd1, 0x97, 0xbe, 0xb6, 0x9d, 0xb9, 0x3d, 0xb9, 0x64, 0x2f, 0xbe,
  0x32, 0xb5, 0x3a, 0x3d, 0x4f, 0x99, 0xd1, 0xbd, 0x40, 0x59, 0x0f, 0x3e,
  0xba, 0x72, 0x74, 0xbe, 0x33, 0xc0, 0x6d, 0xbe, 0x52, 0x04, 0x27, 0xbe,
  0x34, 0x24, 0x7b, 0x3d, 0x25, 0x9e, 0xc2, 0xbb, 0xe6, 0xaa, 0x8c, 0xbe,
  0x94, 0x70, 0x7b, 0xbe, 0xbb, 0x59, 0xfb, 0x3d, 0xcd, 0xcd, 0x87, 0xbd,
  0x8a, 0x25, 0x36, 0xbd, 0x6d, 0x94, 0x08, 0x3e, 0x24, 0x6d, 0x7e, 0xbe,
  0x5d, 0x9d, 0x8c, 0xbe, 0x44, 0x50, 0x10, 0xbe, 0xeb, 0xe1, 0x0c, 0x3e,
  0x3f, 0xa8, 0x76, 0xbe, 0xb3, 0x3f, 0x67, 0x3e, 0xee, 0xef, 0x28, 0x3e,
  0xbd, 0x4d, 0xcd, 0x3d, 0xff, 0xcc, 0x17, 0xbe, 0x5a, 0xf3, 0x11, 0x3d,
  0xae, 0xb6, 0xf6, 0xbd, 0x2b, 0x5c, 0x8b, 0xbe, 0x98, 0xbe, 0x66, 0xbe,
  0xee, 0xac, 0x4d, 0xbe, 0x7a, 0x68, 0xbc, 0x3d, 0x21, 0x9d, 0x3a, 0xbe,
  0x67, 0x14, 0x48, 0xbe, 0x3b, 0xb3, 0x52, 0x3e, 0xea, 0xe2, 0xd6, 0x3d,
  0x51, 0x60, 0xb6, 0x3d, 0x8d, 0x97, 0x2a, 0x3d, 0xbc, 0x2a, 0x82, 0xbe,
  0x94, 0xcf, 0x40, 0x3e, 0x09, 0xa8, 0xf3, 0xbd, 0x75, 0x61, 0xbc, 0xbc,
  0x4f, 0x83, 0x77, 0x3e, 0xe6, 0xd6, 0xe6, 0xbd, 0x15, 0xdf, 0xbd, 0xba,
  0xae, 0x1e, 0x36, 0x3e, 0xbd, 0x1e, 0xf0, 0xbd, 0x05, 0xe2, 0x8b, 0xbe,
  0xeb, 0x09, 0x85, 0xbd, 0x47, 0xba, 0x41, 0xbe, 0x9c, 0x3f, 0x33, 0x3e,
  0x37, 0x6b, 0xf4, 0x3d, 0x5e, 0x87, 0x97, 0x3c, 0xa6, 0x9b, 0xce, 0xbc,
  0x11, 0xe8, 0x5b, 0xbe, 0xfd, 0xa5, 0x47, 0x3e, 0x91, 0x6e, 0x00, 0x3e,
  0x6b, 0x4f, 0x1d, 0x3e, 0x59, 0x5f, 0xf6, 0x3d, 0x3e, 0x07, 0x2e, 0xbe,
  0x74, 0xca, 0xe7, 0xbd, 0x8d, 0xca, 0x7d, 0x3e, 0x81, 0xbf, 0x19, 0x3e,
  0xc5, 0xbb, 0x92, 0x3c, 0xc3, 0x08, 0x02, 0x3d, 0x92, 0xa6, 0x99, 0xbd,
  0x6f, 0xcd, 0x63, 0xbe, 0x06, 0x96, 0x4e, 0x3d, 0x11, 0x9e, 0x55, 0x3e,
  0x04, 0xc1, 0xa0, 0xbd, 0xbe, 0x87, 0xfa, 0x3d, 0xf4, 0x54, 0xc3, 0x3d,
  0x9c, 0xfa, 0x10, 0x3b, 0x96, 0xb9, 0x4e, 0xbd, 0xe6, 0xfc, 0x4a, 0xbe,
  0xfe, 0xd7, 0x51, 0xbe, 0xeb, 0x2b, 0xf7, 0xbd, 0x57, 0x8c, 0x6a, 0xbe,
  0x71, 0x20, 0x66, 0xbe, 0xfd, 0xfa, 0x4e, 0x3d, 0x15, 0x42, 0x5d, 0x3e,
  0xa4, 0xab, 0x9f, 0xbc, 0x62, 0x48, 0x40, 0x3c, 0xce, 0x55, 0xb2, 0xbd,
  0xb3, 0xa6, 0x04, 0x3e, 0xbd, 0x5a, 0xc4, 0xbd, 0xb2, 0x61, 0x61, 0xbe,
  0x36, 0x42, 0x9d, 0xbd, 0xba, 0x74, 0x08, 0x3e, 0x40, 0x81, 0x49, 0xbe,
  0xdc, 0x07, 0xeb, 0x3d, 0x8a, 0x0e, 0xa1, 0xbb, 0xe1, 0xf8, 0x98, 0x3e,
  0x9c, 0x4c, 0x49, 0x3e, 0x4c, 0x26, 0x7c, 0x3c, 0x3c, 0xbc, 0x06, 0x3e,
  0x26, 0x86, 0x03, 0x3e, 0xd9, 0x6f, 0x3b, 0xbe, 0x12, 0x39, 0xf5, 0xbd,
  0xb7, 0x31, 0x7f, 0x3d, 0x0d, 0x6f, 0x8d, 0xbe, 0x32, 0x22, 0x8b, 0x3e,
  0x7a, 0x88, 0x67, 0xbe, 0xbf, 0x2a, 0xd7, 0x3d, 0x4e, 0x64, 0x58, 0x3e,
  0x07, 0xa0, 0xc0, 0x3d, 0xaa, 0x9d, 0x86, 0x3d, 0x9b, 0x1b, 0x23, 0xbe,
  0x2c, 0x2b, 0x6e, 0x3d, 0x90, 0x4e, 0xe5, 0x3d, 0x22, 0x86, 0x42, 0x3e,
  0x34, 0x8f, 0x7c, 0xbe, 0x44, 0x01, 0x86, 0x3e, 0x05, 0x35, 0xcc, 0x3d,
  0x83, 0x68, 0x8b, 0x3e, 0x6b, 0x35, 0x4c, 0xbe, 0x4b, 0xb8, 0x0c, 0xbe,
  0x43, 0xae, 0x89, 0xbe, 0x64, 0x3e, 0x14, 0xbe, 0x67, 0x3a, 0x43, 0x3d,
  0x86, 0x59, 0x58, 0xbe, 0xf6, 0xe5, 0x6c, 0x3e, 0xa3, 0x97, 0xb4, 0x3c,
  0x82, 0xef, 0x5e, 0xbd, 0xc8, 0xe7, 0xc8, 0xbd, 0xf0, 0xb7, 0x37, 0xbe,
  0xf2, 0x9d, 0xda, 0xbd, 0x31, 0x47, 0x34, 0x3d, 0x17, 0x57, 0x54, 0xbe,
  0x51, 0x94, 0x83, 0x3e, 0x6a, 0x82, 0xeb, 0xbd, 0x21, 0x35, 0x8f, 0xbd,
  0x90, 0x2b, 0x48, 0x3c, 0x70, 0x49, 0xfe, 0x3d, 0x9a, 0x2b, 0x2c, 0xbd,
  0x49, 0xb0, 0x3e, 0xbe, 0x03, 0xe2, 0x3c, 0xbe, 0xde, 0x6c, 0x24, 0x3e,
  0x16, 0x88, 0x17, 0x3d, 0x5a, 0x32, 0xa9, 0xbd, 0xdc, 0x62, 0xbe, 0x3d,
  0x69, 0xd8, 0x1b, 0xbe, 0x7c, 0xbe, 0xd8, 0x3c, 0x28, 0x11, 0x0f, 0x3e,
  0x94, 0x25, 0x93, 0x3e, 0x15, 0x7e, 0xea, 0xbb, 0x1f, 0xe4, 0x57, 0xbe,
  0x10, 0x14, 0x52, 0x3e, 0xda, 0xc3, 0x46, 0x3e, 0x86, 0xce, 0x41, 0xbe,
  0x62, 0x52, 0x99, 0xbd, 0xfa, 0xe1, 0x54, 0xbe, 0x47, 0x83, 0x7f, 0xbc,
  0xbf, 0x2d, 0x22, 0xbc, 0x3c, 0x75, 0x43, 0xbe, 0x70, 0x64, 0x73, 0xbd,
  0x84, 0xb2, 0x8b, 0xbe, 0x3a, 0x35, 0xc2, 0xbd, 0x78, 0xba, 0x38, 0xbd,
  0x4e, 0x8d, 0x19, 0xbe, 0x08, 0x0b, 0xb4, 0x3c, 0x5a, 0xf4, 0x11, 0x3e,
  0xc1, 0x2f, 0xcf, 0x3d, 0x9a, 0x7e, 0xc0, 0xbd, 0x82, 0x30, 0xe5, 0x3d,
  0x7c, 0x68, 0xf8, 0x3d, 0xf5, 0x9b, 0x18, 0xbe, 0x83, 0x1d, 0x56, 0x3c,
  0x22, 0x8b, 0x2f, 0x3e, 0x84, 0x06, 0x82, 0x3d, 0xd4, 0xd6, 0x0f, 0xbd,
  0x2e, 0x53, 0x3d, 0xbe, 0x97, 0xcc, 0x63, 0x3e, 0xf2, 0x33, 0xa2, 0xbd,
  0x56, 0x5c, 0x1c, 0x3d, 0x5c, 0xd5, 0x27, 0xbe, 0x7a, 0xb7, 0xef, 0xbd,
  0xac, 0xf9, 0x10, 0xbe, 0x1f, 0xd6, 0xe7, 0xbd, 0x18, 0x2b, 0x40, 0xbe,
  0xea, 0xc0, 0x06, 0xbe, 0x3e, 0xe0, 0xca, 0xbd, 0x5c, 0xc9, 0xac, 0xbd,
  0xd9, 0xc3, 0x0a, 0xbe, 0x8d, 0x29, 0x40, 0xbe, 0x04, 0x4f, 0x49, 0xbe,
  0xed, 0xfb, 0x09, 0xbe, 0xb4, 0x82, 0xd1, 0xbd, 0xb3, 0xa6, 0xdc, 0xbd,
  0x31, 0x48, 0x26, 0xbe, 0xfa, 0x45, 0x81, 0x3e, 0x48, 0x5e, 0x8e, 0xbe,
  0xd9, 0xcb, 0x7f, 0xbe, 0x1e, 0x74, 0x0b, 0x3e, 0xf8, 0x1c, 0x7f, 0xbe,
  0x64, 0x57, 0x25, 0xbe, 0x5c, 0x76, 0x5d, 0xbe, 0x68, 0x49, 0x44, 0x3e,
  0xf3, 0x8b, 0x81, 0x3c, 0xc5, 0xcb, 0xff, 0xbd, 0x07, 0x10, 0x30, 0x3d,
  0xe5, 0xb7, 0x85, 0xbd, 0xec, 0xe8, 0x23, 0xbe, 0x52, 0x63, 0xda, 0xbd,
  0xc0, 0xae, 0x6c, 0x3e, 0xfc, 0x8e, 0x8d, 0x3d, 0x3b, 0xcc, 0x6c, 0xbc,
  0xdd, 0x0b, 0x8a, 0xbe, 0x1b, 0x46, 0x0c, 0x3e, 0xf6, 0xdd, 0xc4, 0xbd,
  0x4b, 0x8d, 0x7d, 0x3e, 0x82, 0x8c, 0x0c, 0xbe, 0x46, 0xe9, 0xda, 0xbd,
  0xd1, 0x5e, 0x2d, 0x3e, 0xb9, 0xd1, 0x28, 0xbd, 0x50, 0x8a, 0x81, 0xbe,
  0xdf, 0x6e, 0x8c, 0x3d, 0x56, 0xae, 0x60, 0x3d, 0x20, 0x94, 0x17, 0xbd,
  0x92, 0x35, 0x09, 0xbe, 0x02, 0xe5, 0x5e, 0xbe, 0x2b, 0xcb, 0x35, 0xbe,
  0x9a, 0xae, 0x0d, 0xbe, 0xb9, 0x6e, 0x85, 0x3e, 0x6b, 0xad, 0xdd, 0x3d,
  0xcb, 0x90, 0x8e, 0x3e, 0x29, 0x48, 0x43, 0x3e, 0x3a, 0xd9, 0x2a, 0x3d,
  0x84, 0x36, 0x01, 0xba, 0x4f, 0xdb, 0x43, 0x3d, 0x0c, 0x83, 0x6c, 0xbe,
  0x9d, 0xf3, 0x1f, 0x3e, 0xb2, 0x75, 0x3a, 0x3e, 0x77, 0xfe, 0x05, 0xbe,
  0xf6, 0xcf, 0x7f, 0x3e, 0x3b, 0x17, 0x8c, 0xbd, 0x0b, 0x92, 0x1c, 0xbe,
  0x77, 0xf3, 0x69, 0x3e, 0x16, 0x0c, 0x2f, 0x3e, 0xc4, 0xaf, 0x50, 0xbe,
  0x8e, 0x5f, 0x44, 0xbe, 0x4b, 0xfc, 0x7d, 0x3d, 0x20, 0x47, 0xdc, 0xbc,
  0x46, 0x12, 0x61, 0xbd, 0xa4, 0xc1, 0xec, 0xbd, 0xc7, 0xea, 0x96, 0x3d,
  0xdf, 0xdb, 0x38, 0xbd, 0xf8, 0xc5, 0x75, 0xbe, 0x0e, 0x0f, 0x6b, 0xbe,
  0xcc, 0x08, 0x5d, 0x3d, 0x7b, 0x6f, 0xa3, 0x3c, 0x78, 0x03, 0x3e, 0xbc,
  0x59, 0xaf, 0xa8, 0xbd, 0x65, 0x1e, 0xe3, 0x3d, 0xb7, 0x4d, 0x19, 0xbe,
  0x24, 0xc2, 0x67, 0x3e, 0xb1, 0xeb, 0x4f, 0x3e, 0x5e, 0xc9, 0x5c, 0x3e,
  0x51, 0x8c, 0x8d, 0x3e, 0x97, 0x4a, 0x28, 0x3e, 0xfb, 0xb2, 0x57, 0xbe,
  0x9e, 0x7d, 0x5e, 0x3d, 0xed, 0xc1, 0xcc, 0xbd, 0xd2, 0x37, 0xca, 0xbc,
  0x59, 0x3a, 0x3b, 0xbe, 0xca, 0xbe, 0xdf, 0x3d, 0x33, 0x7b, 0x05, 0xbe,
  0x73, 0x1d, 0xf2, 0xbd, 0xa0, 0xfc, 0x8e, 0xbe, 0xe9, 0x15, 0xa7, 0x3d,
  0xcf, 0xd0, 0x6c, 0x3e, 0xb1, 0x3a, 0xf0, 0xbd, 0x97, 0xa8, 0x42, 0x3e,
  0xbc, 0x27, 0xd8, 0xbb, 0x43, 0x2c, 0x7a, 0xbd, 0x0a, 0xa6, 0x1e, 0xbd,
  0x89, 0x13, 0x68, 0x3e, 0xce, 0xd5, 0xff, 0xff, 0x04, 0x00, 0x00, 0x00,
  0x40, 0x00, 0x00, 0x00, 0x55, 0xa7, 0x90, 0xbf, 0xfb, 0x90, 0x47, 0xbf,
  0xae, 0x85, 0xaa, 0xbf, 0x22, 0x23, 0xaa, 0xbf, 0xab, 0x70, 0x32, 0xbf,
  0x43, 0x85, 0x85, 0xbf, 0xd8, 0xa9, 0x42, 0xbf, 0x17, 0x1c, 0xae, 0xbf,
  0xee, 0xae, 0x29, 0xbf, 0x38, 0x58, 0x47, 0xbf, 0x13, 0x8d, 0x3b, 0xbf,
  0x73, 0x32, 0x92, 0xbf, 0xb2, 0xe1, 0x9b, 0xbf, 0xb4, 0x62, 0xa7, 0xbf,
  0x78, 0xe2, 0x34, 0xbf, 0x73, 0x29, 0x4a, 0xbf, 0x1a, 0xd6, 0xff, 0xff,
  0x04, 0x00, 0x00, 0x00, 0x40, 0x00, 0x00, 0x00, 0x66, 0xff, 0xaa, 0x3f,
  0xe1, 0xfd, 0x97, 0x3f, 0x01, 0xbf, 0x00, 0x40, 0x44, 0xb0, 0x01, 0x40,
  0xb4, 0x5b, 0xe1, 0x3f, 0x2b, 0x00, 0x14, 0x40, 0x98, 0x67, 0x78, 0x3f,
  0x17, 0xc9, 0x02, 0x40, 0x13, 0xc4, 0x9a, 0x3f, 0x66, 0xd0, 0x56, 0x3f,
  0xe2, 0x1e, 0xbe, 0x3f, 0x5d, 0xf2, 0x8d, 0x3f, 0xa1, 0xd3, 0x13, 0x40,
  0xfd, 0x3f, 0xf4, 0x3f, 0x05, 0xd2, 0x80, 0x3f, 0xe1, 0xa4, 0x9c, 0x3f,
  0x66, 0xd6, 0xff, 0xff, 0x04, 0x00, 0x00, 0x00, 0x40, 0x00, 0x00, 0x00,
  0x71, 0x8f, 0x1e, 0xbf, 0x9b, 0x1c, 0x5e, 0xbf, 0xd8, 0xd4, 0x29, 0xbf,
  0xe8, 0xed, 0x51, 0xbf, 0x4c, 0x2c, 0x4e, 0xbf, 0xb1, 0x5b, 0x9c, 0xbe,
  0x01, 0x84, 0x26, 0xbf, 0xe6, 0xa2, 0x05, 0xbf, 0x3b, 0x10, 0x3e, 0xbf,
  0xc0, 0x88, 0x29, 0xbf, 0xc8, 0x07, 0x22, 0xbf, 0x44, 0xe3, 0x47, 0xbf,
  0xa2, 0xb0, 0x2f, 0xbf, 0xef, 0xe6, 0x45, 0xbf, 0x24, 0xea, 0x29, 0xbf,
  0xe4, 0xb0, 0x1e, 0xbf, 0xb2, 0xd6, 0xff, 0xff, 0x04, 0x00, 0x00, 0x00,
  0x40, 0x00, 0x00, 0x00, 0x03, 0x3d, 0xa1, 0x3f, 0x6c, 0xcd, 0xc2, 0x3f,
  0x79, 0xf9, 0xa2, 0x3f, 0x17, 0xd8, 0x9f, 0x3f, 0xab, 0xb6, 0xcc, 0x3f,
  0x59, 0x95, 0x70, 0x3f, 0x8d, 0x40, 0x53, 0x3f, 0x94, 0x78, 0xe9, 0x3f,
  0x99, 0x8a, 0xba, 0x3f, 0x7f, 0x0d, 0x14, 0x40, 0x29, 0x2c, 0xba, 0x3f,
  0x43, 0x4e, 0xa9, 0x3f, 0x81, 0xb6, 0xce, 0x3f, 0x64, 0xc8, 0xae, 0x3f,
  0xb8, 0x7b, 0x8b, 0x3f, 0x73, 0x94, 0xa7, 0x3f, 0xfe, 0xd6, 0xff, 0xff,
  0x04, 0x00, 0x00, 0x00, 0x40, 0x00, 0x00, 0x00, 0x26, 0x32, 0x27, 0xbf,
  0xc7, 0xb4, 0x06, 0xbf, 0x7f, 0x17, 0x7c, 0xbf, 0xf9, 0x6f, 0x23, 0xbf,
  0xbd, 0x5a, 0x21, 0xbf, 0x80, 0xf0, 0x10, 0xbf, 0x16, 0xa2, 0x23, 0xbf,
  0x7e, 0x65, 0xe5, 0xbe, 0x3f, 0x2b, 0x7e, 0xbf, 0x19, 0x86, 0xef, 0xbe,
  0xea, 0xc2, 0x3f, 0xbf, 0xf7, 0x0a, 0x34, 0xbf, 0x1e, 0x55, 0x65, 0xbf,
  0xfa, 0x94, 0x27, 0xbf, 0x1d, 0xa8, 0x17, 0xbf, 0xdd, 0x09, 0xe9, 0xbe,
  0x4a, 0xd7, 0xff, 0xff, 0x04, 0x00, 0x00, 0x00, 0x40, 0x00, 0x00, 0x00,
  0xd4, 0x3e, 0xb7, 0x3f, 0x95, 0xc7, 0x8d, 0x3f, 0x50, 0x3f, 0xd4, 0x3f,
  0x9e, 0x1c, 0xb3, 0x3f, 0xde, 0xeb, 0x06, 0x40, 0x31, 0x04, 0x00, 0x40,
  0x88, 0x5d, 0x72, 0x3f, 0xd0, 0x1e, 0x66, 0x3f, 0x40, 0x39, 0xfb, 0x3f,
  0xac, 0xdb, 0xa9, 0x3f, 0x5f, 0xfa, 0x23, 0x40, 0x7c, 0xf4, 0x0b, 0x40,
  0xed, 0x38, 0xb9, 0x3f, 0x9d, 0x5e, 0xe2, 0x3f, 0x21, 0x11, 0xd8, 0x3f,
  0x1f, 0x3e, 0xb8, 0x3f, 0x96, 0xd7, 0xff, 0xff, 0x04, 0x00, 0x00, 0x00,
  0x40, 0x00, 0x00, 0x00, 0x96, 0x88, 0x40, 0xbf, 0xa8, 0xd8, 0x18, 0xbf,
  0x0c, 0xa9, 0x46, 0xbf, 0x83, 0xfe, 0x48, 0xbf, 0xb4, 0xf7, 0x28, 0xbf,
  0x51, 0x5a, 0x33, 0xbf, 0x15, 0x92, 0x4b, 0xbf, 0x54, 0x79, 0x22, 0xbf,
  0x27, 0xf2, 0x02, 0xbf, 0xf7, 0xd7, 0x23, 0xbf, 0x18, 0xfe, 0x4e, 0xbf,
  0x9b, 0xf7, 0x2d, 0xbf, 0x44, 0x82, 0x56, 0xbf, 0xaf, 0x6e, 0x45, 0xbf,
  0x1f, 0x9f, 0x13, 0xbf, 0xf0, 0xe2, 0x22, 0xbf, 0xe2, 0xd7, 0xff, 0xff,
  0x04, 0x00, 0x00, 0x00, 0x40, 0x00, 0x00, 0x00, 0x7f, 0xcc, 0xb7, 0x3c,
  0x25, 0x28, 0xcc, 0x3c, 0x5f, 0x3f, 0xd0, 0x3c, 0x98, 0xf9, 0x94, 0x3c,
  0x4f, 0xfc, 0x83, 0x3c, 0x04, 0x74, 0xb6, 0x3c, 0x67, 0x3d, 0x93, 0x3c,
  0x91, 0x13, 0x3d, 0x3d, 0xb9, 0x20, 0x90, 0x3c, 0xe7, 0x11, 0xa0, 0x3c,
  0xdc, 0x39, 0x77, 0x3c, 0x6d, 0x71, 0xad, 0x3c, 0x48, 0x0f, 0x98, 0x3c,
  0x8c, 0x4d, 0xed, 0x3c, 0xc2, 0x58, 0x62, 0x3c, 0xd7, 0x9c, 0xf4, 0x3c,
  0x2e, 0xd8, 0xff, 0xff, 0x04, 0x00, 0x00, 0x00, 0x08, 0x00, 0x00, 0x00,
  0x01, 0x00, 0x00, 0x00, 0x02, 0x00, 0x00, 0x00, 0x42, 0xd8, 0xff, 0xff,
  0x04, 0x00, 0x00, 0x00, 0xc0, 0x01, 0x00, 0x00, 0xf1, 0x8d, 0xbe, 0x3e,
  0xee, 0x16, 0xea, 0xbc, 0x68, 0xde, 0x0e, 0xbf, 0x51, 0x46, 0xf0, 0x3d,
  0xd6, 0x51, 0xd7, 0xbe, 0x19, 0xea, 0x2f, 0xbe, 0xa3, 0x30, 0xed, 0x3e,
  0xae, 0x18, 0xc1, 0xbc, 0xd5, 0x10, 0x1a, 0xbe, 0x02, 0x47, 0x0c, 0x3e,
  0x9c, 0x94, 0xdb, 0x3e, 0x26, 0xaa, 0x0c, 0xbf, 0x09, 0x36, 0x3a, 0x3e,
  0x78, 0x52, 0xfe, 0xbd, 0x15, 0xb3, 0xae, 0xbd, 0x2d, 0x17, 0x92, 0x3d,
  0x0d, 0x82, 0x9b, 0xbd, 0x0f, 0x76, 0x6a, 0xbe, 0x93, 0x56, 0xc4, 0x3c,
  0x3a, 0xb3, 0xc0, 0xbc, 0x44, 0x77, 0x03, 0x3f, 0xd7, 0x46, 0x07, 0xbe,
  0xf1, 0xd6, 0x81, 0x3d, 0x90, 0x13, 0xde, 0xbe, 0x2d, 0x2a, 0xe2, 0xbd,
  0x0d, 0xcf, 0xf4, 0x3e, 0x97, 0x6f, 0xb4, 0x3d, 0x05, 0xd8, 0x8b, 0xbd,
  0xa5, 0xdd, 0x9e, 0xbd, 0x73, 0x91, 0xbb, 0x3d, 0x69, 0x9a, 0x52, 0xbd,
  0x7f, 0xc7, 0x21, 0x3e, 0xde, 0x48, 0xc3, 0x3e, 0x0a, 0xcd, 0xf8, 0xbe,
  0x2c, 0x61, 0xb4, 0x3e, 0x26, 0xc1, 0xd7, 0x3e, 0x91, 0x89, 0x4f, 0xbe,
  0x01, 0x38, 0x47, 0xbc, 0xff, 0xb0, 0xf0, 0xbd, 0x16, 0x01, 0x1c, 0x3f,
  0x44, 0xa3, 0x7c, 0xbe, 0x66, 0x5d, 0x03, 0xbf, 0xfd, 0xb0, 0x76, 0xbd,
  0x2d, 0x70, 0x64, 0xbe, 0xb8, 0xf7, 0x8c, 0x3e, 0x72, 0x3d, 0x17, 0x3f,
  0x0b, 0xff, 0xca, 0xbe, 0x0f, 0x7c, 0xc6, 0xbe, 0x88, 0x63, 0x27, 0xbe,
  0xb4, 0x63, 0x40, 0xbd, 0x1e, 0x81, 0x4c, 0xbe, 0x9c, 0x9d, 0xa4, 0x3e,
  0xad, 0x91, 0xa5, 0x3e, 0xb4, 0x19, 0xc3, 0xbc, 0xe3, 0xba, 0xb6, 0x3d,
  0x65, 0x20, 0xe1, 0xbe, 0x52, 0x6d, 0x28, 0x3e, 0x63, 0x7d, 0xa0, 0xbe,
  0xb6, 0xc6, 0x97, 0x3e, 0x01, 0xc6, 0x14, 0xbf, 0xc6, 0x97, 0xa4, 0xbe,
  0x1a, 0xb6, 0xbf, 0x3e, 0xe1, 0x44, 0xbe, 0x3e, 0x17, 0xe5, 0xc5, 0xbe,
  0x7c, 0x50, 0xf3, 0xbe, 0x64, 0x54, 0xf3, 0x3e, 0xcb, 0x51, 0x09, 0xbe,
  0x1d, 0x86, 0x92, 0x3d, 0xf7, 0x2c, 0x4f, 0x3e, 0xe8, 0xb4, 0xb7, 0xbc,
  0x19, 0x61, 0xc7, 0xbd, 0xda, 0xb6, 0x3f, 0xbe, 0x2e, 0x39, 0xd8, 0x3e,
  0xbd, 0x96, 0xc1, 0x3d, 0x85, 0xff, 0x32, 0xbe, 0xac, 0xb9, 0x3e, 0x3e,
  0x4c, 0xbd, 0xc3, 0xbe, 0x97, 0xdc, 0x59, 0x3e, 0x20, 0xc0, 0x3a, 0x3e,
  0x16, 0x6b, 0xb3, 0x3e, 0x78, 0x2d, 0xbf, 0xbe, 0x17, 0x2a, 0x94, 0xbe,
  0x38, 0x1a, 0x8f, 0xbe, 0x93, 0xca, 0x44, 0x3e, 0x74, 0x2f, 0x0f, 0xbe,
  0x7e, 0xc9, 0x03, 0xbf, 0xe5, 0x5e, 0x13, 0x3f, 0xc4, 0x34, 0xcf, 0x3e,
  0x59, 0x34, 0x0c, 0x3f, 0xe0, 0x0a, 0x25, 0x3c, 0x8a, 0x94, 0xa9, 0x3e,
  0xec, 0xd9, 0xb4, 0xbe, 0x89, 0xc6, 0x99, 0xbd, 0x2d, 0x42, 0xba, 0xbd,
  0x7b, 0x5b, 0xed, 0xbd, 0xc2, 0xef, 0x6e, 0xbe, 0x6a, 0xec, 0xb4, 0xbe,
  0x64, 0x19, 0x57, 0x3e, 0x6a, 0xd3, 0xe9, 0x3d, 0xc8, 0x88, 0xec, 0xbe,
  0xa1, 0x88, 0x2f, 0xbd, 0x59, 0xe9, 0xd3, 0xbe, 0xc1, 0x8c, 0xba, 0xbe,
  0x77, 0x9d, 0xe8, 0xbd, 0x72, 0x56, 0x3e, 0xbe, 0x71, 0x6f, 0xdb, 0xbd,
  0x2a, 0xf6, 0x8b, 0x3e, 0x49, 0x71, 0x75, 0xbe, 0x0d, 0x5e, 0x52, 0xbd,
  0xd5, 0x41, 0x98, 0x3e, 0xc5, 0xc8, 0x87, 0x3e, 0x8c, 0x89, 0x1e, 0xbd,
  0x0e, 0xda, 0xff, 0xff, 0x04, 0x00, 0x00, 0x00, 0x00, 0x0c, 0x00, 0x00,
  0x47, 0x46, 0x23, 0x3e, 0xcc, 0x65, 0xdd, 0x3c, 0xa1, 0xdc, 0x5a, 0xbe,
  0x0f, 0x89, 0xf1, 0xbd, 0x7e, 0x02, 0x5c, 0xbc, 0xb3, 0x10, 0x34, 0xbe,
  0x43, 0x15, 0x39, 0xbe, 0x82, 0x05, 0x2e, 0xbe, 0xc3, 0x50, 0x1a, 0x3e,
  0xfb, 0xbb, 0x1a, 0xbd, 0x44, 0x22, 0xbd, 0xbd, 0xa1, 0x7e, 0x6e, 0x3c,
  0x2d, 0x83, 0x54, 0xbe, 0xe1, 0xbc, 0x35, 0x3d, 0x93, 0x65, 0xbe, 0x3c,
  0x28, 0xb9, 0x01, 0xbe, 0x16, 0x5b, 0x25, 0x3d, 0x08, 0xb5, 0x38, 0x3e,
  0x97, 0x20, 0x90, 0xbe, 0x0e, 0xca, 0x7d, 0xbe, 0x80, 0xbf, 0xfd, 0x3d,
  0x29, 0xd2, 0x4a, 0xbb, 0xa4, 0x29, 0x2b, 0x3d, 0x67, 0x19, 0x28, 0xbc,
  0xce, 0x27, 0x38, 0x3e, 0x2d, 0xd5, 0xdd, 0x3d, 0x9d, 0x16, 0x25, 0xbc,
  0xe0, 0xf0, 0x30, 0x3e, 0x0b, 0x2b, 0x62, 0x3d, 0xcd, 0xba, 0xec, 0x3d,
  0xa8, 0x54, 0x87, 0x3d, 0xa7, 0xb0, 0xb8, 0x3d, 0xcb, 0xad, 0x89, 0x3d,
  0x99, 0x25, 0x6f, 0xbe, 0xed, 0xd7, 0x0a, 0xbc, 0x06, 0xa8, 0x3e, 0x3e,
  0x40, 0x45, 0x54, 0xbe, 0xfc, 0xe9, 0x4f, 0xbe, 0xcf, 0x16, 0xdf, 0xbd,
  0x39, 0xe1, 0x05, 0x3e, 0x1c, 0x65, 0x19, 0x3e, 0xd1, 0xd8, 0x0f, 0xbe,
  0xe7, 0xd6, 0x99, 0x3d, 0xc0, 0x35, 0x0e, 0x3e, 0x8c, 0x79, 0x0f, 0x3e,
  0x17, 0x63, 0xf3, 0x3d, 0xd0, 0x84, 0x21, 0x3d, 0x4f, 0xba, 0x41, 0xbd,
  0x2c, 0xb6, 0x83, 0xbe, 0x6c, 0xec, 0x96, 0x3d, 0x70, 0x32, 0x22, 0x3e,
  0x7e, 0x74, 0xbe, 0xbd, 0xe3, 0x0b, 0x0f, 0x3c, 0xaa, 0x2c, 0x02, 0x3e,
  0x2b, 0x30, 0x3b, 0x3c, 0x92, 0xd9, 0x41, 0xbd, 0x30, 0x13, 0xe7, 0xbd,
  0x96, 0xb2, 0x42, 0x3c, 0x53, 0x61, 0x31, 0x3e, 0x0c, 0xab, 0x6c, 0x3e,
  0x1b, 0x58, 0x17, 0x3e, 0x5c, 0x7a, 0x4e, 0x3e, 0xb5, 0x6a, 0xde, 0x3d,
  0x87, 0xf0, 0xdf, 0xbb, 0x9a, 0x40, 0xf9, 0xbd, 0x62, 0xbb, 0x8c, 0x3d,
  0x34, 0x8f, 0xbb, 0x3d, 0x72, 0x21, 0x49, 0xbe, 0xf2, 0x6c, 0x39, 0x3e,
  0x20, 0x05, 0x53, 0x3e, 0xdb, 0xf0, 0x8a, 0x3c, 0x4c, 0x38, 0x0c, 0xbd,
  0x91, 0x6e, 0x2d, 0x3d, 0xab, 0x85, 0x99, 0x3c, 0x89, 0xb4, 0x88, 0x3e,
  0x8b, 0x28, 0x84, 0xbc, 0xe8, 0xf1, 0x71, 0x3e, 0x6d, 0xfb, 0x0a, 0x3c,
  0x69, 0x45, 0x11, 0xbe, 0x70, 0xb4, 0x48, 0xbe, 0xab, 0xe0, 0x33, 0xbe,
  0x4d, 0x29, 0x36, 0xbe, 0xa8, 0x6f, 0xec, 0x3d, 0xde, 0x05, 0x7a, 0x3d,
  0x58, 0x1e, 0x1d, 0xbe, 0x0d, 0xcc, 0x02, 0xbe, 0x77, 0x5e, 0x1f, 0xbc,
  0x92, 0x9e, 0x55, 0xbe, 0xcd, 0x4b, 0x6a, 0x3e, 0x45, 0x27, 0xd9, 0x3d,
  0x7c, 0xe1, 0x3f, 0xbd, 0xd6, 0x0d, 0x6f, 0xbe, 0x70, 0x28, 0x67, 0xbc,
  0x5a, 0x9e, 0x0b, 0xbe, 0xb2, 0xc0, 0x8c, 0x3e, 0x7c, 0x5d, 0x74, 0xbd,
  0x49, 0x73, 0x41, 0xbe, 0x9c, 0x24, 0xef, 0xbb, 0xc7, 0x03, 0x15, 0x3e,
  0x1e, 0x28, 0x08, 0x3d, 0x5b, 0x97, 0x25, 0x3e, 0xaf, 0xcc, 0xca, 0xbd,
  0x2d, 0xa0, 0xc7, 0x3d, 0x85, 0x49, 0x25, 0x3c, 0x8c, 0x25, 0xbc, 0x3c,
  0x30, 0x42, 0x58, 0xbd, 0x94, 0xe3, 0x87, 0xbe, 0xb9, 0x1c, 0xed, 0xbd,
  0x8d, 0xda, 0x93, 0xbc, 0x28, 0x16, 0x69, 0xbe, 0x68, 0xd3, 0x9a, 0x3d,
  0xae, 0x63, 0x75, 0x3e, 0x9f, 0xca, 0x4a, 0xbe, 0x5b, 0x5f, 0x96, 0x3d,
  0x68, 0x7c, 0x1d, 0xbe, 0xeb, 0x0d, 0xcb, 0x3d, 0xa1, 0x70, 0x11, 0x3e,
  0x04, 0x4b, 0x4d, 0x3e, 0xf9, 0xae, 0x50, 0xbe, 0x60, 0x1d, 0xef, 0x3d,
  0x02, 0x30, 0xb4, 0x3c, 0x33, 0x73, 0x37, 0x3e, 0x95, 0x7c, 0x3d, 0xbe,
  0xcd, 0xa4, 0x3e, 0xbc, 0xf5, 0x49, 0x5a, 0xbe, 0x18, 0x87, 0x3c, 0xbe,
  0xca, 0x5b, 0x8d, 0xbe, 0x58, 0xad, 0x2b, 0xbe, 0x1a, 0xc2, 0x4e, 0xbc,
  0x1e, 0x40, 0x07, 0x39, 0xcd, 0xab, 0x87, 0xbe, 0x76, 0x39, 0xa9, 0x3d,
  0x7b, 0x5d, 0x34, 0xbe, 0xc2, 0x88, 0x2d, 0xbe, 0xb0, 0xcf, 0xb3, 0x3d,
  0x34, 0x59, 0x91, 0xbd, 0xfb, 0xe3, 0x57, 0xbe, 0xb6, 0x2a, 0xcb, 0x3d,
  0x19, 0x1d, 0x3d, 0x3d, 0xc5, 0xdb, 0x1c, 0xbd, 0x00, 0x43, 0x70, 0xbe,
  0x63, 0xf2, 0x33, 0xbe, 0x8e, 0x8c, 0x58, 0xbc, 0x51, 0xe8, 0x5f, 0x3e,
  0x8c, 0x2d, 0xc1, 0x3d, 0x9b, 0x17, 0xcf, 0xbd, 0xfc, 0x81, 0x4b, 0xbe,
  0x5f, 0xac, 0x87, 0xbc, 0x74, 0x2d, 0x00, 0xbe, 0x93, 0xf8, 0xdc, 0xbd,
  0x77, 0x54, 0x6d, 0xbd, 0xf5, 0x26, 0xf0, 0x3c, 0x4e, 0xce, 0x39, 0x3d,
  0x19, 0x76, 0x4a, 0x3e, 0x93, 0xb8, 0x70, 0xbe, 0x8d, 0x6f, 0x31, 0xbe,
  0x30, 0x3b, 0x0e, 0xbe, 0x47, 0x79, 0x33, 0xbe, 0x90, 0xd9, 0xfa, 0xbd,
  0x39, 0x72, 0x8f, 0x3d, 0x24, 0xb1, 0x21, 0x3d, 0xf7, 0x39, 0x35, 0xbe,
  0xf2, 0x41, 0xdb, 0x3d, 0x67, 0xab, 0x86, 0x3e, 0x5c, 0xe1, 0xfc, 0x3d,
  0x1b, 0x71, 0x39, 0x3e, 0x1d, 0x8a, 0x52, 0xbe, 0x76, 0xd2, 0x43, 0xbe,
  0xf1, 0x7d, 0x15, 0xbd, 0x54, 0x36, 0x65, 0x3e, 0x2f, 0x53, 0xa4, 0x3d,
  0x79, 0x6f, 0x58, 0xbe, 0x0d, 0x89, 0x3a, 0x3e, 0xeb, 0xd3, 0x4b, 0xbe,
  0x0a, 0xc6, 0xe7, 0x3c, 0x2a, 0xee, 0x84, 0x3e, 0xdc, 0x98, 0x01, 0x3e,
  0xe8, 0x8d, 0x9c, 0xbd, 0x51, 0x90, 0x2e, 0xbd, 0xe7, 0x52, 0x41, 0xbe,
  0xf4, 0x68, 0xeb, 0x3c, 0x05, 0xd3, 0xef, 0xbd, 0x99, 0x8a, 0x4c, 0xbd,
  0xfa, 0x80, 0x12, 0xbe, 0x36, 0x15, 0x7a, 0xbe, 0xe3, 0x39, 0xdf, 0xbd,
  0x67, 0xcd, 0x8f, 0xbc, 0x86, 0x01, 0xee, 0xbd, 0x74, 0x41, 0x6d, 0xbe,
  0x4c, 0xc9, 0x36, 0x3e, 0x6e, 0xbf, 0x46, 0xbd, 0x3a, 0xe2, 0x44, 0x3e,
  0x02, 0xb2, 0x67, 0xbd, 0x12, 0x5b, 0x67, 0x3e, 0x12, 0x6c, 0xa1, 0xbd,
  0xf7, 0x9f, 0x56, 0xbe, 0x0a, 0x97, 0x1e, 0xbe, 0x91, 0x7b, 0xf0, 0x3d,
  0xc9, 0xfc, 0x44, 0xbe, 0xab, 0x70, 0x47, 0xbd, 0x81, 0x15, 0x3f, 0xbd,
  0xc0, 0xfb, 0xde, 0x3d, 0xc0, 0x42, 0xbd, 0x3c, 0x3d, 0x99, 0x76, 0xbe,
  0x64, 0x25, 0xce, 0x3d, 0x6c, 0xbb, 0x37, 0x3d, 0x82, 0x64, 0xe2, 0x3d,
  0x93, 0xa2, 0x6e, 0x3e, 0x91, 0x15, 0xcf, 0x3d, 0x2a, 0x58, 0x83, 0xbc,
  0x52, 0x37, 0xa3, 0x3d, 0x41, 0x81, 0x92, 0xbd, 0xd6, 0x5c, 0xa2, 0x3c,
  0x54, 0x0c, 0x8b, 0xbd, 0x80, 0x34, 0x6c, 0xbc, 0x1e, 0xf3, 0x91, 0xbd,
  0x37, 0xf7, 0xc0, 0x3d, 0x83, 0x48, 0x34, 0xbe, 0x99, 0xc2, 0x11, 0x3e,
  0xbe, 0x7b, 0x30, 0xbe, 0x52, 0x9d, 0x6f, 0x3e, 0x66, 0xaa, 0xbe, 0x3d,
  0xa6, 0x82, 0x2b, 0x3e, 0xc4, 0x50, 0x73, 0xbe, 0xcf, 0x45, 0xa7, 0x3b,
  0x30, 0x9b, 0xc9, 0xbd, 0x6c, 0xc4, 0x0a, 0xbe, 0x98, 0x19, 0xe1, 0xbd,
  0xfa, 0xa1, 0x3e, 0x3e, 0xe1, 0x41, 0x0c, 0xbd, 0x3a, 0x08, 0x08, 0x3d,
  0x62, 0xb3, 0xf4, 0xbd, 0x3c, 0x28, 0x50, 0xbe, 0x84, 0x43, 0x65, 0x3e,
  0x07, 0x26, 0xc4, 0xbd, 0x65, 0xd9, 0xce, 0x3d, 0x10, 0xda, 0x84, 0x3e,
  0x0e, 0x94, 0xca, 0x3c, 0x74, 0xc3, 0x46, 0xbe, 0x85, 0x87, 0x5e, 0x3e,
  0x83, 0x88, 0xa2, 0x3c, 0xb5, 0x43, 0x6f, 0xbe, 0x1a, 0x2d, 0x46, 0x3e,
  0xd4, 0x61, 0x01, 0x3e, 0x68, 0x64, 0xfc, 0x3d, 0xfd, 0x2b, 0x99, 0x3d,
  0xb2, 0xc2, 0x32, 0xbe, 0xda, 0xe9, 0x48, 0xbe, 0x2e, 0xbe, 0xfc, 0xbd,
  0x7f, 0x03, 0x56, 0xbe, 0xcc, 0x0e, 0x17, 0x3d, 0x73, 0xe0, 0x7f, 0xbe,
  0x0c, 0x2b, 0xa0, 0x3d, 0xe2, 0xfb, 0xab, 0x3d, 0x4f, 0x3d, 0x45, 0xbd,
  0x26, 0xcf, 0x19, 0x3e, 0x2e, 0xcc, 0x58, 0xbe, 0x07, 0x00, 0xf7, 0x3d,
  0x82, 0x41, 0x13, 0xbe, 0x64, 0x5a, 0x8a, 0x3e, 0xc7, 0xf3, 0x28, 0x3e,
  0xaf, 0xcf, 0xbe, 0x3d, 0xb4, 0x47, 0xaf, 0x3d, 0xd9, 0x95, 0x47, 0x3e,
  0xf7, 0xc4, 0x86, 0xbe, 0x0c, 0x2d, 0x0d, 0x3e, 0x70, 0xd5, 0x39, 0xbe,
  0xee, 0x90, 0x38, 0xbe, 0x0e, 0xcc, 0x9d, 0x3d, 0x88, 0x49, 0x1f, 0x3e,
  0xe0, 0xbb, 0xa9, 0x3d, 0x9b, 0x22, 0xc8, 0xbd, 0x2e, 0x96, 0x1c, 0x3e,
  0x5d, 0x84, 0x4e, 0xbe, 0x49, 0x02, 0xf8, 0xbd, 0x87, 0xa3, 0xfe, 0xbc,
  0x2b, 0x38, 0x56, 0x3e, 0x62, 0x26, 0x62, 0xbe, 0x2a, 0x98, 0x28, 0x3e,
  0x66, 0x38, 0x15, 0x3e, 0xa8, 0xef, 0x9a, 0x3d, 0xfc, 0xf4, 0x57, 0xbd,
  0x98, 0xc7, 0x12, 0xbe, 0x17, 0x50, 0x43, 0x3e, 0xab, 0x8e, 0xf3, 0x3d,
  0xf9, 0x2a, 0xf7, 0x3d, 0xc8, 0x60, 0xb9, 0xbd, 0x6a, 0xa4, 0x9b, 0xbb,
  0xc2, 0x7c, 0x4f, 0xbd, 0xf8, 0x12, 0x26, 0x3e, 0x33, 0x41, 0xab, 0x3c,
  0xd9, 0xdf, 0xe9, 0x3d, 0xc1, 0x6d, 0x04, 0xbe, 0x92, 0x28, 0x38, 0xbe,
  0x61, 0x09, 0x40, 0x3e, 0xfa, 0x7c, 0xc3, 0xbd, 0x23, 0xe4, 0x4f, 0xbd,
  0x84, 0x01, 0x75, 0x3e, 0x39, 0x32, 0x6c, 0x3d, 0x93, 0xbf, 0x93, 0x3d,
  0xa1, 0xa8, 0x9b, 0x3e, 0x8d, 0x3b, 0x3d, 0xbd, 0x93, 0xe1, 0x25, 0xbe,
  0x93, 0xad, 0x86, 0xbd, 0xef, 0xb1, 0x23, 0xbe, 0x67, 0x96, 0xae, 0xbd,
  0xf6, 0x13, 0xd1, 0x3d, 0x73, 0x68, 0x36, 0xbe, 0xb0, 0x02, 0xe4, 0xbc,
  0xb6, 0xfe, 0x86, 0xbd, 0x1d, 0xc4, 0x41, 0x3d, 0x59, 0xc3, 0x9d, 0x3c,
  0xb4, 0x2e, 0x2f, 0x3e, 0x8e, 0x74, 0x46, 0xbe, 0x3f, 0x29, 0x17, 0xb8,
  0xa2, 0x03, 0x47, 0xbe, 0xad, 0x6c, 0x1b, 0x3e, 0xd8, 0x17, 0x4c, 0x3e,
  0x57, 0x76, 0x0b, 0x3e, 0x1b, 0xc5, 0xfb, 0xbd, 0xfd, 0xc2, 0x40, 0xbe,
  0x38, 0x5c, 0xdc, 0x3c, 0x73, 0x0a, 0x79, 0x3e, 0x36, 0xd1, 0x74, 0x3e,
  0x1a, 0xff, 0x18, 0xbe, 0x30, 0x94, 0x81, 0x3e, 0x24, 0x8b, 0x80, 0x3e,
  0x63, 0x2e, 0x1d, 0x3d, 0xf4, 0x7f, 0x57, 0xbe, 0xa2, 0x61, 0xb6, 0x3d,
  0x3a, 0xe1, 0x73, 0x3d, 0x1d, 0xfc, 0x0a, 0xbe, 0x22, 0x57, 0x76, 0x3e,
  0xe0, 0xfd, 0xdc, 0xbd, 0xd6, 0xa6, 0x25, 0xbe, 0xf5, 0xb0, 0xf2, 0x3b,
  0xbf, 0x83, 0x2c, 0xbe, 0x30, 0x67, 0x93, 0xbd, 0x85, 0x61, 0xf3, 0xbd,
  0xe6, 0x4a, 0xb4, 0xbd, 0x53, 0xec, 0x36, 0xbe, 0xe0, 0x29, 0xce, 0xbc,
  0x98, 0x13, 0x5e, 0x3a, 0x7e, 0xb7, 0x25, 0x3d, 0x59, 0xc3, 0x38, 0xbe,
  0x71, 0x8d, 0xc9, 0x3d, 0x43, 0xa1, 0x19, 0x3e, 0xbb, 0xa9, 0xd0, 0x3c,
  0x05, 0xbe, 0x29, 0xbe, 0x13, 0xce, 0x10, 0x3e, 0xd2, 0xb0, 0xd0, 0x3d,
  0x66, 0x36, 0xc2, 0x3d, 0x1f, 0x50, 0x33, 0xbe, 0x22, 0x47, 0xe3, 0xbd,
  0xe3, 0xdf, 0x08, 0xbd, 0x83, 0xbd, 0x59, 0xbc, 0xfb, 0x8e, 0x34, 0x3d,
  0x48, 0xc0, 0x1e, 0x3e, 0x32, 0x70, 0x73, 0x3e, 0x35, 0x94, 0x6c, 0x3e,
  0x14, 0x63, 0x96, 0x3d, 0x96, 0x32, 0x61, 0x3e, 0xcf, 0x2c, 0x64, 0x3e,
  0x45, 0x2f, 0x9d, 0x3d, 0xb4, 0xa9, 0x4f, 0x3e, 0x53, 0xfd, 0x33, 0x3e,
  0xc9, 0x11, 0xe4, 0xbd, 0x12, 0x0e, 0x33, 0x3c, 0x20, 0x78, 0x3c, 0x3c,
  0x45, 0xbc, 0x56, 0xbe, 0x80, 0x85, 0x81, 0x3e, 0x7a, 0xc7, 0x95, 0x3d,
  0xba, 0x7f, 0x09, 0xbe, 0x05, 0x02, 0x2d, 0xbe, 0xbc, 0xa2, 0x28, 0x3d,
  0x5e, 0x95, 0x31, 0xbe, 0x90, 0x84, 0x37, 0x3e, 0xd4, 0x9c, 0xf3, 0x3c,
  0xe6, 0xef, 0x92, 0x3e, 0x7b, 0xdd, 0x25, 0x3e, 0x06, 0x73, 0x1d, 0x3e,
  0x4c, 0x57, 0x76, 0x3e, 0x54, 0x95, 0x84, 0xbe, 0x2c, 0x57, 0x33, 0x3e,
  0x15, 0x4f, 0x01, 0xbe, 0x9d, 0x9d, 0x3c, 0x3e, 0xff, 0x39, 0x74, 0x3c,
  0x94, 0x23, 0x7e, 0xbe, 0xa8, 0x01, 0x4d, 0x3d, 0xbb, 0xeb, 0x11, 0xbe,
  0xa2, 0xf3, 0x10, 0xbd, 0x24, 0xeb, 0x1a, 0x3d, 0x59, 0x9a, 0x05, 0xbe,
  0x9c, 0xc4, 0x4d, 0x3e, 0x62, 0xb2, 0x37, 0xbe, 0x08, 0x65, 0x8f, 0xbd,
  0x4a, 0xf1, 0x18, 0xbe, 0xd0, 0xb4, 0x01, 0xbe, 0xc9, 0xe8, 0xb1, 0xbd,
  0xbf, 0xbd, 0xec, 0x3d, 0x3e, 0xd2, 0x46, 0x3e, 0x68, 0xf2, 0xd6, 0xbd,
  0xfa, 0xbb, 0x1b, 0xbd, 0x00, 0x28, 0x22, 0xbe, 0x1e, 0xf7, 0x12, 0x3e,
  0x96, 0xe7, 0xea, 0xbd, 0x87, 0x45, 0x78, 0x3d, 0x7d, 0xcb, 0x85, 0xbe,
  0x1e, 0x48, 0x3c, 0x3e, 0x9d, 0xb6, 0x9d, 0x3d, 0xda, 0x54, 0x82, 0xbe,
  0x87, 0xda, 0xb4, 0xbd, 0x13, 0x53, 0x8e, 0x3d, 0x1b, 0xd8, 0x05, 0xbe,
  0xd7, 0x79, 0xbf, 0x3d, 0x7b, 0xb9, 0x23, 0xbe, 0x97, 0xc4, 0xc6, 0xba,
  0x4e, 0x6b, 0xbe, 0xbd, 0xbe, 0x1e, 0x48, 0x3c, 0xda, 0x86, 0x80, 0xbd,
  0xe2, 0x8d, 0x7b, 0xbd, 0x46, 0x38, 0xf2, 0x3d, 0x77, 0xba, 0x3a, 0xbe,
  0x70, 0xfa, 0x87, 0xbe, 0xdd, 0x17, 0x2f, 0x3e, 0x02, 0x96, 0x3a, 0xbe,
  0x8e, 0xb2, 0x18, 0xbe, 0xc2, 0xc2, 0x42, 0xbb, 0x4f, 0x03, 0x38, 0xbd,
  0x0a, 0x17, 0x75, 0x3c, 0xa1, 0xe5, 0xd8, 0x3d, 0x3e, 0xf6, 0xe9, 0x3d,
  0x09, 0x4b, 0x6a, 0xbe, 0x54, 0xc6, 0x20, 0x3c, 0xcf, 0x5f, 0x82, 0xbc,
  0x05, 0x2b, 0xa2, 0x3c, 0xb8, 0xcf, 0x01, 0xbd, 0x74, 0x0f, 0x74, 0x3e,
  0x4c, 0x61, 0x2a, 0x3e, 0x53, 0xcf, 0xb0, 0xbc, 0x34, 0xad, 0x4b, 0xbe,
  0xd1, 0xda, 0xd4, 0xbd, 0x34, 0xad, 0x20, 0x3e, 0xbc, 0x2c, 0x53, 0x3e,
  0x77, 0x2b, 0x48, 0x3e, 0x5e, 0xfe, 0x2f, 0x3e, 0xf7, 0x1e, 0x17, 0x3e,
  0x93, 0x13, 0x14, 0x3d, 0x8c, 0x46, 0x65, 0x3d, 0xa0, 0xc3, 0x35, 0xbe,
  0x25, 0xf4, 0x8e, 0xbd, 0x6d, 0x95, 0x3f, 0x3e, 0x93, 0xa8, 0xa0, 0xbd,
  0x2d, 0x19, 0x16, 0xbe, 0xfa, 0x22, 0xac, 0xbc, 0x91, 0x2d, 0x4a, 0x3d,
  0x30, 0xf8, 0xc7, 0x3d, 0xc8, 0xb1, 0x43, 0xbe, 0xb7, 0xd4, 0x1b, 0x3e,
  0xf9, 0x1b, 0x20, 0x3e, 0xad, 0x6d, 0xf0, 0x3d, 0x89, 0x63, 0xbc, 0x3d,
  0xd9, 0x4f, 0x93, 0x3d, 0xaf, 0xf1, 0xc1, 0x3d, 0xa9, 0xd8, 0xe1, 0x3d,
  0x9d, 0x62, 0xbc, 0xbc, 0x9f, 0x45, 0xcf, 0xbd, 0xb4, 0xdd, 0x0d, 0x3c,
  0x98, 0x87, 0x01, 0xbe, 0x1f, 0xfe, 0x14, 0x3e, 0xc6, 0x7e, 0x6f, 0xbe,
  0xb0, 0x86, 0x56, 0x3e, 0x72, 0x77, 0xcf, 0xbd, 0xdb, 0xf9, 0x1a, 0xbe,
  0x43, 0x8a, 0x24, 0x3c, 0x38, 0xbb, 0x77, 0x3d, 0x8a, 0x63, 0x8e, 0x3e,
  0x3b, 0x2e, 0x92, 0x3d, 0x65, 0x80, 0xa4, 0x3c, 0x8e, 0xe7, 0xfe, 0xbd,
  0x61, 0xb6, 0xfc, 0xbd, 0x44, 0x2f, 0xe3, 0x3d, 0x7a, 0x80, 0x5b, 0xbe,
  0x21, 0x04, 0xb5, 0x3d, 0xe6, 0xa4, 0x22, 0xbe, 0x13, 0xb4, 0xb0, 0xbd,
  0xb7, 0xb0, 0x8b, 0xbc, 0x32, 0xcd, 0x91, 0xbd, 0x9c, 0x81, 0x4b, 0xbd,
  0xdf, 0x47, 0x48, 0x3e, 0x80, 0x58, 0x6c, 0xbe, 0x40, 0x77, 0x2f, 0xbe,
  0xe8, 0xcf, 0x09, 0xbd, 0x5c, 0x9c, 0xcc, 0xbd, 0xd6, 0xc9, 0xf4, 0x3c,
  0x6c, 0xbc, 0x0b, 0xbe, 0x20, 0xc9, 0x2a, 0x3e, 0xc1, 0xa2, 0xd9, 0x3d,
  0xbe, 0x72, 0x2e, 0x3e, 0x1f, 0x59, 0x6f, 0xbe, 0x37, 0x8b, 0x1d, 0x3d,
  0xea, 0x89, 0x10, 0x3e, 0xf5, 0xc3, 0xd7, 0xbd, 0x78, 0x12, 0x43, 0xbe,
  0x3f, 0xd7, 0x43, 0xbe, 0xb6, 0x1a, 0xa5, 0x3d, 0x3e, 0xdf, 0x68, 0x3e,
  0xa7, 0x45, 0x05, 0x3d, 0x40, 0x09, 0xad, 0x3b, 0x26, 0xb9, 0x17, 0xbe,
  0xbf, 0x4f, 0x16, 0x3e, 0xaa, 0x2d, 0xa9, 0xbc, 0x72, 0x31, 0x06, 0x3e,
  0xdd, 0x4f, 0x33, 0x3d, 0xe4, 0xa3, 0x84, 0xbd, 0xb9, 0x6e, 0x47, 0xbd,
  0x60, 0xe5, 0x26, 0xbe, 0xa5, 0xf1, 0xe0, 0xbd, 0x98, 0x6b, 0x1f, 0xbd,
  0x21, 0x75, 0xae, 0xbd, 0xf3, 0x6c, 0x2a, 0x3e, 0xc4, 0xc2, 0x5c, 0x3e,
  0xf0, 0x43, 0x29, 0xbe, 0x7b, 0x48, 0x2c, 0x3e, 0xba, 0x40, 0x0e, 0xbc,
  0x37, 0x4d, 0xa8, 0x3d, 0x27, 0x5f, 0x15, 0xbe, 0xaa, 0xf4, 0xde, 0x3d,
  0xef, 0xdd, 0x80, 0xbe, 0xe6, 0xc0, 0x14, 0xbe, 0x10, 0x05, 0x1d, 0xbe,
  0xd5, 0x25, 0x84, 0xbe, 0x5f, 0x95, 0x96, 0xbd, 0x5d, 0x14, 0xc5, 0x3d,
  0xe0, 0x39, 0xe2, 0x3d, 0x7f, 0xb1, 0x9b, 0x3d, 0x25, 0x19, 0x1b, 0x3e,
  0x52, 0x05, 0x00, 0x3c, 0xde, 0x2c, 0x8a, 0xbe, 0x1f, 0x6a, 0x23, 0x3e,
  0x38, 0xc2, 0x66, 0x3d, 0x74, 0x72, 0x16, 0x3e, 0xae, 0xb2, 0x64, 0x3e,
  0xc0, 0x16, 0xdb, 0x3d, 0x86, 0xc6, 0x7b, 0xbe, 0x83, 0x6c, 0xb1, 0x3d,
  0xfa, 0x00, 0x29, 0x3e, 0xe0, 0xd0, 0xa8, 0xbd, 0x92, 0x6b, 0x17, 0x3e,
  0x25, 0x6a, 0x7a, 0xbc, 0x92, 0x26, 0x8f, 0xbe, 0x02, 0xd0, 0x6e, 0xbe,
  0x3b, 0xd3, 0x08, 0x3d, 0x04, 0xe5, 0xbc, 0x3d, 0x68, 0x98, 0x38, 0x3d,
  0x60, 0x52, 0xfd, 0x3d, 0x58, 0xe0, 0xac, 0xbd, 0x55, 0xf7, 0x72, 0xbe,
  0x21, 0x59, 0xfb, 0xbd, 0x1e, 0xe2, 0xf8, 0x3d, 0x5f, 0x38, 0xbb, 0x3c,
  0xa9, 0x05, 0xda, 0xbd, 0x37, 0x31, 0xd4, 0x3d, 0xb6, 0x9b, 0x95, 0xbd,
  0xc1, 0xd6, 0x35, 0xbe, 0x86, 0xed, 0x1f, 0xbd, 0x3e, 0x40, 0xf0, 0xbd,
  0x21, 0x7b, 0x6b, 0xbd, 0x6b, 0xa6, 0xe7, 0x3b, 0xbf, 0x69, 0x8e, 0x3c,
  0xfd, 0x85, 0x1b, 0x3e, 0x90, 0x90, 0x9b, 0xbd, 0x09, 0xab, 0x12, 0xbd,
  0xf7, 0xf0, 0x33, 0x3e, 0x83, 0x4d, 0xe4, 0x3d, 0xbb, 0x84, 0xf2, 0x3d,
  0xbe, 0xcb, 0xe2, 0x3d, 0xa2, 0xf2, 0xc1, 0x3d, 0x4e, 0xa3, 0xc1, 0xbd,
  0x77, 0x89, 0x6e, 0x3e, 0xb8, 0x35, 0x56, 0x3e, 0x02, 0x8d, 0x6b, 0xbd,
  0xd3, 0xbc, 0xc6, 0x3d, 0x36, 0x79, 0x4c, 0x3d, 0xbf, 0xeb, 0x61, 0x3e,
  0x76, 0xbb, 0x98, 0xbd, 0xd7, 0x6d, 0x0a, 0xbe, 0x23, 0x46, 0xd1, 0xbd,
  0x0f, 0x9b, 0x19, 0x3d, 0x1b, 0x54, 0x46, 0xbc, 0x99, 0x2d, 0x73, 0xbc,
  0x21, 0x77, 0xbf, 0xbd, 0x5d, 0x25, 0x3f, 0xbe, 0xf1, 0x25, 0x63, 0x3d,
  0x7d, 0x9f, 0xad, 0xbd, 0x58, 0xfc, 0x74, 0xbe, 0x09, 0x10, 0x4d, 0xbe,
  0xbd, 0x6d, 0x18, 0xbe, 0xa2, 0x11, 0x2f, 0xbd, 0x20, 0x55, 0x59, 0xbe,
  0x4f, 0x95, 0x5e, 0xbe, 0xbf, 0x51, 0xe4, 0xbd, 0xe2, 0xa3, 0x0e, 0xbe,
  0xc2, 0x7d, 0x04, 0xbe, 0x04, 0xbe, 0x87, 0xbe, 0x4e, 0x06, 0x3d, 0xbe,
  0xd7, 0xc3, 0x4a, 0x3d, 0x7a, 0xb7, 0x71, 0xbd, 0x52, 0x3d, 0xfb, 0xbd,
  0x0f, 0x5e, 0x6a, 0xbd, 0x22, 0x29, 0x0a, 0xbe, 0xea, 0xe6, 0xbe, 0xbc,
  0xa7, 0x0b, 0xc8, 0xbd, 0x8e, 0xb0, 0xac, 0x3c, 0x28, 0x13, 0x15, 0x3e,
  0xf3, 0xfe, 0x1a, 0x3d, 0x26, 0x73, 0x7a, 0x3e, 0x2c, 0xe8, 0x03, 0x3e,
  0x11, 0x6f, 0x89, 0xbe, 0xfc, 0x31, 0x3f, 0xbe, 0xae, 0x3a, 0xd8, 0xbd,
  0x01, 0x08, 0xb5, 0xbd, 0x73, 0x80, 0x1c, 0x3e, 0x69, 0x82, 0x2d, 0x3c,
  0xe9, 0x08, 0x20, 0xbe, 0x42, 0x71, 0x2d, 0x3e, 0x38, 0xbe, 0xa9, 0x3d,
  0xe4, 0xad, 0x32, 0x3d, 0x7d, 0x73, 0x8f, 0x3c, 0xf1, 0x3a, 0x81, 0x3d,
  0x05, 0x22, 0xda, 0x3c, 0x07, 0x03, 0x17, 0xbe, 0xbf, 0x92, 0x2d, 0xbc,
  0xf6, 0x0b, 0xeb, 0x3d, 0xa0, 0x7c, 0x3d, 0xbe, 0x8a, 0xf6, 0x21, 0xbe,
  0xa6, 0x06, 0x65, 0xbd, 0xdb, 0x9c, 0x92, 0xbb, 0x1b, 0x1a, 0x77, 0xbe,
  0x9f, 0x15, 0x83, 0x3e, 0x42, 0x59, 0x21, 0x3e, 0x82, 0x45, 0xac, 0xbd,
  0x29, 0xb8, 0x61, 0xbe, 0xa1, 0x9e, 0x53, 0x3e, 0x54, 0xaf, 0x0a, 0x3e,
  0x73, 0x6e, 0x66, 0x3e, 0x13, 0x11, 0x60, 0xbd, 0x27, 0x89, 0x19, 0x3e,
  0x0f, 0xc2, 0xd0, 0x39, 0x65, 0x62, 0x6c, 0x3d, 0x88, 0x24, 0xe4, 0xbc,
  0x1c, 0x38, 0x73, 0x3e, 0x2a, 0xae, 0x0a, 0x3e, 0x3a, 0x86, 0x5b, 0x3d,
  0x8b, 0xa2, 0xd5, 0x3d, 0xbe, 0xff, 0x18, 0xbe, 0xc5, 0x36, 0x90, 0xbd,
  0x71, 0x4f, 0x0f, 0xbd, 0x4f, 0x95, 0x62, 0xbe, 0x3d, 0x6a, 0x27, 0xbe,
  0x62, 0x78, 0xe0, 0xbd, 0xba, 0x5c, 0xa7, 0xbd, 0x20, 0xd5, 0x75, 0xbe,
  0xfe, 0x14, 0xd6, 0x3d, 0xb4, 0xa7, 0x2e, 0xbe, 0x8b, 0xcf, 0x0e, 0xbe,
  0x6d, 0x1f, 0x01, 0xbc, 0xc3, 0x3c, 0x0f, 0x3e, 0xb0, 0x05, 0x92, 0xbd,
  0x2a, 0x50, 0x9f, 0xbd, 0x43, 0x26, 0xb4, 0x3d, 0x76, 0xa3, 0x53, 0xbd,
  0x78, 0x13, 0x75, 0xba, 0xaa, 0x5d, 0xbd, 0x3d, 0xfc, 0xaa, 0x80, 0xbd,
  0x3f, 0x1c, 0x03, 0x3e, 0xf6, 0x78, 0x92, 0x3d, 0xb9, 0x38, 0x40, 0x3e,
  0xcf, 0x1a, 0x37, 0xbe, 0xb4, 0x91, 0x17, 0x3e, 0x5e, 0x2e, 0x3c, 0xbc,
  0xf1, 0xfe, 0xe8, 0xbd, 0x39, 0xf8, 0xb9, 0x3d, 0x7d, 0x09, 0x19, 0xbe,
  0x92, 0xf1, 0x4d, 0x3e, 0x46, 0x2d, 0x7e, 0x3d, 0xc2, 0xdc, 0xff, 0xbd,
  0x6a, 0x1f, 0x00, 0x3e, 0x6c, 0xbb, 0x97, 0x3c, 0x37, 0xdb, 0xf0, 0xbd,
  0xb2, 0x06, 0x53, 0x3e, 0x97, 0x48, 0x32, 0xbe, 0x74, 0xab, 0x1f, 0xbe,
  0x1d, 0x53, 0xa7, 0x3c, 0xf8, 0xc0, 0xc8, 0xbd, 0xa1, 0xc7, 0x0e, 0xbe,
  0xa7, 0x2b, 0x71, 0xbd, 0x45, 0x73, 0x6e, 0x3e, 0x51, 0x55, 0x9b, 0x3d,
  0xa7, 0xe0, 0x57, 0xbe, 0x2e, 0xe4, 0x3b, 0x3e, 0xc3, 0xff, 0xdd, 0x3d,
  0xf8, 0x3d, 0x39, 0x3e, 0x70, 0x49, 0x9a, 0x3d, 0x23, 0xa9, 0x33, 0xbe,
  0x7a, 0x49, 0x1e, 0x3e, 0x71, 0x51, 0x69, 0x3e, 0x07, 0x48, 0x43, 0x3c,
  0x9c, 0x8b, 0x69, 0xbc, 0xa1, 0xfd, 0x27, 0xbe, 0x57, 0xd7, 0xce, 0xbd,
  0x7f, 0xe6, 0x46, 0x3d, 0xb5, 0xa6, 0xeb, 0xbd, 0xee, 0x06, 0xbe, 0xbd,
  0xec, 0x6b, 0x4a, 0x3e, 0xa8, 0xb7, 0x74, 0x3d, 0xb9, 0x2b, 0x3f, 0x3e,
  0x53, 0x44, 0x64, 0xbe, 0x4b, 0x16, 0x24, 0x3e, 0x15, 0x61, 0x08, 0x3e,
  0xa6, 0x27, 0x53, 0x3e, 0xc1, 0xdb, 0x2a, 0xbe, 0xa8, 0xa5, 0x78, 0x3e,
  0xca, 0x86, 0x69, 0x3e, 0x09, 0xe2, 0x88, 0x3d, 0x64, 0x1f, 0x7c, 0x3e,
  0xde, 0x72, 0x18, 0xbd, 0x23, 0x30, 0x5f, 0x3e, 0x73, 0x58, 0x26, 0xbe,
  0x88, 0xb0, 0x56, 0xbe, 0xf7, 0x35, 0xab, 0x3c, 0x3a, 0x89, 0x4c, 0xbc,
  0x6a, 0xf1, 0x32, 0x3e, 0x49, 0x4b, 0x4a, 0xbd, 0xfc, 0x68, 0x14, 0x3e,
  0x09, 0xc7, 0x88, 0xbd, 0xce, 0x2a, 0x34, 0x3e, 0x05, 0xd2, 0x2f, 0x3e,
  0x09, 0xbd, 0x0c, 0x3d, 0xdd, 0xd0, 0x94, 0x3d, 0xbb, 0xc4, 0x62, 0xbe,
  0x2e, 0xf0, 0x3c, 0x3e, 0xd3, 0x91, 0xd7, 0x3d, 0xa1, 0x3a, 0x51, 0x3e,
  0xa2, 0xe4, 0xb9, 0xba, 0x4e, 0x92, 0xea, 0xbd, 0x2f, 0x0d, 0x2d, 0xbd,
  0x99, 0x64, 0x31, 0x3e, 0x61, 0xf9, 0xe3, 0xbd, 0x95, 0xe6, 0x8d, 0x3d,
  0x9a, 0xd8, 0xfa, 0x3d, 0xee, 0xdd, 0x8f, 0x3d, 0x64, 0xa3, 0x32, 0xbd,
  0x0e, 0x18, 0x07, 0xbe, 0xbf, 0xb4, 0x6e, 0xbe, 0x4c, 0xd2, 0x2b, 0x3d,
  0xa5, 0x81, 0x59, 0x3e, 0x28, 0xb2, 0x2d, 0x3d, 0x27, 0xc9, 0x21, 0x3e,
  0x59, 0x28, 0xaf, 0xbb, 0xd7, 0xd5, 0x2a, 0xbe, 0x54, 0x88, 0x86, 0x3e,
  0x6e, 0x42, 0xb8, 0x3b, 0xf7, 0x68, 0x68, 0x3d, 0xb5, 0xf7, 0x24, 0xbd,
  0x3e, 0x71, 0x37, 0x3e, 0xbe, 0x22, 0x05, 0x3e, 0x45, 0x88, 0x0f, 0x3e,
  0x1a, 0xe6, 0xff, 0xff, 0x04, 0x00, 0x00, 0x00, 0x00, 0x0c, 0x00, 0x00,
  0xe3, 0xf3, 0xd0, 0xbd, 0xb7, 0x6b, 0x41, 0xbd, 0x5a, 0xf2, 0x7c, 0x3e,
  0xe6, 0xe0, 0x3f, 0x3e, 0xd4, 0xba, 0xdf, 0xbd, 0xba, 0xf1, 0x49, 0x3e,
  0xf6, 0x17, 0x09, 0xbe, 0x78, 0xb6, 0x6a, 0x3d, 0x16, 0x5a, 0xcd, 0xbd,
  0x77, 0xd3, 0x6a, 0xbe, 0x3e, 0x66, 0x82, 0x3e, 0x22, 0x2b, 0x56, 0xbe,
  0xa0, 0xab, 0x22, 0xbd, 0x45, 0xe4, 0xc7, 0x3c, 0x3e, 0x09, 0xce, 0xbd,
  0xc3, 0x0b, 0x44, 0x3b, 0x7e, 0x55, 0x49, 0x3e, 0xd6, 0xa7, 0x30, 0x3e,
  0xa6, 0x81, 0xa1, 0xbd, 0xf0, 0x23, 0xd9, 0xbd, 0x9f, 0x61, 0xa4, 0x3d,
  0xee, 0x0d, 0x67, 0xbe, 0xfc, 0x74, 0x22, 0x3e, 0x8d, 0x22, 0x77, 0x3e,
  0xf8, 0x05, 0x17, 0x3e, 0x57, 0x12, 0xea, 0xbd, 0x43, 0x83, 0x85, 0x3e,
  0x15, 0x69, 0x88, 0x3e, 0x7d, 0xb9, 0x2b, 0xbe, 0xe9, 0xca, 0x32, 0xbd,
  0xd5, 0x94, 0x94, 0xbd, 0xe6, 0x82, 0x56, 0x3e, 0x4c, 0x51, 0x66, 0x3d,
  0xb2, 0xc1, 0x9f, 0xbd, 0x4a, 0xe5, 0x25, 0x3e, 0x94, 0xce, 0x13, 0x3e,
  0xde, 0x3d, 0x82, 0xbc, 0x1e, 0xa9, 0x2b, 0x3e, 0xfa, 0x07, 0x57, 0xbe,
  0xec, 0x0c, 0x58, 0x3d, 0xfe, 0x30, 0x18, 0x3d, 0x27, 0xc7, 0x52, 0x3d,
  0x40, 0x21, 0x5c, 0xbe, 0xa7, 0x95, 0xb2, 0xbd, 0x13, 0x8f, 0xe7, 0xbd,
  0xec, 0x32, 0x5e, 0xbb, 0x3a, 0xbd, 0xe1, 0xbd, 0x6d, 0x62, 0x28, 0x3e,
  0x01, 0x6c, 0x1c, 0xbd, 0x9d, 0xc5, 0x9d, 0xbd, 0xf0, 0x55, 0x33, 0x3e,
  0xbe, 0xd3, 0xfa, 0x3b, 0x07, 0xf8, 0x2b, 0x3d, 0x53, 0xb7, 0x60, 0xbe,
  0x17, 0xa1, 0x88, 0xbe, 0xc5, 0xac, 0x2a, 0x3c, 0xe5, 0x79, 0x83, 0xbd,
  0xd3, 0x63, 0x8c, 0x3d, 0xa1, 0x47, 0xfe, 0x3d, 0x17, 0x7a, 0x35, 0xbe,
  0x1c, 0xcc, 0x28, 0xbe, 0x62, 0x42, 0xad, 0xbd, 0x67, 0xcb, 0x1e, 0x3e,
  0x16, 0xf2, 0xe3, 0x3d, 0xfb, 0xf9, 0x0d, 0xbe, 0x3e, 0xd2, 0x0d, 0xbe,
  0x79, 0x52, 0xd1, 0x3d, 0x9f, 0x95, 0x2f, 0xbe, 0x5b, 0x17, 0x57, 0xbe,
  0x2e, 0x2e, 0x54, 0xbe, 0x61, 0xee, 0xaf, 0xbd, 0xd9, 0x01, 0x57, 0x3d,
  0x2e, 0xf0, 0x99, 0x3d, 0x06, 0x08, 0x0c, 0x3e, 0x5b, 0x44, 0x22, 0x3e,
  0xbd, 0x0a, 0xe2, 0x3d, 0xda, 0x80, 0x60, 0x3e, 0xf4, 0x6a, 0x49, 0xbd,
  0xaa, 0x42, 0x19, 0xbe, 0x42, 0xa1, 0x3e, 0xba, 0x7e, 0x5f, 0x45, 0x3e,
  0x51, 0xba, 0x8c, 0xbb, 0xa7, 0xbb, 0x83, 0x3e, 0x3d, 0xb0, 0x65, 0xbc,
  0xa7, 0xd2, 0x58, 0x3e, 0x3e, 0xd2, 0xbd, 0x3d, 0xa0, 0xa6, 0xe2, 0xbd,
  0x7c, 0x02, 0x13, 0xbe, 0x51, 0x64, 0x54, 0x3d, 0xcc, 0xb5, 0x88, 0x3d,
  0xfe, 0x59, 0x6c, 0xbe, 0xc7, 0xc8, 0x30, 0xbd, 0x70, 0x93, 0xde, 0xbc,
  0x33, 0x18, 0xc2, 0x3d, 0x5b, 0xeb, 0x4e, 0xbe, 0xd9, 0xd7, 0x10, 0xbe,
  0x02, 0xd6, 0x59, 0xbd, 0x02, 0x81, 0xa2, 0x3d, 0xc0, 0x92, 0xa8, 0xbd,
  0x08, 0x0e, 0xac, 0x3d, 0xb5, 0x8a, 0xd8, 0xbc, 0x8c, 0x39, 0x48, 0xbe,
  0x5e, 0x3f, 0xc0, 0xbc, 0x91, 0x8a, 0xd8, 0x3d, 0xd2, 0xf8, 0x3f, 0xbe,
  0x88, 0xbf, 0x36, 0xbe, 0xa3, 0x26, 0x6b, 0x3e, 0xcc, 0x92, 0xb0, 0xbc,
  0xba, 0x17, 0x72, 0xbe, 0x8d, 0x75, 0x57, 0x3e, 0x80, 0xd6, 0x57, 0xbd,
  0xaf, 0x87, 0x5a, 0xbe, 0x78, 0x95, 0x7b, 0x3e, 0x85, 0x41, 0x7b, 0xbe,
  0x81, 0x43, 0x69, 0x3e, 0x37, 0x0f, 0x25, 0xbe, 0x74, 0x9f, 0x3e, 0xbe,
  0x8f, 0xe2, 0x5d, 0xbe, 0x2c, 0xc7, 0x6c, 0xbe, 0x55, 0x14, 0xed, 0x3d,
  0x4c, 0xc7, 0x65, 0x3e, 0xf3, 0x00, 0xca, 0xbc, 0xf7, 0xb0, 0xc0, 0xbd,
  0xd9, 0xad, 0xf4, 0xbd, 0xeb, 0xf3, 0x80, 0xbc, 0x7f, 0x0b, 0x86, 0x3e,
  0x21, 0xde, 0x89, 0xbe, 0x18, 0x9b, 0x73, 0xbe, 0x02, 0x12, 0x47, 0x3e,
  0x51, 0xd7, 0x30, 0x3e, 0x64, 0xe3, 0x02, 0xbe, 0xda, 0xeb, 0x93, 0xbd,
  0x15, 0x88, 0x81, 0xbe, 0xa1, 0x27, 0x43, 0x3e, 0xe0, 0x99, 0x92, 0x3d,
  0xfa, 0x45, 0x1b, 0x3e, 0x91, 0xab, 0x84, 0x3e, 0xe2, 0xbd, 0x31, 0x3e,
  0x8d, 0x3e, 0xaa, 0xbd, 0x33, 0xfc, 0x05, 0xbe, 0x1a, 0xd9, 0x5c, 0xbe,
  0x6a, 0xde, 0xb4, 0xbd, 0xcf, 0x3a, 0x57, 0x3d, 0xd1, 0x34, 0x49, 0xbd,
  0x9f, 0x3c, 0x2d, 0xbe, 0xb4, 0x86, 0xf6, 0xbd, 0xc8, 0xb3, 0x1a, 0x3e,
  0xe4, 0xcd, 0xb7, 0x3d, 0x63, 0x62, 0x8b, 0xbd, 0xde, 0xe4, 0x34, 0xbd,
  0x0c, 0xb7, 0x09, 0xbe, 0x11, 0xa0, 0xaa, 0xbd, 0x14, 0xc7, 0x30, 0x3e,
  0xa3, 0x43, 0x59, 0xbe, 0x7f, 0xee, 0x30, 0xbe, 0xbc, 0x67, 0x37, 0x3d,
  0xb0, 0x18, 0x30, 0x3e, 0xde, 0xd9, 0xc8, 0xbd, 0x3f, 0x13, 0x1b, 0xbe,
  0x87, 0xe2, 0xf3, 0xbc, 0xf4, 0x2b, 0x56, 0xbe, 0x4c, 0xf1, 0xd3, 0x3d,
  0x51, 0x0e, 0x3b, 0x3d, 0xe4, 0xad, 0xb2, 0x3d, 0xf5, 0xa3, 0x4a, 0x3e,
  0xd1, 0x69, 0xda, 0xbd, 0x40, 0x8a, 0x85, 0x3c, 0xcc, 0x6a, 0x18, 0x3e,
  0xcf, 0x99, 0xf3, 0x3d, 0xf1, 0x5e, 0x51, 0xbe, 0xf7, 0xda, 0xb6, 0x3d,
  0xbb, 0x0c, 0x86, 0x3d, 0x5a, 0x29, 0x44, 0x3e, 0x15, 0x48, 0x21, 0xbe,
  0x11, 0x49, 0xaa, 0xbc, 0x4f, 0xcd, 0x58, 0x3e, 0x23, 0x7c, 0xc0, 0x3d,
  0x65, 0x3f, 0xa5, 0xbb, 0x84, 0xd8, 0x06, 0x3e, 0xc3, 0xba, 0xc0, 0xbc,
  0xc8, 0xce, 0x45, 0xbc, 0x82, 0x15, 0x95, 0x3d, 0x28, 0xdc, 0x0b, 0x3e,
  0xe3, 0x2d, 0x01, 0xbe, 0x09, 0x02, 0x49, 0x3e, 0x49, 0x4f, 0x70, 0xbe,
  0xe5, 0x74, 0x50, 0x3e, 0x35, 0x24, 0x62, 0x3e, 0x91, 0xe4, 0x9a, 0x3c,
  0xa5, 0xaf, 0x8b, 0x3e, 0x42, 0x63, 0x0a, 0xbd, 0xc2, 0xea, 0x15, 0x3e,
  0xe4, 0xd4, 0xda, 0xbd, 0xc3, 0x41, 0x8d, 0x3d, 0x9a, 0x42, 0x7c, 0xbe,
  0x9a, 0x20, 0x13, 0x3e, 0xf3, 0x99, 0x84, 0xbd, 0xf3, 0xbd, 0x2b, 0x3e,
  0x9e, 0x0d, 0x25, 0xbe, 0xe0, 0x05, 0xf8, 0xbd, 0x47, 0x65, 0x28, 0xbe,
  0x10, 0x43, 0x42, 0x3e, 0xfe, 0x72, 0xd8, 0x3d, 0xc3, 0xbb, 0xd1, 0xbd,
  0x03, 0x37, 0x0a, 0x3e, 0xf3, 0x0e, 0x06, 0x3e, 0xba, 0x6f, 0xaa, 0x3d,
  0x8f, 0xc3, 0xaf, 0xbb, 0x05, 0x11, 0x45, 0xbe, 0xaa, 0xf4, 0x1c, 0xbe,
  0x1f, 0xba, 0xe8, 0xbd, 0x92, 0xf3, 0xd5, 0xbd, 0x87, 0x76, 0xf2, 0x3c,
  0x75, 0x9f, 0xd4, 0xbb, 0xeb, 0xfd, 0x5e, 0x3e, 0xea, 0xc8, 0x3e, 0x3e,
  0x5a, 0xb7, 0x37, 0xbd, 0xcd, 0xa4, 0x00, 0x3e, 0xb1, 0xae, 0x7d, 0xbd,
  0x38, 0xb2, 0xeb, 0xbd, 0x69, 0x62, 0x66, 0xbe, 0x2c, 0xd0, 0x80, 0xbe,
  0xa0, 0xd8, 0xd9, 0xbc, 0xd7, 0x8e, 0x05, 0x3d, 0x0a, 0x19, 0x84, 0xbe,
  0x1d, 0x4c, 0x25, 0xbe, 0x8c, 0x09, 0x18, 0x3c, 0x38, 0x95, 0x3b, 0xbe,
  0xc2, 0xd0, 0xf6, 0x3d, 0x84, 0xa3, 0x86, 0x3b, 0x55, 0x5c, 0xc6, 0x3d,
  0xb2, 0xe8, 0xc8, 0xbd, 0xc5, 0xd6, 0x34, 0xbe, 0xc9, 0x34, 0x2f, 0x3e,
  0x62, 0xbe, 0x7a, 0xbe, 0x47, 0xcb, 0xc1, 0xbc, 0xc9, 0x2e, 0x21, 0x3e,
  0x52, 0x0d, 0x99, 0x3b, 0xae, 0xf4, 0x31, 0xbe, 0x63, 0x1b, 0xe6, 0xbd,
  0x4d, 0xdc, 0xd3, 0x3d, 0x74, 0x93, 0xe7, 0x3c, 0x34, 0x27, 0xdc, 0xbd,
  0x15, 0x35, 0x7f, 0x3d, 0xe9, 0x7b, 0x4f, 0x3d, 0xb1, 0x67, 0x53, 0x3e,
  0x18, 0x51, 0x3c, 0x3e, 0x79, 0x88, 0xfb, 0xbc, 0x64, 0xcc, 0x57, 0x3e,
  0xdd, 0x51, 0xe5, 0x3d, 0x54, 0x32, 0x6a, 0x3e, 0x01, 0xa6, 0x1d, 0x3d,
  0x37, 0x76, 0x18, 0xbc, 0x4f, 0x08, 0x29, 0x3c, 0xc5, 0x39, 0x38, 0x3e,
  0xb1, 0x14, 0x74, 0xbe, 0xe8, 0xdb, 0x27, 0x3e, 0xa5, 0xb4, 0x92, 0x3d,
  0xde, 0xb1, 0xc5, 0x3d, 0xe7, 0x74, 0x4d, 0xbe, 0xa5, 0x69, 0x45, 0x3d,
  0x92, 0x57, 0xde, 0x3d, 0xd4, 0x2f, 0x30, 0x3e, 0xef, 0xab, 0xf4, 0x3d,
  0xaf, 0xe5, 0x14, 0xbe, 0x42, 0x35, 0x94, 0xbd, 0x3a, 0xeb, 0x8f, 0x3d,
  0x8b, 0x60, 0xcb, 0xbd, 0x31, 0x68, 0x40, 0x3e, 0x68, 0x01, 0x5f, 0x3e,
  0x2a, 0x0a, 0x11, 0x3e, 0x59, 0xc2, 0x1e, 0x3d, 0x68, 0x02, 0xfc, 0xbd,
  0x58, 0xa4, 0xc9, 0x3d, 0x3d, 0xf7, 0x4e, 0x3e, 0x78, 0x1c, 0x5f, 0x3d,
  0x6f, 0x3b, 0x6a, 0x3e, 0xe4, 0x63, 0x68, 0x3d, 0x59, 0x16, 0x4e, 0x3e,
  0x6e, 0x50, 0x84, 0x3e, 0xaa, 0x75, 0x07, 0x3e, 0x37, 0xeb, 0xd7, 0xbd,
  0xac, 0x27, 0x0c, 0x3e, 0x52, 0xc2, 0x3b, 0x3d, 0x51, 0x68, 0x2d, 0x3e,
  0xf5, 0x24, 0x05, 0xbe, 0xdd, 0x44, 0x03, 0x3e, 0xf3, 0x8b, 0x74, 0x3d,
  0x44, 0x50, 0x69, 0xbe, 0x57, 0x6f, 0xf6, 0x3d, 0xe5, 0x50, 0x07, 0x3e,
  0x7e, 0x97, 0xb7, 0x3d, 0x72, 0x28, 0xa7, 0x3d, 0x89, 0x6a, 0xa4, 0x3d,
  0x9b, 0xf2, 0x39, 0xbe, 0x48, 0x71, 0x76, 0x3e, 0xf1, 0xe3, 0x17, 0x3e,
  0x98, 0x94, 0xc9, 0x3d, 0xd2, 0x50, 0x5b, 0x3d, 0x5a, 0x6e, 0x42, 0x3d,
  0xe7, 0x94, 0xb7, 0x3d, 0xce, 0x33, 0x84, 0xbe, 0x85, 0xfd, 0x00, 0x3e,
  0x9a, 0xb9, 0x10, 0x3e, 0x84, 0x16, 0x00, 0x3e, 0xc6, 0xe8, 0xd0, 0x3d,
  0xc2, 0xc6, 0x2d, 0xbe, 0xc0, 0x09, 0x33, 0xbe, 0x5c, 0x13, 0xde, 0x3b,
  0xec, 0x74, 0x1b, 0xbe, 0xd4, 0x86, 0x95, 0x3e, 0xa1, 0x90, 0x92, 0x3e,
  0xf8, 0x25, 0x3d, 0xbe, 0x91, 0x13, 0xf9, 0x3d, 0xff, 0xc1, 0x5b, 0xbe,
  0x5f, 0xb3, 0x83, 0xbe, 0x41, 0xe8, 0x81, 0x3d, 0xba, 0xf0, 0x12, 0x3d,
  0x4e, 0xd6, 0xdd, 0x3b, 0xa6, 0x95, 0x4a, 0xbe, 0x38, 0x05, 0x41, 0xbe,
  0x8e, 0x71, 0x8d, 0xbd, 0xe3, 0xe3, 0x17, 0xbe, 0xbf, 0xbd, 0x02, 0xbe,
  0x29, 0x4f, 0xad, 0xbb, 0x40, 0xd4, 0x60, 0x3e, 0x13, 0x16, 0xe6, 0xbd,
  0x18, 0xe9, 0x86, 0x3e, 0x0a, 0x30, 0x06, 0x3e, 0xde, 0xa1, 0xfd, 0x3d,
  0x7e, 0x8d, 0x8f, 0xbc, 0x61, 0xd4, 0x0b, 0xbd, 0xd6, 0x34, 0x2d, 0xbd,
  0x24, 0x3b, 0xf9, 0x3d, 0x12, 0x83, 0x6c, 0x3e, 0x39, 0xad, 0xd8, 0xbc,
  0x0e, 0x6a, 0x4e, 0xbd, 0xd4, 0x9b, 0xb3, 0xbd, 0xc2, 0x89, 0x6c, 0x3e,
  0x24, 0x5f, 0xf5, 0xbc, 0x51, 0xcb, 0xa6, 0x3d, 0x47, 0xcc, 0xb7, 0xbd,
  0x28, 0xad, 0x3e, 0x3c, 0x46, 0xf7, 0x68, 0xbe, 0x2c, 0xef, 0x2b, 0xbe,
  0x51, 0xac, 0x05, 0x3e, 0xba, 0x41, 0x84, 0x3e, 0xfa, 0xea, 0x32, 0x3e,
  0xa0, 0x93, 0x82, 0x3d, 0xbf, 0x43, 0x98, 0xbd, 0x52, 0xe2, 0x3d, 0x3e,
  0x8d, 0x93, 0x07, 0xbe, 0xb9, 0xf8, 0x14, 0x3e, 0x1f, 0x2f, 0x13, 0x3e,
  0x05, 0xbc, 0x39, 0x3e, 0xe0, 0xe5, 0xbc, 0xbd, 0xaf, 0x7d, 0x6a, 0xbe,
  0xe8, 0x8f, 0x1d, 0x3e, 0x8a, 0xbd, 0x50, 0xbe, 0x87, 0x67, 0x9c, 0x3d,
  0x9c, 0x3e, 0xa5, 0x3a, 0x93, 0xaf, 0x48, 0xbe, 0x61, 0xd9, 0x51, 0x3d,
  0x12, 0x68, 0x12, 0x3e, 0xbb, 0x8e, 0xa6, 0xbd, 0x1d, 0x35, 0x70, 0xbd,
  0x5f, 0xdb, 0x3f, 0x3d, 0xdd, 0x08, 0x28, 0x3e, 0x9b, 0xc2, 0x9f, 0xbd,
  0xa4, 0xfd, 0x10, 0xbe, 0xf0, 0x0a, 0x93, 0xbd, 0xf1, 0x1d, 0x3d, 0xbe,
  0x43, 0x65, 0x5e, 0xbe, 0xc9, 0xc7, 0xe7, 0x3d, 0x99, 0xec, 0xca, 0x3d,
  0x6e, 0xd4, 0x2e, 0xbd, 0xb2, 0x8b, 0xa3, 0xbd, 0xa9, 0x8a, 0x4b, 0x3e,
  0xdc, 0x20, 0xc9, 0x3d, 0x6e, 0x31, 0x8c, 0xbd, 0x95, 0xfc, 0x2f, 0xbd,
  0x76, 0x41, 0x50, 0x3e, 0x55, 0xc2, 0xa0, 0x3d, 0xd4, 0xed, 0xea, 0xbd,
  0x76, 0xb0, 0x46, 0x3d, 0x73, 0x13, 0xfe, 0x3c, 0x2a, 0xdc, 0x05, 0xbd,
  0x22, 0x6d, 0x13, 0x3b, 0x35, 0x88, 0x10, 0x3e, 0x67, 0xf4, 0x3f, 0x3d,
  0x10, 0xcc, 0x18, 0xbe, 0x14, 0x5b, 0x23, 0x3e, 0x18, 0xc0, 0x9f, 0x3d,
  0x2e, 0xdd, 0x49, 0x3c, 0x1b, 0x51, 0xae, 0x3b, 0x50, 0x2c, 0xbd, 0x3b,
  0x42, 0x8f, 0x7e, 0x3e, 0xda, 0x7c, 0x0b, 0xbe, 0x92, 0x8f, 0xce, 0x3d,
  0x2c, 0x71, 0x0e, 0xbe, 0x7d, 0x2b, 0x2e, 0xbe, 0x14, 0x2a, 0xaa, 0x3c,
  0xc6, 0xbd, 0xfe, 0x3d, 0xa6, 0x18, 0x27, 0xbe, 0x6e, 0x2a, 0x67, 0xbe,
  0x39, 0xde, 0x49, 0x3e, 0x01, 0x2c, 0x60, 0xbe, 0x8f, 0xb8, 0x76, 0xbe,
  0x70, 0x0b, 0x2d, 0xbd, 0x3e, 0x2c, 0xe5, 0x3c, 0x52, 0x9f, 0xe4, 0x3d,
  0xf9, 0x88, 0x09, 0x3d, 0x33, 0xa1, 0x06, 0xbe, 0xb9, 0xd0, 0x50, 0xbe,
  0xe8, 0xa4, 0xac, 0xbd, 0x35, 0x9a, 0x16, 0x3e, 0x35, 0x41, 0x57, 0x3e,
  0xd5, 0x6a, 0x8d, 0xbc, 0x1b, 0x94, 0x7a, 0x3e, 0x55, 0xfd, 0x30, 0x3e,
  0x07, 0x9f, 0x25, 0xbe, 0x95, 0x26, 0x2d, 0x3e, 0xf0, 0x3b, 0x68, 0xbd,
  0xd8, 0x35, 0xd3, 0x3d, 0xb8, 0x9b, 0x5b, 0x3e, 0x49, 0x05, 0x0b, 0x3d,
  0x3d, 0x86, 0x40, 0xbb, 0x82, 0x36, 0x62, 0x3e, 0x71, 0xca, 0x8d, 0xbd,
  0x08, 0x2a, 0xc2, 0xbd, 0x14, 0x1d, 0x07, 0xbe, 0x80, 0xfa, 0x18, 0x3e,
  0xc4, 0x98, 0x81, 0xbe, 0x3c, 0x03, 0xc2, 0xbc, 0x68, 0x13, 0x1e, 0xbd,
  0x3f, 0x53, 0x12, 0xbd, 0x39, 0x26, 0x0b, 0x3c, 0xa6, 0xc8, 0x1b, 0x3d,
  0xf2, 0x66, 0xa7, 0x3b, 0xfe, 0xca, 0x21, 0xbe, 0x6f, 0xd1, 0x0d, 0xbe,
  0xff, 0x7b, 0xe8, 0xbc, 0x9b, 0xe8, 0x61, 0xbe, 0xd6, 0x24, 0x4f, 0x3e,
  0x8c, 0x42, 0x1f, 0x3d, 0x7b, 0xa7, 0x35, 0x3e, 0x30, 0x61, 0xdf, 0x3d,
  0x5e, 0x3e, 0x6e, 0xbe, 0xaa, 0x34, 0x68, 0x3d, 0x01, 0x6b, 0x5c, 0xbe,
  0xe7, 0x14, 0x27, 0xbe, 0x20, 0x84, 0x08, 0x3e, 0x82, 0xfe, 0xa1, 0x3c,
  0x24, 0x62, 0x7b, 0x3e, 0x77, 0xa9, 0x31, 0x3d, 0x94, 0xb0, 0x19, 0xbe,
  0x8d, 0x76, 0x34, 0xbd, 0xc3, 0x2e, 0x52, 0x3e, 0xd9, 0x87, 0x33, 0xbe,
  0xff, 0x08, 0x0b, 0xbe, 0x01, 0xe6, 0x5f, 0xbe, 0x97, 0xcf, 0x9b, 0x3b,
  0xbd, 0xce, 0x92, 0x3d, 0x6c, 0xc4, 0x30, 0xbd, 0x53, 0x0e, 0xb0, 0xbc,
  0xb5, 0x5d, 0x56, 0x3c, 0x42, 0x54, 0x61, 0xba, 0x5a, 0x57, 0xed, 0x3d,
  0x31, 0xdb, 0x9a, 0x3d, 0x83, 0xf9, 0xfd, 0xbd, 0x1b, 0x42, 0x31, 0x3e,
  0x83, 0x9e, 0x64, 0x3d, 0x0e, 0xce, 0x18, 0x3e, 0x4c, 0xf8, 0x20, 0x3e,
  0x84, 0x75, 0x10, 0xbe, 0x8e, 0xcc, 0x1e, 0x3e, 0x75, 0xf1, 0xed, 0xbd,
  0x04, 0xfe, 0x49, 0x3e, 0x9c, 0x71, 0xfc, 0x3c, 0x4a, 0x99, 0x02, 0xbe,
  0xb4, 0x88, 0x9a, 0xbd, 0x4f, 0x85, 0x9f, 0xbd, 0xc8, 0x2a, 0xcd, 0x3d,
  0x69, 0xd6, 0x42, 0xbc, 0x8b, 0xc5, 0x3e, 0xbe, 0x61, 0xb5, 0x5e, 0x3e,
  0xf6, 0x06, 0x11, 0x3e, 0x5e, 0xf8, 0x15, 0x3e, 0x27, 0x51, 0xe9, 0xbc,
  0x5d, 0x5a, 0x0d, 0xbe, 0xfc, 0xa6, 0x70, 0xbe, 0x9d, 0x5c, 0x31, 0x3e,
  0x80, 0xd1, 0x67, 0xbe, 0x39, 0xad, 0x12, 0xbe, 0x7a, 0x96, 0xcb, 0x3d,
  0x8e, 0x23, 0x21, 0x3e, 0x48, 0xe6, 0x39, 0xbe, 0xa7, 0xa5, 0x9b, 0x3d,
  0xda, 0xdc, 0xdd, 0xbd, 0x34, 0x4d, 0xae, 0xbb, 0x7a, 0x24, 0xd2, 0x3d,
  0xb3, 0x92, 0x18, 0xbe, 0x06, 0x4b, 0xb8, 0xbd, 0x6b, 0xcc, 0xf6, 0x3d,
  0xd0, 0x64, 0x3b, 0xbd, 0x91, 0xa3, 0xbe, 0x3d, 0xca, 0x75, 0xd9, 0xbd,
  0xcd, 0x8e, 0x20, 0x3e, 0xda, 0x61, 0x2e, 0xbe, 0xa9, 0xa7, 0x06, 0x3d,
  0x30, 0xdd, 0x81, 0x3e, 0xef, 0xf0, 0x04, 0xbe, 0xb2, 0x14, 0x98, 0x3d,
  0x30, 0xf1, 0x7a, 0xbd, 0x67, 0xff, 0xae, 0x3d, 0xe7, 0xc5, 0xc2, 0xbd,
  0xea, 0xf3, 0x36, 0x3d, 0xf1, 0xcc, 0x5b, 0x3c, 0x51, 0xc3, 0x4e, 0x3e,
  0xfd, 0x81, 0xd0, 0x3b, 0xb4, 0x8f, 0x86, 0x3d, 0x20, 0xf3, 0x31, 0xbe,
  0xf3, 0xa9, 0x56, 0xbe, 0xb0, 0x8f, 0xd1, 0xbd, 0xad, 0x19, 0x59, 0x3e,
  0x29, 0x88, 0x0b, 0x3e, 0x4a, 0x1b, 0x7d, 0x3d, 0x09, 0xb3, 0xf6, 0x3d,
  0x6c, 0xf1, 0x94, 0xbc, 0x36, 0x0f, 0x0c, 0x3e, 0x2f, 0xd8, 0x5e, 0x3e,
  0xa4, 0xa7, 0x21, 0xbe, 0x46, 0x60, 0x4c, 0xbe, 0x28, 0xa6, 0x2b, 0x3e,
  0x89, 0x12, 0xbe, 0xbd, 0xd9, 0xd5, 0x8c, 0x3b, 0xf6, 0x59, 0x21, 0x3e,
  0xec, 0x86, 0x1e, 0x3e, 0xf2, 0x01, 0x8a, 0x3d, 0x40, 0x28, 0xbe, 0xbd,
  0x06, 0x1b, 0x01, 0xbe, 0xa8, 0xcc, 0x07, 0xbe, 0xc4, 0x63, 0x00, 0xbe,
  0xdd, 0x66, 0x00, 0x3e, 0xa3, 0xf3, 0x92, 0x3d, 0xbf, 0x1f, 0xee, 0xbd,
  0xc2, 0xe8, 0x34, 0xbe, 0xa4, 0x79, 0x86, 0x3e, 0xa8, 0x2a, 0x71, 0xbc,
  0xeb, 0x11, 0x76, 0x3d, 0x7f, 0x98, 0x99, 0xbd, 0xc0, 0x19, 0xce, 0xba,
  0xfe, 0x73, 0x0d, 0x3e, 0x4f, 0xf0, 0x83, 0xbe, 0x79, 0x9e, 0x11, 0xbc,
  0x0f, 0x0a, 0x6b, 0x3e, 0x0b, 0xa1, 0x59, 0xbe, 0x86, 0x7f, 0x40, 0x3e,
  0x58, 0x28, 0xa2, 0xbd, 0xd1, 0x40, 0x91, 0xbc, 0x5b, 0x61, 0xa1, 0xbd,
  0xa2, 0x8a, 0x95, 0xbe, 0x57, 0x57, 0x69, 0x3e, 0x57, 0xc9, 0x8d, 0xbd,
  0x58, 0x46, 0x26, 0xbe, 0x5e, 0x8f, 0x65, 0xbb, 0x36, 0x02, 0x2c, 0xbe,
  0x86, 0xad, 0x19, 0x3e, 0x7e, 0xc6, 0x6e, 0x3e, 0x86, 0x3f, 0x2c, 0x3e,
  0x73, 0x09, 0x10, 0x3e, 0xfd, 0x21, 0x15, 0xbe, 0x78, 0x49, 0x2f, 0xbd,
  0xdb, 0x6e, 0xed, 0xbc, 0x06, 0x3c, 0x7f, 0xbe, 0xb7, 0x66, 0x46, 0xbe,
  0x35, 0xe4, 0x86, 0xbd, 0x71, 0x30, 0x63, 0xbe, 0x25, 0x59, 0x0f, 0x3d,
  0xf6, 0xf5, 0x2d, 0xbe, 0xeb, 0x4b, 0x18, 0x3e, 0x26, 0xf9, 0xe2, 0x3d,
  0xd7, 0xb7, 0xef, 0xbd, 0x29, 0xca, 0xc0, 0x3d, 0x00, 0x5c, 0x1c, 0xbe,
  0x72, 0x1c, 0x00, 0xbe, 0xa1, 0x16, 0xc7, 0x3d, 0x1a, 0xbf, 0xab, 0xbd,
  0xeb, 0x8d, 0x21, 0x3d, 0x54, 0xe2, 0x5f, 0x3e, 0xbf, 0x43, 0x7f, 0xbe,
  0xd4, 0x84, 0xfb, 0x3d, 0x8a, 0x15, 0xd3, 0x3d, 0xea, 0x50, 0x48, 0xbe,
  0xe6, 0x5a, 0x85, 0x3e, 0xd3, 0x86, 0x34, 0x3a, 0xeb, 0x80, 0x2f, 0x3e,
  0xfd, 0xe0, 0x69, 0xbc, 0xab, 0xe2, 0x7f, 0xbe, 0x9c, 0x9e, 0x3c, 0x3e,
  0xd0, 0xfb, 0xfe, 0xbd, 0xfc, 0x5c, 0x03, 0x3e, 0x48, 0x18, 0x72, 0x3e,
  0x1b, 0xa4, 0x4d, 0x3e, 0x6e, 0x24, 0x4f, 0x3e, 0x03, 0x05, 0x22, 0x3e,
  0x4f, 0xcb, 0x12, 0x3d, 0x7a, 0x38, 0xdd, 0x3c, 0x24, 0xea, 0x1f, 0x3e,
  0xe9, 0x98, 0x20, 0x3e, 0x48, 0x1a, 0xa1, 0x3c, 0x0c, 0xfd, 0xf2, 0xbd,
  0xc2, 0x77, 0xca, 0x3d, 0x4f, 0x45, 0x6b, 0xbe, 0x05, 0x99, 0x0b, 0xbd,
  0x51, 0xf3, 0x6a, 0x3d, 0x78, 0x97, 0x15, 0xbe, 0x50, 0x56, 0x21, 0xbe,
  0x72, 0x2e, 0x02, 0x3b, 0x8c, 0x1a, 0x29, 0xbe, 0x1c, 0x2d, 0x0d, 0x3e,
  0x49, 0xbf, 0xc5, 0xbd, 0x4d, 0xd1, 0x0a, 0x3c, 0x44, 0x1a, 0xb7, 0xbd,
  0x14, 0x14, 0x45, 0xbd, 0xb9, 0xd0, 0xde, 0xbd, 0xa2, 0xa2, 0x90, 0xbe,
  0xe0, 0x68, 0x15, 0xbe, 0x0c, 0xa0, 0xa3, 0x3d, 0x73, 0xe2, 0x23, 0x3e,
  0xee, 0xb2, 0x78, 0x3e, 0x9d, 0x9d, 0x8e, 0x3e, 0xb9, 0xad, 0x8a, 0xbd,
  0x2b, 0x79, 0xf6, 0xbd, 0x55, 0x46, 0x36, 0x3d, 0xe4, 0x73, 0x15, 0xbe,
  0x91, 0xd5, 0x60, 0xbe, 0xe9, 0xf4, 0x91, 0x3c, 0x96, 0x9d, 0x28, 0x3d,
  0xda, 0x1d, 0x0e, 0xbe, 0x97, 0x0c, 0x01, 0xbe, 0xb4, 0xff, 0x86, 0xbd,
  0xe9, 0x76, 0xf2, 0xbc, 0x5a, 0x46, 0xbd, 0xbc, 0x8b, 0x46, 0xf7, 0x3d,
  0x2f, 0x13, 0x2e, 0xbc, 0x27, 0x99, 0x22, 0xbe, 0x18, 0xa6, 0x82, 0x3d,
  0xa4, 0x6d, 0x91, 0xbe, 0x0a, 0x08, 0x19, 0xbc, 0xc4, 0x82, 0x85, 0xbd,
  0x80, 0xb6, 0x3f, 0xbd, 0xaa, 0xe0, 0x5c, 0xbe, 0x55, 0x22, 0x00, 0x3e,
  0x82, 0x87, 0x6f, 0xbd, 0x18, 0x74, 0x8e, 0x3d, 0xef, 0x49, 0x34, 0x3d,
  0x15, 0x2d, 0x4c, 0x3e, 0xf7, 0xcc, 0x4a, 0xbe, 0x55, 0xa1, 0x30, 0xbe,
  0x10, 0x7a, 0x19, 0xbc, 0x97, 0xe3, 0x98, 0xbd, 0xb8, 0xcc, 0xb1, 0x3c,
  0x3a, 0x5b, 0x35, 0xbd, 0xce, 0xe2, 0x8e, 0xbe, 0x95, 0x0d, 0x50, 0xbe,
  0x51, 0xfb, 0x1e, 0x3e, 0x51, 0x1f, 0x40, 0x3e, 0x34, 0x0b, 0x89, 0x3d,
  0xbb, 0x79, 0xf6, 0xbc, 0x91, 0x58, 0x21, 0xbe, 0xf3, 0x97, 0xc5, 0x3d,
  0x5a, 0x8b, 0x3a, 0xbe, 0xc1, 0x54, 0x13, 0x3e, 0x9e, 0x2c, 0xe7, 0xbc,
  0x40, 0x39, 0xdb, 0x3d, 0xb2, 0x50, 0xa8, 0x3d, 0xd6, 0x65, 0x1d, 0x3e,
  0x15, 0x4c, 0x4e, 0xbd, 0x93, 0x85, 0x70, 0x3d, 0xae, 0x73, 0xdf, 0xbd,
  0xcd, 0xf2, 0x4f, 0x3e, 0x93, 0x2b, 0x73, 0xbe, 0xcb, 0x95, 0xb8, 0xbd,
  0x81, 0x1c, 0x0f, 0xbe, 0x57, 0xde, 0x95, 0x3d, 0xbe, 0x4c, 0x87, 0xbc,
  0xdc, 0x54, 0x31, 0xbe, 0x0d, 0x57, 0x22, 0xbd, 0xf5, 0x11, 0xdf, 0x3d,
  0xc3, 0x0b, 0x3f, 0xbe, 0xcf, 0x00, 0xb4, 0x3d, 0xbc, 0x55, 0x18, 0xbd,
  0x16, 0x5d, 0x4a, 0xbe, 0x95, 0xe4, 0x65, 0x3e, 0xa8, 0xb9, 0x63, 0x3e,
  0xb8, 0x7d, 0x0b, 0x3d, 0xe2, 0x71, 0x5f, 0xbe, 0x3f, 0xbe, 0x23, 0xbd,
  0x16, 0x75, 0x25, 0xbe, 0x2c, 0xd7, 0x6d, 0x3d, 0xd3, 0xc8, 0x3a, 0x3e,
  0xea, 0xb9, 0x0f, 0x3e, 0xdd, 0x44, 0x27, 0xbe, 0x76, 0xa4, 0x08, 0x3e,
  0xa7, 0x0c, 0x0a, 0x3e, 0xd8, 0xcc, 0x5c, 0xbd, 0x8d, 0xef, 0xeb, 0x3d,
  0xbe, 0xd3, 0x07, 0x3e, 0x30, 0xa2, 0xd3, 0xbd, 0x3c, 0xc5, 0x35, 0xbc,
  0x08, 0xc0, 0x68, 0x3e, 0x99, 0x72, 0x2f, 0xbe, 0xef, 0xf2, 0xad, 0xbd,
  0x14, 0xb2, 0x34, 0xbe, 0x26, 0x8e, 0x07, 0xbe, 0xaa, 0xeb, 0xe7, 0xbd,
  0xc0, 0x72, 0x1d, 0x3e, 0x20, 0x81, 0xba, 0xbc, 0x69, 0x55, 0x50, 0x3e,
  0xb8, 0x15, 0x30, 0xbe, 0x3b, 0x2e, 0xd2, 0x3d, 0x7a, 0x04, 0x6e, 0xbe,
  0xb5, 0x7f, 0xc7, 0x3d, 0x65, 0x65, 0x2d, 0xbe, 0x1b, 0x29, 0x13, 0x3e,
  0x30, 0x1b, 0x64, 0xbd, 0xf4, 0x49, 0xd4, 0xbd, 0xef, 0x89, 0x44, 0xbd,
  0x7f, 0x04, 0x86, 0xbb, 0x9a, 0x15, 0x2f, 0x3e, 0x6c, 0xfa, 0xc3, 0xbd,
  0x33, 0xcb, 0x57, 0x3d, 0x94, 0xf9, 0xc9, 0xbc, 0xad, 0x6e, 0x96, 0x3c,
  0x4d, 0xf5, 0xc2, 0x3d, 0x52, 0x3e, 0x9c, 0x3d, 0x03, 0x97, 0x28, 0xbc,
  0x3e, 0x73, 0x1e, 0xbe, 0xed, 0x22, 0x2e, 0x3e, 0x77, 0x8f, 0x8a, 0x3e,
  0xb6, 0xe8, 0xcd, 0xbd, 0x5c, 0x6c, 0x8c, 0xbc, 0x7f, 0xb2, 0x82, 0xbd,
  0xa7, 0xfc, 0xfb, 0xbd, 0x22, 0xc6, 0x22, 0xbc, 0x00, 0x0c, 0x7f, 0xbe,
  0x16, 0xa3, 0x6c, 0xbe, 0x4a, 0xb3, 0xb3, 0x3d, 0xa9, 0x4f, 0x35, 0x3e,
  0x82, 0x07, 0x22, 0x3e, 0x4a, 0x04, 0x38, 0xbe, 0x6a, 0x3f, 0x3f, 0xbe,
  0xf1, 0x4f, 0x77, 0x3c, 0x51, 0xf0, 0x3c, 0x3c, 0x43, 0x2f, 0x3b, 0xbe,
  0x9b, 0x5e, 0xc4, 0x3c, 0xf9, 0xe9, 0x33, 0xbe, 0xb0, 0x1c, 0x31, 0x3e,
  0x98, 0x44, 0xdc, 0x3d, 0x2e, 0xed, 0x62, 0xbd, 0xba, 0x18, 0x33, 0x3e,
  0x39, 0x08, 0x0a, 0xbe, 0x50, 0x73, 0xe6, 0xbc, 0xf6, 0x0e, 0xf8, 0xbd,
  0xa4, 0xa7, 0x01, 0x3d, 0xa6, 0xed, 0x88, 0x3e, 0x2c, 0xd3, 0x8b, 0xbd,
  0x26, 0xf2, 0xff, 0xff, 0x04, 0x00, 0x00, 0x00, 0x00, 0x0c, 0x00, 0x00,
  0x50, 0x50, 0xf9, 0xbd, 0xc6, 0xc9, 0x40, 0x3e, 0x74, 0x05, 0x28, 0xbe,
  0x82, 0x32, 0xcf, 0xbd, 0xf8, 0x21, 0x86, 0x3d, 0x39, 0xc4, 0xb3, 0x3b,
  0x0b, 0x3e, 0x35, 0xbb, 0x7d, 0x28, 0xad, 0x3d, 0xd4, 0xca, 0xb3, 0x3d,
  0x29, 0xb1, 0x72, 0xbe, 0x5b, 0x87, 0x9e, 0xbe, 0xf3, 0x43, 0x97, 0x3d,
  0x43, 0xd4, 0x08, 0xbc, 0xa8, 0x29, 0xb8, 0x3d, 0x50, 0x88, 0x0a, 0x3d,
  0x83, 0xaf, 0xb6, 0xbd, 0xf6, 0xfb, 0x4a, 0x3e, 0xd9, 0x7b, 0xad, 0x3d,
  0x69, 0x21, 0x54, 0x3e, 0x31, 0x57, 0x51, 0x3e, 0x8a, 0x27, 0x25, 0xbe,
  0x6f, 0x84, 0xcf, 0xbd, 0x31, 0x9e, 0x86, 0xbe, 0x8b, 0x40, 0x76, 0xbd,
  0xf5, 0x73, 0x1a, 0x3e, 0x6f, 0xc0, 0x60, 0xbe, 0xf1, 0x22, 0x39, 0xbd,
  0x9b, 0x07, 0xa8, 0x3d, 0xbf, 0x22, 0x0c, 0x3e, 0x31, 0xec, 0x44, 0xbe,
  0xc6, 0xcc, 0x6a, 0x3d, 0x04, 0x0b, 0x6f, 0xbe, 0xb3, 0x65, 0x85, 0xbd,
  0x95, 0x58, 0x83, 0x3d, 0x40, 0x05, 0x08, 0xbe, 0xd6, 0x24, 0xc3, 0xbd,
  0xaf, 0xfd, 0x81, 0xbe, 0xee, 0x05, 0xf9, 0xbd, 0x27, 0xfa, 0x01, 0xbe,
  0x75, 0x99, 0x2f, 0xbe, 0x88, 0x37, 0xcd, 0x3d, 0x80, 0x09, 0xd5, 0x3d,
  0xa2, 0x7c, 0x84, 0xbe, 0xa7, 0xc1, 0x36, 0xbd, 0x00, 0x12, 0x17, 0xbe,
  0x11, 0x32, 0x03, 0x3c, 0x5f, 0xe3, 0x3b, 0x3e, 0x79, 0x6d, 0x0f, 0x3e,
  0xd6, 0x53, 0x83, 0xbd, 0xb3, 0xbc, 0x4a, 0xbe, 0x74, 0x7c, 0x51, 0x3d,
  0xb9, 0xdd, 0x53, 0xbe, 0xe8, 0x89, 0xc8, 0x3d, 0x4c, 0xc7, 0x3d, 0x3d,
  0x47, 0x20, 0xd5, 0xbc, 0x92, 0x51, 0xbf, 0x3c, 0xa2, 0xd7, 0x6c, 0xbd,
  0x3b, 0x33, 0x25, 0xbe, 0xf6, 0x8b, 0x9f, 0x3c, 0xa9, 0xe4, 0x33, 0xbe,
  0x09, 0xfd, 0x9f, 0xbd, 0x41, 0xa9, 0x29, 0x3e, 0xda, 0xe3, 0x10, 0x3e,
  0x49, 0x5b, 0x1f, 0xbe, 0x4c, 0xce, 0x80, 0xbc, 0x68, 0x17, 0x4b, 0xbe,
  0xa2, 0x08, 0xfd, 0x3d, 0x40, 0xb6, 0x09, 0x3e, 0xf6, 0x71, 0x88, 0x3e,
  0x47, 0x2a, 0xe6, 0xbd, 0x0d, 0x05, 0x26, 0xbe, 0xbb, 0x16, 0x33, 0x3e,
  0x22, 0x41, 0xf7, 0xbc, 0xef, 0xa0, 0xee, 0x3d, 0x2e, 0x28, 0xcb, 0xbb,
  0xa9, 0x8f, 0x17, 0x3d, 0x56, 0xcd, 0xd7, 0x3c, 0xdd, 0x72, 0x2b, 0x3e,
  0xcc, 0xfb, 0x03, 0x3e, 0x64, 0xaf, 0xee, 0x3d, 0x6e, 0xa4, 0x08, 0xbe,
  0x1b, 0x5e, 0x3f, 0x3b, 0x15, 0xbb, 0xb5, 0xbd, 0x9e, 0x85, 0x22, 0x3e,
  0x7e, 0xb6, 0x96, 0x3e, 0x1f, 0x52, 0x35, 0x3e, 0x77, 0x29, 0xcd, 0x3c,
  0xf6, 0x98, 0x19, 0x3d, 0x88, 0x4d, 0xe5, 0xbc, 0x9f, 0x2b, 0x8a, 0x3c,
  0x5c, 0x2e, 0x9b, 0xbc, 0x96, 0xcc, 0x79, 0xbe, 0x41, 0x30, 0x43, 0xbe,
  0xe8, 0x2e, 0xf7, 0xbd, 0x7a, 0x8c, 0x81, 0x3e, 0x77, 0x48, 0x25, 0xbe,
  0x35, 0xe4, 0xfe, 0x3d, 0x57, 0xf5, 0xa7, 0xbd, 0x2c, 0xc9, 0x0d, 0x3d,
  0x3e, 0x3a, 0x02, 0xbe, 0x23, 0x8d, 0x36, 0x3e, 0xbf, 0xb9, 0x23, 0x3d,
  0x1b, 0xe4, 0x7d, 0xbc, 0x14, 0xf1, 0x25, 0xbe, 0x48, 0x6e, 0x6a, 0x3d,
  0x13, 0x33, 0x02, 0x3e, 0x7d, 0x01, 0x75, 0xbe, 0xec, 0xa3, 0x2e, 0x3e,
  0x06, 0xfe, 0xaf, 0x3d, 0x1d, 0x3e, 0x40, 0xbe, 0xdb, 0x37, 0x03, 0xbe,
  0x44, 0x35, 0x76, 0xbe, 0xbc, 0x4e, 0x0e, 0xbd, 0xae, 0x58, 0x05, 0x3d,
  0x6f, 0x55, 0xf8, 0x3d, 0x3e, 0xc5, 0xc7, 0xbd, 0xe6, 0xa5, 0x4c, 0xbe,
  0x52, 0xce, 0x47, 0xbd, 0x50, 0xc4, 0xb1, 0xbd, 0x92, 0x60, 0xc5, 0x3d,
  0xd8, 0x12, 0x89, 0x3d, 0x49, 0xd5, 0xad, 0x3d, 0x4c, 0xca, 0x96, 0xbd,
  0x43, 0xd7, 0x53, 0x3e, 0xa1, 0xb2, 0x69, 0xbe, 0x97, 0x15, 0x0c, 0xbd,
  0x82, 0xa2, 0x94, 0xbe, 0x49, 0xeb, 0x8b, 0xbd, 0x93, 0x11, 0xa0, 0xbd,
  0x85, 0xfa, 0x13, 0xbe, 0x60, 0x8e, 0x57, 0xbe, 0x2f, 0xc2, 0xf4, 0xb9,
  0x6e, 0x71, 0x2e, 0xbe, 0x9b, 0x4a, 0x07, 0xbe, 0xb8, 0x9b, 0xa9, 0x3d,
  0x39, 0x01, 0xb4, 0xbd, 0xdd, 0x8b, 0x2e, 0x3e, 0x97, 0xc4, 0x54, 0x3e,
  0xd4, 0x8f, 0xf5, 0xbd, 0x7b, 0x22, 0x32, 0xbd, 0x3d, 0x2a, 0x80, 0x3e,
  0xa7, 0x94, 0xf4, 0xbc, 0xce, 0xc0, 0x98, 0xbd, 0xde, 0xf6, 0xd3, 0xbd,
  0xc2, 0xce, 0xd0, 0x3d, 0x3f, 0x22, 0x25, 0x3d, 0x3d, 0xe3, 0xd5, 0xbd,
  0x51, 0x39, 0x24, 0x3c, 0x9c, 0x8d, 0x1a, 0xbd, 0x57, 0x4f, 0x66, 0xbd,
  0xdf, 0x90, 0x34, 0x3d, 0xfa, 0xfd, 0x83, 0x3d, 0x48, 0xeb, 0x15, 0xbe,
  0x6f, 0x40, 0x7e, 0x3d, 0x59, 0x9c, 0x97, 0xbe, 0xaf, 0x3c, 0x09, 0x3e,
  0x4a, 0xdb, 0xdb, 0xbc, 0x12, 0x8b, 0x55, 0xbe, 0xd0, 0x23, 0xbb, 0xbc,
  0x62, 0xea, 0x08, 0x3c, 0x02, 0x7c, 0xa3, 0xbd, 0x61, 0x07, 0x9d, 0xbd,
  0x4c, 0x4b, 0x54, 0xbc, 0x0f, 0x49, 0x4b, 0xbe, 0x8a, 0x9d, 0x9e, 0xbc,
  0xcd, 0xa6, 0x6f, 0xbb, 0x91, 0xc1, 0x95, 0xbd, 0xf1, 0x6c, 0x53, 0x3e,
  0xc8, 0x13, 0x83, 0x3e, 0xd1, 0x88, 0x03, 0xbe, 0x81, 0x15, 0x8c, 0xbd,
  0x44, 0x2d, 0x24, 0xbe, 0xca, 0x50, 0xd3, 0x3d, 0x98, 0x1e, 0x46, 0xbe,
  0x62, 0xac, 0xac, 0x3d, 0x3c, 0x92, 0x1c, 0xbe, 0x5f, 0x44, 0xa2, 0x3d,
  0x04, 0x91, 0x35, 0xbc, 0xe2, 0xea, 0x15, 0x3e, 0xf7, 0x90, 0x36, 0x3e,
  0x4a, 0xe8, 0x20, 0xbe, 0xb2, 0xce, 0x98, 0xbd, 0x23, 0xd4, 0x20, 0xbe,
  0x6a, 0x39, 0x14, 0xbe, 0x3d, 0xf2, 0x04, 0xbe, 0x2d, 0x51, 0x9f, 0x3c,
  0x86, 0x13, 0x48, 0xbe, 0x08, 0x5f, 0x15, 0xbd, 0xe9, 0xdc, 0x6f, 0xbe,
  0xde, 0xb9, 0x36, 0xbc, 0x5a, 0x9e, 0xb2, 0xbd, 0xc6, 0xfd, 0x2f, 0xbe,
  0x86, 0xcc, 0x29, 0xbc, 0x45, 0xec, 0x5b, 0x3d, 0x85, 0x74, 0x5f, 0xbe,
  0x85, 0x29, 0xc1, 0x3d, 0x63, 0xcc, 0x3b, 0xbd, 0xa4, 0x45, 0xc3, 0xbd,
  0x87, 0xd8, 0x07, 0x3e, 0x78, 0x91, 0x5e, 0x3d, 0x31, 0xde, 0x5f, 0xbe,
  0xd8, 0x42, 0x8d, 0x3e, 0x76, 0x4f, 0x08, 0xbe, 0x6b, 0xc8, 0x7a, 0xbe,
  0x2e, 0xb5, 0xde, 0x3d, 0x98, 0x8d, 0x01, 0xbe, 0xf9, 0xbd, 0x0f, 0x3d,
  0xe6, 0x43, 0x4b, 0x3e, 0xde, 0x59, 0xb1, 0x3b, 0xd2, 0x17, 0xc0, 0xbc,
  0x4b, 0x0f, 0x79, 0x3d, 0x44, 0x7e, 0xd0, 0xbc, 0x73, 0x17, 0xf3, 0xbc,
  0x0d, 0xef, 0x3e, 0xbe, 0x3c, 0x63, 0x3e, 0xbc, 0x5e, 0x93, 0x4c, 0xbe,
  0x70, 0x6f, 0xb0, 0xbd, 0xfc, 0xa3, 0xe1, 0x3d, 0xc0, 0x8d, 0xc0, 0xbd,
  0x9b, 0x81, 0x86, 0xbd, 0x9d, 0xa8, 0x38, 0xbe, 0x6a, 0xe7, 0x57, 0x3e,
  0x65, 0xac, 0x3c, 0xbe, 0x74, 0x2e, 0x2f, 0xbe, 0x62, 0x80, 0xff, 0x3d,
  0x6f, 0x99, 0x94, 0xbd, 0xec, 0x6e, 0x41, 0x3e, 0xd7, 0x80, 0xd9, 0x3b,
  0x2e, 0xe9, 0x89, 0x3e, 0xa5, 0xa1, 0x86, 0xbd, 0x1b, 0xe6, 0x43, 0x3e,
  0xf2, 0x19, 0x19, 0xbe, 0x66, 0xd3, 0x7a, 0xbd, 0x7d, 0x15, 0x10, 0x3e,
  0x63, 0x7c, 0x4c, 0x3e, 0xee, 0x44, 0x57, 0x3e, 0xa8, 0x62, 0x53, 0xbe,
  0x14, 0x28, 0xf2, 0xbd, 0x1c, 0x3f, 0x19, 0x3e, 0xbf, 0xa5, 0x11, 0xbd,
  0xf6, 0x0b, 0xbd, 0xbd, 0x25, 0x60, 0x08, 0x3c, 0x46, 0x01, 0x65, 0x3d,
  0xb2, 0xd5, 0xc7, 0xbd, 0x98, 0x52, 0x2a, 0xbc, 0xc1, 0x9e, 0xe9, 0xbd,
  0x92, 0x5c, 0x5a, 0xbe, 0x32, 0x1c, 0xed, 0xbc, 0x81, 0xab, 0xd4, 0xbd,
  0x3c, 0x1c, 0x68, 0xbd, 0x91, 0x8f, 0xbd, 0x3d, 0x4a, 0x65, 0x10, 0xbe,
  0x9d, 0xc5, 0xb2, 0xbd, 0xc6, 0x20, 0x12, 0x3d, 0xd9, 0xeb, 0x42, 0xbe,
  0xde, 0x8d, 0xd1, 0xbb, 0x7c, 0xaf, 0x14, 0xbe, 0xf4, 0x10, 0xb7, 0x3d,
  0xe6, 0x8a, 0x84, 0xbe, 0xf6, 0x43, 0x47, 0xbe, 0x57, 0x9c, 0xe0, 0x3c,
  0x9d, 0xde, 0xdf, 0x3d, 0xdc, 0x1d, 0x8c, 0xbe, 0x01, 0xa7, 0x63, 0xbc,
  0xbf, 0xf9, 0xfe, 0x3d, 0x56, 0x31, 0xcf, 0xbb, 0x00, 0xcd, 0x61, 0x3d,
  0xeb, 0xf9, 0x6c, 0x3e, 0x67, 0xfa, 0x03, 0x3e, 0x95, 0x81, 0xc9, 0xbd,
  0x64, 0x9e, 0x66, 0xbe, 0xbd, 0xce, 0xfe, 0xbd, 0x59, 0x4e, 0xb5, 0xbd,
  0xd8, 0xd5, 0x04, 0xbe, 0xec, 0xf7, 0x24, 0x3e, 0xe1, 0xa3, 0x13, 0xbe,
  0xcb, 0xf7, 0x2e, 0x3d, 0xbd, 0xec, 0x5b, 0x3e, 0x90, 0xa3, 0xa0, 0x3d,
  0x36, 0x31, 0x49, 0x3c, 0xf0, 0xd5, 0x49, 0x3d, 0xc6, 0x9d, 0xff, 0x3d,
  0x3a, 0x8d, 0x54, 0x3d, 0x41, 0x60, 0xc5, 0xbc, 0x53, 0x25, 0x0f, 0x3e,
  0x12, 0x6d, 0x6e, 0xbe, 0xdd, 0x63, 0xa6, 0xbe, 0xa6, 0xb4, 0x2c, 0xbe,
  0x58, 0xfa, 0x7d, 0xbd, 0x2c, 0x32, 0xe7, 0x3d, 0x78, 0xf2, 0xa1, 0x3d,
  0xf6, 0x07, 0x3c, 0xbe, 0x7e, 0x43, 0x44, 0x3e, 0x92, 0x9d, 0xf6, 0xbd,
  0xda, 0x1e, 0x5e, 0x3e, 0x47, 0x7d, 0x60, 0xbe, 0x12, 0xad, 0xe1, 0xbc,
  0x63, 0x46, 0x8c, 0x3d, 0x31, 0xe5, 0x0c, 0xbe, 0x8f, 0x3f, 0x8c, 0xbd,
  0x41, 0xba, 0xf8, 0x3d, 0x0f, 0xcd, 0x53, 0x3e, 0xee, 0x77, 0x2f, 0x3e,
  0x5b, 0x7e, 0x86, 0xbc, 0xd5, 0x6c, 0x3d, 0xbe, 0x8c, 0xe7, 0x80, 0x3c,
  0xf9, 0x86, 0x3c, 0x3e, 0x7a, 0x50, 0x60, 0xbe, 0xa2, 0x44, 0x15, 0x3e,
  0x03, 0xae, 0xdc, 0x3d, 0xf3, 0xa6, 0x70, 0xbd, 0x4b, 0xfd, 0x33, 0xbe,
  0x26, 0xe9, 0x25, 0xbe, 0x41, 0x22, 0x69, 0xbd, 0xad, 0x2b, 0x0c, 0xbe,
  0x62, 0x11, 0xb8, 0xbc, 0x4c, 0x5e, 0x3c, 0xbb, 0xe0, 0xb5, 0x40, 0x3e,
  0xb5, 0x28, 0x37, 0xbe, 0x0d, 0x5e, 0x54, 0x3e, 0xb2, 0x6f, 0xe8, 0xbc,
  0x2e, 0x1f, 0x25, 0xbe, 0x1b, 0x33, 0x56, 0xbd, 0xb1, 0x70, 0x6c, 0xbe,
  0x78, 0xf4, 0x43, 0x3e, 0x24, 0x9b, 0x38, 0x3e, 0x20, 0xea, 0xf0, 0x3d,
  0xff, 0x5e, 0xd1, 0x3d, 0x0e, 0x45, 0x0e, 0xbd, 0xf5, 0xc0, 0x2c, 0xbd,
  0xd7, 0x6b, 0x76, 0xbd, 0x9f, 0xd3, 0x57, 0xbe, 0x84, 0x71, 0x3c, 0x3e,
  0xb2, 0xba, 0x4d, 0x3e, 0xa4, 0x3c, 0x5a, 0xbe, 0xf9, 0xbc, 0x76, 0x3e,
  0x7f, 0xb1, 0x31, 0xbe, 0x4e, 0x87, 0x77, 0x3d, 0xe6, 0x7e, 0x20, 0xbe,
  0x8a, 0x78, 0x64, 0xbe, 0xc5, 0xc8, 0x87, 0xbe, 0x2e, 0x79, 0x3d, 0x3b,
  0x35, 0x73, 0x71, 0xbe, 0xb3, 0x1d, 0x5e, 0x3e, 0xcd, 0x56, 0xe5, 0xbd,
  0x97, 0xa6, 0x4f, 0x3e, 0x67, 0x2f, 0xc1, 0x3d, 0x67, 0x76, 0xc6, 0x3d,
  0x69, 0xdb, 0x1f, 0xbd, 0xd2, 0x7d, 0xe2, 0xbd, 0xf1, 0x1a, 0x5e, 0xbe,
  0x83, 0x20, 0x3b, 0x3e, 0x5e, 0x16, 0xc3, 0xbd, 0xe7, 0xb3, 0xf4, 0x3c,
  0xd3, 0x6b, 0xa6, 0xbd, 0xef, 0xaf, 0x34, 0xbd, 0x92, 0xc1, 0x5e, 0xbe,
  0xf9, 0x09, 0x79, 0x3d, 0x4f, 0xa2, 0xee, 0xbd, 0xe9, 0x9c, 0xbe, 0xbd,
  0x3c, 0x93, 0x00, 0xbc, 0x09, 0x80, 0x70, 0xbd, 0xb0, 0x69, 0x79, 0xbd,
  0x5f, 0x56, 0xfa, 0x3d, 0xd5, 0x0d, 0xd4, 0x3d, 0x22, 0xcd, 0xa1, 0xbd,
  0xa3, 0x00, 0x9d, 0xbe, 0xf1, 0x9d, 0x5d, 0xbd, 0x4e, 0x62, 0x90, 0x3c,
  0xb1, 0x5a, 0x0b, 0xbd, 0xda, 0xed, 0xd5, 0x3c, 0xf6, 0x8a, 0x00, 0xbe,
  0xaa, 0x16, 0x1a, 0x3e, 0xc9, 0x15, 0xe6, 0x3c, 0x4c, 0x82, 0x76, 0xbe,
  0x04, 0x3c, 0x4e, 0x3e, 0x14, 0x56, 0x17, 0x3e, 0x93, 0x15, 0xbd, 0xbd,
  0x8f, 0x5b, 0xee, 0x3d, 0x1d, 0xdf, 0x2a, 0xbd, 0xd5, 0xca, 0x3b, 0xbe,
  0x3e, 0x72, 0x2e, 0xbe, 0x7c, 0x57, 0x10, 0x3d, 0x57, 0x48, 0x7e, 0xbe,
  0x33, 0xd0, 0xf4, 0xbd, 0xae, 0xc8, 0xf0, 0xbd, 0x53, 0x30, 0x37, 0x3e,
  0xde, 0x3b, 0x0e, 0x3e, 0x4e, 0xee, 0x34, 0x3d, 0xee, 0xcd, 0x30, 0xbe,
  0x5e, 0x5a, 0xac, 0xbd, 0xc4, 0x17, 0xe0, 0xbc, 0x01, 0x98, 0x22, 0x3e,
  0x84, 0x7b, 0xfc, 0xbd, 0x4c, 0xa0, 0x0b, 0x3e, 0xc4, 0x88, 0xf4, 0xbd,
  0x4f, 0x56, 0x20, 0x3e, 0xeb, 0xa0, 0xcb, 0xbd, 0x3b, 0x44, 0x3b, 0x3e,
  0x17, 0xfc, 0x37, 0x3d, 0x41, 0x96, 0xac, 0x3d, 0xb5, 0x1d, 0x98, 0xbe,
  0xcf, 0x8a, 0x1a, 0xbd, 0x91, 0x34, 0x3d, 0xbe, 0xf9, 0xd0, 0x61, 0x3e,
  0x10, 0x37, 0x4a, 0x3d, 0xef, 0xcc, 0xc8, 0xbd, 0x95, 0x8a, 0x38, 0x3d,
  0xc6, 0x78, 0x23, 0xbd, 0x63, 0x30, 0xcf, 0x3d, 0x86, 0x35, 0x21, 0x3e,
  0x9f, 0xc0, 0xcf, 0x3d, 0x96, 0xfe, 0x4d, 0xbe, 0x6b, 0x04, 0xf1, 0xbd,
  0x81, 0x3e, 0x2a, 0x3e, 0x50, 0x0b, 0x34, 0x3d, 0x39, 0x8f, 0xbf, 0x3c,
  0xce, 0x19, 0xa8, 0x3d, 0x1d, 0xec, 0x60, 0xbd, 0x2e, 0x8a, 0xb0, 0xbc,
  0x89, 0x31, 0x9b, 0x3e, 0x60, 0xe9, 0xf3, 0xbc, 0x55, 0xd5, 0x96, 0x3d,
  0x5c, 0x06, 0x6e, 0xbd, 0x19, 0xa0, 0x20, 0xbe, 0xe6, 0x4c, 0xeb, 0xbd,
  0xbc, 0x73, 0x0d, 0x3e, 0x42, 0xf6, 0x25, 0x3e, 0x21, 0xe4, 0x29, 0xbe,
  0xeb, 0xd7, 0x9e, 0xbd, 0x62, 0x65, 0x0c, 0x3e, 0x61, 0x4b, 0xb7, 0x3d,
  0x1d, 0xab, 0x8d, 0xbd, 0xd0, 0xd5, 0x5c, 0xbe, 0xd7, 0x14, 0x9b, 0xbb,
  0xf5, 0x73, 0x44, 0xbe, 0x30, 0x70, 0x78, 0x3e, 0x76, 0xc6, 0xed, 0x3d,
  0x8a, 0x76, 0x53, 0xbe, 0x88, 0xe5, 0xed, 0xbd, 0xe2, 0x12, 0x51, 0xbe,
  0xd8, 0xf4, 0x23, 0x3e, 0x0a, 0x13, 0x4e, 0x3d, 0x2c, 0xeb, 0x39, 0xbe,
  0x2a, 0x16, 0x98, 0x3d, 0x24, 0x49, 0x07, 0x3e, 0xac, 0x1a, 0x20, 0x3e,
  0x08, 0x01, 0x15, 0xbe, 0xe7, 0x1a, 0x32, 0x3d, 0x61, 0xfd, 0x31, 0xbd,
  0x5d, 0x48, 0x96, 0xbd, 0x22, 0xa5, 0x13, 0xbe, 0x87, 0x1d, 0xb3, 0x3d,
  0xbc, 0x80, 0x4f, 0xbc, 0x3f, 0x76, 0x3d, 0x3e, 0xb9, 0x02, 0x34, 0x3e,
  0x7a, 0x94, 0x40, 0x3e, 0x4d, 0x26, 0x29, 0x3e, 0xa6, 0x41, 0x4f, 0x3d,
  0x1c, 0x8c, 0xf7, 0x3b, 0xbf, 0x02, 0x75, 0xbe, 0x19, 0x8e, 0x4b, 0x3c,
  0x54, 0xa1, 0x7d, 0x3d, 0xe9, 0xbb, 0x76, 0x3e, 0x63, 0x40, 0x18, 0x3e,
  0xf5, 0x8e, 0x3e, 0xbe, 0x05, 0xb0, 0x83, 0x3d, 0xd2, 0x08, 0xf1, 0xbd,
  0xd2, 0xe3, 0xb8, 0x3d, 0xeb, 0xeb, 0xc7, 0x3d, 0x8b, 0xa0, 0x9e, 0xbc,
  0x61, 0x07, 0x32, 0xbe, 0x5f, 0x00, 0xab, 0x3d, 0xfe, 0x4a, 0xa2, 0x3d,
  0x64, 0x49, 0x38, 0xbd, 0xe3, 0x44, 0xdc, 0xbd, 0xee, 0x49, 0x23, 0xbe,
  0x5c, 0x60, 0x6b, 0x3e, 0x7f, 0x69, 0xaf, 0xbd, 0x6d, 0x58, 0xcd, 0xbd,
  0x84, 0xaa, 0x2d, 0x3e, 0xb5, 0xfc, 0x37, 0xbe, 0x69, 0x84, 0x2a, 0xbe,
  0xa9, 0x15, 0x76, 0xbe, 0x5f, 0xc2, 0x83, 0x3e, 0xc1, 0x31, 0x48, 0x3e,
  0x93, 0x19, 0x50, 0xbd, 0x85, 0xea, 0x9d, 0x3d, 0x79, 0xe1, 0x72, 0xbe,
  0x4f, 0x91, 0xa2, 0xbd, 0x39, 0x7c, 0xcd, 0xbd, 0x7b, 0xb1, 0x82, 0xbd,
  0x0a, 0x17, 0x6c, 0xbe, 0xaa, 0x6e, 0x05, 0x3e, 0x07, 0x78, 0x1e, 0xbc,
  0x55, 0xe0, 0x45, 0x3d, 0xd6, 0xcb, 0xe3, 0xbb, 0x58, 0xb4, 0xf0, 0xbd,
  0x1d, 0x94, 0x08, 0x3e, 0xe8, 0x49, 0x46, 0x3e, 0x3b, 0x05, 0xd1, 0x3d,
  0x55, 0xed, 0x4b, 0x3e, 0x51, 0x86, 0x8b, 0x3d, 0x1b, 0x4f, 0xbf, 0xbd,
  0xd7, 0x48, 0xe6, 0x3d, 0xa1, 0x10, 0x3a, 0xbd, 0x89, 0x23, 0xa1, 0x3b,
  0xd4, 0x08, 0xee, 0xbc, 0x12, 0xc5, 0x28, 0x3e, 0x78, 0x40, 0x18, 0x3d,
  0xed, 0x88, 0x83, 0x3d, 0x8e, 0xcf, 0x63, 0xbd, 0xb7, 0x7d, 0x36, 0xbd,
  0x11, 0x2c, 0x4e, 0xba, 0xb3, 0x88, 0x00, 0xbd, 0x83, 0xa7, 0x1f, 0xbe,
  0xea, 0x2e, 0x0d, 0x3e, 0x90, 0xbd, 0x1c, 0xbe, 0xde, 0x13, 0x9b, 0x3d,
  0x94, 0x2b, 0xf8, 0x3d, 0xf7, 0x30, 0xe1, 0xbd, 0xe3, 0x40, 0x0b, 0xbd,
  0xb5, 0x09, 0x4d, 0xbe, 0xf4, 0x74, 0x70, 0xbe, 0x51, 0xa3, 0x06, 0xbe,
  0xc0, 0x55, 0x42, 0x3d, 0x22, 0x92, 0xcc, 0xbd, 0x49, 0x49, 0xeb, 0x3c,
  0x99, 0x8a, 0x9b, 0xbc, 0x0a, 0xd3, 0xd3, 0xbc, 0xaa, 0xab, 0xa4, 0x3b,
  0x7f, 0xe8, 0x6e, 0x3d, 0x5a, 0x88, 0x21, 0xbe, 0xd7, 0xcf, 0x6f, 0x3d,
  0xa5, 0x42, 0x75, 0xbe, 0xce, 0x2a, 0x94, 0x3d, 0xc6, 0xf6, 0x78, 0xbe,
  0x87, 0xff, 0xce, 0xbd, 0x55, 0x64, 0xd9, 0xbc, 0x9d, 0xf0, 0x25, 0x3d,
  0x0e, 0xf8, 0x16, 0x3e, 0xb1, 0x57, 0x56, 0xbe, 0x90, 0xf8, 0x6a, 0xbe,
  0x16, 0x2d, 0xcd, 0xbb, 0x0f, 0x1b, 0xc1, 0xbc, 0xcf, 0xcd, 0x3d, 0xbe,
  0xdc, 0xcd, 0x19, 0x3e, 0x1b, 0x11, 0x53, 0x3e, 0x6c, 0x70, 0xe3, 0xbc,
  0xbc, 0x62, 0xce, 0x3d, 0x25, 0xbc, 0x5b, 0xbe, 0x46, 0x37, 0xf8, 0x3d,
  0x16, 0x75, 0xaf, 0x3d, 0xee, 0x89, 0x79, 0xbe, 0x16, 0x37, 0x1b, 0xbb,
  0x0b, 0xba, 0xfd, 0x3d, 0xcb, 0xa6, 0x6f, 0xbd, 0xd9, 0x8f, 0x72, 0xbd,
  0x99, 0x96, 0x4b, 0x3d, 0x60, 0xc6, 0x7d, 0xbd, 0x46, 0xe0, 0x81, 0xbe,
  0x69, 0xd3, 0xa1, 0x3d, 0xfb, 0x03, 0x06, 0xbd, 0xba, 0xaf, 0x4a, 0xbe,
  0xc1, 0x97, 0x8d, 0xbe, 0x30, 0x50, 0x12, 0xbe, 0xbc, 0xce, 0xb4, 0xbc,
  0x05, 0x51, 0x23, 0x3e, 0xc3, 0xd1, 0xb5, 0x3d, 0xb6, 0xfd, 0xe6, 0xbd,
  0x3e, 0x21, 0x59, 0xbd, 0xea, 0x0b, 0xcf, 0x3d, 0x5c, 0xdf, 0xc8, 0x3d,
  0x40, 0x93, 0x5b, 0xbe, 0x9f, 0x17, 0xdb, 0xbd, 0x3e, 0xc5, 0x01, 0xbe,
  0x99, 0x92, 0x82, 0xbd, 0x65, 0x06, 0x36, 0xbe, 0xf2, 0x28, 0x5c, 0x3e,
  0x63, 0x2d, 0x43, 0x3d, 0x8e, 0xbf, 0x47, 0xbe, 0xd9, 0x6d, 0x0c, 0x3e,
  0xe8, 0x5e, 0x1e, 0xbe, 0xbf, 0xd3, 0x96, 0xbd, 0x1c, 0x79, 0x23, 0x3d,
  0x19, 0xc5, 0x32, 0x3e, 0x31, 0x37, 0x7f, 0xbd, 0x1f, 0x90, 0x30, 0xbe,
  0xd3, 0x9d, 0xa5, 0xbd, 0x72, 0xaa, 0x42, 0x3e, 0x09, 0x10, 0x4b, 0x3d,
  0xdd, 0x27, 0x5b, 0xbe, 0xce, 0xed, 0x5d, 0xbc, 0xcd, 0x35, 0x52, 0xbe,
  0xeb, 0x58, 0xb6, 0x3d, 0x80, 0xa4, 0x0c, 0x3e, 0x73, 0x0c, 0x7b, 0xbe,
  0x65, 0x60, 0x27, 0x3d, 0x66, 0x06, 0xb4, 0xbd, 0xb7, 0x7b, 0x9c, 0x3d,
  0x77, 0x05, 0x34, 0xbe, 0xec, 0xb7, 0x09, 0xbe, 0xff, 0x3e, 0x57, 0xbe,
  0x33, 0x4e, 0xcd, 0xbc, 0x91, 0x5e, 0xb2, 0xbc, 0x44, 0x33, 0xf8, 0x3c,
  0x46, 0x01, 0xa3, 0xbe, 0xa5, 0x1b, 0x88, 0x3d, 0x67, 0xb2, 0x2f, 0x3e,
  0x47, 0xe2, 0xdc, 0x3d, 0x95, 0xb0, 0x0f, 0xbe, 0xb2, 0x94, 0xa6, 0x3c,
  0x41, 0xf9, 0x83, 0xbd, 0xec, 0x31, 0x10, 0x3e, 0x0e, 0xe7, 0x24, 0xbe,
  0x0e, 0x25, 0x3c, 0x3e, 0x21, 0xe0, 0x60, 0xbe, 0x13, 0x1f, 0x85, 0xbd,
  0xfb, 0xe5, 0x14, 0xbe, 0x26, 0x15, 0x0a, 0xbe, 0x3e, 0x65, 0xec, 0xbd,
  0x67, 0xa3, 0xaa, 0x3d, 0x2d, 0xd6, 0x96, 0xbe, 0x7f, 0x18, 0xb6, 0xbd,
  0x74, 0x12, 0x73, 0xbd, 0xff, 0xd0, 0x2e, 0xbc, 0xd6, 0xab, 0x4c, 0x3d,
  0xfc, 0x8e, 0x40, 0x3d, 0xef, 0x6f, 0xb4, 0xbc, 0xa5, 0x5b, 0x38, 0x3e,
  0xd8, 0x61, 0x02, 0xbe, 0xaa, 0x75, 0x50, 0x3e, 0xfe, 0x7e, 0x13, 0xbe,
  0x83, 0x6a, 0x3d, 0xbe, 0x33, 0x3f, 0x33, 0xbe, 0xdb, 0x8c, 0x09, 0xbd,
  0x94, 0x86, 0x29, 0xbe, 0x77, 0x02, 0x35, 0xbe, 0x83, 0x9f, 0x5a, 0xbe,
  0x48, 0x3a, 0x8b, 0x3b, 0x4a, 0xd3, 0xed, 0x3d, 0x0c, 0x85, 0x94, 0xbd,
  0x73, 0xe4, 0x62, 0x3d, 0x6b, 0x47, 0x3c, 0x3e, 0x42, 0xa8, 0xc4, 0x3d,
  0x38, 0xf0, 0xa4, 0xbd, 0x41, 0x75, 0x42, 0xbe, 0x27, 0xf8, 0xb1, 0xbc,
  0x85, 0xb0, 0x0e, 0xbe, 0xac, 0x16, 0xa7, 0x3c, 0xcb, 0xd2, 0x51, 0xbd,
  0xb3, 0xbb, 0xcd, 0xbd, 0x4e, 0xd4, 0x03, 0xbe, 0xf8, 0xf8, 0xdb, 0xbd,
  0x8e, 0x19, 0x21, 0x3e, 0x5a, 0x64, 0x87, 0xbd, 0xfa, 0x4f, 0x2e, 0xbd,
  0x4c, 0x4b, 0x81, 0xbd, 0xcf, 0x54, 0x54, 0x3d, 0xd1, 0x65, 0x78, 0xbb,
  0x66, 0xfd, 0x81, 0xbe, 0x1b, 0x80, 0x37, 0x3e, 0x60, 0x8b, 0xd4, 0xbd,
  0xcb, 0x3e, 0x12, 0x3e, 0xe0, 0xdd, 0x8e, 0x3d, 0x81, 0x1f, 0x66, 0x3e,
  0x2e, 0xf0, 0x4d, 0xbe, 0xe2, 0x05, 0xe0, 0x3d, 0x17, 0x05, 0xfa, 0xbd,
  0x24, 0x14, 0x7a, 0xbe, 0x1b, 0x36, 0x79, 0xbe, 0x4f, 0x7f, 0x14, 0xbe,
  0x31, 0x40, 0x85, 0xbe, 0x99, 0xbc, 0xf7, 0x3c, 0x99, 0xb7, 0x36, 0xbe,
  0x01, 0x45, 0x17, 0x3e, 0x2e, 0x89, 0x96, 0x3e, 0x2e, 0x36, 0x23, 0x3e,
  0x49, 0xc6, 0xad, 0xbd, 0xbd, 0x06, 0x0d, 0x3e, 0x40, 0x60, 0x10, 0x3e,
  0x04, 0x37, 0x83, 0xbc, 0x73, 0xb5, 0xc7, 0x39, 0x85, 0x5c, 0xab, 0xbd,
  0xf1, 0x9a, 0x1e, 0x3e, 0x4f, 0x19, 0x94, 0x3e, 0xee, 0xa1, 0x30, 0xbe,
  0x9a, 0x52, 0x1a, 0xbe, 0xb9, 0xea, 0x4f, 0xbe, 0xb7, 0xac, 0x96, 0x3d,
  0x31, 0xa8, 0x03, 0x3e, 0xb9, 0xa0, 0x07, 0xbe, 0x34, 0x4d, 0x02, 0x3e,
  0x4f, 0x09, 0x8a, 0xbb, 0x4c, 0x98, 0xba, 0x3d, 0x08, 0x7d, 0xd9, 0x3d,
  0x55, 0x08, 0xa1, 0x3d, 0x40, 0xfa, 0x8a, 0x3d, 0x94, 0xa6, 0xe2, 0x3d,
  0xbf, 0x65, 0x4b, 0xbe, 0x50, 0x9c, 0x94, 0xbd, 0x02, 0x11, 0x97, 0x3e,
  0x52, 0xf2, 0x86, 0x3e, 0x49, 0x1b, 0x1b, 0xbe, 0xa9, 0x7e, 0x37, 0x3e,
  0x48, 0xb6, 0x4f, 0x3d, 0x41, 0x61, 0x30, 0xbe, 0x45, 0x1a, 0x2a, 0x3e,
  0xeb, 0xb8, 0x9c, 0x3e, 0xf7, 0x02, 0x3a, 0x3d, 0xf8, 0xdd, 0x79, 0x3e,
  0x96, 0x3e, 0xab, 0x3c, 0x8b, 0xea, 0xc2, 0x3d, 0x2a, 0xfa, 0x04, 0x3e,
  0x29, 0x7d, 0x15, 0xbe, 0x7a, 0xa8, 0x9b, 0xbe, 0x59, 0xb2, 0x32, 0xbd,
  0x2f, 0xac, 0x6c, 0x3e, 0xb6, 0x32, 0x04, 0xbe, 0xb8, 0xa6, 0xd8, 0xbd,
  0x73, 0x30, 0xfc, 0xbc, 0x7d, 0xcf, 0xc7, 0xbd, 0xed, 0xc2, 0x13, 0xbd,
  0xf1, 0x9d, 0x22, 0xbe, 0x72, 0x9f, 0x7f, 0xbd, 0xc0, 0x6d, 0x51, 0x3d,
  0xb0, 0x6b, 0x92, 0x3d, 0xd9, 0xb3, 0x7c, 0xbc, 0x65, 0xed, 0xef, 0xbd,
  0x1d, 0x86, 0x36, 0xbe, 0x60, 0xc0, 0x0b, 0xbd, 0xd2, 0xa7, 0x74, 0xbe,
  0xb0, 0x31, 0xef, 0xbc, 0x29, 0x1a, 0x6b, 0x3d, 0xac, 0x55, 0xf7, 0xbd,
  0x97, 0x1a, 0x69, 0x3d, 0x07, 0x8b, 0x83, 0xbe, 0x58, 0xf0, 0x43, 0x3d,
  0x76, 0x1c, 0x9f, 0xbd, 0x2c, 0x65, 0x66, 0xbe, 0xab, 0xa3, 0x81, 0x3e,
  0xe2, 0xae, 0x20, 0x3d, 0x6b, 0x29, 0xe2, 0x3c, 0x6e, 0xa7, 0x28, 0xbe,
  0xee, 0x79, 0x55, 0xbe, 0x76, 0x89, 0xd9, 0xbd, 0xad, 0x33, 0x3e, 0x3d,
  0xad, 0xb7, 0x3a, 0x3e, 0xcc, 0xd6, 0x17, 0x3e, 0x4b, 0x8f, 0x5a, 0x3e,
  0x26, 0xf9, 0xc9, 0x3c, 0xa5, 0x35, 0x15, 0x3e, 0x18, 0x11, 0x55, 0x3e,
  0x64, 0xd3, 0x4c, 0xbc, 0xdf, 0x54, 0x3d, 0x3d, 0xd0, 0xa4, 0xa9, 0xbd,
  0xe9, 0x6f, 0x6c, 0x3e, 0xec, 0x2a, 0x48, 0x3e, 0x48, 0x50, 0x60, 0xbd,
  0x9d, 0xb9, 0xb1, 0xbb, 0x52, 0xfb, 0x0b, 0xbe, 0x3a, 0xd3, 0x02, 0x3e,
  0x88, 0x02, 0xa7, 0x3d, 0x78, 0xf7, 0x08, 0x3e, 0x2d, 0xcd, 0x82, 0xbd,
  0xd4, 0x11, 0x6d, 0x3d, 0xaa, 0x8a, 0x18, 0xbe, 0x7f, 0x7a, 0x9d, 0x3d,
  0x32, 0xfe, 0xff, 0xff, 0x04, 0x00, 0x00, 0x00, 0x1c, 0x00, 0x00, 0x00,
  0x9c, 0xfc, 0x71, 0xbd, 0x0b, 0x86, 0x95, 0xbd, 0xfa, 0xb3, 0xbe, 0x3d,
  0x43, 0x6f, 0xc5, 0xbd, 0xf5, 0xa2, 0xa3, 0xbd, 0x68, 0x68, 0xba, 0xbd,
  0xff, 0x45, 0xc2, 0xbd, 0x5a, 0xfe, 0xff, 0xff, 0x04, 0x00, 0x00, 0x00,
  0x40, 0x00, 0x00, 0x00, 0x9d, 0xdf, 0x87, 0x3d, 0x82, 0xb7, 0x52, 0xbd,
  0xad, 0xa8, 0xb4, 0x3d, 0x89, 0x00, 0x9a, 0x3c, 0x50, 0xba, 0x58, 0xbc,
  0xcc, 0x05, 0x84, 0x3c, 0x43, 0x0a, 0x20, 0xbd, 0x83, 0xb3, 0xa8, 0xbc,
  0xc0, 0x1d, 0xae, 0x3d, 0x98, 0xd1, 0x0f, 0x3d, 0x3a, 0xbd, 0x53, 0x3d,
  0x45, 0xd2, 0xaa, 0x3c, 0xdf, 0x7e, 0x53, 0x3d, 0x90, 0xe0, 0xfc, 0x3b,
  0x92, 0xf7, 0xae, 0xbc, 0x40, 0x20, 0xed, 0xbc, 0xa6, 0xfe, 0xff, 0xff,
  0x04, 0x00, 0x00, 0x00, 0x40, 0x00, 0x00, 0x00, 0x0e, 0xba, 0x33, 0x3c,
  0xdf, 0x0b, 0x9f, 0x3d, 0x4e, 0x94, 0xc4, 0x3c, 0x12, 0x74, 0x28, 0x3d,
  0xd4, 0x5d, 0x54, 0xbd, 0x52, 0x61, 0x4c, 0xbc, 0x73, 0x15, 0x96, 0x3c,
  0xf4, 0xe5, 0x1b, 0x3d, 0xd6, 0x98, 0x83, 0x3d, 0xde, 0xc4, 0x8a, 0xbb,
  0x4c, 0x0c, 0xd8, 0xbc, 0xc8, 0xea, 0xab, 0x3d, 0x52, 0x4a, 0x0b, 0x3d,
  0xb2, 0x92, 0xfc, 0xbc, 0xa4, 0xb1, 0x76, 0x3c, 0x08, 0xbb, 0x8b, 0xbd,
  0xf2, 0xfe, 0xff, 0xff, 0x04, 0x00, 0x00, 0x00, 0x40, 0x00, 0x00, 0x00,
  0x8f, 0x52, 0xcc, 0x3d, 0xdf, 0xeb, 0x1f, 0x3d, 0xa2, 0x26, 0xd5, 0x3d,
  0xa4, 0x4d, 0xc8, 0x3d, 0x1c, 0x09, 0x32, 0xbd, 0xfb, 0x74, 0x66, 0x3d,
  0x44, 0x38, 0xd9, 0xbb, 0x0a, 0x3f, 0xe0, 0x3d, 0xdd, 0xa8, 0x55, 0x3d,
  0xea, 0x6e, 0x11, 0x3d, 0xc1, 0x65, 0xaa, 0x3c, 0xd2, 0xda, 0x16, 0x3d,
  0x18, 0xee, 0xc6, 0x3d, 0x1f, 0x20, 0xd6, 0x3d, 0x81, 0xbc, 0x65, 0x3d,
  0x1a, 0x3b, 0xf8, 0x3c, 0x8c, 0xea, 0xff, 0xff, 0x90, 0xea, 0xff, 0xff,
  0x0f, 0x00, 0x00, 0x00, 0x4d, 0x4c, 0x49, 0x52, 0x20, 0x43, 0x6f, 0x6e,
  0x76, 0x65, 0x72, 0x74, 0x65, 0x64, 0x2e, 0x00, 0x01, 0x00, 0x00, 0x00,
  0x14, 0x00, 0x00, 0x00, 0x00, 0x00, 0x0e, 0x00, 0x18, 0x00, 0x14, 0x00,
  0x10, 0x00, 0x0c, 0x00, 0x08, 0x00, 0x04, 0x00, 0x0e, 0x00, 0x00, 0x00,
  0x14, 0x00, 0x00, 0x00, 0x1c, 0x00, 0x00, 0x00, 0xa0, 0x03, 0x00, 0x00,
  0xa4, 0x03, 0x00, 0x00, 0xa8, 0x03, 0x00, 0x00, 0x04, 0x00, 0x00, 0x00,
  0x6d, 0x61, 0x69, 0x6e, 0x00, 0x00, 0x00, 0x00, 0x0f, 0x00, 0x00, 0x00,
  0x3c, 0x03, 0x00, 0x00, 0xf8, 0x02, 0x00, 0x00, 0xb4, 0x02, 0x00, 0x00,
  0x74, 0x02, 0x00, 0x00, 0x40, 0x02, 0x00, 0x00, 0x0c, 0x02, 0x00, 0x00,
  0xcc, 0x01, 0x00, 0x00, 0x98, 0x01, 0x00, 0x00, 0x64, 0x01, 0x00, 0x00,
  0x24, 0x01, 0x00, 0x00, 0xf0, 0x00, 0x00, 0x00, 0xbc, 0x00, 0x00, 0x00,
  0x88, 0x00, 0x00, 0x00, 0x50, 0x00, 0x00, 0x00, 0x14, 0x00, 0x00, 0x00,
  0x00, 0x00, 0x0e, 0x00, 0x1a, 0x00, 0x14, 0x00, 0x10, 0x00, 0x0c, 0x00,
  0x0b, 0x00, 0x04, 0x00, 0x0e, 0x00, 0x00, 0x00, 0x1c, 0x00, 0x00, 0x00,
  0x00, 0x00, 0x00, 0x09, 0x1c, 0x00, 0x00, 0x00, 0x20, 0x00, 0x00, 0x00,
  0x05, 0x00, 0x00, 0x00, 0x00, 0x00, 0x06, 0x00, 0x08, 0x00, 0x04, 0x00,
  0x06, 0x00, 0x00, 0x00, 0x00, 0x00, 0x80, 0x3f, 0x01, 0x00, 0x00, 0x00,
  0x22, 0x00, 0x00, 0x00, 0x01, 0x00, 0x00, 0x00, 0x21, 0x00, 0x00, 0x00,
  0x96, 0xfd, 0xff, 0xff, 0x14, 0x00, 0x00, 0x00, 0x00, 0x00, 0x00, 0x08,
  0x10, 0x00, 0x00, 0x00, 0x14, 0x00, 0x00, 0x00, 0x04, 0x00, 0x00, 0x00,
  0x84, 0xeb, 0xff, 0xff, 0x01, 0x00, 0x00, 0x00, 0x21, 0x00, 0x00, 0x00,
  0x03, 0x00, 0x00, 0x00, 0x20, 0x00, 0x00, 0x00, 0x08, 0x00, 0x00, 0x00,
  0x04, 0x00, 0x00, 0x00, 0xca, 0xfd, 0xff, 0xff, 0x14, 0x00, 0x00, 0x00,
  0x00, 0x00, 0x00, 0x1b, 0x10, 0x00, 0x00, 0x00, 0x14, 0x00, 0x00, 0x00,
  0x03, 0x00, 0x00, 0x00, 0xb8, 0xeb, 0xff, 0xff, 0x01, 0x00, 0x00, 0x00,
  0x20, 0x00, 0x00, 0x00, 0x02, 0x00, 0x00, 0x00, 0x1f, 0x00, 0x00, 0x00,
  0x09, 0x00, 0x00, 0x00, 0xfa, 0xfd, 0xff, 0xff, 0x14, 0x00, 0x00, 0x00,
  0x00, 0x00, 0x00, 0x0b, 0x10, 0x00, 0x00, 0x00, 0x14, 0x00, 0x00, 0x00,
  0x02, 0x00, 0x00, 0x00, 0xe8, 0xeb, 0xff, 0xff, 0x01, 0x00, 0x00, 0x00,
  0x1f, 0x00, 0x00, 0x00, 0x02, 0x00, 0x00, 0x00, 0x1e, 0x00, 0x00, 0x00,
  0x11, 0x00, 0x00, 0x00, 0x2a, 0xfe, 0xff, 0xff, 0x14, 0x00, 0x00, 0x00,
  0x00, 0x00, 0x00, 0x15, 0x10, 0x00, 0x00, 0x00, 0x14, 0x00, 0x00, 0x00,
  0x01, 0x00, 0x00, 0x00, 0x18, 0xec, 0xff, 0xff, 0x01, 0x00, 0x00, 0x00,
  0x1e, 0x00, 0x00, 0x00, 0x02, 0x00, 0x00, 0x00, 0x1d, 0x00, 0x00, 0x00,
  0x10, 0x00, 0x00, 0x00, 0x1a, 0xfe, 0xff, 0xff, 0x10, 0x00, 0x00, 0x00,
  0x00, 0x00, 0x00, 0x01, 0x18, 0x00, 0x00, 0x00, 0x1c, 0x00, 0x00, 0x00,
  0x0c, 0xfe, 0xff, 0xff, 0x00, 0x00, 0x00, 0x01, 0x01, 0x00, 0x00, 0x00,
  0x01, 0x00, 0x00, 0x00, 0x01, 0x00, 0x00, 0x00, 0x1d, 0x00, 0x00, 0x00,
  0x03, 0x00, 0x00, 0x00, 0x1c, 0x00, 0x00, 0x00, 0x05, 0x00, 0x00, 0x00,
  0x01, 0x00, 0x00, 0x00, 0x96, 0xfe, 0xff, 0xff, 0x14, 0x00, 0x00, 0x00,
  0x00, 0x00, 0x00, 0x0b, 0x10, 0x00, 0x00, 0x00, 0x14, 0x00, 0x00, 0x00,
  0x02, 0x00, 0x00, 0x00, 0x84, 0xec, 0xff, 0xff, 0x01, 0x00, 0x00, 0x00,
  0x1c, 0x00, 0x00, 0x00, 0x02, 0x00, 0x00, 0x00, 0x1b, 0x00, 0x00, 0x00,
  0x0f, 0x00, 0x00, 0x00, 0xc6, 0xfe, 0xff, 0xff, 0x14, 0x00, 0x00, 0x00,
  0x00, 0x00, 0x00, 0x15, 0x10, 0x00, 0x00, 0x00, 0x14, 0x00, 0x00, 0x00,
  0x01, 0x00, 0x00, 0x00, 0xb4, 0xec, 0xff, 0xff, 0x01, 0x00, 0x00, 0x00,
  0x1b, 0x00, 0x00, 0x00, 0x02, 0x00, 0x00, 0x00, 0x1a, 0x00, 0x00, 0x00,
  0x0e, 0x00, 0x00, 0x00, 0xb6, 0xfe, 0xff, 0xff, 0x10, 0x00, 0x00, 0x00,
  0x00, 0x00, 0x00, 0x01, 0x18, 0x00, 0x00, 0x00, 0x1c, 0x00, 0x00, 0x00,
  0xa8, 0xfe, 0xff, 0xff, 0x00, 0x00, 0x00, 0x01, 0x01, 0x00, 0x00, 0x00,
  0x01, 0x00, 0x00, 0x00, 0x01, 0x00, 0x00, 0x00, 0x1a, 0x00, 0x00, 0x00,
  0x03, 0x00, 0x00, 0x00, 0x19, 0x00, 0x00, 0x00, 0x06, 0x00, 0x00, 0x00,
  0x02, 0x00, 0x00, 0x00, 0x32, 0xff, 0xff, 0xff, 0x14, 0x00, 0x00, 0x00,
  0x00, 0x00, 0x00, 0x0b, 0x10, 0x00, 0x00, 0x00, 0x14, 0x00, 0x00, 0x00,
  0x02, 0x00, 0x00, 0x00, 0x20, 0xed, 0xff, 0xff, 0x01, 0x00, 0x00, 0x00,
  0x19, 0x00, 0x00, 0x00, 0x02, 0x00, 0x00, 0x00, 0x18, 0x00, 0x00, 0x00,
  0x0d, 0x00, 0x00, 0x00, 0x62, 0xff, 0xff, 0xff, 0x14, 0x00, 0x00, 0x00,
  0x00, 0x00, 0x00, 0x15, 0x10, 0x00, 0x00, 0x00, 0x14, 0x00, 0x00, 0x00,
  0x01, 0x00, 0x00, 0x00, 0x50, 0xed, 0xff, 0xff, 0x01, 0x00, 0x00, 0x00,
  0x18, 0x00, 0x00, 0x00, 0x02, 0x00, 0x00, 0x00, 0x17, 0x00, 0x00, 0x00,
  0x0c, 0x00, 0x00, 0x00, 0x52, 0xff, 0xff, 0xff, 0x10, 0x00, 0x00, 0x00,
  0x00, 0x00, 0x00, 0x01, 0x18, 0x00, 0x00, 0x00, 0x1c, 0x00, 0x00, 0x00,
  0x44, 0xff, 0xff, 0xff, 0x00, 0x00, 0x00, 0x01, 0x01, 0x00, 0x00, 0x00,
  0x01, 0x00, 0x00, 0x00, 0x01, 0x00, 0x00, 0x00, 0x17, 0x00, 0x00, 0x00,
  0x03, 0x00, 0x00, 0x00, 0x16, 0x00, 0x00, 0x00, 0x07, 0x00, 0x00, 0x00,
  0x03, 0x00, 0x00, 0x00, 0xce, 0xff, 0xff, 0xff, 0x14, 0x00, 0x00, 0x00,
  0x00, 0x00, 0x00, 0x0b, 0x10, 0x00, 0x00, 0x00, 0x14, 0x00, 0x00, 0x00,
  0x02, 0x00, 0x00, 0x00, 0xbc, 0xed, 0xff, 0xff, 0x01, 0x00, 0x00, 0x00,
  0x16, 0x00, 0x00, 0x00, 0x02, 0x00, 0x00, 0x00, 0x15, 0x00, 0x00, 0x00,
  0x0b, 0x00, 0x00, 0x00, 0x00, 0x00, 0x0e, 0x00, 0x18, 0x00, 0x14, 0x00,
  0x10, 0x00, 0x0c, 0x00, 0x0b, 0x00, 0x04, 0x00, 0x0e, 0x00, 0x00, 0x00,
  0x14, 0x00, 0x00, 0x00, 0x00, 0x00, 0x00, 0x15, 0x10, 0x00, 0x00, 0x00,
  0x14, 0x00, 0x00, 0x00, 0x01, 0x00, 0x00, 0x00, 0xfc, 0xed, 0xff, 0xff,
  0x01, 0x00, 0x00, 0x00, 0x15, 0x00, 0x00, 0x00, 0x02, 0x00, 0x00, 0x00,
  0x14, 0x00, 0x00, 0x00, 0x0a, 0x00, 0x00, 0x00, 0x00, 0x00, 0x0e, 0x00,
  0x14, 0x00, 0x00, 0x00, 0x10, 0x00, 0x0c, 0x00, 0x0b, 0x00, 0x04, 0x00,
  0x0e, 0x00, 0x00, 0x00, 0x1c, 0x00, 0x00, 0x00, 0x00, 0x00, 0x00, 0x01,
  0x24, 0x00, 0x00, 0x00, 0x28, 0x00, 0x00, 0x00, 0x0c, 0x00, 0x10, 0x00,
  0x00, 0x00, 0x0c, 0x00, 0x08, 0x00, 0x07, 0x00, 0x0c, 0x00, 0x00, 0x00,
  0x00, 0x00, 0x00, 0x01, 0x01, 0x00, 0x00, 0x00, 0x01, 0x00, 0x00, 0x00,
  0x01, 0x00, 0x00, 0x00, 0x14, 0x00, 0x00, 0x00, 0x03, 0x00, 0x00, 0x00,
  0x00, 0x00, 0x00, 0x00, 0x12, 0x00, 0x00, 0x00, 0x13, 0x00, 0x00, 0x00,
  0x01, 0x00, 0x00, 0x00, 0x22, 0x00, 0x00, 0x00, 0x01, 0x00, 0x00, 0x00,
  0x00, 0x00, 0x00, 0x00, 0x23, 0x00, 0x00, 0x00, 0xe8, 0x10, 0x00, 0x00,
  0x10, 0x10, 0x00, 0x00, 0x50, 0x0f, 0x00, 0x00, 0x90, 0x0e, 0x00, 0x00,
  0x40, 0x0e, 0x00, 0x00, 0xe0, 0x0d, 0x00, 0x00, 0x80, 0x0d, 0x00, 0x00,
  0x20, 0x0d, 0x00, 0x00, 0xcc, 0x0c, 0x00, 0x00, 0x54, 0x0c, 0x00, 0x00,
  0xd8, 0x0b, 0x00, 0x00, 0x74, 0x0b, 0x00, 0x00, 0x10, 0x0b, 0x00, 0x00,
  0xac, 0x0a, 0x00, 0x00, 0x48, 0x0a, 0x00, 0x00, 0xe4, 0x09, 0x00, 0x00,
  0x80, 0x09, 0x00, 0x00, 0x1c, 0x09, 0x00, 0x00, 0xbc, 0x08, 0x00, 0x00,
  0xfc, 0x07, 0x00, 0x00, 0x30, 0x07, 0x00, 0x00, 0xbc, 0x06, 0x00, 0x00,
  0x48, 0x06, 0x00, 0x00, 0x7c, 0x05, 0x00, 0x00, 0x08, 0x05, 0x00, 0x00,
  0x94, 0x04, 0x00, 0x00, 0xc8, 0x03, 0x00, 0x00, 0x54, 0x03, 0x00, 0x00,
  0xe0, 0x02, 0x00, 0x00, 0x14, 0x02, 0x00, 0x00, 0xa0, 0x01, 0x00, 0x00,
  0x2c, 0x01, 0x00, 0x00, 0xc8, 0x00, 0x00, 0x00, 0x50, 0x00, 0x00, 0x00,
  0x04, 0x00, 0x00, 0x00, 0xba, 0xef, 0xff, 0xff, 0x00, 0x00, 0x00, 0x01,
  0x10, 0x00, 0x00, 0x00, 0x10, 0x00, 0x00, 0x00, 0x23, 0x00, 0x00, 0x00,
  0x28, 0x00, 0x00, 0x00, 0x24, 0xef, 0xff, 0xff, 0x1b, 0x00, 0x00, 0x00,
  0x53, 0x74, 0x61, 0x74, 0x65, 0x66, 0x75, 0x6c, 0x50, 0x61, 0x72, 0x74,
  0x69, 0x74, 0x69, 0x6f, 0x6e, 0x65, 0x64, 0x43, 0x61, 0x6c, 0x6c, 0x5f,
  0x31, 0x3a, 0x30, 0x00, 0x02, 0x00, 0x00, 0x00, 0x01, 0x00, 0x00, 0x00,
  0x07, 0x00, 0x00, 0x00, 0x02, 0xf0, 0xff, 0xff, 0x00, 0x00, 0x00, 0x01,
  0x10, 0x00, 0x00, 0x00, 0x10, 0x00, 0x00, 0x00, 0x22, 0x00, 0x00, 0x00,
  0x54, 0x00, 0x00, 0x00, 0x6c, 0xef, 0xff, 0xff, 0x44, 0x00, 0x00, 0x00,
  0x73, 0x65, 0x71, 0x75, 0x65, 0x6e, 0x74, 0x69, 0x61, 0x6c, 0x5f, 0x33,
  0x31, 0x5f, 0x31, 0x2f, 0x64, 0x65, 0x6e, 0x73, 0x65, 0x5f, 0x33, 0x31,
  0x5f, 0x31, 0x2f, 0x4d, 0x61, 0x74, 0x4d, 0x75, 0x6c, 0x3b, 0x73, 0x65,
  0x71, 0x75, 0x65, 0x6e, 0x74, 0x69, 0x61, 0x6c, 0x5f, 0x33, 0x31, 0x5f,
  0x31, 0x2f, 0x64, 0x65, 0x6e, 0x73, 0x65, 0x5f, 0x33, 0x31, 0x5f, 0x31,
  0x2f, 0x42, 0x69, 0x61, 0x73, 0x41, 0x64, 0x64, 0x00, 0x00, 0x00, 0x00,
  0x02, 0x00, 0x00, 0x00, 0x01, 0x00, 0x00, 0x00, 0x07, 0x00, 0x00, 0x00,
  0x76, 0xf0, 0xff, 0xff, 0x00, 0x00, 0x00, 0x01, 0x10, 0x00, 0x00, 0x00,
  0x10, 0x00, 0x00, 0x00, 0x21, 0x00, 0x00, 0x00, 0x40, 0x00, 0x00, 0x00,
  0xe0, 0xef, 0xff, 0xff, 0x32, 0x00, 0x00, 0x00, 0x73, 0x65, 0x71, 0x75,
  0x65, 0x6e, 0x74, 0x69, 0x61, 0x6c, 0x5f, 0x33, 0x31, 0x5f, 0x31, 0x2f,
  0x67, 0x6c, 0x6f, 0x62, 0x61, 0x6c, 0x5f, 0x61, 0x76, 0x65, 0x72, 0x61,
  0x67, 0x65, 0x5f, 0x70, 0x6f, 0x6f, 0x6c, 0x69, 0x6e, 0x67, 0x32, 0x64,
  0x5f, 0x33, 0x31, 0x5f, 0x31, 0x2f, 0x4d, 0x65, 0x61, 0x6e, 0x00, 0x00,
  0x02, 0x00, 0x00, 0x00, 0x01, 0x00, 0x00, 0x00, 0x10, 0x00, 0x00, 0x00,
  0xd6, 0xf0, 0xff, 0xff, 0x00, 0x00, 0x00, 0x01, 0x10, 0x00, 0x00, 0x00,
  0x10, 0x00, 0x00, 0x00, 0x20, 0x00, 0x00, 0x00, 0x48, 0x00, 0x00, 0x00,
  0x40, 0xf0, 0xff, 0xff, 0x38, 0x00, 0x00, 0x00, 0x73, 0x65, 0x71, 0x75,
  0x65, 0x6e, 0x74, 0x69, 0x61, 0x6c, 0x5f, 0x33, 0x31, 0x5f, 0x31, 0x2f,
  0x62, 0x61, 0x74, 0x63, 0x68, 0x5f, 0x6e, 0x6f, 0x72, 0x6d, 0x61, 0x6c,
  0x69, 0x7a, 0x61, 0x74, 0x69, 0x6f, 0x6e, 0x5f, 0x33, 0x39, 0x5f, 0x31,
  0x2f, 0x62, 0x61, 0x74, 0x63, 0x68, 0x6e, 0x6f, 0x72, 0x6d, 0x2f, 0x61,
  0x64, 0x64, 0x5f, 0x31, 0x00, 0x00, 0x00, 0x00, 0x04, 0x00, 0x00, 0x00,
  0x01, 0x00, 0x00, 0x00, 0x05, 0x00, 0x00, 0x00, 0x01, 0x00, 0x00, 0x00,
  0x10, 0x00, 0x00, 0x00, 0x46, 0xf1, 0xff, 0xff, 0x00, 0x00, 0x00, 0x01,
  0x10, 0x00, 0x00, 0x00, 0x10, 0x00, 0x00, 0x00, 0x1f, 0x00, 0x00, 0x00,
  0x48, 0x00, 0x00, 0x00, 0xb0, 0xf0, 0xff, 0xff, 0x38, 0x00, 0x00, 0x00,
  0x73, 0x65, 0x71, 0x75, 0x65, 0x6e, 0x74, 0x69, 0x61, 0x6c, 0x5f, 0x33,
  0x31, 0x5f, 0x31, 0x2f, 0x62, 0x61, 0x74, 0x63, 0x68, 0x5f, 0x6e, 0x6f,
  0x72, 0x6d, 0x61, 0x6c, 0x69, 0x7a, 0x61, 0x74, 0x69, 0x6f, 0x6e, 0x5f,
  0x33, 0x39, 0x5f, 0x31, 0x2f, 0x62, 0x61, 0x74, 0x63, 0x68, 0x6e, 0x6f,
  0x72, 0x6d, 0x2f, 0x6d, 0x75, 0x6c, 0x5f, 0x31, 0x00, 0x00, 0x00, 0x00,
  0x04, 0x00, 0x00, 0x00, 0x01, 0x00, 0x00, 0x00, 0x05, 0x00, 0x00, 0x00,
  0x01, 0x00, 0x00, 0x00, 0x10, 0x00, 0x00, 0x00, 0xb6, 0xf1, 0xff, 0xff,
  0x00, 0x00, 0x00, 0x01, 0x10, 0x00, 0x00, 0x00, 0x10, 0x00, 0x00, 0x00,
  0x1e, 0x00, 0x00, 0x00, 0xa0, 0x00, 0x00, 0x00, 0x20, 0xf1, 0xff, 0xff,
  0x91, 0x00, 0x00, 0x00, 0x73, 0x65, 0x71, 0x75, 0x65, 0x6e, 0x74, 0x69,
  0x61, 0x6c, 0x5f, 0x33, 0x31, 0x5f, 0x31, 0x2f, 0x63, 0x6f, 0x6e, 0x76,
  0x32, 0x64, 0x5f, 0x37, 0x39, 0x5f, 0x31, 0x2f, 0x52, 0x65, 0x6c, 0x75,
  0x3b, 0x73, 0x65, 0x71, 0x75, 0x65, 0x6e, 0x74, 0x69, 0x61, 0x6c, 0x5f,
  0x33, 0x31, 0x5f, 0x31, 0x2f, 0x63, 0x6f, 0x6e, 0x76, 0x32, 0x64, 0x5f,
  0x37, 0x39, 0x5f, 0x31, 0x2f, 0x42, 0x69, 0x61, 0x73, 0x41, 0x64, 0x64,
  0x3b, 0x73, 0x65, 0x71, 0x75, 0x65, 0x6e, 0x74, 0x69, 0x61, 0x6c, 0x5f,
  0x33, 0x31, 0x5f, 0x31, 0x2f, 0x63, 0x6f, 0x6e, 0x76, 0x32, 0x64, 0x5f,
  0x37, 0x39, 0x5f, 0x31, 0x2f, 0x63, 0x6f, 0x6e, 0x76, 0x6f, 0x6c, 0x75,
  0x74, 0x69, 0x6f, 0x6e, 0x3b, 0x73, 0x65, 0x71, 0x75, 0x65, 0x6e, 0x74,
  0x69, 0x61, 0x6c, 0x5f, 0x33, 0x31, 0x5f, 0x31, 0x2f, 0x63, 0x6f, 0x6e,
  0x76, 0x32, 0x64, 0x5f, 0x37, 0x39, 0x5f, 0x31, 0x2f, 0x53, 0x71, 0x75,
  0x65, 0x65, 0x7a, 0x65, 0x31, 0x00, 0x00, 0x00, 0x04, 0x00, 0x00, 0x00,
  0x01, 0x00, 0x00, 0x00, 0x05, 0x00, 0x00, 0x00, 0x01, 0x00, 0x00, 0x00,
  0x10, 0x00, 0x00, 0x00, 0x7e, 0xf2, 0xff, 0xff, 0x00, 0x00, 0x00, 0x01,
  0x10, 0x00, 0x00, 0x00, 0x10, 0x00, 0x00, 0x00, 0x1d, 0x00, 0x00, 0x00,
  0x48, 0x00, 0x00, 0x00, 0xe8, 0xf1, 0xff, 0xff, 0x38, 0x00, 0x00, 0x00,
  0x73, 0x65, 0x71, 0x75, 0x65, 0x6e, 0x74, 0x69, 0x61, 0x6c, 0x5f, 0x33,
  0x31, 0x5f, 0x31, 0x2f, 0x62, 0x61, 0x74, 0x63, 0x68, 0x5f, 0x6e, 0x6f,
  0x72, 0x6d, 0x61, 0x6c, 0x69, 0x7a, 0x61, 0x74, 0x69, 0x6f, 0x6e, 0x5f,
  0x33, 0x38, 0x5f, 0x31, 0x2f, 0x62, 0x61, 0x74, 0x63, 0x68, 0x6e, 0x6f,
  0x72, 0x6d, 0x2f, 0x61, 0x64, 0x64, 0x5f, 0x31, 0x00, 0x00, 0x00, 0x00,
  0x04, 0x00, 0x00, 0x00, 0x01, 0x00, 0x00, 0x00, 0x05, 0x00, 0x00, 0x00,
  0x01, 0x00, 0x00, 0x00, 0x10, 0x00, 0x00, 0x00, 0xee, 0xf2, 0xff, 0xff,
  0x00, 0x00, 0x00, 0x01, 0x10, 0x00, 0x00, 0x00, 0x10, 0x00, 0x00, 0x00,
  0x1c, 0x00, 0x00, 0x00, 0x48, 0x00, 0x00, 0x00, 0x58, 0xf2, 0xff, 0xff,
  0x38, 0x00, 0x00, 0x00, 0x73, 0x65, 0x71, 0x75, 0x65, 0x6e, 0x74, 0x69,
  0x61, 0x6c, 0x5f, 0x33, 0x31, 0x5f, 0x31, 0x2f, 0x62, 0x61, 0x74, 0x63,
  0x68, 0x5f, 0x6e, 0x6f, 0x72, 0x6d, 0x61, 0x6c, 0x69, 0x7a, 0x61, 0x74,
  0x69, 0x6f, 0x6e, 0x5f, 0x33, 0x38, 0x5f, 0x31, 0x2f, 0x62, 0x61, 0x74,
  0x63, 0x68, 0x6e, 0x6f, 0x72, 0x6d, 0x2f, 0x6d, 0x75, 0x6c, 0x5f, 0x31,
  0x00, 0x00, 0x00, 0x00, 0x04, 0x00, 0x00, 0x00, 0x01, 0x00, 0x00, 0x00,
  0x05, 0x00, 0x00, 0x00, 0x01, 0x00, 0x00, 0x00, 0x10, 0x00, 0x00, 0x00,
  0x5e, 0xf3, 0xff, 0xff, 0x00, 0x00, 0x00, 0x01, 0x10, 0x00, 0x00, 0x00,
  0x10, 0x00, 0x00, 0x00, 0x1b, 0x00, 0x00, 0x00, 0xa0, 0x00, 0x00, 0x00,
  0xc8, 0xf2, 0xff, 0xff, 0x91, 0x00, 0x00, 0x00, 0x73, 0x65, 0x71, 0x75,
  0x65, 0x6e, 0x74, 0x69, 0x61, 0x6c, 0x5f, 0x33, 0x31, 0x5f, 0x31, 0x2f,
  0x63, 0x6f, 0x6e, 0x76, 0x32, 0x64, 0x5f, 0x37, 0x38, 0x5f, 0x31, 0x2f,
  0x52, 0x65, 0x6c, 0x75, 0x3b, 0x73, 0x65, 0x71, 0x75, 0x65, 0x6e, 0x74,
  0x69, 0x61, 0x6c, 0x5f, 0x33, 0x31, 0x5f, 0x31, 0x2f, 0x63, 0x6f, 0x6e,
  0x76, 0x32, 0x64, 0x5f, 0x37, 0x38, 0x5f, 0x31, 0x2f, 0x42, 0x69, 0x61,
  0x73, 0x41, 0x64, 0x64, 0x3b, 0x73, 0x65, 0x71, 0x75, 0x65, 0x6e, 0x74,
  0x69, 0x61, 0x6c, 0x5f, 0x33, 0x31, 0x5f, 0x31, 0x2f, 0x63, 0x6f, 0x6e,
  0x76, 0x32, 0x64, 0x5f, 0x37, 0x38, 0x5f, 0x31, 0x2f, 0x63, 0x6f, 0x6e,
  0x76, 0x6f, 0x6c, 0x75, 0x74, 0x69, 0x6f, 0x6e, 0x3b, 0x73, 0x65, 0x71,
  0x75, 0x65, 0x6e, 0x74, 0x69, 0x61, 0x6c, 0x5f, 0x33, 0x31, 0x5f, 0x31,
  0x2f, 0x63, 0x6f, 0x6e, 0x76, 0x32, 0x64, 0x5f, 0x37, 0x38, 0x5f, 0x31,
  0x2f, 0x53, 0x71, 0x75, 0x65, 0x65, 0x7a, 0x65, 0x31, 0x00, 0x00, 0x00,
  0x04, 0x00, 0x00, 0x00, 0x01, 0x00, 0x00, 0x00, 0x05, 0x00, 0x00, 0x00,
  0x01, 0x00, 0x00, 0x00, 0x10, 0x00, 0x00, 0x00, 0x26, 0xf4, 0xff, 0xff,
  0x00, 0x00, 0x00, 0x01, 0x10, 0x00, 0x00, 0x00, 0x10, 0x00, 0x00, 0x00,
  0x1a, 0x00, 0x00, 0x00, 0x48, 0x00, 0x00, 0x00, 0x90, 0xf3, 0xff, 0xff,
  0x38, 0x00, 0x00, 0x00, 0x73, 0x65, 0x71, 0x75, 0x65, 0x6e, 0x74, 0x69,
  0x61, 0x6c, 0x5f, 0x33, 0x31, 0x5f, 0x31, 0x2f, 0x62, 0x61, 0x74, 0x63,
  0x68, 0x5f, 0x6e, 0x6f, 0x72, 0x6d, 0x61, 0x6c, 0x69, 0x7a, 0x61, 0x74,
  0x69, 0x6f, 0x6e, 0x5f, 0x33, 0x37, 0x5f, 0x31, 0x2f, 0x62, 0x61, 0x74,
  0x63, 0x68, 0x6e, 0x6f, 0x72, 0x6d, 0x2f, 0x61, 0x64, 0x64, 0x5f, 0x31,
  0x00, 0x00, 0x00, 0x00, 0x04, 0x00, 0x00, 0x00, 0x01, 0x00, 0x00, 0x00,
  0x05, 0x00, 0x00, 0x00, 0x01, 0x00, 0x00, 0x00, 0x10, 0x00, 0x00, 0x00,
  0x96, 0xf4, 0xff, 0xff, 0x00, 0x00, 0x00, 0x01, 0x10, 0x00, 0x00, 0x00,
  0x10, 0x00, 0x00, 0x00, 0x19, 0x00, 0x00, 0x00, 0x48, 0x00, 0x00, 0x00,
  0x00, 0xf4, 0xff, 0xff, 0x38, 0x00, 0x00, 0x00, 0x73, 0x65, 0x71, 0x75,
  0x65, 0x6e, 0x74, 0x69, 0x61, 0x6c, 0x5f, 0x33, 0x31, 0x5f, 0x31, 0x2f,
  0x62, 0x61, 0x74, 0x63, 0x68, 0x5f, 0x6e, 0x6f, 0x72, 0x6d, 0x61, 0x6c,
  0x69, 0x7a, 0x61, 0x74, 0x69, 0x6f, 0x6e, 0x5f, 0x33, 0x37, 0x5f, 0x31,
  0x2f, 0x62, 0x61, 0x74, 0x63, 0x68, 0x6e, 0x6f, 0x72, 0x6d, 0x2f, 0x6d,
  0x75, 0x6c, 0x5f, 0x31, 0x00, 0x00, 0x00, 0x00, 0x04, 0x00, 0x00, 0x00,
  0x01, 0x00, 0x00, 0x00, 0x05, 0x00, 0x00, 0x00, 0x01, 0x00, 0x00, 0x00,
  0x10, 0x00, 0x00, 0x00, 0x06, 0xf5, 0xff, 0xff, 0x00, 0x00, 0x00, 0x01,
  0x10, 0x00, 0x00, 0x00, 0x10, 0x00, 0x00, 0x00, 0x18, 0x00, 0x00, 0x00,
  0xa0, 0x00, 0x00, 0x00, 0x70, 0xf4, 0xff, 0xff, 0x91, 0x00, 0x00, 0x00,
  0x73, 0x65, 0x71, 0x75, 0x65, 0x6e, 0x74, 0x69, 0x61, 0x6c, 0x5f, 0x33,
  0x31, 0x5f, 0x31, 0x2f, 0x63, 0x6f, 0x6e, 0x76, 0x32, 0x64, 0x5f, 0x37,
  0x37, 0x5f, 0x31, 0x2f, 0x52, 0x65, 0x6c, 0x75, 0x3b, 0x73, 0x65, 0x71,
  0x75, 0x65, 0x6e, 0x74, 0x69, 0x61, 0x6c, 0x5f, 0x33, 0x31, 0x5f, 0x31,
  0x2f, 0x63, 0x6f, 0x6e, 0x76, 0x32, 0x64, 0x5f, 0x37, 0x37, 0x5f, 0x31,
  0x2f, 0x42, 0x69, 0x61, 0x73, 0x41, 0x64, 0x64, 0x3b, 0x73, 0x65, 0x71,
  0x75, 0x65, 0x6e, 0x74, 0x69, 0x61, 0x6c, 0x5f, 0x33, 0x31, 0x5f, 0x31,
  0x2f, 0x63, 0x6f, 0x6e, 0x76, 0x32, 0x64, 0x5f, 0x37, 0x37, 0x5f, 0x31,
  0x2f, 0x63, 0x6f, 0x6e, 0x76, 0x6f, 0x6c, 0x75, 0x74, 0x69, 0x6f, 0x6e,
  0x3b, 0x73, 0x65, 0x71, 0x75, 0x65, 0x6e, 0x74, 0x69, 0x61, 0x6c, 0x5f,
  0x33, 0x31, 0x5f, 0x31, 0x2f, 0x63, 0x6f, 0x6e, 0x76, 0x32, 0x64, 0x5f,
  0x37, 0x37, 0x5f, 0x31, 0x2f, 0x53, 0x71, 0x75, 0x65, 0x65, 0x7a, 0x65,
  0x31, 0x00, 0x00, 0x00, 0x04, 0x00, 0x00, 0x00, 0x01, 0x00, 0x00, 0x00,
  0x05, 0x00, 0x00, 0x00, 0x01, 0x00, 0x00, 0x00, 0x10, 0x00, 0x00, 0x00,
  0xce, 0xf5, 0xff, 0xff, 0x00, 0x00, 0x00, 0x01, 0x10, 0x00, 0x00, 0x00,
  0x10, 0x00, 0x00, 0x00, 0x17, 0x00, 0x00, 0x00, 0x48, 0x00, 0x00, 0x00,
  0x38, 0xf5, 0xff, 0xff, 0x38, 0x00, 0x00, 0x00, 0x73, 0x65, 0x71, 0x75,
  0x65, 0x6e, 0x74, 0x69, 0x61, 0x6c, 0x5f, 0x33, 0x31, 0x5f, 0x31, 0x2f,
  0x62, 0x61, 0x74, 0x63, 0x68, 0x5f, 0x6e, 0x6f, 0x72, 0x6d, 0x61, 0x6c,
  0x69, 0x7a, 0x61, 0x74, 0x69, 0x6f, 0x6e, 0x5f, 0x33, 0x36, 0x5f, 0x31,
  0x2f, 0x62, 0x61, 0x74, 0x63, 0x68, 0x6e, 0x6f, 0x72, 0x6d, 0x2f, 0x61,
  0x64, 0x64, 0x5f, 0x31, 0x00, 0x00, 0x00, 0x00, 0x04, 0x00, 0x00, 0x00,
  0x01, 0x00, 0x00, 0x00, 0x05, 0x00, 0x00, 0x00, 0x01, 0x00, 0x00, 0x00,
  0x10, 0x00, 0x00, 0x00, 0x3e, 0xf6, 0xff, 0xff, 0x00, 0x00, 0x00, 0x01,
  0x10, 0x00, 0x00, 0x00, 0x10, 0x00, 0x00, 0x00, 0x16, 0x00, 0x00, 0x00,
  0x48, 0x00, 0x00, 0x00, 0xa8, 0xf5, 0xff, 0xff, 0x38, 0x00, 0x00, 0x00,
  0x73, 0x65, 0x71, 0x75, 0x65, 0x6e, 0x74, 0x69, 0x61, 0x6c, 0x5f, 0x33,
  0x31, 0x5f, 0x31, 0x2f, 0x62, 0x61, 0x74, 0x63, 0x68, 0x5f, 0x6e, 0x6f,
  0x72, 0x6d, 0x61, 0x6c, 0x69, 0x7a, 0x61, 0x74, 0x69, 0x6f, 0x6e, 0x5f,
  0x33, 0x36, 0x5f, 0x31, 0x2f, 0x62, 0x61, 0x74, 0x63, 0x68, 0x6e, 0x6f,
  0x72, 0x6d, 0x2f, 0x6d, 0x75, 0x6c, 0x5f, 0x31, 0x00, 0x00, 0x00, 0x00,
  0x04, 0x00, 0x00, 0x00, 0x01, 0x00, 0x00, 0x00, 0x05, 0x00, 0x00, 0x00,
  0x01, 0x00, 0x00, 0x00, 0x10, 0x00, 0x00, 0x00, 0xae, 0xf6, 0xff, 0xff,
  0x00, 0x00, 0x00, 0x01, 0x10, 0x00, 0x00, 0x00, 0x10, 0x00, 0x00, 0x00,
  0x15, 0x00, 0x00, 0x00, 0xa0, 0x00, 0x00, 0x00, 0x18, 0xf6, 0xff, 0xff,
  0x91, 0x00, 0x00, 0x00, 0x73, 0x65, 0x71, 0x75, 0x65, 0x6e, 0x74, 0x69,
  0x61, 0x6c, 0x5f, 0x33, 0x31, 0x5f, 0x31, 0x2f, 0x63, 0x6f, 0x6e, 0x76,
  0x32, 0x64, 0x5f, 0x37, 0x36, 0x5f, 0x31, 0x2f, 0x52, 0x65, 0x6c, 0x75,
  0x3b, 0x73, 0x65, 0x71, 0x75, 0x65, 0x6e, 0x74, 0x69, 0x61, 0x6c, 0x5f,
  0x33, 0x31, 0x5f, 0x31, 0x2f, 0x63, 0x6f, 0x6e, 0x76, 0x32, 0x64, 0x5f,
  0x37, 0x36, 0x5f, 0x31, 0x2f, 0x42, 0x69, 0x61, 0x73, 0x41, 0x64, 0x64,
  0x3b, 0x73, 0x65, 0x71, 0x75, 0x65, 0x6e, 0x74, 0x69, 0x61, 0x6c, 0x5f,
  0x33, 0x31, 0x5f, 0x31, 0x2f, 0x63, 0x6f, 0x6e, 0x76, 0x32, 0x64, 0x5f,
  0x37, 0x36, 0x5f, 0x31, 0x2f, 0x63, 0x6f, 0x6e, 0x76, 0x6f, 0x6c, 0x75,
  0x74, 0x69, 0x6f, 0x6e, 0x3b, 0x73, 0x65, 0x71, 0x75, 0x65, 0x6e, 0x74,
  0x69, 0x61, 0x6c, 0x5f, 0x33, 0x31, 0x5f, 0x31, 0x2f, 0x63, 0x6f, 0x6e,
  0x76, 0x32, 0x64, 0x5f, 0x37, 0x36, 0x5f, 0x31, 0x2f, 0x53, 0x71, 0x75,
  0x65, 0x65, 0x7a, 0x65, 0x31, 0x00, 0x00, 0x00, 0x04, 0x00, 0x00, 0x00,
  0x01, 0x00, 0x00, 0x00, 0x05, 0x00, 0x00, 0x00, 0x01, 0x00, 0x00, 0x00,
  0x10, 0x00, 0x00, 0x00, 0x76, 0xf7, 0xff, 0xff, 0x00, 0x00, 0x00, 0x01,
  0x10, 0x00, 0x00, 0x00, 0x10, 0x00, 0x00, 0x00, 0x14, 0x00, 0x00, 0x00,
  0xa0, 0x00, 0x00, 0x00, 0xe0, 0xf6, 0xff, 0xff, 0x90, 0x00, 0x00, 0x00,
  0x73, 0x65, 0x71, 0x75, 0x65, 0x6e, 0x74, 0x69, 0x61, 0x6c, 0x5f, 0x33,
  0x31, 0x5f, 0x31, 0x2f, 0x63, 0x6f, 0x6e, 0x76, 0x32, 0x64, 0x5f, 0x37,
  0x36, 0x5f, 0x31, 0x2f, 0x52, 0x65, 0x6c, 0x75, 0x3b, 0x73, 0x65, 0x71,
  0x75, 0x65, 0x6e, 0x74, 0x69, 0x61, 0x6c, 0x5f, 0x33, 0x31, 0x5f, 0x31,
  0x2f, 0x63, 0x6f, 0x6e, 0x76, 0x32, 0x64, 0x5f, 0x37, 0x36, 0x5f, 0x31,
  0x2f, 0x42, 0x69, 0x61, 0x73, 0x41, 0x64, 0x64, 0x3b, 0x73, 0x65, 0x71,
  0x75, 0x65, 0x6e, 0x74, 0x69, 0x61, 0x6c, 0x5f, 0x33, 0x31, 0x5f, 0x31,
  0x2f, 0x63, 0x6f, 0x6e, 0x76, 0x32, 0x64, 0x5f, 0x37, 0x36, 0x5f, 0x31,
  0x2f, 0x63, 0x6f, 0x6e, 0x76, 0x6f, 0x6c, 0x75, 0x74, 0x69, 0x6f, 0x6e,
  0x3b, 0x73, 0x65, 0x71, 0x75, 0x65, 0x6e, 0x74, 0x69, 0x61, 0x6c, 0x5f,
  0x33, 0x31, 0x5f, 0x31, 0x2f, 0x63, 0x6f, 0x6e, 0x76, 0x32, 0x64, 0x5f,
  0x37, 0x36, 0x5f, 0x31, 0x2f, 0x53, 0x71, 0x75, 0x65, 0x65, 0x7a, 0x65,
  0x00, 0x00, 0x00, 0x00, 0x01, 0x00, 0x00, 0x00, 0x10, 0x00, 0x00, 0x00,
  0x32, 0xf8, 0xff, 0xff, 0x00, 0x00, 0x00, 0x01, 0x10, 0x00, 0x00, 0x00,
  0x10, 0x00, 0x00, 0x00, 0x13, 0x00, 0x00, 0x00, 0x34, 0x00, 0x00, 0x00,
  0x9c, 0xf7, 0xff, 0xff, 0x27, 0x00, 0x00, 0x00, 0x73, 0x65, 0x71, 0x75,
  0x65, 0x6e, 0x74, 0x69, 0x61, 0x6c, 0x5f, 0x33, 0x31, 0x5f, 0x31, 0x2f,
  0x63, 0x6f, 0x6e, 0x76, 0x32, 0x64, 0x5f, 0x37, 0x36, 0x5f, 0x31, 0x2f,
  0x63, 0x6f, 0x6e, 0x76, 0x6f, 0x6c, 0x75, 0x74, 0x69, 0x6f, 0x6e, 0x00,
  0x04, 0x00, 0x00, 0x00, 0x10, 0x00, 0x00, 0x00, 0x03, 0x00, 0x00, 0x00,
  0x01, 0x00, 0x00, 0x00, 0x09, 0x00, 0x00, 0x00, 0x8e, 0xf8, 0xff, 0xff,
  0x00, 0x00, 0x00, 0x01, 0x10, 0x00, 0x00, 0x00, 0x10, 0x00, 0x00, 0x00,
  0x12, 0x00, 0x00, 0x00, 0x44, 0x00, 0x00, 0x00, 0xf8, 0xf7, 0xff, 0xff,
  0x36, 0x00, 0x00, 0x00, 0x73, 0x65, 0x71, 0x75, 0x65, 0x6e, 0x74, 0x69,
  0x61, 0x6c, 0x5f, 0x33, 0x31, 0x5f, 0x31, 0x2f, 0x62, 0x61, 0x74, 0x63,
  0x68, 0x5f, 0x6e, 0x6f, 0x72, 0x6d, 0x61, 0x6c, 0x69, 0x7a, 0x61, 0x74,
  0x69, 0x6f, 0x6e, 0x5f, 0x33, 0x39, 0x5f, 0x31, 0x2f, 0x62, 0x61, 0x74,
  0x63, 0x68, 0x6e, 0x6f, 0x72, 0x6d, 0x2f, 0x73, 0x75, 0x62, 0x00, 0x00,
  0x01, 0x00, 0x00, 0x00, 0x10, 0x00, 0x00, 0x00, 0xee, 0xf8, 0xff, 0xff,
  0x00, 0x00, 0x00, 0x01, 0x10, 0x00, 0x00, 0x00, 0x10, 0x00, 0x00, 0x00,
  0x11, 0x00, 0x00, 0x00, 0x44, 0x00, 0x00, 0x00, 0x58, 0xf8, 0xff, 0xff,
  0x36, 0x00, 0x00, 0x00, 0x73, 0x65, 0x71, 0x75, 0x65, 0x6e, 0x74, 0x69,
  0x61, 0x6c, 0x5f, 0x33, 0x31, 0x5f, 0x31, 0x2f, 0x62, 0x61, 0x74, 0x63,
  0x68, 0x5f, 0x6e, 0x6f, 0x72, 0x6d, 0x61, 0x6c, 0x69, 0x7a, 0x61, 0x74,
  0x69, 0x6f, 0x6e, 0x5f, 0x33, 0x39, 0x5f, 0x31, 0x2f, 0x62, 0x61, 0x74,
  0x63, 0x68, 0x6e, 0x6f, 0x72, 0x6d, 0x2f, 0x6d, 0x75, 0x6c, 0x00, 0x00,
  0x01, 0x00, 0x00, 0x00, 0x10, 0x00, 0x00, 0x00, 0x4e, 0xf9, 0xff, 0xff,
  0x00, 0x00, 0x00, 0x01, 0x10, 0x00, 0x00, 0x00, 0x10, 0x00, 0x00, 0x00,
  0x10, 0x00, 0x00, 0x00, 0x44, 0x00, 0x00, 0x00, 0xb8, 0xf8, 0xff, 0xff,
  0x36, 0x00, 0x00, 0x00, 0x73, 0x65, 0x71, 0x75, 0x65, 0x6e, 0x74, 0x69,
  0x61, 0x6c, 0x5f, 0x33, 0x31, 0x5f, 0x31, 0x2f, 0x62, 0x61, 0x74, 0x63,
  0x68, 0x5f, 0x6e, 0x6f, 0x72, 0x6d, 0x61, 0x6c, 0x69, 0x7a, 0x61, 0x74,
  0x69, 0x6f, 0x6e, 0x5f, 0x33, 0x38, 0x5f, 0x31, 0x2f, 0x62, 0x61, 0x74,
  0x63, 0x68, 0x6e, 0x6f, 0x72, 0x6d, 0x2f, 0x73, 0x75, 0x62, 0x00, 0x00,
  0x01, 0x00, 0x00, 0x00, 0x10, 0x00, 0x00, 0x00, 0xae, 0xf9, 0xff, 0xff,
  0x00, 0x00, 0x00, 0x01, 0x10, 0x00, 0x00, 0x00, 0x10, 0x00, 0x00, 0x00,
  0x0f, 0x00, 0x00, 0x00, 0x44, 0x00, 0x00, 0x00, 0x18, 0xf9, 0xff, 0xff,
  0x36, 0x00, 0x00, 0x00, 0x73, 0x65, 0x71, 0x75, 0x65, 0x6e, 0x74, 0x69,
  0x61, 0x6c, 0x5f, 0x33, 0x31, 0x5f, 0x31, 0x2f, 0x62, 0x61, 0x74, 0x63,
  0x68, 0x5f, 0x6e, 0x6f, 0x72, 0x6d, 0x61, 0x6c, 0x69, 0x7a, 0x61, 0x74,
  0x69, 0x6f, 0x6e, 0x5f, 0x33, 0x38, 0x5f, 0x31, 0x2f, 0x62, 0x61, 0x74,
  0x63, 0x68, 0x6e, 0x6f, 0x72, 0x6d, 0x2f, 0x6d, 0x75, 0x6c, 0x00, 0x00,
  0x01, 0x00, 0x00, 0x00, 0x10, 0x00, 0x00, 0x00, 0x0e, 0xfa, 0xff, 0xff,
  0x00, 0x00, 0x00, 0x01, 0x10, 0x00, 0x00, 0x00, 0x10, 0x00, 0x00, 0x00,
  0x0e, 0x00, 0x00, 0x00, 0x44, 0x00, 0x00, 0x00, 0x78, 0xf9, 0xff, 0xff,
  0x36, 0x00, 0x00, 0x00, 0x73, 0x65, 0x71, 0x75, 0x65, 0x6e, 0x74, 0x69,
  0x61, 0x6c, 0x5f, 0x33, 0x31, 0x5f, 0x31, 0x2f, 0x62, 0x61, 0x74, 0x63,
  0x68, 0x5f, 0x6e, 0x6f, 0x72, 0x6d, 0x61, 0x6c, 0x69, 0x7a, 0x61, 0x74,
  0x69, 0x6f, 0x6e, 0x5f, 0x33, 0x37, 0x5f, 0x31, 0x2f, 0x62, 0x61, 0x74,
  0x63, 0x68, 0x6e, 0x6f, 0x72, 0x6d, 0x2f, 0x73, 0x75, 0x62, 0x00, 0x00,
  0x01, 0x00, 0x00, 0x00, 0x10, 0x00, 0x00, 0x00, 0x6e, 0xfa, 0xff, 0xff,
  0x00, 0x00, 0x00, 0x01, 0x10, 0x00, 0x00, 0x00, 0x10, 0x00, 0x00, 0x00,
  0x0d, 0x00, 0x00, 0x00, 0x44, 0x00, 0x00, 0x00, 0xd8, 0xf9, 0xff, 0xff,
  0x36, 0x00, 0x00, 0x00, 0x73, 0x65, 0x71, 0x75, 0x65, 0x6e, 0x74, 0x69,
  0x61, 0x6c, 0x5f, 0x33, 0x31, 0x5f, 0x31, 0x2f, 0x62, 0x61, 0x74, 0x63,
  0x68, 0x5f, 0x6e, 0x6f, 0x72, 0x6d, 0x61, 0x6c, 0x69, 0x7a, 0x61, 0x74,
  0x69, 0x6f, 0x6e, 0x5f, 0x33, 0x37, 0x5f, 0x31, 0x2f, 0x62, 0x61, 0x74,
  0x63, 0x68, 0x6e, 0x6f, 0x72, 0x6d, 0x2f, 0x6d, 0x75, 0x6c, 0x00, 0x00,
  0x01, 0x00, 0x00, 0x00, 0x10, 0x00, 0x00, 0x00, 0xce, 0xfa, 0xff, 0xff,
  0x00, 0x00, 0x00, 0x01, 0x10, 0x00, 0x00, 0x00, 0x10, 0x00, 0x00, 0x00,
  0x0c, 0x00, 0x00, 0x00, 0x44, 0x00, 0x00, 0x00, 0x38, 0xfa, 0xff, 0xff,
  0x36, 0x00, 0x00, 0x00, 0x73, 0x65, 0x71, 0x75, 0x65, 0x6e, 0x74, 0x69,
  0x61, 0x6c, 0x5f, 0x33, 0x31, 0x5f, 0x31, 0x2f, 0x62, 0x61, 0x74, 0x63,
  0x68, 0x5f, 0x6e, 0x6f, 0x72, 0x6d, 0x61, 0x6c, 0x69, 0x7a, 0x61, 0x74,
  0x69, 0x6f, 0x6e, 0x5f, 0x33, 0x36, 0x5f, 0x31, 0x2f, 0x62, 0x61, 0x74,
  0x63, 0x68, 0x6e, 0x6f, 0x72, 0x6d, 0x2f, 0x73, 0x75, 0x62, 0x00, 0x00,
  0x01, 0x00, 0x00, 0x00, 0x10, 0x00, 0x00, 0x00, 0x2e, 0xfb, 0xff, 0xff,
  0x00, 0x00, 0x00, 0x01, 0x10, 0x00, 0x00, 0x00, 0x10, 0x00, 0x00, 0x00,
  0x0b, 0x00, 0x00, 0x00, 0x44, 0x00, 0x00, 0x00, 0x98, 0xfa, 0xff, 0xff,
  0x36, 0x00, 0x00, 0x00, 0x73, 0x65, 0x71, 0x75, 0x65, 0x6e, 0x74, 0x69,
  0x61, 0x6c, 0x5f, 0x33, 0x31, 0x5f, 0x31, 0x2f, 0x62, 0x61, 0x74, 0x63,
  0x68, 0x5f, 0x6e, 0x6f, 0x72, 0x6d, 0x61, 0x6c, 0x69, 0x7a, 0x61, 0x74,
  0x69, 0x6f, 0x6e, 0x5f, 0x33, 0x36, 0x5f, 0x31, 0x2f, 0x62, 0x61, 0x74,
  0x63, 0x68, 0x6e, 0x6f, 0x72, 0x6d, 0x2f, 0x6d, 0x75, 0x6c, 0x00, 0x00,
  0x01, 0x00, 0x00, 0x00, 0x10, 0x00, 0x00, 0x00, 0x00, 0x00, 0x16, 0x00,
  0x1c, 0x00, 0x18, 0x00, 0x17, 0x00, 0x10, 0x00, 0x0c, 0x00, 0x08, 0x00,
  0x00, 0x00, 0x00, 0x00, 0x00, 0x00, 0x07, 0x00, 0x16, 0x00, 0x00, 0x00,
  0x00, 0x00, 0x00, 0x01, 0x14, 0x00, 0x00, 0x00, 0x14, 0x00, 0x00, 0x00,
  0x0a, 0x00, 0x00, 0x00, 0x00, 0x00, 0x00, 0x02, 0x54, 0x00, 0x00, 0x00,
  0x14, 0xfb, 0xff, 0xff, 0x44, 0x00, 0x00, 0x00, 0x73, 0x65, 0x71, 0x75,
  0x65, 0x6e, 0x74, 0x69, 0x61, 0x6c, 0x5f, 0x33, 0x31, 0x5f, 0x31, 0x2f,
  0x67, 0x6c, 0x6f, 0x62, 0x61, 0x6c, 0x5f, 0x61, 0x76, 0x65, 0x72, 0x61,
  0x67, 0x65, 0x5f, 0x70, 0x6f, 0x6f, 0x6c, 0x69, 0x6e, 0x67, 0x32, 0x64,
  0x5f, 0x33, 0x31, 0x5f, 0x31, 0x2f, 0x4d, 0x65, 0x61, 0x6e, 0x2f, 0x72,
  0x65, 0x64, 0x75, 0x63, 0x74, 0x69, 0x6f, 0x6e, 0x5f, 0x69, 0x6e, 0x64,
  0x69, 0x63, 0x65, 0x73, 0x00, 0x00, 0x00, 0x00, 0x01, 0x00, 0x00, 0x00,
  0x02, 0x00, 0x00, 0x00, 0x1a, 0xfc, 0xff, 0xff, 0x00, 0x00, 0x00, 0x01,
  0x10, 0x00, 0x00, 0x00, 0x10, 0x00, 0x00, 0x00, 0x09, 0x00, 0x00, 0x00,
  0x30, 0x00, 0x00, 0x00, 0x84, 0xfb, 0xff, 0xff, 0x21, 0x00, 0x00, 0x00,
  0x73, 0x65, 0x71, 0x75, 0x65, 0x6e, 0x74, 0x69, 0x61, 0x6c, 0x5f, 0x33,
  0x31, 0x5f, 0x31, 0x2f, 0x64, 0x65, 0x6e, 0x73, 0x65, 0x5f, 0x33, 0x31,
  0x5f, 0x31, 0x2f, 0x4d, 0x61, 0x74, 0x4d, 0x75, 0x6c, 0x00, 0x00, 0x00,
  0x02, 0x00, 0x00, 0x00, 0x07, 0x00, 0x00, 0x00, 0x10, 0x00, 0x00, 0x00,
  0x6a, 0xfc, 0xff, 0xff, 0x00, 0x00, 0x00, 0x01, 0x10, 0x00, 0x00, 0x00,
  0x10, 0x00, 0x00, 0x00, 0x08, 0x00, 0x00, 0x00, 0x34, 0x00, 0x00, 0x00,
  0xd4, 0xfb, 0xff, 0xff, 0x27, 0x00, 0x00, 0x00, 0x73, 0x65, 0x71, 0x75,
  0x65, 0x6e, 0x74, 0x69, 0x61, 0x6c, 0x5f, 0x33, 0x31, 0x5f, 0x31, 0x2f,
  0x63, 0x6f, 0x6e, 0x76, 0x32, 0x64, 0x5f, 0x37, 0x37, 0x5f, 0x31, 0x2f,
  0x63, 0x6f, 0x6e, 0x76, 0x6f, 0x6c, 0x75, 0x74, 0x69, 0x6f, 0x6e, 0x00,
  0x04, 0x00, 0x00, 0x00, 0x10, 0x00, 0x00, 0x00, 0x03, 0x00, 0x00, 0x00,
  0x01, 0x00, 0x00, 0x00, 0x10, 0x00, 0x00, 0x00, 0xc6, 0xfc, 0xff, 0xff,
  0x00, 0x00, 0x00, 0x01, 0x10, 0x00, 0x00, 0x00, 0x10, 0x00, 0x00, 0x00,
  0x07, 0x00, 0x00, 0x00, 0x34, 0x00, 0x00, 0x00, 0x30, 0xfc, 0xff, 0xff,
  0x27, 0x00, 0x00, 0x00, 0x73, 0x65, 0x71, 0x75, 0x65, 0x6e, 0x74, 0x69,
  0x61, 0x6c, 0x5f, 0x33, 0x31, 0x5f, 0x31, 0x2f, 0x63, 0x6f, 0x6e, 0x76,
  0x32, 0x64, 0x5f, 0x37, 0x38, 0x5f, 0x31, 0x2f, 0x63, 0x6f, 0x6e, 0x76,
  0x6f, 0x6c, 0x75, 0x74, 0x69, 0x6f, 0x6e, 0x00, 0x04, 0x00, 0x00, 0x00,
  0x10, 0x00, 0x00, 0x00, 0x03, 0x00, 0x00, 0x00, 0x01, 0x00, 0x00, 0x00,
  0x10, 0x00, 0x00, 0x00, 0x22, 0xfd, 0xff, 0xff, 0x00, 0x00, 0x00, 0x01,
  0x10, 0x00, 0x00, 0x00, 0x10, 0x00, 0x00, 0x00, 0x06, 0x00, 0x00, 0x00,
  0x34, 0x00, 0x00, 0x00, 0x8c, 0xfc, 0xff, 0xff, 0x27, 0x00, 0x00, 0x00,
  0x73, 0x65, 0x71, 0x75, 0x65, 0x6e, 0x74, 0x69, 0x61, 0x6c, 0x5f, 0x33,
  0x31, 0x5f, 0x31, 0x2f, 0x63, 0x6f, 0x6e, 0x76, 0x32, 0x64, 0x5f, 0x37,
  0x39, 0x5f, 0x31, 0x2f, 0x63, 0x6f, 0x6e, 0x76, 0x6f, 0x6c, 0x75, 0x74,
  0x69, 0x6f, 0x6e, 0x00, 0x04, 0x00, 0x00, 0x00, 0x10, 0x00, 0x00, 0x00,
  0x03, 0x00, 0x00, 0x00, 0x01, 0x00, 0x00, 0x00, 0x10, 0x00, 0x00, 0x00,
  0x7e, 0xfd, 0xff, 0xff, 0x00, 0x00, 0x00, 0x01, 0x10, 0x00, 0x00, 0x00,
  0x10, 0x00, 0x00, 0x00, 0x05, 0x00, 0x00, 0x00, 0x30, 0x00, 0x00, 0x00,
  0xe8, 0xfc, 0xff, 0xff, 0x22, 0x00, 0x00, 0x00, 0x73, 0x65, 0x71, 0x75,
  0x65, 0x6e, 0x74, 0x69, 0x61, 0x6c, 0x5f, 0x33, 0x31, 0x5f, 0x31, 0x2f,
  0x64, 0x65, 0x6e, 0x73, 0x65, 0x5f, 0x33, 0x31, 0x5f, 0x31, 0x2f, 0x42,
  0x69, 0x61, 0x73, 0x41, 0x64, 0x64, 0x00, 0x00, 0x01, 0x00, 0x00, 0x00,
  0x07, 0x00, 0x00, 0x00, 0xca, 0xfd, 0xff, 0xff, 0x00, 0x00, 0x00, 0x01,
  0x10, 0x00, 0x00, 0x00, 0x10, 0x00, 0x00, 0x00, 0x04, 0x00, 0x00, 0x00,
  0xa0, 0x00, 0x00, 0x00, 0x34, 0xfd, 0xff, 0xff, 0x90, 0x00, 0x00, 0x00,
  0x73, 0x65, 0x71, 0x75, 0x65, 0x6e, 0x74, 0x69, 0x61, 0x6c, 0x5f, 0x33,
  0x31, 0x5f, 0x31, 0x2f, 0x63, 0x6f, 0x6e, 0x76, 0x32, 0x64, 0x5f, 0x37,
  0x37, 0x5f, 0x31, 0x2f, 0x52, 0x65, 0x6c, 0x75, 0x3b, 0x73, 0x65, 0x71,
  0x75, 0x65, 0x6e, 0x74, 0x69, 0x61, 0x6c, 0x5f, 0x33, 0x31, 0x5f, 0x31,
  0x2f, 0x63, 0x6f, 0x6e, 0x76, 0x32, 0x64, 0x5f, 0x37, 0x37, 0x5f, 0x31,
  0x2f, 0x42, 0x69, 0x61, 0x73, 0x41, 0x64, 0x64, 0x3b, 0x73, 0x65, 0x71,
  0x75, 0x65, 0x6e, 0x74, 0x69, 0x61, 0x6c, 0x5f, 0x33, 0x31, 0x5f, 0x31,
  0x2f, 0x63, 0x6f, 0x6e, 0x76, 0x32, 0x64, 0x5f, 0x37, 0x37, 0x5f, 0x31,
  0x2f, 0x63, 0x6f, 0x6e, 0x76, 0x6f, 0x6c, 0x75, 0x74, 0x69, 0x6f, 0x6e,
  0x3b, 0x73, 0x65, 0x71, 0x75, 0x65, 0x6e, 0x74, 0x69, 0x61, 0x6c, 0x5f,
  0x33, 0x31, 0x5f, 0x31, 0x2f, 0x63, 0x6f, 0x6e, 0x76, 0x32, 0x64, 0x5f,
  0x37, 0x37, 0x5f, 0x31, 0x2f, 0x53, 0x71, 0x75, 0x65, 0x65, 0x7a, 0x65,
  0x00, 0x00, 0x00, 0x00, 0x01, 0x00, 0x00, 0x00, 0x10, 0x00, 0x00, 0x00,
  0x86, 0xfe, 0xff, 0xff, 0x00, 0x00, 0x00, 0x01, 0x10, 0x00, 0x00, 0x00,
  0x10, 0x00, 0x00, 0x00, 0x03, 0x00, 0x00, 0x00, 0xa0, 0x00, 0x00, 0x00,
  0xf0, 0xfd, 0xff, 0xff, 0x90, 0x00, 0x00, 0x00, 0x73, 0x65, 0x71, 0x75,
  0x65, 0x6e, 0x74, 0x69, 0x61, 0x6c, 0x5f, 0x33, 0x31, 0x5f, 0x31, 0x2f,
  0x63, 0x6f, 0x6e, 0x76, 0x32, 0x64, 0x5f, 0x37, 0x38, 0x5f, 0x31, 0x2f,
  0x52, 0x65, 0x6c, 0x75, 0x3b, 0x73, 0x65, 0x71, 0x75, 0x65, 0x6e, 0x74,
  0x69, 0x61, 0x6c, 0x5f, 0x33, 0x31, 0x5f, 0x31, 0x2f, 0x63, 0x6f, 0x6e,
  0x76, 0x32, 0x64, 0x5f, 0x37, 0x38, 0x5f, 0x31, 0x2f, 0x42, 0x69, 0x61,
  0x73, 0x41, 0x64, 0x64, 0x3b, 0x73, 0x65, 0x71, 0x75, 0x65, 0x6e, 0x74,
  0x69, 0x61, 0x6c, 0x5f, 0x33, 0x31, 0x5f, 0x31, 0x2f, 0x63, 0x6f, 0x6e,
  0x76, 0x32, 0x64, 0x5f, 0x37, 0x38, 0x5f, 0x31, 0x2f, 0x63, 0x6f, 0x6e,
  0x76, 0x6f, 0x6c, 0x75, 0x74, 0x69, 0x6f, 0x6e, 0x3b, 0x73, 0x65, 0x71,
  0x75, 0x65, 0x6e, 0x74, 0x69, 0x61, 0x6c, 0x5f, 0x33, 0x31, 0x5f, 0x31,
  0x2f, 0x63, 0x6f, 0x6e, 0x76, 0x32, 0x64, 0x5f, 0x37, 0x38, 0x5f, 0x31,
  0x2f, 0x53, 0x71, 0x75, 0x65, 0x65, 0x7a, 0x65, 0x00, 0x00, 0x00, 0x00,
  0x01, 0x00, 0x00, 0x00, 0x10, 0x00, 0x00, 0x00, 0x42, 0xff, 0xff, 0xff,
  0x00, 0x00, 0x00, 0x01, 0x10, 0x00, 0x00, 0x00, 0x10, 0x00, 0x00, 0x00,
  0x02, 0x00, 0x00, 0x00, 0xa0, 0x00, 0x00, 0x00, 0xac, 0xfe, 0xff, 0xff,
  0x90, 0x00, 0x00, 0x00, 0x73, 0x65, 0x71, 0x75, 0x65, 0x6e, 0x74, 0x69,
  0x61, 0x6c, 0x5f, 0x33, 0x31, 0x5f, 0x31, 0x2f, 0x63, 0x6f, 0x6e, 0x76,
  0x32, 0x64, 0x5f, 0x37, 0x39, 0x5f, 0x31, 0x2f, 0x52, 0x65, 0x6c, 0x75,
  0x3b, 0x73, 0x65, 0x71, 0x75, 0x65, 0x6e, 0x74, 0x69, 0x61, 0x6c, 0x5f,
  0x33, 0x31, 0x5f, 0x31, 0x2f, 0x63, 0x6f, 0x6e, 0x76, 0x32, 0x64, 0x5f,
  0x37, 0x39, 0x5f, 0x31, 0x2f, 0x42, 0x69, 0x61, 0x73, 0x41, 0x64, 0x64,
  0x3b, 0x73, 0x65, 0x71, 0x75, 0x65, 0x6e, 0x74, 0x69, 0x61, 0x6c, 0x5f,
  0x33, 0x31, 0x5f, 0x31, 0x2f, 0x63, 0x6f, 0x6e, 0x76, 0x32, 0x64, 0x5f,
  0x37, 0x39, 0x5f, 0x31, 0x2f, 0x63, 0x6f, 0x6e, 0x76, 0x6f, 0x6c, 0x75,
  0x74, 0x69, 0x6f, 0x6e, 0x3b, 0x73, 0x65, 0x71, 0x75, 0x65, 0x6e, 0x74,
  0x69, 0x61, 0x6c, 0x5f, 0x33, 0x31, 0x5f, 0x31, 0x2f, 0x63, 0x6f, 0x6e,
  0x76, 0x32, 0x64, 0x5f, 0x37, 0x39, 0x5f, 0x31, 0x2f, 0x53, 0x71, 0x75,
  0x65, 0x65, 0x7a, 0x65, 0x00, 0x00, 0x00, 0x00, 0x01, 0x00, 0x00, 0x00,
  0x10, 0x00, 0x00, 0x00, 0x00, 0x00, 0x16, 0x00, 0x18, 0x00, 0x14, 0x00,
  0x00, 0x00, 0x10, 0x00, 0x0c, 0x00, 0x08, 0x00, 0x00, 0x00, 0x00, 0x00,
  0x00, 0x00, 0x07, 0x00, 0x16, 0x00, 0x00, 0x00, 0x00, 0x00, 0x00, 0x01,
  0x10, 0x00, 0x00, 0x00, 0x10, 0x00, 0x00, 0x00, 0x01, 0x00, 0x00, 0x00,
  0x30, 0x00, 0x00, 0x00, 0x80, 0xff, 0xff, 0xff, 0x23, 0x00, 0x00, 0x00,
  0x73, 0x65, 0x72, 0x76, 0x69, 0x6e, 0x67, 0x5f, 0x64, 0x65, 0x66, 0x61,
  0x75, 0x6c, 0x74, 0x5f, 0x6b, 0x65, 0x72, 0x61, 0x73, 0x5f, 0x74, 0x65,
  0x6e, 0x73, 0x6f, 0x72, 0x5f, 0x31, 0x37, 0x31, 0x32, 0x3a, 0x30, 0x00,
  0x04, 0x00, 0x00, 0x00, 0x01, 0x00, 0x00, 0x00, 0x05, 0x00, 0x00, 0x00,
  0x01, 0x00, 0x00, 0x00, 0x09, 0x00, 0x00, 0x00, 0x06, 0x00, 0x00, 0x00,
  0x5c, 0x00, 0x00, 0x00, 0x40, 0x00, 0x00, 0x00, 0x38, 0x00, 0x00, 0x00,
  0x24, 0x00, 0x00, 0x00, 0x14, 0x00, 0x00, 0x00, 0x04, 0x00, 0x00, 0x00,
  0xc8, 0xff, 0xff, 0xff, 0x19, 0x00, 0x00, 0x00, 0x00, 0x00, 0x00, 0x19,
  0xd4, 0xff, 0xff, 0xff, 0x09, 0x00, 0x00, 0x00, 0x00, 0x00, 0x00, 0x09,
  0xe0, 0xff, 0xff, 0xff, 0x28, 0x00, 0x00, 0x00, 0x00, 0x00, 0x00, 0x28,
  0x04, 0x00, 0x04, 0x00, 0x04, 0x00, 0x00, 0x00, 0xf4, 0xff, 0xff, 0xff,
  0x12, 0x00, 0x00, 0x00, 0x00, 0x00, 0x00, 0x12, 0x0c, 0x00, 0x0c, 0x00,
  0x0b, 0x00, 0x00, 0x00, 0x00, 0x00, 0x04, 0x00, 0x0c, 0x00, 0x00, 0x00,
  0x03, 0x00, 0x00, 0x00, 0x00, 0x00, 0x00, 0x03
};
unsigned int tflite_models_conv_3_5_ON_hybrid_tflite_len = 18596;
