unsigned char tflite_models_dense_only_2_128_16_20_True_float32_tflite[] = {
  0x1c, 0x00, 0x00, 0x00, 0x54, 0x46, 0x4c, 0x33, 0x14, 0x00, 0x20, 0x00,
  0x1c, 0x00, 0x18, 0x00, 0x14, 0x00, 0x10, 0x00, 0x0c, 0x00, 0x00, 0x00,
  0x08, 0x00, 0x04, 0x00, 0x14, 0x00, 0x00, 0x00, 0x1c, 0x00, 0x00, 0x00,
  0x9c, 0x00, 0x00, 0x00, 0xf4, 0x00, 0x00, 0x00, 0x70, 0x38, 0x00, 0x00,
  0x80, 0x38, 0x00, 0x00, 0xb0, 0x41, 0x00, 0x00, 0x03, 0x00, 0x00, 0x00,
  0x01, 0x00, 0x00, 0x00, 0x10, 0x00, 0x00, 0x00, 0x00, 0x00, 0x0a, 0x00,
  0x10, 0x00, 0x0c, 0x00, 0x08, 0x00, 0x04, 0x00, 0x0a, 0x00, 0x00, 0x00,
  0x0c, 0x00, 0x00, 0x00, 0x1c, 0x00, 0x00, 0x00, 0x3c, 0x00, 0x00, 0x00,
  0x0f, 0x00, 0x00, 0x00, 0x73, 0x65, 0x72, 0x76, 0x69, 0x6e, 0x67, 0x5f,
  0x64, 0x65, 0x66, 0x61, 0x75, 0x6c, 0x74, 0x00, 0x01, 0x00, 0x00, 0x00,
  0x04, 0x00, 0x00, 0x00, 0x8c, 0xff, 0xff, 0xff, 0x0d, 0x00, 0x00, 0x00,
  0x04, 0x00, 0x00, 0x00, 0x08, 0x00, 0x00, 0x00, 0x6f, 0x75, 0x74, 0x70,
  0x75, 0x74, 0x5f, 0x30, 0x00, 0x00, 0x00, 0x00, 0x01, 0x00, 0x00, 0x00,
  0x04, 0x00, 0x00, 0x00, 0x1e, 0xe8, 0xff, 0xff, 0x04, 0x00, 0x00, 0x00,
  0x11, 0x00, 0x00, 0x00, 0x6b, 0x65, 0x72, 0x61, 0x73, 0x5f, 0x74, 0x65,
  0x6e, 0x73, 0x6f, 0x72, 0x5f, 0x37, 0x30, 0x33, 0x31, 0x00, 0x00, 0x00,
  0x02, 0x00, 0x00, 0x00, 0x34, 0x00, 0x00, 0x00, 0x04, 0x00, 0x00, 0x00,
  0xdc, 0xff, 0xff, 0xff, 0x10, 0x00, 0x00, 0x00, 0x04, 0x00, 0x00, 0x00,
  0x13, 0x00, 0x00, 0x00, 0x43, 0x4f, 0x4e, 0x56, 0x45, 0x52, 0x53, 0x49,
  0x4f, 0x4e, 0x5f, 0x4d, 0x45, 0x54, 0x41, 0x44, 0x41, 0x54, 0x41, 0x00,
  0x08, 0x00, 0x0c, 0x00, 0x08, 0x00, 0x04, 0x00, 0x08, 0x00, 0x00, 0x00,
  0x0f, 0x00, 0x00, 0x00, 0x04, 0x00, 0x00, 0x00, 0x13, 0x00, 0x00, 0x00,
  0x6d, 0x69, 0x6e, 0x5f, 0x72, 0x75, 0x6e, 0x74, 0x69, 0x6d, 0x65, 0x5f,
  0x76, 0x65, 0x72, 0x73, 0x69, 0x6f, 0x6e, 0x00, 0x11, 0x00, 0x00, 0x00,
  0x78, 0x37, 0x00, 0x00, 0x70, 0x37, 0x00, 0x00, 0x60, 0x17, 0x00, 0x00,
  0x08, 0x17, 0x00, 0x00, 0xf8, 0x14, 0x00, 0x00, 0x28, 0x13, 0x00, 0x00,
  0xfc, 0x12, 0x00, 0x00, 0xec, 0x00, 0x00, 0x00, 0xd8, 0x00, 0x00, 0x00,
  0xbc, 0x00, 0x00, 0x00, 0xb4, 0x00, 0x00, 0x00, 0xac, 0x00, 0x00, 0x00,
  0xa4, 0x00, 0x00, 0x00, 0x9c, 0x00, 0x00, 0x00, 0x94, 0x00, 0x00, 0x00,
  0x74, 0x00, 0x00, 0x00, 0x04, 0x00, 0x00, 0x00, 0xe2, 0xe8, 0xff, 0xff,
  0x04, 0x00, 0x00, 0x00, 0x60, 0x00, 0x00, 0x00, 0x10, 0x00, 0x00, 0x00,
  0x00, 0x00, 0x00, 0x00, 0x08, 0x00, 0x0e, 0x00, 0x08, 0x00, 0x04, 0x00,
  0x08, 0x00, 0x00, 0x00, 0x10, 0x00, 0x00, 0x00, 0x24, 0x00, 0x00, 0x00,
  0x00, 0x00, 0x06, 0x00, 0x08, 0x00, 0x04, 0x00, 0x06, 0x00, 0x00, 0x00,
  0x04, 0x00, 0x00, 0x00, 0x00, 0x00, 0x00, 0x00, 0x0c, 0x00, 0x18, 0x00,
  0x14, 0x00, 0x10, 0x00, 0x0c, 0x00, 0x04, 0x00, 0x0c, 0x00, 0x00, 0x00,
  0x9b, 0x43, 0x61, 0xf5, 0x53, 0x15, 0x65, 0x51, 0x02, 0x00, 0x00, 0x00,
  0x02, 0x00, 0x00, 0x00, 0x04, 0x00, 0x00, 0x00, 0x06, 0x00, 0x00, 0x00,
  0x32, 0x2e, 0x32, 0x31, 0x2e, 0x30, 0x00, 0x00, 0x4e, 0xe9, 0xff, 0xff,
  0x04, 0x00, 0x00, 0x00, 0x10, 0x00, 0x00, 0x00, 0x31, 0x2e, 0x36, 0x2e,
  0x30, 0x00, 0x00, 0x00, 0x00, 0x00, 0x00, 0x00, 0x00, 0x00, 0x00, 0x00,
  0x4c, 0xc0, 0xff, 0xff, 0x50, 0xc0, 0xff, 0xff, 0x54, 0xc0, 0xff, 0xff,
  0x58, 0xc0, 0xff, 0xff, 0x5c, 0xc0, 0xff, 0xff, 0x7e, 0xe9, 0xff, 0xff,
  0x04, 0x00, 0x00, 0x00, 0x0c, 0x00, 0x00, 0x00, 0x01, 0x00, 0x00, 0x00,
  0x14, 0x00, 0x00, 0x00, 0x09, 0x00, 0x00, 0x00, 0x96, 0xe9, 0xff, 0xff,
  0x04, 0x00, 0x00, 0x00, 0x04, 0x00, 0x00, 0x00, 0x01, 0x00, 0x00, 0x00,
  0xa6, 0xe9, 0xff, 0xff, 0x04, 0x00, 0x00, 0x00, 0x00, 0x12, 0x00, 0x00,
  0x97, 0x31, 0xef, 0xbd, 0xc7, 0x47, 0x25, 0x3e, 0x3a, 0x0c, 0x82, 0x3e,
  0xcd, 0xae, 0xe7, 0xbd, 0x21, 0x38, 0x69, 0xbe, 0xdc, 0x84, 0xe5, 0xbd,
  0xd8, 0xe0, 0x0a, 0x3e, 0xc1, 0xca, 0xcd, 0x3e, 0xf5, 0x09, 0x4a, 0xbe,
  0x9e, 0xeb, 0x9d, 0x3e, 0x93, 0x2c, 0x9a, 0x3d, 0x28, 0xbf, 0x95, 0xbc,
  0x19, 0x13, 0x48, 0xbd, 0x36, 0xf2, 0xff, 0xbe, 0x65, 0xe4, 0x09, 0xbd,
  0x0f, 0x90, 0xce, 0xbd, 0x0a, 0x33, 0x6c, 0x3e, 0x2b, 0xa2, 0xad, 0xbc,
  0xb7, 0x68, 0xc8, 0x3d, 0x54, 0x80, 0x20, 0x3e, 0x89, 0xae, 0x9a, 0x3e,
  0xdd, 0xc0, 0xc0, 0x3e, 0xb5, 0xf4, 0x64, 0xbe, 0xd4, 0xb7, 0xd3, 0x3d,
  0x63, 0xda, 0x03, 0x3e, 0xd5, 0x8c, 0xf5, 0xbc, 0xdd, 0x8f, 0x66, 0xbd,
  0x7e, 0x71, 0x20, 0xbe, 0xdd, 0x45, 0x2f, 0x3e, 0x72, 0x78, 0x93, 0x3d,
  0x99, 0x8b, 0x14, 0xbe, 0x4c, 0x5a, 0xfc, 0x3c, 0xbe, 0xfd, 0x1a, 0xbd,
  0xa8, 0x71, 0x98, 0x3a, 0x03, 0xf3, 0x0e, 0x3e, 0x27, 0xc8, 0x19, 0xbf,
  0x46, 0x44, 0xc0, 0x3d, 0xe2, 0x2d, 0x6e, 0xbd, 0x1f, 0x31, 0x97, 0xbe,
  0x23, 0x02, 0x8e, 0xbd, 0xb1, 0xbb, 0x41, 0x3e, 0x63, 0xce, 0x8b, 0xbd,
  0x1d, 0x43, 0xf5, 0x3e, 0x4b, 0x44, 0x97, 0xbd, 0x07, 0x44, 0x96, 0x3e,
  0xca, 0x36, 0xfb, 0x3d, 0x80, 0xb3, 0x3e, 0x3c, 0x98, 0x8e, 0xb5, 0x3d,
  0x31, 0x32, 0xd5, 0x3d, 0x4a, 0xe9, 0x80, 0xbe, 0x9c, 0x27, 0x89, 0xbe,
  0xb2, 0xff, 0xac, 0xbe, 0xb1, 0xfb, 0x64, 0xbe, 0x49, 0xa7, 0x6b, 0x3d,
  0xef, 0xd1, 0x4a, 0x3e, 0x99, 0xb8, 0x7e, 0x3e, 0xe6, 0xb8, 0x91, 0x3e,
  0x22, 0x70, 0x0a, 0x3e, 0x11, 0x8b, 0x91, 0x3d, 0x99, 0x30, 0xd9, 0x3e,
  0x46, 0xf1, 0x4a, 0x3e, 0x06, 0x76, 0x2b, 0x3e, 0x5b, 0x17, 0x7d, 0xbe,
  0x5a, 0x3b, 0x3c, 0x3e, 0x95, 0xd5, 0x9a, 0xbe, 0x09, 0xb2, 0x9b, 0xbe,
  0x03, 0x87, 0x90, 0x3d, 0x5e, 0xa3, 0x8b, 0xbd, 0x6e, 0x10, 0x90, 0x3e,
  0x42, 0x2e, 0x81, 0x3d, 0xe4, 0x52, 0xbb, 0x3e, 0xf6, 0x50, 0xe3, 0xbd,
  0xe8, 0x98, 0xb1, 0xbe, 0xa7, 0xd8, 0x34, 0x3e, 0xa2, 0x02, 0x0a, 0xbe,
  0x14, 0xc9, 0x4d, 0xbd, 0xb4, 0x14, 0x98, 0xbe, 0x83, 0x0f, 0x27, 0x3e,
  0xbc, 0xd5, 0x86, 0xbe, 0x4d, 0xc3, 0xa3, 0x3e, 0x30, 0x74, 0x92, 0xbd,
  0xfc, 0xc4, 0x35, 0x3d, 0xd9, 0xe0, 0x4f, 0x3d, 0x50, 0x2c, 0xae, 0xbe,
  0x71, 0x38, 0x10, 0x3d, 0x86, 0x93, 0x67, 0xbd, 0x87, 0x1e, 0x7f, 0xbd,
  0xf2, 0x59, 0x08, 0x3b, 0xf8, 0x71, 0xa7, 0x3e, 0xfc, 0x4a, 0x0f, 0x3d,
  0x37, 0x3a, 0x3d, 0x3e, 0x92, 0xbf, 0x16, 0xbd, 0xad, 0xe3, 0x8c, 0xbe,
  0xd0, 0xc5, 0xe3, 0xbe, 0x98, 0xad, 0xa8, 0xbd, 0x20, 0x4a, 0x0d, 0x3e,
  0x82, 0x91, 0xd0, 0x3b, 0x84, 0x03, 0xa5, 0x3e, 0xf1, 0x4e, 0xc2, 0x3d,
  0x3f, 0x68, 0xb0, 0xbe, 0x68, 0xc1, 0x92, 0x3d, 0xfc, 0x96, 0x34, 0xbe,
  0xd6, 0x7f, 0x42, 0xbe, 0x88, 0xed, 0x33, 0x3e, 0x0b, 0x2f, 0x99, 0x3e,
  0x4f, 0x46, 0xab, 0xbc, 0x44, 0x4b, 0x97, 0xbe, 0x6e, 0x50, 0x48, 0xbd,
  0xea, 0x4c, 0x9f, 0xbc, 0x89, 0xac, 0x83, 0xbb, 0x0b, 0x57, 0xa2, 0x3e,
  0x00, 0x43, 0x37, 0x3e, 0x81, 0x5a, 0x82, 0xbe, 0x02, 0x60, 0xad, 0xbe,
  0x58, 0x3b, 0x3f, 0x3d, 0xc9, 0xf7, 0x8a, 0x3d, 0x83, 0x64, 0x96, 0x3e,
  0xaa, 0xc3, 0xe0, 0x3d, 0x73, 0x76, 0x0c, 0x3e, 0x26, 0xd9, 0xa3, 0x3e,
  0xf4, 0x1b, 0xa4, 0x3e, 0x28, 0xb9, 0x90, 0xbe, 0xb0, 0x5f, 0x7e, 0x3e,
  0xfd, 0x7a, 0x02, 0x3e, 0x68, 0x5c, 0xb3, 0xbe, 0xcb, 0xed, 0x40, 0xbc,
  0xac, 0x4c, 0xa8, 0x3d, 0x2b, 0x08, 0x3a, 0xbe, 0xa6, 0xbf, 0x03, 0xbe,
  0xdd, 0x90, 0xe4, 0xbd, 0xe4, 0xf1, 0x36, 0x3e, 0x7d, 0xf6, 0xb5, 0x3d,
  0x10, 0x5b, 0x4b, 0x3e, 0xc4, 0x2e, 0x1b, 0xbf, 0xea, 0x2c, 0x96, 0xbd,
  0x73, 0xc7, 0xaf, 0x3c, 0xf5, 0x1c, 0x44, 0xbe, 0x70, 0x64, 0x88, 0x3e,
  0x5e, 0x9d, 0xdd, 0xbc, 0x69, 0xf7, 0x36, 0xbd, 0xab, 0x51, 0x9f, 0x3e,
  0xed, 0x85, 0x0a, 0x3f, 0xf8, 0xd3, 0xa4, 0xbd, 0xb6, 0x8b, 0xdc, 0x3d,
  0xf0, 0xfe, 0x2a, 0x3e, 0x3c, 0x6d, 0x70, 0x3e, 0xfb, 0xe6, 0x9c, 0xbd,
  0xa3, 0xa8, 0x49, 0x3e, 0xda, 0xff, 0x96, 0x3e, 0x42, 0xfd, 0xd5, 0xbd,
  0x40, 0xee, 0xbd, 0xbe, 0x31, 0x66, 0x6f, 0x3e, 0x20, 0x21, 0xcc, 0x3d,
  0xde, 0xf8, 0xce, 0xbe, 0xfe, 0xd5, 0x14, 0xbe, 0xa3, 0x7e, 0x93, 0xbe,
  0x02, 0xfd, 0xcd, 0x3d, 0x2b, 0x97, 0x8a, 0xbe, 0xa8, 0x9a, 0x9c, 0x3e,
  0xd2, 0x66, 0xa0, 0x3d, 0x1b, 0xd1, 0x2a, 0x3d, 0x8b, 0xe3, 0x96, 0x3e,
  0xe4, 0xbb, 0xd3, 0xbd, 0x7a, 0xf5, 0xef, 0xbe, 0x88, 0xa3, 0x43, 0xbc,
  0xac, 0x19, 0xd7, 0x3e, 0x2f, 0x18, 0x9e, 0xbe, 0x1f, 0xd8, 0xd2, 0xbd,
  0x22, 0xbe, 0x63, 0xbd, 0x37, 0xe0, 0x78, 0xbe, 0xaa, 0x47, 0xe8, 0xbd,
  0x4c, 0x18, 0xb4, 0x3d, 0x9f, 0x8a, 0xb3, 0xba, 0x9d, 0xc0, 0xf1, 0xbd,
  0x69, 0x3c, 0x1b, 0x3e, 0xd6, 0xe4, 0x5c, 0xbd, 0xa5, 0xd4, 0xed, 0x3e,
  0xda, 0x14, 0x9e, 0xbe, 0x21, 0x8c, 0xad, 0xbd, 0x73, 0x40, 0x0a, 0x3e,
  0x8c, 0x42, 0xe5, 0xbd, 0x0b, 0x6b, 0x19, 0xbe, 0x5c, 0x26, 0x10, 0x3e,
  0x4d, 0x62, 0xc3, 0xbe, 0x29, 0x0e, 0x0e, 0xbe, 0x0a, 0xcc, 0x62, 0xbd,
  0xff, 0x30, 0x53, 0xbe, 0xf1, 0x1b, 0x4a, 0xbd, 0x72, 0xbc, 0xe9, 0xbe,
  0x33, 0x41, 0xad, 0xbe, 0x5c, 0xf5, 0xa9, 0x3d, 0xc6, 0x73, 0xb1, 0xbe,
  0x7b, 0xf7, 0x06, 0x3e, 0x12, 0x29, 0xa4, 0xbe, 0x44, 0x2f, 0x22, 0x3e,
  0x12, 0xe0, 0x1c, 0xbe, 0x91, 0xb4, 0x56, 0x3d, 0x73, 0xb6, 0x49, 0x3d,
  0x60, 0x72, 0xb0, 0xbd, 0xcc, 0x21, 0x63, 0xbe, 0xf1, 0xf7, 0xe5, 0x3e,
  0xfd, 0x18, 0x11, 0xbe, 0x97, 0xee, 0x19, 0xbe, 0xa5, 0x34, 0x17, 0x3e,
  0x95, 0x88, 0x34, 0x3e, 0x1b, 0x9e, 0xc7, 0x3d, 0xc3, 0x17, 0x60, 0x3e,
  0xab, 0xb9, 0x3c, 0xbe, 0x2c, 0xc5, 0x50, 0x3d, 0xdd, 0xc3, 0x3e, 0xbe,
  0x7c, 0x68, 0x08, 0x3f, 0x78, 0x58, 0x2b, 0xbe, 0x90, 0x48, 0xa4, 0x3d,
  0xd9, 0x0e, 0xa2, 0xbc, 0x16, 0x87, 0x91, 0xbd, 0x58, 0x91, 0x22, 0xbd,
  0x86, 0x51, 0xb7, 0xbb, 0x21, 0x85, 0x4b, 0x3e, 0x5d, 0x47, 0x81, 0xbe,
  0x41, 0xf3, 0xad, 0xbe, 0xed, 0xb4, 0x3e, 0x3d, 0xf5, 0x89, 0xcd, 0x3e,
  0xf5, 0x60, 0x56, 0xbe, 0xc2, 0x54, 0x1d, 0xbd, 0x2b, 0xf0, 0xee, 0xbc,
  0xe4, 0x29, 0x71, 0x3e, 0x48, 0xaa, 0xcc, 0xbd, 0x49, 0x6d, 0xf5, 0x3d,
  0x75, 0xb7, 0x20, 0x3e, 0x5b, 0x5e, 0x9a, 0xbe, 0x03, 0xb3, 0x91, 0xbe,
  0xb4, 0xdf, 0xe0, 0xbd, 0xc4, 0x15, 0x46, 0xbd, 0x93, 0x4a, 0x6d, 0xbd,
  0x9e, 0x0e, 0x1f, 0xbe, 0x3e, 0xf3, 0x3c, 0xbe, 0x13, 0x43, 0x55, 0x3d,
  0xad, 0x67, 0xf8, 0x3e, 0xb8, 0x9c, 0x9f, 0xbd, 0xd5, 0x2d, 0xa8, 0xbe,
  0x84, 0x50, 0x0e, 0x3e, 0x6e, 0xd7, 0x26, 0xbe, 0x15, 0x4d, 0xcd, 0x3d,
  0xfc, 0x10, 0xf4, 0x3d, 0x4d, 0x8a, 0xff, 0xbd, 0xb7, 0x81, 0x95, 0x3e,
  0xff, 0x79, 0x30, 0xbe, 0x6c, 0x7b, 0x78, 0x3e, 0x3d, 0xd2, 0x82, 0xbe,
  0x76, 0xf4, 0xd6, 0xbe, 0xe1, 0x81, 0xc8, 0xbd, 0x8b, 0xe0, 0xba, 0xbd,
  0xb0, 0xa4, 0x8a, 0x3e, 0x9f, 0x80, 0xb1, 0xbe, 0x96, 0x1b, 0x93, 0xbd,
  0x2c, 0x24, 0x12, 0xbd, 0x3c, 0x9a, 0x91, 0xbe, 0x52, 0x9c, 0x9a, 0xbe,
  0xd9, 0x8b, 0x83, 0xbd, 0x45, 0xc6, 0xe0, 0x3c, 0xf3, 0xa9, 0x8f, 0xbd,
  0x8a, 0x2f, 0x86, 0xbe, 0x5d, 0x28, 0x47, 0xbe, 0xd7, 0x86, 0x06, 0xbe,
  0x1a, 0x78, 0x6a, 0x3d, 0xd5, 0x7c, 0x73, 0x3e, 0x1d, 0xbe, 0x54, 0x3e,
  0x88, 0x79, 0x14, 0x3e, 0xb5, 0x0e, 0x81, 0xbd, 0xac, 0x45, 0xa5, 0xbe,
  0x29, 0x87, 0xb7, 0xbe, 0x24, 0x89, 0x69, 0xbd, 0xd7, 0x8e, 0x3c, 0xbd,
  0xbf, 0x09, 0xd3, 0x3b, 0x06, 0x7f, 0xc9, 0x3d, 0xc5, 0x81, 0x25, 0x3e,
  0xf3, 0x1c, 0x23, 0x3e, 0xdc, 0xb6, 0x0a, 0xbd, 0x4b, 0x1d, 0xb2, 0xbe,
  0x7c, 0xdf, 0x29, 0x3c, 0x14, 0x4c, 0x0d, 0x3e, 0xe0, 0xc3, 0x96, 0xbd,
  0x72, 0xbf, 0x80, 0xbe, 0x9e, 0xe2, 0x24, 0xbe, 0x80, 0x04, 0x80, 0xbd,
  0xf0, 0x5d, 0xa0, 0xbe, 0x74, 0xd6, 0x79, 0xbe, 0x23, 0x96, 0x1d, 0x3f,
  0xdc, 0xb5, 0x07, 0x3e, 0x34, 0xf0, 0x84, 0x3e, 0x40, 0x72, 0x68, 0x3d,
  0x49, 0xb2, 0xee, 0xbd, 0x32, 0x1b, 0x2b, 0x3e, 0xe2, 0xd0, 0xb2, 0x3e,
  0x17, 0x3d, 0x11, 0x3e, 0x1e, 0xd3, 0x65, 0xbe, 0x05, 0xe1, 0xdc, 0xbe,
  0x7e, 0x65, 0xd2, 0xbb, 0xb9, 0xed, 0x01, 0xbe, 0xac, 0x44, 0x34, 0xbe,
  0x84, 0xfa, 0xd3, 0x3e, 0xe0, 0xf9, 0x1d, 0x3c, 0x06, 0xbf, 0xc4, 0xbc,
  0xa2, 0x77, 0xfd, 0x3d, 0xf7, 0x85, 0xc0, 0x3d, 0x72, 0x83, 0xa7, 0xbe,
  0xf6, 0x1e, 0x70, 0x3d, 0x22, 0x38, 0x70, 0xbe, 0x14, 0x15, 0x37, 0xbe,
  0x85, 0x50, 0xfb, 0x3d, 0x06, 0xb9, 0x6d, 0xbe, 0x0e, 0x62, 0x4e, 0x3e,
  0x12, 0x33, 0x87, 0x3e, 0xc9, 0x71, 0xfd, 0xbe, 0x2f, 0x1b, 0x09, 0x3c,
  0xd2, 0x36, 0x97, 0x3e, 0xb7, 0xd4, 0x62, 0xbe, 0x42, 0x00, 0x97, 0x3d,
  0x36, 0xab, 0x5c, 0x3e, 0xb8, 0x8f, 0x04, 0xbe, 0x51, 0xeb, 0xc4, 0x3e,
  0x1b, 0x9e, 0xd3, 0xbb, 0x27, 0x77, 0x4b, 0xbd, 0x59, 0x41, 0xe2, 0xbd,
  0xe9, 0xbf, 0x8a, 0xbb, 0x69, 0xc4, 0xef, 0xbd, 0xdd, 0xa2, 0x94, 0xbe,
  0x50, 0x70, 0xce, 0xbd, 0x78, 0x47, 0x64, 0xbe, 0x84, 0x4b, 0xd8, 0x3c,
  0xee, 0x34, 0x21, 0xbe, 0x9b, 0x23, 0xb6, 0x3e, 0x4d, 0x6c, 0x38, 0xbe,
  0xb7, 0x7b, 0x4d, 0x3e, 0x8c, 0x30, 0x29, 0x3d, 0xd5, 0x00, 0x5a, 0xbe,
  0xfb, 0x5b, 0x82, 0xbe, 0x48, 0xde, 0xd7, 0xbd, 0xf5, 0x9b, 0x61, 0x3e,
  0x54, 0x45, 0xa4, 0xbe, 0xf9, 0xe9, 0x47, 0x3e, 0x6a, 0x43, 0x2d, 0xbe,
  0xef, 0x40, 0x30, 0x3d, 0x7a, 0x73, 0x17, 0xbe, 0x51, 0xa2, 0x93, 0x3e,
  0x42, 0x90, 0x21, 0x3e, 0xc6, 0x49, 0x58, 0x3d, 0xd3, 0x6b, 0x95, 0xbe,
  0x46, 0x67, 0x05, 0x3e, 0xc4, 0xfe, 0xcd, 0x3e, 0x7b, 0x49, 0x56, 0x3e,
  0x0a, 0xf7, 0xd8, 0xbb, 0x67, 0x67, 0x97, 0x3d, 0x99, 0xd8, 0x5f, 0x3c,
  0xc5, 0x26, 0xa6, 0xbe, 0x92, 0x9f, 0xe5, 0x3e, 0xa9, 0xa1, 0xd9, 0x3d,
  0xf2, 0x21, 0x82, 0x3e, 0x4a, 0x19, 0x2d, 0xbe, 0x24, 0x18, 0x41, 0x3e,
  0x82, 0xd9, 0x20, 0x3e, 0x71, 0xe9, 0x9d, 0xbe, 0xe0, 0xa6, 0x78, 0xbe,
  0xe6, 0x4c, 0x18, 0xbe, 0xd2, 0xd6, 0xca, 0x3e, 0x8b, 0xea, 0xcf, 0x3d,
  0x33, 0xbd, 0x0c, 0xbe, 0x1e, 0x67, 0xba, 0x3b, 0xd2, 0x62, 0xaf, 0xbe,
  0x4a, 0xff, 0xa2, 0x3e, 0xeb, 0x59, 0x22, 0x3f, 0x89, 0xcf, 0x15, 0xbe,
  0x6e, 0x3e, 0x8f, 0xbd, 0x76, 0xf8, 0x8d, 0xba, 0xfd, 0x64, 0x7e, 0x3d,
  0xdb, 0x79, 0xdd, 0xbd, 0x25, 0x77, 0xf2, 0xbd, 0x2a, 0x7e, 0x0d, 0xbe,
  0x9b, 0x89, 0x2c, 0x3e, 0x92, 0xeb, 0xb9, 0x3d, 0xa3, 0x1b, 0xc3, 0x3e,
  0xe1, 0x80, 0xc2, 0xbc, 0xc0, 0x3e, 0x02, 0xbe, 0xeb, 0xa0, 0xaa, 0x3e,
  0x11, 0xc6, 0x83, 0x3e, 0xaa, 0xb2, 0x57, 0x3e, 0xfd, 0xdf, 0xbd, 0x3c,
  0x3c, 0x4a, 0x9c, 0x3e, 0xa7, 0x6c, 0x32, 0xbd, 0x5b, 0xd5, 0x90, 0x3e,
  0xea, 0x50, 0xd4, 0x3c, 0xe6, 0x88, 0xa6, 0xbd, 0x59, 0x64, 0xa5, 0x3e,
  0xb5, 0x52, 0xe5, 0x3e, 0x74, 0x7b, 0x57, 0xbe, 0xf0, 0xb9, 0x1e, 0xbe,
  0x49, 0x13, 0xd5, 0xbd, 0xa4, 0xed, 0x8d, 0x3d, 0x44, 0xe6, 0x9d, 0xbe,
  0xbb, 0x09, 0x29, 0xbd, 0xf4, 0x22, 0x7b, 0x3d, 0x47, 0xeb, 0xa8, 0x3e,
  0x81, 0xfa, 0xdd, 0x3d, 0x5f, 0xa9, 0x91, 0xbe, 0x8a, 0x8b, 0x69, 0xbe,
  0xe9, 0xba, 0x29, 0xbe, 0xa3, 0xea, 0xb6, 0x3e, 0x96, 0x95, 0x9f, 0xbe,
  0x8c, 0xff, 0xc3, 0xbe, 0x15, 0xbf, 0xad, 0xbd, 0xb2, 0xb7, 0x2d, 0xbd,
  0x80, 0x57, 0xb3, 0x3e, 0xae, 0xef, 0x47, 0x3d, 0x88, 0xe2, 0xb6, 0x3b,
  0xb9, 0xde, 0x51, 0xbe, 0xfd, 0xd1, 0x99, 0x3e, 0x57, 0x8d, 0x05, 0x3e,
  0x18, 0x8c, 0x9d, 0x3c, 0xad, 0xb8, 0xba, 0x3d, 0xc7, 0xb0, 0x3f, 0x3e,
  0x90, 0x9b, 0x89, 0xbe, 0xab, 0xb9, 0x8c, 0x3d, 0x6b, 0x28, 0x49, 0xbd,
  0x67, 0x61, 0x45, 0x3e, 0x75, 0xf3, 0xb2, 0xbe, 0x1f, 0x9b, 0xf0, 0x3b,
  0x7d, 0xd9, 0x97, 0x3d, 0xd1, 0x77, 0x11, 0xbe, 0x66, 0xe5, 0x67, 0x3e,
  0x47, 0xb4, 0x1b, 0x3e, 0xba, 0xf8, 0x52, 0x3e, 0xe4, 0x4a, 0xc4, 0x3e,
  0x9e, 0x87, 0x04, 0x3e, 0x76, 0x1d, 0xa8, 0xbe, 0xfc, 0x73, 0x88, 0xbd,
  0x4e, 0x41, 0x83, 0xbd, 0x09, 0x20, 0x6e, 0x3e, 0x5b, 0x4b, 0xb3, 0xbe,
  0xcd, 0xc7, 0x18, 0x3e, 0x8c, 0xbe, 0xa2, 0x3d, 0xb5, 0x22, 0x84, 0x3e,
  0x78, 0xa3, 0xa4, 0xbe, 0x21, 0x2d, 0x16, 0xbd, 0x68, 0x90, 0xbc, 0x3d,
  0x7d, 0x0f, 0x6f, 0x3d, 0xd1, 0x55, 0x22, 0xbd, 0x22, 0xc4, 0x2c, 0xbe,
  0x02, 0x9c, 0x77, 0x3e, 0xa8, 0x14, 0x14, 0xbe, 0xb1, 0x46, 0x79, 0x3e,
  0xa1, 0xc7, 0xa2, 0x3d, 0x02, 0xe5, 0xaf, 0xbe, 0x43, 0x32, 0x5c, 0xbe,
  0x7e, 0x37, 0x80, 0x3d, 0x6d, 0x11, 0x20, 0xbd, 0xbd, 0x0d, 0xa0, 0x3e,
  0x5b, 0xb9, 0xe1, 0xbd, 0x13, 0xe8, 0x2a, 0x3e, 0x40, 0xd0, 0x40, 0xbe,
  0xc3, 0x77, 0x88, 0x3e, 0xb9, 0x23, 0x1f, 0x3e, 0xe9, 0x01, 0xc2, 0xbe,
  0xfa, 0x4f, 0x95, 0x3d, 0x43, 0x5b, 0x0b, 0x3c, 0x7e, 0xac, 0xf8, 0x3d,
  0x0f, 0x5d, 0x73, 0x3e, 0xef, 0x80, 0x46, 0xbe, 0xd0, 0x73, 0x92, 0xbe,
  0xaa, 0xb8, 0x49, 0xbd, 0x31, 0x81, 0x0a, 0xbd, 0x02, 0x01, 0x77, 0xbe,
  0x14, 0xa7, 0x9d, 0xbe, 0x7a, 0x43, 0x45, 0xbe, 0xfd, 0x36, 0x5b, 0x3e,
  0xfe, 0xcb, 0x6d, 0x3d, 0x26, 0xec, 0xb6, 0x3e, 0xbe, 0x3b, 0x6e, 0x3d,
  0xea, 0x79, 0x80, 0x3e, 0xb9, 0x12, 0x24, 0x3e, 0x36, 0x28, 0x8d, 0x3c,
  0xb3, 0x83, 0x86, 0xbe, 0xcf, 0x38, 0x57, 0xbe, 0x17, 0xe6, 0x02, 0x3f,
  0x4a, 0x02, 0x7f, 0xbd, 0xfe, 0x2f, 0x59, 0xbd, 0x5c, 0x53, 0xb2, 0xbd,
  0x49, 0x76, 0x17, 0xbe, 0xc3, 0x3d, 0xbc, 0xbe, 0xa9, 0x93, 0x9c, 0x3e,
  0x6b, 0x03, 0xaf, 0x3e, 0xde, 0x98, 0x30, 0xbe, 0x81, 0xbf, 0xc7, 0xbc,
  0xca, 0xf1, 0x1f, 0xbd, 0x45, 0xca, 0x49, 0xbe, 0x4b, 0xe7, 0x4d, 0xbd,
  0x7b, 0xc0, 0x0d, 0xbe, 0xb1, 0xa0, 0x81, 0x3e, 0x95, 0xcc, 0x04, 0x3e,
  0x8c, 0x10, 0x0e, 0x3e, 0xca, 0x4c, 0xd3, 0x3c, 0xa2, 0x4e, 0xaa, 0x3d,
  0x30, 0x17, 0x95, 0xbe, 0x40, 0xee, 0x35, 0x3e, 0x1c, 0x24, 0xb0, 0xbe,
  0xb3, 0x1b, 0x86, 0x3b, 0x47, 0x25, 0xca, 0x3e, 0xad, 0xf7, 0xf0, 0x3c,
  0x67, 0x90, 0xc3, 0x3c, 0x4d, 0x25, 0x53, 0xbd, 0xa6, 0x39, 0x03, 0x3d,
  0x3f, 0xd2, 0xba, 0xbe, 0xf9, 0x06, 0x54, 0xbe, 0x84, 0xb1, 0xa3, 0x3d,
  0xdf, 0xdb, 0x82, 0xbe, 0x6d, 0xdc, 0x92, 0x3e, 0x41, 0x5c, 0xc0, 0xbd,
  0x40, 0xd5, 0xa8, 0x3e, 0x91, 0x40, 0x73, 0x3e, 0x46, 0xe8, 0x4a, 0x3d,
  0x47, 0xb8, 0x10, 0xbb, 0xb4, 0xfd, 0x54, 0xbe, 0x29, 0x11, 0xe1, 0x3d,
  0x07, 0x59, 0x07, 0xbf, 0xaa, 0x75, 0xdd, 0xbd, 0x3f, 0x9b, 0x94, 0x3e,
  0x03, 0xa4, 0xa5, 0xbd, 0x11, 0x2d, 0x96, 0xbe, 0xb1, 0xcd, 0xba, 0xbd,
  0x8b, 0x3c, 0xc4, 0xbd, 0xc8, 0xb8, 0x31, 0xbe, 0xe7, 0xf0, 0xf7, 0xbd,
  0x62, 0xc2, 0xbe, 0xbe, 0xbe, 0xaa, 0x69, 0x3d, 0x92, 0xd9, 0x25, 0x3e,
  0x10, 0x19, 0x70, 0xba, 0xd8, 0x82, 0xac, 0xbe, 0xee, 0x6b, 0xe0, 0x3d,
  0x31, 0x4a, 0xac, 0xbd, 0x32, 0x50, 0x2f, 0xbe, 0xeb, 0xf6, 0x37, 0xbd,
  0x4d, 0x0c, 0x0d, 0x3e, 0x7a, 0x33, 0xfe, 0x3d, 0x25, 0x35, 0xf1, 0xbd,
  0x99, 0x2d, 0x25, 0xbe, 0x8e, 0xb0, 0x17, 0xbe, 0x1c, 0x9a, 0xb5, 0x3d,
  0x52, 0x4f, 0xb5, 0x3e, 0x82, 0xb6, 0x77, 0x3d, 0x30, 0x70, 0x8c, 0x3e,
  0xd4, 0xc5, 0x31, 0xbe, 0x0d, 0x2a, 0x12, 0xbe, 0x86, 0xe8, 0x1f, 0x3e,
  0xe0, 0x25, 0x33, 0xbe, 0xe5, 0x26, 0x6e, 0xbe, 0x56, 0xb3, 0xac, 0xbe,
  0x34, 0xc6, 0xde, 0x3d, 0xe7, 0xe0, 0x3b, 0x3e, 0x85, 0xdd, 0x5d, 0x3e,
  0x2d, 0x7e, 0x5b, 0x3d, 0xaa, 0x47, 0x9e, 0xbd, 0xbd, 0xb0, 0x5a, 0x3e,
  0xfd, 0xf8, 0x99, 0xbe, 0xf6, 0x74, 0x23, 0xbe, 0xd1, 0x78, 0xe7, 0xbe,
  0x1e, 0x31, 0x40, 0xbe, 0xe9, 0xec, 0x89, 0x3e, 0x77, 0x44, 0xc1, 0xbc,
  0x0e, 0x3d, 0x92, 0x3e, 0xcd, 0x6c, 0x19, 0xbd, 0x93, 0xc5, 0xfa, 0xbe,
  0xa8, 0xc4, 0xb9, 0x3d, 0xe2, 0x57, 0x81, 0x3e, 0x38, 0xd6, 0xc6, 0x3c,
  0xaf, 0x2f, 0xa9, 0x3e, 0x02, 0x8c, 0x98, 0xbd, 0x37, 0x89, 0x92, 0x3a,
  0xa9, 0x3e, 0x81, 0x3d, 0xcd, 0xe3, 0xcb, 0x3e, 0xea, 0x76, 0x9d, 0x3e,
  0xf6, 0x28, 0x01, 0xbe, 0x9b, 0x85, 0x85, 0xbe, 0xb4, 0x30, 0x13, 0xbe,
  0xc8, 0x95, 0x7a, 0xbe, 0x2f, 0x7c, 0x3a, 0xbe, 0xb0, 0x6b, 0x16, 0x3e,
  0xd8, 0x6b, 0x09, 0xbe, 0x6c, 0xc6, 0x7b, 0x3e, 0x1d, 0x3a, 0x2a, 0xbe,
  0xd3, 0x0e, 0x35, 0xbd, 0xd3, 0x91, 0x8e, 0xbd, 0x6c, 0x4c, 0x64, 0xbe,
  0x6e, 0x95, 0xc6, 0x3c, 0x1d, 0x3c, 0xd9, 0x3e, 0x27, 0x0d, 0x6e, 0x3e,
  0xb3, 0x09, 0x19, 0xbe, 0xd4, 0x36, 0x8b, 0xbd, 0xd1, 0x9f, 0x2a, 0xbe,
  0x7a, 0x94, 0xc1, 0x3d, 0x8d, 0x64, 0xb2, 0x3c, 0xdb, 0x00, 0x53, 0x3e,
  0x57, 0x91, 0xd2, 0xbd, 0xb5, 0x79, 0xaf, 0x3e, 0x27, 0x55, 0xc4, 0xbe,
  0x09, 0x0c, 0x42, 0xbc, 0x90, 0xd5, 0xe6, 0x3d, 0x71, 0x40, 0xed, 0xbd,
  0x5c, 0xa0, 0x06, 0x3e, 0x9d, 0x78, 0x64, 0xbe, 0x1c, 0x37, 0x88, 0xbe,
  0x7a, 0xcb, 0xbc, 0x3d, 0x5b, 0x43, 0xae, 0x3d, 0xc4, 0x45, 0xc3, 0xbe,
  0xe1, 0x9c, 0x4a, 0x3d, 0xfd, 0xc2, 0x04, 0xbe, 0x01, 0xe6, 0x6d, 0xbe,
  0x16, 0x56, 0xb9, 0x3e, 0x2a, 0xfc, 0x82, 0x3e, 0x9d, 0xb6, 0xd2, 0xbd,
  0x89, 0x30, 0x81, 0xbe, 0x6f, 0x67, 0xc2, 0x3d, 0xd0, 0xb0, 0x74, 0xbe,
  0xca, 0x31, 0x0c, 0x3e, 0xdd, 0xac, 0x24, 0x3e, 0x95, 0x1f, 0x8b, 0xbe,
  0x0a, 0x38, 0x1d, 0x3d, 0x9f, 0x07, 0x51, 0xbe, 0xa9, 0x17, 0x84, 0xbd,
  0x78, 0x76, 0x80, 0xbe, 0xf2, 0xc5, 0x42, 0xbc, 0x00, 0x26, 0xc3, 0xbd,
  0x04, 0x1d, 0xe9, 0x3d, 0x52, 0x0b, 0x00, 0x3e, 0x7e, 0x4d, 0x92, 0x3e,
  0x2a, 0x4c, 0xae, 0xbd, 0x62, 0x89, 0x99, 0xbe, 0xff, 0x0f, 0x4e, 0x3e,
  0x25, 0xe4, 0x30, 0x3d, 0xe1, 0x56, 0x45, 0x3e, 0x8e, 0x86, 0xd3, 0xbe,
  0x67, 0x3d, 0x9d, 0xbe, 0x62, 0x86, 0x86, 0x3e, 0x9b, 0xf5, 0x96, 0xbe,
  0x7d, 0xf9, 0x81, 0x3e, 0x7c, 0x0a, 0xe0, 0x3c, 0x71, 0x8b, 0x51, 0xbd,
  0x4d, 0x6b, 0xe5, 0xbd, 0x66, 0x26, 0xef, 0xbd, 0x80, 0x4a, 0x7a, 0x3e,
  0x9a, 0xe4, 0xa4, 0x3b, 0xf7, 0x56, 0xbd, 0x3e, 0xdb, 0x49, 0x0a, 0x3e,
  0x31, 0x63, 0xbd, 0xbd, 0xda, 0x3e, 0x01, 0x3e, 0x45, 0xe0, 0xac, 0x3e,
  0x81, 0x63, 0x3b, 0xbe, 0x29, 0x85, 0x2f, 0x3e, 0x3c, 0x0b, 0x85, 0xbd,
  0x59, 0x6c, 0x5b, 0xbe, 0x3d, 0xd4, 0x77, 0x3e, 0x86, 0xd0, 0x33, 0x3d,
  0x05, 0xe2, 0x0f, 0x3f, 0x83, 0xe7, 0xb0, 0xbe, 0x43, 0x96, 0xe2, 0x3d,
  0x67, 0x6c, 0x9b, 0xbe, 0x60, 0xe3, 0x10, 0xbe, 0x6f, 0xd3, 0x94, 0x3d,
  0x27, 0xd5, 0x09, 0x3e, 0x59, 0xc4, 0x1c, 0xbd, 0x03, 0xbd, 0x12, 0xbe,
  0x2d, 0xe4, 0x97, 0xbe, 0x9f, 0xe3, 0xa6, 0xbd, 0x2d, 0x2d, 0x82, 0xbd,
  0x99, 0xbc, 0x2f, 0x3e, 0x51, 0xce, 0xf0, 0x3e, 0xf9, 0x37, 0x9f, 0x3d,
  0x49, 0x68, 0xa9, 0xbe, 0x87, 0x94, 0x1f, 0x3e, 0xc4, 0x2e, 0xf9, 0xbd,
  0xa6, 0x23, 0xaf, 0x3d, 0x88, 0x96, 0x0a, 0xbe, 0xa4, 0x9a, 0x96, 0x3a,
  0xe6, 0x2d, 0x13, 0xbe, 0x07, 0x02, 0x9c, 0x3e, 0x8f, 0xc4, 0xa6, 0x3d,
  0xe5, 0x09, 0x5b, 0x3e, 0xae, 0x1c, 0x94, 0xbe, 0x00, 0x56, 0xbf, 0xbc,
  0xa4, 0x21, 0x0c, 0xbf, 0x66, 0xf4, 0x03, 0xbd, 0xde, 0xef, 0x33, 0x3c,
  0x8b, 0x4d, 0x4f, 0x3e, 0xce, 0xc3, 0x00, 0xbe, 0xd0, 0xf5, 0xb3, 0x3b,
  0xd5, 0xb4, 0x61, 0x3c, 0x9d, 0x58, 0xe4, 0x3c, 0xc2, 0x40, 0x3d, 0xbe,
  0x63, 0xbd, 0x05, 0x3f, 0x44, 0x1c, 0x84, 0xbe, 0xc1, 0x29, 0xf1, 0x3d,
  0xcf, 0x03, 0x16, 0xbe, 0x04, 0x47, 0x84, 0xbe, 0x34, 0x9e, 0x36, 0x3e,
  0xee, 0xca, 0x70, 0xbd, 0x4c, 0x96, 0xd3, 0x3e, 0x0a, 0xfb, 0xdb, 0x3d,
  0xde, 0x08, 0xba, 0xbd, 0x87, 0x3c, 0x90, 0x3d, 0xf3, 0xa3, 0xe8, 0xbd,
  0x31, 0x02, 0x9b, 0x3d, 0x9e, 0xb9, 0x27, 0xbd, 0x16, 0xa3, 0xd1, 0xbe,
  0x3d, 0x0b, 0xb1, 0xbe, 0x2e, 0x47, 0xfc, 0xbd, 0x6d, 0xb7, 0xb7, 0x3c,
  0x60, 0x54, 0xdb, 0x3d, 0x15, 0x87, 0x5a, 0xbe, 0xd3, 0xac, 0x09, 0x3e,
  0x85, 0xe7, 0x7f, 0xbe, 0x2d, 0xb9, 0x09, 0x3e, 0x7a, 0x90, 0x9d, 0x3e,
  0x2e, 0xfa, 0x8a, 0xbd, 0x14, 0x25, 0x2a, 0x3a, 0xaa, 0x8d, 0x30, 0xbe,
  0xc8, 0x2a, 0xa0, 0xbc, 0x87, 0x2b, 0x98, 0x3d, 0x5c, 0x73, 0xc1, 0xbe,
  0xa9, 0x0a, 0xc0, 0xbd, 0xa7, 0xbb, 0xb9, 0xbe, 0x69, 0x3e, 0x77, 0xbd,
  0x5f, 0xf7, 0xac, 0x3e, 0x89, 0xe2, 0xed, 0xbb, 0x94, 0x50, 0xcd, 0x3c,
  0x44, 0x73, 0x93, 0x3e, 0xcd, 0xa0, 0xa7, 0xbe, 0x1e, 0x2b, 0x08, 0x3d,
  0xe7, 0x54, 0x15, 0x3e, 0x96, 0xd4, 0xc2, 0xbd, 0x7e, 0x37, 0xa7, 0xbd,
  0xac, 0x62, 0x9b, 0x3e, 0x05, 0x16, 0x9f, 0x3e, 0xaa, 0x5e, 0x29, 0x3d,
  0x86, 0x40, 0x9c, 0x3e, 0x01, 0x37, 0xa1, 0xbc, 0xd9, 0x30, 0xc3, 0xbd,
  0x3a, 0xd4, 0x67, 0xbe, 0x52, 0x35, 0xfe, 0xbd, 0x8d, 0xda, 0x19, 0xbe,
  0xe1, 0xde, 0x0a, 0xbd, 0x0a, 0x9e, 0x29, 0x3e, 0xcf, 0x50, 0x41, 0xbd,
  0x67, 0x39, 0x52, 0x3e, 0x28, 0x50, 0xca, 0xbc, 0x85, 0xbf, 0xdb, 0xbe,
  0x48, 0x31, 0x3a, 0x3d, 0xf6, 0x7c, 0x8d, 0xbd, 0xd2, 0x55, 0x23, 0x3e,
  0xa3, 0xe9, 0x9d, 0xbd, 0x51, 0xa1, 0x51, 0xbe, 0xc7, 0x06, 0x91, 0x3e,
  0xfc, 0x86, 0x4f, 0xbe, 0xd6, 0x5d, 0x14, 0x3d, 0xd3, 0xbf, 0x41, 0x3e,
  0x4a, 0x97, 0xa5, 0x3c, 0x11, 0x54, 0xc6, 0xbe, 0xcd, 0xb2, 0xbc, 0xbc,
  0x9a, 0x48, 0xdc, 0xbd, 0x80, 0x10, 0xa5, 0x3d, 0x60, 0x54, 0x6e, 0xbd,
  0x0b, 0xf9, 0x63, 0x3e, 0xc7, 0xc3, 0x8b, 0xbe, 0x58, 0xff, 0xfc, 0xbd,
  0x9c, 0x41, 0x84, 0xbe, 0xd0, 0xcb, 0xca, 0xbe, 0x92, 0x99, 0x30, 0xbe,
  0xa1, 0xd0, 0x43, 0xbd, 0x7a, 0x91, 0xec, 0x3e, 0x90, 0xe8, 0x7d, 0x3d,
  0xad, 0x4c, 0x8b, 0x3c, 0x57, 0xaa, 0x17, 0xbe, 0x20, 0x64, 0x82, 0x3e,
  0xd6, 0x51, 0x94, 0x3e, 0xcf, 0x86, 0x35, 0x3b, 0x59, 0x46, 0x37, 0xbe,
  0x2f, 0x76, 0xa2, 0x3d, 0x28, 0xb7, 0xc0, 0xbe, 0xee, 0xef, 0xb5, 0xbe,
  0x4d, 0x37, 0x03, 0x3e, 0xb5, 0x39, 0x44, 0xbe, 0xc0, 0xcd, 0x44, 0x3e,
  0x40, 0x25, 0x7a, 0x3e, 0x02, 0xd4, 0x0e, 0x3d, 0x62, 0x26, 0xed, 0xbc,
  0x55, 0x54, 0xca, 0x3c, 0xbb, 0x55, 0x29, 0xbe, 0xb2, 0xda, 0x1a, 0xbf,
  0xd0, 0xc2, 0x85, 0x3d, 0x07, 0x38, 0xf4, 0x3d, 0x34, 0x81, 0x55, 0x3e,
  0x4a, 0xf9, 0x64, 0xbe, 0x12, 0x5a, 0x0f, 0xbe, 0x87, 0xb4, 0x39, 0x3d,
  0x15, 0xbe, 0x81, 0xbd, 0x46, 0xe2, 0x61, 0xbe, 0x70, 0xae, 0x86, 0xbe,
  0xd0, 0xa4, 0xda, 0xbc, 0x6f, 0x20, 0xda, 0x3e, 0x53, 0xb4, 0x33, 0xbe,
  0x56, 0x85, 0x34, 0x3e, 0x21, 0x9c, 0x84, 0xbd, 0x34, 0xad, 0x4b, 0x3d,
  0x23, 0xac, 0xdb, 0x3e, 0xc2, 0x37, 0xd2, 0x3d, 0xe2, 0x6c, 0xe6, 0xbb,
  0x6b, 0x71, 0x58, 0xbd, 0x94, 0x16, 0x06, 0xbe, 0x2e, 0x0b, 0x30, 0x3e,
  0x24, 0x07, 0xcf, 0x3e, 0x5e, 0x34, 0x4f, 0xbe, 0x43, 0x6f, 0x12, 0xbd,
  0xb8, 0x8e, 0x89, 0x3e, 0x4a, 0x08, 0x5c, 0xbd, 0xd5, 0xe6, 0x32, 0xbd,
  0xaf, 0x74, 0xdc, 0x3e, 0x40, 0xd8, 0x96, 0xbe, 0x44, 0x49, 0x4c, 0x3e,
  0x2e, 0x9c, 0x3b, 0x3e, 0x0b, 0xa2, 0x36, 0xbd, 0x35, 0x9a, 0x79, 0x3e,
  0x39, 0x92, 0xa7, 0xbd, 0x96, 0xef, 0x5d, 0x3e, 0xf6, 0xb4, 0x9c, 0x3c,
  0xb7, 0x45, 0xcb, 0x3d, 0x70, 0xee, 0x8f, 0xbd, 0xc4, 0x39, 0xc5, 0xbe,
  0x65, 0x81, 0x43, 0xbb, 0xd9, 0x5d, 0xb4, 0xbd, 0x05, 0x40, 0xd4, 0x3d,
  0xed, 0x9a, 0x2a, 0x3e, 0x53, 0xc8, 0x75, 0xbe, 0x31, 0xa1, 0xa4, 0xbc,
  0x31, 0x65, 0x4a, 0xbe, 0x4a, 0xc4, 0x67, 0xbc, 0x6c, 0xcb, 0x1c, 0xbe,
  0xa4, 0xf7, 0x7b, 0xbe, 0x5d, 0x09, 0xb3, 0xbc, 0xbc, 0xc7, 0xd7, 0xbe,
  0x37, 0xce, 0x68, 0xbe, 0xac, 0x1b, 0xbd, 0xbc, 0x08, 0x13, 0x65, 0x3e,
  0xe5, 0x15, 0xf1, 0xbd, 0x3b, 0x59, 0x52, 0xbd, 0x29, 0x40, 0x8d, 0x3d,
  0x4c, 0x50, 0x81, 0x3e, 0xd3, 0xe6, 0xd8, 0x3d, 0x12, 0x0d, 0xc9, 0x3e,
  0xc5, 0xba, 0xcd, 0x3c, 0x38, 0x50, 0xc5, 0xbd, 0x8b, 0xf3, 0xa4, 0xbe,
  0xbb, 0x32, 0xba, 0xbe, 0xbe, 0x36, 0x52, 0xbd, 0x9b, 0x15, 0x77, 0xbd,
  0x01, 0x95, 0x51, 0x3e, 0x8c, 0x59, 0x98, 0xbe, 0x30, 0x3f, 0x14, 0xbc,
  0x9b, 0x02, 0x85, 0xbe, 0x46, 0xe6, 0x19, 0xbe, 0xf9, 0x30, 0xa7, 0x3e,
  0xf5, 0xc9, 0x5b, 0x3d, 0x12, 0xc8, 0xef, 0xbe, 0x0d, 0x8c, 0x14, 0x3e,
  0xc1, 0x87, 0xa7, 0xbd, 0x76, 0x58, 0xf7, 0x3d, 0x97, 0x15, 0x88, 0x3d,
  0x39, 0x6a, 0xad, 0xbc, 0x5d, 0x89, 0x44, 0xbe, 0x30, 0xe0, 0x9e, 0xbe,
  0x5e, 0x8a, 0x39, 0x3e, 0x74, 0x60, 0x13, 0x3e, 0x23, 0xb2, 0x21, 0xbe,
  0xbf, 0xa4, 0xf6, 0x3a, 0x53, 0x1a, 0x33, 0xbe, 0xaa, 0xbe, 0x60, 0x3e,
  0x1f, 0xd0, 0xe8, 0xbe, 0x29, 0x0b, 0x79, 0x3d, 0x3a, 0x78, 0x81, 0x3e,
  0x10, 0xa9, 0x65, 0xbe, 0x0d, 0x7e, 0x56, 0xbe, 0xa8, 0x36, 0x3f, 0x3e,
  0x16, 0x29, 0xbd, 0xbd, 0xa1, 0x47, 0xad, 0xbd, 0xf9, 0xc9, 0xff, 0x3b,
  0x9e, 0xe9, 0x45, 0xbe, 0x11, 0x54, 0x85, 0xbc, 0xa9, 0x32, 0x88, 0xbe,
  0x1c, 0xe7, 0xc9, 0x3d, 0x87, 0xbe, 0x81, 0xbe, 0x30, 0xdf, 0xcf, 0xbd,
  0xf0, 0xf3, 0xa9, 0xbe, 0x94, 0x9b, 0x7c, 0xbe, 0xaf, 0xb0, 0xf0, 0x3d,
  0xa4, 0x1f, 0xec, 0xbe, 0x0b, 0x8e, 0x2f, 0x3d, 0x2c, 0x38, 0xff, 0x3d,
  0xec, 0x9c, 0xae, 0xbb, 0xca, 0x60, 0x03, 0x3e, 0xdf, 0x95, 0x0d, 0xbe,
  0x5e, 0x51, 0x51, 0x3b, 0x60, 0x5d, 0xb3, 0xbe, 0x96, 0xdb, 0x14, 0xbe,
  0x89, 0xaa, 0xd2, 0x3d, 0x42, 0x7b, 0x8e, 0xbc, 0x09, 0xde, 0x9e, 0x3e,
  0xa1, 0x50, 0x31, 0x3e, 0x2c, 0x3b, 0xc6, 0xbd, 0xf1, 0x57, 0x38, 0x3d,
  0xed, 0x14, 0xc4, 0xbe, 0x50, 0xf9, 0xa9, 0xbe, 0x82, 0x10, 0x0a, 0xbe,
  0xc2, 0x2d, 0x7c, 0xbe, 0xe0, 0xb3, 0x8d, 0xbe, 0x19, 0xca, 0x3b, 0xbd,
  0x3f, 0x69, 0xdf, 0xbd, 0x61, 0xb1, 0xb6, 0xbe, 0x54, 0x99, 0x4f, 0x3d,
  0x93, 0x2e, 0x90, 0x3e, 0x80, 0xa5, 0x1f, 0x3e, 0xaa, 0xf1, 0x1d, 0x3e,
  0x69, 0xbd, 0xf1, 0x3d, 0xb9, 0xf8, 0x3d, 0xbe, 0x29, 0x64, 0x7e, 0x3e,
  0xf3, 0xd8, 0xfa, 0x3d, 0x9c, 0xf6, 0x49, 0x3d, 0xb1, 0x66, 0x81, 0x3e,
  0xc4, 0x74, 0x44, 0xbb, 0x2f, 0xd4, 0x22, 0xbe, 0xcd, 0x07, 0x69, 0xbe,
  0x9a, 0x9e, 0x60, 0x3d, 0x1a, 0x66, 0x19, 0xbe, 0xa8, 0x99, 0xc2, 0x3e,
  0x8e, 0x18, 0x31, 0xbc, 0x5e, 0xf2, 0x89, 0x3e, 0x15, 0x55, 0xb5, 0xbe,
  0x3e, 0xdc, 0xca, 0x3d, 0x26, 0xda, 0x2d, 0xbe, 0xfa, 0x21, 0x9e, 0x3c,
  0xad, 0xb9, 0xec, 0xbc, 0xfb, 0x4b, 0x86, 0x3e, 0x1d, 0xd9, 0x74, 0x3e,
  0x25, 0xf1, 0x4c, 0x3d, 0x71, 0x67, 0x63, 0x3c, 0xf0, 0x76, 0x57, 0x3e,
  0x8e, 0xf0, 0x6a, 0x3d, 0x11, 0xe6, 0xdc, 0x3e, 0x81, 0xbd, 0x72, 0xbe,
  0xac, 0x87, 0x55, 0x3d, 0x5a, 0xae, 0x8f, 0xbd, 0x41, 0x2e, 0xaf, 0x3e,
  0x59, 0x4f, 0xa7, 0xbe, 0xaa, 0x42, 0xcd, 0x3d, 0x0b, 0x01, 0x34, 0x3e,
  0x2a, 0x9d, 0x07, 0x3e, 0x7f, 0x05, 0xc7, 0xbd, 0x09, 0xd9, 0x1f, 0x3e,
  0x00, 0x0e, 0x29, 0xbe, 0x4b, 0xa4, 0x5b, 0xbe, 0x6c, 0x1a, 0x1f, 0x3e,
  0x87, 0x2c, 0x10, 0x3e, 0xf3, 0xaf, 0x8d, 0xbd, 0x4a, 0xf0, 0x60, 0x3c,
  0xdc, 0x62, 0x5a, 0x3d, 0xd7, 0xc2, 0xc5, 0xbe, 0x82, 0x3d, 0x4e, 0xbe,
  0xc2, 0x89, 0xed, 0xbd, 0x1b, 0xae, 0x25, 0xbe, 0xf2, 0xaa, 0x6d, 0xbd,
  0x54, 0x68, 0x9b, 0xbe, 0x6f, 0x9b, 0xaa, 0xbd, 0xb1, 0x7d, 0x05, 0xbe,
  0x67, 0xbb, 0xd8, 0x3e, 0xef, 0x7c, 0xa0, 0x3e, 0xed, 0x58, 0x58, 0x3e,
  0x88, 0x71, 0xa1, 0x3e, 0x8c, 0x00, 0x50, 0x3d, 0x21, 0x64, 0x60, 0x3d,
  0x65, 0xfd, 0xb8, 0x3e, 0x42, 0xf8, 0x7e, 0xbd, 0x51, 0xa3, 0xf7, 0x3d,
  0x8a, 0x1b, 0x55, 0x3e, 0xa1, 0xed, 0x80, 0x3b, 0xdf, 0x4e, 0x00, 0xbf,
  0x90, 0x42, 0xaa, 0xbe, 0x0d, 0xe4, 0x23, 0x3e, 0xbe, 0x82, 0x09, 0xbd,
  0xf9, 0x1a, 0x89, 0xbb, 0xb5, 0xe2, 0xe3, 0xbd, 0x78, 0xb1, 0x74, 0x3e,
  0xe3, 0xc6, 0x07, 0x3e, 0xf0, 0x7f, 0x9d, 0xbd, 0x3e, 0x24, 0x71, 0xbd,
  0x3d, 0x10, 0x9b, 0xbd, 0xd0, 0xd0, 0x90, 0x3e, 0xb1, 0x99, 0x45, 0x3e,
  0xa4, 0x66, 0x24, 0xbe, 0x38, 0x32, 0xbe, 0x3e, 0xa8, 0x3d, 0x04, 0xbd,
  0xad, 0xa5, 0x35, 0xbe, 0x2b, 0x58, 0x9b, 0x3e, 0x51, 0x31, 0x4a, 0xbd,
  0x24, 0x3f, 0xb0, 0x3e, 0x78, 0x72, 0x8f, 0xbe, 0x1e, 0x9d, 0xb1, 0x3d,
  0x07, 0x84, 0x81, 0xb9, 0xa1, 0x99, 0xbc, 0x3d, 0x0b, 0x00, 0xc5, 0xbd,
  0xab, 0x3e, 0xaf, 0x3e, 0xbb, 0xff, 0xe1, 0x3d, 0x59, 0xf3, 0x3a, 0xbe,
  0x64, 0x95, 0xf2, 0xbd, 0xb0, 0x44, 0x2f, 0xbe, 0x20, 0xdf, 0xcb, 0x3d,
  0x53, 0x99, 0x0c, 0x3d, 0x59, 0x08, 0x51, 0x3e, 0x9f, 0x1b, 0x87, 0x3e,
  0x65, 0xbb, 0x45, 0x3d, 0x74, 0x37, 0x76, 0xbe, 0xf8, 0x55, 0xac, 0xbe,
  0xdb, 0x2e, 0x04, 0x3f, 0xc2, 0xf1, 0x24, 0x3e, 0x77, 0x83, 0x09, 0xbe,
  0x50, 0xd7, 0x47, 0x3e, 0x9e, 0xa1, 0xbc, 0x3e, 0xc7, 0x96, 0x2a, 0xbe,
  0xf8, 0x45, 0xd3, 0x3d, 0xfe, 0xdc, 0x0c, 0xbd, 0x04, 0x79, 0xe7, 0x3c,
  0xc8, 0x6a, 0x16, 0xbe, 0x85, 0x32, 0x87, 0xbd, 0x45, 0x05, 0x2c, 0xbe,
  0xe1, 0xbc, 0x71, 0xbd, 0x26, 0xb3, 0x16, 0x3e, 0x5a, 0x5e, 0x90, 0x3d,
  0x6b, 0x2d, 0x0b, 0x3f, 0x8e, 0x93, 0x2f, 0xbe, 0xf5, 0xdf, 0x45, 0x3e,
  0x7c, 0x67, 0xce, 0xbe, 0x78, 0x51, 0x2d, 0x3e, 0xdb, 0x29, 0x3f, 0x3e,
  0xa8, 0x08, 0xed, 0x3c, 0x5b, 0xfd, 0x37, 0xbd, 0xf9, 0x06, 0x36, 0xbe,
  0x11, 0x35, 0x61, 0x3e, 0x67, 0x38, 0xfd, 0x3e, 0xd5, 0x1e, 0x3a, 0xbd,
  0x0d, 0x49, 0xf2, 0x3d, 0xe3, 0x10, 0xad, 0xbd, 0x29, 0x67, 0x54, 0xbe,
  0x86, 0x88, 0x5e, 0x3b, 0xe5, 0x44, 0x4a, 0xbe, 0x4e, 0xa7, 0x4b, 0xbd,
  0x32, 0x3c, 0xe5, 0x3e, 0x6b, 0x64, 0x79, 0x3e, 0x68, 0xc7, 0x67, 0x3b,
  0x56, 0x48, 0x3e, 0xbd, 0xe6, 0x9a, 0xbd, 0x3d, 0x6f, 0x7f, 0x99, 0xbe,
  0x03, 0x36, 0x8a, 0x3e, 0x13, 0xed, 0x85, 0xbd, 0xd3, 0x92, 0x4e, 0xbe,
  0xf5, 0x54, 0xab, 0x3e, 0x3b, 0xd5, 0xdf, 0xba, 0x39, 0x6d, 0xc6, 0x3d,
  0x2a, 0x13, 0xd3, 0xbc, 0x47, 0x70, 0xce, 0xbd, 0x47, 0x6a, 0x0e, 0x3e,
  0x9d, 0x81, 0xbf, 0xbe, 0x7f, 0xfd, 0xef, 0x3c, 0x07, 0x74, 0xc5, 0xbe,
  0x64, 0x5a, 0x07, 0xbe, 0x7b, 0x3e, 0xf7, 0xbb, 0x51, 0xd3, 0x5e, 0x3e,
  0x9a, 0x77, 0x5a, 0x3e, 0xdd, 0xce, 0x8d, 0xbc, 0x7f, 0xe2, 0x16, 0xbe,
  0x58, 0x9d, 0xa7, 0xbd, 0x4b, 0xe7, 0x89, 0xbe, 0x08, 0xa3, 0xb8, 0x3d,
  0x09, 0xe8, 0xfc, 0x3d, 0x95, 0x52, 0x93, 0x3e, 0x71, 0x09, 0xde, 0xbd,
  0x64, 0x14, 0x5d, 0xbe, 0x88, 0xca, 0x1c, 0xbf, 0x04, 0xb5, 0x5a, 0x3d,
  0x5d, 0x6b, 0xbb, 0x3d, 0x6b, 0xa0, 0xf9, 0x3d, 0x99, 0x93, 0x5c, 0xbe,
  0xb9, 0x3d, 0x87, 0x3d, 0x6a, 0x97, 0xa2, 0xbe, 0x5d, 0xd6, 0x19, 0xbb,
  0x31, 0x49, 0x3c, 0x3e, 0x20, 0x84, 0x4f, 0x3c, 0xab, 0x48, 0xff, 0x3e,
  0xd1, 0x0c, 0x11, 0x3d, 0x0b, 0xa6, 0x26, 0xbe, 0xf1, 0x06, 0x2a, 0x3e,
  0x07, 0xa9, 0x35, 0xbd, 0xac, 0x9d, 0x68, 0xbe, 0x09, 0x2f, 0x85, 0xbe,
  0x9f, 0x3c, 0x39, 0x3e, 0xe0, 0xb6, 0x85, 0x3c, 0x34, 0x9d, 0x1c, 0xbd,
  0x98, 0x47, 0x92, 0x3e, 0xe7, 0x7c, 0xe1, 0xbe, 0x36, 0x97, 0x49, 0x3d,
  0x79, 0xe8, 0x1c, 0x3e, 0xb2, 0x22, 0x87, 0x3c, 0x07, 0x94, 0x7e, 0xbe,
  0xb0, 0x89, 0x82, 0xbe, 0xb4, 0x4b, 0x2a, 0xbe, 0x72, 0xa1, 0xd4, 0x3c,
  0x2a, 0x74, 0x5a, 0x3e, 0xae, 0x33, 0xd8, 0x3e, 0x83, 0x33, 0x23, 0xbe,
  0xdf, 0xce, 0xc1, 0xbe, 0xab, 0x6a, 0x58, 0x3e, 0x69, 0x92, 0x26, 0x3e,
  0xbb, 0xca, 0x7e, 0xbd, 0x1a, 0x12, 0xd2, 0xbd, 0xb1, 0x0e, 0x80, 0x3e,
  0x52, 0x64, 0xa3, 0xbd, 0x12, 0x1e, 0x36, 0x3d, 0x1b, 0xed, 0x61, 0xbe,
  0x11, 0x1f, 0x8e, 0xbe, 0xf4, 0x61, 0xf9, 0x3e, 0xe2, 0x0e, 0xb7, 0xbd,
  0xdf, 0x91, 0x8b, 0x3d, 0xe1, 0x8e, 0x96, 0xbe, 0xcc, 0x41, 0xd8, 0x3e,
  0x7b, 0x3b, 0xe5, 0x3b, 0xfd, 0x09, 0x25, 0x3d, 0x3b, 0x02, 0xc9, 0x3d,
  0xcd, 0x3f, 0x74, 0x3e, 0xd5, 0xab, 0x0f, 0xbd, 0xd2, 0xdd, 0x72, 0xbe,
  0xc2, 0xc8, 0x06, 0x3e, 0xab, 0x91, 0x83, 0x3e, 0xd1, 0x04, 0x1f, 0xbc,
  0x5d, 0x30, 0x25, 0x3e, 0xc1, 0xa1, 0x94, 0xbe, 0x2b, 0xfb, 0x41, 0x3c,
  0x11, 0x23, 0x9d, 0xbe, 0xa7, 0x1e, 0x2d, 0x3e, 0x19, 0x6d, 0x65, 0x3e,
  0xb2, 0xfb, 0xff, 0xff, 0x04, 0x00, 0x00, 0x00, 0x1c, 0x00, 0x00, 0x00,
  0xd6, 0xa1, 0xf3, 0xbd, 0x35, 0xcf, 0x28, 0x3f, 0x28, 0xde, 0x07, 0xbe,
  0xfa, 0xa5, 0x3e, 0x3e, 0x06, 0x1a, 0x26, 0x3d, 0xe2, 0x23, 0xb1, 0xbd,
  0xb9, 0x6f, 0xc7, 0xbb, 0xda, 0xfb, 0xff, 0xff, 0x04, 0x00, 0x00, 0x00,
  0xc0, 0x01, 0x00, 0x00, 0x90, 0x83, 0xbb, 0x3b, 0xc9, 0x54, 0x78, 0x3d,
  0xf3, 0x7c, 0x7c, 0xbc, 0xd8, 0xc9, 0xca, 0x3c, 0xa1, 0xcf, 0x80, 0x3a,
  0x92, 0xbf, 0xa9, 0xbc, 0x0c, 0x6e, 0x0a, 0x3d, 0x55, 0xa3, 0x10, 0xbd,
  0x48, 0x3b, 0x91, 0x3c, 0x14, 0xf1, 0x1e, 0xb8, 0x60, 0x8e, 0x5e, 0xba,
  0x8a, 0x2f, 0xd0, 0xbb, 0x5a, 0x10, 0xc0, 0xbc, 0x18, 0x57, 0xfb, 0x3c,
  0xb8, 0xf3, 0x0c, 0xbd, 0x6e, 0x6b, 0x9a, 0xbc, 0xeb, 0x15, 0xfc, 0xbb,
  0x65, 0xbe, 0x48, 0xbb, 0x83, 0xd2, 0x0f, 0xbd, 0xb6, 0x20, 0x57, 0xbc,
  0xdb, 0xe4, 0xa2, 0x3a, 0xda, 0x9e, 0xf9, 0x3d, 0xe7, 0x25, 0x42, 0xbb,
  0x75, 0xbc, 0x9f, 0xbb, 0xca, 0xc3, 0x07, 0x3a, 0xdd, 0x79, 0x74, 0xba,
  0x63, 0xfe, 0xc1, 0xbc, 0xa9, 0xe2, 0x99, 0xbc, 0x22, 0xda, 0x88, 0xbb,
  0x19, 0x12, 0xfa, 0xbc, 0xb1, 0x43, 0x87, 0x3b, 0x7e, 0x90, 0x0e, 0x3d,
  0x35, 0x12, 0xe6, 0x3a, 0x05, 0x88, 0xb0, 0xbb, 0xd9, 0x1d, 0x14, 0xbc,
  0x88, 0xa9, 0x3a, 0xbd, 0x04, 0xab, 0xee, 0x3b, 0x5d, 0x8b, 0x49, 0x3d,
  0x25, 0x72, 0xf1, 0x3b, 0x0c, 0xa7, 0xb0, 0x3c, 0x3c, 0x57, 0x54, 0x3d,
  0x5e, 0x1e, 0xbc, 0x3a, 0x27, 0x8b, 0xd0, 0x3c, 0x3b, 0x76, 0x6e, 0xba,
  0xb3, 0xa2, 0x87, 0x3c, 0x64, 0x87, 0xa1, 0x3c, 0x7a, 0x87, 0x20, 0xbd,
  0x93, 0x38, 0xc9, 0xbc, 0xc2, 0x55, 0xce, 0xbb, 0x71, 0x56, 0x31, 0xbb,
  0x5f, 0x10, 0xc5, 0xb9, 0x2f, 0x3c, 0x25, 0xbb, 0x0b, 0xb5, 0x1b, 0xbb,
  0x26, 0xfc, 0x36, 0x3d, 0xb6, 0x02, 0x24, 0xbb, 0x0d, 0xf2, 0x19, 0xbb,
  0x30, 0x64, 0x51, 0x3a, 0xd5, 0xaa, 0x9b, 0xba, 0x8a, 0x5c, 0x6c, 0xbb,
  0x65, 0xbb, 0xa5, 0x3b, 0x96, 0x4c, 0x53, 0x39, 0x14, 0x64, 0xe5, 0xba,
  0x9d, 0x73, 0x90, 0x3b, 0x23, 0x91, 0xe2, 0xba, 0x65, 0x8d, 0x79, 0xba,
  0xec, 0xfa, 0x94, 0x3b, 0x8e, 0xfd, 0x8f, 0xbb, 0x27, 0xd3, 0x75, 0xba,
  0x34, 0xd9, 0x48, 0x3b, 0x5e, 0xb9, 0x39, 0x3d, 0xbf, 0x8d, 0x68, 0x3b,
  0xea, 0xa0, 0xa5, 0xbb, 0x12, 0x2d, 0x60, 0xba, 0x9e, 0x2a, 0xb7, 0x3a,
  0x63, 0x59, 0xf8, 0xb9, 0xd2, 0xbc, 0x57, 0xbb, 0xef, 0xf0, 0xa2, 0xbb,
  0xf0, 0x32, 0x29, 0xbb, 0xea, 0x0b, 0x92, 0xbb, 0x22, 0xdb, 0xfe, 0xba,
  0xda, 0x04, 0x1c, 0x3b, 0xaa, 0x88, 0x8b, 0x3b, 0x36, 0xd0, 0xa2, 0xb9,
  0xb3, 0x2d, 0xa6, 0x3b, 0x29, 0x7d, 0xb9, 0xbb, 0x0d, 0x84, 0xf6, 0xbd,
  0x47, 0x45, 0x9d, 0xba, 0x2e, 0xde, 0x83, 0xbb, 0x08, 0x02, 0x89, 0xb9,
  0xfb, 0x7d, 0xfa, 0xba, 0x58, 0x9e, 0x5f, 0x3b, 0x1c, 0x02, 0x8e, 0x3a,
  0x97, 0xcb, 0x85, 0xba, 0xf6, 0x5d, 0x83, 0x3b, 0x09, 0x17, 0x46, 0xbb,
  0x9b, 0xac, 0x9c, 0xbb, 0x43, 0x61, 0x0e, 0xbb, 0xd3, 0x52, 0xa5, 0x3a,
  0x02, 0xc4, 0xf0, 0x38, 0x15, 0x2b, 0x65, 0xbb, 0xea, 0x04, 0x18, 0x3a,
  0x44, 0x84, 0x10, 0x3d, 0x25, 0x06, 0x0d, 0x39, 0x87, 0x30, 0xa8, 0xba,
  0xeb, 0x16, 0x39, 0x3a, 0xe2, 0xe1, 0x03, 0xba, 0x88, 0x2d, 0xad, 0x3a,
  0xf0, 0x98, 0x12, 0x3b, 0xc6, 0xa3, 0x00, 0x3b, 0x06, 0x2c, 0x4d, 0x3b,
  0x8f, 0xf8, 0x76, 0xbb, 0x61, 0x2e, 0xfd, 0xbb, 0xa6, 0xfd, 0xff, 0xff,
  0x04, 0x00, 0x00, 0x00, 0x00, 0x02, 0x00, 0x00, 0xbe, 0x29, 0x7d, 0xbc,
  0x08, 0xf8, 0x69, 0x3e, 0xc8, 0x31, 0x1e, 0xbe, 0x4d, 0xb3, 0x18, 0xbe,
  0xd2, 0x48, 0x56, 0x3d, 0xb9, 0x7d, 0x8c, 0xbb, 0xdc, 0xb6, 0x53, 0x3c,
  0xc0, 0xe7, 0x38, 0xbd, 0x21, 0x0e, 0x35, 0x3d, 0x08, 0x4b, 0x95, 0xbe,
  0xbc, 0x44, 0x1c, 0x3d, 0xc5, 0xce, 0x94, 0x3d, 0xd7, 0x1a, 0xf4, 0x3d,
  0x9b, 0x7c, 0xe9, 0x3c, 0xec, 0x01, 0x4e, 0x3d, 0xe7, 0x63, 0x2f, 0x3d,
  0x60, 0xeb, 0x0e, 0x3e, 0x1f, 0x1d, 0x39, 0x3d, 0x72, 0xd7, 0x55, 0x3e,
  0x24, 0x8a, 0xa5, 0x3d, 0xe8, 0x8d, 0xf8, 0x3d, 0x96, 0x99, 0x8a, 0xbd,
  0x5f, 0xf1, 0x9a, 0x3c, 0x55, 0x63, 0x2d, 0xbd, 0x02, 0x79, 0xca, 0xbc,
  0x0c, 0x89, 0xb9, 0xbe, 0x17, 0xe3, 0x1f, 0x3e, 0x06, 0x97, 0xcc, 0x3d,
  0x6d, 0x44, 0x35, 0xbe, 0x26, 0x2f, 0x23, 0xbe, 0xbe, 0x5b, 0x39, 0x3e,
  0x2b, 0xd5, 0x5f, 0xbe, 0xa0, 0x84, 0x24, 0x3e, 0xa0, 0x11, 0x2d, 0xbe,
  0xfe, 0x1e, 0xc7, 0xbd, 0x80, 0x7f, 0xa4, 0x3d, 0x60, 0xf3, 0xd3, 0xbd,
  0xba, 0xbb, 0x01, 0xbe, 0xbf, 0xae, 0x2c, 0xbe, 0xed, 0x1b, 0x07, 0xbe,
  0xc3, 0xae, 0x77, 0x3c, 0x7f, 0x48, 0x79, 0xbd, 0x45, 0xeb, 0x4a, 0xbd,
  0x4b, 0x13, 0x8a, 0xbc, 0xdd, 0xf7, 0x13, 0x3e, 0x03, 0x44, 0x85, 0xbd,
  0x5f, 0x2b, 0xc9, 0xbe, 0xe9, 0x6c, 0xd7, 0xbc, 0xd0, 0xd5, 0x6f, 0x3c,
  0x21, 0xd0, 0xb8, 0xbe, 0x3c, 0x95, 0xe0, 0x3d, 0x55, 0x31, 0x8f, 0x3e,
  0x32, 0xb2, 0x01, 0xbe, 0x5d, 0x79, 0xe6, 0xbd, 0xeb, 0x50, 0xad, 0x3d,
  0x75, 0xcd, 0xc0, 0xbd, 0x26, 0x21, 0x71, 0xbd, 0x45, 0xb5, 0x1e, 0x3e,
  0xe8, 0x5a, 0x6b, 0x3e, 0xd8, 0xf9, 0x01, 0xbe, 0x65, 0xb6, 0xd5, 0xbe,
  0x11, 0x91, 0x2a, 0xbe, 0x8f, 0x02, 0xe0, 0xbd, 0xb7, 0x62, 0xa2, 0xbb,
  0x29, 0x24, 0x9d, 0x3d, 0x11, 0xfb, 0xe4, 0xbc, 0xc4, 0x64, 0x99, 0x3d,
  0xf7, 0x25, 0xaa, 0xbe, 0x38, 0xf1, 0xd9, 0xbc, 0xef, 0x8c, 0x8d, 0xbe,
  0xe7, 0xb8, 0xa4, 0x3c, 0xc8, 0xfb, 0xa3, 0x3d, 0x96, 0xe5, 0x82, 0xbe,
  0xbc, 0x90, 0x32, 0xbd, 0xbb, 0x38, 0x63, 0xbd, 0xc7, 0x1e, 0x53, 0xbe,
  0xaa, 0xcf, 0xf1, 0xbc, 0x04, 0xe0, 0x23, 0x3e, 0xaa, 0xb2, 0x07, 0xbd,
  0x35, 0x91, 0x06, 0x3f, 0x98, 0x30, 0x99, 0xbd, 0xb2, 0x6c, 0xd6, 0xbc,
  0xa0, 0x8c, 0x4a, 0x3d, 0x07, 0x0d, 0x5d, 0xbe, 0xa0, 0x86, 0x0b, 0xbe,
  0x8f, 0x8f, 0x2a, 0xbe, 0x2d, 0x09, 0x9b, 0xbe, 0x16, 0x7b, 0x59, 0x3e,
  0x00, 0x9e, 0x12, 0x3e, 0x8d, 0x8c, 0x50, 0x3e, 0xc9, 0x8b, 0x32, 0xbd,
  0x12, 0x53, 0x08, 0xbe, 0x41, 0xa2, 0xcc, 0xbe, 0xa4, 0x15, 0x04, 0xbd,
  0xe5, 0xd8, 0x83, 0xbe, 0xf6, 0x2e, 0xc2, 0x3d, 0x3e, 0x83, 0x50, 0x3e,
  0x87, 0x24, 0x2c, 0xbe, 0x33, 0x0f, 0x0b, 0xbe, 0xe5, 0xcc, 0x94, 0xbe,
  0xdc, 0x90, 0xd1, 0xbd, 0x31, 0x20, 0xbf, 0xbd, 0x81, 0xb2, 0xad, 0xbe,
  0x0b, 0xc9, 0xf7, 0xbd, 0xf9, 0xc1, 0x93, 0xbd, 0x73, 0x3c, 0xe3, 0x3d,
  0x3d, 0x1d, 0x90, 0xbe, 0xad, 0x2a, 0x8c, 0xbe, 0x8a, 0x16, 0xc7, 0x3d,
  0xf0, 0x38, 0x61, 0xbc, 0x18, 0x20, 0xbd, 0x3d, 0x49, 0x5c, 0xc6, 0x3d,
  0xc7, 0x15, 0x94, 0xbe, 0x9f, 0xf5, 0x11, 0xbd, 0x72, 0x9b, 0xef, 0x3d,
  0x1d, 0xd4, 0x7a, 0xbe, 0x8a, 0x40, 0xc4, 0xbd, 0x9b, 0xb0, 0xdb, 0xbd,
  0xc8, 0x91, 0x8e, 0xbe, 0x15, 0x2a, 0x4d, 0xbe, 0x00, 0x61, 0xac, 0xbe,
  0x6b, 0x2c, 0x6f, 0x3e, 0x3f, 0x4f, 0x29, 0xbe, 0x4d, 0xe3, 0x6b, 0xbe,
  0x4b, 0xf6, 0x18, 0x3e, 0x46, 0x77, 0x4f, 0xbe, 0x20, 0x2d, 0x6e, 0xbe,
  0x41, 0x1b, 0x6a, 0xbc, 0xb2, 0xff, 0xff, 0xff, 0x04, 0x00, 0x00, 0x00,
  0x40, 0x00, 0x00, 0x00, 0xf7, 0x2b, 0x88, 0x41, 0xf7, 0x88, 0x50, 0x41,
  0x09, 0x7e, 0x39, 0x41, 0xa7, 0x5a, 0x61, 0x41, 0xfe, 0x27, 0xfd, 0x40,
  0x61, 0x7e, 0x43, 0xbf, 0xf5, 0xbe, 0x45, 0x41, 0x6e, 0xde, 0x5d, 0x41,
  0x18, 0x33, 0xe8, 0x3f, 0xbf, 0x23, 0x69, 0x41, 0xe4, 0xa6, 0x95, 0xbf,
  0x06, 0x6a, 0xc2, 0x40, 0x92, 0xf4, 0xbe, 0x41, 0xb3, 0x63, 0x1d, 0x41,
  0x5e, 0x26, 0x88, 0x40, 0xbc, 0x01, 0x4e, 0x41, 0x00, 0x00, 0x06, 0x00,
  0x08, 0x00, 0x04, 0x00, 0x06, 0x00, 0x00, 0x00, 0x04, 0x00, 0x00, 0x00,
  0x00, 0x20, 0x00, 0x00, 0xc8, 0xc7, 0x5e, 0xbf, 0x18, 0x0f, 0xd0, 0x3e,
  0xe3, 0x65, 0x3d, 0xbf, 0x9f, 0xbd, 0x0a, 0xc0, 0xf9, 0xb1, 0xf4, 0x3e,
  0xf7, 0x1d, 0x0e, 0xbe, 0x04, 0x8f, 0xfd, 0x3f, 0x9a, 0xe9, 0x2d, 0xbf,
  0x23, 0x93, 0x0b, 0xc0, 0x06, 0xcf, 0x51, 0xc0, 0x44, 0xc0, 0x00, 0xbf,
  0x8d, 0x3c, 0x2b, 0x40, 0x93, 0x84, 0xf1, 0x3e, 0x6f, 0x64, 0x6b, 0xbf,
  0x54, 0x21, 0x75, 0x3d, 0xc6, 0x8d, 0xa5, 0x40, 0xd6, 0xb4, 0x42, 0xc0,
  0xe0, 0x46, 0xe0, 0x3e, 0x48, 0xba, 0x95, 0xbe, 0x5a, 0x78, 0x20, 0xc0,
  0x25, 0x61, 0x4c, 0xc0, 0x78, 0x92, 0xf1, 0xbf, 0x49, 0x70, 0x98, 0x3f,
  0xc5, 0x19, 0x30, 0xc0, 0xe6, 0xc3, 0x02, 0xc0, 0x15, 0x74, 0x01, 0xc0,
  0x05, 0x7a, 0x9d, 0xbf, 0xb3, 0x30, 0x1f, 0x3e, 0x3f, 0x61, 0x99, 0xbf,
  0xf4, 0xb3, 0x22, 0x3f, 0xba, 0xae, 0x64, 0x40, 0xbe, 0x56, 0xd9, 0xbe,
  0x65, 0x6c, 0x83, 0xbe, 0x58, 0x37, 0x6c, 0xc0, 0x15, 0x04, 0xd9, 0xbf,
  0x31, 0xf1, 0xea, 0x3e, 0x6e, 0x7a, 0x15, 0xc0, 0xa8, 0xd3, 0x09, 0xc0,
  0xaf, 0xff, 0x0e, 0x3f, 0x9a, 0x5f, 0x30, 0xbf, 0xc9, 0xf4, 0x07, 0xc0,
  0x29, 0x30, 0x51, 0xbf, 0xab, 0x97, 0x5c, 0x3f, 0x23, 0xf8, 0x94, 0x3f,
  0x1b, 0xb2, 0x03, 0x40, 0xda, 0x6c, 0x90, 0xbe, 0x1f, 0x68, 0x96, 0x3f,
  0x0c, 0x0e, 0x6d, 0x40, 0x3a, 0xd3, 0xb0, 0x3e, 0xde, 0xdc, 0x39, 0xc0,
  0x6c, 0x14, 0x18, 0x3f, 0x2e, 0xd2, 0xdc, 0x3f, 0x59, 0x97, 0x11, 0x40,
  0x5f, 0x28, 0x25, 0x3f, 0x7c, 0x80, 0x01, 0x3f, 0x33, 0x33, 0x96, 0xbf,
  0x01, 0x51, 0x28, 0xbf, 0x8a, 0xaf, 0xe3, 0x3f, 0x1c, 0x5e, 0x1e, 0x40,
  0x0c, 0x8a, 0x61, 0xc0, 0x86, 0x4a, 0x85, 0x40, 0xf7, 0xd1, 0xda, 0x3e,
  0x66, 0xa1, 0x53, 0xbf, 0x55, 0xd0, 0xf0, 0xbe, 0x40, 0x25, 0xda, 0xbf,
  0x33, 0xeb, 0x71, 0xc0, 0x6d, 0x96, 0xef, 0xbf, 0xd9, 0xe5, 0x36, 0x3f,
  0x88, 0xca, 0x7b, 0xbf, 0x75, 0x33, 0x53, 0xc0, 0x18, 0xbc, 0xc0, 0xbf,
  0xef, 0xb0, 0x8d, 0x3d, 0x31, 0x23, 0x3a, 0x40, 0x87, 0x38, 0x0f, 0xbf,
  0xde, 0x17, 0x05, 0x40, 0x7c, 0x80, 0x41, 0xc0, 0x14, 0x59, 0x12, 0xc0,
  0xa1, 0x34, 0x91, 0xbf, 0x9d, 0xd2, 0xdc, 0x3f, 0xe3, 0xf6, 0xbf, 0xbf,
  0x69, 0x66, 0x71, 0x3f, 0x13, 0x7c, 0xe5, 0xbf, 0x66, 0xf9, 0xfa, 0xbf,
  0x32, 0xcb, 0xe5, 0xbf, 0xad, 0x80, 0x88, 0xbf, 0x89, 0xc2, 0x32, 0x3f,
  0x27, 0x37, 0x93, 0x3e, 0x9e, 0x56, 0xf1, 0x3f, 0x1f, 0xb4, 0xcc, 0xbd,
  0x17, 0xca, 0x36, 0xbf, 0x07, 0x36, 0xc0, 0x3f, 0x2e, 0xf7, 0x88, 0x3d,
  0x7b, 0x2f, 0x8d, 0xc0, 0x43, 0xcf, 0xdc, 0xbf, 0xbd, 0x60, 0x94, 0xbf,
  0x1a, 0xba, 0xe6, 0xbf, 0x99, 0x1a, 0xe5, 0x3e, 0x2b, 0xb8, 0xb8, 0xbf,
  0x4e, 0x15, 0x30, 0x40, 0x04, 0xab, 0xe6, 0x3e, 0x16, 0x0e, 0x9e, 0x40,
  0x20, 0xca, 0x03, 0xc0, 0x3f, 0xa5, 0x33, 0xc0, 0x5d, 0x61, 0x51, 0xbf,
  0xe0, 0x59, 0x70, 0xc0, 0x78, 0x9f, 0xe9, 0xbe, 0x2d, 0xf3, 0x02, 0xc0,
  0xf1, 0x87, 0x24, 0xc0, 0x35, 0xe8, 0x0a, 0xc0, 0xc4, 0x76, 0xc7, 0xbf,
  0x9e, 0x7b, 0x05, 0x40, 0x51, 0x12, 0x78, 0xbf, 0x8a, 0x52, 0xee, 0x3e,
  0x93, 0xdf, 0xdd, 0xbf, 0x5e, 0x7d, 0xb8, 0x3a, 0x97, 0x99, 0xbd, 0x3f,
  0xfe, 0x5a, 0x03, 0xbf, 0xf9, 0x6a, 0x81, 0x40, 0x98, 0x76, 0xf3, 0xbf,
  0x0a, 0x24, 0xb1, 0xc0, 0x8b, 0x05, 0x77, 0x40, 0x53, 0x7a, 0x0a, 0x40,
  0xe5, 0x98, 0xec, 0xbf, 0x68, 0x81, 0x85, 0xbf, 0xeb, 0xd9, 0x2b, 0xbf,
  0x8e, 0xbc, 0x16, 0xbe, 0xc7, 0xd1, 0xc3, 0xbf, 0x3c, 0x2a, 0x0c, 0xc0,
  0xa3, 0x52, 0x5c, 0x3f, 0x9a, 0xb8, 0x00, 0xbe, 0xbc, 0xa6, 0xeb, 0x3e,
  0xe4, 0xa9, 0x95, 0x40, 0xa9, 0x6a, 0x03, 0x40, 0x34, 0x82, 0x64, 0x3f,
  0x3f, 0xa9, 0x85, 0xbf, 0xa8, 0x60, 0x39, 0xc0, 0x6c, 0x6d, 0x86, 0x3f,
  0xa6, 0x71, 0x0b, 0xc0, 0x0b, 0x57, 0x5f, 0x3f, 0xf4, 0xd5, 0x88, 0x3e,
  0x52, 0x59, 0x51, 0x3f, 0x87, 0x8e, 0xa1, 0xbe, 0xba, 0x40, 0x1f, 0xc0,
  0x47, 0x2a, 0x87, 0xc0, 0x47, 0x70, 0xef, 0xbe, 0xfc, 0x99, 0x68, 0xbd,
  0xc2, 0x18, 0x7f, 0x3f, 0x45, 0xe9, 0x9f, 0x3f, 0xf8, 0x82, 0x38, 0xc0,
  0x9e, 0xe3, 0x2f, 0xbf, 0xcf, 0x65, 0xc3, 0x3f, 0x4b, 0x62, 0xd6, 0x3e,
  0x8f, 0x40, 0x0c, 0x40, 0xd0, 0xf6, 0x22, 0x3f, 0xe6, 0x28, 0xa7, 0x3b,
  0x2d, 0x93, 0x47, 0x3f, 0x3a, 0xb6, 0x05, 0xc0, 0x53, 0x3b, 0xe6, 0xbf,
  0x58, 0xf5, 0x75, 0xbd, 0x87, 0x9c, 0xfe, 0x3f, 0xfd, 0xf6, 0xad, 0x3f,
  0x43, 0x17, 0x41, 0xbf, 0x8e, 0x32, 0x23, 0xc0, 0xe3, 0x20, 0x0f, 0xc0,
  0x3b, 0xba, 0xa5, 0xbf, 0x4c, 0x9c, 0x85, 0x3f, 0x74, 0x8f, 0x00, 0x3f,
  0x53, 0xaf, 0xc6, 0xbf, 0xc5, 0xa2, 0x74, 0xbf, 0x8f, 0x69, 0x87, 0x3f,
  0xfc, 0x3f, 0xd7, 0xbf, 0x5d, 0xf3, 0x50, 0xc0, 0x4a, 0xff, 0x07, 0xc0,
  0x06, 0x7c, 0x39, 0x3e, 0xd1, 0xbe, 0xf9, 0x40, 0x37, 0xac, 0x2f, 0x3f,
  0xfc, 0xae, 0x9e, 0x3f, 0x9d, 0x47, 0x40, 0xbf, 0xf2, 0xa7, 0x89, 0xc0,
  0x98, 0x6e, 0xa0, 0xbf, 0x2e, 0x14, 0xf9, 0x3f, 0xb8, 0x4f, 0xa4, 0x40,
  0xb4, 0xe0, 0xbf, 0x3f, 0xb9, 0xdd, 0x17, 0x40, 0x83, 0x80, 0x0b, 0xbf,
  0x64, 0xd1, 0xd1, 0xbf, 0x1c, 0x36, 0xc2, 0xbf, 0x5b, 0x01, 0x55, 0x40,
  0x11, 0x05, 0x96, 0x40, 0x18, 0x1a, 0x5b, 0x3f, 0x31, 0x38, 0x07, 0x40,
  0x78, 0x91, 0x76, 0xbe, 0x35, 0x29, 0xa0, 0xbf, 0x77, 0x25, 0x32, 0xbe,
  0xe1, 0xa4, 0x3a, 0x40, 0xda, 0x98, 0x9a, 0xbf, 0xa4, 0x11, 0x9e, 0x3e,
  0xfa, 0x15, 0xc2, 0xbf, 0x7f, 0xca, 0x19, 0xc0, 0x65, 0x93, 0x1c, 0xc0,
  0x54, 0xaf, 0x2e, 0x3f, 0xce, 0x09, 0x9f, 0x3f, 0xce, 0x23, 0x68, 0x40,
  0x4c, 0x72, 0x91, 0x3e, 0x96, 0x87, 0x21, 0xc0, 0x01, 0x36, 0xae, 0x3e,
  0xb4, 0xb2, 0xb5, 0x3f, 0x98, 0x1d, 0x9d, 0xbf, 0xda, 0x9c, 0xb8, 0xbd,
  0x59, 0xbd, 0xd1, 0xbf, 0x4e, 0xc6, 0x6e, 0x3f, 0x15, 0xa7, 0x84, 0xbe,
  0x28, 0xca, 0xf9, 0xc0, 0x4a, 0xc0, 0x88, 0x3e, 0x8b, 0x9e, 0x38, 0x40,
  0xd4, 0x45, 0xea, 0xbe, 0x54, 0xce, 0x3e, 0xc0, 0x52, 0x9f, 0xe6, 0xbf,
  0x47, 0x45, 0xe1, 0xbe, 0x75, 0xd9, 0x08, 0xc0, 0x87, 0x51, 0x47, 0xbf,
  0x1e, 0xa0, 0x76, 0x40, 0xff, 0xc8, 0x2c, 0x3f, 0x3b, 0x24, 0x68, 0xbf,
  0xe8, 0x54, 0xbc, 0xbd, 0x06, 0x6b, 0x98, 0x3f, 0x46, 0x59, 0x2c, 0xbf,
  0xbe, 0x8d, 0xce, 0xbf, 0xda, 0x7c, 0x87, 0xc0, 0x68, 0xd2, 0x9e, 0x3f,
  0xa0, 0x76, 0x63, 0xc0, 0x31, 0x04, 0xaa, 0x3f, 0xf0, 0xd6, 0x2a, 0xc0,
  0x51, 0x10, 0xd7, 0x3f, 0x17, 0xb7, 0x3f, 0xc0, 0xf1, 0x52, 0xb1, 0xbf,
  0x1d, 0x2f, 0x01, 0x3f, 0x2f, 0xe5, 0xc1, 0xbe, 0xd1, 0x04, 0x3a, 0x3f,
  0x62, 0x1e, 0x62, 0xbf, 0x21, 0xb9, 0x5c, 0xbf, 0x49, 0xfa, 0xf3, 0xbf,
  0xc2, 0xc5, 0x81, 0x3e, 0xec, 0x48, 0x86, 0x40, 0x60, 0xf8, 0xfa, 0x3e,
  0x13, 0xd9, 0x86, 0x40, 0xe2, 0x4b, 0xa9, 0xbe, 0xba, 0x70, 0x84, 0x40,
  0x43, 0x26, 0x8d, 0xc0, 0xc8, 0xdf, 0x5b, 0xbf, 0xa9, 0x9a, 0xfc, 0xbe,
  0x89, 0x69, 0x60, 0xc0, 0x71, 0x31, 0x14, 0x3f, 0x72, 0xe3, 0xab, 0xc0,
  0x7b, 0xc2, 0x51, 0xc0, 0x97, 0x94, 0xd9, 0xbf, 0x78, 0xb3, 0x33, 0x3f,
  0xa5, 0xc6, 0xd0, 0xbe, 0xe9, 0xfd, 0xe3, 0x3f, 0xfc, 0xf8, 0x69, 0xbe,
  0x93, 0x56, 0x81, 0x3f, 0x81, 0x98, 0xd1, 0xbf, 0xb7, 0xeb, 0x56, 0xbf,
  0x74, 0x21, 0x63, 0xc0, 0x4e, 0x6e, 0x8d, 0xbf, 0xb2, 0xdd, 0x67, 0xc1,
  0x6e, 0x2d, 0xe0, 0xbf, 0x85, 0x52, 0x27, 0xbe, 0xa8, 0x4a, 0x3b, 0x3f,
  0x18, 0xf1, 0x83, 0xbf, 0x10, 0x04, 0x4c, 0xbf, 0x05, 0x8f, 0xf9, 0xbe,
  0x2e, 0xd5, 0x4a, 0xbf, 0xee, 0x48, 0xda, 0xbf, 0x0d, 0x28, 0xf0, 0xbd,
  0xe5, 0x94, 0x0e, 0x40, 0x06, 0x39, 0x81, 0x3f, 0x2a, 0xe2, 0xef, 0xbf,
  0x00, 0x4e, 0x93, 0x3f, 0x4c, 0xc8, 0xc3, 0x3f, 0x3c, 0x1c, 0x18, 0xbf,
  0x2b, 0xc4, 0x70, 0xbf, 0x29, 0x01, 0xd0, 0xbf, 0xf4, 0xe7, 0xe7, 0xbf,
  0x4d, 0x2e, 0xb2, 0xbf, 0xdb, 0x3b, 0x44, 0x3e, 0xd0, 0x59, 0xd9, 0x3f,
  0x07, 0x01, 0xcc, 0xbe, 0xeb, 0xd0, 0xf0, 0x3f, 0x9c, 0xdb, 0xb7, 0xbf,
  0xf5, 0xe1, 0x86, 0xbe, 0xfa, 0x4f, 0x03, 0x3f, 0x5b, 0xa8, 0x9e, 0xc0,
  0xda, 0x80, 0xe6, 0xbf, 0xb1, 0x9f, 0x0c, 0x40, 0x3f, 0x92, 0x84, 0x3f,
  0x5e, 0x27, 0x57, 0xc0, 0x70, 0x57, 0x36, 0xc0, 0xac, 0x5e, 0x15, 0xc0,
  0x41, 0xa5, 0xab, 0xbf, 0xad, 0xe9, 0xab, 0x3f, 0xa3, 0x43, 0x3d, 0x3f,
  0x6a, 0x06, 0xaf, 0x40, 0x55, 0xd8, 0x10, 0x40, 0xe7, 0x4e, 0x1b, 0x40,
  0xaf, 0xfa, 0xcf, 0x40, 0xa9, 0x33, 0xd7, 0xbf, 0x99, 0x79, 0xb8, 0x3e,
  0xf0, 0x24, 0x77, 0xc0, 0xc4, 0x1c, 0x69, 0xc0, 0x5f, 0xd6, 0x32, 0x3f,
  0x66, 0xcb, 0x87, 0x3f, 0x72, 0x0c, 0xd9, 0xbe, 0x28, 0x19, 0x5d, 0xbd,
  0x8c, 0xcd, 0x14, 0x40, 0x00, 0x48, 0x19, 0x40, 0xb7, 0x51, 0x8e, 0xc0,
  0x63, 0x94, 0xcb, 0x40, 0x63, 0x80, 0xc0, 0x3f, 0x7d, 0x65, 0xc1, 0x3f,
  0xce, 0xa0, 0x3a, 0xbf, 0x31, 0x45, 0xc1, 0xbf, 0xee, 0xd8, 0x11, 0xc0,
  0x8c, 0x35, 0xcd, 0xbf, 0x7d, 0x0e, 0x29, 0xc0, 0x1b, 0x90, 0x46, 0x40,
  0x26, 0xd4, 0xbf, 0x3c, 0xdb, 0x12, 0xf3, 0x3f, 0x2a, 0x07, 0x4a, 0x40,
  0xfb, 0x4c, 0xae, 0x3e, 0xe8, 0x65, 0x1b, 0xbf, 0x6a, 0xfa, 0x49, 0x3f,
  0xca, 0x54, 0x12, 0xbe, 0x04, 0x19, 0x62, 0x3e, 0x8e, 0xfd, 0xbc, 0x3f,
  0x3a, 0x11, 0x3a, 0x3f, 0x48, 0x74, 0x1b, 0xc0, 0x91, 0xe1, 0x1b, 0xbe,
  0xcb, 0xe1, 0xd7, 0xbf, 0xc6, 0xc1, 0x0d, 0xc0, 0x38, 0xd7, 0x82, 0xc0,
  0x57, 0x85, 0xaf, 0xbe, 0x81, 0x6e, 0x0d, 0xc0, 0x92, 0x9c, 0x84, 0x3f,
  0x50, 0xf8, 0xbe, 0xbf, 0x32, 0xee, 0x24, 0x3f, 0xf1, 0x33, 0x7c, 0xbf,
  0xc4, 0x6c, 0x88, 0x3d, 0xee, 0xe5, 0x04, 0xc0, 0x19, 0x30, 0x2f, 0x40,
  0x1c, 0xcd, 0xb9, 0xbf, 0x93, 0xbe, 0x1e, 0x40, 0xd1, 0x30, 0x19, 0x3f,
  0x4d, 0xb4, 0x29, 0x40, 0xb4, 0x83, 0x99, 0x40, 0x81, 0xf6, 0x8a, 0xbf,
  0xd2, 0x69, 0x4a, 0x40, 0x12, 0x22, 0x93, 0xbf, 0xe9, 0x4e, 0x45, 0xbf,
  0x07, 0x37, 0x13, 0xbf, 0x80, 0x36, 0xb5, 0xc0, 0x68, 0x55, 0x3b, 0xbf,
  0xcb, 0xa5, 0xfc, 0xbf, 0x09, 0x57, 0x4f, 0xc0, 0xe8, 0x80, 0x23, 0x3f,
  0x7c, 0xf0, 0x58, 0x3f, 0x75, 0x92, 0x56, 0xbf, 0x24, 0xcf, 0xa1, 0xbe,
  0x7e, 0x50, 0x0d, 0x40, 0x68, 0x08, 0xf0, 0xbf, 0x14, 0x5b, 0xa2, 0x3f,
  0x2f, 0xf3, 0x2f, 0x3b, 0x3a, 0xb9, 0x7b, 0x3f, 0x80, 0x5f, 0x29, 0x40,
  0xab, 0x6d, 0x7a, 0x3e, 0xb4, 0xe4, 0x69, 0x40, 0x87, 0xc6, 0x6f, 0x40,
  0x9a, 0xde, 0x33, 0x3e, 0xef, 0x63, 0x02, 0x3f, 0xcc, 0xd6, 0xa0, 0x3f,
  0x0a, 0xfa, 0x77, 0xc0, 0xeb, 0x3d, 0x94, 0xc0, 0x2c, 0x43, 0xb5, 0xbf,
  0x43, 0xde, 0xe6, 0xbe, 0x91, 0x1e, 0x8c, 0x3f, 0x8f, 0x1d, 0xe7, 0x3f,
  0x6c, 0x27, 0xe3, 0x3f, 0x37, 0x9f, 0x80, 0xbe, 0x57, 0xfb, 0x88, 0xbe,
  0x3b, 0x75, 0x9d, 0xbf, 0x2d, 0x35, 0x79, 0xc0, 0x75, 0x7d, 0x81, 0xbe,
  0x98, 0x73, 0x88, 0x3f, 0x79, 0x2a, 0xcb, 0x3f, 0x39, 0x89, 0x0a, 0x3f,
  0xd0, 0x4e, 0xe1, 0x3f, 0x90, 0xa5, 0x96, 0xbe, 0xfe, 0xb3, 0x95, 0x3e,
  0xd1, 0x47, 0x7f, 0x3f, 0xf6, 0xd8, 0x86, 0xc0, 0x0b, 0xea, 0xca, 0x3e,
  0xfa, 0x4e, 0xa7, 0x3f, 0xc7, 0x5f, 0x90, 0x3e, 0x59, 0x8d, 0x8b, 0xbf,
  0xcf, 0x47, 0x28, 0xc0, 0x0b, 0xf9, 0xd7, 0xbd, 0x52, 0xfe, 0xdc, 0xbf,
  0x95, 0xab, 0xf0, 0xbf, 0xde, 0x8d, 0x47, 0x40, 0x50, 0x6c, 0x07, 0xbe,
  0x08, 0x33, 0x27, 0xbf, 0x5c, 0x8b, 0x15, 0xbf, 0x20, 0x29, 0xfc, 0x3f,
  0xa2, 0xa0, 0x13, 0xc0, 0x70, 0x10, 0x6e, 0x3f, 0x54, 0x6f, 0x0b, 0x40,
  0xcc, 0x4b, 0xb5, 0x3e, 0xc2, 0xea, 0x91, 0xc0, 0x9c, 0x46, 0xff, 0xbe,
  0x0f, 0xf6, 0xa9, 0xbf, 0x5f, 0x9f, 0x82, 0x3d, 0x18, 0x82, 0x7f, 0x3f,
  0x76, 0x6f, 0x15, 0xbf, 0x06, 0x95, 0xda, 0x3f, 0x9c, 0x60, 0xca, 0x3f,
  0xc0, 0xd5, 0x1c, 0xc0, 0xe6, 0x0a, 0x8d, 0xbf, 0xaa, 0xb0, 0x84, 0xc0,
  0xed, 0xe4, 0x7b, 0x3f, 0x72, 0xcf, 0x17, 0x3f, 0x94, 0xfc, 0xc3, 0xbe,
  0xd8, 0xd8, 0x1e, 0x40, 0x3b, 0xc3, 0x84, 0x3e, 0x3c, 0x4d, 0xea, 0x3f,
  0xcc, 0xb0, 0xc2, 0x3e, 0xdd, 0x9b, 0xad, 0xbf, 0x95, 0x75, 0xa0, 0x3f,
  0x91, 0x30, 0x83, 0x3f, 0xf8, 0x97, 0x8d, 0x40, 0x02, 0x88, 0x50, 0x3f,
  0xd8, 0xfa, 0xa1, 0xbf, 0x9a, 0xb9, 0xba, 0xbe, 0x89, 0xe3, 0x55, 0x40,
  0x88, 0xd5, 0x74, 0x40, 0x14, 0x6c, 0x3c, 0xbf, 0x81, 0x9e, 0x59, 0x3d,
  0xf6, 0x04, 0xcc, 0x3f, 0xdd, 0x54, 0xb9, 0x3e, 0x3c, 0x36, 0x3b, 0x3f,
  0x48, 0x6c, 0x9f, 0xbf, 0xeb, 0x28, 0x04, 0xc0, 0x96, 0x17, 0x1e, 0xc0,
  0xad, 0x6e, 0x1c, 0x3f, 0x72, 0x34, 0x69, 0xc0, 0x50, 0x39, 0x93, 0xbf,
  0xa0, 0x6b, 0xea, 0xbe, 0x54, 0x71, 0xf3, 0xbf, 0xbb, 0xf7, 0x64, 0x3f,
  0x0c, 0x9d, 0x93, 0xbf, 0x3e, 0x93, 0xcd, 0x3f, 0x3c, 0x45, 0x0e, 0xc0,
  0xbd, 0x27, 0x35, 0xbf, 0x39, 0x5f, 0x8b, 0xbf, 0xbb, 0x83, 0x89, 0x3f,
  0xf9, 0x31, 0x4d, 0xc0, 0xd1, 0x3a, 0x23, 0xc0, 0xbc, 0x6c, 0x37, 0xc0,
  0xcf, 0x2c, 0x1d, 0xc0, 0x98, 0xcc, 0x21, 0xbe, 0x76, 0x64, 0x03, 0xbf,
  0xd9, 0xc1, 0x32, 0xc0, 0x00, 0x41, 0x7a, 0x3e, 0x9f, 0x7d, 0xaa, 0x3f,
  0x7f, 0xb4, 0x81, 0xbf, 0xb5, 0x41, 0x88, 0xc0, 0x4d, 0xe4, 0x42, 0xc0,
  0x12, 0xe6, 0x70, 0xc0, 0xe0, 0x41, 0xa7, 0x3f, 0x80, 0x3d, 0x35, 0xc0,
  0x53, 0x16, 0x87, 0x3f, 0x42, 0x64, 0x86, 0x3f, 0xe6, 0x89, 0xc4, 0xbf,
  0xe5, 0xc9, 0xfa, 0x40, 0x7f, 0xe0, 0xf7, 0x3e, 0x82, 0xfa, 0xb0, 0x3f,
  0x1a, 0xea, 0xb9, 0xbf, 0x73, 0xe9, 0xd4, 0xbf, 0x77, 0xb4, 0x39, 0xbe,
  0xf1, 0xb7, 0x93, 0x3f, 0xa5, 0x90, 0xd0, 0x3e, 0x49, 0x94, 0x37, 0xc0,
  0xc4, 0x24, 0x8b, 0xbf, 0xbf, 0x4a, 0x1b, 0xc0, 0xed, 0x3e, 0x69, 0xc0,
  0xe5, 0x5d, 0xb4, 0x3e, 0xba, 0xb0, 0xbb, 0xbf, 0xd0, 0xa9, 0xfa, 0x3f,
  0xd7, 0x8a, 0x2e, 0xc0, 0xe6, 0xe7, 0x13, 0xbf, 0x45, 0x82, 0x08, 0x3f,
  0xdf, 0x23, 0xa6, 0xbe, 0xbf, 0xa7, 0x9b, 0xbe, 0xdd, 0xaa, 0x4e, 0xc0,
  0x20, 0x57, 0x87, 0xc0, 0x3b, 0x0d, 0x26, 0x40, 0x1f, 0x1c, 0x02, 0x40,
  0x6a, 0xf3, 0x9d, 0x3f, 0x80, 0x84, 0xaa, 0xc0, 0xe5, 0x18, 0x89, 0xbf,
  0x6e, 0x01, 0x79, 0xc0, 0x15, 0x2b, 0xc1, 0x3f, 0xc9, 0xf3, 0xe9, 0x3d,
  0x40, 0x07, 0x86, 0x3e, 0x0d, 0x4e, 0x24, 0x40, 0xf6, 0xb9, 0x1b, 0xbf,
  0x32, 0xcd, 0x16, 0xc0, 0xe2, 0xc4, 0x25, 0x3e, 0xd3, 0x7b, 0xa0, 0x3d,
  0x92, 0xf8, 0x21, 0xbf, 0x76, 0x3c, 0x85, 0x3f, 0xe4, 0x0c, 0x36, 0xbe,
  0x67, 0xe8, 0x8c, 0xc0, 0x03, 0x20, 0x36, 0x40, 0x78, 0x85, 0x48, 0xc0,
  0x37, 0x60, 0x84, 0xbe, 0x34, 0xd1, 0xe1, 0xbf, 0x70, 0x5a, 0x32, 0xc0,
  0xda, 0xf3, 0xdc, 0x3f, 0xbb, 0xbf, 0xa0, 0xbf, 0xa5, 0x8d, 0xcf, 0xbf,
  0x69, 0xd5, 0xe3, 0x3e, 0x3b, 0x57, 0x00, 0xc0, 0xbe, 0x9d, 0xb1, 0x3c,
  0x2b, 0x62, 0xd3, 0xbf, 0x3e, 0xa7, 0x13, 0x40, 0xbb, 0xe1, 0x57, 0xc0,
  0xaf, 0x13, 0x26, 0xbf, 0x0c, 0xbf, 0x85, 0x3f, 0xdb, 0x9a, 0x88, 0x3f,
  0xc4, 0xa2, 0xdf, 0x3e, 0x50, 0x1e, 0x56, 0x40, 0xa5, 0x63, 0x2d, 0x40,
  0xe2, 0x74, 0xf9, 0xbf, 0x32, 0x11, 0x08, 0xbf, 0xb5, 0x18, 0xf3, 0xbf,
  0x40, 0x9f, 0x57, 0x3f, 0x6a, 0xf0, 0xbb, 0xbf, 0xa4, 0xe3, 0xd6, 0x3f,
  0xda, 0x56, 0xff, 0xbe, 0x43, 0x49, 0x8c, 0x3f, 0x46, 0x1d, 0xc5, 0x3f,
  0xe6, 0x87, 0x6b, 0xc0, 0xc0, 0x96, 0x0b, 0xbf, 0xc0, 0x0d, 0x05, 0xc0,
  0x4e, 0x13, 0x31, 0xbf, 0x8d, 0xda, 0x47, 0x3f, 0xb6, 0xe1, 0x1a, 0xc0,
  0x5d, 0x90, 0x98, 0x3d, 0xfd, 0x30, 0x57, 0x3d, 0x20, 0x27, 0x8c, 0x40,
  0x7e, 0x01, 0x8b, 0x3f, 0x89, 0x91, 0x16, 0x40, 0x2c, 0x46, 0x7b, 0x3f,
  0xaa, 0x03, 0xca, 0x3f, 0x1c, 0x66, 0x9d, 0x3f, 0x81, 0xad, 0x09, 0x40,
  0x65, 0xdd, 0x07, 0x40, 0x5a, 0xcc, 0x06, 0xbe, 0xa1, 0x35, 0xdd, 0xbf,
  0x9e, 0x3f, 0x2d, 0xc0, 0x4c, 0x7c, 0xe1, 0xbf, 0xec, 0x9e, 0x8a, 0x40,
  0xb0, 0x9f, 0xc6, 0xbd, 0x74, 0x8f, 0x8a, 0x40, 0xdb, 0x75, 0x8b, 0x3f,
  0x50, 0xe5, 0x75, 0xbe, 0xb1, 0x75, 0x81, 0x3f, 0x25, 0xc7, 0xcc, 0x3e,
  0x79, 0xa3, 0x4c, 0xc0, 0x32, 0xf3, 0x33, 0xc0, 0x35, 0x3b, 0x1d, 0x3f,
  0x6b, 0x6a, 0x27, 0xc0, 0x5f, 0xe3, 0xb8, 0x3f, 0x81, 0x0c, 0x09, 0xbf,
  0x00, 0x8d, 0x70, 0xbf, 0x72, 0x20, 0xe2, 0xbf, 0x2f, 0xf5, 0x05, 0x40,
  0xfe, 0x11, 0xbd, 0x3f, 0x54, 0x31, 0x13, 0x3f, 0x90, 0x08, 0xd8, 0xbf,
  0xd5, 0x3f, 0x32, 0xbf, 0xbb, 0xaf, 0x81, 0x3f, 0x72, 0x91, 0x20, 0x3f,
  0x79, 0xfd, 0x79, 0xbf, 0x06, 0xa7, 0x05, 0xc0, 0xf8, 0x22, 0x48, 0xc0,
  0x12, 0xde, 0x8c, 0xc0, 0xae, 0x10, 0xcf, 0x3e, 0x18, 0x01, 0xa2, 0xbe,
  0x62, 0xff, 0x26, 0x40, 0x37, 0xfd, 0x24, 0x3e, 0xa5, 0x48, 0x0a, 0xc0,
  0x6e, 0x20, 0xc2, 0x3f, 0x14, 0xd6, 0xdc, 0xbd, 0x3c, 0xe2, 0xaf, 0xbf,
  0x7d, 0xfe, 0x1c, 0x40, 0x21, 0xcf, 0xb3, 0xbf, 0x83, 0xb9, 0x0f, 0xc0,
  0xe1, 0x4f, 0xd8, 0x3f, 0x0d, 0x8a, 0xe1, 0x3f, 0x9f, 0x1f, 0xbd, 0xbe,
  0x67, 0x35, 0x3c, 0x3d, 0x8e, 0x1b, 0x74, 0x3f, 0x9f, 0x53, 0xd6, 0xbe,
  0xdd, 0x9f, 0xc3, 0x3d, 0x55, 0xdd, 0x4a, 0xbd, 0xe7, 0x34, 0x57, 0xc0,
  0x68, 0xe4, 0xf1, 0x3e, 0x41, 0x1f, 0xae, 0x3e, 0xcb, 0xce, 0x8e, 0x3c,
  0xc6, 0xcf, 0x9e, 0xbf, 0xec, 0x21, 0x9b, 0xbf, 0x4a, 0x79, 0x88, 0xc0,
  0x56, 0xaf, 0xb2, 0xbc, 0x60, 0xe4, 0x16, 0x3e, 0xe0, 0xcc, 0xd7, 0xbf,
  0xcb, 0xd4, 0x27, 0x3f, 0xf8, 0xc9, 0x61, 0xc0, 0x41, 0xf7, 0x93, 0xbf,
  0x6c, 0x84, 0x85, 0x40, 0x54, 0xb5, 0x83, 0x3f, 0x4b, 0x79, 0xfa, 0x3f,
  0xd9, 0x30, 0x62, 0x40, 0xaa, 0xa7, 0xd3, 0x3f, 0x97, 0xff, 0xf7, 0x3d,
  0x75, 0xee, 0xc1, 0x3f, 0x93, 0x82, 0x45, 0xbe, 0xb3, 0x82, 0xc0, 0x3f,
  0x63, 0x3f, 0x83, 0xc0, 0x35, 0x2d, 0xd1, 0xbc, 0x5a, 0xfa, 0x9c, 0xbf,
  0x15, 0x82, 0x91, 0xbf, 0x37, 0x66, 0x08, 0xc0, 0x69, 0x1e, 0x11, 0xc0,
  0xda, 0xcc, 0xd3, 0x3e, 0x8f, 0x88, 0xa3, 0x3f, 0xda, 0x64, 0xad, 0xbf,
  0x57, 0xa6, 0xa7, 0x3f, 0x6d, 0xa0, 0x04, 0xc0, 0xec, 0xb1, 0xab, 0xbf,
  0xc0, 0x48, 0xb2, 0xbf, 0x2e, 0xc9, 0x0d, 0xc0, 0xe8, 0xc4, 0xf6, 0x3f,
  0xed, 0x48, 0xc8, 0xbd, 0x51, 0x3f, 0x3b, 0x40, 0x68, 0x40, 0x88, 0x3f,
  0x06, 0xe0, 0x96, 0xbf, 0x30, 0x7e, 0x2b, 0xbf, 0x02, 0x71, 0xe0, 0x3f,
  0x83, 0xa5, 0x90, 0x3e, 0x61, 0x1f, 0xac, 0x3f, 0x06, 0xa2, 0x0e, 0xbf,
  0x77, 0x68, 0xc3, 0xbf, 0x28, 0x81, 0x08, 0x3f, 0x15, 0x9a, 0x94, 0xbf,
  0x8a, 0x38, 0xa6, 0xbf, 0x02, 0x66, 0xd7, 0x3e, 0x58, 0x22, 0xa3, 0xbf,
  0x0c, 0x27, 0x18, 0xc0, 0x2e, 0xe6, 0x8b, 0x40, 0xbc, 0xd0, 0x00, 0x3e,
  0x91, 0x73, 0xa8, 0x3f, 0x13, 0x60, 0x54, 0xbf, 0x7b, 0x98, 0x36, 0x3f,
  0xb9, 0xc2, 0xee, 0x3f, 0x53, 0x55, 0x22, 0x40, 0xe6, 0x95, 0x8b, 0x3f,
  0x19, 0x57, 0x5b, 0x40, 0x8a, 0xb2, 0x4c, 0xc0, 0x7c, 0x26, 0xb5, 0x3f,
  0xd3, 0xf1, 0xe9, 0x3f, 0x48, 0x00, 0xbe, 0x3d, 0xf0, 0x2f, 0xba, 0xbf,
  0x82, 0x23, 0x9e, 0x3e, 0xa5, 0xb4, 0xf0, 0xbd, 0xe9, 0x2c, 0x02, 0xbd,
  0x32, 0xfb, 0xfd, 0xc0, 0xb3, 0x00, 0xec, 0x3d, 0xbc, 0xdd, 0xb0, 0xbf,
  0x16, 0xbb, 0x4b, 0x40, 0x92, 0x05, 0x87, 0x3f, 0x55, 0x4e, 0x8f, 0xbf,
  0x99, 0xb5, 0x00, 0xc0, 0xfe, 0x1e, 0x99, 0xc0, 0x90, 0xd0, 0xa6, 0xbf,
  0x43, 0x57, 0x5c, 0xbf, 0x2f, 0xc8, 0x01, 0x3d, 0x47, 0xc7, 0x4b, 0xbf,
  0x61, 0x6d, 0x07, 0xbf, 0x76, 0x94, 0xc4, 0xc0, 0x86, 0x89, 0x4f, 0x40,
  0x4b, 0x67, 0xff, 0xbf, 0x77, 0xe9, 0x97, 0xbf, 0x3d, 0xd6, 0x72, 0xbf,
  0xbc, 0x85, 0x66, 0x3f, 0x55, 0x40, 0x03, 0x3f, 0xd2, 0x67, 0xba, 0xbe,
  0xb4, 0x6a, 0x3e, 0xc0, 0xc7, 0xf0, 0x15, 0x3f, 0x45, 0xb6, 0x19, 0x3e,
  0xe9, 0x65, 0x3b, 0x3f, 0x56, 0x75, 0x38, 0xbe, 0x9e, 0x08, 0x7a, 0xc0,
  0x43, 0x90, 0x4b, 0xbf, 0x1d, 0xcf, 0xa4, 0x3f, 0xaf, 0x69, 0x30, 0xc0,
  0x8c, 0xdf, 0x34, 0x3f, 0xfb, 0x74, 0x61, 0x3f, 0x2a, 0x0a, 0x0a, 0xc0,
  0x3f, 0xbd, 0x2f, 0xbf, 0x2b, 0x49, 0x03, 0xc0, 0x2d, 0x7f, 0x31, 0x40,
  0x65, 0xe5, 0x9d, 0x3f, 0xe7, 0x19, 0x27, 0x40, 0x4a, 0xe0, 0x90, 0x3e,
  0x56, 0x02, 0x8c, 0xbf, 0xa3, 0x88, 0xac, 0xbe, 0x47, 0x8e, 0xa3, 0xbf,
  0x1e, 0x15, 0x10, 0x3e, 0x48, 0x84, 0xe6, 0x3f, 0xc6, 0x97, 0xf6, 0xbe,
  0x51, 0x86, 0x49, 0x3f, 0x22, 0x7a, 0x37, 0x40, 0x94, 0xa6, 0x52, 0x3e,
  0x4f, 0xdb, 0xa5, 0x3f, 0x2a, 0xcb, 0x4e, 0x3e, 0x8e, 0x08, 0x32, 0xc0,
  0x77, 0x6f, 0x03, 0xc0, 0x1e, 0xf0, 0xb5, 0xc0, 0xc2, 0x6f, 0xd4, 0xbf,
  0x2d, 0x02, 0x86, 0xbe, 0xaf, 0x41, 0x57, 0xbb, 0x71, 0x9c, 0x00, 0x40,
  0x43, 0x3d, 0xc3, 0x3f, 0x18, 0x76, 0x32, 0xbf, 0xb4, 0x30, 0x5e, 0xbd,
  0xdf, 0x0e, 0x15, 0x40, 0x14, 0xe1, 0x13, 0x40, 0xe3, 0x5b, 0xbf, 0xbe,
  0x01, 0xa7, 0xb6, 0xbd, 0x53, 0x19, 0x26, 0x3f, 0xb1, 0x6d, 0x42, 0xc0,
  0xfa, 0xba, 0x25, 0xbf, 0xa7, 0xe9, 0xd3, 0x3f, 0x5f, 0xcd, 0xce, 0x3e,
  0x67, 0x57, 0xda, 0xbf, 0x56, 0x91, 0x79, 0xbf, 0x35, 0x19, 0x3a, 0xbf,
  0xf3, 0x1d, 0x8e, 0xbf, 0xf8, 0x36, 0x86, 0xbf, 0xd2, 0x4a, 0x30, 0x40,
  0xa1, 0x39, 0x9d, 0x3e, 0xd5, 0x11, 0x21, 0xbf, 0x05, 0xb4, 0x10, 0xbf,
  0xfa, 0xd0, 0xb7, 0xbf, 0x6d, 0x8e, 0xd6, 0xc0, 0xf7, 0x5a, 0x07, 0x3f,
  0xc0, 0x5b, 0xc8, 0x3f, 0x8c, 0xe0, 0x95, 0xbf, 0x81, 0xf0, 0xaf, 0x3f,
  0xdd, 0xc6, 0x81, 0x3e, 0x40, 0xee, 0x13, 0xbf, 0x8d, 0xa7, 0x28, 0xbe,
  0xe3, 0x92, 0x27, 0x40, 0x34, 0xfa, 0x63, 0xc0, 0x2f, 0xbb, 0x76, 0xc0,
  0x4f, 0xc4, 0xa5, 0xbf, 0x92, 0x29, 0xe2, 0x3f, 0x40, 0x53, 0xd3, 0x3e,
  0x34, 0x1a, 0x7f, 0x3f, 0x5b, 0x14, 0x89, 0x3f, 0xda, 0x13, 0xad, 0x3d,
  0x3c, 0x5a, 0xd3, 0x3f, 0xa2, 0xae, 0x41, 0x40, 0x84, 0xaa, 0x4d, 0x3e,
  0x02, 0xa1, 0xa5, 0x3e, 0x69, 0xc6, 0x02, 0xbf, 0x33, 0x12, 0x8f, 0x3f,
  0xcd, 0xcc, 0x51, 0xbf, 0xe9, 0x59, 0xe6, 0x3f, 0x8b, 0x77, 0x5e, 0x3e,
  0xc2, 0x94, 0xcc, 0xbe, 0x17, 0x3e, 0xd8, 0xbf, 0x21, 0x57, 0xc7, 0x40,
  0xcd, 0x6b, 0x08, 0xc0, 0xdf, 0x6d, 0x89, 0xbf, 0xa6, 0x37, 0xa1, 0xbf,
  0x5b, 0xc6, 0x8e, 0x40, 0x72, 0x68, 0x77, 0x40, 0xe5, 0x2b, 0xfe, 0x3f,
  0x24, 0xbc, 0x16, 0xc0, 0x44, 0x60, 0x84, 0xc0, 0x3e, 0x12, 0x2f, 0x40,
  0x82, 0xf8, 0x98, 0xbf, 0xdf, 0x20, 0x7c, 0x3f, 0xe0, 0x57, 0xc9, 0xbf,
  0x52, 0x34, 0x53, 0x40, 0xb7, 0x5d, 0x72, 0x3d, 0x02, 0x98, 0x1e, 0xc0,
  0xed, 0x2b, 0xec, 0x3c, 0x02, 0x78, 0x19, 0xc0, 0x39, 0x74, 0xba, 0x3f,
  0x6f, 0x2c, 0x09, 0x40, 0xbc, 0xb6, 0x62, 0xbf, 0x6c, 0xaf, 0xfd, 0x3f,
  0x16, 0xa1, 0x35, 0x3f, 0x69, 0xde, 0x12, 0xbf, 0xaa, 0x72, 0x01, 0xc0,
  0x58, 0x53, 0x4f, 0xc0, 0x70, 0x17, 0x27, 0x3f, 0x26, 0xa5, 0xb0, 0xbe,
  0xc5, 0x20, 0x79, 0x3f, 0x78, 0xb5, 0xbc, 0x3f, 0x2a, 0x35, 0x41, 0x3f,
  0x98, 0xdb, 0xee, 0xbe, 0x87, 0xa5, 0xcd, 0xbf, 0x38, 0xbd, 0xfc, 0xbe,
  0xf1, 0xd0, 0x0a, 0x40, 0xf7, 0x9c, 0x07, 0x40, 0x11, 0xf0, 0x32, 0xc0,
  0xbf, 0xd0, 0x24, 0x40, 0x02, 0x25, 0x4d, 0x3f, 0x33, 0x8c, 0x0b, 0xc0,
  0x31, 0xc2, 0x88, 0xbf, 0x6e, 0x00, 0x9f, 0xbf, 0x09, 0x10, 0x3d, 0x3d,
  0x6f, 0xa9, 0x52, 0xbf, 0xde, 0xb4, 0x04, 0xbf, 0x8b, 0xfb, 0x28, 0xc0,
  0x0d, 0xb2, 0x02, 0xc0, 0x86, 0x28, 0x44, 0xc0, 0xe2, 0x02, 0xa1, 0x3f,
  0x49, 0x9e, 0xcf, 0x3f, 0xff, 0x65, 0xbb, 0xbe, 0x8b, 0x39, 0x98, 0xbf,
  0x8e, 0x59, 0xe9, 0x3e, 0x57, 0xcb, 0x76, 0xbf, 0xf2, 0x6c, 0xed, 0xbf,
  0xfb, 0x0c, 0x9a, 0x3e, 0xa5, 0x49, 0xb9, 0x3f, 0x5a, 0x6f, 0x29, 0x3f,
  0xd0, 0xe5, 0xc0, 0x3f, 0xfe, 0x41, 0x8a, 0x3f, 0x73, 0x05, 0x5c, 0x3e,
  0x1a, 0xfb, 0xb4, 0xc0, 0x4e, 0xe1, 0xd0, 0x3f, 0x35, 0x99, 0x0e, 0xc0,
  0xb1, 0xdb, 0xc2, 0xbf, 0x25, 0xcf, 0x84, 0xc0, 0x77, 0xa4, 0x19, 0x3f,
  0x11, 0x95, 0xd9, 0xbf, 0x94, 0xe3, 0x4d, 0xc0, 0x21, 0x0e, 0x90, 0x3f,
  0x98, 0x47, 0x89, 0x3e, 0x0c, 0x4a, 0x25, 0x3f, 0x75, 0x66, 0xaa, 0xc0,
  0x4c, 0x75, 0x15, 0x40, 0xe5, 0xdb, 0xa5, 0xbe, 0x9b, 0x39, 0x4c, 0x3f,
  0xf4, 0xe4, 0x2c, 0x3f, 0xfd, 0xf1, 0xdc, 0xc0, 0xcb, 0xae, 0x30, 0x40,
  0x4c, 0x7c, 0x0e, 0xbf, 0x16, 0x92, 0xa7, 0xbf, 0x39, 0x7e, 0x65, 0xc0,
  0x31, 0x79, 0x40, 0x40, 0x35, 0x2e, 0x12, 0xc0, 0xd5, 0x83, 0x35, 0xc0,
  0x65, 0x8c, 0x79, 0x40, 0x9e, 0x30, 0x7c, 0xbf, 0x6d, 0xb2, 0x5e, 0x3e,
  0x39, 0x23, 0x44, 0x3f, 0xbb, 0xfe, 0x4e, 0xbf, 0x1c, 0x23, 0x5d, 0x3f,
  0xa9, 0x5b, 0x32, 0xbf, 0x61, 0x4c, 0x61, 0x3f, 0xb8, 0xa9, 0xe0, 0x3f,
  0x12, 0xd9, 0xbf, 0xc0, 0x5f, 0xa8, 0xc4, 0xc0, 0x51, 0xa8, 0x99, 0x3f,
  0x4f, 0x24, 0x06, 0x40, 0x28, 0x34, 0x8a, 0xbf, 0xb7, 0xa0, 0x95, 0xbf,
  0xcf, 0xd9, 0x2f, 0x40, 0xbf, 0x43, 0x4e, 0x40, 0xf5, 0x46, 0xa2, 0x3f,
  0x43, 0xb9, 0x56, 0xbf, 0x8c, 0x73, 0x41, 0xc0, 0x51, 0xcf, 0xa7, 0xc0,
  0x1e, 0xa4, 0xb6, 0xbf, 0xd2, 0xbf, 0x9b, 0xbf, 0x09, 0x6b, 0x43, 0x3f,
  0xb1, 0x5a, 0x88, 0xbf, 0x9f, 0x0c, 0x43, 0x3e, 0xa8, 0xc7, 0x05, 0xc0,
  0xb9, 0x29, 0xe1, 0xbf, 0x54, 0x7e, 0x57, 0x3f, 0xc7, 0x6d, 0x42, 0x40,
  0xf3, 0x98, 0xe6, 0xbf, 0xbd, 0x35, 0x3d, 0xbf, 0x18, 0x72, 0xf7, 0xbe,
  0xef, 0x2c, 0x46, 0x40, 0xde, 0x44, 0x40, 0xc0, 0xbd, 0x8b, 0x81, 0x3f,
  0x49, 0x8e, 0xe9, 0x3e, 0x77, 0x48, 0xb9, 0x3f, 0x5c, 0xcc, 0x0a, 0xc0,
  0x21, 0xc9, 0x73, 0xbf, 0xd2, 0xc6, 0x49, 0xbf, 0x67, 0x42, 0x90, 0x3f,
  0x81, 0x32, 0x90, 0x3f, 0xc1, 0x9b, 0xad, 0x3f, 0xd9, 0xe6, 0x55, 0xbe,
  0x5b, 0x6a, 0x0c, 0x3f, 0xe5, 0xcf, 0x4d, 0xc0, 0xe2, 0xe4, 0xb8, 0xbf,
  0x6c, 0xaf, 0x46, 0xbf, 0x9f, 0x01, 0x7a, 0x3f, 0x5e, 0x62, 0xad, 0x3e,
  0x35, 0x5e, 0xc7, 0xbe, 0x19, 0x71, 0x5b, 0x40, 0x57, 0x49, 0x27, 0x3f,
  0x18, 0x26, 0x87, 0xbf, 0xce, 0x5e, 0x2e, 0xbf, 0x16, 0xfe, 0x85, 0xbf,
  0x89, 0x67, 0x32, 0xbf, 0x76, 0xe4, 0x69, 0x3f, 0xc4, 0x2c, 0x33, 0x3a,
  0x5e, 0x8e, 0x2e, 0x3f, 0x20, 0x36, 0x77, 0xc0, 0xec, 0x5f, 0xe7, 0xbf,
  0x85, 0xaf, 0x68, 0x3f, 0x69, 0x32, 0xce, 0xbf, 0xe8, 0x87, 0x28, 0xc0,
  0xf5, 0x9f, 0x38, 0x3f, 0x1e, 0x96, 0x34, 0xc0, 0x2b, 0xe1, 0xb9, 0xbe,
  0x78, 0x1e, 0x6d, 0xbf, 0x9a, 0x1f, 0x02, 0xc0, 0x7a, 0x74, 0x30, 0x40,
  0x2e, 0xb0, 0x36, 0x40, 0x6c, 0x41, 0x81, 0x3f, 0xcf, 0xe4, 0x46, 0x3f,
  0x1b, 0x78, 0x01, 0x40, 0x8f, 0x77, 0xf1, 0x3f, 0x6a, 0xa0, 0x69, 0x3f,
  0x63, 0xd7, 0xfa, 0xbf, 0x8f, 0xa7, 0x49, 0xbf, 0xf3, 0xf2, 0xf2, 0xbf,
  0x13, 0x99, 0x24, 0xc0, 0xf3, 0x05, 0x98, 0x3f, 0xe9, 0x25, 0xcc, 0xbf,
  0x95, 0x52, 0xdf, 0x3f, 0xb3, 0x48, 0x44, 0x40, 0x5f, 0xf8, 0xcc, 0xbe,
  0x78, 0x4e, 0x91, 0x40, 0x6a, 0x24, 0x95, 0xbf, 0xd9, 0x75, 0xdc, 0xbf,
  0x50, 0x1a, 0x0a, 0x3f, 0xa8, 0x57, 0xcb, 0x3f, 0xb6, 0x47, 0x9c, 0x3e,
  0xd4, 0x33, 0x98, 0xbf, 0xd9, 0xd4, 0x15, 0x40, 0x31, 0x92, 0x0e, 0x40,
  0xbd, 0x39, 0xe9, 0x3e, 0xfe, 0xc7, 0xad, 0x3e, 0x02, 0xc9, 0x41, 0x40,
  0xdc, 0x4e, 0x36, 0xc0, 0x0a, 0x36, 0xc6, 0xbe, 0xd1, 0x14, 0xa0, 0xbf,
  0xa0, 0x29, 0xc7, 0x3f, 0x04, 0x7a, 0x28, 0x40, 0x48, 0x29, 0x59, 0xc0,
  0xa3, 0x02, 0x5a, 0xbf, 0x32, 0x78, 0xde, 0x3f, 0xc5, 0x89, 0x4b, 0x3f,
  0x1c, 0x32, 0x79, 0xc0, 0x20, 0xc6, 0x5d, 0xbf, 0x55, 0x02, 0x32, 0x40,
  0x3b, 0x54, 0x95, 0xbf, 0xef, 0xdc, 0x5c, 0x40, 0x1d, 0x7f, 0xe5, 0xbf,
  0x85, 0x10, 0xda, 0x3f, 0x2d, 0x4f, 0x01, 0x40, 0xb0, 0x39, 0x09, 0xbf,
  0xee, 0x4f, 0x41, 0x3f, 0x3f, 0xf7, 0xb4, 0x3f, 0xcc, 0x84, 0x0d, 0x3f,
  0x0b, 0xee, 0x0d, 0x40, 0xf2, 0xbb, 0x76, 0xbf, 0x5a, 0x97, 0x3b, 0xbf,
  0x06, 0x48, 0x2c, 0xc0, 0xc5, 0x48, 0xb2, 0x3f, 0x08, 0x8f, 0xc3, 0xbf,
  0xaf, 0x8e, 0x4c, 0xbf, 0x77, 0x02, 0x5f, 0x3f, 0x27, 0x76, 0xd3, 0xbf,
  0x7d, 0x69, 0xc2, 0x3f, 0x26, 0xf8, 0xf5, 0xbf, 0x45, 0x0e, 0x2f, 0x3e,
  0x4d, 0xcf, 0x2e, 0xc0, 0x31, 0x3c, 0x98, 0xbf, 0x59, 0x2b, 0x3d, 0x3f,
  0xb2, 0xfb, 0x8d, 0xc0, 0x0f, 0xea, 0xf4, 0xbf, 0x04, 0xc3, 0xb0, 0x3f,
  0xe7, 0x8d, 0xf5, 0xc0, 0x2b, 0x86, 0x39, 0xbf, 0x64, 0x34, 0x4d, 0xbf,
  0x4f, 0x52, 0x31, 0xc0, 0x7d, 0xf3, 0x34, 0xbf, 0x26, 0xc3, 0x7e, 0x40,
  0xc1, 0x04, 0x8a, 0xc0, 0x51, 0x41, 0x84, 0xbf, 0xe5, 0xb6, 0xae, 0x3f,
  0xd2, 0xa8, 0xf4, 0xbd, 0x49, 0xb1, 0x14, 0x3f, 0x7f, 0xd9, 0xc1, 0xbf,
  0x73, 0x87, 0x97, 0x3e, 0xcb, 0x00, 0x79, 0xbf, 0x23, 0x37, 0x52, 0xbf,
  0x5c, 0x0a, 0x39, 0x40, 0xbf, 0x74, 0xdc, 0xbf, 0x07, 0xc7, 0x12, 0x40,
  0x08, 0xc3, 0x38, 0x40, 0x3c, 0x18, 0x1a, 0x3f, 0xe9, 0xde, 0x84, 0xbe,
  0xfe, 0x4b, 0x17, 0x3f, 0x64, 0x43, 0x29, 0x3f, 0xd0, 0x64, 0xa8, 0x40,
  0x6a, 0x60, 0x44, 0xbd, 0xd9, 0xf6, 0xd1, 0x3f, 0x6f, 0xff, 0xb6, 0x3f,
  0xb8, 0x8c, 0x17, 0xc0, 0x79, 0x63, 0x01, 0xc0, 0x42, 0x86, 0xea, 0x3f,
  0x6a, 0xf6, 0xfe, 0xbf, 0x8f, 0x0c, 0xf3, 0x3e, 0x9c, 0x64, 0x67, 0xc0,
  0x9a, 0x43, 0xd0, 0xbd, 0x39, 0x4a, 0x6d, 0xbf, 0x49, 0xff, 0x33, 0x3f,
  0x2c, 0x6d, 0x49, 0xc0, 0x0f, 0x66, 0x98, 0xbe, 0xf7, 0x0b, 0x1f, 0x3f,
  0xd3, 0x39, 0x3a, 0x40, 0x7d, 0x54, 0x09, 0xc0, 0x42, 0x57, 0xab, 0x40,
  0xcf, 0x2a, 0x25, 0xbf, 0x5a, 0x52, 0x95, 0xbd, 0x22, 0xa1, 0xeb, 0xbe,
  0x2c, 0xd1, 0xa4, 0xbf, 0x57, 0x49, 0x60, 0x3f, 0x05, 0xe9, 0x10, 0xbf,
  0x48, 0xc7, 0x4d, 0xbd, 0xe7, 0x9a, 0x80, 0x3f, 0xcf, 0x2b, 0x99, 0xbf,
  0x61, 0x41, 0x5f, 0x3f, 0x03, 0x14, 0xb2, 0xbf, 0x2c, 0x90, 0x37, 0xbf,
  0xce, 0xd2, 0x1a, 0xc1, 0x37, 0xe2, 0xba, 0xbe, 0xed, 0x69, 0x0a, 0xc0,
  0xb1, 0xcf, 0x1d, 0xc1, 0xf5, 0x6c, 0xca, 0x3f, 0x12, 0x04, 0x6c, 0x3e,
  0x83, 0x42, 0xed, 0x3f, 0xdc, 0xd1, 0x05, 0xc0, 0xe9, 0xaa, 0xcb, 0xbf,
  0x98, 0xc8, 0x92, 0xbd, 0xd5, 0x8f, 0x17, 0x3e, 0xf5, 0x3f, 0x22, 0x3f,
  0x3a, 0xe2, 0xf6, 0xbe, 0x77, 0x4a, 0x99, 0x3e, 0x0b, 0x15, 0x2b, 0x41,
  0xcc, 0x8e, 0x14, 0x40, 0x71, 0x9c, 0x20, 0x3f, 0x70, 0x8d, 0x8f, 0x3f,
  0x9c, 0x91, 0xba, 0xbf, 0xbf, 0x07, 0x97, 0xbd, 0x39, 0xb4, 0x08, 0x40,
  0xb8, 0x00, 0xe5, 0x40, 0x79, 0xe0, 0x4a, 0x3f, 0x70, 0xde, 0x01, 0xbe,
  0x67, 0xc7, 0x5f, 0x3f, 0xd3, 0x0a, 0x34, 0xc0, 0xbd, 0x89, 0x97, 0xc0,
  0xf7, 0xdb, 0x6c, 0xbf, 0x46, 0x04, 0x4a, 0xbf, 0xa1, 0x77, 0x57, 0x3e,
  0x14, 0xaa, 0x16, 0x40, 0x8c, 0xe9, 0x8d, 0xbf, 0xef, 0xa4, 0x59, 0x3f,
  0xc0, 0xd7, 0x26, 0xc0, 0x89, 0x2c, 0x72, 0x40, 0x12, 0xb8, 0x5b, 0x3f,
  0x9f, 0x43, 0x23, 0xbf, 0xb9, 0x80, 0x8f, 0xbb, 0x15, 0xd3, 0x78, 0xc0,
  0xe9, 0xe7, 0x21, 0xc0, 0x75, 0x5f, 0x1f, 0xc0, 0x83, 0x28, 0x53, 0x3f,
  0xcf, 0x8c, 0x2e, 0x3e, 0x01, 0x59, 0xd6, 0xbf, 0x8c, 0x33, 0x1a, 0x3f,
  0x9b, 0x13, 0xf1, 0x3e, 0x65, 0xcb, 0x16, 0xc0, 0xe6, 0x02, 0xbb, 0xbf,
  0xfd, 0xf0, 0x0f, 0x40, 0x56, 0x2b, 0xb8, 0x3f, 0x93, 0x46, 0xa8, 0xbe,
  0xb5, 0xab, 0x90, 0xc0, 0x63, 0x22, 0x88, 0xc0, 0x46, 0x06, 0x69, 0xbf,
  0xa2, 0x12, 0x7b, 0xbf, 0xa2, 0xb8, 0x51, 0x3e, 0x73, 0x12, 0xad, 0xbf,
  0x19, 0xa1, 0xae, 0x3f, 0xdf, 0x26, 0xfe, 0x3f, 0x87, 0x9d, 0x8a, 0xbf,
  0x9d, 0xaa, 0xcd, 0xbf, 0x53, 0x10, 0x86, 0x3f, 0x15, 0x98, 0x7b, 0xbf,
  0x10, 0xa3, 0x6b, 0x3f, 0x01, 0x34, 0xf4, 0xbf, 0x29, 0x50, 0x2c, 0x40,
  0xf9, 0xe1, 0x4d, 0xc0, 0x60, 0x8a, 0xcc, 0xbf, 0x69, 0x67, 0x08, 0x40,
  0x5b, 0xf5, 0xd5, 0x3f, 0x62, 0x7f, 0xc5, 0x3e, 0x65, 0x42, 0x63, 0x3e,
  0x5d, 0xd9, 0x5a, 0x3e, 0x9f, 0x83, 0x28, 0x40, 0x1e, 0x89, 0xe1, 0xbf,
  0x3d, 0x30, 0x51, 0x3f, 0xf1, 0x69, 0x2f, 0x3f, 0x58, 0x66, 0x80, 0x40,
  0x96, 0xec, 0x8c, 0x3f, 0x55, 0x3b, 0x97, 0x40, 0x1e, 0x16, 0x95, 0xc0,
  0x77, 0xa3, 0xd4, 0xbe, 0x23, 0xd4, 0x53, 0x40, 0xfc, 0x9b, 0x00, 0x3d,
  0x65, 0x36, 0xc2, 0xbf, 0x51, 0x5a, 0xbf, 0x3f, 0xcc, 0x0e, 0xf7, 0xbf,
  0x83, 0x57, 0x49, 0xbf, 0x74, 0x51, 0xa2, 0xbe, 0x5d, 0xdd, 0x12, 0x40,
  0x5b, 0xa9, 0x0a, 0x40, 0x67, 0x03, 0x33, 0xc0, 0xcc, 0x50, 0x1d, 0x40,
  0xdf, 0xf9, 0x5c, 0x40, 0xa5, 0xa9, 0xac, 0xbf, 0x42, 0x20, 0x71, 0xbf,
  0x89, 0x2a, 0x01, 0x40, 0x70, 0x4b, 0x08, 0x40, 0x47, 0xee, 0x8c, 0xbe,
  0xd5, 0x44, 0x2f, 0x3f, 0x87, 0x6b, 0x35, 0xbf, 0x28, 0xc2, 0xcf, 0xbf,
  0x49, 0xa3, 0xc6, 0xbe, 0x66, 0x16, 0x10, 0x40, 0x21, 0x97, 0x79, 0xbe,
  0x7c, 0xb6, 0xe1, 0x3e, 0x48, 0xf8, 0x1d, 0x3e, 0xa3, 0x16, 0x0a, 0xbf,
  0x17, 0xfe, 0x4b, 0xbf, 0xa6, 0x3e, 0x02, 0x3f, 0xb6, 0x91, 0xe3, 0xbf,
  0x31, 0xfc, 0x9b, 0xbe, 0x99, 0xd6, 0x10, 0x40, 0xa5, 0xd1, 0x03, 0xbd,
  0x33, 0x4f, 0x72, 0xbf, 0x44, 0x80, 0xb0, 0x3f, 0x14, 0xde, 0xf6, 0xbe,
  0x3f, 0x3a, 0xd6, 0xbf, 0xe1, 0x64, 0xbb, 0x3f, 0x35, 0xea, 0xd6, 0xbe,
  0xe3, 0x84, 0xda, 0x3f, 0x15, 0x3b, 0xa9, 0x3f, 0x52, 0x61, 0x2e, 0x3f,
  0x92, 0xcd, 0x65, 0x3d, 0x15, 0x20, 0x44, 0xbf, 0xbf, 0xd6, 0xa9, 0xbf,
  0xff, 0x9b, 0xd9, 0x3f, 0xc6, 0xaf, 0x35, 0xbf, 0x3a, 0x8a, 0xe0, 0xc0,
  0xf2, 0xbc, 0xb3, 0xbf, 0x26, 0xd9, 0x44, 0xc0, 0x68, 0x50, 0x58, 0xc0,
  0x0d, 0x8f, 0x39, 0x3f, 0x7a, 0x07, 0xbf, 0xbf, 0xde, 0x86, 0xef, 0xbf,
  0xfe, 0x52, 0x4f, 0x40, 0x12, 0x3c, 0x2e, 0xbf, 0x4e, 0xa7, 0x78, 0xbf,
  0x98, 0x3d, 0x09, 0xc0, 0x71, 0xdb, 0x96, 0xbf, 0x53, 0xda, 0x72, 0x3f,
  0x9f, 0x10, 0xce, 0x3e, 0x3e, 0x08, 0xa8, 0x3f, 0x11, 0x73, 0x99, 0xbf,
  0x6d, 0xad, 0x11, 0xbf, 0x60, 0x06, 0x24, 0x3f, 0x1a, 0xa5, 0xaa, 0xbf,
  0x09, 0x40, 0x0d, 0xc0, 0x29, 0xf5, 0xac, 0x3f, 0x3a, 0x79, 0x08, 0x40,
  0xfc, 0xd3, 0xd6, 0xbf, 0x2d, 0x26, 0x2a, 0xc0, 0x27, 0xcd, 0xdc, 0x3f,
  0x36, 0x66, 0x86, 0xc0, 0xba, 0x02, 0x9c, 0xc0, 0x1e, 0xf4, 0x86, 0xbe,
  0x7e, 0x2f, 0x34, 0xbf, 0x19, 0x6f, 0x4c, 0xc0, 0xb9, 0x11, 0xda, 0x3f,
  0xad, 0xaa, 0x26, 0xbf, 0x9b, 0xf9, 0x92, 0xbf, 0xc0, 0x9d, 0xf4, 0xbf,
  0xc1, 0x85, 0x04, 0x40, 0xd7, 0x97, 0x53, 0x3f, 0x71, 0x04, 0x54, 0xbf,
  0xa0, 0x41, 0xe1, 0xbf, 0xcf, 0xee, 0x11, 0xc0, 0x01, 0x93, 0x17, 0x3c,
  0x39, 0x13, 0x91, 0x40, 0x5d, 0xf9, 0xb4, 0x3f, 0xb5, 0x5b, 0x31, 0xbf,
  0x0e, 0x80, 0x04, 0xc0, 0xb9, 0xc3, 0xde, 0x3f, 0xc6, 0x54, 0x01, 0xc0,
  0x27, 0x62, 0xd8, 0xc0, 0xdc, 0x53, 0x82, 0xbf, 0xc4, 0x02, 0x17, 0xc0,
  0x8d, 0x84, 0xc0, 0xbe, 0xda, 0xeb, 0x9b, 0xbf, 0xf1, 0x0c, 0xcd, 0x3f,
  0xff, 0xbb, 0xc9, 0x3f, 0x20, 0x25, 0x0d, 0xc0, 0x5f, 0xe9, 0x2e, 0x3f,
  0xdb, 0xd6, 0xed, 0xbf, 0x99, 0x4b, 0x04, 0xc0, 0xa5, 0x83, 0x80, 0xbf,
  0x7e, 0x18, 0x49, 0xc0, 0x69, 0x3c, 0x34, 0xbe, 0xcf, 0xde, 0x7e, 0x3f,
  0xe6, 0xcd, 0x10, 0xbf, 0x45, 0x88, 0xfa, 0xbf, 0xb4, 0x16, 0x4d, 0xbf,
  0x3c, 0xc4, 0x93, 0x40, 0x1d, 0x74, 0xaa, 0xbf, 0x48, 0x2e, 0x36, 0xbf,
  0x52, 0x29, 0x06, 0xc0, 0xce, 0xfe, 0x62, 0xbf, 0x14, 0xd5, 0xe0, 0x3d,
  0xfe, 0x75, 0x9b, 0xbf, 0x35, 0x1c, 0xfd, 0xbf, 0x89, 0x8f, 0x16, 0xbe,
  0x2c, 0x12, 0x14, 0x3d, 0x47, 0xbf, 0x83, 0xc0, 0x1d, 0xe2, 0x13, 0x3e,
  0x95, 0x27, 0xd1, 0x3f, 0x22, 0x07, 0xb5, 0x3f, 0x01, 0xc8, 0xfc, 0xbf,
  0x2b, 0x6c, 0xf5, 0x3f, 0x9f, 0x9f, 0x1a, 0xc0, 0x3a, 0x97, 0x0c, 0xc0,
  0x1a, 0xdf, 0x36, 0x3f, 0x58, 0x28, 0x63, 0x3f, 0x9c, 0xb6, 0x8d, 0xbf,
  0x92, 0xdd, 0x1e, 0x40, 0x44, 0xc0, 0xbb, 0x3e, 0xbb, 0x99, 0x38, 0xc0,
  0x18, 0x77, 0x38, 0x3f, 0x46, 0xe4, 0x92, 0xbf, 0xd4, 0x8f, 0x6b, 0x3f,
  0x55, 0x88, 0x8a, 0x40, 0x00, 0xca, 0x80, 0x40, 0x0f, 0x85, 0x79, 0x3f,
  0x70, 0x11, 0x38, 0x3f, 0x1c, 0xdb, 0xbf, 0x3e, 0x7f, 0xd1, 0x82, 0x3e,
  0xa6, 0xa9, 0xb5, 0x3f, 0x1e, 0x04, 0x1a, 0xc0, 0x03, 0xf9, 0x9b, 0x3e,
  0xdf, 0xb2, 0x76, 0x3f, 0x80, 0x1f, 0x91, 0xbe, 0x56, 0xa4, 0x04, 0xc0,
  0x2e, 0xc0, 0xa6, 0x3f, 0x88, 0xba, 0x92, 0x3f, 0x93, 0x61, 0xcc, 0xbf,
  0x5a, 0x4b, 0x20, 0xc0, 0xda, 0x6c, 0xdd, 0xbf, 0x86, 0xef, 0x4a, 0xbf,
  0x55, 0xef, 0x9b, 0xbf, 0x39, 0x77, 0x1b, 0xbf, 0xa8, 0x85, 0x2c, 0x40,
  0x10, 0x97, 0xd4, 0xbf, 0xe5, 0xf5, 0x77, 0xbe, 0x97, 0x2d, 0x71, 0x3e,
  0x8a, 0x02, 0x8f, 0xc0, 0x09, 0x10, 0xf7, 0x3e, 0x87, 0xa3, 0xde, 0xbe,
  0xaa, 0x2a, 0x92, 0xbf, 0x98, 0xda, 0x6c, 0x3f, 0x4e, 0x46, 0x77, 0x40,
  0x3e, 0x8f, 0x86, 0xbe, 0x0a, 0x00, 0x22, 0x3f, 0x53, 0x3b, 0xfe, 0x3f,
  0x50, 0xcf, 0x97, 0x3f, 0x8d, 0x8b, 0xc0, 0xbe, 0x60, 0x4d, 0x48, 0x3f,
  0x44, 0xe4, 0xe5, 0xbf, 0xec, 0xa3, 0x22, 0xc0, 0x9c, 0x6b, 0x03, 0xc0,
  0xa9, 0x4a, 0xc7, 0x3f, 0x83, 0x13, 0xbe, 0xc0, 0x98, 0x03, 0x2e, 0xc0,
  0xa4, 0x36, 0xe8, 0x3f, 0xe6, 0x38, 0xd4, 0x3e, 0x2b, 0x3f, 0x5f, 0xbf,
  0x82, 0x70, 0x27, 0xbf, 0xfa, 0xc3, 0xcc, 0x3f, 0x5f, 0x57, 0x96, 0xbf,
  0xeb, 0x44, 0x86, 0x3e, 0xe4, 0x12, 0x8c, 0xc0, 0x98, 0x78, 0x47, 0x40,
  0xca, 0x63, 0xac, 0xc0, 0xbc, 0x1d, 0x72, 0x40, 0x4d, 0x41, 0x5e, 0x40,
  0x30, 0x97, 0x32, 0x40, 0xd2, 0xc4, 0x23, 0xc0, 0x4e, 0xe5, 0xe4, 0xbf,
  0x95, 0xcd, 0x29, 0x3f, 0x42, 0x8e, 0x2e, 0x40, 0x21, 0xbd, 0x3d, 0x3f,
  0x08, 0x62, 0x46, 0x3e, 0xbb, 0x8a, 0x07, 0x40, 0x2a, 0x84, 0x2a, 0xc0,
  0x6f, 0x7b, 0xc7, 0xbe, 0xcd, 0x30, 0xc5, 0xbe, 0x0a, 0xd9, 0x4e, 0x40,
  0x4b, 0xb5, 0xa4, 0x3e, 0xd5, 0x12, 0xe5, 0x3f, 0x7e, 0xc3, 0xc4, 0xbd,
  0x99, 0xb5, 0x63, 0x40, 0x88, 0x2a, 0xd3, 0xbe, 0x45, 0xf2, 0x28, 0x40,
  0xa8, 0xf7, 0x71, 0xbf, 0x2a, 0x29, 0xcf, 0x3f, 0x16, 0x76, 0x4a, 0xc0,
  0x25, 0x67, 0x72, 0xc0, 0xd0, 0x18, 0x24, 0xbe, 0xc0, 0x1f, 0x96, 0x40,
  0xea, 0x3b, 0x47, 0xbf, 0x8a, 0xfe, 0x0b, 0x40, 0xcd, 0x2b, 0x34, 0x40,
  0xbd, 0x91, 0xa6, 0xbf, 0x19, 0xcb, 0x8f, 0x3f, 0x00, 0xac, 0x27, 0xc1,
  0x66, 0x24, 0xd2, 0xbe, 0xe8, 0x7c, 0xb3, 0x40, 0x11, 0x8f, 0xd3, 0x3f,
  0xa8, 0x86, 0x0a, 0x40, 0x84, 0x0d, 0x71, 0xbe, 0x30, 0xab, 0x51, 0xc0,
  0xfc, 0x57, 0xb1, 0x3f, 0x3a, 0x67, 0x26, 0xc0, 0xce, 0x67, 0x00, 0xc0,
  0x5d, 0x42, 0x5c, 0x3f, 0x83, 0xd0, 0xa1, 0xbe, 0x99, 0x5f, 0xf0, 0x3e,
  0x58, 0xe8, 0x06, 0x40, 0x0f, 0x2b, 0x92, 0x3f, 0x3b, 0x74, 0xce, 0xbf,
  0x1a, 0x89, 0x6d, 0x3e, 0xa1, 0x37, 0x87, 0x3f, 0xee, 0x12, 0x16, 0x40,
  0xa1, 0xd9, 0x18, 0xc0, 0x48, 0xa0, 0x43, 0xbf, 0x86, 0xe8, 0xb4, 0xbf,
  0x5f, 0xbb, 0xff, 0xbd, 0x47, 0xb9, 0x8d, 0xbf, 0x74, 0xde, 0x9f, 0x3f,
  0x01, 0x97, 0xb8, 0xbe, 0x53, 0xeb, 0x9f, 0xbe, 0x4e, 0xf0, 0x21, 0x40,
  0xd2, 0x83, 0x08, 0xbf, 0x8f, 0x4f, 0x07, 0x40, 0xb1, 0x00, 0x8b, 0xbf,
  0xc9, 0x8d, 0x8f, 0x3f, 0x6d, 0x14, 0xbe, 0x3f, 0x10, 0xfb, 0x87, 0x40,
  0x88, 0x6d, 0x2c, 0xc0, 0x5d, 0xea, 0xf2, 0xbd, 0x9a, 0x45, 0x6e, 0xbe,
  0x7f, 0x2b, 0x2a, 0xbe, 0x94, 0x07, 0x85, 0x3f, 0xe5, 0xd7, 0x39, 0x3e,
  0x21, 0xa8, 0xa9, 0x3f, 0x16, 0xe9, 0x2c, 0x3f, 0xc2, 0x6a, 0x36, 0xc0,
  0x87, 0x0d, 0xdc, 0x3d, 0x1c, 0xde, 0xde, 0xbe, 0x77, 0xea, 0xd0, 0x3e,
  0x7c, 0x25, 0xac, 0x3f, 0x4e, 0xcc, 0x84, 0x3f, 0x1e, 0x7f, 0x9c, 0x3e,
  0x71, 0x12, 0x0e, 0x40, 0xef, 0x80, 0x0e, 0xbf, 0x74, 0xbe, 0x80, 0x40,
  0x31, 0x19, 0xc9, 0xbe, 0xc8, 0xa3, 0x0b, 0xc0, 0x83, 0x2f, 0x43, 0x3f,
  0xbf, 0x46, 0x20, 0xc0, 0x63, 0xf7, 0x44, 0x3f, 0xb9, 0x85, 0x63, 0x3e,
  0xce, 0x5d, 0x56, 0x3e, 0x24, 0xcc, 0x2b, 0xc0, 0xac, 0x1d, 0x0c, 0x40,
  0x8e, 0x31, 0xc6, 0x3f, 0x8d, 0x7e, 0x59, 0xc0, 0x32, 0xc8, 0x0b, 0x3f,
  0x30, 0xb0, 0xa2, 0x3f, 0x39, 0x97, 0xad, 0xc0, 0x93, 0x64, 0xaf, 0x3f,
  0x80, 0x00, 0x81, 0x3f, 0x4f, 0x90, 0x9a, 0xbf, 0xed, 0x39, 0x92, 0xc0,
  0xd9, 0x13, 0x13, 0x40, 0x64, 0x78, 0xbd, 0xbf, 0xee, 0x74, 0xbc, 0x3f,
  0xde, 0x50, 0x85, 0xbf, 0x9e, 0x04, 0xf0, 0xbc, 0xc2, 0x0d, 0x2f, 0xc0,
  0x63, 0x17, 0x05, 0xc0, 0x16, 0x94, 0x7d, 0x3f, 0xa9, 0xb2, 0x84, 0x3f,
  0x3e, 0x9b, 0x23, 0x40, 0xdc, 0xe9, 0xc1, 0x3f, 0x9d, 0x8b, 0x6d, 0x40,
  0xca, 0x37, 0x33, 0x40, 0xde, 0x46, 0x2a, 0xbf, 0xcd, 0x6c, 0x13, 0x40,
  0x8b, 0x87, 0x62, 0xc0, 0x19, 0x9a, 0x14, 0xbf, 0x0b, 0x56, 0x18, 0x40,
  0x2d, 0x08, 0x16, 0x3f, 0xb9, 0xd0, 0xe1, 0x40, 0x92, 0xe1, 0xea, 0xbb,
  0xfa, 0x4e, 0x9a, 0xbf, 0x75, 0x88, 0x7b, 0x3e, 0x7d, 0xfe, 0x23, 0xbf,
  0xdb, 0x0f, 0xbc, 0x3f, 0x05, 0x20, 0x11, 0x40, 0x72, 0x1a, 0xa6, 0x3f,
  0x5c, 0x83, 0xa4, 0x3f, 0xfb, 0x47, 0x7f, 0x40, 0x31, 0x50, 0x96, 0xbf,
  0x72, 0xa7, 0xb9, 0xbf, 0x4e, 0x00, 0xd5, 0x3b, 0xbe, 0xaf, 0x24, 0xc0,
  0x9c, 0x1f, 0x42, 0xbf, 0xcf, 0x5a, 0x96, 0xbf, 0x59, 0xa2, 0xb8, 0x3f,
  0x01, 0x1b, 0x05, 0x40, 0xa3, 0x01, 0x2a, 0xc0, 0x8a, 0x38, 0xfa, 0xbe,
  0x97, 0xca, 0xd7, 0xbf, 0xb3, 0x74, 0x78, 0x40, 0x6a, 0xe1, 0x09, 0xc0,
  0x9f, 0x3e, 0x7f, 0x3e, 0xd1, 0x44, 0x39, 0x3f, 0x8e, 0xe5, 0x75, 0x3f,
  0x32, 0xe8, 0x63, 0xbf, 0xc0, 0xd3, 0xcc, 0xbf, 0x6c, 0x2d, 0xd9, 0x3e,
  0xe9, 0xb7, 0x77, 0x3e, 0x49, 0xb3, 0x9e, 0xbf, 0xf0, 0xdf, 0xf5, 0xbf,
  0x42, 0xfa, 0x0e, 0x40, 0x5a, 0xa3, 0x64, 0x40, 0xe8, 0x2d, 0xd2, 0x3f,
  0xf6, 0xfa, 0x00, 0x3e, 0x1c, 0x10, 0x00, 0xbf, 0x45, 0x64, 0xce, 0x40,
  0xee, 0x43, 0xe1, 0xbf, 0x79, 0xd6, 0x05, 0xc0, 0x47, 0x05, 0xb0, 0x3f,
  0x78, 0x14, 0x67, 0x3f, 0xd1, 0x79, 0x1b, 0x40, 0x3e, 0xd7, 0x13, 0xbe,
  0x91, 0x19, 0x22, 0x3f, 0x3e, 0x27, 0xae, 0xbf, 0x98, 0x2c, 0xfb, 0x3f,
  0x78, 0x0c, 0xfb, 0xbe, 0x1b, 0x6b, 0x61, 0x3e, 0x74, 0x3f, 0x0a, 0x3f,
  0x27, 0xf9, 0x0e, 0xbf, 0xea, 0x5c, 0xf1, 0xbf, 0x4f, 0x5a, 0x09, 0xc0,
  0x59, 0x45, 0x32, 0x40, 0x44, 0xc9, 0xa3, 0x3f, 0xff, 0x94, 0xc9, 0x3f,
  0x99, 0xb4, 0xba, 0x3e, 0x27, 0x21, 0x90, 0x3f, 0x3f, 0x4d, 0xae, 0xbf,
  0xeb, 0xb5, 0xa2, 0xc0, 0x14, 0xb7, 0x00, 0xc0, 0xec, 0xb0, 0xb5, 0xbf,
  0x2c, 0xcd, 0x91, 0x3f, 0xe8, 0x9d, 0xec, 0xbf, 0x61, 0x4d, 0x8e, 0x3e,
  0x03, 0x38, 0x67, 0xc0, 0xe7, 0xb1, 0x71, 0x40, 0x3c, 0x40, 0xbd, 0xbe,
  0xaf, 0x1d, 0xca, 0xbf, 0xd9, 0x0a, 0x18, 0x40, 0xfc, 0x07, 0x40, 0x40,
  0x2d, 0xe1, 0x0e, 0xbf, 0x00, 0x5c, 0x59, 0x40, 0x84, 0x37, 0x52, 0xc0,
  0xcd, 0xde, 0x29, 0xc0, 0x29, 0xb5, 0x94, 0x3f, 0x44, 0xc5, 0x55, 0x3f,
  0x90, 0xac, 0x23, 0xc0, 0x8f, 0x25, 0x07, 0x40, 0xf3, 0x7e, 0xfa, 0xbf,
  0x99, 0x8f, 0x4a, 0xc0, 0xa4, 0x24, 0x52, 0xbf, 0xa4, 0x6b, 0x78, 0xc0,
  0x06, 0x87, 0xea, 0x3e, 0x1e, 0xb9, 0x06, 0xc1, 0x8b, 0xeb, 0x2a, 0xc0,
  0xac, 0x6d, 0xce, 0xbf, 0x77, 0x80, 0xa8, 0x3f, 0x15, 0x06, 0x54, 0xc0,
  0x88, 0x2e, 0xa0, 0x3e, 0x82, 0xe7, 0x01, 0x3e, 0x9e, 0x12, 0x8a, 0xbf,
  0x2c, 0xaf, 0x07, 0xbf, 0xfa, 0x92, 0x91, 0xbf, 0xf2, 0x2c, 0xa5, 0xbf,
  0x68, 0xa7, 0xf1, 0x3e, 0x82, 0x30, 0x24, 0xbf, 0x23, 0x21, 0xd7, 0xbf,
  0x27, 0x03, 0x6b, 0xbf, 0x27, 0x82, 0x88, 0x3f, 0x05, 0x9f, 0x76, 0xc0,
  0x1a, 0xf9, 0x29, 0x40, 0xb6, 0xc8, 0x0a, 0x3f, 0x3e, 0xf4, 0xa2, 0xbf,
  0x62, 0xc2, 0x0a, 0xc1, 0x06, 0xb3, 0x0e, 0xbe, 0x57, 0xf3, 0x8e, 0xbc,
  0x3d, 0x20, 0x65, 0xbf, 0xa3, 0x38, 0xed, 0xbe, 0x72, 0xcc, 0x2f, 0xbf,
  0x9d, 0x30, 0xd6, 0xbf, 0xb9, 0x37, 0x0f, 0xc0, 0xf9, 0x4a, 0xf2, 0x3f,
  0x31, 0x8c, 0x7e, 0xbe, 0x34, 0xca, 0x2d, 0xc0, 0xd1, 0x0c, 0xcb, 0x3e,
  0xb2, 0x7a, 0xdc, 0x3f, 0xa1, 0x64, 0x1e, 0xbf, 0xeb, 0xc6, 0xa3, 0xbf,
  0x2a, 0xfb, 0xd8, 0xbf, 0xe5, 0xe3, 0x60, 0xbf, 0xdd, 0xe9, 0x89, 0xbf,
  0xc2, 0x36, 0x12, 0xbf, 0x01, 0xae, 0x14, 0x40, 0x4a, 0x67, 0x3e, 0xbd,
  0x71, 0x28, 0x13, 0xc0, 0xcc, 0x9c, 0xee, 0x3e, 0xec, 0x3a, 0x99, 0x3d,
  0xab, 0x52, 0xb7, 0x40, 0x1b, 0xf3, 0x0f, 0xbf, 0x8b, 0x1c, 0x1a, 0x3f,
  0x17, 0x5c, 0xb5, 0x3f, 0xd2, 0xb3, 0x5b, 0x3f, 0xeb, 0xe0, 0xe8, 0xbf,
  0x71, 0xd0, 0x07, 0x3f, 0x11, 0xb6, 0xcd, 0x3f, 0xaa, 0xa0, 0x27, 0x3f,
  0x74, 0xff, 0x28, 0xc0, 0xc8, 0x3c, 0xf6, 0x3e, 0x95, 0x48, 0x50, 0xbf,
  0x6e, 0x6e, 0x59, 0x3f, 0xfa, 0x99, 0x71, 0xbf, 0x1a, 0x2d, 0x1d, 0xc0,
  0xca, 0x70, 0xc5, 0xbe, 0x2e, 0x6c, 0xb3, 0xc0, 0xeb, 0xec, 0x29, 0x3e,
  0xc0, 0x64, 0xc5, 0x3e, 0xf7, 0x6f, 0xc0, 0xbf, 0x63, 0x42, 0x22, 0x3f,
  0x62, 0x0f, 0xd7, 0xbf, 0xff, 0xde, 0xa8, 0x3f, 0x39, 0xf2, 0x9a, 0x3f,
  0x3f, 0x68, 0x54, 0xbf, 0xb4, 0xb7, 0x89, 0xbf, 0xe0, 0x76, 0x0f, 0x3f,
  0x85, 0x32, 0x71, 0x40, 0xdf, 0x21, 0x81, 0xc0, 0x81, 0x7c, 0x6f, 0x3f,
  0x77, 0x90, 0x1e, 0x3f, 0x31, 0x8c, 0x33, 0xc0, 0xa3, 0xee, 0x2d, 0xbf,
  0xf5, 0x18, 0x6b, 0x40, 0x91, 0x88, 0x94, 0xc0, 0x12, 0x0b, 0x42, 0xc0,
  0x29, 0xca, 0x47, 0xbf, 0xbf, 0x4e, 0xb7, 0xbf, 0x01, 0x99, 0x91, 0xbf,
  0xfb, 0x49, 0x8f, 0x3f, 0x64, 0x50, 0x98, 0x3d, 0x26, 0xf9, 0x20, 0x3f,
  0xb9, 0x67, 0x98, 0xbf, 0xaf, 0x9c, 0x01, 0x40, 0x39, 0xf5, 0x28, 0x40,
  0xb4, 0x2c, 0x84, 0xbf, 0x3e, 0x3d, 0x8c, 0xbe, 0x89, 0x43, 0x29, 0x3f,
  0x39, 0x38, 0xc8, 0xbe, 0xa7, 0x81, 0xd7, 0x3e, 0xd8, 0x3b, 0x74, 0xbf,
  0x18, 0x34, 0xd8, 0x3f, 0xea, 0x07, 0x09, 0x40, 0xe4, 0x62, 0x47, 0xbf,
  0x21, 0xad, 0x22, 0x40, 0x47, 0xd5, 0x8d, 0xbf, 0x4e, 0xc3, 0x77, 0xbf,
  0x26, 0xf9, 0x3b, 0x3e, 0xf6, 0x25, 0x30, 0x3f, 0x95, 0xe4, 0xc1, 0x3f,
  0x6b, 0x74, 0x32, 0xc0, 0x6d, 0x40, 0x9b, 0xbf, 0xa3, 0x3f, 0x40, 0x40,
  0x09, 0x51, 0xa3, 0xbd, 0xb1, 0x94, 0xfc, 0x3f, 0x34, 0x57, 0xe1, 0x3f,
  0x0f, 0x61, 0x21, 0x40, 0xda, 0x1d, 0x3d, 0xc0, 0x09, 0x22, 0xce, 0xbe,
  0x38, 0x16, 0xf9, 0xbf, 0x15, 0xb2, 0x67, 0xc0, 0x21, 0x70, 0x8c, 0xbf,
  0x8c, 0x41, 0xfd, 0x3e, 0x39, 0x63, 0xaa, 0xbf, 0x31, 0x97, 0x84, 0xbf,
  0xf5, 0x90, 0x67, 0x40, 0xe3, 0x15, 0xe7, 0x3f, 0xcf, 0x67, 0x33, 0x3f,
  0x6b, 0xfd, 0x0a, 0x40, 0x02, 0x70, 0x29, 0x40, 0x31, 0x0a, 0xa0, 0x3f,
  0x06, 0x0f, 0xdf, 0x3e, 0x4e, 0xd0, 0x5f, 0x3f, 0x9e, 0x7a, 0x05, 0x3e,
  0x0f, 0x86, 0xa5, 0xc0, 0x18, 0x20, 0x37, 0x40, 0xe6, 0xc1, 0x10, 0x40,
  0x5a, 0x4b, 0x9d, 0x3e, 0x07, 0x7e, 0x2d, 0xc0, 0x44, 0x9c, 0x25, 0x40,
  0x7d, 0x24, 0x4f, 0x3f, 0x3b, 0x87, 0xdc, 0x3f, 0x84, 0xae, 0x3c, 0xc0,
  0x8d, 0x0a, 0x1b, 0xc0, 0x5f, 0xbd, 0x36, 0xbe, 0x13, 0x8d, 0xe8, 0xbf,
  0x68, 0xbd, 0xc4, 0x3f, 0x27, 0xe2, 0xdb, 0x3f, 0x2b, 0x32, 0x85, 0xbf,
  0x67, 0xea, 0xdd, 0x3f, 0x4a, 0xc2, 0x98, 0x3f, 0xe8, 0x8d, 0xad, 0xbf,
  0x9e, 0x86, 0x4d, 0xbe, 0xed, 0xed, 0x66, 0x40, 0x86, 0x34, 0xbe, 0x3f,
  0x4d, 0x80, 0x0a, 0x3f, 0xb8, 0x4e, 0xe8, 0xbe, 0xba, 0xe0, 0x50, 0x3f,
  0x9a, 0xd2, 0xb0, 0xc0, 0xb5, 0xc0, 0xc4, 0x3f, 0x62, 0xe7, 0x80, 0xbf,
  0x0a, 0xad, 0xfa, 0xbf, 0x86, 0xb2, 0xb8, 0xbf, 0xfd, 0xec, 0xa0, 0x3f,
  0xa5, 0xb9, 0xb3, 0x3f, 0x03, 0x4f, 0xce, 0xbd, 0x73, 0x35, 0x1d, 0xbf,
  0x83, 0x66, 0x06, 0xc0, 0x40, 0x51, 0xc3, 0xbf, 0x8a, 0xad, 0x03, 0x40,
  0x5a, 0xfb, 0x23, 0x3e, 0x69, 0x5b, 0x80, 0x40, 0x24, 0x32, 0x22, 0xbf,
  0x89, 0x37, 0x53, 0xbf, 0x97, 0xe8, 0xe8, 0xc0, 0xc9, 0xc2, 0xe4, 0x3f,
  0x86, 0x69, 0x3f, 0xbf, 0x15, 0xc2, 0x94, 0x3e, 0xc5, 0xc1, 0xb1, 0x3f,
  0x2f, 0x38, 0xe6, 0xbf, 0x51, 0xe3, 0x94, 0x3f, 0x52, 0x50, 0xab, 0xbf,
  0x0d, 0xc6, 0x44, 0x3f, 0x39, 0xf9, 0x00, 0xc0, 0x60, 0x2c, 0xa1, 0x3f,
  0xf2, 0xd3, 0xa2, 0x40, 0xf8, 0xc8, 0xc0, 0xbd, 0xae, 0x0b, 0x23, 0x40,
  0x76, 0xb8, 0xdf, 0x3f, 0x45, 0x61, 0x08, 0xc0, 0x8e, 0xd2, 0x45, 0xc0,
  0xf0, 0x19, 0xdc, 0xbf, 0x1e, 0xbd, 0x6f, 0x3f, 0xa1, 0x6d, 0x9c, 0xbf,
  0xe8, 0x9b, 0xf0, 0x3f, 0xfe, 0xf2, 0xc3, 0xbf, 0x41, 0x6b, 0xb6, 0xbe,
  0x9e, 0x6f, 0x2b, 0x40, 0x34, 0x0f, 0xdf, 0x3e, 0x77, 0x78, 0xba, 0x3e,
  0xfe, 0x61, 0x6e, 0x3e, 0xf9, 0x2e, 0x64, 0x3f, 0xbd, 0x8e, 0x0b, 0xc0,
  0x2c, 0x53, 0x47, 0x40, 0xbb, 0xdf, 0x75, 0xbb, 0x7f, 0x11, 0x20, 0x40,
  0x3b, 0xfe, 0x91, 0xbf, 0x2e, 0x34, 0x7d, 0xbf, 0xf3, 0x3a, 0xf6, 0xbf,
  0xd2, 0x10, 0x16, 0x40, 0x5e, 0xd3, 0x54, 0x3f, 0xe0, 0xc0, 0xef, 0xbf,
  0x50, 0x51, 0xf6, 0xbf, 0x31, 0x1f, 0x90, 0xbf, 0x28, 0xb3, 0xf4, 0xbe,
  0xce, 0x39, 0x7b, 0xc0, 0x92, 0x2c, 0xa7, 0xbf, 0xde, 0xae, 0xab, 0xc0,
  0xf4, 0xcf, 0x19, 0xc0, 0xd3, 0x90, 0x59, 0xc0, 0x36, 0xb8, 0x31, 0x3f,
  0xdf, 0x47, 0xdd, 0xbe, 0xf7, 0x9b, 0x70, 0x3f, 0x9f, 0xa5, 0x29, 0x40,
  0x43, 0x4b, 0xaf, 0xbf, 0x98, 0xf0, 0x02, 0xc0, 0x1e, 0xb2, 0x54, 0x3f,
  0x03, 0x1d, 0x91, 0xc0, 0x67, 0x7d, 0x2d, 0xc0, 0x93, 0x59, 0x47, 0xbf,
  0x62, 0x48, 0x1c, 0x40, 0xf0, 0x72, 0xe8, 0xbe, 0x07, 0xed, 0xa2, 0x3f,
  0x78, 0x6f, 0x72, 0xbf, 0x79, 0x8f, 0xb1, 0xbf, 0xb4, 0x52, 0x28, 0x40,
  0x4c, 0x4d, 0xc1, 0xbf, 0xab, 0x8d, 0xb1, 0x40, 0xa2, 0x8c, 0xee, 0x3f,
  0x0b, 0x1b, 0x17, 0xbf, 0x22, 0xf8, 0x58, 0x3f, 0x0f, 0x55, 0x28, 0x40,
  0x40, 0x7a, 0xc6, 0x3f, 0x69, 0x7d, 0x9b, 0x3f, 0x36, 0x1b, 0x77, 0x40,
  0x27, 0x46, 0x3f, 0xc0, 0xc5, 0x41, 0xbe, 0xbf, 0xbc, 0xa9, 0xc4, 0xbf,
  0x86, 0x88, 0x43, 0xbf, 0x5c, 0xe9, 0x2f, 0x40, 0xbb, 0x91, 0xc6, 0x40,
  0x6b, 0x1f, 0x3d, 0xc0, 0x14, 0xb6, 0xbd, 0xbf, 0x1d, 0x46, 0x21, 0x40,
  0xe3, 0x66, 0x09, 0x40, 0x87, 0x7d, 0xff, 0x3f, 0xb5, 0x31, 0x2a, 0xc0,
  0xb9, 0xdc, 0xac, 0x3d, 0x98, 0xcc, 0x72, 0xbf, 0x91, 0x7f, 0xbc, 0xbf,
  0xfd, 0xb0, 0x6a, 0xbf, 0xa3, 0xb0, 0x2c, 0x40, 0xe3, 0xc5, 0x0f, 0xbf,
  0x3c, 0x35, 0x04, 0xc0, 0xe4, 0x68, 0x0f, 0x40, 0x81, 0xff, 0x4d, 0xbf,
  0x73, 0x1d, 0x9d, 0x3f, 0xc5, 0xdd, 0x86, 0x3f, 0x65, 0x41, 0x01, 0xbf,
  0xd8, 0xda, 0x9e, 0x3f, 0x15, 0x34, 0x28, 0xc0, 0x83, 0xfa, 0x11, 0xbf,
  0x27, 0xe5, 0x32, 0x40, 0xd0, 0xd3, 0x84, 0x40, 0x3e, 0xe8, 0x36, 0xbe,
  0x90, 0x02, 0xa4, 0xbf, 0x5d, 0xeb, 0x8b, 0xbe, 0xb9, 0x9e, 0x9a, 0x40,
  0x16, 0x26, 0xf0, 0xbf, 0x22, 0xeb, 0xbd, 0x3f, 0x47, 0x67, 0x79, 0x3f,
  0x26, 0xda, 0xb1, 0xbf, 0xcf, 0xe7, 0x8e, 0x40, 0x10, 0x95, 0x16, 0xc0,
  0xcb, 0xdc, 0xe1, 0xbf, 0x35, 0x45, 0x82, 0x3f, 0x0c, 0x49, 0xb2, 0xbf,
  0x63, 0x74, 0x78, 0xbf, 0xcb, 0x61, 0x63, 0xbf, 0x65, 0x68, 0x97, 0xbe,
  0xf2, 0x95, 0xf4, 0x40, 0xfc, 0xb6, 0x57, 0xc0, 0x64, 0x74, 0x0b, 0xc0,
  0x00, 0xf5, 0xcb, 0x3f, 0xed, 0x2c, 0x24, 0x3f, 0x5e, 0x49, 0x8d, 0xbe,
  0x5b, 0x95, 0x49, 0x3f, 0x02, 0xeb, 0x04, 0x3f, 0x71, 0xdc, 0x8a, 0xbf,
  0x2a, 0xfa, 0xb2, 0x3f, 0x5c, 0xcb, 0x27, 0xbf, 0x2b, 0x06, 0x89, 0x3f,
  0x0a, 0xfe, 0x89, 0x40, 0x80, 0x51, 0x67, 0xbf, 0xc2, 0x52, 0xac, 0x3f,
  0xa5, 0x22, 0xd5, 0xbf, 0xf5, 0x74, 0x0d, 0x40, 0x88, 0xf4, 0x2f, 0xbf,
  0x72, 0xe7, 0x29, 0x3f, 0xac, 0x9a, 0x81, 0xbf, 0x17, 0x2e, 0xb5, 0x3e,
  0x06, 0xe6, 0x2b, 0xbf, 0x1d, 0x83, 0x00, 0xc0, 0xad, 0x02, 0x89, 0xc0,
  0xff, 0xa4, 0x1d, 0x40, 0x32, 0x93, 0x5d, 0xbf, 0xc5, 0xbb, 0x02, 0x40,
  0xc5, 0xe5, 0x36, 0x3f, 0x74, 0x50, 0xc6, 0x3f, 0xba, 0x0d, 0x9a, 0xc0,
  0x2e, 0x9d, 0x5e, 0xc0, 0x73, 0x9b, 0xd8, 0x3f, 0x81, 0xca, 0x4b, 0xc0,
  0x43, 0x3a, 0xf2, 0xbf, 0xef, 0xc9, 0xe1, 0xbe, 0x30, 0x55, 0x80, 0x40,
  0xcc, 0xbb, 0xd2, 0xbf, 0x07, 0x3f, 0x89, 0xbd, 0x82, 0x1a, 0x2a, 0x40,
  0x9c, 0xfc, 0x98, 0xbf, 0x12, 0x54, 0x75, 0x3f, 0xd0, 0x50, 0x45, 0xc0,
  0x13, 0xcf, 0xc4, 0xbf, 0x50, 0xa8, 0xc5, 0x3e, 0xa5, 0x65, 0x02, 0xbf,
  0x0d, 0x95, 0x89, 0xbe, 0x5b, 0xd4, 0xef, 0xbf, 0x55, 0xe3, 0xe0, 0x3f,
  0x71, 0x06, 0xee, 0x3f, 0x51, 0x46, 0x82, 0xbf, 0xd3, 0x1d, 0x36, 0xc0,
  0x2a, 0xcc, 0x71, 0x3f, 0x2a, 0x9e, 0x06, 0x40, 0x99, 0xad, 0x91, 0x40,
  0xdf, 0xb9, 0xd3, 0x3f, 0x03, 0xf6, 0x91, 0xbf, 0xf0, 0x64, 0x92, 0x40,
  0x85, 0xcb, 0x0d, 0xc0, 0x97, 0xea, 0x5d, 0xbf, 0x93, 0x25, 0x1d, 0xbf,
  0x7c, 0x07, 0x92, 0x40, 0xe4, 0x42, 0x7d, 0x3f, 0xa3, 0xe7, 0xea, 0x3e,
  0x5a, 0x6d, 0xb1, 0xbf, 0xf8, 0xa1, 0x48, 0xbf, 0x24, 0xc8, 0xe1, 0x3f,
  0x0b, 0xda, 0xdb, 0xbf, 0x19, 0x5b, 0xdd, 0x3f, 0x41, 0x2b, 0x55, 0x3f,
  0x76, 0x2c, 0xe5, 0x3f, 0xe6, 0x24, 0x02, 0xc0, 0x38, 0x42, 0xa0, 0x3f,
  0x57, 0x6e, 0x07, 0xc0, 0xd0, 0x36, 0x33, 0xc0, 0xa4, 0x2c, 0x23, 0x3f,
  0xd3, 0x3d, 0x3e, 0x40, 0x14, 0x73, 0x06, 0xbf, 0xf5, 0x36, 0x0b, 0x40,
  0x0f, 0xdd, 0x3d, 0x3f, 0x34, 0xd6, 0x5f, 0xbf, 0x7d, 0x52, 0x03, 0x3e,
  0x9e, 0x8a, 0xd1, 0xbf, 0x9b, 0x21, 0x9e, 0x3f, 0x20, 0xc5, 0x08, 0x40,
  0x26, 0x0a, 0x9d, 0xbe, 0x09, 0x00, 0x21, 0x3f, 0x62, 0x86, 0x23, 0x3f,
  0xfa, 0xd4, 0xc6, 0xbe, 0xa8, 0xb5, 0x04, 0xc0, 0xdc, 0xf5, 0xec, 0xbf,
  0xd2, 0xc8, 0x23, 0xc0, 0x66, 0x39, 0xe0, 0xbe, 0x04, 0xd9, 0x4d, 0xbc,
  0xe8, 0xa6, 0x9b, 0xbe, 0x89, 0xc6, 0xf8, 0x3e, 0x63, 0x5d, 0xc3, 0xbf,
  0xcc, 0xa7, 0x89, 0xbf, 0x0c, 0xb3, 0xc8, 0xbf, 0xc9, 0x40, 0x2e, 0x3f,
  0x30, 0x45, 0xac, 0x3f, 0x84, 0x99, 0xf0, 0xbf, 0x9a, 0x62, 0x44, 0xbf,
  0x85, 0x96, 0xed, 0xbe, 0x79, 0x64, 0x82, 0xbf, 0xc4, 0xcd, 0x3f, 0xbf,
  0x13, 0xc5, 0x98, 0xbf, 0xac, 0x8f, 0x95, 0x3f, 0x88, 0x16, 0x3f, 0x40,
  0x88, 0x0e, 0x3a, 0xc0, 0x18, 0xf8, 0x16, 0xc0, 0x77, 0x07, 0x1e, 0x40,
  0xf3, 0x73, 0x0d, 0x40, 0xda, 0x7e, 0xcd, 0xbe, 0x95, 0x4c, 0x9f, 0xbf,
  0xa2, 0xc4, 0xfb, 0xbf, 0x0d, 0xbd, 0xc4, 0xbd, 0xeb, 0xbe, 0x15, 0xc0,
  0x6d, 0x51, 0xd7, 0x3f, 0x7f, 0x48, 0x2a, 0x40, 0x85, 0xa9, 0x00, 0x3f,
  0x6e, 0xa2, 0x9e, 0x3f, 0x9e, 0xc9, 0x21, 0x3f, 0x4f, 0xcc, 0x2e, 0x3e,
  0xc8, 0x8f, 0xb3, 0xbf, 0xe7, 0xfc, 0x85, 0x3f, 0x31, 0x07, 0x3d, 0xc0,
  0x8c, 0x37, 0x26, 0xbe, 0x27, 0x5d, 0x30, 0xbe, 0x17, 0x33, 0x8a, 0x3f,
  0x06, 0x2f, 0x07, 0xc0, 0x3e, 0xf4, 0x30, 0xc0, 0x8b, 0x2d, 0xe5, 0xbf,
  0x10, 0xeb, 0xa2, 0x3e, 0x5d, 0x52, 0xa1, 0xc0, 0x91, 0x21, 0x0e, 0xc0,
  0xdf, 0x89, 0x51, 0xc0, 0xc4, 0x84, 0x86, 0x3f, 0x20, 0xb9, 0x6f, 0x3e,
  0x31, 0x4b, 0x0e, 0x3e, 0x4c, 0xea, 0xfb, 0xbe, 0xfa, 0x80, 0xf9, 0x3f,
  0x5c, 0x49, 0x06, 0x40, 0xa9, 0x4f, 0x2b, 0xbf, 0x1b, 0x3f, 0x8b, 0x3f,
  0x67, 0x88, 0x1a, 0xc0, 0xcc, 0x17, 0xcf, 0x3e, 0x6c, 0x1b, 0x8a, 0xbf,
  0xa1, 0xcb, 0x30, 0x40, 0x8b, 0x42, 0xf7, 0x3f, 0x2d, 0x10, 0xef, 0x3f,
  0x5b, 0xb0, 0xa8, 0xbe, 0xf2, 0x0f, 0xa1, 0x3f, 0xbf, 0xe9, 0xc2, 0x3f,
  0x92, 0x86, 0x3d, 0x40, 0x3e, 0x20, 0x1c, 0x40, 0x32, 0x37, 0x90, 0x3f,
  0xdf, 0xce, 0xa7, 0x3f, 0xe7, 0xe0, 0x8b, 0x3f, 0x44, 0x08, 0x0d, 0xbf,
  0xbc, 0x6c, 0x05, 0xbf, 0x6d, 0x8e, 0x61, 0xc0, 0xee, 0x25, 0x52, 0x3d,
  0xb9, 0xe2, 0x8b, 0xbf, 0xa3, 0x6c, 0xce, 0xc0, 0xb2, 0xb1, 0xe2, 0xbe,
  0xf4, 0x60, 0x04, 0x40, 0xbe, 0x7f, 0x2a, 0x40, 0x9b, 0xeb, 0x2c, 0xbf,
  0x1c, 0xc3, 0x02, 0xc0, 0x06, 0x13, 0xa7, 0x3f, 0xe4, 0x74, 0x63, 0xbf,
  0x5a, 0xa5, 0xb7, 0xbf, 0xbb, 0x5c, 0xcd, 0xbf, 0x8e, 0xfc, 0x21, 0x3e,
  0x2e, 0x9b, 0x10, 0x40, 0xa7, 0x2c, 0x21, 0xc0, 0xe2, 0x9b, 0xbb, 0xbe,
  0x2b, 0xf1, 0xa9, 0x3f, 0x08, 0x41, 0xad, 0xbf, 0xf2, 0x9b, 0x97, 0xbf,
  0x72, 0x5e, 0xdd, 0xbf, 0x47, 0x36, 0x73, 0xc0, 0x18, 0x3a, 0x9b, 0x3f,
  0x50, 0x95, 0xc4, 0x40, 0x94, 0x31, 0xdf, 0x3e, 0x21, 0xc9, 0xe4, 0xc0,
  0xac, 0x6f, 0x40, 0xc0, 0xe8, 0x0a, 0x85, 0x3f, 0x8c, 0x37, 0xec, 0xbf,
  0x12, 0x49, 0x95, 0x3f, 0x1c, 0x2e, 0x2e, 0x3f, 0xd3, 0xe8, 0xa5, 0xbf,
  0xd7, 0x84, 0x82, 0x3f, 0xa3, 0xf3, 0x1d, 0xc0, 0x14, 0x01, 0xdb, 0xbe,
  0x42, 0x7f, 0x8d, 0xbf, 0xee, 0x1e, 0x5f, 0xc0, 0xd5, 0x6f, 0x93, 0xc0,
  0x94, 0x4a, 0xb3, 0x3f, 0xb9, 0xbc, 0xfb, 0xbe, 0x56, 0x9d, 0x70, 0xbf,
  0x55, 0xee, 0x56, 0xbf, 0xae, 0xa1, 0xc7, 0xbe, 0xf3, 0x06, 0x0b, 0xbf,
  0x7c, 0x22, 0x99, 0x3f, 0xf1, 0x50, 0x85, 0x3f, 0x31, 0x16, 0xf0, 0xbf,
  0x6e, 0xcd, 0xe3, 0xbf, 0xc2, 0xc8, 0xe7, 0x3e, 0xb0, 0xd2, 0x56, 0x3f,
  0xc4, 0xa6, 0x40, 0x3f, 0xc7, 0xc5, 0xc4, 0x3f, 0xa9, 0x7f, 0xa8, 0xbe,
  0xa7, 0xe5, 0x9f, 0xbf, 0xa8, 0xa0, 0xe4, 0x3f, 0x49, 0x14, 0xcc, 0xbf,
  0x56, 0xd3, 0x95, 0xbe, 0xf3, 0xcc, 0x98, 0xc0, 0xd6, 0x29, 0xc3, 0x3f,
  0xf4, 0xf6, 0xff, 0xff, 0xf8, 0xf6, 0xff, 0xff, 0x0f, 0x00, 0x00, 0x00,
  0x4d, 0x4c, 0x49, 0x52, 0x20, 0x43, 0x6f, 0x6e, 0x76, 0x65, 0x72, 0x74,
  0x65, 0x64, 0x2e, 0x00, 0x01, 0x00, 0x00, 0x00, 0x14, 0x00, 0x00, 0x00,
  0x00, 0x00, 0x0e, 0x00, 0x18, 0x00, 0x14, 0x00, 0x10, 0x00, 0x0c, 0x00,
  0x08, 0x00, 0x04, 0x00, 0x0e, 0x00, 0x00, 0x00, 0x14, 0x00, 0x00, 0x00,
  0x1c, 0x00, 0x00, 0x00, 0x58, 0x01, 0x00, 0x00, 0x5c, 0x01, 0x00, 0x00,
  0x60, 0x01, 0x00, 0x00, 0x04, 0x00, 0x00, 0x00, 0x6d, 0x61, 0x69, 0x6e,
  0x00, 0x00, 0x00, 0x00, 0x05, 0x00, 0x00, 0x00, 0x1c, 0x01, 0x00, 0x00,
  0xdc, 0x00, 0x00, 0x00, 0x88, 0x00, 0x00, 0x00, 0x3c, 0x00, 0x00, 0x00,
  0x04, 0x00, 0x00, 0x00, 0x42, 0xff, 0xff, 0xff, 0x14, 0x00, 0x00, 0x00,
  0x00, 0x00, 0x00, 0x08, 0x10, 0x00, 0x00, 0x00, 0x14, 0x00, 0x00, 0x00,
  0x02, 0x00, 0x00, 0x00, 0x7c, 0xf7, 0xff, 0xff, 0x01, 0x00, 0x00, 0x00,
  0x0d, 0x00, 0x00, 0x00, 0x03, 0x00, 0x00, 0x00, 0x0c, 0x00, 0x00, 0x00,
  0x04, 0x00, 0x00, 0x00, 0x05, 0x00, 0x00, 0x00, 0x76, 0xff, 0xff, 0xff,
  0x14, 0x00, 0x00, 0x00, 0x00, 0x00, 0x00, 0x08, 0x14, 0x00, 0x00, 0x00,
  0x18, 0x00, 0x00, 0x00, 0x02, 0x00, 0x00, 0x00, 0xb6, 0xff, 0xff, 0xff,
  0x00, 0x00, 0x00, 0x01, 0x01, 0x00, 0x00, 0x00, 0x0c, 0x00, 0x00, 0x00,
  0x03, 0x00, 0x00, 0x00, 0x0b, 0x00, 0x00, 0x00, 0x01, 0x00, 0x00, 0x00,
  0x02, 0x00, 0x00, 0x00, 0x00, 0x00, 0x0e, 0x00, 0x1a, 0x00, 0x14, 0x00,
  0x10, 0x00, 0x0c, 0x00, 0x0b, 0x00, 0x04, 0x00, 0x0e, 0x00, 0x00, 0x00,
  0x1c, 0x00, 0x00, 0x00, 0x00, 0x00, 0x00, 0x08, 0x1c, 0x00, 0x00, 0x00,
  0x20, 0x00, 0x00, 0x00, 0x02, 0x00, 0x00, 0x00, 0x00, 0x00, 0x06, 0x00,
  0x08, 0x00, 0x07, 0x00, 0x06, 0x00, 0x00, 0x00, 0x00, 0x00, 0x00, 0x01,
  0x01, 0x00, 0x00, 0x00, 0x0b, 0x00, 0x00, 0x00, 0x03, 0x00, 0x00, 0x00,
  0x0a, 0x00, 0x00, 0x00, 0x06, 0x00, 0x00, 0x00, 0x03, 0x00, 0x00, 0x00,
  0x00, 0x00, 0x0e, 0x00, 0x18, 0x00, 0x14, 0x00, 0x10, 0x00, 0x0c, 0x00,
  0x0b, 0x00, 0x04, 0x00, 0x0e, 0x00, 0x00, 0x00, 0x14, 0x00, 0x00, 0x00,
  0x00, 0x00, 0x00, 0x1b, 0x10, 0x00, 0x00, 0x00, 0x14, 0x00, 0x00, 0x00,
  0x01, 0x00, 0x00, 0x00, 0x48, 0xf8, 0xff, 0xff, 0x01, 0x00, 0x00, 0x00,
  0x0a, 0x00, 0x00, 0x00, 0x02, 0x00, 0x00, 0x00, 0x09, 0x00, 0x00, 0x00,
  0x07, 0x00, 0x00, 0x00, 0x00, 0x00, 0x0a, 0x00, 0x0c, 0x00, 0x00, 0x00,
  0x08, 0x00, 0x04, 0x00, 0x0a, 0x00, 0x00, 0x00, 0x08, 0x00, 0x00, 0x00,
  0x0c, 0x00, 0x00, 0x00, 0x01, 0x00, 0x00, 0x00, 0x09, 0x00, 0x00, 0x00,
  0x02, 0x00, 0x00, 0x00, 0x00, 0x00, 0x00, 0x00, 0x08, 0x00, 0x00, 0x00,
  0x01, 0x00, 0x00, 0x00, 0x0d, 0x00, 0x00, 0x00, 0x01, 0x00, 0x00, 0x00,
  0x00, 0x00, 0x00, 0x00, 0x0e, 0x00, 0x00, 0x00, 0x48, 0x07, 0x00, 0x00,
  0x28, 0x06, 0x00, 0x00, 0x94, 0x05, 0x00, 0x00, 0x24, 0x05, 0x00, 0x00,
  0x3c, 0x04, 0x00, 0x00, 0xc8, 0x03, 0x00, 0x00, 0x74, 0x03, 0x00, 0x00,
  0x04, 0x03, 0x00, 0x00, 0xac, 0x02, 0x00, 0x00, 0x54, 0x02, 0x00, 0x00,
  0xf0, 0x01, 0x00, 0x00, 0x58, 0x01, 0x00, 0x00, 0x50, 0x00, 0x00, 0x00,
  0x04, 0x00, 0x00, 0x00, 0x06, 0xf9, 0xff, 0xff, 0x00, 0x00, 0x00, 0x01,
  0x10, 0x00, 0x00, 0x00, 0x10, 0x00, 0x00, 0x00, 0x0e, 0x00, 0x00, 0x00,
  0x28, 0x00, 0x00, 0x00, 0xf0, 0xf8, 0xff, 0xff, 0x1b, 0x00, 0x00, 0x00,
  0x53, 0x74, 0x61, 0x74, 0x65, 0x66, 0x75, 0x6c, 0x50, 0x61, 0x72, 0x74,
  0x69, 0x74, 0x69, 0x6f, 0x6e, 0x65, 0x64, 0x43, 0x61, 0x6c, 0x6c, 0x5f,
  0x31, 0x3a, 0x30, 0x00, 0x02, 0x00, 0x00, 0x00, 0x01, 0x00, 0x00, 0x00,
  0x07, 0x00, 0x00, 0x00, 0x4e, 0xf9, 0xff, 0xff, 0x00, 0x00, 0x00, 0x01,
  0x10, 0x00, 0x00, 0x00, 0x10, 0x00, 0x00, 0x00, 0x0d, 0x00, 0x00, 0x00,
  0xe4, 0x00, 0x00, 0x00, 0x38, 0xf9, 0xff, 0xff, 0xd7, 0x00, 0x00, 0x00,
  0x64, 0x65, 0x6e, 0x73, 0x65, 0x5f, 0x6e, 0x32, 0x5f, 0x73, 0x32, 0x30,
  0x5f, 0x31, 0x2f, 0x62, 0x61, 0x74, 0x63, 0x68, 0x5f, 0x6e, 0x6f, 0x72,
  0x6d, 0x61, 0x6c, 0x69, 0x7a, 0x61, 0x74, 0x69, 0x6f, 0x6e, 0x5f, 0x31,
  0x33, 0x34, 0x5f, 0x31, 0x2f, 0x62, 0x61, 0x74, 0x63, 0x68, 0x6e, 0x6f,
  0x72, 0x6d, 0x2f, 0x6d, 0x75, 0x6c, 0x5f, 0x31, 0x3b, 0x64, 0x65, 0x6e,
  0x73, 0x65, 0x5f, 0x6e, 0x32, 0x5f, 0x73, 0x32, 0x30, 0x5f, 0x31, 0x2f,
  0x62, 0x61, 0x74, 0x63, 0x68, 0x5f, 0x6e, 0x6f, 0x72, 0x6d, 0x61, 0x6c,
  0x69, 0x7a, 0x61, 0x74, 0x69, 0x6f, 0x6e, 0x5f, 0x31, 0x33, 0x34, 0x5f,
  0x31, 0x2f, 0x62, 0x61, 0x74, 0x63, 0x68, 0x6e, 0x6f, 0x72, 0x6d, 0x2f,
  0x61, 0x64, 0x64, 0x5f, 0x31, 0x3b, 0x64, 0x65, 0x6e, 0x73, 0x65, 0x5f,
  0x6e, 0x32, 0x5f, 0x73, 0x32, 0x30, 0x5f, 0x31, 0x2f, 0x64, 0x65, 0x6e,
  0x73, 0x65, 0x5f, 0x31, 0x31, 0x38, 0x5f, 0x31, 0x2f, 0x4d, 0x61, 0x74,
  0x4d, 0x75, 0x6c, 0x3b, 0x64, 0x65, 0x6e, 0x73, 0x65, 0x5f, 0x6e, 0x32,
  0x5f, 0x73, 0x32, 0x30, 0x5f, 0x31, 0x2f, 0x64, 0x65, 0x6e, 0x73, 0x65,
  0x5f, 0x31, 0x31, 0x38, 0x5f, 0x31, 0x2f, 0x52, 0x65, 0x6c, 0x75, 0x3b,
  0x64, 0x65, 0x6e, 0x73, 0x65, 0x5f, 0x6e, 0x32, 0x5f, 0x73, 0x32, 0x30,
  0x5f, 0x31, 0x2f, 0x64, 0x65, 0x6e, 0x73, 0x65, 0x5f, 0x31, 0x31, 0x38,
  0x5f, 0x31, 0x2f, 0x42, 0x69, 0x61, 0x73, 0x41, 0x64, 0x64, 0x31, 0x00,
  0x02, 0x00, 0x00, 0x00, 0x01, 0x00, 0x00, 0x00, 0x10, 0x00, 0x00, 0x00,
  0x52, 0xfa, 0xff, 0xff, 0x00, 0x00, 0x00, 0x01, 0x10, 0x00, 0x00, 0x00,
  0x10, 0x00, 0x00, 0x00, 0x0c, 0x00, 0x00, 0x00, 0x74, 0x00, 0x00, 0x00,
  0x3c, 0xfa, 0xff, 0xff, 0x64, 0x00, 0x00, 0x00, 0x64, 0x65, 0x6e, 0x73,
  0x65, 0x5f, 0x6e, 0x32, 0x5f, 0x73, 0x32, 0x30, 0x5f, 0x31, 0x2f, 0x64,
  0x65, 0x6e, 0x73, 0x65, 0x5f, 0x31, 0x31, 0x37, 0x5f, 0x31, 0x2f, 0x4d,
  0x61, 0x74, 0x4d, 0x75, 0x6c, 0x3b, 0x64, 0x65, 0x6e, 0x73, 0x65, 0x5f,
  0x6e, 0x32, 0x5f, 0x73, 0x32, 0x30, 0x5f, 0x31, 0x2f, 0x64, 0x65, 0x6e,
  0x73, 0x65, 0x5f, 0x31, 0x31, 0x37, 0x5f, 0x31, 0x2f, 0x52, 0x65, 0x6c,
  0x75, 0x3b, 0x64, 0x65, 0x6e, 0x73, 0x65, 0x5f, 0x6e, 0x32, 0x5f, 0x73,
  0x32, 0x30, 0x5f, 0x31, 0x2f, 0x64, 0x65, 0x6e, 0x73, 0x65, 0x5f, 0x31,
  0x31, 0x37, 0x5f, 0x31, 0x2f, 0x42, 0x69, 0x61, 0x73, 0x41, 0x64, 0x64,
  0x00, 0x00, 0x00, 0x00, 0x02, 0x00, 0x00, 0x00, 0x01, 0x00, 0x00, 0x00,
  0x80, 0x00, 0x00, 0x00, 0xe6, 0xfa, 0xff, 0xff, 0x00, 0x00, 0x00, 0x01,
  0x10, 0x00, 0x00, 0x00, 0x10, 0x00, 0x00, 0x00, 0x0b, 0x00, 0x00, 0x00,
  0x40, 0x00, 0x00, 0x00, 0xd0, 0xfa, 0xff, 0xff, 0x30, 0x00, 0x00, 0x00,
  0x64, 0x65, 0x6e, 0x73, 0x65, 0x5f, 0x6e, 0x32, 0x5f, 0x73, 0x32, 0x30,
  0x5f, 0x31, 0x2f, 0x67, 0x6c, 0x6f, 0x62, 0x61, 0x6c, 0x5f, 0x61, 0x76,
  0x65, 0x72, 0x61, 0x67, 0x65, 0x5f, 0x70, 0x6f, 0x6f, 0x6c, 0x69, 0x6e,
  0x67, 0x31, 0x64, 0x5f, 0x37, 0x5f, 0x31, 0x2f, 0x4d, 0x65, 0x61, 0x6e,
  0x00, 0x00, 0x00, 0x00, 0x02, 0x00, 0x00, 0x00, 0x01, 0x00, 0x00, 0x00,
  0x09, 0x00, 0x00, 0x00, 0x46, 0xfb, 0xff, 0xff, 0x00, 0x00, 0x00, 0x01,
  0x10, 0x00, 0x00, 0x00, 0x10, 0x00, 0x00, 0x00, 0x0a, 0x00, 0x00, 0x00,
  0x30, 0x00, 0x00, 0x00, 0x30, 0xfb, 0xff, 0xff, 0x23, 0x00, 0x00, 0x00,
  0x64, 0x65, 0x6e, 0x73, 0x65, 0x5f, 0x6e, 0x32, 0x5f, 0x73, 0x32, 0x30,
  0x5f, 0x31, 0x2f, 0x72, 0x65, 0x73, 0x68, 0x61, 0x70, 0x65, 0x5f, 0x33,
  0x31, 0x5f, 0x31, 0x2f, 0x52, 0x65, 0x73, 0x68, 0x61, 0x70, 0x65, 0x00,
  0x03, 0x00, 0x00, 0x00, 0x01, 0x00, 0x00, 0x00, 0x14, 0x00, 0x00, 0x00,
  0x09, 0x00, 0x00, 0x00, 0xc2, 0xff, 0xff, 0xff, 0x00, 0x00, 0x00, 0x01,
  0x14, 0x00, 0x00, 0x00, 0x14, 0x00, 0x00, 0x00, 0x09, 0x00, 0x00, 0x00,
  0x00, 0x00, 0x00, 0x02, 0x1c, 0x00, 0x00, 0x00, 0x88, 0xfb, 0xff, 0xff,
  0x0e, 0x00, 0x00, 0x00, 0x61, 0x72, 0x69, 0x74, 0x68, 0x2e, 0x63, 0x6f,
  0x6e, 0x73, 0x74, 0x61, 0x6e, 0x74, 0x00, 0x00, 0x01, 0x00, 0x00, 0x00,
  0x03, 0x00, 0x00, 0x00, 0x00, 0x00, 0x16, 0x00, 0x1c, 0x00, 0x18, 0x00,
  0x17, 0x00, 0x10, 0x00, 0x0c, 0x00, 0x08, 0x00, 0x00, 0x00, 0x00, 0x00,
  0x00, 0x00, 0x07, 0x00, 0x16, 0x00, 0x00, 0x00, 0x00, 0x00, 0x00, 0x01,
  0x14, 0x00, 0x00, 0x00, 0x14, 0x00, 0x00, 0x00, 0x08, 0x00, 0x00, 0x00,
  0x00, 0x00, 0x00, 0x02, 0x50, 0x00, 0x00, 0x00, 0xdc, 0xfb, 0xff, 0xff,
  0x42, 0x00, 0x00, 0x00, 0x64, 0x65, 0x6e, 0x73, 0x65, 0x5f, 0x6e, 0x32,
  0x5f, 0x73, 0x32, 0x30, 0x5f, 0x31, 0x2f, 0x67, 0x6c, 0x6f, 0x62, 0x61,
  0x6c, 0x5f, 0x61, 0x76, 0x65, 0x72, 0x61, 0x67, 0x65, 0x5f, 0x70, 0x6f,
  0x6f, 0x6c, 0x69, 0x6e, 0x67, 0x31, 0x64, 0x5f, 0x37, 0x5f, 0x31, 0x2f,
  0x4d, 0x65, 0x61, 0x6e, 0x2f, 0x72, 0x65, 0x64, 0x75, 0x63, 0x74, 0x69,
  0x6f, 0x6e, 0x5f, 0x69, 0x6e, 0x64, 0x69, 0x63, 0x65, 0x73, 0x00, 0x00,
  0x00, 0x00, 0x00, 0x00, 0x5a, 0xfc, 0xff, 0xff, 0x00, 0x00, 0x00, 0x01,
  0x10, 0x00, 0x00, 0x00, 0x10, 0x00, 0x00, 0x00, 0x07, 0x00, 0x00, 0x00,
  0x30, 0x00, 0x00, 0x00, 0x44, 0xfc, 0xff, 0xff, 0x21, 0x00, 0x00, 0x00,
  0x64, 0x65, 0x6e, 0x73, 0x65, 0x5f, 0x6e, 0x32, 0x5f, 0x73, 0x32, 0x30,
  0x5f, 0x31, 0x2f, 0x64, 0x65, 0x6e, 0x73, 0x65, 0x5f, 0x31, 0x31, 0x37,
  0x5f, 0x31, 0x2f, 0x4d, 0x61, 0x74, 0x4d, 0x75, 0x6c, 0x00, 0x00, 0x00,
  0x02, 0x00, 0x00, 0x00, 0x80, 0x00, 0x00, 0x00, 0x09, 0x00, 0x00, 0x00,
  0xaa, 0xfc, 0xff, 0xff, 0x00, 0x00, 0x00, 0x01, 0x10, 0x00, 0x00, 0x00,
  0x10, 0x00, 0x00, 0x00, 0x06, 0x00, 0x00, 0x00, 0x54, 0x00, 0x00, 0x00,
  0x94, 0xfc, 0xff, 0xff, 0x44, 0x00, 0x00, 0x00, 0x64, 0x65, 0x6e, 0x73,
  0x65, 0x5f, 0x6e, 0x32, 0x5f, 0x73, 0x32, 0x30, 0x5f, 0x31, 0x2f, 0x64,
  0x65, 0x6e, 0x73, 0x65, 0x5f, 0x31, 0x31, 0x39, 0x5f, 0x31, 0x2f, 0x4d,
  0x61, 0x74, 0x4d, 0x75, 0x6c, 0x3b, 0x64, 0x65, 0x6e, 0x73, 0x65, 0x5f,
  0x6e, 0x32, 0x5f, 0x73, 0x32, 0x30, 0x5f, 0x31, 0x2f, 0x64, 0x65, 0x6e,
  0x73, 0x65, 0x5f, 0x31, 0x31, 0x39, 0x5f, 0x31, 0x2f, 0x42, 0x69, 0x61,
  0x73, 0x41, 0x64, 0x64, 0x00, 0x00, 0x00, 0x00, 0x01, 0x00, 0x00, 0x00,
  0x07, 0x00, 0x00, 0x00, 0x1a, 0xfd, 0xff, 0xff, 0x00, 0x00, 0x00, 0x01,
  0x10, 0x00, 0x00, 0x00, 0x10, 0x00, 0x00, 0x00, 0x05, 0x00, 0x00, 0x00,
  0xc4, 0x00, 0x00, 0x00, 0x04, 0xfd, 0xff, 0xff, 0xb6, 0x00, 0x00, 0x00,
  0x64, 0x65, 0x6e, 0x73, 0x65, 0x5f, 0x6e, 0x32, 0x5f, 0x73, 0x32, 0x30,
  0x5f, 0x31, 0x2f, 0x62, 0x61, 0x74, 0x63, 0x68, 0x5f, 0x6e, 0x6f, 0x72,
  0x6d, 0x61, 0x6c, 0x69, 0x7a, 0x61, 0x74, 0x69, 0x6f, 0x6e, 0x5f, 0x31,
  0x33, 0x35, 0x5f, 0x31, 0x2f, 0x62, 0x61, 0x74, 0x63, 0x68, 0x6e, 0x6f,
  0x72, 0x6d, 0x2f, 0x6d, 0x75, 0x6c, 0x5f, 0x31, 0x3b, 0x64, 0x65, 0x6e,
  0x73, 0x65, 0x5f, 0x6e, 0x32, 0x5f, 0x73, 0x32, 0x30, 0x5f, 0x31, 0x2f,
  0x62, 0x61, 0x74, 0x63, 0x68, 0x5f, 0x6e, 0x6f, 0x72, 0x6d, 0x61, 0x6c,
  0x69, 0x7a, 0x61, 0x74, 0x69, 0x6f, 0x6e, 0x5f, 0x31, 0x33, 0x35, 0x5f,
  0x31, 0x2f, 0x62, 0x61, 0x74, 0x63, 0x68, 0x6e, 0x6f, 0x72, 0x6d, 0x2f,
  0x61, 0x64, 0x64, 0x5f, 0x31, 0x3b, 0x64, 0x65, 0x6e, 0x73, 0x65, 0x5f,
  0x6e, 0x32, 0x5f, 0x73, 0x32, 0x30, 0x5f, 0x31, 0x2f, 0x64, 0x65, 0x6e,
  0x73, 0x65, 0x5f, 0x31, 0x31, 0x39, 0x5f, 0x31, 0x2f, 0x4d, 0x61, 0x74,
  0x4d, 0x75, 0x6c, 0x3b, 0x64, 0x65, 0x6e, 0x73, 0x65, 0x5f, 0x6e, 0x32,
  0x5f, 0x73, 0x32, 0x30, 0x5f, 0x31, 0x2f, 0x64, 0x65, 0x6e, 0x73, 0x65,
  0x5f, 0x31, 0x31, 0x39, 0x5f, 0x31, 0x2f, 0x42, 0x69, 0x61, 0x73, 0x41,
  0x64, 0x64, 0x00, 0x00, 0x02, 0x00, 0x00, 0x00, 0x07, 0x00, 0x00, 0x00,
  0x10, 0x00, 0x00, 0x00, 0xfe, 0xfd, 0xff, 0xff, 0x00, 0x00, 0x00, 0x01,
  0x10, 0x00, 0x00, 0x00, 0x10, 0x00, 0x00, 0x00, 0x04, 0x00, 0x00, 0x00,
  0x50, 0x00, 0x00, 0x00, 0xe8, 0xfd, 0xff, 0xff, 0x42, 0x00, 0x00, 0x00,
  0x64, 0x65, 0x6e, 0x73, 0x65, 0x5f, 0x6e, 0x32, 0x5f, 0x73, 0x32, 0x30,
  0x5f, 0x31, 0x2f, 0x64, 0x65, 0x6e, 0x73, 0x65, 0x5f, 0x31, 0x31, 0x37,
  0x5f, 0x31, 0x2f, 0x52, 0x65, 0x6c, 0x75, 0x3b, 0x64, 0x65, 0x6e, 0x73,
  0x65, 0x5f, 0x6e, 0x32, 0x5f, 0x73, 0x32, 0x30, 0x5f, 0x31, 0x2f, 0x64,
  0x65, 0x6e, 0x73, 0x65, 0x5f, 0x31, 0x31, 0x37, 0x5f, 0x31, 0x2f, 0x42,
  0x69, 0x61, 0x73, 0x41, 0x64, 0x64, 0x00, 0x00, 0x01, 0x00, 0x00, 0x00,
  0x80, 0x00, 0x00, 0x00, 0x6a, 0xfe, 0xff, 0xff, 0x00, 0x00, 0x00, 0x01,
  0x10, 0x00, 0x00, 0x00, 0x10, 0x00, 0x00, 0x00, 0x03, 0x00, 0x00, 0x00,
  0x74, 0x00, 0x00, 0x00, 0x54, 0xfe, 0xff, 0xff, 0x64, 0x00, 0x00, 0x00,
  0x64, 0x65, 0x6e, 0x73, 0x65, 0x5f, 0x6e, 0x32, 0x5f, 0x73, 0x32, 0x30,
  0x5f, 0x31, 0x2f, 0x64, 0x65, 0x6e, 0x73, 0x65, 0x5f, 0x31, 0x31, 0x38,
  0x5f, 0x31, 0x2f, 0x4d, 0x61, 0x74, 0x4d, 0x75, 0x6c, 0x3b, 0x64, 0x65,
  0x6e, 0x73, 0x65, 0x5f, 0x6e, 0x32, 0x5f, 0x73, 0x32, 0x30, 0x5f, 0x31,
  0x2f, 0x64, 0x65, 0x6e, 0x73, 0x65, 0x5f, 0x31, 0x31, 0x38, 0x5f, 0x31,
  0x2f, 0x52, 0x65, 0x6c, 0x75, 0x3b, 0x64, 0x65, 0x6e, 0x73, 0x65, 0x5f,
  0x6e, 0x32, 0x5f, 0x73, 0x32, 0x30, 0x5f, 0x31, 0x2f, 0x64, 0x65, 0x6e,
  0x73, 0x65, 0x5f, 0x31, 0x31, 0x38, 0x5f, 0x31, 0x2f, 0x42, 0x69, 0x61,
  0x73, 0x41, 0x64, 0x64, 0x00, 0x00, 0x00, 0x00, 0x01, 0x00, 0x00, 0x00,
  0x10, 0x00, 0x00, 0x00, 0xfa, 0xfe, 0xff, 0xff, 0x00, 0x00, 0x00, 0x01,
  0x10, 0x00, 0x00, 0x00, 0x10, 0x00, 0x00, 0x00, 0x02, 0x00, 0x00, 0x00,
  0xe4, 0x00, 0x00, 0x00, 0xe4, 0xfe, 0xff, 0xff, 0xd6, 0x00, 0x00, 0x00,
  0x64, 0x65, 0x6e, 0x73, 0x65, 0x5f, 0x6e, 0x32, 0x5f, 0x73, 0x32, 0x30,
  0x5f, 0x31, 0x2f, 0x62, 0x61, 0x74, 0x63, 0x68, 0x5f, 0x6e, 0x6f, 0x72,
  0x6d, 0x61, 0x6c, 0x69, 0x7a, 0x61, 0x74, 0x69, 0x6f, 0x6e, 0x5f, 0x31,
  0x33, 0x34, 0x5f, 0x31, 0x2f, 0x62, 0x61, 0x74, 0x63, 0x68, 0x6e, 0x6f,
  0x72, 0x6d, 0x2f, 0x6d, 0x75, 0x6c, 0x5f, 0x31, 0x3b, 0x64, 0x65, 0x6e,
  0x73, 0x65, 0x5f, 0x6e, 0x32, 0x5f, 0x73, 0x32, 0x30, 0x5f, 0x31, 0x2f,
  0x62, 0x61, 0x74, 0x63, 0x68, 0x5f, 0x6e, 0x6f, 0x72, 0x6d, 0x61, 0x6c,
  0x69, 0x7a, 0x61, 0x74, 0x69, 0x6f, 0x6e, 0x5f, 0x31, 0x33, 0x34, 0x5f,
  0x31, 0x2f, 0x62, 0x61, 0x74, 0x63, 0x68, 0x6e, 0x6f, 0x72, 0x6d, 0x2f,
  0x61, 0x64, 0x64, 0x5f, 0x31, 0x3b, 0x64, 0x65, 0x6e, 0x73, 0x65, 0x5f,
  0x6e, 0x32, 0x5f, 0x73, 0x32, 0x30, 0x5f, 0x31, 0x2f, 0x64, 0x65, 0x6e,
  0x73, 0x65, 0x5f, 0x31, 0x31, 0x38, 0x5f, 0x31, 0x2f, 0x4d, 0x61, 0x74,
  0x4d, 0x75, 0x6c, 0x3b, 0x64, 0x65, 0x6e, 0x73, 0x65, 0x5f, 0x6e, 0x32,
  0x5f, 0x73, 0x32, 0x30, 0x5f, 0x31, 0x2f, 0x64, 0x65, 0x6e, 0x73, 0x65,
  0x5f, 0x31, 0x31, 0x38, 0x5f, 0x31, 0x2f, 0x52, 0x65, 0x6c, 0x75, 0x3b,
  0x64, 0x65, 0x6e, 0x73, 0x65, 0x5f, 0x6e, 0x32, 0x5f, 0x73, 0x32, 0x30,
  0x5f, 0x31, 0x2f, 0x64, 0x65, 0x6e, 0x73, 0x65, 0x5f, 0x31, 0x31, 0x38,
  0x5f, 0x31, 0x2f, 0x42, 0x69, 0x61, 0x73, 0x41, 0x64, 0x64, 0x00, 0x00,
  0x02, 0x00, 0x00, 0x00, 0x10, 0x00, 0x00, 0x00, 0x80, 0x00, 0x00, 0x00,
  0x00, 0x00, 0x16, 0x00, 0x18, 0x00, 0x14, 0x00, 0x00, 0x00, 0x10, 0x00,
  0x0c, 0x00, 0x08, 0x00, 0x00, 0x00, 0x00, 0x00, 0x00, 0x00, 0x07, 0x00,
  0x16, 0x00, 0x00, 0x00, 0x00, 0x00, 0x00, 0x01, 0x14, 0x00, 0x00, 0x00,
  0x14, 0x00, 0x00, 0x00, 0x01, 0x00, 0x00, 0x00, 0x34, 0x00, 0x00, 0x00,
  0x04, 0x00, 0x04, 0x00, 0x04, 0x00, 0x00, 0x00, 0x23, 0x00, 0x00, 0x00,
  0x73, 0x65, 0x72, 0x76, 0x69, 0x6e, 0x67, 0x5f, 0x64, 0x65, 0x66, 0x61,
  0x75, 0x6c, 0x74, 0x5f, 0x6b, 0x65, 0x72, 0x61, 0x73, 0x5f, 0x74, 0x65,
  0x6e, 0x73, 0x6f, 0x72, 0x5f, 0x37, 0x30, 0x33, 0x31, 0x3a, 0x30, 0x00,
  0x04, 0x00, 0x00, 0x00, 0x01, 0x00, 0x00, 0x00, 0x14, 0x00, 0x00, 0x00,
  0x01, 0x00, 0x00, 0x00, 0x09, 0x00, 0x00, 0x00, 0x03, 0x00, 0x00, 0x00,
  0x30, 0x00, 0x00, 0x00, 0x14, 0x00, 0x00, 0x00, 0x04, 0x00, 0x00, 0x00,
  0xe8, 0xff, 0xff, 0xff, 0x09, 0x00, 0x00, 0x00, 0x00, 0x00, 0x00, 0x09,
  0xf4, 0xff, 0xff, 0xff, 0x28, 0x00, 0x00, 0x00, 0x00, 0x00, 0x00, 0x28,
  0x0c, 0x00, 0x0c, 0x00, 0x0b, 0x00, 0x00, 0x00, 0x00, 0x00, 0x04, 0x00,
  0x0c, 0x00, 0x00, 0x00, 0x16, 0x00, 0x00, 0x00, 0x00, 0x00, 0x00, 0x16
};
unsigned int tflite_models_dense_only_2_128_16_20_True_float32_tflite_len = 16932;
