unsigned char tflite_models_dense_only_2_128_16_10_False_float32_tflite[] = {
  0x1c, 0x00, 0x00, 0x00, 0x54, 0x46, 0x4c, 0x33, 0x14, 0x00, 0x20, 0x00,
  0x1c, 0x00, 0x18, 0x00, 0x14, 0x00, 0x10, 0x00, 0x0c, 0x00, 0x00, 0x00,
  0x08, 0x00, 0x04, 0x00, 0x14, 0x00, 0x00, 0x00, 0x1c, 0x00, 0x00, 0x00,
  0x9c, 0x00, 0x00, 0x00, 0xf4, 0x00, 0x00, 0x00, 0x70, 0x38, 0x00, 0x00,
  0x80, 0x38, 0x00, 0x00, 0xb0, 0x3f, 0x00, 0x00, 0x03, 0x00, 0x00, 0x00,
  0x01, 0x00, 0x00, 0x00, 0x10, 0x00, 0x00, 0x00, 0x00, 0x00, 0x0a, 0x00,
  0x10, 0x00, 0x0c, 0x00, 0x08, 0x00, 0x04, 0x00, 0x0a, 0x00, 0x00, 0x00,
  0x0c, 0x00, 0x00, 0x00, 0x1c, 0x00, 0x00, 0x00, 0x3c, 0x00, 0x00, 0x00,
  0x0f, 0x00, 0x00, 0x00, 0x73, 0x65, 0x72, 0x76, 0x69, 0x6e, 0x67, 0x5f,
  0x64, 0x65, 0x66, 0x61, 0x75, 0x6c, 0x74, 0x00, 0x01, 0x00, 0x00, 0x00,
  0x04, 0x00, 0x00, 0x00, 0x8c, 0xff, 0xff, 0xff, 0x0d, 0x00, 0x00, 0x00,
  0x04, 0x00, 0x00, 0x00, 0x08, 0x00, 0x00, 0x00, 0x6f, 0x75, 0x74, 0x70,
  0x75, 0x74, 0x5f, 0x30, 0x00, 0x00, 0x00, 0x00, 0x01, 0x00, 0x00, 0x00,
  0x04, 0x00, 0x00, 0x00, 0x5e, 0xc8, 0xff, 0xff, 0x04, 0x00, 0x00, 0x00,
  0x11, 0x00, 0x00, 0x00, 0x6b, 0x65, 0x72, 0x61, 0x73, 0x5f, 0x74, 0x65,
  0x6e, 0x73, 0x6f, 0x72, 0x5f, 0x36, 0x38, 0x39, 0x39, 0x00, 0x00, 0x00,
  0x02, 0x00, 0x00, 0x00, 0x34, 0x00, 0x00, 0x00, 0x04, 0x00, 0x00, 0x00,
  0xdc, 0xff, 0xff, 0xff, 0x10, 0x00, 0x00, 0x00, 0x04, 0x00, 0x00, 0x00,
  0x13, 0x00, 0x00, 0x00, 0x43, 0x4f, 0x4e, 0x56, 0x45, 0x52, 0x53, 0x49,
  0x4f, 0x4e, 0x5f, 0x4d, 0x45, 0x54, 0x41, 0x44, 0x41, 0x54, 0x41, 0x00,
  0x08, 0x00, 0x0c, 0x00, 0x08, 0x00, 0x04, 0x00, 0x08, 0x00, 0x00, 0x00,
  0x0f, 0x00, 0x00, 0x00, 0x04, 0x00, 0x00, 0x00, 0x13, 0x00, 0x00, 0x00,
  0x6d, 0x69, 0x6e, 0x5f, 0x72, 0x75, 0x6e, 0x74, 0x69, 0x6d, 0x65, 0x5f,
  0x76, 0x65, 0x72, 0x73, 0x69, 0x6f, 0x6e, 0x00, 0x11, 0x00, 0x00, 0x00,
  0x78, 0x37, 0x00, 0x00, 0x70, 0x37, 0x00, 0x00, 0x20, 0x37, 0x00, 0x00,
  0x08, 0x35, 0x00, 0x00, 0xdc, 0x34, 0x00, 0x00, 0x0c, 0x33, 0x00, 0x00,
  0xfc, 0x12, 0x00, 0x00, 0xec, 0x00, 0x00, 0x00, 0xd8, 0x00, 0x00, 0x00,
  0xbc, 0x00, 0x00, 0x00, 0xb4, 0x00, 0x00, 0x00, 0xac, 0x00, 0x00, 0x00,
  0xa4, 0x00, 0x00, 0x00, 0x9c, 0x00, 0x00, 0x00, 0x94, 0x00, 0x00, 0x00,
  0x74, 0x00, 0x00, 0x00, 0x04, 0x00, 0x00, 0x00, 0x22, 0xc9, 0xff, 0xff,
  0x04, 0x00, 0x00, 0x00, 0x60, 0x00, 0x00, 0x00, 0x10, 0x00, 0x00, 0x00,
  0x00, 0x00, 0x00, 0x00, 0x08, 0x00, 0x0e, 0x00, 0x08, 0x00, 0x04, 0x00,
  0x08, 0x00, 0x00, 0x00, 0x10, 0x00, 0x00, 0x00, 0x24, 0x00, 0x00, 0x00,
  0x00, 0x00, 0x06, 0x00, 0x08, 0x00, 0x04, 0x00, 0x06, 0x00, 0x00, 0x00,
  0x04, 0x00, 0x00, 0x00, 0x00, 0x00, 0x00, 0x00, 0x0c, 0x00, 0x18, 0x00,
  0x14, 0x00, 0x10, 0x00, 0x0c, 0x00, 0x04, 0x00, 0x0c, 0x00, 0x00, 0x00,
  0x48, 0xa6, 0x3c, 0xef, 0x63, 0x1c, 0x3c, 0x34, 0x02, 0x00, 0x00, 0x00,
  0x02, 0x00, 0x00, 0x00, 0x04, 0x00, 0x00, 0x00, 0x06, 0x00, 0x00, 0x00,
  0x32, 0x2e, 0x32, 0x31, 0x2e, 0x30, 0x00, 0x00, 0x8e, 0xc9, 0xff, 0xff,
  0x04, 0x00, 0x00, 0x00, 0x10, 0x00, 0x00, 0x00, 0x31, 0x2e, 0x36, 0x2e,
  0x30, 0x00, 0x00, 0x00, 0x00, 0x00, 0x00, 0x00, 0x00, 0x00, 0x00, 0x00,
  0x4c, 0xc2, 0xff, 0xff, 0x50, 0xc2, 0xff, 0xff, 0x54, 0xc2, 0xff, 0xff,
  0x58, 0xc2, 0xff, 0xff, 0x5c, 0xc2, 0xff, 0xff, 0xbe, 0xc9, 0xff, 0xff,
  0x04, 0x00, 0x00, 0x00, 0x0c, 0x00, 0x00, 0x00, 0x01, 0x00, 0x00, 0x00,
  0x0a, 0x00, 0x00, 0x00, 0x09, 0x00, 0x00, 0x00, 0xd6, 0xc9, 0xff, 0xff,
  0x04, 0x00, 0x00, 0x00, 0x04, 0x00, 0x00, 0x00, 0x01, 0x00, 0x00, 0x00,
  0xe6, 0xc9, 0xff, 0xff, 0x04, 0x00, 0x00, 0x00, 0x00, 0x12, 0x00, 0x00,
  0xc1, 0xa2, 0xdb, 0x3d, 0x92, 0x83, 0x44, 0xb9, 0x30, 0x86, 0x8e, 0x3e,
  0x8e, 0x70, 0xb2, 0xbe, 0xf9, 0x4e, 0xac, 0xbc, 0x64, 0xfb, 0x02, 0x3f,
  0xba, 0xc3, 0x92, 0x3e, 0x72, 0x62, 0xe3, 0x3d, 0x5b, 0x44, 0xce, 0x3e,
  0x48, 0xef, 0xed, 0x3c, 0x08, 0x9c, 0xc0, 0xbd, 0xa8, 0x34, 0x4c, 0x3c,
  0x3c, 0x74, 0xbd, 0xbe, 0x66, 0xff, 0xd6, 0x3d, 0x5d, 0xa8, 0x80, 0xbe,
  0xc2, 0x79, 0xcc, 0xbe, 0xbf, 0xce, 0x55, 0x3c, 0x82, 0xbc, 0xab, 0xbe,
  0x1f, 0x4b, 0xb7, 0xbb, 0x84, 0xaa, 0xb3, 0x3e, 0xf9, 0xc7, 0xd8, 0xbe,
  0x81, 0x3a, 0x59, 0xbd, 0xe0, 0x36, 0x9a, 0xbd, 0xdf, 0xba, 0x02, 0x3f,
  0x0b, 0xd3, 0xaf, 0xbd, 0x2f, 0xd9, 0xd7, 0x3d, 0x13, 0x81, 0xc4, 0x3d,
  0xcf, 0x8d, 0xb1, 0x3d, 0x7a, 0x95, 0xa7, 0x3e, 0xfc, 0xf6, 0x80, 0xbe,
  0x3d, 0x01, 0x2d, 0x3e, 0xae, 0x85, 0x33, 0xbe, 0xc8, 0xa8, 0x4e, 0xbd,
  0xcb, 0x4b, 0x0b, 0x3e, 0x14, 0x24, 0x76, 0x3d, 0x0b, 0x8a, 0x39, 0x3e,
  0x0f, 0x3d, 0x87, 0xbe, 0x08, 0xbe, 0xe3, 0xbd, 0xaf, 0x1c, 0x2c, 0x3e,
  0xf3, 0x29, 0x9d, 0x3d, 0x43, 0xdd, 0x88, 0xbc, 0x38, 0xe9, 0x93, 0xbe,
  0x9f, 0x02, 0xb8, 0x3e, 0x6c, 0x3f, 0x9f, 0x3e, 0xca, 0xff, 0x6b, 0x3d,
  0xce, 0xe3, 0x34, 0x3d, 0x80, 0x22, 0xad, 0xbd, 0x95, 0x1c, 0xcd, 0x3e,
  0xb0, 0x4d, 0x82, 0x3e, 0xac, 0xb7, 0xeb, 0xbd, 0x9d, 0xa1, 0x8d, 0x3d,
  0xef, 0xb4, 0x04, 0x3f, 0xca, 0x96, 0x8c, 0x3e, 0x18, 0x36, 0xd5, 0xbd,
  0xdb, 0x48, 0xdf, 0xbd, 0x01, 0xd5, 0x6d, 0x3d, 0xda, 0x4f, 0xcc, 0x3b,
  0xce, 0xb9, 0x89, 0x3d, 0x6d, 0x1e, 0xb9, 0xbd, 0x45, 0x37, 0xc8, 0xbd,
  0x49, 0x9d, 0x6f, 0x3d, 0x52, 0x3c, 0xe7, 0x3c, 0x45, 0x6f, 0x03, 0xbd,
  0xc1, 0xe6, 0x48, 0x3e, 0xdc, 0xc7, 0x0f, 0x3e, 0xbb, 0x1c, 0x0e, 0xbf,
  0xe0, 0xb5, 0x51, 0xbe, 0x4b, 0xf1, 0x05, 0xbe, 0x97, 0xe4, 0xee, 0x3d,
  0xda, 0x24, 0x96, 0xbe, 0x2c, 0x92, 0x48, 0x3e, 0xc0, 0x1e, 0xb9, 0xbd,
  0xb5, 0xaa, 0xab, 0x3e, 0xef, 0xba, 0x6c, 0x3e, 0x7a, 0x2a, 0x9e, 0xbe,
  0xa7, 0x1b, 0xde, 0xbd, 0xd6, 0x6c, 0xa7, 0xbd, 0xb9, 0x1b, 0x48, 0xbd,
  0x1a, 0x11, 0xcc, 0x3d, 0xc6, 0x19, 0x7d, 0x3d, 0xf7, 0x3c, 0x7b, 0xbe,
  0x1f, 0xcc, 0x86, 0xbe, 0x4e, 0xd8, 0x9d, 0xba, 0xc2, 0x87, 0x01, 0xbf,
  0x5f, 0x86, 0x39, 0xbe, 0x77, 0x74, 0xaa, 0xbe, 0x9d, 0xd0, 0x39, 0x3e,
  0xc2, 0x1a, 0xa4, 0x3e, 0xc8, 0x2d, 0xd7, 0x3e, 0xf7, 0x98, 0xba, 0x3d,
  0x66, 0xb0, 0x9b, 0x3e, 0xbd, 0xda, 0x33, 0x3e, 0x3a, 0x06, 0xb9, 0x3e,
  0x71, 0xeb, 0xf7, 0x3d, 0x2a, 0xd8, 0x41, 0x3e, 0xb7, 0x0d, 0x31, 0x3d,
  0x05, 0x34, 0x22, 0xbc, 0x61, 0x52, 0xd6, 0xbc, 0x1b, 0xca, 0x4f, 0x3e,
  0xe3, 0x27, 0x07, 0xbd, 0xe9, 0xc6, 0xe9, 0x3b, 0x81, 0x47, 0x9c, 0xbd,
  0xc7, 0x0a, 0x1d, 0x3e, 0xcf, 0xdb, 0x5c, 0x3e, 0xbe, 0x6c, 0xef, 0x3e,
  0x0d, 0xa2, 0x6c, 0xbe, 0x1a, 0xa1, 0x1e, 0x3d, 0x48, 0x5e, 0xd8, 0x3e,
  0xd1, 0x16, 0x6f, 0x3e, 0x65, 0x3d, 0x2c, 0xbd, 0x77, 0xfc, 0xdb, 0x3e,
  0x81, 0xee, 0x0c, 0x3f, 0x8e, 0xf8, 0xc7, 0xbc, 0x7a, 0x0e, 0x63, 0x3d,
  0x57, 0xb2, 0x63, 0x3e, 0xab, 0x21, 0x3b, 0x3e, 0x17, 0x40, 0xbe, 0xbd,
  0x96, 0xdd, 0x37, 0x3d, 0x14, 0x4f, 0x03, 0xbb, 0xf4, 0x40, 0x02, 0xbe,
  0x61, 0xac, 0x0f, 0x3f, 0x9d, 0x23, 0x47, 0xbd, 0x38, 0x90, 0xeb, 0xbc,
  0xcf, 0x3c, 0x49, 0x3e, 0x94, 0x6b, 0x00, 0x3d, 0x17, 0xc8, 0x11, 0xbd,
  0x05, 0x19, 0x30, 0xbe, 0xef, 0x51, 0x99, 0x3d, 0x3c, 0x55, 0x58, 0x3e,
  0x43, 0x67, 0x4b, 0x3e, 0x60, 0xa8, 0x43, 0x3d, 0x20, 0x11, 0x38, 0x3c,
  0xe1, 0xb3, 0xab, 0x3e, 0x09, 0xbc, 0x4d, 0x3e, 0x9b, 0x90, 0x0d, 0xbe,
  0x01, 0x21, 0xf1, 0x3d, 0x80, 0x81, 0xc1, 0x3b, 0x5e, 0x39, 0x7c, 0x3e,
  0x0f, 0x6b, 0x94, 0x3b, 0xaa, 0x9e, 0x75, 0x3e, 0xb4, 0xb2, 0x63, 0x3c,
  0xd6, 0x7e, 0x00, 0x3a, 0x41, 0x56, 0xfa, 0x3e, 0x68, 0x8e, 0x1e, 0xbd,
  0xdf, 0x65, 0x67, 0x3b, 0x8f, 0x61, 0x9b, 0x3e, 0x38, 0xce, 0x5b, 0xbe,
  0xd7, 0xd7, 0xaf, 0x3e, 0xd3, 0x3b, 0xcc, 0xbd, 0x9a, 0x03, 0x41, 0x3e,
  0x41, 0xca, 0xb5, 0x3e, 0x5e, 0xc6, 0x94, 0x3c, 0x59, 0x55, 0x86, 0x3e,
  0x84, 0x49, 0xeb, 0xbd, 0x2d, 0xad, 0x09, 0x3e, 0xa6, 0x61, 0x58, 0xbe,
  0x83, 0x36, 0xa1, 0x3d, 0xf5, 0x73, 0xe3, 0x3c, 0x83, 0xe5, 0x17, 0xbf,
  0x2a, 0xab, 0x7f, 0xbe, 0xb4, 0x52, 0xd6, 0xbc, 0x46, 0xd9, 0x4a, 0xbe,
  0x2e, 0xed, 0x01, 0x3e, 0x8b, 0x90, 0xf6, 0xbc, 0x7b, 0xb4, 0xa8, 0xbd,
  0xa9, 0x68, 0x90, 0x3d, 0x51, 0xa8, 0xff, 0xbd, 0xc3, 0xcf, 0xe7, 0x3c,
  0xf8, 0xae, 0x86, 0x3e, 0x41, 0xeb, 0x1c, 0xbd, 0x48, 0x16, 0x85, 0x3e,
  0xce, 0xb0, 0xa6, 0xbe, 0xb0, 0xf3, 0xac, 0x3d, 0x80, 0xd4, 0x97, 0x3d,
  0x13, 0x1a, 0xd7, 0xbd, 0x5e, 0xf7, 0x81, 0xbd, 0xd8, 0xb9, 0xe8, 0xbe,
  0x87, 0xff, 0xa7, 0x3d, 0x57, 0x85, 0x15, 0xbe, 0xe3, 0x0c, 0xb4, 0x3d,
  0xba, 0xf1, 0x52, 0xbe, 0x98, 0xae, 0x78, 0xbe, 0x34, 0xd5, 0x95, 0x3e,
  0xba, 0xd0, 0x1e, 0x3d, 0x71, 0x12, 0xa2, 0xbd, 0xc2, 0x6c, 0xd8, 0xbc,
  0x28, 0xaf, 0xb0, 0xbe, 0x28, 0x67, 0x1f, 0xbc, 0xe0, 0x1a, 0x42, 0x3e,
  0x30, 0x45, 0x07, 0xbe, 0x95, 0xc8, 0x97, 0x3e, 0x15, 0xfa, 0x3e, 0x3e,
  0x3f, 0xf2, 0xd9, 0xbe, 0xa9, 0x4d, 0x83, 0xbd, 0xe9, 0x45, 0xea, 0x3c,
  0x05, 0x8e, 0x51, 0x3e, 0xc1, 0xe6, 0x0d, 0xbc, 0xcb, 0xdb, 0x82, 0x3e,
  0xf1, 0x48, 0x4e, 0x3e, 0x69, 0x92, 0x89, 0xbd, 0xa3, 0x6c, 0x5a, 0x3e,
  0x6a, 0xb8, 0xed, 0x3d, 0xb0, 0x5d, 0xc3, 0x3d, 0x12, 0xbe, 0x61, 0x3e,
  0x76, 0x90, 0xb6, 0xbe, 0xf1, 0x82, 0x69, 0xbe, 0xf7, 0x24, 0x2c, 0x3d,
  0x6d, 0xbf, 0x2c, 0xbe, 0x26, 0x3c, 0xde, 0x3b, 0xf0, 0xc2, 0xbd, 0xbe,
  0xf1, 0x08, 0x04, 0x3d, 0x02, 0x37, 0x3d, 0xbd, 0xe9, 0xb0, 0x9c, 0x3e,
  0xcf, 0x90, 0x0d, 0xbe, 0x1e, 0xaa, 0x12, 0xbd, 0xdd, 0xdf, 0x41, 0x3e,
  0xf5, 0x9b, 0xc4, 0x3e, 0x7f, 0x40, 0x1c, 0xbe, 0xfd, 0x83, 0x5f, 0xbe,
  0x92, 0x54, 0x78, 0xbe, 0x5e, 0x3d, 0x3e, 0xbe, 0x16, 0xbd, 0x81, 0xbd,
  0xd2, 0xd6, 0x0f, 0x3e, 0xbf, 0x31, 0x94, 0x3e, 0x22, 0x98, 0x86, 0xbc,
  0x5e, 0x19, 0x1d, 0xbe, 0xb5, 0xf5, 0xe0, 0xbc, 0x62, 0x9f, 0xc5, 0x3c,
  0xf8, 0xae, 0x75, 0x3e, 0x14, 0xf4, 0xa6, 0xbd, 0xa6, 0xb9, 0x0a, 0xbe,
  0xaf, 0x8c, 0x12, 0x3d, 0x76, 0xdd, 0x7c, 0x3c, 0x6e, 0x06, 0x28, 0x3e,
  0x5b, 0x4a, 0xab, 0xbd, 0x29, 0x4a, 0xf7, 0x3c, 0x01, 0x45, 0x19, 0xbe,
  0x6e, 0x48, 0x98, 0xbd, 0xfa, 0x6e, 0x13, 0x3e, 0x9b, 0xf7, 0xba, 0x3d,
  0x50, 0xc9, 0xa8, 0xbd, 0xc9, 0xcf, 0x01, 0x3f, 0x0b, 0xa1, 0x09, 0x3e,
  0x12, 0xbf, 0x8c, 0x3d, 0x99, 0x45, 0x0e, 0x3e, 0xf6, 0x2b, 0x9d, 0xbe,
  0xa0, 0x4d, 0xc5, 0xbb, 0xda, 0x7f, 0x31, 0xbc, 0xce, 0xeb, 0x5b, 0x3e,
  0x0b, 0x3d, 0x93, 0x3e, 0xee, 0x44, 0xcb, 0xbe, 0x56, 0xa6, 0x52, 0x3e,
  0xd5, 0xaf, 0x26, 0x3e, 0x09, 0xfc, 0x36, 0xbe, 0x48, 0x39, 0xc8, 0xbd,
  0xa7, 0xa9, 0xb1, 0xbe, 0xe3, 0xbe, 0x46, 0xbe, 0x58, 0x68, 0xd5, 0x3e,
  0x3d, 0xbe, 0x00, 0xbe, 0xbc, 0xf6, 0xa5, 0xbe, 0x81, 0xbc, 0x6e, 0xbd,
  0x2e, 0xa7, 0x3f, 0x3d, 0x37, 0xb9, 0x44, 0x3e, 0x48, 0x07, 0xb0, 0x3c,
  0x18, 0x27, 0x27, 0x3d, 0x23, 0x1d, 0x57, 0x3d, 0x96, 0x5a, 0xb9, 0x3d,
  0x30, 0xcb, 0xaa, 0xbd, 0x7a, 0x0f, 0xa4, 0x3e, 0x72, 0xec, 0xb9, 0x3e,
  0x27, 0x49, 0x24, 0xbe, 0x3f, 0xda, 0xf5, 0x3d, 0xfd, 0xdc, 0xcd, 0x3c,
  0x01, 0xfb, 0xbd, 0xbe, 0x59, 0x9a, 0x62, 0x3e, 0x02, 0xd4, 0xc3, 0x3d,
  0x69, 0xbf, 0xc4, 0xbe, 0x41, 0x8c, 0xaa, 0x3d, 0x6a, 0xdd, 0x64, 0x3e,
  0xea, 0x78, 0x3f, 0xbd, 0xee, 0x2c, 0x80, 0xbd, 0x2e, 0xcb, 0x55, 0x3e,
  0xfc, 0x33, 0xbd, 0xbe, 0x89, 0xe1, 0x66, 0x3d, 0x49, 0x5a, 0xb8, 0x3e,
  0xf6, 0xde, 0x22, 0x3e, 0xba, 0x02, 0x33, 0xbe, 0x0f, 0x8e, 0xb7, 0x3e,
  0x72, 0x41, 0x51, 0xbe, 0xaf, 0xe7, 0x74, 0xbe, 0x80, 0x75, 0x6a, 0xbe,
  0x1f, 0xbc, 0xe4, 0x3e, 0x72, 0xb5, 0xaa, 0x3b, 0x52, 0xb3, 0x49, 0x3d,
  0x26, 0x69, 0x9c, 0xbe, 0x94, 0x2b, 0xa6, 0xbd, 0x02, 0xb4, 0xb1, 0xbe,
  0x36, 0x0a, 0x8a, 0xbc, 0x6b, 0xe4, 0x20, 0x3e, 0xa8, 0xd2, 0x08, 0xbb,
  0xbb, 0x5a, 0x4b, 0x3d, 0x85, 0xee, 0x36, 0xbd, 0x95, 0xe6, 0x02, 0x3e,
  0x55, 0x2b, 0x62, 0xbe, 0x3a, 0x3d, 0xde, 0x3d, 0x4c, 0x99, 0xdb, 0x3e,
  0xc1, 0x19, 0x43, 0x3c, 0xc3, 0x85, 0xce, 0x3e, 0xf5, 0xcd, 0x58, 0xbc,
  0xc1, 0xd9, 0x2d, 0x3e, 0xe4, 0x32, 0x81, 0x3d, 0x11, 0x66, 0xe2, 0x3e,
  0x71, 0xf3, 0x16, 0xbe, 0x47, 0x6e, 0xc9, 0xbd, 0x68, 0x08, 0x70, 0xbe,
  0x0a, 0x8f, 0xac, 0x3b, 0x29, 0x9c, 0xda, 0xbe, 0x24, 0xf6, 0xde, 0x3e,
  0x13, 0xc0, 0x8d, 0x3e, 0xf8, 0x51, 0xb8, 0xbd, 0x00, 0x87, 0x82, 0x3e,
  0xb8, 0x00, 0x52, 0x3e, 0xf4, 0xb8, 0x8b, 0xbe, 0xb8, 0x4a, 0xc7, 0xbd,
  0xf5, 0xdf, 0xa7, 0xbe, 0xea, 0xec, 0xa0, 0x3e, 0x21, 0x69, 0xb8, 0x3e,
  0x8a, 0xfd, 0x46, 0xbd, 0xfc, 0x7a, 0x25, 0x3c, 0x39, 0x02, 0x11, 0x3e,
  0x04, 0xee, 0x1c, 0xbe, 0x78, 0x13, 0x05, 0x3d, 0x79, 0xf8, 0x21, 0x3e,
  0xf7, 0x2c, 0xba, 0xbd, 0x3b, 0x50, 0xa7, 0xbe, 0x69, 0xef, 0xff, 0xbd,
  0x9c, 0xa0, 0xdb, 0x3e, 0xe6, 0xd6, 0xe2, 0xbd, 0x65, 0x5a, 0x36, 0x3e,
  0x08, 0x7c, 0x9d, 0x3e, 0x2c, 0xb4, 0xad, 0xbe, 0x27, 0x28, 0x27, 0xbd,
  0xc6, 0x9d, 0xeb, 0x3c, 0x91, 0xd3, 0xd9, 0xbd, 0xd1, 0xdb, 0x85, 0x3d,
  0x10, 0x0e, 0x7e, 0x3d, 0x1c, 0x35, 0x86, 0x3d, 0xad, 0xc4, 0x0a, 0xbf,
  0x82, 0x92, 0x66, 0x3e, 0x92, 0x46, 0x51, 0x3e, 0x61, 0x79, 0xac, 0xbe,
  0x81, 0x29, 0x77, 0xbd, 0x96, 0x4d, 0x91, 0x3e, 0xeb, 0xe0, 0x05, 0x3e,
  0x92, 0x54, 0x61, 0xbe, 0x1b, 0x71, 0x8e, 0x3d, 0x0e, 0x50, 0x21, 0x3e,
  0xa1, 0xb3, 0x74, 0xbe, 0x62, 0x58, 0xe5, 0xbd, 0x1c, 0x1e, 0xb6, 0x3e,
  0xe1, 0xdf, 0x5e, 0x3d, 0x5c, 0x3a, 0x3a, 0xbe, 0x75, 0xa0, 0x95, 0x3d,
  0x4b, 0xf9, 0x44, 0x3e, 0xc7, 0xcb, 0x56, 0x3e, 0x7a, 0x4d, 0x3d, 0x3e,
  0x2d, 0x07, 0xeb, 0x3e, 0x16, 0x6f, 0x6a, 0xbd, 0x15, 0x0e, 0x55, 0xbe,
  0x24, 0xa0, 0xce, 0x3d, 0x82, 0x09, 0x30, 0xbe, 0xf7, 0xad, 0xab, 0xbe,
  0x2d, 0xc6, 0x37, 0xbe, 0xab, 0x01, 0x6a, 0xbe, 0xba, 0x7d, 0xb8, 0x3c,
  0x38, 0xa1, 0x90, 0x3e, 0xec, 0xdc, 0x6c, 0x3e, 0x23, 0xc2, 0x99, 0x3e,
  0xc8, 0x0f, 0x47, 0x3e, 0xb4, 0x43, 0x97, 0xbd, 0xda, 0xd0, 0x6b, 0xbe,
  0x3f, 0xbc, 0x9a, 0xbe, 0x35, 0x42, 0x1f, 0xbe, 0x06, 0x76, 0x37, 0xbe,
  0x77, 0x5d, 0x4e, 0xbe, 0x46, 0xb4, 0x5f, 0x3e, 0xaa, 0xb0, 0x96, 0xbe,
  0x30, 0x81, 0xb0, 0xbd, 0xdb, 0x3c, 0xd6, 0xbd, 0x07, 0x70, 0x28, 0x3e,
  0xfa, 0xbd, 0x01, 0x3e, 0x95, 0x1b, 0xa2, 0x3c, 0x78, 0xd5, 0x71, 0xbe,
  0xe6, 0x0f, 0x5d, 0xbe, 0xde, 0x35, 0xf8, 0x3c, 0x35, 0xcd, 0xcb, 0xbd,
  0x7a, 0x1c, 0x86, 0x3e, 0xc9, 0xb3, 0x48, 0x3e, 0xdd, 0x45, 0x82, 0x3d,
  0xd7, 0x5a, 0x0b, 0x3e, 0x8a, 0xb3, 0x8b, 0x3c, 0x07, 0x9b, 0x6f, 0xbe,
  0xeb, 0xf8, 0x91, 0xbe, 0x9c, 0x11, 0x1a, 0xbe, 0x9d, 0x1d, 0xa6, 0xbd,
  0x34, 0xd4, 0x8d, 0xbe, 0x5a, 0x52, 0xa2, 0x3c, 0xf2, 0x12, 0x25, 0xbe,
  0x11, 0x89, 0x02, 0xbf, 0x06, 0x37, 0x39, 0x3e, 0x46, 0xd8, 0x89, 0xbc,
  0xaa, 0xd1, 0x19, 0xbe, 0x66, 0x36, 0xef, 0xbe, 0xf4, 0x0b, 0x09, 0xbe,
  0x98, 0xd1, 0xa1, 0x3d, 0x7e, 0x8a, 0xa1, 0x3c, 0x69, 0x67, 0x22, 0xbd,
  0x40, 0x42, 0xea, 0x3e, 0x98, 0x8b, 0x6a, 0x3d, 0xfc, 0xe1, 0xcc, 0x3e,
  0x4c, 0xee, 0xfa, 0x3c, 0x0a, 0x5d, 0x13, 0xbe, 0xea, 0xfe, 0xc8, 0x3e,
  0x5c, 0x11, 0x67, 0xbd, 0xd0, 0x5f, 0x0f, 0x3d, 0x25, 0xac, 0x6f, 0xbe,
  0x5e, 0x74, 0x83, 0x3e, 0x8f, 0xd8, 0x84, 0x3e, 0x75, 0x32, 0x97, 0xbd,
  0xef, 0x97, 0xfb, 0xbd, 0x9e, 0xca, 0xf6, 0x3e, 0x76, 0xfa, 0x69, 0xbe,
  0x3b, 0x2c, 0x9f, 0xbe, 0xf4, 0x30, 0x0f, 0x3e, 0x13, 0xb4, 0x80, 0xbe,
  0x0c, 0x5c, 0x16, 0xbf, 0xde, 0x4c, 0xae, 0xbe, 0x06, 0xb6, 0x95, 0xbd,
  0xc4, 0x56, 0xa8, 0x3e, 0x01, 0x68, 0xb0, 0x3d, 0xfb, 0x51, 0xf8, 0x3c,
  0xfa, 0x8e, 0xa0, 0x3e, 0xce, 0xce, 0x49, 0x3e, 0x41, 0x60, 0xa6, 0xbd,
  0x66, 0xa7, 0x90, 0x3e, 0xc7, 0xa9, 0xa0, 0x3e, 0x04, 0x5e, 0x81, 0x3e,
  0x0c, 0xda, 0x30, 0xbe, 0x60, 0xbb, 0x18, 0x3e, 0x10, 0x1d, 0x64, 0xbe,
  0xf4, 0x8b, 0x25, 0x3c, 0x39, 0xff, 0x4b, 0x3d, 0xa5, 0xcd, 0xbc, 0xbe,
  0xb3, 0x48, 0xc7, 0xbe, 0x9f, 0xbd, 0xac, 0xbc, 0x82, 0xa9, 0x9a, 0x3e,
  0xe5, 0x46, 0x06, 0xbf, 0x26, 0xd6, 0x7b, 0x3e, 0xc6, 0xf2, 0x0d, 0x3e,
  0x19, 0xd7, 0x47, 0x3e, 0xa0, 0xb8, 0x73, 0xbe, 0x01, 0xdc, 0xd7, 0x3c,
  0x6e, 0x27, 0x5a, 0xbe, 0x3d, 0x64, 0x4a, 0xbe, 0x7c, 0x8f, 0x27, 0xbb,
  0x54, 0x87, 0xe0, 0xbd, 0x09, 0xce, 0xac, 0xbe, 0x50, 0xc2, 0xac, 0x3c,
  0x82, 0x76, 0xb1, 0x3e, 0xe3, 0x86, 0x66, 0xbd, 0x25, 0xf4, 0x85, 0x3e,
  0x13, 0x09, 0x27, 0xbe, 0x31, 0xb2, 0x21, 0xbf, 0x4f, 0x66, 0x34, 0xbd,
  0x8f, 0xe0, 0xad, 0xbe, 0x31, 0xfb, 0x86, 0x3e, 0x5f, 0x28, 0x3d, 0xbc,
  0x6e, 0xfc, 0xf6, 0xbd, 0xd5, 0xbd, 0x48, 0x3d, 0x51, 0x8d, 0xc9, 0xbe,
  0x4b, 0x47, 0xa5, 0x3e, 0xf4, 0x3f, 0x75, 0x3d, 0x8b, 0xec, 0x99, 0x3e,
  0x87, 0x93, 0x5c, 0xbd, 0xe7, 0x02, 0xcb, 0xbe, 0x41, 0x16, 0xb1, 0x3d,
  0xbe, 0x39, 0xf6, 0xbe, 0x6b, 0x58, 0xfa, 0xbc, 0x95, 0x62, 0x01, 0x3e,
  0x0f, 0x29, 0xb0, 0xbd, 0x01, 0xd6, 0x3a, 0x3c, 0x33, 0x54, 0xff, 0xbe,
  0xff, 0x2a, 0x5a, 0xbc, 0x64, 0xec, 0xce, 0xbe, 0x28, 0x7e, 0xf4, 0x3d,
  0x5d, 0xaa, 0x41, 0x3e, 0x09, 0xc2, 0x5a, 0x3e, 0xa2, 0x2a, 0xa6, 0xbd,
  0xc0, 0xa2, 0xa9, 0x3e, 0x09, 0xca, 0x5c, 0xbe, 0x79, 0x93, 0x97, 0xbd,
  0xc1, 0x4f, 0x40, 0xbe, 0x8b, 0xa4, 0x3c, 0x3d, 0x73, 0x4d, 0x9d, 0x3e,
  0x88, 0x59, 0xe3, 0x3e, 0x4e, 0x77, 0x7b, 0xbd, 0x5b, 0x72, 0xb6, 0x3b,
  0xad, 0xe9, 0x8d, 0xbd, 0x81, 0xc7, 0xb7, 0xbe, 0xa8, 0x46, 0x03, 0x3e,
  0x2f, 0xc2, 0xab, 0xbe, 0xcf, 0x06, 0xff, 0x3d, 0xd3, 0x0b, 0x8b, 0x3e,
  0xe3, 0x55, 0x84, 0xbd, 0x05, 0x4b, 0x57, 0x3e, 0x1c, 0x2e, 0x0b, 0x3f,
  0x2c, 0xf8, 0x86, 0xbe, 0xd5, 0x8e, 0x6f, 0xbe, 0x58, 0xca, 0x51, 0x3d,
  0x11, 0x7d, 0x1d, 0x3b, 0x53, 0xb2, 0x31, 0xbd, 0x2d, 0x32, 0xbb, 0xbe,
  0xe7, 0xa7, 0x86, 0x3e, 0x3d, 0x46, 0x43, 0xbe, 0xd7, 0x76, 0x70, 0x3e,
  0x40, 0x70, 0x4b, 0x3e, 0x83, 0x17, 0xec, 0xbd, 0x5f, 0x7a, 0x65, 0x3e,
  0x40, 0xf4, 0xad, 0x3c, 0xb8, 0x71, 0xba, 0xbe, 0xc8, 0x28, 0x51, 0xbd,
  0xa0, 0x66, 0x38, 0xbe, 0x69, 0x10, 0xe4, 0x3c, 0x74, 0x9c, 0x24, 0x3e,
  0xa4, 0x52, 0x24, 0x3f, 0x31, 0x4a, 0x9d, 0xbe, 0x5b, 0x5c, 0xaf, 0x3e,
  0x76, 0xee, 0xb9, 0x3d, 0xb8, 0xf7, 0x29, 0xbe, 0xb7, 0x02, 0x6d, 0xbc,
  0xb4, 0x27, 0x74, 0x3e, 0x56, 0x04, 0x00, 0x3c, 0x76, 0x86, 0xc7, 0x3c,
  0xdd, 0x75, 0xbe, 0xbc, 0x26, 0x71, 0x35, 0xbe, 0x89, 0xd7, 0xa0, 0xba,
  0x16, 0xaa, 0x3d, 0xbe, 0xd0, 0x42, 0xd3, 0x3d, 0x4b, 0x23, 0xc6, 0xbc,
  0x03, 0xaa, 0xb9, 0xbd, 0x92, 0x00, 0xef, 0xbe, 0x07, 0x61, 0x69, 0x3e,
  0x2b, 0xf1, 0x91, 0x3d, 0xb6, 0x2b, 0xea, 0xbd, 0x28, 0x93, 0x4a, 0xbd,
  0xfb, 0x0d, 0x55, 0x3e, 0xd8, 0x8d, 0x5d, 0xbe, 0x71, 0xf7, 0x8c, 0x3d,
  0x93, 0xf7, 0x2e, 0x3e, 0x96, 0x04, 0x21, 0xba, 0xd7, 0x45, 0x44, 0x3e,
  0xb5, 0xf8, 0x46, 0xbe, 0x19, 0xca, 0x1f, 0xbf, 0x0b, 0x98, 0x82, 0x3c,
  0x9a, 0xdd, 0x86, 0xbe, 0x81, 0xc0, 0x05, 0xbe, 0x34, 0x35, 0x31, 0xbe,
  0x7b, 0x9b, 0x85, 0x3d, 0x07, 0x2e, 0xf6, 0x3c, 0x78, 0x0a, 0x3d, 0x3e,
  0x71, 0xc5, 0x7d, 0x3e, 0x40, 0x5c, 0x2b, 0xbe, 0x66, 0x51, 0x81, 0xbd,
  0x31, 0x3a, 0xad, 0x3e, 0x1a, 0x20, 0xab, 0x3e, 0xc7, 0x83, 0x8f, 0xbc,
  0x8c, 0x50, 0x9d, 0xbd, 0x4e, 0x52, 0x1e, 0xbe, 0xb3, 0x3c, 0x8e, 0x3d,
  0x03, 0xa4, 0xbd, 0xbe, 0x81, 0x7b, 0xc3, 0x3e, 0xc3, 0x46, 0xd3, 0xbd,
  0x19, 0xd3, 0x58, 0xbe, 0x18, 0x84, 0x0b, 0x3e, 0x27, 0xe4, 0xd7, 0x3e,
  0xdf, 0xe0, 0xdd, 0xbd, 0xe1, 0x18, 0xb1, 0x3e, 0x9a, 0x63, 0x96, 0xbc,
  0x6c, 0x3e, 0xcc, 0xbe, 0x24, 0x10, 0x3a, 0x3e, 0x83, 0x28, 0xc0, 0x3e,
  0x29, 0x2b, 0x21, 0xbc, 0xde, 0x6e, 0x1d, 0xbd, 0xb3, 0x9d, 0xd4, 0xbe,
  0x15, 0x05, 0x7d, 0x3c, 0x13, 0xc4, 0x2c, 0xbe, 0x7f, 0x9c, 0x64, 0x3e,
  0x7e, 0x3c, 0x8e, 0xbe, 0x63, 0x2e, 0x35, 0x3e, 0xcf, 0xbd, 0xab, 0xbc,
  0xf7, 0xae, 0x07, 0xbe, 0x5e, 0xf4, 0x86, 0xbd, 0x0f, 0x6b, 0x88, 0xbe,
  0xc7, 0xda, 0xd0, 0x3c, 0xda, 0xa5, 0xa7, 0xbd, 0x26, 0x5a, 0xa5, 0x3d,
  0x0d, 0x85, 0x98, 0xbd, 0x43, 0x9f, 0x09, 0xbe, 0xc9, 0xab, 0xe8, 0xbd,
  0x83, 0x34, 0x93, 0x3e, 0x9f, 0x29, 0xe5, 0x3d, 0xe8, 0xb8, 0x1a, 0x3e,
  0x33, 0xec, 0x0b, 0xbd, 0xaa, 0xec, 0x05, 0x3c, 0xbe, 0xf1, 0x07, 0xbe,
  0x9f, 0x86, 0x70, 0xbe, 0x97, 0x46, 0xdf, 0x3c, 0xa1, 0x26, 0xb6, 0x3d,
  0x61, 0x26, 0xb3, 0xbe, 0x89, 0xa7, 0x86, 0x3d, 0x8d, 0x4d, 0x87, 0x3c,
  0x55, 0x10, 0x45, 0xbe, 0xe6, 0x2c, 0x19, 0x3d, 0x13, 0xbc, 0x3a, 0xbd,
  0x61, 0x87, 0xd9, 0x3e, 0x32, 0x73, 0xe3, 0xbd, 0xdd, 0xd8, 0x07, 0x3e,
  0x54, 0xad, 0x74, 0xbe, 0x3a, 0x4b, 0x4f, 0xbe, 0xb1, 0x77, 0xa0, 0x3e,
  0x71, 0x82, 0xb5, 0x3c, 0x16, 0x9e, 0x4f, 0x3e, 0x84, 0xe8, 0x00, 0xbe,
  0x5e, 0x1d, 0x7d, 0xbd, 0x4a, 0xd7, 0x32, 0xbd, 0x4e, 0x4a, 0xb7, 0xbe,
  0x7f, 0x2e, 0x45, 0xbe, 0xfd, 0x28, 0x38, 0xbe, 0x63, 0x9d, 0x8e, 0xbe,
  0x93, 0x9b, 0xab, 0x3d, 0xe7, 0x9a, 0x56, 0x3d, 0x53, 0x57, 0x53, 0x3e,
  0x48, 0x5d, 0x11, 0x3e, 0xc9, 0x97, 0x1a, 0xbd, 0xf0, 0x86, 0x57, 0x3e,
  0xe4, 0xda, 0xec, 0xbb, 0xa4, 0x2a, 0xc4, 0x3e, 0x9e, 0xf4, 0x24, 0xbe,
  0x93, 0x14, 0xbb, 0x3d, 0x92, 0x77, 0xff, 0xbd, 0x19, 0xe6, 0xc8, 0xbb,
  0x5e, 0x68, 0xfa, 0x3d, 0x00, 0xc6, 0x86, 0xbc, 0xff, 0x3c, 0x89, 0x3e,
  0xf2, 0x68, 0x19, 0xbe, 0x7a, 0x0b, 0x02, 0x3f, 0x53, 0xbe, 0x2c, 0x3e,
  0x13, 0x75, 0x92, 0x3e, 0x28, 0x4b, 0xa5, 0x3d, 0xff, 0x29, 0x00, 0xbe,
  0x75, 0x54, 0x66, 0xbe, 0x26, 0xd8, 0x51, 0x3d, 0xb7, 0x7e, 0x43, 0x3e,
  0xbc, 0xb5, 0x3e, 0xbd, 0xdb, 0x47, 0xa4, 0xbe, 0x91, 0x45, 0x81, 0x3c,
  0x7d, 0x54, 0xad, 0x3d, 0x34, 0xdd, 0x89, 0x3e, 0xa5, 0xc7, 0x8b, 0xbe,
  0x4a, 0x56, 0x8f, 0x3d, 0x0a, 0xee, 0x56, 0xbd, 0x4b, 0x5d, 0x92, 0x3b,
  0x6a, 0x4b, 0x5d, 0x3e, 0x9d, 0xaa, 0x62, 0xbd, 0xbf, 0x34, 0xcf, 0xbd,
  0xf3, 0xb3, 0x25, 0xbd, 0x49, 0xe8, 0x05, 0x3d, 0x55, 0xe5, 0xfd, 0xbd,
  0x93, 0x5d, 0xa3, 0xbe, 0xbe, 0xd5, 0x86, 0x3d, 0x18, 0xfc, 0x79, 0xbd,
  0x93, 0xe5, 0xe4, 0xbe, 0xe9, 0x25, 0xac, 0xbd, 0xa9, 0x3c, 0x35, 0xbd,
  0x23, 0x46, 0xc9, 0xbc, 0x0d, 0xc7, 0x4a, 0x3e, 0xd7, 0x43, 0xd7, 0xbc,
  0x6c, 0x25, 0x44, 0xbe, 0x7b, 0xfb, 0xd0, 0xbd, 0x6e, 0x80, 0xa5, 0xbe,
  0xe1, 0x3a, 0x40, 0xbd, 0xaa, 0xaa, 0xc2, 0xbe, 0x7d, 0x7e, 0x38, 0xbe,
  0x3e, 0x0d, 0x92, 0x3e, 0x5a, 0x99, 0x58, 0x3e, 0xca, 0xb6, 0xc9, 0xbc,
  0x95, 0x0e, 0x84, 0xbe, 0xe5, 0x34, 0x10, 0x3e, 0xc0, 0xe7, 0x68, 0xbe,
  0x2f, 0x49, 0x46, 0xbe, 0xcb, 0x08, 0x8d, 0x3e, 0x2e, 0x10, 0x0c, 0xbe,
  0xbd, 0xad, 0x84, 0x3c, 0x87, 0x9a, 0x97, 0xbe, 0x03, 0x4d, 0x0a, 0x3e,
  0x15, 0x94, 0x78, 0xbe, 0x6f, 0xef, 0xfb, 0xbd, 0x0b, 0xa6, 0x07, 0xbe,
  0x12, 0xc5, 0x9d, 0xbe, 0x99, 0x1a, 0xcc, 0xbd, 0xf0, 0x23, 0x31, 0x3e,
  0xea, 0x01, 0xa7, 0x3e, 0xec, 0xd6, 0xf6, 0xbd, 0x00, 0xf2, 0x77, 0x3e,
  0xc3, 0x27, 0x9f, 0xbd, 0x3e, 0x23, 0x11, 0x3c, 0x2f, 0x14, 0x5c, 0xbe,
  0xa0, 0xe8, 0xe7, 0xbd, 0x4c, 0xe0, 0x21, 0x3e, 0xe8, 0x76, 0x59, 0x3e,
  0x8e, 0x44, 0x76, 0x3c, 0x44, 0xf9, 0xc4, 0x3d, 0x3c, 0x35, 0x95, 0xbc,
  0xc1, 0xbd, 0x65, 0xbe, 0x92, 0xee, 0xbc, 0xbd, 0x54, 0x44, 0x96, 0xbd,
  0x03, 0xeb, 0xd9, 0xbd, 0x3d, 0x67, 0x8c, 0x3d, 0xc3, 0x72, 0x4f, 0xbb,
  0x67, 0x6a, 0xeb, 0xbc, 0xf1, 0xe5, 0xea, 0xbc, 0x7c, 0xcc, 0xa1, 0x3e,
  0x47, 0x43, 0x04, 0x3e, 0xaf, 0x51, 0x06, 0x3e, 0x13, 0xef, 0xec, 0xbd,
  0x8e, 0x2f, 0x41, 0xbe, 0x90, 0x26, 0xb7, 0x3e, 0xad, 0x08, 0x78, 0x3e,
  0x0e, 0x8d, 0xe3, 0xbd, 0x59, 0x7f, 0x4a, 0x3d, 0xec, 0xe2, 0x70, 0x3d,
  0x13, 0x54, 0xe5, 0x3e, 0x87, 0x21, 0xd4, 0x3d, 0x74, 0x2c, 0x49, 0xbe,
  0x53, 0xab, 0xcc, 0x3d, 0x04, 0x3c, 0x84, 0xbe, 0x84, 0x61, 0xf6, 0x3d,
  0x26, 0x49, 0x9b, 0x3e, 0x90, 0x51, 0xec, 0xbd, 0xc6, 0x73, 0x74, 0x3e,
  0xd2, 0xca, 0x6d, 0xbe, 0x52, 0xb8, 0x0c, 0x3e, 0xe9, 0x5f, 0x02, 0x3e,
  0x4a, 0x00, 0xc3, 0x3e, 0x96, 0x55, 0x7f, 0x3e, 0x7b, 0x8c, 0xaf, 0xbe,
  0x4a, 0xde, 0x93, 0x3d, 0x6a, 0x17, 0x87, 0x3b, 0xeb, 0x4a, 0x88, 0xbe,
  0x67, 0x20, 0xe3, 0xbe, 0x63, 0xc1, 0x53, 0xbe, 0xff, 0x24, 0x50, 0x3e,
  0xd0, 0x1f, 0x0c, 0x3e, 0xc2, 0x90, 0x26, 0x3e, 0xa6, 0x5b, 0x46, 0x3e,
  0x76, 0x66, 0x5a, 0xbe, 0x91, 0x6e, 0xf9, 0xbd, 0x7b, 0xad, 0x2f, 0x3d,
  0x9d, 0xdc, 0x9f, 0x3e, 0xbb, 0xd1, 0x47, 0x3d, 0xcd, 0x31, 0xb3, 0x3e,
  0x47, 0x0c, 0xad, 0x3e, 0x2f, 0xe4, 0x5f, 0xbe, 0x87, 0xcc, 0x19, 0xbe,
  0x1e, 0xf6, 0xdd, 0x3c, 0x58, 0x4a, 0x3f, 0xbb, 0xe0, 0x90, 0x86, 0xbd,
  0x6d, 0x69, 0xdc, 0x3e, 0xcb, 0x0a, 0x7c, 0xbe, 0x92, 0xdc, 0x57, 0x3d,
  0x84, 0x35, 0xa7, 0x3e, 0x20, 0x30, 0x84, 0xbe, 0xe7, 0xfb, 0x0b, 0xbe,
  0x53, 0x51, 0xc1, 0xbe, 0x22, 0x22, 0x16, 0x3e, 0x0b, 0x8f, 0x29, 0xbd,
  0x60, 0x66, 0x94, 0x3e, 0xbf, 0xc1, 0x9a, 0xbd, 0xdd, 0x83, 0x45, 0x3c,
  0x0d, 0x22, 0xa5, 0x3e, 0xe7, 0x86, 0x38, 0xbe, 0x02, 0x1f, 0x8b, 0xbd,
  0x96, 0x86, 0xfe, 0xbd, 0x92, 0x0c, 0x1c, 0xbe, 0xa2, 0x96, 0x8a, 0xbe,
  0x82, 0x5b, 0x0d, 0x3e, 0xff, 0x16, 0x51, 0x3e, 0xe8, 0x81, 0xa0, 0x3d,
  0x82, 0x0b, 0x71, 0x3e, 0x1a, 0x39, 0x00, 0xbe, 0x5f, 0x5e, 0x92, 0x3d,
  0x1b, 0xdb, 0x34, 0xbd, 0xe2, 0xfd, 0x6d, 0x3d, 0xff, 0xd6, 0x64, 0x3e,
  0xd9, 0x51, 0xe7, 0xbd, 0x24, 0x24, 0x92, 0xbc, 0x37, 0xd4, 0xbc, 0x3e,
  0x92, 0x7d, 0xac, 0x3e, 0xcd, 0x2f, 0x90, 0x3e, 0x70, 0xeb, 0x71, 0x3e,
  0x70, 0x4c, 0x93, 0xbe, 0x97, 0x9c, 0x04, 0x3d, 0x64, 0x10, 0x62, 0x3d,
  0xc3, 0xe8, 0xe2, 0xbd, 0x60, 0x01, 0xae, 0x3c, 0xc0, 0x5f, 0xc8, 0xbd,
  0x49, 0x12, 0xef, 0xba, 0x60, 0x9d, 0xb4, 0x3d, 0x16, 0x3a, 0xd3, 0xbe,
  0xa5, 0x9c, 0x66, 0xbe, 0xb6, 0xa7, 0x40, 0xbe, 0x2d, 0xbe, 0xf7, 0xbd,
  0x64, 0xf4, 0x9e, 0xbe, 0xc4, 0x84, 0x26, 0x3c, 0x6f, 0x66, 0x95, 0xbe,
  0x9b, 0xdb, 0x83, 0xbe, 0x50, 0x54, 0xd1, 0x3b, 0xfb, 0x17, 0xc4, 0xbd,
  0x3a, 0x7a, 0x48, 0xbe, 0x5c, 0x6a, 0x03, 0xbd, 0x9e, 0x03, 0x24, 0x3e,
  0x7f, 0x7f, 0x1d, 0x3e, 0x7b, 0x4c, 0xd9, 0xbc, 0x31, 0x99, 0x47, 0x3f,
  0x3b, 0x58, 0x1a, 0xbe, 0xc0, 0xea, 0x3e, 0xbe, 0xb6, 0x8d, 0x37, 0x3c,
  0x38, 0x36, 0xc7, 0x3e, 0x10, 0xb5, 0x8e, 0xbd, 0x2b, 0x16, 0x41, 0xbd,
  0x53, 0xbe, 0x52, 0x3e, 0x81, 0x1c, 0x16, 0x3e, 0xa3, 0x5c, 0x0a, 0x3e,
  0x69, 0x7d, 0x64, 0xbc, 0xfa, 0x2b, 0x85, 0x3e, 0x2e, 0x72, 0xa5, 0xbd,
  0x7e, 0x5c, 0x30, 0x3d, 0x91, 0xb8, 0xb1, 0xbd, 0x70, 0x6e, 0x36, 0x3d,
  0x7c, 0xbb, 0x94, 0xbe, 0x11, 0x09, 0x30, 0x3e, 0x4b, 0x4c, 0x96, 0x3e,
  0xac, 0xda, 0xa0, 0x3e, 0xfc, 0x40, 0xd0, 0x3c, 0x15, 0x95, 0xbc, 0x3e,
  0x70, 0xda, 0x8d, 0xbd, 0x23, 0xf3, 0xdc, 0xbd, 0x76, 0x25, 0xca, 0xbe,
  0x4b, 0x26, 0x25, 0x3e, 0x26, 0x02, 0x88, 0x3e, 0xfb, 0xf4, 0x08, 0xbd,
  0xef, 0x01, 0x8d, 0xbe, 0x33, 0x01, 0xce, 0xbe, 0x30, 0xd6, 0x88, 0x3e,
  0xb7, 0x4b, 0x8b, 0xbd, 0xb1, 0xf0, 0x6e, 0x3e, 0x90, 0xae, 0xbe, 0x3d,
  0x0d, 0xd1, 0x3f, 0x3e, 0x53, 0xde, 0x08, 0x3e, 0x86, 0xcf, 0x53, 0x3c,
  0x18, 0xdc, 0x3c, 0xbd, 0xce, 0xfb, 0xa8, 0x3d, 0xbb, 0x67, 0xff, 0x3c,
  0x45, 0xfc, 0x02, 0xbe, 0xa5, 0x9d, 0x09, 0x3d, 0x71, 0x30, 0xe4, 0xba,
  0xd6, 0xfe, 0xb8, 0x3e, 0x83, 0x14, 0x66, 0x3d, 0x29, 0x0b, 0x31, 0x3e,
  0x1b, 0x99, 0x72, 0x3e, 0xcc, 0xd5, 0x71, 0xbc, 0x09, 0xc1, 0xa1, 0xbd,
  0x28, 0x77, 0x23, 0xbe, 0x23, 0x5d, 0x94, 0x3c, 0x96, 0x61, 0x87, 0xbd,
  0xc5, 0xf8, 0x0c, 0x3e, 0xb5, 0xac, 0xd1, 0x3d, 0xb6, 0x29, 0x78, 0x3e,
  0x6d, 0xbc, 0xd6, 0xbe, 0xcf, 0x84, 0x25, 0x3e, 0xb4, 0xb6, 0x91, 0x3e,
  0x8d, 0x02, 0xb1, 0xbc, 0x84, 0x0e, 0xa1, 0xbe, 0x4a, 0xe2, 0x9d, 0xbd,
  0x63, 0x2c, 0x97, 0xbe, 0x40, 0xf6, 0xc8, 0x3e, 0x43, 0x43, 0x28, 0x3e,
  0x96, 0xe4, 0x8e, 0xbe, 0x39, 0x8e, 0xfd, 0x3d, 0xdc, 0x61, 0x28, 0xbd,
  0x66, 0x31, 0x1e, 0x3e, 0xe4, 0xd4, 0x75, 0xbd, 0x24, 0x2c, 0xb6, 0xbe,
  0xb6, 0x08, 0x71, 0xbe, 0xa5, 0x8b, 0x7e, 0xbd, 0x64, 0x5b, 0x0e, 0xbe,
  0x3b, 0x88, 0x2f, 0x3e, 0x6e, 0xa3, 0xb0, 0x3d, 0x51, 0x30, 0xde, 0x3d,
  0x9c, 0xa7, 0xe4, 0xbe, 0xdd, 0x68, 0x48, 0x3e, 0xf7, 0x2f, 0x82, 0x3e,
  0xa9, 0xf0, 0xdc, 0xbd, 0x7f, 0xf3, 0x1a, 0xbd, 0x4a, 0x45, 0x1e, 0x3e,
  0xca, 0xb0, 0x28, 0xbe, 0xb6, 0x65, 0x14, 0x3e, 0xda, 0x57, 0xc1, 0xbd,
  0x60, 0xd3, 0x08, 0xbe, 0x78, 0x29, 0x5a, 0xbd, 0x01, 0xe1, 0xc4, 0x3d,
  0xc7, 0x47, 0xdb, 0xbe, 0x9c, 0x66, 0xaf, 0x3d, 0x51, 0x1a, 0xd7, 0xbd,
  0x00, 0x96, 0x4d, 0x3c, 0x0d, 0xd7, 0xb5, 0xbd, 0xb6, 0xdb, 0xa2, 0x3e,
  0xf9, 0xb4, 0x54, 0xbe, 0x87, 0x4a, 0xdf, 0x3d, 0x7e, 0xf6, 0xac, 0x3c,
  0x61, 0x08, 0x50, 0x3e, 0xeb, 0x67, 0x50, 0xbd, 0x1c, 0x56, 0x97, 0xbd,
  0xaa, 0x9b, 0x7b, 0x3e, 0x2d, 0xb4, 0x86, 0xbe, 0x44, 0x4f, 0xe2, 0xbc,
  0xa8, 0x91, 0xdf, 0x3d, 0xb6, 0x69, 0xe1, 0x3d, 0xb0, 0xe6, 0xf2, 0x3d,
  0xd3, 0x07, 0xa4, 0xbe, 0xf7, 0x28, 0x46, 0x3e, 0x35, 0x66, 0x8c, 0xbe,
  0xa0, 0x93, 0x94, 0xbe, 0x8c, 0xaa, 0x96, 0x3e, 0x4c, 0x4c, 0xd9, 0xbd,
  0xb8, 0x41, 0x39, 0x3d, 0xe5, 0x4f, 0x58, 0x3e, 0xd1, 0x49, 0xc3, 0xbd,
  0xa1, 0xaa, 0x7b, 0xbe, 0xa9, 0xb0, 0x6a, 0xbe, 0x8d, 0xf3, 0xaa, 0x3e,
  0x21, 0x39, 0xbb, 0xbe, 0xc7, 0x16, 0x46, 0x3d, 0xc3, 0xb3, 0x40, 0x3e,
  0x2d, 0x45, 0x0a, 0x3e, 0xf1, 0x6d, 0x9c, 0xbd, 0x3b, 0x53, 0x35, 0x3e,
  0x0d, 0x6b, 0x1f, 0xbb, 0x35, 0x9e, 0xd9, 0xbe, 0xdf, 0x70, 0x1a, 0xbe,
  0x8b, 0x94, 0x47, 0xbe, 0x24, 0xf1, 0xb7, 0xbc, 0xe0, 0x53, 0xe9, 0xbc,
  0xb3, 0xe4, 0xdd, 0xbe, 0xde, 0xe9, 0x03, 0xbe, 0xc3, 0x88, 0x37, 0x3e,
  0x96, 0x8c, 0x59, 0x3e, 0x1d, 0x14, 0xd9, 0xbe, 0x05, 0xd9, 0x41, 0xbd,
  0xc6, 0xdb, 0xa0, 0x3d, 0x14, 0x12, 0xa0, 0xbd, 0x21, 0x9a, 0x84, 0xbe,
  0xe0, 0xdd, 0x63, 0x3d, 0x1f, 0x39, 0x6b, 0xbe, 0x23, 0x0c, 0xd5, 0xbd,
  0x80, 0xfd, 0xd8, 0x3e, 0x37, 0xfa, 0x33, 0x3d, 0xdc, 0x9d, 0x9b, 0xbe,
  0x40, 0x9b, 0x9c, 0x3e, 0xe5, 0x25, 0x83, 0x3d, 0x3d, 0x9d, 0x17, 0x3c,
  0xab, 0xdb, 0x27, 0xbe, 0xd2, 0xd3, 0x71, 0xbd, 0xc6, 0x35, 0xdc, 0xbd,
  0x0d, 0x2c, 0x83, 0x3d, 0xf0, 0x9d, 0x5f, 0x3d, 0xfc, 0x58, 0x28, 0x3e,
  0x34, 0x48, 0x9f, 0x3d, 0x20, 0x13, 0xd8, 0x3e, 0x91, 0x20, 0x56, 0x3e,
  0x01, 0x48, 0xd8, 0xbd, 0xfe, 0x94, 0xcd, 0x3d, 0x25, 0x04, 0x68, 0xbd,
  0x41, 0x31, 0x94, 0xbe, 0x49, 0xc0, 0x2a, 0x3e, 0xe8, 0x41, 0xae, 0xbe,
  0x9c, 0xbc, 0xb9, 0xbe, 0x8d, 0x97, 0x47, 0x3c, 0x41, 0x10, 0x11, 0xbc,
  0x18, 0x5b, 0x9f, 0x3c, 0xcb, 0xe2, 0x37, 0x3e, 0x33, 0xa8, 0x0c, 0x3f,
  0x26, 0x04, 0x72, 0xbd, 0x01, 0xd9, 0x2a, 0x3e, 0x8d, 0xd1, 0x89, 0xbc,
  0x29, 0x1f, 0xad, 0xbc, 0xb5, 0x7a, 0x50, 0x3e, 0x71, 0x68, 0x9b, 0xbc,
  0x57, 0x65, 0xca, 0x3d, 0x7b, 0x27, 0x0f, 0x3e, 0x28, 0x96, 0x1d, 0x3e,
  0x80, 0x30, 0x60, 0x3d, 0xfb, 0x7d, 0x63, 0xbe, 0x8d, 0x4e, 0x84, 0xbd,
  0x86, 0xf0, 0xac, 0x3d, 0x42, 0x17, 0x19, 0xbe, 0x2f, 0x00, 0x1a, 0x3d,
  0xb1, 0x6f, 0xb2, 0xbe, 0x11, 0x36, 0xb6, 0xbc, 0x19, 0x1f, 0x5e, 0xbe,
  0x52, 0x4b, 0x62, 0xbe, 0x82, 0x08, 0x82, 0xbe, 0x1c, 0x19, 0x1b, 0xbe,
  0x4c, 0x2b, 0x40, 0xbd, 0x12, 0x7d, 0x6e, 0x3e, 0x74, 0xea, 0xb9, 0xbe,
  0x9e, 0x7a, 0xc4, 0x3c, 0x3b, 0xd2, 0x0a, 0xbe, 0xa1, 0x14, 0x38, 0x3e,
  0x11, 0x83, 0x08, 0xbd, 0x01, 0xb6, 0x70, 0xbe, 0x4a, 0xb8, 0xc2, 0xbe,
  0x56, 0xfb, 0xa7, 0x3d, 0x65, 0xf7, 0x5e, 0xbd, 0x78, 0x7d, 0xa3, 0xbe,
  0xe6, 0x7b, 0x02, 0x3e, 0xeb, 0xbd, 0x2c, 0xbe, 0x74, 0x54, 0x21, 0x3e,
  0xf2, 0xac, 0x94, 0x3d, 0xcd, 0xb7, 0x4f, 0x3d, 0xb1, 0x55, 0x30, 0xbe,
  0xe3, 0xa3, 0x18, 0x3e, 0x00, 0x01, 0xd7, 0x3e, 0x57, 0x59, 0x87, 0x3d,
  0x41, 0x70, 0x87, 0x3d, 0x1f, 0x7b, 0x9e, 0x3d, 0x52, 0x64, 0x45, 0x3e,
  0x17, 0x80, 0x2b, 0xbe, 0xb6, 0x24, 0x22, 0xbe, 0x2b, 0xf7, 0xa3, 0x3d,
  0x6d, 0x2f, 0x12, 0x3e, 0xd4, 0x95, 0xc7, 0xba, 0x7e, 0xc2, 0x84, 0x3e,
  0x06, 0x55, 0x85, 0x3d, 0x7d, 0x5c, 0x9b, 0x3d, 0xc6, 0xfd, 0x05, 0x3e,
  0x26, 0x6d, 0x0a, 0xbf, 0x54, 0xe0, 0xac, 0xbe, 0xa7, 0xe2, 0xa2, 0xbe,
  0x59, 0x7f, 0x95, 0x3c, 0x17, 0x74, 0x40, 0x3d, 0xee, 0x54, 0x47, 0xbe,
  0xe0, 0x87, 0xad, 0x3d, 0xf9, 0x47, 0x1f, 0x3d, 0xa5, 0xd3, 0xb4, 0xbd,
  0xb6, 0x45, 0xc0, 0x3e, 0x57, 0x87, 0xd5, 0xbd, 0xc6, 0x90, 0x57, 0x3e,
  0xb1, 0x0d, 0x98, 0x3d, 0x70, 0x67, 0x94, 0xbe, 0x08, 0x3a, 0x0e, 0x3e,
  0xcf, 0xba, 0xd9, 0xbc, 0x89, 0xcc, 0x2f, 0xbe, 0x6f, 0x42, 0x52, 0xbd,
  0x99, 0x12, 0x3e, 0xbe, 0x92, 0xed, 0x67, 0x3d, 0xa1, 0x13, 0xdb, 0x3e,
  0x58, 0xa0, 0xaf, 0xbe, 0x69, 0xd4, 0x4e, 0xbe, 0x05, 0x0b, 0xb2, 0x3e,
  0xd5, 0x2b, 0x5e, 0xbe, 0x09, 0xe7, 0x3e, 0x3e, 0x1c, 0x11, 0x14, 0x3e,
  0xef, 0x96, 0xa7, 0xbe, 0xf0, 0x4e, 0x20, 0xbe, 0x98, 0x36, 0x95, 0x3e,
  0x5a, 0x17, 0x5c, 0xbe, 0x01, 0xe0, 0x0c, 0xbf, 0x7e, 0xea, 0xa5, 0x3d,
  0xe0, 0xa4, 0xa7, 0xbe, 0x8d, 0x12, 0x3c, 0xbd, 0xd8, 0x16, 0x59, 0x3e,
  0xd5, 0xd3, 0xa5, 0x3d, 0xc3, 0x09, 0xf0, 0xbe, 0xb9, 0x65, 0xa5, 0xbe,
  0x2f, 0xe4, 0xfd, 0xbc, 0xe8, 0xec, 0xc7, 0xbd, 0x41, 0xd4, 0xb0, 0x3c,
  0xdc, 0xa3, 0xa6, 0x3d, 0xe1, 0x36, 0x33, 0xbe, 0x3c, 0x1e, 0x13, 0xbe,
  0x4b, 0x2f, 0x12, 0x3f, 0x34, 0xd6, 0xfc, 0xbd, 0xa2, 0x28, 0x84, 0x3e,
  0x33, 0xf3, 0x79, 0x3e, 0x5b, 0xf4, 0xb2, 0x3e, 0xd7, 0x56, 0x4b, 0x3d,
  0x32, 0xa4, 0x0d, 0xbe, 0x2e, 0x63, 0xd1, 0x3b, 0xb3, 0xf8, 0xad, 0x3e,
  0xc0, 0x1d, 0x62, 0xbe, 0xf0, 0x5a, 0xb9, 0x3b, 0xc7, 0x5b, 0x4d, 0x3e,
  0x15, 0xb1, 0x9f, 0x3e, 0x26, 0x2d, 0xd8, 0x3d, 0xbe, 0x43, 0x3f, 0x3e,
  0x52, 0x43, 0xc6, 0xbd, 0x44, 0x86, 0xa1, 0xbd, 0xd4, 0x8d, 0x61, 0x3e,
  0x1c, 0xfe, 0x81, 0x3e, 0x9b, 0x6f, 0xae, 0x3d, 0xce, 0x71, 0xaf, 0xbe,
  0xd6, 0x86, 0xf8, 0x3e, 0xcc, 0xb0, 0x83, 0x3d, 0xd9, 0x38, 0xc1, 0xbd,
  0x18, 0x45, 0x16, 0x3d, 0x63, 0x4d, 0x22, 0xbe, 0x05, 0xb2, 0xbe, 0xbd,
  0xc1, 0x56, 0x07, 0xbd, 0x9e, 0x4e, 0x41, 0xbd, 0x2b, 0x98, 0xf1, 0xbe,
  0xb4, 0x0b, 0x6f, 0x3b, 0xa0, 0x67, 0x33, 0x3e, 0x04, 0x43, 0xe0, 0x3c,
  0x6f, 0x6e, 0x3d, 0x3e, 0xb5, 0x4e, 0x10, 0x3e, 0x65, 0xd7, 0x84, 0x3d,
  0x75, 0x4f, 0x13, 0xbb, 0xaf, 0x2f, 0x58, 0x3e, 0xb2, 0xd2, 0x1f, 0x3e,
  0x47, 0x74, 0xba, 0x3d, 0xa6, 0xbb, 0x28, 0x3e, 0xfa, 0xe3, 0x3a, 0xbe,
  0xe7, 0x5c, 0x9e, 0xbe, 0xd1, 0x9e, 0x0e, 0xbd, 0xb7, 0xde, 0x44, 0xbd,
  0x27, 0x2d, 0xb3, 0xbe, 0xe7, 0x52, 0x10, 0xbe, 0xd8, 0xa9, 0x23, 0xbe,
  0xd4, 0xd0, 0xcd, 0xbd, 0x60, 0xfe, 0xe2, 0xbe, 0xcf, 0xa7, 0x63, 0xbe,
  0xf2, 0xdb, 0xff, 0xff, 0x04, 0x00, 0x00, 0x00, 0x00, 0x20, 0x00, 0x00,
  0x28, 0x27, 0x9d, 0xbd, 0xce, 0xdb, 0x43, 0x3c, 0x66, 0x49, 0x11, 0xbe,
  0x6b, 0x22, 0x34, 0x3e, 0x3c, 0x2e, 0x03, 0xbd, 0x86, 0xbf, 0x6a, 0x3d,
  0xdb, 0x85, 0x3f, 0xbe, 0x80, 0xf3, 0x2e, 0xbe, 0x77, 0x69, 0xf4, 0xbd,
  0x9d, 0xba, 0x80, 0x3c, 0x9a, 0x1b, 0x2a, 0xbe, 0x88, 0x23, 0x43, 0x3d,
  0x9a, 0x3b, 0x84, 0xbd, 0x52, 0xde, 0xae, 0xbd, 0x43, 0x9d, 0x83, 0x3d,
  0xcd, 0xd7, 0x9d, 0xbd, 0xf8, 0x72, 0x0b, 0xbe, 0x61, 0x79, 0x34, 0x3d,
  0x06, 0x82, 0x88, 0xbd, 0x2e, 0xf4, 0x3f, 0xbd, 0x35, 0x83, 0x1d, 0xbe,
  0xf4, 0xb6, 0xac, 0xbd, 0xeb, 0x47, 0x7e, 0xbe, 0x52, 0xaf, 0x38, 0xbe,
  0xc5, 0x0d, 0x00, 0x3d, 0x3a, 0xfc, 0x11, 0xbd, 0xca, 0x36, 0x24, 0x3e,
  0x16, 0xf0, 0x1c, 0xbe, 0xf7, 0x4d, 0x14, 0xbe, 0x6c, 0x11, 0x27, 0xbd,
  0x6b, 0xc6, 0xda, 0xbd, 0x72, 0x4c, 0x7e, 0xbe, 0x53, 0x22, 0xe1, 0x3b,
  0x1b, 0x38, 0x59, 0xbc, 0x6a, 0x2e, 0x40, 0x3d, 0x8c, 0xc4, 0xbd, 0x3d,
  0x68, 0x9f, 0x66, 0xbe, 0xae, 0x27, 0x83, 0x3d, 0x6d, 0x32, 0xb0, 0x3d,
  0x8e, 0xa8, 0x06, 0x3d, 0x06, 0xcb, 0x3c, 0xbe, 0x77, 0xeb, 0x1b, 0x3e,
  0x35, 0xcd, 0xea, 0xbd, 0x57, 0x40, 0x3a, 0xbe, 0x70, 0x65, 0xd4, 0x3d,
  0x57, 0x03, 0x44, 0xbe, 0x22, 0x13, 0x63, 0xbe, 0x14, 0xcc, 0x02, 0xbe,
  0xe0, 0x86, 0x61, 0xbe, 0x05, 0x5e, 0xb1, 0x3d, 0x6f, 0x62, 0x72, 0xbe,
  0xa7, 0x3e, 0x10, 0xbe, 0x7b, 0x3b, 0x21, 0xbb, 0x14, 0x5b, 0x3c, 0x3d,
  0x28, 0xaf, 0x1c, 0x3d, 0x4a, 0x58, 0x3d, 0xbd, 0x1f, 0x2b, 0xa6, 0xbd,
  0x14, 0xb9, 0x00, 0xbe, 0x61, 0xef, 0x56, 0x3d, 0x97, 0x93, 0x8e, 0x3d,
  0xf7, 0x8f, 0x11, 0xbe, 0x7e, 0x21, 0xb4, 0xbc, 0xd2, 0xa3, 0xb1, 0x3c,
  0x06, 0xd2, 0x15, 0xbe, 0x7b, 0xd6, 0x2d, 0x3d, 0xd2, 0xca, 0xf1, 0x3d,
  0x80, 0xe9, 0xf3, 0xbb, 0x90, 0x63, 0x52, 0xbe, 0x37, 0x2a, 0x67, 0x3d,
  0x3a, 0x1c, 0x8d, 0x3d, 0x5f, 0xdd, 0x11, 0xbe, 0x5b, 0x29, 0x1d, 0xbe,
  0x6d, 0xa0, 0x40, 0xbe, 0xd9, 0x9e, 0x03, 0x3e, 0xf4, 0x3e, 0xa7, 0xbd,
  0xdf, 0x22, 0x71, 0xbe, 0x59, 0x85, 0xf6, 0x3c, 0x30, 0xc5, 0xe4, 0x3d,
  0x99, 0x5f, 0x30, 0xbe, 0x85, 0xb6, 0x54, 0xbe, 0x5f, 0xfb, 0x05, 0xbe,
  0xa8, 0x29, 0x00, 0xbe, 0xd7, 0xa7, 0xcf, 0x3d, 0x39, 0x90, 0x71, 0xbe,
  0xf9, 0x89, 0x65, 0xbe, 0x83, 0x5d, 0x26, 0xbe, 0x81, 0x8f, 0x5d, 0xbe,
  0xed, 0xa0, 0x48, 0xbe, 0x8d, 0xcd, 0x91, 0xbd, 0x88, 0x21, 0xff, 0x3d,
  0x2a, 0x51, 0x48, 0xbe, 0xce, 0xc3, 0x14, 0x3e, 0x68, 0xd2, 0x09, 0x3c,
  0x8f, 0x37, 0xfb, 0xbd, 0x40, 0xb9, 0x10, 0x3e, 0xfb, 0x92, 0x05, 0x3e,
  0xcc, 0xb1, 0x40, 0xbe, 0xfc, 0x7a, 0x30, 0xbe, 0xed, 0x14, 0xc2, 0xbd,
  0x68, 0x52, 0x10, 0x3c, 0x1c, 0x4c, 0x38, 0xba, 0x78, 0x95, 0x50, 0x3d,
  0xd6, 0xec, 0x66, 0xbe, 0xd6, 0x84, 0x57, 0xbe, 0x0e, 0x5e, 0x01, 0x3e,
  0x98, 0x98, 0xae, 0x3d, 0x4e, 0x2d, 0x29, 0x3e, 0x77, 0x7e, 0x87, 0xbd,
  0x42, 0x36, 0x9c, 0xbd, 0x1f, 0xd5, 0x38, 0xbe, 0x53, 0x6f, 0xe3, 0x3c,
  0x3d, 0xe4, 0xdf, 0x3d, 0xee, 0x2b, 0x5a, 0xbe, 0xd2, 0x46, 0xb4, 0xbd,
  0xef, 0xc6, 0x26, 0xbe, 0x57, 0x01, 0x26, 0xbe, 0x10, 0xf0, 0x47, 0xbe,
  0xd8, 0xae, 0x21, 0xbe, 0x0b, 0x98, 0xf7, 0xbd, 0xd7, 0x7b, 0x53, 0xbe,
  0xa3, 0xd8, 0xc6, 0x3d, 0x4f, 0x9b, 0x1a, 0xbe, 0xe6, 0x9a, 0x0b, 0x3e,
  0x57, 0x45, 0xca, 0xbd, 0x1d, 0x73, 0x0a, 0x3e, 0x98, 0x22, 0x6b, 0xbe,
  0xfa, 0x8a, 0x02, 0x3d, 0x00, 0x93, 0x67, 0x3c, 0x46, 0x4e, 0x7d, 0xbf,
  0x19, 0xd3, 0x30, 0xbe, 0x20, 0x49, 0x0d, 0xbe, 0x63, 0x0c, 0xb5, 0xbe,
  0x01, 0x1b, 0x43, 0x3e, 0x08, 0x79, 0xa0, 0x3d, 0x37, 0x51, 0xa3, 0xb9,
  0x3f, 0xa4, 0x1e, 0xbd, 0x28, 0x6b, 0xa1, 0x3d, 0xa6, 0xf5, 0xf3, 0xbe,
  0x1f, 0xc8, 0xe1, 0x3d, 0xb5, 0x19, 0xbd, 0x3c, 0x2c, 0x24, 0x08, 0xbe,
  0xc9, 0x11, 0x85, 0xbe, 0x1b, 0xc7, 0xd1, 0x3e, 0x66, 0x40, 0x9e, 0x3e,
  0x13, 0xca, 0x84, 0xbe, 0x59, 0x61, 0xeb, 0xbd, 0xaf, 0xce, 0xe6, 0xbe,
  0x84, 0xaf, 0x20, 0x3e, 0xd6, 0x18, 0x92, 0x3d, 0xa8, 0x99, 0xce, 0xbd,
  0xde, 0x72, 0x1f, 0x3e, 0xe2, 0x13, 0xe0, 0xbd, 0xff, 0xc8, 0xe9, 0xbe,
  0x34, 0xd6, 0x83, 0x3e, 0xe7, 0x6c, 0xb9, 0x3e, 0xf0, 0x42, 0x93, 0x3d,
  0x00, 0x87, 0x32, 0xbe, 0x4e, 0xfd, 0xdb, 0x3d, 0xd8, 0x24, 0xeb, 0xbc,
  0x6e, 0x4a, 0x9a, 0xbe, 0x08, 0x38, 0xf2, 0xbd, 0x95, 0x33, 0xb9, 0xbd,
  0x9c, 0x24, 0xd6, 0xbe, 0x6d, 0xde, 0xba, 0xbd, 0x4a, 0x9d, 0x3e, 0xbc,
  0x34, 0x13, 0x8f, 0xbe, 0x27, 0x7e, 0xcf, 0xbe, 0xd0, 0x4f, 0x82, 0x3d,
  0x27, 0xed, 0x71, 0xbd, 0xca, 0x91, 0x23, 0xbf, 0x2f, 0x21, 0xe0, 0xbd,
  0xa8, 0xad, 0x41, 0xbe, 0x5a, 0xa8, 0x5b, 0xbd, 0x93, 0x68, 0xf0, 0xbd,
  0x7d, 0x70, 0xd9, 0x3d, 0xd5, 0xde, 0x64, 0xbe, 0x30, 0x3b, 0x89, 0xbd,
  0x6a, 0xb7, 0x33, 0xbe, 0xff, 0x82, 0xa2, 0xbc, 0xa9, 0xc5, 0x03, 0x3e,
  0xa2, 0x74, 0x0c, 0xbe, 0x60, 0x14, 0xe3, 0x3c, 0x14, 0xfd, 0x58, 0x3b,
  0xd8, 0x0b, 0x49, 0x3e, 0x40, 0xbf, 0x2d, 0x39, 0x9c, 0xcd, 0xe8, 0xbe,
  0x86, 0x60, 0x8a, 0x3e, 0x7b, 0xf1, 0x3d, 0x3d, 0x80, 0x8c, 0xa4, 0x3d,
  0x28, 0xc7, 0x9b, 0xbe, 0xd3, 0x56, 0x3e, 0x3e, 0x0e, 0x2c, 0x9e, 0xbe,
  0xcc, 0xf7, 0xaf, 0x3d, 0x9f, 0x3b, 0xe5, 0xbe, 0x5e, 0x06, 0xe1, 0xbe,
  0xd1, 0x99, 0x1d, 0xbe, 0x91, 0x48, 0xdd, 0xbc, 0xa6, 0xd9, 0xd8, 0x3d,
  0x46, 0x6a, 0x4c, 0x3e, 0x11, 0x67, 0xd0, 0xbd, 0xc0, 0xe1, 0x4f, 0x3d,
  0xaa, 0xd6, 0xe2, 0xb9, 0xe7, 0x03, 0xbe, 0x3b, 0x8f, 0x1a, 0x4e, 0x3d,
  0xa3, 0x86, 0x55, 0x3e, 0x31, 0x66, 0xb7, 0x3d, 0xa6, 0x43, 0xb5, 0x3e,
  0x33, 0xd9, 0x1f, 0xbf, 0x46, 0x66, 0x85, 0xbd, 0x46, 0xdc, 0x3a, 0xbe,
  0xd8, 0x70, 0xc5, 0x3d, 0xde, 0xb3, 0xa8, 0xbc, 0xd9, 0xa8, 0x62, 0xbe,
  0xdf, 0x95, 0x77, 0xbe, 0x89, 0x25, 0x97, 0xbe, 0xa3, 0x35, 0x69, 0xbe,
  0xae, 0x40, 0x0f, 0xbe, 0x13, 0x7e, 0xf5, 0x3d, 0x96, 0x73, 0x0e, 0xbe,
  0x45, 0xce, 0x04, 0xbe, 0x61, 0x6f, 0xb6, 0x3e, 0xcf, 0x3e, 0x8c, 0xbe,
  0x9e, 0xda, 0xdf, 0xbe, 0x5c, 0x15, 0x21, 0xbe, 0xee, 0x15, 0x87, 0x3b,
  0xa7, 0x7d, 0x00, 0xbe, 0xb5, 0x74, 0x9c, 0x3e, 0x12, 0xb5, 0x7c, 0x3e,
  0x95, 0x94, 0x10, 0xbf, 0x08, 0xf5, 0xcf, 0xbe, 0x10, 0xed, 0xde, 0xbd,
  0xe4, 0xf8, 0x3a, 0xbe, 0x7b, 0xfd, 0x23, 0x3e, 0x1e, 0x37, 0x86, 0xbe,
  0x24, 0xf3, 0x8d, 0xbd, 0x54, 0x90, 0xd5, 0xbd, 0xe1, 0xe1, 0x06, 0x3e,
  0x75, 0x26, 0x46, 0x3e, 0x4f, 0x4c, 0x4e, 0xbe, 0x74, 0x74, 0xa4, 0x3c,
  0xc7, 0x6e, 0x8e, 0x3d, 0xe6, 0xcd, 0x55, 0x3d, 0xa2, 0xda, 0xd9, 0x3d,
  0xa3, 0xd8, 0x97, 0x3e, 0xf7, 0x8b, 0xab, 0x3e, 0x05, 0x22, 0xb2, 0x3e,
  0x3a, 0x8c, 0x26, 0x3e, 0x3e, 0xe9, 0x29, 0xbe, 0x11, 0xf7, 0xde, 0xbd,
  0xc2, 0x05, 0xe3, 0x3e, 0x9a, 0x97, 0x21, 0xbd, 0x57, 0xd7, 0xf8, 0xbe,
  0xd6, 0x14, 0xf9, 0xbd, 0x99, 0xed, 0x0f, 0xbd, 0xc5, 0x31, 0xa2, 0x3e,
  0xa3, 0x86, 0x51, 0x3e, 0xbf, 0xc5, 0x7f, 0xbd, 0x59, 0x7e, 0x2e, 0xbe,
  0xd9, 0xcd, 0x94, 0x3c, 0x1d, 0xbc, 0xb5, 0xbb, 0x7f, 0x05, 0x00, 0xbe,
  0x55, 0xd5, 0xae, 0xba, 0x46, 0xc6, 0x90, 0x3d, 0x61, 0x10, 0x4c, 0xbd,
  0xfe, 0x81, 0x64, 0x3d, 0xfb, 0xf7, 0x26, 0x3e, 0x5d, 0x1b, 0x2e, 0xbe,
  0x1e, 0xc5, 0x07, 0xbd, 0x0a, 0x5d, 0xb1, 0xbd, 0xd1, 0x5b, 0x6b, 0xbe,
  0xbe, 0x0f, 0xf1, 0x3c, 0x1f, 0x3a, 0xde, 0xbd, 0x92, 0x23, 0xe2, 0x3c,
  0x3d, 0x7c, 0xd6, 0x3b, 0x30, 0xcc, 0xf4, 0x3d, 0xd4, 0x39, 0x37, 0xbd,
  0x21, 0xad, 0x00, 0x3d, 0x98, 0x1a, 0x5b, 0xbe, 0xc5, 0x68, 0x49, 0xbd,
  0x09, 0x17, 0xfd, 0xbd, 0x95, 0x04, 0xb9, 0xbd, 0xef, 0x10, 0xb9, 0x3d,
  0xa9, 0x47, 0x0d, 0xbe, 0xf3, 0x84, 0xe1, 0xbd, 0xf6, 0xa6, 0x11, 0xbe,
  0x30, 0x22, 0x25, 0x3c, 0xb5, 0x6e, 0x56, 0xbe, 0x11, 0x8d, 0x73, 0xbe,
  0x92, 0x69, 0x42, 0x3d, 0xbf, 0x8b, 0xdb, 0x3d, 0x81, 0x54, 0xd3, 0x3d,
  0x81, 0x21, 0xf5, 0x3d, 0xca, 0x62, 0x04, 0xbb, 0x81, 0x2b, 0x5d, 0xbd,
  0xd5, 0xd5, 0xfe, 0x3d, 0xbe, 0xd6, 0x55, 0xbb, 0xf1, 0xd4, 0x16, 0x3e,
  0xbb, 0xfb, 0x88, 0xbd, 0x6b, 0x64, 0x31, 0x3d, 0xc0, 0x13, 0x18, 0xbe,
  0x65, 0x82, 0x26, 0xbe, 0x86, 0xc0, 0x3a, 0xbd, 0xe1, 0xbd, 0x95, 0xbc,
  0x3a, 0xc8, 0x34, 0xbe, 0x2b, 0xff, 0x87, 0xbd, 0xa1, 0x09, 0xcd, 0xbd,
  0xb4, 0xbc, 0xee, 0x3d, 0x34, 0xc3, 0x57, 0xbe, 0xa0, 0xdc, 0x4a, 0xbe,
  0x7d, 0xd1, 0x42, 0xbe, 0x59, 0x1e, 0xe9, 0x3d, 0x7c, 0x5e, 0x85, 0xbe,
  0x94, 0x60, 0x30, 0xbe, 0xe9, 0x32, 0xa6, 0xbd, 0x64, 0x05, 0x58, 0x3d,
  0x9d, 0xfc, 0x70, 0xbc, 0xec, 0x03, 0xc6, 0xbd, 0x42, 0xf8, 0x8c, 0xbb,
  0x68, 0xc0, 0xbb, 0xbd, 0x76, 0x9a, 0x4b, 0x3d, 0xef, 0x9f, 0xf4, 0x3c,
  0xfb, 0xfc, 0x03, 0x3e, 0x47, 0x0f, 0xf5, 0xbd, 0x0d, 0xc0, 0xd1, 0xbd,
  0xde, 0xa7, 0xe2, 0x3d, 0x7d, 0xf6, 0xd7, 0x3d, 0xc1, 0xcb, 0xfb, 0xbd,
  0x70, 0xf8, 0xa5, 0xbd, 0xd2, 0xde, 0x9b, 0xbd, 0x3a, 0x4a, 0x04, 0xbe,
  0x5c, 0x2d, 0x22, 0xbe, 0xbc, 0x15, 0xe1, 0x3d, 0x7c, 0xa4, 0x2b, 0xbe,
  0xb8, 0x35, 0xba, 0xbd, 0x2b, 0x92, 0xc6, 0x3d, 0x2f, 0x32, 0xd4, 0x3d,
  0xa8, 0x8d, 0x83, 0xbe, 0x97, 0x2e, 0x64, 0x3d, 0xa6, 0x45, 0x0d, 0xbe,
  0xd4, 0xed, 0x4b, 0xbe, 0x15, 0xdd, 0x34, 0x3d, 0x56, 0xcd, 0x1f, 0xbe,
  0x2e, 0xb2, 0x55, 0x3d, 0x6e, 0x6c, 0xb4, 0xbd, 0x8b, 0x1d, 0x9c, 0x3d,
  0x22, 0xf7, 0xcc, 0xbd, 0x47, 0xa1, 0x17, 0xbe, 0xbc, 0x3c, 0x4b, 0x3d,
  0x08, 0x56, 0x3c, 0x3d, 0xed, 0xab, 0xe4, 0x3c, 0x66, 0x00, 0x6f, 0xbe,
  0x78, 0x6e, 0x45, 0xbe, 0x08, 0xfd, 0x8c, 0xbe, 0x20, 0x59, 0x14, 0x3e,
  0xd1, 0xf7, 0xdc, 0x3c, 0xa2, 0x3f, 0xea, 0xbd, 0xcc, 0xed, 0x40, 0x3d,
  0xc4, 0x98, 0x3f, 0xbe, 0xda, 0x7f, 0x81, 0xbe, 0x62, 0x02, 0xbb, 0xbd,
  0x2e, 0x31, 0xa1, 0x3c, 0xc8, 0x25, 0x99, 0x3d, 0xf0, 0x00, 0xb5, 0x3d,
  0xf0, 0x8e, 0x34, 0xbc, 0xc5, 0x03, 0x94, 0xbc, 0x52, 0x13, 0xee, 0xbc,
  0xe7, 0x95, 0x22, 0xbe, 0xe5, 0xa7, 0x2b, 0x3d, 0xcd, 0x2a, 0xce, 0x3d,
  0xe9, 0xd2, 0x78, 0xbd, 0x04, 0x46, 0x1f, 0x3e, 0x8e, 0x39, 0xd0, 0xbd,
  0x8c, 0x5c, 0xb4, 0xbd, 0x4a, 0x53, 0x9e, 0xbd, 0xe2, 0xeb, 0x0b, 0x3d,
  0xdf, 0x4c, 0x63, 0x3d, 0xa2, 0xed, 0xa7, 0xbd, 0xcd, 0x5b, 0x27, 0x3c,
  0x30, 0x6c, 0xa8, 0xbd, 0xcb, 0x08, 0x08, 0x3e, 0xef, 0x69, 0xd0, 0xbd,
  0x88, 0xfe, 0x7f, 0xbd, 0xeb, 0x4c, 0x46, 0xbe, 0x95, 0x88, 0xed, 0x3c,
  0x7c, 0xd9, 0x53, 0xbe, 0x20, 0x72, 0x5c, 0xbd, 0x30, 0xfa, 0x50, 0xbf,
  0xf7, 0xf4, 0x3a, 0x3e, 0x99, 0x7f, 0x61, 0x3e, 0x02, 0x95, 0xb5, 0x3e,
  0x25, 0xfc, 0xb7, 0x3c, 0xed, 0xf1, 0xe9, 0x3d, 0x86, 0xe3, 0xc9, 0x3d,
  0xf1, 0x24, 0x7d, 0xbf, 0x52, 0xb4, 0xf9, 0xbe, 0x98, 0x88, 0x92, 0x3e,
  0xd7, 0xd3, 0xc0, 0xbe, 0xbb, 0x9c, 0x7e, 0x3d, 0xff, 0x8d, 0x90, 0x3d,
  0x4b, 0x23, 0xc2, 0xbc, 0xcd, 0x56, 0x70, 0x3e, 0xc5, 0x95, 0x1d, 0x3e,
  0xf0, 0xdc, 0x46, 0x3e, 0x24, 0x06, 0x3a, 0xbe, 0xf1, 0x7f, 0xb6, 0x3e,
  0x0e, 0x8a, 0xad, 0x3d, 0x87, 0xb3, 0xab, 0x3d, 0xa0, 0xe2, 0x5e, 0xbe,
  0xfd, 0x90, 0x62, 0xbe, 0x8b, 0xd6, 0x85, 0xbd, 0xfd, 0x30, 0x1c, 0xbe,
  0x6f, 0x6a, 0xe9, 0x3e, 0xe7, 0xa6, 0xaf, 0xbe, 0xbf, 0x25, 0xc7, 0x3d,
  0x77, 0x9d, 0x17, 0x3e, 0xce, 0x16, 0x79, 0x3d, 0x97, 0x2a, 0x03, 0x3e,
  0xbf, 0xa8, 0x9c, 0x3b, 0x4c, 0x3e, 0x1d, 0xbf, 0x40, 0x17, 0xde, 0xbd,
  0x64, 0x37, 0xe9, 0xbe, 0x30, 0xdb, 0xe5, 0x3d, 0x07, 0x27, 0xb6, 0xbd,
  0x14, 0xd3, 0x5b, 0x3e, 0xb1, 0x7d, 0x2a, 0x3e, 0x8f, 0xf2, 0x65, 0xbe,
  0xfb, 0x52, 0x50, 0x3e, 0x5d, 0x3e, 0x85, 0x3e, 0x27, 0x7c, 0x14, 0xbd,
  0xb9, 0x7a, 0x06, 0x3d, 0x84, 0x17, 0x24, 0x3d, 0x3d, 0xbc, 0x83, 0xbe,
  0xf6, 0xe7, 0x56, 0xbd, 0xd7, 0x63, 0x97, 0x3c, 0x5b, 0x9f, 0x5e, 0x3e,
  0x50, 0xdd, 0xa5, 0x3d, 0xa8, 0x9d, 0x21, 0xbf, 0x50, 0x61, 0xef, 0xbe,
  0x12, 0xd5, 0x90, 0x3e, 0xc0, 0xbe, 0x9e, 0xbd, 0x11, 0x81, 0x6f, 0xbe,
  0xeb, 0xdc, 0x5c, 0x3d, 0xa0, 0x7a, 0x49, 0x3e, 0xaa, 0xde, 0xe7, 0xbe,
  0x1d, 0x9c, 0x34, 0xbe, 0x05, 0xef, 0x91, 0x3e, 0x40, 0x69, 0x28, 0x3e,
  0x42, 0x35, 0x17, 0x3c, 0x2e, 0xbf, 0x0f, 0xbd, 0x18, 0x65, 0x6b, 0x3c,
  0x2c, 0x68, 0x91, 0x3e, 0x82, 0x05, 0x55, 0x3d, 0x73, 0xdd, 0xda, 0x3d,
  0xbf, 0x54, 0xc7, 0xbe, 0x66, 0x8d, 0x86, 0x3e, 0x91, 0xb7, 0xc8, 0x3b,
  0x55, 0x0a, 0xeb, 0x3d, 0xd0, 0xfa, 0xa2, 0x3e, 0x5a, 0x70, 0x43, 0x3e,
  0xcf, 0xd0, 0x23, 0x3e, 0x6c, 0x0a, 0x65, 0x3e, 0xbe, 0xba, 0xac, 0xbc,
  0x6f, 0x09, 0x81, 0x3e, 0xd9, 0xa4, 0x59, 0xbe, 0xa3, 0xe6, 0xc2, 0x3d,
  0x03, 0x95, 0x57, 0xbd, 0x6f, 0xde, 0xce, 0x3d, 0x9c, 0x1b, 0xba, 0x3e,
  0xed, 0xa2, 0xa8, 0xbe, 0xcd, 0xa0, 0xfa, 0xbe, 0x09, 0x8b, 0x13, 0xbd,
  0x42, 0xc8, 0x1d, 0x3d, 0x29, 0x5f, 0xd4, 0xbe, 0xe1, 0x4d, 0x9e, 0xbd,
  0x53, 0x5d, 0x99, 0xbe, 0x47, 0x75, 0x99, 0xbc, 0x28, 0x8d, 0x88, 0xbf,
  0x33, 0x58, 0xc8, 0x3d, 0xed, 0x71, 0xba, 0x3b, 0xee, 0x1b, 0x2f, 0x3e,
  0x19, 0x25, 0x2f, 0x3c, 0x3a, 0x63, 0xb2, 0xbe, 0xef, 0xd6, 0xdb, 0x3d,
  0x40, 0x0c, 0x97, 0xbd, 0xad, 0x18, 0xf8, 0x3d, 0x2b, 0x88, 0x22, 0xbf,
  0x43, 0x66, 0xc8, 0x3d, 0x31, 0xef, 0x15, 0x3d, 0xcd, 0x24, 0xd4, 0xbd,
  0x40, 0x25, 0xa9, 0xbe, 0x93, 0x46, 0xcc, 0x3d, 0xec, 0x6c, 0xe8, 0xbe,
  0x12, 0x2b, 0x52, 0xbd, 0x2a, 0xed, 0x87, 0x3e, 0x55, 0x95, 0xa9, 0x3d,
  0x38, 0x2e, 0x3c, 0xbe, 0xf0, 0xb8, 0x7a, 0x3c, 0xf4, 0xc7, 0x97, 0xbe,
  0x4a, 0x38, 0xa6, 0x3e, 0x75, 0x25, 0x76, 0xbe, 0x5c, 0xa5, 0xa5, 0xbe,
  0x71, 0x9b, 0x4a, 0x3e, 0x95, 0xb7, 0xcd, 0x3d, 0x34, 0xe3, 0x12, 0x3e,
  0xb0, 0x4e, 0x62, 0x3e, 0x9e, 0xf6, 0xec, 0x3d, 0x52, 0xa4, 0x12, 0xbf,
  0x3e, 0x78, 0x16, 0xbe, 0xf6, 0x2a, 0x59, 0x3a, 0x93, 0xdd, 0x87, 0x3c,
  0x32, 0x8a, 0x64, 0x3e, 0xbe, 0x12, 0xc2, 0xbe, 0xa8, 0xaa, 0x49, 0xbe,
  0x45, 0xe7, 0x75, 0x3e, 0x34, 0x7b, 0xa1, 0x3d, 0xb0, 0x09, 0xc8, 0x3d,
  0xd5, 0x5a, 0x63, 0x3d, 0x3b, 0x97, 0x5d, 0x3d, 0xbb, 0x27, 0xb3, 0x3d,
  0xba, 0xb6, 0xf3, 0xbd, 0xcf, 0xaf, 0x94, 0x3c, 0x63, 0x98, 0x31, 0x3e,
  0x74, 0xa0, 0x81, 0xbd, 0xfb, 0xe0, 0x00, 0x3e, 0x3b, 0xbb, 0xb2, 0x3b,
  0xc8, 0xbd, 0xc1, 0x3e, 0xf8, 0x5c, 0xdf, 0xbd, 0x7d, 0x5b, 0xda, 0x3c,
  0xf3, 0x65, 0xb5, 0x3d, 0xc9, 0x89, 0x0c, 0x3d, 0x2c, 0x28, 0x82, 0x3e,
  0xbb, 0x41, 0xb4, 0xbe, 0x47, 0x88, 0xb3, 0x3e, 0x5f, 0xce, 0x89, 0x3e,
  0x94, 0x54, 0x97, 0x3e, 0xc9, 0x41, 0xfc, 0x3d, 0x81, 0x65, 0x21, 0x3d,
  0xbb, 0xe2, 0x35, 0xbe, 0x00, 0xe0, 0x95, 0x3e, 0x45, 0xa0, 0x84, 0xbb,
  0x06, 0xf3, 0x58, 0xbd, 0xa6, 0xd9, 0x94, 0x3e, 0xc1, 0xc6, 0xc3, 0x3d,
  0x8b, 0x68, 0xf8, 0xbd, 0xb2, 0x57, 0x97, 0x3e, 0xa8, 0x81, 0x59, 0x3e,
  0xff, 0x2e, 0xa7, 0xbe, 0xb2, 0x89, 0xaf, 0x3e, 0xd6, 0x52, 0xc3, 0xbd,
  0xd8, 0xd9, 0xa0, 0xbd, 0xc8, 0xf9, 0x8d, 0x3d, 0x26, 0x65, 0x93, 0x3e,
  0x2a, 0x45, 0xcc, 0xbd, 0x8b, 0x6f, 0x5f, 0x3e, 0x3f, 0x11, 0xd4, 0xbd,
  0xbf, 0x58, 0x86, 0x3e, 0xa2, 0xb1, 0x02, 0x3e, 0xd5, 0xcc, 0x8c, 0xbe,
  0x4d, 0x72, 0xc6, 0xbc, 0x22, 0x96, 0x03, 0x3e, 0x84, 0x64, 0x3e, 0xbd,
  0x52, 0xbb, 0x4a, 0xbe, 0xc6, 0xf5, 0xa7, 0x3c, 0x0d, 0x22, 0xbc, 0x3b,
  0x2f, 0x87, 0xd3, 0x3e, 0xdf, 0xd7, 0x12, 0xbe, 0x56, 0x95, 0xba, 0x3b,
  0x91, 0x81, 0xc2, 0x3e, 0x12, 0x43, 0xf6, 0x3e, 0x21, 0x49, 0x8c, 0xbe,
  0x7c, 0x8a, 0xb6, 0xbd, 0x2b, 0x60, 0x1f, 0xbe, 0x4f, 0xad, 0x25, 0x3e,
  0x83, 0xe0, 0x72, 0xbe, 0xcd, 0xf2, 0xfc, 0xbe, 0x23, 0x59, 0xb2, 0x3e,
  0x05, 0xca, 0x91, 0xbd, 0x91, 0xb8, 0x09, 0xbd, 0xe3, 0xb2, 0xc1, 0xbd,
  0x15, 0x87, 0x3b, 0x3e, 0x47, 0xd3, 0x16, 0x3e, 0x39, 0x29, 0xf2, 0x3d,
  0x55, 0x54, 0x30, 0x3e, 0x6d, 0x81, 0xac, 0xbe, 0x18, 0x66, 0xb7, 0x3d,
  0x3a, 0xa1, 0xd2, 0xbd, 0xb7, 0x26, 0xc0, 0x3d, 0x78, 0x19, 0x8f, 0x3e,
  0x6c, 0x50, 0x4c, 0x3e, 0xa3, 0x2a, 0x09, 0x3e, 0x2e, 0x7a, 0x66, 0xbe,
  0x5a, 0xbb, 0xbd, 0xbd, 0xef, 0x17, 0x06, 0xbe, 0x25, 0x43, 0x61, 0xbd,
  0x97, 0x56, 0x55, 0xbe, 0x5b, 0x04, 0x1e, 0xbf, 0xee, 0x7a, 0xfb, 0x3d,
  0x3b, 0x8b, 0xeb, 0x3d, 0xe0, 0xc3, 0xbe, 0xbd, 0x49, 0x75, 0x3a, 0x3d,
  0xde, 0x69, 0xc5, 0x3d, 0xbc, 0x26, 0x00, 0xbe, 0x42, 0x45, 0x18, 0x3e,
  0xab, 0x70, 0x67, 0x3c, 0x34, 0x75, 0xce, 0xbd, 0xf8, 0xc1, 0xdf, 0xbd,
  0x12, 0x0d, 0x42, 0xbe, 0x09, 0x17, 0x9a, 0xbe, 0x90, 0xb6, 0x14, 0x3e,
  0x0f, 0x1f, 0xca, 0xbd, 0x61, 0x5c, 0x3d, 0x3d, 0x7c, 0xda, 0x1e, 0xbe,
  0x7b, 0x47, 0x19, 0xbd, 0xb7, 0xac, 0x6e, 0x3d, 0xd5, 0x19, 0xd0, 0xbc,
  0x55, 0x26, 0x16, 0xbe, 0x5a, 0x7c, 0x7e, 0x3d, 0x7a, 0x73, 0x4f, 0xbe,
  0xdf, 0x59, 0x77, 0xbe, 0x50, 0xd5, 0xaa, 0x3e, 0xfa, 0x32, 0x5c, 0xbe,
  0x1e, 0x67, 0x28, 0x3e, 0x3c, 0xd4, 0x20, 0x3d, 0x1d, 0xbe, 0x8e, 0xbe,
  0xfd, 0xb1, 0xa7, 0x3e, 0xa7, 0xb4, 0x16, 0x3e, 0x3b, 0x10, 0x25, 0xbd,
  0x25, 0x54, 0x00, 0x3e, 0xa3, 0x38, 0xe0, 0x3d, 0x27, 0x68, 0x88, 0xbe,
  0x51, 0xc5, 0x1a, 0xbe, 0xee, 0x8f, 0x62, 0x3d, 0xd6, 0x78, 0x66, 0xbe,
  0xb1, 0xf7, 0x39, 0x3c, 0x6f, 0xab, 0x07, 0x3e, 0x68, 0xca, 0xdf, 0xbc,
  0x56, 0xe5, 0x3f, 0xbe, 0x0a, 0xfb, 0xb1, 0xbd, 0x42, 0x9a, 0xab, 0xbe,
  0xfb, 0x66, 0x5c, 0xbe, 0xea, 0xa8, 0x82, 0x3d, 0x1c, 0xf8, 0x9b, 0x3d,
  0x54, 0x7c, 0x29, 0x3e, 0x2e, 0xca, 0x62, 0xbd, 0xf1, 0xaf, 0xda, 0x3d,
  0x44, 0x40, 0x49, 0xbe, 0x53, 0x07, 0x4f, 0xbe, 0x05, 0x2c, 0x9e, 0xbd,
  0x33, 0x48, 0x09, 0xbe, 0x3a, 0x4f, 0x01, 0xbc, 0x90, 0x46, 0x08, 0x3c,
  0x8a, 0xd9, 0x9d, 0xbe, 0x5d, 0xc4, 0xbf, 0xbd, 0xac, 0x0d, 0x13, 0x3e,
  0xc2, 0x3e, 0x3e, 0xbe, 0x93, 0x7f, 0x54, 0xbe, 0xe5, 0x61, 0x8a, 0xbe,
  0x13, 0x2c, 0xc9, 0x3d, 0x91, 0x3a, 0x50, 0xbe, 0xa3, 0xad, 0x00, 0xbe,
  0x46, 0x91, 0x1b, 0xbe, 0xd3, 0x0b, 0xc4, 0x3d, 0xb0, 0x29, 0xdd, 0xbd,
  0x1a, 0xa2, 0xba, 0xbc, 0xab, 0x3a, 0xed, 0xbd, 0xdc, 0x4f, 0xd1, 0x3d,
  0xcc, 0x0c, 0x94, 0xbe, 0xcf, 0x73, 0xdf, 0xbd, 0xfa, 0xab, 0x52, 0xbe,
  0x23, 0x9c, 0x46, 0xbe, 0x70, 0xb6, 0xd1, 0xbd, 0x73, 0xc4, 0x21, 0xbe,
  0x91, 0xa7, 0xa8, 0x3d, 0x5e, 0xd6, 0x2d, 0x3e, 0x39, 0xda, 0xd7, 0xbd,
  0x24, 0x0a, 0x49, 0x3d, 0x68, 0x43, 0x1c, 0xbe, 0x7f, 0x79, 0x4f, 0x3d,
  0xe2, 0xfe, 0x7c, 0x3a, 0xc9, 0x0c, 0xdc, 0x3d, 0xfa, 0xf8, 0x54, 0xbe,
  0xdc, 0x15, 0x19, 0x3e, 0xb4, 0x41, 0x95, 0x3c, 0xa2, 0xa9, 0x55, 0xbe,
  0x17, 0xe7, 0x2c, 0xbd, 0x61, 0x5d, 0xc9, 0xbd, 0xfb, 0x92, 0x21, 0x3d,
  0x7d, 0x9e, 0x9b, 0xbe, 0x80, 0x7e, 0x8b, 0x3d, 0x50, 0x36, 0x64, 0xbd,
  0xda, 0x6a, 0x57, 0x3d, 0x5c, 0x09, 0x26, 0xbe, 0x41, 0x36, 0x1b, 0xbe,
  0x08, 0xd2, 0x78, 0xbd, 0x74, 0xd4, 0x6a, 0xbe, 0x0a, 0x06, 0x00, 0x3e,
  0x96, 0xde, 0xfe, 0x3d, 0xc1, 0xce, 0x12, 0xbd, 0xd3, 0x53, 0x23, 0xbe,
  0xe2, 0xac, 0x78, 0xbe, 0x30, 0x03, 0x11, 0xbe, 0x6d, 0x54, 0xd5, 0x3c,
  0x27, 0x1e, 0x29, 0x3e, 0x7f, 0xf6, 0x90, 0xbd, 0xbe, 0x48, 0x70, 0x3d,
  0xb5, 0x34, 0x99, 0x3d, 0x18, 0xa1, 0x93, 0x3d, 0x95, 0xfe, 0x15, 0xbe,
  0x1d, 0xe2, 0x91, 0xbe, 0x44, 0x39, 0x71, 0x3c, 0xf8, 0x18, 0x10, 0xbe,
  0x7e, 0x02, 0x3a, 0x3c, 0x1c, 0xef, 0x46, 0xbe, 0xac, 0x22, 0xb8, 0xbd,
  0x32, 0x8b, 0x11, 0x3d, 0x14, 0x46, 0x42, 0xbe, 0x0b, 0x2d, 0x9e, 0xbc,
  0x4b, 0xbf, 0x24, 0xbe, 0x7b, 0x47, 0x34, 0xbd, 0x99, 0xd8, 0x9a, 0xbd,
  0x77, 0x77, 0x41, 0x3d, 0x5f, 0x1d, 0x2b, 0xbd, 0x70, 0x88, 0xf6, 0xbc,
  0xed, 0xd4, 0xf4, 0xbd, 0xc4, 0xfb, 0x7a, 0x3d, 0x87, 0x50, 0xe0, 0x3d,
  0xbf, 0x19, 0x6f, 0xbe, 0x6f, 0x64, 0x3a, 0xbe, 0x35, 0x1d, 0x00, 0x3e,
  0xca, 0x79, 0x66, 0xbe, 0x42, 0xd8, 0x2f, 0xbe, 0xc2, 0x10, 0x09, 0xbd,
  0xab, 0x2c, 0xcb, 0xbd, 0x8f, 0xa3, 0xb4, 0xbd, 0xb8, 0x63, 0x17, 0xbe,
  0x88, 0x48, 0x95, 0xbe, 0x27, 0x9a, 0x32, 0xbe, 0xfa, 0xe6, 0x80, 0xbe,
  0x36, 0xc8, 0x19, 0x3e, 0x4d, 0xce, 0xd0, 0x3d, 0xa3, 0x15, 0xc6, 0xbd,
  0xd1, 0xbe, 0xa2, 0xbd, 0x7e, 0x17, 0x09, 0x3e, 0x25, 0x84, 0x09, 0x3d,
  0xbc, 0xb0, 0x0a, 0xbe, 0x3e, 0x35, 0xb9, 0xbd, 0xae, 0x9b, 0x0e, 0xbe,
  0x04, 0x60, 0xcb, 0x3d, 0x12, 0x24, 0xa9, 0x3c, 0xcf, 0x12, 0x09, 0xbd,
  0x77, 0x45, 0x73, 0xbe, 0x5c, 0x63, 0x2a, 0x3d, 0x42, 0x7d, 0x53, 0x3d,
  0x68, 0x08, 0x62, 0xbe, 0x09, 0x56, 0x6f, 0xbe, 0x43, 0x7d, 0xb3, 0xbd,
  0x7b, 0x0e, 0x2b, 0xbe, 0x04, 0x78, 0x70, 0xbd, 0xd5, 0xe4, 0x1a, 0xbe,
  0xa9, 0x35, 0x0f, 0x3e, 0x60, 0xc1, 0x8e, 0x3d, 0xda, 0x06, 0x01, 0x3e,
  0xa5, 0xb7, 0x3d, 0xbb, 0xe2, 0xe3, 0x40, 0xbd, 0x66, 0xac, 0x49, 0xbe,
  0x44, 0xce, 0x1f, 0x3d, 0xbb, 0x5b, 0x31, 0xbd, 0x5d, 0x7d, 0x4f, 0xbe,
  0x99, 0x9f, 0x92, 0x3d, 0x56, 0xca, 0x00, 0xbf, 0x94, 0xbe, 0xdf, 0xbe,
  0xcc, 0x16, 0x41, 0x3e, 0xbb, 0x41, 0x58, 0xbd, 0x5c, 0xe8, 0x1c, 0xbe,
  0x89, 0xe6, 0x07, 0x3e, 0x6b, 0x9e, 0xd6, 0xbe, 0x83, 0x81, 0xad, 0x3d,
  0xd3, 0xc4, 0x50, 0xbe, 0xd3, 0x5f, 0x36, 0x3e, 0x7a, 0x8b, 0xe1, 0xbe,
  0xcd, 0x96, 0x9d, 0xbd, 0x1e, 0xbf, 0x20, 0x3e, 0xba, 0x44, 0x03, 0xbc,
  0x2e, 0xb5, 0xc9, 0x3e, 0x77, 0x31, 0xbb, 0x3d, 0xa8, 0xeb, 0x4b, 0x3d,
  0x43, 0xf8, 0xa7, 0xbe, 0x9f, 0x03, 0xe7, 0xbe, 0x20, 0x09, 0x75, 0xbd,
  0x25, 0x7b, 0x7e, 0xbf, 0xf7, 0x89, 0x52, 0x3d, 0x25, 0xa9, 0x20, 0xbf,
  0xf5, 0xbd, 0xb6, 0x3d, 0x2c, 0xfc, 0x9d, 0xbe, 0x9b, 0xe0, 0x43, 0x3e,
  0xf2, 0x78, 0x36, 0xbd, 0xd9, 0x4b, 0xa2, 0x3d, 0xda, 0x46, 0xd8, 0x3e,
  0xc3, 0xa4, 0xcd, 0xbd, 0xa0, 0x9d, 0x09, 0xbf, 0xc0, 0xc3, 0xa6, 0x3d,
  0x4d, 0x60, 0x9b, 0xbd, 0x71, 0x9b, 0xb7, 0x3c, 0x27, 0xd0, 0xf9, 0xbd,
  0x2c, 0xd4, 0x09, 0xbf, 0x43, 0x28, 0x38, 0x3a, 0x1d, 0x9c, 0x9a, 0xbe,
  0x16, 0x36, 0x18, 0x3d, 0x6a, 0x98, 0x16, 0x3e, 0x4e, 0x9a, 0x75, 0xbc,
  0x3b, 0x59, 0xde, 0xbe, 0x2c, 0xad, 0x38, 0x3c, 0xe7, 0x9d, 0xba, 0x3e,
  0x02, 0xca, 0xbd, 0xbe, 0x83, 0x46, 0x85, 0xbe, 0x57, 0xe4, 0xcb, 0x3e,
  0x08, 0xd5, 0xb0, 0xbe, 0x88, 0xca, 0x6c, 0x3e, 0x3b, 0xaa, 0x03, 0xbf,
  0xb7, 0x8b, 0x76, 0x3e, 0x42, 0x3c, 0xbe, 0x3d, 0xc3, 0x54, 0x84, 0xbe,
  0xd9, 0xd0, 0x93, 0x3e, 0x6f, 0xa6, 0xfd, 0xbd, 0xcd, 0xf3, 0x50, 0xbe,
  0x37, 0x1e, 0x20, 0xbe, 0xe1, 0x5b, 0xf8, 0x3d, 0x15, 0x72, 0x0e, 0xbf,
  0xea, 0x3b, 0x58, 0x3c, 0xf5, 0x91, 0xf5, 0x3e, 0xbe, 0xa9, 0x27, 0xbf,
  0xef, 0x58, 0x64, 0xbe, 0x2d, 0x56, 0x94, 0xbe, 0xd5, 0x2f, 0xe1, 0xbe,
  0x3b, 0xaa, 0x47, 0xbe, 0xdb, 0xd7, 0xcd, 0x3c, 0x88, 0x1e, 0xe8, 0xbd,
  0x35, 0x09, 0xa9, 0xbe, 0xd9, 0xbe, 0x69, 0x3e, 0x52, 0xb5, 0x8e, 0x3e,
  0x02, 0xde, 0xab, 0x3e, 0xe5, 0xc6, 0xf2, 0xbd, 0xcf, 0xd1, 0x3f, 0xbe,
  0x75, 0x6f, 0x3f, 0x3e, 0x9e, 0x26, 0xab, 0x3e, 0x50, 0x11, 0xc2, 0x3d,
  0xe8, 0xd3, 0x16, 0xbf, 0xaa, 0xc3, 0x0e, 0xbe, 0x0a, 0xd7, 0x04, 0x3e,
  0x04, 0xe0, 0xe6, 0x3d, 0xc5, 0x54, 0xd5, 0xbd, 0xb5, 0x63, 0x90, 0x3e,
  0x8e, 0xb8, 0xa6, 0xbe, 0x11, 0x5c, 0x00, 0x3c, 0xe2, 0xc6, 0x9b, 0xbe,
  0x00, 0xf0, 0x11, 0xbe, 0x55, 0x37, 0xd6, 0xbd, 0x87, 0x14, 0xbe, 0x3d,
  0x88, 0x70, 0xe4, 0x3d, 0x03, 0x99, 0x31, 0xbf, 0xeb, 0xdc, 0xc9, 0xbe,
  0x53, 0x37, 0x64, 0x3e, 0xae, 0x39, 0x0a, 0x3e, 0xd4, 0x68, 0x84, 0xbe,
  0x3b, 0x0d, 0x78, 0x3e, 0x7e, 0x9f, 0xf5, 0xbd, 0x8f, 0xae, 0x1a, 0xbf,
  0x59, 0x6c, 0x46, 0xbf, 0xcc, 0x3a, 0x5c, 0xbe, 0xba, 0x65, 0xd0, 0x3d,
  0xae, 0x7a, 0x0d, 0xbf, 0x29, 0x07, 0x38, 0x3e, 0x1e, 0x70, 0xd9, 0xbd,
  0x4e, 0x4d, 0x98, 0xbe, 0xda, 0xf0, 0x21, 0xbf, 0xc2, 0x75, 0x4b, 0x3d,
  0xc4, 0x66, 0x88, 0xbc, 0x1c, 0xf3, 0x37, 0x3e, 0xe9, 0xef, 0xbd, 0x3d,
  0xb8, 0x61, 0x7b, 0xbe, 0x28, 0xc8, 0x00, 0xbe, 0x3b, 0xe1, 0x76, 0x3e,
  0xdc, 0x5a, 0x92, 0x3e, 0x14, 0xb4, 0xa4, 0xbe, 0xd7, 0xd0, 0x5d, 0xbe,
  0x2c, 0x27, 0xe4, 0xbe, 0x29, 0x1f, 0x8a, 0xbe, 0x60, 0x84, 0x7b, 0xbf,
  0xd8, 0x5b, 0xa9, 0xbe, 0x78, 0x5f, 0xac, 0x3d, 0x7f, 0xf2, 0x74, 0x3e,
  0x7d, 0x91, 0xc3, 0xbd, 0x49, 0x83, 0x10, 0xbf, 0xbd, 0x45, 0x1c, 0xbf,
  0x9b, 0x99, 0xc4, 0x3e, 0xb7, 0xb9, 0xcd, 0x3d, 0x22, 0xf4, 0xa1, 0xbe,
  0x3a, 0xe6, 0x1a, 0xbe, 0xae, 0xaa, 0x94, 0x3e, 0x43, 0xde, 0x5f, 0xbe,
  0xff, 0xe7, 0x56, 0x3c, 0xd2, 0x33, 0x6e, 0xbe, 0x85, 0xa7, 0x00, 0x3e,
  0x39, 0x5a, 0x17, 0xbe, 0x01, 0x39, 0x65, 0xbe, 0xb3, 0x7b, 0xbc, 0xbd,
  0xf3, 0x15, 0xde, 0x3d, 0xd5, 0x91, 0x8c, 0x3e, 0x8a, 0xbb, 0xd1, 0xbe,
  0x65, 0x2d, 0x74, 0xbe, 0x09, 0xd4, 0x22, 0xbd, 0x9e, 0xd4, 0xab, 0x3e,
  0x83, 0xe8, 0xc4, 0x3e, 0xee, 0xcd, 0xf1, 0xbe, 0xc0, 0x39, 0x9b, 0x3d,
  0x6e, 0xc8, 0xf3, 0xbe, 0x05, 0x97, 0xa9, 0x3e, 0x76, 0x4e, 0x4f, 0xbf,
  0x7e, 0x41, 0x45, 0x3c, 0x82, 0x78, 0x2f, 0xbd, 0x73, 0x54, 0xfe, 0x3d,
  0x2c, 0x35, 0xa2, 0x3d, 0x54, 0x06, 0xa3, 0x3e, 0x39, 0x12, 0x42, 0xbe,
  0x98, 0xbc, 0xa7, 0xbc, 0xba, 0x5f, 0x4a, 0x3e, 0xfe, 0x04, 0xad, 0x3e,
  0x30, 0x55, 0xa9, 0xbe, 0x42, 0xe3, 0xab, 0xbd, 0x9a, 0x9f, 0x20, 0x3e,
  0x4c, 0x9c, 0x3c, 0xbe, 0x2d, 0x20, 0x65, 0xbe, 0x32, 0x5b, 0xa9, 0x3e,
  0xdd, 0x3e, 0xe9, 0xbe, 0x08, 0x72, 0xca, 0x3e, 0xb0, 0x5d, 0x88, 0x3b,
  0x77, 0xbf, 0x65, 0xbe, 0x21, 0xdb, 0xcb, 0x3d, 0x73, 0xc9, 0xd4, 0x3d,
  0x78, 0xd3, 0x87, 0x3e, 0xd2, 0xfd, 0x03, 0xbe, 0xce, 0x03, 0xa1, 0x3d,
  0x6f, 0xa7, 0x00, 0x3e, 0xab, 0x12, 0x49, 0x3e, 0x49, 0xbd, 0xd5, 0x3d,
  0xb3, 0xd9, 0x8c, 0xbe, 0x88, 0x20, 0x9d, 0x3e, 0x52, 0xce, 0xc9, 0xbe,
  0x61, 0xe3, 0x0b, 0x3e, 0xfa, 0x98, 0x69, 0xbe, 0xb6, 0x0a, 0x59, 0xbf,
  0xbc, 0x10, 0xbc, 0x3d, 0x80, 0x6f, 0x02, 0x3d, 0xea, 0xd2, 0x5c, 0xbe,
  0x84, 0x3d, 0x20, 0x3e, 0x4d, 0xd7, 0x8c, 0xbd, 0x74, 0x78, 0x3e, 0xbd,
  0x9f, 0x68, 0x75, 0xbc, 0x33, 0x9e, 0x7c, 0xbd, 0xa5, 0xb9, 0x2f, 0xbd,
  0x70, 0x62, 0xb9, 0x3c, 0x57, 0x01, 0x7a, 0x3e, 0x68, 0xf3, 0xdf, 0x3d,
  0x59, 0xe5, 0x6c, 0x3c, 0xe6, 0xb7, 0x25, 0xbe, 0x47, 0x97, 0x1d, 0x3e,
  0x42, 0x08, 0x09, 0x3e, 0x57, 0x3f, 0xe3, 0xbc, 0x04, 0x58, 0x08, 0xbc,
  0x27, 0x4b, 0x8a, 0xbe, 0x68, 0x41, 0xda, 0x3d, 0x79, 0x3a, 0xab, 0xbe,
  0x7c, 0x76, 0x0b, 0xbd, 0x18, 0x37, 0xae, 0x3e, 0x84, 0xcd, 0x23, 0xbe,
  0xd2, 0x55, 0x63, 0x3e, 0x31, 0x52, 0x19, 0xbd, 0xb4, 0x3f, 0xaa, 0x3e,
  0xe3, 0xf1, 0x4c, 0xbd, 0x9c, 0x2e, 0x06, 0xbd, 0x1a, 0xda, 0xfa, 0xbd,
  0x19, 0x82, 0x16, 0xbe, 0x32, 0xc3, 0x22, 0x3d, 0x39, 0x88, 0x45, 0x3d,
  0x00, 0xba, 0x1c, 0x3d, 0x1b, 0x0e, 0x9c, 0xbe, 0xea, 0xff, 0x88, 0x3e,
  0xc0, 0x7f, 0xf6, 0xbe, 0x8b, 0x66, 0xb0, 0x3e, 0x37, 0x4c, 0x97, 0xbe,
  0x10, 0xf5, 0x88, 0xbd, 0xc2, 0xcf, 0x34, 0xbf, 0x50, 0xb2, 0x3b, 0x3e,
  0x69, 0x9a, 0xd5, 0xbd, 0x44, 0x38, 0xca, 0x3c, 0x5d, 0x3d, 0x8e, 0x3e,
  0x0e, 0x15, 0x01, 0x3e, 0x04, 0x6c, 0x5f, 0x3d, 0x0a, 0x8e, 0x60, 0xbf,
  0xfb, 0x61, 0x88, 0x3e, 0x40, 0x9a, 0x55, 0x3e, 0x5e, 0x34, 0x01, 0x3d,
  0x63, 0x3f, 0xae, 0x3c, 0x1f, 0xe9, 0x23, 0x3c, 0xe5, 0x94, 0xfd, 0x3d,
  0xb1, 0xea, 0xe7, 0x3d, 0xcb, 0x01, 0xe8, 0xbd, 0x36, 0x9e, 0x2a, 0xbe,
  0x2c, 0x39, 0xbe, 0x3e, 0x5c, 0x59, 0x8d, 0x3e, 0x2b, 0x80, 0x4f, 0x3e,
  0xfd, 0x44, 0x2c, 0x3e, 0x7c, 0xc2, 0x27, 0xbe, 0x9a, 0x8a, 0xa1, 0xbc,
  0x82, 0x50, 0x10, 0xbe, 0x65, 0xb9, 0xdd, 0xbe, 0x30, 0x6e, 0xea, 0xbe,
  0x71, 0x0a, 0x7c, 0x3e, 0xee, 0x89, 0xd8, 0xbe, 0xa7, 0xcf, 0x5e, 0xbf,
  0x95, 0x1d, 0x8e, 0x3e, 0x9b, 0x7f, 0xcf, 0x3d, 0xa3, 0x37, 0xbf, 0x3d,
  0xf9, 0x38, 0x64, 0x3e, 0x2c, 0x95, 0xf9, 0x3e, 0x50, 0x31, 0x67, 0xbe,
  0xb3, 0xca, 0xe9, 0xbc, 0x12, 0xc9, 0x0a, 0x3e, 0xcc, 0x97, 0x8a, 0xbe,
  0x1c, 0x9e, 0x55, 0x3e, 0x20, 0xa7, 0xf6, 0x3d, 0xf8, 0xa8, 0x5a, 0xbe,
  0x4e, 0x61, 0xb4, 0xbe, 0x14, 0x1b, 0xda, 0x3d, 0xd9, 0x4c, 0xc0, 0x3e,
  0x6c, 0x55, 0x70, 0xbd, 0xa4, 0xe0, 0x78, 0xbd, 0x23, 0xb2, 0x80, 0xbd,
  0x67, 0x44, 0x26, 0xbd, 0xc5, 0x8f, 0xce, 0xbe, 0x9b, 0x18, 0x7b, 0x3e,
  0xc7, 0x71, 0xed, 0x3c, 0x24, 0x0e, 0xb5, 0x3d, 0xff, 0x83, 0xcd, 0x3c,
  0xb9, 0x9d, 0x99, 0xbd, 0x8e, 0xec, 0x9d, 0x3e, 0x3d, 0x5c, 0x1b, 0xbd,
  0x13, 0x42, 0xa2, 0x3e, 0xee, 0x70, 0x62, 0xbe, 0xc0, 0x04, 0x08, 0x3e,
  0xdb, 0xb9, 0x02, 0xbe, 0xee, 0x30, 0x43, 0xbe, 0xfc, 0x4e, 0x45, 0x3e,
  0xab, 0xcf, 0xb2, 0x3d, 0x66, 0x4f, 0x57, 0xbd, 0x6b, 0xb7, 0x9c, 0x3e,
  0x0c, 0x3a, 0x12, 0x3e, 0x85, 0x64, 0x4a, 0x3e, 0xda, 0xf7, 0x2b, 0x3e,
  0xbe, 0x1e, 0x91, 0xbe, 0x3e, 0xb3, 0x3c, 0x3e, 0xc2, 0x30, 0xb2, 0xbe,
  0xa6, 0x2d, 0xe5, 0x3e, 0xcb, 0x69, 0x3a, 0x3e, 0xbe, 0x0d, 0xc2, 0xbd,
  0xfe, 0x58, 0x1b, 0xbf, 0x99, 0xd2, 0x54, 0x3e, 0x2d, 0xf1, 0x65, 0xbd,
  0x39, 0x8b, 0x54, 0x3a, 0x4b, 0x0b, 0x9f, 0xbe, 0x4c, 0x5b, 0x3a, 0x3e,
  0x70, 0x79, 0x3d, 0x3e, 0x1a, 0x72, 0xbe, 0xbe, 0x63, 0xcb, 0x12, 0xbf,
  0xe2, 0xb8, 0x9b, 0xbe, 0x07, 0x91, 0xac, 0xbe, 0xc2, 0x8e, 0xbf, 0xbe,
  0x72, 0x9a, 0x2b, 0xbf, 0x03, 0x53, 0x84, 0xbe, 0xe7, 0x57, 0x44, 0x3e,
  0xe0, 0x45, 0x8d, 0x3d, 0xa8, 0xf1, 0xc3, 0xbd, 0xa6, 0x64, 0x8f, 0xbd,
  0x93, 0xf6, 0x02, 0xbe, 0xb2, 0x26, 0x89, 0xbe, 0xcc, 0x14, 0x73, 0xbe,
  0xa6, 0xaa, 0xde, 0xbe, 0x3b, 0xef, 0xfd, 0x3d, 0x5b, 0x9c, 0x9d, 0xbd,
  0x5f, 0x99, 0xee, 0x3d, 0xf2, 0xd6, 0x42, 0xbe, 0xeb, 0x4e, 0xc6, 0xbe,
  0x49, 0x21, 0xc9, 0xbd, 0x20, 0x69, 0x4f, 0xbc, 0xad, 0x4c, 0xfe, 0xbd,
  0xae, 0xf8, 0x8b, 0xbe, 0x3d, 0x11, 0x08, 0xbf, 0x38, 0xbd, 0x6a, 0x3e,
  0xf1, 0x01, 0xe0, 0xbd, 0xd2, 0x8f, 0x97, 0x3e, 0xf1, 0x99, 0x66, 0xbf,
  0x2a, 0x19, 0x58, 0xbf, 0xc1, 0xef, 0xaf, 0xbe, 0x76, 0x29, 0x75, 0x3e,
  0xaa, 0xa1, 0x22, 0xbf, 0xd1, 0x78, 0x05, 0x3d, 0x81, 0x6f, 0x0a, 0xbe,
  0xc6, 0xc9, 0x0e, 0xbe, 0x3b, 0xd6, 0x93, 0x3d, 0xc0, 0x5c, 0x18, 0xbf,
  0x95, 0x48, 0xa4, 0xbe, 0x74, 0x3f, 0xc0, 0xbb, 0xb1, 0x16, 0x93, 0xbe,
  0x18, 0x2b, 0x76, 0x3e, 0xac, 0x65, 0x5a, 0xbe, 0xd0, 0xc1, 0xcf, 0xbd,
  0xfe, 0xb3, 0xd6, 0x3d, 0x59, 0x12, 0x17, 0xbf, 0xd1, 0x87, 0x8b, 0x3b,
  0x8f, 0xdb, 0x1a, 0xbe, 0x46, 0x01, 0x99, 0x3e, 0xeb, 0x46, 0x18, 0xbe,
  0xf3, 0xa1, 0x07, 0xbf, 0x5c, 0xb1, 0xbb, 0x3c, 0x4e, 0xfb, 0x2b, 0xbf,
  0x81, 0x62, 0x93, 0x3d, 0x31, 0xae, 0x52, 0x3e, 0x1f, 0x7b, 0x65, 0xbb,
  0xaf, 0xc2, 0x4b, 0xbd, 0xec, 0xaf, 0x08, 0xbe, 0x52, 0x54, 0x2f, 0xbf,
  0xbc, 0x5f, 0x4e, 0xbe, 0x82, 0x23, 0x8a, 0xbe, 0x9b, 0x57, 0xf9, 0xbd,
  0x55, 0x8d, 0x97, 0x3e, 0xc5, 0x52, 0xbc, 0xbc, 0x80, 0xb6, 0xea, 0xbd,
  0x5a, 0x39, 0x37, 0x3d, 0x80, 0x9b, 0xa5, 0xbe, 0x0c, 0x25, 0xbf, 0xbc,
  0x61, 0x73, 0x02, 0x3e, 0x7a, 0x04, 0x53, 0xbf, 0xf7, 0x15, 0x8c, 0x3e,
  0x2e, 0x14, 0x06, 0x3e, 0x8d, 0xe1, 0xf6, 0xbe, 0xbb, 0x79, 0xfb, 0xbe,
  0xaa, 0x83, 0xfb, 0xbe, 0x11, 0x91, 0x2e, 0x3e, 0x56, 0xe0, 0xd2, 0x3d,
  0xd8, 0xbe, 0xb2, 0xbe, 0x4b, 0xfe, 0x55, 0x3e, 0x5e, 0x30, 0x1e, 0xbf,
  0xe5, 0x99, 0xa9, 0xbe, 0x35, 0xc7, 0x59, 0xbe, 0xd5, 0xde, 0xd2, 0xbd,
  0x0a, 0x26, 0x90, 0x3e, 0x63, 0xe6, 0x9a, 0x3e, 0xcb, 0xaf, 0x65, 0xbe,
  0x7f, 0xaa, 0xe9, 0x3d, 0xcb, 0x8c, 0x25, 0xbf, 0xe1, 0xd1, 0x1b, 0xbf,
  0x82, 0xb0, 0xe4, 0xbe, 0xa7, 0xd9, 0x0b, 0xbe, 0x7b, 0xfb, 0x20, 0xbb,
  0x7b, 0xbf, 0x03, 0x3e, 0xda, 0x70, 0x13, 0x3e, 0xba, 0x89, 0xa9, 0x3d,
  0xae, 0x22, 0x48, 0xbe, 0x62, 0x6e, 0xf1, 0x3e, 0x46, 0xcc, 0x23, 0xbe,
  0xdf, 0x8b, 0x3b, 0x3e, 0x8f, 0x71, 0x57, 0xbd, 0x7b, 0x3b, 0x43, 0x3e,
  0x5b, 0xa0, 0xc6, 0x3d, 0xb3, 0xe6, 0x5f, 0x3c, 0x62, 0xa7, 0x40, 0xbe,
  0x9b, 0x3e, 0xec, 0xbe, 0x1b, 0x02, 0x75, 0xbd, 0xba, 0x02, 0x8d, 0xbe,
  0x61, 0xec, 0xdd, 0x3e, 0xa6, 0x73, 0xb0, 0xbe, 0xa3, 0x58, 0xf3, 0x3d,
  0xbb, 0x57, 0xe3, 0xbd, 0x23, 0xd6, 0x1b, 0xbf, 0xdc, 0x87, 0x3c, 0x3e,
  0x6f, 0xdd, 0x57, 0x3d, 0x40, 0x77, 0x1d, 0x3e, 0x5c, 0x48, 0xff, 0xbe,
  0x3b, 0xfa, 0xff, 0xbd, 0x9d, 0x28, 0x6a, 0xbf, 0xd1, 0x73, 0xf5, 0x3d,
  0xf2, 0xe2, 0x1f, 0xbf, 0x78, 0xd1, 0x35, 0xbf, 0xcf, 0x92, 0xac, 0x3d,
  0x13, 0x6a, 0x78, 0xbf, 0x07, 0x35, 0x02, 0x3e, 0xed, 0x9e, 0x63, 0xbd,
  0x70, 0x91, 0x8b, 0x3e, 0xa2, 0x7f, 0x47, 0x3e, 0x01, 0xe2, 0x46, 0x3e,
  0x48, 0x83, 0xbc, 0x3a, 0x5e, 0xbe, 0xf5, 0x3d, 0xf8, 0x1d, 0x7a, 0xbe,
  0x71, 0x23, 0xd5, 0x3d, 0xf3, 0x3e, 0x6e, 0xbe, 0x6e, 0x52, 0x40, 0xbe,
  0x4d, 0xad, 0x08, 0x3d, 0x64, 0xb9, 0x25, 0x3e, 0x08, 0x13, 0x37, 0x3d,
  0xfc, 0x7c, 0xae, 0x3e, 0x2d, 0x0e, 0x7b, 0xbe, 0x1f, 0x1a, 0x9e, 0xbc,
  0x02, 0x31, 0x14, 0x3b, 0x22, 0x5f, 0x89, 0x3e, 0xfe, 0x91, 0x3f, 0xbe,
  0xfb, 0x91, 0x76, 0x3c, 0xb8, 0xad, 0x1a, 0xbe, 0x7a, 0xd6, 0x83, 0xbe,
  0x55, 0xac, 0xa8, 0x3e, 0x5b, 0xbb, 0x90, 0x3e, 0x8c, 0xf3, 0xd4, 0xbe,
  0x51, 0x7b, 0x71, 0xbd, 0x09, 0x40, 0x05, 0xbf, 0x25, 0x71, 0xeb, 0xbe,
  0xdb, 0xc6, 0xf6, 0xbe, 0x62, 0x1f, 0x8c, 0x3e, 0xf6, 0xc9, 0x76, 0x3e,
  0xdf, 0xa0, 0x2b, 0xbf, 0x18, 0x47, 0x07, 0x3d, 0x85, 0x8c, 0x1a, 0xbf,
  0xbe, 0x6e, 0x96, 0x3e, 0x94, 0x54, 0x06, 0xbd, 0x1d, 0xe3, 0xf5, 0xbd,
  0x01, 0x9d, 0xc7, 0x3e, 0x15, 0x1a, 0x80, 0x3e, 0x6b, 0x9a, 0x9e, 0x3e,
  0x0b, 0x85, 0xf3, 0xbe, 0x51, 0xd6, 0xc3, 0xbe, 0x97, 0x18, 0x01, 0xbe,
  0x75, 0x43, 0x17, 0x3d, 0x8d, 0x4a, 0xdd, 0x3d, 0xae, 0x45, 0x11, 0xbd,
  0x3a, 0x42, 0x93, 0xbc, 0x11, 0x22, 0x94, 0xbd, 0x78, 0x0b, 0x31, 0xbf,
  0x22, 0xe8, 0xb8, 0xbe, 0x7d, 0x45, 0xf7, 0xbe, 0x09, 0x18, 0xb9, 0xbc,
  0x4d, 0x4f, 0xc1, 0x3d, 0x93, 0xca, 0xd9, 0xbd, 0x79, 0xc9, 0x97, 0xbd,
  0x7e, 0x16, 0xe2, 0x3d, 0x7d, 0x45, 0x46, 0x3d, 0x1f, 0x3f, 0x3f, 0x3e,
  0xe8, 0x64, 0xf9, 0x3d, 0xdf, 0xd5, 0x18, 0x3e, 0x7d, 0x48, 0xdd, 0x3d,
  0x12, 0x6a, 0x64, 0x3e, 0x66, 0x6f, 0x85, 0xbe, 0xa2, 0xd1, 0xe0, 0xbe,
  0x88, 0x72, 0xc3, 0x3d, 0x29, 0x85, 0x99, 0xbe, 0x71, 0x8d, 0x1f, 0xbf,
  0x96, 0x42, 0x8b, 0xbd, 0x64, 0x91, 0x1d, 0x3e, 0x9a, 0x91, 0x02, 0xbf,
  0xe9, 0x2a, 0x23, 0xbe, 0x62, 0x26, 0x9c, 0x3e, 0x08, 0xcd, 0xd7, 0x3e,
  0xef, 0x0e, 0x91, 0xbd, 0x8c, 0xe7, 0xe1, 0x3d, 0xa9, 0xbd, 0xb9, 0xbe,
  0x8b, 0x38, 0x81, 0xbd, 0xa5, 0xcc, 0x18, 0x3e, 0x4b, 0xf2, 0xdb, 0xbe,
  0x02, 0x70, 0x15, 0xbb, 0xa9, 0x61, 0x04, 0x3e, 0x43, 0xc9, 0x2b, 0x3d,
  0xea, 0xb5, 0xc7, 0xbe, 0x9b, 0x0f, 0x61, 0x3d, 0x0f, 0x16, 0x1b, 0x3e,
  0xb3, 0xbc, 0xeb, 0xbb, 0x4a, 0x79, 0x38, 0xba, 0x62, 0x08, 0x68, 0xbe,
  0x49, 0x43, 0x8b, 0x3d, 0x29, 0x18, 0x47, 0x3e, 0x14, 0x45, 0x0f, 0xbf,
  0xf1, 0x22, 0x75, 0xbe, 0x71, 0x60, 0xce, 0x3d, 0xb1, 0x4b, 0x26, 0xbe,
  0x64, 0xf9, 0x06, 0xbe, 0x99, 0xf7, 0x96, 0x3c, 0x6e, 0x29, 0x79, 0x3e,
  0x4e, 0x5c, 0x36, 0x3e, 0xdc, 0x75, 0xa2, 0x3e, 0x3b, 0x1a, 0xda, 0x3e,
  0x79, 0xee, 0x4b, 0x3e, 0x67, 0xe5, 0x05, 0xbe, 0xb2, 0x9c, 0x4e, 0x3e,
  0x88, 0x8b, 0x3d, 0x3c, 0x98, 0xdf, 0x42, 0xbf, 0x57, 0xe1, 0x29, 0x3e,
  0x82, 0x9c, 0x6d, 0xbe, 0x0b, 0xc4, 0x07, 0xbf, 0x45, 0x8c, 0x1e, 0x3d,
  0x03, 0xab, 0x8f, 0xbe, 0x2b, 0x1d, 0x09, 0x3e, 0xab, 0xcf, 0xab, 0x3e,
  0x01, 0x12, 0x92, 0xbf, 0x7a, 0x85, 0x8a, 0xbb, 0x03, 0x99, 0x11, 0xbf,
  0x9f, 0xbb, 0xae, 0x3d, 0xab, 0xf6, 0xc3, 0xbe, 0xce, 0xeb, 0xb2, 0xbd,
  0x96, 0xc4, 0x69, 0x3d, 0xac, 0xca, 0x39, 0xbf, 0x9b, 0x0f, 0x31, 0xbf,
  0xee, 0x61, 0xe3, 0xbd, 0x5c, 0x14, 0xaf, 0x3e, 0xb6, 0xbf, 0x3d, 0xbf,
  0x24, 0x4d, 0x09, 0xbf, 0x2a, 0xce, 0x65, 0xbd, 0xda, 0xf5, 0x8b, 0xbf,
  0x29, 0x7b, 0x2f, 0xbf, 0xaa, 0xc5, 0xf7, 0xbd, 0x09, 0x28, 0x45, 0xbd,
  0x2e, 0x5c, 0x62, 0xbe, 0xe3, 0x05, 0xab, 0x3e, 0x6a, 0x0c, 0x8b, 0x3e,
  0xeb, 0x1b, 0x6c, 0x3e, 0x92, 0x64, 0x84, 0xbe, 0x3b, 0xb2, 0x44, 0x3d,
  0xaf, 0x74, 0xa3, 0xbe, 0x68, 0xaa, 0x0f, 0xbe, 0x99, 0xdd, 0x9e, 0x3d,
  0x87, 0x56, 0xa1, 0xbd, 0x18, 0x85, 0xf2, 0x3c, 0xd0, 0x7b, 0xb2, 0x3d,
  0x91, 0x2f, 0x00, 0x3e, 0xef, 0x10, 0x65, 0x3d, 0xc6, 0xcb, 0x8b, 0xbd,
  0x4c, 0x3c, 0x20, 0xbf, 0xd0, 0xfb, 0x54, 0xbe, 0xe0, 0x54, 0xb5, 0x3e,
  0xce, 0x33, 0x2b, 0xbe, 0xed, 0xe6, 0x10, 0xbf, 0xe4, 0x4c, 0x3d, 0xbf,
  0xbd, 0x3f, 0xd4, 0x3b, 0x8b, 0xda, 0xd4, 0xbe, 0x56, 0xd2, 0x41, 0xbe,
  0x2a, 0x2d, 0x27, 0xbe, 0xcd, 0xe4, 0x99, 0x3e, 0x60, 0x89, 0xf9, 0x3c,
  0x6b, 0xc3, 0x8d, 0xbe, 0x43, 0xff, 0x20, 0x3e, 0x9c, 0x34, 0x0f, 0x3e,
  0xbe, 0x4b, 0xa9, 0x3d, 0xbc, 0x9c, 0xb3, 0xbe, 0xf0, 0xd4, 0x3a, 0xbe,
  0xe6, 0x1c, 0x20, 0xbf, 0xf7, 0x12, 0x02, 0xbe, 0x61, 0x3c, 0x33, 0xbe,
  0xf6, 0x72, 0xb0, 0x3d, 0xd2, 0xfb, 0x86, 0xbf, 0x3f, 0x30, 0x5d, 0xbe,
  0x13, 0x49, 0x28, 0xbf, 0x2f, 0x55, 0x64, 0x3d, 0x56, 0xef, 0x24, 0xbf,
  0xeb, 0xa9, 0xe7, 0x3d, 0xb3, 0xce, 0x49, 0x3e, 0x84, 0xca, 0xdb, 0x3e,
  0x1a, 0x2c, 0xc5, 0x3d, 0xfa, 0xa7, 0xb3, 0xbe, 0x3c, 0xde, 0x5b, 0xbe,
  0x54, 0xa2, 0x43, 0xbf, 0xf5, 0x30, 0x49, 0x3e, 0x30, 0xf2, 0x84, 0x3d,
  0xa2, 0x50, 0x85, 0xbe, 0x8c, 0xa3, 0x32, 0x3d, 0x21, 0x8a, 0xc4, 0xbe,
  0x4c, 0x40, 0x8f, 0x3e, 0x06, 0xea, 0x43, 0xbe, 0xc9, 0x2d, 0x9c, 0x3e,
  0x5b, 0x29, 0x81, 0xbd, 0xea, 0xfd, 0xf9, 0xbc, 0xef, 0xe5, 0x71, 0xbe,
  0x8e, 0xeb, 0xe8, 0xbe, 0x4a, 0x9d, 0x14, 0xbe, 0x5a, 0xc5, 0x9b, 0x3e,
  0xc5, 0x33, 0x89, 0x3e, 0xeb, 0x2d, 0x1c, 0xbe, 0x53, 0xdd, 0xef, 0x3b,
  0x30, 0xe6, 0xc0, 0xbb, 0xe8, 0x0a, 0xdf, 0xbe, 0x23, 0x6e, 0x60, 0xbf,
  0x1a, 0xc4, 0xbc, 0xbb, 0xf9, 0x66, 0x47, 0x3e, 0x64, 0x71, 0xfc, 0x3c,
  0x3b, 0x5a, 0xb8, 0x3d, 0x97, 0x4d, 0x14, 0xbf, 0x0b, 0xfa, 0x46, 0xbe,
  0xbc, 0xba, 0x6d, 0xbf, 0x72, 0xac, 0xbc, 0x3e, 0x60, 0x2a, 0x2e, 0x3e,
  0x7f, 0x81, 0x2f, 0x3e, 0xc4, 0xf9, 0x44, 0x3e, 0xef, 0x96, 0x8d, 0x3d,
  0x81, 0xba, 0x8b, 0x3e, 0xe6, 0x6e, 0x02, 0x3e, 0x13, 0x4c, 0x0f, 0xbe,
  0x04, 0x8d, 0xa1, 0x3d, 0xe0, 0x82, 0x40, 0x3d, 0x05, 0x05, 0xd5, 0x3e,
  0x3e, 0x05, 0x1a, 0xbe, 0x71, 0x76, 0x37, 0x3e, 0x3c, 0x19, 0xba, 0xbd,
  0x7c, 0x56, 0x34, 0x3d, 0x77, 0xd6, 0xe7, 0xbe, 0x73, 0x3b, 0xda, 0xbc,
  0xaf, 0x3f, 0xb7, 0xbc, 0x2e, 0x17, 0x0d, 0x3d, 0x4b, 0x06, 0x55, 0xbe,
  0x09, 0x93, 0xf0, 0x3c, 0x17, 0x43, 0x4f, 0x3e, 0x8f, 0x2a, 0x76, 0x3e,
  0x67, 0x90, 0x1e, 0xbe, 0xf7, 0x90, 0xb8, 0x3e, 0x96, 0x3f, 0xcb, 0xbe,
  0xf8, 0xbf, 0x09, 0x3c, 0xac, 0xd9, 0x35, 0xbe, 0x61, 0xf8, 0x00, 0xbe,
  0xcc, 0x82, 0x88, 0xbd, 0x6a, 0x77, 0x3e, 0xbb, 0x34, 0x41, 0xdf, 0xbe,
  0x31, 0x84, 0x88, 0x3d, 0x7d, 0x9e, 0x4e, 0x3b, 0x08, 0x08, 0x68, 0x3e,
  0x76, 0xc8, 0xdf, 0x3d, 0x84, 0x1a, 0x3a, 0xbf, 0xd5, 0x54, 0x80, 0x3e,
  0xa4, 0xbd, 0xd1, 0xbe, 0x9f, 0x40, 0x4f, 0xbd, 0x51, 0x15, 0x05, 0xbe,
  0x90, 0x85, 0xfb, 0xbd, 0xab, 0xc4, 0x14, 0xbe, 0x5d, 0x22, 0x4a, 0x3d,
  0x36, 0x9e, 0xa9, 0x3e, 0x42, 0x22, 0x2b, 0xbe, 0x54, 0x60, 0x8a, 0x3d,
  0x49, 0xff, 0xbd, 0x3d, 0xd0, 0x68, 0x4b, 0xbe, 0xb7, 0xa5, 0x89, 0x3e,
  0x79, 0x09, 0x11, 0xbe, 0x97, 0x0c, 0x78, 0x3e, 0x22, 0x15, 0xd5, 0x3d,
  0xd7, 0xca, 0xd1, 0xbe, 0x86, 0xc8, 0x8b, 0x3e, 0x7f, 0x1f, 0x6a, 0xbe,
  0x5c, 0x0b, 0x77, 0xbd, 0xf1, 0xbc, 0x63, 0x3e, 0x9a, 0xa5, 0x0f, 0xbc,
  0xf1, 0x41, 0xfa, 0x3c, 0x0f, 0xd1, 0x45, 0xbe, 0x52, 0x19, 0xb8, 0xbe,
  0xae, 0xfc, 0x38, 0x3e, 0x97, 0x4c, 0x29, 0xbe, 0x91, 0xaf, 0x71, 0xbe,
  0x9a, 0x9e, 0xdc, 0x3e, 0x43, 0x9e, 0x30, 0xbc, 0x43, 0x06, 0x21, 0x3e,
  0x67, 0x3a, 0xc8, 0xbd, 0x7d, 0xc2, 0x01, 0xbe, 0x20, 0x03, 0x15, 0x3e,
  0xe6, 0xf3, 0x85, 0x3e, 0x96, 0x27, 0x61, 0xbd, 0x61, 0x98, 0x7f, 0x3e,
  0x4b, 0x34, 0x8f, 0xbe, 0xdb, 0x29, 0xf5, 0xbe, 0xf2, 0x6a, 0x02, 0x3e,
  0x66, 0xe3, 0x3a, 0xbd, 0x6b, 0x26, 0xf5, 0xbc, 0x15, 0x9e, 0x1d, 0x3e,
  0x83, 0x53, 0x04, 0xbd, 0xff, 0xa7, 0x49, 0xbe, 0x40, 0xbb, 0x88, 0x3e,
  0x48, 0xb5, 0x5f, 0x3e, 0x13, 0xf9, 0x8c, 0x3e, 0x39, 0x65, 0x14, 0x3e,
  0x9a, 0x66, 0x7b, 0xbd, 0xb1, 0x37, 0x9c, 0x3e, 0x34, 0x66, 0xa6, 0xbe,
  0x4a, 0xa6, 0xd4, 0xbd, 0x4b, 0xcb, 0x15, 0xbe, 0x9e, 0x91, 0xb2, 0xbe,
  0xec, 0xf4, 0xe6, 0x3e, 0x61, 0x51, 0xb3, 0x3e, 0x3b, 0x6a, 0xb4, 0x3d,
  0xf4, 0x9f, 0x0f, 0x3c, 0x58, 0x22, 0xc6, 0x3d, 0xfc, 0x06, 0xbb, 0xbe,
  0xa2, 0x94, 0x0c, 0xbe, 0x8b, 0x8d, 0x92, 0xbd, 0x5b, 0xfc, 0x76, 0x3d,
  0xe4, 0x57, 0xb0, 0x3c, 0x9f, 0x82, 0x27, 0xbd, 0x4f, 0x89, 0x24, 0xbe,
  0xfd, 0x59, 0x32, 0xbf, 0x5c, 0x65, 0x80, 0xbc, 0x66, 0xcb, 0x16, 0x3e,
  0xd1, 0x59, 0xa6, 0xbd, 0x45, 0x2d, 0x61, 0x3d, 0xfc, 0x5e, 0x9d, 0x3e,
  0x59, 0x52, 0x84, 0x3d, 0x90, 0xc4, 0xc1, 0xb9, 0xc5, 0xfa, 0x33, 0xbe,
  0xff, 0x79, 0x34, 0x3d, 0x60, 0x43, 0xda, 0x3d, 0x9f, 0xe2, 0x5d, 0xbd,
  0x5a, 0xd4, 0x9f, 0xbe, 0x1a, 0x1d, 0xb3, 0xbd, 0x81, 0x70, 0x9a, 0x39,
  0x70, 0x25, 0x9d, 0x3d, 0x44, 0x30, 0xa4, 0x3d, 0x1a, 0x98, 0x8f, 0x3c,
  0xf1, 0xe5, 0x06, 0x3e, 0xcb, 0x12, 0x12, 0x3e, 0x03, 0xc8, 0x7e, 0xbc,
  0xa2, 0xa0, 0x08, 0x3e, 0x19, 0x58, 0xfc, 0x3d, 0x93, 0xf3, 0x0c, 0xbe,
  0xcf, 0xc7, 0x92, 0x3c, 0x3e, 0xcc, 0x62, 0xbe, 0x8e, 0xad, 0x12, 0x3e,
  0x97, 0x38, 0xc5, 0xbd, 0x27, 0xcb, 0x83, 0x3e, 0x39, 0xd9, 0x94, 0x3e,
  0xb0, 0x52, 0xc5, 0x3d, 0xb4, 0x3a, 0x36, 0xbe, 0x6c, 0x69, 0xeb, 0x3c,
  0x4a, 0x7c, 0x6e, 0x3e, 0xdc, 0xee, 0xa5, 0x3d, 0xeb, 0x5d, 0xb2, 0xbe,
  0x3b, 0x94, 0x23, 0x3d, 0xf9, 0xe8, 0x3f, 0xbd, 0x15, 0x32, 0xd3, 0x3e,
  0x44, 0x46, 0x99, 0xbd, 0x54, 0xae, 0x07, 0xbf, 0x6d, 0xf0, 0x0c, 0xbf,
  0xaa, 0xe7, 0x13, 0xbf, 0x44, 0xf1, 0x43, 0x3e, 0x21, 0xbe, 0x30, 0xbe,
  0xd1, 0x1f, 0xd1, 0x3d, 0x37, 0x1e, 0x82, 0x3e, 0xd0, 0xe5, 0x89, 0xbd,
  0x99, 0xd4, 0xe8, 0xbd, 0xc3, 0x57, 0x38, 0xbe, 0x6c, 0x0f, 0x3c, 0x3e,
  0xa3, 0x99, 0xa9, 0xbe, 0xaf, 0x05, 0xdf, 0xbe, 0xb2, 0xa4, 0x17, 0xbe,
  0x8d, 0x0a, 0x94, 0xbd, 0xdb, 0x5e, 0xe4, 0x3d, 0x67, 0x04, 0x16, 0xbe,
  0xaa, 0x2a, 0x4b, 0xbe, 0x93, 0x25, 0xad, 0xbe, 0xb1, 0x84, 0xdd, 0xbc,
  0x5c, 0x18, 0x00, 0xbf, 0x54, 0x4d, 0x66, 0x3c, 0xa6, 0x2b, 0x58, 0x3e,
  0x59, 0x19, 0x1e, 0xbe, 0x0b, 0xff, 0xa2, 0x3d, 0xbe, 0x4e, 0x08, 0xbf,
  0x04, 0xd8, 0x62, 0xbe, 0x2b, 0x69, 0xbf, 0x3e, 0x09, 0x80, 0x10, 0x3d,
  0xe2, 0xdd, 0x96, 0xbe, 0xf6, 0xd4, 0xd0, 0x3d, 0xdb, 0xec, 0xea, 0xbe,
  0x23, 0x02, 0x9f, 0x3e, 0x72, 0xca, 0xd8, 0x3d, 0x91, 0x12, 0x84, 0xbd,
  0xcb, 0xa0, 0x21, 0x3e, 0x76, 0x15, 0x8a, 0xbf, 0xcf, 0x00, 0xdb, 0xbd,
  0x80, 0x34, 0x81, 0xbe, 0x78, 0x22, 0x39, 0x3e, 0x6a, 0x04, 0x11, 0xbf,
  0x0e, 0x34, 0x0c, 0x3e, 0x2a, 0xad, 0xb4, 0xbe, 0xab, 0x7a, 0x13, 0xbf,
  0x91, 0xd8, 0x8f, 0xbb, 0xab, 0x87, 0x97, 0xbe, 0xfd, 0x9a, 0xc2, 0xbe,
  0x46, 0xde, 0x3a, 0xbe, 0x07, 0xa7, 0x91, 0xbe, 0x5b, 0x62, 0x82, 0xbf,
  0x3e, 0x70, 0xe2, 0xbc, 0x80, 0x24, 0x2d, 0x3e, 0x85, 0xff, 0x16, 0x3d,
  0xd6, 0xf6, 0x24, 0x3d, 0x01, 0x7a, 0x80, 0xbe, 0x98, 0xea, 0xcc, 0xbd,
  0x08, 0xd1, 0x84, 0x3e, 0x28, 0x34, 0x2f, 0xbe, 0x0b, 0xea, 0x13, 0xbe,
  0xd6, 0xdb, 0xa5, 0xbe, 0x96, 0x21, 0xe1, 0x3d, 0x19, 0xda, 0x33, 0x3c,
  0x4b, 0x7f, 0xc4, 0x3d, 0x14, 0x38, 0x6c, 0x3e, 0x42, 0x7f, 0x59, 0x3e,
  0x5e, 0xb0, 0x6c, 0xbe, 0xd0, 0x1a, 0x2c, 0x3e, 0x66, 0xac, 0x9a, 0x3e,
  0x5e, 0x6d, 0x26, 0xbe, 0xe7, 0x12, 0xa3, 0x3e, 0x03, 0x0f, 0x94, 0x3d,
  0xf9, 0x97, 0xa3, 0x3e, 0x38, 0x8c, 0x47, 0x3e, 0xe7, 0x5d, 0x6b, 0x3e,
  0x4d, 0xc7, 0xa7, 0x3d, 0x28, 0x99, 0xc1, 0x3d, 0x3a, 0xfb, 0xc6, 0xbe,
  0x18, 0xc7, 0x0f, 0x3e, 0xe8, 0x75, 0x22, 0x3d, 0xed, 0x74, 0xd8, 0x3d,
  0x2d, 0xa8, 0x88, 0x3e, 0x26, 0x39, 0xc8, 0xbe, 0x31, 0xb2, 0x7e, 0xbd,
  0xaf, 0xfe, 0xbe, 0xbe, 0x93, 0x6b, 0x07, 0x3e, 0x83, 0x0c, 0x08, 0xbd,
  0x6a, 0x2b, 0xe8, 0xbd, 0x75, 0x66, 0xa4, 0x3e, 0x42, 0x62, 0x2c, 0x3e,
  0xe1, 0xca, 0xf9, 0xbe, 0xaf, 0xbb, 0xc6, 0xbd, 0x6b, 0x69, 0x93, 0x3e,
  0x57, 0xd6, 0x21, 0x3d, 0xda, 0x86, 0xab, 0x3d, 0xdd, 0xae, 0x0c, 0xbe,
  0x40, 0x87, 0x94, 0x3e, 0x8b, 0xb5, 0x50, 0xbe, 0x99, 0x43, 0xc4, 0xbb,
  0x1c, 0x3d, 0xd3, 0xbe, 0xa0, 0x50, 0x80, 0xbe, 0xfb, 0x47, 0x12, 0x3e,
  0x55, 0x73, 0x49, 0xbe, 0xe4, 0xfd, 0xa7, 0xbe, 0x50, 0x1f, 0xa9, 0xbe,
  0x17, 0x65, 0x85, 0xbd, 0xce, 0x93, 0x2a, 0x3e, 0x95, 0xca, 0xf6, 0xbe,
  0x22, 0xf8, 0xb7, 0x3d, 0x35, 0xbd, 0x74, 0xbd, 0x3c, 0xb5, 0x05, 0xbf,
  0x1a, 0xf8, 0x03, 0xbe, 0xd6, 0x68, 0xa0, 0xbe, 0x0b, 0x82, 0xc5, 0xbe,
  0x6d, 0xf9, 0x01, 0x3c, 0xd3, 0x9e, 0xee, 0x3d, 0xcf, 0xda, 0xab, 0xbe,
  0xab, 0x89, 0xed, 0x3d, 0x58, 0xf8, 0xfd, 0xbb, 0xc0, 0x3c, 0x9b, 0x3e,
  0xf4, 0x6b, 0x0c, 0xbf, 0xfd, 0x93, 0x1e, 0x3b, 0xfc, 0x0a, 0x0b, 0xbe,
  0x36, 0x42, 0xa6, 0x3d, 0xc1, 0x25, 0x07, 0x3e, 0xb9, 0xac, 0x9e, 0xbc,
  0xb5, 0x90, 0xcd, 0xbe, 0x38, 0x17, 0xa8, 0x3c, 0x1e, 0xc9, 0x1f, 0x3d,
  0x10, 0x93, 0x7c, 0x3e, 0xf6, 0xd9, 0x2c, 0xbd, 0x0f, 0x80, 0xa4, 0x3d,
  0x98, 0xf8, 0xd0, 0x3c, 0x3d, 0x7c, 0xc7, 0x3d, 0x4e, 0xe1, 0x10, 0xbe,
  0x4e, 0x6d, 0x39, 0xbc, 0xb1, 0xfd, 0x9b, 0x3e, 0x00, 0xb3, 0x05, 0x3e,
  0x94, 0xa2, 0xae, 0xbe, 0x35, 0x9a, 0xad, 0xbc, 0xbf, 0x8f, 0x79, 0x3e,
  0xda, 0x62, 0x67, 0xbe, 0xfc, 0xf4, 0x06, 0xbe, 0x6d, 0xa5, 0x3b, 0xbd,
  0xa1, 0xe7, 0xad, 0xbe, 0x4a, 0xe5, 0x91, 0x3e, 0x45, 0x70, 0x70, 0x3e,
  0x24, 0x3d, 0x75, 0xbe, 0xb6, 0x09, 0x18, 0x3e, 0x52, 0x3b, 0x03, 0xbe,
  0xdf, 0x99, 0x8d, 0xbd, 0xbe, 0xa0, 0x85, 0xbe, 0x42, 0x36, 0x96, 0xbd,
  0xfa, 0x76, 0x06, 0x3e, 0x5c, 0xe9, 0xed, 0xbe, 0xbf, 0xf7, 0xe8, 0x3c,
  0x74, 0x8f, 0xb1, 0xbc, 0x8a, 0x95, 0x03, 0xbf, 0x87, 0x1f, 0xf2, 0xbd,
  0xb4, 0xf0, 0xd3, 0x3e, 0xf4, 0x47, 0x24, 0x3e, 0x08, 0xc1, 0x50, 0xbf,
  0x47, 0xed, 0x48, 0x3d, 0x2c, 0xc7, 0xa3, 0x3d, 0x87, 0xd4, 0xe7, 0xbe,
  0x18, 0x10, 0x45, 0xbe, 0xa4, 0x29, 0xb0, 0x3d, 0x52, 0x44, 0x86, 0x3e,
  0x1b, 0xdb, 0x99, 0xbe, 0x81, 0xfe, 0x04, 0xbf, 0x4a, 0xdc, 0x6b, 0x3e,
  0xbd, 0xe7, 0xd5, 0xbd, 0x2e, 0xc2, 0xe0, 0xbd, 0x9b, 0x16, 0xfc, 0xbe,
  0xed, 0x3c, 0xa3, 0xbb, 0xee, 0x42, 0x47, 0x3e, 0x49, 0xb1, 0x96, 0x3d,
  0xe0, 0xf5, 0x19, 0xbf, 0x2e, 0x21, 0xde, 0x3e, 0x8a, 0xc5, 0x41, 0xbe,
  0x0a, 0xbf, 0xbc, 0xbe, 0x43, 0x9e, 0x32, 0xbe, 0x5a, 0xab, 0xee, 0x3d,
  0x34, 0xc5, 0xfa, 0x3e, 0xbe, 0xc9, 0xc2, 0x3d, 0xb4, 0x0c, 0x6e, 0xbd,
  0xf5, 0x19, 0x88, 0x3a, 0x67, 0x9e, 0x69, 0x3c, 0x3d, 0xbc, 0xdd, 0xbe,
  0xef, 0x11, 0x22, 0xbf, 0x63, 0x12, 0x15, 0x3e, 0xa7, 0x82, 0xb5, 0x3c,
  0x9b, 0xfb, 0x4a, 0x3e, 0x27, 0x47, 0xfa, 0xbd, 0xdf, 0xa4, 0xa4, 0x3e,
  0x7d, 0xf1, 0x04, 0xbe, 0xf0, 0x52, 0xf7, 0xbe, 0xa6, 0xd9, 0xb2, 0x3d,
  0xfc, 0x8f, 0x8d, 0x3e, 0x35, 0x1b, 0xf2, 0xbc, 0xca, 0xe6, 0x87, 0x3e,
  0x54, 0xd7, 0xd7, 0xbe, 0x26, 0xff, 0x94, 0xbd, 0xf9, 0x77, 0x82, 0x3e,
  0x43, 0x8d, 0x4a, 0xbd, 0x46, 0x77, 0x5f, 0x3f, 0x31, 0x37, 0x50, 0xbc,
  0xdc, 0xbf, 0x47, 0x3e, 0x6b, 0x10, 0xdf, 0x3e, 0x01, 0x21, 0xcb, 0x3e,
  0x5a, 0xcc, 0xfc, 0xbe, 0xe5, 0x1e, 0x42, 0xbd, 0xe5, 0x5d, 0x0f, 0xbe,
  0x7f, 0xe8, 0x0a, 0x3d, 0x09, 0xe2, 0x4b, 0x3d, 0x28, 0xff, 0x1f, 0x3e,
  0x6a, 0xdd, 0x21, 0x3e, 0x53, 0x45, 0x98, 0xbe, 0x92, 0xb0, 0xae, 0xbe,
  0x23, 0x44, 0x0a, 0x3e, 0xe9, 0x03, 0x24, 0x3e, 0xf6, 0x34, 0x95, 0x3e,
  0xaf, 0xd3, 0xf7, 0xbe, 0x3a, 0x78, 0x0b, 0xbf, 0x93, 0xad, 0xde, 0xbe,
  0xc6, 0x95, 0xde, 0xbd, 0xc6, 0xc6, 0xeb, 0xbd, 0x14, 0x07, 0x81, 0xbe,
  0x00, 0x16, 0xac, 0x3e, 0xa4, 0x9b, 0xd1, 0x3e, 0xf1, 0xbd, 0x00, 0x3d,
  0x25, 0xba, 0xfa, 0xbd, 0x07, 0x64, 0xf1, 0x3c, 0x44, 0x70, 0x38, 0xbe,
  0xc8, 0x67, 0xd9, 0xbc, 0x3e, 0x04, 0xaf, 0x3d, 0xcc, 0xa8, 0xe3, 0xbd,
  0xc3, 0xb9, 0xfa, 0xbe, 0xf3, 0xa8, 0x26, 0x3e, 0x58, 0xff, 0x0a, 0xbf,
  0x72, 0x02, 0x92, 0xbe, 0x42, 0x0a, 0x21, 0x3e, 0x22, 0x99, 0xc1, 0xbd,
  0xf1, 0x40, 0x10, 0xbf, 0xee, 0xfa, 0x0e, 0x3b, 0x5b, 0xc3, 0xb7, 0x3e,
  0xb6, 0x3e, 0x53, 0xbd, 0x46, 0x7c, 0x9b, 0x3d, 0xb9, 0x5e, 0x1f, 0x3d,
  0xec, 0x41, 0xdf, 0xbd, 0xd0, 0x72, 0x83, 0x3e, 0xb8, 0x77, 0x22, 0xbf,
  0x0c, 0x4b, 0x27, 0xbf, 0x39, 0xf6, 0x60, 0xbd, 0x30, 0x8d, 0xd4, 0x3d,
  0xfd, 0x70, 0x57, 0xbf, 0x99, 0x18, 0x1d, 0x3e, 0xf8, 0xb9, 0x6d, 0x3d,
  0x04, 0x98, 0x96, 0x3e, 0x68, 0xa9, 0x2f, 0xbe, 0x8d, 0xc3, 0x09, 0x3d,
  0x8d, 0xbc, 0xdc, 0xbe, 0x64, 0x16, 0x98, 0xbe, 0x1d, 0xb5, 0x86, 0x3e,
  0x96, 0x87, 0x1a, 0xbf, 0x29, 0x48, 0x70, 0xbd, 0x2a, 0xc3, 0xa6, 0x3e,
  0x1f, 0x0d, 0x44, 0x3d, 0x9a, 0x0a, 0x1c, 0xbf, 0x55, 0x66, 0x92, 0x3e,
  0x83, 0x96, 0x5c, 0x3d, 0x64, 0x9b, 0x11, 0xbd, 0xec, 0x6b, 0x33, 0x3c,
  0xf9, 0x87, 0x5c, 0x3e, 0x09, 0x8f, 0x00, 0xbf, 0x66, 0x12, 0x87, 0x3d,
  0xf3, 0xbf, 0x86, 0x3e, 0x96, 0x64, 0xaf, 0xbe, 0xb0, 0xd2, 0xd5, 0xbd,
  0x3f, 0x84, 0xac, 0x3e, 0xac, 0xad, 0x4e, 0x3e, 0x88, 0x55, 0x5f, 0xbe,
  0x33, 0x3f, 0x0a, 0x3e, 0xfa, 0x81, 0x2d, 0xbe, 0xac, 0xee, 0x2c, 0x3e,
  0xd2, 0x56, 0xdb, 0x3e, 0xc5, 0x13, 0x7d, 0x3e, 0x9f, 0x1b, 0xd3, 0xbe,
  0x26, 0x19, 0xc3, 0x3d, 0x7c, 0x3b, 0x15, 0x3e, 0xb0, 0x75, 0xab, 0xbd,
  0x36, 0x34, 0x93, 0x3e, 0x8c, 0x6f, 0x32, 0x3e, 0xcf, 0xfc, 0x45, 0x3e,
  0xad, 0x8b, 0x49, 0x3e, 0x84, 0x5f, 0x7d, 0x3e, 0x2c, 0x5e, 0x0d, 0x3e,
  0xf6, 0xab, 0x79, 0x3e, 0xba, 0xff, 0xfd, 0xbd, 0xbd, 0x07, 0x95, 0xbd,
  0x24, 0x2e, 0x34, 0xbf, 0xda, 0x05, 0xab, 0x3d, 0xef, 0x04, 0x5c, 0x3e,
  0xec, 0xe9, 0x08, 0x3e, 0xcb, 0x47, 0x82, 0x3d, 0xa1, 0x64, 0x6c, 0x3e,
  0xdb, 0x49, 0x18, 0xbe, 0x68, 0x79, 0x03, 0x3d, 0x5b, 0x19, 0x38, 0x3e,
  0x1e, 0x3d, 0xfd, 0x39, 0x7d, 0x67, 0x5d, 0xbf, 0x4f, 0xef, 0xcd, 0xbe,
  0x59, 0x79, 0xf2, 0xbc, 0x19, 0x6c, 0x8e, 0x3e, 0x5a, 0x9b, 0xdf, 0xbe,
  0x90, 0x60, 0x95, 0xbe, 0x5f, 0xbe, 0xf3, 0x3d, 0x62, 0x09, 0x2f, 0x3e,
  0x1d, 0x29, 0x2c, 0xbe, 0x2b, 0x95, 0xb3, 0x3e, 0xdf, 0x9e, 0x6c, 0x3d,
  0x50, 0xa5, 0x09, 0xbf, 0x06, 0xd9, 0x23, 0x3e, 0x3b, 0x36, 0xca, 0x3e,
  0xb9, 0x59, 0x38, 0xbd, 0x85, 0x76, 0xfc, 0xbe, 0xe7, 0xe0, 0x08, 0xbe,
  0x69, 0x25, 0x9b, 0xbd, 0x08, 0xda, 0xf5, 0x3d, 0x7b, 0xfd, 0xc2, 0xbb,
  0x35, 0x6a, 0xa9, 0x3e, 0xb4, 0x85, 0x89, 0x3c, 0x8e, 0xc0, 0x66, 0x3d,
  0x72, 0xbd, 0xef, 0x3d, 0x9d, 0xc8, 0x55, 0xbe, 0x4b, 0x90, 0x2d, 0xbe,
  0x7f, 0x2c, 0x51, 0x3e, 0x6c, 0x86, 0xff, 0x3d, 0xc6, 0x8b, 0x94, 0x3e,
  0x29, 0x15, 0xd2, 0xbd, 0x86, 0x3a, 0xf5, 0x3a, 0x6f, 0x46, 0x5a, 0x3c,
  0x29, 0x1a, 0x1c, 0x3e, 0xd9, 0x5e, 0x14, 0x3e, 0x13, 0xb9, 0xbb, 0x3d,
  0x8f, 0xb3, 0xc8, 0x3e, 0xc5, 0xec, 0xa0, 0x3a, 0xde, 0x0f, 0x50, 0xbe,
  0xa3, 0xde, 0xe8, 0x3c, 0x6f, 0x16, 0x0c, 0xbf, 0xcc, 0xcc, 0x9a, 0xbd,
  0x83, 0xc8, 0xcd, 0xbd, 0x15, 0x53, 0x3c, 0x3e, 0x30, 0x48, 0x72, 0x3c,
  0x41, 0xa1, 0x84, 0xbe, 0x7d, 0x8d, 0x73, 0x3e, 0x85, 0x63, 0xa1, 0x3e,
  0xed, 0x4c, 0xc6, 0xbe, 0x39, 0xca, 0x3b, 0x3e, 0x13, 0x54, 0x9b, 0xbb,
  0x48, 0xdf, 0x36, 0xbe, 0x69, 0x04, 0x6a, 0xbd, 0x56, 0x15, 0x26, 0xbf,
  0xed, 0xc7, 0x68, 0x3d, 0x5c, 0x0f, 0x82, 0x3e, 0xdc, 0x31, 0x11, 0xbe,
  0x9f, 0x75, 0xa6, 0xbd, 0xb6, 0xfb, 0x57, 0x3e, 0x1b, 0xf8, 0x4c, 0x3d,
  0x67, 0x02, 0x6d, 0x3e, 0xeb, 0x41, 0x17, 0x3e, 0xc5, 0xab, 0xb9, 0xbe,
  0xb9, 0x35, 0x9c, 0xbe, 0xd5, 0x06, 0x02, 0xbe, 0x94, 0x3f, 0xa8, 0x3e,
  0x7d, 0x4a, 0x3b, 0xbd, 0x41, 0x1a, 0xeb, 0x3e, 0xc5, 0x03, 0xad, 0xbe,
  0xc5, 0x02, 0xaa, 0xbd, 0x30, 0xa4, 0x05, 0xbe, 0xa0, 0x8c, 0x35, 0x3e,
  0x13, 0x41, 0x4f, 0xbd, 0x31, 0x2a, 0xab, 0xbe, 0xee, 0x3b, 0x1d, 0xbe,
  0x83, 0x87, 0x28, 0xbe, 0x63, 0xe2, 0xf0, 0xbd, 0x71, 0xf0, 0x42, 0x3e,
  0xbc, 0x74, 0xbe, 0xbe, 0x7d, 0x46, 0xd3, 0xbb, 0x78, 0x98, 0x8e, 0x3e,
  0xd1, 0xee, 0x7b, 0xbe, 0x39, 0x0c, 0x8b, 0xbe, 0x63, 0xe6, 0x13, 0xbd,
  0xfa, 0x8e, 0xe7, 0xbd, 0x1f, 0xf3, 0x46, 0x3e, 0x7a, 0xe9, 0x4f, 0xbe,
  0x98, 0x28, 0xc9, 0x3c, 0xdd, 0xa2, 0x1c, 0xbc, 0xb1, 0x66, 0x39, 0xbb,
  0xb3, 0x14, 0xc7, 0xbe, 0x7f, 0x9e, 0x62, 0xbe, 0xd4, 0x6c, 0x4f, 0xbe,
  0x74, 0x6e, 0x1a, 0x3e, 0x23, 0xa6, 0x07, 0xbd, 0xa1, 0x0c, 0x1b, 0x3e,
  0xfa, 0x85, 0x08, 0x3e, 0x88, 0x53, 0x0c, 0x3c, 0x0e, 0xa8, 0x89, 0x3e,
  0x35, 0xd7, 0x55, 0x3e, 0x93, 0x52, 0x24, 0xbe, 0x3c, 0x2f, 0x4c, 0xbe,
  0xce, 0xb5, 0x4a, 0xbe, 0xf2, 0x64, 0x8b, 0x3e, 0x2b, 0x87, 0xaa, 0x3c,
  0x73, 0x18, 0xa3, 0xbd, 0x44, 0xc7, 0x92, 0x3e, 0xce, 0xa4, 0xd9, 0xbe,
  0x77, 0x5b, 0x93, 0x3e, 0xac, 0xa4, 0x9a, 0xbd, 0x28, 0xd8, 0x08, 0x3e,
  0x65, 0x1a, 0xd6, 0xbe, 0x57, 0x23, 0x8a, 0x3d, 0xa8, 0x9d, 0x12, 0x3e,
  0x51, 0xfb, 0x51, 0xbe, 0x29, 0xd0, 0x8e, 0x3d, 0x47, 0x25, 0xd9, 0xbd,
  0xdf, 0x09, 0xbf, 0x3e, 0xbf, 0x55, 0x14, 0xbe, 0xe7, 0x3b, 0xf3, 0x3d,
  0xa3, 0x90, 0x92, 0x3e, 0xfe, 0xb5, 0x76, 0x3d, 0x0d, 0xaf, 0x28, 0xbe,
  0x4c, 0xdb, 0xbf, 0xbe, 0x8f, 0xdb, 0xe1, 0x3c, 0xb9, 0xee, 0x31, 0xbd,
  0x15, 0x93, 0x91, 0xbd, 0x2c, 0xcc, 0x19, 0x3e, 0x20, 0xbe, 0x96, 0xbe,
  0x14, 0xad, 0x15, 0xbe, 0x47, 0xce, 0x36, 0x3e, 0x8d, 0xb7, 0xa0, 0xbe,
  0x00, 0x91, 0x75, 0xbe, 0x8f, 0x1a, 0xac, 0xbd, 0xef, 0x42, 0x40, 0x3d,
  0xb0, 0x30, 0x1b, 0x3d, 0xd6, 0x7b, 0xd9, 0x3d, 0x6e, 0xe9, 0x8a, 0x3e,
  0x45, 0x58, 0x42, 0x3b, 0xae, 0xc7, 0x0a, 0x3c, 0x1c, 0x36, 0x27, 0x3e,
  0xd8, 0xd9, 0x05, 0xbe, 0x1f, 0xd1, 0xad, 0x3d, 0x11, 0xea, 0x0a, 0x3e,
  0x0c, 0x09, 0x59, 0x3e, 0xd1, 0xe5, 0xf7, 0xbd, 0x34, 0x58, 0xda, 0xbb,
  0x29, 0xeb, 0xbe, 0xbd, 0x96, 0xdd, 0x4a, 0x3d, 0x30, 0xf6, 0x37, 0xbf,
  0x55, 0x37, 0xb7, 0xbe, 0x17, 0xea, 0x02, 0x3d, 0xb2, 0xcc, 0x77, 0xbe,
  0xc8, 0x95, 0x87, 0x3e, 0x75, 0x81, 0xb1, 0xbe, 0x91, 0x2e, 0x66, 0xbe,
  0xb0, 0x2d, 0xad, 0xbd, 0xf4, 0x97, 0xd9, 0x3c, 0x34, 0x34, 0xbb, 0xbe,
  0xdd, 0x87, 0x6e, 0x3d, 0xf2, 0x89, 0x89, 0xbe, 0x58, 0x0a, 0x06, 0xbe,
  0x5e, 0xcc, 0x53, 0x3e, 0x2a, 0x64, 0x21, 0x3e, 0xf9, 0x62, 0xea, 0x3c,
  0x53, 0x59, 0x10, 0x3e, 0x07, 0x76, 0xa5, 0xbd, 0x47, 0x73, 0xee, 0xbe,
  0x90, 0x32, 0x32, 0xbd, 0x86, 0x6c, 0x43, 0x3e, 0x5b, 0x77, 0xdb, 0x3e,
  0x32, 0xf3, 0xcb, 0xbb, 0x0c, 0x43, 0xcb, 0xbd, 0x74, 0xd1, 0xce, 0xbd,
  0x0b, 0x10, 0xf2, 0xbe, 0x73, 0x40, 0xb8, 0xbe, 0xe3, 0x44, 0x06, 0x3e,
  0x61, 0xe2, 0x0d, 0xbf, 0x01, 0x48, 0x3a, 0xbd, 0xb4, 0x61, 0x05, 0x3b,
  0x4d, 0xe6, 0x8e, 0x3d, 0x50, 0x92, 0x20, 0x3d, 0x8a, 0x39, 0x0e, 0x3e,
  0xae, 0xae, 0xe9, 0x3e, 0xc1, 0xf5, 0x9e, 0x3e, 0x0d, 0x6d, 0x27, 0xbd,
  0x4f, 0x34, 0x08, 0xbe, 0x1d, 0x2a, 0x59, 0xbe, 0xd5, 0x03, 0x22, 0xbb,
  0xd2, 0x7e, 0xc0, 0xbe, 0x8e, 0x87, 0x21, 0x3e, 0x54, 0x49, 0xf2, 0xbd,
  0xfd, 0x3d, 0x9b, 0x3e, 0x35, 0xef, 0x31, 0xbf, 0xfe, 0xfb, 0xff, 0xff,
  0x04, 0x00, 0x00, 0x00, 0xc0, 0x01, 0x00, 0x00, 0x3a, 0x55, 0xbf, 0x3e,
  0xbf, 0x1d, 0xb9, 0xbd, 0x64, 0x90, 0x1a, 0x3e, 0xc0, 0xe1, 0x32, 0xbf,
  0xd3, 0xae, 0xbe, 0x3e, 0x56, 0x4b, 0xaa, 0xbe, 0x47, 0xdb, 0xc4, 0x3c,
  0xce, 0xfb, 0xa9, 0x3e, 0x8b, 0xac, 0x2c, 0xbf, 0xa0, 0x31, 0x91, 0xbe,
  0x37, 0x52, 0xd5, 0x3e, 0x89, 0xac, 0x7d, 0x3d, 0x75, 0x40, 0xf6, 0xbd,
  0x6a, 0x37, 0x1c, 0x3e, 0xa2, 0xb5, 0x9d, 0xbe, 0x40, 0x2e, 0x74, 0xbe,
  0x12, 0x41, 0x80, 0x3e, 0xc0, 0x39, 0x67, 0xbd, 0xc2, 0xc6, 0xfe, 0x3c,
  0x5d, 0x41, 0xc8, 0xbd, 0x5a, 0x76, 0xfa, 0x3e, 0xe3, 0xd8, 0xb8, 0xbe,
  0x9e, 0x5c, 0xb2, 0x3e, 0x86, 0x16, 0x20, 0xbe, 0x2b, 0xaa, 0x0a, 0x3c,
  0x38, 0x36, 0xed, 0x3e, 0xa9, 0x81, 0x2b, 0x3e, 0x2d, 0xfb, 0x1c, 0xbf,
  0x63, 0xcb, 0x32, 0x3e, 0x68, 0x3f, 0x13, 0xbe, 0x36, 0x4d, 0x71, 0x3e,
  0x1e, 0xdd, 0x59, 0x3e, 0x06, 0x4d, 0x53, 0xbe, 0xba, 0xe7, 0x84, 0xbd,
  0xf4, 0x23, 0xc7, 0x3e, 0x0f, 0x78, 0x10, 0xbe, 0xa5, 0x3b, 0xb4, 0x3d,
  0x41, 0x38, 0x89, 0xbe, 0x55, 0xfc, 0x0b, 0x3f, 0x19, 0x2c, 0x13, 0xbf,
  0xbb, 0xe0, 0xc4, 0xbd, 0x8f, 0x2e, 0x1e, 0xbf, 0xf0, 0x4a, 0xf3, 0xbe,
  0xa1, 0x7a, 0xdc, 0x3d, 0x94, 0x90, 0x2c, 0x3f, 0xa7, 0x4d, 0x15, 0x3f,
  0xb5, 0xd0, 0x0a, 0xbf, 0x36, 0x39, 0x9a, 0x3e, 0xa8, 0x2f, 0xc6, 0x3e,
  0x66, 0x2f, 0x2a, 0x3e, 0x2f, 0xbb, 0xe6, 0x3e, 0x1f, 0x5d, 0x39, 0xbb,
  0xdd, 0x24, 0x97, 0x3c, 0x02, 0x07, 0x4a, 0x3e, 0x2f, 0x17, 0xf9, 0x3d,
  0xfa, 0x9c, 0x58, 0x3d, 0x55, 0x35, 0x13, 0xbd, 0xfe, 0xe8, 0x00, 0x3e,
  0xd2, 0x88, 0xf5, 0x3d, 0x4b, 0x96, 0xa3, 0xbc, 0x48, 0x15, 0x8b, 0x3e,
  0x1c, 0xee, 0xb5, 0x3d, 0x3d, 0xe3, 0x3a, 0x3e, 0x77, 0xc6, 0x4c, 0xbd,
  0x29, 0x43, 0xe8, 0xbc, 0xca, 0xc0, 0xa4, 0xbc, 0x14, 0xdc, 0x4b, 0xbe,
  0xa5, 0x35, 0x6a, 0xbd, 0x96, 0x7c, 0x36, 0xbd, 0x0d, 0x86, 0x1d, 0xbe,
  0x97, 0x8e, 0xab, 0x3d, 0xca, 0x13, 0x93, 0xbd, 0xee, 0xd2, 0xb2, 0xbb,
  0x14, 0x27, 0xe7, 0x3c, 0x47, 0x16, 0x9b, 0xbe, 0xf6, 0xee, 0x90, 0x3d,
  0x55, 0xea, 0x54, 0x3d, 0x80, 0x79, 0xd9, 0xbd, 0x73, 0xab, 0x9f, 0x3c,
  0x8f, 0x18, 0xed, 0xbb, 0x0d, 0x13, 0xb6, 0x3e, 0x53, 0x64, 0xcb, 0xbd,
  0x9c, 0xeb, 0xab, 0xbd, 0x25, 0x51, 0x40, 0xbb, 0x0a, 0x74, 0x6a, 0xbd,
  0x2d, 0x59, 0xa8, 0xbb, 0x53, 0x67, 0x92, 0x3b, 0x45, 0x61, 0xab, 0xbc,
  0xee, 0x38, 0x50, 0x3e, 0x42, 0x92, 0xe1, 0xbd, 0x71, 0x38, 0xe2, 0xbe,
  0x7f, 0xa3, 0x66, 0x3a, 0xc4, 0xef, 0x33, 0x3d, 0x26, 0x69, 0x13, 0xbc,
  0xbb, 0xdf, 0xc2, 0xbc, 0x5f, 0xb1, 0xc2, 0xbc, 0x4e, 0x13, 0xb7, 0x3e,
  0x6e, 0x0b, 0xb8, 0xbe, 0x91, 0x3a, 0x1d, 0xbe, 0xe6, 0x12, 0xba, 0x3d,
  0x93, 0x5e, 0x8a, 0x3b, 0x0a, 0x69, 0x02, 0x3f, 0x45, 0x47, 0xa7, 0x3d,
  0xd2, 0xd5, 0x14, 0x3d, 0x0e, 0xc9, 0x0e, 0x3e, 0x9f, 0xba, 0x10, 0x3d,
  0x7d, 0x85, 0x38, 0x3e, 0x4e, 0xb3, 0x13, 0x3d, 0x16, 0x3a, 0xc1, 0x3e,
  0xdc, 0xa0, 0x8b, 0x3d, 0xdc, 0xf7, 0x14, 0x3d, 0x01, 0x5f, 0x1d, 0xbe,
  0xca, 0xfd, 0xff, 0xff, 0x04, 0x00, 0x00, 0x00, 0x1c, 0x00, 0x00, 0x00,
  0xb2, 0x37, 0xf1, 0xbc, 0x50, 0xbd, 0x7f, 0xbe, 0x1b, 0xd5, 0x3c, 0xbc,
  0xc4, 0x4c, 0xa7, 0xbc, 0x97, 0xd1, 0x29, 0xbd, 0xec, 0x17, 0x52, 0xbc,
  0x88, 0x03, 0x62, 0xbd, 0xf2, 0xfd, 0xff, 0xff, 0x04, 0x00, 0x00, 0x00,
  0x00, 0x02, 0x00, 0x00, 0xd5, 0x21, 0x9d, 0xbe, 0x94, 0xae, 0xd7, 0xbe,
  0x24, 0x51, 0x94, 0xbe, 0x03, 0x57, 0x03, 0xbf, 0xbe, 0xb0, 0xe3, 0xbd,
  0x1c, 0x1c, 0xd3, 0xbd, 0xab, 0xfe, 0x40, 0xbe, 0x10, 0xe4, 0xbc, 0xbe,
  0xc9, 0x0b, 0x14, 0xbf, 0xee, 0x0c, 0xfe, 0xbe, 0x18, 0x21, 0xac, 0xbe,
  0x02, 0x5d, 0x0b, 0xbe, 0x09, 0x76, 0x5e, 0xbe, 0x39, 0x7d, 0x5b, 0x3e,
  0xb6, 0x12, 0xf0, 0xbe, 0x54, 0x4c, 0xc4, 0xbe, 0x22, 0x80, 0xe9, 0xbe,
  0x44, 0x42, 0xc4, 0xbe, 0x5d, 0xe3, 0x58, 0xbe, 0xff, 0x80, 0x03, 0xbf,
  0xbf, 0x10, 0x9b, 0xbe, 0xe1, 0xec, 0xeb, 0xbe, 0xe3, 0xd6, 0xbf, 0xbc,
  0xd5, 0x83, 0x8e, 0xbd, 0x2f, 0xa0, 0x66, 0xbe, 0x83, 0x60, 0x11, 0xbf,
  0xdc, 0xab, 0x27, 0xbe, 0xf0, 0xfd, 0x55, 0xbe, 0xd4, 0x20, 0x29, 0xbe,
  0xbe, 0x25, 0xaa, 0xbe, 0x59, 0x4d, 0x06, 0xbf, 0x1b, 0x89, 0x3b, 0xbe,
  0x59, 0xc5, 0x5a, 0xbc, 0xcc, 0x71, 0xdb, 0xbe, 0xac, 0x87, 0xcc, 0xbe,
  0x2f, 0x0f, 0xe0, 0xbe, 0x59, 0x5c, 0x00, 0xbf, 0x62, 0x34, 0x75, 0xbe,
  0x69, 0x84, 0x9f, 0xbe, 0xa7, 0xed, 0xcd, 0xbe, 0x08, 0xe6, 0x8a, 0xbe,
  0x3b, 0xb4, 0xa0, 0xbe, 0x98, 0x89, 0xd5, 0xbe, 0x24, 0x77, 0x59, 0xbe,
  0xee, 0xad, 0x8e, 0x3c, 0x8e, 0x37, 0xb6, 0xbe, 0x64, 0x63, 0x27, 0xbe,
  0x7e, 0x10, 0x76, 0xbd, 0x95, 0x2b, 0x1c, 0x3e, 0xf8, 0x6e, 0x38, 0xbe,
  0x6f, 0x93, 0x4a, 0xbe, 0xce, 0x68, 0xe9, 0xbe, 0x8f, 0x24, 0x7c, 0x3d,
  0x72, 0xe1, 0x00, 0xbf, 0x23, 0xd4, 0x90, 0xbe, 0x49, 0x64, 0xa8, 0xbd,
  0x3a, 0x19, 0x74, 0xbe, 0xd2, 0xe3, 0x9c, 0xbe, 0xfd, 0xf1, 0x79, 0xbe,
  0xa4, 0xa1, 0xfc, 0xbe, 0xb6, 0xec, 0x33, 0xbe, 0x9a, 0x32, 0xd0, 0xbe,
  0x23, 0xf3, 0xff, 0xbe, 0xdb, 0xd9, 0xc5, 0xbe, 0x29, 0x01, 0x8f, 0xbe,
  0x12, 0xaf, 0x2b, 0xbd, 0xd1, 0xf0, 0x63, 0xbd, 0xb6, 0xd6, 0xbe, 0xbe,
  0x68, 0x90, 0xfa, 0xbe, 0x6d, 0x65, 0xa1, 0xbe, 0xfe, 0xa1, 0xda, 0xbe,
  0xa9, 0x81, 0x90, 0xbe, 0xc8, 0xc4, 0x22, 0xbe, 0x1b, 0x61, 0x75, 0xbe,
  0x11, 0x54, 0xa2, 0xbe, 0xdb, 0x21, 0x92, 0xbe, 0xbb, 0xc4, 0x61, 0xbe,
  0x58, 0xb8, 0x8e, 0xbe, 0xcf, 0xcf, 0x22, 0xbf, 0xd6, 0x14, 0xee, 0xbe,
  0xe3, 0x8e, 0x7a, 0xbe, 0x59, 0x1f, 0x9f, 0xbe, 0x6a, 0x4d, 0x03, 0xbe,
  0x59, 0xea, 0xf0, 0xbe, 0x27, 0x25, 0xf0, 0xbe, 0xcb, 0x1a, 0xb0, 0xbe,
  0x70, 0x6c, 0x02, 0xbf, 0xd5, 0x04, 0x0b, 0xbe, 0xdd, 0xe2, 0x04, 0xbf,
  0x77, 0x82, 0xd8, 0xbe, 0x31, 0x71, 0x05, 0xbf, 0xbf, 0x6a, 0x06, 0xbf,
  0xf2, 0xed, 0x4f, 0xbe, 0xb8, 0xa6, 0xdf, 0xbe, 0xee, 0x60, 0x46, 0xbe,
  0xc8, 0x96, 0x30, 0xbe, 0xe5, 0xdc, 0xdb, 0x3c, 0x58, 0xa4, 0x42, 0xbd,
  0x0a, 0x66, 0xd1, 0xbe, 0x97, 0x07, 0xed, 0xbe, 0x48, 0x76, 0x96, 0x3d,
  0x01, 0xd3, 0xec, 0xbd, 0xf6, 0x34, 0xa8, 0xbe, 0x5c, 0xf5, 0x82, 0xbe,
  0x27, 0xc0, 0x67, 0xbe, 0xf2, 0x8d, 0x83, 0xbe, 0xab, 0x6c, 0x0c, 0xbf,
  0xa4, 0xff, 0xaa, 0xbe, 0xb1, 0x8e, 0xa5, 0xbe, 0x84, 0x82, 0x90, 0xbe,
  0xc2, 0x24, 0xea, 0xbe, 0xd4, 0x5b, 0x03, 0xbf, 0x1f, 0x71, 0xef, 0xbe,
  0x34, 0xcb, 0xad, 0x3d, 0x09, 0xc6, 0x0d, 0xbe, 0x13, 0x68, 0xd9, 0xbe,
  0xa9, 0xc7, 0xcc, 0xbe, 0xd8, 0xf0, 0x46, 0xbe, 0xf6, 0xfe, 0x85, 0xbd,
  0xe5, 0x2a, 0xc1, 0xbe, 0x2b, 0x25, 0x70, 0xbe, 0xd5, 0x02, 0x7a, 0xbe,
  0x41, 0x30, 0xb0, 0xbd, 0xda, 0x20, 0x14, 0xbf, 0xf4, 0xc7, 0xc2, 0xbe,
  0x8f, 0xca, 0x69, 0xbe, 0x63, 0xca, 0x02, 0xbf, 0x92, 0x3d, 0x1a, 0xbf,
  0x00, 0x00, 0x06, 0x00, 0x08, 0x00, 0x04, 0x00, 0x06, 0x00, 0x00, 0x00,
  0x04, 0x00, 0x00, 0x00, 0x40, 0x00, 0x00, 0x00, 0xd7, 0x61, 0xab, 0xbd,
  0x18, 0x6b, 0x1d, 0x3c, 0xf3, 0xed, 0xc5, 0xbd, 0x9c, 0xd3, 0xc7, 0x3e,
  0x68, 0xf5, 0x9b, 0x3e, 0x10, 0x02, 0x84, 0xbd, 0x38, 0x16, 0x19, 0x3e,
  0xcf, 0x37, 0x23, 0x3e, 0xcd, 0x59, 0xaa, 0xbd, 0x71, 0x2e, 0xce, 0xbd,
  0x19, 0x51, 0x0e, 0x3e, 0x23, 0x09, 0xa6, 0x3e, 0x6b, 0x5a, 0x36, 0x3d,
  0xd8, 0x35, 0x9e, 0x3e, 0x0e, 0x6f, 0xc3, 0x3d, 0x04, 0x5d, 0x8c, 0x3e,
  0xf4, 0xf8, 0xff, 0xff, 0xf8, 0xf8, 0xff, 0xff, 0x0f, 0x00, 0x00, 0x00,
  0x4d, 0x4c, 0x49, 0x52, 0x20, 0x43, 0x6f, 0x6e, 0x76, 0x65, 0x72, 0x74,
  0x65, 0x64, 0x2e, 0x00, 0x01, 0x00, 0x00, 0x00, 0x14, 0x00, 0x00, 0x00,
  0x00, 0x00, 0x0e, 0x00, 0x18, 0x00, 0x14, 0x00, 0x10, 0x00, 0x0c, 0x00,
  0x08, 0x00, 0x04, 0x00, 0x0e, 0x00, 0x00, 0x00, 0x14, 0x00, 0x00, 0x00,
  0x1c, 0x00, 0x00, 0x00, 0x58, 0x01, 0x00, 0x00, 0x5c, 0x01, 0x00, 0x00,
  0x60, 0x01, 0x00, 0x00, 0x04, 0x00, 0x00, 0x00, 0x6d, 0x61, 0x69, 0x6e,
  0x00, 0x00, 0x00, 0x00, 0x05, 0x00, 0x00, 0x00, 0x1c, 0x01, 0x00, 0x00,
  0xdc, 0x00, 0x00, 0x00, 0x88, 0x00, 0x00, 0x00, 0x3c, 0x00, 0x00, 0x00,
  0x04, 0x00, 0x00, 0x00, 0x42, 0xff, 0xff, 0xff, 0x14, 0x00, 0x00, 0x00,
  0x00, 0x00, 0x00, 0x08, 0x10, 0x00, 0x00, 0x00, 0x14, 0x00, 0x00, 0x00,
  0x02, 0x00, 0x00, 0x00, 0x7c, 0xf9, 0xff, 0xff, 0x01, 0x00, 0x00, 0x00,
  0x0d, 0x00, 0x00, 0x00, 0x03, 0x00, 0x00, 0x00, 0x0c, 0x00, 0x00, 0x00,
  0x04, 0x00, 0x00, 0x00, 0x03, 0x00, 0x00, 0x00, 0x76, 0xff, 0xff, 0xff,
  0x14, 0x00, 0x00, 0x00, 0x00, 0x00, 0x00, 0x08, 0x14, 0x00, 0x00, 0x00,
  0x18, 0x00, 0x00, 0x00, 0x02, 0x00, 0x00, 0x00, 0xb6, 0xff, 0xff, 0xff,
  0x00, 0x00, 0x00, 0x01, 0x01, 0x00, 0x00, 0x00, 0x0c, 0x00, 0x00, 0x00,
  0x03, 0x00, 0x00, 0x00, 0x0b, 0x00, 0x00, 0x00, 0x05, 0x00, 0x00, 0x00,
  0x01, 0x00, 0x00, 0x00, 0x00, 0x00, 0x0e, 0x00, 0x1a, 0x00, 0x14, 0x00,
  0x10, 0x00, 0x0c, 0x00, 0x0b, 0x00, 0x04, 0x00, 0x0e, 0x00, 0x00, 0x00,
  0x1c, 0x00, 0x00, 0x00, 0x00, 0x00, 0x00, 0x08, 0x1c, 0x00, 0x00, 0x00,
  0x20, 0x00, 0x00, 0x00, 0x02, 0x00, 0x00, 0x00, 0x00, 0x00, 0x06, 0x00,
  0x08, 0x00, 0x07, 0x00, 0x06, 0x00, 0x00, 0x00, 0x00, 0x00, 0x00, 0x01,
  0x01, 0x00, 0x00, 0x00, 0x0b, 0x00, 0x00, 0x00, 0x03, 0x00, 0x00, 0x00,
  0x0a, 0x00, 0x00, 0x00, 0x06, 0x00, 0x00, 0x00, 0x02, 0x00, 0x00, 0x00,
  0x00, 0x00, 0x0e, 0x00, 0x18, 0x00, 0x14, 0x00, 0x10, 0x00, 0x0c, 0x00,
  0x0b, 0x00, 0x04, 0x00, 0x0e, 0x00, 0x00, 0x00, 0x14, 0x00, 0x00, 0x00,
  0x00, 0x00, 0x00, 0x1b, 0x10, 0x00, 0x00, 0x00, 0x14, 0x00, 0x00, 0x00,
  0x01, 0x00, 0x00, 0x00, 0x48, 0xfa, 0xff, 0xff, 0x01, 0x00, 0x00, 0x00,
  0x0a, 0x00, 0x00, 0x00, 0x02, 0x00, 0x00, 0x00, 0x09, 0x00, 0x00, 0x00,
  0x07, 0x00, 0x00, 0x00, 0x00, 0x00, 0x0a, 0x00, 0x0c, 0x00, 0x00, 0x00,
  0x08, 0x00, 0x04, 0x00, 0x0a, 0x00, 0x00, 0x00, 0x08, 0x00, 0x00, 0x00,
  0x0c, 0x00, 0x00, 0x00, 0x01, 0x00, 0x00, 0x00, 0x09, 0x00, 0x00, 0x00,
  0x02, 0x00, 0x00, 0x00, 0x00, 0x00, 0x00, 0x00, 0x08, 0x00, 0x00, 0x00,
  0x01, 0x00, 0x00, 0x00, 0x0d, 0x00, 0x00, 0x00, 0x01, 0x00, 0x00, 0x00,
  0x00, 0x00, 0x00, 0x00, 0x0e, 0x00, 0x00, 0x00, 0x48, 0x05, 0x00, 0x00,
  0xc0, 0x04, 0x00, 0x00, 0x50, 0x04, 0x00, 0x00, 0x00, 0x04, 0x00, 0x00,
  0xac, 0x03, 0x00, 0x00, 0x58, 0x03, 0x00, 0x00, 0x04, 0x03, 0x00, 0x00,
  0x94, 0x02, 0x00, 0x00, 0x3c, 0x02, 0x00, 0x00, 0xe4, 0x01, 0x00, 0x00,
  0x80, 0x01, 0x00, 0x00, 0xe8, 0x00, 0x00, 0x00, 0x50, 0x00, 0x00, 0x00,
  0x04, 0x00, 0x00, 0x00, 0x06, 0xfb, 0xff, 0xff, 0x00, 0x00, 0x00, 0x01,
  0x10, 0x00, 0x00, 0x00, 0x10, 0x00, 0x00, 0x00, 0x0e, 0x00, 0x00, 0x00,
  0x28, 0x00, 0x00, 0x00, 0xf0, 0xfa, 0xff, 0xff, 0x1b, 0x00, 0x00, 0x00,
  0x53, 0x74, 0x61, 0x74, 0x65, 0x66, 0x75, 0x6c, 0x50, 0x61, 0x72, 0x74,
  0x69, 0x74, 0x69, 0x6f, 0x6e, 0x65, 0x64, 0x43, 0x61, 0x6c, 0x6c, 0x5f,
  0x31, 0x3a, 0x30, 0x00, 0x02, 0x00, 0x00, 0x00, 0x01, 0x00, 0x00, 0x00,
  0x07, 0x00, 0x00, 0x00, 0x4e, 0xfb, 0xff, 0xff, 0x00, 0x00, 0x00, 0x01,
  0x10, 0x00, 0x00, 0x00, 0x10, 0x00, 0x00, 0x00, 0x0d, 0x00, 0x00, 0x00,
  0x74, 0x00, 0x00, 0x00, 0x38, 0xfb, 0xff, 0xff, 0x64, 0x00, 0x00, 0x00,
  0x64, 0x65, 0x6e, 0x73, 0x65, 0x5f, 0x6e, 0x32, 0x5f, 0x73, 0x31, 0x30,
  0x5f, 0x31, 0x2f, 0x64, 0x65, 0x6e, 0x73, 0x65, 0x5f, 0x31, 0x30, 0x39,
  0x5f, 0x31, 0x2f, 0x4d, 0x61, 0x74, 0x4d, 0x75, 0x6c, 0x3b, 0x64, 0x65,
  0x6e, 0x73, 0x65, 0x5f, 0x6e, 0x32, 0x5f, 0x73, 0x31, 0x30, 0x5f, 0x31,
  0x2f, 0x64, 0x65, 0x6e, 0x73, 0x65, 0x5f, 0x31, 0x30, 0x39, 0x5f, 0x31,
  0x2f, 0x52, 0x65, 0x6c, 0x75, 0x3b, 0x64, 0x65, 0x6e, 0x73, 0x65, 0x5f,
  0x6e, 0x32, 0x5f, 0x73, 0x31, 0x30, 0x5f, 0x31, 0x2f, 0x64, 0x65, 0x6e,
  0x73, 0x65, 0x5f, 0x31, 0x30, 0x39, 0x5f, 0x31, 0x2f, 0x42, 0x69, 0x61,
  0x73, 0x41, 0x64, 0x64, 0x00, 0x00, 0x00, 0x00, 0x02, 0x00, 0x00, 0x00,
  0x01, 0x00, 0x00, 0x00, 0x10, 0x00, 0x00, 0x00, 0xe2, 0xfb, 0xff, 0xff,
  0x00, 0x00, 0x00, 0x01, 0x10, 0x00, 0x00, 0x00, 0x10, 0x00, 0x00, 0x00,
  0x0c, 0x00, 0x00, 0x00, 0x74, 0x00, 0x00, 0x00, 0xcc, 0xfb, 0xff, 0xff,
  0x64, 0x00, 0x00, 0x00, 0x64, 0x65, 0x6e, 0x73, 0x65, 0x5f, 0x6e, 0x32,
  0x5f, 0x73, 0x31, 0x30, 0x5f, 0x31, 0x2f, 0x64, 0x65, 0x6e, 0x73, 0x65,
  0x5f, 0x31, 0x30, 0x38, 0x5f, 0x31, 0x2f, 0x4d, 0x61, 0x74, 0x4d, 0x75,
  0x6c, 0x3b, 0x64, 0x65, 0x6e, 0x73, 0x65, 0x5f, 0x6e, 0x32, 0x5f, 0x73,
  0x31, 0x30, 0x5f, 0x31, 0x2f, 0x64, 0x65, 0x6e, 0x73, 0x65, 0x5f, 0x31,
  0x30, 0x38, 0x5f, 0x31, 0x2f, 0x52, 0x65, 0x6c, 0x75, 0x3b, 0x64, 0x65,
  0x6e, 0x73, 0x65, 0x5f, 0x6e, 0x32, 0x5f, 0x73, 0x31, 0x30, 0x5f, 0x31,
  0x2f, 0x64, 0x65, 0x6e, 0x73, 0x65, 0x5f, 0x31, 0x30, 0x38, 0x5f, 0x31,
  0x2f, 0x42, 0x69, 0x61, 0x73, 0x41, 0x64, 0x64, 0x00, 0x00, 0x00, 0x00,
  0x02, 0x00, 0x00, 0x00, 0x01, 0x00, 0x00, 0x00, 0x80, 0x00, 0x00, 0x00,
  0x76, 0xfc, 0xff, 0xff, 0x00, 0x00, 0x00, 0x01, 0x10, 0x00, 0x00, 0x00,
  0x10, 0x00, 0x00, 0x00, 0x0b, 0x00, 0x00, 0x00, 0x40, 0x00, 0x00, 0x00,
  0x60, 0xfc, 0xff, 0xff, 0x30, 0x00, 0x00, 0x00, 0x64, 0x65, 0x6e, 0x73,
  0x65, 0x5f, 0x6e, 0x32, 0x5f, 0x73, 0x31, 0x30, 0x5f, 0x31, 0x2f, 0x67,
  0x6c, 0x6f, 0x62, 0x61, 0x6c, 0x5f, 0x61, 0x76, 0x65, 0x72, 0x61, 0x67,
  0x65, 0x5f, 0x70, 0x6f, 0x6f, 0x6c, 0x69, 0x6e, 0x67, 0x31, 0x64, 0x5f,
  0x34, 0x5f, 0x31, 0x2f, 0x4d, 0x65, 0x61, 0x6e, 0x00, 0x00, 0x00, 0x00,
  0x02, 0x00, 0x00, 0x00, 0x01, 0x00, 0x00, 0x00, 0x09, 0x00, 0x00, 0x00,
  0xd6, 0xfc, 0xff, 0xff, 0x00, 0x00, 0x00, 0x01, 0x10, 0x00, 0x00, 0x00,
  0x10, 0x00, 0x00, 0x00, 0x0a, 0x00, 0x00, 0x00, 0x30, 0x00, 0x00, 0x00,
  0xc0, 0xfc, 0xff, 0xff, 0x23, 0x00, 0x00, 0x00, 0x64, 0x65, 0x6e, 0x73,
  0x65, 0x5f, 0x6e, 0x32, 0x5f, 0x73, 0x31, 0x30, 0x5f, 0x31, 0x2f, 0x72,
  0x65, 0x73, 0x68, 0x61, 0x70, 0x65, 0x5f, 0x32, 0x38, 0x5f, 0x31, 0x2f,
  0x52, 0x65, 0x73, 0x68, 0x61, 0x70, 0x65, 0x00, 0x03, 0x00, 0x00, 0x00,
  0x01, 0x00, 0x00, 0x00, 0x0a, 0x00, 0x00, 0x00, 0x09, 0x00, 0x00, 0x00,
  0xc2, 0xff, 0xff, 0xff, 0x00, 0x00, 0x00, 0x01, 0x14, 0x00, 0x00, 0x00,
  0x14, 0x00, 0x00, 0x00, 0x09, 0x00, 0x00, 0x00, 0x00, 0x00, 0x00, 0x02,
  0x1c, 0x00, 0x00, 0x00, 0x18, 0xfd, 0xff, 0xff, 0x0e, 0x00, 0x00, 0x00,
  0x61, 0x72, 0x69, 0x74, 0x68, 0x2e, 0x63, 0x6f, 0x6e, 0x73, 0x74, 0x61,
  0x6e, 0x74, 0x00, 0x00, 0x01, 0x00, 0x00, 0x00, 0x03, 0x00, 0x00, 0x00,
  0x00, 0x00, 0x16, 0x00, 0x1c, 0x00, 0x18, 0x00, 0x17, 0x00, 0x10, 0x00,
  0x0c, 0x00, 0x08, 0x00, 0x00, 0x00, 0x00, 0x00, 0x00, 0x00, 0x07, 0x00,
  0x16, 0x00, 0x00, 0x00, 0x00, 0x00, 0x00, 0x01, 0x14, 0x00, 0x00, 0x00,
  0x14, 0x00, 0x00, 0x00, 0x08, 0x00, 0x00, 0x00, 0x00, 0x00, 0x00, 0x02,
  0x50, 0x00, 0x00, 0x00, 0x6c, 0xfd, 0xff, 0xff, 0x42, 0x00, 0x00, 0x00,
  0x64, 0x65, 0x6e, 0x73, 0x65, 0x5f, 0x6e, 0x32, 0x5f, 0x73, 0x31, 0x30,
  0x5f, 0x31, 0x2f, 0x67, 0x6c, 0x6f, 0x62, 0x61, 0x6c, 0x5f, 0x61, 0x76,
  0x65, 0x72, 0x61, 0x67, 0x65, 0x5f, 0x70, 0x6f, 0x6f, 0x6c, 0x69, 0x6e,
  0x67, 0x31, 0x64, 0x5f, 0x34, 0x5f, 0x31, 0x2f, 0x4d, 0x65, 0x61, 0x6e,
  0x2f, 0x72, 0x65, 0x64, 0x75, 0x63, 0x74, 0x69, 0x6f, 0x6e, 0x5f, 0x69,
  0x6e, 0x64, 0x69, 0x63, 0x65, 0x73, 0x00, 0x00, 0x00, 0x00, 0x00, 0x00,
  0xea, 0xfd, 0xff, 0xff, 0x00, 0x00, 0x00, 0x01, 0x10, 0x00, 0x00, 0x00,
  0x10, 0x00, 0x00, 0x00, 0x07, 0x00, 0x00, 0x00, 0x30, 0x00, 0x00, 0x00,
  0xd4, 0xfd, 0xff, 0xff, 0x21, 0x00, 0x00, 0x00, 0x64, 0x65, 0x6e, 0x73,
  0x65, 0x5f, 0x6e, 0x32, 0x5f, 0x73, 0x31, 0x30, 0x5f, 0x31, 0x2f, 0x64,
  0x65, 0x6e, 0x73, 0x65, 0x5f, 0x31, 0x30, 0x38, 0x5f, 0x31, 0x2f, 0x4d,
  0x61, 0x74, 0x4d, 0x75, 0x6c, 0x00, 0x00, 0x00, 0x02, 0x00, 0x00, 0x00,
  0x80, 0x00, 0x00, 0x00, 0x09, 0x00, 0x00, 0x00, 0x3a, 0xfe, 0xff, 0xff,
  0x00, 0x00, 0x00, 0x01, 0x10, 0x00, 0x00, 0x00, 0x10, 0x00, 0x00, 0x00,
  0x06, 0x00, 0x00, 0x00, 0x30, 0x00, 0x00, 0x00, 0x24, 0xfe, 0xff, 0xff,
  0x21, 0x00, 0x00, 0x00, 0x64, 0x65, 0x6e, 0x73, 0x65, 0x5f, 0x6e, 0x32,
  0x5f, 0x73, 0x31, 0x30, 0x5f, 0x31, 0x2f, 0x64, 0x65, 0x6e, 0x73, 0x65,
  0x5f, 0x31, 0x30, 0x39, 0x5f, 0x31, 0x2f, 0x4d, 0x61, 0x74, 0x4d, 0x75,
  0x6c, 0x00, 0x00, 0x00, 0x02, 0x00, 0x00, 0x00, 0x10, 0x00, 0x00, 0x00,
  0x80, 0x00, 0x00, 0x00, 0x8a, 0xfe, 0xff, 0xff, 0x00, 0x00, 0x00, 0x01,
  0x10, 0x00, 0x00, 0x00, 0x10, 0x00, 0x00, 0x00, 0x05, 0x00, 0x00, 0x00,
  0x30, 0x00, 0x00, 0x00, 0x74, 0xfe, 0xff, 0xff, 0x21, 0x00, 0x00, 0x00,
  0x64, 0x65, 0x6e, 0x73, 0x65, 0x5f, 0x6e, 0x32, 0x5f, 0x73, 0x31, 0x30,
  0x5f, 0x31, 0x2f, 0x64, 0x65, 0x6e, 0x73, 0x65, 0x5f, 0x31, 0x31, 0x30,
  0x5f, 0x31, 0x2f, 0x4d, 0x61, 0x74, 0x4d, 0x75, 0x6c, 0x00, 0x00, 0x00,
  0x02, 0x00, 0x00, 0x00, 0x07, 0x00, 0x00, 0x00, 0x10, 0x00, 0x00, 0x00,
  0xda, 0xfe, 0xff, 0xff, 0x00, 0x00, 0x00, 0x01, 0x10, 0x00, 0x00, 0x00,
  0x10, 0x00, 0x00, 0x00, 0x04, 0x00, 0x00, 0x00, 0x30, 0x00, 0x00, 0x00,
  0xc4, 0xfe, 0xff, 0xff, 0x22, 0x00, 0x00, 0x00, 0x64, 0x65, 0x6e, 0x73,
  0x65, 0x5f, 0x6e, 0x32, 0x5f, 0x73, 0x31, 0x30, 0x5f, 0x31, 0x2f, 0x64,
  0x65, 0x6e, 0x73, 0x65, 0x5f, 0x31, 0x31, 0x30, 0x5f, 0x31, 0x2f, 0x42,
  0x69, 0x61, 0x73, 0x41, 0x64, 0x64, 0x00, 0x00, 0x01, 0x00, 0x00, 0x00,
  0x07, 0x00, 0x00, 0x00, 0x26, 0xff, 0xff, 0xff, 0x00, 0x00, 0x00, 0x01,
  0x10, 0x00, 0x00, 0x00, 0x10, 0x00, 0x00, 0x00, 0x03, 0x00, 0x00, 0x00,
  0x50, 0x00, 0x00, 0x00, 0x10, 0xff, 0xff, 0xff, 0x42, 0x00, 0x00, 0x00,
  0x64, 0x65, 0x6e, 0x73, 0x65, 0x5f, 0x6e, 0x32, 0x5f, 0x73, 0x31, 0x30,
  0x5f, 0x31, 0x2f, 0x64, 0x65, 0x6e, 0x73, 0x65, 0x5f, 0x31, 0x30, 0x38,
  0x5f, 0x31, 0x2f, 0x52, 0x65, 0x6c, 0x75, 0x3b, 0x64, 0x65, 0x6e, 0x73,
  0x65, 0x5f, 0x6e, 0x32, 0x5f, 0x73, 0x31, 0x30, 0x5f, 0x31, 0x2f, 0x64,
  0x65, 0x6e, 0x73, 0x65, 0x5f, 0x31, 0x30, 0x38, 0x5f, 0x31, 0x2f, 0x42,
  0x69, 0x61, 0x73, 0x41, 0x64, 0x64, 0x00, 0x00, 0x01, 0x00, 0x00, 0x00,
  0x80, 0x00, 0x00, 0x00, 0x92, 0xff, 0xff, 0xff, 0x00, 0x00, 0x00, 0x01,
  0x10, 0x00, 0x00, 0x00, 0x10, 0x00, 0x00, 0x00, 0x02, 0x00, 0x00, 0x00,
  0x50, 0x00, 0x00, 0x00, 0x7c, 0xff, 0xff, 0xff, 0x42, 0x00, 0x00, 0x00,
  0x64, 0x65, 0x6e, 0x73, 0x65, 0x5f, 0x6e, 0x32, 0x5f, 0x73, 0x31, 0x30,
  0x5f, 0x31, 0x2f, 0x64, 0x65, 0x6e, 0x73, 0x65, 0x5f, 0x31, 0x30, 0x39,
  0x5f, 0x31, 0x2f, 0x52, 0x65, 0x6c, 0x75, 0x3b, 0x64, 0x65, 0x6e, 0x73,
  0x65, 0x5f, 0x6e, 0x32, 0x5f, 0x73, 0x31, 0x30, 0x5f, 0x31, 0x2f, 0x64,
  0x65, 0x6e, 0x73, 0x65, 0x5f, 0x31, 0x30, 0x39, 0x5f, 0x31, 0x2f, 0x42,
  0x69, 0x61, 0x73, 0x41, 0x64, 0x64, 0x00, 0x00, 0x01, 0x00, 0x00, 0x00,
  0x10, 0x00, 0x00, 0x00, 0x00, 0x00, 0x16, 0x00, 0x18, 0x00, 0x14, 0x00,
  0x00, 0x00, 0x10, 0x00, 0x0c, 0x00, 0x08, 0x00, 0x00, 0x00, 0x00, 0x00,
  0x00, 0x00, 0x07, 0x00, 0x16, 0x00, 0x00, 0x00, 0x00, 0x00, 0x00, 0x01,
  0x14, 0x00, 0x00, 0x00, 0x14, 0x00, 0x00, 0x00, 0x01, 0x00, 0x00, 0x00,
  0x34, 0x00, 0x00, 0x00, 0x04, 0x00, 0x04, 0x00, 0x04, 0x00, 0x00, 0x00,
  0x23, 0x00, 0x00, 0x00, 0x73, 0x65, 0x72, 0x76, 0x69, 0x6e, 0x67, 0x5f,
  0x64, 0x65, 0x66, 0x61, 0x75, 0x6c, 0x74, 0x5f, 0x6b, 0x65, 0x72, 0x61,
  0x73, 0x5f, 0x74, 0x65, 0x6e, 0x73, 0x6f, 0x72, 0x5f, 0x36, 0x38, 0x39,
  0x39, 0x3a, 0x30, 0x00, 0x04, 0x00, 0x00, 0x00, 0x01, 0x00, 0x00, 0x00,
  0x0a, 0x00, 0x00, 0x00, 0x01, 0x00, 0x00, 0x00, 0x09, 0x00, 0x00, 0x00,
  0x03, 0x00, 0x00, 0x00, 0x30, 0x00, 0x00, 0x00, 0x14, 0x00, 0x00, 0x00,
  0x04, 0x00, 0x00, 0x00, 0xe8, 0xff, 0xff, 0xff, 0x09, 0x00, 0x00, 0x00,
  0x00, 0x00, 0x00, 0x09, 0xf4, 0xff, 0xff, 0xff, 0x28, 0x00, 0x00, 0x00,
  0x00, 0x00, 0x00, 0x28, 0x0c, 0x00, 0x0c, 0x00, 0x0b, 0x00, 0x00, 0x00,
  0x00, 0x00, 0x04, 0x00, 0x0c, 0x00, 0x00, 0x00, 0x16, 0x00, 0x00, 0x00,
  0x00, 0x00, 0x00, 0x16
};
unsigned int tflite_models_dense_only_2_128_16_10_False_float32_tflite_len = 16420;
