unsigned char tflite_models_lstm_0_20_OFF_float32_tflite[] = {
  0x1c, 0x00, 0x00, 0x00, 0x54, 0x46, 0x4c, 0x33, 0x14, 0x00, 0x20, 0x00,
  0x1c, 0x00, 0x18, 0x00, 0x14, 0x00, 0x10, 0x00, 0x0c, 0x00, 0x00, 0x00,
  0x08, 0x00, 0x04, 0x00, 0x14, 0x00, 0x00, 0x00, 0x1c, 0x00, 0x00, 0x00,
  0x90, 0x00, 0x00, 0x00, 0xe8, 0x00, 0x00, 0x00, 0xb8, 0x29, 0x00, 0x00,
  0xc8, 0x29, 0x00, 0x00, 0x08, 0xf0, 0x00, 0x00, 0x03, 0x00, 0x00, 0x00,
  0x01, 0x00, 0x00, 0x00, 0x04, 0x00, 0x00, 0x00, 0x2a, 0xa0, 0xff, 0xff,
  0x0c, 0x00, 0x00, 0x00, 0x1c, 0x00, 0x00, 0x00, 0x3c, 0x00, 0x00, 0x00,
  0x0f, 0x00, 0x00, 0x00, 0x73, 0x65, 0x72, 0x76, 0x69, 0x6e, 0x67, 0x5f,
  0x64, 0x65, 0x66, 0x61, 0x75, 0x6c, 0x74, 0x00, 0x01, 0x00, 0x00, 0x00,
  0x04, 0x00, 0x00, 0x00, 0x8c, 0xff, 0xff, 0xff, 0x80, 0x01, 0x00, 0x00,
  0x04, 0x00, 0x00, 0x00, 0x08, 0x00, 0x00, 0x00, 0x6f, 0x75, 0x74, 0x70,
  0x75, 0x74, 0x5f, 0x30, 0x00, 0x00, 0x00, 0x00, 0x01, 0x00, 0x00, 0x00,
  0x04, 0x00, 0x00, 0x00, 0xa2, 0x9f, 0xff, 0xff, 0x04, 0x00, 0x00, 0x00,
  0x12, 0x00, 0x00, 0x00, 0x6b, 0x65, 0x72, 0x61, 0x73, 0x5f, 0x74, 0x65,
  0x6e, 0x73, 0x6f, 0x72, 0x5f, 0x31, 0x36, 0x39, 0x32, 0x38, 0x00, 0x00,
  0x02, 0x00, 0x00, 0x00, 0x34, 0x00, 0x00, 0x00, 0x04, 0x00, 0x00, 0x00,
  0xdc, 0xff, 0xff, 0xff, 0x83, 0x01, 0x00, 0x00, 0x04, 0x00, 0x00, 0x00,
  0x13, 0x00, 0x00, 0x00, 0x43, 0x4f, 0x4e, 0x56, 0x45, 0x52, 0x53, 0x49,
  0x4f, 0x4e, 0x5f, 0x4d, 0x45, 0x54, 0x41, 0x44, 0x41, 0x54, 0x41, 0x00,
  0x08, 0x00, 0x0c, 0x00, 0x08, 0x00, 0x04, 0x00, 0x08, 0x00, 0x00, 0x00,
  0x82, 0x01, 0x00, 0x00, 0x04, 0x00, 0x00, 0x00, 0x13, 0x00, 0x00, 0x00,
  0x6d, 0x69, 0x6e, 0x5f, 0x72, 0x75, 0x6e, 0x74, 0x69, 0x6d, 0x65, 0x5f,
  0x76, 0x65, 0x72, 0x73, 0x69, 0x6f, 0x6e, 0x00, 0x84, 0x01, 0x00, 0x00,
  0xcc, 0x28, 0x00, 0x00, 0xc4, 0x28, 0x00, 0x00, 0x98, 0x28, 0x00, 0x00,
  0x84, 0x28, 0x00, 0x00, 0xb4, 0x26, 0x00, 0x00, 0xa4, 0x16, 0x00, 0x00,
  0x94, 0x0d, 0x00, 0x00, 0x84, 0x0c, 0x00, 0x00, 0x70, 0x0c, 0x00, 0x00,
  0x54, 0x0c, 0x00, 0x00, 0x4c, 0x0c, 0x00, 0x00, 0x44, 0x0c, 0x00, 0x00,
  0x3c, 0x0c, 0x00, 0x00, 0x34, 0x0c, 0x00, 0x00, 0x2c, 0x0c, 0x00, 0x00,
  0x24, 0x0c, 0x00, 0x00, 0x1c, 0x0c, 0x00, 0x00, 0x14, 0x0c, 0x00, 0x00,
  0x0c, 0x0c, 0x00, 0x00, 0x04, 0x0c, 0x00, 0x00, 0xfc, 0x0b, 0x00, 0x00,
  0xf4, 0x0b, 0x00, 0x00, 0xec, 0x0b, 0x00, 0x00, 0xe4, 0x0b, 0x00, 0x00,
  0xdc, 0x0b, 0x00, 0x00, 0xd4, 0x0b, 0x00, 0x00, 0xcc, 0x0b, 0x00, 0x00,
  0xc4, 0x0b, 0x00, 0x00, 0xbc, 0x0b, 0x00, 0x00, 0xb4, 0x0b, 0x00, 0x00,
  0xac, 0x0b, 0x00, 0x00, 0xa4, 0x0b, 0x00, 0x00, 0x9c, 0x0b, 0x00, 0x00,
  0x94, 0x0b, 0x00, 0x00, 0x8c, 0x0b, 0x00, 0x00, 0x84, 0x0b, 0x00, 0x00,
  0x7c, 0x0b, 0x00, 0x00, 0x74, 0x0b, 0x00, 0x00, 0x6c, 0x0b, 0x00, 0x00,
  0x64, 0x0b, 0x00, 0x00, 0x5c, 0x0b, 0x00, 0x00, 0x54, 0x0b, 0x00, 0x00,
  0x4c, 0x0b, 0x00, 0x00, 0x44, 0x0b, 0x00, 0x00, 0x3c, 0x0b, 0x00, 0x00,
  0x34, 0x0b, 0x00, 0x00, 0x2c, 0x0b, 0x00, 0x00, 0x24, 0x0b, 0x00, 0x00,
  0x1c, 0x0b, 0x00, 0x00, 0x14, 0x0b, 0x00, 0x00, 0x0c, 0x0b, 0x00, 0x00,
  0x04, 0x0b, 0x00, 0x00, 0xfc, 0x0a, 0x00, 0x00, 0xf4, 0x0a, 0x00, 0x00,
  0xec, 0x0a, 0x00, 0x00, 0xe4, 0x0a, 0x00, 0x00, 0xdc, 0x0a, 0x00, 0x00,
  0xd4, 0x0a, 0x00, 0x00, 0xcc, 0x0a, 0x00, 0x00, 0xc4, 0x0a, 0x00, 0x00,
  0xbc, 0x0a, 0x00, 0x00, 0xb4, 0x0a, 0x00, 0x00, 0xac, 0x0a, 0x00, 0x00,
  0xa4, 0x0a, 0x00, 0x00, 0x9c, 0x0a, 0x00, 0x00, 0x94, 0x0a, 0x00, 0x00,
  0x8c, 0x0a, 0x00, 0x00, 0x84, 0x0a, 0x00, 0x00, 0x7c, 0x0a, 0x00, 0x00,
  0x74, 0x0a, 0x00, 0x00, 0x6c, 0x0a, 0x00, 0x00, 0x64, 0x0a, 0x00, 0x00,
  0x5c, 0x0a, 0x00, 0x00, 0x54, 0x0a, 0x00, 0x00, 0x4c, 0x0a, 0x00, 0x00,
  0x44, 0x0a, 0x00, 0x00, 0x3c, 0x0a, 0x00, 0x00, 0x34, 0x0a, 0x00, 0x00,
  0x2c, 0x0a, 0x00, 0x00, 0x24, 0x0a, 0x00, 0x00, 0x1c, 0x0a, 0x00, 0x00,
  0x14, 0x0a, 0x00, 0x00, 0x0c, 0x0a, 0x00, 0x00, 0x04, 0x0a, 0x00, 0x00,
  0xfc, 0x09, 0x00, 0x00, 0xf4, 0x09, 0x00, 0x00, 0xec, 0x09, 0x00, 0x00,
  0xe4, 0x09, 0x00, 0x00, 0xdc, 0x09, 0x00, 0x00, 0xd4, 0x09, 0x00, 0x00,
  0xcc, 0x09, 0x00, 0x00, 0xc4, 0x09, 0x00, 0x00, 0xbc, 0x09, 0x00, 0x00,
  0xb4, 0x09, 0x00, 0x00, 0xac, 0x09, 0x00, 0x00, 0xa4, 0x09, 0x00, 0x00,
  0x9c, 0x09, 0x00, 0x00, 0x94, 0x09, 0x00, 0x00, 0x8c, 0x09, 0x00, 0x00,
  0x84, 0x09, 0x00, 0x00, 0x7c, 0x09, 0x00, 0x00, 0x74, 0x09, 0x00, 0x00,
  0x6c, 0x09, 0x00, 0x00, 0x64, 0x09, 0x00, 0x00, 0x5c, 0x09, 0x00, 0x00,
  0x54, 0x09, 0x00, 0x00, 0x4c, 0x09, 0x00, 0x00, 0x44, 0x09, 0x00, 0x00,
  0x3c, 0x09, 0x00, 0x00, 0x34, 0x09, 0x00, 0x00, 0x2c, 0x09, 0x00, 0x00,
  0x24, 0x09, 0x00, 0x00, 0x1c, 0x09, 0x00, 0x00, 0x14, 0x09, 0x00, 0x00,
  0x0c, 0x09, 0x00, 0x00, 0x04, 0x09, 0x00, 0x00, 0xfc, 0x08, 0x00, 0x00,
  0xf4, 0x08, 0x00, 0x00, 0xec, 0x08, 0x00, 0x00, 0xe4, 0x08, 0x00, 0x00,
  0xdc, 0x08, 0x00, 0x00, 0xd4, 0x08, 0x00, 0x00, 0xcc, 0x08, 0x00, 0x00,
  0xc4, 0x08, 0x00, 0x00, 0xbc, 0x08, 0x00, 0x00, 0xb4, 0x08, 0x00, 0x00,
  0xac, 0x08, 0x00, 0x00, 0xa4, 0x08, 0x00, 0x00, 0x9c, 0x08, 0x00, 0x00,
  0x94, 0x08, 0x00, 0x00, 0x8c, 0x08, 0x00, 0x00, 0x84, 0x08, 0x00, 0x00,
  0x7c, 0x08, 0x00, 0x00, 0x74, 0x08, 0x00, 0x00, 0x6c, 0x08, 0x00, 0x00,
  0x64, 0x08, 0x00, 0x00, 0x5c, 0x08, 0x00, 0x00, 0x54, 0x08, 0x00, 0x00,
  0x4c, 0x08, 0x00, 0x00, 0x44, 0x08, 0x00, 0x00, 0x3c, 0x08, 0x00, 0x00,
  0x34, 0x08, 0x00, 0x00, 0x2c, 0x08, 0x00, 0x00, 0x24, 0x08, 0x00, 0x00,
  0x1c, 0x08, 0x00, 0x00, 0x14, 0x08, 0x00, 0x00, 0x0c, 0x08, 0x00, 0x00,
  0x04, 0x08, 0x00, 0x00, 0xfc, 0x07, 0x00, 0x00, 0xf4, 0x07, 0x00, 0x00,
  0xec, 0x07, 0x00, 0x00, 0xe4, 0x07, 0x00, 0x00, 0xdc, 0x07, 0x00, 0x00,
  0xd4, 0x07, 0x00, 0x00, 0xcc, 0x07, 0x00, 0x00, 0xc4, 0x07, 0x00, 0x00,
  0xbc, 0x07, 0x00, 0x00, 0xb4, 0x07, 0x00, 0x00, 0xac, 0x07, 0x00, 0x00,
  0xa4, 0x07, 0x00, 0x00, 0x9c, 0x07, 0x00, 0x00, 0x94, 0x07, 0x00, 0x00,
  0x8c, 0x07, 0x00, 0x00, 0x84, 0x07, 0x00, 0x00, 0x7c, 0x07, 0x00, 0x00,
  0x74, 0x07, 0x00, 0x00, 0x6c, 0x07, 0x00, 0x00, 0x64, 0x07, 0x00, 0x00,
  0x5c, 0x07, 0x00, 0x00, 0x54, 0x07, 0x00, 0x00, 0x4c, 0x07, 0x00, 0x00,
  0x44, 0x07, 0x00, 0x00, 0x3c, 0x07, 0x00, 0x00, 0x34, 0x07, 0x00, 0x00,
  0x2c, 0x07, 0x00, 0x00, 0x24, 0x07, 0x00, 0x00, 0x1c, 0x07, 0x00, 0x00,
  0x14, 0x07, 0x00, 0x00, 0x0c, 0x07, 0x00, 0x00, 0x04, 0x07, 0x00, 0x00,
  0xfc, 0x06, 0x00, 0x00, 0xf4, 0x06, 0x00, 0x00, 0xec, 0x06, 0x00, 0x00,
  0xe4, 0x06, 0x00, 0x00, 0xdc, 0x06, 0x00, 0x00, 0xd4, 0x06, 0x00, 0x00,
  0xcc, 0x06, 0x00, 0x00, 0xc4, 0x06, 0x00, 0x00, 0xbc, 0x06, 0x00, 0x00,
  0xb4, 0x06, 0x00, 0x00, 0xac, 0x06, 0x00, 0x00, 0xa4, 0x06, 0x00, 0x00,
  0x9c, 0x06, 0x00, 0x00, 0x94, 0x06, 0x00, 0x00, 0x8c, 0x06, 0x00, 0x00,
  0x84, 0x06, 0x00, 0x00, 0x7c, 0x06, 0x00, 0x00, 0x74, 0x06, 0x00, 0x00,
  0x6c, 0x06, 0x00, 0x00, 0x64, 0x06, 0x00, 0x00, 0x5c, 0x06, 0x00, 0x00,
  0x54, 0x06, 0x00, 0x00, 0x4c, 0x06, 0x00, 0x00, 0x44, 0x06, 0x00, 0x00,
  0x3c, 0x06, 0x00, 0x00, 0x34, 0x06, 0x00, 0x00, 0x2c, 0x06, 0x00, 0x00,
  0x24, 0x06, 0x00, 0x00, 0x1c, 0x06, 0x00, 0x00, 0x14, 0x06, 0x00, 0x00,
  0x0c, 0x06, 0x00, 0x00, 0x04, 0x06, 0x00, 0x00, 0xfc, 0x05, 0x00, 0x00,
  0xf4, 0x05, 0x00, 0x00, 0xec, 0x05, 0x00, 0x00, 0xe4, 0x05, 0x00, 0x00,
  0xdc, 0x05, 0x00, 0x00, 0xd4, 0x05, 0x00, 0x00, 0xcc, 0x05, 0x00, 0x00,
  0xc4, 0x05, 0x00, 0x00, 0xbc, 0x05, 0x00, 0x00, 0xb4, 0x05, 0x00, 0x00,
  0xac, 0x05, 0x00, 0x00, 0xa4, 0x05, 0x00, 0x00, 0x9c, 0x05, 0x00, 0x00,
  0x94, 0x05, 0x00, 0x00, 0x8c, 0x05, 0x00, 0x00, 0x84, 0x05, 0x00, 0x00,
  0x7c, 0x05, 0x00, 0x00, 0x74, 0x05, 0x00, 0x00, 0x6c, 0x05, 0x00, 0x00,
  0x64, 0x05, 0x00, 0x00, 0x5c, 0x05, 0x00, 0x00, 0x54, 0x05, 0x00, 0x00,
  0x4c, 0x05, 0x00, 0x00, 0x44, 0x05, 0x00, 0x00, 0x3c, 0x05, 0x00, 0x00,
  0x34, 0x05, 0x00, 0x00, 0x2c, 0x05, 0x00, 0x00, 0x24, 0x05, 0x00, 0x00,
  0x1c, 0x05, 0x00, 0x00, 0x14, 0x05, 0x00, 0x00, 0x0c, 0x05, 0x00, 0x00,
  0x04, 0x05, 0x00, 0x00, 0xfc, 0x04, 0x00, 0x00, 0xf4, 0x04, 0x00, 0x00,
  0xec, 0x04, 0x00, 0x00, 0xe4, 0x04, 0x00, 0x00, 0xdc, 0x04, 0x00, 0x00,
  0xd4, 0x04, 0x00, 0x00, 0xcc, 0x04, 0x00, 0x00, 0xc4, 0x04, 0x00, 0x00,
  0xbc, 0x04, 0x00, 0x00, 0xb4, 0x04, 0x00, 0x00, 0xac, 0x04, 0x00, 0x00,
  0xa4, 0x04, 0x00, 0x00, 0x9c, 0x04, 0x00, 0x00, 0x94, 0x04, 0x00, 0x00,
  0x8c, 0x04, 0x00, 0x00, 0x84, 0x04, 0x00, 0x00, 0x7c, 0x04, 0x00, 0x00,
  0x74, 0x04, 0x00, 0x00, 0x6c, 0x04, 0x00, 0x00, 0x64, 0x04, 0x00, 0x00,
  0x5c, 0x04, 0x00, 0x00, 0x54, 0x04, 0x00, 0x00, 0x4c, 0x04, 0x00, 0x00,
  0x44, 0x04, 0x00, 0x00, 0x3c, 0x04, 0x00, 0x00, 0x34, 0x04, 0x00, 0x00,
  0x2c, 0x04, 0x00, 0x00, 0x24, 0x04, 0x00, 0x00, 0x1c, 0x04, 0x00, 0x00,
  0x14, 0x04, 0x00, 0x00, 0x0c, 0x04, 0x00, 0x00, 0x04, 0x04, 0x00, 0x00,
  0xfc, 0x03, 0x00, 0x00, 0xf4, 0x03, 0x00, 0x00, 0xec, 0x03, 0x00, 0x00,
  0xe4, 0x03, 0x00, 0x00, 0xdc, 0x03, 0x00, 0x00, 0xd4, 0x03, 0x00, 0x00,
  0xcc, 0x03, 0x00, 0x00, 0xc4, 0x03, 0x00, 0x00, 0xbc, 0x03, 0x00, 0x00,
  0xb4, 0x03, 0x00, 0x00, 0xac, 0x03, 0x00, 0x00, 0xa4, 0x03, 0x00, 0x00,
  0x9c, 0x03, 0x00, 0x00, 0x94, 0x03, 0x00, 0x00, 0x8c, 0x03, 0x00, 0x00,
  0x84, 0x03, 0x00, 0x00, 0x7c, 0x03, 0x00, 0x00, 0x74, 0x03, 0x00, 0x00,
  0x6c, 0x03, 0x00, 0x00, 0x64, 0x03, 0x00, 0x00, 0x5c, 0x03, 0x00, 0x00,
  0x54, 0x03, 0x00, 0x00, 0x4c, 0x03, 0x00, 0x00, 0x44, 0x03, 0x00, 0x00,
  0x3c, 0x03, 0x00, 0x00, 0x34, 0x03, 0x00, 0x00, 0x2c, 0x03, 0x00, 0x00,
  0x24, 0x03, 0x00, 0x00, 0x1c, 0x03, 0x00, 0x00, 0x14, 0x03, 0x00, 0x00,
  0x0c, 0x03, 0x00, 0x00, 0x04, 0x03, 0x00, 0x00, 0xfc, 0x02, 0x00, 0x00,
  0xf4, 0x02, 0x00, 0x00, 0xec, 0x02, 0x00, 0x00, 0xe4, 0x02, 0x00, 0x00,
  0xdc, 0x02, 0x00, 0x00, 0xd4, 0x02, 0x00, 0x00, 0xcc, 0x02, 0x00, 0x00,
  0xc4, 0x02, 0x00, 0x00, 0xbc, 0x02, 0x00, 0x00, 0xb4, 0x02, 0x00, 0x00,
  0xac, 0x02, 0x00, 0x00, 0xa4, 0x02, 0x00, 0x00, 0x9c, 0x02, 0x00, 0x00,
  0x94, 0x02, 0x00, 0x00, 0x8c, 0x02, 0x00, 0x00, 0x84, 0x02, 0x00, 0x00,
  0x7c, 0x02, 0x00, 0x00, 0x74, 0x02, 0x00, 0x00, 0x6c, 0x02, 0x00, 0x00,
  0x64, 0x02, 0x00, 0x00, 0x5c, 0x02, 0x00, 0x00, 0x54, 0x02, 0x00, 0x00,
  0x4c, 0x02, 0x00, 0x00, 0x44, 0x02, 0x00, 0x00, 0x3c, 0x02, 0x00, 0x00,
  0x34, 0x02, 0x00, 0x00, 0x2c, 0x02, 0x00, 0x00, 0x24, 0x02, 0x00, 0x00,
  0x1c, 0x02, 0x00, 0x00, 0x14, 0x02, 0x00, 0x00, 0x0c, 0x02, 0x00, 0x00,
  0x04, 0x02, 0x00, 0x00, 0xfc, 0x01, 0x00, 0x00, 0xf4, 0x01, 0x00, 0x00,
  0xec, 0x01, 0x00, 0x00, 0xe4, 0x01, 0x00, 0x00, 0xdc, 0x01, 0x00, 0x00,
  0xd4, 0x01, 0x00, 0x00, 0xcc, 0x01, 0x00, 0x00, 0xc4, 0x01, 0x00, 0x00,
  0xbc, 0x01, 0x00, 0x00, 0xb4, 0x01, 0x00, 0x00, 0xac, 0x01, 0x00, 0x00,
  0xa4, 0x01, 0x00, 0x00, 0x9c, 0x01, 0x00, 0x00, 0x94, 0x01, 0x00, 0x00,
  0x8c, 0x01, 0x00, 0x00, 0x84, 0x01, 0x00, 0x00, 0x7c, 0x01, 0x00, 0x00,
  0x74, 0x01, 0x00, 0x00, 0x6c, 0x01, 0x00, 0x00, 0x64, 0x01, 0x00, 0x00,
  0x5c, 0x01, 0x00, 0x00, 0x54, 0x01, 0x00, 0x00, 0x4c, 0x01, 0x00, 0x00,
  0x44, 0x01, 0x00, 0x00, 0x3c, 0x01, 0x00, 0x00, 0x34, 0x01, 0x00, 0x00,
  0x2c, 0x01, 0x00, 0x00, 0x24, 0x01, 0x00, 0x00, 0x1c, 0x01, 0x00, 0x00,
  0x14, 0x01, 0x00, 0x00, 0x0c, 0x01, 0x00, 0x00, 0x04, 0x01, 0x00, 0x00,
  0xfc, 0x00, 0x00, 0x00, 0xf4, 0x00, 0x00, 0x00, 0xec, 0x00, 0x00, 0x00,
  0xe4, 0x00, 0x00, 0x00, 0xdc, 0x00, 0x00, 0x00, 0xd4, 0x00, 0x00, 0x00,
  0xcc, 0x00, 0x00, 0x00, 0xc4, 0x00, 0x00, 0x00, 0xbc, 0x00, 0x00, 0x00,
  0xb4, 0x00, 0x00, 0x00, 0xac, 0x00, 0x00, 0x00, 0xa4, 0x00, 0x00, 0x00,
  0x9c, 0x00, 0x00, 0x00, 0x94, 0x00, 0x00, 0x00, 0x74, 0x00, 0x00, 0x00,
  0x04, 0x00, 0x00, 0x00, 0x32, 0xa6, 0xff, 0xff, 0x04, 0x00, 0x00, 0x00,
  0x60, 0x00, 0x00, 0x00, 0x10, 0x00, 0x00, 0x00, 0x00, 0x00, 0x00, 0x00,
  0x08, 0x00, 0x0e, 0x00, 0x08, 0x00, 0x04, 0x00, 0x08, 0x00, 0x00, 0x00,
  0x10, 0x00, 0x00, 0x00, 0x24, 0x00, 0x00, 0x00, 0x00, 0x00, 0x06, 0x00,
  0x08, 0x00, 0x04, 0x00, 0x06, 0x00, 0x00, 0x00, 0x04, 0x00, 0x00, 0x00,
  0x00, 0x00, 0x00, 0x00, 0x0c, 0x00, 0x18, 0x00, 0x14, 0x00, 0x10, 0x00,
  0x0c, 0x00, 0x04, 0x00, 0x0c, 0x00, 0x00, 0x00, 0x97, 0x0c, 0xdc, 0x4a,
  0xa9, 0x67, 0xbb, 0x4d, 0x02, 0x00, 0x00, 0x00, 0x02, 0x00, 0x00, 0x00,
  0x04, 0x00, 0x00, 0x00, 0x06, 0x00, 0x00, 0x00, 0x32, 0x2e, 0x32, 0x31,
  0x2e, 0x30, 0x00, 0x00, 0x9e, 0xa6, 0xff, 0xff, 0x04, 0x00, 0x00, 0x00,
  0x10, 0x00, 0x00, 0x00, 0x31, 0x2e, 0x31, 0x34, 0x2e, 0x30, 0x00, 0x00,
  0x00, 0x00, 0x00, 0x00, 0x00, 0x00, 0x00, 0x00, 0x3c, 0x17, 0xff, 0xff,
  0x40, 0x17, 0xff, 0xff, 0x44, 0x17, 0xff, 0xff, 0x48, 0x17, 0xff, 0xff,
  0x4c, 0x17, 0xff, 0xff, 0x50, 0x17, 0xff, 0xff, 0x54, 0x17, 0xff, 0xff,
  0x58, 0x17, 0xff, 0xff, 0x5c, 0x17, 0xff, 0xff, 0x60, 0x17, 0xff, 0xff,
  0x64, 0x17, 0xff, 0xff, 0x68, 0x17, 0xff, 0xff, 0x6c, 0x17, 0xff, 0xff,
  0x70, 0x17, 0xff, 0xff, 0x74, 0x17, 0xff, 0xff, 0x78, 0x17, 0xff, 0xff,
  0x7c, 0x17, 0xff, 0xff, 0x80, 0x17, 0xff, 0xff, 0x84, 0x17, 0xff, 0xff,
  0x88, 0x17, 0xff, 0xff, 0x8c, 0x17, 0xff, 0xff, 0x90, 0x17, 0xff, 0xff,
  0x94, 0x17, 0xff, 0xff, 0x98, 0x17, 0xff, 0xff, 0x9c, 0x17, 0xff, 0xff,
  0xa0, 0x17, 0xff, 0xff, 0xa4, 0x17, 0xff, 0xff, 0xa8, 0x17, 0xff, 0xff,
  0xac, 0x17, 0xff, 0xff, 0xb0, 0x17, 0xff, 0xff, 0xb4, 0x17, 0xff, 0xff,
  0xb8, 0x17, 0xff, 0xff, 0xbc, 0x17, 0xff, 0xff, 0xc0, 0x17, 0xff, 0xff,
  0xc4, 0x17, 0xff, 0xff, 0xc8, 0x17, 0xff, 0xff, 0xcc, 0x17, 0xff, 0xff,
  0xd0, 0x17, 0xff, 0xff, 0xd4, 0x17, 0xff, 0xff, 0xd8, 0x17, 0xff, 0xff,
  0xdc, 0x17, 0xff, 0xff, 0xe0, 0x17, 0xff, 0xff, 0xe4, 0x17, 0xff, 0xff,
  0xe8, 0x17, 0xff, 0xff, 0xec, 0x17, 0xff, 0xff, 0xf0, 0x17, 0xff, 0xff,
  0xf4, 0x17, 0xff, 0xff, 0xf8, 0x17, 0xff, 0xff, 0xfc, 0x17, 0xff, 0xff,
  0x00, 0x18, 0xff, 0xff, 0x04, 0x18, 0xff, 0xff, 0x08, 0x18, 0xff, 0xff,
  0x0c, 0x18, 0xff, 0xff, 0x10, 0x18, 0xff, 0xff, 0x14, 0x18, 0xff, 0xff,
  0x18, 0x18, 0xff, 0xff, 0x1c, 0x18, 0xff, 0xff, 0x20, 0x18, 0xff, 0xff,
  0x24, 0x18, 0xff, 0xff, 0x28, 0x18, 0xff, 0xff, 0x2c, 0x18, 0xff, 0xff,
  0x30, 0x18, 0xff, 0xff, 0x34, 0x18, 0xff, 0xff, 0x38, 0x18, 0xff, 0xff,
  0x3c, 0x18, 0xff, 0xff, 0x40, 0x18, 0xff, 0xff, 0x44, 0x18, 0xff, 0xff,
  0x48, 0x18, 0xff, 0xff, 0x4c, 0x18, 0xff, 0xff, 0x50, 0x18, 0xff, 0xff,
  0x54, 0x18, 0xff, 0xff, 0x58, 0x18, 0xff, 0xff, 0x5c, 0x18, 0xff, 0xff,
  0x60, 0x18, 0xff, 0xff, 0x64, 0x18, 0xff, 0xff, 0x68, 0x18, 0xff, 0xff,
  0x6c, 0x18, 0xff, 0xff, 0x70, 0x18, 0xff, 0xff, 0x74, 0x18, 0xff, 0xff,
  0x78, 0x18, 0xff, 0xff, 0x7c, 0x18, 0xff, 0xff, 0x80, 0x18, 0xff, 0xff,
  0x84, 0x18, 0xff, 0xff, 0x88, 0x18, 0xff, 0xff, 0x8c, 0x18, 0xff, 0xff,
  0x90, 0x18, 0xff, 0xff, 0x94, 0x18, 0xff, 0xff, 0x98, 0x18, 0xff, 0xff,
  0x9c, 0x18, 0xff, 0xff, 0xa0, 0x18, 0xff, 0xff, 0xa4, 0x18, 0xff, 0xff,
  0xa8, 0x18, 0xff, 0xff, 0xac, 0x18, 0xff, 0xff, 0xb0, 0x18, 0xff, 0xff,
  0xb4, 0x18, 0xff, 0xff, 0xb8, 0x18, 0xff, 0xff, 0xbc, 0x18, 0xff, 0xff,
  0xc0, 0x18, 0xff, 0xff, 0xc4, 0x18, 0xff, 0xff, 0xc8, 0x18, 0xff, 0xff,
  0xcc, 0x18, 0xff, 0xff, 0xd0, 0x18, 0xff, 0xff, 0xd4, 0x18, 0xff, 0xff,
  0xd8, 0x18, 0xff, 0xff, 0xdc, 0x18, 0xff, 0xff, 0xe0, 0x18, 0xff, 0xff,
  0xe4, 0x18, 0xff, 0xff, 0xe8, 0x18, 0xff, 0xff, 0xec, 0x18, 0xff, 0xff,
  0xf0, 0x18, 0xff, 0xff, 0xf4, 0x18, 0xff, 0xff, 0xf8, 0x18, 0xff, 0xff,
  0xfc, 0x18, 0xff, 0xff, 0x00, 0x19, 0xff, 0xff, 0x04, 0x19, 0xff, 0xff,
  0x08, 0x19, 0xff, 0xff, 0x0c, 0x19, 0xff, 0xff, 0x10, 0x19, 0xff, 0xff,
  0x14, 0x19, 0xff, 0xff, 0x18, 0x19, 0xff, 0xff, 0x1c, 0x19, 0xff, 0xff,
  0x20, 0x19, 0xff, 0xff, 0x24, 0x19, 0xff, 0xff, 0x28, 0x19, 0xff, 0xff,
  0x2c, 0x19, 0xff, 0xff, 0x30, 0x19, 0xff, 0xff, 0x34, 0x19, 0xff, 0xff,
  0x38, 0x19, 0xff, 0xff, 0x3c, 0x19, 0xff, 0xff, 0x40, 0x19, 0xff, 0xff,
  0x44, 0x19, 0xff, 0xff, 0x48, 0x19, 0xff, 0xff, 0x4c, 0x19, 0xff, 0xff,
  0x50, 0x19, 0xff, 0xff, 0x54, 0x19, 0xff, 0xff, 0x58, 0x19, 0xff, 0xff,
  0x5c, 0x19, 0xff, 0xff, 0x60, 0x19, 0xff, 0xff, 0x64, 0x19, 0xff, 0xff,
  0x68, 0x19, 0xff, 0xff, 0x6c, 0x19, 0xff, 0xff, 0x70, 0x19, 0xff, 0xff,
  0x74, 0x19, 0xff, 0xff, 0x78, 0x19, 0xff, 0xff, 0x7c, 0x19, 0xff, 0xff,
  0x80, 0x19, 0xff, 0xff, 0x84, 0x19, 0xff, 0xff, 0x88, 0x19, 0xff, 0xff,
  0x8c, 0x19, 0xff, 0xff, 0x90, 0x19, 0xff, 0xff, 0x94, 0x19, 0xff, 0xff,
  0x98, 0x19, 0xff, 0xff, 0x9c, 0x19, 0xff, 0xff, 0xa0, 0x19, 0xff, 0xff,
  0xa4, 0x19, 0xff, 0xff, 0xa8, 0x19, 0xff, 0xff, 0xac, 0x19, 0xff, 0xff,
  0xb0, 0x19, 0xff, 0xff, 0xb4, 0x19, 0xff, 0xff, 0xb8, 0x19, 0xff, 0xff,
  0xbc, 0x19, 0xff, 0xff, 0xc0, 0x19, 0xff, 0xff, 0xc4, 0x19, 0xff, 0xff,
  0xc8, 0x19, 0xff, 0xff, 0xcc, 0x19, 0xff, 0xff, 0xd0, 0x19, 0xff, 0xff,
  0xd4, 0x19, 0xff, 0xff, 0xd8, 0x19, 0xff, 0xff, 0xdc, 0x19, 0xff, 0xff,
  0xe0, 0x19, 0xff, 0xff, 0xe4, 0x19, 0xff, 0xff, 0xe8, 0x19, 0xff, 0xff,
  0xec, 0x19, 0xff, 0xff, 0xf0, 0x19, 0xff, 0xff, 0xf4, 0x19, 0xff, 0xff,
  0xf8, 0x19, 0xff, 0xff, 0xfc, 0x19, 0xff, 0xff, 0x00, 0x1a, 0xff, 0xff,
  0x04, 0x1a, 0xff, 0xff, 0x08, 0x1a, 0xff, 0xff, 0x0c, 0x1a, 0xff, 0xff,
  0x10, 0x1a, 0xff, 0xff, 0x14, 0x1a, 0xff, 0xff, 0x18, 0x1a, 0xff, 0xff,
  0x1c, 0x1a, 0xff, 0xff, 0x20, 0x1a, 0xff, 0xff, 0x24, 0x1a, 0xff, 0xff,
  0x28, 0x1a, 0xff, 0xff, 0x2c, 0x1a, 0xff, 0xff, 0x30, 0x1a, 0xff, 0xff,
  0x34, 0x1a, 0xff, 0xff, 0x38, 0x1a, 0xff, 0xff, 0x3c, 0x1a, 0xff, 0xff,
  0x40, 0x1a, 0xff, 0xff, 0x44, 0x1a, 0xff, 0xff, 0x48, 0x1a, 0xff, 0xff,
  0x4c, 0x1a, 0xff, 0xff, 0x50, 0x1a, 0xff, 0xff, 0x54, 0x1a, 0xff, 0xff,
  0x58, 0x1a, 0xff, 0xff, 0x5c, 0x1a, 0xff, 0xff, 0x60, 0x1a, 0xff, 0xff,
  0x64, 0x1a, 0xff, 0xff, 0x68, 0x1a, 0xff, 0xff, 0x6c, 0x1a, 0xff, 0xff,
  0x70, 0x1a, 0xff, 0xff, 0x74, 0x1a, 0xff, 0xff, 0x78, 0x1a, 0xff, 0xff,
  0x7c, 0x1a, 0xff, 0xff, 0x80, 0x1a, 0xff, 0xff, 0x84, 0x1a, 0xff, 0xff,
  0x88, 0x1a, 0xff, 0xff, 0x8c, 0x1a, 0xff, 0xff, 0x90, 0x1a, 0xff, 0xff,
  0x94, 0x1a, 0xff, 0xff, 0x98, 0x1a, 0xff, 0xff, 0x9c, 0x1a, 0xff, 0xff,
  0xa0, 0x1a, 0xff, 0xff, 0xa4, 0x1a, 0xff, 0xff, 0xa8, 0x1a, 0xff, 0xff,
  0xac, 0x1a, 0xff, 0xff, 0xb0, 0x1a, 0xff, 0xff, 0xb4, 0x1a, 0xff, 0xff,
  0xb8, 0x1a, 0xff, 0xff, 0xbc, 0x1a, 0xff, 0xff, 0xc0, 0x1a, 0xff, 0xff,
  0xc4, 0x1a, 0xff, 0xff, 0xc8, 0x1a, 0xff, 0xff, 0xcc, 0x1a, 0xff, 0xff,
  0xd0, 0x1a, 0xff, 0xff, 0xd4, 0x1a, 0xff, 0xff, 0xd8, 0x1a, 0xff, 0xff,
  0xdc, 0x1a, 0xff, 0xff, 0xe0, 0x1a, 0xff, 0xff, 0xe4, 0x1a, 0xff, 0xff,
  0xe8, 0x1a, 0xff, 0xff, 0xec, 0x1a, 0xff, 0xff, 0xf0, 0x1a, 0xff, 0xff,
  0xf4, 0x1a, 0xff, 0xff, 0xf8, 0x1a, 0xff, 0xff, 0xfc, 0x1a, 0xff, 0xff,
  0x00, 0x1b, 0xff, 0xff, 0x04, 0x1b, 0xff, 0xff, 0x08, 0x1b, 0xff, 0xff,
  0x0c, 0x1b, 0xff, 0xff, 0x10, 0x1b, 0xff, 0xff, 0x14, 0x1b, 0xff, 0xff,
  0x18, 0x1b, 0xff, 0xff, 0x1c, 0x1b, 0xff, 0xff, 0x20, 0x1b, 0xff, 0xff,
  0x24, 0x1b, 0xff, 0xff, 0x28, 0x1b, 0xff, 0xff, 0x2c, 0x1b, 0xff, 0xff,
  0x30, 0x1b, 0xff, 0xff, 0x34, 0x1b, 0xff, 0xff, 0x38, 0x1b, 0xff, 0xff,
  0x3c, 0x1b, 0xff, 0xff, 0x40, 0x1b, 0xff, 0xff, 0x44, 0x1b, 0xff, 0xff,
  0x48, 0x1b, 0xff, 0xff, 0x4c, 0x1b, 0xff, 0xff, 0x50, 0x1b, 0xff, 0xff,
  0x54, 0x1b, 0xff, 0xff, 0x58, 0x1b, 0xff, 0xff, 0x5c, 0x1b, 0xff, 0xff,
  0x60, 0x1b, 0xff, 0xff, 0x64, 0x1b, 0xff, 0xff, 0x68, 0x1b, 0xff, 0xff,
  0x6c, 0x1b, 0xff, 0xff, 0x70, 0x1b, 0xff, 0xff, 0x74, 0x1b, 0xff, 0xff,
  0x78, 0x1b, 0xff, 0xff, 0x7c, 0x1b, 0xff, 0xff, 0x80, 0x1b, 0xff, 0xff,
  0x84, 0x1b, 0xff, 0xff, 0x88, 0x1b, 0xff, 0xff, 0x8c, 0x1b, 0xff, 0xff,
  0x90, 0x1b, 0xff, 0xff, 0x94, 0x1b, 0xff, 0xff, 0x98, 0x1b, 0xff, 0xff,
  0x9c, 0x1b, 0xff, 0xff, 0xa0, 0x1b, 0xff, 0xff, 0xa4, 0x1b, 0xff, 0xff,
  0xa8, 0x1b, 0xff, 0xff, 0xac, 0x1b, 0xff, 0xff, 0xb0, 0x1b, 0xff, 0xff,
  0xb4, 0x1b, 0xff, 0xff, 0xb8, 0x1b, 0xff, 0xff, 0xbc, 0x1b, 0xff, 0xff,
  0xc0, 0x1b, 0xff, 0xff, 0xc4, 0x1b, 0xff, 0xff, 0xc8, 0x1b, 0xff, 0xff,
  0xcc, 0x1b, 0xff, 0xff, 0xd0, 0x1b, 0xff, 0xff, 0xd4, 0x1b, 0xff, 0xff,
  0xd8, 0x1b, 0xff, 0xff, 0xdc, 0x1b, 0xff, 0xff, 0xe0, 0x1b, 0xff, 0xff,
  0xe4, 0x1b, 0xff, 0xff, 0xe8, 0x1b, 0xff, 0xff, 0xec, 0x1b, 0xff, 0xff,
  0xf0, 0x1b, 0xff, 0xff, 0xf4, 0x1b, 0xff, 0xff, 0xf8, 0x1b, 0xff, 0xff,
  0xfc, 0x1b, 0xff, 0xff, 0x00, 0x1c, 0xff, 0xff, 0x04, 0x1c, 0xff, 0xff,
  0x08, 0x1c, 0xff, 0xff, 0x0c, 0x1c, 0xff, 0xff, 0x10, 0x1c, 0xff, 0xff,
  0x14, 0x1c, 0xff, 0xff, 0x18, 0x1c, 0xff, 0xff, 0x1c, 0x1c, 0xff, 0xff,
  0x20, 0x1c, 0xff, 0xff, 0x24, 0x1c, 0xff, 0xff, 0x28, 0x1c, 0xff, 0xff,
  0x2c, 0x1c, 0xff, 0xff, 0x30, 0x1c, 0xff, 0xff, 0x34, 0x1c, 0xff, 0xff,
  0x38, 0x1c, 0xff, 0xff, 0x3c, 0x1c, 0xff, 0xff, 0x40, 0x1c, 0xff, 0xff,
  0x44, 0x1c, 0xff, 0xff, 0x48, 0x1c, 0xff, 0xff, 0x4c, 0x1c, 0xff, 0xff,
  0x50, 0x1c, 0xff, 0xff, 0x54, 0x1c, 0xff, 0xff, 0x58, 0x1c, 0xff, 0xff,
  0x5c, 0x1c, 0xff, 0xff, 0x60, 0x1c, 0xff, 0xff, 0x64, 0x1c, 0xff, 0xff,
  0x68, 0x1c, 0xff, 0xff, 0x6c, 0x1c, 0xff, 0xff, 0x70, 0x1c, 0xff, 0xff,
  0x74, 0x1c, 0xff, 0xff, 0x78, 0x1c, 0xff, 0xff, 0x7c, 0x1c, 0xff, 0xff,
  0x80, 0x1c, 0xff, 0xff, 0x84, 0x1c, 0xff, 0xff, 0x88, 0x1c, 0xff, 0xff,
  0x8c, 0x1c, 0xff, 0xff, 0x90, 0x1c, 0xff, 0xff, 0x94, 0x1c, 0xff, 0xff,
  0x98, 0x1c, 0xff, 0xff, 0x9c, 0x1c, 0xff, 0xff, 0xa0, 0x1c, 0xff, 0xff,
  0xa4, 0x1c, 0xff, 0xff, 0xa8, 0x1c, 0xff, 0xff, 0xac, 0x1c, 0xff, 0xff,
  0xb0, 0x1c, 0xff, 0xff, 0xb4, 0x1c, 0xff, 0xff, 0xb8, 0x1c, 0xff, 0xff,
  0xbc, 0x1c, 0xff, 0xff, 0xc0, 0x1c, 0xff, 0xff, 0xc4, 0x1c, 0xff, 0xff,
  0xc8, 0x1c, 0xff, 0xff, 0xcc, 0x1c, 0xff, 0xff, 0xd0, 0x1c, 0xff, 0xff,
  0xd4, 0x1c, 0xff, 0xff, 0xd8, 0x1c, 0xff, 0xff, 0xdc, 0x1c, 0xff, 0xff,
  0xe0, 0x1c, 0xff, 0xff, 0xe4, 0x1c, 0xff, 0xff, 0xe8, 0x1c, 0xff, 0xff,
  0xec, 0x1c, 0xff, 0xff, 0xf0, 0x1c, 0xff, 0xff, 0xf4, 0x1c, 0xff, 0xff,
  0xf8, 0x1c, 0xff, 0xff, 0xfc, 0x1c, 0xff, 0xff, 0x00, 0x1d, 0xff, 0xff,
  0x04, 0x1d, 0xff, 0xff, 0x08, 0x1d, 0xff, 0xff, 0x0c, 0x1d, 0xff, 0xff,
  0x10, 0x1d, 0xff, 0xff, 0x14, 0x1d, 0xff, 0xff, 0x18, 0x1d, 0xff, 0xff,
  0x9a, 0xac, 0xff, 0xff, 0x04, 0x00, 0x00, 0x00, 0x0c, 0x00, 0x00, 0x00,
  0x14, 0x00, 0x00, 0x00, 0x01, 0x00, 0x00, 0x00, 0x09, 0x00, 0x00, 0x00,
  0xb2, 0xac, 0xff, 0xff, 0x04, 0x00, 0x00, 0x00, 0x04, 0x00, 0x00, 0x00,
  0x01, 0x00, 0x00, 0x00, 0xc2, 0xac, 0xff, 0xff, 0x04, 0x00, 0x00, 0x00,
  0x00, 0x01, 0x00, 0x00, 0x22, 0xb0, 0xc8, 0xbc, 0x9d, 0x5d, 0x2f, 0xbc,
  0xbc, 0x93, 0xb9, 0xbc, 0x22, 0xac, 0x28, 0xbd, 0xc3, 0x66, 0x9b, 0xbc,
  0x18, 0x83, 0xe8, 0xbc, 0xbc, 0x5d, 0xe9, 0xbb, 0x65, 0x5c, 0xaf, 0x3c,
  0x41, 0x8d, 0x5c, 0x3b, 0xe9, 0x40, 0x4a, 0xbd, 0x06, 0xa3, 0x5d, 0x3d,
  0x13, 0xbe, 0x21, 0x3d, 0x77, 0xec, 0x69, 0xbd, 0xb2, 0x09, 0xa7, 0x3d,
  0x9a, 0x36, 0x3c, 0xbd, 0x89, 0x20, 0x9b, 0x3c, 0xbe, 0x0b, 0x82, 0x3f,
  0xa2, 0x06, 0x79, 0x3f, 0x3e, 0xba, 0x79, 0x3f, 0x69, 0x9b, 0x7e, 0x3f,
  0x94, 0x3e, 0x78, 0x3f, 0x43, 0x2b, 0x88, 0x3f, 0x0a, 0x98, 0x7e, 0x3f,
  0x19, 0x94, 0x81, 0x3f, 0xd5, 0x10, 0x84, 0x3f, 0xc3, 0x90, 0x7a, 0x3f,
  0x09, 0xe1, 0x83, 0x3f, 0x60, 0xec, 0x89, 0x3f, 0x49, 0x5e, 0x81, 0x3f,
  0xe6, 0x6c, 0x7e, 0x3f, 0x39, 0xb9, 0x81, 0x3f, 0x93, 0xfb, 0x78, 0x3f,
  0x6c, 0xee, 0x31, 0x3d, 0xba, 0x88, 0x2a, 0xbd, 0x8d, 0x13, 0x18, 0xbd,
  0x5a, 0xa7, 0x92, 0x3d, 0x98, 0xf0, 0x31, 0x3d, 0xf5, 0x88, 0x7b, 0xbd,
  0x6b, 0x65, 0x82, 0xbc, 0x06, 0xcf, 0x40, 0x3d, 0x07, 0x44, 0x78, 0xbd,
  0x7a, 0xd6, 0x54, 0xbd, 0x8d, 0xc9, 0x4f, 0x3d, 0x3f, 0x4b, 0xa2, 0x3d,
  0x1c, 0x7f, 0x89, 0xbd, 0x82, 0x79, 0xa6, 0x3d, 0xce, 0xed, 0x68, 0x3d,
  0x73, 0xb2, 0xe9, 0xbc, 0x8a, 0x36, 0x07, 0x3b, 0xd1, 0xba, 0x62, 0xbd,
  0x27, 0x53, 0xe1, 0xbc, 0xfa, 0x38, 0x3a, 0x3d, 0x20, 0x2d, 0x69, 0xbd,
  0x2d, 0x15, 0x98, 0x3d, 0x1e, 0x14, 0x06, 0x3a, 0xa4, 0xc2, 0x14, 0xbd,
  0xd7, 0xb2, 0x2b, 0x3d, 0x3f, 0x66, 0xd4, 0xbc, 0xda, 0x1c, 0x85, 0x3d,
  0x48, 0x46, 0xa5, 0x3d, 0x3f, 0xd7, 0x54, 0x3d, 0xbe, 0x83, 0x6c, 0xbd,
  0x1b, 0xa0, 0x76, 0x3d, 0xfa, 0x49, 0x13, 0xbd, 0xce, 0xad, 0xff, 0xff,
  0x04, 0x00, 0x00, 0x00, 0x00, 0x09, 0x00, 0x00, 0x71, 0xbe, 0x6a, 0x3e,
  0x23, 0x17, 0x6e, 0x3e, 0xde, 0x18, 0x33, 0x3e, 0xaf, 0xf6, 0xf4, 0xbd,
  0xda, 0x93, 0x98, 0xbe, 0x58, 0x33, 0x96, 0x3c, 0xfd, 0x27, 0x27, 0xbe,
  0x25, 0x93, 0xce, 0x3b, 0x84, 0x7e, 0x60, 0xbe, 0x9e, 0x94, 0x8d, 0x3e,
  0x96, 0x4e, 0xa8, 0xbd, 0x75, 0x48, 0x3c, 0xbe, 0xd8, 0xc8, 0x17, 0xbe,
  0x8b, 0xa2, 0x77, 0x3e, 0x5d, 0xe3, 0x68, 0xbe, 0xea, 0x7e, 0x23, 0x3e,
  0x81, 0x7e, 0x38, 0x3e, 0xec, 0xd6, 0x87, 0x3e, 0xeb, 0xc1, 0xc6, 0xbd,
  0xbf, 0x36, 0x68, 0x3c, 0x87, 0x62, 0x18, 0xbe, 0xde, 0xbb, 0x49, 0x3c,
  0x14, 0x19, 0xa4, 0xbd, 0xc8, 0x47, 0x53, 0xbb, 0x3a, 0x61, 0x72, 0xbe,
  0x0e, 0x16, 0x85, 0xbe, 0xcd, 0x43, 0x55, 0xbd, 0x1f, 0xd3, 0x15, 0x3e,
  0x48, 0xa9, 0x31, 0xbe, 0x7a, 0x35, 0x94, 0xbd, 0x1b, 0x1c, 0x43, 0x3e,
  0x38, 0x51, 0x1f, 0x3e, 0xf2, 0x76, 0x18, 0xbe, 0xf2, 0x4b, 0x9d, 0x3d,
  0x32, 0xb3, 0x61, 0xbe, 0x51, 0x00, 0x7a, 0xbe, 0xfb, 0xa8, 0x52, 0x3e,
  0x5b, 0xc6, 0x0a, 0x3e, 0x55, 0xcd, 0x9d, 0x3e, 0x0c, 0xfc, 0x86, 0x3e,
  0xb1, 0xf3, 0xfa, 0xbd, 0x6f, 0x06, 0x88, 0x3e, 0xeb, 0xeb, 0x5d, 0x3d,
  0x48, 0xd8, 0x70, 0xbd, 0xac, 0xe9, 0x49, 0x3e, 0x5a, 0xcf, 0x09, 0xbe,
  0x7b, 0xae, 0x71, 0xbd, 0x9b, 0x48, 0xab, 0x3d, 0x4d, 0x10, 0x49, 0xbd,
  0xf7, 0x79, 0x6a, 0x3e, 0x4a, 0xdd, 0xee, 0xbd, 0xc2, 0xb3, 0xfa, 0x3d,
  0x05, 0x0e, 0x5e, 0x3e, 0x33, 0x47, 0x02, 0x3d, 0x2f, 0x87, 0x5a, 0xbe,
  0x97, 0x4c, 0x8b, 0xbe, 0x58, 0xf2, 0x59, 0x3e, 0x39, 0xa9, 0x33, 0x3e,
  0xac, 0x72, 0x7e, 0xbe, 0x8b, 0x27, 0x52, 0xbd, 0x95, 0xa8, 0x89, 0xbe,
  0x74, 0x83, 0x38, 0xbe, 0x82, 0x33, 0x91, 0x3e, 0x3e, 0xaf, 0x56, 0xbe,
  0x85, 0xe5, 0x82, 0xbd, 0xce, 0x48, 0xac, 0xbd, 0xcd, 0xdf, 0xfb, 0xbd,
  0x81, 0xbb, 0x1a, 0x3e, 0x33, 0x15, 0x7f, 0xbe, 0x6e, 0x81, 0x19, 0xbe,
  0xaa, 0x24, 0x81, 0xbe, 0x0e, 0x50, 0x72, 0x3e, 0x48, 0x40, 0xe0, 0x3d,
  0xad, 0x8a, 0x08, 0xbe, 0x28, 0x0b, 0x69, 0x3d, 0x82, 0x54, 0xbb, 0x3c,
  0xba, 0xba, 0x51, 0xbd, 0x55, 0x05, 0x36, 0x3d, 0x5f, 0x18, 0x5a, 0xbc,
  0x41, 0x50, 0x9f, 0x3c, 0x1c, 0xd7, 0x80, 0x39, 0xff, 0x1d, 0xac, 0x3d,
  0x92, 0xb7, 0xec, 0xbd, 0xac, 0x8e, 0xc0, 0xbd, 0xf1, 0x85, 0x86, 0xbe,
  0x66, 0xd3, 0x15, 0xbd, 0xf3, 0x6f, 0x3b, 0x3e, 0x0f, 0x75, 0x0c, 0x3e,
  0x30, 0xb5, 0xa7, 0xbd, 0xe7, 0xf9, 0x54, 0xbe, 0xec, 0xcd, 0x7c, 0x3d,
  0x32, 0x12, 0x87, 0xbd, 0x23, 0x92, 0x64, 0x3e, 0xaa, 0x29, 0xb7, 0x3d,
  0x37, 0x3f, 0xae, 0xbd, 0xc4, 0xf9, 0x6c, 0xbd, 0xb1, 0xb9, 0x3d, 0x3d,
  0xd3, 0xe6, 0xeb, 0x3d, 0xa0, 0xfe, 0x94, 0x3c, 0x0c, 0xf5, 0xc2, 0x3d,
  0xbc, 0xf5, 0xf1, 0x3d, 0x1b, 0x78, 0x4f, 0x3d, 0xb9, 0x31, 0x7b, 0xbe,
  0x02, 0x5e, 0x88, 0x3e, 0xaa, 0x41, 0xee, 0xbd, 0x98, 0xf6, 0x56, 0xbe,
  0x83, 0xf6, 0x14, 0xbe, 0xd8, 0x30, 0x9c, 0xbd, 0xb5, 0xc1, 0x19, 0x3d,
  0x57, 0xec, 0x5b, 0xbe, 0x21, 0xea, 0x44, 0xbd, 0x13, 0xe7, 0x15, 0xbe,
  0xb0, 0x59, 0x09, 0xbe, 0x43, 0x96, 0xf6, 0x3c, 0xb7, 0x9c, 0x26, 0x3e,
  0xdf, 0x25, 0x05, 0x3e, 0x4d, 0xe6, 0x12, 0xba, 0xb9, 0xe2, 0x14, 0xbe,
  0x52, 0xf8, 0x5b, 0xbe, 0x5f, 0x34, 0x3e, 0xbe, 0xe7, 0x8c, 0x70, 0x3e,
  0xcc, 0xa8, 0x93, 0xbd, 0xa8, 0x70, 0xd1, 0x3d, 0xb8, 0xa7, 0x88, 0x3e,
  0x28, 0x0a, 0x00, 0x3e, 0x54, 0xcb, 0x92, 0xbe, 0x75, 0x0a, 0x84, 0x3e,
  0x98, 0x51, 0xbe, 0xbd, 0x74, 0x69, 0x02, 0xbd, 0x5f, 0x10, 0xa7, 0xbc,
  0xaf, 0x69, 0x4c, 0x3e, 0xad, 0xc7, 0x45, 0xbd, 0xf8, 0xa1, 0x80, 0xbe,
  0xb0, 0x40, 0x55, 0x3e, 0x1f, 0xc0, 0x58, 0x3e, 0x7a, 0x6b, 0x5b, 0xbd,
  0xf3, 0x85, 0xcb, 0x3c, 0x00, 0x54, 0x4a, 0xbc, 0x4b, 0xfe, 0xd1, 0x3d,
  0x43, 0xc6, 0x34, 0x3e, 0xa5, 0xfb, 0x02, 0x3e, 0x26, 0xd1, 0x96, 0x3e,
  0x50, 0x9e, 0x87, 0x3e, 0x14, 0xda, 0x82, 0x3e, 0x47, 0x22, 0x8b, 0x3e,
  0x66, 0x6e, 0xfb, 0xbc, 0xd5, 0x98, 0x1c, 0xbe, 0xbc, 0x8b, 0xc7, 0xbd,
  0xde, 0xf0, 0x4f, 0x3e, 0x80, 0x42, 0xfd, 0x3d, 0xb3, 0xec, 0xf6, 0x3d,
  0x07, 0x4c, 0xf0, 0xbc, 0xf2, 0xc0, 0xf4, 0xbc, 0x40, 0x4f, 0x9b, 0xbd,
  0x33, 0xc1, 0x34, 0x3e, 0x22, 0xde, 0xfc, 0xbc, 0xe3, 0x28, 0x5e, 0xbe,
  0x6f, 0xd5, 0x7b, 0x3e, 0xb7, 0x90, 0x70, 0x3d, 0xf6, 0x29, 0xb7, 0x3d,
  0x56, 0x29, 0xbe, 0x3b, 0xcc, 0xe2, 0xd7, 0x3d, 0x31, 0xff, 0x3e, 0x3e,
  0xa1, 0x9f, 0x45, 0x3e, 0x9b, 0x00, 0xd8, 0x3d, 0x93, 0xcc, 0x20, 0xbb,
  0x4e, 0xbc, 0x35, 0xbe, 0x97, 0xce, 0xcf, 0xbd, 0x2d, 0x3c, 0x89, 0xbc,
  0xed, 0x4e, 0x6f, 0xbe, 0x6a, 0xd0, 0x32, 0xbe, 0xae, 0x92, 0xd3, 0xbc,
  0x1e, 0x1b, 0x94, 0x3e, 0xeb, 0x30, 0x2d, 0xbe, 0x7d, 0x5f, 0x45, 0xbe,
  0x51, 0x94, 0x3e, 0xbe, 0x1c, 0xad, 0xe8, 0x3d, 0x8d, 0x57, 0x8f, 0x3e,
  0xb9, 0x85, 0xf7, 0xbc, 0x5b, 0x90, 0x10, 0x3e, 0x6f, 0xe1, 0x5f, 0xbe,
  0x90, 0x5c, 0x1b, 0xbe, 0x48, 0xc7, 0x84, 0x3e, 0x3f, 0xf7, 0x63, 0xbe,
  0x82, 0x2f, 0x9f, 0x3d, 0xd7, 0xa4, 0x8b, 0xbe, 0x9a, 0xbe, 0x9a, 0x3e,
  0xa7, 0x48, 0x73, 0x3e, 0x39, 0xcb, 0x89, 0x3d, 0x5a, 0x8d, 0xf0, 0xbd,
  0xa6, 0x83, 0xf4, 0xbb, 0xcd, 0xa3, 0xab, 0x3d, 0xa7, 0xab, 0x1b, 0xbe,
  0xf8, 0xdc, 0x00, 0xbd, 0x92, 0x21, 0x7f, 0x3e, 0x87, 0x14, 0x7c, 0xbe,
  0x35, 0xe1, 0xad, 0xbb, 0x39, 0x48, 0x93, 0x3e, 0x9d, 0x7c, 0x83, 0x3e,
  0x08, 0x80, 0x80, 0xbe, 0x98, 0xb7, 0x9e, 0xbd, 0x35, 0x47, 0x64, 0x3e,
  0x64, 0xa1, 0xb5, 0x3d, 0x7c, 0xc4, 0x1f, 0xbe, 0xb7, 0xb4, 0x11, 0xbe,
  0xa9, 0x89, 0x2b, 0x3e, 0xd4, 0x57, 0x1e, 0x3e, 0xd4, 0x23, 0x6c, 0xbc,
  0x1f, 0x16, 0x4b, 0xbe, 0x22, 0xb4, 0x0b, 0x3e, 0xeb, 0x2c, 0x4e, 0xbe,
  0xcc, 0xdb, 0x6f, 0xbe, 0x14, 0x0f, 0x35, 0x3d, 0x34, 0x19, 0x12, 0x3c,
  0xe3, 0xfb, 0x09, 0xbe, 0xf5, 0x78, 0x4d, 0xbe, 0x90, 0xc9, 0x88, 0x3e,
  0x83, 0x94, 0x1f, 0x3e, 0x87, 0x15, 0xfc, 0x3c, 0xd8, 0xf4, 0x6b, 0xbe,
  0x37, 0xe0, 0xcf, 0xbd, 0x0a, 0x2c, 0x17, 0x3d, 0xf6, 0xe0, 0x15, 0xbe,
  0x42, 0x21, 0x46, 0xbe, 0x7f, 0x31, 0x68, 0x3e, 0x4c, 0x3d, 0x20, 0xbe,
  0x06, 0x0d, 0x88, 0xbd, 0x15, 0xc4, 0x93, 0x3e, 0x04, 0x42, 0x47, 0xbe,
  0x13, 0x38, 0x84, 0xbe, 0xb9, 0x77, 0xce, 0x3d, 0x0a, 0xde, 0x8b, 0xbe,
  0x47, 0x2f, 0x9f, 0xbe, 0xe1, 0xf7, 0x6c, 0x3d, 0xed, 0xb5, 0xfc, 0x3d,
  0x9b, 0x41, 0x93, 0x3c, 0x6e, 0xd5, 0x46, 0x3e, 0x29, 0x2f, 0x8a, 0xbe,
  0x0f, 0x60, 0x27, 0x3e, 0xab, 0x91, 0xb2, 0x3d, 0x41, 0x5e, 0x74, 0x3e,
  0x48, 0xe9, 0x7a, 0x3e, 0x17, 0xd7, 0x34, 0xbd, 0xdf, 0x97, 0xcf, 0xbd,
  0x05, 0x70, 0x5f, 0x3e, 0xe5, 0x44, 0xd0, 0xbd, 0xd6, 0x06, 0x38, 0xbe,
  0x78, 0xb8, 0x61, 0x3e, 0xe0, 0xb9, 0x11, 0xbe, 0xf0, 0x93, 0xa2, 0x3e,
  0xc3, 0x5c, 0xc1, 0x3d, 0x1e, 0x07, 0x11, 0x3d, 0x93, 0xc8, 0x94, 0x3e,
  0x1d, 0xc9, 0x53, 0xbc, 0xbc, 0xac, 0x5b, 0x3e, 0xcc, 0x57, 0x44, 0x3e,
  0x1a, 0x9d, 0x0b, 0x3e, 0xb2, 0x1b, 0xf7, 0x3d, 0x65, 0xdb, 0xb1, 0x3d,
  0x1e, 0x9a, 0x85, 0xbd, 0x19, 0x4e, 0x4d, 0x3e, 0xbd, 0x25, 0xdc, 0xbd,
  0xf6, 0x1b, 0x1f, 0x3e, 0x7f, 0x07, 0x78, 0xbe, 0xc2, 0xad, 0x1e, 0xbe,
  0xca, 0x58, 0x9f, 0xbd, 0x5e, 0x2b, 0x89, 0x3e, 0xf4, 0xab, 0x04, 0x3e,
  0x4f, 0x85, 0x86, 0xbe, 0x3a, 0x0b, 0x62, 0x3e, 0x28, 0x9a, 0x3d, 0xbe,
  0x79, 0x5c, 0x4e, 0x3e, 0x95, 0x12, 0x44, 0xbe, 0xa0, 0x2e, 0x41, 0x3e,
  0xf7, 0xd1, 0x54, 0x3e, 0xa8, 0x81, 0xd4, 0xbd, 0xe3, 0xb2, 0x47, 0x3e,
  0xf8, 0x3d, 0x0d, 0x3d, 0x74, 0x3a, 0x91, 0x3c, 0x44, 0x92, 0x89, 0x3d,
  0x84, 0x3e, 0x22, 0x3e, 0x30, 0xaf, 0x76, 0xbd, 0x83, 0x8b, 0x6f, 0x3e,
  0x84, 0x65, 0x21, 0xbe, 0x81, 0x2e, 0xe9, 0x3d, 0x5f, 0xbb, 0x90, 0xbe,
  0x10, 0xd3, 0x9d, 0xbc, 0x9c, 0x2f, 0x36, 0x3c, 0x70, 0x69, 0xc9, 0x3d,
  0x91, 0xd0, 0x8c, 0x3e, 0x68, 0xd4, 0x92, 0xbc, 0x8f, 0x68, 0x41, 0xbe,
  0x81, 0x3c, 0x1c, 0x3d, 0x2b, 0x25, 0x5d, 0xbe, 0xb7, 0x25, 0x7d, 0xbe,
  0xd4, 0x2e, 0xd2, 0xbd, 0x80, 0xd0, 0x2c, 0xbe, 0x02, 0x17, 0x51, 0x3d,
  0xf3, 0x5b, 0x0a, 0xbe, 0x19, 0x9a, 0x14, 0xbd, 0x89, 0xac, 0x3a, 0x3d,
  0x46, 0x94, 0xbe, 0x3d, 0xd2, 0x71, 0xab, 0x3c, 0xbf, 0x86, 0x92, 0x3e,
  0x77, 0xb9, 0x64, 0xbc, 0x07, 0x72, 0xc7, 0x3d, 0x96, 0x9f, 0xaa, 0x3d,
  0x32, 0xe7, 0x24, 0x3e, 0x9f, 0xe9, 0x9f, 0x3c, 0xb4, 0xb1, 0x9a, 0x3d,
  0xa4, 0x24, 0x6e, 0x3e, 0x45, 0xc0, 0xce, 0xbd, 0x55, 0xf0, 0x65, 0xbe,
  0x57, 0x88, 0x01, 0x3e, 0xaf, 0x5c, 0xf0, 0x3d, 0x9d, 0xdb, 0xa2, 0x3d,
  0x38, 0xba, 0x0c, 0xbe, 0x73, 0x04, 0x43, 0x3d, 0x6d, 0xf7, 0x2d, 0xbe,
  0xf7, 0x0d, 0x68, 0x3e, 0xdb, 0x24, 0x78, 0xbe, 0x9e, 0x0f, 0x8c, 0xbd,
  0x5b, 0x37, 0x24, 0x3d, 0x01, 0x9f, 0x83, 0xbe, 0x09, 0xff, 0x96, 0x39,
  0xb6, 0xe5, 0x58, 0x3e, 0x14, 0x8e, 0x54, 0xbc, 0x7b, 0x2a, 0x9c, 0xbb,
  0x0a, 0x2d, 0x94, 0x3e, 0xa3, 0x66, 0xa0, 0xbd, 0x46, 0xee, 0x40, 0xbd,
  0xb6, 0x11, 0x83, 0xbe, 0xbb, 0x68, 0x45, 0x3e, 0x45, 0xe2, 0x35, 0x3e,
  0xed, 0x8c, 0xab, 0x3d, 0x4b, 0xc2, 0xe6, 0xbd, 0xc4, 0x7b, 0xb8, 0x3d,
  0xdc, 0x8e, 0x8f, 0xbe, 0xca, 0x76, 0x69, 0xbd, 0x14, 0xd5, 0x7c, 0xbe,
  0xbe, 0x84, 0x32, 0xb9, 0x90, 0x75, 0xe5, 0xbd, 0x49, 0x86, 0x48, 0x3e,
  0xf9, 0xd8, 0x49, 0xbe, 0x9f, 0x87, 0x72, 0xbe, 0xe6, 0x1b, 0x33, 0xbd,
  0xdd, 0x27, 0x4b, 0xbd, 0x4c, 0x13, 0x71, 0xbe, 0x2c, 0xb1, 0xf1, 0x3d,
  0x18, 0x50, 0xc3, 0xbd, 0x3f, 0xa1, 0x2f, 0x3e, 0x8b, 0x03, 0x7d, 0xbd,
  0x27, 0x80, 0x19, 0x3e, 0x11, 0x38, 0x71, 0x3e, 0xec, 0xd2, 0xb6, 0x3d,
  0xc0, 0x57, 0x73, 0x3e, 0x2c, 0x25, 0x6f, 0xbe, 0x0e, 0x10, 0xac, 0x3c,
  0x56, 0xfe, 0x06, 0x3d, 0xbb, 0x9e, 0xad, 0x3d, 0x60, 0xc7, 0x62, 0x3d,
  0xb9, 0xcb, 0x24, 0x3e, 0x53, 0xf2, 0x0c, 0xbd, 0x1b, 0xb7, 0x88, 0xbc,
  0x78, 0xb3, 0xa6, 0xbd, 0x84, 0x1d, 0x49, 0x3e, 0x22, 0xd8, 0x10, 0xbe,
  0xad, 0x8e, 0x02, 0x3e, 0x46, 0x81, 0x42, 0x3e, 0x07, 0xab, 0xf6, 0xbd,
  0x03, 0xc2, 0xa9, 0x3c, 0xa2, 0x45, 0x51, 0x3d, 0x96, 0xcf, 0xad, 0xbd,
  0xb4, 0x97, 0x92, 0xbe, 0x6a, 0x1f, 0xfd, 0x3d, 0x07, 0x19, 0x8f, 0xbe,
  0xdc, 0xe9, 0x8d, 0x3e, 0xae, 0x4f, 0xc9, 0xbd, 0x72, 0x03, 0x29, 0x3e,
  0xbb, 0x1d, 0x80, 0xbc, 0xf3, 0x79, 0x12, 0x3e, 0xa8, 0x28, 0x49, 0xbb,
  0xb5, 0x00, 0xc3, 0x3d, 0xee, 0x30, 0x1c, 0x3e, 0x2a, 0xf0, 0x04, 0xbe,
  0xf3, 0xe1, 0x10, 0xbe, 0x59, 0xa2, 0x4c, 0xbe, 0x41, 0xe9, 0x3a, 0x3e,
  0x12, 0x72, 0x4f, 0x3e, 0x65, 0x42, 0xe8, 0x3d, 0xe0, 0x5a, 0x9d, 0x3c,
  0xe7, 0xcd, 0x16, 0x3c, 0xde, 0x3e, 0x24, 0x3e, 0xa7, 0x4e, 0x3a, 0xbe,
  0xb5, 0x14, 0x39, 0xbe, 0x17, 0x59, 0x8c, 0xbe, 0xb3, 0xcd, 0xa3, 0x3d,
  0xd7, 0x41, 0x8e, 0x3e, 0x7f, 0xd7, 0x1e, 0xbd, 0x53, 0x8e, 0xcb, 0xbd,
  0x7d, 0x7a, 0x99, 0xbe, 0x7f, 0x4d, 0x88, 0x3e, 0x7d, 0xfe, 0xa0, 0xbd,
  0xbb, 0x88, 0x5c, 0xbe, 0x1d, 0x38, 0x20, 0x3c, 0x84, 0x2d, 0xcf, 0x3c,
  0xa2, 0x21, 0x0e, 0xbd, 0x4d, 0x69, 0x81, 0x3e, 0x23, 0xd8, 0x20, 0xbd,
  0x50, 0x16, 0x83, 0x3e, 0x62, 0x14, 0x4d, 0x3d, 0xfe, 0xd7, 0x26, 0xbe,
  0xa6, 0xa4, 0x4a, 0xbe, 0x0a, 0x0b, 0xba, 0xbd, 0x1f, 0x73, 0x3d, 0x3e,
  0x7b, 0x84, 0x9c, 0x3c, 0x54, 0x8c, 0x31, 0xbe, 0x5c, 0x15, 0xf2, 0xbc,
  0xc2, 0x35, 0x2c, 0x3e, 0x8f, 0x1b, 0xec, 0x3d, 0xf7, 0xcd, 0xfd, 0x3d,
  0xd5, 0x59, 0x23, 0x3c, 0xe6, 0xb0, 0xaa, 0x3d, 0x1f, 0x9b, 0x81, 0xbe,
  0x6c, 0x2a, 0x80, 0xbe, 0x1c, 0x12, 0x3d, 0xbe, 0xf1, 0x48, 0x6c, 0x3e,
  0xca, 0x94, 0x69, 0xbe, 0x84, 0xf8, 0x72, 0x3d, 0xbc, 0x56, 0x8f, 0xbe,
  0x35, 0xcd, 0x37, 0xbe, 0xb5, 0xdc, 0xf3, 0x3d, 0x02, 0x30, 0x80, 0xbe,
  0x02, 0x5b, 0xdd, 0x3d, 0xfd, 0x44, 0x66, 0x3d, 0x52, 0x17, 0x7c, 0xbe,
  0xfb, 0x39, 0xbf, 0xbd, 0x5c, 0x28, 0x14, 0x3e, 0xda, 0xf3, 0x0c, 0x3d,
  0x58, 0xac, 0x9e, 0xbe, 0xe9, 0x4b, 0x33, 0xbe, 0x7f, 0x6a, 0xca, 0xbd,
  0x4f, 0x0b, 0x44, 0xbd, 0x35, 0x70, 0x9f, 0x3e, 0x49, 0x60, 0x77, 0xbe,
  0x39, 0x79, 0x87, 0x3d, 0x6c, 0xbd, 0x38, 0x3b, 0xcb, 0x43, 0x43, 0xbe,
  0xa5, 0xb9, 0x14, 0x3d, 0x22, 0x67, 0x14, 0x3e, 0xf5, 0x07, 0x95, 0xbe,
  0x1b, 0x48, 0x3f, 0x3e, 0xa0, 0xdf, 0x3b, 0x3b, 0x7e, 0xc5, 0x91, 0xbe,
  0xe7, 0xcd, 0x22, 0xbd, 0x50, 0x24, 0xcd, 0xbc, 0xb4, 0xc6, 0x67, 0x3e,
  0xde, 0xd3, 0x63, 0xbd, 0xdd, 0xb4, 0xae, 0x3d, 0xd0, 0xbf, 0x15, 0x3d,
  0x56, 0x0f, 0x0b, 0xbe, 0x14, 0x1d, 0xfd, 0xbd, 0x96, 0xd4, 0x4a, 0xbd,
  0x49, 0xbc, 0x93, 0x3e, 0x85, 0x34, 0xdf, 0x3d, 0x91, 0xf7, 0x0a, 0x3e,
  0xde, 0xda, 0x64, 0xbe, 0x35, 0x75, 0x32, 0xbe, 0x50, 0x8b, 0x88, 0x3c,
  0x5d, 0xc2, 0xb2, 0x3d, 0x6a, 0xa6, 0x9f, 0xbd, 0x47, 0x08, 0x6d, 0x3d,
  0xcc, 0x49, 0x0f, 0xbc, 0xa7, 0xf3, 0x90, 0x3d, 0xe8, 0xbe, 0x5f, 0xbe,
  0xe2, 0x81, 0x3f, 0x3d, 0x84, 0x0c, 0x58, 0x3e, 0x3c, 0x14, 0xf6, 0x3d,
  0x81, 0x7e, 0x80, 0xbe, 0x43, 0x8c, 0x3a, 0x3e, 0x36, 0xb1, 0x45, 0x3d,
  0xff, 0x84, 0xaf, 0x3e, 0x45, 0x9f, 0x00, 0xbe, 0x98, 0x1b, 0x6a, 0x3e,
  0xe5, 0x19, 0x4c, 0x3e, 0xa8, 0xeb, 0x0c, 0xbd, 0x24, 0x77, 0xb3, 0xbd,
  0xd4, 0xd7, 0x8a, 0x3e, 0x03, 0x7d, 0x4e, 0xba, 0x2f, 0x73, 0x91, 0x3e,
  0x8e, 0x93, 0x29, 0xbe, 0x3b, 0x9d, 0x80, 0x3e, 0x53, 0x04, 0x3b, 0xbe,
  0x2f, 0x96, 0xaf, 0xbd, 0xec, 0x05, 0x17, 0xbe, 0x93, 0x43, 0xce, 0x3c,
  0xb9, 0x3c, 0x83, 0x3d, 0x44, 0x91, 0x52, 0x3e, 0x4f, 0x9f, 0x8a, 0x3e,
  0xfe, 0xf9, 0x71, 0x3e, 0xa7, 0x7f, 0x26, 0x3e, 0x0f, 0xeb, 0x5a, 0x3e,
  0xb2, 0xb0, 0x3b, 0x3d, 0x68, 0xcc, 0x9c, 0xbd, 0x3f, 0x63, 0x3f, 0x3e,
  0xa0, 0x4b, 0x24, 0xbe, 0x88, 0xd0, 0xcb, 0x3d, 0x59, 0xc7, 0x05, 0x3c,
  0xed, 0xae, 0x5a, 0x3c, 0xf0, 0xc3, 0x2c, 0xbe, 0xad, 0x09, 0x3a, 0xbe,
  0x88, 0x98, 0x99, 0x3c, 0x4c, 0xe5, 0x74, 0xbe, 0x25, 0xf8, 0x2d, 0xbe,
  0xc4, 0x68, 0x0e, 0x3e, 0x41, 0x4a, 0x4b, 0xbe, 0xa9, 0x3d, 0xb9, 0xbc,
  0xd3, 0x06, 0x08, 0x3e, 0xe2, 0x7b, 0xa8, 0x3d, 0x9f, 0x13, 0xbf, 0xbd,
  0x06, 0xeb, 0x8a, 0xbe, 0x45, 0x24, 0x51, 0x3e, 0x76, 0xe3, 0xa9, 0x3e,
  0x19, 0x23, 0xb0, 0x3d, 0xa3, 0xcf, 0x23, 0xbe, 0xe6, 0x21, 0x91, 0xb9,
  0xe4, 0x15, 0x35, 0x3d, 0xa1, 0xdc, 0x4b, 0xbe, 0xb9, 0x8d, 0x4a, 0x3e,
  0x06, 0xde, 0x88, 0xbe, 0xe5, 0x7e, 0x6a, 0xbe, 0x77, 0xa5, 0x3c, 0x3e,
  0xa4, 0x52, 0x48, 0xbe, 0x1b, 0x0c, 0x71, 0x3e, 0xab, 0x2a, 0x34, 0xbe,
  0x70, 0x54, 0x65, 0x3d, 0x6e, 0x64, 0x17, 0xbd, 0x0b, 0x41, 0x87, 0xbd,
  0xe6, 0xaa, 0x21, 0x3e, 0xfa, 0xe9, 0xa6, 0xbe, 0x44, 0xcf, 0x74, 0x3e,
  0x04, 0x3b, 0x1c, 0x3d, 0x3e, 0x1a, 0x6d, 0xbe, 0xd2, 0xe8, 0xe9, 0xbd,
  0x2b, 0x2c, 0xa8, 0x3c, 0x08, 0x6f, 0x48, 0xbe, 0xfb, 0x15, 0x24, 0x3e,
  0xdf, 0x13, 0x4b, 0xbe, 0x26, 0x0c, 0x4f, 0xbe, 0x67, 0x01, 0x63, 0xbd,
  0x90, 0x9c, 0x55, 0xbe, 0x60, 0x0e, 0x99, 0x3e, 0xf0, 0x3d, 0x27, 0x3e,
  0xce, 0x7c, 0x0f, 0x3e, 0x2f, 0xdc, 0x60, 0xbe, 0x1a, 0xa1, 0x40, 0x3d,
  0xf9, 0xbf, 0x7c, 0x3e, 0x5e, 0xc0, 0x82, 0xbe, 0xf1, 0x34, 0x36, 0xbc,
  0x46, 0xed, 0x91, 0xbc, 0x5b, 0xf1, 0x28, 0x3e, 0x35, 0xd5, 0xc9, 0x3c,
  0x09, 0xe3, 0x9b, 0x3e, 0x3a, 0x3f, 0x7d, 0x3e, 0x7d, 0x17, 0xcc, 0x3d,
  0x56, 0xfb, 0x8d, 0xbe, 0xb9, 0x94, 0x2f, 0x3e, 0x2d, 0x42, 0xfc, 0x3c,
  0x8f, 0x70, 0xac, 0x3d, 0x54, 0x11, 0x0c, 0xbe, 0x97, 0xc6, 0x43, 0x3e,
  0x59, 0x04, 0x0d, 0x3e, 0x51, 0x10, 0x35, 0x3d, 0xef, 0xfc, 0x1b, 0xbe,
  0x2a, 0x98, 0x0e, 0xbe, 0x58, 0x0b, 0x3c, 0xbe, 0xda, 0xb6, 0xff, 0xff,
  0x04, 0x00, 0x00, 0x00, 0x00, 0x10, 0x00, 0x00, 0xb8, 0xbe, 0xd8, 0xbd,
  0xb3, 0x26, 0x48, 0xbe, 0x70, 0xa8, 0x4c, 0x3e, 0xc5, 0xbd, 0x10, 0x3e,
  0x23, 0xcf, 0x62, 0x3d, 0xcb, 0x41, 0x1e, 0x3e, 0x4e, 0x50, 0xd1, 0xbc,
  0x3b, 0xc2, 0x21, 0xbe, 0x57, 0x67, 0x4a, 0xbe, 0x7f, 0xda, 0x6f, 0x3d,
  0x20, 0x26, 0x7b, 0x3d, 0x7c, 0xdf, 0x08, 0xbd, 0x48, 0x61, 0x8e, 0xbc,
  0x5f, 0xa6, 0xe2, 0x3d, 0x04, 0x8a, 0x3a, 0x3e, 0x5a, 0x12, 0xed, 0xbc,
  0xa3, 0x20, 0xe4, 0xbc, 0x51, 0xcd, 0x32, 0xbe, 0x66, 0x57, 0x59, 0x3d,
  0xf9, 0x60, 0xb4, 0xbd, 0xdf, 0xe3, 0xd6, 0xbb, 0x66, 0x9d, 0xde, 0x3d,
  0xa6, 0x39, 0x0f, 0xbe, 0xd2, 0x25, 0x2f, 0x3e, 0x3c, 0x74, 0x51, 0xbd,
  0x97, 0x96, 0x30, 0x3d, 0x4f, 0x48, 0x0f, 0xbd, 0x82, 0xe9, 0x24, 0xbe,
  0x6a, 0x62, 0x18, 0x3e, 0xec, 0x5a, 0x20, 0xbb, 0x88, 0x27, 0x4a, 0x3e,
  0xe3, 0x22, 0x99, 0x3e, 0x11, 0xde, 0x71, 0xbd, 0xb6, 0x32, 0x13, 0x3d,
  0xeb, 0xfe, 0x4f, 0xbc, 0x3e, 0x36, 0x17, 0x3d, 0xcb, 0x4c, 0x96, 0xbd,
  0x31, 0xca, 0xc1, 0x3d, 0x6e, 0x36, 0xa9, 0x3d, 0x70, 0x0e, 0x11, 0x3e,
  0xbb, 0xa8, 0x03, 0xbd, 0x30, 0x7a, 0x3a, 0x3e, 0xed, 0xf6, 0x86, 0xbe,
  0x72, 0x9b, 0xda, 0x3c, 0xc8, 0x2c, 0x39, 0xbd, 0xe3, 0x83, 0x36, 0x3e,
  0xf5, 0xe9, 0x8a, 0x3e, 0x58, 0x63, 0xca, 0x3d, 0x75, 0x8a, 0x0e, 0xbe,
  0xa5, 0xf2, 0xa9, 0x3c, 0xe8, 0x93, 0xc8, 0xbd, 0xc7, 0x1f, 0x97, 0x3e,
  0xee, 0x0e, 0xb9, 0x3c, 0x32, 0x1a, 0x84, 0x3d, 0xfb, 0x46, 0x36, 0xbd,
  0x3f, 0x6e, 0xc2, 0x3d, 0x79, 0xe7, 0xa7, 0xbd, 0x77, 0x0a, 0x8c, 0x3d,
  0x1b, 0xf7, 0xd8, 0xbc, 0xc8, 0x43, 0xe1, 0xbd, 0x66, 0xcf, 0xc3, 0x3d,
  0xb6, 0x66, 0x8e, 0x3e, 0x5a, 0x7c, 0x39, 0xbe, 0x75, 0x84, 0x81, 0x3d,
  0x73, 0x78, 0x76, 0xbc, 0x55, 0xc7, 0xcb, 0xbd, 0xbf, 0xce, 0x13, 0xbd,
  0xd2, 0xc7, 0xb2, 0xbd, 0xab, 0xe2, 0x75, 0xbd, 0xc8, 0x80, 0x27, 0xbd,
  0x29, 0x21, 0xcb, 0x3d, 0x9f, 0x71, 0x87, 0x3e, 0x5e, 0x05, 0x37, 0x3e,
  0x74, 0xfb, 0x5f, 0x3e, 0x12, 0xaf, 0x34, 0xba, 0xd9, 0x3d, 0x32, 0xbd,
  0x64, 0x70, 0x25, 0x3e, 0x79, 0xb7, 0xf3, 0x3d, 0xb6, 0xa7, 0x10, 0xbe,
  0x8a, 0x8d, 0xbb, 0x3d, 0x08, 0xca, 0x83, 0xbd, 0xff, 0xd1, 0x80, 0x3d,
  0x16, 0xb2, 0xe8, 0x3c, 0x6e, 0xfa, 0x8d, 0xbd, 0xee, 0x46, 0xe5, 0x39,
  0x71, 0x0c, 0xd9, 0xbd, 0xa5, 0x71, 0x47, 0xbd, 0x40, 0xd6, 0x31, 0x3e,
  0x54, 0xa4, 0x00, 0xbe, 0xc3, 0x88, 0x41, 0xbe, 0xd9, 0x53, 0xa1, 0xbd,
  0xe3, 0x39, 0x4c, 0xbe, 0x7e, 0xb7, 0xff, 0xbd, 0x26, 0xd3, 0x3b, 0xbd,
  0x96, 0x49, 0xdd, 0x3d, 0x9f, 0xe4, 0x1e, 0x3e, 0x63, 0xe4, 0x24, 0xbd,
  0x80, 0x2f, 0x1c, 0x3d, 0x11, 0x3d, 0x9e, 0xbe, 0x49, 0x22, 0x90, 0x3b,
  0x98, 0x0b, 0x09, 0x3e, 0xb6, 0x12, 0x0e, 0xbd, 0xbf, 0xa4, 0x46, 0xbe,
  0xb6, 0x72, 0xa9, 0xbc, 0x73, 0x21, 0x51, 0x3e, 0xd4, 0xb7, 0x36, 0xbe,
  0xec, 0x2f, 0xbb, 0xbd, 0x85, 0x20, 0x54, 0xbe, 0x0e, 0x80, 0x32, 0xbe,
  0xda, 0xfc, 0xb6, 0x3c, 0xc6, 0x79, 0x5f, 0xbe, 0xd3, 0x00, 0x28, 0x3e,
  0x9a, 0x61, 0x97, 0x3d, 0xf6, 0xac, 0xbb, 0x3d, 0x95, 0x50, 0x08, 0x3d,
  0xad, 0x98, 0xb8, 0xbd, 0x17, 0xe9, 0x13, 0xbc, 0xf3, 0xba, 0x61, 0xbb,
  0xc7, 0x0a, 0xd4, 0x3d, 0xbf, 0x26, 0x4e, 0xbd, 0x71, 0x91, 0x6e, 0x3e,
  0x07, 0x06, 0x9a, 0x3d, 0x7a, 0x21, 0x3e, 0x3e, 0x3a, 0xc1, 0x80, 0x3d,
  0x44, 0x33, 0x05, 0x3e, 0xad, 0x00, 0x68, 0x3e, 0x05, 0x5b, 0xbd, 0xbd,
  0xe4, 0x51, 0xfc, 0xbd, 0xa1, 0x8c, 0x93, 0xbd, 0x16, 0x14, 0x60, 0x3d,
  0x5a, 0x14, 0x6a, 0x3d, 0x17, 0x23, 0x55, 0x3d, 0x9f, 0xc5, 0x86, 0x3e,
  0x0e, 0xea, 0x91, 0xbe, 0x57, 0xeb, 0x0f, 0xbd, 0x6e, 0x7a, 0x10, 0x3d,
  0x5c, 0xe1, 0xe0, 0xbd, 0xf1, 0x1d, 0x1c, 0x3e, 0x8c, 0xaa, 0x12, 0x3c,
  0xbf, 0x08, 0x76, 0xbd, 0xf3, 0xf0, 0x98, 0xbd, 0x83, 0x53, 0x5f, 0x3c,
  0x9f, 0xec, 0x9c, 0xbd, 0x26, 0xe0, 0xf2, 0x3d, 0x4f, 0x7d, 0x34, 0x3e,
  0xc6, 0xac, 0x33, 0x3e, 0xe2, 0x67, 0xe5, 0x3d, 0x11, 0x5a, 0x10, 0x3b,
  0x73, 0xd0, 0x9b, 0x3e, 0x46, 0x0c, 0xda, 0xbd, 0x76, 0xe8, 0x05, 0xbd,
  0xaf, 0x0e, 0xa3, 0xbd, 0x24, 0x63, 0x78, 0x3d, 0x51, 0x15, 0xd0, 0xbc,
  0x6b, 0x19, 0x27, 0x3e, 0x4a, 0x90, 0x8f, 0xbe, 0x32, 0x19, 0x9e, 0x3d,
  0x5f, 0x6b, 0x36, 0xbe, 0x77, 0x48, 0x53, 0x3a, 0xd1, 0xa3, 0xb6, 0xbd,
  0x26, 0x73, 0x08, 0xbe, 0xa3, 0xc8, 0x4f, 0x3e, 0x21, 0x5e, 0xca, 0xbc,
  0xd1, 0x20, 0xba, 0xbc, 0xb9, 0x76, 0x37, 0x3c, 0x64, 0xbb, 0x97, 0x3d,
  0xff, 0x10, 0x8a, 0x3d, 0x03, 0x3f, 0x27, 0xbe, 0xa4, 0xa7, 0x8c, 0x3e,
  0xa2, 0x0b, 0xbf, 0x3d, 0x3f, 0xe1, 0x1b, 0x3e, 0x6a, 0x79, 0x20, 0x3e,
  0x45, 0xbb, 0x53, 0x3e, 0xa0, 0x9c, 0xf1, 0xbd, 0xd3, 0x25, 0x3d, 0x3e,
  0x8a, 0xf8, 0xdc, 0x3d, 0x2c, 0xec, 0x59, 0xbe, 0x32, 0xc9, 0x1e, 0x3e,
  0x15, 0x4e, 0xae, 0x3d, 0xa5, 0xdc, 0x05, 0xbd, 0x34, 0xc9, 0x60, 0xbe,
  0x0f, 0x93, 0xdf, 0xbc, 0x93, 0x24, 0x47, 0xbd, 0x14, 0xe2, 0xae, 0x3d,
  0x4f, 0x14, 0x68, 0x3d, 0x99, 0xe6, 0xe7, 0xbc, 0xbc, 0x59, 0x07, 0x3e,
  0x9d, 0xb2, 0x7a, 0xbd, 0xc2, 0xec, 0x77, 0x3d, 0x6f, 0xfa, 0x4a, 0xbe,
  0x0d, 0xb3, 0x65, 0x3d, 0x78, 0x4e, 0xbf, 0x3d, 0x9a, 0xa9, 0x76, 0xbd,
  0x57, 0x6b, 0x81, 0x3d, 0x31, 0x53, 0x5a, 0xbd, 0xc6, 0xc8, 0x82, 0xbd,
  0x7a, 0x60, 0x38, 0xbe, 0x41, 0x38, 0x09, 0xbe, 0xdd, 0x86, 0x50, 0x3e,
  0x9e, 0x2e, 0x07, 0xbe, 0xa2, 0xb2, 0x41, 0xbe, 0x4c, 0x9f, 0x29, 0x3e,
  0x81, 0x09, 0x59, 0xbe, 0xad, 0x6e, 0x39, 0xbe, 0x39, 0xa9, 0x95, 0xbd,
  0x9d, 0xf9, 0xdf, 0xbd, 0xe9, 0xec, 0xce, 0x3d, 0xaf, 0xa5, 0x28, 0x3d,
  0x2a, 0x2c, 0x14, 0x3e, 0x2d, 0xbf, 0xd7, 0x3b, 0xf9, 0xe8, 0x17, 0x3d,
  0xeb, 0xc6, 0x8f, 0xbd, 0x00, 0xff, 0xc5, 0xbc, 0xb3, 0x0e, 0x19, 0xbe,
  0xfa, 0xc4, 0x16, 0x3e, 0x5a, 0x82, 0x53, 0x3e, 0x4f, 0x8b, 0x0f, 0x3d,
  0x03, 0x43, 0x65, 0x3d, 0x77, 0x3b, 0xcc, 0x3d, 0x1e, 0xb2, 0x30, 0xbd,
  0x6e, 0x2f, 0xbf, 0x3d, 0x9d, 0x5f, 0xce, 0x3d, 0x88, 0x4c, 0x16, 0xbe,
  0x13, 0x34, 0xbe, 0x3c, 0xb1, 0x22, 0x0c, 0xbc, 0x69, 0xb2, 0x80, 0xbd,
  0x5d, 0x5a, 0xd6, 0xbc, 0x25, 0x80, 0x9e, 0xbe, 0x5a, 0xe2, 0xe3, 0xbd,
  0x17, 0xc7, 0xd0, 0xbd, 0x15, 0xc5, 0xce, 0x3c, 0x0a, 0xb8, 0x79, 0xbd,
  0x40, 0xa8, 0x80, 0xbc, 0x52, 0xfe, 0x8d, 0x3e, 0x61, 0x4d, 0xdf, 0x3c,
  0x2a, 0x6f, 0x92, 0xbd, 0xa8, 0x54, 0xd8, 0xbd, 0xdd, 0x49, 0xb9, 0x3d,
  0xc1, 0x08, 0x58, 0x3d, 0x8e, 0x33, 0x6c, 0xbd, 0xc3, 0xbf, 0x93, 0x3d,
  0xfc, 0x42, 0x38, 0xbe, 0x15, 0xd2, 0x28, 0x3d, 0xe1, 0x88, 0x7c, 0xbd,
  0xa0, 0x4e, 0x82, 0x3c, 0x8b, 0x04, 0x4c, 0x3e, 0x24, 0xcd, 0xda, 0x3b,
  0xc6, 0xeb, 0x45, 0xbd, 0xda, 0xdc, 0x72, 0x3c, 0xd6, 0xba, 0x85, 0xbd,
  0xf3, 0xa1, 0xf6, 0x3d, 0xd4, 0x26, 0xc3, 0x3d, 0x96, 0xa5, 0xb2, 0x3c,
  0x0e, 0x87, 0x63, 0xbd, 0x5d, 0x73, 0xa9, 0x3d, 0x6c, 0x21, 0x6e, 0x3e,
  0x83, 0x15, 0x3b, 0x3c, 0xde, 0xd0, 0x7e, 0xbb, 0xdd, 0x26, 0x68, 0xbd,
  0xa5, 0x5f, 0x4c, 0xbe, 0x45, 0xed, 0xb7, 0x3d, 0xc0, 0x35, 0xd7, 0x3d,
  0x77, 0xa8, 0x94, 0xbe, 0x05, 0xc9, 0xab, 0x3d, 0x4a, 0x88, 0x22, 0x3e,
  0xe5, 0xa0, 0xc7, 0xbd, 0x68, 0xa6, 0x7d, 0xb9, 0x99, 0xd9, 0x42, 0xbe,
  0xbd, 0x66, 0x8a, 0xbd, 0xd4, 0x42, 0x0b, 0x3e, 0x3a, 0xff, 0xf7, 0x3d,
  0x0a, 0x23, 0x4c, 0x3d, 0xf0, 0x9e, 0x9b, 0x3d, 0xf6, 0x2a, 0x6b, 0xbd,
  0xef, 0xa9, 0x04, 0x3e, 0xe4, 0x78, 0x1d, 0x3e, 0xfc, 0x27, 0x08, 0x3e,
  0xd2, 0x1e, 0x12, 0x3d, 0x29, 0xa6, 0xa2, 0xbb, 0xb7, 0xd4, 0x9c, 0x3e,
  0xe7, 0x16, 0x59, 0xbb, 0xeb, 0xc0, 0x77, 0xbc, 0x2a, 0xed, 0x27, 0xbd,
  0x86, 0x69, 0x41, 0x3e, 0x75, 0x94, 0x28, 0x3e, 0x82, 0x6d, 0x18, 0x3e,
  0xb2, 0x26, 0x34, 0x3e, 0x11, 0x5e, 0x14, 0x3d, 0x63, 0xa5, 0x22, 0x3d,
  0x94, 0xac, 0xc3, 0xbd, 0x8d, 0x72, 0xb8, 0xbd, 0x0e, 0x90, 0xe9, 0xbd,
  0x6f, 0xe7, 0xe3, 0xbc, 0xf3, 0x30, 0xb7, 0xbc, 0x7b, 0x76, 0x0b, 0xbe,
  0xb0, 0x49, 0xa5, 0x3d, 0xdd, 0xf4, 0x4a, 0xbd, 0x58, 0xbd, 0x81, 0x3d,
  0x24, 0x8f, 0x97, 0x3c, 0x05, 0x17, 0x7b, 0x3d, 0x1f, 0x09, 0xe4, 0x3c,
  0x0e, 0xba, 0x73, 0xbc, 0x4d, 0x61, 0x7f, 0x3d, 0x02, 0x17, 0x46, 0xbe,
  0xff, 0xc0, 0xf2, 0xbd, 0x60, 0xb6, 0x4e, 0x3d, 0xe8, 0xa3, 0x3e, 0x3e,
  0x46, 0xe6, 0xe1, 0x3d, 0xa8, 0xd1, 0xe9, 0x3c, 0x6e, 0x6c, 0x10, 0x3e,
  0x57, 0xa9, 0xf4, 0x3c, 0x02, 0x99, 0x6b, 0xbd, 0x01, 0xf0, 0xeb, 0x3c,
  0xf4, 0x31, 0x8e, 0xbe, 0x42, 0x6e, 0x51, 0x3d, 0x06, 0xaf, 0xc4, 0x3c,
  0x8b, 0x30, 0x06, 0x3e, 0xad, 0x9e, 0x3f, 0x3e, 0xb8, 0x33, 0x7f, 0xbd,
  0x40, 0x46, 0x94, 0xbd, 0xea, 0xae, 0x00, 0x3e, 0xd0, 0x64, 0x30, 0x3e,
  0x6d, 0x65, 0xae, 0x3d, 0x5d, 0x46, 0x40, 0x3e, 0xb3, 0x0b, 0x24, 0xbe,
  0x1f, 0x08, 0x22, 0x3d, 0xad, 0x78, 0xe3, 0xbb, 0x52, 0x2e, 0x15, 0xbe,
  0x40, 0xe0, 0x40, 0xbe, 0xa9, 0xca, 0xe5, 0xbd, 0xea, 0x3d, 0x23, 0x3d,
  0x98, 0x41, 0x9d, 0xbd, 0x5d, 0x27, 0x41, 0xbc, 0x0b, 0xcf, 0x43, 0x3e,
  0x2d, 0x07, 0x35, 0xbc, 0x76, 0xfd, 0x11, 0xbd, 0x61, 0x00, 0x66, 0xbd,
  0xdc, 0x8c, 0xd5, 0x3d, 0x3c, 0xa9, 0x39, 0xbe, 0x5a, 0x24, 0x7c, 0x3e,
  0x6f, 0x0f, 0xf7, 0xbd, 0xfd, 0xbb, 0x8c, 0xbe, 0x74, 0x87, 0xde, 0x3c,
  0x20, 0x16, 0x5b, 0xbe, 0xf5, 0xa5, 0xbc, 0x3d, 0x5d, 0x99, 0x7d, 0x3d,
  0xf4, 0x34, 0x4c, 0xbe, 0x2f, 0xe0, 0x8f, 0xbd, 0x45, 0x4e, 0x8e, 0x3c,
  0x20, 0x5c, 0x8c, 0x3d, 0xd6, 0x70, 0xac, 0xbd, 0x74, 0x64, 0x5a, 0x3e,
  0x3d, 0xbe, 0xc3, 0x3c, 0x39, 0x6d, 0x94, 0xbe, 0x90, 0x52, 0xc5, 0xbd,
  0xf4, 0xb7, 0x22, 0xbd, 0xf1, 0x6b, 0xda, 0xbd, 0x58, 0xc3, 0xc0, 0x3c,
  0x7f, 0x03, 0x88, 0x3d, 0x67, 0xa6, 0xa5, 0x3d, 0x1d, 0x6c, 0x10, 0x3e,
  0x45, 0x52, 0xe0, 0xbd, 0x0a, 0xca, 0x3a, 0xbe, 0x4f, 0x57, 0xcb, 0xbd,
  0x3e, 0x27, 0xf6, 0xbc, 0x71, 0x61, 0xef, 0x3c, 0xba, 0xe9, 0xa9, 0x3d,
  0x59, 0x4b, 0x94, 0x3d, 0x82, 0x95, 0xbe, 0xbc, 0x1f, 0x68, 0x82, 0xbe,
  0x82, 0x4e, 0x90, 0x3d, 0x53, 0xc7, 0x89, 0x3d, 0x76, 0xf4, 0x82, 0x3d,
  0x72, 0x64, 0x66, 0xbd, 0x06, 0xa4, 0x92, 0x3d, 0xec, 0x43, 0x23, 0x3e,
  0x19, 0xad, 0x00, 0x3e, 0x76, 0xbf, 0xa3, 0x3d, 0xc9, 0x9d, 0x4f, 0x3e,
  0x77, 0xd6, 0x75, 0x3d, 0x50, 0xa3, 0x4c, 0xbd, 0x2a, 0x65, 0x77, 0x3d,
  0x37, 0x42, 0x87, 0xbd, 0x88, 0x43, 0x11, 0x3e, 0x49, 0xf4, 0xd7, 0xbb,
  0x49, 0x86, 0x94, 0x3c, 0xf8, 0x8c, 0xb8, 0xbd, 0xbd, 0xdd, 0x04, 0xbe,
  0x76, 0x94, 0x12, 0x3e, 0xe1, 0x45, 0xb7, 0xbd, 0x9d, 0xc9, 0x4d, 0x3e,
  0x2a, 0x06, 0xaf, 0x3d, 0x84, 0xc5, 0x80, 0xbd, 0xd3, 0x93, 0x83, 0xbe,
  0xdc, 0x54, 0xda, 0xbc, 0x18, 0x42, 0xa1, 0x3c, 0xe8, 0xb6, 0x2f, 0xbd,
  0xb9, 0x66, 0x2e, 0x3e, 0xcb, 0x47, 0x52, 0xbd, 0x33, 0x0e, 0x94, 0xbb,
  0x27, 0x32, 0xe4, 0xbd, 0x08, 0xbe, 0xce, 0xbd, 0x9f, 0xd6, 0x90, 0xbd,
  0x43, 0x2c, 0x34, 0x3d, 0x9d, 0x25, 0x8a, 0x3e, 0xe9, 0xbd, 0xea, 0x3a,
  0x8c, 0x9e, 0x59, 0x3e, 0xb0, 0x37, 0x13, 0xbe, 0x73, 0x33, 0x4c, 0x3e,
  0xd9, 0x52, 0xdc, 0xbc, 0x70, 0x15, 0xf3, 0xbc, 0xaa, 0x1e, 0x1f, 0x3e,
  0x80, 0x33, 0xb7, 0xbd, 0x5c, 0x77, 0x81, 0xbe, 0x7c, 0x26, 0x0d, 0x3d,
  0xad, 0x0e, 0xeb, 0x3d, 0x2b, 0xa6, 0xd7, 0xbd, 0x0d, 0xcb, 0x53, 0x3d,
  0xf8, 0x40, 0xb8, 0x3d, 0x8f, 0x3f, 0x17, 0xbd, 0xe7, 0x05, 0xfb, 0x3d,
  0x4e, 0x66, 0x75, 0x3d, 0x48, 0x12, 0x1d, 0x3e, 0xdb, 0x09, 0x85, 0xbd,
  0xc0, 0x01, 0xd2, 0xbc, 0x33, 0xed, 0xa5, 0xbe, 0xb1, 0x29, 0x0c, 0x3e,
  0xc5, 0x31, 0x9b, 0x3d, 0xaf, 0x35, 0x01, 0x3d, 0xb3, 0x24, 0x54, 0x3b,
  0x89, 0x3d, 0x9c, 0xbd, 0x0a, 0x46, 0x06, 0xbd, 0xed, 0xd4, 0x0d, 0xbe,
  0x1e, 0x4e, 0xc2, 0x3d, 0x6e, 0x1b, 0x64, 0x3e, 0x98, 0x53, 0x1d, 0x3e,
  0xd7, 0x0c, 0xbe, 0xbc, 0xa8, 0x5e, 0xe6, 0xbd, 0x91, 0x05, 0xb0, 0x3b,
  0xa5, 0x63, 0xa9, 0x3d, 0x03, 0xa2, 0x5c, 0x3e, 0x69, 0x85, 0x29, 0xbc,
  0xe1, 0xcd, 0x90, 0x3e, 0x53, 0x74, 0x86, 0x3e, 0x70, 0xff, 0x61, 0xbe,
  0x1b, 0xdd, 0xe0, 0x3c, 0x03, 0xec, 0x9a, 0xbd, 0x09, 0x61, 0xef, 0xbd,
  0x02, 0x0c, 0xb3, 0x3d, 0x30, 0xb5, 0x5f, 0xbd, 0xf4, 0xf0, 0xbf, 0x3d,
  0x92, 0x72, 0x95, 0xbe, 0x14, 0x93, 0x30, 0xbe, 0x9f, 0xa4, 0x79, 0xbd,
  0xdc, 0xbe, 0x51, 0xbd, 0x1c, 0x66, 0x48, 0xbe, 0x66, 0xe3, 0xf4, 0x3d,
  0x06, 0x17, 0x27, 0xbd, 0x4f, 0x6e, 0x91, 0x3d, 0x2d, 0x1a, 0x87, 0x3d,
  0xda, 0x1a, 0x1b, 0xbc, 0x54, 0xee, 0x22, 0xbc, 0xf9, 0x45, 0x53, 0x3d,
  0x9a, 0x0b, 0x87, 0x3e, 0x3d, 0xa5, 0x82, 0x3c, 0xb5, 0x91, 0xe0, 0xbe,
  0x5d, 0xc6, 0xa9, 0xbd, 0x15, 0x2f, 0xf9, 0x3c, 0x60, 0xde, 0x0e, 0x3d,
  0x9e, 0xa6, 0x6b, 0x3d, 0x95, 0xde, 0x57, 0xbd, 0x08, 0xa9, 0x4d, 0xbe,
  0xb7, 0xa7, 0x0f, 0xbc, 0x56, 0x9e, 0x76, 0x3d, 0x01, 0x31, 0xde, 0xbd,
  0x69, 0xaa, 0x3d, 0x3d, 0x30, 0xaf, 0x34, 0xbe, 0x27, 0xe0, 0x9a, 0x3d,
  0x81, 0xa0, 0x6a, 0x3a, 0x24, 0x29, 0xf7, 0xbd, 0x2e, 0xf3, 0xb5, 0xbd,
  0xcb, 0x57, 0xce, 0xbd, 0x49, 0x2d, 0xcc, 0xba, 0x95, 0x81, 0xe9, 0x3d,
  0x95, 0x7d, 0x52, 0xbd, 0x6d, 0xb1, 0xa5, 0xbe, 0x66, 0xf4, 0x84, 0xbd,
  0xb8, 0xd0, 0x45, 0xbe, 0x91, 0xaf, 0x2c, 0x3e, 0xc0, 0xca, 0x0c, 0xbe,
  0xdd, 0x60, 0x98, 0x3d, 0x75, 0xbc, 0xd2, 0xbd, 0xe4, 0x65, 0x6c, 0x3c,
  0xb9, 0xac, 0xe1, 0x3d, 0xb7, 0x78, 0x6d, 0x3c, 0x8b, 0xec, 0x06, 0xbe,
  0xaf, 0x15, 0x1c, 0xbe, 0x25, 0x80, 0xb5, 0xbd, 0x67, 0xd9, 0xb6, 0xbd,
  0xc7, 0x82, 0x13, 0x3d, 0x0c, 0xc6, 0x82, 0xbe, 0xea, 0x29, 0x1e, 0x3e,
  0x7f, 0x90, 0x0d, 0x3e, 0x0b, 0x61, 0x09, 0x3e, 0xdc, 0xbc, 0x13, 0x3e,
  0xf8, 0xdf, 0x71, 0xbb, 0xa5, 0x56, 0xa7, 0xbd, 0x61, 0x69, 0x8c, 0xbc,
  0x8d, 0x28, 0x36, 0x3d, 0x2e, 0x6b, 0x82, 0xbe, 0xd9, 0x10, 0x13, 0xbe,
  0x14, 0xb2, 0x8c, 0xbe, 0x8a, 0x2c, 0xad, 0xbd, 0x8b, 0x81, 0xbb, 0xbd,
  0x46, 0x76, 0x5d, 0xbd, 0xcd, 0x5e, 0xa1, 0x3c, 0x3a, 0xf2, 0x63, 0xbd,
  0xec, 0xdd, 0x33, 0xbe, 0x9e, 0xf8, 0xae, 0x3d, 0xea, 0x1b, 0x23, 0x3e,
  0x93, 0x29, 0x99, 0x3b, 0x79, 0x95, 0x5e, 0xbe, 0x8d, 0xdb, 0x99, 0x3e,
  0xa5, 0x76, 0x13, 0xbe, 0x23, 0x98, 0x61, 0xbe, 0x0f, 0x49, 0x31, 0xbd,
  0x10, 0xbf, 0x51, 0x3e, 0x64, 0xc5, 0xdc, 0xbd, 0xaa, 0xfb, 0xe6, 0xbb,
  0xb2, 0x0b, 0x61, 0xbe, 0x4b, 0x11, 0x99, 0x3e, 0xfe, 0xb3, 0x8b, 0x3d,
  0x16, 0x53, 0xf0, 0xbc, 0xb8, 0x1e, 0xbf, 0x3d, 0x8c, 0xfe, 0xb9, 0xbd,
  0x09, 0x04, 0x83, 0x3d, 0x30, 0x4f, 0x41, 0x3d, 0x71, 0x13, 0xb6, 0xbb,
  0xbf, 0x3a, 0x46, 0xbe, 0x18, 0xf3, 0x52, 0xbc, 0x71, 0xa3, 0xde, 0x3c,
  0xa7, 0xdb, 0x00, 0xbd, 0x9c, 0x1e, 0x3c, 0x3e, 0x92, 0x23, 0x37, 0xbe,
  0x46, 0xff, 0x51, 0xbd, 0x40, 0x87, 0x22, 0xbc, 0xa5, 0x7d, 0xc8, 0xbd,
  0x66, 0xf4, 0x3d, 0xbd, 0x2f, 0xc3, 0x6d, 0xbe, 0x73, 0xfb, 0x3e, 0xbd,
  0x3a, 0x47, 0x31, 0x3d, 0xf1, 0x16, 0x2a, 0xbd, 0x40, 0x0c, 0x10, 0x3d,
  0xa2, 0x81, 0xce, 0xbd, 0xc3, 0xbd, 0x96, 0xbd, 0x15, 0xcc, 0x20, 0x3e,
  0xb4, 0x77, 0x83, 0xbd, 0xba, 0x89, 0x1d, 0x3e, 0xdb, 0x2a, 0xc2, 0x3d,
  0x27, 0x54, 0x1e, 0x3e, 0x3e, 0xa7, 0x3b, 0x3e, 0xb8, 0x07, 0xfd, 0xbc,
  0x78, 0xb5, 0x85, 0xbe, 0x82, 0xe1, 0xcf, 0xbd, 0xa0, 0x55, 0x2c, 0x3e,
  0x08, 0x9c, 0x19, 0xbe, 0x27, 0x0c, 0x57, 0xbc, 0x64, 0xf5, 0x81, 0xbe,
  0xe4, 0xa6, 0x0f, 0xbe, 0xc3, 0x6d, 0x0e, 0xbd, 0x85, 0xfa, 0x10, 0x3e,
  0x18, 0x94, 0x43, 0x3e, 0x63, 0x83, 0xa1, 0xbc, 0xf5, 0x4a, 0x83, 0x3c,
  0xf3, 0x6b, 0xf4, 0x3d, 0x34, 0x0d, 0x11, 0x3e, 0x3b, 0x19, 0x46, 0x3d,
  0xa3, 0xa5, 0x1b, 0xbe, 0x8d, 0x5e, 0x19, 0x3e, 0x3f, 0x23, 0x95, 0x3d,
  0x76, 0x6d, 0x86, 0x3d, 0x4c, 0xd1, 0xe2, 0x3d, 0xf3, 0x5f, 0x87, 0x3c,
  0x44, 0xc1, 0xcb, 0x3d, 0x5d, 0xf7, 0xf1, 0x3d, 0x91, 0x65, 0x22, 0x3e,
  0x24, 0xc5, 0x28, 0x3e, 0x32, 0xf0, 0x8e, 0xbd, 0x23, 0xed, 0x19, 0xbe,
  0x92, 0xef, 0x3f, 0xbe, 0xe6, 0xc6, 0x2b, 0xbe, 0xfd, 0x64, 0x0a, 0x3d,
  0x54, 0x2e, 0x1d, 0xbd, 0xf9, 0xef, 0xcd, 0xbd, 0x5a, 0x09, 0x72, 0x3e,
  0x0b, 0x46, 0x8e, 0xbe, 0xe0, 0xba, 0x59, 0xbd, 0x8c, 0x81, 0xd1, 0xbb,
  0xcc, 0xe1, 0x20, 0xbb, 0x6d, 0xac, 0x10, 0xbe, 0x0f, 0xb2, 0xba, 0x3a,
  0xdb, 0xc4, 0x92, 0xbe, 0x61, 0x2a, 0x3d, 0xbe, 0xc0, 0xa3, 0x89, 0xbc,
  0x63, 0x99, 0x00, 0x3d, 0x11, 0xbe, 0x29, 0xbe, 0x60, 0xbb, 0x5e, 0x3d,
  0x74, 0xa9, 0x16, 0x3d, 0x02, 0x78, 0x3b, 0x3e, 0xdc, 0xce, 0x3c, 0x3e,
  0xc4, 0x55, 0xd2, 0xbd, 0xd6, 0x0a, 0x12, 0xbd, 0xb0, 0xd2, 0x14, 0x3e,
  0x5b, 0x39, 0x1c, 0x3e, 0x3b, 0x69, 0x08, 0x3e, 0xae, 0xa0, 0xbe, 0x3c,
  0xe6, 0x07, 0x52, 0x3e, 0xbe, 0x36, 0xbf, 0x3d, 0xd0, 0xc4, 0xb6, 0xbd,
  0xc9, 0x4d, 0x22, 0x3e, 0x88, 0x52, 0x95, 0xbd, 0xca, 0x56, 0xce, 0xbd,
  0x61, 0xc8, 0x1b, 0x3e, 0xda, 0x5c, 0xe9, 0xbb, 0x8f, 0x53, 0x18, 0x3e,
  0xce, 0x33, 0x2f, 0xbd, 0x14, 0xc8, 0x37, 0x3e, 0x25, 0x8e, 0x9e, 0x3c,
  0xb7, 0xd4, 0x7a, 0x3c, 0xb2, 0x0d, 0x8e, 0xbe, 0xb2, 0xa7, 0xae, 0xbd,
  0x6f, 0x5c, 0x04, 0xbd, 0xb9, 0x53, 0x15, 0xbe, 0x90, 0xfb, 0x97, 0x3d,
  0x86, 0xc3, 0xa0, 0xbd, 0x30, 0x4d, 0xcf, 0x3d, 0xc6, 0x7a, 0xba, 0xbd,
  0x5d, 0x9b, 0x6f, 0xbd, 0x33, 0xcc, 0xf4, 0xbc, 0x67, 0x1d, 0x04, 0x3e,
  0x34, 0xf3, 0xb6, 0x3e, 0xf5, 0x90, 0xa0, 0x3c, 0x1e, 0xad, 0xb1, 0x3d,
  0xfe, 0x11, 0xd6, 0xbd, 0xc8, 0x0f, 0x48, 0x3d, 0x66, 0x6d, 0x31, 0x3d,
  0x5f, 0x43, 0xbd, 0x3e, 0x4f, 0x60, 0xbd, 0x3d, 0x8d, 0x86, 0xdf, 0x3c,
  0xbf, 0xe7, 0xc9, 0xbd, 0xec, 0xe9, 0x52, 0xbe, 0x71, 0xf5, 0x62, 0xbe,
  0x8a, 0x9c, 0x39, 0xbe, 0x14, 0x8d, 0xb9, 0xbc, 0x96, 0xea, 0x74, 0xbd,
  0x9c, 0xbe, 0x46, 0x3b, 0x57, 0xe0, 0xbb, 0xbd, 0xae, 0x43, 0xb2, 0x3c,
  0x06, 0xa5, 0x57, 0xbd, 0x87, 0x55, 0xcd, 0x3c, 0x97, 0x03, 0xf3, 0x3d,
  0x28, 0x7f, 0xd4, 0x3d, 0x8e, 0x7f, 0x36, 0x3c, 0x2b, 0xcf, 0xe0, 0xbd,
  0x6f, 0x2a, 0x54, 0xbe, 0xbb, 0xa1, 0xc5, 0x3c, 0xb7, 0xb1, 0x2e, 0xbe,
  0xab, 0x27, 0xf3, 0x3c, 0x8e, 0x3f, 0xd3, 0x3d, 0x20, 0x73, 0x7c, 0x3d,
  0x79, 0x99, 0x39, 0xbe, 0x43, 0xd8, 0xc3, 0x3a, 0xeb, 0xb2, 0xbb, 0x3d,
  0x3e, 0xbe, 0x75, 0x3c, 0x3d, 0x17, 0xca, 0xbd, 0xee, 0x57, 0x18, 0xbe,
  0x9a, 0xbf, 0xa5, 0xbc, 0x28, 0x32, 0xa1, 0x3b, 0x23, 0x66, 0x64, 0x3d,
  0x4a, 0x8b, 0x21, 0x3e, 0xbe, 0xd2, 0xbe, 0xbd, 0xcd, 0xf4, 0x29, 0xbe,
  0x1f, 0x3b, 0x93, 0xbc, 0xb9, 0x54, 0x24, 0x3c, 0x64, 0xb1, 0xdc, 0x3d,
  0x6c, 0xee, 0x6a, 0x3e, 0xd0, 0xd7, 0x6d, 0xbc, 0x85, 0xd8, 0xfe, 0x3d,
  0xe5, 0xe2, 0xb9, 0x3d, 0xdf, 0x99, 0xa1, 0x3d, 0xa7, 0x92, 0xb2, 0x3d,
  0x54, 0xeb, 0x10, 0x3d, 0xd5, 0xa6, 0x79, 0xbe, 0xb9, 0x10, 0x1b, 0xbe,
  0x39, 0x6f, 0x1e, 0xbe, 0x75, 0xdd, 0xe3, 0xbc, 0x73, 0xf6, 0x20, 0xbe,
  0x7c, 0x1a, 0xd7, 0xbd, 0x98, 0x85, 0x8b, 0x3d, 0x6f, 0xcc, 0x1e, 0x3d,
  0x08, 0xca, 0x02, 0x3e, 0x81, 0x9d, 0x20, 0xbe, 0xfa, 0x75, 0x94, 0xbc,
  0xbd, 0xe2, 0x2b, 0x3d, 0x0e, 0x86, 0x5d, 0x3e, 0xef, 0x0f, 0xb9, 0x3d,
  0xb9, 0xfd, 0xdf, 0x3d, 0x99, 0x14, 0xc4, 0x3d, 0xe6, 0x05, 0x3d, 0xbc,
  0x78, 0x30, 0x8e, 0x3d, 0x72, 0xd5, 0x3c, 0xbd, 0x03, 0x2a, 0x9e, 0xbd,
  0xe5, 0x76, 0x29, 0x3e, 0x68, 0xac, 0x29, 0xbe, 0xaf, 0x60, 0x9e, 0xbd,
  0x98, 0x24, 0x37, 0xbe, 0x82, 0xe3, 0x03, 0xbd, 0x66, 0x9d, 0x12, 0x3e,
  0xe4, 0x89, 0x30, 0x3d, 0x58, 0x36, 0x11, 0xbe, 0x46, 0xcc, 0x35, 0xbe,
  0xe4, 0x79, 0x22, 0x3e, 0xaa, 0xa7, 0x10, 0xbd, 0xeb, 0x59, 0x27, 0x3b,
  0x4a, 0x6e, 0x1d, 0x3d, 0x36, 0x76, 0x1a, 0xbd, 0xdf, 0x9d, 0xfb, 0x3d,
  0x9f, 0xef, 0x8e, 0xba, 0x33, 0xd7, 0x3f, 0xbe, 0xe1, 0x02, 0x2b, 0x3d,
  0x29, 0xbd, 0xed, 0x3d, 0xe2, 0x25, 0x7f, 0x3c, 0x2c, 0x16, 0xa8, 0xbe,
  0x76, 0x83, 0xaa, 0x3d, 0x09, 0xc7, 0xee, 0x3c, 0x00, 0x3b, 0x8f, 0x3e,
  0x56, 0x57, 0x1a, 0xbe, 0xc5, 0xaf, 0x04, 0x3e, 0xee, 0x0a, 0x79, 0x3e,
  0xb2, 0x35, 0xb3, 0x3c, 0xdf, 0x08, 0xc1, 0x3d, 0x0b, 0xe3, 0x9f, 0xbe,
  0x38, 0xda, 0x2d, 0xbe, 0x20, 0x35, 0x7a, 0xbd, 0x76, 0x51, 0x71, 0x3e,
  0x12, 0xc6, 0x04, 0x3e, 0x28, 0x70, 0x4c, 0xbd, 0xa2, 0xc2, 0xc1, 0x3c,
  0x83, 0xb7, 0x44, 0xbc, 0x37, 0x2c, 0x30, 0x3e, 0x82, 0x10, 0x10, 0x3e,
  0x5d, 0x71, 0x43, 0xbc, 0xf7, 0x01, 0xd2, 0xbd, 0xed, 0x31, 0x8a, 0xbd,
  0x9c, 0x83, 0x1f, 0x3e, 0xda, 0xc4, 0x5e, 0xbd, 0x1b, 0x0f, 0x29, 0x3e,
  0xfc, 0x4d, 0x46, 0xbd, 0x03, 0xfd, 0x10, 0xbd, 0x3b, 0x20, 0x7d, 0x3c,
  0xe9, 0x97, 0x33, 0x3e, 0xc0, 0x05, 0x98, 0x3d, 0xfd, 0xa2, 0x2c, 0xbe,
  0x86, 0xf1, 0x90, 0x3c, 0xea, 0x3f, 0x0f, 0x3e, 0xc9, 0x20, 0x98, 0x3c,
  0xeb, 0xac, 0x30, 0xbe, 0x51, 0xf3, 0xd4, 0x3b, 0x02, 0x55, 0x3a, 0x3e,
  0x36, 0x7e, 0xa9, 0x3c, 0x28, 0xf2, 0x35, 0x3d, 0x81, 0x1f, 0xe2, 0x3b,
  0xec, 0xca, 0x35, 0x3a, 0x9a, 0x72, 0xa5, 0x3d, 0x2b, 0x80, 0x94, 0x3c,
  0x9b, 0x9f, 0x08, 0xbe, 0xba, 0xf5, 0x62, 0x3e, 0xf3, 0xdc, 0xb9, 0x3d,
  0xb8, 0x1e, 0x4a, 0xbe, 0xde, 0xc8, 0xf2, 0x3d, 0x1a, 0x63, 0x88, 0xbe,
  0xa5, 0xb6, 0x14, 0x3e, 0xd7, 0x0d, 0x95, 0x3d, 0x71, 0x63, 0x58, 0xbe,
  0x27, 0x77, 0x83, 0xbd, 0x5d, 0x62, 0x9a, 0xbb, 0xb6, 0xb3, 0x2d, 0x3e,
  0xcc, 0x10, 0xca, 0x3c, 0xcb, 0xe0, 0x72, 0xbd, 0x4b, 0x5e, 0xac, 0x3e,
  0xa7, 0x9f, 0x84, 0x3d, 0x81, 0x6a, 0x33, 0xbe, 0xb6, 0x8e, 0x58, 0x3d,
  0x97, 0xbf, 0x0f, 0xbc, 0xe6, 0xba, 0x8b, 0xbe, 0x8b, 0x3c, 0x03, 0xbe,
  0xf6, 0x6f, 0x8e, 0xbd, 0x05, 0xf3, 0x70, 0x3d, 0x01, 0xc8, 0xaa, 0xbd,
  0x9a, 0x21, 0x0b, 0x3d, 0xaf, 0x71, 0xce, 0x3d, 0x40, 0x34, 0x8a, 0xbe,
  0xcf, 0xae, 0xde, 0xbc, 0xf0, 0xb8, 0xdf, 0x3c, 0x40, 0x25, 0xc5, 0xbd,
  0x39, 0xd7, 0x2d, 0x3d, 0xc3, 0xc4, 0x85, 0x3e, 0xd0, 0xec, 0x7b, 0xbe,
  0x88, 0x1c, 0x76, 0x3c, 0xfc, 0x30, 0x64, 0x3c, 0xf3, 0x24, 0x0f, 0x3e,
  0x70, 0x94, 0x5e, 0xbe, 0x32, 0xd1, 0xb7, 0x3e, 0x54, 0x18, 0x06, 0xbc,
  0x90, 0x92, 0x54, 0x3d, 0xf8, 0xad, 0x3d, 0xbd, 0xac, 0xe6, 0x32, 0xbe,
  0x93, 0x09, 0xe6, 0xbb, 0xa1, 0xf1, 0xa5, 0xbd, 0x95, 0xe6, 0x7b, 0x3b,
  0x9a, 0x62, 0x00, 0x3e, 0xb5, 0xd1, 0x2e, 0xbe, 0xff, 0xa3, 0xd3, 0xbd,
  0xe0, 0x44, 0xe1, 0x3b, 0xe3, 0x2b, 0x8b, 0xbd, 0x46, 0x6b, 0x24, 0xbd,
  0xd8, 0x4f, 0xfe, 0xbd, 0x3e, 0x7d, 0x33, 0x3d, 0xab, 0xb5, 0xa2, 0x3d,
  0x4d, 0xdf, 0x19, 0x3d, 0x62, 0x45, 0x3d, 0xbe, 0x77, 0x30, 0xce, 0xbd,
  0x6b, 0x85, 0xdd, 0xbd, 0x83, 0x14, 0x3f, 0x3d, 0xed, 0xbe, 0xf8, 0x3a,
  0xc6, 0xf0, 0x83, 0x3e, 0xc9, 0xbd, 0xa2, 0xbb, 0x58, 0xaa, 0x93, 0xbe,
  0xef, 0x3e, 0xb3, 0x3e, 0xc2, 0x4d, 0x93, 0x3d, 0x2f, 0x75, 0x12, 0xbe,
  0xd4, 0x0e, 0xa6, 0xbd, 0xa0, 0x31, 0x60, 0xbe, 0xdd, 0x0c, 0x90, 0xbc,
  0xde, 0x65, 0x7d, 0x3d, 0x94, 0xeb, 0xde, 0xbd, 0x2e, 0x81, 0xe2, 0x3c,
  0xb3, 0xbd, 0xd1, 0x3d, 0x9b, 0xcb, 0x82, 0xbd, 0xa7, 0x67, 0x38, 0x3e,
  0xad, 0x5b, 0x6b, 0xbe, 0x0b, 0x75, 0xdd, 0xbc, 0x70, 0xd9, 0xcf, 0x3d,
  0xf3, 0x9e, 0xee, 0xbc, 0x9b, 0x98, 0x6a, 0xbd, 0xcb, 0x26, 0x04, 0x3e,
  0x61, 0xeb, 0x3f, 0xbd, 0x59, 0x4f, 0x9c, 0x3d, 0x2f, 0x35, 0x8d, 0x3d,
  0x39, 0x5f, 0x43, 0xbc, 0xf2, 0x08, 0xb3, 0xbd, 0xc1, 0x65, 0x84, 0xbd,
  0xd2, 0x26, 0xd5, 0x3e, 0x99, 0x62, 0x26, 0xbe, 0x5b, 0x5c, 0x3d, 0x3e,
  0x64, 0x43, 0x86, 0x3d, 0x75, 0x94, 0x0c, 0x3e, 0x4d, 0xf2, 0x2e, 0x3d,
  0xee, 0x75, 0x60, 0xbd, 0x9a, 0x17, 0xd3, 0x3c, 0x00, 0x08, 0x29, 0xbe,
  0x6a, 0x92, 0x1c, 0x3d, 0x60, 0xd5, 0xb3, 0x3d, 0x5f, 0xba, 0xb7, 0x3d,
  0x16, 0xd4, 0xae, 0xbd, 0x05, 0x7e, 0x91, 0xbe, 0x49, 0x22, 0x9b, 0x3d,
  0x68, 0x46, 0x1d, 0xbe, 0x63, 0x44, 0x51, 0xbd, 0x38, 0x09, 0xa0, 0x3d,
  0x4e, 0x3a, 0x37, 0xbd, 0x88, 0xc5, 0xcf, 0xbd, 0xf2, 0x43, 0x71, 0x3b,
  0xb1, 0x30, 0xf7, 0x3c, 0xd0, 0x71, 0x33, 0xbe, 0x98, 0x29, 0xb5, 0xbd,
  0x07, 0xfe, 0x1b, 0xbe, 0xab, 0x6b, 0x32, 0x3e, 0xb3, 0x90, 0xf3, 0x3d,
  0xba, 0x77, 0x13, 0xbe, 0x19, 0x1c, 0x82, 0x3d, 0xc1, 0x5b, 0x91, 0x3d,
  0x9f, 0x9e, 0xf3, 0xbd, 0xa5, 0x9a, 0x07, 0x3a, 0xa3, 0x54, 0xa2, 0xbc,
  0x30, 0x4e, 0x1c, 0x3d, 0x6b, 0xd0, 0xcf, 0x3d, 0xfb, 0xf9, 0x80, 0xbd,
  0x80, 0xed, 0xce, 0xbd, 0x73, 0x1d, 0x70, 0x3e, 0xb6, 0x8d, 0xa3, 0xbd,
  0xb9, 0x69, 0xac, 0xbd, 0x5a, 0x7e, 0x30, 0xbd, 0xdb, 0x2a, 0x77, 0x3d,
  0x96, 0x43, 0x23, 0xbe, 0x91, 0x6f, 0x1d, 0x3e, 0x8f, 0x26, 0x00, 0x3e,
  0x49, 0xa4, 0x13, 0xbe, 0xb9, 0x33, 0x95, 0xbe, 0x73, 0x78, 0x99, 0x3d,
  0x2c, 0xa8, 0x68, 0xbd, 0x09, 0x41, 0x2b, 0x3e, 0x99, 0x5c, 0xf9, 0x3d,
  0x0b, 0x92, 0x07, 0x3e, 0x10, 0x49, 0x70, 0xbd, 0xc0, 0xbb, 0xcb, 0x3d,
  0xe9, 0x4f, 0xea, 0xbd, 0xd9, 0x27, 0x37, 0x3e, 0x6b, 0x37, 0xf8, 0xbd,
  0x8f, 0x9a, 0xfa, 0xbc, 0x62, 0x6f, 0xe6, 0xbc, 0x1f, 0x44, 0x5d, 0x3d,
  0x6b, 0xc5, 0x20, 0x3e, 0xf6, 0x55, 0x06, 0x3e, 0xd4, 0x89, 0x13, 0x3d,
  0x3a, 0x90, 0xe2, 0xbd, 0xa8, 0x21, 0x07, 0xbd, 0xe5, 0xa9, 0xf6, 0x3d,
  0xed, 0x18, 0x45, 0xbd, 0x51, 0x45, 0x45, 0xbd, 0xe8, 0x14, 0x22, 0xbd,
  0x4f, 0xca, 0x83, 0x3e, 0x1a, 0x3d, 0x76, 0x3e, 0xfb, 0x0b, 0xdd, 0x3d,
  0x6c, 0x26, 0x4f, 0x3c, 0xf9, 0xe0, 0xe8, 0xbd, 0x08, 0x79, 0xc7, 0x3d,
  0x60, 0xb2, 0x7e, 0xbd, 0x80, 0xe8, 0x13, 0x3e, 0x8d, 0xdf, 0x1b, 0xbe,
  0xf0, 0x5b, 0xb1, 0x3c, 0x99, 0x5f, 0x9c, 0x3c, 0xf8, 0x38, 0x40, 0x3e,
  0x67, 0x33, 0xb1, 0xbc, 0xf9, 0x72, 0x8f, 0x3e, 0x65, 0xf2, 0xaa, 0xbd,
  0x6b, 0xdf, 0x54, 0xbe, 0xc0, 0xae, 0x39, 0x3e, 0x53, 0x70, 0xbe, 0x3d,
  0x2a, 0x78, 0x9f, 0xbd, 0x0a, 0x7e, 0x82, 0xbe, 0xfd, 0x76, 0x0b, 0x3e,
  0x5e, 0x13, 0x6f, 0x3d, 0x2e, 0x8c, 0x1e, 0xbe, 0x6c, 0xa9, 0x07, 0x3c,
  0x37, 0xf9, 0xab, 0x3e, 0x64, 0x61, 0xf0, 0x3d, 0x5c, 0x60, 0x35, 0xbe,
  0x8b, 0x66, 0x0a, 0xbd, 0xb7, 0xa7, 0xc7, 0xbd, 0x41, 0xba, 0x22, 0xbc,
  0x6d, 0xf0, 0xce, 0x3c, 0x15, 0x62, 0x7d, 0xbe, 0xd8, 0x75, 0x52, 0x3e,
  0x11, 0x1c, 0x47, 0xbe, 0x72, 0x28, 0xfd, 0xbd, 0x15, 0x93, 0x5a, 0xbc,
  0x64, 0xb3, 0x91, 0xbd, 0x3f, 0xe3, 0x57, 0x3d, 0x31, 0xc5, 0x56, 0x3d,
  0xf0, 0xac, 0x15, 0x3e, 0x9b, 0x09, 0x85, 0xbd, 0x1e, 0x5f, 0xb9, 0xbb,
  0x2c, 0x5c, 0x7f, 0x3c, 0xdf, 0xdd, 0x18, 0x3d, 0x09, 0xd5, 0x9c, 0x3d,
  0xd6, 0xf8, 0x48, 0xbe, 0x52, 0xd1, 0x12, 0x3d, 0x71, 0x6b, 0x40, 0xbd,
  0xdd, 0xb1, 0x28, 0xbe, 0x7a, 0x2a, 0x36, 0xbe, 0x2a, 0x1f, 0x3b, 0x3d,
  0xec, 0xeb, 0x71, 0x3d, 0x5d, 0xb7, 0xe8, 0x3d, 0xb2, 0x6b, 0x46, 0xbd,
  0x3b, 0xf7, 0x9b, 0x3d, 0x08, 0x59, 0xa4, 0xbd, 0xed, 0x4a, 0x66, 0xbd,
  0x69, 0x9c, 0x50, 0x3d, 0xac, 0xa7, 0xaf, 0x3d, 0x41, 0xb7, 0x4a, 0xbe,
  0x20, 0xee, 0x6d, 0xbe, 0x27, 0x04, 0x07, 0x3e, 0xeb, 0xf3, 0xd9, 0xbd,
  0x15, 0xd2, 0xd4, 0xbd, 0x5c, 0x25, 0xbc, 0x3a, 0xff, 0xf8, 0x84, 0x3d,
  0x57, 0x8f, 0x81, 0xbe, 0x4b, 0x4c, 0xcb, 0x3d, 0x80, 0xe6, 0x9b, 0x3d,
  0x21, 0x9a, 0x43, 0xbd, 0x22, 0x8f, 0x28, 0xbd, 0xe0, 0x47, 0xc1, 0xbd,
  0x6c, 0x28, 0x6f, 0xbd, 0x0d, 0x32, 0xb9, 0x3d, 0x1b, 0xe1, 0x15, 0xbd,
  0xc3, 0x8b, 0x6a, 0x3e, 0x3d, 0xbb, 0x1a, 0xbe, 0xba, 0x77, 0xd6, 0x3d,
  0x70, 0xb7, 0x4e, 0xbd, 0xcb, 0x56, 0xd3, 0x3d, 0x46, 0xb3, 0x36, 0x3e,
  0xed, 0x80, 0xe8, 0x3c, 0x1a, 0x6c, 0xdd, 0xbd, 0x83, 0xf1, 0xa6, 0x3b,
  0x89, 0x74, 0xf4, 0x3d, 0x67, 0x41, 0x52, 0x3e, 0xd1, 0x9d, 0x58, 0xbe,
  0x77, 0x33, 0x8a, 0xbd, 0x3f, 0xc9, 0x41, 0x3e, 0x10, 0xb6, 0x00, 0x3d,
  0x22, 0x7b, 0x85, 0x3d, 0x8a, 0x2c, 0xef, 0x3d, 0x2e, 0x01, 0xba, 0x3d,
  0xe6, 0xc6, 0xff, 0xff, 0x04, 0x00, 0x00, 0x00, 0xc0, 0x01, 0x00, 0x00,
  0x01, 0x5b, 0xd9, 0xbe, 0x6f, 0xf1, 0x4d, 0xbe, 0x16, 0x58, 0x6e, 0xbe,
  0x7b, 0xa2, 0xcc, 0xbe, 0x75, 0xa7, 0xcd, 0x3c, 0x8c, 0x5f, 0xa8, 0x3e,
  0x08, 0x48, 0xc6, 0x3e, 0x9a, 0xd5, 0x67, 0x3e, 0x83, 0xa3, 0x87, 0x3e,
  0x6b, 0xad, 0xe4, 0xbe, 0x2b, 0x6e, 0x3d, 0xbe, 0x13, 0x59, 0x03, 0x3d,
  0xdb, 0x15, 0x55, 0xbe, 0x67, 0xbc, 0x01, 0xbf, 0xc2, 0xa7, 0xd5, 0xbe,
  0x99, 0x7e, 0xe6, 0xbe, 0xff, 0xf9, 0xaa, 0x3d, 0xa4, 0x4b, 0xf8, 0xbe,
  0x2c, 0x21, 0xe1, 0xbe, 0xfe, 0x9d, 0x09, 0x3e, 0x0c, 0x9f, 0xab, 0xbe,
  0x97, 0x58, 0x41, 0x3e, 0x45, 0xc8, 0x14, 0xbe, 0x4b, 0xcd, 0x05, 0xbf,
  0xb6, 0xad, 0xc9, 0xbc, 0xb9, 0xfe, 0x20, 0xbd, 0x82, 0x22, 0xd9, 0xbe,
  0x46, 0x9e, 0x2e, 0xbe, 0xba, 0x09, 0xb1, 0x3d, 0xc4, 0xd1, 0x59, 0x3e,
  0xe1, 0x80, 0xfe, 0x3d, 0x38, 0xe6, 0x86, 0x3d, 0x73, 0x34, 0x1f, 0x3e,
  0x97, 0xe8, 0xad, 0xbe, 0x0c, 0xbb, 0x14, 0xbe, 0x1d, 0x12, 0x15, 0x3e,
  0x03, 0x88, 0x38, 0x3d, 0x56, 0x21, 0xc0, 0xbe, 0x84, 0x10, 0x5a, 0xbd,
  0x42, 0xab, 0x93, 0x3e, 0x0b, 0x9c, 0xd0, 0xbe, 0xf6, 0x0f, 0x6d, 0xbe,
  0xb0, 0xe5, 0xdf, 0x3e, 0x6d, 0x9b, 0x03, 0x3f, 0x5f, 0x33, 0x01, 0xbe,
  0x7e, 0xc1, 0x6d, 0x3e, 0x5d, 0x3c, 0xc3, 0x3e, 0x0f, 0x15, 0x57, 0x3c,
  0x72, 0x48, 0xb3, 0x3e, 0x96, 0x34, 0x0f, 0xbe, 0x86, 0x18, 0x50, 0x3e,
  0x13, 0x1c, 0x6f, 0x3e, 0xf5, 0xc9, 0xc9, 0x3e, 0xf3, 0xf9, 0xfa, 0x3e,
  0x2d, 0xff, 0xb2, 0xbe, 0xa1, 0xbd, 0xa2, 0x3e, 0x0f, 0xfb, 0xcb, 0xbd,
  0xb5, 0xd0, 0x64, 0x3d, 0x48, 0x77, 0x57, 0xbd, 0xd7, 0x89, 0x0f, 0xbf,
  0x00, 0x02, 0x93, 0x3e, 0xac, 0x9b, 0xb4, 0xbd, 0xbe, 0x7d, 0x8d, 0x3e,
  0x03, 0x34, 0xce, 0x3e, 0x1e, 0xf1, 0x1f, 0x3e, 0xb5, 0xd5, 0xb7, 0x3e,
  0x73, 0x9e, 0x5c, 0xbe, 0x58, 0xe0, 0x05, 0xbe, 0x04, 0x6e, 0x00, 0xbf,
  0x44, 0x01, 0x05, 0x3f, 0x98, 0x4a, 0x90, 0x3c, 0x0a, 0x0f, 0x9e, 0x3e,
  0xb5, 0xbc, 0xb1, 0xbb, 0xe2, 0x1f, 0x21, 0xbe, 0xc2, 0xa5, 0x68, 0xbe,
  0x17, 0xe5, 0x6e, 0xbe, 0x6c, 0xee, 0xac, 0x3e, 0x68, 0xe0, 0xf5, 0xbe,
  0xb2, 0xca, 0xbc, 0xbe, 0x77, 0x8f, 0xcc, 0x3e, 0xe2, 0xcb, 0x1c, 0xbe,
  0x43, 0x67, 0xa8, 0x3e, 0x1f, 0xa3, 0x94, 0x3e, 0x37, 0xe1, 0xc2, 0xbd,
  0x8c, 0x18, 0xaa, 0xbe, 0x50, 0x00, 0x9c, 0x3d, 0xa3, 0x9e, 0x41, 0x3e,
  0x43, 0x9e, 0x2c, 0xbe, 0xc7, 0x46, 0x0c, 0xbd, 0xe8, 0x6e, 0xaa, 0x3e,
  0x64, 0xf6, 0xd7, 0x3d, 0xc8, 0x63, 0x35, 0x3d, 0x50, 0x1e, 0x0f, 0x3e,
  0x2b, 0x03, 0xc3, 0xbd, 0x64, 0x44, 0xe1, 0x3d, 0x4a, 0x69, 0xf3, 0x3d,
  0xfd, 0xfb, 0x4d, 0x3b, 0x27, 0x0f, 0xa4, 0x3c, 0x43, 0xd6, 0x13, 0xbe,
  0xa0, 0xff, 0xd0, 0xbe, 0x3d, 0xd9, 0xaf, 0x3e, 0x85, 0x91, 0xa7, 0xbe,
  0xd4, 0x2d, 0xac, 0x3e, 0xc0, 0x05, 0xb1, 0xbe, 0x6a, 0x31, 0xe7, 0xbd,
  0xee, 0xff, 0x9d, 0x3d, 0x22, 0xe9, 0x05, 0xbf, 0xe7, 0x9b, 0x02, 0xbf,
  0x2c, 0x9a, 0xc1, 0xbe, 0xe9, 0x63, 0xcc, 0xbe, 0x2d, 0x26, 0x00, 0x3f,
  0xca, 0x56, 0x78, 0x3e, 0xb2, 0xc8, 0xff, 0xff, 0x04, 0x00, 0x00, 0x00,
  0x04, 0x00, 0x00, 0x00, 0x40, 0x00, 0x00, 0x00, 0xc2, 0xc8, 0xff, 0xff,
  0x04, 0x00, 0x00, 0x00, 0x1c, 0x00, 0x00, 0x00, 0x1a, 0x68, 0xad, 0xbd,
  0x89, 0x89, 0xe6, 0xbd, 0x31, 0x89, 0x07, 0x3e, 0x16, 0x2b, 0x05, 0xbe,
  0x30, 0x57, 0x00, 0xbe, 0x53, 0x09, 0x04, 0xbe, 0xb0, 0x07, 0x02, 0xbe,
  0x6c, 0x39, 0xff, 0xff, 0x70, 0x39, 0xff, 0xff, 0x0f, 0x00, 0x00, 0x00,
  0x4d, 0x4c, 0x49, 0x52, 0x20, 0x43, 0x6f, 0x6e, 0x76, 0x65, 0x72, 0x74,
  0x65, 0x64, 0x2e, 0x00, 0x01, 0x00, 0x00, 0x00, 0x14, 0x00, 0x00, 0x00,
  0x00, 0x00, 0x0e, 0x00, 0x18, 0x00, 0x14, 0x00, 0x10, 0x00, 0x0c, 0x00,
  0x08, 0x00, 0x04, 0x00, 0x0e, 0x00, 0x00, 0x00, 0x14, 0x00, 0x00, 0x00,
  0x1c, 0x00, 0x00, 0x00, 0x6c, 0x37, 0x00, 0x00, 0x70, 0x37, 0x00, 0x00,
  0x74, 0x37, 0x00, 0x00, 0x04, 0x00, 0x00, 0x00, 0x6d, 0x61, 0x69, 0x6e,
  0x00, 0x00, 0x00, 0x00, 0x29, 0x01, 0x00, 0x00, 0x30, 0x37, 0x00, 0x00,
  0x9c, 0x36, 0x00, 0x00, 0x54, 0x36, 0x00, 0x00, 0x00, 0x36, 0x00, 0x00,
  0xdc, 0x35, 0x00, 0x00, 0xac, 0x35, 0x00, 0x00, 0x88, 0x35, 0x00, 0x00,
  0x54, 0x35, 0x00, 0x00, 0x30, 0x35, 0x00, 0x00, 0xfc, 0x34, 0x00, 0x00,
  0xc4, 0x34, 0x00, 0x00, 0xa0, 0x34, 0x00, 0x00, 0x68, 0x34, 0x00, 0x00,
  0x30, 0x34, 0x00, 0x00, 0xf8, 0x33, 0x00, 0x00, 0xc0, 0x33, 0x00, 0x00,
  0x88, 0x33, 0x00, 0x00, 0x50, 0x33, 0x00, 0x00, 0x18, 0x33, 0x00, 0x00,
  0xe0, 0x32, 0x00, 0x00, 0xa8, 0x32, 0x00, 0x00, 0x70, 0x32, 0x00, 0x00,
  0x38, 0x32, 0x00, 0x00, 0x04, 0x32, 0x00, 0x00, 0xd0, 0x31, 0x00, 0x00,
  0x8c, 0x31, 0x00, 0x00, 0x68, 0x31, 0x00, 0x00, 0x44, 0x31, 0x00, 0x00,
  0x10, 0x31, 0x00, 0x00, 0xec, 0x30, 0x00, 0x00, 0xc8, 0x30, 0x00, 0x00,
  0x94, 0x30, 0x00, 0x00, 0x60, 0x30, 0x00, 0x00, 0x3c, 0x30, 0x00, 0x00,
  0x08, 0x30, 0x00, 0x00, 0xd0, 0x2f, 0x00, 0x00, 0xac, 0x2f, 0x00, 0x00,
  0x74, 0x2f, 0x00, 0x00, 0x3c, 0x2f, 0x00, 0x00, 0x04, 0x2f, 0x00, 0x00,
  0xcc, 0x2e, 0x00, 0x00, 0x94, 0x2e, 0x00, 0x00, 0x5c, 0x2e, 0x00, 0x00,
  0x28, 0x2e, 0x00, 0x00, 0xf4, 0x2d, 0x00, 0x00, 0xb0, 0x2d, 0x00, 0x00,
  0x8c, 0x2d, 0x00, 0x00, 0x68, 0x2d, 0x00, 0x00, 0x34, 0x2d, 0x00, 0x00,
  0x10, 0x2d, 0x00, 0x00, 0xec, 0x2c, 0x00, 0x00, 0xb8, 0x2c, 0x00, 0x00,
  0x84, 0x2c, 0x00, 0x00, 0x60, 0x2c, 0x00, 0x00, 0x2c, 0x2c, 0x00, 0x00,
  0xf4, 0x2b, 0x00, 0x00, 0xd0, 0x2b, 0x00, 0x00, 0x98, 0x2b, 0x00, 0x00,
  0x64, 0x2b, 0x00, 0x00, 0x30, 0x2b, 0x00, 0x00, 0xec, 0x2a, 0x00, 0x00,
  0xc8, 0x2a, 0x00, 0x00, 0xa4, 0x2a, 0x00, 0x00, 0x70, 0x2a, 0x00, 0x00,
  0x4c, 0x2a, 0x00, 0x00, 0x28, 0x2a, 0x00, 0x00, 0xf4, 0x29, 0x00, 0x00,
  0xc0, 0x29, 0x00, 0x00, 0x9c, 0x29, 0x00, 0x00, 0x68, 0x29, 0x00, 0x00,
  0x30, 0x29, 0x00, 0x00, 0x0c, 0x29, 0x00, 0x00, 0xd4, 0x28, 0x00, 0x00,
  0xa0, 0x28, 0x00, 0x00, 0x6c, 0x28, 0x00, 0x00, 0x28, 0x28, 0x00, 0x00,
  0x04, 0x28, 0x00, 0x00, 0xe0, 0x27, 0x00, 0x00, 0xac, 0x27, 0x00, 0x00,
  0x88, 0x27, 0x00, 0x00, 0x64, 0x27, 0x00, 0x00, 0x30, 0x27, 0x00, 0x00,
  0xfc, 0x26, 0x00, 0x00, 0xd8, 0x26, 0x00, 0x00, 0xa4, 0x26, 0x00, 0x00,
  0x6c, 0x26, 0x00, 0x00, 0x48, 0x26, 0x00, 0x00, 0x14, 0x26, 0x00, 0x00,
  0xe0, 0x25, 0x00, 0x00, 0x9c, 0x25, 0x00, 0x00, 0x78, 0x25, 0x00, 0x00,
  0x54, 0x25, 0x00, 0x00, 0x20, 0x25, 0x00, 0x00, 0xfc, 0x24, 0x00, 0x00,
  0xd8, 0x24, 0x00, 0x00, 0xa4, 0x24, 0x00, 0x00, 0x70, 0x24, 0x00, 0x00,
  0x4c, 0x24, 0x00, 0x00, 0x18, 0x24, 0x00, 0x00, 0xe0, 0x23, 0x00, 0x00,
  0xbc, 0x23, 0x00, 0x00, 0x88, 0x23, 0x00, 0x00, 0x54, 0x23, 0x00, 0x00,
  0x10, 0x23, 0x00, 0x00, 0xec, 0x22, 0x00, 0x00, 0xc8, 0x22, 0x00, 0x00,
  0x94, 0x22, 0x00, 0x00, 0x70, 0x22, 0x00, 0x00, 0x4c, 0x22, 0x00, 0x00,
  0x18, 0x22, 0x00, 0x00, 0xe4, 0x21, 0x00, 0x00, 0xc0, 0x21, 0x00, 0x00,
  0x8c, 0x21, 0x00, 0x00, 0x54, 0x21, 0x00, 0x00, 0x30, 0x21, 0x00, 0x00,
  0xfc, 0x20, 0x00, 0x00, 0xc8, 0x20, 0x00, 0x00, 0x84, 0x20, 0x00, 0x00,
  0x60, 0x20, 0x00, 0x00, 0x3c, 0x20, 0x00, 0x00, 0x08, 0x20, 0x00, 0x00,
  0xe4, 0x1f, 0x00, 0x00, 0xc0, 0x1f, 0x00, 0x00, 0x8c, 0x1f, 0x00, 0x00,
  0x58, 0x1f, 0x00, 0x00, 0x34, 0x1f, 0x00, 0x00, 0x00, 0x1f, 0x00, 0x00,
  0xc8, 0x1e, 0x00, 0x00, 0xa4, 0x1e, 0x00, 0x00, 0x70, 0x1e, 0x00, 0x00,
  0x3c, 0x1e, 0x00, 0x00, 0xf8, 0x1d, 0x00, 0x00, 0xd4, 0x1d, 0x00, 0x00,
  0xb0, 0x1d, 0x00, 0x00, 0x7c, 0x1d, 0x00, 0x00, 0x58, 0x1d, 0x00, 0x00,
  0x34, 0x1d, 0x00, 0x00, 0x00, 0x1d, 0x00, 0x00, 0xcc, 0x1c, 0x00, 0x00,
  0xa8, 0x1c, 0x00, 0x00, 0x74, 0x1c, 0x00, 0x00, 0x3c, 0x1c, 0x00, 0x00,
  0x18, 0x1c, 0x00, 0x00, 0xe4, 0x1b, 0x00, 0x00, 0xb0, 0x1b, 0x00, 0x00,
  0x6c, 0x1b, 0x00, 0x00, 0x48, 0x1b, 0x00, 0x00, 0x24, 0x1b, 0x00, 0x00,
  0xf0, 0x1a, 0x00, 0x00, 0xcc, 0x1a, 0x00, 0x00, 0xa8, 0x1a, 0x00, 0x00,
  0x74, 0x1a, 0x00, 0x00, 0x40, 0x1a, 0x00, 0x00, 0x1c, 0x1a, 0x00, 0x00,
  0xe8, 0x19, 0x00, 0x00, 0xb0, 0x19, 0x00, 0x00, 0x8c, 0x19, 0x00, 0x00,
  0x58, 0x19, 0x00, 0x00, 0x24, 0x19, 0x00, 0x00, 0xe0, 0x18, 0x00, 0x00,
  0xbc, 0x18, 0x00, 0x00, 0x98, 0x18, 0x00, 0x00, 0x64, 0x18, 0x00, 0x00,
  0x40, 0x18, 0x00, 0x00, 0x1c, 0x18, 0x00, 0x00, 0xe8, 0x17, 0x00, 0x00,
  0xb4, 0x17, 0x00, 0x00, 0x90, 0x17, 0x00, 0x00, 0x5c, 0x17, 0x00, 0x00,
  0x24, 0x17, 0x00, 0x00, 0x00, 0x17, 0x00, 0x00, 0xcc, 0x16, 0x00, 0x00,
  0x98, 0x16, 0x00, 0x00, 0x54, 0x16, 0x00, 0x00, 0x30, 0x16, 0x00, 0x00,
  0x0c, 0x16, 0x00, 0x00, 0xd8, 0x15, 0x00, 0x00, 0xb4, 0x15, 0x00, 0x00,
  0x90, 0x15, 0x00, 0x00, 0x5c, 0x15, 0x00, 0x00, 0x28, 0x15, 0x00, 0x00,
  0x04, 0x15, 0x00, 0x00, 0xd0, 0x14, 0x00, 0x00, 0x98, 0x14, 0x00, 0x00,
  0x74, 0x14, 0x00, 0x00, 0x40, 0x14, 0x00, 0x00, 0x0c, 0x14, 0x00, 0x00,
  0xc8, 0x13, 0x00, 0x00, 0xa4, 0x13, 0x00, 0x00, 0x80, 0x13, 0x00, 0x00,
  0x4c, 0x13, 0x00, 0x00, 0x28, 0x13, 0x00, 0x00, 0x04, 0x13, 0x00, 0x00,
  0xd0, 0x12, 0x00, 0x00, 0x9c, 0x12, 0x00, 0x00, 0x78, 0x12, 0x00, 0x00,
  0x44, 0x12, 0x00, 0x00, 0x0c, 0x12, 0x00, 0x00, 0xe8, 0x11, 0x00, 0x00,
  0xb4, 0x11, 0x00, 0x00, 0x80, 0x11, 0x00, 0x00, 0x3c, 0x11, 0x00, 0x00,
  0x18, 0x11, 0x00, 0x00, 0xf4, 0x10, 0x00, 0x00, 0xc0, 0x10, 0x00, 0x00,
  0x9c, 0x10, 0x00, 0x00, 0x78, 0x10, 0x00, 0x00, 0x44, 0x10, 0x00, 0x00,
  0x10, 0x10, 0x00, 0x00, 0xec, 0x0f, 0x00, 0x00, 0xb8, 0x0f, 0x00, 0x00,
  0x80, 0x0f, 0x00, 0x00, 0x5c, 0x0f, 0x00, 0x00, 0x28, 0x0f, 0x00, 0x00,
  0xf4, 0x0e, 0x00, 0x00, 0xb0, 0x0e, 0x00, 0x00, 0x8c, 0x0e, 0x00, 0x00,
  0x68, 0x0e, 0x00, 0x00, 0x34, 0x0e, 0x00, 0x00, 0x10, 0x0e, 0x00, 0x00,
  0xec, 0x0d, 0x00, 0x00, 0xb8, 0x0d, 0x00, 0x00, 0x84, 0x0d, 0x00, 0x00,
  0x60, 0x0d, 0x00, 0x00, 0x2c, 0x0d, 0x00, 0x00, 0xf4, 0x0c, 0x00, 0x00,
  0xd0, 0x0c, 0x00, 0x00, 0x9c, 0x0c, 0x00, 0x00, 0x68, 0x0c, 0x00, 0x00,
  0x24, 0x0c, 0x00, 0x00, 0x00, 0x0c, 0x00, 0x00, 0xdc, 0x0b, 0x00, 0x00,
  0xa8, 0x0b, 0x00, 0x00, 0x84, 0x0b, 0x00, 0x00, 0x60, 0x0b, 0x00, 0x00,
  0x2c, 0x0b, 0x00, 0x00, 0xf8, 0x0a, 0x00, 0x00, 0xd4, 0x0a, 0x00, 0x00,
  0xa0, 0x0a, 0x00, 0x00, 0x68, 0x0a, 0x00, 0x00, 0x44, 0x0a, 0x00, 0x00,
  0x10, 0x0a, 0x00, 0x00, 0xdc, 0x09, 0x00, 0x00, 0x98, 0x09, 0x00, 0x00,
  0x74, 0x09, 0x00, 0x00, 0x50, 0x09, 0x00, 0x00, 0x1c, 0x09, 0x00, 0x00,
  0xf8, 0x08, 0x00, 0x00, 0xd4, 0x08, 0x00, 0x00, 0xa0, 0x08, 0x00, 0x00,
  0x6c, 0x08, 0x00, 0x00, 0x48, 0x08, 0x00, 0x00, 0x14, 0x08, 0x00, 0x00,
  0xdc, 0x07, 0x00, 0x00, 0xb8, 0x07, 0x00, 0x00, 0x84, 0x07, 0x00, 0x00,
  0x50, 0x07, 0x00, 0x00, 0x0c, 0x07, 0x00, 0x00, 0xe8, 0x06, 0x00, 0x00,
  0xc4, 0x06, 0x00, 0x00, 0x90, 0x06, 0x00, 0x00, 0x6c, 0x06, 0x00, 0x00,
  0x48, 0x06, 0x00, 0x00, 0x14, 0x06, 0x00, 0x00, 0xe0, 0x05, 0x00, 0x00,
  0xbc, 0x05, 0x00, 0x00, 0x88, 0x05, 0x00, 0x00, 0x50, 0x05, 0x00, 0x00,
  0x2c, 0x05, 0x00, 0x00, 0xf8, 0x04, 0x00, 0x00, 0xc4, 0x04, 0x00, 0x00,
  0x80, 0x04, 0x00, 0x00, 0x5c, 0x04, 0x00, 0x00, 0x38, 0x04, 0x00, 0x00,
  0x04, 0x04, 0x00, 0x00, 0xe0, 0x03, 0x00, 0x00, 0xbc, 0x03, 0x00, 0x00,
  0x88, 0x03, 0x00, 0x00, 0x54, 0x03, 0x00, 0x00, 0x30, 0x03, 0x00, 0x00,
  0xfc, 0x02, 0x00, 0x00, 0xc4, 0x02, 0x00, 0x00, 0xa0, 0x02, 0x00, 0x00,
  0x6c, 0x02, 0x00, 0x00, 0x38, 0x02, 0x00, 0x00, 0xf4, 0x01, 0x00, 0x00,
  0xd0, 0x01, 0x00, 0x00, 0xac, 0x01, 0x00, 0x00, 0x78, 0x01, 0x00, 0x00,
  0x54, 0x01, 0x00, 0x00, 0x30, 0x01, 0x00, 0x00, 0xfc, 0x00, 0x00, 0x00,
  0xc8, 0x00, 0x00, 0x00, 0xa4, 0x00, 0x00, 0x00, 0x70, 0x00, 0x00, 0x00,
  0x38, 0x00, 0x00, 0x00, 0x04, 0x00, 0x00, 0x00, 0x56, 0xce, 0xff, 0xff,
  0x14, 0x00, 0x00, 0x00, 0x00, 0x00, 0x00, 0x09, 0x14, 0x00, 0x00, 0x00,
  0x18, 0x00, 0x00, 0x00, 0x08, 0x00, 0x00, 0x00, 0x02, 0xce, 0xff, 0xff,
  0x00, 0x00, 0x80, 0x3f, 0x01, 0x00, 0x00, 0x00, 0x80, 0x01, 0x00, 0x00,
  0x01, 0x00, 0x00, 0x00, 0x7f, 0x01, 0x00, 0x00, 0x86, 0xce, 0xff, 0xff,
  0x14, 0x00, 0x00, 0x00, 0x00, 0x00, 0x00, 0x08, 0x10, 0x00, 0x00, 0x00,
  0x14, 0x00, 0x00, 0x00, 0x02, 0x00, 0x00, 0x00, 0xb4, 0x3e, 0xff, 0xff,
  0x01, 0x00, 0x00, 0x00, 0x7f, 0x01, 0x00, 0x00, 0x03, 0x00, 0x00, 0x00,
  0x7e, 0x01, 0x00, 0x00, 0x03, 0x00, 0x00, 0x00, 0x01, 0x00, 0x00, 0x00,
  0xba, 0xce, 0xff, 0xff, 0x14, 0x00, 0x00, 0x00, 0x00, 0x00, 0x00, 0x15,
  0x10, 0x00, 0x00, 0x00, 0x14, 0x00, 0x00, 0x00, 0x06, 0x00, 0x00, 0x00,
  0xe8, 0x3e, 0xff, 0xff, 0x01, 0x00, 0x00, 0x00, 0x7e, 0x01, 0x00, 0x00,
  0x02, 0x00, 0x00, 0x00, 0x79, 0x01, 0x00, 0x00, 0x7d, 0x01, 0x00, 0x00,
  0x56, 0xcf, 0xff, 0xff, 0x0c, 0x00, 0x00, 0x00, 0x10, 0x00, 0x00, 0x00,
  0x05, 0x00, 0x00, 0x00, 0x01, 0x00, 0x00, 0x00, 0x7d, 0x01, 0x00, 0x00,
  0x01, 0x00, 0x00, 0x00, 0x7c, 0x01, 0x00, 0x00, 0x0a, 0xcf, 0xff, 0xff,
  0x14, 0x00, 0x00, 0x00, 0x00, 0x00, 0x00, 0x0b, 0x10, 0x00, 0x00, 0x00,
  0x14, 0x00, 0x00, 0x00, 0x07, 0x00, 0x00, 0x00, 0x38, 0x3f, 0xff, 0xff,
  0x01, 0x00, 0x00, 0x00, 0x7c, 0x01, 0x00, 0x00, 0x02, 0x00, 0x00, 0x00,
  0x78, 0x01, 0x00, 0x00, 0x7b, 0x01, 0x00, 0x00, 0x3a, 0xcf, 0xff, 0xff,
  0x14, 0x00, 0x00, 0x00, 0x00, 0x00, 0x00, 0x15, 0x10, 0x00, 0x00, 0x00,
  0x14, 0x00, 0x00, 0x00, 0x06, 0x00, 0x00, 0x00, 0x68, 0x3f, 0xff, 0xff,
  0x01, 0x00, 0x00, 0x00, 0x7b, 0x01, 0x00, 0x00, 0x02, 0x00, 0x00, 0x00,
  0x76, 0x01, 0x00, 0x00, 0x7a, 0x01, 0x00, 0x00, 0xd6, 0xcf, 0xff, 0xff,
  0x0c, 0x00, 0x00, 0x00, 0x10, 0x00, 0x00, 0x00, 0x05, 0x00, 0x00, 0x00,
  0x01, 0x00, 0x00, 0x00, 0x7a, 0x01, 0x00, 0x00, 0x01, 0x00, 0x00, 0x00,
  0x74, 0x01, 0x00, 0x00, 0xf6, 0xcf, 0xff, 0xff, 0x0c, 0x00, 0x00, 0x00,
  0x10, 0x00, 0x00, 0x00, 0x04, 0x00, 0x00, 0x00, 0x01, 0x00, 0x00, 0x00,
  0x79, 0x01, 0x00, 0x00, 0x01, 0x00, 0x00, 0x00, 0x75, 0x01, 0x00, 0x00,
  0xaa, 0xcf, 0xff, 0xff, 0x14, 0x00, 0x00, 0x00, 0x00, 0x00, 0x00, 0x15,
  0x10, 0x00, 0x00, 0x00, 0x14, 0x00, 0x00, 0x00, 0x06, 0x00, 0x00, 0x00,
  0xd8, 0x3f, 0xff, 0xff, 0x01, 0x00, 0x00, 0x00, 0x78, 0x01, 0x00, 0x00,
  0x02, 0x00, 0x00, 0x00, 0x77, 0x01, 0x00, 0x00, 0x6b, 0x01, 0x00, 0x00,
  0x46, 0xd0, 0xff, 0xff, 0x0c, 0x00, 0x00, 0x00, 0x10, 0x00, 0x00, 0x00,
  0x04, 0x00, 0x00, 0x00, 0x01, 0x00, 0x00, 0x00, 0x77, 0x01, 0x00, 0x00,
  0x01, 0x00, 0x00, 0x00, 0x73, 0x01, 0x00, 0x00, 0x66, 0xd0, 0xff, 0xff,
  0x0c, 0x00, 0x00, 0x00, 0x10, 0x00, 0x00, 0x00, 0x04, 0x00, 0x00, 0x00,
  0x01, 0x00, 0x00, 0x00, 0x76, 0x01, 0x00, 0x00, 0x01, 0x00, 0x00, 0x00,
  0x72, 0x01, 0x00, 0x00, 0x1a, 0xd0, 0xff, 0xff, 0x14, 0x00, 0x00, 0x00,
  0x00, 0x00, 0x00, 0x23, 0x14, 0x00, 0x00, 0x00, 0x24, 0x00, 0x00, 0x00,
  0x03, 0x00, 0x00, 0x00, 0xc6, 0xcf, 0xff, 0xff, 0x04, 0x00, 0x00, 0x00,
  0x04, 0x00, 0x00, 0x00, 0x72, 0x01, 0x00, 0x00, 0x73, 0x01, 0x00, 0x00,
  0x74, 0x01, 0x00, 0x00, 0x75, 0x01, 0x00, 0x00, 0x02, 0x00, 0x00, 0x00,
  0x07, 0x00, 0x00, 0x00, 0x71, 0x01, 0x00, 0x00, 0x5a, 0xd0, 0xff, 0xff,
  0x14, 0x00, 0x00, 0x00, 0x00, 0x00, 0x00, 0x0b, 0x10, 0x00, 0x00, 0x00,
  0x14, 0x00, 0x00, 0x00, 0x07, 0x00, 0x00, 0x00, 0x88, 0x40, 0xff, 0xff,
  0x01, 0x00, 0x00, 0x00, 0x71, 0x01, 0x00, 0x00, 0x02, 0x00, 0x00, 0x00,
  0x70, 0x01, 0x00, 0x00, 0x06, 0x00, 0x00, 0x00, 0x8a, 0xd0, 0xff, 0xff,
  0x14, 0x00, 0x00, 0x00, 0x00, 0x00, 0x00, 0x0b, 0x10, 0x00, 0x00, 0x00,
  0x14, 0x00, 0x00, 0x00, 0x07, 0x00, 0x00, 0x00, 0xb8, 0x40, 0xff, 0xff,
  0x01, 0x00, 0x00, 0x00, 0x70, 0x01, 0x00, 0x00, 0x02, 0x00, 0x00, 0x00,
  0x4b, 0x00, 0x00, 0x00, 0x6f, 0x01, 0x00, 0x00, 0xe2, 0xcf, 0xff, 0xff,
  0x08, 0x00, 0x00, 0x00, 0x0c, 0x00, 0x00, 0x00, 0x01, 0x00, 0x00, 0x00,
  0x6f, 0x01, 0x00, 0x00, 0x02, 0x00, 0x00, 0x00, 0x6e, 0x01, 0x00, 0x00,
  0x02, 0x00, 0x00, 0x00, 0xda, 0xd0, 0xff, 0xff, 0x14, 0x00, 0x00, 0x00,
  0x00, 0x00, 0x00, 0x08, 0x10, 0x00, 0x00, 0x00, 0x14, 0x00, 0x00, 0x00,
  0x02, 0x00, 0x00, 0x00, 0x08, 0x41, 0xff, 0xff, 0x01, 0x00, 0x00, 0x00,
  0x6e, 0x01, 0x00, 0x00, 0x03, 0x00, 0x00, 0x00, 0x6d, 0x01, 0x00, 0x00,
  0x04, 0x00, 0x00, 0x00, 0xff, 0xff, 0xff, 0xff, 0x0e, 0xd1, 0xff, 0xff,
  0x14, 0x00, 0x00, 0x00, 0x00, 0x00, 0x00, 0x15, 0x10, 0x00, 0x00, 0x00,
  0x14, 0x00, 0x00, 0x00, 0x06, 0x00, 0x00, 0x00, 0x3c, 0x41, 0xff, 0xff,
  0x01, 0x00, 0x00, 0x00, 0x6d, 0x01, 0x00, 0x00, 0x02, 0x00, 0x00, 0x00,
  0x68, 0x01, 0x00, 0x00, 0x6c, 0x01, 0x00, 0x00, 0xaa, 0xd1, 0xff, 0xff,
  0x0c, 0x00, 0x00, 0x00, 0x10, 0x00, 0x00, 0x00, 0x05, 0x00, 0x00, 0x00,
  0x01, 0x00, 0x00, 0x00, 0x6c, 0x01, 0x00, 0x00, 0x01, 0x00, 0x00, 0x00,
  0x6b, 0x01, 0x00, 0x00, 0x5e, 0xd1, 0xff, 0xff, 0x14, 0x00, 0x00, 0x00,
  0x00, 0x00, 0x00, 0x0b, 0x10, 0x00, 0x00, 0x00, 0x14, 0x00, 0x00, 0x00,
  0x07, 0x00, 0x00, 0x00, 0x8c, 0x41, 0xff, 0xff, 0x01, 0x00, 0x00, 0x00,
  0x6b, 0x01, 0x00, 0x00, 0x02, 0x00, 0x00, 0x00, 0x67, 0x01, 0x00, 0x00,
  0x6a, 0x01, 0x00, 0x00, 0x8e, 0xd1, 0xff, 0xff, 0x14, 0x00, 0x00, 0x00,
  0x00, 0x00, 0x00, 0x15, 0x10, 0x00, 0x00, 0x00, 0x14, 0x00, 0x00, 0x00,
  0x06, 0x00, 0x00, 0x00, 0xbc, 0x41, 0xff, 0xff, 0x01, 0x00, 0x00, 0x00,
  0x6a, 0x01, 0x00, 0x00, 0x02, 0x00, 0x00, 0x00, 0x65, 0x01, 0x00, 0x00,
  0x69, 0x01, 0x00, 0x00, 0x2a, 0xd2, 0xff, 0xff, 0x0c, 0x00, 0x00, 0x00,
  0x10, 0x00, 0x00, 0x00, 0x05, 0x00, 0x00, 0x00, 0x01, 0x00, 0x00, 0x00,
  0x69, 0x01, 0x00, 0x00, 0x01, 0x00, 0x00, 0x00, 0x63, 0x01, 0x00, 0x00,
  0x4a, 0xd2, 0xff, 0xff, 0x0c, 0x00, 0x00, 0x00, 0x10, 0x00, 0x00, 0x00,
  0x04, 0x00, 0x00, 0x00, 0x01, 0x00, 0x00, 0x00, 0x68, 0x01, 0x00, 0x00,
  0x01, 0x00, 0x00, 0x00, 0x64, 0x01, 0x00, 0x00, 0xfe, 0xd1, 0xff, 0xff,
  0x14, 0x00, 0x00, 0x00, 0x00, 0x00, 0x00, 0x15, 0x10, 0x00, 0x00, 0x00,
  0x14, 0x00, 0x00, 0x00, 0x06, 0x00, 0x00, 0x00, 0x2c, 0x42, 0xff, 0xff,
  0x01, 0x00, 0x00, 0x00, 0x67, 0x01, 0x00, 0x00, 0x02, 0x00, 0x00, 0x00,
  0x66, 0x01, 0x00, 0x00, 0x5a, 0x01, 0x00, 0x00, 0x9a, 0xd2, 0xff, 0xff,
  0x0c, 0x00, 0x00, 0x00, 0x10, 0x00, 0x00, 0x00, 0x04, 0x00, 0x00, 0x00,
  0x01, 0x00, 0x00, 0x00, 0x66, 0x01, 0x00, 0x00, 0x01, 0x00, 0x00, 0x00,
  0x62, 0x01, 0x00, 0x00, 0xba, 0xd2, 0xff, 0xff, 0x0c, 0x00, 0x00, 0x00,
  0x10, 0x00, 0x00, 0x00, 0x04, 0x00, 0x00, 0x00, 0x01, 0x00, 0x00, 0x00,
  0x65, 0x01, 0x00, 0x00, 0x01, 0x00, 0x00, 0x00, 0x61, 0x01, 0x00, 0x00,
  0x6e, 0xd2, 0xff, 0xff, 0x14, 0x00, 0x00, 0x00, 0x00, 0x00, 0x00, 0x23,
  0x14, 0x00, 0x00, 0x00, 0x24, 0x00, 0x00, 0x00, 0x03, 0x00, 0x00, 0x00,
  0x1a, 0xd2, 0xff, 0xff, 0x04, 0x00, 0x00, 0x00, 0x04, 0x00, 0x00, 0x00,
  0x61, 0x01, 0x00, 0x00, 0x62, 0x01, 0x00, 0x00, 0x63, 0x01, 0x00, 0x00,
  0x64, 0x01, 0x00, 0x00, 0x02, 0x00, 0x00, 0x00, 0x07, 0x00, 0x00, 0x00,
  0x60, 0x01, 0x00, 0x00, 0xae, 0xd2, 0xff, 0xff, 0x14, 0x00, 0x00, 0x00,
  0x00, 0x00, 0x00, 0x0b, 0x10, 0x00, 0x00, 0x00, 0x14, 0x00, 0x00, 0x00,
  0x07, 0x00, 0x00, 0x00, 0xdc, 0x42, 0xff, 0xff, 0x01, 0x00, 0x00, 0x00,
  0x60, 0x01, 0x00, 0x00, 0x02, 0x00, 0x00, 0x00, 0x5f, 0x01, 0x00, 0x00,
  0x06, 0x00, 0x00, 0x00, 0xde, 0xd2, 0xff, 0xff, 0x14, 0x00, 0x00, 0x00,
  0x00, 0x00, 0x00, 0x0b, 0x10, 0x00, 0x00, 0x00, 0x14, 0x00, 0x00, 0x00,
  0x07, 0x00, 0x00, 0x00, 0x0c, 0x43, 0xff, 0xff, 0x01, 0x00, 0x00, 0x00,
  0x5f, 0x01, 0x00, 0x00, 0x02, 0x00, 0x00, 0x00, 0x4a, 0x00, 0x00, 0x00,
  0x5e, 0x01, 0x00, 0x00, 0x36, 0xd2, 0xff, 0xff, 0x08, 0x00, 0x00, 0x00,
  0x0c, 0x00, 0x00, 0x00, 0x01, 0x00, 0x00, 0x00, 0x5e, 0x01, 0x00, 0x00,
  0x02, 0x00, 0x00, 0x00, 0x5d, 0x01, 0x00, 0x00, 0x02, 0x00, 0x00, 0x00,
  0x2e, 0xd3, 0xff, 0xff, 0x14, 0x00, 0x00, 0x00, 0x00, 0x00, 0x00, 0x08,
  0x10, 0x00, 0x00, 0x00, 0x14, 0x00, 0x00, 0x00, 0x02, 0x00, 0x00, 0x00,
  0x5c, 0x43, 0xff, 0xff, 0x01, 0x00, 0x00, 0x00, 0x5d, 0x01, 0x00, 0x00,
  0x03, 0x00, 0x00, 0x00, 0x5c, 0x01, 0x00, 0x00, 0x04, 0x00, 0x00, 0x00,
  0xff, 0xff, 0xff, 0xff, 0x62, 0xd3, 0xff, 0xff, 0x14, 0x00, 0x00, 0x00,
  0x00, 0x00, 0x00, 0x15, 0x10, 0x00, 0x00, 0x00, 0x14, 0x00, 0x00, 0x00,
  0x06, 0x00, 0x00, 0x00, 0x90, 0x43, 0xff, 0xff, 0x01, 0x00, 0x00, 0x00,
  0x5c, 0x01, 0x00, 0x00, 0x02, 0x00, 0x00, 0x00, 0x57, 0x01, 0x00, 0x00,
  0x5b, 0x01, 0x00, 0x00, 0xfe, 0xd3, 0xff, 0xff, 0x0c, 0x00, 0x00, 0x00,
  0x10, 0x00, 0x00, 0x00, 0x05, 0x00, 0x00, 0x00, 0x01, 0x00, 0x00, 0x00,
  0x5b, 0x01, 0x00, 0x00, 0x01, 0x00, 0x00, 0x00, 0x5a, 0x01, 0x00, 0x00,
  0xb2, 0xd3, 0xff, 0xff, 0x14, 0x00, 0x00, 0x00, 0x00, 0x00, 0x00, 0x0b,
  0x10, 0x00, 0x00, 0x00, 0x14, 0x00, 0x00, 0x00, 0x07, 0x00, 0x00, 0x00,
  0xe0, 0x43, 0xff, 0xff, 0x01, 0x00, 0x00, 0x00, 0x5a, 0x01, 0x00, 0x00,
  0x02, 0x00, 0x00, 0x00, 0x56, 0x01, 0x00, 0x00, 0x59, 0x01, 0x00, 0x00,
  0xe2, 0xd3, 0xff, 0xff, 0x14, 0x00, 0x00, 0x00, 0x00, 0x00, 0x00, 0x15,
  0x10, 0x00, 0x00, 0x00, 0x14, 0x00, 0x00, 0x00, 0x06, 0x00, 0x00, 0x00,
  0x10, 0x44, 0xff, 0xff, 0x01, 0x00, 0x00, 0x00, 0x59, 0x01, 0x00, 0x00,
  0x02, 0x00, 0x00, 0x00, 0x54, 0x01, 0x00, 0x00, 0x58, 0x01, 0x00, 0x00,
  0x7e, 0xd4, 0xff, 0xff, 0x0c, 0x00, 0x00, 0x00, 0x10, 0x00, 0x00, 0x00,
  0x05, 0x00, 0x00, 0x00, 0x01, 0x00, 0x00, 0x00, 0x58, 0x01, 0x00, 0x00,
  0x01, 0x00, 0x00, 0x00, 0x52, 0x01, 0x00, 0x00, 0x9e, 0xd4, 0xff, 0xff,
  0x0c, 0x00, 0x00, 0x00, 0x10, 0x00, 0x00, 0x00, 0x04, 0x00, 0x00, 0x00,
  0x01, 0x00, 0x00, 0x00, 0x57, 0x01, 0x00, 0x00, 0x01, 0x00, 0x00, 0x00,
  0x53, 0x01, 0x00, 0x00, 0x52, 0xd4, 0xff, 0xff, 0x14, 0x00, 0x00, 0x00,
  0x00, 0x00, 0x00, 0x15, 0x10, 0x00, 0x00, 0x00, 0x14, 0x00, 0x00, 0x00,
  0x06, 0x00, 0x00, 0x00, 0x80, 0x44, 0xff, 0xff, 0x01, 0x00, 0x00, 0x00,
  0x56, 0x01, 0x00, 0x00, 0x02, 0x00, 0x00, 0x00, 0x55, 0x01, 0x00, 0x00,
  0x49, 0x01, 0x00, 0x00, 0xee, 0xd4, 0xff, 0xff, 0x0c, 0x00, 0x00, 0x00,
  0x10, 0x00, 0x00, 0x00, 0x04, 0x00, 0x00, 0x00, 0x01, 0x00, 0x00, 0x00,
  0x55, 0x01, 0x00, 0x00, 0x01, 0x00, 0x00, 0x00, 0x51, 0x01, 0x00, 0x00,
  0x0e, 0xd5, 0xff, 0xff, 0x0c, 0x00, 0x00, 0x00, 0x10, 0x00, 0x00, 0x00,
  0x04, 0x00, 0x00, 0x00, 0x01, 0x00, 0x00, 0x00, 0x54, 0x01, 0x00, 0x00,
  0x01, 0x00, 0x00, 0x00, 0x50, 0x01, 0x00, 0x00, 0xc2, 0xd4, 0xff, 0xff,
  0x14, 0x00, 0x00, 0x00, 0x00, 0x00, 0x00, 0x23, 0x14, 0x00, 0x00, 0x00,
  0x24, 0x00, 0x00, 0x00, 0x03, 0x00, 0x00, 0x00, 0x6e, 0xd4, 0xff, 0xff,
  0x04, 0x00, 0x00, 0x00, 0x04, 0x00, 0x00, 0x00, 0x50, 0x01, 0x00, 0x00,
  0x51, 0x01, 0x00, 0x00, 0x52, 0x01, 0x00, 0x00, 0x53, 0x01, 0x00, 0x00,
  0x02, 0x00, 0x00, 0x00, 0x07, 0x00, 0x00, 0x00, 0x4f, 0x01, 0x00, 0x00,
  0x02, 0xd5, 0xff, 0xff, 0x14, 0x00, 0x00, 0x00, 0x00, 0x00, 0x00, 0x0b,
  0x10, 0x00, 0x00, 0x00, 0x14, 0x00, 0x00, 0x00, 0x07, 0x00, 0x00, 0x00,
  0x30, 0x45, 0xff, 0xff, 0x01, 0x00, 0x00, 0x00, 0x4f, 0x01, 0x00, 0x00,
  0x02, 0x00, 0x00, 0x00, 0x4e, 0x01, 0x00, 0x00, 0x06, 0x00, 0x00, 0x00,
  0x32, 0xd5, 0xff, 0xff, 0x14, 0x00, 0x00, 0x00, 0x00, 0x00, 0x00, 0x0b,
  0x10, 0x00, 0x00, 0x00, 0x14, 0x00, 0x00, 0x00, 0x07, 0x00, 0x00, 0x00,
  0x60, 0x45, 0xff, 0xff, 0x01, 0x00, 0x00, 0x00, 0x4e, 0x01, 0x00, 0x00,
  0x02, 0x00, 0x00, 0x00, 0x49, 0x00, 0x00, 0x00, 0x4d, 0x01, 0x00, 0x00,
  0x8a, 0xd4, 0xff, 0xff, 0x08, 0x00, 0x00, 0x00, 0x0c, 0x00, 0x00, 0x00,
  0x01, 0x00, 0x00, 0x00, 0x4d, 0x01, 0x00, 0x00, 0x02, 0x00, 0x00, 0x00,
  0x4c, 0x01, 0x00, 0x00, 0x02, 0x00, 0x00, 0x00, 0x82, 0xd5, 0xff, 0xff,
  0x14, 0x00, 0x00, 0x00, 0x00, 0x00, 0x00, 0x08, 0x10, 0x00, 0x00, 0x00,
  0x14, 0x00, 0x00, 0x00, 0x02, 0x00, 0x00, 0x00, 0xb0, 0x45, 0xff, 0xff,
  0x01, 0x00, 0x00, 0x00, 0x4c, 0x01, 0x00, 0x00, 0x03, 0x00, 0x00, 0x00,
  0x4b, 0x01, 0x00, 0x00, 0x04, 0x00, 0x00, 0x00, 0xff, 0xff, 0xff, 0xff,
  0xb6, 0xd5, 0xff, 0xff, 0x14, 0x00, 0x00, 0x00, 0x00, 0x00, 0x00, 0x15,
  0x10, 0x00, 0x00, 0x00, 0x14, 0x00, 0x00, 0x00, 0x06, 0x00, 0x00, 0x00,
  0xe4, 0x45, 0xff, 0xff, 0x01, 0x00, 0x00, 0x00, 0x4b, 0x01, 0x00, 0x00,
  0x02, 0x00, 0x00, 0x00, 0x46, 0x01, 0x00, 0x00, 0x4a, 0x01, 0x00, 0x00,
  0x52, 0xd6, 0xff, 0xff, 0x0c, 0x00, 0x00, 0x00, 0x10, 0x00, 0x00, 0x00,
  0x05, 0x00, 0x00, 0x00, 0x01, 0x00, 0x00, 0x00, 0x4a, 0x01, 0x00, 0x00,
  0x01, 0x00, 0x00, 0x00, 0x49, 0x01, 0x00, 0x00, 0x06, 0xd6, 0xff, 0xff,
  0x14, 0x00, 0x00, 0x00, 0x00, 0x00, 0x00, 0x0b, 0x10, 0x00, 0x00, 0x00,
  0x14, 0x00, 0x00, 0x00, 0x07, 0x00, 0x00, 0x00, 0x34, 0x46, 0xff, 0xff,
  0x01, 0x00, 0x00, 0x00, 0x49, 0x01, 0x00, 0x00, 0x02, 0x00, 0x00, 0x00,
  0x45, 0x01, 0x00, 0x00, 0x48, 0x01, 0x00, 0x00, 0x36, 0xd6, 0xff, 0xff,
  0x14, 0x00, 0x00, 0x00, 0x00, 0x00, 0x00, 0x15, 0x10, 0x00, 0x00, 0x00,
  0x14, 0x00, 0x00, 0x00, 0x06, 0x00, 0x00, 0x00, 0x64, 0x46, 0xff, 0xff,
  0x01, 0x00, 0x00, 0x00, 0x48, 0x01, 0x00, 0x00, 0x02, 0x00, 0x00, 0x00,
  0x43, 0x01, 0x00, 0x00, 0x47, 0x01, 0x00, 0x00, 0xd2, 0xd6, 0xff, 0xff,
  0x0c, 0x00, 0x00, 0x00, 0x10, 0x00, 0x00, 0x00, 0x05, 0x00, 0x00, 0x00,
  0x01, 0x00, 0x00, 0x00, 0x47, 0x01, 0x00, 0x00, 0x01, 0x00, 0x00, 0x00,
  0x41, 0x01, 0x00, 0x00, 0xf2, 0xd6, 0xff, 0xff, 0x0c, 0x00, 0x00, 0x00,
  0x10, 0x00, 0x00, 0x00, 0x04, 0x00, 0x00, 0x00, 0x01, 0x00, 0x00, 0x00,
  0x46, 0x01, 0x00, 0x00, 0x01, 0x00, 0x00, 0x00, 0x42, 0x01, 0x00, 0x00,
  0xa6, 0xd6, 0xff, 0xff, 0x14, 0x00, 0x00, 0x00, 0x00, 0x00, 0x00, 0x15,
  0x10, 0x00, 0x00, 0x00, 0x14, 0x00, 0x00, 0x00, 0x06, 0x00, 0x00, 0x00,
  0xd4, 0x46, 0xff, 0xff, 0x01, 0x00, 0x00, 0x00, 0x45, 0x01, 0x00, 0x00,
  0x02, 0x00, 0x00, 0x00, 0x44, 0x01, 0x00, 0x00, 0x38, 0x01, 0x00, 0x00,
  0x42, 0xd7, 0xff, 0xff, 0x0c, 0x00, 0x00, 0x00, 0x10, 0x00, 0x00, 0x00,
  0x04, 0x00, 0x00, 0x00, 0x01, 0x00, 0x00, 0x00, 0x44, 0x01, 0x00, 0x00,
  0x01, 0x00, 0x00, 0x00, 0x40, 0x01, 0x00, 0x00, 0x62, 0xd7, 0xff, 0xff,
  0x0c, 0x00, 0x00, 0x00, 0x10, 0x00, 0x00, 0x00, 0x04, 0x00, 0x00, 0x00,
  0x01, 0x00, 0x00, 0x00, 0x43, 0x01, 0x00, 0x00, 0x01, 0x00, 0x00, 0x00,
  0x3f, 0x01, 0x00, 0x00, 0x16, 0xd7, 0xff, 0xff, 0x14, 0x00, 0x00, 0x00,
  0x00, 0x00, 0x00, 0x23, 0x14, 0x00, 0x00, 0x00, 0x24, 0x00, 0x00, 0x00,
  0x03, 0x00, 0x00, 0x00, 0xc2, 0xd6, 0xff, 0xff, 0x04, 0x00, 0x00, 0x00,
  0x04, 0x00, 0x00, 0x00, 0x3f, 0x01, 0x00, 0x00, 0x40, 0x01, 0x00, 0x00,
  0x41, 0x01, 0x00, 0x00, 0x42, 0x01, 0x00, 0x00, 0x02, 0x00, 0x00, 0x00,
  0x07, 0x00, 0x00, 0x00, 0x3e, 0x01, 0x00, 0x00, 0x56, 0xd7, 0xff, 0xff,
  0x14, 0x00, 0x00, 0x00, 0x00, 0x00, 0x00, 0x0b, 0x10, 0x00, 0x00, 0x00,
  0x14, 0x00, 0x00, 0x00, 0x07, 0x00, 0x00, 0x00, 0x84, 0x47, 0xff, 0xff,
  0x01, 0x00, 0x00, 0x00, 0x3e, 0x01, 0x00, 0x00, 0x02, 0x00, 0x00, 0x00,
  0x3d, 0x01, 0x00, 0x00, 0x06, 0x00, 0x00, 0x00, 0x86, 0xd7, 0xff, 0xff,
  0x14, 0x00, 0x00, 0x00, 0x00, 0x00, 0x00, 0x0b, 0x10, 0x00, 0x00, 0x00,
  0x14, 0x00, 0x00, 0x00, 0x07, 0x00, 0x00, 0x00, 0xb4, 0x47, 0xff, 0xff,
  0x01, 0x00, 0x00, 0x00, 0x3d, 0x01, 0x00, 0x00, 0x02, 0x00, 0x00, 0x00,
  0x48, 0x00, 0x00, 0x00, 0x3c, 0x01, 0x00, 0x00, 0xde, 0xd6, 0xff, 0xff,
  0x08, 0x00, 0x00, 0x00, 0x0c, 0x00, 0x00, 0x00, 0x01, 0x00, 0x00, 0x00,
  0x3c, 0x01, 0x00, 0x00, 0x02, 0x00, 0x00, 0x00, 0x3b, 0x01, 0x00, 0x00,
  0x02, 0x00, 0x00, 0x00, 0xd6, 0xd7, 0xff, 0xff, 0x14, 0x00, 0x00, 0x00,
  0x00, 0x00, 0x00, 0x08, 0x10, 0x00, 0x00, 0x00, 0x14, 0x00, 0x00, 0x00,
  0x02, 0x00, 0x00, 0x00, 0x04, 0x48, 0xff, 0xff, 0x01, 0x00, 0x00, 0x00,
  0x3b, 0x01, 0x00, 0x00, 0x03, 0x00, 0x00, 0x00, 0x3a, 0x01, 0x00, 0x00,
  0x04, 0x00, 0x00, 0x00, 0xff, 0xff, 0xff, 0xff, 0x0a, 0xd8, 0xff, 0xff,
  0x14, 0x00, 0x00, 0x00, 0x00, 0x00, 0x00, 0x15, 0x10, 0x00, 0x00, 0x00,
  0x14, 0x00, 0x00, 0x00, 0x06, 0x00, 0x00, 0x00, 0x38, 0x48, 0xff, 0xff,
  0x01, 0x00, 0x00, 0x00, 0x3a, 0x01, 0x00, 0x00, 0x02, 0x00, 0x00, 0x00,
  0x35, 0x01, 0x00, 0x00, 0x39, 0x01, 0x00, 0x00, 0xa6, 0xd8, 0xff, 0xff,
  0x0c, 0x00, 0x00, 0x00, 0x10, 0x00, 0x00, 0x00, 0x05, 0x00, 0x00, 0x00,
  0x01, 0x00, 0x00, 0x00, 0x39, 0x01, 0x00, 0x00, 0x01, 0x00, 0x00, 0x00,
  0x38, 0x01, 0x00, 0x00, 0x5a, 0xd8, 0xff, 0xff, 0x14, 0x00, 0x00, 0x00,
  0x00, 0x00, 0x00, 0x0b, 0x10, 0x00, 0x00, 0x00, 0x14, 0x00, 0x00, 0x00,
  0x07, 0x00, 0x00, 0x00, 0x88, 0x48, 0xff, 0xff, 0x01, 0x00, 0x00, 0x00,
  0x38, 0x01, 0x00, 0x00, 0x02, 0x00, 0x00, 0x00, 0x34, 0x01, 0x00, 0x00,
  0x37, 0x01, 0x00, 0x00, 0x8a, 0xd8, 0xff, 0xff, 0x14, 0x00, 0x00, 0x00,
  0x00, 0x00, 0x00, 0x15, 0x10, 0x00, 0x00, 0x00, 0x14, 0x00, 0x00, 0x00,
  0x06, 0x00, 0x00, 0x00, 0xb8, 0x48, 0xff, 0xff, 0x01, 0x00, 0x00, 0x00,
  0x37, 0x01, 0x00, 0x00, 0x02, 0x00, 0x00, 0x00, 0x32, 0x01, 0x00, 0x00,
  0x36, 0x01, 0x00, 0x00, 0x26, 0xd9, 0xff, 0xff, 0x0c, 0x00, 0x00, 0x00,
  0x10, 0x00, 0x00, 0x00, 0x05, 0x00, 0x00, 0x00, 0x01, 0x00, 0x00, 0x00,
  0x36, 0x01, 0x00, 0x00, 0x01, 0x00, 0x00, 0x00, 0x30, 0x01, 0x00, 0x00,
  0x46, 0xd9, 0xff, 0xff, 0x0c, 0x00, 0x00, 0x00, 0x10, 0x00, 0x00, 0x00,
  0x04, 0x00, 0x00, 0x00, 0x01, 0x00, 0x00, 0x00, 0x35, 0x01, 0x00, 0x00,
  0x01, 0x00, 0x00, 0x00, 0x31, 0x01, 0x00, 0x00, 0xfa, 0xd8, 0xff, 0xff,
  0x14, 0x00, 0x00, 0x00, 0x00, 0x00, 0x00, 0x15, 0x10, 0x00, 0x00, 0x00,
  0x14, 0x00, 0x00, 0x00, 0x06, 0x00, 0x00, 0x00, 0x28, 0x49, 0xff, 0xff,
  0x01, 0x00, 0x00, 0x00, 0x34, 0x01, 0x00, 0x00, 0x02, 0x00, 0x00, 0x00,
  0x33, 0x01, 0x00, 0x00, 0x27, 0x01, 0x00, 0x00, 0x96, 0xd9, 0xff, 0xff,
  0x0c, 0x00, 0x00, 0x00, 0x10, 0x00, 0x00, 0x00, 0x04, 0x00, 0x00, 0x00,
  0x01, 0x00, 0x00, 0x00, 0x33, 0x01, 0x00, 0x00, 0x01, 0x00, 0x00, 0x00,
  0x2f, 0x01, 0x00, 0x00, 0xb6, 0xd9, 0xff, 0xff, 0x0c, 0x00, 0x00, 0x00,
  0x10, 0x00, 0x00, 0x00, 0x04, 0x00, 0x00, 0x00, 0x01, 0x00, 0x00, 0x00,
  0x32, 0x01, 0x00, 0x00, 0x01, 0x00, 0x00, 0x00, 0x2e, 0x01, 0x00, 0x00,
  0x6a, 0xd9, 0xff, 0xff, 0x14, 0x00, 0x00, 0x00, 0x00, 0x00, 0x00, 0x23,
  0x14, 0x00, 0x00, 0x00, 0x24, 0x00, 0x00, 0x00, 0x03, 0x00, 0x00, 0x00,
  0x16, 0xd9, 0xff, 0xff, 0x04, 0x00, 0x00, 0x00, 0x04, 0x00, 0x00, 0x00,
  0x2e, 0x01, 0x00, 0x00, 0x2f, 0x01, 0x00, 0x00, 0x30, 0x01, 0x00, 0x00,
  0x31, 0x01, 0x00, 0x00, 0x02, 0x00, 0x00, 0x00, 0x07, 0x00, 0x00, 0x00,
  0x2d, 0x01, 0x00, 0x00, 0xaa, 0xd9, 0xff, 0xff, 0x14, 0x00, 0x00, 0x00,
  0x00, 0x00, 0x00, 0x0b, 0x10, 0x00, 0x00, 0x00, 0x14, 0x00, 0x00, 0x00,
  0x07, 0x00, 0x00, 0x00, 0xd8, 0x49, 0xff, 0xff, 0x01, 0x00, 0x00, 0x00,
  0x2d, 0x01, 0x00, 0x00, 0x02, 0x00, 0x00, 0x00, 0x2c, 0x01, 0x00, 0x00,
  0x06, 0x00, 0x00, 0x00, 0xda, 0xd9, 0xff, 0xff, 0x14, 0x00, 0x00, 0x00,
  0x00, 0x00, 0x00, 0x0b, 0x10, 0x00, 0x00, 0x00, 0x14, 0x00, 0x00, 0x00,
  0x07, 0x00, 0x00, 0x00, 0x08, 0x4a, 0xff, 0xff, 0x01, 0x00, 0x00, 0x00,
  0x2c, 0x01, 0x00, 0x00, 0x02, 0x00, 0x00, 0x00, 0x47, 0x00, 0x00, 0x00,
  0x2b, 0x01, 0x00, 0x00, 0x32, 0xd9, 0xff, 0xff, 0x08, 0x00, 0x00, 0x00,
  0x0c, 0x00, 0x00, 0x00, 0x01, 0x00, 0x00, 0x00, 0x2b, 0x01, 0x00, 0x00,
  0x02, 0x00, 0x00, 0x00, 0x2a, 0x01, 0x00, 0x00, 0x02, 0x00, 0x00, 0x00,
  0x2a, 0xda, 0xff, 0xff, 0x14, 0x00, 0x00, 0x00, 0x00, 0x00, 0x00, 0x08,
  0x10, 0x00, 0x00, 0x00, 0x14, 0x00, 0x00, 0x00, 0x02, 0x00, 0x00, 0x00,
  0x58, 0x4a, 0xff, 0xff, 0x01, 0x00, 0x00, 0x00, 0x2a, 0x01, 0x00, 0x00,
  0x03, 0x00, 0x00, 0x00, 0x29, 0x01, 0x00, 0x00, 0x04, 0x00, 0x00, 0x00,
  0xff, 0xff, 0xff, 0xff, 0x5e, 0xda, 0xff, 0xff, 0x14, 0x00, 0x00, 0x00,
  0x00, 0x00, 0x00, 0x15, 0x10, 0x00, 0x00, 0x00, 0x14, 0x00, 0x00, 0x00,
  0x06, 0x00, 0x00, 0x00, 0x8c, 0x4a, 0xff, 0xff, 0x01, 0x00, 0x00, 0x00,
  0x29, 0x01, 0x00, 0x00, 0x02, 0x00, 0x00, 0x00, 0x24, 0x01, 0x00, 0x00,
  0x28, 0x01, 0x00, 0x00, 0xfa, 0xda, 0xff, 0xff, 0x0c, 0x00, 0x00, 0x00,
  0x10, 0x00, 0x00, 0x00, 0x05, 0x00, 0x00, 0x00, 0x01, 0x00, 0x00, 0x00,
  0x28, 0x01, 0x00, 0x00, 0x01, 0x00, 0x00, 0x00, 0x27, 0x01, 0x00, 0x00,
  0xae, 0xda, 0xff, 0xff, 0x14, 0x00, 0x00, 0x00, 0x00, 0x00, 0x00, 0x0b,
  0x10, 0x00, 0x00, 0x00, 0x14, 0x00, 0x00, 0x00, 0x07, 0x00, 0x00, 0x00,
  0xdc, 0x4a, 0xff, 0xff, 0x01, 0x00, 0x00, 0x00, 0x27, 0x01, 0x00, 0x00,
  0x02, 0x00, 0x00, 0x00, 0x23, 0x01, 0x00, 0x00, 0x26, 0x01, 0x00, 0x00,
  0xde, 0xda, 0xff, 0xff, 0x14, 0x00, 0x00, 0x00, 0x00, 0x00, 0x00, 0x15,
  0x10, 0x00, 0x00, 0x00, 0x14, 0x00, 0x00, 0x00, 0x06, 0x00, 0x00, 0x00,
  0x0c, 0x4b, 0xff, 0xff, 0x01, 0x00, 0x00, 0x00, 0x26, 0x01, 0x00, 0x00,
  0x02, 0x00, 0x00, 0x00, 0x21, 0x01, 0x00, 0x00, 0x25, 0x01, 0x00, 0x00,
  0x7a, 0xdb, 0xff, 0xff, 0x0c, 0x00, 0x00, 0x00, 0x10, 0x00, 0x00, 0x00,
  0x05, 0x00, 0x00, 0x00, 0x01, 0x00, 0x00, 0x00, 0x25, 0x01, 0x00, 0x00,
  0x01, 0x00, 0x00, 0x00, 0x1f, 0x01, 0x00, 0x00, 0x9a, 0xdb, 0xff, 0xff,
  0x0c, 0x00, 0x00, 0x00, 0x10, 0x00, 0x00, 0x00, 0x04, 0x00, 0x00, 0x00,
  0x01, 0x00, 0x00, 0x00, 0x24, 0x01, 0x00, 0x00, 0x01, 0x00, 0x00, 0x00,
  0x20, 0x01, 0x00, 0x00, 0x4e, 0xdb, 0xff, 0xff, 0x14, 0x00, 0x00, 0x00,
  0x00, 0x00, 0x00, 0x15, 0x10, 0x00, 0x00, 0x00, 0x14, 0x00, 0x00, 0x00,
  0x06, 0x00, 0x00, 0x00, 0x7c, 0x4b, 0xff, 0xff, 0x01, 0x00, 0x00, 0x00,
  0x23, 0x01, 0x00, 0x00, 0x02, 0x00, 0x00, 0x00, 0x22, 0x01, 0x00, 0x00,
  0x16, 0x01, 0x00, 0x00, 0xea, 0xdb, 0xff, 0xff, 0x0c, 0x00, 0x00, 0x00,
  0x10, 0x00, 0x00, 0x00, 0x04, 0x00, 0x00, 0x00, 0x01, 0x00, 0x00, 0x00,
  0x22, 0x01, 0x00, 0x00, 0x01, 0x00, 0x00, 0x00, 0x1e, 0x01, 0x00, 0x00,
  0x0a, 0xdc, 0xff, 0xff, 0x0c, 0x00, 0x00, 0x00, 0x10, 0x00, 0x00, 0x00,
  0x04, 0x00, 0x00, 0x00, 0x01, 0x00, 0x00, 0x00, 0x21, 0x01, 0x00, 0x00,
  0x01, 0x00, 0x00, 0x00, 0x1d, 0x01, 0x00, 0x00, 0xbe, 0xdb, 0xff, 0xff,
  0x14, 0x00, 0x00, 0x00, 0x00, 0x00, 0x00, 0x23, 0x14, 0x00, 0x00, 0x00,
  0x24, 0x00, 0x00, 0x00, 0x03, 0x00, 0x00, 0x00, 0x6a, 0xdb, 0xff, 0xff,
  0x04, 0x00, 0x00, 0x00, 0x04, 0x00, 0x00, 0x00, 0x1d, 0x01, 0x00, 0x00,
  0x1e, 0x01, 0x00, 0x00, 0x1f, 0x01, 0x00, 0x00, 0x20, 0x01, 0x00, 0x00,
  0x02, 0x00, 0x00, 0x00, 0x07, 0x00, 0x00, 0x00, 0x1c, 0x01, 0x00, 0x00,
  0xfe, 0xdb, 0xff, 0xff, 0x14, 0x00, 0x00, 0x00, 0x00, 0x00, 0x00, 0x0b,
  0x10, 0x00, 0x00, 0x00, 0x14, 0x00, 0x00, 0x00, 0x07, 0x00, 0x00, 0x00,
  0x2c, 0x4c, 0xff, 0xff, 0x01, 0x00, 0x00, 0x00, 0x1c, 0x01, 0x00, 0x00,
  0x02, 0x00, 0x00, 0x00, 0x1b, 0x01, 0x00, 0x00, 0x06, 0x00, 0x00, 0x00,
  0x2e, 0xdc, 0xff, 0xff, 0x14, 0x00, 0x00, 0x00, 0x00, 0x00, 0x00, 0x0b,
  0x10, 0x00, 0x00, 0x00, 0x14, 0x00, 0x00, 0x00, 0x07, 0x00, 0x00, 0x00,
  0x5c, 0x4c, 0xff, 0xff, 0x01, 0x00, 0x00, 0x00, 0x1b, 0x01, 0x00, 0x00,
  0x02, 0x00, 0x00, 0x00, 0x34, 0x00, 0x00, 0x00, 0x1a, 0x01, 0x00, 0x00,
  0x86, 0xdb, 0xff, 0xff, 0x08, 0x00, 0x00, 0x00, 0x0c, 0x00, 0x00, 0x00,
  0x01, 0x00, 0x00, 0x00, 0x1a, 0x01, 0x00, 0x00, 0x02, 0x00, 0x00, 0x00,
  0x19, 0x01, 0x00, 0x00, 0x02, 0x00, 0x00, 0x00, 0x7e, 0xdc, 0xff, 0xff,
  0x14, 0x00, 0x00, 0x00, 0x00, 0x00, 0x00, 0x08, 0x10, 0x00, 0x00, 0x00,
  0x14, 0x00, 0x00, 0x00, 0x02, 0x00, 0x00, 0x00, 0xac, 0x4c, 0xff, 0xff,
  0x01, 0x00, 0x00, 0x00, 0x19, 0x01, 0x00, 0x00, 0x03, 0x00, 0x00, 0x00,
  0x18, 0x01, 0x00, 0x00, 0x04, 0x00, 0x00, 0x00, 0xff, 0xff, 0xff, 0xff,
  0xb2, 0xdc, 0xff, 0xff, 0x14, 0x00, 0x00, 0x00, 0x00, 0x00, 0x00, 0x15,
  0x10, 0x00, 0x00, 0x00, 0x14, 0x00, 0x00, 0x00, 0x06, 0x00, 0x00, 0x00,
  0xe0, 0x4c, 0xff, 0xff, 0x01, 0x00, 0x00, 0x00, 0x18, 0x01, 0x00, 0x00,
  0x02, 0x00, 0x00, 0x00, 0x13, 0x01, 0x00, 0x00, 0x17, 0x01, 0x00, 0x00,
  0x4e, 0xdd, 0xff, 0xff, 0x0c, 0x00, 0x00, 0x00, 0x10, 0x00, 0x00, 0x00,
  0x05, 0x00, 0x00, 0x00, 0x01, 0x00, 0x00, 0x00, 0x17, 0x01, 0x00, 0x00,
  0x01, 0x00, 0x00, 0x00, 0x16, 0x01, 0x00, 0x00, 0x02, 0xdd, 0xff, 0xff,
  0x14, 0x00, 0x00, 0x00, 0x00, 0x00, 0x00, 0x0b, 0x10, 0x00, 0x00, 0x00,
  0x14, 0x00, 0x00, 0x00, 0x07, 0x00, 0x00, 0x00, 0x30, 0x4d, 0xff, 0xff,
  0x01, 0x00, 0x00, 0x00, 0x16, 0x01, 0x00, 0x00, 0x02, 0x00, 0x00, 0x00,
  0x12, 0x01, 0x00, 0x00, 0x15, 0x01, 0x00, 0x00, 0x32, 0xdd, 0xff, 0xff,
  0x14, 0x00, 0x00, 0x00, 0x00, 0x00, 0x00, 0x15, 0x10, 0x00, 0x00, 0x00,
  0x14, 0x00, 0x00, 0x00, 0x06, 0x00, 0x00, 0x00, 0x60, 0x4d, 0xff, 0xff,
  0x01, 0x00, 0x00, 0x00, 0x15, 0x01, 0x00, 0x00, 0x02, 0x00, 0x00, 0x00,
  0x10, 0x01, 0x00, 0x00, 0x14, 0x01, 0x00, 0x00, 0xce, 0xdd, 0xff, 0xff,
  0x0c, 0x00, 0x00, 0x00, 0x10, 0x00, 0x00, 0x00, 0x05, 0x00, 0x00, 0x00,
  0x01, 0x00, 0x00, 0x00, 0x14, 0x01, 0x00, 0x00, 0x01, 0x00, 0x00, 0x00,
  0x0e, 0x01, 0x00, 0x00, 0xee, 0xdd, 0xff, 0xff, 0x0c, 0x00, 0x00, 0x00,
  0x10, 0x00, 0x00, 0x00, 0x04, 0x00, 0x00, 0x00, 0x01, 0x00, 0x00, 0x00,
  0x13, 0x01, 0x00, 0x00, 0x01, 0x00, 0x00, 0x00, 0x0f, 0x01, 0x00, 0x00,
  0xa2, 0xdd, 0xff, 0xff, 0x14, 0x00, 0x00, 0x00, 0x00, 0x00, 0x00, 0x15,
  0x10, 0x00, 0x00, 0x00, 0x14, 0x00, 0x00, 0x00, 0x06, 0x00, 0x00, 0x00,
  0xd0, 0x4d, 0xff, 0xff, 0x01, 0x00, 0x00, 0x00, 0x12, 0x01, 0x00, 0x00,
  0x02, 0x00, 0x00, 0x00, 0x11, 0x01, 0x00, 0x00, 0x05, 0x01, 0x00, 0x00,
  0x3e, 0xde, 0xff, 0xff, 0x0c, 0x00, 0x00, 0x00, 0x10, 0x00, 0x00, 0x00,
  0x04, 0x00, 0x00, 0x00, 0x01, 0x00, 0x00, 0x00, 0x11, 0x01, 0x00, 0x00,
  0x01, 0x00, 0x00, 0x00, 0x0d, 0x01, 0x00, 0x00, 0x5e, 0xde, 0xff, 0xff,
  0x0c, 0x00, 0x00, 0x00, 0x10, 0x00, 0x00, 0x00, 0x04, 0x00, 0x00, 0x00,
  0x01, 0x00, 0x00, 0x00, 0x10, 0x01, 0x00, 0x00, 0x01, 0x00, 0x00, 0x00,
  0x0c, 0x01, 0x00, 0x00, 0x12, 0xde, 0xff, 0xff, 0x14, 0x00, 0x00, 0x00,
  0x00, 0x00, 0x00, 0x23, 0x14, 0x00, 0x00, 0x00, 0x24, 0x00, 0x00, 0x00,
  0x03, 0x00, 0x00, 0x00, 0xbe, 0xdd, 0xff, 0xff, 0x04, 0x00, 0x00, 0x00,
  0x04, 0x00, 0x00, 0x00, 0x0c, 0x01, 0x00, 0x00, 0x0d, 0x01, 0x00, 0x00,
  0x0e, 0x01, 0x00, 0x00, 0x0f, 0x01, 0x00, 0x00, 0x02, 0x00, 0x00, 0x00,
  0x07, 0x00, 0x00, 0x00, 0x0b, 0x01, 0x00, 0x00, 0x52, 0xde, 0xff, 0xff,
  0x14, 0x00, 0x00, 0x00, 0x00, 0x00, 0x00, 0x0b, 0x10, 0x00, 0x00, 0x00,
  0x14, 0x00, 0x00, 0x00, 0x07, 0x00, 0x00, 0x00, 0x80, 0x4e, 0xff, 0xff,
  0x01, 0x00, 0x00, 0x00, 0x0b, 0x01, 0x00, 0x00, 0x02, 0x00, 0x00, 0x00,
  0x0a, 0x01, 0x00, 0x00, 0x06, 0x00, 0x00, 0x00, 0x82, 0xde, 0xff, 0xff,
  0x14, 0x00, 0x00, 0x00, 0x00, 0x00, 0x00, 0x0b, 0x10, 0x00, 0x00, 0x00,
  0x14, 0x00, 0x00, 0x00, 0x07, 0x00, 0x00, 0x00, 0xb0, 0x4e, 0xff, 0xff,
  0x01, 0x00, 0x00, 0x00, 0x0a, 0x01, 0x00, 0x00, 0x02, 0x00, 0x00, 0x00,
  0x33, 0x00, 0x00, 0x00, 0x09, 0x01, 0x00, 0x00, 0xda, 0xdd, 0xff, 0xff,
  0x08, 0x00, 0x00, 0x00, 0x0c, 0x00, 0x00, 0x00, 0x01, 0x00, 0x00, 0x00,
  0x09, 0x01, 0x00, 0x00, 0x02, 0x00, 0x00, 0x00, 0x08, 0x01, 0x00, 0x00,
  0x02, 0x00, 0x00, 0x00, 0xd2, 0xde, 0xff, 0xff, 0x14, 0x00, 0x00, 0x00,
  0x00, 0x00, 0x00, 0x08, 0x10, 0x00, 0x00, 0x00, 0x14, 0x00, 0x00, 0x00,
  0x02, 0x00, 0x00, 0x00, 0x00, 0x4f, 0xff, 0xff, 0x01, 0x00, 0x00, 0x00,
  0x08, 0x01, 0x00, 0x00, 0x03, 0x00, 0x00, 0x00, 0x07, 0x01, 0x00, 0x00,
  0x04, 0x00, 0x00, 0x00, 0xff, 0xff, 0xff, 0xff, 0x06, 0xdf, 0xff, 0xff,
  0x14, 0x00, 0x00, 0x00, 0x00, 0x00, 0x00, 0x15, 0x10, 0x00, 0x00, 0x00,
  0x14, 0x00, 0x00, 0x00, 0x06, 0x00, 0x00, 0x00, 0x34, 0x4f, 0xff, 0xff,
  0x01, 0x00, 0x00, 0x00, 0x07, 0x01, 0x00, 0x00, 0x02, 0x00, 0x00, 0x00,
  0x02, 0x01, 0x00, 0x00, 0x06, 0x01, 0x00, 0x00, 0xa2, 0xdf, 0xff, 0xff,
  0x0c, 0x00, 0x00, 0x00, 0x10, 0x00, 0x00, 0x00, 0x05, 0x00, 0x00, 0x00,
  0x01, 0x00, 0x00, 0x00, 0x06, 0x01, 0x00, 0x00, 0x01, 0x00, 0x00, 0x00,
  0x05, 0x01, 0x00, 0x00, 0x56, 0xdf, 0xff, 0xff, 0x14, 0x00, 0x00, 0x00,
  0x00, 0x00, 0x00, 0x0b, 0x10, 0x00, 0x00, 0x00, 0x14, 0x00, 0x00, 0x00,
  0x07, 0x00, 0x00, 0x00, 0x84, 0x4f, 0xff, 0xff, 0x01, 0x00, 0x00, 0x00,
  0x05, 0x01, 0x00, 0x00, 0x02, 0x00, 0x00, 0x00, 0x01, 0x01, 0x00, 0x00,
  0x04, 0x01, 0x00, 0x00, 0x86, 0xdf, 0xff, 0xff, 0x14, 0x00, 0x00, 0x00,
  0x00, 0x00, 0x00, 0x15, 0x10, 0x00, 0x00, 0x00, 0x14, 0x00, 0x00, 0x00,
  0x06, 0x00, 0x00, 0x00, 0xb4, 0x4f, 0xff, 0xff, 0x01, 0x00, 0x00, 0x00,
  0x04, 0x01, 0x00, 0x00, 0x02, 0x00, 0x00, 0x00, 0xff, 0x00, 0x00, 0x00,
  0x03, 0x01, 0x00, 0x00, 0x22, 0xe0, 0xff, 0xff, 0x0c, 0x00, 0x00, 0x00,
  0x10, 0x00, 0x00, 0x00, 0x05, 0x00, 0x00, 0x00, 0x01, 0x00, 0x00, 0x00,
  0x03, 0x01, 0x00, 0x00, 0x01, 0x00, 0x00, 0x00, 0xfd, 0x00, 0x00, 0x00,
  0x42, 0xe0, 0xff, 0xff, 0x0c, 0x00, 0x00, 0x00, 0x10, 0x00, 0x00, 0x00,
  0x04, 0x00, 0x00, 0x00, 0x01, 0x00, 0x00, 0x00, 0x02, 0x01, 0x00, 0x00,
  0x01, 0x00, 0x00, 0x00, 0xfe, 0x00, 0x00, 0x00, 0xf6, 0xdf, 0xff, 0xff,
  0x14, 0x00, 0x00, 0x00, 0x00, 0x00, 0x00, 0x15, 0x10, 0x00, 0x00, 0x00,
  0x14, 0x00, 0x00, 0x00, 0x06, 0x00, 0x00, 0x00, 0x24, 0x50, 0xff, 0xff,
  0x01, 0x00, 0x00, 0x00, 0x01, 0x01, 0x00, 0x00, 0x02, 0x00, 0x00, 0x00,
  0x00, 0x01, 0x00, 0x00, 0xf4, 0x00, 0x00, 0x00, 0x92, 0xe0, 0xff, 0xff,
  0x0c, 0x00, 0x00, 0x00, 0x10, 0x00, 0x00, 0x00, 0x04, 0x00, 0x00, 0x00,
  0x01, 0x00, 0x00, 0x00, 0x00, 0x01, 0x00, 0x00, 0x01, 0x00, 0x00, 0x00,
  0xfc, 0x00, 0x00, 0x00, 0xb2, 0xe0, 0xff, 0xff, 0x0c, 0x00, 0x00, 0x00,
  0x10, 0x00, 0x00, 0x00, 0x04, 0x00, 0x00, 0x00, 0x01, 0x00, 0x00, 0x00,
  0xff, 0x00, 0x00, 0x00, 0x01, 0x00, 0x00, 0x00, 0xfb, 0x00, 0x00, 0x00,
  0x66, 0xe0, 0xff, 0xff, 0x14, 0x00, 0x00, 0x00, 0x00, 0x00, 0x00, 0x23,
  0x14, 0x00, 0x00, 0x00, 0x24, 0x00, 0x00, 0x00, 0x03, 0x00, 0x00, 0x00,
  0x12, 0xe0, 0xff, 0xff, 0x04, 0x00, 0x00, 0x00, 0x04, 0x00, 0x00, 0x00,
  0xfb, 0x00, 0x00, 0x00, 0xfc, 0x00, 0x00, 0x00, 0xfd, 0x00, 0x00, 0x00,
  0xfe, 0x00, 0x00, 0x00, 0x02, 0x00, 0x00, 0x00, 0x07, 0x00, 0x00, 0x00,
  0xfa, 0x00, 0x00, 0x00, 0xa6, 0xe0, 0xff, 0xff, 0x14, 0x00, 0x00, 0x00,
  0x00, 0x00, 0x00, 0x0b, 0x10, 0x00, 0x00, 0x00, 0x14, 0x00, 0x00, 0x00,
  0x07, 0x00, 0x00, 0x00, 0xd4, 0x50, 0xff, 0xff, 0x01, 0x00, 0x00, 0x00,
  0xfa, 0x00, 0x00, 0x00, 0x02, 0x00, 0x00, 0x00, 0xf9, 0x00, 0x00, 0x00,
  0x06, 0x00, 0x00, 0x00, 0xd6, 0xe0, 0xff, 0xff, 0x14, 0x00, 0x00, 0x00,
  0x00, 0x00, 0x00, 0x0b, 0x10, 0x00, 0x00, 0x00, 0x14, 0x00, 0x00, 0x00,
  0x07, 0x00, 0x00, 0x00, 0x04, 0x51, 0xff, 0xff, 0x01, 0x00, 0x00, 0x00,
  0xf9, 0x00, 0x00, 0x00, 0x02, 0x00, 0x00, 0x00, 0x32, 0x00, 0x00, 0x00,
  0xf8, 0x00, 0x00, 0x00, 0x2e, 0xe0, 0xff, 0xff, 0x08, 0x00, 0x00, 0x00,
  0x0c, 0x00, 0x00, 0x00, 0x01, 0x00, 0x00, 0x00, 0xf8, 0x00, 0x00, 0x00,
  0x02, 0x00, 0x00, 0x00, 0xf7, 0x00, 0x00, 0x00, 0x02, 0x00, 0x00, 0x00,
  0x26, 0xe1, 0xff, 0xff, 0x14, 0x00, 0x00, 0x00, 0x00, 0x00, 0x00, 0x08,
  0x10, 0x00, 0x00, 0x00, 0x14, 0x00, 0x00, 0x00, 0x02, 0x00, 0x00, 0x00,
  0x54, 0x51, 0xff, 0xff, 0x01, 0x00, 0x00, 0x00, 0xf7, 0x00, 0x00, 0x00,
  0x03, 0x00, 0x00, 0x00, 0xf6, 0x00, 0x00, 0x00, 0x04, 0x00, 0x00, 0x00,
  0xff, 0xff, 0xff, 0xff, 0x5a, 0xe1, 0xff, 0xff, 0x14, 0x00, 0x00, 0x00,
  0x00, 0x00, 0x00, 0x15, 0x10, 0x00, 0x00, 0x00, 0x14, 0x00, 0x00, 0x00,
  0x06, 0x00, 0x00, 0x00, 0x88, 0x51, 0xff, 0xff, 0x01, 0x00, 0x00, 0x00,
  0xf6, 0x00, 0x00, 0x00, 0x02, 0x00, 0x00, 0x00, 0xf1, 0x00, 0x00, 0x00,
  0xf5, 0x00, 0x00, 0x00, 0xf6, 0xe1, 0xff, 0xff, 0x0c, 0x00, 0x00, 0x00,
  0x10, 0x00, 0x00, 0x00, 0x05, 0x00, 0x00, 0x00, 0x01, 0x00, 0x00, 0x00,
  0xf5, 0x00, 0x00, 0x00, 0x01, 0x00, 0x00, 0x00, 0xf4, 0x00, 0x00, 0x00,
  0xaa, 0xe1, 0xff, 0xff, 0x14, 0x00, 0x00, 0x00, 0x00, 0x00, 0x00, 0x0b,
  0x10, 0x00, 0x00, 0x00, 0x14, 0x00, 0x00, 0x00, 0x07, 0x00, 0x00, 0x00,
  0xd8, 0x51, 0xff, 0xff, 0x01, 0x00, 0x00, 0x00, 0xf4, 0x00, 0x00, 0x00,
  0x02, 0x00, 0x00, 0x00, 0xf0, 0x00, 0x00, 0x00, 0xf3, 0x00, 0x00, 0x00,
  0xda, 0xe1, 0xff, 0xff, 0x14, 0x00, 0x00, 0x00, 0x00, 0x00, 0x00, 0x15,
  0x10, 0x00, 0x00, 0x00, 0x14, 0x00, 0x00, 0x00, 0x06, 0x00, 0x00, 0x00,
  0x08, 0x52, 0xff, 0xff, 0x01, 0x00, 0x00, 0x00, 0xf3, 0x00, 0x00, 0x00,
  0x02, 0x00, 0x00, 0x00, 0xee, 0x00, 0x00, 0x00, 0xf2, 0x00, 0x00, 0x00,
  0x76, 0xe2, 0xff, 0xff, 0x0c, 0x00, 0x00, 0x00, 0x10, 0x00, 0x00, 0x00,
  0x05, 0x00, 0x00, 0x00, 0x01, 0x00, 0x00, 0x00, 0xf2, 0x00, 0x00, 0x00,
  0x01, 0x00, 0x00, 0x00, 0xec, 0x00, 0x00, 0x00, 0x96, 0xe2, 0xff, 0xff,
  0x0c, 0x00, 0x00, 0x00, 0x10, 0x00, 0x00, 0x00, 0x04, 0x00, 0x00, 0x00,
  0x01, 0x00, 0x00, 0x00, 0xf1, 0x00, 0x00, 0x00, 0x01, 0x00, 0x00, 0x00,
  0xed, 0x00, 0x00, 0x00, 0x4a, 0xe2, 0xff, 0xff, 0x14, 0x00, 0x00, 0x00,
  0x00, 0x00, 0x00, 0x15, 0x10, 0x00, 0x00, 0x00, 0x14, 0x00, 0x00, 0x00,
  0x06, 0x00, 0x00, 0x00, 0x78, 0x52, 0xff, 0xff, 0x01, 0x00, 0x00, 0x00,
  0xf0, 0x00, 0x00, 0x00, 0x02, 0x00, 0x00, 0x00, 0xef, 0x00, 0x00, 0x00,
  0xe3, 0x00, 0x00, 0x00, 0xe6, 0xe2, 0xff, 0xff, 0x0c, 0x00, 0x00, 0x00,
  0x10, 0x00, 0x00, 0x00, 0x04, 0x00, 0x00, 0x00, 0x01, 0x00, 0x00, 0x00,
  0xef, 0x00, 0x00, 0x00, 0x01, 0x00, 0x00, 0x00, 0xeb, 0x00, 0x00, 0x00,
  0x06, 0xe3, 0xff, 0xff, 0x0c, 0x00, 0x00, 0x00, 0x10, 0x00, 0x00, 0x00,
  0x04, 0x00, 0x00, 0x00, 0x01, 0x00, 0x00, 0x00, 0xee, 0x00, 0x00, 0x00,
  0x01, 0x00, 0x00, 0x00, 0xea, 0x00, 0x00, 0x00, 0xba, 0xe2, 0xff, 0xff,
  0x14, 0x00, 0x00, 0x00, 0x00, 0x00, 0x00, 0x23, 0x14, 0x00, 0x00, 0x00,
  0x24, 0x00, 0x00, 0x00, 0x03, 0x00, 0x00, 0x00, 0x66, 0xe2, 0xff, 0xff,
  0x04, 0x00, 0x00, 0x00, 0x04, 0x00, 0x00, 0x00, 0xea, 0x00, 0x00, 0x00,
  0xeb, 0x00, 0x00, 0x00, 0xec, 0x00, 0x00, 0x00, 0xed, 0x00, 0x00, 0x00,
  0x02, 0x00, 0x00, 0x00, 0x07, 0x00, 0x00, 0x00, 0xe9, 0x00, 0x00, 0x00,
  0xfa, 0xe2, 0xff, 0xff, 0x14, 0x00, 0x00, 0x00, 0x00, 0x00, 0x00, 0x0b,
  0x10, 0x00, 0x00, 0x00, 0x14, 0x00, 0x00, 0x00, 0x07, 0x00, 0x00, 0x00,
  0x28, 0x53, 0xff, 0xff, 0x01, 0x00, 0x00, 0x00, 0xe9, 0x00, 0x00, 0x00,
  0x02, 0x00, 0x00, 0x00, 0xe8, 0x00, 0x00, 0x00, 0x06, 0x00, 0x00, 0x00,
  0x2a, 0xe3, 0xff, 0xff, 0x14, 0x00, 0x00, 0x00, 0x00, 0x00, 0x00, 0x0b,
  0x10, 0x00, 0x00, 0x00, 0x14, 0x00, 0x00, 0x00, 0x07, 0x00, 0x00, 0x00,
  0x58, 0x53, 0xff, 0xff, 0x01, 0x00, 0x00, 0x00, 0xe8, 0x00, 0x00, 0x00,
  0x02, 0x00, 0x00, 0x00, 0x31, 0x00, 0x00, 0x00, 0xe7, 0x00, 0x00, 0x00,
  0x82, 0xe2, 0xff, 0xff, 0x08, 0x00, 0x00, 0x00, 0x0c, 0x00, 0x00, 0x00,
  0x01, 0x00, 0x00, 0x00, 0xe7, 0x00, 0x00, 0x00, 0x02, 0x00, 0x00, 0x00,
  0xe6, 0x00, 0x00, 0x00, 0x02, 0x00, 0x00, 0x00, 0x7a, 0xe3, 0xff, 0xff,
  0x14, 0x00, 0x00, 0x00, 0x00, 0x00, 0x00, 0x08, 0x10, 0x00, 0x00, 0x00,
  0x14, 0x00, 0x00, 0x00, 0x02, 0x00, 0x00, 0x00, 0xa8, 0x53, 0xff, 0xff,
  0x01, 0x00, 0x00, 0x00, 0xe6, 0x00, 0x00, 0x00, 0x03, 0x00, 0x00, 0x00,
  0xe5, 0x00, 0x00, 0x00, 0x04, 0x00, 0x00, 0x00, 0xff, 0xff, 0xff, 0xff,
  0xae, 0xe3, 0xff, 0xff, 0x14, 0x00, 0x00, 0x00, 0x00, 0x00, 0x00, 0x15,
  0x10, 0x00, 0x00, 0x00, 0x14, 0x00, 0x00, 0x00, 0x06, 0x00, 0x00, 0x00,
  0xdc, 0x53, 0xff, 0xff, 0x01, 0x00, 0x00, 0x00, 0xe5, 0x00, 0x00, 0x00,
  0x02, 0x00, 0x00, 0x00, 0xe0, 0x00, 0x00, 0x00, 0xe4, 0x00, 0x00, 0x00,
  0x4a, 0xe4, 0xff, 0xff, 0x0c, 0x00, 0x00, 0x00, 0x10, 0x00, 0x00, 0x00,
  0x05, 0x00, 0x00, 0x00, 0x01, 0x00, 0x00, 0x00, 0xe4, 0x00, 0x00, 0x00,
  0x01, 0x00, 0x00, 0x00, 0xe3, 0x00, 0x00, 0x00, 0xfe, 0xe3, 0xff, 0xff,
  0x14, 0x00, 0x00, 0x00, 0x00, 0x00, 0x00, 0x0b, 0x10, 0x00, 0x00, 0x00,
  0x14, 0x00, 0x00, 0x00, 0x07, 0x00, 0x00, 0x00, 0x2c, 0x54, 0xff, 0xff,
  0x01, 0x00, 0x00, 0x00, 0xe3, 0x00, 0x00, 0x00, 0x02, 0x00, 0x00, 0x00,
  0xdf, 0x00, 0x00, 0x00, 0xe2, 0x00, 0x00, 0x00, 0x2e, 0xe4, 0xff, 0xff,
  0x14, 0x00, 0x00, 0x00, 0x00, 0x00, 0x00, 0x15, 0x10, 0x00, 0x00, 0x00,
  0x14, 0x00, 0x00, 0x00, 0x06, 0x00, 0x00, 0x00, 0x5c, 0x54, 0xff, 0xff,
  0x01, 0x00, 0x00, 0x00, 0xe2, 0x00, 0x00, 0x00, 0x02, 0x00, 0x00, 0x00,
  0xdd, 0x00, 0x00, 0x00, 0xe1, 0x00, 0x00, 0x00, 0xca, 0xe4, 0xff, 0xff,
  0x0c, 0x00, 0x00, 0x00, 0x10, 0x00, 0x00, 0x00, 0x05, 0x00, 0x00, 0x00,
  0x01, 0x00, 0x00, 0x00, 0xe1, 0x00, 0x00, 0x00, 0x01, 0x00, 0x00, 0x00,
  0xdb, 0x00, 0x00, 0x00, 0xea, 0xe4, 0xff, 0xff, 0x0c, 0x00, 0x00, 0x00,
  0x10, 0x00, 0x00, 0x00, 0x04, 0x00, 0x00, 0x00, 0x01, 0x00, 0x00, 0x00,
  0xe0, 0x00, 0x00, 0x00, 0x01, 0x00, 0x00, 0x00, 0xdc, 0x00, 0x00, 0x00,
  0x9e, 0xe4, 0xff, 0xff, 0x14, 0x00, 0x00, 0x00, 0x00, 0x00, 0x00, 0x15,
  0x10, 0x00, 0x00, 0x00, 0x14, 0x00, 0x00, 0x00, 0x06, 0x00, 0x00, 0x00,
  0xcc, 0x54, 0xff, 0xff, 0x01, 0x00, 0x00, 0x00, 0xdf, 0x00, 0x00, 0x00,
  0x02, 0x00, 0x00, 0x00, 0xde, 0x00, 0x00, 0x00, 0xd2, 0x00, 0x00, 0x00,
  0x3a, 0xe5, 0xff, 0xff, 0x0c, 0x00, 0x00, 0x00, 0x10, 0x00, 0x00, 0x00,
  0x04, 0x00, 0x00, 0x00, 0x01, 0x00, 0x00, 0x00, 0xde, 0x00, 0x00, 0x00,
  0x01, 0x00, 0x00, 0x00, 0xda, 0x00, 0x00, 0x00, 0x5a, 0xe5, 0xff, 0xff,
  0x0c, 0x00, 0x00, 0x00, 0x10, 0x00, 0x00, 0x00, 0x04, 0x00, 0x00, 0x00,
  0x01, 0x00, 0x00, 0x00, 0xdd, 0x00, 0x00, 0x00, 0x01, 0x00, 0x00, 0x00,
  0xd9, 0x00, 0x00, 0x00, 0x0e, 0xe5, 0xff, 0xff, 0x14, 0x00, 0x00, 0x00,
  0x00, 0x00, 0x00, 0x23, 0x14, 0x00, 0x00, 0x00, 0x24, 0x00, 0x00, 0x00,
  0x03, 0x00, 0x00, 0x00, 0xba, 0xe4, 0xff, 0xff, 0x04, 0x00, 0x00, 0x00,
  0x04, 0x00, 0x00, 0x00, 0xd9, 0x00, 0x00, 0x00, 0xda, 0x00, 0x00, 0x00,
  0xdb, 0x00, 0x00, 0x00, 0xdc, 0x00, 0x00, 0x00, 0x02, 0x00, 0x00, 0x00,
  0x07, 0x00, 0x00, 0x00, 0xd8, 0x00, 0x00, 0x00, 0x4e, 0xe5, 0xff, 0xff,
  0x14, 0x00, 0x00, 0x00, 0x00, 0x00, 0x00, 0x0b, 0x10, 0x00, 0x00, 0x00,
  0x14, 0x00, 0x00, 0x00, 0x07, 0x00, 0x00, 0x00, 0x7c, 0x55, 0xff, 0xff,
  0x01, 0x00, 0x00, 0x00, 0xd8, 0x00, 0x00, 0x00, 0x02, 0x00, 0x00, 0x00,
  0xd7, 0x00, 0x00, 0x00, 0x06, 0x00, 0x00, 0x00, 0x7e, 0xe5, 0xff, 0xff,
  0x14, 0x00, 0x00, 0x00, 0x00, 0x00, 0x00, 0x0b, 0x10, 0x00, 0x00, 0x00,
  0x14, 0x00, 0x00, 0x00, 0x07, 0x00, 0x00, 0x00, 0xac, 0x55, 0xff, 0xff,
  0x01, 0x00, 0x00, 0x00, 0xd7, 0x00, 0x00, 0x00, 0x02, 0x00, 0x00, 0x00,
  0x30, 0x00, 0x00, 0x00, 0xd6, 0x00, 0x00, 0x00, 0xd6, 0xe4, 0xff, 0xff,
  0x08, 0x00, 0x00, 0x00, 0x0c, 0x00, 0x00, 0x00, 0x01, 0x00, 0x00, 0x00,
  0xd6, 0x00, 0x00, 0x00, 0x02, 0x00, 0x00, 0x00, 0xd5, 0x00, 0x00, 0x00,
  0x02, 0x00, 0x00, 0x00, 0xce, 0xe5, 0xff, 0xff, 0x14, 0x00, 0x00, 0x00,
  0x00, 0x00, 0x00, 0x08, 0x10, 0x00, 0x00, 0x00, 0x14, 0x00, 0x00, 0x00,
  0x02, 0x00, 0x00, 0x00, 0xfc, 0x55, 0xff, 0xff, 0x01, 0x00, 0x00, 0x00,
  0xd5, 0x00, 0x00, 0x00, 0x03, 0x00, 0x00, 0x00, 0xd4, 0x00, 0x00, 0x00,
  0x04, 0x00, 0x00, 0x00, 0xff, 0xff, 0xff, 0xff, 0x02, 0xe6, 0xff, 0xff,
  0x14, 0x00, 0x00, 0x00, 0x00, 0x00, 0x00, 0x15, 0x10, 0x00, 0x00, 0x00,
  0x14, 0x00, 0x00, 0x00, 0x06, 0x00, 0x00, 0x00, 0x30, 0x56, 0xff, 0xff,
  0x01, 0x00, 0x00, 0x00, 0xd4, 0x00, 0x00, 0x00, 0x02, 0x00, 0x00, 0x00,
  0xcf, 0x00, 0x00, 0x00, 0xd3, 0x00, 0x00, 0x00, 0x9e, 0xe6, 0xff, 0xff,
  0x0c, 0x00, 0x00, 0x00, 0x10, 0x00, 0x00, 0x00, 0x05, 0x00, 0x00, 0x00,
  0x01, 0x00, 0x00, 0x00, 0xd3, 0x00, 0x00, 0x00, 0x01, 0x00, 0x00, 0x00,
  0xd2, 0x00, 0x00, 0x00, 0x52, 0xe6, 0xff, 0xff, 0x14, 0x00, 0x00, 0x00,
  0x00, 0x00, 0x00, 0x0b, 0x10, 0x00, 0x00, 0x00, 0x14, 0x00, 0x00, 0x00,
  0x07, 0x00, 0x00, 0x00, 0x80, 0x56, 0xff, 0xff, 0x01, 0x00, 0x00, 0x00,
  0xd2, 0x00, 0x00, 0x00, 0x02, 0x00, 0x00, 0x00, 0xce, 0x00, 0x00, 0x00,
  0xd1, 0x00, 0x00, 0x00, 0x82, 0xe6, 0xff, 0xff, 0x14, 0x00, 0x00, 0x00,
  0x00, 0x00, 0x00, 0x15, 0x10, 0x00, 0x00, 0x00, 0x14, 0x00, 0x00, 0x00,
  0x06, 0x00, 0x00, 0x00, 0xb0, 0x56, 0xff, 0xff, 0x01, 0x00, 0x00, 0x00,
  0xd1, 0x00, 0x00, 0x00, 0x02, 0x00, 0x00, 0x00, 0xcc, 0x00, 0x00, 0x00,
  0xd0, 0x00, 0x00, 0x00, 0x1e, 0xe7, 0xff, 0xff, 0x0c, 0x00, 0x00, 0x00,
  0x10, 0x00, 0x00, 0x00, 0x05, 0x00, 0x00, 0x00, 0x01, 0x00, 0x00, 0x00,
  0xd0, 0x00, 0x00, 0x00, 0x01, 0x00, 0x00, 0x00, 0xca, 0x00, 0x00, 0x00,
  0x3e, 0xe7, 0xff, 0xff, 0x0c, 0x00, 0x00, 0x00, 0x10, 0x00, 0x00, 0x00,
  0x04, 0x00, 0x00, 0x00, 0x01, 0x00, 0x00, 0x00, 0xcf, 0x00, 0x00, 0x00,
  0x01, 0x00, 0x00, 0x00, 0xcb, 0x00, 0x00, 0x00, 0xf2, 0xe6, 0xff, 0xff,
  0x14, 0x00, 0x00, 0x00, 0x00, 0x00, 0x00, 0x15, 0x10, 0x00, 0x00, 0x00,
  0x14, 0x00, 0x00, 0x00, 0x06, 0x00, 0x00, 0x00, 0x20, 0x57, 0xff, 0xff,
  0x01, 0x00, 0x00, 0x00, 0xce, 0x00, 0x00, 0x00, 0x02, 0x00, 0x00, 0x00,
  0xcd, 0x00, 0x00, 0x00, 0xc1, 0x00, 0x00, 0x00, 0x8e, 0xe7, 0xff, 0xff,
  0x0c, 0x00, 0x00, 0x00, 0x10, 0x00, 0x00, 0x00, 0x04, 0x00, 0x00, 0x00,
  0x01, 0x00, 0x00, 0x00, 0xcd, 0x00, 0x00, 0x00, 0x01, 0x00, 0x00, 0x00,
  0xc9, 0x00, 0x00, 0x00, 0xae, 0xe7, 0xff, 0xff, 0x0c, 0x00, 0x00, 0x00,
  0x10, 0x00, 0x00, 0x00, 0x04, 0x00, 0x00, 0x00, 0x01, 0x00, 0x00, 0x00,
  0xcc, 0x00, 0x00, 0x00, 0x01, 0x00, 0x00, 0x00, 0xc8, 0x00, 0x00, 0x00,
  0x62, 0xe7, 0xff, 0xff, 0x14, 0x00, 0x00, 0x00, 0x00, 0x00, 0x00, 0x23,
  0x14, 0x00, 0x00, 0x00, 0x24, 0x00, 0x00, 0x00, 0x03, 0x00, 0x00, 0x00,
  0x0e, 0xe7, 0xff, 0xff, 0x04, 0x00, 0x00, 0x00, 0x04, 0x00, 0x00, 0x00,
  0xc8, 0x00, 0x00, 0x00, 0xc9, 0x00, 0x00, 0x00, 0xca, 0x00, 0x00, 0x00,
  0xcb, 0x00, 0x00, 0x00, 0x02, 0x00, 0x00, 0x00, 0x07, 0x00, 0x00, 0x00,
  0xc7, 0x00, 0x00, 0x00, 0xa2, 0xe7, 0xff, 0xff, 0x14, 0x00, 0x00, 0x00,
  0x00, 0x00, 0x00, 0x0b, 0x10, 0x00, 0x00, 0x00, 0x14, 0x00, 0x00, 0x00,
  0x07, 0x00, 0x00, 0x00, 0xd0, 0x57, 0xff, 0xff, 0x01, 0x00, 0x00, 0x00,
  0xc7, 0x00, 0x00, 0x00, 0x02, 0x00, 0x00, 0x00, 0xc6, 0x00, 0x00, 0x00,
  0x06, 0x00, 0x00, 0x00, 0xd2, 0xe7, 0xff, 0xff, 0x14, 0x00, 0x00, 0x00,
  0x00, 0x00, 0x00, 0x0b, 0x10, 0x00, 0x00, 0x00, 0x14, 0x00, 0x00, 0x00,
  0x07, 0x00, 0x00, 0x00, 0x00, 0x58, 0xff, 0xff, 0x01, 0x00, 0x00, 0x00,
  0xc6, 0x00, 0x00, 0x00, 0x02, 0x00, 0x00, 0x00, 0x2f, 0x00, 0x00, 0x00,
  0xc5, 0x00, 0x00, 0x00, 0x2a, 0xe7, 0xff, 0xff, 0x08, 0x00, 0x00, 0x00,
  0x0c, 0x00, 0x00, 0x00, 0x01, 0x00, 0x00, 0x00, 0xc5, 0x00, 0x00, 0x00,
  0x02, 0x00, 0x00, 0x00, 0xc4, 0x00, 0x00, 0x00, 0x02, 0x00, 0x00, 0x00,
  0x22, 0xe8, 0xff, 0xff, 0x14, 0x00, 0x00, 0x00, 0x00, 0x00, 0x00, 0x08,
  0x10, 0x00, 0x00, 0x00, 0x14, 0x00, 0x00, 0x00, 0x02, 0x00, 0x00, 0x00,
  0x50, 0x58, 0xff, 0xff, 0x01, 0x00, 0x00, 0x00, 0xc4, 0x00, 0x00, 0x00,
  0x03, 0x00, 0x00, 0x00, 0xc3, 0x00, 0x00, 0x00, 0x04, 0x00, 0x00, 0x00,
  0xff, 0xff, 0xff, 0xff, 0x56, 0xe8, 0xff, 0xff, 0x14, 0x00, 0x00, 0x00,
  0x00, 0x00, 0x00, 0x15, 0x10, 0x00, 0x00, 0x00, 0x14, 0x00, 0x00, 0x00,
  0x06, 0x00, 0x00, 0x00, 0x84, 0x58, 0xff, 0xff, 0x01, 0x00, 0x00, 0x00,
  0xc3, 0x00, 0x00, 0x00, 0x02, 0x00, 0x00, 0x00, 0xbe, 0x00, 0x00, 0x00,
  0xc2, 0x00, 0x00, 0x00, 0xf2, 0xe8, 0xff, 0xff, 0x0c, 0x00, 0x00, 0x00,
  0x10, 0x00, 0x00, 0x00, 0x05, 0x00, 0x00, 0x00, 0x01, 0x00, 0x00, 0x00,
  0xc2, 0x00, 0x00, 0x00, 0x01, 0x00, 0x00, 0x00, 0xc1, 0x00, 0x00, 0x00,
  0xa6, 0xe8, 0xff, 0xff, 0x14, 0x00, 0x00, 0x00, 0x00, 0x00, 0x00, 0x0b,
  0x10, 0x00, 0x00, 0x00, 0x14, 0x00, 0x00, 0x00, 0x07, 0x00, 0x00, 0x00,
  0xd4, 0x58, 0xff, 0xff, 0x01, 0x00, 0x00, 0x00, 0xc1, 0x00, 0x00, 0x00,
  0x02, 0x00, 0x00, 0x00, 0xbd, 0x00, 0x00, 0x00, 0xc0, 0x00, 0x00, 0x00,
  0xd6, 0xe8, 0xff, 0xff, 0x14, 0x00, 0x00, 0x00, 0x00, 0x00, 0x00, 0x15,
  0x10, 0x00, 0x00, 0x00, 0x14, 0x00, 0x00, 0x00, 0x06, 0x00, 0x00, 0x00,
  0x04, 0x59, 0xff, 0xff, 0x01, 0x00, 0x00, 0x00, 0xc0, 0x00, 0x00, 0x00,
  0x02, 0x00, 0x00, 0x00, 0xbb, 0x00, 0x00, 0x00, 0xbf, 0x00, 0x00, 0x00,
  0x72, 0xe9, 0xff, 0xff, 0x0c, 0x00, 0x00, 0x00, 0x10, 0x00, 0x00, 0x00,
  0x05, 0x00, 0x00, 0x00, 0x01, 0x00, 0x00, 0x00, 0xbf, 0x00, 0x00, 0x00,
  0x01, 0x00, 0x00, 0x00, 0xb9, 0x00, 0x00, 0x00, 0x92, 0xe9, 0xff, 0xff,
  0x0c, 0x00, 0x00, 0x00, 0x10, 0x00, 0x00, 0x00, 0x04, 0x00, 0x00, 0x00,
  0x01, 0x00, 0x00, 0x00, 0xbe, 0x00, 0x00, 0x00, 0x01, 0x00, 0x00, 0x00,
  0xba, 0x00, 0x00, 0x00, 0x46, 0xe9, 0xff, 0xff, 0x14, 0x00, 0x00, 0x00,
  0x00, 0x00, 0x00, 0x15, 0x10, 0x00, 0x00, 0x00, 0x14, 0x00, 0x00, 0x00,
  0x06, 0x00, 0x00, 0x00, 0x74, 0x59, 0xff, 0xff, 0x01, 0x00, 0x00, 0x00,
  0xbd, 0x00, 0x00, 0x00, 0x02, 0x00, 0x00, 0x00, 0xbc, 0x00, 0x00, 0x00,
  0xb0, 0x00, 0x00, 0x00, 0xe2, 0xe9, 0xff, 0xff, 0x0c, 0x00, 0x00, 0x00,
  0x10, 0x00, 0x00, 0x00, 0x04, 0x00, 0x00, 0x00, 0x01, 0x00, 0x00, 0x00,
  0xbc, 0x00, 0x00, 0x00, 0x01, 0x00, 0x00, 0x00, 0xb8, 0x00, 0x00, 0x00,
  0x02, 0xea, 0xff, 0xff, 0x0c, 0x00, 0x00, 0x00, 0x10, 0x00, 0x00, 0x00,
  0x04, 0x00, 0x00, 0x00, 0x01, 0x00, 0x00, 0x00, 0xbb, 0x00, 0x00, 0x00,
  0x01, 0x00, 0x00, 0x00, 0xb7, 0x00, 0x00, 0x00, 0xb6, 0xe9, 0xff, 0xff,
  0x14, 0x00, 0x00, 0x00, 0x00, 0x00, 0x00, 0x23, 0x14, 0x00, 0x00, 0x00,
  0x24, 0x00, 0x00, 0x00, 0x03, 0x00, 0x00, 0x00, 0x62, 0xe9, 0xff, 0xff,
  0x04, 0x00, 0x00, 0x00, 0x04, 0x00, 0x00, 0x00, 0xb7, 0x00, 0x00, 0x00,
  0xb8, 0x00, 0x00, 0x00, 0xb9, 0x00, 0x00, 0x00, 0xba, 0x00, 0x00, 0x00,
  0x02, 0x00, 0x00, 0x00, 0x07, 0x00, 0x00, 0x00, 0xb6, 0x00, 0x00, 0x00,
  0xf6, 0xe9, 0xff, 0xff, 0x14, 0x00, 0x00, 0x00, 0x00, 0x00, 0x00, 0x0b,
  0x10, 0x00, 0x00, 0x00, 0x14, 0x00, 0x00, 0x00, 0x07, 0x00, 0x00, 0x00,
  0x24, 0x5a, 0xff, 0xff, 0x01, 0x00, 0x00, 0x00, 0xb6, 0x00, 0x00, 0x00,
  0x02, 0x00, 0x00, 0x00, 0xb5, 0x00, 0x00, 0x00, 0x06, 0x00, 0x00, 0x00,
  0x26, 0xea, 0xff, 0xff, 0x14, 0x00, 0x00, 0x00, 0x00, 0x00, 0x00, 0x0b,
  0x10, 0x00, 0x00, 0x00, 0x14, 0x00, 0x00, 0x00, 0x07, 0x00, 0x00, 0x00,
  0x54, 0x5a, 0xff, 0xff, 0x01, 0x00, 0x00, 0x00, 0xb5, 0x00, 0x00, 0x00,
  0x02, 0x00, 0x00, 0x00, 0x2e, 0x00, 0x00, 0x00, 0xb4, 0x00, 0x00, 0x00,
  0x7e, 0xe9, 0xff, 0xff, 0x08, 0x00, 0x00, 0x00, 0x0c, 0x00, 0x00, 0x00,
  0x01, 0x00, 0x00, 0x00, 0xb4, 0x00, 0x00, 0x00, 0x02, 0x00, 0x00, 0x00,
  0xb3, 0x00, 0x00, 0x00, 0x02, 0x00, 0x00, 0x00, 0x76, 0xea, 0xff, 0xff,
  0x14, 0x00, 0x00, 0x00, 0x00, 0x00, 0x00, 0x08, 0x10, 0x00, 0x00, 0x00,
  0x14, 0x00, 0x00, 0x00, 0x02, 0x00, 0x00, 0x00, 0xa4, 0x5a, 0xff, 0xff,
  0x01, 0x00, 0x00, 0x00, 0xb3, 0x00, 0x00, 0x00, 0x03, 0x00, 0x00, 0x00,
  0xb2, 0x00, 0x00, 0x00, 0x04, 0x00, 0x00, 0x00, 0xff, 0xff, 0xff, 0xff,
  0xaa, 0xea, 0xff, 0xff, 0x14, 0x00, 0x00, 0x00, 0x00, 0x00, 0x00, 0x15,
  0x10, 0x00, 0x00, 0x00, 0x14, 0x00, 0x00, 0x00, 0x06, 0x00, 0x00, 0x00,
  0xd8, 0x5a, 0xff, 0xff, 0x01, 0x00, 0x00, 0x00, 0xb2, 0x00, 0x00, 0x00,
  0x02, 0x00, 0x00, 0x00, 0xad, 0x00, 0x00, 0x00, 0xb1, 0x00, 0x00, 0x00,
  0x46, 0xeb, 0xff, 0xff, 0x0c, 0x00, 0x00, 0x00, 0x10, 0x00, 0x00, 0x00,
  0x05, 0x00, 0x00, 0x00, 0x01, 0x00, 0x00, 0x00, 0xb1, 0x00, 0x00, 0x00,
  0x01, 0x00, 0x00, 0x00, 0xb0, 0x00, 0x00, 0x00, 0xfa, 0xea, 0xff, 0xff,
  0x14, 0x00, 0x00, 0x00, 0x00, 0x00, 0x00, 0x0b, 0x10, 0x00, 0x00, 0x00,
  0x14, 0x00, 0x00, 0x00, 0x07, 0x00, 0x00, 0x00, 0x28, 0x5b, 0xff, 0xff,
  0x01, 0x00, 0x00, 0x00, 0xb0, 0x00, 0x00, 0x00, 0x02, 0x00, 0x00, 0x00,
  0xac, 0x00, 0x00, 0x00, 0xaf, 0x00, 0x00, 0x00, 0x2a, 0xeb, 0xff, 0xff,
  0x14, 0x00, 0x00, 0x00, 0x00, 0x00, 0x00, 0x15, 0x10, 0x00, 0x00, 0x00,
  0x14, 0x00, 0x00, 0x00, 0x06, 0x00, 0x00, 0x00, 0x58, 0x5b, 0xff, 0xff,
  0x01, 0x00, 0x00, 0x00, 0xaf, 0x00, 0x00, 0x00, 0x02, 0x00, 0x00, 0x00,
  0xaa, 0x00, 0x00, 0x00, 0xae, 0x00, 0x00, 0x00, 0xc6, 0xeb, 0xff, 0xff,
  0x0c, 0x00, 0x00, 0x00, 0x10, 0x00, 0x00, 0x00, 0x05, 0x00, 0x00, 0x00,
  0x01, 0x00, 0x00, 0x00, 0xae, 0x00, 0x00, 0x00, 0x01, 0x00, 0x00, 0x00,
  0xa8, 0x00, 0x00, 0x00, 0xe6, 0xeb, 0xff, 0xff, 0x0c, 0x00, 0x00, 0x00,
  0x10, 0x00, 0x00, 0x00, 0x04, 0x00, 0x00, 0x00, 0x01, 0x00, 0x00, 0x00,
  0xad, 0x00, 0x00, 0x00, 0x01, 0x00, 0x00, 0x00, 0xa9, 0x00, 0x00, 0x00,
  0x9a, 0xeb, 0xff, 0xff, 0x14, 0x00, 0x00, 0x00, 0x00, 0x00, 0x00, 0x15,
  0x10, 0x00, 0x00, 0x00, 0x14, 0x00, 0x00, 0x00, 0x06, 0x00, 0x00, 0x00,
  0xc8, 0x5b, 0xff, 0xff, 0x01, 0x00, 0x00, 0x00, 0xac, 0x00, 0x00, 0x00,
  0x02, 0x00, 0x00, 0x00, 0xab, 0x00, 0x00, 0x00, 0x9f, 0x00, 0x00, 0x00,
  0x36, 0xec, 0xff, 0xff, 0x0c, 0x00, 0x00, 0x00, 0x10, 0x00, 0x00, 0x00,
  0x04, 0x00, 0x00, 0x00, 0x01, 0x00, 0x00, 0x00, 0xab, 0x00, 0x00, 0x00,
  0x01, 0x00, 0x00, 0x00, 0xa7, 0x00, 0x00, 0x00, 0x56, 0xec, 0xff, 0xff,
  0x0c, 0x00, 0x00, 0x00, 0x10, 0x00, 0x00, 0x00, 0x04, 0x00, 0x00, 0x00,
  0x01, 0x00, 0x00, 0x00, 0xaa, 0x00, 0x00, 0x00, 0x01, 0x00, 0x00, 0x00,
  0xa6, 0x00, 0x00, 0x00, 0x0a, 0xec, 0xff, 0xff, 0x14, 0x00, 0x00, 0x00,
  0x00, 0x00, 0x00, 0x23, 0x14, 0x00, 0x00, 0x00, 0x24, 0x00, 0x00, 0x00,
  0x03, 0x00, 0x00, 0x00, 0xb6, 0xeb, 0xff, 0xff, 0x04, 0x00, 0x00, 0x00,
  0x04, 0x00, 0x00, 0x00, 0xa6, 0x00, 0x00, 0x00, 0xa7, 0x00, 0x00, 0x00,
  0xa8, 0x00, 0x00, 0x00, 0xa9, 0x00, 0x00, 0x00, 0x02, 0x00, 0x00, 0x00,
  0x07, 0x00, 0x00, 0x00, 0xa5, 0x00, 0x00, 0x00, 0x4a, 0xec, 0xff, 0xff,
  0x14, 0x00, 0x00, 0x00, 0x00, 0x00, 0x00, 0x0b, 0x10, 0x00, 0x00, 0x00,
  0x14, 0x00, 0x00, 0x00, 0x07, 0x00, 0x00, 0x00, 0x78, 0x5c, 0xff, 0xff,
  0x01, 0x00, 0x00, 0x00, 0xa5, 0x00, 0x00, 0x00, 0x02, 0x00, 0x00, 0x00,
  0xa4, 0x00, 0x00, 0x00, 0x06, 0x00, 0x00, 0x00, 0x7a, 0xec, 0xff, 0xff,
  0x14, 0x00, 0x00, 0x00, 0x00, 0x00, 0x00, 0x0b, 0x10, 0x00, 0x00, 0x00,
  0x14, 0x00, 0x00, 0x00, 0x07, 0x00, 0x00, 0x00, 0xa8, 0x5c, 0xff, 0xff,
  0x01, 0x00, 0x00, 0x00, 0xa4, 0x00, 0x00, 0x00, 0x02, 0x00, 0x00, 0x00,
  0x2d, 0x00, 0x00, 0x00, 0xa3, 0x00, 0x00, 0x00, 0xd2, 0xeb, 0xff, 0xff,
  0x08, 0x00, 0x00, 0x00, 0x0c, 0x00, 0x00, 0x00, 0x01, 0x00, 0x00, 0x00,
  0xa3, 0x00, 0x00, 0x00, 0x02, 0x00, 0x00, 0x00, 0xa2, 0x00, 0x00, 0x00,
  0x02, 0x00, 0x00, 0x00, 0xca, 0xec, 0xff, 0xff, 0x14, 0x00, 0x00, 0x00,
  0x00, 0x00, 0x00, 0x08, 0x10, 0x00, 0x00, 0x00, 0x14, 0x00, 0x00, 0x00,
  0x02, 0x00, 0x00, 0x00, 0xf8, 0x5c, 0xff, 0xff, 0x01, 0x00, 0x00, 0x00,
  0xa2, 0x00, 0x00, 0x00, 0x03, 0x00, 0x00, 0x00, 0xa1, 0x00, 0x00, 0x00,
  0x04, 0x00, 0x00, 0x00, 0xff, 0xff, 0xff, 0xff, 0xfe, 0xec, 0xff, 0xff,
  0x14, 0x00, 0x00, 0x00, 0x00, 0x00, 0x00, 0x15, 0x10, 0x00, 0x00, 0x00,
  0x14, 0x00, 0x00, 0x00, 0x06, 0x00, 0x00, 0x00, 0x2c, 0x5d, 0xff, 0xff,
  0x01, 0x00, 0x00, 0x00, 0xa1, 0x00, 0x00, 0x00, 0x02, 0x00, 0x00, 0x00,
  0x9c, 0x00, 0x00, 0x00, 0xa0, 0x00, 0x00, 0x00, 0x9a, 0xed, 0xff, 0xff,
  0x0c, 0x00, 0x00, 0x00, 0x10, 0x00, 0x00, 0x00, 0x05, 0x00, 0x00, 0x00,
  0x01, 0x00, 0x00, 0x00, 0xa0, 0x00, 0x00, 0x00, 0x01, 0x00, 0x00, 0x00,
  0x9f, 0x00, 0x00, 0x00, 0x4e, 0xed, 0xff, 0xff, 0x14, 0x00, 0x00, 0x00,
  0x00, 0x00, 0x00, 0x0b, 0x10, 0x00, 0x00, 0x00, 0x14, 0x00, 0x00, 0x00,
  0x07, 0x00, 0x00, 0x00, 0x7c, 0x5d, 0xff, 0xff, 0x01, 0x00, 0x00, 0x00,
  0x9f, 0x00, 0x00, 0x00, 0x02, 0x00, 0x00, 0x00, 0x9b, 0x00, 0x00, 0x00,
  0x9e, 0x00, 0x00, 0x00, 0x7e, 0xed, 0xff, 0xff, 0x14, 0x00, 0x00, 0x00,
  0x00, 0x00, 0x00, 0x15, 0x10, 0x00, 0x00, 0x00, 0x14, 0x00, 0x00, 0x00,
  0x06, 0x00, 0x00, 0x00, 0xac, 0x5d, 0xff, 0xff, 0x01, 0x00, 0x00, 0x00,
  0x9e, 0x00, 0x00, 0x00, 0x02, 0x00, 0x00, 0x00, 0x99, 0x00, 0x00, 0x00,
  0x9d, 0x00, 0x00, 0x00, 0x1a, 0xee, 0xff, 0xff, 0x0c, 0x00, 0x00, 0x00,
  0x10, 0x00, 0x00, 0x00, 0x05, 0x00, 0x00, 0x00, 0x01, 0x00, 0x00, 0x00,
  0x9d, 0x00, 0x00, 0x00, 0x01, 0x00, 0x00, 0x00, 0x97, 0x00, 0x00, 0x00,
  0x3a, 0xee, 0xff, 0xff, 0x0c, 0x00, 0x00, 0x00, 0x10, 0x00, 0x00, 0x00,
  0x04, 0x00, 0x00, 0x00, 0x01, 0x00, 0x00, 0x00, 0x9c, 0x00, 0x00, 0x00,
  0x01, 0x00, 0x00, 0x00, 0x98, 0x00, 0x00, 0x00, 0xee, 0xed, 0xff, 0xff,
  0x14, 0x00, 0x00, 0x00, 0x00, 0x00, 0x00, 0x15, 0x10, 0x00, 0x00, 0x00,
  0x14, 0x00, 0x00, 0x00, 0x06, 0x00, 0x00, 0x00, 0x1c, 0x5e, 0xff, 0xff,
  0x01, 0x00, 0x00, 0x00, 0x9b, 0x00, 0x00, 0x00, 0x02, 0x00, 0x00, 0x00,
  0x9a, 0x00, 0x00, 0x00, 0x8e, 0x00, 0x00, 0x00, 0x8a, 0xee, 0xff, 0xff,
  0x0c, 0x00, 0x00, 0x00, 0x10, 0x00, 0x00, 0x00, 0x04, 0x00, 0x00, 0x00,
  0x01, 0x00, 0x00, 0x00, 0x9a, 0x00, 0x00, 0x00, 0x01, 0x00, 0x00, 0x00,
  0x96, 0x00, 0x00, 0x00, 0xaa, 0xee, 0xff, 0xff, 0x0c, 0x00, 0x00, 0x00,
  0x10, 0x00, 0x00, 0x00, 0x04, 0x00, 0x00, 0x00, 0x01, 0x00, 0x00, 0x00,
  0x99, 0x00, 0x00, 0x00, 0x01, 0x00, 0x00, 0x00, 0x95, 0x00, 0x00, 0x00,
  0x5e, 0xee, 0xff, 0xff, 0x14, 0x00, 0x00, 0x00, 0x00, 0x00, 0x00, 0x23,
  0x14, 0x00, 0x00, 0x00, 0x24, 0x00, 0x00, 0x00, 0x03, 0x00, 0x00, 0x00,
  0x0a, 0xee, 0xff, 0xff, 0x04, 0x00, 0x00, 0x00, 0x04, 0x00, 0x00, 0x00,
  0x95, 0x00, 0x00, 0x00, 0x96, 0x00, 0x00, 0x00, 0x97, 0x00, 0x00, 0x00,
  0x98, 0x00, 0x00, 0x00, 0x02, 0x00, 0x00, 0x00, 0x07, 0x00, 0x00, 0x00,
  0x94, 0x00, 0x00, 0x00, 0x9e, 0xee, 0xff, 0xff, 0x14, 0x00, 0x00, 0x00,
  0x00, 0x00, 0x00, 0x0b, 0x10, 0x00, 0x00, 0x00, 0x14, 0x00, 0x00, 0x00,
  0x07, 0x00, 0x00, 0x00, 0xcc, 0x5e, 0xff, 0xff, 0x01, 0x00, 0x00, 0x00,
  0x94, 0x00, 0x00, 0x00, 0x02, 0x00, 0x00, 0x00, 0x93, 0x00, 0x00, 0x00,
  0x06, 0x00, 0x00, 0x00, 0xce, 0xee, 0xff, 0xff, 0x14, 0x00, 0x00, 0x00,
  0x00, 0x00, 0x00, 0x0b, 0x10, 0x00, 0x00, 0x00, 0x14, 0x00, 0x00, 0x00,
  0x07, 0x00, 0x00, 0x00, 0xfc, 0x5e, 0xff, 0xff, 0x01, 0x00, 0x00, 0x00,
  0x93, 0x00, 0x00, 0x00, 0x02, 0x00, 0x00, 0x00, 0x2c, 0x00, 0x00, 0x00,
  0x92, 0x00, 0x00, 0x00, 0x26, 0xee, 0xff, 0xff, 0x08, 0x00, 0x00, 0x00,
  0x0c, 0x00, 0x00, 0x00, 0x01, 0x00, 0x00, 0x00, 0x92, 0x00, 0x00, 0x00,
  0x02, 0x00, 0x00, 0x00, 0x91, 0x00, 0x00, 0x00, 0x02, 0x00, 0x00, 0x00,
  0x1e, 0xef, 0xff, 0xff, 0x14, 0x00, 0x00, 0x00, 0x00, 0x00, 0x00, 0x08,
  0x10, 0x00, 0x00, 0x00, 0x14, 0x00, 0x00, 0x00, 0x02, 0x00, 0x00, 0x00,
  0x4c, 0x5f, 0xff, 0xff, 0x01, 0x00, 0x00, 0x00, 0x91, 0x00, 0x00, 0x00,
  0x03, 0x00, 0x00, 0x00, 0x90, 0x00, 0x00, 0x00, 0x04, 0x00, 0x00, 0x00,
  0xff, 0xff, 0xff, 0xff, 0x52, 0xef, 0xff, 0xff, 0x14, 0x00, 0x00, 0x00,
  0x00, 0x00, 0x00, 0x15, 0x10, 0x00, 0x00, 0x00, 0x14, 0x00, 0x00, 0x00,
  0x06, 0x00, 0x00, 0x00, 0x80, 0x5f, 0xff, 0xff, 0x01, 0x00, 0x00, 0x00,
  0x90, 0x00, 0x00, 0x00, 0x02, 0x00, 0x00, 0x00, 0x8b, 0x00, 0x00, 0x00,
  0x8f, 0x00, 0x00, 0x00, 0xee, 0xef, 0xff, 0xff, 0x0c, 0x00, 0x00, 0x00,
  0x10, 0x00, 0x00, 0x00, 0x05, 0x00, 0x00, 0x00, 0x01, 0x00, 0x00, 0x00,
  0x8f, 0x00, 0x00, 0x00, 0x01, 0x00, 0x00, 0x00, 0x8e, 0x00, 0x00, 0x00,
  0xa2, 0xef, 0xff, 0xff, 0x14, 0x00, 0x00, 0x00, 0x00, 0x00, 0x00, 0x0b,
  0x10, 0x00, 0x00, 0x00, 0x14, 0x00, 0x00, 0x00, 0x07, 0x00, 0x00, 0x00,
  0xd0, 0x5f, 0xff, 0xff, 0x01, 0x00, 0x00, 0x00, 0x8e, 0x00, 0x00, 0x00,
  0x02, 0x00, 0x00, 0x00, 0x8a, 0x00, 0x00, 0x00, 0x8d, 0x00, 0x00, 0x00,
  0xd2, 0xef, 0xff, 0xff, 0x14, 0x00, 0x00, 0x00, 0x00, 0x00, 0x00, 0x15,
  0x10, 0x00, 0x00, 0x00, 0x14, 0x00, 0x00, 0x00, 0x06, 0x00, 0x00, 0x00,
  0x00, 0x60, 0xff, 0xff, 0x01, 0x00, 0x00, 0x00, 0x8d, 0x00, 0x00, 0x00,
  0x02, 0x00, 0x00, 0x00, 0x88, 0x00, 0x00, 0x00, 0x8c, 0x00, 0x00, 0x00,
  0x6e, 0xf0, 0xff, 0xff, 0x0c, 0x00, 0x00, 0x00, 0x10, 0x00, 0x00, 0x00,
  0x05, 0x00, 0x00, 0x00, 0x01, 0x00, 0x00, 0x00, 0x8c, 0x00, 0x00, 0x00,
  0x01, 0x00, 0x00, 0x00, 0x86, 0x00, 0x00, 0x00, 0x8e, 0xf0, 0xff, 0xff,
  0x0c, 0x00, 0x00, 0x00, 0x10, 0x00, 0x00, 0x00, 0x04, 0x00, 0x00, 0x00,
  0x01, 0x00, 0x00, 0x00, 0x8b, 0x00, 0x00, 0x00, 0x01, 0x00, 0x00, 0x00,
  0x87, 0x00, 0x00, 0x00, 0x42, 0xf0, 0xff, 0xff, 0x14, 0x00, 0x00, 0x00,
  0x00, 0x00, 0x00, 0x15, 0x10, 0x00, 0x00, 0x00, 0x14, 0x00, 0x00, 0x00,
  0x06, 0x00, 0x00, 0x00, 0x70, 0x60, 0xff, 0xff, 0x01, 0x00, 0x00, 0x00,
  0x8a, 0x00, 0x00, 0x00, 0x02, 0x00, 0x00, 0x00, 0x89, 0x00, 0x00, 0x00,
  0x7d, 0x00, 0x00, 0x00, 0xde, 0xf0, 0xff, 0xff, 0x0c, 0x00, 0x00, 0x00,
  0x10, 0x00, 0x00, 0x00, 0x04, 0x00, 0x00, 0x00, 0x01, 0x00, 0x00, 0x00,
  0x89, 0x00, 0x00, 0x00, 0x01, 0x00, 0x00, 0x00, 0x85, 0x00, 0x00, 0x00,
  0xfe, 0xf0, 0xff, 0xff, 0x0c, 0x00, 0x00, 0x00, 0x10, 0x00, 0x00, 0x00,
  0x04, 0x00, 0x00, 0x00, 0x01, 0x00, 0x00, 0x00, 0x88, 0x00, 0x00, 0x00,
  0x01, 0x00, 0x00, 0x00, 0x84, 0x00, 0x00, 0x00, 0xb2, 0xf0, 0xff, 0xff,
  0x14, 0x00, 0x00, 0x00, 0x00, 0x00, 0x00, 0x23, 0x14, 0x00, 0x00, 0x00,
  0x24, 0x00, 0x00, 0x00, 0x03, 0x00, 0x00, 0x00, 0x5e, 0xf0, 0xff, 0xff,
  0x04, 0x00, 0x00, 0x00, 0x04, 0x00, 0x00, 0x00, 0x84, 0x00, 0x00, 0x00,
  0x85, 0x00, 0x00, 0x00, 0x86, 0x00, 0x00, 0x00, 0x87, 0x00, 0x00, 0x00,
  0x02, 0x00, 0x00, 0x00, 0x07, 0x00, 0x00, 0x00, 0x83, 0x00, 0x00, 0x00,
  0xf2, 0xf0, 0xff, 0xff, 0x14, 0x00, 0x00, 0x00, 0x00, 0x00, 0x00, 0x0b,
  0x10, 0x00, 0x00, 0x00, 0x14, 0x00, 0x00, 0x00, 0x07, 0x00, 0x00, 0x00,
  0x20, 0x61, 0xff, 0xff, 0x01, 0x00, 0x00, 0x00, 0x83, 0x00, 0x00, 0x00,
  0x02, 0x00, 0x00, 0x00, 0x82, 0x00, 0x00, 0x00, 0x06, 0x00, 0x00, 0x00,
  0x22, 0xf1, 0xff, 0xff, 0x14, 0x00, 0x00, 0x00, 0x00, 0x00, 0x00, 0x0b,
  0x10, 0x00, 0x00, 0x00, 0x14, 0x00, 0x00, 0x00, 0x07, 0x00, 0x00, 0x00,
  0x50, 0x61, 0xff, 0xff, 0x01, 0x00, 0x00, 0x00, 0x82, 0x00, 0x00, 0x00,
  0x02, 0x00, 0x00, 0x00, 0x2b, 0x00, 0x00, 0x00, 0x81, 0x00, 0x00, 0x00,
  0x7a, 0xf0, 0xff, 0xff, 0x08, 0x00, 0x00, 0x00, 0x0c, 0x00, 0x00, 0x00,
  0x01, 0x00, 0x00, 0x00, 0x81, 0x00, 0x00, 0x00, 0x02, 0x00, 0x00, 0x00,
  0x80, 0x00, 0x00, 0x00, 0x02, 0x00, 0x00, 0x00, 0x72, 0xf1, 0xff, 0xff,
  0x14, 0x00, 0x00, 0x00, 0x00, 0x00, 0x00, 0x08, 0x10, 0x00, 0x00, 0x00,
  0x14, 0x00, 0x00, 0x00, 0x02, 0x00, 0x00, 0x00, 0xa0, 0x61, 0xff, 0xff,
  0x01, 0x00, 0x00, 0x00, 0x80, 0x00, 0x00, 0x00, 0x03, 0x00, 0x00, 0x00,
  0x7f, 0x00, 0x00, 0x00, 0x04, 0x00, 0x00, 0x00, 0xff, 0xff, 0xff, 0xff,
  0xa6, 0xf1, 0xff, 0xff, 0x14, 0x00, 0x00, 0x00, 0x00, 0x00, 0x00, 0x15,
  0x10, 0x00, 0x00, 0x00, 0x14, 0x00, 0x00, 0x00, 0x06, 0x00, 0x00, 0x00,
  0xd4, 0x61, 0xff, 0xff, 0x01, 0x00, 0x00, 0x00, 0x7f, 0x00, 0x00, 0x00,
  0x02, 0x00, 0x00, 0x00, 0x7a, 0x00, 0x00, 0x00, 0x7e, 0x00, 0x00, 0x00,
  0x42, 0xf2, 0xff, 0xff, 0x0c, 0x00, 0x00, 0x00, 0x10, 0x00, 0x00, 0x00,
  0x05, 0x00, 0x00, 0x00, 0x01, 0x00, 0x00, 0x00, 0x7e, 0x00, 0x00, 0x00,
  0x01, 0x00, 0x00, 0x00, 0x7d, 0x00, 0x00, 0x00, 0xf6, 0xf1, 0xff, 0xff,
  0x14, 0x00, 0x00, 0x00, 0x00, 0x00, 0x00, 0x0b, 0x10, 0x00, 0x00, 0x00,
  0x14, 0x00, 0x00, 0x00, 0x07, 0x00, 0x00, 0x00, 0x24, 0x62, 0xff, 0xff,
  0x01, 0x00, 0x00, 0x00, 0x7d, 0x00, 0x00, 0x00, 0x02, 0x00, 0x00, 0x00,
  0x79, 0x00, 0x00, 0x00, 0x7c, 0x00, 0x00, 0x00, 0x26, 0xf2, 0xff, 0xff,
  0x14, 0x00, 0x00, 0x00, 0x00, 0x00, 0x00, 0x15, 0x10, 0x00, 0x00, 0x00,
  0x14, 0x00, 0x00, 0x00, 0x06, 0x00, 0x00, 0x00, 0x54, 0x62, 0xff, 0xff,
  0x01, 0x00, 0x00, 0x00, 0x7c, 0x00, 0x00, 0x00, 0x02, 0x00, 0x00, 0x00,
  0x77, 0x00, 0x00, 0x00, 0x7b, 0x00, 0x00, 0x00, 0xc2, 0xf2, 0xff, 0xff,
  0x0c, 0x00, 0x00, 0x00, 0x10, 0x00, 0x00, 0x00, 0x05, 0x00, 0x00, 0x00,
  0x01, 0x00, 0x00, 0x00, 0x7b, 0x00, 0x00, 0x00, 0x01, 0x00, 0x00, 0x00,
  0x75, 0x00, 0x00, 0x00, 0xe2, 0xf2, 0xff, 0xff, 0x0c, 0x00, 0x00, 0x00,
  0x10, 0x00, 0x00, 0x00, 0x04, 0x00, 0x00, 0x00, 0x01, 0x00, 0x00, 0x00,
  0x7a, 0x00, 0x00, 0x00, 0x01, 0x00, 0x00, 0x00, 0x76, 0x00, 0x00, 0x00,
  0x96, 0xf2, 0xff, 0xff, 0x14, 0x00, 0x00, 0x00, 0x00, 0x00, 0x00, 0x15,
  0x10, 0x00, 0x00, 0x00, 0x14, 0x00, 0x00, 0x00, 0x06, 0x00, 0x00, 0x00,
  0xc4, 0x62, 0xff, 0xff, 0x01, 0x00, 0x00, 0x00, 0x79, 0x00, 0x00, 0x00,
  0x02, 0x00, 0x00, 0x00, 0x78, 0x00, 0x00, 0x00, 0x6b, 0x00, 0x00, 0x00,
  0x32, 0xf3, 0xff, 0xff, 0x0c, 0x00, 0x00, 0x00, 0x10, 0x00, 0x00, 0x00,
  0x04, 0x00, 0x00, 0x00, 0x01, 0x00, 0x00, 0x00, 0x78, 0x00, 0x00, 0x00,
  0x01, 0x00, 0x00, 0x00, 0x74, 0x00, 0x00, 0x00, 0x52, 0xf3, 0xff, 0xff,
  0x0c, 0x00, 0x00, 0x00, 0x10, 0x00, 0x00, 0x00, 0x04, 0x00, 0x00, 0x00,
  0x01, 0x00, 0x00, 0x00, 0x77, 0x00, 0x00, 0x00, 0x01, 0x00, 0x00, 0x00,
  0x73, 0x00, 0x00, 0x00, 0x06, 0xf3, 0xff, 0xff, 0x14, 0x00, 0x00, 0x00,
  0x00, 0x00, 0x00, 0x23, 0x14, 0x00, 0x00, 0x00, 0x24, 0x00, 0x00, 0x00,
  0x03, 0x00, 0x00, 0x00, 0xb2, 0xf2, 0xff, 0xff, 0x04, 0x00, 0x00, 0x00,
  0x04, 0x00, 0x00, 0x00, 0x73, 0x00, 0x00, 0x00, 0x74, 0x00, 0x00, 0x00,
  0x75, 0x00, 0x00, 0x00, 0x76, 0x00, 0x00, 0x00, 0x02, 0x00, 0x00, 0x00,
  0x07, 0x00, 0x00, 0x00, 0x72, 0x00, 0x00, 0x00, 0x46, 0xf3, 0xff, 0xff,
  0x14, 0x00, 0x00, 0x00, 0x00, 0x00, 0x00, 0x0b, 0x10, 0x00, 0x00, 0x00,
  0x14, 0x00, 0x00, 0x00, 0x07, 0x00, 0x00, 0x00, 0x74, 0x63, 0xff, 0xff,
  0x01, 0x00, 0x00, 0x00, 0x72, 0x00, 0x00, 0x00, 0x02, 0x00, 0x00, 0x00,
  0x71, 0x00, 0x00, 0x00, 0x06, 0x00, 0x00, 0x00, 0x76, 0xf3, 0xff, 0xff,
  0x14, 0x00, 0x00, 0x00, 0x00, 0x00, 0x00, 0x0b, 0x10, 0x00, 0x00, 0x00,
  0x14, 0x00, 0x00, 0x00, 0x07, 0x00, 0x00, 0x00, 0xa4, 0x63, 0xff, 0xff,
  0x01, 0x00, 0x00, 0x00, 0x71, 0x00, 0x00, 0x00, 0x02, 0x00, 0x00, 0x00,
  0x70, 0x00, 0x00, 0x00, 0x6f, 0x00, 0x00, 0x00, 0xa6, 0xf3, 0xff, 0xff,
  0x14, 0x00, 0x00, 0x00, 0x00, 0x00, 0x00, 0x08, 0x10, 0x00, 0x00, 0x00,
  0x14, 0x00, 0x00, 0x00, 0x02, 0x00, 0x00, 0x00, 0xd4, 0x63, 0xff, 0xff,
  0x01, 0x00, 0x00, 0x00, 0x70, 0x00, 0x00, 0x00, 0x03, 0x00, 0x00, 0x00,
  0x0e, 0x00, 0x00, 0x00, 0x05, 0x00, 0x00, 0x00, 0xff, 0xff, 0xff, 0xff,
  0x02, 0xf3, 0xff, 0xff, 0x08, 0x00, 0x00, 0x00, 0x0c, 0x00, 0x00, 0x00,
  0x01, 0x00, 0x00, 0x00, 0x6f, 0x00, 0x00, 0x00, 0x02, 0x00, 0x00, 0x00,
  0x6e, 0x00, 0x00, 0x00, 0x02, 0x00, 0x00, 0x00, 0xfa, 0xf3, 0xff, 0xff,
  0x14, 0x00, 0x00, 0x00, 0x00, 0x00, 0x00, 0x08, 0x10, 0x00, 0x00, 0x00,
  0x14, 0x00, 0x00, 0x00, 0x02, 0x00, 0x00, 0x00, 0x28, 0x64, 0xff, 0xff,
  0x01, 0x00, 0x00, 0x00, 0x6e, 0x00, 0x00, 0x00, 0x03, 0x00, 0x00, 0x00,
  0x6d, 0x00, 0x00, 0x00, 0x04, 0x00, 0x00, 0x00, 0xff, 0xff, 0xff, 0xff,
  0x2e, 0xf4, 0xff, 0xff, 0x14, 0x00, 0x00, 0x00, 0x00, 0x00, 0x00, 0x15,
  0x10, 0x00, 0x00, 0x00, 0x14, 0x00, 0x00, 0x00, 0x06, 0x00, 0x00, 0x00,
  0x5c, 0x64, 0xff, 0xff, 0x01, 0x00, 0x00, 0x00, 0x6d, 0x00, 0x00, 0x00,
  0x02, 0x00, 0x00, 0x00, 0x68, 0x00, 0x00, 0x00, 0x6c, 0x00, 0x00, 0x00,
  0xca, 0xf4, 0xff, 0xff, 0x0c, 0x00, 0x00, 0x00, 0x10, 0x00, 0x00, 0x00,
  0x05, 0x00, 0x00, 0x00, 0x01, 0x00, 0x00, 0x00, 0x6c, 0x00, 0x00, 0x00,
  0x01, 0x00, 0x00, 0x00, 0x6b, 0x00, 0x00, 0x00, 0x7e, 0xf4, 0xff, 0xff,
  0x14, 0x00, 0x00, 0x00, 0x00, 0x00, 0x00, 0x0b, 0x10, 0x00, 0x00, 0x00,
  0x14, 0x00, 0x00, 0x00, 0x07, 0x00, 0x00, 0x00, 0xac, 0x64, 0xff, 0xff,
  0x01, 0x00, 0x00, 0x00, 0x6b, 0x00, 0x00, 0x00, 0x02, 0x00, 0x00, 0x00,
  0x67, 0x00, 0x00, 0x00, 0x6a, 0x00, 0x00, 0x00, 0xae, 0xf4, 0xff, 0xff,
  0x14, 0x00, 0x00, 0x00, 0x00, 0x00, 0x00, 0x15, 0x10, 0x00, 0x00, 0x00,
  0x14, 0x00, 0x00, 0x00, 0x06, 0x00, 0x00, 0x00, 0xdc, 0x64, 0xff, 0xff,
  0x01, 0x00, 0x00, 0x00, 0x6a, 0x00, 0x00, 0x00, 0x02, 0x00, 0x00, 0x00,
  0x65, 0x00, 0x00, 0x00, 0x69, 0x00, 0x00, 0x00, 0x4a, 0xf5, 0xff, 0xff,
  0x0c, 0x00, 0x00, 0x00, 0x10, 0x00, 0x00, 0x00, 0x05, 0x00, 0x00, 0x00,
  0x01, 0x00, 0x00, 0x00, 0x69, 0x00, 0x00, 0x00, 0x01, 0x00, 0x00, 0x00,
  0x63, 0x00, 0x00, 0x00, 0x6a, 0xf5, 0xff, 0xff, 0x0c, 0x00, 0x00, 0x00,
  0x10, 0x00, 0x00, 0x00, 0x04, 0x00, 0x00, 0x00, 0x01, 0x00, 0x00, 0x00,
  0x68, 0x00, 0x00, 0x00, 0x01, 0x00, 0x00, 0x00, 0x64, 0x00, 0x00, 0x00,
  0x1e, 0xf5, 0xff, 0xff, 0x14, 0x00, 0x00, 0x00, 0x00, 0x00, 0x00, 0x15,
  0x10, 0x00, 0x00, 0x00, 0x14, 0x00, 0x00, 0x00, 0x06, 0x00, 0x00, 0x00,
  0x4c, 0x65, 0xff, 0xff, 0x01, 0x00, 0x00, 0x00, 0x67, 0x00, 0x00, 0x00,
  0x02, 0x00, 0x00, 0x00, 0x66, 0x00, 0x00, 0x00, 0x59, 0x00, 0x00, 0x00,
  0xba, 0xf5, 0xff, 0xff, 0x0c, 0x00, 0x00, 0x00, 0x10, 0x00, 0x00, 0x00,
  0x04, 0x00, 0x00, 0x00, 0x01, 0x00, 0x00, 0x00, 0x66, 0x00, 0x00, 0x00,
  0x01, 0x00, 0x00, 0x00, 0x62, 0x00, 0x00, 0x00, 0xda, 0xf5, 0xff, 0xff,
  0x0c, 0x00, 0x00, 0x00, 0x10, 0x00, 0x00, 0x00, 0x04, 0x00, 0x00, 0x00,
  0x01, 0x00, 0x00, 0x00, 0x65, 0x00, 0x00, 0x00, 0x01, 0x00, 0x00, 0x00,
  0x61, 0x00, 0x00, 0x00, 0x8e, 0xf5, 0xff, 0xff, 0x14, 0x00, 0x00, 0x00,
  0x00, 0x00, 0x00, 0x23, 0x14, 0x00, 0x00, 0x00, 0x24, 0x00, 0x00, 0x00,
  0x03, 0x00, 0x00, 0x00, 0x3a, 0xf5, 0xff, 0xff, 0x04, 0x00, 0x00, 0x00,
  0x04, 0x00, 0x00, 0x00, 0x61, 0x00, 0x00, 0x00, 0x62, 0x00, 0x00, 0x00,
  0x63, 0x00, 0x00, 0x00, 0x64, 0x00, 0x00, 0x00, 0x02, 0x00, 0x00, 0x00,
  0x07, 0x00, 0x00, 0x00, 0x60, 0x00, 0x00, 0x00, 0xce, 0xf5, 0xff, 0xff,
  0x14, 0x00, 0x00, 0x00, 0x00, 0x00, 0x00, 0x0b, 0x10, 0x00, 0x00, 0x00,
  0x14, 0x00, 0x00, 0x00, 0x07, 0x00, 0x00, 0x00, 0xfc, 0x65, 0xff, 0xff,
  0x01, 0x00, 0x00, 0x00, 0x60, 0x00, 0x00, 0x00, 0x02, 0x00, 0x00, 0x00,
  0x5f, 0x00, 0x00, 0x00, 0x06, 0x00, 0x00, 0x00, 0xfe, 0xf5, 0xff, 0xff,
  0x14, 0x00, 0x00, 0x00, 0x00, 0x00, 0x00, 0x0b, 0x10, 0x00, 0x00, 0x00,
  0x14, 0x00, 0x00, 0x00, 0x07, 0x00, 0x00, 0x00, 0x2c, 0x66, 0xff, 0xff,
  0x01, 0x00, 0x00, 0x00, 0x5f, 0x00, 0x00, 0x00, 0x02, 0x00, 0x00, 0x00,
  0x5e, 0x00, 0x00, 0x00, 0x5d, 0x00, 0x00, 0x00, 0x2e, 0xf6, 0xff, 0xff,
  0x14, 0x00, 0x00, 0x00, 0x00, 0x00, 0x00, 0x08, 0x10, 0x00, 0x00, 0x00,
  0x14, 0x00, 0x00, 0x00, 0x02, 0x00, 0x00, 0x00, 0x5c, 0x66, 0xff, 0xff,
  0x01, 0x00, 0x00, 0x00, 0x5e, 0x00, 0x00, 0x00, 0x03, 0x00, 0x00, 0x00,
  0x0d, 0x00, 0x00, 0x00, 0x05, 0x00, 0x00, 0x00, 0xff, 0xff, 0xff, 0xff,
  0x8a, 0xf5, 0xff, 0xff, 0x08, 0x00, 0x00, 0x00, 0x0c, 0x00, 0x00, 0x00,
  0x01, 0x00, 0x00, 0x00, 0x5d, 0x00, 0x00, 0x00, 0x02, 0x00, 0x00, 0x00,
  0x5c, 0x00, 0x00, 0x00, 0x02, 0x00, 0x00, 0x00, 0x82, 0xf6, 0xff, 0xff,
  0x14, 0x00, 0x00, 0x00, 0x00, 0x00, 0x00, 0x08, 0x10, 0x00, 0x00, 0x00,
  0x14, 0x00, 0x00, 0x00, 0x02, 0x00, 0x00, 0x00, 0xb0, 0x66, 0xff, 0xff,
  0x01, 0x00, 0x00, 0x00, 0x5c, 0x00, 0x00, 0x00, 0x03, 0x00, 0x00, 0x00,
  0x5b, 0x00, 0x00, 0x00, 0x04, 0x00, 0x00, 0x00, 0xff, 0xff, 0xff, 0xff,
  0xb6, 0xf6, 0xff, 0xff, 0x14, 0x00, 0x00, 0x00, 0x00, 0x00, 0x00, 0x15,
  0x10, 0x00, 0x00, 0x00, 0x14, 0x00, 0x00, 0x00, 0x06, 0x00, 0x00, 0x00,
  0xe4, 0x66, 0xff, 0xff, 0x01, 0x00, 0x00, 0x00, 0x5b, 0x00, 0x00, 0x00,
  0x02, 0x00, 0x00, 0x00, 0x56, 0x00, 0x00, 0x00, 0x5a, 0x00, 0x00, 0x00,
  0x52, 0xf7, 0xff, 0xff, 0x0c, 0x00, 0x00, 0x00, 0x10, 0x00, 0x00, 0x00,
  0x05, 0x00, 0x00, 0x00, 0x01, 0x00, 0x00, 0x00, 0x5a, 0x00, 0x00, 0x00,
  0x01, 0x00, 0x00, 0x00, 0x59, 0x00, 0x00, 0x00, 0x06, 0xf7, 0xff, 0xff,
  0x14, 0x00, 0x00, 0x00, 0x00, 0x00, 0x00, 0x0b, 0x10, 0x00, 0x00, 0x00,
  0x14, 0x00, 0x00, 0x00, 0x07, 0x00, 0x00, 0x00, 0x34, 0x67, 0xff, 0xff,
  0x01, 0x00, 0x00, 0x00, 0x59, 0x00, 0x00, 0x00, 0x02, 0x00, 0x00, 0x00,
  0x55, 0x00, 0x00, 0x00, 0x58, 0x00, 0x00, 0x00, 0x36, 0xf7, 0xff, 0xff,
  0x14, 0x00, 0x00, 0x00, 0x00, 0x00, 0x00, 0x15, 0x10, 0x00, 0x00, 0x00,
  0x14, 0x00, 0x00, 0x00, 0x06, 0x00, 0x00, 0x00, 0x64, 0x67, 0xff, 0xff,
  0x01, 0x00, 0x00, 0x00, 0x58, 0x00, 0x00, 0x00, 0x02, 0x00, 0x00, 0x00,
  0x53, 0x00, 0x00, 0x00, 0x57, 0x00, 0x00, 0x00, 0xd2, 0xf7, 0xff, 0xff,
  0x0c, 0x00, 0x00, 0x00, 0x10, 0x00, 0x00, 0x00, 0x05, 0x00, 0x00, 0x00,
  0x01, 0x00, 0x00, 0x00, 0x57, 0x00, 0x00, 0x00, 0x01, 0x00, 0x00, 0x00,
  0x51, 0x00, 0x00, 0x00, 0xf2, 0xf7, 0xff, 0xff, 0x0c, 0x00, 0x00, 0x00,
  0x10, 0x00, 0x00, 0x00, 0x04, 0x00, 0x00, 0x00, 0x01, 0x00, 0x00, 0x00,
  0x56, 0x00, 0x00, 0x00, 0x01, 0x00, 0x00, 0x00, 0x52, 0x00, 0x00, 0x00,
  0xa6, 0xf7, 0xff, 0xff, 0x14, 0x00, 0x00, 0x00, 0x00, 0x00, 0x00, 0x15,
  0x10, 0x00, 0x00, 0x00, 0x14, 0x00, 0x00, 0x00, 0x06, 0x00, 0x00, 0x00,
  0xd4, 0x67, 0xff, 0xff, 0x01, 0x00, 0x00, 0x00, 0x55, 0x00, 0x00, 0x00,
  0x02, 0x00, 0x00, 0x00, 0x54, 0x00, 0x00, 0x00, 0x42, 0x00, 0x00, 0x00,
  0x42, 0xf8, 0xff, 0xff, 0x0c, 0x00, 0x00, 0x00, 0x10, 0x00, 0x00, 0x00,
  0x04, 0x00, 0x00, 0x00, 0x01, 0x00, 0x00, 0x00, 0x54, 0x00, 0x00, 0x00,
  0x01, 0x00, 0x00, 0x00, 0x50, 0x00, 0x00, 0x00, 0x62, 0xf8, 0xff, 0xff,
  0x0c, 0x00, 0x00, 0x00, 0x10, 0x00, 0x00, 0x00, 0x04, 0x00, 0x00, 0x00,
  0x01, 0x00, 0x00, 0x00, 0x53, 0x00, 0x00, 0x00, 0x01, 0x00, 0x00, 0x00,
  0x4f, 0x00, 0x00, 0x00, 0x16, 0xf8, 0xff, 0xff, 0x14, 0x00, 0x00, 0x00,
  0x00, 0x00, 0x00, 0x23, 0x14, 0x00, 0x00, 0x00, 0x24, 0x00, 0x00, 0x00,
  0x03, 0x00, 0x00, 0x00, 0xc2, 0xf7, 0xff, 0xff, 0x04, 0x00, 0x00, 0x00,
  0x04, 0x00, 0x00, 0x00, 0x4f, 0x00, 0x00, 0x00, 0x50, 0x00, 0x00, 0x00,
  0x51, 0x00, 0x00, 0x00, 0x52, 0x00, 0x00, 0x00, 0x02, 0x00, 0x00, 0x00,
  0x07, 0x00, 0x00, 0x00, 0x4e, 0x00, 0x00, 0x00, 0x56, 0xf8, 0xff, 0xff,
  0x14, 0x00, 0x00, 0x00, 0x00, 0x00, 0x00, 0x0b, 0x10, 0x00, 0x00, 0x00,
  0x14, 0x00, 0x00, 0x00, 0x07, 0x00, 0x00, 0x00, 0x84, 0x68, 0xff, 0xff,
  0x01, 0x00, 0x00, 0x00, 0x4e, 0x00, 0x00, 0x00, 0x02, 0x00, 0x00, 0x00,
  0x4d, 0x00, 0x00, 0x00, 0x06, 0x00, 0x00, 0x00, 0x86, 0xf8, 0xff, 0xff,
  0x14, 0x00, 0x00, 0x00, 0x00, 0x00, 0x00, 0x0b, 0x10, 0x00, 0x00, 0x00,
  0x14, 0x00, 0x00, 0x00, 0x07, 0x00, 0x00, 0x00, 0xb4, 0x68, 0xff, 0xff,
  0x01, 0x00, 0x00, 0x00, 0x4d, 0x00, 0x00, 0x00, 0x02, 0x00, 0x00, 0x00,
  0x4c, 0x00, 0x00, 0x00, 0x46, 0x00, 0x00, 0x00, 0xb6, 0xf8, 0xff, 0xff,
  0x14, 0x00, 0x00, 0x00, 0x00, 0x00, 0x00, 0x08, 0x10, 0x00, 0x00, 0x00,
  0x14, 0x00, 0x00, 0x00, 0x02, 0x00, 0x00, 0x00, 0xe4, 0x68, 0xff, 0xff,
  0x01, 0x00, 0x00, 0x00, 0x4c, 0x00, 0x00, 0x00, 0x03, 0x00, 0x00, 0x00,
  0x0c, 0x00, 0x00, 0x00, 0x05, 0x00, 0x00, 0x00, 0xff, 0xff, 0xff, 0xff,
  0xea, 0xf8, 0xff, 0xff, 0x14, 0x00, 0x00, 0x00, 0x00, 0x00, 0x00, 0x08,
  0x10, 0x00, 0x00, 0x00, 0x14, 0x00, 0x00, 0x00, 0x02, 0x00, 0x00, 0x00,
  0x18, 0x69, 0xff, 0xff, 0x01, 0x00, 0x00, 0x00, 0x4b, 0x00, 0x00, 0x00,
  0x03, 0x00, 0x00, 0x00, 0x1d, 0x00, 0x00, 0x00, 0x05, 0x00, 0x00, 0x00,
  0xff, 0xff, 0xff, 0xff, 0x1e, 0xf9, 0xff, 0xff, 0x14, 0x00, 0x00, 0x00,
  0x00, 0x00, 0x00, 0x08, 0x10, 0x00, 0x00, 0x00, 0x14, 0x00, 0x00, 0x00,
  0x02, 0x00, 0x00, 0x00, 0x4c, 0x69, 0xff, 0xff, 0x01, 0x00, 0x00, 0x00,
  0x4a, 0x00, 0x00, 0x00, 0x03, 0x00, 0x00, 0x00, 0x1c, 0x00, 0x00, 0x00,
  0x05, 0x00, 0x00, 0x00, 0xff, 0xff, 0xff, 0xff, 0x52, 0xf9, 0xff, 0xff,
  0x14, 0x00, 0x00, 0x00, 0x00, 0x00, 0x00, 0x08, 0x10, 0x00, 0x00, 0x00,
  0x14, 0x00, 0x00, 0x00, 0x02, 0x00, 0x00, 0x00, 0x80, 0x69, 0xff, 0xff,
  0x01, 0x00, 0x00, 0x00, 0x49, 0x00, 0x00, 0x00, 0x03, 0x00, 0x00, 0x00,
  0x1b, 0x00, 0x00, 0x00, 0x05, 0x00, 0x00, 0x00, 0xff, 0xff, 0xff, 0xff,
  0x86, 0xf9, 0xff, 0xff, 0x14, 0x00, 0x00, 0x00, 0x00, 0x00, 0x00, 0x08,
  0x10, 0x00, 0x00, 0x00, 0x14, 0x00, 0x00, 0x00, 0x02, 0x00, 0x00, 0x00,
  0xb4, 0x69, 0xff, 0xff, 0x01, 0x00, 0x00, 0x00, 0x48, 0x00, 0x00, 0x00,
  0x03, 0x00, 0x00, 0x00, 0x1a, 0x00, 0x00, 0x00, 0x05, 0x00, 0x00, 0x00,
  0xff, 0xff, 0xff, 0xff, 0xba, 0xf9, 0xff, 0xff, 0x14, 0x00, 0x00, 0x00,
  0x00, 0x00, 0x00, 0x08, 0x10, 0x00, 0x00, 0x00, 0x14, 0x00, 0x00, 0x00,
  0x02, 0x00, 0x00, 0x00, 0xe8, 0x69, 0xff, 0xff, 0x01, 0x00, 0x00, 0x00,
  0x47, 0x00, 0x00, 0x00, 0x03, 0x00, 0x00, 0x00, 0x19, 0x00, 0x00, 0x00,
  0x05, 0x00, 0x00, 0x00, 0xff, 0xff, 0xff, 0xff, 0x16, 0xf9, 0xff, 0xff,
  0x08, 0x00, 0x00, 0x00, 0x0c, 0x00, 0x00, 0x00, 0x01, 0x00, 0x00, 0x00,
  0x46, 0x00, 0x00, 0x00, 0x02, 0x00, 0x00, 0x00, 0x45, 0x00, 0x00, 0x00,
  0x02, 0x00, 0x00, 0x00, 0x0e, 0xfa, 0xff, 0xff, 0x14, 0x00, 0x00, 0x00,
  0x00, 0x00, 0x00, 0x08, 0x10, 0x00, 0x00, 0x00, 0x14, 0x00, 0x00, 0x00,
  0x02, 0x00, 0x00, 0x00, 0x3c, 0x6a, 0xff, 0xff, 0x01, 0x00, 0x00, 0x00,
  0x45, 0x00, 0x00, 0x00, 0x03, 0x00, 0x00, 0x00, 0x44, 0x00, 0x00, 0x00,
  0x04, 0x00, 0x00, 0x00, 0xff, 0xff, 0xff, 0xff, 0x42, 0xfa, 0xff, 0xff,
  0x14, 0x00, 0x00, 0x00, 0x00, 0x00, 0x00, 0x15, 0x10, 0x00, 0x00, 0x00,
  0x14, 0x00, 0x00, 0x00, 0x06, 0x00, 0x00, 0x00, 0x70, 0x6a, 0xff, 0xff,
  0x01, 0x00, 0x00, 0x00, 0x44, 0x00, 0x00, 0x00, 0x02, 0x00, 0x00, 0x00,
  0x3f, 0x00, 0x00, 0x00, 0x43, 0x00, 0x00, 0x00, 0xde, 0xfa, 0xff, 0xff,
  0x0c, 0x00, 0x00, 0x00, 0x10, 0x00, 0x00, 0x00, 0x05, 0x00, 0x00, 0x00,
  0x01, 0x00, 0x00, 0x00, 0x43, 0x00, 0x00, 0x00, 0x01, 0x00, 0x00, 0x00,
  0x42, 0x00, 0x00, 0x00, 0x92, 0xfa, 0xff, 0xff, 0x14, 0x00, 0x00, 0x00,
  0x00, 0x00, 0x00, 0x0b, 0x10, 0x00, 0x00, 0x00, 0x14, 0x00, 0x00, 0x00,
  0x07, 0x00, 0x00, 0x00, 0xc0, 0x6a, 0xff, 0xff, 0x01, 0x00, 0x00, 0x00,
  0x42, 0x00, 0x00, 0x00, 0x02, 0x00, 0x00, 0x00, 0x3e, 0x00, 0x00, 0x00,
  0x41, 0x00, 0x00, 0x00, 0xc2, 0xfa, 0xff, 0xff, 0x14, 0x00, 0x00, 0x00,
  0x00, 0x00, 0x00, 0x15, 0x10, 0x00, 0x00, 0x00, 0x14, 0x00, 0x00, 0x00,
  0x06, 0x00, 0x00, 0x00, 0xf0, 0x6a, 0xff, 0xff, 0x01, 0x00, 0x00, 0x00,
  0x41, 0x00, 0x00, 0x00, 0x02, 0x00, 0x00, 0x00, 0x3c, 0x00, 0x00, 0x00,
  0x40, 0x00, 0x00, 0x00, 0x5e, 0xfb, 0xff, 0xff, 0x0c, 0x00, 0x00, 0x00,
  0x10, 0x00, 0x00, 0x00, 0x05, 0x00, 0x00, 0x00, 0x01, 0x00, 0x00, 0x00,
  0x40, 0x00, 0x00, 0x00, 0x01, 0x00, 0x00, 0x00, 0x3a, 0x00, 0x00, 0x00,
  0x7e, 0xfb, 0xff, 0xff, 0x0c, 0x00, 0x00, 0x00, 0x10, 0x00, 0x00, 0x00,
  0x04, 0x00, 0x00, 0x00, 0x01, 0x00, 0x00, 0x00, 0x3f, 0x00, 0x00, 0x00,
  0x01, 0x00, 0x00, 0x00, 0x3b, 0x00, 0x00, 0x00, 0x32, 0xfb, 0xff, 0xff,
  0x14, 0x00, 0x00, 0x00, 0x00, 0x00, 0x00, 0x15, 0x10, 0x00, 0x00, 0x00,
  0x14, 0x00, 0x00, 0x00, 0x06, 0x00, 0x00, 0x00, 0x60, 0x6b, 0xff, 0xff,
  0x01, 0x00, 0x00, 0x00, 0x3e, 0x00, 0x00, 0x00, 0x02, 0x00, 0x00, 0x00,
  0x3d, 0x00, 0x00, 0x00, 0x26, 0x00, 0x00, 0x00, 0xce, 0xfb, 0xff, 0xff,
  0x0c, 0x00, 0x00, 0x00, 0x10, 0x00, 0x00, 0x00, 0x04, 0x00, 0x00, 0x00,
  0x01, 0x00, 0x00, 0x00, 0x3d, 0x00, 0x00, 0x00, 0x01, 0x00, 0x00, 0x00,
  0x39, 0x00, 0x00, 0x00, 0xee, 0xfb, 0xff, 0xff, 0x0c, 0x00, 0x00, 0x00,
  0x10, 0x00, 0x00, 0x00, 0x04, 0x00, 0x00, 0x00, 0x01, 0x00, 0x00, 0x00,
  0x3c, 0x00, 0x00, 0x00, 0x01, 0x00, 0x00, 0x00, 0x38, 0x00, 0x00, 0x00,
  0xa2, 0xfb, 0xff, 0xff, 0x14, 0x00, 0x00, 0x00, 0x00, 0x00, 0x00, 0x23,
  0x14, 0x00, 0x00, 0x00, 0x24, 0x00, 0x00, 0x00, 0x03, 0x00, 0x00, 0x00,
  0x4e, 0xfb, 0xff, 0xff, 0x04, 0x00, 0x00, 0x00, 0x04, 0x00, 0x00, 0x00,
  0x38, 0x00, 0x00, 0x00, 0x39, 0x00, 0x00, 0x00, 0x3a, 0x00, 0x00, 0x00,
  0x3b, 0x00, 0x00, 0x00, 0x02, 0x00, 0x00, 0x00, 0x07, 0x00, 0x00, 0x00,
  0x37, 0x00, 0x00, 0x00, 0xe2, 0xfb, 0xff, 0xff, 0x14, 0x00, 0x00, 0x00,
  0x00, 0x00, 0x00, 0x0b, 0x10, 0x00, 0x00, 0x00, 0x14, 0x00, 0x00, 0x00,
  0x07, 0x00, 0x00, 0x00, 0x10, 0x6c, 0xff, 0xff, 0x01, 0x00, 0x00, 0x00,
  0x37, 0x00, 0x00, 0x00, 0x02, 0x00, 0x00, 0x00, 0x36, 0x00, 0x00, 0x00,
  0x06, 0x00, 0x00, 0x00, 0x12, 0xfc, 0xff, 0xff, 0x14, 0x00, 0x00, 0x00,
  0x00, 0x00, 0x00, 0x0b, 0x10, 0x00, 0x00, 0x00, 0x14, 0x00, 0x00, 0x00,
  0x07, 0x00, 0x00, 0x00, 0x40, 0x6c, 0xff, 0xff, 0x01, 0x00, 0x00, 0x00,
  0x36, 0x00, 0x00, 0x00, 0x02, 0x00, 0x00, 0x00, 0x35, 0x00, 0x00, 0x00,
  0x2a, 0x00, 0x00, 0x00, 0x42, 0xfc, 0xff, 0xff, 0x14, 0x00, 0x00, 0x00,
  0x00, 0x00, 0x00, 0x08, 0x10, 0x00, 0x00, 0x00, 0x14, 0x00, 0x00, 0x00,
  0x02, 0x00, 0x00, 0x00, 0x70, 0x6c, 0xff, 0xff, 0x01, 0x00, 0x00, 0x00,
  0x35, 0x00, 0x00, 0x00, 0x03, 0x00, 0x00, 0x00, 0x0b, 0x00, 0x00, 0x00,
  0x05, 0x00, 0x00, 0x00, 0xff, 0xff, 0xff, 0xff, 0x76, 0xfc, 0xff, 0xff,
  0x14, 0x00, 0x00, 0x00, 0x00, 0x00, 0x00, 0x08, 0x10, 0x00, 0x00, 0x00,
  0x14, 0x00, 0x00, 0x00, 0x02, 0x00, 0x00, 0x00, 0xa4, 0x6c, 0xff, 0xff,
  0x01, 0x00, 0x00, 0x00, 0x34, 0x00, 0x00, 0x00, 0x03, 0x00, 0x00, 0x00,
  0x18, 0x00, 0x00, 0x00, 0x05, 0x00, 0x00, 0x00, 0xff, 0xff, 0xff, 0xff,
  0xaa, 0xfc, 0xff, 0xff, 0x14, 0x00, 0x00, 0x00, 0x00, 0x00, 0x00, 0x08,
  0x10, 0x00, 0x00, 0x00, 0x14, 0x00, 0x00, 0x00, 0x02, 0x00, 0x00, 0x00,
  0xd8, 0x6c, 0xff, 0xff, 0x01, 0x00, 0x00, 0x00, 0x33, 0x00, 0x00, 0x00,
  0x03, 0x00, 0x00, 0x00, 0x17, 0x00, 0x00, 0x00, 0x05, 0x00, 0x00, 0x00,
  0xff, 0xff, 0xff, 0xff, 0xde, 0xfc, 0xff, 0xff, 0x14, 0x00, 0x00, 0x00,
  0x00, 0x00, 0x00, 0x08, 0x10, 0x00, 0x00, 0x00, 0x14, 0x00, 0x00, 0x00,
  0x02, 0x00, 0x00, 0x00, 0x0c, 0x6d, 0xff, 0xff, 0x01, 0x00, 0x00, 0x00,
  0x32, 0x00, 0x00, 0x00, 0x03, 0x00, 0x00, 0x00, 0x16, 0x00, 0x00, 0x00,
  0x05, 0x00, 0x00, 0x00, 0xff, 0xff, 0xff, 0xff, 0x12, 0xfd, 0xff, 0xff,
  0x14, 0x00, 0x00, 0x00, 0x00, 0x00, 0x00, 0x08, 0x10, 0x00, 0x00, 0x00,
  0x14, 0x00, 0x00, 0x00, 0x02, 0x00, 0x00, 0x00, 0x40, 0x6d, 0xff, 0xff,
  0x01, 0x00, 0x00, 0x00, 0x31, 0x00, 0x00, 0x00, 0x03, 0x00, 0x00, 0x00,
  0x15, 0x00, 0x00, 0x00, 0x05, 0x00, 0x00, 0x00, 0xff, 0xff, 0xff, 0xff,
  0x46, 0xfd, 0xff, 0xff, 0x14, 0x00, 0x00, 0x00, 0x00, 0x00, 0x00, 0x08,
  0x10, 0x00, 0x00, 0x00, 0x14, 0x00, 0x00, 0x00, 0x02, 0x00, 0x00, 0x00,
  0x74, 0x6d, 0xff, 0xff, 0x01, 0x00, 0x00, 0x00, 0x30, 0x00, 0x00, 0x00,
  0x03, 0x00, 0x00, 0x00, 0x14, 0x00, 0x00, 0x00, 0x05, 0x00, 0x00, 0x00,
  0xff, 0xff, 0xff, 0xff, 0x7a, 0xfd, 0xff, 0xff, 0x14, 0x00, 0x00, 0x00,
  0x00, 0x00, 0x00, 0x08, 0x10, 0x00, 0x00, 0x00, 0x14, 0x00, 0x00, 0x00,
  0x02, 0x00, 0x00, 0x00, 0xa8, 0x6d, 0xff, 0xff, 0x01, 0x00, 0x00, 0x00,
  0x2f, 0x00, 0x00, 0x00, 0x03, 0x00, 0x00, 0x00, 0x13, 0x00, 0x00, 0x00,
  0x05, 0x00, 0x00, 0x00, 0xff, 0xff, 0xff, 0xff, 0xae, 0xfd, 0xff, 0xff,
  0x14, 0x00, 0x00, 0x00, 0x00, 0x00, 0x00, 0x08, 0x10, 0x00, 0x00, 0x00,
  0x14, 0x00, 0x00, 0x00, 0x02, 0x00, 0x00, 0x00, 0xdc, 0x6d, 0xff, 0xff,
  0x01, 0x00, 0x00, 0x00, 0x2e, 0x00, 0x00, 0x00, 0x03, 0x00, 0x00, 0x00,
  0x12, 0x00, 0x00, 0x00, 0x05, 0x00, 0x00, 0x00, 0xff, 0xff, 0xff, 0xff,
  0xe2, 0xfd, 0xff, 0xff, 0x14, 0x00, 0x00, 0x00, 0x00, 0x00, 0x00, 0x08,
  0x10, 0x00, 0x00, 0x00, 0x14, 0x00, 0x00, 0x00, 0x02, 0x00, 0x00, 0x00,
  0x10, 0x6e, 0xff, 0xff, 0x01, 0x00, 0x00, 0x00, 0x2d, 0x00, 0x00, 0x00,
  0x03, 0x00, 0x00, 0x00, 0x11, 0x00, 0x00, 0x00, 0x05, 0x00, 0x00, 0x00,
  0xff, 0xff, 0xff, 0xff, 0x16, 0xfe, 0xff, 0xff, 0x14, 0x00, 0x00, 0x00,
  0x00, 0x00, 0x00, 0x08, 0x10, 0x00, 0x00, 0x00, 0x14, 0x00, 0x00, 0x00,
  0x02, 0x00, 0x00, 0x00, 0x44, 0x6e, 0xff, 0xff, 0x01, 0x00, 0x00, 0x00,
  0x2c, 0x00, 0x00, 0x00, 0x03, 0x00, 0x00, 0x00, 0x10, 0x00, 0x00, 0x00,
  0x05, 0x00, 0x00, 0x00, 0xff, 0xff, 0xff, 0xff, 0x4a, 0xfe, 0xff, 0xff,
  0x14, 0x00, 0x00, 0x00, 0x00, 0x00, 0x00, 0x08, 0x10, 0x00, 0x00, 0x00,
  0x14, 0x00, 0x00, 0x00, 0x02, 0x00, 0x00, 0x00, 0x78, 0x6e, 0xff, 0xff,
  0x01, 0x00, 0x00, 0x00, 0x2b, 0x00, 0x00, 0x00, 0x03, 0x00, 0x00, 0x00,
  0x0f, 0x00, 0x00, 0x00, 0x05, 0x00, 0x00, 0x00, 0xff, 0xff, 0xff, 0xff,
  0xa6, 0xfd, 0xff, 0xff, 0x08, 0x00, 0x00, 0x00, 0x0c, 0x00, 0x00, 0x00,
  0x01, 0x00, 0x00, 0x00, 0x2a, 0x00, 0x00, 0x00, 0x02, 0x00, 0x00, 0x00,
  0x29, 0x00, 0x00, 0x00, 0x02, 0x00, 0x00, 0x00, 0x9e, 0xfe, 0xff, 0xff,
  0x14, 0x00, 0x00, 0x00, 0x00, 0x00, 0x00, 0x08, 0x10, 0x00, 0x00, 0x00,
  0x14, 0x00, 0x00, 0x00, 0x02, 0x00, 0x00, 0x00, 0xcc, 0x6e, 0xff, 0xff,
  0x01, 0x00, 0x00, 0x00, 0x29, 0x00, 0x00, 0x00, 0x03, 0x00, 0x00, 0x00,
  0x28, 0x00, 0x00, 0x00, 0x04, 0x00, 0x00, 0x00, 0xff, 0xff, 0xff, 0xff,
  0xd2, 0xfe, 0xff, 0xff, 0x14, 0x00, 0x00, 0x00, 0x00, 0x00, 0x00, 0x15,
  0x10, 0x00, 0x00, 0x00, 0x14, 0x00, 0x00, 0x00, 0x06, 0x00, 0x00, 0x00,
  0x00, 0x6f, 0xff, 0xff, 0x01, 0x00, 0x00, 0x00, 0x28, 0x00, 0x00, 0x00,
  0x02, 0x00, 0x00, 0x00, 0x24, 0x00, 0x00, 0x00, 0x27, 0x00, 0x00, 0x00,
  0x6e, 0xff, 0xff, 0xff, 0x0c, 0x00, 0x00, 0x00, 0x10, 0x00, 0x00, 0x00,
  0x05, 0x00, 0x00, 0x00, 0x01, 0x00, 0x00, 0x00, 0x27, 0x00, 0x00, 0x00,
  0x01, 0x00, 0x00, 0x00, 0x26, 0x00, 0x00, 0x00, 0x22, 0xff, 0xff, 0xff,
  0x14, 0x00, 0x00, 0x00, 0x00, 0x00, 0x00, 0x15, 0x10, 0x00, 0x00, 0x00,
  0x14, 0x00, 0x00, 0x00, 0x06, 0x00, 0x00, 0x00, 0x50, 0x6f, 0xff, 0xff,
  0x01, 0x00, 0x00, 0x00, 0x26, 0x00, 0x00, 0x00, 0x02, 0x00, 0x00, 0x00,
  0x23, 0x00, 0x00, 0x00, 0x25, 0x00, 0x00, 0x00, 0xbe, 0xff, 0xff, 0xff,
  0x0c, 0x00, 0x00, 0x00, 0x10, 0x00, 0x00, 0x00, 0x05, 0x00, 0x00, 0x00,
  0x01, 0x00, 0x00, 0x00, 0x25, 0x00, 0x00, 0x00, 0x01, 0x00, 0x00, 0x00,
  0x21, 0x00, 0x00, 0x00, 0xde, 0xff, 0xff, 0xff, 0x0c, 0x00, 0x00, 0x00,
  0x10, 0x00, 0x00, 0x00, 0x04, 0x00, 0x00, 0x00, 0x01, 0x00, 0x00, 0x00,
  0x24, 0x00, 0x00, 0x00, 0x01, 0x00, 0x00, 0x00, 0x22, 0x00, 0x00, 0x00,
  0x00, 0x00, 0x0a, 0x00, 0x10, 0x00, 0x0c, 0x00, 0x08, 0x00, 0x04, 0x00,
  0x0a, 0x00, 0x00, 0x00, 0x0c, 0x00, 0x00, 0x00, 0x10, 0x00, 0x00, 0x00,
  0x04, 0x00, 0x00, 0x00, 0x01, 0x00, 0x00, 0x00, 0x23, 0x00, 0x00, 0x00,
  0x01, 0x00, 0x00, 0x00, 0x1f, 0x00, 0x00, 0x00, 0xbe, 0xff, 0xff, 0xff,
  0x14, 0x00, 0x00, 0x00, 0x00, 0x00, 0x00, 0x23, 0x14, 0x00, 0x00, 0x00,
  0x24, 0x00, 0x00, 0x00, 0x03, 0x00, 0x00, 0x00, 0x6a, 0xff, 0xff, 0xff,
  0x04, 0x00, 0x00, 0x00, 0x04, 0x00, 0x00, 0x00, 0x1f, 0x00, 0x00, 0x00,
  0x20, 0x00, 0x00, 0x00, 0x21, 0x00, 0x00, 0x00, 0x22, 0x00, 0x00, 0x00,
  0x02, 0x00, 0x00, 0x00, 0x07, 0x00, 0x00, 0x00, 0x1e, 0x00, 0x00, 0x00,
  0x00, 0x00, 0x0e, 0x00, 0x18, 0x00, 0x14, 0x00, 0x10, 0x00, 0x0c, 0x00,
  0x0b, 0x00, 0x04, 0x00, 0x0e, 0x00, 0x00, 0x00, 0x14, 0x00, 0x00, 0x00,
  0x00, 0x00, 0x00, 0x08, 0x10, 0x00, 0x00, 0x00, 0x14, 0x00, 0x00, 0x00,
  0x02, 0x00, 0x00, 0x00, 0x3c, 0x70, 0xff, 0xff, 0x01, 0x00, 0x00, 0x00,
  0x1e, 0x00, 0x00, 0x00, 0x03, 0x00, 0x00, 0x00, 0x0a, 0x00, 0x00, 0x00,
  0x05, 0x00, 0x00, 0x00, 0x06, 0x00, 0x00, 0x00, 0x00, 0x00, 0x0e, 0x00,
  0x1a, 0x00, 0x14, 0x00, 0x10, 0x00, 0x0c, 0x00, 0x0b, 0x00, 0x04, 0x00,
  0x0e, 0x00, 0x00, 0x00, 0x1c, 0x00, 0x00, 0x00, 0x00, 0x00, 0x00, 0x40,
  0x1c, 0x00, 0x00, 0x00, 0x6c, 0x00, 0x00, 0x00, 0x01, 0x00, 0x00, 0x00,
  0x00, 0x00, 0x06, 0x00, 0x08, 0x00, 0x04, 0x00, 0x06, 0x00, 0x00, 0x00,
  0x14, 0x00, 0x00, 0x00, 0x14, 0x00, 0x00, 0x00, 0x0a, 0x00, 0x00, 0x00,
  0x0b, 0x00, 0x00, 0x00, 0x0c, 0x00, 0x00, 0x00, 0x0d, 0x00, 0x00, 0x00,
  0x0e, 0x00, 0x00, 0x00, 0x0f, 0x00, 0x00, 0x00, 0x10, 0x00, 0x00, 0x00,
  0x11, 0x00, 0x00, 0x00, 0x12, 0x00, 0x00, 0x00, 0x13, 0x00, 0x00, 0x00,
  0x14, 0x00, 0x00, 0x00, 0x15, 0x00, 0x00, 0x00, 0x16, 0x00, 0x00, 0x00,
  0x17, 0x00, 0x00, 0x00, 0x18, 0x00, 0x00, 0x00, 0x19, 0x00, 0x00, 0x00,
  0x1a, 0x00, 0x00, 0x00, 0x1b, 0x00, 0x00, 0x00, 0x1c, 0x00, 0x00, 0x00,
  0x1d, 0x00, 0x00, 0x00, 0x01, 0x00, 0x00, 0x00, 0x09, 0x00, 0x00, 0x00,
  0x00, 0x00, 0x0a, 0x00, 0x0c, 0x00, 0x00, 0x00, 0x08, 0x00, 0x04, 0x00,
  0x0a, 0x00, 0x00, 0x00, 0x08, 0x00, 0x00, 0x00, 0x0c, 0x00, 0x00, 0x00,
  0x01, 0x00, 0x00, 0x00, 0x09, 0x00, 0x00, 0x00, 0x02, 0x00, 0x00, 0x00,
  0x00, 0x00, 0x00, 0x00, 0x08, 0x00, 0x00, 0x00, 0x01, 0x00, 0x00, 0x00,
  0x80, 0x01, 0x00, 0x00, 0x01, 0x00, 0x00, 0x00, 0x00, 0x00, 0x00, 0x00,
  0x81, 0x01, 0x00, 0x00, 0x44, 0x8e, 0x00, 0x00, 0xd8, 0x8d, 0x00, 0x00,
  0x98, 0x8d, 0x00, 0x00, 0x2c, 0x8d, 0x00, 0x00, 0xec, 0x8c, 0x00, 0x00,
  0xac, 0x8c, 0x00, 0x00, 0x70, 0x8c, 0x00, 0x00, 0x34, 0x8c, 0x00, 0x00,
  0xb4, 0x8b, 0x00, 0x00, 0x30, 0x8b, 0x00, 0x00, 0xdc, 0x8a, 0x00, 0x00,
  0x88, 0x8a, 0x00, 0x00, 0x34, 0x8a, 0x00, 0x00, 0xe0, 0x89, 0x00, 0x00,
  0x8c, 0x89, 0x00, 0x00, 0x38, 0x89, 0x00, 0x00, 0xe4, 0x88, 0x00, 0x00,
  0x90, 0x88, 0x00, 0x00, 0x3c, 0x88, 0x00, 0x00, 0xe8, 0x87, 0x00, 0x00,
  0x94, 0x87, 0x00, 0x00, 0x40, 0x87, 0x00, 0x00, 0xec, 0x86, 0x00, 0x00,
  0x98, 0x86, 0x00, 0x00, 0x44, 0x86, 0x00, 0x00, 0xf0, 0x85, 0x00, 0x00,
  0x9c, 0x85, 0x00, 0x00, 0x48, 0x85, 0x00, 0x00, 0xf4, 0x84, 0x00, 0x00,
  0xa0, 0x84, 0x00, 0x00, 0x10, 0x84, 0x00, 0x00, 0xb4, 0x83, 0x00, 0x00,
  0x54, 0x83, 0x00, 0x00, 0xf4, 0x82, 0x00, 0x00, 0x94, 0x82, 0x00, 0x00,
  0x34, 0x82, 0x00, 0x00, 0xd4, 0x81, 0x00, 0x00, 0x78, 0x81, 0x00, 0x00,
  0x1c, 0x81, 0x00, 0x00, 0xbc, 0x80, 0x00, 0x00, 0x60, 0x80, 0x00, 0x00,
  0x00, 0x80, 0x00, 0x00, 0xa4, 0x7f, 0x00, 0x00, 0x44, 0x7f, 0x00, 0x00,
  0xe4, 0x7e, 0x00, 0x00, 0x84, 0x7e, 0x00, 0x00, 0x24, 0x7e, 0x00, 0x00,
  0xc4, 0x7d, 0x00, 0x00, 0x64, 0x7d, 0x00, 0x00, 0x04, 0x7d, 0x00, 0x00,
  0xa4, 0x7c, 0x00, 0x00, 0x44, 0x7c, 0x00, 0x00, 0xe4, 0x7b, 0x00, 0x00,
  0x84, 0x7b, 0x00, 0x00, 0x24, 0x7b, 0x00, 0x00, 0xc4, 0x7a, 0x00, 0x00,
  0x68, 0x7a, 0x00, 0x00, 0x08, 0x7a, 0x00, 0x00, 0xa8, 0x79, 0x00, 0x00,
  0x48, 0x79, 0x00, 0x00, 0xe8, 0x78, 0x00, 0x00, 0x88, 0x78, 0x00, 0x00,
  0x2c, 0x78, 0x00, 0x00, 0xcc, 0x77, 0x00, 0x00, 0x70, 0x77, 0x00, 0x00,
  0x14, 0x77, 0x00, 0x00, 0xb8, 0x76, 0x00, 0x00, 0x58, 0x76, 0x00, 0x00,
  0xfc, 0x75, 0x00, 0x00, 0x9c, 0x75, 0x00, 0x00, 0x40, 0x75, 0x00, 0x00,
  0xe0, 0x74, 0x00, 0x00, 0x80, 0x74, 0x00, 0x00, 0x20, 0x74, 0x00, 0x00,
  0xc0, 0x73, 0x00, 0x00, 0x60, 0x73, 0x00, 0x00, 0x00, 0x73, 0x00, 0x00,
  0xa0, 0x72, 0x00, 0x00, 0x40, 0x72, 0x00, 0x00, 0xe4, 0x71, 0x00, 0x00,
  0x84, 0x71, 0x00, 0x00, 0x24, 0x71, 0x00, 0x00, 0xc4, 0x70, 0x00, 0x00,
  0x64, 0x70, 0x00, 0x00, 0x04, 0x70, 0x00, 0x00, 0xa8, 0x6f, 0x00, 0x00,
  0x48, 0x6f, 0x00, 0x00, 0xec, 0x6e, 0x00, 0x00, 0x90, 0x6e, 0x00, 0x00,
  0x34, 0x6e, 0x00, 0x00, 0xd4, 0x6d, 0x00, 0x00, 0x78, 0x6d, 0x00, 0x00,
  0x18, 0x6d, 0x00, 0x00, 0xbc, 0x6c, 0x00, 0x00, 0x5c, 0x6c, 0x00, 0x00,
  0xfc, 0x6b, 0x00, 0x00, 0x9c, 0x6b, 0x00, 0x00, 0x40, 0x6b, 0x00, 0x00,
  0xe0, 0x6a, 0x00, 0x00, 0x80, 0x6a, 0x00, 0x00, 0x20, 0x6a, 0x00, 0x00,
  0xc0, 0x69, 0x00, 0x00, 0x60, 0x69, 0x00, 0x00, 0x04, 0x69, 0x00, 0x00,
  0xa4, 0x68, 0x00, 0x00, 0x48, 0x68, 0x00, 0x00, 0xec, 0x67, 0x00, 0x00,
  0x90, 0x67, 0x00, 0x00, 0x30, 0x67, 0x00, 0x00, 0xd4, 0x66, 0x00, 0x00,
  0x74, 0x66, 0x00, 0x00, 0x18, 0x66, 0x00, 0x00, 0xb8, 0x65, 0x00, 0x00,
  0x58, 0x65, 0x00, 0x00, 0xf8, 0x64, 0x00, 0x00, 0x9c, 0x64, 0x00, 0x00,
  0x3c, 0x64, 0x00, 0x00, 0xdc, 0x63, 0x00, 0x00, 0x7c, 0x63, 0x00, 0x00,
  0x1c, 0x63, 0x00, 0x00, 0xbc, 0x62, 0x00, 0x00, 0x60, 0x62, 0x00, 0x00,
  0x00, 0x62, 0x00, 0x00, 0xa4, 0x61, 0x00, 0x00, 0x48, 0x61, 0x00, 0x00,
  0xec, 0x60, 0x00, 0x00, 0x8c, 0x60, 0x00, 0x00, 0x30, 0x60, 0x00, 0x00,
  0xd0, 0x5f, 0x00, 0x00, 0x74, 0x5f, 0x00, 0x00, 0x14, 0x5f, 0x00, 0x00,
  0xb0, 0x5e, 0x00, 0x00, 0x50, 0x5e, 0x00, 0x00, 0xf0, 0x5d, 0x00, 0x00,
  0x90, 0x5d, 0x00, 0x00, 0x30, 0x5d, 0x00, 0x00, 0xd0, 0x5c, 0x00, 0x00,
  0x6c, 0x5c, 0x00, 0x00, 0x10, 0x5c, 0x00, 0x00, 0xac, 0x5b, 0x00, 0x00,
  0x50, 0x5b, 0x00, 0x00, 0xf0, 0x5a, 0x00, 0x00, 0x94, 0x5a, 0x00, 0x00,
  0x34, 0x5a, 0x00, 0x00, 0xd4, 0x59, 0x00, 0x00, 0x74, 0x59, 0x00, 0x00,
  0x18, 0x59, 0x00, 0x00, 0xb8, 0x58, 0x00, 0x00, 0x54, 0x58, 0x00, 0x00,
  0xf4, 0x57, 0x00, 0x00, 0x94, 0x57, 0x00, 0x00, 0x34, 0x57, 0x00, 0x00,
  0xd4, 0x56, 0x00, 0x00, 0x74, 0x56, 0x00, 0x00, 0x10, 0x56, 0x00, 0x00,
  0xb4, 0x55, 0x00, 0x00, 0x50, 0x55, 0x00, 0x00, 0xf4, 0x54, 0x00, 0x00,
  0x94, 0x54, 0x00, 0x00, 0x38, 0x54, 0x00, 0x00, 0xd8, 0x53, 0x00, 0x00,
  0x78, 0x53, 0x00, 0x00, 0x18, 0x53, 0x00, 0x00, 0xbc, 0x52, 0x00, 0x00,
  0x5c, 0x52, 0x00, 0x00, 0xf8, 0x51, 0x00, 0x00, 0x98, 0x51, 0x00, 0x00,
  0x38, 0x51, 0x00, 0x00, 0xd8, 0x50, 0x00, 0x00, 0x78, 0x50, 0x00, 0x00,
  0x18, 0x50, 0x00, 0x00, 0xb4, 0x4f, 0x00, 0x00, 0x58, 0x4f, 0x00, 0x00,
  0xf4, 0x4e, 0x00, 0x00, 0x98, 0x4e, 0x00, 0x00, 0x38, 0x4e, 0x00, 0x00,
  0xdc, 0x4d, 0x00, 0x00, 0x7c, 0x4d, 0x00, 0x00, 0x1c, 0x4d, 0x00, 0x00,
  0xbc, 0x4c, 0x00, 0x00, 0x60, 0x4c, 0x00, 0x00, 0x00, 0x4c, 0x00, 0x00,
  0x9c, 0x4b, 0x00, 0x00, 0x3c, 0x4b, 0x00, 0x00, 0xdc, 0x4a, 0x00, 0x00,
  0x7c, 0x4a, 0x00, 0x00, 0x1c, 0x4a, 0x00, 0x00, 0xbc, 0x49, 0x00, 0x00,
  0x58, 0x49, 0x00, 0x00, 0xfc, 0x48, 0x00, 0x00, 0x98, 0x48, 0x00, 0x00,
  0x3c, 0x48, 0x00, 0x00, 0xdc, 0x47, 0x00, 0x00, 0x80, 0x47, 0x00, 0x00,
  0x20, 0x47, 0x00, 0x00, 0xc0, 0x46, 0x00, 0x00, 0x60, 0x46, 0x00, 0x00,
  0x04, 0x46, 0x00, 0x00, 0xa4, 0x45, 0x00, 0x00, 0x40, 0x45, 0x00, 0x00,
  0xe0, 0x44, 0x00, 0x00, 0x80, 0x44, 0x00, 0x00, 0x20, 0x44, 0x00, 0x00,
  0xc0, 0x43, 0x00, 0x00, 0x60, 0x43, 0x00, 0x00, 0xfc, 0x42, 0x00, 0x00,
  0xa0, 0x42, 0x00, 0x00, 0x3c, 0x42, 0x00, 0x00, 0xe0, 0x41, 0x00, 0x00,
  0x80, 0x41, 0x00, 0x00, 0x24, 0x41, 0x00, 0x00, 0xc4, 0x40, 0x00, 0x00,
  0x64, 0x40, 0x00, 0x00, 0x04, 0x40, 0x00, 0x00, 0xa8, 0x3f, 0x00, 0x00,
  0x48, 0x3f, 0x00, 0x00, 0xe4, 0x3e, 0x00, 0x00, 0x84, 0x3e, 0x00, 0x00,
  0x24, 0x3e, 0x00, 0x00, 0xc4, 0x3d, 0x00, 0x00, 0x64, 0x3d, 0x00, 0x00,
  0x04, 0x3d, 0x00, 0x00, 0xa0, 0x3c, 0x00, 0x00, 0x44, 0x3c, 0x00, 0x00,
  0xe0, 0x3b, 0x00, 0x00, 0x84, 0x3b, 0x00, 0x00, 0x24, 0x3b, 0x00, 0x00,
  0xc8, 0x3a, 0x00, 0x00, 0x68, 0x3a, 0x00, 0x00, 0x08, 0x3a, 0x00, 0x00,
  0xa8, 0x39, 0x00, 0x00, 0x4c, 0x39, 0x00, 0x00, 0xec, 0x38, 0x00, 0x00,
  0x88, 0x38, 0x00, 0x00, 0x28, 0x38, 0x00, 0x00, 0xc8, 0x37, 0x00, 0x00,
  0x68, 0x37, 0x00, 0x00, 0x08, 0x37, 0x00, 0x00, 0xa8, 0x36, 0x00, 0x00,
  0x44, 0x36, 0x00, 0x00, 0xe8, 0x35, 0x00, 0x00, 0x84, 0x35, 0x00, 0x00,
  0x28, 0x35, 0x00, 0x00, 0xc8, 0x34, 0x00, 0x00, 0x6c, 0x34, 0x00, 0x00,
  0x0c, 0x34, 0x00, 0x00, 0xac, 0x33, 0x00, 0x00, 0x4c, 0x33, 0x00, 0x00,
  0xf0, 0x32, 0x00, 0x00, 0x90, 0x32, 0x00, 0x00, 0x2c, 0x32, 0x00, 0x00,
  0xcc, 0x31, 0x00, 0x00, 0x6c, 0x31, 0x00, 0x00, 0x0c, 0x31, 0x00, 0x00,
  0xac, 0x30, 0x00, 0x00, 0x4c, 0x30, 0x00, 0x00, 0xe8, 0x2f, 0x00, 0x00,
  0x8c, 0x2f, 0x00, 0x00, 0x28, 0x2f, 0x00, 0x00, 0xcc, 0x2e, 0x00, 0x00,
  0x6c, 0x2e, 0x00, 0x00, 0x10, 0x2e, 0x00, 0x00, 0xb0, 0x2d, 0x00, 0x00,
  0x50, 0x2d, 0x00, 0x00, 0xf0, 0x2c, 0x00, 0x00, 0x94, 0x2c, 0x00, 0x00,
  0x34, 0x2c, 0x00, 0x00, 0xd0, 0x2b, 0x00, 0x00, 0x70, 0x2b, 0x00, 0x00,
  0x10, 0x2b, 0x00, 0x00, 0xb0, 0x2a, 0x00, 0x00, 0x50, 0x2a, 0x00, 0x00,
  0xf0, 0x29, 0x00, 0x00, 0x8c, 0x29, 0x00, 0x00, 0x30, 0x29, 0x00, 0x00,
  0xcc, 0x28, 0x00, 0x00, 0x70, 0x28, 0x00, 0x00, 0x10, 0x28, 0x00, 0x00,
  0xb4, 0x27, 0x00, 0x00, 0x54, 0x27, 0x00, 0x00, 0xf4, 0x26, 0x00, 0x00,
  0x94, 0x26, 0x00, 0x00, 0x38, 0x26, 0x00, 0x00, 0xd8, 0x25, 0x00, 0x00,
  0x74, 0x25, 0x00, 0x00, 0x14, 0x25, 0x00, 0x00, 0xb4, 0x24, 0x00, 0x00,
  0x54, 0x24, 0x00, 0x00, 0xf4, 0x23, 0x00, 0x00, 0x94, 0x23, 0x00, 0x00,
  0x30, 0x23, 0x00, 0x00, 0xd4, 0x22, 0x00, 0x00, 0x70, 0x22, 0x00, 0x00,
  0x14, 0x22, 0x00, 0x00, 0xb4, 0x21, 0x00, 0x00, 0x58, 0x21, 0x00, 0x00,
  0xf8, 0x20, 0x00, 0x00, 0x98, 0x20, 0x00, 0x00, 0x38, 0x20, 0x00, 0x00,
  0xdc, 0x1f, 0x00, 0x00, 0x7c, 0x1f, 0x00, 0x00, 0x18, 0x1f, 0x00, 0x00,
  0xb8, 0x1e, 0x00, 0x00, 0x58, 0x1e, 0x00, 0x00, 0xf8, 0x1d, 0x00, 0x00,
  0x98, 0x1d, 0x00, 0x00, 0x38, 0x1d, 0x00, 0x00, 0xd4, 0x1c, 0x00, 0x00,
  0x78, 0x1c, 0x00, 0x00, 0x14, 0x1c, 0x00, 0x00, 0xb8, 0x1b, 0x00, 0x00,
  0x58, 0x1b, 0x00, 0x00, 0xfc, 0x1a, 0x00, 0x00, 0x9c, 0x1a, 0x00, 0x00,
  0x3c, 0x1a, 0x00, 0x00, 0xdc, 0x19, 0x00, 0x00, 0x80, 0x19, 0x00, 0x00,
  0x20, 0x19, 0x00, 0x00, 0xbc, 0x18, 0x00, 0x00, 0x5c, 0x18, 0x00, 0x00,
  0xfc, 0x17, 0x00, 0x00, 0x9c, 0x17, 0x00, 0x00, 0x3c, 0x17, 0x00, 0x00,
  0xdc, 0x16, 0x00, 0x00, 0x78, 0x16, 0x00, 0x00, 0x1c, 0x16, 0x00, 0x00,
  0xb8, 0x15, 0x00, 0x00, 0x5c, 0x15, 0x00, 0x00, 0xfc, 0x14, 0x00, 0x00,
  0xa0, 0x14, 0x00, 0x00, 0x40, 0x14, 0x00, 0x00, 0xe0, 0x13, 0x00, 0x00,
  0x80, 0x13, 0x00, 0x00, 0x24, 0x13, 0x00, 0x00, 0xc4, 0x12, 0x00, 0x00,
  0x60, 0x12, 0x00, 0x00, 0x00, 0x12, 0x00, 0x00, 0xa0, 0x11, 0x00, 0x00,
  0x40, 0x11, 0x00, 0x00, 0xe0, 0x10, 0x00, 0x00, 0x80, 0x10, 0x00, 0x00,
  0x1c, 0x10, 0x00, 0x00, 0xc0, 0x0f, 0x00, 0x00, 0x5c, 0x0f, 0x00, 0x00,
  0x00, 0x0f, 0x00, 0x00, 0xa0, 0x0e, 0x00, 0x00, 0x44, 0x0e, 0x00, 0x00,
  0xe4, 0x0d, 0x00, 0x00, 0x84, 0x0d, 0x00, 0x00, 0x24, 0x0d, 0x00, 0x00,
  0xc8, 0x0c, 0x00, 0x00, 0x68, 0x0c, 0x00, 0x00, 0x04, 0x0c, 0x00, 0x00,
  0xa4, 0x0b, 0x00, 0x00, 0x44, 0x0b, 0x00, 0x00, 0xe4, 0x0a, 0x00, 0x00,
  0x84, 0x0a, 0x00, 0x00, 0x24, 0x0a, 0x00, 0x00, 0xc0, 0x09, 0x00, 0x00,
  0x64, 0x09, 0x00, 0x00, 0x00, 0x09, 0x00, 0x00, 0xa4, 0x08, 0x00, 0x00,
  0x44, 0x08, 0x00, 0x00, 0xe8, 0x07, 0x00, 0x00, 0x88, 0x07, 0x00, 0x00,
  0x28, 0x07, 0x00, 0x00, 0xc8, 0x06, 0x00, 0x00, 0x6c, 0x06, 0x00, 0x00,
  0x0c, 0x06, 0x00, 0x00, 0xa8, 0x05, 0x00, 0x00, 0x48, 0x05, 0x00, 0x00,
  0xe8, 0x04, 0x00, 0x00, 0x88, 0x04, 0x00, 0x00, 0x28, 0x04, 0x00, 0x00,
  0xc8, 0x03, 0x00, 0x00, 0x64, 0x03, 0x00, 0x00, 0x08, 0x03, 0x00, 0x00,
  0xa4, 0x02, 0x00, 0x00, 0x48, 0x02, 0x00, 0x00, 0xe8, 0x01, 0x00, 0x00,
  0x8c, 0x01, 0x00, 0x00, 0x2c, 0x01, 0x00, 0x00, 0xcc, 0x00, 0x00, 0x00,
  0x50, 0x00, 0x00, 0x00, 0x04, 0x00, 0x00, 0x00, 0xd6, 0x77, 0xff, 0xff,
  0x00, 0x00, 0x00, 0x01, 0x10, 0x00, 0x00, 0x00, 0x10, 0x00, 0x00, 0x00,
  0x81, 0x01, 0x00, 0x00, 0x28, 0x00, 0x00, 0x00, 0x48, 0x77, 0xff, 0xff,
  0x1b, 0x00, 0x00, 0x00, 0x53, 0x74, 0x61, 0x74, 0x65, 0x66, 0x75, 0x6c,
  0x50, 0x61, 0x72, 0x74, 0x69, 0x74, 0x69, 0x6f, 0x6e, 0x65, 0x64, 0x43,
  0x61, 0x6c, 0x6c, 0x5f, 0x31, 0x3a, 0x30, 0x00, 0x02, 0x00, 0x00, 0x00,
  0x01, 0x00, 0x00, 0x00, 0x07, 0x00, 0x00, 0x00, 0x1e, 0x78, 0xff, 0xff,
  0x00, 0x00, 0x00, 0x01, 0x10, 0x00, 0x00, 0x00, 0x10, 0x00, 0x00, 0x00,
  0x80, 0x01, 0x00, 0x00, 0x58, 0x00, 0x00, 0x00, 0x90, 0x77, 0xff, 0xff,
  0x48, 0x00, 0x00, 0x00, 0x73, 0x65, 0x71, 0x75, 0x65, 0x6e, 0x74, 0x69,
  0x61, 0x6c, 0x5f, 0x31, 0x32, 0x32, 0x5f, 0x31, 0x2f, 0x64, 0x65, 0x6e,
  0x73, 0x65, 0x5f, 0x33, 0x34, 0x32, 0x5f, 0x31, 0x2f, 0x4d, 0x61, 0x74,
  0x4d, 0x75, 0x6c, 0x3b, 0x73, 0x65, 0x71, 0x75, 0x65, 0x6e, 0x74, 0x69,
  0x61, 0x6c, 0x5f, 0x31, 0x32, 0x32, 0x5f, 0x31, 0x2f, 0x64, 0x65, 0x6e,
  0x73, 0x65, 0x5f, 0x33, 0x34, 0x32, 0x5f, 0x31, 0x2f, 0x42, 0x69, 0x61,
  0x73, 0x41, 0x64, 0x64, 0x00, 0x00, 0x00, 0x00, 0x02, 0x00, 0x00, 0x00,
  0x01, 0x00, 0x00, 0x00, 0x07, 0x00, 0x00, 0x00, 0x96, 0x78, 0xff, 0xff,
  0x00, 0x00, 0x00, 0x01, 0x10, 0x00, 0x00, 0x00, 0x10, 0x00, 0x00, 0x00,
  0x7f, 0x01, 0x00, 0x00, 0x3c, 0x00, 0x00, 0x00, 0x08, 0x78, 0xff, 0xff,
  0x2c, 0x00, 0x00, 0x00, 0x73, 0x65, 0x71, 0x75, 0x65, 0x6e, 0x74, 0x69,
  0x61, 0x6c, 0x5f, 0x31, 0x32, 0x32, 0x5f, 0x31, 0x2f, 0x6c, 0x73, 0x74,
  0x6d, 0x5f, 0x32, 0x5f, 0x31, 0x2f, 0x6c, 0x73, 0x74, 0x6d, 0x5f, 0x63,
  0x65, 0x6c, 0x6c, 0x5f, 0x33, 0x39, 0x2f, 0x6d, 0x75, 0x6c, 0x5f, 0x32,
  0x00, 0x00, 0x00, 0x00, 0x02, 0x00, 0x00, 0x00, 0x01, 0x00, 0x00, 0x00,
  0x10, 0x00, 0x00, 0x00, 0xf2, 0x78, 0xff, 0xff, 0x00, 0x00, 0x00, 0x01,
  0x10, 0x00, 0x00, 0x00, 0x10, 0x00, 0x00, 0x00, 0x7e, 0x01, 0x00, 0x00,
  0x3c, 0x00, 0x00, 0x00, 0x64, 0x78, 0xff, 0xff, 0x2d, 0x00, 0x00, 0x00,
  0x73, 0x65, 0x71, 0x75, 0x65, 0x6e, 0x74, 0x69, 0x61, 0x6c, 0x5f, 0x31,
  0x32, 0x32, 0x5f, 0x31, 0x2f, 0x6c, 0x73, 0x74, 0x6d, 0x5f, 0x32, 0x5f,
  0x31, 0x2f, 0x6c, 0x73, 0x74, 0x6d, 0x5f, 0x63, 0x65, 0x6c, 0x6c, 0x5f,
  0x33, 0x39, 0x2f, 0x54, 0x61, 0x6e, 0x68, 0x5f, 0x31, 0x00, 0x00, 0x00,
  0x02, 0x00, 0x00, 0x00, 0x01, 0x00, 0x00, 0x00, 0x10, 0x00, 0x00, 0x00,
  0x4e, 0x79, 0xff, 0xff, 0x00, 0x00, 0x00, 0x01, 0x10, 0x00, 0x00, 0x00,
  0x10, 0x00, 0x00, 0x00, 0x7d, 0x01, 0x00, 0x00, 0x38, 0x00, 0x00, 0x00,
  0xc0, 0x78, 0xff, 0xff, 0x2a, 0x00, 0x00, 0x00, 0x73, 0x65, 0x71, 0x75,
  0x65, 0x6e, 0x74, 0x69, 0x61, 0x6c, 0x5f, 0x31, 0x32, 0x32, 0x5f, 0x31,
  0x2f, 0x6c, 0x73, 0x74, 0x6d, 0x5f, 0x32, 0x5f, 0x31, 0x2f, 0x6c, 0x73,
  0x74, 0x6d, 0x5f, 0x63, 0x65, 0x6c, 0x6c, 0x5f, 0x33, 0x39, 0x2f, 0x61,
  0x64, 0x64, 0x00, 0x00, 0x02, 0x00, 0x00, 0x00, 0x01, 0x00, 0x00, 0x00,
  0x10, 0x00, 0x00, 0x00, 0xa6, 0x79, 0xff, 0xff, 0x00, 0x00, 0x00, 0x01,
  0x10, 0x00, 0x00, 0x00, 0x10, 0x00, 0x00, 0x00, 0x7c, 0x01, 0x00, 0x00,
  0x3c, 0x00, 0x00, 0x00, 0x18, 0x79, 0xff, 0xff, 0x2c, 0x00, 0x00, 0x00,
  0x73, 0x65, 0x71, 0x75, 0x65, 0x6e, 0x74, 0x69, 0x61, 0x6c, 0x5f, 0x31,
  0x32, 0x32, 0x5f, 0x31, 0x2f, 0x6c, 0x73, 0x74, 0x6d, 0x5f, 0x32, 0x5f,
  0x31, 0x2f, 0x6c, 0x73, 0x74, 0x6d, 0x5f, 0x63, 0x65, 0x6c, 0x6c, 0x5f,
  0x33, 0x39, 0x2f, 0x6d, 0x75, 0x6c, 0x5f, 0x31, 0x00, 0x00, 0x00, 0x00,
  0x02, 0x00, 0x00, 0x00, 0x01, 0x00, 0x00, 0x00, 0x10, 0x00, 0x00, 0x00,
  0x02, 0x7a, 0xff, 0xff, 0x00, 0x00, 0x00, 0x01, 0x10, 0x00, 0x00, 0x00,
  0x10, 0x00, 0x00, 0x00, 0x7b, 0x01, 0x00, 0x00, 0x38, 0x00, 0x00, 0x00,
  0x74, 0x79, 0xff, 0xff, 0x2b, 0x00, 0x00, 0x00, 0x73, 0x65, 0x71, 0x75,
  0x65, 0x6e, 0x74, 0x69, 0x61, 0x6c, 0x5f, 0x31, 0x32, 0x32, 0x5f, 0x31,
  0x2f, 0x6c, 0x73, 0x74, 0x6d, 0x5f, 0x32, 0x5f, 0x31, 0x2f, 0x6c, 0x73,
  0x74, 0x6d, 0x5f, 0x63, 0x65, 0x6c, 0x6c, 0x5f, 0x33, 0x39, 0x2f, 0x54,
  0x61, 0x6e, 0x68, 0x00, 0x02, 0x00, 0x00, 0x00, 0x01, 0x00, 0x00, 0x00,
  0x10, 0x00, 0x00, 0x00, 0x5a, 0x7a, 0xff, 0xff, 0x00, 0x00, 0x00, 0x01,
  0x10, 0x00, 0x00, 0x00, 0x10, 0x00, 0x00, 0x00, 0x7a, 0x01, 0x00, 0x00,
  0x40, 0x00, 0x00, 0x00, 0xcc, 0x79, 0xff, 0xff, 0x30, 0x00, 0x00, 0x00,
  0x73, 0x65, 0x71, 0x75, 0x65, 0x6e, 0x74, 0x69, 0x61, 0x6c, 0x5f, 0x31,
  0x32, 0x32, 0x5f, 0x31, 0x2f, 0x6c, 0x73, 0x74, 0x6d, 0x5f, 0x32, 0x5f,
  0x31, 0x2f, 0x6c, 0x73, 0x74, 0x6d, 0x5f, 0x63, 0x65, 0x6c, 0x6c, 0x5f,
  0x33, 0x39, 0x2f, 0x53, 0x69, 0x67, 0x6d, 0x6f, 0x69, 0x64, 0x5f, 0x32,
  0x00, 0x00, 0x00, 0x00, 0x02, 0x00, 0x00, 0x00, 0x01, 0x00, 0x00, 0x00,
  0x10, 0x00, 0x00, 0x00, 0xba, 0x7a, 0xff, 0xff, 0x00, 0x00, 0x00, 0x01,
  0x10, 0x00, 0x00, 0x00, 0x10, 0x00, 0x00, 0x00, 0x79, 0x01, 0x00, 0x00,
  0x38, 0x00, 0x00, 0x00, 0x2c, 0x7a, 0xff, 0xff, 0x2a, 0x00, 0x00, 0x00,
  0x73, 0x65, 0x71, 0x75, 0x65, 0x6e, 0x74, 0x69, 0x61, 0x6c, 0x5f, 0x31,
  0x32, 0x32, 0x5f, 0x31, 0x2f, 0x6c, 0x73, 0x74, 0x6d, 0x5f, 0x32, 0x5f,
  0x31, 0x2f, 0x6c, 0x73, 0x74, 0x6d, 0x5f, 0x63, 0x65, 0x6c, 0x6c, 0x5f,
  0x33, 0x39, 0x2f, 0x6d, 0x75, 0x6c, 0x00, 0x00, 0x02, 0x00, 0x00, 0x00,
  0x01, 0x00, 0x00, 0x00, 0x10, 0x00, 0x00, 0x00, 0x12, 0x7b, 0xff, 0xff,
  0x00, 0x00, 0x00, 0x01, 0x10, 0x00, 0x00, 0x00, 0x10, 0x00, 0x00, 0x00,
  0x78, 0x01, 0x00, 0x00, 0x40, 0x00, 0x00, 0x00, 0x84, 0x7a, 0xff, 0xff,
  0x30, 0x00, 0x00, 0x00, 0x73, 0x65, 0x71, 0x75, 0x65, 0x6e, 0x74, 0x69,
  0x61, 0x6c, 0x5f, 0x31, 0x32, 0x32, 0x5f, 0x31, 0x2f, 0x6c, 0x73, 0x74,
  0x6d, 0x5f, 0x32, 0x5f, 0x31, 0x2f, 0x6c, 0x73, 0x74, 0x6d, 0x5f, 0x63,
  0x65, 0x6c, 0x6c, 0x5f, 0x33, 0x39, 0x2f, 0x53, 0x69, 0x67, 0x6d, 0x6f,
  0x69, 0x64, 0x5f, 0x31, 0x00, 0x00, 0x00, 0x00, 0x02, 0x00, 0x00, 0x00,
  0x01, 0x00, 0x00, 0x00, 0x10, 0x00, 0x00, 0x00, 0x72, 0x7b, 0xff, 0xff,
  0x00, 0x00, 0x00, 0x01, 0x10, 0x00, 0x00, 0x00, 0x10, 0x00, 0x00, 0x00,
  0x77, 0x01, 0x00, 0x00, 0x3c, 0x00, 0x00, 0x00, 0xe4, 0x7a, 0xff, 0xff,
  0x2e, 0x00, 0x00, 0x00, 0x73, 0x65, 0x71, 0x75, 0x65, 0x6e, 0x74, 0x69,
  0x61, 0x6c, 0x5f, 0x31, 0x32, 0x32, 0x5f, 0x31, 0x2f, 0x6c, 0x73, 0x74,
  0x6d, 0x5f, 0x32, 0x5f, 0x31, 0x2f, 0x6c, 0x73, 0x74, 0x6d, 0x5f, 0x63,
  0x65, 0x6c, 0x6c, 0x5f, 0x33, 0x39, 0x2f, 0x53, 0x69, 0x67, 0x6d, 0x6f,
  0x69, 0x64, 0x00, 0x00, 0x02, 0x00, 0x00, 0x00, 0x01, 0x00, 0x00, 0x00,
  0x10, 0x00, 0x00, 0x00, 0xce, 0x7b, 0xff, 0xff, 0x00, 0x00, 0x00, 0x01,
  0x10, 0x00, 0x00, 0x00, 0x10, 0x00, 0x00, 0x00, 0x76, 0x01, 0x00, 0x00,
  0x3c, 0x00, 0x00, 0x00, 0x40, 0x7b, 0xff, 0xff, 0x2d, 0x00, 0x00, 0x00,
  0x73, 0x65, 0x71, 0x75, 0x65, 0x6e, 0x74, 0x69, 0x61, 0x6c, 0x5f, 0x31,
  0x32, 0x32, 0x5f, 0x31, 0x2f, 0x6c, 0x73, 0x74, 0x6d, 0x5f, 0x32, 0x5f,
  0x31, 0x2f, 0x6c, 0x73, 0x74, 0x6d, 0x5f, 0x63, 0x65, 0x6c, 0x6c, 0x5f,
  0x33, 0x39, 0x2f, 0x73, 0x70, 0x6c, 0x69, 0x74, 0x33, 0x00, 0x00, 0x00,
  0x02, 0x00, 0x00, 0x00, 0x01, 0x00, 0x00, 0x00, 0x10, 0x00, 0x00, 0x00,
  0x2a, 0x7c, 0xff, 0xff, 0x00, 0x00, 0x00, 0x01, 0x10, 0x00, 0x00, 0x00,
  0x10, 0x00, 0x00, 0x00, 0x75, 0x01, 0x00, 0x00, 0x3c, 0x00, 0x00, 0x00,
  0x9c, 0x7b, 0xff, 0xff, 0x2d, 0x00, 0x00, 0x00, 0x73, 0x65, 0x71, 0x75,
  0x65, 0x6e, 0x74, 0x69, 0x61, 0x6c, 0x5f, 0x31, 0x32, 0x32, 0x5f, 0x31,
  0x2f, 0x6c, 0x73, 0x74, 0x6d, 0x5f, 0x32, 0x5f, 0x31, 0x2f, 0x6c, 0x73,
  0x74, 0x6d, 0x5f, 0x63, 0x65, 0x6c, 0x6c, 0x5f, 0x33, 0x39, 0x2f, 0x73,
  0x70, 0x6c, 0x69, 0x74, 0x32, 0x00, 0x00, 0x00, 0x02, 0x00, 0x00, 0x00,
  0x01, 0x00, 0x00, 0x00, 0x10, 0x00, 0x00, 0x00, 0x86, 0x7c, 0xff, 0xff,
  0x00, 0x00, 0x00, 0x01, 0x10, 0x00, 0x00, 0x00, 0x10, 0x00, 0x00, 0x00,
  0x74, 0x01, 0x00, 0x00, 0x3c, 0x00, 0x00, 0x00, 0xf8, 0x7b, 0xff, 0xff,
  0x2d, 0x00, 0x00, 0x00, 0x73, 0x65, 0x71, 0x75, 0x65, 0x6e, 0x74, 0x69,
  0x61, 0x6c, 0x5f, 0x31, 0x32, 0x32, 0x5f, 0x31, 0x2f, 0x6c, 0x73, 0x74,
  0x6d, 0x5f, 0x32, 0x5f, 0x31, 0x2f, 0x6c, 0x73, 0x74, 0x6d, 0x5f, 0x63,
  0x65, 0x6c, 0x6c, 0x5f, 0x33, 0x39, 0x2f, 0x73, 0x70, 0x6c, 0x69, 0x74,
  0x31, 0x00, 0x00, 0x00, 0x02, 0x00, 0x00, 0x00, 0x01, 0x00, 0x00, 0x00,
  0x10, 0x00, 0x00, 0x00, 0xe2, 0x7c, 0xff, 0xff, 0x00, 0x00, 0x00, 0x01,
  0x10, 0x00, 0x00, 0x00, 0x10, 0x00, 0x00, 0x00, 0x73, 0x01, 0x00, 0x00,
  0x3c, 0x00, 0x00, 0x00, 0x54, 0x7c, 0xff, 0xff, 0x2c, 0x00, 0x00, 0x00,
  0x73, 0x65, 0x71, 0x75, 0x65, 0x6e, 0x74, 0x69, 0x61, 0x6c, 0x5f, 0x31,
  0x32, 0x32, 0x5f, 0x31, 0x2f, 0x6c, 0x73, 0x74, 0x6d, 0x5f, 0x32, 0x5f,
  0x31, 0x2f, 0x6c, 0x73, 0x74, 0x6d, 0x5f, 0x63, 0x65, 0x6c, 0x6c, 0x5f,
  0x33, 0x39, 0x2f, 0x73, 0x70, 0x6c, 0x69, 0x74, 0x00, 0x00, 0x00, 0x00,
  0x02, 0x00, 0x00, 0x00, 0x01, 0x00, 0x00, 0x00, 0x10, 0x00, 0x00, 0x00,
  0x3e, 0x7d, 0xff, 0xff, 0x00, 0x00, 0x00, 0x01, 0x10, 0x00, 0x00, 0x00,
  0x10, 0x00, 0x00, 0x00, 0x72, 0x01, 0x00, 0x00, 0x40, 0x00, 0x00, 0x00,
  0xb0, 0x7c, 0xff, 0xff, 0x30, 0x00, 0x00, 0x00, 0x73, 0x65, 0x71, 0x75,
  0x65, 0x6e, 0x74, 0x69, 0x61, 0x6c, 0x5f, 0x31, 0x32, 0x32, 0x5f, 0x31,
  0x2f, 0x6c, 0x73, 0x74, 0x6d, 0x5f, 0x32, 0x5f, 0x31, 0x2f, 0x6c, 0x73,
  0x74, 0x6d, 0x5f, 0x63, 0x65, 0x6c, 0x6c, 0x5f, 0x33, 0x39, 0x2f, 0x42,
  0x69, 0x61, 0x73, 0x41, 0x64, 0x64, 0x5f, 0x31, 0x00, 0x00, 0x00, 0x00,
  0x02, 0x00, 0x00, 0x00, 0x01, 0x00, 0x00, 0x00, 0x40, 0x00, 0x00, 0x00,
  0x9e, 0x7d, 0xff, 0xff, 0x00, 0x00, 0x00, 0x01, 0x10, 0x00, 0x00, 0x00,
  0x10, 0x00, 0x00, 0x00, 0x71, 0x01, 0x00, 0x00, 0x3c, 0x00, 0x00, 0x00,
  0x10, 0x7d, 0xff, 0xff, 0x2e, 0x00, 0x00, 0x00, 0x73, 0x65, 0x71, 0x75,
  0x65, 0x6e, 0x74, 0x69, 0x61, 0x6c, 0x5f, 0x31, 0x32, 0x32, 0x5f, 0x31,
  0x2f, 0x6c, 0x73, 0x74, 0x6d, 0x5f, 0x32, 0x5f, 0x31, 0x2f, 0x6c, 0x73,
  0x74, 0x6d, 0x5f, 0x63, 0x65, 0x6c, 0x6c, 0x5f, 0x33, 0x39, 0x2f, 0x42,
  0x69, 0x61, 0x73, 0x41, 0x64, 0x64, 0x00, 0x00, 0x02, 0x00, 0x00, 0x00,
  0x01, 0x00, 0x00, 0x00, 0x40, 0x00, 0x00, 0x00, 0xfa, 0x7d, 0xff, 0xff,
  0x00, 0x00, 0x00, 0x01, 0x10, 0x00, 0x00, 0x00, 0x10, 0x00, 0x00, 0x00,
  0x70, 0x01, 0x00, 0x00, 0x3c, 0x00, 0x00, 0x00, 0x6c, 0x7d, 0xff, 0xff,
  0x2e, 0x00, 0x00, 0x00, 0x73, 0x65, 0x71, 0x75, 0x65, 0x6e, 0x74, 0x69,
  0x61, 0x6c, 0x5f, 0x31, 0x32, 0x32, 0x5f, 0x31, 0x2f, 0x6c, 0x73, 0x74,
  0x6d, 0x5f, 0x32, 0x5f, 0x31, 0x2f, 0x6c, 0x73, 0x74, 0x6d, 0x5f, 0x63,
  0x65, 0x6c, 0x6c, 0x5f, 0x33, 0x39, 0x2f, 0x53, 0x71, 0x75, 0x65, 0x65,
  0x7a, 0x65, 0x00, 0x00, 0x01, 0x00, 0x00, 0x00, 0x40, 0x00, 0x00, 0x00,
  0x52, 0x7e, 0xff, 0xff, 0x00, 0x00, 0x00, 0x01, 0x10, 0x00, 0x00, 0x00,
  0x10, 0x00, 0x00, 0x00, 0x6f, 0x01, 0x00, 0x00, 0x3c, 0x00, 0x00, 0x00,
  0xc4, 0x7d, 0xff, 0xff, 0x2f, 0x00, 0x00, 0x00, 0x73, 0x65, 0x71, 0x75,
  0x65, 0x6e, 0x74, 0x69, 0x61, 0x6c, 0x5f, 0x31, 0x32, 0x32, 0x5f, 0x31,
  0x2f, 0x6c, 0x73, 0x74, 0x6d, 0x5f, 0x32, 0x5f, 0x31, 0x2f, 0x6c, 0x73,
  0x74, 0x6d, 0x5f, 0x63, 0x65, 0x6c, 0x6c, 0x5f, 0x33, 0x39, 0x2f, 0x4d,
  0x61, 0x74, 0x4d, 0x75, 0x6c, 0x5f, 0x31, 0x00, 0x02, 0x00, 0x00, 0x00,
  0x01, 0x00, 0x00, 0x00, 0x40, 0x00, 0x00, 0x00, 0xae, 0x7e, 0xff, 0xff,
  0x00, 0x00, 0x00, 0x01, 0x10, 0x00, 0x00, 0x00, 0x10, 0x00, 0x00, 0x00,
  0x6e, 0x01, 0x00, 0x00, 0x3c, 0x00, 0x00, 0x00, 0x20, 0x7e, 0xff, 0xff,
  0x2c, 0x00, 0x00, 0x00, 0x73, 0x65, 0x71, 0x75, 0x65, 0x6e, 0x74, 0x69,
  0x61, 0x6c, 0x5f, 0x31, 0x32, 0x32, 0x5f, 0x31, 0x2f, 0x6c, 0x73, 0x74,
  0x6d, 0x5f, 0x32, 0x5f, 0x31, 0x2f, 0x6c, 0x73, 0x74, 0x6d, 0x5f, 0x63,
  0x65, 0x6c, 0x6c, 0x5f, 0x33, 0x37, 0x2f, 0x6d, 0x75, 0x6c, 0x5f, 0x32,
  0x00, 0x00, 0x00, 0x00, 0x02, 0x00, 0x00, 0x00, 0x01, 0x00, 0x00, 0x00,
  0x10, 0x00, 0x00, 0x00, 0x0a, 0x7f, 0xff, 0xff, 0x00, 0x00, 0x00, 0x01,
  0x10, 0x00, 0x00, 0x00, 0x10, 0x00, 0x00, 0x00, 0x6d, 0x01, 0x00, 0x00,
  0x3c, 0x00, 0x00, 0x00, 0x7c, 0x7e, 0xff, 0xff, 0x2d, 0x00, 0x00, 0x00,
  0x73, 0x65, 0x71, 0x75, 0x65, 0x6e, 0x74, 0x69, 0x61, 0x6c, 0x5f, 0x31,
  0x32, 0x32, 0x5f, 0x31, 0x2f, 0x6c, 0x73, 0x74, 0x6d, 0x5f, 0x32, 0x5f,
  0x31, 0x2f, 0x6c, 0x73, 0x74, 0x6d, 0x5f, 0x63, 0x65, 0x6c, 0x6c, 0x5f,
  0x33, 0x37, 0x2f, 0x54, 0x61, 0x6e, 0x68, 0x5f, 0x31, 0x00, 0x00, 0x00,
  0x02, 0x00, 0x00, 0x00, 0x01, 0x00, 0x00, 0x00, 0x10, 0x00, 0x00, 0x00,
  0x66, 0x7f, 0xff, 0xff, 0x00, 0x00, 0x00, 0x01, 0x10, 0x00, 0x00, 0x00,
  0x10, 0x00, 0x00, 0x00, 0x6c, 0x01, 0x00, 0x00, 0x38, 0x00, 0x00, 0x00,
  0xd8, 0x7e, 0xff, 0xff, 0x2a, 0x00, 0x00, 0x00, 0x73, 0x65, 0x71, 0x75,
  0x65, 0x6e, 0x74, 0x69, 0x61, 0x6c, 0x5f, 0x31, 0x32, 0x32, 0x5f, 0x31,
  0x2f, 0x6c, 0x73, 0x74, 0x6d, 0x5f, 0x32, 0x5f, 0x31, 0x2f, 0x6c, 0x73,
  0x74, 0x6d, 0x5f, 0x63, 0x65, 0x6c, 0x6c, 0x5f, 0x33, 0x37, 0x2f, 0x61,
  0x64, 0x64, 0x00, 0x00, 0x02, 0x00, 0x00, 0x00, 0x01, 0x00, 0x00, 0x00,
  0x10, 0x00, 0x00, 0x00, 0xbe, 0x7f, 0xff, 0xff, 0x00, 0x00, 0x00, 0x01,
  0x10, 0x00, 0x00, 0x00, 0x10, 0x00, 0x00, 0x00, 0x6b, 0x01, 0x00, 0x00,
  0x3c, 0x00, 0x00, 0x00, 0x30, 0x7f, 0xff, 0xff, 0x2c, 0x00, 0x00, 0x00,
  0x73, 0x65, 0x71, 0x75, 0x65, 0x6e, 0x74, 0x69, 0x61, 0x6c, 0x5f, 0x31,
  0x32, 0x32, 0x5f, 0x31, 0x2f, 0x6c, 0x73, 0x74, 0x6d, 0x5f, 0x32, 0x5f,
  0x31, 0x2f, 0x6c, 0x73, 0x74, 0x6d, 0x5f, 0x63, 0x65, 0x6c, 0x6c, 0x5f,
  0x33, 0x37, 0x2f, 0x6d, 0x75, 0x6c, 0x5f, 0x31, 0x00, 0x00, 0x00, 0x00,
  0x02, 0x00, 0x00, 0x00, 0x01, 0x00, 0x00, 0x00, 0x10, 0x00, 0x00, 0x00,
  0x1a, 0x80, 0xff, 0xff, 0x00, 0x00, 0x00, 0x01, 0x10, 0x00, 0x00, 0x00,
  0x10, 0x00, 0x00, 0x00, 0x6a, 0x01, 0x00, 0x00, 0x38, 0x00, 0x00, 0x00,
  0x8c, 0x7f, 0xff, 0xff, 0x2b, 0x00, 0x00, 0x00, 0x73, 0x65, 0x71, 0x75,
  0x65, 0x6e, 0x74, 0x69, 0x61, 0x6c, 0x5f, 0x31, 0x32, 0x32, 0x5f, 0x31,
  0x2f, 0x6c, 0x73, 0x74, 0x6d, 0x5f, 0x32, 0x5f, 0x31, 0x2f, 0x6c, 0x73,
  0x74, 0x6d, 0x5f, 0x63, 0x65, 0x6c, 0x6c, 0x5f, 0x33, 0x37, 0x2f, 0x54,
  0x61, 0x6e, 0x68, 0x00, 0x02, 0x00, 0x00, 0x00, 0x01, 0x00, 0x00, 0x00,
  0x10, 0x00, 0x00, 0x00, 0x72, 0x80, 0xff, 0xff, 0x00, 0x00, 0x00, 0x01,
  0x10, 0x00, 0x00, 0x00, 0x10, 0x00, 0x00, 0x00, 0x69, 0x01, 0x00, 0x00,
  0x40, 0x00, 0x00, 0x00, 0xe4, 0x7f, 0xff, 0xff, 0x30, 0x00, 0x00, 0x00,
  0x73, 0x65, 0x71, 0x75, 0x65, 0x6e, 0x74, 0x69, 0x61, 0x6c, 0x5f, 0x31,
  0x32, 0x32, 0x5f, 0x31, 0x2f, 0x6c, 0x73, 0x74, 0x6d, 0x5f, 0x32, 0x5f,
  0x31, 0x2f, 0x6c, 0x73, 0x74, 0x6d, 0x5f, 0x63, 0x65, 0x6c, 0x6c, 0x5f,
  0x33, 0x37, 0x2f, 0x53, 0x69, 0x67, 0x6d, 0x6f, 0x69, 0x64, 0x5f, 0x32,
  0x00, 0x00, 0x00, 0x00, 0x02, 0x00, 0x00, 0x00, 0x01, 0x00, 0x00, 0x00,
  0x10, 0x00, 0x00, 0x00, 0xd2, 0x80, 0xff, 0xff, 0x00, 0x00, 0x00, 0x01,
  0x10, 0x00, 0x00, 0x00, 0x10, 0x00, 0x00, 0x00, 0x68, 0x01, 0x00, 0x00,
  0x38, 0x00, 0x00, 0x00, 0x44, 0x80, 0xff, 0xff, 0x2a, 0x00, 0x00, 0x00,
  0x73, 0x65, 0x71, 0x75, 0x65, 0x6e, 0x74, 0x69, 0x61, 0x6c, 0x5f, 0x31,
  0x32, 0x32, 0x5f, 0x31, 0x2f, 0x6c, 0x73, 0x74, 0x6d, 0x5f, 0x32, 0x5f,
  0x31, 0x2f, 0x6c, 0x73, 0x74, 0x6d, 0x5f, 0x63, 0x65, 0x6c, 0x6c, 0x5f,
  0x33, 0x37, 0x2f, 0x6d, 0x75, 0x6c, 0x00, 0x00, 0x02, 0x00, 0x00, 0x00,
  0x01, 0x00, 0x00, 0x00, 0x10, 0x00, 0x00, 0x00, 0x2a, 0x81, 0xff, 0xff,
  0x00, 0x00, 0x00, 0x01, 0x10, 0x00, 0x00, 0x00, 0x10, 0x00, 0x00, 0x00,
  0x67, 0x01, 0x00, 0x00, 0x40, 0x00, 0x00, 0x00, 0x9c, 0x80, 0xff, 0xff,
  0x30, 0x00, 0x00, 0x00, 0x73, 0x65, 0x71, 0x75, 0x65, 0x6e, 0x74, 0x69,
  0x61, 0x6c, 0x5f, 0x31, 0x32, 0x32, 0x5f, 0x31, 0x2f, 0x6c, 0x73, 0x74,
  0x6d, 0x5f, 0x32, 0x5f, 0x31, 0x2f, 0x6c, 0x73, 0x74, 0x6d, 0x5f, 0x63,
  0x65, 0x6c, 0x6c, 0x5f, 0x33, 0x37, 0x2f, 0x53, 0x69, 0x67, 0x6d, 0x6f,
  0x69, 0x64, 0x5f, 0x31, 0x00, 0x00, 0x00, 0x00, 0x02, 0x00, 0x00, 0x00,
  0x01, 0x00, 0x00, 0x00, 0x10, 0x00, 0x00, 0x00, 0x8a, 0x81, 0xff, 0xff,
  0x00, 0x00, 0x00, 0x01, 0x10, 0x00, 0x00, 0x00, 0x10, 0x00, 0x00, 0x00,
  0x66, 0x01, 0x00, 0x00, 0x3c, 0x00, 0x00, 0x00, 0xfc, 0x80, 0xff, 0xff,
  0x2e, 0x00, 0x00, 0x00, 0x73, 0x65, 0x71, 0x75, 0x65, 0x6e, 0x74, 0x69,
  0x61, 0x6c, 0x5f, 0x31, 0x32, 0x32, 0x5f, 0x31, 0x2f, 0x6c, 0x73, 0x74,
  0x6d, 0x5f, 0x32, 0x5f, 0x31, 0x2f, 0x6c, 0x73, 0x74, 0x6d, 0x5f, 0x63,
  0x65, 0x6c, 0x6c, 0x5f, 0x33, 0x37, 0x2f, 0x53, 0x69, 0x67, 0x6d, 0x6f,
  0x69, 0x64, 0x00, 0x00, 0x02, 0x00, 0x00, 0x00, 0x01, 0x00, 0x00, 0x00,
  0x10, 0x00, 0x00, 0x00, 0xe6, 0x81, 0xff, 0xff, 0x00, 0x00, 0x00, 0x01,
  0x10, 0x00, 0x00, 0x00, 0x10, 0x00, 0x00, 0x00, 0x65, 0x01, 0x00, 0x00,
  0x3c, 0x00, 0x00, 0x00, 0x58, 0x81, 0xff, 0xff, 0x2d, 0x00, 0x00, 0x00,
  0x73, 0x65, 0x71, 0x75, 0x65, 0x6e, 0x74, 0x69, 0x61, 0x6c, 0x5f, 0x31,
  0x32, 0x32, 0x5f, 0x31, 0x2f, 0x6c, 0x73, 0x74, 0x6d, 0x5f, 0x32, 0x5f,
  0x31, 0x2f, 0x6c, 0x73, 0x74, 0x6d, 0x5f, 0x63, 0x65, 0x6c, 0x6c, 0x5f,
  0x33, 0x37, 0x2f, 0x73, 0x70, 0x6c, 0x69, 0x74, 0x33, 0x00, 0x00, 0x00,
  0x02, 0x00, 0x00, 0x00, 0x01, 0x00, 0x00, 0x00, 0x10, 0x00, 0x00, 0x00,
  0x42, 0x82, 0xff, 0xff, 0x00, 0x00, 0x00, 0x01, 0x10, 0x00, 0x00, 0x00,
  0x10, 0x00, 0x00, 0x00, 0x64, 0x01, 0x00, 0x00, 0x3c, 0x00, 0x00, 0x00,
  0xb4, 0x81, 0xff, 0xff, 0x2d, 0x00, 0x00, 0x00, 0x73, 0x65, 0x71, 0x75,
  0x65, 0x6e, 0x74, 0x69, 0x61, 0x6c, 0x5f, 0x31, 0x32, 0x32, 0x5f, 0x31,
  0x2f, 0x6c, 0x73, 0x74, 0x6d, 0x5f, 0x32, 0x5f, 0x31, 0x2f, 0x6c, 0x73,
  0x74, 0x6d, 0x5f, 0x63, 0x65, 0x6c, 0x6c, 0x5f, 0x33, 0x37, 0x2f, 0x73,
  0x70, 0x6c, 0x69, 0x74, 0x32, 0x00, 0x00, 0x00, 0x02, 0x00, 0x00, 0x00,
  0x01, 0x00, 0x00, 0x00, 0x10, 0x00, 0x00, 0x00, 0x9e, 0x82, 0xff, 0xff,
  0x00, 0x00, 0x00, 0x01, 0x10, 0x00, 0x00, 0x00, 0x10, 0x00, 0x00, 0x00,
  0x63, 0x01, 0x00, 0x00, 0x3c, 0x00, 0x00, 0x00, 0x10, 0x82, 0xff, 0xff,
  0x2d, 0x00, 0x00, 0x00, 0x73, 0x65, 0x71, 0x75, 0x65, 0x6e, 0x74, 0x69,
  0x61, 0x6c, 0x5f, 0x31, 0x32, 0x32, 0x5f, 0x31, 0x2f, 0x6c, 0x73, 0x74,
  0x6d, 0x5f, 0x32, 0x5f, 0x31, 0x2f, 0x6c, 0x73, 0x74, 0x6d, 0x5f, 0x63,
  0x65, 0x6c, 0x6c, 0x5f, 0x33, 0x37, 0x2f, 0x73, 0x70, 0x6c, 0x69, 0x74,
  0x31, 0x00, 0x00, 0x00, 0x02, 0x00, 0x00, 0x00, 0x01, 0x00, 0x00, 0x00,
  0x10, 0x00, 0x00, 0x00, 0xfa, 0x82, 0xff, 0xff, 0x00, 0x00, 0x00, 0x01,
  0x10, 0x00, 0x00, 0x00, 0x10, 0x00, 0x00, 0x00, 0x62, 0x01, 0x00, 0x00,
  0x3c, 0x00, 0x00, 0x00, 0x6c, 0x82, 0xff, 0xff, 0x2c, 0x00, 0x00, 0x00,
  0x73, 0x65, 0x71, 0x75, 0x65, 0x6e, 0x74, 0x69, 0x61, 0x6c, 0x5f, 0x31,
  0x32, 0x32, 0x5f, 0x31, 0x2f, 0x6c, 0x73, 0x74, 0x6d, 0x5f, 0x32, 0x5f,
  0x31, 0x2f, 0x6c, 0x73, 0x74, 0x6d, 0x5f, 0x63, 0x65, 0x6c, 0x6c, 0x5f,
  0x33, 0x37, 0x2f, 0x73, 0x70, 0x6c, 0x69, 0x74, 0x00, 0x00, 0x00, 0x00,
  0x02, 0x00, 0x00, 0x00, 0x01, 0x00, 0x00, 0x00, 0x10, 0x00, 0x00, 0x00,
  0x56, 0x83, 0xff, 0xff, 0x00, 0x00, 0x00, 0x01, 0x10, 0x00, 0x00, 0x00,
  0x10, 0x00, 0x00, 0x00, 0x61, 0x01, 0x00, 0x00, 0x40, 0x00, 0x00, 0x00,
  0xc8, 0x82, 0xff, 0xff, 0x30, 0x00, 0x00, 0x00, 0x73, 0x65, 0x71, 0x75,
  0x65, 0x6e, 0x74, 0x69, 0x61, 0x6c, 0x5f, 0x31, 0x32, 0x32, 0x5f, 0x31,
  0x2f, 0x6c, 0x73, 0x74, 0x6d, 0x5f, 0x32, 0x5f, 0x31, 0x2f, 0x6c, 0x73,
  0x74, 0x6d, 0x5f, 0x63, 0x65, 0x6c, 0x6c, 0x5f, 0x33, 0x37, 0x2f, 0x42,
  0x69, 0x61, 0x73, 0x41, 0x64, 0x64, 0x5f, 0x31, 0x00, 0x00, 0x00, 0x00,
  0x02, 0x00, 0x00, 0x00, 0x01, 0x00, 0x00, 0x00, 0x40, 0x00, 0x00, 0x00,
  0xb6, 0x83, 0xff, 0xff, 0x00, 0x00, 0x00, 0x01, 0x10, 0x00, 0x00, 0x00,
  0x10, 0x00, 0x00, 0x00, 0x60, 0x01, 0x00, 0x00, 0x3c, 0x00, 0x00, 0x00,
  0x28, 0x83, 0xff, 0xff, 0x2e, 0x00, 0x00, 0x00, 0x73, 0x65, 0x71, 0x75,
  0x65, 0x6e, 0x74, 0x69, 0x61, 0x6c, 0x5f, 0x31, 0x32, 0x32, 0x5f, 0x31,
  0x2f, 0x6c, 0x73, 0x74, 0x6d, 0x5f, 0x32, 0x5f, 0x31, 0x2f, 0x6c, 0x73,
  0x74, 0x6d, 0x5f, 0x63, 0x65, 0x6c, 0x6c, 0x5f, 0x33, 0x37, 0x2f, 0x42,
  0x69, 0x61, 0x73, 0x41, 0x64, 0x64, 0x00, 0x00, 0x02, 0x00, 0x00, 0x00,
  0x01, 0x00, 0x00, 0x00, 0x40, 0x00, 0x00, 0x00, 0x12, 0x84, 0xff, 0xff,
  0x00, 0x00, 0x00, 0x01, 0x10, 0x00, 0x00, 0x00, 0x10, 0x00, 0x00, 0x00,
  0x5f, 0x01, 0x00, 0x00, 0x3c, 0x00, 0x00, 0x00, 0x84, 0x83, 0xff, 0xff,
  0x2e, 0x00, 0x00, 0x00, 0x73, 0x65, 0x71, 0x75, 0x65, 0x6e, 0x74, 0x69,
  0x61, 0x6c, 0x5f, 0x31, 0x32, 0x32, 0x5f, 0x31, 0x2f, 0x6c, 0x73, 0x74,
  0x6d, 0x5f, 0x32, 0x5f, 0x31, 0x2f, 0x6c, 0x73, 0x74, 0x6d, 0x5f, 0x63,
  0x65, 0x6c, 0x6c, 0x5f, 0x33, 0x37, 0x2f, 0x53, 0x71, 0x75, 0x65, 0x65,
  0x7a, 0x65, 0x00, 0x00, 0x01, 0x00, 0x00, 0x00, 0x40, 0x00, 0x00, 0x00,
  0x6a, 0x84, 0xff, 0xff, 0x00, 0x00, 0x00, 0x01, 0x10, 0x00, 0x00, 0x00,
  0x10, 0x00, 0x00, 0x00, 0x5e, 0x01, 0x00, 0x00, 0x3c, 0x00, 0x00, 0x00,
  0xdc, 0x83, 0xff, 0xff, 0x2f, 0x00, 0x00, 0x00, 0x73, 0x65, 0x71, 0x75,
  0x65, 0x6e, 0x74, 0x69, 0x61, 0x6c, 0x5f, 0x31, 0x32, 0x32, 0x5f, 0x31,
  0x2f, 0x6c, 0x73, 0x74, 0x6d, 0x5f, 0x32, 0x5f, 0x31, 0x2f, 0x6c, 0x73,
  0x74, 0x6d, 0x5f, 0x63, 0x65, 0x6c, 0x6c, 0x5f, 0x33, 0x37, 0x2f, 0x4d,
  0x61, 0x74, 0x4d, 0x75, 0x6c, 0x5f, 0x31, 0x00, 0x02, 0x00, 0x00, 0x00,
  0x01, 0x00, 0x00, 0x00, 0x40, 0x00, 0x00, 0x00, 0xc6, 0x84, 0xff, 0xff,
  0x00, 0x00, 0x00, 0x01, 0x10, 0x00, 0x00, 0x00, 0x10, 0x00, 0x00, 0x00,
  0x5d, 0x01, 0x00, 0x00, 0x3c, 0x00, 0x00, 0x00, 0x38, 0x84, 0xff, 0xff,
  0x2c, 0x00, 0x00, 0x00, 0x73, 0x65, 0x71, 0x75, 0x65, 0x6e, 0x74, 0x69,
  0x61, 0x6c, 0x5f, 0x31, 0x32, 0x32, 0x5f, 0x31, 0x2f, 0x6c, 0x73, 0x74,
  0x6d, 0x5f, 0x32, 0x5f, 0x31, 0x2f, 0x6c, 0x73, 0x74, 0x6d, 0x5f, 0x63,
  0x65, 0x6c, 0x6c, 0x5f, 0x33, 0x35, 0x2f, 0x6d, 0x75, 0x6c, 0x5f, 0x32,
  0x00, 0x00, 0x00, 0x00, 0x02, 0x00, 0x00, 0x00, 0x01, 0x00, 0x00, 0x00,
  0x10, 0x00, 0x00, 0x00, 0x22, 0x85, 0xff, 0xff, 0x00, 0x00, 0x00, 0x01,
  0x10, 0x00, 0x00, 0x00, 0x10, 0x00, 0x00, 0x00, 0x5c, 0x01, 0x00, 0x00,
  0x3c, 0x00, 0x00, 0x00, 0x94, 0x84, 0xff, 0xff, 0x2d, 0x00, 0x00, 0x00,
  0x73, 0x65, 0x71, 0x75, 0x65, 0x6e, 0x74, 0x69, 0x61, 0x6c, 0x5f, 0x31,
  0x32, 0x32, 0x5f, 0x31, 0x2f, 0x6c, 0x73, 0x74, 0x6d, 0x5f, 0x32, 0x5f,
  0x31, 0x2f, 0x6c, 0x73, 0x74, 0x6d, 0x5f, 0x63, 0x65, 0x6c, 0x6c, 0x5f,
  0x33, 0x35, 0x2f, 0x54, 0x61, 0x6e, 0x68, 0x5f, 0x31, 0x00, 0x00, 0x00,
  0x02, 0x00, 0x00, 0x00, 0x01, 0x00, 0x00, 0x00, 0x10, 0x00, 0x00, 0x00,
  0x7e, 0x85, 0xff, 0xff, 0x00, 0x00, 0x00, 0x01, 0x10, 0x00, 0x00, 0x00,
  0x10, 0x00, 0x00, 0x00, 0x5b, 0x01, 0x00, 0x00, 0x38, 0x00, 0x00, 0x00,
  0xf0, 0x84, 0xff, 0xff, 0x2a, 0x00, 0x00, 0x00, 0x73, 0x65, 0x71, 0x75,
  0x65, 0x6e, 0x74, 0x69, 0x61, 0x6c, 0x5f, 0x31, 0x32, 0x32, 0x5f, 0x31,
  0x2f, 0x6c, 0x73, 0x74, 0x6d, 0x5f, 0x32, 0x5f, 0x31, 0x2f, 0x6c, 0x73,
  0x74, 0x6d, 0x5f, 0x63, 0x65, 0x6c, 0x6c, 0x5f, 0x33, 0x35, 0x2f, 0x61,
  0x64, 0x64, 0x00, 0x00, 0x02, 0x00, 0x00, 0x00, 0x01, 0x00, 0x00, 0x00,
  0x10, 0x00, 0x00, 0x00, 0xd6, 0x85, 0xff, 0xff, 0x00, 0x00, 0x00, 0x01,
  0x10, 0x00, 0x00, 0x00, 0x10, 0x00, 0x00, 0x00, 0x5a, 0x01, 0x00, 0x00,
  0x3c, 0x00, 0x00, 0x00, 0x48, 0x85, 0xff, 0xff, 0x2c, 0x00, 0x00, 0x00,
  0x73, 0x65, 0x71, 0x75, 0x65, 0x6e, 0x74, 0x69, 0x61, 0x6c, 0x5f, 0x31,
  0x32, 0x32, 0x5f, 0x31, 0x2f, 0x6c, 0x73, 0x74, 0x6d, 0x5f, 0x32, 0x5f,
  0x31, 0x2f, 0x6c, 0x73, 0x74, 0x6d, 0x5f, 0x63, 0x65, 0x6c, 0x6c, 0x5f,
  0x33, 0x35, 0x2f, 0x6d, 0x75, 0x6c, 0x5f, 0x31, 0x00, 0x00, 0x00, 0x00,
  0x02, 0x00, 0x00, 0x00, 0x01, 0x00, 0x00, 0x00, 0x10, 0x00, 0x00, 0x00,
  0x32, 0x86, 0xff, 0xff, 0x00, 0x00, 0x00, 0x01, 0x10, 0x00, 0x00, 0x00,
  0x10, 0x00, 0x00, 0x00, 0x59, 0x01, 0x00, 0x00, 0x38, 0x00, 0x00, 0x00,
  0xa4, 0x85, 0xff, 0xff, 0x2b, 0x00, 0x00, 0x00, 0x73, 0x65, 0x71, 0x75,
  0x65, 0x6e, 0x74, 0x69, 0x61, 0x6c, 0x5f, 0x31, 0x32, 0x32, 0x5f, 0x31,
  0x2f, 0x6c, 0x73, 0x74, 0x6d, 0x5f, 0x32, 0x5f, 0x31, 0x2f, 0x6c, 0x73,
  0x74, 0x6d, 0x5f, 0x63, 0x65, 0x6c, 0x6c, 0x5f, 0x33, 0x35, 0x2f, 0x54,
  0x61, 0x6e, 0x68, 0x00, 0x02, 0x00, 0x00, 0x00, 0x01, 0x00, 0x00, 0x00,
  0x10, 0x00, 0x00, 0x00, 0x8a, 0x86, 0xff, 0xff, 0x00, 0x00, 0x00, 0x01,
  0x10, 0x00, 0x00, 0x00, 0x10, 0x00, 0x00, 0x00, 0x58, 0x01, 0x00, 0x00,
  0x40, 0x00, 0x00, 0x00, 0xfc, 0x85, 0xff, 0xff, 0x30, 0x00, 0x00, 0x00,
  0x73, 0x65, 0x71, 0x75, 0x65, 0x6e, 0x74, 0x69, 0x61, 0x6c, 0x5f, 0x31,
  0x32, 0x32, 0x5f, 0x31, 0x2f, 0x6c, 0x73, 0x74, 0x6d, 0x5f, 0x32, 0x5f,
  0x31, 0x2f, 0x6c, 0x73, 0x74, 0x6d, 0x5f, 0x63, 0x65, 0x6c, 0x6c, 0x5f,
  0x33, 0x35, 0x2f, 0x53, 0x69, 0x67, 0x6d, 0x6f, 0x69, 0x64, 0x5f, 0x32,
  0x00, 0x00, 0x00, 0x00, 0x02, 0x00, 0x00, 0x00, 0x01, 0x00, 0x00, 0x00,
  0x10, 0x00, 0x00, 0x00, 0xea, 0x86, 0xff, 0xff, 0x00, 0x00, 0x00, 0x01,
  0x10, 0x00, 0x00, 0x00, 0x10, 0x00, 0x00, 0x00, 0x57, 0x01, 0x00, 0x00,
  0x38, 0x00, 0x00, 0x00, 0x5c, 0x86, 0xff, 0xff, 0x2a, 0x00, 0x00, 0x00,
  0x73, 0x65, 0x71, 0x75, 0x65, 0x6e, 0x74, 0x69, 0x61, 0x6c, 0x5f, 0x31,
  0x32, 0x32, 0x5f, 0x31, 0x2f, 0x6c, 0x73, 0x74, 0x6d, 0x5f, 0x32, 0x5f,
  0x31, 0x2f, 0x6c, 0x73, 0x74, 0x6d, 0x5f, 0x63, 0x65, 0x6c, 0x6c, 0x5f,
  0x33, 0x35, 0x2f, 0x6d, 0x75, 0x6c, 0x00, 0x00, 0x02, 0x00, 0x00, 0x00,
  0x01, 0x00, 0x00, 0x00, 0x10, 0x00, 0x00, 0x00, 0x42, 0x87, 0xff, 0xff,
  0x00, 0x00, 0x00, 0x01, 0x10, 0x00, 0x00, 0x00, 0x10, 0x00, 0x00, 0x00,
  0x56, 0x01, 0x00, 0x00, 0x40, 0x00, 0x00, 0x00, 0xb4, 0x86, 0xff, 0xff,
  0x30, 0x00, 0x00, 0x00, 0x73, 0x65, 0x71, 0x75, 0x65, 0x6e, 0x74, 0x69,
  0x61, 0x6c, 0x5f, 0x31, 0x32, 0x32, 0x5f, 0x31, 0x2f, 0x6c, 0x73, 0x74,
  0x6d, 0x5f, 0x32, 0x5f, 0x31, 0x2f, 0x6c, 0x73, 0x74, 0x6d, 0x5f, 0x63,
  0x65, 0x6c, 0x6c, 0x5f, 0x33, 0x35, 0x2f, 0x53, 0x69, 0x67, 0x6d, 0x6f,
  0x69, 0x64, 0x5f, 0x31, 0x00, 0x00, 0x00, 0x00, 0x02, 0x00, 0x00, 0x00,
  0x01, 0x00, 0x00, 0x00, 0x10, 0x00, 0x00, 0x00, 0xa2, 0x87, 0xff, 0xff,
  0x00, 0x00, 0x00, 0x01, 0x10, 0x00, 0x00, 0x00, 0x10, 0x00, 0x00, 0x00,
  0x55, 0x01, 0x00, 0x00, 0x3c, 0x00, 0x00, 0x00, 0x14, 0x87, 0xff, 0xff,
  0x2e, 0x00, 0x00, 0x00, 0x73, 0x65, 0x71, 0x75, 0x65, 0x6e, 0x74, 0x69,
  0x61, 0x6c, 0x5f, 0x31, 0x32, 0x32, 0x5f, 0x31, 0x2f, 0x6c, 0x73, 0x74,
  0x6d, 0x5f, 0x32, 0x5f, 0x31, 0x2f, 0x6c, 0x73, 0x74, 0x6d, 0x5f, 0x63,
  0x65, 0x6c, 0x6c, 0x5f, 0x33, 0x35, 0x2f, 0x53, 0x69, 0x67, 0x6d, 0x6f,
  0x69, 0x64, 0x00, 0x00, 0x02, 0x00, 0x00, 0x00, 0x01, 0x00, 0x00, 0x00,
  0x10, 0x00, 0x00, 0x00, 0xfe, 0x87, 0xff, 0xff, 0x00, 0x00, 0x00, 0x01,
  0x10, 0x00, 0x00, 0x00, 0x10, 0x00, 0x00, 0x00, 0x54, 0x01, 0x00, 0x00,
  0x3c, 0x00, 0x00, 0x00, 0x70, 0x87, 0xff, 0xff, 0x2d, 0x00, 0x00, 0x00,
  0x73, 0x65, 0x71, 0x75, 0x65, 0x6e, 0x74, 0x69, 0x61, 0x6c, 0x5f, 0x31,
  0x32, 0x32, 0x5f, 0x31, 0x2f, 0x6c, 0x73, 0x74, 0x6d, 0x5f, 0x32, 0x5f,
  0x31, 0x2f, 0x6c, 0x73, 0x74, 0x6d, 0x5f, 0x63, 0x65, 0x6c, 0x6c, 0x5f,
  0x33, 0x35, 0x2f, 0x73, 0x70, 0x6c, 0x69, 0x74, 0x33, 0x00, 0x00, 0x00,
  0x02, 0x00, 0x00, 0x00, 0x01, 0x00, 0x00, 0x00, 0x10, 0x00, 0x00, 0x00,
  0x5a, 0x88, 0xff, 0xff, 0x00, 0x00, 0x00, 0x01, 0x10, 0x00, 0x00, 0x00,
  0x10, 0x00, 0x00, 0x00, 0x53, 0x01, 0x00, 0x00, 0x3c, 0x00, 0x00, 0x00,
  0xcc, 0x87, 0xff, 0xff, 0x2d, 0x00, 0x00, 0x00, 0x73, 0x65, 0x71, 0x75,
  0x65, 0x6e, 0x74, 0x69, 0x61, 0x6c, 0x5f, 0x31, 0x32, 0x32, 0x5f, 0x31,
  0x2f, 0x6c, 0x73, 0x74, 0x6d, 0x5f, 0x32, 0x5f, 0x31, 0x2f, 0x6c, 0x73,
  0x74, 0x6d, 0x5f, 0x63, 0x65, 0x6c, 0x6c, 0x5f, 0x33, 0x35, 0x2f, 0x73,
  0x70, 0x6c, 0x69, 0x74, 0x32, 0x00, 0x00, 0x00, 0x02, 0x00, 0x00, 0x00,
  0x01, 0x00, 0x00, 0x00, 0x10, 0x00, 0x00, 0x00, 0xb6, 0x88, 0xff, 0xff,
  0x00, 0x00, 0x00, 0x01, 0x10, 0x00, 0x00, 0x00, 0x10, 0x00, 0x00, 0x00,
  0x52, 0x01, 0x00, 0x00, 0x3c, 0x00, 0x00, 0x00, 0x28, 0x88, 0xff, 0xff,
  0x2d, 0x00, 0x00, 0x00, 0x73, 0x65, 0x71, 0x75, 0x65, 0x6e, 0x74, 0x69,
  0x61, 0x6c, 0x5f, 0x31, 0x32, 0x32, 0x5f, 0x31, 0x2f, 0x6c, 0x73, 0x74,
  0x6d, 0x5f, 0x32, 0x5f, 0x31, 0x2f, 0x6c, 0x73, 0x74, 0x6d, 0x5f, 0x63,
  0x65, 0x6c, 0x6c, 0x5f, 0x33, 0x35, 0x2f, 0x73, 0x70, 0x6c, 0x69, 0x74,
  0x31, 0x00, 0x00, 0x00, 0x02, 0x00, 0x00, 0x00, 0x01, 0x00, 0x00, 0x00,
  0x10, 0x00, 0x00, 0x00, 0x12, 0x89, 0xff, 0xff, 0x00, 0x00, 0x00, 0x01,
  0x10, 0x00, 0x00, 0x00, 0x10, 0x00, 0x00, 0x00, 0x51, 0x01, 0x00, 0x00,
  0x3c, 0x00, 0x00, 0x00, 0x84, 0x88, 0xff, 0xff, 0x2c, 0x00, 0x00, 0x00,
  0x73, 0x65, 0x71, 0x75, 0x65, 0x6e, 0x74, 0x69, 0x61, 0x6c, 0x5f, 0x31,
  0x32, 0x32, 0x5f, 0x31, 0x2f, 0x6c, 0x73, 0x74, 0x6d, 0x5f, 0x32, 0x5f,
  0x31, 0x2f, 0x6c, 0x73, 0x74, 0x6d, 0x5f, 0x63, 0x65, 0x6c, 0x6c, 0x5f,
  0x33, 0x35, 0x2f, 0x73, 0x70, 0x6c, 0x69, 0x74, 0x00, 0x00, 0x00, 0x00,
  0x02, 0x00, 0x00, 0x00, 0x01, 0x00, 0x00, 0x00, 0x10, 0x00, 0x00, 0x00,
  0x6e, 0x89, 0xff, 0xff, 0x00, 0x00, 0x00, 0x01, 0x10, 0x00, 0x00, 0x00,
  0x10, 0x00, 0x00, 0x00, 0x50, 0x01, 0x00, 0x00, 0x40, 0x00, 0x00, 0x00,
  0xe0, 0x88, 0xff, 0xff, 0x30, 0x00, 0x00, 0x00, 0x73, 0x65, 0x71, 0x75,
  0x65, 0x6e, 0x74, 0x69, 0x61, 0x6c, 0x5f, 0x31, 0x32, 0x32, 0x5f, 0x31,
  0x2f, 0x6c, 0x73, 0x74, 0x6d, 0x5f, 0x32, 0x5f, 0x31, 0x2f, 0x6c, 0x73,
  0x74, 0x6d, 0x5f, 0x63, 0x65, 0x6c, 0x6c, 0x5f, 0x33, 0x35, 0x2f, 0x42,
  0x69, 0x61, 0x73, 0x41, 0x64, 0x64, 0x5f, 0x31, 0x00, 0x00, 0x00, 0x00,
  0x02, 0x00, 0x00, 0x00, 0x01, 0x00, 0x00, 0x00, 0x40, 0x00, 0x00, 0x00,
  0xce, 0x89, 0xff, 0xff, 0x00, 0x00, 0x00, 0x01, 0x10, 0x00, 0x00, 0x00,
  0x10, 0x00, 0x00, 0x00, 0x4f, 0x01, 0x00, 0x00, 0x3c, 0x00, 0x00, 0x00,
  0x40, 0x89, 0xff, 0xff, 0x2e, 0x00, 0x00, 0x00, 0x73, 0x65, 0x71, 0x75,
  0x65, 0x6e, 0x74, 0x69, 0x61, 0x6c, 0x5f, 0x31, 0x32, 0x32, 0x5f, 0x31,
  0x2f, 0x6c, 0x73, 0x74, 0x6d, 0x5f, 0x32, 0x5f, 0x31, 0x2f, 0x6c, 0x73,
  0x74, 0x6d, 0x5f, 0x63, 0x65, 0x6c, 0x6c, 0x5f, 0x33, 0x35, 0x2f, 0x42,
  0x69, 0x61, 0x73, 0x41, 0x64, 0x64, 0x00, 0x00, 0x02, 0x00, 0x00, 0x00,
  0x01, 0x00, 0x00, 0x00, 0x40, 0x00, 0x00, 0x00, 0x2a, 0x8a, 0xff, 0xff,
  0x00, 0x00, 0x00, 0x01, 0x10, 0x00, 0x00, 0x00, 0x10, 0x00, 0x00, 0x00,
  0x4e, 0x01, 0x00, 0x00, 0x3c, 0x00, 0x00, 0x00, 0x9c, 0x89, 0xff, 0xff,
  0x2e, 0x00, 0x00, 0x00, 0x73, 0x65, 0x71, 0x75, 0x65, 0x6e, 0x74, 0x69,
  0x61, 0x6c, 0x5f, 0x31, 0x32, 0x32, 0x5f, 0x31, 0x2f, 0x6c, 0x73, 0x74,
  0x6d, 0x5f, 0x32, 0x5f, 0x31, 0x2f, 0x6c, 0x73, 0x74, 0x6d, 0x5f, 0x63,
  0x65, 0x6c, 0x6c, 0x5f, 0x33, 0x35, 0x2f, 0x53, 0x71, 0x75, 0x65, 0x65,
  0x7a, 0x65, 0x00, 0x00, 0x01, 0x00, 0x00, 0x00, 0x40, 0x00, 0x00, 0x00,
  0x82, 0x8a, 0xff, 0xff, 0x00, 0x00, 0x00, 0x01, 0x10, 0x00, 0x00, 0x00,
  0x10, 0x00, 0x00, 0x00, 0x4d, 0x01, 0x00, 0x00, 0x3c, 0x00, 0x00, 0x00,
  0xf4, 0x89, 0xff, 0xff, 0x2f, 0x00, 0x00, 0x00, 0x73, 0x65, 0x71, 0x75,
  0x65, 0x6e, 0x74, 0x69, 0x61, 0x6c, 0x5f, 0x31, 0x32, 0x32, 0x5f, 0x31,
  0x2f, 0x6c, 0x73, 0x74, 0x6d, 0x5f, 0x32, 0x5f, 0x31, 0x2f, 0x6c, 0x73,
  0x74, 0x6d, 0x5f, 0x63, 0x65, 0x6c, 0x6c, 0x5f, 0x33, 0x35, 0x2f, 0x4d,
  0x61, 0x74, 0x4d, 0x75, 0x6c, 0x5f, 0x31, 0x00, 0x02, 0x00, 0x00, 0x00,
  0x01, 0x00, 0x00, 0x00, 0x40, 0x00, 0x00, 0x00, 0xde, 0x8a, 0xff, 0xff,
  0x00, 0x00, 0x00, 0x01, 0x10, 0x00, 0x00, 0x00, 0x10, 0x00, 0x00, 0x00,
  0x4c, 0x01, 0x00, 0x00, 0x3c, 0x00, 0x00, 0x00, 0x50, 0x8a, 0xff, 0xff,
  0x2c, 0x00, 0x00, 0x00, 0x73, 0x65, 0x71, 0x75, 0x65, 0x6e, 0x74, 0x69,
  0x61, 0x6c, 0x5f, 0x31, 0x32, 0x32, 0x5f, 0x31, 0x2f, 0x6c, 0x73, 0x74,
  0x6d, 0x5f, 0x32, 0x5f, 0x31, 0x2f, 0x6c, 0x73, 0x74, 0x6d, 0x5f, 0x63,
  0x65, 0x6c, 0x6c, 0x5f, 0x33, 0x33, 0x2f, 0x6d, 0x75, 0x6c, 0x5f, 0x32,
  0x00, 0x00, 0x00, 0x00, 0x02, 0x00, 0x00, 0x00, 0x01, 0x00, 0x00, 0x00,
  0x10, 0x00, 0x00, 0x00, 0x3a, 0x8b, 0xff, 0xff, 0x00, 0x00, 0x00, 0x01,
  0x10, 0x00, 0x00, 0x00, 0x10, 0x00, 0x00, 0x00, 0x4b, 0x01, 0x00, 0x00,
  0x3c, 0x00, 0x00, 0x00, 0xac, 0x8a, 0xff, 0xff, 0x2d, 0x00, 0x00, 0x00,
  0x73, 0x65, 0x71, 0x75, 0x65, 0x6e, 0x74, 0x69, 0x61, 0x6c, 0x5f, 0x31,
  0x32, 0x32, 0x5f, 0x31, 0x2f, 0x6c, 0x73, 0x74, 0x6d, 0x5f, 0x32, 0x5f,
  0x31, 0x2f, 0x6c, 0x73, 0x74, 0x6d, 0x5f, 0x63, 0x65, 0x6c, 0x6c, 0x5f,
  0x33, 0x33, 0x2f, 0x54, 0x61, 0x6e, 0x68, 0x5f, 0x31, 0x00, 0x00, 0x00,
  0x02, 0x00, 0x00, 0x00, 0x01, 0x00, 0x00, 0x00, 0x10, 0x00, 0x00, 0x00,
  0x96, 0x8b, 0xff, 0xff, 0x00, 0x00, 0x00, 0x01, 0x10, 0x00, 0x00, 0x00,
  0x10, 0x00, 0x00, 0x00, 0x4a, 0x01, 0x00, 0x00, 0x38, 0x00, 0x00, 0x00,
  0x08, 0x8b, 0xff, 0xff, 0x2a, 0x00, 0x00, 0x00, 0x73, 0x65, 0x71, 0x75,
  0x65, 0x6e, 0x74, 0x69, 0x61, 0x6c, 0x5f, 0x31, 0x32, 0x32, 0x5f, 0x31,
  0x2f, 0x6c, 0x73, 0x74, 0x6d, 0x5f, 0x32, 0x5f, 0x31, 0x2f, 0x6c, 0x73,
  0x74, 0x6d, 0x5f, 0x63, 0x65, 0x6c, 0x6c, 0x5f, 0x33, 0x33, 0x2f, 0x61,
  0x64, 0x64, 0x00, 0x00, 0x02, 0x00, 0x00, 0x00, 0x01, 0x00, 0x00, 0x00,
  0x10, 0x00, 0x00, 0x00, 0xee, 0x8b, 0xff, 0xff, 0x00, 0x00, 0x00, 0x01,
  0x10, 0x00, 0x00, 0x00, 0x10, 0x00, 0x00, 0x00, 0x49, 0x01, 0x00, 0x00,
  0x3c, 0x00, 0x00, 0x00, 0x60, 0x8b, 0xff, 0xff, 0x2c, 0x00, 0x00, 0x00,
  0x73, 0x65, 0x71, 0x75, 0x65, 0x6e, 0x74, 0x69, 0x61, 0x6c, 0x5f, 0x31,
  0x32, 0x32, 0x5f, 0x31, 0x2f, 0x6c, 0x73, 0x74, 0x6d, 0x5f, 0x32, 0x5f,
  0x31, 0x2f, 0x6c, 0x73, 0x74, 0x6d, 0x5f, 0x63, 0x65, 0x6c, 0x6c, 0x5f,
  0x33, 0x33, 0x2f, 0x6d, 0x75, 0x6c, 0x5f, 0x31, 0x00, 0x00, 0x00, 0x00,
  0x02, 0x00, 0x00, 0x00, 0x01, 0x00, 0x00, 0x00, 0x10, 0x00, 0x00, 0x00,
  0x4a, 0x8c, 0xff, 0xff, 0x00, 0x00, 0x00, 0x01, 0x10, 0x00, 0x00, 0x00,
  0x10, 0x00, 0x00, 0x00, 0x48, 0x01, 0x00, 0x00, 0x38, 0x00, 0x00, 0x00,
  0xbc, 0x8b, 0xff, 0xff, 0x2b, 0x00, 0x00, 0x00, 0x73, 0x65, 0x71, 0x75,
  0x65, 0x6e, 0x74, 0x69, 0x61, 0x6c, 0x5f, 0x31, 0x32, 0x32, 0x5f, 0x31,
  0x2f, 0x6c, 0x73, 0x74, 0x6d, 0x5f, 0x32, 0x5f, 0x31, 0x2f, 0x6c, 0x73,
  0x74, 0x6d, 0x5f, 0x63, 0x65, 0x6c, 0x6c, 0x5f, 0x33, 0x33, 0x2f, 0x54,
  0x61, 0x6e, 0x68, 0x00, 0x02, 0x00, 0x00, 0x00, 0x01, 0x00, 0x00, 0x00,
  0x10, 0x00, 0x00, 0x00, 0xa2, 0x8c, 0xff, 0xff, 0x00, 0x00, 0x00, 0x01,
  0x10, 0x00, 0x00, 0x00, 0x10, 0x00, 0x00, 0x00, 0x47, 0x01, 0x00, 0x00,
  0x40, 0x00, 0x00, 0x00, 0x14, 0x8c, 0xff, 0xff, 0x30, 0x00, 0x00, 0x00,
  0x73, 0x65, 0x71, 0x75, 0x65, 0x6e, 0x74, 0x69, 0x61, 0x6c, 0x5f, 0x31,
  0x32, 0x32, 0x5f, 0x31, 0x2f, 0x6c, 0x73, 0x74, 0x6d, 0x5f, 0x32, 0x5f,
  0x31, 0x2f, 0x6c, 0x73, 0x74, 0x6d, 0x5f, 0x63, 0x65, 0x6c, 0x6c, 0x5f,
  0x33, 0x33, 0x2f, 0x53, 0x69, 0x67, 0x6d, 0x6f, 0x69, 0x64, 0x5f, 0x32,
  0x00, 0x00, 0x00, 0x00, 0x02, 0x00, 0x00, 0x00, 0x01, 0x00, 0x00, 0x00,
  0x10, 0x00, 0x00, 0x00, 0x02, 0x8d, 0xff, 0xff, 0x00, 0x00, 0x00, 0x01,
  0x10, 0x00, 0x00, 0x00, 0x10, 0x00, 0x00, 0x00, 0x46, 0x01, 0x00, 0x00,
  0x38, 0x00, 0x00, 0x00, 0x74, 0x8c, 0xff, 0xff, 0x2a, 0x00, 0x00, 0x00,
  0x73, 0x65, 0x71, 0x75, 0x65, 0x6e, 0x74, 0x69, 0x61, 0x6c, 0x5f, 0x31,
  0x32, 0x32, 0x5f, 0x31, 0x2f, 0x6c, 0x73, 0x74, 0x6d, 0x5f, 0x32, 0x5f,
  0x31, 0x2f, 0x6c, 0x73, 0x74, 0x6d, 0x5f, 0x63, 0x65, 0x6c, 0x6c, 0x5f,
  0x33, 0x33, 0x2f, 0x6d, 0x75, 0x6c, 0x00, 0x00, 0x02, 0x00, 0x00, 0x00,
  0x01, 0x00, 0x00, 0x00, 0x10, 0x00, 0x00, 0x00, 0x5a, 0x8d, 0xff, 0xff,
  0x00, 0x00, 0x00, 0x01, 0x10, 0x00, 0x00, 0x00, 0x10, 0x00, 0x00, 0x00,
  0x45, 0x01, 0x00, 0x00, 0x40, 0x00, 0x00, 0x00, 0xcc, 0x8c, 0xff, 0xff,
  0x30, 0x00, 0x00, 0x00, 0x73, 0x65, 0x71, 0x75, 0x65, 0x6e, 0x74, 0x69,
  0x61, 0x6c, 0x5f, 0x31, 0x32, 0x32, 0x5f, 0x31, 0x2f, 0x6c, 0x73, 0x74,
  0x6d, 0x5f, 0x32, 0x5f, 0x31, 0x2f, 0x6c, 0x73, 0x74, 0x6d, 0x5f, 0x63,
  0x65, 0x6c, 0x6c, 0x5f, 0x33, 0x33, 0x2f, 0x53, 0x69, 0x67, 0x6d, 0x6f,
  0x69, 0x64, 0x5f, 0x31, 0x00, 0x00, 0x00, 0x00, 0x02, 0x00, 0x00, 0x00,
  0x01, 0x00, 0x00, 0x00, 0x10, 0x00, 0x00, 0x00, 0xba, 0x8d, 0xff, 0xff,
  0x00, 0x00, 0x00, 0x01, 0x10, 0x00, 0x00, 0x00, 0x10, 0x00, 0x00, 0x00,
  0x44, 0x01, 0x00, 0x00, 0x3c, 0x00, 0x00, 0x00, 0x2c, 0x8d, 0xff, 0xff,
  0x2e, 0x00, 0x00, 0x00, 0x73, 0x65, 0x71, 0x75, 0x65, 0x6e, 0x74, 0x69,
  0x61, 0x6c, 0x5f, 0x31, 0x32, 0x32, 0x5f, 0x31, 0x2f, 0x6c, 0x73, 0x74,
  0x6d, 0x5f, 0x32, 0x5f, 0x31, 0x2f, 0x6c, 0x73, 0x74, 0x6d, 0x5f, 0x63,
  0x65, 0x6c, 0x6c, 0x5f, 0x33, 0x33, 0x2f, 0x53, 0x69, 0x67, 0x6d, 0x6f,
  0x69, 0x64, 0x00, 0x00, 0x02, 0x00, 0x00, 0x00, 0x01, 0x00, 0x00, 0x00,
  0x10, 0x00, 0x00, 0x00, 0x16, 0x8e, 0xff, 0xff, 0x00, 0x00, 0x00, 0x01,
  0x10, 0x00, 0x00, 0x00, 0x10, 0x00, 0x00, 0x00, 0x43, 0x01, 0x00, 0x00,
  0x3c, 0x00, 0x00, 0x00, 0x88, 0x8d, 0xff, 0xff, 0x2d, 0x00, 0x00, 0x00,
  0x73, 0x65, 0x71, 0x75, 0x65, 0x6e, 0x74, 0x69, 0x61, 0x6c, 0x5f, 0x31,
  0x32, 0x32, 0x5f, 0x31, 0x2f, 0x6c, 0x73, 0x74, 0x6d, 0x5f, 0x32, 0x5f,
  0x31, 0x2f, 0x6c, 0x73, 0x74, 0x6d, 0x5f, 0x63, 0x65, 0x6c, 0x6c, 0x5f,
  0x33, 0x33, 0x2f, 0x73, 0x70, 0x6c, 0x69, 0x74, 0x33, 0x00, 0x00, 0x00,
  0x02, 0x00, 0x00, 0x00, 0x01, 0x00, 0x00, 0x00, 0x10, 0x00, 0x00, 0x00,
  0x72, 0x8e, 0xff, 0xff, 0x00, 0x00, 0x00, 0x01, 0x10, 0x00, 0x00, 0x00,
  0x10, 0x00, 0x00, 0x00, 0x42, 0x01, 0x00, 0x00, 0x3c, 0x00, 0x00, 0x00,
  0xe4, 0x8d, 0xff, 0xff, 0x2d, 0x00, 0x00, 0x00, 0x73, 0x65, 0x71, 0x75,
  0x65, 0x6e, 0x74, 0x69, 0x61, 0x6c, 0x5f, 0x31, 0x32, 0x32, 0x5f, 0x31,
  0x2f, 0x6c, 0x73, 0x74, 0x6d, 0x5f, 0x32, 0x5f, 0x31, 0x2f, 0x6c, 0x73,
  0x74, 0x6d, 0x5f, 0x63, 0x65, 0x6c, 0x6c, 0x5f, 0x33, 0x33, 0x2f, 0x73,
  0x70, 0x6c, 0x69, 0x74, 0x32, 0x00, 0x00, 0x00, 0x02, 0x00, 0x00, 0x00,
  0x01, 0x00, 0x00, 0x00, 0x10, 0x00, 0x00, 0x00, 0xce, 0x8e, 0xff, 0xff,
  0x00, 0x00, 0x00, 0x01, 0x10, 0x00, 0x00, 0x00, 0x10, 0x00, 0x00, 0x00,
  0x41, 0x01, 0x00, 0x00, 0x3c, 0x00, 0x00, 0x00, 0x40, 0x8e, 0xff, 0xff,
  0x2d, 0x00, 0x00, 0x00, 0x73, 0x65, 0x71, 0x75, 0x65, 0x6e, 0x74, 0x69,
  0x61, 0x6c, 0x5f, 0x31, 0x32, 0x32, 0x5f, 0x31, 0x2f, 0x6c, 0x73, 0x74,
  0x6d, 0x5f, 0x32, 0x5f, 0x31, 0x2f, 0x6c, 0x73, 0x74, 0x6d, 0x5f, 0x63,
  0x65, 0x6c, 0x6c, 0x5f, 0x33, 0x33, 0x2f, 0x73, 0x70, 0x6c, 0x69, 0x74,
  0x31, 0x00, 0x00, 0x00, 0x02, 0x00, 0x00, 0x00, 0x01, 0x00, 0x00, 0x00,
  0x10, 0x00, 0x00, 0x00, 0x2a, 0x8f, 0xff, 0xff, 0x00, 0x00, 0x00, 0x01,
  0x10, 0x00, 0x00, 0x00, 0x10, 0x00, 0x00, 0x00, 0x40, 0x01, 0x00, 0x00,
  0x3c, 0x00, 0x00, 0x00, 0x9c, 0x8e, 0xff, 0xff, 0x2c, 0x00, 0x00, 0x00,
  0x73, 0x65, 0x71, 0x75, 0x65, 0x6e, 0x74, 0x69, 0x61, 0x6c, 0x5f, 0x31,
  0x32, 0x32, 0x5f, 0x31, 0x2f, 0x6c, 0x73, 0x74, 0x6d, 0x5f, 0x32, 0x5f,
  0x31, 0x2f, 0x6c, 0x73, 0x74, 0x6d, 0x5f, 0x63, 0x65, 0x6c, 0x6c, 0x5f,
  0x33, 0x33, 0x2f, 0x73, 0x70, 0x6c, 0x69, 0x74, 0x00, 0x00, 0x00, 0x00,
  0x02, 0x00, 0x00, 0x00, 0x01, 0x00, 0x00, 0x00, 0x10, 0x00, 0x00, 0x00,
  0x86, 0x8f, 0xff, 0xff, 0x00, 0x00, 0x00, 0x01, 0x10, 0x00, 0x00, 0x00,
  0x10, 0x00, 0x00, 0x00, 0x3f, 0x01, 0x00, 0x00, 0x40, 0x00, 0x00, 0x00,
  0xf8, 0x8e, 0xff, 0xff, 0x30, 0x00, 0x00, 0x00, 0x73, 0x65, 0x71, 0x75,
  0x65, 0x6e, 0x74, 0x69, 0x61, 0x6c, 0x5f, 0x31, 0x32, 0x32, 0x5f, 0x31,
  0x2f, 0x6c, 0x73, 0x74, 0x6d, 0x5f, 0x32, 0x5f, 0x31, 0x2f, 0x6c, 0x73,
  0x74, 0x6d, 0x5f, 0x63, 0x65, 0x6c, 0x6c, 0x5f, 0x33, 0x33, 0x2f, 0x42,
  0x69, 0x61, 0x73, 0x41, 0x64, 0x64, 0x5f, 0x31, 0x00, 0x00, 0x00, 0x00,
  0x02, 0x00, 0x00, 0x00, 0x01, 0x00, 0x00, 0x00, 0x40, 0x00, 0x00, 0x00,
  0xe6, 0x8f, 0xff, 0xff, 0x00, 0x00, 0x00, 0x01, 0x10, 0x00, 0x00, 0x00,
  0x10, 0x00, 0x00, 0x00, 0x3e, 0x01, 0x00, 0x00, 0x3c, 0x00, 0x00, 0x00,
  0x58, 0x8f, 0xff, 0xff, 0x2e, 0x00, 0x00, 0x00, 0x73, 0x65, 0x71, 0x75,
  0x65, 0x6e, 0x74, 0x69, 0x61, 0x6c, 0x5f, 0x31, 0x32, 0x32, 0x5f, 0x31,
  0x2f, 0x6c, 0x73, 0x74, 0x6d, 0x5f, 0x32, 0x5f, 0x31, 0x2f, 0x6c, 0x73,
  0x74, 0x6d, 0x5f, 0x63, 0x65, 0x6c, 0x6c, 0x5f, 0x33, 0x33, 0x2f, 0x42,
  0x69, 0x61, 0x73, 0x41, 0x64, 0x64, 0x00, 0x00, 0x02, 0x00, 0x00, 0x00,
  0x01, 0x00, 0x00, 0x00, 0x40, 0x00, 0x00, 0x00, 0x42, 0x90, 0xff, 0xff,
  0x00, 0x00, 0x00, 0x01, 0x10, 0x00, 0x00, 0x00, 0x10, 0x00, 0x00, 0x00,
  0x3d, 0x01, 0x00, 0x00, 0x3c, 0x00, 0x00, 0x00, 0xb4, 0x8f, 0xff, 0xff,
  0x2e, 0x00, 0x00, 0x00, 0x73, 0x65, 0x71, 0x75, 0x65, 0x6e, 0x74, 0x69,
  0x61, 0x6c, 0x5f, 0x31, 0x32, 0x32, 0x5f, 0x31, 0x2f, 0x6c, 0x73, 0x74,
  0x6d, 0x5f, 0x32, 0x5f, 0x31, 0x2f, 0x6c, 0x73, 0x74, 0x6d, 0x5f, 0x63,
  0x65, 0x6c, 0x6c, 0x5f, 0x33, 0x33, 0x2f, 0x53, 0x71, 0x75, 0x65, 0x65,
  0x7a, 0x65, 0x00, 0x00, 0x01, 0x00, 0x00, 0x00, 0x40, 0x00, 0x00, 0x00,
  0x9a, 0x90, 0xff, 0xff, 0x00, 0x00, 0x00, 0x01, 0x10, 0x00, 0x00, 0x00,
  0x10, 0x00, 0x00, 0x00, 0x3c, 0x01, 0x00, 0x00, 0x3c, 0x00, 0x00, 0x00,
  0x0c, 0x90, 0xff, 0xff, 0x2f, 0x00, 0x00, 0x00, 0x73, 0x65, 0x71, 0x75,
  0x65, 0x6e, 0x74, 0x69, 0x61, 0x6c, 0x5f, 0x31, 0x32, 0x32, 0x5f, 0x31,
  0x2f, 0x6c, 0x73, 0x74, 0x6d, 0x5f, 0x32, 0x5f, 0x31, 0x2f, 0x6c, 0x73,
  0x74, 0x6d, 0x5f, 0x63, 0x65, 0x6c, 0x6c, 0x5f, 0x33, 0x33, 0x2f, 0x4d,
  0x61, 0x74, 0x4d, 0x75, 0x6c, 0x5f, 0x31, 0x00, 0x02, 0x00, 0x00, 0x00,
  0x01, 0x00, 0x00, 0x00, 0x40, 0x00, 0x00, 0x00, 0xf6, 0x90, 0xff, 0xff,
  0x00, 0x00, 0x00, 0x01, 0x10, 0x00, 0x00, 0x00, 0x10, 0x00, 0x00, 0x00,
  0x3b, 0x01, 0x00, 0x00, 0x3c, 0x00, 0x00, 0x00, 0x68, 0x90, 0xff, 0xff,
  0x2c, 0x00, 0x00, 0x00, 0x73, 0x65, 0x71, 0x75, 0x65, 0x6e, 0x74, 0x69,
  0x61, 0x6c, 0x5f, 0x31, 0x32, 0x32, 0x5f, 0x31, 0x2f, 0x6c, 0x73, 0x74,
  0x6d, 0x5f, 0x32, 0x5f, 0x31, 0x2f, 0x6c, 0x73, 0x74, 0x6d, 0x5f, 0x63,
  0x65, 0x6c, 0x6c, 0x5f, 0x33, 0x31, 0x2f, 0x6d, 0x75, 0x6c, 0x5f, 0x32,
  0x00, 0x00, 0x00, 0x00, 0x02, 0x00, 0x00, 0x00, 0x01, 0x00, 0x00, 0x00,
  0x10, 0x00, 0x00, 0x00, 0x52, 0x91, 0xff, 0xff, 0x00, 0x00, 0x00, 0x01,
  0x10, 0x00, 0x00, 0x00, 0x10, 0x00, 0x00, 0x00, 0x3a, 0x01, 0x00, 0x00,
  0x3c, 0x00, 0x00, 0x00, 0xc4, 0x90, 0xff, 0xff, 0x2d, 0x00, 0x00, 0x00,
  0x73, 0x65, 0x71, 0x75, 0x65, 0x6e, 0x74, 0x69, 0x61, 0x6c, 0x5f, 0x31,
  0x32, 0x32, 0x5f, 0x31, 0x2f, 0x6c, 0x73, 0x74, 0x6d, 0x5f, 0x32, 0x5f,
  0x31, 0x2f, 0x6c, 0x73, 0x74, 0x6d, 0x5f, 0x63, 0x65, 0x6c, 0x6c, 0x5f,
  0x33, 0x31, 0x2f, 0x54, 0x61, 0x6e, 0x68, 0x5f, 0x31, 0x00, 0x00, 0x00,
  0x02, 0x00, 0x00, 0x00, 0x01, 0x00, 0x00, 0x00, 0x10, 0x00, 0x00, 0x00,
  0xae, 0x91, 0xff, 0xff, 0x00, 0x00, 0x00, 0x01, 0x10, 0x00, 0x00, 0x00,
  0x10, 0x00, 0x00, 0x00, 0x39, 0x01, 0x00, 0x00, 0x38, 0x00, 0x00, 0x00,
  0x20, 0x91, 0xff, 0xff, 0x2a, 0x00, 0x00, 0x00, 0x73, 0x65, 0x71, 0x75,
  0x65, 0x6e, 0x74, 0x69, 0x61, 0x6c, 0x5f, 0x31, 0x32, 0x32, 0x5f, 0x31,
  0x2f, 0x6c, 0x73, 0x74, 0x6d, 0x5f, 0x32, 0x5f, 0x31, 0x2f, 0x6c, 0x73,
  0x74, 0x6d, 0x5f, 0x63, 0x65, 0x6c, 0x6c, 0x5f, 0x33, 0x31, 0x2f, 0x61,
  0x64, 0x64, 0x00, 0x00, 0x02, 0x00, 0x00, 0x00, 0x01, 0x00, 0x00, 0x00,
  0x10, 0x00, 0x00, 0x00, 0x06, 0x92, 0xff, 0xff, 0x00, 0x00, 0x00, 0x01,
  0x10, 0x00, 0x00, 0x00, 0x10, 0x00, 0x00, 0x00, 0x38, 0x01, 0x00, 0x00,
  0x3c, 0x00, 0x00, 0x00, 0x78, 0x91, 0xff, 0xff, 0x2c, 0x00, 0x00, 0x00,
  0x73, 0x65, 0x71, 0x75, 0x65, 0x6e, 0x74, 0x69, 0x61, 0x6c, 0x5f, 0x31,
  0x32, 0x32, 0x5f, 0x31, 0x2f, 0x6c, 0x73, 0x74, 0x6d, 0x5f, 0x32, 0x5f,
  0x31, 0x2f, 0x6c, 0x73, 0x74, 0x6d, 0x5f, 0x63, 0x65, 0x6c, 0x6c, 0x5f,
  0x33, 0x31, 0x2f, 0x6d, 0x75, 0x6c, 0x5f, 0x31, 0x00, 0x00, 0x00, 0x00,
  0x02, 0x00, 0x00, 0x00, 0x01, 0x00, 0x00, 0x00, 0x10, 0x00, 0x00, 0x00,
  0x62, 0x92, 0xff, 0xff, 0x00, 0x00, 0x00, 0x01, 0x10, 0x00, 0x00, 0x00,
  0x10, 0x00, 0x00, 0x00, 0x37, 0x01, 0x00, 0x00, 0x38, 0x00, 0x00, 0x00,
  0xd4, 0x91, 0xff, 0xff, 0x2b, 0x00, 0x00, 0x00, 0x73, 0x65, 0x71, 0x75,
  0x65, 0x6e, 0x74, 0x69, 0x61, 0x6c, 0x5f, 0x31, 0x32, 0x32, 0x5f, 0x31,
  0x2f, 0x6c, 0x73, 0x74, 0x6d, 0x5f, 0x32, 0x5f, 0x31, 0x2f, 0x6c, 0x73,
  0x74, 0x6d, 0x5f, 0x63, 0x65, 0x6c, 0x6c, 0x5f, 0x33, 0x31, 0x2f, 0x54,
  0x61, 0x6e, 0x68, 0x00, 0x02, 0x00, 0x00, 0x00, 0x01, 0x00, 0x00, 0x00,
  0x10, 0x00, 0x00, 0x00, 0xba, 0x92, 0xff, 0xff, 0x00, 0x00, 0x00, 0x01,
  0x10, 0x00, 0x00, 0x00, 0x10, 0x00, 0x00, 0x00, 0x36, 0x01, 0x00, 0x00,
  0x40, 0x00, 0x00, 0x00, 0x2c, 0x92, 0xff, 0xff, 0x30, 0x00, 0x00, 0x00,
  0x73, 0x65, 0x71, 0x75, 0x65, 0x6e, 0x74, 0x69, 0x61, 0x6c, 0x5f, 0x31,
  0x32, 0x32, 0x5f, 0x31, 0x2f, 0x6c, 0x73, 0x74, 0x6d, 0x5f, 0x32, 0x5f,
  0x31, 0x2f, 0x6c, 0x73, 0x74, 0x6d, 0x5f, 0x63, 0x65, 0x6c, 0x6c, 0x5f,
  0x33, 0x31, 0x2f, 0x53, 0x69, 0x67, 0x6d, 0x6f, 0x69, 0x64, 0x5f, 0x32,
  0x00, 0x00, 0x00, 0x00, 0x02, 0x00, 0x00, 0x00, 0x01, 0x00, 0x00, 0x00,
  0x10, 0x00, 0x00, 0x00, 0x1a, 0x93, 0xff, 0xff, 0x00, 0x00, 0x00, 0x01,
  0x10, 0x00, 0x00, 0x00, 0x10, 0x00, 0x00, 0x00, 0x35, 0x01, 0x00, 0x00,
  0x38, 0x00, 0x00, 0x00, 0x8c, 0x92, 0xff, 0xff, 0x2a, 0x00, 0x00, 0x00,
  0x73, 0x65, 0x71, 0x75, 0x65, 0x6e, 0x74, 0x69, 0x61, 0x6c, 0x5f, 0x31,
  0x32, 0x32, 0x5f, 0x31, 0x2f, 0x6c, 0x73, 0x74, 0x6d, 0x5f, 0x32, 0x5f,
  0x31, 0x2f, 0x6c, 0x73, 0x74, 0x6d, 0x5f, 0x63, 0x65, 0x6c, 0x6c, 0x5f,
  0x33, 0x31, 0x2f, 0x6d, 0x75, 0x6c, 0x00, 0x00, 0x02, 0x00, 0x00, 0x00,
  0x01, 0x00, 0x00, 0x00, 0x10, 0x00, 0x00, 0x00, 0x72, 0x93, 0xff, 0xff,
  0x00, 0x00, 0x00, 0x01, 0x10, 0x00, 0x00, 0x00, 0x10, 0x00, 0x00, 0x00,
  0x34, 0x01, 0x00, 0x00, 0x40, 0x00, 0x00, 0x00, 0xe4, 0x92, 0xff, 0xff,
  0x30, 0x00, 0x00, 0x00, 0x73, 0x65, 0x71, 0x75, 0x65, 0x6e, 0x74, 0x69,
  0x61, 0x6c, 0x5f, 0x31, 0x32, 0x32, 0x5f, 0x31, 0x2f, 0x6c, 0x73, 0x74,
  0x6d, 0x5f, 0x32, 0x5f, 0x31, 0x2f, 0x6c, 0x73, 0x74, 0x6d, 0x5f, 0x63,
  0x65, 0x6c, 0x6c, 0x5f, 0x33, 0x31, 0x2f, 0x53, 0x69, 0x67, 0x6d, 0x6f,
  0x69, 0x64, 0x5f, 0x31, 0x00, 0x00, 0x00, 0x00, 0x02, 0x00, 0x00, 0x00,
  0x01, 0x00, 0x00, 0x00, 0x10, 0x00, 0x00, 0x00, 0xd2, 0x93, 0xff, 0xff,
  0x00, 0x00, 0x00, 0x01, 0x10, 0x00, 0x00, 0x00, 0x10, 0x00, 0x00, 0x00,
  0x33, 0x01, 0x00, 0x00, 0x3c, 0x00, 0x00, 0x00, 0x44, 0x93, 0xff, 0xff,
  0x2e, 0x00, 0x00, 0x00, 0x73, 0x65, 0x71, 0x75, 0x65, 0x6e, 0x74, 0x69,
  0x61, 0x6c, 0x5f, 0x31, 0x32, 0x32, 0x5f, 0x31, 0x2f, 0x6c, 0x73, 0x74,
  0x6d, 0x5f, 0x32, 0x5f, 0x31, 0x2f, 0x6c, 0x73, 0x74, 0x6d, 0x5f, 0x63,
  0x65, 0x6c, 0x6c, 0x5f, 0x33, 0x31, 0x2f, 0x53, 0x69, 0x67, 0x6d, 0x6f,
  0x69, 0x64, 0x00, 0x00, 0x02, 0x00, 0x00, 0x00, 0x01, 0x00, 0x00, 0x00,
  0x10, 0x00, 0x00, 0x00, 0x2e, 0x94, 0xff, 0xff, 0x00, 0x00, 0x00, 0x01,
  0x10, 0x00, 0x00, 0x00, 0x10, 0x00, 0x00, 0x00, 0x32, 0x01, 0x00, 0x00,
  0x3c, 0x00, 0x00, 0x00, 0xa0, 0x93, 0xff, 0xff, 0x2d, 0x00, 0x00, 0x00,
  0x73, 0x65, 0x71, 0x75, 0x65, 0x6e, 0x74, 0x69, 0x61, 0x6c, 0x5f, 0x31,
  0x32, 0x32, 0x5f, 0x31, 0x2f, 0x6c, 0x73, 0x74, 0x6d, 0x5f, 0x32, 0x5f,
  0x31, 0x2f, 0x6c, 0x73, 0x74, 0x6d, 0x5f, 0x63, 0x65, 0x6c, 0x6c, 0x5f,
  0x33, 0x31, 0x2f, 0x73, 0x70, 0x6c, 0x69, 0x74, 0x33, 0x00, 0x00, 0x00,
  0x02, 0x00, 0x00, 0x00, 0x01, 0x00, 0x00, 0x00, 0x10, 0x00, 0x00, 0x00,
  0x8a, 0x94, 0xff, 0xff, 0x00, 0x00, 0x00, 0x01, 0x10, 0x00, 0x00, 0x00,
  0x10, 0x00, 0x00, 0x00, 0x31, 0x01, 0x00, 0x00, 0x3c, 0x00, 0x00, 0x00,
  0xfc, 0x93, 0xff, 0xff, 0x2d, 0x00, 0x00, 0x00, 0x73, 0x65, 0x71, 0x75,
  0x65, 0x6e, 0x74, 0x69, 0x61, 0x6c, 0x5f, 0x31, 0x32, 0x32, 0x5f, 0x31,
  0x2f, 0x6c, 0x73, 0x74, 0x6d, 0x5f, 0x32, 0x5f, 0x31, 0x2f, 0x6c, 0x73,
  0x74, 0x6d, 0x5f, 0x63, 0x65, 0x6c, 0x6c, 0x5f, 0x33, 0x31, 0x2f, 0x73,
  0x70, 0x6c, 0x69, 0x74, 0x32, 0x00, 0x00, 0x00, 0x02, 0x00, 0x00, 0x00,
  0x01, 0x00, 0x00, 0x00, 0x10, 0x00, 0x00, 0x00, 0xe6, 0x94, 0xff, 0xff,
  0x00, 0x00, 0x00, 0x01, 0x10, 0x00, 0x00, 0x00, 0x10, 0x00, 0x00, 0x00,
  0x30, 0x01, 0x00, 0x00, 0x3c, 0x00, 0x00, 0x00, 0x58, 0x94, 0xff, 0xff,
  0x2d, 0x00, 0x00, 0x00, 0x73, 0x65, 0x71, 0x75, 0x65, 0x6e, 0x74, 0x69,
  0x61, 0x6c, 0x5f, 0x31, 0x32, 0x32, 0x5f, 0x31, 0x2f, 0x6c, 0x73, 0x74,
  0x6d, 0x5f, 0x32, 0x5f, 0x31, 0x2f, 0x6c, 0x73, 0x74, 0x6d, 0x5f, 0x63,
  0x65, 0x6c, 0x6c, 0x5f, 0x33, 0x31, 0x2f, 0x73, 0x70, 0x6c, 0x69, 0x74,
  0x31, 0x00, 0x00, 0x00, 0x02, 0x00, 0x00, 0x00, 0x01, 0x00, 0x00, 0x00,
  0x10, 0x00, 0x00, 0x00, 0x42, 0x95, 0xff, 0xff, 0x00, 0x00, 0x00, 0x01,
  0x10, 0x00, 0x00, 0x00, 0x10, 0x00, 0x00, 0x00, 0x2f, 0x01, 0x00, 0x00,
  0x3c, 0x00, 0x00, 0x00, 0xb4, 0x94, 0xff, 0xff, 0x2c, 0x00, 0x00, 0x00,
  0x73, 0x65, 0x71, 0x75, 0x65, 0x6e, 0x74, 0x69, 0x61, 0x6c, 0x5f, 0x31,
  0x32, 0x32, 0x5f, 0x31, 0x2f, 0x6c, 0x73, 0x74, 0x6d, 0x5f, 0x32, 0x5f,
  0x31, 0x2f, 0x6c, 0x73, 0x74, 0x6d, 0x5f, 0x63, 0x65, 0x6c, 0x6c, 0x5f,
  0x33, 0x31, 0x2f, 0x73, 0x70, 0x6c, 0x69, 0x74, 0x00, 0x00, 0x00, 0x00,
  0x02, 0x00, 0x00, 0x00, 0x01, 0x00, 0x00, 0x00, 0x10, 0x00, 0x00, 0x00,
  0x9e, 0x95, 0xff, 0xff, 0x00, 0x00, 0x00, 0x01, 0x10, 0x00, 0x00, 0x00,
  0x10, 0x00, 0x00, 0x00, 0x2e, 0x01, 0x00, 0x00, 0x40, 0x00, 0x00, 0x00,
  0x10, 0x95, 0xff, 0xff, 0x30, 0x00, 0x00, 0x00, 0x73, 0x65, 0x71, 0x75,
  0x65, 0x6e, 0x74, 0x69, 0x61, 0x6c, 0x5f, 0x31, 0x32, 0x32, 0x5f, 0x31,
  0x2f, 0x6c, 0x73, 0x74, 0x6d, 0x5f, 0x32, 0x5f, 0x31, 0x2f, 0x6c, 0x73,
  0x74, 0x6d, 0x5f, 0x63, 0x65, 0x6c, 0x6c, 0x5f, 0x33, 0x31, 0x2f, 0x42,
  0x69, 0x61, 0x73, 0x41, 0x64, 0x64, 0x5f, 0x31, 0x00, 0x00, 0x00, 0x00,
  0x02, 0x00, 0x00, 0x00, 0x01, 0x00, 0x00, 0x00, 0x40, 0x00, 0x00, 0x00,
  0xfe, 0x95, 0xff, 0xff, 0x00, 0x00, 0x00, 0x01, 0x10, 0x00, 0x00, 0x00,
  0x10, 0x00, 0x00, 0x00, 0x2d, 0x01, 0x00, 0x00, 0x3c, 0x00, 0x00, 0x00,
  0x70, 0x95, 0xff, 0xff, 0x2e, 0x00, 0x00, 0x00, 0x73, 0x65, 0x71, 0x75,
  0x65, 0x6e, 0x74, 0x69, 0x61, 0x6c, 0x5f, 0x31, 0x32, 0x32, 0x5f, 0x31,
  0x2f, 0x6c, 0x73, 0x74, 0x6d, 0x5f, 0x32, 0x5f, 0x31, 0x2f, 0x6c, 0x73,
  0x74, 0x6d, 0x5f, 0x63, 0x65, 0x6c, 0x6c, 0x5f, 0x33, 0x31, 0x2f, 0x42,
  0x69, 0x61, 0x73, 0x41, 0x64, 0x64, 0x00, 0x00, 0x02, 0x00, 0x00, 0x00,
  0x01, 0x00, 0x00, 0x00, 0x40, 0x00, 0x00, 0x00, 0x5a, 0x96, 0xff, 0xff,
  0x00, 0x00, 0x00, 0x01, 0x10, 0x00, 0x00, 0x00, 0x10, 0x00, 0x00, 0x00,
  0x2c, 0x01, 0x00, 0x00, 0x3c, 0x00, 0x00, 0x00, 0xcc, 0x95, 0xff, 0xff,
  0x2e, 0x00, 0x00, 0x00, 0x73, 0x65, 0x71, 0x75, 0x65, 0x6e, 0x74, 0x69,
  0x61, 0x6c, 0x5f, 0x31, 0x32, 0x32, 0x5f, 0x31, 0x2f, 0x6c, 0x73, 0x74,
  0x6d, 0x5f, 0x32, 0x5f, 0x31, 0x2f, 0x6c, 0x73, 0x74, 0x6d, 0x5f, 0x63,
  0x65, 0x6c, 0x6c, 0x5f, 0x33, 0x31, 0x2f, 0x53, 0x71, 0x75, 0x65, 0x65,
  0x7a, 0x65, 0x00, 0x00, 0x01, 0x00, 0x00, 0x00, 0x40, 0x00, 0x00, 0x00,
  0xb2, 0x96, 0xff, 0xff, 0x00, 0x00, 0x00, 0x01, 0x10, 0x00, 0x00, 0x00,
  0x10, 0x00, 0x00, 0x00, 0x2b, 0x01, 0x00, 0x00, 0x3c, 0x00, 0x00, 0x00,
  0x24, 0x96, 0xff, 0xff, 0x2f, 0x00, 0x00, 0x00, 0x73, 0x65, 0x71, 0x75,
  0x65, 0x6e, 0x74, 0x69, 0x61, 0x6c, 0x5f, 0x31, 0x32, 0x32, 0x5f, 0x31,
  0x2f, 0x6c, 0x73, 0x74, 0x6d, 0x5f, 0x32, 0x5f, 0x31, 0x2f, 0x6c, 0x73,
  0x74, 0x6d, 0x5f, 0x63, 0x65, 0x6c, 0x6c, 0x5f, 0x33, 0x31, 0x2f, 0x4d,
  0x61, 0x74, 0x4d, 0x75, 0x6c, 0x5f, 0x31, 0x00, 0x02, 0x00, 0x00, 0x00,
  0x01, 0x00, 0x00, 0x00, 0x40, 0x00, 0x00, 0x00, 0x0e, 0x97, 0xff, 0xff,
  0x00, 0x00, 0x00, 0x01, 0x10, 0x00, 0x00, 0x00, 0x10, 0x00, 0x00, 0x00,
  0x2a, 0x01, 0x00, 0x00, 0x3c, 0x00, 0x00, 0x00, 0x80, 0x96, 0xff, 0xff,
  0x2c, 0x00, 0x00, 0x00, 0x73, 0x65, 0x71, 0x75, 0x65, 0x6e, 0x74, 0x69,
  0x61, 0x6c, 0x5f, 0x31, 0x32, 0x32, 0x5f, 0x31, 0x2f, 0x6c, 0x73, 0x74,
  0x6d, 0x5f, 0x32, 0x5f, 0x31, 0x2f, 0x6c, 0x73, 0x74, 0x6d, 0x5f, 0x63,
  0x65, 0x6c, 0x6c, 0x5f, 0x32, 0x39, 0x2f, 0x6d, 0x75, 0x6c, 0x5f, 0x32,
  0x00, 0x00, 0x00, 0x00, 0x02, 0x00, 0x00, 0x00, 0x01, 0x00, 0x00, 0x00,
  0x10, 0x00, 0x00, 0x00, 0x6a, 0x97, 0xff, 0xff, 0x00, 0x00, 0x00, 0x01,
  0x10, 0x00, 0x00, 0x00, 0x10, 0x00, 0x00, 0x00, 0x29, 0x01, 0x00, 0x00,
  0x3c, 0x00, 0x00, 0x00, 0xdc, 0x96, 0xff, 0xff, 0x2d, 0x00, 0x00, 0x00,
  0x73, 0x65, 0x71, 0x75, 0x65, 0x6e, 0x74, 0x69, 0x61, 0x6c, 0x5f, 0x31,
  0x32, 0x32, 0x5f, 0x31, 0x2f, 0x6c, 0x73, 0x74, 0x6d, 0x5f, 0x32, 0x5f,
  0x31, 0x2f, 0x6c, 0x73, 0x74, 0x6d, 0x5f, 0x63, 0x65, 0x6c, 0x6c, 0x5f,
  0x32, 0x39, 0x2f, 0x54, 0x61, 0x6e, 0x68, 0x5f, 0x31, 0x00, 0x00, 0x00,
  0x02, 0x00, 0x00, 0x00, 0x01, 0x00, 0x00, 0x00, 0x10, 0x00, 0x00, 0x00,
  0xc6, 0x97, 0xff, 0xff, 0x00, 0x00, 0x00, 0x01, 0x10, 0x00, 0x00, 0x00,
  0x10, 0x00, 0x00, 0x00, 0x28, 0x01, 0x00, 0x00, 0x38, 0x00, 0x00, 0x00,
  0x38, 0x97, 0xff, 0xff, 0x2a, 0x00, 0x00, 0x00, 0x73, 0x65, 0x71, 0x75,
  0x65, 0x6e, 0x74, 0x69, 0x61, 0x6c, 0x5f, 0x31, 0x32, 0x32, 0x5f, 0x31,
  0x2f, 0x6c, 0x73, 0x74, 0x6d, 0x5f, 0x32, 0x5f, 0x31, 0x2f, 0x6c, 0x73,
  0x74, 0x6d, 0x5f, 0x63, 0x65, 0x6c, 0x6c, 0x5f, 0x32, 0x39, 0x2f, 0x61,
  0x64, 0x64, 0x00, 0x00, 0x02, 0x00, 0x00, 0x00, 0x01, 0x00, 0x00, 0x00,
  0x10, 0x00, 0x00, 0x00, 0x1e, 0x98, 0xff, 0xff, 0x00, 0x00, 0x00, 0x01,
  0x10, 0x00, 0x00, 0x00, 0x10, 0x00, 0x00, 0x00, 0x27, 0x01, 0x00, 0x00,
  0x3c, 0x00, 0x00, 0x00, 0x90, 0x97, 0xff, 0xff, 0x2c, 0x00, 0x00, 0x00,
  0x73, 0x65, 0x71, 0x75, 0x65, 0x6e, 0x74, 0x69, 0x61, 0x6c, 0x5f, 0x31,
  0x32, 0x32, 0x5f, 0x31, 0x2f, 0x6c, 0x73, 0x74, 0x6d, 0x5f, 0x32, 0x5f,
  0x31, 0x2f, 0x6c, 0x73, 0x74, 0x6d, 0x5f, 0x63, 0x65, 0x6c, 0x6c, 0x5f,
  0x32, 0x39, 0x2f, 0x6d, 0x75, 0x6c, 0x5f, 0x31, 0x00, 0x00, 0x00, 0x00,
  0x02, 0x00, 0x00, 0x00, 0x01, 0x00, 0x00, 0x00, 0x10, 0x00, 0x00, 0x00,
  0x7a, 0x98, 0xff, 0xff, 0x00, 0x00, 0x00, 0x01, 0x10, 0x00, 0x00, 0x00,
  0x10, 0x00, 0x00, 0x00, 0x26, 0x01, 0x00, 0x00, 0x38, 0x00, 0x00, 0x00,
  0xec, 0x97, 0xff, 0xff, 0x2b, 0x00, 0x00, 0x00, 0x73, 0x65, 0x71, 0x75,
  0x65, 0x6e, 0x74, 0x69, 0x61, 0x6c, 0x5f, 0x31, 0x32, 0x32, 0x5f, 0x31,
  0x2f, 0x6c, 0x73, 0x74, 0x6d, 0x5f, 0x32, 0x5f, 0x31, 0x2f, 0x6c, 0x73,
  0x74, 0x6d, 0x5f, 0x63, 0x65, 0x6c, 0x6c, 0x5f, 0x32, 0x39, 0x2f, 0x54,
  0x61, 0x6e, 0x68, 0x00, 0x02, 0x00, 0x00, 0x00, 0x01, 0x00, 0x00, 0x00,
  0x10, 0x00, 0x00, 0x00, 0xd2, 0x98, 0xff, 0xff, 0x00, 0x00, 0x00, 0x01,
  0x10, 0x00, 0x00, 0x00, 0x10, 0x00, 0x00, 0x00, 0x25, 0x01, 0x00, 0x00,
  0x40, 0x00, 0x00, 0x00, 0x44, 0x98, 0xff, 0xff, 0x30, 0x00, 0x00, 0x00,
  0x73, 0x65, 0x71, 0x75, 0x65, 0x6e, 0x74, 0x69, 0x61, 0x6c, 0x5f, 0x31,
  0x32, 0x32, 0x5f, 0x31, 0x2f, 0x6c, 0x73, 0x74, 0x6d, 0x5f, 0x32, 0x5f,
  0x31, 0x2f, 0x6c, 0x73, 0x74, 0x6d, 0x5f, 0x63, 0x65, 0x6c, 0x6c, 0x5f,
  0x32, 0x39, 0x2f, 0x53, 0x69, 0x67, 0x6d, 0x6f, 0x69, 0x64, 0x5f, 0x32,
  0x00, 0x00, 0x00, 0x00, 0x02, 0x00, 0x00, 0x00, 0x01, 0x00, 0x00, 0x00,
  0x10, 0x00, 0x00, 0x00, 0x32, 0x99, 0xff, 0xff, 0x00, 0x00, 0x00, 0x01,
  0x10, 0x00, 0x00, 0x00, 0x10, 0x00, 0x00, 0x00, 0x24, 0x01, 0x00, 0x00,
  0x38, 0x00, 0x00, 0x00, 0xa4, 0x98, 0xff, 0xff, 0x2a, 0x00, 0x00, 0x00,
  0x73, 0x65, 0x71, 0x75, 0x65, 0x6e, 0x74, 0x69, 0x61, 0x6c, 0x5f, 0x31,
  0x32, 0x32, 0x5f, 0x31, 0x2f, 0x6c, 0x73, 0x74, 0x6d, 0x5f, 0x32, 0x5f,
  0x31, 0x2f, 0x6c, 0x73, 0x74, 0x6d, 0x5f, 0x63, 0x65, 0x6c, 0x6c, 0x5f,
  0x32, 0x39, 0x2f, 0x6d, 0x75, 0x6c, 0x00, 0x00, 0x02, 0x00, 0x00, 0x00,
  0x01, 0x00, 0x00, 0x00, 0x10, 0x00, 0x00, 0x00, 0x8a, 0x99, 0xff, 0xff,
  0x00, 0x00, 0x00, 0x01, 0x10, 0x00, 0x00, 0x00, 0x10, 0x00, 0x00, 0x00,
  0x23, 0x01, 0x00, 0x00, 0x40, 0x00, 0x00, 0x00, 0xfc, 0x98, 0xff, 0xff,
  0x30, 0x00, 0x00, 0x00, 0x73, 0x65, 0x71, 0x75, 0x65, 0x6e, 0x74, 0x69,
  0x61, 0x6c, 0x5f, 0x31, 0x32, 0x32, 0x5f, 0x31, 0x2f, 0x6c, 0x73, 0x74,
  0x6d, 0x5f, 0x32, 0x5f, 0x31, 0x2f, 0x6c, 0x73, 0x74, 0x6d, 0x5f, 0x63,
  0x65, 0x6c, 0x6c, 0x5f, 0x32, 0x39, 0x2f, 0x53, 0x69, 0x67, 0x6d, 0x6f,
  0x69, 0x64, 0x5f, 0x31, 0x00, 0x00, 0x00, 0x00, 0x02, 0x00, 0x00, 0x00,
  0x01, 0x00, 0x00, 0x00, 0x10, 0x00, 0x00, 0x00, 0xea, 0x99, 0xff, 0xff,
  0x00, 0x00, 0x00, 0x01, 0x10, 0x00, 0x00, 0x00, 0x10, 0x00, 0x00, 0x00,
  0x22, 0x01, 0x00, 0x00, 0x3c, 0x00, 0x00, 0x00, 0x5c, 0x99, 0xff, 0xff,
  0x2e, 0x00, 0x00, 0x00, 0x73, 0x65, 0x71, 0x75, 0x65, 0x6e, 0x74, 0x69,
  0x61, 0x6c, 0x5f, 0x31, 0x32, 0x32, 0x5f, 0x31, 0x2f, 0x6c, 0x73, 0x74,
  0x6d, 0x5f, 0x32, 0x5f, 0x31, 0x2f, 0x6c, 0x73, 0x74, 0x6d, 0x5f, 0x63,
  0x65, 0x6c, 0x6c, 0x5f, 0x32, 0x39, 0x2f, 0x53, 0x69, 0x67, 0x6d, 0x6f,
  0x69, 0x64, 0x00, 0x00, 0x02, 0x00, 0x00, 0x00, 0x01, 0x00, 0x00, 0x00,
  0x10, 0x00, 0x00, 0x00, 0x46, 0x9a, 0xff, 0xff, 0x00, 0x00, 0x00, 0x01,
  0x10, 0x00, 0x00, 0x00, 0x10, 0x00, 0x00, 0x00, 0x21, 0x01, 0x00, 0x00,
  0x3c, 0x00, 0x00, 0x00, 0xb8, 0x99, 0xff, 0xff, 0x2d, 0x00, 0x00, 0x00,
  0x73, 0x65, 0x71, 0x75, 0x65, 0x6e, 0x74, 0x69, 0x61, 0x6c, 0x5f, 0x31,
  0x32, 0x32, 0x5f, 0x31, 0x2f, 0x6c, 0x73, 0x74, 0x6d, 0x5f, 0x32, 0x5f,
  0x31, 0x2f, 0x6c, 0x73, 0x74, 0x6d, 0x5f, 0x63, 0x65, 0x6c, 0x6c, 0x5f,
  0x32, 0x39, 0x2f, 0x73, 0x70, 0x6c, 0x69, 0x74, 0x33, 0x00, 0x00, 0x00,
  0x02, 0x00, 0x00, 0x00, 0x01, 0x00, 0x00, 0x00, 0x10, 0x00, 0x00, 0x00,
  0xa2, 0x9a, 0xff, 0xff, 0x00, 0x00, 0x00, 0x01, 0x10, 0x00, 0x00, 0x00,
  0x10, 0x00, 0x00, 0x00, 0x20, 0x01, 0x00, 0x00, 0x3c, 0x00, 0x00, 0x00,
  0x14, 0x9a, 0xff, 0xff, 0x2d, 0x00, 0x00, 0x00, 0x73, 0x65, 0x71, 0x75,
  0x65, 0x6e, 0x74, 0x69, 0x61, 0x6c, 0x5f, 0x31, 0x32, 0x32, 0x5f, 0x31,
  0x2f, 0x6c, 0x73, 0x74, 0x6d, 0x5f, 0x32, 0x5f, 0x31, 0x2f, 0x6c, 0x73,
  0x74, 0x6d, 0x5f, 0x63, 0x65, 0x6c, 0x6c, 0x5f, 0x32, 0x39, 0x2f, 0x73,
  0x70, 0x6c, 0x69, 0x74, 0x32, 0x00, 0x00, 0x00, 0x02, 0x00, 0x00, 0x00,
  0x01, 0x00, 0x00, 0x00, 0x10, 0x00, 0x00, 0x00, 0xfe, 0x9a, 0xff, 0xff,
  0x00, 0x00, 0x00, 0x01, 0x10, 0x00, 0x00, 0x00, 0x10, 0x00, 0x00, 0x00,
  0x1f, 0x01, 0x00, 0x00, 0x3c, 0x00, 0x00, 0x00, 0x70, 0x9a, 0xff, 0xff,
  0x2d, 0x00, 0x00, 0x00, 0x73, 0x65, 0x71, 0x75, 0x65, 0x6e, 0x74, 0x69,
  0x61, 0x6c, 0x5f, 0x31, 0x32, 0x32, 0x5f, 0x31, 0x2f, 0x6c, 0x73, 0x74,
  0x6d, 0x5f, 0x32, 0x5f, 0x31, 0x2f, 0x6c, 0x73, 0x74, 0x6d, 0x5f, 0x63,
  0x65, 0x6c, 0x6c, 0x5f, 0x32, 0x39, 0x2f, 0x73, 0x70, 0x6c, 0x69, 0x74,
  0x31, 0x00, 0x00, 0x00, 0x02, 0x00, 0x00, 0x00, 0x01, 0x00, 0x00, 0x00,
  0x10, 0x00, 0x00, 0x00, 0x5a, 0x9b, 0xff, 0xff, 0x00, 0x00, 0x00, 0x01,
  0x10, 0x00, 0x00, 0x00, 0x10, 0x00, 0x00, 0x00, 0x1e, 0x01, 0x00, 0x00,
  0x3c, 0x00, 0x00, 0x00, 0xcc, 0x9a, 0xff, 0xff, 0x2c, 0x00, 0x00, 0x00,
  0x73, 0x65, 0x71, 0x75, 0x65, 0x6e, 0x74, 0x69, 0x61, 0x6c, 0x5f, 0x31,
  0x32, 0x32, 0x5f, 0x31, 0x2f, 0x6c, 0x73, 0x74, 0x6d, 0x5f, 0x32, 0x5f,
  0x31, 0x2f, 0x6c, 0x73, 0x74, 0x6d, 0x5f, 0x63, 0x65, 0x6c, 0x6c, 0x5f,
  0x32, 0x39, 0x2f, 0x73, 0x70, 0x6c, 0x69, 0x74, 0x00, 0x00, 0x00, 0x00,
  0x02, 0x00, 0x00, 0x00, 0x01, 0x00, 0x00, 0x00, 0x10, 0x00, 0x00, 0x00,
  0xb6, 0x9b, 0xff, 0xff, 0x00, 0x00, 0x00, 0x01, 0x10, 0x00, 0x00, 0x00,
  0x10, 0x00, 0x00, 0x00, 0x1d, 0x01, 0x00, 0x00, 0x40, 0x00, 0x00, 0x00,
  0x28, 0x9b, 0xff, 0xff, 0x30, 0x00, 0x00, 0x00, 0x73, 0x65, 0x71, 0x75,
  0x65, 0x6e, 0x74, 0x69, 0x61, 0x6c, 0x5f, 0x31, 0x32, 0x32, 0x5f, 0x31,
  0x2f, 0x6c, 0x73, 0x74, 0x6d, 0x5f, 0x32, 0x5f, 0x31, 0x2f, 0x6c, 0x73,
  0x74, 0x6d, 0x5f, 0x63, 0x65, 0x6c, 0x6c, 0x5f, 0x32, 0x39, 0x2f, 0x42,
  0x69, 0x61, 0x73, 0x41, 0x64, 0x64, 0x5f, 0x31, 0x00, 0x00, 0x00, 0x00,
  0x02, 0x00, 0x00, 0x00, 0x01, 0x00, 0x00, 0x00, 0x40, 0x00, 0x00, 0x00,
  0x16, 0x9c, 0xff, 0xff, 0x00, 0x00, 0x00, 0x01, 0x10, 0x00, 0x00, 0x00,
  0x10, 0x00, 0x00, 0x00, 0x1c, 0x01, 0x00, 0x00, 0x3c, 0x00, 0x00, 0x00,
  0x88, 0x9b, 0xff, 0xff, 0x2e, 0x00, 0x00, 0x00, 0x73, 0x65, 0x71, 0x75,
  0x65, 0x6e, 0x74, 0x69, 0x61, 0x6c, 0x5f, 0x31, 0x32, 0x32, 0x5f, 0x31,
  0x2f, 0x6c, 0x73, 0x74, 0x6d, 0x5f, 0x32, 0x5f, 0x31, 0x2f, 0x6c, 0x73,
  0x74, 0x6d, 0x5f, 0x63, 0x65, 0x6c, 0x6c, 0x5f, 0x32, 0x39, 0x2f, 0x42,
  0x69, 0x61, 0x73, 0x41, 0x64, 0x64, 0x00, 0x00, 0x02, 0x00, 0x00, 0x00,
  0x01, 0x00, 0x00, 0x00, 0x40, 0x00, 0x00, 0x00, 0x72, 0x9c, 0xff, 0xff,
  0x00, 0x00, 0x00, 0x01, 0x10, 0x00, 0x00, 0x00, 0x10, 0x00, 0x00, 0x00,
  0x1b, 0x01, 0x00, 0x00, 0x3c, 0x00, 0x00, 0x00, 0xe4, 0x9b, 0xff, 0xff,
  0x2e, 0x00, 0x00, 0x00, 0x73, 0x65, 0x71, 0x75, 0x65, 0x6e, 0x74, 0x69,
  0x61, 0x6c, 0x5f, 0x31, 0x32, 0x32, 0x5f, 0x31, 0x2f, 0x6c, 0x73, 0x74,
  0x6d, 0x5f, 0x32, 0x5f, 0x31, 0x2f, 0x6c, 0x73, 0x74, 0x6d, 0x5f, 0x63,
  0x65, 0x6c, 0x6c, 0x5f, 0x32, 0x39, 0x2f, 0x53, 0x71, 0x75, 0x65, 0x65,
  0x7a, 0x65, 0x00, 0x00, 0x01, 0x00, 0x00, 0x00, 0x40, 0x00, 0x00, 0x00,
  0xca, 0x9c, 0xff, 0xff, 0x00, 0x00, 0x00, 0x01, 0x10, 0x00, 0x00, 0x00,
  0x10, 0x00, 0x00, 0x00, 0x1a, 0x01, 0x00, 0x00, 0x3c, 0x00, 0x00, 0x00,
  0x3c, 0x9c, 0xff, 0xff, 0x2f, 0x00, 0x00, 0x00, 0x73, 0x65, 0x71, 0x75,
  0x65, 0x6e, 0x74, 0x69, 0x61, 0x6c, 0x5f, 0x31, 0x32, 0x32, 0x5f, 0x31,
  0x2f, 0x6c, 0x73, 0x74, 0x6d, 0x5f, 0x32, 0x5f, 0x31, 0x2f, 0x6c, 0x73,
  0x74, 0x6d, 0x5f, 0x63, 0x65, 0x6c, 0x6c, 0x5f, 0x32, 0x39, 0x2f, 0x4d,
  0x61, 0x74, 0x4d, 0x75, 0x6c, 0x5f, 0x31, 0x00, 0x02, 0x00, 0x00, 0x00,
  0x01, 0x00, 0x00, 0x00, 0x40, 0x00, 0x00, 0x00, 0x26, 0x9d, 0xff, 0xff,
  0x00, 0x00, 0x00, 0x01, 0x10, 0x00, 0x00, 0x00, 0x10, 0x00, 0x00, 0x00,
  0x19, 0x01, 0x00, 0x00, 0x3c, 0x00, 0x00, 0x00, 0x98, 0x9c, 0xff, 0xff,
  0x2c, 0x00, 0x00, 0x00, 0x73, 0x65, 0x71, 0x75, 0x65, 0x6e, 0x74, 0x69,
  0x61, 0x6c, 0x5f, 0x31, 0x32, 0x32, 0x5f, 0x31, 0x2f, 0x6c, 0x73, 0x74,
  0x6d, 0x5f, 0x32, 0x5f, 0x31, 0x2f, 0x6c, 0x73, 0x74, 0x6d, 0x5f, 0x63,
  0x65, 0x6c, 0x6c, 0x5f, 0x32, 0x37, 0x2f, 0x6d, 0x75, 0x6c, 0x5f, 0x32,
  0x00, 0x00, 0x00, 0x00, 0x02, 0x00, 0x00, 0x00, 0x01, 0x00, 0x00, 0x00,
  0x10, 0x00, 0x00, 0x00, 0x82, 0x9d, 0xff, 0xff, 0x00, 0x00, 0x00, 0x01,
  0x10, 0x00, 0x00, 0x00, 0x10, 0x00, 0x00, 0x00, 0x18, 0x01, 0x00, 0x00,
  0x3c, 0x00, 0x00, 0x00, 0xf4, 0x9c, 0xff, 0xff, 0x2d, 0x00, 0x00, 0x00,
  0x73, 0x65, 0x71, 0x75, 0x65, 0x6e, 0x74, 0x69, 0x61, 0x6c, 0x5f, 0x31,
  0x32, 0x32, 0x5f, 0x31, 0x2f, 0x6c, 0x73, 0x74, 0x6d, 0x5f, 0x32, 0x5f,
  0x31, 0x2f, 0x6c, 0x73, 0x74, 0x6d, 0x5f, 0x63, 0x65, 0x6c, 0x6c, 0x5f,
  0x32, 0x37, 0x2f, 0x54, 0x61, 0x6e, 0x68, 0x5f, 0x31, 0x00, 0x00, 0x00,
  0x02, 0x00, 0x00, 0x00, 0x01, 0x00, 0x00, 0x00, 0x10, 0x00, 0x00, 0x00,
  0xde, 0x9d, 0xff, 0xff, 0x00, 0x00, 0x00, 0x01, 0x10, 0x00, 0x00, 0x00,
  0x10, 0x00, 0x00, 0x00, 0x17, 0x01, 0x00, 0x00, 0x38, 0x00, 0x00, 0x00,
  0x50, 0x9d, 0xff, 0xff, 0x2a, 0x00, 0x00, 0x00, 0x73, 0x65, 0x71, 0x75,
  0x65, 0x6e, 0x74, 0x69, 0x61, 0x6c, 0x5f, 0x31, 0x32, 0x32, 0x5f, 0x31,
  0x2f, 0x6c, 0x73, 0x74, 0x6d, 0x5f, 0x32, 0x5f, 0x31, 0x2f, 0x6c, 0x73,
  0x74, 0x6d, 0x5f, 0x63, 0x65, 0x6c, 0x6c, 0x5f, 0x32, 0x37, 0x2f, 0x61,
  0x64, 0x64, 0x00, 0x00, 0x02, 0x00, 0x00, 0x00, 0x01, 0x00, 0x00, 0x00,
  0x10, 0x00, 0x00, 0x00, 0x36, 0x9e, 0xff, 0xff, 0x00, 0x00, 0x00, 0x01,
  0x10, 0x00, 0x00, 0x00, 0x10, 0x00, 0x00, 0x00, 0x16, 0x01, 0x00, 0x00,
  0x3c, 0x00, 0x00, 0x00, 0xa8, 0x9d, 0xff, 0xff, 0x2c, 0x00, 0x00, 0x00,
  0x73, 0x65, 0x71, 0x75, 0x65, 0x6e, 0x74, 0x69, 0x61, 0x6c, 0x5f, 0x31,
  0x32, 0x32, 0x5f, 0x31, 0x2f, 0x6c, 0x73, 0x74, 0x6d, 0x5f, 0x32, 0x5f,
  0x31, 0x2f, 0x6c, 0x73, 0x74, 0x6d, 0x5f, 0x63, 0x65, 0x6c, 0x6c, 0x5f,
  0x32, 0x37, 0x2f, 0x6d, 0x75, 0x6c, 0x5f, 0x31, 0x00, 0x00, 0x00, 0x00,
  0x02, 0x00, 0x00, 0x00, 0x01, 0x00, 0x00, 0x00, 0x10, 0x00, 0x00, 0x00,
  0x92, 0x9e, 0xff, 0xff, 0x00, 0x00, 0x00, 0x01, 0x10, 0x00, 0x00, 0x00,
  0x10, 0x00, 0x00, 0x00, 0x15, 0x01, 0x00, 0x00, 0x38, 0x00, 0x00, 0x00,
  0x04, 0x9e, 0xff, 0xff, 0x2b, 0x00, 0x00, 0x00, 0x73, 0x65, 0x71, 0x75,
  0x65, 0x6e, 0x74, 0x69, 0x61, 0x6c, 0x5f, 0x31, 0x32, 0x32, 0x5f, 0x31,
  0x2f, 0x6c, 0x73, 0x74, 0x6d, 0x5f, 0x32, 0x5f, 0x31, 0x2f, 0x6c, 0x73,
  0x74, 0x6d, 0x5f, 0x63, 0x65, 0x6c, 0x6c, 0x5f, 0x32, 0x37, 0x2f, 0x54,
  0x61, 0x6e, 0x68, 0x00, 0x02, 0x00, 0x00, 0x00, 0x01, 0x00, 0x00, 0x00,
  0x10, 0x00, 0x00, 0x00, 0xea, 0x9e, 0xff, 0xff, 0x00, 0x00, 0x00, 0x01,
  0x10, 0x00, 0x00, 0x00, 0x10, 0x00, 0x00, 0x00, 0x14, 0x01, 0x00, 0x00,
  0x40, 0x00, 0x00, 0x00, 0x5c, 0x9e, 0xff, 0xff, 0x30, 0x00, 0x00, 0x00,
  0x73, 0x65, 0x71, 0x75, 0x65, 0x6e, 0x74, 0x69, 0x61, 0x6c, 0x5f, 0x31,
  0x32, 0x32, 0x5f, 0x31, 0x2f, 0x6c, 0x73, 0x74, 0x6d, 0x5f, 0x32, 0x5f,
  0x31, 0x2f, 0x6c, 0x73, 0x74, 0x6d, 0x5f, 0x63, 0x65, 0x6c, 0x6c, 0x5f,
  0x32, 0x37, 0x2f, 0x53, 0x69, 0x67, 0x6d, 0x6f, 0x69, 0x64, 0x5f, 0x32,
  0x00, 0x00, 0x00, 0x00, 0x02, 0x00, 0x00, 0x00, 0x01, 0x00, 0x00, 0x00,
  0x10, 0x00, 0x00, 0x00, 0x4a, 0x9f, 0xff, 0xff, 0x00, 0x00, 0x00, 0x01,
  0x10, 0x00, 0x00, 0x00, 0x10, 0x00, 0x00, 0x00, 0x13, 0x01, 0x00, 0x00,
  0x38, 0x00, 0x00, 0x00, 0xbc, 0x9e, 0xff, 0xff, 0x2a, 0x00, 0x00, 0x00,
  0x73, 0x65, 0x71, 0x75, 0x65, 0x6e, 0x74, 0x69, 0x61, 0x6c, 0x5f, 0x31,
  0x32, 0x32, 0x5f, 0x31, 0x2f, 0x6c, 0x73, 0x74, 0x6d, 0x5f, 0x32, 0x5f,
  0x31, 0x2f, 0x6c, 0x73, 0x74, 0x6d, 0x5f, 0x63, 0x65, 0x6c, 0x6c, 0x5f,
  0x32, 0x37, 0x2f, 0x6d, 0x75, 0x6c, 0x00, 0x00, 0x02, 0x00, 0x00, 0x00,
  0x01, 0x00, 0x00, 0x00, 0x10, 0x00, 0x00, 0x00, 0xa2, 0x9f, 0xff, 0xff,
  0x00, 0x00, 0x00, 0x01, 0x10, 0x00, 0x00, 0x00, 0x10, 0x00, 0x00, 0x00,
  0x12, 0x01, 0x00, 0x00, 0x40, 0x00, 0x00, 0x00, 0x14, 0x9f, 0xff, 0xff,
  0x30, 0x00, 0x00, 0x00, 0x73, 0x65, 0x71, 0x75, 0x65, 0x6e, 0x74, 0x69,
  0x61, 0x6c, 0x5f, 0x31, 0x32, 0x32, 0x5f, 0x31, 0x2f, 0x6c, 0x73, 0x74,
  0x6d, 0x5f, 0x32, 0x5f, 0x31, 0x2f, 0x6c, 0x73, 0x74, 0x6d, 0x5f, 0x63,
  0x65, 0x6c, 0x6c, 0x5f, 0x32, 0x37, 0x2f, 0x53, 0x69, 0x67, 0x6d, 0x6f,
  0x69, 0x64, 0x5f, 0x31, 0x00, 0x00, 0x00, 0x00, 0x02, 0x00, 0x00, 0x00,
  0x01, 0x00, 0x00, 0x00, 0x10, 0x00, 0x00, 0x00, 0x02, 0xa0, 0xff, 0xff,
  0x00, 0x00, 0x00, 0x01, 0x10, 0x00, 0x00, 0x00, 0x10, 0x00, 0x00, 0x00,
  0x11, 0x01, 0x00, 0x00, 0x3c, 0x00, 0x00, 0x00, 0x74, 0x9f, 0xff, 0xff,
  0x2e, 0x00, 0x00, 0x00, 0x73, 0x65, 0x71, 0x75, 0x65, 0x6e, 0x74, 0x69,
  0x61, 0x6c, 0x5f, 0x31, 0x32, 0x32, 0x5f, 0x31, 0x2f, 0x6c, 0x73, 0x74,
  0x6d, 0x5f, 0x32, 0x5f, 0x31, 0x2f, 0x6c, 0x73, 0x74, 0x6d, 0x5f, 0x63,
  0x65, 0x6c, 0x6c, 0x5f, 0x32, 0x37, 0x2f, 0x53, 0x69, 0x67, 0x6d, 0x6f,
  0x69, 0x64, 0x00, 0x00, 0x02, 0x00, 0x00, 0x00, 0x01, 0x00, 0x00, 0x00,
  0x10, 0x00, 0x00, 0x00, 0x5e, 0xa0, 0xff, 0xff, 0x00, 0x00, 0x00, 0x01,
  0x10, 0x00, 0x00, 0x00, 0x10, 0x00, 0x00, 0x00, 0x10, 0x01, 0x00, 0x00,
  0x3c, 0x00, 0x00, 0x00, 0xd0, 0x9f, 0xff, 0xff, 0x2d, 0x00, 0x00, 0x00,
  0x73, 0x65, 0x71, 0x75, 0x65, 0x6e, 0x74, 0x69, 0x61, 0x6c, 0x5f, 0x31,
  0x32, 0x32, 0x5f, 0x31, 0x2f, 0x6c, 0x73, 0x74, 0x6d, 0x5f, 0x32, 0x5f,
  0x31, 0x2f, 0x6c, 0x73, 0x74, 0x6d, 0x5f, 0x63, 0x65, 0x6c, 0x6c, 0x5f,
  0x32, 0x37, 0x2f, 0x73, 0x70, 0x6c, 0x69, 0x74, 0x33, 0x00, 0x00, 0x00,
  0x02, 0x00, 0x00, 0x00, 0x01, 0x00, 0x00, 0x00, 0x10, 0x00, 0x00, 0x00,
  0xba, 0xa0, 0xff, 0xff, 0x00, 0x00, 0x00, 0x01, 0x10, 0x00, 0x00, 0x00,
  0x10, 0x00, 0x00, 0x00, 0x0f, 0x01, 0x00, 0x00, 0x3c, 0x00, 0x00, 0x00,
  0x2c, 0xa0, 0xff, 0xff, 0x2d, 0x00, 0x00, 0x00, 0x73, 0x65, 0x71, 0x75,
  0x65, 0x6e, 0x74, 0x69, 0x61, 0x6c, 0x5f, 0x31, 0x32, 0x32, 0x5f, 0x31,
  0x2f, 0x6c, 0x73, 0x74, 0x6d, 0x5f, 0x32, 0x5f, 0x31, 0x2f, 0x6c, 0x73,
  0x74, 0x6d, 0x5f, 0x63, 0x65, 0x6c, 0x6c, 0x5f, 0x32, 0x37, 0x2f, 0x73,
  0x70, 0x6c, 0x69, 0x74, 0x32, 0x00, 0x00, 0x00, 0x02, 0x00, 0x00, 0x00,
  0x01, 0x00, 0x00, 0x00, 0x10, 0x00, 0x00, 0x00, 0x16, 0xa1, 0xff, 0xff,
  0x00, 0x00, 0x00, 0x01, 0x10, 0x00, 0x00, 0x00, 0x10, 0x00, 0x00, 0x00,
  0x0e, 0x01, 0x00, 0x00, 0x3c, 0x00, 0x00, 0x00, 0x88, 0xa0, 0xff, 0xff,
  0x2d, 0x00, 0x00, 0x00, 0x73, 0x65, 0x71, 0x75, 0x65, 0x6e, 0x74, 0x69,
  0x61, 0x6c, 0x5f, 0x31, 0x32, 0x32, 0x5f, 0x31, 0x2f, 0x6c, 0x73, 0x74,
  0x6d, 0x5f, 0x32, 0x5f, 0x31, 0x2f, 0x6c, 0x73, 0x74, 0x6d, 0x5f, 0x63,
  0x65, 0x6c, 0x6c, 0x5f, 0x32, 0x37, 0x2f, 0x73, 0x70, 0x6c, 0x69, 0x74,
  0x31, 0x00, 0x00, 0x00, 0x02, 0x00, 0x00, 0x00, 0x01, 0x00, 0x00, 0x00,
  0x10, 0x00, 0x00, 0x00, 0x72, 0xa1, 0xff, 0xff, 0x00, 0x00, 0x00, 0x01,
  0x10, 0x00, 0x00, 0x00, 0x10, 0x00, 0x00, 0x00, 0x0d, 0x01, 0x00, 0x00,
  0x3c, 0x00, 0x00, 0x00, 0xe4, 0xa0, 0xff, 0xff, 0x2c, 0x00, 0x00, 0x00,
  0x73, 0x65, 0x71, 0x75, 0x65, 0x6e, 0x74, 0x69, 0x61, 0x6c, 0x5f, 0x31,
  0x32, 0x32, 0x5f, 0x31, 0x2f, 0x6c, 0x73, 0x74, 0x6d, 0x5f, 0x32, 0x5f,
  0x31, 0x2f, 0x6c, 0x73, 0x74, 0x6d, 0x5f, 0x63, 0x65, 0x6c, 0x6c, 0x5f,
  0x32, 0x37, 0x2f, 0x73, 0x70, 0x6c, 0x69, 0x74, 0x00, 0x00, 0x00, 0x00,
  0x02, 0x00, 0x00, 0x00, 0x01, 0x00, 0x00, 0x00, 0x10, 0x00, 0x00, 0x00,
  0xce, 0xa1, 0xff, 0xff, 0x00, 0x00, 0x00, 0x01, 0x10, 0x00, 0x00, 0x00,
  0x10, 0x00, 0x00, 0x00, 0x0c, 0x01, 0x00, 0x00, 0x40, 0x00, 0x00, 0x00,
  0x40, 0xa1, 0xff, 0xff, 0x30, 0x00, 0x00, 0x00, 0x73, 0x65, 0x71, 0x75,
  0x65, 0x6e, 0x74, 0x69, 0x61, 0x6c, 0x5f, 0x31, 0x32, 0x32, 0x5f, 0x31,
  0x2f, 0x6c, 0x73, 0x74, 0x6d, 0x5f, 0x32, 0x5f, 0x31, 0x2f, 0x6c, 0x73,
  0x74, 0x6d, 0x5f, 0x63, 0x65, 0x6c, 0x6c, 0x5f, 0x32, 0x37, 0x2f, 0x42,
  0x69, 0x61, 0x73, 0x41, 0x64, 0x64, 0x5f, 0x31, 0x00, 0x00, 0x00, 0x00,
  0x02, 0x00, 0x00, 0x00, 0x01, 0x00, 0x00, 0x00, 0x40, 0x00, 0x00, 0x00,
  0x2e, 0xa2, 0xff, 0xff, 0x00, 0x00, 0x00, 0x01, 0x10, 0x00, 0x00, 0x00,
  0x10, 0x00, 0x00, 0x00, 0x0b, 0x01, 0x00, 0x00, 0x3c, 0x00, 0x00, 0x00,
  0xa0, 0xa1, 0xff, 0xff, 0x2e, 0x00, 0x00, 0x00, 0x73, 0x65, 0x71, 0x75,
  0x65, 0x6e, 0x74, 0x69, 0x61, 0x6c, 0x5f, 0x31, 0x32, 0x32, 0x5f, 0x31,
  0x2f, 0x6c, 0x73, 0x74, 0x6d, 0x5f, 0x32, 0x5f, 0x31, 0x2f, 0x6c, 0x73,
  0x74, 0x6d, 0x5f, 0x63, 0x65, 0x6c, 0x6c, 0x5f, 0x32, 0x37, 0x2f, 0x42,
  0x69, 0x61, 0x73, 0x41, 0x64, 0x64, 0x00, 0x00, 0x02, 0x00, 0x00, 0x00,
  0x01, 0x00, 0x00, 0x00, 0x40, 0x00, 0x00, 0x00, 0x8a, 0xa2, 0xff, 0xff,
  0x00, 0x00, 0x00, 0x01, 0x10, 0x00, 0x00, 0x00, 0x10, 0x00, 0x00, 0x00,
  0x0a, 0x01, 0x00, 0x00, 0x3c, 0x00, 0x00, 0x00, 0xfc, 0xa1, 0xff, 0xff,
  0x2e, 0x00, 0x00, 0x00, 0x73, 0x65, 0x71, 0x75, 0x65, 0x6e, 0x74, 0x69,
  0x61, 0x6c, 0x5f, 0x31, 0x32, 0x32, 0x5f, 0x31, 0x2f, 0x6c, 0x73, 0x74,
  0x6d, 0x5f, 0x32, 0x5f, 0x31, 0x2f, 0x6c, 0x73, 0x74, 0x6d, 0x5f, 0x63,
  0x65, 0x6c, 0x6c, 0x5f, 0x32, 0x37, 0x2f, 0x53, 0x71, 0x75, 0x65, 0x65,
  0x7a, 0x65, 0x00, 0x00, 0x01, 0x00, 0x00, 0x00, 0x40, 0x00, 0x00, 0x00,
  0xe2, 0xa2, 0xff, 0xff, 0x00, 0x00, 0x00, 0x01, 0x10, 0x00, 0x00, 0x00,
  0x10, 0x00, 0x00, 0x00, 0x09, 0x01, 0x00, 0x00, 0x3c, 0x00, 0x00, 0x00,
  0x54, 0xa2, 0xff, 0xff, 0x2f, 0x00, 0x00, 0x00, 0x73, 0x65, 0x71, 0x75,
  0x65, 0x6e, 0x74, 0x69, 0x61, 0x6c, 0x5f, 0x31, 0x32, 0x32, 0x5f, 0x31,
  0x2f, 0x6c, 0x73, 0x74, 0x6d, 0x5f, 0x32, 0x5f, 0x31, 0x2f, 0x6c, 0x73,
  0x74, 0x6d, 0x5f, 0x63, 0x65, 0x6c, 0x6c, 0x5f, 0x32, 0x37, 0x2f, 0x4d,
  0x61, 0x74, 0x4d, 0x75, 0x6c, 0x5f, 0x31, 0x00, 0x02, 0x00, 0x00, 0x00,
  0x01, 0x00, 0x00, 0x00, 0x40, 0x00, 0x00, 0x00, 0x3e, 0xa3, 0xff, 0xff,
  0x00, 0x00, 0x00, 0x01, 0x10, 0x00, 0x00, 0x00, 0x10, 0x00, 0x00, 0x00,
  0x08, 0x01, 0x00, 0x00, 0x3c, 0x00, 0x00, 0x00, 0xb0, 0xa2, 0xff, 0xff,
  0x2c, 0x00, 0x00, 0x00, 0x73, 0x65, 0x71, 0x75, 0x65, 0x6e, 0x74, 0x69,
  0x61, 0x6c, 0x5f, 0x31, 0x32, 0x32, 0x5f, 0x31, 0x2f, 0x6c, 0x73, 0x74,
  0x6d, 0x5f, 0x32, 0x5f, 0x31, 0x2f, 0x6c, 0x73, 0x74, 0x6d, 0x5f, 0x63,
  0x65, 0x6c, 0x6c, 0x5f, 0x32, 0x35, 0x2f, 0x6d, 0x75, 0x6c, 0x5f, 0x32,
  0x00, 0x00, 0x00, 0x00, 0x02, 0x00, 0x00, 0x00, 0x01, 0x00, 0x00, 0x00,
  0x10, 0x00, 0x00, 0x00, 0x9a, 0xa3, 0xff, 0xff, 0x00, 0x00, 0x00, 0x01,
  0x10, 0x00, 0x00, 0x00, 0x10, 0x00, 0x00, 0x00, 0x07, 0x01, 0x00, 0x00,
  0x3c, 0x00, 0x00, 0x00, 0x0c, 0xa3, 0xff, 0xff, 0x2d, 0x00, 0x00, 0x00,
  0x73, 0x65, 0x71, 0x75, 0x65, 0x6e, 0x74, 0x69, 0x61, 0x6c, 0x5f, 0x31,
  0x32, 0x32, 0x5f, 0x31, 0x2f, 0x6c, 0x73, 0x74, 0x6d, 0x5f, 0x32, 0x5f,
  0x31, 0x2f, 0x6c, 0x73, 0x74, 0x6d, 0x5f, 0x63, 0x65, 0x6c, 0x6c, 0x5f,
  0x32, 0x35, 0x2f, 0x54, 0x61, 0x6e, 0x68, 0x5f, 0x31, 0x00, 0x00, 0x00,
  0x02, 0x00, 0x00, 0x00, 0x01, 0x00, 0x00, 0x00, 0x10, 0x00, 0x00, 0x00,
  0xf6, 0xa3, 0xff, 0xff, 0x00, 0x00, 0x00, 0x01, 0x10, 0x00, 0x00, 0x00,
  0x10, 0x00, 0x00, 0x00, 0x06, 0x01, 0x00, 0x00, 0x38, 0x00, 0x00, 0x00,
  0x68, 0xa3, 0xff, 0xff, 0x2a, 0x00, 0x00, 0x00, 0x73, 0x65, 0x71, 0x75,
  0x65, 0x6e, 0x74, 0x69, 0x61, 0x6c, 0x5f, 0x31, 0x32, 0x32, 0x5f, 0x31,
  0x2f, 0x6c, 0x73, 0x74, 0x6d, 0x5f, 0x32, 0x5f, 0x31, 0x2f, 0x6c, 0x73,
  0x74, 0x6d, 0x5f, 0x63, 0x65, 0x6c, 0x6c, 0x5f, 0x32, 0x35, 0x2f, 0x61,
  0x64, 0x64, 0x00, 0x00, 0x02, 0x00, 0x00, 0x00, 0x01, 0x00, 0x00, 0x00,
  0x10, 0x00, 0x00, 0x00, 0x4e, 0xa4, 0xff, 0xff, 0x00, 0x00, 0x00, 0x01,
  0x10, 0x00, 0x00, 0x00, 0x10, 0x00, 0x00, 0x00, 0x05, 0x01, 0x00, 0x00,
  0x3c, 0x00, 0x00, 0x00, 0xc0, 0xa3, 0xff, 0xff, 0x2c, 0x00, 0x00, 0x00,
  0x73, 0x65, 0x71, 0x75, 0x65, 0x6e, 0x74, 0x69, 0x61, 0x6c, 0x5f, 0x31,
  0x32, 0x32, 0x5f, 0x31, 0x2f, 0x6c, 0x73, 0x74, 0x6d, 0x5f, 0x32, 0x5f,
  0x31, 0x2f, 0x6c, 0x73, 0x74, 0x6d, 0x5f, 0x63, 0x65, 0x6c, 0x6c, 0x5f,
  0x32, 0x35, 0x2f, 0x6d, 0x75, 0x6c, 0x5f, 0x31, 0x00, 0x00, 0x00, 0x00,
  0x02, 0x00, 0x00, 0x00, 0x01, 0x00, 0x00, 0x00, 0x10, 0x00, 0x00, 0x00,
  0xaa, 0xa4, 0xff, 0xff, 0x00, 0x00, 0x00, 0x01, 0x10, 0x00, 0x00, 0x00,
  0x10, 0x00, 0x00, 0x00, 0x04, 0x01, 0x00, 0x00, 0x38, 0x00, 0x00, 0x00,
  0x1c, 0xa4, 0xff, 0xff, 0x2b, 0x00, 0x00, 0x00, 0x73, 0x65, 0x71, 0x75,
  0x65, 0x6e, 0x74, 0x69, 0x61, 0x6c, 0x5f, 0x31, 0x32, 0x32, 0x5f, 0x31,
  0x2f, 0x6c, 0x73, 0x74, 0x6d, 0x5f, 0x32, 0x5f, 0x31, 0x2f, 0x6c, 0x73,
  0x74, 0x6d, 0x5f, 0x63, 0x65, 0x6c, 0x6c, 0x5f, 0x32, 0x35, 0x2f, 0x54,
  0x61, 0x6e, 0x68, 0x00, 0x02, 0x00, 0x00, 0x00, 0x01, 0x00, 0x00, 0x00,
  0x10, 0x00, 0x00, 0x00, 0x02, 0xa5, 0xff, 0xff, 0x00, 0x00, 0x00, 0x01,
  0x10, 0x00, 0x00, 0x00, 0x10, 0x00, 0x00, 0x00, 0x03, 0x01, 0x00, 0x00,
  0x40, 0x00, 0x00, 0x00, 0x74, 0xa4, 0xff, 0xff, 0x30, 0x00, 0x00, 0x00,
  0x73, 0x65, 0x71, 0x75, 0x65, 0x6e, 0x74, 0x69, 0x61, 0x6c, 0x5f, 0x31,
  0x32, 0x32, 0x5f, 0x31, 0x2f, 0x6c, 0x73, 0x74, 0x6d, 0x5f, 0x32, 0x5f,
  0x31, 0x2f, 0x6c, 0x73, 0x74, 0x6d, 0x5f, 0x63, 0x65, 0x6c, 0x6c, 0x5f,
  0x32, 0x35, 0x2f, 0x53, 0x69, 0x67, 0x6d, 0x6f, 0x69, 0x64, 0x5f, 0x32,
  0x00, 0x00, 0x00, 0x00, 0x02, 0x00, 0x00, 0x00, 0x01, 0x00, 0x00, 0x00,
  0x10, 0x00, 0x00, 0x00, 0x62, 0xa5, 0xff, 0xff, 0x00, 0x00, 0x00, 0x01,
  0x10, 0x00, 0x00, 0x00, 0x10, 0x00, 0x00, 0x00, 0x02, 0x01, 0x00, 0x00,
  0x38, 0x00, 0x00, 0x00, 0xd4, 0xa4, 0xff, 0xff, 0x2a, 0x00, 0x00, 0x00,
  0x73, 0x65, 0x71, 0x75, 0x65, 0x6e, 0x74, 0x69, 0x61, 0x6c, 0x5f, 0x31,
  0x32, 0x32, 0x5f, 0x31, 0x2f, 0x6c, 0x73, 0x74, 0x6d, 0x5f, 0x32, 0x5f,
  0x31, 0x2f, 0x6c, 0x73, 0x74, 0x6d, 0x5f, 0x63, 0x65, 0x6c, 0x6c, 0x5f,
  0x32, 0x35, 0x2f, 0x6d, 0x75, 0x6c, 0x00, 0x00, 0x02, 0x00, 0x00, 0x00,
  0x01, 0x00, 0x00, 0x00, 0x10, 0x00, 0x00, 0x00, 0xba, 0xa5, 0xff, 0xff,
  0x00, 0x00, 0x00, 0x01, 0x10, 0x00, 0x00, 0x00, 0x10, 0x00, 0x00, 0x00,
  0x01, 0x01, 0x00, 0x00, 0x40, 0x00, 0x00, 0x00, 0x2c, 0xa5, 0xff, 0xff,
  0x30, 0x00, 0x00, 0x00, 0x73, 0x65, 0x71, 0x75, 0x65, 0x6e, 0x74, 0x69,
  0x61, 0x6c, 0x5f, 0x31, 0x32, 0x32, 0x5f, 0x31, 0x2f, 0x6c, 0x73, 0x74,
  0x6d, 0x5f, 0x32, 0x5f, 0x31, 0x2f, 0x6c, 0x73, 0x74, 0x6d, 0x5f, 0x63,
  0x65, 0x6c, 0x6c, 0x5f, 0x32, 0x35, 0x2f, 0x53, 0x69, 0x67, 0x6d, 0x6f,
  0x69, 0x64, 0x5f, 0x31, 0x00, 0x00, 0x00, 0x00, 0x02, 0x00, 0x00, 0x00,
  0x01, 0x00, 0x00, 0x00, 0x10, 0x00, 0x00, 0x00, 0x1a, 0xa6, 0xff, 0xff,
  0x00, 0x00, 0x00, 0x01, 0x10, 0x00, 0x00, 0x00, 0x10, 0x00, 0x00, 0x00,
  0x00, 0x01, 0x00, 0x00, 0x3c, 0x00, 0x00, 0x00, 0x8c, 0xa5, 0xff, 0xff,
  0x2e, 0x00, 0x00, 0x00, 0x73, 0x65, 0x71, 0x75, 0x65, 0x6e, 0x74, 0x69,
  0x61, 0x6c, 0x5f, 0x31, 0x32, 0x32, 0x5f, 0x31, 0x2f, 0x6c, 0x73, 0x74,
  0x6d, 0x5f, 0x32, 0x5f, 0x31, 0x2f, 0x6c, 0x73, 0x74, 0x6d, 0x5f, 0x63,
  0x65, 0x6c, 0x6c, 0x5f, 0x32, 0x35, 0x2f, 0x53, 0x69, 0x67, 0x6d, 0x6f,
  0x69, 0x64, 0x00, 0x00, 0x02, 0x00, 0x00, 0x00, 0x01, 0x00, 0x00, 0x00,
  0x10, 0x00, 0x00, 0x00, 0x76, 0xa6, 0xff, 0xff, 0x00, 0x00, 0x00, 0x01,
  0x10, 0x00, 0x00, 0x00, 0x10, 0x00, 0x00, 0x00, 0xff, 0x00, 0x00, 0x00,
  0x3c, 0x00, 0x00, 0x00, 0xe8, 0xa5, 0xff, 0xff, 0x2d, 0x00, 0x00, 0x00,
  0x73, 0x65, 0x71, 0x75, 0x65, 0x6e, 0x74, 0x69, 0x61, 0x6c, 0x5f, 0x31,
  0x32, 0x32, 0x5f, 0x31, 0x2f, 0x6c, 0x73, 0x74, 0x6d, 0x5f, 0x32, 0x5f,
  0x31, 0x2f, 0x6c, 0x73, 0x74, 0x6d, 0x5f, 0x63, 0x65, 0x6c, 0x6c, 0x5f,
  0x32, 0x35, 0x2f, 0x73, 0x70, 0x6c, 0x69, 0x74, 0x33, 0x00, 0x00, 0x00,
  0x02, 0x00, 0x00, 0x00, 0x01, 0x00, 0x00, 0x00, 0x10, 0x00, 0x00, 0x00,
  0xd2, 0xa6, 0xff, 0xff, 0x00, 0x00, 0x00, 0x01, 0x10, 0x00, 0x00, 0x00,
  0x10, 0x00, 0x00, 0x00, 0xfe, 0x00, 0x00, 0x00, 0x3c, 0x00, 0x00, 0x00,
  0x44, 0xa6, 0xff, 0xff, 0x2d, 0x00, 0x00, 0x00, 0x73, 0x65, 0x71, 0x75,
  0x65, 0x6e, 0x74, 0x69, 0x61, 0x6c, 0x5f, 0x31, 0x32, 0x32, 0x5f, 0x31,
  0x2f, 0x6c, 0x73, 0x74, 0x6d, 0x5f, 0x32, 0x5f, 0x31, 0x2f, 0x6c, 0x73,
  0x74, 0x6d, 0x5f, 0x63, 0x65, 0x6c, 0x6c, 0x5f, 0x32, 0x35, 0x2f, 0x73,
  0x70, 0x6c, 0x69, 0x74, 0x32, 0x00, 0x00, 0x00, 0x02, 0x00, 0x00, 0x00,
  0x01, 0x00, 0x00, 0x00, 0x10, 0x00, 0x00, 0x00, 0x2e, 0xa7, 0xff, 0xff,
  0x00, 0x00, 0x00, 0x01, 0x10, 0x00, 0x00, 0x00, 0x10, 0x00, 0x00, 0x00,
  0xfd, 0x00, 0x00, 0x00, 0x3c, 0x00, 0x00, 0x00, 0xa0, 0xa6, 0xff, 0xff,
  0x2d, 0x00, 0x00, 0x00, 0x73, 0x65, 0x71, 0x75, 0x65, 0x6e, 0x74, 0x69,
  0x61, 0x6c, 0x5f, 0x31, 0x32, 0x32, 0x5f, 0x31, 0x2f, 0x6c, 0x73, 0x74,
  0x6d, 0x5f, 0x32, 0x5f, 0x31, 0x2f, 0x6c, 0x73, 0x74, 0x6d, 0x5f, 0x63,
  0x65, 0x6c, 0x6c, 0x5f, 0x32, 0x35, 0x2f, 0x73, 0x70, 0x6c, 0x69, 0x74,
  0x31, 0x00, 0x00, 0x00, 0x02, 0x00, 0x00, 0x00, 0x01, 0x00, 0x00, 0x00,
  0x10, 0x00, 0x00, 0x00, 0x8a, 0xa7, 0xff, 0xff, 0x00, 0x00, 0x00, 0x01,
  0x10, 0x00, 0x00, 0x00, 0x10, 0x00, 0x00, 0x00, 0xfc, 0x00, 0x00, 0x00,
  0x3c, 0x00, 0x00, 0x00, 0xfc, 0xa6, 0xff, 0xff, 0x2c, 0x00, 0x00, 0x00,
  0x73, 0x65, 0x71, 0x75, 0x65, 0x6e, 0x74, 0x69, 0x61, 0x6c, 0x5f, 0x31,
  0x32, 0x32, 0x5f, 0x31, 0x2f, 0x6c, 0x73, 0x74, 0x6d, 0x5f, 0x32, 0x5f,
  0x31, 0x2f, 0x6c, 0x73, 0x74, 0x6d, 0x5f, 0x63, 0x65, 0x6c, 0x6c, 0x5f,
  0x32, 0x35, 0x2f, 0x73, 0x70, 0x6c, 0x69, 0x74, 0x00, 0x00, 0x00, 0x00,
  0x02, 0x00, 0x00, 0x00, 0x01, 0x00, 0x00, 0x00, 0x10, 0x00, 0x00, 0x00,
  0xe6, 0xa7, 0xff, 0xff, 0x00, 0x00, 0x00, 0x01, 0x10, 0x00, 0x00, 0x00,
  0x10, 0x00, 0x00, 0x00, 0xfb, 0x00, 0x00, 0x00, 0x40, 0x00, 0x00, 0x00,
  0x58, 0xa7, 0xff, 0xff, 0x30, 0x00, 0x00, 0x00, 0x73, 0x65, 0x71, 0x75,
  0x65, 0x6e, 0x74, 0x69, 0x61, 0x6c, 0x5f, 0x31, 0x32, 0x32, 0x5f, 0x31,
  0x2f, 0x6c, 0x73, 0x74, 0x6d, 0x5f, 0x32, 0x5f, 0x31, 0x2f, 0x6c, 0x73,
  0x74, 0x6d, 0x5f, 0x63, 0x65, 0x6c, 0x6c, 0x5f, 0x32, 0x35, 0x2f, 0x42,
  0x69, 0x61, 0x73, 0x41, 0x64, 0x64, 0x5f, 0x31, 0x00, 0x00, 0x00, 0x00,
  0x02, 0x00, 0x00, 0x00, 0x01, 0x00, 0x00, 0x00, 0x40, 0x00, 0x00, 0x00,
  0x46, 0xa8, 0xff, 0xff, 0x00, 0x00, 0x00, 0x01, 0x10, 0x00, 0x00, 0x00,
  0x10, 0x00, 0x00, 0x00, 0xfa, 0x00, 0x00, 0x00, 0x3c, 0x00, 0x00, 0x00,
  0xb8, 0xa7, 0xff, 0xff, 0x2e, 0x00, 0x00, 0x00, 0x73, 0x65, 0x71, 0x75,
  0x65, 0x6e, 0x74, 0x69, 0x61, 0x6c, 0x5f, 0x31, 0x32, 0x32, 0x5f, 0x31,
  0x2f, 0x6c, 0x73, 0x74, 0x6d, 0x5f, 0x32, 0x5f, 0x31, 0x2f, 0x6c, 0x73,
  0x74, 0x6d, 0x5f, 0x63, 0x65, 0x6c, 0x6c, 0x5f, 0x32, 0x35, 0x2f, 0x42,
  0x69, 0x61, 0x73, 0x41, 0x64, 0x64, 0x00, 0x00, 0x02, 0x00, 0x00, 0x00,
  0x01, 0x00, 0x00, 0x00, 0x40, 0x00, 0x00, 0x00, 0xa2, 0xa8, 0xff, 0xff,
  0x00, 0x00, 0x00, 0x01, 0x10, 0x00, 0x00, 0x00, 0x10, 0x00, 0x00, 0x00,
  0xf9, 0x00, 0x00, 0x00, 0x3c, 0x00, 0x00, 0x00, 0x14, 0xa8, 0xff, 0xff,
  0x2e, 0x00, 0x00, 0x00, 0x73, 0x65, 0x71, 0x75, 0x65, 0x6e, 0x74, 0x69,
  0x61, 0x6c, 0x5f, 0x31, 0x32, 0x32, 0x5f, 0x31, 0x2f, 0x6c, 0x73, 0x74,
  0x6d, 0x5f, 0x32, 0x5f, 0x31, 0x2f, 0x6c, 0x73, 0x74, 0x6d, 0x5f, 0x63,
  0x65, 0x6c, 0x6c, 0x5f, 0x32, 0x35, 0x2f, 0x53, 0x71, 0x75, 0x65, 0x65,
  0x7a, 0x65, 0x00, 0x00, 0x01, 0x00, 0x00, 0x00, 0x40, 0x00, 0x00, 0x00,
  0xfa, 0xa8, 0xff, 0xff, 0x00, 0x00, 0x00, 0x01, 0x10, 0x00, 0x00, 0x00,
  0x10, 0x00, 0x00, 0x00, 0xf8, 0x00, 0x00, 0x00, 0x3c, 0x00, 0x00, 0x00,
  0x6c, 0xa8, 0xff, 0xff, 0x2f, 0x00, 0x00, 0x00, 0x73, 0x65, 0x71, 0x75,
  0x65, 0x6e, 0x74, 0x69, 0x61, 0x6c, 0x5f, 0x31, 0x32, 0x32, 0x5f, 0x31,
  0x2f, 0x6c, 0x73, 0x74, 0x6d, 0x5f, 0x32, 0x5f, 0x31, 0x2f, 0x6c, 0x73,
  0x74, 0x6d, 0x5f, 0x63, 0x65, 0x6c, 0x6c, 0x5f, 0x32, 0x35, 0x2f, 0x4d,
  0x61, 0x74, 0x4d, 0x75, 0x6c, 0x5f, 0x31, 0x00, 0x02, 0x00, 0x00, 0x00,
  0x01, 0x00, 0x00, 0x00, 0x40, 0x00, 0x00, 0x00, 0x56, 0xa9, 0xff, 0xff,
  0x00, 0x00, 0x00, 0x01, 0x10, 0x00, 0x00, 0x00, 0x10, 0x00, 0x00, 0x00,
  0xf7, 0x00, 0x00, 0x00, 0x3c, 0x00, 0x00, 0x00, 0xc8, 0xa8, 0xff, 0xff,
  0x2c, 0x00, 0x00, 0x00, 0x73, 0x65, 0x71, 0x75, 0x65, 0x6e, 0x74, 0x69,
  0x61, 0x6c, 0x5f, 0x31, 0x32, 0x32, 0x5f, 0x31, 0x2f, 0x6c, 0x73, 0x74,
  0x6d, 0x5f, 0x32, 0x5f, 0x31, 0x2f, 0x6c, 0x73, 0x74, 0x6d, 0x5f, 0x63,
  0x65, 0x6c, 0x6c, 0x5f, 0x32, 0x33, 0x2f, 0x6d, 0x75, 0x6c, 0x5f, 0x32,
  0x00, 0x00, 0x00, 0x00, 0x02, 0x00, 0x00, 0x00, 0x01, 0x00, 0x00, 0x00,
  0x10, 0x00, 0x00, 0x00, 0xb2, 0xa9, 0xff, 0xff, 0x00, 0x00, 0x00, 0x01,
  0x10, 0x00, 0x00, 0x00, 0x10, 0x00, 0x00, 0x00, 0xf6, 0x00, 0x00, 0x00,
  0x3c, 0x00, 0x00, 0x00, 0x24, 0xa9, 0xff, 0xff, 0x2d, 0x00, 0x00, 0x00,
  0x73, 0x65, 0x71, 0x75, 0x65, 0x6e, 0x74, 0x69, 0x61, 0x6c, 0x5f, 0x31,
  0x32, 0x32, 0x5f, 0x31, 0x2f, 0x6c, 0x73, 0x74, 0x6d, 0x5f, 0x32, 0x5f,
  0x31, 0x2f, 0x6c, 0x73, 0x74, 0x6d, 0x5f, 0x63, 0x65, 0x6c, 0x6c, 0x5f,
  0x32, 0x33, 0x2f, 0x54, 0x61, 0x6e, 0x68, 0x5f, 0x31, 0x00, 0x00, 0x00,
  0x02, 0x00, 0x00, 0x00, 0x01, 0x00, 0x00, 0x00, 0x10, 0x00, 0x00, 0x00,
  0x0e, 0xaa, 0xff, 0xff, 0x00, 0x00, 0x00, 0x01, 0x10, 0x00, 0x00, 0x00,
  0x10, 0x00, 0x00, 0x00, 0xf5, 0x00, 0x00, 0x00, 0x38, 0x00, 0x00, 0x00,
  0x80, 0xa9, 0xff, 0xff, 0x2a, 0x00, 0x00, 0x00, 0x73, 0x65, 0x71, 0x75,
  0x65, 0x6e, 0x74, 0x69, 0x61, 0x6c, 0x5f, 0x31, 0x32, 0x32, 0x5f, 0x31,
  0x2f, 0x6c, 0x73, 0x74, 0x6d, 0x5f, 0x32, 0x5f, 0x31, 0x2f, 0x6c, 0x73,
  0x74, 0x6d, 0x5f, 0x63, 0x65, 0x6c, 0x6c, 0x5f, 0x32, 0x33, 0x2f, 0x61,
  0x64, 0x64, 0x00, 0x00, 0x02, 0x00, 0x00, 0x00, 0x01, 0x00, 0x00, 0x00,
  0x10, 0x00, 0x00, 0x00, 0x66, 0xaa, 0xff, 0xff, 0x00, 0x00, 0x00, 0x01,
  0x10, 0x00, 0x00, 0x00, 0x10, 0x00, 0x00, 0x00, 0xf4, 0x00, 0x00, 0x00,
  0x3c, 0x00, 0x00, 0x00, 0xd8, 0xa9, 0xff, 0xff, 0x2c, 0x00, 0x00, 0x00,
  0x73, 0x65, 0x71, 0x75, 0x65, 0x6e, 0x74, 0x69, 0x61, 0x6c, 0x5f, 0x31,
  0x32, 0x32, 0x5f, 0x31, 0x2f, 0x6c, 0x73, 0x74, 0x6d, 0x5f, 0x32, 0x5f,
  0x31, 0x2f, 0x6c, 0x73, 0x74, 0x6d, 0x5f, 0x63, 0x65, 0x6c, 0x6c, 0x5f,
  0x32, 0x33, 0x2f, 0x6d, 0x75, 0x6c, 0x5f, 0x31, 0x00, 0x00, 0x00, 0x00,
  0x02, 0x00, 0x00, 0x00, 0x01, 0x00, 0x00, 0x00, 0x10, 0x00, 0x00, 0x00,
  0xc2, 0xaa, 0xff, 0xff, 0x00, 0x00, 0x00, 0x01, 0x10, 0x00, 0x00, 0x00,
  0x10, 0x00, 0x00, 0x00, 0xf3, 0x00, 0x00, 0x00, 0x38, 0x00, 0x00, 0x00,
  0x34, 0xaa, 0xff, 0xff, 0x2b, 0x00, 0x00, 0x00, 0x73, 0x65, 0x71, 0x75,
  0x65, 0x6e, 0x74, 0x69, 0x61, 0x6c, 0x5f, 0x31, 0x32, 0x32, 0x5f, 0x31,
  0x2f, 0x6c, 0x73, 0x74, 0x6d, 0x5f, 0x32, 0x5f, 0x31, 0x2f, 0x6c, 0x73,
  0x74, 0x6d, 0x5f, 0x63, 0x65, 0x6c, 0x6c, 0x5f, 0x32, 0x33, 0x2f, 0x54,
  0x61, 0x6e, 0x68, 0x00, 0x02, 0x00, 0x00, 0x00, 0x01, 0x00, 0x00, 0x00,
  0x10, 0x00, 0x00, 0x00, 0x1a, 0xab, 0xff, 0xff, 0x00, 0x00, 0x00, 0x01,
  0x10, 0x00, 0x00, 0x00, 0x10, 0x00, 0x00, 0x00, 0xf2, 0x00, 0x00, 0x00,
  0x40, 0x00, 0x00, 0x00, 0x8c, 0xaa, 0xff, 0xff, 0x30, 0x00, 0x00, 0x00,
  0x73, 0x65, 0x71, 0x75, 0x65, 0x6e, 0x74, 0x69, 0x61, 0x6c, 0x5f, 0x31,
  0x32, 0x32, 0x5f, 0x31, 0x2f, 0x6c, 0x73, 0x74, 0x6d, 0x5f, 0x32, 0x5f,
  0x31, 0x2f, 0x6c, 0x73, 0x74, 0x6d, 0x5f, 0x63, 0x65, 0x6c, 0x6c, 0x5f,
  0x32, 0x33, 0x2f, 0x53, 0x69, 0x67, 0x6d, 0x6f, 0x69, 0x64, 0x5f, 0x32,
  0x00, 0x00, 0x00, 0x00, 0x02, 0x00, 0x00, 0x00, 0x01, 0x00, 0x00, 0x00,
  0x10, 0x00, 0x00, 0x00, 0x7a, 0xab, 0xff, 0xff, 0x00, 0x00, 0x00, 0x01,
  0x10, 0x00, 0x00, 0x00, 0x10, 0x00, 0x00, 0x00, 0xf1, 0x00, 0x00, 0x00,
  0x38, 0x00, 0x00, 0x00, 0xec, 0xaa, 0xff, 0xff, 0x2a, 0x00, 0x00, 0x00,
  0x73, 0x65, 0x71, 0x75, 0x65, 0x6e, 0x74, 0x69, 0x61, 0x6c, 0x5f, 0x31,
  0x32, 0x32, 0x5f, 0x31, 0x2f, 0x6c, 0x73, 0x74, 0x6d, 0x5f, 0x32, 0x5f,
  0x31, 0x2f, 0x6c, 0x73, 0x74, 0x6d, 0x5f, 0x63, 0x65, 0x6c, 0x6c, 0x5f,
  0x32, 0x33, 0x2f, 0x6d, 0x75, 0x6c, 0x00, 0x00, 0x02, 0x00, 0x00, 0x00,
  0x01, 0x00, 0x00, 0x00, 0x10, 0x00, 0x00, 0x00, 0xd2, 0xab, 0xff, 0xff,
  0x00, 0x00, 0x00, 0x01, 0x10, 0x00, 0x00, 0x00, 0x10, 0x00, 0x00, 0x00,
  0xf0, 0x00, 0x00, 0x00, 0x40, 0x00, 0x00, 0x00, 0x44, 0xab, 0xff, 0xff,
  0x30, 0x00, 0x00, 0x00, 0x73, 0x65, 0x71, 0x75, 0x65, 0x6e, 0x74, 0x69,
  0x61, 0x6c, 0x5f, 0x31, 0x32, 0x32, 0x5f, 0x31, 0x2f, 0x6c, 0x73, 0x74,
  0x6d, 0x5f, 0x32, 0x5f, 0x31, 0x2f, 0x6c, 0x73, 0x74, 0x6d, 0x5f, 0x63,
  0x65, 0x6c, 0x6c, 0x5f, 0x32, 0x33, 0x2f, 0x53, 0x69, 0x67, 0x6d, 0x6f,
  0x69, 0x64, 0x5f, 0x31, 0x00, 0x00, 0x00, 0x00, 0x02, 0x00, 0x00, 0x00,
  0x01, 0x00, 0x00, 0x00, 0x10, 0x00, 0x00, 0x00, 0x32, 0xac, 0xff, 0xff,
  0x00, 0x00, 0x00, 0x01, 0x10, 0x00, 0x00, 0x00, 0x10, 0x00, 0x00, 0x00,
  0xef, 0x00, 0x00, 0x00, 0x3c, 0x00, 0x00, 0x00, 0xa4, 0xab, 0xff, 0xff,
  0x2e, 0x00, 0x00, 0x00, 0x73, 0x65, 0x71, 0x75, 0x65, 0x6e, 0x74, 0x69,
  0x61, 0x6c, 0x5f, 0x31, 0x32, 0x32, 0x5f, 0x31, 0x2f, 0x6c, 0x73, 0x74,
  0x6d, 0x5f, 0x32, 0x5f, 0x31, 0x2f, 0x6c, 0x73, 0x74, 0x6d, 0x5f, 0x63,
  0x65, 0x6c, 0x6c, 0x5f, 0x32, 0x33, 0x2f, 0x53, 0x69, 0x67, 0x6d, 0x6f,
  0x69, 0x64, 0x00, 0x00, 0x02, 0x00, 0x00, 0x00, 0x01, 0x00, 0x00, 0x00,
  0x10, 0x00, 0x00, 0x00, 0x8e, 0xac, 0xff, 0xff, 0x00, 0x00, 0x00, 0x01,
  0x10, 0x00, 0x00, 0x00, 0x10, 0x00, 0x00, 0x00, 0xee, 0x00, 0x00, 0x00,
  0x3c, 0x00, 0x00, 0x00, 0x00, 0xac, 0xff, 0xff, 0x2d, 0x00, 0x00, 0x00,
  0x73, 0x65, 0x71, 0x75, 0x65, 0x6e, 0x74, 0x69, 0x61, 0x6c, 0x5f, 0x31,
  0x32, 0x32, 0x5f, 0x31, 0x2f, 0x6c, 0x73, 0x74, 0x6d, 0x5f, 0x32, 0x5f,
  0x31, 0x2f, 0x6c, 0x73, 0x74, 0x6d, 0x5f, 0x63, 0x65, 0x6c, 0x6c, 0x5f,
  0x32, 0x33, 0x2f, 0x73, 0x70, 0x6c, 0x69, 0x74, 0x33, 0x00, 0x00, 0x00,
  0x02, 0x00, 0x00, 0x00, 0x01, 0x00, 0x00, 0x00, 0x10, 0x00, 0x00, 0x00,
  0xea, 0xac, 0xff, 0xff, 0x00, 0x00, 0x00, 0x01, 0x10, 0x00, 0x00, 0x00,
  0x10, 0x00, 0x00, 0x00, 0xed, 0x00, 0x00, 0x00, 0x3c, 0x00, 0x00, 0x00,
  0x5c, 0xac, 0xff, 0xff, 0x2d, 0x00, 0x00, 0x00, 0x73, 0x65, 0x71, 0x75,
  0x65, 0x6e, 0x74, 0x69, 0x61, 0x6c, 0x5f, 0x31, 0x32, 0x32, 0x5f, 0x31,
  0x2f, 0x6c, 0x73, 0x74, 0x6d, 0x5f, 0x32, 0x5f, 0x31, 0x2f, 0x6c, 0x73,
  0x74, 0x6d, 0x5f, 0x63, 0x65, 0x6c, 0x6c, 0x5f, 0x32, 0x33, 0x2f, 0x73,
  0x70, 0x6c, 0x69, 0x74, 0x32, 0x00, 0x00, 0x00, 0x02, 0x00, 0x00, 0x00,
  0x01, 0x00, 0x00, 0x00, 0x10, 0x00, 0x00, 0x00, 0x46, 0xad, 0xff, 0xff,
  0x00, 0x00, 0x00, 0x01, 0x10, 0x00, 0x00, 0x00, 0x10, 0x00, 0x00, 0x00,
  0xec, 0x00, 0x00, 0x00, 0x3c, 0x00, 0x00, 0x00, 0xb8, 0xac, 0xff, 0xff,
  0x2d, 0x00, 0x00, 0x00, 0x73, 0x65, 0x71, 0x75, 0x65, 0x6e, 0x74, 0x69,
  0x61, 0x6c, 0x5f, 0x31, 0x32, 0x32, 0x5f, 0x31, 0x2f, 0x6c, 0x73, 0x74,
  0x6d, 0x5f, 0x32, 0x5f, 0x31, 0x2f, 0x6c, 0x73, 0x74, 0x6d, 0x5f, 0x63,
  0x65, 0x6c, 0x6c, 0x5f, 0x32, 0x33, 0x2f, 0x73, 0x70, 0x6c, 0x69, 0x74,
  0x31, 0x00, 0x00, 0x00, 0x02, 0x00, 0x00, 0x00, 0x01, 0x00, 0x00, 0x00,
  0x10, 0x00, 0x00, 0x00, 0xa2, 0xad, 0xff, 0xff, 0x00, 0x00, 0x00, 0x01,
  0x10, 0x00, 0x00, 0x00, 0x10, 0x00, 0x00, 0x00, 0xeb, 0x00, 0x00, 0x00,
  0x3c, 0x00, 0x00, 0x00, 0x14, 0xad, 0xff, 0xff, 0x2c, 0x00, 0x00, 0x00,
  0x73, 0x65, 0x71, 0x75, 0x65, 0x6e, 0x74, 0x69, 0x61, 0x6c, 0x5f, 0x31,
  0x32, 0x32, 0x5f, 0x31, 0x2f, 0x6c, 0x73, 0x74, 0x6d, 0x5f, 0x32, 0x5f,
  0x31, 0x2f, 0x6c, 0x73, 0x74, 0x6d, 0x5f, 0x63, 0x65, 0x6c, 0x6c, 0x5f,
  0x32, 0x33, 0x2f, 0x73, 0x70, 0x6c, 0x69, 0x74, 0x00, 0x00, 0x00, 0x00,
  0x02, 0x00, 0x00, 0x00, 0x01, 0x00, 0x00, 0x00, 0x10, 0x00, 0x00, 0x00,
  0xfe, 0xad, 0xff, 0xff, 0x00, 0x00, 0x00, 0x01, 0x10, 0x00, 0x00, 0x00,
  0x10, 0x00, 0x00, 0x00, 0xea, 0x00, 0x00, 0x00, 0x40, 0x00, 0x00, 0x00,
  0x70, 0xad, 0xff, 0xff, 0x30, 0x00, 0x00, 0x00, 0x73, 0x65, 0x71, 0x75,
  0x65, 0x6e, 0x74, 0x69, 0x61, 0x6c, 0x5f, 0x31, 0x32, 0x32, 0x5f, 0x31,
  0x2f, 0x6c, 0x73, 0x74, 0x6d, 0x5f, 0x32, 0x5f, 0x31, 0x2f, 0x6c, 0x73,
  0x74, 0x6d, 0x5f, 0x63, 0x65, 0x6c, 0x6c, 0x5f, 0x32, 0x33, 0x2f, 0x42,
  0x69, 0x61, 0x73, 0x41, 0x64, 0x64, 0x5f, 0x31, 0x00, 0x00, 0x00, 0x00,
  0x02, 0x00, 0x00, 0x00, 0x01, 0x00, 0x00, 0x00, 0x40, 0x00, 0x00, 0x00,
  0x5e, 0xae, 0xff, 0xff, 0x00, 0x00, 0x00, 0x01, 0x10, 0x00, 0x00, 0x00,
  0x10, 0x00, 0x00, 0x00, 0xe9, 0x00, 0x00, 0x00, 0x3c, 0x00, 0x00, 0x00,
  0xd0, 0xad, 0xff, 0xff, 0x2e, 0x00, 0x00, 0x00, 0x73, 0x65, 0x71, 0x75,
  0x65, 0x6e, 0x74, 0x69, 0x61, 0x6c, 0x5f, 0x31, 0x32, 0x32, 0x5f, 0x31,
  0x2f, 0x6c, 0x73, 0x74, 0x6d, 0x5f, 0x32, 0x5f, 0x31, 0x2f, 0x6c, 0x73,
  0x74, 0x6d, 0x5f, 0x63, 0x65, 0x6c, 0x6c, 0x5f, 0x32, 0x33, 0x2f, 0x42,
  0x69, 0x61, 0x73, 0x41, 0x64, 0x64, 0x00, 0x00, 0x02, 0x00, 0x00, 0x00,
  0x01, 0x00, 0x00, 0x00, 0x40, 0x00, 0x00, 0x00, 0xba, 0xae, 0xff, 0xff,
  0x00, 0x00, 0x00, 0x01, 0x10, 0x00, 0x00, 0x00, 0x10, 0x00, 0x00, 0x00,
  0xe8, 0x00, 0x00, 0x00, 0x3c, 0x00, 0x00, 0x00, 0x2c, 0xae, 0xff, 0xff,
  0x2e, 0x00, 0x00, 0x00, 0x73, 0x65, 0x71, 0x75, 0x65, 0x6e, 0x74, 0x69,
  0x61, 0x6c, 0x5f, 0x31, 0x32, 0x32, 0x5f, 0x31, 0x2f, 0x6c, 0x73, 0x74,
  0x6d, 0x5f, 0x32, 0x5f, 0x31, 0x2f, 0x6c, 0x73, 0x74, 0x6d, 0x5f, 0x63,
  0x65, 0x6c, 0x6c, 0x5f, 0x32, 0x33, 0x2f, 0x53, 0x71, 0x75, 0x65, 0x65,
  0x7a, 0x65, 0x00, 0x00, 0x01, 0x00, 0x00, 0x00, 0x40, 0x00, 0x00, 0x00,
  0x12, 0xaf, 0xff, 0xff, 0x00, 0x00, 0x00, 0x01, 0x10, 0x00, 0x00, 0x00,
  0x10, 0x00, 0x00, 0x00, 0xe7, 0x00, 0x00, 0x00, 0x3c, 0x00, 0x00, 0x00,
  0x84, 0xae, 0xff, 0xff, 0x2f, 0x00, 0x00, 0x00, 0x73, 0x65, 0x71, 0x75,
  0x65, 0x6e, 0x74, 0x69, 0x61, 0x6c, 0x5f, 0x31, 0x32, 0x32, 0x5f, 0x31,
  0x2f, 0x6c, 0x73, 0x74, 0x6d, 0x5f, 0x32, 0x5f, 0x31, 0x2f, 0x6c, 0x73,
  0x74, 0x6d, 0x5f, 0x63, 0x65, 0x6c, 0x6c, 0x5f, 0x32, 0x33, 0x2f, 0x4d,
  0x61, 0x74, 0x4d, 0x75, 0x6c, 0x5f, 0x31, 0x00, 0x02, 0x00, 0x00, 0x00,
  0x01, 0x00, 0x00, 0x00, 0x40, 0x00, 0x00, 0x00, 0x6e, 0xaf, 0xff, 0xff,
  0x00, 0x00, 0x00, 0x01, 0x10, 0x00, 0x00, 0x00, 0x10, 0x00, 0x00, 0x00,
  0xe6, 0x00, 0x00, 0x00, 0x3c, 0x00, 0x00, 0x00, 0xe0, 0xae, 0xff, 0xff,
  0x2c, 0x00, 0x00, 0x00, 0x73, 0x65, 0x71, 0x75, 0x65, 0x6e, 0x74, 0x69,
  0x61, 0x6c, 0x5f, 0x31, 0x32, 0x32, 0x5f, 0x31, 0x2f, 0x6c, 0x73, 0x74,
  0x6d, 0x5f, 0x32, 0x5f, 0x31, 0x2f, 0x6c, 0x73, 0x74, 0x6d, 0x5f, 0x63,
  0x65, 0x6c, 0x6c, 0x5f, 0x32, 0x31, 0x2f, 0x6d, 0x75, 0x6c, 0x5f, 0x32,
  0x00, 0x00, 0x00, 0x00, 0x02, 0x00, 0x00, 0x00, 0x01, 0x00, 0x00, 0x00,
  0x10, 0x00, 0x00, 0x00, 0xca, 0xaf, 0xff, 0xff, 0x00, 0x00, 0x00, 0x01,
  0x10, 0x00, 0x00, 0x00, 0x10, 0x00, 0x00, 0x00, 0xe5, 0x00, 0x00, 0x00,
  0x3c, 0x00, 0x00, 0x00, 0x3c, 0xaf, 0xff, 0xff, 0x2d, 0x00, 0x00, 0x00,
  0x73, 0x65, 0x71, 0x75, 0x65, 0x6e, 0x74, 0x69, 0x61, 0x6c, 0x5f, 0x31,
  0x32, 0x32, 0x5f, 0x31, 0x2f, 0x6c, 0x73, 0x74, 0x6d, 0x5f, 0x32, 0x5f,
  0x31, 0x2f, 0x6c, 0x73, 0x74, 0x6d, 0x5f, 0x63, 0x65, 0x6c, 0x6c, 0x5f,
  0x32, 0x31, 0x2f, 0x54, 0x61, 0x6e, 0x68, 0x5f, 0x31, 0x00, 0x00, 0x00,
  0x02, 0x00, 0x00, 0x00, 0x01, 0x00, 0x00, 0x00, 0x10, 0x00, 0x00, 0x00,
  0x26, 0xb0, 0xff, 0xff, 0x00, 0x00, 0x00, 0x01, 0x10, 0x00, 0x00, 0x00,
  0x10, 0x00, 0x00, 0x00, 0xe4, 0x00, 0x00, 0x00, 0x38, 0x00, 0x00, 0x00,
  0x98, 0xaf, 0xff, 0xff, 0x2a, 0x00, 0x00, 0x00, 0x73, 0x65, 0x71, 0x75,
  0x65, 0x6e, 0x74, 0x69, 0x61, 0x6c, 0x5f, 0x31, 0x32, 0x32, 0x5f, 0x31,
  0x2f, 0x6c, 0x73, 0x74, 0x6d, 0x5f, 0x32, 0x5f, 0x31, 0x2f, 0x6c, 0x73,
  0x74, 0x6d, 0x5f, 0x63, 0x65, 0x6c, 0x6c, 0x5f, 0x32, 0x31, 0x2f, 0x61,
  0x64, 0x64, 0x00, 0x00, 0x02, 0x00, 0x00, 0x00, 0x01, 0x00, 0x00, 0x00,
  0x10, 0x00, 0x00, 0x00, 0x7e, 0xb0, 0xff, 0xff, 0x00, 0x00, 0x00, 0x01,
  0x10, 0x00, 0x00, 0x00, 0x10, 0x00, 0x00, 0x00, 0xe3, 0x00, 0x00, 0x00,
  0x3c, 0x00, 0x00, 0x00, 0xf0, 0xaf, 0xff, 0xff, 0x2c, 0x00, 0x00, 0x00,
  0x73, 0x65, 0x71, 0x75, 0x65, 0x6e, 0x74, 0x69, 0x61, 0x6c, 0x5f, 0x31,
  0x32, 0x32, 0x5f, 0x31, 0x2f, 0x6c, 0x73, 0x74, 0x6d, 0x5f, 0x32, 0x5f,
  0x31, 0x2f, 0x6c, 0x73, 0x74, 0x6d, 0x5f, 0x63, 0x65, 0x6c, 0x6c, 0x5f,
  0x32, 0x31, 0x2f, 0x6d, 0x75, 0x6c, 0x5f, 0x31, 0x00, 0x00, 0x00, 0x00,
  0x02, 0x00, 0x00, 0x00, 0x01, 0x00, 0x00, 0x00, 0x10, 0x00, 0x00, 0x00,
  0xda, 0xb0, 0xff, 0xff, 0x00, 0x00, 0x00, 0x01, 0x10, 0x00, 0x00, 0x00,
  0x10, 0x00, 0x00, 0x00, 0xe2, 0x00, 0x00, 0x00, 0x38, 0x00, 0x00, 0x00,
  0x4c, 0xb0, 0xff, 0xff, 0x2b, 0x00, 0x00, 0x00, 0x73, 0x65, 0x71, 0x75,
  0x65, 0x6e, 0x74, 0x69, 0x61, 0x6c, 0x5f, 0x31, 0x32, 0x32, 0x5f, 0x31,
  0x2f, 0x6c, 0x73, 0x74, 0x6d, 0x5f, 0x32, 0x5f, 0x31, 0x2f, 0x6c, 0x73,
  0x74, 0x6d, 0x5f, 0x63, 0x65, 0x6c, 0x6c, 0x5f, 0x32, 0x31, 0x2f, 0x54,
  0x61, 0x6e, 0x68, 0x00, 0x02, 0x00, 0x00, 0x00, 0x01, 0x00, 0x00, 0x00,
  0x10, 0x00, 0x00, 0x00, 0x32, 0xb1, 0xff, 0xff, 0x00, 0x00, 0x00, 0x01,
  0x10, 0x00, 0x00, 0x00, 0x10, 0x00, 0x00, 0x00, 0xe1, 0x00, 0x00, 0x00,
  0x40, 0x00, 0x00, 0x00, 0xa4, 0xb0, 0xff, 0xff, 0x30, 0x00, 0x00, 0x00,
  0x73, 0x65, 0x71, 0x75, 0x65, 0x6e, 0x74, 0x69, 0x61, 0x6c, 0x5f, 0x31,
  0x32, 0x32, 0x5f, 0x31, 0x2f, 0x6c, 0x73, 0x74, 0x6d, 0x5f, 0x32, 0x5f,
  0x31, 0x2f, 0x6c, 0x73, 0x74, 0x6d, 0x5f, 0x63, 0x65, 0x6c, 0x6c, 0x5f,
  0x32, 0x31, 0x2f, 0x53, 0x69, 0x67, 0x6d, 0x6f, 0x69, 0x64, 0x5f, 0x32,
  0x00, 0x00, 0x00, 0x00, 0x02, 0x00, 0x00, 0x00, 0x01, 0x00, 0x00, 0x00,
  0x10, 0x00, 0x00, 0x00, 0x92, 0xb1, 0xff, 0xff, 0x00, 0x00, 0x00, 0x01,
  0x10, 0x00, 0x00, 0x00, 0x10, 0x00, 0x00, 0x00, 0xe0, 0x00, 0x00, 0x00,
  0x38, 0x00, 0x00, 0x00, 0x04, 0xb1, 0xff, 0xff, 0x2a, 0x00, 0x00, 0x00,
  0x73, 0x65, 0x71, 0x75, 0x65, 0x6e, 0x74, 0x69, 0x61, 0x6c, 0x5f, 0x31,
  0x32, 0x32, 0x5f, 0x31, 0x2f, 0x6c, 0x73, 0x74, 0x6d, 0x5f, 0x32, 0x5f,
  0x31, 0x2f, 0x6c, 0x73, 0x74, 0x6d, 0x5f, 0x63, 0x65, 0x6c, 0x6c, 0x5f,
  0x32, 0x31, 0x2f, 0x6d, 0x75, 0x6c, 0x00, 0x00, 0x02, 0x00, 0x00, 0x00,
  0x01, 0x00, 0x00, 0x00, 0x10, 0x00, 0x00, 0x00, 0xea, 0xb1, 0xff, 0xff,
  0x00, 0x00, 0x00, 0x01, 0x10, 0x00, 0x00, 0x00, 0x10, 0x00, 0x00, 0x00,
  0xdf, 0x00, 0x00, 0x00, 0x40, 0x00, 0x00, 0x00, 0x5c, 0xb1, 0xff, 0xff,
  0x30, 0x00, 0x00, 0x00, 0x73, 0x65, 0x71, 0x75, 0x65, 0x6e, 0x74, 0x69,
  0x61, 0x6c, 0x5f, 0x31, 0x32, 0x32, 0x5f, 0x31, 0x2f, 0x6c, 0x73, 0x74,
  0x6d, 0x5f, 0x32, 0x5f, 0x31, 0x2f, 0x6c, 0x73, 0x74, 0x6d, 0x5f, 0x63,
  0x65, 0x6c, 0x6c, 0x5f, 0x32, 0x31, 0x2f, 0x53, 0x69, 0x67, 0x6d, 0x6f,
  0x69, 0x64, 0x5f, 0x31, 0x00, 0x00, 0x00, 0x00, 0x02, 0x00, 0x00, 0x00,
  0x01, 0x00, 0x00, 0x00, 0x10, 0x00, 0x00, 0x00, 0x4a, 0xb2, 0xff, 0xff,
  0x00, 0x00, 0x00, 0x01, 0x10, 0x00, 0x00, 0x00, 0x10, 0x00, 0x00, 0x00,
  0xde, 0x00, 0x00, 0x00, 0x3c, 0x00, 0x00, 0x00, 0xbc, 0xb1, 0xff, 0xff,
  0x2e, 0x00, 0x00, 0x00, 0x73, 0x65, 0x71, 0x75, 0x65, 0x6e, 0x74, 0x69,
  0x61, 0x6c, 0x5f, 0x31, 0x32, 0x32, 0x5f, 0x31, 0x2f, 0x6c, 0x73, 0x74,
  0x6d, 0x5f, 0x32, 0x5f, 0x31, 0x2f, 0x6c, 0x73, 0x74, 0x6d, 0x5f, 0x63,
  0x65, 0x6c, 0x6c, 0x5f, 0x32, 0x31, 0x2f, 0x53, 0x69, 0x67, 0x6d, 0x6f,
  0x69, 0x64, 0x00, 0x00, 0x02, 0x00, 0x00, 0x00, 0x01, 0x00, 0x00, 0x00,
  0x10, 0x00, 0x00, 0x00, 0xa6, 0xb2, 0xff, 0xff, 0x00, 0x00, 0x00, 0x01,
  0x10, 0x00, 0x00, 0x00, 0x10, 0x00, 0x00, 0x00, 0xdd, 0x00, 0x00, 0x00,
  0x3c, 0x00, 0x00, 0x00, 0x18, 0xb2, 0xff, 0xff, 0x2d, 0x00, 0x00, 0x00,
  0x73, 0x65, 0x71, 0x75, 0x65, 0x6e, 0x74, 0x69, 0x61, 0x6c, 0x5f, 0x31,
  0x32, 0x32, 0x5f, 0x31, 0x2f, 0x6c, 0x73, 0x74, 0x6d, 0x5f, 0x32, 0x5f,
  0x31, 0x2f, 0x6c, 0x73, 0x74, 0x6d, 0x5f, 0x63, 0x65, 0x6c, 0x6c, 0x5f,
  0x32, 0x31, 0x2f, 0x73, 0x70, 0x6c, 0x69, 0x74, 0x33, 0x00, 0x00, 0x00,
  0x02, 0x00, 0x00, 0x00, 0x01, 0x00, 0x00, 0x00, 0x10, 0x00, 0x00, 0x00,
  0x02, 0xb3, 0xff, 0xff, 0x00, 0x00, 0x00, 0x01, 0x10, 0x00, 0x00, 0x00,
  0x10, 0x00, 0x00, 0x00, 0xdc, 0x00, 0x00, 0x00, 0x3c, 0x00, 0x00, 0x00,
  0x74, 0xb2, 0xff, 0xff, 0x2d, 0x00, 0x00, 0x00, 0x73, 0x65, 0x71, 0x75,
  0x65, 0x6e, 0x74, 0x69, 0x61, 0x6c, 0x5f, 0x31, 0x32, 0x32, 0x5f, 0x31,
  0x2f, 0x6c, 0x73, 0x74, 0x6d, 0x5f, 0x32, 0x5f, 0x31, 0x2f, 0x6c, 0x73,
  0x74, 0x6d, 0x5f, 0x63, 0x65, 0x6c, 0x6c, 0x5f, 0x32, 0x31, 0x2f, 0x73,
  0x70, 0x6c, 0x69, 0x74, 0x32, 0x00, 0x00, 0x00, 0x02, 0x00, 0x00, 0x00,
  0x01, 0x00, 0x00, 0x00, 0x10, 0x00, 0x00, 0x00, 0x5e, 0xb3, 0xff, 0xff,
  0x00, 0x00, 0x00, 0x01, 0x10, 0x00, 0x00, 0x00, 0x10, 0x00, 0x00, 0x00,
  0xdb, 0x00, 0x00, 0x00, 0x3c, 0x00, 0x00, 0x00, 0xd0, 0xb2, 0xff, 0xff,
  0x2d, 0x00, 0x00, 0x00, 0x73, 0x65, 0x71, 0x75, 0x65, 0x6e, 0x74, 0x69,
  0x61, 0x6c, 0x5f, 0x31, 0x32, 0x32, 0x5f, 0x31, 0x2f, 0x6c, 0x73, 0x74,
  0x6d, 0x5f, 0x32, 0x5f, 0x31, 0x2f, 0x6c, 0x73, 0x74, 0x6d, 0x5f, 0x63,
  0x65, 0x6c, 0x6c, 0x5f, 0x32, 0x31, 0x2f, 0x73, 0x70, 0x6c, 0x69, 0x74,
  0x31, 0x00, 0x00, 0x00, 0x02, 0x00, 0x00, 0x00, 0x01, 0x00, 0x00, 0x00,
  0x10, 0x00, 0x00, 0x00, 0xba, 0xb3, 0xff, 0xff, 0x00, 0x00, 0x00, 0x01,
  0x10, 0x00, 0x00, 0x00, 0x10, 0x00, 0x00, 0x00, 0xda, 0x00, 0x00, 0x00,
  0x3c, 0x00, 0x00, 0x00, 0x2c, 0xb3, 0xff, 0xff, 0x2c, 0x00, 0x00, 0x00,
  0x73, 0x65, 0x71, 0x75, 0x65, 0x6e, 0x74, 0x69, 0x61, 0x6c, 0x5f, 0x31,
  0x32, 0x32, 0x5f, 0x31, 0x2f, 0x6c, 0x73, 0x74, 0x6d, 0x5f, 0x32, 0x5f,
  0x31, 0x2f, 0x6c, 0x73, 0x74, 0x6d, 0x5f, 0x63, 0x65, 0x6c, 0x6c, 0x5f,
  0x32, 0x31, 0x2f, 0x73, 0x70, 0x6c, 0x69, 0x74, 0x00, 0x00, 0x00, 0x00,
  0x02, 0x00, 0x00, 0x00, 0x01, 0x00, 0x00, 0x00, 0x10, 0x00, 0x00, 0x00,
  0x16, 0xb4, 0xff, 0xff, 0x00, 0x00, 0x00, 0x01, 0x10, 0x00, 0x00, 0x00,
  0x10, 0x00, 0x00, 0x00, 0xd9, 0x00, 0x00, 0x00, 0x40, 0x00, 0x00, 0x00,
  0x88, 0xb3, 0xff, 0xff, 0x30, 0x00, 0x00, 0x00, 0x73, 0x65, 0x71, 0x75,
  0x65, 0x6e, 0x74, 0x69, 0x61, 0x6c, 0x5f, 0x31, 0x32, 0x32, 0x5f, 0x31,
  0x2f, 0x6c, 0x73, 0x74, 0x6d, 0x5f, 0x32, 0x5f, 0x31, 0x2f, 0x6c, 0x73,
  0x74, 0x6d, 0x5f, 0x63, 0x65, 0x6c, 0x6c, 0x5f, 0x32, 0x31, 0x2f, 0x42,
  0x69, 0x61, 0x73, 0x41, 0x64, 0x64, 0x5f, 0x31, 0x00, 0x00, 0x00, 0x00,
  0x02, 0x00, 0x00, 0x00, 0x01, 0x00, 0x00, 0x00, 0x40, 0x00, 0x00, 0x00,
  0x76, 0xb4, 0xff, 0xff, 0x00, 0x00, 0x00, 0x01, 0x10, 0x00, 0x00, 0x00,
  0x10, 0x00, 0x00, 0x00, 0xd8, 0x00, 0x00, 0x00, 0x3c, 0x00, 0x00, 0x00,
  0xe8, 0xb3, 0xff, 0xff, 0x2e, 0x00, 0x00, 0x00, 0x73, 0x65, 0x71, 0x75,
  0x65, 0x6e, 0x74, 0x69, 0x61, 0x6c, 0x5f, 0x31, 0x32, 0x32, 0x5f, 0x31,
  0x2f, 0x6c, 0x73, 0x74, 0x6d, 0x5f, 0x32, 0x5f, 0x31, 0x2f, 0x6c, 0x73,
  0x74, 0x6d, 0x5f, 0x63, 0x65, 0x6c, 0x6c, 0x5f, 0x32, 0x31, 0x2f, 0x42,
  0x69, 0x61, 0x73, 0x41, 0x64, 0x64, 0x00, 0x00, 0x02, 0x00, 0x00, 0x00,
  0x01, 0x00, 0x00, 0x00, 0x40, 0x00, 0x00, 0x00, 0xd2, 0xb4, 0xff, 0xff,
  0x00, 0x00, 0x00, 0x01, 0x10, 0x00, 0x00, 0x00, 0x10, 0x00, 0x00, 0x00,
  0xd7, 0x00, 0x00, 0x00, 0x3c, 0x00, 0x00, 0x00, 0x44, 0xb4, 0xff, 0xff,
  0x2e, 0x00, 0x00, 0x00, 0x73, 0x65, 0x71, 0x75, 0x65, 0x6e, 0x74, 0x69,
  0x61, 0x6c, 0x5f, 0x31, 0x32, 0x32, 0x5f, 0x31, 0x2f, 0x6c, 0x73, 0x74,
  0x6d, 0x5f, 0x32, 0x5f, 0x31, 0x2f, 0x6c, 0x73, 0x74, 0x6d, 0x5f, 0x63,
  0x65, 0x6c, 0x6c, 0x5f, 0x32, 0x31, 0x2f, 0x53, 0x71, 0x75, 0x65, 0x65,
  0x7a, 0x65, 0x00, 0x00, 0x01, 0x00, 0x00, 0x00, 0x40, 0x00, 0x00, 0x00,
  0x2a, 0xb5, 0xff, 0xff, 0x00, 0x00, 0x00, 0x01, 0x10, 0x00, 0x00, 0x00,
  0x10, 0x00, 0x00, 0x00, 0xd6, 0x00, 0x00, 0x00, 0x3c, 0x00, 0x00, 0x00,
  0x9c, 0xb4, 0xff, 0xff, 0x2f, 0x00, 0x00, 0x00, 0x73, 0x65, 0x71, 0x75,
  0x65, 0x6e, 0x74, 0x69, 0x61, 0x6c, 0x5f, 0x31, 0x32, 0x32, 0x5f, 0x31,
  0x2f, 0x6c, 0x73, 0x74, 0x6d, 0x5f, 0x32, 0x5f, 0x31, 0x2f, 0x6c, 0x73,
  0x74, 0x6d, 0x5f, 0x63, 0x65, 0x6c, 0x6c, 0x5f, 0x32, 0x31, 0x2f, 0x4d,
  0x61, 0x74, 0x4d, 0x75, 0x6c, 0x5f, 0x31, 0x00, 0x02, 0x00, 0x00, 0x00,
  0x01, 0x00, 0x00, 0x00, 0x40, 0x00, 0x00, 0x00, 0x86, 0xb5, 0xff, 0xff,
  0x00, 0x00, 0x00, 0x01, 0x10, 0x00, 0x00, 0x00, 0x10, 0x00, 0x00, 0x00,
  0xd5, 0x00, 0x00, 0x00, 0x3c, 0x00, 0x00, 0x00, 0xf8, 0xb4, 0xff, 0xff,
  0x2c, 0x00, 0x00, 0x00, 0x73, 0x65, 0x71, 0x75, 0x65, 0x6e, 0x74, 0x69,
  0x61, 0x6c, 0x5f, 0x31, 0x32, 0x32, 0x5f, 0x31, 0x2f, 0x6c, 0x73, 0x74,
  0x6d, 0x5f, 0x32, 0x5f, 0x31, 0x2f, 0x6c, 0x73, 0x74, 0x6d, 0x5f, 0x63,
  0x65, 0x6c, 0x6c, 0x5f, 0x31, 0x39, 0x2f, 0x6d, 0x75, 0x6c, 0x5f, 0x32,
  0x00, 0x00, 0x00, 0x00, 0x02, 0x00, 0x00, 0x00, 0x01, 0x00, 0x00, 0x00,
  0x10, 0x00, 0x00, 0x00, 0xe2, 0xb5, 0xff, 0xff, 0x00, 0x00, 0x00, 0x01,
  0x10, 0x00, 0x00, 0x00, 0x10, 0x00, 0x00, 0x00, 0xd4, 0x00, 0x00, 0x00,
  0x3c, 0x00, 0x00, 0x00, 0x54, 0xb5, 0xff, 0xff, 0x2d, 0x00, 0x00, 0x00,
  0x73, 0x65, 0x71, 0x75, 0x65, 0x6e, 0x74, 0x69, 0x61, 0x6c, 0x5f, 0x31,
  0x32, 0x32, 0x5f, 0x31, 0x2f, 0x6c, 0x73, 0x74, 0x6d, 0x5f, 0x32, 0x5f,
  0x31, 0x2f, 0x6c, 0x73, 0x74, 0x6d, 0x5f, 0x63, 0x65, 0x6c, 0x6c, 0x5f,
  0x31, 0x39, 0x2f, 0x54, 0x61, 0x6e, 0x68, 0x5f, 0x31, 0x00, 0x00, 0x00,
  0x02, 0x00, 0x00, 0x00, 0x01, 0x00, 0x00, 0x00, 0x10, 0x00, 0x00, 0x00,
  0x3e, 0xb6, 0xff, 0xff, 0x00, 0x00, 0x00, 0x01, 0x10, 0x00, 0x00, 0x00,
  0x10, 0x00, 0x00, 0x00, 0xd3, 0x00, 0x00, 0x00, 0x38, 0x00, 0x00, 0x00,
  0xb0, 0xb5, 0xff, 0xff, 0x2a, 0x00, 0x00, 0x00, 0x73, 0x65, 0x71, 0x75,
  0x65, 0x6e, 0x74, 0x69, 0x61, 0x6c, 0x5f, 0x31, 0x32, 0x32, 0x5f, 0x31,
  0x2f, 0x6c, 0x73, 0x74, 0x6d, 0x5f, 0x32, 0x5f, 0x31, 0x2f, 0x6c, 0x73,
  0x74, 0x6d, 0x5f, 0x63, 0x65, 0x6c, 0x6c, 0x5f, 0x31, 0x39, 0x2f, 0x61,
  0x64, 0x64, 0x00, 0x00, 0x02, 0x00, 0x00, 0x00, 0x01, 0x00, 0x00, 0x00,
  0x10, 0x00, 0x00, 0x00, 0x96, 0xb6, 0xff, 0xff, 0x00, 0x00, 0x00, 0x01,
  0x10, 0x00, 0x00, 0x00, 0x10, 0x00, 0x00, 0x00, 0xd2, 0x00, 0x00, 0x00,
  0x3c, 0x00, 0x00, 0x00, 0x08, 0xb6, 0xff, 0xff, 0x2c, 0x00, 0x00, 0x00,
  0x73, 0x65, 0x71, 0x75, 0x65, 0x6e, 0x74, 0x69, 0x61, 0x6c, 0x5f, 0x31,
  0x32, 0x32, 0x5f, 0x31, 0x2f, 0x6c, 0x73, 0x74, 0x6d, 0x5f, 0x32, 0x5f,
  0x31, 0x2f, 0x6c, 0x73, 0x74, 0x6d, 0x5f, 0x63, 0x65, 0x6c, 0x6c, 0x5f,
  0x31, 0x39, 0x2f, 0x6d, 0x75, 0x6c, 0x5f, 0x31, 0x00, 0x00, 0x00, 0x00,
  0x02, 0x00, 0x00, 0x00, 0x01, 0x00, 0x00, 0x00, 0x10, 0x00, 0x00, 0x00,
  0xf2, 0xb6, 0xff, 0xff, 0x00, 0x00, 0x00, 0x01, 0x10, 0x00, 0x00, 0x00,
  0x10, 0x00, 0x00, 0x00, 0xd1, 0x00, 0x00, 0x00, 0x38, 0x00, 0x00, 0x00,
  0x64, 0xb6, 0xff, 0xff, 0x2b, 0x00, 0x00, 0x00, 0x73, 0x65, 0x71, 0x75,
  0x65, 0x6e, 0x74, 0x69, 0x61, 0x6c, 0x5f, 0x31, 0x32, 0x32, 0x5f, 0x31,
  0x2f, 0x6c, 0x73, 0x74, 0x6d, 0x5f, 0x32, 0x5f, 0x31, 0x2f, 0x6c, 0x73,
  0x74, 0x6d, 0x5f, 0x63, 0x65, 0x6c, 0x6c, 0x5f, 0x31, 0x39, 0x2f, 0x54,
  0x61, 0x6e, 0x68, 0x00, 0x02, 0x00, 0x00, 0x00, 0x01, 0x00, 0x00, 0x00,
  0x10, 0x00, 0x00, 0x00, 0x4a, 0xb7, 0xff, 0xff, 0x00, 0x00, 0x00, 0x01,
  0x10, 0x00, 0x00, 0x00, 0x10, 0x00, 0x00, 0x00, 0xd0, 0x00, 0x00, 0x00,
  0x40, 0x00, 0x00, 0x00, 0xbc, 0xb6, 0xff, 0xff, 0x30, 0x00, 0x00, 0x00,
  0x73, 0x65, 0x71, 0x75, 0x65, 0x6e, 0x74, 0x69, 0x61, 0x6c, 0x5f, 0x31,
  0x32, 0x32, 0x5f, 0x31, 0x2f, 0x6c, 0x73, 0x74, 0x6d, 0x5f, 0x32, 0x5f,
  0x31, 0x2f, 0x6c, 0x73, 0x74, 0x6d, 0x5f, 0x63, 0x65, 0x6c, 0x6c, 0x5f,
  0x31, 0x39, 0x2f, 0x53, 0x69, 0x67, 0x6d, 0x6f, 0x69, 0x64, 0x5f, 0x32,
  0x00, 0x00, 0x00, 0x00, 0x02, 0x00, 0x00, 0x00, 0x01, 0x00, 0x00, 0x00,
  0x10, 0x00, 0x00, 0x00, 0xaa, 0xb7, 0xff, 0xff, 0x00, 0x00, 0x00, 0x01,
  0x10, 0x00, 0x00, 0x00, 0x10, 0x00, 0x00, 0x00, 0xcf, 0x00, 0x00, 0x00,
  0x38, 0x00, 0x00, 0x00, 0x1c, 0xb7, 0xff, 0xff, 0x2a, 0x00, 0x00, 0x00,
  0x73, 0x65, 0x71, 0x75, 0x65, 0x6e, 0x74, 0x69, 0x61, 0x6c, 0x5f, 0x31,
  0x32, 0x32, 0x5f, 0x31, 0x2f, 0x6c, 0x73, 0x74, 0x6d, 0x5f, 0x32, 0x5f,
  0x31, 0x2f, 0x6c, 0x73, 0x74, 0x6d, 0x5f, 0x63, 0x65, 0x6c, 0x6c, 0x5f,
  0x31, 0x39, 0x2f, 0x6d, 0x75, 0x6c, 0x00, 0x00, 0x02, 0x00, 0x00, 0x00,
  0x01, 0x00, 0x00, 0x00, 0x10, 0x00, 0x00, 0x00, 0x02, 0xb8, 0xff, 0xff,
  0x00, 0x00, 0x00, 0x01, 0x10, 0x00, 0x00, 0x00, 0x10, 0x00, 0x00, 0x00,
  0xce, 0x00, 0x00, 0x00, 0x40, 0x00, 0x00, 0x00, 0x74, 0xb7, 0xff, 0xff,
  0x30, 0x00, 0x00, 0x00, 0x73, 0x65, 0x71, 0x75, 0x65, 0x6e, 0x74, 0x69,
  0x61, 0x6c, 0x5f, 0x31, 0x32, 0x32, 0x5f, 0x31, 0x2f, 0x6c, 0x73, 0x74,
  0x6d, 0x5f, 0x32, 0x5f, 0x31, 0x2f, 0x6c, 0x73, 0x74, 0x6d, 0x5f, 0x63,
  0x65, 0x6c, 0x6c, 0x5f, 0x31, 0x39, 0x2f, 0x53, 0x69, 0x67, 0x6d, 0x6f,
  0x69, 0x64, 0x5f, 0x31, 0x00, 0x00, 0x00, 0x00, 0x02, 0x00, 0x00, 0x00,
  0x01, 0x00, 0x00, 0x00, 0x10, 0x00, 0x00, 0x00, 0x62, 0xb8, 0xff, 0xff,
  0x00, 0x00, 0x00, 0x01, 0x10, 0x00, 0x00, 0x00, 0x10, 0x00, 0x00, 0x00,
  0xcd, 0x00, 0x00, 0x00, 0x3c, 0x00, 0x00, 0x00, 0xd4, 0xb7, 0xff, 0xff,
  0x2e, 0x00, 0x00, 0x00, 0x73, 0x65, 0x71, 0x75, 0x65, 0x6e, 0x74, 0x69,
  0x61, 0x6c, 0x5f, 0x31, 0x32, 0x32, 0x5f, 0x31, 0x2f, 0x6c, 0x73, 0x74,
  0x6d, 0x5f, 0x32, 0x5f, 0x31, 0x2f, 0x6c, 0x73, 0x74, 0x6d, 0x5f, 0x63,
  0x65, 0x6c, 0x6c, 0x5f, 0x31, 0x39, 0x2f, 0x53, 0x69, 0x67, 0x6d, 0x6f,
  0x69, 0x64, 0x00, 0x00, 0x02, 0x00, 0x00, 0x00, 0x01, 0x00, 0x00, 0x00,
  0x10, 0x00, 0x00, 0x00, 0xbe, 0xb8, 0xff, 0xff, 0x00, 0x00, 0x00, 0x01,
  0x10, 0x00, 0x00, 0x00, 0x10, 0x00, 0x00, 0x00, 0xcc, 0x00, 0x00, 0x00,
  0x3c, 0x00, 0x00, 0x00, 0x30, 0xb8, 0xff, 0xff, 0x2d, 0x00, 0x00, 0x00,
  0x73, 0x65, 0x71, 0x75, 0x65, 0x6e, 0x74, 0x69, 0x61, 0x6c, 0x5f, 0x31,
  0x32, 0x32, 0x5f, 0x31, 0x2f, 0x6c, 0x73, 0x74, 0x6d, 0x5f, 0x32, 0x5f,
  0x31, 0x2f, 0x6c, 0x73, 0x74, 0x6d, 0x5f, 0x63, 0x65, 0x6c, 0x6c, 0x5f,
  0x31, 0x39, 0x2f, 0x73, 0x70, 0x6c, 0x69, 0x74, 0x33, 0x00, 0x00, 0x00,
  0x02, 0x00, 0x00, 0x00, 0x01, 0x00, 0x00, 0x00, 0x10, 0x00, 0x00, 0x00,
  0x1a, 0xb9, 0xff, 0xff, 0x00, 0x00, 0x00, 0x01, 0x10, 0x00, 0x00, 0x00,
  0x10, 0x00, 0x00, 0x00, 0xcb, 0x00, 0x00, 0x00, 0x3c, 0x00, 0x00, 0x00,
  0x8c, 0xb8, 0xff, 0xff, 0x2d, 0x00, 0x00, 0x00, 0x73, 0x65, 0x71, 0x75,
  0x65, 0x6e, 0x74, 0x69, 0x61, 0x6c, 0x5f, 0x31, 0x32, 0x32, 0x5f, 0x31,
  0x2f, 0x6c, 0x73, 0x74, 0x6d, 0x5f, 0x32, 0x5f, 0x31, 0x2f, 0x6c, 0x73,
  0x74, 0x6d, 0x5f, 0x63, 0x65, 0x6c, 0x6c, 0x5f, 0x31, 0x39, 0x2f, 0x73,
  0x70, 0x6c, 0x69, 0x74, 0x32, 0x00, 0x00, 0x00, 0x02, 0x00, 0x00, 0x00,
  0x01, 0x00, 0x00, 0x00, 0x10, 0x00, 0x00, 0x00, 0x76, 0xb9, 0xff, 0xff,
  0x00, 0x00, 0x00, 0x01, 0x10, 0x00, 0x00, 0x00, 0x10, 0x00, 0x00, 0x00,
  0xca, 0x00, 0x00, 0x00, 0x3c, 0x00, 0x00, 0x00, 0xe8, 0xb8, 0xff, 0xff,
  0x2d, 0x00, 0x00, 0x00, 0x73, 0x65, 0x71, 0x75, 0x65, 0x6e, 0x74, 0x69,
  0x61, 0x6c, 0x5f, 0x31, 0x32, 0x32, 0x5f, 0x31, 0x2f, 0x6c, 0x73, 0x74,
  0x6d, 0x5f, 0x32, 0x5f, 0x31, 0x2f, 0x6c, 0x73, 0x74, 0x6d, 0x5f, 0x63,
  0x65, 0x6c, 0x6c, 0x5f, 0x31, 0x39, 0x2f, 0x73, 0x70, 0x6c, 0x69, 0x74,
  0x31, 0x00, 0x00, 0x00, 0x02, 0x00, 0x00, 0x00, 0x01, 0x00, 0x00, 0x00,
  0x10, 0x00, 0x00, 0x00, 0xd2, 0xb9, 0xff, 0xff, 0x00, 0x00, 0x00, 0x01,
  0x10, 0x00, 0x00, 0x00, 0x10, 0x00, 0x00, 0x00, 0xc9, 0x00, 0x00, 0x00,
  0x3c, 0x00, 0x00, 0x00, 0x44, 0xb9, 0xff, 0xff, 0x2c, 0x00, 0x00, 0x00,
  0x73, 0x65, 0x71, 0x75, 0x65, 0x6e, 0x74, 0x69, 0x61, 0x6c, 0x5f, 0x31,
  0x32, 0x32, 0x5f, 0x31, 0x2f, 0x6c, 0x73, 0x74, 0x6d, 0x5f, 0x32, 0x5f,
  0x31, 0x2f, 0x6c, 0x73, 0x74, 0x6d, 0x5f, 0x63, 0x65, 0x6c, 0x6c, 0x5f,
  0x31, 0x39, 0x2f, 0x73, 0x70, 0x6c, 0x69, 0x74, 0x00, 0x00, 0x00, 0x00,
  0x02, 0x00, 0x00, 0x00, 0x01, 0x00, 0x00, 0x00, 0x10, 0x00, 0x00, 0x00,
  0x2e, 0xba, 0xff, 0xff, 0x00, 0x00, 0x00, 0x01, 0x10, 0x00, 0x00, 0x00,
  0x10, 0x00, 0x00, 0x00, 0xc8, 0x00, 0x00, 0x00, 0x40, 0x00, 0x00, 0x00,
  0xa0, 0xb9, 0xff, 0xff, 0x30, 0x00, 0x00, 0x00, 0x73, 0x65, 0x71, 0x75,
  0x65, 0x6e, 0x74, 0x69, 0x61, 0x6c, 0x5f, 0x31, 0x32, 0x32, 0x5f, 0x31,
  0x2f, 0x6c, 0x73, 0x74, 0x6d, 0x5f, 0x32, 0x5f, 0x31, 0x2f, 0x6c, 0x73,
  0x74, 0x6d, 0x5f, 0x63, 0x65, 0x6c, 0x6c, 0x5f, 0x31, 0x39, 0x2f, 0x42,
  0x69, 0x61, 0x73, 0x41, 0x64, 0x64, 0x5f, 0x31, 0x00, 0x00, 0x00, 0x00,
  0x02, 0x00, 0x00, 0x00, 0x01, 0x00, 0x00, 0x00, 0x40, 0x00, 0x00, 0x00,
  0x8e, 0xba, 0xff, 0xff, 0x00, 0x00, 0x00, 0x01, 0x10, 0x00, 0x00, 0x00,
  0x10, 0x00, 0x00, 0x00, 0xc7, 0x00, 0x00, 0x00, 0x3c, 0x00, 0x00, 0x00,
  0x00, 0xba, 0xff, 0xff, 0x2e, 0x00, 0x00, 0x00, 0x73, 0x65, 0x71, 0x75,
  0x65, 0x6e, 0x74, 0x69, 0x61, 0x6c, 0x5f, 0x31, 0x32, 0x32, 0x5f, 0x31,
  0x2f, 0x6c, 0x73, 0x74, 0x6d, 0x5f, 0x32, 0x5f, 0x31, 0x2f, 0x6c, 0x73,
  0x74, 0x6d, 0x5f, 0x63, 0x65, 0x6c, 0x6c, 0x5f, 0x31, 0x39, 0x2f, 0x42,
  0x69, 0x61, 0x73, 0x41, 0x64, 0x64, 0x00, 0x00, 0x02, 0x00, 0x00, 0x00,
  0x01, 0x00, 0x00, 0x00, 0x40, 0x00, 0x00, 0x00, 0xea, 0xba, 0xff, 0xff,
  0x00, 0x00, 0x00, 0x01, 0x10, 0x00, 0x00, 0x00, 0x10, 0x00, 0x00, 0x00,
  0xc6, 0x00, 0x00, 0x00, 0x3c, 0x00, 0x00, 0x00, 0x5c, 0xba, 0xff, 0xff,
  0x2e, 0x00, 0x00, 0x00, 0x73, 0x65, 0x71, 0x75, 0x65, 0x6e, 0x74, 0x69,
  0x61, 0x6c, 0x5f, 0x31, 0x32, 0x32, 0x5f, 0x31, 0x2f, 0x6c, 0x73, 0x74,
  0x6d, 0x5f, 0x32, 0x5f, 0x31, 0x2f, 0x6c, 0x73, 0x74, 0x6d, 0x5f, 0x63,
  0x65, 0x6c, 0x6c, 0x5f, 0x31, 0x39, 0x2f, 0x53, 0x71, 0x75, 0x65, 0x65,
  0x7a, 0x65, 0x00, 0x00, 0x01, 0x00, 0x00, 0x00, 0x40, 0x00, 0x00, 0x00,
  0x42, 0xbb, 0xff, 0xff, 0x00, 0x00, 0x00, 0x01, 0x10, 0x00, 0x00, 0x00,
  0x10, 0x00, 0x00, 0x00, 0xc5, 0x00, 0x00, 0x00, 0x3c, 0x00, 0x00, 0x00,
  0xb4, 0xba, 0xff, 0xff, 0x2f, 0x00, 0x00, 0x00, 0x73, 0x65, 0x71, 0x75,
  0x65, 0x6e, 0x74, 0x69, 0x61, 0x6c, 0x5f, 0x31, 0x32, 0x32, 0x5f, 0x31,
  0x2f, 0x6c, 0x73, 0x74, 0x6d, 0x5f, 0x32, 0x5f, 0x31, 0x2f, 0x6c, 0x73,
  0x74, 0x6d, 0x5f, 0x63, 0x65, 0x6c, 0x6c, 0x5f, 0x31, 0x39, 0x2f, 0x4d,
  0x61, 0x74, 0x4d, 0x75, 0x6c, 0x5f, 0x31, 0x00, 0x02, 0x00, 0x00, 0x00,
  0x01, 0x00, 0x00, 0x00, 0x40, 0x00, 0x00, 0x00, 0x9e, 0xbb, 0xff, 0xff,
  0x00, 0x00, 0x00, 0x01, 0x10, 0x00, 0x00, 0x00, 0x10, 0x00, 0x00, 0x00,
  0xc4, 0x00, 0x00, 0x00, 0x3c, 0x00, 0x00, 0x00, 0x10, 0xbb, 0xff, 0xff,
  0x2c, 0x00, 0x00, 0x00, 0x73, 0x65, 0x71, 0x75, 0x65, 0x6e, 0x74, 0x69,
  0x61, 0x6c, 0x5f, 0x31, 0x32, 0x32, 0x5f, 0x31, 0x2f, 0x6c, 0x73, 0x74,
  0x6d, 0x5f, 0x32, 0x5f, 0x31, 0x2f, 0x6c, 0x73, 0x74, 0x6d, 0x5f, 0x63,
  0x65, 0x6c, 0x6c, 0x5f, 0x31, 0x37, 0x2f, 0x6d, 0x75, 0x6c, 0x5f, 0x32,
  0x00, 0x00, 0x00, 0x00, 0x02, 0x00, 0x00, 0x00, 0x01, 0x00, 0x00, 0x00,
  0x10, 0x00, 0x00, 0x00, 0xfa, 0xbb, 0xff, 0xff, 0x00, 0x00, 0x00, 0x01,
  0x10, 0x00, 0x00, 0x00, 0x10, 0x00, 0x00, 0x00, 0xc3, 0x00, 0x00, 0x00,
  0x3c, 0x00, 0x00, 0x00, 0x6c, 0xbb, 0xff, 0xff, 0x2d, 0x00, 0x00, 0x00,
  0x73, 0x65, 0x71, 0x75, 0x65, 0x6e, 0x74, 0x69, 0x61, 0x6c, 0x5f, 0x31,
  0x32, 0x32, 0x5f, 0x31, 0x2f, 0x6c, 0x73, 0x74, 0x6d, 0x5f, 0x32, 0x5f,
  0x31, 0x2f, 0x6c, 0x73, 0x74, 0x6d, 0x5f, 0x63, 0x65, 0x6c, 0x6c, 0x5f,
  0x31, 0x37, 0x2f, 0x54, 0x61, 0x6e, 0x68, 0x5f, 0x31, 0x00, 0x00, 0x00,
  0x02, 0x00, 0x00, 0x00, 0x01, 0x00, 0x00, 0x00, 0x10, 0x00, 0x00, 0x00,
  0x56, 0xbc, 0xff, 0xff, 0x00, 0x00, 0x00, 0x01, 0x10, 0x00, 0x00, 0x00,
  0x10, 0x00, 0x00, 0x00, 0xc2, 0x00, 0x00, 0x00, 0x38, 0x00, 0x00, 0x00,
  0xc8, 0xbb, 0xff, 0xff, 0x2a, 0x00, 0x00, 0x00, 0x73, 0x65, 0x71, 0x75,
  0x65, 0x6e, 0x74, 0x69, 0x61, 0x6c, 0x5f, 0x31, 0x32, 0x32, 0x5f, 0x31,
  0x2f, 0x6c, 0x73, 0x74, 0x6d, 0x5f, 0x32, 0x5f, 0x31, 0x2f, 0x6c, 0x73,
  0x74, 0x6d, 0x5f, 0x63, 0x65, 0x6c, 0x6c, 0x5f, 0x31, 0x37, 0x2f, 0x61,
  0x64, 0x64, 0x00, 0x00, 0x02, 0x00, 0x00, 0x00, 0x01, 0x00, 0x00, 0x00,
  0x10, 0x00, 0x00, 0x00, 0xae, 0xbc, 0xff, 0xff, 0x00, 0x00, 0x00, 0x01,
  0x10, 0x00, 0x00, 0x00, 0x10, 0x00, 0x00, 0x00, 0xc1, 0x00, 0x00, 0x00,
  0x3c, 0x00, 0x00, 0x00, 0x20, 0xbc, 0xff, 0xff, 0x2c, 0x00, 0x00, 0x00,
  0x73, 0x65, 0x71, 0x75, 0x65, 0x6e, 0x74, 0x69, 0x61, 0x6c, 0x5f, 0x31,
  0x32, 0x32, 0x5f, 0x31, 0x2f, 0x6c, 0x73, 0x74, 0x6d, 0x5f, 0x32, 0x5f,
  0x31, 0x2f, 0x6c, 0x73, 0x74, 0x6d, 0x5f, 0x63, 0x65, 0x6c, 0x6c, 0x5f,
  0x31, 0x37, 0x2f, 0x6d, 0x75, 0x6c, 0x5f, 0x31, 0x00, 0x00, 0x00, 0x00,
  0x02, 0x00, 0x00, 0x00, 0x01, 0x00, 0x00, 0x00, 0x10, 0x00, 0x00, 0x00,
  0x0a, 0xbd, 0xff, 0xff, 0x00, 0x00, 0x00, 0x01, 0x10, 0x00, 0x00, 0x00,
  0x10, 0x00, 0x00, 0x00, 0xc0, 0x00, 0x00, 0x00, 0x38, 0x00, 0x00, 0x00,
  0x7c, 0xbc, 0xff, 0xff, 0x2b, 0x00, 0x00, 0x00, 0x73, 0x65, 0x71, 0x75,
  0x65, 0x6e, 0x74, 0x69, 0x61, 0x6c, 0x5f, 0x31, 0x32, 0x32, 0x5f, 0x31,
  0x2f, 0x6c, 0x73, 0x74, 0x6d, 0x5f, 0x32, 0x5f, 0x31, 0x2f, 0x6c, 0x73,
  0x74, 0x6d, 0x5f, 0x63, 0x65, 0x6c, 0x6c, 0x5f, 0x31, 0x37, 0x2f, 0x54,
  0x61, 0x6e, 0x68, 0x00, 0x02, 0x00, 0x00, 0x00, 0x01, 0x00, 0x00, 0x00,
  0x10, 0x00, 0x00, 0x00, 0x62, 0xbd, 0xff, 0xff, 0x00, 0x00, 0x00, 0x01,
  0x10, 0x00, 0x00, 0x00, 0x10, 0x00, 0x00, 0x00, 0xbf, 0x00, 0x00, 0x00,
  0x40, 0x00, 0x00, 0x00, 0xd4, 0xbc, 0xff, 0xff, 0x30, 0x00, 0x00, 0x00,
  0x73, 0x65, 0x71, 0x75, 0x65, 0x6e, 0x74, 0x69, 0x61, 0x6c, 0x5f, 0x31,
  0x32, 0x32, 0x5f, 0x31, 0x2f, 0x6c, 0x73, 0x74, 0x6d, 0x5f, 0x32, 0x5f,
  0x31, 0x2f, 0x6c, 0x73, 0x74, 0x6d, 0x5f, 0x63, 0x65, 0x6c, 0x6c, 0x5f,
  0x31, 0x37, 0x2f, 0x53, 0x69, 0x67, 0x6d, 0x6f, 0x69, 0x64, 0x5f, 0x32,
  0x00, 0x00, 0x00, 0x00, 0x02, 0x00, 0x00, 0x00, 0x01, 0x00, 0x00, 0x00,
  0x10, 0x00, 0x00, 0x00, 0xc2, 0xbd, 0xff, 0xff, 0x00, 0x00, 0x00, 0x01,
  0x10, 0x00, 0x00, 0x00, 0x10, 0x00, 0x00, 0x00, 0xbe, 0x00, 0x00, 0x00,
  0x38, 0x00, 0x00, 0x00, 0x34, 0xbd, 0xff, 0xff, 0x2a, 0x00, 0x00, 0x00,
  0x73, 0x65, 0x71, 0x75, 0x65, 0x6e, 0x74, 0x69, 0x61, 0x6c, 0x5f, 0x31,
  0x32, 0x32, 0x5f, 0x31, 0x2f, 0x6c, 0x73, 0x74, 0x6d, 0x5f, 0x32, 0x5f,
  0x31, 0x2f, 0x6c, 0x73, 0x74, 0x6d, 0x5f, 0x63, 0x65, 0x6c, 0x6c, 0x5f,
  0x31, 0x37, 0x2f, 0x6d, 0x75, 0x6c, 0x00, 0x00, 0x02, 0x00, 0x00, 0x00,
  0x01, 0x00, 0x00, 0x00, 0x10, 0x00, 0x00, 0x00, 0x1a, 0xbe, 0xff, 0xff,
  0x00, 0x00, 0x00, 0x01, 0x10, 0x00, 0x00, 0x00, 0x10, 0x00, 0x00, 0x00,
  0xbd, 0x00, 0x00, 0x00, 0x40, 0x00, 0x00, 0x00, 0x8c, 0xbd, 0xff, 0xff,
  0x30, 0x00, 0x00, 0x00, 0x73, 0x65, 0x71, 0x75, 0x65, 0x6e, 0x74, 0x69,
  0x61, 0x6c, 0x5f, 0x31, 0x32, 0x32, 0x5f, 0x31, 0x2f, 0x6c, 0x73, 0x74,
  0x6d, 0x5f, 0x32, 0x5f, 0x31, 0x2f, 0x6c, 0x73, 0x74, 0x6d, 0x5f, 0x63,
  0x65, 0x6c, 0x6c, 0x5f, 0x31, 0x37, 0x2f, 0x53, 0x69, 0x67, 0x6d, 0x6f,
  0x69, 0x64, 0x5f, 0x31, 0x00, 0x00, 0x00, 0x00, 0x02, 0x00, 0x00, 0x00,
  0x01, 0x00, 0x00, 0x00, 0x10, 0x00, 0x00, 0x00, 0x7a, 0xbe, 0xff, 0xff,
  0x00, 0x00, 0x00, 0x01, 0x10, 0x00, 0x00, 0x00, 0x10, 0x00, 0x00, 0x00,
  0xbc, 0x00, 0x00, 0x00, 0x3c, 0x00, 0x00, 0x00, 0xec, 0xbd, 0xff, 0xff,
  0x2e, 0x00, 0x00, 0x00, 0x73, 0x65, 0x71, 0x75, 0x65, 0x6e, 0x74, 0x69,
  0x61, 0x6c, 0x5f, 0x31, 0x32, 0x32, 0x5f, 0x31, 0x2f, 0x6c, 0x73, 0x74,
  0x6d, 0x5f, 0x32, 0x5f, 0x31, 0x2f, 0x6c, 0x73, 0x74, 0x6d, 0x5f, 0x63,
  0x65, 0x6c, 0x6c, 0x5f, 0x31, 0x37, 0x2f, 0x53, 0x69, 0x67, 0x6d, 0x6f,
  0x69, 0x64, 0x00, 0x00, 0x02, 0x00, 0x00, 0x00, 0x01, 0x00, 0x00, 0x00,
  0x10, 0x00, 0x00, 0x00, 0xd6, 0xbe, 0xff, 0xff, 0x00, 0x00, 0x00, 0x01,
  0x10, 0x00, 0x00, 0x00, 0x10, 0x00, 0x00, 0x00, 0xbb, 0x00, 0x00, 0x00,
  0x3c, 0x00, 0x00, 0x00, 0x48, 0xbe, 0xff, 0xff, 0x2d, 0x00, 0x00, 0x00,
  0x73, 0x65, 0x71, 0x75, 0x65, 0x6e, 0x74, 0x69, 0x61, 0x6c, 0x5f, 0x31,
  0x32, 0x32, 0x5f, 0x31, 0x2f, 0x6c, 0x73, 0x74, 0x6d, 0x5f, 0x32, 0x5f,
  0x31, 0x2f, 0x6c, 0x73, 0x74, 0x6d, 0x5f, 0x63, 0x65, 0x6c, 0x6c, 0x5f,
  0x31, 0x37, 0x2f, 0x73, 0x70, 0x6c, 0x69, 0x74, 0x33, 0x00, 0x00, 0x00,
  0x02, 0x00, 0x00, 0x00, 0x01, 0x00, 0x00, 0x00, 0x10, 0x00, 0x00, 0x00,
  0x32, 0xbf, 0xff, 0xff, 0x00, 0x00, 0x00, 0x01, 0x10, 0x00, 0x00, 0x00,
  0x10, 0x00, 0x00, 0x00, 0xba, 0x00, 0x00, 0x00, 0x3c, 0x00, 0x00, 0x00,
  0xa4, 0xbe, 0xff, 0xff, 0x2d, 0x00, 0x00, 0x00, 0x73, 0x65, 0x71, 0x75,
  0x65, 0x6e, 0x74, 0x69, 0x61, 0x6c, 0x5f, 0x31, 0x32, 0x32, 0x5f, 0x31,
  0x2f, 0x6c, 0x73, 0x74, 0x6d, 0x5f, 0x32, 0x5f, 0x31, 0x2f, 0x6c, 0x73,
  0x74, 0x6d, 0x5f, 0x63, 0x65, 0x6c, 0x6c, 0x5f, 0x31, 0x37, 0x2f, 0x73,
  0x70, 0x6c, 0x69, 0x74, 0x32, 0x00, 0x00, 0x00, 0x02, 0x00, 0x00, 0x00,
  0x01, 0x00, 0x00, 0x00, 0x10, 0x00, 0x00, 0x00, 0x8e, 0xbf, 0xff, 0xff,
  0x00, 0x00, 0x00, 0x01, 0x10, 0x00, 0x00, 0x00, 0x10, 0x00, 0x00, 0x00,
  0xb9, 0x00, 0x00, 0x00, 0x3c, 0x00, 0x00, 0x00, 0x00, 0xbf, 0xff, 0xff,
  0x2d, 0x00, 0x00, 0x00, 0x73, 0x65, 0x71, 0x75, 0x65, 0x6e, 0x74, 0x69,
  0x61, 0x6c, 0x5f, 0x31, 0x32, 0x32, 0x5f, 0x31, 0x2f, 0x6c, 0x73, 0x74,
  0x6d, 0x5f, 0x32, 0x5f, 0x31, 0x2f, 0x6c, 0x73, 0x74, 0x6d, 0x5f, 0x63,
  0x65, 0x6c, 0x6c, 0x5f, 0x31, 0x37, 0x2f, 0x73, 0x70, 0x6c, 0x69, 0x74,
  0x31, 0x00, 0x00, 0x00, 0x02, 0x00, 0x00, 0x00, 0x01, 0x00, 0x00, 0x00,
  0x10, 0x00, 0x00, 0x00, 0xea, 0xbf, 0xff, 0xff, 0x00, 0x00, 0x00, 0x01,
  0x10, 0x00, 0x00, 0x00, 0x10, 0x00, 0x00, 0x00, 0xb8, 0x00, 0x00, 0x00,
  0x3c, 0x00, 0x00, 0x00, 0x5c, 0xbf, 0xff, 0xff, 0x2c, 0x00, 0x00, 0x00,
  0x73, 0x65, 0x71, 0x75, 0x65, 0x6e, 0x74, 0x69, 0x61, 0x6c, 0x5f, 0x31,
  0x32, 0x32, 0x5f, 0x31, 0x2f, 0x6c, 0x73, 0x74, 0x6d, 0x5f, 0x32, 0x5f,
  0x31, 0x2f, 0x6c, 0x73, 0x74, 0x6d, 0x5f, 0x63, 0x65, 0x6c, 0x6c, 0x5f,
  0x31, 0x37, 0x2f, 0x73, 0x70, 0x6c, 0x69, 0x74, 0x00, 0x00, 0x00, 0x00,
  0x02, 0x00, 0x00, 0x00, 0x01, 0x00, 0x00, 0x00, 0x10, 0x00, 0x00, 0x00,
  0x46, 0xc0, 0xff, 0xff, 0x00, 0x00, 0x00, 0x01, 0x10, 0x00, 0x00, 0x00,
  0x10, 0x00, 0x00, 0x00, 0xb7, 0x00, 0x00, 0x00, 0x40, 0x00, 0x00, 0x00,
  0xb8, 0xbf, 0xff, 0xff, 0x30, 0x00, 0x00, 0x00, 0x73, 0x65, 0x71, 0x75,
  0x65, 0x6e, 0x74, 0x69, 0x61, 0x6c, 0x5f, 0x31, 0x32, 0x32, 0x5f, 0x31,
  0x2f, 0x6c, 0x73, 0x74, 0x6d, 0x5f, 0x32, 0x5f, 0x31, 0x2f, 0x6c, 0x73,
  0x74, 0x6d, 0x5f, 0x63, 0x65, 0x6c, 0x6c, 0x5f, 0x31, 0x37, 0x2f, 0x42,
  0x69, 0x61, 0x73, 0x41, 0x64, 0x64, 0x5f, 0x31, 0x00, 0x00, 0x00, 0x00,
  0x02, 0x00, 0x00, 0x00, 0x01, 0x00, 0x00, 0x00, 0x40, 0x00, 0x00, 0x00,
  0xa6, 0xc0, 0xff, 0xff, 0x00, 0x00, 0x00, 0x01, 0x10, 0x00, 0x00, 0x00,
  0x10, 0x00, 0x00, 0x00, 0xb6, 0x00, 0x00, 0x00, 0x3c, 0x00, 0x00, 0x00,
  0x18, 0xc0, 0xff, 0xff, 0x2e, 0x00, 0x00, 0x00, 0x73, 0x65, 0x71, 0x75,
  0x65, 0x6e, 0x74, 0x69, 0x61, 0x6c, 0x5f, 0x31, 0x32, 0x32, 0x5f, 0x31,
  0x2f, 0x6c, 0x73, 0x74, 0x6d, 0x5f, 0x32, 0x5f, 0x31, 0x2f, 0x6c, 0x73,
  0x74, 0x6d, 0x5f, 0x63, 0x65, 0x6c, 0x6c, 0x5f, 0x31, 0x37, 0x2f, 0x42,
  0x69, 0x61, 0x73, 0x41, 0x64, 0x64, 0x00, 0x00, 0x02, 0x00, 0x00, 0x00,
  0x01, 0x00, 0x00, 0x00, 0x40, 0x00, 0x00, 0x00, 0x02, 0xc1, 0xff, 0xff,
  0x00, 0x00, 0x00, 0x01, 0x10, 0x00, 0x00, 0x00, 0x10, 0x00, 0x00, 0x00,
  0xb5, 0x00, 0x00, 0x00, 0x3c, 0x00, 0x00, 0x00, 0x74, 0xc0, 0xff, 0xff,
  0x2e, 0x00, 0x00, 0x00, 0x73, 0x65, 0x71, 0x75, 0x65, 0x6e, 0x74, 0x69,
  0x61, 0x6c, 0x5f, 0x31, 0x32, 0x32, 0x5f, 0x31, 0x2f, 0x6c, 0x73, 0x74,
  0x6d, 0x5f, 0x32, 0x5f, 0x31, 0x2f, 0x6c, 0x73, 0x74, 0x6d, 0x5f, 0x63,
  0x65, 0x6c, 0x6c, 0x5f, 0x31, 0x37, 0x2f, 0x53, 0x71, 0x75, 0x65, 0x65,
  0x7a, 0x65, 0x00, 0x00, 0x01, 0x00, 0x00, 0x00, 0x40, 0x00, 0x00, 0x00,
  0x5a, 0xc1, 0xff, 0xff, 0x00, 0x00, 0x00, 0x01, 0x10, 0x00, 0x00, 0x00,
  0x10, 0x00, 0x00, 0x00, 0xb4, 0x00, 0x00, 0x00, 0x3c, 0x00, 0x00, 0x00,
  0xcc, 0xc0, 0xff, 0xff, 0x2f, 0x00, 0x00, 0x00, 0x73, 0x65, 0x71, 0x75,
  0x65, 0x6e, 0x74, 0x69, 0x61, 0x6c, 0x5f, 0x31, 0x32, 0x32, 0x5f, 0x31,
  0x2f, 0x6c, 0x73, 0x74, 0x6d, 0x5f, 0x32, 0x5f, 0x31, 0x2f, 0x6c, 0x73,
  0x74, 0x6d, 0x5f, 0x63, 0x65, 0x6c, 0x6c, 0x5f, 0x31, 0x37, 0x2f, 0x4d,
  0x61, 0x74, 0x4d, 0x75, 0x6c, 0x5f, 0x31, 0x00, 0x02, 0x00, 0x00, 0x00,
  0x01, 0x00, 0x00, 0x00, 0x40, 0x00, 0x00, 0x00, 0xb6, 0xc1, 0xff, 0xff,
  0x00, 0x00, 0x00, 0x01, 0x10, 0x00, 0x00, 0x00, 0x10, 0x00, 0x00, 0x00,
  0xb3, 0x00, 0x00, 0x00, 0x3c, 0x00, 0x00, 0x00, 0x28, 0xc1, 0xff, 0xff,
  0x2c, 0x00, 0x00, 0x00, 0x73, 0x65, 0x71, 0x75, 0x65, 0x6e, 0x74, 0x69,
  0x61, 0x6c, 0x5f, 0x31, 0x32, 0x32, 0x5f, 0x31, 0x2f, 0x6c, 0x73, 0x74,
  0x6d, 0x5f, 0x32, 0x5f, 0x31, 0x2f, 0x6c, 0x73, 0x74, 0x6d, 0x5f, 0x63,
  0x65, 0x6c, 0x6c, 0x5f, 0x31, 0x35, 0x2f, 0x6d, 0x75, 0x6c, 0x5f, 0x32,
  0x00, 0x00, 0x00, 0x00, 0x02, 0x00, 0x00, 0x00, 0x01, 0x00, 0x00, 0x00,
  0x10, 0x00, 0x00, 0x00, 0x12, 0xc2, 0xff, 0xff, 0x00, 0x00, 0x00, 0x01,
  0x10, 0x00, 0x00, 0x00, 0x10, 0x00, 0x00, 0x00, 0xb2, 0x00, 0x00, 0x00,
  0x3c, 0x00, 0x00, 0x00, 0x84, 0xc1, 0xff, 0xff, 0x2d, 0x00, 0x00, 0x00,
  0x73, 0x65, 0x71, 0x75, 0x65, 0x6e, 0x74, 0x69, 0x61, 0x6c, 0x5f, 0x31,
  0x32, 0x32, 0x5f, 0x31, 0x2f, 0x6c, 0x73, 0x74, 0x6d, 0x5f, 0x32, 0x5f,
  0x31, 0x2f, 0x6c, 0x73, 0x74, 0x6d, 0x5f, 0x63, 0x65, 0x6c, 0x6c, 0x5f,
  0x31, 0x35, 0x2f, 0x54, 0x61, 0x6e, 0x68, 0x5f, 0x31, 0x00, 0x00, 0x00,
  0x02, 0x00, 0x00, 0x00, 0x01, 0x00, 0x00, 0x00, 0x10, 0x00, 0x00, 0x00,
  0x6e, 0xc2, 0xff, 0xff, 0x00, 0x00, 0x00, 0x01, 0x10, 0x00, 0x00, 0x00,
  0x10, 0x00, 0x00, 0x00, 0xb1, 0x00, 0x00, 0x00, 0x38, 0x00, 0x00, 0x00,
  0xe0, 0xc1, 0xff, 0xff, 0x2a, 0x00, 0x00, 0x00, 0x73, 0x65, 0x71, 0x75,
  0x65, 0x6e, 0x74, 0x69, 0x61, 0x6c, 0x5f, 0x31, 0x32, 0x32, 0x5f, 0x31,
  0x2f, 0x6c, 0x73, 0x74, 0x6d, 0x5f, 0x32, 0x5f, 0x31, 0x2f, 0x6c, 0x73,
  0x74, 0x6d, 0x5f, 0x63, 0x65, 0x6c, 0x6c, 0x5f, 0x31, 0x35, 0x2f, 0x61,
  0x64, 0x64, 0x00, 0x00, 0x02, 0x00, 0x00, 0x00, 0x01, 0x00, 0x00, 0x00,
  0x10, 0x00, 0x00, 0x00, 0xc6, 0xc2, 0xff, 0xff, 0x00, 0x00, 0x00, 0x01,
  0x10, 0x00, 0x00, 0x00, 0x10, 0x00, 0x00, 0x00, 0xb0, 0x00, 0x00, 0x00,
  0x3c, 0x00, 0x00, 0x00, 0x38, 0xc2, 0xff, 0xff, 0x2c, 0x00, 0x00, 0x00,
  0x73, 0x65, 0x71, 0x75, 0x65, 0x6e, 0x74, 0x69, 0x61, 0x6c, 0x5f, 0x31,
  0x32, 0x32, 0x5f, 0x31, 0x2f, 0x6c, 0x73, 0x74, 0x6d, 0x5f, 0x32, 0x5f,
  0x31, 0x2f, 0x6c, 0x73, 0x74, 0x6d, 0x5f, 0x63, 0x65, 0x6c, 0x6c, 0x5f,
  0x31, 0x35, 0x2f, 0x6d, 0x75, 0x6c, 0x5f, 0x31, 0x00, 0x00, 0x00, 0x00,
  0x02, 0x00, 0x00, 0x00, 0x01, 0x00, 0x00, 0x00, 0x10, 0x00, 0x00, 0x00,
  0x22, 0xc3, 0xff, 0xff, 0x00, 0x00, 0x00, 0x01, 0x10, 0x00, 0x00, 0x00,
  0x10, 0x00, 0x00, 0x00, 0xaf, 0x00, 0x00, 0x00, 0x38, 0x00, 0x00, 0x00,
  0x94, 0xc2, 0xff, 0xff, 0x2b, 0x00, 0x00, 0x00, 0x73, 0x65, 0x71, 0x75,
  0x65, 0x6e, 0x74, 0x69, 0x61, 0x6c, 0x5f, 0x31, 0x32, 0x32, 0x5f, 0x31,
  0x2f, 0x6c, 0x73, 0x74, 0x6d, 0x5f, 0x32, 0x5f, 0x31, 0x2f, 0x6c, 0x73,
  0x74, 0x6d, 0x5f, 0x63, 0x65, 0x6c, 0x6c, 0x5f, 0x31, 0x35, 0x2f, 0x54,
  0x61, 0x6e, 0x68, 0x00, 0x02, 0x00, 0x00, 0x00, 0x01, 0x00, 0x00, 0x00,
  0x10, 0x00, 0x00, 0x00, 0x7a, 0xc3, 0xff, 0xff, 0x00, 0x00, 0x00, 0x01,
  0x10, 0x00, 0x00, 0x00, 0x10, 0x00, 0x00, 0x00, 0xae, 0x00, 0x00, 0x00,
  0x40, 0x00, 0x00, 0x00, 0xec, 0xc2, 0xff, 0xff, 0x30, 0x00, 0x00, 0x00,
  0x73, 0x65, 0x71, 0x75, 0x65, 0x6e, 0x74, 0x69, 0x61, 0x6c, 0x5f, 0x31,
  0x32, 0x32, 0x5f, 0x31, 0x2f, 0x6c, 0x73, 0x74, 0x6d, 0x5f, 0x32, 0x5f,
  0x31, 0x2f, 0x6c, 0x73, 0x74, 0x6d, 0x5f, 0x63, 0x65, 0x6c, 0x6c, 0x5f,
  0x31, 0x35, 0x2f, 0x53, 0x69, 0x67, 0x6d, 0x6f, 0x69, 0x64, 0x5f, 0x32,
  0x00, 0x00, 0x00, 0x00, 0x02, 0x00, 0x00, 0x00, 0x01, 0x00, 0x00, 0x00,
  0x10, 0x00, 0x00, 0x00, 0xda, 0xc3, 0xff, 0xff, 0x00, 0x00, 0x00, 0x01,
  0x10, 0x00, 0x00, 0x00, 0x10, 0x00, 0x00, 0x00, 0xad, 0x00, 0x00, 0x00,
  0x38, 0x00, 0x00, 0x00, 0x4c, 0xc3, 0xff, 0xff, 0x2a, 0x00, 0x00, 0x00,
  0x73, 0x65, 0x71, 0x75, 0x65, 0x6e, 0x74, 0x69, 0x61, 0x6c, 0x5f, 0x31,
  0x32, 0x32, 0x5f, 0x31, 0x2f, 0x6c, 0x73, 0x74, 0x6d, 0x5f, 0x32, 0x5f,
  0x31, 0x2f, 0x6c, 0x73, 0x74, 0x6d, 0x5f, 0x63, 0x65, 0x6c, 0x6c, 0x5f,
  0x31, 0x35, 0x2f, 0x6d, 0x75, 0x6c, 0x00, 0x00, 0x02, 0x00, 0x00, 0x00,
  0x01, 0x00, 0x00, 0x00, 0x10, 0x00, 0x00, 0x00, 0x32, 0xc4, 0xff, 0xff,
  0x00, 0x00, 0x00, 0x01, 0x10, 0x00, 0x00, 0x00, 0x10, 0x00, 0x00, 0x00,
  0xac, 0x00, 0x00, 0x00, 0x40, 0x00, 0x00, 0x00, 0xa4, 0xc3, 0xff, 0xff,
  0x30, 0x00, 0x00, 0x00, 0x73, 0x65, 0x71, 0x75, 0x65, 0x6e, 0x74, 0x69,
  0x61, 0x6c, 0x5f, 0x31, 0x32, 0x32, 0x5f, 0x31, 0x2f, 0x6c, 0x73, 0x74,
  0x6d, 0x5f, 0x32, 0x5f, 0x31, 0x2f, 0x6c, 0x73, 0x74, 0x6d, 0x5f, 0x63,
  0x65, 0x6c, 0x6c, 0x5f, 0x31, 0x35, 0x2f, 0x53, 0x69, 0x67, 0x6d, 0x6f,
  0x69, 0x64, 0x5f, 0x31, 0x00, 0x00, 0x00, 0x00, 0x02, 0x00, 0x00, 0x00,
  0x01, 0x00, 0x00, 0x00, 0x10, 0x00, 0x00, 0x00, 0x92, 0xc4, 0xff, 0xff,
  0x00, 0x00, 0x00, 0x01, 0x10, 0x00, 0x00, 0x00, 0x10, 0x00, 0x00, 0x00,
  0xab, 0x00, 0x00, 0x00, 0x3c, 0x00, 0x00, 0x00, 0x04, 0xc4, 0xff, 0xff,
  0x2e, 0x00, 0x00, 0x00, 0x73, 0x65, 0x71, 0x75, 0x65, 0x6e, 0x74, 0x69,
  0x61, 0x6c, 0x5f, 0x31, 0x32, 0x32, 0x5f, 0x31, 0x2f, 0x6c, 0x73, 0x74,
  0x6d, 0x5f, 0x32, 0x5f, 0x31, 0x2f, 0x6c, 0x73, 0x74, 0x6d, 0x5f, 0x63,
  0x65, 0x6c, 0x6c, 0x5f, 0x31, 0x35, 0x2f, 0x53, 0x69, 0x67, 0x6d, 0x6f,
  0x69, 0x64, 0x00, 0x00, 0x02, 0x00, 0x00, 0x00, 0x01, 0x00, 0x00, 0x00,
  0x10, 0x00, 0x00, 0x00, 0xee, 0xc4, 0xff, 0xff, 0x00, 0x00, 0x00, 0x01,
  0x10, 0x00, 0x00, 0x00, 0x10, 0x00, 0x00, 0x00, 0xaa, 0x00, 0x00, 0x00,
  0x3c, 0x00, 0x00, 0x00, 0x60, 0xc4, 0xff, 0xff, 0x2d, 0x00, 0x00, 0x00,
  0x73, 0x65, 0x71, 0x75, 0x65, 0x6e, 0x74, 0x69, 0x61, 0x6c, 0x5f, 0x31,
  0x32, 0x32, 0x5f, 0x31, 0x2f, 0x6c, 0x73, 0x74, 0x6d, 0x5f, 0x32, 0x5f,
  0x31, 0x2f, 0x6c, 0x73, 0x74, 0x6d, 0x5f, 0x63, 0x65, 0x6c, 0x6c, 0x5f,
  0x31, 0x35, 0x2f, 0x73, 0x70, 0x6c, 0x69, 0x74, 0x33, 0x00, 0x00, 0x00,
  0x02, 0x00, 0x00, 0x00, 0x01, 0x00, 0x00, 0x00, 0x10, 0x00, 0x00, 0x00,
  0x4a, 0xc5, 0xff, 0xff, 0x00, 0x00, 0x00, 0x01, 0x10, 0x00, 0x00, 0x00,
  0x10, 0x00, 0x00, 0x00, 0xa9, 0x00, 0x00, 0x00, 0x3c, 0x00, 0x00, 0x00,
  0xbc, 0xc4, 0xff, 0xff, 0x2d, 0x00, 0x00, 0x00, 0x73, 0x65, 0x71, 0x75,
  0x65, 0x6e, 0x74, 0x69, 0x61, 0x6c, 0x5f, 0x31, 0x32, 0x32, 0x5f, 0x31,
  0x2f, 0x6c, 0x73, 0x74, 0x6d, 0x5f, 0x32, 0x5f, 0x31, 0x2f, 0x6c, 0x73,
  0x74, 0x6d, 0x5f, 0x63, 0x65, 0x6c, 0x6c, 0x5f, 0x31, 0x35, 0x2f, 0x73,
  0x70, 0x6c, 0x69, 0x74, 0x32, 0x00, 0x00, 0x00, 0x02, 0x00, 0x00, 0x00,
  0x01, 0x00, 0x00, 0x00, 0x10, 0x00, 0x00, 0x00, 0xa6, 0xc5, 0xff, 0xff,
  0x00, 0x00, 0x00, 0x01, 0x10, 0x00, 0x00, 0x00, 0x10, 0x00, 0x00, 0x00,
  0xa8, 0x00, 0x00, 0x00, 0x3c, 0x00, 0x00, 0x00, 0x18, 0xc5, 0xff, 0xff,
  0x2d, 0x00, 0x00, 0x00, 0x73, 0x65, 0x71, 0x75, 0x65, 0x6e, 0x74, 0x69,
  0x61, 0x6c, 0x5f, 0x31, 0x32, 0x32, 0x5f, 0x31, 0x2f, 0x6c, 0x73, 0x74,
  0x6d, 0x5f, 0x32, 0x5f, 0x31, 0x2f, 0x6c, 0x73, 0x74, 0x6d, 0x5f, 0x63,
  0x65, 0x6c, 0x6c, 0x5f, 0x31, 0x35, 0x2f, 0x73, 0x70, 0x6c, 0x69, 0x74,
  0x31, 0x00, 0x00, 0x00, 0x02, 0x00, 0x00, 0x00, 0x01, 0x00, 0x00, 0x00,
  0x10, 0x00, 0x00, 0x00, 0x02, 0xc6, 0xff, 0xff, 0x00, 0x00, 0x00, 0x01,
  0x10, 0x00, 0x00, 0x00, 0x10, 0x00, 0x00, 0x00, 0xa7, 0x00, 0x00, 0x00,
  0x3c, 0x00, 0x00, 0x00, 0x74, 0xc5, 0xff, 0xff, 0x2c, 0x00, 0x00, 0x00,
  0x73, 0x65, 0x71, 0x75, 0x65, 0x6e, 0x74, 0x69, 0x61, 0x6c, 0x5f, 0x31,
  0x32, 0x32, 0x5f, 0x31, 0x2f, 0x6c, 0x73, 0x74, 0x6d, 0x5f, 0x32, 0x5f,
  0x31, 0x2f, 0x6c, 0x73, 0x74, 0x6d, 0x5f, 0x63, 0x65, 0x6c, 0x6c, 0x5f,
  0x31, 0x35, 0x2f, 0x73, 0x70, 0x6c, 0x69, 0x74, 0x00, 0x00, 0x00, 0x00,
  0x02, 0x00, 0x00, 0x00, 0x01, 0x00, 0x00, 0x00, 0x10, 0x00, 0x00, 0x00,
  0x5e, 0xc6, 0xff, 0xff, 0x00, 0x00, 0x00, 0x01, 0x10, 0x00, 0x00, 0x00,
  0x10, 0x00, 0x00, 0x00, 0xa6, 0x00, 0x00, 0x00, 0x40, 0x00, 0x00, 0x00,
  0xd0, 0xc5, 0xff, 0xff, 0x30, 0x00, 0x00, 0x00, 0x73, 0x65, 0x71, 0x75,
  0x65, 0x6e, 0x74, 0x69, 0x61, 0x6c, 0x5f, 0x31, 0x32, 0x32, 0x5f, 0x31,
  0x2f, 0x6c, 0x73, 0x74, 0x6d, 0x5f, 0x32, 0x5f, 0x31, 0x2f, 0x6c, 0x73,
  0x74, 0x6d, 0x5f, 0x63, 0x65, 0x6c, 0x6c, 0x5f, 0x31, 0x35, 0x2f, 0x42,
  0x69, 0x61, 0x73, 0x41, 0x64, 0x64, 0x5f, 0x31, 0x00, 0x00, 0x00, 0x00,
  0x02, 0x00, 0x00, 0x00, 0x01, 0x00, 0x00, 0x00, 0x40, 0x00, 0x00, 0x00,
  0xbe, 0xc6, 0xff, 0xff, 0x00, 0x00, 0x00, 0x01, 0x10, 0x00, 0x00, 0x00,
  0x10, 0x00, 0x00, 0x00, 0xa5, 0x00, 0x00, 0x00, 0x3c, 0x00, 0x00, 0x00,
  0x30, 0xc6, 0xff, 0xff, 0x2e, 0x00, 0x00, 0x00, 0x73, 0x65, 0x71, 0x75,
  0x65, 0x6e, 0x74, 0x69, 0x61, 0x6c, 0x5f, 0x31, 0x32, 0x32, 0x5f, 0x31,
  0x2f, 0x6c, 0x73, 0x74, 0x6d, 0x5f, 0x32, 0x5f, 0x31, 0x2f, 0x6c, 0x73,
  0x74, 0x6d, 0x5f, 0x63, 0x65, 0x6c, 0x6c, 0x5f, 0x31, 0x35, 0x2f, 0x42,
  0x69, 0x61, 0x73, 0x41, 0x64, 0x64, 0x00, 0x00, 0x02, 0x00, 0x00, 0x00,
  0x01, 0x00, 0x00, 0x00, 0x40, 0x00, 0x00, 0x00, 0x1a, 0xc7, 0xff, 0xff,
  0x00, 0x00, 0x00, 0x01, 0x10, 0x00, 0x00, 0x00, 0x10, 0x00, 0x00, 0x00,
  0xa4, 0x00, 0x00, 0x00, 0x3c, 0x00, 0x00, 0x00, 0x8c, 0xc6, 0xff, 0xff,
  0x2e, 0x00, 0x00, 0x00, 0x73, 0x65, 0x71, 0x75, 0x65, 0x6e, 0x74, 0x69,
  0x61, 0x6c, 0x5f, 0x31, 0x32, 0x32, 0x5f, 0x31, 0x2f, 0x6c, 0x73, 0x74,
  0x6d, 0x5f, 0x32, 0x5f, 0x31, 0x2f, 0x6c, 0x73, 0x74, 0x6d, 0x5f, 0x63,
  0x65, 0x6c, 0x6c, 0x5f, 0x31, 0x35, 0x2f, 0x53, 0x71, 0x75, 0x65, 0x65,
  0x7a, 0x65, 0x00, 0x00, 0x01, 0x00, 0x00, 0x00, 0x40, 0x00, 0x00, 0x00,
  0x72, 0xc7, 0xff, 0xff, 0x00, 0x00, 0x00, 0x01, 0x10, 0x00, 0x00, 0x00,
  0x10, 0x00, 0x00, 0x00, 0xa3, 0x00, 0x00, 0x00, 0x3c, 0x00, 0x00, 0x00,
  0xe4, 0xc6, 0xff, 0xff, 0x2f, 0x00, 0x00, 0x00, 0x73, 0x65, 0x71, 0x75,
  0x65, 0x6e, 0x74, 0x69, 0x61, 0x6c, 0x5f, 0x31, 0x32, 0x32, 0x5f, 0x31,
  0x2f, 0x6c, 0x73, 0x74, 0x6d, 0x5f, 0x32, 0x5f, 0x31, 0x2f, 0x6c, 0x73,
  0x74, 0x6d, 0x5f, 0x63, 0x65, 0x6c, 0x6c, 0x5f, 0x31, 0x35, 0x2f, 0x4d,
  0x61, 0x74, 0x4d, 0x75, 0x6c, 0x5f, 0x31, 0x00, 0x02, 0x00, 0x00, 0x00,
  0x01, 0x00, 0x00, 0x00, 0x40, 0x00, 0x00, 0x00, 0xce, 0xc7, 0xff, 0xff,
  0x00, 0x00, 0x00, 0x01, 0x10, 0x00, 0x00, 0x00, 0x10, 0x00, 0x00, 0x00,
  0xa2, 0x00, 0x00, 0x00, 0x3c, 0x00, 0x00, 0x00, 0x40, 0xc7, 0xff, 0xff,
  0x2c, 0x00, 0x00, 0x00, 0x73, 0x65, 0x71, 0x75, 0x65, 0x6e, 0x74, 0x69,
  0x61, 0x6c, 0x5f, 0x31, 0x32, 0x32, 0x5f, 0x31, 0x2f, 0x6c, 0x73, 0x74,
  0x6d, 0x5f, 0x32, 0x5f, 0x31, 0x2f, 0x6c, 0x73, 0x74, 0x6d, 0x5f, 0x63,
  0x65, 0x6c, 0x6c, 0x5f, 0x31, 0x33, 0x2f, 0x6d, 0x75, 0x6c, 0x5f, 0x32,
  0x00, 0x00, 0x00, 0x00, 0x02, 0x00, 0x00, 0x00, 0x01, 0x00, 0x00, 0x00,
  0x10, 0x00, 0x00, 0x00, 0x2a, 0xc8, 0xff, 0xff, 0x00, 0x00, 0x00, 0x01,
  0x10, 0x00, 0x00, 0x00, 0x10, 0x00, 0x00, 0x00, 0xa1, 0x00, 0x00, 0x00,
  0x3c, 0x00, 0x00, 0x00, 0x9c, 0xc7, 0xff, 0xff, 0x2d, 0x00, 0x00, 0x00,
  0x73, 0x65, 0x71, 0x75, 0x65, 0x6e, 0x74, 0x69, 0x61, 0x6c, 0x5f, 0x31,
  0x32, 0x32, 0x5f, 0x31, 0x2f, 0x6c, 0x73, 0x74, 0x6d, 0x5f, 0x32, 0x5f,
  0x31, 0x2f, 0x6c, 0x73, 0x74, 0x6d, 0x5f, 0x63, 0x65, 0x6c, 0x6c, 0x5f,
  0x31, 0x33, 0x2f, 0x54, 0x61, 0x6e, 0x68, 0x5f, 0x31, 0x00, 0x00, 0x00,
  0x02, 0x00, 0x00, 0x00, 0x01, 0x00, 0x00, 0x00, 0x10, 0x00, 0x00, 0x00,
  0x86, 0xc8, 0xff, 0xff, 0x00, 0x00, 0x00, 0x01, 0x10, 0x00, 0x00, 0x00,
  0x10, 0x00, 0x00, 0x00, 0xa0, 0x00, 0x00, 0x00, 0x38, 0x00, 0x00, 0x00,
  0xf8, 0xc7, 0xff, 0xff, 0x2a, 0x00, 0x00, 0x00, 0x73, 0x65, 0x71, 0x75,
  0x65, 0x6e, 0x74, 0x69, 0x61, 0x6c, 0x5f, 0x31, 0x32, 0x32, 0x5f, 0x31,
  0x2f, 0x6c, 0x73, 0x74, 0x6d, 0x5f, 0x32, 0x5f, 0x31, 0x2f, 0x6c, 0x73,
  0x74, 0x6d, 0x5f, 0x63, 0x65, 0x6c, 0x6c, 0x5f, 0x31, 0x33, 0x2f, 0x61,
  0x64, 0x64, 0x00, 0x00, 0x02, 0x00, 0x00, 0x00, 0x01, 0x00, 0x00, 0x00,
  0x10, 0x00, 0x00, 0x00, 0xde, 0xc8, 0xff, 0xff, 0x00, 0x00, 0x00, 0x01,
  0x10, 0x00, 0x00, 0x00, 0x10, 0x00, 0x00, 0x00, 0x9f, 0x00, 0x00, 0x00,
  0x3c, 0x00, 0x00, 0x00, 0x50, 0xc8, 0xff, 0xff, 0x2c, 0x00, 0x00, 0x00,
  0x73, 0x65, 0x71, 0x75, 0x65, 0x6e, 0x74, 0x69, 0x61, 0x6c, 0x5f, 0x31,
  0x32, 0x32, 0x5f, 0x31, 0x2f, 0x6c, 0x73, 0x74, 0x6d, 0x5f, 0x32, 0x5f,
  0x31, 0x2f, 0x6c, 0x73, 0x74, 0x6d, 0x5f, 0x63, 0x65, 0x6c, 0x6c, 0x5f,
  0x31, 0x33, 0x2f, 0x6d, 0x75, 0x6c, 0x5f, 0x31, 0x00, 0x00, 0x00, 0x00,
  0x02, 0x00, 0x00, 0x00, 0x01, 0x00, 0x00, 0x00, 0x10, 0x00, 0x00, 0x00,
  0x3a, 0xc9, 0xff, 0xff, 0x00, 0x00, 0x00, 0x01, 0x10, 0x00, 0x00, 0x00,
  0x10, 0x00, 0x00, 0x00, 0x9e, 0x00, 0x00, 0x00, 0x38, 0x00, 0x00, 0x00,
  0xac, 0xc8, 0xff, 0xff, 0x2b, 0x00, 0x00, 0x00, 0x73, 0x65, 0x71, 0x75,
  0x65, 0x6e, 0x74, 0x69, 0x61, 0x6c, 0x5f, 0x31, 0x32, 0x32, 0x5f, 0x31,
  0x2f, 0x6c, 0x73, 0x74, 0x6d, 0x5f, 0x32, 0x5f, 0x31, 0x2f, 0x6c, 0x73,
  0x74, 0x6d, 0x5f, 0x63, 0x65, 0x6c, 0x6c, 0x5f, 0x31, 0x33, 0x2f, 0x54,
  0x61, 0x6e, 0x68, 0x00, 0x02, 0x00, 0x00, 0x00, 0x01, 0x00, 0x00, 0x00,
  0x10, 0x00, 0x00, 0x00, 0x92, 0xc9, 0xff, 0xff, 0x00, 0x00, 0x00, 0x01,
  0x10, 0x00, 0x00, 0x00, 0x10, 0x00, 0x00, 0x00, 0x9d, 0x00, 0x00, 0x00,
  0x40, 0x00, 0x00, 0x00, 0x04, 0xc9, 0xff, 0xff, 0x30, 0x00, 0x00, 0x00,
  0x73, 0x65, 0x71, 0x75, 0x65, 0x6e, 0x74, 0x69, 0x61, 0x6c, 0x5f, 0x31,
  0x32, 0x32, 0x5f, 0x31, 0x2f, 0x6c, 0x73, 0x74, 0x6d, 0x5f, 0x32, 0x5f,
  0x31, 0x2f, 0x6c, 0x73, 0x74, 0x6d, 0x5f, 0x63, 0x65, 0x6c, 0x6c, 0x5f,
  0x31, 0x33, 0x2f, 0x53, 0x69, 0x67, 0x6d, 0x6f, 0x69, 0x64, 0x5f, 0x32,
  0x00, 0x00, 0x00, 0x00, 0x02, 0x00, 0x00, 0x00, 0x01, 0x00, 0x00, 0x00,
  0x10, 0x00, 0x00, 0x00, 0xf2, 0xc9, 0xff, 0xff, 0x00, 0x00, 0x00, 0x01,
  0x10, 0x00, 0x00, 0x00, 0x10, 0x00, 0x00, 0x00, 0x9c, 0x00, 0x00, 0x00,
  0x38, 0x00, 0x00, 0x00, 0x64, 0xc9, 0xff, 0xff, 0x2a, 0x00, 0x00, 0x00,
  0x73, 0x65, 0x71, 0x75, 0x65, 0x6e, 0x74, 0x69, 0x61, 0x6c, 0x5f, 0x31,
  0x32, 0x32, 0x5f, 0x31, 0x2f, 0x6c, 0x73, 0x74, 0x6d, 0x5f, 0x32, 0x5f,
  0x31, 0x2f, 0x6c, 0x73, 0x74, 0x6d, 0x5f, 0x63, 0x65, 0x6c, 0x6c, 0x5f,
  0x31, 0x33, 0x2f, 0x6d, 0x75, 0x6c, 0x00, 0x00, 0x02, 0x00, 0x00, 0x00,
  0x01, 0x00, 0x00, 0x00, 0x10, 0x00, 0x00, 0x00, 0x4a, 0xca, 0xff, 0xff,
  0x00, 0x00, 0x00, 0x01, 0x10, 0x00, 0x00, 0x00, 0x10, 0x00, 0x00, 0x00,
  0x9b, 0x00, 0x00, 0x00, 0x40, 0x00, 0x00, 0x00, 0xbc, 0xc9, 0xff, 0xff,
  0x30, 0x00, 0x00, 0x00, 0x73, 0x65, 0x71, 0x75, 0x65, 0x6e, 0x74, 0x69,
  0x61, 0x6c, 0x5f, 0x31, 0x32, 0x32, 0x5f, 0x31, 0x2f, 0x6c, 0x73, 0x74,
  0x6d, 0x5f, 0x32, 0x5f, 0x31, 0x2f, 0x6c, 0x73, 0x74, 0x6d, 0x5f, 0x63,
  0x65, 0x6c, 0x6c, 0x5f, 0x31, 0x33, 0x2f, 0x53, 0x69, 0x67, 0x6d, 0x6f,
  0x69, 0x64, 0x5f, 0x31, 0x00, 0x00, 0x00, 0x00, 0x02, 0x00, 0x00, 0x00,
  0x01, 0x00, 0x00, 0x00, 0x10, 0x00, 0x00, 0x00, 0xaa, 0xca, 0xff, 0xff,
  0x00, 0x00, 0x00, 0x01, 0x10, 0x00, 0x00, 0x00, 0x10, 0x00, 0x00, 0x00,
  0x9a, 0x00, 0x00, 0x00, 0x3c, 0x00, 0x00, 0x00, 0x1c, 0xca, 0xff, 0xff,
  0x2e, 0x00, 0x00, 0x00, 0x73, 0x65, 0x71, 0x75, 0x65, 0x6e, 0x74, 0x69,
  0x61, 0x6c, 0x5f, 0x31, 0x32, 0x32, 0x5f, 0x31, 0x2f, 0x6c, 0x73, 0x74,
  0x6d, 0x5f, 0x32, 0x5f, 0x31, 0x2f, 0x6c, 0x73, 0x74, 0x6d, 0x5f, 0x63,
  0x65, 0x6c, 0x6c, 0x5f, 0x31, 0x33, 0x2f, 0x53, 0x69, 0x67, 0x6d, 0x6f,
  0x69, 0x64, 0x00, 0x00, 0x02, 0x00, 0x00, 0x00, 0x01, 0x00, 0x00, 0x00,
  0x10, 0x00, 0x00, 0x00, 0x06, 0xcb, 0xff, 0xff, 0x00, 0x00, 0x00, 0x01,
  0x10, 0x00, 0x00, 0x00, 0x10, 0x00, 0x00, 0x00, 0x99, 0x00, 0x00, 0x00,
  0x3c, 0x00, 0x00, 0x00, 0x78, 0xca, 0xff, 0xff, 0x2d, 0x00, 0x00, 0x00,
  0x73, 0x65, 0x71, 0x75, 0x65, 0x6e, 0x74, 0x69, 0x61, 0x6c, 0x5f, 0x31,
  0x32, 0x32, 0x5f, 0x31, 0x2f, 0x6c, 0x73, 0x74, 0x6d, 0x5f, 0x32, 0x5f,
  0x31, 0x2f, 0x6c, 0x73, 0x74, 0x6d, 0x5f, 0x63, 0x65, 0x6c, 0x6c, 0x5f,
  0x31, 0x33, 0x2f, 0x73, 0x70, 0x6c, 0x69, 0x74, 0x33, 0x00, 0x00, 0x00,
  0x02, 0x00, 0x00, 0x00, 0x01, 0x00, 0x00, 0x00, 0x10, 0x00, 0x00, 0x00,
  0x62, 0xcb, 0xff, 0xff, 0x00, 0x00, 0x00, 0x01, 0x10, 0x00, 0x00, 0x00,
  0x10, 0x00, 0x00, 0x00, 0x98, 0x00, 0x00, 0x00, 0x3c, 0x00, 0x00, 0x00,
  0xd4, 0xca, 0xff, 0xff, 0x2d, 0x00, 0x00, 0x00, 0x73, 0x65, 0x71, 0x75,
  0x65, 0x6e, 0x74, 0x69, 0x61, 0x6c, 0x5f, 0x31, 0x32, 0x32, 0x5f, 0x31,
  0x2f, 0x6c, 0x73, 0x74, 0x6d, 0x5f, 0x32, 0x5f, 0x31, 0x2f, 0x6c, 0x73,
  0x74, 0x6d, 0x5f, 0x63, 0x65, 0x6c, 0x6c, 0x5f, 0x31, 0x33, 0x2f, 0x73,
  0x70, 0x6c, 0x69, 0x74, 0x32, 0x00, 0x00, 0x00, 0x02, 0x00, 0x00, 0x00,
  0x01, 0x00, 0x00, 0x00, 0x10, 0x00, 0x00, 0x00, 0xbe, 0xcb, 0xff, 0xff,
  0x00, 0x00, 0x00, 0x01, 0x10, 0x00, 0x00, 0x00, 0x10, 0x00, 0x00, 0x00,
  0x97, 0x00, 0x00, 0x00, 0x3c, 0x00, 0x00, 0x00, 0x30, 0xcb, 0xff, 0xff,
  0x2d, 0x00, 0x00, 0x00, 0x73, 0x65, 0x71, 0x75, 0x65, 0x6e, 0x74, 0x69,
  0x61, 0x6c, 0x5f, 0x31, 0x32, 0x32, 0x5f, 0x31, 0x2f, 0x6c, 0x73, 0x74,
  0x6d, 0x5f, 0x32, 0x5f, 0x31, 0x2f, 0x6c, 0x73, 0x74, 0x6d, 0x5f, 0x63,
  0x65, 0x6c, 0x6c, 0x5f, 0x31, 0x33, 0x2f, 0x73, 0x70, 0x6c, 0x69, 0x74,
  0x31, 0x00, 0x00, 0x00, 0x02, 0x00, 0x00, 0x00, 0x01, 0x00, 0x00, 0x00,
  0x10, 0x00, 0x00, 0x00, 0x1a, 0xcc, 0xff, 0xff, 0x00, 0x00, 0x00, 0x01,
  0x10, 0x00, 0x00, 0x00, 0x10, 0x00, 0x00, 0x00, 0x96, 0x00, 0x00, 0x00,
  0x3c, 0x00, 0x00, 0x00, 0x8c, 0xcb, 0xff, 0xff, 0x2c, 0x00, 0x00, 0x00,
  0x73, 0x65, 0x71, 0x75, 0x65, 0x6e, 0x74, 0x69, 0x61, 0x6c, 0x5f, 0x31,
  0x32, 0x32, 0x5f, 0x31, 0x2f, 0x6c, 0x73, 0x74, 0x6d, 0x5f, 0x32, 0x5f,
  0x31, 0x2f, 0x6c, 0x73, 0x74, 0x6d, 0x5f, 0x63, 0x65, 0x6c, 0x6c, 0x5f,
  0x31, 0x33, 0x2f, 0x73, 0x70, 0x6c, 0x69, 0x74, 0x00, 0x00, 0x00, 0x00,
  0x02, 0x00, 0x00, 0x00, 0x01, 0x00, 0x00, 0x00, 0x10, 0x00, 0x00, 0x00,
  0x76, 0xcc, 0xff, 0xff, 0x00, 0x00, 0x00, 0x01, 0x10, 0x00, 0x00, 0x00,
  0x10, 0x00, 0x00, 0x00, 0x95, 0x00, 0x00, 0x00, 0x40, 0x00, 0x00, 0x00,
  0xe8, 0xcb, 0xff, 0xff, 0x30, 0x00, 0x00, 0x00, 0x73, 0x65, 0x71, 0x75,
  0x65, 0x6e, 0x74, 0x69, 0x61, 0x6c, 0x5f, 0x31, 0x32, 0x32, 0x5f, 0x31,
  0x2f, 0x6c, 0x73, 0x74, 0x6d, 0x5f, 0x32, 0x5f, 0x31, 0x2f, 0x6c, 0x73,
  0x74, 0x6d, 0x5f, 0x63, 0x65, 0x6c, 0x6c, 0x5f, 0x31, 0x33, 0x2f, 0x42,
  0x69, 0x61, 0x73, 0x41, 0x64, 0x64, 0x5f, 0x31, 0x00, 0x00, 0x00, 0x00,
  0x02, 0x00, 0x00, 0x00, 0x01, 0x00, 0x00, 0x00, 0x40, 0x00, 0x00, 0x00,
  0xd6, 0xcc, 0xff, 0xff, 0x00, 0x00, 0x00, 0x01, 0x10, 0x00, 0x00, 0x00,
  0x10, 0x00, 0x00, 0x00, 0x94, 0x00, 0x00, 0x00, 0x3c, 0x00, 0x00, 0x00,
  0x48, 0xcc, 0xff, 0xff, 0x2e, 0x00, 0x00, 0x00, 0x73, 0x65, 0x71, 0x75,
  0x65, 0x6e, 0x74, 0x69, 0x61, 0x6c, 0x5f, 0x31, 0x32, 0x32, 0x5f, 0x31,
  0x2f, 0x6c, 0x73, 0x74, 0x6d, 0x5f, 0x32, 0x5f, 0x31, 0x2f, 0x6c, 0x73,
  0x74, 0x6d, 0x5f, 0x63, 0x65, 0x6c, 0x6c, 0x5f, 0x31, 0x33, 0x2f, 0x42,
  0x69, 0x61, 0x73, 0x41, 0x64, 0x64, 0x00, 0x00, 0x02, 0x00, 0x00, 0x00,
  0x01, 0x00, 0x00, 0x00, 0x40, 0x00, 0x00, 0x00, 0x32, 0xcd, 0xff, 0xff,
  0x00, 0x00, 0x00, 0x01, 0x10, 0x00, 0x00, 0x00, 0x10, 0x00, 0x00, 0x00,
  0x93, 0x00, 0x00, 0x00, 0x3c, 0x00, 0x00, 0x00, 0xa4, 0xcc, 0xff, 0xff,
  0x2e, 0x00, 0x00, 0x00, 0x73, 0x65, 0x71, 0x75, 0x65, 0x6e, 0x74, 0x69,
  0x61, 0x6c, 0x5f, 0x31, 0x32, 0x32, 0x5f, 0x31, 0x2f, 0x6c, 0x73, 0x74,
  0x6d, 0x5f, 0x32, 0x5f, 0x31, 0x2f, 0x6c, 0x73, 0x74, 0x6d, 0x5f, 0x63,
  0x65, 0x6c, 0x6c, 0x5f, 0x31, 0x33, 0x2f, 0x53, 0x71, 0x75, 0x65, 0x65,
  0x7a, 0x65, 0x00, 0x00, 0x01, 0x00, 0x00, 0x00, 0x40, 0x00, 0x00, 0x00,
  0x8a, 0xcd, 0xff, 0xff, 0x00, 0x00, 0x00, 0x01, 0x10, 0x00, 0x00, 0x00,
  0x10, 0x00, 0x00, 0x00, 0x92, 0x00, 0x00, 0x00, 0x3c, 0x00, 0x00, 0x00,
  0xfc, 0xcc, 0xff, 0xff, 0x2f, 0x00, 0x00, 0x00, 0x73, 0x65, 0x71, 0x75,
  0x65, 0x6e, 0x74, 0x69, 0x61, 0x6c, 0x5f, 0x31, 0x32, 0x32, 0x5f, 0x31,
  0x2f, 0x6c, 0x73, 0x74, 0x6d, 0x5f, 0x32, 0x5f, 0x31, 0x2f, 0x6c, 0x73,
  0x74, 0x6d, 0x5f, 0x63, 0x65, 0x6c, 0x6c, 0x5f, 0x31, 0x33, 0x2f, 0x4d,
  0x61, 0x74, 0x4d, 0x75, 0x6c, 0x5f, 0x31, 0x00, 0x02, 0x00, 0x00, 0x00,
  0x01, 0x00, 0x00, 0x00, 0x40, 0x00, 0x00, 0x00, 0xe6, 0xcd, 0xff, 0xff,
  0x00, 0x00, 0x00, 0x01, 0x10, 0x00, 0x00, 0x00, 0x10, 0x00, 0x00, 0x00,
  0x91, 0x00, 0x00, 0x00, 0x3c, 0x00, 0x00, 0x00, 0x58, 0xcd, 0xff, 0xff,
  0x2c, 0x00, 0x00, 0x00, 0x73, 0x65, 0x71, 0x75, 0x65, 0x6e, 0x74, 0x69,
  0x61, 0x6c, 0x5f, 0x31, 0x32, 0x32, 0x5f, 0x31, 0x2f, 0x6c, 0x73, 0x74,
  0x6d, 0x5f, 0x32, 0x5f, 0x31, 0x2f, 0x6c, 0x73, 0x74, 0x6d, 0x5f, 0x63,
  0x65, 0x6c, 0x6c, 0x5f, 0x31, 0x31, 0x2f, 0x6d, 0x75, 0x6c, 0x5f, 0x32,
  0x00, 0x00, 0x00, 0x00, 0x02, 0x00, 0x00, 0x00, 0x01, 0x00, 0x00, 0x00,
  0x10, 0x00, 0x00, 0x00, 0x42, 0xce, 0xff, 0xff, 0x00, 0x00, 0x00, 0x01,
  0x10, 0x00, 0x00, 0x00, 0x10, 0x00, 0x00, 0x00, 0x90, 0x00, 0x00, 0x00,
  0x3c, 0x00, 0x00, 0x00, 0xb4, 0xcd, 0xff, 0xff, 0x2d, 0x00, 0x00, 0x00,
  0x73, 0x65, 0x71, 0x75, 0x65, 0x6e, 0x74, 0x69, 0x61, 0x6c, 0x5f, 0x31,
  0x32, 0x32, 0x5f, 0x31, 0x2f, 0x6c, 0x73, 0x74, 0x6d, 0x5f, 0x32, 0x5f,
  0x31, 0x2f, 0x6c, 0x73, 0x74, 0x6d, 0x5f, 0x63, 0x65, 0x6c, 0x6c, 0x5f,
  0x31, 0x31, 0x2f, 0x54, 0x61, 0x6e, 0x68, 0x5f, 0x31, 0x00, 0x00, 0x00,
  0x02, 0x00, 0x00, 0x00, 0x01, 0x00, 0x00, 0x00, 0x10, 0x00, 0x00, 0x00,
  0x9e, 0xce, 0xff, 0xff, 0x00, 0x00, 0x00, 0x01, 0x10, 0x00, 0x00, 0x00,
  0x10, 0x00, 0x00, 0x00, 0x8f, 0x00, 0x00, 0x00, 0x38, 0x00, 0x00, 0x00,
  0x10, 0xce, 0xff, 0xff, 0x2a, 0x00, 0x00, 0x00, 0x73, 0x65, 0x71, 0x75,
  0x65, 0x6e, 0x74, 0x69, 0x61, 0x6c, 0x5f, 0x31, 0x32, 0x32, 0x5f, 0x31,
  0x2f, 0x6c, 0x73, 0x74, 0x6d, 0x5f, 0x32, 0x5f, 0x31, 0x2f, 0x6c, 0x73,
  0x74, 0x6d, 0x5f, 0x63, 0x65, 0x6c, 0x6c, 0x5f, 0x31, 0x31, 0x2f, 0x61,
  0x64, 0x64, 0x00, 0x00, 0x02, 0x00, 0x00, 0x00, 0x01, 0x00, 0x00, 0x00,
  0x10, 0x00, 0x00, 0x00, 0xf6, 0xce, 0xff, 0xff, 0x00, 0x00, 0x00, 0x01,
  0x10, 0x00, 0x00, 0x00, 0x10, 0x00, 0x00, 0x00, 0x8e, 0x00, 0x00, 0x00,
  0x3c, 0x00, 0x00, 0x00, 0x68, 0xce, 0xff, 0xff, 0x2c, 0x00, 0x00, 0x00,
  0x73, 0x65, 0x71, 0x75, 0x65, 0x6e, 0x74, 0x69, 0x61, 0x6c, 0x5f, 0x31,
  0x32, 0x32, 0x5f, 0x31, 0x2f, 0x6c, 0x73, 0x74, 0x6d, 0x5f, 0x32, 0x5f,
  0x31, 0x2f, 0x6c, 0x73, 0x74, 0x6d, 0x5f, 0x63, 0x65, 0x6c, 0x6c, 0x5f,
  0x31, 0x31, 0x2f, 0x6d, 0x75, 0x6c, 0x5f, 0x31, 0x00, 0x00, 0x00, 0x00,
  0x02, 0x00, 0x00, 0x00, 0x01, 0x00, 0x00, 0x00, 0x10, 0x00, 0x00, 0x00,
  0x52, 0xcf, 0xff, 0xff, 0x00, 0x00, 0x00, 0x01, 0x10, 0x00, 0x00, 0x00,
  0x10, 0x00, 0x00, 0x00, 0x8d, 0x00, 0x00, 0x00, 0x38, 0x00, 0x00, 0x00,
  0xc4, 0xce, 0xff, 0xff, 0x2b, 0x00, 0x00, 0x00, 0x73, 0x65, 0x71, 0x75,
  0x65, 0x6e, 0x74, 0x69, 0x61, 0x6c, 0x5f, 0x31, 0x32, 0x32, 0x5f, 0x31,
  0x2f, 0x6c, 0x73, 0x74, 0x6d, 0x5f, 0x32, 0x5f, 0x31, 0x2f, 0x6c, 0x73,
  0x74, 0x6d, 0x5f, 0x63, 0x65, 0x6c, 0x6c, 0x5f, 0x31, 0x31, 0x2f, 0x54,
  0x61, 0x6e, 0x68, 0x00, 0x02, 0x00, 0x00, 0x00, 0x01, 0x00, 0x00, 0x00,
  0x10, 0x00, 0x00, 0x00, 0xaa, 0xcf, 0xff, 0xff, 0x00, 0x00, 0x00, 0x01,
  0x10, 0x00, 0x00, 0x00, 0x10, 0x00, 0x00, 0x00, 0x8c, 0x00, 0x00, 0x00,
  0x40, 0x00, 0x00, 0x00, 0x1c, 0xcf, 0xff, 0xff, 0x30, 0x00, 0x00, 0x00,
  0x73, 0x65, 0x71, 0x75, 0x65, 0x6e, 0x74, 0x69, 0x61, 0x6c, 0x5f, 0x31,
  0x32, 0x32, 0x5f, 0x31, 0x2f, 0x6c, 0x73, 0x74, 0x6d, 0x5f, 0x32, 0x5f,
  0x31, 0x2f, 0x6c, 0x73, 0x74, 0x6d, 0x5f, 0x63, 0x65, 0x6c, 0x6c, 0x5f,
  0x31, 0x31, 0x2f, 0x53, 0x69, 0x67, 0x6d, 0x6f, 0x69, 0x64, 0x5f, 0x32,
  0x00, 0x00, 0x00, 0x00, 0x02, 0x00, 0x00, 0x00, 0x01, 0x00, 0x00, 0x00,
  0x10, 0x00, 0x00, 0x00, 0x0a, 0xd0, 0xff, 0xff, 0x00, 0x00, 0x00, 0x01,
  0x10, 0x00, 0x00, 0x00, 0x10, 0x00, 0x00, 0x00, 0x8b, 0x00, 0x00, 0x00,
  0x38, 0x00, 0x00, 0x00, 0x7c, 0xcf, 0xff, 0xff, 0x2a, 0x00, 0x00, 0x00,
  0x73, 0x65, 0x71, 0x75, 0x65, 0x6e, 0x74, 0x69, 0x61, 0x6c, 0x5f, 0x31,
  0x32, 0x32, 0x5f, 0x31, 0x2f, 0x6c, 0x73, 0x74, 0x6d, 0x5f, 0x32, 0x5f,
  0x31, 0x2f, 0x6c, 0x73, 0x74, 0x6d, 0x5f, 0x63, 0x65, 0x6c, 0x6c, 0x5f,
  0x31, 0x31, 0x2f, 0x6d, 0x75, 0x6c, 0x00, 0x00, 0x02, 0x00, 0x00, 0x00,
  0x01, 0x00, 0x00, 0x00, 0x10, 0x00, 0x00, 0x00, 0x62, 0xd0, 0xff, 0xff,
  0x00, 0x00, 0x00, 0x01, 0x10, 0x00, 0x00, 0x00, 0x10, 0x00, 0x00, 0x00,
  0x8a, 0x00, 0x00, 0x00, 0x40, 0x00, 0x00, 0x00, 0xd4, 0xcf, 0xff, 0xff,
  0x30, 0x00, 0x00, 0x00, 0x73, 0x65, 0x71, 0x75, 0x65, 0x6e, 0x74, 0x69,
  0x61, 0x6c, 0x5f, 0x31, 0x32, 0x32, 0x5f, 0x31, 0x2f, 0x6c, 0x73, 0x74,
  0x6d, 0x5f, 0x32, 0x5f, 0x31, 0x2f, 0x6c, 0x73, 0x74, 0x6d, 0x5f, 0x63,
  0x65, 0x6c, 0x6c, 0x5f, 0x31, 0x31, 0x2f, 0x53, 0x69, 0x67, 0x6d, 0x6f,
  0x69, 0x64, 0x5f, 0x31, 0x00, 0x00, 0x00, 0x00, 0x02, 0x00, 0x00, 0x00,
  0x01, 0x00, 0x00, 0x00, 0x10, 0x00, 0x00, 0x00, 0xc2, 0xd0, 0xff, 0xff,
  0x00, 0x00, 0x00, 0x01, 0x10, 0x00, 0x00, 0x00, 0x10, 0x00, 0x00, 0x00,
  0x89, 0x00, 0x00, 0x00, 0x3c, 0x00, 0x00, 0x00, 0x34, 0xd0, 0xff, 0xff,
  0x2e, 0x00, 0x00, 0x00, 0x73, 0x65, 0x71, 0x75, 0x65, 0x6e, 0x74, 0x69,
  0x61, 0x6c, 0x5f, 0x31, 0x32, 0x32, 0x5f, 0x31, 0x2f, 0x6c, 0x73, 0x74,
  0x6d, 0x5f, 0x32, 0x5f, 0x31, 0x2f, 0x6c, 0x73, 0x74, 0x6d, 0x5f, 0x63,
  0x65, 0x6c, 0x6c, 0x5f, 0x31, 0x31, 0x2f, 0x53, 0x69, 0x67, 0x6d, 0x6f,
  0x69, 0x64, 0x00, 0x00, 0x02, 0x00, 0x00, 0x00, 0x01, 0x00, 0x00, 0x00,
  0x10, 0x00, 0x00, 0x00, 0x1e, 0xd1, 0xff, 0xff, 0x00, 0x00, 0x00, 0x01,
  0x10, 0x00, 0x00, 0x00, 0x10, 0x00, 0x00, 0x00, 0x88, 0x00, 0x00, 0x00,
  0x3c, 0x00, 0x00, 0x00, 0x90, 0xd0, 0xff, 0xff, 0x2d, 0x00, 0x00, 0x00,
  0x73, 0x65, 0x71, 0x75, 0x65, 0x6e, 0x74, 0x69, 0x61, 0x6c, 0x5f, 0x31,
  0x32, 0x32, 0x5f, 0x31, 0x2f, 0x6c, 0x73, 0x74, 0x6d, 0x5f, 0x32, 0x5f,
  0x31, 0x2f, 0x6c, 0x73, 0x74, 0x6d, 0x5f, 0x63, 0x65, 0x6c, 0x6c, 0x5f,
  0x31, 0x31, 0x2f, 0x73, 0x70, 0x6c, 0x69, 0x74, 0x33, 0x00, 0x00, 0x00,
  0x02, 0x00, 0x00, 0x00, 0x01, 0x00, 0x00, 0x00, 0x10, 0x00, 0x00, 0x00,
  0x7a, 0xd1, 0xff, 0xff, 0x00, 0x00, 0x00, 0x01, 0x10, 0x00, 0x00, 0x00,
  0x10, 0x00, 0x00, 0x00, 0x87, 0x00, 0x00, 0x00, 0x3c, 0x00, 0x00, 0x00,
  0xec, 0xd0, 0xff, 0xff, 0x2d, 0x00, 0x00, 0x00, 0x73, 0x65, 0x71, 0x75,
  0x65, 0x6e, 0x74, 0x69, 0x61, 0x6c, 0x5f, 0x31, 0x32, 0x32, 0x5f, 0x31,
  0x2f, 0x6c, 0x73, 0x74, 0x6d, 0x5f, 0x32, 0x5f, 0x31, 0x2f, 0x6c, 0x73,
  0x74, 0x6d, 0x5f, 0x63, 0x65, 0x6c, 0x6c, 0x5f, 0x31, 0x31, 0x2f, 0x73,
  0x70, 0x6c, 0x69, 0x74, 0x32, 0x00, 0x00, 0x00, 0x02, 0x00, 0x00, 0x00,
  0x01, 0x00, 0x00, 0x00, 0x10, 0x00, 0x00, 0x00, 0xd6, 0xd1, 0xff, 0xff,
  0x00, 0x00, 0x00, 0x01, 0x10, 0x00, 0x00, 0x00, 0x10, 0x00, 0x00, 0x00,
  0x86, 0x00, 0x00, 0x00, 0x3c, 0x00, 0x00, 0x00, 0x48, 0xd1, 0xff, 0xff,
  0x2d, 0x00, 0x00, 0x00, 0x73, 0x65, 0x71, 0x75, 0x65, 0x6e, 0x74, 0x69,
  0x61, 0x6c, 0x5f, 0x31, 0x32, 0x32, 0x5f, 0x31, 0x2f, 0x6c, 0x73, 0x74,
  0x6d, 0x5f, 0x32, 0x5f, 0x31, 0x2f, 0x6c, 0x73, 0x74, 0x6d, 0x5f, 0x63,
  0x65, 0x6c, 0x6c, 0x5f, 0x31, 0x31, 0x2f, 0x73, 0x70, 0x6c, 0x69, 0x74,
  0x31, 0x00, 0x00, 0x00, 0x02, 0x00, 0x00, 0x00, 0x01, 0x00, 0x00, 0x00,
  0x10, 0x00, 0x00, 0x00, 0x32, 0xd2, 0xff, 0xff, 0x00, 0x00, 0x00, 0x01,
  0x10, 0x00, 0x00, 0x00, 0x10, 0x00, 0x00, 0x00, 0x85, 0x00, 0x00, 0x00,
  0x3c, 0x00, 0x00, 0x00, 0xa4, 0xd1, 0xff, 0xff, 0x2c, 0x00, 0x00, 0x00,
  0x73, 0x65, 0x71, 0x75, 0x65, 0x6e, 0x74, 0x69, 0x61, 0x6c, 0x5f, 0x31,
  0x32, 0x32, 0x5f, 0x31, 0x2f, 0x6c, 0x73, 0x74, 0x6d, 0x5f, 0x32, 0x5f,
  0x31, 0x2f, 0x6c, 0x73, 0x74, 0x6d, 0x5f, 0x63, 0x65, 0x6c, 0x6c, 0x5f,
  0x31, 0x31, 0x2f, 0x73, 0x70, 0x6c, 0x69, 0x74, 0x00, 0x00, 0x00, 0x00,
  0x02, 0x00, 0x00, 0x00, 0x01, 0x00, 0x00, 0x00, 0x10, 0x00, 0x00, 0x00,
  0x8e, 0xd2, 0xff, 0xff, 0x00, 0x00, 0x00, 0x01, 0x10, 0x00, 0x00, 0x00,
  0x10, 0x00, 0x00, 0x00, 0x84, 0x00, 0x00, 0x00, 0x40, 0x00, 0x00, 0x00,
  0x00, 0xd2, 0xff, 0xff, 0x30, 0x00, 0x00, 0x00, 0x73, 0x65, 0x71, 0x75,
  0x65, 0x6e, 0x74, 0x69, 0x61, 0x6c, 0x5f, 0x31, 0x32, 0x32, 0x5f, 0x31,
  0x2f, 0x6c, 0x73, 0x74, 0x6d, 0x5f, 0x32, 0x5f, 0x31, 0x2f, 0x6c, 0x73,
  0x74, 0x6d, 0x5f, 0x63, 0x65, 0x6c, 0x6c, 0x5f, 0x31, 0x31, 0x2f, 0x42,
  0x69, 0x61, 0x73, 0x41, 0x64, 0x64, 0x5f, 0x31, 0x00, 0x00, 0x00, 0x00,
  0x02, 0x00, 0x00, 0x00, 0x01, 0x00, 0x00, 0x00, 0x40, 0x00, 0x00, 0x00,
  0xee, 0xd2, 0xff, 0xff, 0x00, 0x00, 0x00, 0x01, 0x10, 0x00, 0x00, 0x00,
  0x10, 0x00, 0x00, 0x00, 0x83, 0x00, 0x00, 0x00, 0x3c, 0x00, 0x00, 0x00,
  0x60, 0xd2, 0xff, 0xff, 0x2e, 0x00, 0x00, 0x00, 0x73, 0x65, 0x71, 0x75,
  0x65, 0x6e, 0x74, 0x69, 0x61, 0x6c, 0x5f, 0x31, 0x32, 0x32, 0x5f, 0x31,
  0x2f, 0x6c, 0x73, 0x74, 0x6d, 0x5f, 0x32, 0x5f, 0x31, 0x2f, 0x6c, 0x73,
  0x74, 0x6d, 0x5f, 0x63, 0x65, 0x6c, 0x6c, 0x5f, 0x31, 0x31, 0x2f, 0x42,
  0x69, 0x61, 0x73, 0x41, 0x64, 0x64, 0x00, 0x00, 0x02, 0x00, 0x00, 0x00,
  0x01, 0x00, 0x00, 0x00, 0x40, 0x00, 0x00, 0x00, 0x4a, 0xd3, 0xff, 0xff,
  0x00, 0x00, 0x00, 0x01, 0x10, 0x00, 0x00, 0x00, 0x10, 0x00, 0x00, 0x00,
  0x82, 0x00, 0x00, 0x00, 0x3c, 0x00, 0x00, 0x00, 0xbc, 0xd2, 0xff, 0xff,
  0x2e, 0x00, 0x00, 0x00, 0x73, 0x65, 0x71, 0x75, 0x65, 0x6e, 0x74, 0x69,
  0x61, 0x6c, 0x5f, 0x31, 0x32, 0x32, 0x5f, 0x31, 0x2f, 0x6c, 0x73, 0x74,
  0x6d, 0x5f, 0x32, 0x5f, 0x31, 0x2f, 0x6c, 0x73, 0x74, 0x6d, 0x5f, 0x63,
  0x65, 0x6c, 0x6c, 0x5f, 0x31, 0x31, 0x2f, 0x53, 0x71, 0x75, 0x65, 0x65,
  0x7a, 0x65, 0x00, 0x00, 0x01, 0x00, 0x00, 0x00, 0x40, 0x00, 0x00, 0x00,
  0xa2, 0xd3, 0xff, 0xff, 0x00, 0x00, 0x00, 0x01, 0x10, 0x00, 0x00, 0x00,
  0x10, 0x00, 0x00, 0x00, 0x81, 0x00, 0x00, 0x00, 0x3c, 0x00, 0x00, 0x00,
  0x14, 0xd3, 0xff, 0xff, 0x2f, 0x00, 0x00, 0x00, 0x73, 0x65, 0x71, 0x75,
  0x65, 0x6e, 0x74, 0x69, 0x61, 0x6c, 0x5f, 0x31, 0x32, 0x32, 0x5f, 0x31,
  0x2f, 0x6c, 0x73, 0x74, 0x6d, 0x5f, 0x32, 0x5f, 0x31, 0x2f, 0x6c, 0x73,
  0x74, 0x6d, 0x5f, 0x63, 0x65, 0x6c, 0x6c, 0x5f, 0x31, 0x31, 0x2f, 0x4d,
  0x61, 0x74, 0x4d, 0x75, 0x6c, 0x5f, 0x31, 0x00, 0x02, 0x00, 0x00, 0x00,
  0x01, 0x00, 0x00, 0x00, 0x40, 0x00, 0x00, 0x00, 0xfe, 0xd3, 0xff, 0xff,
  0x00, 0x00, 0x00, 0x01, 0x10, 0x00, 0x00, 0x00, 0x10, 0x00, 0x00, 0x00,
  0x80, 0x00, 0x00, 0x00, 0x38, 0x00, 0x00, 0x00, 0x70, 0xd3, 0xff, 0xff,
  0x2b, 0x00, 0x00, 0x00, 0x73, 0x65, 0x71, 0x75, 0x65, 0x6e, 0x74, 0x69,
  0x61, 0x6c, 0x5f, 0x31, 0x32, 0x32, 0x5f, 0x31, 0x2f, 0x6c, 0x73, 0x74,
  0x6d, 0x5f, 0x32, 0x5f, 0x31, 0x2f, 0x6c, 0x73, 0x74, 0x6d, 0x5f, 0x63,
  0x65, 0x6c, 0x6c, 0x5f, 0x39, 0x2f, 0x6d, 0x75, 0x6c, 0x5f, 0x32, 0x00,
  0x02, 0x00, 0x00, 0x00, 0x01, 0x00, 0x00, 0x00, 0x10, 0x00, 0x00, 0x00,
  0x56, 0xd4, 0xff, 0xff, 0x00, 0x00, 0x00, 0x01, 0x10, 0x00, 0x00, 0x00,
  0x10, 0x00, 0x00, 0x00, 0x7f, 0x00, 0x00, 0x00, 0x3c, 0x00, 0x00, 0x00,
  0xc8, 0xd3, 0xff, 0xff, 0x2c, 0x00, 0x00, 0x00, 0x73, 0x65, 0x71, 0x75,
  0x65, 0x6e, 0x74, 0x69, 0x61, 0x6c, 0x5f, 0x31, 0x32, 0x32, 0x5f, 0x31,
  0x2f, 0x6c, 0x73, 0x74, 0x6d, 0x5f, 0x32, 0x5f, 0x31, 0x2f, 0x6c, 0x73,
  0x74, 0x6d, 0x5f, 0x63, 0x65, 0x6c, 0x6c, 0x5f, 0x39, 0x2f, 0x54, 0x61,
  0x6e, 0x68, 0x5f, 0x31, 0x00, 0x00, 0x00, 0x00, 0x02, 0x00, 0x00, 0x00,
  0x01, 0x00, 0x00, 0x00, 0x10, 0x00, 0x00, 0x00, 0xb2, 0xd4, 0xff, 0xff,
  0x00, 0x00, 0x00, 0x01, 0x10, 0x00, 0x00, 0x00, 0x10, 0x00, 0x00, 0x00,
  0x7e, 0x00, 0x00, 0x00, 0x38, 0x00, 0x00, 0x00, 0x24, 0xd4, 0xff, 0xff,
  0x29, 0x00, 0x00, 0x00, 0x73, 0x65, 0x71, 0x75, 0x65, 0x6e, 0x74, 0x69,
  0x61, 0x6c, 0x5f, 0x31, 0x32, 0x32, 0x5f, 0x31, 0x2f, 0x6c, 0x73, 0x74,
  0x6d, 0x5f, 0x32, 0x5f, 0x31, 0x2f, 0x6c, 0x73, 0x74, 0x6d, 0x5f, 0x63,
  0x65, 0x6c, 0x6c, 0x5f, 0x39, 0x2f, 0x61, 0x64, 0x64, 0x00, 0x00, 0x00,
  0x02, 0x00, 0x00, 0x00, 0x01, 0x00, 0x00, 0x00, 0x10, 0x00, 0x00, 0x00,
  0x0a, 0xd5, 0xff, 0xff, 0x00, 0x00, 0x00, 0x01, 0x10, 0x00, 0x00, 0x00,
  0x10, 0x00, 0x00, 0x00, 0x7d, 0x00, 0x00, 0x00, 0x38, 0x00, 0x00, 0x00,
  0x7c, 0xd4, 0xff, 0xff, 0x2b, 0x00, 0x00, 0x00, 0x73, 0x65, 0x71, 0x75,
  0x65, 0x6e, 0x74, 0x69, 0x61, 0x6c, 0x5f, 0x31, 0x32, 0x32, 0x5f, 0x31,
  0x2f, 0x6c, 0x73, 0x74, 0x6d, 0x5f, 0x32, 0x5f, 0x31, 0x2f, 0x6c, 0x73,
  0x74, 0x6d, 0x5f, 0x63, 0x65, 0x6c, 0x6c, 0x5f, 0x39, 0x2f, 0x6d, 0x75,
  0x6c, 0x5f, 0x31, 0x00, 0x02, 0x00, 0x00, 0x00, 0x01, 0x00, 0x00, 0x00,
  0x10, 0x00, 0x00, 0x00, 0x62, 0xd5, 0xff, 0xff, 0x00, 0x00, 0x00, 0x01,
  0x10, 0x00, 0x00, 0x00, 0x10, 0x00, 0x00, 0x00, 0x7c, 0x00, 0x00, 0x00,
  0x38, 0x00, 0x00, 0x00, 0xd4, 0xd4, 0xff, 0xff, 0x2a, 0x00, 0x00, 0x00,
  0x73, 0x65, 0x71, 0x75, 0x65, 0x6e, 0x74, 0x69, 0x61, 0x6c, 0x5f, 0x31,
  0x32, 0x32, 0x5f, 0x31, 0x2f, 0x6c, 0x73, 0x74, 0x6d, 0x5f, 0x32, 0x5f,
  0x31, 0x2f, 0x6c, 0x73, 0x74, 0x6d, 0x5f, 0x63, 0x65, 0x6c, 0x6c, 0x5f,
  0x39, 0x2f, 0x54, 0x61, 0x6e, 0x68, 0x00, 0x00, 0x02, 0x00, 0x00, 0x00,
  0x01, 0x00, 0x00, 0x00, 0x10, 0x00, 0x00, 0x00, 0xba, 0xd5, 0xff, 0xff,
  0x00, 0x00, 0x00, 0x01, 0x10, 0x00, 0x00, 0x00, 0x10, 0x00, 0x00, 0x00,
  0x7b, 0x00, 0x00, 0x00, 0x3c, 0x00, 0x00, 0x00, 0x2c, 0xd5, 0xff, 0xff,
  0x2f, 0x00, 0x00, 0x00, 0x73, 0x65, 0x71, 0x75, 0x65, 0x6e, 0x74, 0x69,
  0x61, 0x6c, 0x5f, 0x31, 0x32, 0x32, 0x5f, 0x31, 0x2f, 0x6c, 0x73, 0x74,
  0x6d, 0x5f, 0x32, 0x5f, 0x31, 0x2f, 0x6c, 0x73, 0x74, 0x6d, 0x5f, 0x63,
  0x65, 0x6c, 0x6c, 0x5f, 0x39, 0x2f, 0x53, 0x69, 0x67, 0x6d, 0x6f, 0x69,
  0x64, 0x5f, 0x32, 0x00, 0x02, 0x00, 0x00, 0x00, 0x01, 0x00, 0x00, 0x00,
  0x10, 0x00, 0x00, 0x00, 0x16, 0xd6, 0xff, 0xff, 0x00, 0x00, 0x00, 0x01,
  0x10, 0x00, 0x00, 0x00, 0x10, 0x00, 0x00, 0x00, 0x7a, 0x00, 0x00, 0x00,
  0x38, 0x00, 0x00, 0x00, 0x88, 0xd5, 0xff, 0xff, 0x29, 0x00, 0x00, 0x00,
  0x73, 0x65, 0x71, 0x75, 0x65, 0x6e, 0x74, 0x69, 0x61, 0x6c, 0x5f, 0x31,
  0x32, 0x32, 0x5f, 0x31, 0x2f, 0x6c, 0x73, 0x74, 0x6d, 0x5f, 0x32, 0x5f,
  0x31, 0x2f, 0x6c, 0x73, 0x74, 0x6d, 0x5f, 0x63, 0x65, 0x6c, 0x6c, 0x5f,
  0x39, 0x2f, 0x6d, 0x75, 0x6c, 0x00, 0x00, 0x00, 0x02, 0x00, 0x00, 0x00,
  0x01, 0x00, 0x00, 0x00, 0x10, 0x00, 0x00, 0x00, 0x6e, 0xd6, 0xff, 0xff,
  0x00, 0x00, 0x00, 0x01, 0x10, 0x00, 0x00, 0x00, 0x10, 0x00, 0x00, 0x00,
  0x79, 0x00, 0x00, 0x00, 0x3c, 0x00, 0x00, 0x00, 0xe0, 0xd5, 0xff, 0xff,
  0x2f, 0x00, 0x00, 0x00, 0x73, 0x65, 0x71, 0x75, 0x65, 0x6e, 0x74, 0x69,
  0x61, 0x6c, 0x5f, 0x31, 0x32, 0x32, 0x5f, 0x31, 0x2f, 0x6c, 0x73, 0x74,
  0x6d, 0x5f, 0x32, 0x5f, 0x31, 0x2f, 0x6c, 0x73, 0x74, 0x6d, 0x5f, 0x63,
  0x65, 0x6c, 0x6c, 0x5f, 0x39, 0x2f, 0x53, 0x69, 0x67, 0x6d, 0x6f, 0x69,
  0x64, 0x5f, 0x31, 0x00, 0x02, 0x00, 0x00, 0x00, 0x01, 0x00, 0x00, 0x00,
  0x10, 0x00, 0x00, 0x00, 0xca, 0xd6, 0xff, 0xff, 0x00, 0x00, 0x00, 0x01,
  0x10, 0x00, 0x00, 0x00, 0x10, 0x00, 0x00, 0x00, 0x78, 0x00, 0x00, 0x00,
  0x3c, 0x00, 0x00, 0x00, 0x3c, 0xd6, 0xff, 0xff, 0x2d, 0x00, 0x00, 0x00,
  0x73, 0x65, 0x71, 0x75, 0x65, 0x6e, 0x74, 0x69, 0x61, 0x6c, 0x5f, 0x31,
  0x32, 0x32, 0x5f, 0x31, 0x2f, 0x6c, 0x73, 0x74, 0x6d, 0x5f, 0x32, 0x5f,
  0x31, 0x2f, 0x6c, 0x73, 0x74, 0x6d, 0x5f, 0x63, 0x65, 0x6c, 0x6c, 0x5f,
  0x39, 0x2f, 0x53, 0x69, 0x67, 0x6d, 0x6f, 0x69, 0x64, 0x00, 0x00, 0x00,
  0x02, 0x00, 0x00, 0x00, 0x01, 0x00, 0x00, 0x00, 0x10, 0x00, 0x00, 0x00,
  0x26, 0xd7, 0xff, 0xff, 0x00, 0x00, 0x00, 0x01, 0x10, 0x00, 0x00, 0x00,
  0x10, 0x00, 0x00, 0x00, 0x77, 0x00, 0x00, 0x00, 0x3c, 0x00, 0x00, 0x00,
  0x98, 0xd6, 0xff, 0xff, 0x2c, 0x00, 0x00, 0x00, 0x73, 0x65, 0x71, 0x75,
  0x65, 0x6e, 0x74, 0x69, 0x61, 0x6c, 0x5f, 0x31, 0x32, 0x32, 0x5f, 0x31,
  0x2f, 0x6c, 0x73, 0x74, 0x6d, 0x5f, 0x32, 0x5f, 0x31, 0x2f, 0x6c, 0x73,
  0x74, 0x6d, 0x5f, 0x63, 0x65, 0x6c, 0x6c, 0x5f, 0x39, 0x2f, 0x73, 0x70,
  0x6c, 0x69, 0x74, 0x33, 0x00, 0x00, 0x00, 0x00, 0x02, 0x00, 0x00, 0x00,
  0x01, 0x00, 0x00, 0x00, 0x10, 0x00, 0x00, 0x00, 0x82, 0xd7, 0xff, 0xff,
  0x00, 0x00, 0x00, 0x01, 0x10, 0x00, 0x00, 0x00, 0x10, 0x00, 0x00, 0x00,
  0x76, 0x00, 0x00, 0x00, 0x3c, 0x00, 0x00, 0x00, 0xf4, 0xd6, 0xff, 0xff,
  0x2c, 0x00, 0x00, 0x00, 0x73, 0x65, 0x71, 0x75, 0x65, 0x6e, 0x74, 0x69,
  0x61, 0x6c, 0x5f, 0x31, 0x32, 0x32, 0x5f, 0x31, 0x2f, 0x6c, 0x73, 0x74,
  0x6d, 0x5f, 0x32, 0x5f, 0x31, 0x2f, 0x6c, 0x73, 0x74, 0x6d, 0x5f, 0x63,
  0x65, 0x6c, 0x6c, 0x5f, 0x39, 0x2f, 0x73, 0x70, 0x6c, 0x69, 0x74, 0x32,
  0x00, 0x00, 0x00, 0x00, 0x02, 0x00, 0x00, 0x00, 0x01, 0x00, 0x00, 0x00,
  0x10, 0x00, 0x00, 0x00, 0xde, 0xd7, 0xff, 0xff, 0x00, 0x00, 0x00, 0x01,
  0x10, 0x00, 0x00, 0x00, 0x10, 0x00, 0x00, 0x00, 0x75, 0x00, 0x00, 0x00,
  0x3c, 0x00, 0x00, 0x00, 0x50, 0xd7, 0xff, 0xff, 0x2c, 0x00, 0x00, 0x00,
  0x73, 0x65, 0x71, 0x75, 0x65, 0x6e, 0x74, 0x69, 0x61, 0x6c, 0x5f, 0x31,
  0x32, 0x32, 0x5f, 0x31, 0x2f, 0x6c, 0x73, 0x74, 0x6d, 0x5f, 0x32, 0x5f,
  0x31, 0x2f, 0x6c, 0x73, 0x74, 0x6d, 0x5f, 0x63, 0x65, 0x6c, 0x6c, 0x5f,
  0x39, 0x2f, 0x73, 0x70, 0x6c, 0x69, 0x74, 0x31, 0x00, 0x00, 0x00, 0x00,
  0x02, 0x00, 0x00, 0x00, 0x01, 0x00, 0x00, 0x00, 0x10, 0x00, 0x00, 0x00,
  0x3a, 0xd8, 0xff, 0xff, 0x00, 0x00, 0x00, 0x01, 0x10, 0x00, 0x00, 0x00,
  0x10, 0x00, 0x00, 0x00, 0x74, 0x00, 0x00, 0x00, 0x38, 0x00, 0x00, 0x00,
  0xac, 0xd7, 0xff, 0xff, 0x2b, 0x00, 0x00, 0x00, 0x73, 0x65, 0x71, 0x75,
  0x65, 0x6e, 0x74, 0x69, 0x61, 0x6c, 0x5f, 0x31, 0x32, 0x32, 0x5f, 0x31,
  0x2f, 0x6c, 0x73, 0x74, 0x6d, 0x5f, 0x32, 0x5f, 0x31, 0x2f, 0x6c, 0x73,
  0x74, 0x6d, 0x5f, 0x63, 0x65, 0x6c, 0x6c, 0x5f, 0x39, 0x2f, 0x73, 0x70,
  0x6c, 0x69, 0x74, 0x00, 0x02, 0x00, 0x00, 0x00, 0x01, 0x00, 0x00, 0x00,
  0x10, 0x00, 0x00, 0x00, 0x92, 0xd8, 0xff, 0xff, 0x00, 0x00, 0x00, 0x01,
  0x10, 0x00, 0x00, 0x00, 0x10, 0x00, 0x00, 0x00, 0x73, 0x00, 0x00, 0x00,
  0x3c, 0x00, 0x00, 0x00, 0x04, 0xd8, 0xff, 0xff, 0x2f, 0x00, 0x00, 0x00,
  0x73, 0x65, 0x71, 0x75, 0x65, 0x6e, 0x74, 0x69, 0x61, 0x6c, 0x5f, 0x31,
  0x32, 0x32, 0x5f, 0x31, 0x2f, 0x6c, 0x73, 0x74, 0x6d, 0x5f, 0x32, 0x5f,
  0x31, 0x2f, 0x6c, 0x73, 0x74, 0x6d, 0x5f, 0x63, 0x65, 0x6c, 0x6c, 0x5f,
  0x39, 0x2f, 0x42, 0x69, 0x61, 0x73, 0x41, 0x64, 0x64, 0x5f, 0x31, 0x00,
  0x02, 0x00, 0x00, 0x00, 0x01, 0x00, 0x00, 0x00, 0x40, 0x00, 0x00, 0x00,
  0xee, 0xd8, 0xff, 0xff, 0x00, 0x00, 0x00, 0x01, 0x10, 0x00, 0x00, 0x00,
  0x10, 0x00, 0x00, 0x00, 0x72, 0x00, 0x00, 0x00, 0x3c, 0x00, 0x00, 0x00,
  0x60, 0xd8, 0xff, 0xff, 0x2d, 0x00, 0x00, 0x00, 0x73, 0x65, 0x71, 0x75,
  0x65, 0x6e, 0x74, 0x69, 0x61, 0x6c, 0x5f, 0x31, 0x32, 0x32, 0x5f, 0x31,
  0x2f, 0x6c, 0x73, 0x74, 0x6d, 0x5f, 0x32, 0x5f, 0x31, 0x2f, 0x6c, 0x73,
  0x74, 0x6d, 0x5f, 0x63, 0x65, 0x6c, 0x6c, 0x5f, 0x39, 0x2f, 0x42, 0x69,
  0x61, 0x73, 0x41, 0x64, 0x64, 0x00, 0x00, 0x00, 0x02, 0x00, 0x00, 0x00,
  0x01, 0x00, 0x00, 0x00, 0x40, 0x00, 0x00, 0x00, 0x4a, 0xd9, 0xff, 0xff,
  0x00, 0x00, 0x00, 0x01, 0x10, 0x00, 0x00, 0x00, 0x10, 0x00, 0x00, 0x00,
  0x71, 0x00, 0x00, 0x00, 0x3c, 0x00, 0x00, 0x00, 0xbc, 0xd8, 0xff, 0xff,
  0x2c, 0x00, 0x00, 0x00, 0x73, 0x65, 0x71, 0x75, 0x65, 0x6e, 0x74, 0x69,
  0x61, 0x6c, 0x5f, 0x31, 0x32, 0x32, 0x5f, 0x31, 0x2f, 0x6c, 0x73, 0x74,
  0x6d, 0x5f, 0x32, 0x5f, 0x31, 0x2f, 0x6c, 0x73, 0x74, 0x6d, 0x5f, 0x63,
  0x65, 0x6c, 0x6c, 0x5f, 0x39, 0x2f, 0x4d, 0x61, 0x74, 0x4d, 0x75, 0x6c,
  0x00, 0x00, 0x00, 0x00, 0x02, 0x00, 0x00, 0x00, 0x01, 0x00, 0x00, 0x00,
  0x40, 0x00, 0x00, 0x00, 0xa6, 0xd9, 0xff, 0xff, 0x00, 0x00, 0x00, 0x01,
  0x10, 0x00, 0x00, 0x00, 0x10, 0x00, 0x00, 0x00, 0x70, 0x00, 0x00, 0x00,
  0x3c, 0x00, 0x00, 0x00, 0x18, 0xd9, 0xff, 0xff, 0x2d, 0x00, 0x00, 0x00,
  0x73, 0x65, 0x71, 0x75, 0x65, 0x6e, 0x74, 0x69, 0x61, 0x6c, 0x5f, 0x31,
  0x32, 0x32, 0x5f, 0x31, 0x2f, 0x6c, 0x73, 0x74, 0x6d, 0x5f, 0x32, 0x5f,
  0x31, 0x2f, 0x6c, 0x73, 0x74, 0x6d, 0x5f, 0x63, 0x65, 0x6c, 0x6c, 0x5f,
  0x39, 0x2f, 0x53, 0x71, 0x75, 0x65, 0x65, 0x7a, 0x65, 0x00, 0x00, 0x00,
  0x01, 0x00, 0x00, 0x00, 0x40, 0x00, 0x00, 0x00, 0xfe, 0xd9, 0xff, 0xff,
  0x00, 0x00, 0x00, 0x01, 0x10, 0x00, 0x00, 0x00, 0x10, 0x00, 0x00, 0x00,
  0x6f, 0x00, 0x00, 0x00, 0x3c, 0x00, 0x00, 0x00, 0x70, 0xd9, 0xff, 0xff,
  0x2e, 0x00, 0x00, 0x00, 0x73, 0x65, 0x71, 0x75, 0x65, 0x6e, 0x74, 0x69,
  0x61, 0x6c, 0x5f, 0x31, 0x32, 0x32, 0x5f, 0x31, 0x2f, 0x6c, 0x73, 0x74,
  0x6d, 0x5f, 0x32, 0x5f, 0x31, 0x2f, 0x6c, 0x73, 0x74, 0x6d, 0x5f, 0x63,
  0x65, 0x6c, 0x6c, 0x5f, 0x39, 0x2f, 0x4d, 0x61, 0x74, 0x4d, 0x75, 0x6c,
  0x5f, 0x31, 0x00, 0x00, 0x02, 0x00, 0x00, 0x00, 0x01, 0x00, 0x00, 0x00,
  0x40, 0x00, 0x00, 0x00, 0x5a, 0xda, 0xff, 0xff, 0x00, 0x00, 0x00, 0x01,
  0x10, 0x00, 0x00, 0x00, 0x10, 0x00, 0x00, 0x00, 0x6e, 0x00, 0x00, 0x00,
  0x38, 0x00, 0x00, 0x00, 0xcc, 0xd9, 0xff, 0xff, 0x2b, 0x00, 0x00, 0x00,
  0x73, 0x65, 0x71, 0x75, 0x65, 0x6e, 0x74, 0x69, 0x61, 0x6c, 0x5f, 0x31,
  0x32, 0x32, 0x5f, 0x31, 0x2f, 0x6c, 0x73, 0x74, 0x6d, 0x5f, 0x32, 0x5f,
  0x31, 0x2f, 0x6c, 0x73, 0x74, 0x6d, 0x5f, 0x63, 0x65, 0x6c, 0x6c, 0x5f,
  0x37, 0x2f, 0x6d, 0x75, 0x6c, 0x5f, 0x32, 0x00, 0x02, 0x00, 0x00, 0x00,
  0x01, 0x00, 0x00, 0x00, 0x10, 0x00, 0x00, 0x00, 0xb2, 0xda, 0xff, 0xff,
  0x00, 0x00, 0x00, 0x01, 0x10, 0x00, 0x00, 0x00, 0x10, 0x00, 0x00, 0x00,
  0x6d, 0x00, 0x00, 0x00, 0x3c, 0x00, 0x00, 0x00, 0x24, 0xda, 0xff, 0xff,
  0x2c, 0x00, 0x00, 0x00, 0x73, 0x65, 0x71, 0x75, 0x65, 0x6e, 0x74, 0x69,
  0x61, 0x6c, 0x5f, 0x31, 0x32, 0x32, 0x5f, 0x31, 0x2f, 0x6c, 0x73, 0x74,
  0x6d, 0x5f, 0x32, 0x5f, 0x31, 0x2f, 0x6c, 0x73, 0x74, 0x6d, 0x5f, 0x63,
  0x65, 0x6c, 0x6c, 0x5f, 0x37, 0x2f, 0x54, 0x61, 0x6e, 0x68, 0x5f, 0x31,
  0x00, 0x00, 0x00, 0x00, 0x02, 0x00, 0x00, 0x00, 0x01, 0x00, 0x00, 0x00,
  0x10, 0x00, 0x00, 0x00, 0x0e, 0xdb, 0xff, 0xff, 0x00, 0x00, 0x00, 0x01,
  0x10, 0x00, 0x00, 0x00, 0x10, 0x00, 0x00, 0x00, 0x6c, 0x00, 0x00, 0x00,
  0x38, 0x00, 0x00, 0x00, 0x80, 0xda, 0xff, 0xff, 0x29, 0x00, 0x00, 0x00,
  0x73, 0x65, 0x71, 0x75, 0x65, 0x6e, 0x74, 0x69, 0x61, 0x6c, 0x5f, 0x31,
  0x32, 0x32, 0x5f, 0x31, 0x2f, 0x6c, 0x73, 0x74, 0x6d, 0x5f, 0x32, 0x5f,
  0x31, 0x2f, 0x6c, 0x73, 0x74, 0x6d, 0x5f, 0x63, 0x65, 0x6c, 0x6c, 0x5f,
  0x37, 0x2f, 0x61, 0x64, 0x64, 0x00, 0x00, 0x00, 0x02, 0x00, 0x00, 0x00,
  0x01, 0x00, 0x00, 0x00, 0x10, 0x00, 0x00, 0x00, 0x66, 0xdb, 0xff, 0xff,
  0x00, 0x00, 0x00, 0x01, 0x10, 0x00, 0x00, 0x00, 0x10, 0x00, 0x00, 0x00,
  0x6b, 0x00, 0x00, 0x00, 0x38, 0x00, 0x00, 0x00, 0xd8, 0xda, 0xff, 0xff,
  0x2b, 0x00, 0x00, 0x00, 0x73, 0x65, 0x71, 0x75, 0x65, 0x6e, 0x74, 0x69,
  0x61, 0x6c, 0x5f, 0x31, 0x32, 0x32, 0x5f, 0x31, 0x2f, 0x6c, 0x73, 0x74,
  0x6d, 0x5f, 0x32, 0x5f, 0x31, 0x2f, 0x6c, 0x73, 0x74, 0x6d, 0x5f, 0x63,
  0x65, 0x6c, 0x6c, 0x5f, 0x37, 0x2f, 0x6d, 0x75, 0x6c, 0x5f, 0x31, 0x00,
  0x02, 0x00, 0x00, 0x00, 0x01, 0x00, 0x00, 0x00, 0x10, 0x00, 0x00, 0x00,
  0xbe, 0xdb, 0xff, 0xff, 0x00, 0x00, 0x00, 0x01, 0x10, 0x00, 0x00, 0x00,
  0x10, 0x00, 0x00, 0x00, 0x6a, 0x00, 0x00, 0x00, 0x38, 0x00, 0x00, 0x00,
  0x30, 0xdb, 0xff, 0xff, 0x2a, 0x00, 0x00, 0x00, 0x73, 0x65, 0x71, 0x75,
  0x65, 0x6e, 0x74, 0x69, 0x61, 0x6c, 0x5f, 0x31, 0x32, 0x32, 0x5f, 0x31,
  0x2f, 0x6c, 0x73, 0x74, 0x6d, 0x5f, 0x32, 0x5f, 0x31, 0x2f, 0x6c, 0x73,
  0x74, 0x6d, 0x5f, 0x63, 0x65, 0x6c, 0x6c, 0x5f, 0x37, 0x2f, 0x54, 0x61,
  0x6e, 0x68, 0x00, 0x00, 0x02, 0x00, 0x00, 0x00, 0x01, 0x00, 0x00, 0x00,
  0x10, 0x00, 0x00, 0x00, 0x16, 0xdc, 0xff, 0xff, 0x00, 0x00, 0x00, 0x01,
  0x10, 0x00, 0x00, 0x00, 0x10, 0x00, 0x00, 0x00, 0x69, 0x00, 0x00, 0x00,
  0x3c, 0x00, 0x00, 0x00, 0x88, 0xdb, 0xff, 0xff, 0x2f, 0x00, 0x00, 0x00,
  0x73, 0x65, 0x71, 0x75, 0x65, 0x6e, 0x74, 0x69, 0x61, 0x6c, 0x5f, 0x31,
  0x32, 0x32, 0x5f, 0x31, 0x2f, 0x6c, 0x73, 0x74, 0x6d, 0x5f, 0x32, 0x5f,
  0x31, 0x2f, 0x6c, 0x73, 0x74, 0x6d, 0x5f, 0x63, 0x65, 0x6c, 0x6c, 0x5f,
  0x37, 0x2f, 0x53, 0x69, 0x67, 0x6d, 0x6f, 0x69, 0x64, 0x5f, 0x32, 0x00,
  0x02, 0x00, 0x00, 0x00, 0x01, 0x00, 0x00, 0x00, 0x10, 0x00, 0x00, 0x00,
  0x72, 0xdc, 0xff, 0xff, 0x00, 0x00, 0x00, 0x01, 0x10, 0x00, 0x00, 0x00,
  0x10, 0x00, 0x00, 0x00, 0x68, 0x00, 0x00, 0x00, 0x38, 0x00, 0x00, 0x00,
  0xe4, 0xdb, 0xff, 0xff, 0x29, 0x00, 0x00, 0x00, 0x73, 0x65, 0x71, 0x75,
  0x65, 0x6e, 0x74, 0x69, 0x61, 0x6c, 0x5f, 0x31, 0x32, 0x32, 0x5f, 0x31,
  0x2f, 0x6c, 0x73, 0x74, 0x6d, 0x5f, 0x32, 0x5f, 0x31, 0x2f, 0x6c, 0x73,
  0x74, 0x6d, 0x5f, 0x63, 0x65, 0x6c, 0x6c, 0x5f, 0x37, 0x2f, 0x6d, 0x75,
  0x6c, 0x00, 0x00, 0x00, 0x02, 0x00, 0x00, 0x00, 0x01, 0x00, 0x00, 0x00,
  0x10, 0x00, 0x00, 0x00, 0xca, 0xdc, 0xff, 0xff, 0x00, 0x00, 0x00, 0x01,
  0x10, 0x00, 0x00, 0x00, 0x10, 0x00, 0x00, 0x00, 0x67, 0x00, 0x00, 0x00,
  0x3c, 0x00, 0x00, 0x00, 0x3c, 0xdc, 0xff, 0xff, 0x2f, 0x00, 0x00, 0x00,
  0x73, 0x65, 0x71, 0x75, 0x65, 0x6e, 0x74, 0x69, 0x61, 0x6c, 0x5f, 0x31,
  0x32, 0x32, 0x5f, 0x31, 0x2f, 0x6c, 0x73, 0x74, 0x6d, 0x5f, 0x32, 0x5f,
  0x31, 0x2f, 0x6c, 0x73, 0x74, 0x6d, 0x5f, 0x63, 0x65, 0x6c, 0x6c, 0x5f,
  0x37, 0x2f, 0x53, 0x69, 0x67, 0x6d, 0x6f, 0x69, 0x64, 0x5f, 0x31, 0x00,
  0x02, 0x00, 0x00, 0x00, 0x01, 0x00, 0x00, 0x00, 0x10, 0x00, 0x00, 0x00,
  0x26, 0xdd, 0xff, 0xff, 0x00, 0x00, 0x00, 0x01, 0x10, 0x00, 0x00, 0x00,
  0x10, 0x00, 0x00, 0x00, 0x66, 0x00, 0x00, 0x00, 0x3c, 0x00, 0x00, 0x00,
  0x98, 0xdc, 0xff, 0xff, 0x2d, 0x00, 0x00, 0x00, 0x73, 0x65, 0x71, 0x75,
  0x65, 0x6e, 0x74, 0x69, 0x61, 0x6c, 0x5f, 0x31, 0x32, 0x32, 0x5f, 0x31,
  0x2f, 0x6c, 0x73, 0x74, 0x6d, 0x5f, 0x32, 0x5f, 0x31, 0x2f, 0x6c, 0x73,
  0x74, 0x6d, 0x5f, 0x63, 0x65, 0x6c, 0x6c, 0x5f, 0x37, 0x2f, 0x53, 0x69,
  0x67, 0x6d, 0x6f, 0x69, 0x64, 0x00, 0x00, 0x00, 0x02, 0x00, 0x00, 0x00,
  0x01, 0x00, 0x00, 0x00, 0x10, 0x00, 0x00, 0x00, 0x82, 0xdd, 0xff, 0xff,
  0x00, 0x00, 0x00, 0x01, 0x10, 0x00, 0x00, 0x00, 0x10, 0x00, 0x00, 0x00,
  0x65, 0x00, 0x00, 0x00, 0x3c, 0x00, 0x00, 0x00, 0xf4, 0xdc, 0xff, 0xff,
  0x2c, 0x00, 0x00, 0x00, 0x73, 0x65, 0x71, 0x75, 0x65, 0x6e, 0x74, 0x69,
  0x61, 0x6c, 0x5f, 0x31, 0x32, 0x32, 0x5f, 0x31, 0x2f, 0x6c, 0x73, 0x74,
  0x6d, 0x5f, 0x32, 0x5f, 0x31, 0x2f, 0x6c, 0x73, 0x74, 0x6d, 0x5f, 0x63,
  0x65, 0x6c, 0x6c, 0x5f, 0x37, 0x2f, 0x73, 0x70, 0x6c, 0x69, 0x74, 0x33,
  0x00, 0x00, 0x00, 0x00, 0x02, 0x00, 0x00, 0x00, 0x01, 0x00, 0x00, 0x00,
  0x10, 0x00, 0x00, 0x00, 0xde, 0xdd, 0xff, 0xff, 0x00, 0x00, 0x00, 0x01,
  0x10, 0x00, 0x00, 0x00, 0x10, 0x00, 0x00, 0x00, 0x64, 0x00, 0x00, 0x00,
  0x3c, 0x00, 0x00, 0x00, 0x50, 0xdd, 0xff, 0xff, 0x2c, 0x00, 0x00, 0x00,
  0x73, 0x65, 0x71, 0x75, 0x65, 0x6e, 0x74, 0x69, 0x61, 0x6c, 0x5f, 0x31,
  0x32, 0x32, 0x5f, 0x31, 0x2f, 0x6c, 0x73, 0x74, 0x6d, 0x5f, 0x32, 0x5f,
  0x31, 0x2f, 0x6c, 0x73, 0x74, 0x6d, 0x5f, 0x63, 0x65, 0x6c, 0x6c, 0x5f,
  0x37, 0x2f, 0x73, 0x70, 0x6c, 0x69, 0x74, 0x32, 0x00, 0x00, 0x00, 0x00,
  0x02, 0x00, 0x00, 0x00, 0x01, 0x00, 0x00, 0x00, 0x10, 0x00, 0x00, 0x00,
  0x3a, 0xde, 0xff, 0xff, 0x00, 0x00, 0x00, 0x01, 0x10, 0x00, 0x00, 0x00,
  0x10, 0x00, 0x00, 0x00, 0x63, 0x00, 0x00, 0x00, 0x3c, 0x00, 0x00, 0x00,
  0xac, 0xdd, 0xff, 0xff, 0x2c, 0x00, 0x00, 0x00, 0x73, 0x65, 0x71, 0x75,
  0x65, 0x6e, 0x74, 0x69, 0x61, 0x6c, 0x5f, 0x31, 0x32, 0x32, 0x5f, 0x31,
  0x2f, 0x6c, 0x73, 0x74, 0x6d, 0x5f, 0x32, 0x5f, 0x31, 0x2f, 0x6c, 0x73,
  0x74, 0x6d, 0x5f, 0x63, 0x65, 0x6c, 0x6c, 0x5f, 0x37, 0x2f, 0x73, 0x70,
  0x6c, 0x69, 0x74, 0x31, 0x00, 0x00, 0x00, 0x00, 0x02, 0x00, 0x00, 0x00,
  0x01, 0x00, 0x00, 0x00, 0x10, 0x00, 0x00, 0x00, 0x96, 0xde, 0xff, 0xff,
  0x00, 0x00, 0x00, 0x01, 0x10, 0x00, 0x00, 0x00, 0x10, 0x00, 0x00, 0x00,
  0x62, 0x00, 0x00, 0x00, 0x38, 0x00, 0x00, 0x00, 0x08, 0xde, 0xff, 0xff,
  0x2b, 0x00, 0x00, 0x00, 0x73, 0x65, 0x71, 0x75, 0x65, 0x6e, 0x74, 0x69,
  0x61, 0x6c, 0x5f, 0x31, 0x32, 0x32, 0x5f, 0x31, 0x2f, 0x6c, 0x73, 0x74,
  0x6d, 0x5f, 0x32, 0x5f, 0x31, 0x2f, 0x6c, 0x73, 0x74, 0x6d, 0x5f, 0x63,
  0x65, 0x6c, 0x6c, 0x5f, 0x37, 0x2f, 0x73, 0x70, 0x6c, 0x69, 0x74, 0x00,
  0x02, 0x00, 0x00, 0x00, 0x01, 0x00, 0x00, 0x00, 0x10, 0x00, 0x00, 0x00,
  0xee, 0xde, 0xff, 0xff, 0x00, 0x00, 0x00, 0x01, 0x10, 0x00, 0x00, 0x00,
  0x10, 0x00, 0x00, 0x00, 0x61, 0x00, 0x00, 0x00, 0x3c, 0x00, 0x00, 0x00,
  0x60, 0xde, 0xff, 0xff, 0x2f, 0x00, 0x00, 0x00, 0x73, 0x65, 0x71, 0x75,
  0x65, 0x6e, 0x74, 0x69, 0x61, 0x6c, 0x5f, 0x31, 0x32, 0x32, 0x5f, 0x31,
  0x2f, 0x6c, 0x73, 0x74, 0x6d, 0x5f, 0x32, 0x5f, 0x31, 0x2f, 0x6c, 0x73,
  0x74, 0x6d, 0x5f, 0x63, 0x65, 0x6c, 0x6c, 0x5f, 0x37, 0x2f, 0x42, 0x69,
  0x61, 0x73, 0x41, 0x64, 0x64, 0x5f, 0x31, 0x00, 0x02, 0x00, 0x00, 0x00,
  0x01, 0x00, 0x00, 0x00, 0x40, 0x00, 0x00, 0x00, 0x4a, 0xdf, 0xff, 0xff,
  0x00, 0x00, 0x00, 0x01, 0x10, 0x00, 0x00, 0x00, 0x10, 0x00, 0x00, 0x00,
  0x60, 0x00, 0x00, 0x00, 0x3c, 0x00, 0x00, 0x00, 0xbc, 0xde, 0xff, 0xff,
  0x2d, 0x00, 0x00, 0x00, 0x73, 0x65, 0x71, 0x75, 0x65, 0x6e, 0x74, 0x69,
  0x61, 0x6c, 0x5f, 0x31, 0x32, 0x32, 0x5f, 0x31, 0x2f, 0x6c, 0x73, 0x74,
  0x6d, 0x5f, 0x32, 0x5f, 0x31, 0x2f, 0x6c, 0x73, 0x74, 0x6d, 0x5f, 0x63,
  0x65, 0x6c, 0x6c, 0x5f, 0x37, 0x2f, 0x42, 0x69, 0x61, 0x73, 0x41, 0x64,
  0x64, 0x00, 0x00, 0x00, 0x02, 0x00, 0x00, 0x00, 0x01, 0x00, 0x00, 0x00,
  0x40, 0x00, 0x00, 0x00, 0xa6, 0xdf, 0xff, 0xff, 0x00, 0x00, 0x00, 0x01,
  0x10, 0x00, 0x00, 0x00, 0x10, 0x00, 0x00, 0x00, 0x5f, 0x00, 0x00, 0x00,
  0x3c, 0x00, 0x00, 0x00, 0x18, 0xdf, 0xff, 0xff, 0x2c, 0x00, 0x00, 0x00,
  0x73, 0x65, 0x71, 0x75, 0x65, 0x6e, 0x74, 0x69, 0x61, 0x6c, 0x5f, 0x31,
  0x32, 0x32, 0x5f, 0x31, 0x2f, 0x6c, 0x73, 0x74, 0x6d, 0x5f, 0x32, 0x5f,
  0x31, 0x2f, 0x6c, 0x73, 0x74, 0x6d, 0x5f, 0x63, 0x65, 0x6c, 0x6c, 0x5f,
  0x37, 0x2f, 0x4d, 0x61, 0x74, 0x4d, 0x75, 0x6c, 0x00, 0x00, 0x00, 0x00,
  0x02, 0x00, 0x00, 0x00, 0x01, 0x00, 0x00, 0x00, 0x40, 0x00, 0x00, 0x00,
  0x02, 0xe0, 0xff, 0xff, 0x00, 0x00, 0x00, 0x01, 0x10, 0x00, 0x00, 0x00,
  0x10, 0x00, 0x00, 0x00, 0x5e, 0x00, 0x00, 0x00, 0x3c, 0x00, 0x00, 0x00,
  0x74, 0xdf, 0xff, 0xff, 0x2d, 0x00, 0x00, 0x00, 0x73, 0x65, 0x71, 0x75,
  0x65, 0x6e, 0x74, 0x69, 0x61, 0x6c, 0x5f, 0x31, 0x32, 0x32, 0x5f, 0x31,
  0x2f, 0x6c, 0x73, 0x74, 0x6d, 0x5f, 0x32, 0x5f, 0x31, 0x2f, 0x6c, 0x73,
  0x74, 0x6d, 0x5f, 0x63, 0x65, 0x6c, 0x6c, 0x5f, 0x37, 0x2f, 0x53, 0x71,
  0x75, 0x65, 0x65, 0x7a, 0x65, 0x00, 0x00, 0x00, 0x01, 0x00, 0x00, 0x00,
  0x40, 0x00, 0x00, 0x00, 0x5a, 0xe0, 0xff, 0xff, 0x00, 0x00, 0x00, 0x01,
  0x10, 0x00, 0x00, 0x00, 0x10, 0x00, 0x00, 0x00, 0x5d, 0x00, 0x00, 0x00,
  0x3c, 0x00, 0x00, 0x00, 0xcc, 0xdf, 0xff, 0xff, 0x2e, 0x00, 0x00, 0x00,
  0x73, 0x65, 0x71, 0x75, 0x65, 0x6e, 0x74, 0x69, 0x61, 0x6c, 0x5f, 0x31,
  0x32, 0x32, 0x5f, 0x31, 0x2f, 0x6c, 0x73, 0x74, 0x6d, 0x5f, 0x32, 0x5f,
  0x31, 0x2f, 0x6c, 0x73, 0x74, 0x6d, 0x5f, 0x63, 0x65, 0x6c, 0x6c, 0x5f,
  0x37, 0x2f, 0x4d, 0x61, 0x74, 0x4d, 0x75, 0x6c, 0x5f, 0x31, 0x00, 0x00,
  0x02, 0x00, 0x00, 0x00, 0x01, 0x00, 0x00, 0x00, 0x40, 0x00, 0x00, 0x00,
  0xb6, 0xe0, 0xff, 0xff, 0x00, 0x00, 0x00, 0x01, 0x10, 0x00, 0x00, 0x00,
  0x10, 0x00, 0x00, 0x00, 0x5c, 0x00, 0x00, 0x00, 0x38, 0x00, 0x00, 0x00,
  0x28, 0xe0, 0xff, 0xff, 0x2b, 0x00, 0x00, 0x00, 0x73, 0x65, 0x71, 0x75,
  0x65, 0x6e, 0x74, 0x69, 0x61, 0x6c, 0x5f, 0x31, 0x32, 0x32, 0x5f, 0x31,
  0x2f, 0x6c, 0x73, 0x74, 0x6d, 0x5f, 0x32, 0x5f, 0x31, 0x2f, 0x6c, 0x73,
  0x74, 0x6d, 0x5f, 0x63, 0x65, 0x6c, 0x6c, 0x5f, 0x35, 0x2f, 0x6d, 0x75,
  0x6c, 0x5f, 0x32, 0x00, 0x02, 0x00, 0x00, 0x00, 0x01, 0x00, 0x00, 0x00,
  0x10, 0x00, 0x00, 0x00, 0x0e, 0xe1, 0xff, 0xff, 0x00, 0x00, 0x00, 0x01,
  0x10, 0x00, 0x00, 0x00, 0x10, 0x00, 0x00, 0x00, 0x5b, 0x00, 0x00, 0x00,
  0x3c, 0x00, 0x00, 0x00, 0x80, 0xe0, 0xff, 0xff, 0x2c, 0x00, 0x00, 0x00,
  0x73, 0x65, 0x71, 0x75, 0x65, 0x6e, 0x74, 0x69, 0x61, 0x6c, 0x5f, 0x31,
  0x32, 0x32, 0x5f, 0x31, 0x2f, 0x6c, 0x73, 0x74, 0x6d, 0x5f, 0x32, 0x5f,
  0x31, 0x2f, 0x6c, 0x73, 0x74, 0x6d, 0x5f, 0x63, 0x65, 0x6c, 0x6c, 0x5f,
  0x35, 0x2f, 0x54, 0x61, 0x6e, 0x68, 0x5f, 0x31, 0x00, 0x00, 0x00, 0x00,
  0x02, 0x00, 0x00, 0x00, 0x01, 0x00, 0x00, 0x00, 0x10, 0x00, 0x00, 0x00,
  0x6a, 0xe1, 0xff, 0xff, 0x00, 0x00, 0x00, 0x01, 0x10, 0x00, 0x00, 0x00,
  0x10, 0x00, 0x00, 0x00, 0x5a, 0x00, 0x00, 0x00, 0x38, 0x00, 0x00, 0x00,
  0xdc, 0xe0, 0xff, 0xff, 0x29, 0x00, 0x00, 0x00, 0x73, 0x65, 0x71, 0x75,
  0x65, 0x6e, 0x74, 0x69, 0x61, 0x6c, 0x5f, 0x31, 0x32, 0x32, 0x5f, 0x31,
  0x2f, 0x6c, 0x73, 0x74, 0x6d, 0x5f, 0x32, 0x5f, 0x31, 0x2f, 0x6c, 0x73,
  0x74, 0x6d, 0x5f, 0x63, 0x65, 0x6c, 0x6c, 0x5f, 0x35, 0x2f, 0x61, 0x64,
  0x64, 0x00, 0x00, 0x00, 0x02, 0x00, 0x00, 0x00, 0x01, 0x00, 0x00, 0x00,
  0x10, 0x00, 0x00, 0x00, 0xc2, 0xe1, 0xff, 0xff, 0x00, 0x00, 0x00, 0x01,
  0x10, 0x00, 0x00, 0x00, 0x10, 0x00, 0x00, 0x00, 0x59, 0x00, 0x00, 0x00,
  0x38, 0x00, 0x00, 0x00, 0x34, 0xe1, 0xff, 0xff, 0x2b, 0x00, 0x00, 0x00,
  0x73, 0x65, 0x71, 0x75, 0x65, 0x6e, 0x74, 0x69, 0x61, 0x6c, 0x5f, 0x31,
  0x32, 0x32, 0x5f, 0x31, 0x2f, 0x6c, 0x73, 0x74, 0x6d, 0x5f, 0x32, 0x5f,
  0x31, 0x2f, 0x6c, 0x73, 0x74, 0x6d, 0x5f, 0x63, 0x65, 0x6c, 0x6c, 0x5f,
  0x35, 0x2f, 0x6d, 0x75, 0x6c, 0x5f, 0x31, 0x00, 0x02, 0x00, 0x00, 0x00,
  0x01, 0x00, 0x00, 0x00, 0x10, 0x00, 0x00, 0x00, 0x1a, 0xe2, 0xff, 0xff,
  0x00, 0x00, 0x00, 0x01, 0x10, 0x00, 0x00, 0x00, 0x10, 0x00, 0x00, 0x00,
  0x58, 0x00, 0x00, 0x00, 0x38, 0x00, 0x00, 0x00, 0x8c, 0xe1, 0xff, 0xff,
  0x2a, 0x00, 0x00, 0x00, 0x73, 0x65, 0x71, 0x75, 0x65, 0x6e, 0x74, 0x69,
  0x61, 0x6c, 0x5f, 0x31, 0x32, 0x32, 0x5f, 0x31, 0x2f, 0x6c, 0x73, 0x74,
  0x6d, 0x5f, 0x32, 0x5f, 0x31, 0x2f, 0x6c, 0x73, 0x74, 0x6d, 0x5f, 0x63,
  0x65, 0x6c, 0x6c, 0x5f, 0x35, 0x2f, 0x54, 0x61, 0x6e, 0x68, 0x00, 0x00,
  0x02, 0x00, 0x00, 0x00, 0x01, 0x00, 0x00, 0x00, 0x10, 0x00, 0x00, 0x00,
  0x72, 0xe2, 0xff, 0xff, 0x00, 0x00, 0x00, 0x01, 0x10, 0x00, 0x00, 0x00,
  0x10, 0x00, 0x00, 0x00, 0x57, 0x00, 0x00, 0x00, 0x3c, 0x00, 0x00, 0x00,
  0xe4, 0xe1, 0xff, 0xff, 0x2f, 0x00, 0x00, 0x00, 0x73, 0x65, 0x71, 0x75,
  0x65, 0x6e, 0x74, 0x69, 0x61, 0x6c, 0x5f, 0x31, 0x32, 0x32, 0x5f, 0x31,
  0x2f, 0x6c, 0x73, 0x74, 0x6d, 0x5f, 0x32, 0x5f, 0x31, 0x2f, 0x6c, 0x73,
  0x74, 0x6d, 0x5f, 0x63, 0x65, 0x6c, 0x6c, 0x5f, 0x35, 0x2f, 0x53, 0x69,
  0x67, 0x6d, 0x6f, 0x69, 0x64, 0x5f, 0x32, 0x00, 0x02, 0x00, 0x00, 0x00,
  0x01, 0x00, 0x00, 0x00, 0x10, 0x00, 0x00, 0x00, 0xce, 0xe2, 0xff, 0xff,
  0x00, 0x00, 0x00, 0x01, 0x10, 0x00, 0x00, 0x00, 0x10, 0x00, 0x00, 0x00,
  0x56, 0x00, 0x00, 0x00, 0x38, 0x00, 0x00, 0x00, 0x40, 0xe2, 0xff, 0xff,
  0x29, 0x00, 0x00, 0x00, 0x73, 0x65, 0x71, 0x75, 0x65, 0x6e, 0x74, 0x69,
  0x61, 0x6c, 0x5f, 0x31, 0x32, 0x32, 0x5f, 0x31, 0x2f, 0x6c, 0x73, 0x74,
  0x6d, 0x5f, 0x32, 0x5f, 0x31, 0x2f, 0x6c, 0x73, 0x74, 0x6d, 0x5f, 0x63,
  0x65, 0x6c, 0x6c, 0x5f, 0x35, 0x2f, 0x6d, 0x75, 0x6c, 0x00, 0x00, 0x00,
  0x02, 0x00, 0x00, 0x00, 0x01, 0x00, 0x00, 0x00, 0x10, 0x00, 0x00, 0x00,
  0x26, 0xe3, 0xff, 0xff, 0x00, 0x00, 0x00, 0x01, 0x10, 0x00, 0x00, 0x00,
  0x10, 0x00, 0x00, 0x00, 0x55, 0x00, 0x00, 0x00, 0x3c, 0x00, 0x00, 0x00,
  0x98, 0xe2, 0xff, 0xff, 0x2f, 0x00, 0x00, 0x00, 0x73, 0x65, 0x71, 0x75,
  0x65, 0x6e, 0x74, 0x69, 0x61, 0x6c, 0x5f, 0x31, 0x32, 0x32, 0x5f, 0x31,
  0x2f, 0x6c, 0x73, 0x74, 0x6d, 0x5f, 0x32, 0x5f, 0x31, 0x2f, 0x6c, 0x73,
  0x74, 0x6d, 0x5f, 0x63, 0x65, 0x6c, 0x6c, 0x5f, 0x35, 0x2f, 0x53, 0x69,
  0x67, 0x6d, 0x6f, 0x69, 0x64, 0x5f, 0x31, 0x00, 0x02, 0x00, 0x00, 0x00,
  0x01, 0x00, 0x00, 0x00, 0x10, 0x00, 0x00, 0x00, 0x82, 0xe3, 0xff, 0xff,
  0x00, 0x00, 0x00, 0x01, 0x10, 0x00, 0x00, 0x00, 0x10, 0x00, 0x00, 0x00,
  0x54, 0x00, 0x00, 0x00, 0x3c, 0x00, 0x00, 0x00, 0xf4, 0xe2, 0xff, 0xff,
  0x2d, 0x00, 0x00, 0x00, 0x73, 0x65, 0x71, 0x75, 0x65, 0x6e, 0x74, 0x69,
  0x61, 0x6c, 0x5f, 0x31, 0x32, 0x32, 0x5f, 0x31, 0x2f, 0x6c, 0x73, 0x74,
  0x6d, 0x5f, 0x32, 0x5f, 0x31, 0x2f, 0x6c, 0x73, 0x74, 0x6d, 0x5f, 0x63,
  0x65, 0x6c, 0x6c, 0x5f, 0x35, 0x2f, 0x53, 0x69, 0x67, 0x6d, 0x6f, 0x69,
  0x64, 0x00, 0x00, 0x00, 0x02, 0x00, 0x00, 0x00, 0x01, 0x00, 0x00, 0x00,
  0x10, 0x00, 0x00, 0x00, 0xde, 0xe3, 0xff, 0xff, 0x00, 0x00, 0x00, 0x01,
  0x10, 0x00, 0x00, 0x00, 0x10, 0x00, 0x00, 0x00, 0x53, 0x00, 0x00, 0x00,
  0x3c, 0x00, 0x00, 0x00, 0x50, 0xe3, 0xff, 0xff, 0x2c, 0x00, 0x00, 0x00,
  0x73, 0x65, 0x71, 0x75, 0x65, 0x6e, 0x74, 0x69, 0x61, 0x6c, 0x5f, 0x31,
  0x32, 0x32, 0x5f, 0x31, 0x2f, 0x6c, 0x73, 0x74, 0x6d, 0x5f, 0x32, 0x5f,
  0x31, 0x2f, 0x6c, 0x73, 0x74, 0x6d, 0x5f, 0x63, 0x65, 0x6c, 0x6c, 0x5f,
  0x35, 0x2f, 0x73, 0x70, 0x6c, 0x69, 0x74, 0x33, 0x00, 0x00, 0x00, 0x00,
  0x02, 0x00, 0x00, 0x00, 0x01, 0x00, 0x00, 0x00, 0x10, 0x00, 0x00, 0x00,
  0x3a, 0xe4, 0xff, 0xff, 0x00, 0x00, 0x00, 0x01, 0x10, 0x00, 0x00, 0x00,
  0x10, 0x00, 0x00, 0x00, 0x52, 0x00, 0x00, 0x00, 0x3c, 0x00, 0x00, 0x00,
  0xac, 0xe3, 0xff, 0xff, 0x2c, 0x00, 0x00, 0x00, 0x73, 0x65, 0x71, 0x75,
  0x65, 0x6e, 0x74, 0x69, 0x61, 0x6c, 0x5f, 0x31, 0x32, 0x32, 0x5f, 0x31,
  0x2f, 0x6c, 0x73, 0x74, 0x6d, 0x5f, 0x32, 0x5f, 0x31, 0x2f, 0x6c, 0x73,
  0x74, 0x6d, 0x5f, 0x63, 0x65, 0x6c, 0x6c, 0x5f, 0x35, 0x2f, 0x73, 0x70,
  0x6c, 0x69, 0x74, 0x32, 0x00, 0x00, 0x00, 0x00, 0x02, 0x00, 0x00, 0x00,
  0x01, 0x00, 0x00, 0x00, 0x10, 0x00, 0x00, 0x00, 0x96, 0xe4, 0xff, 0xff,
  0x00, 0x00, 0x00, 0x01, 0x10, 0x00, 0x00, 0x00, 0x10, 0x00, 0x00, 0x00,
  0x51, 0x00, 0x00, 0x00, 0x3c, 0x00, 0x00, 0x00, 0x08, 0xe4, 0xff, 0xff,
  0x2c, 0x00, 0x00, 0x00, 0x73, 0x65, 0x71, 0x75, 0x65, 0x6e, 0x74, 0x69,
  0x61, 0x6c, 0x5f, 0x31, 0x32, 0x32, 0x5f, 0x31, 0x2f, 0x6c, 0x73, 0x74,
  0x6d, 0x5f, 0x32, 0x5f, 0x31, 0x2f, 0x6c, 0x73, 0x74, 0x6d, 0x5f, 0x63,
  0x65, 0x6c, 0x6c, 0x5f, 0x35, 0x2f, 0x73, 0x70, 0x6c, 0x69, 0x74, 0x31,
  0x00, 0x00, 0x00, 0x00, 0x02, 0x00, 0x00, 0x00, 0x01, 0x00, 0x00, 0x00,
  0x10, 0x00, 0x00, 0x00, 0xf2, 0xe4, 0xff, 0xff, 0x00, 0x00, 0x00, 0x01,
  0x10, 0x00, 0x00, 0x00, 0x10, 0x00, 0x00, 0x00, 0x50, 0x00, 0x00, 0x00,
  0x38, 0x00, 0x00, 0x00, 0x64, 0xe4, 0xff, 0xff, 0x2b, 0x00, 0x00, 0x00,
  0x73, 0x65, 0x71, 0x75, 0x65, 0x6e, 0x74, 0x69, 0x61, 0x6c, 0x5f, 0x31,
  0x32, 0x32, 0x5f, 0x31, 0x2f, 0x6c, 0x73, 0x74, 0x6d, 0x5f, 0x32, 0x5f,
  0x31, 0x2f, 0x6c, 0x73, 0x74, 0x6d, 0x5f, 0x63, 0x65, 0x6c, 0x6c, 0x5f,
  0x35, 0x2f, 0x73, 0x70, 0x6c, 0x69, 0x74, 0x00, 0x02, 0x00, 0x00, 0x00,
  0x01, 0x00, 0x00, 0x00, 0x10, 0x00, 0x00, 0x00, 0x4a, 0xe5, 0xff, 0xff,
  0x00, 0x00, 0x00, 0x01, 0x10, 0x00, 0x00, 0x00, 0x10, 0x00, 0x00, 0x00,
  0x4f, 0x00, 0x00, 0x00, 0x3c, 0x00, 0x00, 0x00, 0xbc, 0xe4, 0xff, 0xff,
  0x2f, 0x00, 0x00, 0x00, 0x73, 0x65, 0x71, 0x75, 0x65, 0x6e, 0x74, 0x69,
  0x61, 0x6c, 0x5f, 0x31, 0x32, 0x32, 0x5f, 0x31, 0x2f, 0x6c, 0x73, 0x74,
  0x6d, 0x5f, 0x32, 0x5f, 0x31, 0x2f, 0x6c, 0x73, 0x74, 0x6d, 0x5f, 0x63,
  0x65, 0x6c, 0x6c, 0x5f, 0x35, 0x2f, 0x42, 0x69, 0x61, 0x73, 0x41, 0x64,
  0x64, 0x5f, 0x31, 0x00, 0x02, 0x00, 0x00, 0x00, 0x01, 0x00, 0x00, 0x00,
  0x40, 0x00, 0x00, 0x00, 0xa6, 0xe5, 0xff, 0xff, 0x00, 0x00, 0x00, 0x01,
  0x10, 0x00, 0x00, 0x00, 0x10, 0x00, 0x00, 0x00, 0x4e, 0x00, 0x00, 0x00,
  0x3c, 0x00, 0x00, 0x00, 0x18, 0xe5, 0xff, 0xff, 0x2d, 0x00, 0x00, 0x00,
  0x73, 0x65, 0x71, 0x75, 0x65, 0x6e, 0x74, 0x69, 0x61, 0x6c, 0x5f, 0x31,
  0x32, 0x32, 0x5f, 0x31, 0x2f, 0x6c, 0x73, 0x74, 0x6d, 0x5f, 0x32, 0x5f,
  0x31, 0x2f, 0x6c, 0x73, 0x74, 0x6d, 0x5f, 0x63, 0x65, 0x6c, 0x6c, 0x5f,
  0x35, 0x2f, 0x42, 0x69, 0x61, 0x73, 0x41, 0x64, 0x64, 0x00, 0x00, 0x00,
  0x02, 0x00, 0x00, 0x00, 0x01, 0x00, 0x00, 0x00, 0x40, 0x00, 0x00, 0x00,
  0x02, 0xe6, 0xff, 0xff, 0x00, 0x00, 0x00, 0x01, 0x10, 0x00, 0x00, 0x00,
  0x10, 0x00, 0x00, 0x00, 0x4d, 0x00, 0x00, 0x00, 0x3c, 0x00, 0x00, 0x00,
  0x74, 0xe5, 0xff, 0xff, 0x2c, 0x00, 0x00, 0x00, 0x73, 0x65, 0x71, 0x75,
  0x65, 0x6e, 0x74, 0x69, 0x61, 0x6c, 0x5f, 0x31, 0x32, 0x32, 0x5f, 0x31,
  0x2f, 0x6c, 0x73, 0x74, 0x6d, 0x5f, 0x32, 0x5f, 0x31, 0x2f, 0x6c, 0x73,
  0x74, 0x6d, 0x5f, 0x63, 0x65, 0x6c, 0x6c, 0x5f, 0x35, 0x2f, 0x4d, 0x61,
  0x74, 0x4d, 0x75, 0x6c, 0x00, 0x00, 0x00, 0x00, 0x02, 0x00, 0x00, 0x00,
  0x01, 0x00, 0x00, 0x00, 0x40, 0x00, 0x00, 0x00, 0x5e, 0xe6, 0xff, 0xff,
  0x00, 0x00, 0x00, 0x01, 0x10, 0x00, 0x00, 0x00, 0x10, 0x00, 0x00, 0x00,
  0x4c, 0x00, 0x00, 0x00, 0x3c, 0x00, 0x00, 0x00, 0xd0, 0xe5, 0xff, 0xff,
  0x2d, 0x00, 0x00, 0x00, 0x73, 0x65, 0x71, 0x75, 0x65, 0x6e, 0x74, 0x69,
  0x61, 0x6c, 0x5f, 0x31, 0x32, 0x32, 0x5f, 0x31, 0x2f, 0x6c, 0x73, 0x74,
  0x6d, 0x5f, 0x32, 0x5f, 0x31, 0x2f, 0x6c, 0x73, 0x74, 0x6d, 0x5f, 0x63,
  0x65, 0x6c, 0x6c, 0x5f, 0x33, 0x39, 0x2f, 0x4d, 0x61, 0x74, 0x4d, 0x75,
  0x6c, 0x00, 0x00, 0x00, 0x02, 0x00, 0x00, 0x00, 0x01, 0x00, 0x00, 0x00,
  0x40, 0x00, 0x00, 0x00, 0xba, 0xe6, 0xff, 0xff, 0x00, 0x00, 0x00, 0x01,
  0x10, 0x00, 0x00, 0x00, 0x10, 0x00, 0x00, 0x00, 0x4b, 0x00, 0x00, 0x00,
  0x3c, 0x00, 0x00, 0x00, 0x2c, 0xe6, 0xff, 0xff, 0x2d, 0x00, 0x00, 0x00,
  0x73, 0x65, 0x71, 0x75, 0x65, 0x6e, 0x74, 0x69, 0x61, 0x6c, 0x5f, 0x31,
  0x32, 0x32, 0x5f, 0x31, 0x2f, 0x6c, 0x73, 0x74, 0x6d, 0x5f, 0x32, 0x5f,
  0x31, 0x2f, 0x6c, 0x73, 0x74, 0x6d, 0x5f, 0x63, 0x65, 0x6c, 0x6c, 0x5f,
  0x33, 0x37, 0x2f, 0x4d, 0x61, 0x74, 0x4d, 0x75, 0x6c, 0x00, 0x00, 0x00,
  0x02, 0x00, 0x00, 0x00, 0x01, 0x00, 0x00, 0x00, 0x40, 0x00, 0x00, 0x00,
  0x16, 0xe7, 0xff, 0xff, 0x00, 0x00, 0x00, 0x01, 0x10, 0x00, 0x00, 0x00,
  0x10, 0x00, 0x00, 0x00, 0x4a, 0x00, 0x00, 0x00, 0x3c, 0x00, 0x00, 0x00,
  0x88, 0xe6, 0xff, 0xff, 0x2d, 0x00, 0x00, 0x00, 0x73, 0x65, 0x71, 0x75,
  0x65, 0x6e, 0x74, 0x69, 0x61, 0x6c, 0x5f, 0x31, 0x32, 0x32, 0x5f, 0x31,
  0x2f, 0x6c, 0x73, 0x74, 0x6d, 0x5f, 0x32, 0x5f, 0x31, 0x2f, 0x6c, 0x73,
  0x74, 0x6d, 0x5f, 0x63, 0x65, 0x6c, 0x6c, 0x5f, 0x33, 0x35, 0x2f, 0x4d,
  0x61, 0x74, 0x4d, 0x75, 0x6c, 0x00, 0x00, 0x00, 0x02, 0x00, 0x00, 0x00,
  0x01, 0x00, 0x00, 0x00, 0x40, 0x00, 0x00, 0x00, 0x72, 0xe7, 0xff, 0xff,
  0x00, 0x00, 0x00, 0x01, 0x10, 0x00, 0x00, 0x00, 0x10, 0x00, 0x00, 0x00,
  0x49, 0x00, 0x00, 0x00, 0x3c, 0x00, 0x00, 0x00, 0xe4, 0xe6, 0xff, 0xff,
  0x2d, 0x00, 0x00, 0x00, 0x73, 0x65, 0x71, 0x75, 0x65, 0x6e, 0x74, 0x69,
  0x61, 0x6c, 0x5f, 0x31, 0x32, 0x32, 0x5f, 0x31, 0x2f, 0x6c, 0x73, 0x74,
  0x6d, 0x5f, 0x32, 0x5f, 0x31, 0x2f, 0x6c, 0x73, 0x74, 0x6d, 0x5f, 0x63,
  0x65, 0x6c, 0x6c, 0x5f, 0x33, 0x33, 0x2f, 0x4d, 0x61, 0x74, 0x4d, 0x75,
  0x6c, 0x00, 0x00, 0x00, 0x02, 0x00, 0x00, 0x00, 0x01, 0x00, 0x00, 0x00,
  0x40, 0x00, 0x00, 0x00, 0xce, 0xe7, 0xff, 0xff, 0x00, 0x00, 0x00, 0x01,
  0x10, 0x00, 0x00, 0x00, 0x10, 0x00, 0x00, 0x00, 0x48, 0x00, 0x00, 0x00,
  0x3c, 0x00, 0x00, 0x00, 0x40, 0xe7, 0xff, 0xff, 0x2d, 0x00, 0x00, 0x00,
  0x73, 0x65, 0x71, 0x75, 0x65, 0x6e, 0x74, 0x69, 0x61, 0x6c, 0x5f, 0x31,
  0x32, 0x32, 0x5f, 0x31, 0x2f, 0x6c, 0x73, 0x74, 0x6d, 0x5f, 0x32, 0x5f,
  0x31, 0x2f, 0x6c, 0x73, 0x74, 0x6d, 0x5f, 0x63, 0x65, 0x6c, 0x6c, 0x5f,
  0x33, 0x31, 0x2f, 0x4d, 0x61, 0x74, 0x4d, 0x75, 0x6c, 0x00, 0x00, 0x00,
  0x02, 0x00, 0x00, 0x00, 0x01, 0x00, 0x00, 0x00, 0x40, 0x00, 0x00, 0x00,
  0x2a, 0xe8, 0xff, 0xff, 0x00, 0x00, 0x00, 0x01, 0x10, 0x00, 0x00, 0x00,
  0x10, 0x00, 0x00, 0x00, 0x47, 0x00, 0x00, 0x00, 0x3c, 0x00, 0x00, 0x00,
  0x9c, 0xe7, 0xff, 0xff, 0x2d, 0x00, 0x00, 0x00, 0x73, 0x65, 0x71, 0x75,
  0x65, 0x6e, 0x74, 0x69, 0x61, 0x6c, 0x5f, 0x31, 0x32, 0x32, 0x5f, 0x31,
  0x2f, 0x6c, 0x73, 0x74, 0x6d, 0x5f, 0x32, 0x5f, 0x31, 0x2f, 0x6c, 0x73,
  0x74, 0x6d, 0x5f, 0x63, 0x65, 0x6c, 0x6c, 0x5f, 0x35, 0x2f, 0x53, 0x71,
  0x75, 0x65, 0x65, 0x7a, 0x65, 0x00, 0x00, 0x00, 0x01, 0x00, 0x00, 0x00,
  0x40, 0x00, 0x00, 0x00, 0x82, 0xe8, 0xff, 0xff, 0x00, 0x00, 0x00, 0x01,
  0x10, 0x00, 0x00, 0x00, 0x10, 0x00, 0x00, 0x00, 0x46, 0x00, 0x00, 0x00,
  0x3c, 0x00, 0x00, 0x00, 0xf4, 0xe7, 0xff, 0xff, 0x2e, 0x00, 0x00, 0x00,
  0x73, 0x65, 0x71, 0x75, 0x65, 0x6e, 0x74, 0x69, 0x61, 0x6c, 0x5f, 0x31,
  0x32, 0x32, 0x5f, 0x31, 0x2f, 0x6c, 0x73, 0x74, 0x6d, 0x5f, 0x32, 0x5f,
  0x31, 0x2f, 0x6c, 0x73, 0x74, 0x6d, 0x5f, 0x63, 0x65, 0x6c, 0x6c, 0x5f,
  0x35, 0x2f, 0x4d, 0x61, 0x74, 0x4d, 0x75, 0x6c, 0x5f, 0x31, 0x00, 0x00,
  0x02, 0x00, 0x00, 0x00, 0x01, 0x00, 0x00, 0x00, 0x40, 0x00, 0x00, 0x00,
  0xde, 0xe8, 0xff, 0xff, 0x00, 0x00, 0x00, 0x01, 0x10, 0x00, 0x00, 0x00,
  0x10, 0x00, 0x00, 0x00, 0x45, 0x00, 0x00, 0x00, 0x38, 0x00, 0x00, 0x00,
  0x50, 0xe8, 0xff, 0xff, 0x2b, 0x00, 0x00, 0x00, 0x73, 0x65, 0x71, 0x75,
  0x65, 0x6e, 0x74, 0x69, 0x61, 0x6c, 0x5f, 0x31, 0x32, 0x32, 0x5f, 0x31,
  0x2f, 0x6c, 0x73, 0x74, 0x6d, 0x5f, 0x32, 0x5f, 0x31, 0x2f, 0x6c, 0x73,
  0x74, 0x6d, 0x5f, 0x63, 0x65, 0x6c, 0x6c, 0x5f, 0x33, 0x2f, 0x6d, 0x75,
  0x6c, 0x5f, 0x32, 0x00, 0x02, 0x00, 0x00, 0x00, 0x01, 0x00, 0x00, 0x00,
  0x10, 0x00, 0x00, 0x00, 0x36, 0xe9, 0xff, 0xff, 0x00, 0x00, 0x00, 0x01,
  0x10, 0x00, 0x00, 0x00, 0x10, 0x00, 0x00, 0x00, 0x44, 0x00, 0x00, 0x00,
  0x3c, 0x00, 0x00, 0x00, 0xa8, 0xe8, 0xff, 0xff, 0x2c, 0x00, 0x00, 0x00,
  0x73, 0x65, 0x71, 0x75, 0x65, 0x6e, 0x74, 0x69, 0x61, 0x6c, 0x5f, 0x31,
  0x32, 0x32, 0x5f, 0x31, 0x2f, 0x6c, 0x73, 0x74, 0x6d, 0x5f, 0x32, 0x5f,
  0x31, 0x2f, 0x6c, 0x73, 0x74, 0x6d, 0x5f, 0x63, 0x65, 0x6c, 0x6c, 0x5f,
  0x33, 0x2f, 0x54, 0x61, 0x6e, 0x68, 0x5f, 0x31, 0x00, 0x00, 0x00, 0x00,
  0x02, 0x00, 0x00, 0x00, 0x01, 0x00, 0x00, 0x00, 0x10, 0x00, 0x00, 0x00,
  0x92, 0xe9, 0xff, 0xff, 0x00, 0x00, 0x00, 0x01, 0x10, 0x00, 0x00, 0x00,
  0x10, 0x00, 0x00, 0x00, 0x43, 0x00, 0x00, 0x00, 0x38, 0x00, 0x00, 0x00,
  0x04, 0xe9, 0xff, 0xff, 0x29, 0x00, 0x00, 0x00, 0x73, 0x65, 0x71, 0x75,
  0x65, 0x6e, 0x74, 0x69, 0x61, 0x6c, 0x5f, 0x31, 0x32, 0x32, 0x5f, 0x31,
  0x2f, 0x6c, 0x73, 0x74, 0x6d, 0x5f, 0x32, 0x5f, 0x31, 0x2f, 0x6c, 0x73,
  0x74, 0x6d, 0x5f, 0x63, 0x65, 0x6c, 0x6c, 0x5f, 0x33, 0x2f, 0x61, 0x64,
  0x64, 0x00, 0x00, 0x00, 0x02, 0x00, 0x00, 0x00, 0x01, 0x00, 0x00, 0x00,
  0x10, 0x00, 0x00, 0x00, 0xea, 0xe9, 0xff, 0xff, 0x00, 0x00, 0x00, 0x01,
  0x10, 0x00, 0x00, 0x00, 0x10, 0x00, 0x00, 0x00, 0x42, 0x00, 0x00, 0x00,
  0x38, 0x00, 0x00, 0x00, 0x5c, 0xe9, 0xff, 0xff, 0x2b, 0x00, 0x00, 0x00,
  0x73, 0x65, 0x71, 0x75, 0x65, 0x6e, 0x74, 0x69, 0x61, 0x6c, 0x5f, 0x31,
  0x32, 0x32, 0x5f, 0x31, 0x2f, 0x6c, 0x73, 0x74, 0x6d, 0x5f, 0x32, 0x5f,
  0x31, 0x2f, 0x6c, 0x73, 0x74, 0x6d, 0x5f, 0x63, 0x65, 0x6c, 0x6c, 0x5f,
  0x33, 0x2f, 0x6d, 0x75, 0x6c, 0x5f, 0x31, 0x00, 0x02, 0x00, 0x00, 0x00,
  0x01, 0x00, 0x00, 0x00, 0x10, 0x00, 0x00, 0x00, 0x42, 0xea, 0xff, 0xff,
  0x00, 0x00, 0x00, 0x01, 0x10, 0x00, 0x00, 0x00, 0x10, 0x00, 0x00, 0x00,
  0x41, 0x00, 0x00, 0x00, 0x38, 0x00, 0x00, 0x00, 0xb4, 0xe9, 0xff, 0xff,
  0x2a, 0x00, 0x00, 0x00, 0x73, 0x65, 0x71, 0x75, 0x65, 0x6e, 0x74, 0x69,
  0x61, 0x6c, 0x5f, 0x31, 0x32, 0x32, 0x5f, 0x31, 0x2f, 0x6c, 0x73, 0x74,
  0x6d, 0x5f, 0x32, 0x5f, 0x31, 0x2f, 0x6c, 0x73, 0x74, 0x6d, 0x5f, 0x63,
  0x65, 0x6c, 0x6c, 0x5f, 0x33, 0x2f, 0x54, 0x61, 0x6e, 0x68, 0x00, 0x00,
  0x02, 0x00, 0x00, 0x00, 0x01, 0x00, 0x00, 0x00, 0x10, 0x00, 0x00, 0x00,
  0x9a, 0xea, 0xff, 0xff, 0x00, 0x00, 0x00, 0x01, 0x10, 0x00, 0x00, 0x00,
  0x10, 0x00, 0x00, 0x00, 0x40, 0x00, 0x00, 0x00, 0x3c, 0x00, 0x00, 0x00,
  0x0c, 0xea, 0xff, 0xff, 0x2f, 0x00, 0x00, 0x00, 0x73, 0x65, 0x71, 0x75,
  0x65, 0x6e, 0x74, 0x69, 0x61, 0x6c, 0x5f, 0x31, 0x32, 0x32, 0x5f, 0x31,
  0x2f, 0x6c, 0x73, 0x74, 0x6d, 0x5f, 0x32, 0x5f, 0x31, 0x2f, 0x6c, 0x73,
  0x74, 0x6d, 0x5f, 0x63, 0x65, 0x6c, 0x6c, 0x5f, 0x33, 0x2f, 0x53, 0x69,
  0x67, 0x6d, 0x6f, 0x69, 0x64, 0x5f, 0x32, 0x00, 0x02, 0x00, 0x00, 0x00,
  0x01, 0x00, 0x00, 0x00, 0x10, 0x00, 0x00, 0x00, 0xf6, 0xea, 0xff, 0xff,
  0x00, 0x00, 0x00, 0x01, 0x10, 0x00, 0x00, 0x00, 0x10, 0x00, 0x00, 0x00,
  0x3f, 0x00, 0x00, 0x00, 0x38, 0x00, 0x00, 0x00, 0x68, 0xea, 0xff, 0xff,
  0x29, 0x00, 0x00, 0x00, 0x73, 0x65, 0x71, 0x75, 0x65, 0x6e, 0x74, 0x69,
  0x61, 0x6c, 0x5f, 0x31, 0x32, 0x32, 0x5f, 0x31, 0x2f, 0x6c, 0x73, 0x74,
  0x6d, 0x5f, 0x32, 0x5f, 0x31, 0x2f, 0x6c, 0x73, 0x74, 0x6d, 0x5f, 0x63,
  0x65, 0x6c, 0x6c, 0x5f, 0x33, 0x2f, 0x6d, 0x75, 0x6c, 0x00, 0x00, 0x00,
  0x02, 0x00, 0x00, 0x00, 0x01, 0x00, 0x00, 0x00, 0x10, 0x00, 0x00, 0x00,
  0x4e, 0xeb, 0xff, 0xff, 0x00, 0x00, 0x00, 0x01, 0x10, 0x00, 0x00, 0x00,
  0x10, 0x00, 0x00, 0x00, 0x3e, 0x00, 0x00, 0x00, 0x3c, 0x00, 0x00, 0x00,
  0xc0, 0xea, 0xff, 0xff, 0x2f, 0x00, 0x00, 0x00, 0x73, 0x65, 0x71, 0x75,
  0x65, 0x6e, 0x74, 0x69, 0x61, 0x6c, 0x5f, 0x31, 0x32, 0x32, 0x5f, 0x31,
  0x2f, 0x6c, 0x73, 0x74, 0x6d, 0x5f, 0x32, 0x5f, 0x31, 0x2f, 0x6c, 0x73,
  0x74, 0x6d, 0x5f, 0x63, 0x65, 0x6c, 0x6c, 0x5f, 0x33, 0x2f, 0x53, 0x69,
  0x67, 0x6d, 0x6f, 0x69, 0x64, 0x5f, 0x31, 0x00, 0x02, 0x00, 0x00, 0x00,
  0x01, 0x00, 0x00, 0x00, 0x10, 0x00, 0x00, 0x00, 0xaa, 0xeb, 0xff, 0xff,
  0x00, 0x00, 0x00, 0x01, 0x10, 0x00, 0x00, 0x00, 0x10, 0x00, 0x00, 0x00,
  0x3d, 0x00, 0x00, 0x00, 0x3c, 0x00, 0x00, 0x00, 0x1c, 0xeb, 0xff, 0xff,
  0x2d, 0x00, 0x00, 0x00, 0x73, 0x65, 0x71, 0x75, 0x65, 0x6e, 0x74, 0x69,
  0x61, 0x6c, 0x5f, 0x31, 0x32, 0x32, 0x5f, 0x31, 0x2f, 0x6c, 0x73, 0x74,
  0x6d, 0x5f, 0x32, 0x5f, 0x31, 0x2f, 0x6c, 0x73, 0x74, 0x6d, 0x5f, 0x63,
  0x65, 0x6c, 0x6c, 0x5f, 0x33, 0x2f, 0x53, 0x69, 0x67, 0x6d, 0x6f, 0x69,
  0x64, 0x00, 0x00, 0x00, 0x02, 0x00, 0x00, 0x00, 0x01, 0x00, 0x00, 0x00,
  0x10, 0x00, 0x00, 0x00, 0x06, 0xec, 0xff, 0xff, 0x00, 0x00, 0x00, 0x01,
  0x10, 0x00, 0x00, 0x00, 0x10, 0x00, 0x00, 0x00, 0x3c, 0x00, 0x00, 0x00,
  0x3c, 0x00, 0x00, 0x00, 0x78, 0xeb, 0xff, 0xff, 0x2c, 0x00, 0x00, 0x00,
  0x73, 0x65, 0x71, 0x75, 0x65, 0x6e, 0x74, 0x69, 0x61, 0x6c, 0x5f, 0x31,
  0x32, 0x32, 0x5f, 0x31, 0x2f, 0x6c, 0x73, 0x74, 0x6d, 0x5f, 0x32, 0x5f,
  0x31, 0x2f, 0x6c, 0x73, 0x74, 0x6d, 0x5f, 0x63, 0x65, 0x6c, 0x6c, 0x5f,
  0x33, 0x2f, 0x73, 0x70, 0x6c, 0x69, 0x74, 0x33, 0x00, 0x00, 0x00, 0x00,
  0x02, 0x00, 0x00, 0x00, 0x01, 0x00, 0x00, 0x00, 0x10, 0x00, 0x00, 0x00,
  0x62, 0xec, 0xff, 0xff, 0x00, 0x00, 0x00, 0x01, 0x10, 0x00, 0x00, 0x00,
  0x10, 0x00, 0x00, 0x00, 0x3b, 0x00, 0x00, 0x00, 0x3c, 0x00, 0x00, 0x00,
  0xd4, 0xeb, 0xff, 0xff, 0x2c, 0x00, 0x00, 0x00, 0x73, 0x65, 0x71, 0x75,
  0x65, 0x6e, 0x74, 0x69, 0x61, 0x6c, 0x5f, 0x31, 0x32, 0x32, 0x5f, 0x31,
  0x2f, 0x6c, 0x73, 0x74, 0x6d, 0x5f, 0x32, 0x5f, 0x31, 0x2f, 0x6c, 0x73,
  0x74, 0x6d, 0x5f, 0x63, 0x65, 0x6c, 0x6c, 0x5f, 0x33, 0x2f, 0x73, 0x70,
  0x6c, 0x69, 0x74, 0x32, 0x00, 0x00, 0x00, 0x00, 0x02, 0x00, 0x00, 0x00,
  0x01, 0x00, 0x00, 0x00, 0x10, 0x00, 0x00, 0x00, 0xbe, 0xec, 0xff, 0xff,
  0x00, 0x00, 0x00, 0x01, 0x10, 0x00, 0x00, 0x00, 0x10, 0x00, 0x00, 0x00,
  0x3a, 0x00, 0x00, 0x00, 0x3c, 0x00, 0x00, 0x00, 0x30, 0xec, 0xff, 0xff,
  0x2c, 0x00, 0x00, 0x00, 0x73, 0x65, 0x71, 0x75, 0x65, 0x6e, 0x74, 0x69,
  0x61, 0x6c, 0x5f, 0x31, 0x32, 0x32, 0x5f, 0x31, 0x2f, 0x6c, 0x73, 0x74,
  0x6d, 0x5f, 0x32, 0x5f, 0x31, 0x2f, 0x6c, 0x73, 0x74, 0x6d, 0x5f, 0x63,
  0x65, 0x6c, 0x6c, 0x5f, 0x33, 0x2f, 0x73, 0x70, 0x6c, 0x69, 0x74, 0x31,
  0x00, 0x00, 0x00, 0x00, 0x02, 0x00, 0x00, 0x00, 0x01, 0x00, 0x00, 0x00,
  0x10, 0x00, 0x00, 0x00, 0x1a, 0xed, 0xff, 0xff, 0x00, 0x00, 0x00, 0x01,
  0x10, 0x00, 0x00, 0x00, 0x10, 0x00, 0x00, 0x00, 0x39, 0x00, 0x00, 0x00,
  0x38, 0x00, 0x00, 0x00, 0x8c, 0xec, 0xff, 0xff, 0x2b, 0x00, 0x00, 0x00,
  0x73, 0x65, 0x71, 0x75, 0x65, 0x6e, 0x74, 0x69, 0x61, 0x6c, 0x5f, 0x31,
  0x32, 0x32, 0x5f, 0x31, 0x2f, 0x6c, 0x73, 0x74, 0x6d, 0x5f, 0x32, 0x5f,
  0x31, 0x2f, 0x6c, 0x73, 0x74, 0x6d, 0x5f, 0x63, 0x65, 0x6c, 0x6c, 0x5f,
  0x33, 0x2f, 0x73, 0x70, 0x6c, 0x69, 0x74, 0x00, 0x02, 0x00, 0x00, 0x00,
  0x01, 0x00, 0x00, 0x00, 0x10, 0x00, 0x00, 0x00, 0x72, 0xed, 0xff, 0xff,
  0x00, 0x00, 0x00, 0x01, 0x10, 0x00, 0x00, 0x00, 0x10, 0x00, 0x00, 0x00,
  0x38, 0x00, 0x00, 0x00, 0x3c, 0x00, 0x00, 0x00, 0xe4, 0xec, 0xff, 0xff,
  0x2f, 0x00, 0x00, 0x00, 0x73, 0x65, 0x71, 0x75, 0x65, 0x6e, 0x74, 0x69,
  0x61, 0x6c, 0x5f, 0x31, 0x32, 0x32, 0x5f, 0x31, 0x2f, 0x6c, 0x73, 0x74,
  0x6d, 0x5f, 0x32, 0x5f, 0x31, 0x2f, 0x6c, 0x73, 0x74, 0x6d, 0x5f, 0x63,
  0x65, 0x6c, 0x6c, 0x5f, 0x33, 0x2f, 0x42, 0x69, 0x61, 0x73, 0x41, 0x64,
  0x64, 0x5f, 0x31, 0x00, 0x02, 0x00, 0x00, 0x00, 0x01, 0x00, 0x00, 0x00,
  0x40, 0x00, 0x00, 0x00, 0xce, 0xed, 0xff, 0xff, 0x00, 0x00, 0x00, 0x01,
  0x10, 0x00, 0x00, 0x00, 0x10, 0x00, 0x00, 0x00, 0x37, 0x00, 0x00, 0x00,
  0x3c, 0x00, 0x00, 0x00, 0x40, 0xed, 0xff, 0xff, 0x2d, 0x00, 0x00, 0x00,
  0x73, 0x65, 0x71, 0x75, 0x65, 0x6e, 0x74, 0x69, 0x61, 0x6c, 0x5f, 0x31,
  0x32, 0x32, 0x5f, 0x31, 0x2f, 0x6c, 0x73, 0x74, 0x6d, 0x5f, 0x32, 0x5f,
  0x31, 0x2f, 0x6c, 0x73, 0x74, 0x6d, 0x5f, 0x63, 0x65, 0x6c, 0x6c, 0x5f,
  0x33, 0x2f, 0x42, 0x69, 0x61, 0x73, 0x41, 0x64, 0x64, 0x00, 0x00, 0x00,
  0x02, 0x00, 0x00, 0x00, 0x01, 0x00, 0x00, 0x00, 0x40, 0x00, 0x00, 0x00,
  0x2a, 0xee, 0xff, 0xff, 0x00, 0x00, 0x00, 0x01, 0x10, 0x00, 0x00, 0x00,
  0x10, 0x00, 0x00, 0x00, 0x36, 0x00, 0x00, 0x00, 0x3c, 0x00, 0x00, 0x00,
  0x9c, 0xed, 0xff, 0xff, 0x2c, 0x00, 0x00, 0x00, 0x73, 0x65, 0x71, 0x75,
  0x65, 0x6e, 0x74, 0x69, 0x61, 0x6c, 0x5f, 0x31, 0x32, 0x32, 0x5f, 0x31,
  0x2f, 0x6c, 0x73, 0x74, 0x6d, 0x5f, 0x32, 0x5f, 0x31, 0x2f, 0x6c, 0x73,
  0x74, 0x6d, 0x5f, 0x63, 0x65, 0x6c, 0x6c, 0x5f, 0x33, 0x2f, 0x4d, 0x61,
  0x74, 0x4d, 0x75, 0x6c, 0x00, 0x00, 0x00, 0x00, 0x02, 0x00, 0x00, 0x00,
  0x01, 0x00, 0x00, 0x00, 0x40, 0x00, 0x00, 0x00, 0x86, 0xee, 0xff, 0xff,
  0x00, 0x00, 0x00, 0x01, 0x10, 0x00, 0x00, 0x00, 0x10, 0x00, 0x00, 0x00,
  0x35, 0x00, 0x00, 0x00, 0x3c, 0x00, 0x00, 0x00, 0xf8, 0xed, 0xff, 0xff,
  0x2d, 0x00, 0x00, 0x00, 0x73, 0x65, 0x71, 0x75, 0x65, 0x6e, 0x74, 0x69,
  0x61, 0x6c, 0x5f, 0x31, 0x32, 0x32, 0x5f, 0x31, 0x2f, 0x6c, 0x73, 0x74,
  0x6d, 0x5f, 0x32, 0x5f, 0x31, 0x2f, 0x6c, 0x73, 0x74, 0x6d, 0x5f, 0x63,
  0x65, 0x6c, 0x6c, 0x5f, 0x32, 0x39, 0x2f, 0x4d, 0x61, 0x74, 0x4d, 0x75,
  0x6c, 0x00, 0x00, 0x00, 0x02, 0x00, 0x00, 0x00, 0x01, 0x00, 0x00, 0x00,
  0x40, 0x00, 0x00, 0x00, 0xe2, 0xee, 0xff, 0xff, 0x00, 0x00, 0x00, 0x01,
  0x10, 0x00, 0x00, 0x00, 0x10, 0x00, 0x00, 0x00, 0x34, 0x00, 0x00, 0x00,
  0x3c, 0x00, 0x00, 0x00, 0x54, 0xee, 0xff, 0xff, 0x2d, 0x00, 0x00, 0x00,
  0x73, 0x65, 0x71, 0x75, 0x65, 0x6e, 0x74, 0x69, 0x61, 0x6c, 0x5f, 0x31,
  0x32, 0x32, 0x5f, 0x31, 0x2f, 0x6c, 0x73, 0x74, 0x6d, 0x5f, 0x32, 0x5f,
  0x31, 0x2f, 0x6c, 0x73, 0x74, 0x6d, 0x5f, 0x63, 0x65, 0x6c, 0x6c, 0x5f,
  0x32, 0x37, 0x2f, 0x4d, 0x61, 0x74, 0x4d, 0x75, 0x6c, 0x00, 0x00, 0x00,
  0x02, 0x00, 0x00, 0x00, 0x01, 0x00, 0x00, 0x00, 0x40, 0x00, 0x00, 0x00,
  0x3e, 0xef, 0xff, 0xff, 0x00, 0x00, 0x00, 0x01, 0x10, 0x00, 0x00, 0x00,
  0x10, 0x00, 0x00, 0x00, 0x33, 0x00, 0x00, 0x00, 0x3c, 0x00, 0x00, 0x00,
  0xb0, 0xee, 0xff, 0xff, 0x2d, 0x00, 0x00, 0x00, 0x73, 0x65, 0x71, 0x75,
  0x65, 0x6e, 0x74, 0x69, 0x61, 0x6c, 0x5f, 0x31, 0x32, 0x32, 0x5f, 0x31,
  0x2f, 0x6c, 0x73, 0x74, 0x6d, 0x5f, 0x32, 0x5f, 0x31, 0x2f, 0x6c, 0x73,
  0x74, 0x6d, 0x5f, 0x63, 0x65, 0x6c, 0x6c, 0x5f, 0x32, 0x35, 0x2f, 0x4d,
  0x61, 0x74, 0x4d, 0x75, 0x6c, 0x00, 0x00, 0x00, 0x02, 0x00, 0x00, 0x00,
  0x01, 0x00, 0x00, 0x00, 0x40, 0x00, 0x00, 0x00, 0x9a, 0xef, 0xff, 0xff,
  0x00, 0x00, 0x00, 0x01, 0x10, 0x00, 0x00, 0x00, 0x10, 0x00, 0x00, 0x00,
  0x32, 0x00, 0x00, 0x00, 0x3c, 0x00, 0x00, 0x00, 0x0c, 0xef, 0xff, 0xff,
  0x2d, 0x00, 0x00, 0x00, 0x73, 0x65, 0x71, 0x75, 0x65, 0x6e, 0x74, 0x69,
  0x61, 0x6c, 0x5f, 0x31, 0x32, 0x32, 0x5f, 0x31, 0x2f, 0x6c, 0x73, 0x74,
  0x6d, 0x5f, 0x32, 0x5f, 0x31, 0x2f, 0x6c, 0x73, 0x74, 0x6d, 0x5f, 0x63,
  0x65, 0x6c, 0x6c, 0x5f, 0x32, 0x33, 0x2f, 0x4d, 0x61, 0x74, 0x4d, 0x75,
  0x6c, 0x00, 0x00, 0x00, 0x02, 0x00, 0x00, 0x00, 0x01, 0x00, 0x00, 0x00,
  0x40, 0x00, 0x00, 0x00, 0xf6, 0xef, 0xff, 0xff, 0x00, 0x00, 0x00, 0x01,
  0x10, 0x00, 0x00, 0x00, 0x10, 0x00, 0x00, 0x00, 0x31, 0x00, 0x00, 0x00,
  0x3c, 0x00, 0x00, 0x00, 0x68, 0xef, 0xff, 0xff, 0x2d, 0x00, 0x00, 0x00,
  0x73, 0x65, 0x71, 0x75, 0x65, 0x6e, 0x74, 0x69, 0x61, 0x6c, 0x5f, 0x31,
  0x32, 0x32, 0x5f, 0x31, 0x2f, 0x6c, 0x73, 0x74, 0x6d, 0x5f, 0x32, 0x5f,
  0x31, 0x2f, 0x6c, 0x73, 0x74, 0x6d, 0x5f, 0x63, 0x65, 0x6c, 0x6c, 0x5f,
  0x32, 0x31, 0x2f, 0x4d, 0x61, 0x74, 0x4d, 0x75, 0x6c, 0x00, 0x00, 0x00,
  0x02, 0x00, 0x00, 0x00, 0x01, 0x00, 0x00, 0x00, 0x40, 0x00, 0x00, 0x00,
  0x52, 0xf0, 0xff, 0xff, 0x00, 0x00, 0x00, 0x01, 0x10, 0x00, 0x00, 0x00,
  0x10, 0x00, 0x00, 0x00, 0x30, 0x00, 0x00, 0x00, 0x3c, 0x00, 0x00, 0x00,
  0xc4, 0xef, 0xff, 0xff, 0x2d, 0x00, 0x00, 0x00, 0x73, 0x65, 0x71, 0x75,
  0x65, 0x6e, 0x74, 0x69, 0x61, 0x6c, 0x5f, 0x31, 0x32, 0x32, 0x5f, 0x31,
  0x2f, 0x6c, 0x73, 0x74, 0x6d, 0x5f, 0x32, 0x5f, 0x31, 0x2f, 0x6c, 0x73,
  0x74, 0x6d, 0x5f, 0x63, 0x65, 0x6c, 0x6c, 0x5f, 0x31, 0x39, 0x2f, 0x4d,
  0x61, 0x74, 0x4d, 0x75, 0x6c, 0x00, 0x00, 0x00, 0x02, 0x00, 0x00, 0x00,
  0x01, 0x00, 0x00, 0x00, 0x40, 0x00, 0x00, 0x00, 0xae, 0xf0, 0xff, 0xff,
  0x00, 0x00, 0x00, 0x01, 0x10, 0x00, 0x00, 0x00, 0x10, 0x00, 0x00, 0x00,
  0x2f, 0x00, 0x00, 0x00, 0x3c, 0x00, 0x00, 0x00, 0x20, 0xf0, 0xff, 0xff,
  0x2d, 0x00, 0x00, 0x00, 0x73, 0x65, 0x71, 0x75, 0x65, 0x6e, 0x74, 0x69,
  0x61, 0x6c, 0x5f, 0x31, 0x32, 0x32, 0x5f, 0x31, 0x2f, 0x6c, 0x73, 0x74,
  0x6d, 0x5f, 0x32, 0x5f, 0x31, 0x2f, 0x6c, 0x73, 0x74, 0x6d, 0x5f, 0x63,
  0x65, 0x6c, 0x6c, 0x5f, 0x31, 0x37, 0x2f, 0x4d, 0x61, 0x74, 0x4d, 0x75,
  0x6c, 0x00, 0x00, 0x00, 0x02, 0x00, 0x00, 0x00, 0x01, 0x00, 0x00, 0x00,
  0x40, 0x00, 0x00, 0x00, 0x0a, 0xf1, 0xff, 0xff, 0x00, 0x00, 0x00, 0x01,
  0x10, 0x00, 0x00, 0x00, 0x10, 0x00, 0x00, 0x00, 0x2e, 0x00, 0x00, 0x00,
  0x3c, 0x00, 0x00, 0x00, 0x7c, 0xf0, 0xff, 0xff, 0x2d, 0x00, 0x00, 0x00,
  0x73, 0x65, 0x71, 0x75, 0x65, 0x6e, 0x74, 0x69, 0x61, 0x6c, 0x5f, 0x31,
  0x32, 0x32, 0x5f, 0x31, 0x2f, 0x6c, 0x73, 0x74, 0x6d, 0x5f, 0x32, 0x5f,
  0x31, 0x2f, 0x6c, 0x73, 0x74, 0x6d, 0x5f, 0x63, 0x65, 0x6c, 0x6c, 0x5f,
  0x31, 0x35, 0x2f, 0x4d, 0x61, 0x74, 0x4d, 0x75, 0x6c, 0x00, 0x00, 0x00,
  0x02, 0x00, 0x00, 0x00, 0x01, 0x00, 0x00, 0x00, 0x40, 0x00, 0x00, 0x00,
  0x66, 0xf1, 0xff, 0xff, 0x00, 0x00, 0x00, 0x01, 0x10, 0x00, 0x00, 0x00,
  0x10, 0x00, 0x00, 0x00, 0x2d, 0x00, 0x00, 0x00, 0x3c, 0x00, 0x00, 0x00,
  0xd8, 0xf0, 0xff, 0xff, 0x2d, 0x00, 0x00, 0x00, 0x73, 0x65, 0x71, 0x75,
  0x65, 0x6e, 0x74, 0x69, 0x61, 0x6c, 0x5f, 0x31, 0x32, 0x32, 0x5f, 0x31,
  0x2f, 0x6c, 0x73, 0x74, 0x6d, 0x5f, 0x32, 0x5f, 0x31, 0x2f, 0x6c, 0x73,
  0x74, 0x6d, 0x5f, 0x63, 0x65, 0x6c, 0x6c, 0x5f, 0x31, 0x33, 0x2f, 0x4d,
  0x61, 0x74, 0x4d, 0x75, 0x6c, 0x00, 0x00, 0x00, 0x02, 0x00, 0x00, 0x00,
  0x01, 0x00, 0x00, 0x00, 0x40, 0x00, 0x00, 0x00, 0xc2, 0xf1, 0xff, 0xff,
  0x00, 0x00, 0x00, 0x01, 0x10, 0x00, 0x00, 0x00, 0x10, 0x00, 0x00, 0x00,
  0x2c, 0x00, 0x00, 0x00, 0x3c, 0x00, 0x00, 0x00, 0x34, 0xf1, 0xff, 0xff,
  0x2d, 0x00, 0x00, 0x00, 0x73, 0x65, 0x71, 0x75, 0x65, 0x6e, 0x74, 0x69,
  0x61, 0x6c, 0x5f, 0x31, 0x32, 0x32, 0x5f, 0x31, 0x2f, 0x6c, 0x73, 0x74,
  0x6d, 0x5f, 0x32, 0x5f, 0x31, 0x2f, 0x6c, 0x73, 0x74, 0x6d, 0x5f, 0x63,
  0x65, 0x6c, 0x6c, 0x5f, 0x31, 0x31, 0x2f, 0x4d, 0x61, 0x74, 0x4d, 0x75,
  0x6c, 0x00, 0x00, 0x00, 0x02, 0x00, 0x00, 0x00, 0x01, 0x00, 0x00, 0x00,
  0x40, 0x00, 0x00, 0x00, 0x1e, 0xf2, 0xff, 0xff, 0x00, 0x00, 0x00, 0x01,
  0x10, 0x00, 0x00, 0x00, 0x10, 0x00, 0x00, 0x00, 0x2b, 0x00, 0x00, 0x00,
  0x3c, 0x00, 0x00, 0x00, 0x90, 0xf1, 0xff, 0xff, 0x2d, 0x00, 0x00, 0x00,
  0x73, 0x65, 0x71, 0x75, 0x65, 0x6e, 0x74, 0x69, 0x61, 0x6c, 0x5f, 0x31,
  0x32, 0x32, 0x5f, 0x31, 0x2f, 0x6c, 0x73, 0x74, 0x6d, 0x5f, 0x32, 0x5f,
  0x31, 0x2f, 0x6c, 0x73, 0x74, 0x6d, 0x5f, 0x63, 0x65, 0x6c, 0x6c, 0x5f,
  0x33, 0x2f, 0x53, 0x71, 0x75, 0x65, 0x65, 0x7a, 0x65, 0x00, 0x00, 0x00,
  0x01, 0x00, 0x00, 0x00, 0x40, 0x00, 0x00, 0x00, 0x76, 0xf2, 0xff, 0xff,
  0x00, 0x00, 0x00, 0x01, 0x10, 0x00, 0x00, 0x00, 0x10, 0x00, 0x00, 0x00,
  0x2a, 0x00, 0x00, 0x00, 0x3c, 0x00, 0x00, 0x00, 0xe8, 0xf1, 0xff, 0xff,
  0x2e, 0x00, 0x00, 0x00, 0x73, 0x65, 0x71, 0x75, 0x65, 0x6e, 0x74, 0x69,
  0x61, 0x6c, 0x5f, 0x31, 0x32, 0x32, 0x5f, 0x31, 0x2f, 0x6c, 0x73, 0x74,
  0x6d, 0x5f, 0x32, 0x5f, 0x31, 0x2f, 0x6c, 0x73, 0x74, 0x6d, 0x5f, 0x63,
  0x65, 0x6c, 0x6c, 0x5f, 0x33, 0x2f, 0x4d, 0x61, 0x74, 0x4d, 0x75, 0x6c,
  0x5f, 0x31, 0x00, 0x00, 0x02, 0x00, 0x00, 0x00, 0x01, 0x00, 0x00, 0x00,
  0x40, 0x00, 0x00, 0x00, 0xd2, 0xf2, 0xff, 0xff, 0x00, 0x00, 0x00, 0x01,
  0x10, 0x00, 0x00, 0x00, 0x10, 0x00, 0x00, 0x00, 0x29, 0x00, 0x00, 0x00,
  0x38, 0x00, 0x00, 0x00, 0x44, 0xf2, 0xff, 0xff, 0x2b, 0x00, 0x00, 0x00,
  0x73, 0x65, 0x71, 0x75, 0x65, 0x6e, 0x74, 0x69, 0x61, 0x6c, 0x5f, 0x31,
  0x32, 0x32, 0x5f, 0x31, 0x2f, 0x6c, 0x73, 0x74, 0x6d, 0x5f, 0x32, 0x5f,
  0x31, 0x2f, 0x6c, 0x73, 0x74, 0x6d, 0x5f, 0x63, 0x65, 0x6c, 0x6c, 0x5f,
  0x31, 0x2f, 0x6d, 0x75, 0x6c, 0x5f, 0x32, 0x00, 0x02, 0x00, 0x00, 0x00,
  0x01, 0x00, 0x00, 0x00, 0x10, 0x00, 0x00, 0x00, 0x2a, 0xf3, 0xff, 0xff,
  0x00, 0x00, 0x00, 0x01, 0x10, 0x00, 0x00, 0x00, 0x10, 0x00, 0x00, 0x00,
  0x28, 0x00, 0x00, 0x00, 0x3c, 0x00, 0x00, 0x00, 0x9c, 0xf2, 0xff, 0xff,
  0x2c, 0x00, 0x00, 0x00, 0x73, 0x65, 0x71, 0x75, 0x65, 0x6e, 0x74, 0x69,
  0x61, 0x6c, 0x5f, 0x31, 0x32, 0x32, 0x5f, 0x31, 0x2f, 0x6c, 0x73, 0x74,
  0x6d, 0x5f, 0x32, 0x5f, 0x31, 0x2f, 0x6c, 0x73, 0x74, 0x6d, 0x5f, 0x63,
  0x65, 0x6c, 0x6c, 0x5f, 0x31, 0x2f, 0x54, 0x61, 0x6e, 0x68, 0x5f, 0x31,
  0x00, 0x00, 0x00, 0x00, 0x02, 0x00, 0x00, 0x00, 0x01, 0x00, 0x00, 0x00,
  0x10, 0x00, 0x00, 0x00, 0x86, 0xf3, 0xff, 0xff, 0x00, 0x00, 0x00, 0x01,
  0x10, 0x00, 0x00, 0x00, 0x10, 0x00, 0x00, 0x00, 0x27, 0x00, 0x00, 0x00,
  0x38, 0x00, 0x00, 0x00, 0xf8, 0xf2, 0xff, 0xff, 0x2b, 0x00, 0x00, 0x00,
  0x73, 0x65, 0x71, 0x75, 0x65, 0x6e, 0x74, 0x69, 0x61, 0x6c, 0x5f, 0x31,
  0x32, 0x32, 0x5f, 0x31, 0x2f, 0x6c, 0x73, 0x74, 0x6d, 0x5f, 0x32, 0x5f,
  0x31, 0x2f, 0x6c, 0x73, 0x74, 0x6d, 0x5f, 0x63, 0x65, 0x6c, 0x6c, 0x5f,
  0x31, 0x2f, 0x6d, 0x75, 0x6c, 0x5f, 0x31, 0x00, 0x02, 0x00, 0x00, 0x00,
  0x01, 0x00, 0x00, 0x00, 0x10, 0x00, 0x00, 0x00, 0xde, 0xf3, 0xff, 0xff,
  0x00, 0x00, 0x00, 0x01, 0x10, 0x00, 0x00, 0x00, 0x10, 0x00, 0x00, 0x00,
  0x26, 0x00, 0x00, 0x00, 0x38, 0x00, 0x00, 0x00, 0x50, 0xf3, 0xff, 0xff,
  0x2a, 0x00, 0x00, 0x00, 0x73, 0x65, 0x71, 0x75, 0x65, 0x6e, 0x74, 0x69,
  0x61, 0x6c, 0x5f, 0x31, 0x32, 0x32, 0x5f, 0x31, 0x2f, 0x6c, 0x73, 0x74,
  0x6d, 0x5f, 0x32, 0x5f, 0x31, 0x2f, 0x6c, 0x73, 0x74, 0x6d, 0x5f, 0x63,
  0x65, 0x6c, 0x6c, 0x5f, 0x31, 0x2f, 0x54, 0x61, 0x6e, 0x68, 0x00, 0x00,
  0x02, 0x00, 0x00, 0x00, 0x01, 0x00, 0x00, 0x00, 0x10, 0x00, 0x00, 0x00,
  0x36, 0xf4, 0xff, 0xff, 0x00, 0x00, 0x00, 0x01, 0x10, 0x00, 0x00, 0x00,
  0x10, 0x00, 0x00, 0x00, 0x25, 0x00, 0x00, 0x00, 0x3c, 0x00, 0x00, 0x00,
  0xa8, 0xf3, 0xff, 0xff, 0x2f, 0x00, 0x00, 0x00, 0x73, 0x65, 0x71, 0x75,
  0x65, 0x6e, 0x74, 0x69, 0x61, 0x6c, 0x5f, 0x31, 0x32, 0x32, 0x5f, 0x31,
  0x2f, 0x6c, 0x73, 0x74, 0x6d, 0x5f, 0x32, 0x5f, 0x31, 0x2f, 0x6c, 0x73,
  0x74, 0x6d, 0x5f, 0x63, 0x65, 0x6c, 0x6c, 0x5f, 0x31, 0x2f, 0x53, 0x69,
  0x67, 0x6d, 0x6f, 0x69, 0x64, 0x5f, 0x32, 0x00, 0x02, 0x00, 0x00, 0x00,
  0x01, 0x00, 0x00, 0x00, 0x10, 0x00, 0x00, 0x00, 0x92, 0xf4, 0xff, 0xff,
  0x00, 0x00, 0x00, 0x01, 0x10, 0x00, 0x00, 0x00, 0x10, 0x00, 0x00, 0x00,
  0x24, 0x00, 0x00, 0x00, 0x3c, 0x00, 0x00, 0x00, 0x04, 0xf4, 0xff, 0xff,
  0x2d, 0x00, 0x00, 0x00, 0x73, 0x65, 0x71, 0x75, 0x65, 0x6e, 0x74, 0x69,
  0x61, 0x6c, 0x5f, 0x31, 0x32, 0x32, 0x5f, 0x31, 0x2f, 0x6c, 0x73, 0x74,
  0x6d, 0x5f, 0x32, 0x5f, 0x31, 0x2f, 0x6c, 0x73, 0x74, 0x6d, 0x5f, 0x63,
  0x65, 0x6c, 0x6c, 0x5f, 0x31, 0x2f, 0x53, 0x69, 0x67, 0x6d, 0x6f, 0x69,
  0x64, 0x00, 0x00, 0x00, 0x02, 0x00, 0x00, 0x00, 0x01, 0x00, 0x00, 0x00,
  0x10, 0x00, 0x00, 0x00, 0xee, 0xf4, 0xff, 0xff, 0x00, 0x00, 0x00, 0x01,
  0x10, 0x00, 0x00, 0x00, 0x10, 0x00, 0x00, 0x00, 0x23, 0x00, 0x00, 0x00,
  0x3c, 0x00, 0x00, 0x00, 0x60, 0xf4, 0xff, 0xff, 0x2c, 0x00, 0x00, 0x00,
  0x73, 0x65, 0x71, 0x75, 0x65, 0x6e, 0x74, 0x69, 0x61, 0x6c, 0x5f, 0x31,
  0x32, 0x32, 0x5f, 0x31, 0x2f, 0x6c, 0x73, 0x74, 0x6d, 0x5f, 0x32, 0x5f,
  0x31, 0x2f, 0x6c, 0x73, 0x74, 0x6d, 0x5f, 0x63, 0x65, 0x6c, 0x6c, 0x5f,
  0x31, 0x2f, 0x73, 0x70, 0x6c, 0x69, 0x74, 0x33, 0x00, 0x00, 0x00, 0x00,
  0x02, 0x00, 0x00, 0x00, 0x01, 0x00, 0x00, 0x00, 0x10, 0x00, 0x00, 0x00,
  0x4a, 0xf5, 0xff, 0xff, 0x00, 0x00, 0x00, 0x01, 0x10, 0x00, 0x00, 0x00,
  0x10, 0x00, 0x00, 0x00, 0x22, 0x00, 0x00, 0x00, 0x3c, 0x00, 0x00, 0x00,
  0xbc, 0xf4, 0xff, 0xff, 0x2c, 0x00, 0x00, 0x00, 0x73, 0x65, 0x71, 0x75,
  0x65, 0x6e, 0x74, 0x69, 0x61, 0x6c, 0x5f, 0x31, 0x32, 0x32, 0x5f, 0x31,
  0x2f, 0x6c, 0x73, 0x74, 0x6d, 0x5f, 0x32, 0x5f, 0x31, 0x2f, 0x6c, 0x73,
  0x74, 0x6d, 0x5f, 0x63, 0x65, 0x6c, 0x6c, 0x5f, 0x31, 0x2f, 0x73, 0x70,
  0x6c, 0x69, 0x74, 0x32, 0x00, 0x00, 0x00, 0x00, 0x02, 0x00, 0x00, 0x00,
  0x01, 0x00, 0x00, 0x00, 0x10, 0x00, 0x00, 0x00, 0xa6, 0xf5, 0xff, 0xff,
  0x00, 0x00, 0x00, 0x01, 0x10, 0x00, 0x00, 0x00, 0x10, 0x00, 0x00, 0x00,
  0x21, 0x00, 0x00, 0x00, 0x3c, 0x00, 0x00, 0x00, 0x18, 0xf5, 0xff, 0xff,
  0x2c, 0x00, 0x00, 0x00, 0x73, 0x65, 0x71, 0x75, 0x65, 0x6e, 0x74, 0x69,
  0x61, 0x6c, 0x5f, 0x31, 0x32, 0x32, 0x5f, 0x31, 0x2f, 0x6c, 0x73, 0x74,
  0x6d, 0x5f, 0x32, 0x5f, 0x31, 0x2f, 0x6c, 0x73, 0x74, 0x6d, 0x5f, 0x63,
  0x65, 0x6c, 0x6c, 0x5f, 0x31, 0x2f, 0x73, 0x70, 0x6c, 0x69, 0x74, 0x31,
  0x00, 0x00, 0x00, 0x00, 0x02, 0x00, 0x00, 0x00, 0x01, 0x00, 0x00, 0x00,
  0x10, 0x00, 0x00, 0x00, 0x02, 0xf6, 0xff, 0xff, 0x00, 0x00, 0x00, 0x01,
  0x10, 0x00, 0x00, 0x00, 0x10, 0x00, 0x00, 0x00, 0x20, 0x00, 0x00, 0x00,
  0x38, 0x00, 0x00, 0x00, 0x74, 0xf5, 0xff, 0xff, 0x2b, 0x00, 0x00, 0x00,
  0x73, 0x65, 0x71, 0x75, 0x65, 0x6e, 0x74, 0x69, 0x61, 0x6c, 0x5f, 0x31,
  0x32, 0x32, 0x5f, 0x31, 0x2f, 0x6c, 0x73, 0x74, 0x6d, 0x5f, 0x32, 0x5f,
  0x31, 0x2f, 0x6c, 0x73, 0x74, 0x6d, 0x5f, 0x63, 0x65, 0x6c, 0x6c, 0x5f,
  0x31, 0x2f, 0x73, 0x70, 0x6c, 0x69, 0x74, 0x00, 0x02, 0x00, 0x00, 0x00,
  0x01, 0x00, 0x00, 0x00, 0x10, 0x00, 0x00, 0x00, 0x5a, 0xf6, 0xff, 0xff,
  0x00, 0x00, 0x00, 0x01, 0x10, 0x00, 0x00, 0x00, 0x10, 0x00, 0x00, 0x00,
  0x1f, 0x00, 0x00, 0x00, 0x6c, 0x00, 0x00, 0x00, 0xcc, 0xf5, 0xff, 0xff,
  0x5c, 0x00, 0x00, 0x00, 0x73, 0x65, 0x71, 0x75, 0x65, 0x6e, 0x74, 0x69,
  0x61, 0x6c, 0x5f, 0x31, 0x32, 0x32, 0x5f, 0x31, 0x2f, 0x6c, 0x73, 0x74,
  0x6d, 0x5f, 0x32, 0x5f, 0x31, 0x2f, 0x6c, 0x73, 0x74, 0x6d, 0x5f, 0x63,
  0x65, 0x6c, 0x6c, 0x5f, 0x31, 0x2f, 0x4d, 0x61, 0x74, 0x4d, 0x75, 0x6c,
  0x3b, 0x73, 0x65, 0x71, 0x75, 0x65, 0x6e, 0x74, 0x69, 0x61, 0x6c, 0x5f,
  0x31, 0x32, 0x32, 0x5f, 0x31, 0x2f, 0x6c, 0x73, 0x74, 0x6d, 0x5f, 0x32,
  0x5f, 0x31, 0x2f, 0x6c, 0x73, 0x74, 0x6d, 0x5f, 0x63, 0x65, 0x6c, 0x6c,
  0x5f, 0x31, 0x2f, 0x42, 0x69, 0x61, 0x73, 0x41, 0x64, 0x64, 0x5f, 0x31,
  0x00, 0x00, 0x00, 0x00, 0x02, 0x00, 0x00, 0x00, 0x01, 0x00, 0x00, 0x00,
  0x40, 0x00, 0x00, 0x00, 0xe6, 0xf6, 0xff, 0xff, 0x00, 0x00, 0x00, 0x01,
  0x10, 0x00, 0x00, 0x00, 0x10, 0x00, 0x00, 0x00, 0x1e, 0x00, 0x00, 0x00,
  0x30, 0x00, 0x00, 0x00, 0x58, 0xf6, 0xff, 0xff, 0x23, 0x00, 0x00, 0x00,
  0x73, 0x65, 0x71, 0x75, 0x65, 0x6e, 0x74, 0x69, 0x61, 0x6c, 0x5f, 0x31,
  0x32, 0x32, 0x5f, 0x31, 0x2f, 0x6c, 0x73, 0x74, 0x6d, 0x5f, 0x32, 0x5f,
  0x31, 0x2f, 0x75, 0x6e, 0x73, 0x74, 0x61, 0x63, 0x6b, 0x31, 0x39, 0x00,
  0x02, 0x00, 0x00, 0x00, 0x01, 0x00, 0x00, 0x00, 0x09, 0x00, 0x00, 0x00,
  0x36, 0xf7, 0xff, 0xff, 0x00, 0x00, 0x00, 0x01, 0x10, 0x00, 0x00, 0x00,
  0x10, 0x00, 0x00, 0x00, 0x1d, 0x00, 0x00, 0x00, 0x30, 0x00, 0x00, 0x00,
  0xa8, 0xf6, 0xff, 0xff, 0x23, 0x00, 0x00, 0x00, 0x73, 0x65, 0x71, 0x75,
  0x65, 0x6e, 0x74, 0x69, 0x61, 0x6c, 0x5f, 0x31, 0x32, 0x32, 0x5f, 0x31,
  0x2f, 0x6c, 0x73, 0x74, 0x6d, 0x5f, 0x32, 0x5f, 0x31, 0x2f, 0x75, 0x6e,
  0x73, 0x74, 0x61, 0x63, 0x6b, 0x31, 0x38, 0x00, 0x02, 0x00, 0x00, 0x00,
  0x01, 0x00, 0x00, 0x00, 0x09, 0x00, 0x00, 0x00, 0x86, 0xf7, 0xff, 0xff,
  0x00, 0x00, 0x00, 0x01, 0x10, 0x00, 0x00, 0x00, 0x10, 0x00, 0x00, 0x00,
  0x1c, 0x00, 0x00, 0x00, 0x30, 0x00, 0x00, 0x00, 0xf8, 0xf6, 0xff, 0xff,
  0x23, 0x00, 0x00, 0x00, 0x73, 0x65, 0x71, 0x75, 0x65, 0x6e, 0x74, 0x69,
  0x61, 0x6c, 0x5f, 0x31, 0x32, 0x32, 0x5f, 0x31, 0x2f, 0x6c, 0x73, 0x74,
  0x6d, 0x5f, 0x32, 0x5f, 0x31, 0x2f, 0x75, 0x6e, 0x73, 0x74, 0x61, 0x63,
  0x6b, 0x31, 0x37, 0x00, 0x02, 0x00, 0x00, 0x00, 0x01, 0x00, 0x00, 0x00,
  0x09, 0x00, 0x00, 0x00, 0xd6, 0xf7, 0xff, 0xff, 0x00, 0x00, 0x00, 0x01,
  0x10, 0x00, 0x00, 0x00, 0x10, 0x00, 0x00, 0x00, 0x1b, 0x00, 0x00, 0x00,
  0x30, 0x00, 0x00, 0x00, 0x48, 0xf7, 0xff, 0xff, 0x23, 0x00, 0x00, 0x00,
  0x73, 0x65, 0x71, 0x75, 0x65, 0x6e, 0x74, 0x69, 0x61, 0x6c, 0x5f, 0x31,
  0x32, 0x32, 0x5f, 0x31, 0x2f, 0x6c, 0x73, 0x74, 0x6d, 0x5f, 0x32, 0x5f,
  0x31, 0x2f, 0x75, 0x6e, 0x73, 0x74, 0x61, 0x63, 0x6b, 0x31, 0x36, 0x00,
  0x02, 0x00, 0x00, 0x00, 0x01, 0x00, 0x00, 0x00, 0x09, 0x00, 0x00, 0x00,
  0x26, 0xf8, 0xff, 0xff, 0x00, 0x00, 0x00, 0x01, 0x10, 0x00, 0x00, 0x00,
  0x10, 0x00, 0x00, 0x00, 0x1a, 0x00, 0x00, 0x00, 0x30, 0x00, 0x00, 0x00,
  0x98, 0xf7, 0xff, 0xff, 0x23, 0x00, 0x00, 0x00, 0x73, 0x65, 0x71, 0x75,
  0x65, 0x6e, 0x74, 0x69, 0x61, 0x6c, 0x5f, 0x31, 0x32, 0x32, 0x5f, 0x31,
  0x2f, 0x6c, 0x73, 0x74, 0x6d, 0x5f, 0x32, 0x5f, 0x31, 0x2f, 0x75, 0x6e,
  0x73, 0x74, 0x61, 0x63, 0x6b, 0x31, 0x35, 0x00, 0x02, 0x00, 0x00, 0x00,
  0x01, 0x00, 0x00, 0x00, 0x09, 0x00, 0x00, 0x00, 0x76, 0xf8, 0xff, 0xff,
  0x00, 0x00, 0x00, 0x01, 0x10, 0x00, 0x00, 0x00, 0x10, 0x00, 0x00, 0x00,
  0x19, 0x00, 0x00, 0x00, 0x30, 0x00, 0x00, 0x00, 0xe8, 0xf7, 0xff, 0xff,
  0x23, 0x00, 0x00, 0x00, 0x73, 0x65, 0x71, 0x75, 0x65, 0x6e, 0x74, 0x69,
  0x61, 0x6c, 0x5f, 0x31, 0x32, 0x32, 0x5f, 0x31, 0x2f, 0x6c, 0x73, 0x74,
  0x6d, 0x5f, 0x32, 0x5f, 0x31, 0x2f, 0x75, 0x6e, 0x73, 0x74, 0x61, 0x63,
  0x6b, 0x31, 0x34, 0x00, 0x02, 0x00, 0x00, 0x00, 0x01, 0x00, 0x00, 0x00,
  0x09, 0x00, 0x00, 0x00, 0xc6, 0xf8, 0xff, 0xff, 0x00, 0x00, 0x00, 0x01,
  0x10, 0x00, 0x00, 0x00, 0x10, 0x00, 0x00, 0x00, 0x18, 0x00, 0x00, 0x00,
  0x30, 0x00, 0x00, 0x00, 0x38, 0xf8, 0xff, 0xff, 0x23, 0x00, 0x00, 0x00,
  0x73, 0x65, 0x71, 0x75, 0x65, 0x6e, 0x74, 0x69, 0x61, 0x6c, 0x5f, 0x31,
  0x32, 0x32, 0x5f, 0x31, 0x2f, 0x6c, 0x73, 0x74, 0x6d, 0x5f, 0x32, 0x5f,
  0x31, 0x2f, 0x75, 0x6e, 0x73, 0x74, 0x61, 0x63, 0x6b, 0x31, 0x33, 0x00,
  0x02, 0x00, 0x00, 0x00, 0x01, 0x00, 0x00, 0x00, 0x09, 0x00, 0x00, 0x00,
  0x16, 0xf9, 0xff, 0xff, 0x00, 0x00, 0x00, 0x01, 0x10, 0x00, 0x00, 0x00,
  0x10, 0x00, 0x00, 0x00, 0x17, 0x00, 0x00, 0x00, 0x30, 0x00, 0x00, 0x00,
  0x88, 0xf8, 0xff, 0xff, 0x23, 0x00, 0x00, 0x00, 0x73, 0x65, 0x71, 0x75,
  0x65, 0x6e, 0x74, 0x69, 0x61, 0x6c, 0x5f, 0x31, 0x32, 0x32, 0x5f, 0x31,
  0x2f, 0x6c, 0x73, 0x74, 0x6d, 0x5f, 0x32, 0x5f, 0x31, 0x2f, 0x75, 0x6e,
  0x73, 0x74, 0x61, 0x63, 0x6b, 0x31, 0x32, 0x00, 0x02, 0x00, 0x00, 0x00,
  0x01, 0x00, 0x00, 0x00, 0x09, 0x00, 0x00, 0x00, 0x66, 0xf9, 0xff, 0xff,
  0x00, 0x00, 0x00, 0x01, 0x10, 0x00, 0x00, 0x00, 0x10, 0x00, 0x00, 0x00,
  0x16, 0x00, 0x00, 0x00, 0x30, 0x00, 0x00, 0x00, 0xd8, 0xf8, 0xff, 0xff,
  0x23, 0x00, 0x00, 0x00, 0x73, 0x65, 0x71, 0x75, 0x65, 0x6e, 0x74, 0x69,
  0x61, 0x6c, 0x5f, 0x31, 0x32, 0x32, 0x5f, 0x31, 0x2f, 0x6c, 0x73, 0x74,
  0x6d, 0x5f, 0x32, 0x5f, 0x31, 0x2f, 0x75, 0x6e, 0x73, 0x74, 0x61, 0x63,
  0x6b, 0x31, 0x31, 0x00, 0x02, 0x00, 0x00, 0x00, 0x01, 0x00, 0x00, 0x00,
  0x09, 0x00, 0x00, 0x00, 0xb6, 0xf9, 0xff, 0xff, 0x00, 0x00, 0x00, 0x01,
  0x10, 0x00, 0x00, 0x00, 0x10, 0x00, 0x00, 0x00, 0x15, 0x00, 0x00, 0x00,
  0x30, 0x00, 0x00, 0x00, 0x28, 0xf9, 0xff, 0xff, 0x23, 0x00, 0x00, 0x00,
  0x73, 0x65, 0x71, 0x75, 0x65, 0x6e, 0x74, 0x69, 0x61, 0x6c, 0x5f, 0x31,
  0x32, 0x32, 0x5f, 0x31, 0x2f, 0x6c, 0x73, 0x74, 0x6d, 0x5f, 0x32, 0x5f,
  0x31, 0x2f, 0x75, 0x6e, 0x73, 0x74, 0x61, 0x63, 0x6b, 0x31, 0x30, 0x00,
  0x02, 0x00, 0x00, 0x00, 0x01, 0x00, 0x00, 0x00, 0x09, 0x00, 0x00, 0x00,
  0x06, 0xfa, 0xff, 0xff, 0x00, 0x00, 0x00, 0x01, 0x10, 0x00, 0x00, 0x00,
  0x10, 0x00, 0x00, 0x00, 0x14, 0x00, 0x00, 0x00, 0x30, 0x00, 0x00, 0x00,
  0x78, 0xf9, 0xff, 0xff, 0x22, 0x00, 0x00, 0x00, 0x73, 0x65, 0x71, 0x75,
  0x65, 0x6e, 0x74, 0x69, 0x61, 0x6c, 0x5f, 0x31, 0x32, 0x32, 0x5f, 0x31,
  0x2f, 0x6c, 0x73, 0x74, 0x6d, 0x5f, 0x32, 0x5f, 0x31, 0x2f, 0x75, 0x6e,
  0x73, 0x74, 0x61, 0x63, 0x6b, 0x39, 0x00, 0x00, 0x02, 0x00, 0x00, 0x00,
  0x01, 0x00, 0x00, 0x00, 0x09, 0x00, 0x00, 0x00, 0x56, 0xfa, 0xff, 0xff,
  0x00, 0x00, 0x00, 0x01, 0x10, 0x00, 0x00, 0x00, 0x10, 0x00, 0x00, 0x00,
  0x13, 0x00, 0x00, 0x00, 0x30, 0x00, 0x00, 0x00, 0xc8, 0xf9, 0xff, 0xff,
  0x22, 0x00, 0x00, 0x00, 0x73, 0x65, 0x71, 0x75, 0x65, 0x6e, 0x74, 0x69,
  0x61, 0x6c, 0x5f, 0x31, 0x32, 0x32, 0x5f, 0x31, 0x2f, 0x6c, 0x73, 0x74,
  0x6d, 0x5f, 0x32, 0x5f, 0x31, 0x2f, 0x75, 0x6e, 0x73, 0x74, 0x61, 0x63,
  0x6b, 0x38, 0x00, 0x00, 0x02, 0x00, 0x00, 0x00, 0x01, 0x00, 0x00, 0x00,
  0x09, 0x00, 0x00, 0x00, 0xa6, 0xfa, 0xff, 0xff, 0x00, 0x00, 0x00, 0x01,
  0x10, 0x00, 0x00, 0x00, 0x10, 0x00, 0x00, 0x00, 0x12, 0x00, 0x00, 0x00,
  0x30, 0x00, 0x00, 0x00, 0x18, 0xfa, 0xff, 0xff, 0x22, 0x00, 0x00, 0x00,
  0x73, 0x65, 0x71, 0x75, 0x65, 0x6e, 0x74, 0x69, 0x61, 0x6c, 0x5f, 0x31,
  0x32, 0x32, 0x5f, 0x31, 0x2f, 0x6c, 0x73, 0x74, 0x6d, 0x5f, 0x32, 0x5f,
  0x31, 0x2f, 0x75, 0x6e, 0x73, 0x74, 0x61, 0x63, 0x6b, 0x37, 0x00, 0x00,
  0x02, 0x00, 0x00, 0x00, 0x01, 0x00, 0x00, 0x00, 0x09, 0x00, 0x00, 0x00,
  0xf6, 0xfa, 0xff, 0xff, 0x00, 0x00, 0x00, 0x01, 0x10, 0x00, 0x00, 0x00,
  0x10, 0x00, 0x00, 0x00, 0x11, 0x00, 0x00, 0x00, 0x30, 0x00, 0x00, 0x00,
  0x68, 0xfa, 0xff, 0xff, 0x22, 0x00, 0x00, 0x00, 0x73, 0x65, 0x71, 0x75,
  0x65, 0x6e, 0x74, 0x69, 0x61, 0x6c, 0x5f, 0x31, 0x32, 0x32, 0x5f, 0x31,
  0x2f, 0x6c, 0x73, 0x74, 0x6d, 0x5f, 0x32, 0x5f, 0x31, 0x2f, 0x75, 0x6e,
  0x73, 0x74, 0x61, 0x63, 0x6b, 0x36, 0x00, 0x00, 0x02, 0x00, 0x00, 0x00,
  0x01, 0x00, 0x00, 0x00, 0x09, 0x00, 0x00, 0x00, 0x46, 0xfb, 0xff, 0xff,
  0x00, 0x00, 0x00, 0x01, 0x10, 0x00, 0x00, 0x00, 0x10, 0x00, 0x00, 0x00,
  0x10, 0x00, 0x00, 0x00, 0x30, 0x00, 0x00, 0x00, 0xb8, 0xfa, 0xff, 0xff,
  0x22, 0x00, 0x00, 0x00, 0x73, 0x65, 0x71, 0x75, 0x65, 0x6e, 0x74, 0x69,
  0x61, 0x6c, 0x5f, 0x31, 0x32, 0x32, 0x5f, 0x31, 0x2f, 0x6c, 0x73, 0x74,
  0x6d, 0x5f, 0x32, 0x5f, 0x31, 0x2f, 0x75, 0x6e, 0x73, 0x74, 0x61, 0x63,
  0x6b, 0x35, 0x00, 0x00, 0x02, 0x00, 0x00, 0x00, 0x01, 0x00, 0x00, 0x00,
  0x09, 0x00, 0x00, 0x00, 0x96, 0xfb, 0xff, 0xff, 0x00, 0x00, 0x00, 0x01,
  0x10, 0x00, 0x00, 0x00, 0x10, 0x00, 0x00, 0x00, 0x0f, 0x00, 0x00, 0x00,
  0x30, 0x00, 0x00, 0x00, 0x08, 0xfb, 0xff, 0xff, 0x22, 0x00, 0x00, 0x00,
  0x73, 0x65, 0x71, 0x75, 0x65, 0x6e, 0x74, 0x69, 0x61, 0x6c, 0x5f, 0x31,
  0x32, 0x32, 0x5f, 0x31, 0x2f, 0x6c, 0x73, 0x74, 0x6d, 0x5f, 0x32, 0x5f,
  0x31, 0x2f, 0x75, 0x6e, 0x73, 0x74, 0x61, 0x63, 0x6b, 0x34, 0x00, 0x00,
  0x02, 0x00, 0x00, 0x00, 0x01, 0x00, 0x00, 0x00, 0x09, 0x00, 0x00, 0x00,
  0xe6, 0xfb, 0xff, 0xff, 0x00, 0x00, 0x00, 0x01, 0x10, 0x00, 0x00, 0x00,
  0x10, 0x00, 0x00, 0x00, 0x0e, 0x00, 0x00, 0x00, 0x30, 0x00, 0x00, 0x00,
  0x58, 0xfb, 0xff, 0xff, 0x22, 0x00, 0x00, 0x00, 0x73, 0x65, 0x71, 0x75,
  0x65, 0x6e, 0x74, 0x69, 0x61, 0x6c, 0x5f, 0x31, 0x32, 0x32, 0x5f, 0x31,
  0x2f, 0x6c, 0x73, 0x74, 0x6d, 0x5f, 0x32, 0x5f, 0x31, 0x2f, 0x75, 0x6e,
  0x73, 0x74, 0x61, 0x63, 0x6b, 0x33, 0x00, 0x00, 0x02, 0x00, 0x00, 0x00,
  0x01, 0x00, 0x00, 0x00, 0x09, 0x00, 0x00, 0x00, 0x36, 0xfc, 0xff, 0xff,
  0x00, 0x00, 0x00, 0x01, 0x10, 0x00, 0x00, 0x00, 0x10, 0x00, 0x00, 0x00,
  0x0d, 0x00, 0x00, 0x00, 0x30, 0x00, 0x00, 0x00, 0xa8, 0xfb, 0xff, 0xff,
  0x22, 0x00, 0x00, 0x00, 0x73, 0x65, 0x71, 0x75, 0x65, 0x6e, 0x74, 0x69,
  0x61, 0x6c, 0x5f, 0x31, 0x32, 0x32, 0x5f, 0x31, 0x2f, 0x6c, 0x73, 0x74,
  0x6d, 0x5f, 0x32, 0x5f, 0x31, 0x2f, 0x75, 0x6e, 0x73, 0x74, 0x61, 0x63,
  0x6b, 0x32, 0x00, 0x00, 0x02, 0x00, 0x00, 0x00, 0x01, 0x00, 0x00, 0x00,
  0x09, 0x00, 0x00, 0x00, 0x86, 0xfc, 0xff, 0xff, 0x00, 0x00, 0x00, 0x01,
  0x10, 0x00, 0x00, 0x00, 0x10, 0x00, 0x00, 0x00, 0x0c, 0x00, 0x00, 0x00,
  0x30, 0x00, 0x00, 0x00, 0xf8, 0xfb, 0xff, 0xff, 0x22, 0x00, 0x00, 0x00,
  0x73, 0x65, 0x71, 0x75, 0x65, 0x6e, 0x74, 0x69, 0x61, 0x6c, 0x5f, 0x31,
  0x32, 0x32, 0x5f, 0x31, 0x2f, 0x6c, 0x73, 0x74, 0x6d, 0x5f, 0x32, 0x5f,
  0x31, 0x2f, 0x75, 0x6e, 0x73, 0x74, 0x61, 0x63, 0x6b, 0x31, 0x00, 0x00,
  0x02, 0x00, 0x00, 0x00, 0x01, 0x00, 0x00, 0x00, 0x09, 0x00, 0x00, 0x00,
  0xd6, 0xfc, 0xff, 0xff, 0x00, 0x00, 0x00, 0x01, 0x10, 0x00, 0x00, 0x00,
  0x10, 0x00, 0x00, 0x00, 0x0b, 0x00, 0x00, 0x00, 0x30, 0x00, 0x00, 0x00,
  0x48, 0xfc, 0xff, 0xff, 0x21, 0x00, 0x00, 0x00, 0x73, 0x65, 0x71, 0x75,
  0x65, 0x6e, 0x74, 0x69, 0x61, 0x6c, 0x5f, 0x31, 0x32, 0x32, 0x5f, 0x31,
  0x2f, 0x6c, 0x73, 0x74, 0x6d, 0x5f, 0x32, 0x5f, 0x31, 0x2f, 0x75, 0x6e,
  0x73, 0x74, 0x61, 0x63, 0x6b, 0x00, 0x00, 0x00, 0x02, 0x00, 0x00, 0x00,
  0x01, 0x00, 0x00, 0x00, 0x09, 0x00, 0x00, 0x00, 0x26, 0xfd, 0xff, 0xff,
  0x00, 0x00, 0x00, 0x01, 0x10, 0x00, 0x00, 0x00, 0x10, 0x00, 0x00, 0x00,
  0x0a, 0x00, 0x00, 0x00, 0x5c, 0x00, 0x00, 0x00, 0x98, 0xfc, 0xff, 0xff,
  0x4d, 0x00, 0x00, 0x00, 0x73, 0x65, 0x71, 0x75, 0x65, 0x6e, 0x74, 0x69,
  0x61, 0x6c, 0x5f, 0x31, 0x32, 0x32, 0x5f, 0x31, 0x2f, 0x6c, 0x73, 0x74,
  0x6d, 0x5f, 0x32, 0x5f, 0x31, 0x2f, 0x74, 0x72, 0x61, 0x6e, 0x73, 0x70,
  0x6f, 0x73, 0x65, 0x3b, 0x73, 0x65, 0x71, 0x75, 0x65, 0x6e, 0x74, 0x69,
  0x61, 0x6c, 0x5f, 0x31, 0x32, 0x32, 0x5f, 0x31, 0x2f, 0x6c, 0x73, 0x74,
  0x6d, 0x5f, 0x32, 0x5f, 0x31, 0x2f, 0x74, 0x72, 0x61, 0x6e, 0x73, 0x70,
  0x6f, 0x73, 0x65, 0x2f, 0x70, 0x65, 0x72, 0x6d, 0x31, 0x00, 0x00, 0x00,
  0x03, 0x00, 0x00, 0x00, 0x14, 0x00, 0x00, 0x00, 0x01, 0x00, 0x00, 0x00,
  0x09, 0x00, 0x00, 0x00, 0x4a, 0xfe, 0xff, 0xff, 0x00, 0x00, 0x00, 0x01,
  0x14, 0x00, 0x00, 0x00, 0x14, 0x00, 0x00, 0x00, 0x09, 0x00, 0x00, 0x00,
  0x00, 0x00, 0x00, 0x02, 0x5c, 0x00, 0x00, 0x00, 0x1c, 0xfd, 0xff, 0xff,
  0x4c, 0x00, 0x00, 0x00, 0x73, 0x65, 0x71, 0x75, 0x65, 0x6e, 0x74, 0x69,
  0x61, 0x6c, 0x5f, 0x31, 0x32, 0x32, 0x5f, 0x31, 0x2f, 0x6c, 0x73, 0x74,
  0x6d, 0x5f, 0x32, 0x5f, 0x31, 0x2f, 0x74, 0x72, 0x61, 0x6e, 0x73, 0x70,
  0x6f, 0x73, 0x65, 0x3b, 0x73, 0x65, 0x71, 0x75, 0x65, 0x6e, 0x74, 0x69,
  0x61, 0x6c, 0x5f, 0x31, 0x32, 0x32, 0x5f, 0x31, 0x2f, 0x6c, 0x73, 0x74,
  0x6d, 0x5f, 0x32, 0x5f, 0x31, 0x2f, 0x74, 0x72, 0x61, 0x6e, 0x73, 0x70,
  0x6f, 0x73, 0x65, 0x2f, 0x70, 0x65, 0x72, 0x6d, 0x00, 0x00, 0x00, 0x00,
  0x01, 0x00, 0x00, 0x00, 0x03, 0x00, 0x00, 0x00, 0xc6, 0xfe, 0xff, 0xff,
  0x00, 0x00, 0x00, 0x01, 0x14, 0x00, 0x00, 0x00, 0x14, 0x00, 0x00, 0x00,
  0x08, 0x00, 0x00, 0x00, 0x00, 0x00, 0x00, 0x02, 0x1c, 0x00, 0x00, 0x00,
  0x98, 0xfd, 0xff, 0xff, 0x0f, 0x00, 0x00, 0x00, 0x61, 0x72, 0x69, 0x74,
  0x68, 0x2e, 0x63, 0x6f, 0x6e, 0x73, 0x74, 0x61, 0x6e, 0x74, 0x34, 0x00,
  0x00, 0x00, 0x00, 0x00, 0x5a, 0xfe, 0xff, 0xff, 0x00, 0x00, 0x00, 0x01,
  0x10, 0x00, 0x00, 0x00, 0x10, 0x00, 0x00, 0x00, 0x07, 0x00, 0x00, 0x00,
  0x1c, 0x00, 0x00, 0x00, 0xcc, 0xfd, 0xff, 0xff, 0x0f, 0x00, 0x00, 0x00,
  0x61, 0x72, 0x69, 0x74, 0x68, 0x2e, 0x63, 0x6f, 0x6e, 0x73, 0x74, 0x61,
  0x6e, 0x74, 0x33, 0x00, 0x01, 0x00, 0x00, 0x00, 0x40, 0x00, 0x00, 0x00,
  0x92, 0xfe, 0xff, 0xff, 0x00, 0x00, 0x00, 0x01, 0x10, 0x00, 0x00, 0x00,
  0x10, 0x00, 0x00, 0x00, 0x06, 0x00, 0x00, 0x00, 0x1c, 0x00, 0x00, 0x00,
  0x04, 0xfe, 0xff, 0xff, 0x0f, 0x00, 0x00, 0x00, 0x61, 0x72, 0x69, 0x74,
  0x68, 0x2e, 0x63, 0x6f, 0x6e, 0x73, 0x74, 0x61, 0x6e, 0x74, 0x32, 0x00,
  0x02, 0x00, 0x00, 0x00, 0x40, 0x00, 0x00, 0x00, 0x09, 0x00, 0x00, 0x00,
  0xce, 0xfe, 0xff, 0xff, 0x00, 0x00, 0x00, 0x01, 0x10, 0x00, 0x00, 0x00,
  0x10, 0x00, 0x00, 0x00, 0x05, 0x00, 0x00, 0x00, 0x1c, 0x00, 0x00, 0x00,
  0x40, 0xfe, 0xff, 0xff, 0x0f, 0x00, 0x00, 0x00, 0x61, 0x72, 0x69, 0x74,
  0x68, 0x2e, 0x63, 0x6f, 0x6e, 0x73, 0x74, 0x61, 0x6e, 0x74, 0x31, 0x00,
  0x02, 0x00, 0x00, 0x00, 0x40, 0x00, 0x00, 0x00, 0x10, 0x00, 0x00, 0x00,
  0x0a, 0xff, 0xff, 0xff, 0x00, 0x00, 0x00, 0x01, 0x10, 0x00, 0x00, 0x00,
  0x10, 0x00, 0x00, 0x00, 0x04, 0x00, 0x00, 0x00, 0x30, 0x00, 0x00, 0x00,
  0x7c, 0xfe, 0xff, 0xff, 0x23, 0x00, 0x00, 0x00, 0x73, 0x65, 0x71, 0x75,
  0x65, 0x6e, 0x74, 0x69, 0x61, 0x6c, 0x5f, 0x31, 0x32, 0x32, 0x5f, 0x31,
  0x2f, 0x64, 0x65, 0x6e, 0x73, 0x65, 0x5f, 0x33, 0x34, 0x32, 0x5f, 0x31,
  0x2f, 0x4d, 0x61, 0x74, 0x4d, 0x75, 0x6c, 0x00, 0x02, 0x00, 0x00, 0x00,
  0x07, 0x00, 0x00, 0x00, 0x10, 0x00, 0x00, 0x00, 0x00, 0x00, 0x16, 0x00,
  0x1c, 0x00, 0x18, 0x00, 0x17, 0x00, 0x10, 0x00, 0x0c, 0x00, 0x08, 0x00,
  0x00, 0x00, 0x00, 0x00, 0x00, 0x00, 0x07, 0x00, 0x16, 0x00, 0x00, 0x00,
  0x00, 0x00, 0x00, 0x01, 0x14, 0x00, 0x00, 0x00, 0x14, 0x00, 0x00, 0x00,
  0x03, 0x00, 0x00, 0x00, 0x00, 0x00, 0x00, 0x02, 0x1c, 0x00, 0x00, 0x00,
  0xe8, 0xfe, 0xff, 0xff, 0x0e, 0x00, 0x00, 0x00, 0x61, 0x72, 0x69, 0x74,
  0x68, 0x2e, 0x63, 0x6f, 0x6e, 0x73, 0x74, 0x61, 0x6e, 0x74, 0x00, 0x00,
  0x01, 0x00, 0x00, 0x00, 0x01, 0x00, 0x00, 0x00, 0xae, 0xff, 0xff, 0xff,
  0x00, 0x00, 0x00, 0x01, 0x10, 0x00, 0x00, 0x00, 0x10, 0x00, 0x00, 0x00,
  0x02, 0x00, 0x00, 0x00, 0x34, 0x00, 0x00, 0x00, 0x20, 0xff, 0xff, 0xff,
  0x24, 0x00, 0x00, 0x00, 0x73, 0x65, 0x71, 0x75, 0x65, 0x6e, 0x74, 0x69,
  0x61, 0x6c, 0x5f, 0x31, 0x32, 0x32, 0x5f, 0x31, 0x2f, 0x64, 0x65, 0x6e,
  0x73, 0x65, 0x5f, 0x33, 0x34, 0x32, 0x5f, 0x31, 0x2f, 0x42, 0x69, 0x61,
  0x73, 0x41, 0x64, 0x64, 0x00, 0x00, 0x00, 0x00, 0x01, 0x00, 0x00, 0x00,
  0x07, 0x00, 0x00, 0x00, 0x00, 0x00, 0x16, 0x00, 0x18, 0x00, 0x14, 0x00,
  0x00, 0x00, 0x10, 0x00, 0x0c, 0x00, 0x08, 0x00, 0x00, 0x00, 0x00, 0x00,
  0x00, 0x00, 0x07, 0x00, 0x16, 0x00, 0x00, 0x00, 0x00, 0x00, 0x00, 0x01,
  0x10, 0x00, 0x00, 0x00, 0x10, 0x00, 0x00, 0x00, 0x01, 0x00, 0x00, 0x00,
  0x34, 0x00, 0x00, 0x00, 0x88, 0xff, 0xff, 0xff, 0x24, 0x00, 0x00, 0x00,
  0x73, 0x65, 0x72, 0x76, 0x69, 0x6e, 0x67, 0x5f, 0x64, 0x65, 0x66, 0x61,
  0x75, 0x6c, 0x74, 0x5f, 0x6b, 0x65, 0x72, 0x61, 0x73, 0x5f, 0x74, 0x65,
  0x6e, 0x73, 0x6f, 0x72, 0x5f, 0x31, 0x36, 0x39, 0x32, 0x38, 0x3a, 0x30,
  0x00, 0x00, 0x00, 0x00, 0x04, 0x00, 0x00, 0x00, 0x01, 0x00, 0x00, 0x00,
  0x14, 0x00, 0x00, 0x00, 0x01, 0x00, 0x00, 0x00, 0x09, 0x00, 0x00, 0x00,
  0x09, 0x00, 0x00, 0x00, 0x8c, 0x00, 0x00, 0x00, 0x70, 0x00, 0x00, 0x00,
  0x60, 0x00, 0x00, 0x00, 0x50, 0x00, 0x00, 0x00, 0x40, 0x00, 0x00, 0x00,
  0x30, 0x00, 0x00, 0x00, 0x20, 0x00, 0x00, 0x00, 0x18, 0x00, 0x00, 0x00,
  0x04, 0x00, 0x00, 0x00, 0xa4, 0xff, 0xff, 0xff, 0x19, 0x00, 0x00, 0x00,
  0x00, 0x00, 0x00, 0x19, 0x04, 0x00, 0x04, 0x00, 0x04, 0x00, 0x00, 0x00,
  0xb8, 0xff, 0xff, 0xff, 0x12, 0x00, 0x00, 0x00, 0x00, 0x00, 0x00, 0x12,
  0xc4, 0xff, 0xff, 0xff, 0x1c, 0x00, 0x00, 0x00, 0x00, 0x00, 0x00, 0x1c,
  0xd0, 0xff, 0xff, 0xff, 0x0e, 0x00, 0x00, 0x00, 0x00, 0x00, 0x00, 0x0e,
  0xdc, 0xff, 0xff, 0xff, 0x31, 0x00, 0x00, 0x00, 0x00, 0x00, 0x00, 0x31,
  0xe8, 0xff, 0xff, 0xff, 0x09, 0x00, 0x00, 0x00, 0x00, 0x00, 0x00, 0x09,
  0xf4, 0xff, 0xff, 0xff, 0x58, 0x00, 0x00, 0x00, 0x00, 0x00, 0x00, 0x58,
  0x0c, 0x00, 0x0c, 0x00, 0x0b, 0x00, 0x00, 0x00, 0x00, 0x00, 0x04, 0x00,
  0x0c, 0x00, 0x00, 0x00, 0x16, 0x00, 0x00, 0x00, 0x00, 0x00, 0x00, 0x16
};
unsigned int tflite_models_lstm_0_20_OFF_float32_tflite_len = 61656;
