unsigned char tflite_models_lstm_0_5_OFF_float32_tflite[] = {
  0x1c, 0x00, 0x00, 0x00, 0x54, 0x46, 0x4c, 0x33, 0x14, 0x00, 0x20, 0x00,
  0x1c, 0x00, 0x18, 0x00, 0x14, 0x00, 0x10, 0x00, 0x0c, 0x00, 0x00, 0x00,
  0x08, 0x00, 0x04, 0x00, 0x14, 0x00, 0x00, 0x00, 0x1c, 0x00, 0x00, 0x00,
  0x90, 0x00, 0x00, 0x00, 0xe8, 0x00, 0x00, 0x00, 0xd0, 0x20, 0x00, 0x00,
  0xe0, 0x20, 0x00, 0x00, 0x78, 0x53, 0x00, 0x00, 0x03, 0x00, 0x00, 0x00,
  0x01, 0x00, 0x00, 0x00, 0x04, 0x00, 0x00, 0x00, 0x8e, 0xd2, 0xff, 0xff,
  0x0c, 0x00, 0x00, 0x00, 0x1c, 0x00, 0x00, 0x00, 0x3c, 0x00, 0x00, 0x00,
  0x0f, 0x00, 0x00, 0x00, 0x73, 0x65, 0x72, 0x76, 0x69, 0x6e, 0x67, 0x5f,
  0x64, 0x65, 0x66, 0x61, 0x75, 0x6c, 0x74, 0x00, 0x01, 0x00, 0x00, 0x00,
  0x04, 0x00, 0x00, 0x00, 0x8c, 0xff, 0xff, 0xff, 0x63, 0x00, 0x00, 0x00,
  0x04, 0x00, 0x00, 0x00, 0x08, 0x00, 0x00, 0x00, 0x6f, 0x75, 0x74, 0x70,
  0x75, 0x74, 0x5f, 0x30, 0x00, 0x00, 0x00, 0x00, 0x01, 0x00, 0x00, 0x00,
  0x04, 0x00, 0x00, 0x00, 0x06, 0xd2, 0xff, 0xff, 0x04, 0x00, 0x00, 0x00,
  0x12, 0x00, 0x00, 0x00, 0x6b, 0x65, 0x72, 0x61, 0x73, 0x5f, 0x74, 0x65,
  0x6e, 0x73, 0x6f, 0x72, 0x5f, 0x31, 0x36, 0x39, 0x34, 0x31, 0x00, 0x00,
  0x02, 0x00, 0x00, 0x00, 0x34, 0x00, 0x00, 0x00, 0x04, 0x00, 0x00, 0x00,
  0xdc, 0xff, 0xff, 0xff, 0x66, 0x00, 0x00, 0x00, 0x04, 0x00, 0x00, 0x00,
  0x13, 0x00, 0x00, 0x00, 0x43, 0x4f, 0x4e, 0x56, 0x45, 0x52, 0x53, 0x49,
  0x4f, 0x4e, 0x5f, 0x4d, 0x45, 0x54, 0x41, 0x44, 0x41, 0x54, 0x41, 0x00,
  0x08, 0x00, 0x0c, 0x00, 0x08, 0x00, 0x04, 0x00, 0x08, 0x00, 0x00, 0x00,
  0x65, 0x00, 0x00, 0x00, 0x04, 0x00, 0x00, 0x00, 0x13, 0x00, 0x00, 0x00,
  0x6d, 0x69, 0x6e, 0x5f, 0x72, 0x75, 0x6e, 0x74, 0x69, 0x6d, 0x65, 0x5f,
  0x76, 0x65, 0x72, 0x73, 0x69, 0x6f, 0x6e, 0x00, 0x67, 0x00, 0x00, 0x00,
  0xe4, 0x1f, 0x00, 0x00, 0xdc, 0x1f, 0x00, 0x00, 0xb0, 0x1f, 0x00, 0x00,
  0x9c, 0x1f, 0x00, 0x00, 0xcc, 0x1d, 0x00, 0x00, 0xbc, 0x0d, 0x00, 0x00,
  0xac, 0x04, 0x00, 0x00, 0x9c, 0x03, 0x00, 0x00, 0x88, 0x03, 0x00, 0x00,
  0x6c, 0x03, 0x00, 0x00, 0x64, 0x03, 0x00, 0x00, 0x5c, 0x03, 0x00, 0x00,
  0x54, 0x03, 0x00, 0x00, 0x4c, 0x03, 0x00, 0x00, 0x44, 0x03, 0x00, 0x00,
  0x3c, 0x03, 0x00, 0x00, 0x34, 0x03, 0x00, 0x00, 0x2c, 0x03, 0x00, 0x00,
  0x24, 0x03, 0x00, 0x00, 0x1c, 0x03, 0x00, 0x00, 0x14, 0x03, 0x00, 0x00,
  0x0c, 0x03, 0x00, 0x00, 0x04, 0x03, 0x00, 0x00, 0xfc, 0x02, 0x00, 0x00,
  0xf4, 0x02, 0x00, 0x00, 0xec, 0x02, 0x00, 0x00, 0xe4, 0x02, 0x00, 0x00,
  0xdc, 0x02, 0x00, 0x00, 0xd4, 0x02, 0x00, 0x00, 0xcc, 0x02, 0x00, 0x00,
  0xc4, 0x02, 0x00, 0x00, 0xbc, 0x02, 0x00, 0x00, 0xb4, 0x02, 0x00, 0x00,
  0xac, 0x02, 0x00, 0x00, 0xa4, 0x02, 0x00, 0x00, 0x9c, 0x02, 0x00, 0x00,
  0x94, 0x02, 0x00, 0x00, 0x8c, 0x02, 0x00, 0x00, 0x84, 0x02, 0x00, 0x00,
  0x7c, 0x02, 0x00, 0x00, 0x74, 0x02, 0x00, 0x00, 0x6c, 0x02, 0x00, 0x00,
  0x64, 0x02, 0x00, 0x00, 0x5c, 0x02, 0x00, 0x00, 0x54, 0x02, 0x00, 0x00,
  0x4c, 0x02, 0x00, 0x00, 0x44, 0x02, 0x00, 0x00, 0x3c, 0x02, 0x00, 0x00,
  0x34, 0x02, 0x00, 0x00, 0x2c, 0x02, 0x00, 0x00, 0x24, 0x02, 0x00, 0x00,
  0x1c, 0x02, 0x00, 0x00, 0x14, 0x02, 0x00, 0x00, 0x0c, 0x02, 0x00, 0x00,
  0x04, 0x02, 0x00, 0x00, 0xfc, 0x01, 0x00, 0x00, 0xf4, 0x01, 0x00, 0x00,
  0xec, 0x01, 0x00, 0x00, 0xe4, 0x01, 0x00, 0x00, 0xdc, 0x01, 0x00, 0x00,
  0xd4, 0x01, 0x00, 0x00, 0xcc, 0x01, 0x00, 0x00, 0xc4, 0x01, 0x00, 0x00,
  0xbc, 0x01, 0x00, 0x00, 0xb4, 0x01, 0x00, 0x00, 0xac, 0x01, 0x00, 0x00,
  0xa4, 0x01, 0x00, 0x00, 0x9c, 0x01, 0x00, 0x00, 0x94, 0x01, 0x00, 0x00,
  0x8c, 0x01, 0x00, 0x00, 0x84, 0x01, 0x00, 0x00, 0x7c, 0x01, 0x00, 0x00,
  0x74, 0x01, 0x00, 0x00, 0x6c, 0x01, 0x00, 0x00, 0x64, 0x01, 0x00, 0x00,
  0x5c, 0x01, 0x00, 0x00, 0x54, 0x01, 0x00, 0x00, 0x4c, 0x01, 0x00, 0x00,
  0x44, 0x01, 0x00, 0x00, 0x3c, 0x01, 0x00, 0x00, 0x34, 0x01, 0x00, 0x00,
  0x2c, 0x01, 0x00, 0x00, 0x24, 0x01, 0x00, 0x00, 0x1c, 0x01, 0x00, 0x00,
  0x14, 0x01, 0x00, 0x00, 0x0c, 0x01, 0x00, 0x00, 0x04, 0x01, 0x00, 0x00,
  0xfc, 0x00, 0x00, 0x00, 0xf4, 0x00, 0x00, 0x00, 0xec, 0x00, 0x00, 0x00,
  0xe4, 0x00, 0x00, 0x00, 0xdc, 0x00, 0x00, 0x00, 0xd4, 0x00, 0x00, 0x00,
  0xcc, 0x00, 0x00, 0x00, 0xc4, 0x00, 0x00, 0x00, 0xbc, 0x00, 0x00, 0x00,
  0xb4, 0x00, 0x00, 0x00, 0xac, 0x00, 0x00, 0x00, 0xa4, 0x00, 0x00, 0x00,
  0x9c, 0x00, 0x00, 0x00, 0x94, 0x00, 0x00, 0x00, 0x74, 0x00, 0x00, 0x00,
  0x04, 0x00, 0x00, 0x00, 0x22, 0xd4, 0xff, 0xff, 0x04, 0x00, 0x00, 0x00,
  0x60, 0x00, 0x00, 0x00, 0x10, 0x00, 0x00, 0x00, 0x00, 0x00, 0x00, 0x00,
  0x08, 0x00, 0x0e, 0x00, 0x08, 0x00, 0x04, 0x00, 0x08, 0x00, 0x00, 0x00,
  0x10, 0x00, 0x00, 0x00, 0x24, 0x00, 0x00, 0x00, 0x00, 0x00, 0x06, 0x00,
  0x08, 0x00, 0x04, 0x00, 0x06, 0x00, 0x00, 0x00, 0x04, 0x00, 0x00, 0x00,
  0x00, 0x00, 0x00, 0x00, 0x0c, 0x00, 0x18, 0x00, 0x14, 0x00, 0x10, 0x00,
  0x0c, 0x00, 0x04, 0x00, 0x0c, 0x00, 0x00, 0x00, 0x1a, 0x88, 0x8a, 0x12,
  0x9e, 0x01, 0x1f, 0x70, 0x02, 0x00, 0x00, 0x00, 0x02, 0x00, 0x00, 0x00,
  0x04, 0x00, 0x00, 0x00, 0x06, 0x00, 0x00, 0x00, 0x32, 0x2e, 0x32, 0x31,
  0x2e, 0x30, 0x00, 0x00, 0x8e, 0xd4, 0xff, 0xff, 0x04, 0x00, 0x00, 0x00,
  0x10, 0x00, 0x00, 0x00, 0x31, 0x2e, 0x31, 0x34, 0x2e, 0x30, 0x00, 0x00,
  0x00, 0x00, 0x00, 0x00, 0x00, 0x00, 0x00, 0x00, 0x58, 0xaf, 0xff, 0xff,
  0x5c, 0xaf, 0xff, 0xff, 0x60, 0xaf, 0xff, 0xff, 0x64, 0xaf, 0xff, 0xff,
  0x68, 0xaf, 0xff, 0xff, 0x6c, 0xaf, 0xff, 0xff, 0x70, 0xaf, 0xff, 0xff,
  0x74, 0xaf, 0xff, 0xff, 0x78, 0xaf, 0xff, 0xff, 0x7c, 0xaf, 0xff, 0xff,
  0x80, 0xaf, 0xff, 0xff, 0x84, 0xaf, 0xff, 0xff, 0x88, 0xaf, 0xff, 0xff,
  0x8c, 0xaf, 0xff, 0xff, 0x90, 0xaf, 0xff, 0xff, 0x94, 0xaf, 0xff, 0xff,
  0x98, 0xaf, 0xff, 0xff, 0x9c, 0xaf, 0xff, 0xff, 0xa0, 0xaf, 0xff, 0xff,
  0xa4, 0xaf, 0xff, 0xff, 0xa8, 0xaf, 0xff, 0xff, 0xac, 0xaf, 0xff, 0xff,
  0xb0, 0xaf, 0xff, 0xff, 0xb4, 0xaf, 0xff, 0xff, 0xb8, 0xaf, 0xff, 0xff,
  0xbc, 0xaf, 0xff, 0xff, 0xc0, 0xaf, 0xff, 0xff, 0xc4, 0xaf, 0xff, 0xff,
  0xc8, 0xaf, 0xff, 0xff, 0xcc, 0xaf, 0xff, 0xff, 0xd0, 0xaf, 0xff, 0xff,
  0xd4, 0xaf, 0xff, 0xff, 0xd8, 0xaf, 0xff, 0xff, 0xdc, 0xaf, 0xff, 0xff,
  0xe0, 0xaf, 0xff, 0xff, 0xe4, 0xaf, 0xff, 0xff, 0xe8, 0xaf, 0xff, 0xff,
  0xec, 0xaf, 0xff, 0xff, 0xf0, 0xaf, 0xff, 0xff, 0xf4, 0xaf, 0xff, 0xff,
  0xf8, 0xaf, 0xff, 0xff, 0xfc, 0xaf, 0xff, 0xff, 0x00, 0xb0, 0xff, 0xff,
  0x04, 0xb0, 0xff, 0xff, 0x08, 0xb0, 0xff, 0xff, 0x0c, 0xb0, 0xff, 0xff,
  0x10, 0xb0, 0xff, 0xff, 0x14, 0xb0, 0xff, 0xff, 0x18, 0xb0, 0xff, 0xff,
  0x1c, 0xb0, 0xff, 0xff, 0x20, 0xb0, 0xff, 0xff, 0x24, 0xb0, 0xff, 0xff,
  0x28, 0xb0, 0xff, 0xff, 0x2c, 0xb0, 0xff, 0xff, 0x30, 0xb0, 0xff, 0xff,
  0x34, 0xb0, 0xff, 0xff, 0x38, 0xb0, 0xff, 0xff, 0x3c, 0xb0, 0xff, 0xff,
  0x40, 0xb0, 0xff, 0xff, 0x44, 0xb0, 0xff, 0xff, 0x48, 0xb0, 0xff, 0xff,
  0x4c, 0xb0, 0xff, 0xff, 0x50, 0xb0, 0xff, 0xff, 0x54, 0xb0, 0xff, 0xff,
  0x58, 0xb0, 0xff, 0xff, 0x5c, 0xb0, 0xff, 0xff, 0x60, 0xb0, 0xff, 0xff,
  0x64, 0xb0, 0xff, 0xff, 0x68, 0xb0, 0xff, 0xff, 0x6c, 0xb0, 0xff, 0xff,
  0x70, 0xb0, 0xff, 0xff, 0x74, 0xb0, 0xff, 0xff, 0x78, 0xb0, 0xff, 0xff,
  0x7c, 0xb0, 0xff, 0xff, 0x80, 0xb0, 0xff, 0xff, 0x84, 0xb0, 0xff, 0xff,
  0x88, 0xb0, 0xff, 0xff, 0x8c, 0xb0, 0xff, 0xff, 0x90, 0xb0, 0xff, 0xff,
  0x94, 0xb0, 0xff, 0xff, 0x98, 0xb0, 0xff, 0xff, 0x9c, 0xb0, 0xff, 0xff,
  0xa0, 0xb0, 0xff, 0xff, 0xa4, 0xb0, 0xff, 0xff, 0xa8, 0xb0, 0xff, 0xff,
  0xac, 0xb0, 0xff, 0xff, 0xb0, 0xb0, 0xff, 0xff, 0xb4, 0xb0, 0xff, 0xff,
  0xb8, 0xb0, 0xff, 0xff, 0xbc, 0xb0, 0xff, 0xff, 0xc0, 0xb0, 0xff, 0xff,
  0x16, 0xd6, 0xff, 0xff, 0x04, 0x00, 0x00, 0x00, 0x0c, 0x00, 0x00, 0x00,
  0x05, 0x00, 0x00, 0x00, 0x01, 0x00, 0x00, 0x00, 0x09, 0x00, 0x00, 0x00,
  0x2e, 0xd6, 0xff, 0xff, 0x04, 0x00, 0x00, 0x00, 0x04, 0x00, 0x00, 0x00,
  0x01, 0x00, 0x00, 0x00, 0x3e, 0xd6, 0xff, 0xff, 0x04, 0x00, 0x00, 0x00,
  0x00, 0x01, 0x00, 0x00, 0x82, 0x29, 0xbe, 0x3c, 0x91, 0x64, 0x0b, 0x3d,
  0x3d, 0x79, 0x42, 0x3c, 0x21, 0x3d, 0xb3, 0x3d, 0x63, 0xa4, 0x41, 0xbd,
  0x39, 0x7e, 0x0a, 0xbc, 0xe1, 0x09, 0x57, 0x3d, 0x66, 0xdf, 0x03, 0xbd,
  0x1f, 0x60, 0xe2, 0x3b, 0xc4, 0x35, 0xa6, 0x3d, 0x69, 0x03, 0x5f, 0xbd,
  0x22, 0xda, 0x68, 0x3d, 0x3d, 0x40, 0x9e, 0x3d, 0x28, 0x6b, 0xa4, 0x3d,
  0x8b, 0x67, 0xcb, 0xbc, 0x51, 0x07, 0xb0, 0xbb, 0xe2, 0x7e, 0x7e, 0x3f,
  0xdc, 0x64, 0x82, 0x3f, 0x17, 0x85, 0x81, 0x3f, 0xf5, 0x6a, 0x87, 0x3f,
  0xd6, 0x5a, 0x79, 0x3f, 0x06, 0xe1, 0x79, 0x3f, 0x08, 0x85, 0x85, 0x3f,
  0xe9, 0x15, 0x80, 0x3f, 0xc3, 0x7c, 0x82, 0x3f, 0xff, 0x74, 0x8b, 0x3f,
  0xc8, 0x36, 0x71, 0x3f, 0x0c, 0x3f, 0x83, 0x3f, 0xdc, 0xc2, 0x89, 0x3f,
  0xee, 0x49, 0x83, 0x3f, 0xd9, 0xa2, 0x77, 0x3f, 0x24, 0x51, 0x7f, 0x3f,
  0xce, 0x16, 0x6a, 0xbd, 0x29, 0xb2, 0x85, 0x3d, 0x60, 0x34, 0x74, 0xbd,
  0xd7, 0x1b, 0x82, 0x3d, 0x87, 0xbb, 0x33, 0xbd, 0x3b, 0x65, 0x86, 0xbc,
  0xc5, 0xa3, 0x90, 0xbd, 0xfd, 0x90, 0x24, 0xbc, 0x74, 0xe3, 0x51, 0x3d,
  0x0d, 0xf4, 0xae, 0xbd, 0x31, 0x16, 0xf7, 0x3c, 0xd1, 0x68, 0x5d, 0x3d,
  0x88, 0x73, 0x85, 0x3d, 0xfc, 0xa6, 0x84, 0x3d, 0x17, 0xb6, 0xc0, 0x3c,
  0xef, 0x6f, 0x99, 0xbc, 0xa1, 0x7c, 0x80, 0xbd, 0x35, 0x4f, 0xb6, 0x3c,
  0xdd, 0x39, 0xd2, 0xbc, 0x34, 0x97, 0xcc, 0x3c, 0x73, 0x12, 0xd7, 0x3c,
  0x8e, 0x52, 0x76, 0xbc, 0x30, 0xc5, 0x45, 0x3d, 0xb0, 0x73, 0x23, 0x3c,
  0x65, 0xb6, 0xbc, 0x3c, 0xc9, 0xd3, 0xe9, 0x3b, 0x6b, 0xd5, 0x3a, 0xbd,
  0xee, 0xec, 0xaf, 0x3d, 0xa0, 0x16, 0x8b, 0x3d, 0xc6, 0x9f, 0xa0, 0xbd,
  0x6e, 0xbb, 0x57, 0xbc, 0x22, 0x50, 0xe4, 0x3c, 0x4a, 0xd7, 0xff, 0xff,
  0x04, 0x00, 0x00, 0x00, 0x00, 0x09, 0x00, 0x00, 0x38, 0xaa, 0x19, 0x3e,
  0xe4, 0x8b, 0xe3, 0x3c, 0xa4, 0x9b, 0xac, 0xbe, 0x16, 0xd2, 0x83, 0xbe,
  0xab, 0x97, 0xe7, 0xbd, 0x45, 0xbb, 0x42, 0x3e, 0x7f, 0x14, 0x1d, 0xbd,
  0xe4, 0xdd, 0x56, 0x3d, 0x59, 0x3b, 0x85, 0xba, 0x74, 0x0c, 0x36, 0x3d,
  0x44, 0xe4, 0x1d, 0x3e, 0xe9, 0x96, 0x21, 0x3e, 0x55, 0xf3, 0x90, 0x3d,
  0x34, 0x86, 0xe3, 0x3c, 0x17, 0xf1, 0x92, 0xbe, 0x39, 0x6d, 0x37, 0x3d,
  0x76, 0x00, 0x20, 0x3d, 0xb9, 0xf2, 0x5a, 0xbe, 0xb8, 0xf8, 0xce, 0x3c,
  0x72, 0x5c, 0xd5, 0x3d, 0x11, 0xe9, 0x4e, 0xba, 0xe2, 0xa2, 0x18, 0xbe,
  0xc6, 0xcf, 0x8a, 0xbe, 0x06, 0x8e, 0x12, 0xbe, 0x73, 0x0f, 0x85, 0xbe,
  0x18, 0xb2, 0xee, 0x3c, 0x61, 0x6c, 0x46, 0x3e, 0x86, 0x1c, 0xd7, 0xbd,
  0x09, 0x30, 0xe1, 0x3c, 0xa0, 0x50, 0x5f, 0xbe, 0xef, 0x27, 0x09, 0xbe,
  0xf5, 0xce, 0x8a, 0xbb, 0x13, 0x57, 0x46, 0xbe, 0xfd, 0x90, 0x27, 0x3e,
  0xc1, 0x37, 0x9c, 0xbd, 0x05, 0xeb, 0xa9, 0x3d, 0x4d, 0x4d, 0x68, 0xbd,
  0xd0, 0xb4, 0x30, 0x3e, 0x8d, 0x84, 0x09, 0x3e, 0xb4, 0x61, 0x94, 0x3e,
  0x02, 0x89, 0x65, 0xbe, 0x84, 0xc3, 0xe7, 0xbd, 0x04, 0xcc, 0xca, 0x3d,
  0x1b, 0x57, 0x90, 0xbe, 0xfe, 0x64, 0xa4, 0x3d, 0x54, 0x02, 0x2f, 0x3e,
  0x27, 0xfd, 0x1f, 0x3e, 0xed, 0x76, 0x45, 0xbe, 0x4f, 0x38, 0xc8, 0x3d,
  0x0a, 0x20, 0x57, 0x3e, 0x8a, 0x8a, 0xb0, 0x3d, 0x67, 0x6a, 0x0e, 0x3c,
  0x7a, 0xfe, 0x88, 0x3e, 0x84, 0xd1, 0x4d, 0xbe, 0xba, 0xf6, 0x62, 0x3d,
  0x17, 0x66, 0x0a, 0xbe, 0x12, 0xda, 0x88, 0x3e, 0x97, 0x0e, 0x07, 0xbe,
  0xa3, 0x36, 0x0a, 0x3e, 0xae, 0x0e, 0xdc, 0x3c, 0xab, 0x61, 0x6b, 0x3e,
  0x3a, 0xf9, 0x87, 0x3e, 0xd7, 0x33, 0x45, 0x3e, 0xa2, 0x38, 0x76, 0xbe,
  0x58, 0xb9, 0xcb, 0x3d, 0x16, 0x90, 0x85, 0xbe, 0x70, 0xce, 0x07, 0xbe,
  0xac, 0x96, 0x57, 0xbd, 0xbb, 0x05, 0xd1, 0xbd, 0x5a, 0xdb, 0x76, 0x3d,
  0xf0, 0xe1, 0x88, 0x3e, 0xad, 0x93, 0x07, 0xbe, 0x40, 0x81, 0x2d, 0xbe,
  0xcd, 0xb8, 0xc1, 0x3b, 0x73, 0x08, 0x30, 0xbc, 0xe7, 0x0d, 0x24, 0x3d,
  0xa5, 0xe1, 0x8a, 0x3e, 0xc6, 0x4b, 0x42, 0x3e, 0xc9, 0xf5, 0x5e, 0x3e,
  0xa6, 0x7e, 0xa2, 0xbd, 0x61, 0x2b, 0xf6, 0x3d, 0x0c, 0xc9, 0x38, 0xbe,
  0xbd, 0xe5, 0xf4, 0xbd, 0xf9, 0x8e, 0x20, 0xbd, 0xe6, 0xc1, 0x94, 0xbd,
  0x70, 0x65, 0xd5, 0x3d, 0x12, 0xc9, 0x09, 0x3d, 0x29, 0x7d, 0xfd, 0x3d,
  0x87, 0xe5, 0x4c, 0xbd, 0x0c, 0x2f, 0x72, 0x3e, 0xbf, 0x01, 0xd7, 0x3b,
  0xe3, 0x34, 0xe9, 0xbd, 0xdd, 0x48, 0xf7, 0xbd, 0xee, 0x25, 0x15, 0x3e,
  0x28, 0x70, 0x27, 0xbe, 0x5f, 0x59, 0x20, 0xbc, 0xe2, 0x53, 0x8a, 0xbe,
  0x26, 0x89, 0xa3, 0x3d, 0xc6, 0x2d, 0x79, 0xbe, 0x27, 0xe9, 0xae, 0xbd,
  0x3b, 0x6f, 0x2a, 0xbd, 0x12, 0x7d, 0x94, 0xbe, 0x51, 0x2f, 0x3b, 0x3c,
  0x58, 0xee, 0x09, 0x3e, 0x99, 0x47, 0x50, 0x3e, 0xd2, 0xe2, 0x1c, 0x3e,
  0x0e, 0x75, 0x6d, 0x3e, 0x9a, 0xb7, 0x5e, 0xbe, 0x2d, 0xee, 0x5a, 0x3e,
  0x4e, 0x1d, 0x63, 0xbe, 0xe6, 0x0a, 0x07, 0xbe, 0x37, 0x94, 0x07, 0xbe,
  0x76, 0xc0, 0xf0, 0x3d, 0x9f, 0x33, 0x2b, 0x3e, 0x7c, 0x5f, 0x44, 0xbe,
  0x0f, 0xd4, 0x15, 0x3e, 0xd1, 0x22, 0x5b, 0x3e, 0x7d, 0x6d, 0xb8, 0x3d,
  0xbd, 0xb9, 0xb5, 0x3d, 0x13, 0xfd, 0x3a, 0xbe, 0x0e, 0xa1, 0xb9, 0xbd,
  0x2e, 0x79, 0x48, 0xbd, 0x90, 0x92, 0x5c, 0x3e, 0x56, 0xb5, 0x23, 0x3e,
  0x40, 0xab, 0xc0, 0xbd, 0x0a, 0x0c, 0x70, 0x3e, 0xe3, 0x89, 0x32, 0xbe,
  0x7b, 0x6f, 0xe0, 0x3d, 0xb9, 0x27, 0x2d, 0xbe, 0x57, 0x64, 0x34, 0x3e,
  0x61, 0x16, 0x4d, 0xbe, 0x4a, 0x14, 0xfa, 0xbd, 0xd2, 0xe5, 0x5d, 0x3d,
  0xeb, 0x6a, 0xd2, 0xbd, 0x2d, 0xc5, 0x77, 0x3e, 0x6c, 0x34, 0x36, 0xbe,
  0xe7, 0x6f, 0x35, 0xbe, 0x10, 0x53, 0x50, 0x3e, 0x29, 0x19, 0x8c, 0x3e,
  0x8d, 0x09, 0x55, 0xbe, 0x44, 0xb3, 0xce, 0xbd, 0xb2, 0xcf, 0x21, 0xbe,
  0xba, 0x8d, 0x4c, 0xbe, 0x10, 0xaa, 0x92, 0x3e, 0x35, 0xa8, 0x2b, 0xbe,
  0x1d, 0x6f, 0x32, 0x3e, 0x6b, 0x2c, 0x55, 0x3e, 0x10, 0x96, 0xeb, 0xbd,
  0x48, 0xee, 0xe1, 0xbd, 0x84, 0x07, 0x3f, 0xbe, 0x81, 0xde, 0xa8, 0x3c,
  0x9c, 0xb5, 0x41, 0x3e, 0xc1, 0xd0, 0x13, 0xbd, 0xb3, 0x4a, 0xef, 0xbd,
  0xa4, 0x7d, 0xda, 0xbd, 0xd7, 0xe8, 0x16, 0xbd, 0x12, 0x7a, 0x2f, 0x3e,
  0xf0, 0xbe, 0x2b, 0x3e, 0x51, 0x64, 0xfb, 0xbc, 0x90, 0xc7, 0x03, 0x3d,
  0x77, 0xe3, 0x49, 0x3e, 0x4b, 0xc5, 0x89, 0x3e, 0x75, 0xbc, 0x19, 0xbe,
  0x09, 0xfe, 0xaa, 0x3d, 0x64, 0xa2, 0x0d, 0xbe, 0x23, 0xac, 0x89, 0xbe,
  0xf1, 0x2d, 0x71, 0x3e, 0x92, 0x7a, 0x79, 0x3e, 0x6b, 0x94, 0x9d, 0x3c,
  0x06, 0x75, 0x93, 0x3e, 0x32, 0x49, 0x17, 0x3e, 0xd1, 0x34, 0x86, 0x3e,
  0x0a, 0x4c, 0x4b, 0x3e, 0xbf, 0xc7, 0xd6, 0x3d, 0x1e, 0x0d, 0x81, 0x3e,
  0xa5, 0x72, 0xbe, 0x3d, 0x35, 0xbb, 0x7f, 0x3e, 0x1b, 0xa2, 0xd2, 0x3d,
  0x2a, 0xba, 0xcd, 0x3d, 0x4a, 0xfb, 0x2c, 0x3e, 0xdd, 0xef, 0x8d, 0xbe,
  0x45, 0x8c, 0x7c, 0xbe, 0x35, 0x46, 0x62, 0x3e, 0x10, 0x3f, 0x8a, 0x3d,
  0x5b, 0x39, 0xc7, 0x3b, 0xb0, 0x3f, 0x1f, 0x3e, 0xc1, 0xcb, 0x26, 0xbe,
  0xcc, 0xee, 0x87, 0xbe, 0x8c, 0x01, 0x6f, 0xbd, 0x57, 0xf9, 0x8d, 0x3d,
  0x2d, 0x3c, 0x18, 0xbb, 0x76, 0xbb, 0xd5, 0x3d, 0x75, 0xf1, 0xda, 0xbd,
  0x74, 0x58, 0x77, 0x3e, 0xc0, 0x6e, 0x53, 0x3d, 0x8b, 0xe7, 0x35, 0x3e,
  0x2a, 0x2c, 0x34, 0x3d, 0xf1, 0x70, 0x4d, 0xbd, 0xae, 0x83, 0x4a, 0xbd,
  0x70, 0x24, 0x93, 0xbd, 0xf6, 0x1c, 0xea, 0x3d, 0x01, 0x15, 0x9c, 0x3d,
  0x1f, 0x66, 0x8b, 0x3e, 0xb2, 0xfb, 0x61, 0xbe, 0xb7, 0xd7, 0xdd, 0x3d,
  0x15, 0xac, 0xb6, 0xbc, 0x8e, 0x49, 0x82, 0x3e, 0x7b, 0x23, 0x21, 0x3e,
  0x1a, 0xe3, 0xda, 0x3d, 0xba, 0xf9, 0x69, 0xbe, 0x40, 0xc0, 0xe8, 0x3d,
  0x31, 0x04, 0x2d, 0x3d, 0x9c, 0x4c, 0xf2, 0xbd, 0xdd, 0x8d, 0x06, 0x3e,
  0x63, 0xc2, 0xa4, 0x3d, 0x24, 0x56, 0x5c, 0xbc, 0xa6, 0x84, 0x6a, 0x3d,
  0x1f, 0xd2, 0x21, 0xbe, 0x2d, 0xbd, 0xd9, 0xbd, 0x72, 0x1d, 0x72, 0xbc,
  0xdd, 0x65, 0xfb, 0xbd, 0xcc, 0x22, 0x4b, 0x3d, 0x9a, 0xbf, 0xae, 0x3c,
  0x4c, 0x3c, 0x2f, 0xbe, 0xfd, 0x3c, 0xf2, 0x3d, 0xf5, 0x4d, 0x24, 0x3e,
  0x2d, 0xc8, 0x7a, 0xbe, 0xe0, 0x70, 0x8a, 0xbe, 0x0e, 0xe3, 0x66, 0x3e,
  0xf7, 0xc4, 0x81, 0xbe, 0x1c, 0x26, 0x89, 0x3e, 0xf4, 0x87, 0x63, 0x3d,
  0x95, 0x29, 0x82, 0xbe, 0x2e, 0x7a, 0x09, 0x3e, 0x64, 0x86, 0xd9, 0xbd,
  0xbb, 0xa7, 0xf2, 0x3c, 0x5f, 0xa8, 0xa3, 0x3e, 0xa9, 0xb5, 0x4a, 0x3e,
  0xd8, 0x23, 0x05, 0x3d, 0x36, 0x83, 0xb1, 0xbc, 0x03, 0x74, 0x25, 0xbe,
  0x93, 0xbd, 0xf6, 0x3c, 0xbc, 0x0f, 0x2a, 0xbe, 0xda, 0x4f, 0x30, 0xbe,
  0xb1, 0xff, 0x99, 0x3e, 0xc6, 0x70, 0x85, 0xbd, 0x23, 0x5b, 0x05, 0x3e,
  0x20, 0x28, 0x57, 0x3e, 0x24, 0xbd, 0xb7, 0x3d, 0x3e, 0xd0, 0x35, 0x3e,
  0x40, 0x7c, 0x65, 0x3e, 0x43, 0x67, 0x3d, 0xbc, 0x0c, 0x39, 0x4a, 0x3e,
  0xae, 0x6c, 0xee, 0x3d, 0x7c, 0x5c, 0x80, 0x3c, 0x50, 0x41, 0x96, 0x3d,
  0x37, 0xc2, 0x01, 0xbc, 0x2c, 0x11, 0x90, 0x3e, 0xa5, 0x4b, 0x0f, 0xbe,
  0x8b, 0xcd, 0x7c, 0x3e, 0x13, 0x35, 0x5e, 0xbe, 0x0d, 0xc8, 0xef, 0x3d,
  0x14, 0xc6, 0x30, 0x3e, 0x70, 0x4b, 0x17, 0xbe, 0xbb, 0x31, 0xe6, 0x3d,
  0xb1, 0x33, 0x39, 0x3e, 0xd9, 0x96, 0x36, 0xbd, 0x5a, 0x63, 0x2b, 0xbe,
  0xda, 0x14, 0x52, 0xbe, 0x08, 0xed, 0x84, 0xbd, 0x8e, 0x62, 0xe6, 0xbc,
  0x55, 0x3f, 0xe3, 0xbc, 0xc8, 0x95, 0x59, 0xbe, 0x44, 0x12, 0x87, 0x3d,
  0x0f, 0xcd, 0x2e, 0x3e, 0xe1, 0x6c, 0x57, 0xbe, 0x74, 0xae, 0xef, 0xbd,
  0xfe, 0xf9, 0x9e, 0x3e, 0x03, 0x16, 0x99, 0xbc, 0xf8, 0x43, 0x47, 0xbe,
  0xfb, 0xde, 0xe4, 0x3d, 0x9b, 0x79, 0xb3, 0x3c, 0x18, 0x46, 0x50, 0x3e,
  0xed, 0xcd, 0xe4, 0xbc, 0xad, 0x0a, 0x8f, 0xbd, 0x63, 0xb0, 0x52, 0x3d,
  0xfa, 0x33, 0x6c, 0xbe, 0x41, 0x8c, 0x35, 0x3e, 0x4f, 0x76, 0xd9, 0x3d,
  0xbc, 0x22, 0x5f, 0x3e, 0x5e, 0x8a, 0x0c, 0x3e, 0x5a, 0x55, 0x3b, 0xbe,
  0xc7, 0x76, 0x10, 0xbe, 0xfd, 0xf2, 0x1f, 0xbe, 0x3e, 0xb8, 0xc9, 0xbd,
  0xe6, 0xfd, 0x66, 0x3d, 0xb6, 0x70, 0xe0, 0x3a, 0xb3, 0x50, 0x86, 0x3d,
  0x1e, 0x3d, 0x29, 0xbe, 0x2c, 0x4b, 0x3b, 0x3e, 0x5a, 0xe0, 0x9d, 0x3d,
  0x9c, 0x90, 0xe9, 0x3d, 0xaf, 0x56, 0x2c, 0x3d, 0x0a, 0xf3, 0xf4, 0x3d,
  0x75, 0x9f, 0x33, 0x3e, 0x51, 0x1c, 0x2a, 0x3e, 0x2e, 0x98, 0xb2, 0xbd,
  0xcd, 0x52, 0xc2, 0xbd, 0xe6, 0x19, 0xdf, 0xbd, 0x7c, 0xb6, 0x1e, 0xbe,
  0x34, 0xb9, 0x2d, 0x3e, 0x36, 0x07, 0x44, 0xbe, 0xd3, 0x89, 0x6c, 0xbc,
  0xfe, 0xc9, 0x04, 0xbe, 0xca, 0xea, 0x8a, 0x3d, 0x9c, 0x67, 0x08, 0x3e,
  0x84, 0x1a, 0xe4, 0xbd, 0x8c, 0xb3, 0x4d, 0xbe, 0xae, 0x63, 0xe1, 0x3d,
  0xe1, 0xc2, 0x67, 0xbe, 0xfa, 0x67, 0xb4, 0x3d, 0x67, 0xd1, 0x40, 0x3e,
  0x20, 0xb1, 0x1e, 0x3d, 0xfe, 0xd1, 0x68, 0xbe, 0x35, 0xc1, 0x73, 0x3e,
  0x6d, 0x5f, 0x01, 0xbc, 0x94, 0x29, 0x7e, 0x3b, 0xeb, 0xf8, 0x28, 0xbe,
  0x14, 0xb5, 0x9c, 0x3e, 0x49, 0x8a, 0x92, 0xbe, 0x21, 0x44, 0x3a, 0xbe,
  0xf3, 0xe9, 0xbd, 0xbb, 0xac, 0xd2, 0xaa, 0x3c, 0x62, 0xdf, 0xd2, 0xbc,
  0x36, 0x86, 0x4b, 0x3e, 0xac, 0x55, 0x50, 0xbe, 0xd4, 0xe5, 0x0d, 0x3e,
  0x3b, 0x61, 0x3c, 0xbd, 0x59, 0x0a, 0xae, 0x3b, 0xce, 0xd5, 0x01, 0x3e,
  0x6a, 0xbb, 0xa1, 0xbc, 0xb0, 0x6f, 0x13, 0xbe, 0x06, 0xe5, 0x9d, 0xbc,
  0x04, 0x98, 0x47, 0xbe, 0xb8, 0xc2, 0x38, 0xbe, 0x7c, 0xca, 0x08, 0xbe,
  0xbf, 0x3c, 0x9f, 0xbe, 0x52, 0x44, 0x5f, 0x3e, 0x89, 0x98, 0x08, 0x3e,
  0xb4, 0x31, 0x59, 0xbe, 0x09, 0xa4, 0x12, 0x3e, 0xd5, 0x1a, 0x53, 0xbe,
  0x5e, 0xa2, 0xbe, 0x3d, 0xef, 0x9a, 0x0c, 0x3e, 0xb7, 0xf8, 0x23, 0x3d,
  0x42, 0x0b, 0x86, 0x3e, 0x95, 0x65, 0x07, 0x3e, 0x67, 0xad, 0x36, 0xbe,
  0xc7, 0x3d, 0x72, 0x3e, 0x9a, 0x18, 0x26, 0x3e, 0xb2, 0x20, 0x9b, 0xbd,
  0x3a, 0xc7, 0x1b, 0x3c, 0xd9, 0xa7, 0x93, 0x3c, 0x1a, 0x1e, 0x44, 0xbe,
  0xab, 0x00, 0x82, 0x3e, 0x98, 0x88, 0x3e, 0x3e, 0x43, 0x0c, 0x35, 0x3e,
  0x6d, 0xb2, 0x98, 0xbc, 0x6e, 0x07, 0x9d, 0xbd, 0x95, 0x30, 0x1a, 0x3d,
  0x45, 0xcd, 0x27, 0x3e, 0xcd, 0x9e, 0x7f, 0x3e, 0x6b, 0x11, 0x57, 0x3e,
  0xce, 0x8f, 0x9b, 0xbc, 0x5d, 0x07, 0x7f, 0x3d, 0x8a, 0x50, 0x89, 0xbe,
  0xcf, 0x53, 0xce, 0xbc, 0x88, 0x9f, 0x57, 0x3e, 0x9b, 0xcf, 0xbd, 0xbc,
  0x8b, 0x04, 0x89, 0x3e, 0x1d, 0x9f, 0x41, 0xbd, 0x95, 0x25, 0x22, 0x3e,
  0x45, 0xe3, 0xba, 0x3d, 0xb3, 0x6c, 0x57, 0xbc, 0x92, 0x1d, 0x55, 0x3e,
  0xda, 0xa9, 0xec, 0x3d, 0x6b, 0xec, 0x3b, 0x3e, 0x90, 0x29, 0xac, 0x3c,
  0x9b, 0xd3, 0x07, 0x3d, 0x7c, 0x28, 0x35, 0xbe, 0xef, 0x26, 0x89, 0xbd,
  0x1f, 0xc6, 0x21, 0x3d, 0x5c, 0x24, 0x81, 0x3d, 0x30, 0x3b, 0x81, 0xbe,
  0xd4, 0x1f, 0x7d, 0xbe, 0x40, 0x6b, 0xce, 0xbd, 0x98, 0xe4, 0x2f, 0x3e,
  0x96, 0x11, 0x93, 0xbe, 0x7c, 0x48, 0xfe, 0x3b, 0xf9, 0x0f, 0x2c, 0xbd,
  0x8d, 0x67, 0xa1, 0x3e, 0x75, 0x91, 0xc7, 0x3d, 0x15, 0x25, 0x0e, 0x3e,
  0x25, 0xd6, 0xdd, 0xbd, 0xe0, 0x1f, 0x94, 0xbd, 0xc3, 0xc2, 0x33, 0xbe,
  0x5b, 0x7f, 0x96, 0x3d, 0x01, 0x22, 0x9c, 0xbb, 0xca, 0xa7, 0x8c, 0x3e,
  0x1c, 0x8d, 0x84, 0xbe, 0xee, 0xc9, 0x4f, 0xbe, 0xc8, 0x68, 0x88, 0xbd,
  0x8e, 0x01, 0x53, 0x3e, 0x90, 0xf6, 0x80, 0xbd, 0x23, 0xb4, 0xb9, 0x3d,
  0x84, 0x1d, 0x30, 0xbe, 0xf0, 0x9e, 0x92, 0x3e, 0x9e, 0x6c, 0xe9, 0xbc,
  0xc4, 0x04, 0xf9, 0xbd, 0x3e, 0xd3, 0x15, 0x3e, 0xca, 0x37, 0x79, 0xbe,
  0x77, 0x77, 0x25, 0xbc, 0xea, 0x66, 0x5d, 0x3e, 0x94, 0x4b, 0x4e, 0x3e,
  0x38, 0x5c, 0x79, 0x3e, 0x49, 0xa9, 0x80, 0xbe, 0xa7, 0x43, 0x94, 0xbe,
  0x05, 0xcd, 0xaf, 0xbd, 0x45, 0x61, 0xba, 0xbd, 0xe1, 0xd1, 0x29, 0x3e,
  0x90, 0x5a, 0xd9, 0x3d, 0x8d, 0xb8, 0x63, 0xbe, 0x06, 0xeb, 0xca, 0xbc,
  0xce, 0x5b, 0x1d, 0xbe, 0x17, 0x38, 0x49, 0xbe, 0x2d, 0xcb, 0x9f, 0x3d,
  0x83, 0x25, 0x3e, 0x3c, 0xae, 0x60, 0xb5, 0x3d, 0x32, 0x1c, 0x82, 0xbe,
  0xa8, 0x2e, 0x51, 0xbe, 0x20, 0x58, 0x20, 0xbe, 0xb6, 0xd6, 0x47, 0x3e,
  0x8f, 0xec, 0x9b, 0xbe, 0x3b, 0xbc, 0x14, 0x3d, 0x77, 0x58, 0x32, 0xbe,
  0x30, 0xcb, 0x6a, 0x3d, 0x7c, 0xb8, 0x1a, 0x3d, 0x29, 0x0f, 0xb7, 0x3d,
  0x05, 0x3a, 0x00, 0xbd, 0xe5, 0x16, 0x83, 0x3e, 0x2c, 0x10, 0x79, 0x3e,
  0x28, 0x84, 0x88, 0xbd, 0x78, 0x71, 0x98, 0x3c, 0xb5, 0xea, 0x36, 0x3e,
  0xd2, 0x2e, 0x68, 0x3e, 0x4a, 0xaf, 0xac, 0xbd, 0xc2, 0xab, 0x88, 0xbe,
  0xb5, 0xe1, 0xa5, 0x3d, 0x96, 0x7c, 0x26, 0xbe, 0x79, 0xc9, 0x22, 0x3e,
  0x8c, 0xcf, 0x05, 0xbe, 0x21, 0x17, 0x61, 0xbe, 0xb8, 0xa6, 0x5e, 0xbd,
  0x8d, 0x3e, 0x8a, 0xbd, 0x49, 0xb1, 0x86, 0xbd, 0x20, 0x9b, 0x0f, 0x3d,
  0x59, 0x50, 0x12, 0x3e, 0x05, 0x3a, 0x71, 0xbe, 0xaa, 0xa5, 0xd4, 0x3d,
  0x92, 0xf6, 0x96, 0x3e, 0x3b, 0x7d, 0x3c, 0x3e, 0x7e, 0xe6, 0x00, 0x3e,
  0xaa, 0xb0, 0x34, 0xbe, 0x98, 0x6b, 0x59, 0xbe, 0x31, 0xe4, 0xae, 0xbd,
  0x40, 0x1e, 0xa9, 0x3d, 0x6c, 0xcc, 0x5a, 0xbe, 0x44, 0x76, 0x6c, 0x3c,
  0x54, 0x65, 0x27, 0xbe, 0x13, 0xab, 0xda, 0xbd, 0xe5, 0x70, 0xbb, 0xbd,
  0xf0, 0x22, 0x8d, 0xbd, 0xb9, 0xd9, 0x5b, 0xbe, 0xa5, 0x42, 0x9d, 0xbd,
  0x27, 0x66, 0x50, 0x3e, 0xd8, 0x08, 0x5c, 0x3e, 0x48, 0x27, 0xe0, 0x3c,
  0x4e, 0x1d, 0x15, 0x3e, 0xa6, 0x9f, 0x82, 0x3d, 0x6b, 0xb8, 0x56, 0x3e,
  0x8e, 0x8a, 0x79, 0xbe, 0x26, 0x25, 0x2a, 0x3e, 0x3f, 0x48, 0xbd, 0xbd,
  0xb5, 0x82, 0x31, 0xbe, 0x30, 0x2e, 0xb9, 0x3c, 0x03, 0xf6, 0x5c, 0x3e,
  0xe0, 0xb6, 0xde, 0xbd, 0x4b, 0x8b, 0x59, 0x3d, 0x8e, 0xd5, 0xa7, 0x3d,
  0x88, 0x25, 0xb9, 0x3d, 0xbf, 0x0e, 0xb7, 0xbd, 0xb4, 0x0e, 0x01, 0x3e,
  0xd3, 0x6e, 0x24, 0x3e, 0x61, 0x22, 0x6d, 0x3e, 0x05, 0xd3, 0xe9, 0xbd,
  0x66, 0xcf, 0xf2, 0x3d, 0xe6, 0xac, 0x9a, 0xbc, 0x0b, 0x94, 0x26, 0xbd,
  0x41, 0x4c, 0x9a, 0x3e, 0x5b, 0xbc, 0x1c, 0xbd, 0x7e, 0xb7, 0x9d, 0x3e,
  0x3d, 0x74, 0x9f, 0xbe, 0xd6, 0x15, 0x84, 0xbe, 0x93, 0xfb, 0x90, 0xbd,
  0x3c, 0x77, 0xe9, 0xbd, 0x6f, 0xb6, 0x71, 0xbe, 0xc4, 0xc3, 0x96, 0x3c,
  0x46, 0xa7, 0x66, 0xbe, 0xd9, 0x47, 0x1d, 0x3c, 0x47, 0xe9, 0x82, 0x3e,
  0x2f, 0x28, 0xb2, 0xbd, 0xa7, 0xea, 0x50, 0x3e, 0x21, 0xf4, 0x84, 0xbe,
  0xdd, 0x4f, 0x96, 0xbd, 0x01, 0x2b, 0xdb, 0x3d, 0x13, 0xac, 0x2c, 0xbe,
  0xe9, 0x49, 0x4b, 0x3e, 0x6e, 0xb4, 0x82, 0x3e, 0x74, 0x73, 0x5e, 0xbe,
  0x02, 0xf6, 0x55, 0x3e, 0x65, 0x2f, 0x1e, 0x3e, 0xc7, 0x7b, 0x3f, 0x3e,
  0x58, 0xa5, 0x60, 0x3e, 0x0b, 0x40, 0x12, 0x3c, 0x23, 0xc9, 0x0e, 0x3e,
  0x8e, 0x4b, 0xef, 0x3d, 0xff, 0x82, 0xc3, 0x3d, 0xee, 0x99, 0x7d, 0xbe,
  0x2f, 0x1a, 0x2f, 0xbe, 0xaf, 0x60, 0x51, 0xbe, 0x5a, 0xfe, 0x38, 0x3d,
  0x66, 0xf2, 0xa6, 0xbd, 0xaf, 0x09, 0x11, 0x3b, 0x95, 0xc9, 0x69, 0xbe,
  0x24, 0x34, 0x07, 0xbe, 0xb9, 0x8a, 0xe6, 0x3d, 0x2c, 0x25, 0x87, 0x3d,
  0xa9, 0xf9, 0x65, 0xbe, 0xf0, 0x03, 0xd2, 0x3d, 0xfe, 0x90, 0xfa, 0xbd,
  0xc7, 0x10, 0x2a, 0x3e, 0x85, 0xec, 0xe7, 0xbd, 0x53, 0x7a, 0x04, 0xbe,
  0x65, 0x4f, 0xb9, 0x3c, 0x62, 0xd7, 0x37, 0x3e, 0xf2, 0xe9, 0x5d, 0xb9,
  0xe5, 0xa7, 0x3e, 0xbe, 0x3a, 0x0d, 0x33, 0x3e, 0xdb, 0x46, 0x82, 0xbe,
  0x9b, 0x5e, 0x92, 0x3e, 0x3b, 0x82, 0x9b, 0x3e, 0x42, 0x34, 0x82, 0x3b,
  0x0d, 0x21, 0xfc, 0xbd, 0xdc, 0x86, 0x40, 0x3e, 0x5d, 0xb5, 0x1e, 0xbe,
  0x04, 0x58, 0x42, 0xbe, 0x57, 0x2a, 0x16, 0xbe, 0x58, 0xf0, 0x75, 0x3d,
  0x20, 0x62, 0x9a, 0xbd, 0x5d, 0x5d, 0x40, 0x3e, 0x83, 0x3a, 0x5d, 0xbe,
  0x1b, 0xe4, 0xd1, 0x3d, 0xa4, 0x71, 0x1a, 0xbd, 0x34, 0x99, 0x46, 0x3c,
  0x07, 0x55, 0x5e, 0xbe, 0x23, 0xff, 0x7b, 0xbe, 0x56, 0xe0, 0xff, 0xff,
  0x04, 0x00, 0x00, 0x00, 0x00, 0x10, 0x00, 0x00, 0xbc, 0x62, 0x47, 0xbe,
  0x67, 0x0a, 0x15, 0xbe, 0x24, 0xd4, 0x42, 0x3e, 0x79, 0x71, 0xcd, 0x3d,
  0xc3, 0x5c, 0x65, 0xbe, 0x32, 0x6b, 0x4b, 0xbd, 0xb2, 0x96, 0x05, 0x3d,
  0xf2, 0x72, 0xba, 0xbc, 0xff, 0x73, 0xba, 0x3d, 0x78, 0x68, 0x5b, 0xbe,
  0xfa, 0xaf, 0x9d, 0xbd, 0x8c, 0x04, 0x3a, 0xbd, 0x35, 0x19, 0xa8, 0xbd,
  0x14, 0x43, 0x5d, 0xbd, 0x09, 0x99, 0xbd, 0x3d, 0xf4, 0x28, 0xbb, 0xb9,
  0xa1, 0xfd, 0x7f, 0xbd, 0xd6, 0x67, 0x87, 0x3c, 0x23, 0xdf, 0x94, 0x3e,
  0x91, 0x57, 0x70, 0x3c, 0xe5, 0xf8, 0x14, 0x3e, 0xd3, 0xf9, 0xc4, 0xbd,
  0x0f, 0x7a, 0xf5, 0xbd, 0x1e, 0xb2, 0x8a, 0xbc, 0x02, 0x38, 0xe2, 0xbd,
  0xe9, 0x97, 0x91, 0x3c, 0x27, 0xab, 0xc0, 0xbc, 0x64, 0xb8, 0x4a, 0x3e,
  0x30, 0x6a, 0xe3, 0x3d, 0x8d, 0xff, 0x86, 0x3d, 0x92, 0x88, 0xd6, 0x3d,
  0xac, 0x43, 0xea, 0x3d, 0xff, 0xf1, 0xee, 0x3d, 0x74, 0x3e, 0xb7, 0xbc,
  0x1a, 0xc7, 0x23, 0xbe, 0x28, 0x6c, 0xc0, 0xbe, 0x3c, 0x83, 0x2d, 0x3e,
  0x66, 0xbc, 0xbc, 0x3d, 0x26, 0x76, 0x30, 0xbe, 0x2d, 0x1a, 0xa8, 0x3d,
  0xf9, 0x1a, 0x54, 0x3d, 0x9a, 0x65, 0x9a, 0xbd, 0xa4, 0x96, 0x95, 0x3d,
  0xb3, 0x62, 0x99, 0x3e, 0x23, 0xc9, 0x97, 0xbc, 0xb6, 0xef, 0xbc, 0x3c,
  0x51, 0x08, 0x6a, 0xbe, 0x33, 0x87, 0xb1, 0xbd, 0xe4, 0x63, 0xa8, 0xb9,
  0x2e, 0x29, 0xfc, 0x3d, 0xc7, 0xc9, 0xd3, 0x3d, 0x3e, 0x6b, 0xc2, 0x3d,
  0x14, 0x7a, 0x08, 0xbe, 0x13, 0x5f, 0x8e, 0x3c, 0x69, 0x7a, 0x9f, 0x3d,
  0xa4, 0x2e, 0x35, 0xbd, 0xa1, 0x0c, 0x16, 0x3e, 0xb5, 0xb1, 0x37, 0x3e,
  0xf3, 0x82, 0x8d, 0xbc, 0x7d, 0xb0, 0x59, 0xbd, 0x36, 0x5f, 0x77, 0x3e,
  0xd8, 0x8e, 0x45, 0xbd, 0xad, 0x0b, 0x93, 0xbd, 0x2c, 0x18, 0xc9, 0x3d,
  0x3a, 0x19, 0xf4, 0x3d, 0xe1, 0x09, 0x1f, 0x3d, 0x64, 0x81, 0x5d, 0xbe,
  0xab, 0x68, 0xcd, 0xbd, 0x84, 0xee, 0xe5, 0xbc, 0xd7, 0xc1, 0x74, 0x3e,
  0x24, 0x34, 0x1f, 0x3e, 0x2b, 0x39, 0x96, 0x3d, 0xdb, 0x5e, 0xeb, 0xbd,
  0x76, 0xb8, 0x5e, 0xbd, 0xcb, 0xf1, 0x7a, 0x3d, 0x11, 0x1b, 0xd2, 0xbd,
  0xd9, 0x90, 0x78, 0x3d, 0x83, 0x70, 0x1a, 0x3e, 0xbb, 0xb8, 0x8a, 0x3d,
  0xdc, 0x57, 0xc1, 0xbd, 0xf3, 0xaf, 0xa5, 0xbe, 0xcb, 0x78, 0xa4, 0xbb,
  0x82, 0x51, 0x68, 0x3d, 0x16, 0xcf, 0xa0, 0xbd, 0x37, 0xcd, 0x55, 0xbe,
  0x82, 0x25, 0x1a, 0xbd, 0xc9, 0x00, 0x6b, 0xbd, 0xa0, 0xb5, 0x9a, 0xbd,
  0x18, 0x5d, 0xca, 0xbc, 0x62, 0xd7, 0x9d, 0x3a, 0xdd, 0xe6, 0x07, 0xbe,
  0x04, 0x36, 0x19, 0xbe, 0x22, 0x4b, 0x03, 0x3e, 0x76, 0x26, 0x39, 0xbd,
  0x99, 0x7d, 0x3c, 0xbe, 0xa7, 0xee, 0x00, 0xbd, 0xda, 0x06, 0x73, 0x3d,
  0x20, 0x4a, 0x7f, 0x3e, 0x51, 0xb0, 0x31, 0xbd, 0x92, 0xdb, 0xcd, 0xbd,
  0x03, 0xd9, 0x9f, 0x3c, 0x39, 0xb4, 0xd2, 0x3d, 0x23, 0xd6, 0x1e, 0xbe,
  0x00, 0x4c, 0x9b, 0xbd, 0x1e, 0x00, 0xdc, 0xbd, 0x36, 0x32, 0xa6, 0xbc,
  0xa7, 0x1e, 0x6b, 0xbe, 0xe9, 0xb1, 0xdd, 0x3d, 0x01, 0x9f, 0xe6, 0xbd,
  0x5b, 0xba, 0x0f, 0xbc, 0x5c, 0xb1, 0x6f, 0xbd, 0xcc, 0x26, 0x1c, 0x3e,
  0x56, 0x87, 0xd4, 0x3d, 0x8a, 0x59, 0x71, 0x3d, 0xd4, 0xbd, 0x00, 0xbe,
  0x8e, 0x6d, 0x52, 0x3d, 0xca, 0x52, 0x07, 0xbe, 0x52, 0xbe, 0x30, 0xbd,
  0xce, 0x30, 0x45, 0xbe, 0x62, 0x09, 0x68, 0x3e, 0xe7, 0x80, 0x62, 0xbe,
  0xab, 0x8d, 0x74, 0x3e, 0xe6, 0x91, 0x5d, 0x3d, 0xf0, 0x20, 0x1b, 0x3e,
  0x56, 0x0c, 0xe1, 0xbc, 0x83, 0x85, 0xea, 0xbd, 0xd2, 0x11, 0x24, 0x3b,
  0x52, 0xc2, 0xd8, 0x3d, 0x74, 0x87, 0x06, 0x3e, 0xda, 0x6b, 0x99, 0xbc,
  0x3b, 0x19, 0xd2, 0xbd, 0x36, 0x00, 0x05, 0x3d, 0x42, 0x8d, 0x0d, 0x3e,
  0x3d, 0x53, 0x82, 0xbd, 0x20, 0x60, 0x02, 0xbe, 0xbe, 0x25, 0x71, 0x3c,
  0xc9, 0xb8, 0x04, 0xbe, 0x9b, 0xec, 0x10, 0x3b, 0xc9, 0xb0, 0x65, 0x3c,
  0x72, 0x85, 0x82, 0x3a, 0xea, 0x0d, 0xb2, 0x3d, 0x87, 0x52, 0x8a, 0xbd,
  0x83, 0xeb, 0x1a, 0xbd, 0x63, 0x83, 0x5c, 0xbe, 0xec, 0x3a, 0xe3, 0x3d,
  0xb3, 0x76, 0x5d, 0xbc, 0x6d, 0xd5, 0x19, 0xbd, 0x82, 0xc3, 0x18, 0x3a,
  0xbb, 0xf0, 0x8d, 0xbe, 0xc1, 0x0a, 0x72, 0x3e, 0x9a, 0x45, 0xae, 0xbc,
  0x88, 0x20, 0xbd, 0xbd, 0xf8, 0x57, 0x8c, 0x3c, 0xb9, 0xae, 0xee, 0xbd,
  0x05, 0xeb, 0x76, 0x3c, 0x7b, 0x8d, 0x40, 0x3c, 0x11, 0x71, 0x66, 0xbc,
  0x4e, 0x95, 0x2f, 0x3d, 0xa2, 0xfb, 0xcf, 0x3c, 0x2c, 0xbf, 0x10, 0x3e,
  0x63, 0x86, 0x17, 0xbe, 0xb9, 0x60, 0x39, 0xbe, 0x1b, 0xc6, 0xfb, 0xbc,
  0x93, 0x08, 0xd3, 0xbd, 0x5b, 0x3a, 0xa9, 0xbd, 0x9e, 0x81, 0x81, 0xbe,
  0x1f, 0xe2, 0x10, 0xbb, 0xfa, 0xbe, 0xd8, 0x3d, 0xd4, 0x64, 0x65, 0xbe,
  0xcc, 0xf1, 0x2a, 0x3d, 0x96, 0xe0, 0x34, 0xba, 0xd7, 0xaf, 0x30, 0xbd,
  0x53, 0xf5, 0x39, 0xbe, 0x25, 0xb5, 0xe3, 0x3d, 0xda, 0xee, 0x52, 0x3e,
  0x3b, 0xe2, 0x89, 0xbc, 0x45, 0x5e, 0xa6, 0x3e, 0x5f, 0x46, 0xd3, 0x3c,
  0xb3, 0xef, 0x06, 0x3d, 0x69, 0x28, 0xbc, 0x3e, 0xca, 0x6c, 0xb3, 0x3c,
  0x04, 0xe2, 0x02, 0xbd, 0x10, 0x78, 0x2d, 0x3e, 0xf9, 0xb6, 0x55, 0x3e,
  0xc4, 0xbb, 0xc5, 0x3d, 0x29, 0xcc, 0xed, 0x3b, 0xca, 0xad, 0x3b, 0xbe,
  0x5a, 0x0a, 0x38, 0xbd, 0x2b, 0x28, 0x10, 0xbb, 0x01, 0xfa, 0xda, 0xbb,
  0xce, 0xb4, 0xb3, 0xbd, 0x0c, 0xc7, 0x1d, 0xbc, 0xb7, 0xb1, 0x5a, 0x3e,
  0x7b, 0x10, 0x9c, 0x3d, 0x4c, 0x32, 0xa6, 0xbc, 0xff, 0x8c, 0x11, 0xbe,
  0x9b, 0x42, 0x9a, 0x3e, 0xc4, 0x44, 0x91, 0xbe, 0x60, 0x34, 0x98, 0xbc,
  0x9a, 0x3e, 0x8f, 0xbe, 0x16, 0xfe, 0x2e, 0x3d, 0x0d, 0xf2, 0xab, 0x3d,
  0x7d, 0xbf, 0x07, 0xbe, 0x82, 0x17, 0xa3, 0xbe, 0x6c, 0x08, 0x0e, 0xbe,
  0xb1, 0xb0, 0x71, 0xbe, 0x51, 0x72, 0x8c, 0xbd, 0xc0, 0xb3, 0xdf, 0xbb,
  0xbe, 0x82, 0x32, 0xbe, 0x2a, 0xcb, 0xd7, 0x3c, 0x82, 0xb4, 0xb4, 0xbd,
  0xa0, 0x81, 0x09, 0x3e, 0x8e, 0x1b, 0x64, 0xbd, 0xef, 0x37, 0x00, 0x3d,
  0x09, 0x8d, 0xe1, 0x3c, 0x12, 0xcf, 0x1e, 0x3e, 0x59, 0x7e, 0x8c, 0x3d,
  0x57, 0x78, 0xc4, 0x3d, 0x3d, 0x0e, 0x6c, 0xbe, 0x97, 0x79, 0xa5, 0xbc,
  0x35, 0xd6, 0xa2, 0x3d, 0xd5, 0x1f, 0x2f, 0x3d, 0xa5, 0xea, 0x7b, 0xbd,
  0x3f, 0x83, 0x0d, 0x3e, 0x0a, 0xf4, 0x98, 0x3e, 0x94, 0xfd, 0xfb, 0x3c,
  0x14, 0xfd, 0x23, 0x3e, 0xd0, 0x5f, 0xee, 0x3d, 0x16, 0x83, 0x92, 0x3d,
  0x26, 0xa0, 0x9b, 0xbc, 0x63, 0xb9, 0x4b, 0x3d, 0x76, 0x10, 0xc2, 0x3c,
  0xe0, 0xd9, 0x6c, 0xbe, 0x53, 0x70, 0x06, 0x3d, 0xdd, 0xc3, 0x35, 0xbe,
  0x0e, 0xa7, 0x26, 0x3e, 0x16, 0x68, 0x69, 0xbb, 0xac, 0x21, 0x62, 0xbd,
  0xe1, 0xba, 0x4b, 0xbe, 0xa6, 0xe6, 0xba, 0xbc, 0xe1, 0x1c, 0x36, 0xbe,
  0x48, 0x1a, 0x66, 0xbe, 0x50, 0x4c, 0x97, 0xbc, 0x40, 0xb8, 0x71, 0x3d,
  0x24, 0x13, 0xd8, 0xbc, 0x68, 0x3a, 0xd8, 0x3d, 0xb3, 0x1d, 0x0f, 0xbd,
  0x87, 0x0e, 0xd5, 0xbb, 0xb5, 0x80, 0x09, 0x3d, 0xbb, 0x66, 0x75, 0xbd,
  0x1c, 0x6e, 0x38, 0xbe, 0xb9, 0x0f, 0x30, 0xbe, 0xf2, 0x0b, 0x4b, 0x3d,
  0x88, 0x99, 0x97, 0x3c, 0x21, 0x68, 0x06, 0xbe, 0x4d, 0x94, 0x1d, 0xbd,
  0x94, 0xc9, 0x34, 0xbe, 0xdf, 0x6b, 0x19, 0x3d, 0x8c, 0xfe, 0x44, 0xbc,
  0xc6, 0x34, 0x05, 0x3e, 0x3e, 0xff, 0x2a, 0xbd, 0xd0, 0x28, 0x0e, 0xbd,
  0x04, 0x64, 0x0f, 0xbe, 0x97, 0x92, 0xaf, 0xbd, 0xe5, 0x46, 0x49, 0x3d,
  0x0b, 0x7b, 0xc9, 0x39, 0x60, 0xec, 0xd7, 0xbc, 0x36, 0x94, 0xa3, 0x3c,
  0xe7, 0x8d, 0xb0, 0xbd, 0x31, 0x8a, 0x13, 0x3e, 0xc8, 0x27, 0x1f, 0x3d,
  0x2d, 0x17, 0x1c, 0xbe, 0x42, 0xe8, 0x01, 0xbd, 0x15, 0x9a, 0xc5, 0x3d,
  0xbf, 0x9c, 0x9c, 0x3c, 0x84, 0x49, 0xae, 0xbd, 0xca, 0xbf, 0x23, 0xbe,
  0x01, 0x1e, 0x3b, 0x3d, 0x64, 0xd1, 0x44, 0x3e, 0x15, 0x86, 0x24, 0xbe,
  0x49, 0x77, 0xff, 0x3c, 0x49, 0xd2, 0x88, 0x3e, 0xeb, 0x34, 0x06, 0x3e,
  0xf0, 0x63, 0x2a, 0x3e, 0xda, 0x0b, 0x11, 0x3d, 0x51, 0x54, 0x0f, 0x3e,
  0x66, 0x9b, 0x59, 0xbe, 0xef, 0x40, 0x85, 0xbe, 0x4b, 0xac, 0x80, 0x3d,
  0x66, 0x86, 0x66, 0xbd, 0xc4, 0xc2, 0x04, 0xbe, 0xbf, 0x08, 0x91, 0xbe,
  0xc3, 0x20, 0x19, 0x3e, 0x37, 0xe5, 0xe1, 0x3d, 0x0a, 0x54, 0x25, 0xbe,
  0xe4, 0x02, 0xb9, 0xbc, 0x9b, 0x5f, 0xa2, 0x3e, 0xe3, 0xaa, 0xe3, 0x3d,
  0x0c, 0xe1, 0x4c, 0xbe, 0x33, 0x5c, 0x94, 0x3e, 0x89, 0x54, 0x9d, 0xbe,
  0xc1, 0x3b, 0x52, 0xbd, 0x09, 0x84, 0x67, 0x3e, 0x01, 0xd2, 0xf7, 0xbc,
  0xd0, 0xab, 0x48, 0xbe, 0xc2, 0xc6, 0xd4, 0x3c, 0xe9, 0x44, 0x49, 0xbd,
  0x6d, 0x97, 0x24, 0xbd, 0xf1, 0x98, 0x3f, 0xbd, 0xf5, 0x2a, 0x6b, 0xbd,
  0xab, 0xe9, 0x1a, 0x3e, 0xa2, 0x07, 0x1f, 0x3e, 0x82, 0x7c, 0x69, 0x3d,
  0xba, 0x72, 0xf2, 0xbd, 0x22, 0x26, 0xf5, 0x3d, 0xaf, 0xad, 0x1f, 0x3e,
  0x1a, 0xd1, 0x28, 0x3c, 0xb0, 0x91, 0x19, 0xbe, 0x8a, 0x0d, 0x82, 0xbd,
  0x08, 0x79, 0x9f, 0x3d, 0x28, 0x74, 0xaf, 0x3d, 0xb0, 0x18, 0x5b, 0xbd,
  0x6a, 0xf1, 0x1f, 0x3d, 0x28, 0xfb, 0x12, 0x3e, 0xb2, 0xb1, 0x89, 0xbd,
  0xb1, 0x75, 0xc4, 0x3c, 0xb5, 0x62, 0x26, 0xbd, 0x62, 0xf3, 0x48, 0x3d,
  0xa1, 0xe5, 0x80, 0x3d, 0x40, 0x7d, 0x22, 0x3c, 0x78, 0x5b, 0xba, 0x3d,
  0xa4, 0x43, 0x97, 0x3d, 0x8e, 0xa2, 0xa9, 0xbd, 0x3c, 0x8c, 0x92, 0xbe,
  0xb1, 0x93, 0xd9, 0x3d, 0xf6, 0xd2, 0x6c, 0x3c, 0x47, 0x0d, 0xd8, 0xbd,
  0xde, 0x05, 0xad, 0x3d, 0xc0, 0xdf, 0x98, 0xbd, 0xa7, 0x53, 0xc3, 0xbd,
  0x9f, 0xbd, 0x7a, 0x3c, 0xe4, 0x14, 0x04, 0x3e, 0x53, 0x59, 0x82, 0x3d,
  0x7b, 0x8e, 0x9b, 0x3e, 0xe9, 0x62, 0x18, 0xbe, 0xde, 0x08, 0xd6, 0x3e,
  0x9a, 0xfb, 0x2c, 0xbe, 0xa3, 0x03, 0x1b, 0x3e, 0x60, 0x6e, 0x8c, 0xbb,
  0x8e, 0x99, 0xbd, 0xbd, 0xea, 0xb5, 0x26, 0x3e, 0x98, 0xa8, 0x84, 0xbd,
  0x6b, 0x1c, 0xa2, 0xbd, 0xfb, 0xe1, 0x11, 0xbe, 0xe0, 0x6f, 0x85, 0x3d,
  0xf8, 0x53, 0xa0, 0xbe, 0x68, 0x99, 0xd7, 0xbc, 0x1c, 0x08, 0xd3, 0x3d,
  0x66, 0xb7, 0x17, 0xbe, 0x2e, 0x35, 0x46, 0xbd, 0xbc, 0x9a, 0x4d, 0xbe,
  0xb5, 0xc5, 0xea, 0x3c, 0x35, 0x02, 0x7d, 0xbc, 0xf9, 0xcc, 0x68, 0x3d,
  0x21, 0xb7, 0xb0, 0x3c, 0x90, 0x6c, 0x86, 0x3d, 0xaa, 0xba, 0x6d, 0x3d,
  0x84, 0x4e, 0x1d, 0x3e, 0x1b, 0xba, 0xbd, 0x3d, 0x0a, 0x61, 0xf3, 0xbc,
  0x4b, 0x36, 0x72, 0xbe, 0x28, 0x2a, 0xde, 0xbd, 0x44, 0xea, 0x32, 0x3c,
  0xbc, 0x22, 0x0d, 0xbd, 0x8a, 0xd6, 0x88, 0x3b, 0x09, 0x48, 0x27, 0x3d,
  0xde, 0x71, 0xaf, 0x3d, 0xdc, 0xef, 0xfc, 0xbd, 0x5f, 0x22, 0x9f, 0xbd,
  0xa5, 0x25, 0x53, 0xbd, 0x88, 0xe6, 0xbc, 0x3d, 0x4e, 0x54, 0xd4, 0xbd,
  0xe7, 0xa4, 0x86, 0xbd, 0xf5, 0x25, 0x6b, 0xbd, 0x31, 0x33, 0x68, 0xbd,
  0x94, 0x1b, 0x79, 0x3d, 0xa0, 0x0a, 0xe7, 0xbc, 0xda, 0xd4, 0xed, 0x3c,
  0xe7, 0x46, 0x00, 0xbe, 0x32, 0xd3, 0x42, 0xbe, 0xb4, 0x34, 0x97, 0xbd,
  0xf6, 0x4f, 0x8b, 0x3d, 0xd3, 0x7e, 0x70, 0xbe, 0x55, 0x48, 0xa7, 0xbd,
  0xc5, 0x3a, 0x29, 0xbd, 0xf0, 0xec, 0x7a, 0xbb, 0xc8, 0x2f, 0xce, 0xbd,
  0xbb, 0xe1, 0x25, 0xbe, 0xd0, 0x3b, 0x2f, 0xbe, 0x9e, 0x52, 0x63, 0x3d,
  0x43, 0x67, 0x8e, 0x3d, 0x56, 0xea, 0xb1, 0x3d, 0xd3, 0x57, 0x96, 0xbd,
  0x47, 0xcb, 0xc9, 0xbd, 0x61, 0x85, 0x33, 0x3d, 0xb7, 0xe0, 0x54, 0xb9,
  0x92, 0xb2, 0x58, 0xbc, 0x82, 0x98, 0xa2, 0xbd, 0x87, 0x58, 0x0e, 0x3c,
  0x98, 0x29, 0xb0, 0x3c, 0x4e, 0xab, 0x80, 0xbd, 0xa2, 0xa5, 0x5b, 0xbd,
  0xa5, 0xaf, 0x7e, 0xbc, 0xa2, 0xa2, 0xe5, 0x3e, 0xb9, 0x38, 0xaa, 0x39,
  0x4f, 0x09, 0x30, 0xbe, 0x19, 0x94, 0xb8, 0x3d, 0x03, 0x7d, 0x92, 0x3d,
  0x8a, 0x01, 0x69, 0x3e, 0x56, 0x3b, 0x09, 0xbe, 0x30, 0xf0, 0x4c, 0x3d,
  0xac, 0x64, 0x34, 0xbe, 0x5e, 0x86, 0x1f, 0xbd, 0x61, 0x4a, 0x68, 0x3e,
  0xe6, 0xe9, 0xba, 0x3d, 0xe5, 0x98, 0x7b, 0xbe, 0x61, 0x8c, 0x04, 0x3d,
  0x12, 0x1c, 0xb3, 0x3d, 0xa6, 0x70, 0x9e, 0xbe, 0xc1, 0x52, 0x10, 0x3d,
  0x89, 0x8b, 0xfb, 0x3b, 0x12, 0x6d, 0x23, 0xbc, 0x06, 0xc1, 0x29, 0x3e,
  0xc3, 0xd1, 0x6f, 0xbe, 0xbf, 0xc8, 0xc2, 0x3d, 0x7b, 0x52, 0xd3, 0xba,
  0x06, 0x5b, 0x8e, 0xbd, 0xf4, 0x39, 0x17, 0x3c, 0x24, 0x8e, 0x4c, 0x3e,
  0x0f, 0xc0, 0x3d, 0x3d, 0xbe, 0x96, 0x23, 0xbe, 0xe1, 0xa5, 0x5c, 0xbb,
  0xf2, 0x90, 0x0e, 0xbe, 0xd3, 0xbb, 0x82, 0x3c, 0xf7, 0x8e, 0x43, 0x3c,
  0xa9, 0xe3, 0x52, 0x3d, 0x59, 0x24, 0x3b, 0xbd, 0xb1, 0xf3, 0x71, 0xbe,
  0x00, 0x50, 0xd6, 0xbc, 0xb4, 0x83, 0x34, 0x3c, 0xe8, 0x43, 0x12, 0x3e,
  0xa1, 0x96, 0x2d, 0xbd, 0x2c, 0xe4, 0x81, 0x3d, 0x2d, 0x26, 0x54, 0x3e,
  0x2f, 0xdf, 0x8e, 0x3e, 0x67, 0x7a, 0x9a, 0x3c, 0x1b, 0x2d, 0x6c, 0x3d,
  0x00, 0xdf, 0xf2, 0xbd, 0x69, 0x9d, 0x49, 0xbe, 0x1c, 0xbe, 0x59, 0x3c,
  0x92, 0xd6, 0x91, 0x3c, 0x0e, 0xdd, 0x8d, 0x3c, 0x8c, 0x53, 0x8e, 0x3d,
  0x10, 0x0c, 0xe4, 0xbd, 0xb0, 0x1b, 0x32, 0xbc, 0xaf, 0xdf, 0xd4, 0xbd,
  0x00, 0x43, 0x3e, 0xbd, 0x63, 0xfb, 0x72, 0x3d, 0x5c, 0xdf, 0x2c, 0x3e,
  0x2d, 0x12, 0x0e, 0x3e, 0xbf, 0x93, 0x88, 0x3c, 0x5c, 0xee, 0x91, 0x3e,
  0x92, 0x5d, 0x0d, 0x3d, 0x64, 0xa3, 0x34, 0xbc, 0x81, 0x19, 0x4d, 0x3c,
  0x90, 0xbd, 0x75, 0x3c, 0x68, 0x8f, 0xba, 0xbd, 0x33, 0x3b, 0xd0, 0x3d,
  0x2d, 0xe3, 0x13, 0xbe, 0x26, 0x38, 0x0b, 0xbe, 0x5f, 0x81, 0x53, 0xbd,
  0x5d, 0x12, 0x30, 0xbe, 0x01, 0xec, 0xe8, 0x3d, 0xbb, 0x62, 0xac, 0xbd,
  0x04, 0x7f, 0xf8, 0x3d, 0xfe, 0x0f, 0x62, 0x3e, 0x21, 0x31, 0x69, 0x3d,
  0x1e, 0x04, 0x7b, 0x3d, 0xce, 0xa1, 0x5d, 0xbe, 0xcf, 0xf9, 0x95, 0xbc,
  0x2b, 0x1e, 0x79, 0x3d, 0x9b, 0x19, 0xb1, 0xbe, 0x31, 0x8a, 0xe3, 0x3d,
  0xe8, 0x63, 0xb5, 0xbe, 0x61, 0x19, 0x33, 0x3e, 0xee, 0x22, 0x01, 0xbc,
  0x3c, 0x3f, 0xc1, 0xbd, 0xfd, 0x51, 0x28, 0x3e, 0x24, 0x3e, 0x2c, 0x3e,
  0xec, 0x35, 0xe6, 0x3c, 0xc7, 0x60, 0xd3, 0x3d, 0x32, 0x85, 0x16, 0xbe,
  0x48, 0xcf, 0xb1, 0xbc, 0x2e, 0x3f, 0x1c, 0xbd, 0xcc, 0xc2, 0x9a, 0x3d,
  0xd0, 0xc8, 0x92, 0x3d, 0x41, 0x6e, 0xa4, 0x3c, 0x67, 0x82, 0xee, 0xba,
  0x0f, 0x95, 0x99, 0x3e, 0x6d, 0x1a, 0xa2, 0x3d, 0xcf, 0xbd, 0x07, 0x3e,
  0x95, 0x10, 0xb7, 0xbc, 0xc5, 0x4c, 0x9d, 0xbd, 0xde, 0xab, 0x2c, 0xbd,
  0x91, 0x57, 0x2a, 0xbe, 0x6e, 0x2e, 0x52, 0xbe, 0x77, 0xfd, 0x71, 0x3d,
  0xc2, 0xcd, 0xa5, 0xbe, 0x0f, 0x29, 0x25, 0xbd, 0x9d, 0x5a, 0xad, 0xbd,
  0xfb, 0xe1, 0xbf, 0xbc, 0xfa, 0x1f, 0xb1, 0x3c, 0xbf, 0x60, 0xec, 0x3c,
  0x7b, 0xc4, 0xc5, 0x3c, 0x03, 0x79, 0x9c, 0x3d, 0x9f, 0x59, 0x13, 0xbe,
  0x0c, 0x86, 0x0e, 0xbc, 0x00, 0x5b, 0x49, 0xbc, 0x33, 0x64, 0x19, 0x3e,
  0x2b, 0x06, 0x1c, 0x3d, 0x8a, 0x42, 0x81, 0xbe, 0x71, 0x7c, 0xf0, 0x3d,
  0x7a, 0x08, 0x54, 0x3d, 0x14, 0x03, 0x88, 0x3d, 0x70, 0xe1, 0xc5, 0xbc,
  0x98, 0xc4, 0x57, 0xbe, 0x58, 0x25, 0x0e, 0xbe, 0x1a, 0x86, 0x06, 0xbe,
  0x6b, 0x86, 0xbb, 0x3d, 0x09, 0xe0, 0x19, 0xbd, 0x69, 0xcc, 0x28, 0x3d,
  0x18, 0x1e, 0x39, 0xbe, 0xe0, 0xa6, 0x68, 0xbc, 0xce, 0x6c, 0x1c, 0xbd,
  0x68, 0xb8, 0x5a, 0xbd, 0x6b, 0x3c, 0xcc, 0xbd, 0xd0, 0x7c, 0xf2, 0x3d,
  0xd5, 0x0a, 0x20, 0xbc, 0xd9, 0xd8, 0x56, 0x3e, 0x18, 0x8b, 0x61, 0xbb,
  0x9e, 0xac, 0xb6, 0xbc, 0x44, 0x47, 0x22, 0xbe, 0x78, 0x91, 0x64, 0xbd,
  0xdf, 0x60, 0x34, 0x3e, 0xb0, 0x83, 0xdd, 0x3b, 0x66, 0x18, 0xa5, 0x3c,
  0xa7, 0xc9, 0x29, 0xbd, 0x78, 0xc8, 0xe5, 0xbd, 0x75, 0xf3, 0x96, 0x3d,
  0xe4, 0x8f, 0x3a, 0x3e, 0x98, 0xec, 0x41, 0xbb, 0x63, 0xad, 0x90, 0x3e,
  0x90, 0x45, 0xf4, 0x3a, 0xe5, 0x4f, 0x81, 0xbd, 0x95, 0x0f, 0x04, 0xbe,
  0xf0, 0xdd, 0x54, 0x3e, 0x95, 0x0e, 0x69, 0x3c, 0xb6, 0x96, 0xb1, 0xbd,
  0x37, 0x55, 0x96, 0x3d, 0x27, 0x28, 0xb5, 0xba, 0x79, 0x31, 0x26, 0xbd,
  0x74, 0x63, 0x81, 0x3d, 0x42, 0xb4, 0x86, 0x3c, 0x69, 0x17, 0xf3, 0xbd,
  0x19, 0xff, 0xbf, 0xbd, 0x85, 0x7b, 0x21, 0xbe, 0xf1, 0x4b, 0x9c, 0x3c,
  0xe8, 0x80, 0x93, 0xbd, 0x0c, 0x9b, 0x2e, 0x3e, 0x5e, 0xdb, 0xbc, 0xbd,
  0x9b, 0xa4, 0x98, 0x3d, 0x3c, 0x53, 0xe8, 0x3c, 0x9f, 0x1a, 0x75, 0x3e,
  0x5c, 0x78, 0x11, 0xbe, 0xaa, 0xb7, 0xbb, 0xbd, 0x17, 0x56, 0x24, 0x3e,
  0xbc, 0x69, 0xde, 0x3d, 0x8d, 0x39, 0x13, 0xbe, 0xfe, 0x2d, 0x5a, 0xbe,
  0x6d, 0x8c, 0x2f, 0xbc, 0x22, 0xc1, 0xdb, 0x3d, 0x05, 0x5b, 0xb8, 0xbc,
  0x9a, 0xe9, 0x13, 0x3d, 0x91, 0x09, 0xc6, 0xbe, 0x07, 0x63, 0x70, 0xbc,
  0xf3, 0x7e, 0x0b, 0x3e, 0x3e, 0xae, 0x4d, 0x3d, 0x68, 0x86, 0xb4, 0x3d,
  0x9e, 0x6d, 0xf7, 0xbd, 0x59, 0x98, 0xe1, 0xbd, 0x64, 0x48, 0x23, 0xbc,
  0x68, 0x17, 0x14, 0x3e, 0x15, 0xdc, 0x6e, 0x3d, 0xb4, 0xf1, 0x15, 0x3d,
  0xa1, 0x1f, 0x5e, 0x3d, 0x08, 0x6d, 0xf2, 0x3d, 0x42, 0x58, 0x1d, 0xbe,
  0x4a, 0x89, 0xc5, 0xbd, 0xd5, 0x8b, 0xaf, 0xbd, 0xfe, 0x22, 0xe0, 0xbd,
  0x42, 0xba, 0x2e, 0x3e, 0x0b, 0x4b, 0xb5, 0x3d, 0xb5, 0xb6, 0x18, 0x3d,
  0xee, 0xc9, 0xe4, 0xbc, 0xb8, 0xb0, 0x0c, 0x3e, 0xf9, 0xed, 0x28, 0x3d,
  0xdb, 0x8c, 0x44, 0xbe, 0x97, 0x6c, 0x1a, 0x3c, 0x29, 0x21, 0xc0, 0x3e,
  0xa5, 0xd0, 0xda, 0x3d, 0x60, 0xcc, 0xb0, 0xbe, 0x36, 0x18, 0xdb, 0x3d,
  0xdf, 0xb9, 0x56, 0xbe, 0x86, 0x84, 0xe1, 0x3d, 0x8d, 0xec, 0xf7, 0xbd,
  0x8b, 0xf0, 0x34, 0x3d, 0xa0, 0x12, 0xa9, 0x3d, 0x86, 0x18, 0xd3, 0xbd,
  0x08, 0xa0, 0xc6, 0xbd, 0x2c, 0x91, 0x03, 0x3e, 0xb0, 0xfa, 0x00, 0xbe,
  0x9d, 0xd9, 0x64, 0x3d, 0x2c, 0x02, 0x81, 0xbe, 0x4f, 0x35, 0x9a, 0x3d,
  0x6c, 0xaf, 0xda, 0x3d, 0x37, 0xf7, 0x1e, 0xbe, 0x1e, 0x2a, 0x96, 0xbd,
  0xa5, 0x9a, 0x31, 0xbc, 0x86, 0x26, 0xd9, 0xbd, 0xf6, 0xa6, 0x54, 0xbe,
  0xf9, 0xff, 0x8a, 0x3d, 0x53, 0xa4, 0x29, 0x3e, 0x53, 0xc1, 0x6d, 0x3e,
  0xb0, 0x19, 0xb3, 0xbd, 0x85, 0xa6, 0x95, 0xbd, 0x9a, 0x80, 0x52, 0x3d,
  0xf9, 0x2a, 0xea, 0xbd, 0xc5, 0xcf, 0xd6, 0xbd, 0xb8, 0x91, 0xa1, 0xbd,
  0x8c, 0x8d, 0x2a, 0xbd, 0x03, 0x66, 0x94, 0xbd, 0xa7, 0x22, 0x50, 0xbc,
  0xf7, 0x9a, 0x82, 0x3e, 0x72, 0x3a, 0xf6, 0xbd, 0x4b, 0xe1, 0x45, 0xbe,
  0xf2, 0xf3, 0xa8, 0xbc, 0x7d, 0x65, 0x87, 0x3d, 0xaa, 0x38, 0x1a, 0x3d,
  0xd5, 0x11, 0x35, 0x3e, 0xbf, 0x2b, 0x00, 0xbe, 0x3a, 0x14, 0xac, 0xbc,
  0x8b, 0xfc, 0xe9, 0xbd, 0x19, 0xc3, 0x37, 0x3e, 0x01, 0xba, 0xa0, 0xbb,
  0x02, 0x88, 0x60, 0xbc, 0xa0, 0x4e, 0xf1, 0xbd, 0xe0, 0x30, 0x35, 0x3e,
  0x68, 0x92, 0x21, 0x3e, 0x5e, 0x6e, 0x8a, 0x3e, 0x31, 0x4d, 0x65, 0xbe,
  0x2c, 0x74, 0x98, 0x3d, 0xff, 0xe2, 0x02, 0x3d, 0xbe, 0x3b, 0x8b, 0xbe,
  0xca, 0x3a, 0x0e, 0x3d, 0xc4, 0x4c, 0x8f, 0xbd, 0x55, 0x4a, 0x6a, 0x3e,
  0x9c, 0x22, 0xf1, 0x3d, 0xd1, 0x8e, 0x2b, 0x3e, 0x22, 0x34, 0x6e, 0xbe,
  0xc5, 0xda, 0xe0, 0xbd, 0x00, 0xc0, 0x0e, 0x3d, 0x2b, 0x1b, 0x82, 0xbe,
  0xcc, 0x6e, 0xbc, 0x3d, 0xba, 0x29, 0x26, 0xbd, 0xf8, 0xcb, 0xe5, 0xbd,
  0x02, 0x61, 0x4e, 0x3d, 0xb7, 0xd9, 0x4a, 0x3c, 0x6d, 0xde, 0x0a, 0xbe,
  0x89, 0xed, 0xb3, 0x3c, 0x6f, 0x8d, 0xa1, 0x3d, 0x19, 0xd3, 0x1d, 0xbe,
  0xcc, 0x30, 0xfe, 0x3c, 0x5a, 0x7b, 0xb6, 0xba, 0xe5, 0x77, 0xc6, 0xbd,
  0x12, 0x62, 0x00, 0xbe, 0x6c, 0x22, 0x1a, 0x3e, 0x8a, 0xef, 0x46, 0x3d,
  0xb9, 0xbb, 0x01, 0x3e, 0x8c, 0x28, 0x6e, 0x3d, 0xe8, 0xaa, 0xdf, 0x3d,
  0xda, 0x79, 0xdc, 0xbd, 0x12, 0xba, 0x92, 0xbe, 0xc5, 0xbd, 0xca, 0xbd,
  0x2b, 0xd1, 0x16, 0xbe, 0xb5, 0xea, 0x1e, 0x3d, 0xe7, 0x2f, 0x0a, 0x3e,
  0x73, 0x8a, 0x12, 0x3e, 0x53, 0x40, 0x57, 0x3e, 0x66, 0x4d, 0xcb, 0x3c,
  0x6e, 0xc6, 0x80, 0x3c, 0x2e, 0x03, 0x74, 0xbd, 0xbe, 0xe5, 0xd6, 0xbd,
  0xd9, 0x09, 0x72, 0xbe, 0x53, 0x7c, 0xa2, 0xbe, 0x98, 0x66, 0x88, 0xbd,
  0xe8, 0x1c, 0xc8, 0x3b, 0x4c, 0xea, 0x02, 0x3e, 0x14, 0x35, 0x8a, 0x3d,
  0x92, 0x6e, 0x1e, 0x3e, 0xb8, 0x2d, 0x5a, 0xbe, 0x5c, 0x67, 0x05, 0xbe,
  0xb6, 0x91, 0xc4, 0xbd, 0xd8, 0x00, 0x3c, 0x3d, 0x33, 0xba, 0xb2, 0x3d,
  0x96, 0x5b, 0x04, 0x3e, 0x8e, 0xac, 0x69, 0x3d, 0xa0, 0x5d, 0x48, 0xbc,
  0x51, 0x49, 0x1a, 0x3d, 0x3c, 0xfd, 0x40, 0x3e, 0x8b, 0xd6, 0x24, 0xbe,
  0xf9, 0xa8, 0x3c, 0xbd, 0x0c, 0xd3, 0xc0, 0x3d, 0xde, 0x3b, 0xc8, 0x3c,
  0x10, 0x8b, 0x43, 0xbe, 0xf3, 0x02, 0x0d, 0xbe, 0xea, 0x30, 0x92, 0xbe,
  0xc3, 0x47, 0x5c, 0x3e, 0x29, 0xcb, 0x35, 0xbe, 0x67, 0x32, 0xad, 0xbd,
  0x0e, 0xd5, 0x84, 0xbd, 0xb5, 0x00, 0x08, 0x3b, 0x7c, 0xe0, 0x55, 0x3e,
  0xea, 0x32, 0x99, 0xbc, 0x79, 0x16, 0x87, 0xbd, 0x7e, 0xb2, 0x06, 0xbd,
  0x5d, 0x84, 0x6b, 0xbe, 0x3a, 0x14, 0x0e, 0x3e, 0x56, 0x03, 0x4f, 0x3d,
  0x45, 0x3a, 0x90, 0x3d, 0x55, 0x09, 0xa7, 0xbd, 0x20, 0x30, 0x49, 0x3d,
  0x6b, 0xeb, 0xcc, 0x3d, 0xa4, 0xd8, 0x32, 0x3e, 0x62, 0xe1, 0xe3, 0xbd,
  0x5b, 0xad, 0x81, 0x3d, 0xfb, 0xf8, 0xbf, 0x3c, 0x3a, 0xe4, 0x43, 0xbe,
  0x01, 0xfc, 0x08, 0xbe, 0xba, 0xac, 0xae, 0xbd, 0x00, 0x84, 0x94, 0xbd,
  0xa2, 0x3b, 0x58, 0x3c, 0x2e, 0x57, 0x9b, 0x3c, 0xab, 0x42, 0x91, 0x3d,
  0x44, 0xda, 0x19, 0xbd, 0xdf, 0x1d, 0x24, 0x3d, 0xd2, 0x0c, 0x93, 0xbc,
  0xde, 0xa1, 0x10, 0x3e, 0x08, 0x13, 0x5f, 0xbe, 0x76, 0x6b, 0xf5, 0x3c,
  0xcb, 0xcc, 0x92, 0xbe, 0x97, 0x23, 0x96, 0xbd, 0x96, 0x25, 0xa2, 0x3d,
  0x7e, 0x3e, 0x98, 0xbd, 0xb2, 0x38, 0xe1, 0xbd, 0x6a, 0x14, 0x66, 0x3d,
  0xe1, 0xbd, 0x35, 0x3b, 0x11, 0x5a, 0x5a, 0x3e, 0x4c, 0x13, 0xa8, 0x3d,
  0x35, 0x85, 0xfd, 0xbc, 0xe5, 0x9f, 0x34, 0xbd, 0xe4, 0x99, 0xe2, 0x3d,
  0x64, 0xe0, 0xad, 0xbd, 0x0f, 0x8b, 0x66, 0xbe, 0xbe, 0x1d, 0x36, 0x3d,
  0x9c, 0x45, 0x29, 0xbd, 0x37, 0xb8, 0xac, 0xbd, 0xef, 0x79, 0x90, 0xbd,
  0x42, 0x39, 0x23, 0xbd, 0xa4, 0xb8, 0x9d, 0xbe, 0x3c, 0xc5, 0x41, 0xbd,
  0x10, 0x73, 0x94, 0x3d, 0xf8, 0x1d, 0x4e, 0xbe, 0x1b, 0xba, 0x1b, 0xbd,
  0x87, 0x0e, 0xdb, 0xbd, 0x76, 0x10, 0x4d, 0xbd, 0x10, 0x8d, 0x03, 0x3e,
  0xf1, 0x24, 0x64, 0xbd, 0xec, 0x89, 0x2b, 0xbe, 0x66, 0x45, 0xc8, 0x3d,
  0xe0, 0x40, 0x89, 0xbe, 0x8d, 0x9b, 0x0b, 0x3e, 0x9c, 0x25, 0x80, 0x3d,
  0xe0, 0xda, 0x94, 0x3d, 0xb9, 0x49, 0x0f, 0x3e, 0x81, 0xb2, 0xbc, 0xbd,
  0x47, 0x78, 0x07, 0x3c, 0xc9, 0x67, 0xba, 0x3d, 0x73, 0xba, 0x08, 0xbe,
  0x0d, 0x3b, 0x2b, 0x3e, 0x15, 0xbb, 0xde, 0x3d, 0x3d, 0x8a, 0x14, 0x3c,
  0x6c, 0x32, 0x7c, 0x3d, 0x58, 0x54, 0xf3, 0xbd, 0xfc, 0x93, 0xce, 0xbd,
  0xe2, 0xdc, 0x22, 0x3e, 0x52, 0xba, 0x9f, 0xbd, 0x0f, 0x70, 0xad, 0xbd,
  0x82, 0x9c, 0x48, 0x3c, 0xa2, 0x30, 0xf3, 0x3d, 0x3f, 0xcc, 0x22, 0x3e,
  0xff, 0x5d, 0x28, 0xbe, 0x36, 0x2e, 0xc6, 0x3b, 0x68, 0x6e, 0xbd, 0x3b,
  0xe5, 0xd5, 0x48, 0x3e, 0x6f, 0xc4, 0xe7, 0x3d, 0x8a, 0x81, 0x13, 0xbe,
  0x85, 0x76, 0x1b, 0x3e, 0x5d, 0x8c, 0xca, 0xbd, 0x8a, 0x8a, 0xb3, 0xbd,
  0xe8, 0x4f, 0xd3, 0x3d, 0x3f, 0xe0, 0x5d, 0xbe, 0xc8, 0x03, 0x34, 0x3d,
  0x08, 0x3c, 0xfb, 0xbd, 0xae, 0x03, 0xdf, 0x3b, 0xf9, 0xe4, 0x90, 0xbe,
  0x5e, 0x95, 0x07, 0x3e, 0xc0, 0xae, 0x50, 0xbc, 0xdb, 0x24, 0x81, 0xbd,
  0x6e, 0xdb, 0x8c, 0x3e, 0x97, 0x59, 0xe8, 0xbd, 0xfc, 0x9d, 0xe6, 0xbd,
  0xdf, 0xca, 0x16, 0x3c, 0xc7, 0x5a, 0xce, 0x3d, 0xc5, 0x73, 0x47, 0x3e,
  0x53, 0xc6, 0xe5, 0xbd, 0x73, 0x1b, 0xbf, 0x3d, 0xbe, 0x31, 0x51, 0xbd,
  0x28, 0x8b, 0x4b, 0x3e, 0xf6, 0x66, 0x6b, 0xbe, 0x90, 0x70, 0x7a, 0x3e,
  0xe2, 0xdd, 0x8f, 0xbb, 0x9f, 0x64, 0xe4, 0x3d, 0xbc, 0x72, 0x43, 0x3e,
  0x30, 0x7e, 0x34, 0x3e, 0xf4, 0x83, 0x3f, 0x3e, 0xa9, 0xe3, 0x3d, 0xbd,
  0x48, 0xf9, 0xf6, 0xbb, 0x54, 0xb9, 0x03, 0x3d, 0x19, 0x8d, 0x5d, 0x3e,
  0x1f, 0x9f, 0x04, 0xbd, 0xff, 0x17, 0x6f, 0xbc, 0xd7, 0xe4, 0x02, 0xbe,
  0xfc, 0x10, 0x9c, 0x3b, 0x4d, 0x25, 0x43, 0xbe, 0x0c, 0x1c, 0x1a, 0xbd,
  0xdc, 0xac, 0x2e, 0xbd, 0x9f, 0x15, 0x3c, 0x3e, 0x40, 0x56, 0xfd, 0xbd,
  0x31, 0x26, 0x18, 0x3e, 0xc6, 0xea, 0x2a, 0x3d, 0x4f, 0xfc, 0x8a, 0xbd,
  0xef, 0x52, 0x4f, 0x3e, 0x59, 0x1e, 0x63, 0xbd, 0x3d, 0xf0, 0x04, 0x3e,
  0x3e, 0x29, 0xf0, 0x3c, 0xc8, 0x89, 0x93, 0x3c, 0x5f, 0x88, 0x31, 0xbd,
  0x26, 0x3c, 0x92, 0xbd, 0x85, 0x72, 0xd9, 0x3c, 0xf9, 0xa3, 0xb0, 0xbc,
  0x85, 0x4c, 0x2e, 0x3e, 0xfa, 0xa4, 0x9c, 0x3c, 0x19, 0xac, 0x2e, 0xbd,
  0xad, 0x9b, 0x44, 0xbe, 0xf5, 0xf6, 0xa3, 0x3c, 0xbe, 0x97, 0x44, 0xbd,
  0x66, 0x9e, 0xa9, 0xbd, 0xef, 0x5d, 0x4e, 0x3e, 0xe1, 0x46, 0xc7, 0x3d,
  0x69, 0x4f, 0x21, 0x3d, 0x48, 0x37, 0xe6, 0x3e, 0xb3, 0x13, 0xd3, 0xbd,
  0x06, 0x10, 0x08, 0x3e, 0x05, 0xef, 0xa3, 0x3b, 0x1e, 0x3e, 0x4e, 0x3e,
  0xc5, 0xba, 0x6c, 0x3d, 0x11, 0x46, 0x32, 0xbd, 0x64, 0xbe, 0xdb, 0x3d,
  0xc8, 0x2e, 0x41, 0x3d, 0x14, 0xc9, 0x4b, 0x3e, 0xa0, 0xc7, 0xf6, 0x3d,
  0x3b, 0xb2, 0x62, 0x3c, 0xb5, 0xb8, 0x98, 0xbe, 0xa0, 0x1c, 0xf8, 0xbd,
  0xaa, 0x62, 0xbb, 0x3d, 0xa8, 0xfb, 0x62, 0x3d, 0x5c, 0x47, 0xc8, 0x3d,
  0x82, 0xb2, 0x00, 0x3e, 0xc1, 0x52, 0x0f, 0x3e, 0x78, 0x6c, 0x74, 0x3d,
  0x7a, 0x69, 0x23, 0xbd, 0x9c, 0xc9, 0xa1, 0xbd, 0xe0, 0x06, 0x3b, 0xbb,
  0x75, 0x48, 0x88, 0xbd, 0xda, 0x51, 0x9b, 0x3c, 0x69, 0x80, 0x68, 0x3e,
  0xd0, 0x8d, 0x95, 0xbd, 0xce, 0x70, 0x06, 0x3e, 0xa5, 0xa9, 0x05, 0xbe,
  0xa6, 0xb2, 0xdd, 0x3b, 0x0c, 0x30, 0x4b, 0xbd, 0x2b, 0x61, 0x0b, 0xbe,
  0x0e, 0xfc, 0x3f, 0xbd, 0x53, 0xc8, 0xf7, 0x3c, 0x8d, 0x17, 0xa1, 0x3d,
  0x6b, 0x3e, 0xc4, 0xbd, 0xf0, 0xf7, 0x2a, 0x3e, 0x58, 0x1e, 0x05, 0x3e,
  0xc7, 0x8e, 0x18, 0x3c, 0xb9, 0x7c, 0x28, 0x3e, 0xf2, 0xcb, 0xc3, 0xbd,
  0x1e, 0x21, 0x59, 0xbd, 0x1a, 0x6f, 0xcf, 0xbc, 0x24, 0x84, 0xd5, 0x3d,
  0x50, 0x28, 0xc7, 0xbc, 0xb3, 0xcd, 0xaf, 0x3c, 0x99, 0xd9, 0x56, 0xbd,
  0x68, 0x78, 0xba, 0x3b, 0x74, 0x72, 0x27, 0xbe, 0xa0, 0x04, 0xe1, 0xbd,
  0xd0, 0x99, 0x4d, 0xbe, 0x06, 0xbb, 0x85, 0xbd, 0x9e, 0xc1, 0x02, 0xbe,
  0x64, 0xcf, 0xfb, 0x3d, 0x05, 0xf0, 0x74, 0xbe, 0xda, 0x36, 0x23, 0x3d,
  0xa2, 0x66, 0x0a, 0xbd, 0x36, 0x7a, 0x98, 0x3c, 0x7d, 0xbe, 0x5f, 0x3e,
  0x92, 0xce, 0xc1, 0xbd, 0x96, 0x7f, 0x54, 0x3e, 0x0b, 0xdc, 0x91, 0xbd,
  0x9e, 0x22, 0x07, 0xbe, 0x08, 0xb8, 0x64, 0xbe, 0x10, 0xc4, 0xe4, 0xbd,
  0xf2, 0xb9, 0x3e, 0x3e, 0xca, 0x51, 0x52, 0x3e, 0x82, 0xb4, 0x94, 0x3d,
  0x95, 0x80, 0x19, 0xbd, 0xc5, 0xf5, 0xb8, 0xbc, 0xb5, 0x50, 0x54, 0x3d,
  0x1e, 0xc6, 0x3b, 0x3e, 0xe1, 0x73, 0xc8, 0x3d, 0xb5, 0x11, 0x13, 0xbe,
  0xc8, 0x65, 0x96, 0xbd, 0x66, 0x8c, 0x56, 0x3c, 0xff, 0x56, 0x37, 0xbe,
  0x69, 0x6b, 0x13, 0xbe, 0xa0, 0x89, 0xe5, 0xbc, 0xcd, 0x55, 0x2e, 0xbc,
  0x93, 0x4a, 0x6a, 0xbc, 0x87, 0x34, 0x96, 0x3d, 0xf0, 0xdc, 0x70, 0xbd,
  0x8e, 0xf8, 0x26, 0xbd, 0x7b, 0x59, 0x9f, 0xbd, 0xd3, 0xec, 0x44, 0xbe,
  0x64, 0x19, 0xaf, 0xbc, 0xb6, 0x4a, 0x42, 0x3d, 0x84, 0xcb, 0x09, 0x3d,
  0x53, 0xd6, 0xc2, 0xbd, 0xf1, 0x37, 0x82, 0xbd, 0xdc, 0x12, 0xd3, 0xbd,
  0x98, 0xa6, 0x39, 0xbd, 0x89, 0xff, 0x85, 0xbd, 0x76, 0x13, 0x8e, 0x3d,
  0xa2, 0x01, 0x6f, 0x3e, 0x1c, 0x63, 0x24, 0x3e, 0xb6, 0x1d, 0x85, 0xbe,
  0x33, 0x87, 0x88, 0xbe, 0x9f, 0x00, 0xfa, 0x3b, 0x77, 0x30, 0x33, 0xbd,
  0x7d, 0x9b, 0x29, 0x3c, 0xa0, 0x67, 0x66, 0xbd, 0x70, 0xe8, 0x0e, 0x3e,
  0xfc, 0x89, 0x1c, 0xbe, 0x7f, 0x5e, 0x92, 0x3d, 0xa7, 0x81, 0x0a, 0x3d,
  0xc6, 0x46, 0x2f, 0xbd, 0x08, 0xe4, 0xcd, 0x3d, 0x87, 0xba, 0xe8, 0xbc,
  0x33, 0xea, 0xfc, 0xbc, 0x88, 0x5f, 0x87, 0xbc, 0x08, 0x96, 0x17, 0x3e,
  0x7f, 0x18, 0x09, 0xbd, 0xcf, 0x75, 0x0e, 0xbb, 0x52, 0x9b, 0x14, 0xbe,
  0xd4, 0x92, 0x49, 0x3e, 0x70, 0x4f, 0x42, 0x3e, 0x58, 0xa1, 0xd2, 0xbc,
  0x37, 0xfe, 0xec, 0x3d, 0xf2, 0xca, 0xd9, 0x3d, 0x4b, 0x18, 0xda, 0xbd,
  0x06, 0xee, 0x74, 0x3d, 0x0a, 0xb8, 0x0f, 0x3e, 0x92, 0xb9, 0x06, 0xbd,
  0x50, 0x93, 0xbd, 0xbd, 0x07, 0x6f, 0x21, 0x3e, 0x53, 0x6c, 0x56, 0xbd,
  0x63, 0x44, 0x60, 0xbd, 0x41, 0xd8, 0x44, 0xbd, 0x38, 0x56, 0x77, 0x3c,
  0x0a, 0x00, 0x16, 0xbd, 0xf1, 0xa6, 0x13, 0xbe, 0xac, 0x2b, 0xd0, 0x3d,
  0x62, 0xf0, 0xff, 0xff, 0x04, 0x00, 0x00, 0x00, 0xc0, 0x01, 0x00, 0x00,
  0x45, 0xc5, 0xb4, 0xbe, 0x19, 0x72, 0x70, 0xbe, 0x8a, 0xd4, 0x26, 0xbe,
  0x03, 0x24, 0xa0, 0x3e, 0x49, 0x56, 0xc8, 0xbe, 0xd9, 0xf7, 0x86, 0xbe,
  0x3e, 0xb8, 0x8d, 0xbe, 0x5b, 0xb9, 0x68, 0xbe, 0xbe, 0x19, 0xf9, 0xbe,
  0xb5, 0x58, 0xd7, 0x3c, 0x4d, 0x86, 0x38, 0xbe, 0x99, 0x00, 0x12, 0xbf,
  0x94, 0xad, 0x9a, 0xbe, 0x7f, 0x02, 0x60, 0x3e, 0x53, 0x89, 0xa0, 0xbe,
  0x77, 0x18, 0xbf, 0xbe, 0x8a, 0x26, 0x4e, 0x3e, 0xa3, 0x96, 0x85, 0xbe,
  0x39, 0x87, 0xd9, 0x3e, 0xd7, 0xe8, 0xf0, 0xbe, 0x63, 0x16, 0xec, 0x3d,
  0x8c, 0x64, 0x81, 0x3e, 0x94, 0x9f, 0xa7, 0xbe, 0x09, 0x02, 0x01, 0x3f,
  0xa6, 0x05, 0xd7, 0xbd, 0xe5, 0xd5, 0xc2, 0x3e, 0xeb, 0x6a, 0x6b, 0xbe,
  0xe8, 0x29, 0x8e, 0xbd, 0x80, 0x83, 0xa2, 0xbe, 0x5f, 0xaa, 0xfe, 0x3d,
  0x71, 0x60, 0x06, 0x3f, 0x75, 0xed, 0xce, 0xbe, 0xea, 0xaa, 0xa1, 0xbe,
  0xb2, 0x11, 0x22, 0x3c, 0x42, 0xe3, 0x9e, 0xbe, 0x56, 0xcf, 0xfe, 0x3e,
  0x02, 0xdc, 0x45, 0xbe, 0x15, 0x12, 0xbf, 0x3d, 0x36, 0x9a, 0x06, 0xbf,
  0x55, 0x9e, 0xcc, 0xbb, 0x31, 0x7d, 0x33, 0xbe, 0xc1, 0xa4, 0xb7, 0xbe,
  0xb6, 0x64, 0x35, 0x3e, 0xc9, 0x25, 0x5d, 0x3e, 0x53, 0xf6, 0xd1, 0x3e,
  0x52, 0x51, 0xa5, 0x3e, 0x08, 0xbb, 0x4f, 0x3e, 0x13, 0x49, 0x60, 0xbe,
  0xd7, 0x71, 0xd4, 0xbe, 0x19, 0x83, 0x6d, 0xbe, 0xf3, 0x47, 0xac, 0x3e,
  0xf9, 0x8b, 0x2d, 0xbe, 0x25, 0x35, 0x8d, 0x3d, 0xce, 0x6f, 0x9f, 0x3e,
  0xe9, 0xfa, 0xc7, 0xbe, 0x67, 0xe6, 0xea, 0x3e, 0xc6, 0x73, 0x0d, 0xbe,
  0x64, 0x23, 0x90, 0x3d, 0x88, 0x76, 0xb8, 0xba, 0x9b, 0xae, 0x6a, 0x3d,
  0x0d, 0x50, 0x8e, 0xbe, 0x4d, 0xeb, 0x62, 0x3d, 0x46, 0x7a, 0x02, 0x3f,
  0xaa, 0xa1, 0x09, 0x3e, 0x04, 0x33, 0x3f, 0x3e, 0xf2, 0x81, 0x8b, 0xbe,
  0x8d, 0x8b, 0x95, 0x3e, 0x6f, 0x99, 0xd8, 0xbd, 0x60, 0x95, 0x25, 0xbd,
  0xfc, 0x6c, 0x9f, 0x3e, 0xb8, 0x4f, 0xab, 0xbd, 0x45, 0x50, 0xbd, 0xbe,
  0xd2, 0xc3, 0x76, 0xbe, 0x1d, 0x51, 0xc0, 0x3e, 0xbd, 0xd8, 0x3f, 0x3e,
  0x7b, 0xf5, 0x10, 0xbe, 0xfb, 0x2d, 0x8d, 0xbe, 0x03, 0x17, 0xae, 0x3e,
  0x79, 0x5d, 0xdb, 0x3e, 0x75, 0x0c, 0x0d, 0x3f, 0x18, 0x57, 0xc6, 0x3d,
  0x4c, 0xf1, 0x97, 0xbd, 0x32, 0x68, 0xea, 0x3d, 0xfb, 0x88, 0x5f, 0x3e,
  0x0f, 0xe3, 0xf3, 0x3d, 0x73, 0x22, 0xde, 0xbc, 0x11, 0x28, 0xcb, 0x3e,
  0xb3, 0x5d, 0xce, 0x3e, 0x1c, 0xe0, 0xed, 0xbe, 0x52, 0xd7, 0x8d, 0x3e,
  0xdb, 0x3a, 0x8e, 0xbe, 0x7d, 0x50, 0x03, 0xbf, 0xa5, 0x13, 0x3d, 0xbd,
  0x30, 0x30, 0x9d, 0xbe, 0x54, 0x44, 0x12, 0xbe, 0x62, 0x95, 0x22, 0xbe,
  0xe6, 0x2f, 0xd4, 0x3e, 0x07, 0xc3, 0x19, 0x3e, 0xf1, 0xd5, 0xe8, 0xbd,
  0x44, 0x96, 0x09, 0xbf, 0xbc, 0xbf, 0xe8, 0xbe, 0x8e, 0x6c, 0xce, 0xbd,
  0xe0, 0x3c, 0x0a, 0x3f, 0x37, 0xed, 0x8b, 0xbe, 0x4e, 0xc5, 0x00, 0xbf,
  0xe4, 0xf6, 0x97, 0xbe, 0xb0, 0x7b, 0x03, 0xbd, 0xf0, 0xfd, 0x14, 0xbf,
  0x77, 0x94, 0xe3, 0xbe, 0x4d, 0xee, 0xd2, 0xbe, 0x9a, 0xa5, 0xaa, 0x3e,
  0x38, 0xf2, 0x0c, 0x3f, 0x2e, 0xf2, 0xff, 0xff, 0x04, 0x00, 0x00, 0x00,
  0x04, 0x00, 0x00, 0x00, 0x40, 0x00, 0x00, 0x00, 0x3e, 0xf2, 0xff, 0xff,
  0x04, 0x00, 0x00, 0x00, 0x1c, 0x00, 0x00, 0x00, 0xe9, 0x76, 0xd2, 0xbd,
  0x07, 0xe1, 0xdf, 0xbd, 0x44, 0xad, 0x07, 0x3e, 0x60, 0x92, 0x05, 0xbe,
  0x67, 0xcf, 0x04, 0xbe, 0x4f, 0x67, 0x00, 0xbe, 0x3b, 0x77, 0x00, 0xbe,
  0x14, 0xcd, 0xff, 0xff, 0x18, 0xcd, 0xff, 0xff, 0x0f, 0x00, 0x00, 0x00,
  0x4d, 0x4c, 0x49, 0x52, 0x20, 0x43, 0x6f, 0x6e, 0x76, 0x65, 0x72, 0x74,
  0x65, 0x64, 0x2e, 0x00, 0x01, 0x00, 0x00, 0x00, 0x14, 0x00, 0x00, 0x00,
  0x00, 0x00, 0x0e, 0x00, 0x18, 0x00, 0x14, 0x00, 0x10, 0x00, 0x0c, 0x00,
  0x08, 0x00, 0x04, 0x00, 0x0e, 0x00, 0x00, 0x00, 0x14, 0x00, 0x00, 0x00,
  0x1c, 0x00, 0x00, 0x00, 0xb4, 0x0d, 0x00, 0x00, 0xb8, 0x0d, 0x00, 0x00,
  0xbc, 0x0d, 0x00, 0x00, 0x04, 0x00, 0x00, 0x00, 0x6d, 0x61, 0x69, 0x6e,
  0x00, 0x00, 0x00, 0x00, 0x48, 0x00, 0x00, 0x00, 0x78, 0x0d, 0x00, 0x00,
  0x20, 0x0d, 0x00, 0x00, 0xd8, 0x0c, 0x00, 0x00, 0x84, 0x0c, 0x00, 0x00,
  0x60, 0x0c, 0x00, 0x00, 0x30, 0x0c, 0x00, 0x00, 0x0c, 0x0c, 0x00, 0x00,
  0xd8, 0x0b, 0x00, 0x00, 0xb4, 0x0b, 0x00, 0x00, 0x80, 0x0b, 0x00, 0x00,
  0x48, 0x0b, 0x00, 0x00, 0x24, 0x0b, 0x00, 0x00, 0xec, 0x0a, 0x00, 0x00,
  0xb8, 0x0a, 0x00, 0x00, 0x84, 0x0a, 0x00, 0x00, 0x40, 0x0a, 0x00, 0x00,
  0x1c, 0x0a, 0x00, 0x00, 0xf8, 0x09, 0x00, 0x00, 0xc4, 0x09, 0x00, 0x00,
  0xa0, 0x09, 0x00, 0x00, 0x7c, 0x09, 0x00, 0x00, 0x48, 0x09, 0x00, 0x00,
  0x14, 0x09, 0x00, 0x00, 0xf0, 0x08, 0x00, 0x00, 0xbc, 0x08, 0x00, 0x00,
  0x84, 0x08, 0x00, 0x00, 0x60, 0x08, 0x00, 0x00, 0x28, 0x08, 0x00, 0x00,
  0xf4, 0x07, 0x00, 0x00, 0xc0, 0x07, 0x00, 0x00, 0x7c, 0x07, 0x00, 0x00,
  0x58, 0x07, 0x00, 0x00, 0x34, 0x07, 0x00, 0x00, 0x00, 0x07, 0x00, 0x00,
  0xdc, 0x06, 0x00, 0x00, 0xb8, 0x06, 0x00, 0x00, 0x84, 0x06, 0x00, 0x00,
  0x50, 0x06, 0x00, 0x00, 0x2c, 0x06, 0x00, 0x00, 0xf8, 0x05, 0x00, 0x00,
  0xc0, 0x05, 0x00, 0x00, 0x9c, 0x05, 0x00, 0x00, 0x64, 0x05, 0x00, 0x00,
  0x30, 0x05, 0x00, 0x00, 0xfc, 0x04, 0x00, 0x00, 0xb8, 0x04, 0x00, 0x00,
  0x94, 0x04, 0x00, 0x00, 0x70, 0x04, 0x00, 0x00, 0x3c, 0x04, 0x00, 0x00,
  0x18, 0x04, 0x00, 0x00, 0xf4, 0x03, 0x00, 0x00, 0xc0, 0x03, 0x00, 0x00,
  0x8c, 0x03, 0x00, 0x00, 0x68, 0x03, 0x00, 0x00, 0x34, 0x03, 0x00, 0x00,
  0xfc, 0x02, 0x00, 0x00, 0xd8, 0x02, 0x00, 0x00, 0xa0, 0x02, 0x00, 0x00,
  0x6c, 0x02, 0x00, 0x00, 0x38, 0x02, 0x00, 0x00, 0xf4, 0x01, 0x00, 0x00,
  0xd0, 0x01, 0x00, 0x00, 0xac, 0x01, 0x00, 0x00, 0x78, 0x01, 0x00, 0x00,
  0x54, 0x01, 0x00, 0x00, 0x30, 0x01, 0x00, 0x00, 0xfc, 0x00, 0x00, 0x00,
  0xc8, 0x00, 0x00, 0x00, 0xa4, 0x00, 0x00, 0x00, 0x70, 0x00, 0x00, 0x00,
  0x38, 0x00, 0x00, 0x00, 0x04, 0x00, 0x00, 0x00, 0x4e, 0xf4, 0xff, 0xff,
  0x14, 0x00, 0x00, 0x00, 0x00, 0x00, 0x00, 0x09, 0x14, 0x00, 0x00, 0x00,
  0x18, 0x00, 0x00, 0x00, 0x08, 0x00, 0x00, 0x00, 0xfa, 0xf3, 0xff, 0xff,
  0x00, 0x00, 0x80, 0x3f, 0x01, 0x00, 0x00, 0x00, 0x63, 0x00, 0x00, 0x00,
  0x01, 0x00, 0x00, 0x00, 0x62, 0x00, 0x00, 0x00, 0x7e, 0xf4, 0xff, 0xff,
  0x14, 0x00, 0x00, 0x00, 0x00, 0x00, 0x00, 0x08, 0x10, 0x00, 0x00, 0x00,
  0x14, 0x00, 0x00, 0x00, 0x02, 0x00, 0x00, 0x00, 0xd8, 0xce, 0xff, 0xff,
  0x01, 0x00, 0x00, 0x00, 0x62, 0x00, 0x00, 0x00, 0x03, 0x00, 0x00, 0x00,
  0x61, 0x00, 0x00, 0x00, 0x03, 0x00, 0x00, 0x00, 0x01, 0x00, 0x00, 0x00,
  0xb2, 0xf4, 0xff, 0xff, 0x14, 0x00, 0x00, 0x00, 0x00, 0x00, 0x00, 0x15,
  0x10, 0x00, 0x00, 0x00, 0x14, 0x00, 0x00, 0x00, 0x06, 0x00, 0x00, 0x00,
  0x0c, 0xcf, 0xff, 0xff, 0x01, 0x00, 0x00, 0x00, 0x61, 0x00, 0x00, 0x00,
  0x02, 0x00, 0x00, 0x00, 0x5c, 0x00, 0x00, 0x00, 0x60, 0x00, 0x00, 0x00,
  0x4e, 0xf5, 0xff, 0xff, 0x0c, 0x00, 0x00, 0x00, 0x10, 0x00, 0x00, 0x00,
  0x05, 0x00, 0x00, 0x00, 0x01, 0x00, 0x00, 0x00, 0x60, 0x00, 0x00, 0x00,
  0x01, 0x00, 0x00, 0x00, 0x5f, 0x00, 0x00, 0x00, 0x02, 0xf5, 0xff, 0xff,
  0x14, 0x00, 0x00, 0x00, 0x00, 0x00, 0x00, 0x0b, 0x10, 0x00, 0x00, 0x00,
  0x14, 0x00, 0x00, 0x00, 0x07, 0x00, 0x00, 0x00, 0x5c, 0xcf, 0xff, 0xff,
  0x01, 0x00, 0x00, 0x00, 0x5f, 0x00, 0x00, 0x00, 0x02, 0x00, 0x00, 0x00,
  0x5b, 0x00, 0x00, 0x00, 0x5e, 0x00, 0x00, 0x00, 0x32, 0xf5, 0xff, 0xff,
  0x14, 0x00, 0x00, 0x00, 0x00, 0x00, 0x00, 0x15, 0x10, 0x00, 0x00, 0x00,
  0x14, 0x00, 0x00, 0x00, 0x06, 0x00, 0x00, 0x00, 0x8c, 0xcf, 0xff, 0xff,
  0x01, 0x00, 0x00, 0x00, 0x5e, 0x00, 0x00, 0x00, 0x02, 0x00, 0x00, 0x00,
  0x59, 0x00, 0x00, 0x00, 0x5d, 0x00, 0x00, 0x00, 0xce, 0xf5, 0xff, 0xff,
  0x0c, 0x00, 0x00, 0x00, 0x10, 0x00, 0x00, 0x00, 0x05, 0x00, 0x00, 0x00,
  0x01, 0x00, 0x00, 0x00, 0x5d, 0x00, 0x00, 0x00, 0x01, 0x00, 0x00, 0x00,
  0x57, 0x00, 0x00, 0x00, 0xee, 0xf5, 0xff, 0xff, 0x0c, 0x00, 0x00, 0x00,
  0x10, 0x00, 0x00, 0x00, 0x04, 0x00, 0x00, 0x00, 0x01, 0x00, 0x00, 0x00,
  0x5c, 0x00, 0x00, 0x00, 0x01, 0x00, 0x00, 0x00, 0x58, 0x00, 0x00, 0x00,
  0xa2, 0xf5, 0xff, 0xff, 0x14, 0x00, 0x00, 0x00, 0x00, 0x00, 0x00, 0x15,
  0x10, 0x00, 0x00, 0x00, 0x14, 0x00, 0x00, 0x00, 0x06, 0x00, 0x00, 0x00,
  0xfc, 0xcf, 0xff, 0xff, 0x01, 0x00, 0x00, 0x00, 0x5b, 0x00, 0x00, 0x00,
  0x02, 0x00, 0x00, 0x00, 0x5a, 0x00, 0x00, 0x00, 0x4d, 0x00, 0x00, 0x00,
  0x3e, 0xf6, 0xff, 0xff, 0x0c, 0x00, 0x00, 0x00, 0x10, 0x00, 0x00, 0x00,
  0x04, 0x00, 0x00, 0x00, 0x01, 0x00, 0x00, 0x00, 0x5a, 0x00, 0x00, 0x00,
  0x01, 0x00, 0x00, 0x00, 0x56, 0x00, 0x00, 0x00, 0x5e, 0xf6, 0xff, 0xff,
  0x0c, 0x00, 0x00, 0x00, 0x10, 0x00, 0x00, 0x00, 0x04, 0x00, 0x00, 0x00,
  0x01, 0x00, 0x00, 0x00, 0x59, 0x00, 0x00, 0x00, 0x01, 0x00, 0x00, 0x00,
  0x55, 0x00, 0x00, 0x00, 0x12, 0xf6, 0xff, 0xff, 0x14, 0x00, 0x00, 0x00,
  0x00, 0x00, 0x00, 0x23, 0x14, 0x00, 0x00, 0x00, 0x24, 0x00, 0x00, 0x00,
  0x03, 0x00, 0x00, 0x00, 0xbe, 0xf5, 0xff, 0xff, 0x04, 0x00, 0x00, 0x00,
  0x04, 0x00, 0x00, 0x00, 0x55, 0x00, 0x00, 0x00, 0x56, 0x00, 0x00, 0x00,
  0x57, 0x00, 0x00, 0x00, 0x58, 0x00, 0x00, 0x00, 0x02, 0x00, 0x00, 0x00,
  0x07, 0x00, 0x00, 0x00, 0x54, 0x00, 0x00, 0x00, 0x52, 0xf6, 0xff, 0xff,
  0x14, 0x00, 0x00, 0x00, 0x00, 0x00, 0x00, 0x0b, 0x10, 0x00, 0x00, 0x00,
  0x14, 0x00, 0x00, 0x00, 0x07, 0x00, 0x00, 0x00, 0xac, 0xd0, 0xff, 0xff,
  0x01, 0x00, 0x00, 0x00, 0x54, 0x00, 0x00, 0x00, 0x02, 0x00, 0x00, 0x00,
  0x53, 0x00, 0x00, 0x00, 0x06, 0x00, 0x00, 0x00, 0x82, 0xf6, 0xff, 0xff,
  0x14, 0x00, 0x00, 0x00, 0x00, 0x00, 0x00, 0x0b, 0x10, 0x00, 0x00, 0x00,
  0x14, 0x00, 0x00, 0x00, 0x07, 0x00, 0x00, 0x00, 0xdc, 0xd0, 0xff, 0xff,
  0x01, 0x00, 0x00, 0x00, 0x53, 0x00, 0x00, 0x00, 0x02, 0x00, 0x00, 0x00,
  0x52, 0x00, 0x00, 0x00, 0x51, 0x00, 0x00, 0x00, 0xb2, 0xf6, 0xff, 0xff,
  0x14, 0x00, 0x00, 0x00, 0x00, 0x00, 0x00, 0x08, 0x10, 0x00, 0x00, 0x00,
  0x14, 0x00, 0x00, 0x00, 0x02, 0x00, 0x00, 0x00, 0x0c, 0xd1, 0xff, 0xff,
  0x01, 0x00, 0x00, 0x00, 0x52, 0x00, 0x00, 0x00, 0x03, 0x00, 0x00, 0x00,
  0x0e, 0x00, 0x00, 0x00, 0x05, 0x00, 0x00, 0x00, 0xff, 0xff, 0xff, 0xff,
  0x4a, 0xf6, 0xff, 0xff, 0x08, 0x00, 0x00, 0x00, 0x0c, 0x00, 0x00, 0x00,
  0x01, 0x00, 0x00, 0x00, 0x51, 0x00, 0x00, 0x00, 0x02, 0x00, 0x00, 0x00,
  0x50, 0x00, 0x00, 0x00, 0x02, 0x00, 0x00, 0x00, 0x06, 0xf7, 0xff, 0xff,
  0x14, 0x00, 0x00, 0x00, 0x00, 0x00, 0x00, 0x08, 0x10, 0x00, 0x00, 0x00,
  0x14, 0x00, 0x00, 0x00, 0x02, 0x00, 0x00, 0x00, 0x60, 0xd1, 0xff, 0xff,
  0x01, 0x00, 0x00, 0x00, 0x50, 0x00, 0x00, 0x00, 0x03, 0x00, 0x00, 0x00,
  0x4f, 0x00, 0x00, 0x00, 0x04, 0x00, 0x00, 0x00, 0xff, 0xff, 0xff, 0xff,
  0x3a, 0xf7, 0xff, 0xff, 0x14, 0x00, 0x00, 0x00, 0x00, 0x00, 0x00, 0x15,
  0x10, 0x00, 0x00, 0x00, 0x14, 0x00, 0x00, 0x00, 0x06, 0x00, 0x00, 0x00,
  0x94, 0xd1, 0xff, 0xff, 0x01, 0x00, 0x00, 0x00, 0x4f, 0x00, 0x00, 0x00,
  0x02, 0x00, 0x00, 0x00, 0x4a, 0x00, 0x00, 0x00, 0x4e, 0x00, 0x00, 0x00,
  0xd6, 0xf7, 0xff, 0xff, 0x0c, 0x00, 0x00, 0x00, 0x10, 0x00, 0x00, 0x00,
  0x05, 0x00, 0x00, 0x00, 0x01, 0x00, 0x00, 0x00, 0x4e, 0x00, 0x00, 0x00,
  0x01, 0x00, 0x00, 0x00, 0x4d, 0x00, 0x00, 0x00, 0x8a, 0xf7, 0xff, 0xff,
  0x14, 0x00, 0x00, 0x00, 0x00, 0x00, 0x00, 0x0b, 0x10, 0x00, 0x00, 0x00,
  0x14, 0x00, 0x00, 0x00, 0x07, 0x00, 0x00, 0x00, 0xe4, 0xd1, 0xff, 0xff,
  0x01, 0x00, 0x00, 0x00, 0x4d, 0x00, 0x00, 0x00, 0x02, 0x00, 0x00, 0x00,
  0x49, 0x00, 0x00, 0x00, 0x4c, 0x00, 0x00, 0x00, 0xba, 0xf7, 0xff, 0xff,
  0x14, 0x00, 0x00, 0x00, 0x00, 0x00, 0x00, 0x15, 0x10, 0x00, 0x00, 0x00,
  0x14, 0x00, 0x00, 0x00, 0x06, 0x00, 0x00, 0x00, 0x14, 0xd2, 0xff, 0xff,
  0x01, 0x00, 0x00, 0x00, 0x4c, 0x00, 0x00, 0x00, 0x02, 0x00, 0x00, 0x00,
  0x47, 0x00, 0x00, 0x00, 0x4b, 0x00, 0x00, 0x00, 0x56, 0xf8, 0xff, 0xff,
  0x0c, 0x00, 0x00, 0x00, 0x10, 0x00, 0x00, 0x00, 0x05, 0x00, 0x00, 0x00,
  0x01, 0x00, 0x00, 0x00, 0x4b, 0x00, 0x00, 0x00, 0x01, 0x00, 0x00, 0x00,
  0x45, 0x00, 0x00, 0x00, 0x76, 0xf8, 0xff, 0xff, 0x0c, 0x00, 0x00, 0x00,
  0x10, 0x00, 0x00, 0x00, 0x04, 0x00, 0x00, 0x00, 0x01, 0x00, 0x00, 0x00,
  0x4a, 0x00, 0x00, 0x00, 0x01, 0x00, 0x00, 0x00, 0x46, 0x00, 0x00, 0x00,
  0x2a, 0xf8, 0xff, 0xff, 0x14, 0x00, 0x00, 0x00, 0x00, 0x00, 0x00, 0x15,
  0x10, 0x00, 0x00, 0x00, 0x14, 0x00, 0x00, 0x00, 0x06, 0x00, 0x00, 0x00,
  0x84, 0xd2, 0xff, 0xff, 0x01, 0x00, 0x00, 0x00, 0x49, 0x00, 0x00, 0x00,
  0x02, 0x00, 0x00, 0x00, 0x48, 0x00, 0x00, 0x00, 0x3b, 0x00, 0x00, 0x00,
  0xc6, 0xf8, 0xff, 0xff, 0x0c, 0x00, 0x00, 0x00, 0x10, 0x00, 0x00, 0x00,
  0x04, 0x00, 0x00, 0x00, 0x01, 0x00, 0x00, 0x00, 0x48, 0x00, 0x00, 0x00,
  0x01, 0x00, 0x00, 0x00, 0x44, 0x00, 0x00, 0x00, 0xe6, 0xf8, 0xff, 0xff,
  0x0c, 0x00, 0x00, 0x00, 0x10, 0x00, 0x00, 0x00, 0x04, 0x00, 0x00, 0x00,
  0x01, 0x00, 0x00, 0x00, 0x47, 0x00, 0x00, 0x00, 0x01, 0x00, 0x00, 0x00,
  0x43, 0x00, 0x00, 0x00, 0x9a, 0xf8, 0xff, 0xff, 0x14, 0x00, 0x00, 0x00,
  0x00, 0x00, 0x00, 0x23, 0x14, 0x00, 0x00, 0x00, 0x24, 0x00, 0x00, 0x00,
  0x03, 0x00, 0x00, 0x00, 0x46, 0xf8, 0xff, 0xff, 0x04, 0x00, 0x00, 0x00,
  0x04, 0x00, 0x00, 0x00, 0x43, 0x00, 0x00, 0x00, 0x44, 0x00, 0x00, 0x00,
  0x45, 0x00, 0x00, 0x00, 0x46, 0x00, 0x00, 0x00, 0x02, 0x00, 0x00, 0x00,
  0x07, 0x00, 0x00, 0x00, 0x42, 0x00, 0x00, 0x00, 0xda, 0xf8, 0xff, 0xff,
  0x14, 0x00, 0x00, 0x00, 0x00, 0x00, 0x00, 0x0b, 0x10, 0x00, 0x00, 0x00,
  0x14, 0x00, 0x00, 0x00, 0x07, 0x00, 0x00, 0x00, 0x34, 0xd3, 0xff, 0xff,
  0x01, 0x00, 0x00, 0x00, 0x42, 0x00, 0x00, 0x00, 0x02, 0x00, 0x00, 0x00,
  0x41, 0x00, 0x00, 0x00, 0x06, 0x00, 0x00, 0x00, 0x0a, 0xf9, 0xff, 0xff,
  0x14, 0x00, 0x00, 0x00, 0x00, 0x00, 0x00, 0x0b, 0x10, 0x00, 0x00, 0x00,
  0x14, 0x00, 0x00, 0x00, 0x07, 0x00, 0x00, 0x00, 0x64, 0xd3, 0xff, 0xff,
  0x01, 0x00, 0x00, 0x00, 0x41, 0x00, 0x00, 0x00, 0x02, 0x00, 0x00, 0x00,
  0x40, 0x00, 0x00, 0x00, 0x3f, 0x00, 0x00, 0x00, 0x3a, 0xf9, 0xff, 0xff,
  0x14, 0x00, 0x00, 0x00, 0x00, 0x00, 0x00, 0x08, 0x10, 0x00, 0x00, 0x00,
  0x14, 0x00, 0x00, 0x00, 0x02, 0x00, 0x00, 0x00, 0x94, 0xd3, 0xff, 0xff,
  0x01, 0x00, 0x00, 0x00, 0x40, 0x00, 0x00, 0x00, 0x03, 0x00, 0x00, 0x00,
  0x0d, 0x00, 0x00, 0x00, 0x05, 0x00, 0x00, 0x00, 0xff, 0xff, 0xff, 0xff,
  0xd2, 0xf8, 0xff, 0xff, 0x08, 0x00, 0x00, 0x00, 0x0c, 0x00, 0x00, 0x00,
  0x01, 0x00, 0x00, 0x00, 0x3f, 0x00, 0x00, 0x00, 0x02, 0x00, 0x00, 0x00,
  0x3e, 0x00, 0x00, 0x00, 0x02, 0x00, 0x00, 0x00, 0x8e, 0xf9, 0xff, 0xff,
  0x14, 0x00, 0x00, 0x00, 0x00, 0x00, 0x00, 0x08, 0x10, 0x00, 0x00, 0x00,
  0x14, 0x00, 0x00, 0x00, 0x02, 0x00, 0x00, 0x00, 0xe8, 0xd3, 0xff, 0xff,
  0x01, 0x00, 0x00, 0x00, 0x3e, 0x00, 0x00, 0x00, 0x03, 0x00, 0x00, 0x00,
  0x3d, 0x00, 0x00, 0x00, 0x04, 0x00, 0x00, 0x00, 0xff, 0xff, 0xff, 0xff,
  0xc2, 0xf9, 0xff, 0xff, 0x14, 0x00, 0x00, 0x00, 0x00, 0x00, 0x00, 0x15,
  0x10, 0x00, 0x00, 0x00, 0x14, 0x00, 0x00, 0x00, 0x06, 0x00, 0x00, 0x00,
  0x1c, 0xd4, 0xff, 0xff, 0x01, 0x00, 0x00, 0x00, 0x3d, 0x00, 0x00, 0x00,
  0x02, 0x00, 0x00, 0x00, 0x38, 0x00, 0x00, 0x00, 0x3c, 0x00, 0x00, 0x00,
  0x5e, 0xfa, 0xff, 0xff, 0x0c, 0x00, 0x00, 0x00, 0x10, 0x00, 0x00, 0x00,
  0x05, 0x00, 0x00, 0x00, 0x01, 0x00, 0x00, 0x00, 0x3c, 0x00, 0x00, 0x00,
  0x01, 0x00, 0x00, 0x00, 0x3b, 0x00, 0x00, 0x00, 0x12, 0xfa, 0xff, 0xff,
  0x14, 0x00, 0x00, 0x00, 0x00, 0x00, 0x00, 0x0b, 0x10, 0x00, 0x00, 0x00,
  0x14, 0x00, 0x00, 0x00, 0x07, 0x00, 0x00, 0x00, 0x6c, 0xd4, 0xff, 0xff,
  0x01, 0x00, 0x00, 0x00, 0x3b, 0x00, 0x00, 0x00, 0x02, 0x00, 0x00, 0x00,
  0x37, 0x00, 0x00, 0x00, 0x3a, 0x00, 0x00, 0x00, 0x42, 0xfa, 0xff, 0xff,
  0x14, 0x00, 0x00, 0x00, 0x00, 0x00, 0x00, 0x15, 0x10, 0x00, 0x00, 0x00,
  0x14, 0x00, 0x00, 0x00, 0x06, 0x00, 0x00, 0x00, 0x9c, 0xd4, 0xff, 0xff,
  0x01, 0x00, 0x00, 0x00, 0x3a, 0x00, 0x00, 0x00, 0x02, 0x00, 0x00, 0x00,
  0x35, 0x00, 0x00, 0x00, 0x39, 0x00, 0x00, 0x00, 0xde, 0xfa, 0xff, 0xff,
  0x0c, 0x00, 0x00, 0x00, 0x10, 0x00, 0x00, 0x00, 0x05, 0x00, 0x00, 0x00,
  0x01, 0x00, 0x00, 0x00, 0x39, 0x00, 0x00, 0x00, 0x01, 0x00, 0x00, 0x00,
  0x33, 0x00, 0x00, 0x00, 0xfe, 0xfa, 0xff, 0xff, 0x0c, 0x00, 0x00, 0x00,
  0x10, 0x00, 0x00, 0x00, 0x04, 0x00, 0x00, 0x00, 0x01, 0x00, 0x00, 0x00,
  0x38, 0x00, 0x00, 0x00, 0x01, 0x00, 0x00, 0x00, 0x34, 0x00, 0x00, 0x00,
  0xb2, 0xfa, 0xff, 0xff, 0x14, 0x00, 0x00, 0x00, 0x00, 0x00, 0x00, 0x15,
  0x10, 0x00, 0x00, 0x00, 0x14, 0x00, 0x00, 0x00, 0x06, 0x00, 0x00, 0x00,
  0x0c, 0xd5, 0xff, 0xff, 0x01, 0x00, 0x00, 0x00, 0x37, 0x00, 0x00, 0x00,
  0x02, 0x00, 0x00, 0x00, 0x36, 0x00, 0x00, 0x00, 0x29, 0x00, 0x00, 0x00,
  0x4e, 0xfb, 0xff, 0xff, 0x0c, 0x00, 0x00, 0x00, 0x10, 0x00, 0x00, 0x00,
  0x04, 0x00, 0x00, 0x00, 0x01, 0x00, 0x00, 0x00, 0x36, 0x00, 0x00, 0x00,
  0x01, 0x00, 0x00, 0x00, 0x32, 0x00, 0x00, 0x00, 0x6e, 0xfb, 0xff, 0xff,
  0x0c, 0x00, 0x00, 0x00, 0x10, 0x00, 0x00, 0x00, 0x04, 0x00, 0x00, 0x00,
  0x01, 0x00, 0x00, 0x00, 0x35, 0x00, 0x00, 0x00, 0x01, 0x00, 0x00, 0x00,
  0x31, 0x00, 0x00, 0x00, 0x22, 0xfb, 0xff, 0xff, 0x14, 0x00, 0x00, 0x00,
  0x00, 0x00, 0x00, 0x23, 0x14, 0x00, 0x00, 0x00, 0x24, 0x00, 0x00, 0x00,
  0x03, 0x00, 0x00, 0x00, 0xce, 0xfa, 0xff, 0xff, 0x04, 0x00, 0x00, 0x00,
  0x04, 0x00, 0x00, 0x00, 0x31, 0x00, 0x00, 0x00, 0x32, 0x00, 0x00, 0x00,
  0x33, 0x00, 0x00, 0x00, 0x34, 0x00, 0x00, 0x00, 0x02, 0x00, 0x00, 0x00,
  0x07, 0x00, 0x00, 0x00, 0x30, 0x00, 0x00, 0x00, 0x62, 0xfb, 0xff, 0xff,
  0x14, 0x00, 0x00, 0x00, 0x00, 0x00, 0x00, 0x0b, 0x10, 0x00, 0x00, 0x00,
  0x14, 0x00, 0x00, 0x00, 0x07, 0x00, 0x00, 0x00, 0xbc, 0xd5, 0xff, 0xff,
  0x01, 0x00, 0x00, 0x00, 0x30, 0x00, 0x00, 0x00, 0x02, 0x00, 0x00, 0x00,
  0x2f, 0x00, 0x00, 0x00, 0x06, 0x00, 0x00, 0x00, 0x92, 0xfb, 0xff, 0xff,
  0x14, 0x00, 0x00, 0x00, 0x00, 0x00, 0x00, 0x0b, 0x10, 0x00, 0x00, 0x00,
  0x14, 0x00, 0x00, 0x00, 0x07, 0x00, 0x00, 0x00, 0xec, 0xd5, 0xff, 0xff,
  0x01, 0x00, 0x00, 0x00, 0x2f, 0x00, 0x00, 0x00, 0x02, 0x00, 0x00, 0x00,
  0x2e, 0x00, 0x00, 0x00, 0x2d, 0x00, 0x00, 0x00, 0xc2, 0xfb, 0xff, 0xff,
  0x14, 0x00, 0x00, 0x00, 0x00, 0x00, 0x00, 0x08, 0x10, 0x00, 0x00, 0x00,
  0x14, 0x00, 0x00, 0x00, 0x02, 0x00, 0x00, 0x00, 0x1c, 0xd6, 0xff, 0xff,
  0x01, 0x00, 0x00, 0x00, 0x2e, 0x00, 0x00, 0x00, 0x03, 0x00, 0x00, 0x00,
  0x0c, 0x00, 0x00, 0x00, 0x05, 0x00, 0x00, 0x00, 0xff, 0xff, 0xff, 0xff,
  0x5a, 0xfb, 0xff, 0xff, 0x08, 0x00, 0x00, 0x00, 0x0c, 0x00, 0x00, 0x00,
  0x01, 0x00, 0x00, 0x00, 0x2d, 0x00, 0x00, 0x00, 0x02, 0x00, 0x00, 0x00,
  0x2c, 0x00, 0x00, 0x00, 0x02, 0x00, 0x00, 0x00, 0x16, 0xfc, 0xff, 0xff,
  0x14, 0x00, 0x00, 0x00, 0x00, 0x00, 0x00, 0x08, 0x10, 0x00, 0x00, 0x00,
  0x14, 0x00, 0x00, 0x00, 0x02, 0x00, 0x00, 0x00, 0x70, 0xd6, 0xff, 0xff,
  0x01, 0x00, 0x00, 0x00, 0x2c, 0x00, 0x00, 0x00, 0x03, 0x00, 0x00, 0x00,
  0x2b, 0x00, 0x00, 0x00, 0x04, 0x00, 0x00, 0x00, 0xff, 0xff, 0xff, 0xff,
  0x4a, 0xfc, 0xff, 0xff, 0x14, 0x00, 0x00, 0x00, 0x00, 0x00, 0x00, 0x15,
  0x10, 0x00, 0x00, 0x00, 0x14, 0x00, 0x00, 0x00, 0x06, 0x00, 0x00, 0x00,
  0xa4, 0xd6, 0xff, 0xff, 0x01, 0x00, 0x00, 0x00, 0x2b, 0x00, 0x00, 0x00,
  0x02, 0x00, 0x00, 0x00, 0x26, 0x00, 0x00, 0x00, 0x2a, 0x00, 0x00, 0x00,
  0xe6, 0xfc, 0xff, 0xff, 0x0c, 0x00, 0x00, 0x00, 0x10, 0x00, 0x00, 0x00,
  0x05, 0x00, 0x00, 0x00, 0x01, 0x00, 0x00, 0x00, 0x2a, 0x00, 0x00, 0x00,
  0x01, 0x00, 0x00, 0x00, 0x29, 0x00, 0x00, 0x00, 0x9a, 0xfc, 0xff, 0xff,
  0x14, 0x00, 0x00, 0x00, 0x00, 0x00, 0x00, 0x0b, 0x10, 0x00, 0x00, 0x00,
  0x14, 0x00, 0x00, 0x00, 0x07, 0x00, 0x00, 0x00, 0xf4, 0xd6, 0xff, 0xff,
  0x01, 0x00, 0x00, 0x00, 0x29, 0x00, 0x00, 0x00, 0x02, 0x00, 0x00, 0x00,
  0x25, 0x00, 0x00, 0x00, 0x28, 0x00, 0x00, 0x00, 0xca, 0xfc, 0xff, 0xff,
  0x14, 0x00, 0x00, 0x00, 0x00, 0x00, 0x00, 0x15, 0x10, 0x00, 0x00, 0x00,
  0x14, 0x00, 0x00, 0x00, 0x06, 0x00, 0x00, 0x00, 0x24, 0xd7, 0xff, 0xff,
  0x01, 0x00, 0x00, 0x00, 0x28, 0x00, 0x00, 0x00, 0x02, 0x00, 0x00, 0x00,
  0x23, 0x00, 0x00, 0x00, 0x27, 0x00, 0x00, 0x00, 0x66, 0xfd, 0xff, 0xff,
  0x0c, 0x00, 0x00, 0x00, 0x10, 0x00, 0x00, 0x00, 0x05, 0x00, 0x00, 0x00,
  0x01, 0x00, 0x00, 0x00, 0x27, 0x00, 0x00, 0x00, 0x01, 0x00, 0x00, 0x00,
  0x21, 0x00, 0x00, 0x00, 0x86, 0xfd, 0xff, 0xff, 0x0c, 0x00, 0x00, 0x00,
  0x10, 0x00, 0x00, 0x00, 0x04, 0x00, 0x00, 0x00, 0x01, 0x00, 0x00, 0x00,
  0x26, 0x00, 0x00, 0x00, 0x01, 0x00, 0x00, 0x00, 0x22, 0x00, 0x00, 0x00,
  0x3a, 0xfd, 0xff, 0xff, 0x14, 0x00, 0x00, 0x00, 0x00, 0x00, 0x00, 0x15,
  0x10, 0x00, 0x00, 0x00, 0x14, 0x00, 0x00, 0x00, 0x06, 0x00, 0x00, 0x00,
  0x94, 0xd7, 0xff, 0xff, 0x01, 0x00, 0x00, 0x00, 0x25, 0x00, 0x00, 0x00,
  0x02, 0x00, 0x00, 0x00, 0x24, 0x00, 0x00, 0x00, 0x17, 0x00, 0x00, 0x00,
  0xd6, 0xfd, 0xff, 0xff, 0x0c, 0x00, 0x00, 0x00, 0x10, 0x00, 0x00, 0x00,
  0x04, 0x00, 0x00, 0x00, 0x01, 0x00, 0x00, 0x00, 0x24, 0x00, 0x00, 0x00,
  0x01, 0x00, 0x00, 0x00, 0x20, 0x00, 0x00, 0x00, 0xf6, 0xfd, 0xff, 0xff,
  0x0c, 0x00, 0x00, 0x00, 0x10, 0x00, 0x00, 0x00, 0x04, 0x00, 0x00, 0x00,
  0x01, 0x00, 0x00, 0x00, 0x23, 0x00, 0x00, 0x00, 0x01, 0x00, 0x00, 0x00,
  0x1f, 0x00, 0x00, 0x00, 0xaa, 0xfd, 0xff, 0xff, 0x14, 0x00, 0x00, 0x00,
  0x00, 0x00, 0x00, 0x23, 0x14, 0x00, 0x00, 0x00, 0x24, 0x00, 0x00, 0x00,
  0x03, 0x00, 0x00, 0x00, 0x56, 0xfd, 0xff, 0xff, 0x04, 0x00, 0x00, 0x00,
  0x04, 0x00, 0x00, 0x00, 0x1f, 0x00, 0x00, 0x00, 0x20, 0x00, 0x00, 0x00,
  0x21, 0x00, 0x00, 0x00, 0x22, 0x00, 0x00, 0x00, 0x02, 0x00, 0x00, 0x00,
  0x07, 0x00, 0x00, 0x00, 0x1e, 0x00, 0x00, 0x00, 0xea, 0xfd, 0xff, 0xff,
  0x14, 0x00, 0x00, 0x00, 0x00, 0x00, 0x00, 0x0b, 0x10, 0x00, 0x00, 0x00,
  0x14, 0x00, 0x00, 0x00, 0x07, 0x00, 0x00, 0x00, 0x44, 0xd8, 0xff, 0xff,
  0x01, 0x00, 0x00, 0x00, 0x1e, 0x00, 0x00, 0x00, 0x02, 0x00, 0x00, 0x00,
  0x1d, 0x00, 0x00, 0x00, 0x06, 0x00, 0x00, 0x00, 0x1a, 0xfe, 0xff, 0xff,
  0x14, 0x00, 0x00, 0x00, 0x00, 0x00, 0x00, 0x0b, 0x10, 0x00, 0x00, 0x00,
  0x14, 0x00, 0x00, 0x00, 0x07, 0x00, 0x00, 0x00, 0x74, 0xd8, 0xff, 0xff,
  0x01, 0x00, 0x00, 0x00, 0x1d, 0x00, 0x00, 0x00, 0x02, 0x00, 0x00, 0x00,
  0x1c, 0x00, 0x00, 0x00, 0x1b, 0x00, 0x00, 0x00, 0x4a, 0xfe, 0xff, 0xff,
  0x14, 0x00, 0x00, 0x00, 0x00, 0x00, 0x00, 0x08, 0x10, 0x00, 0x00, 0x00,
  0x14, 0x00, 0x00, 0x00, 0x02, 0x00, 0x00, 0x00, 0xa4, 0xd8, 0xff, 0xff,
  0x01, 0x00, 0x00, 0x00, 0x1c, 0x00, 0x00, 0x00, 0x03, 0x00, 0x00, 0x00,
  0x0b, 0x00, 0x00, 0x00, 0x05, 0x00, 0x00, 0x00, 0xff, 0xff, 0xff, 0xff,
  0xe2, 0xfd, 0xff, 0xff, 0x08, 0x00, 0x00, 0x00, 0x0c, 0x00, 0x00, 0x00,
  0x01, 0x00, 0x00, 0x00, 0x1b, 0x00, 0x00, 0x00, 0x02, 0x00, 0x00, 0x00,
  0x1a, 0x00, 0x00, 0x00, 0x02, 0x00, 0x00, 0x00, 0x9e, 0xfe, 0xff, 0xff,
  0x14, 0x00, 0x00, 0x00, 0x00, 0x00, 0x00, 0x08, 0x10, 0x00, 0x00, 0x00,
  0x14, 0x00, 0x00, 0x00, 0x02, 0x00, 0x00, 0x00, 0xf8, 0xd8, 0xff, 0xff,
  0x01, 0x00, 0x00, 0x00, 0x1a, 0x00, 0x00, 0x00, 0x03, 0x00, 0x00, 0x00,
  0x19, 0x00, 0x00, 0x00, 0x04, 0x00, 0x00, 0x00, 0xff, 0xff, 0xff, 0xff,
  0xd2, 0xfe, 0xff, 0xff, 0x14, 0x00, 0x00, 0x00, 0x00, 0x00, 0x00, 0x15,
  0x10, 0x00, 0x00, 0x00, 0x14, 0x00, 0x00, 0x00, 0x06, 0x00, 0x00, 0x00,
  0x2c, 0xd9, 0xff, 0xff, 0x01, 0x00, 0x00, 0x00, 0x19, 0x00, 0x00, 0x00,
  0x02, 0x00, 0x00, 0x00, 0x15, 0x00, 0x00, 0x00, 0x18, 0x00, 0x00, 0x00,
  0x6e, 0xff, 0xff, 0xff, 0x0c, 0x00, 0x00, 0x00, 0x10, 0x00, 0x00, 0x00,
  0x05, 0x00, 0x00, 0x00, 0x01, 0x00, 0x00, 0x00, 0x18, 0x00, 0x00, 0x00,
  0x01, 0x00, 0x00, 0x00, 0x17, 0x00, 0x00, 0x00, 0x22, 0xff, 0xff, 0xff,
  0x14, 0x00, 0x00, 0x00, 0x00, 0x00, 0x00, 0x15, 0x10, 0x00, 0x00, 0x00,
  0x14, 0x00, 0x00, 0x00, 0x06, 0x00, 0x00, 0x00, 0x7c, 0xd9, 0xff, 0xff,
  0x01, 0x00, 0x00, 0x00, 0x17, 0x00, 0x00, 0x00, 0x02, 0x00, 0x00, 0x00,
  0x14, 0x00, 0x00, 0x00, 0x16, 0x00, 0x00, 0x00, 0xbe, 0xff, 0xff, 0xff,
  0x0c, 0x00, 0x00, 0x00, 0x10, 0x00, 0x00, 0x00, 0x05, 0x00, 0x00, 0x00,
  0x01, 0x00, 0x00, 0x00, 0x16, 0x00, 0x00, 0x00, 0x01, 0x00, 0x00, 0x00,
  0x12, 0x00, 0x00, 0x00, 0xde, 0xff, 0xff, 0xff, 0x0c, 0x00, 0x00, 0x00,
  0x10, 0x00, 0x00, 0x00, 0x04, 0x00, 0x00, 0x00, 0x01, 0x00, 0x00, 0x00,
  0x15, 0x00, 0x00, 0x00, 0x01, 0x00, 0x00, 0x00, 0x13, 0x00, 0x00, 0x00,
  0x00, 0x00, 0x0a, 0x00, 0x10, 0x00, 0x0c, 0x00, 0x08, 0x00, 0x04, 0x00,
  0x0a, 0x00, 0x00, 0x00, 0x0c, 0x00, 0x00, 0x00, 0x10, 0x00, 0x00, 0x00,
  0x04, 0x00, 0x00, 0x00, 0x01, 0x00, 0x00, 0x00, 0x14, 0x00, 0x00, 0x00,
  0x01, 0x00, 0x00, 0x00, 0x10, 0x00, 0x00, 0x00, 0xbe, 0xff, 0xff, 0xff,
  0x14, 0x00, 0x00, 0x00, 0x00, 0x00, 0x00, 0x23, 0x14, 0x00, 0x00, 0x00,
  0x24, 0x00, 0x00, 0x00, 0x03, 0x00, 0x00, 0x00, 0x6a, 0xff, 0xff, 0xff,
  0x04, 0x00, 0x00, 0x00, 0x04, 0x00, 0x00, 0x00, 0x10, 0x00, 0x00, 0x00,
  0x11, 0x00, 0x00, 0x00, 0x12, 0x00, 0x00, 0x00, 0x13, 0x00, 0x00, 0x00,
  0x02, 0x00, 0x00, 0x00, 0x07, 0x00, 0x00, 0x00, 0x0f, 0x00, 0x00, 0x00,
  0x00, 0x00, 0x0e, 0x00, 0x18, 0x00, 0x14, 0x00, 0x10, 0x00, 0x0c, 0x00,
  0x0b, 0x00, 0x04, 0x00, 0x0e, 0x00, 0x00, 0x00, 0x14, 0x00, 0x00, 0x00,
  0x00, 0x00, 0x00, 0x08, 0x10, 0x00, 0x00, 0x00, 0x14, 0x00, 0x00, 0x00,
  0x02, 0x00, 0x00, 0x00, 0x68, 0xda, 0xff, 0xff, 0x01, 0x00, 0x00, 0x00,
  0x0f, 0x00, 0x00, 0x00, 0x03, 0x00, 0x00, 0x00, 0x0a, 0x00, 0x00, 0x00,
  0x05, 0x00, 0x00, 0x00, 0x06, 0x00, 0x00, 0x00, 0x00, 0x00, 0x0e, 0x00,
  0x1a, 0x00, 0x14, 0x00, 0x10, 0x00, 0x0c, 0x00, 0x0b, 0x00, 0x04, 0x00,
  0x0e, 0x00, 0x00, 0x00, 0x1c, 0x00, 0x00, 0x00, 0x00, 0x00, 0x00, 0x40,
  0x1c, 0x00, 0x00, 0x00, 0x30, 0x00, 0x00, 0x00, 0x01, 0x00, 0x00, 0x00,
  0x00, 0x00, 0x06, 0x00, 0x08, 0x00, 0x04, 0x00, 0x06, 0x00, 0x00, 0x00,
  0x05, 0x00, 0x00, 0x00, 0x05, 0x00, 0x00, 0x00, 0x0a, 0x00, 0x00, 0x00,
  0x0b, 0x00, 0x00, 0x00, 0x0c, 0x00, 0x00, 0x00, 0x0d, 0x00, 0x00, 0x00,
  0x0e, 0x00, 0x00, 0x00, 0x01, 0x00, 0x00, 0x00, 0x09, 0x00, 0x00, 0x00,
  0x00, 0x00, 0x0a, 0x00, 0x0c, 0x00, 0x00, 0x00, 0x08, 0x00, 0x04, 0x00,
  0x0a, 0x00, 0x00, 0x00, 0x08, 0x00, 0x00, 0x00, 0x0c, 0x00, 0x00, 0x00,
  0x01, 0x00, 0x00, 0x00, 0x09, 0x00, 0x00, 0x00, 0x02, 0x00, 0x00, 0x00,
  0x00, 0x00, 0x00, 0x00, 0x08, 0x00, 0x00, 0x00, 0x01, 0x00, 0x00, 0x00,
  0x63, 0x00, 0x00, 0x00, 0x01, 0x00, 0x00, 0x00, 0x00, 0x00, 0x00, 0x00,
  0x64, 0x00, 0x00, 0x00, 0x54, 0x24, 0x00, 0x00, 0xe8, 0x23, 0x00, 0x00,
  0xa8, 0x23, 0x00, 0x00, 0x3c, 0x23, 0x00, 0x00, 0xfc, 0x22, 0x00, 0x00,
  0xbc, 0x22, 0x00, 0x00, 0x80, 0x22, 0x00, 0x00, 0x44, 0x22, 0x00, 0x00,
  0xc4, 0x21, 0x00, 0x00, 0x40, 0x21, 0x00, 0x00, 0xec, 0x20, 0x00, 0x00,
  0x98, 0x20, 0x00, 0x00, 0x44, 0x20, 0x00, 0x00, 0xf0, 0x1f, 0x00, 0x00,
  0x9c, 0x1f, 0x00, 0x00, 0x0c, 0x1f, 0x00, 0x00, 0xb0, 0x1e, 0x00, 0x00,
  0x50, 0x1e, 0x00, 0x00, 0xf0, 0x1d, 0x00, 0x00, 0x90, 0x1d, 0x00, 0x00,
  0x30, 0x1d, 0x00, 0x00, 0xd0, 0x1c, 0x00, 0x00, 0x74, 0x1c, 0x00, 0x00,
  0x18, 0x1c, 0x00, 0x00, 0xb8, 0x1b, 0x00, 0x00, 0x5c, 0x1b, 0x00, 0x00,
  0xfc, 0x1a, 0x00, 0x00, 0xa0, 0x1a, 0x00, 0x00, 0x40, 0x1a, 0x00, 0x00,
  0xe0, 0x19, 0x00, 0x00, 0x80, 0x19, 0x00, 0x00, 0x24, 0x19, 0x00, 0x00,
  0xc4, 0x18, 0x00, 0x00, 0x64, 0x18, 0x00, 0x00, 0x04, 0x18, 0x00, 0x00,
  0xa4, 0x17, 0x00, 0x00, 0x44, 0x17, 0x00, 0x00, 0xe8, 0x16, 0x00, 0x00,
  0x88, 0x16, 0x00, 0x00, 0x2c, 0x16, 0x00, 0x00, 0xd0, 0x15, 0x00, 0x00,
  0x74, 0x15, 0x00, 0x00, 0x14, 0x15, 0x00, 0x00, 0xb8, 0x14, 0x00, 0x00,
  0x58, 0x14, 0x00, 0x00, 0xfc, 0x13, 0x00, 0x00, 0x9c, 0x13, 0x00, 0x00,
  0x3c, 0x13, 0x00, 0x00, 0xdc, 0x12, 0x00, 0x00, 0x80, 0x12, 0x00, 0x00,
  0x20, 0x12, 0x00, 0x00, 0xc0, 0x11, 0x00, 0x00, 0x60, 0x11, 0x00, 0x00,
  0x00, 0x11, 0x00, 0x00, 0xa0, 0x10, 0x00, 0x00, 0x44, 0x10, 0x00, 0x00,
  0xe4, 0x0f, 0x00, 0x00, 0x88, 0x0f, 0x00, 0x00, 0x2c, 0x0f, 0x00, 0x00,
  0xd0, 0x0e, 0x00, 0x00, 0x70, 0x0e, 0x00, 0x00, 0x14, 0x0e, 0x00, 0x00,
  0xb4, 0x0d, 0x00, 0x00, 0x58, 0x0d, 0x00, 0x00, 0xf8, 0x0c, 0x00, 0x00,
  0x98, 0x0c, 0x00, 0x00, 0x38, 0x0c, 0x00, 0x00, 0xdc, 0x0b, 0x00, 0x00,
  0x7c, 0x0b, 0x00, 0x00, 0x1c, 0x0b, 0x00, 0x00, 0xbc, 0x0a, 0x00, 0x00,
  0x5c, 0x0a, 0x00, 0x00, 0xfc, 0x09, 0x00, 0x00, 0xa0, 0x09, 0x00, 0x00,
  0x40, 0x09, 0x00, 0x00, 0xe4, 0x08, 0x00, 0x00, 0x88, 0x08, 0x00, 0x00,
  0x2c, 0x08, 0x00, 0x00, 0xcc, 0x07, 0x00, 0x00, 0x70, 0x07, 0x00, 0x00,
  0x10, 0x07, 0x00, 0x00, 0xb4, 0x06, 0x00, 0x00, 0x54, 0x06, 0x00, 0x00,
  0xf4, 0x05, 0x00, 0x00, 0x94, 0x05, 0x00, 0x00, 0x38, 0x05, 0x00, 0x00,
  0xd8, 0x04, 0x00, 0x00, 0x78, 0x04, 0x00, 0x00, 0x18, 0x04, 0x00, 0x00,
  0xb8, 0x03, 0x00, 0x00, 0x58, 0x03, 0x00, 0x00, 0xfc, 0x02, 0x00, 0x00,
  0x9c, 0x02, 0x00, 0x00, 0x40, 0x02, 0x00, 0x00, 0xe4, 0x01, 0x00, 0x00,
  0x88, 0x01, 0x00, 0x00, 0x28, 0x01, 0x00, 0x00, 0xcc, 0x00, 0x00, 0x00,
  0x50, 0x00, 0x00, 0x00, 0x04, 0x00, 0x00, 0x00, 0x52, 0xdd, 0xff, 0xff,
  0x00, 0x00, 0x00, 0x01, 0x10, 0x00, 0x00, 0x00, 0x10, 0x00, 0x00, 0x00,
  0x64, 0x00, 0x00, 0x00, 0x28, 0x00, 0x00, 0x00, 0xc4, 0xdc, 0xff, 0xff,
  0x1b, 0x00, 0x00, 0x00, 0x53, 0x74, 0x61, 0x74, 0x65, 0x66, 0x75, 0x6c,
  0x50, 0x61, 0x72, 0x74, 0x69, 0x74, 0x69, 0x6f, 0x6e, 0x65, 0x64, 0x43,
  0x61, 0x6c, 0x6c, 0x5f, 0x31, 0x3a, 0x30, 0x00, 0x02, 0x00, 0x00, 0x00,
  0x01, 0x00, 0x00, 0x00, 0x07, 0x00, 0x00, 0x00, 0x9a, 0xdd, 0xff, 0xff,
  0x00, 0x00, 0x00, 0x01, 0x10, 0x00, 0x00, 0x00, 0x10, 0x00, 0x00, 0x00,
  0x63, 0x00, 0x00, 0x00, 0x58, 0x00, 0x00, 0x00, 0x0c, 0xdd, 0xff, 0xff,
  0x48, 0x00, 0x00, 0x00, 0x73, 0x65, 0x71, 0x75, 0x65, 0x6e, 0x74, 0x69,
  0x61, 0x6c, 0x5f, 0x31, 0x32, 0x33, 0x5f, 0x31, 0x2f, 0x64, 0x65, 0x6e,
  0x73, 0x65, 0x5f, 0x33, 0x34, 0x33, 0x5f, 0x31, 0x2f, 0x4d, 0x61, 0x74,
  0x4d, 0x75, 0x6c, 0x3b, 0x73, 0x65, 0x71, 0x75, 0x65, 0x6e, 0x74, 0x69,
  0x61, 0x6c, 0x5f, 0x31, 0x32, 0x33, 0x5f, 0x31, 0x2f, 0x64, 0x65, 0x6e,
  0x73, 0x65, 0x5f, 0x33, 0x34, 0x33, 0x5f, 0x31, 0x2f, 0x42, 0x69, 0x61,
  0x73, 0x41, 0x64, 0x64, 0x00, 0x00, 0x00, 0x00, 0x02, 0x00, 0x00, 0x00,
  0x01, 0x00, 0x00, 0x00, 0x07, 0x00, 0x00, 0x00, 0x12, 0xde, 0xff, 0xff,
  0x00, 0x00, 0x00, 0x01, 0x10, 0x00, 0x00, 0x00, 0x10, 0x00, 0x00, 0x00,
  0x62, 0x00, 0x00, 0x00, 0x38, 0x00, 0x00, 0x00, 0x84, 0xdd, 0xff, 0xff,
  0x2b, 0x00, 0x00, 0x00, 0x73, 0x65, 0x71, 0x75, 0x65, 0x6e, 0x74, 0x69,
  0x61, 0x6c, 0x5f, 0x31, 0x32, 0x33, 0x5f, 0x31, 0x2f, 0x6c, 0x73, 0x74,
  0x6d, 0x5f, 0x33, 0x5f, 0x31, 0x2f, 0x6c, 0x73, 0x74, 0x6d, 0x5f, 0x63,
  0x65, 0x6c, 0x6c, 0x5f, 0x39, 0x2f, 0x6d, 0x75, 0x6c, 0x5f, 0x32, 0x00,
  0x02, 0x00, 0x00, 0x00, 0x01, 0x00, 0x00, 0x00, 0x10, 0x00, 0x00, 0x00,
  0x6a, 0xde, 0xff, 0xff, 0x00, 0x00, 0x00, 0x01, 0x10, 0x00, 0x00, 0x00,
  0x10, 0x00, 0x00, 0x00, 0x61, 0x00, 0x00, 0x00, 0x3c, 0x00, 0x00, 0x00,
  0xdc, 0xdd, 0xff, 0xff, 0x2c, 0x00, 0x00, 0x00, 0x73, 0x65, 0x71, 0x75,
  0x65, 0x6e, 0x74, 0x69, 0x61, 0x6c, 0x5f, 0x31, 0x32, 0x33, 0x5f, 0x31,
  0x2f, 0x6c, 0x73, 0x74, 0x6d, 0x5f, 0x33, 0x5f, 0x31, 0x2f, 0x6c, 0x73,
  0x74, 0x6d, 0x5f, 0x63, 0x65, 0x6c, 0x6c, 0x5f, 0x39, 0x2f, 0x54, 0x61,
  0x6e, 0x68, 0x5f, 0x31, 0x00, 0x00, 0x00, 0x00, 0x02, 0x00, 0x00, 0x00,
  0x01, 0x00, 0x00, 0x00, 0x10, 0x00, 0x00, 0x00, 0xc6, 0xde, 0xff, 0xff,
  0x00, 0x00, 0x00, 0x01, 0x10, 0x00, 0x00, 0x00, 0x10, 0x00, 0x00, 0x00,
  0x60, 0x00, 0x00, 0x00, 0x38, 0x00, 0x00, 0x00, 0x38, 0xde, 0xff, 0xff,
  0x29, 0x00, 0x00, 0x00, 0x73, 0x65, 0x71, 0x75, 0x65, 0x6e, 0x74, 0x69,
  0x61, 0x6c, 0x5f, 0x31, 0x32, 0x33, 0x5f, 0x31, 0x2f, 0x6c, 0x73, 0x74,
  0x6d, 0x5f, 0x33, 0x5f, 0x31, 0x2f, 0x6c, 0x73, 0x74, 0x6d, 0x5f, 0x63,
  0x65, 0x6c, 0x6c, 0x5f, 0x39, 0x2f, 0x61, 0x64, 0x64, 0x00, 0x00, 0x00,
  0x02, 0x00, 0x00, 0x00, 0x01, 0x00, 0x00, 0x00, 0x10, 0x00, 0x00, 0x00,
  0x1e, 0xdf, 0xff, 0xff, 0x00, 0x00, 0x00, 0x01, 0x10, 0x00, 0x00, 0x00,
  0x10, 0x00, 0x00, 0x00, 0x5f, 0x00, 0x00, 0x00, 0x38, 0x00, 0x00, 0x00,
  0x90, 0xde, 0xff, 0xff, 0x2b, 0x00, 0x00, 0x00, 0x73, 0x65, 0x71, 0x75,
  0x65, 0x6e, 0x74, 0x69, 0x61, 0x6c, 0x5f, 0x31, 0x32, 0x33, 0x5f, 0x31,
  0x2f, 0x6c, 0x73, 0x74, 0x6d, 0x5f, 0x33, 0x5f, 0x31, 0x2f, 0x6c, 0x73,
  0x74, 0x6d, 0x5f, 0x63, 0x65, 0x6c, 0x6c, 0x5f, 0x39, 0x2f, 0x6d, 0x75,
  0x6c, 0x5f, 0x31, 0x00, 0x02, 0x00, 0x00, 0x00, 0x01, 0x00, 0x00, 0x00,
  0x10, 0x00, 0x00, 0x00, 0x76, 0xdf, 0xff, 0xff, 0x00, 0x00, 0x00, 0x01,
  0x10, 0x00, 0x00, 0x00, 0x10, 0x00, 0x00, 0x00, 0x5e, 0x00, 0x00, 0x00,
  0x38, 0x00, 0x00, 0x00, 0xe8, 0xde, 0xff, 0xff, 0x2a, 0x00, 0x00, 0x00,
  0x73, 0x65, 0x71, 0x75, 0x65, 0x6e, 0x74, 0x69, 0x61, 0x6c, 0x5f, 0x31,
  0x32, 0x33, 0x5f, 0x31, 0x2f, 0x6c, 0x73, 0x74, 0x6d, 0x5f, 0x33, 0x5f,
  0x31, 0x2f, 0x6c, 0x73, 0x74, 0x6d, 0x5f, 0x63, 0x65, 0x6c, 0x6c, 0x5f,
  0x39, 0x2f, 0x54, 0x61, 0x6e, 0x68, 0x00, 0x00, 0x02, 0x00, 0x00, 0x00,
  0x01, 0x00, 0x00, 0x00, 0x10, 0x00, 0x00, 0x00, 0xce, 0xdf, 0xff, 0xff,
  0x00, 0x00, 0x00, 0x01, 0x10, 0x00, 0x00, 0x00, 0x10, 0x00, 0x00, 0x00,
  0x5d, 0x00, 0x00, 0x00, 0x3c, 0x00, 0x00, 0x00, 0x40, 0xdf, 0xff, 0xff,
  0x2f, 0x00, 0x00, 0x00, 0x73, 0x65, 0x71, 0x75, 0x65, 0x6e, 0x74, 0x69,
  0x61, 0x6c, 0x5f, 0x31, 0x32, 0x33, 0x5f, 0x31, 0x2f, 0x6c, 0x73, 0x74,
  0x6d, 0x5f, 0x33, 0x5f, 0x31, 0x2f, 0x6c, 0x73, 0x74, 0x6d, 0x5f, 0x63,
  0x65, 0x6c, 0x6c, 0x5f, 0x39, 0x2f, 0x53, 0x69, 0x67, 0x6d, 0x6f, 0x69,
  0x64, 0x5f, 0x32, 0x00, 0x02, 0x00, 0x00, 0x00, 0x01, 0x00, 0x00, 0x00,
  0x10, 0x00, 0x00, 0x00, 0x2a, 0xe0, 0xff, 0xff, 0x00, 0x00, 0x00, 0x01,
  0x10, 0x00, 0x00, 0x00, 0x10, 0x00, 0x00, 0x00, 0x5c, 0x00, 0x00, 0x00,
  0x38, 0x00, 0x00, 0x00, 0x9c, 0xdf, 0xff, 0xff, 0x29, 0x00, 0x00, 0x00,
  0x73, 0x65, 0x71, 0x75, 0x65, 0x6e, 0x74, 0x69, 0x61, 0x6c, 0x5f, 0x31,
  0x32, 0x33, 0x5f, 0x31, 0x2f, 0x6c, 0x73, 0x74, 0x6d, 0x5f, 0x33, 0x5f,
  0x31, 0x2f, 0x6c, 0x73, 0x74, 0x6d, 0x5f, 0x63, 0x65, 0x6c, 0x6c, 0x5f,
  0x39, 0x2f, 0x6d, 0x75, 0x6c, 0x00, 0x00, 0x00, 0x02, 0x00, 0x00, 0x00,
  0x01, 0x00, 0x00, 0x00, 0x10, 0x00, 0x00, 0x00, 0x82, 0xe0, 0xff, 0xff,
  0x00, 0x00, 0x00, 0x01, 0x10, 0x00, 0x00, 0x00, 0x10, 0x00, 0x00, 0x00,
  0x5b, 0x00, 0x00, 0x00, 0x3c, 0x00, 0x00, 0x00, 0xf4, 0xdf, 0xff, 0xff,
  0x2f, 0x00, 0x00, 0x00, 0x73, 0x65, 0x71, 0x75, 0x65, 0x6e, 0x74, 0x69,
  0x61, 0x6c, 0x5f, 0x31, 0x32, 0x33, 0x5f, 0x31, 0x2f, 0x6c, 0x73, 0x74,
  0x6d, 0x5f, 0x33, 0x5f, 0x31, 0x2f, 0x6c, 0x73, 0x74, 0x6d, 0x5f, 0x63,
  0x65, 0x6c, 0x6c, 0x5f, 0x39, 0x2f, 0x53, 0x69, 0x67, 0x6d, 0x6f, 0x69,
  0x64, 0x5f, 0x31, 0x00, 0x02, 0x00, 0x00, 0x00, 0x01, 0x00, 0x00, 0x00,
  0x10, 0x00, 0x00, 0x00, 0xde, 0xe0, 0xff, 0xff, 0x00, 0x00, 0x00, 0x01,
  0x10, 0x00, 0x00, 0x00, 0x10, 0x00, 0x00, 0x00, 0x5a, 0x00, 0x00, 0x00,
  0x3c, 0x00, 0x00, 0x00, 0x50, 0xe0, 0xff, 0xff, 0x2d, 0x00, 0x00, 0x00,
  0x73, 0x65, 0x71, 0x75, 0x65, 0x6e, 0x74, 0x69, 0x61, 0x6c, 0x5f, 0x31,
  0x32, 0x33, 0x5f, 0x31, 0x2f, 0x6c, 0x73, 0x74, 0x6d, 0x5f, 0x33, 0x5f,
  0x31, 0x2f, 0x6c, 0x73, 0x74, 0x6d, 0x5f, 0x63, 0x65, 0x6c, 0x6c, 0x5f,
  0x39, 0x2f, 0x53, 0x69, 0x67, 0x6d, 0x6f, 0x69, 0x64, 0x00, 0x00, 0x00,
  0x02, 0x00, 0x00, 0x00, 0x01, 0x00, 0x00, 0x00, 0x10, 0x00, 0x00, 0x00,
  0x3a, 0xe1, 0xff, 0xff, 0x00, 0x00, 0x00, 0x01, 0x10, 0x00, 0x00, 0x00,
  0x10, 0x00, 0x00, 0x00, 0x59, 0x00, 0x00, 0x00, 0x3c, 0x00, 0x00, 0x00,
  0xac, 0xe0, 0xff, 0xff, 0x2c, 0x00, 0x00, 0x00, 0x73, 0x65, 0x71, 0x75,
  0x65, 0x6e, 0x74, 0x69, 0x61, 0x6c, 0x5f, 0x31, 0x32, 0x33, 0x5f, 0x31,
  0x2f, 0x6c, 0x73, 0x74, 0x6d, 0x5f, 0x33, 0x5f, 0x31, 0x2f, 0x6c, 0x73,
  0x74, 0x6d, 0x5f, 0x63, 0x65, 0x6c, 0x6c, 0x5f, 0x39, 0x2f, 0x73, 0x70,
  0x6c, 0x69, 0x74, 0x33, 0x00, 0x00, 0x00, 0x00, 0x02, 0x00, 0x00, 0x00,
  0x01, 0x00, 0x00, 0x00, 0x10, 0x00, 0x00, 0x00, 0x96, 0xe1, 0xff, 0xff,
  0x00, 0x00, 0x00, 0x01, 0x10, 0x00, 0x00, 0x00, 0x10, 0x00, 0x00, 0x00,
  0x58, 0x00, 0x00, 0x00, 0x3c, 0x00, 0x00, 0x00, 0x08, 0xe1, 0xff, 0xff,
  0x2c, 0x00, 0x00, 0x00, 0x73, 0x65, 0x71, 0x75, 0x65, 0x6e, 0x74, 0x69,
  0x61, 0x6c, 0x5f, 0x31, 0x32, 0x33, 0x5f, 0x31, 0x2f, 0x6c, 0x73, 0x74,
  0x6d, 0x5f, 0x33, 0x5f, 0x31, 0x2f, 0x6c, 0x73, 0x74, 0x6d, 0x5f, 0x63,
  0x65, 0x6c, 0x6c, 0x5f, 0x39, 0x2f, 0x73, 0x70, 0x6c, 0x69, 0x74, 0x32,
  0x00, 0x00, 0x00, 0x00, 0x02, 0x00, 0x00, 0x00, 0x01, 0x00, 0x00, 0x00,
  0x10, 0x00, 0x00, 0x00, 0xf2, 0xe1, 0xff, 0xff, 0x00, 0x00, 0x00, 0x01,
  0x10, 0x00, 0x00, 0x00, 0x10, 0x00, 0x00, 0x00, 0x57, 0x00, 0x00, 0x00,
  0x3c, 0x00, 0x00, 0x00, 0x64, 0xe1, 0xff, 0xff, 0x2c, 0x00, 0x00, 0x00,
  0x73, 0x65, 0x71, 0x75, 0x65, 0x6e, 0x74, 0x69, 0x61, 0x6c, 0x5f, 0x31,
  0x32, 0x33, 0x5f, 0x31, 0x2f, 0x6c, 0x73, 0x74, 0x6d, 0x5f, 0x33, 0x5f,
  0x31, 0x2f, 0x6c, 0x73, 0x74, 0x6d, 0x5f, 0x63, 0x65, 0x6c, 0x6c, 0x5f,
  0x39, 0x2f, 0x73, 0x70, 0x6c, 0x69, 0x74, 0x31, 0x00, 0x00, 0x00, 0x00,
  0x02, 0x00, 0x00, 0x00, 0x01, 0x00, 0x00, 0x00, 0x10, 0x00, 0x00, 0x00,
  0x4e, 0xe2, 0xff, 0xff, 0x00, 0x00, 0x00, 0x01, 0x10, 0x00, 0x00, 0x00,
  0x10, 0x00, 0x00, 0x00, 0x56, 0x00, 0x00, 0x00, 0x38, 0x00, 0x00, 0x00,
  0xc0, 0xe1, 0xff, 0xff, 0x2b, 0x00, 0x00, 0x00, 0x73, 0x65, 0x71, 0x75,
  0x65, 0x6e, 0x74, 0x69, 0x61, 0x6c, 0x5f, 0x31, 0x32, 0x33, 0x5f, 0x31,
  0x2f, 0x6c, 0x73, 0x74, 0x6d, 0x5f, 0x33, 0x5f, 0x31, 0x2f, 0x6c, 0x73,
  0x74, 0x6d, 0x5f, 0x63, 0x65, 0x6c, 0x6c, 0x5f, 0x39, 0x2f, 0x73, 0x70,
  0x6c, 0x69, 0x74, 0x00, 0x02, 0x00, 0x00, 0x00, 0x01, 0x00, 0x00, 0x00,
  0x10, 0x00, 0x00, 0x00, 0xa6, 0xe2, 0xff, 0xff, 0x00, 0x00, 0x00, 0x01,
  0x10, 0x00, 0x00, 0x00, 0x10, 0x00, 0x00, 0x00, 0x55, 0x00, 0x00, 0x00,
  0x3c, 0x00, 0x00, 0x00, 0x18, 0xe2, 0xff, 0xff, 0x2f, 0x00, 0x00, 0x00,
  0x73, 0x65, 0x71, 0x75, 0x65, 0x6e, 0x74, 0x69, 0x61, 0x6c, 0x5f, 0x31,
  0x32, 0x33, 0x5f, 0x31, 0x2f, 0x6c, 0x73, 0x74, 0x6d, 0x5f, 0x33, 0x5f,
  0x31, 0x2f, 0x6c, 0x73, 0x74, 0x6d, 0x5f, 0x63, 0x65, 0x6c, 0x6c, 0x5f,
  0x39, 0x2f, 0x42, 0x69, 0x61, 0x73, 0x41, 0x64, 0x64, 0x5f, 0x31, 0x00,
  0x02, 0x00, 0x00, 0x00, 0x01, 0x00, 0x00, 0x00, 0x40, 0x00, 0x00, 0x00,
  0x02, 0xe3, 0xff, 0xff, 0x00, 0x00, 0x00, 0x01, 0x10, 0x00, 0x00, 0x00,
  0x10, 0x00, 0x00, 0x00, 0x54, 0x00, 0x00, 0x00, 0x3c, 0x00, 0x00, 0x00,
  0x74, 0xe2, 0xff, 0xff, 0x2d, 0x00, 0x00, 0x00, 0x73, 0x65, 0x71, 0x75,
  0x65, 0x6e, 0x74, 0x69, 0x61, 0x6c, 0x5f, 0x31, 0x32, 0x33, 0x5f, 0x31,
  0x2f, 0x6c, 0x73, 0x74, 0x6d, 0x5f, 0x33, 0x5f, 0x31, 0x2f, 0x6c, 0x73,
  0x74, 0x6d, 0x5f, 0x63, 0x65, 0x6c, 0x6c, 0x5f, 0x39, 0x2f, 0x42, 0x69,
  0x61, 0x73, 0x41, 0x64, 0x64, 0x00, 0x00, 0x00, 0x02, 0x00, 0x00, 0x00,
  0x01, 0x00, 0x00, 0x00, 0x40, 0x00, 0x00, 0x00, 0x5e, 0xe3, 0xff, 0xff,
  0x00, 0x00, 0x00, 0x01, 0x10, 0x00, 0x00, 0x00, 0x10, 0x00, 0x00, 0x00,
  0x53, 0x00, 0x00, 0x00, 0x3c, 0x00, 0x00, 0x00, 0xd0, 0xe2, 0xff, 0xff,
  0x2c, 0x00, 0x00, 0x00, 0x73, 0x65, 0x71, 0x75, 0x65, 0x6e, 0x74, 0x69,
  0x61, 0x6c, 0x5f, 0x31, 0x32, 0x33, 0x5f, 0x31, 0x2f, 0x6c, 0x73, 0x74,
  0x6d, 0x5f, 0x33, 0x5f, 0x31, 0x2f, 0x6c, 0x73, 0x74, 0x6d, 0x5f, 0x63,
  0x65, 0x6c, 0x6c, 0x5f, 0x39, 0x2f, 0x4d, 0x61, 0x74, 0x4d, 0x75, 0x6c,
  0x00, 0x00, 0x00, 0x00, 0x02, 0x00, 0x00, 0x00, 0x01, 0x00, 0x00, 0x00,
  0x40, 0x00, 0x00, 0x00, 0xba, 0xe3, 0xff, 0xff, 0x00, 0x00, 0x00, 0x01,
  0x10, 0x00, 0x00, 0x00, 0x10, 0x00, 0x00, 0x00, 0x52, 0x00, 0x00, 0x00,
  0x3c, 0x00, 0x00, 0x00, 0x2c, 0xe3, 0xff, 0xff, 0x2d, 0x00, 0x00, 0x00,
  0x73, 0x65, 0x71, 0x75, 0x65, 0x6e, 0x74, 0x69, 0x61, 0x6c, 0x5f, 0x31,
  0x32, 0x33, 0x5f, 0x31, 0x2f, 0x6c, 0x73, 0x74, 0x6d, 0x5f, 0x33, 0x5f,
  0x31, 0x2f, 0x6c, 0x73, 0x74, 0x6d, 0x5f, 0x63, 0x65, 0x6c, 0x6c, 0x5f,
  0x39, 0x2f, 0x53, 0x71, 0x75, 0x65, 0x65, 0x7a, 0x65, 0x00, 0x00, 0x00,
  0x01, 0x00, 0x00, 0x00, 0x40, 0x00, 0x00, 0x00, 0x12, 0xe4, 0xff, 0xff,
  0x00, 0x00, 0x00, 0x01, 0x10, 0x00, 0x00, 0x00, 0x10, 0x00, 0x00, 0x00,
  0x51, 0x00, 0x00, 0x00, 0x3c, 0x00, 0x00, 0x00, 0x84, 0xe3, 0xff, 0xff,
  0x2e, 0x00, 0x00, 0x00, 0x73, 0x65, 0x71, 0x75, 0x65, 0x6e, 0x74, 0x69,
  0x61, 0x6c, 0x5f, 0x31, 0x32, 0x33, 0x5f, 0x31, 0x2f, 0x6c, 0x73, 0x74,
  0x6d, 0x5f, 0x33, 0x5f, 0x31, 0x2f, 0x6c, 0x73, 0x74, 0x6d, 0x5f, 0x63,
  0x65, 0x6c, 0x6c, 0x5f, 0x39, 0x2f, 0x4d, 0x61, 0x74, 0x4d, 0x75, 0x6c,
  0x5f, 0x31, 0x00, 0x00, 0x02, 0x00, 0x00, 0x00, 0x01, 0x00, 0x00, 0x00,
  0x40, 0x00, 0x00, 0x00, 0x6e, 0xe4, 0xff, 0xff, 0x00, 0x00, 0x00, 0x01,
  0x10, 0x00, 0x00, 0x00, 0x10, 0x00, 0x00, 0x00, 0x50, 0x00, 0x00, 0x00,
  0x38, 0x00, 0x00, 0x00, 0xe0, 0xe3, 0xff, 0xff, 0x2b, 0x00, 0x00, 0x00,
  0x73, 0x65, 0x71, 0x75, 0x65, 0x6e, 0x74, 0x69, 0x61, 0x6c, 0x5f, 0x31,
  0x32, 0x33, 0x5f, 0x31, 0x2f, 0x6c, 0x73, 0x74, 0x6d, 0x5f, 0x33, 0x5f,
  0x31, 0x2f, 0x6c, 0x73, 0x74, 0x6d, 0x5f, 0x63, 0x65, 0x6c, 0x6c, 0x5f,
  0x37, 0x2f, 0x6d, 0x75, 0x6c, 0x5f, 0x32, 0x00, 0x02, 0x00, 0x00, 0x00,
  0x01, 0x00, 0x00, 0x00, 0x10, 0x00, 0x00, 0x00, 0xc6, 0xe4, 0xff, 0xff,
  0x00, 0x00, 0x00, 0x01, 0x10, 0x00, 0x00, 0x00, 0x10, 0x00, 0x00, 0x00,
  0x4f, 0x00, 0x00, 0x00, 0x3c, 0x00, 0x00, 0x00, 0x38, 0xe4, 0xff, 0xff,
  0x2c, 0x00, 0x00, 0x00, 0x73, 0x65, 0x71, 0x75, 0x65, 0x6e, 0x74, 0x69,
  0x61, 0x6c, 0x5f, 0x31, 0x32, 0x33, 0x5f, 0x31, 0x2f, 0x6c, 0x73, 0x74,
  0x6d, 0x5f, 0x33, 0x5f, 0x31, 0x2f, 0x6c, 0x73, 0x74, 0x6d, 0x5f, 0x63,
  0x65, 0x6c, 0x6c, 0x5f, 0x37, 0x2f, 0x54, 0x61, 0x6e, 0x68, 0x5f, 0x31,
  0x00, 0x00, 0x00, 0x00, 0x02, 0x00, 0x00, 0x00, 0x01, 0x00, 0x00, 0x00,
  0x10, 0x00, 0x00, 0x00, 0x22, 0xe5, 0xff, 0xff, 0x00, 0x00, 0x00, 0x01,
  0x10, 0x00, 0x00, 0x00, 0x10, 0x00, 0x00, 0x00, 0x4e, 0x00, 0x00, 0x00,
  0x38, 0x00, 0x00, 0x00, 0x94, 0xe4, 0xff, 0xff, 0x29, 0x00, 0x00, 0x00,
  0x73, 0x65, 0x71, 0x75, 0x65, 0x6e, 0x74, 0x69, 0x61, 0x6c, 0x5f, 0x31,
  0x32, 0x33, 0x5f, 0x31, 0x2f, 0x6c, 0x73, 0x74, 0x6d, 0x5f, 0x33, 0x5f,
  0x31, 0x2f, 0x6c, 0x73, 0x74, 0x6d, 0x5f, 0x63, 0x65, 0x6c, 0x6c, 0x5f,
  0x37, 0x2f, 0x61, 0x64, 0x64, 0x00, 0x00, 0x00, 0x02, 0x00, 0x00, 0x00,
  0x01, 0x00, 0x00, 0x00, 0x10, 0x00, 0x00, 0x00, 0x7a, 0xe5, 0xff, 0xff,
  0x00, 0x00, 0x00, 0x01, 0x10, 0x00, 0x00, 0x00, 0x10, 0x00, 0x00, 0x00,
  0x4d, 0x00, 0x00, 0x00, 0x38, 0x00, 0x00, 0x00, 0xec, 0xe4, 0xff, 0xff,
  0x2b, 0x00, 0x00, 0x00, 0x73, 0x65, 0x71, 0x75, 0x65, 0x6e, 0x74, 0x69,
  0x61, 0x6c, 0x5f, 0x31, 0x32, 0x33, 0x5f, 0x31, 0x2f, 0x6c, 0x73, 0x74,
  0x6d, 0x5f, 0x33, 0x5f, 0x31, 0x2f, 0x6c, 0x73, 0x74, 0x6d, 0x5f, 0x63,
  0x65, 0x6c, 0x6c, 0x5f, 0x37, 0x2f, 0x6d, 0x75, 0x6c, 0x5f, 0x31, 0x00,
  0x02, 0x00, 0x00, 0x00, 0x01, 0x00, 0x00, 0x00, 0x10, 0x00, 0x00, 0x00,
  0xd2, 0xe5, 0xff, 0xff, 0x00, 0x00, 0x00, 0x01, 0x10, 0x00, 0x00, 0x00,
  0x10, 0x00, 0x00, 0x00, 0x4c, 0x00, 0x00, 0x00, 0x38, 0x00, 0x00, 0x00,
  0x44, 0xe5, 0xff, 0xff, 0x2a, 0x00, 0x00, 0x00, 0x73, 0x65, 0x71, 0x75,
  0x65, 0x6e, 0x74, 0x69, 0x61, 0x6c, 0x5f, 0x31, 0x32, 0x33, 0x5f, 0x31,
  0x2f, 0x6c, 0x73, 0x74, 0x6d, 0x5f, 0x33, 0x5f, 0x31, 0x2f, 0x6c, 0x73,
  0x74, 0x6d, 0x5f, 0x63, 0x65, 0x6c, 0x6c, 0x5f, 0x37, 0x2f, 0x54, 0x61,
  0x6e, 0x68, 0x00, 0x00, 0x02, 0x00, 0x00, 0x00, 0x01, 0x00, 0x00, 0x00,
  0x10, 0x00, 0x00, 0x00, 0x2a, 0xe6, 0xff, 0xff, 0x00, 0x00, 0x00, 0x01,
  0x10, 0x00, 0x00, 0x00, 0x10, 0x00, 0x00, 0x00, 0x4b, 0x00, 0x00, 0x00,
  0x3c, 0x00, 0x00, 0x00, 0x9c, 0xe5, 0xff, 0xff, 0x2f, 0x00, 0x00, 0x00,
  0x73, 0x65, 0x71, 0x75, 0x65, 0x6e, 0x74, 0x69, 0x61, 0x6c, 0x5f, 0x31,
  0x32, 0x33, 0x5f, 0x31, 0x2f, 0x6c, 0x73, 0x74, 0x6d, 0x5f, 0x33, 0x5f,
  0x31, 0x2f, 0x6c, 0x73, 0x74, 0x6d, 0x5f, 0x63, 0x65, 0x6c, 0x6c, 0x5f,
  0x37, 0x2f, 0x53, 0x69, 0x67, 0x6d, 0x6f, 0x69, 0x64, 0x5f, 0x32, 0x00,
  0x02, 0x00, 0x00, 0x00, 0x01, 0x00, 0x00, 0x00, 0x10, 0x00, 0x00, 0x00,
  0x86, 0xe6, 0xff, 0xff, 0x00, 0x00, 0x00, 0x01, 0x10, 0x00, 0x00, 0x00,
  0x10, 0x00, 0x00, 0x00, 0x4a, 0x00, 0x00, 0x00, 0x38, 0x00, 0x00, 0x00,
  0xf8, 0xe5, 0xff, 0xff, 0x29, 0x00, 0x00, 0x00, 0x73, 0x65, 0x71, 0x75,
  0x65, 0x6e, 0x74, 0x69, 0x61, 0x6c, 0x5f, 0x31, 0x32, 0x33, 0x5f, 0x31,
  0x2f, 0x6c, 0x73, 0x74, 0x6d, 0x5f, 0x33, 0x5f, 0x31, 0x2f, 0x6c, 0x73,
  0x74, 0x6d, 0x5f, 0x63, 0x65, 0x6c, 0x6c, 0x5f, 0x37, 0x2f, 0x6d, 0x75,
  0x6c, 0x00, 0x00, 0x00, 0x02, 0x00, 0x00, 0x00, 0x01, 0x00, 0x00, 0x00,
  0x10, 0x00, 0x00, 0x00, 0xde, 0xe6, 0xff, 0xff, 0x00, 0x00, 0x00, 0x01,
  0x10, 0x00, 0x00, 0x00, 0x10, 0x00, 0x00, 0x00, 0x49, 0x00, 0x00, 0x00,
  0x3c, 0x00, 0x00, 0x00, 0x50, 0xe6, 0xff, 0xff, 0x2f, 0x00, 0x00, 0x00,
  0x73, 0x65, 0x71, 0x75, 0x65, 0x6e, 0x74, 0x69, 0x61, 0x6c, 0x5f, 0x31,
  0x32, 0x33, 0x5f, 0x31, 0x2f, 0x6c, 0x73, 0x74, 0x6d, 0x5f, 0x33, 0x5f,
  0x31, 0x2f, 0x6c, 0x73, 0x74, 0x6d, 0x5f, 0x63, 0x65, 0x6c, 0x6c, 0x5f,
  0x37, 0x2f, 0x53, 0x69, 0x67, 0x6d, 0x6f, 0x69, 0x64, 0x5f, 0x31, 0x00,
  0x02, 0x00, 0x00, 0x00, 0x01, 0x00, 0x00, 0x00, 0x10, 0x00, 0x00, 0x00,
  0x3a, 0xe7, 0xff, 0xff, 0x00, 0x00, 0x00, 0x01, 0x10, 0x00, 0x00, 0x00,
  0x10, 0x00, 0x00, 0x00, 0x48, 0x00, 0x00, 0x00, 0x3c, 0x00, 0x00, 0x00,
  0xac, 0xe6, 0xff, 0xff, 0x2d, 0x00, 0x00, 0x00, 0x73, 0x65, 0x71, 0x75,
  0x65, 0x6e, 0x74, 0x69, 0x61, 0x6c, 0x5f, 0x31, 0x32, 0x33, 0x5f, 0x31,
  0x2f, 0x6c, 0x73, 0x74, 0x6d, 0x5f, 0x33, 0x5f, 0x31, 0x2f, 0x6c, 0x73,
  0x74, 0x6d, 0x5f, 0x63, 0x65, 0x6c, 0x6c, 0x5f, 0x37, 0x2f, 0x53, 0x69,
  0x67, 0x6d, 0x6f, 0x69, 0x64, 0x00, 0x00, 0x00, 0x02, 0x00, 0x00, 0x00,
  0x01, 0x00, 0x00, 0x00, 0x10, 0x00, 0x00, 0x00, 0x96, 0xe7, 0xff, 0xff,
  0x00, 0x00, 0x00, 0x01, 0x10, 0x00, 0x00, 0x00, 0x10, 0x00, 0x00, 0x00,
  0x47, 0x00, 0x00, 0x00, 0x3c, 0x00, 0x00, 0x00, 0x08, 0xe7, 0xff, 0xff,
  0x2c, 0x00, 0x00, 0x00, 0x73, 0x65, 0x71, 0x75, 0x65, 0x6e, 0x74, 0x69,
  0x61, 0x6c, 0x5f, 0x31, 0x32, 0x33, 0x5f, 0x31, 0x2f, 0x6c, 0x73, 0x74,
  0x6d, 0x5f, 0x33, 0x5f, 0x31, 0x2f, 0x6c, 0x73, 0x74, 0x6d, 0x5f, 0x63,
  0x65, 0x6c, 0x6c, 0x5f, 0x37, 0x2f, 0x73, 0x70, 0x6c, 0x69, 0x74, 0x33,
  0x00, 0x00, 0x00, 0x00, 0x02, 0x00, 0x00, 0x00, 0x01, 0x00, 0x00, 0x00,
  0x10, 0x00, 0x00, 0x00, 0xf2, 0xe7, 0xff, 0xff, 0x00, 0x00, 0x00, 0x01,
  0x10, 0x00, 0x00, 0x00, 0x10, 0x00, 0x00, 0x00, 0x46, 0x00, 0x00, 0x00,
  0x3c, 0x00, 0x00, 0x00, 0x64, 0xe7, 0xff, 0xff, 0x2c, 0x00, 0x00, 0x00,
  0x73, 0x65, 0x71, 0x75, 0x65, 0x6e, 0x74, 0x69, 0x61, 0x6c, 0x5f, 0x31,
  0x32, 0x33, 0x5f, 0x31, 0x2f, 0x6c, 0x73, 0x74, 0x6d, 0x5f, 0x33, 0x5f,
  0x31, 0x2f, 0x6c, 0x73, 0x74, 0x6d, 0x5f, 0x63, 0x65, 0x6c, 0x6c, 0x5f,
  0x37, 0x2f, 0x73, 0x70, 0x6c, 0x69, 0x74, 0x32, 0x00, 0x00, 0x00, 0x00,
  0x02, 0x00, 0x00, 0x00, 0x01, 0x00, 0x00, 0x00, 0x10, 0x00, 0x00, 0x00,
  0x4e, 0xe8, 0xff, 0xff, 0x00, 0x00, 0x00, 0x01, 0x10, 0x00, 0x00, 0x00,
  0x10, 0x00, 0x00, 0x00, 0x45, 0x00, 0x00, 0x00, 0x3c, 0x00, 0x00, 0x00,
  0xc0, 0xe7, 0xff, 0xff, 0x2c, 0x00, 0x00, 0x00, 0x73, 0x65, 0x71, 0x75,
  0x65, 0x6e, 0x74, 0x69, 0x61, 0x6c, 0x5f, 0x31, 0x32, 0x33, 0x5f, 0x31,
  0x2f, 0x6c, 0x73, 0x74, 0x6d, 0x5f, 0x33, 0x5f, 0x31, 0x2f, 0x6c, 0x73,
  0x74, 0x6d, 0x5f, 0x63, 0x65, 0x6c, 0x6c, 0x5f, 0x37, 0x2f, 0x73, 0x70,
  0x6c, 0x69, 0x74, 0x31, 0x00, 0x00, 0x00, 0x00, 0x02, 0x00, 0x00, 0x00,
  0x01, 0x00, 0x00, 0x00, 0x10, 0x00, 0x00, 0x00, 0xaa, 0xe8, 0xff, 0xff,
  0x00, 0x00, 0x00, 0x01, 0x10, 0x00, 0x00, 0x00, 0x10, 0x00, 0x00, 0x00,
  0x44, 0x00, 0x00, 0x00, 0x38, 0x00, 0x00, 0x00, 0x1c, 0xe8, 0xff, 0xff,
  0x2b, 0x00, 0x00, 0x00, 0x73, 0x65, 0x71, 0x75, 0x65, 0x6e, 0x74, 0x69,
  0x61, 0x6c, 0x5f, 0x31, 0x32, 0x33, 0x5f, 0x31, 0x2f, 0x6c, 0x73, 0x74,
  0x6d, 0x5f, 0x33, 0x5f, 0x31, 0x2f, 0x6c, 0x73, 0x74, 0x6d, 0x5f, 0x63,
  0x65, 0x6c, 0x6c, 0x5f, 0x37, 0x2f, 0x73, 0x70, 0x6c, 0x69, 0x74, 0x00,
  0x02, 0x00, 0x00, 0x00, 0x01, 0x00, 0x00, 0x00, 0x10, 0x00, 0x00, 0x00,
  0x02, 0xe9, 0xff, 0xff, 0x00, 0x00, 0x00, 0x01, 0x10, 0x00, 0x00, 0x00,
  0x10, 0x00, 0x00, 0x00, 0x43, 0x00, 0x00, 0x00, 0x3c, 0x00, 0x00, 0x00,
  0x74, 0xe8, 0xff, 0xff, 0x2f, 0x00, 0x00, 0x00, 0x73, 0x65, 0x71, 0x75,
  0x65, 0x6e, 0x74, 0x69, 0x61, 0x6c, 0x5f, 0x31, 0x32, 0x33, 0x5f, 0x31,
  0x2f, 0x6c, 0x73, 0x74, 0x6d, 0x5f, 0x33, 0x5f, 0x31, 0x2f, 0x6c, 0x73,
  0x74, 0x6d, 0x5f, 0x63, 0x65, 0x6c, 0x6c, 0x5f, 0x37, 0x2f, 0x42, 0x69,
  0x61, 0x73, 0x41, 0x64, 0x64, 0x5f, 0x31, 0x00, 0x02, 0x00, 0x00, 0x00,
  0x01, 0x00, 0x00, 0x00, 0x40, 0x00, 0x00, 0x00, 0x5e, 0xe9, 0xff, 0xff,
  0x00, 0x00, 0x00, 0x01, 0x10, 0x00, 0x00, 0x00, 0x10, 0x00, 0x00, 0x00,
  0x42, 0x00, 0x00, 0x00, 0x3c, 0x00, 0x00, 0x00, 0xd0, 0xe8, 0xff, 0xff,
  0x2d, 0x00, 0x00, 0x00, 0x73, 0x65, 0x71, 0x75, 0x65, 0x6e, 0x74, 0x69,
  0x61, 0x6c, 0x5f, 0x31, 0x32, 0x33, 0x5f, 0x31, 0x2f, 0x6c, 0x73, 0x74,
  0x6d, 0x5f, 0x33, 0x5f, 0x31, 0x2f, 0x6c, 0x73, 0x74, 0x6d, 0x5f, 0x63,
  0x65, 0x6c, 0x6c, 0x5f, 0x37, 0x2f, 0x42, 0x69, 0x61, 0x73, 0x41, 0x64,
  0x64, 0x00, 0x00, 0x00, 0x02, 0x00, 0x00, 0x00, 0x01, 0x00, 0x00, 0x00,
  0x40, 0x00, 0x00, 0x00, 0xba, 0xe9, 0xff, 0xff, 0x00, 0x00, 0x00, 0x01,
  0x10, 0x00, 0x00, 0x00, 0x10, 0x00, 0x00, 0x00, 0x41, 0x00, 0x00, 0x00,
  0x3c, 0x00, 0x00, 0x00, 0x2c, 0xe9, 0xff, 0xff, 0x2c, 0x00, 0x00, 0x00,
  0x73, 0x65, 0x71, 0x75, 0x65, 0x6e, 0x74, 0x69, 0x61, 0x6c, 0x5f, 0x31,
  0x32, 0x33, 0x5f, 0x31, 0x2f, 0x6c, 0x73, 0x74, 0x6d, 0x5f, 0x33, 0x5f,
  0x31, 0x2f, 0x6c, 0x73, 0x74, 0x6d, 0x5f, 0x63, 0x65, 0x6c, 0x6c, 0x5f,
  0x37, 0x2f, 0x4d, 0x61, 0x74, 0x4d, 0x75, 0x6c, 0x00, 0x00, 0x00, 0x00,
  0x02, 0x00, 0x00, 0x00, 0x01, 0x00, 0x00, 0x00, 0x40, 0x00, 0x00, 0x00,
  0x16, 0xea, 0xff, 0xff, 0x00, 0x00, 0x00, 0x01, 0x10, 0x00, 0x00, 0x00,
  0x10, 0x00, 0x00, 0x00, 0x40, 0x00, 0x00, 0x00, 0x3c, 0x00, 0x00, 0x00,
  0x88, 0xe9, 0xff, 0xff, 0x2d, 0x00, 0x00, 0x00, 0x73, 0x65, 0x71, 0x75,
  0x65, 0x6e, 0x74, 0x69, 0x61, 0x6c, 0x5f, 0x31, 0x32, 0x33, 0x5f, 0x31,
  0x2f, 0x6c, 0x73, 0x74, 0x6d, 0x5f, 0x33, 0x5f, 0x31, 0x2f, 0x6c, 0x73,
  0x74, 0x6d, 0x5f, 0x63, 0x65, 0x6c, 0x6c, 0x5f, 0x37, 0x2f, 0x53, 0x71,
  0x75, 0x65, 0x65, 0x7a, 0x65, 0x00, 0x00, 0x00, 0x01, 0x00, 0x00, 0x00,
  0x40, 0x00, 0x00, 0x00, 0x6e, 0xea, 0xff, 0xff, 0x00, 0x00, 0x00, 0x01,
  0x10, 0x00, 0x00, 0x00, 0x10, 0x00, 0x00, 0x00, 0x3f, 0x00, 0x00, 0x00,
  0x3c, 0x00, 0x00, 0x00, 0xe0, 0xe9, 0xff, 0xff, 0x2e, 0x00, 0x00, 0x00,
  0x73, 0x65, 0x71, 0x75, 0x65, 0x6e, 0x74, 0x69, 0x61, 0x6c, 0x5f, 0x31,
  0x32, 0x33, 0x5f, 0x31, 0x2f, 0x6c, 0x73, 0x74, 0x6d, 0x5f, 0x33, 0x5f,
  0x31, 0x2f, 0x6c, 0x73, 0x74, 0x6d, 0x5f, 0x63, 0x65, 0x6c, 0x6c, 0x5f,
  0x37, 0x2f, 0x4d, 0x61, 0x74, 0x4d, 0x75, 0x6c, 0x5f, 0x31, 0x00, 0x00,
  0x02, 0x00, 0x00, 0x00, 0x01, 0x00, 0x00, 0x00, 0x40, 0x00, 0x00, 0x00,
  0xca, 0xea, 0xff, 0xff, 0x00, 0x00, 0x00, 0x01, 0x10, 0x00, 0x00, 0x00,
  0x10, 0x00, 0x00, 0x00, 0x3e, 0x00, 0x00, 0x00, 0x38, 0x00, 0x00, 0x00,
  0x3c, 0xea, 0xff, 0xff, 0x2b, 0x00, 0x00, 0x00, 0x73, 0x65, 0x71, 0x75,
  0x65, 0x6e, 0x74, 0x69, 0x61, 0x6c, 0x5f, 0x31, 0x32, 0x33, 0x5f, 0x31,
  0x2f, 0x6c, 0x73, 0x74, 0x6d, 0x5f, 0x33, 0x5f, 0x31, 0x2f, 0x6c, 0x73,
  0x74, 0x6d, 0x5f, 0x63, 0x65, 0x6c, 0x6c, 0x5f, 0x35, 0x2f, 0x6d, 0x75,
  0x6c, 0x5f, 0x32, 0x00, 0x02, 0x00, 0x00, 0x00, 0x01, 0x00, 0x00, 0x00,
  0x10, 0x00, 0x00, 0x00, 0x22, 0xeb, 0xff, 0xff, 0x00, 0x00, 0x00, 0x01,
  0x10, 0x00, 0x00, 0x00, 0x10, 0x00, 0x00, 0x00, 0x3d, 0x00, 0x00, 0x00,
  0x3c, 0x00, 0x00, 0x00, 0x94, 0xea, 0xff, 0xff, 0x2c, 0x00, 0x00, 0x00,
  0x73, 0x65, 0x71, 0x75, 0x65, 0x6e, 0x74, 0x69, 0x61, 0x6c, 0x5f, 0x31,
  0x32, 0x33, 0x5f, 0x31, 0x2f, 0x6c, 0x73, 0x74, 0x6d, 0x5f, 0x33, 0x5f,
  0x31, 0x2f, 0x6c, 0x73, 0x74, 0x6d, 0x5f, 0x63, 0x65, 0x6c, 0x6c, 0x5f,
  0x35, 0x2f, 0x54, 0x61, 0x6e, 0x68, 0x5f, 0x31, 0x00, 0x00, 0x00, 0x00,
  0x02, 0x00, 0x00, 0x00, 0x01, 0x00, 0x00, 0x00, 0x10, 0x00, 0x00, 0x00,
  0x7e, 0xeb, 0xff, 0xff, 0x00, 0x00, 0x00, 0x01, 0x10, 0x00, 0x00, 0x00,
  0x10, 0x00, 0x00, 0x00, 0x3c, 0x00, 0x00, 0x00, 0x38, 0x00, 0x00, 0x00,
  0xf0, 0xea, 0xff, 0xff, 0x29, 0x00, 0x00, 0x00, 0x73, 0x65, 0x71, 0x75,
  0x65, 0x6e, 0x74, 0x69, 0x61, 0x6c, 0x5f, 0x31, 0x32, 0x33, 0x5f, 0x31,
  0x2f, 0x6c, 0x73, 0x74, 0x6d, 0x5f, 0x33, 0x5f, 0x31, 0x2f, 0x6c, 0x73,
  0x74, 0x6d, 0x5f, 0x63, 0x65, 0x6c, 0x6c, 0x5f, 0x35, 0x2f, 0x61, 0x64,
  0x64, 0x00, 0x00, 0x00, 0x02, 0x00, 0x00, 0x00, 0x01, 0x00, 0x00, 0x00,
  0x10, 0x00, 0x00, 0x00, 0xd6, 0xeb, 0xff, 0xff, 0x00, 0x00, 0x00, 0x01,
  0x10, 0x00, 0x00, 0x00, 0x10, 0x00, 0x00, 0x00, 0x3b, 0x00, 0x00, 0x00,
  0x38, 0x00, 0x00, 0x00, 0x48, 0xeb, 0xff, 0xff, 0x2b, 0x00, 0x00, 0x00,
  0x73, 0x65, 0x71, 0x75, 0x65, 0x6e, 0x74, 0x69, 0x61, 0x6c, 0x5f, 0x31,
  0x32, 0x33, 0x5f, 0x31, 0x2f, 0x6c, 0x73, 0x74, 0x6d, 0x5f, 0x33, 0x5f,
  0x31, 0x2f, 0x6c, 0x73, 0x74, 0x6d, 0x5f, 0x63, 0x65, 0x6c, 0x6c, 0x5f,
  0x35, 0x2f, 0x6d, 0x75, 0x6c, 0x5f, 0x31, 0x00, 0x02, 0x00, 0x00, 0x00,
  0x01, 0x00, 0x00, 0x00, 0x10, 0x00, 0x00, 0x00, 0x2e, 0xec, 0xff, 0xff,
  0x00, 0x00, 0x00, 0x01, 0x10, 0x00, 0x00, 0x00, 0x10, 0x00, 0x00, 0x00,
  0x3a, 0x00, 0x00, 0x00, 0x38, 0x00, 0x00, 0x00, 0xa0, 0xeb, 0xff, 0xff,
  0x2a, 0x00, 0x00, 0x00, 0x73, 0x65, 0x71, 0x75, 0x65, 0x6e, 0x74, 0x69,
  0x61, 0x6c, 0x5f, 0x31, 0x32, 0x33, 0x5f, 0x31, 0x2f, 0x6c, 0x73, 0x74,
  0x6d, 0x5f, 0x33, 0x5f, 0x31, 0x2f, 0x6c, 0x73, 0x74, 0x6d, 0x5f, 0x63,
  0x65, 0x6c, 0x6c, 0x5f, 0x35, 0x2f, 0x54, 0x61, 0x6e, 0x68, 0x00, 0x00,
  0x02, 0x00, 0x00, 0x00, 0x01, 0x00, 0x00, 0x00, 0x10, 0x00, 0x00, 0x00,
  0x86, 0xec, 0xff, 0xff, 0x00, 0x00, 0x00, 0x01, 0x10, 0x00, 0x00, 0x00,
  0x10, 0x00, 0x00, 0x00, 0x39, 0x00, 0x00, 0x00, 0x3c, 0x00, 0x00, 0x00,
  0xf8, 0xeb, 0xff, 0xff, 0x2f, 0x00, 0x00, 0x00, 0x73, 0x65, 0x71, 0x75,
  0x65, 0x6e, 0x74, 0x69, 0x61, 0x6c, 0x5f, 0x31, 0x32, 0x33, 0x5f, 0x31,
  0x2f, 0x6c, 0x73, 0x74, 0x6d, 0x5f, 0x33, 0x5f, 0x31, 0x2f, 0x6c, 0x73,
  0x74, 0x6d, 0x5f, 0x63, 0x65, 0x6c, 0x6c, 0x5f, 0x35, 0x2f, 0x53, 0x69,
  0x67, 0x6d, 0x6f, 0x69, 0x64, 0x5f, 0x32, 0x00, 0x02, 0x00, 0x00, 0x00,
  0x01, 0x00, 0x00, 0x00, 0x10, 0x00, 0x00, 0x00, 0xe2, 0xec, 0xff, 0xff,
  0x00, 0x00, 0x00, 0x01, 0x10, 0x00, 0x00, 0x00, 0x10, 0x00, 0x00, 0x00,
  0x38, 0x00, 0x00, 0x00, 0x38, 0x00, 0x00, 0x00, 0x54, 0xec, 0xff, 0xff,
  0x29, 0x00, 0x00, 0x00, 0x73, 0x65, 0x71, 0x75, 0x65, 0x6e, 0x74, 0x69,
  0x61, 0x6c, 0x5f, 0x31, 0x32, 0x33, 0x5f, 0x31, 0x2f, 0x6c, 0x73, 0x74,
  0x6d, 0x5f, 0x33, 0x5f, 0x31, 0x2f, 0x6c, 0x73, 0x74, 0x6d, 0x5f, 0x63,
  0x65, 0x6c, 0x6c, 0x5f, 0x35, 0x2f, 0x6d, 0x75, 0x6c, 0x00, 0x00, 0x00,
  0x02, 0x00, 0x00, 0x00, 0x01, 0x00, 0x00, 0x00, 0x10, 0x00, 0x00, 0x00,
  0x3a, 0xed, 0xff, 0xff, 0x00, 0x00, 0x00, 0x01, 0x10, 0x00, 0x00, 0x00,
  0x10, 0x00, 0x00, 0x00, 0x37, 0x00, 0x00, 0x00, 0x3c, 0x00, 0x00, 0x00,
  0xac, 0xec, 0xff, 0xff, 0x2f, 0x00, 0x00, 0x00, 0x73, 0x65, 0x71, 0x75,
  0x65, 0x6e, 0x74, 0x69, 0x61, 0x6c, 0x5f, 0x31, 0x32, 0x33, 0x5f, 0x31,
  0x2f, 0x6c, 0x73, 0x74, 0x6d, 0x5f, 0x33, 0x5f, 0x31, 0x2f, 0x6c, 0x73,
  0x74, 0x6d, 0x5f, 0x63, 0x65, 0x6c, 0x6c, 0x5f, 0x35, 0x2f, 0x53, 0x69,
  0x67, 0x6d, 0x6f, 0x69, 0x64, 0x5f, 0x31, 0x00, 0x02, 0x00, 0x00, 0x00,
  0x01, 0x00, 0x00, 0x00, 0x10, 0x00, 0x00, 0x00, 0x96, 0xed, 0xff, 0xff,
  0x00, 0x00, 0x00, 0x01, 0x10, 0x00, 0x00, 0x00, 0x10, 0x00, 0x00, 0x00,
  0x36, 0x00, 0x00, 0x00, 0x3c, 0x00, 0x00, 0x00, 0x08, 0xed, 0xff, 0xff,
  0x2d, 0x00, 0x00, 0x00, 0x73, 0x65, 0x71, 0x75, 0x65, 0x6e, 0x74, 0x69,
  0x61, 0x6c, 0x5f, 0x31, 0x32, 0x33, 0x5f, 0x31, 0x2f, 0x6c, 0x73, 0x74,
  0x6d, 0x5f, 0x33, 0x5f, 0x31, 0x2f, 0x6c, 0x73, 0x74, 0x6d, 0x5f, 0x63,
  0x65, 0x6c, 0x6c, 0x5f, 0x35, 0x2f, 0x53, 0x69, 0x67, 0x6d, 0x6f, 0x69,
  0x64, 0x00, 0x00, 0x00, 0x02, 0x00, 0x00, 0x00, 0x01, 0x00, 0x00, 0x00,
  0x10, 0x00, 0x00, 0x00, 0xf2, 0xed, 0xff, 0xff, 0x00, 0x00, 0x00, 0x01,
  0x10, 0x00, 0x00, 0x00, 0x10, 0x00, 0x00, 0x00, 0x35, 0x00, 0x00, 0x00,
  0x3c, 0x00, 0x00, 0x00, 0x64, 0xed, 0xff, 0xff, 0x2c, 0x00, 0x00, 0x00,
  0x73, 0x65, 0x71, 0x75, 0x65, 0x6e, 0x74, 0x69, 0x61, 0x6c, 0x5f, 0x31,
  0x32, 0x33, 0x5f, 0x31, 0x2f, 0x6c, 0x73, 0x74, 0x6d, 0x5f, 0x33, 0x5f,
  0x31, 0x2f, 0x6c, 0x73, 0x74, 0x6d, 0x5f, 0x63, 0x65, 0x6c, 0x6c, 0x5f,
  0x35, 0x2f, 0x73, 0x70, 0x6c, 0x69, 0x74, 0x33, 0x00, 0x00, 0x00, 0x00,
  0x02, 0x00, 0x00, 0x00, 0x01, 0x00, 0x00, 0x00, 0x10, 0x00, 0x00, 0x00,
  0x4e, 0xee, 0xff, 0xff, 0x00, 0x00, 0x00, 0x01, 0x10, 0x00, 0x00, 0x00,
  0x10, 0x00, 0x00, 0x00, 0x34, 0x00, 0x00, 0x00, 0x3c, 0x00, 0x00, 0x00,
  0xc0, 0xed, 0xff, 0xff, 0x2c, 0x00, 0x00, 0x00, 0x73, 0x65, 0x71, 0x75,
  0x65, 0x6e, 0x74, 0x69, 0x61, 0x6c, 0x5f, 0x31, 0x32, 0x33, 0x5f, 0x31,
  0x2f, 0x6c, 0x73, 0x74, 0x6d, 0x5f, 0x33, 0x5f, 0x31, 0x2f, 0x6c, 0x73,
  0x74, 0x6d, 0x5f, 0x63, 0x65, 0x6c, 0x6c, 0x5f, 0x35, 0x2f, 0x73, 0x70,
  0x6c, 0x69, 0x74, 0x32, 0x00, 0x00, 0x00, 0x00, 0x02, 0x00, 0x00, 0x00,
  0x01, 0x00, 0x00, 0x00, 0x10, 0x00, 0x00, 0x00, 0xaa, 0xee, 0xff, 0xff,
  0x00, 0x00, 0x00, 0x01, 0x10, 0x00, 0x00, 0x00, 0x10, 0x00, 0x00, 0x00,
  0x33, 0x00, 0x00, 0x00, 0x3c, 0x00, 0x00, 0x00, 0x1c, 0xee, 0xff, 0xff,
  0x2c, 0x00, 0x00, 0x00, 0x73, 0x65, 0x71, 0x75, 0x65, 0x6e, 0x74, 0x69,
  0x61, 0x6c, 0x5f, 0x31, 0x32, 0x33, 0x5f, 0x31, 0x2f, 0x6c, 0x73, 0x74,
  0x6d, 0x5f, 0x33, 0x5f, 0x31, 0x2f, 0x6c, 0x73, 0x74, 0x6d, 0x5f, 0x63,
  0x65, 0x6c, 0x6c, 0x5f, 0x35, 0x2f, 0x73, 0x70, 0x6c, 0x69, 0x74, 0x31,
  0x00, 0x00, 0x00, 0x00, 0x02, 0x00, 0x00, 0x00, 0x01, 0x00, 0x00, 0x00,
  0x10, 0x00, 0x00, 0x00, 0x06, 0xef, 0xff, 0xff, 0x00, 0x00, 0x00, 0x01,
  0x10, 0x00, 0x00, 0x00, 0x10, 0x00, 0x00, 0x00, 0x32, 0x00, 0x00, 0x00,
  0x38, 0x00, 0x00, 0x00, 0x78, 0xee, 0xff, 0xff, 0x2b, 0x00, 0x00, 0x00,
  0x73, 0x65, 0x71, 0x75, 0x65, 0x6e, 0x74, 0x69, 0x61, 0x6c, 0x5f, 0x31,
  0x32, 0x33, 0x5f, 0x31, 0x2f, 0x6c, 0x73, 0x74, 0x6d, 0x5f, 0x33, 0x5f,
  0x31, 0x2f, 0x6c, 0x73, 0x74, 0x6d, 0x5f, 0x63, 0x65, 0x6c, 0x6c, 0x5f,
  0x35, 0x2f, 0x73, 0x70, 0x6c, 0x69, 0x74, 0x00, 0x02, 0x00, 0x00, 0x00,
  0x01, 0x00, 0x00, 0x00, 0x10, 0x00, 0x00, 0x00, 0x5e, 0xef, 0xff, 0xff,
  0x00, 0x00, 0x00, 0x01, 0x10, 0x00, 0x00, 0x00, 0x10, 0x00, 0x00, 0x00,
  0x31, 0x00, 0x00, 0x00, 0x3c, 0x00, 0x00, 0x00, 0xd0, 0xee, 0xff, 0xff,
  0x2f, 0x00, 0x00, 0x00, 0x73, 0x65, 0x71, 0x75, 0x65, 0x6e, 0x74, 0x69,
  0x61, 0x6c, 0x5f, 0x31, 0x32, 0x33, 0x5f, 0x31, 0x2f, 0x6c, 0x73, 0x74,
  0x6d, 0x5f, 0x33, 0x5f, 0x31, 0x2f, 0x6c, 0x73, 0x74, 0x6d, 0x5f, 0x63,
  0x65, 0x6c, 0x6c, 0x5f, 0x35, 0x2f, 0x42, 0x69, 0x61, 0x73, 0x41, 0x64,
  0x64, 0x5f, 0x31, 0x00, 0x02, 0x00, 0x00, 0x00, 0x01, 0x00, 0x00, 0x00,
  0x40, 0x00, 0x00, 0x00, 0xba, 0xef, 0xff, 0xff, 0x00, 0x00, 0x00, 0x01,
  0x10, 0x00, 0x00, 0x00, 0x10, 0x00, 0x00, 0x00, 0x30, 0x00, 0x00, 0x00,
  0x3c, 0x00, 0x00, 0x00, 0x2c, 0xef, 0xff, 0xff, 0x2d, 0x00, 0x00, 0x00,
  0x73, 0x65, 0x71, 0x75, 0x65, 0x6e, 0x74, 0x69, 0x61, 0x6c, 0x5f, 0x31,
  0x32, 0x33, 0x5f, 0x31, 0x2f, 0x6c, 0x73, 0x74, 0x6d, 0x5f, 0x33, 0x5f,
  0x31, 0x2f, 0x6c, 0x73, 0x74, 0x6d, 0x5f, 0x63, 0x65, 0x6c, 0x6c, 0x5f,
  0x35, 0x2f, 0x42, 0x69, 0x61, 0x73, 0x41, 0x64, 0x64, 0x00, 0x00, 0x00,
  0x02, 0x00, 0x00, 0x00, 0x01, 0x00, 0x00, 0x00, 0x40, 0x00, 0x00, 0x00,
  0x16, 0xf0, 0xff, 0xff, 0x00, 0x00, 0x00, 0x01, 0x10, 0x00, 0x00, 0x00,
  0x10, 0x00, 0x00, 0x00, 0x2f, 0x00, 0x00, 0x00, 0x3c, 0x00, 0x00, 0x00,
  0x88, 0xef, 0xff, 0xff, 0x2c, 0x00, 0x00, 0x00, 0x73, 0x65, 0x71, 0x75,
  0x65, 0x6e, 0x74, 0x69, 0x61, 0x6c, 0x5f, 0x31, 0x32, 0x33, 0x5f, 0x31,
  0x2f, 0x6c, 0x73, 0x74, 0x6d, 0x5f, 0x33, 0x5f, 0x31, 0x2f, 0x6c, 0x73,
  0x74, 0x6d, 0x5f, 0x63, 0x65, 0x6c, 0x6c, 0x5f, 0x35, 0x2f, 0x4d, 0x61,
  0x74, 0x4d, 0x75, 0x6c, 0x00, 0x00, 0x00, 0x00, 0x02, 0x00, 0x00, 0x00,
  0x01, 0x00, 0x00, 0x00, 0x40, 0x00, 0x00, 0x00, 0x72, 0xf0, 0xff, 0xff,
  0x00, 0x00, 0x00, 0x01, 0x10, 0x00, 0x00, 0x00, 0x10, 0x00, 0x00, 0x00,
  0x2e, 0x00, 0x00, 0x00, 0x3c, 0x00, 0x00, 0x00, 0xe4, 0xef, 0xff, 0xff,
  0x2d, 0x00, 0x00, 0x00, 0x73, 0x65, 0x71, 0x75, 0x65, 0x6e, 0x74, 0x69,
  0x61, 0x6c, 0x5f, 0x31, 0x32, 0x33, 0x5f, 0x31, 0x2f, 0x6c, 0x73, 0x74,
  0x6d, 0x5f, 0x33, 0x5f, 0x31, 0x2f, 0x6c, 0x73, 0x74, 0x6d, 0x5f, 0x63,
  0x65, 0x6c, 0x6c, 0x5f, 0x35, 0x2f, 0x53, 0x71, 0x75, 0x65, 0x65, 0x7a,
  0x65, 0x00, 0x00, 0x00, 0x01, 0x00, 0x00, 0x00, 0x40, 0x00, 0x00, 0x00,
  0xca, 0xf0, 0xff, 0xff, 0x00, 0x00, 0x00, 0x01, 0x10, 0x00, 0x00, 0x00,
  0x10, 0x00, 0x00, 0x00, 0x2d, 0x00, 0x00, 0x00, 0x3c, 0x00, 0x00, 0x00,
  0x3c, 0xf0, 0xff, 0xff, 0x2e, 0x00, 0x00, 0x00, 0x73, 0x65, 0x71, 0x75,
  0x65, 0x6e, 0x74, 0x69, 0x61, 0x6c, 0x5f, 0x31, 0x32, 0x33, 0x5f, 0x31,
  0x2f, 0x6c, 0x73, 0x74, 0x6d, 0x5f, 0x33, 0x5f, 0x31, 0x2f, 0x6c, 0x73,
  0x74, 0x6d, 0x5f, 0x63, 0x65, 0x6c, 0x6c, 0x5f, 0x35, 0x2f, 0x4d, 0x61,
  0x74, 0x4d, 0x75, 0x6c, 0x5f, 0x31, 0x00, 0x00, 0x02, 0x00, 0x00, 0x00,
  0x01, 0x00, 0x00, 0x00, 0x40, 0x00, 0x00, 0x00, 0x26, 0xf1, 0xff, 0xff,
  0x00, 0x00, 0x00, 0x01, 0x10, 0x00, 0x00, 0x00, 0x10, 0x00, 0x00, 0x00,
  0x2c, 0x00, 0x00, 0x00, 0x38, 0x00, 0x00, 0x00, 0x98, 0xf0, 0xff, 0xff,
  0x2b, 0x00, 0x00, 0x00, 0x73, 0x65, 0x71, 0x75, 0x65, 0x6e, 0x74, 0x69,
  0x61, 0x6c, 0x5f, 0x31, 0x32, 0x33, 0x5f, 0x31, 0x2f, 0x6c, 0x73, 0x74,
  0x6d, 0x5f, 0x33, 0x5f, 0x31, 0x2f, 0x6c, 0x73, 0x74, 0x6d, 0x5f, 0x63,
  0x65, 0x6c, 0x6c, 0x5f, 0x33, 0x2f, 0x6d, 0x75, 0x6c, 0x5f, 0x32, 0x00,
  0x02, 0x00, 0x00, 0x00, 0x01, 0x00, 0x00, 0x00, 0x10, 0x00, 0x00, 0x00,
  0x7e, 0xf1, 0xff, 0xff, 0x00, 0x00, 0x00, 0x01, 0x10, 0x00, 0x00, 0x00,
  0x10, 0x00, 0x00, 0x00, 0x2b, 0x00, 0x00, 0x00, 0x3c, 0x00, 0x00, 0x00,
  0xf0, 0xf0, 0xff, 0xff, 0x2c, 0x00, 0x00, 0x00, 0x73, 0x65, 0x71, 0x75,
  0x65, 0x6e, 0x74, 0x69, 0x61, 0x6c, 0x5f, 0x31, 0x32, 0x33, 0x5f, 0x31,
  0x2f, 0x6c, 0x73, 0x74, 0x6d, 0x5f, 0x33, 0x5f, 0x31, 0x2f, 0x6c, 0x73,
  0x74, 0x6d, 0x5f, 0x63, 0x65, 0x6c, 0x6c, 0x5f, 0x33, 0x2f, 0x54, 0x61,
  0x6e, 0x68, 0x5f, 0x31, 0x00, 0x00, 0x00, 0x00, 0x02, 0x00, 0x00, 0x00,
  0x01, 0x00, 0x00, 0x00, 0x10, 0x00, 0x00, 0x00, 0xda, 0xf1, 0xff, 0xff,
  0x00, 0x00, 0x00, 0x01, 0x10, 0x00, 0x00, 0x00, 0x10, 0x00, 0x00, 0x00,
  0x2a, 0x00, 0x00, 0x00, 0x38, 0x00, 0x00, 0x00, 0x4c, 0xf1, 0xff, 0xff,
  0x29, 0x00, 0x00, 0x00, 0x73, 0x65, 0x71, 0x75, 0x65, 0x6e, 0x74, 0x69,
  0x61, 0x6c, 0x5f, 0x31, 0x32, 0x33, 0x5f, 0x31, 0x2f, 0x6c, 0x73, 0x74,
  0x6d, 0x5f, 0x33, 0x5f, 0x31, 0x2f, 0x6c, 0x73, 0x74, 0x6d, 0x5f, 0x63,
  0x65, 0x6c, 0x6c, 0x5f, 0x33, 0x2f, 0x61, 0x64, 0x64, 0x00, 0x00, 0x00,
  0x02, 0x00, 0x00, 0x00, 0x01, 0x00, 0x00, 0x00, 0x10, 0x00, 0x00, 0x00,
  0x32, 0xf2, 0xff, 0xff, 0x00, 0x00, 0x00, 0x01, 0x10, 0x00, 0x00, 0x00,
  0x10, 0x00, 0x00, 0x00, 0x29, 0x00, 0x00, 0x00, 0x38, 0x00, 0x00, 0x00,
  0xa4, 0xf1, 0xff, 0xff, 0x2b, 0x00, 0x00, 0x00, 0x73, 0x65, 0x71, 0x75,
  0x65, 0x6e, 0x74, 0x69, 0x61, 0x6c, 0x5f, 0x31, 0x32, 0x33, 0x5f, 0x31,
  0x2f, 0x6c, 0x73, 0x74, 0x6d, 0x5f, 0x33, 0x5f, 0x31, 0x2f, 0x6c, 0x73,
  0x74, 0x6d, 0x5f, 0x63, 0x65, 0x6c, 0x6c, 0x5f, 0x33, 0x2f, 0x6d, 0x75,
  0x6c, 0x5f, 0x31, 0x00, 0x02, 0x00, 0x00, 0x00, 0x01, 0x00, 0x00, 0x00,
  0x10, 0x00, 0x00, 0x00, 0x8a, 0xf2, 0xff, 0xff, 0x00, 0x00, 0x00, 0x01,
  0x10, 0x00, 0x00, 0x00, 0x10, 0x00, 0x00, 0x00, 0x28, 0x00, 0x00, 0x00,
  0x38, 0x00, 0x00, 0x00, 0xfc, 0xf1, 0xff, 0xff, 0x2a, 0x00, 0x00, 0x00,
  0x73, 0x65, 0x71, 0x75, 0x65, 0x6e, 0x74, 0x69, 0x61, 0x6c, 0x5f, 0x31,
  0x32, 0x33, 0x5f, 0x31, 0x2f, 0x6c, 0x73, 0x74, 0x6d, 0x5f, 0x33, 0x5f,
  0x31, 0x2f, 0x6c, 0x73, 0x74, 0x6d, 0x5f, 0x63, 0x65, 0x6c, 0x6c, 0x5f,
  0x33, 0x2f, 0x54, 0x61, 0x6e, 0x68, 0x00, 0x00, 0x02, 0x00, 0x00, 0x00,
  0x01, 0x00, 0x00, 0x00, 0x10, 0x00, 0x00, 0x00, 0xe2, 0xf2, 0xff, 0xff,
  0x00, 0x00, 0x00, 0x01, 0x10, 0x00, 0x00, 0x00, 0x10, 0x00, 0x00, 0x00,
  0x27, 0x00, 0x00, 0x00, 0x3c, 0x00, 0x00, 0x00, 0x54, 0xf2, 0xff, 0xff,
  0x2f, 0x00, 0x00, 0x00, 0x73, 0x65, 0x71, 0x75, 0x65, 0x6e, 0x74, 0x69,
  0x61, 0x6c, 0x5f, 0x31, 0x32, 0x33, 0x5f, 0x31, 0x2f, 0x6c, 0x73, 0x74,
  0x6d, 0x5f, 0x33, 0x5f, 0x31, 0x2f, 0x6c, 0x73, 0x74, 0x6d, 0x5f, 0x63,
  0x65, 0x6c, 0x6c, 0x5f, 0x33, 0x2f, 0x53, 0x69, 0x67, 0x6d, 0x6f, 0x69,
  0x64, 0x5f, 0x32, 0x00, 0x02, 0x00, 0x00, 0x00, 0x01, 0x00, 0x00, 0x00,
  0x10, 0x00, 0x00, 0x00, 0x3e, 0xf3, 0xff, 0xff, 0x00, 0x00, 0x00, 0x01,
  0x10, 0x00, 0x00, 0x00, 0x10, 0x00, 0x00, 0x00, 0x26, 0x00, 0x00, 0x00,
  0x38, 0x00, 0x00, 0x00, 0xb0, 0xf2, 0xff, 0xff, 0x29, 0x00, 0x00, 0x00,
  0x73, 0x65, 0x71, 0x75, 0x65, 0x6e, 0x74, 0x69, 0x61, 0x6c, 0x5f, 0x31,
  0x32, 0x33, 0x5f, 0x31, 0x2f, 0x6c, 0x73, 0x74, 0x6d, 0x5f, 0x33, 0x5f,
  0x31, 0x2f, 0x6c, 0x73, 0x74, 0x6d, 0x5f, 0x63, 0x65, 0x6c, 0x6c, 0x5f,
  0x33, 0x2f, 0x6d, 0x75, 0x6c, 0x00, 0x00, 0x00, 0x02, 0x00, 0x00, 0x00,
  0x01, 0x00, 0x00, 0x00, 0x10, 0x00, 0x00, 0x00, 0x96, 0xf3, 0xff, 0xff,
  0x00, 0x00, 0x00, 0x01, 0x10, 0x00, 0x00, 0x00, 0x10, 0x00, 0x00, 0x00,
  0x25, 0x00, 0x00, 0x00, 0x3c, 0x00, 0x00, 0x00, 0x08, 0xf3, 0xff, 0xff,
  0x2f, 0x00, 0x00, 0x00, 0x73, 0x65, 0x71, 0x75, 0x65, 0x6e, 0x74, 0x69,
  0x61, 0x6c, 0x5f, 0x31, 0x32, 0x33, 0x5f, 0x31, 0x2f, 0x6c, 0x73, 0x74,
  0x6d, 0x5f, 0x33, 0x5f, 0x31, 0x2f, 0x6c, 0x73, 0x74, 0x6d, 0x5f, 0x63,
  0x65, 0x6c, 0x6c, 0x5f, 0x33, 0x2f, 0x53, 0x69, 0x67, 0x6d, 0x6f, 0x69,
  0x64, 0x5f, 0x31, 0x00, 0x02, 0x00, 0x00, 0x00, 0x01, 0x00, 0x00, 0x00,
  0x10, 0x00, 0x00, 0x00, 0xf2, 0xf3, 0xff, 0xff, 0x00, 0x00, 0x00, 0x01,
  0x10, 0x00, 0x00, 0x00, 0x10, 0x00, 0x00, 0x00, 0x24, 0x00, 0x00, 0x00,
  0x3c, 0x00, 0x00, 0x00, 0x64, 0xf3, 0xff, 0xff, 0x2d, 0x00, 0x00, 0x00,
  0x73, 0x65, 0x71, 0x75, 0x65, 0x6e, 0x74, 0x69, 0x61, 0x6c, 0x5f, 0x31,
  0x32, 0x33, 0x5f, 0x31, 0x2f, 0x6c, 0x73, 0x74, 0x6d, 0x5f, 0x33, 0x5f,
  0x31, 0x2f, 0x6c, 0x73, 0x74, 0x6d, 0x5f, 0x63, 0x65, 0x6c, 0x6c, 0x5f,
  0x33, 0x2f, 0x53, 0x69, 0x67, 0x6d, 0x6f, 0x69, 0x64, 0x00, 0x00, 0x00,
  0x02, 0x00, 0x00, 0x00, 0x01, 0x00, 0x00, 0x00, 0x10, 0x00, 0x00, 0x00,
  0x4e, 0xf4, 0xff, 0xff, 0x00, 0x00, 0x00, 0x01, 0x10, 0x00, 0x00, 0x00,
  0x10, 0x00, 0x00, 0x00, 0x23, 0x00, 0x00, 0x00, 0x3c, 0x00, 0x00, 0x00,
  0xc0, 0xf3, 0xff, 0xff, 0x2c, 0x00, 0x00, 0x00, 0x73, 0x65, 0x71, 0x75,
  0x65, 0x6e, 0x74, 0x69, 0x61, 0x6c, 0x5f, 0x31, 0x32, 0x33, 0x5f, 0x31,
  0x2f, 0x6c, 0x73, 0x74, 0x6d, 0x5f, 0x33, 0x5f, 0x31, 0x2f, 0x6c, 0x73,
  0x74, 0x6d, 0x5f, 0x63, 0x65, 0x6c, 0x6c, 0x5f, 0x33, 0x2f, 0x73, 0x70,
  0x6c, 0x69, 0x74, 0x33, 0x00, 0x00, 0x00, 0x00, 0x02, 0x00, 0x00, 0x00,
  0x01, 0x00, 0x00, 0x00, 0x10, 0x00, 0x00, 0x00, 0xaa, 0xf4, 0xff, 0xff,
  0x00, 0x00, 0x00, 0x01, 0x10, 0x00, 0x00, 0x00, 0x10, 0x00, 0x00, 0x00,
  0x22, 0x00, 0x00, 0x00, 0x3c, 0x00, 0x00, 0x00, 0x1c, 0xf4, 0xff, 0xff,
  0x2c, 0x00, 0x00, 0x00, 0x73, 0x65, 0x71, 0x75, 0x65, 0x6e, 0x74, 0x69,
  0x61, 0x6c, 0x5f, 0x31, 0x32, 0x33, 0x5f, 0x31, 0x2f, 0x6c, 0x73, 0x74,
  0x6d, 0x5f, 0x33, 0x5f, 0x31, 0x2f, 0x6c, 0x73, 0x74, 0x6d, 0x5f, 0x63,
  0x65, 0x6c, 0x6c, 0x5f, 0x33, 0x2f, 0x73, 0x70, 0x6c, 0x69, 0x74, 0x32,
  0x00, 0x00, 0x00, 0x00, 0x02, 0x00, 0x00, 0x00, 0x01, 0x00, 0x00, 0x00,
  0x10, 0x00, 0x00, 0x00, 0x06, 0xf5, 0xff, 0xff, 0x00, 0x00, 0x00, 0x01,
  0x10, 0x00, 0x00, 0x00, 0x10, 0x00, 0x00, 0x00, 0x21, 0x00, 0x00, 0x00,
  0x3c, 0x00, 0x00, 0x00, 0x78, 0xf4, 0xff, 0xff, 0x2c, 0x00, 0x00, 0x00,
  0x73, 0x65, 0x71, 0x75, 0x65, 0x6e, 0x74, 0x69, 0x61, 0x6c, 0x5f, 0x31,
  0x32, 0x33, 0x5f, 0x31, 0x2f, 0x6c, 0x73, 0x74, 0x6d, 0x5f, 0x33, 0x5f,
  0x31, 0x2f, 0x6c, 0x73, 0x74, 0x6d, 0x5f, 0x63, 0x65, 0x6c, 0x6c, 0x5f,
  0x33, 0x2f, 0x73, 0x70, 0x6c, 0x69, 0x74, 0x31, 0x00, 0x00, 0x00, 0x00,
  0x02, 0x00, 0x00, 0x00, 0x01, 0x00, 0x00, 0x00, 0x10, 0x00, 0x00, 0x00,
  0x62, 0xf5, 0xff, 0xff, 0x00, 0x00, 0x00, 0x01, 0x10, 0x00, 0x00, 0x00,
  0x10, 0x00, 0x00, 0x00, 0x20, 0x00, 0x00, 0x00, 0x38, 0x00, 0x00, 0x00,
  0xd4, 0xf4, 0xff, 0xff, 0x2b, 0x00, 0x00, 0x00, 0x73, 0x65, 0x71, 0x75,
  0x65, 0x6e, 0x74, 0x69, 0x61, 0x6c, 0x5f, 0x31, 0x32, 0x33, 0x5f, 0x31,
  0x2f, 0x6c, 0x73, 0x74, 0x6d, 0x5f, 0x33, 0x5f, 0x31, 0x2f, 0x6c, 0x73,
  0x74, 0x6d, 0x5f, 0x63, 0x65, 0x6c, 0x6c, 0x5f, 0x33, 0x2f, 0x73, 0x70,
  0x6c, 0x69, 0x74, 0x00, 0x02, 0x00, 0x00, 0x00, 0x01, 0x00, 0x00, 0x00,
  0x10, 0x00, 0x00, 0x00, 0xba, 0xf5, 0xff, 0xff, 0x00, 0x00, 0x00, 0x01,
  0x10, 0x00, 0x00, 0x00, 0x10, 0x00, 0x00, 0x00, 0x1f, 0x00, 0x00, 0x00,
  0x3c, 0x00, 0x00, 0x00, 0x2c, 0xf5, 0xff, 0xff, 0x2f, 0x00, 0x00, 0x00,
  0x73, 0x65, 0x71, 0x75, 0x65, 0x6e, 0x74, 0x69, 0x61, 0x6c, 0x5f, 0x31,
  0x32, 0x33, 0x5f, 0x31, 0x2f, 0x6c, 0x73, 0x74, 0x6d, 0x5f, 0x33, 0x5f,
  0x31, 0x2f, 0x6c, 0x73, 0x74, 0x6d, 0x5f, 0x63, 0x65, 0x6c, 0x6c, 0x5f,
  0x33, 0x2f, 0x42, 0x69, 0x61, 0x73, 0x41, 0x64, 0x64, 0x5f, 0x31, 0x00,
  0x02, 0x00, 0x00, 0x00, 0x01, 0x00, 0x00, 0x00, 0x40, 0x00, 0x00, 0x00,
  0x16, 0xf6, 0xff, 0xff, 0x00, 0x00, 0x00, 0x01, 0x10, 0x00, 0x00, 0x00,
  0x10, 0x00, 0x00, 0x00, 0x1e, 0x00, 0x00, 0x00, 0x3c, 0x00, 0x00, 0x00,
  0x88, 0xf5, 0xff, 0xff, 0x2d, 0x00, 0x00, 0x00, 0x73, 0x65, 0x71, 0x75,
  0x65, 0x6e, 0x74, 0x69, 0x61, 0x6c, 0x5f, 0x31, 0x32, 0x33, 0x5f, 0x31,
  0x2f, 0x6c, 0x73, 0x74, 0x6d, 0x5f, 0x33, 0x5f, 0x31, 0x2f, 0x6c, 0x73,
  0x74, 0x6d, 0x5f, 0x63, 0x65, 0x6c, 0x6c, 0x5f, 0x33, 0x2f, 0x42, 0x69,
  0x61, 0x73, 0x41, 0x64, 0x64, 0x00, 0x00, 0x00, 0x02, 0x00, 0x00, 0x00,
  0x01, 0x00, 0x00, 0x00, 0x40, 0x00, 0x00, 0x00, 0x72, 0xf6, 0xff, 0xff,
  0x00, 0x00, 0x00, 0x01, 0x10, 0x00, 0x00, 0x00, 0x10, 0x00, 0x00, 0x00,
  0x1d, 0x00, 0x00, 0x00, 0x3c, 0x00, 0x00, 0x00, 0xe4, 0xf5, 0xff, 0xff,
  0x2c, 0x00, 0x00, 0x00, 0x73, 0x65, 0x71, 0x75, 0x65, 0x6e, 0x74, 0x69,
  0x61, 0x6c, 0x5f, 0x31, 0x32, 0x33, 0x5f, 0x31, 0x2f, 0x6c, 0x73, 0x74,
  0x6d, 0x5f, 0x33, 0x5f, 0x31, 0x2f, 0x6c, 0x73, 0x74, 0x6d, 0x5f, 0x63,
  0x65, 0x6c, 0x6c, 0x5f, 0x33, 0x2f, 0x4d, 0x61, 0x74, 0x4d, 0x75, 0x6c,
  0x00, 0x00, 0x00, 0x00, 0x02, 0x00, 0x00, 0x00, 0x01, 0x00, 0x00, 0x00,
  0x40, 0x00, 0x00, 0x00, 0xce, 0xf6, 0xff, 0xff, 0x00, 0x00, 0x00, 0x01,
  0x10, 0x00, 0x00, 0x00, 0x10, 0x00, 0x00, 0x00, 0x1c, 0x00, 0x00, 0x00,
  0x3c, 0x00, 0x00, 0x00, 0x40, 0xf6, 0xff, 0xff, 0x2d, 0x00, 0x00, 0x00,
  0x73, 0x65, 0x71, 0x75, 0x65, 0x6e, 0x74, 0x69, 0x61, 0x6c, 0x5f, 0x31,
  0x32, 0x33, 0x5f, 0x31, 0x2f, 0x6c, 0x73, 0x74, 0x6d, 0x5f, 0x33, 0x5f,
  0x31, 0x2f, 0x6c, 0x73, 0x74, 0x6d, 0x5f, 0x63, 0x65, 0x6c, 0x6c, 0x5f,
  0x33, 0x2f, 0x53, 0x71, 0x75, 0x65, 0x65, 0x7a, 0x65, 0x00, 0x00, 0x00,
  0x01, 0x00, 0x00, 0x00, 0x40, 0x00, 0x00, 0x00, 0x26, 0xf7, 0xff, 0xff,
  0x00, 0x00, 0x00, 0x01, 0x10, 0x00, 0x00, 0x00, 0x10, 0x00, 0x00, 0x00,
  0x1b, 0x00, 0x00, 0x00, 0x3c, 0x00, 0x00, 0x00, 0x98, 0xf6, 0xff, 0xff,
  0x2e, 0x00, 0x00, 0x00, 0x73, 0x65, 0x71, 0x75, 0x65, 0x6e, 0x74, 0x69,
  0x61, 0x6c, 0x5f, 0x31, 0x32, 0x33, 0x5f, 0x31, 0x2f, 0x6c, 0x73, 0x74,
  0x6d, 0x5f, 0x33, 0x5f, 0x31, 0x2f, 0x6c, 0x73, 0x74, 0x6d, 0x5f, 0x63,
  0x65, 0x6c, 0x6c, 0x5f, 0x33, 0x2f, 0x4d, 0x61, 0x74, 0x4d, 0x75, 0x6c,
  0x5f, 0x31, 0x00, 0x00, 0x02, 0x00, 0x00, 0x00, 0x01, 0x00, 0x00, 0x00,
  0x40, 0x00, 0x00, 0x00, 0x82, 0xf7, 0xff, 0xff, 0x00, 0x00, 0x00, 0x01,
  0x10, 0x00, 0x00, 0x00, 0x10, 0x00, 0x00, 0x00, 0x1a, 0x00, 0x00, 0x00,
  0x38, 0x00, 0x00, 0x00, 0xf4, 0xf6, 0xff, 0xff, 0x2b, 0x00, 0x00, 0x00,
  0x73, 0x65, 0x71, 0x75, 0x65, 0x6e, 0x74, 0x69, 0x61, 0x6c, 0x5f, 0x31,
  0x32, 0x33, 0x5f, 0x31, 0x2f, 0x6c, 0x73, 0x74, 0x6d, 0x5f, 0x33, 0x5f,
  0x31, 0x2f, 0x6c, 0x73, 0x74, 0x6d, 0x5f, 0x63, 0x65, 0x6c, 0x6c, 0x5f,
  0x31, 0x2f, 0x6d, 0x75, 0x6c, 0x5f, 0x32, 0x00, 0x02, 0x00, 0x00, 0x00,
  0x01, 0x00, 0x00, 0x00, 0x10, 0x00, 0x00, 0x00, 0xda, 0xf7, 0xff, 0xff,
  0x00, 0x00, 0x00, 0x01, 0x10, 0x00, 0x00, 0x00, 0x10, 0x00, 0x00, 0x00,
  0x19, 0x00, 0x00, 0x00, 0x3c, 0x00, 0x00, 0x00, 0x4c, 0xf7, 0xff, 0xff,
  0x2c, 0x00, 0x00, 0x00, 0x73, 0x65, 0x71, 0x75, 0x65, 0x6e, 0x74, 0x69,
  0x61, 0x6c, 0x5f, 0x31, 0x32, 0x33, 0x5f, 0x31, 0x2f, 0x6c, 0x73, 0x74,
  0x6d, 0x5f, 0x33, 0x5f, 0x31, 0x2f, 0x6c, 0x73, 0x74, 0x6d, 0x5f, 0x63,
  0x65, 0x6c, 0x6c, 0x5f, 0x31, 0x2f, 0x54, 0x61, 0x6e, 0x68, 0x5f, 0x31,
  0x00, 0x00, 0x00, 0x00, 0x02, 0x00, 0x00, 0x00, 0x01, 0x00, 0x00, 0x00,
  0x10, 0x00, 0x00, 0x00, 0x36, 0xf8, 0xff, 0xff, 0x00, 0x00, 0x00, 0x01,
  0x10, 0x00, 0x00, 0x00, 0x10, 0x00, 0x00, 0x00, 0x18, 0x00, 0x00, 0x00,
  0x38, 0x00, 0x00, 0x00, 0xa8, 0xf7, 0xff, 0xff, 0x2b, 0x00, 0x00, 0x00,
  0x73, 0x65, 0x71, 0x75, 0x65, 0x6e, 0x74, 0x69, 0x61, 0x6c, 0x5f, 0x31,
  0x32, 0x33, 0x5f, 0x31, 0x2f, 0x6c, 0x73, 0x74, 0x6d, 0x5f, 0x33, 0x5f,
  0x31, 0x2f, 0x6c, 0x73, 0x74, 0x6d, 0x5f, 0x63, 0x65, 0x6c, 0x6c, 0x5f,
  0x31, 0x2f, 0x6d, 0x75, 0x6c, 0x5f, 0x31, 0x00, 0x02, 0x00, 0x00, 0x00,
  0x01, 0x00, 0x00, 0x00, 0x10, 0x00, 0x00, 0x00, 0x8e, 0xf8, 0xff, 0xff,
  0x00, 0x00, 0x00, 0x01, 0x10, 0x00, 0x00, 0x00, 0x10, 0x00, 0x00, 0x00,
  0x17, 0x00, 0x00, 0x00, 0x38, 0x00, 0x00, 0x00, 0x00, 0xf8, 0xff, 0xff,
  0x2a, 0x00, 0x00, 0x00, 0x73, 0x65, 0x71, 0x75, 0x65, 0x6e, 0x74, 0x69,
  0x61, 0x6c, 0x5f, 0x31, 0x32, 0x33, 0x5f, 0x31, 0x2f, 0x6c, 0x73, 0x74,
  0x6d, 0x5f, 0x33, 0x5f, 0x31, 0x2f, 0x6c, 0x73, 0x74, 0x6d, 0x5f, 0x63,
  0x65, 0x6c, 0x6c, 0x5f, 0x31, 0x2f, 0x54, 0x61, 0x6e, 0x68, 0x00, 0x00,
  0x02, 0x00, 0x00, 0x00, 0x01, 0x00, 0x00, 0x00, 0x10, 0x00, 0x00, 0x00,
  0xe6, 0xf8, 0xff, 0xff, 0x00, 0x00, 0x00, 0x01, 0x10, 0x00, 0x00, 0x00,
  0x10, 0x00, 0x00, 0x00, 0x16, 0x00, 0x00, 0x00, 0x3c, 0x00, 0x00, 0x00,
  0x58, 0xf8, 0xff, 0xff, 0x2f, 0x00, 0x00, 0x00, 0x73, 0x65, 0x71, 0x75,
  0x65, 0x6e, 0x74, 0x69, 0x61, 0x6c, 0x5f, 0x31, 0x32, 0x33, 0x5f, 0x31,
  0x2f, 0x6c, 0x73, 0x74, 0x6d, 0x5f, 0x33, 0x5f, 0x31, 0x2f, 0x6c, 0x73,
  0x74, 0x6d, 0x5f, 0x63, 0x65, 0x6c, 0x6c, 0x5f, 0x31, 0x2f, 0x53, 0x69,
  0x67, 0x6d, 0x6f, 0x69, 0x64, 0x5f, 0x32, 0x00, 0x02, 0x00, 0x00, 0x00,
  0x01, 0x00, 0x00, 0x00, 0x10, 0x00, 0x00, 0x00, 0x42, 0xf9, 0xff, 0xff,
  0x00, 0x00, 0x00, 0x01, 0x10, 0x00, 0x00, 0x00, 0x10, 0x00, 0x00, 0x00,
  0x15, 0x00, 0x00, 0x00, 0x3c, 0x00, 0x00, 0x00, 0xb4, 0xf8, 0xff, 0xff,
  0x2d, 0x00, 0x00, 0x00, 0x73, 0x65, 0x71, 0x75, 0x65, 0x6e, 0x74, 0x69,
  0x61, 0x6c, 0x5f, 0x31, 0x32, 0x33, 0x5f, 0x31, 0x2f, 0x6c, 0x73, 0x74,
  0x6d, 0x5f, 0x33, 0x5f, 0x31, 0x2f, 0x6c, 0x73, 0x74, 0x6d, 0x5f, 0x63,
  0x65, 0x6c, 0x6c, 0x5f, 0x31, 0x2f, 0x53, 0x69, 0x67, 0x6d, 0x6f, 0x69,
  0x64, 0x00, 0x00, 0x00, 0x02, 0x00, 0x00, 0x00, 0x01, 0x00, 0x00, 0x00,
  0x10, 0x00, 0x00, 0x00, 0x9e, 0xf9, 0xff, 0xff, 0x00, 0x00, 0x00, 0x01,
  0x10, 0x00, 0x00, 0x00, 0x10, 0x00, 0x00, 0x00, 0x14, 0x00, 0x00, 0x00,
  0x3c, 0x00, 0x00, 0x00, 0x10, 0xf9, 0xff, 0xff, 0x2c, 0x00, 0x00, 0x00,
  0x73, 0x65, 0x71, 0x75, 0x65, 0x6e, 0x74, 0x69, 0x61, 0x6c, 0x5f, 0x31,
  0x32, 0x33, 0x5f, 0x31, 0x2f, 0x6c, 0x73, 0x74, 0x6d, 0x5f, 0x33, 0x5f,
  0x31, 0x2f, 0x6c, 0x73, 0x74, 0x6d, 0x5f, 0x63, 0x65, 0x6c, 0x6c, 0x5f,
  0x31, 0x2f, 0x73, 0x70, 0x6c, 0x69, 0x74, 0x33, 0x00, 0x00, 0x00, 0x00,
  0x02, 0x00, 0x00, 0x00, 0x01, 0x00, 0x00, 0x00, 0x10, 0x00, 0x00, 0x00,
  0xfa, 0xf9, 0xff, 0xff, 0x00, 0x00, 0x00, 0x01, 0x10, 0x00, 0x00, 0x00,
  0x10, 0x00, 0x00, 0x00, 0x13, 0x00, 0x00, 0x00, 0x3c, 0x00, 0x00, 0x00,
  0x6c, 0xf9, 0xff, 0xff, 0x2c, 0x00, 0x00, 0x00, 0x73, 0x65, 0x71, 0x75,
  0x65, 0x6e, 0x74, 0x69, 0x61, 0x6c, 0x5f, 0x31, 0x32, 0x33, 0x5f, 0x31,
  0x2f, 0x6c, 0x73, 0x74, 0x6d, 0x5f, 0x33, 0x5f, 0x31, 0x2f, 0x6c, 0x73,
  0x74, 0x6d, 0x5f, 0x63, 0x65, 0x6c, 0x6c, 0x5f, 0x31, 0x2f, 0x73, 0x70,
  0x6c, 0x69, 0x74, 0x32, 0x00, 0x00, 0x00, 0x00, 0x02, 0x00, 0x00, 0x00,
  0x01, 0x00, 0x00, 0x00, 0x10, 0x00, 0x00, 0x00, 0x56, 0xfa, 0xff, 0xff,
  0x00, 0x00, 0x00, 0x01, 0x10, 0x00, 0x00, 0x00, 0x10, 0x00, 0x00, 0x00,
  0x12, 0x00, 0x00, 0x00, 0x3c, 0x00, 0x00, 0x00, 0xc8, 0xf9, 0xff, 0xff,
  0x2c, 0x00, 0x00, 0x00, 0x73, 0x65, 0x71, 0x75, 0x65, 0x6e, 0x74, 0x69,
  0x61, 0x6c, 0x5f, 0x31, 0x32, 0x33, 0x5f, 0x31, 0x2f, 0x6c, 0x73, 0x74,
  0x6d, 0x5f, 0x33, 0x5f, 0x31, 0x2f, 0x6c, 0x73, 0x74, 0x6d, 0x5f, 0x63,
  0x65, 0x6c, 0x6c, 0x5f, 0x31, 0x2f, 0x73, 0x70, 0x6c, 0x69, 0x74, 0x31,
  0x00, 0x00, 0x00, 0x00, 0x02, 0x00, 0x00, 0x00, 0x01, 0x00, 0x00, 0x00,
  0x10, 0x00, 0x00, 0x00, 0xb2, 0xfa, 0xff, 0xff, 0x00, 0x00, 0x00, 0x01,
  0x10, 0x00, 0x00, 0x00, 0x10, 0x00, 0x00, 0x00, 0x11, 0x00, 0x00, 0x00,
  0x38, 0x00, 0x00, 0x00, 0x24, 0xfa, 0xff, 0xff, 0x2b, 0x00, 0x00, 0x00,
  0x73, 0x65, 0x71, 0x75, 0x65, 0x6e, 0x74, 0x69, 0x61, 0x6c, 0x5f, 0x31,
  0x32, 0x33, 0x5f, 0x31, 0x2f, 0x6c, 0x73, 0x74, 0x6d, 0x5f, 0x33, 0x5f,
  0x31, 0x2f, 0x6c, 0x73, 0x74, 0x6d, 0x5f, 0x63, 0x65, 0x6c, 0x6c, 0x5f,
  0x31, 0x2f, 0x73, 0x70, 0x6c, 0x69, 0x74, 0x00, 0x02, 0x00, 0x00, 0x00,
  0x01, 0x00, 0x00, 0x00, 0x10, 0x00, 0x00, 0x00, 0x0a, 0xfb, 0xff, 0xff,
  0x00, 0x00, 0x00, 0x01, 0x10, 0x00, 0x00, 0x00, 0x10, 0x00, 0x00, 0x00,
  0x10, 0x00, 0x00, 0x00, 0x6c, 0x00, 0x00, 0x00, 0x7c, 0xfa, 0xff, 0xff,
  0x5c, 0x00, 0x00, 0x00, 0x73, 0x65, 0x71, 0x75, 0x65, 0x6e, 0x74, 0x69,
  0x61, 0x6c, 0x5f, 0x31, 0x32, 0x33, 0x5f, 0x31, 0x2f, 0x6c, 0x73, 0x74,
  0x6d, 0x5f, 0x33, 0x5f, 0x31, 0x2f, 0x6c, 0x73, 0x74, 0x6d, 0x5f, 0x63,
  0x65, 0x6c, 0x6c, 0x5f, 0x31, 0x2f, 0x4d, 0x61, 0x74, 0x4d, 0x75, 0x6c,
  0x3b, 0x73, 0x65, 0x71, 0x75, 0x65, 0x6e, 0x74, 0x69, 0x61, 0x6c, 0x5f,
  0x31, 0x32, 0x33, 0x5f, 0x31, 0x2f, 0x6c, 0x73, 0x74, 0x6d, 0x5f, 0x33,
  0x5f, 0x31, 0x2f, 0x6c, 0x73, 0x74, 0x6d, 0x5f, 0x63, 0x65, 0x6c, 0x6c,
  0x5f, 0x31, 0x2f, 0x42, 0x69, 0x61, 0x73, 0x41, 0x64, 0x64, 0x5f, 0x31,
  0x00, 0x00, 0x00, 0x00, 0x02, 0x00, 0x00, 0x00, 0x01, 0x00, 0x00, 0x00,
  0x40, 0x00, 0x00, 0x00, 0x96, 0xfb, 0xff, 0xff, 0x00, 0x00, 0x00, 0x01,
  0x10, 0x00, 0x00, 0x00, 0x10, 0x00, 0x00, 0x00, 0x0f, 0x00, 0x00, 0x00,
  0x30, 0x00, 0x00, 0x00, 0x08, 0xfb, 0xff, 0xff, 0x22, 0x00, 0x00, 0x00,
  0x73, 0x65, 0x71, 0x75, 0x65, 0x6e, 0x74, 0x69, 0x61, 0x6c, 0x5f, 0x31,
  0x32, 0x33, 0x5f, 0x31, 0x2f, 0x6c, 0x73, 0x74, 0x6d, 0x5f, 0x33, 0x5f,
  0x31, 0x2f, 0x75, 0x6e, 0x73, 0x74, 0x61, 0x63, 0x6b, 0x34, 0x00, 0x00,
  0x02, 0x00, 0x00, 0x00, 0x01, 0x00, 0x00, 0x00, 0x09, 0x00, 0x00, 0x00,
  0xe6, 0xfb, 0xff, 0xff, 0x00, 0x00, 0x00, 0x01, 0x10, 0x00, 0x00, 0x00,
  0x10, 0x00, 0x00, 0x00, 0x0e, 0x00, 0x00, 0x00, 0x30, 0x00, 0x00, 0x00,
  0x58, 0xfb, 0xff, 0xff, 0x22, 0x00, 0x00, 0x00, 0x73, 0x65, 0x71, 0x75,
  0x65, 0x6e, 0x74, 0x69, 0x61, 0x6c, 0x5f, 0x31, 0x32, 0x33, 0x5f, 0x31,
  0x2f, 0x6c, 0x73, 0x74, 0x6d, 0x5f, 0x33, 0x5f, 0x31, 0x2f, 0x75, 0x6e,
  0x73, 0x74, 0x61, 0x63, 0x6b, 0x33, 0x00, 0x00, 0x02, 0x00, 0x00, 0x00,
  0x01, 0x00, 0x00, 0x00, 0x09, 0x00, 0x00, 0x00, 0x36, 0xfc, 0xff, 0xff,
  0x00, 0x00, 0x00, 0x01, 0x10, 0x00, 0x00, 0x00, 0x10, 0x00, 0x00, 0x00,
  0x0d, 0x00, 0x00, 0x00, 0x30, 0x00, 0x00, 0x00, 0xa8, 0xfb, 0xff, 0xff,
  0x22, 0x00, 0x00, 0x00, 0x73, 0x65, 0x71, 0x75, 0x65, 0x6e, 0x74, 0x69,
  0x61, 0x6c, 0x5f, 0x31, 0x32, 0x33, 0x5f, 0x31, 0x2f, 0x6c, 0x73, 0x74,
  0x6d, 0x5f, 0x33, 0x5f, 0x31, 0x2f, 0x75, 0x6e, 0x73, 0x74, 0x61, 0x63,
  0x6b, 0x32, 0x00, 0x00, 0x02, 0x00, 0x00, 0x00, 0x01, 0x00, 0x00, 0x00,
  0x09, 0x00, 0x00, 0x00, 0x86, 0xfc, 0xff, 0xff, 0x00, 0x00, 0x00, 0x01,
  0x10, 0x00, 0x00, 0x00, 0x10, 0x00, 0x00, 0x00, 0x0c, 0x00, 0x00, 0x00,
  0x30, 0x00, 0x00, 0x00, 0xf8, 0xfb, 0xff, 0xff, 0x22, 0x00, 0x00, 0x00,
  0x73, 0x65, 0x71, 0x75, 0x65, 0x6e, 0x74, 0x69, 0x61, 0x6c, 0x5f, 0x31,
  0x32, 0x33, 0x5f, 0x31, 0x2f, 0x6c, 0x73, 0x74, 0x6d, 0x5f, 0x33, 0x5f,
  0x31, 0x2f, 0x75, 0x6e, 0x73, 0x74, 0x61, 0x63, 0x6b, 0x31, 0x00, 0x00,
  0x02, 0x00, 0x00, 0x00, 0x01, 0x00, 0x00, 0x00, 0x09, 0x00, 0x00, 0x00,
  0xd6, 0xfc, 0xff, 0xff, 0x00, 0x00, 0x00, 0x01, 0x10, 0x00, 0x00, 0x00,
  0x10, 0x00, 0x00, 0x00, 0x0b, 0x00, 0x00, 0x00, 0x30, 0x00, 0x00, 0x00,
  0x48, 0xfc, 0xff, 0xff, 0x21, 0x00, 0x00, 0x00, 0x73, 0x65, 0x71, 0x75,
  0x65, 0x6e, 0x74, 0x69, 0x61, 0x6c, 0x5f, 0x31, 0x32, 0x33, 0x5f, 0x31,
  0x2f, 0x6c, 0x73, 0x74, 0x6d, 0x5f, 0x33, 0x5f, 0x31, 0x2f, 0x75, 0x6e,
  0x73, 0x74, 0x61, 0x63, 0x6b, 0x00, 0x00, 0x00, 0x02, 0x00, 0x00, 0x00,
  0x01, 0x00, 0x00, 0x00, 0x09, 0x00, 0x00, 0x00, 0x26, 0xfd, 0xff, 0xff,
  0x00, 0x00, 0x00, 0x01, 0x10, 0x00, 0x00, 0x00, 0x10, 0x00, 0x00, 0x00,
  0x0a, 0x00, 0x00, 0x00, 0x5c, 0x00, 0x00, 0x00, 0x98, 0xfc, 0xff, 0xff,
  0x4d, 0x00, 0x00, 0x00, 0x73, 0x65, 0x71, 0x75, 0x65, 0x6e, 0x74, 0x69,
  0x61, 0x6c, 0x5f, 0x31, 0x32, 0x33, 0x5f, 0x31, 0x2f, 0x6c, 0x73, 0x74,
  0x6d, 0x5f, 0x33, 0x5f, 0x31, 0x2f, 0x74, 0x72, 0x61, 0x6e, 0x73, 0x70,
  0x6f, 0x73, 0x65, 0x3b, 0x73, 0x65, 0x71, 0x75, 0x65, 0x6e, 0x74, 0x69,
  0x61, 0x6c, 0x5f, 0x31, 0x32, 0x33, 0x5f, 0x31, 0x2f, 0x6c, 0x73, 0x74,
  0x6d, 0x5f, 0x33, 0x5f, 0x31, 0x2f, 0x74, 0x72, 0x61, 0x6e, 0x73, 0x70,
  0x6f, 0x73, 0x65, 0x2f, 0x70, 0x65, 0x72, 0x6d, 0x31, 0x00, 0x00, 0x00,
  0x03, 0x00, 0x00, 0x00, 0x05, 0x00, 0x00, 0x00, 0x01, 0x00, 0x00, 0x00,
  0x09, 0x00, 0x00, 0x00, 0x4a, 0xfe, 0xff, 0xff, 0x00, 0x00, 0x00, 0x01,
  0x14, 0x00, 0x00, 0x00, 0x14, 0x00, 0x00, 0x00, 0x09, 0x00, 0x00, 0x00,
  0x00, 0x00, 0x00, 0x02, 0x5c, 0x00, 0x00, 0x00, 0x1c, 0xfd, 0xff, 0xff,
  0x4c, 0x00, 0x00, 0x00, 0x73, 0x65, 0x71, 0x75, 0x65, 0x6e, 0x74, 0x69,
  0x61, 0x6c, 0x5f, 0x31, 0x32, 0x33, 0x5f, 0x31, 0x2f, 0x6c, 0x73, 0x74,
  0x6d, 0x5f, 0x33, 0x5f, 0x31, 0x2f, 0x74, 0x72, 0x61, 0x6e, 0x73, 0x70,
  0x6f, 0x73, 0x65, 0x3b, 0x73, 0x65, 0x71, 0x75, 0x65, 0x6e, 0x74, 0x69,
  0x61, 0x6c, 0x5f, 0x31, 0x32, 0x33, 0x5f, 0x31, 0x2f, 0x6c, 0x73, 0x74,
  0x6d, 0x5f, 0x33, 0x5f, 0x31, 0x2f, 0x74, 0x72, 0x61, 0x6e, 0x73, 0x70,
  0x6f, 0x73, 0x65, 0x2f, 0x70, 0x65, 0x72, 0x6d, 0x00, 0x00, 0x00, 0x00,
  0x01, 0x00, 0x00, 0x00, 0x03, 0x00, 0x00, 0x00, 0xc6, 0xfe, 0xff, 0xff,
  0x00, 0x00, 0x00, 0x01, 0x14, 0x00, 0x00, 0x00, 0x14, 0x00, 0x00, 0x00,
  0x08, 0x00, 0x00, 0x00, 0x00, 0x00, 0x00, 0x02, 0x1c, 0x00, 0x00, 0x00,
  0x98, 0xfd, 0xff, 0xff, 0x0f, 0x00, 0x00, 0x00, 0x61, 0x72, 0x69, 0x74,
  0x68, 0x2e, 0x63, 0x6f, 0x6e, 0x73, 0x74, 0x61, 0x6e, 0x74, 0x34, 0x00,
  0x00, 0x00, 0x00, 0x00, 0x5a, 0xfe, 0xff, 0xff, 0x00, 0x00, 0x00, 0x01,
  0x10, 0x00, 0x00, 0x00, 0x10, 0x00, 0x00, 0x00, 0x07, 0x00, 0x00, 0x00,
  0x1c, 0x00, 0x00, 0x00, 0xcc, 0xfd, 0xff, 0xff, 0x0f, 0x00, 0x00, 0x00,
  0x61, 0x72, 0x69, 0x74, 0x68, 0x2e, 0x63, 0x6f, 0x6e, 0x73, 0x74, 0x61,
  0x6e, 0x74, 0x33, 0x00, 0x01, 0x00, 0x00, 0x00, 0x40, 0x00, 0x00, 0x00,
  0x92, 0xfe, 0xff, 0xff, 0x00, 0x00, 0x00, 0x01, 0x10, 0x00, 0x00, 0x00,
  0x10, 0x00, 0x00, 0x00, 0x06, 0x00, 0x00, 0x00, 0x1c, 0x00, 0x00, 0x00,
  0x04, 0xfe, 0xff, 0xff, 0x0f, 0x00, 0x00, 0x00, 0x61, 0x72, 0x69, 0x74,
  0x68, 0x2e, 0x63, 0x6f, 0x6e, 0x73, 0x74, 0x61, 0x6e, 0x74, 0x32, 0x00,
  0x02, 0x00, 0x00, 0x00, 0x40, 0x00, 0x00, 0x00, 0x09, 0x00, 0x00, 0x00,
  0xce, 0xfe, 0xff, 0xff, 0x00, 0x00, 0x00, 0x01, 0x10, 0x00, 0x00, 0x00,
  0x10, 0x00, 0x00, 0x00, 0x05, 0x00, 0x00, 0x00, 0x1c, 0x00, 0x00, 0x00,
  0x40, 0xfe, 0xff, 0xff, 0x0f, 0x00, 0x00, 0x00, 0x61, 0x72, 0x69, 0x74,
  0x68, 0x2e, 0x63, 0x6f, 0x6e, 0x73, 0x74, 0x61, 0x6e, 0x74, 0x31, 0x00,
  0x02, 0x00, 0x00, 0x00, 0x40, 0x00, 0x00, 0x00, 0x10, 0x00, 0x00, 0x00,
  0x0a, 0xff, 0xff, 0xff, 0x00, 0x00, 0x00, 0x01, 0x10, 0x00, 0x00, 0x00,
  0x10, 0x00, 0x00, 0x00, 0x04, 0x00, 0x00, 0x00, 0x30, 0x00, 0x00, 0x00,
  0x7c, 0xfe, 0xff, 0xff, 0x23, 0x00, 0x00, 0x00, 0x73, 0x65, 0x71, 0x75,
  0x65, 0x6e, 0x74, 0x69, 0x61, 0x6c, 0x5f, 0x31, 0x32, 0x33, 0x5f, 0x31,
  0x2f, 0x64, 0x65, 0x6e, 0x73, 0x65, 0x5f, 0x33, 0x34, 0x33, 0x5f, 0x31,
  0x2f, 0x4d, 0x61, 0x74, 0x4d, 0x75, 0x6c, 0x00, 0x02, 0x00, 0x00, 0x00,
  0x07, 0x00, 0x00, 0x00, 0x10, 0x00, 0x00, 0x00, 0x00, 0x00, 0x16, 0x00,
  0x1c, 0x00, 0x18, 0x00, 0x17, 0x00, 0x10, 0x00, 0x0c, 0x00, 0x08, 0x00,
  0x00, 0x00, 0x00, 0x00, 0x00, 0x00, 0x07, 0x00, 0x16, 0x00, 0x00, 0x00,
  0x00, 0x00, 0x00, 0x01, 0x14, 0x00, 0x00, 0x00, 0x14, 0x00, 0x00, 0x00,
  0x03, 0x00, 0x00, 0x00, 0x00, 0x00, 0x00, 0x02, 0x1c, 0x00, 0x00, 0x00,
  0xe8, 0xfe, 0xff, 0xff, 0x0e, 0x00, 0x00, 0x00, 0x61, 0x72, 0x69, 0x74,
  0x68, 0x2e, 0x63, 0x6f, 0x6e, 0x73, 0x74, 0x61, 0x6e, 0x74, 0x00, 0x00,
  0x01, 0x00, 0x00, 0x00, 0x01, 0x00, 0x00, 0x00, 0xae, 0xff, 0xff, 0xff,
  0x00, 0x00, 0x00, 0x01, 0x10, 0x00, 0x00, 0x00, 0x10, 0x00, 0x00, 0x00,
  0x02, 0x00, 0x00, 0x00, 0x34, 0x00, 0x00, 0x00, 0x20, 0xff, 0xff, 0xff,
  0x24, 0x00, 0x00, 0x00, 0x73, 0x65, 0x71, 0x75, 0x65, 0x6e, 0x74, 0x69,
  0x61, 0x6c, 0x5f, 0x31, 0x32, 0x33, 0x5f, 0x31, 0x2f, 0x64, 0x65, 0x6e,
  0x73, 0x65, 0x5f, 0x33, 0x34, 0x33, 0x5f, 0x31, 0x2f, 0x42, 0x69, 0x61,
  0x73, 0x41, 0x64, 0x64, 0x00, 0x00, 0x00, 0x00, 0x01, 0x00, 0x00, 0x00,
  0x07, 0x00, 0x00, 0x00, 0x00, 0x00, 0x16, 0x00, 0x18, 0x00, 0x14, 0x00,
  0x00, 0x00, 0x10, 0x00, 0x0c, 0x00, 0x08, 0x00, 0x00, 0x00, 0x00, 0x00,
  0x00, 0x00, 0x07, 0x00, 0x16, 0x00, 0x00, 0x00, 0x00, 0x00, 0x00, 0x01,
  0x10, 0x00, 0x00, 0x00, 0x10, 0x00, 0x00, 0x00, 0x01, 0x00, 0x00, 0x00,
  0x34, 0x00, 0x00, 0x00, 0x88, 0xff, 0xff, 0xff, 0x24, 0x00, 0x00, 0x00,
  0x73, 0x65, 0x72, 0x76, 0x69, 0x6e, 0x67, 0x5f, 0x64, 0x65, 0x66, 0x61,
  0x75, 0x6c, 0x74, 0x5f, 0x6b, 0x65, 0x72, 0x61, 0x73, 0x5f, 0x74, 0x65,
  0x6e, 0x73, 0x6f, 0x72, 0x5f, 0x31, 0x36, 0x39, 0x34, 0x31, 0x3a, 0x30,
  0x00, 0x00, 0x00, 0x00, 0x04, 0x00, 0x00, 0x00, 0x01, 0x00, 0x00, 0x00,
  0x05, 0x00, 0x00, 0x00, 0x01, 0x00, 0x00, 0x00, 0x09, 0x00, 0x00, 0x00,
  0x09, 0x00, 0x00, 0x00, 0x8c, 0x00, 0x00, 0x00, 0x70, 0x00, 0x00, 0x00,
  0x60, 0x00, 0x00, 0x00, 0x50, 0x00, 0x00, 0x00, 0x40, 0x00, 0x00, 0x00,
  0x30, 0x00, 0x00, 0x00, 0x20, 0x00, 0x00, 0x00, 0x18, 0x00, 0x00, 0x00,
  0x04, 0x00, 0x00, 0x00, 0xa4, 0xff, 0xff, 0xff, 0x19, 0x00, 0x00, 0x00,
  0x00, 0x00, 0x00, 0x19, 0x04, 0x00, 0x04, 0x00, 0x04, 0x00, 0x00, 0x00,
  0xb8, 0xff, 0xff, 0xff, 0x12, 0x00, 0x00, 0x00, 0x00, 0x00, 0x00, 0x12,
  0xc4, 0xff, 0xff, 0xff, 0x1c, 0x00, 0x00, 0x00, 0x00, 0x00, 0x00, 0x1c,
  0xd0, 0xff, 0xff, 0xff, 0x0e, 0x00, 0x00, 0x00, 0x00, 0x00, 0x00, 0x0e,
  0xdc, 0xff, 0xff, 0xff, 0x31, 0x00, 0x00, 0x00, 0x00, 0x00, 0x00, 0x31,
  0xe8, 0xff, 0xff, 0xff, 0x09, 0x00, 0x00, 0x00, 0x00, 0x00, 0x00, 0x09,
  0xf4, 0xff, 0xff, 0xff, 0x58, 0x00, 0x00, 0x00, 0x00, 0x00, 0x00, 0x58,
  0x0c, 0x00, 0x0c, 0x00, 0x0b, 0x00, 0x00, 0x00, 0x00, 0x00, 0x04, 0x00,
  0x0c, 0x00, 0x00, 0x00, 0x16, 0x00, 0x00, 0x00, 0x00, 0x00, 0x00, 0x16
};
unsigned int tflite_models_lstm_0_5_OFF_float32_tflite_len = 21576;
