unsigned char tflite_models_torch_conv_7_5_ON_int8_tflite[] = {
  0x20, 0x00, 0x00, 0x00, 0x54, 0x46, 0x4c, 0x33, 0x00, 0x00, 0x00, 0x00,
  0x14, 0x00, 0x20, 0x00, 0x1c, 0x00, 0x18, 0x00, 0x14, 0x00, 0x10, 0x00,
  0x0c, 0x00, 0x00, 0x00, 0x08, 0x00, 0x04, 0x00, 0x14, 0x00, 0x00, 0x00,
  0x1c, 0x00, 0x00, 0x00, 0x8c, 0x00, 0x00, 0x00, 0xe4, 0x00, 0x00, 0x00,
  0x18, 0x1b, 0x00, 0x00, 0x28, 0x1b, 0x00, 0x00, 0x44, 0x49, 0x00, 0x00,
  0x03, 0x00, 0x00, 0x00, 0x01, 0x00, 0x00, 0x00, 0x10, 0x00, 0x00, 0x00,
  0x00, 0x00, 0x0a, 0x00, 0x10, 0x00, 0x0c, 0x00, 0x08, 0x00, 0x04, 0x00,
  0x0a, 0x00, 0x00, 0x00, 0x0c, 0x00, 0x00, 0x00, 0x1c, 0x00, 0x00, 0x00,
  0x38, 0x00, 0x00, 0x00, 0x0f, 0x00, 0x00, 0x00, 0x73, 0x65, 0x72, 0x76,
  0x69, 0x6e, 0x67, 0x5f, 0x64, 0x65, 0x66, 0x61, 0x75, 0x6c, 0x74, 0x00,
  0x01, 0x00, 0x00, 0x00, 0x04, 0x00, 0x00, 0x00, 0x9c, 0xff, 0xff, 0xff,
  0x37, 0x00, 0x00, 0x00, 0x04, 0x00, 0x00, 0x00, 0x06, 0x00, 0x00, 0x00,
  0x6f, 0x75, 0x74, 0x70, 0x75, 0x74, 0x00, 0x00, 0x01, 0x00, 0x00, 0x00,
  0x04, 0x00, 0x00, 0x00, 0x7a, 0xe4, 0xff, 0xff, 0x04, 0x00, 0x00, 0x00,
  0x05, 0x00, 0x00, 0x00, 0x69, 0x6e, 0x70, 0x75, 0x74, 0x00, 0x00, 0x00,
  0x02, 0x00, 0x00, 0x00, 0x34, 0x00, 0x00, 0x00, 0x04, 0x00, 0x00, 0x00,
  0xdc, 0xff, 0xff, 0xff, 0x3a, 0x00, 0x00, 0x00, 0x04, 0x00, 0x00, 0x00,
  0x13, 0x00, 0x00, 0x00, 0x43, 0x4f, 0x4e, 0x56, 0x45, 0x52, 0x53, 0x49,
  0x4f, 0x4e, 0x5f, 0x4d, 0x45, 0x54, 0x41, 0x44, 0x41, 0x54, 0x41, 0x00,
  0x08, 0x00, 0x0c, 0x00, 0x08, 0x00, 0x04, 0x00, 0x08, 0x00, 0x00, 0x00,
  0x39, 0x00, 0x00, 0x00, 0x04, 0x00, 0x00, 0x00, 0x13, 0x00, 0x00, 0x00,
  0x6d, 0x69, 0x6e, 0x5f, 0x72, 0x75, 0x6e, 0x74, 0x69, 0x6d, 0x65, 0x5f,
  0x76, 0x65, 0x72, 0x73, 0x69, 0x6f, 0x6e, 0x00, 0x3b, 0x00, 0x00, 0x00,
  0x30, 0x1a, 0x00, 0x00, 0x28, 0x1a, 0x00, 0x00, 0x10, 0x1a, 0x00, 0x00,
  0xe4, 0x19, 0x00, 0x00, 0x64, 0x19, 0x00, 0x00, 0x44, 0x19, 0x00, 0x00,
  0x24, 0x19, 0x00, 0x00, 0xd4, 0x18, 0x00, 0x00, 0xc4, 0x15, 0x00, 0x00,
  0xa4, 0x15, 0x00, 0x00, 0x84, 0x15, 0x00, 0x00, 0x34, 0x15, 0x00, 0x00,
  0x24, 0x12, 0x00, 0x00, 0x04, 0x12, 0x00, 0x00, 0xe4, 0x11, 0x00, 0x00,
  0x94, 0x11, 0x00, 0x00, 0x84, 0x0e, 0x00, 0x00, 0x64, 0x0e, 0x00, 0x00,
  0x44, 0x0e, 0x00, 0x00, 0xf4, 0x0d, 0x00, 0x00, 0xe4, 0x0a, 0x00, 0x00,
  0xc4, 0x0a, 0x00, 0x00, 0xa4, 0x0a, 0x00, 0x00, 0x54, 0x0a, 0x00, 0x00,
  0x44, 0x07, 0x00, 0x00, 0x24, 0x07, 0x00, 0x00, 0x04, 0x07, 0x00, 0x00,
  0xb4, 0x06, 0x00, 0x00, 0xa4, 0x03, 0x00, 0x00, 0x84, 0x03, 0x00, 0x00,
  0x64, 0x03, 0x00, 0x00, 0x14, 0x03, 0x00, 0x00, 0x54, 0x01, 0x00, 0x00,
  0x4c, 0x01, 0x00, 0x00, 0x44, 0x01, 0x00, 0x00, 0x3c, 0x01, 0x00, 0x00,
  0x34, 0x01, 0x00, 0x00, 0x2c, 0x01, 0x00, 0x00, 0x24, 0x01, 0x00, 0x00,
  0x1c, 0x01, 0x00, 0x00, 0x14, 0x01, 0x00, 0x00, 0x0c, 0x01, 0x00, 0x00,
  0x04, 0x01, 0x00, 0x00, 0xfc, 0x00, 0x00, 0x00, 0xf4, 0x00, 0x00, 0x00,
  0xec, 0x00, 0x00, 0x00, 0xe4, 0x00, 0x00, 0x00, 0xdc, 0x00, 0x00, 0x00,
  0xd4, 0x00, 0x00, 0x00, 0xcc, 0x00, 0x00, 0x00, 0xc4, 0x00, 0x00, 0x00,
  0xbc, 0x00, 0x00, 0x00, 0xb4, 0x00, 0x00, 0x00, 0xac, 0x00, 0x00, 0x00,
  0xa4, 0x00, 0x00, 0x00, 0x9c, 0x00, 0x00, 0x00, 0x94, 0x00, 0x00, 0x00,
  0x74, 0x00, 0x00, 0x00, 0x04, 0x00, 0x00, 0x00, 0xda, 0xe5, 0xff, 0xff,
  0x04, 0x00, 0x00, 0x00, 0x60, 0x00, 0x00, 0x00, 0x0c, 0x00, 0x00, 0x00,
  0x08, 0x00, 0x0e, 0x00, 0x08, 0x00, 0x04, 0x00, 0x08, 0x00, 0x00, 0x00,
  0x10, 0x00, 0x00, 0x00, 0x28, 0x00, 0x00, 0x00, 0x00, 0x00, 0x06, 0x00,
  0x08, 0x00, 0x04, 0x00, 0x06, 0x00, 0x00, 0x00, 0x04, 0x00, 0x00, 0x00,
  0x01, 0x00, 0x00, 0x00, 0xeb, 0x03, 0x00, 0x00, 0x0c, 0x00, 0x18, 0x00,
  0x14, 0x00, 0x10, 0x00, 0x0c, 0x00, 0x04, 0x00, 0x0c, 0x00, 0x00, 0x00,
  0xd8, 0x8a, 0x06, 0xb8, 0x8f, 0x17, 0x14, 0xac, 0x01, 0x00, 0x00, 0x00,
  0x02, 0x00, 0x00, 0x00, 0x04, 0x00, 0x00, 0x00, 0x06, 0x00, 0x00, 0x00,
  0x32, 0x2e, 0x32, 0x31, 0x2e, 0x30, 0x00, 0x00, 0x46, 0xe6, 0xff, 0xff,
  0x04, 0x00, 0x00, 0x00, 0x10, 0x00, 0x00, 0x00, 0x31, 0x2e, 0x31, 0x34,
  0x2e, 0x30, 0x00, 0x00, 0x00, 0x00, 0x00, 0x00, 0x00, 0x00, 0x00, 0x00,
  0xec, 0xb9, 0xff, 0xff, 0xf0, 0xb9, 0xff, 0xff, 0xf4, 0xb9, 0xff, 0xff,
  0xf8, 0xb9, 0xff, 0xff, 0xfc, 0xb9, 0xff, 0xff, 0x00, 0xba, 0xff, 0xff,
  0x04, 0xba, 0xff, 0xff, 0x08, 0xba, 0xff, 0xff, 0x0c, 0xba, 0xff, 0xff,
  0x10, 0xba, 0xff, 0xff, 0x14, 0xba, 0xff, 0xff, 0x18, 0xba, 0xff, 0xff,
  0x1c, 0xba, 0xff, 0xff, 0x20, 0xba, 0xff, 0xff, 0x24, 0xba, 0xff, 0xff,
  0x28, 0xba, 0xff, 0xff, 0x2c, 0xba, 0xff, 0xff, 0x30, 0xba, 0xff, 0xff,
  0x34, 0xba, 0xff, 0xff, 0x38, 0xba, 0xff, 0xff, 0x3c, 0xba, 0xff, 0xff,
  0x40, 0xba, 0xff, 0xff, 0x44, 0xba, 0xff, 0xff, 0x48, 0xba, 0xff, 0xff,
  0xc2, 0xe6, 0xff, 0xff, 0x04, 0x00, 0x00, 0x00, 0xb0, 0x01, 0x00, 0x00,
  0xd9, 0xab, 0xd5, 0x97, 0x46, 0x0f, 0x54, 0x0f, 0xea, 0xf7, 0x7f, 0xf0,
  0x40, 0x7a, 0xb7, 0xfa, 0xae, 0x2a, 0xc5, 0x8e, 0x10, 0x12, 0xfa, 0x54,
  0x39, 0x44, 0x6c, 0x85, 0x58, 0x9d, 0x7f, 0xce, 0x28, 0x5b, 0xb2, 0xfd,
  0xbe, 0xcd, 0x1f, 0x8c, 0xd5, 0x81, 0x8a, 0x7d, 0x9f, 0x49, 0x37, 0x91,
  0x4d, 0x36, 0x81, 0xfc, 0xba, 0xf7, 0x2a, 0x20, 0xea, 0x1f, 0xa5, 0x7d,
  0x7f, 0x55, 0x1d, 0x8f, 0xe5, 0x4f, 0x83, 0x2f, 0x23, 0x65, 0xaa, 0x22,
  0x57, 0x1a, 0x4b, 0x94, 0xa0, 0xd6, 0xb4, 0xd9, 0xd7, 0x32, 0xaa, 0xe5,
  0xde, 0x41, 0x84, 0x4d, 0x4a, 0x56, 0x58, 0x37, 0x22, 0xf5, 0xc6, 0xd1,
  0xe8, 0xfb, 0x15, 0xf6, 0xc2, 0x7f, 0x02, 0xec, 0x3f, 0x9e, 0x97, 0x3b,
  0x8e, 0x92, 0xef, 0x89, 0x7f, 0x05, 0x40, 0x2c, 0x1b, 0x2b, 0x8c, 0x2d,
  0x13, 0xe8, 0x36, 0x72, 0xe0, 0x99, 0x54, 0x18, 0x45, 0x66, 0xff, 0xd2,
  0x73, 0x65, 0xb2, 0xc0, 0xd2, 0x58, 0xf1, 0x40, 0xc9, 0x84, 0x4e, 0xc0,
  0xef, 0x5e, 0x9c, 0xd0, 0x76, 0x7a, 0xa5, 0xbe, 0x43, 0xf5, 0x2c, 0xc3,
  0x05, 0x7f, 0x87, 0xf7, 0x36, 0xfd, 0xeb, 0x1e, 0xe0, 0xe9, 0x81, 0xa7,
  0x0b, 0x07, 0x98, 0xb5, 0xf4, 0xc2, 0x4f, 0x0e, 0x56, 0xcb, 0x77, 0xf7,
  0xd2, 0xf5, 0xb8, 0x19, 0xeb, 0x2f, 0xa2, 0x3c, 0xe9, 0xc9, 0x45, 0xd8,
  0xdd, 0x70, 0x5e, 0xfe, 0x1a, 0xf6, 0xd6, 0xfa, 0xb4, 0x63, 0xa0, 0xcb,
  0xbb, 0x81, 0xde, 0xa7, 0x92, 0xfd, 0x9f, 0xa0, 0xbe, 0x01, 0x2c, 0xae,
  0xa5, 0x58, 0xf7, 0x5d, 0xe3, 0x42, 0xf3, 0x4d, 0x18, 0x18, 0x0a, 0x8b,
  0x3a, 0x0d, 0x63, 0x44, 0x3d, 0x1c, 0xc2, 0x26, 0x9a, 0xe1, 0x42, 0xae,
  0x42, 0x7f, 0x8d, 0xf1, 0x3c, 0xf3, 0xb6, 0x7f, 0xbb, 0x7c, 0x32, 0xdf,
  0x38, 0x9d, 0xc8, 0x28, 0xb6, 0xd9, 0x60, 0x2b, 0x40, 0xa6, 0x9f, 0x56,
  0x63, 0xbc, 0xea, 0xf5, 0x27, 0x56, 0xc5, 0x5e, 0xc2, 0xe6, 0xff, 0x32,
  0xe1, 0x3a, 0x3e, 0x1c, 0x10, 0xd0, 0xa1, 0x91, 0x59, 0xa5, 0x21, 0x94,
  0xac, 0x6d, 0xd1, 0xb9, 0xc6, 0xb4, 0xe7, 0x63, 0x81, 0xaa, 0xec, 0x47,
  0x78, 0x81, 0x25, 0x31, 0x6b, 0x8b, 0xd2, 0x4f, 0x0c, 0x62, 0x81, 0xc1,
  0xe8, 0xe5, 0x65, 0x24, 0x0b, 0xc3, 0x5d, 0xb0, 0xce, 0x46, 0x5b, 0xdb,
  0xd1, 0x81, 0x54, 0x19, 0xf6, 0x29, 0xaa, 0x0d, 0x6d, 0xe9, 0x0b, 0x15,
  0xa6, 0xd4, 0xfe, 0xa0, 0x29, 0x30, 0xc1, 0xeb, 0xe8, 0xe4, 0x45, 0xa2,
  0xbe, 0x19, 0x3a, 0x32, 0x9b, 0xea, 0x55, 0xf1, 0x1e, 0xa7, 0x90, 0xd7,
  0x25, 0x1f, 0x32, 0x89, 0x27, 0xbf, 0xe3, 0x70, 0x97, 0x54, 0x90, 0x46,
  0xd5, 0x7f, 0x47, 0xa1, 0x5e, 0x01, 0x30, 0xf7, 0x0a, 0x4f, 0xde, 0x37,
  0x41, 0x0b, 0x81, 0x5a, 0x9b, 0x5c, 0xad, 0x2a, 0xc3, 0x2a, 0xff, 0xc3,
  0x27, 0x87, 0x78, 0xb6, 0x67, 0xa1, 0xa4, 0xd3, 0x6e, 0x5d, 0x2b, 0x40,
  0x3c, 0x41, 0x05, 0xa0, 0x6a, 0xe0, 0x23, 0x81, 0xa9, 0x61, 0x73, 0x7f,
  0x6d, 0x72, 0xcd, 0x9f, 0x23, 0x10, 0x25, 0xdc, 0xd1, 0x34, 0x18, 0x54,
  0x7e, 0xe8, 0xff, 0xff, 0x04, 0x00, 0x00, 0x00, 0x40, 0x00, 0x00, 0x00,
  0xe4, 0xff, 0xff, 0xff, 0xe9, 0xff, 0xff, 0xff, 0x33, 0x00, 0x00, 0x00,
  0xe7, 0xff, 0xff, 0xff, 0xd8, 0xff, 0xff, 0xff, 0xda, 0xff, 0xff, 0xff,
  0xd0, 0xff, 0xff, 0xff, 0x1a, 0x00, 0x00, 0x00, 0xce, 0xff, 0xff, 0xff,
  0xec, 0xff, 0xff, 0xff, 0x1e, 0x00, 0x00, 0x00, 0x15, 0x00, 0x00, 0x00,
  0xd9, 0xff, 0xff, 0xff, 0x0e, 0x00, 0x00, 0x00, 0x2c, 0x00, 0x00, 0x00,
  0xdc, 0xff, 0xff, 0xff, 0xca, 0xe8, 0xff, 0xff, 0x04, 0x00, 0x00, 0x00,
  0x10, 0x00, 0x00, 0x00, 0x58, 0xf9, 0x35, 0x13, 0xf9, 0x3b, 0xeb, 0xfe,
  0xda, 0x1f, 0xeb, 0x47, 0xfc, 0xf9, 0xd2, 0x7f, 0xe6, 0xe8, 0xff, 0xff,
  0x04, 0x00, 0x00, 0x00, 0x10, 0x00, 0x00, 0x00, 0xa0, 0xab, 0xe0, 0xe1,
  0xbd, 0x9f, 0x80, 0x9a, 0x9c, 0xbe, 0x92, 0xab, 0x95, 0xb7, 0xa7, 0xa3,
  0x02, 0xe9, 0xff, 0xff, 0x04, 0x00, 0x00, 0x00, 0x00, 0x03, 0x00, 0x00,
  0xe5, 0x8f, 0x01, 0xe0, 0x94, 0x71, 0xea, 0xb4, 0xa7, 0xd6, 0x5b, 0x81,
  0x01, 0x32, 0x02, 0x4b, 0x18, 0xf3, 0xa1, 0xce, 0xca, 0xef, 0x9a, 0xd9,
  0xd6, 0xd7, 0x2c, 0x06, 0xec, 0xde, 0xec, 0xfe, 0xa1, 0xe7, 0x26, 0x74,
  0xe9, 0xdc, 0x3e, 0x56, 0x84, 0xfb, 0x93, 0xd0, 0x98, 0x01, 0xac, 0x30,
  0x2c, 0xfd, 0x9c, 0x35, 0xc9, 0x18, 0xd6, 0x9d, 0x4a, 0x39, 0xcb, 0x10,
  0x00, 0xa0, 0xe1, 0xe9, 0x2a, 0x59, 0xc9, 0xe0, 0xc8, 0x1f, 0xae, 0xd7,
  0xbe, 0x55, 0x9d, 0x48, 0xfd, 0x45, 0xe6, 0xd7, 0xc2, 0x0e, 0x25, 0xd7,
  0x51, 0xfa, 0xb6, 0x16, 0xb9, 0xc0, 0x96, 0xf6, 0x29, 0x04, 0x81, 0x8c,
  0x6b, 0xca, 0x4d, 0x21, 0x05, 0xea, 0x20, 0x3a, 0xfe, 0x6a, 0x7d, 0x06,
  0x69, 0xde, 0x97, 0xe6, 0x03, 0x0e, 0xda, 0x1d, 0x9b, 0xa3, 0x47, 0x3d,
  0x69, 0x12, 0xef, 0x20, 0x94, 0xc6, 0x4d, 0x9d, 0x19, 0xa9, 0x63, 0xea,
  0xc1, 0x7b, 0x4a, 0xcc, 0x12, 0x4a, 0xc0, 0x9b, 0xdd, 0x36, 0x7f, 0x1e,
  0x6b, 0xa0, 0x4a, 0xdd, 0x23, 0xe3, 0x33, 0xaa, 0x4e, 0x51, 0xaf, 0x21,
  0x2f, 0xdd, 0xba, 0x54, 0x7f, 0xa4, 0x57, 0x0b, 0xdc, 0xfd, 0x0c, 0x1f,
  0x48, 0xb0, 0xba, 0xdf, 0xe6, 0xfc, 0xb8, 0xd1, 0x56, 0x4d, 0x0e, 0xcf,
  0xc3, 0x22, 0x03, 0x13, 0x24, 0x67, 0xb3, 0xe3, 0xb0, 0x23, 0xed, 0x0b,
  0x78, 0x2c, 0x60, 0x71, 0x22, 0xa4, 0x2b, 0xd9, 0x99, 0x7f, 0x26, 0x66,
  0x65, 0x3a, 0x36, 0x5e, 0x38, 0x23, 0x31, 0xe2, 0x9f, 0x52, 0x19, 0x35,
  0x5c, 0xcb, 0x0f, 0x14, 0x4b, 0xb2, 0x53, 0x58, 0xe8, 0x6d, 0xfd, 0xa2,
  0xb2, 0xba, 0x0c, 0xfe, 0xdf, 0x40, 0xf8, 0xcc, 0x71, 0x4d, 0x96, 0xbb,
  0x9b, 0x40, 0x2d, 0x2d, 0xb0, 0xa0, 0x14, 0x4c, 0xa0, 0x3d, 0x81, 0xdc,
  0xa7, 0xf1, 0x4c, 0xa9, 0x28, 0x02, 0x31, 0x55, 0x6b, 0x17, 0x03, 0xe6,
  0x50, 0xea, 0x8f, 0xc2, 0x9e, 0xbb, 0x29, 0x5d, 0x42, 0xf2, 0xe0, 0x3e,
  0xc3, 0x9f, 0x41, 0x3d, 0x8f, 0xa7, 0xf1, 0x4f, 0x22, 0xd9, 0x41, 0xaf,
  0x06, 0x9d, 0x55, 0x30, 0x62, 0xc0, 0xf9, 0xcc, 0x4b, 0x33, 0xaa, 0xe9,
  0x7b, 0x69, 0x0b, 0xce, 0xa7, 0x33, 0x45, 0x4e, 0x44, 0x3a, 0x32, 0xbf,
  0xef, 0xcd, 0xf6, 0x63, 0xab, 0x3a, 0x26, 0xa8, 0xa6, 0x56, 0xfa, 0xa2,
  0x53, 0x98, 0x19, 0x81, 0x90, 0x1d, 0xa1, 0x58, 0xa2, 0xaf, 0x3a, 0x66,
  0x88, 0xce, 0xc9, 0x00, 0x1a, 0xea, 0x0e, 0x6a, 0xe9, 0x32, 0x49, 0xc8,
  0xb5, 0x01, 0x55, 0xaf, 0xc0, 0x55, 0x06, 0x2c, 0xd5, 0xdc, 0x97, 0x39,
  0xb2, 0x12, 0x93, 0x1d, 0xe8, 0xab, 0x7a, 0x17, 0x06, 0x3f, 0xda, 0xf9,
  0x5c, 0x54, 0xdd, 0x81, 0xc0, 0x09, 0x86, 0x63, 0xa9, 0x6e, 0x2a, 0x60,
  0xe4, 0xb1, 0xb9, 0x94, 0xaf, 0x81, 0x8e, 0xbe, 0x0e, 0x67, 0x53, 0x3b,
  0xd7, 0x98, 0x9a, 0x5e, 0xea, 0xd3, 0x3a, 0xf9, 0x20, 0x85, 0xfd, 0x18,
  0x5e, 0x09, 0x26, 0xd0, 0x41, 0x87, 0xee, 0xca, 0xe3, 0x48, 0xdd, 0x8e,
  0x99, 0x97, 0x90, 0x2d, 0x2e, 0xe0, 0xb6, 0xa3, 0x4d, 0x53, 0x87, 0x8b,
  0xe7, 0xfc, 0x19, 0x11, 0xad, 0x99, 0xe1, 0xbc, 0xa3, 0xda, 0x46, 0x77,
  0xd3, 0x2e, 0xc0, 0x44, 0x18, 0xf0, 0x20, 0xda, 0x60, 0x48, 0x36, 0x6e,
  0xe4, 0x9c, 0x3c, 0xdd, 0xa6, 0x4e, 0x07, 0x62, 0x95, 0x6c, 0x25, 0x6d,
  0x81, 0x71, 0x5f, 0x2b, 0x9c, 0x75, 0x38, 0x0b, 0x14, 0xdc, 0x64, 0x09,
  0xa0, 0x99, 0xfc, 0x4f, 0xd0, 0x0e, 0x51, 0x26, 0xa6, 0x17, 0xa3, 0x5c,
  0x00, 0xec, 0xf0, 0x87, 0x14, 0xe3, 0x65, 0x0c, 0x41, 0x6a, 0xbe, 0xc6,
  0xf0, 0x9b, 0xbc, 0xf2, 0xb0, 0xcd, 0xe0, 0x8c, 0x4d, 0xa2, 0xe7, 0xe3,
  0x30, 0xb8, 0x82, 0xef, 0x57, 0x81, 0xdf, 0x9c, 0xa5, 0xd4, 0x54, 0x91,
  0x05, 0x0c, 0x3d, 0xbe, 0x55, 0x89, 0xd0, 0x3a, 0x81, 0x26, 0xb4, 0x71,
  0x02, 0x55, 0x63, 0xdc, 0x28, 0xd6, 0x42, 0x6b, 0x71, 0xad, 0x5f, 0x4b,
  0x95, 0x0c, 0x81, 0x0f, 0x4c, 0x10, 0x78, 0x96, 0x50, 0x38, 0xed, 0x63,
  0x1a, 0xf0, 0x41, 0xfc, 0x56, 0xf2, 0xc0, 0x41, 0x16, 0x1c, 0x1e, 0xd0,
  0x01, 0xef, 0x33, 0x34, 0xb0, 0x08, 0xfd, 0x00, 0xb0, 0x2e, 0xaf, 0xc0,
  0xc0, 0x1d, 0xc0, 0x3e, 0x25, 0x61, 0xec, 0xf8, 0xc4, 0xdc, 0xc1, 0x51,
  0xdc, 0x36, 0x07, 0x3c, 0xa0, 0x02, 0xb0, 0xb5, 0x3f, 0x0c, 0x47, 0xbd,
  0x33, 0x38, 0xca, 0xd7, 0xc5, 0x0d, 0xb0, 0xf3, 0xce, 0x81, 0x8b, 0xd1,
  0xb3, 0xfd, 0x56, 0xb5, 0xfc, 0x8b, 0xda, 0x3b, 0xab, 0xcf, 0xb7, 0x6f,
  0x12, 0x22, 0x20, 0x9e, 0x00, 0x37, 0x44, 0x47, 0x77, 0xfb, 0xe6, 0xb9,
  0x3b, 0x50, 0xb5, 0x19, 0x7f, 0x5e, 0x2a, 0x9f, 0xaf, 0x35, 0x21, 0xbc,
  0x16, 0x32, 0x68, 0x0b, 0x4f, 0xb8, 0xbe, 0x75, 0xa2, 0xd1, 0xf3, 0x0f,
  0xce, 0x20, 0x36, 0x86, 0x30, 0x71, 0x78, 0x4e, 0xc9, 0x0c, 0xe9, 0xd8,
  0xeb, 0x84, 0xfc, 0x19, 0x1c, 0xff, 0x1c, 0x14, 0x43, 0x4d, 0x69, 0x08,
  0xde, 0xb0, 0xe3, 0xbd, 0x30, 0x31, 0x1f, 0xfa, 0x1d, 0x72, 0x41, 0xf9,
  0x05, 0x58, 0xcf, 0x7b, 0x4d, 0x3f, 0xd4, 0xd6, 0x6a, 0x1c, 0x81, 0xfe,
  0xe6, 0xf1, 0x22, 0xbc, 0xb0, 0x29, 0x18, 0xa9, 0x1f, 0xea, 0x7f, 0x1d,
  0x37, 0x76, 0xee, 0x0d, 0xc8, 0xec, 0xc4, 0x40, 0xc9, 0xd3, 0x13, 0xb1,
  0xad, 0x0a, 0xd4, 0x41, 0xc0, 0xc9, 0xef, 0xb6, 0x5d, 0x5b, 0xc2, 0xf5,
  0xb3, 0x3a, 0x22, 0x4b, 0x65, 0xa1, 0x45, 0x60, 0x71, 0x14, 0x4e, 0xc8,
  0x0e, 0xec, 0xff, 0xff, 0x04, 0x00, 0x00, 0x00, 0x40, 0x00, 0x00, 0x00,
  0xb8, 0x0c, 0x00, 0x00, 0x91, 0x17, 0x00, 0x00, 0x33, 0x21, 0x00, 0x00,
  0xcb, 0x13, 0x00, 0x00, 0xea, 0xec, 0xff, 0xff, 0xed, 0x18, 0x00, 0x00,
  0x9f, 0x0b, 0x00, 0x00, 0xe9, 0xe5, 0xff, 0xff, 0x05, 0x28, 0x00, 0x00,
  0x84, 0x20, 0x00, 0x00, 0xba, 0x1f, 0x00, 0x00, 0xc4, 0xec, 0xff, 0xff,
  0xd6, 0xf8, 0xff, 0xff, 0x3c, 0x19, 0x00, 0x00, 0x16, 0x05, 0x00, 0x00,
  0x98, 0xfc, 0xff, 0xff, 0x5a, 0xec, 0xff, 0xff, 0x04, 0x00, 0x00, 0x00,
  0x10, 0x00, 0x00, 0x00, 0x74, 0x6d, 0x40, 0x59, 0x13, 0x36, 0xf7, 0x3d,
  0x67, 0x77, 0x32, 0xe2, 0x7f, 0x36, 0x0c, 0x4e, 0x76, 0xec, 0xff, 0xff,
  0x04, 0x00, 0x00, 0x00, 0x10, 0x00, 0x00, 0x00, 0xab, 0x90, 0xea, 0xea,
  0xf2, 0xb0, 0xf3, 0x00, 0x80, 0xfc, 0x9a, 0xfa, 0xb6, 0xfc, 0x01, 0xe9,
  0x92, 0xec, 0xff, 0xff, 0x04, 0x00, 0x00, 0x00, 0x00, 0x03, 0x00, 0x00,
  0x50, 0x57, 0x2b, 0xf3, 0x22, 0x2d, 0x7b, 0x68, 0x20, 0x16, 0x42, 0x48,
  0x46, 0x35, 0xfb, 0x07, 0xac, 0xd4, 0xf6, 0x15, 0xd5, 0x7a, 0x25, 0x7f,
  0x3b, 0x2a, 0xd7, 0x54, 0x6a, 0xde, 0x22, 0x19, 0xcf, 0xb8, 0xd4, 0x17,
  0xa4, 0xae, 0x43, 0x9a, 0xcf, 0x1a, 0x56, 0x6d, 0xad, 0xd6, 0xfd, 0x54,
  0x0a, 0xa1, 0x81, 0x25, 0x9d, 0x88, 0x15, 0xc3, 0xf7, 0xfc, 0x86, 0x47,
  0x8e, 0x31, 0x4f, 0x2c, 0x19, 0xed, 0x51, 0x3b, 0x33, 0x52, 0xa4, 0xb2,
  0xf0, 0x5c, 0xfa, 0xc8, 0x1e, 0xd9, 0xc7, 0x2b, 0xc0, 0xcf, 0x61, 0xf5,
  0x05, 0xb4, 0x4d, 0x40, 0xc6, 0x5d, 0xe7, 0x03, 0x97, 0x14, 0x5d, 0x21,
  0xb2, 0x1f, 0xfb, 0xe6, 0x4f, 0xfa, 0x81, 0x6f, 0xba, 0x4a, 0xc2, 0x6c,
  0x81, 0x8c, 0x54, 0x4a, 0x65, 0x24, 0xbf, 0x7b, 0x49, 0x32, 0x18, 0x3a,
  0x12, 0x06, 0x5e, 0x0f, 0xfd, 0x06, 0xa2, 0xaf, 0x03, 0xd9, 0x20, 0xb9,
  0xae, 0x5c, 0x65, 0xed, 0xaa, 0xd7, 0xa6, 0xf4, 0xbb, 0x25, 0x1b, 0xa6,
  0x23, 0x1c, 0x10, 0xd4, 0x45, 0xbd, 0x2d, 0x97, 0x6e, 0x23, 0x4b, 0x8c,
  0x41, 0xd8, 0x13, 0x6a, 0x28, 0x40, 0xe5, 0xf5, 0xa4, 0x18, 0x2a, 0x13,
  0x0a, 0x18, 0xd1, 0x16, 0xdb, 0xdc, 0x81, 0xcc, 0xba, 0xf9, 0x44, 0x02,
  0x82, 0xac, 0xcb, 0x95, 0x56, 0xb7, 0xdb, 0xe4, 0x3d, 0x73, 0xe5, 0xc6,
  0x3d, 0x04, 0x4a, 0x47, 0x3b, 0xe6, 0x11, 0x6a, 0x3f, 0x1d, 0x7f, 0x34,
  0x47, 0xf2, 0x3a, 0xce, 0xf4, 0x15, 0x96, 0xcb, 0xe3, 0xf2, 0x79, 0x6c,
  0xed, 0xe1, 0x13, 0xfc, 0x47, 0xd3, 0xb4, 0x51, 0xd0, 0xcb, 0x4c, 0x13,
  0x0e, 0xe1, 0x3e, 0x0d, 0xf4, 0x28, 0xff, 0x51, 0x8a, 0x1b, 0x03, 0x04,
  0xda, 0x06, 0x3f, 0x1a, 0xe1, 0xd6, 0x1f, 0x0c, 0x5b, 0xe8, 0x54, 0x62,
  0x08, 0x2e, 0x71, 0xad, 0x15, 0x67, 0x21, 0x40, 0x3b, 0xab, 0x7f, 0x71,
  0xb6, 0x9c, 0xcf, 0x2e, 0xa7, 0xf0, 0x52, 0x2e, 0x01, 0x48, 0xf2, 0xb5,
  0xcd, 0x02, 0x53, 0x2d, 0xb8, 0xda, 0x33, 0x64, 0x51, 0x07, 0x40, 0xb9,
  0x5b, 0xdc, 0x2e, 0xcd, 0xba, 0x21, 0xc7, 0x7f, 0xb4, 0x26, 0x91, 0x41,
  0xc6, 0x07, 0x0d, 0x39, 0xfd, 0x98, 0x73, 0xa1, 0xb0, 0xdc, 0xd5, 0x23,
  0xd7, 0x2c, 0x4a, 0xb5, 0x4f, 0x15, 0xb5, 0x7e, 0x9c, 0xf9, 0xe6, 0xd2,
  0x30, 0x26, 0x6d, 0xca, 0x0e, 0x10, 0x9f, 0x70, 0x08, 0x1f, 0xe7, 0x1d,
  0xcf, 0x26, 0xd7, 0x45, 0xe2, 0xeb, 0x1f, 0x1a, 0xa4, 0xc5, 0x2c, 0x6a,
  0xdd, 0x0c, 0xc2, 0xf7, 0x94, 0x37, 0x4c, 0xd4, 0xe3, 0x1e, 0x7f, 0x3c,
  0xb4, 0x42, 0x21, 0x77, 0xc7, 0xee, 0x23, 0xb5, 0xe9, 0xbe, 0xf8, 0x55,
  0x7c, 0x9c, 0xfb, 0x67, 0x14, 0x44, 0x99, 0xec, 0x28, 0x4e, 0x29, 0xac,
  0x41, 0xe0, 0x15, 0x63, 0x5f, 0xbb, 0x2b, 0x2d, 0xf7, 0xeb, 0x4a, 0xc7,
  0x3a, 0x06, 0x4f, 0x50, 0x4c, 0xd2, 0x44, 0xdd, 0xbd, 0xcf, 0xbe, 0x05,
  0x1f, 0x96, 0xac, 0xe9, 0x06, 0xb5, 0x50, 0xc9, 0x17, 0x0d, 0x65, 0x17,
  0x48, 0xdb, 0xea, 0x35, 0x90, 0x00, 0xf6, 0xf2, 0x81, 0xe1, 0xf1, 0xcd,
  0xc4, 0x5b, 0xe2, 0xa3, 0x41, 0xbb, 0xd9, 0x11, 0xa7, 0x7c, 0xf5, 0x45,
  0x08, 0xa1, 0x6d, 0x52, 0x1e, 0xc5, 0x64, 0x41, 0x13, 0xd5, 0x19, 0xf3,
  0xe2, 0xe6, 0xe6, 0xc6, 0x81, 0x7a, 0x61, 0x2d, 0x07, 0xff, 0xe0, 0x9a,
  0xa8, 0x06, 0x9f, 0x33, 0x86, 0xa7, 0xbf, 0x65, 0x11, 0xa6, 0xc8, 0x5a,
  0x45, 0x03, 0xa9, 0x64, 0x8f, 0x2a, 0x8a, 0x34, 0x20, 0x3c, 0x63, 0xe0,
  0x60, 0x8f, 0x4e, 0x48, 0x8e, 0xa2, 0x03, 0x49, 0xc2, 0x2d, 0x56, 0x01,
  0x4e, 0x32, 0xea, 0x28, 0x4b, 0x3c, 0x07, 0x27, 0xd1, 0x60, 0xa1, 0x53,
  0xcb, 0x9d, 0x12, 0x81, 0x08, 0x10, 0x1b, 0xfe, 0x27, 0x53, 0xee, 0xb0,
  0xe2, 0xe9, 0xdc, 0x49, 0xd3, 0x1f, 0x81, 0xf4, 0xd9, 0x48, 0x2f, 0xd2,
  0xe7, 0x92, 0x77, 0x1d, 0xb8, 0xd9, 0x27, 0x7b, 0xca, 0x2b, 0xea, 0x92,
  0xd0, 0x4c, 0xf8, 0x9d, 0x2c, 0xa4, 0x6a, 0x11, 0x18, 0x9a, 0x96, 0x16,
  0x6e, 0xb5, 0xbc, 0x15, 0x3b, 0x16, 0x5d, 0xef, 0x0e, 0x57, 0x62, 0x11,
  0x4b, 0x4a, 0x3a, 0xd9, 0xf9, 0x20, 0xda, 0x03, 0x2a, 0x21, 0x0b, 0x72,
  0x67, 0xc9, 0x3e, 0x7f, 0x84, 0x48, 0xb0, 0x26, 0x12, 0x2d, 0x65, 0xcd,
  0x97, 0x69, 0x91, 0x13, 0xfb, 0x18, 0x49, 0x43, 0xe1, 0x8f, 0xb2, 0xcc,
  0x51, 0x51, 0x14, 0xba, 0x15, 0x08, 0x92, 0x9d, 0xa3, 0xa1, 0xa2, 0x2d,
  0xe9, 0x0c, 0x21, 0x9d, 0xe7, 0x7b, 0xaf, 0xbf, 0x3b, 0x00, 0xf3, 0x76,
  0x4c, 0x3a, 0x4d, 0xfc, 0x20, 0x67, 0xf4, 0x9d, 0xca, 0xe3, 0x5a, 0xbe,
  0xb2, 0x15, 0xfc, 0x7f, 0xa9, 0xff, 0xce, 0x32, 0x8d, 0x3a, 0xd9, 0xcc,
  0x45, 0xf1, 0x3d, 0xc8, 0xc9, 0x2a, 0x4d, 0x4e, 0x02, 0x3d, 0x8e, 0x3f,
  0xdf, 0x18, 0x07, 0xee, 0xb6, 0xfb, 0xdb, 0x02, 0xf8, 0xdd, 0xb0, 0x17,
  0xf4, 0x9c, 0xfc, 0x03, 0xaa, 0xc0, 0x42, 0x1f, 0x6b, 0xfb, 0x9c, 0x0a,
  0x4f, 0xfa, 0x40, 0xa8, 0x24, 0x11, 0x7f, 0x28, 0xd6, 0x3e, 0x3b, 0x50,
  0x11, 0x17, 0x03, 0xe9, 0x2c, 0x0b, 0xed, 0x45, 0xbe, 0x30, 0xeb, 0xc6,
  0x14, 0x69, 0xb0, 0xca, 0xa4, 0x8f, 0x0a, 0x65, 0xf8, 0xc4, 0x2e, 0xc5,
  0x47, 0x82, 0xb4, 0x00, 0x0f, 0x19, 0x29, 0xb8, 0xc1, 0x41, 0xc5, 0x02,
  0xf8, 0x6d, 0x09, 0xf2, 0x49, 0x89, 0xa2, 0xcb, 0x62, 0x56, 0xf2, 0xb2,
  0x8d, 0x6c, 0x2e, 0x30, 0xdf, 0xcb, 0x2c, 0xa8, 0x81, 0x6e, 0x0d, 0x16,
  0x9e, 0xef, 0xff, 0xff, 0x04, 0x00, 0x00, 0x00, 0x40, 0x00, 0x00, 0x00,
  0x0c, 0xfb, 0xff, 0xff, 0x58, 0xe3, 0xff, 0xff, 0x8d, 0x0b, 0x00, 0x00,
  0x8d, 0x06, 0x00, 0x00, 0xb2, 0xeb, 0xff, 0xff, 0xf3, 0x18, 0x00, 0x00,
  0x69, 0xf4, 0xff, 0xff, 0x0e, 0x0e, 0x00, 0x00, 0x58, 0x16, 0x00, 0x00,
  0xb9, 0xef, 0xff, 0xff, 0x8e, 0xfd, 0xff, 0xff, 0x53, 0xf7, 0xff, 0xff,
  0x69, 0x11, 0x00, 0x00, 0x85, 0xea, 0xff, 0xff, 0xb3, 0xee, 0xff, 0xff,
  0xbc, 0x03, 0x00, 0x00, 0xea, 0xef, 0xff, 0xff, 0x04, 0x00, 0x00, 0x00,
  0x10, 0x00, 0x00, 0x00, 0x1b, 0x21, 0x4b, 0x7f, 0x4d, 0x18, 0x66, 0x09,
  0x31, 0x49, 0x79, 0x1d, 0x78, 0x40, 0x43, 0x44, 0x06, 0xf0, 0xff, 0xff,
  0x04, 0x00, 0x00, 0x00, 0x10, 0x00, 0x00, 0x00, 0x05, 0xc3, 0xed, 0x80,
  0xe3, 0xc0, 0xbd, 0xf2, 0xec, 0xd1, 0xc5, 0x05, 0xab, 0x13, 0xfa, 0x8c,
  0x22, 0xf0, 0xff, 0xff, 0x04, 0x00, 0x00, 0x00, 0x00, 0x03, 0x00, 0x00,
  0x6b, 0xd7, 0xc2, 0x4d, 0x11, 0x1e, 0xdd, 0x53, 0x05, 0xc9, 0x1c, 0xc9,
  0x16, 0x04, 0xfa, 0xeb, 0x1a, 0x32, 0x8b, 0xcc, 0xf7, 0x35, 0x9e, 0xac,
  0xf8, 0x49, 0x97, 0xab, 0xdb, 0x5f, 0x64, 0x23, 0x51, 0x6d, 0x9d, 0x81,
  0x4d, 0xba, 0x2a, 0x76, 0xa3, 0x65, 0x30, 0x6a, 0x69, 0x0d, 0xac, 0x06,
  0x0e, 0x43, 0xa1, 0x8a, 0x94, 0xb7, 0x50, 0x6a, 0x24, 0x16, 0xab, 0xd3,
  0x3d, 0x4a, 0xbf, 0x9e, 0xcf, 0x6d, 0x17, 0x92, 0xc2, 0x94, 0x43, 0xa2,
  0x22, 0xdb, 0xac, 0x25, 0xdc, 0x10, 0x1c, 0x81, 0xce, 0xf7, 0xc3, 0xb7,
  0xf2, 0x96, 0xff, 0x2a, 0xef, 0x69, 0x12, 0xfa, 0x68, 0xea, 0x2c, 0xaf,
  0x06, 0x5b, 0x13, 0x28, 0x25, 0x5b, 0x2e, 0xeb, 0x21, 0x12, 0x44, 0x33,
  0xfc, 0x55, 0x34, 0x15, 0xfe, 0xf0, 0xba, 0x8b, 0xe8, 0x08, 0x10, 0x4b,
  0x71, 0x7f, 0xfb, 0xb8, 0xec, 0xd8, 0xde, 0x12, 0xdc, 0xd9, 0xcb, 0xc9,
  0xd4, 0xd6, 0xf8, 0xe7, 0xdd, 0x25, 0xb9, 0xc6, 0x06, 0xcd, 0x3a, 0xcb,
  0x51, 0x3c, 0xf8, 0xff, 0x62, 0x2f, 0x20, 0xec, 0xc6, 0x1c, 0x04, 0x91,
  0x8c, 0x02, 0x10, 0x1e, 0x0b, 0x08, 0xa4, 0x4c, 0xb7, 0x1f, 0x56, 0xf5,
  0xa0, 0x3b, 0x5c, 0x48, 0x81, 0x4a, 0xfe, 0x21, 0xbd, 0x41, 0x4e, 0x22,
  0x3d, 0x6c, 0xe9, 0x64, 0xc3, 0xb1, 0xef, 0xc4, 0x51, 0xcc, 0xa3, 0xc9,
  0xd8, 0x47, 0x23, 0xe2, 0xee, 0x45, 0x74, 0xf4, 0xe8, 0x10, 0x2d, 0x2d,
  0x90, 0x0c, 0x53, 0x3e, 0xf4, 0xba, 0x3d, 0xa0, 0x45, 0xa6, 0x39, 0xd0,
  0xb9, 0x01, 0x07, 0xe5, 0x05, 0xa1, 0xe7, 0x03, 0xe2, 0x06, 0xda, 0xb9,
  0x6e, 0x43, 0x6c, 0x7f, 0x0a, 0xac, 0x1f, 0xe4, 0xe9, 0x18, 0x10, 0x23,
  0x37, 0xb7, 0xb9, 0x55, 0xc7, 0xb2, 0x7f, 0xd6, 0x97, 0x91, 0x4c, 0x40,
  0x62, 0xd0, 0xd9, 0x99, 0x04, 0x38, 0x2b, 0x0d, 0x1e, 0x13, 0x11, 0xee,
  0xa9, 0x2e, 0x93, 0x13, 0x3d, 0x17, 0xa4, 0x0b, 0x5c, 0xb7, 0xc3, 0x27,
  0x47, 0x7a, 0x74, 0x55, 0xaa, 0xa4, 0x6b, 0x39, 0x49, 0x66, 0xa3, 0x8a,
  0x00, 0x13, 0xd4, 0xc7, 0xa6, 0xda, 0x20, 0x33, 0xcb, 0x03, 0x98, 0x32,
  0x7a, 0x8b, 0xa4, 0xa0, 0x98, 0x7f, 0xd0, 0x70, 0xe2, 0x38, 0xc5, 0x3f,
  0x57, 0xd1, 0xe7, 0x8f, 0x30, 0xda, 0xef, 0xe3, 0x54, 0x6c, 0xbe, 0x99,
  0xf5, 0x51, 0xfc, 0xf6, 0xd2, 0x41, 0xc7, 0x22, 0x23, 0x46, 0x8b, 0xe3,
  0x61, 0x2e, 0xa3, 0xf1, 0xb6, 0x50, 0x07, 0x07, 0xa0, 0x57, 0xc5, 0xb0,
  0x39, 0x9f, 0xd9, 0x0d, 0xd0, 0x5d, 0xbb, 0x01, 0x60, 0x3c, 0x30, 0x81,
  0x16, 0xea, 0xfe, 0xe3, 0x39, 0xed, 0x27, 0xad, 0xde, 0x47, 0xfe, 0xc4,
  0x21, 0x9f, 0x08, 0xd9, 0x90, 0x35, 0xe5, 0x36, 0xe4, 0x52, 0xd8, 0x37,
  0x15, 0x25, 0xde, 0x0b, 0x2a, 0xe7, 0x2a, 0x4a, 0x47, 0xc4, 0x38, 0xb8,
  0x9b, 0x29, 0xec, 0x3f, 0x1e, 0x83, 0x7f, 0x46, 0x41, 0xae, 0xf6, 0x5e,
  0x24, 0x43, 0xb2, 0xe8, 0x04, 0xf4, 0x8b, 0x0c, 0xe9, 0xb1, 0x6e, 0xb8,
  0xd8, 0xfb, 0x02, 0x0b, 0x4c, 0xe3, 0x34, 0x57, 0x04, 0x01, 0x16, 0xb6,
  0x9d, 0x3c, 0xfa, 0x1f, 0x63, 0x56, 0x7a, 0x65, 0x55, 0x2d, 0x40, 0x89,
  0xc3, 0x41, 0xc4, 0xab, 0xd2, 0xb2, 0x17, 0x05, 0xbd, 0x98, 0x07, 0x9b,
  0x12, 0x34, 0x15, 0x06, 0x55, 0x54, 0xad, 0x81, 0xb8, 0xb0, 0x8e, 0xa2,
  0x9b, 0xcc, 0x4c, 0x11, 0x91, 0x71, 0xff, 0x36, 0x2d, 0xcd, 0x6f, 0x8d,
  0x21, 0xe3, 0x9c, 0xb8, 0xbb, 0xd9, 0xe9, 0x46, 0x19, 0x37, 0xdb, 0x4e,
  0xdd, 0x02, 0x41, 0x2e, 0xb9, 0x42, 0x6a, 0xda, 0x03, 0xca, 0xfb, 0x24,
  0x47, 0xcb, 0xa7, 0x26, 0xd4, 0xfe, 0xc5, 0xe4, 0xe1, 0x03, 0x7f, 0xf4,
  0xb1, 0x12, 0x5c, 0x2a, 0x65, 0xc6, 0xb1, 0x36, 0x36, 0x4e, 0x1a, 0xcc,
  0x43, 0xd0, 0xe7, 0x18, 0x08, 0x01, 0x59, 0x79, 0x99, 0x0b, 0x12, 0x92,
  0xdb, 0x2f, 0xde, 0xe3, 0x55, 0x16, 0x12, 0xdc, 0xc9, 0xcc, 0x21, 0xdf,
  0x2f, 0x20, 0xbc, 0x81, 0xf5, 0xf3, 0x23, 0xf5, 0x19, 0x2c, 0x3d, 0x1c,
  0xc2, 0x0d, 0x01, 0x0f, 0xed, 0x4d, 0xe1, 0xee, 0xc2, 0xbf, 0xd2, 0x1a,
  0xdd, 0x72, 0x05, 0x04, 0x0f, 0x7d, 0x6a, 0x0b, 0x31, 0x0a, 0xe4, 0x54,
  0x46, 0x53, 0x38, 0x7a, 0x48, 0x4d, 0xc6, 0x0f, 0x7f, 0xdc, 0x03, 0xce,
  0x71, 0x6e, 0xa5, 0x48, 0x42, 0x08, 0xc3, 0xba, 0xa1, 0x10, 0xf2, 0x2d,
  0xd5, 0x0b, 0x38, 0xd9, 0xfe, 0x49, 0x47, 0xf5, 0x06, 0x08, 0xfd, 0x84,
  0x5c, 0x3d, 0x17, 0x07, 0xeb, 0x04, 0x81, 0x8b, 0x4d, 0x66, 0x89, 0x56,
  0x49, 0x92, 0x54, 0xb8, 0x42, 0xce, 0x6d, 0x3e, 0x8d, 0x52, 0x9e, 0xd3,
  0x61, 0x2d, 0xc8, 0x7f, 0xd3, 0x38, 0x65, 0x37, 0x0a, 0x25, 0x06, 0xdb,
  0xb8, 0x66, 0xad, 0x9b, 0xc9, 0xa6, 0xf9, 0xdf, 0x22, 0x33, 0x8f, 0xad,
  0x57, 0xf6, 0x11, 0x21, 0xf4, 0x10, 0x36, 0x1d, 0xcf, 0x81, 0x5f, 0x3b,
  0xff, 0x57, 0xe2, 0x66, 0xf7, 0xb3, 0xde, 0x52, 0x17, 0xe5, 0x03, 0x3f,
  0xdb, 0xf4, 0x35, 0xf2, 0x0f, 0xce, 0x12, 0x56, 0xa0, 0x9e, 0xd9, 0xf0,
  0x21, 0xca, 0x0d, 0xa4, 0x30, 0x9d, 0xac, 0xe3, 0x35, 0x42, 0xb7, 0x0c,
  0xe3, 0x2f, 0xe4, 0xc0, 0x5c, 0xfb, 0x1a, 0x5d, 0xb5, 0xf6, 0x9b, 0x05,
  0xd0, 0xd8, 0x2d, 0xed, 0xb6, 0x26, 0x3c, 0xa6, 0x2d, 0xf8, 0x69, 0x7f,
  0x8b, 0xd7, 0xe3, 0xaa, 0x31, 0xe1, 0x31, 0xe3, 0x64, 0xe3, 0xf6, 0xd3,
  0x46, 0x73, 0x2f, 0x26, 0x9a, 0x2e, 0xa7, 0xe6, 0xef, 0xb6, 0x3b, 0x22,
  0x2e, 0xf3, 0xff, 0xff, 0x04, 0x00, 0x00, 0x00, 0x40, 0x00, 0x00, 0x00,
  0xc6, 0xf3, 0xff, 0xff, 0xed, 0x01, 0x00, 0x00, 0xb5, 0xf6, 0xff, 0xff,
  0x6e, 0x0e, 0x00, 0x00, 0x4c, 0xee, 0xff, 0xff, 0xdd, 0xe9, 0xff, 0xff,
  0x62, 0x14, 0x00, 0x00, 0xf9, 0xc8, 0xff, 0xff, 0x4a, 0x11, 0x00, 0x00,
  0x45, 0x17, 0x00, 0x00, 0x0c, 0xf2, 0xff, 0xff, 0x34, 0xf4, 0xff, 0xff,
  0x94, 0x06, 0x00, 0x00, 0xdf, 0xf7, 0xff, 0xff, 0x91, 0x09, 0x00, 0x00,
  0x8c, 0xe1, 0xff, 0xff, 0x7a, 0xf3, 0xff, 0xff, 0x04, 0x00, 0x00, 0x00,
  0x10, 0x00, 0x00, 0x00, 0x0e, 0xdd, 0xf3, 0xf2, 0xe8, 0xd8, 0x0e, 0x7f,
  0xf3, 0xfb, 0xe1, 0x0c, 0xc8, 0xd4, 0xeb, 0xc6, 0x96, 0xf3, 0xff, 0xff,
  0x04, 0x00, 0x00, 0x00, 0x10, 0x00, 0x00, 0x00, 0x1c, 0xdc, 0xde, 0xf2,
  0x4c, 0x3c, 0x36, 0x0b, 0xc9, 0x00, 0x0d, 0x2b, 0xe2, 0x49, 0x80, 0xfb,
  0xb2, 0xf3, 0xff, 0xff, 0x04, 0x00, 0x00, 0x00, 0x00, 0x03, 0x00, 0x00,
  0x1d, 0xfd, 0x1f, 0x3c, 0xba, 0xc3, 0x0a, 0x28, 0xa6, 0x12, 0x3b, 0xd9,
  0xad, 0x1f, 0xd1, 0xe8, 0xd8, 0x26, 0x73, 0xd7, 0xe7, 0x04, 0x6b, 0x13,
  0x37, 0x11, 0xd2, 0x16, 0x7f, 0xc4, 0x09, 0xd7, 0xce, 0xe9, 0x1b, 0x0f,
  0x33, 0x9e, 0x02, 0x4b, 0x9c, 0x00, 0xe9, 0xf3, 0x27, 0x16, 0xd1, 0x52,
  0xd3, 0x58, 0x13, 0x37, 0xd4, 0x8e, 0xf2, 0x58, 0x4f, 0xc9, 0xb8, 0xff,
  0xd9, 0xa6, 0x11, 0xe4, 0x43, 0xe1, 0x36, 0xdf, 0x0c, 0xd4, 0x8e, 0x48,
  0xff, 0xe9, 0x3f, 0xd2, 0x19, 0x3d, 0xd7, 0x29, 0x4b, 0x34, 0xe2, 0xdc,
  0xd0, 0xff, 0xb1, 0x7f, 0x34, 0x3a, 0x03, 0xfe, 0x5b, 0xc2, 0x68, 0x1c,
  0x2a, 0xa9, 0xa1, 0xb0, 0x0b, 0x39, 0xf9, 0xd2, 0x09, 0x1f, 0x1f, 0x4a,
  0xbf, 0xe8, 0xa6, 0xb4, 0xc4, 0xe0, 0xed, 0x59, 0xff, 0x33, 0xa4, 0xc3,
  0xf4, 0xd0, 0xc8, 0xd3, 0x81, 0x09, 0x15, 0x53, 0x5c, 0xa6, 0xa2, 0x10,
  0xd9, 0x2b, 0xb2, 0xe1, 0xba, 0x1f, 0x36, 0xf7, 0xaf, 0xdc, 0x56, 0x10,
  0xa6, 0x25, 0x42, 0xe9, 0x96, 0x2d, 0x97, 0x7f, 0x0c, 0x3d, 0x42, 0x0c,
  0x36, 0xc0, 0x4b, 0x6b, 0x57, 0xf0, 0x54, 0xf9, 0x37, 0xcd, 0x14, 0x34,
  0xb6, 0xee, 0x30, 0xda, 0xbc, 0xbf, 0x23, 0xe2, 0xe1, 0x30, 0x37, 0xf6,
  0x10, 0x22, 0xf5, 0x71, 0x31, 0xc0, 0x53, 0x0d, 0xe2, 0xc7, 0x0e, 0x18,
  0x58, 0x75, 0xe7, 0x8f, 0x41, 0x04, 0x55, 0xdf, 0x8b, 0xf6, 0x4d, 0x3b,
  0x5a, 0x00, 0xb6, 0xd1, 0x3a, 0x99, 0x37, 0x14, 0xe8, 0x01, 0x43, 0x70,
  0x28, 0x90, 0x00, 0xbd, 0x09, 0x30, 0xc8, 0x35, 0xac, 0x64, 0x2a, 0x8e,
  0x2d, 0xc3, 0x39, 0xb6, 0x16, 0x03, 0x61, 0x81, 0xd0, 0x67, 0x16, 0x29,
  0xa8, 0xed, 0x8a, 0x62, 0x18, 0x1a, 0xca, 0xff, 0x15, 0xe1, 0xb9, 0xe6,
  0x81, 0xd6, 0x21, 0x9e, 0x4a, 0x9d, 0xaa, 0x09, 0xc2, 0xce, 0xd7, 0x03,
  0xe7, 0xca, 0x35, 0xb0, 0xc5, 0xd5, 0x4c, 0x4c, 0x34, 0x31, 0x01, 0xc6,
  0xce, 0x08, 0xc9, 0x9e, 0xbc, 0x09, 0xce, 0x22, 0xff, 0xf7, 0x1d, 0xd1,
  0xee, 0xdb, 0xb3, 0xbc, 0x56, 0x5c, 0x11, 0xe6, 0x35, 0x10, 0xd0, 0x4d,
  0x94, 0xaf, 0xf2, 0x5e, 0x47, 0xb5, 0xd5, 0x39, 0x48, 0x63, 0xb8, 0xb3,
  0x2d, 0x0d, 0x56, 0xbe, 0x37, 0x7f, 0x27, 0xfe, 0x5f, 0x19, 0x2a, 0x21,
  0x0a, 0x25, 0x09, 0xd9, 0x77, 0xcd, 0x4a, 0xd1, 0x06, 0xed, 0x12, 0xe0,
  0xff, 0x82, 0x2a, 0xfd, 0x14, 0x1b, 0xc6, 0xc1, 0x34, 0x3e, 0x56, 0xcf,
  0x3c, 0x49, 0x37, 0xca, 0xec, 0xf8, 0xe5, 0xf7, 0x5a, 0x4a, 0xba, 0xb4,
  0x43, 0x56, 0xdb, 0x5a, 0x04, 0xf7, 0x04, 0xdc, 0xf9, 0x34, 0xe3, 0x20,
  0xf7, 0x0c, 0xe5, 0x81, 0x23, 0xcc, 0xe2, 0x3f, 0xad, 0x2b, 0xc7, 0xab,
  0x39, 0x25, 0x05, 0xea, 0x4e, 0x4e, 0x1c, 0x0d, 0x33, 0x40, 0x41, 0xd0,
  0x3e, 0x36, 0x20, 0x32, 0x64, 0x12, 0xc1, 0xcc, 0xdd, 0xcd, 0x7f, 0x53,
  0xe3, 0xfe, 0x49, 0xe9, 0x31, 0xdb, 0xa7, 0xd4, 0xe8, 0x10, 0xe7, 0xc2,
  0x59, 0x20, 0x04, 0xbe, 0x5e, 0x3f, 0x21, 0x30, 0xe3, 0x56, 0x17, 0x1a,
  0x71, 0xcc, 0x13, 0x4e, 0x22, 0xf4, 0x9b, 0x53, 0x7f, 0xd0, 0xe7, 0x59,
  0xfa, 0xff, 0x3a, 0x59, 0x7c, 0x0e, 0x5f, 0xf7, 0xd7, 0xfe, 0xb2, 0x7a,
  0x6b, 0xf2, 0x2b, 0x31, 0x1f, 0x16, 0x1c, 0x27, 0xd3, 0xb4, 0xa0, 0xde,
  0xc7, 0xb3, 0x34, 0xde, 0x2e, 0xb6, 0xa2, 0x15, 0xfa, 0xc6, 0xd7, 0xb7,
  0x43, 0x36, 0xd0, 0xcf, 0xf6, 0x08, 0x00, 0x18, 0xdd, 0x3c, 0xcb, 0x29,
  0x2c, 0xde, 0x81, 0xdd, 0x06, 0x3e, 0xf6, 0xdb, 0x13, 0x40, 0x4a, 0xcf,
  0x95, 0xfd, 0xd3, 0x1a, 0xd7, 0xc5, 0x14, 0xf0, 0x26, 0x28, 0xf2, 0x19,
  0x39, 0xdc, 0x37, 0xf7, 0xc3, 0x01, 0x03, 0xfb, 0x53, 0xea, 0x11, 0xd3,
  0xcf, 0x1e, 0x3e, 0x38, 0x3d, 0x3e, 0x42, 0x65, 0xbb, 0x2e, 0xaf, 0xbf,
  0x12, 0x20, 0x70, 0x38, 0xf0, 0x37, 0x3b, 0x3c, 0x05, 0xd7, 0x85, 0x1f,
  0xaf, 0xd3, 0x65, 0xd1, 0x00, 0xc7, 0xdf, 0x40, 0xa3, 0xe7, 0x69, 0x45,
  0xa2, 0xfb, 0x47, 0x7f, 0xa8, 0xe7, 0xf3, 0xd2, 0x08, 0x95, 0xc5, 0x07,
  0xa2, 0x0d, 0x7f, 0x85, 0xf8, 0x50, 0x29, 0x72, 0xf3, 0xc9, 0x25, 0x12,
  0x60, 0xd3, 0xe6, 0xfa, 0x69, 0x70, 0x49, 0xba, 0xb8, 0x0c, 0x09, 0xd1,
  0xf0, 0x2a, 0x03, 0x26, 0x72, 0xd1, 0xd8, 0x2f, 0xf0, 0xba, 0x5e, 0xdd,
  0x19, 0x2a, 0x4d, 0x6b, 0xb0, 0x49, 0x5a, 0xac, 0x5c, 0xd7, 0xdf, 0x38,
  0x6a, 0x2d, 0x9a, 0x5f, 0x7f, 0x0d, 0xeb, 0x75, 0x71, 0xa9, 0x07, 0x75,
  0xf4, 0x55, 0xaa, 0x17, 0xe5, 0x5a, 0x56, 0x2f, 0x22, 0xb0, 0xb6, 0xa8,
  0x7a, 0x0f, 0x74, 0x00, 0x15, 0x90, 0xcd, 0x2f, 0x07, 0x01, 0x5e, 0xd2,
  0x04, 0x3c, 0x1f, 0xf1, 0x92, 0xf6, 0x93, 0x2e, 0xcc, 0x94, 0x4b, 0x60,
  0xda, 0x12, 0xe8, 0xec, 0xfc, 0xec, 0x50, 0xd2, 0x45, 0xfd, 0x09, 0xc5,
  0xf7, 0x3b, 0x34, 0x35, 0x2f, 0x33, 0xdc, 0xac, 0x51, 0x4b, 0x29, 0x7f,
  0xff, 0x5c, 0x1f, 0x27, 0xfc, 0xd7, 0x3c, 0xb1, 0x29, 0xf5, 0xee, 0x56,
  0x1c, 0x07, 0xf0, 0xd5, 0xed, 0x38, 0x4e, 0x6b, 0xc0, 0x99, 0xc5, 0xd7,
  0x13, 0x04, 0x25, 0xc8, 0x65, 0xdf, 0xae, 0x29, 0x6c, 0xd5, 0x23, 0x09,
  0x49, 0xb3, 0x2b, 0x7f, 0xd5, 0x1c, 0xf6, 0x1a, 0xf4, 0x28, 0xd1, 0xf6,
  0xff, 0xa8, 0xf0, 0x39, 0x41, 0xcc, 0xd3, 0xf8, 0x1d, 0x4b, 0x63, 0x06,
  0xd8, 0x2d, 0xd8, 0x64, 0x66, 0xe0, 0xa3, 0x21, 0xdc, 0xa1, 0x4e, 0x37,
  0xbe, 0xf6, 0xff, 0xff, 0x04, 0x00, 0x00, 0x00, 0x40, 0x00, 0x00, 0x00,
  0x3d, 0x13, 0x00, 0x00, 0xa2, 0xdc, 0xff, 0xff, 0x69, 0x24, 0x00, 0x00,
  0xdc, 0xea, 0xff, 0xff, 0x10, 0x05, 0x00, 0x00, 0x7d, 0x05, 0x00, 0x00,
  0x54, 0xf9, 0xff, 0xff, 0x2e, 0x06, 0x00, 0x00, 0xba, 0x0a, 0x00, 0x00,
  0xc7, 0x12, 0x00, 0x00, 0x54, 0xf7, 0xff, 0xff, 0x47, 0xc6, 0xff, 0xff,
  0xe8, 0x0b, 0x00, 0x00, 0x45, 0x19, 0x00, 0x00, 0xc9, 0xf7, 0xff, 0xff,
  0x09, 0x01, 0x00, 0x00, 0x0a, 0xf7, 0xff, 0xff, 0x04, 0x00, 0x00, 0x00,
  0x10, 0x00, 0x00, 0x00, 0xd0, 0x7f, 0xdb, 0x18, 0xc4, 0xe5, 0xb4, 0xd9,
  0xbf, 0xc2, 0xd3, 0x31, 0xb4, 0xc0, 0xee, 0xc6, 0x26, 0xf7, 0xff, 0xff,
  0x04, 0x00, 0x00, 0x00, 0x10, 0x00, 0x00, 0x00, 0x25, 0x19, 0x80, 0x0a,
  0x31, 0x80, 0x47, 0xc9, 0x3a, 0x4e, 0x54, 0x10, 0xf6, 0x3c, 0x45, 0x0c,
  0x42, 0xf7, 0xff, 0xff, 0x04, 0x00, 0x00, 0x00, 0x00, 0x03, 0x00, 0x00,
  0x45, 0x07, 0x1c, 0xcf, 0xb7, 0xe9, 0x22, 0xff, 0xa3, 0x19, 0x5c, 0x45,
  0x37, 0xfa, 0x10, 0x17, 0x4f, 0x36, 0xe4, 0x7f, 0x95, 0xa3, 0x96, 0x9c,
  0xbd, 0xfa, 0xbf, 0x32, 0xc5, 0x21, 0x22, 0x78, 0xe4, 0x7b, 0x53, 0x22,
  0xd0, 0x16, 0xf1, 0xe2, 0x41, 0xfa, 0xba, 0x57, 0x77, 0xf8, 0x96, 0xde,
  0x95, 0xfc, 0x30, 0x9c, 0x3c, 0x52, 0xb7, 0xf2, 0x49, 0xe1, 0xee, 0xb4,
  0xa1, 0x20, 0x48, 0x02, 0x49, 0xf2, 0x43, 0xa6, 0x9d, 0x59, 0xd0, 0xa6,
  0xf3, 0xb5, 0xef, 0x0a, 0x81, 0xbd, 0x43, 0xca, 0xb8, 0x25, 0x1b, 0x25,
  0x99, 0xbe, 0x2b, 0x94, 0x34, 0xe0, 0x9d, 0xde, 0xfd, 0x08, 0xec, 0x24,
  0x3e, 0x73, 0xc1, 0x52, 0xaf, 0x2e, 0xff, 0x2c, 0xe1, 0xc0, 0x97, 0x49,
  0xc6, 0xf5, 0xff, 0x32, 0xb9, 0x40, 0x5d, 0xe3, 0xee, 0x1b, 0x99, 0xd4,
  0x0b, 0xd1, 0x91, 0x07, 0xb4, 0xd6, 0xe9, 0x4a, 0x3e, 0x7f, 0xf9, 0x4f,
  0x39, 0xc2, 0x55, 0xb7, 0xab, 0x45, 0xb0, 0x5e, 0x13, 0x97, 0x44, 0x10,
  0x9b, 0x07, 0x14, 0x15, 0xd3, 0xaa, 0x0a, 0xb7, 0xf5, 0x47, 0xfa, 0xb9,
  0xa4, 0x0b, 0x68, 0xe9, 0xac, 0xca, 0x3e, 0x6f, 0x3d, 0x9a, 0x70, 0xe6,
  0xea, 0xe9, 0x3e, 0xf5, 0x44, 0xd3, 0xf9, 0x3f, 0xcc, 0xd1, 0x5b, 0xc5,
  0xc5, 0x4e, 0x00, 0x47, 0xa4, 0x5e, 0x68, 0x1b, 0x81, 0xda, 0x05, 0x3d,
  0xde, 0x68, 0x36, 0x7f, 0x89, 0xd7, 0x47, 0x1e, 0xae, 0x16, 0x91, 0x4c,
  0x3a, 0xd2, 0xe4, 0x40, 0x33, 0x11, 0xe7, 0xef, 0xa0, 0x07, 0x9a, 0xc9,
  0xe7, 0xb7, 0x94, 0x2d, 0x60, 0xc9, 0xd2, 0xff, 0xb1, 0x78, 0x2f, 0x34,
  0x46, 0x44, 0xd4, 0x3f, 0x15, 0x35, 0xcf, 0x40, 0x01, 0xb8, 0xe1, 0x77,
  0x8e, 0x28, 0x5a, 0x7c, 0x1e, 0x07, 0x8b, 0x6a, 0xc6, 0xf1, 0xc2, 0x67,
  0xc6, 0x0a, 0xb8, 0x19, 0x45, 0x79, 0xae, 0x16, 0xb8, 0x00, 0xe1, 0x25,
  0xcb, 0xad, 0xaa, 0x1f, 0x47, 0xcc, 0x81, 0x21, 0xdc, 0x6b, 0x61, 0x5b,
  0xee, 0x49, 0xcc, 0xee, 0xb1, 0x2b, 0xcd, 0xe9, 0x2b, 0x3c, 0x0e, 0x46,
  0xea, 0x8c, 0x26, 0xda, 0x7a, 0xe2, 0xb8, 0xff, 0x5b, 0x0b, 0xa5, 0x81,
  0xd9, 0x9e, 0xa8, 0x1c, 0x06, 0x3c, 0x5b, 0xff, 0x78, 0xa6, 0x29, 0xcf,
  0x7b, 0x48, 0x69, 0x81, 0x44, 0x55, 0x65, 0x19, 0x47, 0x9e, 0x48, 0xfc,
  0xd3, 0xb0, 0x4d, 0xa7, 0xea, 0xc5, 0x38, 0x9c, 0xa2, 0xb9, 0x0d, 0x2a,
  0x95, 0xee, 0x05, 0x40, 0xdd, 0xb7, 0x3d, 0x2e, 0x7f, 0xaf, 0xbd, 0x2d,
  0x2f, 0xcb, 0xce, 0xba, 0x21, 0x8f, 0x9a, 0x6e, 0x10, 0xa2, 0xc3, 0xc0,
  0xff, 0xf9, 0xb2, 0xe6, 0xea, 0xd8, 0x18, 0x90, 0x38, 0x9f, 0xd4, 0xd5,
  0x1e, 0x49, 0x45, 0x07, 0xf9, 0x03, 0x64, 0x3f, 0x54, 0x3d, 0xb5, 0x38,
  0x56, 0xfd, 0x17, 0xd5, 0xe5, 0x76, 0x47, 0x97, 0xb2, 0xc9, 0x64, 0x1c,
  0xd5, 0xc0, 0xd7, 0x1d, 0x60, 0x3c, 0x38, 0x81, 0x9e, 0xb2, 0xbb, 0x48,
  0x39, 0x05, 0x50, 0x3f, 0xcd, 0x17, 0x33, 0x9b, 0x1d, 0xbf, 0xed, 0xaa,
  0x21, 0x15, 0x94, 0xa5, 0xfb, 0x25, 0xd4, 0x02, 0x24, 0xbf, 0x22, 0x91,
  0x7e, 0x21, 0xc3, 0xfe, 0x60, 0xe7, 0xb1, 0x9c, 0x24, 0xf1, 0x28, 0x3b,
  0x42, 0xd8, 0x21, 0x42, 0x5f, 0x4c, 0x2b, 0xd7, 0x10, 0xb9, 0x9a, 0x2f,
  0xe6, 0x5a, 0x5a, 0x7f, 0x64, 0xd7, 0xd6, 0xc1, 0x43, 0x2f, 0xde, 0x68,
  0x9e, 0x42, 0xd6, 0xe2, 0xde, 0xd0, 0xee, 0x00, 0x40, 0xa9, 0xe6, 0x17,
  0x52, 0x17, 0x22, 0x32, 0x2e, 0x0d, 0xf8, 0xc9, 0x2d, 0x49, 0x07, 0x24,
  0x0d, 0x0a, 0xce, 0xa4, 0x40, 0x0e, 0x99, 0x4b, 0x4f, 0xa4, 0xe2, 0x0e,
  0x9b, 0xe9, 0x0b, 0x7f, 0x27, 0x4b, 0x4d, 0xcf, 0x9f, 0x2b, 0x09, 0x3c,
  0x10, 0x29, 0x55, 0xf4, 0xfe, 0x38, 0x3a, 0xcc, 0xe4, 0x03, 0xad, 0xc7,
  0x14, 0x41, 0xda, 0x08, 0x1a, 0x32, 0xea, 0x15, 0xb0, 0x48, 0x9b, 0xe6,
  0x12, 0xdc, 0xa6, 0xf5, 0xe0, 0x7f, 0x5c, 0x42, 0x0b, 0x18, 0xdb, 0x00,
  0x0a, 0xe2, 0xf6, 0x17, 0x25, 0x40, 0x03, 0x53, 0xcb, 0x6e, 0xf1, 0x01,
  0xbe, 0x0d, 0xd8, 0xe3, 0xe1, 0xe3, 0x85, 0x5e, 0xd7, 0xdb, 0xe3, 0x39,
  0xa2, 0xd7, 0x4d, 0x88, 0x94, 0x24, 0x01, 0xf1, 0xd4, 0xe7, 0x17, 0x8b,
  0x09, 0x7f, 0x4a, 0x47, 0xda, 0x07, 0xf2, 0xbf, 0xd9, 0xd9, 0x33, 0x1b,
  0xff, 0xdf, 0xd9, 0x09, 0xb3, 0x49, 0x2c, 0xcd, 0xd2, 0xab, 0xae, 0xa4,
  0xb7, 0x48, 0x53, 0x3e, 0x1a, 0xe4, 0xb8, 0xd8, 0xf9, 0xf4, 0x13, 0xd1,
  0x6f, 0x3e, 0xac, 0xcc, 0xa6, 0x02, 0xce, 0x39, 0xc2, 0x3a, 0x0f, 0x7f,
  0x32, 0x43, 0x02, 0xa2, 0x9c, 0x8a, 0x90, 0xac, 0x1c, 0x9e, 0xd5, 0xe8,
  0xf4, 0x01, 0xd4, 0xbb, 0xff, 0xf0, 0x42, 0xf4, 0x12, 0x4a, 0xce, 0xfc,
  0x53, 0x9c, 0x09, 0x2e, 0x4b, 0xcb, 0xc5, 0xec, 0xda, 0x08, 0x3d, 0x06,
  0x58, 0x66, 0xff, 0xf4, 0x19, 0x63, 0xc7, 0x11, 0x9c, 0xc2, 0x07, 0x0b,
  0x0c, 0x25, 0x31, 0x6a, 0x0e, 0x34, 0xb8, 0x55, 0xfa, 0x4e, 0xb0, 0xd9,
  0x9e, 0x04, 0x02, 0x7f, 0xfe, 0x50, 0x2e, 0xdb, 0x30, 0xa6, 0x07, 0xd6,
  0xfe, 0x10, 0x0d, 0xf4, 0x9f, 0x41, 0xe8, 0x7b, 0x26, 0x32, 0x3f, 0xfc,
  0xe1, 0x70, 0xdd, 0x10, 0xd5, 0xe7, 0xed, 0xff, 0xa7, 0xfe, 0xc8, 0x1c,
  0x03, 0xf0, 0xb3, 0x4f, 0xc2, 0x4b, 0xca, 0xf0, 0x10, 0x7f, 0x44, 0xdd,
  0x18, 0xb4, 0x8f, 0x4c, 0x65, 0x16, 0x96, 0x50, 0x00, 0x17, 0x2c, 0x5b,
  0xed, 0xf0, 0x1e, 0xd8, 0xa6, 0xfd, 0xe3, 0xdd, 0xee, 0x9e, 0xe8, 0x6c,
  0x4e, 0xfa, 0xff, 0xff, 0x04, 0x00, 0x00, 0x00, 0x40, 0x00, 0x00, 0x00,
  0x0b, 0xf4, 0xff, 0xff, 0xde, 0x18, 0x00, 0x00, 0x92, 0xce, 0xff, 0xff,
  0x25, 0x06, 0x00, 0x00, 0x0a, 0xe3, 0xff, 0xff, 0x79, 0xc8, 0xff, 0xff,
  0x77, 0x11, 0x00, 0x00, 0x0b, 0x1a, 0x00, 0x00, 0x15, 0x0b, 0x00, 0x00,
  0x3d, 0x0d, 0x00, 0x00, 0x9b, 0x15, 0x00, 0x00, 0xe1, 0xeb, 0xff, 0xff,
  0x55, 0x11, 0x00, 0x00, 0x66, 0x07, 0x00, 0x00, 0x53, 0xd7, 0xff, 0xff,
  0x66, 0xe0, 0xff, 0xff, 0x9a, 0xfa, 0xff, 0xff, 0x04, 0x00, 0x00, 0x00,
  0x10, 0x00, 0x00, 0x00, 0x82, 0x82, 0x86, 0x81, 0x89, 0x97, 0x82, 0x82,
  0x83, 0x81, 0x81, 0x89, 0x81, 0x82, 0x82, 0x7f, 0xb6, 0xfa, 0xff, 0xff,
  0x04, 0x00, 0x00, 0x00, 0x10, 0x00, 0x00, 0x00, 0x54, 0x8c, 0xde, 0xfb,
  0xdc, 0xe5, 0x93, 0x10, 0x80, 0xf7, 0x58, 0xed, 0x88, 0x09, 0x7f, 0x02,
  0xd2, 0xfa, 0xff, 0xff, 0x04, 0x00, 0x00, 0x00, 0x00, 0x03, 0x00, 0x00,
  0x1c, 0x07, 0xeb, 0xe8, 0x20, 0xee, 0x01, 0xff, 0x22, 0x05, 0x16, 0x25,
  0xfd, 0xd4, 0x38, 0x89, 0x66, 0x00, 0x23, 0xdc, 0xb0, 0xe9, 0xd5, 0xef,
  0xcb, 0xde, 0x29, 0xfd, 0xce, 0x02, 0x34, 0x91, 0xfd, 0xc5, 0xad, 0x1d,
  0x06, 0x81, 0xed, 0x08, 0xec, 0xbc, 0x3c, 0xc0, 0x26, 0xd8, 0x16, 0x9d,
  0xf8, 0xf5, 0x09, 0x0a, 0xff, 0xe9, 0x0a, 0xdd, 0xee, 0xf3, 0x4d, 0x15,
  0xf0, 0xcf, 0x4a, 0x03, 0x18, 0x2a, 0x2a, 0x32, 0x81, 0xb9, 0x97, 0x1d,
  0x01, 0x1d, 0x2a, 0x2b, 0xaa, 0x35, 0x56, 0xdb, 0x5e, 0xca, 0x09, 0xdf,
  0xf5, 0xa8, 0x3f, 0x09, 0xd9, 0xbf, 0x1c, 0xda, 0x3d, 0xf3, 0x55, 0x9f,
  0x17, 0x34, 0xee, 0x1a, 0xc2, 0xa3, 0x12, 0xd5, 0x0a, 0xc0, 0x32, 0xc6,
  0x11, 0x0a, 0x18, 0xc4, 0xc2, 0xee, 0x8f, 0x0e, 0xaa, 0xdf, 0xf4, 0xf8,
  0xea, 0xc0, 0x0a, 0xc6, 0x28, 0x20, 0xe2, 0xf8, 0xd5, 0x14, 0xe4, 0x42,
  0xdb, 0xf9, 0x1e, 0xd8, 0x19, 0xca, 0xff, 0x18, 0xd5, 0x19, 0x14, 0x81,
  0x4a, 0xfe, 0xc4, 0xe0, 0xff, 0xbc, 0x1e, 0xe3, 0x05, 0xcb, 0x32, 0xcc,
  0x10, 0xc3, 0x1e, 0x88, 0x13, 0x0b, 0xc1, 0x0d, 0xb2, 0x8d, 0xe6, 0xf8,
  0x1b, 0x2a, 0xd3, 0x9e, 0x10, 0xff, 0x27, 0xdb, 0x01, 0xd1, 0x0e, 0x30,
  0xbe, 0x81, 0x41, 0x0a, 0xfa, 0xfd, 0xfe, 0xd4, 0xe4, 0xff, 0x1f, 0xc4,
  0x06, 0x01, 0x06, 0x01, 0xc1, 0xb0, 0xe8, 0xe1, 0x0c, 0x5f, 0x15, 0xdf,
  0x02, 0x0c, 0x29, 0xe7, 0x34, 0xda, 0xa2, 0x11, 0xd6, 0x81, 0xfc, 0x16,
  0x03, 0xc4, 0x16, 0x09, 0xa2, 0x13, 0x46, 0x9b, 0x1e, 0x10, 0xfd, 0xcb,
  0xa1, 0xe3, 0x37, 0x0a, 0xfd, 0x1a, 0xf3, 0x25, 0x1a, 0x2d, 0x3b, 0xfa,
  0x8d, 0xb4, 0x13, 0x0d, 0x6a, 0xfc, 0xcf, 0xe7, 0xdf, 0xd7, 0x1f, 0x44,
  0xd9, 0xb1, 0xe0, 0x76, 0x06, 0xa9, 0x30, 0xd8, 0x0b, 0x06, 0xe7, 0x8b,
  0x00, 0xe1, 0xac, 0xca, 0xa2, 0x93, 0xf9, 0x75, 0x02, 0xef, 0x49, 0xd6,
  0x35, 0x02, 0x25, 0xe3, 0x81, 0xa6, 0xfb, 0x1e, 0xd2, 0xa2, 0x18, 0x74,
  0x19, 0x0b, 0x11, 0xf5, 0xb9, 0xf2, 0x1b, 0x05, 0x19, 0x0d, 0xf8, 0x09,
  0x08, 0xf3, 0xf0, 0xc2, 0xf0, 0xf9, 0xe7, 0x19, 0xeb, 0x81, 0xf9, 0xf9,
  0xfc, 0xe4, 0x04, 0xff, 0x02, 0x20, 0x1e, 0x95, 0x08, 0xf6, 0xd3, 0x35,
  0xaa, 0xc0, 0xef, 0xff, 0xeb, 0x26, 0x07, 0x15, 0xde, 0xf2, 0xef, 0xfc,
  0x2a, 0x1b, 0x3f, 0x03, 0xeb, 0xca, 0xed, 0x00, 0xfd, 0xce, 0x28, 0x09,
  0x21, 0xe0, 0x5a, 0x81, 0x3b, 0x15, 0xd9, 0x17, 0xa0, 0xd1, 0xcf, 0x0b,
  0xe0, 0x21, 0x4b, 0x89, 0xb8, 0x03, 0x0f, 0xe2, 0xda, 0x02, 0xae, 0xe6,
  0xf6, 0xdf, 0x3d, 0x0d, 0x1d, 0x3d, 0xc7, 0xbd, 0x2a, 0x3a, 0x1e, 0xca,
  0xf2, 0xb5, 0xce, 0xb6, 0x7e, 0x25, 0xfd, 0xb8, 0xb6, 0xe4, 0xac, 0x25,
  0xfd, 0xd9, 0xce, 0xfd, 0xba, 0xf0, 0xf1, 0xe3, 0x35, 0x38, 0xa9, 0xc0,
  0xff, 0x49, 0x25, 0x48, 0x81, 0xe3, 0xc3, 0x34, 0x21, 0x32, 0x1b, 0x92,
  0x01, 0x39, 0x16, 0xa7, 0xa8, 0xdc, 0xb8, 0x40, 0xff, 0xa8, 0x1e, 0x10,
  0xf9, 0x2b, 0xf5, 0xe3, 0xd5, 0x81, 0xd8, 0xf7, 0x18, 0x29, 0xf4, 0x0c,
  0xea, 0xef, 0x04, 0xf4, 0x3d, 0x01, 0xa7, 0x16, 0xb4, 0x98, 0x05, 0x1f,
  0x0e, 0x21, 0x2d, 0xb9, 0xec, 0x32, 0xf5, 0xb1, 0x3a, 0x06, 0x07, 0x08,
  0x07, 0x98, 0xe5, 0x14, 0xff, 0x02, 0x04, 0x09, 0xfc, 0xfd, 0x47, 0x8e,
  0x2e, 0x25, 0x1c, 0x2b, 0x14, 0x85, 0xe7, 0xe4, 0xd5, 0x25, 0x16, 0xd9,
  0xf8, 0x04, 0x36, 0xd8, 0xe7, 0xf7, 0x19, 0x11, 0xc6, 0x81, 0xe6, 0xfb,
  0xff, 0x38, 0xfb, 0xe0, 0xc5, 0x24, 0x21, 0xfd, 0x10, 0x09, 0x0f, 0x14,
  0xbb, 0x12, 0x03, 0xd7, 0xf9, 0x24, 0x02, 0xd2, 0xc0, 0x02, 0x04, 0xca,
  0x81, 0xf2, 0x34, 0xd8, 0x16, 0x2b, 0xdb, 0xbe, 0xcd, 0x1f, 0x24, 0x1b,
  0xd4, 0x14, 0xca, 0x3d, 0xa5, 0x9d, 0x3f, 0xe3, 0x1e, 0x29, 0xf1, 0xae,
  0xeb, 0xf7, 0xd8, 0x02, 0xb8, 0xad, 0x04, 0x3e, 0x15, 0xdb, 0x4b, 0xd2,
  0x09, 0x39, 0xf5, 0xc4, 0xa3, 0xf2, 0xcb, 0x0a, 0xed, 0x05, 0x20, 0x38,
  0x3b, 0xd9, 0x23, 0xde, 0xfe, 0xb7, 0xec, 0x20, 0x26, 0x16, 0xec, 0xbc,
  0x2c, 0xcf, 0x57, 0xba, 0x27, 0xe4, 0xd5, 0x08, 0xd5, 0xbb, 0xd2, 0x1c,
  0xc9, 0x49, 0x02, 0xbc, 0x0c, 0xfd, 0x3f, 0x81, 0xf0, 0xe5, 0x1f, 0x0a,
  0xc6, 0xa8, 0xf8, 0x1c, 0x09, 0xfa, 0xe1, 0xdd, 0x1a, 0xf5, 0xed, 0x8c,
  0x27, 0x0b, 0x1f, 0x24, 0xd7, 0x95, 0xe3, 0x0b, 0xe8, 0x03, 0x2a, 0x22,
  0x0c, 0xf8, 0x29, 0xc5, 0x0d, 0x1a, 0xe8, 0x15, 0xe2, 0x8d, 0xf0, 0xf8,
  0x05, 0x1c, 0x1e, 0xeb, 0xd4, 0x3f, 0x00, 0x81, 0x0a, 0x0b, 0xd0, 0x26,
  0xd7, 0xae, 0xf6, 0x02, 0xf0, 0x11, 0x10, 0x08, 0xbd, 0xfe, 0x51, 0xec,
  0x28, 0xf9, 0xed, 0xf6, 0xed, 0xa2, 0x1c, 0x14, 0x0a, 0x28, 0x31, 0x23,
  0x15, 0xf0, 0x2e, 0xdc, 0x56, 0x1c, 0xba, 0xf5, 0xf7, 0xce, 0xb3, 0x14,
  0x00, 0xd9, 0x0c, 0x29, 0xce, 0x05, 0x58, 0x81, 0xf2, 0x17, 0xeb, 0x14,
  0xc8, 0xb0, 0x31, 0x02, 0xe4, 0xe5, 0x13, 0x28, 0x2e, 0x1c, 0x26, 0xc0,
  0xfe, 0x34, 0x27, 0xfc, 0x98, 0x86, 0xff, 0xf1, 0xea, 0xd2, 0xf2, 0xa5,
  0x22, 0xc8, 0x02, 0xfa, 0x1d, 0x11, 0xe2, 0xfd, 0xf7, 0x8f, 0xea, 0x04,
  0x0b, 0x01, 0x29, 0xbb, 0xd5, 0x18, 0x1e, 0xeb, 0x02, 0x34, 0xd4, 0x16,
  0xbf, 0x81, 0x03, 0xe2, 0xfe, 0xfc, 0x05, 0x0b, 0xf7, 0xf2, 0x1f, 0xdc,
  0xde, 0xfd, 0xff, 0xff, 0x04, 0x00, 0x00, 0x00, 0x40, 0x00, 0x00, 0x00,
  0x15, 0x2d, 0x00, 0x00, 0xee, 0x37, 0x00, 0x00, 0x2d, 0x3d, 0x00, 0x00,
  0x55, 0x4e, 0x00, 0x00, 0xd9, 0x57, 0x00, 0x00, 0x25, 0xf5, 0xff, 0xff,
  0xb5, 0x2a, 0x00, 0x00, 0x66, 0x5a, 0x00, 0x00, 0x67, 0xf7, 0xff, 0xff,
  0x69, 0x41, 0x00, 0x00, 0x96, 0x45, 0x00, 0x00, 0xd8, 0x15, 0x00, 0x00,
  0x77, 0x52, 0x00, 0x00, 0x19, 0x48, 0x00, 0x00, 0xf4, 0x35, 0x00, 0x00,
  0x87, 0x3e, 0x00, 0x00, 0x2a, 0xfe, 0xff, 0xff, 0x04, 0x00, 0x00, 0x00,
  0x10, 0x00, 0x00, 0x00, 0xa8, 0x9f, 0xaa, 0xb9, 0xa4, 0x7f, 0xca, 0xa2,
  0x12, 0xa2, 0xa9, 0x00, 0x9c, 0xa3, 0x9f, 0xa4, 0x46, 0xfe, 0xff, 0xff,
  0x04, 0x00, 0x00, 0x00, 0x10, 0x00, 0x00, 0x00, 0x35, 0x55, 0xd6, 0x93,
  0x1d, 0x53, 0x80, 0x12, 0x53, 0xf5, 0x2b, 0x53, 0x27, 0x03, 0x28, 0xde,
  0x62, 0xfe, 0xff, 0xff, 0x04, 0x00, 0x00, 0x00, 0x70, 0x00, 0x00, 0x00,
  0xa8, 0xf2, 0x8e, 0xb7, 0xa8, 0x6a, 0x8b, 0x9d, 0x4c, 0x81, 0xa0, 0x65,
  0x96, 0xcc, 0xc2, 0xcd, 0xc4, 0x84, 0x83, 0x81, 0xca, 0x44, 0xe9, 0xe3,
  0x5b, 0xcc, 0x9a, 0x3f, 0xa3, 0xae, 0x95, 0xa4, 0x7d, 0x77, 0x65, 0x5c,
  0x74, 0x98, 0x7d, 0x76, 0x8e, 0x7b, 0x4f, 0x9a, 0x61, 0x72, 0x7f, 0x67,
  0x9d, 0xab, 0x98, 0xb2, 0x86, 0x40, 0xd2, 0xaa, 0x3a, 0xd6, 0x81, 0x5e,
  0xc1, 0xda, 0xa5, 0xa7, 0x84, 0x8f, 0xa5, 0xdc, 0xdc, 0x4e, 0xa5, 0x9c,
  0x34, 0x8a, 0x81, 0x6e, 0x9f, 0x8f, 0xaf, 0xd8, 0xaa, 0xb3, 0xb6, 0x8c,
  0x94, 0x53, 0xea, 0x96, 0x4a, 0xd5, 0x81, 0x75, 0x97, 0xe0, 0xb6, 0xda,
  0xa8, 0x9b, 0xaf, 0xaf, 0x89, 0x76, 0xaa, 0xc1, 0x7f, 0x9b, 0x9e, 0x2b,
  0x88, 0xea, 0xc2, 0xb0, 0xde, 0xfe, 0xff, 0xff, 0x04, 0x00, 0x00, 0x00,
  0x1c, 0x00, 0x00, 0x00, 0x4a, 0xec, 0xff, 0xff, 0xd2, 0xca, 0xff, 0xff,
  0x42, 0x1f, 0x00, 0x00, 0xeb, 0xc2, 0xff, 0xff, 0xa8, 0xdd, 0xff, 0xff,
  0x9a, 0xd5, 0xff, 0xff, 0xfb, 0xc3, 0xff, 0xff, 0x06, 0xff, 0xff, 0xff,
  0x04, 0x00, 0x00, 0x00, 0x08, 0x00, 0x00, 0x00, 0x01, 0x00, 0x00, 0x00,
  0x02, 0x00, 0x00, 0x00, 0xa4, 0xd2, 0xff, 0xff, 0xa8, 0xd2, 0xff, 0xff,
  0x0f, 0x00, 0x00, 0x00, 0x4d, 0x4c, 0x49, 0x52, 0x20, 0x43, 0x6f, 0x6e,
  0x76, 0x65, 0x72, 0x74, 0x65, 0x64, 0x2e, 0x00, 0x01, 0x00, 0x00, 0x00,
  0x14, 0x00, 0x00, 0x00, 0x00, 0x00, 0x0e, 0x00, 0x18, 0x00, 0x14, 0x00,
  0x10, 0x00, 0x0c, 0x00, 0x08, 0x00, 0x04, 0x00, 0x0e, 0x00, 0x00, 0x00,
  0x14, 0x00, 0x00, 0x00, 0x1c, 0x00, 0x00, 0x00, 0x98, 0x05, 0x00, 0x00,
  0x9c, 0x05, 0x00, 0x00, 0xa0, 0x05, 0x00, 0x00, 0x04, 0x00, 0x00, 0x00,
  0x6d, 0x61, 0x69, 0x6e, 0x00, 0x00, 0x00, 0x00, 0x18, 0x00, 0x00, 0x00,
  0x34, 0x05, 0x00, 0x00, 0xf0, 0x04, 0x00, 0x00, 0xac, 0x04, 0x00, 0x00,
  0x6c, 0x04, 0x00, 0x00, 0x38, 0x04, 0x00, 0x00, 0x04, 0x04, 0x00, 0x00,
  0xc4, 0x03, 0x00, 0x00, 0x90, 0x03, 0x00, 0x00, 0x5c, 0x03, 0x00, 0x00,
  0x1c, 0x03, 0x00, 0x00, 0xe8, 0x02, 0x00, 0x00, 0xb4, 0x02, 0x00, 0x00,
  0x74, 0x02, 0x00, 0x00, 0x40, 0x02, 0x00, 0x00, 0x0c, 0x02, 0x00, 0x00,
  0xcc, 0x01, 0x00, 0x00, 0x98, 0x01, 0x00, 0x00, 0x64, 0x01, 0x00, 0x00,
  0x24, 0x01, 0x00, 0x00, 0xf0, 0x00, 0x00, 0x00, 0xbc, 0x00, 0x00, 0x00,
  0x88, 0x00, 0x00, 0x00, 0x50, 0x00, 0x00, 0x00, 0x14, 0x00, 0x00, 0x00,
  0x00, 0x00, 0x0e, 0x00, 0x1a, 0x00, 0x14, 0x00, 0x10, 0x00, 0x0c, 0x00,
  0x0b, 0x00, 0x04, 0x00, 0x0e, 0x00, 0x00, 0x00, 0x1c, 0x00, 0x00, 0x00,
  0x00, 0x00, 0x00, 0x09, 0x1c, 0x00, 0x00, 0x00, 0x20, 0x00, 0x00, 0x00,
  0x05, 0x00, 0x00, 0x00, 0x00, 0x00, 0x06, 0x00, 0x08, 0x00, 0x04, 0x00,
  0x06, 0x00, 0x00, 0x00, 0x00, 0x00, 0x80, 0x3f, 0x01, 0x00, 0x00, 0x00,
  0x37, 0x00, 0x00, 0x00, 0x01, 0x00, 0x00, 0x00, 0x36, 0x00, 0x00, 0x00,
  0xc2, 0xfb, 0xff, 0xff, 0x14, 0x00, 0x00, 0x00, 0x00, 0x00, 0x00, 0x08,
  0x10, 0x00, 0x00, 0x00, 0x14, 0x00, 0x00, 0x00, 0x04, 0x00, 0x00, 0x00,
  0xc0, 0xd3, 0xff, 0xff, 0x01, 0x00, 0x00, 0x00, 0x36, 0x00, 0x00, 0x00,
  0x03, 0x00, 0x00, 0x00, 0x35, 0x00, 0x00, 0x00, 0x03, 0x00, 0x00, 0x00,
  0x02, 0x00, 0x00, 0x00, 0xf6, 0xfb, 0xff, 0xff, 0x14, 0x00, 0x00, 0x00,
  0x00, 0x00, 0x00, 0x1b, 0x10, 0x00, 0x00, 0x00, 0x14, 0x00, 0x00, 0x00,
  0x03, 0x00, 0x00, 0x00, 0xf4, 0xd3, 0xff, 0xff, 0x01, 0x00, 0x00, 0x00,
  0x35, 0x00, 0x00, 0x00, 0x02, 0x00, 0x00, 0x00, 0x34, 0x00, 0x00, 0x00,
  0x01, 0x00, 0x00, 0x00, 0x26, 0xfc, 0xff, 0xff, 0x14, 0x00, 0x00, 0x00,
  0x00, 0x00, 0x00, 0x0b, 0x10, 0x00, 0x00, 0x00, 0x14, 0x00, 0x00, 0x00,
  0x02, 0x00, 0x00, 0x00, 0x24, 0xd4, 0xff, 0xff, 0x01, 0x00, 0x00, 0x00,
  0x34, 0x00, 0x00, 0x00, 0x02, 0x00, 0x00, 0x00, 0x33, 0x00, 0x00, 0x00,
  0x04, 0x00, 0x00, 0x00, 0x56, 0xfc, 0xff, 0xff, 0x14, 0x00, 0x00, 0x00,
  0x00, 0x00, 0x00, 0x15, 0x10, 0x00, 0x00, 0x00, 0x14, 0x00, 0x00, 0x00,
  0x01, 0x00, 0x00, 0x00, 0x54, 0xd4, 0xff, 0xff, 0x01, 0x00, 0x00, 0x00,
  0x33, 0x00, 0x00, 0x00, 0x02, 0x00, 0x00, 0x00, 0x32, 0x00, 0x00, 0x00,
  0x05, 0x00, 0x00, 0x00, 0x46, 0xfc, 0xff, 0xff, 0x10, 0x00, 0x00, 0x00,
  0x00, 0x00, 0x00, 0x01, 0x18, 0x00, 0x00, 0x00, 0x1c, 0x00, 0x00, 0x00,
  0x38, 0xfc, 0xff, 0xff, 0x00, 0x00, 0x00, 0x01, 0x01, 0x00, 0x00, 0x00,
  0x01, 0x00, 0x00, 0x00, 0x01, 0x00, 0x00, 0x00, 0x32, 0x00, 0x00, 0x00,
  0x03, 0x00, 0x00, 0x00, 0x31, 0x00, 0x00, 0x00, 0x07, 0x00, 0x00, 0x00,
  0x06, 0x00, 0x00, 0x00, 0xc2, 0xfc, 0xff, 0xff, 0x14, 0x00, 0x00, 0x00,
  0x00, 0x00, 0x00, 0x0b, 0x10, 0x00, 0x00, 0x00, 0x14, 0x00, 0x00, 0x00,
  0x02, 0x00, 0x00, 0x00, 0xc0, 0xd4, 0xff, 0xff, 0x01, 0x00, 0x00, 0x00,
  0x31, 0x00, 0x00, 0x00, 0x02, 0x00, 0x00, 0x00, 0x30, 0x00, 0x00, 0x00,
  0x08, 0x00, 0x00, 0x00, 0xf2, 0xfc, 0xff, 0xff, 0x14, 0x00, 0x00, 0x00,
  0x00, 0x00, 0x00, 0x15, 0x10, 0x00, 0x00, 0x00, 0x14, 0x00, 0x00, 0x00,
  0x01, 0x00, 0x00, 0x00, 0xf0, 0xd4, 0xff, 0xff, 0x01, 0x00, 0x00, 0x00,
  0x30, 0x00, 0x00, 0x00, 0x02, 0x00, 0x00, 0x00, 0x2f, 0x00, 0x00, 0x00,
  0x09, 0x00, 0x00, 0x00, 0xe2, 0xfc, 0xff, 0xff, 0x10, 0x00, 0x00, 0x00,
  0x00, 0x00, 0x00, 0x01, 0x18, 0x00, 0x00, 0x00, 0x1c, 0x00, 0x00, 0x00,
  0xd4, 0xfc, 0xff, 0xff, 0x00, 0x00, 0x00, 0x01, 0x01, 0x00, 0x00, 0x00,
  0x01, 0x00, 0x00, 0x00, 0x01, 0x00, 0x00, 0x00, 0x2f, 0x00, 0x00, 0x00,
  0x03, 0x00, 0x00, 0x00, 0x2e, 0x00, 0x00, 0x00, 0x0b, 0x00, 0x00, 0x00,
  0x0a, 0x00, 0x00, 0x00, 0x5e, 0xfd, 0xff, 0xff, 0x14, 0x00, 0x00, 0x00,
  0x00, 0x00, 0x00, 0x0b, 0x10, 0x00, 0x00, 0x00, 0x14, 0x00, 0x00, 0x00,
  0x02, 0x00, 0x00, 0x00, 0x5c, 0xd5, 0xff, 0xff, 0x01, 0x00, 0x00, 0x00,
  0x2e, 0x00, 0x00, 0x00, 0x02, 0x00, 0x00, 0x00, 0x2d, 0x00, 0x00, 0x00,
  0x0c, 0x00, 0x00, 0x00, 0x8e, 0xfd, 0xff, 0xff, 0x14, 0x00, 0x00, 0x00,
  0x00, 0x00, 0x00, 0x15, 0x10, 0x00, 0x00, 0x00, 0x14, 0x00, 0x00, 0x00,
  0x01, 0x00, 0x00, 0x00, 0x8c, 0xd5, 0xff, 0xff, 0x01, 0x00, 0x00, 0x00,
  0x2d, 0x00, 0x00, 0x00, 0x02, 0x00, 0x00, 0x00, 0x2c, 0x00, 0x00, 0x00,
  0x0d, 0x00, 0x00, 0x00, 0x7e, 0xfd, 0xff, 0xff, 0x10, 0x00, 0x00, 0x00,
  0x00, 0x00, 0x00, 0x01, 0x18, 0x00, 0x00, 0x00, 0x1c, 0x00, 0x00, 0x00,
  0x70, 0xfd, 0xff, 0xff, 0x00, 0x00, 0x00, 0x01, 0x01, 0x00, 0x00, 0x00,
  0x01, 0x00, 0x00, 0x00, 0x01, 0x00, 0x00, 0x00, 0x2c, 0x00, 0x00, 0x00,
  0x03, 0x00, 0x00, 0x00, 0x2b, 0x00, 0x00, 0x00, 0x0f, 0x00, 0x00, 0x00,
  0x0e, 0x00, 0x00, 0x00, 0xfa, 0xfd, 0xff, 0xff, 0x14, 0x00, 0x00, 0x00,
  0x00, 0x00, 0x00, 0x0b, 0x10, 0x00, 0x00, 0x00, 0x14, 0x00, 0x00, 0x00,
  0x02, 0x00, 0x00, 0x00, 0xf8, 0xd5, 0xff, 0xff, 0x01, 0x00, 0x00, 0x00,
  0x2b, 0x00, 0x00, 0x00, 0x02, 0x00, 0x00, 0x00, 0x2a, 0x00, 0x00, 0x00,
  0x10, 0x00, 0x00, 0x00, 0x2a, 0xfe, 0xff, 0xff, 0x14, 0x00, 0x00, 0x00,
  0x00, 0x00, 0x00, 0x15, 0x10, 0x00, 0x00, 0x00, 0x14, 0x00, 0x00, 0x00,
  0x01, 0x00, 0x00, 0x00, 0x28, 0xd6, 0xff, 0xff, 0x01, 0x00, 0x00, 0x00,
  0x2a, 0x00, 0x00, 0x00, 0x02, 0x00, 0x00, 0x00, 0x29, 0x00, 0x00, 0x00,
  0x11, 0x00, 0x00, 0x00, 0x1a, 0xfe, 0xff, 0xff, 0x10, 0x00, 0x00, 0x00,
  0x00, 0x00, 0x00, 0x01, 0x18, 0x00, 0x00, 0x00, 0x1c, 0x00, 0x00, 0x00,
  0x0c, 0xfe, 0xff, 0xff, 0x00, 0x00, 0x00, 0x01, 0x01, 0x00, 0x00, 0x00,
  0x01, 0x00, 0x00, 0x00, 0x01, 0x00, 0x00, 0x00, 0x29, 0x00, 0x00, 0x00,
  0x03, 0x00, 0x00, 0x00, 0x28, 0x00, 0x00, 0x00, 0x13, 0x00, 0x00, 0x00,
  0x12, 0x00, 0x00, 0x00, 0x96, 0xfe, 0xff, 0xff, 0x14, 0x00, 0x00, 0x00,
  0x00, 0x00, 0x00, 0x0b, 0x10, 0x00, 0x00, 0x00, 0x14, 0x00, 0x00, 0x00,
  0x02, 0x00, 0x00, 0x00, 0x94, 0xd6, 0xff, 0xff, 0x01, 0x00, 0x00, 0x00,
  0x28, 0x00, 0x00, 0x00, 0x02, 0x00, 0x00, 0x00, 0x27, 0x00, 0x00, 0x00,
  0x14, 0x00, 0x00, 0x00, 0xc6, 0xfe, 0xff, 0xff, 0x14, 0x00, 0x00, 0x00,
  0x00, 0x00, 0x00, 0x15, 0x10, 0x00, 0x00, 0x00, 0x14, 0x00, 0x00, 0x00,
  0x01, 0x00, 0x00, 0x00, 0xc4, 0xd6, 0xff, 0xff, 0x01, 0x00, 0x00, 0x00,
  0x27, 0x00, 0x00, 0x00, 0x02, 0x00, 0x00, 0x00, 0x26, 0x00, 0x00, 0x00,
  0x15, 0x00, 0x00, 0x00, 0xb6, 0xfe, 0xff, 0xff, 0x10, 0x00, 0x00, 0x00,
  0x00, 0x00, 0x00, 0x01, 0x18, 0x00, 0x00, 0x00, 0x1c, 0x00, 0x00, 0x00,
  0xa8, 0xfe, 0xff, 0xff, 0x00, 0x00, 0x00, 0x01, 0x01, 0x00, 0x00, 0x00,
  0x01, 0x00, 0x00, 0x00, 0x01, 0x00, 0x00, 0x00, 0x26, 0x00, 0x00, 0x00,
  0x03, 0x00, 0x00, 0x00, 0x25, 0x00, 0x00, 0x00, 0x17, 0x00, 0x00, 0x00,
  0x16, 0x00, 0x00, 0x00, 0x32, 0xff, 0xff, 0xff, 0x14, 0x00, 0x00, 0x00,
  0x00, 0x00, 0x00, 0x0b, 0x10, 0x00, 0x00, 0x00, 0x14, 0x00, 0x00, 0x00,
  0x02, 0x00, 0x00, 0x00, 0x30, 0xd7, 0xff, 0xff, 0x01, 0x00, 0x00, 0x00,
  0x25, 0x00, 0x00, 0x00, 0x02, 0x00, 0x00, 0x00, 0x24, 0x00, 0x00, 0x00,
  0x18, 0x00, 0x00, 0x00, 0x62, 0xff, 0xff, 0xff, 0x14, 0x00, 0x00, 0x00,
  0x00, 0x00, 0x00, 0x15, 0x10, 0x00, 0x00, 0x00, 0x14, 0x00, 0x00, 0x00,
  0x01, 0x00, 0x00, 0x00, 0x60, 0xd7, 0xff, 0xff, 0x01, 0x00, 0x00, 0x00,
  0x24, 0x00, 0x00, 0x00, 0x02, 0x00, 0x00, 0x00, 0x23, 0x00, 0x00, 0x00,
  0x19, 0x00, 0x00, 0x00, 0x52, 0xff, 0xff, 0xff, 0x10, 0x00, 0x00, 0x00,
  0x00, 0x00, 0x00, 0x01, 0x18, 0x00, 0x00, 0x00, 0x1c, 0x00, 0x00, 0x00,
  0x44, 0xff, 0xff, 0xff, 0x00, 0x00, 0x00, 0x01, 0x01, 0x00, 0x00, 0x00,
  0x01, 0x00, 0x00, 0x00, 0x01, 0x00, 0x00, 0x00, 0x23, 0x00, 0x00, 0x00,
  0x03, 0x00, 0x00, 0x00, 0x22, 0x00, 0x00, 0x00, 0x1b, 0x00, 0x00, 0x00,
  0x1a, 0x00, 0x00, 0x00, 0xce, 0xff, 0xff, 0xff, 0x14, 0x00, 0x00, 0x00,
  0x00, 0x00, 0x00, 0x0b, 0x10, 0x00, 0x00, 0x00, 0x14, 0x00, 0x00, 0x00,
  0x02, 0x00, 0x00, 0x00, 0xcc, 0xd7, 0xff, 0xff, 0x01, 0x00, 0x00, 0x00,
  0x22, 0x00, 0x00, 0x00, 0x02, 0x00, 0x00, 0x00, 0x21, 0x00, 0x00, 0x00,
  0x1c, 0x00, 0x00, 0x00, 0x00, 0x00, 0x0e, 0x00, 0x18, 0x00, 0x14, 0x00,
  0x10, 0x00, 0x0c, 0x00, 0x0b, 0x00, 0x04, 0x00, 0x0e, 0x00, 0x00, 0x00,
  0x14, 0x00, 0x00, 0x00, 0x00, 0x00, 0x00, 0x15, 0x10, 0x00, 0x00, 0x00,
  0x14, 0x00, 0x00, 0x00, 0x01, 0x00, 0x00, 0x00, 0x0c, 0xd8, 0xff, 0xff,
  0x01, 0x00, 0x00, 0x00, 0x21, 0x00, 0x00, 0x00, 0x02, 0x00, 0x00, 0x00,
  0x20, 0x00, 0x00, 0x00, 0x1d, 0x00, 0x00, 0x00, 0x00, 0x00, 0x0e, 0x00,
  0x14, 0x00, 0x00, 0x00, 0x10, 0x00, 0x0c, 0x00, 0x0b, 0x00, 0x04, 0x00,
  0x0e, 0x00, 0x00, 0x00, 0x1c, 0x00, 0x00, 0x00, 0x00, 0x00, 0x00, 0x01,
  0x24, 0x00, 0x00, 0x00, 0x28, 0x00, 0x00, 0x00, 0x0c, 0x00, 0x10, 0x00,
  0x00, 0x00, 0x0c, 0x00, 0x08, 0x00, 0x07, 0x00, 0x0c, 0x00, 0x00, 0x00,
  0x00, 0x00, 0x00, 0x01, 0x01, 0x00, 0x00, 0x00, 0x01, 0x00, 0x00, 0x00,
  0x01, 0x00, 0x00, 0x00, 0x20, 0x00, 0x00, 0x00, 0x03, 0x00, 0x00, 0x00,
  0x00, 0x00, 0x00, 0x00, 0x1f, 0x00, 0x00, 0x00, 0x1e, 0x00, 0x00, 0x00,
  0x01, 0x00, 0x00, 0x00, 0x37, 0x00, 0x00, 0x00, 0x01, 0x00, 0x00, 0x00,
  0x00, 0x00, 0x00, 0x00, 0x38, 0x00, 0x00, 0x00, 0xd4, 0x27, 0x00, 0x00,
  0x50, 0x27, 0x00, 0x00, 0x90, 0x26, 0x00, 0x00, 0xcc, 0x25, 0x00, 0x00,
  0x70, 0x25, 0x00, 0x00, 0x14, 0x25, 0x00, 0x00, 0xa0, 0x23, 0x00, 0x00,
  0x64, 0x22, 0x00, 0x00, 0x08, 0x22, 0x00, 0x00, 0xac, 0x21, 0x00, 0x00,
  0x38, 0x20, 0x00, 0x00, 0xfc, 0x1e, 0x00, 0x00, 0xa0, 0x1e, 0x00, 0x00,
  0x4c, 0x1e, 0x00, 0x00, 0xd8, 0x1c, 0x00, 0x00, 0x9c, 0x1b, 0x00, 0x00,
  0x48, 0x1b, 0x00, 0x00, 0xf4, 0x1a, 0x00, 0x00, 0x80, 0x19, 0x00, 0x00,
  0x44, 0x18, 0x00, 0x00, 0xf0, 0x17, 0x00, 0x00, 0x9c, 0x17, 0x00, 0x00,
  0x28, 0x16, 0x00, 0x00, 0xec, 0x14, 0x00, 0x00, 0x90, 0x14, 0x00, 0x00,
  0x34, 0x14, 0x00, 0x00, 0xc0, 0x12, 0x00, 0x00, 0x84, 0x11, 0x00, 0x00,
  0x28, 0x11, 0x00, 0x00, 0xcc, 0x10, 0x00, 0x00, 0x58, 0x0f, 0x00, 0x00,
  0x1c, 0x0e, 0x00, 0x00, 0x50, 0x0d, 0x00, 0x00, 0xd4, 0x0c, 0x00, 0x00,
  0x50, 0x0c, 0x00, 0x00, 0x84, 0x0b, 0x00, 0x00, 0x08, 0x0b, 0x00, 0x00,
  0x84, 0x0a, 0x00, 0x00, 0xb8, 0x09, 0x00, 0x00, 0x3c, 0x09, 0x00, 0x00,
  0xb8, 0x08, 0x00, 0x00, 0xec, 0x07, 0x00, 0x00, 0x70, 0x07, 0x00, 0x00,
  0xec, 0x06, 0x00, 0x00, 0x20, 0x06, 0x00, 0x00, 0xa4, 0x05, 0x00, 0x00,
  0x20, 0x05, 0x00, 0x00, 0x54, 0x04, 0x00, 0x00, 0xd8, 0x03, 0x00, 0x00,
  0x54, 0x03, 0x00, 0x00, 0x88, 0x02, 0x00, 0x00, 0x0c, 0x02, 0x00, 0x00,
  0x88, 0x01, 0x00, 0x00, 0x0c, 0x01, 0x00, 0x00, 0x68, 0x00, 0x00, 0x00,
  0x04, 0x00, 0x00, 0x00, 0x22, 0xd9, 0xff, 0xff, 0x00, 0x00, 0x00, 0x01,
  0x14, 0x00, 0x00, 0x00, 0x30, 0x00, 0x00, 0x00, 0x38, 0x00, 0x00, 0x00,
  0x00, 0x00, 0x00, 0x09, 0x3c, 0x00, 0x00, 0x00, 0x0c, 0xd9, 0xff, 0xff,
  0x08, 0x00, 0x00, 0x00, 0x10, 0x00, 0x00, 0x00, 0x01, 0x00, 0x00, 0x00,
  0x80, 0xff, 0xff, 0xff, 0xff, 0xff, 0xff, 0xff, 0x01, 0x00, 0x00, 0x00,
  0x00, 0x00, 0x80, 0x3b, 0x11, 0x00, 0x00, 0x00, 0x50, 0x61, 0x72, 0x74,
  0x69, 0x74, 0x69, 0x6f, 0x6e, 0x65, 0x64, 0x43, 0x61, 0x6c, 0x6c, 0x3a,
  0x30, 0x00, 0x00, 0x00, 0x02, 0x00, 0x00, 0x00, 0x01, 0x00, 0x00, 0x00,
  0x07, 0x00, 0x00, 0x00, 0x82, 0xd9, 0xff, 0xff, 0x00, 0x00, 0x00, 0x01,
  0x14, 0x00, 0x00, 0x00, 0x34, 0x00, 0x00, 0x00, 0x37, 0x00, 0x00, 0x00,
  0x00, 0x00, 0x00, 0x09, 0x7c, 0x00, 0x00, 0x00, 0x6c, 0xd9, 0xff, 0xff,
  0x08, 0x00, 0x00, 0x00, 0x14, 0x00, 0x00, 0x00, 0x01, 0x00, 0x00, 0x00,
  0xe6, 0xff, 0xff, 0xff, 0xff, 0xff, 0xff, 0xff, 0x00, 0x00, 0x00, 0x00,
  0x01, 0x00, 0x00, 0x00, 0x05, 0x16, 0x56, 0x3d, 0x4d, 0x00, 0x00, 0x00,
  0x6d, 0x6f, 0x64, 0x65, 0x6c, 0x5f, 0x32, 0x31, 0x35, 0x2f, 0x74, 0x66,
  0x2e, 0x6c, 0x69, 0x6e, 0x61, 0x6c, 0x67, 0x2e, 0x6d, 0x61, 0x74, 0x6d,
  0x75, 0x6c, 0x5f, 0x36, 0x33, 0x2f, 0x4d, 0x61, 0x74, 0x4d, 0x75, 0x6c,
  0x3b, 0x6d, 0x6f, 0x64, 0x65, 0x6c, 0x5f, 0x32, 0x31, 0x35, 0x2f, 0x74,
  0x66, 0x2e, 0x5f, 0x5f, 0x6f, 0x70, 0x65, 0x72, 0x61, 0x74, 0x6f, 0x72,
  0x73, 0x5f, 0x5f, 0x2e, 0x61, 0x64, 0x64, 0x5f, 0x32, 0x31, 0x35, 0x2f,
  0x41, 0x64, 0x64, 0x56, 0x32, 0x00, 0x00, 0x00, 0x02, 0x00, 0x00, 0x00,
  0x01, 0x00, 0x00, 0x00, 0x07, 0x00, 0x00, 0x00, 0x22, 0xda, 0xff, 0xff,
  0x00, 0x00, 0x00, 0x01, 0x14, 0x00, 0x00, 0x00, 0x34, 0x00, 0x00, 0x00,
  0x36, 0x00, 0x00, 0x00, 0x00, 0x00, 0x00, 0x09, 0x54, 0x00, 0x00, 0x00,
  0x0c, 0xda, 0xff, 0xff, 0x08, 0x00, 0x00, 0x00, 0x14, 0x00, 0x00, 0x00,
  0x01, 0x00, 0x00, 0x00, 0xd0, 0xff, 0xff, 0xff, 0xff, 0xff, 0xff, 0xff,
  0x00, 0x00, 0x00, 0x00, 0x01, 0x00, 0x00, 0x00, 0x09, 0xe1, 0x37, 0x3c,
  0x25, 0x00, 0x00, 0x00, 0x6d, 0x6f, 0x64, 0x65, 0x6c, 0x5f, 0x32, 0x31,
  0x35, 0x2f, 0x74, 0x66, 0x2e, 0x6d, 0x61, 0x74, 0x68, 0x2e, 0x72, 0x65,
  0x64, 0x75, 0x63, 0x65, 0x5f, 0x6d, 0x65, 0x61, 0x6e, 0x5f, 0x36, 0x33,
  0x2f, 0x4d, 0x65, 0x61, 0x6e, 0x00, 0x00, 0x00, 0x02, 0x00, 0x00, 0x00,
  0x01, 0x00, 0x00, 0x00, 0x10, 0x00, 0x00, 0x00, 0x9a, 0xda, 0xff, 0xff,
  0x00, 0x00, 0x00, 0x01, 0x14, 0x00, 0x00, 0x00, 0x30, 0x00, 0x00, 0x00,
  0x35, 0x00, 0x00, 0x00, 0x00, 0x00, 0x00, 0x09, 0x54, 0x00, 0x00, 0x00,
  0x84, 0xda, 0xff, 0xff, 0x08, 0x00, 0x00, 0x00, 0x10, 0x00, 0x00, 0x00,
  0x01, 0x00, 0x00, 0x00, 0xbf, 0xff, 0xff, 0xff, 0xff, 0xff, 0xff, 0xff,
  0x01, 0x00, 0x00, 0x00, 0xf1, 0xb7, 0x68, 0x3c, 0x28, 0x00, 0x00, 0x00,
  0x6d, 0x6f, 0x64, 0x65, 0x6c, 0x5f, 0x32, 0x31, 0x35, 0x2f, 0x74, 0x66,
  0x2e, 0x5f, 0x5f, 0x6f, 0x70, 0x65, 0x72, 0x61, 0x74, 0x6f, 0x72, 0x73,
  0x5f, 0x5f, 0x2e, 0x61, 0x64, 0x64, 0x5f, 0x32, 0x31, 0x34, 0x2f, 0x41,
  0x64, 0x64, 0x56, 0x32, 0x00, 0x00, 0x00, 0x00, 0x04, 0x00, 0x00, 0x00,
  0x01, 0x00, 0x00, 0x00, 0x05, 0x00, 0x00, 0x00, 0x01, 0x00, 0x00, 0x00,
  0x10, 0x00, 0x00, 0x00, 0x1a, 0xdb, 0xff, 0xff, 0x00, 0x00, 0x00, 0x01,
  0x14, 0x00, 0x00, 0x00, 0x30, 0x00, 0x00, 0x00, 0x34, 0x00, 0x00, 0x00,
  0x00, 0x00, 0x00, 0x09, 0x4c, 0x00, 0x00, 0x00, 0x04, 0xdb, 0xff, 0xff,
  0x08, 0x00, 0x00, 0x00, 0x10, 0x00, 0x00, 0x00, 0x01, 0x00, 0x00, 0x00,
  0x9d, 0xff, 0xff, 0xff, 0xff, 0xff, 0xff, 0xff, 0x01, 0x00, 0x00, 0x00,
  0x23, 0x4a, 0xff, 0x3c, 0x22, 0x00, 0x00, 0x00, 0x6d, 0x6f, 0x64, 0x65,
  0x6c, 0x5f, 0x32, 0x31, 0x35, 0x2f, 0x74, 0x66, 0x2e, 0x6d, 0x61, 0x74,
  0x68, 0x2e, 0x6d, 0x75, 0x6c, 0x74, 0x69, 0x70, 0x6c, 0x79, 0x5f, 0x32,
  0x31, 0x34, 0x2f, 0x4d, 0x75, 0x6c, 0x00, 0x00, 0x04, 0x00, 0x00, 0x00,
  0x01, 0x00, 0x00, 0x00, 0x05, 0x00, 0x00, 0x00, 0x01, 0x00, 0x00, 0x00,
  0x10, 0x00, 0x00, 0x00, 0x92, 0xdb, 0xff, 0xff, 0x00, 0x00, 0x00, 0x01,
  0x14, 0x00, 0x00, 0x00, 0x30, 0x00, 0x00, 0x00, 0x33, 0x00, 0x00, 0x00,
  0x00, 0x00, 0x00, 0x09, 0x9c, 0x00, 0x00, 0x00, 0x7c, 0xdb, 0xff, 0xff,
  0x08, 0x00, 0x00, 0x00, 0x10, 0x00, 0x00, 0x00, 0x01, 0x00, 0x00, 0x00,
  0x80, 0xff, 0xff, 0xff, 0xff, 0xff, 0xff, 0xff, 0x01, 0x00, 0x00, 0x00,
  0xd6, 0x6d, 0xe2, 0x3c, 0x71, 0x00, 0x00, 0x00, 0x6d, 0x6f, 0x64, 0x65,
  0x6c, 0x5f, 0x32, 0x31, 0x35, 0x2f, 0x74, 0x66, 0x2e, 0x6e, 0x6e, 0x2e,
  0x72, 0x65, 0x6c, 0x75, 0x5f, 0x33, 0x30, 0x33, 0x2f, 0x52, 0x65, 0x6c,
  0x75, 0x3b, 0x6d, 0x6f, 0x64, 0x65, 0x6c, 0x5f, 0x32, 0x31, 0x35, 0x2f,
  0x74, 0x66, 0x2e, 0x6d, 0x61, 0x74, 0x68, 0x2e, 0x61, 0x64, 0x64, 0x5f,
  0x33, 0x30, 0x33, 0x2f, 0x41, 0x64, 0x64, 0x3b, 0x6d, 0x6f, 0x64, 0x65,
  0x6c, 0x5f, 0x32, 0x31, 0x35, 0x2f, 0x74, 0x66, 0x2e, 0x6e, 0x6e, 0x2e,
  0x63, 0x6f, 0x6e, 0x76, 0x6f, 0x6c, 0x75, 0x74, 0x69, 0x6f, 0x6e, 0x5f,
  0x33, 0x30, 0x33, 0x2f, 0x63, 0x6f, 0x6e, 0x76, 0x6f, 0x6c, 0x75, 0x74,
  0x69, 0x6f, 0x6e, 0x3b, 0x43, 0x6f, 0x6e, 0x73, 0x74, 0x5f, 0x32, 0x34,
  0x31, 0x00, 0x00, 0x00, 0x04, 0x00, 0x00, 0x00, 0x01, 0x00, 0x00, 0x00,
  0x05, 0x00, 0x00, 0x00, 0x01, 0x00, 0x00, 0x00, 0x10, 0x00, 0x00, 0x00,
  0x5a, 0xdc, 0xff, 0xff, 0x00, 0x00, 0x00, 0x01, 0x14, 0x00, 0x00, 0x00,
  0x30, 0x00, 0x00, 0x00, 0x32, 0x00, 0x00, 0x00, 0x00, 0x00, 0x00, 0x09,
  0x54, 0x00, 0x00, 0x00, 0x44, 0xdc, 0xff, 0xff, 0x08, 0x00, 0x00, 0x00,
  0x10, 0x00, 0x00, 0x00, 0x01, 0x00, 0x00, 0x00, 0xdb, 0xff, 0xff, 0xff,
  0xff, 0xff, 0xff, 0xff, 0x01, 0x00, 0x00, 0x00, 0x38, 0x80, 0x2a, 0x3c,
  0x28, 0x00, 0x00, 0x00, 0x6d, 0x6f, 0x64, 0x65, 0x6c, 0x5f, 0x32, 0x31,
  0x35, 0x2f, 0x74, 0x66, 0x2e, 0x5f, 0x5f, 0x6f, 0x70, 0x65, 0x72, 0x61,
  0x74, 0x6f, 0x72, 0x73, 0x5f, 0x5f, 0x2e, 0x61, 0x64, 0x64, 0x5f, 0x32,
  0x31, 0x33, 0x2f, 0x41, 0x64, 0x64, 0x56, 0x32, 0x00, 0x00, 0x00, 0x00,
  0x04, 0x00, 0x00, 0x00, 0x01, 0x00, 0x00, 0x00, 0x05, 0x00, 0x00, 0x00,
  0x01, 0x00, 0x00, 0x00, 0x10, 0x00, 0x00, 0x00, 0xda, 0xdc, 0xff, 0xff,
  0x00, 0x00, 0x00, 0x01, 0x14, 0x00, 0x00, 0x00, 0x30, 0x00, 0x00, 0x00,
  0x31, 0x00, 0x00, 0x00, 0x00, 0x00, 0x00, 0x09, 0x4c, 0x00, 0x00, 0x00,
  0xc4, 0xdc, 0xff, 0xff, 0x08, 0x00, 0x00, 0x00, 0x10, 0x00, 0x00, 0x00,
  0x01, 0x00, 0x00, 0x00, 0xc4, 0xff, 0xff, 0xff, 0xff, 0xff, 0xff, 0xff,
  0x01, 0x00, 0x00, 0x00, 0x63, 0xa7, 0x63, 0x3c, 0x22, 0x00, 0x00, 0x00,
  0x6d, 0x6f, 0x64, 0x65, 0x6c, 0x5f, 0x32, 0x31, 0x35, 0x2f, 0x74, 0x66,
  0x2e, 0x6d, 0x61, 0x74, 0x68, 0x2e, 0x6d, 0x75, 0x6c, 0x74, 0x69, 0x70,
  0x6c, 0x79, 0x5f, 0x32, 0x31, 0x33, 0x2f, 0x4d, 0x75, 0x6c, 0x00, 0x00,
  0x04, 0x00, 0x00, 0x00, 0x01, 0x00, 0x00, 0x00, 0x05, 0x00, 0x00, 0x00,
  0x01, 0x00, 0x00, 0x00, 0x10, 0x00, 0x00, 0x00, 0x52, 0xdd, 0xff, 0xff,
  0x00, 0x00, 0x00, 0x01, 0x14, 0x00, 0x00, 0x00, 0x30, 0x00, 0x00, 0x00,
  0x30, 0x00, 0x00, 0x00, 0x00, 0x00, 0x00, 0x09, 0x9c, 0x00, 0x00, 0x00,
  0x3c, 0xdd, 0xff, 0xff, 0x08, 0x00, 0x00, 0x00, 0x10, 0x00, 0x00, 0x00,
  0x01, 0x00, 0x00, 0x00, 0x80, 0xff, 0xff, 0xff, 0xff, 0xff, 0xff, 0xff,
  0x01, 0x00, 0x00, 0x00, 0x73, 0xff, 0x26, 0x3c, 0x71, 0x00, 0x00, 0x00,
  0x6d, 0x6f, 0x64, 0x65, 0x6c, 0x5f, 0x32, 0x31, 0x35, 0x2f, 0x74, 0x66,
  0x2e, 0x6e, 0x6e, 0x2e, 0x72, 0x65, 0x6c, 0x75, 0x5f, 0x33, 0x30, 0x32,
  0x2f, 0x52, 0x65, 0x6c, 0x75, 0x3b, 0x6d, 0x6f, 0x64, 0x65, 0x6c, 0x5f,
  0x32, 0x31, 0x35, 0x2f, 0x74, 0x66, 0x2e, 0x6d, 0x61, 0x74, 0x68, 0x2e,
  0x61, 0x64, 0x64, 0x5f, 0x33, 0x30, 0x32, 0x2f, 0x41, 0x64, 0x64, 0x3b,
  0x6d, 0x6f, 0x64, 0x65, 0x6c, 0x5f, 0x32, 0x31, 0x35, 0x2f, 0x74, 0x66,
  0x2e, 0x6e, 0x6e, 0x2e, 0x63, 0x6f, 0x6e, 0x76, 0x6f, 0x6c, 0x75, 0x74,
  0x69, 0x6f, 0x6e, 0x5f, 0x33, 0x30, 0x32, 0x2f, 0x63, 0x6f, 0x6e, 0x76,
  0x6f, 0x6c, 0x75, 0x74, 0x69, 0x6f, 0x6e, 0x3b, 0x43, 0x6f, 0x6e, 0x73,
  0x74, 0x5f, 0x32, 0x38, 0x31, 0x00, 0x00, 0x00, 0x04, 0x00, 0x00, 0x00,
  0x01, 0x00, 0x00, 0x00, 0x05, 0x00, 0x00, 0x00, 0x01, 0x00, 0x00, 0x00,
  0x10, 0x00, 0x00, 0x00, 0x1a, 0xde, 0xff, 0xff, 0x00, 0x00, 0x00, 0x01,
  0x14, 0x00, 0x00, 0x00, 0x30, 0x00, 0x00, 0x00, 0x2f, 0x00, 0x00, 0x00,
  0x00, 0x00, 0x00, 0x09, 0x54, 0x00, 0x00, 0x00, 0x04, 0xde, 0xff, 0xff,
  0x08, 0x00, 0x00, 0x00, 0x10, 0x00, 0x00, 0x00, 0x01, 0x00, 0x00, 0x00,
  0xde, 0xff, 0xff, 0xff, 0xff, 0xff, 0xff, 0xff, 0x01, 0x00, 0x00, 0x00,
  0x9e, 0xdc, 0x4c, 0x3c, 0x28, 0x00, 0x00, 0x00, 0x6d, 0x6f, 0x64, 0x65,
  0x6c, 0x5f, 0x32, 0x31, 0x35, 0x2f, 0x74, 0x66, 0x2e, 0x5f, 0x5f, 0x6f,
  0x70, 0x65, 0x72, 0x61, 0x74, 0x6f, 0x72, 0x73, 0x5f, 0x5f, 0x2e, 0x61,
  0x64, 0x64, 0x5f, 0x32, 0x31, 0x32, 0x2f, 0x41, 0x64, 0x64, 0x56, 0x32,
  0x00, 0x00, 0x00, 0x00, 0x04, 0x00, 0x00, 0x00, 0x01, 0x00, 0x00, 0x00,
  0x05, 0x00, 0x00, 0x00, 0x01, 0x00, 0x00, 0x00, 0x10, 0x00, 0x00, 0x00,
  0x9a, 0xde, 0xff, 0xff, 0x00, 0x00, 0x00, 0x01, 0x14, 0x00, 0x00, 0x00,
  0x30, 0x00, 0x00, 0x00, 0x2e, 0x00, 0x00, 0x00, 0x00, 0x00, 0x00, 0x09,
  0x4c, 0x00, 0x00, 0x00, 0x84, 0xde, 0xff, 0xff, 0x08, 0x00, 0x00, 0x00,
  0x10, 0x00, 0x00, 0x00, 0x01, 0x00, 0x00, 0x00, 0xc5, 0xff, 0xff, 0xff,
  0xff, 0xff, 0xff, 0xff, 0x01, 0x00, 0x00, 0x00, 0x04, 0x5a, 0x8c, 0x3c,
  0x22, 0x00, 0x00, 0x00, 0x6d, 0x6f, 0x64, 0x65, 0x6c, 0x5f, 0x32, 0x31,
  0x35, 0x2f, 0x74, 0x66, 0x2e, 0x6d, 0x61, 0x74, 0x68, 0x2e, 0x6d, 0x75,
  0x6c, 0x74, 0x69, 0x70, 0x6c, 0x79, 0x5f, 0x32, 0x31, 0x32, 0x2f, 0x4d,
  0x75, 0x6c, 0x00, 0x00, 0x04, 0x00, 0x00, 0x00, 0x01, 0x00, 0x00, 0x00,
  0x05, 0x00, 0x00, 0x00, 0x01, 0x00, 0x00, 0x00, 0x10, 0x00, 0x00, 0x00,
  0x12, 0xdf, 0xff, 0xff, 0x00, 0x00, 0x00, 0x01, 0x14, 0x00, 0x00, 0x00,
  0x30, 0x00, 0x00, 0x00, 0x2d, 0x00, 0x00, 0x00, 0x00, 0x00, 0x00, 0x09,
  0x9c, 0x00, 0x00, 0x00, 0xfc, 0xde, 0xff, 0xff, 0x08, 0x00, 0x00, 0x00,
  0x10, 0x00, 0x00, 0x00, 0x01, 0x00, 0x00, 0x00, 0x80, 0xff, 0xff, 0xff,
  0xff, 0xff, 0xff, 0xff, 0x01, 0x00, 0x00, 0x00, 0x9e, 0xdc, 0x4c, 0x3c,
  0x70, 0x00, 0x00, 0x00, 0x6d, 0x6f, 0x64, 0x65, 0x6c, 0x5f, 0x32, 0x31,
  0x35, 0x2f, 0x74, 0x66, 0x2e, 0x6e, 0x6e, 0x2e, 0x72, 0x65, 0x6c, 0x75,
  0x5f, 0x33, 0x30, 0x31, 0x2f, 0x52, 0x65, 0x6c, 0x75, 0x3b, 0x6d, 0x6f,
  0x64, 0x65, 0x6c, 0x5f, 0x32, 0x31, 0x35, 0x2f, 0x74, 0x66, 0x2e, 0x6d,
  0x61, 0x74, 0x68, 0x2e, 0x61, 0x64, 0x64, 0x5f, 0x33, 0x30, 0x31, 0x2f,
  0x41, 0x64, 0x64, 0x3b, 0x6d, 0x6f, 0x64, 0x65, 0x6c, 0x5f, 0x32, 0x31,
  0x35, 0x2f, 0x74, 0x66, 0x2e, 0x6e, 0x6e, 0x2e, 0x63, 0x6f, 0x6e, 0x76,
  0x6f, 0x6c, 0x75, 0x74, 0x69, 0x6f, 0x6e, 0x5f, 0x33, 0x30, 0x31, 0x2f,
  0x63, 0x6f, 0x6e, 0x76, 0x6f, 0x6c, 0x75, 0x74, 0x69, 0x6f, 0x6e, 0x3b,
  0x43, 0x6f, 0x6e, 0x73, 0x74, 0x5f, 0x31, 0x31, 0x00, 0x00, 0x00, 0x00,
  0x04, 0x00, 0x00, 0x00, 0x01, 0x00, 0x00, 0x00, 0x05, 0x00, 0x00, 0x00,
  0x01, 0x00, 0x00, 0x00, 0x10, 0x00, 0x00, 0x00, 0xda, 0xdf, 0xff, 0xff,
  0x00, 0x00, 0x00, 0x01, 0x14, 0x00, 0x00, 0x00, 0x30, 0x00, 0x00, 0x00,
  0x2c, 0x00, 0x00, 0x00, 0x00, 0x00, 0x00, 0x09, 0x54, 0x00, 0x00, 0x00,
  0xc4, 0xdf, 0xff, 0xff, 0x08, 0x00, 0x00, 0x00, 0x10, 0x00, 0x00, 0x00,
  0x01, 0x00, 0x00, 0x00, 0xc6, 0xff, 0xff, 0xff, 0xff, 0xff, 0xff, 0xff,
  0x01, 0x00, 0x00, 0x00, 0x6f, 0xa0, 0x69, 0x3c, 0x28, 0x00, 0x00, 0x00,
  0x6d, 0x6f, 0x64, 0x65, 0x6c, 0x5f, 0x32, 0x31, 0x35, 0x2f, 0x74, 0x66,
  0x2e, 0x5f, 0x5f, 0x6f, 0x70, 0x65, 0x72, 0x61, 0x74, 0x6f, 0x72, 0x73,
  0x5f, 0x5f, 0x2e, 0x61, 0x64, 0x64, 0x5f, 0x32, 0x31, 0x31, 0x2f, 0x41,
  0x64, 0x64, 0x56, 0x32, 0x00, 0x00, 0x00, 0x00, 0x04, 0x00, 0x00, 0x00,
  0x01, 0x00, 0x00, 0x00, 0x05, 0x00, 0x00, 0x00, 0x01, 0x00, 0x00, 0x00,
  0x10, 0x00, 0x00, 0x00, 0x5a, 0xe0, 0xff, 0xff, 0x00, 0x00, 0x00, 0x01,
  0x14, 0x00, 0x00, 0x00, 0x30, 0x00, 0x00, 0x00, 0x2b, 0x00, 0x00, 0x00,
  0x00, 0x00, 0x00, 0x09, 0x4c, 0x00, 0x00, 0x00, 0x44, 0xe0, 0xff, 0xff,
  0x08, 0x00, 0x00, 0x00, 0x10, 0x00, 0x00, 0x00, 0x01, 0x00, 0x00, 0x00,
  0xb7, 0xff, 0xff, 0xff, 0xff, 0xff, 0xff, 0xff, 0x01, 0x00, 0x00, 0x00,
  0xda, 0xf1, 0x94, 0x3c, 0x22, 0x00, 0x00, 0x00, 0x6d, 0x6f, 0x64, 0x65,
  0x6c, 0x5f, 0x32, 0x31, 0x35, 0x2f, 0x74, 0x66, 0x2e, 0x6d, 0x61, 0x74,
  0x68, 0x2e, 0x6d, 0x75, 0x6c, 0x74, 0x69, 0x70, 0x6c, 0x79, 0x5f, 0x32,
  0x31, 0x31, 0x2f, 0x4d, 0x75, 0x6c, 0x00, 0x00, 0x04, 0x00, 0x00, 0x00,
  0x01, 0x00, 0x00, 0x00, 0x05, 0x00, 0x00, 0x00, 0x01, 0x00, 0x00, 0x00,
  0x10, 0x00, 0x00, 0x00, 0xd2, 0xe0, 0xff, 0xff, 0x00, 0x00, 0x00, 0x01,
  0x14, 0x00, 0x00, 0x00, 0x30, 0x00, 0x00, 0x00, 0x2a, 0x00, 0x00, 0x00,
  0x00, 0x00, 0x00, 0x09, 0x9c, 0x00, 0x00, 0x00, 0xbc, 0xe0, 0xff, 0xff,
  0x08, 0x00, 0x00, 0x00, 0x10, 0x00, 0x00, 0x00, 0x01, 0x00, 0x00, 0x00,
  0x80, 0xff, 0xff, 0xff, 0xff, 0xff, 0xff, 0xff, 0x01, 0x00, 0x00, 0x00,
  0x6f, 0xa0, 0x69, 0x3c, 0x70, 0x00, 0x00, 0x00, 0x6d, 0x6f, 0x64, 0x65,
  0x6c, 0x5f, 0x32, 0x31, 0x35, 0x2f, 0x74, 0x66, 0x2e, 0x6e, 0x6e, 0x2e,
  0x72, 0x65, 0x6c, 0x75, 0x5f, 0x33, 0x30, 0x30, 0x2f, 0x52, 0x65, 0x6c,
  0x75, 0x3b, 0x6d, 0x6f, 0x64, 0x65, 0x6c, 0x5f, 0x32, 0x31, 0x35, 0x2f,
  0x74, 0x66, 0x2e, 0x6d, 0x61, 0x74, 0x68, 0x2e, 0x61, 0x64, 0x64, 0x5f,
  0x33, 0x30, 0x30, 0x2f, 0x41, 0x64, 0x64, 0x3b, 0x6d, 0x6f, 0x64, 0x65,
  0x6c, 0x5f, 0x32, 0x31, 0x35, 0x2f, 0x74, 0x66, 0x2e, 0x6e, 0x6e, 0x2e,
  0x63, 0x6f, 0x6e, 0x76, 0x6f, 0x6c, 0x75, 0x74, 0x69, 0x6f, 0x6e, 0x5f,
  0x33, 0x30, 0x30, 0x2f, 0x63, 0x6f, 0x6e, 0x76, 0x6f, 0x6c, 0x75, 0x74,
  0x69, 0x6f, 0x6e, 0x3b, 0x43, 0x6f, 0x6e, 0x73, 0x74, 0x5f, 0x35, 0x31,
  0x00, 0x00, 0x00, 0x00, 0x04, 0x00, 0x00, 0x00, 0x01, 0x00, 0x00, 0x00,
  0x05, 0x00, 0x00, 0x00, 0x01, 0x00, 0x00, 0x00, 0x10, 0x00, 0x00, 0x00,
  0x9a, 0xe1, 0xff, 0xff, 0x00, 0x00, 0x00, 0x01, 0x14, 0x00, 0x00, 0x00,
  0x30, 0x00, 0x00, 0x00, 0x29, 0x00, 0x00, 0x00, 0x00, 0x00, 0x00, 0x09,
  0x54, 0x00, 0x00, 0x00, 0x84, 0xe1, 0xff, 0xff, 0x08, 0x00, 0x00, 0x00,
  0x10, 0x00, 0x00, 0x00, 0x01, 0x00, 0x00, 0x00, 0xb6, 0xff, 0xff, 0xff,
  0xff, 0xff, 0xff, 0xff, 0x01, 0x00, 0x00, 0x00, 0xa1, 0xbc, 0x72, 0x3c,
  0x28, 0x00, 0x00, 0x00, 0x6d, 0x6f, 0x64, 0x65, 0x6c, 0x5f, 0x32, 0x31,
  0x35, 0x2f, 0x74, 0x66, 0x2e, 0x5f, 0x5f, 0x6f, 0x70, 0x65, 0x72, 0x61,
  0x74, 0x6f, 0x72, 0x73, 0x5f, 0x5f, 0x2e, 0x61, 0x64, 0x64, 0x5f, 0x32,
  0x31, 0x30, 0x2f, 0x41, 0x64, 0x64, 0x56, 0x32, 0x00, 0x00, 0x00, 0x00,
  0x04, 0x00, 0x00, 0x00, 0x01, 0x00, 0x00, 0x00, 0x05, 0x00, 0x00, 0x00,
  0x01, 0x00, 0x00, 0x00, 0x10, 0x00, 0x00, 0x00, 0x1a, 0xe2, 0xff, 0xff,
  0x00, 0x00, 0x00, 0x01, 0x14, 0x00, 0x00, 0x00, 0x30, 0x00, 0x00, 0x00,
  0x28, 0x00, 0x00, 0x00, 0x00, 0x00, 0x00, 0x09, 0x4c, 0x00, 0x00, 0x00,
  0x04, 0xe2, 0xff, 0xff, 0x08, 0x00, 0x00, 0x00, 0x10, 0x00, 0x00, 0x00,
  0x01, 0x00, 0x00, 0x00, 0xaf, 0xff, 0xff, 0xff, 0xff, 0xff, 0xff, 0xff,
  0x01, 0x00, 0x00, 0x00, 0x27, 0x04, 0x8c, 0x3c, 0x22, 0x00, 0x00, 0x00,
  0x6d, 0x6f, 0x64, 0x65, 0x6c, 0x5f, 0x32, 0x31, 0x35, 0x2f, 0x74, 0x66,
  0x2e, 0x6d, 0x61, 0x74, 0x68, 0x2e, 0x6d, 0x75, 0x6c, 0x74, 0x69, 0x70,
  0x6c, 0x79, 0x5f, 0x32, 0x31, 0x30, 0x2f, 0x4d, 0x75, 0x6c, 0x00, 0x00,
  0x04, 0x00, 0x00, 0x00, 0x01, 0x00, 0x00, 0x00, 0x05, 0x00, 0x00, 0x00,
  0x01, 0x00, 0x00, 0x00, 0x10, 0x00, 0x00, 0x00, 0x92, 0xe2, 0xff, 0xff,
  0x00, 0x00, 0x00, 0x01, 0x14, 0x00, 0x00, 0x00, 0x30, 0x00, 0x00, 0x00,
  0x27, 0x00, 0x00, 0x00, 0x00, 0x00, 0x00, 0x09, 0x9c, 0x00, 0x00, 0x00,
  0x7c, 0xe2, 0xff, 0xff, 0x08, 0x00, 0x00, 0x00, 0x10, 0x00, 0x00, 0x00,
  0x01, 0x00, 0x00, 0x00, 0x80, 0xff, 0xff, 0xff, 0xff, 0xff, 0xff, 0xff,
  0x01, 0x00, 0x00, 0x00, 0x4c, 0xf3, 0x64, 0x3c, 0x70, 0x00, 0x00, 0x00,
  0x6d, 0x6f, 0x64, 0x65, 0x6c, 0x5f, 0x32, 0x31, 0x35, 0x2f, 0x74, 0x66,
  0x2e, 0x6e, 0x6e, 0x2e, 0x72, 0x65, 0x6c, 0x75, 0x5f, 0x32, 0x39, 0x39,
  0x2f, 0x52, 0x65, 0x6c, 0x75, 0x3b, 0x6d, 0x6f, 0x64, 0x65, 0x6c, 0x5f,
  0x32, 0x31, 0x35, 0x2f, 0x74, 0x66, 0x2e, 0x6d, 0x61, 0x74, 0x68, 0x2e,
  0x61, 0x64, 0x64, 0x5f, 0x32, 0x39, 0x39, 0x2f, 0x41, 0x64, 0x64, 0x3b,
  0x6d, 0x6f, 0x64, 0x65, 0x6c, 0x5f, 0x32, 0x31, 0x35, 0x2f, 0x74, 0x66,
  0x2e, 0x6e, 0x6e, 0x2e, 0x63, 0x6f, 0x6e, 0x76, 0x6f, 0x6c, 0x75, 0x74,
  0x69, 0x6f, 0x6e, 0x5f, 0x32, 0x39, 0x39, 0x2f, 0x63, 0x6f, 0x6e, 0x76,
  0x6f, 0x6c, 0x75, 0x74, 0x69, 0x6f, 0x6e, 0x3b, 0x43, 0x6f, 0x6e, 0x73,
  0x74, 0x5f, 0x39, 0x31, 0x00, 0x00, 0x00, 0x00, 0x04, 0x00, 0x00, 0x00,
  0x01, 0x00, 0x00, 0x00, 0x05, 0x00, 0x00, 0x00, 0x01, 0x00, 0x00, 0x00,
  0x10, 0x00, 0x00, 0x00, 0x5a, 0xe3, 0xff, 0xff, 0x00, 0x00, 0x00, 0x01,
  0x14, 0x00, 0x00, 0x00, 0x30, 0x00, 0x00, 0x00, 0x26, 0x00, 0x00, 0x00,
  0x00, 0x00, 0x00, 0x09, 0x54, 0x00, 0x00, 0x00, 0x44, 0xe3, 0xff, 0xff,
  0x08, 0x00, 0x00, 0x00, 0x10, 0x00, 0x00, 0x00, 0x01, 0x00, 0x00, 0x00,
  0xcc, 0xff, 0xff, 0xff, 0xff, 0xff, 0xff, 0xff, 0x01, 0x00, 0x00, 0x00,
  0xda, 0xcb, 0x62, 0x3c, 0x28, 0x00, 0x00, 0x00, 0x6d, 0x6f, 0x64, 0x65,
  0x6c, 0x5f, 0x32, 0x31, 0x35, 0x2f, 0x74, 0x66, 0x2e, 0x5f, 0x5f, 0x6f,
  0x70, 0x65, 0x72, 0x61, 0x74, 0x6f, 0x72, 0x73, 0x5f, 0x5f, 0x2e, 0x61,
  0x64, 0x64, 0x5f, 0x32, 0x30, 0x39, 0x2f, 0x41, 0x64, 0x64, 0x56, 0x32,
  0x00, 0x00, 0x00, 0x00, 0x04, 0x00, 0x00, 0x00, 0x01, 0x00, 0x00, 0x00,
  0x05, 0x00, 0x00, 0x00, 0x01, 0x00, 0x00, 0x00, 0x10, 0x00, 0x00, 0x00,
  0xda, 0xe3, 0xff, 0xff, 0x00, 0x00, 0x00, 0x01, 0x14, 0x00, 0x00, 0x00,
  0x30, 0x00, 0x00, 0x00, 0x25, 0x00, 0x00, 0x00, 0x00, 0x00, 0x00, 0x09,
  0x4c, 0x00, 0x00, 0x00, 0xc4, 0xe3, 0xff, 0xff, 0x08, 0x00, 0x00, 0x00,
  0x10, 0x00, 0x00, 0x00, 0x01, 0x00, 0x00, 0x00, 0xba, 0xff, 0xff, 0xff,
  0xff, 0xff, 0xff, 0xff, 0x01, 0x00, 0x00, 0x00, 0x50, 0x0b, 0x93, 0x3c,
  0x22, 0x00, 0x00, 0x00, 0x6d, 0x6f, 0x64, 0x65, 0x6c, 0x5f, 0x32, 0x31,
  0x35, 0x2f, 0x74, 0x66, 0x2e, 0x6d, 0x61, 0x74, 0x68, 0x2e, 0x6d, 0x75,
  0x6c, 0x74, 0x69, 0x70, 0x6c, 0x79, 0x5f, 0x32, 0x30, 0x39, 0x2f, 0x4d,
  0x75, 0x6c, 0x00, 0x00, 0x04, 0x00, 0x00, 0x00, 0x01, 0x00, 0x00, 0x00,
  0x05, 0x00, 0x00, 0x00, 0x01, 0x00, 0x00, 0x00, 0x10, 0x00, 0x00, 0x00,
  0x52, 0xe4, 0xff, 0xff, 0x00, 0x00, 0x00, 0x01, 0x14, 0x00, 0x00, 0x00,
  0x30, 0x00, 0x00, 0x00, 0x24, 0x00, 0x00, 0x00, 0x00, 0x00, 0x00, 0x09,
  0x9c, 0x00, 0x00, 0x00, 0x3c, 0xe4, 0xff, 0xff, 0x08, 0x00, 0x00, 0x00,
  0x10, 0x00, 0x00, 0x00, 0x01, 0x00, 0x00, 0x00, 0x80, 0xff, 0xff, 0xff,
  0xff, 0xff, 0xff, 0xff, 0x01, 0x00, 0x00, 0x00, 0xda, 0xcb, 0x62, 0x3c,
  0x71, 0x00, 0x00, 0x00, 0x6d, 0x6f, 0x64, 0x65, 0x6c, 0x5f, 0x32, 0x31,
  0x35, 0x2f, 0x74, 0x66, 0x2e, 0x6e, 0x6e, 0x2e, 0x72, 0x65, 0x6c, 0x75,
  0x5f, 0x32, 0x39, 0x38, 0x2f, 0x52, 0x65, 0x6c, 0x75, 0x3b, 0x6d, 0x6f,
  0x64, 0x65, 0x6c, 0x5f, 0x32, 0x31, 0x35, 0x2f, 0x74, 0x66, 0x2e, 0x6d,
  0x61, 0x74, 0x68, 0x2e, 0x61, 0x64, 0x64, 0x5f, 0x32, 0x39, 0x38, 0x2f,
  0x41, 0x64, 0x64, 0x3b, 0x6d, 0x6f, 0x64, 0x65, 0x6c, 0x5f, 0x32, 0x31,
  0x35, 0x2f, 0x74, 0x66, 0x2e, 0x6e, 0x6e, 0x2e, 0x63, 0x6f, 0x6e, 0x76,
  0x6f, 0x6c, 0x75, 0x74, 0x69, 0x6f, 0x6e, 0x5f, 0x32, 0x39, 0x38, 0x2f,
  0x63, 0x6f, 0x6e, 0x76, 0x6f, 0x6c, 0x75, 0x74, 0x69, 0x6f, 0x6e, 0x3b,
  0x43, 0x6f, 0x6e, 0x73, 0x74, 0x5f, 0x31, 0x33, 0x31, 0x00, 0x00, 0x00,
  0x04, 0x00, 0x00, 0x00, 0x01, 0x00, 0x00, 0x00, 0x05, 0x00, 0x00, 0x00,
  0x01, 0x00, 0x00, 0x00, 0x10, 0x00, 0x00, 0x00, 0x1a, 0xe5, 0xff, 0xff,
  0x00, 0x00, 0x00, 0x01, 0x14, 0x00, 0x00, 0x00, 0x30, 0x00, 0x00, 0x00,
  0x23, 0x00, 0x00, 0x00, 0x00, 0x00, 0x00, 0x09, 0x54, 0x00, 0x00, 0x00,
  0x04, 0xe5, 0xff, 0xff, 0x08, 0x00, 0x00, 0x00, 0x10, 0x00, 0x00, 0x00,
  0x01, 0x00, 0x00, 0x00, 0xb5, 0xff, 0xff, 0xff, 0xff, 0xff, 0xff, 0xff,
  0x01, 0x00, 0x00, 0x00, 0xb3, 0x78, 0x72, 0x3c, 0x28, 0x00, 0x00, 0x00,
  0x6d, 0x6f, 0x64, 0x65, 0x6c, 0x5f, 0x32, 0x31, 0x35, 0x2f, 0x74, 0x66,
  0x2e, 0x5f, 0x5f, 0x6f, 0x70, 0x65, 0x72, 0x61, 0x74, 0x6f, 0x72, 0x73,
  0x5f, 0x5f, 0x2e, 0x61, 0x64, 0x64, 0x5f, 0x32, 0x30, 0x38, 0x2f, 0x41,
  0x64, 0x64, 0x56, 0x32, 0x00, 0x00, 0x00, 0x00, 0x04, 0x00, 0x00, 0x00,
  0x01, 0x00, 0x00, 0x00, 0x05, 0x00, 0x00, 0x00, 0x01, 0x00, 0x00, 0x00,
  0x10, 0x00, 0x00, 0x00, 0x9a, 0xe5, 0xff, 0xff, 0x00, 0x00, 0x00, 0x01,
  0x14, 0x00, 0x00, 0x00, 0x30, 0x00, 0x00, 0x00, 0x22, 0x00, 0x00, 0x00,
  0x00, 0x00, 0x00, 0x09, 0x4c, 0x00, 0x00, 0x00, 0x84, 0xe5, 0xff, 0xff,
  0x08, 0x00, 0x00, 0x00, 0x10, 0x00, 0x00, 0x00, 0x01, 0x00, 0x00, 0x00,
  0xad, 0xff, 0xff, 0xff, 0xff, 0xff, 0xff, 0xff, 0x01, 0x00, 0x00, 0x00,
  0x58, 0xee, 0x8e, 0x3c, 0x22, 0x00, 0x00, 0x00, 0x6d, 0x6f, 0x64, 0x65,
  0x6c, 0x5f, 0x32, 0x31, 0x35, 0x2f, 0x74, 0x66, 0x2e, 0x6d, 0x61, 0x74,
  0x68, 0x2e, 0x6d, 0x75, 0x6c, 0x74, 0x69, 0x70, 0x6c, 0x79, 0x5f, 0x32,
  0x30, 0x38, 0x2f, 0x4d, 0x75, 0x6c, 0x00, 0x00, 0x04, 0x00, 0x00, 0x00,
  0x01, 0x00, 0x00, 0x00, 0x05, 0x00, 0x00, 0x00, 0x01, 0x00, 0x00, 0x00,
  0x10, 0x00, 0x00, 0x00, 0x12, 0xe6, 0xff, 0xff, 0x00, 0x00, 0x00, 0x01,
  0x14, 0x00, 0x00, 0x00, 0x30, 0x00, 0x00, 0x00, 0x21, 0x00, 0x00, 0x00,
  0x00, 0x00, 0x00, 0x09, 0x9c, 0x00, 0x00, 0x00, 0xfc, 0xe5, 0xff, 0xff,
  0x08, 0x00, 0x00, 0x00, 0x10, 0x00, 0x00, 0x00, 0x01, 0x00, 0x00, 0x00,
  0x80, 0xff, 0xff, 0xff, 0xff, 0xff, 0xff, 0xff, 0x01, 0x00, 0x00, 0x00,
  0x99, 0x85, 0xe8, 0x3e, 0x71, 0x00, 0x00, 0x00, 0x6d, 0x6f, 0x64, 0x65,
  0x6c, 0x5f, 0x32, 0x31, 0x35, 0x2f, 0x74, 0x66, 0x2e, 0x6e, 0x6e, 0x2e,
  0x72, 0x65, 0x6c, 0x75, 0x5f, 0x32, 0x39, 0x37, 0x2f, 0x52, 0x65, 0x6c,
  0x75, 0x3b, 0x6d, 0x6f, 0x64, 0x65, 0x6c, 0x5f, 0x32, 0x31, 0x35, 0x2f,
  0x74, 0x66, 0x2e, 0x6d, 0x61, 0x74, 0x68, 0x2e, 0x61, 0x64, 0x64, 0x5f,
  0x32, 0x39, 0x37, 0x2f, 0x41, 0x64, 0x64, 0x3b, 0x6d, 0x6f, 0x64, 0x65,
  0x6c, 0x5f, 0x32, 0x31, 0x35, 0x2f, 0x74, 0x66, 0x2e, 0x6e, 0x6e, 0x2e,
  0x63, 0x6f, 0x6e, 0x76, 0x6f, 0x6c, 0x75, 0x74, 0x69, 0x6f, 0x6e, 0x5f,
  0x32, 0x39, 0x37, 0x2f, 0x63, 0x6f, 0x6e, 0x76, 0x6f, 0x6c, 0x75, 0x74,
  0x69, 0x6f, 0x6e, 0x3b, 0x43, 0x6f, 0x6e, 0x73, 0x74, 0x5f, 0x31, 0x37,
  0x31, 0x00, 0x00, 0x00, 0x04, 0x00, 0x00, 0x00, 0x01, 0x00, 0x00, 0x00,
  0x05, 0x00, 0x00, 0x00, 0x01, 0x00, 0x00, 0x00, 0x10, 0x00, 0x00, 0x00,
  0xda, 0xe6, 0xff, 0xff, 0x00, 0x00, 0x00, 0x01, 0x14, 0x00, 0x00, 0x00,
  0xe8, 0x00, 0x00, 0x00, 0x20, 0x00, 0x00, 0x00, 0x00, 0x00, 0x00, 0x09,
  0x0c, 0x01, 0x00, 0x00, 0xc4, 0xe6, 0xff, 0xff, 0x08, 0x00, 0x00, 0x00,
  0x8c, 0x00, 0x00, 0x00, 0x10, 0x00, 0x00, 0x00, 0x00, 0x00, 0x00, 0x00,
  0x00, 0x00, 0x00, 0x00, 0x00, 0x00, 0x00, 0x00, 0x00, 0x00, 0x00, 0x00,
  0x00, 0x00, 0x00, 0x00, 0x00, 0x00, 0x00, 0x00, 0x00, 0x00, 0x00, 0x00,
  0x00, 0x00, 0x00, 0x00, 0x00, 0x00, 0x00, 0x00, 0x00, 0x00, 0x00, 0x00,
  0x00, 0x00, 0x00, 0x00, 0x00, 0x00, 0x00, 0x00, 0x00, 0x00, 0x00, 0x00,
  0x00, 0x00, 0x00, 0x00, 0x00, 0x00, 0x00, 0x00, 0x00, 0x00, 0x00, 0x00,
  0x00, 0x00, 0x00, 0x00, 0x00, 0x00, 0x00, 0x00, 0x00, 0x00, 0x00, 0x00,
  0x00, 0x00, 0x00, 0x00, 0x00, 0x00, 0x00, 0x00, 0x00, 0x00, 0x00, 0x00,
  0x00, 0x00, 0x00, 0x00, 0x00, 0x00, 0x00, 0x00, 0x00, 0x00, 0x00, 0x00,
  0x00, 0x00, 0x00, 0x00, 0x00, 0x00, 0x00, 0x00, 0x00, 0x00, 0x00, 0x00,
  0x00, 0x00, 0x00, 0x00, 0x00, 0x00, 0x00, 0x00, 0x00, 0x00, 0x00, 0x00,
  0x00, 0x00, 0x00, 0x00, 0x00, 0x00, 0x00, 0x00, 0x10, 0x00, 0x00, 0x00,
  0x46, 0x92, 0xc8, 0x3a, 0x93, 0x65, 0xca, 0x3a, 0xf0, 0xd3, 0xc7, 0x3a,
  0xe4, 0x56, 0xaf, 0x3a, 0x0b, 0xad, 0xd4, 0x3a, 0x8e, 0xf9, 0xb3, 0x3a,
  0xd3, 0xd5, 0xe8, 0x3a, 0x66, 0x22, 0xbe, 0x3a, 0x8c, 0xfa, 0xcd, 0x3a,
  0x06, 0xd2, 0xe8, 0x3a, 0xba, 0xe4, 0xd9, 0x3a, 0xb2, 0xea, 0xdb, 0x3a,
  0x80, 0xe1, 0xe7, 0x3a, 0xc9, 0x3e, 0xc1, 0x3a, 0x55, 0x84, 0xcb, 0x3a,
  0x7e, 0xc5, 0xc7, 0x3a, 0x2b, 0x00, 0x00, 0x00, 0x6d, 0x6f, 0x64, 0x65,
  0x6c, 0x5f, 0x32, 0x31, 0x35, 0x2f, 0x74, 0x66, 0x2e, 0x6e, 0x6e, 0x2e,
  0x63, 0x6f, 0x6e, 0x76, 0x6f, 0x6c, 0x75, 0x74, 0x69, 0x6f, 0x6e, 0x5f,
  0x32, 0x39, 0x37, 0x2f, 0x63, 0x6f, 0x6e, 0x76, 0x6f, 0x6c, 0x75, 0x74,
  0x69, 0x6f, 0x6e, 0x00, 0x04, 0x00, 0x00, 0x00, 0x10, 0x00, 0x00, 0x00,
  0x03, 0x00, 0x00, 0x00, 0x01, 0x00, 0x00, 0x00, 0x09, 0x00, 0x00, 0x00,
  0x12, 0xe8, 0xff, 0xff, 0x00, 0x00, 0x00, 0x01, 0x14, 0x00, 0x00, 0x00,
  0xe4, 0x00, 0x00, 0x00, 0x1f, 0x00, 0x00, 0x00, 0x00, 0x00, 0x00, 0x02,
  0x50, 0x01, 0x00, 0x00, 0xfc, 0xe7, 0xff, 0xff, 0x08, 0x00, 0x00, 0x00,
  0x88, 0x00, 0x00, 0x00, 0x10, 0x00, 0x00, 0x00, 0x00, 0x00, 0x00, 0x00,
  0x00, 0x00, 0x00, 0x00, 0x00, 0x00, 0x00, 0x00, 0x00, 0x00, 0x00, 0x00,
  0x00, 0x00, 0x00, 0x00, 0x00, 0x00, 0x00, 0x00, 0x00, 0x00, 0x00, 0x00,
  0x00, 0x00, 0x00, 0x00, 0x00, 0x00, 0x00, 0x00, 0x00, 0x00, 0x00, 0x00,
  0x00, 0x00, 0x00, 0x00, 0x00, 0x00, 0x00, 0x00, 0x00, 0x00, 0x00, 0x00,
  0x00, 0x00, 0x00, 0x00, 0x00, 0x00, 0x00, 0x00, 0x00, 0x00, 0x00, 0x00,
  0x00, 0x00, 0x00, 0x00, 0x00, 0x00, 0x00, 0x00, 0x00, 0x00, 0x00, 0x00,
  0x00, 0x00, 0x00, 0x00, 0x00, 0x00, 0x00, 0x00, 0x00, 0x00, 0x00, 0x00,
  0x00, 0x00, 0x00, 0x00, 0x00, 0x00, 0x00, 0x00, 0x00, 0x00, 0x00, 0x00,
  0x00, 0x00, 0x00, 0x00, 0x00, 0x00, 0x00, 0x00, 0x00, 0x00, 0x00, 0x00,
  0x00, 0x00, 0x00, 0x00, 0x00, 0x00, 0x00, 0x00, 0x00, 0x00, 0x00, 0x00,
  0x00, 0x00, 0x00, 0x00, 0x10, 0x00, 0x00, 0x00, 0xf1, 0x62, 0x40, 0x3b,
  0x2d, 0x23, 0x42, 0x3b, 0x60, 0xac, 0x3f, 0x3b, 0x27, 0x2f, 0x28, 0x3b,
  0x42, 0xff, 0x4b, 0x3b, 0x64, 0xa1, 0x2c, 0x3b, 0x70, 0x55, 0x5f, 0x3b,
  0x1a, 0x60, 0x36, 0x3b, 0xba, 0x92, 0x45, 0x3b, 0xcb, 0x51, 0x5f, 0x3b,
  0x6f, 0x00, 0x51, 0x3b, 0x44, 0xf1, 0x52, 0x3b, 0x16, 0x6b, 0x5e, 0x3b,
  0xfd, 0x5b, 0x39, 0x3b, 0x3b, 0x36, 0x43, 0x3b, 0x85, 0x9e, 0x3f, 0x3b,
  0x70, 0x00, 0x00, 0x00, 0x6d, 0x6f, 0x64, 0x65, 0x6c, 0x5f, 0x32, 0x31,
  0x35, 0x2f, 0x74, 0x66, 0x2e, 0x6e, 0x6e, 0x2e, 0x72, 0x65, 0x6c, 0x75,
  0x5f, 0x32, 0x39, 0x37, 0x2f, 0x52, 0x65, 0x6c, 0x75, 0x3b, 0x6d, 0x6f,
  0x64, 0x65, 0x6c, 0x5f, 0x32, 0x31, 0x35, 0x2f, 0x74, 0x66, 0x2e, 0x6d,
  0x61, 0x74, 0x68, 0x2e, 0x61, 0x64, 0x64, 0x5f, 0x32, 0x39, 0x37, 0x2f,
  0x41, 0x64, 0x64, 0x3b, 0x6d, 0x6f, 0x64, 0x65, 0x6c, 0x5f, 0x32, 0x31,
  0x35, 0x2f, 0x74, 0x66, 0x2e, 0x6e, 0x6e, 0x2e, 0x63, 0x6f, 0x6e, 0x76,
  0x6f, 0x6c, 0x75, 0x74, 0x69, 0x6f, 0x6e, 0x5f, 0x32, 0x39, 0x37, 0x2f,
  0x63, 0x6f, 0x6e, 0x76, 0x6f, 0x6c, 0x75, 0x74, 0x69, 0x6f, 0x6e, 0x3b,
  0x43, 0x6f, 0x6e, 0x73, 0x74, 0x5f, 0x31, 0x37, 0x00, 0x00, 0x00, 0x00,
  0x01, 0x00, 0x00, 0x00, 0x10, 0x00, 0x00, 0x00, 0x82, 0xe9, 0xff, 0xff,
  0x00, 0x00, 0x00, 0x01, 0x14, 0x00, 0x00, 0x00, 0x34, 0x00, 0x00, 0x00,
  0x1e, 0x00, 0x00, 0x00, 0x00, 0x00, 0x00, 0x09, 0x38, 0x00, 0x00, 0x00,
  0x6c, 0xe9, 0xff, 0xff, 0x08, 0x00, 0x00, 0x00, 0x14, 0x00, 0x00, 0x00,
  0x01, 0x00, 0x00, 0x00, 0x80, 0xff, 0xff, 0xff, 0xff, 0xff, 0xff, 0xff,
  0x00, 0x00, 0x00, 0x00, 0x01, 0x00, 0x00, 0x00, 0x73, 0xc5, 0x52, 0x39,
  0x08, 0x00, 0x00, 0x00, 0x43, 0x6f, 0x6e, 0x73, 0x74, 0x5f, 0x31, 0x36,
  0x00, 0x00, 0x00, 0x00, 0x01, 0x00, 0x00, 0x00, 0x10, 0x00, 0x00, 0x00,
  0xda, 0xe9, 0xff, 0xff, 0x00, 0x00, 0x00, 0x01, 0x14, 0x00, 0x00, 0x00,
  0x34, 0x00, 0x00, 0x00, 0x1d, 0x00, 0x00, 0x00, 0x00, 0x00, 0x00, 0x09,
  0x38, 0x00, 0x00, 0x00, 0xc4, 0xe9, 0xff, 0xff, 0x08, 0x00, 0x00, 0x00,
  0x14, 0x00, 0x00, 0x00, 0x01, 0x00, 0x00, 0x00, 0x7f, 0x00, 0x00, 0x00,
  0x00, 0x00, 0x00, 0x00, 0x00, 0x00, 0x00, 0x00, 0x01, 0x00, 0x00, 0x00,
  0xc8, 0xfd, 0x48, 0x3b, 0x08, 0x00, 0x00, 0x00, 0x43, 0x6f, 0x6e, 0x73,
  0x74, 0x5f, 0x31, 0x35, 0x00, 0x00, 0x00, 0x00, 0x01, 0x00, 0x00, 0x00,
  0x10, 0x00, 0x00, 0x00, 0x32, 0xea, 0xff, 0xff, 0x00, 0x00, 0x00, 0x01,
  0x14, 0x00, 0x00, 0x00, 0xe8, 0x00, 0x00, 0x00, 0x1c, 0x00, 0x00, 0x00,
  0x00, 0x00, 0x00, 0x09, 0x0c, 0x01, 0x00, 0x00, 0x1c, 0xea, 0xff, 0xff,
  0x08, 0x00, 0x00, 0x00, 0x8c, 0x00, 0x00, 0x00, 0x10, 0x00, 0x00, 0x00,
  0x00, 0x00, 0x00, 0x00, 0x00, 0x00, 0x00, 0x00, 0x00, 0x00, 0x00, 0x00,
  0x00, 0x00, 0x00, 0x00, 0x00, 0x00, 0x00, 0x00, 0x00, 0x00, 0x00, 0x00,
  0x00, 0x00, 0x00, 0x00, 0x00, 0x00, 0x00, 0x00, 0x00, 0x00, 0x00, 0x00,
  0x00, 0x00, 0x00, 0x00, 0x00, 0x00, 0x00, 0x00, 0x00, 0x00, 0x00, 0x00,
  0x00, 0x00, 0x00, 0x00, 0x00, 0x00, 0x00, 0x00, 0x00, 0x00, 0x00, 0x00,
  0x00, 0x00, 0x00, 0x00, 0x00, 0x00, 0x00, 0x00, 0x00, 0x00, 0x00, 0x00,
  0x00, 0x00, 0x00, 0x00, 0x00, 0x00, 0x00, 0x00, 0x00, 0x00, 0x00, 0x00,
  0x00, 0x00, 0x00, 0x00, 0x00, 0x00, 0x00, 0x00, 0x00, 0x00, 0x00, 0x00,
  0x00, 0x00, 0x00, 0x00, 0x00, 0x00, 0x00, 0x00, 0x00, 0x00, 0x00, 0x00,
  0x00, 0x00, 0x00, 0x00, 0x00, 0x00, 0x00, 0x00, 0x00, 0x00, 0x00, 0x00,
  0x00, 0x00, 0x00, 0x00, 0x00, 0x00, 0x00, 0x00, 0x00, 0x00, 0x00, 0x00,
  0x10, 0x00, 0x00, 0x00, 0xcf, 0x84, 0x96, 0x3a, 0x23, 0x87, 0xb2, 0x3a,
  0x6d, 0x70, 0xa1, 0x3a, 0xcc, 0xb2, 0x9e, 0x3a, 0xa0, 0xcf, 0xa6, 0x3a,
  0x1f, 0x68, 0xa8, 0x3a, 0xf0, 0x51, 0xa2, 0x3a, 0x26, 0xf1, 0xa0, 0x3a,
  0x7c, 0x71, 0x8d, 0x3a, 0x22, 0xe3, 0x86, 0x3a, 0x5d, 0xc0, 0x9e, 0x3a,
  0x94, 0x77, 0xa6, 0x3a, 0x30, 0xb5, 0xbf, 0x3a, 0x6b, 0xa2, 0x8c, 0x3a,
  0x6d, 0x4e, 0x98, 0x3a, 0x80, 0x47, 0x94, 0x3a, 0x2b, 0x00, 0x00, 0x00,
  0x6d, 0x6f, 0x64, 0x65, 0x6c, 0x5f, 0x32, 0x31, 0x35, 0x2f, 0x74, 0x66,
  0x2e, 0x6e, 0x6e, 0x2e, 0x63, 0x6f, 0x6e, 0x76, 0x6f, 0x6c, 0x75, 0x74,
  0x69, 0x6f, 0x6e, 0x5f, 0x32, 0x39, 0x38, 0x2f, 0x63, 0x6f, 0x6e, 0x76,
  0x6f, 0x6c, 0x75, 0x74, 0x69, 0x6f, 0x6e, 0x00, 0x04, 0x00, 0x00, 0x00,
  0x10, 0x00, 0x00, 0x00, 0x03, 0x00, 0x00, 0x00, 0x01, 0x00, 0x00, 0x00,
  0x10, 0x00, 0x00, 0x00, 0x6a, 0xeb, 0xff, 0xff, 0x00, 0x00, 0x00, 0x01,
  0x14, 0x00, 0x00, 0x00, 0xe4, 0x00, 0x00, 0x00, 0x1b, 0x00, 0x00, 0x00,
  0x00, 0x00, 0x00, 0x02, 0x50, 0x01, 0x00, 0x00, 0x54, 0xeb, 0xff, 0xff,
  0x08, 0x00, 0x00, 0x00, 0x88, 0x00, 0x00, 0x00, 0x10, 0x00, 0x00, 0x00,
  0x00, 0x00, 0x00, 0x00, 0x00, 0x00, 0x00, 0x00, 0x00, 0x00, 0x00, 0x00,
  0x00, 0x00, 0x00, 0x00, 0x00, 0x00, 0x00, 0x00, 0x00, 0x00, 0x00, 0x00,
  0x00, 0x00, 0x00, 0x00, 0x00, 0x00, 0x00, 0x00, 0x00, 0x00, 0x00, 0x00,
  0x00, 0x00, 0x00, 0x00, 0x00, 0x00, 0x00, 0x00, 0x00, 0x00, 0x00, 0x00,
  0x00, 0x00, 0x00, 0x00, 0x00, 0x00, 0x00, 0x00, 0x00, 0x00, 0x00, 0x00,
  0x00, 0x00, 0x00, 0x00, 0x00, 0x00, 0x00, 0x00, 0x00, 0x00, 0x00, 0x00,
  0x00, 0x00, 0x00, 0x00, 0x00, 0x00, 0x00, 0x00, 0x00, 0x00, 0x00, 0x00,
  0x00, 0x00, 0x00, 0x00, 0x00, 0x00, 0x00, 0x00, 0x00, 0x00, 0x00, 0x00,
  0x00, 0x00, 0x00, 0x00, 0x00, 0x00, 0x00, 0x00, 0x00, 0x00, 0x00, 0x00,
  0x00, 0x00, 0x00, 0x00, 0x00, 0x00, 0x00, 0x00, 0x00, 0x00, 0x00, 0x00,
  0x00, 0x00, 0x00, 0x00, 0x00, 0x00, 0x00, 0x00, 0x10, 0x00, 0x00, 0x00,
  0x83, 0x90, 0x8e, 0x37, 0xeb, 0x17, 0xa9, 0x37, 0x65, 0xe8, 0x98, 0x37,
  0xd8, 0x4f, 0x96, 0x37, 0xeb, 0xfe, 0x9d, 0x37, 0xd4, 0x81, 0x9f, 0x37,
  0xfd, 0xbd, 0x99, 0x37, 0xd7, 0x6f, 0x98, 0x37, 0xf7, 0xf7, 0x85, 0x37,
  0x9e, 0x84, 0x7f, 0x37, 0xb1, 0x5c, 0x96, 0x37, 0x86, 0xab, 0x9d, 0x37,
  0xaa, 0x93, 0xb5, 0x37, 0xd8, 0x33, 0x85, 0x37, 0xf2, 0x41, 0x90, 0x37,
  0x80, 0x71, 0x8c, 0x37, 0x70, 0x00, 0x00, 0x00, 0x6d, 0x6f, 0x64, 0x65,
  0x6c, 0x5f, 0x32, 0x31, 0x35, 0x2f, 0x74, 0x66, 0x2e, 0x6e, 0x6e, 0x2e,
  0x72, 0x65, 0x6c, 0x75, 0x5f, 0x32, 0x39, 0x38, 0x2f, 0x52, 0x65, 0x6c,
  0x75, 0x3b, 0x6d, 0x6f, 0x64, 0x65, 0x6c, 0x5f, 0x32, 0x31, 0x35, 0x2f,
  0x74, 0x66, 0x2e, 0x6d, 0x61, 0x74, 0x68, 0x2e, 0x61, 0x64, 0x64, 0x5f,
  0x32, 0x39, 0x38, 0x2f, 0x41, 0x64, 0x64, 0x3b, 0x6d, 0x6f, 0x64, 0x65,
  0x6c, 0x5f, 0x32, 0x31, 0x35, 0x2f, 0x74, 0x66, 0x2e, 0x6e, 0x6e, 0x2e,
  0x63, 0x6f, 0x6e, 0x76, 0x6f, 0x6c, 0x75, 0x74, 0x69, 0x6f, 0x6e, 0x5f,
  0x32, 0x39, 0x38, 0x2f, 0x63, 0x6f, 0x6e, 0x76, 0x6f, 0x6c, 0x75, 0x74,
  0x69, 0x6f, 0x6e, 0x3b, 0x43, 0x6f, 0x6e, 0x73, 0x74, 0x5f, 0x31, 0x33,
  0x00, 0x00, 0x00, 0x00, 0x01, 0x00, 0x00, 0x00, 0x10, 0x00, 0x00, 0x00,
  0xda, 0xec, 0xff, 0xff, 0x00, 0x00, 0x00, 0x01, 0x14, 0x00, 0x00, 0x00,
  0x34, 0x00, 0x00, 0x00, 0x1a, 0x00, 0x00, 0x00, 0x00, 0x00, 0x00, 0x09,
  0x38, 0x00, 0x00, 0x00, 0xc4, 0xec, 0xff, 0xff, 0x08, 0x00, 0x00, 0x00,
  0x14, 0x00, 0x00, 0x00, 0x01, 0x00, 0x00, 0x00, 0x80, 0xff, 0xff, 0xff,
  0xff, 0xff, 0xff, 0xff, 0x00, 0x00, 0x00, 0x00, 0x01, 0x00, 0x00, 0x00,
  0xee, 0x61, 0x5f, 0x3c, 0x08, 0x00, 0x00, 0x00, 0x43, 0x6f, 0x6e, 0x73,
  0x74, 0x5f, 0x31, 0x32, 0x00, 0x00, 0x00, 0x00, 0x01, 0x00, 0x00, 0x00,
  0x10, 0x00, 0x00, 0x00, 0x32, 0xed, 0xff, 0xff, 0x00, 0x00, 0x00, 0x01,
  0x14, 0x00, 0x00, 0x00, 0x34, 0x00, 0x00, 0x00, 0x19, 0x00, 0x00, 0x00,
  0x00, 0x00, 0x00, 0x09, 0x38, 0x00, 0x00, 0x00, 0x1c, 0xed, 0xff, 0xff,
  0x08, 0x00, 0x00, 0x00, 0x14, 0x00, 0x00, 0x00, 0x01, 0x00, 0x00, 0x00,
  0x7f, 0x00, 0x00, 0x00, 0x00, 0x00, 0x00, 0x00, 0x00, 0x00, 0x00, 0x00,
  0x01, 0x00, 0x00, 0x00, 0x8d, 0x95, 0x86, 0x3b, 0x08, 0x00, 0x00, 0x00,
  0x43, 0x6f, 0x6e, 0x73, 0x74, 0x5f, 0x31, 0x31, 0x00, 0x00, 0x00, 0x00,
  0x01, 0x00, 0x00, 0x00, 0x10, 0x00, 0x00, 0x00, 0x8a, 0xed, 0xff, 0xff,
  0x00, 0x00, 0x00, 0x01, 0x14, 0x00, 0x00, 0x00, 0xe8, 0x00, 0x00, 0x00,
  0x18, 0x00, 0x00, 0x00, 0x00, 0x00, 0x00, 0x09, 0x0c, 0x01, 0x00, 0x00,
  0x74, 0xed, 0xff, 0xff, 0x08, 0x00, 0x00, 0x00, 0x8c, 0x00, 0x00, 0x00,
  0x10, 0x00, 0x00, 0x00, 0x00, 0x00, 0x00, 0x00, 0x00, 0x00, 0x00, 0x00,
  0x00, 0x00, 0x00, 0x00, 0x00, 0x00, 0x00, 0x00, 0x00, 0x00, 0x00, 0x00,
  0x00, 0x00, 0x00, 0x00, 0x00, 0x00, 0x00, 0x00, 0x00, 0x00, 0x00, 0x00,
  0x00, 0x00, 0x00, 0x00, 0x00, 0x00, 0x00, 0x00, 0x00, 0x00, 0x00, 0x00,
  0x00, 0x00, 0x00, 0x00, 0x00, 0x00, 0x00, 0x00, 0x00, 0x00, 0x00, 0x00,
  0x00, 0x00, 0x00, 0x00, 0x00, 0x00, 0x00, 0x00, 0x00, 0x00, 0x00, 0x00,
  0x00, 0x00, 0x00, 0x00, 0x00, 0x00, 0x00, 0x00, 0x00, 0x00, 0x00, 0x00,
  0x00, 0x00, 0x00, 0x00, 0x00, 0x00, 0x00, 0x00, 0x00, 0x00, 0x00, 0x00,
  0x00, 0x00, 0x00, 0x00, 0x00, 0x00, 0x00, 0x00, 0x00, 0x00, 0x00, 0x00,
  0x00, 0x00, 0x00, 0x00, 0x00, 0x00, 0x00, 0x00, 0x00, 0x00, 0x00, 0x00,
  0x00, 0x00, 0x00, 0x00, 0x00, 0x00, 0x00, 0x00, 0x00, 0x00, 0x00, 0x00,
  0x00, 0x00, 0x00, 0x00, 0x10, 0x00, 0x00, 0x00, 0x3c, 0xdc, 0xa7, 0x3a,
  0x99, 0x98, 0xaa, 0x3a, 0x47, 0xc5, 0x98, 0x3a, 0x14, 0x4e, 0xa3, 0x3a,
  0x96, 0x1f, 0xac, 0x3a, 0x29, 0x0a, 0xa4, 0x3a, 0x88, 0x1c, 0x9b, 0x3a,
  0x48, 0x43, 0xa6, 0x3a, 0x24, 0x4a, 0xb0, 0x3a, 0xc3, 0x40, 0x97, 0x3a,
  0x0d, 0xe0, 0xa8, 0x3a, 0xca, 0xe6, 0x9d, 0x3a, 0xea, 0xef, 0x93, 0x3a,
  0x92, 0x8a, 0x9b, 0x3a, 0x6d, 0xe7, 0xbe, 0x3a, 0xcb, 0x47, 0x9d, 0x3a,
  0x2b, 0x00, 0x00, 0x00, 0x6d, 0x6f, 0x64, 0x65, 0x6c, 0x5f, 0x32, 0x31,
  0x35, 0x2f, 0x74, 0x66, 0x2e, 0x6e, 0x6e, 0x2e, 0x63, 0x6f, 0x6e, 0x76,
  0x6f, 0x6c, 0x75, 0x74, 0x69, 0x6f, 0x6e, 0x5f, 0x32, 0x39, 0x39, 0x2f,
  0x63, 0x6f, 0x6e, 0x76, 0x6f, 0x6c, 0x75, 0x74, 0x69, 0x6f, 0x6e, 0x00,
  0x04, 0x00, 0x00, 0x00, 0x10, 0x00, 0x00, 0x00, 0x03, 0x00, 0x00, 0x00,
  0x01, 0x00, 0x00, 0x00, 0x10, 0x00, 0x00, 0x00, 0xc2, 0xee, 0xff, 0xff,
  0x00, 0x00, 0x00, 0x01, 0x14, 0x00, 0x00, 0x00, 0xe8, 0x00, 0x00, 0x00,
  0x17, 0x00, 0x00, 0x00, 0x00, 0x00, 0x00, 0x02, 0x50, 0x01, 0x00, 0x00,
  0xac, 0xee, 0xff, 0xff, 0x08, 0x00, 0x00, 0x00, 0x8c, 0x00, 0x00, 0x00,
  0x10, 0x00, 0x00, 0x00, 0x00, 0x00, 0x00, 0x00, 0x00, 0x00, 0x00, 0x00,
  0x00, 0x00, 0x00, 0x00, 0x00, 0x00, 0x00, 0x00, 0x00, 0x00, 0x00, 0x00,
  0x00, 0x00, 0x00, 0x00, 0x00, 0x00, 0x00, 0x00, 0x00, 0x00, 0x00, 0x00,
  0x00, 0x00, 0x00, 0x00, 0x00, 0x00, 0x00, 0x00, 0x00, 0x00, 0x00, 0x00,
  0x00, 0x00, 0x00, 0x00, 0x00, 0x00, 0x00, 0x00, 0x00, 0x00, 0x00, 0x00,
  0x00, 0x00, 0x00, 0x00, 0x00, 0x00, 0x00, 0x00, 0x00, 0x00, 0x00, 0x00,
  0x00, 0x00, 0x00, 0x00, 0x00, 0x00, 0x00, 0x00, 0x00, 0x00, 0x00, 0x00,
  0x00, 0x00, 0x00, 0x00, 0x00, 0x00, 0x00, 0x00, 0x00, 0x00, 0x00, 0x00,
  0x00, 0x00, 0x00, 0x00, 0x00, 0x00, 0x00, 0x00, 0x00, 0x00, 0x00, 0x00,
  0x00, 0x00, 0x00, 0x00, 0x00, 0x00, 0x00, 0x00, 0x00, 0x00, 0x00, 0x00,
  0x00, 0x00, 0x00, 0x00, 0x00, 0x00, 0x00, 0x00, 0x00, 0x00, 0x00, 0x00,
  0x00, 0x00, 0x00, 0x00, 0x10, 0x00, 0x00, 0x00, 0x18, 0xb6, 0x94, 0x37,
  0x8f, 0x22, 0x97, 0x37, 0xcf, 0x57, 0x87, 0x37, 0xf8, 0xac, 0x90, 0x37,
  0xf2, 0x7c, 0x98, 0x37, 0x98, 0x53, 0x91, 0x37, 0xb4, 0x6a, 0x89, 0x37,
  0xca, 0x4b, 0x93, 0x37, 0xd5, 0x2d, 0x9c, 0x37, 0x9d, 0xff, 0x85, 0x37,
  0x45, 0x9c, 0x95, 0x37, 0x7b, 0xe3, 0x8b, 0x37, 0x9a, 0x0f, 0x83, 0x37,
  0x30, 0xcc, 0x89, 0x37, 0x52, 0x20, 0xa9, 0x37, 0x9f, 0x56, 0x8b, 0x37,
  0x6f, 0x00, 0x00, 0x00, 0x6d, 0x6f, 0x64, 0x65, 0x6c, 0x5f, 0x32, 0x31,
  0x35, 0x2f, 0x74, 0x66, 0x2e, 0x6e, 0x6e, 0x2e, 0x72, 0x65, 0x6c, 0x75,
  0x5f, 0x32, 0x39, 0x39, 0x2f, 0x52, 0x65, 0x6c, 0x75, 0x3b, 0x6d, 0x6f,
  0x64, 0x65, 0x6c, 0x5f, 0x32, 0x31, 0x35, 0x2f, 0x74, 0x66, 0x2e, 0x6d,
  0x61, 0x74, 0x68, 0x2e, 0x61, 0x64, 0x64, 0x5f, 0x32, 0x39, 0x39, 0x2f,
  0x41, 0x64, 0x64, 0x3b, 0x6d, 0x6f, 0x64, 0x65, 0x6c, 0x5f, 0x32, 0x31,
  0x35, 0x2f, 0x74, 0x66, 0x2e, 0x6e, 0x6e, 0x2e, 0x63, 0x6f, 0x6e, 0x76,
  0x6f, 0x6c, 0x75, 0x74, 0x69, 0x6f, 0x6e, 0x5f, 0x32, 0x39, 0x39, 0x2f,
  0x63, 0x6f, 0x6e, 0x76, 0x6f, 0x6c, 0x75, 0x74, 0x69, 0x6f, 0x6e, 0x3b,
  0x43, 0x6f, 0x6e, 0x73, 0x74, 0x5f, 0x39, 0x00, 0x01, 0x00, 0x00, 0x00,
  0x10, 0x00, 0x00, 0x00, 0x32, 0xf0, 0xff, 0xff, 0x00, 0x00, 0x00, 0x01,
  0x14, 0x00, 0x00, 0x00, 0x30, 0x00, 0x00, 0x00, 0x16, 0x00, 0x00, 0x00,
  0x00, 0x00, 0x00, 0x09, 0x30, 0x00, 0x00, 0x00, 0x1c, 0xf0, 0xff, 0xff,
  0x08, 0x00, 0x00, 0x00, 0x10, 0x00, 0x00, 0x00, 0x01, 0x00, 0x00, 0x00,
  0x80, 0xff, 0xff, 0xff, 0xff, 0xff, 0xff, 0xff, 0x01, 0x00, 0x00, 0x00,
  0xcd, 0x2e, 0x2f, 0x3c, 0x07, 0x00, 0x00, 0x00, 0x43, 0x6f, 0x6e, 0x73,
  0x74, 0x5f, 0x38, 0x00, 0x01, 0x00, 0x00, 0x00, 0x10, 0x00, 0x00, 0x00,
  0x82, 0xf0, 0xff, 0xff, 0x00, 0x00, 0x00, 0x01, 0x14, 0x00, 0x00, 0x00,
  0x30, 0x00, 0x00, 0x00, 0x15, 0x00, 0x00, 0x00, 0x00, 0x00, 0x00, 0x09,
  0x30, 0x00, 0x00, 0x00, 0x6c, 0xf0, 0xff, 0xff, 0x08, 0x00, 0x00, 0x00,
  0x10, 0x00, 0x00, 0x00, 0x01, 0x00, 0x00, 0x00, 0x7f, 0x00, 0x00, 0x00,
  0x00, 0x00, 0x00, 0x00, 0x01, 0x00, 0x00, 0x00, 0x09, 0x54, 0x4c, 0x3b,
  0x07, 0x00, 0x00, 0x00, 0x43, 0x6f, 0x6e, 0x73, 0x74, 0x5f, 0x37, 0x00,
  0x01, 0x00, 0x00, 0x00, 0x10, 0x00, 0x00, 0x00, 0xd2, 0xf0, 0xff, 0xff,
  0x00, 0x00, 0x00, 0x01, 0x14, 0x00, 0x00, 0x00, 0xe8, 0x00, 0x00, 0x00,
  0x14, 0x00, 0x00, 0x00, 0x00, 0x00, 0x00, 0x09, 0x0c, 0x01, 0x00, 0x00,
  0xbc, 0xf0, 0xff, 0xff, 0x08, 0x00, 0x00, 0x00, 0x8c, 0x00, 0x00, 0x00,
  0x10, 0x00, 0x00, 0x00, 0x00, 0x00, 0x00, 0x00, 0x00, 0x00, 0x00, 0x00,
  0x00, 0x00, 0x00, 0x00, 0x00, 0x00, 0x00, 0x00, 0x00, 0x00, 0x00, 0x00,
  0x00, 0x00, 0x00, 0x00, 0x00, 0x00, 0x00, 0x00, 0x00, 0x00, 0x00, 0x00,
  0x00, 0x00, 0x00, 0x00, 0x00, 0x00, 0x00, 0x00, 0x00, 0x00, 0x00, 0x00,
  0x00, 0x00, 0x00, 0x00, 0x00, 0x00, 0x00, 0x00, 0x00, 0x00, 0x00, 0x00,
  0x00, 0x00, 0x00, 0x00, 0x00, 0x00, 0x00, 0x00, 0x00, 0x00, 0x00, 0x00,
  0x00, 0x00, 0x00, 0x00, 0x00, 0x00, 0x00, 0x00, 0x00, 0x00, 0x00, 0x00,
  0x00, 0x00, 0x00, 0x00, 0x00, 0x00, 0x00, 0x00, 0x00, 0x00, 0x00, 0x00,
  0x00, 0x00, 0x00, 0x00, 0x00, 0x00, 0x00, 0x00, 0x00, 0x00, 0x00, 0x00,
  0x00, 0x00, 0x00, 0x00, 0x00, 0x00, 0x00, 0x00, 0x00, 0x00, 0x00, 0x00,
  0x00, 0x00, 0x00, 0x00, 0x00, 0x00, 0x00, 0x00, 0x00, 0x00, 0x00, 0x00,
  0x00, 0x00, 0x00, 0x00, 0x10, 0x00, 0x00, 0x00, 0x53, 0xc2, 0x9c, 0x3a,
  0x7f, 0x38, 0x8a, 0x3a, 0xdf, 0xfb, 0xb7, 0x3a, 0x96, 0x04, 0xa9, 0x3a,
  0xf9, 0xe5, 0xa9, 0x3a, 0x72, 0xf0, 0x9f, 0x3a, 0xd2, 0x43, 0x9e, 0x3a,
  0x4c, 0xc4, 0x9b, 0x3a, 0x7f, 0x24, 0xa0, 0x3a, 0x9d, 0x2a, 0xa1, 0x3a,
  0xca, 0x01, 0xb6, 0x3a, 0x9a, 0x4d, 0xba, 0x3a, 0xdd, 0x09, 0x8f, 0x3a,
  0x75, 0xd5, 0x9d, 0x3a, 0xeb, 0x56, 0xc9, 0x3a, 0x55, 0xf9, 0xab, 0x3a,
  0x2b, 0x00, 0x00, 0x00, 0x6d, 0x6f, 0x64, 0x65, 0x6c, 0x5f, 0x32, 0x31,
  0x35, 0x2f, 0x74, 0x66, 0x2e, 0x6e, 0x6e, 0x2e, 0x63, 0x6f, 0x6e, 0x76,
  0x6f, 0x6c, 0x75, 0x74, 0x69, 0x6f, 0x6e, 0x5f, 0x33, 0x30, 0x30, 0x2f,
  0x63, 0x6f, 0x6e, 0x76, 0x6f, 0x6c, 0x75, 0x74, 0x69, 0x6f, 0x6e, 0x00,
  0x04, 0x00, 0x00, 0x00, 0x10, 0x00, 0x00, 0x00, 0x03, 0x00, 0x00, 0x00,
  0x01, 0x00, 0x00, 0x00, 0x10, 0x00, 0x00, 0x00, 0x0a, 0xf2, 0xff, 0xff,
  0x00, 0x00, 0x00, 0x01, 0x14, 0x00, 0x00, 0x00, 0xe8, 0x00, 0x00, 0x00,
  0x13, 0x00, 0x00, 0x00, 0x00, 0x00, 0x00, 0x02, 0x50, 0x01, 0x00, 0x00,
  0xf4, 0xf1, 0xff, 0xff, 0x08, 0x00, 0x00, 0x00, 0x8c, 0x00, 0x00, 0x00,
  0x10, 0x00, 0x00, 0x00, 0x00, 0x00, 0x00, 0x00, 0x00, 0x00, 0x00, 0x00,
  0x00, 0x00, 0x00, 0x00, 0x00, 0x00, 0x00, 0x00, 0x00, 0x00, 0x00, 0x00,
  0x00, 0x00, 0x00, 0x00, 0x00, 0x00, 0x00, 0x00, 0x00, 0x00, 0x00, 0x00,
  0x00, 0x00, 0x00, 0x00, 0x00, 0x00, 0x00, 0x00, 0x00, 0x00, 0x00, 0x00,
  0x00, 0x00, 0x00, 0x00, 0x00, 0x00, 0x00, 0x00, 0x00, 0x00, 0x00, 0x00,
  0x00, 0x00, 0x00, 0x00, 0x00, 0x00, 0x00, 0x00, 0x00, 0x00, 0x00, 0x00,
  0x00, 0x00, 0x00, 0x00, 0x00, 0x00, 0x00, 0x00, 0x00, 0x00, 0x00, 0x00,
  0x00, 0x00, 0x00, 0x00, 0x00, 0x00, 0x00, 0x00, 0x00, 0x00, 0x00, 0x00,
  0x00, 0x00, 0x00, 0x00, 0x00, 0x00, 0x00, 0x00, 0x00, 0x00, 0x00, 0x00,
  0x00, 0x00, 0x00, 0x00, 0x00, 0x00, 0x00, 0x00, 0x00, 0x00, 0x00, 0x00,
  0x00, 0x00, 0x00, 0x00, 0x00, 0x00, 0x00, 0x00, 0x00, 0x00, 0x00, 0x00,
  0x00, 0x00, 0x00, 0x00, 0x10, 0x00, 0x00, 0x00, 0x34, 0xa3, 0x94, 0x37,
  0x40, 0x0f, 0x83, 0x37, 0xa9, 0x73, 0xae, 0x37, 0xdf, 0x42, 0xa0, 0x37,
  0x95, 0x18, 0xa1, 0x37, 0x25, 0xa7, 0x97, 0x37, 0xba, 0x10, 0x96, 0x37,
  0x56, 0xb2, 0x93, 0x37, 0x80, 0xd8, 0x97, 0x37, 0x09, 0xd1, 0x98, 0x37,
  0xcd, 0x93, 0xac, 0x37, 0xa2, 0xa6, 0xb0, 0x37, 0xb8, 0xa0, 0x87, 0x37,
  0x15, 0xa8, 0x95, 0x37, 0x85, 0xe8, 0xbe, 0x37, 0x6a, 0x10, 0xa3, 0x37,
  0x6f, 0x00, 0x00, 0x00, 0x6d, 0x6f, 0x64, 0x65, 0x6c, 0x5f, 0x32, 0x31,
  0x35, 0x2f, 0x74, 0x66, 0x2e, 0x6e, 0x6e, 0x2e, 0x72, 0x65, 0x6c, 0x75,
  0x5f, 0x33, 0x30, 0x30, 0x2f, 0x52, 0x65, 0x6c, 0x75, 0x3b, 0x6d, 0x6f,
  0x64, 0x65, 0x6c, 0x5f, 0x32, 0x31, 0x35, 0x2f, 0x74, 0x66, 0x2e, 0x6d,
  0x61, 0x74, 0x68, 0x2e, 0x61, 0x64, 0x64, 0x5f, 0x33, 0x30, 0x30, 0x2f,
  0x41, 0x64, 0x64, 0x3b, 0x6d, 0x6f, 0x64, 0x65, 0x6c, 0x5f, 0x32, 0x31,
  0x35, 0x2f, 0x74, 0x66, 0x2e, 0x6e, 0x6e, 0x2e, 0x63, 0x6f, 0x6e, 0x76,
  0x6f, 0x6c, 0x75, 0x74, 0x69, 0x6f, 0x6e, 0x5f, 0x33, 0x30, 0x30, 0x2f,
  0x63, 0x6f, 0x6e, 0x76, 0x6f, 0x6c, 0x75, 0x74, 0x69, 0x6f, 0x6e, 0x3b,
  0x43, 0x6f, 0x6e, 0x73, 0x74, 0x5f, 0x35, 0x00, 0x01, 0x00, 0x00, 0x00,
  0x10, 0x00, 0x00, 0x00, 0x7a, 0xf3, 0xff, 0xff, 0x00, 0x00, 0x00, 0x01,
  0x14, 0x00, 0x00, 0x00, 0x30, 0x00, 0x00, 0x00, 0x12, 0x00, 0x00, 0x00,
  0x00, 0x00, 0x00, 0x09, 0x30, 0x00, 0x00, 0x00, 0x64, 0xf3, 0xff, 0xff,
  0x08, 0x00, 0x00, 0x00, 0x10, 0x00, 0x00, 0x00, 0x01, 0x00, 0x00, 0x00,
  0x80, 0xff, 0xff, 0xff, 0xff, 0xff, 0xff, 0xff, 0x01, 0x00, 0x00, 0x00,
  0xdf, 0x9b, 0xa9, 0x3c, 0x07, 0x00, 0x00, 0x00, 0x43, 0x6f, 0x6e, 0x73,
  0x74, 0x5f, 0x34, 0x00, 0x01, 0x00, 0x00, 0x00, 0x10, 0x00, 0x00, 0x00,
  0xca, 0xf3, 0xff, 0xff, 0x00, 0x00, 0x00, 0x01, 0x14, 0x00, 0x00, 0x00,
  0x30, 0x00, 0x00, 0x00, 0x11, 0x00, 0x00, 0x00, 0x00, 0x00, 0x00, 0x09,
  0x30, 0x00, 0x00, 0x00, 0xb4, 0xf3, 0xff, 0xff, 0x08, 0x00, 0x00, 0x00,
  0x10, 0x00, 0x00, 0x00, 0x01, 0x00, 0x00, 0x00, 0x7f, 0x00, 0x00, 0x00,
  0x00, 0x00, 0x00, 0x00, 0x01, 0x00, 0x00, 0x00, 0x87, 0x86, 0x80, 0x3b,
  0x07, 0x00, 0x00, 0x00, 0x43, 0x6f, 0x6e, 0x73, 0x74, 0x5f, 0x33, 0x00,
  0x01, 0x00, 0x00, 0x00, 0x10, 0x00, 0x00, 0x00, 0x1a, 0xf4, 0xff, 0xff,
  0x00, 0x00, 0x00, 0x01, 0x14, 0x00, 0x00, 0x00, 0xe8, 0x00, 0x00, 0x00,
  0x10, 0x00, 0x00, 0x00, 0x00, 0x00, 0x00, 0x09, 0x0c, 0x01, 0x00, 0x00,
  0x04, 0xf4, 0xff, 0xff, 0x08, 0x00, 0x00, 0x00, 0x8c, 0x00, 0x00, 0x00,
  0x10, 0x00, 0x00, 0x00, 0x00, 0x00, 0x00, 0x00, 0x00, 0x00, 0x00, 0x00,
  0x00, 0x00, 0x00, 0x00, 0x00, 0x00, 0x00, 0x00, 0x00, 0x00, 0x00, 0x00,
  0x00, 0x00, 0x00, 0x00, 0x00, 0x00, 0x00, 0x00, 0x00, 0x00, 0x00, 0x00,
  0x00, 0x00, 0x00, 0x00, 0x00, 0x00, 0x00, 0x00, 0x00, 0x00, 0x00, 0x00,
  0x00, 0x00, 0x00, 0x00, 0x00, 0x00, 0x00, 0x00, 0x00, 0x00, 0x00, 0x00,
  0x00, 0x00, 0x00, 0x00, 0x00, 0x00, 0x00, 0x00, 0x00, 0x00, 0x00, 0x00,
  0x00, 0x00, 0x00, 0x00, 0x00, 0x00, 0x00, 0x00, 0x00, 0x00, 0x00, 0x00,
  0x00, 0x00, 0x00, 0x00, 0x00, 0x00, 0x00, 0x00, 0x00, 0x00, 0x00, 0x00,
  0x00, 0x00, 0x00, 0x00, 0x00, 0x00, 0x00, 0x00, 0x00, 0x00, 0x00, 0x00,
  0x00, 0x00, 0x00, 0x00, 0x00, 0x00, 0x00, 0x00, 0x00, 0x00, 0x00, 0x00,
  0x00, 0x00, 0x00, 0x00, 0x00, 0x00, 0x00, 0x00, 0x00, 0x00, 0x00, 0x00,
  0x00, 0x00, 0x00, 0x00, 0x10, 0x00, 0x00, 0x00, 0xd6, 0x9e, 0xaf, 0x3a,
  0x16, 0xa2, 0xa7, 0x3a, 0x74, 0xbe, 0xc1, 0x3a, 0x13, 0x89, 0xb5, 0x3a,
  0xaa, 0x7e, 0x8e, 0x3a, 0xaa, 0x9a, 0xc4, 0x3a, 0x75, 0xce, 0xb7, 0x3a,
  0x12, 0xfa, 0xd7, 0x3a, 0xdb, 0xb5, 0xb9, 0x3a, 0x5b, 0x56, 0xa0, 0x3a,
  0x6d, 0xc0, 0xdc, 0x3a, 0x91, 0x21, 0xa4, 0x3a, 0xed, 0x71, 0x9f, 0x3a,
  0xc9, 0xf9, 0x96, 0x3a, 0x82, 0x33, 0xcc, 0x3a, 0xca, 0xa5, 0xc2, 0x3a,
  0x2b, 0x00, 0x00, 0x00, 0x6d, 0x6f, 0x64, 0x65, 0x6c, 0x5f, 0x32, 0x31,
  0x35, 0x2f, 0x74, 0x66, 0x2e, 0x6e, 0x6e, 0x2e, 0x63, 0x6f, 0x6e, 0x76,
  0x6f, 0x6c, 0x75, 0x74, 0x69, 0x6f, 0x6e, 0x5f, 0x33, 0x30, 0x31, 0x2f,
  0x63, 0x6f, 0x6e, 0x76, 0x6f, 0x6c, 0x75, 0x74, 0x69, 0x6f, 0x6e, 0x00,
  0x04, 0x00, 0x00, 0x00, 0x10, 0x00, 0x00, 0x00, 0x03, 0x00, 0x00, 0x00,
  0x01, 0x00, 0x00, 0x00, 0x10, 0x00, 0x00, 0x00, 0x52, 0xf5, 0xff, 0xff,
  0x00, 0x00, 0x00, 0x01, 0x14, 0x00, 0x00, 0x00, 0xe8, 0x00, 0x00, 0x00,
  0x0f, 0x00, 0x00, 0x00, 0x00, 0x00, 0x00, 0x02, 0x50, 0x01, 0x00, 0x00,
  0x3c, 0xf5, 0xff, 0xff, 0x08, 0x00, 0x00, 0x00, 0x8c, 0x00, 0x00, 0x00,
  0x10, 0x00, 0x00, 0x00, 0x00, 0x00, 0x00, 0x00, 0x00, 0x00, 0x00, 0x00,
  0x00, 0x00, 0x00, 0x00, 0x00, 0x00, 0x00, 0x00, 0x00, 0x00, 0x00, 0x00,
  0x00, 0x00, 0x00, 0x00, 0x00, 0x00, 0x00, 0x00, 0x00, 0x00, 0x00, 0x00,
  0x00, 0x00, 0x00, 0x00, 0x00, 0x00, 0x00, 0x00, 0x00, 0x00, 0x00, 0x00,
  0x00, 0x00, 0x00, 0x00, 0x00, 0x00, 0x00, 0x00, 0x00, 0x00, 0x00, 0x00,
  0x00, 0x00, 0x00, 0x00, 0x00, 0x00, 0x00, 0x00, 0x00, 0x00, 0x00, 0x00,
  0x00, 0x00, 0x00, 0x00, 0x00, 0x00, 0x00, 0x00, 0x00, 0x00, 0x00, 0x00,
  0x00, 0x00, 0x00, 0x00, 0x00, 0x00, 0x00, 0x00, 0x00, 0x00, 0x00, 0x00,
  0x00, 0x00, 0x00, 0x00, 0x00, 0x00, 0x00, 0x00, 0x00, 0x00, 0x00, 0x00,
  0x00, 0x00, 0x00, 0x00, 0x00, 0x00, 0x00, 0x00, 0x00, 0x00, 0x00, 0x00,
  0x00, 0x00, 0x00, 0x00, 0x00, 0x00, 0x00, 0x00, 0x00, 0x00, 0x00, 0x00,
  0x00, 0x00, 0x00, 0x00, 0x10, 0x00, 0x00, 0x00, 0xa0, 0x45, 0xa0, 0x37,
  0x94, 0xfb, 0x98, 0x37, 0xc3, 0xcf, 0xb0, 0x37, 0x87, 0xab, 0xa5, 0x37,
  0x96, 0x0a, 0x82, 0x37, 0xfb, 0x6b, 0xb3, 0x37, 0x19, 0xbe, 0xa7, 0x37,
  0xf4, 0x19, 0xc5, 0x37, 0xe7, 0x7a, 0xa9, 0x37, 0x14, 0x53, 0x92, 0x37,
  0x7b, 0x75, 0xc9, 0x37, 0x69, 0xc9, 0x95, 0x37, 0x9d, 0x82, 0x91, 0x37,
  0xf6, 0xc7, 0x89, 0x37, 0xda, 0x5a, 0xba, 0x37, 0xe1, 0xa2, 0xb1, 0x37,
  0x6f, 0x00, 0x00, 0x00, 0x6d, 0x6f, 0x64, 0x65, 0x6c, 0x5f, 0x32, 0x31,
  0x35, 0x2f, 0x74, 0x66, 0x2e, 0x6e, 0x6e, 0x2e, 0x72, 0x65, 0x6c, 0x75,
  0x5f, 0x33, 0x30, 0x31, 0x2f, 0x52, 0x65, 0x6c, 0x75, 0x3b, 0x6d, 0x6f,
  0x64, 0x65, 0x6c, 0x5f, 0x32, 0x31, 0x35, 0x2f, 0x74, 0x66, 0x2e, 0x6d,
  0x61, 0x74, 0x68, 0x2e, 0x61, 0x64, 0x64, 0x5f, 0x33, 0x30, 0x31, 0x2f,
  0x41, 0x64, 0x64, 0x3b, 0x6d, 0x6f, 0x64, 0x65, 0x6c, 0x5f, 0x32, 0x31,
  0x35, 0x2f, 0x74, 0x66, 0x2e, 0x6e, 0x6e, 0x2e, 0x63, 0x6f, 0x6e, 0x76,
  0x6f, 0x6c, 0x75, 0x74, 0x69, 0x6f, 0x6e, 0x5f, 0x33, 0x30, 0x31, 0x2f,
  0x63, 0x6f, 0x6e, 0x76, 0x6f, 0x6c, 0x75, 0x74, 0x69, 0x6f, 0x6e, 0x3b,
  0x43, 0x6f, 0x6e, 0x73, 0x74, 0x5f, 0x31, 0x00, 0x01, 0x00, 0x00, 0x00,
  0x10, 0x00, 0x00, 0x00, 0xc2, 0xf6, 0xff, 0xff, 0x00, 0x00, 0x00, 0x01,
  0x14, 0x00, 0x00, 0x00, 0x30, 0x00, 0x00, 0x00, 0x0e, 0x00, 0x00, 0x00,
  0x00, 0x00, 0x00, 0x09, 0x30, 0x00, 0x00, 0x00, 0xac, 0xf6, 0xff, 0xff,
  0x08, 0x00, 0x00, 0x00, 0x10, 0x00, 0x00, 0x00, 0x01, 0x00, 0x00, 0x00,
  0x80, 0xff, 0xff, 0xff, 0xff, 0xff, 0xff, 0xff, 0x01, 0x00, 0x00, 0x00,
  0x39, 0x5d, 0xb7, 0x3c, 0x05, 0x00, 0x00, 0x00, 0x43, 0x6f, 0x6e, 0x73,
  0x74, 0x00, 0x00, 0x00, 0x01, 0x00, 0x00, 0x00, 0x10, 0x00, 0x00, 0x00,
  0x12, 0xf7, 0xff, 0xff, 0x00, 0x00, 0x00, 0x01, 0x14, 0x00, 0x00, 0x00,
  0x34, 0x00, 0x00, 0x00, 0x0d, 0x00, 0x00, 0x00, 0x00, 0x00, 0x00, 0x09,
  0x38, 0x00, 0x00, 0x00, 0xfc, 0xf6, 0xff, 0xff, 0x08, 0x00, 0x00, 0x00,
  0x14, 0x00, 0x00, 0x00, 0x01, 0x00, 0x00, 0x00, 0x7f, 0x00, 0x00, 0x00,
  0x00, 0x00, 0x00, 0x00, 0x00, 0x00, 0x00, 0x00, 0x01, 0x00, 0x00, 0x00,
  0xd3, 0xae, 0x97, 0x3b, 0x08, 0x00, 0x00, 0x00, 0x43, 0x6f, 0x6e, 0x73,
  0x74, 0x5f, 0x33, 0x30, 0x00, 0x00, 0x00, 0x00, 0x01, 0x00, 0x00, 0x00,
  0x10, 0x00, 0x00, 0x00, 0x6a, 0xf7, 0xff, 0xff, 0x00, 0x00, 0x00, 0x01,
  0x14, 0x00, 0x00, 0x00, 0xe8, 0x00, 0x00, 0x00, 0x0c, 0x00, 0x00, 0x00,
  0x00, 0x00, 0x00, 0x09, 0x0c, 0x01, 0x00, 0x00, 0x54, 0xf7, 0xff, 0xff,
  0x08, 0x00, 0x00, 0x00, 0x8c, 0x00, 0x00, 0x00, 0x10, 0x00, 0x00, 0x00,
  0x00, 0x00, 0x00, 0x00, 0x00, 0x00, 0x00, 0x00, 0x00, 0x00, 0x00, 0x00,
  0x00, 0x00, 0x00, 0x00, 0x00, 0x00, 0x00, 0x00, 0x00, 0x00, 0x00, 0x00,
  0x00, 0x00, 0x00, 0x00, 0x00, 0x00, 0x00, 0x00, 0x00, 0x00, 0x00, 0x00,
  0x00, 0x00, 0x00, 0x00, 0x00, 0x00, 0x00, 0x00, 0x00, 0x00, 0x00, 0x00,
  0x00, 0x00, 0x00, 0x00, 0x00, 0x00, 0x00, 0x00, 0x00, 0x00, 0x00, 0x00,
  0x00, 0x00, 0x00, 0x00, 0x00, 0x00, 0x00, 0x00, 0x00, 0x00, 0x00, 0x00,
  0x00, 0x00, 0x00, 0x00, 0x00, 0x00, 0x00, 0x00, 0x00, 0x00, 0x00, 0x00,
  0x00, 0x00, 0x00, 0x00, 0x00, 0x00, 0x00, 0x00, 0x00, 0x00, 0x00, 0x00,
  0x00, 0x00, 0x00, 0x00, 0x00, 0x00, 0x00, 0x00, 0x00, 0x00, 0x00, 0x00,
  0x00, 0x00, 0x00, 0x00, 0x00, 0x00, 0x00, 0x00, 0x00, 0x00, 0x00, 0x00,
  0x00, 0x00, 0x00, 0x00, 0x00, 0x00, 0x00, 0x00, 0x00, 0x00, 0x00, 0x00,
  0x10, 0x00, 0x00, 0x00, 0xc6, 0x21, 0xb4, 0x3a, 0x36, 0x5c, 0xa5, 0x3a,
  0xc6, 0xe3, 0x9e, 0x3a, 0x05, 0x95, 0xb0, 0x3a, 0x58, 0xb2, 0xa0, 0x3a,
  0xef, 0x74, 0x92, 0x3a, 0x9d, 0x17, 0xac, 0x3a, 0xfe, 0xd6, 0xa0, 0x3a,
  0xb9, 0x54, 0xa3, 0x3a, 0xa7, 0xf8, 0xae, 0x3a, 0x0e, 0x12, 0xb3, 0x3a,
  0x9c, 0x10, 0xc5, 0x3a, 0x0d, 0x47, 0xb2, 0x3a, 0x07, 0x1e, 0xa8, 0x3a,
  0xcf, 0xb3, 0xae, 0x3a, 0x7e, 0x38, 0xc1, 0x3a, 0x2b, 0x00, 0x00, 0x00,
  0x6d, 0x6f, 0x64, 0x65, 0x6c, 0x5f, 0x32, 0x31, 0x35, 0x2f, 0x74, 0x66,
  0x2e, 0x6e, 0x6e, 0x2e, 0x63, 0x6f, 0x6e, 0x76, 0x6f, 0x6c, 0x75, 0x74,
  0x69, 0x6f, 0x6e, 0x5f, 0x33, 0x30, 0x32, 0x2f, 0x63, 0x6f, 0x6e, 0x76,
  0x6f, 0x6c, 0x75, 0x74, 0x69, 0x6f, 0x6e, 0x00, 0x04, 0x00, 0x00, 0x00,
  0x10, 0x00, 0x00, 0x00, 0x03, 0x00, 0x00, 0x00, 0x01, 0x00, 0x00, 0x00,
  0x10, 0x00, 0x00, 0x00, 0xa2, 0xf8, 0xff, 0xff, 0x00, 0x00, 0x00, 0x01,
  0x14, 0x00, 0x00, 0x00, 0xe4, 0x00, 0x00, 0x00, 0x0b, 0x00, 0x00, 0x00,
  0x00, 0x00, 0x00, 0x02, 0x50, 0x01, 0x00, 0x00, 0x8c, 0xf8, 0xff, 0xff,
  0x08, 0x00, 0x00, 0x00, 0x88, 0x00, 0x00, 0x00, 0x10, 0x00, 0x00, 0x00,
  0x00, 0x00, 0x00, 0x00, 0x00, 0x00, 0x00, 0x00, 0x00, 0x00, 0x00, 0x00,
  0x00, 0x00, 0x00, 0x00, 0x00, 0x00, 0x00, 0x00, 0x00, 0x00, 0x00, 0x00,
  0x00, 0x00, 0x00, 0x00, 0x00, 0x00, 0x00, 0x00, 0x00, 0x00, 0x00, 0x00,
  0x00, 0x00, 0x00, 0x00, 0x00, 0x00, 0x00, 0x00, 0x00, 0x00, 0x00, 0x00,
  0x00, 0x00, 0x00, 0x00, 0x00, 0x00, 0x00, 0x00, 0x00, 0x00, 0x00, 0x00,
  0x00, 0x00, 0x00, 0x00, 0x00, 0x00, 0x00, 0x00, 0x00, 0x00, 0x00, 0x00,
  0x00, 0x00, 0x00, 0x00, 0x00, 0x00, 0x00, 0x00, 0x00, 0x00, 0x00, 0x00,
  0x00, 0x00, 0x00, 0x00, 0x00, 0x00, 0x00, 0x00, 0x00, 0x00, 0x00, 0x00,
  0x00, 0x00, 0x00, 0x00, 0x00, 0x00, 0x00, 0x00, 0x00, 0x00, 0x00, 0x00,
  0x00, 0x00, 0x00, 0x00, 0x00, 0x00, 0x00, 0x00, 0x00, 0x00, 0x00, 0x00,
  0x00, 0x00, 0x00, 0x00, 0x00, 0x00, 0x00, 0x00, 0x10, 0x00, 0x00, 0x00,
  0x26, 0x26, 0x90, 0x37, 0xfc, 0x53, 0x84, 0x37, 0xdf, 0x4c, 0x7e, 0x37,
  0xed, 0x4e, 0x8d, 0x37, 0x9b, 0x98, 0x80, 0x37, 0xcb, 0x66, 0x6a, 0x37,
  0x20, 0xb7, 0x89, 0x37, 0xee, 0xb5, 0x80, 0x37, 0x45, 0xb4, 0x82, 0x37,
  0xef, 0x04, 0x8c, 0x37, 0xb5, 0x4c, 0x8f, 0x37, 0x10, 0xb3, 0x9d, 0x37,
  0x41, 0xaa, 0x8e, 0x37, 0xcf, 0x88, 0x86, 0x37, 0xd7, 0xcd, 0x8b, 0x37,
  0x88, 0x9f, 0x9a, 0x37, 0x70, 0x00, 0x00, 0x00, 0x6d, 0x6f, 0x64, 0x65,
  0x6c, 0x5f, 0x32, 0x31, 0x35, 0x2f, 0x74, 0x66, 0x2e, 0x6e, 0x6e, 0x2e,
  0x72, 0x65, 0x6c, 0x75, 0x5f, 0x33, 0x30, 0x32, 0x2f, 0x52, 0x65, 0x6c,
  0x75, 0x3b, 0x6d, 0x6f, 0x64, 0x65, 0x6c, 0x5f, 0x32, 0x31, 0x35, 0x2f,
  0x74, 0x66, 0x2e, 0x6d, 0x61, 0x74, 0x68, 0x2e, 0x61, 0x64, 0x64, 0x5f,
  0x33, 0x30, 0x32, 0x2f, 0x41, 0x64, 0x64, 0x3b, 0x6d, 0x6f, 0x64, 0x65,
  0x6c, 0x5f, 0x32, 0x31, 0x35, 0x2f, 0x74, 0x66, 0x2e, 0x6e, 0x6e, 0x2e,
  0x63, 0x6f, 0x6e, 0x76, 0x6f, 0x6c, 0x75, 0x74, 0x69, 0x6f, 0x6e, 0x5f,
  0x33, 0x30, 0x32, 0x2f, 0x63, 0x6f, 0x6e, 0x76, 0x6f, 0x6c, 0x75, 0x74,
  0x69, 0x6f, 0x6e, 0x3b, 0x43, 0x6f, 0x6e, 0x73, 0x74, 0x5f, 0x32, 0x38,
  0x00, 0x00, 0x00, 0x00, 0x01, 0x00, 0x00, 0x00, 0x10, 0x00, 0x00, 0x00,
  0x12, 0xfa, 0xff, 0xff, 0x00, 0x00, 0x00, 0x01, 0x14, 0x00, 0x00, 0x00,
  0x34, 0x00, 0x00, 0x00, 0x0a, 0x00, 0x00, 0x00, 0x00, 0x00, 0x00, 0x09,
  0x38, 0x00, 0x00, 0x00, 0xfc, 0xf9, 0xff, 0xff, 0x08, 0x00, 0x00, 0x00,
  0x14, 0x00, 0x00, 0x00, 0x01, 0x00, 0x00, 0x00, 0x80, 0xff, 0xff, 0xff,
  0xff, 0xff, 0xff, 0xff, 0x00, 0x00, 0x00, 0x00, 0x01, 0x00, 0x00, 0x00,
  0xe5, 0x79, 0xae, 0x3f, 0x08, 0x00, 0x00, 0x00, 0x43, 0x6f, 0x6e, 0x73,
  0x74, 0x5f, 0x32, 0x37, 0x00, 0x00, 0x00, 0x00, 0x01, 0x00, 0x00, 0x00,
  0x10, 0x00, 0x00, 0x00, 0x6a, 0xfa, 0xff, 0xff, 0x00, 0x00, 0x00, 0x01,
  0x14, 0x00, 0x00, 0x00, 0x34, 0x00, 0x00, 0x00, 0x09, 0x00, 0x00, 0x00,
  0x00, 0x00, 0x00, 0x09, 0x38, 0x00, 0x00, 0x00, 0x54, 0xfa, 0xff, 0xff,
  0x08, 0x00, 0x00, 0x00, 0x14, 0x00, 0x00, 0x00, 0x01, 0x00, 0x00, 0x00,
  0x5d, 0x00, 0x00, 0x00, 0x00, 0x00, 0x00, 0x00, 0x00, 0x00, 0x00, 0x00,
  0x01, 0x00, 0x00, 0x00, 0x92, 0xc2, 0x8b, 0x3b, 0x08, 0x00, 0x00, 0x00,
  0x43, 0x6f, 0x6e, 0x73, 0x74, 0x5f, 0x32, 0x36, 0x00, 0x00, 0x00, 0x00,
  0x01, 0x00, 0x00, 0x00, 0x10, 0x00, 0x00, 0x00, 0xc2, 0xfa, 0xff, 0xff,
  0x00, 0x00, 0x00, 0x01, 0x14, 0x00, 0x00, 0x00, 0xe8, 0x00, 0x00, 0x00,
  0x08, 0x00, 0x00, 0x00, 0x00, 0x00, 0x00, 0x09, 0x0c, 0x01, 0x00, 0x00,
  0xac, 0xfa, 0xff, 0xff, 0x08, 0x00, 0x00, 0x00, 0x8c, 0x00, 0x00, 0x00,
  0x10, 0x00, 0x00, 0x00, 0x00, 0x00, 0x00, 0x00, 0x00, 0x00, 0x00, 0x00,
  0x00, 0x00, 0x00, 0x00, 0x00, 0x00, 0x00, 0x00, 0x00, 0x00, 0x00, 0x00,
  0x00, 0x00, 0x00, 0x00, 0x00, 0x00, 0x00, 0x00, 0x00, 0x00, 0x00, 0x00,
  0x00, 0x00, 0x00, 0x00, 0x00, 0x00, 0x00, 0x00, 0x00, 0x00, 0x00, 0x00,
  0x00, 0x00, 0x00, 0x00, 0x00, 0x00, 0x00, 0x00, 0x00, 0x00, 0x00, 0x00,
  0x00, 0x00, 0x00, 0x00, 0x00, 0x00, 0x00, 0x00, 0x00, 0x00, 0x00, 0x00,
  0x00, 0x00, 0x00, 0x00, 0x00, 0x00, 0x00, 0x00, 0x00, 0x00, 0x00, 0x00,
  0x00, 0x00, 0x00, 0x00, 0x00, 0x00, 0x00, 0x00, 0x00, 0x00, 0x00, 0x00,
  0x00, 0x00, 0x00, 0x00, 0x00, 0x00, 0x00, 0x00, 0x00, 0x00, 0x00, 0x00,
  0x00, 0x00, 0x00, 0x00, 0x00, 0x00, 0x00, 0x00, 0x00, 0x00, 0x00, 0x00,
  0x00, 0x00, 0x00, 0x00, 0x00, 0x00, 0x00, 0x00, 0x00, 0x00, 0x00, 0x00,
  0x00, 0x00, 0x00, 0x00, 0x10, 0x00, 0x00, 0x00, 0x69, 0x23, 0xd5, 0x3a,
  0xb0, 0xd9, 0xc5, 0x3a, 0x51, 0x8b, 0x03, 0x3b, 0xca, 0x96, 0xf1, 0x3a,
  0x1c, 0xdb, 0xd5, 0x3a, 0x55, 0xd1, 0xb8, 0x3a, 0x1c, 0x2f, 0x24, 0x3b,
  0x8a, 0x54, 0xdf, 0x3a, 0x6a, 0x79, 0xd7, 0x3a, 0x1f, 0x3b, 0x13, 0x3b,
  0x56, 0xd4, 0xf6, 0x3a, 0x85, 0xd5, 0xc7, 0x3a, 0xb9, 0x67, 0x07, 0x3b,
  0xe6, 0x68, 0x0c, 0x3b, 0xfe, 0x94, 0x05, 0x3b, 0x7a, 0x57, 0x24, 0x3b,
  0x2b, 0x00, 0x00, 0x00, 0x6d, 0x6f, 0x64, 0x65, 0x6c, 0x5f, 0x32, 0x31,
  0x35, 0x2f, 0x74, 0x66, 0x2e, 0x6e, 0x6e, 0x2e, 0x63, 0x6f, 0x6e, 0x76,
  0x6f, 0x6c, 0x75, 0x74, 0x69, 0x6f, 0x6e, 0x5f, 0x33, 0x30, 0x33, 0x2f,
  0x63, 0x6f, 0x6e, 0x76, 0x6f, 0x6c, 0x75, 0x74, 0x69, 0x6f, 0x6e, 0x00,
  0x04, 0x00, 0x00, 0x00, 0x10, 0x00, 0x00, 0x00, 0x03, 0x00, 0x00, 0x00,
  0x01, 0x00, 0x00, 0x00, 0x10, 0x00, 0x00, 0x00, 0xfa, 0xfb, 0xff, 0xff,
  0x00, 0x00, 0x00, 0x01, 0x14, 0x00, 0x00, 0x00, 0xe4, 0x00, 0x00, 0x00,
  0x07, 0x00, 0x00, 0x00, 0x00, 0x00, 0x00, 0x02, 0x50, 0x01, 0x00, 0x00,
  0xe4, 0xfb, 0xff, 0xff, 0x08, 0x00, 0x00, 0x00, 0x88, 0x00, 0x00, 0x00,
  0x10, 0x00, 0x00, 0x00, 0x00, 0x00, 0x00, 0x00, 0x00, 0x00, 0x00, 0x00,
  0x00, 0x00, 0x00, 0x00, 0x00, 0x00, 0x00, 0x00, 0x00, 0x00, 0x00, 0x00,
  0x00, 0x00, 0x00, 0x00, 0x00, 0x00, 0x00, 0x00, 0x00, 0x00, 0x00, 0x00,
  0x00, 0x00, 0x00, 0x00, 0x00, 0x00, 0x00, 0x00, 0x00, 0x00, 0x00, 0x00,
  0x00, 0x00, 0x00, 0x00, 0x00, 0x00, 0x00, 0x00, 0x00, 0x00, 0x00, 0x00,
  0x00, 0x00, 0x00, 0x00, 0x00, 0x00, 0x00, 0x00, 0x00, 0x00, 0x00, 0x00,
  0x00, 0x00, 0x00, 0x00, 0x00, 0x00, 0x00, 0x00, 0x00, 0x00, 0x00, 0x00,
  0x00, 0x00, 0x00, 0x00, 0x00, 0x00, 0x00, 0x00, 0x00, 0x00, 0x00, 0x00,
  0x00, 0x00, 0x00, 0x00, 0x00, 0x00, 0x00, 0x00, 0x00, 0x00, 0x00, 0x00,
  0x00, 0x00, 0x00, 0x00, 0x00, 0x00, 0x00, 0x00, 0x00, 0x00, 0x00, 0x00,
  0x00, 0x00, 0x00, 0x00, 0x00, 0x00, 0x00, 0x00, 0x00, 0x00, 0x00, 0x00,
  0x10, 0x00, 0x00, 0x00, 0x44, 0xf4, 0x8d, 0x37, 0xa7, 0xc5, 0x83, 0x37,
  0xcc, 0x38, 0xaf, 0x37, 0x22, 0xe7, 0xa0, 0x37, 0x9d, 0x6e, 0x8e, 0x37,
  0x27, 0x2f, 0x76, 0x37, 0x08, 0xb3, 0xda, 0x37, 0xff, 0xbd, 0x94, 0x37,
  0x8c, 0x82, 0x8f, 0x37, 0x01, 0x1e, 0xc4, 0x37, 0xa1, 0x64, 0xa4, 0x37,
  0xe1, 0x17, 0x85, 0x37, 0x65, 0x5d, 0xb4, 0x37, 0xf8, 0x07, 0xbb, 0x37,
  0xb1, 0xef, 0xb1, 0x37, 0xcd, 0xe8, 0xda, 0x37, 0x70, 0x00, 0x00, 0x00,
  0x6d, 0x6f, 0x64, 0x65, 0x6c, 0x5f, 0x32, 0x31, 0x35, 0x2f, 0x74, 0x66,
  0x2e, 0x6e, 0x6e, 0x2e, 0x72, 0x65, 0x6c, 0x75, 0x5f, 0x33, 0x30, 0x33,
  0x2f, 0x52, 0x65, 0x6c, 0x75, 0x3b, 0x6d, 0x6f, 0x64, 0x65, 0x6c, 0x5f,
  0x32, 0x31, 0x35, 0x2f, 0x74, 0x66, 0x2e, 0x6d, 0x61, 0x74, 0x68, 0x2e,
  0x61, 0x64, 0x64, 0x5f, 0x33, 0x30, 0x33, 0x2f, 0x41, 0x64, 0x64, 0x3b,
  0x6d, 0x6f, 0x64, 0x65, 0x6c, 0x5f, 0x32, 0x31, 0x35, 0x2f, 0x74, 0x66,
  0x2e, 0x6e, 0x6e, 0x2e, 0x63, 0x6f, 0x6e, 0x76, 0x6f, 0x6c, 0x75, 0x74,
  0x69, 0x6f, 0x6e, 0x5f, 0x33, 0x30, 0x33, 0x2f, 0x63, 0x6f, 0x6e, 0x76,
  0x6f, 0x6c, 0x75, 0x74, 0x69, 0x6f, 0x6e, 0x3b, 0x43, 0x6f, 0x6e, 0x73,
  0x74, 0x5f, 0x32, 0x34, 0x00, 0x00, 0x00, 0x00, 0x01, 0x00, 0x00, 0x00,
  0x10, 0x00, 0x00, 0x00, 0x6a, 0xfd, 0xff, 0xff, 0x00, 0x00, 0x00, 0x01,
  0x14, 0x00, 0x00, 0x00, 0x34, 0x00, 0x00, 0x00, 0x06, 0x00, 0x00, 0x00,
  0x00, 0x00, 0x00, 0x09, 0x38, 0x00, 0x00, 0x00, 0x54, 0xfd, 0xff, 0xff,
  0x08, 0x00, 0x00, 0x00, 0x14, 0x00, 0x00, 0x00, 0x01, 0x00, 0x00, 0x00,
  0x80, 0xff, 0xff, 0xff, 0xff, 0xff, 0xff, 0xff, 0x00, 0x00, 0x00, 0x00,
  0x01, 0x00, 0x00, 0x00, 0x29, 0x11, 0xad, 0x3d, 0x08, 0x00, 0x00, 0x00,
  0x43, 0x6f, 0x6e, 0x73, 0x74, 0x5f, 0x32, 0x33, 0x00, 0x00, 0x00, 0x00,
  0x01, 0x00, 0x00, 0x00, 0x10, 0x00, 0x00, 0x00, 0xc2, 0xfd, 0xff, 0xff,
  0x00, 0x00, 0x00, 0x01, 0x14, 0x00, 0x00, 0x00, 0x34, 0x00, 0x00, 0x00,
  0x05, 0x00, 0x00, 0x00, 0x00, 0x00, 0x00, 0x09, 0x38, 0x00, 0x00, 0x00,
  0xac, 0xfd, 0xff, 0xff, 0x08, 0x00, 0x00, 0x00, 0x14, 0x00, 0x00, 0x00,
  0x01, 0x00, 0x00, 0x00, 0x7f, 0x00, 0x00, 0x00, 0x00, 0x00, 0x00, 0x00,
  0x00, 0x00, 0x00, 0x00, 0x01, 0x00, 0x00, 0x00, 0x6f, 0xe6, 0xa6, 0x3c,
  0x08, 0x00, 0x00, 0x00, 0x43, 0x6f, 0x6e, 0x73, 0x74, 0x5f, 0x32, 0x32,
  0x00, 0x00, 0x00, 0x00, 0x01, 0x00, 0x00, 0x00, 0x10, 0x00, 0x00, 0x00,
  0x1a, 0xfe, 0xff, 0xff, 0x00, 0x00, 0x00, 0x01, 0x14, 0x00, 0x00, 0x00,
  0x7c, 0x00, 0x00, 0x00, 0x04, 0x00, 0x00, 0x00, 0x00, 0x00, 0x00, 0x09,
  0x9c, 0x00, 0x00, 0x00, 0x04, 0xfe, 0xff, 0xff, 0x08, 0x00, 0x00, 0x00,
  0x44, 0x00, 0x00, 0x00, 0x07, 0x00, 0x00, 0x00, 0x00, 0x00, 0x00, 0x00,
  0x00, 0x00, 0x00, 0x00, 0x00, 0x00, 0x00, 0x00, 0x00, 0x00, 0x00, 0x00,
  0x00, 0x00, 0x00, 0x00, 0x00, 0x00, 0x00, 0x00, 0x00, 0x00, 0x00, 0x00,
  0x00, 0x00, 0x00, 0x00, 0x00, 0x00, 0x00, 0x00, 0x00, 0x00, 0x00, 0x00,
  0x00, 0x00, 0x00, 0x00, 0x00, 0x00, 0x00, 0x00, 0x00, 0x00, 0x00, 0x00,
  0x00, 0x00, 0x00, 0x00, 0x00, 0x00, 0x00, 0x00, 0x07, 0x00, 0x00, 0x00,
  0x32, 0xb0, 0x89, 0x3b, 0xb9, 0xb8, 0x90, 0x3b, 0x80, 0x4c, 0xc2, 0x3b,
  0xde, 0xa6, 0x9a, 0x3b, 0x3f, 0x77, 0x95, 0x3b, 0x3e, 0x3c, 0x9a, 0x3b,
  0xec, 0xd6, 0x81, 0x3b, 0x24, 0x00, 0x00, 0x00, 0x6d, 0x6f, 0x64, 0x65,
  0x6c, 0x5f, 0x32, 0x31, 0x35, 0x2f, 0x74, 0x66, 0x2e, 0x6c, 0x69, 0x6e,
  0x61, 0x6c, 0x67, 0x2e, 0x6d, 0x61, 0x74, 0x6d, 0x75, 0x6c, 0x5f, 0x36,
  0x33, 0x2f, 0x4d, 0x61, 0x74, 0x4d, 0x75, 0x6c, 0x00, 0x00, 0x00, 0x00,
  0x02, 0x00, 0x00, 0x00, 0x07, 0x00, 0x00, 0x00, 0x10, 0x00, 0x00, 0x00,
  0xda, 0xfe, 0xff, 0xff, 0x00, 0x00, 0x00, 0x01, 0x14, 0x00, 0x00, 0x00,
  0x78, 0x00, 0x00, 0x00, 0x03, 0x00, 0x00, 0x00, 0x00, 0x00, 0x00, 0x02,
  0x9c, 0x00, 0x00, 0x00, 0xc4, 0xfe, 0xff, 0xff, 0x08, 0x00, 0x00, 0x00,
  0x40, 0x00, 0x00, 0x00, 0x07, 0x00, 0x00, 0x00, 0x00, 0x00, 0x00, 0x00,
  0x00, 0x00, 0x00, 0x00, 0x00, 0x00, 0x00, 0x00, 0x00, 0x00, 0x00, 0x00,
  0x00, 0x00, 0x00, 0x00, 0x00, 0x00, 0x00, 0x00, 0x00, 0x00, 0x00, 0x00,
  0x00, 0x00, 0x00, 0x00, 0x00, 0x00, 0x00, 0x00, 0x00, 0x00, 0x00, 0x00,
  0x00, 0x00, 0x00, 0x00, 0x00, 0x00, 0x00, 0x00, 0x00, 0x00, 0x00, 0x00,
  0x00, 0x00, 0x00, 0x00, 0x07, 0x00, 0x00, 0x00, 0xf9, 0xcb, 0x45, 0x38,
  0x87, 0xe6, 0x4f, 0x38, 0x7c, 0x8f, 0x8b, 0x38, 0x76, 0x2a, 0x5e, 0x38,
  0x42, 0xb7, 0x56, 0x38, 0x49, 0x91, 0x5d, 0x38, 0x8a, 0x85, 0x3a, 0x38,
  0x28, 0x00, 0x00, 0x00, 0x6d, 0x6f, 0x64, 0x65, 0x6c, 0x5f, 0x32, 0x31,
  0x35, 0x2f, 0x74, 0x66, 0x2e, 0x5f, 0x5f, 0x6f, 0x70, 0x65, 0x72, 0x61,
  0x74, 0x6f, 0x72, 0x73, 0x5f, 0x5f, 0x2e, 0x61, 0x64, 0x64, 0x5f, 0x32,
  0x31, 0x35, 0x2f, 0x41, 0x64, 0x64, 0x56, 0x32, 0x00, 0x00, 0x00, 0x00,
  0x01, 0x00, 0x00, 0x00, 0x07, 0x00, 0x00, 0x00, 0x96, 0xff, 0xff, 0xff,
  0x00, 0x00, 0x00, 0x01, 0x18, 0x00, 0x00, 0x00, 0x18, 0x00, 0x00, 0x00,
  0x02, 0x00, 0x00, 0x00, 0x00, 0x00, 0x00, 0x02, 0x48, 0x00, 0x00, 0x00,
  0x04, 0x00, 0x04, 0x00, 0x04, 0x00, 0x00, 0x00, 0x37, 0x00, 0x00, 0x00,
  0x6d, 0x6f, 0x64, 0x65, 0x6c, 0x5f, 0x32, 0x31, 0x35, 0x2f, 0x74, 0x66,
  0x2e, 0x6d, 0x61, 0x74, 0x68, 0x2e, 0x72, 0x65, 0x64, 0x75, 0x63, 0x65,
  0x5f, 0x6d, 0x65, 0x61, 0x6e, 0x5f, 0x36, 0x33, 0x2f, 0x4d, 0x65, 0x61,
  0x6e, 0x2f, 0x72, 0x65, 0x64, 0x75, 0x63, 0x74, 0x69, 0x6f, 0x6e, 0x5f,
  0x69, 0x6e, 0x64, 0x69, 0x63, 0x65, 0x73, 0x00, 0x01, 0x00, 0x00, 0x00,
  0x02, 0x00, 0x00, 0x00, 0x00, 0x00, 0x16, 0x00, 0x1c, 0x00, 0x18, 0x00,
  0x17, 0x00, 0x10, 0x00, 0x0c, 0x00, 0x08, 0x00, 0x00, 0x00, 0x00, 0x00,
  0x00, 0x00, 0x07, 0x00, 0x16, 0x00, 0x00, 0x00, 0x00, 0x00, 0x00, 0x01,
  0x20, 0x00, 0x00, 0x00, 0x40, 0x00, 0x00, 0x00, 0x01, 0x00, 0x00, 0x00,
  0x00, 0x00, 0x00, 0x09, 0x50, 0x00, 0x00, 0x00, 0x0c, 0x00, 0x0c, 0x00,
  0x00, 0x00, 0x00, 0x00, 0x08, 0x00, 0x04, 0x00, 0x0c, 0x00, 0x00, 0x00,
  0x08, 0x00, 0x00, 0x00, 0x14, 0x00, 0x00, 0x00, 0x01, 0x00, 0x00, 0x00,
  0xf1, 0xff, 0xff, 0xff, 0xff, 0xff, 0xff, 0xff, 0x00, 0x00, 0x00, 0x00,
  0x01, 0x00, 0x00, 0x00, 0x9e, 0x8d, 0xf5, 0x3f, 0x17, 0x00, 0x00, 0x00,
  0x73, 0x65, 0x72, 0x76, 0x69, 0x6e, 0x67, 0x5f, 0x64, 0x65, 0x66, 0x61,
  0x75, 0x6c, 0x74, 0x5f, 0x69, 0x6e, 0x70, 0x75, 0x74, 0x3a, 0x30, 0x00,
  0x04, 0x00, 0x00, 0x00, 0x01, 0x00, 0x00, 0x00, 0x05, 0x00, 0x00, 0x00,
  0x01, 0x00, 0x00, 0x00, 0x09, 0x00, 0x00, 0x00, 0x06, 0x00, 0x00, 0x00,
  0x80, 0x00, 0x00, 0x00, 0x60, 0x00, 0x00, 0x00, 0x54, 0x00, 0x00, 0x00,
  0x38, 0x00, 0x00, 0x00, 0x18, 0x00, 0x00, 0x00, 0x04, 0x00, 0x00, 0x00,
  0xa4, 0xff, 0xff, 0xff, 0x19, 0x00, 0x00, 0x00, 0x02, 0x00, 0x00, 0x00,
  0x00, 0x00, 0x00, 0x19, 0xb4, 0xff, 0xff, 0xff, 0x09, 0x00, 0x00, 0x00,
  0x04, 0x00, 0x00, 0x00, 0x00, 0x00, 0x00, 0x09, 0x0c, 0x00, 0x0e, 0x00,
  0x0d, 0x00, 0x00, 0x00, 0x08, 0x00, 0x04, 0x00, 0x0c, 0x00, 0x00, 0x00,
  0x28, 0x00, 0x00, 0x00, 0x02, 0x00, 0x00, 0x00, 0x00, 0x28, 0x0a, 0x00,
  0x08, 0x00, 0x00, 0x00, 0x00, 0x00, 0x04, 0x00, 0x0a, 0x00, 0x00, 0x00,
  0x02, 0x00, 0x00, 0x00, 0xf0, 0xff, 0xff, 0xff, 0x12, 0x00, 0x00, 0x00,
  0x02, 0x00, 0x00, 0x00, 0x00, 0x00, 0x00, 0x12, 0x0c, 0x00, 0x10, 0x00,
  0x0f, 0x00, 0x00, 0x00, 0x08, 0x00, 0x04, 0x00, 0x0c, 0x00, 0x00, 0x00,
  0x03, 0x00, 0x00, 0x00, 0x03, 0x00, 0x00, 0x00, 0x00, 0x00, 0x00, 0x03
};
unsigned int tflite_models_torch_conv_7_5_ON_int8_tflite_len = 18960;
