unsigned char tflite_models_torch_conv_8_15_ON_int8_tflite[] = {
  0x1c, 0x00, 0x00, 0x00, 0x54, 0x46, 0x4c, 0x33, 0x14, 0x00, 0x20, 0x00,
  0x1c, 0x00, 0x18, 0x00, 0x14, 0x00, 0x10, 0x00, 0x0c, 0x00, 0x00, 0x00,
  0x08, 0x00, 0x04, 0x00, 0x14, 0x00, 0x00, 0x00, 0x1c, 0x00, 0x00, 0x00,
  0x8c, 0x00, 0x00, 0x00, 0xe4, 0x00, 0x00, 0x00, 0xd8, 0x1e, 0x00, 0x00,
  0xe8, 0x1e, 0x00, 0x00, 0xc4, 0x53, 0x00, 0x00, 0x03, 0x00, 0x00, 0x00,
  0x01, 0x00, 0x00, 0x00, 0x10, 0x00, 0x00, 0x00, 0x00, 0x00, 0x0a, 0x00,
  0x10, 0x00, 0x0c, 0x00, 0x08, 0x00, 0x04, 0x00, 0x0a, 0x00, 0x00, 0x00,
  0x0c, 0x00, 0x00, 0x00, 0x1c, 0x00, 0x00, 0x00, 0x38, 0x00, 0x00, 0x00,
  0x0f, 0x00, 0x00, 0x00, 0x73, 0x65, 0x72, 0x76, 0x69, 0x6e, 0x67, 0x5f,
  0x64, 0x65, 0x66, 0x61, 0x75, 0x6c, 0x74, 0x00, 0x01, 0x00, 0x00, 0x00,
  0x04, 0x00, 0x00, 0x00, 0x9c, 0xff, 0xff, 0xff, 0x3f, 0x00, 0x00, 0x00,
  0x04, 0x00, 0x00, 0x00, 0x06, 0x00, 0x00, 0x00, 0x6f, 0x75, 0x74, 0x70,
  0x75, 0x74, 0x00, 0x00, 0x01, 0x00, 0x00, 0x00, 0x04, 0x00, 0x00, 0x00,
  0xba, 0xe0, 0xff, 0xff, 0x04, 0x00, 0x00, 0x00, 0x05, 0x00, 0x00, 0x00,
  0x69, 0x6e, 0x70, 0x75, 0x74, 0x00, 0x00, 0x00, 0x02, 0x00, 0x00, 0x00,
  0x34, 0x00, 0x00, 0x00, 0x04, 0x00, 0x00, 0x00, 0xdc, 0xff, 0xff, 0xff,
  0x42, 0x00, 0x00, 0x00, 0x04, 0x00, 0x00, 0x00, 0x13, 0x00, 0x00, 0x00,
  0x43, 0x4f, 0x4e, 0x56, 0x45, 0x52, 0x53, 0x49, 0x4f, 0x4e, 0x5f, 0x4d,
  0x45, 0x54, 0x41, 0x44, 0x41, 0x54, 0x41, 0x00, 0x08, 0x00, 0x0c, 0x00,
  0x08, 0x00, 0x04, 0x00, 0x08, 0x00, 0x00, 0x00, 0x41, 0x00, 0x00, 0x00,
  0x04, 0x00, 0x00, 0x00, 0x13, 0x00, 0x00, 0x00, 0x6d, 0x69, 0x6e, 0x5f,
  0x72, 0x75, 0x6e, 0x74, 0x69, 0x6d, 0x65, 0x5f, 0x76, 0x65, 0x72, 0x73,
  0x69, 0x6f, 0x6e, 0x00, 0x43, 0x00, 0x00, 0x00, 0xf0, 0x1d, 0x00, 0x00,
  0xe8, 0x1d, 0x00, 0x00, 0xd0, 0x1d, 0x00, 0x00, 0xa4, 0x1d, 0x00, 0x00,
  0x24, 0x1d, 0x00, 0x00, 0x04, 0x1d, 0x00, 0x00, 0xe4, 0x1c, 0x00, 0x00,
  0x94, 0x1c, 0x00, 0x00, 0x84, 0x19, 0x00, 0x00, 0x64, 0x19, 0x00, 0x00,
  0x44, 0x19, 0x00, 0x00, 0xf4, 0x18, 0x00, 0x00, 0xe4, 0x15, 0x00, 0x00,
  0xc4, 0x15, 0x00, 0x00, 0xa4, 0x15, 0x00, 0x00, 0x54, 0x15, 0x00, 0x00,
  0x44, 0x12, 0x00, 0x00, 0x24, 0x12, 0x00, 0x00, 0x04, 0x12, 0x00, 0x00,
  0xb4, 0x11, 0x00, 0x00, 0xa4, 0x0e, 0x00, 0x00, 0x84, 0x0e, 0x00, 0x00,
  0x64, 0x0e, 0x00, 0x00, 0x14, 0x0e, 0x00, 0x00, 0x04, 0x0b, 0x00, 0x00,
  0xe4, 0x0a, 0x00, 0x00, 0xc4, 0x0a, 0x00, 0x00, 0x74, 0x0a, 0x00, 0x00,
  0x64, 0x07, 0x00, 0x00, 0x44, 0x07, 0x00, 0x00, 0x24, 0x07, 0x00, 0x00,
  0xd4, 0x06, 0x00, 0x00, 0xc4, 0x03, 0x00, 0x00, 0xa4, 0x03, 0x00, 0x00,
  0x84, 0x03, 0x00, 0x00, 0x34, 0x03, 0x00, 0x00, 0x74, 0x01, 0x00, 0x00,
  0x6c, 0x01, 0x00, 0x00, 0x64, 0x01, 0x00, 0x00, 0x5c, 0x01, 0x00, 0x00,
  0x54, 0x01, 0x00, 0x00, 0x4c, 0x01, 0x00, 0x00, 0x44, 0x01, 0x00, 0x00,
  0x3c, 0x01, 0x00, 0x00, 0x34, 0x01, 0x00, 0x00, 0x2c, 0x01, 0x00, 0x00,
  0x24, 0x01, 0x00, 0x00, 0x1c, 0x01, 0x00, 0x00, 0x14, 0x01, 0x00, 0x00,
  0x0c, 0x01, 0x00, 0x00, 0x04, 0x01, 0x00, 0x00, 0xfc, 0x00, 0x00, 0x00,
  0xf4, 0x00, 0x00, 0x00, 0xec, 0x00, 0x00, 0x00, 0xe4, 0x00, 0x00, 0x00,
  0xdc, 0x00, 0x00, 0x00, 0xd4, 0x00, 0x00, 0x00, 0xcc, 0x00, 0x00, 0x00,
  0xc4, 0x00, 0x00, 0x00, 0xbc, 0x00, 0x00, 0x00, 0xb4, 0x00, 0x00, 0x00,
  0xac, 0x00, 0x00, 0x00, 0xa4, 0x00, 0x00, 0x00, 0x9c, 0x00, 0x00, 0x00,
  0x94, 0x00, 0x00, 0x00, 0x74, 0x00, 0x00, 0x00, 0x04, 0x00, 0x00, 0x00,
  0x3a, 0xe2, 0xff, 0xff, 0x04, 0x00, 0x00, 0x00, 0x60, 0x00, 0x00, 0x00,
  0x0c, 0x00, 0x00, 0x00, 0x08, 0x00, 0x0e, 0x00, 0x08, 0x00, 0x04, 0x00,
  0x08, 0x00, 0x00, 0x00, 0x10, 0x00, 0x00, 0x00, 0x28, 0x00, 0x00, 0x00,
  0x00, 0x00, 0x06, 0x00, 0x08, 0x00, 0x04, 0x00, 0x06, 0x00, 0x00, 0x00,
  0x04, 0x00, 0x00, 0x00, 0x01, 0x00, 0x00, 0x00, 0xeb, 0x03, 0x00, 0x00,
  0x0c, 0x00, 0x18, 0x00, 0x14, 0x00, 0x10, 0x00, 0x0c, 0x00, 0x04, 0x00,
  0x0c, 0x00, 0x00, 0x00, 0x53, 0x7d, 0x07, 0xe0, 0xcc, 0xc5, 0xe4, 0xbb,
  0x01, 0x00, 0x00, 0x00, 0x02, 0x00, 0x00, 0x00, 0x04, 0x00, 0x00, 0x00,
  0x06, 0x00, 0x00, 0x00, 0x32, 0x2e, 0x32, 0x31, 0x2e, 0x30, 0x00, 0x00,
  0xa6, 0xe2, 0xff, 0xff, 0x04, 0x00, 0x00, 0x00, 0x10, 0x00, 0x00, 0x00,
  0x31, 0x2e, 0x31, 0x34, 0x2e, 0x30, 0x00, 0x00, 0x00, 0x00, 0x00, 0x00,
  0x00, 0x00, 0x00, 0x00, 0x88, 0xaf, 0xff, 0xff, 0x8c, 0xaf, 0xff, 0xff,
  0x90, 0xaf, 0xff, 0xff, 0x94, 0xaf, 0xff, 0xff, 0x98, 0xaf, 0xff, 0xff,
  0x9c, 0xaf, 0xff, 0xff, 0xa0, 0xaf, 0xff, 0xff, 0xa4, 0xaf, 0xff, 0xff,
  0xa8, 0xaf, 0xff, 0xff, 0xac, 0xaf, 0xff, 0xff, 0xb0, 0xaf, 0xff, 0xff,
  0xb4, 0xaf, 0xff, 0xff, 0xb8, 0xaf, 0xff, 0xff, 0xbc, 0xaf, 0xff, 0xff,
  0xc0, 0xaf, 0xff, 0xff, 0xc4, 0xaf, 0xff, 0xff, 0xc8, 0xaf, 0xff, 0xff,
  0xcc, 0xaf, 0xff, 0xff, 0xd0, 0xaf, 0xff, 0xff, 0xd4, 0xaf, 0xff, 0xff,
  0xd8, 0xaf, 0xff, 0xff, 0xdc, 0xaf, 0xff, 0xff, 0xe0, 0xaf, 0xff, 0xff,
  0xe4, 0xaf, 0xff, 0xff, 0xe8, 0xaf, 0xff, 0xff, 0xec, 0xaf, 0xff, 0xff,
  0xf0, 0xaf, 0xff, 0xff, 0xf4, 0xaf, 0xff, 0xff, 0x32, 0xe3, 0xff, 0xff,
  0x04, 0x00, 0x00, 0x00, 0xb0, 0x01, 0x00, 0x00, 0x81, 0xe1, 0x11, 0x20,
  0xec, 0xad, 0x9b, 0x26, 0xb5, 0xb1, 0xc0, 0xa8, 0x3a, 0x9d, 0x39, 0x49,
  0x86, 0xf6, 0x09, 0x68, 0x69, 0x55, 0x09, 0xa5, 0x49, 0x6c, 0x5e, 0x61,
  0x17, 0x4b, 0x37, 0x5e, 0xfd, 0x19, 0xfb, 0xe0, 0x0a, 0x9b, 0x31, 0x7f,
  0x29, 0xe1, 0x1e, 0x4c, 0x93, 0xb0, 0x2f, 0xc2, 0x63, 0x02, 0xa7, 0x0f,
  0x15, 0x3d, 0x7a, 0xc8, 0xc2, 0xb7, 0x6a, 0x13, 0x30, 0x58, 0xea, 0x70,
  0x88, 0x5b, 0x3d, 0x45, 0xcd, 0x0b, 0x7f, 0x41, 0x0b, 0xae, 0x37, 0x59,
  0x35, 0x7b, 0x8f, 0xcc, 0x21, 0x3d, 0x05, 0xa9, 0xaa, 0x3f, 0x4c, 0xfd,
  0x7f, 0xa8, 0xcd, 0xf8, 0x20, 0x02, 0xf0, 0xf5, 0xcf, 0x1e, 0x0f, 0x11,
  0x24, 0x27, 0xb5, 0xa2, 0xed, 0xc3, 0x70, 0xbe, 0xdf, 0x2c, 0xc5, 0x6a,
  0xc3, 0x0f, 0x1a, 0x9e, 0x50, 0xac, 0x36, 0xce, 0x33, 0xfe, 0x07, 0x0e,
  0x16, 0xcb, 0x8f, 0x7f, 0xa8, 0xd6, 0xee, 0x2c, 0x2d, 0xdf, 0x4b, 0x35,
  0xd5, 0x56, 0x8a, 0x7f, 0xa7, 0xfe, 0xb1, 0x23, 0x5c, 0x5e, 0xf8, 0x36,
  0xdb, 0x7a, 0x20, 0x32, 0x90, 0xd4, 0x81, 0x13, 0xbf, 0x58, 0x97, 0xbd,
  0x51, 0xf4, 0xe4, 0x7f, 0xb2, 0x4d, 0x43, 0x12, 0x3d, 0x39, 0xba, 0x52,
  0x72, 0xf0, 0xf7, 0xd4, 0x67, 0x21, 0x07, 0x41, 0x29, 0x5b, 0xaf, 0xa7,
  0xc4, 0xfc, 0x7b, 0xda, 0x46, 0x18, 0x0b, 0xf5, 0xaf, 0xa7, 0x4e, 0x55,
  0x81, 0x37, 0x1b, 0x61, 0x4a, 0x66, 0xd6, 0xb5, 0xb3, 0x03, 0xad, 0x63,
  0xfe, 0x3c, 0xf7, 0x1c, 0xc7, 0xbf, 0x31, 0x3f, 0x81, 0x27, 0xc2, 0xfa,
  0x23, 0xc0, 0x40, 0x7a, 0x65, 0x2e, 0xa1, 0x68, 0xa1, 0x6f, 0x5e, 0xc3,
  0x4c, 0xad, 0x4e, 0xf0, 0xc0, 0x40, 0xbd, 0x2b, 0xa0, 0x79, 0xc9, 0x44,
  0x0a, 0xae, 0xf1, 0x2c, 0x1b, 0xb2, 0x03, 0x4a, 0x81, 0xf2, 0x9b, 0x66,
  0x3b, 0x2c, 0xe9, 0x8b, 0x60, 0x8d, 0xfb, 0x39, 0xa7, 0xb9, 0xed, 0x3f,
  0x3f, 0xf6, 0xdd, 0xc4, 0x5d, 0x4e, 0x08, 0x7b, 0xc7, 0xf5, 0xf4, 0x40,
  0x07, 0xf6, 0x85, 0x4c, 0x1a, 0x81, 0x02, 0x91, 0xcc, 0x39, 0xd5, 0x21,
  0x8a, 0x76, 0x8b, 0x11, 0x34, 0x26, 0xee, 0x6b, 0xfb, 0x07, 0x44, 0x7f,
  0xf2, 0xbc, 0xcd, 0x05, 0x1d, 0xc8, 0xdc, 0xd1, 0x71, 0x0e, 0xc7, 0xdf,
  0xb2, 0xae, 0x72, 0x58, 0x15, 0x4b, 0x44, 0xb8, 0xc3, 0x8d, 0xdf, 0x64,
  0x3c, 0x36, 0x4c, 0x35, 0x45, 0x02, 0x97, 0x45, 0x4d, 0x25, 0x51, 0x2d,
  0x61, 0xba, 0x32, 0xc3, 0x96, 0xc2, 0x7d, 0x57, 0x7f, 0x22, 0xf4, 0xf1,
  0xa9, 0x19, 0xaa, 0x73, 0x81, 0x17, 0xa2, 0xde, 0x5c, 0xf2, 0x36, 0x10,
  0xd5, 0xd6, 0x4b, 0x34, 0x39, 0xb6, 0x61, 0x4b, 0xae, 0x34, 0xf5, 0xb3,
  0xfa, 0x35, 0xc3, 0xd1, 0xca, 0x04, 0x30, 0x41, 0xe0, 0xec, 0x40, 0x71,
  0xc5, 0x94, 0x3d, 0x62, 0x1a, 0xc4, 0x41, 0x71, 0xb9, 0xa4, 0xfc, 0xe3,
  0x5a, 0xab, 0x7f, 0x31, 0x45, 0x01, 0xc4, 0x08, 0xdb, 0xc5, 0x19, 0x7f,
  0x3c, 0x2f, 0xd4, 0x93, 0x63, 0x27, 0xfc, 0x32, 0xb4, 0x49, 0x32, 0xa9,
  0xb2, 0xe0, 0x35, 0xdf, 0xa8, 0x72, 0xef, 0x27, 0xee, 0xe4, 0xff, 0xff,
  0x04, 0x00, 0x00, 0x00, 0x40, 0x00, 0x00, 0x00, 0xc7, 0xff, 0xff, 0xff,
  0x0d, 0x00, 0x00, 0x00, 0x44, 0x00, 0x00, 0x00, 0xfa, 0xff, 0xff, 0xff,
  0x38, 0x00, 0x00, 0x00, 0x27, 0x00, 0x00, 0x00, 0x2a, 0x00, 0x00, 0x00,
  0xdf, 0xff, 0xff, 0xff, 0xfd, 0xff, 0xff, 0xff, 0x29, 0x00, 0x00, 0x00,
  0x1a, 0x00, 0x00, 0x00, 0x28, 0x00, 0x00, 0x00, 0xf8, 0xff, 0xff, 0xff,
  0x12, 0x00, 0x00, 0x00, 0x23, 0x00, 0x00, 0x00, 0x35, 0x00, 0x00, 0x00,
  0x3a, 0xe5, 0xff, 0xff, 0x04, 0x00, 0x00, 0x00, 0x10, 0x00, 0x00, 0x00,
  0xd1, 0x29, 0xb5, 0x7f, 0xb2, 0xeb, 0xae, 0xc7, 0x41, 0xc9, 0x68, 0xeb,
  0xc1, 0xd8, 0xbd, 0xbd, 0x56, 0xe5, 0xff, 0xff, 0x04, 0x00, 0x00, 0x00,
  0x10, 0x00, 0x00, 0x00, 0x96, 0xaf, 0xa5, 0x93, 0xab, 0xb2, 0xc3, 0xc3,
  0x94, 0xb3, 0x8e, 0xac, 0xa4, 0xc0, 0xbd, 0x80, 0x72, 0xe5, 0xff, 0xff,
  0x04, 0x00, 0x00, 0x00, 0x00, 0x03, 0x00, 0x00, 0x12, 0x3b, 0xec, 0x49,
  0xf4, 0x0d, 0xfd, 0xd0, 0xfe, 0x44, 0x7a, 0x25, 0xef, 0xed, 0x09, 0x81,
  0x39, 0xb7, 0x85, 0x33, 0xb6, 0x15, 0x90, 0xd7, 0x53, 0xa9, 0xc1, 0x31,
  0xad, 0x2a, 0x0e, 0xc9, 0x8d, 0xc7, 0xc9, 0x98, 0xb1, 0x23, 0xeb, 0x27,
  0x8e, 0x6d, 0x37, 0xd1, 0x2f, 0xd9, 0x45, 0xd7, 0xa0, 0x8d, 0x68, 0x81,
  0x2b, 0x95, 0xad, 0x61, 0xc9, 0x5f, 0x1f, 0x33, 0xff, 0x22, 0x16, 0x01,
  0xa3, 0x74, 0xe8, 0xde, 0x96, 0x71, 0x2c, 0x4f, 0xd6, 0x08, 0xeb, 0xe1,
  0x14, 0x3f, 0xff, 0x6e, 0xd7, 0x97, 0x23, 0xc8, 0x06, 0x99, 0x5a, 0xdb,
  0xb3, 0x2e, 0xd7, 0x9e, 0x3b, 0x56, 0x2e, 0x22, 0x61, 0xad, 0xc0, 0x58,
  0x48, 0x93, 0x3a, 0x44, 0x5b, 0x62, 0x59, 0xd9, 0x35, 0xc5, 0xf4, 0xc6,
  0x0d, 0xee, 0x9f, 0xc1, 0x14, 0x09, 0x29, 0xee, 0xe3, 0xe1, 0xce, 0x9c,
  0x81, 0xae, 0xbe, 0x95, 0x57, 0x0e, 0x10, 0x6d, 0xad, 0x6a, 0xaf, 0xd5,
  0x07, 0xb5, 0xdd, 0xdd, 0x31, 0xdc, 0x20, 0x07, 0x63, 0x32, 0x10, 0xd9,
  0x87, 0xb5, 0x7f, 0x19, 0x9c, 0x9f, 0xa4, 0x0e, 0x0d, 0x75, 0x0c, 0x41,
  0x90, 0xc9, 0xee, 0xaf, 0x17, 0xa9, 0x25, 0x50, 0x11, 0xa0, 0x66, 0xbd,
  0xf7, 0x9a, 0xd8, 0x1b, 0x4a, 0xc5, 0xc8, 0x0b, 0x75, 0xa7, 0x2f, 0x7e,
  0xfb, 0x67, 0xab, 0x16, 0xc1, 0x06, 0xe9, 0xd6, 0x98, 0x31, 0xde, 0x4c,
  0xf5, 0xfd, 0xf3, 0xcf, 0xf3, 0x7a, 0x49, 0xfb, 0x57, 0x5c, 0x3f, 0xa9,
  0x76, 0x19, 0xac, 0x2e, 0xcb, 0xc5, 0x27, 0x28, 0x00, 0x1e, 0x12, 0x8f,
  0x0b, 0x02, 0x40, 0x51, 0xb0, 0x40, 0xc9, 0xb0, 0xcc, 0xe0, 0x11, 0xe4,
  0x4c, 0x5f, 0xb0, 0x7f, 0x18, 0xff, 0x5f, 0xd0, 0x31, 0x2d, 0xe6, 0x56,
  0xe9, 0xda, 0xe5, 0xb6, 0xa6, 0xbd, 0x4b, 0xe2, 0xdd, 0x1f, 0x49, 0x03,
  0xbe, 0x0e, 0xfd, 0x32, 0x13, 0xe5, 0x7f, 0xc9, 0xeb, 0xc8, 0x58, 0xd8,
  0x05, 0x6b, 0xfe, 0xe5, 0x55, 0x48, 0x1f, 0x10, 0x2e, 0x53, 0x3c, 0xfa,
  0x20, 0x43, 0xbd, 0xf1, 0xdd, 0x07, 0x2b, 0xe1, 0x9c, 0x91, 0xc2, 0x70,
  0x7e, 0xd4, 0xfa, 0x81, 0x53, 0x04, 0xd1, 0x07, 0x5f, 0x2f, 0x88, 0xd7,
  0x93, 0x12, 0x66, 0x0b, 0xf0, 0x33, 0x90, 0x5a, 0x08, 0x19, 0x35, 0x5a,
  0x1d, 0x11, 0xb1, 0xf6, 0x32, 0xfd, 0x4c, 0xd1, 0x14, 0x5d, 0xc5, 0xcd,
  0x3b, 0x2c, 0x6f, 0x50, 0x3b, 0xd1, 0x22, 0x62, 0x56, 0xaf, 0xa7, 0xeb,
  0x46, 0xe6, 0xb7, 0xe7, 0x50, 0xd5, 0xb1, 0xbc, 0x01, 0xfb, 0x58, 0x04,
  0x18, 0xf6, 0xeb, 0x22, 0xdd, 0x55, 0x3e, 0xca, 0x88, 0xb9, 0x44, 0x7f,
  0x55, 0x05, 0x39, 0xd8, 0xea, 0x39, 0x19, 0xdb, 0x3a, 0xb7, 0xac, 0xe4,
  0x3a, 0xaa, 0x42, 0x5b, 0x52, 0x5c, 0xaa, 0x1e, 0xec, 0x7f, 0x0c, 0x23,
  0x05, 0x99, 0xba, 0x12, 0xe7, 0x2c, 0xdc, 0xf6, 0xbd, 0xbb, 0x44, 0xbf,
  0xcc, 0xb8, 0x24, 0x3e, 0xc3, 0x4f, 0xe8, 0xa1, 0x13, 0xff, 0xd8, 0x4a,
  0xf0, 0x14, 0x18, 0x4d, 0x1a, 0x4a, 0xbf, 0x2f, 0x10, 0xbe, 0xe4, 0xa2,
  0x38, 0xe2, 0xce, 0xcc, 0xcd, 0x1c, 0xcd, 0x2a, 0x1d, 0x43, 0x59, 0x92,
  0xc0, 0xb5, 0x5f, 0x64, 0x52, 0xe8, 0xb1, 0x24, 0xa0, 0xa0, 0x1f, 0x06,
  0x69, 0x65, 0x96, 0x0e, 0xe2, 0x33, 0x71, 0x3c, 0xeb, 0x81, 0xca, 0x0a,
  0x89, 0xc1, 0xed, 0x00, 0x31, 0x91, 0x94, 0x62, 0xa0, 0xf8, 0xba, 0x75,
  0x39, 0x26, 0x4d, 0x41, 0xdd, 0x05, 0x22, 0xca, 0x49, 0xae, 0x40, 0x05,
  0xb8, 0xe5, 0x97, 0x9e, 0xbf, 0x31, 0x32, 0xd3, 0xb0, 0x99, 0x17, 0x08,
  0x81, 0x3f, 0xdb, 0xca, 0xb5, 0xbf, 0x19, 0x53, 0xe9, 0x44, 0x70, 0xe6,
  0x62, 0xa5, 0xaa, 0xde, 0x4d, 0x27, 0x52, 0xf2, 0xac, 0xe2, 0xc6, 0x44,
  0x39, 0xba, 0x7b, 0xbd, 0x25, 0xdb, 0xe0, 0x4c, 0xf5, 0x56, 0x6e, 0x11,
  0x57, 0x77, 0x1b, 0x3a, 0xca, 0x45, 0x12, 0xa6, 0x19, 0x50, 0x08, 0x33,
  0x24, 0x7f, 0xa0, 0x19, 0xcc, 0xea, 0xa3, 0x13, 0x6f, 0x9f, 0x9e, 0xee,
  0x41, 0xfa, 0xce, 0x27, 0xb7, 0x1e, 0xfe, 0x74, 0xfb, 0x53, 0xf7, 0x97,
  0xd3, 0x5f, 0xa0, 0x72, 0xb7, 0x21, 0xd1, 0x6f, 0x8b, 0x36, 0xee, 0x6f,
  0xe7, 0xf6, 0xe3, 0xbf, 0x58, 0xcc, 0xbf, 0xb3, 0xf8, 0xeb, 0xde, 0x9c,
  0x26, 0xc4, 0x51, 0x56, 0x0b, 0x64, 0x0e, 0xe5, 0x79, 0xcf, 0x45, 0x7f,
  0xa6, 0x4e, 0xec, 0x48, 0x62, 0xa5, 0x8d, 0x04, 0xd5, 0x59, 0xaa, 0x93,
  0x62, 0x19, 0xcd, 0xcc, 0x9c, 0x41, 0xab, 0x69, 0xba, 0xa9, 0x22, 0x1a,
  0xc1, 0x0a, 0xc6, 0xbe, 0x7f, 0xbe, 0x71, 0xaa, 0xfe, 0xa2, 0x11, 0xa2,
  0x99, 0xb8, 0xb4, 0xb2, 0x6c, 0x2b, 0x00, 0x36, 0x98, 0xf1, 0xc1, 0x49,
  0x82, 0x3d, 0xff, 0x0e, 0x41, 0xf2, 0x46, 0x1c, 0x73, 0x41, 0x77, 0x17,
  0xc4, 0xb7, 0x23, 0x55, 0x2a, 0xc7, 0x08, 0xbd, 0x10, 0x11, 0x3d, 0x7f,
  0x1e, 0x6e, 0x20, 0xf2, 0x10, 0x87, 0x40, 0xd3, 0x18, 0xe9, 0xdb, 0xb0,
  0xba, 0x0e, 0xa2, 0xb6, 0x3d, 0xc1, 0x04, 0xe8, 0x2a, 0xd9, 0xdf, 0xb4,
  0xe4, 0xf0, 0x9d, 0xf1, 0x14, 0x93, 0x4c, 0x10, 0xa7, 0xc8, 0xbf, 0xdd,
  0x03, 0x70, 0xbb, 0x79, 0x20, 0xd6, 0xb1, 0x1e, 0xa0, 0x31, 0x73, 0xef,
  0x57, 0x76, 0xf3, 0xb1, 0x58, 0xc3, 0x7c, 0x99, 0x8b, 0x05, 0x18, 0x5b,
  0xe8, 0x81, 0xf8, 0x63, 0xd5, 0x9d, 0x12, 0x39, 0xb8, 0x36, 0x43, 0x93,
  0xf5, 0xc9, 0xb7, 0x6c, 0x33, 0x68, 0xfa, 0x7b, 0xf0, 0x98, 0x98, 0xaf,
  0x0b, 0x94, 0xeb, 0x94, 0x58, 0xe8, 0xd8, 0xfd, 0x7e, 0xe8, 0xff, 0xff,
  0x04, 0x00, 0x00, 0x00, 0x40, 0x00, 0x00, 0x00, 0x6d, 0x16, 0x00, 0x00,
  0x9d, 0x08, 0x00, 0x00, 0x46, 0x0d, 0x00, 0x00, 0x33, 0xec, 0xff, 0xff,
  0x1a, 0x0c, 0x00, 0x00, 0x05, 0xe2, 0xff, 0xff, 0x2a, 0x04, 0x00, 0x00,
  0x2a, 0x16, 0x00, 0x00, 0xb1, 0xed, 0xff, 0xff, 0x9b, 0xdb, 0xff, 0xff,
  0x4a, 0xf2, 0xff, 0xff, 0x75, 0x06, 0x00, 0x00, 0x8f, 0xe9, 0xff, 0xff,
  0xc7, 0x01, 0x00, 0x00, 0x3a, 0x03, 0x00, 0x00, 0x0e, 0xfe, 0xff, 0xff,
  0xca, 0xe8, 0xff, 0xff, 0x04, 0x00, 0x00, 0x00, 0x10, 0x00, 0x00, 0x00,
  0x0c, 0xf9, 0xdd, 0xdc, 0xd3, 0x00, 0xc4, 0xde, 0x7f, 0x13, 0x34, 0xc3,
  0x25, 0xff, 0x4a, 0x46, 0xe6, 0xe8, 0xff, 0xff, 0x04, 0x00, 0x00, 0x00,
  0x10, 0x00, 0x00, 0x00, 0x80, 0xda, 0xa9, 0x07, 0xed, 0x20, 0x02, 0xf6,
  0x0d, 0x2d, 0xe3, 0x0e, 0x09, 0xbb, 0xb0, 0xe3, 0x02, 0xe9, 0xff, 0xff,
  0x04, 0x00, 0x00, 0x00, 0x00, 0x03, 0x00, 0x00, 0xb7, 0x3b, 0x5e, 0x01,
  0xb6, 0x3f, 0xcd, 0x67, 0x42, 0x32, 0xed, 0x26, 0x20, 0x5a, 0xa8, 0x52,
  0x05, 0xb2, 0x2b, 0xe4, 0x1c, 0xef, 0x5d, 0x2e, 0x3a, 0xf1, 0xf1, 0x52,
  0xe2, 0x43, 0x17, 0xac, 0xbf, 0xa5, 0xa0, 0x98, 0x0b, 0x41, 0x7f, 0xf2,
  0x38, 0xfb, 0x05, 0xfe, 0xea, 0xab, 0x0c, 0x54, 0xa8, 0x3e, 0x2f, 0x4b,
  0xd4, 0xed, 0xbf, 0x62, 0x32, 0x51, 0x97, 0xf3, 0x55, 0x32, 0x33, 0xb2,
  0xb0, 0xed, 0x04, 0x36, 0x6d, 0x12, 0x4b, 0x58, 0x38, 0xaf, 0x08, 0x2c,
  0x44, 0x1a, 0xda, 0x81, 0x43, 0xb4, 0xc7, 0x10, 0x06, 0xa9, 0x5e, 0x0a,
  0xf3, 0xc9, 0x10, 0xcb, 0xdf, 0x28, 0xed, 0xae, 0xdb, 0xe9, 0x34, 0xd8,
  0x2c, 0x0c, 0xbf, 0x97, 0x03, 0x5e, 0x7f, 0x03, 0x1e, 0x75, 0x56, 0xe2,
  0x39, 0xbc, 0xe8, 0xdb, 0x4f, 0xb3, 0x04, 0xa0, 0x23, 0xce, 0x40, 0xd8,
  0x70, 0x03, 0x36, 0x0b, 0x70, 0x40, 0xcc, 0xc7, 0xff, 0x75, 0x4d, 0x46,
  0xcd, 0xf1, 0x2d, 0x68, 0x62, 0x05, 0x75, 0x4c, 0x46, 0x00, 0x19, 0x3a,
  0xef, 0xb0, 0x13, 0x29, 0x59, 0x57, 0x17, 0x7b, 0xcf, 0x15, 0x8f, 0x71,
  0x46, 0xe2, 0x32, 0x1e, 0x84, 0x7d, 0xa2, 0xdc, 0xc4, 0x6f, 0xba, 0xd9,
  0x11, 0x18, 0x88, 0xc2, 0x2b, 0xe3, 0xbe, 0x39, 0xb2, 0x11, 0x3f, 0xe5,
  0xc5, 0x2b, 0xcf, 0x43, 0x87, 0x64, 0x19, 0x7f, 0xb0, 0xba, 0x25, 0x32,
  0x3d, 0x72, 0x9c, 0xa4, 0xf6, 0xb1, 0x29, 0x31, 0x13, 0xe3, 0x55, 0x75,
  0xbd, 0xab, 0x5d, 0xc3, 0xf9, 0x35, 0x0a, 0x81, 0x6a, 0xd9, 0xbb, 0x5f,
  0xeb, 0xa8, 0x4d, 0x62, 0x19, 0xaa, 0xa9, 0x0c, 0x39, 0x98, 0x58, 0x52,
  0xae, 0x36, 0xb4, 0xce, 0x47, 0x3b, 0x84, 0xca, 0x38, 0xeb, 0x34, 0xa0,
  0xa2, 0x2e, 0xe6, 0x95, 0xee, 0xff, 0x07, 0x5e, 0xff, 0x9f, 0x75, 0x2f,
  0x6e, 0x2a, 0x68, 0x50, 0x1f, 0x81, 0x7a, 0x65, 0x73, 0xa3, 0x60, 0x0d,
  0x50, 0x63, 0xd3, 0x16, 0x89, 0x2f, 0xb2, 0x98, 0x03, 0x48, 0x3b, 0x02,
  0xc4, 0x4a, 0x2b, 0xb6, 0x69, 0x14, 0x62, 0xc9, 0xcb, 0xbe, 0x06, 0x21,
  0xb1, 0xf7, 0xe8, 0x19, 0x02, 0xeb, 0x42, 0x6d, 0x27, 0x1d, 0xf9, 0xec,
  0x59, 0x92, 0xd5, 0xd5, 0xad, 0x4b, 0xa2, 0xde, 0x4e, 0x0b, 0x25, 0xd8,
  0xdc, 0x3f, 0x07, 0x62, 0xdf, 0x81, 0xa7, 0x97, 0xf3, 0x2c, 0x37, 0xc5,
  0x0b, 0x14, 0x22, 0x08, 0x01, 0xdb, 0x40, 0xed, 0xbb, 0x28, 0xdb, 0xf9,
  0xd8, 0x8c, 0xa4, 0x5b, 0x81, 0xae, 0x28, 0xbb, 0xc5, 0x96, 0x51, 0x16,
  0xf0, 0xcb, 0x1e, 0xa1, 0xe1, 0xc4, 0x0d, 0x47, 0x62, 0x37, 0xa7, 0x0a,
  0x59, 0xce, 0x51, 0xff, 0xc7, 0x58, 0x8f, 0x2e, 0xb0, 0xc4, 0xd2, 0x74,
  0xc3, 0x0a, 0x26, 0x0e, 0x14, 0xac, 0xb1, 0xfb, 0xb9, 0x27, 0xc3, 0xd0,
  0xab, 0xa4, 0xd4, 0xb9, 0xd1, 0x64, 0xae, 0x1a, 0x0f, 0xc9, 0x4e, 0xf2,
  0xd9, 0xf1, 0x5a, 0xa4, 0x40, 0x08, 0xe8, 0x12, 0x7f, 0x22, 0x3c, 0x28,
  0x57, 0x35, 0x1c, 0x69, 0x2f, 0x3a, 0x3c, 0x2d, 0x01, 0x44, 0x1a, 0x2d,
  0x03, 0x64, 0xbf, 0xab, 0x01, 0xf2, 0x5f, 0x04, 0x99, 0xe4, 0x18, 0x10,
  0xf3, 0xf2, 0xd0, 0x1e, 0x51, 0xc0, 0xc1, 0xa0, 0x2e, 0x55, 0x20, 0x9c,
  0x4c, 0x06, 0x29, 0xa1, 0x28, 0xf8, 0x8c, 0x36, 0x06, 0xbb, 0xb0, 0xa8,
  0x30, 0x49, 0xf2, 0xf7, 0x4d, 0x08, 0x8d, 0x2b, 0x6c, 0x20, 0x0a, 0x06,
  0x81, 0xb8, 0x0c, 0xbd, 0x42, 0xeb, 0x86, 0x46, 0xfe, 0xde, 0xbc, 0x7f,
  0x64, 0x0f, 0xf3, 0xdd, 0xe2, 0xba, 0x63, 0x93, 0xd7, 0x55, 0xd4, 0x58,
  0xea, 0x93, 0x4f, 0xcb, 0x15, 0x1f, 0x21, 0xd3, 0x3c, 0x29, 0x47, 0x2c,
  0x6a, 0x13, 0xa1, 0x75, 0x2f, 0xe0, 0xae, 0xfa, 0x45, 0xb2, 0xc4, 0xc9,
  0xc7, 0x9e, 0xe6, 0x1e, 0x71, 0xd5, 0x55, 0x5f, 0xa0, 0x4d, 0x40, 0x40,
  0x17, 0xaf, 0x39, 0x9d, 0xc1, 0xdb, 0x0f, 0xc5, 0xb6, 0x13, 0x27, 0x6e,
  0xa0, 0x2c, 0xa6, 0xfb, 0x0a, 0x6c, 0x62, 0xcb, 0xf4, 0x05, 0xce, 0xe6,
  0xf7, 0xd0, 0x62, 0x5a, 0x4f, 0xd5, 0xe6, 0x65, 0x2c, 0xb1, 0x4a, 0x71,
  0x7f, 0xaa, 0xb9, 0xad, 0x43, 0x18, 0x60, 0xc4, 0xca, 0xe7, 0xae, 0x99,
  0xce, 0x9a, 0xd5, 0x2a, 0x50, 0xe6, 0x26, 0xb9, 0x50, 0x1d, 0xbc, 0xaf,
  0xd3, 0x69, 0x16, 0x5d, 0x93, 0x31, 0x2e, 0x4b, 0x15, 0x14, 0xa9, 0x7b,
  0xcb, 0xb1, 0x30, 0xc0, 0x14, 0xfd, 0x9a, 0xb5, 0xb8, 0x63, 0xd1, 0xa5,
  0x81, 0xef, 0xeb, 0xfc, 0x64, 0xc5, 0x2b, 0xe8, 0x5a, 0x17, 0xe7, 0x36,
  0xb6, 0xdf, 0xde, 0xdd, 0x5f, 0xad, 0xf8, 0xfa, 0xc7, 0x4d, 0x2b, 0x5d,
  0x16, 0xd5, 0x6b, 0xf5, 0xdb, 0x39, 0xf6, 0xc7, 0xb2, 0xe1, 0xc9, 0x02,
  0x2e, 0x1c, 0xfb, 0x3e, 0x42, 0x32, 0x60, 0x87, 0x63, 0xcd, 0x61, 0xda,
  0x18, 0x2f, 0x03, 0x6e, 0x7f, 0x37, 0x64, 0x7d, 0xad, 0x69, 0x44, 0x67,
  0xea, 0x43, 0xee, 0x58, 0xd4, 0xf7, 0x2c, 0x0e, 0x2e, 0x17, 0xc7, 0xaf,
  0x03, 0xaa, 0xda, 0xca, 0x81, 0x58, 0x16, 0x5a, 0x75, 0x5b, 0xf3, 0x45,
  0x18, 0x91, 0x0b, 0xbb, 0x4f, 0x35, 0xc8, 0x08, 0xd4, 0x39, 0xf1, 0xbd,
  0xcc, 0xfc, 0x8c, 0xef, 0xbb, 0x51, 0x53, 0x16, 0x7f, 0xf2, 0x28, 0xd1,
  0x10, 0x35, 0x04, 0xf1, 0xfe, 0xaa, 0x9e, 0xc2, 0xef, 0x3d, 0x2a, 0xf4,
  0x93, 0xf0, 0x3a, 0x5c, 0x66, 0x0c, 0x0c, 0xb2, 0x12, 0x43, 0xb1, 0xe3,
  0x76, 0xb8, 0xff, 0x1f, 0x2a, 0xa1, 0xed, 0x63, 0x34, 0xdd, 0x3c, 0x17,
  0x37, 0xb9, 0x38, 0x97, 0xcd, 0x22, 0xf5, 0xd3, 0x0e, 0xec, 0xff, 0xff,
  0x04, 0x00, 0x00, 0x00, 0x40, 0x00, 0x00, 0x00, 0x70, 0xe5, 0xff, 0xff,
  0xea, 0x16, 0x00, 0x00, 0x73, 0xe3, 0xff, 0xff, 0x26, 0x03, 0x00, 0x00,
  0x0e, 0xee, 0xff, 0xff, 0x9a, 0x13, 0x00, 0x00, 0xc1, 0xf3, 0xff, 0xff,
  0x6a, 0x1c, 0x00, 0x00, 0x30, 0xe7, 0xff, 0xff, 0x07, 0x10, 0x00, 0x00,
  0xd0, 0xed, 0xff, 0xff, 0x79, 0xff, 0xff, 0xff, 0x34, 0x0d, 0x00, 0x00,
  0xf1, 0xee, 0xff, 0xff, 0xee, 0x04, 0x00, 0x00, 0x8a, 0xe8, 0xff, 0xff,
  0x5a, 0xec, 0xff, 0xff, 0x04, 0x00, 0x00, 0x00, 0x10, 0x00, 0x00, 0x00,
  0x17, 0xf9, 0x35, 0xf4, 0x38, 0x04, 0x4a, 0x0a, 0x35, 0x56, 0x41, 0x2b,
  0x14, 0x14, 0x1b, 0x7f, 0x76, 0xec, 0xff, 0xff, 0x04, 0x00, 0x00, 0x00,
  0x10, 0x00, 0x00, 0x00, 0xfd, 0xb0, 0xe7, 0xf5, 0xe7, 0xd5, 0xce, 0x80,
  0xe6, 0xaf, 0xe9, 0xfc, 0xc3, 0xec, 0xcc, 0xd4, 0x92, 0xec, 0xff, 0xff,
  0x04, 0x00, 0x00, 0x00, 0x00, 0x03, 0x00, 0x00, 0xd6, 0xa5, 0x65, 0x55,
  0x46, 0x91, 0x5c, 0x9d, 0x6c, 0xab, 0xe5, 0x44, 0x2e, 0xec, 0xba, 0xd5,
  0xfb, 0x4e, 0x1f, 0x4a, 0x49, 0xf1, 0x03, 0x03, 0x75, 0x17, 0x0a, 0xb3,
  0x63, 0x42, 0xa6, 0x9e, 0xa6, 0x14, 0xb3, 0x3a, 0x27, 0xc7, 0x10, 0xb5,
  0x7f, 0xe9, 0xe2, 0x39, 0x10, 0xed, 0xa2, 0x3b, 0x9d, 0x92, 0x00, 0xcc,
  0x18, 0xbb, 0xe3, 0x89, 0x7f, 0x99, 0x08, 0xc9, 0xc6, 0x3c, 0xe9, 0x45,
  0x35, 0x94, 0x7d, 0xa9, 0x15, 0x18, 0x4c, 0xa0, 0x59, 0xdb, 0x43, 0x3a,
  0x33, 0xaa, 0x5d, 0xc0, 0xfc, 0x6b, 0x47, 0x8c, 0x48, 0x32, 0x56, 0x2a,
  0x78, 0x40, 0x26, 0x1d, 0xa2, 0x21, 0x1c, 0x9c, 0x0d, 0x36, 0x52, 0x2c,
  0x00, 0x31, 0x3e, 0xc6, 0xfa, 0xdf, 0x0a, 0xa9, 0xb9, 0x7f, 0x6e, 0xfd,
  0x52, 0x83, 0x69, 0x81, 0x21, 0xcf, 0x9c, 0xce, 0xdf, 0x61, 0xbe, 0x10,
  0x03, 0xe4, 0x94, 0xdb, 0xe0, 0x29, 0x36, 0xc9, 0xa0, 0x53, 0x0c, 0xaa,
  0x56, 0x01, 0x5d, 0xb4, 0x14, 0x15, 0xef, 0xf1, 0x40, 0x12, 0x04, 0xd1,
  0xd9, 0xe9, 0x40, 0x81, 0xea, 0x49, 0xdc, 0xcb, 0x62, 0x26, 0xfd, 0x1b,
  0x33, 0x2d, 0xfb, 0xe4, 0xde, 0xc8, 0xcc, 0x28, 0xf1, 0xa5, 0x2e, 0xe3,
  0xf5, 0x44, 0x9a, 0xf9, 0x0a, 0xb4, 0xe6, 0xcd, 0x39, 0x03, 0xc4, 0x51,
  0xb5, 0x63, 0xc9, 0x2e, 0x2b, 0x27, 0x2f, 0xff, 0xcd, 0x3a, 0x77, 0xd9,
  0x6a, 0x41, 0x61, 0x59, 0xb9, 0xd7, 0x97, 0xa9, 0x19, 0x6c, 0x3e, 0x4d,
  0xd6, 0xc9, 0xf1, 0xe3, 0x1c, 0xbb, 0x81, 0xd1, 0x04, 0xcc, 0x17, 0x32,
  0x61, 0x78, 0xfb, 0xbd, 0x26, 0x76, 0x6b, 0xbd, 0xd3, 0xa9, 0xdc, 0xb0,
  0x24, 0x19, 0x6c, 0x08, 0xbb, 0xdf, 0xc8, 0x9e, 0x06, 0xbb, 0xbc, 0x42,
  0x12, 0x08, 0x41, 0x33, 0x27, 0xa7, 0x4a, 0x03, 0xf0, 0xc7, 0xca, 0x64,
  0x5f, 0xb6, 0x6e, 0x63, 0x3a, 0xf3, 0x72, 0xac, 0xd5, 0xdd, 0xc3, 0x35,
  0xf1, 0xb0, 0xc3, 0x10, 0xc1, 0x0c, 0xef, 0xb0, 0xed, 0x0a, 0x0e, 0x35,
  0x00, 0x4d, 0x9d, 0x22, 0xe5, 0xf7, 0x81, 0xba, 0x37, 0x1f, 0x75, 0xb3,
  0x17, 0xec, 0xda, 0x42, 0x38, 0x5f, 0x02, 0x48, 0x2a, 0xdb, 0xdb, 0x0b,
  0x45, 0xa9, 0x7f, 0x3d, 0xfd, 0x5e, 0x3b, 0x85, 0xfa, 0xee, 0x7e, 0x65,
  0x0c, 0x50, 0x09, 0xb9, 0x07, 0xaf, 0xf2, 0xc0, 0xd6, 0xf4, 0x2c, 0x0e,
  0xb8, 0xe3, 0x6a, 0xb9, 0x98, 0x3a, 0x9c, 0xc4, 0x1a, 0x74, 0x70, 0xa0,
  0x38, 0xcd, 0x9f, 0xdc, 0xc3, 0x7f, 0x52, 0xcf, 0x5a, 0xb2, 0x05, 0x59,
  0x07, 0x90, 0x36, 0xd4, 0x03, 0x46, 0xb4, 0x2e, 0x68, 0xb7, 0xab, 0x6a,
  0x4e, 0x1f, 0x0f, 0xbb, 0xd5, 0x4c, 0x46, 0x39, 0x3a, 0x3b, 0xba, 0x96,
  0x3e, 0x01, 0x7c, 0xb5, 0x7e, 0x5d, 0xbd, 0xbc, 0x51, 0x3e, 0x4b, 0x20,
  0xd5, 0xb6, 0xe9, 0xfb, 0xad, 0x41, 0xf4, 0xe1, 0x48, 0x3b, 0xae, 0xb9,
  0xc1, 0xd8, 0xa5, 0xe1, 0xcb, 0xb1, 0x2e, 0x62, 0x4b, 0xea, 0xe1, 0x3e,
  0xd8, 0xf9, 0xae, 0xaa, 0xd8, 0x17, 0x9b, 0x33, 0x8e, 0xdd, 0xe8, 0xac,
  0x81, 0x1f, 0x2f, 0x16, 0x09, 0x0a, 0x35, 0x9a, 0xed, 0x97, 0x08, 0x06,
  0xc5, 0x0e, 0x61, 0x92, 0xec, 0x27, 0x2c, 0x0a, 0xf6, 0x6c, 0x7f, 0xf6,
  0xea, 0x0e, 0x02, 0xe5, 0xbd, 0x3e, 0xc9, 0x0e, 0xd9, 0x12, 0xad, 0xc6,
  0xe4, 0xd6, 0x4e, 0x1f, 0x59, 0xe4, 0x02, 0x47, 0xfd, 0xb5, 0x13, 0x32,
  0xbc, 0xd8, 0xf5, 0xb3, 0x12, 0x9f, 0x54, 0x12, 0xb2, 0x21, 0xfb, 0x4f,
  0xb2, 0xc1, 0x1b, 0x81, 0x14, 0x4a, 0xb8, 0x06, 0xda, 0x02, 0xce, 0xa1,
  0xbd, 0x41, 0xbe, 0x5e, 0xfa, 0x3b, 0x46, 0xf1, 0x58, 0x22, 0xe7, 0xed,
  0xd1, 0x48, 0xed, 0x4a, 0xb0, 0xb3, 0x08, 0xe1, 0x32, 0x9a, 0x62, 0x24,
  0xe9, 0xa6, 0xd7, 0x14, 0x08, 0xa9, 0x43, 0xf8, 0x11, 0xd6, 0x0c, 0xea,
  0xad, 0x39, 0x31, 0x4f, 0x14, 0x34, 0x36, 0x35, 0x81, 0x69, 0xba, 0x28,
  0xd4, 0x98, 0xfd, 0xb1, 0x44, 0x05, 0x5b, 0x84, 0xc6, 0x9c, 0x22, 0x89,
  0x07, 0x2e, 0xb5, 0x3b, 0xc0, 0x0a, 0x6c, 0x22, 0x6e, 0x4c, 0x5d, 0xf4,
  0xeb, 0x24, 0x51, 0x2b, 0xb5, 0x5c, 0x34, 0x31, 0x0b, 0xcc, 0x3e, 0xfb,
  0x4c, 0xac, 0xa0, 0x62, 0x01, 0xa3, 0x13, 0x1a, 0xc0, 0xc7, 0x69, 0xae,
  0x4c, 0x0b, 0xf3, 0x7f, 0xf6, 0xaa, 0xdd, 0x06, 0x41, 0xfb, 0xa7, 0x38,
  0x2c, 0xf1, 0x20, 0x4f, 0x09, 0xe1, 0x7a, 0xe2, 0x3e, 0x7b, 0x1d, 0xa4,
  0x55, 0xf9, 0x5c, 0xd0, 0x44, 0x16, 0x61, 0x1c, 0x3b, 0xda, 0xd6, 0x59,
  0x4a, 0x2c, 0xe0, 0x04, 0x81, 0xc7, 0x11, 0x30, 0x06, 0x11, 0xf4, 0x51,
  0x64, 0x31, 0x69, 0x07, 0xc5, 0xd1, 0x53, 0xe5, 0xb5, 0xaf, 0x79, 0xb6,
  0x47, 0x48, 0xed, 0xeb, 0x78, 0x9c, 0xfc, 0xa4, 0x49, 0xf1, 0xb0, 0x3b,
  0x91, 0xd4, 0xb6, 0x5e, 0x99, 0xb6, 0x4b, 0x6b, 0x91, 0x5c, 0x67, 0x2a,
  0xb6, 0x39, 0xe0, 0x2b, 0x62, 0xfe, 0xed, 0xea, 0xa4, 0x7f, 0xf5, 0xcc,
  0xf5, 0xe7, 0x7b, 0xb2, 0x1d, 0xdc, 0x1f, 0x21, 0x9d, 0xf3, 0x5b, 0xa6,
  0xc0, 0x76, 0x24, 0x4a, 0x1b, 0xc7, 0x16, 0x19, 0x93, 0xe8, 0xd9, 0x19,
  0x25, 0xdc, 0x52, 0xc8, 0x07, 0x31, 0x0c, 0x1a, 0x0f, 0xf6, 0xab, 0xeb,
  0x9e, 0xce, 0xe9, 0x08, 0x7f, 0xf1, 0x9d, 0xfe, 0x54, 0x26, 0x4c, 0xa3,
  0x1c, 0xa8, 0xbc, 0xb7, 0x4b, 0x0e, 0x0f, 0xb1, 0xf0, 0xa1, 0x30, 0xc2,
  0x31, 0xc0, 0xa9, 0x46, 0x20, 0x36, 0x2f, 0x38, 0xbd, 0x67, 0x21, 0x9b,
  0x25, 0x94, 0xde, 0x75, 0x36, 0x7a, 0x39, 0x00, 0x9e, 0xef, 0xff, 0xff,
  0x04, 0x00, 0x00, 0x00, 0x40, 0x00, 0x00, 0x00, 0x7b, 0x08, 0x00, 0x00,
  0x3d, 0xfd, 0xff, 0xff, 0x57, 0xcf, 0xff, 0xff, 0x8c, 0xfd, 0xff, 0xff,
  0xd5, 0xe2, 0xff, 0xff, 0xc1, 0x04, 0x00, 0x00, 0xac, 0x0b, 0x00, 0x00,
  0x38, 0x1a, 0x00, 0x00, 0xc5, 0xf4, 0xff, 0xff, 0x60, 0xf8, 0xff, 0xff,
  0x81, 0x01, 0x00, 0x00, 0x3a, 0x14, 0x00, 0x00, 0xef, 0xfd, 0xff, 0xff,
  0xe3, 0x0a, 0x00, 0x00, 0x24, 0xe4, 0xff, 0xff, 0xb6, 0xec, 0xff, 0xff,
  0xea, 0xef, 0xff, 0xff, 0x04, 0x00, 0x00, 0x00, 0x10, 0x00, 0x00, 0x00,
  0xed, 0xdd, 0x3c, 0x7f, 0x72, 0x57, 0xdf, 0x1a, 0x47, 0x4b, 0x44, 0xd3,
  0x07, 0x30, 0x00, 0x4e, 0x06, 0xf0, 0xff, 0xff, 0x04, 0x00, 0x00, 0x00,
  0x10, 0x00, 0x00, 0x00, 0x02, 0xec, 0x03, 0xc7, 0xff, 0xd6, 0xf7, 0xe6,
  0x80, 0x00, 0xc7, 0xed, 0xee, 0xff, 0x05, 0xe5, 0x22, 0xf0, 0xff, 0xff,
  0x04, 0x00, 0x00, 0x00, 0x00, 0x03, 0x00, 0x00, 0xb9, 0x1b, 0xba, 0xe4,
  0xfb, 0x2e, 0xf6, 0x38, 0xd7, 0xf4, 0x37, 0xb8, 0xf4, 0x3a, 0x3e, 0x52,
  0xd6, 0xc7, 0xb9, 0x3b, 0xd2, 0x1d, 0x03, 0xe4, 0xf1, 0xd2, 0xfd, 0xf6,
  0x43, 0x57, 0xba, 0x09, 0x5f, 0xe1, 0x2d, 0x29, 0x81, 0x33, 0xcb, 0x29,
  0x14, 0xc7, 0x24, 0xea, 0x11, 0xae, 0xb0, 0x02, 0xf0, 0x1c, 0x20, 0x59,
  0xc0, 0x02, 0x8d, 0xff, 0x36, 0x36, 0x5f, 0xbe, 0xc0, 0x10, 0x9a, 0x74,
  0x46, 0x18, 0x34, 0xa3, 0x93, 0xf6, 0x2f, 0xf3, 0xe1, 0x1d, 0x4b, 0x33,
  0xc3, 0x12, 0x6e, 0xb6, 0x0a, 0xc4, 0xac, 0xf8, 0x0e, 0xf6, 0x4a, 0xf1,
  0x0a, 0xc5, 0x81, 0x65, 0x1f, 0xf5, 0x11, 0x16, 0x23, 0x9a, 0x1e, 0xa6,
  0xd2, 0x73, 0xd5, 0xc7, 0x1c, 0xb3, 0x91, 0xeb, 0xeb, 0x00, 0x81, 0x36,
  0x5a, 0x6a, 0xee, 0x1f, 0xfe, 0xa8, 0x01, 0xd9, 0x3a, 0x3a, 0x5c, 0x48,
  0xbf, 0x00, 0xc1, 0xe2, 0xc9, 0xfa, 0xaf, 0x2b, 0x04, 0x4c, 0xfb, 0xbd,
  0xb9, 0x2d, 0xe2, 0x63, 0xf3, 0x01, 0xb2, 0xff, 0x39, 0xf7, 0x62, 0xc0,
  0x65, 0x2c, 0x67, 0xa9, 0x08, 0x4f, 0x81, 0x62, 0xee, 0x0b, 0x23, 0x9a,
  0xa4, 0xcc, 0xe5, 0xb3, 0x20, 0x90, 0x30, 0xcc, 0xcd, 0xe0, 0xfc, 0x64,
  0xf4, 0xb3, 0x6e, 0xbc, 0xba, 0x1c, 0x54, 0x34, 0xf9, 0x9f, 0x2e, 0x75,
  0xc9, 0xa6, 0xc2, 0xaa, 0x09, 0xcb, 0x12, 0xf0, 0x01, 0x56, 0xd8, 0x47,
  0x43, 0x0d, 0xa4, 0xe2, 0xa6, 0xeb, 0x28, 0xf9, 0xb4, 0xf1, 0x92, 0xf6,
  0x18, 0xab, 0xae, 0xd2, 0xea, 0xdc, 0x19, 0xbf, 0x8c, 0x64, 0x7f, 0xc9,
  0x5d, 0x5a, 0xb6, 0x51, 0x5d, 0xef, 0xdb, 0x0f, 0xd3, 0x68, 0x46, 0x47,
  0x70, 0x4c, 0x4e, 0xb8, 0xab, 0x69, 0xc9, 0x54, 0x07, 0x03, 0xf1, 0x36,
  0x81, 0x09, 0x3b, 0xc1, 0x27, 0xf5, 0x26, 0xf1, 0xa1, 0xa3, 0xd5, 0x27,
  0xfe, 0x0f, 0xee, 0x26, 0xad, 0xf8, 0x5d, 0x49, 0xf9, 0x4e, 0x4b, 0x44,
  0xb7, 0x47, 0x28, 0xda, 0xb6, 0xc2, 0xa7, 0x33, 0x18, 0x54, 0x35, 0x31,
  0x52, 0x3f, 0x03, 0xc9, 0x9f, 0xf3, 0x2c, 0x84, 0xba, 0x98, 0x3a, 0x34,
  0xc9, 0x24, 0x64, 0xae, 0x42, 0x17, 0x15, 0x1a, 0x61, 0x37, 0xfb, 0xa2,
  0x46, 0x3e, 0xdf, 0x92, 0xd3, 0xbb, 0x14, 0x53, 0x1a, 0xe6, 0x28, 0x0a,
  0x5c, 0xb0, 0xf4, 0xba, 0xe2, 0x30, 0x39, 0x3e, 0x7f, 0xe6, 0x63, 0xbb,
  0xe0, 0x9b, 0x31, 0x16, 0x11, 0x47, 0x5f, 0x2a, 0x27, 0xa2, 0xd1, 0x9b,
  0x43, 0x06, 0xf4, 0x47, 0xdc, 0x42, 0xec, 0x04, 0x1a, 0xcf, 0xf7, 0x27,
  0xf6, 0x35, 0x30, 0x3f, 0x28, 0x9b, 0x11, 0x96, 0xe0, 0xb3, 0x9d, 0x57,
  0xcd, 0x44, 0x16, 0x1f, 0x21, 0x37, 0x7f, 0x9c, 0xd4, 0x1d, 0x51, 0x49,
  0x09, 0x46, 0xa5, 0x57, 0x02, 0xb9, 0x35, 0xc6, 0x2e, 0xea, 0xd1, 0x61,
  0xd5, 0xa8, 0x32, 0x14, 0xd0, 0x0e, 0x7f, 0x02, 0x03, 0xfb, 0xea, 0x24,
  0x93, 0x42, 0x49, 0xd4, 0xb3, 0x48, 0xf9, 0xac, 0xd9, 0xf5, 0x27, 0xc3,
  0xa6, 0xe8, 0xbc, 0xbe, 0x1b, 0x1c, 0xdd, 0x5c, 0xaa, 0xdf, 0xb6, 0xb2,
  0x59, 0x24, 0x0b, 0xba, 0x0c, 0x0c, 0xd8, 0x37, 0x25, 0xb4, 0xbe, 0x25,
  0xb6, 0xf9, 0xc2, 0x53, 0xc7, 0x5b, 0xa2, 0x49, 0x3c, 0x7f, 0x66, 0xd1,
  0x1f, 0x4f, 0xa5, 0x32, 0x24, 0xd9, 0x06, 0xb5, 0x32, 0x0b, 0x98, 0x19,
  0xef, 0xab, 0x43, 0x1d, 0x26, 0x57, 0x54, 0x44, 0x18, 0x04, 0xbc, 0x01,
  0x28, 0x25, 0x0f, 0xa2, 0xf6, 0x54, 0xec, 0x79, 0x2a, 0x49, 0x09, 0x30,
  0x19, 0x21, 0xd6, 0x51, 0xfc, 0xef, 0x13, 0xc0, 0xc1, 0x06, 0xc9, 0xf8,
  0xf9, 0xf5, 0x23, 0x4a, 0x81, 0x35, 0xf9, 0x13, 0x49, 0x16, 0x38, 0xf0,
  0xe9, 0x51, 0xf7, 0x1f, 0xfe, 0xd8, 0x89, 0x8e, 0xf4, 0xfb, 0xfe, 0xaa,
  0xd9, 0x10, 0xfc, 0x14, 0xd5, 0xae, 0xe7, 0xb7, 0x19, 0x0e, 0xd9, 0xce,
  0xc5, 0x3b, 0xbb, 0x5a, 0xca, 0xd0, 0x2b, 0x8d, 0x46, 0xa5, 0xa7, 0xae,
  0xea, 0xb8, 0x49, 0x7f, 0xd8, 0x50, 0xf9, 0x40, 0x43, 0x06, 0xde, 0x19,
  0xcd, 0x6a, 0x4f, 0x2e, 0xa8, 0xa5, 0x00, 0x0f, 0xa3, 0xfb, 0x63, 0xfd,
  0xeb, 0x18, 0xae, 0xc1, 0x9d, 0x22, 0xde, 0xb6, 0x55, 0xec, 0xcb, 0xfd,
  0xb5, 0x3d, 0x13, 0x06, 0xbd, 0xb0, 0x60, 0xfc, 0x5e, 0x8d, 0x50, 0xe3,
  0xc5, 0xb7, 0x95, 0xd2, 0xaa, 0xfe, 0xd8, 0xad, 0x21, 0x09, 0xff, 0x5e,
  0xb8, 0xc5, 0xee, 0x32, 0x03, 0x52, 0x8c, 0x37, 0xbf, 0x6b, 0x40, 0xcb,
  0x47, 0xcc, 0x59, 0xfa, 0xfb, 0xdd, 0x5b, 0x81, 0xd8, 0xbf, 0x60, 0x48,
  0xb6, 0xe7, 0x3e, 0xea, 0xf9, 0x03, 0xd7, 0xc5, 0x4a, 0xf7, 0xe6, 0x17,
  0xa7, 0xe7, 0x3d, 0x81, 0xc0, 0x6c, 0x04, 0x3d, 0x13, 0xbd, 0xfd, 0x9c,
  0x3f, 0xef, 0xbb, 0x99, 0xdb, 0x42, 0x58, 0x54, 0xf2, 0x4c, 0xaf, 0x3e,
  0x2b, 0x16, 0x37, 0x8d, 0x4d, 0xed, 0x3c, 0x13, 0xdd, 0xad, 0x81, 0x1a,
  0xbd, 0x9f, 0xbb, 0xef, 0x51, 0x1f, 0xde, 0x2d, 0x28, 0x3a, 0x9c, 0xc6,
  0x2d, 0x9a, 0x5d, 0xa3, 0x29, 0xf8, 0xb6, 0x50, 0x40, 0x5c, 0x4a, 0xa1,
  0x59, 0x32, 0x46, 0xec, 0xc4, 0xbb, 0x8c, 0x5e, 0xf9, 0xfb, 0xd2, 0x47,
  0xd3, 0xf2, 0x99, 0x08, 0x34, 0xfe, 0x8f, 0x26, 0xb9, 0x64, 0x26, 0xaf,
  0x7a, 0xed, 0x57, 0x3d, 0xd7, 0xab, 0xcd, 0xbd, 0xad, 0xb0, 0x7f, 0xd2,
  0xbb, 0x1c, 0x1c, 0x09, 0x55, 0x2f, 0xaf, 0x6d, 0xd7, 0xfd, 0x02, 0x2c,
  0x57, 0x67, 0xd1, 0x38, 0x53, 0x57, 0x13, 0x08, 0x28, 0xe3, 0xe9, 0xec,
  0x05, 0x6c, 0xf4, 0x6d, 0xf3, 0x6d, 0xf5, 0xfe, 0x2e, 0xf3, 0xff, 0xff,
  0x04, 0x00, 0x00, 0x00, 0x40, 0x00, 0x00, 0x00, 0xaf, 0x21, 0x00, 0x00,
  0xbc, 0x00, 0x00, 0x00, 0x03, 0x1b, 0x00, 0x00, 0x7d, 0xec, 0xff, 0xff,
  0x17, 0xf7, 0xff, 0xff, 0x8d, 0xf4, 0xff, 0xff, 0xfb, 0xef, 0xff, 0xff,
  0x70, 0xe5, 0xff, 0xff, 0xf7, 0xf5, 0xff, 0xff, 0xf5, 0xf7, 0xff, 0xff,
  0x4e, 0x23, 0x00, 0x00, 0xf6, 0x19, 0x00, 0x00, 0xdc, 0xf6, 0xff, 0xff,
  0xc3, 0xf5, 0xff, 0xff, 0x7f, 0x03, 0x00, 0x00, 0x6e, 0x17, 0x00, 0x00,
  0x7a, 0xf3, 0xff, 0xff, 0x04, 0x00, 0x00, 0x00, 0x10, 0x00, 0x00, 0x00,
  0xf0, 0x7f, 0x1c, 0xc9, 0xd5, 0x15, 0xdb, 0xbc, 0x12, 0xea, 0x17, 0x05,
  0x04, 0x36, 0xe4, 0xb2, 0x96, 0xf3, 0xff, 0xff, 0x04, 0x00, 0x00, 0x00,
  0x10, 0x00, 0x00, 0x00, 0xba, 0x03, 0xb7, 0x38, 0x28, 0xd8, 0x3a, 0x3f,
  0xae, 0x28, 0x80, 0xb1, 0xeb, 0x20, 0xdf, 0x2a, 0xb2, 0xf3, 0xff, 0xff,
  0x04, 0x00, 0x00, 0x00, 0x00, 0x03, 0x00, 0x00, 0x0c, 0xab, 0xa0, 0x18,
  0xc8, 0x03, 0xd4, 0xe6, 0x33, 0x44, 0x4c, 0x0e, 0x33, 0x47, 0xea, 0x09,
  0xcf, 0x0e, 0xb9, 0x33, 0x9a, 0x9b, 0xfb, 0x5e, 0x25, 0xdc, 0x24, 0xce,
  0xcc, 0x0d, 0xd3, 0xd5, 0x94, 0x36, 0xc4, 0xcc, 0xd3, 0xb0, 0xe8, 0x0a,
  0x29, 0x0e, 0x81, 0xca, 0xc9, 0xf6, 0xb8, 0x15, 0xdf, 0x46, 0x0e, 0x44,
  0xbb, 0x5c, 0x28, 0x44, 0x3a, 0xf5, 0xee, 0x9a, 0xd6, 0xf7, 0xe1, 0xac,
  0x58, 0xbb, 0x25, 0x67, 0x14, 0xe3, 0x2d, 0x7b, 0x99, 0x4a, 0x5e, 0xc3,
  0xef, 0x93, 0x3a, 0xa2, 0x06, 0x00, 0x87, 0xc1, 0xb1, 0xd6, 0x30, 0xf3,
  0x6a, 0x03, 0xfd, 0x31, 0xe3, 0xf4, 0xdd, 0x7f, 0x06, 0x7f, 0xd2, 0x37,
  0x41, 0x39, 0xdd, 0x10, 0xd7, 0xad, 0x52, 0xc2, 0xcc, 0xf9, 0xb1, 0xa2,
  0xf8, 0xbf, 0x21, 0xa5, 0x39, 0x15, 0xff, 0xc2, 0xa8, 0x57, 0x3f, 0x3d,
  0x29, 0xba, 0xeb, 0xb2, 0x15, 0x3d, 0x85, 0x3e, 0x9b, 0x4d, 0xc3, 0x8c,
  0xc8, 0xe4, 0x41, 0x43, 0xf2, 0xec, 0xd6, 0x9b, 0xc9, 0xeb, 0xf8, 0xbd,
  0x3f, 0x48, 0x13, 0xd9, 0xb2, 0x23, 0x1f, 0x2f, 0x19, 0xe2, 0x39, 0x3d,
  0xfa, 0xe7, 0xec, 0x99, 0xd7, 0xd9, 0xd2, 0xdd, 0x5f, 0x34, 0xdd, 0x20,
  0xfb, 0xe8, 0x38, 0xfd, 0x5e, 0x22, 0x1e, 0x81, 0x1a, 0xb2, 0x4f, 0xde,
  0x1d, 0x61, 0x55, 0xc9, 0x16, 0xf0, 0x63, 0xb2, 0x43, 0x9f, 0xe6, 0x7a,
  0x07, 0x0b, 0xcf, 0xbc, 0x1e, 0xa0, 0xf1, 0x0c, 0x9b, 0xc3, 0xa8, 0xb6,
  0x1e, 0x15, 0xd5, 0x29, 0x00, 0x0a, 0x06, 0x08, 0xd1, 0x15, 0x81, 0xcd,
  0xfb, 0xaa, 0xa3, 0xc8, 0xc9, 0x1c, 0x95, 0x30, 0x8f, 0x4f, 0xbd, 0x61,
  0xa9, 0x5b, 0xdf, 0x9d, 0xc1, 0xb0, 0xac, 0x6a, 0xb7, 0x2b, 0x60, 0x25,
  0xd1, 0xeb, 0x26, 0x4d, 0xa9, 0x04, 0xcf, 0x33, 0xa6, 0xbd, 0x22, 0xdc,
  0xe6, 0xd9, 0xf8, 0x59, 0x47, 0xf4, 0xea, 0x31, 0x39, 0xcf, 0x81, 0xee,
  0x08, 0xf9, 0xab, 0x6a, 0xb5, 0xfa, 0x21, 0x63, 0x90, 0x0f, 0xc3, 0xb6,
  0x1b, 0x1b, 0x40, 0x42, 0x65, 0xa9, 0x1c, 0xfb, 0xb0, 0x24, 0x1b, 0x7b,
  0x01, 0xe6, 0xd8, 0x2d, 0x0b, 0x4d, 0xe5, 0x2d, 0xe6, 0x2d, 0x1a, 0x38,
  0x9e, 0xfc, 0xa8, 0x5b, 0xc5, 0xa3, 0xb6, 0xf7, 0xee, 0xd0, 0x92, 0xef,
  0xe7, 0x2c, 0x03, 0xf6, 0x06, 0xf6, 0xd2, 0x7f, 0xc7, 0xbb, 0x61, 0x46,
  0x45, 0xac, 0x49, 0x37, 0x42, 0xcb, 0x19, 0xb3, 0x1d, 0xe2, 0x81, 0xf6,
  0xc5, 0xfc, 0xc4, 0xe4, 0x31, 0xda, 0xc7, 0xc5, 0x2c, 0x26, 0xab, 0x42,
  0xc0, 0x03, 0x0e, 0xd7, 0x19, 0x15, 0xc4, 0x27, 0xd0, 0xd3, 0x3a, 0xf7,
  0x36, 0xb4, 0x26, 0xf2, 0x18, 0x36, 0x48, 0x53, 0xfe, 0xe2, 0x1d, 0x19,
  0x28, 0x21, 0xb9, 0x42, 0xdb, 0x38, 0x2f, 0xc5, 0x14, 0xb0, 0xc7, 0x81,
  0x0b, 0xac, 0x16, 0x4d, 0xef, 0x5d, 0x3c, 0x50, 0x36, 0x70, 0x06, 0xd2,
  0xed, 0xf5, 0xd0, 0x8b, 0x6e, 0xbf, 0xf1, 0xe5, 0x3a, 0x72, 0xc2, 0xe3,
  0xea, 0x2a, 0x46, 0x39, 0x03, 0xcb, 0xf6, 0x99, 0x93, 0xd1, 0x11, 0xef,
  0xee, 0xbd, 0xd7, 0xa4, 0xff, 0xef, 0x19, 0x30, 0x15, 0xce, 0x2a, 0xb4,
  0xd1, 0xca, 0x1b, 0xdb, 0x5d, 0xd3, 0x65, 0xf4, 0x0d, 0xbf, 0xe8, 0x3a,
  0x93, 0xf4, 0x1b, 0x42, 0x9c, 0xa8, 0xad, 0xd7, 0x46, 0xed, 0x83, 0x9b,
  0xcd, 0x35, 0x96, 0xb8, 0xc8, 0x02, 0xd3, 0x75, 0xac, 0x14, 0x7f, 0xe0,
  0xec, 0x4f, 0xee, 0xbe, 0x2d, 0xd1, 0x3c, 0x3e, 0x26, 0x96, 0x2e, 0x81,
  0x0c, 0x06, 0x10, 0x28, 0xa7, 0xb3, 0xfd, 0xe5, 0xda, 0xd4, 0x1a, 0xfe,
  0x49, 0x56, 0xc2, 0x04, 0xf9, 0x63, 0x14, 0x0c, 0xfb, 0x1d, 0xb8, 0x5a,
  0x54, 0xf3, 0x42, 0x1b, 0xf8, 0x9c, 0x4b, 0x84, 0x00, 0xb5, 0xe7, 0x8c,
  0x1d, 0xd9, 0x6f, 0x9b, 0xdf, 0xc4, 0x3f, 0x29, 0x0d, 0x07, 0x14, 0x06,
  0xa2, 0x3f, 0xc9, 0xe0, 0x16, 0xfd, 0xee, 0xdf, 0x27, 0xf7, 0x14, 0x1a,
  0x4b, 0xcd, 0x49, 0x50, 0xc8, 0x20, 0xd2, 0x48, 0x44, 0x36, 0x0d, 0xda,
  0xa3, 0xcc, 0xc4, 0x0d, 0xc5, 0x0c, 0xa8, 0x0a, 0xea, 0xdc, 0x0c, 0x16,
  0xbb, 0xd7, 0xe3, 0x81, 0xcc, 0x51, 0xf4, 0xa2, 0xcb, 0x9b, 0x38, 0x4d,
  0x26, 0xac, 0xda, 0xbb, 0x32, 0x4a, 0x19, 0x46, 0x47, 0xe9, 0x40, 0x5c,
  0x48, 0x23, 0x4f, 0x4f, 0x46, 0xb7, 0x32, 0x19, 0x53, 0x14, 0x06, 0x36,
  0x4d, 0xd7, 0x5d, 0x06, 0xec, 0xeb, 0xde, 0x54, 0xe9, 0xe0, 0xb8, 0xf2,
  0x06, 0xf4, 0x7f, 0x07, 0xa7, 0x3d, 0x32, 0x3e, 0x54, 0x15, 0x81, 0xdf,
  0x9f, 0xc4, 0xbc, 0xf1, 0x75, 0x54, 0x68, 0x0c, 0xdc, 0x2a, 0x27, 0x68,
  0x71, 0xb3, 0xfb, 0x1a, 0x1f, 0x4e, 0xc9, 0xb4, 0xde, 0x4a, 0x60, 0x5a,
  0x87, 0x94, 0xa3, 0x09, 0x06, 0xe6, 0x6b, 0x6f, 0x99, 0xcf, 0x83, 0x62,
  0x02, 0x23, 0x0d, 0xb0, 0x67, 0xf9, 0x6c, 0xc9, 0x22, 0x2c, 0x62, 0x86,
  0x2a, 0xf5, 0x09, 0x43, 0xea, 0x31, 0xb8, 0xb9, 0xdb, 0x2c, 0x67, 0x3b,
  0xd0, 0xdf, 0x4b, 0xc6, 0x06, 0x34, 0x9f, 0x8c, 0x2b, 0xa8, 0x99, 0xf6,
  0x35, 0xb9, 0xff, 0x90, 0xdb, 0x88, 0x81, 0xc2, 0x0c, 0x10, 0x32, 0x0c,
  0xbe, 0xfd, 0x43, 0xb5, 0x4b, 0xdf, 0xdb, 0x41, 0xbf, 0xd2, 0xbb, 0xeb,
  0x15, 0xe0, 0xb9, 0x10, 0xc0, 0x08, 0x75, 0xd7, 0xcf, 0x39, 0x24, 0x2d,
  0xef, 0xe3, 0x86, 0xef, 0xb4, 0x9e, 0xcd, 0x9d, 0x15, 0x34, 0xc4, 0xaf,
  0xc2, 0xdc, 0x81, 0x13, 0xce, 0x37, 0xcc, 0xe6, 0x98, 0x27, 0xe2, 0x0f,
  0x56, 0x4e, 0x20, 0xf9, 0x02, 0x9c, 0xcb, 0x39, 0xbe, 0xf6, 0xff, 0xff,
  0x04, 0x00, 0x00, 0x00, 0x40, 0x00, 0x00, 0x00, 0x25, 0xf8, 0xff, 0xff,
  0xb9, 0x03, 0x00, 0x00, 0xc8, 0x18, 0x00, 0x00, 0xd1, 0xff, 0xff, 0xff,
  0x08, 0x02, 0x00, 0x00, 0x68, 0x0a, 0x00, 0x00, 0xd7, 0xfa, 0xff, 0xff,
  0xdd, 0x09, 0x00, 0x00, 0xde, 0x03, 0x00, 0x00, 0x0c, 0xf0, 0xff, 0xff,
  0x57, 0xf9, 0xff, 0xff, 0xc4, 0xfe, 0xff, 0xff, 0x1a, 0x0a, 0x00, 0x00,
  0x7c, 0x0f, 0x00, 0x00, 0xd4, 0x07, 0x00, 0x00, 0x88, 0xe4, 0xff, 0xff,
  0x0a, 0xf7, 0xff, 0xff, 0x04, 0x00, 0x00, 0x00, 0x10, 0x00, 0x00, 0x00,
  0x02, 0xd0, 0xe9, 0xc5, 0xcf, 0xc8, 0xc2, 0xf9, 0xd3, 0xf4, 0x1a, 0x11,
  0xca, 0xe1, 0x0a, 0x7f, 0x26, 0xf7, 0xff, 0xff, 0x04, 0x00, 0x00, 0x00,
  0x10, 0x00, 0x00, 0x00, 0xdb, 0xf8, 0x80, 0xe1, 0x05, 0xed, 0x08, 0xcf,
  0x14, 0x04, 0x99, 0xf2, 0x0e, 0xd8, 0xb7, 0x0f, 0x42, 0xf7, 0xff, 0xff,
  0x04, 0x00, 0x00, 0x00, 0x00, 0x03, 0x00, 0x00, 0xe1, 0x0a, 0xb1, 0x32,
  0x6b, 0xca, 0x3b, 0x7f, 0x04, 0x07, 0xbf, 0x57, 0xac, 0x53, 0xee, 0x07,
  0x6b, 0x9a, 0xc8, 0xbc, 0xa8, 0x10, 0xa6, 0xb3, 0x64, 0x2c, 0xf9, 0x51,
  0x40, 0xa6, 0xf1, 0x58, 0xb5, 0xf5, 0x0f, 0xf7, 0x25, 0xb0, 0x45, 0xea,
  0xd2, 0x62, 0xca, 0xf4, 0x4c, 0xed, 0x13, 0x4a, 0xd2, 0xc4, 0x0e, 0x12,
  0x09, 0xf0, 0x20, 0xe2, 0xee, 0x01, 0x3c, 0xb5, 0x41, 0xa5, 0xd4, 0x06,
  0xd2, 0x1f, 0xdc, 0x6b, 0x9d, 0xd3, 0xbc, 0xf0, 0xd4, 0x39, 0x81, 0x52,
  0xc3, 0x5b, 0xae, 0x05, 0xd5, 0xe6, 0xe0, 0xb6, 0x3d, 0x35, 0xac, 0x41,
  0xdc, 0x35, 0x66, 0xa4, 0x00, 0xb6, 0x51, 0x17, 0x2f, 0xc8, 0x30, 0xed,
  0xe6, 0xd3, 0x8d, 0xf2, 0xbc, 0xcc, 0x81, 0x0e, 0xcf, 0x31, 0x22, 0xc6,
  0xd2, 0xfe, 0x10, 0x0d, 0x50, 0x47, 0x28, 0xd2, 0x40, 0x46, 0x25, 0xa9,
  0x3b, 0x1f, 0x28, 0x60, 0x14, 0xa9, 0x91, 0x00, 0x5d, 0xaf, 0x03, 0xf5,
  0xc9, 0xef, 0x24, 0x26, 0xcd, 0x2c, 0x18, 0xc6, 0x10, 0x48, 0xd0, 0xe9,
  0x3c, 0xa3, 0xcc, 0x34, 0x10, 0x16, 0x3e, 0x2f, 0x37, 0xb7, 0x36, 0x7f,
  0xec, 0xad, 0xd6, 0xaa, 0x40, 0xb1, 0xd1, 0x34, 0xb5, 0x14, 0xd1, 0x1e,
  0xf8, 0xa6, 0xbd, 0x55, 0xf3, 0xff, 0x2f, 0xc7, 0xf9, 0x29, 0xf3, 0x0b,
  0x57, 0x4d, 0xc3, 0xee, 0xbc, 0xe4, 0x28, 0x7c, 0x21, 0x42, 0xa8, 0xfd,
  0x1d, 0x6d, 0x64, 0x35, 0x0d, 0x99, 0x02, 0x29, 0x5f, 0xcd, 0xce, 0x7f,
  0xb6, 0x20, 0xa5, 0x4d, 0x55, 0x95, 0xf2, 0x0e, 0xd2, 0x70, 0xef, 0xd0,
  0x95, 0xcd, 0xc7, 0x0e, 0x55, 0xa5, 0x0c, 0x0b, 0x3d, 0xb8, 0xdd, 0x4c,
  0xb8, 0x0e, 0xb4, 0x5a, 0x11, 0xc5, 0xa9, 0xbc, 0x81, 0xc8, 0xf4, 0x22,
  0x2e, 0xe0, 0x2a, 0x27, 0x3f, 0xee, 0xbe, 0x0f, 0x1e, 0x1c, 0xc6, 0xf1,
  0x97, 0xd6, 0x61, 0x3e, 0x2a, 0xaa, 0x2a, 0xe0, 0x20, 0x31, 0x0d, 0x35,
  0x4a, 0xc9, 0xf9, 0x11, 0xaf, 0xda, 0x18, 0x30, 0xf2, 0x9d, 0xd1, 0x0c,
  0x34, 0x2d, 0x4f, 0x06, 0xd1, 0x0d, 0x3d, 0xc6, 0x3f, 0xbe, 0x25, 0x8f,
  0x05, 0xae, 0xa5, 0xbd, 0x3b, 0xca, 0xaf, 0x54, 0xe6, 0x43, 0x30, 0xc1,
  0x26, 0x1d, 0xcf, 0x49, 0xee, 0xec, 0xaf, 0x5f, 0x31, 0x9f, 0xbb, 0x58,
  0xff, 0x01, 0xdf, 0xf1, 0xdd, 0x81, 0x21, 0xb2, 0xd5, 0xe6, 0x14, 0xae,
  0xfd, 0x58, 0xdb, 0x42, 0x34, 0xc5, 0x42, 0x57, 0x5d, 0x49, 0xb7, 0x56,
  0x32, 0xf3, 0xe8, 0x05, 0xa7, 0x01, 0x01, 0x00, 0xd8, 0xfc, 0x34, 0x7f,
  0x28, 0x43, 0xe7, 0x08, 0x2c, 0x00, 0xe5, 0xc6, 0xfc, 0x39, 0xda, 0x64,
  0xd0, 0x32, 0xf0, 0xf2, 0x31, 0x1b, 0xca, 0x08, 0x4d, 0xbc, 0x37, 0x44,
  0xaf, 0xdc, 0x3f, 0x13, 0xc5, 0x25, 0x9a, 0xc7, 0x41, 0xb0, 0xc0, 0x14,
  0x95, 0x8c, 0xe6, 0x7f, 0x46, 0x08, 0xaf, 0x7e, 0x5f, 0x58, 0xc7, 0x1b,
  0x13, 0x51, 0x67, 0x3e, 0xc3, 0xde, 0xeb, 0xc9, 0xf6, 0xaf, 0xee, 0xf4,
  0xea, 0x4c, 0x03, 0xcb, 0x4c, 0x4c, 0x31, 0x05, 0x83, 0xfa, 0x2f, 0xb0,
  0x21, 0x9a, 0x06, 0x13, 0x5f, 0x4d, 0x7c, 0x64, 0x3e, 0x8e, 0x33, 0x5d,
  0xd7, 0x5e, 0xf7, 0xe8, 0x01, 0x25, 0x3e, 0x01, 0x0a, 0xe9, 0x15, 0xcb,
  0xb0, 0x49, 0x9d, 0x9f, 0x52, 0xaa, 0xfe, 0x3c, 0x00, 0x54, 0x81, 0xe7,
  0x42, 0xdb, 0xd8, 0x67, 0x46, 0x41, 0x4a, 0xfb, 0xb2, 0x07, 0xb7, 0xa6,
  0x0b, 0x57, 0x16, 0x04, 0xb2, 0x14, 0xec, 0x47, 0x33, 0x0d, 0xb9, 0xff,
  0x39, 0x25, 0x4a, 0x52, 0x39, 0x46, 0xfd, 0xdc, 0xb6, 0xfa, 0x09, 0x13,
  0x65, 0xf5, 0xb0, 0x96, 0x01, 0xce, 0x39, 0x27, 0xff, 0x01, 0x5f, 0xd2,
  0xb8, 0xa5, 0xf4, 0x25, 0x7f, 0x03, 0x35, 0x28, 0x53, 0x0f, 0xb8, 0x13,
  0xe1, 0x1d, 0x2c, 0xf0, 0xb8, 0xba, 0xc1, 0xee, 0x45, 0xae, 0xfb, 0x5e,
  0xc9, 0x0f, 0xd3, 0xe5, 0xc5, 0x20, 0xbd, 0xd2, 0x26, 0x3b, 0x3c, 0x08,
  0xf7, 0x4c, 0x2a, 0xf5, 0x9f, 0x40, 0xad, 0x1b, 0x24, 0x94, 0x1a, 0x0c,
  0x26, 0x52, 0xe4, 0x1c, 0xcd, 0xb9, 0x3d, 0x49, 0xcc, 0xc6, 0x81, 0x99,
  0x55, 0xce, 0xf5, 0x57, 0x3f, 0xdb, 0xbf, 0x3a, 0x27, 0xd8, 0x8f, 0xb5,
  0x76, 0x46, 0xc3, 0x3d, 0x46, 0x66, 0x8f, 0x2e, 0x27, 0x4f, 0x43, 0x54,
  0xc0, 0xef, 0x1b, 0xf1, 0x23, 0x2d, 0x2a, 0x58, 0x04, 0x6b, 0x86, 0x25,
  0xef, 0x34, 0x81, 0x3b, 0x2d, 0x05, 0x19, 0x8b, 0x4a, 0xc7, 0xf6, 0x11,
  0x4e, 0x27, 0x93, 0xf4, 0x26, 0xf3, 0x0f, 0x56, 0xf3, 0xf4, 0xfc, 0x07,
  0xfb, 0x05, 0x2d, 0x3a, 0x86, 0x05, 0x81, 0x3c, 0x38, 0x05, 0xd5, 0x75,
  0x20, 0xd9, 0xf8, 0xb1, 0xff, 0x88, 0x6a, 0xfd, 0x5f, 0x41, 0x37, 0xee,
  0x84, 0xa6, 0xe0, 0x4f, 0x06, 0x7a, 0x41, 0xf4, 0x40, 0x62, 0x6b, 0x51,
  0x19, 0x4d, 0x6b, 0x3a, 0xc5, 0xd9, 0xb7, 0xbe, 0xe5, 0xab, 0x81, 0xda,
  0xc2, 0xca, 0x13, 0xc3, 0x31, 0x23, 0x51, 0x23, 0xc4, 0xc0, 0x53, 0xff,
  0xd5, 0xf5, 0x4e, 0xd4, 0xba, 0x50, 0xda, 0x6b, 0xec, 0x31, 0x1f, 0xdc,
  0xa4, 0xd0, 0x85, 0xa8, 0x65, 0x2c, 0x25, 0xcc, 0x10, 0x40, 0x89, 0xee,
  0x60, 0xa1, 0x61, 0x9e, 0xde, 0xe9, 0x28, 0x00, 0x75, 0x02, 0xf5, 0x9d,
  0xe4, 0xbc, 0x43, 0xc2, 0x03, 0xaf, 0x1e, 0x7f, 0xfb, 0xe0, 0x89, 0x45,
  0x6e, 0xc9, 0xaf, 0x8f, 0x27, 0xf4, 0x7a, 0x53, 0x2d, 0xe1, 0xe0, 0x1a,
  0x0b, 0x19, 0x65, 0x22, 0x0c, 0x48, 0x88, 0xc8, 0x16, 0xbb, 0x0f, 0xe0,
  0xcf, 0xc0, 0xa0, 0xf8, 0xe5, 0x4f, 0xdb, 0x10, 0x4e, 0xfa, 0xff, 0xff,
  0x04, 0x00, 0x00, 0x00, 0x40, 0x00, 0x00, 0x00, 0xe7, 0x05, 0x00, 0x00,
  0x51, 0x0d, 0x00, 0x00, 0x43, 0x0f, 0x00, 0x00, 0x51, 0xf9, 0xff, 0xff,
  0x88, 0xef, 0xff, 0xff, 0x2a, 0x07, 0x00, 0x00, 0xfb, 0x0e, 0x00, 0x00,
  0x20, 0xf6, 0xff, 0xff, 0xe4, 0x18, 0x00, 0x00, 0x22, 0x09, 0x00, 0x00,
  0xd7, 0xf7, 0xff, 0xff, 0xea, 0x05, 0x00, 0x00, 0x76, 0xf6, 0xff, 0xff,
  0xc8, 0xfd, 0xff, 0xff, 0x00, 0x04, 0x00, 0x00, 0xa7, 0xfa, 0xff, 0xff,
  0x9a, 0xfa, 0xff, 0xff, 0x04, 0x00, 0x00, 0x00, 0x10, 0x00, 0x00, 0x00,
  0x48, 0x53, 0x7f, 0x2e, 0x4f, 0x27, 0x70, 0x06, 0x17, 0x7a, 0x20, 0x24,
  0xec, 0x13, 0x54, 0x30, 0xb6, 0xfa, 0xff, 0xff, 0x04, 0x00, 0x00, 0x00,
  0x10, 0x00, 0x00, 0x00, 0xbf, 0x80, 0x83, 0xfb, 0xf4, 0xaf, 0x8d, 0xfd,
  0xb3, 0xab, 0xfc, 0xbd, 0x04, 0xe8, 0xd0, 0xe5, 0xd2, 0xfa, 0xff, 0xff,
  0x04, 0x00, 0x00, 0x00, 0x00, 0x03, 0x00, 0x00, 0x6b, 0x1a, 0xa4, 0xd1,
  0x37, 0xa7, 0x3f, 0x23, 0xf7, 0x59, 0x0c, 0x90, 0x18, 0x20, 0x10, 0xd8,
  0xc7, 0x2a, 0x32, 0xd7, 0xc2, 0x8f, 0xba, 0xb8, 0x91, 0x3f, 0x3d, 0xa0,
  0x45, 0x3c, 0x81, 0x71, 0x70, 0x00, 0xed, 0x1e, 0xf3, 0x64, 0xe5, 0x0e,
  0xc4, 0xdc, 0x1b, 0x10, 0xe0, 0x78, 0xab, 0x24, 0xe5, 0x2c, 0x07, 0xea,
  0x74, 0xeb, 0xc0, 0xf6, 0xf6, 0xcd, 0x28, 0x22, 0x7f, 0xb1, 0xf9, 0x7c,
  0x20, 0x9e, 0x23, 0x05, 0xb5, 0x37, 0x9b, 0xe6, 0xcc, 0xfe, 0x76, 0xd0,
  0xf0, 0x75, 0x16, 0xd9, 0x44, 0x07, 0x1a, 0x19, 0x65, 0xc9, 0xe7, 0x15,
  0xbd, 0x6f, 0xd8, 0xa4, 0xb4, 0x5b, 0xbe, 0x66, 0x2e, 0x13, 0xe0, 0x56,
  0x4c, 0x15, 0x71, 0x44, 0x58, 0x7c, 0xb1, 0x81, 0xd2, 0xfb, 0x90, 0x01,
  0xec, 0xbd, 0x44, 0x08, 0x72, 0xde, 0x3c, 0x04, 0xb6, 0x74, 0x2b, 0xc2,
  0x98, 0xa0, 0x3a, 0xea, 0xb0, 0x4d, 0x1c, 0x0a, 0x64, 0xfd, 0x0e, 0x5e,
  0x45, 0xfb, 0xfa, 0x0e, 0x67, 0x47, 0xb9, 0xed, 0xf4, 0x94, 0xeb, 0xf3,
  0xf8, 0x91, 0xeb, 0xef, 0x17, 0xe1, 0xea, 0xe3, 0xf8, 0xef, 0xe8, 0x10,
  0xec, 0xae, 0x4e, 0x21, 0x67, 0x02, 0xf8, 0xcb, 0x51, 0xe7, 0x48, 0x81,
  0x3b, 0x1c, 0xda, 0x45, 0x3a, 0xec, 0xf9, 0x4a, 0x48, 0xa9, 0xf3, 0x40,
  0x2d, 0xd6, 0x0b, 0xff, 0x07, 0x14, 0xb9, 0xf5, 0x66, 0x27, 0x21, 0x45,
  0x30, 0x96, 0xe3, 0x3e, 0xd2, 0xb7, 0xc8, 0xc1, 0x0d, 0xf0, 0xa6, 0x59,
  0x34, 0xb7, 0x51, 0x70, 0xef, 0x81, 0xce, 0xd5, 0xc1, 0xf4, 0xe9, 0xcb,
  0xe3, 0x38, 0x1b, 0x3d, 0x12, 0xe2, 0xeb, 0xc9, 0xe1, 0x46, 0x4a, 0x66,
  0xe3, 0x1a, 0x67, 0x02, 0x35, 0xf5, 0x04, 0x4c, 0x87, 0xcd, 0x42, 0xf8,
  0x59, 0xcc, 0x33, 0xa1, 0x49, 0x98, 0xa9, 0xc4, 0x33, 0xf1, 0x04, 0xb3,
  0xfe, 0x08, 0x82, 0x64, 0xb5, 0x50, 0xc6, 0x4e, 0xd7, 0xd8, 0x5f, 0x17,
  0x1f, 0x63, 0xc7, 0xb5, 0x3a, 0x81, 0x42, 0xf1, 0x94, 0x1f, 0xcd, 0x23,
  0xf3, 0xdc, 0x28, 0xbc, 0xb1, 0xa8, 0xbc, 0xfe, 0xf1, 0x04, 0x89, 0xb6,
  0x2a, 0xd6, 0xf7, 0xd2, 0xf4, 0xc5, 0xd6, 0x05, 0x00, 0xe9, 0x2e, 0x46,
  0xd6, 0xeb, 0x18, 0xc7, 0x03, 0x36, 0x2d, 0x07, 0x24, 0xf1, 0xb7, 0x07,
  0x4b, 0x1f, 0x07, 0x1f, 0x41, 0xf0, 0xd8, 0x0a, 0xb0, 0xae, 0xcf, 0x81,
  0x19, 0x21, 0x2a, 0xf2, 0x8b, 0x94, 0xc6, 0xc1, 0xfe, 0xdf, 0x5a, 0xf0,
  0xd7, 0x4c, 0xfc, 0xa9, 0xbe, 0x1a, 0x1f, 0x1b, 0x2b, 0xd6, 0x81, 0xfb,
  0xbe, 0xf4, 0xe9, 0x04, 0xdf, 0x01, 0x40, 0x28, 0xe7, 0xe6, 0x4a, 0x22,
  0xfa, 0x09, 0x40, 0x31, 0x06, 0xc6, 0x30, 0xbe, 0xe3, 0xe5, 0xeb, 0xb8,
  0xea, 0x0b, 0xfe, 0xe4, 0xe0, 0x27, 0xd7, 0x9e, 0xf1, 0xb4, 0xf4, 0x70,
  0xcc, 0x17, 0x63, 0x65, 0xb4, 0xcb, 0x3d, 0xcc, 0x0d, 0x61, 0x8e, 0x36,
  0x37, 0x8e, 0x56, 0x0b, 0x2f, 0xee, 0x1f, 0x72, 0x03, 0x7f, 0xc5, 0xfc,
  0x0e, 0xc5, 0xc4, 0xfe, 0x4a, 0xf1, 0xb4, 0xf3, 0xd0, 0x93, 0xe4, 0x5f,
  0x3b, 0xfe, 0xc9, 0x26, 0xd6, 0x34, 0xff, 0x28, 0x23, 0x13, 0x96, 0xd6,
  0x0a, 0xfb, 0x14, 0xfc, 0x04, 0xf9, 0xc8, 0xf7, 0x2b, 0x30, 0x81, 0xee,
  0xba, 0xe1, 0x3c, 0xf6, 0xfd, 0xb5, 0xda, 0x18, 0x21, 0x22, 0x00, 0x8f,
  0x3d, 0x3d, 0xea, 0x15, 0x45, 0xf5, 0xf2, 0x4c, 0x4e, 0xec, 0xc7, 0xd2,
  0x18, 0xd8, 0x49, 0x1a, 0x37, 0x5b, 0x09, 0xf3, 0xd4, 0xe2, 0x7f, 0x20,
  0xa5, 0x24, 0x4f, 0xdc, 0xc8, 0xd9, 0x50, 0x29, 0xf9, 0x47, 0xa3, 0xe2,
  0x51, 0x56, 0x9f, 0x4d, 0x20, 0x1c, 0xe5, 0x3d, 0xa2, 0x25, 0xb6, 0x4f,
  0xbf, 0xd9, 0xfe, 0x02, 0xac, 0x0f, 0xf4, 0xac, 0x82, 0xa4, 0x5f, 0xce,
  0xe0, 0xdc, 0xec, 0x3b, 0x2b, 0xdd, 0x34, 0x07, 0xe7, 0xe8, 0x08, 0x4b,
  0xc0, 0x96, 0x3f, 0xc0, 0x14, 0xf6, 0x43, 0xaa, 0x4f, 0xdd, 0x81, 0x43,
  0x43, 0xd1, 0xc9, 0x1c, 0x0b, 0xac, 0xbd, 0xee, 0x07, 0x12, 0x2d, 0x1d,
  0x5c, 0x4c, 0xfe, 0x3a, 0x3e, 0x26, 0xec, 0x11, 0x50, 0x31, 0x2f, 0x21,
  0xd4, 0x4b, 0x47, 0xd7, 0x68, 0xb7, 0xc6, 0xc6, 0x3f, 0x98, 0x64, 0x0d,
  0xc7, 0xdb, 0xd6, 0x0c, 0xde, 0x2d, 0xfe, 0x4f, 0xd3, 0xbc, 0x98, 0xa7,
  0xd7, 0x46, 0x00, 0x28, 0x1e, 0x19, 0x02, 0x35, 0x96, 0x3d, 0xee, 0x28,
  0xe8, 0xcb, 0x35, 0xb5, 0x82, 0x3b, 0xb7, 0x55, 0x1b, 0x01, 0x7f, 0x82,
  0xbc, 0xf8, 0xde, 0x51, 0x54, 0xb9, 0x2b, 0xba, 0x78, 0x04, 0x1b, 0x4e,
  0x60, 0x5f, 0x36, 0x71, 0x5d, 0xb9, 0x4a, 0x99, 0x7c, 0xc5, 0x9e, 0x6f,
  0x35, 0xd9, 0x35, 0x0a, 0x54, 0xe4, 0x2b, 0xf2, 0x00, 0x06, 0x4f, 0xbf,
  0x13, 0xd9, 0x35, 0xa9, 0xce, 0x07, 0xfd, 0x43, 0xc6, 0xc1, 0x08, 0x7f,
  0x9e, 0x59, 0xd6, 0x02, 0x70, 0x7e, 0xb4, 0x1c, 0xc7, 0xe5, 0x77, 0x11,
  0xc3, 0x6f, 0xb9, 0x43, 0xf8, 0x97, 0xad, 0x00, 0xde, 0x8d, 0xab, 0x40,
  0x0a, 0x44, 0xbd, 0x4c, 0xf9, 0x26, 0x27, 0x81, 0xfa, 0x81, 0x9c, 0xe7,
  0x4a, 0xf2, 0x53, 0xa6, 0x41, 0x97, 0x34, 0x00, 0xd7, 0xdb, 0xa2, 0xf2,
  0xe3, 0xce, 0xfd, 0xc4, 0x37, 0x1c, 0x33, 0xa3, 0x7f, 0xcc, 0x16, 0x53,
  0x21, 0xc8, 0x27, 0x25, 0x0b, 0x31, 0x12, 0x20, 0x2e, 0x0f, 0xf9, 0x63,
  0xfe, 0xb4, 0xe8, 0xe3, 0xfd, 0x9c, 0xf2, 0xed, 0x35, 0x1f, 0xc9, 0x17,
  0x4d, 0x18, 0xf7, 0x41, 0x11, 0xd2, 0x19, 0x55, 0x22, 0x01, 0xed, 0x63,
  0xcc, 0x1a, 0x17, 0xe4, 0x17, 0x1a, 0x28, 0xdc, 0xde, 0xfd, 0xff, 0xff,
  0x04, 0x00, 0x00, 0x00, 0x40, 0x00, 0x00, 0x00, 0xa6, 0x09, 0x00, 0x00,
  0x06, 0xf4, 0xff, 0xff, 0xe6, 0x0a, 0x00, 0x00, 0xa3, 0xf5, 0xff, 0xff,
  0x70, 0xf6, 0xff, 0xff, 0xfb, 0x09, 0x00, 0x00, 0x10, 0xfe, 0xff, 0xff,
  0x7d, 0x0b, 0x00, 0x00, 0xec, 0xfc, 0xff, 0xff, 0x67, 0x10, 0x00, 0x00,
  0x0e, 0x16, 0x00, 0x00, 0xcb, 0x0d, 0x00, 0x00, 0x85, 0x04, 0x00, 0x00,
  0xe7, 0xf5, 0xff, 0xff, 0x6d, 0xff, 0xff, 0xff, 0x75, 0x0d, 0x00, 0x00,
  0x2a, 0xfe, 0xff, 0xff, 0x04, 0x00, 0x00, 0x00, 0x10, 0x00, 0x00, 0x00,
  0xd8, 0xd5, 0xf8, 0xf0, 0xe3, 0x64, 0x7f, 0x43, 0xdf, 0xcd, 0x4d, 0xc0,
  0x43, 0xc4, 0x0e, 0xba, 0x46, 0xfe, 0xff, 0xff, 0x04, 0x00, 0x00, 0x00,
  0x10, 0x00, 0x00, 0x00, 0xee, 0x0c, 0xef, 0xef, 0xf4, 0x8a, 0x8e, 0x96,
  0xf0, 0xf7, 0x80, 0xf7, 0x88, 0xfe, 0x87, 0xfd, 0x62, 0xfe, 0xff, 0xff,
  0x04, 0x00, 0x00, 0x00, 0x70, 0x00, 0x00, 0x00, 0x18, 0x0a, 0x0c, 0x54,
  0x0a, 0x34, 0x8f, 0x29, 0xec, 0x36, 0x81, 0x3d, 0x27, 0x61, 0xea, 0x33,
  0x67, 0x6d, 0x2b, 0xe4, 0x13, 0x01, 0xfb, 0x0d, 0x12, 0x74, 0xb6, 0xcf,
  0x98, 0x7f, 0x8c, 0x1b, 0xd6, 0xb5, 0x9b, 0xb0, 0x95, 0x45, 0x36, 0x7f,
  0xd7, 0x8a, 0x4e, 0x97, 0x60, 0xea, 0x6f, 0x8e, 0x29, 0x50, 0x60, 0xc6,
  0x38, 0x83, 0xeb, 0x81, 0x12, 0xf2, 0x30, 0x41, 0xc2, 0x5e, 0x08, 0x66,
  0x5b, 0x19, 0x78, 0xce, 0xe6, 0xb8, 0xfb, 0x16, 0x40, 0xff, 0xe1, 0x55,
  0xe9, 0x7f, 0x2f, 0x5c, 0xca, 0x11, 0x4d, 0xda, 0xde, 0xa8, 0xc0, 0x81,
  0x3a, 0xe4, 0xe2, 0xf3, 0x9a, 0xff, 0x19, 0x0e, 0x20, 0x5a, 0x73, 0xf0,
  0x06, 0xc3, 0x22, 0x2b, 0x6c, 0xd4, 0x1b, 0x40, 0xbe, 0x7f, 0xf4, 0x57,
  0xde, 0xfe, 0xff, 0xff, 0x04, 0x00, 0x00, 0x00, 0x1c, 0x00, 0x00, 0x00,
  0x40, 0xd4, 0xff, 0xff, 0x95, 0x11, 0x00, 0x00, 0x43, 0x14, 0x00, 0x00,
  0x69, 0xeb, 0xff, 0xff, 0x5d, 0xd9, 0xff, 0xff, 0x8a, 0xe0, 0xff, 0xff,
  0x01, 0xfa, 0xff, 0xff, 0x06, 0xff, 0xff, 0xff, 0x04, 0x00, 0x00, 0x00,
  0x08, 0x00, 0x00, 0x00, 0x01, 0x00, 0x00, 0x00, 0x02, 0x00, 0x00, 0x00,
  0xe0, 0xcb, 0xff, 0xff, 0xe4, 0xcb, 0xff, 0xff, 0x0f, 0x00, 0x00, 0x00,
  0x4d, 0x4c, 0x49, 0x52, 0x20, 0x43, 0x6f, 0x6e, 0x76, 0x65, 0x72, 0x74,
  0x65, 0x64, 0x2e, 0x00, 0x01, 0x00, 0x00, 0x00, 0x14, 0x00, 0x00, 0x00,
  0x00, 0x00, 0x0e, 0x00, 0x18, 0x00, 0x14, 0x00, 0x10, 0x00, 0x0c, 0x00,
  0x08, 0x00, 0x04, 0x00, 0x0e, 0x00, 0x00, 0x00, 0x14, 0x00, 0x00, 0x00,
  0x1c, 0x00, 0x00, 0x00, 0x94, 0x06, 0x00, 0x00, 0x98, 0x06, 0x00, 0x00,
  0x9c, 0x06, 0x00, 0x00, 0x04, 0x00, 0x00, 0x00, 0x6d, 0x61, 0x69, 0x6e,
  0x00, 0x00, 0x00, 0x00, 0x1c, 0x00, 0x00, 0x00, 0x30, 0x06, 0x00, 0x00,
  0xec, 0x05, 0x00, 0x00, 0xa8, 0x05, 0x00, 0x00, 0x68, 0x05, 0x00, 0x00,
  0x34, 0x05, 0x00, 0x00, 0x00, 0x05, 0x00, 0x00, 0xc0, 0x04, 0x00, 0x00,
  0x8c, 0x04, 0x00, 0x00, 0x58, 0x04, 0x00, 0x00, 0x18, 0x04, 0x00, 0x00,
  0xe4, 0x03, 0x00, 0x00, 0xb0, 0x03, 0x00, 0x00, 0x70, 0x03, 0x00, 0x00,
  0x3c, 0x03, 0x00, 0x00, 0x08, 0x03, 0x00, 0x00, 0xc8, 0x02, 0x00, 0x00,
  0x94, 0x02, 0x00, 0x00, 0x60, 0x02, 0x00, 0x00, 0x20, 0x02, 0x00, 0x00,
  0xec, 0x01, 0x00, 0x00, 0xb8, 0x01, 0x00, 0x00, 0x78, 0x01, 0x00, 0x00,
  0x44, 0x01, 0x00, 0x00, 0x10, 0x01, 0x00, 0x00, 0xbc, 0x00, 0x00, 0x00,
  0x78, 0x00, 0x00, 0x00, 0x40, 0x00, 0x00, 0x00, 0x04, 0x00, 0x00, 0x00,
  0x62, 0xff, 0xff, 0xff, 0x1c, 0x00, 0x00, 0x00, 0x00, 0x00, 0x00, 0x09,
  0x1c, 0x00, 0x00, 0x00, 0x20, 0x00, 0x00, 0x00, 0x06, 0x00, 0x00, 0x00,
  0x00, 0x00, 0x06, 0x00, 0x08, 0x00, 0x04, 0x00, 0x06, 0x00, 0x00, 0x00,
  0x00, 0x00, 0x80, 0x3f, 0x01, 0x00, 0x00, 0x00, 0x3f, 0x00, 0x00, 0x00,
  0x01, 0x00, 0x00, 0x00, 0x3e, 0x00, 0x00, 0x00, 0xc6, 0xfa, 0xff, 0xff,
  0x14, 0x00, 0x00, 0x00, 0x00, 0x00, 0x00, 0x08, 0x10, 0x00, 0x00, 0x00,
  0x14, 0x00, 0x00, 0x00, 0x05, 0x00, 0x00, 0x00, 0xfc, 0xcc, 0xff, 0xff,
  0x01, 0x00, 0x00, 0x00, 0x3e, 0x00, 0x00, 0x00, 0x03, 0x00, 0x00, 0x00,
  0x3d, 0x00, 0x00, 0x00, 0x03, 0x00, 0x00, 0x00, 0x02, 0x00, 0x00, 0x00,
  0xfa, 0xfa, 0xff, 0xff, 0x14, 0x00, 0x00, 0x00, 0x00, 0x00, 0x00, 0x1b,
  0x10, 0x00, 0x00, 0x00, 0x14, 0x00, 0x00, 0x00, 0x04, 0x00, 0x00, 0x00,
  0x30, 0xcd, 0xff, 0xff, 0x01, 0x00, 0x00, 0x00, 0x3d, 0x00, 0x00, 0x00,
  0x02, 0x00, 0x00, 0x00, 0x3c, 0x00, 0x00, 0x00, 0x01, 0x00, 0x00, 0x00,
  0x00, 0x00, 0x0e, 0x00, 0x1a, 0x00, 0x14, 0x00, 0x10, 0x00, 0x0c, 0x00,
  0x0b, 0x00, 0x04, 0x00, 0x0e, 0x00, 0x00, 0x00, 0x24, 0x00, 0x00, 0x00,
  0x00, 0x00, 0x00, 0x05, 0x34, 0x00, 0x00, 0x00, 0x38, 0x00, 0x00, 0x00,
  0x03, 0x00, 0x00, 0x00, 0x00, 0x00, 0x0e, 0x00, 0x18, 0x00, 0x17, 0x00,
  0x10, 0x00, 0x0c, 0x00, 0x08, 0x00, 0x04, 0x00, 0x0e, 0x00, 0x00, 0x00,
  0x02, 0x00, 0x00, 0x00, 0x01, 0x00, 0x00, 0x00, 0x02, 0x00, 0x00, 0x00,
  0x01, 0x00, 0x00, 0x00, 0x00, 0x00, 0x00, 0x01, 0x01, 0x00, 0x00, 0x00,
  0x3c, 0x00, 0x00, 0x00, 0x01, 0x00, 0x00, 0x00, 0x3b, 0x00, 0x00, 0x00,
  0x8a, 0xfb, 0xff, 0xff, 0x14, 0x00, 0x00, 0x00, 0x00, 0x00, 0x00, 0x0b,
  0x10, 0x00, 0x00, 0x00, 0x14, 0x00, 0x00, 0x00, 0x02, 0x00, 0x00, 0x00,
  0xc0, 0xcd, 0xff, 0xff, 0x01, 0x00, 0x00, 0x00, 0x3b, 0x00, 0x00, 0x00,
  0x02, 0x00, 0x00, 0x00, 0x3a, 0x00, 0x00, 0x00, 0x04, 0x00, 0x00, 0x00,
  0xba, 0xfb, 0xff, 0xff, 0x14, 0x00, 0x00, 0x00, 0x00, 0x00, 0x00, 0x15,
  0x10, 0x00, 0x00, 0x00, 0x14, 0x00, 0x00, 0x00, 0x01, 0x00, 0x00, 0x00,
  0xf0, 0xcd, 0xff, 0xff, 0x01, 0x00, 0x00, 0x00, 0x3a, 0x00, 0x00, 0x00,
  0x02, 0x00, 0x00, 0x00, 0x39, 0x00, 0x00, 0x00, 0x05, 0x00, 0x00, 0x00,
  0xaa, 0xfb, 0xff, 0xff, 0x10, 0x00, 0x00, 0x00, 0x00, 0x00, 0x00, 0x01,
  0x18, 0x00, 0x00, 0x00, 0x1c, 0x00, 0x00, 0x00, 0x9c, 0xfb, 0xff, 0xff,
  0x00, 0x00, 0x00, 0x01, 0x01, 0x00, 0x00, 0x00, 0x01, 0x00, 0x00, 0x00,
  0x01, 0x00, 0x00, 0x00, 0x39, 0x00, 0x00, 0x00, 0x03, 0x00, 0x00, 0x00,
  0x38, 0x00, 0x00, 0x00, 0x07, 0x00, 0x00, 0x00, 0x06, 0x00, 0x00, 0x00,
  0x26, 0xfc, 0xff, 0xff, 0x14, 0x00, 0x00, 0x00, 0x00, 0x00, 0x00, 0x0b,
  0x10, 0x00, 0x00, 0x00, 0x14, 0x00, 0x00, 0x00, 0x02, 0x00, 0x00, 0x00,
  0x5c, 0xce, 0xff, 0xff, 0x01, 0x00, 0x00, 0x00, 0x38, 0x00, 0x00, 0x00,
  0x02, 0x00, 0x00, 0x00, 0x37, 0x00, 0x00, 0x00, 0x08, 0x00, 0x00, 0x00,
  0x56, 0xfc, 0xff, 0xff, 0x14, 0x00, 0x00, 0x00, 0x00, 0x00, 0x00, 0x15,
  0x10, 0x00, 0x00, 0x00, 0x14, 0x00, 0x00, 0x00, 0x01, 0x00, 0x00, 0x00,
  0x8c, 0xce, 0xff, 0xff, 0x01, 0x00, 0x00, 0x00, 0x37, 0x00, 0x00, 0x00,
  0x02, 0x00, 0x00, 0x00, 0x36, 0x00, 0x00, 0x00, 0x09, 0x00, 0x00, 0x00,
  0x46, 0xfc, 0xff, 0xff, 0x10, 0x00, 0x00, 0x00, 0x00, 0x00, 0x00, 0x01,
  0x18, 0x00, 0x00, 0x00, 0x1c, 0x00, 0x00, 0x00, 0x38, 0xfc, 0xff, 0xff,
  0x00, 0x00, 0x00, 0x01, 0x01, 0x00, 0x00, 0x00, 0x01, 0x00, 0x00, 0x00,
  0x01, 0x00, 0x00, 0x00, 0x36, 0x00, 0x00, 0x00, 0x03, 0x00, 0x00, 0x00,
  0x35, 0x00, 0x00, 0x00, 0x0b, 0x00, 0x00, 0x00, 0x0a, 0x00, 0x00, 0x00,
  0xc2, 0xfc, 0xff, 0xff, 0x14, 0x00, 0x00, 0x00, 0x00, 0x00, 0x00, 0x0b,
  0x10, 0x00, 0x00, 0x00, 0x14, 0x00, 0x00, 0x00, 0x02, 0x00, 0x00, 0x00,
  0xf8, 0xce, 0xff, 0xff, 0x01, 0x00, 0x00, 0x00, 0x35, 0x00, 0x00, 0x00,
  0x02, 0x00, 0x00, 0x00, 0x34, 0x00, 0x00, 0x00, 0x0c, 0x00, 0x00, 0x00,
  0xf2, 0xfc, 0xff, 0xff, 0x14, 0x00, 0x00, 0x00, 0x00, 0x00, 0x00, 0x15,
  0x10, 0x00, 0x00, 0x00, 0x14, 0x00, 0x00, 0x00, 0x01, 0x00, 0x00, 0x00,
  0x28, 0xcf, 0xff, 0xff, 0x01, 0x00, 0x00, 0x00, 0x34, 0x00, 0x00, 0x00,
  0x02, 0x00, 0x00, 0x00, 0x33, 0x00, 0x00, 0x00, 0x0d, 0x00, 0x00, 0x00,
  0xe2, 0xfc, 0xff, 0xff, 0x10, 0x00, 0x00, 0x00, 0x00, 0x00, 0x00, 0x01,
  0x18, 0x00, 0x00, 0x00, 0x1c, 0x00, 0x00, 0x00, 0xd4, 0xfc, 0xff, 0xff,
  0x00, 0x00, 0x00, 0x01, 0x01, 0x00, 0x00, 0x00, 0x01, 0x00, 0x00, 0x00,
  0x01, 0x00, 0x00, 0x00, 0x33, 0x00, 0x00, 0x00, 0x03, 0x00, 0x00, 0x00,
  0x32, 0x00, 0x00, 0x00, 0x0f, 0x00, 0x00, 0x00, 0x0e, 0x00, 0x00, 0x00,
  0x5e, 0xfd, 0xff, 0xff, 0x14, 0x00, 0x00, 0x00, 0x00, 0x00, 0x00, 0x0b,
  0x10, 0x00, 0x00, 0x00, 0x14, 0x00, 0x00, 0x00, 0x02, 0x00, 0x00, 0x00,
  0x94, 0xcf, 0xff, 0xff, 0x01, 0x00, 0x00, 0x00, 0x32, 0x00, 0x00, 0x00,
  0x02, 0x00, 0x00, 0x00, 0x31, 0x00, 0x00, 0x00, 0x10, 0x00, 0x00, 0x00,
  0x8e, 0xfd, 0xff, 0xff, 0x14, 0x00, 0x00, 0x00, 0x00, 0x00, 0x00, 0x15,
  0x10, 0x00, 0x00, 0x00, 0x14, 0x00, 0x00, 0x00, 0x01, 0x00, 0x00, 0x00,
  0xc4, 0xcf, 0xff, 0xff, 0x01, 0x00, 0x00, 0x00, 0x31, 0x00, 0x00, 0x00,
  0x02, 0x00, 0x00, 0x00, 0x30, 0x00, 0x00, 0x00, 0x11, 0x00, 0x00, 0x00,
  0x7e, 0xfd, 0xff, 0xff, 0x10, 0x00, 0x00, 0x00, 0x00, 0x00, 0x00, 0x01,
  0x18, 0x00, 0x00, 0x00, 0x1c, 0x00, 0x00, 0x00, 0x70, 0xfd, 0xff, 0xff,
  0x00, 0x00, 0x00, 0x01, 0x01, 0x00, 0x00, 0x00, 0x01, 0x00, 0x00, 0x00,
  0x01, 0x00, 0x00, 0x00, 0x30, 0x00, 0x00, 0x00, 0x03, 0x00, 0x00, 0x00,
  0x2f, 0x00, 0x00, 0x00, 0x13, 0x00, 0x00, 0x00, 0x12, 0x00, 0x00, 0x00,
  0xfa, 0xfd, 0xff, 0xff, 0x14, 0x00, 0x00, 0x00, 0x00, 0x00, 0x00, 0x0b,
  0x10, 0x00, 0x00, 0x00, 0x14, 0x00, 0x00, 0x00, 0x02, 0x00, 0x00, 0x00,
  0x30, 0xd0, 0xff, 0xff, 0x01, 0x00, 0x00, 0x00, 0x2f, 0x00, 0x00, 0x00,
  0x02, 0x00, 0x00, 0x00, 0x2e, 0x00, 0x00, 0x00, 0x14, 0x00, 0x00, 0x00,
  0x2a, 0xfe, 0xff, 0xff, 0x14, 0x00, 0x00, 0x00, 0x00, 0x00, 0x00, 0x15,
  0x10, 0x00, 0x00, 0x00, 0x14, 0x00, 0x00, 0x00, 0x01, 0x00, 0x00, 0x00,
  0x60, 0xd0, 0xff, 0xff, 0x01, 0x00, 0x00, 0x00, 0x2e, 0x00, 0x00, 0x00,
  0x02, 0x00, 0x00, 0x00, 0x2d, 0x00, 0x00, 0x00, 0x15, 0x00, 0x00, 0x00,
  0x1a, 0xfe, 0xff, 0xff, 0x10, 0x00, 0x00, 0x00, 0x00, 0x00, 0x00, 0x01,
  0x18, 0x00, 0x00, 0x00, 0x1c, 0x00, 0x00, 0x00, 0x0c, 0xfe, 0xff, 0xff,
  0x00, 0x00, 0x00, 0x01, 0x01, 0x00, 0x00, 0x00, 0x01, 0x00, 0x00, 0x00,
  0x01, 0x00, 0x00, 0x00, 0x2d, 0x00, 0x00, 0x00, 0x03, 0x00, 0x00, 0x00,
  0x2c, 0x00, 0x00, 0x00, 0x17, 0x00, 0x00, 0x00, 0x16, 0x00, 0x00, 0x00,
  0x96, 0xfe, 0xff, 0xff, 0x14, 0x00, 0x00, 0x00, 0x00, 0x00, 0x00, 0x0b,
  0x10, 0x00, 0x00, 0x00, 0x14, 0x00, 0x00, 0x00, 0x02, 0x00, 0x00, 0x00,
  0xcc, 0xd0, 0xff, 0xff, 0x01, 0x00, 0x00, 0x00, 0x2c, 0x00, 0x00, 0x00,
  0x02, 0x00, 0x00, 0x00, 0x2b, 0x00, 0x00, 0x00, 0x18, 0x00, 0x00, 0x00,
  0xc6, 0xfe, 0xff, 0xff, 0x14, 0x00, 0x00, 0x00, 0x00, 0x00, 0x00, 0x15,
  0x10, 0x00, 0x00, 0x00, 0x14, 0x00, 0x00, 0x00, 0x01, 0x00, 0x00, 0x00,
  0xfc, 0xd0, 0xff, 0xff, 0x01, 0x00, 0x00, 0x00, 0x2b, 0x00, 0x00, 0x00,
  0x02, 0x00, 0x00, 0x00, 0x2a, 0x00, 0x00, 0x00, 0x19, 0x00, 0x00, 0x00,
  0xb6, 0xfe, 0xff, 0xff, 0x10, 0x00, 0x00, 0x00, 0x00, 0x00, 0x00, 0x01,
  0x18, 0x00, 0x00, 0x00, 0x1c, 0x00, 0x00, 0x00, 0xa8, 0xfe, 0xff, 0xff,
  0x00, 0x00, 0x00, 0x01, 0x01, 0x00, 0x00, 0x00, 0x01, 0x00, 0x00, 0x00,
  0x01, 0x00, 0x00, 0x00, 0x2a, 0x00, 0x00, 0x00, 0x03, 0x00, 0x00, 0x00,
  0x29, 0x00, 0x00, 0x00, 0x1b, 0x00, 0x00, 0x00, 0x1a, 0x00, 0x00, 0x00,
  0x32, 0xff, 0xff, 0xff, 0x14, 0x00, 0x00, 0x00, 0x00, 0x00, 0x00, 0x0b,
  0x10, 0x00, 0x00, 0x00, 0x14, 0x00, 0x00, 0x00, 0x02, 0x00, 0x00, 0x00,
  0x68, 0xd1, 0xff, 0xff, 0x01, 0x00, 0x00, 0x00, 0x29, 0x00, 0x00, 0x00,
  0x02, 0x00, 0x00, 0x00, 0x28, 0x00, 0x00, 0x00, 0x1c, 0x00, 0x00, 0x00,
  0x62, 0xff, 0xff, 0xff, 0x14, 0x00, 0x00, 0x00, 0x00, 0x00, 0x00, 0x15,
  0x10, 0x00, 0x00, 0x00, 0x14, 0x00, 0x00, 0x00, 0x01, 0x00, 0x00, 0x00,
  0x98, 0xd1, 0xff, 0xff, 0x01, 0x00, 0x00, 0x00, 0x28, 0x00, 0x00, 0x00,
  0x02, 0x00, 0x00, 0x00, 0x27, 0x00, 0x00, 0x00, 0x1d, 0x00, 0x00, 0x00,
  0x52, 0xff, 0xff, 0xff, 0x10, 0x00, 0x00, 0x00, 0x00, 0x00, 0x00, 0x01,
  0x18, 0x00, 0x00, 0x00, 0x1c, 0x00, 0x00, 0x00, 0x44, 0xff, 0xff, 0xff,
  0x00, 0x00, 0x00, 0x01, 0x01, 0x00, 0x00, 0x00, 0x01, 0x00, 0x00, 0x00,
  0x01, 0x00, 0x00, 0x00, 0x27, 0x00, 0x00, 0x00, 0x03, 0x00, 0x00, 0x00,
  0x26, 0x00, 0x00, 0x00, 0x1f, 0x00, 0x00, 0x00, 0x1e, 0x00, 0x00, 0x00,
  0xce, 0xff, 0xff, 0xff, 0x14, 0x00, 0x00, 0x00, 0x00, 0x00, 0x00, 0x0b,
  0x10, 0x00, 0x00, 0x00, 0x14, 0x00, 0x00, 0x00, 0x02, 0x00, 0x00, 0x00,
  0x04, 0xd2, 0xff, 0xff, 0x01, 0x00, 0x00, 0x00, 0x26, 0x00, 0x00, 0x00,
  0x02, 0x00, 0x00, 0x00, 0x25, 0x00, 0x00, 0x00, 0x20, 0x00, 0x00, 0x00,
  0x00, 0x00, 0x0e, 0x00, 0x18, 0x00, 0x14, 0x00, 0x10, 0x00, 0x0c, 0x00,
  0x0b, 0x00, 0x04, 0x00, 0x0e, 0x00, 0x00, 0x00, 0x14, 0x00, 0x00, 0x00,
  0x00, 0x00, 0x00, 0x15, 0x10, 0x00, 0x00, 0x00, 0x14, 0x00, 0x00, 0x00,
  0x01, 0x00, 0x00, 0x00, 0x44, 0xd2, 0xff, 0xff, 0x01, 0x00, 0x00, 0x00,
  0x25, 0x00, 0x00, 0x00, 0x02, 0x00, 0x00, 0x00, 0x24, 0x00, 0x00, 0x00,
  0x21, 0x00, 0x00, 0x00, 0x00, 0x00, 0x0e, 0x00, 0x14, 0x00, 0x00, 0x00,
  0x10, 0x00, 0x0c, 0x00, 0x0b, 0x00, 0x04, 0x00, 0x0e, 0x00, 0x00, 0x00,
  0x1c, 0x00, 0x00, 0x00, 0x00, 0x00, 0x00, 0x01, 0x24, 0x00, 0x00, 0x00,
  0x28, 0x00, 0x00, 0x00, 0x0c, 0x00, 0x10, 0x00, 0x00, 0x00, 0x0c, 0x00,
  0x08, 0x00, 0x07, 0x00, 0x0c, 0x00, 0x00, 0x00, 0x00, 0x00, 0x00, 0x01,
  0x01, 0x00, 0x00, 0x00, 0x01, 0x00, 0x00, 0x00, 0x01, 0x00, 0x00, 0x00,
  0x24, 0x00, 0x00, 0x00, 0x03, 0x00, 0x00, 0x00, 0x00, 0x00, 0x00, 0x00,
  0x23, 0x00, 0x00, 0x00, 0x22, 0x00, 0x00, 0x00, 0x01, 0x00, 0x00, 0x00,
  0x3f, 0x00, 0x00, 0x00, 0x01, 0x00, 0x00, 0x00, 0x00, 0x00, 0x00, 0x00,
  0x40, 0x00, 0x00, 0x00, 0x9c, 0x2d, 0x00, 0x00, 0x18, 0x2d, 0x00, 0x00,
  0x58, 0x2c, 0x00, 0x00, 0x94, 0x2b, 0x00, 0x00, 0x38, 0x2b, 0x00, 0x00,
  0xdc, 0x2a, 0x00, 0x00, 0x68, 0x29, 0x00, 0x00, 0x2c, 0x28, 0x00, 0x00,
  0xd0, 0x27, 0x00, 0x00, 0x74, 0x27, 0x00, 0x00, 0x00, 0x26, 0x00, 0x00,
  0xc4, 0x24, 0x00, 0x00, 0x68, 0x24, 0x00, 0x00, 0x0c, 0x24, 0x00, 0x00,
  0x98, 0x22, 0x00, 0x00, 0x5c, 0x21, 0x00, 0x00, 0x00, 0x21, 0x00, 0x00,
  0xa4, 0x20, 0x00, 0x00, 0x30, 0x1f, 0x00, 0x00, 0xf4, 0x1d, 0x00, 0x00,
  0x98, 0x1d, 0x00, 0x00, 0x3c, 0x1d, 0x00, 0x00, 0xc8, 0x1b, 0x00, 0x00,
  0x8c, 0x1a, 0x00, 0x00, 0x30, 0x1a, 0x00, 0x00, 0xd4, 0x19, 0x00, 0x00,
  0x60, 0x18, 0x00, 0x00, 0x24, 0x17, 0x00, 0x00, 0xc8, 0x16, 0x00, 0x00,
  0x74, 0x16, 0x00, 0x00, 0x00, 0x15, 0x00, 0x00, 0xc4, 0x13, 0x00, 0x00,
  0x70, 0x13, 0x00, 0x00, 0x1c, 0x13, 0x00, 0x00, 0xa8, 0x11, 0x00, 0x00,
  0x6c, 0x10, 0x00, 0x00, 0xa0, 0x0f, 0x00, 0x00, 0x24, 0x0f, 0x00, 0x00,
  0xa0, 0x0e, 0x00, 0x00, 0xd4, 0x0d, 0x00, 0x00, 0x58, 0x0d, 0x00, 0x00,
  0xd4, 0x0c, 0x00, 0x00, 0x08, 0x0c, 0x00, 0x00, 0x8c, 0x0b, 0x00, 0x00,
  0x08, 0x0b, 0x00, 0x00, 0x3c, 0x0a, 0x00, 0x00, 0xc0, 0x09, 0x00, 0x00,
  0x3c, 0x09, 0x00, 0x00, 0x70, 0x08, 0x00, 0x00, 0xf4, 0x07, 0x00, 0x00,
  0x70, 0x07, 0x00, 0x00, 0xa4, 0x06, 0x00, 0x00, 0x28, 0x06, 0x00, 0x00,
  0xa4, 0x05, 0x00, 0x00, 0xd8, 0x04, 0x00, 0x00, 0x5c, 0x04, 0x00, 0x00,
  0xd8, 0x03, 0x00, 0x00, 0x0c, 0x03, 0x00, 0x00, 0x90, 0x02, 0x00, 0x00,
  0x0c, 0x02, 0x00, 0x00, 0x88, 0x01, 0x00, 0x00, 0x0c, 0x01, 0x00, 0x00,
  0x68, 0x00, 0x00, 0x00, 0x04, 0x00, 0x00, 0x00, 0x7a, 0xd3, 0xff, 0xff,
  0x00, 0x00, 0x00, 0x01, 0x14, 0x00, 0x00, 0x00, 0x30, 0x00, 0x00, 0x00,
  0x40, 0x00, 0x00, 0x00, 0x00, 0x00, 0x00, 0x09, 0x3c, 0x00, 0x00, 0x00,
  0x64, 0xd3, 0xff, 0xff, 0x08, 0x00, 0x00, 0x00, 0x10, 0x00, 0x00, 0x00,
  0x01, 0x00, 0x00, 0x00, 0x80, 0xff, 0xff, 0xff, 0xff, 0xff, 0xff, 0xff,
  0x01, 0x00, 0x00, 0x00, 0x00, 0x00, 0x80, 0x3b, 0x11, 0x00, 0x00, 0x00,
  0x50, 0x61, 0x72, 0x74, 0x69, 0x74, 0x69, 0x6f, 0x6e, 0x65, 0x64, 0x43,
  0x61, 0x6c, 0x6c, 0x3a, 0x30, 0x00, 0x00, 0x00, 0x02, 0x00, 0x00, 0x00,
  0x01, 0x00, 0x00, 0x00, 0x07, 0x00, 0x00, 0x00, 0xda, 0xd3, 0xff, 0xff,
  0x00, 0x00, 0x00, 0x01, 0x14, 0x00, 0x00, 0x00, 0x34, 0x00, 0x00, 0x00,
  0x3f, 0x00, 0x00, 0x00, 0x00, 0x00, 0x00, 0x09, 0x7c, 0x00, 0x00, 0x00,
  0xc4, 0xd3, 0xff, 0xff, 0x08, 0x00, 0x00, 0x00, 0x14, 0x00, 0x00, 0x00,
  0x01, 0x00, 0x00, 0x00, 0xdd, 0xff, 0xff, 0xff, 0xff, 0xff, 0xff, 0xff,
  0x00, 0x00, 0x00, 0x00, 0x01, 0x00, 0x00, 0x00, 0x6c, 0x9a, 0xb9, 0x3c,
  0x4d, 0x00, 0x00, 0x00, 0x6d, 0x6f, 0x64, 0x65, 0x6c, 0x5f, 0x32, 0x33,
  0x35, 0x2f, 0x74, 0x66, 0x2e, 0x6c, 0x69, 0x6e, 0x61, 0x6c, 0x67, 0x2e,
  0x6d, 0x61, 0x74, 0x6d, 0x75, 0x6c, 0x5f, 0x36, 0x37, 0x2f, 0x4d, 0x61,
  0x74, 0x4d, 0x75, 0x6c, 0x3b, 0x6d, 0x6f, 0x64, 0x65, 0x6c, 0x5f, 0x32,
  0x33, 0x35, 0x2f, 0x74, 0x66, 0x2e, 0x5f, 0x5f, 0x6f, 0x70, 0x65, 0x72,
  0x61, 0x74, 0x6f, 0x72, 0x73, 0x5f, 0x5f, 0x2e, 0x61, 0x64, 0x64, 0x5f,
  0x32, 0x33, 0x35, 0x2f, 0x41, 0x64, 0x64, 0x56, 0x32, 0x00, 0x00, 0x00,
  0x02, 0x00, 0x00, 0x00, 0x01, 0x00, 0x00, 0x00, 0x07, 0x00, 0x00, 0x00,
  0x7a, 0xd4, 0xff, 0xff, 0x00, 0x00, 0x00, 0x01, 0x14, 0x00, 0x00, 0x00,
  0x34, 0x00, 0x00, 0x00, 0x3e, 0x00, 0x00, 0x00, 0x00, 0x00, 0x00, 0x09,
  0x54, 0x00, 0x00, 0x00, 0x64, 0xd4, 0xff, 0xff, 0x08, 0x00, 0x00, 0x00,
  0x14, 0x00, 0x00, 0x00, 0x01, 0x00, 0x00, 0x00, 0xbd, 0xff, 0xff, 0xff,
  0xff, 0xff, 0xff, 0xff, 0x00, 0x00, 0x00, 0x00, 0x01, 0x00, 0x00, 0x00,
  0x21, 0x1d, 0x1c, 0x3c, 0x25, 0x00, 0x00, 0x00, 0x6d, 0x6f, 0x64, 0x65,
  0x6c, 0x5f, 0x32, 0x33, 0x35, 0x2f, 0x74, 0x66, 0x2e, 0x6d, 0x61, 0x74,
  0x68, 0x2e, 0x72, 0x65, 0x64, 0x75, 0x63, 0x65, 0x5f, 0x6d, 0x65, 0x61,
  0x6e, 0x5f, 0x36, 0x37, 0x2f, 0x4d, 0x65, 0x61, 0x6e, 0x00, 0x00, 0x00,
  0x02, 0x00, 0x00, 0x00, 0x01, 0x00, 0x00, 0x00, 0x10, 0x00, 0x00, 0x00,
  0xf2, 0xd4, 0xff, 0xff, 0x00, 0x00, 0x00, 0x01, 0x14, 0x00, 0x00, 0x00,
  0x34, 0x00, 0x00, 0x00, 0x3d, 0x00, 0x00, 0x00, 0x00, 0x00, 0x00, 0x09,
  0x54, 0x00, 0x00, 0x00, 0xdc, 0xd4, 0xff, 0xff, 0x08, 0x00, 0x00, 0x00,
  0x14, 0x00, 0x00, 0x00, 0x01, 0x00, 0x00, 0x00, 0xbb, 0xff, 0xff, 0xff,
  0xff, 0xff, 0xff, 0xff, 0x00, 0x00, 0x00, 0x00, 0x01, 0x00, 0x00, 0x00,
  0x39, 0x75, 0x8f, 0x3c, 0x27, 0x00, 0x00, 0x00, 0x6d, 0x6f, 0x64, 0x65,
  0x6c, 0x5f, 0x32, 0x33, 0x35, 0x2f, 0x74, 0x66, 0x2e, 0x6e, 0x6e, 0x2e,
  0x6d, 0x61, 0x78, 0x5f, 0x70, 0x6f, 0x6f, 0x6c, 0x32, 0x64, 0x5f, 0x35,
  0x37, 0x2f, 0x4d, 0x61, 0x78, 0x50, 0x6f, 0x6f, 0x6c, 0x32, 0x64, 0x00,
  0x04, 0x00, 0x00, 0x00, 0x01, 0x00, 0x00, 0x00, 0x07, 0x00, 0x00, 0x00,
  0x01, 0x00, 0x00, 0x00, 0x10, 0x00, 0x00, 0x00, 0x72, 0xd5, 0xff, 0xff,
  0x00, 0x00, 0x00, 0x01, 0x14, 0x00, 0x00, 0x00, 0x30, 0x00, 0x00, 0x00,
  0x3c, 0x00, 0x00, 0x00, 0x00, 0x00, 0x00, 0x09, 0x54, 0x00, 0x00, 0x00,
  0x5c, 0xd5, 0xff, 0xff, 0x08, 0x00, 0x00, 0x00, 0x10, 0x00, 0x00, 0x00,
  0x01, 0x00, 0x00, 0x00, 0xbb, 0xff, 0xff, 0xff, 0xff, 0xff, 0xff, 0xff,
  0x01, 0x00, 0x00, 0x00, 0x39, 0x75, 0x8f, 0x3c, 0x28, 0x00, 0x00, 0x00,
  0x6d, 0x6f, 0x64, 0x65, 0x6c, 0x5f, 0x32, 0x33, 0x35, 0x2f, 0x74, 0x66,
  0x2e, 0x5f, 0x5f, 0x6f, 0x70, 0x65, 0x72, 0x61, 0x74, 0x6f, 0x72, 0x73,
  0x5f, 0x5f, 0x2e, 0x61, 0x64, 0x64, 0x5f, 0x32, 0x33, 0x34, 0x2f, 0x41,
  0x64, 0x64, 0x56, 0x32, 0x00, 0x00, 0x00, 0x00, 0x04, 0x00, 0x00, 0x00,
  0x01, 0x00, 0x00, 0x00, 0x0f, 0x00, 0x00, 0x00, 0x01, 0x00, 0x00, 0x00,
  0x10, 0x00, 0x00, 0x00, 0xf2, 0xd5, 0xff, 0xff, 0x00, 0x00, 0x00, 0x01,
  0x14, 0x00, 0x00, 0x00, 0x30, 0x00, 0x00, 0x00, 0x3b, 0x00, 0x00, 0x00,
  0x00, 0x00, 0x00, 0x09, 0x4c, 0x00, 0x00, 0x00, 0xdc, 0xd5, 0xff, 0xff,
  0x08, 0x00, 0x00, 0x00, 0x10, 0x00, 0x00, 0x00, 0x01, 0x00, 0x00, 0x00,
  0xb0, 0xff, 0xff, 0xff, 0xff, 0xff, 0xff, 0xff, 0x01, 0x00, 0x00, 0x00,
  0xc1, 0x24, 0xaf, 0x3c, 0x22, 0x00, 0x00, 0x00, 0x6d, 0x6f, 0x64, 0x65,
  0x6c, 0x5f, 0x32, 0x33, 0x35, 0x2f, 0x74, 0x66, 0x2e, 0x6d, 0x61, 0x74,
  0x68, 0x2e, 0x6d, 0x75, 0x6c, 0x74, 0x69, 0x70, 0x6c, 0x79, 0x5f, 0x32,
  0x33, 0x34, 0x2f, 0x4d, 0x75, 0x6c, 0x00, 0x00, 0x04, 0x00, 0x00, 0x00,
  0x01, 0x00, 0x00, 0x00, 0x0f, 0x00, 0x00, 0x00, 0x01, 0x00, 0x00, 0x00,
  0x10, 0x00, 0x00, 0x00, 0x6a, 0xd6, 0xff, 0xff, 0x00, 0x00, 0x00, 0x01,
  0x14, 0x00, 0x00, 0x00, 0x30, 0x00, 0x00, 0x00, 0x3a, 0x00, 0x00, 0x00,
  0x00, 0x00, 0x00, 0x09, 0x9c, 0x00, 0x00, 0x00, 0x54, 0xd6, 0xff, 0xff,
  0x08, 0x00, 0x00, 0x00, 0x10, 0x00, 0x00, 0x00, 0x01, 0x00, 0x00, 0x00,
  0x80, 0xff, 0xff, 0xff, 0xff, 0xff, 0xff, 0xff, 0x01, 0x00, 0x00, 0x00,
  0x3c, 0x3a, 0x8e, 0x3c, 0x71, 0x00, 0x00, 0x00, 0x6d, 0x6f, 0x64, 0x65,
  0x6c, 0x5f, 0x32, 0x33, 0x35, 0x2f, 0x74, 0x66, 0x2e, 0x6e, 0x6e, 0x2e,
  0x72, 0x65, 0x6c, 0x75, 0x5f, 0x33, 0x33, 0x35, 0x2f, 0x52, 0x65, 0x6c,
  0x75, 0x3b, 0x6d, 0x6f, 0x64, 0x65, 0x6c, 0x5f, 0x32, 0x33, 0x35, 0x2f,
  0x74, 0x66, 0x2e, 0x6d, 0x61, 0x74, 0x68, 0x2e, 0x61, 0x64, 0x64, 0x5f,
  0x33, 0x33, 0x35, 0x2f, 0x41, 0x64, 0x64, 0x3b, 0x6d, 0x6f, 0x64, 0x65,
  0x6c, 0x5f, 0x32, 0x33, 0x35, 0x2f, 0x74, 0x66, 0x2e, 0x6e, 0x6e, 0x2e,
  0x63, 0x6f, 0x6e, 0x76, 0x6f, 0x6c, 0x75, 0x74, 0x69, 0x6f, 0x6e, 0x5f,
  0x33, 0x33, 0x35, 0x2f, 0x63, 0x6f, 0x6e, 0x76, 0x6f, 0x6c, 0x75, 0x74,
  0x69, 0x6f, 0x6e, 0x3b, 0x43, 0x6f, 0x6e, 0x73, 0x74, 0x5f, 0x31, 0x32,
  0x31, 0x00, 0x00, 0x00, 0x04, 0x00, 0x00, 0x00, 0x01, 0x00, 0x00, 0x00,
  0x0f, 0x00, 0x00, 0x00, 0x01, 0x00, 0x00, 0x00, 0x10, 0x00, 0x00, 0x00,
  0x32, 0xd7, 0xff, 0xff, 0x00, 0x00, 0x00, 0x01, 0x14, 0x00, 0x00, 0x00,
  0x30, 0x00, 0x00, 0x00, 0x39, 0x00, 0x00, 0x00, 0x00, 0x00, 0x00, 0x09,
  0x54, 0x00, 0x00, 0x00, 0x1c, 0xd7, 0xff, 0xff, 0x08, 0x00, 0x00, 0x00,
  0x10, 0x00, 0x00, 0x00, 0x01, 0x00, 0x00, 0x00, 0xab, 0xff, 0xff, 0xff,
  0xff, 0xff, 0xff, 0xff, 0x01, 0x00, 0x00, 0x00, 0xa8, 0x37, 0xaa, 0x3c,
  0x28, 0x00, 0x00, 0x00, 0x6d, 0x6f, 0x64, 0x65, 0x6c, 0x5f, 0x32, 0x33,
  0x35, 0x2f, 0x74, 0x66, 0x2e, 0x5f, 0x5f, 0x6f, 0x70, 0x65, 0x72, 0x61,
  0x74, 0x6f, 0x72, 0x73, 0x5f, 0x5f, 0x2e, 0x61, 0x64, 0x64, 0x5f, 0x32,
  0x33, 0x33, 0x2f, 0x41, 0x64, 0x64, 0x56, 0x32, 0x00, 0x00, 0x00, 0x00,
  0x04, 0x00, 0x00, 0x00, 0x01, 0x00, 0x00, 0x00, 0x0f, 0x00, 0x00, 0x00,
  0x01, 0x00, 0x00, 0x00, 0x10, 0x00, 0x00, 0x00, 0xb2, 0xd7, 0xff, 0xff,
  0x00, 0x00, 0x00, 0x01, 0x14, 0x00, 0x00, 0x00, 0x30, 0x00, 0x00, 0x00,
  0x38, 0x00, 0x00, 0x00, 0x00, 0x00, 0x00, 0x09, 0x4c, 0x00, 0x00, 0x00,
  0x9c, 0xd7, 0xff, 0xff, 0x08, 0x00, 0x00, 0x00, 0x10, 0x00, 0x00, 0x00,
  0x01, 0x00, 0x00, 0x00, 0xa5, 0xff, 0xff, 0xff, 0xff, 0xff, 0xff, 0xff,
  0x01, 0x00, 0x00, 0x00, 0x54, 0xa7, 0xc6, 0x3c, 0x22, 0x00, 0x00, 0x00,
  0x6d, 0x6f, 0x64, 0x65, 0x6c, 0x5f, 0x32, 0x33, 0x35, 0x2f, 0x74, 0x66,
  0x2e, 0x6d, 0x61, 0x74, 0x68, 0x2e, 0x6d, 0x75, 0x6c, 0x74, 0x69, 0x70,
  0x6c, 0x79, 0x5f, 0x32, 0x33, 0x33, 0x2f, 0x4d, 0x75, 0x6c, 0x00, 0x00,
  0x04, 0x00, 0x00, 0x00, 0x01, 0x00, 0x00, 0x00, 0x0f, 0x00, 0x00, 0x00,
  0x01, 0x00, 0x00, 0x00, 0x10, 0x00, 0x00, 0x00, 0x2a, 0xd8, 0xff, 0xff,
  0x00, 0x00, 0x00, 0x01, 0x14, 0x00, 0x00, 0x00, 0x30, 0x00, 0x00, 0x00,
  0x37, 0x00, 0x00, 0x00, 0x00, 0x00, 0x00, 0x09, 0x9c, 0x00, 0x00, 0x00,
  0x14, 0xd8, 0xff, 0xff, 0x08, 0x00, 0x00, 0x00, 0x10, 0x00, 0x00, 0x00,
  0x01, 0x00, 0x00, 0x00, 0x80, 0xff, 0xff, 0xff, 0xff, 0xff, 0xff, 0xff,
  0x01, 0x00, 0x00, 0x00, 0xde, 0xda, 0xa9, 0x3c, 0x71, 0x00, 0x00, 0x00,
  0x6d, 0x6f, 0x64, 0x65, 0x6c, 0x5f, 0x32, 0x33, 0x35, 0x2f, 0x74, 0x66,
  0x2e, 0x6e, 0x6e, 0x2e, 0x72, 0x65, 0x6c, 0x75, 0x5f, 0x33, 0x33, 0x34,
  0x2f, 0x52, 0x65, 0x6c, 0x75, 0x3b, 0x6d, 0x6f, 0x64, 0x65, 0x6c, 0x5f,
  0x32, 0x33, 0x35, 0x2f, 0x74, 0x66, 0x2e, 0x6d, 0x61, 0x74, 0x68, 0x2e,
  0x61, 0x64, 0x64, 0x5f, 0x33, 0x33, 0x34, 0x2f, 0x41, 0x64, 0x64, 0x3b,
  0x6d, 0x6f, 0x64, 0x65, 0x6c, 0x5f, 0x32, 0x33, 0x35, 0x2f, 0x74, 0x66,
  0x2e, 0x6e, 0x6e, 0x2e, 0x63, 0x6f, 0x6e, 0x76, 0x6f, 0x6c, 0x75, 0x74,
  0x69, 0x6f, 0x6e, 0x5f, 0x33, 0x33, 0x34, 0x2f, 0x63, 0x6f, 0x6e, 0x76,
  0x6f, 0x6c, 0x75, 0x74, 0x69, 0x6f, 0x6e, 0x3b, 0x43, 0x6f, 0x6e, 0x73,
  0x74, 0x5f, 0x31, 0x36, 0x31, 0x00, 0x00, 0x00, 0x04, 0x00, 0x00, 0x00,
  0x01, 0x00, 0x00, 0x00, 0x0f, 0x00, 0x00, 0x00, 0x01, 0x00, 0x00, 0x00,
  0x10, 0x00, 0x00, 0x00, 0xf2, 0xd8, 0xff, 0xff, 0x00, 0x00, 0x00, 0x01,
  0x14, 0x00, 0x00, 0x00, 0x30, 0x00, 0x00, 0x00, 0x36, 0x00, 0x00, 0x00,
  0x00, 0x00, 0x00, 0x09, 0x54, 0x00, 0x00, 0x00, 0xdc, 0xd8, 0xff, 0xff,
  0x08, 0x00, 0x00, 0x00, 0x10, 0x00, 0x00, 0x00, 0x01, 0x00, 0x00, 0x00,
  0xb2, 0xff, 0xff, 0xff, 0xff, 0xff, 0xff, 0xff, 0x01, 0x00, 0x00, 0x00,
  0xf4, 0x15, 0x9e, 0x3c, 0x28, 0x00, 0x00, 0x00, 0x6d, 0x6f, 0x64, 0x65,
  0x6c, 0x5f, 0x32, 0x33, 0x35, 0x2f, 0x74, 0x66, 0x2e, 0x5f, 0x5f, 0x6f,
  0x70, 0x65, 0x72, 0x61, 0x74, 0x6f, 0x72, 0x73, 0x5f, 0x5f, 0x2e, 0x61,
  0x64, 0x64, 0x5f, 0x32, 0x33, 0x32, 0x2f, 0x41, 0x64, 0x64, 0x56, 0x32,
  0x00, 0x00, 0x00, 0x00, 0x04, 0x00, 0x00, 0x00, 0x01, 0x00, 0x00, 0x00,
  0x0f, 0x00, 0x00, 0x00, 0x01, 0x00, 0x00, 0x00, 0x10, 0x00, 0x00, 0x00,
  0x72, 0xd9, 0xff, 0xff, 0x00, 0x00, 0x00, 0x01, 0x14, 0x00, 0x00, 0x00,
  0x30, 0x00, 0x00, 0x00, 0x35, 0x00, 0x00, 0x00, 0x00, 0x00, 0x00, 0x09,
  0x4c, 0x00, 0x00, 0x00, 0x5c, 0xd9, 0xff, 0xff, 0x08, 0x00, 0x00, 0x00,
  0x10, 0x00, 0x00, 0x00, 0x01, 0x00, 0x00, 0x00, 0xad, 0xff, 0xff, 0xff,
  0xff, 0xff, 0xff, 0xff, 0x01, 0x00, 0x00, 0x00, 0x34, 0x8a, 0xb0, 0x3c,
  0x22, 0x00, 0x00, 0x00, 0x6d, 0x6f, 0x64, 0x65, 0x6c, 0x5f, 0x32, 0x33,
  0x35, 0x2f, 0x74, 0x66, 0x2e, 0x6d, 0x61, 0x74, 0x68, 0x2e, 0x6d, 0x75,
  0x6c, 0x74, 0x69, 0x70, 0x6c, 0x79, 0x5f, 0x32, 0x33, 0x32, 0x2f, 0x4d,
  0x75, 0x6c, 0x00, 0x00, 0x04, 0x00, 0x00, 0x00, 0x01, 0x00, 0x00, 0x00,
  0x0f, 0x00, 0x00, 0x00, 0x01, 0x00, 0x00, 0x00, 0x10, 0x00, 0x00, 0x00,
  0xea, 0xd9, 0xff, 0xff, 0x00, 0x00, 0x00, 0x01, 0x14, 0x00, 0x00, 0x00,
  0x30, 0x00, 0x00, 0x00, 0x34, 0x00, 0x00, 0x00, 0x00, 0x00, 0x00, 0x09,
  0x9c, 0x00, 0x00, 0x00, 0xd4, 0xd9, 0xff, 0xff, 0x08, 0x00, 0x00, 0x00,
  0x10, 0x00, 0x00, 0x00, 0x01, 0x00, 0x00, 0x00, 0x80, 0xff, 0xff, 0xff,
  0xff, 0xff, 0xff, 0xff, 0x01, 0x00, 0x00, 0x00, 0x65, 0x92, 0x91, 0x3c,
  0x71, 0x00, 0x00, 0x00, 0x6d, 0x6f, 0x64, 0x65, 0x6c, 0x5f, 0x32, 0x33,
  0x35, 0x2f, 0x74, 0x66, 0x2e, 0x6e, 0x6e, 0x2e, 0x72, 0x65, 0x6c, 0x75,
  0x5f, 0x33, 0x33, 0x33, 0x2f, 0x52, 0x65, 0x6c, 0x75, 0x3b, 0x6d, 0x6f,
  0x64, 0x65, 0x6c, 0x5f, 0x32, 0x33, 0x35, 0x2f, 0x74, 0x66, 0x2e, 0x6d,
  0x61, 0x74, 0x68, 0x2e, 0x61, 0x64, 0x64, 0x5f, 0x33, 0x33, 0x33, 0x2f,
  0x41, 0x64, 0x64, 0x3b, 0x6d, 0x6f, 0x64, 0x65, 0x6c, 0x5f, 0x32, 0x33,
  0x35, 0x2f, 0x74, 0x66, 0x2e, 0x6e, 0x6e, 0x2e, 0x63, 0x6f, 0x6e, 0x76,
  0x6f, 0x6c, 0x75, 0x74, 0x69, 0x6f, 0x6e, 0x5f, 0x33, 0x33, 0x33, 0x2f,
  0x63, 0x6f, 0x6e, 0x76, 0x6f, 0x6c, 0x75, 0x74, 0x69, 0x6f, 0x6e, 0x3b,
  0x43, 0x6f, 0x6e, 0x73, 0x74, 0x5f, 0x32, 0x30, 0x31, 0x00, 0x00, 0x00,
  0x04, 0x00, 0x00, 0x00, 0x01, 0x00, 0x00, 0x00, 0x0f, 0x00, 0x00, 0x00,
  0x01, 0x00, 0x00, 0x00, 0x10, 0x00, 0x00, 0x00, 0xb2, 0xda, 0xff, 0xff,
  0x00, 0x00, 0x00, 0x01, 0x14, 0x00, 0x00, 0x00, 0x30, 0x00, 0x00, 0x00,
  0x33, 0x00, 0x00, 0x00, 0x00, 0x00, 0x00, 0x09, 0x54, 0x00, 0x00, 0x00,
  0x9c, 0xda, 0xff, 0xff, 0x08, 0x00, 0x00, 0x00, 0x10, 0x00, 0x00, 0x00,
  0x01, 0x00, 0x00, 0x00, 0xc3, 0xff, 0xff, 0xff, 0xff, 0xff, 0xff, 0xff,
  0x01, 0x00, 0x00, 0x00, 0xda, 0x14, 0xa7, 0x3c, 0x28, 0x00, 0x00, 0x00,
  0x6d, 0x6f, 0x64, 0x65, 0x6c, 0x5f, 0x32, 0x33, 0x35, 0x2f, 0x74, 0x66,
  0x2e, 0x5f, 0x5f, 0x6f, 0x70, 0x65, 0x72, 0x61, 0x74, 0x6f, 0x72, 0x73,
  0x5f, 0x5f, 0x2e, 0x61, 0x64, 0x64, 0x5f, 0x32, 0x33, 0x31, 0x2f, 0x41,
  0x64, 0x64, 0x56, 0x32, 0x00, 0x00, 0x00, 0x00, 0x04, 0x00, 0x00, 0x00,
  0x01, 0x00, 0x00, 0x00, 0x0f, 0x00, 0x00, 0x00, 0x01, 0x00, 0x00, 0x00,
  0x10, 0x00, 0x00, 0x00, 0x32, 0xdb, 0xff, 0xff, 0x00, 0x00, 0x00, 0x01,
  0x14, 0x00, 0x00, 0x00, 0x30, 0x00, 0x00, 0x00, 0x32, 0x00, 0x00, 0x00,
  0x00, 0x00, 0x00, 0x09, 0x4c, 0x00, 0x00, 0x00, 0x1c, 0xdb, 0xff, 0xff,
  0x08, 0x00, 0x00, 0x00, 0x10, 0x00, 0x00, 0x00, 0x01, 0x00, 0x00, 0x00,
  0xb8, 0xff, 0xff, 0xff, 0xff, 0xff, 0xff, 0xff, 0x01, 0x00, 0x00, 0x00,
  0xcc, 0x92, 0xc9, 0x3c, 0x22, 0x00, 0x00, 0x00, 0x6d, 0x6f, 0x64, 0x65,
  0x6c, 0x5f, 0x32, 0x33, 0x35, 0x2f, 0x74, 0x66, 0x2e, 0x6d, 0x61, 0x74,
  0x68, 0x2e, 0x6d, 0x75, 0x6c, 0x74, 0x69, 0x70, 0x6c, 0x79, 0x5f, 0x32,
  0x33, 0x31, 0x2f, 0x4d, 0x75, 0x6c, 0x00, 0x00, 0x04, 0x00, 0x00, 0x00,
  0x01, 0x00, 0x00, 0x00, 0x0f, 0x00, 0x00, 0x00, 0x01, 0x00, 0x00, 0x00,
  0x10, 0x00, 0x00, 0x00, 0xaa, 0xdb, 0xff, 0xff, 0x00, 0x00, 0x00, 0x01,
  0x14, 0x00, 0x00, 0x00, 0x30, 0x00, 0x00, 0x00, 0x31, 0x00, 0x00, 0x00,
  0x00, 0x00, 0x00, 0x09, 0x9c, 0x00, 0x00, 0x00, 0x94, 0xdb, 0xff, 0xff,
  0x08, 0x00, 0x00, 0x00, 0x10, 0x00, 0x00, 0x00, 0x01, 0x00, 0x00, 0x00,
  0x80, 0xff, 0xff, 0xff, 0xff, 0xff, 0xff, 0xff, 0x01, 0x00, 0x00, 0x00,
  0xaa, 0x90, 0x9d, 0x3c, 0x71, 0x00, 0x00, 0x00, 0x6d, 0x6f, 0x64, 0x65,
  0x6c, 0x5f, 0x32, 0x33, 0x35, 0x2f, 0x74, 0x66, 0x2e, 0x6e, 0x6e, 0x2e,
  0x72, 0x65, 0x6c, 0x75, 0x5f, 0x33, 0x33, 0x32, 0x2f, 0x52, 0x65, 0x6c,
  0x75, 0x3b, 0x6d, 0x6f, 0x64, 0x65, 0x6c, 0x5f, 0x32, 0x33, 0x35, 0x2f,
  0x74, 0x66, 0x2e, 0x6d, 0x61, 0x74, 0x68, 0x2e, 0x61, 0x64, 0x64, 0x5f,
  0x33, 0x33, 0x32, 0x2f, 0x41, 0x64, 0x64, 0x3b, 0x6d, 0x6f, 0x64, 0x65,
  0x6c, 0x5f, 0x32, 0x33, 0x35, 0x2f, 0x74, 0x66, 0x2e, 0x6e, 0x6e, 0x2e,
  0x63, 0x6f, 0x6e, 0x76, 0x6f, 0x6c, 0x75, 0x74, 0x69, 0x6f, 0x6e, 0x5f,
  0x33, 0x33, 0x32, 0x2f, 0x63, 0x6f, 0x6e, 0x76, 0x6f, 0x6c, 0x75, 0x74,
  0x69, 0x6f, 0x6e, 0x3b, 0x43, 0x6f, 0x6e, 0x73, 0x74, 0x5f, 0x32, 0x34,
  0x31, 0x00, 0x00, 0x00, 0x04, 0x00, 0x00, 0x00, 0x01, 0x00, 0x00, 0x00,
  0x0f, 0x00, 0x00, 0x00, 0x01, 0x00, 0x00, 0x00, 0x10, 0x00, 0x00, 0x00,
  0x72, 0xdc, 0xff, 0xff, 0x00, 0x00, 0x00, 0x01, 0x14, 0x00, 0x00, 0x00,
  0x30, 0x00, 0x00, 0x00, 0x30, 0x00, 0x00, 0x00, 0x00, 0x00, 0x00, 0x09,
  0x54, 0x00, 0x00, 0x00, 0x5c, 0xdc, 0xff, 0xff, 0x08, 0x00, 0x00, 0x00,
  0x10, 0x00, 0x00, 0x00, 0x01, 0x00, 0x00, 0x00, 0xc5, 0xff, 0xff, 0xff,
  0xff, 0xff, 0xff, 0xff, 0x01, 0x00, 0x00, 0x00, 0xcd, 0x8a, 0x58, 0x3c,
  0x28, 0x00, 0x00, 0x00, 0x6d, 0x6f, 0x64, 0x65, 0x6c, 0x5f, 0x32, 0x33,
  0x35, 0x2f, 0x74, 0x66, 0x2e, 0x5f, 0x5f, 0x6f, 0x70, 0x65, 0x72, 0x61,
  0x74, 0x6f, 0x72, 0x73, 0x5f, 0x5f, 0x2e, 0x61, 0x64, 0x64, 0x5f, 0x32,
  0x33, 0x30, 0x2f, 0x41, 0x64, 0x64, 0x56, 0x32, 0x00, 0x00, 0x00, 0x00,
  0x04, 0x00, 0x00, 0x00, 0x01, 0x00, 0x00, 0x00, 0x0f, 0x00, 0x00, 0x00,
  0x01, 0x00, 0x00, 0x00, 0x10, 0x00, 0x00, 0x00, 0xf2, 0xdc, 0xff, 0xff,
  0x00, 0x00, 0x00, 0x01, 0x14, 0x00, 0x00, 0x00, 0x30, 0x00, 0x00, 0x00,
  0x2f, 0x00, 0x00, 0x00, 0x00, 0x00, 0x00, 0x09, 0x4c, 0x00, 0x00, 0x00,
  0xdc, 0xdc, 0xff, 0xff, 0x08, 0x00, 0x00, 0x00, 0x10, 0x00, 0x00, 0x00,
  0x01, 0x00, 0x00, 0x00, 0xba, 0xff, 0xff, 0xff, 0xff, 0xff, 0xff, 0xff,
  0x01, 0x00, 0x00, 0x00, 0x26, 0x75, 0x81, 0x3c, 0x22, 0x00, 0x00, 0x00,
  0x6d, 0x6f, 0x64, 0x65, 0x6c, 0x5f, 0x32, 0x33, 0x35, 0x2f, 0x74, 0x66,
  0x2e, 0x6d, 0x61, 0x74, 0x68, 0x2e, 0x6d, 0x75, 0x6c, 0x74, 0x69, 0x70,
  0x6c, 0x79, 0x5f, 0x32, 0x33, 0x30, 0x2f, 0x4d, 0x75, 0x6c, 0x00, 0x00,
  0x04, 0x00, 0x00, 0x00, 0x01, 0x00, 0x00, 0x00, 0x0f, 0x00, 0x00, 0x00,
  0x01, 0x00, 0x00, 0x00, 0x10, 0x00, 0x00, 0x00, 0x6a, 0xdd, 0xff, 0xff,
  0x00, 0x00, 0x00, 0x01, 0x14, 0x00, 0x00, 0x00, 0x30, 0x00, 0x00, 0x00,
  0x2e, 0x00, 0x00, 0x00, 0x00, 0x00, 0x00, 0x09, 0x9c, 0x00, 0x00, 0x00,
  0x54, 0xdd, 0xff, 0xff, 0x08, 0x00, 0x00, 0x00, 0x10, 0x00, 0x00, 0x00,
  0x01, 0x00, 0x00, 0x00, 0x80, 0xff, 0xff, 0xff, 0xff, 0xff, 0xff, 0xff,
  0x01, 0x00, 0x00, 0x00, 0x6a, 0x46, 0x48, 0x3c, 0x71, 0x00, 0x00, 0x00,
  0x6d, 0x6f, 0x64, 0x65, 0x6c, 0x5f, 0x32, 0x33, 0x35, 0x2f, 0x74, 0x66,
  0x2e, 0x6e, 0x6e, 0x2e, 0x72, 0x65, 0x6c, 0x75, 0x5f, 0x33, 0x33, 0x31,
  0x2f, 0x52, 0x65, 0x6c, 0x75, 0x3b, 0x6d, 0x6f, 0x64, 0x65, 0x6c, 0x5f,
  0x32, 0x33, 0x35, 0x2f, 0x74, 0x66, 0x2e, 0x6d, 0x61, 0x74, 0x68, 0x2e,
  0x61, 0x64, 0x64, 0x5f, 0x33, 0x33, 0x31, 0x2f, 0x41, 0x64, 0x64, 0x3b,
  0x6d, 0x6f, 0x64, 0x65, 0x6c, 0x5f, 0x32, 0x33, 0x35, 0x2f, 0x74, 0x66,
  0x2e, 0x6e, 0x6e, 0x2e, 0x63, 0x6f, 0x6e, 0x76, 0x6f, 0x6c, 0x75, 0x74,
  0x69, 0x6f, 0x6e, 0x5f, 0x33, 0x33, 0x31, 0x2f, 0x63, 0x6f, 0x6e, 0x76,
  0x6f, 0x6c, 0x75, 0x74, 0x69, 0x6f, 0x6e, 0x3b, 0x43, 0x6f, 0x6e, 0x73,
  0x74, 0x5f, 0x32, 0x38, 0x31, 0x00, 0x00, 0x00, 0x04, 0x00, 0x00, 0x00,
  0x01, 0x00, 0x00, 0x00, 0x0f, 0x00, 0x00, 0x00, 0x01, 0x00, 0x00, 0x00,
  0x10, 0x00, 0x00, 0x00, 0x32, 0xde, 0xff, 0xff, 0x00, 0x00, 0x00, 0x01,
  0x14, 0x00, 0x00, 0x00, 0x30, 0x00, 0x00, 0x00, 0x2d, 0x00, 0x00, 0x00,
  0x00, 0x00, 0x00, 0x09, 0x54, 0x00, 0x00, 0x00, 0x1c, 0xde, 0xff, 0xff,
  0x08, 0x00, 0x00, 0x00, 0x10, 0x00, 0x00, 0x00, 0x01, 0x00, 0x00, 0x00,
  0xc3, 0xff, 0xff, 0xff, 0xff, 0xff, 0xff, 0xff, 0x01, 0x00, 0x00, 0x00,
  0x91, 0x8c, 0x5c, 0x3c, 0x28, 0x00, 0x00, 0x00, 0x6d, 0x6f, 0x64, 0x65,
  0x6c, 0x5f, 0x32, 0x33, 0x35, 0x2f, 0x74, 0x66, 0x2e, 0x5f, 0x5f, 0x6f,
  0x70, 0x65, 0x72, 0x61, 0x74, 0x6f, 0x72, 0x73, 0x5f, 0x5f, 0x2e, 0x61,
  0x64, 0x64, 0x5f, 0x32, 0x32, 0x39, 0x2f, 0x41, 0x64, 0x64, 0x56, 0x32,
  0x00, 0x00, 0x00, 0x00, 0x04, 0x00, 0x00, 0x00, 0x01, 0x00, 0x00, 0x00,
  0x0f, 0x00, 0x00, 0x00, 0x01, 0x00, 0x00, 0x00, 0x10, 0x00, 0x00, 0x00,
  0xb2, 0xde, 0xff, 0xff, 0x00, 0x00, 0x00, 0x01, 0x14, 0x00, 0x00, 0x00,
  0x30, 0x00, 0x00, 0x00, 0x2c, 0x00, 0x00, 0x00, 0x00, 0x00, 0x00, 0x09,
  0x4c, 0x00, 0x00, 0x00, 0x9c, 0xde, 0xff, 0xff, 0x08, 0x00, 0x00, 0x00,
  0x10, 0x00, 0x00, 0x00, 0x01, 0x00, 0x00, 0x00, 0xb9, 0xff, 0xff, 0xff,
  0xff, 0xff, 0xff, 0xff, 0x01, 0x00, 0x00, 0x00, 0xc8, 0x8c, 0x81, 0x3c,
  0x22, 0x00, 0x00, 0x00, 0x6d, 0x6f, 0x64, 0x65, 0x6c, 0x5f, 0x32, 0x33,
  0x35, 0x2f, 0x74, 0x66, 0x2e, 0x6d, 0x61, 0x74, 0x68, 0x2e, 0x6d, 0x75,
  0x6c, 0x74, 0x69, 0x70, 0x6c, 0x79, 0x5f, 0x32, 0x32, 0x39, 0x2f, 0x4d,
  0x75, 0x6c, 0x00, 0x00, 0x04, 0x00, 0x00, 0x00, 0x01, 0x00, 0x00, 0x00,
  0x0f, 0x00, 0x00, 0x00, 0x01, 0x00, 0x00, 0x00, 0x10, 0x00, 0x00, 0x00,
  0x2a, 0xdf, 0xff, 0xff, 0x00, 0x00, 0x00, 0x01, 0x14, 0x00, 0x00, 0x00,
  0x30, 0x00, 0x00, 0x00, 0x2b, 0x00, 0x00, 0x00, 0x00, 0x00, 0x00, 0x09,
  0x9c, 0x00, 0x00, 0x00, 0x14, 0xdf, 0xff, 0xff, 0x08, 0x00, 0x00, 0x00,
  0x10, 0x00, 0x00, 0x00, 0x01, 0x00, 0x00, 0x00, 0x80, 0xff, 0xff, 0xff,
  0xff, 0xff, 0xff, 0xff, 0x01, 0x00, 0x00, 0x00, 0xb0, 0x51, 0x49, 0x3c,
  0x71, 0x00, 0x00, 0x00, 0x6d, 0x6f, 0x64, 0x65, 0x6c, 0x5f, 0x32, 0x33,
  0x35, 0x2f, 0x74, 0x66, 0x2e, 0x6e, 0x6e, 0x2e, 0x72, 0x65, 0x6c, 0x75,
  0x5f, 0x33, 0x33, 0x30, 0x2f, 0x52, 0x65, 0x6c, 0x75, 0x3b, 0x6d, 0x6f,
  0x64, 0x65, 0x6c, 0x5f, 0x32, 0x33, 0x35, 0x2f, 0x74, 0x66, 0x2e, 0x6d,
  0x61, 0x74, 0x68, 0x2e, 0x61, 0x64, 0x64, 0x5f, 0x33, 0x33, 0x30, 0x2f,
  0x41, 0x64, 0x64, 0x3b, 0x6d, 0x6f, 0x64, 0x65, 0x6c, 0x5f, 0x32, 0x33,
  0x35, 0x2f, 0x74, 0x66, 0x2e, 0x6e, 0x6e, 0x2e, 0x63, 0x6f, 0x6e, 0x76,
  0x6f, 0x6c, 0x75, 0x74, 0x69, 0x6f, 0x6e, 0x5f, 0x33, 0x33, 0x30, 0x2f,
  0x63, 0x6f, 0x6e, 0x76, 0x6f, 0x6c, 0x75, 0x74, 0x69, 0x6f, 0x6e, 0x3b,
  0x43, 0x6f, 0x6e, 0x73, 0x74, 0x5f, 0x33, 0x32, 0x31, 0x00, 0x00, 0x00,
  0x04, 0x00, 0x00, 0x00, 0x01, 0x00, 0x00, 0x00, 0x0f, 0x00, 0x00, 0x00,
  0x01, 0x00, 0x00, 0x00, 0x10, 0x00, 0x00, 0x00, 0xf2, 0xdf, 0xff, 0xff,
  0x00, 0x00, 0x00, 0x01, 0x14, 0x00, 0x00, 0x00, 0x30, 0x00, 0x00, 0x00,
  0x2a, 0x00, 0x00, 0x00, 0x00, 0x00, 0x00, 0x09, 0x54, 0x00, 0x00, 0x00,
  0xdc, 0xdf, 0xff, 0xff, 0x08, 0x00, 0x00, 0x00, 0x10, 0x00, 0x00, 0x00,
  0x01, 0x00, 0x00, 0x00, 0xc5, 0xff, 0xff, 0xff, 0xff, 0xff, 0xff, 0xff,
  0x01, 0x00, 0x00, 0x00, 0xf7, 0x96, 0x81, 0x3c, 0x28, 0x00, 0x00, 0x00,
  0x6d, 0x6f, 0x64, 0x65, 0x6c, 0x5f, 0x32, 0x33, 0x35, 0x2f, 0x74, 0x66,
  0x2e, 0x5f, 0x5f, 0x6f, 0x70, 0x65, 0x72, 0x61, 0x74, 0x6f, 0x72, 0x73,
  0x5f, 0x5f, 0x2e, 0x61, 0x64, 0x64, 0x5f, 0x32, 0x32, 0x38, 0x2f, 0x41,
  0x64, 0x64, 0x56, 0x32, 0x00, 0x00, 0x00, 0x00, 0x04, 0x00, 0x00, 0x00,
  0x01, 0x00, 0x00, 0x00, 0x0f, 0x00, 0x00, 0x00, 0x01, 0x00, 0x00, 0x00,
  0x10, 0x00, 0x00, 0x00, 0x72, 0xe0, 0xff, 0xff, 0x00, 0x00, 0x00, 0x01,
  0x14, 0x00, 0x00, 0x00, 0x30, 0x00, 0x00, 0x00, 0x29, 0x00, 0x00, 0x00,
  0x00, 0x00, 0x00, 0x09, 0x4c, 0x00, 0x00, 0x00, 0x5c, 0xe0, 0xff, 0xff,
  0x08, 0x00, 0x00, 0x00, 0x10, 0x00, 0x00, 0x00, 0x01, 0x00, 0x00, 0x00,
  0xb8, 0xff, 0xff, 0xff, 0xff, 0xff, 0xff, 0xff, 0x01, 0x00, 0x00, 0x00,
  0xf3, 0xe6, 0x9d, 0x3c, 0x22, 0x00, 0x00, 0x00, 0x6d, 0x6f, 0x64, 0x65,
  0x6c, 0x5f, 0x32, 0x33, 0x35, 0x2f, 0x74, 0x66, 0x2e, 0x6d, 0x61, 0x74,
  0x68, 0x2e, 0x6d, 0x75, 0x6c, 0x74, 0x69, 0x70, 0x6c, 0x79, 0x5f, 0x32,
  0x32, 0x38, 0x2f, 0x4d, 0x75, 0x6c, 0x00, 0x00, 0x04, 0x00, 0x00, 0x00,
  0x01, 0x00, 0x00, 0x00, 0x0f, 0x00, 0x00, 0x00, 0x01, 0x00, 0x00, 0x00,
  0x10, 0x00, 0x00, 0x00, 0xea, 0xe0, 0xff, 0xff, 0x00, 0x00, 0x00, 0x01,
  0x14, 0x00, 0x00, 0x00, 0x30, 0x00, 0x00, 0x00, 0x28, 0x00, 0x00, 0x00,
  0x00, 0x00, 0x00, 0x09, 0x9c, 0x00, 0x00, 0x00, 0xd4, 0xe0, 0xff, 0xff,
  0x08, 0x00, 0x00, 0x00, 0x10, 0x00, 0x00, 0x00, 0x01, 0x00, 0x00, 0x00,
  0x80, 0xff, 0xff, 0xff, 0xff, 0xff, 0xff, 0xff, 0x01, 0x00, 0x00, 0x00,
  0x94, 0x07, 0x76, 0x3c, 0x70, 0x00, 0x00, 0x00, 0x6d, 0x6f, 0x64, 0x65,
  0x6c, 0x5f, 0x32, 0x33, 0x35, 0x2f, 0x74, 0x66, 0x2e, 0x6e, 0x6e, 0x2e,
  0x72, 0x65, 0x6c, 0x75, 0x5f, 0x33, 0x32, 0x39, 0x2f, 0x52, 0x65, 0x6c,
  0x75, 0x3b, 0x6d, 0x6f, 0x64, 0x65, 0x6c, 0x5f, 0x32, 0x33, 0x35, 0x2f,
  0x74, 0x66, 0x2e, 0x6d, 0x61, 0x74, 0x68, 0x2e, 0x61, 0x64, 0x64, 0x5f,
  0x33, 0x32, 0x39, 0x2f, 0x41, 0x64, 0x64, 0x3b, 0x6d, 0x6f, 0x64, 0x65,
  0x6c, 0x5f, 0x32, 0x33, 0x35, 0x2f, 0x74, 0x66, 0x2e, 0x6e, 0x6e, 0x2e,
  0x63, 0x6f, 0x6e, 0x76, 0x6f, 0x6c, 0x75, 0x74, 0x69, 0x6f, 0x6e, 0x5f,
  0x33, 0x32, 0x39, 0x2f, 0x63, 0x6f, 0x6e, 0x76, 0x6f, 0x6c, 0x75, 0x74,
  0x69, 0x6f, 0x6e, 0x3b, 0x43, 0x6f, 0x6e, 0x73, 0x74, 0x5f, 0x31, 0x31,
  0x00, 0x00, 0x00, 0x00, 0x04, 0x00, 0x00, 0x00, 0x01, 0x00, 0x00, 0x00,
  0x0f, 0x00, 0x00, 0x00, 0x01, 0x00, 0x00, 0x00, 0x10, 0x00, 0x00, 0x00,
  0xb2, 0xe1, 0xff, 0xff, 0x00, 0x00, 0x00, 0x01, 0x14, 0x00, 0x00, 0x00,
  0x30, 0x00, 0x00, 0x00, 0x27, 0x00, 0x00, 0x00, 0x00, 0x00, 0x00, 0x09,
  0x54, 0x00, 0x00, 0x00, 0x9c, 0xe1, 0xff, 0xff, 0x08, 0x00, 0x00, 0x00,
  0x10, 0x00, 0x00, 0x00, 0x01, 0x00, 0x00, 0x00, 0xaf, 0xff, 0xff, 0xff,
  0xff, 0xff, 0xff, 0xff, 0x01, 0x00, 0x00, 0x00, 0x44, 0xe7, 0x81, 0x3c,
  0x28, 0x00, 0x00, 0x00, 0x6d, 0x6f, 0x64, 0x65, 0x6c, 0x5f, 0x32, 0x33,
  0x35, 0x2f, 0x74, 0x66, 0x2e, 0x5f, 0x5f, 0x6f, 0x70, 0x65, 0x72, 0x61,
  0x74, 0x6f, 0x72, 0x73, 0x5f, 0x5f, 0x2e, 0x61, 0x64, 0x64, 0x5f, 0x32,
  0x32, 0x37, 0x2f, 0x41, 0x64, 0x64, 0x56, 0x32, 0x00, 0x00, 0x00, 0x00,
  0x04, 0x00, 0x00, 0x00, 0x01, 0x00, 0x00, 0x00, 0x0f, 0x00, 0x00, 0x00,
  0x01, 0x00, 0x00, 0x00, 0x10, 0x00, 0x00, 0x00, 0x32, 0xe2, 0xff, 0xff,
  0x00, 0x00, 0x00, 0x01, 0x14, 0x00, 0x00, 0x00, 0x30, 0x00, 0x00, 0x00,
  0x26, 0x00, 0x00, 0x00, 0x00, 0x00, 0x00, 0x09, 0x4c, 0x00, 0x00, 0x00,
  0x1c, 0xe2, 0xff, 0xff, 0x08, 0x00, 0x00, 0x00, 0x10, 0x00, 0x00, 0x00,
  0x01, 0x00, 0x00, 0x00, 0xa8, 0xff, 0xff, 0xff, 0xff, 0xff, 0xff, 0xff,
  0x01, 0x00, 0x00, 0x00, 0x4b, 0x12, 0x98, 0x3c, 0x22, 0x00, 0x00, 0x00,
  0x6d, 0x6f, 0x64, 0x65, 0x6c, 0x5f, 0x32, 0x33, 0x35, 0x2f, 0x74, 0x66,
  0x2e, 0x6d, 0x61, 0x74, 0x68, 0x2e, 0x6d, 0x75, 0x6c, 0x74, 0x69, 0x70,
  0x6c, 0x79, 0x5f, 0x32, 0x32, 0x37, 0x2f, 0x4d, 0x75, 0x6c, 0x00, 0x00,
  0x04, 0x00, 0x00, 0x00, 0x01, 0x00, 0x00, 0x00, 0x0f, 0x00, 0x00, 0x00,
  0x01, 0x00, 0x00, 0x00, 0x10, 0x00, 0x00, 0x00, 0xaa, 0xe2, 0xff, 0xff,
  0x00, 0x00, 0x00, 0x01, 0x14, 0x00, 0x00, 0x00, 0x30, 0x00, 0x00, 0x00,
  0x25, 0x00, 0x00, 0x00, 0x00, 0x00, 0x00, 0x09, 0x9c, 0x00, 0x00, 0x00,
  0x94, 0xe2, 0xff, 0xff, 0x08, 0x00, 0x00, 0x00, 0x10, 0x00, 0x00, 0x00,
  0x01, 0x00, 0x00, 0x00, 0x80, 0xff, 0xff, 0xff, 0xff, 0xff, 0xff, 0xff,
  0x01, 0x00, 0x00, 0x00, 0xdc, 0xcc, 0x06, 0x3f, 0x70, 0x00, 0x00, 0x00,
  0x6d, 0x6f, 0x64, 0x65, 0x6c, 0x5f, 0x32, 0x33, 0x35, 0x2f, 0x74, 0x66,
  0x2e, 0x6e, 0x6e, 0x2e, 0x72, 0x65, 0x6c, 0x75, 0x5f, 0x33, 0x32, 0x38,
  0x2f, 0x52, 0x65, 0x6c, 0x75, 0x3b, 0x6d, 0x6f, 0x64, 0x65, 0x6c, 0x5f,
  0x32, 0x33, 0x35, 0x2f, 0x74, 0x66, 0x2e, 0x6d, 0x61, 0x74, 0x68, 0x2e,
  0x61, 0x64, 0x64, 0x5f, 0x33, 0x32, 0x38, 0x2f, 0x41, 0x64, 0x64, 0x3b,
  0x6d, 0x6f, 0x64, 0x65, 0x6c, 0x5f, 0x32, 0x33, 0x35, 0x2f, 0x74, 0x66,
  0x2e, 0x6e, 0x6e, 0x2e, 0x63, 0x6f, 0x6e, 0x76, 0x6f, 0x6c, 0x75, 0x74,
  0x69, 0x6f, 0x6e, 0x5f, 0x33, 0x32, 0x38, 0x2f, 0x63, 0x6f, 0x6e, 0x76,
  0x6f, 0x6c, 0x75, 0x74, 0x69, 0x6f, 0x6e, 0x3b, 0x43, 0x6f, 0x6e, 0x73,
  0x74, 0x5f, 0x35, 0x31, 0x00, 0x00, 0x00, 0x00, 0x04, 0x00, 0x00, 0x00,
  0x01, 0x00, 0x00, 0x00, 0x0f, 0x00, 0x00, 0x00, 0x01, 0x00, 0x00, 0x00,
  0x10, 0x00, 0x00, 0x00, 0x72, 0xe3, 0xff, 0xff, 0x00, 0x00, 0x00, 0x01,
  0x14, 0x00, 0x00, 0x00, 0xe8, 0x00, 0x00, 0x00, 0x24, 0x00, 0x00, 0x00,
  0x00, 0x00, 0x00, 0x09, 0x0c, 0x01, 0x00, 0x00, 0x5c, 0xe3, 0xff, 0xff,
  0x08, 0x00, 0x00, 0x00, 0x8c, 0x00, 0x00, 0x00, 0x10, 0x00, 0x00, 0x00,
  0x00, 0x00, 0x00, 0x00, 0x00, 0x00, 0x00, 0x00, 0x00, 0x00, 0x00, 0x00,
  0x00, 0x00, 0x00, 0x00, 0x00, 0x00, 0x00, 0x00, 0x00, 0x00, 0x00, 0x00,
  0x00, 0x00, 0x00, 0x00, 0x00, 0x00, 0x00, 0x00, 0x00, 0x00, 0x00, 0x00,
  0x00, 0x00, 0x00, 0x00, 0x00, 0x00, 0x00, 0x00, 0x00, 0x00, 0x00, 0x00,
  0x00, 0x00, 0x00, 0x00, 0x00, 0x00, 0x00, 0x00, 0x00, 0x00, 0x00, 0x00,
  0x00, 0x00, 0x00, 0x00, 0x00, 0x00, 0x00, 0x00, 0x00, 0x00, 0x00, 0x00,
  0x00, 0x00, 0x00, 0x00, 0x00, 0x00, 0x00, 0x00, 0x00, 0x00, 0x00, 0x00,
  0x00, 0x00, 0x00, 0x00, 0x00, 0x00, 0x00, 0x00, 0x00, 0x00, 0x00, 0x00,
  0x00, 0x00, 0x00, 0x00, 0x00, 0x00, 0x00, 0x00, 0x00, 0x00, 0x00, 0x00,
  0x00, 0x00, 0x00, 0x00, 0x00, 0x00, 0x00, 0x00, 0x00, 0x00, 0x00, 0x00,
  0x00, 0x00, 0x00, 0x00, 0x00, 0x00, 0x00, 0x00, 0x00, 0x00, 0x00, 0x00,
  0x10, 0x00, 0x00, 0x00, 0xd0, 0x28, 0xcc, 0x3a, 0x66, 0x97, 0xd2, 0x3a,
  0xc2, 0x58, 0xb8, 0x3a, 0x1d, 0xfe, 0xe9, 0x3a, 0xe7, 0x5b, 0xc3, 0x3a,
  0xa0, 0x7f, 0xc1, 0x3a, 0xf8, 0xa3, 0xdc, 0x3a, 0x3f, 0x3f, 0xe1, 0x3a,
  0x0f, 0x84, 0xc2, 0x3a, 0xee, 0xa2, 0xc8, 0x3a, 0xed, 0x68, 0xdd, 0x3a,
  0xda, 0x4d, 0xf9, 0x3a, 0xaa, 0xae, 0xd1, 0x3a, 0xc6, 0x2a, 0xee, 0x3a,
  0x42, 0xd2, 0xe2, 0x3a, 0x5a, 0x89, 0xd5, 0x3a, 0x2b, 0x00, 0x00, 0x00,
  0x6d, 0x6f, 0x64, 0x65, 0x6c, 0x5f, 0x32, 0x33, 0x35, 0x2f, 0x74, 0x66,
  0x2e, 0x6e, 0x6e, 0x2e, 0x63, 0x6f, 0x6e, 0x76, 0x6f, 0x6c, 0x75, 0x74,
  0x69, 0x6f, 0x6e, 0x5f, 0x33, 0x32, 0x38, 0x2f, 0x63, 0x6f, 0x6e, 0x76,
  0x6f, 0x6c, 0x75, 0x74, 0x69, 0x6f, 0x6e, 0x00, 0x04, 0x00, 0x00, 0x00,
  0x10, 0x00, 0x00, 0x00, 0x03, 0x00, 0x00, 0x00, 0x01, 0x00, 0x00, 0x00,
  0x09, 0x00, 0x00, 0x00, 0xaa, 0xe4, 0xff, 0xff, 0x00, 0x00, 0x00, 0x01,
  0x14, 0x00, 0x00, 0x00, 0xe8, 0x00, 0x00, 0x00, 0x23, 0x00, 0x00, 0x00,
  0x00, 0x00, 0x00, 0x02, 0x50, 0x01, 0x00, 0x00, 0x94, 0xe4, 0xff, 0xff,
  0x08, 0x00, 0x00, 0x00, 0x8c, 0x00, 0x00, 0x00, 0x10, 0x00, 0x00, 0x00,
  0x00, 0x00, 0x00, 0x00, 0x00, 0x00, 0x00, 0x00, 0x00, 0x00, 0x00, 0x00,
  0x00, 0x00, 0x00, 0x00, 0x00, 0x00, 0x00, 0x00, 0x00, 0x00, 0x00, 0x00,
  0x00, 0x00, 0x00, 0x00, 0x00, 0x00, 0x00, 0x00, 0x00, 0x00, 0x00, 0x00,
  0x00, 0x00, 0x00, 0x00, 0x00, 0x00, 0x00, 0x00, 0x00, 0x00, 0x00, 0x00,
  0x00, 0x00, 0x00, 0x00, 0x00, 0x00, 0x00, 0x00, 0x00, 0x00, 0x00, 0x00,
  0x00, 0x00, 0x00, 0x00, 0x00, 0x00, 0x00, 0x00, 0x00, 0x00, 0x00, 0x00,
  0x00, 0x00, 0x00, 0x00, 0x00, 0x00, 0x00, 0x00, 0x00, 0x00, 0x00, 0x00,
  0x00, 0x00, 0x00, 0x00, 0x00, 0x00, 0x00, 0x00, 0x00, 0x00, 0x00, 0x00,
  0x00, 0x00, 0x00, 0x00, 0x00, 0x00, 0x00, 0x00, 0x00, 0x00, 0x00, 0x00,
  0x00, 0x00, 0x00, 0x00, 0x00, 0x00, 0x00, 0x00, 0x00, 0x00, 0x00, 0x00,
  0x00, 0x00, 0x00, 0x00, 0x00, 0x00, 0x00, 0x00, 0x00, 0x00, 0x00, 0x00,
  0x10, 0x00, 0x00, 0x00, 0x00, 0xd4, 0x43, 0x3b, 0x64, 0xff, 0x49, 0x3b,
  0xec, 0xd2, 0x30, 0x3b, 0xa3, 0x71, 0x60, 0x3b, 0x06, 0x63, 0x3b, 0x3b,
  0x2f, 0x9a, 0x39, 0x3b, 0xfb, 0xa2, 0x53, 0x3b, 0x22, 0x0e, 0x58, 0x3b,
  0xfd, 0x93, 0x3a, 0x3b, 0xeb, 0x72, 0x40, 0x3b, 0xe6, 0x5f, 0x54, 0x3b,
  0x6b, 0x21, 0x6f, 0x3b, 0x27, 0x20, 0x49, 0x3b, 0xb0, 0x72, 0x64, 0x3b,
  0xb3, 0x90, 0x59, 0x3b, 0x94, 0xd2, 0x4c, 0x3b, 0x6f, 0x00, 0x00, 0x00,
  0x6d, 0x6f, 0x64, 0x65, 0x6c, 0x5f, 0x32, 0x33, 0x35, 0x2f, 0x74, 0x66,
  0x2e, 0x6e, 0x6e, 0x2e, 0x72, 0x65, 0x6c, 0x75, 0x5f, 0x33, 0x32, 0x38,
  0x2f, 0x52, 0x65, 0x6c, 0x75, 0x3b, 0x6d, 0x6f, 0x64, 0x65, 0x6c, 0x5f,
  0x32, 0x33, 0x35, 0x2f, 0x74, 0x66, 0x2e, 0x6d, 0x61, 0x74, 0x68, 0x2e,
  0x61, 0x64, 0x64, 0x5f, 0x33, 0x32, 0x38, 0x2f, 0x41, 0x64, 0x64, 0x3b,
  0x6d, 0x6f, 0x64, 0x65, 0x6c, 0x5f, 0x32, 0x33, 0x35, 0x2f, 0x74, 0x66,
  0x2e, 0x6e, 0x6e, 0x2e, 0x63, 0x6f, 0x6e, 0x76, 0x6f, 0x6c, 0x75, 0x74,
  0x69, 0x6f, 0x6e, 0x5f, 0x33, 0x32, 0x38, 0x2f, 0x63, 0x6f, 0x6e, 0x76,
  0x6f, 0x6c, 0x75, 0x74, 0x69, 0x6f, 0x6e, 0x3b, 0x43, 0x6f, 0x6e, 0x73,
  0x74, 0x5f, 0x35, 0x00, 0x01, 0x00, 0x00, 0x00, 0x10, 0x00, 0x00, 0x00,
  0x1a, 0xe6, 0xff, 0xff, 0x00, 0x00, 0x00, 0x01, 0x14, 0x00, 0x00, 0x00,
  0x30, 0x00, 0x00, 0x00, 0x22, 0x00, 0x00, 0x00, 0x00, 0x00, 0x00, 0x09,
  0x30, 0x00, 0x00, 0x00, 0x04, 0xe6, 0xff, 0xff, 0x08, 0x00, 0x00, 0x00,
  0x10, 0x00, 0x00, 0x00, 0x01, 0x00, 0x00, 0x00, 0x80, 0xff, 0xff, 0xff,
  0xff, 0xff, 0xff, 0xff, 0x01, 0x00, 0x00, 0x00, 0xbb, 0xde, 0x9f, 0x39,
  0x07, 0x00, 0x00, 0x00, 0x43, 0x6f, 0x6e, 0x73, 0x74, 0x5f, 0x34, 0x00,
  0x01, 0x00, 0x00, 0x00, 0x10, 0x00, 0x00, 0x00, 0x6a, 0xe6, 0xff, 0xff,
  0x00, 0x00, 0x00, 0x01, 0x14, 0x00, 0x00, 0x00, 0x30, 0x00, 0x00, 0x00,
  0x21, 0x00, 0x00, 0x00, 0x00, 0x00, 0x00, 0x09, 0x30, 0x00, 0x00, 0x00,
  0x54, 0xe6, 0xff, 0xff, 0x08, 0x00, 0x00, 0x00, 0x10, 0x00, 0x00, 0x00,
  0x01, 0x00, 0x00, 0x00, 0x7f, 0x00, 0x00, 0x00, 0x00, 0x00, 0x00, 0x00,
  0x01, 0x00, 0x00, 0x00, 0xb5, 0xd7, 0x40, 0x3b, 0x07, 0x00, 0x00, 0x00,
  0x43, 0x6f, 0x6e, 0x73, 0x74, 0x5f, 0x33, 0x00, 0x01, 0x00, 0x00, 0x00,
  0x10, 0x00, 0x00, 0x00, 0xba, 0xe6, 0xff, 0xff, 0x00, 0x00, 0x00, 0x01,
  0x14, 0x00, 0x00, 0x00, 0xe8, 0x00, 0x00, 0x00, 0x20, 0x00, 0x00, 0x00,
  0x00, 0x00, 0x00, 0x09, 0x0c, 0x01, 0x00, 0x00, 0xa4, 0xe6, 0xff, 0xff,
  0x08, 0x00, 0x00, 0x00, 0x8c, 0x00, 0x00, 0x00, 0x10, 0x00, 0x00, 0x00,
  0x00, 0x00, 0x00, 0x00, 0x00, 0x00, 0x00, 0x00, 0x00, 0x00, 0x00, 0x00,
  0x00, 0x00, 0x00, 0x00, 0x00, 0x00, 0x00, 0x00, 0x00, 0x00, 0x00, 0x00,
  0x00, 0x00, 0x00, 0x00, 0x00, 0x00, 0x00, 0x00, 0x00, 0x00, 0x00, 0x00,
  0x00, 0x00, 0x00, 0x00, 0x00, 0x00, 0x00, 0x00, 0x00, 0x00, 0x00, 0x00,
  0x00, 0x00, 0x00, 0x00, 0x00, 0x00, 0x00, 0x00, 0x00, 0x00, 0x00, 0x00,
  0x00, 0x00, 0x00, 0x00, 0x00, 0x00, 0x00, 0x00, 0x00, 0x00, 0x00, 0x00,
  0x00, 0x00, 0x00, 0x00, 0x00, 0x00, 0x00, 0x00, 0x00, 0x00, 0x00, 0x00,
  0x00, 0x00, 0x00, 0x00, 0x00, 0x00, 0x00, 0x00, 0x00, 0x00, 0x00, 0x00,
  0x00, 0x00, 0x00, 0x00, 0x00, 0x00, 0x00, 0x00, 0x00, 0x00, 0x00, 0x00,
  0x00, 0x00, 0x00, 0x00, 0x00, 0x00, 0x00, 0x00, 0x00, 0x00, 0x00, 0x00,
  0x00, 0x00, 0x00, 0x00, 0x00, 0x00, 0x00, 0x00, 0x00, 0x00, 0x00, 0x00,
  0x10, 0x00, 0x00, 0x00, 0xc5, 0x0e, 0xa0, 0x3a, 0xbe, 0x7c, 0x99, 0x3a,
  0x25, 0x38, 0xa1, 0x3a, 0xee, 0x36, 0xa1, 0x3a, 0x96, 0xc7, 0x97, 0x3a,
  0xa8, 0xc3, 0xa6, 0x3a, 0xdd, 0x9f, 0x9d, 0x3a, 0x68, 0x01, 0x94, 0x3a,
  0x96, 0x3b, 0xc9, 0x3a, 0xfe, 0xc0, 0x8a, 0x3a, 0x99, 0xfb, 0xa9, 0x3a,
  0x14, 0x72, 0x9e, 0x3a, 0xec, 0x55, 0x9e, 0x3a, 0xc2, 0x84, 0x9c, 0x3a,
  0x76, 0x77, 0xa9, 0x3a, 0x15, 0xd4, 0x92, 0x3a, 0x2b, 0x00, 0x00, 0x00,
  0x6d, 0x6f, 0x64, 0x65, 0x6c, 0x5f, 0x32, 0x33, 0x35, 0x2f, 0x74, 0x66,
  0x2e, 0x6e, 0x6e, 0x2e, 0x63, 0x6f, 0x6e, 0x76, 0x6f, 0x6c, 0x75, 0x74,
  0x69, 0x6f, 0x6e, 0x5f, 0x33, 0x32, 0x39, 0x2f, 0x63, 0x6f, 0x6e, 0x76,
  0x6f, 0x6c, 0x75, 0x74, 0x69, 0x6f, 0x6e, 0x00, 0x04, 0x00, 0x00, 0x00,
  0x10, 0x00, 0x00, 0x00, 0x03, 0x00, 0x00, 0x00, 0x01, 0x00, 0x00, 0x00,
  0x10, 0x00, 0x00, 0x00, 0xf2, 0xe7, 0xff, 0xff, 0x00, 0x00, 0x00, 0x01,
  0x14, 0x00, 0x00, 0x00, 0xe8, 0x00, 0x00, 0x00, 0x1f, 0x00, 0x00, 0x00,
  0x00, 0x00, 0x00, 0x02, 0x50, 0x01, 0x00, 0x00, 0xdc, 0xe7, 0xff, 0xff,
  0x08, 0x00, 0x00, 0x00, 0x8c, 0x00, 0x00, 0x00, 0x10, 0x00, 0x00, 0x00,
  0x00, 0x00, 0x00, 0x00, 0x00, 0x00, 0x00, 0x00, 0x00, 0x00, 0x00, 0x00,
  0x00, 0x00, 0x00, 0x00, 0x00, 0x00, 0x00, 0x00, 0x00, 0x00, 0x00, 0x00,
  0x00, 0x00, 0x00, 0x00, 0x00, 0x00, 0x00, 0x00, 0x00, 0x00, 0x00, 0x00,
  0x00, 0x00, 0x00, 0x00, 0x00, 0x00, 0x00, 0x00, 0x00, 0x00, 0x00, 0x00,
  0x00, 0x00, 0x00, 0x00, 0x00, 0x00, 0x00, 0x00, 0x00, 0x00, 0x00, 0x00,
  0x00, 0x00, 0x00, 0x00, 0x00, 0x00, 0x00, 0x00, 0x00, 0x00, 0x00, 0x00,
  0x00, 0x00, 0x00, 0x00, 0x00, 0x00, 0x00, 0x00, 0x00, 0x00, 0x00, 0x00,
  0x00, 0x00, 0x00, 0x00, 0x00, 0x00, 0x00, 0x00, 0x00, 0x00, 0x00, 0x00,
  0x00, 0x00, 0x00, 0x00, 0x00, 0x00, 0x00, 0x00, 0x00, 0x00, 0x00, 0x00,
  0x00, 0x00, 0x00, 0x00, 0x00, 0x00, 0x00, 0x00, 0x00, 0x00, 0x00, 0x00,
  0x00, 0x00, 0x00, 0x00, 0x00, 0x00, 0x00, 0x00, 0x00, 0x00, 0x00, 0x00,
  0x10, 0x00, 0x00, 0x00, 0x12, 0x70, 0xa2, 0x37, 0x08, 0xc5, 0x9b, 0x37,
  0xde, 0x9d, 0xa3, 0x37, 0xa3, 0x9c, 0xa3, 0x37, 0x60, 0x09, 0x9a, 0x37,
  0x7d, 0x3e, 0xa9, 0x37, 0xe7, 0xf7, 0x9f, 0x37, 0xd4, 0x34, 0x96, 0x37,
  0xa2, 0x39, 0xcc, 0x37, 0x32, 0xd1, 0x8c, 0x37, 0xaf, 0x82, 0xac, 0x37,
  0x3e, 0xcd, 0xa0, 0x37, 0xab, 0xb0, 0xa0, 0x37, 0x96, 0xd8, 0x9e, 0x37,
  0x95, 0xfc, 0xab, 0x37, 0x06, 0x03, 0x95, 0x37, 0x6f, 0x00, 0x00, 0x00,
  0x6d, 0x6f, 0x64, 0x65, 0x6c, 0x5f, 0x32, 0x33, 0x35, 0x2f, 0x74, 0x66,
  0x2e, 0x6e, 0x6e, 0x2e, 0x72, 0x65, 0x6c, 0x75, 0x5f, 0x33, 0x32, 0x39,
  0x2f, 0x52, 0x65, 0x6c, 0x75, 0x3b, 0x6d, 0x6f, 0x64, 0x65, 0x6c, 0x5f,
  0x32, 0x33, 0x35, 0x2f, 0x74, 0x66, 0x2e, 0x6d, 0x61, 0x74, 0x68, 0x2e,
  0x61, 0x64, 0x64, 0x5f, 0x33, 0x32, 0x39, 0x2f, 0x41, 0x64, 0x64, 0x3b,
  0x6d, 0x6f, 0x64, 0x65, 0x6c, 0x5f, 0x32, 0x33, 0x35, 0x2f, 0x74, 0x66,
  0x2e, 0x6e, 0x6e, 0x2e, 0x63, 0x6f, 0x6e, 0x76, 0x6f, 0x6c, 0x75, 0x74,
  0x69, 0x6f, 0x6e, 0x5f, 0x33, 0x32, 0x39, 0x2f, 0x63, 0x6f, 0x6e, 0x76,
  0x6f, 0x6c, 0x75, 0x74, 0x69, 0x6f, 0x6e, 0x3b, 0x43, 0x6f, 0x6e, 0x73,
  0x74, 0x5f, 0x31, 0x00, 0x01, 0x00, 0x00, 0x00, 0x10, 0x00, 0x00, 0x00,
  0x62, 0xe9, 0xff, 0xff, 0x00, 0x00, 0x00, 0x01, 0x14, 0x00, 0x00, 0x00,
  0x30, 0x00, 0x00, 0x00, 0x1e, 0x00, 0x00, 0x00, 0x00, 0x00, 0x00, 0x09,
  0x30, 0x00, 0x00, 0x00, 0x4c, 0xe9, 0xff, 0xff, 0x08, 0x00, 0x00, 0x00,
  0x10, 0x00, 0x00, 0x00, 0x01, 0x00, 0x00, 0x00, 0x80, 0xff, 0xff, 0xff,
  0xff, 0xff, 0xff, 0xff, 0x01, 0x00, 0x00, 0x00, 0xae, 0x26, 0x02, 0x3d,
  0x05, 0x00, 0x00, 0x00, 0x43, 0x6f, 0x6e, 0x73, 0x74, 0x00, 0x00, 0x00,
  0x01, 0x00, 0x00, 0x00, 0x10, 0x00, 0x00, 0x00, 0xb2, 0xe9, 0xff, 0xff,
  0x00, 0x00, 0x00, 0x01, 0x14, 0x00, 0x00, 0x00, 0x34, 0x00, 0x00, 0x00,
  0x1d, 0x00, 0x00, 0x00, 0x00, 0x00, 0x00, 0x09, 0x38, 0x00, 0x00, 0x00,
  0x9c, 0xe9, 0xff, 0xff, 0x08, 0x00, 0x00, 0x00, 0x14, 0x00, 0x00, 0x00,
  0x01, 0x00, 0x00, 0x00, 0x7f, 0x00, 0x00, 0x00, 0x00, 0x00, 0x00, 0x00,
  0x00, 0x00, 0x00, 0x00, 0x01, 0x00, 0x00, 0x00, 0xa3, 0x8c, 0x8b, 0x3b,
  0x08, 0x00, 0x00, 0x00, 0x43, 0x6f, 0x6e, 0x73, 0x74, 0x5f, 0x33, 0x34,
  0x00, 0x00, 0x00, 0x00, 0x01, 0x00, 0x00, 0x00, 0x10, 0x00, 0x00, 0x00,
  0x0a, 0xea, 0xff, 0xff, 0x00, 0x00, 0x00, 0x01, 0x14, 0x00, 0x00, 0x00,
  0xe8, 0x00, 0x00, 0x00, 0x1c, 0x00, 0x00, 0x00, 0x00, 0x00, 0x00, 0x09,
  0x0c, 0x01, 0x00, 0x00, 0xf4, 0xe9, 0xff, 0xff, 0x08, 0x00, 0x00, 0x00,
  0x8c, 0x00, 0x00, 0x00, 0x10, 0x00, 0x00, 0x00, 0x00, 0x00, 0x00, 0x00,
  0x00, 0x00, 0x00, 0x00, 0x00, 0x00, 0x00, 0x00, 0x00, 0x00, 0x00, 0x00,
  0x00, 0x00, 0x00, 0x00, 0x00, 0x00, 0x00, 0x00, 0x00, 0x00, 0x00, 0x00,
  0x00, 0x00, 0x00, 0x00, 0x00, 0x00, 0x00, 0x00, 0x00, 0x00, 0x00, 0x00,
  0x00, 0x00, 0x00, 0x00, 0x00, 0x00, 0x00, 0x00, 0x00, 0x00, 0x00, 0x00,
  0x00, 0x00, 0x00, 0x00, 0x00, 0x00, 0x00, 0x00, 0x00, 0x00, 0x00, 0x00,
  0x00, 0x00, 0x00, 0x00, 0x00, 0x00, 0x00, 0x00, 0x00, 0x00, 0x00, 0x00,
  0x00, 0x00, 0x00, 0x00, 0x00, 0x00, 0x00, 0x00, 0x00, 0x00, 0x00, 0x00,
  0x00, 0x00, 0x00, 0x00, 0x00, 0x00, 0x00, 0x00, 0x00, 0x00, 0x00, 0x00,
  0x00, 0x00, 0x00, 0x00, 0x00, 0x00, 0x00, 0x00, 0x00, 0x00, 0x00, 0x00,
  0x00, 0x00, 0x00, 0x00, 0x00, 0x00, 0x00, 0x00, 0x00, 0x00, 0x00, 0x00,
  0x00, 0x00, 0x00, 0x00, 0x00, 0x00, 0x00, 0x00, 0x10, 0x00, 0x00, 0x00,
  0xea, 0x7d, 0xb2, 0x3a, 0xd9, 0xd4, 0xb3, 0x3a, 0xe2, 0x2a, 0x92, 0x3a,
  0x6f, 0x11, 0x9b, 0x3a, 0x9c, 0x39, 0x9f, 0x3a, 0xa9, 0x3a, 0xa2, 0x3a,
  0x57, 0x3f, 0xa7, 0x3a, 0x1b, 0x91, 0xa9, 0x3a, 0xbe, 0x26, 0xa8, 0x3a,
  0xa8, 0x8f, 0xa1, 0x3a, 0x54, 0x2c, 0x91, 0x3a, 0x15, 0x5b, 0xac, 0x3a,
  0x2b, 0x99, 0xa5, 0x3a, 0xa1, 0xd5, 0x8e, 0x3a, 0x07, 0xa5, 0xb4, 0x3a,
  0x5b, 0xb6, 0xa2, 0x3a, 0x2b, 0x00, 0x00, 0x00, 0x6d, 0x6f, 0x64, 0x65,
  0x6c, 0x5f, 0x32, 0x33, 0x35, 0x2f, 0x74, 0x66, 0x2e, 0x6e, 0x6e, 0x2e,
  0x63, 0x6f, 0x6e, 0x76, 0x6f, 0x6c, 0x75, 0x74, 0x69, 0x6f, 0x6e, 0x5f,
  0x33, 0x33, 0x30, 0x2f, 0x63, 0x6f, 0x6e, 0x76, 0x6f, 0x6c, 0x75, 0x74,
  0x69, 0x6f, 0x6e, 0x00, 0x04, 0x00, 0x00, 0x00, 0x10, 0x00, 0x00, 0x00,
  0x03, 0x00, 0x00, 0x00, 0x01, 0x00, 0x00, 0x00, 0x10, 0x00, 0x00, 0x00,
  0x42, 0xeb, 0xff, 0xff, 0x00, 0x00, 0x00, 0x01, 0x14, 0x00, 0x00, 0x00,
  0xe4, 0x00, 0x00, 0x00, 0x1b, 0x00, 0x00, 0x00, 0x00, 0x00, 0x00, 0x02,
  0x50, 0x01, 0x00, 0x00, 0x2c, 0xeb, 0xff, 0xff, 0x08, 0x00, 0x00, 0x00,
  0x88, 0x00, 0x00, 0x00, 0x10, 0x00, 0x00, 0x00, 0x00, 0x00, 0x00, 0x00,
  0x00, 0x00, 0x00, 0x00, 0x00, 0x00, 0x00, 0x00, 0x00, 0x00, 0x00, 0x00,
  0x00, 0x00, 0x00, 0x00, 0x00, 0x00, 0x00, 0x00, 0x00, 0x00, 0x00, 0x00,
  0x00, 0x00, 0x00, 0x00, 0x00, 0x00, 0x00, 0x00, 0x00, 0x00, 0x00, 0x00,
  0x00, 0x00, 0x00, 0x00, 0x00, 0x00, 0x00, 0x00, 0x00, 0x00, 0x00, 0x00,
  0x00, 0x00, 0x00, 0x00, 0x00, 0x00, 0x00, 0x00, 0x00, 0x00, 0x00, 0x00,
  0x00, 0x00, 0x00, 0x00, 0x00, 0x00, 0x00, 0x00, 0x00, 0x00, 0x00, 0x00,
  0x00, 0x00, 0x00, 0x00, 0x00, 0x00, 0x00, 0x00, 0x00, 0x00, 0x00, 0x00,
  0x00, 0x00, 0x00, 0x00, 0x00, 0x00, 0x00, 0x00, 0x00, 0x00, 0x00, 0x00,
  0x00, 0x00, 0x00, 0x00, 0x00, 0x00, 0x00, 0x00, 0x00, 0x00, 0x00, 0x00,
  0x00, 0x00, 0x00, 0x00, 0x00, 0x00, 0x00, 0x00, 0x00, 0x00, 0x00, 0x00,
  0x00, 0x00, 0x00, 0x00, 0x10, 0x00, 0x00, 0x00, 0x6a, 0xb5, 0xb4, 0x37,
  0x9b, 0x10, 0xb6, 0x37, 0x9c, 0xfb, 0x93, 0x37, 0x76, 0xfe, 0x9c, 0x37,
  0xda, 0x33, 0xa1, 0x37, 0x74, 0x3e, 0xa4, 0x37, 0x17, 0x53, 0xa9, 0x37,
  0x3a, 0xac, 0xab, 0x37, 0x5d, 0x3d, 0xaa, 0x37, 0x53, 0x91, 0xa3, 0x37,
  0xe5, 0xf9, 0x92, 0x37, 0x12, 0x7f, 0xae, 0x37, 0xac, 0xa7, 0xa7, 0x37,
  0xc2, 0x9b, 0x90, 0x37, 0x5f, 0xe3, 0xb6, 0x37, 0xaf, 0xbb, 0xa4, 0x37,
  0x70, 0x00, 0x00, 0x00, 0x6d, 0x6f, 0x64, 0x65, 0x6c, 0x5f, 0x32, 0x33,
  0x35, 0x2f, 0x74, 0x66, 0x2e, 0x6e, 0x6e, 0x2e, 0x72, 0x65, 0x6c, 0x75,
  0x5f, 0x33, 0x33, 0x30, 0x2f, 0x52, 0x65, 0x6c, 0x75, 0x3b, 0x6d, 0x6f,
  0x64, 0x65, 0x6c, 0x5f, 0x32, 0x33, 0x35, 0x2f, 0x74, 0x66, 0x2e, 0x6d,
  0x61, 0x74, 0x68, 0x2e, 0x61, 0x64, 0x64, 0x5f, 0x33, 0x33, 0x30, 0x2f,
  0x41, 0x64, 0x64, 0x3b, 0x6d, 0x6f, 0x64, 0x65, 0x6c, 0x5f, 0x32, 0x33,
  0x35, 0x2f, 0x74, 0x66, 0x2e, 0x6e, 0x6e, 0x2e, 0x63, 0x6f, 0x6e, 0x76,
  0x6f, 0x6c, 0x75, 0x74, 0x69, 0x6f, 0x6e, 0x5f, 0x33, 0x33, 0x30, 0x2f,
  0x63, 0x6f, 0x6e, 0x76, 0x6f, 0x6c, 0x75, 0x74, 0x69, 0x6f, 0x6e, 0x3b,
  0x43, 0x6f, 0x6e, 0x73, 0x74, 0x5f, 0x33, 0x32, 0x00, 0x00, 0x00, 0x00,
  0x01, 0x00, 0x00, 0x00, 0x10, 0x00, 0x00, 0x00, 0xb2, 0xec, 0xff, 0xff,
  0x00, 0x00, 0x00, 0x01, 0x14, 0x00, 0x00, 0x00, 0x34, 0x00, 0x00, 0x00,
  0x1a, 0x00, 0x00, 0x00, 0x00, 0x00, 0x00, 0x09, 0x38, 0x00, 0x00, 0x00,
  0x9c, 0xec, 0xff, 0xff, 0x08, 0x00, 0x00, 0x00, 0x14, 0x00, 0x00, 0x00,
  0x01, 0x00, 0x00, 0x00, 0x80, 0xff, 0xff, 0xff, 0xff, 0xff, 0xff, 0xff,
  0x00, 0x00, 0x00, 0x00, 0x01, 0x00, 0x00, 0x00, 0x24, 0xb1, 0x88, 0x3c,
  0x08, 0x00, 0x00, 0x00, 0x43, 0x6f, 0x6e, 0x73, 0x74, 0x5f, 0x33, 0x31,
  0x00, 0x00, 0x00, 0x00, 0x01, 0x00, 0x00, 0x00, 0x10, 0x00, 0x00, 0x00,
  0x0a, 0xed, 0xff, 0xff, 0x00, 0x00, 0x00, 0x01, 0x14, 0x00, 0x00, 0x00,
  0x34, 0x00, 0x00, 0x00, 0x19, 0x00, 0x00, 0x00, 0x00, 0x00, 0x00, 0x09,
  0x38, 0x00, 0x00, 0x00, 0xf4, 0xec, 0xff, 0xff, 0x08, 0x00, 0x00, 0x00,
  0x14, 0x00, 0x00, 0x00, 0x01, 0x00, 0x00, 0x00, 0x7f, 0x00, 0x00, 0x00,
  0x00, 0x00, 0x00, 0x00, 0x00, 0x00, 0x00, 0x00, 0x01, 0x00, 0x00, 0x00,
  0x7e, 0x1f, 0x67, 0x3b, 0x08, 0x00, 0x00, 0x00, 0x43, 0x6f, 0x6e, 0x73,
  0x74, 0x5f, 0x33, 0x30, 0x00, 0x00, 0x00, 0x00, 0x01, 0x00, 0x00, 0x00,
  0x10, 0x00, 0x00, 0x00, 0x62, 0xed, 0xff, 0xff, 0x00, 0x00, 0x00, 0x01,
  0x14, 0x00, 0x00, 0x00, 0xe8, 0x00, 0x00, 0x00, 0x18, 0x00, 0x00, 0x00,
  0x00, 0x00, 0x00, 0x09, 0x0c, 0x01, 0x00, 0x00, 0x4c, 0xed, 0xff, 0xff,
  0x08, 0x00, 0x00, 0x00, 0x8c, 0x00, 0x00, 0x00, 0x10, 0x00, 0x00, 0x00,
  0x00, 0x00, 0x00, 0x00, 0x00, 0x00, 0x00, 0x00, 0x00, 0x00, 0x00, 0x00,
  0x00, 0x00, 0x00, 0x00, 0x00, 0x00, 0x00, 0x00, 0x00, 0x00, 0x00, 0x00,
  0x00, 0x00, 0x00, 0x00, 0x00, 0x00, 0x00, 0x00, 0x00, 0x00, 0x00, 0x00,
  0x00, 0x00, 0x00, 0x00, 0x00, 0x00, 0x00, 0x00, 0x00, 0x00, 0x00, 0x00,
  0x00, 0x00, 0x00, 0x00, 0x00, 0x00, 0x00, 0x00, 0x00, 0x00, 0x00, 0x00,
  0x00, 0x00, 0x00, 0x00, 0x00, 0x00, 0x00, 0x00, 0x00, 0x00, 0x00, 0x00,
  0x00, 0x00, 0x00, 0x00, 0x00, 0x00, 0x00, 0x00, 0x00, 0x00, 0x00, 0x00,
  0x00, 0x00, 0x00, 0x00, 0x00, 0x00, 0x00, 0x00, 0x00, 0x00, 0x00, 0x00,
  0x00, 0x00, 0x00, 0x00, 0x00, 0x00, 0x00, 0x00, 0x00, 0x00, 0x00, 0x00,
  0x00, 0x00, 0x00, 0x00, 0x00, 0x00, 0x00, 0x00, 0x00, 0x00, 0x00, 0x00,
  0x00, 0x00, 0x00, 0x00, 0x00, 0x00, 0x00, 0x00, 0x00, 0x00, 0x00, 0x00,
  0x10, 0x00, 0x00, 0x00, 0x67, 0xd7, 0xa0, 0x3a, 0x91, 0x23, 0x91, 0x3a,
  0xe6, 0x0d, 0x97, 0x3a, 0x87, 0x4c, 0xc2, 0x3a, 0x4b, 0x73, 0x9e, 0x3a,
  0xef, 0x97, 0xb9, 0x3a, 0xfb, 0xae, 0x9b, 0x3a, 0xe0, 0x40, 0x9d, 0x3a,
  0xff, 0x9d, 0xbd, 0x3a, 0x62, 0x0a, 0xa7, 0x3a, 0x7a, 0x93, 0xb8, 0x3a,
  0x7c, 0x6d, 0x8e, 0x3a, 0x99, 0xd5, 0x9b, 0x3a, 0xde, 0x65, 0xa8, 0x3a,
  0x55, 0x66, 0xa6, 0x3a, 0x96, 0x7e, 0xaf, 0x3a, 0x2b, 0x00, 0x00, 0x00,
  0x6d, 0x6f, 0x64, 0x65, 0x6c, 0x5f, 0x32, 0x33, 0x35, 0x2f, 0x74, 0x66,
  0x2e, 0x6e, 0x6e, 0x2e, 0x63, 0x6f, 0x6e, 0x76, 0x6f, 0x6c, 0x75, 0x74,
  0x69, 0x6f, 0x6e, 0x5f, 0x33, 0x33, 0x31, 0x2f, 0x63, 0x6f, 0x6e, 0x76,
  0x6f, 0x6c, 0x75, 0x74, 0x69, 0x6f, 0x6e, 0x00, 0x04, 0x00, 0x00, 0x00,
  0x10, 0x00, 0x00, 0x00, 0x03, 0x00, 0x00, 0x00, 0x01, 0x00, 0x00, 0x00,
  0x10, 0x00, 0x00, 0x00, 0x9a, 0xee, 0xff, 0xff, 0x00, 0x00, 0x00, 0x01,
  0x14, 0x00, 0x00, 0x00, 0xe4, 0x00, 0x00, 0x00, 0x17, 0x00, 0x00, 0x00,
  0x00, 0x00, 0x00, 0x02, 0x50, 0x01, 0x00, 0x00, 0x84, 0xee, 0xff, 0xff,
  0x08, 0x00, 0x00, 0x00, 0x88, 0x00, 0x00, 0x00, 0x10, 0x00, 0x00, 0x00,
  0x00, 0x00, 0x00, 0x00, 0x00, 0x00, 0x00, 0x00, 0x00, 0x00, 0x00, 0x00,
  0x00, 0x00, 0x00, 0x00, 0x00, 0x00, 0x00, 0x00, 0x00, 0x00, 0x00, 0x00,
  0x00, 0x00, 0x00, 0x00, 0x00, 0x00, 0x00, 0x00, 0x00, 0x00, 0x00, 0x00,
  0x00, 0x00, 0x00, 0x00, 0x00, 0x00, 0x00, 0x00, 0x00, 0x00, 0x00, 0x00,
  0x00, 0x00, 0x00, 0x00, 0x00, 0x00, 0x00, 0x00, 0x00, 0x00, 0x00, 0x00,
  0x00, 0x00, 0x00, 0x00, 0x00, 0x00, 0x00, 0x00, 0x00, 0x00, 0x00, 0x00,
  0x00, 0x00, 0x00, 0x00, 0x00, 0x00, 0x00, 0x00, 0x00, 0x00, 0x00, 0x00,
  0x00, 0x00, 0x00, 0x00, 0x00, 0x00, 0x00, 0x00, 0x00, 0x00, 0x00, 0x00,
  0x00, 0x00, 0x00, 0x00, 0x00, 0x00, 0x00, 0x00, 0x00, 0x00, 0x00, 0x00,
  0x00, 0x00, 0x00, 0x00, 0x00, 0x00, 0x00, 0x00, 0x00, 0x00, 0x00, 0x00,
  0x00, 0x00, 0x00, 0x00, 0x00, 0x00, 0x00, 0x00, 0x10, 0x00, 0x00, 0x00,
  0x6d, 0x91, 0x8a, 0x37, 0x85, 0x14, 0x7a, 0x37, 0xe3, 0x22, 0x82, 0x37,
  0x74, 0x64, 0xa7, 0x37, 0x15, 0x82, 0x88, 0x37, 0x7a, 0xe4, 0x9f, 0x37,
  0xdc, 0x1f, 0x86, 0x37, 0x19, 0x7a, 0x87, 0x37, 0xe5, 0x5b, 0xa3, 0x37,
  0xa5, 0xe8, 0x8f, 0x37, 0x16, 0x04, 0x9f, 0x37, 0x96, 0x68, 0x75, 0x37,
  0x21, 0x41, 0x86, 0x37, 0x02, 0x14, 0x91, 0x37, 0x4f, 0x5b, 0x8f, 0x37,
  0x26, 0x31, 0x97, 0x37, 0x70, 0x00, 0x00, 0x00, 0x6d, 0x6f, 0x64, 0x65,
  0x6c, 0x5f, 0x32, 0x33, 0x35, 0x2f, 0x74, 0x66, 0x2e, 0x6e, 0x6e, 0x2e,
  0x72, 0x65, 0x6c, 0x75, 0x5f, 0x33, 0x33, 0x31, 0x2f, 0x52, 0x65, 0x6c,
  0x75, 0x3b, 0x6d, 0x6f, 0x64, 0x65, 0x6c, 0x5f, 0x32, 0x33, 0x35, 0x2f,
  0x74, 0x66, 0x2e, 0x6d, 0x61, 0x74, 0x68, 0x2e, 0x61, 0x64, 0x64, 0x5f,
  0x33, 0x33, 0x31, 0x2f, 0x41, 0x64, 0x64, 0x3b, 0x6d, 0x6f, 0x64, 0x65,
  0x6c, 0x5f, 0x32, 0x33, 0x35, 0x2f, 0x74, 0x66, 0x2e, 0x6e, 0x6e, 0x2e,
  0x63, 0x6f, 0x6e, 0x76, 0x6f, 0x6c, 0x75, 0x74, 0x69, 0x6f, 0x6e, 0x5f,
  0x33, 0x33, 0x31, 0x2f, 0x63, 0x6f, 0x6e, 0x76, 0x6f, 0x6c, 0x75, 0x74,
  0x69, 0x6f, 0x6e, 0x3b, 0x43, 0x6f, 0x6e, 0x73, 0x74, 0x5f, 0x32, 0x38,
  0x00, 0x00, 0x00, 0x00, 0x01, 0x00, 0x00, 0x00, 0x10, 0x00, 0x00, 0x00,
  0x0a, 0xf0, 0xff, 0xff, 0x00, 0x00, 0x00, 0x01, 0x14, 0x00, 0x00, 0x00,
  0x34, 0x00, 0x00, 0x00, 0x16, 0x00, 0x00, 0x00, 0x00, 0x00, 0x00, 0x09,
  0x38, 0x00, 0x00, 0x00, 0xf4, 0xef, 0xff, 0xff, 0x08, 0x00, 0x00, 0x00,
  0x14, 0x00, 0x00, 0x00, 0x01, 0x00, 0x00, 0x00, 0x80, 0xff, 0xff, 0xff,
  0xff, 0xff, 0xff, 0xff, 0x00, 0x00, 0x00, 0x00, 0x01, 0x00, 0x00, 0x00,
  0x89, 0x21, 0x81, 0x3c, 0x08, 0x00, 0x00, 0x00, 0x43, 0x6f, 0x6e, 0x73,
  0x74, 0x5f, 0x32, 0x37, 0x00, 0x00, 0x00, 0x00, 0x01, 0x00, 0x00, 0x00,
  0x10, 0x00, 0x00, 0x00, 0x62, 0xf0, 0xff, 0xff, 0x00, 0x00, 0x00, 0x01,
  0x14, 0x00, 0x00, 0x00, 0x34, 0x00, 0x00, 0x00, 0x15, 0x00, 0x00, 0x00,
  0x00, 0x00, 0x00, 0x09, 0x38, 0x00, 0x00, 0x00, 0x4c, 0xf0, 0xff, 0xff,
  0x08, 0x00, 0x00, 0x00, 0x14, 0x00, 0x00, 0x00, 0x01, 0x00, 0x00, 0x00,
  0x7f, 0x00, 0x00, 0x00, 0x00, 0x00, 0x00, 0x00, 0x00, 0x00, 0x00, 0x00,
  0x01, 0x00, 0x00, 0x00, 0x87, 0x8f, 0x6a, 0x3b, 0x08, 0x00, 0x00, 0x00,
  0x43, 0x6f, 0x6e, 0x73, 0x74, 0x5f, 0x32, 0x36, 0x00, 0x00, 0x00, 0x00,
  0x01, 0x00, 0x00, 0x00, 0x10, 0x00, 0x00, 0x00, 0xba, 0xf0, 0xff, 0xff,
  0x00, 0x00, 0x00, 0x01, 0x14, 0x00, 0x00, 0x00, 0xe8, 0x00, 0x00, 0x00,
  0x14, 0x00, 0x00, 0x00, 0x00, 0x00, 0x00, 0x09, 0x0c, 0x01, 0x00, 0x00,
  0xa4, 0xf0, 0xff, 0xff, 0x08, 0x00, 0x00, 0x00, 0x8c, 0x00, 0x00, 0x00,
  0x10, 0x00, 0x00, 0x00, 0x00, 0x00, 0x00, 0x00, 0x00, 0x00, 0x00, 0x00,
  0x00, 0x00, 0x00, 0x00, 0x00, 0x00, 0x00, 0x00, 0x00, 0x00, 0x00, 0x00,
  0x00, 0x00, 0x00, 0x00, 0x00, 0x00, 0x00, 0x00, 0x00, 0x00, 0x00, 0x00,
  0x00, 0x00, 0x00, 0x00, 0x00, 0x00, 0x00, 0x00, 0x00, 0x00, 0x00, 0x00,
  0x00, 0x00, 0x00, 0x00, 0x00, 0x00, 0x00, 0x00, 0x00, 0x00, 0x00, 0x00,
  0x00, 0x00, 0x00, 0x00, 0x00, 0x00, 0x00, 0x00, 0x00, 0x00, 0x00, 0x00,
  0x00, 0x00, 0x00, 0x00, 0x00, 0x00, 0x00, 0x00, 0x00, 0x00, 0x00, 0x00,
  0x00, 0x00, 0x00, 0x00, 0x00, 0x00, 0x00, 0x00, 0x00, 0x00, 0x00, 0x00,
  0x00, 0x00, 0x00, 0x00, 0x00, 0x00, 0x00, 0x00, 0x00, 0x00, 0x00, 0x00,
  0x00, 0x00, 0x00, 0x00, 0x00, 0x00, 0x00, 0x00, 0x00, 0x00, 0x00, 0x00,
  0x00, 0x00, 0x00, 0x00, 0x00, 0x00, 0x00, 0x00, 0x00, 0x00, 0x00, 0x00,
  0x00, 0x00, 0x00, 0x00, 0x10, 0x00, 0x00, 0x00, 0xe3, 0xad, 0xce, 0x3a,
  0x44, 0xa7, 0x8d, 0x3a, 0xba, 0x39, 0xad, 0x3a, 0x3a, 0x37, 0x95, 0x3a,
  0x74, 0x25, 0x92, 0x3a, 0xf6, 0xaf, 0xc9, 0x3a, 0x4e, 0xcc, 0xa7, 0x3a,
  0xa9, 0xdc, 0xb7, 0x3a, 0x2d, 0xdc, 0xaa, 0x3a, 0xdb, 0x4d, 0xa8, 0x3a,
  0xb9, 0x11, 0xb9, 0x3a, 0xfd, 0x8f, 0xa2, 0x3a, 0x2e, 0xf5, 0xad, 0x3a,
  0xa1, 0xf5, 0xb9, 0x3a, 0xd8, 0x9c, 0xa5, 0x3a, 0x0e, 0x57, 0x9e, 0x3a,
  0x2b, 0x00, 0x00, 0x00, 0x6d, 0x6f, 0x64, 0x65, 0x6c, 0x5f, 0x32, 0x33,
  0x35, 0x2f, 0x74, 0x66, 0x2e, 0x6e, 0x6e, 0x2e, 0x63, 0x6f, 0x6e, 0x76,
  0x6f, 0x6c, 0x75, 0x74, 0x69, 0x6f, 0x6e, 0x5f, 0x33, 0x33, 0x32, 0x2f,
  0x63, 0x6f, 0x6e, 0x76, 0x6f, 0x6c, 0x75, 0x74, 0x69, 0x6f, 0x6e, 0x00,
  0x04, 0x00, 0x00, 0x00, 0x10, 0x00, 0x00, 0x00, 0x03, 0x00, 0x00, 0x00,
  0x01, 0x00, 0x00, 0x00, 0x10, 0x00, 0x00, 0x00, 0xf2, 0xf1, 0xff, 0xff,
  0x00, 0x00, 0x00, 0x01, 0x14, 0x00, 0x00, 0x00, 0xe4, 0x00, 0x00, 0x00,
  0x13, 0x00, 0x00, 0x00, 0x00, 0x00, 0x00, 0x02, 0x50, 0x01, 0x00, 0x00,
  0xdc, 0xf1, 0xff, 0xff, 0x08, 0x00, 0x00, 0x00, 0x88, 0x00, 0x00, 0x00,
  0x10, 0x00, 0x00, 0x00, 0x00, 0x00, 0x00, 0x00, 0x00, 0x00, 0x00, 0x00,
  0x00, 0x00, 0x00, 0x00, 0x00, 0x00, 0x00, 0x00, 0x00, 0x00, 0x00, 0x00,
  0x00, 0x00, 0x00, 0x00, 0x00, 0x00, 0x00, 0x00, 0x00, 0x00, 0x00, 0x00,
  0x00, 0x00, 0x00, 0x00, 0x00, 0x00, 0x00, 0x00, 0x00, 0x00, 0x00, 0x00,
  0x00, 0x00, 0x00, 0x00, 0x00, 0x00, 0x00, 0x00, 0x00, 0x00, 0x00, 0x00,
  0x00, 0x00, 0x00, 0x00, 0x00, 0x00, 0x00, 0x00, 0x00, 0x00, 0x00, 0x00,
  0x00, 0x00, 0x00, 0x00, 0x00, 0x00, 0x00, 0x00, 0x00, 0x00, 0x00, 0x00,
  0x00, 0x00, 0x00, 0x00, 0x00, 0x00, 0x00, 0x00, 0x00, 0x00, 0x00, 0x00,
  0x00, 0x00, 0x00, 0x00, 0x00, 0x00, 0x00, 0x00, 0x00, 0x00, 0x00, 0x00,
  0x00, 0x00, 0x00, 0x00, 0x00, 0x00, 0x00, 0x00, 0x00, 0x00, 0x00, 0x00,
  0x00, 0x00, 0x00, 0x00, 0x00, 0x00, 0x00, 0x00, 0x00, 0x00, 0x00, 0x00,
  0x10, 0x00, 0x00, 0x00, 0xc7, 0xd2, 0xae, 0x37, 0xde, 0xa3, 0x6f, 0x37,
  0xa1, 0x86, 0x92, 0x37, 0x00, 0x6f, 0x7c, 0x37, 0xae, 0x3d, 0x77, 0x37,
  0xd2, 0x99, 0xaa, 0x37, 0x5c, 0xef, 0x8d, 0x37, 0xdf, 0x85, 0x9b, 0x37,
  0x69, 0x86, 0x90, 0x37, 0xf2, 0x5c, 0x8e, 0x37, 0x4c, 0x8b, 0x9c, 0x37,
  0xa1, 0x81, 0x89, 0x37, 0x30, 0x25, 0x93, 0x37, 0x13, 0x4c, 0x9d, 0x37,
  0x21, 0x16, 0x8c, 0x37, 0x4e, 0xef, 0x85, 0x37, 0x70, 0x00, 0x00, 0x00,
  0x6d, 0x6f, 0x64, 0x65, 0x6c, 0x5f, 0x32, 0x33, 0x35, 0x2f, 0x74, 0x66,
  0x2e, 0x6e, 0x6e, 0x2e, 0x72, 0x65, 0x6c, 0x75, 0x5f, 0x33, 0x33, 0x32,
  0x2f, 0x52, 0x65, 0x6c, 0x75, 0x3b, 0x6d, 0x6f, 0x64, 0x65, 0x6c, 0x5f,
  0x32, 0x33, 0x35, 0x2f, 0x74, 0x66, 0x2e, 0x6d, 0x61, 0x74, 0x68, 0x2e,
  0x61, 0x64, 0x64, 0x5f, 0x33, 0x33, 0x32, 0x2f, 0x41, 0x64, 0x64, 0x3b,
  0x6d, 0x6f, 0x64, 0x65, 0x6c, 0x5f, 0x32, 0x33, 0x35, 0x2f, 0x74, 0x66,
  0x2e, 0x6e, 0x6e, 0x2e, 0x63, 0x6f, 0x6e, 0x76, 0x6f, 0x6c, 0x75, 0x74,
  0x69, 0x6f, 0x6e, 0x5f, 0x33, 0x33, 0x32, 0x2f, 0x63, 0x6f, 0x6e, 0x76,
  0x6f, 0x6c, 0x75, 0x74, 0x69, 0x6f, 0x6e, 0x3b, 0x43, 0x6f, 0x6e, 0x73,
  0x74, 0x5f, 0x32, 0x34, 0x00, 0x00, 0x00, 0x00, 0x01, 0x00, 0x00, 0x00,
  0x10, 0x00, 0x00, 0x00, 0x62, 0xf3, 0xff, 0xff, 0x00, 0x00, 0x00, 0x01,
  0x14, 0x00, 0x00, 0x00, 0x34, 0x00, 0x00, 0x00, 0x12, 0x00, 0x00, 0x00,
  0x00, 0x00, 0x00, 0x09, 0x38, 0x00, 0x00, 0x00, 0x4c, 0xf3, 0xff, 0xff,
  0x08, 0x00, 0x00, 0x00, 0x14, 0x00, 0x00, 0x00, 0x01, 0x00, 0x00, 0x00,
  0x80, 0xff, 0xff, 0xff, 0xff, 0xff, 0xff, 0xff, 0x00, 0x00, 0x00, 0x00,
  0x01, 0x00, 0x00, 0x00, 0xd3, 0x99, 0xcc, 0x3c, 0x08, 0x00, 0x00, 0x00,
  0x43, 0x6f, 0x6e, 0x73, 0x74, 0x5f, 0x32, 0x33, 0x00, 0x00, 0x00, 0x00,
  0x01, 0x00, 0x00, 0x00, 0x10, 0x00, 0x00, 0x00, 0xba, 0xf3, 0xff, 0xff,
  0x00, 0x00, 0x00, 0x01, 0x14, 0x00, 0x00, 0x00, 0x34, 0x00, 0x00, 0x00,
  0x11, 0x00, 0x00, 0x00, 0x00, 0x00, 0x00, 0x09, 0x38, 0x00, 0x00, 0x00,
  0xa4, 0xf3, 0xff, 0xff, 0x08, 0x00, 0x00, 0x00, 0x14, 0x00, 0x00, 0x00,
  0x01, 0x00, 0x00, 0x00, 0x7f, 0x00, 0x00, 0x00, 0x00, 0x00, 0x00, 0x00,
  0x00, 0x00, 0x00, 0x00, 0x01, 0x00, 0x00, 0x00, 0x8a, 0x08, 0xb0, 0x3b,
  0x08, 0x00, 0x00, 0x00, 0x43, 0x6f, 0x6e, 0x73, 0x74, 0x5f, 0x32, 0x32,
  0x00, 0x00, 0x00, 0x00, 0x01, 0x00, 0x00, 0x00, 0x10, 0x00, 0x00, 0x00,
  0x12, 0xf4, 0xff, 0xff, 0x00, 0x00, 0x00, 0x01, 0x14, 0x00, 0x00, 0x00,
  0xe8, 0x00, 0x00, 0x00, 0x10, 0x00, 0x00, 0x00, 0x00, 0x00, 0x00, 0x09,
  0x0c, 0x01, 0x00, 0x00, 0xfc, 0xf3, 0xff, 0xff, 0x08, 0x00, 0x00, 0x00,
  0x8c, 0x00, 0x00, 0x00, 0x10, 0x00, 0x00, 0x00, 0x00, 0x00, 0x00, 0x00,
  0x00, 0x00, 0x00, 0x00, 0x00, 0x00, 0x00, 0x00, 0x00, 0x00, 0x00, 0x00,
  0x00, 0x00, 0x00, 0x00, 0x00, 0x00, 0x00, 0x00, 0x00, 0x00, 0x00, 0x00,
  0x00, 0x00, 0x00, 0x00, 0x00, 0x00, 0x00, 0x00, 0x00, 0x00, 0x00, 0x00,
  0x00, 0x00, 0x00, 0x00, 0x00, 0x00, 0x00, 0x00, 0x00, 0x00, 0x00, 0x00,
  0x00, 0x00, 0x00, 0x00, 0x00, 0x00, 0x00, 0x00, 0x00, 0x00, 0x00, 0x00,
  0x00, 0x00, 0x00, 0x00, 0x00, 0x00, 0x00, 0x00, 0x00, 0x00, 0x00, 0x00,
  0x00, 0x00, 0x00, 0x00, 0x00, 0x00, 0x00, 0x00, 0x00, 0x00, 0x00, 0x00,
  0x00, 0x00, 0x00, 0x00, 0x00, 0x00, 0x00, 0x00, 0x00, 0x00, 0x00, 0x00,
  0x00, 0x00, 0x00, 0x00, 0x00, 0x00, 0x00, 0x00, 0x00, 0x00, 0x00, 0x00,
  0x00, 0x00, 0x00, 0x00, 0x00, 0x00, 0x00, 0x00, 0x00, 0x00, 0x00, 0x00,
  0x00, 0x00, 0x00, 0x00, 0x00, 0x00, 0x00, 0x00, 0x10, 0x00, 0x00, 0x00,
  0xfd, 0x9e, 0xac, 0x3a, 0xbc, 0x74, 0xa3, 0x3a, 0x5b, 0xc8, 0xa8, 0x3a,
  0x1e, 0x63, 0xcf, 0x3a, 0x48, 0x4d, 0x9d, 0x3a, 0x2c, 0xbe, 0xb2, 0x3a,
  0xb4, 0xc3, 0xb0, 0x3a, 0xde, 0x2a, 0xd6, 0x3a, 0x5f, 0x5b, 0xb0, 0x3a,
  0x4b, 0x7e, 0xb7, 0x3a, 0x97, 0xcd, 0xa8, 0x3a, 0xce, 0xf4, 0xba, 0x3a,
  0x8e, 0xbb, 0xc4, 0x3a, 0x5f, 0xad, 0x8e, 0x3a, 0xd9, 0x4f, 0xb9, 0x3a,
  0xf5, 0x9f, 0x91, 0x3a, 0x2b, 0x00, 0x00, 0x00, 0x6d, 0x6f, 0x64, 0x65,
  0x6c, 0x5f, 0x32, 0x33, 0x35, 0x2f, 0x74, 0x66, 0x2e, 0x6e, 0x6e, 0x2e,
  0x63, 0x6f, 0x6e, 0x76, 0x6f, 0x6c, 0x75, 0x74, 0x69, 0x6f, 0x6e, 0x5f,
  0x33, 0x33, 0x33, 0x2f, 0x63, 0x6f, 0x6e, 0x76, 0x6f, 0x6c, 0x75, 0x74,
  0x69, 0x6f, 0x6e, 0x00, 0x04, 0x00, 0x00, 0x00, 0x10, 0x00, 0x00, 0x00,
  0x03, 0x00, 0x00, 0x00, 0x01, 0x00, 0x00, 0x00, 0x10, 0x00, 0x00, 0x00,
  0x4a, 0xf5, 0xff, 0xff, 0x00, 0x00, 0x00, 0x01, 0x14, 0x00, 0x00, 0x00,
  0xe4, 0x00, 0x00, 0x00, 0x0f, 0x00, 0x00, 0x00, 0x00, 0x00, 0x00, 0x02,
  0x50, 0x01, 0x00, 0x00, 0x34, 0xf5, 0xff, 0xff, 0x08, 0x00, 0x00, 0x00,
  0x88, 0x00, 0x00, 0x00, 0x10, 0x00, 0x00, 0x00, 0x00, 0x00, 0x00, 0x00,
  0x00, 0x00, 0x00, 0x00, 0x00, 0x00, 0x00, 0x00, 0x00, 0x00, 0x00, 0x00,
  0x00, 0x00, 0x00, 0x00, 0x00, 0x00, 0x00, 0x00, 0x00, 0x00, 0x00, 0x00,
  0x00, 0x00, 0x00, 0x00, 0x00, 0x00, 0x00, 0x00, 0x00, 0x00, 0x00, 0x00,
  0x00, 0x00, 0x00, 0x00, 0x00, 0x00, 0x00, 0x00, 0x00, 0x00, 0x00, 0x00,
  0x00, 0x00, 0x00, 0x00, 0x00, 0x00, 0x00, 0x00, 0x00, 0x00, 0x00, 0x00,
  0x00, 0x00, 0x00, 0x00, 0x00, 0x00, 0x00, 0x00, 0x00, 0x00, 0x00, 0x00,
  0x00, 0x00, 0x00, 0x00, 0x00, 0x00, 0x00, 0x00, 0x00, 0x00, 0x00, 0x00,
  0x00, 0x00, 0x00, 0x00, 0x00, 0x00, 0x00, 0x00, 0x00, 0x00, 0x00, 0x00,
  0x00, 0x00, 0x00, 0x00, 0x00, 0x00, 0x00, 0x00, 0x00, 0x00, 0x00, 0x00,
  0x00, 0x00, 0x00, 0x00, 0x00, 0x00, 0x00, 0x00, 0x00, 0x00, 0x00, 0x00,
  0x00, 0x00, 0x00, 0x00, 0x10, 0x00, 0x00, 0x00, 0x8d, 0x53, 0xe1, 0x37,
  0xee, 0x5c, 0xd5, 0x37, 0xe5, 0x50, 0xdc, 0x37, 0x8d, 0x5a, 0x07, 0x38,
  0x74, 0x54, 0xcd, 0x37, 0x3c, 0x51, 0xe9, 0x37, 0x20, 0xbc, 0xe6, 0x37,
  0x69, 0xc7, 0x0b, 0x38, 0xf1, 0x33, 0xe6, 0x37, 0xaa, 0x84, 0xef, 0x37,
  0xbb, 0x57, 0xdc, 0x37, 0xd9, 0x09, 0xf4, 0x37, 0x60, 0x66, 0x00, 0x38,
  0x70, 0x3d, 0xba, 0x37, 0x5d, 0xe4, 0xf1, 0x37, 0x6b, 0x16, 0xbe, 0x37,
  0x70, 0x00, 0x00, 0x00, 0x6d, 0x6f, 0x64, 0x65, 0x6c, 0x5f, 0x32, 0x33,
  0x35, 0x2f, 0x74, 0x66, 0x2e, 0x6e, 0x6e, 0x2e, 0x72, 0x65, 0x6c, 0x75,
  0x5f, 0x33, 0x33, 0x33, 0x2f, 0x52, 0x65, 0x6c, 0x75, 0x3b, 0x6d, 0x6f,
  0x64, 0x65, 0x6c, 0x5f, 0x32, 0x33, 0x35, 0x2f, 0x74, 0x66, 0x2e, 0x6d,
  0x61, 0x74, 0x68, 0x2e, 0x61, 0x64, 0x64, 0x5f, 0x33, 0x33, 0x33, 0x2f,
  0x41, 0x64, 0x64, 0x3b, 0x6d, 0x6f, 0x64, 0x65, 0x6c, 0x5f, 0x32, 0x33,
  0x35, 0x2f, 0x74, 0x66, 0x2e, 0x6e, 0x6e, 0x2e, 0x63, 0x6f, 0x6e, 0x76,
  0x6f, 0x6c, 0x75, 0x74, 0x69, 0x6f, 0x6e, 0x5f, 0x33, 0x33, 0x33, 0x2f,
  0x63, 0x6f, 0x6e, 0x76, 0x6f, 0x6c, 0x75, 0x74, 0x69, 0x6f, 0x6e, 0x3b,
  0x43, 0x6f, 0x6e, 0x73, 0x74, 0x5f, 0x32, 0x30, 0x00, 0x00, 0x00, 0x00,
  0x01, 0x00, 0x00, 0x00, 0x10, 0x00, 0x00, 0x00, 0xba, 0xf6, 0xff, 0xff,
  0x00, 0x00, 0x00, 0x01, 0x14, 0x00, 0x00, 0x00, 0x34, 0x00, 0x00, 0x00,
  0x0e, 0x00, 0x00, 0x00, 0x00, 0x00, 0x00, 0x09, 0x38, 0x00, 0x00, 0x00,
  0xa4, 0xf6, 0xff, 0xff, 0x08, 0x00, 0x00, 0x00, 0x14, 0x00, 0x00, 0x00,
  0x01, 0x00, 0x00, 0x00, 0x80, 0xff, 0xff, 0xff, 0xff, 0xff, 0xff, 0xff,
  0x00, 0x00, 0x00, 0x00, 0x01, 0x00, 0x00, 0x00, 0x72, 0x11, 0xd9, 0x3c,
  0x08, 0x00, 0x00, 0x00, 0x43, 0x6f, 0x6e, 0x73, 0x74, 0x5f, 0x31, 0x39,
  0x00, 0x00, 0x00, 0x00, 0x01, 0x00, 0x00, 0x00, 0x10, 0x00, 0x00, 0x00,
  0x12, 0xf7, 0xff, 0xff, 0x00, 0x00, 0x00, 0x01, 0x14, 0x00, 0x00, 0x00,
  0x34, 0x00, 0x00, 0x00, 0x0d, 0x00, 0x00, 0x00, 0x00, 0x00, 0x00, 0x09,
  0x38, 0x00, 0x00, 0x00, 0xfc, 0xf6, 0xff, 0xff, 0x08, 0x00, 0x00, 0x00,
  0x14, 0x00, 0x00, 0x00, 0x01, 0x00, 0x00, 0x00, 0x7f, 0x00, 0x00, 0x00,
  0x00, 0x00, 0x00, 0x00, 0x00, 0x00, 0x00, 0x00, 0x01, 0x00, 0x00, 0x00,
  0x74, 0xbe, 0x77, 0x3b, 0x08, 0x00, 0x00, 0x00, 0x43, 0x6f, 0x6e, 0x73,
  0x74, 0x5f, 0x31, 0x38, 0x00, 0x00, 0x00, 0x00, 0x01, 0x00, 0x00, 0x00,
  0x10, 0x00, 0x00, 0x00, 0x6a, 0xf7, 0xff, 0xff, 0x00, 0x00, 0x00, 0x01,
  0x14, 0x00, 0x00, 0x00, 0xe8, 0x00, 0x00, 0x00, 0x0c, 0x00, 0x00, 0x00,
  0x00, 0x00, 0x00, 0x09, 0x0c, 0x01, 0x00, 0x00, 0x54, 0xf7, 0xff, 0xff,
  0x08, 0x00, 0x00, 0x00, 0x8c, 0x00, 0x00, 0x00, 0x10, 0x00, 0x00, 0x00,
  0x00, 0x00, 0x00, 0x00, 0x00, 0x00, 0x00, 0x00, 0x00, 0x00, 0x00, 0x00,
  0x00, 0x00, 0x00, 0x00, 0x00, 0x00, 0x00, 0x00, 0x00, 0x00, 0x00, 0x00,
  0x00, 0x00, 0x00, 0x00, 0x00, 0x00, 0x00, 0x00, 0x00, 0x00, 0x00, 0x00,
  0x00, 0x00, 0x00, 0x00, 0x00, 0x00, 0x00, 0x00, 0x00, 0x00, 0x00, 0x00,
  0x00, 0x00, 0x00, 0x00, 0x00, 0x00, 0x00, 0x00, 0x00, 0x00, 0x00, 0x00,
  0x00, 0x00, 0x00, 0x00, 0x00, 0x00, 0x00, 0x00, 0x00, 0x00, 0x00, 0x00,
  0x00, 0x00, 0x00, 0x00, 0x00, 0x00, 0x00, 0x00, 0x00, 0x00, 0x00, 0x00,
  0x00, 0x00, 0x00, 0x00, 0x00, 0x00, 0x00, 0x00, 0x00, 0x00, 0x00, 0x00,
  0x00, 0x00, 0x00, 0x00, 0x00, 0x00, 0x00, 0x00, 0x00, 0x00, 0x00, 0x00,
  0x00, 0x00, 0x00, 0x00, 0x00, 0x00, 0x00, 0x00, 0x00, 0x00, 0x00, 0x00,
  0x00, 0x00, 0x00, 0x00, 0x00, 0x00, 0x00, 0x00, 0x00, 0x00, 0x00, 0x00,
  0x10, 0x00, 0x00, 0x00, 0xb6, 0xbd, 0x99, 0x3a, 0xa4, 0xb7, 0xc0, 0x3a,
  0x2b, 0x97, 0xd2, 0x3a, 0xd5, 0xf3, 0xc2, 0x3a, 0xe2, 0x05, 0xa3, 0x3a,
  0x1f, 0x69, 0xd6, 0x3a, 0xcc, 0x49, 0xa6, 0x3a, 0xa1, 0x5b, 0xd0, 0x3a,
  0x2d, 0x60, 0x9e, 0x3a, 0x1b, 0x21, 0xb9, 0x3a, 0xed, 0x8a, 0xb7, 0x3a,
  0xdb, 0x7c, 0xc0, 0x3a, 0x96, 0x78, 0xb4, 0x3a, 0x16, 0x57, 0x94, 0x3a,
  0x6e, 0x74, 0xb1, 0x3a, 0x41, 0x94, 0xa5, 0x3a, 0x2b, 0x00, 0x00, 0x00,
  0x6d, 0x6f, 0x64, 0x65, 0x6c, 0x5f, 0x32, 0x33, 0x35, 0x2f, 0x74, 0x66,
  0x2e, 0x6e, 0x6e, 0x2e, 0x63, 0x6f, 0x6e, 0x76, 0x6f, 0x6c, 0x75, 0x74,
  0x69, 0x6f, 0x6e, 0x5f, 0x33, 0x33, 0x34, 0x2f, 0x63, 0x6f, 0x6e, 0x76,
  0x6f, 0x6c, 0x75, 0x74, 0x69, 0x6f, 0x6e, 0x00, 0x04, 0x00, 0x00, 0x00,
  0x10, 0x00, 0x00, 0x00, 0x03, 0x00, 0x00, 0x00, 0x01, 0x00, 0x00, 0x00,
  0x10, 0x00, 0x00, 0x00, 0xa2, 0xf8, 0xff, 0xff, 0x00, 0x00, 0x00, 0x01,
  0x14, 0x00, 0x00, 0x00, 0xe4, 0x00, 0x00, 0x00, 0x0b, 0x00, 0x00, 0x00,
  0x00, 0x00, 0x00, 0x02, 0x50, 0x01, 0x00, 0x00, 0x8c, 0xf8, 0xff, 0xff,
  0x08, 0x00, 0x00, 0x00, 0x88, 0x00, 0x00, 0x00, 0x10, 0x00, 0x00, 0x00,
  0x00, 0x00, 0x00, 0x00, 0x00, 0x00, 0x00, 0x00, 0x00, 0x00, 0x00, 0x00,
  0x00, 0x00, 0x00, 0x00, 0x00, 0x00, 0x00, 0x00, 0x00, 0x00, 0x00, 0x00,
  0x00, 0x00, 0x00, 0x00, 0x00, 0x00, 0x00, 0x00, 0x00, 0x00, 0x00, 0x00,
  0x00, 0x00, 0x00, 0x00, 0x00, 0x00, 0x00, 0x00, 0x00, 0x00, 0x00, 0x00,
  0x00, 0x00, 0x00, 0x00, 0x00, 0x00, 0x00, 0x00, 0x00, 0x00, 0x00, 0x00,
  0x00, 0x00, 0x00, 0x00, 0x00, 0x00, 0x00, 0x00, 0x00, 0x00, 0x00, 0x00,
  0x00, 0x00, 0x00, 0x00, 0x00, 0x00, 0x00, 0x00, 0x00, 0x00, 0x00, 0x00,
  0x00, 0x00, 0x00, 0x00, 0x00, 0x00, 0x00, 0x00, 0x00, 0x00, 0x00, 0x00,
  0x00, 0x00, 0x00, 0x00, 0x00, 0x00, 0x00, 0x00, 0x00, 0x00, 0x00, 0x00,
  0x00, 0x00, 0x00, 0x00, 0x00, 0x00, 0x00, 0x00, 0x00, 0x00, 0x00, 0x00,
  0x00, 0x00, 0x00, 0x00, 0x00, 0x00, 0x00, 0x00, 0x10, 0x00, 0x00, 0x00,
  0x8b, 0xe0, 0xbd, 0x37, 0xbc, 0x03, 0xee, 0x37, 0x5c, 0x0b, 0x02, 0x38,
  0x6b, 0xc6, 0xf0, 0x37, 0x39, 0x57, 0xc9, 0x37, 0x44, 0x67, 0x04, 0x38,
  0x9d, 0x5f, 0xcd, 0x37, 0x6b, 0xaa, 0x00, 0x38, 0xe1, 0x99, 0xc3, 0x37,
  0x9e, 0xa4, 0xe4, 0x37, 0xf7, 0xae, 0xe2, 0x37, 0x22, 0xbb, 0xed, 0x37,
  0xcd, 0xe3, 0xde, 0x37, 0xf0, 0x34, 0xb7, 0x37, 0x27, 0x2a, 0xdb, 0x37,
  0x66, 0x7f, 0xcc, 0x37, 0x70, 0x00, 0x00, 0x00, 0x6d, 0x6f, 0x64, 0x65,
  0x6c, 0x5f, 0x32, 0x33, 0x35, 0x2f, 0x74, 0x66, 0x2e, 0x6e, 0x6e, 0x2e,
  0x72, 0x65, 0x6c, 0x75, 0x5f, 0x33, 0x33, 0x34, 0x2f, 0x52, 0x65, 0x6c,
  0x75, 0x3b, 0x6d, 0x6f, 0x64, 0x65, 0x6c, 0x5f, 0x32, 0x33, 0x35, 0x2f,
  0x74, 0x66, 0x2e, 0x6d, 0x61, 0x74, 0x68, 0x2e, 0x61, 0x64, 0x64, 0x5f,
  0x33, 0x33, 0x34, 0x2f, 0x41, 0x64, 0x64, 0x3b, 0x6d, 0x6f, 0x64, 0x65,
  0x6c, 0x5f, 0x32, 0x33, 0x35, 0x2f, 0x74, 0x66, 0x2e, 0x6e, 0x6e, 0x2e,
  0x63, 0x6f, 0x6e, 0x76, 0x6f, 0x6c, 0x75, 0x74, 0x69, 0x6f, 0x6e, 0x5f,
  0x33, 0x33, 0x34, 0x2f, 0x63, 0x6f, 0x6e, 0x76, 0x6f, 0x6c, 0x75, 0x74,
  0x69, 0x6f, 0x6e, 0x3b, 0x43, 0x6f, 0x6e, 0x73, 0x74, 0x5f, 0x31, 0x36,
  0x00, 0x00, 0x00, 0x00, 0x01, 0x00, 0x00, 0x00, 0x10, 0x00, 0x00, 0x00,
  0x12, 0xfa, 0xff, 0xff, 0x00, 0x00, 0x00, 0x01, 0x14, 0x00, 0x00, 0x00,
  0x34, 0x00, 0x00, 0x00, 0x0a, 0x00, 0x00, 0x00, 0x00, 0x00, 0x00, 0x09,
  0x38, 0x00, 0x00, 0x00, 0xfc, 0xf9, 0xff, 0xff, 0x08, 0x00, 0x00, 0x00,
  0x14, 0x00, 0x00, 0x00, 0x01, 0x00, 0x00, 0x00, 0x80, 0xff, 0xff, 0xff,
  0xff, 0xff, 0xff, 0xff, 0x00, 0x00, 0x00, 0x00, 0x01, 0x00, 0x00, 0x00,
  0xb4, 0x04, 0x3f, 0x3c, 0x08, 0x00, 0x00, 0x00, 0x43, 0x6f, 0x6e, 0x73,
  0x74, 0x5f, 0x31, 0x35, 0x00, 0x00, 0x00, 0x00, 0x01, 0x00, 0x00, 0x00,
  0x10, 0x00, 0x00, 0x00, 0x6a, 0xfa, 0xff, 0xff, 0x00, 0x00, 0x00, 0x01,
  0x14, 0x00, 0x00, 0x00, 0x34, 0x00, 0x00, 0x00, 0x09, 0x00, 0x00, 0x00,
  0x00, 0x00, 0x00, 0x09, 0x38, 0x00, 0x00, 0x00, 0x54, 0xfa, 0xff, 0xff,
  0x08, 0x00, 0x00, 0x00, 0x14, 0x00, 0x00, 0x00, 0x01, 0x00, 0x00, 0x00,
  0x7f, 0x00, 0x00, 0x00, 0x00, 0x00, 0x00, 0x00, 0x00, 0x00, 0x00, 0x00,
  0x01, 0x00, 0x00, 0x00, 0xb3, 0x63, 0x66, 0x3b, 0x08, 0x00, 0x00, 0x00,
  0x43, 0x6f, 0x6e, 0x73, 0x74, 0x5f, 0x31, 0x34, 0x00, 0x00, 0x00, 0x00,
  0x01, 0x00, 0x00, 0x00, 0x10, 0x00, 0x00, 0x00, 0xc2, 0xfa, 0xff, 0xff,
  0x00, 0x00, 0x00, 0x01, 0x14, 0x00, 0x00, 0x00, 0xe8, 0x00, 0x00, 0x00,
  0x08, 0x00, 0x00, 0x00, 0x00, 0x00, 0x00, 0x09, 0x0c, 0x01, 0x00, 0x00,
  0xac, 0xfa, 0xff, 0xff, 0x08, 0x00, 0x00, 0x00, 0x8c, 0x00, 0x00, 0x00,
  0x10, 0x00, 0x00, 0x00, 0x00, 0x00, 0x00, 0x00, 0x00, 0x00, 0x00, 0x00,
  0x00, 0x00, 0x00, 0x00, 0x00, 0x00, 0x00, 0x00, 0x00, 0x00, 0x00, 0x00,
  0x00, 0x00, 0x00, 0x00, 0x00, 0x00, 0x00, 0x00, 0x00, 0x00, 0x00, 0x00,
  0x00, 0x00, 0x00, 0x00, 0x00, 0x00, 0x00, 0x00, 0x00, 0x00, 0x00, 0x00,
  0x00, 0x00, 0x00, 0x00, 0x00, 0x00, 0x00, 0x00, 0x00, 0x00, 0x00, 0x00,
  0x00, 0x00, 0x00, 0x00, 0x00, 0x00, 0x00, 0x00, 0x00, 0x00, 0x00, 0x00,
  0x00, 0x00, 0x00, 0x00, 0x00, 0x00, 0x00, 0x00, 0x00, 0x00, 0x00, 0x00,
  0x00, 0x00, 0x00, 0x00, 0x00, 0x00, 0x00, 0x00, 0x00, 0x00, 0x00, 0x00,
  0x00, 0x00, 0x00, 0x00, 0x00, 0x00, 0x00, 0x00, 0x00, 0x00, 0x00, 0x00,
  0x00, 0x00, 0x00, 0x00, 0x00, 0x00, 0x00, 0x00, 0x00, 0x00, 0x00, 0x00,
  0x00, 0x00, 0x00, 0x00, 0x00, 0x00, 0x00, 0x00, 0x00, 0x00, 0x00, 0x00,
  0x00, 0x00, 0x00, 0x00, 0x10, 0x00, 0x00, 0x00, 0x06, 0xf1, 0x9c, 0x3a,
  0x7b, 0x7b, 0xa2, 0x3a, 0xbb, 0x66, 0x99, 0x3a, 0x05, 0x73, 0xb5, 0x3a,
  0xfc, 0x94, 0x99, 0x3a, 0xab, 0x96, 0xa6, 0x3a, 0x98, 0xfb, 0xbf, 0x3a,
  0xd9, 0x0b, 0xcf, 0x3a, 0xf9, 0xc9, 0x9e, 0x3a, 0x77, 0x72, 0xe5, 0x3a,
  0xfe, 0x5f, 0xa5, 0x3a, 0x26, 0xe3, 0xc2, 0x3a, 0x76, 0x2b, 0xac, 0x3a,
  0x5f, 0xa2, 0x9b, 0x3a, 0x62, 0xc6, 0xb8, 0x3a, 0x8f, 0xf7, 0xd1, 0x3a,
  0x2b, 0x00, 0x00, 0x00, 0x6d, 0x6f, 0x64, 0x65, 0x6c, 0x5f, 0x32, 0x33,
  0x35, 0x2f, 0x74, 0x66, 0x2e, 0x6e, 0x6e, 0x2e, 0x63, 0x6f, 0x6e, 0x76,
  0x6f, 0x6c, 0x75, 0x74, 0x69, 0x6f, 0x6e, 0x5f, 0x33, 0x33, 0x35, 0x2f,
  0x63, 0x6f, 0x6e, 0x76, 0x6f, 0x6c, 0x75, 0x74, 0x69, 0x6f, 0x6e, 0x00,
  0x04, 0x00, 0x00, 0x00, 0x10, 0x00, 0x00, 0x00, 0x03, 0x00, 0x00, 0x00,
  0x01, 0x00, 0x00, 0x00, 0x10, 0x00, 0x00, 0x00, 0xfa, 0xfb, 0xff, 0xff,
  0x00, 0x00, 0x00, 0x01, 0x14, 0x00, 0x00, 0x00, 0xe4, 0x00, 0x00, 0x00,
  0x07, 0x00, 0x00, 0x00, 0x00, 0x00, 0x00, 0x02, 0x50, 0x01, 0x00, 0x00,
  0xe4, 0xfb, 0xff, 0xff, 0x08, 0x00, 0x00, 0x00, 0x88, 0x00, 0x00, 0x00,
  0x10, 0x00, 0x00, 0x00, 0x00, 0x00, 0x00, 0x00, 0x00, 0x00, 0x00, 0x00,
  0x00, 0x00, 0x00, 0x00, 0x00, 0x00, 0x00, 0x00, 0x00, 0x00, 0x00, 0x00,
  0x00, 0x00, 0x00, 0x00, 0x00, 0x00, 0x00, 0x00, 0x00, 0x00, 0x00, 0x00,
  0x00, 0x00, 0x00, 0x00, 0x00, 0x00, 0x00, 0x00, 0x00, 0x00, 0x00, 0x00,
  0x00, 0x00, 0x00, 0x00, 0x00, 0x00, 0x00, 0x00, 0x00, 0x00, 0x00, 0x00,
  0x00, 0x00, 0x00, 0x00, 0x00, 0x00, 0x00, 0x00, 0x00, 0x00, 0x00, 0x00,
  0x00, 0x00, 0x00, 0x00, 0x00, 0x00, 0x00, 0x00, 0x00, 0x00, 0x00, 0x00,
  0x00, 0x00, 0x00, 0x00, 0x00, 0x00, 0x00, 0x00, 0x00, 0x00, 0x00, 0x00,
  0x00, 0x00, 0x00, 0x00, 0x00, 0x00, 0x00, 0x00, 0x00, 0x00, 0x00, 0x00,
  0x00, 0x00, 0x00, 0x00, 0x00, 0x00, 0x00, 0x00, 0x00, 0x00, 0x00, 0x00,
  0x00, 0x00, 0x00, 0x00, 0x00, 0x00, 0x00, 0x00, 0x00, 0x00, 0x00, 0x00,
  0x10, 0x00, 0x00, 0x00, 0x5a, 0xb4, 0xd0, 0x37, 0xa6, 0x12, 0xd8, 0x37,
  0x24, 0xff, 0xcb, 0x37, 0xa8, 0x4b, 0xf1, 0x37, 0xa6, 0x3c, 0xcc, 0x37,
  0x8a, 0x88, 0xdd, 0x37, 0xa0, 0x4d, 0xff, 0x37, 0xe2, 0xaa, 0x09, 0x38,
  0x4a, 0x29, 0xd3, 0x37, 0xe5, 0x8f, 0x18, 0x38, 0x66, 0xeb, 0xdb, 0x37,
  0x36, 0x95, 0x01, 0x38, 0x95, 0xf4, 0xe4, 0x37, 0x52, 0xf7, 0xce, 0x37,
  0xd2, 0xb7, 0xf5, 0x37, 0x0b, 0x9c, 0x0b, 0x38, 0x70, 0x00, 0x00, 0x00,
  0x6d, 0x6f, 0x64, 0x65, 0x6c, 0x5f, 0x32, 0x33, 0x35, 0x2f, 0x74, 0x66,
  0x2e, 0x6e, 0x6e, 0x2e, 0x72, 0x65, 0x6c, 0x75, 0x5f, 0x33, 0x33, 0x35,
  0x2f, 0x52, 0x65, 0x6c, 0x75, 0x3b, 0x6d, 0x6f, 0x64, 0x65, 0x6c, 0x5f,
  0x32, 0x33, 0x35, 0x2f, 0x74, 0x66, 0x2e, 0x6d, 0x61, 0x74, 0x68, 0x2e,
  0x61, 0x64, 0x64, 0x5f, 0x33, 0x33, 0x35, 0x2f, 0x41, 0x64, 0x64, 0x3b,
  0x6d, 0x6f, 0x64, 0x65, 0x6c, 0x5f, 0x32, 0x33, 0x35, 0x2f, 0x74, 0x66,
  0x2e, 0x6e, 0x6e, 0x2e, 0x63, 0x6f, 0x6e, 0x76, 0x6f, 0x6c, 0x75, 0x74,
  0x69, 0x6f, 0x6e, 0x5f, 0x33, 0x33, 0x35, 0x2f, 0x63, 0x6f, 0x6e, 0x76,
  0x6f, 0x6c, 0x75, 0x74, 0x69, 0x6f, 0x6e, 0x3b, 0x43, 0x6f, 0x6e, 0x73,
  0x74, 0x5f, 0x31, 0x32, 0x00, 0x00, 0x00, 0x00, 0x01, 0x00, 0x00, 0x00,
  0x10, 0x00, 0x00, 0x00, 0x6a, 0xfd, 0xff, 0xff, 0x00, 0x00, 0x00, 0x01,
  0x14, 0x00, 0x00, 0x00, 0x34, 0x00, 0x00, 0x00, 0x06, 0x00, 0x00, 0x00,
  0x00, 0x00, 0x00, 0x09, 0x38, 0x00, 0x00, 0x00, 0x54, 0xfd, 0xff, 0xff,
  0x08, 0x00, 0x00, 0x00, 0x14, 0x00, 0x00, 0x00, 0x01, 0x00, 0x00, 0x00,
  0x80, 0xff, 0xff, 0xff, 0xff, 0xff, 0xff, 0xff, 0x00, 0x00, 0x00, 0x00,
  0x01, 0x00, 0x00, 0x00, 0x57, 0x6b, 0x89, 0x3c, 0x08, 0x00, 0x00, 0x00,
  0x43, 0x6f, 0x6e, 0x73, 0x74, 0x5f, 0x31, 0x31, 0x00, 0x00, 0x00, 0x00,
  0x01, 0x00, 0x00, 0x00, 0x10, 0x00, 0x00, 0x00, 0xc2, 0xfd, 0xff, 0xff,
  0x00, 0x00, 0x00, 0x01, 0x14, 0x00, 0x00, 0x00, 0x34, 0x00, 0x00, 0x00,
  0x05, 0x00, 0x00, 0x00, 0x00, 0x00, 0x00, 0x09, 0x38, 0x00, 0x00, 0x00,
  0xac, 0xfd, 0xff, 0xff, 0x08, 0x00, 0x00, 0x00, 0x14, 0x00, 0x00, 0x00,
  0x01, 0x00, 0x00, 0x00, 0x7f, 0x00, 0x00, 0x00, 0x00, 0x00, 0x00, 0x00,
  0x00, 0x00, 0x00, 0x00, 0x01, 0x00, 0x00, 0x00, 0x10, 0xaa, 0x83, 0x3b,
  0x08, 0x00, 0x00, 0x00, 0x43, 0x6f, 0x6e, 0x73, 0x74, 0x5f, 0x31, 0x30,
  0x00, 0x00, 0x00, 0x00, 0x01, 0x00, 0x00, 0x00, 0x10, 0x00, 0x00, 0x00,
  0x1a, 0xfe, 0xff, 0xff, 0x00, 0x00, 0x00, 0x01, 0x14, 0x00, 0x00, 0x00,
  0x7c, 0x00, 0x00, 0x00, 0x04, 0x00, 0x00, 0x00, 0x00, 0x00, 0x00, 0x09,
  0x9c, 0x00, 0x00, 0x00, 0x04, 0xfe, 0xff, 0xff, 0x08, 0x00, 0x00, 0x00,
  0x44, 0x00, 0x00, 0x00, 0x07, 0x00, 0x00, 0x00, 0x00, 0x00, 0x00, 0x00,
  0x00, 0x00, 0x00, 0x00, 0x00, 0x00, 0x00, 0x00, 0x00, 0x00, 0x00, 0x00,
  0x00, 0x00, 0x00, 0x00, 0x00, 0x00, 0x00, 0x00, 0x00, 0x00, 0x00, 0x00,
  0x00, 0x00, 0x00, 0x00, 0x00, 0x00, 0x00, 0x00, 0x00, 0x00, 0x00, 0x00,
  0x00, 0x00, 0x00, 0x00, 0x00, 0x00, 0x00, 0x00, 0x00, 0x00, 0x00, 0x00,
  0x00, 0x00, 0x00, 0x00, 0x00, 0x00, 0x00, 0x00, 0x07, 0x00, 0x00, 0x00,
  0x3a, 0x73, 0x34, 0x3b, 0x1b, 0x40, 0x35, 0x3b, 0xb0, 0xd8, 0x35, 0x3b,
  0x29, 0xb5, 0x3b, 0x3b, 0x19, 0x79, 0x30, 0x3b, 0xa6, 0xa7, 0x35, 0x3b,
  0xb2, 0xcc, 0x2f, 0x3b, 0x24, 0x00, 0x00, 0x00, 0x6d, 0x6f, 0x64, 0x65,
  0x6c, 0x5f, 0x32, 0x33, 0x35, 0x2f, 0x74, 0x66, 0x2e, 0x6c, 0x69, 0x6e,
  0x61, 0x6c, 0x67, 0x2e, 0x6d, 0x61, 0x74, 0x6d, 0x75, 0x6c, 0x5f, 0x36,
  0x37, 0x2f, 0x4d, 0x61, 0x74, 0x4d, 0x75, 0x6c, 0x00, 0x00, 0x00, 0x00,
  0x02, 0x00, 0x00, 0x00, 0x07, 0x00, 0x00, 0x00, 0x10, 0x00, 0x00, 0x00,
  0xda, 0xfe, 0xff, 0xff, 0x00, 0x00, 0x00, 0x01, 0x14, 0x00, 0x00, 0x00,
  0x78, 0x00, 0x00, 0x00, 0x03, 0x00, 0x00, 0x00, 0x00, 0x00, 0x00, 0x02,
  0x9c, 0x00, 0x00, 0x00, 0xc4, 0xfe, 0xff, 0xff, 0x08, 0x00, 0x00, 0x00,
  0x40, 0x00, 0x00, 0x00, 0x07, 0x00, 0x00, 0x00, 0x00, 0x00, 0x00, 0x00,
  0x00, 0x00, 0x00, 0x00, 0x00, 0x00, 0x00, 0x00, 0x00, 0x00, 0x00, 0x00,
  0x00, 0x00, 0x00, 0x00, 0x00, 0x00, 0x00, 0x00, 0x00, 0x00, 0x00, 0x00,
  0x00, 0x00, 0x00, 0x00, 0x00, 0x00, 0x00, 0x00, 0x00, 0x00, 0x00, 0x00,
  0x00, 0x00, 0x00, 0x00, 0x00, 0x00, 0x00, 0x00, 0x00, 0x00, 0x00, 0x00,
  0x00, 0x00, 0x00, 0x00, 0x07, 0x00, 0x00, 0x00, 0x7f, 0x15, 0xdc, 0x37,
  0x60, 0x0f, 0xdd, 0x37, 0x78, 0xc9, 0xdd, 0x37, 0x81, 0xef, 0xe4, 0x37,
  0xbf, 0x3b, 0xd7, 0x37, 0xa9, 0x8d, 0xdd, 0x37, 0x7b, 0x69, 0xd6, 0x37,
  0x28, 0x00, 0x00, 0x00, 0x6d, 0x6f, 0x64, 0x65, 0x6c, 0x5f, 0x32, 0x33,
  0x35, 0x2f, 0x74, 0x66, 0x2e, 0x5f, 0x5f, 0x6f, 0x70, 0x65, 0x72, 0x61,
  0x74, 0x6f, 0x72, 0x73, 0x5f, 0x5f, 0x2e, 0x61, 0x64, 0x64, 0x5f, 0x32,
  0x33, 0x35, 0x2f, 0x41, 0x64, 0x64, 0x56, 0x32, 0x00, 0x00, 0x00, 0x00,
  0x01, 0x00, 0x00, 0x00, 0x07, 0x00, 0x00, 0x00, 0x96, 0xff, 0xff, 0xff,
  0x00, 0x00, 0x00, 0x01, 0x18, 0x00, 0x00, 0x00, 0x18, 0x00, 0x00, 0x00,
  0x02, 0x00, 0x00, 0x00, 0x00, 0x00, 0x00, 0x02, 0x48, 0x00, 0x00, 0x00,
  0x04, 0x00, 0x04, 0x00, 0x04, 0x00, 0x00, 0x00, 0x37, 0x00, 0x00, 0x00,
  0x6d, 0x6f, 0x64, 0x65, 0x6c, 0x5f, 0x32, 0x33, 0x35, 0x2f, 0x74, 0x66,
  0x2e, 0x6d, 0x61, 0x74, 0x68, 0x2e, 0x72, 0x65, 0x64, 0x75, 0x63, 0x65,
  0x5f, 0x6d, 0x65, 0x61, 0x6e, 0x5f, 0x36, 0x37, 0x2f, 0x4d, 0x65, 0x61,
  0x6e, 0x2f, 0x72, 0x65, 0x64, 0x75, 0x63, 0x74, 0x69, 0x6f, 0x6e, 0x5f,
  0x69, 0x6e, 0x64, 0x69, 0x63, 0x65, 0x73, 0x00, 0x01, 0x00, 0x00, 0x00,
  0x02, 0x00, 0x00, 0x00, 0x00, 0x00, 0x16, 0x00, 0x1c, 0x00, 0x18, 0x00,
  0x17, 0x00, 0x10, 0x00, 0x0c, 0x00, 0x08, 0x00, 0x00, 0x00, 0x00, 0x00,
  0x00, 0x00, 0x07, 0x00, 0x16, 0x00, 0x00, 0x00, 0x00, 0x00, 0x00, 0x01,
  0x20, 0x00, 0x00, 0x00, 0x3c, 0x00, 0x00, 0x00, 0x01, 0x00, 0x00, 0x00,
  0x00, 0x00, 0x00, 0x09, 0x4c, 0x00, 0x00, 0x00, 0x0c, 0x00, 0x0c, 0x00,
  0x00, 0x00, 0x00, 0x00, 0x08, 0x00, 0x04, 0x00, 0x0c, 0x00, 0x00, 0x00,
  0x08, 0x00, 0x00, 0x00, 0x10, 0x00, 0x00, 0x00, 0x01, 0x00, 0x00, 0x00,
  0xf1, 0xff, 0xff, 0xff, 0xff, 0xff, 0xff, 0xff, 0x01, 0x00, 0x00, 0x00,
  0x9e, 0x8d, 0xf5, 0x3f, 0x17, 0x00, 0x00, 0x00, 0x73, 0x65, 0x72, 0x76,
  0x69, 0x6e, 0x67, 0x5f, 0x64, 0x65, 0x66, 0x61, 0x75, 0x6c, 0x74, 0x5f,
  0x69, 0x6e, 0x70, 0x75, 0x74, 0x3a, 0x30, 0x00, 0x04, 0x00, 0x00, 0x00,
  0x01, 0x00, 0x00, 0x00, 0x0f, 0x00, 0x00, 0x00, 0x01, 0x00, 0x00, 0x00,
  0x09, 0x00, 0x00, 0x00, 0x07, 0x00, 0x00, 0x00, 0x94, 0x00, 0x00, 0x00,
  0x74, 0x00, 0x00, 0x00, 0x68, 0x00, 0x00, 0x00, 0x4c, 0x00, 0x00, 0x00,
  0x2c, 0x00, 0x00, 0x00, 0x18, 0x00, 0x00, 0x00, 0x04, 0x00, 0x00, 0x00,
  0x94, 0xff, 0xff, 0xff, 0x19, 0x00, 0x00, 0x00, 0x02, 0x00, 0x00, 0x00,
  0x00, 0x00, 0x00, 0x19, 0xa4, 0xff, 0xff, 0xff, 0x09, 0x00, 0x00, 0x00,
  0x04, 0x00, 0x00, 0x00, 0x00, 0x00, 0x00, 0x09, 0xb4, 0xff, 0xff, 0xff,
  0x28, 0x00, 0x00, 0x00, 0x02, 0x00, 0x00, 0x00, 0x00, 0x00, 0x00, 0x28,
  0x0c, 0x00, 0x0e, 0x00, 0x0d, 0x00, 0x00, 0x00, 0x08, 0x00, 0x04, 0x00,
  0x0c, 0x00, 0x00, 0x00, 0x11, 0x00, 0x00, 0x00, 0x02, 0x00, 0x00, 0x00,
  0x00, 0x11, 0x0a, 0x00, 0x08, 0x00, 0x00, 0x00, 0x00, 0x00, 0x04, 0x00,
  0x0a, 0x00, 0x00, 0x00, 0x02, 0x00, 0x00, 0x00, 0xf0, 0xff, 0xff, 0xff,
  0x12, 0x00, 0x00, 0x00, 0x02, 0x00, 0x00, 0x00, 0x00, 0x00, 0x00, 0x12,
  0x0c, 0x00, 0x10, 0x00, 0x0f, 0x00, 0x00, 0x00, 0x08, 0x00, 0x04, 0x00,
  0x0c, 0x00, 0x00, 0x00, 0x03, 0x00, 0x00, 0x00, 0x03, 0x00, 0x00, 0x00,
  0x00, 0x00, 0x00, 0x03
};
unsigned int tflite_models_torch_conv_8_15_ON_int8_tflite_len = 21664;
