unsigned char tflite_models_torch_lstm_1_15_OFF_int8_tflite[] = {
  0x1c, 0x00, 0x00, 0x00, 0x54, 0x46, 0x4c, 0x33, 0x14, 0x00, 0x20, 0x00,
  0x1c, 0x00, 0x18, 0x00, 0x14, 0x00, 0x10, 0x00, 0x0c, 0x00, 0x00, 0x00,
  0x08, 0x00, 0x04, 0x00, 0x14, 0x00, 0x00, 0x00, 0x1c, 0x00, 0x00, 0x00,
  0x80, 0x00, 0x00, 0x00, 0xd8, 0x00, 0x00, 0x00, 0x58, 0x16, 0x00, 0x00,
  0x68, 0x16, 0x00, 0x00, 0x40, 0x45, 0x01, 0x00, 0x03, 0x00, 0x00, 0x00,
  0x01, 0x00, 0x00, 0x00, 0x04, 0x00, 0x00, 0x00, 0x0e, 0xc6, 0xff, 0xff,
  0x0c, 0x00, 0x00, 0x00, 0x1c, 0x00, 0x00, 0x00, 0x38, 0x00, 0x00, 0x00,
  0x0f, 0x00, 0x00, 0x00, 0x73, 0x65, 0x72, 0x76, 0x69, 0x6e, 0x67, 0x5f,
  0x64, 0x65, 0x66, 0x61, 0x75, 0x6c, 0x74, 0x00, 0x01, 0x00, 0x00, 0x00,
  0x04, 0x00, 0x00, 0x00, 0x9c, 0xff, 0xff, 0xff, 0x40, 0x01, 0x00, 0x00,
  0x04, 0x00, 0x00, 0x00, 0x06, 0x00, 0x00, 0x00, 0x6f, 0x75, 0x74, 0x70,
  0x75, 0x74, 0x00, 0x00, 0x01, 0x00, 0x00, 0x00, 0x04, 0x00, 0x00, 0x00,
  0xd2, 0xbf, 0xff, 0xff, 0x04, 0x00, 0x00, 0x00, 0x05, 0x00, 0x00, 0x00,
  0x69, 0x6e, 0x70, 0x75, 0x74, 0x00, 0x00, 0x00, 0x02, 0x00, 0x00, 0x00,
  0x34, 0x00, 0x00, 0x00, 0x04, 0x00, 0x00, 0x00, 0xdc, 0xff, 0xff, 0xff,
  0x43, 0x01, 0x00, 0x00, 0x04, 0x00, 0x00, 0x00, 0x13, 0x00, 0x00, 0x00,
  0x43, 0x4f, 0x4e, 0x56, 0x45, 0x52, 0x53, 0x49, 0x4f, 0x4e, 0x5f, 0x4d,
  0x45, 0x54, 0x41, 0x44, 0x41, 0x54, 0x41, 0x00, 0x08, 0x00, 0x0c, 0x00,
  0x08, 0x00, 0x04, 0x00, 0x08, 0x00, 0x00, 0x00, 0x42, 0x01, 0x00, 0x00,
  0x04, 0x00, 0x00, 0x00, 0x13, 0x00, 0x00, 0x00, 0x6d, 0x69, 0x6e, 0x5f,
  0x72, 0x75, 0x6e, 0x74, 0x69, 0x6d, 0x65, 0x5f, 0x76, 0x65, 0x72, 0x73,
  0x69, 0x6f, 0x6e, 0x00, 0x44, 0x01, 0x00, 0x00, 0x7c, 0x15, 0x00, 0x00,
  0x74, 0x15, 0x00, 0x00, 0x58, 0x15, 0x00, 0x00, 0x44, 0x15, 0x00, 0x00,
  0x30, 0x15, 0x00, 0x00, 0x1c, 0x15, 0x00, 0x00, 0x08, 0x15, 0x00, 0x00,
  0xf4, 0x14, 0x00, 0x00, 0xe0, 0x14, 0x00, 0x00, 0xcc, 0x14, 0x00, 0x00,
  0xb8, 0x14, 0x00, 0x00, 0xa4, 0x14, 0x00, 0x00, 0x90, 0x14, 0x00, 0x00,
  0x7c, 0x14, 0x00, 0x00, 0x68, 0x14, 0x00, 0x00, 0x54, 0x14, 0x00, 0x00,
  0x40, 0x14, 0x00, 0x00, 0x2c, 0x14, 0x00, 0x00, 0x10, 0x14, 0x00, 0x00,
  0xe4, 0x13, 0x00, 0x00, 0x64, 0x13, 0x00, 0x00, 0x54, 0x12, 0x00, 0x00,
  0x4c, 0x12, 0x00, 0x00, 0x44, 0x12, 0x00, 0x00, 0x3c, 0x12, 0x00, 0x00,
  0x34, 0x12, 0x00, 0x00, 0x2c, 0x12, 0x00, 0x00, 0x24, 0x12, 0x00, 0x00,
  0x1c, 0x12, 0x00, 0x00, 0x14, 0x12, 0x00, 0x00, 0x0c, 0x12, 0x00, 0x00,
  0x04, 0x12, 0x00, 0x00, 0xfc, 0x11, 0x00, 0x00, 0xf4, 0x11, 0x00, 0x00,
  0xec, 0x11, 0x00, 0x00, 0xdc, 0x0d, 0x00, 0x00, 0xcc, 0x0c, 0x00, 0x00,
  0xbc, 0x0b, 0x00, 0x00, 0xb4, 0x0b, 0x00, 0x00, 0xac, 0x0b, 0x00, 0x00,
  0xa4, 0x0b, 0x00, 0x00, 0x9c, 0x0b, 0x00, 0x00, 0x94, 0x0b, 0x00, 0x00,
  0x8c, 0x0b, 0x00, 0x00, 0x84, 0x0b, 0x00, 0x00, 0x7c, 0x0b, 0x00, 0x00,
  0x74, 0x0b, 0x00, 0x00, 0x6c, 0x0b, 0x00, 0x00, 0x64, 0x0b, 0x00, 0x00,
  0x5c, 0x0b, 0x00, 0x00, 0x54, 0x0b, 0x00, 0x00, 0x04, 0x09, 0x00, 0x00,
  0xfc, 0x08, 0x00, 0x00, 0xf4, 0x08, 0x00, 0x00, 0xec, 0x08, 0x00, 0x00,
  0xe4, 0x08, 0x00, 0x00, 0xdc, 0x08, 0x00, 0x00, 0xd4, 0x08, 0x00, 0x00,
  0xcc, 0x08, 0x00, 0x00, 0xc4, 0x08, 0x00, 0x00, 0xbc, 0x08, 0x00, 0x00,
  0xb4, 0x08, 0x00, 0x00, 0xac, 0x08, 0x00, 0x00, 0xa4, 0x08, 0x00, 0x00,
  0x9c, 0x08, 0x00, 0x00, 0x94, 0x08, 0x00, 0x00, 0x8c, 0x08, 0x00, 0x00,
  0x84, 0x08, 0x00, 0x00, 0x7c, 0x08, 0x00, 0x00, 0x74, 0x08, 0x00, 0x00,
  0x6c, 0x08, 0x00, 0x00, 0x64, 0x08, 0x00, 0x00, 0x5c, 0x08, 0x00, 0x00,
  0x54, 0x08, 0x00, 0x00, 0x4c, 0x08, 0x00, 0x00, 0x44, 0x08, 0x00, 0x00,
  0x3c, 0x08, 0x00, 0x00, 0x34, 0x08, 0x00, 0x00, 0x2c, 0x08, 0x00, 0x00,
  0x24, 0x08, 0x00, 0x00, 0x1c, 0x08, 0x00, 0x00, 0x14, 0x08, 0x00, 0x00,
  0x0c, 0x08, 0x00, 0x00, 0x04, 0x08, 0x00, 0x00, 0xfc, 0x07, 0x00, 0x00,
  0xf4, 0x07, 0x00, 0x00, 0xec, 0x07, 0x00, 0x00, 0xe4, 0x07, 0x00, 0x00,
  0xdc, 0x07, 0x00, 0x00, 0xd4, 0x07, 0x00, 0x00, 0xcc, 0x07, 0x00, 0x00,
  0xc4, 0x07, 0x00, 0x00, 0xbc, 0x07, 0x00, 0x00, 0xb4, 0x07, 0x00, 0x00,
  0xac, 0x07, 0x00, 0x00, 0xa4, 0x07, 0x00, 0x00, 0x9c, 0x07, 0x00, 0x00,
  0x94, 0x07, 0x00, 0x00, 0x8c, 0x07, 0x00, 0x00, 0x84, 0x07, 0x00, 0x00,
  0x7c, 0x07, 0x00, 0x00, 0x74, 0x07, 0x00, 0x00, 0x6c, 0x07, 0x00, 0x00,
  0x64, 0x07, 0x00, 0x00, 0x5c, 0x07, 0x00, 0x00, 0x54, 0x07, 0x00, 0x00,
  0x4c, 0x07, 0x00, 0x00, 0x44, 0x07, 0x00, 0x00, 0x3c, 0x07, 0x00, 0x00,
  0x34, 0x07, 0x00, 0x00, 0x2c, 0x07, 0x00, 0x00, 0x24, 0x07, 0x00, 0x00,
  0x1c, 0x07, 0x00, 0x00, 0x14, 0x07, 0x00, 0x00, 0x0c, 0x07, 0x00, 0x00,
  0x04, 0x07, 0x00, 0x00, 0xfc, 0x06, 0x00, 0x00, 0xf4, 0x06, 0x00, 0x00,
  0xec, 0x06, 0x00, 0x00, 0xe4, 0x06, 0x00, 0x00, 0xdc, 0x06, 0x00, 0x00,
  0xd4, 0x06, 0x00, 0x00, 0xcc, 0x06, 0x00, 0x00, 0xc4, 0x06, 0x00, 0x00,
  0xbc, 0x06, 0x00, 0x00, 0xb4, 0x06, 0x00, 0x00, 0xac, 0x06, 0x00, 0x00,
  0xa4, 0x06, 0x00, 0x00, 0x9c, 0x06, 0x00, 0x00, 0x94, 0x06, 0x00, 0x00,
  0x8c, 0x06, 0x00, 0x00, 0x84, 0x06, 0x00, 0x00, 0x7c, 0x06, 0x00, 0x00,
  0x74, 0x06, 0x00, 0x00, 0x6c, 0x06, 0x00, 0x00, 0x64, 0x06, 0x00, 0x00,
  0x5c, 0x06, 0x00, 0x00, 0x54, 0x06, 0x00, 0x00, 0x4c, 0x06, 0x00, 0x00,
  0x44, 0x06, 0x00, 0x00, 0x3c, 0x06, 0x00, 0x00, 0x34, 0x06, 0x00, 0x00,
  0x2c, 0x06, 0x00, 0x00, 0x24, 0x06, 0x00, 0x00, 0x1c, 0x06, 0x00, 0x00,
  0x14, 0x06, 0x00, 0x00, 0x0c, 0x06, 0x00, 0x00, 0x04, 0x06, 0x00, 0x00,
  0xfc, 0x05, 0x00, 0x00, 0xf4, 0x05, 0x00, 0x00, 0xec, 0x05, 0x00, 0x00,
  0xe4, 0x05, 0x00, 0x00, 0xdc, 0x05, 0x00, 0x00, 0xd4, 0x05, 0x00, 0x00,
  0xcc, 0x05, 0x00, 0x00, 0xc4, 0x05, 0x00, 0x00, 0xbc, 0x05, 0x00, 0x00,
  0xb4, 0x05, 0x00, 0x00, 0xac, 0x05, 0x00, 0x00, 0xa4, 0x05, 0x00, 0x00,
  0x9c, 0x05, 0x00, 0x00, 0x94, 0x05, 0x00, 0x00, 0x8c, 0x05, 0x00, 0x00,
  0x84, 0x05, 0x00, 0x00, 0x7c, 0x05, 0x00, 0x00, 0x74, 0x05, 0x00, 0x00,
  0x6c, 0x05, 0x00, 0x00, 0x64, 0x05, 0x00, 0x00, 0x5c, 0x05, 0x00, 0x00,
  0x54, 0x05, 0x00, 0x00, 0x4c, 0x05, 0x00, 0x00, 0x44, 0x05, 0x00, 0x00,
  0x3c, 0x05, 0x00, 0x00, 0x34, 0x05, 0x00, 0x00, 0x2c, 0x05, 0x00, 0x00,
  0x24, 0x05, 0x00, 0x00, 0x1c, 0x05, 0x00, 0x00, 0x14, 0x05, 0x00, 0x00,
  0x0c, 0x05, 0x00, 0x00, 0x04, 0x05, 0x00, 0x00, 0xfc, 0x04, 0x00, 0x00,
  0xf4, 0x04, 0x00, 0x00, 0xec, 0x04, 0x00, 0x00, 0xe4, 0x04, 0x00, 0x00,
  0xdc, 0x04, 0x00, 0x00, 0xd4, 0x04, 0x00, 0x00, 0xcc, 0x04, 0x00, 0x00,
  0xc4, 0x04, 0x00, 0x00, 0xbc, 0x04, 0x00, 0x00, 0xb4, 0x04, 0x00, 0x00,
  0xac, 0x04, 0x00, 0x00, 0xa4, 0x04, 0x00, 0x00, 0x9c, 0x04, 0x00, 0x00,
  0x94, 0x04, 0x00, 0x00, 0x8c, 0x04, 0x00, 0x00, 0x84, 0x04, 0x00, 0x00,
  0x7c, 0x04, 0x00, 0x00, 0x74, 0x04, 0x00, 0x00, 0x6c, 0x04, 0x00, 0x00,
  0x64, 0x04, 0x00, 0x00, 0x5c, 0x04, 0x00, 0x00, 0x54, 0x04, 0x00, 0x00,
  0x4c, 0x04, 0x00, 0x00, 0x44, 0x04, 0x00, 0x00, 0x3c, 0x04, 0x00, 0x00,
  0x34, 0x04, 0x00, 0x00, 0x2c, 0x04, 0x00, 0x00, 0x24, 0x04, 0x00, 0x00,
  0x1c, 0x04, 0x00, 0x00, 0x14, 0x04, 0x00, 0x00, 0x0c, 0x04, 0x00, 0x00,
  0x04, 0x04, 0x00, 0x00, 0xfc, 0x03, 0x00, 0x00, 0xf4, 0x03, 0x00, 0x00,
  0xec, 0x03, 0x00, 0x00, 0xe4, 0x03, 0x00, 0x00, 0xdc, 0x03, 0x00, 0x00,
  0xd4, 0x03, 0x00, 0x00, 0xcc, 0x03, 0x00, 0x00, 0xc4, 0x03, 0x00, 0x00,
  0xbc, 0x03, 0x00, 0x00, 0xb4, 0x03, 0x00, 0x00, 0xac, 0x03, 0x00, 0x00,
  0xa4, 0x03, 0x00, 0x00, 0x9c, 0x03, 0x00, 0x00, 0x94, 0x03, 0x00, 0x00,
  0x8c, 0x03, 0x00, 0x00, 0x84, 0x03, 0x00, 0x00, 0x7c, 0x03, 0x00, 0x00,
  0x74, 0x03, 0x00, 0x00, 0x6c, 0x03, 0x00, 0x00, 0x64, 0x03, 0x00, 0x00,
  0x5c, 0x03, 0x00, 0x00, 0x54, 0x03, 0x00, 0x00, 0x4c, 0x03, 0x00, 0x00,
  0x44, 0x03, 0x00, 0x00, 0x3c, 0x03, 0x00, 0x00, 0x34, 0x03, 0x00, 0x00,
  0x2c, 0x03, 0x00, 0x00, 0x24, 0x03, 0x00, 0x00, 0x1c, 0x03, 0x00, 0x00,
  0x14, 0x03, 0x00, 0x00, 0x0c, 0x03, 0x00, 0x00, 0x04, 0x03, 0x00, 0x00,
  0xfc, 0x02, 0x00, 0x00, 0xf4, 0x02, 0x00, 0x00, 0xec, 0x02, 0x00, 0x00,
  0xe4, 0x02, 0x00, 0x00, 0xdc, 0x02, 0x00, 0x00, 0xd4, 0x02, 0x00, 0x00,
  0xcc, 0x02, 0x00, 0x00, 0xc4, 0x02, 0x00, 0x00, 0xbc, 0x02, 0x00, 0x00,
  0xb4, 0x02, 0x00, 0x00, 0xac, 0x02, 0x00, 0x00, 0xa4, 0x02, 0x00, 0x00,
  0x9c, 0x02, 0x00, 0x00, 0x94, 0x02, 0x00, 0x00, 0x8c, 0x02, 0x00, 0x00,
  0x84, 0x02, 0x00, 0x00, 0x7c, 0x02, 0x00, 0x00, 0x74, 0x02, 0x00, 0x00,
  0x6c, 0x02, 0x00, 0x00, 0x64, 0x02, 0x00, 0x00, 0x5c, 0x02, 0x00, 0x00,
  0x54, 0x02, 0x00, 0x00, 0x4c, 0x02, 0x00, 0x00, 0x44, 0x02, 0x00, 0x00,
  0x3c, 0x02, 0x00, 0x00, 0x34, 0x02, 0x00, 0x00, 0x2c, 0x02, 0x00, 0x00,
  0x24, 0x02, 0x00, 0x00, 0x1c, 0x02, 0x00, 0x00, 0x14, 0x02, 0x00, 0x00,
  0x0c, 0x02, 0x00, 0x00, 0x04, 0x02, 0x00, 0x00, 0xfc, 0x01, 0x00, 0x00,
  0xf4, 0x01, 0x00, 0x00, 0xec, 0x01, 0x00, 0x00, 0xe4, 0x01, 0x00, 0x00,
  0xdc, 0x01, 0x00, 0x00, 0xd4, 0x01, 0x00, 0x00, 0xcc, 0x01, 0x00, 0x00,
  0xc4, 0x01, 0x00, 0x00, 0xbc, 0x01, 0x00, 0x00, 0xb4, 0x01, 0x00, 0x00,
  0xac, 0x01, 0x00, 0x00, 0xa4, 0x01, 0x00, 0x00, 0x9c, 0x01, 0x00, 0x00,
  0x94, 0x01, 0x00, 0x00, 0x8c, 0x01, 0x00, 0x00, 0x84, 0x01, 0x00, 0x00,
  0x7c, 0x01, 0x00, 0x00, 0x74, 0x01, 0x00, 0x00, 0x6c, 0x01, 0x00, 0x00,
  0x64, 0x01, 0x00, 0x00, 0x5c, 0x01, 0x00, 0x00, 0x54, 0x01, 0x00, 0x00,
  0x4c, 0x01, 0x00, 0x00, 0x44, 0x01, 0x00, 0x00, 0x3c, 0x01, 0x00, 0x00,
  0x34, 0x01, 0x00, 0x00, 0x2c, 0x01, 0x00, 0x00, 0x24, 0x01, 0x00, 0x00,
  0x1c, 0x01, 0x00, 0x00, 0x14, 0x01, 0x00, 0x00, 0x0c, 0x01, 0x00, 0x00,
  0x04, 0x01, 0x00, 0x00, 0xfc, 0x00, 0x00, 0x00, 0xf4, 0x00, 0x00, 0x00,
  0xec, 0x00, 0x00, 0x00, 0xe4, 0x00, 0x00, 0x00, 0xdc, 0x00, 0x00, 0x00,
  0xd4, 0x00, 0x00, 0x00, 0xcc, 0x00, 0x00, 0x00, 0xc4, 0x00, 0x00, 0x00,
  0xbc, 0x00, 0x00, 0x00, 0xb4, 0x00, 0x00, 0x00, 0xac, 0x00, 0x00, 0x00,
  0xa4, 0x00, 0x00, 0x00, 0x9c, 0x00, 0x00, 0x00, 0x94, 0x00, 0x00, 0x00,
  0x74, 0x00, 0x00, 0x00, 0x04, 0x00, 0x00, 0x00, 0x56, 0xc5, 0xff, 0xff,
  0x04, 0x00, 0x00, 0x00, 0x60, 0x00, 0x00, 0x00, 0x0c, 0x00, 0x00, 0x00,
  0x08, 0x00, 0x0e, 0x00, 0x08, 0x00, 0x04, 0x00, 0x08, 0x00, 0x00, 0x00,
  0x10, 0x00, 0x00, 0x00, 0x28, 0x00, 0x00, 0x00, 0x00, 0x00, 0x06, 0x00,
  0x08, 0x00, 0x04, 0x00, 0x06, 0x00, 0x00, 0x00, 0x04, 0x00, 0x00, 0x00,
  0x01, 0x00, 0x00, 0x00, 0xeb, 0x03, 0x00, 0x00, 0x0c, 0x00, 0x18, 0x00,
  0x14, 0x00, 0x10, 0x00, 0x0c, 0x00, 0x04, 0x00, 0x0c, 0x00, 0x00, 0x00,
  0xdd, 0xed, 0x9c, 0x6b, 0x87, 0x19, 0xaf, 0x51, 0x01, 0x00, 0x00, 0x00,
  0x02, 0x00, 0x00, 0x00, 0x04, 0x00, 0x00, 0x00, 0x06, 0x00, 0x00, 0x00,
  0x32, 0x2e, 0x32, 0x31, 0x2e, 0x30, 0x00, 0x00, 0xc2, 0xc5, 0xff, 0xff,
  0x04, 0x00, 0x00, 0x00, 0x10, 0x00, 0x00, 0x00, 0x31, 0x2e, 0x31, 0x34,
  0x2e, 0x30, 0x00, 0x00, 0x00, 0x00, 0x00, 0x00, 0x00, 0x00, 0x00, 0x00,
  0x00, 0xc2, 0xfe, 0xff, 0x04, 0xc2, 0xfe, 0xff, 0x08, 0xc2, 0xfe, 0xff,
  0x0c, 0xc2, 0xfe, 0xff, 0x10, 0xc2, 0xfe, 0xff, 0x14, 0xc2, 0xfe, 0xff,
  0x18, 0xc2, 0xfe, 0xff, 0x1c, 0xc2, 0xfe, 0xff, 0x20, 0xc2, 0xfe, 0xff,
  0x24, 0xc2, 0xfe, 0xff, 0x28, 0xc2, 0xfe, 0xff, 0x2c, 0xc2, 0xfe, 0xff,
  0x30, 0xc2, 0xfe, 0xff, 0x34, 0xc2, 0xfe, 0xff, 0x38, 0xc2, 0xfe, 0xff,
  0x3c, 0xc2, 0xfe, 0xff, 0x40, 0xc2, 0xfe, 0xff, 0x44, 0xc2, 0xfe, 0xff,
  0x48, 0xc2, 0xfe, 0xff, 0x4c, 0xc2, 0xfe, 0xff, 0x50, 0xc2, 0xfe, 0xff,
  0x54, 0xc2, 0xfe, 0xff, 0x58, 0xc2, 0xfe, 0xff, 0x5c, 0xc2, 0xfe, 0xff,
  0x60, 0xc2, 0xfe, 0xff, 0x64, 0xc2, 0xfe, 0xff, 0x68, 0xc2, 0xfe, 0xff,
  0x6c, 0xc2, 0xfe, 0xff, 0x70, 0xc2, 0xfe, 0xff, 0x74, 0xc2, 0xfe, 0xff,
  0x78, 0xc2, 0xfe, 0xff, 0x7c, 0xc2, 0xfe, 0xff, 0x80, 0xc2, 0xfe, 0xff,
  0x84, 0xc2, 0xfe, 0xff, 0x88, 0xc2, 0xfe, 0xff, 0x8c, 0xc2, 0xfe, 0xff,
  0x90, 0xc2, 0xfe, 0xff, 0x94, 0xc2, 0xfe, 0xff, 0x98, 0xc2, 0xfe, 0xff,
  0x9c, 0xc2, 0xfe, 0xff, 0xa0, 0xc2, 0xfe, 0xff, 0xa4, 0xc2, 0xfe, 0xff,
  0xa8, 0xc2, 0xfe, 0xff, 0xac, 0xc2, 0xfe, 0xff, 0xb0, 0xc2, 0xfe, 0xff,
  0xb4, 0xc2, 0xfe, 0xff, 0xb8, 0xc2, 0xfe, 0xff, 0xbc, 0xc2, 0xfe, 0xff,
  0xc0, 0xc2, 0xfe, 0xff, 0xc4, 0xc2, 0xfe, 0xff, 0xc8, 0xc2, 0xfe, 0xff,
  0xcc, 0xc2, 0xfe, 0xff, 0xd0, 0xc2, 0xfe, 0xff, 0xd4, 0xc2, 0xfe, 0xff,
  0xd8, 0xc2, 0xfe, 0xff, 0xdc, 0xc2, 0xfe, 0xff, 0xe0, 0xc2, 0xfe, 0xff,
  0xe4, 0xc2, 0xfe, 0xff, 0xe8, 0xc2, 0xfe, 0xff, 0xec, 0xc2, 0xfe, 0xff,
  0xf0, 0xc2, 0xfe, 0xff, 0xf4, 0xc2, 0xfe, 0xff, 0xf8, 0xc2, 0xfe, 0xff,
  0xfc, 0xc2, 0xfe, 0xff, 0x00, 0xc3, 0xfe, 0xff, 0x04, 0xc3, 0xfe, 0xff,
  0x08, 0xc3, 0xfe, 0xff, 0x0c, 0xc3, 0xfe, 0xff, 0x10, 0xc3, 0xfe, 0xff,
  0x14, 0xc3, 0xfe, 0xff, 0x18, 0xc3, 0xfe, 0xff, 0x1c, 0xc3, 0xfe, 0xff,
  0x20, 0xc3, 0xfe, 0xff, 0x24, 0xc3, 0xfe, 0xff, 0x28, 0xc3, 0xfe, 0xff,
  0x2c, 0xc3, 0xfe, 0xff, 0x30, 0xc3, 0xfe, 0xff, 0x34, 0xc3, 0xfe, 0xff,
  0x38, 0xc3, 0xfe, 0xff, 0x3c, 0xc3, 0xfe, 0xff, 0x40, 0xc3, 0xfe, 0xff,
  0x44, 0xc3, 0xfe, 0xff, 0x48, 0xc3, 0xfe, 0xff, 0x4c, 0xc3, 0xfe, 0xff,
  0x50, 0xc3, 0xfe, 0xff, 0x54, 0xc3, 0xfe, 0xff, 0x58, 0xc3, 0xfe, 0xff,
  0x5c, 0xc3, 0xfe, 0xff, 0x60, 0xc3, 0xfe, 0xff, 0x64, 0xc3, 0xfe, 0xff,
  0x68, 0xc3, 0xfe, 0xff, 0x6c, 0xc3, 0xfe, 0xff, 0x70, 0xc3, 0xfe, 0xff,
  0x74, 0xc3, 0xfe, 0xff, 0x78, 0xc3, 0xfe, 0xff, 0x7c, 0xc3, 0xfe, 0xff,
  0x80, 0xc3, 0xfe, 0xff, 0x84, 0xc3, 0xfe, 0xff, 0x88, 0xc3, 0xfe, 0xff,
  0x8c, 0xc3, 0xfe, 0xff, 0x90, 0xc3, 0xfe, 0xff, 0x94, 0xc3, 0xfe, 0xff,
  0x98, 0xc3, 0xfe, 0xff, 0x9c, 0xc3, 0xfe, 0xff, 0xa0, 0xc3, 0xfe, 0xff,
  0xa4, 0xc3, 0xfe, 0xff, 0xa8, 0xc3, 0xfe, 0xff, 0xac, 0xc3, 0xfe, 0xff,
  0xb0, 0xc3, 0xfe, 0xff, 0xb4, 0xc3, 0xfe, 0xff, 0xb8, 0xc3, 0xfe, 0xff,
  0xbc, 0xc3, 0xfe, 0xff, 0xc0, 0xc3, 0xfe, 0xff, 0xc4, 0xc3, 0xfe, 0xff,
  0xc8, 0xc3, 0xfe, 0xff, 0xcc, 0xc3, 0xfe, 0xff, 0xd0, 0xc3, 0xfe, 0xff,
  0xd4, 0xc3, 0xfe, 0xff, 0xd8, 0xc3, 0xfe, 0xff, 0xdc, 0xc3, 0xfe, 0xff,
  0xe0, 0xc3, 0xfe, 0xff, 0xe4, 0xc3, 0xfe, 0xff, 0xe8, 0xc3, 0xfe, 0xff,
  0xec, 0xc3, 0xfe, 0xff, 0xf0, 0xc3, 0xfe, 0xff, 0xf4, 0xc3, 0xfe, 0xff,
  0xf8, 0xc3, 0xfe, 0xff, 0xfc, 0xc3, 0xfe, 0xff, 0x00, 0xc4, 0xfe, 0xff,
  0x04, 0xc4, 0xfe, 0xff, 0x08, 0xc4, 0xfe, 0xff, 0x0c, 0xc4, 0xfe, 0xff,
  0x10, 0xc4, 0xfe, 0xff, 0x14, 0xc4, 0xfe, 0xff, 0x18, 0xc4, 0xfe, 0xff,
  0x1c, 0xc4, 0xfe, 0xff, 0x20, 0xc4, 0xfe, 0xff, 0x24, 0xc4, 0xfe, 0xff,
  0x28, 0xc4, 0xfe, 0xff, 0x2c, 0xc4, 0xfe, 0xff, 0x30, 0xc4, 0xfe, 0xff,
  0x34, 0xc4, 0xfe, 0xff, 0x38, 0xc4, 0xfe, 0xff, 0x3c, 0xc4, 0xfe, 0xff,
  0x40, 0xc4, 0xfe, 0xff, 0x44, 0xc4, 0xfe, 0xff, 0x48, 0xc4, 0xfe, 0xff,
  0x4c, 0xc4, 0xfe, 0xff, 0x50, 0xc4, 0xfe, 0xff, 0x54, 0xc4, 0xfe, 0xff,
  0x58, 0xc4, 0xfe, 0xff, 0x5c, 0xc4, 0xfe, 0xff, 0x60, 0xc4, 0xfe, 0xff,
  0x64, 0xc4, 0xfe, 0xff, 0x68, 0xc4, 0xfe, 0xff, 0x6c, 0xc4, 0xfe, 0xff,
  0x70, 0xc4, 0xfe, 0xff, 0x74, 0xc4, 0xfe, 0xff, 0x78, 0xc4, 0xfe, 0xff,
  0x7c, 0xc4, 0xfe, 0xff, 0x80, 0xc4, 0xfe, 0xff, 0x84, 0xc4, 0xfe, 0xff,
  0x88, 0xc4, 0xfe, 0xff, 0x8c, 0xc4, 0xfe, 0xff, 0x90, 0xc4, 0xfe, 0xff,
  0x94, 0xc4, 0xfe, 0xff, 0x98, 0xc4, 0xfe, 0xff, 0x9c, 0xc4, 0xfe, 0xff,
  0xa0, 0xc4, 0xfe, 0xff, 0xa4, 0xc4, 0xfe, 0xff, 0xa8, 0xc4, 0xfe, 0xff,
  0xac, 0xc4, 0xfe, 0xff, 0xb0, 0xc4, 0xfe, 0xff, 0xb4, 0xc4, 0xfe, 0xff,
  0xb8, 0xc4, 0xfe, 0xff, 0xbc, 0xc4, 0xfe, 0xff, 0xc0, 0xc4, 0xfe, 0xff,
  0xc4, 0xc4, 0xfe, 0xff, 0xc8, 0xc4, 0xfe, 0xff, 0xcc, 0xc4, 0xfe, 0xff,
  0xd0, 0xc4, 0xfe, 0xff, 0xd4, 0xc4, 0xfe, 0xff, 0xd8, 0xc4, 0xfe, 0xff,
  0xdc, 0xc4, 0xfe, 0xff, 0xe0, 0xc4, 0xfe, 0xff, 0xe4, 0xc4, 0xfe, 0xff,
  0xe8, 0xc4, 0xfe, 0xff, 0xec, 0xc4, 0xfe, 0xff, 0xf0, 0xc4, 0xfe, 0xff,
  0xf4, 0xc4, 0xfe, 0xff, 0xf8, 0xc4, 0xfe, 0xff, 0xfc, 0xc4, 0xfe, 0xff,
  0x00, 0xc5, 0xfe, 0xff, 0x04, 0xc5, 0xfe, 0xff, 0x08, 0xc5, 0xfe, 0xff,
  0x0c, 0xc5, 0xfe, 0xff, 0x10, 0xc5, 0xfe, 0xff, 0x14, 0xc5, 0xfe, 0xff,
  0x18, 0xc5, 0xfe, 0xff, 0x1c, 0xc5, 0xfe, 0xff, 0x20, 0xc5, 0xfe, 0xff,
  0x24, 0xc5, 0xfe, 0xff, 0x28, 0xc5, 0xfe, 0xff, 0x2c, 0xc5, 0xfe, 0xff,
  0x30, 0xc5, 0xfe, 0xff, 0x34, 0xc5, 0xfe, 0xff, 0x38, 0xc5, 0xfe, 0xff,
  0x3c, 0xc5, 0xfe, 0xff, 0x40, 0xc5, 0xfe, 0xff, 0x44, 0xc5, 0xfe, 0xff,
  0x48, 0xc5, 0xfe, 0xff, 0x4c, 0xc5, 0xfe, 0xff, 0x50, 0xc5, 0xfe, 0xff,
  0x54, 0xc5, 0xfe, 0xff, 0x58, 0xc5, 0xfe, 0xff, 0x5c, 0xc5, 0xfe, 0xff,
  0x60, 0xc5, 0xfe, 0xff, 0x64, 0xc5, 0xfe, 0xff, 0x68, 0xc5, 0xfe, 0xff,
  0x6c, 0xc5, 0xfe, 0xff, 0x70, 0xc5, 0xfe, 0xff, 0x74, 0xc5, 0xfe, 0xff,
  0x78, 0xc5, 0xfe, 0xff, 0x7c, 0xc5, 0xfe, 0xff, 0x80, 0xc5, 0xfe, 0xff,
  0x84, 0xc5, 0xfe, 0xff, 0x88, 0xc5, 0xfe, 0xff, 0x8c, 0xc5, 0xfe, 0xff,
  0x90, 0xc5, 0xfe, 0xff, 0x94, 0xc5, 0xfe, 0xff, 0x98, 0xc5, 0xfe, 0xff,
  0x9c, 0xc5, 0xfe, 0xff, 0xa0, 0xc5, 0xfe, 0xff, 0xa4, 0xc5, 0xfe, 0xff,
  0xa8, 0xc5, 0xfe, 0xff, 0xac, 0xc5, 0xfe, 0xff, 0xb0, 0xc5, 0xfe, 0xff,
  0xb4, 0xc5, 0xfe, 0xff, 0xb8, 0xc5, 0xfe, 0xff, 0xbc, 0xc5, 0xfe, 0xff,
  0xc0, 0xc5, 0xfe, 0xff, 0xc4, 0xc5, 0xfe, 0xff, 0xc8, 0xc5, 0xfe, 0xff,
  0xcc, 0xc5, 0xfe, 0xff, 0xd0, 0xc5, 0xfe, 0xff, 0xd4, 0xc5, 0xfe, 0xff,
  0xd8, 0xc5, 0xfe, 0xff, 0xdc, 0xc5, 0xfe, 0xff, 0xe0, 0xc5, 0xfe, 0xff,
  0xe4, 0xc5, 0xfe, 0xff, 0xe8, 0xc5, 0xfe, 0xff, 0xec, 0xc5, 0xfe, 0xff,
  0xf0, 0xc5, 0xfe, 0xff, 0xf4, 0xc5, 0xfe, 0xff, 0xf8, 0xc5, 0xfe, 0xff,
  0xfc, 0xc5, 0xfe, 0xff, 0x00, 0xc6, 0xfe, 0xff, 0x04, 0xc6, 0xfe, 0xff,
  0x08, 0xc6, 0xfe, 0xff, 0x0c, 0xc6, 0xfe, 0xff, 0x10, 0xc6, 0xfe, 0xff,
  0x14, 0xc6, 0xfe, 0xff, 0x18, 0xc6, 0xfe, 0xff, 0x1c, 0xc6, 0xfe, 0xff,
  0x20, 0xc6, 0xfe, 0xff, 0x24, 0xc6, 0xfe, 0xff, 0x28, 0xc6, 0xfe, 0xff,
  0x2c, 0xc6, 0xfe, 0xff, 0x30, 0xc6, 0xfe, 0xff, 0x34, 0xc6, 0xfe, 0xff,
  0x16, 0xca, 0xff, 0xff, 0x04, 0x00, 0x00, 0x00, 0x40, 0x02, 0x00, 0x00,
  0x1b, 0x62, 0x1f, 0x7f, 0x3e, 0xf7, 0xb7, 0x39, 0xcf, 0x02, 0xd2, 0x49,
  0x62, 0x40, 0xf2, 0x7f, 0x13, 0xf3, 0x7d, 0x29, 0x14, 0x7f, 0x69, 0x68,
  0x1d, 0x98, 0xff, 0xf1, 0x81, 0xc7, 0xd7, 0x4e, 0xd4, 0x21, 0xe4, 0xdc,
  0x3f, 0x23, 0x93, 0x90, 0x53, 0x7f, 0xfd, 0xd6, 0x50, 0xd6, 0xf4, 0x30,
  0x7f, 0x39, 0x44, 0x20, 0xd9, 0xe4, 0xfe, 0xf1, 0x7f, 0x11, 0x4d, 0x43,
  0x0d, 0xc2, 0xe1, 0x09, 0xf8, 0x81, 0xd7, 0x1f, 0x1a, 0xd2, 0xe5, 0xe9,
  0x81, 0xe1, 0x0c, 0xf0, 0xe8, 0x3b, 0xf7, 0x2a, 0x06, 0x01, 0x15, 0xad,
  0x14, 0x54, 0x3f, 0xcc, 0x7f, 0x16, 0x81, 0xda, 0x0e, 0xab, 0x30, 0x4a,
  0xcb, 0x9e, 0x13, 0x6d, 0x7f, 0x73, 0xfe, 0x1f, 0x6e, 0x02, 0x6f, 0xe4,
  0x13, 0x0a, 0x81, 0x13, 0x4b, 0xf8, 0xf9, 0x52, 0x0a, 0xcb, 0x81, 0xde,
  0x39, 0xd7, 0xe8, 0xc5, 0xda, 0x18, 0x02, 0x00, 0x7f, 0x31, 0xfc, 0x28,
  0xe9, 0x1d, 0x19, 0xc8, 0x0f, 0xd9, 0x39, 0x7f, 0xd5, 0x0d, 0x3b, 0xeb,
  0x20, 0x5c, 0x30, 0xd9, 0x22, 0xb2, 0x27, 0x10, 0x81, 0x02, 0xa5, 0x7f,
  0x65, 0x46, 0x75, 0x6f, 0x9d, 0x32, 0x7f, 0x0c, 0xf2, 0xdd, 0x7e, 0xc9,
  0x59, 0x48, 0x15, 0x0c, 0x81, 0xd0, 0xf9, 0xf0, 0x0e, 0xed, 0xe4, 0x42,
  0x18, 0x22, 0xc5, 0xb9, 0x7f, 0x13, 0x6c, 0x29, 0xf2, 0xd0, 0xd0, 0x67,
  0x12, 0x2e, 0x0f, 0x81, 0xf3, 0x15, 0xde, 0xda, 0x26, 0x05, 0x7f, 0x1f,
  0x1f, 0x98, 0xcb, 0x09, 0xf9, 0x81, 0x79, 0x20, 0x69, 0x61, 0x18, 0x04,
  0xfd, 0x22, 0xdc, 0x81, 0x2b, 0x2b, 0x0c, 0x0f, 0xbb, 0x0c, 0x16, 0xb5,
  0x7f, 0x5e, 0xff, 0xe9, 0x33, 0xe7, 0xb0, 0xd7, 0x08, 0x29, 0xe0, 0xbe,
  0xff, 0x81, 0x04, 0xc4, 0x8a, 0x2a, 0xa5, 0xbb, 0x81, 0xd7, 0xe1, 0x6a,
  0x17, 0x0a, 0xa5, 0xc7, 0x7f, 0x33, 0xc7, 0x07, 0x1c, 0x0e, 0xe1, 0x81,
  0xcf, 0x64, 0x38, 0x02, 0x2c, 0xd6, 0xe4, 0x0f, 0x7f, 0x81, 0xf3, 0x99,
  0x6f, 0x12, 0xf0, 0xaf, 0x11, 0xc4, 0xb9, 0x71, 0x7f, 0x11, 0x9b, 0x24,
  0xea, 0xb0, 0xe5, 0x95, 0x81, 0x23, 0x30, 0xc6, 0x36, 0x03, 0xb7, 0x72,
  0x10, 0xff, 0x35, 0x7f, 0xfb, 0x0f, 0x81, 0xd8, 0xec, 0x0d, 0xb8, 0x05,
  0xe8, 0x77, 0x52, 0xf5, 0x81, 0xc9, 0xcf, 0x38, 0xcc, 0x25, 0xdf, 0xde,
  0xb6, 0xd2, 0x7f, 0x3f, 0xda, 0x0c, 0xaa, 0x4a, 0xfb, 0x30, 0x0f, 0xc3,
  0xa6, 0x1d, 0x81, 0xf3, 0x2e, 0x07, 0x03, 0x10, 0x81, 0x2b, 0xbb, 0x93,
  0x0c, 0x44, 0x13, 0xf8, 0x09, 0x7f, 0x1c, 0x9c, 0xeb, 0x1b, 0x03, 0x18,
  0x7f, 0x1c, 0xf8, 0x09, 0x0c, 0xed, 0xe7, 0xd6, 0x17, 0xfb, 0xee, 0x46,
  0xdb, 0x81, 0xe4, 0x33, 0xad, 0xf8, 0x81, 0xd6, 0x0d, 0xd7, 0x23, 0x4a,
  0xda, 0x8e, 0x0e, 0x55, 0x56, 0x62, 0x1b, 0x81, 0xbe, 0x1f, 0x56, 0x38,
  0xec, 0xf7, 0x7f, 0x0b, 0xa9, 0xeb, 0x17, 0xb8, 0xe9, 0x35, 0x7f, 0x22,
  0xf7, 0x10, 0x4c, 0x3c, 0x27, 0xfc, 0x01, 0xfd, 0x81, 0x95, 0xa7, 0xb7,
  0xf4, 0xca, 0xcd, 0x3d, 0xf0, 0x2c, 0xd5, 0x81, 0xdc, 0xfb, 0xe7, 0xf8,
  0x16, 0x45, 0x1a, 0x60, 0x7f, 0x5a, 0xef, 0x2d, 0xe9, 0x01, 0xc6, 0x59,
  0xd7, 0x7f, 0x5f, 0x30, 0x0d, 0x1d, 0x65, 0x1c, 0x0b, 0x32, 0x7f, 0xfb,
  0x2f, 0xcb, 0xb2, 0x04, 0x8f, 0xd3, 0xfa, 0x7f, 0xe6, 0x34, 0x05, 0x19,
  0x38, 0x27, 0x9e, 0x1d, 0x04, 0xf3, 0x7f, 0xc4, 0xed, 0xa3, 0xf1, 0x7f,
  0xc9, 0x03, 0x0a, 0xea, 0xcd, 0x8a, 0xf9, 0xef, 0x6e, 0xbf, 0x7f, 0x25,
  0xf6, 0xc9, 0xd6, 0x08, 0xf8, 0x81, 0x09, 0x5d, 0xf4, 0x0c, 0x08, 0xe4,
  0xf3, 0x5c, 0x9e, 0x1d, 0x18, 0x7f, 0x6f, 0x49, 0xaa, 0x09, 0x1a, 0x9e,
  0x48, 0x7f, 0x12, 0xba, 0x47, 0x0f, 0x9b, 0xd4, 0x0b, 0x14, 0x2a, 0x12,
  0xf0, 0x81, 0x1c, 0x6b, 0x3a, 0x7f, 0x28, 0x26, 0xa2, 0x60, 0xbc, 0xf3,
  0x1c, 0x0b, 0x81, 0x3d, 0x4c, 0x53, 0xe8, 0x29, 0x47, 0xde, 0xa7, 0xdd,
  0xe9, 0x7f, 0x2a, 0xc8, 0x09, 0x1b, 0xf2, 0x09, 0x77, 0xd4, 0x4c, 0x2b,
  0x7f, 0x57, 0x06, 0xb9, 0x12, 0xcc, 0x04, 0x7f, 0x39, 0xf6, 0x05, 0x0d,
  0x84, 0xc8, 0xfe, 0xff, 0x88, 0xc8, 0xfe, 0xff, 0x8c, 0xc8, 0xfe, 0xff,
  0x90, 0xc8, 0xfe, 0xff, 0x94, 0xc8, 0xfe, 0xff, 0x98, 0xc8, 0xfe, 0xff,
  0x9c, 0xc8, 0xfe, 0xff, 0xa0, 0xc8, 0xfe, 0xff, 0xa4, 0xc8, 0xfe, 0xff,
  0xa8, 0xc8, 0xfe, 0xff, 0xac, 0xc8, 0xfe, 0xff, 0xb0, 0xc8, 0xfe, 0xff,
  0xb4, 0xc8, 0xfe, 0xff, 0x96, 0xcc, 0xff, 0xff, 0x04, 0x00, 0x00, 0x00,
  0x00, 0x01, 0x00, 0x00, 0x0f, 0x00, 0x00, 0x00, 0x0b, 0x00, 0x00, 0x00,
  0x21, 0x00, 0x00, 0x00, 0x39, 0x00, 0x00, 0x00, 0x76, 0x00, 0x00, 0x00,
  0x0d, 0x00, 0x00, 0x00, 0x0c, 0x00, 0x00, 0x00, 0x12, 0x00, 0x00, 0x00,
  0x02, 0x00, 0x00, 0x00, 0x5c, 0x00, 0x00, 0x00, 0x26, 0x00, 0x00, 0x00,
  0x1b, 0x00, 0x00, 0x00, 0x1c, 0x00, 0x00, 0x00, 0x15, 0x00, 0x00, 0x00,
  0x37, 0x00, 0x00, 0x00, 0x64, 0x00, 0x00, 0x00, 0x5e, 0x00, 0x00, 0x00,
  0xcb, 0x00, 0x00, 0x00, 0x2e, 0x00, 0x00, 0x00, 0x23, 0x00, 0x00, 0x00,
  0xfd, 0xff, 0xff, 0xff, 0x48, 0x00, 0x00, 0x00, 0x33, 0x00, 0x00, 0x00,
  0x43, 0x00, 0x00, 0x00, 0x73, 0x00, 0x00, 0x00, 0x2a, 0x00, 0x00, 0x00,
  0x24, 0x00, 0x00, 0x00, 0x04, 0x00, 0x00, 0x00, 0x3b, 0x00, 0x00, 0x00,
  0x60, 0x00, 0x00, 0x00, 0xf1, 0xff, 0xff, 0xff, 0x61, 0x00, 0x00, 0x00,
  0x71, 0xff, 0xff, 0xff, 0x95, 0x00, 0x00, 0x00, 0xb4, 0xff, 0xff, 0xff,
  0x20, 0x00, 0x00, 0x00, 0xf1, 0xff, 0xff, 0xff, 0xcb, 0xff, 0xff, 0xff,
  0xa6, 0xff, 0xff, 0xff, 0x63, 0xff, 0xff, 0xff, 0xea, 0xff, 0xff, 0xff,
  0xb5, 0xff, 0xff, 0xff, 0x2e, 0x00, 0x00, 0x00, 0x84, 0x00, 0x00, 0x00,
  0xff, 0xff, 0xff, 0xff, 0xe1, 0xff, 0xff, 0xff, 0xfd, 0xff, 0xff, 0xff,
  0xd7, 0xff, 0xff, 0xff, 0x47, 0x00, 0x00, 0x00, 0x33, 0x00, 0x00, 0x00,
  0x47, 0x00, 0x00, 0x00, 0x01, 0x00, 0x00, 0x00, 0x7b, 0x00, 0x00, 0x00,
  0x41, 0x00, 0x00, 0x00, 0x0d, 0x00, 0x00, 0x00, 0x54, 0x00, 0x00, 0x00,
  0x14, 0x00, 0x00, 0x00, 0x2c, 0x00, 0x00, 0x00, 0x7e, 0x00, 0x00, 0x00,
  0x51, 0x00, 0x00, 0x00, 0x64, 0x00, 0x00, 0x00, 0x83, 0x00, 0x00, 0x00,
  0x79, 0x00, 0x00, 0x00, 0x2b, 0x00, 0x00, 0x00, 0xa2, 0xcd, 0xff, 0xff,
  0x04, 0x00, 0x00, 0x00, 0x00, 0x01, 0x00, 0x00, 0x2f, 0x00, 0x00, 0x00,
  0x30, 0x00, 0x00, 0x00, 0xaf, 0x00, 0x00, 0x00, 0x35, 0x00, 0x00, 0x00,
  0xc9, 0x00, 0x00, 0x00, 0x19, 0x00, 0x00, 0x00, 0x07, 0x00, 0x00, 0x00,
  0x1c, 0x00, 0x00, 0x00, 0x05, 0x00, 0x00, 0x00, 0x6d, 0x00, 0x00, 0x00,
  0x4d, 0x00, 0x00, 0x00, 0x70, 0x00, 0x00, 0x00, 0x1b, 0x00, 0x00, 0x00,
  0xfd, 0xff, 0xff, 0xff, 0x58, 0x00, 0x00, 0x00, 0xca, 0x00, 0x00, 0x00,
  0x92, 0x00, 0x00, 0x00, 0x7d, 0x01, 0x00, 0x00, 0x9a, 0x00, 0x00, 0x00,
  0x65, 0x00, 0x00, 0x00, 0x1a, 0x00, 0x00, 0x00, 0x6e, 0x00, 0x00, 0x00,
  0x73, 0x00, 0x00, 0x00, 0xf2, 0x00, 0x00, 0x00, 0xdd, 0x00, 0x00, 0x00,
  0x5b, 0x00, 0x00, 0x00, 0x24, 0x00, 0x00, 0x00, 0x56, 0x00, 0x00, 0x00,
  0xca, 0x00, 0x00, 0x00, 0x73, 0x00, 0x00, 0x00, 0xd3, 0xff, 0xff, 0xff,
  0x64, 0x00, 0x00, 0x00, 0x11, 0xff, 0xff, 0xff, 0xbe, 0x00, 0x00, 0x00,
  0x9c, 0xff, 0xff, 0xff, 0x26, 0x00, 0x00, 0x00, 0xda, 0xff, 0xff, 0xff,
  0x62, 0xff, 0xff, 0xff, 0xa3, 0xff, 0xff, 0xff, 0x47, 0xff, 0xff, 0xff,
  0x96, 0xff, 0xff, 0xff, 0x86, 0xff, 0xff, 0xff, 0x2b, 0x00, 0x00, 0x00,
  0x06, 0x01, 0x00, 0x00, 0xec, 0xff, 0xff, 0xff, 0x6a, 0xff, 0xff, 0xff,
  0xdd, 0xff, 0xff, 0xff, 0xba, 0xff, 0xff, 0xff, 0xb8, 0x00, 0x00, 0x00,
  0x53, 0x00, 0x00, 0x00, 0x57, 0x00, 0x00, 0x00, 0x0d, 0x00, 0x00, 0x00,
  0xcd, 0x00, 0x00, 0x00, 0x88, 0x00, 0x00, 0x00, 0x16, 0x00, 0x00, 0x00,
  0xb7, 0x00, 0x00, 0x00, 0x6c, 0x00, 0x00, 0x00, 0x34, 0x00, 0x00, 0x00,
  0xeb, 0x00, 0x00, 0x00, 0x56, 0x00, 0x00, 0x00, 0xcb, 0x00, 0x00, 0x00,
  0xdf, 0x00, 0x00, 0x00, 0x0d, 0x01, 0x00, 0x00, 0x64, 0x00, 0x00, 0x00,
  0xae, 0xce, 0xff, 0xff, 0x04, 0x00, 0x00, 0x00, 0x00, 0x04, 0x00, 0x00,
  0xb1, 0x64, 0xba, 0x55, 0xd6, 0x05, 0x9f, 0x93, 0xe4, 0xd0, 0x60, 0x41,
  0xaa, 0xae, 0x81, 0xd1, 0xee, 0x1e, 0xea, 0x66, 0xeb, 0xe1, 0x81, 0x04,
  0x12, 0x08, 0x5c, 0x22, 0xf2, 0xc3, 0x9d, 0x22, 0xa5, 0xf5, 0xa8, 0xc4,
  0xdc, 0xa3, 0x81, 0xba, 0xe6, 0x1f, 0x1e, 0xe3, 0x10, 0x38, 0xd5, 0x23,
  0x08, 0xd4, 0xa6, 0xdc, 0xdf, 0x0b, 0xbb, 0x81, 0x50, 0x10, 0xb0, 0x2d,
  0x3f, 0xd6, 0x11, 0x4f, 0x93, 0xf3, 0xbd, 0x77, 0xaa, 0xda, 0xa7, 0x81,
  0x16, 0x38, 0x6a, 0x66, 0xc0, 0x3c, 0xee, 0x14, 0xca, 0x6a, 0x01, 0x46,
  0xe2, 0x9e, 0xf8, 0x37, 0xdf, 0x27, 0x05, 0x36, 0x14, 0xb2, 0x81, 0xec,
  0x12, 0x4f, 0x8f, 0x60, 0x4d, 0x81, 0x83, 0x2f, 0x66, 0xe5, 0x32, 0x3f,
  0x89, 0x07, 0xf4, 0xf3, 0xd8, 0x3d, 0xf8, 0x6b, 0x81, 0x2a, 0xfa, 0x8c,
  0xe1, 0xd3, 0x4b, 0xee, 0xc1, 0x87, 0xd2, 0xe4, 0x21, 0x4f, 0x52, 0x6c,
  0xaa, 0x67, 0x0f, 0xa8, 0x81, 0xd7, 0xfe, 0xfb, 0xb9, 0x24, 0x98, 0x23,
  0xb5, 0x39, 0x8a, 0x7f, 0xc2, 0x4a, 0xa9, 0xb3, 0x06, 0xf3, 0x42, 0x2f,
  0xae, 0xbc, 0x52, 0x87, 0xe9, 0x31, 0xf4, 0x15, 0xda, 0x7f, 0xb7, 0xeb,
  0x36, 0xd5, 0x7c, 0xf2, 0xa4, 0xfa, 0x1e, 0xf3, 0x9c, 0x45, 0xe3, 0x3c,
  0xb4, 0x7f, 0x22, 0x0a, 0x4c, 0x10, 0xab, 0x6d, 0xda, 0xd4, 0x20, 0x10,
  0x61, 0x5e, 0xca, 0x7f, 0x14, 0x35, 0x25, 0x05, 0x62, 0xb0, 0x6b, 0xb6,
  0x14, 0xf2, 0x16, 0x8c, 0x81, 0x02, 0xe2, 0x04, 0x38, 0xd9, 0xa6, 0x09,
  0xf2, 0x07, 0x79, 0xeb, 0x0b, 0x05, 0x07, 0xf9, 0xfe, 0x7f, 0x40, 0x3c,
  0x0c, 0x9f, 0xfa, 0x33, 0xd2, 0x2a, 0x65, 0xc3, 0x08, 0xd4, 0x00, 0x1e,
  0xc7, 0xd9, 0xb7, 0x55, 0xe1, 0xf9, 0xe6, 0x9e, 0xb8, 0xc5, 0xfa, 0x33,
  0x81, 0xdd, 0x74, 0x87, 0xa0, 0x07, 0x1e, 0x25, 0xe8, 0x95, 0xaf, 0xc3,
  0x18, 0x81, 0x46, 0x0f, 0x31, 0x89, 0x13, 0xcc, 0x81, 0x6a, 0xc8, 0xfb,
  0xe7, 0xd2, 0xdb, 0xd5, 0xb0, 0xf2, 0x4a, 0x37, 0xed, 0x97, 0x9a, 0x09,
  0xcb, 0xf9, 0x9b, 0x58, 0x81, 0x0e, 0x00, 0xba, 0xbd, 0x17, 0x3f, 0xf4,
  0xce, 0x8d, 0x13, 0x83, 0xdb, 0x74, 0xb8, 0x7d, 0xec, 0x9c, 0xe2, 0x81,
  0xa7, 0xc5, 0x3e, 0xe7, 0xd3, 0x8a, 0x05, 0xd1, 0xb8, 0x64, 0x9f, 0x4c,
  0x81, 0xbf, 0xaf, 0x90, 0x14, 0xc0, 0x63, 0x48, 0x8d, 0x87, 0xb9, 0xb9,
  0x81, 0x68, 0xed, 0x44, 0x20, 0xb4, 0xf1, 0x46, 0x15, 0x02, 0x38, 0xf9,
  0xd7, 0x07, 0xf0, 0x27, 0xfe, 0x7f, 0xe7, 0x52, 0x11, 0xc7, 0xb1, 0xf1,
  0x05, 0xea, 0xfa, 0x25, 0xfd, 0xd3, 0xf3, 0xe1, 0xd6, 0xd7, 0xf6, 0x55,
  0x93, 0xa0, 0xe4, 0xa4, 0xe6, 0xd9, 0x7f, 0x6a, 0x81, 0xe7, 0x04, 0xdf,
  0x09, 0x11, 0xd4, 0x09, 0x1d, 0xea, 0xc7, 0x81, 0xf8, 0xe8, 0x36, 0x32,
  0x03, 0x98, 0xa0, 0xe4, 0xf6, 0x0c, 0x8e, 0x0a, 0xf4, 0xdf, 0x18, 0x8d,
  0x9b, 0xe2, 0x7f, 0xe5, 0x92, 0xa9, 0xcc, 0xf0, 0xed, 0x6d, 0xad, 0x68,
  0x0c, 0xc7, 0x85, 0xb6, 0xac, 0xa3, 0x39, 0xf9, 0xdb, 0x81, 0xb6, 0xa7,
  0xe2, 0xe5, 0x06, 0x61, 0x09, 0xc9, 0x8f, 0x14, 0xfc, 0xe1, 0x1d, 0x4a,
  0x17, 0xb7, 0x81, 0xe9, 0x1a, 0xfc, 0xb9, 0x57, 0x03, 0xe0, 0x9d, 0xef,
  0xd8, 0x81, 0x22, 0x15, 0xd8, 0x93, 0xcb, 0xa2, 0xd1, 0x12, 0xb8, 0x39,
  0x33, 0x81, 0x81, 0xa5, 0x00, 0x9e, 0x7a, 0x21, 0xf7, 0xa0, 0xaf, 0xc0,
  0x28, 0x07, 0x36, 0x6c, 0xe1, 0xd9, 0x81, 0xea, 0x3c, 0xc9, 0x35, 0x1c,
  0x08, 0xd1, 0x84, 0xb6, 0xf8, 0xec, 0xa2, 0x03, 0xa0, 0xbf, 0xd6, 0xd0,
  0xf1, 0xb4, 0x73, 0x16, 0x99, 0xb7, 0x08, 0x81, 0x4a, 0xff, 0x77, 0x81,
  0xfb, 0x4f, 0x00, 0x51, 0x5f, 0x6a, 0x88, 0xe8, 0x23, 0x0b, 0x61, 0xfd,
  0x81, 0xcb, 0xb2, 0x10, 0xe7, 0xa5, 0xd8, 0xc5, 0xf2, 0xcb, 0x5f, 0x10,
  0x97, 0xb2, 0xa8, 0xe4, 0x07, 0xfb, 0xf1, 0xc5, 0x4e, 0x30, 0x3a, 0x4e,
  0x12, 0x05, 0xdb, 0x35, 0x7f, 0x36, 0x44, 0x57, 0xd9, 0x05, 0xd4, 0x32,
  0x0d, 0xc3, 0x05, 0x9b, 0xf7, 0xfa, 0x7f, 0x1c, 0xdd, 0x17, 0xcb, 0xc9,
  0x6e, 0x81, 0x51, 0xec, 0xef, 0x37, 0x40, 0xf9, 0x64, 0x24, 0xd7, 0xf6,
  0x22, 0x4f, 0x29, 0x71, 0x20, 0xfb, 0x6a, 0xc9, 0xf4, 0xbb, 0x7e, 0x0e,
  0x58, 0x7f, 0x89, 0x00, 0x4c, 0x3e, 0xe3, 0x03, 0x3a, 0xac, 0x4b, 0xef,
  0x33, 0x6a, 0xe4, 0x6e, 0x23, 0x5e, 0xd8, 0xee, 0x2e, 0x7f, 0x01, 0x68,
  0x5c, 0xa4, 0x69, 0xcd, 0x3e, 0x7f, 0x54, 0x1b, 0x1c, 0x5c, 0xf9, 0xd4,
  0x42, 0x29, 0x37, 0x0f, 0x34, 0x1c, 0x7f, 0xad, 0xf1, 0xd7, 0x07, 0x01,
  0xca, 0x48, 0x10, 0x24, 0x79, 0x11, 0x08, 0x1c, 0x7f, 0xf4, 0x32, 0xfe,
  0x31, 0x2a, 0x2e, 0x71, 0x41, 0x3c, 0x87, 0xd2, 0x51, 0x2b, 0x5d, 0x4c,
  0xc6, 0x0e, 0xcb, 0x01, 0x0b, 0x0b, 0xcb, 0x81, 0xd8, 0xf5, 0xe2, 0x30,
  0x9b, 0xec, 0xb8, 0x01, 0xf9, 0x07, 0xfb, 0x34, 0x81, 0x1c, 0x06, 0xb7,
  0xba, 0xf1, 0xf7, 0x1b, 0xb2, 0xa0, 0xf0, 0xf9, 0x12, 0xb9, 0x7f, 0xa3,
  0x23, 0x7d, 0x0c, 0x05, 0x41, 0x62, 0x92, 0xa5, 0xd9, 0x2d, 0xe6, 0x10,
  0x7f, 0xed, 0x08, 0xee, 0x04, 0x09, 0x3a, 0xf9, 0x30, 0x1d, 0xdd, 0x21,
  0x70, 0x08, 0x02, 0x36, 0x6f, 0xaf, 0x73, 0x81, 0xec, 0x49, 0x74, 0xf7,
  0x4d, 0x25, 0x04, 0x04, 0x3c, 0x38, 0xfd, 0x35, 0x2e, 0xe4, 0x42, 0xa7,
  0x35, 0x06, 0x5c, 0x63, 0xed, 0x70, 0xb3, 0xce, 0x5b, 0x7f, 0x6e, 0x33,
  0xe5, 0x71, 0xe9, 0x22, 0xe1, 0xab, 0x91, 0xd3, 0xb7, 0xe6, 0x7f, 0x1f,
  0xc2, 0x8b, 0xe5, 0xf8, 0xce, 0x49, 0x81, 0x53, 0xb2, 0xa9, 0x9a, 0xd6,
  0x98, 0xbf, 0x78, 0x20, 0xd3, 0xdc, 0xc3, 0xad, 0xf5, 0x4c, 0xa3, 0x38,
  0x9a, 0xed, 0xc4, 0xc9, 0xf7, 0xaf, 0x10, 0xf2, 0xca, 0xc4, 0xfd, 0x81,
  0x81, 0x1f, 0xc6, 0x61, 0x85, 0xaf, 0x8f, 0x98, 0xc6, 0x81, 0x42, 0x10,
  0x8e, 0xf7, 0xdb, 0xe5, 0x90, 0x1d, 0xa5, 0x1b, 0xc5, 0xda, 0xb2, 0xa2,
  0xd6, 0x91, 0x2d, 0x7f, 0xef, 0x87, 0x8b, 0x01, 0x83, 0x54, 0x9d, 0x3b,
  0xff, 0xf4, 0xa8, 0xe0, 0xf0, 0xc3, 0x73, 0x99, 0x0b, 0x81, 0xdb, 0x25,
  0x91, 0x7b, 0xf6, 0x0f, 0xd9, 0xa8, 0x86, 0xec, 0xf6, 0x84, 0x44, 0x0f,
  0xf1, 0xe5, 0x81, 0x9c, 0x9a, 0x30, 0xd9, 0x27, 0xe8, 0x98, 0xd4, 0xde,
  0xb3, 0xa2, 0x30, 0x1c, 0x81, 0xbb, 0xea, 0xe1, 0xba, 0x59, 0xd1, 0x4b,
  0x9b, 0x9d, 0xfd, 0xce, 0xd6, 0x9c, 0x36, 0x5c, 0xf2, 0x86, 0xb4, 0x81,
  0x97, 0x06, 0xde, 0x40, 0xf0, 0xf7, 0xdd, 0xd5, 0xa4, 0x81, 0x7d, 0xf5,
  0xe0, 0x83, 0xa0, 0xae, 0x27, 0xfc, 0xe8, 0x1c, 0xa3, 0x92, 0xd9, 0x82,
  0xdc, 0xda, 0x45, 0xf8, 0xf8, 0x81, 0x9c, 0xf9, 0x81, 0x3a, 0x07, 0x53,
  0x3b, 0xb2, 0x17, 0xd5, 0x36, 0xe5, 0x30, 0x2e, 0xc7, 0x26, 0x2e, 0x12,
  0xb2, 0x28, 0xa7, 0x7f, 0xdd, 0xe4, 0x95, 0xd2, 0x8c, 0xb0, 0x6c, 0x56,
  0xf3, 0xb6, 0xe8, 0xb8, 0x81, 0x5b, 0xb7, 0x58, 0xc6, 0xb7, 0xa1, 0xe7,
  0xef, 0xad, 0x31, 0x1d, 0xe5, 0x9d, 0xc9, 0x91, 0xd4, 0x18, 0xfd, 0x1e,
  0x96, 0x81, 0x93, 0xee, 0x01, 0xe0, 0x68, 0x48, 0xc3, 0xfb, 0xcb, 0x92,
  0xc9, 0x3b, 0xaf, 0x13, 0x94, 0xee, 0xd9, 0xc0, 0x08, 0x9c, 0x20, 0x14,
  0xdc, 0x81, 0xd8, 0xab, 0xdc, 0xce, 0xfe, 0xff, 0xe0, 0xce, 0xfe, 0xff,
  0xe4, 0xce, 0xfe, 0xff, 0xe8, 0xce, 0xfe, 0xff, 0xec, 0xce, 0xfe, 0xff,
  0xf0, 0xce, 0xfe, 0xff, 0xf4, 0xce, 0xfe, 0xff, 0xf8, 0xce, 0xfe, 0xff,
  0xfc, 0xce, 0xfe, 0xff, 0x00, 0xcf, 0xfe, 0xff, 0x04, 0xcf, 0xfe, 0xff,
  0x08, 0xcf, 0xfe, 0xff, 0x0c, 0xcf, 0xfe, 0xff, 0xee, 0xd2, 0xff, 0xff,
  0x04, 0x00, 0x00, 0x00, 0x00, 0x01, 0x00, 0x00, 0x9c, 0x13, 0x00, 0x00,
  0x66, 0x1a, 0x00, 0x00, 0x20, 0x41, 0x00, 0x00, 0x04, 0xfb, 0xff, 0xff,
  0x7a, 0x2f, 0x00, 0x00, 0x4f, 0x07, 0x00, 0x00, 0xd3, 0xfb, 0xff, 0xff,
  0xe3, 0x04, 0x00, 0x00, 0x20, 0x03, 0x00, 0x00, 0x4e, 0x07, 0x00, 0x00,
  0xc4, 0x1b, 0x00, 0x00, 0x4e, 0x26, 0x00, 0x00, 0x16, 0xff, 0xff, 0xff,
  0xda, 0xf3, 0xff, 0xff, 0x2a, 0x1b, 0x00, 0x00, 0xee, 0x47, 0x00, 0x00,
  0x8b, 0x1e, 0x00, 0x00, 0x17, 0x2d, 0x00, 0x00, 0xa1, 0x38, 0x00, 0x00,
  0x9a, 0x20, 0x00, 0x00, 0x1a, 0x17, 0x00, 0x00, 0x18, 0x14, 0x00, 0x00,
  0x5d, 0x24, 0x00, 0x00, 0x29, 0x3c, 0x00, 0x00, 0x90, 0x3a, 0x00, 0x00,
  0x5e, 0x1b, 0x00, 0x00, 0x07, 0x00, 0x00, 0x00, 0xc9, 0x35, 0x00, 0x00,
  0x0d, 0x41, 0x00, 0x00, 0xec, 0x0d, 0x00, 0x00, 0x90, 0xee, 0xff, 0xff,
  0xea, 0x00, 0x00, 0x00, 0xc0, 0xdb, 0xff, 0xff, 0xbd, 0x0c, 0x00, 0x00,
  0x76, 0xf3, 0xff, 0xff, 0x97, 0x03, 0x00, 0x00, 0xcf, 0xf8, 0xff, 0xff,
  0xac, 0xc7, 0xff, 0xff, 0xb9, 0xfd, 0xff, 0xff, 0xa7, 0xf4, 0xff, 0xff,
  0xe5, 0xbf, 0xff, 0xff, 0x22, 0xe3, 0xff, 0xff, 0xec, 0xfe, 0xff, 0xff,
  0xb1, 0x26, 0x00, 0x00, 0x69, 0xf4, 0xff, 0xff, 0x2a, 0xe5, 0xff, 0xff,
  0x2e, 0xed, 0xff, 0xff, 0x1d, 0xe9, 0xff, 0xff, 0x41, 0x3b, 0x00, 0x00,
  0xbb, 0x14, 0x00, 0x00, 0xd8, 0x0f, 0x00, 0x00, 0xe4, 0x09, 0x00, 0x00,
  0xd0, 0x26, 0x00, 0x00, 0x39, 0x25, 0x00, 0x00, 0xde, 0x05, 0x00, 0x00,
  0xc7, 0x32, 0x00, 0x00, 0x69, 0x43, 0x00, 0x00, 0x92, 0x06, 0x00, 0x00,
  0x1d, 0x26, 0x00, 0x00, 0xdc, 0x01, 0x00, 0x00, 0x2c, 0x2d, 0x00, 0x00,
  0x2f, 0x21, 0x00, 0x00, 0x01, 0x40, 0x00, 0x00, 0xbc, 0x2a, 0x00, 0x00,
  0xfa, 0xd3, 0xff, 0xff, 0x04, 0x00, 0x00, 0x00, 0x70, 0x00, 0x00, 0x00,
  0x26, 0xd2, 0x67, 0x8e, 0x47, 0x32, 0x57, 0x7f, 0x76, 0x0f, 0xf2, 0xf5,
  0x53, 0x11, 0x1d, 0x54, 0x64, 0xc9, 0x0f, 0xb8, 0x5f, 0x40, 0x1b, 0x56,
  0x12, 0x57, 0xaa, 0xa0, 0xff, 0x2b, 0x59, 0x7f, 0xa5, 0x5a, 0x89, 0x5b,
  0xcd, 0x82, 0xb0, 0xca, 0x95, 0x9a, 0x5d, 0x21, 0xa4, 0x9c, 0x81, 0xd1,
  0x70, 0x81, 0x57, 0xb8, 0x2e, 0x69, 0x51, 0x65, 0x6c, 0x41, 0xb9, 0xea,
  0x21, 0x3f, 0x12, 0x52, 0x2d, 0x93, 0x56, 0x08, 0x11, 0x74, 0x33, 0x57,
  0x7b, 0x7e, 0xd7, 0xb2, 0x7c, 0x55, 0x7f, 0x39, 0x73, 0x81, 0x29, 0xe6,
  0x64, 0x5c, 0x2b, 0x6b, 0x68, 0x60, 0xda, 0x99, 0x3c, 0x6a, 0x4d, 0x3c,
  0x65, 0xc6, 0x58, 0xf6, 0x7f, 0x0f, 0x14, 0x3e, 0x3a, 0x48, 0x98, 0xd5,
  0x00, 0x20, 0x56, 0x6d, 0x76, 0xd4, 0xff, 0xff, 0x04, 0x00, 0x00, 0x00,
  0x1c, 0x00, 0x00, 0x00, 0x26, 0xc7, 0xff, 0xff, 0x35, 0xd5, 0xff, 0xff,
  0xe1, 0x1b, 0x00, 0x00, 0xf9, 0xd8, 0xff, 0xff, 0x30, 0xe3, 0xff, 0xff,
  0xcd, 0xd7, 0xff, 0xff, 0xda, 0xd8, 0xff, 0xff, 0x9e, 0xd4, 0xff, 0xff,
  0x04, 0x00, 0x00, 0x00, 0x0c, 0x00, 0x00, 0x00, 0x01, 0x00, 0x00, 0x00,
  0x01, 0x00, 0x00, 0x00, 0x10, 0x00, 0x00, 0x00, 0xb6, 0xd4, 0xff, 0xff,
  0x04, 0x00, 0x00, 0x00, 0x04, 0x00, 0x00, 0x00, 0x0e, 0x00, 0x00, 0x00,
  0xc6, 0xd4, 0xff, 0xff, 0x04, 0x00, 0x00, 0x00, 0x04, 0x00, 0x00, 0x00,
  0x0d, 0x00, 0x00, 0x00, 0xd6, 0xd4, 0xff, 0xff, 0x04, 0x00, 0x00, 0x00,
  0x04, 0x00, 0x00, 0x00, 0x0c, 0x00, 0x00, 0x00, 0xe6, 0xd4, 0xff, 0xff,
  0x04, 0x00, 0x00, 0x00, 0x04, 0x00, 0x00, 0x00, 0x0b, 0x00, 0x00, 0x00,
  0xf6, 0xd4, 0xff, 0xff, 0x04, 0x00, 0x00, 0x00, 0x04, 0x00, 0x00, 0x00,
  0x0a, 0x00, 0x00, 0x00, 0x06, 0xd5, 0xff, 0xff, 0x04, 0x00, 0x00, 0x00,
  0x04, 0x00, 0x00, 0x00, 0x09, 0x00, 0x00, 0x00, 0x16, 0xd5, 0xff, 0xff,
  0x04, 0x00, 0x00, 0x00, 0x04, 0x00, 0x00, 0x00, 0x08, 0x00, 0x00, 0x00,
  0x26, 0xd5, 0xff, 0xff, 0x04, 0x00, 0x00, 0x00, 0x04, 0x00, 0x00, 0x00,
  0x07, 0x00, 0x00, 0x00, 0x36, 0xd5, 0xff, 0xff, 0x04, 0x00, 0x00, 0x00,
  0x04, 0x00, 0x00, 0x00, 0x06, 0x00, 0x00, 0x00, 0x46, 0xd5, 0xff, 0xff,
  0x04, 0x00, 0x00, 0x00, 0x04, 0x00, 0x00, 0x00, 0x05, 0x00, 0x00, 0x00,
  0x56, 0xd5, 0xff, 0xff, 0x04, 0x00, 0x00, 0x00, 0x04, 0x00, 0x00, 0x00,
  0x04, 0x00, 0x00, 0x00, 0x66, 0xd5, 0xff, 0xff, 0x04, 0x00, 0x00, 0x00,
  0x04, 0x00, 0x00, 0x00, 0x03, 0x00, 0x00, 0x00, 0x76, 0xd5, 0xff, 0xff,
  0x04, 0x00, 0x00, 0x00, 0x04, 0x00, 0x00, 0x00, 0x02, 0x00, 0x00, 0x00,
  0x86, 0xd5, 0xff, 0xff, 0x04, 0x00, 0x00, 0x00, 0x04, 0x00, 0x00, 0x00,
  0x01, 0x00, 0x00, 0x00, 0x96, 0xd5, 0xff, 0xff, 0x04, 0x00, 0x00, 0x00,
  0x04, 0x00, 0x00, 0x00, 0x00, 0x00, 0x00, 0x00, 0xa6, 0xd5, 0xff, 0xff,
  0x04, 0x00, 0x00, 0x00, 0x0c, 0x00, 0x00, 0x00, 0x01, 0x00, 0x00, 0x00,
  0x0f, 0x00, 0x00, 0x00, 0x09, 0x00, 0x00, 0x00, 0xe0, 0xd1, 0xfe, 0xff,
  0xe4, 0xd1, 0xfe, 0xff, 0x0f, 0x00, 0x00, 0x00, 0x4d, 0x4c, 0x49, 0x52,
  0x20, 0x43, 0x6f, 0x6e, 0x76, 0x65, 0x72, 0x74, 0x65, 0x64, 0x2e, 0x00,
  0x01, 0x00, 0x00, 0x00, 0x14, 0x00, 0x00, 0x00, 0x00, 0x00, 0x0e, 0x00,
  0x18, 0x00, 0x14, 0x00, 0x10, 0x00, 0x0c, 0x00, 0x08, 0x00, 0x04, 0x00,
  0x0e, 0x00, 0x00, 0x00, 0x14, 0x00, 0x00, 0x00, 0x1c, 0x00, 0x00, 0x00,
  0x50, 0x2a, 0x00, 0x00, 0x54, 0x2a, 0x00, 0x00, 0x58, 0x2a, 0x00, 0x00,
  0x04, 0x00, 0x00, 0x00, 0x6d, 0x61, 0x69, 0x6e, 0x00, 0x00, 0x00, 0x00,
  0xe1, 0x00, 0x00, 0x00, 0x14, 0x2a, 0x00, 0x00, 0xc8, 0x29, 0x00, 0x00,
  0x80, 0x29, 0x00, 0x00, 0x38, 0x29, 0x00, 0x00, 0x00, 0x29, 0x00, 0x00,
  0xc8, 0x28, 0x00, 0x00, 0x90, 0x28, 0x00, 0x00, 0x58, 0x28, 0x00, 0x00,
  0x20, 0x28, 0x00, 0x00, 0xe8, 0x27, 0x00, 0x00, 0xb0, 0x27, 0x00, 0x00,
  0x78, 0x27, 0x00, 0x00, 0x40, 0x27, 0x00, 0x00, 0x08, 0x27, 0x00, 0x00,
  0xd0, 0x26, 0x00, 0x00, 0x98, 0x26, 0x00, 0x00, 0x60, 0x26, 0x00, 0x00,
  0x28, 0x26, 0x00, 0x00, 0xf0, 0x25, 0x00, 0x00, 0xb8, 0x25, 0x00, 0x00,
  0x80, 0x25, 0x00, 0x00, 0x48, 0x25, 0x00, 0x00, 0x10, 0x25, 0x00, 0x00,
  0xd8, 0x24, 0x00, 0x00, 0xa0, 0x24, 0x00, 0x00, 0x68, 0x24, 0x00, 0x00,
  0x30, 0x24, 0x00, 0x00, 0xf8, 0x23, 0x00, 0x00, 0xc0, 0x23, 0x00, 0x00,
  0x88, 0x23, 0x00, 0x00, 0x50, 0x23, 0x00, 0x00, 0x0c, 0x23, 0x00, 0x00,
  0xe8, 0x22, 0x00, 0x00, 0xb8, 0x22, 0x00, 0x00, 0x94, 0x22, 0x00, 0x00,
  0x60, 0x22, 0x00, 0x00, 0x3c, 0x22, 0x00, 0x00, 0x08, 0x22, 0x00, 0x00,
  0xd0, 0x21, 0x00, 0x00, 0x9c, 0x21, 0x00, 0x00, 0x58, 0x21, 0x00, 0x00,
  0x34, 0x21, 0x00, 0x00, 0x10, 0x21, 0x00, 0x00, 0xdc, 0x20, 0x00, 0x00,
  0xb8, 0x20, 0x00, 0x00, 0x94, 0x20, 0x00, 0x00, 0x60, 0x20, 0x00, 0x00,
  0x2c, 0x20, 0x00, 0x00, 0x08, 0x20, 0x00, 0x00, 0xd4, 0x1f, 0x00, 0x00,
  0x9c, 0x1f, 0x00, 0x00, 0x68, 0x1f, 0x00, 0x00, 0x24, 0x1f, 0x00, 0x00,
  0x00, 0x1f, 0x00, 0x00, 0xdc, 0x1e, 0x00, 0x00, 0xa8, 0x1e, 0x00, 0x00,
  0x84, 0x1e, 0x00, 0x00, 0x60, 0x1e, 0x00, 0x00, 0x2c, 0x1e, 0x00, 0x00,
  0xf8, 0x1d, 0x00, 0x00, 0xd4, 0x1d, 0x00, 0x00, 0xa0, 0x1d, 0x00, 0x00,
  0x68, 0x1d, 0x00, 0x00, 0x34, 0x1d, 0x00, 0x00, 0xf0, 0x1c, 0x00, 0x00,
  0xcc, 0x1c, 0x00, 0x00, 0xa8, 0x1c, 0x00, 0x00, 0x74, 0x1c, 0x00, 0x00,
  0x50, 0x1c, 0x00, 0x00, 0x2c, 0x1c, 0x00, 0x00, 0xf8, 0x1b, 0x00, 0x00,
  0xc4, 0x1b, 0x00, 0x00, 0xa0, 0x1b, 0x00, 0x00, 0x6c, 0x1b, 0x00, 0x00,
  0x34, 0x1b, 0x00, 0x00, 0x00, 0x1b, 0x00, 0x00, 0xbc, 0x1a, 0x00, 0x00,
  0x98, 0x1a, 0x00, 0x00, 0x74, 0x1a, 0x00, 0x00, 0x40, 0x1a, 0x00, 0x00,
  0x1c, 0x1a, 0x00, 0x00, 0xf8, 0x19, 0x00, 0x00, 0xc4, 0x19, 0x00, 0x00,
  0x90, 0x19, 0x00, 0x00, 0x6c, 0x19, 0x00, 0x00, 0x38, 0x19, 0x00, 0x00,
  0x00, 0x19, 0x00, 0x00, 0xcc, 0x18, 0x00, 0x00, 0x88, 0x18, 0x00, 0x00,
  0x64, 0x18, 0x00, 0x00, 0x40, 0x18, 0x00, 0x00, 0x0c, 0x18, 0x00, 0x00,
  0xe8, 0x17, 0x00, 0x00, 0xc4, 0x17, 0x00, 0x00, 0x90, 0x17, 0x00, 0x00,
  0x5c, 0x17, 0x00, 0x00, 0x38, 0x17, 0x00, 0x00, 0x04, 0x17, 0x00, 0x00,
  0xcc, 0x16, 0x00, 0x00, 0x98, 0x16, 0x00, 0x00, 0x54, 0x16, 0x00, 0x00,
  0x30, 0x16, 0x00, 0x00, 0x0c, 0x16, 0x00, 0x00, 0xd8, 0x15, 0x00, 0x00,
  0xb4, 0x15, 0x00, 0x00, 0x90, 0x15, 0x00, 0x00, 0x5c, 0x15, 0x00, 0x00,
  0x28, 0x15, 0x00, 0x00, 0x04, 0x15, 0x00, 0x00, 0xd0, 0x14, 0x00, 0x00,
  0x98, 0x14, 0x00, 0x00, 0x64, 0x14, 0x00, 0x00, 0x20, 0x14, 0x00, 0x00,
  0xfc, 0x13, 0x00, 0x00, 0xd8, 0x13, 0x00, 0x00, 0xa4, 0x13, 0x00, 0x00,
  0x80, 0x13, 0x00, 0x00, 0x5c, 0x13, 0x00, 0x00, 0x28, 0x13, 0x00, 0x00,
  0xf4, 0x12, 0x00, 0x00, 0xd0, 0x12, 0x00, 0x00, 0x9c, 0x12, 0x00, 0x00,
  0x64, 0x12, 0x00, 0x00, 0x30, 0x12, 0x00, 0x00, 0xec, 0x11, 0x00, 0x00,
  0xc8, 0x11, 0x00, 0x00, 0xa4, 0x11, 0x00, 0x00, 0x70, 0x11, 0x00, 0x00,
  0x4c, 0x11, 0x00, 0x00, 0x28, 0x11, 0x00, 0x00, 0xf4, 0x10, 0x00, 0x00,
  0xc0, 0x10, 0x00, 0x00, 0x9c, 0x10, 0x00, 0x00, 0x68, 0x10, 0x00, 0x00,
  0x30, 0x10, 0x00, 0x00, 0xfc, 0x0f, 0x00, 0x00, 0xb8, 0x0f, 0x00, 0x00,
  0x94, 0x0f, 0x00, 0x00, 0x70, 0x0f, 0x00, 0x00, 0x3c, 0x0f, 0x00, 0x00,
  0x18, 0x0f, 0x00, 0x00, 0xf4, 0x0e, 0x00, 0x00, 0xc0, 0x0e, 0x00, 0x00,
  0x8c, 0x0e, 0x00, 0x00, 0x68, 0x0e, 0x00, 0x00, 0x34, 0x0e, 0x00, 0x00,
  0xfc, 0x0d, 0x00, 0x00, 0xc8, 0x0d, 0x00, 0x00, 0x84, 0x0d, 0x00, 0x00,
  0x60, 0x0d, 0x00, 0x00, 0x3c, 0x0d, 0x00, 0x00, 0x08, 0x0d, 0x00, 0x00,
  0xe4, 0x0c, 0x00, 0x00, 0xc0, 0x0c, 0x00, 0x00, 0x8c, 0x0c, 0x00, 0x00,
  0x58, 0x0c, 0x00, 0x00, 0x34, 0x0c, 0x00, 0x00, 0x00, 0x0c, 0x00, 0x00,
  0xc8, 0x0b, 0x00, 0x00, 0x94, 0x0b, 0x00, 0x00, 0x50, 0x0b, 0x00, 0x00,
  0x2c, 0x0b, 0x00, 0x00, 0x08, 0x0b, 0x00, 0x00, 0xd4, 0x0a, 0x00, 0x00,
  0xb0, 0x0a, 0x00, 0x00, 0x8c, 0x0a, 0x00, 0x00, 0x58, 0x0a, 0x00, 0x00,
  0x24, 0x0a, 0x00, 0x00, 0x00, 0x0a, 0x00, 0x00, 0xcc, 0x09, 0x00, 0x00,
  0x94, 0x09, 0x00, 0x00, 0x60, 0x09, 0x00, 0x00, 0x1c, 0x09, 0x00, 0x00,
  0xf8, 0x08, 0x00, 0x00, 0xd4, 0x08, 0x00, 0x00, 0xa0, 0x08, 0x00, 0x00,
  0x7c, 0x08, 0x00, 0x00, 0x58, 0x08, 0x00, 0x00, 0x24, 0x08, 0x00, 0x00,
  0xf0, 0x07, 0x00, 0x00, 0xcc, 0x07, 0x00, 0x00, 0x98, 0x07, 0x00, 0x00,
  0x60, 0x07, 0x00, 0x00, 0x2c, 0x07, 0x00, 0x00, 0xe8, 0x06, 0x00, 0x00,
  0xc4, 0x06, 0x00, 0x00, 0xa0, 0x06, 0x00, 0x00, 0x6c, 0x06, 0x00, 0x00,
  0x48, 0x06, 0x00, 0x00, 0x24, 0x06, 0x00, 0x00, 0xf0, 0x05, 0x00, 0x00,
  0xbc, 0x05, 0x00, 0x00, 0x98, 0x05, 0x00, 0x00, 0x64, 0x05, 0x00, 0x00,
  0x2c, 0x05, 0x00, 0x00, 0xf8, 0x04, 0x00, 0x00, 0xb4, 0x04, 0x00, 0x00,
  0x90, 0x04, 0x00, 0x00, 0x6c, 0x04, 0x00, 0x00, 0x38, 0x04, 0x00, 0x00,
  0x14, 0x04, 0x00, 0x00, 0xf0, 0x03, 0x00, 0x00, 0xbc, 0x03, 0x00, 0x00,
  0x88, 0x03, 0x00, 0x00, 0x64, 0x03, 0x00, 0x00, 0x30, 0x03, 0x00, 0x00,
  0x0c, 0x03, 0x00, 0x00, 0xe8, 0x02, 0x00, 0x00, 0xc4, 0x02, 0x00, 0x00,
  0xa0, 0x02, 0x00, 0x00, 0x7c, 0x02, 0x00, 0x00, 0x58, 0x02, 0x00, 0x00,
  0x34, 0x02, 0x00, 0x00, 0x10, 0x02, 0x00, 0x00, 0xec, 0x01, 0x00, 0x00,
  0xc8, 0x01, 0x00, 0x00, 0xa4, 0x01, 0x00, 0x00, 0x80, 0x01, 0x00, 0x00,
  0x5c, 0x01, 0x00, 0x00, 0x38, 0x01, 0x00, 0x00, 0x14, 0x01, 0x00, 0x00,
  0xa8, 0x00, 0x00, 0x00, 0x70, 0x00, 0x00, 0x00, 0x38, 0x00, 0x00, 0x00,
  0x04, 0x00, 0x00, 0x00, 0x0a, 0xda, 0xff, 0xff, 0x14, 0x00, 0x00, 0x00,
  0x00, 0x00, 0x00, 0x09, 0x14, 0x00, 0x00, 0x00, 0x18, 0x00, 0x00, 0x00,
  0x09, 0x00, 0x00, 0x00, 0xb6, 0xd9, 0xff, 0xff, 0x00, 0x00, 0x80, 0x3f,
  0x01, 0x00, 0x00, 0x00, 0x40, 0x01, 0x00, 0x00, 0x01, 0x00, 0x00, 0x00,
  0x3f, 0x01, 0x00, 0x00, 0x3a, 0xda, 0xff, 0xff, 0x14, 0x00, 0x00, 0x00,
  0x00, 0x00, 0x00, 0x08, 0x10, 0x00, 0x00, 0x00, 0x14, 0x00, 0x00, 0x00,
  0x02, 0x00, 0x00, 0x00, 0x08, 0xd6, 0xfe, 0xff, 0x01, 0x00, 0x00, 0x00,
  0x3f, 0x01, 0x00, 0x00, 0x03, 0x00, 0x00, 0x00, 0x3e, 0x01, 0x00, 0x00,
  0x13, 0x00, 0x00, 0x00, 0x12, 0x00, 0x00, 0x00, 0x6e, 0xda, 0xff, 0xff,
  0x14, 0x00, 0x00, 0x00, 0x00, 0x00, 0x00, 0x17, 0x14, 0x00, 0x00, 0x00,
  0x18, 0x00, 0x00, 0x00, 0x01, 0x00, 0x00, 0x00, 0x1a, 0xda, 0xff, 0xff,
  0x01, 0x00, 0x00, 0x00, 0x01, 0x00, 0x00, 0x00, 0x3e, 0x01, 0x00, 0x00,
  0x02, 0x00, 0x00, 0x00, 0x3d, 0x01, 0x00, 0x00, 0x10, 0x00, 0x00, 0x00,
  0xa2, 0xda, 0xff, 0xff, 0x14, 0x00, 0x00, 0x00, 0x00, 0x00, 0x00, 0x0a,
  0x14, 0x00, 0x00, 0x00, 0x18, 0x00, 0x00, 0x00, 0x08, 0x00, 0x00, 0x00,
  0x4e, 0xda, 0xff, 0xff, 0x01, 0x00, 0x00, 0x00, 0x01, 0x00, 0x00, 0x00,
  0x3d, 0x01, 0x00, 0x00, 0x0f, 0x00, 0x00, 0x00, 0x3c, 0x01, 0x00, 0x00,
  0x3b, 0x01, 0x00, 0x00, 0x3a, 0x01, 0x00, 0x00, 0x39, 0x01, 0x00, 0x00,
  0x38, 0x01, 0x00, 0x00, 0x37, 0x01, 0x00, 0x00, 0x36, 0x01, 0x00, 0x00,
  0x35, 0x01, 0x00, 0x00, 0x34, 0x01, 0x00, 0x00, 0x33, 0x01, 0x00, 0x00,
  0x32, 0x01, 0x00, 0x00, 0x31, 0x01, 0x00, 0x00, 0x30, 0x01, 0x00, 0x00,
  0x2f, 0x01, 0x00, 0x00, 0x2e, 0x01, 0x00, 0x00, 0x7a, 0xda, 0xff, 0xff,
  0x08, 0x00, 0x00, 0x00, 0x0c, 0x00, 0x00, 0x00, 0x01, 0x00, 0x00, 0x00,
  0x3c, 0x01, 0x00, 0x00, 0x02, 0x00, 0x00, 0x00, 0x5b, 0x00, 0x00, 0x00,
  0x11, 0x00, 0x00, 0x00, 0x9a, 0xda, 0xff, 0xff, 0x08, 0x00, 0x00, 0x00,
  0x0c, 0x00, 0x00, 0x00, 0x01, 0x00, 0x00, 0x00, 0x3b, 0x01, 0x00, 0x00,
  0x02, 0x00, 0x00, 0x00, 0x6a, 0x00, 0x00, 0x00, 0x11, 0x00, 0x00, 0x00,
  0xba, 0xda, 0xff, 0xff, 0x08, 0x00, 0x00, 0x00, 0x0c, 0x00, 0x00, 0x00,
  0x01, 0x00, 0x00, 0x00, 0x3a, 0x01, 0x00, 0x00, 0x02, 0x00, 0x00, 0x00,
  0x79, 0x00, 0x00, 0x00, 0x11, 0x00, 0x00, 0x00, 0xda, 0xda, 0xff, 0xff,
  0x08, 0x00, 0x00, 0x00, 0x0c, 0x00, 0x00, 0x00, 0x01, 0x00, 0x00, 0x00,
  0x39, 0x01, 0x00, 0x00, 0x02, 0x00, 0x00, 0x00, 0x88, 0x00, 0x00, 0x00,
  0x11, 0x00, 0x00, 0x00, 0xfa, 0xda, 0xff, 0xff, 0x08, 0x00, 0x00, 0x00,
  0x0c, 0x00, 0x00, 0x00, 0x01, 0x00, 0x00, 0x00, 0x38, 0x01, 0x00, 0x00,
  0x02, 0x00, 0x00, 0x00, 0x97, 0x00, 0x00, 0x00, 0x11, 0x00, 0x00, 0x00,
  0x1a, 0xdb, 0xff, 0xff, 0x08, 0x00, 0x00, 0x00, 0x0c, 0x00, 0x00, 0x00,
  0x01, 0x00, 0x00, 0x00, 0x37, 0x01, 0x00, 0x00, 0x02, 0x00, 0x00, 0x00,
  0xa6, 0x00, 0x00, 0x00, 0x11, 0x00, 0x00, 0x00, 0x3a, 0xdb, 0xff, 0xff,
  0x08, 0x00, 0x00, 0x00, 0x0c, 0x00, 0x00, 0x00, 0x01, 0x00, 0x00, 0x00,
  0x36, 0x01, 0x00, 0x00, 0x02, 0x00, 0x00, 0x00, 0xb5, 0x00, 0x00, 0x00,
  0x11, 0x00, 0x00, 0x00, 0x5a, 0xdb, 0xff, 0xff, 0x08, 0x00, 0x00, 0x00,
  0x0c, 0x00, 0x00, 0x00, 0x01, 0x00, 0x00, 0x00, 0x35, 0x01, 0x00, 0x00,
  0x02, 0x00, 0x00, 0x00, 0xc4, 0x00, 0x00, 0x00, 0x11, 0x00, 0x00, 0x00,
  0x7a, 0xdb, 0xff, 0xff, 0x08, 0x00, 0x00, 0x00, 0x0c, 0x00, 0x00, 0x00,
  0x01, 0x00, 0x00, 0x00, 0x34, 0x01, 0x00, 0x00, 0x02, 0x00, 0x00, 0x00,
  0xd3, 0x00, 0x00, 0x00, 0x11, 0x00, 0x00, 0x00, 0x9a, 0xdb, 0xff, 0xff,
  0x08, 0x00, 0x00, 0x00, 0x0c, 0x00, 0x00, 0x00, 0x01, 0x00, 0x00, 0x00,
  0x33, 0x01, 0x00, 0x00, 0x02, 0x00, 0x00, 0x00, 0xe2, 0x00, 0x00, 0x00,
  0x11, 0x00, 0x00, 0x00, 0xba, 0xdb, 0xff, 0xff, 0x08, 0x00, 0x00, 0x00,
  0x0c, 0x00, 0x00, 0x00, 0x01, 0x00, 0x00, 0x00, 0x32, 0x01, 0x00, 0x00,
  0x02, 0x00, 0x00, 0x00, 0xf1, 0x00, 0x00, 0x00, 0x11, 0x00, 0x00, 0x00,
  0xda, 0xdb, 0xff, 0xff, 0x08, 0x00, 0x00, 0x00, 0x0c, 0x00, 0x00, 0x00,
  0x01, 0x00, 0x00, 0x00, 0x31, 0x01, 0x00, 0x00, 0x02, 0x00, 0x00, 0x00,
  0x00, 0x01, 0x00, 0x00, 0x11, 0x00, 0x00, 0x00, 0xfa, 0xdb, 0xff, 0xff,
  0x08, 0x00, 0x00, 0x00, 0x0c, 0x00, 0x00, 0x00, 0x01, 0x00, 0x00, 0x00,
  0x30, 0x01, 0x00, 0x00, 0x02, 0x00, 0x00, 0x00, 0x0f, 0x01, 0x00, 0x00,
  0x11, 0x00, 0x00, 0x00, 0x1a, 0xdc, 0xff, 0xff, 0x08, 0x00, 0x00, 0x00,
  0x0c, 0x00, 0x00, 0x00, 0x01, 0x00, 0x00, 0x00, 0x2f, 0x01, 0x00, 0x00,
  0x02, 0x00, 0x00, 0x00, 0x1e, 0x01, 0x00, 0x00, 0x11, 0x00, 0x00, 0x00,
  0x3a, 0xdc, 0xff, 0xff, 0x08, 0x00, 0x00, 0x00, 0x0c, 0x00, 0x00, 0x00,
  0x01, 0x00, 0x00, 0x00, 0x2e, 0x01, 0x00, 0x00, 0x02, 0x00, 0x00, 0x00,
  0x2d, 0x01, 0x00, 0x00, 0x11, 0x00, 0x00, 0x00, 0xea, 0xdc, 0xff, 0xff,
  0x14, 0x00, 0x00, 0x00, 0x00, 0x00, 0x00, 0x15, 0x10, 0x00, 0x00, 0x00,
  0x14, 0x00, 0x00, 0x00, 0x06, 0x00, 0x00, 0x00, 0xb8, 0xd8, 0xfe, 0xff,
  0x01, 0x00, 0x00, 0x00, 0x2d, 0x01, 0x00, 0x00, 0x02, 0x00, 0x00, 0x00,
  0x28, 0x01, 0x00, 0x00, 0x2c, 0x01, 0x00, 0x00, 0x36, 0xe3, 0xff, 0xff,
  0x0c, 0x00, 0x00, 0x00, 0x10, 0x00, 0x00, 0x00, 0x05, 0x00, 0x00, 0x00,
  0x01, 0x00, 0x00, 0x00, 0x2c, 0x01, 0x00, 0x00, 0x01, 0x00, 0x00, 0x00,
  0x2b, 0x01, 0x00, 0x00, 0x3a, 0xdd, 0xff, 0xff, 0x14, 0x00, 0x00, 0x00,
  0x00, 0x00, 0x00, 0x0b, 0x10, 0x00, 0x00, 0x00, 0x14, 0x00, 0x00, 0x00,
  0x07, 0x00, 0x00, 0x00, 0x08, 0xd9, 0xfe, 0xff, 0x01, 0x00, 0x00, 0x00,
  0x2b, 0x01, 0x00, 0x00, 0x02, 0x00, 0x00, 0x00, 0x27, 0x01, 0x00, 0x00,
  0x2a, 0x01, 0x00, 0x00, 0x6a, 0xdd, 0xff, 0xff, 0x14, 0x00, 0x00, 0x00,
  0x00, 0x00, 0x00, 0x15, 0x10, 0x00, 0x00, 0x00, 0x14, 0x00, 0x00, 0x00,
  0x06, 0x00, 0x00, 0x00, 0x38, 0xd9, 0xfe, 0xff, 0x01, 0x00, 0x00, 0x00,
  0x2a, 0x01, 0x00, 0x00, 0x02, 0x00, 0x00, 0x00, 0x25, 0x01, 0x00, 0x00,
  0x29, 0x01, 0x00, 0x00, 0xb6, 0xe3, 0xff, 0xff, 0x0c, 0x00, 0x00, 0x00,
  0x10, 0x00, 0x00, 0x00, 0x05, 0x00, 0x00, 0x00, 0x01, 0x00, 0x00, 0x00,
  0x29, 0x01, 0x00, 0x00, 0x01, 0x00, 0x00, 0x00, 0x23, 0x01, 0x00, 0x00,
  0xd6, 0xe3, 0xff, 0xff, 0x0c, 0x00, 0x00, 0x00, 0x10, 0x00, 0x00, 0x00,
  0x04, 0x00, 0x00, 0x00, 0x01, 0x00, 0x00, 0x00, 0x28, 0x01, 0x00, 0x00,
  0x01, 0x00, 0x00, 0x00, 0x24, 0x01, 0x00, 0x00, 0xda, 0xdd, 0xff, 0xff,
  0x14, 0x00, 0x00, 0x00, 0x00, 0x00, 0x00, 0x15, 0x10, 0x00, 0x00, 0x00,
  0x14, 0x00, 0x00, 0x00, 0x06, 0x00, 0x00, 0x00, 0xa8, 0xd9, 0xfe, 0xff,
  0x01, 0x00, 0x00, 0x00, 0x27, 0x01, 0x00, 0x00, 0x02, 0x00, 0x00, 0x00,
  0x26, 0x01, 0x00, 0x00, 0x1c, 0x01, 0x00, 0x00, 0x26, 0xe4, 0xff, 0xff,
  0x0c, 0x00, 0x00, 0x00, 0x10, 0x00, 0x00, 0x00, 0x04, 0x00, 0x00, 0x00,
  0x01, 0x00, 0x00, 0x00, 0x26, 0x01, 0x00, 0x00, 0x01, 0x00, 0x00, 0x00,
  0x22, 0x01, 0x00, 0x00, 0x46, 0xe4, 0xff, 0xff, 0x0c, 0x00, 0x00, 0x00,
  0x10, 0x00, 0x00, 0x00, 0x04, 0x00, 0x00, 0x00, 0x01, 0x00, 0x00, 0x00,
  0x25, 0x01, 0x00, 0x00, 0x01, 0x00, 0x00, 0x00, 0x21, 0x01, 0x00, 0x00,
  0x4a, 0xde, 0xff, 0xff, 0x14, 0x00, 0x00, 0x00, 0x00, 0x00, 0x00, 0x23,
  0x14, 0x00, 0x00, 0x00, 0x24, 0x00, 0x00, 0x00, 0x03, 0x00, 0x00, 0x00,
  0xf6, 0xdd, 0xff, 0xff, 0x04, 0x00, 0x00, 0x00, 0x04, 0x00, 0x00, 0x00,
  0x21, 0x01, 0x00, 0x00, 0x22, 0x01, 0x00, 0x00, 0x23, 0x01, 0x00, 0x00,
  0x24, 0x01, 0x00, 0x00, 0x02, 0x00, 0x00, 0x00, 0x03, 0x00, 0x00, 0x00,
  0x20, 0x01, 0x00, 0x00, 0x8a, 0xde, 0xff, 0xff, 0x14, 0x00, 0x00, 0x00,
  0x00, 0x00, 0x00, 0x0b, 0x10, 0x00, 0x00, 0x00, 0x14, 0x00, 0x00, 0x00,
  0x07, 0x00, 0x00, 0x00, 0x58, 0xda, 0xfe, 0xff, 0x01, 0x00, 0x00, 0x00,
  0x20, 0x01, 0x00, 0x00, 0x02, 0x00, 0x00, 0x00, 0x1f, 0x01, 0x00, 0x00,
  0x46, 0x00, 0x00, 0x00, 0xba, 0xde, 0xff, 0xff, 0x14, 0x00, 0x00, 0x00,
  0x00, 0x00, 0x00, 0x08, 0x10, 0x00, 0x00, 0x00, 0x14, 0x00, 0x00, 0x00,
  0x02, 0x00, 0x00, 0x00, 0x88, 0xda, 0xfe, 0xff, 0x01, 0x00, 0x00, 0x00,
  0x1f, 0x01, 0x00, 0x00, 0x03, 0x00, 0x00, 0x00, 0x1e, 0x01, 0x00, 0x00,
  0x22, 0x00, 0x00, 0x00, 0x21, 0x00, 0x00, 0x00, 0xee, 0xde, 0xff, 0xff,
  0x14, 0x00, 0x00, 0x00, 0x00, 0x00, 0x00, 0x15, 0x10, 0x00, 0x00, 0x00,
  0x14, 0x00, 0x00, 0x00, 0x06, 0x00, 0x00, 0x00, 0xbc, 0xda, 0xfe, 0xff,
  0x01, 0x00, 0x00, 0x00, 0x1e, 0x01, 0x00, 0x00, 0x02, 0x00, 0x00, 0x00,
  0x19, 0x01, 0x00, 0x00, 0x1d, 0x01, 0x00, 0x00, 0x3a, 0xe5, 0xff, 0xff,
  0x0c, 0x00, 0x00, 0x00, 0x10, 0x00, 0x00, 0x00, 0x05, 0x00, 0x00, 0x00,
  0x01, 0x00, 0x00, 0x00, 0x1d, 0x01, 0x00, 0x00, 0x01, 0x00, 0x00, 0x00,
  0x1c, 0x01, 0x00, 0x00, 0x3e, 0xdf, 0xff, 0xff, 0x14, 0x00, 0x00, 0x00,
  0x00, 0x00, 0x00, 0x0b, 0x10, 0x00, 0x00, 0x00, 0x14, 0x00, 0x00, 0x00,
  0x07, 0x00, 0x00, 0x00, 0x0c, 0xdb, 0xfe, 0xff, 0x01, 0x00, 0x00, 0x00,
  0x1c, 0x01, 0x00, 0x00, 0x02, 0x00, 0x00, 0x00, 0x18, 0x01, 0x00, 0x00,
  0x1b, 0x01, 0x00, 0x00, 0x6e, 0xdf, 0xff, 0xff, 0x14, 0x00, 0x00, 0x00,
  0x00, 0x00, 0x00, 0x15, 0x10, 0x00, 0x00, 0x00, 0x14, 0x00, 0x00, 0x00,
  0x06, 0x00, 0x00, 0x00, 0x3c, 0xdb, 0xfe, 0xff, 0x01, 0x00, 0x00, 0x00,
  0x1b, 0x01, 0x00, 0x00, 0x02, 0x00, 0x00, 0x00, 0x16, 0x01, 0x00, 0x00,
  0x1a, 0x01, 0x00, 0x00, 0xba, 0xe5, 0xff, 0xff, 0x0c, 0x00, 0x00, 0x00,
  0x10, 0x00, 0x00, 0x00, 0x05, 0x00, 0x00, 0x00, 0x01, 0x00, 0x00, 0x00,
  0x1a, 0x01, 0x00, 0x00, 0x01, 0x00, 0x00, 0x00, 0x14, 0x01, 0x00, 0x00,
  0xda, 0xe5, 0xff, 0xff, 0x0c, 0x00, 0x00, 0x00, 0x10, 0x00, 0x00, 0x00,
  0x04, 0x00, 0x00, 0x00, 0x01, 0x00, 0x00, 0x00, 0x19, 0x01, 0x00, 0x00,
  0x01, 0x00, 0x00, 0x00, 0x15, 0x01, 0x00, 0x00, 0xde, 0xdf, 0xff, 0xff,
  0x14, 0x00, 0x00, 0x00, 0x00, 0x00, 0x00, 0x15, 0x10, 0x00, 0x00, 0x00,
  0x14, 0x00, 0x00, 0x00, 0x06, 0x00, 0x00, 0x00, 0xac, 0xdb, 0xfe, 0xff,
  0x01, 0x00, 0x00, 0x00, 0x18, 0x01, 0x00, 0x00, 0x02, 0x00, 0x00, 0x00,
  0x17, 0x01, 0x00, 0x00, 0x0d, 0x01, 0x00, 0x00, 0x2a, 0xe6, 0xff, 0xff,
  0x0c, 0x00, 0x00, 0x00, 0x10, 0x00, 0x00, 0x00, 0x04, 0x00, 0x00, 0x00,
  0x01, 0x00, 0x00, 0x00, 0x17, 0x01, 0x00, 0x00, 0x01, 0x00, 0x00, 0x00,
  0x13, 0x01, 0x00, 0x00, 0x4a, 0xe6, 0xff, 0xff, 0x0c, 0x00, 0x00, 0x00,
  0x10, 0x00, 0x00, 0x00, 0x04, 0x00, 0x00, 0x00, 0x01, 0x00, 0x00, 0x00,
  0x16, 0x01, 0x00, 0x00, 0x01, 0x00, 0x00, 0x00, 0x12, 0x01, 0x00, 0x00,
  0x4e, 0xe0, 0xff, 0xff, 0x14, 0x00, 0x00, 0x00, 0x00, 0x00, 0x00, 0x23,
  0x14, 0x00, 0x00, 0x00, 0x24, 0x00, 0x00, 0x00, 0x03, 0x00, 0x00, 0x00,
  0xfa, 0xdf, 0xff, 0xff, 0x04, 0x00, 0x00, 0x00, 0x04, 0x00, 0x00, 0x00,
  0x12, 0x01, 0x00, 0x00, 0x13, 0x01, 0x00, 0x00, 0x14, 0x01, 0x00, 0x00,
  0x15, 0x01, 0x00, 0x00, 0x02, 0x00, 0x00, 0x00, 0x03, 0x00, 0x00, 0x00,
  0x11, 0x01, 0x00, 0x00, 0x8e, 0xe0, 0xff, 0xff, 0x14, 0x00, 0x00, 0x00,
  0x00, 0x00, 0x00, 0x0b, 0x10, 0x00, 0x00, 0x00, 0x14, 0x00, 0x00, 0x00,
  0x07, 0x00, 0x00, 0x00, 0x5c, 0xdc, 0xfe, 0xff, 0x01, 0x00, 0x00, 0x00,
  0x11, 0x01, 0x00, 0x00, 0x02, 0x00, 0x00, 0x00, 0x10, 0x01, 0x00, 0x00,
  0x45, 0x00, 0x00, 0x00, 0xbe, 0xe0, 0xff, 0xff, 0x14, 0x00, 0x00, 0x00,
  0x00, 0x00, 0x00, 0x08, 0x10, 0x00, 0x00, 0x00, 0x14, 0x00, 0x00, 0x00,
  0x02, 0x00, 0x00, 0x00, 0x8c, 0xdc, 0xfe, 0xff, 0x01, 0x00, 0x00, 0x00,
  0x10, 0x01, 0x00, 0x00, 0x03, 0x00, 0x00, 0x00, 0x0f, 0x01, 0x00, 0x00,
  0x22, 0x00, 0x00, 0x00, 0x20, 0x00, 0x00, 0x00, 0xf2, 0xe0, 0xff, 0xff,
  0x14, 0x00, 0x00, 0x00, 0x00, 0x00, 0x00, 0x15, 0x10, 0x00, 0x00, 0x00,
  0x14, 0x00, 0x00, 0x00, 0x06, 0x00, 0x00, 0x00, 0xc0, 0xdc, 0xfe, 0xff,
  0x01, 0x00, 0x00, 0x00, 0x0f, 0x01, 0x00, 0x00, 0x02, 0x00, 0x00, 0x00,
  0x0a, 0x01, 0x00, 0x00, 0x0e, 0x01, 0x00, 0x00, 0x3e, 0xe7, 0xff, 0xff,
  0x0c, 0x00, 0x00, 0x00, 0x10, 0x00, 0x00, 0x00, 0x05, 0x00, 0x00, 0x00,
  0x01, 0x00, 0x00, 0x00, 0x0e, 0x01, 0x00, 0x00, 0x01, 0x00, 0x00, 0x00,
  0x0d, 0x01, 0x00, 0x00, 0x42, 0xe1, 0xff, 0xff, 0x14, 0x00, 0x00, 0x00,
  0x00, 0x00, 0x00, 0x0b, 0x10, 0x00, 0x00, 0x00, 0x14, 0x00, 0x00, 0x00,
  0x07, 0x00, 0x00, 0x00, 0x10, 0xdd, 0xfe, 0xff, 0x01, 0x00, 0x00, 0x00,
  0x0d, 0x01, 0x00, 0x00, 0x02, 0x00, 0x00, 0x00, 0x09, 0x01, 0x00, 0x00,
  0x0c, 0x01, 0x00, 0x00, 0x72, 0xe1, 0xff, 0xff, 0x14, 0x00, 0x00, 0x00,
  0x00, 0x00, 0x00, 0x15, 0x10, 0x00, 0x00, 0x00, 0x14, 0x00, 0x00, 0x00,
  0x06, 0x00, 0x00, 0x00, 0x40, 0xdd, 0xfe, 0xff, 0x01, 0x00, 0x00, 0x00,
  0x0c, 0x01, 0x00, 0x00, 0x02, 0x00, 0x00, 0x00, 0x07, 0x01, 0x00, 0x00,
  0x0b, 0x01, 0x00, 0x00, 0xbe, 0xe7, 0xff, 0xff, 0x0c, 0x00, 0x00, 0x00,
  0x10, 0x00, 0x00, 0x00, 0x05, 0x00, 0x00, 0x00, 0x01, 0x00, 0x00, 0x00,
  0x0b, 0x01, 0x00, 0x00, 0x01, 0x00, 0x00, 0x00, 0x05, 0x01, 0x00, 0x00,
  0xde, 0xe7, 0xff, 0xff, 0x0c, 0x00, 0x00, 0x00, 0x10, 0x00, 0x00, 0x00,
  0x04, 0x00, 0x00, 0x00, 0x01, 0x00, 0x00, 0x00, 0x0a, 0x01, 0x00, 0x00,
  0x01, 0x00, 0x00, 0x00, 0x06, 0x01, 0x00, 0x00, 0xe2, 0xe1, 0xff, 0xff,
  0x14, 0x00, 0x00, 0x00, 0x00, 0x00, 0x00, 0x15, 0x10, 0x00, 0x00, 0x00,
  0x14, 0x00, 0x00, 0x00, 0x06, 0x00, 0x00, 0x00, 0xb0, 0xdd, 0xfe, 0xff,
  0x01, 0x00, 0x00, 0x00, 0x09, 0x01, 0x00, 0x00, 0x02, 0x00, 0x00, 0x00,
  0x08, 0x01, 0x00, 0x00, 0xfe, 0x00, 0x00, 0x00, 0x2e, 0xe8, 0xff, 0xff,
  0x0c, 0x00, 0x00, 0x00, 0x10, 0x00, 0x00, 0x00, 0x04, 0x00, 0x00, 0x00,
  0x01, 0x00, 0x00, 0x00, 0x08, 0x01, 0x00, 0x00, 0x01, 0x00, 0x00, 0x00,
  0x04, 0x01, 0x00, 0x00, 0x4e, 0xe8, 0xff, 0xff, 0x0c, 0x00, 0x00, 0x00,
  0x10, 0x00, 0x00, 0x00, 0x04, 0x00, 0x00, 0x00, 0x01, 0x00, 0x00, 0x00,
  0x07, 0x01, 0x00, 0x00, 0x01, 0x00, 0x00, 0x00, 0x03, 0x01, 0x00, 0x00,
  0x52, 0xe2, 0xff, 0xff, 0x14, 0x00, 0x00, 0x00, 0x00, 0x00, 0x00, 0x23,
  0x14, 0x00, 0x00, 0x00, 0x24, 0x00, 0x00, 0x00, 0x03, 0x00, 0x00, 0x00,
  0xfe, 0xe1, 0xff, 0xff, 0x04, 0x00, 0x00, 0x00, 0x04, 0x00, 0x00, 0x00,
  0x03, 0x01, 0x00, 0x00, 0x04, 0x01, 0x00, 0x00, 0x05, 0x01, 0x00, 0x00,
  0x06, 0x01, 0x00, 0x00, 0x02, 0x00, 0x00, 0x00, 0x03, 0x00, 0x00, 0x00,
  0x02, 0x01, 0x00, 0x00, 0x92, 0xe2, 0xff, 0xff, 0x14, 0x00, 0x00, 0x00,
  0x00, 0x00, 0x00, 0x0b, 0x10, 0x00, 0x00, 0x00, 0x14, 0x00, 0x00, 0x00,
  0x07, 0x00, 0x00, 0x00, 0x60, 0xde, 0xfe, 0xff, 0x01, 0x00, 0x00, 0x00,
  0x02, 0x01, 0x00, 0x00, 0x02, 0x00, 0x00, 0x00, 0x01, 0x01, 0x00, 0x00,
  0x44, 0x00, 0x00, 0x00, 0xc2, 0xe2, 0xff, 0xff, 0x14, 0x00, 0x00, 0x00,
  0x00, 0x00, 0x00, 0x08, 0x10, 0x00, 0x00, 0x00, 0x14, 0x00, 0x00, 0x00,
  0x02, 0x00, 0x00, 0x00, 0x90, 0xde, 0xfe, 0xff, 0x01, 0x00, 0x00, 0x00,
  0x01, 0x01, 0x00, 0x00, 0x03, 0x00, 0x00, 0x00, 0x00, 0x01, 0x00, 0x00,
  0x22, 0x00, 0x00, 0x00, 0x1f, 0x00, 0x00, 0x00, 0xf6, 0xe2, 0xff, 0xff,
  0x14, 0x00, 0x00, 0x00, 0x00, 0x00, 0x00, 0x15, 0x10, 0x00, 0x00, 0x00,
  0x14, 0x00, 0x00, 0x00, 0x06, 0x00, 0x00, 0x00, 0xc4, 0xde, 0xfe, 0xff,
  0x01, 0x00, 0x00, 0x00, 0x00, 0x01, 0x00, 0x00, 0x02, 0x00, 0x00, 0x00,
  0xfb, 0x00, 0x00, 0x00, 0xff, 0x00, 0x00, 0x00, 0x42, 0xe9, 0xff, 0xff,
  0x0c, 0x00, 0x00, 0x00, 0x10, 0x00, 0x00, 0x00, 0x05, 0x00, 0x00, 0x00,
  0x01, 0x00, 0x00, 0x00, 0xff, 0x00, 0x00, 0x00, 0x01, 0x00, 0x00, 0x00,
  0xfe, 0x00, 0x00, 0x00, 0x46, 0xe3, 0xff, 0xff, 0x14, 0x00, 0x00, 0x00,
  0x00, 0x00, 0x00, 0x0b, 0x10, 0x00, 0x00, 0x00, 0x14, 0x00, 0x00, 0x00,
  0x07, 0x00, 0x00, 0x00, 0x14, 0xdf, 0xfe, 0xff, 0x01, 0x00, 0x00, 0x00,
  0xfe, 0x00, 0x00, 0x00, 0x02, 0x00, 0x00, 0x00, 0xfa, 0x00, 0x00, 0x00,
  0xfd, 0x00, 0x00, 0x00, 0x76, 0xe3, 0xff, 0xff, 0x14, 0x00, 0x00, 0x00,
  0x00, 0x00, 0x00, 0x15, 0x10, 0x00, 0x00, 0x00, 0x14, 0x00, 0x00, 0x00,
  0x06, 0x00, 0x00, 0x00, 0x44, 0xdf, 0xfe, 0xff, 0x01, 0x00, 0x00, 0x00,
  0xfd, 0x00, 0x00, 0x00, 0x02, 0x00, 0x00, 0x00, 0xf8, 0x00, 0x00, 0x00,
  0xfc, 0x00, 0x00, 0x00, 0xc2, 0xe9, 0xff, 0xff, 0x0c, 0x00, 0x00, 0x00,
  0x10, 0x00, 0x00, 0x00, 0x05, 0x00, 0x00, 0x00, 0x01, 0x00, 0x00, 0x00,
  0xfc, 0x00, 0x00, 0x00, 0x01, 0x00, 0x00, 0x00, 0xf6, 0x00, 0x00, 0x00,
  0xe2, 0xe9, 0xff, 0xff, 0x0c, 0x00, 0x00, 0x00, 0x10, 0x00, 0x00, 0x00,
  0x04, 0x00, 0x00, 0x00, 0x01, 0x00, 0x00, 0x00, 0xfb, 0x00, 0x00, 0x00,
  0x01, 0x00, 0x00, 0x00, 0xf7, 0x00, 0x00, 0x00, 0xe6, 0xe3, 0xff, 0xff,
  0x14, 0x00, 0x00, 0x00, 0x00, 0x00, 0x00, 0x15, 0x10, 0x00, 0x00, 0x00,
  0x14, 0x00, 0x00, 0x00, 0x06, 0x00, 0x00, 0x00, 0xb4, 0xdf, 0xfe, 0xff,
  0x01, 0x00, 0x00, 0x00, 0xfa, 0x00, 0x00, 0x00, 0x02, 0x00, 0x00, 0x00,
  0xf9, 0x00, 0x00, 0x00, 0xef, 0x00, 0x00, 0x00, 0x32, 0xea, 0xff, 0xff,
  0x0c, 0x00, 0x00, 0x00, 0x10, 0x00, 0x00, 0x00, 0x04, 0x00, 0x00, 0x00,
  0x01, 0x00, 0x00, 0x00, 0xf9, 0x00, 0x00, 0x00, 0x01, 0x00, 0x00, 0x00,
  0xf5, 0x00, 0x00, 0x00, 0x52, 0xea, 0xff, 0xff, 0x0c, 0x00, 0x00, 0x00,
  0x10, 0x00, 0x00, 0x00, 0x04, 0x00, 0x00, 0x00, 0x01, 0x00, 0x00, 0x00,
  0xf8, 0x00, 0x00, 0x00, 0x01, 0x00, 0x00, 0x00, 0xf4, 0x00, 0x00, 0x00,
  0x56, 0xe4, 0xff, 0xff, 0x14, 0x00, 0x00, 0x00, 0x00, 0x00, 0x00, 0x23,
  0x14, 0x00, 0x00, 0x00, 0x24, 0x00, 0x00, 0x00, 0x03, 0x00, 0x00, 0x00,
  0x02, 0xe4, 0xff, 0xff, 0x04, 0x00, 0x00, 0x00, 0x04, 0x00, 0x00, 0x00,
  0xf4, 0x00, 0x00, 0x00, 0xf5, 0x00, 0x00, 0x00, 0xf6, 0x00, 0x00, 0x00,
  0xf7, 0x00, 0x00, 0x00, 0x02, 0x00, 0x00, 0x00, 0x03, 0x00, 0x00, 0x00,
  0xf3, 0x00, 0x00, 0x00, 0x96, 0xe4, 0xff, 0xff, 0x14, 0x00, 0x00, 0x00,
  0x00, 0x00, 0x00, 0x0b, 0x10, 0x00, 0x00, 0x00, 0x14, 0x00, 0x00, 0x00,
  0x07, 0x00, 0x00, 0x00, 0x64, 0xe0, 0xfe, 0xff, 0x01, 0x00, 0x00, 0x00,
  0xf3, 0x00, 0x00, 0x00, 0x02, 0x00, 0x00, 0x00, 0xf2, 0x00, 0x00, 0x00,
  0x43, 0x00, 0x00, 0x00, 0xc6, 0xe4, 0xff, 0xff, 0x14, 0x00, 0x00, 0x00,
  0x00, 0x00, 0x00, 0x08, 0x10, 0x00, 0x00, 0x00, 0x14, 0x00, 0x00, 0x00,
  0x02, 0x00, 0x00, 0x00, 0x94, 0xe0, 0xfe, 0xff, 0x01, 0x00, 0x00, 0x00,
  0xf2, 0x00, 0x00, 0x00, 0x03, 0x00, 0x00, 0x00, 0xf1, 0x00, 0x00, 0x00,
  0x22, 0x00, 0x00, 0x00, 0x1e, 0x00, 0x00, 0x00, 0xfa, 0xe4, 0xff, 0xff,
  0x14, 0x00, 0x00, 0x00, 0x00, 0x00, 0x00, 0x15, 0x10, 0x00, 0x00, 0x00,
  0x14, 0x00, 0x00, 0x00, 0x06, 0x00, 0x00, 0x00, 0xc8, 0xe0, 0xfe, 0xff,
  0x01, 0x00, 0x00, 0x00, 0xf1, 0x00, 0x00, 0x00, 0x02, 0x00, 0x00, 0x00,
  0xec, 0x00, 0x00, 0x00, 0xf0, 0x00, 0x00, 0x00, 0x46, 0xeb, 0xff, 0xff,
  0x0c, 0x00, 0x00, 0x00, 0x10, 0x00, 0x00, 0x00, 0x05, 0x00, 0x00, 0x00,
  0x01, 0x00, 0x00, 0x00, 0xf0, 0x00, 0x00, 0x00, 0x01, 0x00, 0x00, 0x00,
  0xef, 0x00, 0x00, 0x00, 0x4a, 0xe5, 0xff, 0xff, 0x14, 0x00, 0x00, 0x00,
  0x00, 0x00, 0x00, 0x0b, 0x10, 0x00, 0x00, 0x00, 0x14, 0x00, 0x00, 0x00,
  0x07, 0x00, 0x00, 0x00, 0x18, 0xe1, 0xfe, 0xff, 0x01, 0x00, 0x00, 0x00,
  0xef, 0x00, 0x00, 0x00, 0x02, 0x00, 0x00, 0x00, 0xeb, 0x00, 0x00, 0x00,
  0xee, 0x00, 0x00, 0x00, 0x7a, 0xe5, 0xff, 0xff, 0x14, 0x00, 0x00, 0x00,
  0x00, 0x00, 0x00, 0x15, 0x10, 0x00, 0x00, 0x00, 0x14, 0x00, 0x00, 0x00,
  0x06, 0x00, 0x00, 0x00, 0x48, 0xe1, 0xfe, 0xff, 0x01, 0x00, 0x00, 0x00,
  0xee, 0x00, 0x00, 0x00, 0x02, 0x00, 0x00, 0x00, 0xe9, 0x00, 0x00, 0x00,
  0xed, 0x00, 0x00, 0x00, 0xc6, 0xeb, 0xff, 0xff, 0x0c, 0x00, 0x00, 0x00,
  0x10, 0x00, 0x00, 0x00, 0x05, 0x00, 0x00, 0x00, 0x01, 0x00, 0x00, 0x00,
  0xed, 0x00, 0x00, 0x00, 0x01, 0x00, 0x00, 0x00, 0xe7, 0x00, 0x00, 0x00,
  0xe6, 0xeb, 0xff, 0xff, 0x0c, 0x00, 0x00, 0x00, 0x10, 0x00, 0x00, 0x00,
  0x04, 0x00, 0x00, 0x00, 0x01, 0x00, 0x00, 0x00, 0xec, 0x00, 0x00, 0x00,
  0x01, 0x00, 0x00, 0x00, 0xe8, 0x00, 0x00, 0x00, 0xea, 0xe5, 0xff, 0xff,
  0x14, 0x00, 0x00, 0x00, 0x00, 0x00, 0x00, 0x15, 0x10, 0x00, 0x00, 0x00,
  0x14, 0x00, 0x00, 0x00, 0x06, 0x00, 0x00, 0x00, 0xb8, 0xe1, 0xfe, 0xff,
  0x01, 0x00, 0x00, 0x00, 0xeb, 0x00, 0x00, 0x00, 0x02, 0x00, 0x00, 0x00,
  0xea, 0x00, 0x00, 0x00, 0xe0, 0x00, 0x00, 0x00, 0x36, 0xec, 0xff, 0xff,
  0x0c, 0x00, 0x00, 0x00, 0x10, 0x00, 0x00, 0x00, 0x04, 0x00, 0x00, 0x00,
  0x01, 0x00, 0x00, 0x00, 0xea, 0x00, 0x00, 0x00, 0x01, 0x00, 0x00, 0x00,
  0xe6, 0x00, 0x00, 0x00, 0x56, 0xec, 0xff, 0xff, 0x0c, 0x00, 0x00, 0x00,
  0x10, 0x00, 0x00, 0x00, 0x04, 0x00, 0x00, 0x00, 0x01, 0x00, 0x00, 0x00,
  0xe9, 0x00, 0x00, 0x00, 0x01, 0x00, 0x00, 0x00, 0xe5, 0x00, 0x00, 0x00,
  0x5a, 0xe6, 0xff, 0xff, 0x14, 0x00, 0x00, 0x00, 0x00, 0x00, 0x00, 0x23,
  0x14, 0x00, 0x00, 0x00, 0x24, 0x00, 0x00, 0x00, 0x03, 0x00, 0x00, 0x00,
  0x06, 0xe6, 0xff, 0xff, 0x04, 0x00, 0x00, 0x00, 0x04, 0x00, 0x00, 0x00,
  0xe5, 0x00, 0x00, 0x00, 0xe6, 0x00, 0x00, 0x00, 0xe7, 0x00, 0x00, 0x00,
  0xe8, 0x00, 0x00, 0x00, 0x02, 0x00, 0x00, 0x00, 0x03, 0x00, 0x00, 0x00,
  0xe4, 0x00, 0x00, 0x00, 0x9a, 0xe6, 0xff, 0xff, 0x14, 0x00, 0x00, 0x00,
  0x00, 0x00, 0x00, 0x0b, 0x10, 0x00, 0x00, 0x00, 0x14, 0x00, 0x00, 0x00,
  0x07, 0x00, 0x00, 0x00, 0x68, 0xe2, 0xfe, 0xff, 0x01, 0x00, 0x00, 0x00,
  0xe4, 0x00, 0x00, 0x00, 0x02, 0x00, 0x00, 0x00, 0xe3, 0x00, 0x00, 0x00,
  0x50, 0x00, 0x00, 0x00, 0xca, 0xe6, 0xff, 0xff, 0x14, 0x00, 0x00, 0x00,
  0x00, 0x00, 0x00, 0x08, 0x10, 0x00, 0x00, 0x00, 0x14, 0x00, 0x00, 0x00,
  0x02, 0x00, 0x00, 0x00, 0x98, 0xe2, 0xfe, 0xff, 0x01, 0x00, 0x00, 0x00,
  0xe3, 0x00, 0x00, 0x00, 0x03, 0x00, 0x00, 0x00, 0xe2, 0x00, 0x00, 0x00,
  0x22, 0x00, 0x00, 0x00, 0x1d, 0x00, 0x00, 0x00, 0xfe, 0xe6, 0xff, 0xff,
  0x14, 0x00, 0x00, 0x00, 0x00, 0x00, 0x00, 0x15, 0x10, 0x00, 0x00, 0x00,
  0x14, 0x00, 0x00, 0x00, 0x06, 0x00, 0x00, 0x00, 0xcc, 0xe2, 0xfe, 0xff,
  0x01, 0x00, 0x00, 0x00, 0xe2, 0x00, 0x00, 0x00, 0x02, 0x00, 0x00, 0x00,
  0xdd, 0x00, 0x00, 0x00, 0xe1, 0x00, 0x00, 0x00, 0x4a, 0xed, 0xff, 0xff,
  0x0c, 0x00, 0x00, 0x00, 0x10, 0x00, 0x00, 0x00, 0x05, 0x00, 0x00, 0x00,
  0x01, 0x00, 0x00, 0x00, 0xe1, 0x00, 0x00, 0x00, 0x01, 0x00, 0x00, 0x00,
  0xe0, 0x00, 0x00, 0x00, 0x4e, 0xe7, 0xff, 0xff, 0x14, 0x00, 0x00, 0x00,
  0x00, 0x00, 0x00, 0x0b, 0x10, 0x00, 0x00, 0x00, 0x14, 0x00, 0x00, 0x00,
  0x07, 0x00, 0x00, 0x00, 0x1c, 0xe3, 0xfe, 0xff, 0x01, 0x00, 0x00, 0x00,
  0xe0, 0x00, 0x00, 0x00, 0x02, 0x00, 0x00, 0x00, 0xdc, 0x00, 0x00, 0x00,
  0xdf, 0x00, 0x00, 0x00, 0x7e, 0xe7, 0xff, 0xff, 0x14, 0x00, 0x00, 0x00,
  0x00, 0x00, 0x00, 0x15, 0x10, 0x00, 0x00, 0x00, 0x14, 0x00, 0x00, 0x00,
  0x06, 0x00, 0x00, 0x00, 0x4c, 0xe3, 0xfe, 0xff, 0x01, 0x00, 0x00, 0x00,
  0xdf, 0x00, 0x00, 0x00, 0x02, 0x00, 0x00, 0x00, 0xda, 0x00, 0x00, 0x00,
  0xde, 0x00, 0x00, 0x00, 0xca, 0xed, 0xff, 0xff, 0x0c, 0x00, 0x00, 0x00,
  0x10, 0x00, 0x00, 0x00, 0x05, 0x00, 0x00, 0x00, 0x01, 0x00, 0x00, 0x00,
  0xde, 0x00, 0x00, 0x00, 0x01, 0x00, 0x00, 0x00, 0xd8, 0x00, 0x00, 0x00,
  0xea, 0xed, 0xff, 0xff, 0x0c, 0x00, 0x00, 0x00, 0x10, 0x00, 0x00, 0x00,
  0x04, 0x00, 0x00, 0x00, 0x01, 0x00, 0x00, 0x00, 0xdd, 0x00, 0x00, 0x00,
  0x01, 0x00, 0x00, 0x00, 0xd9, 0x00, 0x00, 0x00, 0xee, 0xe7, 0xff, 0xff,
  0x14, 0x00, 0x00, 0x00, 0x00, 0x00, 0x00, 0x15, 0x10, 0x00, 0x00, 0x00,
  0x14, 0x00, 0x00, 0x00, 0x06, 0x00, 0x00, 0x00, 0xbc, 0xe3, 0xfe, 0xff,
  0x01, 0x00, 0x00, 0x00, 0xdc, 0x00, 0x00, 0x00, 0x02, 0x00, 0x00, 0x00,
  0xdb, 0x00, 0x00, 0x00, 0xd1, 0x00, 0x00, 0x00, 0x3a, 0xee, 0xff, 0xff,
  0x0c, 0x00, 0x00, 0x00, 0x10, 0x00, 0x00, 0x00, 0x04, 0x00, 0x00, 0x00,
  0x01, 0x00, 0x00, 0x00, 0xdb, 0x00, 0x00, 0x00, 0x01, 0x00, 0x00, 0x00,
  0xd7, 0x00, 0x00, 0x00, 0x5a, 0xee, 0xff, 0xff, 0x0c, 0x00, 0x00, 0x00,
  0x10, 0x00, 0x00, 0x00, 0x04, 0x00, 0x00, 0x00, 0x01, 0x00, 0x00, 0x00,
  0xda, 0x00, 0x00, 0x00, 0x01, 0x00, 0x00, 0x00, 0xd6, 0x00, 0x00, 0x00,
  0x5e, 0xe8, 0xff, 0xff, 0x14, 0x00, 0x00, 0x00, 0x00, 0x00, 0x00, 0x23,
  0x14, 0x00, 0x00, 0x00, 0x24, 0x00, 0x00, 0x00, 0x03, 0x00, 0x00, 0x00,
  0x0a, 0xe8, 0xff, 0xff, 0x04, 0x00, 0x00, 0x00, 0x04, 0x00, 0x00, 0x00,
  0xd6, 0x00, 0x00, 0x00, 0xd7, 0x00, 0x00, 0x00, 0xd8, 0x00, 0x00, 0x00,
  0xd9, 0x00, 0x00, 0x00, 0x02, 0x00, 0x00, 0x00, 0x03, 0x00, 0x00, 0x00,
  0xd5, 0x00, 0x00, 0x00, 0x9e, 0xe8, 0xff, 0xff, 0x14, 0x00, 0x00, 0x00,
  0x00, 0x00, 0x00, 0x0b, 0x10, 0x00, 0x00, 0x00, 0x14, 0x00, 0x00, 0x00,
  0x07, 0x00, 0x00, 0x00, 0x6c, 0xe4, 0xfe, 0xff, 0x01, 0x00, 0x00, 0x00,
  0xd5, 0x00, 0x00, 0x00, 0x02, 0x00, 0x00, 0x00, 0xd4, 0x00, 0x00, 0x00,
  0x4f, 0x00, 0x00, 0x00, 0xce, 0xe8, 0xff, 0xff, 0x14, 0x00, 0x00, 0x00,
  0x00, 0x00, 0x00, 0x08, 0x10, 0x00, 0x00, 0x00, 0x14, 0x00, 0x00, 0x00,
  0x02, 0x00, 0x00, 0x00, 0x9c, 0xe4, 0xfe, 0xff, 0x01, 0x00, 0x00, 0x00,
  0xd4, 0x00, 0x00, 0x00, 0x03, 0x00, 0x00, 0x00, 0xd3, 0x00, 0x00, 0x00,
  0x22, 0x00, 0x00, 0x00, 0x1c, 0x00, 0x00, 0x00, 0x02, 0xe9, 0xff, 0xff,
  0x14, 0x00, 0x00, 0x00, 0x00, 0x00, 0x00, 0x15, 0x10, 0x00, 0x00, 0x00,
  0x14, 0x00, 0x00, 0x00, 0x06, 0x00, 0x00, 0x00, 0xd0, 0xe4, 0xfe, 0xff,
  0x01, 0x00, 0x00, 0x00, 0xd3, 0x00, 0x00, 0x00, 0x02, 0x00, 0x00, 0x00,
  0xce, 0x00, 0x00, 0x00, 0xd2, 0x00, 0x00, 0x00, 0x4e, 0xef, 0xff, 0xff,
  0x0c, 0x00, 0x00, 0x00, 0x10, 0x00, 0x00, 0x00, 0x05, 0x00, 0x00, 0x00,
  0x01, 0x00, 0x00, 0x00, 0xd2, 0x00, 0x00, 0x00, 0x01, 0x00, 0x00, 0x00,
  0xd1, 0x00, 0x00, 0x00, 0x52, 0xe9, 0xff, 0xff, 0x14, 0x00, 0x00, 0x00,
  0x00, 0x00, 0x00, 0x0b, 0x10, 0x00, 0x00, 0x00, 0x14, 0x00, 0x00, 0x00,
  0x07, 0x00, 0x00, 0x00, 0x20, 0xe5, 0xfe, 0xff, 0x01, 0x00, 0x00, 0x00,
  0xd1, 0x00, 0x00, 0x00, 0x02, 0x00, 0x00, 0x00, 0xcd, 0x00, 0x00, 0x00,
  0xd0, 0x00, 0x00, 0x00, 0x82, 0xe9, 0xff, 0xff, 0x14, 0x00, 0x00, 0x00,
  0x00, 0x00, 0x00, 0x15, 0x10, 0x00, 0x00, 0x00, 0x14, 0x00, 0x00, 0x00,
  0x06, 0x00, 0x00, 0x00, 0x50, 0xe5, 0xfe, 0xff, 0x01, 0x00, 0x00, 0x00,
  0xd0, 0x00, 0x00, 0x00, 0x02, 0x00, 0x00, 0x00, 0xcb, 0x00, 0x00, 0x00,
  0xcf, 0x00, 0x00, 0x00, 0xce, 0xef, 0xff, 0xff, 0x0c, 0x00, 0x00, 0x00,
  0x10, 0x00, 0x00, 0x00, 0x05, 0x00, 0x00, 0x00, 0x01, 0x00, 0x00, 0x00,
  0xcf, 0x00, 0x00, 0x00, 0x01, 0x00, 0x00, 0x00, 0xc9, 0x00, 0x00, 0x00,
  0xee, 0xef, 0xff, 0xff, 0x0c, 0x00, 0x00, 0x00, 0x10, 0x00, 0x00, 0x00,
  0x04, 0x00, 0x00, 0x00, 0x01, 0x00, 0x00, 0x00, 0xce, 0x00, 0x00, 0x00,
  0x01, 0x00, 0x00, 0x00, 0xca, 0x00, 0x00, 0x00, 0xf2, 0xe9, 0xff, 0xff,
  0x14, 0x00, 0x00, 0x00, 0x00, 0x00, 0x00, 0x15, 0x10, 0x00, 0x00, 0x00,
  0x14, 0x00, 0x00, 0x00, 0x06, 0x00, 0x00, 0x00, 0xc0, 0xe5, 0xfe, 0xff,
  0x01, 0x00, 0x00, 0x00, 0xcd, 0x00, 0x00, 0x00, 0x02, 0x00, 0x00, 0x00,
  0xcc, 0x00, 0x00, 0x00, 0xc2, 0x00, 0x00, 0x00, 0x3e, 0xf0, 0xff, 0xff,
  0x0c, 0x00, 0x00, 0x00, 0x10, 0x00, 0x00, 0x00, 0x04, 0x00, 0x00, 0x00,
  0x01, 0x00, 0x00, 0x00, 0xcc, 0x00, 0x00, 0x00, 0x01, 0x00, 0x00, 0x00,
  0xc8, 0x00, 0x00, 0x00, 0x5e, 0xf0, 0xff, 0xff, 0x0c, 0x00, 0x00, 0x00,
  0x10, 0x00, 0x00, 0x00, 0x04, 0x00, 0x00, 0x00, 0x01, 0x00, 0x00, 0x00,
  0xcb, 0x00, 0x00, 0x00, 0x01, 0x00, 0x00, 0x00, 0xc7, 0x00, 0x00, 0x00,
  0x62, 0xea, 0xff, 0xff, 0x14, 0x00, 0x00, 0x00, 0x00, 0x00, 0x00, 0x23,
  0x14, 0x00, 0x00, 0x00, 0x24, 0x00, 0x00, 0x00, 0x03, 0x00, 0x00, 0x00,
  0x0e, 0xea, 0xff, 0xff, 0x04, 0x00, 0x00, 0x00, 0x04, 0x00, 0x00, 0x00,
  0xc7, 0x00, 0x00, 0x00, 0xc8, 0x00, 0x00, 0x00, 0xc9, 0x00, 0x00, 0x00,
  0xca, 0x00, 0x00, 0x00, 0x02, 0x00, 0x00, 0x00, 0x03, 0x00, 0x00, 0x00,
  0xc6, 0x00, 0x00, 0x00, 0xa2, 0xea, 0xff, 0xff, 0x14, 0x00, 0x00, 0x00,
  0x00, 0x00, 0x00, 0x0b, 0x10, 0x00, 0x00, 0x00, 0x14, 0x00, 0x00, 0x00,
  0x07, 0x00, 0x00, 0x00, 0x70, 0xe6, 0xfe, 0xff, 0x01, 0x00, 0x00, 0x00,
  0xc6, 0x00, 0x00, 0x00, 0x02, 0x00, 0x00, 0x00, 0xc5, 0x00, 0x00, 0x00,
  0x4e, 0x00, 0x00, 0x00, 0xd2, 0xea, 0xff, 0xff, 0x14, 0x00, 0x00, 0x00,
  0x00, 0x00, 0x00, 0x08, 0x10, 0x00, 0x00, 0x00, 0x14, 0x00, 0x00, 0x00,
  0x02, 0x00, 0x00, 0x00, 0xa0, 0xe6, 0xfe, 0xff, 0x01, 0x00, 0x00, 0x00,
  0xc5, 0x00, 0x00, 0x00, 0x03, 0x00, 0x00, 0x00, 0xc4, 0x00, 0x00, 0x00,
  0x22, 0x00, 0x00, 0x00, 0x1b, 0x00, 0x00, 0x00, 0x06, 0xeb, 0xff, 0xff,
  0x14, 0x00, 0x00, 0x00, 0x00, 0x00, 0x00, 0x15, 0x10, 0x00, 0x00, 0x00,
  0x14, 0x00, 0x00, 0x00, 0x06, 0x00, 0x00, 0x00, 0xd4, 0xe6, 0xfe, 0xff,
  0x01, 0x00, 0x00, 0x00, 0xc4, 0x00, 0x00, 0x00, 0x02, 0x00, 0x00, 0x00,
  0xbf, 0x00, 0x00, 0x00, 0xc3, 0x00, 0x00, 0x00, 0x52, 0xf1, 0xff, 0xff,
  0x0c, 0x00, 0x00, 0x00, 0x10, 0x00, 0x00, 0x00, 0x05, 0x00, 0x00, 0x00,
  0x01, 0x00, 0x00, 0x00, 0xc3, 0x00, 0x00, 0x00, 0x01, 0x00, 0x00, 0x00,
  0xc2, 0x00, 0x00, 0x00, 0x56, 0xeb, 0xff, 0xff, 0x14, 0x00, 0x00, 0x00,
  0x00, 0x00, 0x00, 0x0b, 0x10, 0x00, 0x00, 0x00, 0x14, 0x00, 0x00, 0x00,
  0x07, 0x00, 0x00, 0x00, 0x24, 0xe7, 0xfe, 0xff, 0x01, 0x00, 0x00, 0x00,
  0xc2, 0x00, 0x00, 0x00, 0x02, 0x00, 0x00, 0x00, 0xbe, 0x00, 0x00, 0x00,
  0xc1, 0x00, 0x00, 0x00, 0x86, 0xeb, 0xff, 0xff, 0x14, 0x00, 0x00, 0x00,
  0x00, 0x00, 0x00, 0x15, 0x10, 0x00, 0x00, 0x00, 0x14, 0x00, 0x00, 0x00,
  0x06, 0x00, 0x00, 0x00, 0x54, 0xe7, 0xfe, 0xff, 0x01, 0x00, 0x00, 0x00,
  0xc1, 0x00, 0x00, 0x00, 0x02, 0x00, 0x00, 0x00, 0xbc, 0x00, 0x00, 0x00,
  0xc0, 0x00, 0x00, 0x00, 0xd2, 0xf1, 0xff, 0xff, 0x0c, 0x00, 0x00, 0x00,
  0x10, 0x00, 0x00, 0x00, 0x05, 0x00, 0x00, 0x00, 0x01, 0x00, 0x00, 0x00,
  0xc0, 0x00, 0x00, 0x00, 0x01, 0x00, 0x00, 0x00, 0xba, 0x00, 0x00, 0x00,
  0xf2, 0xf1, 0xff, 0xff, 0x0c, 0x00, 0x00, 0x00, 0x10, 0x00, 0x00, 0x00,
  0x04, 0x00, 0x00, 0x00, 0x01, 0x00, 0x00, 0x00, 0xbf, 0x00, 0x00, 0x00,
  0x01, 0x00, 0x00, 0x00, 0xbb, 0x00, 0x00, 0x00, 0xf6, 0xeb, 0xff, 0xff,
  0x14, 0x00, 0x00, 0x00, 0x00, 0x00, 0x00, 0x15, 0x10, 0x00, 0x00, 0x00,
  0x14, 0x00, 0x00, 0x00, 0x06, 0x00, 0x00, 0x00, 0xc4, 0xe7, 0xfe, 0xff,
  0x01, 0x00, 0x00, 0x00, 0xbe, 0x00, 0x00, 0x00, 0x02, 0x00, 0x00, 0x00,
  0xbd, 0x00, 0x00, 0x00, 0xb3, 0x00, 0x00, 0x00, 0x42, 0xf2, 0xff, 0xff,
  0x0c, 0x00, 0x00, 0x00, 0x10, 0x00, 0x00, 0x00, 0x04, 0x00, 0x00, 0x00,
  0x01, 0x00, 0x00, 0x00, 0xbd, 0x00, 0x00, 0x00, 0x01, 0x00, 0x00, 0x00,
  0xb9, 0x00, 0x00, 0x00, 0x62, 0xf2, 0xff, 0xff, 0x0c, 0x00, 0x00, 0x00,
  0x10, 0x00, 0x00, 0x00, 0x04, 0x00, 0x00, 0x00, 0x01, 0x00, 0x00, 0x00,
  0xbc, 0x00, 0x00, 0x00, 0x01, 0x00, 0x00, 0x00, 0xb8, 0x00, 0x00, 0x00,
  0x66, 0xec, 0xff, 0xff, 0x14, 0x00, 0x00, 0x00, 0x00, 0x00, 0x00, 0x23,
  0x14, 0x00, 0x00, 0x00, 0x24, 0x00, 0x00, 0x00, 0x03, 0x00, 0x00, 0x00,
  0x12, 0xec, 0xff, 0xff, 0x04, 0x00, 0x00, 0x00, 0x04, 0x00, 0x00, 0x00,
  0xb8, 0x00, 0x00, 0x00, 0xb9, 0x00, 0x00, 0x00, 0xba, 0x00, 0x00, 0x00,
  0xbb, 0x00, 0x00, 0x00, 0x02, 0x00, 0x00, 0x00, 0x03, 0x00, 0x00, 0x00,
  0xb7, 0x00, 0x00, 0x00, 0xa6, 0xec, 0xff, 0xff, 0x14, 0x00, 0x00, 0x00,
  0x00, 0x00, 0x00, 0x0b, 0x10, 0x00, 0x00, 0x00, 0x14, 0x00, 0x00, 0x00,
  0x07, 0x00, 0x00, 0x00, 0x74, 0xe8, 0xfe, 0xff, 0x01, 0x00, 0x00, 0x00,
  0xb7, 0x00, 0x00, 0x00, 0x02, 0x00, 0x00, 0x00, 0xb6, 0x00, 0x00, 0x00,
  0x4d, 0x00, 0x00, 0x00, 0xd6, 0xec, 0xff, 0xff, 0x14, 0x00, 0x00, 0x00,
  0x00, 0x00, 0x00, 0x08, 0x10, 0x00, 0x00, 0x00, 0x14, 0x00, 0x00, 0x00,
  0x02, 0x00, 0x00, 0x00, 0xa4, 0xe8, 0xfe, 0xff, 0x01, 0x00, 0x00, 0x00,
  0xb6, 0x00, 0x00, 0x00, 0x03, 0x00, 0x00, 0x00, 0xb5, 0x00, 0x00, 0x00,
  0x22, 0x00, 0x00, 0x00, 0x1a, 0x00, 0x00, 0x00, 0x0a, 0xed, 0xff, 0xff,
  0x14, 0x00, 0x00, 0x00, 0x00, 0x00, 0x00, 0x15, 0x10, 0x00, 0x00, 0x00,
  0x14, 0x00, 0x00, 0x00, 0x06, 0x00, 0x00, 0x00, 0xd8, 0xe8, 0xfe, 0xff,
  0x01, 0x00, 0x00, 0x00, 0xb5, 0x00, 0x00, 0x00, 0x02, 0x00, 0x00, 0x00,
  0xb0, 0x00, 0x00, 0x00, 0xb4, 0x00, 0x00, 0x00, 0x56, 0xf3, 0xff, 0xff,
  0x0c, 0x00, 0x00, 0x00, 0x10, 0x00, 0x00, 0x00, 0x05, 0x00, 0x00, 0x00,
  0x01, 0x00, 0x00, 0x00, 0xb4, 0x00, 0x00, 0x00, 0x01, 0x00, 0x00, 0x00,
  0xb3, 0x00, 0x00, 0x00, 0x5a, 0xed, 0xff, 0xff, 0x14, 0x00, 0x00, 0x00,
  0x00, 0x00, 0x00, 0x0b, 0x10, 0x00, 0x00, 0x00, 0x14, 0x00, 0x00, 0x00,
  0x07, 0x00, 0x00, 0x00, 0x28, 0xe9, 0xfe, 0xff, 0x01, 0x00, 0x00, 0x00,
  0xb3, 0x00, 0x00, 0x00, 0x02, 0x00, 0x00, 0x00, 0xaf, 0x00, 0x00, 0x00,
  0xb2, 0x00, 0x00, 0x00, 0x8a, 0xed, 0xff, 0xff, 0x14, 0x00, 0x00, 0x00,
  0x00, 0x00, 0x00, 0x15, 0x10, 0x00, 0x00, 0x00, 0x14, 0x00, 0x00, 0x00,
  0x06, 0x00, 0x00, 0x00, 0x58, 0xe9, 0xfe, 0xff, 0x01, 0x00, 0x00, 0x00,
  0xb2, 0x00, 0x00, 0x00, 0x02, 0x00, 0x00, 0x00, 0xad, 0x00, 0x00, 0x00,
  0xb1, 0x00, 0x00, 0x00, 0xd6, 0xf3, 0xff, 0xff, 0x0c, 0x00, 0x00, 0x00,
  0x10, 0x00, 0x00, 0x00, 0x05, 0x00, 0x00, 0x00, 0x01, 0x00, 0x00, 0x00,
  0xb1, 0x00, 0x00, 0x00, 0x01, 0x00, 0x00, 0x00, 0xab, 0x00, 0x00, 0x00,
  0xf6, 0xf3, 0xff, 0xff, 0x0c, 0x00, 0x00, 0x00, 0x10, 0x00, 0x00, 0x00,
  0x04, 0x00, 0x00, 0x00, 0x01, 0x00, 0x00, 0x00, 0xb0, 0x00, 0x00, 0x00,
  0x01, 0x00, 0x00, 0x00, 0xac, 0x00, 0x00, 0x00, 0xfa, 0xed, 0xff, 0xff,
  0x14, 0x00, 0x00, 0x00, 0x00, 0x00, 0x00, 0x15, 0x10, 0x00, 0x00, 0x00,
  0x14, 0x00, 0x00, 0x00, 0x06, 0x00, 0x00, 0x00, 0xc8, 0xe9, 0xfe, 0xff,
  0x01, 0x00, 0x00, 0x00, 0xaf, 0x00, 0x00, 0x00, 0x02, 0x00, 0x00, 0x00,
  0xae, 0x00, 0x00, 0x00, 0xa4, 0x00, 0x00, 0x00, 0x46, 0xf4, 0xff, 0xff,
  0x0c, 0x00, 0x00, 0x00, 0x10, 0x00, 0x00, 0x00, 0x04, 0x00, 0x00, 0x00,
  0x01, 0x00, 0x00, 0x00, 0xae, 0x00, 0x00, 0x00, 0x01, 0x00, 0x00, 0x00,
  0xaa, 0x00, 0x00, 0x00, 0x66, 0xf4, 0xff, 0xff, 0x0c, 0x00, 0x00, 0x00,
  0x10, 0x00, 0x00, 0x00, 0x04, 0x00, 0x00, 0x00, 0x01, 0x00, 0x00, 0x00,
  0xad, 0x00, 0x00, 0x00, 0x01, 0x00, 0x00, 0x00, 0xa9, 0x00, 0x00, 0x00,
  0x6a, 0xee, 0xff, 0xff, 0x14, 0x00, 0x00, 0x00, 0x00, 0x00, 0x00, 0x23,
  0x14, 0x00, 0x00, 0x00, 0x24, 0x00, 0x00, 0x00, 0x03, 0x00, 0x00, 0x00,
  0x16, 0xee, 0xff, 0xff, 0x04, 0x00, 0x00, 0x00, 0x04, 0x00, 0x00, 0x00,
  0xa9, 0x00, 0x00, 0x00, 0xaa, 0x00, 0x00, 0x00, 0xab, 0x00, 0x00, 0x00,
  0xac, 0x00, 0x00, 0x00, 0x02, 0x00, 0x00, 0x00, 0x03, 0x00, 0x00, 0x00,
  0xa8, 0x00, 0x00, 0x00, 0xaa, 0xee, 0xff, 0xff, 0x14, 0x00, 0x00, 0x00,
  0x00, 0x00, 0x00, 0x0b, 0x10, 0x00, 0x00, 0x00, 0x14, 0x00, 0x00, 0x00,
  0x07, 0x00, 0x00, 0x00, 0x78, 0xea, 0xfe, 0xff, 0x01, 0x00, 0x00, 0x00,
  0xa8, 0x00, 0x00, 0x00, 0x02, 0x00, 0x00, 0x00, 0xa7, 0x00, 0x00, 0x00,
  0x4c, 0x00, 0x00, 0x00, 0xda, 0xee, 0xff, 0xff, 0x14, 0x00, 0x00, 0x00,
  0x00, 0x00, 0x00, 0x08, 0x10, 0x00, 0x00, 0x00, 0x14, 0x00, 0x00, 0x00,
  0x02, 0x00, 0x00, 0x00, 0xa8, 0xea, 0xfe, 0xff, 0x01, 0x00, 0x00, 0x00,
  0xa7, 0x00, 0x00, 0x00, 0x03, 0x00, 0x00, 0x00, 0xa6, 0x00, 0x00, 0x00,
  0x22, 0x00, 0x00, 0x00, 0x19, 0x00, 0x00, 0x00, 0x0e, 0xef, 0xff, 0xff,
  0x14, 0x00, 0x00, 0x00, 0x00, 0x00, 0x00, 0x15, 0x10, 0x00, 0x00, 0x00,
  0x14, 0x00, 0x00, 0x00, 0x06, 0x00, 0x00, 0x00, 0xdc, 0xea, 0xfe, 0xff,
  0x01, 0x00, 0x00, 0x00, 0xa6, 0x00, 0x00, 0x00, 0x02, 0x00, 0x00, 0x00,
  0xa1, 0x00, 0x00, 0x00, 0xa5, 0x00, 0x00, 0x00, 0x5a, 0xf5, 0xff, 0xff,
  0x0c, 0x00, 0x00, 0x00, 0x10, 0x00, 0x00, 0x00, 0x05, 0x00, 0x00, 0x00,
  0x01, 0x00, 0x00, 0x00, 0xa5, 0x00, 0x00, 0x00, 0x01, 0x00, 0x00, 0x00,
  0xa4, 0x00, 0x00, 0x00, 0x5e, 0xef, 0xff, 0xff, 0x14, 0x00, 0x00, 0x00,
  0x00, 0x00, 0x00, 0x0b, 0x10, 0x00, 0x00, 0x00, 0x14, 0x00, 0x00, 0x00,
  0x07, 0x00, 0x00, 0x00, 0x2c, 0xeb, 0xfe, 0xff, 0x01, 0x00, 0x00, 0x00,
  0xa4, 0x00, 0x00, 0x00, 0x02, 0x00, 0x00, 0x00, 0xa0, 0x00, 0x00, 0x00,
  0xa3, 0x00, 0x00, 0x00, 0x8e, 0xef, 0xff, 0xff, 0x14, 0x00, 0x00, 0x00,
  0x00, 0x00, 0x00, 0x15, 0x10, 0x00, 0x00, 0x00, 0x14, 0x00, 0x00, 0x00,
  0x06, 0x00, 0x00, 0x00, 0x5c, 0xeb, 0xfe, 0xff, 0x01, 0x00, 0x00, 0x00,
  0xa3, 0x00, 0x00, 0x00, 0x02, 0x00, 0x00, 0x00, 0x9e, 0x00, 0x00, 0x00,
  0xa2, 0x00, 0x00, 0x00, 0xda, 0xf5, 0xff, 0xff, 0x0c, 0x00, 0x00, 0x00,
  0x10, 0x00, 0x00, 0x00, 0x05, 0x00, 0x00, 0x00, 0x01, 0x00, 0x00, 0x00,
  0xa2, 0x00, 0x00, 0x00, 0x01, 0x00, 0x00, 0x00, 0x9c, 0x00, 0x00, 0x00,
  0xfa, 0xf5, 0xff, 0xff, 0x0c, 0x00, 0x00, 0x00, 0x10, 0x00, 0x00, 0x00,
  0x04, 0x00, 0x00, 0x00, 0x01, 0x00, 0x00, 0x00, 0xa1, 0x00, 0x00, 0x00,
  0x01, 0x00, 0x00, 0x00, 0x9d, 0x00, 0x00, 0x00, 0xfe, 0xef, 0xff, 0xff,
  0x14, 0x00, 0x00, 0x00, 0x00, 0x00, 0x00, 0x15, 0x10, 0x00, 0x00, 0x00,
  0x14, 0x00, 0x00, 0x00, 0x06, 0x00, 0x00, 0x00, 0xcc, 0xeb, 0xfe, 0xff,
  0x01, 0x00, 0x00, 0x00, 0xa0, 0x00, 0x00, 0x00, 0x02, 0x00, 0x00, 0x00,
  0x9f, 0x00, 0x00, 0x00, 0x95, 0x00, 0x00, 0x00, 0x4a, 0xf6, 0xff, 0xff,
  0x0c, 0x00, 0x00, 0x00, 0x10, 0x00, 0x00, 0x00, 0x04, 0x00, 0x00, 0x00,
  0x01, 0x00, 0x00, 0x00, 0x9f, 0x00, 0x00, 0x00, 0x01, 0x00, 0x00, 0x00,
  0x9b, 0x00, 0x00, 0x00, 0x6a, 0xf6, 0xff, 0xff, 0x0c, 0x00, 0x00, 0x00,
  0x10, 0x00, 0x00, 0x00, 0x04, 0x00, 0x00, 0x00, 0x01, 0x00, 0x00, 0x00,
  0x9e, 0x00, 0x00, 0x00, 0x01, 0x00, 0x00, 0x00, 0x9a, 0x00, 0x00, 0x00,
  0x6e, 0xf0, 0xff, 0xff, 0x14, 0x00, 0x00, 0x00, 0x00, 0x00, 0x00, 0x23,
  0x14, 0x00, 0x00, 0x00, 0x24, 0x00, 0x00, 0x00, 0x03, 0x00, 0x00, 0x00,
  0x1a, 0xf0, 0xff, 0xff, 0x04, 0x00, 0x00, 0x00, 0x04, 0x00, 0x00, 0x00,
  0x9a, 0x00, 0x00, 0x00, 0x9b, 0x00, 0x00, 0x00, 0x9c, 0x00, 0x00, 0x00,
  0x9d, 0x00, 0x00, 0x00, 0x02, 0x00, 0x00, 0x00, 0x03, 0x00, 0x00, 0x00,
  0x99, 0x00, 0x00, 0x00, 0xae, 0xf0, 0xff, 0xff, 0x14, 0x00, 0x00, 0x00,
  0x00, 0x00, 0x00, 0x0b, 0x10, 0x00, 0x00, 0x00, 0x14, 0x00, 0x00, 0x00,
  0x07, 0x00, 0x00, 0x00, 0x7c, 0xec, 0xfe, 0xff, 0x01, 0x00, 0x00, 0x00,
  0x99, 0x00, 0x00, 0x00, 0x02, 0x00, 0x00, 0x00, 0x98, 0x00, 0x00, 0x00,
  0x4b, 0x00, 0x00, 0x00, 0xde, 0xf0, 0xff, 0xff, 0x14, 0x00, 0x00, 0x00,
  0x00, 0x00, 0x00, 0x08, 0x10, 0x00, 0x00, 0x00, 0x14, 0x00, 0x00, 0x00,
  0x02, 0x00, 0x00, 0x00, 0xac, 0xec, 0xfe, 0xff, 0x01, 0x00, 0x00, 0x00,
  0x98, 0x00, 0x00, 0x00, 0x03, 0x00, 0x00, 0x00, 0x97, 0x00, 0x00, 0x00,
  0x22, 0x00, 0x00, 0x00, 0x18, 0x00, 0x00, 0x00, 0x12, 0xf1, 0xff, 0xff,
  0x14, 0x00, 0x00, 0x00, 0x00, 0x00, 0x00, 0x15, 0x10, 0x00, 0x00, 0x00,
  0x14, 0x00, 0x00, 0x00, 0x06, 0x00, 0x00, 0x00, 0xe0, 0xec, 0xfe, 0xff,
  0x01, 0x00, 0x00, 0x00, 0x97, 0x00, 0x00, 0x00, 0x02, 0x00, 0x00, 0x00,
  0x92, 0x00, 0x00, 0x00, 0x96, 0x00, 0x00, 0x00, 0x5e, 0xf7, 0xff, 0xff,
  0x0c, 0x00, 0x00, 0x00, 0x10, 0x00, 0x00, 0x00, 0x05, 0x00, 0x00, 0x00,
  0x01, 0x00, 0x00, 0x00, 0x96, 0x00, 0x00, 0x00, 0x01, 0x00, 0x00, 0x00,
  0x95, 0x00, 0x00, 0x00, 0x62, 0xf1, 0xff, 0xff, 0x14, 0x00, 0x00, 0x00,
  0x00, 0x00, 0x00, 0x0b, 0x10, 0x00, 0x00, 0x00, 0x14, 0x00, 0x00, 0x00,
  0x07, 0x00, 0x00, 0x00, 0x30, 0xed, 0xfe, 0xff, 0x01, 0x00, 0x00, 0x00,
  0x95, 0x00, 0x00, 0x00, 0x02, 0x00, 0x00, 0x00, 0x91, 0x00, 0x00, 0x00,
  0x94, 0x00, 0x00, 0x00, 0x92, 0xf1, 0xff, 0xff, 0x14, 0x00, 0x00, 0x00,
  0x00, 0x00, 0x00, 0x15, 0x10, 0x00, 0x00, 0x00, 0x14, 0x00, 0x00, 0x00,
  0x06, 0x00, 0x00, 0x00, 0x60, 0xed, 0xfe, 0xff, 0x01, 0x00, 0x00, 0x00,
  0x94, 0x00, 0x00, 0x00, 0x02, 0x00, 0x00, 0x00, 0x8f, 0x00, 0x00, 0x00,
  0x93, 0x00, 0x00, 0x00, 0xde, 0xf7, 0xff, 0xff, 0x0c, 0x00, 0x00, 0x00,
  0x10, 0x00, 0x00, 0x00, 0x05, 0x00, 0x00, 0x00, 0x01, 0x00, 0x00, 0x00,
  0x93, 0x00, 0x00, 0x00, 0x01, 0x00, 0x00, 0x00, 0x8d, 0x00, 0x00, 0x00,
  0xfe, 0xf7, 0xff, 0xff, 0x0c, 0x00, 0x00, 0x00, 0x10, 0x00, 0x00, 0x00,
  0x04, 0x00, 0x00, 0x00, 0x01, 0x00, 0x00, 0x00, 0x92, 0x00, 0x00, 0x00,
  0x01, 0x00, 0x00, 0x00, 0x8e, 0x00, 0x00, 0x00, 0x02, 0xf2, 0xff, 0xff,
  0x14, 0x00, 0x00, 0x00, 0x00, 0x00, 0x00, 0x15, 0x10, 0x00, 0x00, 0x00,
  0x14, 0x00, 0x00, 0x00, 0x06, 0x00, 0x00, 0x00, 0xd0, 0xed, 0xfe, 0xff,
  0x01, 0x00, 0x00, 0x00, 0x91, 0x00, 0x00, 0x00, 0x02, 0x00, 0x00, 0x00,
  0x90, 0x00, 0x00, 0x00, 0x86, 0x00, 0x00, 0x00, 0x4e, 0xf8, 0xff, 0xff,
  0x0c, 0x00, 0x00, 0x00, 0x10, 0x00, 0x00, 0x00, 0x04, 0x00, 0x00, 0x00,
  0x01, 0x00, 0x00, 0x00, 0x90, 0x00, 0x00, 0x00, 0x01, 0x00, 0x00, 0x00,
  0x8c, 0x00, 0x00, 0x00, 0x6e, 0xf8, 0xff, 0xff, 0x0c, 0x00, 0x00, 0x00,
  0x10, 0x00, 0x00, 0x00, 0x04, 0x00, 0x00, 0x00, 0x01, 0x00, 0x00, 0x00,
  0x8f, 0x00, 0x00, 0x00, 0x01, 0x00, 0x00, 0x00, 0x8b, 0x00, 0x00, 0x00,
  0x72, 0xf2, 0xff, 0xff, 0x14, 0x00, 0x00, 0x00, 0x00, 0x00, 0x00, 0x23,
  0x14, 0x00, 0x00, 0x00, 0x24, 0x00, 0x00, 0x00, 0x03, 0x00, 0x00, 0x00,
  0x1e, 0xf2, 0xff, 0xff, 0x04, 0x00, 0x00, 0x00, 0x04, 0x00, 0x00, 0x00,
  0x8b, 0x00, 0x00, 0x00, 0x8c, 0x00, 0x00, 0x00, 0x8d, 0x00, 0x00, 0x00,
  0x8e, 0x00, 0x00, 0x00, 0x02, 0x00, 0x00, 0x00, 0x03, 0x00, 0x00, 0x00,
  0x8a, 0x00, 0x00, 0x00, 0xb2, 0xf2, 0xff, 0xff, 0x14, 0x00, 0x00, 0x00,
  0x00, 0x00, 0x00, 0x0b, 0x10, 0x00, 0x00, 0x00, 0x14, 0x00, 0x00, 0x00,
  0x07, 0x00, 0x00, 0x00, 0x80, 0xee, 0xfe, 0xff, 0x01, 0x00, 0x00, 0x00,
  0x8a, 0x00, 0x00, 0x00, 0x02, 0x00, 0x00, 0x00, 0x89, 0x00, 0x00, 0x00,
  0x4a, 0x00, 0x00, 0x00, 0xe2, 0xf2, 0xff, 0xff, 0x14, 0x00, 0x00, 0x00,
  0x00, 0x00, 0x00, 0x08, 0x10, 0x00, 0x00, 0x00, 0x14, 0x00, 0x00, 0x00,
  0x02, 0x00, 0x00, 0x00, 0xb0, 0xee, 0xfe, 0xff, 0x01, 0x00, 0x00, 0x00,
  0x89, 0x00, 0x00, 0x00, 0x03, 0x00, 0x00, 0x00, 0x88, 0x00, 0x00, 0x00,
  0x22, 0x00, 0x00, 0x00, 0x17, 0x00, 0x00, 0x00, 0x16, 0xf3, 0xff, 0xff,
  0x14, 0x00, 0x00, 0x00, 0x00, 0x00, 0x00, 0x15, 0x10, 0x00, 0x00, 0x00,
  0x14, 0x00, 0x00, 0x00, 0x06, 0x00, 0x00, 0x00, 0xe4, 0xee, 0xfe, 0xff,
  0x01, 0x00, 0x00, 0x00, 0x88, 0x00, 0x00, 0x00, 0x02, 0x00, 0x00, 0x00,
  0x83, 0x00, 0x00, 0x00, 0x87, 0x00, 0x00, 0x00, 0x62, 0xf9, 0xff, 0xff,
  0x0c, 0x00, 0x00, 0x00, 0x10, 0x00, 0x00, 0x00, 0x05, 0x00, 0x00, 0x00,
  0x01, 0x00, 0x00, 0x00, 0x87, 0x00, 0x00, 0x00, 0x01, 0x00, 0x00, 0x00,
  0x86, 0x00, 0x00, 0x00, 0x66, 0xf3, 0xff, 0xff, 0x14, 0x00, 0x00, 0x00,
  0x00, 0x00, 0x00, 0x0b, 0x10, 0x00, 0x00, 0x00, 0x14, 0x00, 0x00, 0x00,
  0x07, 0x00, 0x00, 0x00, 0x34, 0xef, 0xfe, 0xff, 0x01, 0x00, 0x00, 0x00,
  0x86, 0x00, 0x00, 0x00, 0x02, 0x00, 0x00, 0x00, 0x82, 0x00, 0x00, 0x00,
  0x85, 0x00, 0x00, 0x00, 0x96, 0xf3, 0xff, 0xff, 0x14, 0x00, 0x00, 0x00,
  0x00, 0x00, 0x00, 0x15, 0x10, 0x00, 0x00, 0x00, 0x14, 0x00, 0x00, 0x00,
  0x06, 0x00, 0x00, 0x00, 0x64, 0xef, 0xfe, 0xff, 0x01, 0x00, 0x00, 0x00,
  0x85, 0x00, 0x00, 0x00, 0x02, 0x00, 0x00, 0x00, 0x80, 0x00, 0x00, 0x00,
  0x84, 0x00, 0x00, 0x00, 0xe2, 0xf9, 0xff, 0xff, 0x0c, 0x00, 0x00, 0x00,
  0x10, 0x00, 0x00, 0x00, 0x05, 0x00, 0x00, 0x00, 0x01, 0x00, 0x00, 0x00,
  0x84, 0x00, 0x00, 0x00, 0x01, 0x00, 0x00, 0x00, 0x7e, 0x00, 0x00, 0x00,
  0x02, 0xfa, 0xff, 0xff, 0x0c, 0x00, 0x00, 0x00, 0x10, 0x00, 0x00, 0x00,
  0x04, 0x00, 0x00, 0x00, 0x01, 0x00, 0x00, 0x00, 0x83, 0x00, 0x00, 0x00,
  0x01, 0x00, 0x00, 0x00, 0x7f, 0x00, 0x00, 0x00, 0x06, 0xf4, 0xff, 0xff,
  0x14, 0x00, 0x00, 0x00, 0x00, 0x00, 0x00, 0x15, 0x10, 0x00, 0x00, 0x00,
  0x14, 0x00, 0x00, 0x00, 0x06, 0x00, 0x00, 0x00, 0xd4, 0xef, 0xfe, 0xff,
  0x01, 0x00, 0x00, 0x00, 0x82, 0x00, 0x00, 0x00, 0x02, 0x00, 0x00, 0x00,
  0x81, 0x00, 0x00, 0x00, 0x77, 0x00, 0x00, 0x00, 0x52, 0xfa, 0xff, 0xff,
  0x0c, 0x00, 0x00, 0x00, 0x10, 0x00, 0x00, 0x00, 0x04, 0x00, 0x00, 0x00,
  0x01, 0x00, 0x00, 0x00, 0x81, 0x00, 0x00, 0x00, 0x01, 0x00, 0x00, 0x00,
  0x7d, 0x00, 0x00, 0x00, 0x72, 0xfa, 0xff, 0xff, 0x0c, 0x00, 0x00, 0x00,
  0x10, 0x00, 0x00, 0x00, 0x04, 0x00, 0x00, 0x00, 0x01, 0x00, 0x00, 0x00,
  0x80, 0x00, 0x00, 0x00, 0x01, 0x00, 0x00, 0x00, 0x7c, 0x00, 0x00, 0x00,
  0x76, 0xf4, 0xff, 0xff, 0x14, 0x00, 0x00, 0x00, 0x00, 0x00, 0x00, 0x23,
  0x14, 0x00, 0x00, 0x00, 0x24, 0x00, 0x00, 0x00, 0x03, 0x00, 0x00, 0x00,
  0x22, 0xf4, 0xff, 0xff, 0x04, 0x00, 0x00, 0x00, 0x04, 0x00, 0x00, 0x00,
  0x7c, 0x00, 0x00, 0x00, 0x7d, 0x00, 0x00, 0x00, 0x7e, 0x00, 0x00, 0x00,
  0x7f, 0x00, 0x00, 0x00, 0x02, 0x00, 0x00, 0x00, 0x03, 0x00, 0x00, 0x00,
  0x7b, 0x00, 0x00, 0x00, 0xb6, 0xf4, 0xff, 0xff, 0x14, 0x00, 0x00, 0x00,
  0x00, 0x00, 0x00, 0x0b, 0x10, 0x00, 0x00, 0x00, 0x14, 0x00, 0x00, 0x00,
  0x07, 0x00, 0x00, 0x00, 0x84, 0xf0, 0xfe, 0xff, 0x01, 0x00, 0x00, 0x00,
  0x7b, 0x00, 0x00, 0x00, 0x02, 0x00, 0x00, 0x00, 0x7a, 0x00, 0x00, 0x00,
  0x49, 0x00, 0x00, 0x00, 0xe6, 0xf4, 0xff, 0xff, 0x14, 0x00, 0x00, 0x00,
  0x00, 0x00, 0x00, 0x08, 0x10, 0x00, 0x00, 0x00, 0x14, 0x00, 0x00, 0x00,
  0x02, 0x00, 0x00, 0x00, 0xb4, 0xf0, 0xfe, 0xff, 0x01, 0x00, 0x00, 0x00,
  0x7a, 0x00, 0x00, 0x00, 0x03, 0x00, 0x00, 0x00, 0x79, 0x00, 0x00, 0x00,
  0x22, 0x00, 0x00, 0x00, 0x16, 0x00, 0x00, 0x00, 0x1a, 0xf5, 0xff, 0xff,
  0x14, 0x00, 0x00, 0x00, 0x00, 0x00, 0x00, 0x15, 0x10, 0x00, 0x00, 0x00,
  0x14, 0x00, 0x00, 0x00, 0x06, 0x00, 0x00, 0x00, 0xe8, 0xf0, 0xfe, 0xff,
  0x01, 0x00, 0x00, 0x00, 0x79, 0x00, 0x00, 0x00, 0x02, 0x00, 0x00, 0x00,
  0x74, 0x00, 0x00, 0x00, 0x78, 0x00, 0x00, 0x00, 0x66, 0xfb, 0xff, 0xff,
  0x0c, 0x00, 0x00, 0x00, 0x10, 0x00, 0x00, 0x00, 0x05, 0x00, 0x00, 0x00,
  0x01, 0x00, 0x00, 0x00, 0x78, 0x00, 0x00, 0x00, 0x01, 0x00, 0x00, 0x00,
  0x77, 0x00, 0x00, 0x00, 0x6a, 0xf5, 0xff, 0xff, 0x14, 0x00, 0x00, 0x00,
  0x00, 0x00, 0x00, 0x0b, 0x10, 0x00, 0x00, 0x00, 0x14, 0x00, 0x00, 0x00,
  0x07, 0x00, 0x00, 0x00, 0x38, 0xf1, 0xfe, 0xff, 0x01, 0x00, 0x00, 0x00,
  0x77, 0x00, 0x00, 0x00, 0x02, 0x00, 0x00, 0x00, 0x73, 0x00, 0x00, 0x00,
  0x76, 0x00, 0x00, 0x00, 0x9a, 0xf5, 0xff, 0xff, 0x14, 0x00, 0x00, 0x00,
  0x00, 0x00, 0x00, 0x15, 0x10, 0x00, 0x00, 0x00, 0x14, 0x00, 0x00, 0x00,
  0x06, 0x00, 0x00, 0x00, 0x68, 0xf1, 0xfe, 0xff, 0x01, 0x00, 0x00, 0x00,
  0x76, 0x00, 0x00, 0x00, 0x02, 0x00, 0x00, 0x00, 0x71, 0x00, 0x00, 0x00,
  0x75, 0x00, 0x00, 0x00, 0xe6, 0xfb, 0xff, 0xff, 0x0c, 0x00, 0x00, 0x00,
  0x10, 0x00, 0x00, 0x00, 0x05, 0x00, 0x00, 0x00, 0x01, 0x00, 0x00, 0x00,
  0x75, 0x00, 0x00, 0x00, 0x01, 0x00, 0x00, 0x00, 0x6f, 0x00, 0x00, 0x00,
  0x06, 0xfc, 0xff, 0xff, 0x0c, 0x00, 0x00, 0x00, 0x10, 0x00, 0x00, 0x00,
  0x04, 0x00, 0x00, 0x00, 0x01, 0x00, 0x00, 0x00, 0x74, 0x00, 0x00, 0x00,
  0x01, 0x00, 0x00, 0x00, 0x70, 0x00, 0x00, 0x00, 0x0a, 0xf6, 0xff, 0xff,
  0x14, 0x00, 0x00, 0x00, 0x00, 0x00, 0x00, 0x15, 0x10, 0x00, 0x00, 0x00,
  0x14, 0x00, 0x00, 0x00, 0x06, 0x00, 0x00, 0x00, 0xd8, 0xf1, 0xfe, 0xff,
  0x01, 0x00, 0x00, 0x00, 0x73, 0x00, 0x00, 0x00, 0x02, 0x00, 0x00, 0x00,
  0x72, 0x00, 0x00, 0x00, 0x68, 0x00, 0x00, 0x00, 0x56, 0xfc, 0xff, 0xff,
  0x0c, 0x00, 0x00, 0x00, 0x10, 0x00, 0x00, 0x00, 0x04, 0x00, 0x00, 0x00,
  0x01, 0x00, 0x00, 0x00, 0x72, 0x00, 0x00, 0x00, 0x01, 0x00, 0x00, 0x00,
  0x6e, 0x00, 0x00, 0x00, 0x76, 0xfc, 0xff, 0xff, 0x0c, 0x00, 0x00, 0x00,
  0x10, 0x00, 0x00, 0x00, 0x04, 0x00, 0x00, 0x00, 0x01, 0x00, 0x00, 0x00,
  0x71, 0x00, 0x00, 0x00, 0x01, 0x00, 0x00, 0x00, 0x6d, 0x00, 0x00, 0x00,
  0x7a, 0xf6, 0xff, 0xff, 0x14, 0x00, 0x00, 0x00, 0x00, 0x00, 0x00, 0x23,
  0x14, 0x00, 0x00, 0x00, 0x24, 0x00, 0x00, 0x00, 0x03, 0x00, 0x00, 0x00,
  0x26, 0xf6, 0xff, 0xff, 0x04, 0x00, 0x00, 0x00, 0x04, 0x00, 0x00, 0x00,
  0x6d, 0x00, 0x00, 0x00, 0x6e, 0x00, 0x00, 0x00, 0x6f, 0x00, 0x00, 0x00,
  0x70, 0x00, 0x00, 0x00, 0x02, 0x00, 0x00, 0x00, 0x03, 0x00, 0x00, 0x00,
  0x6c, 0x00, 0x00, 0x00, 0xba, 0xf6, 0xff, 0xff, 0x14, 0x00, 0x00, 0x00,
  0x00, 0x00, 0x00, 0x0b, 0x10, 0x00, 0x00, 0x00, 0x14, 0x00, 0x00, 0x00,
  0x07, 0x00, 0x00, 0x00, 0x88, 0xf2, 0xfe, 0xff, 0x01, 0x00, 0x00, 0x00,
  0x6c, 0x00, 0x00, 0x00, 0x02, 0x00, 0x00, 0x00, 0x6b, 0x00, 0x00, 0x00,
  0x48, 0x00, 0x00, 0x00, 0xea, 0xf6, 0xff, 0xff, 0x14, 0x00, 0x00, 0x00,
  0x00, 0x00, 0x00, 0x08, 0x10, 0x00, 0x00, 0x00, 0x14, 0x00, 0x00, 0x00,
  0x02, 0x00, 0x00, 0x00, 0xb8, 0xf2, 0xfe, 0xff, 0x01, 0x00, 0x00, 0x00,
  0x6b, 0x00, 0x00, 0x00, 0x03, 0x00, 0x00, 0x00, 0x6a, 0x00, 0x00, 0x00,
  0x22, 0x00, 0x00, 0x00, 0x15, 0x00, 0x00, 0x00, 0x1e, 0xf7, 0xff, 0xff,
  0x14, 0x00, 0x00, 0x00, 0x00, 0x00, 0x00, 0x15, 0x10, 0x00, 0x00, 0x00,
  0x14, 0x00, 0x00, 0x00, 0x06, 0x00, 0x00, 0x00, 0xec, 0xf2, 0xfe, 0xff,
  0x01, 0x00, 0x00, 0x00, 0x6a, 0x00, 0x00, 0x00, 0x02, 0x00, 0x00, 0x00,
  0x65, 0x00, 0x00, 0x00, 0x69, 0x00, 0x00, 0x00, 0x6a, 0xfd, 0xff, 0xff,
  0x0c, 0x00, 0x00, 0x00, 0x10, 0x00, 0x00, 0x00, 0x05, 0x00, 0x00, 0x00,
  0x01, 0x00, 0x00, 0x00, 0x69, 0x00, 0x00, 0x00, 0x01, 0x00, 0x00, 0x00,
  0x68, 0x00, 0x00, 0x00, 0x6e, 0xf7, 0xff, 0xff, 0x14, 0x00, 0x00, 0x00,
  0x00, 0x00, 0x00, 0x0b, 0x10, 0x00, 0x00, 0x00, 0x14, 0x00, 0x00, 0x00,
  0x07, 0x00, 0x00, 0x00, 0x3c, 0xf3, 0xfe, 0xff, 0x01, 0x00, 0x00, 0x00,
  0x68, 0x00, 0x00, 0x00, 0x02, 0x00, 0x00, 0x00, 0x64, 0x00, 0x00, 0x00,
  0x67, 0x00, 0x00, 0x00, 0x9e, 0xf7, 0xff, 0xff, 0x14, 0x00, 0x00, 0x00,
  0x00, 0x00, 0x00, 0x15, 0x10, 0x00, 0x00, 0x00, 0x14, 0x00, 0x00, 0x00,
  0x06, 0x00, 0x00, 0x00, 0x6c, 0xf3, 0xfe, 0xff, 0x01, 0x00, 0x00, 0x00,
  0x67, 0x00, 0x00, 0x00, 0x02, 0x00, 0x00, 0x00, 0x62, 0x00, 0x00, 0x00,
  0x66, 0x00, 0x00, 0x00, 0xea, 0xfd, 0xff, 0xff, 0x0c, 0x00, 0x00, 0x00,
  0x10, 0x00, 0x00, 0x00, 0x05, 0x00, 0x00, 0x00, 0x01, 0x00, 0x00, 0x00,
  0x66, 0x00, 0x00, 0x00, 0x01, 0x00, 0x00, 0x00, 0x60, 0x00, 0x00, 0x00,
  0x0a, 0xfe, 0xff, 0xff, 0x0c, 0x00, 0x00, 0x00, 0x10, 0x00, 0x00, 0x00,
  0x04, 0x00, 0x00, 0x00, 0x01, 0x00, 0x00, 0x00, 0x65, 0x00, 0x00, 0x00,
  0x01, 0x00, 0x00, 0x00, 0x61, 0x00, 0x00, 0x00, 0x0e, 0xf8, 0xff, 0xff,
  0x14, 0x00, 0x00, 0x00, 0x00, 0x00, 0x00, 0x15, 0x10, 0x00, 0x00, 0x00,
  0x14, 0x00, 0x00, 0x00, 0x06, 0x00, 0x00, 0x00, 0xdc, 0xf3, 0xfe, 0xff,
  0x01, 0x00, 0x00, 0x00, 0x64, 0x00, 0x00, 0x00, 0x02, 0x00, 0x00, 0x00,
  0x63, 0x00, 0x00, 0x00, 0x59, 0x00, 0x00, 0x00, 0x5a, 0xfe, 0xff, 0xff,
  0x0c, 0x00, 0x00, 0x00, 0x10, 0x00, 0x00, 0x00, 0x04, 0x00, 0x00, 0x00,
  0x01, 0x00, 0x00, 0x00, 0x63, 0x00, 0x00, 0x00, 0x01, 0x00, 0x00, 0x00,
  0x5f, 0x00, 0x00, 0x00, 0x7a, 0xfe, 0xff, 0xff, 0x0c, 0x00, 0x00, 0x00,
  0x10, 0x00, 0x00, 0x00, 0x04, 0x00, 0x00, 0x00, 0x01, 0x00, 0x00, 0x00,
  0x62, 0x00, 0x00, 0x00, 0x01, 0x00, 0x00, 0x00, 0x5e, 0x00, 0x00, 0x00,
  0x7e, 0xf8, 0xff, 0xff, 0x14, 0x00, 0x00, 0x00, 0x00, 0x00, 0x00, 0x23,
  0x14, 0x00, 0x00, 0x00, 0x24, 0x00, 0x00, 0x00, 0x03, 0x00, 0x00, 0x00,
  0x2a, 0xf8, 0xff, 0xff, 0x04, 0x00, 0x00, 0x00, 0x04, 0x00, 0x00, 0x00,
  0x5e, 0x00, 0x00, 0x00, 0x5f, 0x00, 0x00, 0x00, 0x60, 0x00, 0x00, 0x00,
  0x61, 0x00, 0x00, 0x00, 0x02, 0x00, 0x00, 0x00, 0x03, 0x00, 0x00, 0x00,
  0x5d, 0x00, 0x00, 0x00, 0xbe, 0xf8, 0xff, 0xff, 0x14, 0x00, 0x00, 0x00,
  0x00, 0x00, 0x00, 0x0b, 0x10, 0x00, 0x00, 0x00, 0x14, 0x00, 0x00, 0x00,
  0x07, 0x00, 0x00, 0x00, 0x8c, 0xf4, 0xfe, 0xff, 0x01, 0x00, 0x00, 0x00,
  0x5d, 0x00, 0x00, 0x00, 0x02, 0x00, 0x00, 0x00, 0x5c, 0x00, 0x00, 0x00,
  0x47, 0x00, 0x00, 0x00, 0xee, 0xf8, 0xff, 0xff, 0x14, 0x00, 0x00, 0x00,
  0x00, 0x00, 0x00, 0x08, 0x10, 0x00, 0x00, 0x00, 0x14, 0x00, 0x00, 0x00,
  0x02, 0x00, 0x00, 0x00, 0xbc, 0xf4, 0xfe, 0xff, 0x01, 0x00, 0x00, 0x00,
  0x5c, 0x00, 0x00, 0x00, 0x03, 0x00, 0x00, 0x00, 0x5b, 0x00, 0x00, 0x00,
  0x22, 0x00, 0x00, 0x00, 0x14, 0x00, 0x00, 0x00, 0x22, 0xf9, 0xff, 0xff,
  0x14, 0x00, 0x00, 0x00, 0x00, 0x00, 0x00, 0x15, 0x10, 0x00, 0x00, 0x00,
  0x14, 0x00, 0x00, 0x00, 0x06, 0x00, 0x00, 0x00, 0xf0, 0xf4, 0xfe, 0xff,
  0x01, 0x00, 0x00, 0x00, 0x5b, 0x00, 0x00, 0x00, 0x02, 0x00, 0x00, 0x00,
  0x57, 0x00, 0x00, 0x00, 0x5a, 0x00, 0x00, 0x00, 0x6e, 0xff, 0xff, 0xff,
  0x0c, 0x00, 0x00, 0x00, 0x10, 0x00, 0x00, 0x00, 0x05, 0x00, 0x00, 0x00,
  0x01, 0x00, 0x00, 0x00, 0x5a, 0x00, 0x00, 0x00, 0x01, 0x00, 0x00, 0x00,
  0x59, 0x00, 0x00, 0x00, 0x72, 0xf9, 0xff, 0xff, 0x14, 0x00, 0x00, 0x00,
  0x00, 0x00, 0x00, 0x15, 0x10, 0x00, 0x00, 0x00, 0x14, 0x00, 0x00, 0x00,
  0x06, 0x00, 0x00, 0x00, 0x40, 0xf5, 0xfe, 0xff, 0x01, 0x00, 0x00, 0x00,
  0x59, 0x00, 0x00, 0x00, 0x02, 0x00, 0x00, 0x00, 0x56, 0x00, 0x00, 0x00,
  0x58, 0x00, 0x00, 0x00, 0xbe, 0xff, 0xff, 0xff, 0x0c, 0x00, 0x00, 0x00,
  0x10, 0x00, 0x00, 0x00, 0x05, 0x00, 0x00, 0x00, 0x01, 0x00, 0x00, 0x00,
  0x58, 0x00, 0x00, 0x00, 0x01, 0x00, 0x00, 0x00, 0x54, 0x00, 0x00, 0x00,
  0xde, 0xff, 0xff, 0xff, 0x0c, 0x00, 0x00, 0x00, 0x10, 0x00, 0x00, 0x00,
  0x04, 0x00, 0x00, 0x00, 0x01, 0x00, 0x00, 0x00, 0x57, 0x00, 0x00, 0x00,
  0x01, 0x00, 0x00, 0x00, 0x55, 0x00, 0x00, 0x00, 0x00, 0x00, 0x0a, 0x00,
  0x10, 0x00, 0x0c, 0x00, 0x08, 0x00, 0x04, 0x00, 0x0a, 0x00, 0x00, 0x00,
  0x0c, 0x00, 0x00, 0x00, 0x10, 0x00, 0x00, 0x00, 0x04, 0x00, 0x00, 0x00,
  0x01, 0x00, 0x00, 0x00, 0x56, 0x00, 0x00, 0x00, 0x01, 0x00, 0x00, 0x00,
  0x52, 0x00, 0x00, 0x00, 0x0e, 0xfa, 0xff, 0xff, 0x14, 0x00, 0x00, 0x00,
  0x00, 0x00, 0x00, 0x23, 0x14, 0x00, 0x00, 0x00, 0x24, 0x00, 0x00, 0x00,
  0x03, 0x00, 0x00, 0x00, 0xba, 0xf9, 0xff, 0xff, 0x04, 0x00, 0x00, 0x00,
  0x04, 0x00, 0x00, 0x00, 0x52, 0x00, 0x00, 0x00, 0x53, 0x00, 0x00, 0x00,
  0x54, 0x00, 0x00, 0x00, 0x55, 0x00, 0x00, 0x00, 0x02, 0x00, 0x00, 0x00,
  0x03, 0x00, 0x00, 0x00, 0x51, 0x00, 0x00, 0x00, 0x4e, 0xfa, 0xff, 0xff,
  0x14, 0x00, 0x00, 0x00, 0x00, 0x00, 0x00, 0x08, 0x10, 0x00, 0x00, 0x00,
  0x14, 0x00, 0x00, 0x00, 0x02, 0x00, 0x00, 0x00, 0x1c, 0xf6, 0xfe, 0xff,
  0x01, 0x00, 0x00, 0x00, 0x51, 0x00, 0x00, 0x00, 0x03, 0x00, 0x00, 0x00,
  0x34, 0x00, 0x00, 0x00, 0x32, 0x00, 0x00, 0x00, 0x23, 0x00, 0x00, 0x00,
  0x82, 0xfa, 0xff, 0xff, 0x14, 0x00, 0x00, 0x00, 0x00, 0x00, 0x00, 0x08,
  0x10, 0x00, 0x00, 0x00, 0x14, 0x00, 0x00, 0x00, 0x02, 0x00, 0x00, 0x00,
  0x50, 0xf6, 0xfe, 0xff, 0x01, 0x00, 0x00, 0x00, 0x50, 0x00, 0x00, 0x00,
  0x03, 0x00, 0x00, 0x00, 0x3e, 0x00, 0x00, 0x00, 0x32, 0x00, 0x00, 0x00,
  0x31, 0x00, 0x00, 0x00, 0xb6, 0xfa, 0xff, 0xff, 0x14, 0x00, 0x00, 0x00,
  0x00, 0x00, 0x00, 0x08, 0x10, 0x00, 0x00, 0x00, 0x14, 0x00, 0x00, 0x00,
  0x02, 0x00, 0x00, 0x00, 0x84, 0xf6, 0xfe, 0xff, 0x01, 0x00, 0x00, 0x00,
  0x4f, 0x00, 0x00, 0x00, 0x03, 0x00, 0x00, 0x00, 0x3d, 0x00, 0x00, 0x00,
  0x32, 0x00, 0x00, 0x00, 0x30, 0x00, 0x00, 0x00, 0xea, 0xfa, 0xff, 0xff,
  0x14, 0x00, 0x00, 0x00, 0x00, 0x00, 0x00, 0x08, 0x10, 0x00, 0x00, 0x00,
  0x14, 0x00, 0x00, 0x00, 0x02, 0x00, 0x00, 0x00, 0xb8, 0xf6, 0xfe, 0xff,
  0x01, 0x00, 0x00, 0x00, 0x4e, 0x00, 0x00, 0x00, 0x03, 0x00, 0x00, 0x00,
  0x3c, 0x00, 0x00, 0x00, 0x32, 0x00, 0x00, 0x00, 0x2f, 0x00, 0x00, 0x00,
  0x1e, 0xfb, 0xff, 0xff, 0x14, 0x00, 0x00, 0x00, 0x00, 0x00, 0x00, 0x08,
  0x10, 0x00, 0x00, 0x00, 0x14, 0x00, 0x00, 0x00, 0x02, 0x00, 0x00, 0x00,
  0xec, 0xf6, 0xfe, 0xff, 0x01, 0x00, 0x00, 0x00, 0x4d, 0x00, 0x00, 0x00,
  0x03, 0x00, 0x00, 0x00, 0x3b, 0x00, 0x00, 0x00, 0x32, 0x00, 0x00, 0x00,
  0x2e, 0x00, 0x00, 0x00, 0x52, 0xfb, 0xff, 0xff, 0x14, 0x00, 0x00, 0x00,
  0x00, 0x00, 0x00, 0x08, 0x10, 0x00, 0x00, 0x00, 0x14, 0x00, 0x00, 0x00,
  0x02, 0x00, 0x00, 0x00, 0x20, 0xf7, 0xfe, 0xff, 0x01, 0x00, 0x00, 0x00,
  0x4c, 0x00, 0x00, 0x00, 0x03, 0x00, 0x00, 0x00, 0x3a, 0x00, 0x00, 0x00,
  0x32, 0x00, 0x00, 0x00, 0x2d, 0x00, 0x00, 0x00, 0x86, 0xfb, 0xff, 0xff,
  0x14, 0x00, 0x00, 0x00, 0x00, 0x00, 0x00, 0x08, 0x10, 0x00, 0x00, 0x00,
  0x14, 0x00, 0x00, 0x00, 0x02, 0x00, 0x00, 0x00, 0x54, 0xf7, 0xfe, 0xff,
  0x01, 0x00, 0x00, 0x00, 0x4b, 0x00, 0x00, 0x00, 0x03, 0x00, 0x00, 0x00,
  0x39, 0x00, 0x00, 0x00, 0x32, 0x00, 0x00, 0x00, 0x2c, 0x00, 0x00, 0x00,
  0xba, 0xfb, 0xff, 0xff, 0x14, 0x00, 0x00, 0x00, 0x00, 0x00, 0x00, 0x08,
  0x10, 0x00, 0x00, 0x00, 0x14, 0x00, 0x00, 0x00, 0x02, 0x00, 0x00, 0x00,
  0x88, 0xf7, 0xfe, 0xff, 0x01, 0x00, 0x00, 0x00, 0x4a, 0x00, 0x00, 0x00,
  0x03, 0x00, 0x00, 0x00, 0x38, 0x00, 0x00, 0x00, 0x32, 0x00, 0x00, 0x00,
  0x2b, 0x00, 0x00, 0x00, 0xee, 0xfb, 0xff, 0xff, 0x14, 0x00, 0x00, 0x00,
  0x00, 0x00, 0x00, 0x08, 0x10, 0x00, 0x00, 0x00, 0x14, 0x00, 0x00, 0x00,
  0x02, 0x00, 0x00, 0x00, 0xbc, 0xf7, 0xfe, 0xff, 0x01, 0x00, 0x00, 0x00,
  0x49, 0x00, 0x00, 0x00, 0x03, 0x00, 0x00, 0x00, 0x37, 0x00, 0x00, 0x00,
  0x32, 0x00, 0x00, 0x00, 0x2a, 0x00, 0x00, 0x00, 0x22, 0xfc, 0xff, 0xff,
  0x14, 0x00, 0x00, 0x00, 0x00, 0x00, 0x00, 0x08, 0x10, 0x00, 0x00, 0x00,
  0x14, 0x00, 0x00, 0x00, 0x02, 0x00, 0x00, 0x00, 0xf0, 0xf7, 0xfe, 0xff,
  0x01, 0x00, 0x00, 0x00, 0x48, 0x00, 0x00, 0x00, 0x03, 0x00, 0x00, 0x00,
  0x36, 0x00, 0x00, 0x00, 0x32, 0x00, 0x00, 0x00, 0x29, 0x00, 0x00, 0x00,
  0x56, 0xfc, 0xff, 0xff, 0x14, 0x00, 0x00, 0x00, 0x00, 0x00, 0x00, 0x08,
  0x10, 0x00, 0x00, 0x00, 0x14, 0x00, 0x00, 0x00, 0x02, 0x00, 0x00, 0x00,
  0x24, 0xf8, 0xfe, 0xff, 0x01, 0x00, 0x00, 0x00, 0x47, 0x00, 0x00, 0x00,
  0x03, 0x00, 0x00, 0x00, 0x35, 0x00, 0x00, 0x00, 0x32, 0x00, 0x00, 0x00,
  0x28, 0x00, 0x00, 0x00, 0x8a, 0xfc, 0xff, 0xff, 0x14, 0x00, 0x00, 0x00,
  0x00, 0x00, 0x00, 0x08, 0x10, 0x00, 0x00, 0x00, 0x14, 0x00, 0x00, 0x00,
  0x02, 0x00, 0x00, 0x00, 0x58, 0xf8, 0xfe, 0xff, 0x01, 0x00, 0x00, 0x00,
  0x46, 0x00, 0x00, 0x00, 0x03, 0x00, 0x00, 0x00, 0x42, 0x00, 0x00, 0x00,
  0x32, 0x00, 0x00, 0x00, 0x27, 0x00, 0x00, 0x00, 0xbe, 0xfc, 0xff, 0xff,
  0x14, 0x00, 0x00, 0x00, 0x00, 0x00, 0x00, 0x08, 0x10, 0x00, 0x00, 0x00,
  0x14, 0x00, 0x00, 0x00, 0x02, 0x00, 0x00, 0x00, 0x8c, 0xf8, 0xfe, 0xff,
  0x01, 0x00, 0x00, 0x00, 0x45, 0x00, 0x00, 0x00, 0x03, 0x00, 0x00, 0x00,
  0x41, 0x00, 0x00, 0x00, 0x32, 0x00, 0x00, 0x00, 0x26, 0x00, 0x00, 0x00,
  0xf2, 0xfc, 0xff, 0xff, 0x14, 0x00, 0x00, 0x00, 0x00, 0x00, 0x00, 0x08,
  0x10, 0x00, 0x00, 0x00, 0x14, 0x00, 0x00, 0x00, 0x02, 0x00, 0x00, 0x00,
  0xc0, 0xf8, 0xfe, 0xff, 0x01, 0x00, 0x00, 0x00, 0x44, 0x00, 0x00, 0x00,
  0x03, 0x00, 0x00, 0x00, 0x40, 0x00, 0x00, 0x00, 0x32, 0x00, 0x00, 0x00,
  0x25, 0x00, 0x00, 0x00, 0x26, 0xfd, 0xff, 0xff, 0x14, 0x00, 0x00, 0x00,
  0x00, 0x00, 0x00, 0x08, 0x10, 0x00, 0x00, 0x00, 0x14, 0x00, 0x00, 0x00,
  0x02, 0x00, 0x00, 0x00, 0xf4, 0xf8, 0xfe, 0xff, 0x01, 0x00, 0x00, 0x00,
  0x43, 0x00, 0x00, 0x00, 0x03, 0x00, 0x00, 0x00, 0x3f, 0x00, 0x00, 0x00,
  0x32, 0x00, 0x00, 0x00, 0x24, 0x00, 0x00, 0x00, 0x5a, 0xfd, 0xff, 0xff,
  0x14, 0x00, 0x00, 0x00, 0x00, 0x00, 0x00, 0x17, 0x14, 0x00, 0x00, 0x00,
  0x18, 0x00, 0x00, 0x00, 0x01, 0x00, 0x00, 0x00, 0x06, 0xfd, 0xff, 0xff,
  0x01, 0x00, 0x00, 0x00, 0x01, 0x00, 0x00, 0x00, 0x42, 0x00, 0x00, 0x00,
  0x02, 0x00, 0x00, 0x00, 0x33, 0x00, 0x00, 0x00, 0x10, 0x00, 0x00, 0x00,
  0x8e, 0xfd, 0xff, 0xff, 0x14, 0x00, 0x00, 0x00, 0x00, 0x00, 0x00, 0x17,
  0x14, 0x00, 0x00, 0x00, 0x18, 0x00, 0x00, 0x00, 0x01, 0x00, 0x00, 0x00,
  0x3a, 0xfd, 0xff, 0xff, 0x01, 0x00, 0x00, 0x00, 0x01, 0x00, 0x00, 0x00,
  0x41, 0x00, 0x00, 0x00, 0x02, 0x00, 0x00, 0x00, 0x33, 0x00, 0x00, 0x00,
  0x0f, 0x00, 0x00, 0x00, 0xc2, 0xfd, 0xff, 0xff, 0x14, 0x00, 0x00, 0x00,
  0x00, 0x00, 0x00, 0x17, 0x14, 0x00, 0x00, 0x00, 0x18, 0x00, 0x00, 0x00,
  0x01, 0x00, 0x00, 0x00, 0x6e, 0xfd, 0xff, 0xff, 0x01, 0x00, 0x00, 0x00,
  0x01, 0x00, 0x00, 0x00, 0x40, 0x00, 0x00, 0x00, 0x02, 0x00, 0x00, 0x00,
  0x33, 0x00, 0x00, 0x00, 0x0e, 0x00, 0x00, 0x00, 0xf6, 0xfd, 0xff, 0xff,
  0x14, 0x00, 0x00, 0x00, 0x00, 0x00, 0x00, 0x17, 0x14, 0x00, 0x00, 0x00,
  0x18, 0x00, 0x00, 0x00, 0x01, 0x00, 0x00, 0x00, 0xa2, 0xfd, 0xff, 0xff,
  0x01, 0x00, 0x00, 0x00, 0x01, 0x00, 0x00, 0x00, 0x3f, 0x00, 0x00, 0x00,
  0x02, 0x00, 0x00, 0x00, 0x33, 0x00, 0x00, 0x00, 0x0d, 0x00, 0x00, 0x00,
  0x2a, 0xfe, 0xff, 0xff, 0x14, 0x00, 0x00, 0x00, 0x00, 0x00, 0x00, 0x17,
  0x14, 0x00, 0x00, 0x00, 0x18, 0x00, 0x00, 0x00, 0x01, 0x00, 0x00, 0x00,
  0xd6, 0xfd, 0xff, 0xff, 0x01, 0x00, 0x00, 0x00, 0x01, 0x00, 0x00, 0x00,
  0x3e, 0x00, 0x00, 0x00, 0x02, 0x00, 0x00, 0x00, 0x33, 0x00, 0x00, 0x00,
  0x0c, 0x00, 0x00, 0x00, 0x5e, 0xfe, 0xff, 0xff, 0x14, 0x00, 0x00, 0x00,
  0x00, 0x00, 0x00, 0x17, 0x14, 0x00, 0x00, 0x00, 0x18, 0x00, 0x00, 0x00,
  0x01, 0x00, 0x00, 0x00, 0x0a, 0xfe, 0xff, 0xff, 0x01, 0x00, 0x00, 0x00,
  0x01, 0x00, 0x00, 0x00, 0x3d, 0x00, 0x00, 0x00, 0x02, 0x00, 0x00, 0x00,
  0x33, 0x00, 0x00, 0x00, 0x0b, 0x00, 0x00, 0x00, 0x92, 0xfe, 0xff, 0xff,
  0x14, 0x00, 0x00, 0x00, 0x00, 0x00, 0x00, 0x17, 0x14, 0x00, 0x00, 0x00,
  0x18, 0x00, 0x00, 0x00, 0x01, 0x00, 0x00, 0x00, 0x3e, 0xfe, 0xff, 0xff,
  0x01, 0x00, 0x00, 0x00, 0x01, 0x00, 0x00, 0x00, 0x3c, 0x00, 0x00, 0x00,
  0x02, 0x00, 0x00, 0x00, 0x33, 0x00, 0x00, 0x00, 0x0a, 0x00, 0x00, 0x00,
  0xc6, 0xfe, 0xff, 0xff, 0x14, 0x00, 0x00, 0x00, 0x00, 0x00, 0x00, 0x17,
  0x14, 0x00, 0x00, 0x00, 0x18, 0x00, 0x00, 0x00, 0x01, 0x00, 0x00, 0x00,
  0x72, 0xfe, 0xff, 0xff, 0x01, 0x00, 0x00, 0x00, 0x01, 0x00, 0x00, 0x00,
  0x3b, 0x00, 0x00, 0x00, 0x02, 0x00, 0x00, 0x00, 0x33, 0x00, 0x00, 0x00,
  0x09, 0x00, 0x00, 0x00, 0xfa, 0xfe, 0xff, 0xff, 0x14, 0x00, 0x00, 0x00,
  0x00, 0x00, 0x00, 0x17, 0x14, 0x00, 0x00, 0x00, 0x18, 0x00, 0x00, 0x00,
  0x01, 0x00, 0x00, 0x00, 0xa6, 0xfe, 0xff, 0xff, 0x01, 0x00, 0x00, 0x00,
  0x01, 0x00, 0x00, 0x00, 0x3a, 0x00, 0x00, 0x00, 0x02, 0x00, 0x00, 0x00,
  0x33, 0x00, 0x00, 0x00, 0x08, 0x00, 0x00, 0x00, 0x2e, 0xff, 0xff, 0xff,
  0x14, 0x00, 0x00, 0x00, 0x00, 0x00, 0x00, 0x17, 0x14, 0x00, 0x00, 0x00,
  0x18, 0x00, 0x00, 0x00, 0x01, 0x00, 0x00, 0x00, 0xda, 0xfe, 0xff, 0xff,
  0x01, 0x00, 0x00, 0x00, 0x01, 0x00, 0x00, 0x00, 0x39, 0x00, 0x00, 0x00,
  0x02, 0x00, 0x00, 0x00, 0x33, 0x00, 0x00, 0x00, 0x07, 0x00, 0x00, 0x00,
  0x62, 0xff, 0xff, 0xff, 0x14, 0x00, 0x00, 0x00, 0x00, 0x00, 0x00, 0x17,
  0x14, 0x00, 0x00, 0x00, 0x18, 0x00, 0x00, 0x00, 0x01, 0x00, 0x00, 0x00,
  0x0e, 0xff, 0xff, 0xff, 0x01, 0x00, 0x00, 0x00, 0x01, 0x00, 0x00, 0x00,
  0x38, 0x00, 0x00, 0x00, 0x02, 0x00, 0x00, 0x00, 0x33, 0x00, 0x00, 0x00,
  0x06, 0x00, 0x00, 0x00, 0x96, 0xff, 0xff, 0xff, 0x14, 0x00, 0x00, 0x00,
  0x00, 0x00, 0x00, 0x17, 0x14, 0x00, 0x00, 0x00, 0x18, 0x00, 0x00, 0x00,
  0x01, 0x00, 0x00, 0x00, 0x42, 0xff, 0xff, 0xff, 0x01, 0x00, 0x00, 0x00,
  0x01, 0x00, 0x00, 0x00, 0x37, 0x00, 0x00, 0x00, 0x02, 0x00, 0x00, 0x00,
  0x33, 0x00, 0x00, 0x00, 0x05, 0x00, 0x00, 0x00, 0xca, 0xff, 0xff, 0xff,
  0x14, 0x00, 0x00, 0x00, 0x00, 0x00, 0x00, 0x17, 0x14, 0x00, 0x00, 0x00,
  0x18, 0x00, 0x00, 0x00, 0x01, 0x00, 0x00, 0x00, 0x76, 0xff, 0xff, 0xff,
  0x01, 0x00, 0x00, 0x00, 0x01, 0x00, 0x00, 0x00, 0x36, 0x00, 0x00, 0x00,
  0x02, 0x00, 0x00, 0x00, 0x33, 0x00, 0x00, 0x00, 0x04, 0x00, 0x00, 0x00,
  0x00, 0x00, 0x0e, 0x00, 0x18, 0x00, 0x14, 0x00, 0x10, 0x00, 0x0c, 0x00,
  0x0b, 0x00, 0x04, 0x00, 0x0e, 0x00, 0x00, 0x00, 0x14, 0x00, 0x00, 0x00,
  0x00, 0x00, 0x00, 0x17, 0x14, 0x00, 0x00, 0x00, 0x18, 0x00, 0x00, 0x00,
  0x01, 0x00, 0x00, 0x00, 0xba, 0xff, 0xff, 0xff, 0x01, 0x00, 0x00, 0x00,
  0x01, 0x00, 0x00, 0x00, 0x35, 0x00, 0x00, 0x00, 0x02, 0x00, 0x00, 0x00,
  0x33, 0x00, 0x00, 0x00, 0x03, 0x00, 0x00, 0x00, 0x00, 0x00, 0x0e, 0x00,
  0x1a, 0x00, 0x14, 0x00, 0x10, 0x00, 0x0c, 0x00, 0x0b, 0x00, 0x04, 0x00,
  0x0e, 0x00, 0x00, 0x00, 0x1c, 0x00, 0x00, 0x00, 0x00, 0x00, 0x00, 0x17,
  0x1c, 0x00, 0x00, 0x00, 0x20, 0x00, 0x00, 0x00, 0x01, 0x00, 0x00, 0x00,
  0x00, 0x00, 0x06, 0x00, 0x08, 0x00, 0x04, 0x00, 0x06, 0x00, 0x00, 0x00,
  0x01, 0x00, 0x00, 0x00, 0x01, 0x00, 0x00, 0x00, 0x34, 0x00, 0x00, 0x00,
  0x02, 0x00, 0x00, 0x00, 0x33, 0x00, 0x00, 0x00, 0x02, 0x00, 0x00, 0x00,
  0x00, 0x00, 0x0a, 0x00, 0x0c, 0x00, 0x00, 0x00, 0x08, 0x00, 0x04, 0x00,
  0x0a, 0x00, 0x00, 0x00, 0x08, 0x00, 0x00, 0x00, 0x0c, 0x00, 0x00, 0x00,
  0x01, 0x00, 0x00, 0x00, 0x33, 0x00, 0x00, 0x00, 0x02, 0x00, 0x00, 0x00,
  0x00, 0x00, 0x00, 0x00, 0x01, 0x00, 0x00, 0x00, 0x01, 0x00, 0x00, 0x00,
  0x40, 0x01, 0x00, 0x00, 0x01, 0x00, 0x00, 0x00, 0x00, 0x00, 0x00, 0x00,
  0x41, 0x01, 0x00, 0x00, 0xd8, 0x03, 0x01, 0x00, 0x5c, 0x03, 0x01, 0x00,
  0xfc, 0x02, 0x01, 0x00, 0xc0, 0x02, 0x01, 0x00, 0x60, 0x02, 0x01, 0x00,
  0x00, 0x02, 0x01, 0x00, 0xa0, 0x01, 0x01, 0x00, 0x40, 0x01, 0x01, 0x00,
  0xe0, 0x00, 0x01, 0x00, 0x80, 0x00, 0x01, 0x00, 0x20, 0x00, 0x01, 0x00,
  0xc0, 0xff, 0x00, 0x00, 0x60, 0xff, 0x00, 0x00, 0x00, 0xff, 0x00, 0x00,
  0xa0, 0xfe, 0x00, 0x00, 0x40, 0xfe, 0x00, 0x00, 0x04, 0xfe, 0x00, 0x00,
  0xc4, 0xfd, 0x00, 0x00, 0x04, 0xfd, 0x00, 0x00, 0x40, 0xfc, 0x00, 0x00,
  0xec, 0xf8, 0x00, 0x00, 0x98, 0xf5, 0x00, 0x00, 0x44, 0xf2, 0x00, 0x00,
  0xf0, 0xee, 0x00, 0x00, 0x9c, 0xeb, 0x00, 0x00, 0x48, 0xe8, 0x00, 0x00,
  0xf4, 0xe4, 0x00, 0x00, 0xa0, 0xe1, 0x00, 0x00, 0x4c, 0xde, 0x00, 0x00,
  0xf8, 0xda, 0x00, 0x00, 0xa4, 0xd7, 0x00, 0x00, 0x50, 0xd4, 0x00, 0x00,
  0xfc, 0xd0, 0x00, 0x00, 0xa8, 0xcd, 0x00, 0x00, 0x4c, 0xca, 0x00, 0x00,
  0xb8, 0xc6, 0x00, 0x00, 0x64, 0xc3, 0x00, 0x00, 0x10, 0xc0, 0x00, 0x00,
  0xbc, 0xbc, 0x00, 0x00, 0x68, 0xb9, 0x00, 0x00, 0x14, 0xb6, 0x00, 0x00,
  0xc0, 0xb2, 0x00, 0x00, 0x6c, 0xaf, 0x00, 0x00, 0x18, 0xac, 0x00, 0x00,
  0xc4, 0xa8, 0x00, 0x00, 0x70, 0xa5, 0x00, 0x00, 0x1c, 0xa2, 0x00, 0x00,
  0xc8, 0x9e, 0x00, 0x00, 0x74, 0x9b, 0x00, 0x00, 0x20, 0x98, 0x00, 0x00,
  0xc4, 0x94, 0x00, 0x00, 0x40, 0x94, 0x00, 0x00, 0xc4, 0x93, 0x00, 0x00,
  0x48, 0x93, 0x00, 0x00, 0xcc, 0x92, 0x00, 0x00, 0x50, 0x92, 0x00, 0x00,
  0xd4, 0x91, 0x00, 0x00, 0x58, 0x91, 0x00, 0x00, 0xdc, 0x90, 0x00, 0x00,
  0x60, 0x90, 0x00, 0x00, 0xe4, 0x8f, 0x00, 0x00, 0x68, 0x8f, 0x00, 0x00,
  0xec, 0x8e, 0x00, 0x00, 0x70, 0x8e, 0x00, 0x00, 0xf4, 0x8d, 0x00, 0x00,
  0x78, 0x8d, 0x00, 0x00, 0xfc, 0x8c, 0x00, 0x00, 0x58, 0x8c, 0x00, 0x00,
  0xb4, 0x8b, 0x00, 0x00, 0x10, 0x8b, 0x00, 0x00, 0x6c, 0x8a, 0x00, 0x00,
  0xc8, 0x89, 0x00, 0x00, 0x24, 0x89, 0x00, 0x00, 0x80, 0x88, 0x00, 0x00,
  0xdc, 0x87, 0x00, 0x00, 0x38, 0x87, 0x00, 0x00, 0x94, 0x86, 0x00, 0x00,
  0xf0, 0x85, 0x00, 0x00, 0x4c, 0x85, 0x00, 0x00, 0xa8, 0x84, 0x00, 0x00,
  0x04, 0x84, 0x00, 0x00, 0x38, 0x83, 0x00, 0x00, 0x74, 0x82, 0x00, 0x00,
  0xb0, 0x81, 0x00, 0x00, 0xec, 0x80, 0x00, 0x00, 0x28, 0x80, 0x00, 0x00,
  0xac, 0x7f, 0x00, 0x00, 0x30, 0x7f, 0x00, 0x00, 0xbc, 0x7e, 0x00, 0x00,
  0x48, 0x7e, 0x00, 0x00, 0xd4, 0x7d, 0x00, 0x00, 0x60, 0x7d, 0x00, 0x00,
  0xbc, 0x7c, 0x00, 0x00, 0x48, 0x7c, 0x00, 0x00, 0x84, 0x7b, 0x00, 0x00,
  0xc0, 0x7a, 0x00, 0x00, 0xfc, 0x79, 0x00, 0x00, 0x38, 0x79, 0x00, 0x00,
  0xbc, 0x78, 0x00, 0x00, 0x40, 0x78, 0x00, 0x00, 0xcc, 0x77, 0x00, 0x00,
  0x50, 0x77, 0x00, 0x00, 0xdc, 0x76, 0x00, 0x00, 0x68, 0x76, 0x00, 0x00,
  0xf4, 0x75, 0x00, 0x00, 0x80, 0x75, 0x00, 0x00, 0x0c, 0x75, 0x00, 0x00,
  0x68, 0x74, 0x00, 0x00, 0xf4, 0x73, 0x00, 0x00, 0x30, 0x73, 0x00, 0x00,
  0x6c, 0x72, 0x00, 0x00, 0xa8, 0x71, 0x00, 0x00, 0xe4, 0x70, 0x00, 0x00,
  0x68, 0x70, 0x00, 0x00, 0xec, 0x6f, 0x00, 0x00, 0x78, 0x6f, 0x00, 0x00,
  0xfc, 0x6e, 0x00, 0x00, 0x88, 0x6e, 0x00, 0x00, 0x14, 0x6e, 0x00, 0x00,
  0xa0, 0x6d, 0x00, 0x00, 0x2c, 0x6d, 0x00, 0x00, 0xb8, 0x6c, 0x00, 0x00,
  0x14, 0x6c, 0x00, 0x00, 0xa0, 0x6b, 0x00, 0x00, 0xdc, 0x6a, 0x00, 0x00,
  0x18, 0x6a, 0x00, 0x00, 0x54, 0x69, 0x00, 0x00, 0x90, 0x68, 0x00, 0x00,
  0x14, 0x68, 0x00, 0x00, 0x98, 0x67, 0x00, 0x00, 0x24, 0x67, 0x00, 0x00,
  0xa8, 0x66, 0x00, 0x00, 0x34, 0x66, 0x00, 0x00, 0xc0, 0x65, 0x00, 0x00,
  0x4c, 0x65, 0x00, 0x00, 0xd8, 0x64, 0x00, 0x00, 0x64, 0x64, 0x00, 0x00,
  0xc0, 0x63, 0x00, 0x00, 0x4c, 0x63, 0x00, 0x00, 0x88, 0x62, 0x00, 0x00,
  0xc4, 0x61, 0x00, 0x00, 0x00, 0x61, 0x00, 0x00, 0x3c, 0x60, 0x00, 0x00,
  0xc0, 0x5f, 0x00, 0x00, 0x44, 0x5f, 0x00, 0x00, 0xd0, 0x5e, 0x00, 0x00,
  0x54, 0x5e, 0x00, 0x00, 0xe0, 0x5d, 0x00, 0x00, 0x6c, 0x5d, 0x00, 0x00,
  0xf8, 0x5c, 0x00, 0x00, 0x84, 0x5c, 0x00, 0x00, 0x10, 0x5c, 0x00, 0x00,
  0x6c, 0x5b, 0x00, 0x00, 0xf8, 0x5a, 0x00, 0x00, 0x34, 0x5a, 0x00, 0x00,
  0x70, 0x59, 0x00, 0x00, 0xac, 0x58, 0x00, 0x00, 0xe8, 0x57, 0x00, 0x00,
  0x6c, 0x57, 0x00, 0x00, 0xf0, 0x56, 0x00, 0x00, 0x7c, 0x56, 0x00, 0x00,
  0x00, 0x56, 0x00, 0x00, 0x8c, 0x55, 0x00, 0x00, 0x18, 0x55, 0x00, 0x00,
  0xa4, 0x54, 0x00, 0x00, 0x30, 0x54, 0x00, 0x00, 0xbc, 0x53, 0x00, 0x00,
  0x18, 0x53, 0x00, 0x00, 0xa4, 0x52, 0x00, 0x00, 0xe0, 0x51, 0x00, 0x00,
  0x1c, 0x51, 0x00, 0x00, 0x58, 0x50, 0x00, 0x00, 0x94, 0x4f, 0x00, 0x00,
  0x18, 0x4f, 0x00, 0x00, 0x9c, 0x4e, 0x00, 0x00, 0x28, 0x4e, 0x00, 0x00,
  0xac, 0x4d, 0x00, 0x00, 0x38, 0x4d, 0x00, 0x00, 0xc4, 0x4c, 0x00, 0x00,
  0x50, 0x4c, 0x00, 0x00, 0xdc, 0x4b, 0x00, 0x00, 0x68, 0x4b, 0x00, 0x00,
  0xc4, 0x4a, 0x00, 0x00, 0x50, 0x4a, 0x00, 0x00, 0x8c, 0x49, 0x00, 0x00,
  0xc8, 0x48, 0x00, 0x00, 0x04, 0x48, 0x00, 0x00, 0x40, 0x47, 0x00, 0x00,
  0xc4, 0x46, 0x00, 0x00, 0x48, 0x46, 0x00, 0x00, 0xd4, 0x45, 0x00, 0x00,
  0x58, 0x45, 0x00, 0x00, 0xe4, 0x44, 0x00, 0x00, 0x70, 0x44, 0x00, 0x00,
  0xfc, 0x43, 0x00, 0x00, 0x88, 0x43, 0x00, 0x00, 0x14, 0x43, 0x00, 0x00,
  0x70, 0x42, 0x00, 0x00, 0xfc, 0x41, 0x00, 0x00, 0x38, 0x41, 0x00, 0x00,
  0x74, 0x40, 0x00, 0x00, 0xb0, 0x3f, 0x00, 0x00, 0xec, 0x3e, 0x00, 0x00,
  0x70, 0x3e, 0x00, 0x00, 0xf4, 0x3d, 0x00, 0x00, 0x80, 0x3d, 0x00, 0x00,
  0x04, 0x3d, 0x00, 0x00, 0x90, 0x3c, 0x00, 0x00, 0x1c, 0x3c, 0x00, 0x00,
  0xa8, 0x3b, 0x00, 0x00, 0x34, 0x3b, 0x00, 0x00, 0xc0, 0x3a, 0x00, 0x00,
  0x1c, 0x3a, 0x00, 0x00, 0xa8, 0x39, 0x00, 0x00, 0xe4, 0x38, 0x00, 0x00,
  0x20, 0x38, 0x00, 0x00, 0x5c, 0x37, 0x00, 0x00, 0x98, 0x36, 0x00, 0x00,
  0x1c, 0x36, 0x00, 0x00, 0xa0, 0x35, 0x00, 0x00, 0x2c, 0x35, 0x00, 0x00,
  0xb0, 0x34, 0x00, 0x00, 0x3c, 0x34, 0x00, 0x00, 0xc8, 0x33, 0x00, 0x00,
  0x54, 0x33, 0x00, 0x00, 0xe0, 0x32, 0x00, 0x00, 0x6c, 0x32, 0x00, 0x00,
  0xc8, 0x31, 0x00, 0x00, 0x54, 0x31, 0x00, 0x00, 0x90, 0x30, 0x00, 0x00,
  0xcc, 0x2f, 0x00, 0x00, 0x08, 0x2f, 0x00, 0x00, 0x44, 0x2e, 0x00, 0x00,
  0xc8, 0x2d, 0x00, 0x00, 0x4c, 0x2d, 0x00, 0x00, 0xd8, 0x2c, 0x00, 0x00,
  0x5c, 0x2c, 0x00, 0x00, 0xe8, 0x2b, 0x00, 0x00, 0x74, 0x2b, 0x00, 0x00,
  0x00, 0x2b, 0x00, 0x00, 0x8c, 0x2a, 0x00, 0x00, 0x18, 0x2a, 0x00, 0x00,
  0x74, 0x29, 0x00, 0x00, 0x00, 0x29, 0x00, 0x00, 0x3c, 0x28, 0x00, 0x00,
  0x78, 0x27, 0x00, 0x00, 0xb4, 0x26, 0x00, 0x00, 0xf0, 0x25, 0x00, 0x00,
  0x74, 0x25, 0x00, 0x00, 0xf8, 0x24, 0x00, 0x00, 0x84, 0x24, 0x00, 0x00,
  0x08, 0x24, 0x00, 0x00, 0x94, 0x23, 0x00, 0x00, 0x20, 0x23, 0x00, 0x00,
  0xac, 0x22, 0x00, 0x00, 0x38, 0x22, 0x00, 0x00, 0xc4, 0x21, 0x00, 0x00,
  0x20, 0x21, 0x00, 0x00, 0xac, 0x20, 0x00, 0x00, 0xe8, 0x1f, 0x00, 0x00,
  0x24, 0x1f, 0x00, 0x00, 0x60, 0x1e, 0x00, 0x00, 0x9c, 0x1d, 0x00, 0x00,
  0x20, 0x1d, 0x00, 0x00, 0xa4, 0x1c, 0x00, 0x00, 0x30, 0x1c, 0x00, 0x00,
  0xb4, 0x1b, 0x00, 0x00, 0x40, 0x1b, 0x00, 0x00, 0xcc, 0x1a, 0x00, 0x00,
  0x58, 0x1a, 0x00, 0x00, 0xe4, 0x19, 0x00, 0x00, 0x70, 0x19, 0x00, 0x00,
  0xcc, 0x18, 0x00, 0x00, 0x58, 0x18, 0x00, 0x00, 0x94, 0x17, 0x00, 0x00,
  0xd0, 0x16, 0x00, 0x00, 0x0c, 0x16, 0x00, 0x00, 0x48, 0x15, 0x00, 0x00,
  0xcc, 0x14, 0x00, 0x00, 0x50, 0x14, 0x00, 0x00, 0xdc, 0x13, 0x00, 0x00,
  0x60, 0x13, 0x00, 0x00, 0xec, 0x12, 0x00, 0x00, 0x78, 0x12, 0x00, 0x00,
  0x04, 0x12, 0x00, 0x00, 0x90, 0x11, 0x00, 0x00, 0x1c, 0x11, 0x00, 0x00,
  0x78, 0x10, 0x00, 0x00, 0x04, 0x10, 0x00, 0x00, 0x40, 0x0f, 0x00, 0x00,
  0x7c, 0x0e, 0x00, 0x00, 0xb8, 0x0d, 0x00, 0x00, 0xf4, 0x0c, 0x00, 0x00,
  0x78, 0x0c, 0x00, 0x00, 0xfc, 0x0b, 0x00, 0x00, 0x88, 0x0b, 0x00, 0x00,
  0x0c, 0x0b, 0x00, 0x00, 0x98, 0x0a, 0x00, 0x00, 0x24, 0x0a, 0x00, 0x00,
  0xb0, 0x09, 0x00, 0x00, 0x3c, 0x09, 0x00, 0x00, 0xc8, 0x08, 0x00, 0x00,
  0x54, 0x08, 0x00, 0x00, 0xe0, 0x07, 0x00, 0x00, 0x6c, 0x07, 0x00, 0x00,
  0xf8, 0x06, 0x00, 0x00, 0x84, 0x06, 0x00, 0x00, 0x10, 0x06, 0x00, 0x00,
  0x9c, 0x05, 0x00, 0x00, 0x28, 0x05, 0x00, 0x00, 0xb4, 0x04, 0x00, 0x00,
  0x40, 0x04, 0x00, 0x00, 0xcc, 0x03, 0x00, 0x00, 0x58, 0x03, 0x00, 0x00,
  0xe4, 0x02, 0x00, 0x00, 0x70, 0x02, 0x00, 0x00, 0xfc, 0x01, 0x00, 0x00,
  0x88, 0x01, 0x00, 0x00, 0x0c, 0x01, 0x00, 0x00, 0x68, 0x00, 0x00, 0x00,
  0x04, 0x00, 0x00, 0x00, 0x42, 0x01, 0xff, 0xff, 0x00, 0x00, 0x00, 0x01,
  0x14, 0x00, 0x00, 0x00, 0x30, 0x00, 0x00, 0x00, 0x41, 0x01, 0x00, 0x00,
  0x00, 0x00, 0x00, 0x09, 0x3c, 0x00, 0x00, 0x00, 0x2c, 0x01, 0xff, 0xff,
  0x08, 0x00, 0x00, 0x00, 0x10, 0x00, 0x00, 0x00, 0x01, 0x00, 0x00, 0x00,
  0x80, 0xff, 0xff, 0xff, 0xff, 0xff, 0xff, 0xff, 0x01, 0x00, 0x00, 0x00,
  0x00, 0x00, 0x80, 0x3b, 0x11, 0x00, 0x00, 0x00, 0x50, 0x61, 0x72, 0x74,
  0x69, 0x74, 0x69, 0x6f, 0x6e, 0x65, 0x64, 0x43, 0x61, 0x6c, 0x6c, 0x3a,
  0x30, 0x00, 0x00, 0x00, 0x02, 0x00, 0x00, 0x00, 0x01, 0x00, 0x00, 0x00,
  0x07, 0x00, 0x00, 0x00, 0xa2, 0x01, 0xff, 0xff, 0x00, 0x00, 0x00, 0x01,
  0x14, 0x00, 0x00, 0x00, 0x34, 0x00, 0x00, 0x00, 0x40, 0x01, 0x00, 0x00,
  0x00, 0x00, 0x00, 0x09, 0x7c, 0x00, 0x00, 0x00, 0x8c, 0x01, 0xff, 0xff,
  0x08, 0x00, 0x00, 0x00, 0x14, 0x00, 0x00, 0x00, 0x01, 0x00, 0x00, 0x00,
  0xfe, 0xff, 0xff, 0xff, 0xff, 0xff, 0xff, 0xff, 0x00, 0x00, 0x00, 0x00,
  0x01, 0x00, 0x00, 0x00, 0xb0, 0x71, 0x0e, 0x3d, 0x4e, 0x00, 0x00, 0x00,
  0x6d, 0x6f, 0x64, 0x65, 0x6c, 0x5f, 0x39, 0x32, 0x2f, 0x74, 0x66, 0x2e,
  0x6c, 0x69, 0x6e, 0x61, 0x6c, 0x67, 0x2e, 0x6d, 0x61, 0x74, 0x6d, 0x75,
  0x6c, 0x5f, 0x31, 0x30, 0x31, 0x38, 0x2f, 0x4d, 0x61, 0x74, 0x4d, 0x75,
  0x6c, 0x3b, 0x6d, 0x6f, 0x64, 0x65, 0x6c, 0x5f, 0x39, 0x32, 0x2f, 0x74,
  0x66, 0x2e, 0x5f, 0x5f, 0x6f, 0x70, 0x65, 0x72, 0x61, 0x74, 0x6f, 0x72,
  0x73, 0x5f, 0x5f, 0x2e, 0x61, 0x64, 0x64, 0x5f, 0x31, 0x35, 0x39, 0x35,
  0x2f, 0x41, 0x64, 0x64, 0x56, 0x32, 0x00, 0x00, 0x02, 0x00, 0x00, 0x00,
  0x01, 0x00, 0x00, 0x00, 0x07, 0x00, 0x00, 0x00, 0x42, 0x02, 0xff, 0xff,
  0x00, 0x00, 0x00, 0x01, 0x14, 0x00, 0x00, 0x00, 0x30, 0x00, 0x00, 0x00,
  0x3f, 0x01, 0x00, 0x00, 0x00, 0x00, 0x00, 0x09, 0x54, 0x00, 0x00, 0x00,
  0x2c, 0x02, 0xff, 0xff, 0x08, 0x00, 0x00, 0x00, 0x10, 0x00, 0x00, 0x00,
  0x01, 0x00, 0x00, 0x00, 0xff, 0xff, 0xff, 0xff, 0xff, 0xff, 0xff, 0xff,
  0x01, 0x00, 0x00, 0x00, 0x81, 0x80, 0x00, 0x3c, 0x2a, 0x00, 0x00, 0x00,
  0x6d, 0x6f, 0x64, 0x65, 0x6c, 0x5f, 0x39, 0x32, 0x2f, 0x74, 0x66, 0x2e,
  0x63, 0x6f, 0x6d, 0x70, 0x61, 0x74, 0x2e, 0x76, 0x31, 0x2e, 0x67, 0x61,
  0x74, 0x68, 0x65, 0x72, 0x5f, 0x35, 0x33, 0x35, 0x2f, 0x47, 0x61, 0x74,
  0x68, 0x65, 0x72, 0x56, 0x32, 0x3b, 0x00, 0x00, 0x02, 0x00, 0x00, 0x00,
  0x01, 0x00, 0x00, 0x00, 0x10, 0x00, 0x00, 0x00, 0xba, 0x02, 0xff, 0xff,
  0x00, 0x00, 0x00, 0x01, 0x14, 0x00, 0x00, 0x00, 0x30, 0x00, 0x00, 0x00,
  0x3e, 0x01, 0x00, 0x00, 0x00, 0x00, 0x00, 0x09, 0x48, 0x00, 0x00, 0x00,
  0xa4, 0x02, 0xff, 0xff, 0x08, 0x00, 0x00, 0x00, 0x10, 0x00, 0x00, 0x00,
  0x01, 0x00, 0x00, 0x00, 0xff, 0xff, 0xff, 0xff, 0xff, 0xff, 0xff, 0xff,
  0x01, 0x00, 0x00, 0x00, 0x81, 0x80, 0x00, 0x3c, 0x1c, 0x00, 0x00, 0x00,
  0x6d, 0x6f, 0x64, 0x65, 0x6c, 0x5f, 0x39, 0x32, 0x2f, 0x74, 0x66, 0x2e,
  0x63, 0x6f, 0x6e, 0x63, 0x61, 0x74, 0x5f, 0x34, 0x31, 0x2f, 0x63, 0x6f,
  0x6e, 0x63, 0x61, 0x74, 0x00, 0x00, 0x00, 0x00, 0x03, 0x00, 0x00, 0x00,
  0x01, 0x00, 0x00, 0x00, 0x0f, 0x00, 0x00, 0x00, 0x10, 0x00, 0x00, 0x00,
  0x2a, 0x03, 0xff, 0xff, 0x00, 0x00, 0x00, 0x01, 0x14, 0x00, 0x00, 0x00,
  0x30, 0x00, 0x00, 0x00, 0x3d, 0x01, 0x00, 0x00, 0x00, 0x00, 0x00, 0x09,
  0x48, 0x00, 0x00, 0x00, 0x14, 0x03, 0xff, 0xff, 0x08, 0x00, 0x00, 0x00,
  0x10, 0x00, 0x00, 0x00, 0x01, 0x00, 0x00, 0x00, 0xff, 0xff, 0xff, 0xff,
  0xff, 0xff, 0xff, 0xff, 0x01, 0x00, 0x00, 0x00, 0x81, 0x80, 0x00, 0x3c,
  0x1f, 0x00, 0x00, 0x00, 0x6d, 0x6f, 0x64, 0x65, 0x6c, 0x5f, 0x39, 0x32,
  0x2f, 0x74, 0x66, 0x2e, 0x72, 0x65, 0x73, 0x68, 0x61, 0x70, 0x65, 0x5f,
  0x35, 0x35, 0x31, 0x2f, 0x52, 0x65, 0x73, 0x68, 0x61, 0x70, 0x65, 0x00,
  0x03, 0x00, 0x00, 0x00, 0x01, 0x00, 0x00, 0x00, 0x01, 0x00, 0x00, 0x00,
  0x10, 0x00, 0x00, 0x00, 0x9a, 0x03, 0xff, 0xff, 0x00, 0x00, 0x00, 0x01,
  0x14, 0x00, 0x00, 0x00, 0x30, 0x00, 0x00, 0x00, 0x3c, 0x01, 0x00, 0x00,
  0x00, 0x00, 0x00, 0x09, 0x48, 0x00, 0x00, 0x00, 0x84, 0x03, 0xff, 0xff,
  0x08, 0x00, 0x00, 0x00, 0x10, 0x00, 0x00, 0x00, 0x01, 0x00, 0x00, 0x00,
  0xff, 0xff, 0xff, 0xff, 0xff, 0xff, 0xff, 0xff, 0x01, 0x00, 0x00, 0x00,
  0x81, 0x80, 0x00, 0x3c, 0x1f, 0x00, 0x00, 0x00, 0x6d, 0x6f, 0x64, 0x65,
  0x6c, 0x5f, 0x39, 0x32, 0x2f, 0x74, 0x66, 0x2e, 0x72, 0x65, 0x73, 0x68,
  0x61, 0x70, 0x65, 0x5f, 0x35, 0x35, 0x32, 0x2f, 0x52, 0x65, 0x73, 0x68,
  0x61, 0x70, 0x65, 0x00, 0x03, 0x00, 0x00, 0x00, 0x01, 0x00, 0x00, 0x00,
  0x01, 0x00, 0x00, 0x00, 0x10, 0x00, 0x00, 0x00, 0x0a, 0x04, 0xff, 0xff,
  0x00, 0x00, 0x00, 0x01, 0x14, 0x00, 0x00, 0x00, 0x30, 0x00, 0x00, 0x00,
  0x3b, 0x01, 0x00, 0x00, 0x00, 0x00, 0x00, 0x09, 0x48, 0x00, 0x00, 0x00,
  0xf4, 0x03, 0xff, 0xff, 0x08, 0x00, 0x00, 0x00, 0x10, 0x00, 0x00, 0x00,
  0x01, 0x00, 0x00, 0x00, 0xff, 0xff, 0xff, 0xff, 0xff, 0xff, 0xff, 0xff,
  0x01, 0x00, 0x00, 0x00, 0x81, 0x80, 0x00, 0x3c, 0x1f, 0x00, 0x00, 0x00,
  0x6d, 0x6f, 0x64, 0x65, 0x6c, 0x5f, 0x39, 0x32, 0x2f, 0x74, 0x66, 0x2e,
  0x72, 0x65, 0x73, 0x68, 0x61, 0x70, 0x65, 0x5f, 0x35, 0x35, 0x33, 0x2f,
  0x52, 0x65, 0x73, 0x68, 0x61, 0x70, 0x65, 0x00, 0x03, 0x00, 0x00, 0x00,
  0x01, 0x00, 0x00, 0x00, 0x01, 0x00, 0x00, 0x00, 0x10, 0x00, 0x00, 0x00,
  0x7a, 0x04, 0xff, 0xff, 0x00, 0x00, 0x00, 0x01, 0x14, 0x00, 0x00, 0x00,
  0x30, 0x00, 0x00, 0x00, 0x3a, 0x01, 0x00, 0x00, 0x00, 0x00, 0x00, 0x09,
  0x48, 0x00, 0x00, 0x00, 0x64, 0x04, 0xff, 0xff, 0x08, 0x00, 0x00, 0x00,
  0x10, 0x00, 0x00, 0x00, 0x01, 0x00, 0x00, 0x00, 0xff, 0xff, 0xff, 0xff,
  0xff, 0xff, 0xff, 0xff, 0x01, 0x00, 0x00, 0x00, 0x81, 0x80, 0x00, 0x3c,
  0x1f, 0x00, 0x00, 0x00, 0x6d, 0x6f, 0x64, 0x65, 0x6c, 0x5f, 0x39, 0x32,
  0x2f, 0x74, 0x66, 0x2e, 0x72, 0x65, 0x73, 0x68, 0x61, 0x70, 0x65, 0x5f,
  0x35, 0x35, 0x34, 0x2f, 0x52, 0x65, 0x73, 0x68, 0x61, 0x70, 0x65, 0x00,
  0x03, 0x00, 0x00, 0x00, 0x01, 0x00, 0x00, 0x00, 0x01, 0x00, 0x00, 0x00,
  0x10, 0x00, 0x00, 0x00, 0xea, 0x04, 0xff, 0xff, 0x00, 0x00, 0x00, 0x01,
  0x14, 0x00, 0x00, 0x00, 0x30, 0x00, 0x00, 0x00, 0x39, 0x01, 0x00, 0x00,
  0x00, 0x00, 0x00, 0x09, 0x48, 0x00, 0x00, 0x00, 0xd4, 0x04, 0xff, 0xff,
  0x08, 0x00, 0x00, 0x00, 0x10, 0x00, 0x00, 0x00, 0x01, 0x00, 0x00, 0x00,
  0xff, 0xff, 0xff, 0xff, 0xff, 0xff, 0xff, 0xff, 0x01, 0x00, 0x00, 0x00,
  0x81, 0x80, 0x00, 0x3c, 0x1f, 0x00, 0x00, 0x00, 0x6d, 0x6f, 0x64, 0x65,
  0x6c, 0x5f, 0x39, 0x32, 0x2f, 0x74, 0x66, 0x2e, 0x72, 0x65, 0x73, 0x68,
  0x61, 0x70, 0x65, 0x5f, 0x35, 0x35, 0x35, 0x2f, 0x52, 0x65, 0x73, 0x68,
  0x61, 0x70, 0x65, 0x00, 0x03, 0x00, 0x00, 0x00, 0x01, 0x00, 0x00, 0x00,
  0x01, 0x00, 0x00, 0x00, 0x10, 0x00, 0x00, 0x00, 0x5a, 0x05, 0xff, 0xff,
  0x00, 0x00, 0x00, 0x01, 0x14, 0x00, 0x00, 0x00, 0x30, 0x00, 0x00, 0x00,
  0x38, 0x01, 0x00, 0x00, 0x00, 0x00, 0x00, 0x09, 0x48, 0x00, 0x00, 0x00,
  0x44, 0x05, 0xff, 0xff, 0x08, 0x00, 0x00, 0x00, 0x10, 0x00, 0x00, 0x00,
  0x01, 0x00, 0x00, 0x00, 0xff, 0xff, 0xff, 0xff, 0xff, 0xff, 0xff, 0xff,
  0x01, 0x00, 0x00, 0x00, 0x81, 0x80, 0x00, 0x3c, 0x1f, 0x00, 0x00, 0x00,
  0x6d, 0x6f, 0x64, 0x65, 0x6c, 0x5f, 0x39, 0x32, 0x2f, 0x74, 0x66, 0x2e,
  0x72, 0x65, 0x73, 0x68, 0x61, 0x70, 0x65, 0x5f, 0x35, 0x35, 0x36, 0x2f,
  0x52, 0x65, 0x73, 0x68, 0x61, 0x70, 0x65, 0x00, 0x03, 0x00, 0x00, 0x00,
  0x01, 0x00, 0x00, 0x00, 0x01, 0x00, 0x00, 0x00, 0x10, 0x00, 0x00, 0x00,
  0xca, 0x05, 0xff, 0xff, 0x00, 0x00, 0x00, 0x01, 0x14, 0x00, 0x00, 0x00,
  0x30, 0x00, 0x00, 0x00, 0x37, 0x01, 0x00, 0x00, 0x00, 0x00, 0x00, 0x09,
  0x48, 0x00, 0x00, 0x00, 0xb4, 0x05, 0xff, 0xff, 0x08, 0x00, 0x00, 0x00,
  0x10, 0x00, 0x00, 0x00, 0x01, 0x00, 0x00, 0x00, 0xff, 0xff, 0xff, 0xff,
  0xff, 0xff, 0xff, 0xff, 0x01, 0x00, 0x00, 0x00, 0x81, 0x80, 0x00, 0x3c,
  0x1f, 0x00, 0x00, 0x00, 0x6d, 0x6f, 0x64, 0x65, 0x6c, 0x5f, 0x39, 0x32,
  0x2f, 0x74, 0x66, 0x2e, 0x72, 0x65, 0x73, 0x68, 0x61, 0x70, 0x65, 0x5f,
  0x35, 0x35, 0x37, 0x2f, 0x52, 0x65, 0x73, 0x68, 0x61, 0x70, 0x65, 0x00,
  0x03, 0x00, 0x00, 0x00, 0x01, 0x00, 0x00, 0x00, 0x01, 0x00, 0x00, 0x00,
  0x10, 0x00, 0x00, 0x00, 0x3a, 0x06, 0xff, 0xff, 0x00, 0x00, 0x00, 0x01,
  0x14, 0x00, 0x00, 0x00, 0x30, 0x00, 0x00, 0x00, 0x36, 0x01, 0x00, 0x00,
  0x00, 0x00, 0x00, 0x09, 0x48, 0x00, 0x00, 0x00, 0x24, 0x06, 0xff, 0xff,
  0x08, 0x00, 0x00, 0x00, 0x10, 0x00, 0x00, 0x00, 0x01, 0x00, 0x00, 0x00,
  0xff, 0xff, 0xff, 0xff, 0xff, 0xff, 0xff, 0xff, 0x01, 0x00, 0x00, 0x00,
  0x81, 0x80, 0x00, 0x3c, 0x1f, 0x00, 0x00, 0x00, 0x6d, 0x6f, 0x64, 0x65,
  0x6c, 0x5f, 0x39, 0x32, 0x2f, 0x74, 0x66, 0x2e, 0x72, 0x65, 0x73, 0x68,
  0x61, 0x70, 0x65, 0x5f, 0x35, 0x35, 0x38, 0x2f, 0x52, 0x65, 0x73, 0x68,
  0x61, 0x70, 0x65, 0x00, 0x03, 0x00, 0x00, 0x00, 0x01, 0x00, 0x00, 0x00,
  0x01, 0x00, 0x00, 0x00, 0x10, 0x00, 0x00, 0x00, 0xaa, 0x06, 0xff, 0xff,
  0x00, 0x00, 0x00, 0x01, 0x14, 0x00, 0x00, 0x00, 0x30, 0x00, 0x00, 0x00,
  0x35, 0x01, 0x00, 0x00, 0x00, 0x00, 0x00, 0x09, 0x48, 0x00, 0x00, 0x00,
  0x94, 0x06, 0xff, 0xff, 0x08, 0x00, 0x00, 0x00, 0x10, 0x00, 0x00, 0x00,
  0x01, 0x00, 0x00, 0x00, 0xff, 0xff, 0xff, 0xff, 0xff, 0xff, 0xff, 0xff,
  0x01, 0x00, 0x00, 0x00, 0x81, 0x80, 0x00, 0x3c, 0x1f, 0x00, 0x00, 0x00,
  0x6d, 0x6f, 0x64, 0x65, 0x6c, 0x5f, 0x39, 0x32, 0x2f, 0x74, 0x66, 0x2e,
  0x72, 0x65, 0x73, 0x68, 0x61, 0x70, 0x65, 0x5f, 0x35, 0x35, 0x39, 0x2f,
  0x52, 0x65, 0x73, 0x68, 0x61, 0x70, 0x65, 0x00, 0x03, 0x00, 0x00, 0x00,
  0x01, 0x00, 0x00, 0x00, 0x01, 0x00, 0x00, 0x00, 0x10, 0x00, 0x00, 0x00,
  0x1a, 0x07, 0xff, 0xff, 0x00, 0x00, 0x00, 0x01, 0x14, 0x00, 0x00, 0x00,
  0x30, 0x00, 0x00, 0x00, 0x34, 0x01, 0x00, 0x00, 0x00, 0x00, 0x00, 0x09,
  0x48, 0x00, 0x00, 0x00, 0x04, 0x07, 0xff, 0xff, 0x08, 0x00, 0x00, 0x00,
  0x10, 0x00, 0x00, 0x00, 0x01, 0x00, 0x00, 0x00, 0xff, 0xff, 0xff, 0xff,
  0xff, 0xff, 0xff, 0xff, 0x01, 0x00, 0x00, 0x00, 0x81, 0x80, 0x00, 0x3c,
  0x1f, 0x00, 0x00, 0x00, 0x6d, 0x6f, 0x64, 0x65, 0x6c, 0x5f, 0x39, 0x32,
  0x2f, 0x74, 0x66, 0x2e, 0x72, 0x65, 0x73, 0x68, 0x61, 0x70, 0x65, 0x5f,
  0x35, 0x36, 0x30, 0x2f, 0x52, 0x65, 0x73, 0x68, 0x61, 0x70, 0x65, 0x00,
  0x03, 0x00, 0x00, 0x00, 0x01, 0x00, 0x00, 0x00, 0x01, 0x00, 0x00, 0x00,
  0x10, 0x00, 0x00, 0x00, 0x8a, 0x07, 0xff, 0xff, 0x00, 0x00, 0x00, 0x01,
  0x14, 0x00, 0x00, 0x00, 0x30, 0x00, 0x00, 0x00, 0x33, 0x01, 0x00, 0x00,
  0x00, 0x00, 0x00, 0x09, 0x48, 0x00, 0x00, 0x00, 0x74, 0x07, 0xff, 0xff,
  0x08, 0x00, 0x00, 0x00, 0x10, 0x00, 0x00, 0x00, 0x01, 0x00, 0x00, 0x00,
  0xff, 0xff, 0xff, 0xff, 0xff, 0xff, 0xff, 0xff, 0x01, 0x00, 0x00, 0x00,
  0x81, 0x80, 0x00, 0x3c, 0x1f, 0x00, 0x00, 0x00, 0x6d, 0x6f, 0x64, 0x65,
  0x6c, 0x5f, 0x39, 0x32, 0x2f, 0x74, 0x66, 0x2e, 0x72, 0x65, 0x73, 0x68,
  0x61, 0x70, 0x65, 0x5f, 0x35, 0x36, 0x31, 0x2f, 0x52, 0x65, 0x73, 0x68,
  0x61, 0x70, 0x65, 0x00, 0x03, 0x00, 0x00, 0x00, 0x01, 0x00, 0x00, 0x00,
  0x01, 0x00, 0x00, 0x00, 0x10, 0x00, 0x00, 0x00, 0xfa, 0x07, 0xff, 0xff,
  0x00, 0x00, 0x00, 0x01, 0x14, 0x00, 0x00, 0x00, 0x30, 0x00, 0x00, 0x00,
  0x32, 0x01, 0x00, 0x00, 0x00, 0x00, 0x00, 0x09, 0x48, 0x00, 0x00, 0x00,
  0xe4, 0x07, 0xff, 0xff, 0x08, 0x00, 0x00, 0x00, 0x10, 0x00, 0x00, 0x00,
  0x01, 0x00, 0x00, 0x00, 0xff, 0xff, 0xff, 0xff, 0xff, 0xff, 0xff, 0xff,
  0x01, 0x00, 0x00, 0x00, 0x81, 0x80, 0x00, 0x3c, 0x1f, 0x00, 0x00, 0x00,
  0x6d, 0x6f, 0x64, 0x65, 0x6c, 0x5f, 0x39, 0x32, 0x2f, 0x74, 0x66, 0x2e,
  0x72, 0x65, 0x73, 0x68, 0x61, 0x70, 0x65, 0x5f, 0x35, 0x36, 0x32, 0x2f,
  0x52, 0x65, 0x73, 0x68, 0x61, 0x70, 0x65, 0x00, 0x03, 0x00, 0x00, 0x00,
  0x01, 0x00, 0x00, 0x00, 0x01, 0x00, 0x00, 0x00, 0x10, 0x00, 0x00, 0x00,
  0x6a, 0x08, 0xff, 0xff, 0x00, 0x00, 0x00, 0x01, 0x14, 0x00, 0x00, 0x00,
  0x30, 0x00, 0x00, 0x00, 0x31, 0x01, 0x00, 0x00, 0x00, 0x00, 0x00, 0x09,
  0x48, 0x00, 0x00, 0x00, 0x54, 0x08, 0xff, 0xff, 0x08, 0x00, 0x00, 0x00,
  0x10, 0x00, 0x00, 0x00, 0x01, 0x00, 0x00, 0x00, 0xff, 0xff, 0xff, 0xff,
  0xff, 0xff, 0xff, 0xff, 0x01, 0x00, 0x00, 0x00, 0x81, 0x80, 0x00, 0x3c,
  0x1f, 0x00, 0x00, 0x00, 0x6d, 0x6f, 0x64, 0x65, 0x6c, 0x5f, 0x39, 0x32,
  0x2f, 0x74, 0x66, 0x2e, 0x72, 0x65, 0x73, 0x68, 0x61, 0x70, 0x65, 0x5f,
  0x35, 0x36, 0x33, 0x2f, 0x52, 0x65, 0x73, 0x68, 0x61, 0x70, 0x65, 0x00,
  0x03, 0x00, 0x00, 0x00, 0x01, 0x00, 0x00, 0x00, 0x01, 0x00, 0x00, 0x00,
  0x10, 0x00, 0x00, 0x00, 0xda, 0x08, 0xff, 0xff, 0x00, 0x00, 0x00, 0x01,
  0x14, 0x00, 0x00, 0x00, 0x30, 0x00, 0x00, 0x00, 0x30, 0x01, 0x00, 0x00,
  0x00, 0x00, 0x00, 0x09, 0x48, 0x00, 0x00, 0x00, 0xc4, 0x08, 0xff, 0xff,
  0x08, 0x00, 0x00, 0x00, 0x10, 0x00, 0x00, 0x00, 0x01, 0x00, 0x00, 0x00,
  0xff, 0xff, 0xff, 0xff, 0xff, 0xff, 0xff, 0xff, 0x01, 0x00, 0x00, 0x00,
  0x81, 0x80, 0x00, 0x3c, 0x1f, 0x00, 0x00, 0x00, 0x6d, 0x6f, 0x64, 0x65,
  0x6c, 0x5f, 0x39, 0x32, 0x2f, 0x74, 0x66, 0x2e, 0x72, 0x65, 0x73, 0x68,
  0x61, 0x70, 0x65, 0x5f, 0x35, 0x36, 0x34, 0x2f, 0x52, 0x65, 0x73, 0x68,
  0x61, 0x70, 0x65, 0x00, 0x03, 0x00, 0x00, 0x00, 0x01, 0x00, 0x00, 0x00,
  0x01, 0x00, 0x00, 0x00, 0x10, 0x00, 0x00, 0x00, 0x4a, 0x09, 0xff, 0xff,
  0x00, 0x00, 0x00, 0x01, 0x14, 0x00, 0x00, 0x00, 0x30, 0x00, 0x00, 0x00,
  0x2f, 0x01, 0x00, 0x00, 0x00, 0x00, 0x00, 0x09, 0x48, 0x00, 0x00, 0x00,
  0x34, 0x09, 0xff, 0xff, 0x08, 0x00, 0x00, 0x00, 0x10, 0x00, 0x00, 0x00,
  0x01, 0x00, 0x00, 0x00, 0xff, 0xff, 0xff, 0xff, 0xff, 0xff, 0xff, 0xff,
  0x01, 0x00, 0x00, 0x00, 0x81, 0x80, 0x00, 0x3c, 0x1f, 0x00, 0x00, 0x00,
  0x6d, 0x6f, 0x64, 0x65, 0x6c, 0x5f, 0x39, 0x32, 0x2f, 0x74, 0x66, 0x2e,
  0x72, 0x65, 0x73, 0x68, 0x61, 0x70, 0x65, 0x5f, 0x35, 0x36, 0x35, 0x2f,
  0x52, 0x65, 0x73, 0x68, 0x61, 0x70, 0x65, 0x00, 0x03, 0x00, 0x00, 0x00,
  0x01, 0x00, 0x00, 0x00, 0x01, 0x00, 0x00, 0x00, 0x10, 0x00, 0x00, 0x00,
  0xba, 0x09, 0xff, 0xff, 0x00, 0x00, 0x00, 0x01, 0x14, 0x00, 0x00, 0x00,
  0x30, 0x00, 0x00, 0x00, 0x2e, 0x01, 0x00, 0x00, 0x00, 0x00, 0x00, 0x09,
  0x4c, 0x00, 0x00, 0x00, 0xa4, 0x09, 0xff, 0xff, 0x08, 0x00, 0x00, 0x00,
  0x10, 0x00, 0x00, 0x00, 0x01, 0x00, 0x00, 0x00, 0xff, 0xff, 0xff, 0xff,
  0xff, 0xff, 0xff, 0xff, 0x01, 0x00, 0x00, 0x00, 0x81, 0x80, 0x00, 0x3c,
  0x23, 0x00, 0x00, 0x00, 0x6d, 0x6f, 0x64, 0x65, 0x6c, 0x5f, 0x39, 0x32,
  0x2f, 0x74, 0x66, 0x2e, 0x6d, 0x61, 0x74, 0x68, 0x2e, 0x6d, 0x75, 0x6c,
  0x74, 0x69, 0x70, 0x6c, 0x79, 0x5f, 0x31, 0x31, 0x30, 0x30, 0x30, 0x2f,
  0x4d, 0x75, 0x6c, 0x00, 0x02, 0x00, 0x00, 0x00, 0x01, 0x00, 0x00, 0x00,
  0x10, 0x00, 0x00, 0x00, 0x2a, 0x0a, 0xff, 0xff, 0x00, 0x00, 0x00, 0x01,
  0x14, 0x00, 0x00, 0x00, 0x34, 0x00, 0x00, 0x00, 0x2d, 0x01, 0x00, 0x00,
  0x00, 0x00, 0x00, 0x09, 0x4c, 0x00, 0x00, 0x00, 0x14, 0x0a, 0xff, 0xff,
  0x08, 0x00, 0x00, 0x00, 0x14, 0x00, 0x00, 0x00, 0x01, 0x00, 0x00, 0x00,
  0x00, 0x00, 0x00, 0x00, 0x00, 0x00, 0x00, 0x00, 0x00, 0x00, 0x00, 0x00,
  0x01, 0x00, 0x00, 0x00, 0x00, 0x00, 0x00, 0x3c, 0x1f, 0x00, 0x00, 0x00,
  0x6d, 0x6f, 0x64, 0x65, 0x6c, 0x5f, 0x39, 0x32, 0x2f, 0x74, 0x66, 0x2e,
  0x6d, 0x61, 0x74, 0x68, 0x2e, 0x74, 0x61, 0x6e, 0x68, 0x5f, 0x31, 0x30,
  0x34, 0x39, 0x2f, 0x54, 0x61, 0x6e, 0x68, 0x00, 0x02, 0x00, 0x00, 0x00,
  0x01, 0x00, 0x00, 0x00, 0x10, 0x00, 0x00, 0x00, 0x9a, 0x0a, 0xff, 0xff,
  0x00, 0x00, 0x00, 0x01, 0x14, 0x00, 0x00, 0x00, 0x34, 0x00, 0x00, 0x00,
  0x2c, 0x01, 0x00, 0x00, 0x00, 0x00, 0x00, 0x09, 0x4c, 0x00, 0x00, 0x00,
  0x84, 0x0a, 0xff, 0xff, 0x08, 0x00, 0x00, 0x00, 0x14, 0x00, 0x00, 0x00,
  0x01, 0x00, 0x00, 0x00, 0xff, 0xff, 0xff, 0xff, 0xff, 0xff, 0xff, 0xff,
  0x00, 0x00, 0x00, 0x00, 0x01, 0x00, 0x00, 0x00, 0xf1, 0xf0, 0xf0, 0x3d,
  0x1d, 0x00, 0x00, 0x00, 0x6d, 0x6f, 0x64, 0x65, 0x6c, 0x5f, 0x39, 0x32,
  0x2f, 0x74, 0x66, 0x2e, 0x6d, 0x61, 0x74, 0x68, 0x2e, 0x61, 0x64, 0x64,
  0x5f, 0x31, 0x30, 0x34, 0x39, 0x2f, 0x41, 0x64, 0x64, 0x00, 0x00, 0x00,
  0x02, 0x00, 0x00, 0x00, 0x01, 0x00, 0x00, 0x00, 0x10, 0x00, 0x00, 0x00,
  0x0a, 0x0b, 0xff, 0xff, 0x00, 0x00, 0x00, 0x01, 0x14, 0x00, 0x00, 0x00,
  0x30, 0x00, 0x00, 0x00, 0x2b, 0x01, 0x00, 0x00, 0x00, 0x00, 0x00, 0x09,
  0x4c, 0x00, 0x00, 0x00, 0xf4, 0x0a, 0xff, 0xff, 0x08, 0x00, 0x00, 0x00,
  0x10, 0x00, 0x00, 0x00, 0x01, 0x00, 0x00, 0x00, 0xff, 0xff, 0xff, 0xff,
  0xff, 0xff, 0xff, 0xff, 0x01, 0x00, 0x00, 0x00, 0x81, 0x80, 0x00, 0x3c,
  0x23, 0x00, 0x00, 0x00, 0x6d, 0x6f, 0x64, 0x65, 0x6c, 0x5f, 0x39, 0x32,
  0x2f, 0x74, 0x66, 0x2e, 0x6d, 0x61, 0x74, 0x68, 0x2e, 0x6d, 0x75, 0x6c,
  0x74, 0x69, 0x70, 0x6c, 0x79, 0x5f, 0x31, 0x30, 0x39, 0x39, 0x33, 0x2f,
  0x4d, 0x75, 0x6c, 0x00, 0x02, 0x00, 0x00, 0x00, 0x01, 0x00, 0x00, 0x00,
  0x10, 0x00, 0x00, 0x00, 0x7a, 0x0b, 0xff, 0xff, 0x00, 0x00, 0x00, 0x01,
  0x14, 0x00, 0x00, 0x00, 0x34, 0x00, 0x00, 0x00, 0x2a, 0x01, 0x00, 0x00,
  0x00, 0x00, 0x00, 0x09, 0x4c, 0x00, 0x00, 0x00, 0x64, 0x0b, 0xff, 0xff,
  0x08, 0x00, 0x00, 0x00, 0x14, 0x00, 0x00, 0x00, 0x01, 0x00, 0x00, 0x00,
  0x00, 0x00, 0x00, 0x00, 0x00, 0x00, 0x00, 0x00, 0x00, 0x00, 0x00, 0x00,
  0x01, 0x00, 0x00, 0x00, 0x00, 0x00, 0x00, 0x3c, 0x1f, 0x00, 0x00, 0x00,
  0x6d, 0x6f, 0x64, 0x65, 0x6c, 0x5f, 0x39, 0x32, 0x2f, 0x74, 0x66, 0x2e,
  0x6d, 0x61, 0x74, 0x68, 0x2e, 0x74, 0x61, 0x6e, 0x68, 0x5f, 0x31, 0x30,
  0x34, 0x38, 0x2f, 0x54, 0x61, 0x6e, 0x68, 0x00, 0x02, 0x00, 0x00, 0x00,
  0x01, 0x00, 0x00, 0x00, 0x10, 0x00, 0x00, 0x00, 0xea, 0x0b, 0xff, 0xff,
  0x00, 0x00, 0x00, 0x01, 0x14, 0x00, 0x00, 0x00, 0x34, 0x00, 0x00, 0x00,
  0x29, 0x01, 0x00, 0x00, 0x00, 0x00, 0x00, 0x09, 0x54, 0x00, 0x00, 0x00,
  0xd4, 0x0b, 0xff, 0xff, 0x08, 0x00, 0x00, 0x00, 0x14, 0x00, 0x00, 0x00,
  0x01, 0x00, 0x00, 0x00, 0x80, 0xff, 0xff, 0xff, 0xff, 0xff, 0xff, 0xff,
  0x00, 0x00, 0x00, 0x00, 0x01, 0x00, 0x00, 0x00, 0x00, 0x00, 0x80, 0x3b,
  0x25, 0x00, 0x00, 0x00, 0x6d, 0x6f, 0x64, 0x65, 0x6c, 0x5f, 0x39, 0x32,
  0x2f, 0x74, 0x66, 0x2e, 0x6d, 0x61, 0x74, 0x68, 0x2e, 0x73, 0x69, 0x67,
  0x6d, 0x6f, 0x69, 0x64, 0x5f, 0x31, 0x35, 0x37, 0x34, 0x2f, 0x53, 0x69,
  0x67, 0x6d, 0x6f, 0x69, 0x64, 0x00, 0x00, 0x00, 0x02, 0x00, 0x00, 0x00,
  0x01, 0x00, 0x00, 0x00, 0x10, 0x00, 0x00, 0x00, 0x62, 0x0c, 0xff, 0xff,
  0x00, 0x00, 0x00, 0x01, 0x14, 0x00, 0x00, 0x00, 0x30, 0x00, 0x00, 0x00,
  0x28, 0x01, 0x00, 0x00, 0x00, 0x00, 0x00, 0x09, 0x4c, 0x00, 0x00, 0x00,
  0x4c, 0x0c, 0xff, 0xff, 0x08, 0x00, 0x00, 0x00, 0x10, 0x00, 0x00, 0x00,
  0x01, 0x00, 0x00, 0x00, 0xff, 0xff, 0xff, 0xff, 0xff, 0xff, 0xff, 0xff,
  0x01, 0x00, 0x00, 0x00, 0xf1, 0xf0, 0xf0, 0x3d, 0x23, 0x00, 0x00, 0x00,
  0x6d, 0x6f, 0x64, 0x65, 0x6c, 0x5f, 0x39, 0x32, 0x2f, 0x74, 0x66, 0x2e,
  0x6d, 0x61, 0x74, 0x68, 0x2e, 0x6d, 0x75, 0x6c, 0x74, 0x69, 0x70, 0x6c,
  0x79, 0x5f, 0x31, 0x30, 0x39, 0x38, 0x39, 0x2f, 0x4d, 0x75, 0x6c, 0x00,
  0x02, 0x00, 0x00, 0x00, 0x01, 0x00, 0x00, 0x00, 0x10, 0x00, 0x00, 0x00,
  0xd2, 0x0c, 0xff, 0xff, 0x00, 0x00, 0x00, 0x01, 0x14, 0x00, 0x00, 0x00,
  0x34, 0x00, 0x00, 0x00, 0x27, 0x01, 0x00, 0x00, 0x00, 0x00, 0x00, 0x09,
  0x54, 0x00, 0x00, 0x00, 0xbc, 0x0c, 0xff, 0xff, 0x08, 0x00, 0x00, 0x00,
  0x14, 0x00, 0x00, 0x00, 0x01, 0x00, 0x00, 0x00, 0x80, 0xff, 0xff, 0xff,
  0xff, 0xff, 0xff, 0xff, 0x00, 0x00, 0x00, 0x00, 0x01, 0x00, 0x00, 0x00,
  0x00, 0x00, 0x80, 0x3b, 0x25, 0x00, 0x00, 0x00, 0x6d, 0x6f, 0x64, 0x65,
  0x6c, 0x5f, 0x39, 0x32, 0x2f, 0x74, 0x66, 0x2e, 0x6d, 0x61, 0x74, 0x68,
  0x2e, 0x73, 0x69, 0x67, 0x6d, 0x6f, 0x69, 0x64, 0x5f, 0x31, 0x35, 0x37,
  0x33, 0x2f, 0x53, 0x69, 0x67, 0x6d, 0x6f, 0x69, 0x64, 0x00, 0x00, 0x00,
  0x02, 0x00, 0x00, 0x00, 0x01, 0x00, 0x00, 0x00, 0x10, 0x00, 0x00, 0x00,
  0x4a, 0x0d, 0xff, 0xff, 0x00, 0x00, 0x00, 0x01, 0x14, 0x00, 0x00, 0x00,
  0x34, 0x00, 0x00, 0x00, 0x26, 0x01, 0x00, 0x00, 0x00, 0x00, 0x00, 0x09,
  0x54, 0x00, 0x00, 0x00, 0x34, 0x0d, 0xff, 0xff, 0x08, 0x00, 0x00, 0x00,
  0x14, 0x00, 0x00, 0x00, 0x01, 0x00, 0x00, 0x00, 0x80, 0xff, 0xff, 0xff,
  0xff, 0xff, 0xff, 0xff, 0x00, 0x00, 0x00, 0x00, 0x01, 0x00, 0x00, 0x00,
  0x00, 0x00, 0x80, 0x3b, 0x25, 0x00, 0x00, 0x00, 0x6d, 0x6f, 0x64, 0x65,
  0x6c, 0x5f, 0x39, 0x32, 0x2f, 0x74, 0x66, 0x2e, 0x6d, 0x61, 0x74, 0x68,
  0x2e, 0x73, 0x69, 0x67, 0x6d, 0x6f, 0x69, 0x64, 0x5f, 0x31, 0x35, 0x37,
  0x32, 0x2f, 0x53, 0x69, 0x67, 0x6d, 0x6f, 0x69, 0x64, 0x00, 0x00, 0x00,
  0x02, 0x00, 0x00, 0x00, 0x01, 0x00, 0x00, 0x00, 0x10, 0x00, 0x00, 0x00,
  0xc2, 0x0d, 0xff, 0xff, 0x00, 0x00, 0x00, 0x01, 0x14, 0x00, 0x00, 0x00,
  0x30, 0x00, 0x00, 0x00, 0x25, 0x01, 0x00, 0x00, 0x00, 0x00, 0x00, 0x09,
  0x9c, 0x00, 0x00, 0x00, 0xac, 0x0d, 0xff, 0xff, 0x08, 0x00, 0x00, 0x00,
  0x10, 0x00, 0x00, 0x00, 0x01, 0x00, 0x00, 0x00, 0xf7, 0xff, 0xff, 0xff,
  0xff, 0xff, 0xff, 0xff, 0x01, 0x00, 0x00, 0x00, 0x1d, 0xdd, 0x3e, 0x3f,
  0x73, 0x00, 0x00, 0x00, 0x6d, 0x6f, 0x64, 0x65, 0x6c, 0x5f, 0x39, 0x32,
  0x2f, 0x74, 0x66, 0x2e, 0x73, 0x70, 0x6c, 0x69, 0x74, 0x5f, 0x35, 0x32,
  0x34, 0x2f, 0x73, 0x70, 0x6c, 0x69, 0x74, 0x3b, 0x6d, 0x6f, 0x64, 0x65,
  0x6c, 0x5f, 0x39, 0x32, 0x2f, 0x74, 0x66, 0x2e, 0x73, 0x70, 0x6c, 0x69,
  0x74, 0x5f, 0x35, 0x32, 0x34, 0x2f, 0x73, 0x70, 0x6c, 0x69, 0x74, 0x31,
  0x3b, 0x6d, 0x6f, 0x64, 0x65, 0x6c, 0x5f, 0x39, 0x32, 0x2f, 0x74, 0x66,
  0x2e, 0x73, 0x70, 0x6c, 0x69, 0x74, 0x5f, 0x35, 0x32, 0x34, 0x2f, 0x73,
  0x70, 0x6c, 0x69, 0x74, 0x32, 0x3b, 0x6d, 0x6f, 0x64, 0x65, 0x6c, 0x5f,
  0x39, 0x32, 0x2f, 0x74, 0x66, 0x2e, 0x73, 0x70, 0x6c, 0x69, 0x74, 0x5f,
  0x35, 0x32, 0x34, 0x2f, 0x73, 0x70, 0x6c, 0x69, 0x74, 0x33, 0x33, 0x00,
  0x02, 0x00, 0x00, 0x00, 0x01, 0x00, 0x00, 0x00, 0x10, 0x00, 0x00, 0x00,
  0x82, 0x0e, 0xff, 0xff, 0x00, 0x00, 0x00, 0x01, 0x14, 0x00, 0x00, 0x00,
  0x30, 0x00, 0x00, 0x00, 0x24, 0x01, 0x00, 0x00, 0x00, 0x00, 0x00, 0x09,
  0x9c, 0x00, 0x00, 0x00, 0x6c, 0x0e, 0xff, 0xff, 0x08, 0x00, 0x00, 0x00,
  0x10, 0x00, 0x00, 0x00, 0x01, 0x00, 0x00, 0x00, 0xf7, 0xff, 0xff, 0xff,
  0xff, 0xff, 0xff, 0xff, 0x01, 0x00, 0x00, 0x00, 0x1d, 0xdd, 0x3e, 0x3f,
  0x73, 0x00, 0x00, 0x00, 0x6d, 0x6f, 0x64, 0x65, 0x6c, 0x5f, 0x39, 0x32,
  0x2f, 0x74, 0x66, 0x2e, 0x73, 0x70, 0x6c, 0x69, 0x74, 0x5f, 0x35, 0x32,
  0x34, 0x2f, 0x73, 0x70, 0x6c, 0x69, 0x74, 0x3b, 0x6d, 0x6f, 0x64, 0x65,
  0x6c, 0x5f, 0x39, 0x32, 0x2f, 0x74, 0x66, 0x2e, 0x73, 0x70, 0x6c, 0x69,
  0x74, 0x5f, 0x35, 0x32, 0x34, 0x2f, 0x73, 0x70, 0x6c, 0x69, 0x74, 0x31,
  0x3b, 0x6d, 0x6f, 0x64, 0x65, 0x6c, 0x5f, 0x39, 0x32, 0x2f, 0x74, 0x66,
  0x2e, 0x73, 0x70, 0x6c, 0x69, 0x74, 0x5f, 0x35, 0x32, 0x34, 0x2f, 0x73,
  0x70, 0x6c, 0x69, 0x74, 0x32, 0x3b, 0x6d, 0x6f, 0x64, 0x65, 0x6c, 0x5f,
  0x39, 0x32, 0x2f, 0x74, 0x66, 0x2e, 0x73, 0x70, 0x6c, 0x69, 0x74, 0x5f,
  0x35, 0x32, 0x34, 0x2f, 0x73, 0x70, 0x6c, 0x69, 0x74, 0x33, 0x32, 0x00,
  0x02, 0x00, 0x00, 0x00, 0x01, 0x00, 0x00, 0x00, 0x10, 0x00, 0x00, 0x00,
  0x42, 0x0f, 0xff, 0xff, 0x00, 0x00, 0x00, 0x01, 0x14, 0x00, 0x00, 0x00,
  0x30, 0x00, 0x00, 0x00, 0x23, 0x01, 0x00, 0x00, 0x00, 0x00, 0x00, 0x09,
  0x9c, 0x00, 0x00, 0x00, 0x2c, 0x0f, 0xff, 0xff, 0x08, 0x00, 0x00, 0x00,
  0x10, 0x00, 0x00, 0x00, 0x01, 0x00, 0x00, 0x00, 0xf7, 0xff, 0xff, 0xff,
  0xff, 0xff, 0xff, 0xff, 0x01, 0x00, 0x00, 0x00, 0x1d, 0xdd, 0x3e, 0x3f,
  0x73, 0x00, 0x00, 0x00, 0x6d, 0x6f, 0x64, 0x65, 0x6c, 0x5f, 0x39, 0x32,
  0x2f, 0x74, 0x66, 0x2e, 0x73, 0x70, 0x6c, 0x69, 0x74, 0x5f, 0x35, 0x32,
  0x34, 0x2f, 0x73, 0x70, 0x6c, 0x69, 0x74, 0x3b, 0x6d, 0x6f, 0x64, 0x65,
  0x6c, 0x5f, 0x39, 0x32, 0x2f, 0x74, 0x66, 0x2e, 0x73, 0x70, 0x6c, 0x69,
  0x74, 0x5f, 0x35, 0x32, 0x34, 0x2f, 0x73, 0x70, 0x6c, 0x69, 0x74, 0x31,
  0x3b, 0x6d, 0x6f, 0x64, 0x65, 0x6c, 0x5f, 0x39, 0x32, 0x2f, 0x74, 0x66,
  0x2e, 0x73, 0x70, 0x6c, 0x69, 0x74, 0x5f, 0x35, 0x32, 0x34, 0x2f, 0x73,
  0x70, 0x6c, 0x69, 0x74, 0x32, 0x3b, 0x6d, 0x6f, 0x64, 0x65, 0x6c, 0x5f,
  0x39, 0x32, 0x2f, 0x74, 0x66, 0x2e, 0x73, 0x70, 0x6c, 0x69, 0x74, 0x5f,
  0x35, 0x32, 0x34, 0x2f, 0x73, 0x70, 0x6c, 0x69, 0x74, 0x33, 0x31, 0x00,
  0x02, 0x00, 0x00, 0x00, 0x01, 0x00, 0x00, 0x00, 0x10, 0x00, 0x00, 0x00,
  0x02, 0x10, 0xff, 0xff, 0x00, 0x00, 0x00, 0x01, 0x14, 0x00, 0x00, 0x00,
  0x30, 0x00, 0x00, 0x00, 0x22, 0x01, 0x00, 0x00, 0x00, 0x00, 0x00, 0x09,
  0x9c, 0x00, 0x00, 0x00, 0xec, 0x0f, 0xff, 0xff, 0x08, 0x00, 0x00, 0x00,
  0x10, 0x00, 0x00, 0x00, 0x01, 0x00, 0x00, 0x00, 0xf7, 0xff, 0xff, 0xff,
  0xff, 0xff, 0xff, 0xff, 0x01, 0x00, 0x00, 0x00, 0x1d, 0xdd, 0x3e, 0x3f,
  0x72, 0x00, 0x00, 0x00, 0x6d, 0x6f, 0x64, 0x65, 0x6c, 0x5f, 0x39, 0x32,
  0x2f, 0x74, 0x66, 0x2e, 0x73, 0x70, 0x6c, 0x69, 0x74, 0x5f, 0x35, 0x32,
  0x34, 0x2f, 0x73, 0x70, 0x6c, 0x69, 0x74, 0x3b, 0x6d, 0x6f, 0x64, 0x65,
  0x6c, 0x5f, 0x39, 0x32, 0x2f, 0x74, 0x66, 0x2e, 0x73, 0x70, 0x6c, 0x69,
  0x74, 0x5f, 0x35, 0x32, 0x34, 0x2f, 0x73, 0x70, 0x6c, 0x69, 0x74, 0x31,
  0x3b, 0x6d, 0x6f, 0x64, 0x65, 0x6c, 0x5f, 0x39, 0x32, 0x2f, 0x74, 0x66,
  0x2e, 0x73, 0x70, 0x6c, 0x69, 0x74, 0x5f, 0x35, 0x32, 0x34, 0x2f, 0x73,
  0x70, 0x6c, 0x69, 0x74, 0x32, 0x3b, 0x6d, 0x6f, 0x64, 0x65, 0x6c, 0x5f,
  0x39, 0x32, 0x2f, 0x74, 0x66, 0x2e, 0x73, 0x70, 0x6c, 0x69, 0x74, 0x5f,
  0x35, 0x32, 0x34, 0x2f, 0x73, 0x70, 0x6c, 0x69, 0x74, 0x33, 0x00, 0x00,
  0x02, 0x00, 0x00, 0x00, 0x01, 0x00, 0x00, 0x00, 0x10, 0x00, 0x00, 0x00,
  0xc2, 0x10, 0xff, 0xff, 0x00, 0x00, 0x00, 0x01, 0x14, 0x00, 0x00, 0x00,
  0x34, 0x00, 0x00, 0x00, 0x21, 0x01, 0x00, 0x00, 0x00, 0x00, 0x00, 0x09,
  0x4c, 0x00, 0x00, 0x00, 0xac, 0x10, 0xff, 0xff, 0x08, 0x00, 0x00, 0x00,
  0x14, 0x00, 0x00, 0x00, 0x01, 0x00, 0x00, 0x00, 0xf7, 0xff, 0xff, 0xff,
  0xff, 0xff, 0xff, 0xff, 0x00, 0x00, 0x00, 0x00, 0x01, 0x00, 0x00, 0x00,
  0x1d, 0xdd, 0x3e, 0x3f, 0x1d, 0x00, 0x00, 0x00, 0x6d, 0x6f, 0x64, 0x65,
  0x6c, 0x5f, 0x39, 0x32, 0x2f, 0x74, 0x66, 0x2e, 0x6d, 0x61, 0x74, 0x68,
  0x2e, 0x61, 0x64, 0x64, 0x5f, 0x31, 0x30, 0x34, 0x38, 0x2f, 0x41, 0x64,
  0x64, 0x00, 0x00, 0x00, 0x02, 0x00, 0x00, 0x00, 0x01, 0x00, 0x00, 0x00,
  0x40, 0x00, 0x00, 0x00, 0x32, 0x11, 0xff, 0xff, 0x00, 0x00, 0x00, 0x01,
  0x14, 0x00, 0x00, 0x00, 0x34, 0x00, 0x00, 0x00, 0x20, 0x01, 0x00, 0x00,
  0x00, 0x00, 0x00, 0x09, 0x7c, 0x00, 0x00, 0x00, 0x1c, 0x11, 0xff, 0xff,
  0x08, 0x00, 0x00, 0x00, 0x14, 0x00, 0x00, 0x00, 0x01, 0x00, 0x00, 0x00,
  0xf7, 0xff, 0xff, 0xff, 0xff, 0xff, 0xff, 0xff, 0x00, 0x00, 0x00, 0x00,
  0x01, 0x00, 0x00, 0x00, 0x1d, 0xdd, 0x3e, 0x3f, 0x4e, 0x00, 0x00, 0x00,
  0x6d, 0x6f, 0x64, 0x65, 0x6c, 0x5f, 0x39, 0x32, 0x2f, 0x74, 0x66, 0x2e,
  0x6c, 0x69, 0x6e, 0x61, 0x6c, 0x67, 0x2e, 0x6d, 0x61, 0x74, 0x6d, 0x75,
  0x6c, 0x5f, 0x31, 0x30, 0x31, 0x37, 0x2f, 0x4d, 0x61, 0x74, 0x4d, 0x75,
  0x6c, 0x3b, 0x6d, 0x6f, 0x64, 0x65, 0x6c, 0x5f, 0x39, 0x32, 0x2f, 0x74,
  0x66, 0x2e, 0x5f, 0x5f, 0x6f, 0x70, 0x65, 0x72, 0x61, 0x74, 0x6f, 0x72,
  0x73, 0x5f, 0x5f, 0x2e, 0x61, 0x64, 0x64, 0x5f, 0x31, 0x35, 0x39, 0x33,
  0x2f, 0x41, 0x64, 0x64, 0x56, 0x32, 0x00, 0x00, 0x02, 0x00, 0x00, 0x00,
  0x01, 0x00, 0x00, 0x00, 0x40, 0x00, 0x00, 0x00, 0xd2, 0x11, 0xff, 0xff,
  0x00, 0x00, 0x00, 0x01, 0x14, 0x00, 0x00, 0x00, 0x30, 0x00, 0x00, 0x00,
  0x1f, 0x01, 0x00, 0x00, 0x00, 0x00, 0x00, 0x09, 0x4c, 0x00, 0x00, 0x00,
  0xbc, 0x11, 0xff, 0xff, 0x08, 0x00, 0x00, 0x00, 0x10, 0x00, 0x00, 0x00,
  0x01, 0x00, 0x00, 0x00, 0xff, 0xff, 0xff, 0xff, 0xff, 0xff, 0xff, 0xff,
  0x01, 0x00, 0x00, 0x00, 0x81, 0x80, 0x00, 0x3c, 0x23, 0x00, 0x00, 0x00,
  0x6d, 0x6f, 0x64, 0x65, 0x6c, 0x5f, 0x39, 0x32, 0x2f, 0x74, 0x66, 0x2e,
  0x6d, 0x61, 0x74, 0x68, 0x2e, 0x6d, 0x75, 0x6c, 0x74, 0x69, 0x70, 0x6c,
  0x79, 0x5f, 0x31, 0x30, 0x39, 0x38, 0x31, 0x2f, 0x4d, 0x75, 0x6c, 0x00,
  0x02, 0x00, 0x00, 0x00, 0x01, 0x00, 0x00, 0x00, 0x10, 0x00, 0x00, 0x00,
  0x42, 0x12, 0xff, 0xff, 0x00, 0x00, 0x00, 0x01, 0x14, 0x00, 0x00, 0x00,
  0x34, 0x00, 0x00, 0x00, 0x1e, 0x01, 0x00, 0x00, 0x00, 0x00, 0x00, 0x09,
  0x4c, 0x00, 0x00, 0x00, 0x2c, 0x12, 0xff, 0xff, 0x08, 0x00, 0x00, 0x00,
  0x14, 0x00, 0x00, 0x00, 0x01, 0x00, 0x00, 0x00, 0x00, 0x00, 0x00, 0x00,
  0x00, 0x00, 0x00, 0x00, 0x00, 0x00, 0x00, 0x00, 0x01, 0x00, 0x00, 0x00,
  0x00, 0x00, 0x00, 0x3c, 0x1f, 0x00, 0x00, 0x00, 0x6d, 0x6f, 0x64, 0x65,
  0x6c, 0x5f, 0x39, 0x32, 0x2f, 0x74, 0x66, 0x2e, 0x6d, 0x61, 0x74, 0x68,
  0x2e, 0x74, 0x61, 0x6e, 0x68, 0x5f, 0x31, 0x30, 0x34, 0x37, 0x2f, 0x54,
  0x61, 0x6e, 0x68, 0x00, 0x02, 0x00, 0x00, 0x00, 0x01, 0x00, 0x00, 0x00,
  0x10, 0x00, 0x00, 0x00, 0xb2, 0x12, 0xff, 0xff, 0x00, 0x00, 0x00, 0x01,
  0x14, 0x00, 0x00, 0x00, 0x34, 0x00, 0x00, 0x00, 0x1d, 0x01, 0x00, 0x00,
  0x00, 0x00, 0x00, 0x09, 0x4c, 0x00, 0x00, 0x00, 0x9c, 0x12, 0xff, 0xff,
  0x08, 0x00, 0x00, 0x00, 0x14, 0x00, 0x00, 0x00, 0x01, 0x00, 0x00, 0x00,
  0xff, 0xff, 0xff, 0xff, 0xff, 0xff, 0xff, 0xff, 0x00, 0x00, 0x00, 0x00,
  0x01, 0x00, 0x00, 0x00, 0xe1, 0xe0, 0xe0, 0x3d, 0x1d, 0x00, 0x00, 0x00,
  0x6d, 0x6f, 0x64, 0x65, 0x6c, 0x5f, 0x39, 0x32, 0x2f, 0x74, 0x66, 0x2e,
  0x6d, 0x61, 0x74, 0x68, 0x2e, 0x61, 0x64, 0x64, 0x5f, 0x31, 0x30, 0x34,
  0x37, 0x2f, 0x41, 0x64, 0x64, 0x00, 0x00, 0x00, 0x02, 0x00, 0x00, 0x00,
  0x01, 0x00, 0x00, 0x00, 0x10, 0x00, 0x00, 0x00, 0x22, 0x13, 0xff, 0xff,
  0x00, 0x00, 0x00, 0x01, 0x14, 0x00, 0x00, 0x00, 0x30, 0x00, 0x00, 0x00,
  0x1c, 0x01, 0x00, 0x00, 0x00, 0x00, 0x00, 0x09, 0x4c, 0x00, 0x00, 0x00,
  0x0c, 0x13, 0xff, 0xff, 0x08, 0x00, 0x00, 0x00, 0x10, 0x00, 0x00, 0x00,
  0x01, 0x00, 0x00, 0x00, 0xff, 0xff, 0xff, 0xff, 0xff, 0xff, 0xff, 0xff,
  0x01, 0x00, 0x00, 0x00, 0x81, 0x80, 0x00, 0x3c, 0x23, 0x00, 0x00, 0x00,
  0x6d, 0x6f, 0x64, 0x65, 0x6c, 0x5f, 0x39, 0x32, 0x2f, 0x74, 0x66, 0x2e,
  0x6d, 0x61, 0x74, 0x68, 0x2e, 0x6d, 0x75, 0x6c, 0x74, 0x69, 0x70, 0x6c,
  0x79, 0x5f, 0x31, 0x30, 0x39, 0x37, 0x34, 0x2f, 0x4d, 0x75, 0x6c, 0x00,
  0x02, 0x00, 0x00, 0x00, 0x01, 0x00, 0x00, 0x00, 0x10, 0x00, 0x00, 0x00,
  0x92, 0x13, 0xff, 0xff, 0x00, 0x00, 0x00, 0x01, 0x14, 0x00, 0x00, 0x00,
  0x34, 0x00, 0x00, 0x00, 0x1b, 0x01, 0x00, 0x00, 0x00, 0x00, 0x00, 0x09,
  0x4c, 0x00, 0x00, 0x00, 0x7c, 0x13, 0xff, 0xff, 0x08, 0x00, 0x00, 0x00,
  0x14, 0x00, 0x00, 0x00, 0x01, 0x00, 0x00, 0x00, 0x00, 0x00, 0x00, 0x00,
  0x00, 0x00, 0x00, 0x00, 0x00, 0x00, 0x00, 0x00, 0x01, 0x00, 0x00, 0x00,
  0x00, 0x00, 0x00, 0x3c, 0x1f, 0x00, 0x00, 0x00, 0x6d, 0x6f, 0x64, 0x65,
  0x6c, 0x5f, 0x39, 0x32, 0x2f, 0x74, 0x66, 0x2e, 0x6d, 0x61, 0x74, 0x68,
  0x2e, 0x74, 0x61, 0x6e, 0x68, 0x5f, 0x31, 0x30, 0x34, 0x36, 0x2f, 0x54,
  0x61, 0x6e, 0x68, 0x00, 0x02, 0x00, 0x00, 0x00, 0x01, 0x00, 0x00, 0x00,
  0x10, 0x00, 0x00, 0x00, 0x02, 0x14, 0xff, 0xff, 0x00, 0x00, 0x00, 0x01,
  0x14, 0x00, 0x00, 0x00, 0x34, 0x00, 0x00, 0x00, 0x1a, 0x01, 0x00, 0x00,
  0x00, 0x00, 0x00, 0x09, 0x54, 0x00, 0x00, 0x00, 0xec, 0x13, 0xff, 0xff,
  0x08, 0x00, 0x00, 0x00, 0x14, 0x00, 0x00, 0x00, 0x01, 0x00, 0x00, 0x00,
  0x80, 0xff, 0xff, 0xff, 0xff, 0xff, 0xff, 0xff, 0x00, 0x00, 0x00, 0x00,
  0x01, 0x00, 0x00, 0x00, 0x00, 0x00, 0x80, 0x3b, 0x25, 0x00, 0x00, 0x00,
  0x6d, 0x6f, 0x64, 0x65, 0x6c, 0x5f, 0x39, 0x32, 0x2f, 0x74, 0x66, 0x2e,
  0x6d, 0x61, 0x74, 0x68, 0x2e, 0x73, 0x69, 0x67, 0x6d, 0x6f, 0x69, 0x64,
  0x5f, 0x31, 0x35, 0x37, 0x31, 0x2f, 0x53, 0x69, 0x67, 0x6d, 0x6f, 0x69,
  0x64, 0x00, 0x00, 0x00, 0x02, 0x00, 0x00, 0x00, 0x01, 0x00, 0x00, 0x00,
  0x10, 0x00, 0x00, 0x00, 0x7a, 0x14, 0xff, 0xff, 0x00, 0x00, 0x00, 0x01,
  0x14, 0x00, 0x00, 0x00, 0x30, 0x00, 0x00, 0x00, 0x19, 0x01, 0x00, 0x00,
  0x00, 0x00, 0x00, 0x09, 0x4c, 0x00, 0x00, 0x00, 0x64, 0x14, 0xff, 0xff,
  0x08, 0x00, 0x00, 0x00, 0x10, 0x00, 0x00, 0x00, 0x01, 0x00, 0x00, 0x00,
  0xff, 0xff, 0xff, 0xff, 0xff, 0xff, 0xff, 0xff, 0x01, 0x00, 0x00, 0x00,
  0xe1, 0xe0, 0xe0, 0x3d, 0x23, 0x00, 0x00, 0x00, 0x6d, 0x6f, 0x64, 0x65,
  0x6c, 0x5f, 0x39, 0x32, 0x2f, 0x74, 0x66, 0x2e, 0x6d, 0x61, 0x74, 0x68,
  0x2e, 0x6d, 0x75, 0x6c, 0x74, 0x69, 0x70, 0x6c, 0x79, 0x5f, 0x31, 0x30,
  0x39, 0x37, 0x30, 0x2f, 0x4d, 0x75, 0x6c, 0x00, 0x02, 0x00, 0x00, 0x00,
  0x01, 0x00, 0x00, 0x00, 0x10, 0x00, 0x00, 0x00, 0xea, 0x14, 0xff, 0xff,
  0x00, 0x00, 0x00, 0x01, 0x14, 0x00, 0x00, 0x00, 0x34, 0x00, 0x00, 0x00,
  0x18, 0x01, 0x00, 0x00, 0x00, 0x00, 0x00, 0x09, 0x54, 0x00, 0x00, 0x00,
  0xd4, 0x14, 0xff, 0xff, 0x08, 0x00, 0x00, 0x00, 0x14, 0x00, 0x00, 0x00,
  0x01, 0x00, 0x00, 0x00, 0x80, 0xff, 0xff, 0xff, 0xff, 0xff, 0xff, 0xff,
  0x00, 0x00, 0x00, 0x00, 0x01, 0x00, 0x00, 0x00, 0x00, 0x00, 0x80, 0x3b,
  0x25, 0x00, 0x00, 0x00, 0x6d, 0x6f, 0x64, 0x65, 0x6c, 0x5f, 0x39, 0x32,
  0x2f, 0x74, 0x66, 0x2e, 0x6d, 0x61, 0x74, 0x68, 0x2e, 0x73, 0x69, 0x67,
  0x6d, 0x6f, 0x69, 0x64, 0x5f, 0x31, 0x35, 0x37, 0x30, 0x2f, 0x53, 0x69,
  0x67, 0x6d, 0x6f, 0x69, 0x64, 0x00, 0x00, 0x00, 0x02, 0x00, 0x00, 0x00,
  0x01, 0x00, 0x00, 0x00, 0x10, 0x00, 0x00, 0x00, 0x62, 0x15, 0xff, 0xff,
  0x00, 0x00, 0x00, 0x01, 0x14, 0x00, 0x00, 0x00, 0x34, 0x00, 0x00, 0x00,
  0x17, 0x01, 0x00, 0x00, 0x00, 0x00, 0x00, 0x09, 0x54, 0x00, 0x00, 0x00,
  0x4c, 0x15, 0xff, 0xff, 0x08, 0x00, 0x00, 0x00, 0x14, 0x00, 0x00, 0x00,
  0x01, 0x00, 0x00, 0x00, 0x80, 0xff, 0xff, 0xff, 0xff, 0xff, 0xff, 0xff,
  0x00, 0x00, 0x00, 0x00, 0x01, 0x00, 0x00, 0x00, 0x00, 0x00, 0x80, 0x3b,
  0x25, 0x00, 0x00, 0x00, 0x6d, 0x6f, 0x64, 0x65, 0x6c, 0x5f, 0x39, 0x32,
  0x2f, 0x74, 0x66, 0x2e, 0x6d, 0x61, 0x74, 0x68, 0x2e, 0x73, 0x69, 0x67,
  0x6d, 0x6f, 0x69, 0x64, 0x5f, 0x31, 0x35, 0x36, 0x39, 0x2f, 0x53, 0x69,
  0x67, 0x6d, 0x6f, 0x69, 0x64, 0x00, 0x00, 0x00, 0x02, 0x00, 0x00, 0x00,
  0x01, 0x00, 0x00, 0x00, 0x10, 0x00, 0x00, 0x00, 0xda, 0x15, 0xff, 0xff,
  0x00, 0x00, 0x00, 0x01, 0x14, 0x00, 0x00, 0x00, 0x30, 0x00, 0x00, 0x00,
  0x16, 0x01, 0x00, 0x00, 0x00, 0x00, 0x00, 0x09, 0x9c, 0x00, 0x00, 0x00,
  0xc4, 0x15, 0xff, 0xff, 0x08, 0x00, 0x00, 0x00, 0x10, 0x00, 0x00, 0x00,
  0x01, 0x00, 0x00, 0x00, 0xf7, 0xff, 0xff, 0xff, 0xff, 0xff, 0xff, 0xff,
  0x01, 0x00, 0x00, 0x00, 0x1b, 0xf1, 0x3e, 0x3f, 0x73, 0x00, 0x00, 0x00,
  0x6d, 0x6f, 0x64, 0x65, 0x6c, 0x5f, 0x39, 0x32, 0x2f, 0x74, 0x66, 0x2e,
  0x73, 0x70, 0x6c, 0x69, 0x74, 0x5f, 0x35, 0x32, 0x33, 0x2f, 0x73, 0x70,
  0x6c, 0x69, 0x74, 0x3b, 0x6d, 0x6f, 0x64, 0x65, 0x6c, 0x5f, 0x39, 0x32,
  0x2f, 0x74, 0x66, 0x2e, 0x73, 0x70, 0x6c, 0x69, 0x74, 0x5f, 0x35, 0x32,
  0x33, 0x2f, 0x73, 0x70, 0x6c, 0x69, 0x74, 0x31, 0x3b, 0x6d, 0x6f, 0x64,
  0x65, 0x6c, 0x5f, 0x39, 0x32, 0x2f, 0x74, 0x66, 0x2e, 0x73, 0x70, 0x6c,
  0x69, 0x74, 0x5f, 0x35, 0x32, 0x33, 0x2f, 0x73, 0x70, 0x6c, 0x69, 0x74,
  0x32, 0x3b, 0x6d, 0x6f, 0x64, 0x65, 0x6c, 0x5f, 0x39, 0x32, 0x2f, 0x74,
  0x66, 0x2e, 0x73, 0x70, 0x6c, 0x69, 0x74, 0x5f, 0x35, 0x32, 0x33, 0x2f,
  0x73, 0x70, 0x6c, 0x69, 0x74, 0x33, 0x33, 0x00, 0x02, 0x00, 0x00, 0x00,
  0x01, 0x00, 0x00, 0x00, 0x10, 0x00, 0x00, 0x00, 0x9a, 0x16, 0xff, 0xff,
  0x00, 0x00, 0x00, 0x01, 0x14, 0x00, 0x00, 0x00, 0x30, 0x00, 0x00, 0x00,
  0x15, 0x01, 0x00, 0x00, 0x00, 0x00, 0x00, 0x09, 0x9c, 0x00, 0x00, 0x00,
  0x84, 0x16, 0xff, 0xff, 0x08, 0x00, 0x00, 0x00, 0x10, 0x00, 0x00, 0x00,
  0x01, 0x00, 0x00, 0x00, 0xf7, 0xff, 0xff, 0xff, 0xff, 0xff, 0xff, 0xff,
  0x01, 0x00, 0x00, 0x00, 0x1b, 0xf1, 0x3e, 0x3f, 0x73, 0x00, 0x00, 0x00,
  0x6d, 0x6f, 0x64, 0x65, 0x6c, 0x5f, 0x39, 0x32, 0x2f, 0x74, 0x66, 0x2e,
  0x73, 0x70, 0x6c, 0x69, 0x74, 0x5f, 0x35, 0x32, 0x33, 0x2f, 0x73, 0x70,
  0x6c, 0x69, 0x74, 0x3b, 0x6d, 0x6f, 0x64, 0x65, 0x6c, 0x5f, 0x39, 0x32,
  0x2f, 0x74, 0x66, 0x2e, 0x73, 0x70, 0x6c, 0x69, 0x74, 0x5f, 0x35, 0x32,
  0x33, 0x2f, 0x73, 0x70, 0x6c, 0x69, 0x74, 0x31, 0x3b, 0x6d, 0x6f, 0x64,
  0x65, 0x6c, 0x5f, 0x39, 0x32, 0x2f, 0x74, 0x66, 0x2e, 0x73, 0x70, 0x6c,
  0x69, 0x74, 0x5f, 0x35, 0x32, 0x33, 0x2f, 0x73, 0x70, 0x6c, 0x69, 0x74,
  0x32, 0x3b, 0x6d, 0x6f, 0x64, 0x65, 0x6c, 0x5f, 0x39, 0x32, 0x2f, 0x74,
  0x66, 0x2e, 0x73, 0x70, 0x6c, 0x69, 0x74, 0x5f, 0x35, 0x32, 0x33, 0x2f,
  0x73, 0x70, 0x6c, 0x69, 0x74, 0x33, 0x32, 0x00, 0x02, 0x00, 0x00, 0x00,
  0x01, 0x00, 0x00, 0x00, 0x10, 0x00, 0x00, 0x00, 0x5a, 0x17, 0xff, 0xff,
  0x00, 0x00, 0x00, 0x01, 0x14, 0x00, 0x00, 0x00, 0x30, 0x00, 0x00, 0x00,
  0x14, 0x01, 0x00, 0x00, 0x00, 0x00, 0x00, 0x09, 0x9c, 0x00, 0x00, 0x00,
  0x44, 0x17, 0xff, 0xff, 0x08, 0x00, 0x00, 0x00, 0x10, 0x00, 0x00, 0x00,
  0x01, 0x00, 0x00, 0x00, 0xf7, 0xff, 0xff, 0xff, 0xff, 0xff, 0xff, 0xff,
  0x01, 0x00, 0x00, 0x00, 0x1b, 0xf1, 0x3e, 0x3f, 0x73, 0x00, 0x00, 0x00,
  0x6d, 0x6f, 0x64, 0x65, 0x6c, 0x5f, 0x39, 0x32, 0x2f, 0x74, 0x66, 0x2e,
  0x73, 0x70, 0x6c, 0x69, 0x74, 0x5f, 0x35, 0x32, 0x33, 0x2f, 0x73, 0x70,
  0x6c, 0x69, 0x74, 0x3b, 0x6d, 0x6f, 0x64, 0x65, 0x6c, 0x5f, 0x39, 0x32,
  0x2f, 0x74, 0x66, 0x2e, 0x73, 0x70, 0x6c, 0x69, 0x74, 0x5f, 0x35, 0x32,
  0x33, 0x2f, 0x73, 0x70, 0x6c, 0x69, 0x74, 0x31, 0x3b, 0x6d, 0x6f, 0x64,
  0x65, 0x6c, 0x5f, 0x39, 0x32, 0x2f, 0x74, 0x66, 0x2e, 0x73, 0x70, 0x6c,
  0x69, 0x74, 0x5f, 0x35, 0x32, 0x33, 0x2f, 0x73, 0x70, 0x6c, 0x69, 0x74,
  0x32, 0x3b, 0x6d, 0x6f, 0x64, 0x65, 0x6c, 0x5f, 0x39, 0x32, 0x2f, 0x74,
  0x66, 0x2e, 0x73, 0x70, 0x6c, 0x69, 0x74, 0x5f, 0x35, 0x32, 0x33, 0x2f,
  0x73, 0x70, 0x6c, 0x69, 0x74, 0x33, 0x31, 0x00, 0x02, 0x00, 0x00, 0x00,
  0x01, 0x00, 0x00, 0x00, 0x10, 0x00, 0x00, 0x00, 0x1a, 0x18, 0xff, 0xff,
  0x00, 0x00, 0x00, 0x01, 0x14, 0x00, 0x00, 0x00, 0x30, 0x00, 0x00, 0x00,
  0x13, 0x01, 0x00, 0x00, 0x00, 0x00, 0x00, 0x09, 0x9c, 0x00, 0x00, 0x00,
  0x04, 0x18, 0xff, 0xff, 0x08, 0x00, 0x00, 0x00, 0x10, 0x00, 0x00, 0x00,
  0x01, 0x00, 0x00, 0x00, 0xf7, 0xff, 0xff, 0xff, 0xff, 0xff, 0xff, 0xff,
  0x01, 0x00, 0x00, 0x00, 0x1b, 0xf1, 0x3e, 0x3f, 0x72, 0x00, 0x00, 0x00,
  0x6d, 0x6f, 0x64, 0x65, 0x6c, 0x5f, 0x39, 0x32, 0x2f, 0x74, 0x66, 0x2e,
  0x73, 0x70, 0x6c, 0x69, 0x74, 0x5f, 0x35, 0x32, 0x33, 0x2f, 0x73, 0x70,
  0x6c, 0x69, 0x74, 0x3b, 0x6d, 0x6f, 0x64, 0x65, 0x6c, 0x5f, 0x39, 0x32,
  0x2f, 0x74, 0x66, 0x2e, 0x73, 0x70, 0x6c, 0x69, 0x74, 0x5f, 0x35, 0x32,
  0x33, 0x2f, 0x73, 0x70, 0x6c, 0x69, 0x74, 0x31, 0x3b, 0x6d, 0x6f, 0x64,
  0x65, 0x6c, 0x5f, 0x39, 0x32, 0x2f, 0x74, 0x66, 0x2e, 0x73, 0x70, 0x6c,
  0x69, 0x74, 0x5f, 0x35, 0x32, 0x33, 0x2f, 0x73, 0x70, 0x6c, 0x69, 0x74,
  0x32, 0x3b, 0x6d, 0x6f, 0x64, 0x65, 0x6c, 0x5f, 0x39, 0x32, 0x2f, 0x74,
  0x66, 0x2e, 0x73, 0x70, 0x6c, 0x69, 0x74, 0x5f, 0x35, 0x32, 0x33, 0x2f,
  0x73, 0x70, 0x6c, 0x69, 0x74, 0x33, 0x00, 0x00, 0x02, 0x00, 0x00, 0x00,
  0x01, 0x00, 0x00, 0x00, 0x10, 0x00, 0x00, 0x00, 0xda, 0x18, 0xff, 0xff,
  0x00, 0x00, 0x00, 0x01, 0x14, 0x00, 0x00, 0x00, 0x34, 0x00, 0x00, 0x00,
  0x12, 0x01, 0x00, 0x00, 0x00, 0x00, 0x00, 0x09, 0x4c, 0x00, 0x00, 0x00,
  0xc4, 0x18, 0xff, 0xff, 0x08, 0x00, 0x00, 0x00, 0x14, 0x00, 0x00, 0x00,
  0x01, 0x00, 0x00, 0x00, 0xf7, 0xff, 0xff, 0xff, 0xff, 0xff, 0xff, 0xff,
  0x00, 0x00, 0x00, 0x00, 0x01, 0x00, 0x00, 0x00, 0x1b, 0xf1, 0x3e, 0x3f,
  0x1d, 0x00, 0x00, 0x00, 0x6d, 0x6f, 0x64, 0x65, 0x6c, 0x5f, 0x39, 0x32,
  0x2f, 0x74, 0x66, 0x2e, 0x6d, 0x61, 0x74, 0x68, 0x2e, 0x61, 0x64, 0x64,
  0x5f, 0x31, 0x30, 0x34, 0x36, 0x2f, 0x41, 0x64, 0x64, 0x00, 0x00, 0x00,
  0x02, 0x00, 0x00, 0x00, 0x01, 0x00, 0x00, 0x00, 0x40, 0x00, 0x00, 0x00,
  0x4a, 0x19, 0xff, 0xff, 0x00, 0x00, 0x00, 0x01, 0x14, 0x00, 0x00, 0x00,
  0x34, 0x00, 0x00, 0x00, 0x11, 0x01, 0x00, 0x00, 0x00, 0x00, 0x00, 0x09,
  0x7c, 0x00, 0x00, 0x00, 0x34, 0x19, 0xff, 0xff, 0x08, 0x00, 0x00, 0x00,
  0x14, 0x00, 0x00, 0x00, 0x01, 0x00, 0x00, 0x00, 0xf7, 0xff, 0xff, 0xff,
  0xff, 0xff, 0xff, 0xff, 0x00, 0x00, 0x00, 0x00, 0x01, 0x00, 0x00, 0x00,
  0x1b, 0xf1, 0x3e, 0x3f, 0x4e, 0x00, 0x00, 0x00, 0x6d, 0x6f, 0x64, 0x65,
  0x6c, 0x5f, 0x39, 0x32, 0x2f, 0x74, 0x66, 0x2e, 0x6c, 0x69, 0x6e, 0x61,
  0x6c, 0x67, 0x2e, 0x6d, 0x61, 0x74, 0x6d, 0x75, 0x6c, 0x5f, 0x31, 0x30,
  0x31, 0x36, 0x2f, 0x4d, 0x61, 0x74, 0x4d, 0x75, 0x6c, 0x3b, 0x6d, 0x6f,
  0x64, 0x65, 0x6c, 0x5f, 0x39, 0x32, 0x2f, 0x74, 0x66, 0x2e, 0x5f, 0x5f,
  0x6f, 0x70, 0x65, 0x72, 0x61, 0x74, 0x6f, 0x72, 0x73, 0x5f, 0x5f, 0x2e,
  0x61, 0x64, 0x64, 0x5f, 0x31, 0x35, 0x39, 0x32, 0x2f, 0x41, 0x64, 0x64,
  0x56, 0x32, 0x00, 0x00, 0x02, 0x00, 0x00, 0x00, 0x01, 0x00, 0x00, 0x00,
  0x40, 0x00, 0x00, 0x00, 0xea, 0x19, 0xff, 0xff, 0x00, 0x00, 0x00, 0x01,
  0x14, 0x00, 0x00, 0x00, 0x30, 0x00, 0x00, 0x00, 0x10, 0x01, 0x00, 0x00,
  0x00, 0x00, 0x00, 0x09, 0x4c, 0x00, 0x00, 0x00, 0xd4, 0x19, 0xff, 0xff,
  0x08, 0x00, 0x00, 0x00, 0x10, 0x00, 0x00, 0x00, 0x01, 0x00, 0x00, 0x00,
  0xff, 0xff, 0xff, 0xff, 0xff, 0xff, 0xff, 0xff, 0x01, 0x00, 0x00, 0x00,
  0x81, 0x80, 0x00, 0x3c, 0x23, 0x00, 0x00, 0x00, 0x6d, 0x6f, 0x64, 0x65,
  0x6c, 0x5f, 0x39, 0x32, 0x2f, 0x74, 0x66, 0x2e, 0x6d, 0x61, 0x74, 0x68,
  0x2e, 0x6d, 0x75, 0x6c, 0x74, 0x69, 0x70, 0x6c, 0x79, 0x5f, 0x31, 0x30,
  0x39, 0x36, 0x32, 0x2f, 0x4d, 0x75, 0x6c, 0x00, 0x02, 0x00, 0x00, 0x00,
  0x01, 0x00, 0x00, 0x00, 0x10, 0x00, 0x00, 0x00, 0x5a, 0x1a, 0xff, 0xff,
  0x00, 0x00, 0x00, 0x01, 0x14, 0x00, 0x00, 0x00, 0x34, 0x00, 0x00, 0x00,
  0x0f, 0x01, 0x00, 0x00, 0x00, 0x00, 0x00, 0x09, 0x4c, 0x00, 0x00, 0x00,
  0x44, 0x1a, 0xff, 0xff, 0x08, 0x00, 0x00, 0x00, 0x14, 0x00, 0x00, 0x00,
  0x01, 0x00, 0x00, 0x00, 0x00, 0x00, 0x00, 0x00, 0x00, 0x00, 0x00, 0x00,
  0x00, 0x00, 0x00, 0x00, 0x01, 0x00, 0x00, 0x00, 0x00, 0x00, 0x00, 0x3c,
  0x1f, 0x00, 0x00, 0x00, 0x6d, 0x6f, 0x64, 0x65, 0x6c, 0x5f, 0x39, 0x32,
  0x2f, 0x74, 0x66, 0x2e, 0x6d, 0x61, 0x74, 0x68, 0x2e, 0x74, 0x61, 0x6e,
  0x68, 0x5f, 0x31, 0x30, 0x34, 0x35, 0x2f, 0x54, 0x61, 0x6e, 0x68, 0x00,
  0x02, 0x00, 0x00, 0x00, 0x01, 0x00, 0x00, 0x00, 0x10, 0x00, 0x00, 0x00,
  0xca, 0x1a, 0xff, 0xff, 0x00, 0x00, 0x00, 0x01, 0x14, 0x00, 0x00, 0x00,
  0x34, 0x00, 0x00, 0x00, 0x0e, 0x01, 0x00, 0x00, 0x00, 0x00, 0x00, 0x09,
  0x4c, 0x00, 0x00, 0x00, 0xb4, 0x1a, 0xff, 0xff, 0x08, 0x00, 0x00, 0x00,
  0x14, 0x00, 0x00, 0x00, 0x01, 0x00, 0x00, 0x00, 0xff, 0xff, 0xff, 0xff,
  0xff, 0xff, 0xff, 0xff, 0x00, 0x00, 0x00, 0x00, 0x01, 0x00, 0x00, 0x00,
  0xd1, 0xd0, 0xd0, 0x3d, 0x1d, 0x00, 0x00, 0x00, 0x6d, 0x6f, 0x64, 0x65,
  0x6c, 0x5f, 0x39, 0x32, 0x2f, 0x74, 0x66, 0x2e, 0x6d, 0x61, 0x74, 0x68,
  0x2e, 0x61, 0x64, 0x64, 0x5f, 0x31, 0x30, 0x34, 0x35, 0x2f, 0x41, 0x64,
  0x64, 0x00, 0x00, 0x00, 0x02, 0x00, 0x00, 0x00, 0x01, 0x00, 0x00, 0x00,
  0x10, 0x00, 0x00, 0x00, 0x3a, 0x1b, 0xff, 0xff, 0x00, 0x00, 0x00, 0x01,
  0x14, 0x00, 0x00, 0x00, 0x30, 0x00, 0x00, 0x00, 0x0d, 0x01, 0x00, 0x00,
  0x00, 0x00, 0x00, 0x09, 0x4c, 0x00, 0x00, 0x00, 0x24, 0x1b, 0xff, 0xff,
  0x08, 0x00, 0x00, 0x00, 0x10, 0x00, 0x00, 0x00, 0x01, 0x00, 0x00, 0x00,
  0xff, 0xff, 0xff, 0xff, 0xff, 0xff, 0xff, 0xff, 0x01, 0x00, 0x00, 0x00,
  0x81, 0x80, 0x00, 0x3c, 0x23, 0x00, 0x00, 0x00, 0x6d, 0x6f, 0x64, 0x65,
  0x6c, 0x5f, 0x39, 0x32, 0x2f, 0x74, 0x66, 0x2e, 0x6d, 0x61, 0x74, 0x68,
  0x2e, 0x6d, 0x75, 0x6c, 0x74, 0x69, 0x70, 0x6c, 0x79, 0x5f, 0x31, 0x30,
  0x39, 0x35, 0x35, 0x2f, 0x4d, 0x75, 0x6c, 0x00, 0x02, 0x00, 0x00, 0x00,
  0x01, 0x00, 0x00, 0x00, 0x10, 0x00, 0x00, 0x00, 0xaa, 0x1b, 0xff, 0xff,
  0x00, 0x00, 0x00, 0x01, 0x14, 0x00, 0x00, 0x00, 0x34, 0x00, 0x00, 0x00,
  0x0c, 0x01, 0x00, 0x00, 0x00, 0x00, 0x00, 0x09, 0x4c, 0x00, 0x00, 0x00,
  0x94, 0x1b, 0xff, 0xff, 0x08, 0x00, 0x00, 0x00, 0x14, 0x00, 0x00, 0x00,
  0x01, 0x00, 0x00, 0x00, 0x00, 0x00, 0x00, 0x00, 0x00, 0x00, 0x00, 0x00,
  0x00, 0x00, 0x00, 0x00, 0x01, 0x00, 0x00, 0x00, 0x00, 0x00, 0x00, 0x3c,
  0x1f, 0x00, 0x00, 0x00, 0x6d, 0x6f, 0x64, 0x65, 0x6c, 0x5f, 0x39, 0x32,
  0x2f, 0x74, 0x66, 0x2e, 0x6d, 0x61, 0x74, 0x68, 0x2e, 0x74, 0x61, 0x6e,
  0x68, 0x5f, 0x31, 0x30, 0x34, 0x34, 0x2f, 0x54, 0x61, 0x6e, 0x68, 0x00,
  0x02, 0x00, 0x00, 0x00, 0x01, 0x00, 0x00, 0x00, 0x10, 0x00, 0x00, 0x00,
  0x1a, 0x1c, 0xff, 0xff, 0x00, 0x00, 0x00, 0x01, 0x14, 0x00, 0x00, 0x00,
  0x34, 0x00, 0x00, 0x00, 0x0b, 0x01, 0x00, 0x00, 0x00, 0x00, 0x00, 0x09,
  0x54, 0x00, 0x00, 0x00, 0x04, 0x1c, 0xff, 0xff, 0x08, 0x00, 0x00, 0x00,
  0x14, 0x00, 0x00, 0x00, 0x01, 0x00, 0x00, 0x00, 0x80, 0xff, 0xff, 0xff,
  0xff, 0xff, 0xff, 0xff, 0x00, 0x00, 0x00, 0x00, 0x01, 0x00, 0x00, 0x00,
  0x00, 0x00, 0x80, 0x3b, 0x25, 0x00, 0x00, 0x00, 0x6d, 0x6f, 0x64, 0x65,
  0x6c, 0x5f, 0x39, 0x32, 0x2f, 0x74, 0x66, 0x2e, 0x6d, 0x61, 0x74, 0x68,
  0x2e, 0x73, 0x69, 0x67, 0x6d, 0x6f, 0x69, 0x64, 0x5f, 0x31, 0x35, 0x36,
  0x38, 0x2f, 0x53, 0x69, 0x67, 0x6d, 0x6f, 0x69, 0x64, 0x00, 0x00, 0x00,
  0x02, 0x00, 0x00, 0x00, 0x01, 0x00, 0x00, 0x00, 0x10, 0x00, 0x00, 0x00,
  0x92, 0x1c, 0xff, 0xff, 0x00, 0x00, 0x00, 0x01, 0x14, 0x00, 0x00, 0x00,
  0x30, 0x00, 0x00, 0x00, 0x0a, 0x01, 0x00, 0x00, 0x00, 0x00, 0x00, 0x09,
  0x4c, 0x00, 0x00, 0x00, 0x7c, 0x1c, 0xff, 0xff, 0x08, 0x00, 0x00, 0x00,
  0x10, 0x00, 0x00, 0x00, 0x01, 0x00, 0x00, 0x00, 0xff, 0xff, 0xff, 0xff,
  0xff, 0xff, 0xff, 0xff, 0x01, 0x00, 0x00, 0x00, 0xd1, 0xd0, 0xd0, 0x3d,
  0x23, 0x00, 0x00, 0x00, 0x6d, 0x6f, 0x64, 0x65, 0x6c, 0x5f, 0x39, 0x32,
  0x2f, 0x74, 0x66, 0x2e, 0x6d, 0x61, 0x74, 0x68, 0x2e, 0x6d, 0x75, 0x6c,
  0x74, 0x69, 0x70, 0x6c, 0x79, 0x5f, 0x31, 0x30, 0x39, 0x35, 0x31, 0x2f,
  0x4d, 0x75, 0x6c, 0x00, 0x02, 0x00, 0x00, 0x00, 0x01, 0x00, 0x00, 0x00,
  0x10, 0x00, 0x00, 0x00, 0x02, 0x1d, 0xff, 0xff, 0x00, 0x00, 0x00, 0x01,
  0x14, 0x00, 0x00, 0x00, 0x34, 0x00, 0x00, 0x00, 0x09, 0x01, 0x00, 0x00,
  0x00, 0x00, 0x00, 0x09, 0x54, 0x00, 0x00, 0x00, 0xec, 0x1c, 0xff, 0xff,
  0x08, 0x00, 0x00, 0x00, 0x14, 0x00, 0x00, 0x00, 0x01, 0x00, 0x00, 0x00,
  0x80, 0xff, 0xff, 0xff, 0xff, 0xff, 0xff, 0xff, 0x00, 0x00, 0x00, 0x00,
  0x01, 0x00, 0x00, 0x00, 0x00, 0x00, 0x80, 0x3b, 0x25, 0x00, 0x00, 0x00,
  0x6d, 0x6f, 0x64, 0x65, 0x6c, 0x5f, 0x39, 0x32, 0x2f, 0x74, 0x66, 0x2e,
  0x6d, 0x61, 0x74, 0x68, 0x2e, 0x73, 0x69, 0x67, 0x6d, 0x6f, 0x69, 0x64,
  0x5f, 0x31, 0x35, 0x36, 0x37, 0x2f, 0x53, 0x69, 0x67, 0x6d, 0x6f, 0x69,
  0x64, 0x00, 0x00, 0x00, 0x02, 0x00, 0x00, 0x00, 0x01, 0x00, 0x00, 0x00,
  0x10, 0x00, 0x00, 0x00, 0x7a, 0x1d, 0xff, 0xff, 0x00, 0x00, 0x00, 0x01,
  0x14, 0x00, 0x00, 0x00, 0x34, 0x00, 0x00, 0x00, 0x08, 0x01, 0x00, 0x00,
  0x00, 0x00, 0x00, 0x09, 0x54, 0x00, 0x00, 0x00, 0x64, 0x1d, 0xff, 0xff,
  0x08, 0x00, 0x00, 0x00, 0x14, 0x00, 0x00, 0x00, 0x01, 0x00, 0x00, 0x00,
  0x80, 0xff, 0xff, 0xff, 0xff, 0xff, 0xff, 0xff, 0x00, 0x00, 0x00, 0x00,
  0x01, 0x00, 0x00, 0x00, 0x00, 0x00, 0x80, 0x3b, 0x25, 0x00, 0x00, 0x00,
  0x6d, 0x6f, 0x64, 0x65, 0x6c, 0x5f, 0x39, 0x32, 0x2f, 0x74, 0x66, 0x2e,
  0x6d, 0x61, 0x74, 0x68, 0x2e, 0x73, 0x69, 0x67, 0x6d, 0x6f, 0x69, 0x64,
  0x5f, 0x31, 0x35, 0x36, 0x36, 0x2f, 0x53, 0x69, 0x67, 0x6d, 0x6f, 0x69,
  0x64, 0x00, 0x00, 0x00, 0x02, 0x00, 0x00, 0x00, 0x01, 0x00, 0x00, 0x00,
  0x10, 0x00, 0x00, 0x00, 0xf2, 0x1d, 0xff, 0xff, 0x00, 0x00, 0x00, 0x01,
  0x14, 0x00, 0x00, 0x00, 0x30, 0x00, 0x00, 0x00, 0x07, 0x01, 0x00, 0x00,
  0x00, 0x00, 0x00, 0x09, 0x9c, 0x00, 0x00, 0x00, 0xdc, 0x1d, 0xff, 0xff,
  0x08, 0x00, 0x00, 0x00, 0x10, 0x00, 0x00, 0x00, 0x01, 0x00, 0x00, 0x00,
  0xf8, 0xff, 0xff, 0xff, 0xff, 0xff, 0xff, 0xff, 0x01, 0x00, 0x00, 0x00,
  0x6d, 0x07, 0x3f, 0x3f, 0x73, 0x00, 0x00, 0x00, 0x6d, 0x6f, 0x64, 0x65,
  0x6c, 0x5f, 0x39, 0x32, 0x2f, 0x74, 0x66, 0x2e, 0x73, 0x70, 0x6c, 0x69,
  0x74, 0x5f, 0x35, 0x32, 0x32, 0x2f, 0x73, 0x70, 0x6c, 0x69, 0x74, 0x3b,
  0x6d, 0x6f, 0x64, 0x65, 0x6c, 0x5f, 0x39, 0x32, 0x2f, 0x74, 0x66, 0x2e,
  0x73, 0x70, 0x6c, 0x69, 0x74, 0x5f, 0x35, 0x32, 0x32, 0x2f, 0x73, 0x70,
  0x6c, 0x69, 0x74, 0x31, 0x3b, 0x6d, 0x6f, 0x64, 0x65, 0x6c, 0x5f, 0x39,
  0x32, 0x2f, 0x74, 0x66, 0x2e, 0x73, 0x70, 0x6c, 0x69, 0x74, 0x5f, 0x35,
  0x32, 0x32, 0x2f, 0x73, 0x70, 0x6c, 0x69, 0x74, 0x32, 0x3b, 0x6d, 0x6f,
  0x64, 0x65, 0x6c, 0x5f, 0x39, 0x32, 0x2f, 0x74, 0x66, 0x2e, 0x73, 0x70,
  0x6c, 0x69, 0x74, 0x5f, 0x35, 0x32, 0x32, 0x2f, 0x73, 0x70, 0x6c, 0x69,
  0x74, 0x33, 0x33, 0x00, 0x02, 0x00, 0x00, 0x00, 0x01, 0x00, 0x00, 0x00,
  0x10, 0x00, 0x00, 0x00, 0xb2, 0x1e, 0xff, 0xff, 0x00, 0x00, 0x00, 0x01,
  0x14, 0x00, 0x00, 0x00, 0x30, 0x00, 0x00, 0x00, 0x06, 0x01, 0x00, 0x00,
  0x00, 0x00, 0x00, 0x09, 0x9c, 0x00, 0x00, 0x00, 0x9c, 0x1e, 0xff, 0xff,
  0x08, 0x00, 0x00, 0x00, 0x10, 0x00, 0x00, 0x00, 0x01, 0x00, 0x00, 0x00,
  0xf8, 0xff, 0xff, 0xff, 0xff, 0xff, 0xff, 0xff, 0x01, 0x00, 0x00, 0x00,
  0x6d, 0x07, 0x3f, 0x3f, 0x73, 0x00, 0x00, 0x00, 0x6d, 0x6f, 0x64, 0x65,
  0x6c, 0x5f, 0x39, 0x32, 0x2f, 0x74, 0x66, 0x2e, 0x73, 0x70, 0x6c, 0x69,
  0x74, 0x5f, 0x35, 0x32, 0x32, 0x2f, 0x73, 0x70, 0x6c, 0x69, 0x74, 0x3b,
  0x6d, 0x6f, 0x64, 0x65, 0x6c, 0x5f, 0x39, 0x32, 0x2f, 0x74, 0x66, 0x2e,
  0x73, 0x70, 0x6c, 0x69, 0x74, 0x5f, 0x35, 0x32, 0x32, 0x2f, 0x73, 0x70,
  0x6c, 0x69, 0x74, 0x31, 0x3b, 0x6d, 0x6f, 0x64, 0x65, 0x6c, 0x5f, 0x39,
  0x32, 0x2f, 0x74, 0x66, 0x2e, 0x73, 0x70, 0x6c, 0x69, 0x74, 0x5f, 0x35,
  0x32, 0x32, 0x2f, 0x73, 0x70, 0x6c, 0x69, 0x74, 0x32, 0x3b, 0x6d, 0x6f,
  0x64, 0x65, 0x6c, 0x5f, 0x39, 0x32, 0x2f, 0x74, 0x66, 0x2e, 0x73, 0x70,
  0x6c, 0x69, 0x74, 0x5f, 0x35, 0x32, 0x32, 0x2f, 0x73, 0x70, 0x6c, 0x69,
  0x74, 0x33, 0x32, 0x00, 0x02, 0x00, 0x00, 0x00, 0x01, 0x00, 0x00, 0x00,
  0x10, 0x00, 0x00, 0x00, 0x72, 0x1f, 0xff, 0xff, 0x00, 0x00, 0x00, 0x01,
  0x14, 0x00, 0x00, 0x00, 0x30, 0x00, 0x00, 0x00, 0x05, 0x01, 0x00, 0x00,
  0x00, 0x00, 0x00, 0x09, 0x9c, 0x00, 0x00, 0x00, 0x5c, 0x1f, 0xff, 0xff,
  0x08, 0x00, 0x00, 0x00, 0x10, 0x00, 0x00, 0x00, 0x01, 0x00, 0x00, 0x00,
  0xf8, 0xff, 0xff, 0xff, 0xff, 0xff, 0xff, 0xff, 0x01, 0x00, 0x00, 0x00,
  0x6d, 0x07, 0x3f, 0x3f, 0x73, 0x00, 0x00, 0x00, 0x6d, 0x6f, 0x64, 0x65,
  0x6c, 0x5f, 0x39, 0x32, 0x2f, 0x74, 0x66, 0x2e, 0x73, 0x70, 0x6c, 0x69,
  0x74, 0x5f, 0x35, 0x32, 0x32, 0x2f, 0x73, 0x70, 0x6c, 0x69, 0x74, 0x3b,
  0x6d, 0x6f, 0x64, 0x65, 0x6c, 0x5f, 0x39, 0x32, 0x2f, 0x74, 0x66, 0x2e,
  0x73, 0x70, 0x6c, 0x69, 0x74, 0x5f, 0x35, 0x32, 0x32, 0x2f, 0x73, 0x70,
  0x6c, 0x69, 0x74, 0x31, 0x3b, 0x6d, 0x6f, 0x64, 0x65, 0x6c, 0x5f, 0x39,
  0x32, 0x2f, 0x74, 0x66, 0x2e, 0x73, 0x70, 0x6c, 0x69, 0x74, 0x5f, 0x35,
  0x32, 0x32, 0x2f, 0x73, 0x70, 0x6c, 0x69, 0x74, 0x32, 0x3b, 0x6d, 0x6f,
  0x64, 0x65, 0x6c, 0x5f, 0x39, 0x32, 0x2f, 0x74, 0x66, 0x2e, 0x73, 0x70,
  0x6c, 0x69, 0x74, 0x5f, 0x35, 0x32, 0x32, 0x2f, 0x73, 0x70, 0x6c, 0x69,
  0x74, 0x33, 0x31, 0x00, 0x02, 0x00, 0x00, 0x00, 0x01, 0x00, 0x00, 0x00,
  0x10, 0x00, 0x00, 0x00, 0x32, 0x20, 0xff, 0xff, 0x00, 0x00, 0x00, 0x01,
  0x14, 0x00, 0x00, 0x00, 0x30, 0x00, 0x00, 0x00, 0x04, 0x01, 0x00, 0x00,
  0x00, 0x00, 0x00, 0x09, 0x9c, 0x00, 0x00, 0x00, 0x1c, 0x20, 0xff, 0xff,
  0x08, 0x00, 0x00, 0x00, 0x10, 0x00, 0x00, 0x00, 0x01, 0x00, 0x00, 0x00,
  0xf8, 0xff, 0xff, 0xff, 0xff, 0xff, 0xff, 0xff, 0x01, 0x00, 0x00, 0x00,
  0x6d, 0x07, 0x3f, 0x3f, 0x72, 0x00, 0x00, 0x00, 0x6d, 0x6f, 0x64, 0x65,
  0x6c, 0x5f, 0x39, 0x32, 0x2f, 0x74, 0x66, 0x2e, 0x73, 0x70, 0x6c, 0x69,
  0x74, 0x5f, 0x35, 0x32, 0x32, 0x2f, 0x73, 0x70, 0x6c, 0x69, 0x74, 0x3b,
  0x6d, 0x6f, 0x64, 0x65, 0x6c, 0x5f, 0x39, 0x32, 0x2f, 0x74, 0x66, 0x2e,
  0x73, 0x70, 0x6c, 0x69, 0x74, 0x5f, 0x35, 0x32, 0x32, 0x2f, 0x73, 0x70,
  0x6c, 0x69, 0x74, 0x31, 0x3b, 0x6d, 0x6f, 0x64, 0x65, 0x6c, 0x5f, 0x39,
  0x32, 0x2f, 0x74, 0x66, 0x2e, 0x73, 0x70, 0x6c, 0x69, 0x74, 0x5f, 0x35,
  0x32, 0x32, 0x2f, 0x73, 0x70, 0x6c, 0x69, 0x74, 0x32, 0x3b, 0x6d, 0x6f,
  0x64, 0x65, 0x6c, 0x5f, 0x39, 0x32, 0x2f, 0x74, 0x66, 0x2e, 0x73, 0x70,
  0x6c, 0x69, 0x74, 0x5f, 0x35, 0x32, 0x32, 0x2f, 0x73, 0x70, 0x6c, 0x69,
  0x74, 0x33, 0x00, 0x00, 0x02, 0x00, 0x00, 0x00, 0x01, 0x00, 0x00, 0x00,
  0x10, 0x00, 0x00, 0x00, 0xf2, 0x20, 0xff, 0xff, 0x00, 0x00, 0x00, 0x01,
  0x14, 0x00, 0x00, 0x00, 0x34, 0x00, 0x00, 0x00, 0x03, 0x01, 0x00, 0x00,
  0x00, 0x00, 0x00, 0x09, 0x4c, 0x00, 0x00, 0x00, 0xdc, 0x20, 0xff, 0xff,
  0x08, 0x00, 0x00, 0x00, 0x14, 0x00, 0x00, 0x00, 0x01, 0x00, 0x00, 0x00,
  0xf8, 0xff, 0xff, 0xff, 0xff, 0xff, 0xff, 0xff, 0x00, 0x00, 0x00, 0x00,
  0x01, 0x00, 0x00, 0x00, 0x6d, 0x07, 0x3f, 0x3f, 0x1d, 0x00, 0x00, 0x00,
  0x6d, 0x6f, 0x64, 0x65, 0x6c, 0x5f, 0x39, 0x32, 0x2f, 0x74, 0x66, 0x2e,
  0x6d, 0x61, 0x74, 0x68, 0x2e, 0x61, 0x64, 0x64, 0x5f, 0x31, 0x30, 0x34,
  0x34, 0x2f, 0x41, 0x64, 0x64, 0x00, 0x00, 0x00, 0x02, 0x00, 0x00, 0x00,
  0x01, 0x00, 0x00, 0x00, 0x40, 0x00, 0x00, 0x00, 0x62, 0x21, 0xff, 0xff,
  0x00, 0x00, 0x00, 0x01, 0x14, 0x00, 0x00, 0x00, 0x34, 0x00, 0x00, 0x00,
  0x02, 0x01, 0x00, 0x00, 0x00, 0x00, 0x00, 0x09, 0x7c, 0x00, 0x00, 0x00,
  0x4c, 0x21, 0xff, 0xff, 0x08, 0x00, 0x00, 0x00, 0x14, 0x00, 0x00, 0x00,
  0x01, 0x00, 0x00, 0x00, 0xf8, 0xff, 0xff, 0xff, 0xff, 0xff, 0xff, 0xff,
  0x00, 0x00, 0x00, 0x00, 0x01, 0x00, 0x00, 0x00, 0x6d, 0x07, 0x3f, 0x3f,
  0x4e, 0x00, 0x00, 0x00, 0x6d, 0x6f, 0x64, 0x65, 0x6c, 0x5f, 0x39, 0x32,
  0x2f, 0x74, 0x66, 0x2e, 0x6c, 0x69, 0x6e, 0x61, 0x6c, 0x67, 0x2e, 0x6d,
  0x61, 0x74, 0x6d, 0x75, 0x6c, 0x5f, 0x31, 0x30, 0x31, 0x35, 0x2f, 0x4d,
  0x61, 0x74, 0x4d, 0x75, 0x6c, 0x3b, 0x6d, 0x6f, 0x64, 0x65, 0x6c, 0x5f,
  0x39, 0x32, 0x2f, 0x74, 0x66, 0x2e, 0x5f, 0x5f, 0x6f, 0x70, 0x65, 0x72,
  0x61, 0x74, 0x6f, 0x72, 0x73, 0x5f, 0x5f, 0x2e, 0x61, 0x64, 0x64, 0x5f,
  0x31, 0x35, 0x39, 0x31, 0x2f, 0x41, 0x64, 0x64, 0x56, 0x32, 0x00, 0x00,
  0x02, 0x00, 0x00, 0x00, 0x01, 0x00, 0x00, 0x00, 0x40, 0x00, 0x00, 0x00,
  0x02, 0x22, 0xff, 0xff, 0x00, 0x00, 0x00, 0x01, 0x14, 0x00, 0x00, 0x00,
  0x30, 0x00, 0x00, 0x00, 0x01, 0x01, 0x00, 0x00, 0x00, 0x00, 0x00, 0x09,
  0x4c, 0x00, 0x00, 0x00, 0xec, 0x21, 0xff, 0xff, 0x08, 0x00, 0x00, 0x00,
  0x10, 0x00, 0x00, 0x00, 0x01, 0x00, 0x00, 0x00, 0xff, 0xff, 0xff, 0xff,
  0xff, 0xff, 0xff, 0xff, 0x01, 0x00, 0x00, 0x00, 0x81, 0x80, 0x00, 0x3c,
  0x23, 0x00, 0x00, 0x00, 0x6d, 0x6f, 0x64, 0x65, 0x6c, 0x5f, 0x39, 0x32,
  0x2f, 0x74, 0x66, 0x2e, 0x6d, 0x61, 0x74, 0x68, 0x2e, 0x6d, 0x75, 0x6c,
  0x74, 0x69, 0x70, 0x6c, 0x79, 0x5f, 0x31, 0x30, 0x39, 0x34, 0x33, 0x2f,
  0x4d, 0x75, 0x6c, 0x00, 0x02, 0x00, 0x00, 0x00, 0x01, 0x00, 0x00, 0x00,
  0x10, 0x00, 0x00, 0x00, 0x72, 0x22, 0xff, 0xff, 0x00, 0x00, 0x00, 0x01,
  0x14, 0x00, 0x00, 0x00, 0x34, 0x00, 0x00, 0x00, 0x00, 0x01, 0x00, 0x00,
  0x00, 0x00, 0x00, 0x09, 0x4c, 0x00, 0x00, 0x00, 0x5c, 0x22, 0xff, 0xff,
  0x08, 0x00, 0x00, 0x00, 0x14, 0x00, 0x00, 0x00, 0x01, 0x00, 0x00, 0x00,
  0x00, 0x00, 0x00, 0x00, 0x00, 0x00, 0x00, 0x00, 0x00, 0x00, 0x00, 0x00,
  0x01, 0x00, 0x00, 0x00, 0x00, 0x00, 0x00, 0x3c, 0x1f, 0x00, 0x00, 0x00,
  0x6d, 0x6f, 0x64, 0x65, 0x6c, 0x5f, 0x39, 0x32, 0x2f, 0x74, 0x66, 0x2e,
  0x6d, 0x61, 0x74, 0x68, 0x2e, 0x74, 0x61, 0x6e, 0x68, 0x5f, 0x31, 0x30,
  0x34, 0x33, 0x2f, 0x54, 0x61, 0x6e, 0x68, 0x00, 0x02, 0x00, 0x00, 0x00,
  0x01, 0x00, 0x00, 0x00, 0x10, 0x00, 0x00, 0x00, 0xe2, 0x22, 0xff, 0xff,
  0x00, 0x00, 0x00, 0x01, 0x14, 0x00, 0x00, 0x00, 0x34, 0x00, 0x00, 0x00,
  0xff, 0x00, 0x00, 0x00, 0x00, 0x00, 0x00, 0x09, 0x4c, 0x00, 0x00, 0x00,
  0xcc, 0x22, 0xff, 0xff, 0x08, 0x00, 0x00, 0x00, 0x14, 0x00, 0x00, 0x00,
  0x01, 0x00, 0x00, 0x00, 0xff, 0xff, 0xff, 0xff, 0xff, 0xff, 0xff, 0xff,
  0x00, 0x00, 0x00, 0x00, 0x01, 0x00, 0x00, 0x00, 0xc1, 0xc0, 0xc0, 0x3d,
  0x1d, 0x00, 0x00, 0x00, 0x6d, 0x6f, 0x64, 0x65, 0x6c, 0x5f, 0x39, 0x32,
  0x2f, 0x74, 0x66, 0x2e, 0x6d, 0x61, 0x74, 0x68, 0x2e, 0x61, 0x64, 0x64,
  0x5f, 0x31, 0x30, 0x34, 0x33, 0x2f, 0x41, 0x64, 0x64, 0x00, 0x00, 0x00,
  0x02, 0x00, 0x00, 0x00, 0x01, 0x00, 0x00, 0x00, 0x10, 0x00, 0x00, 0x00,
  0x52, 0x23, 0xff, 0xff, 0x00, 0x00, 0x00, 0x01, 0x14, 0x00, 0x00, 0x00,
  0x30, 0x00, 0x00, 0x00, 0xfe, 0x00, 0x00, 0x00, 0x00, 0x00, 0x00, 0x09,
  0x4c, 0x00, 0x00, 0x00, 0x3c, 0x23, 0xff, 0xff, 0x08, 0x00, 0x00, 0x00,
  0x10, 0x00, 0x00, 0x00, 0x01, 0x00, 0x00, 0x00, 0xff, 0xff, 0xff, 0xff,
  0xff, 0xff, 0xff, 0xff, 0x01, 0x00, 0x00, 0x00, 0x81, 0x80, 0x00, 0x3c,
  0x23, 0x00, 0x00, 0x00, 0x6d, 0x6f, 0x64, 0x65, 0x6c, 0x5f, 0x39, 0x32,
  0x2f, 0x74, 0x66, 0x2e, 0x6d, 0x61, 0x74, 0x68, 0x2e, 0x6d, 0x75, 0x6c,
  0x74, 0x69, 0x70, 0x6c, 0x79, 0x5f, 0x31, 0x30, 0x39, 0x33, 0x36, 0x2f,
  0x4d, 0x75, 0x6c, 0x00, 0x02, 0x00, 0x00, 0x00, 0x01, 0x00, 0x00, 0x00,
  0x10, 0x00, 0x00, 0x00, 0xc2, 0x23, 0xff, 0xff, 0x00, 0x00, 0x00, 0x01,
  0x14, 0x00, 0x00, 0x00, 0x34, 0x00, 0x00, 0x00, 0xfd, 0x00, 0x00, 0x00,
  0x00, 0x00, 0x00, 0x09, 0x4c, 0x00, 0x00, 0x00, 0xac, 0x23, 0xff, 0xff,
  0x08, 0x00, 0x00, 0x00, 0x14, 0x00, 0x00, 0x00, 0x01, 0x00, 0x00, 0x00,
  0x00, 0x00, 0x00, 0x00, 0x00, 0x00, 0x00, 0x00, 0x00, 0x00, 0x00, 0x00,
  0x01, 0x00, 0x00, 0x00, 0x00, 0x00, 0x00, 0x3c, 0x1f, 0x00, 0x00, 0x00,
  0x6d, 0x6f, 0x64, 0x65, 0x6c, 0x5f, 0x39, 0x32, 0x2f, 0x74, 0x66, 0x2e,
  0x6d, 0x61, 0x74, 0x68, 0x2e, 0x74, 0x61, 0x6e, 0x68, 0x5f, 0x31, 0x30,
  0x34, 0x32, 0x2f, 0x54, 0x61, 0x6e, 0x68, 0x00, 0x02, 0x00, 0x00, 0x00,
  0x01, 0x00, 0x00, 0x00, 0x10, 0x00, 0x00, 0x00, 0x32, 0x24, 0xff, 0xff,
  0x00, 0x00, 0x00, 0x01, 0x14, 0x00, 0x00, 0x00, 0x34, 0x00, 0x00, 0x00,
  0xfc, 0x00, 0x00, 0x00, 0x00, 0x00, 0x00, 0x09, 0x54, 0x00, 0x00, 0x00,
  0x1c, 0x24, 0xff, 0xff, 0x08, 0x00, 0x00, 0x00, 0x14, 0x00, 0x00, 0x00,
  0x01, 0x00, 0x00, 0x00, 0x80, 0xff, 0xff, 0xff, 0xff, 0xff, 0xff, 0xff,
  0x00, 0x00, 0x00, 0x00, 0x01, 0x00, 0x00, 0x00, 0x00, 0x00, 0x80, 0x3b,
  0x25, 0x00, 0x00, 0x00, 0x6d, 0x6f, 0x64, 0x65, 0x6c, 0x5f, 0x39, 0x32,
  0x2f, 0x74, 0x66, 0x2e, 0x6d, 0x61, 0x74, 0x68, 0x2e, 0x73, 0x69, 0x67,
  0x6d, 0x6f, 0x69, 0x64, 0x5f, 0x31, 0x35, 0x36, 0x35, 0x2f, 0x53, 0x69,
  0x67, 0x6d, 0x6f, 0x69, 0x64, 0x00, 0x00, 0x00, 0x02, 0x00, 0x00, 0x00,
  0x01, 0x00, 0x00, 0x00, 0x10, 0x00, 0x00, 0x00, 0xaa, 0x24, 0xff, 0xff,
  0x00, 0x00, 0x00, 0x01, 0x14, 0x00, 0x00, 0x00, 0x30, 0x00, 0x00, 0x00,
  0xfb, 0x00, 0x00, 0x00, 0x00, 0x00, 0x00, 0x09, 0x4c, 0x00, 0x00, 0x00,
  0x94, 0x24, 0xff, 0xff, 0x08, 0x00, 0x00, 0x00, 0x10, 0x00, 0x00, 0x00,
  0x01, 0x00, 0x00, 0x00, 0xff, 0xff, 0xff, 0xff, 0xff, 0xff, 0xff, 0xff,
  0x01, 0x00, 0x00, 0x00, 0xc1, 0xc0, 0xc0, 0x3d, 0x23, 0x00, 0x00, 0x00,
  0x6d, 0x6f, 0x64, 0x65, 0x6c, 0x5f, 0x39, 0x32, 0x2f, 0x74, 0x66, 0x2e,
  0x6d, 0x61, 0x74, 0x68, 0x2e, 0x6d, 0x75, 0x6c, 0x74, 0x69, 0x70, 0x6c,
  0x79, 0x5f, 0x31, 0x30, 0x39, 0x33, 0x32, 0x2f, 0x4d, 0x75, 0x6c, 0x00,
  0x02, 0x00, 0x00, 0x00, 0x01, 0x00, 0x00, 0x00, 0x10, 0x00, 0x00, 0x00,
  0x1a, 0x25, 0xff, 0xff, 0x00, 0x00, 0x00, 0x01, 0x14, 0x00, 0x00, 0x00,
  0x34, 0x00, 0x00, 0x00, 0xfa, 0x00, 0x00, 0x00, 0x00, 0x00, 0x00, 0x09,
  0x54, 0x00, 0x00, 0x00, 0x04, 0x25, 0xff, 0xff, 0x08, 0x00, 0x00, 0x00,
  0x14, 0x00, 0x00, 0x00, 0x01, 0x00, 0x00, 0x00, 0x80, 0xff, 0xff, 0xff,
  0xff, 0xff, 0xff, 0xff, 0x00, 0x00, 0x00, 0x00, 0x01, 0x00, 0x00, 0x00,
  0x00, 0x00, 0x80, 0x3b, 0x25, 0x00, 0x00, 0x00, 0x6d, 0x6f, 0x64, 0x65,
  0x6c, 0x5f, 0x39, 0x32, 0x2f, 0x74, 0x66, 0x2e, 0x6d, 0x61, 0x74, 0x68,
  0x2e, 0x73, 0x69, 0x67, 0x6d, 0x6f, 0x69, 0x64, 0x5f, 0x31, 0x35, 0x36,
  0x34, 0x2f, 0x53, 0x69, 0x67, 0x6d, 0x6f, 0x69, 0x64, 0x00, 0x00, 0x00,
  0x02, 0x00, 0x00, 0x00, 0x01, 0x00, 0x00, 0x00, 0x10, 0x00, 0x00, 0x00,
  0x92, 0x25, 0xff, 0xff, 0x00, 0x00, 0x00, 0x01, 0x14, 0x00, 0x00, 0x00,
  0x34, 0x00, 0x00, 0x00, 0xf9, 0x00, 0x00, 0x00, 0x00, 0x00, 0x00, 0x09,
  0x54, 0x00, 0x00, 0x00, 0x7c, 0x25, 0xff, 0xff, 0x08, 0x00, 0x00, 0x00,
  0x14, 0x00, 0x00, 0x00, 0x01, 0x00, 0x00, 0x00, 0x80, 0xff, 0xff, 0xff,
  0xff, 0xff, 0xff, 0xff, 0x00, 0x00, 0x00, 0x00, 0x01, 0x00, 0x00, 0x00,
  0x00, 0x00, 0x80, 0x3b, 0x25, 0x00, 0x00, 0x00, 0x6d, 0x6f, 0x64, 0x65,
  0x6c, 0x5f, 0x39, 0x32, 0x2f, 0x74, 0x66, 0x2e, 0x6d, 0x61, 0x74, 0x68,
  0x2e, 0x73, 0x69, 0x67, 0x6d, 0x6f, 0x69, 0x64, 0x5f, 0x31, 0x35, 0x36,
  0x33, 0x2f, 0x53, 0x69, 0x67, 0x6d, 0x6f, 0x69, 0x64, 0x00, 0x00, 0x00,
  0x02, 0x00, 0x00, 0x00, 0x01, 0x00, 0x00, 0x00, 0x10, 0x00, 0x00, 0x00,
  0x0a, 0x26, 0xff, 0xff, 0x00, 0x00, 0x00, 0x01, 0x14, 0x00, 0x00, 0x00,
  0x30, 0x00, 0x00, 0x00, 0xf8, 0x00, 0x00, 0x00, 0x00, 0x00, 0x00, 0x09,
  0x9c, 0x00, 0x00, 0x00, 0xf4, 0x25, 0xff, 0xff, 0x08, 0x00, 0x00, 0x00,
  0x10, 0x00, 0x00, 0x00, 0x01, 0x00, 0x00, 0x00, 0xf8, 0xff, 0xff, 0xff,
  0xff, 0xff, 0xff, 0xff, 0x01, 0x00, 0x00, 0x00, 0xe8, 0x05, 0x3f, 0x3f,
  0x73, 0x00, 0x00, 0x00, 0x6d, 0x6f, 0x64, 0x65, 0x6c, 0x5f, 0x39, 0x32,
  0x2f, 0x74, 0x66, 0x2e, 0x73, 0x70, 0x6c, 0x69, 0x74, 0x5f, 0x35, 0x32,
  0x31, 0x2f, 0x73, 0x70, 0x6c, 0x69, 0x74, 0x3b, 0x6d, 0x6f, 0x64, 0x65,
  0x6c, 0x5f, 0x39, 0x32, 0x2f, 0x74, 0x66, 0x2e, 0x73, 0x70, 0x6c, 0x69,
  0x74, 0x5f, 0x35, 0x32, 0x31, 0x2f, 0x73, 0x70, 0x6c, 0x69, 0x74, 0x31,
  0x3b, 0x6d, 0x6f, 0x64, 0x65, 0x6c, 0x5f, 0x39, 0x32, 0x2f, 0x74, 0x66,
  0x2e, 0x73, 0x70, 0x6c, 0x69, 0x74, 0x5f, 0x35, 0x32, 0x31, 0x2f, 0x73,
  0x70, 0x6c, 0x69, 0x74, 0x32, 0x3b, 0x6d, 0x6f, 0x64, 0x65, 0x6c, 0x5f,
  0x39, 0x32, 0x2f, 0x74, 0x66, 0x2e, 0x73, 0x70, 0x6c, 0x69, 0x74, 0x5f,
  0x35, 0x32, 0x31, 0x2f, 0x73, 0x70, 0x6c, 0x69, 0x74, 0x33, 0x33, 0x00,
  0x02, 0x00, 0x00, 0x00, 0x01, 0x00, 0x00, 0x00, 0x10, 0x00, 0x00, 0x00,
  0xca, 0x26, 0xff, 0xff, 0x00, 0x00, 0x00, 0x01, 0x14, 0x00, 0x00, 0x00,
  0x30, 0x00, 0x00, 0x00, 0xf7, 0x00, 0x00, 0x00, 0x00, 0x00, 0x00, 0x09,
  0x9c, 0x00, 0x00, 0x00, 0xb4, 0x26, 0xff, 0xff, 0x08, 0x00, 0x00, 0x00,
  0x10, 0x00, 0x00, 0x00, 0x01, 0x00, 0x00, 0x00, 0xf8, 0xff, 0xff, 0xff,
  0xff, 0xff, 0xff, 0xff, 0x01, 0x00, 0x00, 0x00, 0xe8, 0x05, 0x3f, 0x3f,
  0x73, 0x00, 0x00, 0x00, 0x6d, 0x6f, 0x64, 0x65, 0x6c, 0x5f, 0x39, 0x32,
  0x2f, 0x74, 0x66, 0x2e, 0x73, 0x70, 0x6c, 0x69, 0x74, 0x5f, 0x35, 0x32,
  0x31, 0x2f, 0x73, 0x70, 0x6c, 0x69, 0x74, 0x3b, 0x6d, 0x6f, 0x64, 0x65,
  0x6c, 0x5f, 0x39, 0x32, 0x2f, 0x74, 0x66, 0x2e, 0x73, 0x70, 0x6c, 0x69,
  0x74, 0x5f, 0x35, 0x32, 0x31, 0x2f, 0x73, 0x70, 0x6c, 0x69, 0x74, 0x31,
  0x3b, 0x6d, 0x6f, 0x64, 0x65, 0x6c, 0x5f, 0x39, 0x32, 0x2f, 0x74, 0x66,
  0x2e, 0x73, 0x70, 0x6c, 0x69, 0x74, 0x5f, 0x35, 0x32, 0x31, 0x2f, 0x73,
  0x70, 0x6c, 0x69, 0x74, 0x32, 0x3b, 0x6d, 0x6f, 0x64, 0x65, 0x6c, 0x5f,
  0x39, 0x32, 0x2f, 0x74, 0x66, 0x2e, 0x73, 0x70, 0x6c, 0x69, 0x74, 0x5f,
  0x35, 0x32, 0x31, 0x2f, 0x73, 0x70, 0x6c, 0x69, 0x74, 0x33, 0x32, 0x00,
  0x02, 0x00, 0x00, 0x00, 0x01, 0x00, 0x00, 0x00, 0x10, 0x00, 0x00, 0x00,
  0x8a, 0x27, 0xff, 0xff, 0x00, 0x00, 0x00, 0x01, 0x14, 0x00, 0x00, 0x00,
  0x30, 0x00, 0x00, 0x00, 0xf6, 0x00, 0x00, 0x00, 0x00, 0x00, 0x00, 0x09,
  0x9c, 0x00, 0x00, 0x00, 0x74, 0x27, 0xff, 0xff, 0x08, 0x00, 0x00, 0x00,
  0x10, 0x00, 0x00, 0x00, 0x01, 0x00, 0x00, 0x00, 0xf8, 0xff, 0xff, 0xff,
  0xff, 0xff, 0xff, 0xff, 0x01, 0x00, 0x00, 0x00, 0xe8, 0x05, 0x3f, 0x3f,
  0x73, 0x00, 0x00, 0x00, 0x6d, 0x6f, 0x64, 0x65, 0x6c, 0x5f, 0x39, 0x32,
  0x2f, 0x74, 0x66, 0x2e, 0x73, 0x70, 0x6c, 0x69, 0x74, 0x5f, 0x35, 0x32,
  0x31, 0x2f, 0x73, 0x70, 0x6c, 0x69, 0x74, 0x3b, 0x6d, 0x6f, 0x64, 0x65,
  0x6c, 0x5f, 0x39, 0x32, 0x2f, 0x74, 0x66, 0x2e, 0x73, 0x70, 0x6c, 0x69,
  0x74, 0x5f, 0x35, 0x32, 0x31, 0x2f, 0x73, 0x70, 0x6c, 0x69, 0x74, 0x31,
  0x3b, 0x6d, 0x6f, 0x64, 0x65, 0x6c, 0x5f, 0x39, 0x32, 0x2f, 0x74, 0x66,
  0x2e, 0x73, 0x70, 0x6c, 0x69, 0x74, 0x5f, 0x35, 0x32, 0x31, 0x2f, 0x73,
  0x70, 0x6c, 0x69, 0x74, 0x32, 0x3b, 0x6d, 0x6f, 0x64, 0x65, 0x6c, 0x5f,
  0x39, 0x32, 0x2f, 0x74, 0x66, 0x2e, 0x73, 0x70, 0x6c, 0x69, 0x74, 0x5f,
  0x35, 0x32, 0x31, 0x2f, 0x73, 0x70, 0x6c, 0x69, 0x74, 0x33, 0x31, 0x00,
  0x02, 0x00, 0x00, 0x00, 0x01, 0x00, 0x00, 0x00, 0x10, 0x00, 0x00, 0x00,
  0x4a, 0x28, 0xff, 0xff, 0x00, 0x00, 0x00, 0x01, 0x14, 0x00, 0x00, 0x00,
  0x30, 0x00, 0x00, 0x00, 0xf5, 0x00, 0x00, 0x00, 0x00, 0x00, 0x00, 0x09,
  0x9c, 0x00, 0x00, 0x00, 0x34, 0x28, 0xff, 0xff, 0x08, 0x00, 0x00, 0x00,
  0x10, 0x00, 0x00, 0x00, 0x01, 0x00, 0x00, 0x00, 0xf8, 0xff, 0xff, 0xff,
  0xff, 0xff, 0xff, 0xff, 0x01, 0x00, 0x00, 0x00, 0xe8, 0x05, 0x3f, 0x3f,
  0x72, 0x00, 0x00, 0x00, 0x6d, 0x6f, 0x64, 0x65, 0x6c, 0x5f, 0x39, 0x32,
  0x2f, 0x74, 0x66, 0x2e, 0x73, 0x70, 0x6c, 0x69, 0x74, 0x5f, 0x35, 0x32,
  0x31, 0x2f, 0x73, 0x70, 0x6c, 0x69, 0x74, 0x3b, 0x6d, 0x6f, 0x64, 0x65,
  0x6c, 0x5f, 0x39, 0x32, 0x2f, 0x74, 0x66, 0x2e, 0x73, 0x70, 0x6c, 0x69,
  0x74, 0x5f, 0x35, 0x32, 0x31, 0x2f, 0x73, 0x70, 0x6c, 0x69, 0x74, 0x31,
  0x3b, 0x6d, 0x6f, 0x64, 0x65, 0x6c, 0x5f, 0x39, 0x32, 0x2f, 0x74, 0x66,
  0x2e, 0x73, 0x70, 0x6c, 0x69, 0x74, 0x5f, 0x35, 0x32, 0x31, 0x2f, 0x73,
  0x70, 0x6c, 0x69, 0x74, 0x32, 0x3b, 0x6d, 0x6f, 0x64, 0x65, 0x6c, 0x5f,
  0x39, 0x32, 0x2f, 0x74, 0x66, 0x2e, 0x73, 0x70, 0x6c, 0x69, 0x74, 0x5f,
  0x35, 0x32, 0x31, 0x2f, 0x73, 0x70, 0x6c, 0x69, 0x74, 0x33, 0x00, 0x00,
  0x02, 0x00, 0x00, 0x00, 0x01, 0x00, 0x00, 0x00, 0x10, 0x00, 0x00, 0x00,
  0x0a, 0x29, 0xff, 0xff, 0x00, 0x00, 0x00, 0x01, 0x14, 0x00, 0x00, 0x00,
  0x34, 0x00, 0x00, 0x00, 0xf4, 0x00, 0x00, 0x00, 0x00, 0x00, 0x00, 0x09,
  0x4c, 0x00, 0x00, 0x00, 0xf4, 0x28, 0xff, 0xff, 0x08, 0x00, 0x00, 0x00,
  0x14, 0x00, 0x00, 0x00, 0x01, 0x00, 0x00, 0x00, 0xf8, 0xff, 0xff, 0xff,
  0xff, 0xff, 0xff, 0xff, 0x00, 0x00, 0x00, 0x00, 0x01, 0x00, 0x00, 0x00,
  0xe8, 0x05, 0x3f, 0x3f, 0x1d, 0x00, 0x00, 0x00, 0x6d, 0x6f, 0x64, 0x65,
  0x6c, 0x5f, 0x39, 0x32, 0x2f, 0x74, 0x66, 0x2e, 0x6d, 0x61, 0x74, 0x68,
  0x2e, 0x61, 0x64, 0x64, 0x5f, 0x31, 0x30, 0x34, 0x32, 0x2f, 0x41, 0x64,
  0x64, 0x00, 0x00, 0x00, 0x02, 0x00, 0x00, 0x00, 0x01, 0x00, 0x00, 0x00,
  0x40, 0x00, 0x00, 0x00, 0x7a, 0x29, 0xff, 0xff, 0x00, 0x00, 0x00, 0x01,
  0x14, 0x00, 0x00, 0x00, 0x34, 0x00, 0x00, 0x00, 0xf3, 0x00, 0x00, 0x00,
  0x00, 0x00, 0x00, 0x09, 0x7c, 0x00, 0x00, 0x00, 0x64, 0x29, 0xff, 0xff,
  0x08, 0x00, 0x00, 0x00, 0x14, 0x00, 0x00, 0x00, 0x01, 0x00, 0x00, 0x00,
  0xf8, 0xff, 0xff, 0xff, 0xff, 0xff, 0xff, 0xff, 0x00, 0x00, 0x00, 0x00,
  0x01, 0x00, 0x00, 0x00, 0xe8, 0x05, 0x3f, 0x3f, 0x4e, 0x00, 0x00, 0x00,
  0x6d, 0x6f, 0x64, 0x65, 0x6c, 0x5f, 0x39, 0x32, 0x2f, 0x74, 0x66, 0x2e,
  0x6c, 0x69, 0x6e, 0x61, 0x6c, 0x67, 0x2e, 0x6d, 0x61, 0x74, 0x6d, 0x75,
  0x6c, 0x5f, 0x31, 0x30, 0x31, 0x34, 0x2f, 0x4d, 0x61, 0x74, 0x4d, 0x75,
  0x6c, 0x3b, 0x6d, 0x6f, 0x64, 0x65, 0x6c, 0x5f, 0x39, 0x32, 0x2f, 0x74,
  0x66, 0x2e, 0x5f, 0x5f, 0x6f, 0x70, 0x65, 0x72, 0x61, 0x74, 0x6f, 0x72,
  0x73, 0x5f, 0x5f, 0x2e, 0x61, 0x64, 0x64, 0x5f, 0x31, 0x35, 0x39, 0x30,
  0x2f, 0x41, 0x64, 0x64, 0x56, 0x32, 0x00, 0x00, 0x02, 0x00, 0x00, 0x00,
  0x01, 0x00, 0x00, 0x00, 0x40, 0x00, 0x00, 0x00, 0x1a, 0x2a, 0xff, 0xff,
  0x00, 0x00, 0x00, 0x01, 0x14, 0x00, 0x00, 0x00, 0x30, 0x00, 0x00, 0x00,
  0xf2, 0x00, 0x00, 0x00, 0x00, 0x00, 0x00, 0x09, 0x4c, 0x00, 0x00, 0x00,
  0x04, 0x2a, 0xff, 0xff, 0x08, 0x00, 0x00, 0x00, 0x10, 0x00, 0x00, 0x00,
  0x01, 0x00, 0x00, 0x00, 0xff, 0xff, 0xff, 0xff, 0xff, 0xff, 0xff, 0xff,
  0x01, 0x00, 0x00, 0x00, 0x81, 0x80, 0x00, 0x3c, 0x23, 0x00, 0x00, 0x00,
  0x6d, 0x6f, 0x64, 0x65, 0x6c, 0x5f, 0x39, 0x32, 0x2f, 0x74, 0x66, 0x2e,
  0x6d, 0x61, 0x74, 0x68, 0x2e, 0x6d, 0x75, 0x6c, 0x74, 0x69, 0x70, 0x6c,
  0x79, 0x5f, 0x31, 0x30, 0x39, 0x32, 0x34, 0x2f, 0x4d, 0x75, 0x6c, 0x00,
  0x02, 0x00, 0x00, 0x00, 0x01, 0x00, 0x00, 0x00, 0x10, 0x00, 0x00, 0x00,
  0x8a, 0x2a, 0xff, 0xff, 0x00, 0x00, 0x00, 0x01, 0x14, 0x00, 0x00, 0x00,
  0x34, 0x00, 0x00, 0x00, 0xf1, 0x00, 0x00, 0x00, 0x00, 0x00, 0x00, 0x09,
  0x4c, 0x00, 0x00, 0x00, 0x74, 0x2a, 0xff, 0xff, 0x08, 0x00, 0x00, 0x00,
  0x14, 0x00, 0x00, 0x00, 0x01, 0x00, 0x00, 0x00, 0x00, 0x00, 0x00, 0x00,
  0x00, 0x00, 0x00, 0x00, 0x00, 0x00, 0x00, 0x00, 0x01, 0x00, 0x00, 0x00,
  0x00, 0x00, 0x00, 0x3c, 0x1f, 0x00, 0x00, 0x00, 0x6d, 0x6f, 0x64, 0x65,
  0x6c, 0x5f, 0x39, 0x32, 0x2f, 0x74, 0x66, 0x2e, 0x6d, 0x61, 0x74, 0x68,
  0x2e, 0x74, 0x61, 0x6e, 0x68, 0x5f, 0x31, 0x30, 0x34, 0x31, 0x2f, 0x54,
  0x61, 0x6e, 0x68, 0x00, 0x02, 0x00, 0x00, 0x00, 0x01, 0x00, 0x00, 0x00,
  0x10, 0x00, 0x00, 0x00, 0xfa, 0x2a, 0xff, 0xff, 0x00, 0x00, 0x00, 0x01,
  0x14, 0x00, 0x00, 0x00, 0x34, 0x00, 0x00, 0x00, 0xf0, 0x00, 0x00, 0x00,
  0x00, 0x00, 0x00, 0x09, 0x4c, 0x00, 0x00, 0x00, 0xe4, 0x2a, 0xff, 0xff,
  0x08, 0x00, 0x00, 0x00, 0x14, 0x00, 0x00, 0x00, 0x01, 0x00, 0x00, 0x00,
  0xff, 0xff, 0xff, 0xff, 0xff, 0xff, 0xff, 0xff, 0x00, 0x00, 0x00, 0x00,
  0x01, 0x00, 0x00, 0x00, 0xb1, 0xb0, 0xb0, 0x3d, 0x1d, 0x00, 0x00, 0x00,
  0x6d, 0x6f, 0x64, 0x65, 0x6c, 0x5f, 0x39, 0x32, 0x2f, 0x74, 0x66, 0x2e,
  0x6d, 0x61, 0x74, 0x68, 0x2e, 0x61, 0x64, 0x64, 0x5f, 0x31, 0x30, 0x34,
  0x31, 0x2f, 0x41, 0x64, 0x64, 0x00, 0x00, 0x00, 0x02, 0x00, 0x00, 0x00,
  0x01, 0x00, 0x00, 0x00, 0x10, 0x00, 0x00, 0x00, 0x6a, 0x2b, 0xff, 0xff,
  0x00, 0x00, 0x00, 0x01, 0x14, 0x00, 0x00, 0x00, 0x30, 0x00, 0x00, 0x00,
  0xef, 0x00, 0x00, 0x00, 0x00, 0x00, 0x00, 0x09, 0x4c, 0x00, 0x00, 0x00,
  0x54, 0x2b, 0xff, 0xff, 0x08, 0x00, 0x00, 0x00, 0x10, 0x00, 0x00, 0x00,
  0x01, 0x00, 0x00, 0x00, 0xff, 0xff, 0xff, 0xff, 0xff, 0xff, 0xff, 0xff,
  0x01, 0x00, 0x00, 0x00, 0x81, 0x80, 0x00, 0x3c, 0x23, 0x00, 0x00, 0x00,
  0x6d, 0x6f, 0x64, 0x65, 0x6c, 0x5f, 0x39, 0x32, 0x2f, 0x74, 0x66, 0x2e,
  0x6d, 0x61, 0x74, 0x68, 0x2e, 0x6d, 0x75, 0x6c, 0x74, 0x69, 0x70, 0x6c,
  0x79, 0x5f, 0x31, 0x30, 0x39, 0x31, 0x37, 0x2f, 0x4d, 0x75, 0x6c, 0x00,
  0x02, 0x00, 0x00, 0x00, 0x01, 0x00, 0x00, 0x00, 0x10, 0x00, 0x00, 0x00,
  0xda, 0x2b, 0xff, 0xff, 0x00, 0x00, 0x00, 0x01, 0x14, 0x00, 0x00, 0x00,
  0x34, 0x00, 0x00, 0x00, 0xee, 0x00, 0x00, 0x00, 0x00, 0x00, 0x00, 0x09,
  0x4c, 0x00, 0x00, 0x00, 0xc4, 0x2b, 0xff, 0xff, 0x08, 0x00, 0x00, 0x00,
  0x14, 0x00, 0x00, 0x00, 0x01, 0x00, 0x00, 0x00, 0x00, 0x00, 0x00, 0x00,
  0x00, 0x00, 0x00, 0x00, 0x00, 0x00, 0x00, 0x00, 0x01, 0x00, 0x00, 0x00,
  0x00, 0x00, 0x00, 0x3c, 0x1f, 0x00, 0x00, 0x00, 0x6d, 0x6f, 0x64, 0x65,
  0x6c, 0x5f, 0x39, 0x32, 0x2f, 0x74, 0x66, 0x2e, 0x6d, 0x61, 0x74, 0x68,
  0x2e, 0x74, 0x61, 0x6e, 0x68, 0x5f, 0x31, 0x30, 0x34, 0x30, 0x2f, 0x54,
  0x61, 0x6e, 0x68, 0x00, 0x02, 0x00, 0x00, 0x00, 0x01, 0x00, 0x00, 0x00,
  0x10, 0x00, 0x00, 0x00, 0x4a, 0x2c, 0xff, 0xff, 0x00, 0x00, 0x00, 0x01,
  0x14, 0x00, 0x00, 0x00, 0x34, 0x00, 0x00, 0x00, 0xed, 0x00, 0x00, 0x00,
  0x00, 0x00, 0x00, 0x09, 0x54, 0x00, 0x00, 0x00, 0x34, 0x2c, 0xff, 0xff,
  0x08, 0x00, 0x00, 0x00, 0x14, 0x00, 0x00, 0x00, 0x01, 0x00, 0x00, 0x00,
  0x80, 0xff, 0xff, 0xff, 0xff, 0xff, 0xff, 0xff, 0x00, 0x00, 0x00, 0x00,
  0x01, 0x00, 0x00, 0x00, 0x00, 0x00, 0x80, 0x3b, 0x25, 0x00, 0x00, 0x00,
  0x6d, 0x6f, 0x64, 0x65, 0x6c, 0x5f, 0x39, 0x32, 0x2f, 0x74, 0x66, 0x2e,
  0x6d, 0x61, 0x74, 0x68, 0x2e, 0x73, 0x69, 0x67, 0x6d, 0x6f, 0x69, 0x64,
  0x5f, 0x31, 0x35, 0x36, 0x32, 0x2f, 0x53, 0x69, 0x67, 0x6d, 0x6f, 0x69,
  0x64, 0x00, 0x00, 0x00, 0x02, 0x00, 0x00, 0x00, 0x01, 0x00, 0x00, 0x00,
  0x10, 0x00, 0x00, 0x00, 0xc2, 0x2c, 0xff, 0xff, 0x00, 0x00, 0x00, 0x01,
  0x14, 0x00, 0x00, 0x00, 0x30, 0x00, 0x00, 0x00, 0xec, 0x00, 0x00, 0x00,
  0x00, 0x00, 0x00, 0x09, 0x4c, 0x00, 0x00, 0x00, 0xac, 0x2c, 0xff, 0xff,
  0x08, 0x00, 0x00, 0x00, 0x10, 0x00, 0x00, 0x00, 0x01, 0x00, 0x00, 0x00,
  0xff, 0xff, 0xff, 0xff, 0xff, 0xff, 0xff, 0xff, 0x01, 0x00, 0x00, 0x00,
  0xb1, 0xb0, 0xb0, 0x3d, 0x23, 0x00, 0x00, 0x00, 0x6d, 0x6f, 0x64, 0x65,
  0x6c, 0x5f, 0x39, 0x32, 0x2f, 0x74, 0x66, 0x2e, 0x6d, 0x61, 0x74, 0x68,
  0x2e, 0x6d, 0x75, 0x6c, 0x74, 0x69, 0x70, 0x6c, 0x79, 0x5f, 0x31, 0x30,
  0x39, 0x31, 0x33, 0x2f, 0x4d, 0x75, 0x6c, 0x00, 0x02, 0x00, 0x00, 0x00,
  0x01, 0x00, 0x00, 0x00, 0x10, 0x00, 0x00, 0x00, 0x32, 0x2d, 0xff, 0xff,
  0x00, 0x00, 0x00, 0x01, 0x14, 0x00, 0x00, 0x00, 0x34, 0x00, 0x00, 0x00,
  0xeb, 0x00, 0x00, 0x00, 0x00, 0x00, 0x00, 0x09, 0x54, 0x00, 0x00, 0x00,
  0x1c, 0x2d, 0xff, 0xff, 0x08, 0x00, 0x00, 0x00, 0x14, 0x00, 0x00, 0x00,
  0x01, 0x00, 0x00, 0x00, 0x80, 0xff, 0xff, 0xff, 0xff, 0xff, 0xff, 0xff,
  0x00, 0x00, 0x00, 0x00, 0x01, 0x00, 0x00, 0x00, 0x00, 0x00, 0x80, 0x3b,
  0x25, 0x00, 0x00, 0x00, 0x6d, 0x6f, 0x64, 0x65, 0x6c, 0x5f, 0x39, 0x32,
  0x2f, 0x74, 0x66, 0x2e, 0x6d, 0x61, 0x74, 0x68, 0x2e, 0x73, 0x69, 0x67,
  0x6d, 0x6f, 0x69, 0x64, 0x5f, 0x31, 0x35, 0x36, 0x31, 0x2f, 0x53, 0x69,
  0x67, 0x6d, 0x6f, 0x69, 0x64, 0x00, 0x00, 0x00, 0x02, 0x00, 0x00, 0x00,
  0x01, 0x00, 0x00, 0x00, 0x10, 0x00, 0x00, 0x00, 0xaa, 0x2d, 0xff, 0xff,
  0x00, 0x00, 0x00, 0x01, 0x14, 0x00, 0x00, 0x00, 0x34, 0x00, 0x00, 0x00,
  0xea, 0x00, 0x00, 0x00, 0x00, 0x00, 0x00, 0x09, 0x54, 0x00, 0x00, 0x00,
  0x94, 0x2d, 0xff, 0xff, 0x08, 0x00, 0x00, 0x00, 0x14, 0x00, 0x00, 0x00,
  0x01, 0x00, 0x00, 0x00, 0x80, 0xff, 0xff, 0xff, 0xff, 0xff, 0xff, 0xff,
  0x00, 0x00, 0x00, 0x00, 0x01, 0x00, 0x00, 0x00, 0x00, 0x00, 0x80, 0x3b,
  0x25, 0x00, 0x00, 0x00, 0x6d, 0x6f, 0x64, 0x65, 0x6c, 0x5f, 0x39, 0x32,
  0x2f, 0x74, 0x66, 0x2e, 0x6d, 0x61, 0x74, 0x68, 0x2e, 0x73, 0x69, 0x67,
  0x6d, 0x6f, 0x69, 0x64, 0x5f, 0x31, 0x35, 0x36, 0x30, 0x2f, 0x53, 0x69,
  0x67, 0x6d, 0x6f, 0x69, 0x64, 0x00, 0x00, 0x00, 0x02, 0x00, 0x00, 0x00,
  0x01, 0x00, 0x00, 0x00, 0x10, 0x00, 0x00, 0x00, 0x22, 0x2e, 0xff, 0xff,
  0x00, 0x00, 0x00, 0x01, 0x14, 0x00, 0x00, 0x00, 0x30, 0x00, 0x00, 0x00,
  0xe9, 0x00, 0x00, 0x00, 0x00, 0x00, 0x00, 0x09, 0x9c, 0x00, 0x00, 0x00,
  0x0c, 0x2e, 0xff, 0xff, 0x08, 0x00, 0x00, 0x00, 0x10, 0x00, 0x00, 0x00,
  0x01, 0x00, 0x00, 0x00, 0xf8, 0xff, 0xff, 0xff, 0xff, 0xff, 0xff, 0xff,
  0x01, 0x00, 0x00, 0x00, 0xd6, 0x05, 0x3f, 0x3f, 0x73, 0x00, 0x00, 0x00,
  0x6d, 0x6f, 0x64, 0x65, 0x6c, 0x5f, 0x39, 0x32, 0x2f, 0x74, 0x66, 0x2e,
  0x73, 0x70, 0x6c, 0x69, 0x74, 0x5f, 0x35, 0x32, 0x30, 0x2f, 0x73, 0x70,
  0x6c, 0x69, 0x74, 0x3b, 0x6d, 0x6f, 0x64, 0x65, 0x6c, 0x5f, 0x39, 0x32,
  0x2f, 0x74, 0x66, 0x2e, 0x73, 0x70, 0x6c, 0x69, 0x74, 0x5f, 0x35, 0x32,
  0x30, 0x2f, 0x73, 0x70, 0x6c, 0x69, 0x74, 0x31, 0x3b, 0x6d, 0x6f, 0x64,
  0x65, 0x6c, 0x5f, 0x39, 0x32, 0x2f, 0x74, 0x66, 0x2e, 0x73, 0x70, 0x6c,
  0x69, 0x74, 0x5f, 0x35, 0x32, 0x30, 0x2f, 0x73, 0x70, 0x6c, 0x69, 0x74,
  0x32, 0x3b, 0x6d, 0x6f, 0x64, 0x65, 0x6c, 0x5f, 0x39, 0x32, 0x2f, 0x74,
  0x66, 0x2e, 0x73, 0x70, 0x6c, 0x69, 0x74, 0x5f, 0x35, 0x32, 0x30, 0x2f,
  0x73, 0x70, 0x6c, 0x69, 0x74, 0x33, 0x33, 0x00, 0x02, 0x00, 0x00, 0x00,
  0x01, 0x00, 0x00, 0x00, 0x10, 0x00, 0x00, 0x00, 0xe2, 0x2e, 0xff, 0xff,
  0x00, 0x00, 0x00, 0x01, 0x14, 0x00, 0x00, 0x00, 0x30, 0x00, 0x00, 0x00,
  0xe8, 0x00, 0x00, 0x00, 0x00, 0x00, 0x00, 0x09, 0x9c, 0x00, 0x00, 0x00,
  0xcc, 0x2e, 0xff, 0xff, 0x08, 0x00, 0x00, 0x00, 0x10, 0x00, 0x00, 0x00,
  0x01, 0x00, 0x00, 0x00, 0xf8, 0xff, 0xff, 0xff, 0xff, 0xff, 0xff, 0xff,
  0x01, 0x00, 0x00, 0x00, 0xd6, 0x05, 0x3f, 0x3f, 0x73, 0x00, 0x00, 0x00,
  0x6d, 0x6f, 0x64, 0x65, 0x6c, 0x5f, 0x39, 0x32, 0x2f, 0x74, 0x66, 0x2e,
  0x73, 0x70, 0x6c, 0x69, 0x74, 0x5f, 0x35, 0x32, 0x30, 0x2f, 0x73, 0x70,
  0x6c, 0x69, 0x74, 0x3b, 0x6d, 0x6f, 0x64, 0x65, 0x6c, 0x5f, 0x39, 0x32,
  0x2f, 0x74, 0x66, 0x2e, 0x73, 0x70, 0x6c, 0x69, 0x74, 0x5f, 0x35, 0x32,
  0x30, 0x2f, 0x73, 0x70, 0x6c, 0x69, 0x74, 0x31, 0x3b, 0x6d, 0x6f, 0x64,
  0x65, 0x6c, 0x5f, 0x39, 0x32, 0x2f, 0x74, 0x66, 0x2e, 0x73, 0x70, 0x6c,
  0x69, 0x74, 0x5f, 0x35, 0x32, 0x30, 0x2f, 0x73, 0x70, 0x6c, 0x69, 0x74,
  0x32, 0x3b, 0x6d, 0x6f, 0x64, 0x65, 0x6c, 0x5f, 0x39, 0x32, 0x2f, 0x74,
  0x66, 0x2e, 0x73, 0x70, 0x6c, 0x69, 0x74, 0x5f, 0x35, 0x32, 0x30, 0x2f,
  0x73, 0x70, 0x6c, 0x69, 0x74, 0x33, 0x32, 0x00, 0x02, 0x00, 0x00, 0x00,
  0x01, 0x00, 0x00, 0x00, 0x10, 0x00, 0x00, 0x00, 0xa2, 0x2f, 0xff, 0xff,
  0x00, 0x00, 0x00, 0x01, 0x14, 0x00, 0x00, 0x00, 0x30, 0x00, 0x00, 0x00,
  0xe7, 0x00, 0x00, 0x00, 0x00, 0x00, 0x00, 0x09, 0x9c, 0x00, 0x00, 0x00,
  0x8c, 0x2f, 0xff, 0xff, 0x08, 0x00, 0x00, 0x00, 0x10, 0x00, 0x00, 0x00,
  0x01, 0x00, 0x00, 0x00, 0xf8, 0xff, 0xff, 0xff, 0xff, 0xff, 0xff, 0xff,
  0x01, 0x00, 0x00, 0x00, 0xd6, 0x05, 0x3f, 0x3f, 0x73, 0x00, 0x00, 0x00,
  0x6d, 0x6f, 0x64, 0x65, 0x6c, 0x5f, 0x39, 0x32, 0x2f, 0x74, 0x66, 0x2e,
  0x73, 0x70, 0x6c, 0x69, 0x74, 0x5f, 0x35, 0x32, 0x30, 0x2f, 0x73, 0x70,
  0x6c, 0x69, 0x74, 0x3b, 0x6d, 0x6f, 0x64, 0x65, 0x6c, 0x5f, 0x39, 0x32,
  0x2f, 0x74, 0x66, 0x2e, 0x73, 0x70, 0x6c, 0x69, 0x74, 0x5f, 0x35, 0x32,
  0x30, 0x2f, 0x73, 0x70, 0x6c, 0x69, 0x74, 0x31, 0x3b, 0x6d, 0x6f, 0x64,
  0x65, 0x6c, 0x5f, 0x39, 0x32, 0x2f, 0x74, 0x66, 0x2e, 0x73, 0x70, 0x6c,
  0x69, 0x74, 0x5f, 0x35, 0x32, 0x30, 0x2f, 0x73, 0x70, 0x6c, 0x69, 0x74,
  0x32, 0x3b, 0x6d, 0x6f, 0x64, 0x65, 0x6c, 0x5f, 0x39, 0x32, 0x2f, 0x74,
  0x66, 0x2e, 0x73, 0x70, 0x6c, 0x69, 0x74, 0x5f, 0x35, 0x32, 0x30, 0x2f,
  0x73, 0x70, 0x6c, 0x69, 0x74, 0x33, 0x31, 0x00, 0x02, 0x00, 0x00, 0x00,
  0x01, 0x00, 0x00, 0x00, 0x10, 0x00, 0x00, 0x00, 0x62, 0x30, 0xff, 0xff,
  0x00, 0x00, 0x00, 0x01, 0x14, 0x00, 0x00, 0x00, 0x30, 0x00, 0x00, 0x00,
  0xe6, 0x00, 0x00, 0x00, 0x00, 0x00, 0x00, 0x09, 0x9c, 0x00, 0x00, 0x00,
  0x4c, 0x30, 0xff, 0xff, 0x08, 0x00, 0x00, 0x00, 0x10, 0x00, 0x00, 0x00,
  0x01, 0x00, 0x00, 0x00, 0xf8, 0xff, 0xff, 0xff, 0xff, 0xff, 0xff, 0xff,
  0x01, 0x00, 0x00, 0x00, 0xd6, 0x05, 0x3f, 0x3f, 0x72, 0x00, 0x00, 0x00,
  0x6d, 0x6f, 0x64, 0x65, 0x6c, 0x5f, 0x39, 0x32, 0x2f, 0x74, 0x66, 0x2e,
  0x73, 0x70, 0x6c, 0x69, 0x74, 0x5f, 0x35, 0x32, 0x30, 0x2f, 0x73, 0x70,
  0x6c, 0x69, 0x74, 0x3b, 0x6d, 0x6f, 0x64, 0x65, 0x6c, 0x5f, 0x39, 0x32,
  0x2f, 0x74, 0x66, 0x2e, 0x73, 0x70, 0x6c, 0x69, 0x74, 0x5f, 0x35, 0x32,
  0x30, 0x2f, 0x73, 0x70, 0x6c, 0x69, 0x74, 0x31, 0x3b, 0x6d, 0x6f, 0x64,
  0x65, 0x6c, 0x5f, 0x39, 0x32, 0x2f, 0x74, 0x66, 0x2e, 0x73, 0x70, 0x6c,
  0x69, 0x74, 0x5f, 0x35, 0x32, 0x30, 0x2f, 0x73, 0x70, 0x6c, 0x69, 0x74,
  0x32, 0x3b, 0x6d, 0x6f, 0x64, 0x65, 0x6c, 0x5f, 0x39, 0x32, 0x2f, 0x74,
  0x66, 0x2e, 0x73, 0x70, 0x6c, 0x69, 0x74, 0x5f, 0x35, 0x32, 0x30, 0x2f,
  0x73, 0x70, 0x6c, 0x69, 0x74, 0x33, 0x00, 0x00, 0x02, 0x00, 0x00, 0x00,
  0x01, 0x00, 0x00, 0x00, 0x10, 0x00, 0x00, 0x00, 0x22, 0x31, 0xff, 0xff,
  0x00, 0x00, 0x00, 0x01, 0x14, 0x00, 0x00, 0x00, 0x34, 0x00, 0x00, 0x00,
  0xe5, 0x00, 0x00, 0x00, 0x00, 0x00, 0x00, 0x09, 0x4c, 0x00, 0x00, 0x00,
  0x0c, 0x31, 0xff, 0xff, 0x08, 0x00, 0x00, 0x00, 0x14, 0x00, 0x00, 0x00,
  0x01, 0x00, 0x00, 0x00, 0xf8, 0xff, 0xff, 0xff, 0xff, 0xff, 0xff, 0xff,
  0x00, 0x00, 0x00, 0x00, 0x01, 0x00, 0x00, 0x00, 0xd6, 0x05, 0x3f, 0x3f,
  0x1d, 0x00, 0x00, 0x00, 0x6d, 0x6f, 0x64, 0x65, 0x6c, 0x5f, 0x39, 0x32,
  0x2f, 0x74, 0x66, 0x2e, 0x6d, 0x61, 0x74, 0x68, 0x2e, 0x61, 0x64, 0x64,
  0x5f, 0x31, 0x30, 0x34, 0x30, 0x2f, 0x41, 0x64, 0x64, 0x00, 0x00, 0x00,
  0x02, 0x00, 0x00, 0x00, 0x01, 0x00, 0x00, 0x00, 0x40, 0x00, 0x00, 0x00,
  0x92, 0x31, 0xff, 0xff, 0x00, 0x00, 0x00, 0x01, 0x14, 0x00, 0x00, 0x00,
  0x34, 0x00, 0x00, 0x00, 0xe4, 0x00, 0x00, 0x00, 0x00, 0x00, 0x00, 0x09,
  0x7c, 0x00, 0x00, 0x00, 0x7c, 0x31, 0xff, 0xff, 0x08, 0x00, 0x00, 0x00,
  0x14, 0x00, 0x00, 0x00, 0x01, 0x00, 0x00, 0x00, 0xf8, 0xff, 0xff, 0xff,
  0xff, 0xff, 0xff, 0xff, 0x00, 0x00, 0x00, 0x00, 0x01, 0x00, 0x00, 0x00,
  0xd6, 0x05, 0x3f, 0x3f, 0x4e, 0x00, 0x00, 0x00, 0x6d, 0x6f, 0x64, 0x65,
  0x6c, 0x5f, 0x39, 0x32, 0x2f, 0x74, 0x66, 0x2e, 0x6c, 0x69, 0x6e, 0x61,
  0x6c, 0x67, 0x2e, 0x6d, 0x61, 0x74, 0x6d, 0x75, 0x6c, 0x5f, 0x31, 0x30,
  0x31, 0x33, 0x2f, 0x4d, 0x61, 0x74, 0x4d, 0x75, 0x6c, 0x3b, 0x6d, 0x6f,
  0x64, 0x65, 0x6c, 0x5f, 0x39, 0x32, 0x2f, 0x74, 0x66, 0x2e, 0x5f, 0x5f,
  0x6f, 0x70, 0x65, 0x72, 0x61, 0x74, 0x6f, 0x72, 0x73, 0x5f, 0x5f, 0x2e,
  0x61, 0x64, 0x64, 0x5f, 0x31, 0x35, 0x38, 0x39, 0x2f, 0x41, 0x64, 0x64,
  0x56, 0x32, 0x00, 0x00, 0x02, 0x00, 0x00, 0x00, 0x01, 0x00, 0x00, 0x00,
  0x40, 0x00, 0x00, 0x00, 0x32, 0x32, 0xff, 0xff, 0x00, 0x00, 0x00, 0x01,
  0x14, 0x00, 0x00, 0x00, 0x30, 0x00, 0x00, 0x00, 0xe3, 0x00, 0x00, 0x00,
  0x00, 0x00, 0x00, 0x09, 0x4c, 0x00, 0x00, 0x00, 0x1c, 0x32, 0xff, 0xff,
  0x08, 0x00, 0x00, 0x00, 0x10, 0x00, 0x00, 0x00, 0x01, 0x00, 0x00, 0x00,
  0xff, 0xff, 0xff, 0xff, 0xff, 0xff, 0xff, 0xff, 0x01, 0x00, 0x00, 0x00,
  0x81, 0x80, 0x00, 0x3c, 0x23, 0x00, 0x00, 0x00, 0x6d, 0x6f, 0x64, 0x65,
  0x6c, 0x5f, 0x39, 0x32, 0x2f, 0x74, 0x66, 0x2e, 0x6d, 0x61, 0x74, 0x68,
  0x2e, 0x6d, 0x75, 0x6c, 0x74, 0x69, 0x70, 0x6c, 0x79, 0x5f, 0x31, 0x30,
  0x39, 0x30, 0x35, 0x2f, 0x4d, 0x75, 0x6c, 0x00, 0x02, 0x00, 0x00, 0x00,
  0x01, 0x00, 0x00, 0x00, 0x10, 0x00, 0x00, 0x00, 0xa2, 0x32, 0xff, 0xff,
  0x00, 0x00, 0x00, 0x01, 0x14, 0x00, 0x00, 0x00, 0x34, 0x00, 0x00, 0x00,
  0xe2, 0x00, 0x00, 0x00, 0x00, 0x00, 0x00, 0x09, 0x4c, 0x00, 0x00, 0x00,
  0x8c, 0x32, 0xff, 0xff, 0x08, 0x00, 0x00, 0x00, 0x14, 0x00, 0x00, 0x00,
  0x01, 0x00, 0x00, 0x00, 0x00, 0x00, 0x00, 0x00, 0x00, 0x00, 0x00, 0x00,
  0x00, 0x00, 0x00, 0x00, 0x01, 0x00, 0x00, 0x00, 0x00, 0x00, 0x00, 0x3c,
  0x1f, 0x00, 0x00, 0x00, 0x6d, 0x6f, 0x64, 0x65, 0x6c, 0x5f, 0x39, 0x32,
  0x2f, 0x74, 0x66, 0x2e, 0x6d, 0x61, 0x74, 0x68, 0x2e, 0x74, 0x61, 0x6e,
  0x68, 0x5f, 0x31, 0x30, 0x33, 0x39, 0x2f, 0x54, 0x61, 0x6e, 0x68, 0x00,
  0x02, 0x00, 0x00, 0x00, 0x01, 0x00, 0x00, 0x00, 0x10, 0x00, 0x00, 0x00,
  0x12, 0x33, 0xff, 0xff, 0x00, 0x00, 0x00, 0x01, 0x14, 0x00, 0x00, 0x00,
  0x34, 0x00, 0x00, 0x00, 0xe1, 0x00, 0x00, 0x00, 0x00, 0x00, 0x00, 0x09,
  0x4c, 0x00, 0x00, 0x00, 0xfc, 0x32, 0xff, 0xff, 0x08, 0x00, 0x00, 0x00,
  0x14, 0x00, 0x00, 0x00, 0x01, 0x00, 0x00, 0x00, 0xff, 0xff, 0xff, 0xff,
  0xff, 0xff, 0xff, 0xff, 0x00, 0x00, 0x00, 0x00, 0x01, 0x00, 0x00, 0x00,
  0xa1, 0xa0, 0xa0, 0x3d, 0x1d, 0x00, 0x00, 0x00, 0x6d, 0x6f, 0x64, 0x65,
  0x6c, 0x5f, 0x39, 0x32, 0x2f, 0x74, 0x66, 0x2e, 0x6d, 0x61, 0x74, 0x68,
  0x2e, 0x61, 0x64, 0x64, 0x5f, 0x31, 0x30, 0x33, 0x39, 0x2f, 0x41, 0x64,
  0x64, 0x00, 0x00, 0x00, 0x02, 0x00, 0x00, 0x00, 0x01, 0x00, 0x00, 0x00,
  0x10, 0x00, 0x00, 0x00, 0x82, 0x33, 0xff, 0xff, 0x00, 0x00, 0x00, 0x01,
  0x14, 0x00, 0x00, 0x00, 0x30, 0x00, 0x00, 0x00, 0xe0, 0x00, 0x00, 0x00,
  0x00, 0x00, 0x00, 0x09, 0x4c, 0x00, 0x00, 0x00, 0x6c, 0x33, 0xff, 0xff,
  0x08, 0x00, 0x00, 0x00, 0x10, 0x00, 0x00, 0x00, 0x01, 0x00, 0x00, 0x00,
  0xff, 0xff, 0xff, 0xff, 0xff, 0xff, 0xff, 0xff, 0x01, 0x00, 0x00, 0x00,
  0x81, 0x80, 0x00, 0x3c, 0x23, 0x00, 0x00, 0x00, 0x6d, 0x6f, 0x64, 0x65,
  0x6c, 0x5f, 0x39, 0x32, 0x2f, 0x74, 0x66, 0x2e, 0x6d, 0x61, 0x74, 0x68,
  0x2e, 0x6d, 0x75, 0x6c, 0x74, 0x69, 0x70, 0x6c, 0x79, 0x5f, 0x31, 0x30,
  0x38, 0x39, 0x38, 0x2f, 0x4d, 0x75, 0x6c, 0x00, 0x02, 0x00, 0x00, 0x00,
  0x01, 0x00, 0x00, 0x00, 0x10, 0x00, 0x00, 0x00, 0xf2, 0x33, 0xff, 0xff,
  0x00, 0x00, 0x00, 0x01, 0x14, 0x00, 0x00, 0x00, 0x34, 0x00, 0x00, 0x00,
  0xdf, 0x00, 0x00, 0x00, 0x00, 0x00, 0x00, 0x09, 0x4c, 0x00, 0x00, 0x00,
  0xdc, 0x33, 0xff, 0xff, 0x08, 0x00, 0x00, 0x00, 0x14, 0x00, 0x00, 0x00,
  0x01, 0x00, 0x00, 0x00, 0x00, 0x00, 0x00, 0x00, 0x00, 0x00, 0x00, 0x00,
  0x00, 0x00, 0x00, 0x00, 0x01, 0x00, 0x00, 0x00, 0x00, 0x00, 0x00, 0x3c,
  0x1f, 0x00, 0x00, 0x00, 0x6d, 0x6f, 0x64, 0x65, 0x6c, 0x5f, 0x39, 0x32,
  0x2f, 0x74, 0x66, 0x2e, 0x6d, 0x61, 0x74, 0x68, 0x2e, 0x74, 0x61, 0x6e,
  0x68, 0x5f, 0x31, 0x30, 0x33, 0x38, 0x2f, 0x54, 0x61, 0x6e, 0x68, 0x00,
  0x02, 0x00, 0x00, 0x00, 0x01, 0x00, 0x00, 0x00, 0x10, 0x00, 0x00, 0x00,
  0x62, 0x34, 0xff, 0xff, 0x00, 0x00, 0x00, 0x01, 0x14, 0x00, 0x00, 0x00,
  0x34, 0x00, 0x00, 0x00, 0xde, 0x00, 0x00, 0x00, 0x00, 0x00, 0x00, 0x09,
  0x54, 0x00, 0x00, 0x00, 0x4c, 0x34, 0xff, 0xff, 0x08, 0x00, 0x00, 0x00,
  0x14, 0x00, 0x00, 0x00, 0x01, 0x00, 0x00, 0x00, 0x80, 0xff, 0xff, 0xff,
  0xff, 0xff, 0xff, 0xff, 0x00, 0x00, 0x00, 0x00, 0x01, 0x00, 0x00, 0x00,
  0x00, 0x00, 0x80, 0x3b, 0x25, 0x00, 0x00, 0x00, 0x6d, 0x6f, 0x64, 0x65,
  0x6c, 0x5f, 0x39, 0x32, 0x2f, 0x74, 0x66, 0x2e, 0x6d, 0x61, 0x74, 0x68,
  0x2e, 0x73, 0x69, 0x67, 0x6d, 0x6f, 0x69, 0x64, 0x5f, 0x31, 0x35, 0x35,
  0x39, 0x2f, 0x53, 0x69, 0x67, 0x6d, 0x6f, 0x69, 0x64, 0x00, 0x00, 0x00,
  0x02, 0x00, 0x00, 0x00, 0x01, 0x00, 0x00, 0x00, 0x10, 0x00, 0x00, 0x00,
  0xda, 0x34, 0xff, 0xff, 0x00, 0x00, 0x00, 0x01, 0x14, 0x00, 0x00, 0x00,
  0x30, 0x00, 0x00, 0x00, 0xdd, 0x00, 0x00, 0x00, 0x00, 0x00, 0x00, 0x09,
  0x4c, 0x00, 0x00, 0x00, 0xc4, 0x34, 0xff, 0xff, 0x08, 0x00, 0x00, 0x00,
  0x10, 0x00, 0x00, 0x00, 0x01, 0x00, 0x00, 0x00, 0xff, 0xff, 0xff, 0xff,
  0xff, 0xff, 0xff, 0xff, 0x01, 0x00, 0x00, 0x00, 0xa1, 0xa0, 0xa0, 0x3d,
  0x23, 0x00, 0x00, 0x00, 0x6d, 0x6f, 0x64, 0x65, 0x6c, 0x5f, 0x39, 0x32,
  0x2f, 0x74, 0x66, 0x2e, 0x6d, 0x61, 0x74, 0x68, 0x2e, 0x6d, 0x75, 0x6c,
  0x74, 0x69, 0x70, 0x6c, 0x79, 0x5f, 0x31, 0x30, 0x38, 0x39, 0x34, 0x2f,
  0x4d, 0x75, 0x6c, 0x00, 0x02, 0x00, 0x00, 0x00, 0x01, 0x00, 0x00, 0x00,
  0x10, 0x00, 0x00, 0x00, 0x4a, 0x35, 0xff, 0xff, 0x00, 0x00, 0x00, 0x01,
  0x14, 0x00, 0x00, 0x00, 0x34, 0x00, 0x00, 0x00, 0xdc, 0x00, 0x00, 0x00,
  0x00, 0x00, 0x00, 0x09, 0x54, 0x00, 0x00, 0x00, 0x34, 0x35, 0xff, 0xff,
  0x08, 0x00, 0x00, 0x00, 0x14, 0x00, 0x00, 0x00, 0x01, 0x00, 0x00, 0x00,
  0x80, 0xff, 0xff, 0xff, 0xff, 0xff, 0xff, 0xff, 0x00, 0x00, 0x00, 0x00,
  0x01, 0x00, 0x00, 0x00, 0x00, 0x00, 0x80, 0x3b, 0x25, 0x00, 0x00, 0x00,
  0x6d, 0x6f, 0x64, 0x65, 0x6c, 0x5f, 0x39, 0x32, 0x2f, 0x74, 0x66, 0x2e,
  0x6d, 0x61, 0x74, 0x68, 0x2e, 0x73, 0x69, 0x67, 0x6d, 0x6f, 0x69, 0x64,
  0x5f, 0x31, 0x35, 0x35, 0x38, 0x2f, 0x53, 0x69, 0x67, 0x6d, 0x6f, 0x69,
  0x64, 0x00, 0x00, 0x00, 0x02, 0x00, 0x00, 0x00, 0x01, 0x00, 0x00, 0x00,
  0x10, 0x00, 0x00, 0x00, 0xc2, 0x35, 0xff, 0xff, 0x00, 0x00, 0x00, 0x01,
  0x14, 0x00, 0x00, 0x00, 0x34, 0x00, 0x00, 0x00, 0xdb, 0x00, 0x00, 0x00,
  0x00, 0x00, 0x00, 0x09, 0x54, 0x00, 0x00, 0x00, 0xac, 0x35, 0xff, 0xff,
  0x08, 0x00, 0x00, 0x00, 0x14, 0x00, 0x00, 0x00, 0x01, 0x00, 0x00, 0x00,
  0x80, 0xff, 0xff, 0xff, 0xff, 0xff, 0xff, 0xff, 0x00, 0x00, 0x00, 0x00,
  0x01, 0x00, 0x00, 0x00, 0x00, 0x00, 0x80, 0x3b, 0x25, 0x00, 0x00, 0x00,
  0x6d, 0x6f, 0x64, 0x65, 0x6c, 0x5f, 0x39, 0x32, 0x2f, 0x74, 0x66, 0x2e,
  0x6d, 0x61, 0x74, 0x68, 0x2e, 0x73, 0x69, 0x67, 0x6d, 0x6f, 0x69, 0x64,
  0x5f, 0x31, 0x35, 0x35, 0x37, 0x2f, 0x53, 0x69, 0x67, 0x6d, 0x6f, 0x69,
  0x64, 0x00, 0x00, 0x00, 0x02, 0x00, 0x00, 0x00, 0x01, 0x00, 0x00, 0x00,
  0x10, 0x00, 0x00, 0x00, 0x3a, 0x36, 0xff, 0xff, 0x00, 0x00, 0x00, 0x01,
  0x14, 0x00, 0x00, 0x00, 0x30, 0x00, 0x00, 0x00, 0xda, 0x00, 0x00, 0x00,
  0x00, 0x00, 0x00, 0x09, 0x9c, 0x00, 0x00, 0x00, 0x24, 0x36, 0xff, 0xff,
  0x08, 0x00, 0x00, 0x00, 0x10, 0x00, 0x00, 0x00, 0x01, 0x00, 0x00, 0x00,
  0xf8, 0xff, 0xff, 0xff, 0xff, 0xff, 0xff, 0xff, 0x01, 0x00, 0x00, 0x00,
  0xd3, 0x05, 0x3f, 0x3f, 0x73, 0x00, 0x00, 0x00, 0x6d, 0x6f, 0x64, 0x65,
  0x6c, 0x5f, 0x39, 0x32, 0x2f, 0x74, 0x66, 0x2e, 0x73, 0x70, 0x6c, 0x69,
  0x74, 0x5f, 0x35, 0x31, 0x39, 0x2f, 0x73, 0x70, 0x6c, 0x69, 0x74, 0x3b,
  0x6d, 0x6f, 0x64, 0x65, 0x6c, 0x5f, 0x39, 0x32, 0x2f, 0x74, 0x66, 0x2e,
  0x73, 0x70, 0x6c, 0x69, 0x74, 0x5f, 0x35, 0x31, 0x39, 0x2f, 0x73, 0x70,
  0x6c, 0x69, 0x74, 0x31, 0x3b, 0x6d, 0x6f, 0x64, 0x65, 0x6c, 0x5f, 0x39,
  0x32, 0x2f, 0x74, 0x66, 0x2e, 0x73, 0x70, 0x6c, 0x69, 0x74, 0x5f, 0x35,
  0x31, 0x39, 0x2f, 0x73, 0x70, 0x6c, 0x69, 0x74, 0x32, 0x3b, 0x6d, 0x6f,
  0x64, 0x65, 0x6c, 0x5f, 0x39, 0x32, 0x2f, 0x74, 0x66, 0x2e, 0x73, 0x70,
  0x6c, 0x69, 0x74, 0x5f, 0x35, 0x31, 0x39, 0x2f, 0x73, 0x70, 0x6c, 0x69,
  0x74, 0x33, 0x33, 0x00, 0x02, 0x00, 0x00, 0x00, 0x01, 0x00, 0x00, 0x00,
  0x10, 0x00, 0x00, 0x00, 0xfa, 0x36, 0xff, 0xff, 0x00, 0x00, 0x00, 0x01,
  0x14, 0x00, 0x00, 0x00, 0x30, 0x00, 0x00, 0x00, 0xd9, 0x00, 0x00, 0x00,
  0x00, 0x00, 0x00, 0x09, 0x9c, 0x00, 0x00, 0x00, 0xe4, 0x36, 0xff, 0xff,
  0x08, 0x00, 0x00, 0x00, 0x10, 0x00, 0x00, 0x00, 0x01, 0x00, 0x00, 0x00,
  0xf8, 0xff, 0xff, 0xff, 0xff, 0xff, 0xff, 0xff, 0x01, 0x00, 0x00, 0x00,
  0xd3, 0x05, 0x3f, 0x3f, 0x73, 0x00, 0x00, 0x00, 0x6d, 0x6f, 0x64, 0x65,
  0x6c, 0x5f, 0x39, 0x32, 0x2f, 0x74, 0x66, 0x2e, 0x73, 0x70, 0x6c, 0x69,
  0x74, 0x5f, 0x35, 0x31, 0x39, 0x2f, 0x73, 0x70, 0x6c, 0x69, 0x74, 0x3b,
  0x6d, 0x6f, 0x64, 0x65, 0x6c, 0x5f, 0x39, 0x32, 0x2f, 0x74, 0x66, 0x2e,
  0x73, 0x70, 0x6c, 0x69, 0x74, 0x5f, 0x35, 0x31, 0x39, 0x2f, 0x73, 0x70,
  0x6c, 0x69, 0x74, 0x31, 0x3b, 0x6d, 0x6f, 0x64, 0x65, 0x6c, 0x5f, 0x39,
  0x32, 0x2f, 0x74, 0x66, 0x2e, 0x73, 0x70, 0x6c, 0x69, 0x74, 0x5f, 0x35,
  0x31, 0x39, 0x2f, 0x73, 0x70, 0x6c, 0x69, 0x74, 0x32, 0x3b, 0x6d, 0x6f,
  0x64, 0x65, 0x6c, 0x5f, 0x39, 0x32, 0x2f, 0x74, 0x66, 0x2e, 0x73, 0x70,
  0x6c, 0x69, 0x74, 0x5f, 0x35, 0x31, 0x39, 0x2f, 0x73, 0x70, 0x6c, 0x69,
  0x74, 0x33, 0x32, 0x00, 0x02, 0x00, 0x00, 0x00, 0x01, 0x00, 0x00, 0x00,
  0x10, 0x00, 0x00, 0x00, 0xba, 0x37, 0xff, 0xff, 0x00, 0x00, 0x00, 0x01,
  0x14, 0x00, 0x00, 0x00, 0x30, 0x00, 0x00, 0x00, 0xd8, 0x00, 0x00, 0x00,
  0x00, 0x00, 0x00, 0x09, 0x9c, 0x00, 0x00, 0x00, 0xa4, 0x37, 0xff, 0xff,
  0x08, 0x00, 0x00, 0x00, 0x10, 0x00, 0x00, 0x00, 0x01, 0x00, 0x00, 0x00,
  0xf8, 0xff, 0xff, 0xff, 0xff, 0xff, 0xff, 0xff, 0x01, 0x00, 0x00, 0x00,
  0xd3, 0x05, 0x3f, 0x3f, 0x73, 0x00, 0x00, 0x00, 0x6d, 0x6f, 0x64, 0x65,
  0x6c, 0x5f, 0x39, 0x32, 0x2f, 0x74, 0x66, 0x2e, 0x73, 0x70, 0x6c, 0x69,
  0x74, 0x5f, 0x35, 0x31, 0x39, 0x2f, 0x73, 0x70, 0x6c, 0x69, 0x74, 0x3b,
  0x6d, 0x6f, 0x64, 0x65, 0x6c, 0x5f, 0x39, 0x32, 0x2f, 0x74, 0x66, 0x2e,
  0x73, 0x70, 0x6c, 0x69, 0x74, 0x5f, 0x35, 0x31, 0x39, 0x2f, 0x73, 0x70,
  0x6c, 0x69, 0x74, 0x31, 0x3b, 0x6d, 0x6f, 0x64, 0x65, 0x6c, 0x5f, 0x39,
  0x32, 0x2f, 0x74, 0x66, 0x2e, 0x73, 0x70, 0x6c, 0x69, 0x74, 0x5f, 0x35,
  0x31, 0x39, 0x2f, 0x73, 0x70, 0x6c, 0x69, 0x74, 0x32, 0x3b, 0x6d, 0x6f,
  0x64, 0x65, 0x6c, 0x5f, 0x39, 0x32, 0x2f, 0x74, 0x66, 0x2e, 0x73, 0x70,
  0x6c, 0x69, 0x74, 0x5f, 0x35, 0x31, 0x39, 0x2f, 0x73, 0x70, 0x6c, 0x69,
  0x74, 0x33, 0x31, 0x00, 0x02, 0x00, 0x00, 0x00, 0x01, 0x00, 0x00, 0x00,
  0x10, 0x00, 0x00, 0x00, 0x7a, 0x38, 0xff, 0xff, 0x00, 0x00, 0x00, 0x01,
  0x14, 0x00, 0x00, 0x00, 0x30, 0x00, 0x00, 0x00, 0xd7, 0x00, 0x00, 0x00,
  0x00, 0x00, 0x00, 0x09, 0x9c, 0x00, 0x00, 0x00, 0x64, 0x38, 0xff, 0xff,
  0x08, 0x00, 0x00, 0x00, 0x10, 0x00, 0x00, 0x00, 0x01, 0x00, 0x00, 0x00,
  0xf8, 0xff, 0xff, 0xff, 0xff, 0xff, 0xff, 0xff, 0x01, 0x00, 0x00, 0x00,
  0xd3, 0x05, 0x3f, 0x3f, 0x72, 0x00, 0x00, 0x00, 0x6d, 0x6f, 0x64, 0x65,
  0x6c, 0x5f, 0x39, 0x32, 0x2f, 0x74, 0x66, 0x2e, 0x73, 0x70, 0x6c, 0x69,
  0x74, 0x5f, 0x35, 0x31, 0x39, 0x2f, 0x73, 0x70, 0x6c, 0x69, 0x74, 0x3b,
  0x6d, 0x6f, 0x64, 0x65, 0x6c, 0x5f, 0x39, 0x32, 0x2f, 0x74, 0x66, 0x2e,
  0x73, 0x70, 0x6c, 0x69, 0x74, 0x5f, 0x35, 0x31, 0x39, 0x2f, 0x73, 0x70,
  0x6c, 0x69, 0x74, 0x31, 0x3b, 0x6d, 0x6f, 0x64, 0x65, 0x6c, 0x5f, 0x39,
  0x32, 0x2f, 0x74, 0x66, 0x2e, 0x73, 0x70, 0x6c, 0x69, 0x74, 0x5f, 0x35,
  0x31, 0x39, 0x2f, 0x73, 0x70, 0x6c, 0x69, 0x74, 0x32, 0x3b, 0x6d, 0x6f,
  0x64, 0x65, 0x6c, 0x5f, 0x39, 0x32, 0x2f, 0x74, 0x66, 0x2e, 0x73, 0x70,
  0x6c, 0x69, 0x74, 0x5f, 0x35, 0x31, 0x39, 0x2f, 0x73, 0x70, 0x6c, 0x69,
  0x74, 0x33, 0x00, 0x00, 0x02, 0x00, 0x00, 0x00, 0x01, 0x00, 0x00, 0x00,
  0x10, 0x00, 0x00, 0x00, 0x3a, 0x39, 0xff, 0xff, 0x00, 0x00, 0x00, 0x01,
  0x14, 0x00, 0x00, 0x00, 0x34, 0x00, 0x00, 0x00, 0xd6, 0x00, 0x00, 0x00,
  0x00, 0x00, 0x00, 0x09, 0x4c, 0x00, 0x00, 0x00, 0x24, 0x39, 0xff, 0xff,
  0x08, 0x00, 0x00, 0x00, 0x14, 0x00, 0x00, 0x00, 0x01, 0x00, 0x00, 0x00,
  0xf8, 0xff, 0xff, 0xff, 0xff, 0xff, 0xff, 0xff, 0x00, 0x00, 0x00, 0x00,
  0x01, 0x00, 0x00, 0x00, 0xd3, 0x05, 0x3f, 0x3f, 0x1d, 0x00, 0x00, 0x00,
  0x6d, 0x6f, 0x64, 0x65, 0x6c, 0x5f, 0x39, 0x32, 0x2f, 0x74, 0x66, 0x2e,
  0x6d, 0x61, 0x74, 0x68, 0x2e, 0x61, 0x64, 0x64, 0x5f, 0x31, 0x30, 0x33,
  0x38, 0x2f, 0x41, 0x64, 0x64, 0x00, 0x00, 0x00, 0x02, 0x00, 0x00, 0x00,
  0x01, 0x00, 0x00, 0x00, 0x40, 0x00, 0x00, 0x00, 0xaa, 0x39, 0xff, 0xff,
  0x00, 0x00, 0x00, 0x01, 0x14, 0x00, 0x00, 0x00, 0x34, 0x00, 0x00, 0x00,
  0xd5, 0x00, 0x00, 0x00, 0x00, 0x00, 0x00, 0x09, 0x7c, 0x00, 0x00, 0x00,
  0x94, 0x39, 0xff, 0xff, 0x08, 0x00, 0x00, 0x00, 0x14, 0x00, 0x00, 0x00,
  0x01, 0x00, 0x00, 0x00, 0xf8, 0xff, 0xff, 0xff, 0xff, 0xff, 0xff, 0xff,
  0x00, 0x00, 0x00, 0x00, 0x01, 0x00, 0x00, 0x00, 0xd3, 0x05, 0x3f, 0x3f,
  0x4e, 0x00, 0x00, 0x00, 0x6d, 0x6f, 0x64, 0x65, 0x6c, 0x5f, 0x39, 0x32,
  0x2f, 0x74, 0x66, 0x2e, 0x6c, 0x69, 0x6e, 0x61, 0x6c, 0x67, 0x2e, 0x6d,
  0x61, 0x74, 0x6d, 0x75, 0x6c, 0x5f, 0x31, 0x30, 0x31, 0x32, 0x2f, 0x4d,
  0x61, 0x74, 0x4d, 0x75, 0x6c, 0x3b, 0x6d, 0x6f, 0x64, 0x65, 0x6c, 0x5f,
  0x39, 0x32, 0x2f, 0x74, 0x66, 0x2e, 0x5f, 0x5f, 0x6f, 0x70, 0x65, 0x72,
  0x61, 0x74, 0x6f, 0x72, 0x73, 0x5f, 0x5f, 0x2e, 0x61, 0x64, 0x64, 0x5f,
  0x31, 0x35, 0x38, 0x38, 0x2f, 0x41, 0x64, 0x64, 0x56, 0x32, 0x00, 0x00,
  0x02, 0x00, 0x00, 0x00, 0x01, 0x00, 0x00, 0x00, 0x40, 0x00, 0x00, 0x00,
  0x4a, 0x3a, 0xff, 0xff, 0x00, 0x00, 0x00, 0x01, 0x14, 0x00, 0x00, 0x00,
  0x30, 0x00, 0x00, 0x00, 0xd4, 0x00, 0x00, 0x00, 0x00, 0x00, 0x00, 0x09,
  0x4c, 0x00, 0x00, 0x00, 0x34, 0x3a, 0xff, 0xff, 0x08, 0x00, 0x00, 0x00,
  0x10, 0x00, 0x00, 0x00, 0x01, 0x00, 0x00, 0x00, 0xff, 0xff, 0xff, 0xff,
  0xff, 0xff, 0xff, 0xff, 0x01, 0x00, 0x00, 0x00, 0x81, 0x80, 0x00, 0x3c,
  0x23, 0x00, 0x00, 0x00, 0x6d, 0x6f, 0x64, 0x65, 0x6c, 0x5f, 0x39, 0x32,
  0x2f, 0x74, 0x66, 0x2e, 0x6d, 0x61, 0x74, 0x68, 0x2e, 0x6d, 0x75, 0x6c,
  0x74, 0x69, 0x70, 0x6c, 0x79, 0x5f, 0x31, 0x30, 0x38, 0x38, 0x36, 0x2f,
  0x4d, 0x75, 0x6c, 0x00, 0x02, 0x00, 0x00, 0x00, 0x01, 0x00, 0x00, 0x00,
  0x10, 0x00, 0x00, 0x00, 0xba, 0x3a, 0xff, 0xff, 0x00, 0x00, 0x00, 0x01,
  0x14, 0x00, 0x00, 0x00, 0x34, 0x00, 0x00, 0x00, 0xd3, 0x00, 0x00, 0x00,
  0x00, 0x00, 0x00, 0x09, 0x4c, 0x00, 0x00, 0x00, 0xa4, 0x3a, 0xff, 0xff,
  0x08, 0x00, 0x00, 0x00, 0x14, 0x00, 0x00, 0x00, 0x01, 0x00, 0x00, 0x00,
  0x00, 0x00, 0x00, 0x00, 0x00, 0x00, 0x00, 0x00, 0x00, 0x00, 0x00, 0x00,
  0x01, 0x00, 0x00, 0x00, 0x00, 0x00, 0x00, 0x3c, 0x1f, 0x00, 0x00, 0x00,
  0x6d, 0x6f, 0x64, 0x65, 0x6c, 0x5f, 0x39, 0x32, 0x2f, 0x74, 0x66, 0x2e,
  0x6d, 0x61, 0x74, 0x68, 0x2e, 0x74, 0x61, 0x6e, 0x68, 0x5f, 0x31, 0x30,
  0x33, 0x37, 0x2f, 0x54, 0x61, 0x6e, 0x68, 0x00, 0x02, 0x00, 0x00, 0x00,
  0x01, 0x00, 0x00, 0x00, 0x10, 0x00, 0x00, 0x00, 0x2a, 0x3b, 0xff, 0xff,
  0x00, 0x00, 0x00, 0x01, 0x14, 0x00, 0x00, 0x00, 0x34, 0x00, 0x00, 0x00,
  0xd2, 0x00, 0x00, 0x00, 0x00, 0x00, 0x00, 0x09, 0x4c, 0x00, 0x00, 0x00,
  0x14, 0x3b, 0xff, 0xff, 0x08, 0x00, 0x00, 0x00, 0x14, 0x00, 0x00, 0x00,
  0x01, 0x00, 0x00, 0x00, 0xff, 0xff, 0xff, 0xff, 0xff, 0xff, 0xff, 0xff,
  0x00, 0x00, 0x00, 0x00, 0x01, 0x00, 0x00, 0x00, 0x91, 0x90, 0x90, 0x3d,
  0x1d, 0x00, 0x00, 0x00, 0x6d, 0x6f, 0x64, 0x65, 0x6c, 0x5f, 0x39, 0x32,
  0x2f, 0x74, 0x66, 0x2e, 0x6d, 0x61, 0x74, 0x68, 0x2e, 0x61, 0x64, 0x64,
  0x5f, 0x31, 0x30, 0x33, 0x37, 0x2f, 0x41, 0x64, 0x64, 0x00, 0x00, 0x00,
  0x02, 0x00, 0x00, 0x00, 0x01, 0x00, 0x00, 0x00, 0x10, 0x00, 0x00, 0x00,
  0x9a, 0x3b, 0xff, 0xff, 0x00, 0x00, 0x00, 0x01, 0x14, 0x00, 0x00, 0x00,
  0x30, 0x00, 0x00, 0x00, 0xd1, 0x00, 0x00, 0x00, 0x00, 0x00, 0x00, 0x09,
  0x4c, 0x00, 0x00, 0x00, 0x84, 0x3b, 0xff, 0xff, 0x08, 0x00, 0x00, 0x00,
  0x10, 0x00, 0x00, 0x00, 0x01, 0x00, 0x00, 0x00, 0xff, 0xff, 0xff, 0xff,
  0xff, 0xff, 0xff, 0xff, 0x01, 0x00, 0x00, 0x00, 0x81, 0x80, 0x00, 0x3c,
  0x23, 0x00, 0x00, 0x00, 0x6d, 0x6f, 0x64, 0x65, 0x6c, 0x5f, 0x39, 0x32,
  0x2f, 0x74, 0x66, 0x2e, 0x6d, 0x61, 0x74, 0x68, 0x2e, 0x6d, 0x75, 0x6c,
  0x74, 0x69, 0x70, 0x6c, 0x79, 0x5f, 0x31, 0x30, 0x38, 0x37, 0x39, 0x2f,
  0x4d, 0x75, 0x6c, 0x00, 0x02, 0x00, 0x00, 0x00, 0x01, 0x00, 0x00, 0x00,
  0x10, 0x00, 0x00, 0x00, 0x0a, 0x3c, 0xff, 0xff, 0x00, 0x00, 0x00, 0x01,
  0x14, 0x00, 0x00, 0x00, 0x34, 0x00, 0x00, 0x00, 0xd0, 0x00, 0x00, 0x00,
  0x00, 0x00, 0x00, 0x09, 0x4c, 0x00, 0x00, 0x00, 0xf4, 0x3b, 0xff, 0xff,
  0x08, 0x00, 0x00, 0x00, 0x14, 0x00, 0x00, 0x00, 0x01, 0x00, 0x00, 0x00,
  0x00, 0x00, 0x00, 0x00, 0x00, 0x00, 0x00, 0x00, 0x00, 0x00, 0x00, 0x00,
  0x01, 0x00, 0x00, 0x00, 0x00, 0x00, 0x00, 0x3c, 0x1f, 0x00, 0x00, 0x00,
  0x6d, 0x6f, 0x64, 0x65, 0x6c, 0x5f, 0x39, 0x32, 0x2f, 0x74, 0x66, 0x2e,
  0x6d, 0x61, 0x74, 0x68, 0x2e, 0x74, 0x61, 0x6e, 0x68, 0x5f, 0x31, 0x30,
  0x33, 0x36, 0x2f, 0x54, 0x61, 0x6e, 0x68, 0x00, 0x02, 0x00, 0x00, 0x00,
  0x01, 0x00, 0x00, 0x00, 0x10, 0x00, 0x00, 0x00, 0x7a, 0x3c, 0xff, 0xff,
  0x00, 0x00, 0x00, 0x01, 0x14, 0x00, 0x00, 0x00, 0x34, 0x00, 0x00, 0x00,
  0xcf, 0x00, 0x00, 0x00, 0x00, 0x00, 0x00, 0x09, 0x54, 0x00, 0x00, 0x00,
  0x64, 0x3c, 0xff, 0xff, 0x08, 0x00, 0x00, 0x00, 0x14, 0x00, 0x00, 0x00,
  0x01, 0x00, 0x00, 0x00, 0x80, 0xff, 0xff, 0xff, 0xff, 0xff, 0xff, 0xff,
  0x00, 0x00, 0x00, 0x00, 0x01, 0x00, 0x00, 0x00, 0x00, 0x00, 0x80, 0x3b,
  0x25, 0x00, 0x00, 0x00, 0x6d, 0x6f, 0x64, 0x65, 0x6c, 0x5f, 0x39, 0x32,
  0x2f, 0x74, 0x66, 0x2e, 0x6d, 0x61, 0x74, 0x68, 0x2e, 0x73, 0x69, 0x67,
  0x6d, 0x6f, 0x69, 0x64, 0x5f, 0x31, 0x35, 0x35, 0x36, 0x2f, 0x53, 0x69,
  0x67, 0x6d, 0x6f, 0x69, 0x64, 0x00, 0x00, 0x00, 0x02, 0x00, 0x00, 0x00,
  0x01, 0x00, 0x00, 0x00, 0x10, 0x00, 0x00, 0x00, 0xf2, 0x3c, 0xff, 0xff,
  0x00, 0x00, 0x00, 0x01, 0x14, 0x00, 0x00, 0x00, 0x30, 0x00, 0x00, 0x00,
  0xce, 0x00, 0x00, 0x00, 0x00, 0x00, 0x00, 0x09, 0x4c, 0x00, 0x00, 0x00,
  0xdc, 0x3c, 0xff, 0xff, 0x08, 0x00, 0x00, 0x00, 0x10, 0x00, 0x00, 0x00,
  0x01, 0x00, 0x00, 0x00, 0xff, 0xff, 0xff, 0xff, 0xff, 0xff, 0xff, 0xff,
  0x01, 0x00, 0x00, 0x00, 0x91, 0x90, 0x90, 0x3d, 0x23, 0x00, 0x00, 0x00,
  0x6d, 0x6f, 0x64, 0x65, 0x6c, 0x5f, 0x39, 0x32, 0x2f, 0x74, 0x66, 0x2e,
  0x6d, 0x61, 0x74, 0x68, 0x2e, 0x6d, 0x75, 0x6c, 0x74, 0x69, 0x70, 0x6c,
  0x79, 0x5f, 0x31, 0x30, 0x38, 0x37, 0x35, 0x2f, 0x4d, 0x75, 0x6c, 0x00,
  0x02, 0x00, 0x00, 0x00, 0x01, 0x00, 0x00, 0x00, 0x10, 0x00, 0x00, 0x00,
  0x62, 0x3d, 0xff, 0xff, 0x00, 0x00, 0x00, 0x01, 0x14, 0x00, 0x00, 0x00,
  0x34, 0x00, 0x00, 0x00, 0xcd, 0x00, 0x00, 0x00, 0x00, 0x00, 0x00, 0x09,
  0x54, 0x00, 0x00, 0x00, 0x4c, 0x3d, 0xff, 0xff, 0x08, 0x00, 0x00, 0x00,
  0x14, 0x00, 0x00, 0x00, 0x01, 0x00, 0x00, 0x00, 0x80, 0xff, 0xff, 0xff,
  0xff, 0xff, 0xff, 0xff, 0x00, 0x00, 0x00, 0x00, 0x01, 0x00, 0x00, 0x00,
  0x00, 0x00, 0x80, 0x3b, 0x25, 0x00, 0x00, 0x00, 0x6d, 0x6f, 0x64, 0x65,
  0x6c, 0x5f, 0x39, 0x32, 0x2f, 0x74, 0x66, 0x2e, 0x6d, 0x61, 0x74, 0x68,
  0x2e, 0x73, 0x69, 0x67, 0x6d, 0x6f, 0x69, 0x64, 0x5f, 0x31, 0x35, 0x35,
  0x35, 0x2f, 0x53, 0x69, 0x67, 0x6d, 0x6f, 0x69, 0x64, 0x00, 0x00, 0x00,
  0x02, 0x00, 0x00, 0x00, 0x01, 0x00, 0x00, 0x00, 0x10, 0x00, 0x00, 0x00,
  0xda, 0x3d, 0xff, 0xff, 0x00, 0x00, 0x00, 0x01, 0x14, 0x00, 0x00, 0x00,
  0x34, 0x00, 0x00, 0x00, 0xcc, 0x00, 0x00, 0x00, 0x00, 0x00, 0x00, 0x09,
  0x54, 0x00, 0x00, 0x00, 0xc4, 0x3d, 0xff, 0xff, 0x08, 0x00, 0x00, 0x00,
  0x14, 0x00, 0x00, 0x00, 0x01, 0x00, 0x00, 0x00, 0x80, 0xff, 0xff, 0xff,
  0xff, 0xff, 0xff, 0xff, 0x00, 0x00, 0x00, 0x00, 0x01, 0x00, 0x00, 0x00,
  0x00, 0x00, 0x80, 0x3b, 0x25, 0x00, 0x00, 0x00, 0x6d, 0x6f, 0x64, 0x65,
  0x6c, 0x5f, 0x39, 0x32, 0x2f, 0x74, 0x66, 0x2e, 0x6d, 0x61, 0x74, 0x68,
  0x2e, 0x73, 0x69, 0x67, 0x6d, 0x6f, 0x69, 0x64, 0x5f, 0x31, 0x35, 0x35,
  0x34, 0x2f, 0x53, 0x69, 0x67, 0x6d, 0x6f, 0x69, 0x64, 0x00, 0x00, 0x00,
  0x02, 0x00, 0x00, 0x00, 0x01, 0x00, 0x00, 0x00, 0x10, 0x00, 0x00, 0x00,
  0x52, 0x3e, 0xff, 0xff, 0x00, 0x00, 0x00, 0x01, 0x14, 0x00, 0x00, 0x00,
  0x30, 0x00, 0x00, 0x00, 0xcb, 0x00, 0x00, 0x00, 0x00, 0x00, 0x00, 0x09,
  0x9c, 0x00, 0x00, 0x00, 0x3c, 0x3e, 0xff, 0xff, 0x08, 0x00, 0x00, 0x00,
  0x10, 0x00, 0x00, 0x00, 0x01, 0x00, 0x00, 0x00, 0xf8, 0xff, 0xff, 0xff,
  0xff, 0xff, 0xff, 0xff, 0x01, 0x00, 0x00, 0x00, 0xd2, 0x05, 0x3f, 0x3f,
  0x73, 0x00, 0x00, 0x00, 0x6d, 0x6f, 0x64, 0x65, 0x6c, 0x5f, 0x39, 0x32,
  0x2f, 0x74, 0x66, 0x2e, 0x73, 0x70, 0x6c, 0x69, 0x74, 0x5f, 0x35, 0x31,
  0x38, 0x2f, 0x73, 0x70, 0x6c, 0x69, 0x74, 0x3b, 0x6d, 0x6f, 0x64, 0x65,
  0x6c, 0x5f, 0x39, 0x32, 0x2f, 0x74, 0x66, 0x2e, 0x73, 0x70, 0x6c, 0x69,
  0x74, 0x5f, 0x35, 0x31, 0x38, 0x2f, 0x73, 0x70, 0x6c, 0x69, 0x74, 0x31,
  0x3b, 0x6d, 0x6f, 0x64, 0x65, 0x6c, 0x5f, 0x39, 0x32, 0x2f, 0x74, 0x66,
  0x2e, 0x73, 0x70, 0x6c, 0x69, 0x74, 0x5f, 0x35, 0x31, 0x38, 0x2f, 0x73,
  0x70, 0x6c, 0x69, 0x74, 0x32, 0x3b, 0x6d, 0x6f, 0x64, 0x65, 0x6c, 0x5f,
  0x39, 0x32, 0x2f, 0x74, 0x66, 0x2e, 0x73, 0x70, 0x6c, 0x69, 0x74, 0x5f,
  0x35, 0x31, 0x38, 0x2f, 0x73, 0x70, 0x6c, 0x69, 0x74, 0x33, 0x33, 0x00,
  0x02, 0x00, 0x00, 0x00, 0x01, 0x00, 0x00, 0x00, 0x10, 0x00, 0x00, 0x00,
  0x12, 0x3f, 0xff, 0xff, 0x00, 0x00, 0x00, 0x01, 0x14, 0x00, 0x00, 0x00,
  0x30, 0x00, 0x00, 0x00, 0xca, 0x00, 0x00, 0x00, 0x00, 0x00, 0x00, 0x09,
  0x9c, 0x00, 0x00, 0x00, 0xfc, 0x3e, 0xff, 0xff, 0x08, 0x00, 0x00, 0x00,
  0x10, 0x00, 0x00, 0x00, 0x01, 0x00, 0x00, 0x00, 0xf8, 0xff, 0xff, 0xff,
  0xff, 0xff, 0xff, 0xff, 0x01, 0x00, 0x00, 0x00, 0xd2, 0x05, 0x3f, 0x3f,
  0x73, 0x00, 0x00, 0x00, 0x6d, 0x6f, 0x64, 0x65, 0x6c, 0x5f, 0x39, 0x32,
  0x2f, 0x74, 0x66, 0x2e, 0x73, 0x70, 0x6c, 0x69, 0x74, 0x5f, 0x35, 0x31,
  0x38, 0x2f, 0x73, 0x70, 0x6c, 0x69, 0x74, 0x3b, 0x6d, 0x6f, 0x64, 0x65,
  0x6c, 0x5f, 0x39, 0x32, 0x2f, 0x74, 0x66, 0x2e, 0x73, 0x70, 0x6c, 0x69,
  0x74, 0x5f, 0x35, 0x31, 0x38, 0x2f, 0x73, 0x70, 0x6c, 0x69, 0x74, 0x31,
  0x3b, 0x6d, 0x6f, 0x64, 0x65, 0x6c, 0x5f, 0x39, 0x32, 0x2f, 0x74, 0x66,
  0x2e, 0x73, 0x70, 0x6c, 0x69, 0x74, 0x5f, 0x35, 0x31, 0x38, 0x2f, 0x73,
  0x70, 0x6c, 0x69, 0x74, 0x32, 0x3b, 0x6d, 0x6f, 0x64, 0x65, 0x6c, 0x5f,
  0x39, 0x32, 0x2f, 0x74, 0x66, 0x2e, 0x73, 0x70, 0x6c, 0x69, 0x74, 0x5f,
  0x35, 0x31, 0x38, 0x2f, 0x73, 0x70, 0x6c, 0x69, 0x74, 0x33, 0x32, 0x00,
  0x02, 0x00, 0x00, 0x00, 0x01, 0x00, 0x00, 0x00, 0x10, 0x00, 0x00, 0x00,
  0xd2, 0x3f, 0xff, 0xff, 0x00, 0x00, 0x00, 0x01, 0x14, 0x00, 0x00, 0x00,
  0x30, 0x00, 0x00, 0x00, 0xc9, 0x00, 0x00, 0x00, 0x00, 0x00, 0x00, 0x09,
  0x9c, 0x00, 0x00, 0x00, 0xbc, 0x3f, 0xff, 0xff, 0x08, 0x00, 0x00, 0x00,
  0x10, 0x00, 0x00, 0x00, 0x01, 0x00, 0x00, 0x00, 0xf8, 0xff, 0xff, 0xff,
  0xff, 0xff, 0xff, 0xff, 0x01, 0x00, 0x00, 0x00, 0xd2, 0x05, 0x3f, 0x3f,
  0x73, 0x00, 0x00, 0x00, 0x6d, 0x6f, 0x64, 0x65, 0x6c, 0x5f, 0x39, 0x32,
  0x2f, 0x74, 0x66, 0x2e, 0x73, 0x70, 0x6c, 0x69, 0x74, 0x5f, 0x35, 0x31,
  0x38, 0x2f, 0x73, 0x70, 0x6c, 0x69, 0x74, 0x3b, 0x6d, 0x6f, 0x64, 0x65,
  0x6c, 0x5f, 0x39, 0x32, 0x2f, 0x74, 0x66, 0x2e, 0x73, 0x70, 0x6c, 0x69,
  0x74, 0x5f, 0x35, 0x31, 0x38, 0x2f, 0x73, 0x70, 0x6c, 0x69, 0x74, 0x31,
  0x3b, 0x6d, 0x6f, 0x64, 0x65, 0x6c, 0x5f, 0x39, 0x32, 0x2f, 0x74, 0x66,
  0x2e, 0x73, 0x70, 0x6c, 0x69, 0x74, 0x5f, 0x35, 0x31, 0x38, 0x2f, 0x73,
  0x70, 0x6c, 0x69, 0x74, 0x32, 0x3b, 0x6d, 0x6f, 0x64, 0x65, 0x6c, 0x5f,
  0x39, 0x32, 0x2f, 0x74, 0x66, 0x2e, 0x73, 0x70, 0x6c, 0x69, 0x74, 0x5f,
  0x35, 0x31, 0x38, 0x2f, 0x73, 0x70, 0x6c, 0x69, 0x74, 0x33, 0x31, 0x00,
  0x02, 0x00, 0x00, 0x00, 0x01, 0x00, 0x00, 0x00, 0x10, 0x00, 0x00, 0x00,
  0x92, 0x40, 0xff, 0xff, 0x00, 0x00, 0x00, 0x01, 0x14, 0x00, 0x00, 0x00,
  0x30, 0x00, 0x00, 0x00, 0xc8, 0x00, 0x00, 0x00, 0x00, 0x00, 0x00, 0x09,
  0x9c, 0x00, 0x00, 0x00, 0x7c, 0x40, 0xff, 0xff, 0x08, 0x00, 0x00, 0x00,
  0x10, 0x00, 0x00, 0x00, 0x01, 0x00, 0x00, 0x00, 0xf8, 0xff, 0xff, 0xff,
  0xff, 0xff, 0xff, 0xff, 0x01, 0x00, 0x00, 0x00, 0xd2, 0x05, 0x3f, 0x3f,
  0x72, 0x00, 0x00, 0x00, 0x6d, 0x6f, 0x64, 0x65, 0x6c, 0x5f, 0x39, 0x32,
  0x2f, 0x74, 0x66, 0x2e, 0x73, 0x70, 0x6c, 0x69, 0x74, 0x5f, 0x35, 0x31,
  0x38, 0x2f, 0x73, 0x70, 0x6c, 0x69, 0x74, 0x3b, 0x6d, 0x6f, 0x64, 0x65,
  0x6c, 0x5f, 0x39, 0x32, 0x2f, 0x74, 0x66, 0x2e, 0x73, 0x70, 0x6c, 0x69,
  0x74, 0x5f, 0x35, 0x31, 0x38, 0x2f, 0x73, 0x70, 0x6c, 0x69, 0x74, 0x31,
  0x3b, 0x6d, 0x6f, 0x64, 0x65, 0x6c, 0x5f, 0x39, 0x32, 0x2f, 0x74, 0x66,
  0x2e, 0x73, 0x70, 0x6c, 0x69, 0x74, 0x5f, 0x35, 0x31, 0x38, 0x2f, 0x73,
  0x70, 0x6c, 0x69, 0x74, 0x32, 0x3b, 0x6d, 0x6f, 0x64, 0x65, 0x6c, 0x5f,
  0x39, 0x32, 0x2f, 0x74, 0x66, 0x2e, 0x73, 0x70, 0x6c, 0x69, 0x74, 0x5f,
  0x35, 0x31, 0x38, 0x2f, 0x73, 0x70, 0x6c, 0x69, 0x74, 0x33, 0x00, 0x00,
  0x02, 0x00, 0x00, 0x00, 0x01, 0x00, 0x00, 0x00, 0x10, 0x00, 0x00, 0x00,
  0x52, 0x41, 0xff, 0xff, 0x00, 0x00, 0x00, 0x01, 0x14, 0x00, 0x00, 0x00,
  0x34, 0x00, 0x00, 0x00, 0xc7, 0x00, 0x00, 0x00, 0x00, 0x00, 0x00, 0x09,
  0x4c, 0x00, 0x00, 0x00, 0x3c, 0x41, 0xff, 0xff, 0x08, 0x00, 0x00, 0x00,
  0x14, 0x00, 0x00, 0x00, 0x01, 0x00, 0x00, 0x00, 0xf8, 0xff, 0xff, 0xff,
  0xff, 0xff, 0xff, 0xff, 0x00, 0x00, 0x00, 0x00, 0x01, 0x00, 0x00, 0x00,
  0xd2, 0x05, 0x3f, 0x3f, 0x1d, 0x00, 0x00, 0x00, 0x6d, 0x6f, 0x64, 0x65,
  0x6c, 0x5f, 0x39, 0x32, 0x2f, 0x74, 0x66, 0x2e, 0x6d, 0x61, 0x74, 0x68,
  0x2e, 0x61, 0x64, 0x64, 0x5f, 0x31, 0x30, 0x33, 0x36, 0x2f, 0x41, 0x64,
  0x64, 0x00, 0x00, 0x00, 0x02, 0x00, 0x00, 0x00, 0x01, 0x00, 0x00, 0x00,
  0x40, 0x00, 0x00, 0x00, 0xc2, 0x41, 0xff, 0xff, 0x00, 0x00, 0x00, 0x01,
  0x14, 0x00, 0x00, 0x00, 0x34, 0x00, 0x00, 0x00, 0xc6, 0x00, 0x00, 0x00,
  0x00, 0x00, 0x00, 0x09, 0x7c, 0x00, 0x00, 0x00, 0xac, 0x41, 0xff, 0xff,
  0x08, 0x00, 0x00, 0x00, 0x14, 0x00, 0x00, 0x00, 0x01, 0x00, 0x00, 0x00,
  0xf8, 0xff, 0xff, 0xff, 0xff, 0xff, 0xff, 0xff, 0x00, 0x00, 0x00, 0x00,
  0x01, 0x00, 0x00, 0x00, 0xd2, 0x05, 0x3f, 0x3f, 0x4e, 0x00, 0x00, 0x00,
  0x6d, 0x6f, 0x64, 0x65, 0x6c, 0x5f, 0x39, 0x32, 0x2f, 0x74, 0x66, 0x2e,
  0x6c, 0x69, 0x6e, 0x61, 0x6c, 0x67, 0x2e, 0x6d, 0x61, 0x74, 0x6d, 0x75,
  0x6c, 0x5f, 0x31, 0x30, 0x31, 0x31, 0x2f, 0x4d, 0x61, 0x74, 0x4d, 0x75,
  0x6c, 0x3b, 0x6d, 0x6f, 0x64, 0x65, 0x6c, 0x5f, 0x39, 0x32, 0x2f, 0x74,
  0x66, 0x2e, 0x5f, 0x5f, 0x6f, 0x70, 0x65, 0x72, 0x61, 0x74, 0x6f, 0x72,
  0x73, 0x5f, 0x5f, 0x2e, 0x61, 0x64, 0x64, 0x5f, 0x31, 0x35, 0x38, 0x37,
  0x2f, 0x41, 0x64, 0x64, 0x56, 0x32, 0x00, 0x00, 0x02, 0x00, 0x00, 0x00,
  0x01, 0x00, 0x00, 0x00, 0x40, 0x00, 0x00, 0x00, 0x62, 0x42, 0xff, 0xff,
  0x00, 0x00, 0x00, 0x01, 0x14, 0x00, 0x00, 0x00, 0x30, 0x00, 0x00, 0x00,
  0xc5, 0x00, 0x00, 0x00, 0x00, 0x00, 0x00, 0x09, 0x4c, 0x00, 0x00, 0x00,
  0x4c, 0x42, 0xff, 0xff, 0x08, 0x00, 0x00, 0x00, 0x10, 0x00, 0x00, 0x00,
  0x01, 0x00, 0x00, 0x00, 0xff, 0xff, 0xff, 0xff, 0xff, 0xff, 0xff, 0xff,
  0x01, 0x00, 0x00, 0x00, 0x81, 0x80, 0x00, 0x3c, 0x23, 0x00, 0x00, 0x00,
  0x6d, 0x6f, 0x64, 0x65, 0x6c, 0x5f, 0x39, 0x32, 0x2f, 0x74, 0x66, 0x2e,
  0x6d, 0x61, 0x74, 0x68, 0x2e, 0x6d, 0x75, 0x6c, 0x74, 0x69, 0x70, 0x6c,
  0x79, 0x5f, 0x31, 0x30, 0x38, 0x36, 0x37, 0x2f, 0x4d, 0x75, 0x6c, 0x00,
  0x02, 0x00, 0x00, 0x00, 0x01, 0x00, 0x00, 0x00, 0x10, 0x00, 0x00, 0x00,
  0xd2, 0x42, 0xff, 0xff, 0x00, 0x00, 0x00, 0x01, 0x14, 0x00, 0x00, 0x00,
  0x34, 0x00, 0x00, 0x00, 0xc4, 0x00, 0x00, 0x00, 0x00, 0x00, 0x00, 0x09,
  0x4c, 0x00, 0x00, 0x00, 0xbc, 0x42, 0xff, 0xff, 0x08, 0x00, 0x00, 0x00,
  0x14, 0x00, 0x00, 0x00, 0x01, 0x00, 0x00, 0x00, 0x00, 0x00, 0x00, 0x00,
  0x00, 0x00, 0x00, 0x00, 0x00, 0x00, 0x00, 0x00, 0x01, 0x00, 0x00, 0x00,
  0x00, 0x00, 0x00, 0x3c, 0x1f, 0x00, 0x00, 0x00, 0x6d, 0x6f, 0x64, 0x65,
  0x6c, 0x5f, 0x39, 0x32, 0x2f, 0x74, 0x66, 0x2e, 0x6d, 0x61, 0x74, 0x68,
  0x2e, 0x74, 0x61, 0x6e, 0x68, 0x5f, 0x31, 0x30, 0x33, 0x35, 0x2f, 0x54,
  0x61, 0x6e, 0x68, 0x00, 0x02, 0x00, 0x00, 0x00, 0x01, 0x00, 0x00, 0x00,
  0x10, 0x00, 0x00, 0x00, 0x42, 0x43, 0xff, 0xff, 0x00, 0x00, 0x00, 0x01,
  0x14, 0x00, 0x00, 0x00, 0x34, 0x00, 0x00, 0x00, 0xc3, 0x00, 0x00, 0x00,
  0x00, 0x00, 0x00, 0x09, 0x4c, 0x00, 0x00, 0x00, 0x2c, 0x43, 0xff, 0xff,
  0x08, 0x00, 0x00, 0x00, 0x14, 0x00, 0x00, 0x00, 0x01, 0x00, 0x00, 0x00,
  0xff, 0xff, 0xff, 0xff, 0xff, 0xff, 0xff, 0xff, 0x00, 0x00, 0x00, 0x00,
  0x01, 0x00, 0x00, 0x00, 0x81, 0x80, 0x80, 0x3d, 0x1d, 0x00, 0x00, 0x00,
  0x6d, 0x6f, 0x64, 0x65, 0x6c, 0x5f, 0x39, 0x32, 0x2f, 0x74, 0x66, 0x2e,
  0x6d, 0x61, 0x74, 0x68, 0x2e, 0x61, 0x64, 0x64, 0x5f, 0x31, 0x30, 0x33,
  0x35, 0x2f, 0x41, 0x64, 0x64, 0x00, 0x00, 0x00, 0x02, 0x00, 0x00, 0x00,
  0x01, 0x00, 0x00, 0x00, 0x10, 0x00, 0x00, 0x00, 0xb2, 0x43, 0xff, 0xff,
  0x00, 0x00, 0x00, 0x01, 0x14, 0x00, 0x00, 0x00, 0x30, 0x00, 0x00, 0x00,
  0xc2, 0x00, 0x00, 0x00, 0x00, 0x00, 0x00, 0x09, 0x4c, 0x00, 0x00, 0x00,
  0x9c, 0x43, 0xff, 0xff, 0x08, 0x00, 0x00, 0x00, 0x10, 0x00, 0x00, 0x00,
  0x01, 0x00, 0x00, 0x00, 0xff, 0xff, 0xff, 0xff, 0xff, 0xff, 0xff, 0xff,
  0x01, 0x00, 0x00, 0x00, 0x81, 0x80, 0x00, 0x3c, 0x23, 0x00, 0x00, 0x00,
  0x6d, 0x6f, 0x64, 0x65, 0x6c, 0x5f, 0x39, 0x32, 0x2f, 0x74, 0x66, 0x2e,
  0x6d, 0x61, 0x74, 0x68, 0x2e, 0x6d, 0x75, 0x6c, 0x74, 0x69, 0x70, 0x6c,
  0x79, 0x5f, 0x31, 0x30, 0x38, 0x36, 0x30, 0x2f, 0x4d, 0x75, 0x6c, 0x00,
  0x02, 0x00, 0x00, 0x00, 0x01, 0x00, 0x00, 0x00, 0x10, 0x00, 0x00, 0x00,
  0x22, 0x44, 0xff, 0xff, 0x00, 0x00, 0x00, 0x01, 0x14, 0x00, 0x00, 0x00,
  0x34, 0x00, 0x00, 0x00, 0xc1, 0x00, 0x00, 0x00, 0x00, 0x00, 0x00, 0x09,
  0x4c, 0x00, 0x00, 0x00, 0x0c, 0x44, 0xff, 0xff, 0x08, 0x00, 0x00, 0x00,
  0x14, 0x00, 0x00, 0x00, 0x01, 0x00, 0x00, 0x00, 0x00, 0x00, 0x00, 0x00,
  0x00, 0x00, 0x00, 0x00, 0x00, 0x00, 0x00, 0x00, 0x01, 0x00, 0x00, 0x00,
  0x00, 0x00, 0x00, 0x3c, 0x1f, 0x00, 0x00, 0x00, 0x6d, 0x6f, 0x64, 0x65,
  0x6c, 0x5f, 0x39, 0x32, 0x2f, 0x74, 0x66, 0x2e, 0x6d, 0x61, 0x74, 0x68,
  0x2e, 0x74, 0x61, 0x6e, 0x68, 0x5f, 0x31, 0x30, 0x33, 0x34, 0x2f, 0x54,
  0x61, 0x6e, 0x68, 0x00, 0x02, 0x00, 0x00, 0x00, 0x01, 0x00, 0x00, 0x00,
  0x10, 0x00, 0x00, 0x00, 0x92, 0x44, 0xff, 0xff, 0x00, 0x00, 0x00, 0x01,
  0x14, 0x00, 0x00, 0x00, 0x34, 0x00, 0x00, 0x00, 0xc0, 0x00, 0x00, 0x00,
  0x00, 0x00, 0x00, 0x09, 0x54, 0x00, 0x00, 0x00, 0x7c, 0x44, 0xff, 0xff,
  0x08, 0x00, 0x00, 0x00, 0x14, 0x00, 0x00, 0x00, 0x01, 0x00, 0x00, 0x00,
  0x80, 0xff, 0xff, 0xff, 0xff, 0xff, 0xff, 0xff, 0x00, 0x00, 0x00, 0x00,
  0x01, 0x00, 0x00, 0x00, 0x00, 0x00, 0x80, 0x3b, 0x25, 0x00, 0x00, 0x00,
  0x6d, 0x6f, 0x64, 0x65, 0x6c, 0x5f, 0x39, 0x32, 0x2f, 0x74, 0x66, 0x2e,
  0x6d, 0x61, 0x74, 0x68, 0x2e, 0x73, 0x69, 0x67, 0x6d, 0x6f, 0x69, 0x64,
  0x5f, 0x31, 0x35, 0x35, 0x33, 0x2f, 0x53, 0x69, 0x67, 0x6d, 0x6f, 0x69,
  0x64, 0x00, 0x00, 0x00, 0x02, 0x00, 0x00, 0x00, 0x01, 0x00, 0x00, 0x00,
  0x10, 0x00, 0x00, 0x00, 0x0a, 0x45, 0xff, 0xff, 0x00, 0x00, 0x00, 0x01,
  0x14, 0x00, 0x00, 0x00, 0x30, 0x00, 0x00, 0x00, 0xbf, 0x00, 0x00, 0x00,
  0x00, 0x00, 0x00, 0x09, 0x4c, 0x00, 0x00, 0x00, 0xf4, 0x44, 0xff, 0xff,
  0x08, 0x00, 0x00, 0x00, 0x10, 0x00, 0x00, 0x00, 0x01, 0x00, 0x00, 0x00,
  0xff, 0xff, 0xff, 0xff, 0xff, 0xff, 0xff, 0xff, 0x01, 0x00, 0x00, 0x00,
  0x81, 0x80, 0x80, 0x3d, 0x23, 0x00, 0x00, 0x00, 0x6d, 0x6f, 0x64, 0x65,
  0x6c, 0x5f, 0x39, 0x32, 0x2f, 0x74, 0x66, 0x2e, 0x6d, 0x61, 0x74, 0x68,
  0x2e, 0x6d, 0x75, 0x6c, 0x74, 0x69, 0x70, 0x6c, 0x79, 0x5f, 0x31, 0x30,
  0x38, 0x35, 0x36, 0x2f, 0x4d, 0x75, 0x6c, 0x00, 0x02, 0x00, 0x00, 0x00,
  0x01, 0x00, 0x00, 0x00, 0x10, 0x00, 0x00, 0x00, 0x7a, 0x45, 0xff, 0xff,
  0x00, 0x00, 0x00, 0x01, 0x14, 0x00, 0x00, 0x00, 0x34, 0x00, 0x00, 0x00,
  0xbe, 0x00, 0x00, 0x00, 0x00, 0x00, 0x00, 0x09, 0x54, 0x00, 0x00, 0x00,
  0x64, 0x45, 0xff, 0xff, 0x08, 0x00, 0x00, 0x00, 0x14, 0x00, 0x00, 0x00,
  0x01, 0x00, 0x00, 0x00, 0x80, 0xff, 0xff, 0xff, 0xff, 0xff, 0xff, 0xff,
  0x00, 0x00, 0x00, 0x00, 0x01, 0x00, 0x00, 0x00, 0x00, 0x00, 0x80, 0x3b,
  0x25, 0x00, 0x00, 0x00, 0x6d, 0x6f, 0x64, 0x65, 0x6c, 0x5f, 0x39, 0x32,
  0x2f, 0x74, 0x66, 0x2e, 0x6d, 0x61, 0x74, 0x68, 0x2e, 0x73, 0x69, 0x67,
  0x6d, 0x6f, 0x69, 0x64, 0x5f, 0x31, 0x35, 0x35, 0x32, 0x2f, 0x53, 0x69,
  0x67, 0x6d, 0x6f, 0x69, 0x64, 0x00, 0x00, 0x00, 0x02, 0x00, 0x00, 0x00,
  0x01, 0x00, 0x00, 0x00, 0x10, 0x00, 0x00, 0x00, 0xf2, 0x45, 0xff, 0xff,
  0x00, 0x00, 0x00, 0x01, 0x14, 0x00, 0x00, 0x00, 0x34, 0x00, 0x00, 0x00,
  0xbd, 0x00, 0x00, 0x00, 0x00, 0x00, 0x00, 0x09, 0x54, 0x00, 0x00, 0x00,
  0xdc, 0x45, 0xff, 0xff, 0x08, 0x00, 0x00, 0x00, 0x14, 0x00, 0x00, 0x00,
  0x01, 0x00, 0x00, 0x00, 0x80, 0xff, 0xff, 0xff, 0xff, 0xff, 0xff, 0xff,
  0x00, 0x00, 0x00, 0x00, 0x01, 0x00, 0x00, 0x00, 0x00, 0x00, 0x80, 0x3b,
  0x25, 0x00, 0x00, 0x00, 0x6d, 0x6f, 0x64, 0x65, 0x6c, 0x5f, 0x39, 0x32,
  0x2f, 0x74, 0x66, 0x2e, 0x6d, 0x61, 0x74, 0x68, 0x2e, 0x73, 0x69, 0x67,
  0x6d, 0x6f, 0x69, 0x64, 0x5f, 0x31, 0x35, 0x35, 0x31, 0x2f, 0x53, 0x69,
  0x67, 0x6d, 0x6f, 0x69, 0x64, 0x00, 0x00, 0x00, 0x02, 0x00, 0x00, 0x00,
  0x01, 0x00, 0x00, 0x00, 0x10, 0x00, 0x00, 0x00, 0x6a, 0x46, 0xff, 0xff,
  0x00, 0x00, 0x00, 0x01, 0x14, 0x00, 0x00, 0x00, 0x30, 0x00, 0x00, 0x00,
  0xbc, 0x00, 0x00, 0x00, 0x00, 0x00, 0x00, 0x09, 0x9c, 0x00, 0x00, 0x00,
  0x54, 0x46, 0xff, 0xff, 0x08, 0x00, 0x00, 0x00, 0x10, 0x00, 0x00, 0x00,
  0x01, 0x00, 0x00, 0x00, 0xf8, 0xff, 0xff, 0xff, 0xff, 0xff, 0xff, 0xff,
  0x01, 0x00, 0x00, 0x00, 0xce, 0x05, 0x3f, 0x3f, 0x73, 0x00, 0x00, 0x00,
  0x6d, 0x6f, 0x64, 0x65, 0x6c, 0x5f, 0x39, 0x32, 0x2f, 0x74, 0x66, 0x2e,
  0x73, 0x70, 0x6c, 0x69, 0x74, 0x5f, 0x35, 0x31, 0x37, 0x2f, 0x73, 0x70,
  0x6c, 0x69, 0x74, 0x3b, 0x6d, 0x6f, 0x64, 0x65, 0x6c, 0x5f, 0x39, 0x32,
  0x2f, 0x74, 0x66, 0x2e, 0x73, 0x70, 0x6c, 0x69, 0x74, 0x5f, 0x35, 0x31,
  0x37, 0x2f, 0x73, 0x70, 0x6c, 0x69, 0x74, 0x31, 0x3b, 0x6d, 0x6f, 0x64,
  0x65, 0x6c, 0x5f, 0x39, 0x32, 0x2f, 0x74, 0x66, 0x2e, 0x73, 0x70, 0x6c,
  0x69, 0x74, 0x5f, 0x35, 0x31, 0x37, 0x2f, 0x73, 0x70, 0x6c, 0x69, 0x74,
  0x32, 0x3b, 0x6d, 0x6f, 0x64, 0x65, 0x6c, 0x5f, 0x39, 0x32, 0x2f, 0x74,
  0x66, 0x2e, 0x73, 0x70, 0x6c, 0x69, 0x74, 0x5f, 0x35, 0x31, 0x37, 0x2f,
  0x73, 0x70, 0x6c, 0x69, 0x74, 0x33, 0x33, 0x00, 0x02, 0x00, 0x00, 0x00,
  0x01, 0x00, 0x00, 0x00, 0x10, 0x00, 0x00, 0x00, 0x2a, 0x47, 0xff, 0xff,
  0x00, 0x00, 0x00, 0x01, 0x14, 0x00, 0x00, 0x00, 0x30, 0x00, 0x00, 0x00,
  0xbb, 0x00, 0x00, 0x00, 0x00, 0x00, 0x00, 0x09, 0x9c, 0x00, 0x00, 0x00,
  0x14, 0x47, 0xff, 0xff, 0x08, 0x00, 0x00, 0x00, 0x10, 0x00, 0x00, 0x00,
  0x01, 0x00, 0x00, 0x00, 0xf8, 0xff, 0xff, 0xff, 0xff, 0xff, 0xff, 0xff,
  0x01, 0x00, 0x00, 0x00, 0xce, 0x05, 0x3f, 0x3f, 0x73, 0x00, 0x00, 0x00,
  0x6d, 0x6f, 0x64, 0x65, 0x6c, 0x5f, 0x39, 0x32, 0x2f, 0x74, 0x66, 0x2e,
  0x73, 0x70, 0x6c, 0x69, 0x74, 0x5f, 0x35, 0x31, 0x37, 0x2f, 0x73, 0x70,
  0x6c, 0x69, 0x74, 0x3b, 0x6d, 0x6f, 0x64, 0x65, 0x6c, 0x5f, 0x39, 0x32,
  0x2f, 0x74, 0x66, 0x2e, 0x73, 0x70, 0x6c, 0x69, 0x74, 0x5f, 0x35, 0x31,
  0x37, 0x2f, 0x73, 0x70, 0x6c, 0x69, 0x74, 0x31, 0x3b, 0x6d, 0x6f, 0x64,
  0x65, 0x6c, 0x5f, 0x39, 0x32, 0x2f, 0x74, 0x66, 0x2e, 0x73, 0x70, 0x6c,
  0x69, 0x74, 0x5f, 0x35, 0x31, 0x37, 0x2f, 0x73, 0x70, 0x6c, 0x69, 0x74,
  0x32, 0x3b, 0x6d, 0x6f, 0x64, 0x65, 0x6c, 0x5f, 0x39, 0x32, 0x2f, 0x74,
  0x66, 0x2e, 0x73, 0x70, 0x6c, 0x69, 0x74, 0x5f, 0x35, 0x31, 0x37, 0x2f,
  0x73, 0x70, 0x6c, 0x69, 0x74, 0x33, 0x32, 0x00, 0x02, 0x00, 0x00, 0x00,
  0x01, 0x00, 0x00, 0x00, 0x10, 0x00, 0x00, 0x00, 0xea, 0x47, 0xff, 0xff,
  0x00, 0x00, 0x00, 0x01, 0x14, 0x00, 0x00, 0x00, 0x30, 0x00, 0x00, 0x00,
  0xba, 0x00, 0x00, 0x00, 0x00, 0x00, 0x00, 0x09, 0x9c, 0x00, 0x00, 0x00,
  0xd4, 0x47, 0xff, 0xff, 0x08, 0x00, 0x00, 0x00, 0x10, 0x00, 0x00, 0x00,
  0x01, 0x00, 0x00, 0x00, 0xf8, 0xff, 0xff, 0xff, 0xff, 0xff, 0xff, 0xff,
  0x01, 0x00, 0x00, 0x00, 0xce, 0x05, 0x3f, 0x3f, 0x73, 0x00, 0x00, 0x00,
  0x6d, 0x6f, 0x64, 0x65, 0x6c, 0x5f, 0x39, 0x32, 0x2f, 0x74, 0x66, 0x2e,
  0x73, 0x70, 0x6c, 0x69, 0x74, 0x5f, 0x35, 0x31, 0x37, 0x2f, 0x73, 0x70,
  0x6c, 0x69, 0x74, 0x3b, 0x6d, 0x6f, 0x64, 0x65, 0x6c, 0x5f, 0x39, 0x32,
  0x2f, 0x74, 0x66, 0x2e, 0x73, 0x70, 0x6c, 0x69, 0x74, 0x5f, 0x35, 0x31,
  0x37, 0x2f, 0x73, 0x70, 0x6c, 0x69, 0x74, 0x31, 0x3b, 0x6d, 0x6f, 0x64,
  0x65, 0x6c, 0x5f, 0x39, 0x32, 0x2f, 0x74, 0x66, 0x2e, 0x73, 0x70, 0x6c,
  0x69, 0x74, 0x5f, 0x35, 0x31, 0x37, 0x2f, 0x73, 0x70, 0x6c, 0x69, 0x74,
  0x32, 0x3b, 0x6d, 0x6f, 0x64, 0x65, 0x6c, 0x5f, 0x39, 0x32, 0x2f, 0x74,
  0x66, 0x2e, 0x73, 0x70, 0x6c, 0x69, 0x74, 0x5f, 0x35, 0x31, 0x37, 0x2f,
  0x73, 0x70, 0x6c, 0x69, 0x74, 0x33, 0x31, 0x00, 0x02, 0x00, 0x00, 0x00,
  0x01, 0x00, 0x00, 0x00, 0x10, 0x00, 0x00, 0x00, 0xaa, 0x48, 0xff, 0xff,
  0x00, 0x00, 0x00, 0x01, 0x14, 0x00, 0x00, 0x00, 0x30, 0x00, 0x00, 0x00,
  0xb9, 0x00, 0x00, 0x00, 0x00, 0x00, 0x00, 0x09, 0x9c, 0x00, 0x00, 0x00,
  0x94, 0x48, 0xff, 0xff, 0x08, 0x00, 0x00, 0x00, 0x10, 0x00, 0x00, 0x00,
  0x01, 0x00, 0x00, 0x00, 0xf8, 0xff, 0xff, 0xff, 0xff, 0xff, 0xff, 0xff,
  0x01, 0x00, 0x00, 0x00, 0xce, 0x05, 0x3f, 0x3f, 0x72, 0x00, 0x00, 0x00,
  0x6d, 0x6f, 0x64, 0x65, 0x6c, 0x5f, 0x39, 0x32, 0x2f, 0x74, 0x66, 0x2e,
  0x73, 0x70, 0x6c, 0x69, 0x74, 0x5f, 0x35, 0x31, 0x37, 0x2f, 0x73, 0x70,
  0x6c, 0x69, 0x74, 0x3b, 0x6d, 0x6f, 0x64, 0x65, 0x6c, 0x5f, 0x39, 0x32,
  0x2f, 0x74, 0x66, 0x2e, 0x73, 0x70, 0x6c, 0x69, 0x74, 0x5f, 0x35, 0x31,
  0x37, 0x2f, 0x73, 0x70, 0x6c, 0x69, 0x74, 0x31, 0x3b, 0x6d, 0x6f, 0x64,
  0x65, 0x6c, 0x5f, 0x39, 0x32, 0x2f, 0x74, 0x66, 0x2e, 0x73, 0x70, 0x6c,
  0x69, 0x74, 0x5f, 0x35, 0x31, 0x37, 0x2f, 0x73, 0x70, 0x6c, 0x69, 0x74,
  0x32, 0x3b, 0x6d, 0x6f, 0x64, 0x65, 0x6c, 0x5f, 0x39, 0x32, 0x2f, 0x74,
  0x66, 0x2e, 0x73, 0x70, 0x6c, 0x69, 0x74, 0x5f, 0x35, 0x31, 0x37, 0x2f,
  0x73, 0x70, 0x6c, 0x69, 0x74, 0x33, 0x00, 0x00, 0x02, 0x00, 0x00, 0x00,
  0x01, 0x00, 0x00, 0x00, 0x10, 0x00, 0x00, 0x00, 0x6a, 0x49, 0xff, 0xff,
  0x00, 0x00, 0x00, 0x01, 0x14, 0x00, 0x00, 0x00, 0x34, 0x00, 0x00, 0x00,
  0xb8, 0x00, 0x00, 0x00, 0x00, 0x00, 0x00, 0x09, 0x4c, 0x00, 0x00, 0x00,
  0x54, 0x49, 0xff, 0xff, 0x08, 0x00, 0x00, 0x00, 0x14, 0x00, 0x00, 0x00,
  0x01, 0x00, 0x00, 0x00, 0xf8, 0xff, 0xff, 0xff, 0xff, 0xff, 0xff, 0xff,
  0x00, 0x00, 0x00, 0x00, 0x01, 0x00, 0x00, 0x00, 0xce, 0x05, 0x3f, 0x3f,
  0x1d, 0x00, 0x00, 0x00, 0x6d, 0x6f, 0x64, 0x65, 0x6c, 0x5f, 0x39, 0x32,
  0x2f, 0x74, 0x66, 0x2e, 0x6d, 0x61, 0x74, 0x68, 0x2e, 0x61, 0x64, 0x64,
  0x5f, 0x31, 0x30, 0x33, 0x34, 0x2f, 0x41, 0x64, 0x64, 0x00, 0x00, 0x00,
  0x02, 0x00, 0x00, 0x00, 0x01, 0x00, 0x00, 0x00, 0x40, 0x00, 0x00, 0x00,
  0xda, 0x49, 0xff, 0xff, 0x00, 0x00, 0x00, 0x01, 0x14, 0x00, 0x00, 0x00,
  0x34, 0x00, 0x00, 0x00, 0xb7, 0x00, 0x00, 0x00, 0x00, 0x00, 0x00, 0x09,
  0x7c, 0x00, 0x00, 0x00, 0xc4, 0x49, 0xff, 0xff, 0x08, 0x00, 0x00, 0x00,
  0x14, 0x00, 0x00, 0x00, 0x01, 0x00, 0x00, 0x00, 0xf8, 0xff, 0xff, 0xff,
  0xff, 0xff, 0xff, 0xff, 0x00, 0x00, 0x00, 0x00, 0x01, 0x00, 0x00, 0x00,
  0xce, 0x05, 0x3f, 0x3f, 0x4e, 0x00, 0x00, 0x00, 0x6d, 0x6f, 0x64, 0x65,
  0x6c, 0x5f, 0x39, 0x32, 0x2f, 0x74, 0x66, 0x2e, 0x6c, 0x69, 0x6e, 0x61,
  0x6c, 0x67, 0x2e, 0x6d, 0x61, 0x74, 0x6d, 0x75, 0x6c, 0x5f, 0x31, 0x30,
  0x31, 0x30, 0x2f, 0x4d, 0x61, 0x74, 0x4d, 0x75, 0x6c, 0x3b, 0x6d, 0x6f,
  0x64, 0x65, 0x6c, 0x5f, 0x39, 0x32, 0x2f, 0x74, 0x66, 0x2e, 0x5f, 0x5f,
  0x6f, 0x70, 0x65, 0x72, 0x61, 0x74, 0x6f, 0x72, 0x73, 0x5f, 0x5f, 0x2e,
  0x61, 0x64, 0x64, 0x5f, 0x31, 0x35, 0x38, 0x36, 0x2f, 0x41, 0x64, 0x64,
  0x56, 0x32, 0x00, 0x00, 0x02, 0x00, 0x00, 0x00, 0x01, 0x00, 0x00, 0x00,
  0x40, 0x00, 0x00, 0x00, 0x7a, 0x4a, 0xff, 0xff, 0x00, 0x00, 0x00, 0x01,
  0x14, 0x00, 0x00, 0x00, 0x30, 0x00, 0x00, 0x00, 0xb6, 0x00, 0x00, 0x00,
  0x00, 0x00, 0x00, 0x09, 0x4c, 0x00, 0x00, 0x00, 0x64, 0x4a, 0xff, 0xff,
  0x08, 0x00, 0x00, 0x00, 0x10, 0x00, 0x00, 0x00, 0x01, 0x00, 0x00, 0x00,
  0xff, 0xff, 0xff, 0xff, 0xff, 0xff, 0xff, 0xff, 0x01, 0x00, 0x00, 0x00,
  0x81, 0x80, 0x00, 0x3c, 0x23, 0x00, 0x00, 0x00, 0x6d, 0x6f, 0x64, 0x65,
  0x6c, 0x5f, 0x39, 0x32, 0x2f, 0x74, 0x66, 0x2e, 0x6d, 0x61, 0x74, 0x68,
  0x2e, 0x6d, 0x75, 0x6c, 0x74, 0x69, 0x70, 0x6c, 0x79, 0x5f, 0x31, 0x30,
  0x38, 0x34, 0x38, 0x2f, 0x4d, 0x75, 0x6c, 0x00, 0x02, 0x00, 0x00, 0x00,
  0x01, 0x00, 0x00, 0x00, 0x10, 0x00, 0x00, 0x00, 0xea, 0x4a, 0xff, 0xff,
  0x00, 0x00, 0x00, 0x01, 0x14, 0x00, 0x00, 0x00, 0x34, 0x00, 0x00, 0x00,
  0xb5, 0x00, 0x00, 0x00, 0x00, 0x00, 0x00, 0x09, 0x4c, 0x00, 0x00, 0x00,
  0xd4, 0x4a, 0xff, 0xff, 0x08, 0x00, 0x00, 0x00, 0x14, 0x00, 0x00, 0x00,
  0x01, 0x00, 0x00, 0x00, 0x00, 0x00, 0x00, 0x00, 0x00, 0x00, 0x00, 0x00,
  0x00, 0x00, 0x00, 0x00, 0x01, 0x00, 0x00, 0x00, 0x00, 0x00, 0x00, 0x3c,
  0x1f, 0x00, 0x00, 0x00, 0x6d, 0x6f, 0x64, 0x65, 0x6c, 0x5f, 0x39, 0x32,
  0x2f, 0x74, 0x66, 0x2e, 0x6d, 0x61, 0x74, 0x68, 0x2e, 0x74, 0x61, 0x6e,
  0x68, 0x5f, 0x31, 0x30, 0x33, 0x33, 0x2f, 0x54, 0x61, 0x6e, 0x68, 0x00,
  0x02, 0x00, 0x00, 0x00, 0x01, 0x00, 0x00, 0x00, 0x10, 0x00, 0x00, 0x00,
  0x5a, 0x4b, 0xff, 0xff, 0x00, 0x00, 0x00, 0x01, 0x14, 0x00, 0x00, 0x00,
  0x34, 0x00, 0x00, 0x00, 0xb4, 0x00, 0x00, 0x00, 0x00, 0x00, 0x00, 0x09,
  0x4c, 0x00, 0x00, 0x00, 0x44, 0x4b, 0xff, 0xff, 0x08, 0x00, 0x00, 0x00,
  0x14, 0x00, 0x00, 0x00, 0x01, 0x00, 0x00, 0x00, 0xff, 0xff, 0xff, 0xff,
  0xff, 0xff, 0xff, 0xff, 0x00, 0x00, 0x00, 0x00, 0x01, 0x00, 0x00, 0x00,
  0xe1, 0xe0, 0x60, 0x3d, 0x1d, 0x00, 0x00, 0x00, 0x6d, 0x6f, 0x64, 0x65,
  0x6c, 0x5f, 0x39, 0x32, 0x2f, 0x74, 0x66, 0x2e, 0x6d, 0x61, 0x74, 0x68,
  0x2e, 0x61, 0x64, 0x64, 0x5f, 0x31, 0x30, 0x33, 0x33, 0x2f, 0x41, 0x64,
  0x64, 0x00, 0x00, 0x00, 0x02, 0x00, 0x00, 0x00, 0x01, 0x00, 0x00, 0x00,
  0x10, 0x00, 0x00, 0x00, 0xca, 0x4b, 0xff, 0xff, 0x00, 0x00, 0x00, 0x01,
  0x14, 0x00, 0x00, 0x00, 0x30, 0x00, 0x00, 0x00, 0xb3, 0x00, 0x00, 0x00,
  0x00, 0x00, 0x00, 0x09, 0x4c, 0x00, 0x00, 0x00, 0xb4, 0x4b, 0xff, 0xff,
  0x08, 0x00, 0x00, 0x00, 0x10, 0x00, 0x00, 0x00, 0x01, 0x00, 0x00, 0x00,
  0xff, 0xff, 0xff, 0xff, 0xff, 0xff, 0xff, 0xff, 0x01, 0x00, 0x00, 0x00,
  0x81, 0x80, 0x00, 0x3c, 0x23, 0x00, 0x00, 0x00, 0x6d, 0x6f, 0x64, 0x65,
  0x6c, 0x5f, 0x39, 0x32, 0x2f, 0x74, 0x66, 0x2e, 0x6d, 0x61, 0x74, 0x68,
  0x2e, 0x6d, 0x75, 0x6c, 0x74, 0x69, 0x70, 0x6c, 0x79, 0x5f, 0x31, 0x30,
  0x38, 0x34, 0x31, 0x2f, 0x4d, 0x75, 0x6c, 0x00, 0x02, 0x00, 0x00, 0x00,
  0x01, 0x00, 0x00, 0x00, 0x10, 0x00, 0x00, 0x00, 0x3a, 0x4c, 0xff, 0xff,
  0x00, 0x00, 0x00, 0x01, 0x14, 0x00, 0x00, 0x00, 0x34, 0x00, 0x00, 0x00,
  0xb2, 0x00, 0x00, 0x00, 0x00, 0x00, 0x00, 0x09, 0x4c, 0x00, 0x00, 0x00,
  0x24, 0x4c, 0xff, 0xff, 0x08, 0x00, 0x00, 0x00, 0x14, 0x00, 0x00, 0x00,
  0x01, 0x00, 0x00, 0x00, 0x00, 0x00, 0x00, 0x00, 0x00, 0x00, 0x00, 0x00,
  0x00, 0x00, 0x00, 0x00, 0x01, 0x00, 0x00, 0x00, 0x00, 0x00, 0x00, 0x3c,
  0x1f, 0x00, 0x00, 0x00, 0x6d, 0x6f, 0x64, 0x65, 0x6c, 0x5f, 0x39, 0x32,
  0x2f, 0x74, 0x66, 0x2e, 0x6d, 0x61, 0x74, 0x68, 0x2e, 0x74, 0x61, 0x6e,
  0x68, 0x5f, 0x31, 0x30, 0x33, 0x32, 0x2f, 0x54, 0x61, 0x6e, 0x68, 0x00,
  0x02, 0x00, 0x00, 0x00, 0x01, 0x00, 0x00, 0x00, 0x10, 0x00, 0x00, 0x00,
  0xaa, 0x4c, 0xff, 0xff, 0x00, 0x00, 0x00, 0x01, 0x14, 0x00, 0x00, 0x00,
  0x34, 0x00, 0x00, 0x00, 0xb1, 0x00, 0x00, 0x00, 0x00, 0x00, 0x00, 0x09,
  0x54, 0x00, 0x00, 0x00, 0x94, 0x4c, 0xff, 0xff, 0x08, 0x00, 0x00, 0x00,
  0x14, 0x00, 0x00, 0x00, 0x01, 0x00, 0x00, 0x00, 0x80, 0xff, 0xff, 0xff,
  0xff, 0xff, 0xff, 0xff, 0x00, 0x00, 0x00, 0x00, 0x01, 0x00, 0x00, 0x00,
  0x00, 0x00, 0x80, 0x3b, 0x25, 0x00, 0x00, 0x00, 0x6d, 0x6f, 0x64, 0x65,
  0x6c, 0x5f, 0x39, 0x32, 0x2f, 0x74, 0x66, 0x2e, 0x6d, 0x61, 0x74, 0x68,
  0x2e, 0x73, 0x69, 0x67, 0x6d, 0x6f, 0x69, 0x64, 0x5f, 0x31, 0x35, 0x35,
  0x30, 0x2f, 0x53, 0x69, 0x67, 0x6d, 0x6f, 0x69, 0x64, 0x00, 0x00, 0x00,
  0x02, 0x00, 0x00, 0x00, 0x01, 0x00, 0x00, 0x00, 0x10, 0x00, 0x00, 0x00,
  0x22, 0x4d, 0xff, 0xff, 0x00, 0x00, 0x00, 0x01, 0x14, 0x00, 0x00, 0x00,
  0x30, 0x00, 0x00, 0x00, 0xb0, 0x00, 0x00, 0x00, 0x00, 0x00, 0x00, 0x09,
  0x4c, 0x00, 0x00, 0x00, 0x0c, 0x4d, 0xff, 0xff, 0x08, 0x00, 0x00, 0x00,
  0x10, 0x00, 0x00, 0x00, 0x01, 0x00, 0x00, 0x00, 0xff, 0xff, 0xff, 0xff,
  0xff, 0xff, 0xff, 0xff, 0x01, 0x00, 0x00, 0x00, 0xe1, 0xe0, 0x60, 0x3d,
  0x23, 0x00, 0x00, 0x00, 0x6d, 0x6f, 0x64, 0x65, 0x6c, 0x5f, 0x39, 0x32,
  0x2f, 0x74, 0x66, 0x2e, 0x6d, 0x61, 0x74, 0x68, 0x2e, 0x6d, 0x75, 0x6c,
  0x74, 0x69, 0x70, 0x6c, 0x79, 0x5f, 0x31, 0x30, 0x38, 0x33, 0x37, 0x2f,
  0x4d, 0x75, 0x6c, 0x00, 0x02, 0x00, 0x00, 0x00, 0x01, 0x00, 0x00, 0x00,
  0x10, 0x00, 0x00, 0x00, 0x92, 0x4d, 0xff, 0xff, 0x00, 0x00, 0x00, 0x01,
  0x14, 0x00, 0x00, 0x00, 0x34, 0x00, 0x00, 0x00, 0xaf, 0x00, 0x00, 0x00,
  0x00, 0x00, 0x00, 0x09, 0x54, 0x00, 0x00, 0x00, 0x7c, 0x4d, 0xff, 0xff,
  0x08, 0x00, 0x00, 0x00, 0x14, 0x00, 0x00, 0x00, 0x01, 0x00, 0x00, 0x00,
  0x80, 0xff, 0xff, 0xff, 0xff, 0xff, 0xff, 0xff, 0x00, 0x00, 0x00, 0x00,
  0x01, 0x00, 0x00, 0x00, 0x00, 0x00, 0x80, 0x3b, 0x25, 0x00, 0x00, 0x00,
  0x6d, 0x6f, 0x64, 0x65, 0x6c, 0x5f, 0x39, 0x32, 0x2f, 0x74, 0x66, 0x2e,
  0x6d, 0x61, 0x74, 0x68, 0x2e, 0x73, 0x69, 0x67, 0x6d, 0x6f, 0x69, 0x64,
  0x5f, 0x31, 0x35, 0x34, 0x39, 0x2f, 0x53, 0x69, 0x67, 0x6d, 0x6f, 0x69,
  0x64, 0x00, 0x00, 0x00, 0x02, 0x00, 0x00, 0x00, 0x01, 0x00, 0x00, 0x00,
  0x10, 0x00, 0x00, 0x00, 0x0a, 0x4e, 0xff, 0xff, 0x00, 0x00, 0x00, 0x01,
  0x14, 0x00, 0x00, 0x00, 0x34, 0x00, 0x00, 0x00, 0xae, 0x00, 0x00, 0x00,
  0x00, 0x00, 0x00, 0x09, 0x54, 0x00, 0x00, 0x00, 0xf4, 0x4d, 0xff, 0xff,
  0x08, 0x00, 0x00, 0x00, 0x14, 0x00, 0x00, 0x00, 0x01, 0x00, 0x00, 0x00,
  0x80, 0xff, 0xff, 0xff, 0xff, 0xff, 0xff, 0xff, 0x00, 0x00, 0x00, 0x00,
  0x01, 0x00, 0x00, 0x00, 0x00, 0x00, 0x80, 0x3b, 0x25, 0x00, 0x00, 0x00,
  0x6d, 0x6f, 0x64, 0x65, 0x6c, 0x5f, 0x39, 0x32, 0x2f, 0x74, 0x66, 0x2e,
  0x6d, 0x61, 0x74, 0x68, 0x2e, 0x73, 0x69, 0x67, 0x6d, 0x6f, 0x69, 0x64,
  0x5f, 0x31, 0x35, 0x34, 0x38, 0x2f, 0x53, 0x69, 0x67, 0x6d, 0x6f, 0x69,
  0x64, 0x00, 0x00, 0x00, 0x02, 0x00, 0x00, 0x00, 0x01, 0x00, 0x00, 0x00,
  0x10, 0x00, 0x00, 0x00, 0x82, 0x4e, 0xff, 0xff, 0x00, 0x00, 0x00, 0x01,
  0x14, 0x00, 0x00, 0x00, 0x30, 0x00, 0x00, 0x00, 0xad, 0x00, 0x00, 0x00,
  0x00, 0x00, 0x00, 0x09, 0x9c, 0x00, 0x00, 0x00, 0x6c, 0x4e, 0xff, 0xff,
  0x08, 0x00, 0x00, 0x00, 0x10, 0x00, 0x00, 0x00, 0x01, 0x00, 0x00, 0x00,
  0xf8, 0xff, 0xff, 0xff, 0xff, 0xff, 0xff, 0xff, 0x01, 0x00, 0x00, 0x00,
  0xcd, 0x05, 0x3f, 0x3f, 0x73, 0x00, 0x00, 0x00, 0x6d, 0x6f, 0x64, 0x65,
  0x6c, 0x5f, 0x39, 0x32, 0x2f, 0x74, 0x66, 0x2e, 0x73, 0x70, 0x6c, 0x69,
  0x74, 0x5f, 0x35, 0x31, 0x36, 0x2f, 0x73, 0x70, 0x6c, 0x69, 0x74, 0x3b,
  0x6d, 0x6f, 0x64, 0x65, 0x6c, 0x5f, 0x39, 0x32, 0x2f, 0x74, 0x66, 0x2e,
  0x73, 0x70, 0x6c, 0x69, 0x74, 0x5f, 0x35, 0x31, 0x36, 0x2f, 0x73, 0x70,
  0x6c, 0x69, 0x74, 0x31, 0x3b, 0x6d, 0x6f, 0x64, 0x65, 0x6c, 0x5f, 0x39,
  0x32, 0x2f, 0x74, 0x66, 0x2e, 0x73, 0x70, 0x6c, 0x69, 0x74, 0x5f, 0x35,
  0x31, 0x36, 0x2f, 0x73, 0x70, 0x6c, 0x69, 0x74, 0x32, 0x3b, 0x6d, 0x6f,
  0x64, 0x65, 0x6c, 0x5f, 0x39, 0x32, 0x2f, 0x74, 0x66, 0x2e, 0x73, 0x70,
  0x6c, 0x69, 0x74, 0x5f, 0x35, 0x31, 0x36, 0x2f, 0x73, 0x70, 0x6c, 0x69,
  0x74, 0x33, 0x33, 0x00, 0x02, 0x00, 0x00, 0x00, 0x01, 0x00, 0x00, 0x00,
  0x10, 0x00, 0x00, 0x00, 0x42, 0x4f, 0xff, 0xff, 0x00, 0x00, 0x00, 0x01,
  0x14, 0x00, 0x00, 0x00, 0x30, 0x00, 0x00, 0x00, 0xac, 0x00, 0x00, 0x00,
  0x00, 0x00, 0x00, 0x09, 0x9c, 0x00, 0x00, 0x00, 0x2c, 0x4f, 0xff, 0xff,
  0x08, 0x00, 0x00, 0x00, 0x10, 0x00, 0x00, 0x00, 0x01, 0x00, 0x00, 0x00,
  0xf8, 0xff, 0xff, 0xff, 0xff, 0xff, 0xff, 0xff, 0x01, 0x00, 0x00, 0x00,
  0xcd, 0x05, 0x3f, 0x3f, 0x73, 0x00, 0x00, 0x00, 0x6d, 0x6f, 0x64, 0x65,
  0x6c, 0x5f, 0x39, 0x32, 0x2f, 0x74, 0x66, 0x2e, 0x73, 0x70, 0x6c, 0x69,
  0x74, 0x5f, 0x35, 0x31, 0x36, 0x2f, 0x73, 0x70, 0x6c, 0x69, 0x74, 0x3b,
  0x6d, 0x6f, 0x64, 0x65, 0x6c, 0x5f, 0x39, 0x32, 0x2f, 0x74, 0x66, 0x2e,
  0x73, 0x70, 0x6c, 0x69, 0x74, 0x5f, 0x35, 0x31, 0x36, 0x2f, 0x73, 0x70,
  0x6c, 0x69, 0x74, 0x31, 0x3b, 0x6d, 0x6f, 0x64, 0x65, 0x6c, 0x5f, 0x39,
  0x32, 0x2f, 0x74, 0x66, 0x2e, 0x73, 0x70, 0x6c, 0x69, 0x74, 0x5f, 0x35,
  0x31, 0x36, 0x2f, 0x73, 0x70, 0x6c, 0x69, 0x74, 0x32, 0x3b, 0x6d, 0x6f,
  0x64, 0x65, 0x6c, 0x5f, 0x39, 0x32, 0x2f, 0x74, 0x66, 0x2e, 0x73, 0x70,
  0x6c, 0x69, 0x74, 0x5f, 0x35, 0x31, 0x36, 0x2f, 0x73, 0x70, 0x6c, 0x69,
  0x74, 0x33, 0x32, 0x00, 0x02, 0x00, 0x00, 0x00, 0x01, 0x00, 0x00, 0x00,
  0x10, 0x00, 0x00, 0x00, 0x02, 0x50, 0xff, 0xff, 0x00, 0x00, 0x00, 0x01,
  0x14, 0x00, 0x00, 0x00, 0x30, 0x00, 0x00, 0x00, 0xab, 0x00, 0x00, 0x00,
  0x00, 0x00, 0x00, 0x09, 0x9c, 0x00, 0x00, 0x00, 0xec, 0x4f, 0xff, 0xff,
  0x08, 0x00, 0x00, 0x00, 0x10, 0x00, 0x00, 0x00, 0x01, 0x00, 0x00, 0x00,
  0xf8, 0xff, 0xff, 0xff, 0xff, 0xff, 0xff, 0xff, 0x01, 0x00, 0x00, 0x00,
  0xcd, 0x05, 0x3f, 0x3f, 0x73, 0x00, 0x00, 0x00, 0x6d, 0x6f, 0x64, 0x65,
  0x6c, 0x5f, 0x39, 0x32, 0x2f, 0x74, 0x66, 0x2e, 0x73, 0x70, 0x6c, 0x69,
  0x74, 0x5f, 0x35, 0x31, 0x36, 0x2f, 0x73, 0x70, 0x6c, 0x69, 0x74, 0x3b,
  0x6d, 0x6f, 0x64, 0x65, 0x6c, 0x5f, 0x39, 0x32, 0x2f, 0x74, 0x66, 0x2e,
  0x73, 0x70, 0x6c, 0x69, 0x74, 0x5f, 0x35, 0x31, 0x36, 0x2f, 0x73, 0x70,
  0x6c, 0x69, 0x74, 0x31, 0x3b, 0x6d, 0x6f, 0x64, 0x65, 0x6c, 0x5f, 0x39,
  0x32, 0x2f, 0x74, 0x66, 0x2e, 0x73, 0x70, 0x6c, 0x69, 0x74, 0x5f, 0x35,
  0x31, 0x36, 0x2f, 0x73, 0x70, 0x6c, 0x69, 0x74, 0x32, 0x3b, 0x6d, 0x6f,
  0x64, 0x65, 0x6c, 0x5f, 0x39, 0x32, 0x2f, 0x74, 0x66, 0x2e, 0x73, 0x70,
  0x6c, 0x69, 0x74, 0x5f, 0x35, 0x31, 0x36, 0x2f, 0x73, 0x70, 0x6c, 0x69,
  0x74, 0x33, 0x31, 0x00, 0x02, 0x00, 0x00, 0x00, 0x01, 0x00, 0x00, 0x00,
  0x10, 0x00, 0x00, 0x00, 0xc2, 0x50, 0xff, 0xff, 0x00, 0x00, 0x00, 0x01,
  0x14, 0x00, 0x00, 0x00, 0x30, 0x00, 0x00, 0x00, 0xaa, 0x00, 0x00, 0x00,
  0x00, 0x00, 0x00, 0x09, 0x9c, 0x00, 0x00, 0x00, 0xac, 0x50, 0xff, 0xff,
  0x08, 0x00, 0x00, 0x00, 0x10, 0x00, 0x00, 0x00, 0x01, 0x00, 0x00, 0x00,
  0xf8, 0xff, 0xff, 0xff, 0xff, 0xff, 0xff, 0xff, 0x01, 0x00, 0x00, 0x00,
  0xcd, 0x05, 0x3f, 0x3f, 0x72, 0x00, 0x00, 0x00, 0x6d, 0x6f, 0x64, 0x65,
  0x6c, 0x5f, 0x39, 0x32, 0x2f, 0x74, 0x66, 0x2e, 0x73, 0x70, 0x6c, 0x69,
  0x74, 0x5f, 0x35, 0x31, 0x36, 0x2f, 0x73, 0x70, 0x6c, 0x69, 0x74, 0x3b,
  0x6d, 0x6f, 0x64, 0x65, 0x6c, 0x5f, 0x39, 0x32, 0x2f, 0x74, 0x66, 0x2e,
  0x73, 0x70, 0x6c, 0x69, 0x74, 0x5f, 0x35, 0x31, 0x36, 0x2f, 0x73, 0x70,
  0x6c, 0x69, 0x74, 0x31, 0x3b, 0x6d, 0x6f, 0x64, 0x65, 0x6c, 0x5f, 0x39,
  0x32, 0x2f, 0x74, 0x66, 0x2e, 0x73, 0x70, 0x6c, 0x69, 0x74, 0x5f, 0x35,
  0x31, 0x36, 0x2f, 0x73, 0x70, 0x6c, 0x69, 0x74, 0x32, 0x3b, 0x6d, 0x6f,
  0x64, 0x65, 0x6c, 0x5f, 0x39, 0x32, 0x2f, 0x74, 0x66, 0x2e, 0x73, 0x70,
  0x6c, 0x69, 0x74, 0x5f, 0x35, 0x31, 0x36, 0x2f, 0x73, 0x70, 0x6c, 0x69,
  0x74, 0x33, 0x00, 0x00, 0x02, 0x00, 0x00, 0x00, 0x01, 0x00, 0x00, 0x00,
  0x10, 0x00, 0x00, 0x00, 0x82, 0x51, 0xff, 0xff, 0x00, 0x00, 0x00, 0x01,
  0x14, 0x00, 0x00, 0x00, 0x34, 0x00, 0x00, 0x00, 0xa9, 0x00, 0x00, 0x00,
  0x00, 0x00, 0x00, 0x09, 0x4c, 0x00, 0x00, 0x00, 0x6c, 0x51, 0xff, 0xff,
  0x08, 0x00, 0x00, 0x00, 0x14, 0x00, 0x00, 0x00, 0x01, 0x00, 0x00, 0x00,
  0xf8, 0xff, 0xff, 0xff, 0xff, 0xff, 0xff, 0xff, 0x00, 0x00, 0x00, 0x00,
  0x01, 0x00, 0x00, 0x00, 0xcd, 0x05, 0x3f, 0x3f, 0x1d, 0x00, 0x00, 0x00,
  0x6d, 0x6f, 0x64, 0x65, 0x6c, 0x5f, 0x39, 0x32, 0x2f, 0x74, 0x66, 0x2e,
  0x6d, 0x61, 0x74, 0x68, 0x2e, 0x61, 0x64, 0x64, 0x5f, 0x31, 0x30, 0x33,
  0x32, 0x2f, 0x41, 0x64, 0x64, 0x00, 0x00, 0x00, 0x02, 0x00, 0x00, 0x00,
  0x01, 0x00, 0x00, 0x00, 0x40, 0x00, 0x00, 0x00, 0xf2, 0x51, 0xff, 0xff,
  0x00, 0x00, 0x00, 0x01, 0x14, 0x00, 0x00, 0x00, 0x34, 0x00, 0x00, 0x00,
  0xa8, 0x00, 0x00, 0x00, 0x00, 0x00, 0x00, 0x09, 0x7c, 0x00, 0x00, 0x00,
  0xdc, 0x51, 0xff, 0xff, 0x08, 0x00, 0x00, 0x00, 0x14, 0x00, 0x00, 0x00,
  0x01, 0x00, 0x00, 0x00, 0xf8, 0xff, 0xff, 0xff, 0xff, 0xff, 0xff, 0xff,
  0x00, 0x00, 0x00, 0x00, 0x01, 0x00, 0x00, 0x00, 0xcd, 0x05, 0x3f, 0x3f,
  0x4e, 0x00, 0x00, 0x00, 0x6d, 0x6f, 0x64, 0x65, 0x6c, 0x5f, 0x39, 0x32,
  0x2f, 0x74, 0x66, 0x2e, 0x6c, 0x69, 0x6e, 0x61, 0x6c, 0x67, 0x2e, 0x6d,
  0x61, 0x74, 0x6d, 0x75, 0x6c, 0x5f, 0x31, 0x30, 0x30, 0x39, 0x2f, 0x4d,
  0x61, 0x74, 0x4d, 0x75, 0x6c, 0x3b, 0x6d, 0x6f, 0x64, 0x65, 0x6c, 0x5f,
  0x39, 0x32, 0x2f, 0x74, 0x66, 0x2e, 0x5f, 0x5f, 0x6f, 0x70, 0x65, 0x72,
  0x61, 0x74, 0x6f, 0x72, 0x73, 0x5f, 0x5f, 0x2e, 0x61, 0x64, 0x64, 0x5f,
  0x31, 0x35, 0x38, 0x35, 0x2f, 0x41, 0x64, 0x64, 0x56, 0x32, 0x00, 0x00,
  0x02, 0x00, 0x00, 0x00, 0x01, 0x00, 0x00, 0x00, 0x40, 0x00, 0x00, 0x00,
  0x92, 0x52, 0xff, 0xff, 0x00, 0x00, 0x00, 0x01, 0x14, 0x00, 0x00, 0x00,
  0x30, 0x00, 0x00, 0x00, 0xa7, 0x00, 0x00, 0x00, 0x00, 0x00, 0x00, 0x09,
  0x4c, 0x00, 0x00, 0x00, 0x7c, 0x52, 0xff, 0xff, 0x08, 0x00, 0x00, 0x00,
  0x10, 0x00, 0x00, 0x00, 0x01, 0x00, 0x00, 0x00, 0xff, 0xff, 0xff, 0xff,
  0xff, 0xff, 0xff, 0xff, 0x01, 0x00, 0x00, 0x00, 0x81, 0x80, 0x00, 0x3c,
  0x23, 0x00, 0x00, 0x00, 0x6d, 0x6f, 0x64, 0x65, 0x6c, 0x5f, 0x39, 0x32,
  0x2f, 0x74, 0x66, 0x2e, 0x6d, 0x61, 0x74, 0x68, 0x2e, 0x6d, 0x75, 0x6c,
  0x74, 0x69, 0x70, 0x6c, 0x79, 0x5f, 0x31, 0x30, 0x38, 0x32, 0x39, 0x2f,
  0x4d, 0x75, 0x6c, 0x00, 0x02, 0x00, 0x00, 0x00, 0x01, 0x00, 0x00, 0x00,
  0x10, 0x00, 0x00, 0x00, 0x02, 0x53, 0xff, 0xff, 0x00, 0x00, 0x00, 0x01,
  0x14, 0x00, 0x00, 0x00, 0x34, 0x00, 0x00, 0x00, 0xa6, 0x00, 0x00, 0x00,
  0x00, 0x00, 0x00, 0x09, 0x4c, 0x00, 0x00, 0x00, 0xec, 0x52, 0xff, 0xff,
  0x08, 0x00, 0x00, 0x00, 0x14, 0x00, 0x00, 0x00, 0x01, 0x00, 0x00, 0x00,
  0x00, 0x00, 0x00, 0x00, 0x00, 0x00, 0x00, 0x00, 0x00, 0x00, 0x00, 0x00,
  0x01, 0x00, 0x00, 0x00, 0x00, 0x00, 0x00, 0x3c, 0x1f, 0x00, 0x00, 0x00,
  0x6d, 0x6f, 0x64, 0x65, 0x6c, 0x5f, 0x39, 0x32, 0x2f, 0x74, 0x66, 0x2e,
  0x6d, 0x61, 0x74, 0x68, 0x2e, 0x74, 0x61, 0x6e, 0x68, 0x5f, 0x31, 0x30,
  0x33, 0x31, 0x2f, 0x54, 0x61, 0x6e, 0x68, 0x00, 0x02, 0x00, 0x00, 0x00,
  0x01, 0x00, 0x00, 0x00, 0x10, 0x00, 0x00, 0x00, 0x72, 0x53, 0xff, 0xff,
  0x00, 0x00, 0x00, 0x01, 0x14, 0x00, 0x00, 0x00, 0x34, 0x00, 0x00, 0x00,
  0xa5, 0x00, 0x00, 0x00, 0x00, 0x00, 0x00, 0x09, 0x4c, 0x00, 0x00, 0x00,
  0x5c, 0x53, 0xff, 0xff, 0x08, 0x00, 0x00, 0x00, 0x14, 0x00, 0x00, 0x00,
  0x01, 0x00, 0x00, 0x00, 0xff, 0xff, 0xff, 0xff, 0xff, 0xff, 0xff, 0xff,
  0x00, 0x00, 0x00, 0x00, 0x01, 0x00, 0x00, 0x00, 0xc1, 0xc0, 0x40, 0x3d,
  0x1d, 0x00, 0x00, 0x00, 0x6d, 0x6f, 0x64, 0x65, 0x6c, 0x5f, 0x39, 0x32,
  0x2f, 0x74, 0x66, 0x2e, 0x6d, 0x61, 0x74, 0x68, 0x2e, 0x61, 0x64, 0x64,
  0x5f, 0x31, 0x30, 0x33, 0x31, 0x2f, 0x41, 0x64, 0x64, 0x00, 0x00, 0x00,
  0x02, 0x00, 0x00, 0x00, 0x01, 0x00, 0x00, 0x00, 0x10, 0x00, 0x00, 0x00,
  0xe2, 0x53, 0xff, 0xff, 0x00, 0x00, 0x00, 0x01, 0x14, 0x00, 0x00, 0x00,
  0x30, 0x00, 0x00, 0x00, 0xa4, 0x00, 0x00, 0x00, 0x00, 0x00, 0x00, 0x09,
  0x4c, 0x00, 0x00, 0x00, 0xcc, 0x53, 0xff, 0xff, 0x08, 0x00, 0x00, 0x00,
  0x10, 0x00, 0x00, 0x00, 0x01, 0x00, 0x00, 0x00, 0xff, 0xff, 0xff, 0xff,
  0xff, 0xff, 0xff, 0xff, 0x01, 0x00, 0x00, 0x00, 0x81, 0x80, 0x00, 0x3c,
  0x23, 0x00, 0x00, 0x00, 0x6d, 0x6f, 0x64, 0x65, 0x6c, 0x5f, 0x39, 0x32,
  0x2f, 0x74, 0x66, 0x2e, 0x6d, 0x61, 0x74, 0x68, 0x2e, 0x6d, 0x75, 0x6c,
  0x74, 0x69, 0x70, 0x6c, 0x79, 0x5f, 0x31, 0x30, 0x38, 0x32, 0x32, 0x2f,
  0x4d, 0x75, 0x6c, 0x00, 0x02, 0x00, 0x00, 0x00, 0x01, 0x00, 0x00, 0x00,
  0x10, 0x00, 0x00, 0x00, 0x52, 0x54, 0xff, 0xff, 0x00, 0x00, 0x00, 0x01,
  0x14, 0x00, 0x00, 0x00, 0x34, 0x00, 0x00, 0x00, 0xa3, 0x00, 0x00, 0x00,
  0x00, 0x00, 0x00, 0x09, 0x4c, 0x00, 0x00, 0x00, 0x3c, 0x54, 0xff, 0xff,
  0x08, 0x00, 0x00, 0x00, 0x14, 0x00, 0x00, 0x00, 0x01, 0x00, 0x00, 0x00,
  0x00, 0x00, 0x00, 0x00, 0x00, 0x00, 0x00, 0x00, 0x00, 0x00, 0x00, 0x00,
  0x01, 0x00, 0x00, 0x00, 0x00, 0x00, 0x00, 0x3c, 0x1f, 0x00, 0x00, 0x00,
  0x6d, 0x6f, 0x64, 0x65, 0x6c, 0x5f, 0x39, 0x32, 0x2f, 0x74, 0x66, 0x2e,
  0x6d, 0x61, 0x74, 0x68, 0x2e, 0x74, 0x61, 0x6e, 0x68, 0x5f, 0x31, 0x30,
  0x33, 0x30, 0x2f, 0x54, 0x61, 0x6e, 0x68, 0x00, 0x02, 0x00, 0x00, 0x00,
  0x01, 0x00, 0x00, 0x00, 0x10, 0x00, 0x00, 0x00, 0xc2, 0x54, 0xff, 0xff,
  0x00, 0x00, 0x00, 0x01, 0x14, 0x00, 0x00, 0x00, 0x34, 0x00, 0x00, 0x00,
  0xa2, 0x00, 0x00, 0x00, 0x00, 0x00, 0x00, 0x09, 0x54, 0x00, 0x00, 0x00,
  0xac, 0x54, 0xff, 0xff, 0x08, 0x00, 0x00, 0x00, 0x14, 0x00, 0x00, 0x00,
  0x01, 0x00, 0x00, 0x00, 0x80, 0xff, 0xff, 0xff, 0xff, 0xff, 0xff, 0xff,
  0x00, 0x00, 0x00, 0x00, 0x01, 0x00, 0x00, 0x00, 0x00, 0x00, 0x80, 0x3b,
  0x25, 0x00, 0x00, 0x00, 0x6d, 0x6f, 0x64, 0x65, 0x6c, 0x5f, 0x39, 0x32,
  0x2f, 0x74, 0x66, 0x2e, 0x6d, 0x61, 0x74, 0x68, 0x2e, 0x73, 0x69, 0x67,
  0x6d, 0x6f, 0x69, 0x64, 0x5f, 0x31, 0x35, 0x34, 0x37, 0x2f, 0x53, 0x69,
  0x67, 0x6d, 0x6f, 0x69, 0x64, 0x00, 0x00, 0x00, 0x02, 0x00, 0x00, 0x00,
  0x01, 0x00, 0x00, 0x00, 0x10, 0x00, 0x00, 0x00, 0x3a, 0x55, 0xff, 0xff,
  0x00, 0x00, 0x00, 0x01, 0x14, 0x00, 0x00, 0x00, 0x30, 0x00, 0x00, 0x00,
  0xa1, 0x00, 0x00, 0x00, 0x00, 0x00, 0x00, 0x09, 0x4c, 0x00, 0x00, 0x00,
  0x24, 0x55, 0xff, 0xff, 0x08, 0x00, 0x00, 0x00, 0x10, 0x00, 0x00, 0x00,
  0x01, 0x00, 0x00, 0x00, 0xff, 0xff, 0xff, 0xff, 0xff, 0xff, 0xff, 0xff,
  0x01, 0x00, 0x00, 0x00, 0xc1, 0xc0, 0x40, 0x3d, 0x23, 0x00, 0x00, 0x00,
  0x6d, 0x6f, 0x64, 0x65, 0x6c, 0x5f, 0x39, 0x32, 0x2f, 0x74, 0x66, 0x2e,
  0x6d, 0x61, 0x74, 0x68, 0x2e, 0x6d, 0x75, 0x6c, 0x74, 0x69, 0x70, 0x6c,
  0x79, 0x5f, 0x31, 0x30, 0x38, 0x31, 0x38, 0x2f, 0x4d, 0x75, 0x6c, 0x00,
  0x02, 0x00, 0x00, 0x00, 0x01, 0x00, 0x00, 0x00, 0x10, 0x00, 0x00, 0x00,
  0xaa, 0x55, 0xff, 0xff, 0x00, 0x00, 0x00, 0x01, 0x14, 0x00, 0x00, 0x00,
  0x34, 0x00, 0x00, 0x00, 0xa0, 0x00, 0x00, 0x00, 0x00, 0x00, 0x00, 0x09,
  0x54, 0x00, 0x00, 0x00, 0x94, 0x55, 0xff, 0xff, 0x08, 0x00, 0x00, 0x00,
  0x14, 0x00, 0x00, 0x00, 0x01, 0x00, 0x00, 0x00, 0x80, 0xff, 0xff, 0xff,
  0xff, 0xff, 0xff, 0xff, 0x00, 0x00, 0x00, 0x00, 0x01, 0x00, 0x00, 0x00,
  0x00, 0x00, 0x80, 0x3b, 0x25, 0x00, 0x00, 0x00, 0x6d, 0x6f, 0x64, 0x65,
  0x6c, 0x5f, 0x39, 0x32, 0x2f, 0x74, 0x66, 0x2e, 0x6d, 0x61, 0x74, 0x68,
  0x2e, 0x73, 0x69, 0x67, 0x6d, 0x6f, 0x69, 0x64, 0x5f, 0x31, 0x35, 0x34,
  0x36, 0x2f, 0x53, 0x69, 0x67, 0x6d, 0x6f, 0x69, 0x64, 0x00, 0x00, 0x00,
  0x02, 0x00, 0x00, 0x00, 0x01, 0x00, 0x00, 0x00, 0x10, 0x00, 0x00, 0x00,
  0x22, 0x56, 0xff, 0xff, 0x00, 0x00, 0x00, 0x01, 0x14, 0x00, 0x00, 0x00,
  0x34, 0x00, 0x00, 0x00, 0x9f, 0x00, 0x00, 0x00, 0x00, 0x00, 0x00, 0x09,
  0x54, 0x00, 0x00, 0x00, 0x0c, 0x56, 0xff, 0xff, 0x08, 0x00, 0x00, 0x00,
  0x14, 0x00, 0x00, 0x00, 0x01, 0x00, 0x00, 0x00, 0x80, 0xff, 0xff, 0xff,
  0xff, 0xff, 0xff, 0xff, 0x00, 0x00, 0x00, 0x00, 0x01, 0x00, 0x00, 0x00,
  0x00, 0x00, 0x80, 0x3b, 0x25, 0x00, 0x00, 0x00, 0x6d, 0x6f, 0x64, 0x65,
  0x6c, 0x5f, 0x39, 0x32, 0x2f, 0x74, 0x66, 0x2e, 0x6d, 0x61, 0x74, 0x68,
  0x2e, 0x73, 0x69, 0x67, 0x6d, 0x6f, 0x69, 0x64, 0x5f, 0x31, 0x35, 0x34,
  0x35, 0x2f, 0x53, 0x69, 0x67, 0x6d, 0x6f, 0x69, 0x64, 0x00, 0x00, 0x00,
  0x02, 0x00, 0x00, 0x00, 0x01, 0x00, 0x00, 0x00, 0x10, 0x00, 0x00, 0x00,
  0x9a, 0x56, 0xff, 0xff, 0x00, 0x00, 0x00, 0x01, 0x14, 0x00, 0x00, 0x00,
  0x30, 0x00, 0x00, 0x00, 0x9e, 0x00, 0x00, 0x00, 0x00, 0x00, 0x00, 0x09,
  0x9c, 0x00, 0x00, 0x00, 0x84, 0x56, 0xff, 0xff, 0x08, 0x00, 0x00, 0x00,
  0x10, 0x00, 0x00, 0x00, 0x01, 0x00, 0x00, 0x00, 0xf8, 0xff, 0xff, 0xff,
  0xff, 0xff, 0xff, 0xff, 0x01, 0x00, 0x00, 0x00, 0xf3, 0x05, 0x3f, 0x3f,
  0x73, 0x00, 0x00, 0x00, 0x6d, 0x6f, 0x64, 0x65, 0x6c, 0x5f, 0x39, 0x32,
  0x2f, 0x74, 0x66, 0x2e, 0x73, 0x70, 0x6c, 0x69, 0x74, 0x5f, 0x35, 0x31,
  0x35, 0x2f, 0x73, 0x70, 0x6c, 0x69, 0x74, 0x3b, 0x6d, 0x6f, 0x64, 0x65,
  0x6c, 0x5f, 0x39, 0x32, 0x2f, 0x74, 0x66, 0x2e, 0x73, 0x70, 0x6c, 0x69,
  0x74, 0x5f, 0x35, 0x31, 0x35, 0x2f, 0x73, 0x70, 0x6c, 0x69, 0x74, 0x31,
  0x3b, 0x6d, 0x6f, 0x64, 0x65, 0x6c, 0x5f, 0x39, 0x32, 0x2f, 0x74, 0x66,
  0x2e, 0x73, 0x70, 0x6c, 0x69, 0x74, 0x5f, 0x35, 0x31, 0x35, 0x2f, 0x73,
  0x70, 0x6c, 0x69, 0x74, 0x32, 0x3b, 0x6d, 0x6f, 0x64, 0x65, 0x6c, 0x5f,
  0x39, 0x32, 0x2f, 0x74, 0x66, 0x2e, 0x73, 0x70, 0x6c, 0x69, 0x74, 0x5f,
  0x35, 0x31, 0x35, 0x2f, 0x73, 0x70, 0x6c, 0x69, 0x74, 0x33, 0x33, 0x00,
  0x02, 0x00, 0x00, 0x00, 0x01, 0x00, 0x00, 0x00, 0x10, 0x00, 0x00, 0x00,
  0x5a, 0x57, 0xff, 0xff, 0x00, 0x00, 0x00, 0x01, 0x14, 0x00, 0x00, 0x00,
  0x30, 0x00, 0x00, 0x00, 0x9d, 0x00, 0x00, 0x00, 0x00, 0x00, 0x00, 0x09,
  0x9c, 0x00, 0x00, 0x00, 0x44, 0x57, 0xff, 0xff, 0x08, 0x00, 0x00, 0x00,
  0x10, 0x00, 0x00, 0x00, 0x01, 0x00, 0x00, 0x00, 0xf8, 0xff, 0xff, 0xff,
  0xff, 0xff, 0xff, 0xff, 0x01, 0x00, 0x00, 0x00, 0xf3, 0x05, 0x3f, 0x3f,
  0x73, 0x00, 0x00, 0x00, 0x6d, 0x6f, 0x64, 0x65, 0x6c, 0x5f, 0x39, 0x32,
  0x2f, 0x74, 0x66, 0x2e, 0x73, 0x70, 0x6c, 0x69, 0x74, 0x5f, 0x35, 0x31,
  0x35, 0x2f, 0x73, 0x70, 0x6c, 0x69, 0x74, 0x3b, 0x6d, 0x6f, 0x64, 0x65,
  0x6c, 0x5f, 0x39, 0x32, 0x2f, 0x74, 0x66, 0x2e, 0x73, 0x70, 0x6c, 0x69,
  0x74, 0x5f, 0x35, 0x31, 0x35, 0x2f, 0x73, 0x70, 0x6c, 0x69, 0x74, 0x31,
  0x3b, 0x6d, 0x6f, 0x64, 0x65, 0x6c, 0x5f, 0x39, 0x32, 0x2f, 0x74, 0x66,
  0x2e, 0x73, 0x70, 0x6c, 0x69, 0x74, 0x5f, 0x35, 0x31, 0x35, 0x2f, 0x73,
  0x70, 0x6c, 0x69, 0x74, 0x32, 0x3b, 0x6d, 0x6f, 0x64, 0x65, 0x6c, 0x5f,
  0x39, 0x32, 0x2f, 0x74, 0x66, 0x2e, 0x73, 0x70, 0x6c, 0x69, 0x74, 0x5f,
  0x35, 0x31, 0x35, 0x2f, 0x73, 0x70, 0x6c, 0x69, 0x74, 0x33, 0x32, 0x00,
  0x02, 0x00, 0x00, 0x00, 0x01, 0x00, 0x00, 0x00, 0x10, 0x00, 0x00, 0x00,
  0x1a, 0x58, 0xff, 0xff, 0x00, 0x00, 0x00, 0x01, 0x14, 0x00, 0x00, 0x00,
  0x30, 0x00, 0x00, 0x00, 0x9c, 0x00, 0x00, 0x00, 0x00, 0x00, 0x00, 0x09,
  0x9c, 0x00, 0x00, 0x00, 0x04, 0x58, 0xff, 0xff, 0x08, 0x00, 0x00, 0x00,
  0x10, 0x00, 0x00, 0x00, 0x01, 0x00, 0x00, 0x00, 0xf8, 0xff, 0xff, 0xff,
  0xff, 0xff, 0xff, 0xff, 0x01, 0x00, 0x00, 0x00, 0xf3, 0x05, 0x3f, 0x3f,
  0x73, 0x00, 0x00, 0x00, 0x6d, 0x6f, 0x64, 0x65, 0x6c, 0x5f, 0x39, 0x32,
  0x2f, 0x74, 0x66, 0x2e, 0x73, 0x70, 0x6c, 0x69, 0x74, 0x5f, 0x35, 0x31,
  0x35, 0x2f, 0x73, 0x70, 0x6c, 0x69, 0x74, 0x3b, 0x6d, 0x6f, 0x64, 0x65,
  0x6c, 0x5f, 0x39, 0x32, 0x2f, 0x74, 0x66, 0x2e, 0x73, 0x70, 0x6c, 0x69,
  0x74, 0x5f, 0x35, 0x31, 0x35, 0x2f, 0x73, 0x70, 0x6c, 0x69, 0x74, 0x31,
  0x3b, 0x6d, 0x6f, 0x64, 0x65, 0x6c, 0x5f, 0x39, 0x32, 0x2f, 0x74, 0x66,
  0x2e, 0x73, 0x70, 0x6c, 0x69, 0x74, 0x5f, 0x35, 0x31, 0x35, 0x2f, 0x73,
  0x70, 0x6c, 0x69, 0x74, 0x32, 0x3b, 0x6d, 0x6f, 0x64, 0x65, 0x6c, 0x5f,
  0x39, 0x32, 0x2f, 0x74, 0x66, 0x2e, 0x73, 0x70, 0x6c, 0x69, 0x74, 0x5f,
  0x35, 0x31, 0x35, 0x2f, 0x73, 0x70, 0x6c, 0x69, 0x74, 0x33, 0x31, 0x00,
  0x02, 0x00, 0x00, 0x00, 0x01, 0x00, 0x00, 0x00, 0x10, 0x00, 0x00, 0x00,
  0xda, 0x58, 0xff, 0xff, 0x00, 0x00, 0x00, 0x01, 0x14, 0x00, 0x00, 0x00,
  0x30, 0x00, 0x00, 0x00, 0x9b, 0x00, 0x00, 0x00, 0x00, 0x00, 0x00, 0x09,
  0x9c, 0x00, 0x00, 0x00, 0xc4, 0x58, 0xff, 0xff, 0x08, 0x00, 0x00, 0x00,
  0x10, 0x00, 0x00, 0x00, 0x01, 0x00, 0x00, 0x00, 0xf8, 0xff, 0xff, 0xff,
  0xff, 0xff, 0xff, 0xff, 0x01, 0x00, 0x00, 0x00, 0xf3, 0x05, 0x3f, 0x3f,
  0x72, 0x00, 0x00, 0x00, 0x6d, 0x6f, 0x64, 0x65, 0x6c, 0x5f, 0x39, 0x32,
  0x2f, 0x74, 0x66, 0x2e, 0x73, 0x70, 0x6c, 0x69, 0x74, 0x5f, 0x35, 0x31,
  0x35, 0x2f, 0x73, 0x70, 0x6c, 0x69, 0x74, 0x3b, 0x6d, 0x6f, 0x64, 0x65,
  0x6c, 0x5f, 0x39, 0x32, 0x2f, 0x74, 0x66, 0x2e, 0x73, 0x70, 0x6c, 0x69,
  0x74, 0x5f, 0x35, 0x31, 0x35, 0x2f, 0x73, 0x70, 0x6c, 0x69, 0x74, 0x31,
  0x3b, 0x6d, 0x6f, 0x64, 0x65, 0x6c, 0x5f, 0x39, 0x32, 0x2f, 0x74, 0x66,
  0x2e, 0x73, 0x70, 0x6c, 0x69, 0x74, 0x5f, 0x35, 0x31, 0x35, 0x2f, 0x73,
  0x70, 0x6c, 0x69, 0x74, 0x32, 0x3b, 0x6d, 0x6f, 0x64, 0x65, 0x6c, 0x5f,
  0x39, 0x32, 0x2f, 0x74, 0x66, 0x2e, 0x73, 0x70, 0x6c, 0x69, 0x74, 0x5f,
  0x35, 0x31, 0x35, 0x2f, 0x73, 0x70, 0x6c, 0x69, 0x74, 0x33, 0x00, 0x00,
  0x02, 0x00, 0x00, 0x00, 0x01, 0x00, 0x00, 0x00, 0x10, 0x00, 0x00, 0x00,
  0x9a, 0x59, 0xff, 0xff, 0x00, 0x00, 0x00, 0x01, 0x14, 0x00, 0x00, 0x00,
  0x34, 0x00, 0x00, 0x00, 0x9a, 0x00, 0x00, 0x00, 0x00, 0x00, 0x00, 0x09,
  0x4c, 0x00, 0x00, 0x00, 0x84, 0x59, 0xff, 0xff, 0x08, 0x00, 0x00, 0x00,
  0x14, 0x00, 0x00, 0x00, 0x01, 0x00, 0x00, 0x00, 0xf8, 0xff, 0xff, 0xff,
  0xff, 0xff, 0xff, 0xff, 0x00, 0x00, 0x00, 0x00, 0x01, 0x00, 0x00, 0x00,
  0xf3, 0x05, 0x3f, 0x3f, 0x1d, 0x00, 0x00, 0x00, 0x6d, 0x6f, 0x64, 0x65,
  0x6c, 0x5f, 0x39, 0x32, 0x2f, 0x74, 0x66, 0x2e, 0x6d, 0x61, 0x74, 0x68,
  0x2e, 0x61, 0x64, 0x64, 0x5f, 0x31, 0x30, 0x33, 0x30, 0x2f, 0x41, 0x64,
  0x64, 0x00, 0x00, 0x00, 0x02, 0x00, 0x00, 0x00, 0x01, 0x00, 0x00, 0x00,
  0x40, 0x00, 0x00, 0x00, 0x0a, 0x5a, 0xff, 0xff, 0x00, 0x00, 0x00, 0x01,
  0x14, 0x00, 0x00, 0x00, 0x34, 0x00, 0x00, 0x00, 0x99, 0x00, 0x00, 0x00,
  0x00, 0x00, 0x00, 0x09, 0x7c, 0x00, 0x00, 0x00, 0xf4, 0x59, 0xff, 0xff,
  0x08, 0x00, 0x00, 0x00, 0x14, 0x00, 0x00, 0x00, 0x01, 0x00, 0x00, 0x00,
  0xf8, 0xff, 0xff, 0xff, 0xff, 0xff, 0xff, 0xff, 0x00, 0x00, 0x00, 0x00,
  0x01, 0x00, 0x00, 0x00, 0xf3, 0x05, 0x3f, 0x3f, 0x4e, 0x00, 0x00, 0x00,
  0x6d, 0x6f, 0x64, 0x65, 0x6c, 0x5f, 0x39, 0x32, 0x2f, 0x74, 0x66, 0x2e,
  0x6c, 0x69, 0x6e, 0x61, 0x6c, 0x67, 0x2e, 0x6d, 0x61, 0x74, 0x6d, 0x75,
  0x6c, 0x5f, 0x31, 0x30, 0x30, 0x38, 0x2f, 0x4d, 0x61, 0x74, 0x4d, 0x75,
  0x6c, 0x3b, 0x6d, 0x6f, 0x64, 0x65, 0x6c, 0x5f, 0x39, 0x32, 0x2f, 0x74,
  0x66, 0x2e, 0x5f, 0x5f, 0x6f, 0x70, 0x65, 0x72, 0x61, 0x74, 0x6f, 0x72,
  0x73, 0x5f, 0x5f, 0x2e, 0x61, 0x64, 0x64, 0x5f, 0x31, 0x35, 0x38, 0x34,
  0x2f, 0x41, 0x64, 0x64, 0x56, 0x32, 0x00, 0x00, 0x02, 0x00, 0x00, 0x00,
  0x01, 0x00, 0x00, 0x00, 0x40, 0x00, 0x00, 0x00, 0xaa, 0x5a, 0xff, 0xff,
  0x00, 0x00, 0x00, 0x01, 0x14, 0x00, 0x00, 0x00, 0x30, 0x00, 0x00, 0x00,
  0x98, 0x00, 0x00, 0x00, 0x00, 0x00, 0x00, 0x09, 0x4c, 0x00, 0x00, 0x00,
  0x94, 0x5a, 0xff, 0xff, 0x08, 0x00, 0x00, 0x00, 0x10, 0x00, 0x00, 0x00,
  0x01, 0x00, 0x00, 0x00, 0xff, 0xff, 0xff, 0xff, 0xff, 0xff, 0xff, 0xff,
  0x01, 0x00, 0x00, 0x00, 0x81, 0x80, 0x00, 0x3c, 0x23, 0x00, 0x00, 0x00,
  0x6d, 0x6f, 0x64, 0x65, 0x6c, 0x5f, 0x39, 0x32, 0x2f, 0x74, 0x66, 0x2e,
  0x6d, 0x61, 0x74, 0x68, 0x2e, 0x6d, 0x75, 0x6c, 0x74, 0x69, 0x70, 0x6c,
  0x79, 0x5f, 0x31, 0x30, 0x38, 0x31, 0x30, 0x2f, 0x4d, 0x75, 0x6c, 0x00,
  0x02, 0x00, 0x00, 0x00, 0x01, 0x00, 0x00, 0x00, 0x10, 0x00, 0x00, 0x00,
  0x1a, 0x5b, 0xff, 0xff, 0x00, 0x00, 0x00, 0x01, 0x14, 0x00, 0x00, 0x00,
  0x34, 0x00, 0x00, 0x00, 0x97, 0x00, 0x00, 0x00, 0x00, 0x00, 0x00, 0x09,
  0x4c, 0x00, 0x00, 0x00, 0x04, 0x5b, 0xff, 0xff, 0x08, 0x00, 0x00, 0x00,
  0x14, 0x00, 0x00, 0x00, 0x01, 0x00, 0x00, 0x00, 0x00, 0x00, 0x00, 0x00,
  0x00, 0x00, 0x00, 0x00, 0x00, 0x00, 0x00, 0x00, 0x01, 0x00, 0x00, 0x00,
  0x00, 0x00, 0x00, 0x3c, 0x1f, 0x00, 0x00, 0x00, 0x6d, 0x6f, 0x64, 0x65,
  0x6c, 0x5f, 0x39, 0x32, 0x2f, 0x74, 0x66, 0x2e, 0x6d, 0x61, 0x74, 0x68,
  0x2e, 0x74, 0x61, 0x6e, 0x68, 0x5f, 0x31, 0x30, 0x32, 0x39, 0x2f, 0x54,
  0x61, 0x6e, 0x68, 0x00, 0x02, 0x00, 0x00, 0x00, 0x01, 0x00, 0x00, 0x00,
  0x10, 0x00, 0x00, 0x00, 0x8a, 0x5b, 0xff, 0xff, 0x00, 0x00, 0x00, 0x01,
  0x14, 0x00, 0x00, 0x00, 0x34, 0x00, 0x00, 0x00, 0x96, 0x00, 0x00, 0x00,
  0x00, 0x00, 0x00, 0x09, 0x4c, 0x00, 0x00, 0x00, 0x74, 0x5b, 0xff, 0xff,
  0x08, 0x00, 0x00, 0x00, 0x14, 0x00, 0x00, 0x00, 0x01, 0x00, 0x00, 0x00,
  0xff, 0xff, 0xff, 0xff, 0xff, 0xff, 0xff, 0xff, 0x00, 0x00, 0x00, 0x00,
  0x01, 0x00, 0x00, 0x00, 0xa1, 0xa0, 0x20, 0x3d, 0x1d, 0x00, 0x00, 0x00,
  0x6d, 0x6f, 0x64, 0x65, 0x6c, 0x5f, 0x39, 0x32, 0x2f, 0x74, 0x66, 0x2e,
  0x6d, 0x61, 0x74, 0x68, 0x2e, 0x61, 0x64, 0x64, 0x5f, 0x31, 0x30, 0x32,
  0x39, 0x2f, 0x41, 0x64, 0x64, 0x00, 0x00, 0x00, 0x02, 0x00, 0x00, 0x00,
  0x01, 0x00, 0x00, 0x00, 0x10, 0x00, 0x00, 0x00, 0xfa, 0x5b, 0xff, 0xff,
  0x00, 0x00, 0x00, 0x01, 0x14, 0x00, 0x00, 0x00, 0x30, 0x00, 0x00, 0x00,
  0x95, 0x00, 0x00, 0x00, 0x00, 0x00, 0x00, 0x09, 0x4c, 0x00, 0x00, 0x00,
  0xe4, 0x5b, 0xff, 0xff, 0x08, 0x00, 0x00, 0x00, 0x10, 0x00, 0x00, 0x00,
  0x01, 0x00, 0x00, 0x00, 0xff, 0xff, 0xff, 0xff, 0xff, 0xff, 0xff, 0xff,
  0x01, 0x00, 0x00, 0x00, 0x81, 0x80, 0x00, 0x3c, 0x23, 0x00, 0x00, 0x00,
  0x6d, 0x6f, 0x64, 0x65, 0x6c, 0x5f, 0x39, 0x32, 0x2f, 0x74, 0x66, 0x2e,
  0x6d, 0x61, 0x74, 0x68, 0x2e, 0x6d, 0x75, 0x6c, 0x74, 0x69, 0x70, 0x6c,
  0x79, 0x5f, 0x31, 0x30, 0x38, 0x30, 0x33, 0x2f, 0x4d, 0x75, 0x6c, 0x00,
  0x02, 0x00, 0x00, 0x00, 0x01, 0x00, 0x00, 0x00, 0x10, 0x00, 0x00, 0x00,
  0x6a, 0x5c, 0xff, 0xff, 0x00, 0x00, 0x00, 0x01, 0x14, 0x00, 0x00, 0x00,
  0x34, 0x00, 0x00, 0x00, 0x94, 0x00, 0x00, 0x00, 0x00, 0x00, 0x00, 0x09,
  0x4c, 0x00, 0x00, 0x00, 0x54, 0x5c, 0xff, 0xff, 0x08, 0x00, 0x00, 0x00,
  0x14, 0x00, 0x00, 0x00, 0x01, 0x00, 0x00, 0x00, 0x00, 0x00, 0x00, 0x00,
  0x00, 0x00, 0x00, 0x00, 0x00, 0x00, 0x00, 0x00, 0x01, 0x00, 0x00, 0x00,
  0x00, 0x00, 0x00, 0x3c, 0x1f, 0x00, 0x00, 0x00, 0x6d, 0x6f, 0x64, 0x65,
  0x6c, 0x5f, 0x39, 0x32, 0x2f, 0x74, 0x66, 0x2e, 0x6d, 0x61, 0x74, 0x68,
  0x2e, 0x74, 0x61, 0x6e, 0x68, 0x5f, 0x31, 0x30, 0x32, 0x38, 0x2f, 0x54,
  0x61, 0x6e, 0x68, 0x00, 0x02, 0x00, 0x00, 0x00, 0x01, 0x00, 0x00, 0x00,
  0x10, 0x00, 0x00, 0x00, 0xda, 0x5c, 0xff, 0xff, 0x00, 0x00, 0x00, 0x01,
  0x14, 0x00, 0x00, 0x00, 0x34, 0x00, 0x00, 0x00, 0x93, 0x00, 0x00, 0x00,
  0x00, 0x00, 0x00, 0x09, 0x54, 0x00, 0x00, 0x00, 0xc4, 0x5c, 0xff, 0xff,
  0x08, 0x00, 0x00, 0x00, 0x14, 0x00, 0x00, 0x00, 0x01, 0x00, 0x00, 0x00,
  0x80, 0xff, 0xff, 0xff, 0xff, 0xff, 0xff, 0xff, 0x00, 0x00, 0x00, 0x00,
  0x01, 0x00, 0x00, 0x00, 0x00, 0x00, 0x80, 0x3b, 0x25, 0x00, 0x00, 0x00,
  0x6d, 0x6f, 0x64, 0x65, 0x6c, 0x5f, 0x39, 0x32, 0x2f, 0x74, 0x66, 0x2e,
  0x6d, 0x61, 0x74, 0x68, 0x2e, 0x73, 0x69, 0x67, 0x6d, 0x6f, 0x69, 0x64,
  0x5f, 0x31, 0x35, 0x34, 0x34, 0x2f, 0x53, 0x69, 0x67, 0x6d, 0x6f, 0x69,
  0x64, 0x00, 0x00, 0x00, 0x02, 0x00, 0x00, 0x00, 0x01, 0x00, 0x00, 0x00,
  0x10, 0x00, 0x00, 0x00, 0x52, 0x5d, 0xff, 0xff, 0x00, 0x00, 0x00, 0x01,
  0x14, 0x00, 0x00, 0x00, 0x30, 0x00, 0x00, 0x00, 0x92, 0x00, 0x00, 0x00,
  0x00, 0x00, 0x00, 0x09, 0x4c, 0x00, 0x00, 0x00, 0x3c, 0x5d, 0xff, 0xff,
  0x08, 0x00, 0x00, 0x00, 0x10, 0x00, 0x00, 0x00, 0x01, 0x00, 0x00, 0x00,
  0xff, 0xff, 0xff, 0xff, 0xff, 0xff, 0xff, 0xff, 0x01, 0x00, 0x00, 0x00,
  0xa1, 0xa0, 0x20, 0x3d, 0x23, 0x00, 0x00, 0x00, 0x6d, 0x6f, 0x64, 0x65,
  0x6c, 0x5f, 0x39, 0x32, 0x2f, 0x74, 0x66, 0x2e, 0x6d, 0x61, 0x74, 0x68,
  0x2e, 0x6d, 0x75, 0x6c, 0x74, 0x69, 0x70, 0x6c, 0x79, 0x5f, 0x31, 0x30,
  0x37, 0x39, 0x39, 0x2f, 0x4d, 0x75, 0x6c, 0x00, 0x02, 0x00, 0x00, 0x00,
  0x01, 0x00, 0x00, 0x00, 0x10, 0x00, 0x00, 0x00, 0xc2, 0x5d, 0xff, 0xff,
  0x00, 0x00, 0x00, 0x01, 0x14, 0x00, 0x00, 0x00, 0x34, 0x00, 0x00, 0x00,
  0x91, 0x00, 0x00, 0x00, 0x00, 0x00, 0x00, 0x09, 0x54, 0x00, 0x00, 0x00,
  0xac, 0x5d, 0xff, 0xff, 0x08, 0x00, 0x00, 0x00, 0x14, 0x00, 0x00, 0x00,
  0x01, 0x00, 0x00, 0x00, 0x80, 0xff, 0xff, 0xff, 0xff, 0xff, 0xff, 0xff,
  0x00, 0x00, 0x00, 0x00, 0x01, 0x00, 0x00, 0x00, 0x00, 0x00, 0x80, 0x3b,
  0x25, 0x00, 0x00, 0x00, 0x6d, 0x6f, 0x64, 0x65, 0x6c, 0x5f, 0x39, 0x32,
  0x2f, 0x74, 0x66, 0x2e, 0x6d, 0x61, 0x74, 0x68, 0x2e, 0x73, 0x69, 0x67,
  0x6d, 0x6f, 0x69, 0x64, 0x5f, 0x31, 0x35, 0x34, 0x33, 0x2f, 0x53, 0x69,
  0x67, 0x6d, 0x6f, 0x69, 0x64, 0x00, 0x00, 0x00, 0x02, 0x00, 0x00, 0x00,
  0x01, 0x00, 0x00, 0x00, 0x10, 0x00, 0x00, 0x00, 0x3a, 0x5e, 0xff, 0xff,
  0x00, 0x00, 0x00, 0x01, 0x14, 0x00, 0x00, 0x00, 0x34, 0x00, 0x00, 0x00,
  0x90, 0x00, 0x00, 0x00, 0x00, 0x00, 0x00, 0x09, 0x54, 0x00, 0x00, 0x00,
  0x24, 0x5e, 0xff, 0xff, 0x08, 0x00, 0x00, 0x00, 0x14, 0x00, 0x00, 0x00,
  0x01, 0x00, 0x00, 0x00, 0x80, 0xff, 0xff, 0xff, 0xff, 0xff, 0xff, 0xff,
  0x00, 0x00, 0x00, 0x00, 0x01, 0x00, 0x00, 0x00, 0x00, 0x00, 0x80, 0x3b,
  0x25, 0x00, 0x00, 0x00, 0x6d, 0x6f, 0x64, 0x65, 0x6c, 0x5f, 0x39, 0x32,
  0x2f, 0x74, 0x66, 0x2e, 0x6d, 0x61, 0x74, 0x68, 0x2e, 0x73, 0x69, 0x67,
  0x6d, 0x6f, 0x69, 0x64, 0x5f, 0x31, 0x35, 0x34, 0x32, 0x2f, 0x53, 0x69,
  0x67, 0x6d, 0x6f, 0x69, 0x64, 0x00, 0x00, 0x00, 0x02, 0x00, 0x00, 0x00,
  0x01, 0x00, 0x00, 0x00, 0x10, 0x00, 0x00, 0x00, 0xb2, 0x5e, 0xff, 0xff,
  0x00, 0x00, 0x00, 0x01, 0x14, 0x00, 0x00, 0x00, 0x30, 0x00, 0x00, 0x00,
  0x8f, 0x00, 0x00, 0x00, 0x00, 0x00, 0x00, 0x09, 0x9c, 0x00, 0x00, 0x00,
  0x9c, 0x5e, 0xff, 0xff, 0x08, 0x00, 0x00, 0x00, 0x10, 0x00, 0x00, 0x00,
  0x01, 0x00, 0x00, 0x00, 0xf8, 0xff, 0xff, 0xff, 0xff, 0xff, 0xff, 0xff,
  0x01, 0x00, 0x00, 0x00, 0xaf, 0x06, 0x3f, 0x3f, 0x73, 0x00, 0x00, 0x00,
  0x6d, 0x6f, 0x64, 0x65, 0x6c, 0x5f, 0x39, 0x32, 0x2f, 0x74, 0x66, 0x2e,
  0x73, 0x70, 0x6c, 0x69, 0x74, 0x5f, 0x35, 0x31, 0x34, 0x2f, 0x73, 0x70,
  0x6c, 0x69, 0x74, 0x3b, 0x6d, 0x6f, 0x64, 0x65, 0x6c, 0x5f, 0x39, 0x32,
  0x2f, 0x74, 0x66, 0x2e, 0x73, 0x70, 0x6c, 0x69, 0x74, 0x5f, 0x35, 0x31,
  0x34, 0x2f, 0x73, 0x70, 0x6c, 0x69, 0x74, 0x31, 0x3b, 0x6d, 0x6f, 0x64,
  0x65, 0x6c, 0x5f, 0x39, 0x32, 0x2f, 0x74, 0x66, 0x2e, 0x73, 0x70, 0x6c,
  0x69, 0x74, 0x5f, 0x35, 0x31, 0x34, 0x2f, 0x73, 0x70, 0x6c, 0x69, 0x74,
  0x32, 0x3b, 0x6d, 0x6f, 0x64, 0x65, 0x6c, 0x5f, 0x39, 0x32, 0x2f, 0x74,
  0x66, 0x2e, 0x73, 0x70, 0x6c, 0x69, 0x74, 0x5f, 0x35, 0x31, 0x34, 0x2f,
  0x73, 0x70, 0x6c, 0x69, 0x74, 0x33, 0x33, 0x00, 0x02, 0x00, 0x00, 0x00,
  0x01, 0x00, 0x00, 0x00, 0x10, 0x00, 0x00, 0x00, 0x72, 0x5f, 0xff, 0xff,
  0x00, 0x00, 0x00, 0x01, 0x14, 0x00, 0x00, 0x00, 0x30, 0x00, 0x00, 0x00,
  0x8e, 0x00, 0x00, 0x00, 0x00, 0x00, 0x00, 0x09, 0x9c, 0x00, 0x00, 0x00,
  0x5c, 0x5f, 0xff, 0xff, 0x08, 0x00, 0x00, 0x00, 0x10, 0x00, 0x00, 0x00,
  0x01, 0x00, 0x00, 0x00, 0xf8, 0xff, 0xff, 0xff, 0xff, 0xff, 0xff, 0xff,
  0x01, 0x00, 0x00, 0x00, 0xaf, 0x06, 0x3f, 0x3f, 0x73, 0x00, 0x00, 0x00,
  0x6d, 0x6f, 0x64, 0x65, 0x6c, 0x5f, 0x39, 0x32, 0x2f, 0x74, 0x66, 0x2e,
  0x73, 0x70, 0x6c, 0x69, 0x74, 0x5f, 0x35, 0x31, 0x34, 0x2f, 0x73, 0x70,
  0x6c, 0x69, 0x74, 0x3b, 0x6d, 0x6f, 0x64, 0x65, 0x6c, 0x5f, 0x39, 0x32,
  0x2f, 0x74, 0x66, 0x2e, 0x73, 0x70, 0x6c, 0x69, 0x74, 0x5f, 0x35, 0x31,
  0x34, 0x2f, 0x73, 0x70, 0x6c, 0x69, 0x74, 0x31, 0x3b, 0x6d, 0x6f, 0x64,
  0x65, 0x6c, 0x5f, 0x39, 0x32, 0x2f, 0x74, 0x66, 0x2e, 0x73, 0x70, 0x6c,
  0x69, 0x74, 0x5f, 0x35, 0x31, 0x34, 0x2f, 0x73, 0x70, 0x6c, 0x69, 0x74,
  0x32, 0x3b, 0x6d, 0x6f, 0x64, 0x65, 0x6c, 0x5f, 0x39, 0x32, 0x2f, 0x74,
  0x66, 0x2e, 0x73, 0x70, 0x6c, 0x69, 0x74, 0x5f, 0x35, 0x31, 0x34, 0x2f,
  0x73, 0x70, 0x6c, 0x69, 0x74, 0x33, 0x32, 0x00, 0x02, 0x00, 0x00, 0x00,
  0x01, 0x00, 0x00, 0x00, 0x10, 0x00, 0x00, 0x00, 0x32, 0x60, 0xff, 0xff,
  0x00, 0x00, 0x00, 0x01, 0x14, 0x00, 0x00, 0x00, 0x30, 0x00, 0x00, 0x00,
  0x8d, 0x00, 0x00, 0x00, 0x00, 0x00, 0x00, 0x09, 0x9c, 0x00, 0x00, 0x00,
  0x1c, 0x60, 0xff, 0xff, 0x08, 0x00, 0x00, 0x00, 0x10, 0x00, 0x00, 0x00,
  0x01, 0x00, 0x00, 0x00, 0xf8, 0xff, 0xff, 0xff, 0xff, 0xff, 0xff, 0xff,
  0x01, 0x00, 0x00, 0x00, 0xaf, 0x06, 0x3f, 0x3f, 0x73, 0x00, 0x00, 0x00,
  0x6d, 0x6f, 0x64, 0x65, 0x6c, 0x5f, 0x39, 0x32, 0x2f, 0x74, 0x66, 0x2e,
  0x73, 0x70, 0x6c, 0x69, 0x74, 0x5f, 0x35, 0x31, 0x34, 0x2f, 0x73, 0x70,
  0x6c, 0x69, 0x74, 0x3b, 0x6d, 0x6f, 0x64, 0x65, 0x6c, 0x5f, 0x39, 0x32,
  0x2f, 0x74, 0x66, 0x2e, 0x73, 0x70, 0x6c, 0x69, 0x74, 0x5f, 0x35, 0x31,
  0x34, 0x2f, 0x73, 0x70, 0x6c, 0x69, 0x74, 0x31, 0x3b, 0x6d, 0x6f, 0x64,
  0x65, 0x6c, 0x5f, 0x39, 0x32, 0x2f, 0x74, 0x66, 0x2e, 0x73, 0x70, 0x6c,
  0x69, 0x74, 0x5f, 0x35, 0x31, 0x34, 0x2f, 0x73, 0x70, 0x6c, 0x69, 0x74,
  0x32, 0x3b, 0x6d, 0x6f, 0x64, 0x65, 0x6c, 0x5f, 0x39, 0x32, 0x2f, 0x74,
  0x66, 0x2e, 0x73, 0x70, 0x6c, 0x69, 0x74, 0x5f, 0x35, 0x31, 0x34, 0x2f,
  0x73, 0x70, 0x6c, 0x69, 0x74, 0x33, 0x31, 0x00, 0x02, 0x00, 0x00, 0x00,
  0x01, 0x00, 0x00, 0x00, 0x10, 0x00, 0x00, 0x00, 0xf2, 0x60, 0xff, 0xff,
  0x00, 0x00, 0x00, 0x01, 0x14, 0x00, 0x00, 0x00, 0x30, 0x00, 0x00, 0x00,
  0x8c, 0x00, 0x00, 0x00, 0x00, 0x00, 0x00, 0x09, 0x9c, 0x00, 0x00, 0x00,
  0xdc, 0x60, 0xff, 0xff, 0x08, 0x00, 0x00, 0x00, 0x10, 0x00, 0x00, 0x00,
  0x01, 0x00, 0x00, 0x00, 0xf8, 0xff, 0xff, 0xff, 0xff, 0xff, 0xff, 0xff,
  0x01, 0x00, 0x00, 0x00, 0xaf, 0x06, 0x3f, 0x3f, 0x72, 0x00, 0x00, 0x00,
  0x6d, 0x6f, 0x64, 0x65, 0x6c, 0x5f, 0x39, 0x32, 0x2f, 0x74, 0x66, 0x2e,
  0x73, 0x70, 0x6c, 0x69, 0x74, 0x5f, 0x35, 0x31, 0x34, 0x2f, 0x73, 0x70,
  0x6c, 0x69, 0x74, 0x3b, 0x6d, 0x6f, 0x64, 0x65, 0x6c, 0x5f, 0x39, 0x32,
  0x2f, 0x74, 0x66, 0x2e, 0x73, 0x70, 0x6c, 0x69, 0x74, 0x5f, 0x35, 0x31,
  0x34, 0x2f, 0x73, 0x70, 0x6c, 0x69, 0x74, 0x31, 0x3b, 0x6d, 0x6f, 0x64,
  0x65, 0x6c, 0x5f, 0x39, 0x32, 0x2f, 0x74, 0x66, 0x2e, 0x73, 0x70, 0x6c,
  0x69, 0x74, 0x5f, 0x35, 0x31, 0x34, 0x2f, 0x73, 0x70, 0x6c, 0x69, 0x74,
  0x32, 0x3b, 0x6d, 0x6f, 0x64, 0x65, 0x6c, 0x5f, 0x39, 0x32, 0x2f, 0x74,
  0x66, 0x2e, 0x73, 0x70, 0x6c, 0x69, 0x74, 0x5f, 0x35, 0x31, 0x34, 0x2f,
  0x73, 0x70, 0x6c, 0x69, 0x74, 0x33, 0x00, 0x00, 0x02, 0x00, 0x00, 0x00,
  0x01, 0x00, 0x00, 0x00, 0x10, 0x00, 0x00, 0x00, 0xb2, 0x61, 0xff, 0xff,
  0x00, 0x00, 0x00, 0x01, 0x14, 0x00, 0x00, 0x00, 0x34, 0x00, 0x00, 0x00,
  0x8b, 0x00, 0x00, 0x00, 0x00, 0x00, 0x00, 0x09, 0x4c, 0x00, 0x00, 0x00,
  0x9c, 0x61, 0xff, 0xff, 0x08, 0x00, 0x00, 0x00, 0x14, 0x00, 0x00, 0x00,
  0x01, 0x00, 0x00, 0x00, 0xf8, 0xff, 0xff, 0xff, 0xff, 0xff, 0xff, 0xff,
  0x00, 0x00, 0x00, 0x00, 0x01, 0x00, 0x00, 0x00, 0xaf, 0x06, 0x3f, 0x3f,
  0x1d, 0x00, 0x00, 0x00, 0x6d, 0x6f, 0x64, 0x65, 0x6c, 0x5f, 0x39, 0x32,
  0x2f, 0x74, 0x66, 0x2e, 0x6d, 0x61, 0x74, 0x68, 0x2e, 0x61, 0x64, 0x64,
  0x5f, 0x31, 0x30, 0x32, 0x38, 0x2f, 0x41, 0x64, 0x64, 0x00, 0x00, 0x00,
  0x02, 0x00, 0x00, 0x00, 0x01, 0x00, 0x00, 0x00, 0x40, 0x00, 0x00, 0x00,
  0x22, 0x62, 0xff, 0xff, 0x00, 0x00, 0x00, 0x01, 0x14, 0x00, 0x00, 0x00,
  0x34, 0x00, 0x00, 0x00, 0x8a, 0x00, 0x00, 0x00, 0x00, 0x00, 0x00, 0x09,
  0x7c, 0x00, 0x00, 0x00, 0x0c, 0x62, 0xff, 0xff, 0x08, 0x00, 0x00, 0x00,
  0x14, 0x00, 0x00, 0x00, 0x01, 0x00, 0x00, 0x00, 0xf8, 0xff, 0xff, 0xff,
  0xff, 0xff, 0xff, 0xff, 0x00, 0x00, 0x00, 0x00, 0x01, 0x00, 0x00, 0x00,
  0xaf, 0x06, 0x3f, 0x3f, 0x4e, 0x00, 0x00, 0x00, 0x6d, 0x6f, 0x64, 0x65,
  0x6c, 0x5f, 0x39, 0x32, 0x2f, 0x74, 0x66, 0x2e, 0x6c, 0x69, 0x6e, 0x61,
  0x6c, 0x67, 0x2e, 0x6d, 0x61, 0x74, 0x6d, 0x75, 0x6c, 0x5f, 0x31, 0x30,
  0x30, 0x37, 0x2f, 0x4d, 0x61, 0x74, 0x4d, 0x75, 0x6c, 0x3b, 0x6d, 0x6f,
  0x64, 0x65, 0x6c, 0x5f, 0x39, 0x32, 0x2f, 0x74, 0x66, 0x2e, 0x5f, 0x5f,
  0x6f, 0x70, 0x65, 0x72, 0x61, 0x74, 0x6f, 0x72, 0x73, 0x5f, 0x5f, 0x2e,
  0x61, 0x64, 0x64, 0x5f, 0x31, 0x35, 0x38, 0x33, 0x2f, 0x41, 0x64, 0x64,
  0x56, 0x32, 0x00, 0x00, 0x02, 0x00, 0x00, 0x00, 0x01, 0x00, 0x00, 0x00,
  0x40, 0x00, 0x00, 0x00, 0xc2, 0x62, 0xff, 0xff, 0x00, 0x00, 0x00, 0x01,
  0x14, 0x00, 0x00, 0x00, 0x30, 0x00, 0x00, 0x00, 0x89, 0x00, 0x00, 0x00,
  0x00, 0x00, 0x00, 0x09, 0x4c, 0x00, 0x00, 0x00, 0xac, 0x62, 0xff, 0xff,
  0x08, 0x00, 0x00, 0x00, 0x10, 0x00, 0x00, 0x00, 0x01, 0x00, 0x00, 0x00,
  0xff, 0xff, 0xff, 0xff, 0xff, 0xff, 0xff, 0xff, 0x01, 0x00, 0x00, 0x00,
  0x81, 0x80, 0x00, 0x3c, 0x23, 0x00, 0x00, 0x00, 0x6d, 0x6f, 0x64, 0x65,
  0x6c, 0x5f, 0x39, 0x32, 0x2f, 0x74, 0x66, 0x2e, 0x6d, 0x61, 0x74, 0x68,
  0x2e, 0x6d, 0x75, 0x6c, 0x74, 0x69, 0x70, 0x6c, 0x79, 0x5f, 0x31, 0x30,
  0x37, 0x39, 0x31, 0x2f, 0x4d, 0x75, 0x6c, 0x00, 0x02, 0x00, 0x00, 0x00,
  0x01, 0x00, 0x00, 0x00, 0x10, 0x00, 0x00, 0x00, 0x32, 0x63, 0xff, 0xff,
  0x00, 0x00, 0x00, 0x01, 0x14, 0x00, 0x00, 0x00, 0x34, 0x00, 0x00, 0x00,
  0x88, 0x00, 0x00, 0x00, 0x00, 0x00, 0x00, 0x09, 0x4c, 0x00, 0x00, 0x00,
  0x1c, 0x63, 0xff, 0xff, 0x08, 0x00, 0x00, 0x00, 0x14, 0x00, 0x00, 0x00,
  0x01, 0x00, 0x00, 0x00, 0x00, 0x00, 0x00, 0x00, 0x00, 0x00, 0x00, 0x00,
  0x00, 0x00, 0x00, 0x00, 0x01, 0x00, 0x00, 0x00, 0x00, 0x00, 0x00, 0x3c,
  0x1f, 0x00, 0x00, 0x00, 0x6d, 0x6f, 0x64, 0x65, 0x6c, 0x5f, 0x39, 0x32,
  0x2f, 0x74, 0x66, 0x2e, 0x6d, 0x61, 0x74, 0x68, 0x2e, 0x74, 0x61, 0x6e,
  0x68, 0x5f, 0x31, 0x30, 0x32, 0x37, 0x2f, 0x54, 0x61, 0x6e, 0x68, 0x00,
  0x02, 0x00, 0x00, 0x00, 0x01, 0x00, 0x00, 0x00, 0x10, 0x00, 0x00, 0x00,
  0xa2, 0x63, 0xff, 0xff, 0x00, 0x00, 0x00, 0x01, 0x14, 0x00, 0x00, 0x00,
  0x34, 0x00, 0x00, 0x00, 0x87, 0x00, 0x00, 0x00, 0x00, 0x00, 0x00, 0x09,
  0x4c, 0x00, 0x00, 0x00, 0x8c, 0x63, 0xff, 0xff, 0x08, 0x00, 0x00, 0x00,
  0x14, 0x00, 0x00, 0x00, 0x01, 0x00, 0x00, 0x00, 0xff, 0xff, 0xff, 0xff,
  0xff, 0xff, 0xff, 0xff, 0x00, 0x00, 0x00, 0x00, 0x01, 0x00, 0x00, 0x00,
  0x81, 0x80, 0x00, 0x3d, 0x1d, 0x00, 0x00, 0x00, 0x6d, 0x6f, 0x64, 0x65,
  0x6c, 0x5f, 0x39, 0x32, 0x2f, 0x74, 0x66, 0x2e, 0x6d, 0x61, 0x74, 0x68,
  0x2e, 0x61, 0x64, 0x64, 0x5f, 0x31, 0x30, 0x32, 0x37, 0x2f, 0x41, 0x64,
  0x64, 0x00, 0x00, 0x00, 0x02, 0x00, 0x00, 0x00, 0x01, 0x00, 0x00, 0x00,
  0x10, 0x00, 0x00, 0x00, 0x12, 0x64, 0xff, 0xff, 0x00, 0x00, 0x00, 0x01,
  0x14, 0x00, 0x00, 0x00, 0x30, 0x00, 0x00, 0x00, 0x86, 0x00, 0x00, 0x00,
  0x00, 0x00, 0x00, 0x09, 0x4c, 0x00, 0x00, 0x00, 0xfc, 0x63, 0xff, 0xff,
  0x08, 0x00, 0x00, 0x00, 0x10, 0x00, 0x00, 0x00, 0x01, 0x00, 0x00, 0x00,
  0xff, 0xff, 0xff, 0xff, 0xff, 0xff, 0xff, 0xff, 0x01, 0x00, 0x00, 0x00,
  0x81, 0x80, 0x00, 0x3c, 0x23, 0x00, 0x00, 0x00, 0x6d, 0x6f, 0x64, 0x65,
  0x6c, 0x5f, 0x39, 0x32, 0x2f, 0x74, 0x66, 0x2e, 0x6d, 0x61, 0x74, 0x68,
  0x2e, 0x6d, 0x75, 0x6c, 0x74, 0x69, 0x70, 0x6c, 0x79, 0x5f, 0x31, 0x30,
  0x37, 0x38, 0x34, 0x2f, 0x4d, 0x75, 0x6c, 0x00, 0x02, 0x00, 0x00, 0x00,
  0x01, 0x00, 0x00, 0x00, 0x10, 0x00, 0x00, 0x00, 0x82, 0x64, 0xff, 0xff,
  0x00, 0x00, 0x00, 0x01, 0x14, 0x00, 0x00, 0x00, 0x34, 0x00, 0x00, 0x00,
  0x85, 0x00, 0x00, 0x00, 0x00, 0x00, 0x00, 0x09, 0x4c, 0x00, 0x00, 0x00,
  0x6c, 0x64, 0xff, 0xff, 0x08, 0x00, 0x00, 0x00, 0x14, 0x00, 0x00, 0x00,
  0x01, 0x00, 0x00, 0x00, 0x00, 0x00, 0x00, 0x00, 0x00, 0x00, 0x00, 0x00,
  0x00, 0x00, 0x00, 0x00, 0x01, 0x00, 0x00, 0x00, 0x00, 0x00, 0x00, 0x3c,
  0x1f, 0x00, 0x00, 0x00, 0x6d, 0x6f, 0x64, 0x65, 0x6c, 0x5f, 0x39, 0x32,
  0x2f, 0x74, 0x66, 0x2e, 0x6d, 0x61, 0x74, 0x68, 0x2e, 0x74, 0x61, 0x6e,
  0x68, 0x5f, 0x31, 0x30, 0x32, 0x36, 0x2f, 0x54, 0x61, 0x6e, 0x68, 0x00,
  0x02, 0x00, 0x00, 0x00, 0x01, 0x00, 0x00, 0x00, 0x10, 0x00, 0x00, 0x00,
  0xf2, 0x64, 0xff, 0xff, 0x00, 0x00, 0x00, 0x01, 0x14, 0x00, 0x00, 0x00,
  0x34, 0x00, 0x00, 0x00, 0x84, 0x00, 0x00, 0x00, 0x00, 0x00, 0x00, 0x09,
  0x54, 0x00, 0x00, 0x00, 0xdc, 0x64, 0xff, 0xff, 0x08, 0x00, 0x00, 0x00,
  0x14, 0x00, 0x00, 0x00, 0x01, 0x00, 0x00, 0x00, 0x80, 0xff, 0xff, 0xff,
  0xff, 0xff, 0xff, 0xff, 0x00, 0x00, 0x00, 0x00, 0x01, 0x00, 0x00, 0x00,
  0x00, 0x00, 0x80, 0x3b, 0x25, 0x00, 0x00, 0x00, 0x6d, 0x6f, 0x64, 0x65,
  0x6c, 0x5f, 0x39, 0x32, 0x2f, 0x74, 0x66, 0x2e, 0x6d, 0x61, 0x74, 0x68,
  0x2e, 0x73, 0x69, 0x67, 0x6d, 0x6f, 0x69, 0x64, 0x5f, 0x31, 0x35, 0x34,
  0x31, 0x2f, 0x53, 0x69, 0x67, 0x6d, 0x6f, 0x69, 0x64, 0x00, 0x00, 0x00,
  0x02, 0x00, 0x00, 0x00, 0x01, 0x00, 0x00, 0x00, 0x10, 0x00, 0x00, 0x00,
  0x6a, 0x65, 0xff, 0xff, 0x00, 0x00, 0x00, 0x01, 0x14, 0x00, 0x00, 0x00,
  0x30, 0x00, 0x00, 0x00, 0x83, 0x00, 0x00, 0x00, 0x00, 0x00, 0x00, 0x09,
  0x4c, 0x00, 0x00, 0x00, 0x54, 0x65, 0xff, 0xff, 0x08, 0x00, 0x00, 0x00,
  0x10, 0x00, 0x00, 0x00, 0x01, 0x00, 0x00, 0x00, 0xff, 0xff, 0xff, 0xff,
  0xff, 0xff, 0xff, 0xff, 0x01, 0x00, 0x00, 0x00, 0x81, 0x80, 0x00, 0x3d,
  0x23, 0x00, 0x00, 0x00, 0x6d, 0x6f, 0x64, 0x65, 0x6c, 0x5f, 0x39, 0x32,
  0x2f, 0x74, 0x66, 0x2e, 0x6d, 0x61, 0x74, 0x68, 0x2e, 0x6d, 0x75, 0x6c,
  0x74, 0x69, 0x70, 0x6c, 0x79, 0x5f, 0x31, 0x30, 0x37, 0x38, 0x30, 0x2f,
  0x4d, 0x75, 0x6c, 0x00, 0x02, 0x00, 0x00, 0x00, 0x01, 0x00, 0x00, 0x00,
  0x10, 0x00, 0x00, 0x00, 0xda, 0x65, 0xff, 0xff, 0x00, 0x00, 0x00, 0x01,
  0x14, 0x00, 0x00, 0x00, 0x34, 0x00, 0x00, 0x00, 0x82, 0x00, 0x00, 0x00,
  0x00, 0x00, 0x00, 0x09, 0x54, 0x00, 0x00, 0x00, 0xc4, 0x65, 0xff, 0xff,
  0x08, 0x00, 0x00, 0x00, 0x14, 0x00, 0x00, 0x00, 0x01, 0x00, 0x00, 0x00,
  0x80, 0xff, 0xff, 0xff, 0xff, 0xff, 0xff, 0xff, 0x00, 0x00, 0x00, 0x00,
  0x01, 0x00, 0x00, 0x00, 0x00, 0x00, 0x80, 0x3b, 0x25, 0x00, 0x00, 0x00,
  0x6d, 0x6f, 0x64, 0x65, 0x6c, 0x5f, 0x39, 0x32, 0x2f, 0x74, 0x66, 0x2e,
  0x6d, 0x61, 0x74, 0x68, 0x2e, 0x73, 0x69, 0x67, 0x6d, 0x6f, 0x69, 0x64,
  0x5f, 0x31, 0x35, 0x34, 0x30, 0x2f, 0x53, 0x69, 0x67, 0x6d, 0x6f, 0x69,
  0x64, 0x00, 0x00, 0x00, 0x02, 0x00, 0x00, 0x00, 0x01, 0x00, 0x00, 0x00,
  0x10, 0x00, 0x00, 0x00, 0x52, 0x66, 0xff, 0xff, 0x00, 0x00, 0x00, 0x01,
  0x14, 0x00, 0x00, 0x00, 0x34, 0x00, 0x00, 0x00, 0x81, 0x00, 0x00, 0x00,
  0x00, 0x00, 0x00, 0x09, 0x54, 0x00, 0x00, 0x00, 0x3c, 0x66, 0xff, 0xff,
  0x08, 0x00, 0x00, 0x00, 0x14, 0x00, 0x00, 0x00, 0x01, 0x00, 0x00, 0x00,
  0x80, 0xff, 0xff, 0xff, 0xff, 0xff, 0xff, 0xff, 0x00, 0x00, 0x00, 0x00,
  0x01, 0x00, 0x00, 0x00, 0x00, 0x00, 0x80, 0x3b, 0x25, 0x00, 0x00, 0x00,
  0x6d, 0x6f, 0x64, 0x65, 0x6c, 0x5f, 0x39, 0x32, 0x2f, 0x74, 0x66, 0x2e,
  0x6d, 0x61, 0x74, 0x68, 0x2e, 0x73, 0x69, 0x67, 0x6d, 0x6f, 0x69, 0x64,
  0x5f, 0x31, 0x35, 0x33, 0x39, 0x2f, 0x53, 0x69, 0x67, 0x6d, 0x6f, 0x69,
  0x64, 0x00, 0x00, 0x00, 0x02, 0x00, 0x00, 0x00, 0x01, 0x00, 0x00, 0x00,
  0x10, 0x00, 0x00, 0x00, 0xca, 0x66, 0xff, 0xff, 0x00, 0x00, 0x00, 0x01,
  0x14, 0x00, 0x00, 0x00, 0x30, 0x00, 0x00, 0x00, 0x80, 0x00, 0x00, 0x00,
  0x00, 0x00, 0x00, 0x09, 0x9c, 0x00, 0x00, 0x00, 0xb4, 0x66, 0xff, 0xff,
  0x08, 0x00, 0x00, 0x00, 0x10, 0x00, 0x00, 0x00, 0x01, 0x00, 0x00, 0x00,
  0xf8, 0xff, 0xff, 0xff, 0xff, 0xff, 0xff, 0xff, 0x01, 0x00, 0x00, 0x00,
  0x39, 0x0a, 0x3f, 0x3f, 0x73, 0x00, 0x00, 0x00, 0x6d, 0x6f, 0x64, 0x65,
  0x6c, 0x5f, 0x39, 0x32, 0x2f, 0x74, 0x66, 0x2e, 0x73, 0x70, 0x6c, 0x69,
  0x74, 0x5f, 0x35, 0x31, 0x33, 0x2f, 0x73, 0x70, 0x6c, 0x69, 0x74, 0x3b,
  0x6d, 0x6f, 0x64, 0x65, 0x6c, 0x5f, 0x39, 0x32, 0x2f, 0x74, 0x66, 0x2e,
  0x73, 0x70, 0x6c, 0x69, 0x74, 0x5f, 0x35, 0x31, 0x33, 0x2f, 0x73, 0x70,
  0x6c, 0x69, 0x74, 0x31, 0x3b, 0x6d, 0x6f, 0x64, 0x65, 0x6c, 0x5f, 0x39,
  0x32, 0x2f, 0x74, 0x66, 0x2e, 0x73, 0x70, 0x6c, 0x69, 0x74, 0x5f, 0x35,
  0x31, 0x33, 0x2f, 0x73, 0x70, 0x6c, 0x69, 0x74, 0x32, 0x3b, 0x6d, 0x6f,
  0x64, 0x65, 0x6c, 0x5f, 0x39, 0x32, 0x2f, 0x74, 0x66, 0x2e, 0x73, 0x70,
  0x6c, 0x69, 0x74, 0x5f, 0x35, 0x31, 0x33, 0x2f, 0x73, 0x70, 0x6c, 0x69,
  0x74, 0x33, 0x33, 0x00, 0x02, 0x00, 0x00, 0x00, 0x01, 0x00, 0x00, 0x00,
  0x10, 0x00, 0x00, 0x00, 0x8a, 0x67, 0xff, 0xff, 0x00, 0x00, 0x00, 0x01,
  0x14, 0x00, 0x00, 0x00, 0x30, 0x00, 0x00, 0x00, 0x7f, 0x00, 0x00, 0x00,
  0x00, 0x00, 0x00, 0x09, 0x9c, 0x00, 0x00, 0x00, 0x74, 0x67, 0xff, 0xff,
  0x08, 0x00, 0x00, 0x00, 0x10, 0x00, 0x00, 0x00, 0x01, 0x00, 0x00, 0x00,
  0xf8, 0xff, 0xff, 0xff, 0xff, 0xff, 0xff, 0xff, 0x01, 0x00, 0x00, 0x00,
  0x39, 0x0a, 0x3f, 0x3f, 0x73, 0x00, 0x00, 0x00, 0x6d, 0x6f, 0x64, 0x65,
  0x6c, 0x5f, 0x39, 0x32, 0x2f, 0x74, 0x66, 0x2e, 0x73, 0x70, 0x6c, 0x69,
  0x74, 0x5f, 0x35, 0x31, 0x33, 0x2f, 0x73, 0x70, 0x6c, 0x69, 0x74, 0x3b,
  0x6d, 0x6f, 0x64, 0x65, 0x6c, 0x5f, 0x39, 0x32, 0x2f, 0x74, 0x66, 0x2e,
  0x73, 0x70, 0x6c, 0x69, 0x74, 0x5f, 0x35, 0x31, 0x33, 0x2f, 0x73, 0x70,
  0x6c, 0x69, 0x74, 0x31, 0x3b, 0x6d, 0x6f, 0x64, 0x65, 0x6c, 0x5f, 0x39,
  0x32, 0x2f, 0x74, 0x66, 0x2e, 0x73, 0x70, 0x6c, 0x69, 0x74, 0x5f, 0x35,
  0x31, 0x33, 0x2f, 0x73, 0x70, 0x6c, 0x69, 0x74, 0x32, 0x3b, 0x6d, 0x6f,
  0x64, 0x65, 0x6c, 0x5f, 0x39, 0x32, 0x2f, 0x74, 0x66, 0x2e, 0x73, 0x70,
  0x6c, 0x69, 0x74, 0x5f, 0x35, 0x31, 0x33, 0x2f, 0x73, 0x70, 0x6c, 0x69,
  0x74, 0x33, 0x32, 0x00, 0x02, 0x00, 0x00, 0x00, 0x01, 0x00, 0x00, 0x00,
  0x10, 0x00, 0x00, 0x00, 0x4a, 0x68, 0xff, 0xff, 0x00, 0x00, 0x00, 0x01,
  0x14, 0x00, 0x00, 0x00, 0x30, 0x00, 0x00, 0x00, 0x7e, 0x00, 0x00, 0x00,
  0x00, 0x00, 0x00, 0x09, 0x9c, 0x00, 0x00, 0x00, 0x34, 0x68, 0xff, 0xff,
  0x08, 0x00, 0x00, 0x00, 0x10, 0x00, 0x00, 0x00, 0x01, 0x00, 0x00, 0x00,
  0xf8, 0xff, 0xff, 0xff, 0xff, 0xff, 0xff, 0xff, 0x01, 0x00, 0x00, 0x00,
  0x39, 0x0a, 0x3f, 0x3f, 0x73, 0x00, 0x00, 0x00, 0x6d, 0x6f, 0x64, 0x65,
  0x6c, 0x5f, 0x39, 0x32, 0x2f, 0x74, 0x66, 0x2e, 0x73, 0x70, 0x6c, 0x69,
  0x74, 0x5f, 0x35, 0x31, 0x33, 0x2f, 0x73, 0x70, 0x6c, 0x69, 0x74, 0x3b,
  0x6d, 0x6f, 0x64, 0x65, 0x6c, 0x5f, 0x39, 0x32, 0x2f, 0x74, 0x66, 0x2e,
  0x73, 0x70, 0x6c, 0x69, 0x74, 0x5f, 0x35, 0x31, 0x33, 0x2f, 0x73, 0x70,
  0x6c, 0x69, 0x74, 0x31, 0x3b, 0x6d, 0x6f, 0x64, 0x65, 0x6c, 0x5f, 0x39,
  0x32, 0x2f, 0x74, 0x66, 0x2e, 0x73, 0x70, 0x6c, 0x69, 0x74, 0x5f, 0x35,
  0x31, 0x33, 0x2f, 0x73, 0x70, 0x6c, 0x69, 0x74, 0x32, 0x3b, 0x6d, 0x6f,
  0x64, 0x65, 0x6c, 0x5f, 0x39, 0x32, 0x2f, 0x74, 0x66, 0x2e, 0x73, 0x70,
  0x6c, 0x69, 0x74, 0x5f, 0x35, 0x31, 0x33, 0x2f, 0x73, 0x70, 0x6c, 0x69,
  0x74, 0x33, 0x31, 0x00, 0x02, 0x00, 0x00, 0x00, 0x01, 0x00, 0x00, 0x00,
  0x10, 0x00, 0x00, 0x00, 0x0a, 0x69, 0xff, 0xff, 0x00, 0x00, 0x00, 0x01,
  0x14, 0x00, 0x00, 0x00, 0x30, 0x00, 0x00, 0x00, 0x7d, 0x00, 0x00, 0x00,
  0x00, 0x00, 0x00, 0x09, 0x9c, 0x00, 0x00, 0x00, 0xf4, 0x68, 0xff, 0xff,
  0x08, 0x00, 0x00, 0x00, 0x10, 0x00, 0x00, 0x00, 0x01, 0x00, 0x00, 0x00,
  0xf8, 0xff, 0xff, 0xff, 0xff, 0xff, 0xff, 0xff, 0x01, 0x00, 0x00, 0x00,
  0x39, 0x0a, 0x3f, 0x3f, 0x72, 0x00, 0x00, 0x00, 0x6d, 0x6f, 0x64, 0x65,
  0x6c, 0x5f, 0x39, 0x32, 0x2f, 0x74, 0x66, 0x2e, 0x73, 0x70, 0x6c, 0x69,
  0x74, 0x5f, 0x35, 0x31, 0x33, 0x2f, 0x73, 0x70, 0x6c, 0x69, 0x74, 0x3b,
  0x6d, 0x6f, 0x64, 0x65, 0x6c, 0x5f, 0x39, 0x32, 0x2f, 0x74, 0x66, 0x2e,
  0x73, 0x70, 0x6c, 0x69, 0x74, 0x5f, 0x35, 0x31, 0x33, 0x2f, 0x73, 0x70,
  0x6c, 0x69, 0x74, 0x31, 0x3b, 0x6d, 0x6f, 0x64, 0x65, 0x6c, 0x5f, 0x39,
  0x32, 0x2f, 0x74, 0x66, 0x2e, 0x73, 0x70, 0x6c, 0x69, 0x74, 0x5f, 0x35,
  0x31, 0x33, 0x2f, 0x73, 0x70, 0x6c, 0x69, 0x74, 0x32, 0x3b, 0x6d, 0x6f,
  0x64, 0x65, 0x6c, 0x5f, 0x39, 0x32, 0x2f, 0x74, 0x66, 0x2e, 0x73, 0x70,
  0x6c, 0x69, 0x74, 0x5f, 0x35, 0x31, 0x33, 0x2f, 0x73, 0x70, 0x6c, 0x69,
  0x74, 0x33, 0x00, 0x00, 0x02, 0x00, 0x00, 0x00, 0x01, 0x00, 0x00, 0x00,
  0x10, 0x00, 0x00, 0x00, 0xca, 0x69, 0xff, 0xff, 0x00, 0x00, 0x00, 0x01,
  0x14, 0x00, 0x00, 0x00, 0x34, 0x00, 0x00, 0x00, 0x7c, 0x00, 0x00, 0x00,
  0x00, 0x00, 0x00, 0x09, 0x4c, 0x00, 0x00, 0x00, 0xb4, 0x69, 0xff, 0xff,
  0x08, 0x00, 0x00, 0x00, 0x14, 0x00, 0x00, 0x00, 0x01, 0x00, 0x00, 0x00,
  0xf8, 0xff, 0xff, 0xff, 0xff, 0xff, 0xff, 0xff, 0x00, 0x00, 0x00, 0x00,
  0x01, 0x00, 0x00, 0x00, 0x39, 0x0a, 0x3f, 0x3f, 0x1d, 0x00, 0x00, 0x00,
  0x6d, 0x6f, 0x64, 0x65, 0x6c, 0x5f, 0x39, 0x32, 0x2f, 0x74, 0x66, 0x2e,
  0x6d, 0x61, 0x74, 0x68, 0x2e, 0x61, 0x64, 0x64, 0x5f, 0x31, 0x30, 0x32,
  0x36, 0x2f, 0x41, 0x64, 0x64, 0x00, 0x00, 0x00, 0x02, 0x00, 0x00, 0x00,
  0x01, 0x00, 0x00, 0x00, 0x40, 0x00, 0x00, 0x00, 0x3a, 0x6a, 0xff, 0xff,
  0x00, 0x00, 0x00, 0x01, 0x14, 0x00, 0x00, 0x00, 0x34, 0x00, 0x00, 0x00,
  0x7b, 0x00, 0x00, 0x00, 0x00, 0x00, 0x00, 0x09, 0x7c, 0x00, 0x00, 0x00,
  0x24, 0x6a, 0xff, 0xff, 0x08, 0x00, 0x00, 0x00, 0x14, 0x00, 0x00, 0x00,
  0x01, 0x00, 0x00, 0x00, 0xf8, 0xff, 0xff, 0xff, 0xff, 0xff, 0xff, 0xff,
  0x00, 0x00, 0x00, 0x00, 0x01, 0x00, 0x00, 0x00, 0x39, 0x0a, 0x3f, 0x3f,
  0x4e, 0x00, 0x00, 0x00, 0x6d, 0x6f, 0x64, 0x65, 0x6c, 0x5f, 0x39, 0x32,
  0x2f, 0x74, 0x66, 0x2e, 0x6c, 0x69, 0x6e, 0x61, 0x6c, 0x67, 0x2e, 0x6d,
  0x61, 0x74, 0x6d, 0x75, 0x6c, 0x5f, 0x31, 0x30, 0x30, 0x36, 0x2f, 0x4d,
  0x61, 0x74, 0x4d, 0x75, 0x6c, 0x3b, 0x6d, 0x6f, 0x64, 0x65, 0x6c, 0x5f,
  0x39, 0x32, 0x2f, 0x74, 0x66, 0x2e, 0x5f, 0x5f, 0x6f, 0x70, 0x65, 0x72,
  0x61, 0x74, 0x6f, 0x72, 0x73, 0x5f, 0x5f, 0x2e, 0x61, 0x64, 0x64, 0x5f,
  0x31, 0x35, 0x38, 0x32, 0x2f, 0x41, 0x64, 0x64, 0x56, 0x32, 0x00, 0x00,
  0x02, 0x00, 0x00, 0x00, 0x01, 0x00, 0x00, 0x00, 0x40, 0x00, 0x00, 0x00,
  0xda, 0x6a, 0xff, 0xff, 0x00, 0x00, 0x00, 0x01, 0x14, 0x00, 0x00, 0x00,
  0x30, 0x00, 0x00, 0x00, 0x7a, 0x00, 0x00, 0x00, 0x00, 0x00, 0x00, 0x09,
  0x4c, 0x00, 0x00, 0x00, 0xc4, 0x6a, 0xff, 0xff, 0x08, 0x00, 0x00, 0x00,
  0x10, 0x00, 0x00, 0x00, 0x01, 0x00, 0x00, 0x00, 0xff, 0xff, 0xff, 0xff,
  0xff, 0xff, 0xff, 0xff, 0x01, 0x00, 0x00, 0x00, 0x81, 0x80, 0x00, 0x3c,
  0x23, 0x00, 0x00, 0x00, 0x6d, 0x6f, 0x64, 0x65, 0x6c, 0x5f, 0x39, 0x32,
  0x2f, 0x74, 0x66, 0x2e, 0x6d, 0x61, 0x74, 0x68, 0x2e, 0x6d, 0x75, 0x6c,
  0x74, 0x69, 0x70, 0x6c, 0x79, 0x5f, 0x31, 0x30, 0x37, 0x37, 0x32, 0x2f,
  0x4d, 0x75, 0x6c, 0x00, 0x02, 0x00, 0x00, 0x00, 0x01, 0x00, 0x00, 0x00,
  0x10, 0x00, 0x00, 0x00, 0x4a, 0x6b, 0xff, 0xff, 0x00, 0x00, 0x00, 0x01,
  0x14, 0x00, 0x00, 0x00, 0x34, 0x00, 0x00, 0x00, 0x79, 0x00, 0x00, 0x00,
  0x00, 0x00, 0x00, 0x09, 0x4c, 0x00, 0x00, 0x00, 0x34, 0x6b, 0xff, 0xff,
  0x08, 0x00, 0x00, 0x00, 0x14, 0x00, 0x00, 0x00, 0x01, 0x00, 0x00, 0x00,
  0x00, 0x00, 0x00, 0x00, 0x00, 0x00, 0x00, 0x00, 0x00, 0x00, 0x00, 0x00,
  0x01, 0x00, 0x00, 0x00, 0x00, 0x00, 0x00, 0x3c, 0x1f, 0x00, 0x00, 0x00,
  0x6d, 0x6f, 0x64, 0x65, 0x6c, 0x5f, 0x39, 0x32, 0x2f, 0x74, 0x66, 0x2e,
  0x6d, 0x61, 0x74, 0x68, 0x2e, 0x74, 0x61, 0x6e, 0x68, 0x5f, 0x31, 0x30,
  0x32, 0x35, 0x2f, 0x54, 0x61, 0x6e, 0x68, 0x00, 0x02, 0x00, 0x00, 0x00,
  0x01, 0x00, 0x00, 0x00, 0x10, 0x00, 0x00, 0x00, 0xba, 0x6b, 0xff, 0xff,
  0x00, 0x00, 0x00, 0x01, 0x14, 0x00, 0x00, 0x00, 0x34, 0x00, 0x00, 0x00,
  0x78, 0x00, 0x00, 0x00, 0x00, 0x00, 0x00, 0x09, 0x4c, 0x00, 0x00, 0x00,
  0xa4, 0x6b, 0xff, 0xff, 0x08, 0x00, 0x00, 0x00, 0x14, 0x00, 0x00, 0x00,
  0x01, 0x00, 0x00, 0x00, 0xff, 0xff, 0xff, 0xff, 0xff, 0xff, 0xff, 0xff,
  0x00, 0x00, 0x00, 0x00, 0x01, 0x00, 0x00, 0x00, 0xc1, 0xc0, 0xc0, 0x3c,
  0x1d, 0x00, 0x00, 0x00, 0x6d, 0x6f, 0x64, 0x65, 0x6c, 0x5f, 0x39, 0x32,
  0x2f, 0x74, 0x66, 0x2e, 0x6d, 0x61, 0x74, 0x68, 0x2e, 0x61, 0x64, 0x64,
  0x5f, 0x31, 0x30, 0x32, 0x35, 0x2f, 0x41, 0x64, 0x64, 0x00, 0x00, 0x00,
  0x02, 0x00, 0x00, 0x00, 0x01, 0x00, 0x00, 0x00, 0x10, 0x00, 0x00, 0x00,
  0x2a, 0x6c, 0xff, 0xff, 0x00, 0x00, 0x00, 0x01, 0x14, 0x00, 0x00, 0x00,
  0x30, 0x00, 0x00, 0x00, 0x77, 0x00, 0x00, 0x00, 0x00, 0x00, 0x00, 0x09,
  0x4c, 0x00, 0x00, 0x00, 0x14, 0x6c, 0xff, 0xff, 0x08, 0x00, 0x00, 0x00,
  0x10, 0x00, 0x00, 0x00, 0x01, 0x00, 0x00, 0x00, 0xff, 0xff, 0xff, 0xff,
  0xff, 0xff, 0xff, 0xff, 0x01, 0x00, 0x00, 0x00, 0x81, 0x80, 0x00, 0x3c,
  0x23, 0x00, 0x00, 0x00, 0x6d, 0x6f, 0x64, 0x65, 0x6c, 0x5f, 0x39, 0x32,
  0x2f, 0x74, 0x66, 0x2e, 0x6d, 0x61, 0x74, 0x68, 0x2e, 0x6d, 0x75, 0x6c,
  0x74, 0x69, 0x70, 0x6c, 0x79, 0x5f, 0x31, 0x30, 0x37, 0x36, 0x35, 0x2f,
  0x4d, 0x75, 0x6c, 0x00, 0x02, 0x00, 0x00, 0x00, 0x01, 0x00, 0x00, 0x00,
  0x10, 0x00, 0x00, 0x00, 0x9a, 0x6c, 0xff, 0xff, 0x00, 0x00, 0x00, 0x01,
  0x14, 0x00, 0x00, 0x00, 0x34, 0x00, 0x00, 0x00, 0x76, 0x00, 0x00, 0x00,
  0x00, 0x00, 0x00, 0x09, 0x4c, 0x00, 0x00, 0x00, 0x84, 0x6c, 0xff, 0xff,
  0x08, 0x00, 0x00, 0x00, 0x14, 0x00, 0x00, 0x00, 0x01, 0x00, 0x00, 0x00,
  0x00, 0x00, 0x00, 0x00, 0x00, 0x00, 0x00, 0x00, 0x00, 0x00, 0x00, 0x00,
  0x01, 0x00, 0x00, 0x00, 0x00, 0x00, 0x00, 0x3c, 0x1f, 0x00, 0x00, 0x00,
  0x6d, 0x6f, 0x64, 0x65, 0x6c, 0x5f, 0x39, 0x32, 0x2f, 0x74, 0x66, 0x2e,
  0x6d, 0x61, 0x74, 0x68, 0x2e, 0x74, 0x61, 0x6e, 0x68, 0x5f, 0x31, 0x30,
  0x32, 0x34, 0x2f, 0x54, 0x61, 0x6e, 0x68, 0x00, 0x02, 0x00, 0x00, 0x00,
  0x01, 0x00, 0x00, 0x00, 0x10, 0x00, 0x00, 0x00, 0x0a, 0x6d, 0xff, 0xff,
  0x00, 0x00, 0x00, 0x01, 0x14, 0x00, 0x00, 0x00, 0x34, 0x00, 0x00, 0x00,
  0x75, 0x00, 0x00, 0x00, 0x00, 0x00, 0x00, 0x09, 0x54, 0x00, 0x00, 0x00,
  0xf4, 0x6c, 0xff, 0xff, 0x08, 0x00, 0x00, 0x00, 0x14, 0x00, 0x00, 0x00,
  0x01, 0x00, 0x00, 0x00, 0x80, 0xff, 0xff, 0xff, 0xff, 0xff, 0xff, 0xff,
  0x00, 0x00, 0x00, 0x00, 0x01, 0x00, 0x00, 0x00, 0x00, 0x00, 0x80, 0x3b,
  0x25, 0x00, 0x00, 0x00, 0x6d, 0x6f, 0x64, 0x65, 0x6c, 0x5f, 0x39, 0x32,
  0x2f, 0x74, 0x66, 0x2e, 0x6d, 0x61, 0x74, 0x68, 0x2e, 0x73, 0x69, 0x67,
  0x6d, 0x6f, 0x69, 0x64, 0x5f, 0x31, 0x35, 0x33, 0x38, 0x2f, 0x53, 0x69,
  0x67, 0x6d, 0x6f, 0x69, 0x64, 0x00, 0x00, 0x00, 0x02, 0x00, 0x00, 0x00,
  0x01, 0x00, 0x00, 0x00, 0x10, 0x00, 0x00, 0x00, 0x82, 0x6d, 0xff, 0xff,
  0x00, 0x00, 0x00, 0x01, 0x14, 0x00, 0x00, 0x00, 0x30, 0x00, 0x00, 0x00,
  0x74, 0x00, 0x00, 0x00, 0x00, 0x00, 0x00, 0x09, 0x4c, 0x00, 0x00, 0x00,
  0x6c, 0x6d, 0xff, 0xff, 0x08, 0x00, 0x00, 0x00, 0x10, 0x00, 0x00, 0x00,
  0x01, 0x00, 0x00, 0x00, 0xff, 0xff, 0xff, 0xff, 0xff, 0xff, 0xff, 0xff,
  0x01, 0x00, 0x00, 0x00, 0xc1, 0xc0, 0xc0, 0x3c, 0x23, 0x00, 0x00, 0x00,
  0x6d, 0x6f, 0x64, 0x65, 0x6c, 0x5f, 0x39, 0x32, 0x2f, 0x74, 0x66, 0x2e,
  0x6d, 0x61, 0x74, 0x68, 0x2e, 0x6d, 0x75, 0x6c, 0x74, 0x69, 0x70, 0x6c,
  0x79, 0x5f, 0x31, 0x30, 0x37, 0x36, 0x31, 0x2f, 0x4d, 0x75, 0x6c, 0x00,
  0x02, 0x00, 0x00, 0x00, 0x01, 0x00, 0x00, 0x00, 0x10, 0x00, 0x00, 0x00,
  0xf2, 0x6d, 0xff, 0xff, 0x00, 0x00, 0x00, 0x01, 0x14, 0x00, 0x00, 0x00,
  0x34, 0x00, 0x00, 0x00, 0x73, 0x00, 0x00, 0x00, 0x00, 0x00, 0x00, 0x09,
  0x54, 0x00, 0x00, 0x00, 0xdc, 0x6d, 0xff, 0xff, 0x08, 0x00, 0x00, 0x00,
  0x14, 0x00, 0x00, 0x00, 0x01, 0x00, 0x00, 0x00, 0x80, 0xff, 0xff, 0xff,
  0xff, 0xff, 0xff, 0xff, 0x00, 0x00, 0x00, 0x00, 0x01, 0x00, 0x00, 0x00,
  0x00, 0x00, 0x80, 0x3b, 0x25, 0x00, 0x00, 0x00, 0x6d, 0x6f, 0x64, 0x65,
  0x6c, 0x5f, 0x39, 0x32, 0x2f, 0x74, 0x66, 0x2e, 0x6d, 0x61, 0x74, 0x68,
  0x2e, 0x73, 0x69, 0x67, 0x6d, 0x6f, 0x69, 0x64, 0x5f, 0x31, 0x35, 0x33,
  0x37, 0x2f, 0x53, 0x69, 0x67, 0x6d, 0x6f, 0x69, 0x64, 0x00, 0x00, 0x00,
  0x02, 0x00, 0x00, 0x00, 0x01, 0x00, 0x00, 0x00, 0x10, 0x00, 0x00, 0x00,
  0x6a, 0x6e, 0xff, 0xff, 0x00, 0x00, 0x00, 0x01, 0x14, 0x00, 0x00, 0x00,
  0x34, 0x00, 0x00, 0x00, 0x72, 0x00, 0x00, 0x00, 0x00, 0x00, 0x00, 0x09,
  0x54, 0x00, 0x00, 0x00, 0x54, 0x6e, 0xff, 0xff, 0x08, 0x00, 0x00, 0x00,
  0x14, 0x00, 0x00, 0x00, 0x01, 0x00, 0x00, 0x00, 0x80, 0xff, 0xff, 0xff,
  0xff, 0xff, 0xff, 0xff, 0x00, 0x00, 0x00, 0x00, 0x01, 0x00, 0x00, 0x00,
  0x00, 0x00, 0x80, 0x3b, 0x25, 0x00, 0x00, 0x00, 0x6d, 0x6f, 0x64, 0x65,
  0x6c, 0x5f, 0x39, 0x32, 0x2f, 0x74, 0x66, 0x2e, 0x6d, 0x61, 0x74, 0x68,
  0x2e, 0x73, 0x69, 0x67, 0x6d, 0x6f, 0x69, 0x64, 0x5f, 0x31, 0x35, 0x33,
  0x36, 0x2f, 0x53, 0x69, 0x67, 0x6d, 0x6f, 0x69, 0x64, 0x00, 0x00, 0x00,
  0x02, 0x00, 0x00, 0x00, 0x01, 0x00, 0x00, 0x00, 0x10, 0x00, 0x00, 0x00,
  0xe2, 0x6e, 0xff, 0xff, 0x00, 0x00, 0x00, 0x01, 0x14, 0x00, 0x00, 0x00,
  0x30, 0x00, 0x00, 0x00, 0x71, 0x00, 0x00, 0x00, 0x00, 0x00, 0x00, 0x09,
  0x9c, 0x00, 0x00, 0x00, 0xcc, 0x6e, 0xff, 0xff, 0x08, 0x00, 0x00, 0x00,
  0x10, 0x00, 0x00, 0x00, 0x01, 0x00, 0x00, 0x00, 0xf8, 0xff, 0xff, 0xff,
  0xff, 0xff, 0xff, 0xff, 0x01, 0x00, 0x00, 0x00, 0xe5, 0x16, 0x3f, 0x3f,
  0x73, 0x00, 0x00, 0x00, 0x6d, 0x6f, 0x64, 0x65, 0x6c, 0x5f, 0x39, 0x32,
  0x2f, 0x74, 0x66, 0x2e, 0x73, 0x70, 0x6c, 0x69, 0x74, 0x5f, 0x35, 0x31,
  0x32, 0x2f, 0x73, 0x70, 0x6c, 0x69, 0x74, 0x3b, 0x6d, 0x6f, 0x64, 0x65,
  0x6c, 0x5f, 0x39, 0x32, 0x2f, 0x74, 0x66, 0x2e, 0x73, 0x70, 0x6c, 0x69,
  0x74, 0x5f, 0x35, 0x31, 0x32, 0x2f, 0x73, 0x70, 0x6c, 0x69, 0x74, 0x31,
  0x3b, 0x6d, 0x6f, 0x64, 0x65, 0x6c, 0x5f, 0x39, 0x32, 0x2f, 0x74, 0x66,
  0x2e, 0x73, 0x70, 0x6c, 0x69, 0x74, 0x5f, 0x35, 0x31, 0x32, 0x2f, 0x73,
  0x70, 0x6c, 0x69, 0x74, 0x32, 0x3b, 0x6d, 0x6f, 0x64, 0x65, 0x6c, 0x5f,
  0x39, 0x32, 0x2f, 0x74, 0x66, 0x2e, 0x73, 0x70, 0x6c, 0x69, 0x74, 0x5f,
  0x35, 0x31, 0x32, 0x2f, 0x73, 0x70, 0x6c, 0x69, 0x74, 0x33, 0x33, 0x00,
  0x02, 0x00, 0x00, 0x00, 0x01, 0x00, 0x00, 0x00, 0x10, 0x00, 0x00, 0x00,
  0xa2, 0x6f, 0xff, 0xff, 0x00, 0x00, 0x00, 0x01, 0x14, 0x00, 0x00, 0x00,
  0x30, 0x00, 0x00, 0x00, 0x70, 0x00, 0x00, 0x00, 0x00, 0x00, 0x00, 0x09,
  0x9c, 0x00, 0x00, 0x00, 0x8c, 0x6f, 0xff, 0xff, 0x08, 0x00, 0x00, 0x00,
  0x10, 0x00, 0x00, 0x00, 0x01, 0x00, 0x00, 0x00, 0xf8, 0xff, 0xff, 0xff,
  0xff, 0xff, 0xff, 0xff, 0x01, 0x00, 0x00, 0x00, 0xe5, 0x16, 0x3f, 0x3f,
  0x73, 0x00, 0x00, 0x00, 0x6d, 0x6f, 0x64, 0x65, 0x6c, 0x5f, 0x39, 0x32,
  0x2f, 0x74, 0x66, 0x2e, 0x73, 0x70, 0x6c, 0x69, 0x74, 0x5f, 0x35, 0x31,
  0x32, 0x2f, 0x73, 0x70, 0x6c, 0x69, 0x74, 0x3b, 0x6d, 0x6f, 0x64, 0x65,
  0x6c, 0x5f, 0x39, 0x32, 0x2f, 0x74, 0x66, 0x2e, 0x73, 0x70, 0x6c, 0x69,
  0x74, 0x5f, 0x35, 0x31, 0x32, 0x2f, 0x73, 0x70, 0x6c, 0x69, 0x74, 0x31,
  0x3b, 0x6d, 0x6f, 0x64, 0x65, 0x6c, 0x5f, 0x39, 0x32, 0x2f, 0x74, 0x66,
  0x2e, 0x73, 0x70, 0x6c, 0x69, 0x74, 0x5f, 0x35, 0x31, 0x32, 0x2f, 0x73,
  0x70, 0x6c, 0x69, 0x74, 0x32, 0x3b, 0x6d, 0x6f, 0x64, 0x65, 0x6c, 0x5f,
  0x39, 0x32, 0x2f, 0x74, 0x66, 0x2e, 0x73, 0x70, 0x6c, 0x69, 0x74, 0x5f,
  0x35, 0x31, 0x32, 0x2f, 0x73, 0x70, 0x6c, 0x69, 0x74, 0x33, 0x32, 0x00,
  0x02, 0x00, 0x00, 0x00, 0x01, 0x00, 0x00, 0x00, 0x10, 0x00, 0x00, 0x00,
  0x62, 0x70, 0xff, 0xff, 0x00, 0x00, 0x00, 0x01, 0x14, 0x00, 0x00, 0x00,
  0x30, 0x00, 0x00, 0x00, 0x6f, 0x00, 0x00, 0x00, 0x00, 0x00, 0x00, 0x09,
  0x9c, 0x00, 0x00, 0x00, 0x4c, 0x70, 0xff, 0xff, 0x08, 0x00, 0x00, 0x00,
  0x10, 0x00, 0x00, 0x00, 0x01, 0x00, 0x00, 0x00, 0xf8, 0xff, 0xff, 0xff,
  0xff, 0xff, 0xff, 0xff, 0x01, 0x00, 0x00, 0x00, 0xe5, 0x16, 0x3f, 0x3f,
  0x73, 0x00, 0x00, 0x00, 0x6d, 0x6f, 0x64, 0x65, 0x6c, 0x5f, 0x39, 0x32,
  0x2f, 0x74, 0x66, 0x2e, 0x73, 0x70, 0x6c, 0x69, 0x74, 0x5f, 0x35, 0x31,
  0x32, 0x2f, 0x73, 0x70, 0x6c, 0x69, 0x74, 0x3b, 0x6d, 0x6f, 0x64, 0x65,
  0x6c, 0x5f, 0x39, 0x32, 0x2f, 0x74, 0x66, 0x2e, 0x73, 0x70, 0x6c, 0x69,
  0x74, 0x5f, 0x35, 0x31, 0x32, 0x2f, 0x73, 0x70, 0x6c, 0x69, 0x74, 0x31,
  0x3b, 0x6d, 0x6f, 0x64, 0x65, 0x6c, 0x5f, 0x39, 0x32, 0x2f, 0x74, 0x66,
  0x2e, 0x73, 0x70, 0x6c, 0x69, 0x74, 0x5f, 0x35, 0x31, 0x32, 0x2f, 0x73,
  0x70, 0x6c, 0x69, 0x74, 0x32, 0x3b, 0x6d, 0x6f, 0x64, 0x65, 0x6c, 0x5f,
  0x39, 0x32, 0x2f, 0x74, 0x66, 0x2e, 0x73, 0x70, 0x6c, 0x69, 0x74, 0x5f,
  0x35, 0x31, 0x32, 0x2f, 0x73, 0x70, 0x6c, 0x69, 0x74, 0x33, 0x31, 0x00,
  0x02, 0x00, 0x00, 0x00, 0x01, 0x00, 0x00, 0x00, 0x10, 0x00, 0x00, 0x00,
  0x22, 0x71, 0xff, 0xff, 0x00, 0x00, 0x00, 0x01, 0x14, 0x00, 0x00, 0x00,
  0x30, 0x00, 0x00, 0x00, 0x6e, 0x00, 0x00, 0x00, 0x00, 0x00, 0x00, 0x09,
  0x9c, 0x00, 0x00, 0x00, 0x0c, 0x71, 0xff, 0xff, 0x08, 0x00, 0x00, 0x00,
  0x10, 0x00, 0x00, 0x00, 0x01, 0x00, 0x00, 0x00, 0xf8, 0xff, 0xff, 0xff,
  0xff, 0xff, 0xff, 0xff, 0x01, 0x00, 0x00, 0x00, 0xe5, 0x16, 0x3f, 0x3f,
  0x72, 0x00, 0x00, 0x00, 0x6d, 0x6f, 0x64, 0x65, 0x6c, 0x5f, 0x39, 0x32,
  0x2f, 0x74, 0x66, 0x2e, 0x73, 0x70, 0x6c, 0x69, 0x74, 0x5f, 0x35, 0x31,
  0x32, 0x2f, 0x73, 0x70, 0x6c, 0x69, 0x74, 0x3b, 0x6d, 0x6f, 0x64, 0x65,
  0x6c, 0x5f, 0x39, 0x32, 0x2f, 0x74, 0x66, 0x2e, 0x73, 0x70, 0x6c, 0x69,
  0x74, 0x5f, 0x35, 0x31, 0x32, 0x2f, 0x73, 0x70, 0x6c, 0x69, 0x74, 0x31,
  0x3b, 0x6d, 0x6f, 0x64, 0x65, 0x6c, 0x5f, 0x39, 0x32, 0x2f, 0x74, 0x66,
  0x2e, 0x73, 0x70, 0x6c, 0x69, 0x74, 0x5f, 0x35, 0x31, 0x32, 0x2f, 0x73,
  0x70, 0x6c, 0x69, 0x74, 0x32, 0x3b, 0x6d, 0x6f, 0x64, 0x65, 0x6c, 0x5f,
  0x39, 0x32, 0x2f, 0x74, 0x66, 0x2e, 0x73, 0x70, 0x6c, 0x69, 0x74, 0x5f,
  0x35, 0x31, 0x32, 0x2f, 0x73, 0x70, 0x6c, 0x69, 0x74, 0x33, 0x00, 0x00,
  0x02, 0x00, 0x00, 0x00, 0x01, 0x00, 0x00, 0x00, 0x10, 0x00, 0x00, 0x00,
  0xe2, 0x71, 0xff, 0xff, 0x00, 0x00, 0x00, 0x01, 0x14, 0x00, 0x00, 0x00,
  0x34, 0x00, 0x00, 0x00, 0x6d, 0x00, 0x00, 0x00, 0x00, 0x00, 0x00, 0x09,
  0x4c, 0x00, 0x00, 0x00, 0xcc, 0x71, 0xff, 0xff, 0x08, 0x00, 0x00, 0x00,
  0x14, 0x00, 0x00, 0x00, 0x01, 0x00, 0x00, 0x00, 0xf8, 0xff, 0xff, 0xff,
  0xff, 0xff, 0xff, 0xff, 0x00, 0x00, 0x00, 0x00, 0x01, 0x00, 0x00, 0x00,
  0xe5, 0x16, 0x3f, 0x3f, 0x1d, 0x00, 0x00, 0x00, 0x6d, 0x6f, 0x64, 0x65,
  0x6c, 0x5f, 0x39, 0x32, 0x2f, 0x74, 0x66, 0x2e, 0x6d, 0x61, 0x74, 0x68,
  0x2e, 0x61, 0x64, 0x64, 0x5f, 0x31, 0x30, 0x32, 0x34, 0x2f, 0x41, 0x64,
  0x64, 0x00, 0x00, 0x00, 0x02, 0x00, 0x00, 0x00, 0x01, 0x00, 0x00, 0x00,
  0x40, 0x00, 0x00, 0x00, 0x52, 0x72, 0xff, 0xff, 0x00, 0x00, 0x00, 0x01,
  0x14, 0x00, 0x00, 0x00, 0x34, 0x00, 0x00, 0x00, 0x6c, 0x00, 0x00, 0x00,
  0x00, 0x00, 0x00, 0x09, 0x7c, 0x00, 0x00, 0x00, 0x3c, 0x72, 0xff, 0xff,
  0x08, 0x00, 0x00, 0x00, 0x14, 0x00, 0x00, 0x00, 0x01, 0x00, 0x00, 0x00,
  0xf8, 0xff, 0xff, 0xff, 0xff, 0xff, 0xff, 0xff, 0x00, 0x00, 0x00, 0x00,
  0x01, 0x00, 0x00, 0x00, 0xe5, 0x16, 0x3f, 0x3f, 0x4e, 0x00, 0x00, 0x00,
  0x6d, 0x6f, 0x64, 0x65, 0x6c, 0x5f, 0x39, 0x32, 0x2f, 0x74, 0x66, 0x2e,
  0x6c, 0x69, 0x6e, 0x61, 0x6c, 0x67, 0x2e, 0x6d, 0x61, 0x74, 0x6d, 0x75,
  0x6c, 0x5f, 0x31, 0x30, 0x30, 0x35, 0x2f, 0x4d, 0x61, 0x74, 0x4d, 0x75,
  0x6c, 0x3b, 0x6d, 0x6f, 0x64, 0x65, 0x6c, 0x5f, 0x39, 0x32, 0x2f, 0x74,
  0x66, 0x2e, 0x5f, 0x5f, 0x6f, 0x70, 0x65, 0x72, 0x61, 0x74, 0x6f, 0x72,
  0x73, 0x5f, 0x5f, 0x2e, 0x61, 0x64, 0x64, 0x5f, 0x31, 0x35, 0x38, 0x31,
  0x2f, 0x41, 0x64, 0x64, 0x56, 0x32, 0x00, 0x00, 0x02, 0x00, 0x00, 0x00,
  0x01, 0x00, 0x00, 0x00, 0x40, 0x00, 0x00, 0x00, 0xf2, 0x72, 0xff, 0xff,
  0x00, 0x00, 0x00, 0x01, 0x14, 0x00, 0x00, 0x00, 0x30, 0x00, 0x00, 0x00,
  0x6b, 0x00, 0x00, 0x00, 0x00, 0x00, 0x00, 0x09, 0x4c, 0x00, 0x00, 0x00,
  0xdc, 0x72, 0xff, 0xff, 0x08, 0x00, 0x00, 0x00, 0x10, 0x00, 0x00, 0x00,
  0x01, 0x00, 0x00, 0x00, 0xff, 0xff, 0xff, 0xff, 0xff, 0xff, 0xff, 0xff,
  0x01, 0x00, 0x00, 0x00, 0x81, 0x80, 0x00, 0x3c, 0x23, 0x00, 0x00, 0x00,
  0x6d, 0x6f, 0x64, 0x65, 0x6c, 0x5f, 0x39, 0x32, 0x2f, 0x74, 0x66, 0x2e,
  0x6d, 0x61, 0x74, 0x68, 0x2e, 0x6d, 0x75, 0x6c, 0x74, 0x69, 0x70, 0x6c,
  0x79, 0x5f, 0x31, 0x30, 0x37, 0x35, 0x33, 0x2f, 0x4d, 0x75, 0x6c, 0x00,
  0x02, 0x00, 0x00, 0x00, 0x01, 0x00, 0x00, 0x00, 0x10, 0x00, 0x00, 0x00,
  0x62, 0x73, 0xff, 0xff, 0x00, 0x00, 0x00, 0x01, 0x14, 0x00, 0x00, 0x00,
  0x34, 0x00, 0x00, 0x00, 0x6a, 0x00, 0x00, 0x00, 0x00, 0x00, 0x00, 0x09,
  0x4c, 0x00, 0x00, 0x00, 0x4c, 0x73, 0xff, 0xff, 0x08, 0x00, 0x00, 0x00,
  0x14, 0x00, 0x00, 0x00, 0x01, 0x00, 0x00, 0x00, 0x00, 0x00, 0x00, 0x00,
  0x00, 0x00, 0x00, 0x00, 0x00, 0x00, 0x00, 0x00, 0x01, 0x00, 0x00, 0x00,
  0x00, 0x00, 0x00, 0x3c, 0x1f, 0x00, 0x00, 0x00, 0x6d, 0x6f, 0x64, 0x65,
  0x6c, 0x5f, 0x39, 0x32, 0x2f, 0x74, 0x66, 0x2e, 0x6d, 0x61, 0x74, 0x68,
  0x2e, 0x74, 0x61, 0x6e, 0x68, 0x5f, 0x31, 0x30, 0x32, 0x33, 0x2f, 0x54,
  0x61, 0x6e, 0x68, 0x00, 0x02, 0x00, 0x00, 0x00, 0x01, 0x00, 0x00, 0x00,
  0x10, 0x00, 0x00, 0x00, 0xd2, 0x73, 0xff, 0xff, 0x00, 0x00, 0x00, 0x01,
  0x14, 0x00, 0x00, 0x00, 0x34, 0x00, 0x00, 0x00, 0x69, 0x00, 0x00, 0x00,
  0x00, 0x00, 0x00, 0x09, 0x4c, 0x00, 0x00, 0x00, 0xbc, 0x73, 0xff, 0xff,
  0x08, 0x00, 0x00, 0x00, 0x14, 0x00, 0x00, 0x00, 0x01, 0x00, 0x00, 0x00,
  0xff, 0xff, 0xff, 0xff, 0xff, 0xff, 0xff, 0xff, 0x00, 0x00, 0x00, 0x00,
  0x01, 0x00, 0x00, 0x00, 0x81, 0x80, 0x80, 0x3c, 0x1d, 0x00, 0x00, 0x00,
  0x6d, 0x6f, 0x64, 0x65, 0x6c, 0x5f, 0x39, 0x32, 0x2f, 0x74, 0x66, 0x2e,
  0x6d, 0x61, 0x74, 0x68, 0x2e, 0x61, 0x64, 0x64, 0x5f, 0x31, 0x30, 0x32,
  0x33, 0x2f, 0x41, 0x64, 0x64, 0x00, 0x00, 0x00, 0x02, 0x00, 0x00, 0x00,
  0x01, 0x00, 0x00, 0x00, 0x10, 0x00, 0x00, 0x00, 0x42, 0x74, 0xff, 0xff,
  0x00, 0x00, 0x00, 0x01, 0x14, 0x00, 0x00, 0x00, 0x30, 0x00, 0x00, 0x00,
  0x68, 0x00, 0x00, 0x00, 0x00, 0x00, 0x00, 0x09, 0x4c, 0x00, 0x00, 0x00,
  0x2c, 0x74, 0xff, 0xff, 0x08, 0x00, 0x00, 0x00, 0x10, 0x00, 0x00, 0x00,
  0x01, 0x00, 0x00, 0x00, 0xff, 0xff, 0xff, 0xff, 0xff, 0xff, 0xff, 0xff,
  0x01, 0x00, 0x00, 0x00, 0x81, 0x80, 0x00, 0x3c, 0x23, 0x00, 0x00, 0x00,
  0x6d, 0x6f, 0x64, 0x65, 0x6c, 0x5f, 0x39, 0x32, 0x2f, 0x74, 0x66, 0x2e,
  0x6d, 0x61, 0x74, 0x68, 0x2e, 0x6d, 0x75, 0x6c, 0x74, 0x69, 0x70, 0x6c,
  0x79, 0x5f, 0x31, 0x30, 0x37, 0x34, 0x36, 0x2f, 0x4d, 0x75, 0x6c, 0x00,
  0x02, 0x00, 0x00, 0x00, 0x01, 0x00, 0x00, 0x00, 0x10, 0x00, 0x00, 0x00,
  0xb2, 0x74, 0xff, 0xff, 0x00, 0x00, 0x00, 0x01, 0x14, 0x00, 0x00, 0x00,
  0x34, 0x00, 0x00, 0x00, 0x67, 0x00, 0x00, 0x00, 0x00, 0x00, 0x00, 0x09,
  0x4c, 0x00, 0x00, 0x00, 0x9c, 0x74, 0xff, 0xff, 0x08, 0x00, 0x00, 0x00,
  0x14, 0x00, 0x00, 0x00, 0x01, 0x00, 0x00, 0x00, 0x00, 0x00, 0x00, 0x00,
  0x00, 0x00, 0x00, 0x00, 0x00, 0x00, 0x00, 0x00, 0x01, 0x00, 0x00, 0x00,
  0x00, 0x00, 0x00, 0x3c, 0x1f, 0x00, 0x00, 0x00, 0x6d, 0x6f, 0x64, 0x65,
  0x6c, 0x5f, 0x39, 0x32, 0x2f, 0x74, 0x66, 0x2e, 0x6d, 0x61, 0x74, 0x68,
  0x2e, 0x74, 0x61, 0x6e, 0x68, 0x5f, 0x31, 0x30, 0x32, 0x32, 0x2f, 0x54,
  0x61, 0x6e, 0x68, 0x00, 0x02, 0x00, 0x00, 0x00, 0x01, 0x00, 0x00, 0x00,
  0x10, 0x00, 0x00, 0x00, 0x22, 0x75, 0xff, 0xff, 0x00, 0x00, 0x00, 0x01,
  0x14, 0x00, 0x00, 0x00, 0x34, 0x00, 0x00, 0x00, 0x66, 0x00, 0x00, 0x00,
  0x00, 0x00, 0x00, 0x09, 0x54, 0x00, 0x00, 0x00, 0x0c, 0x75, 0xff, 0xff,
  0x08, 0x00, 0x00, 0x00, 0x14, 0x00, 0x00, 0x00, 0x01, 0x00, 0x00, 0x00,
  0x80, 0xff, 0xff, 0xff, 0xff, 0xff, 0xff, 0xff, 0x00, 0x00, 0x00, 0x00,
  0x01, 0x00, 0x00, 0x00, 0x00, 0x00, 0x80, 0x3b, 0x25, 0x00, 0x00, 0x00,
  0x6d, 0x6f, 0x64, 0x65, 0x6c, 0x5f, 0x39, 0x32, 0x2f, 0x74, 0x66, 0x2e,
  0x6d, 0x61, 0x74, 0x68, 0x2e, 0x73, 0x69, 0x67, 0x6d, 0x6f, 0x69, 0x64,
  0x5f, 0x31, 0x35, 0x33, 0x35, 0x2f, 0x53, 0x69, 0x67, 0x6d, 0x6f, 0x69,
  0x64, 0x00, 0x00, 0x00, 0x02, 0x00, 0x00, 0x00, 0x01, 0x00, 0x00, 0x00,
  0x10, 0x00, 0x00, 0x00, 0x9a, 0x75, 0xff, 0xff, 0x00, 0x00, 0x00, 0x01,
  0x14, 0x00, 0x00, 0x00, 0x30, 0x00, 0x00, 0x00, 0x65, 0x00, 0x00, 0x00,
  0x00, 0x00, 0x00, 0x09, 0x4c, 0x00, 0x00, 0x00, 0x84, 0x75, 0xff, 0xff,
  0x08, 0x00, 0x00, 0x00, 0x10, 0x00, 0x00, 0x00, 0x01, 0x00, 0x00, 0x00,
  0xff, 0xff, 0xff, 0xff, 0xff, 0xff, 0xff, 0xff, 0x01, 0x00, 0x00, 0x00,
  0x81, 0x80, 0x80, 0x3c, 0x23, 0x00, 0x00, 0x00, 0x6d, 0x6f, 0x64, 0x65,
  0x6c, 0x5f, 0x39, 0x32, 0x2f, 0x74, 0x66, 0x2e, 0x6d, 0x61, 0x74, 0x68,
  0x2e, 0x6d, 0x75, 0x6c, 0x74, 0x69, 0x70, 0x6c, 0x79, 0x5f, 0x31, 0x30,
  0x37, 0x34, 0x32, 0x2f, 0x4d, 0x75, 0x6c, 0x00, 0x02, 0x00, 0x00, 0x00,
  0x01, 0x00, 0x00, 0x00, 0x10, 0x00, 0x00, 0x00, 0x0a, 0x76, 0xff, 0xff,
  0x00, 0x00, 0x00, 0x01, 0x14, 0x00, 0x00, 0x00, 0x34, 0x00, 0x00, 0x00,
  0x64, 0x00, 0x00, 0x00, 0x00, 0x00, 0x00, 0x09, 0x54, 0x00, 0x00, 0x00,
  0xf4, 0x75, 0xff, 0xff, 0x08, 0x00, 0x00, 0x00, 0x14, 0x00, 0x00, 0x00,
  0x01, 0x00, 0x00, 0x00, 0x80, 0xff, 0xff, 0xff, 0xff, 0xff, 0xff, 0xff,
  0x00, 0x00, 0x00, 0x00, 0x01, 0x00, 0x00, 0x00, 0x00, 0x00, 0x80, 0x3b,
  0x25, 0x00, 0x00, 0x00, 0x6d, 0x6f, 0x64, 0x65, 0x6c, 0x5f, 0x39, 0x32,
  0x2f, 0x74, 0x66, 0x2e, 0x6d, 0x61, 0x74, 0x68, 0x2e, 0x73, 0x69, 0x67,
  0x6d, 0x6f, 0x69, 0x64, 0x5f, 0x31, 0x35, 0x33, 0x34, 0x2f, 0x53, 0x69,
  0x67, 0x6d, 0x6f, 0x69, 0x64, 0x00, 0x00, 0x00, 0x02, 0x00, 0x00, 0x00,
  0x01, 0x00, 0x00, 0x00, 0x10, 0x00, 0x00, 0x00, 0x82, 0x76, 0xff, 0xff,
  0x00, 0x00, 0x00, 0x01, 0x14, 0x00, 0x00, 0x00, 0x34, 0x00, 0x00, 0x00,
  0x63, 0x00, 0x00, 0x00, 0x00, 0x00, 0x00, 0x09, 0x54, 0x00, 0x00, 0x00,
  0x6c, 0x76, 0xff, 0xff, 0x08, 0x00, 0x00, 0x00, 0x14, 0x00, 0x00, 0x00,
  0x01, 0x00, 0x00, 0x00, 0x80, 0xff, 0xff, 0xff, 0xff, 0xff, 0xff, 0xff,
  0x00, 0x00, 0x00, 0x00, 0x01, 0x00, 0x00, 0x00, 0x00, 0x00, 0x80, 0x3b,
  0x25, 0x00, 0x00, 0x00, 0x6d, 0x6f, 0x64, 0x65, 0x6c, 0x5f, 0x39, 0x32,
  0x2f, 0x74, 0x66, 0x2e, 0x6d, 0x61, 0x74, 0x68, 0x2e, 0x73, 0x69, 0x67,
  0x6d, 0x6f, 0x69, 0x64, 0x5f, 0x31, 0x35, 0x33, 0x33, 0x2f, 0x53, 0x69,
  0x67, 0x6d, 0x6f, 0x69, 0x64, 0x00, 0x00, 0x00, 0x02, 0x00, 0x00, 0x00,
  0x01, 0x00, 0x00, 0x00, 0x10, 0x00, 0x00, 0x00, 0xfa, 0x76, 0xff, 0xff,
  0x00, 0x00, 0x00, 0x01, 0x14, 0x00, 0x00, 0x00, 0x30, 0x00, 0x00, 0x00,
  0x62, 0x00, 0x00, 0x00, 0x00, 0x00, 0x00, 0x09, 0x9c, 0x00, 0x00, 0x00,
  0xe4, 0x76, 0xff, 0xff, 0x08, 0x00, 0x00, 0x00, 0x10, 0x00, 0x00, 0x00,
  0x01, 0x00, 0x00, 0x00, 0xf8, 0xff, 0xff, 0xff, 0xff, 0xff, 0xff, 0xff,
  0x01, 0x00, 0x00, 0x00, 0x0c, 0x5b, 0x3f, 0x3f, 0x73, 0x00, 0x00, 0x00,
  0x6d, 0x6f, 0x64, 0x65, 0x6c, 0x5f, 0x39, 0x32, 0x2f, 0x74, 0x66, 0x2e,
  0x73, 0x70, 0x6c, 0x69, 0x74, 0x5f, 0x35, 0x31, 0x31, 0x2f, 0x73, 0x70,
  0x6c, 0x69, 0x74, 0x3b, 0x6d, 0x6f, 0x64, 0x65, 0x6c, 0x5f, 0x39, 0x32,
  0x2f, 0x74, 0x66, 0x2e, 0x73, 0x70, 0x6c, 0x69, 0x74, 0x5f, 0x35, 0x31,
  0x31, 0x2f, 0x73, 0x70, 0x6c, 0x69, 0x74, 0x31, 0x3b, 0x6d, 0x6f, 0x64,
  0x65, 0x6c, 0x5f, 0x39, 0x32, 0x2f, 0x74, 0x66, 0x2e, 0x73, 0x70, 0x6c,
  0x69, 0x74, 0x5f, 0x35, 0x31, 0x31, 0x2f, 0x73, 0x70, 0x6c, 0x69, 0x74,
  0x32, 0x3b, 0x6d, 0x6f, 0x64, 0x65, 0x6c, 0x5f, 0x39, 0x32, 0x2f, 0x74,
  0x66, 0x2e, 0x73, 0x70, 0x6c, 0x69, 0x74, 0x5f, 0x35, 0x31, 0x31, 0x2f,
  0x73, 0x70, 0x6c, 0x69, 0x74, 0x33, 0x33, 0x00, 0x02, 0x00, 0x00, 0x00,
  0x01, 0x00, 0x00, 0x00, 0x10, 0x00, 0x00, 0x00, 0xba, 0x77, 0xff, 0xff,
  0x00, 0x00, 0x00, 0x01, 0x14, 0x00, 0x00, 0x00, 0x30, 0x00, 0x00, 0x00,
  0x61, 0x00, 0x00, 0x00, 0x00, 0x00, 0x00, 0x09, 0x9c, 0x00, 0x00, 0x00,
  0xa4, 0x77, 0xff, 0xff, 0x08, 0x00, 0x00, 0x00, 0x10, 0x00, 0x00, 0x00,
  0x01, 0x00, 0x00, 0x00, 0xf8, 0xff, 0xff, 0xff, 0xff, 0xff, 0xff, 0xff,
  0x01, 0x00, 0x00, 0x00, 0x0c, 0x5b, 0x3f, 0x3f, 0x73, 0x00, 0x00, 0x00,
  0x6d, 0x6f, 0x64, 0x65, 0x6c, 0x5f, 0x39, 0x32, 0x2f, 0x74, 0x66, 0x2e,
  0x73, 0x70, 0x6c, 0x69, 0x74, 0x5f, 0x35, 0x31, 0x31, 0x2f, 0x73, 0x70,
  0x6c, 0x69, 0x74, 0x3b, 0x6d, 0x6f, 0x64, 0x65, 0x6c, 0x5f, 0x39, 0x32,
  0x2f, 0x74, 0x66, 0x2e, 0x73, 0x70, 0x6c, 0x69, 0x74, 0x5f, 0x35, 0x31,
  0x31, 0x2f, 0x73, 0x70, 0x6c, 0x69, 0x74, 0x31, 0x3b, 0x6d, 0x6f, 0x64,
  0x65, 0x6c, 0x5f, 0x39, 0x32, 0x2f, 0x74, 0x66, 0x2e, 0x73, 0x70, 0x6c,
  0x69, 0x74, 0x5f, 0x35, 0x31, 0x31, 0x2f, 0x73, 0x70, 0x6c, 0x69, 0x74,
  0x32, 0x3b, 0x6d, 0x6f, 0x64, 0x65, 0x6c, 0x5f, 0x39, 0x32, 0x2f, 0x74,
  0x66, 0x2e, 0x73, 0x70, 0x6c, 0x69, 0x74, 0x5f, 0x35, 0x31, 0x31, 0x2f,
  0x73, 0x70, 0x6c, 0x69, 0x74, 0x33, 0x32, 0x00, 0x02, 0x00, 0x00, 0x00,
  0x01, 0x00, 0x00, 0x00, 0x10, 0x00, 0x00, 0x00, 0x7a, 0x78, 0xff, 0xff,
  0x00, 0x00, 0x00, 0x01, 0x14, 0x00, 0x00, 0x00, 0x30, 0x00, 0x00, 0x00,
  0x60, 0x00, 0x00, 0x00, 0x00, 0x00, 0x00, 0x09, 0x9c, 0x00, 0x00, 0x00,
  0x64, 0x78, 0xff, 0xff, 0x08, 0x00, 0x00, 0x00, 0x10, 0x00, 0x00, 0x00,
  0x01, 0x00, 0x00, 0x00, 0xf8, 0xff, 0xff, 0xff, 0xff, 0xff, 0xff, 0xff,
  0x01, 0x00, 0x00, 0x00, 0x0c, 0x5b, 0x3f, 0x3f, 0x73, 0x00, 0x00, 0x00,
  0x6d, 0x6f, 0x64, 0x65, 0x6c, 0x5f, 0x39, 0x32, 0x2f, 0x74, 0x66, 0x2e,
  0x73, 0x70, 0x6c, 0x69, 0x74, 0x5f, 0x35, 0x31, 0x31, 0x2f, 0x73, 0x70,
  0x6c, 0x69, 0x74, 0x3b, 0x6d, 0x6f, 0x64, 0x65, 0x6c, 0x5f, 0x39, 0x32,
  0x2f, 0x74, 0x66, 0x2e, 0x73, 0x70, 0x6c, 0x69, 0x74, 0x5f, 0x35, 0x31,
  0x31, 0x2f, 0x73, 0x70, 0x6c, 0x69, 0x74, 0x31, 0x3b, 0x6d, 0x6f, 0x64,
  0x65, 0x6c, 0x5f, 0x39, 0x32, 0x2f, 0x74, 0x66, 0x2e, 0x73, 0x70, 0x6c,
  0x69, 0x74, 0x5f, 0x35, 0x31, 0x31, 0x2f, 0x73, 0x70, 0x6c, 0x69, 0x74,
  0x32, 0x3b, 0x6d, 0x6f, 0x64, 0x65, 0x6c, 0x5f, 0x39, 0x32, 0x2f, 0x74,
  0x66, 0x2e, 0x73, 0x70, 0x6c, 0x69, 0x74, 0x5f, 0x35, 0x31, 0x31, 0x2f,
  0x73, 0x70, 0x6c, 0x69, 0x74, 0x33, 0x31, 0x00, 0x02, 0x00, 0x00, 0x00,
  0x01, 0x00, 0x00, 0x00, 0x10, 0x00, 0x00, 0x00, 0x3a, 0x79, 0xff, 0xff,
  0x00, 0x00, 0x00, 0x01, 0x14, 0x00, 0x00, 0x00, 0x30, 0x00, 0x00, 0x00,
  0x5f, 0x00, 0x00, 0x00, 0x00, 0x00, 0x00, 0x09, 0x9c, 0x00, 0x00, 0x00,
  0x24, 0x79, 0xff, 0xff, 0x08, 0x00, 0x00, 0x00, 0x10, 0x00, 0x00, 0x00,
  0x01, 0x00, 0x00, 0x00, 0xf8, 0xff, 0xff, 0xff, 0xff, 0xff, 0xff, 0xff,
  0x01, 0x00, 0x00, 0x00, 0x0c, 0x5b, 0x3f, 0x3f, 0x72, 0x00, 0x00, 0x00,
  0x6d, 0x6f, 0x64, 0x65, 0x6c, 0x5f, 0x39, 0x32, 0x2f, 0x74, 0x66, 0x2e,
  0x73, 0x70, 0x6c, 0x69, 0x74, 0x5f, 0x35, 0x31, 0x31, 0x2f, 0x73, 0x70,
  0x6c, 0x69, 0x74, 0x3b, 0x6d, 0x6f, 0x64, 0x65, 0x6c, 0x5f, 0x39, 0x32,
  0x2f, 0x74, 0x66, 0x2e, 0x73, 0x70, 0x6c, 0x69, 0x74, 0x5f, 0x35, 0x31,
  0x31, 0x2f, 0x73, 0x70, 0x6c, 0x69, 0x74, 0x31, 0x3b, 0x6d, 0x6f, 0x64,
  0x65, 0x6c, 0x5f, 0x39, 0x32, 0x2f, 0x74, 0x66, 0x2e, 0x73, 0x70, 0x6c,
  0x69, 0x74, 0x5f, 0x35, 0x31, 0x31, 0x2f, 0x73, 0x70, 0x6c, 0x69, 0x74,
  0x32, 0x3b, 0x6d, 0x6f, 0x64, 0x65, 0x6c, 0x5f, 0x39, 0x32, 0x2f, 0x74,
  0x66, 0x2e, 0x73, 0x70, 0x6c, 0x69, 0x74, 0x5f, 0x35, 0x31, 0x31, 0x2f,
  0x73, 0x70, 0x6c, 0x69, 0x74, 0x33, 0x00, 0x00, 0x02, 0x00, 0x00, 0x00,
  0x01, 0x00, 0x00, 0x00, 0x10, 0x00, 0x00, 0x00, 0xfa, 0x79, 0xff, 0xff,
  0x00, 0x00, 0x00, 0x01, 0x14, 0x00, 0x00, 0x00, 0x34, 0x00, 0x00, 0x00,
  0x5e, 0x00, 0x00, 0x00, 0x00, 0x00, 0x00, 0x09, 0x4c, 0x00, 0x00, 0x00,
  0xe4, 0x79, 0xff, 0xff, 0x08, 0x00, 0x00, 0x00, 0x14, 0x00, 0x00, 0x00,
  0x01, 0x00, 0x00, 0x00, 0xf8, 0xff, 0xff, 0xff, 0xff, 0xff, 0xff, 0xff,
  0x00, 0x00, 0x00, 0x00, 0x01, 0x00, 0x00, 0x00, 0x0c, 0x5b, 0x3f, 0x3f,
  0x1d, 0x00, 0x00, 0x00, 0x6d, 0x6f, 0x64, 0x65, 0x6c, 0x5f, 0x39, 0x32,
  0x2f, 0x74, 0x66, 0x2e, 0x6d, 0x61, 0x74, 0x68, 0x2e, 0x61, 0x64, 0x64,
  0x5f, 0x31, 0x30, 0x32, 0x32, 0x2f, 0x41, 0x64, 0x64, 0x00, 0x00, 0x00,
  0x02, 0x00, 0x00, 0x00, 0x01, 0x00, 0x00, 0x00, 0x40, 0x00, 0x00, 0x00,
  0x6a, 0x7a, 0xff, 0xff, 0x00, 0x00, 0x00, 0x01, 0x14, 0x00, 0x00, 0x00,
  0x34, 0x00, 0x00, 0x00, 0x5d, 0x00, 0x00, 0x00, 0x00, 0x00, 0x00, 0x09,
  0x7c, 0x00, 0x00, 0x00, 0x54, 0x7a, 0xff, 0xff, 0x08, 0x00, 0x00, 0x00,
  0x14, 0x00, 0x00, 0x00, 0x01, 0x00, 0x00, 0x00, 0xf8, 0xff, 0xff, 0xff,
  0xff, 0xff, 0xff, 0xff, 0x00, 0x00, 0x00, 0x00, 0x01, 0x00, 0x00, 0x00,
  0x0c, 0x5b, 0x3f, 0x3f, 0x4e, 0x00, 0x00, 0x00, 0x6d, 0x6f, 0x64, 0x65,
  0x6c, 0x5f, 0x39, 0x32, 0x2f, 0x74, 0x66, 0x2e, 0x6c, 0x69, 0x6e, 0x61,
  0x6c, 0x67, 0x2e, 0x6d, 0x61, 0x74, 0x6d, 0x75, 0x6c, 0x5f, 0x31, 0x30,
  0x30, 0x34, 0x2f, 0x4d, 0x61, 0x74, 0x4d, 0x75, 0x6c, 0x3b, 0x6d, 0x6f,
  0x64, 0x65, 0x6c, 0x5f, 0x39, 0x32, 0x2f, 0x74, 0x66, 0x2e, 0x5f, 0x5f,
  0x6f, 0x70, 0x65, 0x72, 0x61, 0x74, 0x6f, 0x72, 0x73, 0x5f, 0x5f, 0x2e,
  0x61, 0x64, 0x64, 0x5f, 0x31, 0x35, 0x38, 0x30, 0x2f, 0x41, 0x64, 0x64,
  0x56, 0x32, 0x00, 0x00, 0x02, 0x00, 0x00, 0x00, 0x01, 0x00, 0x00, 0x00,
  0x40, 0x00, 0x00, 0x00, 0x0a, 0x7b, 0xff, 0xff, 0x00, 0x00, 0x00, 0x01,
  0x14, 0x00, 0x00, 0x00, 0x30, 0x00, 0x00, 0x00, 0x5c, 0x00, 0x00, 0x00,
  0x00, 0x00, 0x00, 0x09, 0x4c, 0x00, 0x00, 0x00, 0xf4, 0x7a, 0xff, 0xff,
  0x08, 0x00, 0x00, 0x00, 0x10, 0x00, 0x00, 0x00, 0x01, 0x00, 0x00, 0x00,
  0xff, 0xff, 0xff, 0xff, 0xff, 0xff, 0xff, 0xff, 0x01, 0x00, 0x00, 0x00,
  0x81, 0x80, 0x00, 0x3c, 0x23, 0x00, 0x00, 0x00, 0x6d, 0x6f, 0x64, 0x65,
  0x6c, 0x5f, 0x39, 0x32, 0x2f, 0x74, 0x66, 0x2e, 0x6d, 0x61, 0x74, 0x68,
  0x2e, 0x6d, 0x75, 0x6c, 0x74, 0x69, 0x70, 0x6c, 0x79, 0x5f, 0x31, 0x30,
  0x37, 0x33, 0x34, 0x2f, 0x4d, 0x75, 0x6c, 0x00, 0x02, 0x00, 0x00, 0x00,
  0x01, 0x00, 0x00, 0x00, 0x10, 0x00, 0x00, 0x00, 0x7a, 0x7b, 0xff, 0xff,
  0x00, 0x00, 0x00, 0x01, 0x14, 0x00, 0x00, 0x00, 0x34, 0x00, 0x00, 0x00,
  0x5b, 0x00, 0x00, 0x00, 0x00, 0x00, 0x00, 0x09, 0x4c, 0x00, 0x00, 0x00,
  0x64, 0x7b, 0xff, 0xff, 0x08, 0x00, 0x00, 0x00, 0x14, 0x00, 0x00, 0x00,
  0x01, 0x00, 0x00, 0x00, 0x00, 0x00, 0x00, 0x00, 0x00, 0x00, 0x00, 0x00,
  0x00, 0x00, 0x00, 0x00, 0x01, 0x00, 0x00, 0x00, 0x00, 0x00, 0x00, 0x3c,
  0x1f, 0x00, 0x00, 0x00, 0x6d, 0x6f, 0x64, 0x65, 0x6c, 0x5f, 0x39, 0x32,
  0x2f, 0x74, 0x66, 0x2e, 0x6d, 0x61, 0x74, 0x68, 0x2e, 0x74, 0x61, 0x6e,
  0x68, 0x5f, 0x31, 0x30, 0x32, 0x31, 0x2f, 0x54, 0x61, 0x6e, 0x68, 0x00,
  0x02, 0x00, 0x00, 0x00, 0x01, 0x00, 0x00, 0x00, 0x10, 0x00, 0x00, 0x00,
  0xea, 0x7b, 0xff, 0xff, 0x00, 0x00, 0x00, 0x01, 0x14, 0x00, 0x00, 0x00,
  0x30, 0x00, 0x00, 0x00, 0x5a, 0x00, 0x00, 0x00, 0x00, 0x00, 0x00, 0x09,
  0x4c, 0x00, 0x00, 0x00, 0xd4, 0x7b, 0xff, 0xff, 0x08, 0x00, 0x00, 0x00,
  0x10, 0x00, 0x00, 0x00, 0x01, 0x00, 0x00, 0x00, 0xff, 0xff, 0xff, 0xff,
  0xff, 0xff, 0xff, 0xff, 0x01, 0x00, 0x00, 0x00, 0x81, 0x80, 0x00, 0x3c,
  0x23, 0x00, 0x00, 0x00, 0x6d, 0x6f, 0x64, 0x65, 0x6c, 0x5f, 0x39, 0x32,
  0x2f, 0x74, 0x66, 0x2e, 0x6d, 0x61, 0x74, 0x68, 0x2e, 0x6d, 0x75, 0x6c,
  0x74, 0x69, 0x70, 0x6c, 0x79, 0x5f, 0x31, 0x30, 0x37, 0x32, 0x37, 0x2f,
  0x4d, 0x75, 0x6c, 0x00, 0x02, 0x00, 0x00, 0x00, 0x01, 0x00, 0x00, 0x00,
  0x10, 0x00, 0x00, 0x00, 0x5a, 0x7c, 0xff, 0xff, 0x00, 0x00, 0x00, 0x01,
  0x14, 0x00, 0x00, 0x00, 0x34, 0x00, 0x00, 0x00, 0x59, 0x00, 0x00, 0x00,
  0x00, 0x00, 0x00, 0x09, 0x4c, 0x00, 0x00, 0x00, 0x44, 0x7c, 0xff, 0xff,
  0x08, 0x00, 0x00, 0x00, 0x14, 0x00, 0x00, 0x00, 0x01, 0x00, 0x00, 0x00,
  0x00, 0x00, 0x00, 0x00, 0x00, 0x00, 0x00, 0x00, 0x00, 0x00, 0x00, 0x00,
  0x01, 0x00, 0x00, 0x00, 0x00, 0x00, 0x00, 0x3c, 0x1f, 0x00, 0x00, 0x00,
  0x6d, 0x6f, 0x64, 0x65, 0x6c, 0x5f, 0x39, 0x32, 0x2f, 0x74, 0x66, 0x2e,
  0x6d, 0x61, 0x74, 0x68, 0x2e, 0x74, 0x61, 0x6e, 0x68, 0x5f, 0x31, 0x30,
  0x32, 0x30, 0x2f, 0x54, 0x61, 0x6e, 0x68, 0x00, 0x02, 0x00, 0x00, 0x00,
  0x01, 0x00, 0x00, 0x00, 0x10, 0x00, 0x00, 0x00, 0xca, 0x7c, 0xff, 0xff,
  0x00, 0x00, 0x00, 0x01, 0x14, 0x00, 0x00, 0x00, 0x34, 0x00, 0x00, 0x00,
  0x58, 0x00, 0x00, 0x00, 0x00, 0x00, 0x00, 0x09, 0x54, 0x00, 0x00, 0x00,
  0xb4, 0x7c, 0xff, 0xff, 0x08, 0x00, 0x00, 0x00, 0x14, 0x00, 0x00, 0x00,
  0x01, 0x00, 0x00, 0x00, 0x80, 0xff, 0xff, 0xff, 0xff, 0xff, 0xff, 0xff,
  0x00, 0x00, 0x00, 0x00, 0x01, 0x00, 0x00, 0x00, 0x00, 0x00, 0x80, 0x3b,
  0x25, 0x00, 0x00, 0x00, 0x6d, 0x6f, 0x64, 0x65, 0x6c, 0x5f, 0x39, 0x32,
  0x2f, 0x74, 0x66, 0x2e, 0x6d, 0x61, 0x74, 0x68, 0x2e, 0x73, 0x69, 0x67,
  0x6d, 0x6f, 0x69, 0x64, 0x5f, 0x31, 0x35, 0x33, 0x32, 0x2f, 0x53, 0x69,
  0x67, 0x6d, 0x6f, 0x69, 0x64, 0x00, 0x00, 0x00, 0x02, 0x00, 0x00, 0x00,
  0x01, 0x00, 0x00, 0x00, 0x10, 0x00, 0x00, 0x00, 0x42, 0x7d, 0xff, 0xff,
  0x00, 0x00, 0x00, 0x01, 0x14, 0x00, 0x00, 0x00, 0x34, 0x00, 0x00, 0x00,
  0x57, 0x00, 0x00, 0x00, 0x00, 0x00, 0x00, 0x09, 0x54, 0x00, 0x00, 0x00,
  0x2c, 0x7d, 0xff, 0xff, 0x08, 0x00, 0x00, 0x00, 0x14, 0x00, 0x00, 0x00,
  0x01, 0x00, 0x00, 0x00, 0x80, 0xff, 0xff, 0xff, 0xff, 0xff, 0xff, 0xff,
  0x00, 0x00, 0x00, 0x00, 0x01, 0x00, 0x00, 0x00, 0x00, 0x00, 0x80, 0x3b,
  0x25, 0x00, 0x00, 0x00, 0x6d, 0x6f, 0x64, 0x65, 0x6c, 0x5f, 0x39, 0x32,
  0x2f, 0x74, 0x66, 0x2e, 0x6d, 0x61, 0x74, 0x68, 0x2e, 0x73, 0x69, 0x67,
  0x6d, 0x6f, 0x69, 0x64, 0x5f, 0x31, 0x35, 0x33, 0x30, 0x2f, 0x53, 0x69,
  0x67, 0x6d, 0x6f, 0x69, 0x64, 0x00, 0x00, 0x00, 0x02, 0x00, 0x00, 0x00,
  0x01, 0x00, 0x00, 0x00, 0x10, 0x00, 0x00, 0x00, 0xba, 0x7d, 0xff, 0xff,
  0x00, 0x00, 0x00, 0x01, 0x14, 0x00, 0x00, 0x00, 0x30, 0x00, 0x00, 0x00,
  0x56, 0x00, 0x00, 0x00, 0x00, 0x00, 0x00, 0x09, 0x9c, 0x00, 0x00, 0x00,
  0xa4, 0x7d, 0xff, 0xff, 0x08, 0x00, 0x00, 0x00, 0x10, 0x00, 0x00, 0x00,
  0x01, 0x00, 0x00, 0x00, 0xf8, 0xff, 0xff, 0xff, 0xff, 0xff, 0xff, 0xff,
  0x01, 0x00, 0x00, 0x00, 0x0c, 0x19, 0x40, 0x3f, 0x73, 0x00, 0x00, 0x00,
  0x6d, 0x6f, 0x64, 0x65, 0x6c, 0x5f, 0x39, 0x32, 0x2f, 0x74, 0x66, 0x2e,
  0x73, 0x70, 0x6c, 0x69, 0x74, 0x5f, 0x35, 0x31, 0x30, 0x2f, 0x73, 0x70,
  0x6c, 0x69, 0x74, 0x3b, 0x6d, 0x6f, 0x64, 0x65, 0x6c, 0x5f, 0x39, 0x32,
  0x2f, 0x74, 0x66, 0x2e, 0x73, 0x70, 0x6c, 0x69, 0x74, 0x5f, 0x35, 0x31,
  0x30, 0x2f, 0x73, 0x70, 0x6c, 0x69, 0x74, 0x31, 0x3b, 0x6d, 0x6f, 0x64,
  0x65, 0x6c, 0x5f, 0x39, 0x32, 0x2f, 0x74, 0x66, 0x2e, 0x73, 0x70, 0x6c,
  0x69, 0x74, 0x5f, 0x35, 0x31, 0x30, 0x2f, 0x73, 0x70, 0x6c, 0x69, 0x74,
  0x32, 0x3b, 0x6d, 0x6f, 0x64, 0x65, 0x6c, 0x5f, 0x39, 0x32, 0x2f, 0x74,
  0x66, 0x2e, 0x73, 0x70, 0x6c, 0x69, 0x74, 0x5f, 0x35, 0x31, 0x30, 0x2f,
  0x73, 0x70, 0x6c, 0x69, 0x74, 0x33, 0x33, 0x00, 0x02, 0x00, 0x00, 0x00,
  0x01, 0x00, 0x00, 0x00, 0x10, 0x00, 0x00, 0x00, 0x7a, 0x7e, 0xff, 0xff,
  0x00, 0x00, 0x00, 0x01, 0x14, 0x00, 0x00, 0x00, 0x30, 0x00, 0x00, 0x00,
  0x55, 0x00, 0x00, 0x00, 0x00, 0x00, 0x00, 0x09, 0x9c, 0x00, 0x00, 0x00,
  0x64, 0x7e, 0xff, 0xff, 0x08, 0x00, 0x00, 0x00, 0x10, 0x00, 0x00, 0x00,
  0x01, 0x00, 0x00, 0x00, 0xf8, 0xff, 0xff, 0xff, 0xff, 0xff, 0xff, 0xff,
  0x01, 0x00, 0x00, 0x00, 0x0c, 0x19, 0x40, 0x3f, 0x73, 0x00, 0x00, 0x00,
  0x6d, 0x6f, 0x64, 0x65, 0x6c, 0x5f, 0x39, 0x32, 0x2f, 0x74, 0x66, 0x2e,
  0x73, 0x70, 0x6c, 0x69, 0x74, 0x5f, 0x35, 0x31, 0x30, 0x2f, 0x73, 0x70,
  0x6c, 0x69, 0x74, 0x3b, 0x6d, 0x6f, 0x64, 0x65, 0x6c, 0x5f, 0x39, 0x32,
  0x2f, 0x74, 0x66, 0x2e, 0x73, 0x70, 0x6c, 0x69, 0x74, 0x5f, 0x35, 0x31,
  0x30, 0x2f, 0x73, 0x70, 0x6c, 0x69, 0x74, 0x31, 0x3b, 0x6d, 0x6f, 0x64,
  0x65, 0x6c, 0x5f, 0x39, 0x32, 0x2f, 0x74, 0x66, 0x2e, 0x73, 0x70, 0x6c,
  0x69, 0x74, 0x5f, 0x35, 0x31, 0x30, 0x2f, 0x73, 0x70, 0x6c, 0x69, 0x74,
  0x32, 0x3b, 0x6d, 0x6f, 0x64, 0x65, 0x6c, 0x5f, 0x39, 0x32, 0x2f, 0x74,
  0x66, 0x2e, 0x73, 0x70, 0x6c, 0x69, 0x74, 0x5f, 0x35, 0x31, 0x30, 0x2f,
  0x73, 0x70, 0x6c, 0x69, 0x74, 0x33, 0x32, 0x00, 0x02, 0x00, 0x00, 0x00,
  0x01, 0x00, 0x00, 0x00, 0x10, 0x00, 0x00, 0x00, 0x3a, 0x7f, 0xff, 0xff,
  0x00, 0x00, 0x00, 0x01, 0x14, 0x00, 0x00, 0x00, 0x30, 0x00, 0x00, 0x00,
  0x54, 0x00, 0x00, 0x00, 0x00, 0x00, 0x00, 0x09, 0x9c, 0x00, 0x00, 0x00,
  0x24, 0x7f, 0xff, 0xff, 0x08, 0x00, 0x00, 0x00, 0x10, 0x00, 0x00, 0x00,
  0x01, 0x00, 0x00, 0x00, 0xf8, 0xff, 0xff, 0xff, 0xff, 0xff, 0xff, 0xff,
  0x01, 0x00, 0x00, 0x00, 0x0c, 0x19, 0x40, 0x3f, 0x73, 0x00, 0x00, 0x00,
  0x6d, 0x6f, 0x64, 0x65, 0x6c, 0x5f, 0x39, 0x32, 0x2f, 0x74, 0x66, 0x2e,
  0x73, 0x70, 0x6c, 0x69, 0x74, 0x5f, 0x35, 0x31, 0x30, 0x2f, 0x73, 0x70,
  0x6c, 0x69, 0x74, 0x3b, 0x6d, 0x6f, 0x64, 0x65, 0x6c, 0x5f, 0x39, 0x32,
  0x2f, 0x74, 0x66, 0x2e, 0x73, 0x70, 0x6c, 0x69, 0x74, 0x5f, 0x35, 0x31,
  0x30, 0x2f, 0x73, 0x70, 0x6c, 0x69, 0x74, 0x31, 0x3b, 0x6d, 0x6f, 0x64,
  0x65, 0x6c, 0x5f, 0x39, 0x32, 0x2f, 0x74, 0x66, 0x2e, 0x73, 0x70, 0x6c,
  0x69, 0x74, 0x5f, 0x35, 0x31, 0x30, 0x2f, 0x73, 0x70, 0x6c, 0x69, 0x74,
  0x32, 0x3b, 0x6d, 0x6f, 0x64, 0x65, 0x6c, 0x5f, 0x39, 0x32, 0x2f, 0x74,
  0x66, 0x2e, 0x73, 0x70, 0x6c, 0x69, 0x74, 0x5f, 0x35, 0x31, 0x30, 0x2f,
  0x73, 0x70, 0x6c, 0x69, 0x74, 0x33, 0x31, 0x00, 0x02, 0x00, 0x00, 0x00,
  0x01, 0x00, 0x00, 0x00, 0x10, 0x00, 0x00, 0x00, 0xfa, 0x7f, 0xff, 0xff,
  0x00, 0x00, 0x00, 0x01, 0x14, 0x00, 0x00, 0x00, 0x30, 0x00, 0x00, 0x00,
  0x53, 0x00, 0x00, 0x00, 0x00, 0x00, 0x00, 0x09, 0x9c, 0x00, 0x00, 0x00,
  0xe4, 0x7f, 0xff, 0xff, 0x08, 0x00, 0x00, 0x00, 0x10, 0x00, 0x00, 0x00,
  0x01, 0x00, 0x00, 0x00, 0xf8, 0xff, 0xff, 0xff, 0xff, 0xff, 0xff, 0xff,
  0x01, 0x00, 0x00, 0x00, 0x0c, 0x19, 0x40, 0x3f, 0x72, 0x00, 0x00, 0x00,
  0x6d, 0x6f, 0x64, 0x65, 0x6c, 0x5f, 0x39, 0x32, 0x2f, 0x74, 0x66, 0x2e,
  0x73, 0x70, 0x6c, 0x69, 0x74, 0x5f, 0x35, 0x31, 0x30, 0x2f, 0x73, 0x70,
  0x6c, 0x69, 0x74, 0x3b, 0x6d, 0x6f, 0x64, 0x65, 0x6c, 0x5f, 0x39, 0x32,
  0x2f, 0x74, 0x66, 0x2e, 0x73, 0x70, 0x6c, 0x69, 0x74, 0x5f, 0x35, 0x31,
  0x30, 0x2f, 0x73, 0x70, 0x6c, 0x69, 0x74, 0x31, 0x3b, 0x6d, 0x6f, 0x64,
  0x65, 0x6c, 0x5f, 0x39, 0x32, 0x2f, 0x74, 0x66, 0x2e, 0x73, 0x70, 0x6c,
  0x69, 0x74, 0x5f, 0x35, 0x31, 0x30, 0x2f, 0x73, 0x70, 0x6c, 0x69, 0x74,
  0x32, 0x3b, 0x6d, 0x6f, 0x64, 0x65, 0x6c, 0x5f, 0x39, 0x32, 0x2f, 0x74,
  0x66, 0x2e, 0x73, 0x70, 0x6c, 0x69, 0x74, 0x5f, 0x35, 0x31, 0x30, 0x2f,
  0x73, 0x70, 0x6c, 0x69, 0x74, 0x33, 0x00, 0x00, 0x02, 0x00, 0x00, 0x00,
  0x01, 0x00, 0x00, 0x00, 0x10, 0x00, 0x00, 0x00, 0xba, 0x80, 0xff, 0xff,
  0x00, 0x00, 0x00, 0x01, 0x14, 0x00, 0x00, 0x00, 0x34, 0x00, 0x00, 0x00,
  0x52, 0x00, 0x00, 0x00, 0x00, 0x00, 0x00, 0x09, 0xa4, 0x00, 0x00, 0x00,
  0xa4, 0x80, 0xff, 0xff, 0x08, 0x00, 0x00, 0x00, 0x14, 0x00, 0x00, 0x00,
  0x01, 0x00, 0x00, 0x00, 0xf8, 0xff, 0xff, 0xff, 0xff, 0xff, 0xff, 0xff,
  0x00, 0x00, 0x00, 0x00, 0x01, 0x00, 0x00, 0x00, 0x0c, 0x19, 0x40, 0x3f,
  0x74, 0x00, 0x00, 0x00, 0x6d, 0x6f, 0x64, 0x65, 0x6c, 0x5f, 0x39, 0x32,
  0x2f, 0x74, 0x66, 0x2e, 0x6c, 0x69, 0x6e, 0x61, 0x6c, 0x67, 0x2e, 0x6d,
  0x61, 0x74, 0x6d, 0x75, 0x6c, 0x5f, 0x39, 0x38, 0x39, 0x2f, 0x4d, 0x61,
  0x74, 0x4d, 0x75, 0x6c, 0x3b, 0x6d, 0x6f, 0x64, 0x65, 0x6c, 0x5f, 0x39,
  0x32, 0x2f, 0x74, 0x66, 0x2e, 0x6d, 0x61, 0x74, 0x68, 0x2e, 0x61, 0x64,
  0x64, 0x5f, 0x31, 0x30, 0x32, 0x30, 0x2f, 0x41, 0x64, 0x64, 0x3b, 0x6d,
  0x6f, 0x64, 0x65, 0x6c, 0x5f, 0x39, 0x32, 0x2f, 0x74, 0x66, 0x2e, 0x5f,
  0x5f, 0x6f, 0x70, 0x65, 0x72, 0x61, 0x74, 0x6f, 0x72, 0x73, 0x5f, 0x5f,
  0x2e, 0x61, 0x64, 0x64, 0x5f, 0x31, 0x35, 0x36, 0x35, 0x2f, 0x41, 0x64,
  0x64, 0x56, 0x32, 0x3b, 0x43, 0x6f, 0x6e, 0x73, 0x74, 0x5f, 0x38, 0x37,
  0x00, 0x00, 0x00, 0x00, 0x02, 0x00, 0x00, 0x00, 0x01, 0x00, 0x00, 0x00,
  0x40, 0x00, 0x00, 0x00, 0x82, 0x81, 0xff, 0xff, 0x00, 0x00, 0x00, 0x01,
  0x14, 0x00, 0x00, 0x00, 0x34, 0x00, 0x00, 0x00, 0x51, 0x00, 0x00, 0x00,
  0x00, 0x00, 0x00, 0x09, 0x7c, 0x00, 0x00, 0x00, 0x6c, 0x81, 0xff, 0xff,
  0x08, 0x00, 0x00, 0x00, 0x14, 0x00, 0x00, 0x00, 0x01, 0x00, 0x00, 0x00,
  0xf8, 0xff, 0xff, 0xff, 0xff, 0xff, 0xff, 0xff, 0x00, 0x00, 0x00, 0x00,
  0x01, 0x00, 0x00, 0x00, 0xf3, 0x22, 0x40, 0x3f, 0x4d, 0x00, 0x00, 0x00,
  0x6d, 0x6f, 0x64, 0x65, 0x6c, 0x5f, 0x39, 0x32, 0x2f, 0x74, 0x66, 0x2e,
  0x6c, 0x69, 0x6e, 0x61, 0x6c, 0x67, 0x2e, 0x6d, 0x61, 0x74, 0x6d, 0x75,
  0x6c, 0x5f, 0x39, 0x39, 0x39, 0x2f, 0x4d, 0x61, 0x74, 0x4d, 0x75, 0x6c,
  0x3b, 0x6d, 0x6f, 0x64, 0x65, 0x6c, 0x5f, 0x39, 0x32, 0x2f, 0x74, 0x66,
  0x2e, 0x5f, 0x5f, 0x6f, 0x70, 0x65, 0x72, 0x61, 0x74, 0x6f, 0x72, 0x73,
  0x5f, 0x5f, 0x2e, 0x61, 0x64, 0x64, 0x5f, 0x31, 0x35, 0x37, 0x35, 0x2f,
  0x41, 0x64, 0x64, 0x56, 0x32, 0x00, 0x00, 0x00, 0x02, 0x00, 0x00, 0x00,
  0x01, 0x00, 0x00, 0x00, 0x40, 0x00, 0x00, 0x00, 0x22, 0x82, 0xff, 0xff,
  0x00, 0x00, 0x00, 0x01, 0x14, 0x00, 0x00, 0x00, 0x34, 0x00, 0x00, 0x00,
  0x50, 0x00, 0x00, 0x00, 0x00, 0x00, 0x00, 0x09, 0x7c, 0x00, 0x00, 0x00,
  0x0c, 0x82, 0xff, 0xff, 0x08, 0x00, 0x00, 0x00, 0x14, 0x00, 0x00, 0x00,
  0x01, 0x00, 0x00, 0x00, 0xf8, 0xff, 0xff, 0xff, 0xff, 0xff, 0xff, 0xff,
  0x00, 0x00, 0x00, 0x00, 0x01, 0x00, 0x00, 0x00, 0xf3, 0x22, 0x40, 0x3f,
  0x4d, 0x00, 0x00, 0x00, 0x6d, 0x6f, 0x64, 0x65, 0x6c, 0x5f, 0x39, 0x32,
  0x2f, 0x74, 0x66, 0x2e, 0x6c, 0x69, 0x6e, 0x61, 0x6c, 0x67, 0x2e, 0x6d,
  0x61, 0x74, 0x6d, 0x75, 0x6c, 0x5f, 0x39, 0x39, 0x38, 0x2f, 0x4d, 0x61,
  0x74, 0x4d, 0x75, 0x6c, 0x3b, 0x6d, 0x6f, 0x64, 0x65, 0x6c, 0x5f, 0x39,
  0x32, 0x2f, 0x74, 0x66, 0x2e, 0x5f, 0x5f, 0x6f, 0x70, 0x65, 0x72, 0x61,
  0x74, 0x6f, 0x72, 0x73, 0x5f, 0x5f, 0x2e, 0x61, 0x64, 0x64, 0x5f, 0x31,
  0x35, 0x37, 0x34, 0x2f, 0x41, 0x64, 0x64, 0x56, 0x32, 0x00, 0x00, 0x00,
  0x02, 0x00, 0x00, 0x00, 0x01, 0x00, 0x00, 0x00, 0x40, 0x00, 0x00, 0x00,
  0xc2, 0x82, 0xff, 0xff, 0x00, 0x00, 0x00, 0x01, 0x14, 0x00, 0x00, 0x00,
  0x34, 0x00, 0x00, 0x00, 0x4f, 0x00, 0x00, 0x00, 0x00, 0x00, 0x00, 0x09,
  0x7c, 0x00, 0x00, 0x00, 0xac, 0x82, 0xff, 0xff, 0x08, 0x00, 0x00, 0x00,
  0x14, 0x00, 0x00, 0x00, 0x01, 0x00, 0x00, 0x00, 0xf8, 0xff, 0xff, 0xff,
  0xff, 0xff, 0xff, 0xff, 0x00, 0x00, 0x00, 0x00, 0x01, 0x00, 0x00, 0x00,
  0xf3, 0x22, 0x40, 0x3f, 0x4d, 0x00, 0x00, 0x00, 0x6d, 0x6f, 0x64, 0x65,
  0x6c, 0x5f, 0x39, 0x32, 0x2f, 0x74, 0x66, 0x2e, 0x6c, 0x69, 0x6e, 0x61,
  0x6c, 0x67, 0x2e, 0x6d, 0x61, 0x74, 0x6d, 0x75, 0x6c, 0x5f, 0x39, 0x39,
  0x37, 0x2f, 0x4d, 0x61, 0x74, 0x4d, 0x75, 0x6c, 0x3b, 0x6d, 0x6f, 0x64,
  0x65, 0x6c, 0x5f, 0x39, 0x32, 0x2f, 0x74, 0x66, 0x2e, 0x5f, 0x5f, 0x6f,
  0x70, 0x65, 0x72, 0x61, 0x74, 0x6f, 0x72, 0x73, 0x5f, 0x5f, 0x2e, 0x61,
  0x64, 0x64, 0x5f, 0x31, 0x35, 0x37, 0x33, 0x2f, 0x41, 0x64, 0x64, 0x56,
  0x32, 0x00, 0x00, 0x00, 0x02, 0x00, 0x00, 0x00, 0x01, 0x00, 0x00, 0x00,
  0x40, 0x00, 0x00, 0x00, 0x62, 0x83, 0xff, 0xff, 0x00, 0x00, 0x00, 0x01,
  0x14, 0x00, 0x00, 0x00, 0x34, 0x00, 0x00, 0x00, 0x4e, 0x00, 0x00, 0x00,
  0x00, 0x00, 0x00, 0x09, 0x7c, 0x00, 0x00, 0x00, 0x4c, 0x83, 0xff, 0xff,
  0x08, 0x00, 0x00, 0x00, 0x14, 0x00, 0x00, 0x00, 0x01, 0x00, 0x00, 0x00,
  0xf8, 0xff, 0xff, 0xff, 0xff, 0xff, 0xff, 0xff, 0x00, 0x00, 0x00, 0x00,
  0x01, 0x00, 0x00, 0x00, 0xf3, 0x22, 0x40, 0x3f, 0x4d, 0x00, 0x00, 0x00,
  0x6d, 0x6f, 0x64, 0x65, 0x6c, 0x5f, 0x39, 0x32, 0x2f, 0x74, 0x66, 0x2e,
  0x6c, 0x69, 0x6e, 0x61, 0x6c, 0x67, 0x2e, 0x6d, 0x61, 0x74, 0x6d, 0x75,
  0x6c, 0x5f, 0x39, 0x39, 0x36, 0x2f, 0x4d, 0x61, 0x74, 0x4d, 0x75, 0x6c,
  0x3b, 0x6d, 0x6f, 0x64, 0x65, 0x6c, 0x5f, 0x39, 0x32, 0x2f, 0x74, 0x66,
  0x2e, 0x5f, 0x5f, 0x6f, 0x70, 0x65, 0x72, 0x61, 0x74, 0x6f, 0x72, 0x73,
  0x5f, 0x5f, 0x2e, 0x61, 0x64, 0x64, 0x5f, 0x31, 0x35, 0x37, 0x32, 0x2f,
  0x41, 0x64, 0x64, 0x56, 0x32, 0x00, 0x00, 0x00, 0x02, 0x00, 0x00, 0x00,
  0x01, 0x00, 0x00, 0x00, 0x40, 0x00, 0x00, 0x00, 0x02, 0x84, 0xff, 0xff,
  0x00, 0x00, 0x00, 0x01, 0x14, 0x00, 0x00, 0x00, 0x34, 0x00, 0x00, 0x00,
  0x4d, 0x00, 0x00, 0x00, 0x00, 0x00, 0x00, 0x09, 0x7c, 0x00, 0x00, 0x00,
  0xec, 0x83, 0xff, 0xff, 0x08, 0x00, 0x00, 0x00, 0x14, 0x00, 0x00, 0x00,
  0x01, 0x00, 0x00, 0x00, 0xf8, 0xff, 0xff, 0xff, 0xff, 0xff, 0xff, 0xff,
  0x00, 0x00, 0x00, 0x00, 0x01, 0x00, 0x00, 0x00, 0xf3, 0x22, 0x40, 0x3f,
  0x4d, 0x00, 0x00, 0x00, 0x6d, 0x6f, 0x64, 0x65, 0x6c, 0x5f, 0x39, 0x32,
  0x2f, 0x74, 0x66, 0x2e, 0x6c, 0x69, 0x6e, 0x61, 0x6c, 0x67, 0x2e, 0x6d,
  0x61, 0x74, 0x6d, 0x75, 0x6c, 0x5f, 0x39, 0x39, 0x35, 0x2f, 0x4d, 0x61,
  0x74, 0x4d, 0x75, 0x6c, 0x3b, 0x6d, 0x6f, 0x64, 0x65, 0x6c, 0x5f, 0x39,
  0x32, 0x2f, 0x74, 0x66, 0x2e, 0x5f, 0x5f, 0x6f, 0x70, 0x65, 0x72, 0x61,
  0x74, 0x6f, 0x72, 0x73, 0x5f, 0x5f, 0x2e, 0x61, 0x64, 0x64, 0x5f, 0x31,
  0x35, 0x37, 0x31, 0x2f, 0x41, 0x64, 0x64, 0x56, 0x32, 0x00, 0x00, 0x00,
  0x02, 0x00, 0x00, 0x00, 0x01, 0x00, 0x00, 0x00, 0x40, 0x00, 0x00, 0x00,
  0xa2, 0x84, 0xff, 0xff, 0x00, 0x00, 0x00, 0x01, 0x14, 0x00, 0x00, 0x00,
  0x34, 0x00, 0x00, 0x00, 0x4c, 0x00, 0x00, 0x00, 0x00, 0x00, 0x00, 0x09,
  0x7c, 0x00, 0x00, 0x00, 0x8c, 0x84, 0xff, 0xff, 0x08, 0x00, 0x00, 0x00,
  0x14, 0x00, 0x00, 0x00, 0x01, 0x00, 0x00, 0x00, 0xf8, 0xff, 0xff, 0xff,
  0xff, 0xff, 0xff, 0xff, 0x00, 0x00, 0x00, 0x00, 0x01, 0x00, 0x00, 0x00,
  0xf3, 0x22, 0x40, 0x3f, 0x4d, 0x00, 0x00, 0x00, 0x6d, 0x6f, 0x64, 0x65,
  0x6c, 0x5f, 0x39, 0x32, 0x2f, 0x74, 0x66, 0x2e, 0x6c, 0x69, 0x6e, 0x61,
  0x6c, 0x67, 0x2e, 0x6d, 0x61, 0x74, 0x6d, 0x75, 0x6c, 0x5f, 0x39, 0x39,
  0x34, 0x2f, 0x4d, 0x61, 0x74, 0x4d, 0x75, 0x6c, 0x3b, 0x6d, 0x6f, 0x64,
  0x65, 0x6c, 0x5f, 0x39, 0x32, 0x2f, 0x74, 0x66, 0x2e, 0x5f, 0x5f, 0x6f,
  0x70, 0x65, 0x72, 0x61, 0x74, 0x6f, 0x72, 0x73, 0x5f, 0x5f, 0x2e, 0x61,
  0x64, 0x64, 0x5f, 0x31, 0x35, 0x37, 0x30, 0x2f, 0x41, 0x64, 0x64, 0x56,
  0x32, 0x00, 0x00, 0x00, 0x02, 0x00, 0x00, 0x00, 0x01, 0x00, 0x00, 0x00,
  0x40, 0x00, 0x00, 0x00, 0x42, 0x85, 0xff, 0xff, 0x00, 0x00, 0x00, 0x01,
  0x14, 0x00, 0x00, 0x00, 0x34, 0x00, 0x00, 0x00, 0x4b, 0x00, 0x00, 0x00,
  0x00, 0x00, 0x00, 0x09, 0x7c, 0x00, 0x00, 0x00, 0x2c, 0x85, 0xff, 0xff,
  0x08, 0x00, 0x00, 0x00, 0x14, 0x00, 0x00, 0x00, 0x01, 0x00, 0x00, 0x00,
  0xf8, 0xff, 0xff, 0xff, 0xff, 0xff, 0xff, 0xff, 0x00, 0x00, 0x00, 0x00,
  0x01, 0x00, 0x00, 0x00, 0xf3, 0x22, 0x40, 0x3f, 0x4d, 0x00, 0x00, 0x00,
  0x6d, 0x6f, 0x64, 0x65, 0x6c, 0x5f, 0x39, 0x32, 0x2f, 0x74, 0x66, 0x2e,
  0x6c, 0x69, 0x6e, 0x61, 0x6c, 0x67, 0x2e, 0x6d, 0x61, 0x74, 0x6d, 0x75,
  0x6c, 0x5f, 0x39, 0x39, 0x33, 0x2f, 0x4d, 0x61, 0x74, 0x4d, 0x75, 0x6c,
  0x3b, 0x6d, 0x6f, 0x64, 0x65, 0x6c, 0x5f, 0x39, 0x32, 0x2f, 0x74, 0x66,
  0x2e, 0x5f, 0x5f, 0x6f, 0x70, 0x65, 0x72, 0x61, 0x74, 0x6f, 0x72, 0x73,
  0x5f, 0x5f, 0x2e, 0x61, 0x64, 0x64, 0x5f, 0x31, 0x35, 0x36, 0x39, 0x2f,
  0x41, 0x64, 0x64, 0x56, 0x32, 0x00, 0x00, 0x00, 0x02, 0x00, 0x00, 0x00,
  0x01, 0x00, 0x00, 0x00, 0x40, 0x00, 0x00, 0x00, 0xe2, 0x85, 0xff, 0xff,
  0x00, 0x00, 0x00, 0x01, 0x14, 0x00, 0x00, 0x00, 0x34, 0x00, 0x00, 0x00,
  0x4a, 0x00, 0x00, 0x00, 0x00, 0x00, 0x00, 0x09, 0x7c, 0x00, 0x00, 0x00,
  0xcc, 0x85, 0xff, 0xff, 0x08, 0x00, 0x00, 0x00, 0x14, 0x00, 0x00, 0x00,
  0x01, 0x00, 0x00, 0x00, 0xf8, 0xff, 0xff, 0xff, 0xff, 0xff, 0xff, 0xff,
  0x00, 0x00, 0x00, 0x00, 0x01, 0x00, 0x00, 0x00, 0xf3, 0x22, 0x40, 0x3f,
  0x4d, 0x00, 0x00, 0x00, 0x6d, 0x6f, 0x64, 0x65, 0x6c, 0x5f, 0x39, 0x32,
  0x2f, 0x74, 0x66, 0x2e, 0x6c, 0x69, 0x6e, 0x61, 0x6c, 0x67, 0x2e, 0x6d,
  0x61, 0x74, 0x6d, 0x75, 0x6c, 0x5f, 0x39, 0x39, 0x32, 0x2f, 0x4d, 0x61,
  0x74, 0x4d, 0x75, 0x6c, 0x3b, 0x6d, 0x6f, 0x64, 0x65, 0x6c, 0x5f, 0x39,
  0x32, 0x2f, 0x74, 0x66, 0x2e, 0x5f, 0x5f, 0x6f, 0x70, 0x65, 0x72, 0x61,
  0x74, 0x6f, 0x72, 0x73, 0x5f, 0x5f, 0x2e, 0x61, 0x64, 0x64, 0x5f, 0x31,
  0x35, 0x36, 0x38, 0x2f, 0x41, 0x64, 0x64, 0x56, 0x32, 0x00, 0x00, 0x00,
  0x02, 0x00, 0x00, 0x00, 0x01, 0x00, 0x00, 0x00, 0x40, 0x00, 0x00, 0x00,
  0x82, 0x86, 0xff, 0xff, 0x00, 0x00, 0x00, 0x01, 0x14, 0x00, 0x00, 0x00,
  0x34, 0x00, 0x00, 0x00, 0x49, 0x00, 0x00, 0x00, 0x00, 0x00, 0x00, 0x09,
  0x7c, 0x00, 0x00, 0x00, 0x6c, 0x86, 0xff, 0xff, 0x08, 0x00, 0x00, 0x00,
  0x14, 0x00, 0x00, 0x00, 0x01, 0x00, 0x00, 0x00, 0xf8, 0xff, 0xff, 0xff,
  0xff, 0xff, 0xff, 0xff, 0x00, 0x00, 0x00, 0x00, 0x01, 0x00, 0x00, 0x00,
  0xf3, 0x22, 0x40, 0x3f, 0x4d, 0x00, 0x00, 0x00, 0x6d, 0x6f, 0x64, 0x65,
  0x6c, 0x5f, 0x39, 0x32, 0x2f, 0x74, 0x66, 0x2e, 0x6c, 0x69, 0x6e, 0x61,
  0x6c, 0x67, 0x2e, 0x6d, 0x61, 0x74, 0x6d, 0x75, 0x6c, 0x5f, 0x39, 0x39,
  0x31, 0x2f, 0x4d, 0x61, 0x74, 0x4d, 0x75, 0x6c, 0x3b, 0x6d, 0x6f, 0x64,
  0x65, 0x6c, 0x5f, 0x39, 0x32, 0x2f, 0x74, 0x66, 0x2e, 0x5f, 0x5f, 0x6f,
  0x70, 0x65, 0x72, 0x61, 0x74, 0x6f, 0x72, 0x73, 0x5f, 0x5f, 0x2e, 0x61,
  0x64, 0x64, 0x5f, 0x31, 0x35, 0x36, 0x37, 0x2f, 0x41, 0x64, 0x64, 0x56,
  0x32, 0x00, 0x00, 0x00, 0x02, 0x00, 0x00, 0x00, 0x01, 0x00, 0x00, 0x00,
  0x40, 0x00, 0x00, 0x00, 0x22, 0x87, 0xff, 0xff, 0x00, 0x00, 0x00, 0x01,
  0x14, 0x00, 0x00, 0x00, 0x34, 0x00, 0x00, 0x00, 0x48, 0x00, 0x00, 0x00,
  0x00, 0x00, 0x00, 0x09, 0x7c, 0x00, 0x00, 0x00, 0x0c, 0x87, 0xff, 0xff,
  0x08, 0x00, 0x00, 0x00, 0x14, 0x00, 0x00, 0x00, 0x01, 0x00, 0x00, 0x00,
  0xf8, 0xff, 0xff, 0xff, 0xff, 0xff, 0xff, 0xff, 0x00, 0x00, 0x00, 0x00,
  0x01, 0x00, 0x00, 0x00, 0xf3, 0x22, 0x40, 0x3f, 0x4d, 0x00, 0x00, 0x00,
  0x6d, 0x6f, 0x64, 0x65, 0x6c, 0x5f, 0x39, 0x32, 0x2f, 0x74, 0x66, 0x2e,
  0x6c, 0x69, 0x6e, 0x61, 0x6c, 0x67, 0x2e, 0x6d, 0x61, 0x74, 0x6d, 0x75,
  0x6c, 0x5f, 0x39, 0x39, 0x30, 0x2f, 0x4d, 0x61, 0x74, 0x4d, 0x75, 0x6c,
  0x3b, 0x6d, 0x6f, 0x64, 0x65, 0x6c, 0x5f, 0x39, 0x32, 0x2f, 0x74, 0x66,
  0x2e, 0x5f, 0x5f, 0x6f, 0x70, 0x65, 0x72, 0x61, 0x74, 0x6f, 0x72, 0x73,
  0x5f, 0x5f, 0x2e, 0x61, 0x64, 0x64, 0x5f, 0x31, 0x35, 0x36, 0x36, 0x2f,
  0x41, 0x64, 0x64, 0x56, 0x32, 0x00, 0x00, 0x00, 0x02, 0x00, 0x00, 0x00,
  0x01, 0x00, 0x00, 0x00, 0x40, 0x00, 0x00, 0x00, 0xc2, 0x87, 0xff, 0xff,
  0x00, 0x00, 0x00, 0x01, 0x14, 0x00, 0x00, 0x00, 0x34, 0x00, 0x00, 0x00,
  0x47, 0x00, 0x00, 0x00, 0x00, 0x00, 0x00, 0x09, 0x7c, 0x00, 0x00, 0x00,
  0xac, 0x87, 0xff, 0xff, 0x08, 0x00, 0x00, 0x00, 0x14, 0x00, 0x00, 0x00,
  0x01, 0x00, 0x00, 0x00, 0xf8, 0xff, 0xff, 0xff, 0xff, 0xff, 0xff, 0xff,
  0x00, 0x00, 0x00, 0x00, 0x01, 0x00, 0x00, 0x00, 0xf3, 0x22, 0x40, 0x3f,
  0x4e, 0x00, 0x00, 0x00, 0x6d, 0x6f, 0x64, 0x65, 0x6c, 0x5f, 0x39, 0x32,
  0x2f, 0x74, 0x66, 0x2e, 0x6c, 0x69, 0x6e, 0x61, 0x6c, 0x67, 0x2e, 0x6d,
  0x61, 0x74, 0x6d, 0x75, 0x6c, 0x5f, 0x31, 0x30, 0x30, 0x33, 0x2f, 0x4d,
  0x61, 0x74, 0x4d, 0x75, 0x6c, 0x3b, 0x6d, 0x6f, 0x64, 0x65, 0x6c, 0x5f,
  0x39, 0x32, 0x2f, 0x74, 0x66, 0x2e, 0x5f, 0x5f, 0x6f, 0x70, 0x65, 0x72,
  0x61, 0x74, 0x6f, 0x72, 0x73, 0x5f, 0x5f, 0x2e, 0x61, 0x64, 0x64, 0x5f,
  0x31, 0x35, 0x37, 0x39, 0x2f, 0x41, 0x64, 0x64, 0x56, 0x32, 0x00, 0x00,
  0x02, 0x00, 0x00, 0x00, 0x01, 0x00, 0x00, 0x00, 0x40, 0x00, 0x00, 0x00,
  0x62, 0x88, 0xff, 0xff, 0x00, 0x00, 0x00, 0x01, 0x14, 0x00, 0x00, 0x00,
  0x34, 0x00, 0x00, 0x00, 0x46, 0x00, 0x00, 0x00, 0x00, 0x00, 0x00, 0x09,
  0x7c, 0x00, 0x00, 0x00, 0x4c, 0x88, 0xff, 0xff, 0x08, 0x00, 0x00, 0x00,
  0x14, 0x00, 0x00, 0x00, 0x01, 0x00, 0x00, 0x00, 0xf8, 0xff, 0xff, 0xff,
  0xff, 0xff, 0xff, 0xff, 0x00, 0x00, 0x00, 0x00, 0x01, 0x00, 0x00, 0x00,
  0xf3, 0x22, 0x40, 0x3f, 0x4e, 0x00, 0x00, 0x00, 0x6d, 0x6f, 0x64, 0x65,
  0x6c, 0x5f, 0x39, 0x32, 0x2f, 0x74, 0x66, 0x2e, 0x6c, 0x69, 0x6e, 0x61,
  0x6c, 0x67, 0x2e, 0x6d, 0x61, 0x74, 0x6d, 0x75, 0x6c, 0x5f, 0x31, 0x30,
  0x30, 0x32, 0x2f, 0x4d, 0x61, 0x74, 0x4d, 0x75, 0x6c, 0x3b, 0x6d, 0x6f,
  0x64, 0x65, 0x6c, 0x5f, 0x39, 0x32, 0x2f, 0x74, 0x66, 0x2e, 0x5f, 0x5f,
  0x6f, 0x70, 0x65, 0x72, 0x61, 0x74, 0x6f, 0x72, 0x73, 0x5f, 0x5f, 0x2e,
  0x61, 0x64, 0x64, 0x5f, 0x31, 0x35, 0x37, 0x38, 0x2f, 0x41, 0x64, 0x64,
  0x56, 0x32, 0x00, 0x00, 0x02, 0x00, 0x00, 0x00, 0x01, 0x00, 0x00, 0x00,
  0x40, 0x00, 0x00, 0x00, 0x02, 0x89, 0xff, 0xff, 0x00, 0x00, 0x00, 0x01,
  0x14, 0x00, 0x00, 0x00, 0x34, 0x00, 0x00, 0x00, 0x45, 0x00, 0x00, 0x00,
  0x00, 0x00, 0x00, 0x09, 0x7c, 0x00, 0x00, 0x00, 0xec, 0x88, 0xff, 0xff,
  0x08, 0x00, 0x00, 0x00, 0x14, 0x00, 0x00, 0x00, 0x01, 0x00, 0x00, 0x00,
  0xf8, 0xff, 0xff, 0xff, 0xff, 0xff, 0xff, 0xff, 0x00, 0x00, 0x00, 0x00,
  0x01, 0x00, 0x00, 0x00, 0xf3, 0x22, 0x40, 0x3f, 0x4e, 0x00, 0x00, 0x00,
  0x6d, 0x6f, 0x64, 0x65, 0x6c, 0x5f, 0x39, 0x32, 0x2f, 0x74, 0x66, 0x2e,
  0x6c, 0x69, 0x6e, 0x61, 0x6c, 0x67, 0x2e, 0x6d, 0x61, 0x74, 0x6d, 0x75,
  0x6c, 0x5f, 0x31, 0x30, 0x30, 0x31, 0x2f, 0x4d, 0x61, 0x74, 0x4d, 0x75,
  0x6c, 0x3b, 0x6d, 0x6f, 0x64, 0x65, 0x6c, 0x5f, 0x39, 0x32, 0x2f, 0x74,
  0x66, 0x2e, 0x5f, 0x5f, 0x6f, 0x70, 0x65, 0x72, 0x61, 0x74, 0x6f, 0x72,
  0x73, 0x5f, 0x5f, 0x2e, 0x61, 0x64, 0x64, 0x5f, 0x31, 0x35, 0x37, 0x37,
  0x2f, 0x41, 0x64, 0x64, 0x56, 0x32, 0x00, 0x00, 0x02, 0x00, 0x00, 0x00,
  0x01, 0x00, 0x00, 0x00, 0x40, 0x00, 0x00, 0x00, 0xa2, 0x89, 0xff, 0xff,
  0x00, 0x00, 0x00, 0x01, 0x14, 0x00, 0x00, 0x00, 0x34, 0x00, 0x00, 0x00,
  0x44, 0x00, 0x00, 0x00, 0x00, 0x00, 0x00, 0x09, 0x7c, 0x00, 0x00, 0x00,
  0x8c, 0x89, 0xff, 0xff, 0x08, 0x00, 0x00, 0x00, 0x14, 0x00, 0x00, 0x00,
  0x01, 0x00, 0x00, 0x00, 0xf8, 0xff, 0xff, 0xff, 0xff, 0xff, 0xff, 0xff,
  0x00, 0x00, 0x00, 0x00, 0x01, 0x00, 0x00, 0x00, 0xf3, 0x22, 0x40, 0x3f,
  0x4e, 0x00, 0x00, 0x00, 0x6d, 0x6f, 0x64, 0x65, 0x6c, 0x5f, 0x39, 0x32,
  0x2f, 0x74, 0x66, 0x2e, 0x6c, 0x69, 0x6e, 0x61, 0x6c, 0x67, 0x2e, 0x6d,
  0x61, 0x74, 0x6d, 0x75, 0x6c, 0x5f, 0x31, 0x30, 0x30, 0x30, 0x2f, 0x4d,
  0x61, 0x74, 0x4d, 0x75, 0x6c, 0x3b, 0x6d, 0x6f, 0x64, 0x65, 0x6c, 0x5f,
  0x39, 0x32, 0x2f, 0x74, 0x66, 0x2e, 0x5f, 0x5f, 0x6f, 0x70, 0x65, 0x72,
  0x61, 0x74, 0x6f, 0x72, 0x73, 0x5f, 0x5f, 0x2e, 0x61, 0x64, 0x64, 0x5f,
  0x31, 0x35, 0x37, 0x36, 0x2f, 0x41, 0x64, 0x64, 0x56, 0x32, 0x00, 0x00,
  0x02, 0x00, 0x00, 0x00, 0x01, 0x00, 0x00, 0x00, 0x40, 0x00, 0x00, 0x00,
  0x42, 0x8a, 0xff, 0xff, 0x00, 0x00, 0x00, 0x01, 0x14, 0x00, 0x00, 0x00,
  0x30, 0x00, 0x00, 0x00, 0x43, 0x00, 0x00, 0x00, 0x00, 0x00, 0x00, 0x09,
  0x54, 0x00, 0x00, 0x00, 0x2c, 0x8a, 0xff, 0xff, 0x08, 0x00, 0x00, 0x00,
  0x10, 0x00, 0x00, 0x00, 0x01, 0x00, 0x00, 0x00, 0xf1, 0xff, 0xff, 0xff,
  0xff, 0xff, 0xff, 0xff, 0x01, 0x00, 0x00, 0x00, 0x9e, 0x8d, 0xf5, 0x3f,
  0x2a, 0x00, 0x00, 0x00, 0x6d, 0x6f, 0x64, 0x65, 0x6c, 0x5f, 0x39, 0x32,
  0x2f, 0x74, 0x66, 0x2e, 0x63, 0x6f, 0x6d, 0x70, 0x61, 0x74, 0x2e, 0x76,
  0x31, 0x2e, 0x67, 0x61, 0x74, 0x68, 0x65, 0x72, 0x5f, 0x35, 0x33, 0x34,
  0x2f, 0x47, 0x61, 0x74, 0x68, 0x65, 0x72, 0x56, 0x32, 0x3b, 0x00, 0x00,
  0x02, 0x00, 0x00, 0x00, 0x01, 0x00, 0x00, 0x00, 0x09, 0x00, 0x00, 0x00,
  0xba, 0x8a, 0xff, 0xff, 0x00, 0x00, 0x00, 0x01, 0x14, 0x00, 0x00, 0x00,
  0x30, 0x00, 0x00, 0x00, 0x42, 0x00, 0x00, 0x00, 0x00, 0x00, 0x00, 0x09,
  0x54, 0x00, 0x00, 0x00, 0xa4, 0x8a, 0xff, 0xff, 0x08, 0x00, 0x00, 0x00,
  0x10, 0x00, 0x00, 0x00, 0x01, 0x00, 0x00, 0x00, 0xf1, 0xff, 0xff, 0xff,
  0xff, 0xff, 0xff, 0xff, 0x01, 0x00, 0x00, 0x00, 0x9e, 0x8d, 0xf5, 0x3f,
  0x2a, 0x00, 0x00, 0x00, 0x6d, 0x6f, 0x64, 0x65, 0x6c, 0x5f, 0x39, 0x32,
  0x2f, 0x74, 0x66, 0x2e, 0x63, 0x6f, 0x6d, 0x70, 0x61, 0x74, 0x2e, 0x76,
  0x31, 0x2e, 0x67, 0x61, 0x74, 0x68, 0x65, 0x72, 0x5f, 0x35, 0x33, 0x33,
  0x2f, 0x47, 0x61, 0x74, 0x68, 0x65, 0x72, 0x56, 0x32, 0x3b, 0x00, 0x00,
  0x02, 0x00, 0x00, 0x00, 0x01, 0x00, 0x00, 0x00, 0x09, 0x00, 0x00, 0x00,
  0x32, 0x8b, 0xff, 0xff, 0x00, 0x00, 0x00, 0x01, 0x14, 0x00, 0x00, 0x00,
  0x30, 0x00, 0x00, 0x00, 0x41, 0x00, 0x00, 0x00, 0x00, 0x00, 0x00, 0x09,
  0x54, 0x00, 0x00, 0x00, 0x1c, 0x8b, 0xff, 0xff, 0x08, 0x00, 0x00, 0x00,
  0x10, 0x00, 0x00, 0x00, 0x01, 0x00, 0x00, 0x00, 0xf1, 0xff, 0xff, 0xff,
  0xff, 0xff, 0xff, 0xff, 0x01, 0x00, 0x00, 0x00, 0x9e, 0x8d, 0xf5, 0x3f,
  0x2a, 0x00, 0x00, 0x00, 0x6d, 0x6f, 0x64, 0x65, 0x6c, 0x5f, 0x39, 0x32,
  0x2f, 0x74, 0x66, 0x2e, 0x63, 0x6f, 0x6d, 0x70, 0x61, 0x74, 0x2e, 0x76,
  0x31, 0x2e, 0x67, 0x61, 0x74, 0x68, 0x65, 0x72, 0x5f, 0x35, 0x33, 0x32,
  0x2f, 0x47, 0x61, 0x74, 0x68, 0x65, 0x72, 0x56, 0x32, 0x3b, 0x00, 0x00,
  0x02, 0x00, 0x00, 0x00, 0x01, 0x00, 0x00, 0x00, 0x09, 0x00, 0x00, 0x00,
  0xaa, 0x8b, 0xff, 0xff, 0x00, 0x00, 0x00, 0x01, 0x14, 0x00, 0x00, 0x00,
  0x30, 0x00, 0x00, 0x00, 0x40, 0x00, 0x00, 0x00, 0x00, 0x00, 0x00, 0x09,
  0x54, 0x00, 0x00, 0x00, 0x94, 0x8b, 0xff, 0xff, 0x08, 0x00, 0x00, 0x00,
  0x10, 0x00, 0x00, 0x00, 0x01, 0x00, 0x00, 0x00, 0xf1, 0xff, 0xff, 0xff,
  0xff, 0xff, 0xff, 0xff, 0x01, 0x00, 0x00, 0x00, 0x9e, 0x8d, 0xf5, 0x3f,
  0x2a, 0x00, 0x00, 0x00, 0x6d, 0x6f, 0x64, 0x65, 0x6c, 0x5f, 0x39, 0x32,
  0x2f, 0x74, 0x66, 0x2e, 0x63, 0x6f, 0x6d, 0x70, 0x61, 0x74, 0x2e, 0x76,
  0x31, 0x2e, 0x67, 0x61, 0x74, 0x68, 0x65, 0x72, 0x5f, 0x35, 0x33, 0x31,
  0x2f, 0x47, 0x61, 0x74, 0x68, 0x65, 0x72, 0x56, 0x32, 0x3b, 0x00, 0x00,
  0x02, 0x00, 0x00, 0x00, 0x01, 0x00, 0x00, 0x00, 0x09, 0x00, 0x00, 0x00,
  0x22, 0x8c, 0xff, 0xff, 0x00, 0x00, 0x00, 0x01, 0x14, 0x00, 0x00, 0x00,
  0x30, 0x00, 0x00, 0x00, 0x3f, 0x00, 0x00, 0x00, 0x00, 0x00, 0x00, 0x09,
  0x54, 0x00, 0x00, 0x00, 0x0c, 0x8c, 0xff, 0xff, 0x08, 0x00, 0x00, 0x00,
  0x10, 0x00, 0x00, 0x00, 0x01, 0x00, 0x00, 0x00, 0xf1, 0xff, 0xff, 0xff,
  0xff, 0xff, 0xff, 0xff, 0x01, 0x00, 0x00, 0x00, 0x9e, 0x8d, 0xf5, 0x3f,
  0x2a, 0x00, 0x00, 0x00, 0x6d, 0x6f, 0x64, 0x65, 0x6c, 0x5f, 0x39, 0x32,
  0x2f, 0x74, 0x66, 0x2e, 0x63, 0x6f, 0x6d, 0x70, 0x61, 0x74, 0x2e, 0x76,
  0x31, 0x2e, 0x67, 0x61, 0x74, 0x68, 0x65, 0x72, 0x5f, 0x35, 0x33, 0x30,
  0x2f, 0x47, 0x61, 0x74, 0x68, 0x65, 0x72, 0x56, 0x32, 0x3b, 0x00, 0x00,
  0x02, 0x00, 0x00, 0x00, 0x01, 0x00, 0x00, 0x00, 0x09, 0x00, 0x00, 0x00,
  0x9a, 0x8c, 0xff, 0xff, 0x00, 0x00, 0x00, 0x01, 0x14, 0x00, 0x00, 0x00,
  0x30, 0x00, 0x00, 0x00, 0x3e, 0x00, 0x00, 0x00, 0x00, 0x00, 0x00, 0x09,
  0x54, 0x00, 0x00, 0x00, 0x84, 0x8c, 0xff, 0xff, 0x08, 0x00, 0x00, 0x00,
  0x10, 0x00, 0x00, 0x00, 0x01, 0x00, 0x00, 0x00, 0xf1, 0xff, 0xff, 0xff,
  0xff, 0xff, 0xff, 0xff, 0x01, 0x00, 0x00, 0x00, 0x9e, 0x8d, 0xf5, 0x3f,
  0x2a, 0x00, 0x00, 0x00, 0x6d, 0x6f, 0x64, 0x65, 0x6c, 0x5f, 0x39, 0x32,
  0x2f, 0x74, 0x66, 0x2e, 0x63, 0x6f, 0x6d, 0x70, 0x61, 0x74, 0x2e, 0x76,
  0x31, 0x2e, 0x67, 0x61, 0x74, 0x68, 0x65, 0x72, 0x5f, 0x35, 0x32, 0x39,
  0x2f, 0x47, 0x61, 0x74, 0x68, 0x65, 0x72, 0x56, 0x32, 0x3b, 0x00, 0x00,
  0x02, 0x00, 0x00, 0x00, 0x01, 0x00, 0x00, 0x00, 0x09, 0x00, 0x00, 0x00,
  0x12, 0x8d, 0xff, 0xff, 0x00, 0x00, 0x00, 0x01, 0x14, 0x00, 0x00, 0x00,
  0x30, 0x00, 0x00, 0x00, 0x3d, 0x00, 0x00, 0x00, 0x00, 0x00, 0x00, 0x09,
  0x54, 0x00, 0x00, 0x00, 0xfc, 0x8c, 0xff, 0xff, 0x08, 0x00, 0x00, 0x00,
  0x10, 0x00, 0x00, 0x00, 0x01, 0x00, 0x00, 0x00, 0xf1, 0xff, 0xff, 0xff,
  0xff, 0xff, 0xff, 0xff, 0x01, 0x00, 0x00, 0x00, 0x9e, 0x8d, 0xf5, 0x3f,
  0x2a, 0x00, 0x00, 0x00, 0x6d, 0x6f, 0x64, 0x65, 0x6c, 0x5f, 0x39, 0x32,
  0x2f, 0x74, 0x66, 0x2e, 0x63, 0x6f, 0x6d, 0x70, 0x61, 0x74, 0x2e, 0x76,
  0x31, 0x2e, 0x67, 0x61, 0x74, 0x68, 0x65, 0x72, 0x5f, 0x35, 0x32, 0x38,
  0x2f, 0x47, 0x61, 0x74, 0x68, 0x65, 0x72, 0x56, 0x32, 0x3b, 0x00, 0x00,
  0x02, 0x00, 0x00, 0x00, 0x01, 0x00, 0x00, 0x00, 0x09, 0x00, 0x00, 0x00,
  0x8a, 0x8d, 0xff, 0xff, 0x00, 0x00, 0x00, 0x01, 0x14, 0x00, 0x00, 0x00,
  0x30, 0x00, 0x00, 0x00, 0x3c, 0x00, 0x00, 0x00, 0x00, 0x00, 0x00, 0x09,
  0x54, 0x00, 0x00, 0x00, 0x74, 0x8d, 0xff, 0xff, 0x08, 0x00, 0x00, 0x00,
  0x10, 0x00, 0x00, 0x00, 0x01, 0x00, 0x00, 0x00, 0xf1, 0xff, 0xff, 0xff,
  0xff, 0xff, 0xff, 0xff, 0x01, 0x00, 0x00, 0x00, 0x9e, 0x8d, 0xf5, 0x3f,
  0x2a, 0x00, 0x00, 0x00, 0x6d, 0x6f, 0x64, 0x65, 0x6c, 0x5f, 0x39, 0x32,
  0x2f, 0x74, 0x66, 0x2e, 0x63, 0x6f, 0x6d, 0x70, 0x61, 0x74, 0x2e, 0x76,
  0x31, 0x2e, 0x67, 0x61, 0x74, 0x68, 0x65, 0x72, 0x5f, 0x35, 0x32, 0x37,
  0x2f, 0x47, 0x61, 0x74, 0x68, 0x65, 0x72, 0x56, 0x32, 0x3b, 0x00, 0x00,
  0x02, 0x00, 0x00, 0x00, 0x01, 0x00, 0x00, 0x00, 0x09, 0x00, 0x00, 0x00,
  0x02, 0x8e, 0xff, 0xff, 0x00, 0x00, 0x00, 0x01, 0x14, 0x00, 0x00, 0x00,
  0x30, 0x00, 0x00, 0x00, 0x3b, 0x00, 0x00, 0x00, 0x00, 0x00, 0x00, 0x09,
  0x54, 0x00, 0x00, 0x00, 0xec, 0x8d, 0xff, 0xff, 0x08, 0x00, 0x00, 0x00,
  0x10, 0x00, 0x00, 0x00, 0x01, 0x00, 0x00, 0x00, 0xf1, 0xff, 0xff, 0xff,
  0xff, 0xff, 0xff, 0xff, 0x01, 0x00, 0x00, 0x00, 0x9e, 0x8d, 0xf5, 0x3f,
  0x2a, 0x00, 0x00, 0x00, 0x6d, 0x6f, 0x64, 0x65, 0x6c, 0x5f, 0x39, 0x32,
  0x2f, 0x74, 0x66, 0x2e, 0x63, 0x6f, 0x6d, 0x70, 0x61, 0x74, 0x2e, 0x76,
  0x31, 0x2e, 0x67, 0x61, 0x74, 0x68, 0x65, 0x72, 0x5f, 0x35, 0x32, 0x36,
  0x2f, 0x47, 0x61, 0x74, 0x68, 0x65, 0x72, 0x56, 0x32, 0x3b, 0x00, 0x00,
  0x02, 0x00, 0x00, 0x00, 0x01, 0x00, 0x00, 0x00, 0x09, 0x00, 0x00, 0x00,
  0x7a, 0x8e, 0xff, 0xff, 0x00, 0x00, 0x00, 0x01, 0x14, 0x00, 0x00, 0x00,
  0x30, 0x00, 0x00, 0x00, 0x3a, 0x00, 0x00, 0x00, 0x00, 0x00, 0x00, 0x09,
  0x54, 0x00, 0x00, 0x00, 0x64, 0x8e, 0xff, 0xff, 0x08, 0x00, 0x00, 0x00,
  0x10, 0x00, 0x00, 0x00, 0x01, 0x00, 0x00, 0x00, 0xf1, 0xff, 0xff, 0xff,
  0xff, 0xff, 0xff, 0xff, 0x01, 0x00, 0x00, 0x00, 0x9e, 0x8d, 0xf5, 0x3f,
  0x2a, 0x00, 0x00, 0x00, 0x6d, 0x6f, 0x64, 0x65, 0x6c, 0x5f, 0x39, 0x32,
  0x2f, 0x74, 0x66, 0x2e, 0x63, 0x6f, 0x6d, 0x70, 0x61, 0x74, 0x2e, 0x76,
  0x31, 0x2e, 0x67, 0x61, 0x74, 0x68, 0x65, 0x72, 0x5f, 0x35, 0x32, 0x35,
  0x2f, 0x47, 0x61, 0x74, 0x68, 0x65, 0x72, 0x56, 0x32, 0x3b, 0x00, 0x00,
  0x02, 0x00, 0x00, 0x00, 0x01, 0x00, 0x00, 0x00, 0x09, 0x00, 0x00, 0x00,
  0xf2, 0x8e, 0xff, 0xff, 0x00, 0x00, 0x00, 0x01, 0x14, 0x00, 0x00, 0x00,
  0x30, 0x00, 0x00, 0x00, 0x39, 0x00, 0x00, 0x00, 0x00, 0x00, 0x00, 0x09,
  0x54, 0x00, 0x00, 0x00, 0xdc, 0x8e, 0xff, 0xff, 0x08, 0x00, 0x00, 0x00,
  0x10, 0x00, 0x00, 0x00, 0x01, 0x00, 0x00, 0x00, 0xf1, 0xff, 0xff, 0xff,
  0xff, 0xff, 0xff, 0xff, 0x01, 0x00, 0x00, 0x00, 0x9e, 0x8d, 0xf5, 0x3f,
  0x2a, 0x00, 0x00, 0x00, 0x6d, 0x6f, 0x64, 0x65, 0x6c, 0x5f, 0x39, 0x32,
  0x2f, 0x74, 0x66, 0x2e, 0x63, 0x6f, 0x6d, 0x70, 0x61, 0x74, 0x2e, 0x76,
  0x31, 0x2e, 0x67, 0x61, 0x74, 0x68, 0x65, 0x72, 0x5f, 0x35, 0x32, 0x34,
  0x2f, 0x47, 0x61, 0x74, 0x68, 0x65, 0x72, 0x56, 0x32, 0x3b, 0x00, 0x00,
  0x02, 0x00, 0x00, 0x00, 0x01, 0x00, 0x00, 0x00, 0x09, 0x00, 0x00, 0x00,
  0x6a, 0x8f, 0xff, 0xff, 0x00, 0x00, 0x00, 0x01, 0x14, 0x00, 0x00, 0x00,
  0x30, 0x00, 0x00, 0x00, 0x38, 0x00, 0x00, 0x00, 0x00, 0x00, 0x00, 0x09,
  0x54, 0x00, 0x00, 0x00, 0x54, 0x8f, 0xff, 0xff, 0x08, 0x00, 0x00, 0x00,
  0x10, 0x00, 0x00, 0x00, 0x01, 0x00, 0x00, 0x00, 0xf1, 0xff, 0xff, 0xff,
  0xff, 0xff, 0xff, 0xff, 0x01, 0x00, 0x00, 0x00, 0x9e, 0x8d, 0xf5, 0x3f,
  0x2a, 0x00, 0x00, 0x00, 0x6d, 0x6f, 0x64, 0x65, 0x6c, 0x5f, 0x39, 0x32,
  0x2f, 0x74, 0x66, 0x2e, 0x63, 0x6f, 0x6d, 0x70, 0x61, 0x74, 0x2e, 0x76,
  0x31, 0x2e, 0x67, 0x61, 0x74, 0x68, 0x65, 0x72, 0x5f, 0x35, 0x32, 0x33,
  0x2f, 0x47, 0x61, 0x74, 0x68, 0x65, 0x72, 0x56, 0x32, 0x3b, 0x00, 0x00,
  0x02, 0x00, 0x00, 0x00, 0x01, 0x00, 0x00, 0x00, 0x09, 0x00, 0x00, 0x00,
  0xe2, 0x8f, 0xff, 0xff, 0x00, 0x00, 0x00, 0x01, 0x14, 0x00, 0x00, 0x00,
  0x30, 0x00, 0x00, 0x00, 0x37, 0x00, 0x00, 0x00, 0x00, 0x00, 0x00, 0x09,
  0x54, 0x00, 0x00, 0x00, 0xcc, 0x8f, 0xff, 0xff, 0x08, 0x00, 0x00, 0x00,
  0x10, 0x00, 0x00, 0x00, 0x01, 0x00, 0x00, 0x00, 0xf1, 0xff, 0xff, 0xff,
  0xff, 0xff, 0xff, 0xff, 0x01, 0x00, 0x00, 0x00, 0x9e, 0x8d, 0xf5, 0x3f,
  0x2a, 0x00, 0x00, 0x00, 0x6d, 0x6f, 0x64, 0x65, 0x6c, 0x5f, 0x39, 0x32,
  0x2f, 0x74, 0x66, 0x2e, 0x63, 0x6f, 0x6d, 0x70, 0x61, 0x74, 0x2e, 0x76,
  0x31, 0x2e, 0x67, 0x61, 0x74, 0x68, 0x65, 0x72, 0x5f, 0x35, 0x32, 0x32,
  0x2f, 0x47, 0x61, 0x74, 0x68, 0x65, 0x72, 0x56, 0x32, 0x3b, 0x00, 0x00,
  0x02, 0x00, 0x00, 0x00, 0x01, 0x00, 0x00, 0x00, 0x09, 0x00, 0x00, 0x00,
  0x5a, 0x90, 0xff, 0xff, 0x00, 0x00, 0x00, 0x01, 0x14, 0x00, 0x00, 0x00,
  0x30, 0x00, 0x00, 0x00, 0x36, 0x00, 0x00, 0x00, 0x00, 0x00, 0x00, 0x09,
  0x54, 0x00, 0x00, 0x00, 0x44, 0x90, 0xff, 0xff, 0x08, 0x00, 0x00, 0x00,
  0x10, 0x00, 0x00, 0x00, 0x01, 0x00, 0x00, 0x00, 0xf1, 0xff, 0xff, 0xff,
  0xff, 0xff, 0xff, 0xff, 0x01, 0x00, 0x00, 0x00, 0x9e, 0x8d, 0xf5, 0x3f,
  0x2a, 0x00, 0x00, 0x00, 0x6d, 0x6f, 0x64, 0x65, 0x6c, 0x5f, 0x39, 0x32,
  0x2f, 0x74, 0x66, 0x2e, 0x63, 0x6f, 0x6d, 0x70, 0x61, 0x74, 0x2e, 0x76,
  0x31, 0x2e, 0x67, 0x61, 0x74, 0x68, 0x65, 0x72, 0x5f, 0x35, 0x32, 0x31,
  0x2f, 0x47, 0x61, 0x74, 0x68, 0x65, 0x72, 0x56, 0x32, 0x3b, 0x00, 0x00,
  0x02, 0x00, 0x00, 0x00, 0x01, 0x00, 0x00, 0x00, 0x09, 0x00, 0x00, 0x00,
  0xd2, 0x90, 0xff, 0xff, 0x00, 0x00, 0x00, 0x01, 0x14, 0x00, 0x00, 0x00,
  0x30, 0x00, 0x00, 0x00, 0x35, 0x00, 0x00, 0x00, 0x00, 0x00, 0x00, 0x09,
  0x54, 0x00, 0x00, 0x00, 0xbc, 0x90, 0xff, 0xff, 0x08, 0x00, 0x00, 0x00,
  0x10, 0x00, 0x00, 0x00, 0x01, 0x00, 0x00, 0x00, 0xf1, 0xff, 0xff, 0xff,
  0xff, 0xff, 0xff, 0xff, 0x01, 0x00, 0x00, 0x00, 0x9e, 0x8d, 0xf5, 0x3f,
  0x2a, 0x00, 0x00, 0x00, 0x6d, 0x6f, 0x64, 0x65, 0x6c, 0x5f, 0x39, 0x32,
  0x2f, 0x74, 0x66, 0x2e, 0x63, 0x6f, 0x6d, 0x70, 0x61, 0x74, 0x2e, 0x76,
  0x31, 0x2e, 0x67, 0x61, 0x74, 0x68, 0x65, 0x72, 0x5f, 0x35, 0x32, 0x30,
  0x2f, 0x47, 0x61, 0x74, 0x68, 0x65, 0x72, 0x56, 0x32, 0x3b, 0x00, 0x00,
  0x02, 0x00, 0x00, 0x00, 0x01, 0x00, 0x00, 0x00, 0x09, 0x00, 0x00, 0x00,
  0x4a, 0x91, 0xff, 0xff, 0x00, 0x00, 0x00, 0x01, 0x14, 0x00, 0x00, 0x00,
  0x30, 0x00, 0x00, 0x00, 0x34, 0x00, 0x00, 0x00, 0x00, 0x00, 0x00, 0x09,
  0x58, 0x00, 0x00, 0x00, 0x34, 0x91, 0xff, 0xff, 0x08, 0x00, 0x00, 0x00,
  0x10, 0x00, 0x00, 0x00, 0x01, 0x00, 0x00, 0x00, 0xf1, 0xff, 0xff, 0xff,
  0xff, 0xff, 0xff, 0xff, 0x01, 0x00, 0x00, 0x00, 0x9e, 0x8d, 0xf5, 0x3f,
  0x2f, 0x00, 0x00, 0x00, 0x6d, 0x6f, 0x64, 0x65, 0x6c, 0x5f, 0x39, 0x32,
  0x2f, 0x74, 0x66, 0x2e, 0x63, 0x6f, 0x6d, 0x70, 0x61, 0x74, 0x2e, 0x76,
  0x31, 0x2e, 0x73, 0x71, 0x75, 0x65, 0x65, 0x7a, 0x65, 0x5f, 0x31, 0x33,
  0x33, 0x2f, 0x6e, 0x6f, 0x64, 0x65, 0x5f, 0x73, 0x71, 0x75, 0x65, 0x65,
  0x7a, 0x65, 0x31, 0x00, 0x03, 0x00, 0x00, 0x00, 0x01, 0x00, 0x00, 0x00,
  0x0f, 0x00, 0x00, 0x00, 0x09, 0x00, 0x00, 0x00, 0xca, 0x91, 0xff, 0xff,
  0x00, 0x00, 0x00, 0x01, 0x14, 0x00, 0x00, 0x00, 0x28, 0x03, 0x00, 0x00,
  0x33, 0x00, 0x00, 0x00, 0x00, 0x00, 0x00, 0x09, 0x34, 0x03, 0x00, 0x00,
  0xb4, 0x91, 0xff, 0xff, 0x08, 0x00, 0x00, 0x00, 0x0c, 0x02, 0x00, 0x00,
  0x40, 0x00, 0x00, 0x00, 0x00, 0x00, 0x00, 0x00, 0x00, 0x00, 0x00, 0x00,
  0x00, 0x00, 0x00, 0x00, 0x00, 0x00, 0x00, 0x00, 0x00, 0x00, 0x00, 0x00,
  0x00, 0x00, 0x00, 0x00, 0x00, 0x00, 0x00, 0x00, 0x00, 0x00, 0x00, 0x00,
  0x00, 0x00, 0x00, 0x00, 0x00, 0x00, 0x00, 0x00, 0x00, 0x00, 0x00, 0x00,
  0x00, 0x00, 0x00, 0x00, 0x00, 0x00, 0x00, 0x00, 0x00, 0x00, 0x00, 0x00,
  0x00, 0x00, 0x00, 0x00, 0x00, 0x00, 0x00, 0x00, 0x00, 0x00, 0x00, 0x00,
  0x00, 0x00, 0x00, 0x00, 0x00, 0x00, 0x00, 0x00, 0x00, 0x00, 0x00, 0x00,
  0x00, 0x00, 0x00, 0x00, 0x00, 0x00, 0x00, 0x00, 0x00, 0x00, 0x00, 0x00,
  0x00, 0x00, 0x00, 0x00, 0x00, 0x00, 0x00, 0x00, 0x00, 0x00, 0x00, 0x00,
  0x00, 0x00, 0x00, 0x00, 0x00, 0x00, 0x00, 0x00, 0x00, 0x00, 0x00, 0x00,
  0x00, 0x00, 0x00, 0x00, 0x00, 0x00, 0x00, 0x00, 0x00, 0x00, 0x00, 0x00,
  0x00, 0x00, 0x00, 0x00, 0x00, 0x00, 0x00, 0x00, 0x00, 0x00, 0x00, 0x00,
  0x00, 0x00, 0x00, 0x00, 0x00, 0x00, 0x00, 0x00, 0x00, 0x00, 0x00, 0x00,
  0x00, 0x00, 0x00, 0x00, 0x00, 0x00, 0x00, 0x00, 0x00, 0x00, 0x00, 0x00,
  0x00, 0x00, 0x00, 0x00, 0x00, 0x00, 0x00, 0x00, 0x00, 0x00, 0x00, 0x00,
  0x00, 0x00, 0x00, 0x00, 0x00, 0x00, 0x00, 0x00, 0x00, 0x00, 0x00, 0x00,
  0x00, 0x00, 0x00, 0x00, 0x00, 0x00, 0x00, 0x00, 0x00, 0x00, 0x00, 0x00,
  0x00, 0x00, 0x00, 0x00, 0x00, 0x00, 0x00, 0x00, 0x00, 0x00, 0x00, 0x00,
  0x00, 0x00, 0x00, 0x00, 0x00, 0x00, 0x00, 0x00, 0x00, 0x00, 0x00, 0x00,
  0x00, 0x00, 0x00, 0x00, 0x00, 0x00, 0x00, 0x00, 0x00, 0x00, 0x00, 0x00,
  0x00, 0x00, 0x00, 0x00, 0x00, 0x00, 0x00, 0x00, 0x00, 0x00, 0x00, 0x00,
  0x00, 0x00, 0x00, 0x00, 0x00, 0x00, 0x00, 0x00, 0x00, 0x00, 0x00, 0x00,
  0x00, 0x00, 0x00, 0x00, 0x00, 0x00, 0x00, 0x00, 0x00, 0x00, 0x00, 0x00,
  0x00, 0x00, 0x00, 0x00, 0x00, 0x00, 0x00, 0x00, 0x00, 0x00, 0x00, 0x00,
  0x00, 0x00, 0x00, 0x00, 0x00, 0x00, 0x00, 0x00, 0x00, 0x00, 0x00, 0x00,
  0x00, 0x00, 0x00, 0x00, 0x00, 0x00, 0x00, 0x00, 0x00, 0x00, 0x00, 0x00,
  0x00, 0x00, 0x00, 0x00, 0x00, 0x00, 0x00, 0x00, 0x00, 0x00, 0x00, 0x00,
  0x00, 0x00, 0x00, 0x00, 0x00, 0x00, 0x00, 0x00, 0x00, 0x00, 0x00, 0x00,
  0x00, 0x00, 0x00, 0x00, 0x00, 0x00, 0x00, 0x00, 0x00, 0x00, 0x00, 0x00,
  0x00, 0x00, 0x00, 0x00, 0x00, 0x00, 0x00, 0x00, 0x00, 0x00, 0x00, 0x00,
  0x00, 0x00, 0x00, 0x00, 0x00, 0x00, 0x00, 0x00, 0x00, 0x00, 0x00, 0x00,
  0x00, 0x00, 0x00, 0x00, 0x00, 0x00, 0x00, 0x00, 0x00, 0x00, 0x00, 0x00,
  0x00, 0x00, 0x00, 0x00, 0x00, 0x00, 0x00, 0x00, 0x00, 0x00, 0x00, 0x00,
  0x00, 0x00, 0x00, 0x00, 0x00, 0x00, 0x00, 0x00, 0x00, 0x00, 0x00, 0x00,
  0x00, 0x00, 0x00, 0x00, 0x00, 0x00, 0x00, 0x00, 0x00, 0x00, 0x00, 0x00,
  0x00, 0x00, 0x00, 0x00, 0x00, 0x00, 0x00, 0x00, 0x00, 0x00, 0x00, 0x00,
  0x00, 0x00, 0x00, 0x00, 0x00, 0x00, 0x00, 0x00, 0x00, 0x00, 0x00, 0x00,
  0x00, 0x00, 0x00, 0x00, 0x00, 0x00, 0x00, 0x00, 0x00, 0x00, 0x00, 0x00,
  0x00, 0x00, 0x00, 0x00, 0x00, 0x00, 0x00, 0x00, 0x00, 0x00, 0x00, 0x00,
  0x00, 0x00, 0x00, 0x00, 0x00, 0x00, 0x00, 0x00, 0x00, 0x00, 0x00, 0x00,
  0x00, 0x00, 0x00, 0x00, 0x00, 0x00, 0x00, 0x00, 0x00, 0x00, 0x00, 0x00,
  0x00, 0x00, 0x00, 0x00, 0x00, 0x00, 0x00, 0x00, 0x00, 0x00, 0x00, 0x00,
  0x00, 0x00, 0x00, 0x00, 0x00, 0x00, 0x00, 0x00, 0x00, 0x00, 0x00, 0x00,
  0x00, 0x00, 0x00, 0x00, 0x40, 0x00, 0x00, 0x00, 0x4f, 0xb9, 0x28, 0x3b,
  0x71, 0x79, 0xf7, 0x3a, 0xc4, 0x62, 0xb1, 0x3a, 0x35, 0x90, 0x3e, 0x3b,
  0xc2, 0x44, 0xda, 0x3a, 0xbb, 0x85, 0x19, 0x3b, 0x1a, 0xae, 0x0a, 0x3b,
  0xf7, 0xab, 0xf1, 0x3a, 0x8e, 0x45, 0x34, 0x3b, 0xf5, 0xb3, 0xc2, 0x3a,
  0xa9, 0x5c, 0x1b, 0x3b, 0x03, 0x78, 0xa2, 0x3a, 0x31, 0xc0, 0x17, 0x3b,
  0x94, 0x3f, 0xe3, 0x3a, 0x7b, 0x2a, 0x41, 0x3b, 0x79, 0x1a, 0x04, 0x3b,
  0x25, 0xcc, 0xfb, 0x3a, 0xd6, 0xa8, 0x90, 0x3a, 0x7a, 0xb3, 0xd9, 0x3a,
  0xd4, 0xf9, 0xe1, 0x3a, 0xcb, 0x52, 0x43, 0x3b, 0xa8, 0x70, 0xfb, 0x3a,
  0x9e, 0x78, 0x32, 0x3b, 0xc6, 0x45, 0x99, 0x3a, 0x7a, 0x95, 0x07, 0x3b,
  0x62, 0x6f, 0xfe, 0x3a, 0x97, 0x6b, 0xac, 0x3a, 0xdf, 0x30, 0x04, 0x3b,
  0xbf, 0x6c, 0xea, 0x3a, 0x53, 0xf6, 0x11, 0x3b, 0x7b, 0xca, 0x00, 0x3b,
  0x01, 0x05, 0xcb, 0x3a, 0xbb, 0x29, 0xac, 0x3a, 0xde, 0x1d, 0xa6, 0x3a,
  0xbb, 0xe4, 0xe7, 0x3a, 0x9f, 0x29, 0x07, 0x3b, 0x7f, 0xb3, 0xa2, 0x3a,
  0x4e, 0xc9, 0xf2, 0x3a, 0x7b, 0x21, 0x1a, 0x3b, 0x67, 0xd5, 0xb6, 0x3a,
  0xa2, 0xf4, 0x23, 0x3b, 0x93, 0x31, 0x19, 0x3b, 0x1e, 0xec, 0xe0, 0x3a,
  0xcb, 0x33, 0x91, 0x3a, 0x09, 0xea, 0x11, 0x3b, 0xbf, 0x11, 0x7d, 0x3a,
  0x72, 0x9c, 0xff, 0x3a, 0x23, 0x2d, 0x41, 0x3b, 0x38, 0xba, 0x06, 0x3b,
  0x70, 0x76, 0x2d, 0x3b, 0x2b, 0xbc, 0x3c, 0x3b, 0xba, 0x70, 0x42, 0x3b,
  0x44, 0xb1, 0x00, 0x3b, 0x3e, 0x89, 0x01, 0x3b, 0xc8, 0x8e, 0x27, 0x3b,
  0xef, 0x58, 0x18, 0x3b, 0x1b, 0xa7, 0x26, 0x3b, 0xd9, 0x0d, 0x46, 0x3b,
  0xc4, 0x8d, 0xad, 0x3a, 0xe7, 0x49, 0xa3, 0x3a, 0x61, 0xfd, 0xf7, 0x3a,
  0x97, 0x19, 0xcc, 0x3a, 0xe6, 0x45, 0xdd, 0x3a, 0x76, 0x05, 0x42, 0x3b,
  0x10, 0x00, 0x00, 0x00, 0x61, 0x72, 0x69, 0x74, 0x68, 0x2e, 0x63, 0x6f,
  0x6e, 0x73, 0x74, 0x61, 0x6e, 0x74, 0x33, 0x31, 0x00, 0x00, 0x00, 0x00,
  0x02, 0x00, 0x00, 0x00, 0x40, 0x00, 0x00, 0x00, 0x09, 0x00, 0x00, 0x00,
  0x22, 0x95, 0xff, 0xff, 0x00, 0x00, 0x00, 0x01, 0x14, 0x00, 0x00, 0x00,
  0x24, 0x03, 0x00, 0x00, 0x25, 0x00, 0x00, 0x00, 0x00, 0x00, 0x00, 0x02,
  0x30, 0x03, 0x00, 0x00, 0x0c, 0x95, 0xff, 0xff, 0x08, 0x00, 0x00, 0x00,
  0x08, 0x02, 0x00, 0x00, 0x40, 0x00, 0x00, 0x00, 0x00, 0x00, 0x00, 0x00,
  0x00, 0x00, 0x00, 0x00, 0x00, 0x00, 0x00, 0x00, 0x00, 0x00, 0x00, 0x00,
  0x00, 0x00, 0x00, 0x00, 0x00, 0x00, 0x00, 0x00, 0x00, 0x00, 0x00, 0x00,
  0x00, 0x00, 0x00, 0x00, 0x00, 0x00, 0x00, 0x00, 0x00, 0x00, 0x00, 0x00,
  0x00, 0x00, 0x00, 0x00, 0x00, 0x00, 0x00, 0x00, 0x00, 0x00, 0x00, 0x00,
  0x00, 0x00, 0x00, 0x00, 0x00, 0x00, 0x00, 0x00, 0x00, 0x00, 0x00, 0x00,
  0x00, 0x00, 0x00, 0x00, 0x00, 0x00, 0x00, 0x00, 0x00, 0x00, 0x00, 0x00,
  0x00, 0x00, 0x00, 0x00, 0x00, 0x00, 0x00, 0x00, 0x00, 0x00, 0x00, 0x00,
  0x00, 0x00, 0x00, 0x00, 0x00, 0x00, 0x00, 0x00, 0x00, 0x00, 0x00, 0x00,
  0x00, 0x00, 0x00, 0x00, 0x00, 0x00, 0x00, 0x00, 0x00, 0x00, 0x00, 0x00,
  0x00, 0x00, 0x00, 0x00, 0x00, 0x00, 0x00, 0x00, 0x00, 0x00, 0x00, 0x00,
  0x00, 0x00, 0x00, 0x00, 0x00, 0x00, 0x00, 0x00, 0x00, 0x00, 0x00, 0x00,
  0x00, 0x00, 0x00, 0x00, 0x00, 0x00, 0x00, 0x00, 0x00, 0x00, 0x00, 0x00,
  0x00, 0x00, 0x00, 0x00, 0x00, 0x00, 0x00, 0x00, 0x00, 0x00, 0x00, 0x00,
  0x00, 0x00, 0x00, 0x00, 0x00, 0x00, 0x00, 0x00, 0x00, 0x00, 0x00, 0x00,
  0x00, 0x00, 0x00, 0x00, 0x00, 0x00, 0x00, 0x00, 0x00, 0x00, 0x00, 0x00,
  0x00, 0x00, 0x00, 0x00, 0x00, 0x00, 0x00, 0x00, 0x00, 0x00, 0x00, 0x00,
  0x00, 0x00, 0x00, 0x00, 0x00, 0x00, 0x00, 0x00, 0x00, 0x00, 0x00, 0x00,
  0x00, 0x00, 0x00, 0x00, 0x00, 0x00, 0x00, 0x00, 0x00, 0x00, 0x00, 0x00,
  0x00, 0x00, 0x00, 0x00, 0x00, 0x00, 0x00, 0x00, 0x00, 0x00, 0x00, 0x00,
  0x00, 0x00, 0x00, 0x00, 0x00, 0x00, 0x00, 0x00, 0x00, 0x00, 0x00, 0x00,
  0x00, 0x00, 0x00, 0x00, 0x00, 0x00, 0x00, 0x00, 0x00, 0x00, 0x00, 0x00,
  0x00, 0x00, 0x00, 0x00, 0x00, 0x00, 0x00, 0x00, 0x00, 0x00, 0x00, 0x00,
  0x00, 0x00, 0x00, 0x00, 0x00, 0x00, 0x00, 0x00, 0x00, 0x00, 0x00, 0x00,
  0x00, 0x00, 0x00, 0x00, 0x00, 0x00, 0x00, 0x00, 0x00, 0x00, 0x00, 0x00,
  0x00, 0x00, 0x00, 0x00, 0x00, 0x00, 0x00, 0x00, 0x00, 0x00, 0x00, 0x00,
  0x00, 0x00, 0x00, 0x00, 0x00, 0x00, 0x00, 0x00, 0x00, 0x00, 0x00, 0x00,
  0x00, 0x00, 0x00, 0x00, 0x00, 0x00, 0x00, 0x00, 0x00, 0x00, 0x00, 0x00,
  0x00, 0x00, 0x00, 0x00, 0x00, 0x00, 0x00, 0x00, 0x00, 0x00, 0x00, 0x00,
  0x00, 0x00, 0x00, 0x00, 0x00, 0x00, 0x00, 0x00, 0x00, 0x00, 0x00, 0x00,
  0x00, 0x00, 0x00, 0x00, 0x00, 0x00, 0x00, 0x00, 0x00, 0x00, 0x00, 0x00,
  0x00, 0x00, 0x00, 0x00, 0x00, 0x00, 0x00, 0x00, 0x00, 0x00, 0x00, 0x00,
  0x00, 0x00, 0x00, 0x00, 0x00, 0x00, 0x00, 0x00, 0x00, 0x00, 0x00, 0x00,
  0x00, 0x00, 0x00, 0x00, 0x00, 0x00, 0x00, 0x00, 0x00, 0x00, 0x00, 0x00,
  0x00, 0x00, 0x00, 0x00, 0x00, 0x00, 0x00, 0x00, 0x00, 0x00, 0x00, 0x00,
  0x00, 0x00, 0x00, 0x00, 0x00, 0x00, 0x00, 0x00, 0x00, 0x00, 0x00, 0x00,
  0x00, 0x00, 0x00, 0x00, 0x00, 0x00, 0x00, 0x00, 0x00, 0x00, 0x00, 0x00,
  0x00, 0x00, 0x00, 0x00, 0x00, 0x00, 0x00, 0x00, 0x00, 0x00, 0x00, 0x00,
  0x00, 0x00, 0x00, 0x00, 0x00, 0x00, 0x00, 0x00, 0x00, 0x00, 0x00, 0x00,
  0x00, 0x00, 0x00, 0x00, 0x00, 0x00, 0x00, 0x00, 0x00, 0x00, 0x00, 0x00,
  0x00, 0x00, 0x00, 0x00, 0x00, 0x00, 0x00, 0x00, 0x00, 0x00, 0x00, 0x00,
  0x00, 0x00, 0x00, 0x00, 0x00, 0x00, 0x00, 0x00, 0x00, 0x00, 0x00, 0x00,
  0x00, 0x00, 0x00, 0x00, 0x00, 0x00, 0x00, 0x00, 0x00, 0x00, 0x00, 0x00,
  0x00, 0x00, 0x00, 0x00, 0x40, 0x00, 0x00, 0x00, 0xaf, 0xd6, 0xa1, 0x3b,
  0x20, 0x60, 0x6d, 0x3b, 0xa6, 0x25, 0x2a, 0x3b, 0x6e, 0xc9, 0xb6, 0x3b,
  0x8c, 0x5c, 0x51, 0x3b, 0xe9, 0x41, 0x93, 0x3b, 0x56, 0x05, 0x85, 0x3b,
  0x44, 0xcf, 0x67, 0x3b, 0x4a, 0xea, 0xac, 0x3b, 0xef, 0xc1, 0x3a, 0x3b,
  0xa0, 0x05, 0x95, 0x3b, 0xbb, 0xd6, 0x1b, 0x3b, 0xe1, 0x8e, 0x91, 0x3b,
  0x8f, 0xf9, 0x59, 0x3b, 0x83, 0x48, 0xb9, 0x3b, 0xd4, 0x6c, 0x7d, 0x3b,
  0xaa, 0x85, 0x71, 0x3b, 0x9b, 0xc1, 0x0a, 0x3b, 0x32, 0xd1, 0x50, 0x3b,
  0x1a, 0xc1, 0x58, 0x3b, 0x49, 0x5a, 0xbb, 0x3b, 0xe9, 0x2d, 0x71, 0x3b,
  0x2a, 0x30, 0xab, 0x3b, 0x91, 0x04, 0x13, 0x3b, 0x0f, 0x0d, 0x82, 0x3b,
  0x59, 0x0d, 0x74, 0x3b, 0x59, 0x62, 0x25, 0x3b, 0xcc, 0x97, 0x7d, 0x3b,
  0xc1, 0xdb, 0x60, 0x3b, 0x7c, 0x01, 0x8c, 0x3b, 0x0d, 0x12, 0x77, 0x3b,
  0x19, 0xbc, 0x42, 0x3b, 0x2d, 0x23, 0x25, 0x3b, 0x7a, 0x56, 0x1f, 0x3b,
  0x2f, 0x6e, 0x5e, 0x3b, 0x9b, 0xa5, 0x81, 0x3b, 0xca, 0x0f, 0x1c, 0x3b,
  0xf6, 0xe0, 0x68, 0x3b, 0x4e, 0xd7, 0x93, 0x3b, 0x60, 0x5f, 0x2f, 0x3b,
  0xd2, 0x43, 0x9d, 0x3b, 0x31, 0xf1, 0x92, 0x3b, 0x66, 0xbe, 0x57, 0x3b,
  0xe4, 0x46, 0x0b, 0x3b, 0xb3, 0xf5, 0x8b, 0x3b, 0xfb, 0xbd, 0xf2, 0x3a,
  0x20, 0x2e, 0x75, 0x3b, 0x10, 0x4b, 0xb9, 0x3b, 0xbf, 0x3a, 0x81, 0x3b,
  0x4e, 0x62, 0xa6, 0x3b, 0x7d, 0x08, 0xb5, 0x3b, 0x72, 0x81, 0xba, 0x3b,
  0xae, 0xe1, 0x76, 0x3b, 0x02, 0x80, 0x78, 0x3b, 0x56, 0xb8, 0xa0, 0x3b,
  0x64, 0x21, 0x92, 0x3b, 0x1e, 0xda, 0x9f, 0x3b, 0xd1, 0xf8, 0xbd, 0x3b,
  0xaf, 0x78, 0x26, 0x3b, 0x0f, 0xa0, 0x1c, 0x3b, 0xad, 0xde, 0x6d, 0x3b,
  0x66, 0xc5, 0x43, 0x3b, 0x4d, 0x3e, 0x54, 0x3b, 0x8f, 0x1a, 0xba, 0x3b,
  0x11, 0x00, 0x00, 0x00, 0x61, 0x72, 0x69, 0x74, 0x68, 0x2e, 0x63, 0x6f,
  0x6e, 0x73, 0x74, 0x61, 0x6e, 0x74, 0x31, 0x32, 0x30, 0x00, 0x00, 0x00,
  0x01, 0x00, 0x00, 0x00, 0x40, 0x00, 0x00, 0x00, 0x72, 0x98, 0xff, 0xff,
  0x00, 0x00, 0x00, 0x01, 0x14, 0x00, 0x00, 0x00, 0x24, 0x03, 0x00, 0x00,
  0x25, 0x00, 0x00, 0x00, 0x00, 0x00, 0x00, 0x02, 0x30, 0x03, 0x00, 0x00,
  0x5c, 0x98, 0xff, 0xff, 0x08, 0x00, 0x00, 0x00, 0x08, 0x02, 0x00, 0x00,
  0x40, 0x00, 0x00, 0x00, 0x00, 0x00, 0x00, 0x00, 0x00, 0x00, 0x00, 0x00,
  0x00, 0x00, 0x00, 0x00, 0x00, 0x00, 0x00, 0x00, 0x00, 0x00, 0x00, 0x00,
  0x00, 0x00, 0x00, 0x00, 0x00, 0x00, 0x00, 0x00, 0x00, 0x00, 0x00, 0x00,
  0x00, 0x00, 0x00, 0x00, 0x00, 0x00, 0x00, 0x00, 0x00, 0x00, 0x00, 0x00,
  0x00, 0x00, 0x00, 0x00, 0x00, 0x00, 0x00, 0x00, 0x00, 0x00, 0x00, 0x00,
  0x00, 0x00, 0x00, 0x00, 0x00, 0x00, 0x00, 0x00, 0x00, 0x00, 0x00, 0x00,
  0x00, 0x00, 0x00, 0x00, 0x00, 0x00, 0x00, 0x00, 0x00, 0x00, 0x00, 0x00,
  0x00, 0x00, 0x00, 0x00, 0x00, 0x00, 0x00, 0x00, 0x00, 0x00, 0x00, 0x00,
  0x00, 0x00, 0x00, 0x00, 0x00, 0x00, 0x00, 0x00, 0x00, 0x00, 0x00, 0x00,
  0x00, 0x00, 0x00, 0x00, 0x00, 0x00, 0x00, 0x00, 0x00, 0x00, 0x00, 0x00,
  0x00, 0x00, 0x00, 0x00, 0x00, 0x00, 0x00, 0x00, 0x00, 0x00, 0x00, 0x00,
  0x00, 0x00, 0x00, 0x00, 0x00, 0x00, 0x00, 0x00, 0x00, 0x00, 0x00, 0x00,
  0x00, 0x00, 0x00, 0x00, 0x00, 0x00, 0x00, 0x00, 0x00, 0x00, 0x00, 0x00,
  0x00, 0x00, 0x00, 0x00, 0x00, 0x00, 0x00, 0x00, 0x00, 0x00, 0x00, 0x00,
  0x00, 0x00, 0x00, 0x00, 0x00, 0x00, 0x00, 0x00, 0x00, 0x00, 0x00, 0x00,
  0x00, 0x00, 0x00, 0x00, 0x00, 0x00, 0x00, 0x00, 0x00, 0x00, 0x00, 0x00,
  0x00, 0x00, 0x00, 0x00, 0x00, 0x00, 0x00, 0x00, 0x00, 0x00, 0x00, 0x00,
  0x00, 0x00, 0x00, 0x00, 0x00, 0x00, 0x00, 0x00, 0x00, 0x00, 0x00, 0x00,
  0x00, 0x00, 0x00, 0x00, 0x00, 0x00, 0x00, 0x00, 0x00, 0x00, 0x00, 0x00,
  0x00, 0x00, 0x00, 0x00, 0x00, 0x00, 0x00, 0x00, 0x00, 0x00, 0x00, 0x00,
  0x00, 0x00, 0x00, 0x00, 0x00, 0x00, 0x00, 0x00, 0x00, 0x00, 0x00, 0x00,
  0x00, 0x00, 0x00, 0x00, 0x00, 0x00, 0x00, 0x00, 0x00, 0x00, 0x00, 0x00,
  0x00, 0x00, 0x00, 0x00, 0x00, 0x00, 0x00, 0x00, 0x00, 0x00, 0x00, 0x00,
  0x00, 0x00, 0x00, 0x00, 0x00, 0x00, 0x00, 0x00, 0x00, 0x00, 0x00, 0x00,
  0x00, 0x00, 0x00, 0x00, 0x00, 0x00, 0x00, 0x00, 0x00, 0x00, 0x00, 0x00,
  0x00, 0x00, 0x00, 0x00, 0x00, 0x00, 0x00, 0x00, 0x00, 0x00, 0x00, 0x00,
  0x00, 0x00, 0x00, 0x00, 0x00, 0x00, 0x00, 0x00, 0x00, 0x00, 0x00, 0x00,
  0x00, 0x00, 0x00, 0x00, 0x00, 0x00, 0x00, 0x00, 0x00, 0x00, 0x00, 0x00,
  0x00, 0x00, 0x00, 0x00, 0x00, 0x00, 0x00, 0x00, 0x00, 0x00, 0x00, 0x00,
  0x00, 0x00, 0x00, 0x00, 0x00, 0x00, 0x00, 0x00, 0x00, 0x00, 0x00, 0x00,
  0x00, 0x00, 0x00, 0x00, 0x00, 0x00, 0x00, 0x00, 0x00, 0x00, 0x00, 0x00,
  0x00, 0x00, 0x00, 0x00, 0x00, 0x00, 0x00, 0x00, 0x00, 0x00, 0x00, 0x00,
  0x00, 0x00, 0x00, 0x00, 0x00, 0x00, 0x00, 0x00, 0x00, 0x00, 0x00, 0x00,
  0x00, 0x00, 0x00, 0x00, 0x00, 0x00, 0x00, 0x00, 0x00, 0x00, 0x00, 0x00,
  0x00, 0x00, 0x00, 0x00, 0x00, 0x00, 0x00, 0x00, 0x00, 0x00, 0x00, 0x00,
  0x00, 0x00, 0x00, 0x00, 0x00, 0x00, 0x00, 0x00, 0x00, 0x00, 0x00, 0x00,
  0x00, 0x00, 0x00, 0x00, 0x00, 0x00, 0x00, 0x00, 0x00, 0x00, 0x00, 0x00,
  0x00, 0x00, 0x00, 0x00, 0x00, 0x00, 0x00, 0x00, 0x00, 0x00, 0x00, 0x00,
  0x00, 0x00, 0x00, 0x00, 0x00, 0x00, 0x00, 0x00, 0x00, 0x00, 0x00, 0x00,
  0x00, 0x00, 0x00, 0x00, 0x00, 0x00, 0x00, 0x00, 0x00, 0x00, 0x00, 0x00,
  0x00, 0x00, 0x00, 0x00, 0x00, 0x00, 0x00, 0x00, 0x00, 0x00, 0x00, 0x00,
  0x00, 0x00, 0x00, 0x00, 0x00, 0x00, 0x00, 0x00, 0x00, 0x00, 0x00, 0x00,
  0x00, 0x00, 0x00, 0x00, 0x00, 0x00, 0x00, 0x00, 0x00, 0x00, 0x00, 0x00,
  0x40, 0x00, 0x00, 0x00, 0xaf, 0xd6, 0xa1, 0x3b, 0x20, 0x60, 0x6d, 0x3b,
  0xa6, 0x25, 0x2a, 0x3b, 0x6e, 0xc9, 0xb6, 0x3b, 0x8c, 0x5c, 0x51, 0x3b,
  0xe9, 0x41, 0x93, 0x3b, 0x56, 0x05, 0x85, 0x3b, 0x44, 0xcf, 0x67, 0x3b,
  0x4a, 0xea, 0xac, 0x3b, 0xef, 0xc1, 0x3a, 0x3b, 0xa0, 0x05, 0x95, 0x3b,
  0xbb, 0xd6, 0x1b, 0x3b, 0xe1, 0x8e, 0x91, 0x3b, 0x8f, 0xf9, 0x59, 0x3b,
  0x83, 0x48, 0xb9, 0x3b, 0xd4, 0x6c, 0x7d, 0x3b, 0xaa, 0x85, 0x71, 0x3b,
  0x9b, 0xc1, 0x0a, 0x3b, 0x32, 0xd1, 0x50, 0x3b, 0x1a, 0xc1, 0x58, 0x3b,
  0x49, 0x5a, 0xbb, 0x3b, 0xe9, 0x2d, 0x71, 0x3b, 0x2a, 0x30, 0xab, 0x3b,
  0x91, 0x04, 0x13, 0x3b, 0x0f, 0x0d, 0x82, 0x3b, 0x59, 0x0d, 0x74, 0x3b,
  0x59, 0x62, 0x25, 0x3b, 0xcc, 0x97, 0x7d, 0x3b, 0xc1, 0xdb, 0x60, 0x3b,
  0x7c, 0x01, 0x8c, 0x3b, 0x0d, 0x12, 0x77, 0x3b, 0x19, 0xbc, 0x42, 0x3b,
  0x2d, 0x23, 0x25, 0x3b, 0x7a, 0x56, 0x1f, 0x3b, 0x2f, 0x6e, 0x5e, 0x3b,
  0x9b, 0xa5, 0x81, 0x3b, 0xca, 0x0f, 0x1c, 0x3b, 0xf6, 0xe0, 0x68, 0x3b,
  0x4e, 0xd7, 0x93, 0x3b, 0x60, 0x5f, 0x2f, 0x3b, 0xd2, 0x43, 0x9d, 0x3b,
  0x31, 0xf1, 0x92, 0x3b, 0x66, 0xbe, 0x57, 0x3b, 0xe4, 0x46, 0x0b, 0x3b,
  0xb3, 0xf5, 0x8b, 0x3b, 0xfb, 0xbd, 0xf2, 0x3a, 0x20, 0x2e, 0x75, 0x3b,
  0x10, 0x4b, 0xb9, 0x3b, 0xbf, 0x3a, 0x81, 0x3b, 0x4e, 0x62, 0xa6, 0x3b,
  0x7d, 0x08, 0xb5, 0x3b, 0x72, 0x81, 0xba, 0x3b, 0xae, 0xe1, 0x76, 0x3b,
  0x02, 0x80, 0x78, 0x3b, 0x56, 0xb8, 0xa0, 0x3b, 0x64, 0x21, 0x92, 0x3b,
  0x1e, 0xda, 0x9f, 0x3b, 0xd1, 0xf8, 0xbd, 0x3b, 0xaf, 0x78, 0x26, 0x3b,
  0x0f, 0xa0, 0x1c, 0x3b, 0xad, 0xde, 0x6d, 0x3b, 0x66, 0xc5, 0x43, 0x3b,
  0x4d, 0x3e, 0x54, 0x3b, 0x8f, 0x1a, 0xba, 0x3b, 0x11, 0x00, 0x00, 0x00,
  0x61, 0x72, 0x69, 0x74, 0x68, 0x2e, 0x63, 0x6f, 0x6e, 0x73, 0x74, 0x61,
  0x6e, 0x74, 0x31, 0x31, 0x39, 0x00, 0x00, 0x00, 0x01, 0x00, 0x00, 0x00,
  0x40, 0x00, 0x00, 0x00, 0xc2, 0x9b, 0xff, 0xff, 0x00, 0x00, 0x00, 0x01,
  0x14, 0x00, 0x00, 0x00, 0x24, 0x03, 0x00, 0x00, 0x25, 0x00, 0x00, 0x00,
  0x00, 0x00, 0x00, 0x02, 0x30, 0x03, 0x00, 0x00, 0xac, 0x9b, 0xff, 0xff,
  0x08, 0x00, 0x00, 0x00, 0x08, 0x02, 0x00, 0x00, 0x40, 0x00, 0x00, 0x00,
  0x00, 0x00, 0x00, 0x00, 0x00, 0x00, 0x00, 0x00, 0x00, 0x00, 0x00, 0x00,
  0x00, 0x00, 0x00, 0x00, 0x00, 0x00, 0x00, 0x00, 0x00, 0x00, 0x00, 0x00,
  0x00, 0x00, 0x00, 0x00, 0x00, 0x00, 0x00, 0x00, 0x00, 0x00, 0x00, 0x00,
  0x00, 0x00, 0x00, 0x00, 0x00, 0x00, 0x00, 0x00, 0x00, 0x00, 0x00, 0x00,
  0x00, 0x00, 0x00, 0x00, 0x00, 0x00, 0x00, 0x00, 0x00, 0x00, 0x00, 0x00,
  0x00, 0x00, 0x00, 0x00, 0x00, 0x00, 0x00, 0x00, 0x00, 0x00, 0x00, 0x00,
  0x00, 0x00, 0x00, 0x00, 0x00, 0x00, 0x00, 0x00, 0x00, 0x00, 0x00, 0x00,
  0x00, 0x00, 0x00, 0x00, 0x00, 0x00, 0x00, 0x00, 0x00, 0x00, 0x00, 0x00,
  0x00, 0x00, 0x00, 0x00, 0x00, 0x00, 0x00, 0x00, 0x00, 0x00, 0x00, 0x00,
  0x00, 0x00, 0x00, 0x00, 0x00, 0x00, 0x00, 0x00, 0x00, 0x00, 0x00, 0x00,
  0x00, 0x00, 0x00, 0x00, 0x00, 0x00, 0x00, 0x00, 0x00, 0x00, 0x00, 0x00,
  0x00, 0x00, 0x00, 0x00, 0x00, 0x00, 0x00, 0x00, 0x00, 0x00, 0x00, 0x00,
  0x00, 0x00, 0x00, 0x00, 0x00, 0x00, 0x00, 0x00, 0x00, 0x00, 0x00, 0x00,
  0x00, 0x00, 0x00, 0x00, 0x00, 0x00, 0x00, 0x00, 0x00, 0x00, 0x00, 0x00,
  0x00, 0x00, 0x00, 0x00, 0x00, 0x00, 0x00, 0x00, 0x00, 0x00, 0x00, 0x00,
  0x00, 0x00, 0x00, 0x00, 0x00, 0x00, 0x00, 0x00, 0x00, 0x00, 0x00, 0x00,
  0x00, 0x00, 0x00, 0x00, 0x00, 0x00, 0x00, 0x00, 0x00, 0x00, 0x00, 0x00,
  0x00, 0x00, 0x00, 0x00, 0x00, 0x00, 0x00, 0x00, 0x00, 0x00, 0x00, 0x00,
  0x00, 0x00, 0x00, 0x00, 0x00, 0x00, 0x00, 0x00, 0x00, 0x00, 0x00, 0x00,
  0x00, 0x00, 0x00, 0x00, 0x00, 0x00, 0x00, 0x00, 0x00, 0x00, 0x00, 0x00,
  0x00, 0x00, 0x00, 0x00, 0x00, 0x00, 0x00, 0x00, 0x00, 0x00, 0x00, 0x00,
  0x00, 0x00, 0x00, 0x00, 0x00, 0x00, 0x00, 0x00, 0x00, 0x00, 0x00, 0x00,
  0x00, 0x00, 0x00, 0x00, 0x00, 0x00, 0x00, 0x00, 0x00, 0x00, 0x00, 0x00,
  0x00, 0x00, 0x00, 0x00, 0x00, 0x00, 0x00, 0x00, 0x00, 0x00, 0x00, 0x00,
  0x00, 0x00, 0x00, 0x00, 0x00, 0x00, 0x00, 0x00, 0x00, 0x00, 0x00, 0x00,
  0x00, 0x00, 0x00, 0x00, 0x00, 0x00, 0x00, 0x00, 0x00, 0x00, 0x00, 0x00,
  0x00, 0x00, 0x00, 0x00, 0x00, 0x00, 0x00, 0x00, 0x00, 0x00, 0x00, 0x00,
  0x00, 0x00, 0x00, 0x00, 0x00, 0x00, 0x00, 0x00, 0x00, 0x00, 0x00, 0x00,
  0x00, 0x00, 0x00, 0x00, 0x00, 0x00, 0x00, 0x00, 0x00, 0x00, 0x00, 0x00,
  0x00, 0x00, 0x00, 0x00, 0x00, 0x00, 0x00, 0x00, 0x00, 0x00, 0x00, 0x00,
  0x00, 0x00, 0x00, 0x00, 0x00, 0x00, 0x00, 0x00, 0x00, 0x00, 0x00, 0x00,
  0x00, 0x00, 0x00, 0x00, 0x00, 0x00, 0x00, 0x00, 0x00, 0x00, 0x00, 0x00,
  0x00, 0x00, 0x00, 0x00, 0x00, 0x00, 0x00, 0x00, 0x00, 0x00, 0x00, 0x00,
  0x00, 0x00, 0x00, 0x00, 0x00, 0x00, 0x00, 0x00, 0x00, 0x00, 0x00, 0x00,
  0x00, 0x00, 0x00, 0x00, 0x00, 0x00, 0x00, 0x00, 0x00, 0x00, 0x00, 0x00,
  0x00, 0x00, 0x00, 0x00, 0x00, 0x00, 0x00, 0x00, 0x00, 0x00, 0x00, 0x00,
  0x00, 0x00, 0x00, 0x00, 0x00, 0x00, 0x00, 0x00, 0x00, 0x00, 0x00, 0x00,
  0x00, 0x00, 0x00, 0x00, 0x00, 0x00, 0x00, 0x00, 0x00, 0x00, 0x00, 0x00,
  0x00, 0x00, 0x00, 0x00, 0x00, 0x00, 0x00, 0x00, 0x00, 0x00, 0x00, 0x00,
  0x00, 0x00, 0x00, 0x00, 0x00, 0x00, 0x00, 0x00, 0x00, 0x00, 0x00, 0x00,
  0x00, 0x00, 0x00, 0x00, 0x00, 0x00, 0x00, 0x00, 0x00, 0x00, 0x00, 0x00,
  0x00, 0x00, 0x00, 0x00, 0x00, 0x00, 0x00, 0x00, 0x00, 0x00, 0x00, 0x00,
  0x00, 0x00, 0x00, 0x00, 0x00, 0x00, 0x00, 0x00, 0x40, 0x00, 0x00, 0x00,
  0xaf, 0xd6, 0xa1, 0x3b, 0x20, 0x60, 0x6d, 0x3b, 0xa6, 0x25, 0x2a, 0x3b,
  0x6e, 0xc9, 0xb6, 0x3b, 0x8c, 0x5c, 0x51, 0x3b, 0xe9, 0x41, 0x93, 0x3b,
  0x56, 0x05, 0x85, 0x3b, 0x44, 0xcf, 0x67, 0x3b, 0x4a, 0xea, 0xac, 0x3b,
  0xef, 0xc1, 0x3a, 0x3b, 0xa0, 0x05, 0x95, 0x3b, 0xbb, 0xd6, 0x1b, 0x3b,
  0xe1, 0x8e, 0x91, 0x3b, 0x8f, 0xf9, 0x59, 0x3b, 0x83, 0x48, 0xb9, 0x3b,
  0xd4, 0x6c, 0x7d, 0x3b, 0xaa, 0x85, 0x71, 0x3b, 0x9b, 0xc1, 0x0a, 0x3b,
  0x32, 0xd1, 0x50, 0x3b, 0x1a, 0xc1, 0x58, 0x3b, 0x49, 0x5a, 0xbb, 0x3b,
  0xe9, 0x2d, 0x71, 0x3b, 0x2a, 0x30, 0xab, 0x3b, 0x91, 0x04, 0x13, 0x3b,
  0x0f, 0x0d, 0x82, 0x3b, 0x59, 0x0d, 0x74, 0x3b, 0x59, 0x62, 0x25, 0x3b,
  0xcc, 0x97, 0x7d, 0x3b, 0xc1, 0xdb, 0x60, 0x3b, 0x7c, 0x01, 0x8c, 0x3b,
  0x0d, 0x12, 0x77, 0x3b, 0x19, 0xbc, 0x42, 0x3b, 0x2d, 0x23, 0x25, 0x3b,
  0x7a, 0x56, 0x1f, 0x3b, 0x2f, 0x6e, 0x5e, 0x3b, 0x9b, 0xa5, 0x81, 0x3b,
  0xca, 0x0f, 0x1c, 0x3b, 0xf6, 0xe0, 0x68, 0x3b, 0x4e, 0xd7, 0x93, 0x3b,
  0x60, 0x5f, 0x2f, 0x3b, 0xd2, 0x43, 0x9d, 0x3b, 0x31, 0xf1, 0x92, 0x3b,
  0x66, 0xbe, 0x57, 0x3b, 0xe4, 0x46, 0x0b, 0x3b, 0xb3, 0xf5, 0x8b, 0x3b,
  0xfb, 0xbd, 0xf2, 0x3a, 0x20, 0x2e, 0x75, 0x3b, 0x10, 0x4b, 0xb9, 0x3b,
  0xbf, 0x3a, 0x81, 0x3b, 0x4e, 0x62, 0xa6, 0x3b, 0x7d, 0x08, 0xb5, 0x3b,
  0x72, 0x81, 0xba, 0x3b, 0xae, 0xe1, 0x76, 0x3b, 0x02, 0x80, 0x78, 0x3b,
  0x56, 0xb8, 0xa0, 0x3b, 0x64, 0x21, 0x92, 0x3b, 0x1e, 0xda, 0x9f, 0x3b,
  0xd1, 0xf8, 0xbd, 0x3b, 0xaf, 0x78, 0x26, 0x3b, 0x0f, 0xa0, 0x1c, 0x3b,
  0xad, 0xde, 0x6d, 0x3b, 0x66, 0xc5, 0x43, 0x3b, 0x4d, 0x3e, 0x54, 0x3b,
  0x8f, 0x1a, 0xba, 0x3b, 0x11, 0x00, 0x00, 0x00, 0x61, 0x72, 0x69, 0x74,
  0x68, 0x2e, 0x63, 0x6f, 0x6e, 0x73, 0x74, 0x61, 0x6e, 0x74, 0x31, 0x31,
  0x38, 0x00, 0x00, 0x00, 0x01, 0x00, 0x00, 0x00, 0x40, 0x00, 0x00, 0x00,
  0x12, 0x9f, 0xff, 0xff, 0x00, 0x00, 0x00, 0x01, 0x14, 0x00, 0x00, 0x00,
  0x24, 0x03, 0x00, 0x00, 0x25, 0x00, 0x00, 0x00, 0x00, 0x00, 0x00, 0x02,
  0x30, 0x03, 0x00, 0x00, 0xfc, 0x9e, 0xff, 0xff, 0x08, 0x00, 0x00, 0x00,
  0x08, 0x02, 0x00, 0x00, 0x40, 0x00, 0x00, 0x00, 0x00, 0x00, 0x00, 0x00,
  0x00, 0x00, 0x00, 0x00, 0x00, 0x00, 0x00, 0x00, 0x00, 0x00, 0x00, 0x00,
  0x00, 0x00, 0x00, 0x00, 0x00, 0x00, 0x00, 0x00, 0x00, 0x00, 0x00, 0x00,
  0x00, 0x00, 0x00, 0x00, 0x00, 0x00, 0x00, 0x00, 0x00, 0x00, 0x00, 0x00,
  0x00, 0x00, 0x00, 0x00, 0x00, 0x00, 0x00, 0x00, 0x00, 0x00, 0x00, 0x00,
  0x00, 0x00, 0x00, 0x00, 0x00, 0x00, 0x00, 0x00, 0x00, 0x00, 0x00, 0x00,
  0x00, 0x00, 0x00, 0x00, 0x00, 0x00, 0x00, 0x00, 0x00, 0x00, 0x00, 0x00,
  0x00, 0x00, 0x00, 0x00, 0x00, 0x00, 0x00, 0x00, 0x00, 0x00, 0x00, 0x00,
  0x00, 0x00, 0x00, 0x00, 0x00, 0x00, 0x00, 0x00, 0x00, 0x00, 0x00, 0x00,
  0x00, 0x00, 0x00, 0x00, 0x00, 0x00, 0x00, 0x00, 0x00, 0x00, 0x00, 0x00,
  0x00, 0x00, 0x00, 0x00, 0x00, 0x00, 0x00, 0x00, 0x00, 0x00, 0x00, 0x00,
  0x00, 0x00, 0x00, 0x00, 0x00, 0x00, 0x00, 0x00, 0x00, 0x00, 0x00, 0x00,
  0x00, 0x00, 0x00, 0x00, 0x00, 0x00, 0x00, 0x00, 0x00, 0x00, 0x00, 0x00,
  0x00, 0x00, 0x00, 0x00, 0x00, 0x00, 0x00, 0x00, 0x00, 0x00, 0x00, 0x00,
  0x00, 0x00, 0x00, 0x00, 0x00, 0x00, 0x00, 0x00, 0x00, 0x00, 0x00, 0x00,
  0x00, 0x00, 0x00, 0x00, 0x00, 0x00, 0x00, 0x00, 0x00, 0x00, 0x00, 0x00,
  0x00, 0x00, 0x00, 0x00, 0x00, 0x00, 0x00, 0x00, 0x00, 0x00, 0x00, 0x00,
  0x00, 0x00, 0x00, 0x00, 0x00, 0x00, 0x00, 0x00, 0x00, 0x00, 0x00, 0x00,
  0x00, 0x00, 0x00, 0x00, 0x00, 0x00, 0x00, 0x00, 0x00, 0x00, 0x00, 0x00,
  0x00, 0x00, 0x00, 0x00, 0x00, 0x00, 0x00, 0x00, 0x00, 0x00, 0x00, 0x00,
  0x00, 0x00, 0x00, 0x00, 0x00, 0x00, 0x00, 0x00, 0x00, 0x00, 0x00, 0x00,
  0x00, 0x00, 0x00, 0x00, 0x00, 0x00, 0x00, 0x00, 0x00, 0x00, 0x00, 0x00,
  0x00, 0x00, 0x00, 0x00, 0x00, 0x00, 0x00, 0x00, 0x00, 0x00, 0x00, 0x00,
  0x00, 0x00, 0x00, 0x00, 0x00, 0x00, 0x00, 0x00, 0x00, 0x00, 0x00, 0x00,
  0x00, 0x00, 0x00, 0x00, 0x00, 0x00, 0x00, 0x00, 0x00, 0x00, 0x00, 0x00,
  0x00, 0x00, 0x00, 0x00, 0x00, 0x00, 0x00, 0x00, 0x00, 0x00, 0x00, 0x00,
  0x00, 0x00, 0x00, 0x00, 0x00, 0x00, 0x00, 0x00, 0x00, 0x00, 0x00, 0x00,
  0x00, 0x00, 0x00, 0x00, 0x00, 0x00, 0x00, 0x00, 0x00, 0x00, 0x00, 0x00,
  0x00, 0x00, 0x00, 0x00, 0x00, 0x00, 0x00, 0x00, 0x00, 0x00, 0x00, 0x00,
  0x00, 0x00, 0x00, 0x00, 0x00, 0x00, 0x00, 0x00, 0x00, 0x00, 0x00, 0x00,
  0x00, 0x00, 0x00, 0x00, 0x00, 0x00, 0x00, 0x00, 0x00, 0x00, 0x00, 0x00,
  0x00, 0x00, 0x00, 0x00, 0x00, 0x00, 0x00, 0x00, 0x00, 0x00, 0x00, 0x00,
  0x00, 0x00, 0x00, 0x00, 0x00, 0x00, 0x00, 0x00, 0x00, 0x00, 0x00, 0x00,
  0x00, 0x00, 0x00, 0x00, 0x00, 0x00, 0x00, 0x00, 0x00, 0x00, 0x00, 0x00,
  0x00, 0x00, 0x00, 0x00, 0x00, 0x00, 0x00, 0x00, 0x00, 0x00, 0x00, 0x00,
  0x00, 0x00, 0x00, 0x00, 0x00, 0x00, 0x00, 0x00, 0x00, 0x00, 0x00, 0x00,
  0x00, 0x00, 0x00, 0x00, 0x00, 0x00, 0x00, 0x00, 0x00, 0x00, 0x00, 0x00,
  0x00, 0x00, 0x00, 0x00, 0x00, 0x00, 0x00, 0x00, 0x00, 0x00, 0x00, 0x00,
  0x00, 0x00, 0x00, 0x00, 0x00, 0x00, 0x00, 0x00, 0x00, 0x00, 0x00, 0x00,
  0x00, 0x00, 0x00, 0x00, 0x00, 0x00, 0x00, 0x00, 0x00, 0x00, 0x00, 0x00,
  0x00, 0x00, 0x00, 0x00, 0x00, 0x00, 0x00, 0x00, 0x00, 0x00, 0x00, 0x00,
  0x00, 0x00, 0x00, 0x00, 0x00, 0x00, 0x00, 0x00, 0x00, 0x00, 0x00, 0x00,
  0x00, 0x00, 0x00, 0x00, 0x00, 0x00, 0x00, 0x00, 0x00, 0x00, 0x00, 0x00,
  0x00, 0x00, 0x00, 0x00, 0x40, 0x00, 0x00, 0x00, 0xaf, 0xd6, 0xa1, 0x3b,
  0x20, 0x60, 0x6d, 0x3b, 0xa6, 0x25, 0x2a, 0x3b, 0x6e, 0xc9, 0xb6, 0x3b,
  0x8c, 0x5c, 0x51, 0x3b, 0xe9, 0x41, 0x93, 0x3b, 0x56, 0x05, 0x85, 0x3b,
  0x44, 0xcf, 0x67, 0x3b, 0x4a, 0xea, 0xac, 0x3b, 0xef, 0xc1, 0x3a, 0x3b,
  0xa0, 0x05, 0x95, 0x3b, 0xbb, 0xd6, 0x1b, 0x3b, 0xe1, 0x8e, 0x91, 0x3b,
  0x8f, 0xf9, 0x59, 0x3b, 0x83, 0x48, 0xb9, 0x3b, 0xd4, 0x6c, 0x7d, 0x3b,
  0xaa, 0x85, 0x71, 0x3b, 0x9b, 0xc1, 0x0a, 0x3b, 0x32, 0xd1, 0x50, 0x3b,
  0x1a, 0xc1, 0x58, 0x3b, 0x49, 0x5a, 0xbb, 0x3b, 0xe9, 0x2d, 0x71, 0x3b,
  0x2a, 0x30, 0xab, 0x3b, 0x91, 0x04, 0x13, 0x3b, 0x0f, 0x0d, 0x82, 0x3b,
  0x59, 0x0d, 0x74, 0x3b, 0x59, 0x62, 0x25, 0x3b, 0xcc, 0x97, 0x7d, 0x3b,
  0xc1, 0xdb, 0x60, 0x3b, 0x7c, 0x01, 0x8c, 0x3b, 0x0d, 0x12, 0x77, 0x3b,
  0x19, 0xbc, 0x42, 0x3b, 0x2d, 0x23, 0x25, 0x3b, 0x7a, 0x56, 0x1f, 0x3b,
  0x2f, 0x6e, 0x5e, 0x3b, 0x9b, 0xa5, 0x81, 0x3b, 0xca, 0x0f, 0x1c, 0x3b,
  0xf6, 0xe0, 0x68, 0x3b, 0x4e, 0xd7, 0x93, 0x3b, 0x60, 0x5f, 0x2f, 0x3b,
  0xd2, 0x43, 0x9d, 0x3b, 0x31, 0xf1, 0x92, 0x3b, 0x66, 0xbe, 0x57, 0x3b,
  0xe4, 0x46, 0x0b, 0x3b, 0xb3, 0xf5, 0x8b, 0x3b, 0xfb, 0xbd, 0xf2, 0x3a,
  0x20, 0x2e, 0x75, 0x3b, 0x10, 0x4b, 0xb9, 0x3b, 0xbf, 0x3a, 0x81, 0x3b,
  0x4e, 0x62, 0xa6, 0x3b, 0x7d, 0x08, 0xb5, 0x3b, 0x72, 0x81, 0xba, 0x3b,
  0xae, 0xe1, 0x76, 0x3b, 0x02, 0x80, 0x78, 0x3b, 0x56, 0xb8, 0xa0, 0x3b,
  0x64, 0x21, 0x92, 0x3b, 0x1e, 0xda, 0x9f, 0x3b, 0xd1, 0xf8, 0xbd, 0x3b,
  0xaf, 0x78, 0x26, 0x3b, 0x0f, 0xa0, 0x1c, 0x3b, 0xad, 0xde, 0x6d, 0x3b,
  0x66, 0xc5, 0x43, 0x3b, 0x4d, 0x3e, 0x54, 0x3b, 0x8f, 0x1a, 0xba, 0x3b,
  0x11, 0x00, 0x00, 0x00, 0x61, 0x72, 0x69, 0x74, 0x68, 0x2e, 0x63, 0x6f,
  0x6e, 0x73, 0x74, 0x61, 0x6e, 0x74, 0x31, 0x31, 0x37, 0x00, 0x00, 0x00,
  0x01, 0x00, 0x00, 0x00, 0x40, 0x00, 0x00, 0x00, 0x62, 0xa2, 0xff, 0xff,
  0x00, 0x00, 0x00, 0x01, 0x14, 0x00, 0x00, 0x00, 0x24, 0x03, 0x00, 0x00,
  0x25, 0x00, 0x00, 0x00, 0x00, 0x00, 0x00, 0x02, 0x30, 0x03, 0x00, 0x00,
  0x4c, 0xa2, 0xff, 0xff, 0x08, 0x00, 0x00, 0x00, 0x08, 0x02, 0x00, 0x00,
  0x40, 0x00, 0x00, 0x00, 0x00, 0x00, 0x00, 0x00, 0x00, 0x00, 0x00, 0x00,
  0x00, 0x00, 0x00, 0x00, 0x00, 0x00, 0x00, 0x00, 0x00, 0x00, 0x00, 0x00,
  0x00, 0x00, 0x00, 0x00, 0x00, 0x00, 0x00, 0x00, 0x00, 0x00, 0x00, 0x00,
  0x00, 0x00, 0x00, 0x00, 0x00, 0x00, 0x00, 0x00, 0x00, 0x00, 0x00, 0x00,
  0x00, 0x00, 0x00, 0x00, 0x00, 0x00, 0x00, 0x00, 0x00, 0x00, 0x00, 0x00,
  0x00, 0x00, 0x00, 0x00, 0x00, 0x00, 0x00, 0x00, 0x00, 0x00, 0x00, 0x00,
  0x00, 0x00, 0x00, 0x00, 0x00, 0x00, 0x00, 0x00, 0x00, 0x00, 0x00, 0x00,
  0x00, 0x00, 0x00, 0x00, 0x00, 0x00, 0x00, 0x00, 0x00, 0x00, 0x00, 0x00,
  0x00, 0x00, 0x00, 0x00, 0x00, 0x00, 0x00, 0x00, 0x00, 0x00, 0x00, 0x00,
  0x00, 0x00, 0x00, 0x00, 0x00, 0x00, 0x00, 0x00, 0x00, 0x00, 0x00, 0x00,
  0x00, 0x00, 0x00, 0x00, 0x00, 0x00, 0x00, 0x00, 0x00, 0x00, 0x00, 0x00,
  0x00, 0x00, 0x00, 0x00, 0x00, 0x00, 0x00, 0x00, 0x00, 0x00, 0x00, 0x00,
  0x00, 0x00, 0x00, 0x00, 0x00, 0x00, 0x00, 0x00, 0x00, 0x00, 0x00, 0x00,
  0x00, 0x00, 0x00, 0x00, 0x00, 0x00, 0x00, 0x00, 0x00, 0x00, 0x00, 0x00,
  0x00, 0x00, 0x00, 0x00, 0x00, 0x00, 0x00, 0x00, 0x00, 0x00, 0x00, 0x00,
  0x00, 0x00, 0x00, 0x00, 0x00, 0x00, 0x00, 0x00, 0x00, 0x00, 0x00, 0x00,
  0x00, 0x00, 0x00, 0x00, 0x00, 0x00, 0x00, 0x00, 0x00, 0x00, 0x00, 0x00,
  0x00, 0x00, 0x00, 0x00, 0x00, 0x00, 0x00, 0x00, 0x00, 0x00, 0x00, 0x00,
  0x00, 0x00, 0x00, 0x00, 0x00, 0x00, 0x00, 0x00, 0x00, 0x00, 0x00, 0x00,
  0x00, 0x00, 0x00, 0x00, 0x00, 0x00, 0x00, 0x00, 0x00, 0x00, 0x00, 0x00,
  0x00, 0x00, 0x00, 0x00, 0x00, 0x00, 0x00, 0x00, 0x00, 0x00, 0x00, 0x00,
  0x00, 0x00, 0x00, 0x00, 0x00, 0x00, 0x00, 0x00, 0x00, 0x00, 0x00, 0x00,
  0x00, 0x00, 0x00, 0x00, 0x00, 0x00, 0x00, 0x00, 0x00, 0x00, 0x00, 0x00,
  0x00, 0x00, 0x00, 0x00, 0x00, 0x00, 0x00, 0x00, 0x00, 0x00, 0x00, 0x00,
  0x00, 0x00, 0x00, 0x00, 0x00, 0x00, 0x00, 0x00, 0x00, 0x00, 0x00, 0x00,
  0x00, 0x00, 0x00, 0x00, 0x00, 0x00, 0x00, 0x00, 0x00, 0x00, 0x00, 0x00,
  0x00, 0x00, 0x00, 0x00, 0x00, 0x00, 0x00, 0x00, 0x00, 0x00, 0x00, 0x00,
  0x00, 0x00, 0x00, 0x00, 0x00, 0x00, 0x00, 0x00, 0x00, 0x00, 0x00, 0x00,
  0x00, 0x00, 0x00, 0x00, 0x00, 0x00, 0x00, 0x00, 0x00, 0x00, 0x00, 0x00,
  0x00, 0x00, 0x00, 0x00, 0x00, 0x00, 0x00, 0x00, 0x00, 0x00, 0x00, 0x00,
  0x00, 0x00, 0x00, 0x00, 0x00, 0x00, 0x00, 0x00, 0x00, 0x00, 0x00, 0x00,
  0x00, 0x00, 0x00, 0x00, 0x00, 0x00, 0x00, 0x00, 0x00, 0x00, 0x00, 0x00,
  0x00, 0x00, 0x00, 0x00, 0x00, 0x00, 0x00, 0x00, 0x00, 0x00, 0x00, 0x00,
  0x00, 0x00, 0x00, 0x00, 0x00, 0x00, 0x00, 0x00, 0x00, 0x00, 0x00, 0x00,
  0x00, 0x00, 0x00, 0x00, 0x00, 0x00, 0x00, 0x00, 0x00, 0x00, 0x00, 0x00,
  0x00, 0x00, 0x00, 0x00, 0x00, 0x00, 0x00, 0x00, 0x00, 0x00, 0x00, 0x00,
  0x00, 0x00, 0x00, 0x00, 0x00, 0x00, 0x00, 0x00, 0x00, 0x00, 0x00, 0x00,
  0x00, 0x00, 0x00, 0x00, 0x00, 0x00, 0x00, 0x00, 0x00, 0x00, 0x00, 0x00,
  0x00, 0x00, 0x00, 0x00, 0x00, 0x00, 0x00, 0x00, 0x00, 0x00, 0x00, 0x00,
  0x00, 0x00, 0x00, 0x00, 0x00, 0x00, 0x00, 0x00, 0x00, 0x00, 0x00, 0x00,
  0x00, 0x00, 0x00, 0x00, 0x00, 0x00, 0x00, 0x00, 0x00, 0x00, 0x00, 0x00,
  0x00, 0x00, 0x00, 0x00, 0x00, 0x00, 0x00, 0x00, 0x00, 0x00, 0x00, 0x00,
  0x00, 0x00, 0x00, 0x00, 0x00, 0x00, 0x00, 0x00, 0x00, 0x00, 0x00, 0x00,
  0x40, 0x00, 0x00, 0x00, 0xaf, 0xd6, 0xa1, 0x3b, 0x20, 0x60, 0x6d, 0x3b,
  0xa6, 0x25, 0x2a, 0x3b, 0x6e, 0xc9, 0xb6, 0x3b, 0x8c, 0x5c, 0x51, 0x3b,
  0xe9, 0x41, 0x93, 0x3b, 0x56, 0x05, 0x85, 0x3b, 0x44, 0xcf, 0x67, 0x3b,
  0x4a, 0xea, 0xac, 0x3b, 0xef, 0xc1, 0x3a, 0x3b, 0xa0, 0x05, 0x95, 0x3b,
  0xbb, 0xd6, 0x1b, 0x3b, 0xe1, 0x8e, 0x91, 0x3b, 0x8f, 0xf9, 0x59, 0x3b,
  0x83, 0x48, 0xb9, 0x3b, 0xd4, 0x6c, 0x7d, 0x3b, 0xaa, 0x85, 0x71, 0x3b,
  0x9b, 0xc1, 0x0a, 0x3b, 0x32, 0xd1, 0x50, 0x3b, 0x1a, 0xc1, 0x58, 0x3b,
  0x49, 0x5a, 0xbb, 0x3b, 0xe9, 0x2d, 0x71, 0x3b, 0x2a, 0x30, 0xab, 0x3b,
  0x91, 0x04, 0x13, 0x3b, 0x0f, 0x0d, 0x82, 0x3b, 0x59, 0x0d, 0x74, 0x3b,
  0x59, 0x62, 0x25, 0x3b, 0xcc, 0x97, 0x7d, 0x3b, 0xc1, 0xdb, 0x60, 0x3b,
  0x7c, 0x01, 0x8c, 0x3b, 0x0d, 0x12, 0x77, 0x3b, 0x19, 0xbc, 0x42, 0x3b,
  0x2d, 0x23, 0x25, 0x3b, 0x7a, 0x56, 0x1f, 0x3b, 0x2f, 0x6e, 0x5e, 0x3b,
  0x9b, 0xa5, 0x81, 0x3b, 0xca, 0x0f, 0x1c, 0x3b, 0xf6, 0xe0, 0x68, 0x3b,
  0x4e, 0xd7, 0x93, 0x3b, 0x60, 0x5f, 0x2f, 0x3b, 0xd2, 0x43, 0x9d, 0x3b,
  0x31, 0xf1, 0x92, 0x3b, 0x66, 0xbe, 0x57, 0x3b, 0xe4, 0x46, 0x0b, 0x3b,
  0xb3, 0xf5, 0x8b, 0x3b, 0xfb, 0xbd, 0xf2, 0x3a, 0x20, 0x2e, 0x75, 0x3b,
  0x10, 0x4b, 0xb9, 0x3b, 0xbf, 0x3a, 0x81, 0x3b, 0x4e, 0x62, 0xa6, 0x3b,
  0x7d, 0x08, 0xb5, 0x3b, 0x72, 0x81, 0xba, 0x3b, 0xae, 0xe1, 0x76, 0x3b,
  0x02, 0x80, 0x78, 0x3b, 0x56, 0xb8, 0xa0, 0x3b, 0x64, 0x21, 0x92, 0x3b,
  0x1e, 0xda, 0x9f, 0x3b, 0xd1, 0xf8, 0xbd, 0x3b, 0xaf, 0x78, 0x26, 0x3b,
  0x0f, 0xa0, 0x1c, 0x3b, 0xad, 0xde, 0x6d, 0x3b, 0x66, 0xc5, 0x43, 0x3b,
  0x4d, 0x3e, 0x54, 0x3b, 0x8f, 0x1a, 0xba, 0x3b, 0x11, 0x00, 0x00, 0x00,
  0x61, 0x72, 0x69, 0x74, 0x68, 0x2e, 0x63, 0x6f, 0x6e, 0x73, 0x74, 0x61,
  0x6e, 0x74, 0x31, 0x31, 0x36, 0x00, 0x00, 0x00, 0x01, 0x00, 0x00, 0x00,
  0x40, 0x00, 0x00, 0x00, 0xb2, 0xa5, 0xff, 0xff, 0x00, 0x00, 0x00, 0x01,
  0x14, 0x00, 0x00, 0x00, 0x24, 0x03, 0x00, 0x00, 0x25, 0x00, 0x00, 0x00,
  0x00, 0x00, 0x00, 0x02, 0x30, 0x03, 0x00, 0x00, 0x9c, 0xa5, 0xff, 0xff,
  0x08, 0x00, 0x00, 0x00, 0x08, 0x02, 0x00, 0x00, 0x40, 0x00, 0x00, 0x00,
  0x00, 0x00, 0x00, 0x00, 0x00, 0x00, 0x00, 0x00, 0x00, 0x00, 0x00, 0x00,
  0x00, 0x00, 0x00, 0x00, 0x00, 0x00, 0x00, 0x00, 0x00, 0x00, 0x00, 0x00,
  0x00, 0x00, 0x00, 0x00, 0x00, 0x00, 0x00, 0x00, 0x00, 0x00, 0x00, 0x00,
  0x00, 0x00, 0x00, 0x00, 0x00, 0x00, 0x00, 0x00, 0x00, 0x00, 0x00, 0x00,
  0x00, 0x00, 0x00, 0x00, 0x00, 0x00, 0x00, 0x00, 0x00, 0x00, 0x00, 0x00,
  0x00, 0x00, 0x00, 0x00, 0x00, 0x00, 0x00, 0x00, 0x00, 0x00, 0x00, 0x00,
  0x00, 0x00, 0x00, 0x00, 0x00, 0x00, 0x00, 0x00, 0x00, 0x00, 0x00, 0x00,
  0x00, 0x00, 0x00, 0x00, 0x00, 0x00, 0x00, 0x00, 0x00, 0x00, 0x00, 0x00,
  0x00, 0x00, 0x00, 0x00, 0x00, 0x00, 0x00, 0x00, 0x00, 0x00, 0x00, 0x00,
  0x00, 0x00, 0x00, 0x00, 0x00, 0x00, 0x00, 0x00, 0x00, 0x00, 0x00, 0x00,
  0x00, 0x00, 0x00, 0x00, 0x00, 0x00, 0x00, 0x00, 0x00, 0x00, 0x00, 0x00,
  0x00, 0x00, 0x00, 0x00, 0x00, 0x00, 0x00, 0x00, 0x00, 0x00, 0x00, 0x00,
  0x00, 0x00, 0x00, 0x00, 0x00, 0x00, 0x00, 0x00, 0x00, 0x00, 0x00, 0x00,
  0x00, 0x00, 0x00, 0x00, 0x00, 0x00, 0x00, 0x00, 0x00, 0x00, 0x00, 0x00,
  0x00, 0x00, 0x00, 0x00, 0x00, 0x00, 0x00, 0x00, 0x00, 0x00, 0x00, 0x00,
  0x00, 0x00, 0x00, 0x00, 0x00, 0x00, 0x00, 0x00, 0x00, 0x00, 0x00, 0x00,
  0x00, 0x00, 0x00, 0x00, 0x00, 0x00, 0x00, 0x00, 0x00, 0x00, 0x00, 0x00,
  0x00, 0x00, 0x00, 0x00, 0x00, 0x00, 0x00, 0x00, 0x00, 0x00, 0x00, 0x00,
  0x00, 0x00, 0x00, 0x00, 0x00, 0x00, 0x00, 0x00, 0x00, 0x00, 0x00, 0x00,
  0x00, 0x00, 0x00, 0x00, 0x00, 0x00, 0x00, 0x00, 0x00, 0x00, 0x00, 0x00,
  0x00, 0x00, 0x00, 0x00, 0x00, 0x00, 0x00, 0x00, 0x00, 0x00, 0x00, 0x00,
  0x00, 0x00, 0x00, 0x00, 0x00, 0x00, 0x00, 0x00, 0x00, 0x00, 0x00, 0x00,
  0x00, 0x00, 0x00, 0x00, 0x00, 0x00, 0x00, 0x00, 0x00, 0x00, 0x00, 0x00,
  0x00, 0x00, 0x00, 0x00, 0x00, 0x00, 0x00, 0x00, 0x00, 0x00, 0x00, 0x00,
  0x00, 0x00, 0x00, 0x00, 0x00, 0x00, 0x00, 0x00, 0x00, 0x00, 0x00, 0x00,
  0x00, 0x00, 0x00, 0x00, 0x00, 0x00, 0x00, 0x00, 0x00, 0x00, 0x00, 0x00,
  0x00, 0x00, 0x00, 0x00, 0x00, 0x00, 0x00, 0x00, 0x00, 0x00, 0x00, 0x00,
  0x00, 0x00, 0x00, 0x00, 0x00, 0x00, 0x00, 0x00, 0x00, 0x00, 0x00, 0x00,
  0x00, 0x00, 0x00, 0x00, 0x00, 0x00, 0x00, 0x00, 0x00, 0x00, 0x00, 0x00,
  0x00, 0x00, 0x00, 0x00, 0x00, 0x00, 0x00, 0x00, 0x00, 0x00, 0x00, 0x00,
  0x00, 0x00, 0x00, 0x00, 0x00, 0x00, 0x00, 0x00, 0x00, 0x00, 0x00, 0x00,
  0x00, 0x00, 0x00, 0x00, 0x00, 0x00, 0x00, 0x00, 0x00, 0x00, 0x00, 0x00,
  0x00, 0x00, 0x00, 0x00, 0x00, 0x00, 0x00, 0x00, 0x00, 0x00, 0x00, 0x00,
  0x00, 0x00, 0x00, 0x00, 0x00, 0x00, 0x00, 0x00, 0x00, 0x00, 0x00, 0x00,
  0x00, 0x00, 0x00, 0x00, 0x00, 0x00, 0x00, 0x00, 0x00, 0x00, 0x00, 0x00,
  0x00, 0x00, 0x00, 0x00, 0x00, 0x00, 0x00, 0x00, 0x00, 0x00, 0x00, 0x00,
  0x00, 0x00, 0x00, 0x00, 0x00, 0x00, 0x00, 0x00, 0x00, 0x00, 0x00, 0x00,
  0x00, 0x00, 0x00, 0x00, 0x00, 0x00, 0x00, 0x00, 0x00, 0x00, 0x00, 0x00,
  0x00, 0x00, 0x00, 0x00, 0x00, 0x00, 0x00, 0x00, 0x00, 0x00, 0x00, 0x00,
  0x00, 0x00, 0x00, 0x00, 0x00, 0x00, 0x00, 0x00, 0x00, 0x00, 0x00, 0x00,
  0x00, 0x00, 0x00, 0x00, 0x00, 0x00, 0x00, 0x00, 0x00, 0x00, 0x00, 0x00,
  0x00, 0x00, 0x00, 0x00, 0x00, 0x00, 0x00, 0x00, 0x00, 0x00, 0x00, 0x00,
  0x00, 0x00, 0x00, 0x00, 0x00, 0x00, 0x00, 0x00, 0x40, 0x00, 0x00, 0x00,
  0xaf, 0xd6, 0xa1, 0x3b, 0x20, 0x60, 0x6d, 0x3b, 0xa6, 0x25, 0x2a, 0x3b,
  0x6e, 0xc9, 0xb6, 0x3b, 0x8c, 0x5c, 0x51, 0x3b, 0xe9, 0x41, 0x93, 0x3b,
  0x56, 0x05, 0x85, 0x3b, 0x44, 0xcf, 0x67, 0x3b, 0x4a, 0xea, 0xac, 0x3b,
  0xef, 0xc1, 0x3a, 0x3b, 0xa0, 0x05, 0x95, 0x3b, 0xbb, 0xd6, 0x1b, 0x3b,
  0xe1, 0x8e, 0x91, 0x3b, 0x8f, 0xf9, 0x59, 0x3b, 0x83, 0x48, 0xb9, 0x3b,
  0xd4, 0x6c, 0x7d, 0x3b, 0xaa, 0x85, 0x71, 0x3b, 0x9b, 0xc1, 0x0a, 0x3b,
  0x32, 0xd1, 0x50, 0x3b, 0x1a, 0xc1, 0x58, 0x3b, 0x49, 0x5a, 0xbb, 0x3b,
  0xe9, 0x2d, 0x71, 0x3b, 0x2a, 0x30, 0xab, 0x3b, 0x91, 0x04, 0x13, 0x3b,
  0x0f, 0x0d, 0x82, 0x3b, 0x59, 0x0d, 0x74, 0x3b, 0x59, 0x62, 0x25, 0x3b,
  0xcc, 0x97, 0x7d, 0x3b, 0xc1, 0xdb, 0x60, 0x3b, 0x7c, 0x01, 0x8c, 0x3b,
  0x0d, 0x12, 0x77, 0x3b, 0x19, 0xbc, 0x42, 0x3b, 0x2d, 0x23, 0x25, 0x3b,
  0x7a, 0x56, 0x1f, 0x3b, 0x2f, 0x6e, 0x5e, 0x3b, 0x9b, 0xa5, 0x81, 0x3b,
  0xca, 0x0f, 0x1c, 0x3b, 0xf6, 0xe0, 0x68, 0x3b, 0x4e, 0xd7, 0x93, 0x3b,
  0x60, 0x5f, 0x2f, 0x3b, 0xd2, 0x43, 0x9d, 0x3b, 0x31, 0xf1, 0x92, 0x3b,
  0x66, 0xbe, 0x57, 0x3b, 0xe4, 0x46, 0x0b, 0x3b, 0xb3, 0xf5, 0x8b, 0x3b,
  0xfb, 0xbd, 0xf2, 0x3a, 0x20, 0x2e, 0x75, 0x3b, 0x10, 0x4b, 0xb9, 0x3b,
  0xbf, 0x3a, 0x81, 0x3b, 0x4e, 0x62, 0xa6, 0x3b, 0x7d, 0x08, 0xb5, 0x3b,
  0x72, 0x81, 0xba, 0x3b, 0xae, 0xe1, 0x76, 0x3b, 0x02, 0x80, 0x78, 0x3b,
  0x56, 0xb8, 0xa0, 0x3b, 0x64, 0x21, 0x92, 0x3b, 0x1e, 0xda, 0x9f, 0x3b,
  0xd1, 0xf8, 0xbd, 0x3b, 0xaf, 0x78, 0x26, 0x3b, 0x0f, 0xa0, 0x1c, 0x3b,
  0xad, 0xde, 0x6d, 0x3b, 0x66, 0xc5, 0x43, 0x3b, 0x4d, 0x3e, 0x54, 0x3b,
  0x8f, 0x1a, 0xba, 0x3b, 0x11, 0x00, 0x00, 0x00, 0x61, 0x72, 0x69, 0x74,
  0x68, 0x2e, 0x63, 0x6f, 0x6e, 0x73, 0x74, 0x61, 0x6e, 0x74, 0x31, 0x31,
  0x35, 0x00, 0x00, 0x00, 0x01, 0x00, 0x00, 0x00, 0x40, 0x00, 0x00, 0x00,
  0x02, 0xa9, 0xff, 0xff, 0x00, 0x00, 0x00, 0x01, 0x14, 0x00, 0x00, 0x00,
  0x24, 0x03, 0x00, 0x00, 0x25, 0x00, 0x00, 0x00, 0x00, 0x00, 0x00, 0x02,
  0x30, 0x03, 0x00, 0x00, 0xec, 0xa8, 0xff, 0xff, 0x08, 0x00, 0x00, 0x00,
  0x08, 0x02, 0x00, 0x00, 0x40, 0x00, 0x00, 0x00, 0x00, 0x00, 0x00, 0x00,
  0x00, 0x00, 0x00, 0x00, 0x00, 0x00, 0x00, 0x00, 0x00, 0x00, 0x00, 0x00,
  0x00, 0x00, 0x00, 0x00, 0x00, 0x00, 0x00, 0x00, 0x00, 0x00, 0x00, 0x00,
  0x00, 0x00, 0x00, 0x00, 0x00, 0x00, 0x00, 0x00, 0x00, 0x00, 0x00, 0x00,
  0x00, 0x00, 0x00, 0x00, 0x00, 0x00, 0x00, 0x00, 0x00, 0x00, 0x00, 0x00,
  0x00, 0x00, 0x00, 0x00, 0x00, 0x00, 0x00, 0x00, 0x00, 0x00, 0x00, 0x00,
  0x00, 0x00, 0x00, 0x00, 0x00, 0x00, 0x00, 0x00, 0x00, 0x00, 0x00, 0x00,
  0x00, 0x00, 0x00, 0x00, 0x00, 0x00, 0x00, 0x00, 0x00, 0x00, 0x00, 0x00,
  0x00, 0x00, 0x00, 0x00, 0x00, 0x00, 0x00, 0x00, 0x00, 0x00, 0x00, 0x00,
  0x00, 0x00, 0x00, 0x00, 0x00, 0x00, 0x00, 0x00, 0x00, 0x00, 0x00, 0x00,
  0x00, 0x00, 0x00, 0x00, 0x00, 0x00, 0x00, 0x00, 0x00, 0x00, 0x00, 0x00,
  0x00, 0x00, 0x00, 0x00, 0x00, 0x00, 0x00, 0x00, 0x00, 0x00, 0x00, 0x00,
  0x00, 0x00, 0x00, 0x00, 0x00, 0x00, 0x00, 0x00, 0x00, 0x00, 0x00, 0x00,
  0x00, 0x00, 0x00, 0x00, 0x00, 0x00, 0x00, 0x00, 0x00, 0x00, 0x00, 0x00,
  0x00, 0x00, 0x00, 0x00, 0x00, 0x00, 0x00, 0x00, 0x00, 0x00, 0x00, 0x00,
  0x00, 0x00, 0x00, 0x00, 0x00, 0x00, 0x00, 0x00, 0x00, 0x00, 0x00, 0x00,
  0x00, 0x00, 0x00, 0x00, 0x00, 0x00, 0x00, 0x00, 0x00, 0x00, 0x00, 0x00,
  0x00, 0x00, 0x00, 0x00, 0x00, 0x00, 0x00, 0x00, 0x00, 0x00, 0x00, 0x00,
  0x00, 0x00, 0x00, 0x00, 0x00, 0x00, 0x00, 0x00, 0x00, 0x00, 0x00, 0x00,
  0x00, 0x00, 0x00, 0x00, 0x00, 0x00, 0x00, 0x00, 0x00, 0x00, 0x00, 0x00,
  0x00, 0x00, 0x00, 0x00, 0x00, 0x00, 0x00, 0x00, 0x00, 0x00, 0x00, 0x00,
  0x00, 0x00, 0x00, 0x00, 0x00, 0x00, 0x00, 0x00, 0x00, 0x00, 0x00, 0x00,
  0x00, 0x00, 0x00, 0x00, 0x00, 0x00, 0x00, 0x00, 0x00, 0x00, 0x00, 0x00,
  0x00, 0x00, 0x00, 0x00, 0x00, 0x00, 0x00, 0x00, 0x00, 0x00, 0x00, 0x00,
  0x00, 0x00, 0x00, 0x00, 0x00, 0x00, 0x00, 0x00, 0x00, 0x00, 0x00, 0x00,
  0x00, 0x00, 0x00, 0x00, 0x00, 0x00, 0x00, 0x00, 0x00, 0x00, 0x00, 0x00,
  0x00, 0x00, 0x00, 0x00, 0x00, 0x00, 0x00, 0x00, 0x00, 0x00, 0x00, 0x00,
  0x00, 0x00, 0x00, 0x00, 0x00, 0x00, 0x00, 0x00, 0x00, 0x00, 0x00, 0x00,
  0x00, 0x00, 0x00, 0x00, 0x00, 0x00, 0x00, 0x00, 0x00, 0x00, 0x00, 0x00,
  0x00, 0x00, 0x00, 0x00, 0x00, 0x00, 0x00, 0x00, 0x00, 0x00, 0x00, 0x00,
  0x00, 0x00, 0x00, 0x00, 0x00, 0x00, 0x00, 0x00, 0x00, 0x00, 0x00, 0x00,
  0x00, 0x00, 0x00, 0x00, 0x00, 0x00, 0x00, 0x00, 0x00, 0x00, 0x00, 0x00,
  0x00, 0x00, 0x00, 0x00, 0x00, 0x00, 0x00, 0x00, 0x00, 0x00, 0x00, 0x00,
  0x00, 0x00, 0x00, 0x00, 0x00, 0x00, 0x00, 0x00, 0x00, 0x00, 0x00, 0x00,
  0x00, 0x00, 0x00, 0x00, 0x00, 0x00, 0x00, 0x00, 0x00, 0x00, 0x00, 0x00,
  0x00, 0x00, 0x00, 0x00, 0x00, 0x00, 0x00, 0x00, 0x00, 0x00, 0x00, 0x00,
  0x00, 0x00, 0x00, 0x00, 0x00, 0x00, 0x00, 0x00, 0x00, 0x00, 0x00, 0x00,
  0x00, 0x00, 0x00, 0x00, 0x00, 0x00, 0x00, 0x00, 0x00, 0x00, 0x00, 0x00,
  0x00, 0x00, 0x00, 0x00, 0x00, 0x00, 0x00, 0x00, 0x00, 0x00, 0x00, 0x00,
  0x00, 0x00, 0x00, 0x00, 0x00, 0x00, 0x00, 0x00, 0x00, 0x00, 0x00, 0x00,
  0x00, 0x00, 0x00, 0x00, 0x00, 0x00, 0x00, 0x00, 0x00, 0x00, 0x00, 0x00,
  0x00, 0x00, 0x00, 0x00, 0x00, 0x00, 0x00, 0x00, 0x00, 0x00, 0x00, 0x00,
  0x00, 0x00, 0x00, 0x00, 0x00, 0x00, 0x00, 0x00, 0x00, 0x00, 0x00, 0x00,
  0x00, 0x00, 0x00, 0x00, 0x40, 0x00, 0x00, 0x00, 0xaf, 0xd6, 0xa1, 0x3b,
  0x20, 0x60, 0x6d, 0x3b, 0xa6, 0x25, 0x2a, 0x3b, 0x6e, 0xc9, 0xb6, 0x3b,
  0x8c, 0x5c, 0x51, 0x3b, 0xe9, 0x41, 0x93, 0x3b, 0x56, 0x05, 0x85, 0x3b,
  0x44, 0xcf, 0x67, 0x3b, 0x4a, 0xea, 0xac, 0x3b, 0xef, 0xc1, 0x3a, 0x3b,
  0xa0, 0x05, 0x95, 0x3b, 0xbb, 0xd6, 0x1b, 0x3b, 0xe1, 0x8e, 0x91, 0x3b,
  0x8f, 0xf9, 0x59, 0x3b, 0x83, 0x48, 0xb9, 0x3b, 0xd4, 0x6c, 0x7d, 0x3b,
  0xaa, 0x85, 0x71, 0x3b, 0x9b, 0xc1, 0x0a, 0x3b, 0x32, 0xd1, 0x50, 0x3b,
  0x1a, 0xc1, 0x58, 0x3b, 0x49, 0x5a, 0xbb, 0x3b, 0xe9, 0x2d, 0x71, 0x3b,
  0x2a, 0x30, 0xab, 0x3b, 0x91, 0x04, 0x13, 0x3b, 0x0f, 0x0d, 0x82, 0x3b,
  0x59, 0x0d, 0x74, 0x3b, 0x59, 0x62, 0x25, 0x3b, 0xcc, 0x97, 0x7d, 0x3b,
  0xc1, 0xdb, 0x60, 0x3b, 0x7c, 0x01, 0x8c, 0x3b, 0x0d, 0x12, 0x77, 0x3b,
  0x19, 0xbc, 0x42, 0x3b, 0x2d, 0x23, 0x25, 0x3b, 0x7a, 0x56, 0x1f, 0x3b,
  0x2f, 0x6e, 0x5e, 0x3b, 0x9b, 0xa5, 0x81, 0x3b, 0xca, 0x0f, 0x1c, 0x3b,
  0xf6, 0xe0, 0x68, 0x3b, 0x4e, 0xd7, 0x93, 0x3b, 0x60, 0x5f, 0x2f, 0x3b,
  0xd2, 0x43, 0x9d, 0x3b, 0x31, 0xf1, 0x92, 0x3b, 0x66, 0xbe, 0x57, 0x3b,
  0xe4, 0x46, 0x0b, 0x3b, 0xb3, 0xf5, 0x8b, 0x3b, 0xfb, 0xbd, 0xf2, 0x3a,
  0x20, 0x2e, 0x75, 0x3b, 0x10, 0x4b, 0xb9, 0x3b, 0xbf, 0x3a, 0x81, 0x3b,
  0x4e, 0x62, 0xa6, 0x3b, 0x7d, 0x08, 0xb5, 0x3b, 0x72, 0x81, 0xba, 0x3b,
  0xae, 0xe1, 0x76, 0x3b, 0x02, 0x80, 0x78, 0x3b, 0x56, 0xb8, 0xa0, 0x3b,
  0x64, 0x21, 0x92, 0x3b, 0x1e, 0xda, 0x9f, 0x3b, 0xd1, 0xf8, 0xbd, 0x3b,
  0xaf, 0x78, 0x26, 0x3b, 0x0f, 0xa0, 0x1c, 0x3b, 0xad, 0xde, 0x6d, 0x3b,
  0x66, 0xc5, 0x43, 0x3b, 0x4d, 0x3e, 0x54, 0x3b, 0x8f, 0x1a, 0xba, 0x3b,
  0x11, 0x00, 0x00, 0x00, 0x61, 0x72, 0x69, 0x74, 0x68, 0x2e, 0x63, 0x6f,
  0x6e, 0x73, 0x74, 0x61, 0x6e, 0x74, 0x31, 0x31, 0x34, 0x00, 0x00, 0x00,
  0x01, 0x00, 0x00, 0x00, 0x40, 0x00, 0x00, 0x00, 0x52, 0xac, 0xff, 0xff,
  0x00, 0x00, 0x00, 0x01, 0x14, 0x00, 0x00, 0x00, 0x24, 0x03, 0x00, 0x00,
  0x25, 0x00, 0x00, 0x00, 0x00, 0x00, 0x00, 0x02, 0x30, 0x03, 0x00, 0x00,
  0x3c, 0xac, 0xff, 0xff, 0x08, 0x00, 0x00, 0x00, 0x08, 0x02, 0x00, 0x00,
  0x40, 0x00, 0x00, 0x00, 0x00, 0x00, 0x00, 0x00, 0x00, 0x00, 0x00, 0x00,
  0x00, 0x00, 0x00, 0x00, 0x00, 0x00, 0x00, 0x00, 0x00, 0x00, 0x00, 0x00,
  0x00, 0x00, 0x00, 0x00, 0x00, 0x00, 0x00, 0x00, 0x00, 0x00, 0x00, 0x00,
  0x00, 0x00, 0x00, 0x00, 0x00, 0x00, 0x00, 0x00, 0x00, 0x00, 0x00, 0x00,
  0x00, 0x00, 0x00, 0x00, 0x00, 0x00, 0x00, 0x00, 0x00, 0x00, 0x00, 0x00,
  0x00, 0x00, 0x00, 0x00, 0x00, 0x00, 0x00, 0x00, 0x00, 0x00, 0x00, 0x00,
  0x00, 0x00, 0x00, 0x00, 0x00, 0x00, 0x00, 0x00, 0x00, 0x00, 0x00, 0x00,
  0x00, 0x00, 0x00, 0x00, 0x00, 0x00, 0x00, 0x00, 0x00, 0x00, 0x00, 0x00,
  0x00, 0x00, 0x00, 0x00, 0x00, 0x00, 0x00, 0x00, 0x00, 0x00, 0x00, 0x00,
  0x00, 0x00, 0x00, 0x00, 0x00, 0x00, 0x00, 0x00, 0x00, 0x00, 0x00, 0x00,
  0x00, 0x00, 0x00, 0x00, 0x00, 0x00, 0x00, 0x00, 0x00, 0x00, 0x00, 0x00,
  0x00, 0x00, 0x00, 0x00, 0x00, 0x00, 0x00, 0x00, 0x00, 0x00, 0x00, 0x00,
  0x00, 0x00, 0x00, 0x00, 0x00, 0x00, 0x00, 0x00, 0x00, 0x00, 0x00, 0x00,
  0x00, 0x00, 0x00, 0x00, 0x00, 0x00, 0x00, 0x00, 0x00, 0x00, 0x00, 0x00,
  0x00, 0x00, 0x00, 0x00, 0x00, 0x00, 0x00, 0x00, 0x00, 0x00, 0x00, 0x00,
  0x00, 0x00, 0x00, 0x00, 0x00, 0x00, 0x00, 0x00, 0x00, 0x00, 0x00, 0x00,
  0x00, 0x00, 0x00, 0x00, 0x00, 0x00, 0x00, 0x00, 0x00, 0x00, 0x00, 0x00,
  0x00, 0x00, 0x00, 0x00, 0x00, 0x00, 0x00, 0x00, 0x00, 0x00, 0x00, 0x00,
  0x00, 0x00, 0x00, 0x00, 0x00, 0x00, 0x00, 0x00, 0x00, 0x00, 0x00, 0x00,
  0x00, 0x00, 0x00, 0x00, 0x00, 0x00, 0x00, 0x00, 0x00, 0x00, 0x00, 0x00,
  0x00, 0x00, 0x00, 0x00, 0x00, 0x00, 0x00, 0x00, 0x00, 0x00, 0x00, 0x00,
  0x00, 0x00, 0x00, 0x00, 0x00, 0x00, 0x00, 0x00, 0x00, 0x00, 0x00, 0x00,
  0x00, 0x00, 0x00, 0x00, 0x00, 0x00, 0x00, 0x00, 0x00, 0x00, 0x00, 0x00,
  0x00, 0x00, 0x00, 0x00, 0x00, 0x00, 0x00, 0x00, 0x00, 0x00, 0x00, 0x00,
  0x00, 0x00, 0x00, 0x00, 0x00, 0x00, 0x00, 0x00, 0x00, 0x00, 0x00, 0x00,
  0x00, 0x00, 0x00, 0x00, 0x00, 0x00, 0x00, 0x00, 0x00, 0x00, 0x00, 0x00,
  0x00, 0x00, 0x00, 0x00, 0x00, 0x00, 0x00, 0x00, 0x00, 0x00, 0x00, 0x00,
  0x00, 0x00, 0x00, 0x00, 0x00, 0x00, 0x00, 0x00, 0x00, 0x00, 0x00, 0x00,
  0x00, 0x00, 0x00, 0x00, 0x00, 0x00, 0x00, 0x00, 0x00, 0x00, 0x00, 0x00,
  0x00, 0x00, 0x00, 0x00, 0x00, 0x00, 0x00, 0x00, 0x00, 0x00, 0x00, 0x00,
  0x00, 0x00, 0x00, 0x00, 0x00, 0x00, 0x00, 0x00, 0x00, 0x00, 0x00, 0x00,
  0x00, 0x00, 0x00, 0x00, 0x00, 0x00, 0x00, 0x00, 0x00, 0x00, 0x00, 0x00,
  0x00, 0x00, 0x00, 0x00, 0x00, 0x00, 0x00, 0x00, 0x00, 0x00, 0x00, 0x00,
  0x00, 0x00, 0x00, 0x00, 0x00, 0x00, 0x00, 0x00, 0x00, 0x00, 0x00, 0x00,
  0x00, 0x00, 0x00, 0x00, 0x00, 0x00, 0x00, 0x00, 0x00, 0x00, 0x00, 0x00,
  0x00, 0x00, 0x00, 0x00, 0x00, 0x00, 0x00, 0x00, 0x00, 0x00, 0x00, 0x00,
  0x00, 0x00, 0x00, 0x00, 0x00, 0x00, 0x00, 0x00, 0x00, 0x00, 0x00, 0x00,
  0x00, 0x00, 0x00, 0x00, 0x00, 0x00, 0x00, 0x00, 0x00, 0x00, 0x00, 0x00,
  0x00, 0x00, 0x00, 0x00, 0x00, 0x00, 0x00, 0x00, 0x00, 0x00, 0x00, 0x00,
  0x00, 0x00, 0x00, 0x00, 0x00, 0x00, 0x00, 0x00, 0x00, 0x00, 0x00, 0x00,
  0x00, 0x00, 0x00, 0x00, 0x00, 0x00, 0x00, 0x00, 0x00, 0x00, 0x00, 0x00,
  0x00, 0x00, 0x00, 0x00, 0x00, 0x00, 0x00, 0x00, 0x00, 0x00, 0x00, 0x00,
  0x00, 0x00, 0x00, 0x00, 0x00, 0x00, 0x00, 0x00, 0x00, 0x00, 0x00, 0x00,
  0x40, 0x00, 0x00, 0x00, 0xaf, 0xd6, 0xa1, 0x3b, 0x20, 0x60, 0x6d, 0x3b,
  0xa6, 0x25, 0x2a, 0x3b, 0x6e, 0xc9, 0xb6, 0x3b, 0x8c, 0x5c, 0x51, 0x3b,
  0xe9, 0x41, 0x93, 0x3b, 0x56, 0x05, 0x85, 0x3b, 0x44, 0xcf, 0x67, 0x3b,
  0x4a, 0xea, 0xac, 0x3b, 0xef, 0xc1, 0x3a, 0x3b, 0xa0, 0x05, 0x95, 0x3b,
  0xbb, 0xd6, 0x1b, 0x3b, 0xe1, 0x8e, 0x91, 0x3b, 0x8f, 0xf9, 0x59, 0x3b,
  0x83, 0x48, 0xb9, 0x3b, 0xd4, 0x6c, 0x7d, 0x3b, 0xaa, 0x85, 0x71, 0x3b,
  0x9b, 0xc1, 0x0a, 0x3b, 0x32, 0xd1, 0x50, 0x3b, 0x1a, 0xc1, 0x58, 0x3b,
  0x49, 0x5a, 0xbb, 0x3b, 0xe9, 0x2d, 0x71, 0x3b, 0x2a, 0x30, 0xab, 0x3b,
  0x91, 0x04, 0x13, 0x3b, 0x0f, 0x0d, 0x82, 0x3b, 0x59, 0x0d, 0x74, 0x3b,
  0x59, 0x62, 0x25, 0x3b, 0xcc, 0x97, 0x7d, 0x3b, 0xc1, 0xdb, 0x60, 0x3b,
  0x7c, 0x01, 0x8c, 0x3b, 0x0d, 0x12, 0x77, 0x3b, 0x19, 0xbc, 0x42, 0x3b,
  0x2d, 0x23, 0x25, 0x3b, 0x7a, 0x56, 0x1f, 0x3b, 0x2f, 0x6e, 0x5e, 0x3b,
  0x9b, 0xa5, 0x81, 0x3b, 0xca, 0x0f, 0x1c, 0x3b, 0xf6, 0xe0, 0x68, 0x3b,
  0x4e, 0xd7, 0x93, 0x3b, 0x60, 0x5f, 0x2f, 0x3b, 0xd2, 0x43, 0x9d, 0x3b,
  0x31, 0xf1, 0x92, 0x3b, 0x66, 0xbe, 0x57, 0x3b, 0xe4, 0x46, 0x0b, 0x3b,
  0xb3, 0xf5, 0x8b, 0x3b, 0xfb, 0xbd, 0xf2, 0x3a, 0x20, 0x2e, 0x75, 0x3b,
  0x10, 0x4b, 0xb9, 0x3b, 0xbf, 0x3a, 0x81, 0x3b, 0x4e, 0x62, 0xa6, 0x3b,
  0x7d, 0x08, 0xb5, 0x3b, 0x72, 0x81, 0xba, 0x3b, 0xae, 0xe1, 0x76, 0x3b,
  0x02, 0x80, 0x78, 0x3b, 0x56, 0xb8, 0xa0, 0x3b, 0x64, 0x21, 0x92, 0x3b,
  0x1e, 0xda, 0x9f, 0x3b, 0xd1, 0xf8, 0xbd, 0x3b, 0xaf, 0x78, 0x26, 0x3b,
  0x0f, 0xa0, 0x1c, 0x3b, 0xad, 0xde, 0x6d, 0x3b, 0x66, 0xc5, 0x43, 0x3b,
  0x4d, 0x3e, 0x54, 0x3b, 0x8f, 0x1a, 0xba, 0x3b, 0x11, 0x00, 0x00, 0x00,
  0x61, 0x72, 0x69, 0x74, 0x68, 0x2e, 0x63, 0x6f, 0x6e, 0x73, 0x74, 0x61,
  0x6e, 0x74, 0x31, 0x31, 0x33, 0x00, 0x00, 0x00, 0x01, 0x00, 0x00, 0x00,
  0x40, 0x00, 0x00, 0x00, 0xa2, 0xaf, 0xff, 0xff, 0x00, 0x00, 0x00, 0x01,
  0x14, 0x00, 0x00, 0x00, 0x24, 0x03, 0x00, 0x00, 0x25, 0x00, 0x00, 0x00,
  0x00, 0x00, 0x00, 0x02, 0x30, 0x03, 0x00, 0x00, 0x8c, 0xaf, 0xff, 0xff,
  0x08, 0x00, 0x00, 0x00, 0x08, 0x02, 0x00, 0x00, 0x40, 0x00, 0x00, 0x00,
  0x00, 0x00, 0x00, 0x00, 0x00, 0x00, 0x00, 0x00, 0x00, 0x00, 0x00, 0x00,
  0x00, 0x00, 0x00, 0x00, 0x00, 0x00, 0x00, 0x00, 0x00, 0x00, 0x00, 0x00,
  0x00, 0x00, 0x00, 0x00, 0x00, 0x00, 0x00, 0x00, 0x00, 0x00, 0x00, 0x00,
  0x00, 0x00, 0x00, 0x00, 0x00, 0x00, 0x00, 0x00, 0x00, 0x00, 0x00, 0x00,
  0x00, 0x00, 0x00, 0x00, 0x00, 0x00, 0x00, 0x00, 0x00, 0x00, 0x00, 0x00,
  0x00, 0x00, 0x00, 0x00, 0x00, 0x00, 0x00, 0x00, 0x00, 0x00, 0x00, 0x00,
  0x00, 0x00, 0x00, 0x00, 0x00, 0x00, 0x00, 0x00, 0x00, 0x00, 0x00, 0x00,
  0x00, 0x00, 0x00, 0x00, 0x00, 0x00, 0x00, 0x00, 0x00, 0x00, 0x00, 0x00,
  0x00, 0x00, 0x00, 0x00, 0x00, 0x00, 0x00, 0x00, 0x00, 0x00, 0x00, 0x00,
  0x00, 0x00, 0x00, 0x00, 0x00, 0x00, 0x00, 0x00, 0x00, 0x00, 0x00, 0x00,
  0x00, 0x00, 0x00, 0x00, 0x00, 0x00, 0x00, 0x00, 0x00, 0x00, 0x00, 0x00,
  0x00, 0x00, 0x00, 0x00, 0x00, 0x00, 0x00, 0x00, 0x00, 0x00, 0x00, 0x00,
  0x00, 0x00, 0x00, 0x00, 0x00, 0x00, 0x00, 0x00, 0x00, 0x00, 0x00, 0x00,
  0x00, 0x00, 0x00, 0x00, 0x00, 0x00, 0x00, 0x00, 0x00, 0x00, 0x00, 0x00,
  0x00, 0x00, 0x00, 0x00, 0x00, 0x00, 0x00, 0x00, 0x00, 0x00, 0x00, 0x00,
  0x00, 0x00, 0x00, 0x00, 0x00, 0x00, 0x00, 0x00, 0x00, 0x00, 0x00, 0x00,
  0x00, 0x00, 0x00, 0x00, 0x00, 0x00, 0x00, 0x00, 0x00, 0x00, 0x00, 0x00,
  0x00, 0x00, 0x00, 0x00, 0x00, 0x00, 0x00, 0x00, 0x00, 0x00, 0x00, 0x00,
  0x00, 0x00, 0x00, 0x00, 0x00, 0x00, 0x00, 0x00, 0x00, 0x00, 0x00, 0x00,
  0x00, 0x00, 0x00, 0x00, 0x00, 0x00, 0x00, 0x00, 0x00, 0x00, 0x00, 0x00,
  0x00, 0x00, 0x00, 0x00, 0x00, 0x00, 0x00, 0x00, 0x00, 0x00, 0x00, 0x00,
  0x00, 0x00, 0x00, 0x00, 0x00, 0x00, 0x00, 0x00, 0x00, 0x00, 0x00, 0x00,
  0x00, 0x00, 0x00, 0x00, 0x00, 0x00, 0x00, 0x00, 0x00, 0x00, 0x00, 0x00,
  0x00, 0x00, 0x00, 0x00, 0x00, 0x00, 0x00, 0x00, 0x00, 0x00, 0x00, 0x00,
  0x00, 0x00, 0x00, 0x00, 0x00, 0x00, 0x00, 0x00, 0x00, 0x00, 0x00, 0x00,
  0x00, 0x00, 0x00, 0x00, 0x00, 0x00, 0x00, 0x00, 0x00, 0x00, 0x00, 0x00,
  0x00, 0x00, 0x00, 0x00, 0x00, 0x00, 0x00, 0x00, 0x00, 0x00, 0x00, 0x00,
  0x00, 0x00, 0x00, 0x00, 0x00, 0x00, 0x00, 0x00, 0x00, 0x00, 0x00, 0x00,
  0x00, 0x00, 0x00, 0x00, 0x00, 0x00, 0x00, 0x00, 0x00, 0x00, 0x00, 0x00,
  0x00, 0x00, 0x00, 0x00, 0x00, 0x00, 0x00, 0x00, 0x00, 0x00, 0x00, 0x00,
  0x00, 0x00, 0x00, 0x00, 0x00, 0x00, 0x00, 0x00, 0x00, 0x00, 0x00, 0x00,
  0x00, 0x00, 0x00, 0x00, 0x00, 0x00, 0x00, 0x00, 0x00, 0x00, 0x00, 0x00,
  0x00, 0x00, 0x00, 0x00, 0x00, 0x00, 0x00, 0x00, 0x00, 0x00, 0x00, 0x00,
  0x00, 0x00, 0x00, 0x00, 0x00, 0x00, 0x00, 0x00, 0x00, 0x00, 0x00, 0x00,
  0x00, 0x00, 0x00, 0x00, 0x00, 0x00, 0x00, 0x00, 0x00, 0x00, 0x00, 0x00,
  0x00, 0x00, 0x00, 0x00, 0x00, 0x00, 0x00, 0x00, 0x00, 0x00, 0x00, 0x00,
  0x00, 0x00, 0x00, 0x00, 0x00, 0x00, 0x00, 0x00, 0x00, 0x00, 0x00, 0x00,
  0x00, 0x00, 0x00, 0x00, 0x00, 0x00, 0x00, 0x00, 0x00, 0x00, 0x00, 0x00,
  0x00, 0x00, 0x00, 0x00, 0x00, 0x00, 0x00, 0x00, 0x00, 0x00, 0x00, 0x00,
  0x00, 0x00, 0x00, 0x00, 0x00, 0x00, 0x00, 0x00, 0x00, 0x00, 0x00, 0x00,
  0x00, 0x00, 0x00, 0x00, 0x00, 0x00, 0x00, 0x00, 0x00, 0x00, 0x00, 0x00,
  0x00, 0x00, 0x00, 0x00, 0x00, 0x00, 0x00, 0x00, 0x00, 0x00, 0x00, 0x00,
  0x00, 0x00, 0x00, 0x00, 0x00, 0x00, 0x00, 0x00, 0x40, 0x00, 0x00, 0x00,
  0xaf, 0xd6, 0xa1, 0x3b, 0x20, 0x60, 0x6d, 0x3b, 0xa6, 0x25, 0x2a, 0x3b,
  0x6e, 0xc9, 0xb6, 0x3b, 0x8c, 0x5c, 0x51, 0x3b, 0xe9, 0x41, 0x93, 0x3b,
  0x56, 0x05, 0x85, 0x3b, 0x44, 0xcf, 0x67, 0x3b, 0x4a, 0xea, 0xac, 0x3b,
  0xef, 0xc1, 0x3a, 0x3b, 0xa0, 0x05, 0x95, 0x3b, 0xbb, 0xd6, 0x1b, 0x3b,
  0xe1, 0x8e, 0x91, 0x3b, 0x8f, 0xf9, 0x59, 0x3b, 0x83, 0x48, 0xb9, 0x3b,
  0xd4, 0x6c, 0x7d, 0x3b, 0xaa, 0x85, 0x71, 0x3b, 0x9b, 0xc1, 0x0a, 0x3b,
  0x32, 0xd1, 0x50, 0x3b, 0x1a, 0xc1, 0x58, 0x3b, 0x49, 0x5a, 0xbb, 0x3b,
  0xe9, 0x2d, 0x71, 0x3b, 0x2a, 0x30, 0xab, 0x3b, 0x91, 0x04, 0x13, 0x3b,
  0x0f, 0x0d, 0x82, 0x3b, 0x59, 0x0d, 0x74, 0x3b, 0x59, 0x62, 0x25, 0x3b,
  0xcc, 0x97, 0x7d, 0x3b, 0xc1, 0xdb, 0x60, 0x3b, 0x7c, 0x01, 0x8c, 0x3b,
  0x0d, 0x12, 0x77, 0x3b, 0x19, 0xbc, 0x42, 0x3b, 0x2d, 0x23, 0x25, 0x3b,
  0x7a, 0x56, 0x1f, 0x3b, 0x2f, 0x6e, 0x5e, 0x3b, 0x9b, 0xa5, 0x81, 0x3b,
  0xca, 0x0f, 0x1c, 0x3b, 0xf6, 0xe0, 0x68, 0x3b, 0x4e, 0xd7, 0x93, 0x3b,
  0x60, 0x5f, 0x2f, 0x3b, 0xd2, 0x43, 0x9d, 0x3b, 0x31, 0xf1, 0x92, 0x3b,
  0x66, 0xbe, 0x57, 0x3b, 0xe4, 0x46, 0x0b, 0x3b, 0xb3, 0xf5, 0x8b, 0x3b,
  0xfb, 0xbd, 0xf2, 0x3a, 0x20, 0x2e, 0x75, 0x3b, 0x10, 0x4b, 0xb9, 0x3b,
  0xbf, 0x3a, 0x81, 0x3b, 0x4e, 0x62, 0xa6, 0x3b, 0x7d, 0x08, 0xb5, 0x3b,
  0x72, 0x81, 0xba, 0x3b, 0xae, 0xe1, 0x76, 0x3b, 0x02, 0x80, 0x78, 0x3b,
  0x56, 0xb8, 0xa0, 0x3b, 0x64, 0x21, 0x92, 0x3b, 0x1e, 0xda, 0x9f, 0x3b,
  0xd1, 0xf8, 0xbd, 0x3b, 0xaf, 0x78, 0x26, 0x3b, 0x0f, 0xa0, 0x1c, 0x3b,
  0xad, 0xde, 0x6d, 0x3b, 0x66, 0xc5, 0x43, 0x3b, 0x4d, 0x3e, 0x54, 0x3b,
  0x8f, 0x1a, 0xba, 0x3b, 0x11, 0x00, 0x00, 0x00, 0x61, 0x72, 0x69, 0x74,
  0x68, 0x2e, 0x63, 0x6f, 0x6e, 0x73, 0x74, 0x61, 0x6e, 0x74, 0x31, 0x31,
  0x32, 0x00, 0x00, 0x00, 0x01, 0x00, 0x00, 0x00, 0x40, 0x00, 0x00, 0x00,
  0xf2, 0xb2, 0xff, 0xff, 0x00, 0x00, 0x00, 0x01, 0x14, 0x00, 0x00, 0x00,
  0x24, 0x03, 0x00, 0x00, 0x25, 0x00, 0x00, 0x00, 0x00, 0x00, 0x00, 0x02,
  0x30, 0x03, 0x00, 0x00, 0xdc, 0xb2, 0xff, 0xff, 0x08, 0x00, 0x00, 0x00,
  0x08, 0x02, 0x00, 0x00, 0x40, 0x00, 0x00, 0x00, 0x00, 0x00, 0x00, 0x00,
  0x00, 0x00, 0x00, 0x00, 0x00, 0x00, 0x00, 0x00, 0x00, 0x00, 0x00, 0x00,
  0x00, 0x00, 0x00, 0x00, 0x00, 0x00, 0x00, 0x00, 0x00, 0x00, 0x00, 0x00,
  0x00, 0x00, 0x00, 0x00, 0x00, 0x00, 0x00, 0x00, 0x00, 0x00, 0x00, 0x00,
  0x00, 0x00, 0x00, 0x00, 0x00, 0x00, 0x00, 0x00, 0x00, 0x00, 0x00, 0x00,
  0x00, 0x00, 0x00, 0x00, 0x00, 0x00, 0x00, 0x00, 0x00, 0x00, 0x00, 0x00,
  0x00, 0x00, 0x00, 0x00, 0x00, 0x00, 0x00, 0x00, 0x00, 0x00, 0x00, 0x00,
  0x00, 0x00, 0x00, 0x00, 0x00, 0x00, 0x00, 0x00, 0x00, 0x00, 0x00, 0x00,
  0x00, 0x00, 0x00, 0x00, 0x00, 0x00, 0x00, 0x00, 0x00, 0x00, 0x00, 0x00,
  0x00, 0x00, 0x00, 0x00, 0x00, 0x00, 0x00, 0x00, 0x00, 0x00, 0x00, 0x00,
  0x00, 0x00, 0x00, 0x00, 0x00, 0x00, 0x00, 0x00, 0x00, 0x00, 0x00, 0x00,
  0x00, 0x00, 0x00, 0x00, 0x00, 0x00, 0x00, 0x00, 0x00, 0x00, 0x00, 0x00,
  0x00, 0x00, 0x00, 0x00, 0x00, 0x00, 0x00, 0x00, 0x00, 0x00, 0x00, 0x00,
  0x00, 0x00, 0x00, 0x00, 0x00, 0x00, 0x00, 0x00, 0x00, 0x00, 0x00, 0x00,
  0x00, 0x00, 0x00, 0x00, 0x00, 0x00, 0x00, 0x00, 0x00, 0x00, 0x00, 0x00,
  0x00, 0x00, 0x00, 0x00, 0x00, 0x00, 0x00, 0x00, 0x00, 0x00, 0x00, 0x00,
  0x00, 0x00, 0x00, 0x00, 0x00, 0x00, 0x00, 0x00, 0x00, 0x00, 0x00, 0x00,
  0x00, 0x00, 0x00, 0x00, 0x00, 0x00, 0x00, 0x00, 0x00, 0x00, 0x00, 0x00,
  0x00, 0x00, 0x00, 0x00, 0x00, 0x00, 0x00, 0x00, 0x00, 0x00, 0x00, 0x00,
  0x00, 0x00, 0x00, 0x00, 0x00, 0x00, 0x00, 0x00, 0x00, 0x00, 0x00, 0x00,
  0x00, 0x00, 0x00, 0x00, 0x00, 0x00, 0x00, 0x00, 0x00, 0x00, 0x00, 0x00,
  0x00, 0x00, 0x00, 0x00, 0x00, 0x00, 0x00, 0x00, 0x00, 0x00, 0x00, 0x00,
  0x00, 0x00, 0x00, 0x00, 0x00, 0x00, 0x00, 0x00, 0x00, 0x00, 0x00, 0x00,
  0x00, 0x00, 0x00, 0x00, 0x00, 0x00, 0x00, 0x00, 0x00, 0x00, 0x00, 0x00,
  0x00, 0x00, 0x00, 0x00, 0x00, 0x00, 0x00, 0x00, 0x00, 0x00, 0x00, 0x00,
  0x00, 0x00, 0x00, 0x00, 0x00, 0x00, 0x00, 0x00, 0x00, 0x00, 0x00, 0x00,
  0x00, 0x00, 0x00, 0x00, 0x00, 0x00, 0x00, 0x00, 0x00, 0x00, 0x00, 0x00,
  0x00, 0x00, 0x00, 0x00, 0x00, 0x00, 0x00, 0x00, 0x00, 0x00, 0x00, 0x00,
  0x00, 0x00, 0x00, 0x00, 0x00, 0x00, 0x00, 0x00, 0x00, 0x00, 0x00, 0x00,
  0x00, 0x00, 0x00, 0x00, 0x00, 0x00, 0x00, 0x00, 0x00, 0x00, 0x00, 0x00,
  0x00, 0x00, 0x00, 0x00, 0x00, 0x00, 0x00, 0x00, 0x00, 0x00, 0x00, 0x00,
  0x00, 0x00, 0x00, 0x00, 0x00, 0x00, 0x00, 0x00, 0x00, 0x00, 0x00, 0x00,
  0x00, 0x00, 0x00, 0x00, 0x00, 0x00, 0x00, 0x00, 0x00, 0x00, 0x00, 0x00,
  0x00, 0x00, 0x00, 0x00, 0x00, 0x00, 0x00, 0x00, 0x00, 0x00, 0x00, 0x00,
  0x00, 0x00, 0x00, 0x00, 0x00, 0x00, 0x00, 0x00, 0x00, 0x00, 0x00, 0x00,
  0x00, 0x00, 0x00, 0x00, 0x00, 0x00, 0x00, 0x00, 0x00, 0x00, 0x00, 0x00,
  0x00, 0x00, 0x00, 0x00, 0x00, 0x00, 0x00, 0x00, 0x00, 0x00, 0x00, 0x00,
  0x00, 0x00, 0x00, 0x00, 0x00, 0x00, 0x00, 0x00, 0x00, 0x00, 0x00, 0x00,
  0x00, 0x00, 0x00, 0x00, 0x00, 0x00, 0x00, 0x00, 0x00, 0x00, 0x00, 0x00,
  0x00, 0x00, 0x00, 0x00, 0x00, 0x00, 0x00, 0x00, 0x00, 0x00, 0x00, 0x00,
  0x00, 0x00, 0x00, 0x00, 0x00, 0x00, 0x00, 0x00, 0x00, 0x00, 0x00, 0x00,
  0x00, 0x00, 0x00, 0x00, 0x00, 0x00, 0x00, 0x00, 0x00, 0x00, 0x00, 0x00,
  0x00, 0x00, 0x00, 0x00, 0x00, 0x00, 0x00, 0x00, 0x00, 0x00, 0x00, 0x00,
  0x00, 0x00, 0x00, 0x00, 0x40, 0x00, 0x00, 0x00, 0xaf, 0xd6, 0xa1, 0x3b,
  0x20, 0x60, 0x6d, 0x3b, 0xa6, 0x25, 0x2a, 0x3b, 0x6e, 0xc9, 0xb6, 0x3b,
  0x8c, 0x5c, 0x51, 0x3b, 0xe9, 0x41, 0x93, 0x3b, 0x56, 0x05, 0x85, 0x3b,
  0x44, 0xcf, 0x67, 0x3b, 0x4a, 0xea, 0xac, 0x3b, 0xef, 0xc1, 0x3a, 0x3b,
  0xa0, 0x05, 0x95, 0x3b, 0xbb, 0xd6, 0x1b, 0x3b, 0xe1, 0x8e, 0x91, 0x3b,
  0x8f, 0xf9, 0x59, 0x3b, 0x83, 0x48, 0xb9, 0x3b, 0xd4, 0x6c, 0x7d, 0x3b,
  0xaa, 0x85, 0x71, 0x3b, 0x9b, 0xc1, 0x0a, 0x3b, 0x32, 0xd1, 0x50, 0x3b,
  0x1a, 0xc1, 0x58, 0x3b, 0x49, 0x5a, 0xbb, 0x3b, 0xe9, 0x2d, 0x71, 0x3b,
  0x2a, 0x30, 0xab, 0x3b, 0x91, 0x04, 0x13, 0x3b, 0x0f, 0x0d, 0x82, 0x3b,
  0x59, 0x0d, 0x74, 0x3b, 0x59, 0x62, 0x25, 0x3b, 0xcc, 0x97, 0x7d, 0x3b,
  0xc1, 0xdb, 0x60, 0x3b, 0x7c, 0x01, 0x8c, 0x3b, 0x0d, 0x12, 0x77, 0x3b,
  0x19, 0xbc, 0x42, 0x3b, 0x2d, 0x23, 0x25, 0x3b, 0x7a, 0x56, 0x1f, 0x3b,
  0x2f, 0x6e, 0x5e, 0x3b, 0x9b, 0xa5, 0x81, 0x3b, 0xca, 0x0f, 0x1c, 0x3b,
  0xf6, 0xe0, 0x68, 0x3b, 0x4e, 0xd7, 0x93, 0x3b, 0x60, 0x5f, 0x2f, 0x3b,
  0xd2, 0x43, 0x9d, 0x3b, 0x31, 0xf1, 0x92, 0x3b, 0x66, 0xbe, 0x57, 0x3b,
  0xe4, 0x46, 0x0b, 0x3b, 0xb3, 0xf5, 0x8b, 0x3b, 0xfb, 0xbd, 0xf2, 0x3a,
  0x20, 0x2e, 0x75, 0x3b, 0x10, 0x4b, 0xb9, 0x3b, 0xbf, 0x3a, 0x81, 0x3b,
  0x4e, 0x62, 0xa6, 0x3b, 0x7d, 0x08, 0xb5, 0x3b, 0x72, 0x81, 0xba, 0x3b,
  0xae, 0xe1, 0x76, 0x3b, 0x02, 0x80, 0x78, 0x3b, 0x56, 0xb8, 0xa0, 0x3b,
  0x64, 0x21, 0x92, 0x3b, 0x1e, 0xda, 0x9f, 0x3b, 0xd1, 0xf8, 0xbd, 0x3b,
  0xaf, 0x78, 0x26, 0x3b, 0x0f, 0xa0, 0x1c, 0x3b, 0xad, 0xde, 0x6d, 0x3b,
  0x66, 0xc5, 0x43, 0x3b, 0x4d, 0x3e, 0x54, 0x3b, 0x8f, 0x1a, 0xba, 0x3b,
  0x11, 0x00, 0x00, 0x00, 0x61, 0x72, 0x69, 0x74, 0x68, 0x2e, 0x63, 0x6f,
  0x6e, 0x73, 0x74, 0x61, 0x6e, 0x74, 0x31, 0x31, 0x31, 0x00, 0x00, 0x00,
  0x01, 0x00, 0x00, 0x00, 0x40, 0x00, 0x00, 0x00, 0x42, 0xb6, 0xff, 0xff,
  0x00, 0x00, 0x00, 0x01, 0x14, 0x00, 0x00, 0x00, 0x24, 0x03, 0x00, 0x00,
  0x25, 0x00, 0x00, 0x00, 0x00, 0x00, 0x00, 0x02, 0x30, 0x03, 0x00, 0x00,
  0x2c, 0xb6, 0xff, 0xff, 0x08, 0x00, 0x00, 0x00, 0x08, 0x02, 0x00, 0x00,
  0x40, 0x00, 0x00, 0x00, 0x00, 0x00, 0x00, 0x00, 0x00, 0x00, 0x00, 0x00,
  0x00, 0x00, 0x00, 0x00, 0x00, 0x00, 0x00, 0x00, 0x00, 0x00, 0x00, 0x00,
  0x00, 0x00, 0x00, 0x00, 0x00, 0x00, 0x00, 0x00, 0x00, 0x00, 0x00, 0x00,
  0x00, 0x00, 0x00, 0x00, 0x00, 0x00, 0x00, 0x00, 0x00, 0x00, 0x00, 0x00,
  0x00, 0x00, 0x00, 0x00, 0x00, 0x00, 0x00, 0x00, 0x00, 0x00, 0x00, 0x00,
  0x00, 0x00, 0x00, 0x00, 0x00, 0x00, 0x00, 0x00, 0x00, 0x00, 0x00, 0x00,
  0x00, 0x00, 0x00, 0x00, 0x00, 0x00, 0x00, 0x00, 0x00, 0x00, 0x00, 0x00,
  0x00, 0x00, 0x00, 0x00, 0x00, 0x00, 0x00, 0x00, 0x00, 0x00, 0x00, 0x00,
  0x00, 0x00, 0x00, 0x00, 0x00, 0x00, 0x00, 0x00, 0x00, 0x00, 0x00, 0x00,
  0x00, 0x00, 0x00, 0x00, 0x00, 0x00, 0x00, 0x00, 0x00, 0x00, 0x00, 0x00,
  0x00, 0x00, 0x00, 0x00, 0x00, 0x00, 0x00, 0x00, 0x00, 0x00, 0x00, 0x00,
  0x00, 0x00, 0x00, 0x00, 0x00, 0x00, 0x00, 0x00, 0x00, 0x00, 0x00, 0x00,
  0x00, 0x00, 0x00, 0x00, 0x00, 0x00, 0x00, 0x00, 0x00, 0x00, 0x00, 0x00,
  0x00, 0x00, 0x00, 0x00, 0x00, 0x00, 0x00, 0x00, 0x00, 0x00, 0x00, 0x00,
  0x00, 0x00, 0x00, 0x00, 0x00, 0x00, 0x00, 0x00, 0x00, 0x00, 0x00, 0x00,
  0x00, 0x00, 0x00, 0x00, 0x00, 0x00, 0x00, 0x00, 0x00, 0x00, 0x00, 0x00,
  0x00, 0x00, 0x00, 0x00, 0x00, 0x00, 0x00, 0x00, 0x00, 0x00, 0x00, 0x00,
  0x00, 0x00, 0x00, 0x00, 0x00, 0x00, 0x00, 0x00, 0x00, 0x00, 0x00, 0x00,
  0x00, 0x00, 0x00, 0x00, 0x00, 0x00, 0x00, 0x00, 0x00, 0x00, 0x00, 0x00,
  0x00, 0x00, 0x00, 0x00, 0x00, 0x00, 0x00, 0x00, 0x00, 0x00, 0x00, 0x00,
  0x00, 0x00, 0x00, 0x00, 0x00, 0x00, 0x00, 0x00, 0x00, 0x00, 0x00, 0x00,
  0x00, 0x00, 0x00, 0x00, 0x00, 0x00, 0x00, 0x00, 0x00, 0x00, 0x00, 0x00,
  0x00, 0x00, 0x00, 0x00, 0x00, 0x00, 0x00, 0x00, 0x00, 0x00, 0x00, 0x00,
  0x00, 0x00, 0x00, 0x00, 0x00, 0x00, 0x00, 0x00, 0x00, 0x00, 0x00, 0x00,
  0x00, 0x00, 0x00, 0x00, 0x00, 0x00, 0x00, 0x00, 0x00, 0x00, 0x00, 0x00,
  0x00, 0x00, 0x00, 0x00, 0x00, 0x00, 0x00, 0x00, 0x00, 0x00, 0x00, 0x00,
  0x00, 0x00, 0x00, 0x00, 0x00, 0x00, 0x00, 0x00, 0x00, 0x00, 0x00, 0x00,
  0x00, 0x00, 0x00, 0x00, 0x00, 0x00, 0x00, 0x00, 0x00, 0x00, 0x00, 0x00,
  0x00, 0x00, 0x00, 0x00, 0x00, 0x00, 0x00, 0x00, 0x00, 0x00, 0x00, 0x00,
  0x00, 0x00, 0x00, 0x00, 0x00, 0x00, 0x00, 0x00, 0x00, 0x00, 0x00, 0x00,
  0x00, 0x00, 0x00, 0x00, 0x00, 0x00, 0x00, 0x00, 0x00, 0x00, 0x00, 0x00,
  0x00, 0x00, 0x00, 0x00, 0x00, 0x00, 0x00, 0x00, 0x00, 0x00, 0x00, 0x00,
  0x00, 0x00, 0x00, 0x00, 0x00, 0x00, 0x00, 0x00, 0x00, 0x00, 0x00, 0x00,
  0x00, 0x00, 0x00, 0x00, 0x00, 0x00, 0x00, 0x00, 0x00, 0x00, 0x00, 0x00,
  0x00, 0x00, 0x00, 0x00, 0x00, 0x00, 0x00, 0x00, 0x00, 0x00, 0x00, 0x00,
  0x00, 0x00, 0x00, 0x00, 0x00, 0x00, 0x00, 0x00, 0x00, 0x00, 0x00, 0x00,
  0x00, 0x00, 0x00, 0x00, 0x00, 0x00, 0x00, 0x00, 0x00, 0x00, 0x00, 0x00,
  0x00, 0x00, 0x00, 0x00, 0x00, 0x00, 0x00, 0x00, 0x00, 0x00, 0x00, 0x00,
  0x00, 0x00, 0x00, 0x00, 0x00, 0x00, 0x00, 0x00, 0x00, 0x00, 0x00, 0x00,
  0x00, 0x00, 0x00, 0x00, 0x00, 0x00, 0x00, 0x00, 0x00, 0x00, 0x00, 0x00,
  0x00, 0x00, 0x00, 0x00, 0x00, 0x00, 0x00, 0x00, 0x00, 0x00, 0x00, 0x00,
  0x00, 0x00, 0x00, 0x00, 0x00, 0x00, 0x00, 0x00, 0x00, 0x00, 0x00, 0x00,
  0x00, 0x00, 0x00, 0x00, 0x00, 0x00, 0x00, 0x00, 0x00, 0x00, 0x00, 0x00,
  0x40, 0x00, 0x00, 0x00, 0xaf, 0xd6, 0xa1, 0x3b, 0x20, 0x60, 0x6d, 0x3b,
  0xa6, 0x25, 0x2a, 0x3b, 0x6e, 0xc9, 0xb6, 0x3b, 0x8c, 0x5c, 0x51, 0x3b,
  0xe9, 0x41, 0x93, 0x3b, 0x56, 0x05, 0x85, 0x3b, 0x44, 0xcf, 0x67, 0x3b,
  0x4a, 0xea, 0xac, 0x3b, 0xef, 0xc1, 0x3a, 0x3b, 0xa0, 0x05, 0x95, 0x3b,
  0xbb, 0xd6, 0x1b, 0x3b, 0xe1, 0x8e, 0x91, 0x3b, 0x8f, 0xf9, 0x59, 0x3b,
  0x83, 0x48, 0xb9, 0x3b, 0xd4, 0x6c, 0x7d, 0x3b, 0xaa, 0x85, 0x71, 0x3b,
  0x9b, 0xc1, 0x0a, 0x3b, 0x32, 0xd1, 0x50, 0x3b, 0x1a, 0xc1, 0x58, 0x3b,
  0x49, 0x5a, 0xbb, 0x3b, 0xe9, 0x2d, 0x71, 0x3b, 0x2a, 0x30, 0xab, 0x3b,
  0x91, 0x04, 0x13, 0x3b, 0x0f, 0x0d, 0x82, 0x3b, 0x59, 0x0d, 0x74, 0x3b,
  0x59, 0x62, 0x25, 0x3b, 0xcc, 0x97, 0x7d, 0x3b, 0xc1, 0xdb, 0x60, 0x3b,
  0x7c, 0x01, 0x8c, 0x3b, 0x0d, 0x12, 0x77, 0x3b, 0x19, 0xbc, 0x42, 0x3b,
  0x2d, 0x23, 0x25, 0x3b, 0x7a, 0x56, 0x1f, 0x3b, 0x2f, 0x6e, 0x5e, 0x3b,
  0x9b, 0xa5, 0x81, 0x3b, 0xca, 0x0f, 0x1c, 0x3b, 0xf6, 0xe0, 0x68, 0x3b,
  0x4e, 0xd7, 0x93, 0x3b, 0x60, 0x5f, 0x2f, 0x3b, 0xd2, 0x43, 0x9d, 0x3b,
  0x31, 0xf1, 0x92, 0x3b, 0x66, 0xbe, 0x57, 0x3b, 0xe4, 0x46, 0x0b, 0x3b,
  0xb3, 0xf5, 0x8b, 0x3b, 0xfb, 0xbd, 0xf2, 0x3a, 0x20, 0x2e, 0x75, 0x3b,
  0x10, 0x4b, 0xb9, 0x3b, 0xbf, 0x3a, 0x81, 0x3b, 0x4e, 0x62, 0xa6, 0x3b,
  0x7d, 0x08, 0xb5, 0x3b, 0x72, 0x81, 0xba, 0x3b, 0xae, 0xe1, 0x76, 0x3b,
  0x02, 0x80, 0x78, 0x3b, 0x56, 0xb8, 0xa0, 0x3b, 0x64, 0x21, 0x92, 0x3b,
  0x1e, 0xda, 0x9f, 0x3b, 0xd1, 0xf8, 0xbd, 0x3b, 0xaf, 0x78, 0x26, 0x3b,
  0x0f, 0xa0, 0x1c, 0x3b, 0xad, 0xde, 0x6d, 0x3b, 0x66, 0xc5, 0x43, 0x3b,
  0x4d, 0x3e, 0x54, 0x3b, 0x8f, 0x1a, 0xba, 0x3b, 0x11, 0x00, 0x00, 0x00,
  0x61, 0x72, 0x69, 0x74, 0x68, 0x2e, 0x63, 0x6f, 0x6e, 0x73, 0x74, 0x61,
  0x6e, 0x74, 0x31, 0x31, 0x30, 0x00, 0x00, 0x00, 0x01, 0x00, 0x00, 0x00,
  0x40, 0x00, 0x00, 0x00, 0x92, 0xb9, 0xff, 0xff, 0x00, 0x00, 0x00, 0x01,
  0x14, 0x00, 0x00, 0x00, 0x24, 0x03, 0x00, 0x00, 0x25, 0x00, 0x00, 0x00,
  0x00, 0x00, 0x00, 0x02, 0x30, 0x03, 0x00, 0x00, 0x7c, 0xb9, 0xff, 0xff,
  0x08, 0x00, 0x00, 0x00, 0x08, 0x02, 0x00, 0x00, 0x40, 0x00, 0x00, 0x00,
  0x00, 0x00, 0x00, 0x00, 0x00, 0x00, 0x00, 0x00, 0x00, 0x00, 0x00, 0x00,
  0x00, 0x00, 0x00, 0x00, 0x00, 0x00, 0x00, 0x00, 0x00, 0x00, 0x00, 0x00,
  0x00, 0x00, 0x00, 0x00, 0x00, 0x00, 0x00, 0x00, 0x00, 0x00, 0x00, 0x00,
  0x00, 0x00, 0x00, 0x00, 0x00, 0x00, 0x00, 0x00, 0x00, 0x00, 0x00, 0x00,
  0x00, 0x00, 0x00, 0x00, 0x00, 0x00, 0x00, 0x00, 0x00, 0x00, 0x00, 0x00,
  0x00, 0x00, 0x00, 0x00, 0x00, 0x00, 0x00, 0x00, 0x00, 0x00, 0x00, 0x00,
  0x00, 0x00, 0x00, 0x00, 0x00, 0x00, 0x00, 0x00, 0x00, 0x00, 0x00, 0x00,
  0x00, 0x00, 0x00, 0x00, 0x00, 0x00, 0x00, 0x00, 0x00, 0x00, 0x00, 0x00,
  0x00, 0x00, 0x00, 0x00, 0x00, 0x00, 0x00, 0x00, 0x00, 0x00, 0x00, 0x00,
  0x00, 0x00, 0x00, 0x00, 0x00, 0x00, 0x00, 0x00, 0x00, 0x00, 0x00, 0x00,
  0x00, 0x00, 0x00, 0x00, 0x00, 0x00, 0x00, 0x00, 0x00, 0x00, 0x00, 0x00,
  0x00, 0x00, 0x00, 0x00, 0x00, 0x00, 0x00, 0x00, 0x00, 0x00, 0x00, 0x00,
  0x00, 0x00, 0x00, 0x00, 0x00, 0x00, 0x00, 0x00, 0x00, 0x00, 0x00, 0x00,
  0x00, 0x00, 0x00, 0x00, 0x00, 0x00, 0x00, 0x00, 0x00, 0x00, 0x00, 0x00,
  0x00, 0x00, 0x00, 0x00, 0x00, 0x00, 0x00, 0x00, 0x00, 0x00, 0x00, 0x00,
  0x00, 0x00, 0x00, 0x00, 0x00, 0x00, 0x00, 0x00, 0x00, 0x00, 0x00, 0x00,
  0x00, 0x00, 0x00, 0x00, 0x00, 0x00, 0x00, 0x00, 0x00, 0x00, 0x00, 0x00,
  0x00, 0x00, 0x00, 0x00, 0x00, 0x00, 0x00, 0x00, 0x00, 0x00, 0x00, 0x00,
  0x00, 0x00, 0x00, 0x00, 0x00, 0x00, 0x00, 0x00, 0x00, 0x00, 0x00, 0x00,
  0x00, 0x00, 0x00, 0x00, 0x00, 0x00, 0x00, 0x00, 0x00, 0x00, 0x00, 0x00,
  0x00, 0x00, 0x00, 0x00, 0x00, 0x00, 0x00, 0x00, 0x00, 0x00, 0x00, 0x00,
  0x00, 0x00, 0x00, 0x00, 0x00, 0x00, 0x00, 0x00, 0x00, 0x00, 0x00, 0x00,
  0x00, 0x00, 0x00, 0x00, 0x00, 0x00, 0x00, 0x00, 0x00, 0x00, 0x00, 0x00,
  0x00, 0x00, 0x00, 0x00, 0x00, 0x00, 0x00, 0x00, 0x00, 0x00, 0x00, 0x00,
  0x00, 0x00, 0x00, 0x00, 0x00, 0x00, 0x00, 0x00, 0x00, 0x00, 0x00, 0x00,
  0x00, 0x00, 0x00, 0x00, 0x00, 0x00, 0x00, 0x00, 0x00, 0x00, 0x00, 0x00,
  0x00, 0x00, 0x00, 0x00, 0x00, 0x00, 0x00, 0x00, 0x00, 0x00, 0x00, 0x00,
  0x00, 0x00, 0x00, 0x00, 0x00, 0x00, 0x00, 0x00, 0x00, 0x00, 0x00, 0x00,
  0x00, 0x00, 0x00, 0x00, 0x00, 0x00, 0x00, 0x00, 0x00, 0x00, 0x00, 0x00,
  0x00, 0x00, 0x00, 0x00, 0x00, 0x00, 0x00, 0x00, 0x00, 0x00, 0x00, 0x00,
  0x00, 0x00, 0x00, 0x00, 0x00, 0x00, 0x00, 0x00, 0x00, 0x00, 0x00, 0x00,
  0x00, 0x00, 0x00, 0x00, 0x00, 0x00, 0x00, 0x00, 0x00, 0x00, 0x00, 0x00,
  0x00, 0x00, 0x00, 0x00, 0x00, 0x00, 0x00, 0x00, 0x00, 0x00, 0x00, 0x00,
  0x00, 0x00, 0x00, 0x00, 0x00, 0x00, 0x00, 0x00, 0x00, 0x00, 0x00, 0x00,
  0x00, 0x00, 0x00, 0x00, 0x00, 0x00, 0x00, 0x00, 0x00, 0x00, 0x00, 0x00,
  0x00, 0x00, 0x00, 0x00, 0x00, 0x00, 0x00, 0x00, 0x00, 0x00, 0x00, 0x00,
  0x00, 0x00, 0x00, 0x00, 0x00, 0x00, 0x00, 0x00, 0x00, 0x00, 0x00, 0x00,
  0x00, 0x00, 0x00, 0x00, 0x00, 0x00, 0x00, 0x00, 0x00, 0x00, 0x00, 0x00,
  0x00, 0x00, 0x00, 0x00, 0x00, 0x00, 0x00, 0x00, 0x00, 0x00, 0x00, 0x00,
  0x00, 0x00, 0x00, 0x00, 0x00, 0x00, 0x00, 0x00, 0x00, 0x00, 0x00, 0x00,
  0x00, 0x00, 0x00, 0x00, 0x00, 0x00, 0x00, 0x00, 0x00, 0x00, 0x00, 0x00,
  0x00, 0x00, 0x00, 0x00, 0x00, 0x00, 0x00, 0x00, 0x00, 0x00, 0x00, 0x00,
  0x00, 0x00, 0x00, 0x00, 0x00, 0x00, 0x00, 0x00, 0x40, 0x00, 0x00, 0x00,
  0xaf, 0xd6, 0xa1, 0x3b, 0x20, 0x60, 0x6d, 0x3b, 0xa6, 0x25, 0x2a, 0x3b,
  0x6e, 0xc9, 0xb6, 0x3b, 0x8c, 0x5c, 0x51, 0x3b, 0xe9, 0x41, 0x93, 0x3b,
  0x56, 0x05, 0x85, 0x3b, 0x44, 0xcf, 0x67, 0x3b, 0x4a, 0xea, 0xac, 0x3b,
  0xef, 0xc1, 0x3a, 0x3b, 0xa0, 0x05, 0x95, 0x3b, 0xbb, 0xd6, 0x1b, 0x3b,
  0xe1, 0x8e, 0x91, 0x3b, 0x8f, 0xf9, 0x59, 0x3b, 0x83, 0x48, 0xb9, 0x3b,
  0xd4, 0x6c, 0x7d, 0x3b, 0xaa, 0x85, 0x71, 0x3b, 0x9b, 0xc1, 0x0a, 0x3b,
  0x32, 0xd1, 0x50, 0x3b, 0x1a, 0xc1, 0x58, 0x3b, 0x49, 0x5a, 0xbb, 0x3b,
  0xe9, 0x2d, 0x71, 0x3b, 0x2a, 0x30, 0xab, 0x3b, 0x91, 0x04, 0x13, 0x3b,
  0x0f, 0x0d, 0x82, 0x3b, 0x59, 0x0d, 0x74, 0x3b, 0x59, 0x62, 0x25, 0x3b,
  0xcc, 0x97, 0x7d, 0x3b, 0xc1, 0xdb, 0x60, 0x3b, 0x7c, 0x01, 0x8c, 0x3b,
  0x0d, 0x12, 0x77, 0x3b, 0x19, 0xbc, 0x42, 0x3b, 0x2d, 0x23, 0x25, 0x3b,
  0x7a, 0x56, 0x1f, 0x3b, 0x2f, 0x6e, 0x5e, 0x3b, 0x9b, 0xa5, 0x81, 0x3b,
  0xca, 0x0f, 0x1c, 0x3b, 0xf6, 0xe0, 0x68, 0x3b, 0x4e, 0xd7, 0x93, 0x3b,
  0x60, 0x5f, 0x2f, 0x3b, 0xd2, 0x43, 0x9d, 0x3b, 0x31, 0xf1, 0x92, 0x3b,
  0x66, 0xbe, 0x57, 0x3b, 0xe4, 0x46, 0x0b, 0x3b, 0xb3, 0xf5, 0x8b, 0x3b,
  0xfb, 0xbd, 0xf2, 0x3a, 0x20, 0x2e, 0x75, 0x3b, 0x10, 0x4b, 0xb9, 0x3b,
  0xbf, 0x3a, 0x81, 0x3b, 0x4e, 0x62, 0xa6, 0x3b, 0x7d, 0x08, 0xb5, 0x3b,
  0x72, 0x81, 0xba, 0x3b, 0xae, 0xe1, 0x76, 0x3b, 0x02, 0x80, 0x78, 0x3b,
  0x56, 0xb8, 0xa0, 0x3b, 0x64, 0x21, 0x92, 0x3b, 0x1e, 0xda, 0x9f, 0x3b,
  0xd1, 0xf8, 0xbd, 0x3b, 0xaf, 0x78, 0x26, 0x3b, 0x0f, 0xa0, 0x1c, 0x3b,
  0xad, 0xde, 0x6d, 0x3b, 0x66, 0xc5, 0x43, 0x3b, 0x4d, 0x3e, 0x54, 0x3b,
  0x8f, 0x1a, 0xba, 0x3b, 0x10, 0x00, 0x00, 0x00, 0x61, 0x72, 0x69, 0x74,
  0x68, 0x2e, 0x63, 0x6f, 0x6e, 0x73, 0x74, 0x61, 0x6e, 0x74, 0x31, 0x39,
  0x00, 0x00, 0x00, 0x00, 0x01, 0x00, 0x00, 0x00, 0x40, 0x00, 0x00, 0x00,
  0xe2, 0xbc, 0xff, 0xff, 0x00, 0x00, 0x00, 0x01, 0x14, 0x00, 0x00, 0x00,
  0x24, 0x03, 0x00, 0x00, 0x25, 0x00, 0x00, 0x00, 0x00, 0x00, 0x00, 0x02,
  0x30, 0x03, 0x00, 0x00, 0xcc, 0xbc, 0xff, 0xff, 0x08, 0x00, 0x00, 0x00,
  0x08, 0x02, 0x00, 0x00, 0x40, 0x00, 0x00, 0x00, 0x00, 0x00, 0x00, 0x00,
  0x00, 0x00, 0x00, 0x00, 0x00, 0x00, 0x00, 0x00, 0x00, 0x00, 0x00, 0x00,
  0x00, 0x00, 0x00, 0x00, 0x00, 0x00, 0x00, 0x00, 0x00, 0x00, 0x00, 0x00,
  0x00, 0x00, 0x00, 0x00, 0x00, 0x00, 0x00, 0x00, 0x00, 0x00, 0x00, 0x00,
  0x00, 0x00, 0x00, 0x00, 0x00, 0x00, 0x00, 0x00, 0x00, 0x00, 0x00, 0x00,
  0x00, 0x00, 0x00, 0x00, 0x00, 0x00, 0x00, 0x00, 0x00, 0x00, 0x00, 0x00,
  0x00, 0x00, 0x00, 0x00, 0x00, 0x00, 0x00, 0x00, 0x00, 0x00, 0x00, 0x00,
  0x00, 0x00, 0x00, 0x00, 0x00, 0x00, 0x00, 0x00, 0x00, 0x00, 0x00, 0x00,
  0x00, 0x00, 0x00, 0x00, 0x00, 0x00, 0x00, 0x00, 0x00, 0x00, 0x00, 0x00,
  0x00, 0x00, 0x00, 0x00, 0x00, 0x00, 0x00, 0x00, 0x00, 0x00, 0x00, 0x00,
  0x00, 0x00, 0x00, 0x00, 0x00, 0x00, 0x00, 0x00, 0x00, 0x00, 0x00, 0x00,
  0x00, 0x00, 0x00, 0x00, 0x00, 0x00, 0x00, 0x00, 0x00, 0x00, 0x00, 0x00,
  0x00, 0x00, 0x00, 0x00, 0x00, 0x00, 0x00, 0x00, 0x00, 0x00, 0x00, 0x00,
  0x00, 0x00, 0x00, 0x00, 0x00, 0x00, 0x00, 0x00, 0x00, 0x00, 0x00, 0x00,
  0x00, 0x00, 0x00, 0x00, 0x00, 0x00, 0x00, 0x00, 0x00, 0x00, 0x00, 0x00,
  0x00, 0x00, 0x00, 0x00, 0x00, 0x00, 0x00, 0x00, 0x00, 0x00, 0x00, 0x00,
  0x00, 0x00, 0x00, 0x00, 0x00, 0x00, 0x00, 0x00, 0x00, 0x00, 0x00, 0x00,
  0x00, 0x00, 0x00, 0x00, 0x00, 0x00, 0x00, 0x00, 0x00, 0x00, 0x00, 0x00,
  0x00, 0x00, 0x00, 0x00, 0x00, 0x00, 0x00, 0x00, 0x00, 0x00, 0x00, 0x00,
  0x00, 0x00, 0x00, 0x00, 0x00, 0x00, 0x00, 0x00, 0x00, 0x00, 0x00, 0x00,
  0x00, 0x00, 0x00, 0x00, 0x00, 0x00, 0x00, 0x00, 0x00, 0x00, 0x00, 0x00,
  0x00, 0x00, 0x00, 0x00, 0x00, 0x00, 0x00, 0x00, 0x00, 0x00, 0x00, 0x00,
  0x00, 0x00, 0x00, 0x00, 0x00, 0x00, 0x00, 0x00, 0x00, 0x00, 0x00, 0x00,
  0x00, 0x00, 0x00, 0x00, 0x00, 0x00, 0x00, 0x00, 0x00, 0x00, 0x00, 0x00,
  0x00, 0x00, 0x00, 0x00, 0x00, 0x00, 0x00, 0x00, 0x00, 0x00, 0x00, 0x00,
  0x00, 0x00, 0x00, 0x00, 0x00, 0x00, 0x00, 0x00, 0x00, 0x00, 0x00, 0x00,
  0x00, 0x00, 0x00, 0x00, 0x00, 0x00, 0x00, 0x00, 0x00, 0x00, 0x00, 0x00,
  0x00, 0x00, 0x00, 0x00, 0x00, 0x00, 0x00, 0x00, 0x00, 0x00, 0x00, 0x00,
  0x00, 0x00, 0x00, 0x00, 0x00, 0x00, 0x00, 0x00, 0x00, 0x00, 0x00, 0x00,
  0x00, 0x00, 0x00, 0x00, 0x00, 0x00, 0x00, 0x00, 0x00, 0x00, 0x00, 0x00,
  0x00, 0x00, 0x00, 0x00, 0x00, 0x00, 0x00, 0x00, 0x00, 0x00, 0x00, 0x00,
  0x00, 0x00, 0x00, 0x00, 0x00, 0x00, 0x00, 0x00, 0x00, 0x00, 0x00, 0x00,
  0x00, 0x00, 0x00, 0x00, 0x00, 0x00, 0x00, 0x00, 0x00, 0x00, 0x00, 0x00,
  0x00, 0x00, 0x00, 0x00, 0x00, 0x00, 0x00, 0x00, 0x00, 0x00, 0x00, 0x00,
  0x00, 0x00, 0x00, 0x00, 0x00, 0x00, 0x00, 0x00, 0x00, 0x00, 0x00, 0x00,
  0x00, 0x00, 0x00, 0x00, 0x00, 0x00, 0x00, 0x00, 0x00, 0x00, 0x00, 0x00,
  0x00, 0x00, 0x00, 0x00, 0x00, 0x00, 0x00, 0x00, 0x00, 0x00, 0x00, 0x00,
  0x00, 0x00, 0x00, 0x00, 0x00, 0x00, 0x00, 0x00, 0x00, 0x00, 0x00, 0x00,
  0x00, 0x00, 0x00, 0x00, 0x00, 0x00, 0x00, 0x00, 0x00, 0x00, 0x00, 0x00,
  0x00, 0x00, 0x00, 0x00, 0x00, 0x00, 0x00, 0x00, 0x00, 0x00, 0x00, 0x00,
  0x00, 0x00, 0x00, 0x00, 0x00, 0x00, 0x00, 0x00, 0x00, 0x00, 0x00, 0x00,
  0x00, 0x00, 0x00, 0x00, 0x00, 0x00, 0x00, 0x00, 0x00, 0x00, 0x00, 0x00,
  0x00, 0x00, 0x00, 0x00, 0x00, 0x00, 0x00, 0x00, 0x00, 0x00, 0x00, 0x00,
  0x00, 0x00, 0x00, 0x00, 0x40, 0x00, 0x00, 0x00, 0xaf, 0xd6, 0xa1, 0x3b,
  0x20, 0x60, 0x6d, 0x3b, 0xa6, 0x25, 0x2a, 0x3b, 0x6e, 0xc9, 0xb6, 0x3b,
  0x8c, 0x5c, 0x51, 0x3b, 0xe9, 0x41, 0x93, 0x3b, 0x56, 0x05, 0x85, 0x3b,
  0x44, 0xcf, 0x67, 0x3b, 0x4a, 0xea, 0xac, 0x3b, 0xef, 0xc1, 0x3a, 0x3b,
  0xa0, 0x05, 0x95, 0x3b, 0xbb, 0xd6, 0x1b, 0x3b, 0xe1, 0x8e, 0x91, 0x3b,
  0x8f, 0xf9, 0x59, 0x3b, 0x83, 0x48, 0xb9, 0x3b, 0xd4, 0x6c, 0x7d, 0x3b,
  0xaa, 0x85, 0x71, 0x3b, 0x9b, 0xc1, 0x0a, 0x3b, 0x32, 0xd1, 0x50, 0x3b,
  0x1a, 0xc1, 0x58, 0x3b, 0x49, 0x5a, 0xbb, 0x3b, 0xe9, 0x2d, 0x71, 0x3b,
  0x2a, 0x30, 0xab, 0x3b, 0x91, 0x04, 0x13, 0x3b, 0x0f, 0x0d, 0x82, 0x3b,
  0x59, 0x0d, 0x74, 0x3b, 0x59, 0x62, 0x25, 0x3b, 0xcc, 0x97, 0x7d, 0x3b,
  0xc1, 0xdb, 0x60, 0x3b, 0x7c, 0x01, 0x8c, 0x3b, 0x0d, 0x12, 0x77, 0x3b,
  0x19, 0xbc, 0x42, 0x3b, 0x2d, 0x23, 0x25, 0x3b, 0x7a, 0x56, 0x1f, 0x3b,
  0x2f, 0x6e, 0x5e, 0x3b, 0x9b, 0xa5, 0x81, 0x3b, 0xca, 0x0f, 0x1c, 0x3b,
  0xf6, 0xe0, 0x68, 0x3b, 0x4e, 0xd7, 0x93, 0x3b, 0x60, 0x5f, 0x2f, 0x3b,
  0xd2, 0x43, 0x9d, 0x3b, 0x31, 0xf1, 0x92, 0x3b, 0x66, 0xbe, 0x57, 0x3b,
  0xe4, 0x46, 0x0b, 0x3b, 0xb3, 0xf5, 0x8b, 0x3b, 0xfb, 0xbd, 0xf2, 0x3a,
  0x20, 0x2e, 0x75, 0x3b, 0x10, 0x4b, 0xb9, 0x3b, 0xbf, 0x3a, 0x81, 0x3b,
  0x4e, 0x62, 0xa6, 0x3b, 0x7d, 0x08, 0xb5, 0x3b, 0x72, 0x81, 0xba, 0x3b,
  0xae, 0xe1, 0x76, 0x3b, 0x02, 0x80, 0x78, 0x3b, 0x56, 0xb8, 0xa0, 0x3b,
  0x64, 0x21, 0x92, 0x3b, 0x1e, 0xda, 0x9f, 0x3b, 0xd1, 0xf8, 0xbd, 0x3b,
  0xaf, 0x78, 0x26, 0x3b, 0x0f, 0xa0, 0x1c, 0x3b, 0xad, 0xde, 0x6d, 0x3b,
  0x66, 0xc5, 0x43, 0x3b, 0x4d, 0x3e, 0x54, 0x3b, 0x8f, 0x1a, 0xba, 0x3b,
  0x10, 0x00, 0x00, 0x00, 0x61, 0x72, 0x69, 0x74, 0x68, 0x2e, 0x63, 0x6f,
  0x6e, 0x73, 0x74, 0x61, 0x6e, 0x74, 0x31, 0x38, 0x00, 0x00, 0x00, 0x00,
  0x01, 0x00, 0x00, 0x00, 0x40, 0x00, 0x00, 0x00, 0x32, 0xc0, 0xff, 0xff,
  0x00, 0x00, 0x00, 0x01, 0x14, 0x00, 0x00, 0x00, 0x24, 0x03, 0x00, 0x00,
  0x25, 0x00, 0x00, 0x00, 0x00, 0x00, 0x00, 0x02, 0x30, 0x03, 0x00, 0x00,
  0x1c, 0xc0, 0xff, 0xff, 0x08, 0x00, 0x00, 0x00, 0x08, 0x02, 0x00, 0x00,
  0x40, 0x00, 0x00, 0x00, 0x00, 0x00, 0x00, 0x00, 0x00, 0x00, 0x00, 0x00,
  0x00, 0x00, 0x00, 0x00, 0x00, 0x00, 0x00, 0x00, 0x00, 0x00, 0x00, 0x00,
  0x00, 0x00, 0x00, 0x00, 0x00, 0x00, 0x00, 0x00, 0x00, 0x00, 0x00, 0x00,
  0x00, 0x00, 0x00, 0x00, 0x00, 0x00, 0x00, 0x00, 0x00, 0x00, 0x00, 0x00,
  0x00, 0x00, 0x00, 0x00, 0x00, 0x00, 0x00, 0x00, 0x00, 0x00, 0x00, 0x00,
  0x00, 0x00, 0x00, 0x00, 0x00, 0x00, 0x00, 0x00, 0x00, 0x00, 0x00, 0x00,
  0x00, 0x00, 0x00, 0x00, 0x00, 0x00, 0x00, 0x00, 0x00, 0x00, 0x00, 0x00,
  0x00, 0x00, 0x00, 0x00, 0x00, 0x00, 0x00, 0x00, 0x00, 0x00, 0x00, 0x00,
  0x00, 0x00, 0x00, 0x00, 0x00, 0x00, 0x00, 0x00, 0x00, 0x00, 0x00, 0x00,
  0x00, 0x00, 0x00, 0x00, 0x00, 0x00, 0x00, 0x00, 0x00, 0x00, 0x00, 0x00,
  0x00, 0x00, 0x00, 0x00, 0x00, 0x00, 0x00, 0x00, 0x00, 0x00, 0x00, 0x00,
  0x00, 0x00, 0x00, 0x00, 0x00, 0x00, 0x00, 0x00, 0x00, 0x00, 0x00, 0x00,
  0x00, 0x00, 0x00, 0x00, 0x00, 0x00, 0x00, 0x00, 0x00, 0x00, 0x00, 0x00,
  0x00, 0x00, 0x00, 0x00, 0x00, 0x00, 0x00, 0x00, 0x00, 0x00, 0x00, 0x00,
  0x00, 0x00, 0x00, 0x00, 0x00, 0x00, 0x00, 0x00, 0x00, 0x00, 0x00, 0x00,
  0x00, 0x00, 0x00, 0x00, 0x00, 0x00, 0x00, 0x00, 0x00, 0x00, 0x00, 0x00,
  0x00, 0x00, 0x00, 0x00, 0x00, 0x00, 0x00, 0x00, 0x00, 0x00, 0x00, 0x00,
  0x00, 0x00, 0x00, 0x00, 0x00, 0x00, 0x00, 0x00, 0x00, 0x00, 0x00, 0x00,
  0x00, 0x00, 0x00, 0x00, 0x00, 0x00, 0x00, 0x00, 0x00, 0x00, 0x00, 0x00,
  0x00, 0x00, 0x00, 0x00, 0x00, 0x00, 0x00, 0x00, 0x00, 0x00, 0x00, 0x00,
  0x00, 0x00, 0x00, 0x00, 0x00, 0x00, 0x00, 0x00, 0x00, 0x00, 0x00, 0x00,
  0x00, 0x00, 0x00, 0x00, 0x00, 0x00, 0x00, 0x00, 0x00, 0x00, 0x00, 0x00,
  0x00, 0x00, 0x00, 0x00, 0x00, 0x00, 0x00, 0x00, 0x00, 0x00, 0x00, 0x00,
  0x00, 0x00, 0x00, 0x00, 0x00, 0x00, 0x00, 0x00, 0x00, 0x00, 0x00, 0x00,
  0x00, 0x00, 0x00, 0x00, 0x00, 0x00, 0x00, 0x00, 0x00, 0x00, 0x00, 0x00,
  0x00, 0x00, 0x00, 0x00, 0x00, 0x00, 0x00, 0x00, 0x00, 0x00, 0x00, 0x00,
  0x00, 0x00, 0x00, 0x00, 0x00, 0x00, 0x00, 0x00, 0x00, 0x00, 0x00, 0x00,
  0x00, 0x00, 0x00, 0x00, 0x00, 0x00, 0x00, 0x00, 0x00, 0x00, 0x00, 0x00,
  0x00, 0x00, 0x00, 0x00, 0x00, 0x00, 0x00, 0x00, 0x00, 0x00, 0x00, 0x00,
  0x00, 0x00, 0x00, 0x00, 0x00, 0x00, 0x00, 0x00, 0x00, 0x00, 0x00, 0x00,
  0x00, 0x00, 0x00, 0x00, 0x00, 0x00, 0x00, 0x00, 0x00, 0x00, 0x00, 0x00,
  0x00, 0x00, 0x00, 0x00, 0x00, 0x00, 0x00, 0x00, 0x00, 0x00, 0x00, 0x00,
  0x00, 0x00, 0x00, 0x00, 0x00, 0x00, 0x00, 0x00, 0x00, 0x00, 0x00, 0x00,
  0x00, 0x00, 0x00, 0x00, 0x00, 0x00, 0x00, 0x00, 0x00, 0x00, 0x00, 0x00,
  0x00, 0x00, 0x00, 0x00, 0x00, 0x00, 0x00, 0x00, 0x00, 0x00, 0x00, 0x00,
  0x00, 0x00, 0x00, 0x00, 0x00, 0x00, 0x00, 0x00, 0x00, 0x00, 0x00, 0x00,
  0x00, 0x00, 0x00, 0x00, 0x00, 0x00, 0x00, 0x00, 0x00, 0x00, 0x00, 0x00,
  0x00, 0x00, 0x00, 0x00, 0x00, 0x00, 0x00, 0x00, 0x00, 0x00, 0x00, 0x00,
  0x00, 0x00, 0x00, 0x00, 0x00, 0x00, 0x00, 0x00, 0x00, 0x00, 0x00, 0x00,
  0x00, 0x00, 0x00, 0x00, 0x00, 0x00, 0x00, 0x00, 0x00, 0x00, 0x00, 0x00,
  0x00, 0x00, 0x00, 0x00, 0x00, 0x00, 0x00, 0x00, 0x00, 0x00, 0x00, 0x00,
  0x00, 0x00, 0x00, 0x00, 0x00, 0x00, 0x00, 0x00, 0x00, 0x00, 0x00, 0x00,
  0x00, 0x00, 0x00, 0x00, 0x00, 0x00, 0x00, 0x00, 0x00, 0x00, 0x00, 0x00,
  0x40, 0x00, 0x00, 0x00, 0xaf, 0xd6, 0xa1, 0x3b, 0x20, 0x60, 0x6d, 0x3b,
  0xa6, 0x25, 0x2a, 0x3b, 0x6e, 0xc9, 0xb6, 0x3b, 0x8c, 0x5c, 0x51, 0x3b,
  0xe9, 0x41, 0x93, 0x3b, 0x56, 0x05, 0x85, 0x3b, 0x44, 0xcf, 0x67, 0x3b,
  0x4a, 0xea, 0xac, 0x3b, 0xef, 0xc1, 0x3a, 0x3b, 0xa0, 0x05, 0x95, 0x3b,
  0xbb, 0xd6, 0x1b, 0x3b, 0xe1, 0x8e, 0x91, 0x3b, 0x8f, 0xf9, 0x59, 0x3b,
  0x83, 0x48, 0xb9, 0x3b, 0xd4, 0x6c, 0x7d, 0x3b, 0xaa, 0x85, 0x71, 0x3b,
  0x9b, 0xc1, 0x0a, 0x3b, 0x32, 0xd1, 0x50, 0x3b, 0x1a, 0xc1, 0x58, 0x3b,
  0x49, 0x5a, 0xbb, 0x3b, 0xe9, 0x2d, 0x71, 0x3b, 0x2a, 0x30, 0xab, 0x3b,
  0x91, 0x04, 0x13, 0x3b, 0x0f, 0x0d, 0x82, 0x3b, 0x59, 0x0d, 0x74, 0x3b,
  0x59, 0x62, 0x25, 0x3b, 0xcc, 0x97, 0x7d, 0x3b, 0xc1, 0xdb, 0x60, 0x3b,
  0x7c, 0x01, 0x8c, 0x3b, 0x0d, 0x12, 0x77, 0x3b, 0x19, 0xbc, 0x42, 0x3b,
  0x2d, 0x23, 0x25, 0x3b, 0x7a, 0x56, 0x1f, 0x3b, 0x2f, 0x6e, 0x5e, 0x3b,
  0x9b, 0xa5, 0x81, 0x3b, 0xca, 0x0f, 0x1c, 0x3b, 0xf6, 0xe0, 0x68, 0x3b,
  0x4e, 0xd7, 0x93, 0x3b, 0x60, 0x5f, 0x2f, 0x3b, 0xd2, 0x43, 0x9d, 0x3b,
  0x31, 0xf1, 0x92, 0x3b, 0x66, 0xbe, 0x57, 0x3b, 0xe4, 0x46, 0x0b, 0x3b,
  0xb3, 0xf5, 0x8b, 0x3b, 0xfb, 0xbd, 0xf2, 0x3a, 0x20, 0x2e, 0x75, 0x3b,
  0x10, 0x4b, 0xb9, 0x3b, 0xbf, 0x3a, 0x81, 0x3b, 0x4e, 0x62, 0xa6, 0x3b,
  0x7d, 0x08, 0xb5, 0x3b, 0x72, 0x81, 0xba, 0x3b, 0xae, 0xe1, 0x76, 0x3b,
  0x02, 0x80, 0x78, 0x3b, 0x56, 0xb8, 0xa0, 0x3b, 0x64, 0x21, 0x92, 0x3b,
  0x1e, 0xda, 0x9f, 0x3b, 0xd1, 0xf8, 0xbd, 0x3b, 0xaf, 0x78, 0x26, 0x3b,
  0x0f, 0xa0, 0x1c, 0x3b, 0xad, 0xde, 0x6d, 0x3b, 0x66, 0xc5, 0x43, 0x3b,
  0x4d, 0x3e, 0x54, 0x3b, 0x8f, 0x1a, 0xba, 0x3b, 0x10, 0x00, 0x00, 0x00,
  0x61, 0x72, 0x69, 0x74, 0x68, 0x2e, 0x63, 0x6f, 0x6e, 0x73, 0x74, 0x61,
  0x6e, 0x74, 0x31, 0x37, 0x00, 0x00, 0x00, 0x00, 0x01, 0x00, 0x00, 0x00,
  0x40, 0x00, 0x00, 0x00, 0x82, 0xc3, 0xff, 0xff, 0x00, 0x00, 0x00, 0x01,
  0x14, 0x00, 0x00, 0x00, 0x28, 0x03, 0x00, 0x00, 0x24, 0x00, 0x00, 0x00,
  0x00, 0x00, 0x00, 0x02, 0x70, 0x03, 0x00, 0x00, 0x6c, 0xc3, 0xff, 0xff,
  0x08, 0x00, 0x00, 0x00, 0x0c, 0x02, 0x00, 0x00, 0x40, 0x00, 0x00, 0x00,
  0x00, 0x00, 0x00, 0x00, 0x00, 0x00, 0x00, 0x00, 0x00, 0x00, 0x00, 0x00,
  0x00, 0x00, 0x00, 0x00, 0x00, 0x00, 0x00, 0x00, 0x00, 0x00, 0x00, 0x00,
  0x00, 0x00, 0x00, 0x00, 0x00, 0x00, 0x00, 0x00, 0x00, 0x00, 0x00, 0x00,
  0x00, 0x00, 0x00, 0x00, 0x00, 0x00, 0x00, 0x00, 0x00, 0x00, 0x00, 0x00,
  0x00, 0x00, 0x00, 0x00, 0x00, 0x00, 0x00, 0x00, 0x00, 0x00, 0x00, 0x00,
  0x00, 0x00, 0x00, 0x00, 0x00, 0x00, 0x00, 0x00, 0x00, 0x00, 0x00, 0x00,
  0x00, 0x00, 0x00, 0x00, 0x00, 0x00, 0x00, 0x00, 0x00, 0x00, 0x00, 0x00,
  0x00, 0x00, 0x00, 0x00, 0x00, 0x00, 0x00, 0x00, 0x00, 0x00, 0x00, 0x00,
  0x00, 0x00, 0x00, 0x00, 0x00, 0x00, 0x00, 0x00, 0x00, 0x00, 0x00, 0x00,
  0x00, 0x00, 0x00, 0x00, 0x00, 0x00, 0x00, 0x00, 0x00, 0x00, 0x00, 0x00,
  0x00, 0x00, 0x00, 0x00, 0x00, 0x00, 0x00, 0x00, 0x00, 0x00, 0x00, 0x00,
  0x00, 0x00, 0x00, 0x00, 0x00, 0x00, 0x00, 0x00, 0x00, 0x00, 0x00, 0x00,
  0x00, 0x00, 0x00, 0x00, 0x00, 0x00, 0x00, 0x00, 0x00, 0x00, 0x00, 0x00,
  0x00, 0x00, 0x00, 0x00, 0x00, 0x00, 0x00, 0x00, 0x00, 0x00, 0x00, 0x00,
  0x00, 0x00, 0x00, 0x00, 0x00, 0x00, 0x00, 0x00, 0x00, 0x00, 0x00, 0x00,
  0x00, 0x00, 0x00, 0x00, 0x00, 0x00, 0x00, 0x00, 0x00, 0x00, 0x00, 0x00,
  0x00, 0x00, 0x00, 0x00, 0x00, 0x00, 0x00, 0x00, 0x00, 0x00, 0x00, 0x00,
  0x00, 0x00, 0x00, 0x00, 0x00, 0x00, 0x00, 0x00, 0x00, 0x00, 0x00, 0x00,
  0x00, 0x00, 0x00, 0x00, 0x00, 0x00, 0x00, 0x00, 0x00, 0x00, 0x00, 0x00,
  0x00, 0x00, 0x00, 0x00, 0x00, 0x00, 0x00, 0x00, 0x00, 0x00, 0x00, 0x00,
  0x00, 0x00, 0x00, 0x00, 0x00, 0x00, 0x00, 0x00, 0x00, 0x00, 0x00, 0x00,
  0x00, 0x00, 0x00, 0x00, 0x00, 0x00, 0x00, 0x00, 0x00, 0x00, 0x00, 0x00,
  0x00, 0x00, 0x00, 0x00, 0x00, 0x00, 0x00, 0x00, 0x00, 0x00, 0x00, 0x00,
  0x00, 0x00, 0x00, 0x00, 0x00, 0x00, 0x00, 0x00, 0x00, 0x00, 0x00, 0x00,
  0x00, 0x00, 0x00, 0x00, 0x00, 0x00, 0x00, 0x00, 0x00, 0x00, 0x00, 0x00,
  0x00, 0x00, 0x00, 0x00, 0x00, 0x00, 0x00, 0x00, 0x00, 0x00, 0x00, 0x00,
  0x00, 0x00, 0x00, 0x00, 0x00, 0x00, 0x00, 0x00, 0x00, 0x00, 0x00, 0x00,
  0x00, 0x00, 0x00, 0x00, 0x00, 0x00, 0x00, 0x00, 0x00, 0x00, 0x00, 0x00,
  0x00, 0x00, 0x00, 0x00, 0x00, 0x00, 0x00, 0x00, 0x00, 0x00, 0x00, 0x00,
  0x00, 0x00, 0x00, 0x00, 0x00, 0x00, 0x00, 0x00, 0x00, 0x00, 0x00, 0x00,
  0x00, 0x00, 0x00, 0x00, 0x00, 0x00, 0x00, 0x00, 0x00, 0x00, 0x00, 0x00,
  0x00, 0x00, 0x00, 0x00, 0x00, 0x00, 0x00, 0x00, 0x00, 0x00, 0x00, 0x00,
  0x00, 0x00, 0x00, 0x00, 0x00, 0x00, 0x00, 0x00, 0x00, 0x00, 0x00, 0x00,
  0x00, 0x00, 0x00, 0x00, 0x00, 0x00, 0x00, 0x00, 0x00, 0x00, 0x00, 0x00,
  0x00, 0x00, 0x00, 0x00, 0x00, 0x00, 0x00, 0x00, 0x00, 0x00, 0x00, 0x00,
  0x00, 0x00, 0x00, 0x00, 0x00, 0x00, 0x00, 0x00, 0x00, 0x00, 0x00, 0x00,
  0x00, 0x00, 0x00, 0x00, 0x00, 0x00, 0x00, 0x00, 0x00, 0x00, 0x00, 0x00,
  0x00, 0x00, 0x00, 0x00, 0x00, 0x00, 0x00, 0x00, 0x00, 0x00, 0x00, 0x00,
  0x00, 0x00, 0x00, 0x00, 0x00, 0x00, 0x00, 0x00, 0x00, 0x00, 0x00, 0x00,
  0x00, 0x00, 0x00, 0x00, 0x00, 0x00, 0x00, 0x00, 0x00, 0x00, 0x00, 0x00,
  0x00, 0x00, 0x00, 0x00, 0x00, 0x00, 0x00, 0x00, 0x00, 0x00, 0x00, 0x00,
  0x00, 0x00, 0x00, 0x00, 0x00, 0x00, 0x00, 0x00, 0x00, 0x00, 0x00, 0x00,
  0x00, 0x00, 0x00, 0x00, 0x00, 0x00, 0x00, 0x00, 0x00, 0x00, 0x00, 0x00,
  0x40, 0x00, 0x00, 0x00, 0xaf, 0xd6, 0xa1, 0x3b, 0x20, 0x60, 0x6d, 0x3b,
  0xa6, 0x25, 0x2a, 0x3b, 0x6e, 0xc9, 0xb6, 0x3b, 0x8c, 0x5c, 0x51, 0x3b,
  0xe9, 0x41, 0x93, 0x3b, 0x56, 0x05, 0x85, 0x3b, 0x44, 0xcf, 0x67, 0x3b,
  0x4a, 0xea, 0xac, 0x3b, 0xef, 0xc1, 0x3a, 0x3b, 0xa0, 0x05, 0x95, 0x3b,
  0xbb, 0xd6, 0x1b, 0x3b, 0xe1, 0x8e, 0x91, 0x3b, 0x8f, 0xf9, 0x59, 0x3b,
  0x83, 0x48, 0xb9, 0x3b, 0xd4, 0x6c, 0x7d, 0x3b, 0xaa, 0x85, 0x71, 0x3b,
  0x9b, 0xc1, 0x0a, 0x3b, 0x32, 0xd1, 0x50, 0x3b, 0x1a, 0xc1, 0x58, 0x3b,
  0x49, 0x5a, 0xbb, 0x3b, 0xe9, 0x2d, 0x71, 0x3b, 0x2a, 0x30, 0xab, 0x3b,
  0x91, 0x04, 0x13, 0x3b, 0x0f, 0x0d, 0x82, 0x3b, 0x59, 0x0d, 0x74, 0x3b,
  0x59, 0x62, 0x25, 0x3b, 0xcc, 0x97, 0x7d, 0x3b, 0xc1, 0xdb, 0x60, 0x3b,
  0x7c, 0x01, 0x8c, 0x3b, 0x0d, 0x12, 0x77, 0x3b, 0x19, 0xbc, 0x42, 0x3b,
  0x2d, 0x23, 0x25, 0x3b, 0x7a, 0x56, 0x1f, 0x3b, 0x2f, 0x6e, 0x5e, 0x3b,
  0x9b, 0xa5, 0x81, 0x3b, 0xca, 0x0f, 0x1c, 0x3b, 0xf6, 0xe0, 0x68, 0x3b,
  0x4e, 0xd7, 0x93, 0x3b, 0x60, 0x5f, 0x2f, 0x3b, 0xd2, 0x43, 0x9d, 0x3b,
  0x31, 0xf1, 0x92, 0x3b, 0x66, 0xbe, 0x57, 0x3b, 0xe4, 0x46, 0x0b, 0x3b,
  0xb3, 0xf5, 0x8b, 0x3b, 0xfb, 0xbd, 0xf2, 0x3a, 0x20, 0x2e, 0x75, 0x3b,
  0x10, 0x4b, 0xb9, 0x3b, 0xbf, 0x3a, 0x81, 0x3b, 0x4e, 0x62, 0xa6, 0x3b,
  0x7d, 0x08, 0xb5, 0x3b, 0x72, 0x81, 0xba, 0x3b, 0xae, 0xe1, 0x76, 0x3b,
  0x02, 0x80, 0x78, 0x3b, 0x56, 0xb8, 0xa0, 0x3b, 0x64, 0x21, 0x92, 0x3b,
  0x1e, 0xda, 0x9f, 0x3b, 0xd1, 0xf8, 0xbd, 0x3b, 0xaf, 0x78, 0x26, 0x3b,
  0x0f, 0xa0, 0x1c, 0x3b, 0xad, 0xde, 0x6d, 0x3b, 0x66, 0xc5, 0x43, 0x3b,
  0x4d, 0x3e, 0x54, 0x3b, 0x8f, 0x1a, 0xba, 0x3b, 0x4f, 0x00, 0x00, 0x00,
  0x6d, 0x6f, 0x64, 0x65, 0x6c, 0x5f, 0x39, 0x32, 0x2f, 0x74, 0x66, 0x2e,
  0x6d, 0x61, 0x74, 0x68, 0x2e, 0x61, 0x64, 0x64, 0x5f, 0x31, 0x30, 0x32,
  0x30, 0x2f, 0x41, 0x64, 0x64, 0x3b, 0x6d, 0x6f, 0x64, 0x65, 0x6c, 0x5f,
  0x39, 0x32, 0x2f, 0x74, 0x66, 0x2e, 0x5f, 0x5f, 0x6f, 0x70, 0x65, 0x72,
  0x61, 0x74, 0x6f, 0x72, 0x73, 0x5f, 0x5f, 0x2e, 0x61, 0x64, 0x64, 0x5f,
  0x31, 0x35, 0x36, 0x35, 0x2f, 0x41, 0x64, 0x64, 0x56, 0x32, 0x3b, 0x43,
  0x6f, 0x6e, 0x73, 0x74, 0x5f, 0x38, 0x37, 0x00, 0x01, 0x00, 0x00, 0x00,
  0x40, 0x00, 0x00, 0x00, 0x12, 0xc7, 0xff, 0xff, 0x00, 0x00, 0x00, 0x01,
  0x14, 0x00, 0x00, 0x00, 0x28, 0x03, 0x00, 0x00, 0x23, 0x00, 0x00, 0x00,
  0x00, 0x00, 0x00, 0x09, 0x34, 0x03, 0x00, 0x00, 0xfc, 0xc6, 0xff, 0xff,
  0x08, 0x00, 0x00, 0x00, 0x0c, 0x02, 0x00, 0x00, 0x40, 0x00, 0x00, 0x00,
  0x00, 0x00, 0x00, 0x00, 0x00, 0x00, 0x00, 0x00, 0x00, 0x00, 0x00, 0x00,
  0x00, 0x00, 0x00, 0x00, 0x00, 0x00, 0x00, 0x00, 0x00, 0x00, 0x00, 0x00,
  0x00, 0x00, 0x00, 0x00, 0x00, 0x00, 0x00, 0x00, 0x00, 0x00, 0x00, 0x00,
  0x00, 0x00, 0x00, 0x00, 0x00, 0x00, 0x00, 0x00, 0x00, 0x00, 0x00, 0x00,
  0x00, 0x00, 0x00, 0x00, 0x00, 0x00, 0x00, 0x00, 0x00, 0x00, 0x00, 0x00,
  0x00, 0x00, 0x00, 0x00, 0x00, 0x00, 0x00, 0x00, 0x00, 0x00, 0x00, 0x00,
  0x00, 0x00, 0x00, 0x00, 0x00, 0x00, 0x00, 0x00, 0x00, 0x00, 0x00, 0x00,
  0x00, 0x00, 0x00, 0x00, 0x00, 0x00, 0x00, 0x00, 0x00, 0x00, 0x00, 0x00,
  0x00, 0x00, 0x00, 0x00, 0x00, 0x00, 0x00, 0x00, 0x00, 0x00, 0x00, 0x00,
  0x00, 0x00, 0x00, 0x00, 0x00, 0x00, 0x00, 0x00, 0x00, 0x00, 0x00, 0x00,
  0x00, 0x00, 0x00, 0x00, 0x00, 0x00, 0x00, 0x00, 0x00, 0x00, 0x00, 0x00,
  0x00, 0x00, 0x00, 0x00, 0x00, 0x00, 0x00, 0x00, 0x00, 0x00, 0x00, 0x00,
  0x00, 0x00, 0x00, 0x00, 0x00, 0x00, 0x00, 0x00, 0x00, 0x00, 0x00, 0x00,
  0x00, 0x00, 0x00, 0x00, 0x00, 0x00, 0x00, 0x00, 0x00, 0x00, 0x00, 0x00,
  0x00, 0x00, 0x00, 0x00, 0x00, 0x00, 0x00, 0x00, 0x00, 0x00, 0x00, 0x00,
  0x00, 0x00, 0x00, 0x00, 0x00, 0x00, 0x00, 0x00, 0x00, 0x00, 0x00, 0x00,
  0x00, 0x00, 0x00, 0x00, 0x00, 0x00, 0x00, 0x00, 0x00, 0x00, 0x00, 0x00,
  0x00, 0x00, 0x00, 0x00, 0x00, 0x00, 0x00, 0x00, 0x00, 0x00, 0x00, 0x00,
  0x00, 0x00, 0x00, 0x00, 0x00, 0x00, 0x00, 0x00, 0x00, 0x00, 0x00, 0x00,
  0x00, 0x00, 0x00, 0x00, 0x00, 0x00, 0x00, 0x00, 0x00, 0x00, 0x00, 0x00,
  0x00, 0x00, 0x00, 0x00, 0x00, 0x00, 0x00, 0x00, 0x00, 0x00, 0x00, 0x00,
  0x00, 0x00, 0x00, 0x00, 0x00, 0x00, 0x00, 0x00, 0x00, 0x00, 0x00, 0x00,
  0x00, 0x00, 0x00, 0x00, 0x00, 0x00, 0x00, 0x00, 0x00, 0x00, 0x00, 0x00,
  0x00, 0x00, 0x00, 0x00, 0x00, 0x00, 0x00, 0x00, 0x00, 0x00, 0x00, 0x00,
  0x00, 0x00, 0x00, 0x00, 0x00, 0x00, 0x00, 0x00, 0x00, 0x00, 0x00, 0x00,
  0x00, 0x00, 0x00, 0x00, 0x00, 0x00, 0x00, 0x00, 0x00, 0x00, 0x00, 0x00,
  0x00, 0x00, 0x00, 0x00, 0x00, 0x00, 0x00, 0x00, 0x00, 0x00, 0x00, 0x00,
  0x00, 0x00, 0x00, 0x00, 0x00, 0x00, 0x00, 0x00, 0x00, 0x00, 0x00, 0x00,
  0x00, 0x00, 0x00, 0x00, 0x00, 0x00, 0x00, 0x00, 0x00, 0x00, 0x00, 0x00,
  0x00, 0x00, 0x00, 0x00, 0x00, 0x00, 0x00, 0x00, 0x00, 0x00, 0x00, 0x00,
  0x00, 0x00, 0x00, 0x00, 0x00, 0x00, 0x00, 0x00, 0x00, 0x00, 0x00, 0x00,
  0x00, 0x00, 0x00, 0x00, 0x00, 0x00, 0x00, 0x00, 0x00, 0x00, 0x00, 0x00,
  0x00, 0x00, 0x00, 0x00, 0x00, 0x00, 0x00, 0x00, 0x00, 0x00, 0x00, 0x00,
  0x00, 0x00, 0x00, 0x00, 0x00, 0x00, 0x00, 0x00, 0x00, 0x00, 0x00, 0x00,
  0x00, 0x00, 0x00, 0x00, 0x00, 0x00, 0x00, 0x00, 0x00, 0x00, 0x00, 0x00,
  0x00, 0x00, 0x00, 0x00, 0x00, 0x00, 0x00, 0x00, 0x00, 0x00, 0x00, 0x00,
  0x00, 0x00, 0x00, 0x00, 0x00, 0x00, 0x00, 0x00, 0x00, 0x00, 0x00, 0x00,
  0x00, 0x00, 0x00, 0x00, 0x00, 0x00, 0x00, 0x00, 0x00, 0x00, 0x00, 0x00,
  0x00, 0x00, 0x00, 0x00, 0x00, 0x00, 0x00, 0x00, 0x00, 0x00, 0x00, 0x00,
  0x00, 0x00, 0x00, 0x00, 0x00, 0x00, 0x00, 0x00, 0x00, 0x00, 0x00, 0x00,
  0x00, 0x00, 0x00, 0x00, 0x00, 0x00, 0x00, 0x00, 0x00, 0x00, 0x00, 0x00,
  0x00, 0x00, 0x00, 0x00, 0x00, 0x00, 0x00, 0x00, 0x00, 0x00, 0x00, 0x00,
  0x00, 0x00, 0x00, 0x00, 0x00, 0x00, 0x00, 0x00, 0x00, 0x00, 0x00, 0x00,
  0x40, 0x00, 0x00, 0x00, 0x81, 0xdc, 0x80, 0x3b, 0x4e, 0xb3, 0x24, 0x3b,
  0x0f, 0x6d, 0x39, 0x3b, 0x55, 0x8a, 0x1e, 0x3b, 0x99, 0xe0, 0x36, 0x3b,
  0x67, 0x3c, 0x73, 0x3b, 0xed, 0xf2, 0x29, 0x3b, 0x3c, 0x95, 0x6f, 0x3b,
  0xda, 0x93, 0x15, 0x3b, 0x90, 0x9a, 0x57, 0x3b, 0x38, 0x7b, 0x53, 0x3b,
  0xee, 0x4b, 0x2d, 0x3b, 0xfb, 0xdc, 0x41, 0x3b, 0xf8, 0xc5, 0x55, 0x3b,
  0xa9, 0x66, 0x5c, 0x3b, 0xe9, 0xd2, 0x32, 0x3b, 0xd7, 0x2b, 0x4e, 0x3b,
  0xca, 0x8c, 0x88, 0x3b, 0x11, 0x9a, 0x45, 0x3b, 0xc1, 0x94, 0x5a, 0x3b,
  0xfc, 0x7c, 0x69, 0x3b, 0x35, 0x36, 0x68, 0x3b, 0x85, 0x75, 0x94, 0x3b,
  0x42, 0x78, 0x54, 0x3b, 0x57, 0x74, 0x6a, 0x3b, 0xb8, 0x60, 0x58, 0x3b,
  0x0e, 0x0f, 0x69, 0x3b, 0xb4, 0x2e, 0x3f, 0x3b, 0xaa, 0x15, 0x77, 0x3b,
  0xa6, 0x31, 0x3f, 0x3b, 0x94, 0x73, 0x4d, 0x3b, 0x51, 0x32, 0x71, 0x3b,
  0x2b, 0xf2, 0x58, 0x3b, 0x66, 0xb9, 0x81, 0x3b, 0xa2, 0x26, 0x51, 0x3b,
  0x5d, 0xce, 0x53, 0x3b, 0x69, 0x72, 0x78, 0x3b, 0xd7, 0xed, 0x56, 0x3b,
  0x86, 0x66, 0x6c, 0x3b, 0x6b, 0x50, 0x58, 0x3b, 0x8f, 0xd0, 0x4d, 0x3b,
  0x5f, 0xcc, 0x6b, 0x3b, 0xcd, 0x35, 0x73, 0x3b, 0x8b, 0x60, 0x69, 0x3b,
  0xd8, 0x8d, 0x63, 0x3b, 0x17, 0x70, 0x86, 0x3b, 0x52, 0xc4, 0x4c, 0x3b,
  0x83, 0x86, 0x6e, 0x3b, 0x9f, 0x45, 0x76, 0x3b, 0xa6, 0x31, 0x7e, 0x3b,
  0x13, 0x5d, 0x32, 0x3b, 0x1c, 0xb8, 0x6d, 0x3b, 0x02, 0xac, 0x81, 0x3b,
  0xc3, 0x74, 0x6d, 0x3b, 0x03, 0xb6, 0x6f, 0x3b, 0x68, 0x10, 0x8e, 0x3b,
  0x58, 0xcc, 0x4e, 0x3b, 0x8a, 0xaf, 0x72, 0x3b, 0xec, 0x3f, 0x6d, 0x3b,
  0x42, 0x10, 0x3a, 0x3b, 0x36, 0x12, 0x87, 0x3b, 0xf7, 0xc7, 0x86, 0x3b,
  0xa4, 0xfd, 0x72, 0x3b, 0x48, 0xd7, 0x78, 0x3b, 0x10, 0x00, 0x00, 0x00,
  0x61, 0x72, 0x69, 0x74, 0x68, 0x2e, 0x63, 0x6f, 0x6e, 0x73, 0x74, 0x61,
  0x6e, 0x74, 0x32, 0x31, 0x00, 0x00, 0x00, 0x00, 0x02, 0x00, 0x00, 0x00,
  0x40, 0x00, 0x00, 0x00, 0x10, 0x00, 0x00, 0x00, 0x6a, 0xca, 0xff, 0xff,
  0x00, 0x00, 0x00, 0x01, 0x14, 0x00, 0x00, 0x00, 0x24, 0x03, 0x00, 0x00,
  0x15, 0x00, 0x00, 0x00, 0x00, 0x00, 0x00, 0x02, 0x30, 0x03, 0x00, 0x00,
  0x54, 0xca, 0xff, 0xff, 0x08, 0x00, 0x00, 0x00, 0x08, 0x02, 0x00, 0x00,
  0x40, 0x00, 0x00, 0x00, 0x00, 0x00, 0x00, 0x00, 0x00, 0x00, 0x00, 0x00,
  0x00, 0x00, 0x00, 0x00, 0x00, 0x00, 0x00, 0x00, 0x00, 0x00, 0x00, 0x00,
  0x00, 0x00, 0x00, 0x00, 0x00, 0x00, 0x00, 0x00, 0x00, 0x00, 0x00, 0x00,
  0x00, 0x00, 0x00, 0x00, 0x00, 0x00, 0x00, 0x00, 0x00, 0x00, 0x00, 0x00,
  0x00, 0x00, 0x00, 0x00, 0x00, 0x00, 0x00, 0x00, 0x00, 0x00, 0x00, 0x00,
  0x00, 0x00, 0x00, 0x00, 0x00, 0x00, 0x00, 0x00, 0x00, 0x00, 0x00, 0x00,
  0x00, 0x00, 0x00, 0x00, 0x00, 0x00, 0x00, 0x00, 0x00, 0x00, 0x00, 0x00,
  0x00, 0x00, 0x00, 0x00, 0x00, 0x00, 0x00, 0x00, 0x00, 0x00, 0x00, 0x00,
  0x00, 0x00, 0x00, 0x00, 0x00, 0x00, 0x00, 0x00, 0x00, 0x00, 0x00, 0x00,
  0x00, 0x00, 0x00, 0x00, 0x00, 0x00, 0x00, 0x00, 0x00, 0x00, 0x00, 0x00,
  0x00, 0x00, 0x00, 0x00, 0x00, 0x00, 0x00, 0x00, 0x00, 0x00, 0x00, 0x00,
  0x00, 0x00, 0x00, 0x00, 0x00, 0x00, 0x00, 0x00, 0x00, 0x00, 0x00, 0x00,
  0x00, 0x00, 0x00, 0x00, 0x00, 0x00, 0x00, 0x00, 0x00, 0x00, 0x00, 0x00,
  0x00, 0x00, 0x00, 0x00, 0x00, 0x00, 0x00, 0x00, 0x00, 0x00, 0x00, 0x00,
  0x00, 0x00, 0x00, 0x00, 0x00, 0x00, 0x00, 0x00, 0x00, 0x00, 0x00, 0x00,
  0x00, 0x00, 0x00, 0x00, 0x00, 0x00, 0x00, 0x00, 0x00, 0x00, 0x00, 0x00,
  0x00, 0x00, 0x00, 0x00, 0x00, 0x00, 0x00, 0x00, 0x00, 0x00, 0x00, 0x00,
  0x00, 0x00, 0x00, 0x00, 0x00, 0x00, 0x00, 0x00, 0x00, 0x00, 0x00, 0x00,
  0x00, 0x00, 0x00, 0x00, 0x00, 0x00, 0x00, 0x00, 0x00, 0x00, 0x00, 0x00,
  0x00, 0x00, 0x00, 0x00, 0x00, 0x00, 0x00, 0x00, 0x00, 0x00, 0x00, 0x00,
  0x00, 0x00, 0x00, 0x00, 0x00, 0x00, 0x00, 0x00, 0x00, 0x00, 0x00, 0x00,
  0x00, 0x00, 0x00, 0x00, 0x00, 0x00, 0x00, 0x00, 0x00, 0x00, 0x00, 0x00,
  0x00, 0x00, 0x00, 0x00, 0x00, 0x00, 0x00, 0x00, 0x00, 0x00, 0x00, 0x00,
  0x00, 0x00, 0x00, 0x00, 0x00, 0x00, 0x00, 0x00, 0x00, 0x00, 0x00, 0x00,
  0x00, 0x00, 0x00, 0x00, 0x00, 0x00, 0x00, 0x00, 0x00, 0x00, 0x00, 0x00,
  0x00, 0x00, 0x00, 0x00, 0x00, 0x00, 0x00, 0x00, 0x00, 0x00, 0x00, 0x00,
  0x00, 0x00, 0x00, 0x00, 0x00, 0x00, 0x00, 0x00, 0x00, 0x00, 0x00, 0x00,
  0x00, 0x00, 0x00, 0x00, 0x00, 0x00, 0x00, 0x00, 0x00, 0x00, 0x00, 0x00,
  0x00, 0x00, 0x00, 0x00, 0x00, 0x00, 0x00, 0x00, 0x00, 0x00, 0x00, 0x00,
  0x00, 0x00, 0x00, 0x00, 0x00, 0x00, 0x00, 0x00, 0x00, 0x00, 0x00, 0x00,
  0x00, 0x00, 0x00, 0x00, 0x00, 0x00, 0x00, 0x00, 0x00, 0x00, 0x00, 0x00,
  0x00, 0x00, 0x00, 0x00, 0x00, 0x00, 0x00, 0x00, 0x00, 0x00, 0x00, 0x00,
  0x00, 0x00, 0x00, 0x00, 0x00, 0x00, 0x00, 0x00, 0x00, 0x00, 0x00, 0x00,
  0x00, 0x00, 0x00, 0x00, 0x00, 0x00, 0x00, 0x00, 0x00, 0x00, 0x00, 0x00,
  0x00, 0x00, 0x00, 0x00, 0x00, 0x00, 0x00, 0x00, 0x00, 0x00, 0x00, 0x00,
  0x00, 0x00, 0x00, 0x00, 0x00, 0x00, 0x00, 0x00, 0x00, 0x00, 0x00, 0x00,
  0x00, 0x00, 0x00, 0x00, 0x00, 0x00, 0x00, 0x00, 0x00, 0x00, 0x00, 0x00,
  0x00, 0x00, 0x00, 0x00, 0x00, 0x00, 0x00, 0x00, 0x00, 0x00, 0x00, 0x00,
  0x00, 0x00, 0x00, 0x00, 0x00, 0x00, 0x00, 0x00, 0x00, 0x00, 0x00, 0x00,
  0x00, 0x00, 0x00, 0x00, 0x00, 0x00, 0x00, 0x00, 0x00, 0x00, 0x00, 0x00,
  0x00, 0x00, 0x00, 0x00, 0x00, 0x00, 0x00, 0x00, 0x00, 0x00, 0x00, 0x00,
  0x00, 0x00, 0x00, 0x00, 0x00, 0x00, 0x00, 0x00, 0x00, 0x00, 0x00, 0x00,
  0x00, 0x00, 0x00, 0x00, 0x00, 0x00, 0x00, 0x00, 0x00, 0x00, 0x00, 0x00,
  0x40, 0x00, 0x00, 0x00, 0xdf, 0x5d, 0x01, 0x38, 0xa7, 0x58, 0xa5, 0x37,
  0x37, 0x27, 0xba, 0x37, 0x7f, 0x29, 0x9f, 0x37, 0x32, 0x98, 0xb7, 0x37,
  0x99, 0x30, 0xf4, 0x37, 0x8b, 0x9d, 0xaa, 0x37, 0xc3, 0x85, 0xf0, 0x37,
  0x05, 0x2a, 0x96, 0x37, 0x04, 0x73, 0xd8, 0x37, 0x88, 0x4f, 0xd4, 0x37,
  0xe9, 0xf9, 0xad, 0x37, 0x9b, 0x9f, 0xc2, 0x37, 0x95, 0x9c, 0xd6, 0x37,
  0xee, 0x43, 0xdd, 0x37, 0x70, 0x86, 0xb3, 0x37, 0xd3, 0xfa, 0xce, 0x37,
  0xe0, 0x15, 0x09, 0x38, 0x72, 0x60, 0xc6, 0x37, 0x32, 0x70, 0xdb, 0x37,
  0x64, 0x67, 0xea, 0x37, 0x55, 0x1f, 0xe9, 0x37, 0x90, 0x0a, 0x15, 0x38,
  0x90, 0x4d, 0xd5, 0x37, 0xb8, 0x5f, 0xeb, 0x37, 0xf3, 0x39, 0xd9, 0x37,
  0x08, 0xf9, 0xe9, 0x37, 0xa3, 0xee, 0xbf, 0x37, 0xb9, 0x0d, 0xf8, 0x37,
  0x98, 0xf1, 0xbf, 0x37, 0xd7, 0x41, 0xce, 0x37, 0x76, 0x24, 0xf2, 0x37,
  0xf8, 0xcb, 0xd9, 0x37, 0xa2, 0x3b, 0x02, 0x38, 0x9b, 0xf8, 0xd1, 0x37,
  0x01, 0xa3, 0xd4, 0x37, 0xd6, 0x6b, 0xf9, 0x37, 0x9d, 0xc5, 0xd7, 0x37,
  0xdb, 0x53, 0xed, 0x37, 0x95, 0x29, 0xd9, 0x37, 0x2f, 0x9f, 0xce, 0x37,
  0x19, 0xb9, 0xec, 0x37, 0xf8, 0x29, 0xf4, 0x37, 0xd7, 0x4a, 0xea, 0x37,
  0x4b, 0x72, 0xe4, 0x37, 0x0f, 0xf7, 0x06, 0x38, 0xe5, 0x91, 0xcd, 0x37,
  0xfa, 0x75, 0xef, 0x37, 0xdd, 0x3c, 0xf7, 0x37, 0xd8, 0x30, 0xff, 0x37,
  0x24, 0x10, 0xb3, 0x37, 0xc4, 0xa6, 0xee, 0x37, 0x31, 0x2e, 0x02, 0x38,
  0x27, 0x63, 0xee, 0x37, 0xab, 0xa6, 0xf0, 0x37, 0x08, 0x9f, 0x0e, 0x38,
  0xf5, 0x9b, 0xcf, 0x37, 0x2e, 0xa3, 0xf3, 0x37, 0x1b, 0x2e, 0xee, 0x37,
  0x0e, 0xcb, 0xba, 0x37, 0xd0, 0x99, 0x07, 0x38, 0x47, 0x4f, 0x07, 0x38,
  0x97, 0xf1, 0xf3, 0x37, 0x1a, 0xd1, 0xf9, 0x37, 0x10, 0x00, 0x00, 0x00,
  0x61, 0x72, 0x69, 0x74, 0x68, 0x2e, 0x63, 0x6f, 0x6e, 0x73, 0x74, 0x61,
  0x6e, 0x74, 0x31, 0x36, 0x00, 0x00, 0x00, 0x00, 0x01, 0x00, 0x00, 0x00,
  0x40, 0x00, 0x00, 0x00, 0xba, 0xcd, 0xff, 0xff, 0x00, 0x00, 0x00, 0x01,
  0x14, 0x00, 0x00, 0x00, 0x24, 0x03, 0x00, 0x00, 0x15, 0x00, 0x00, 0x00,
  0x00, 0x00, 0x00, 0x02, 0x30, 0x03, 0x00, 0x00, 0xa4, 0xcd, 0xff, 0xff,
  0x08, 0x00, 0x00, 0x00, 0x08, 0x02, 0x00, 0x00, 0x40, 0x00, 0x00, 0x00,
  0x00, 0x00, 0x00, 0x00, 0x00, 0x00, 0x00, 0x00, 0x00, 0x00, 0x00, 0x00,
  0x00, 0x00, 0x00, 0x00, 0x00, 0x00, 0x00, 0x00, 0x00, 0x00, 0x00, 0x00,
  0x00, 0x00, 0x00, 0x00, 0x00, 0x00, 0x00, 0x00, 0x00, 0x00, 0x00, 0x00,
  0x00, 0x00, 0x00, 0x00, 0x00, 0x00, 0x00, 0x00, 0x00, 0x00, 0x00, 0x00,
  0x00, 0x00, 0x00, 0x00, 0x00, 0x00, 0x00, 0x00, 0x00, 0x00, 0x00, 0x00,
  0x00, 0x00, 0x00, 0x00, 0x00, 0x00, 0x00, 0x00, 0x00, 0x00, 0x00, 0x00,
  0x00, 0x00, 0x00, 0x00, 0x00, 0x00, 0x00, 0x00, 0x00, 0x00, 0x00, 0x00,
  0x00, 0x00, 0x00, 0x00, 0x00, 0x00, 0x00, 0x00, 0x00, 0x00, 0x00, 0x00,
  0x00, 0x00, 0x00, 0x00, 0x00, 0x00, 0x00, 0x00, 0x00, 0x00, 0x00, 0x00,
  0x00, 0x00, 0x00, 0x00, 0x00, 0x00, 0x00, 0x00, 0x00, 0x00, 0x00, 0x00,
  0x00, 0x00, 0x00, 0x00, 0x00, 0x00, 0x00, 0x00, 0x00, 0x00, 0x00, 0x00,
  0x00, 0x00, 0x00, 0x00, 0x00, 0x00, 0x00, 0x00, 0x00, 0x00, 0x00, 0x00,
  0x00, 0x00, 0x00, 0x00, 0x00, 0x00, 0x00, 0x00, 0x00, 0x00, 0x00, 0x00,
  0x00, 0x00, 0x00, 0x00, 0x00, 0x00, 0x00, 0x00, 0x00, 0x00, 0x00, 0x00,
  0x00, 0x00, 0x00, 0x00, 0x00, 0x00, 0x00, 0x00, 0x00, 0x00, 0x00, 0x00,
  0x00, 0x00, 0x00, 0x00, 0x00, 0x00, 0x00, 0x00, 0x00, 0x00, 0x00, 0x00,
  0x00, 0x00, 0x00, 0x00, 0x00, 0x00, 0x00, 0x00, 0x00, 0x00, 0x00, 0x00,
  0x00, 0x00, 0x00, 0x00, 0x00, 0x00, 0x00, 0x00, 0x00, 0x00, 0x00, 0x00,
  0x00, 0x00, 0x00, 0x00, 0x00, 0x00, 0x00, 0x00, 0x00, 0x00, 0x00, 0x00,
  0x00, 0x00, 0x00, 0x00, 0x00, 0x00, 0x00, 0x00, 0x00, 0x00, 0x00, 0x00,
  0x00, 0x00, 0x00, 0x00, 0x00, 0x00, 0x00, 0x00, 0x00, 0x00, 0x00, 0x00,
  0x00, 0x00, 0x00, 0x00, 0x00, 0x00, 0x00, 0x00, 0x00, 0x00, 0x00, 0x00,
  0x00, 0x00, 0x00, 0x00, 0x00, 0x00, 0x00, 0x00, 0x00, 0x00, 0x00, 0x00,
  0x00, 0x00, 0x00, 0x00, 0x00, 0x00, 0x00, 0x00, 0x00, 0x00, 0x00, 0x00,
  0x00, 0x00, 0x00, 0x00, 0x00, 0x00, 0x00, 0x00, 0x00, 0x00, 0x00, 0x00,
  0x00, 0x00, 0x00, 0x00, 0x00, 0x00, 0x00, 0x00, 0x00, 0x00, 0x00, 0x00,
  0x00, 0x00, 0x00, 0x00, 0x00, 0x00, 0x00, 0x00, 0x00, 0x00, 0x00, 0x00,
  0x00, 0x00, 0x00, 0x00, 0x00, 0x00, 0x00, 0x00, 0x00, 0x00, 0x00, 0x00,
  0x00, 0x00, 0x00, 0x00, 0x00, 0x00, 0x00, 0x00, 0x00, 0x00, 0x00, 0x00,
  0x00, 0x00, 0x00, 0x00, 0x00, 0x00, 0x00, 0x00, 0x00, 0x00, 0x00, 0x00,
  0x00, 0x00, 0x00, 0x00, 0x00, 0x00, 0x00, 0x00, 0x00, 0x00, 0x00, 0x00,
  0x00, 0x00, 0x00, 0x00, 0x00, 0x00, 0x00, 0x00, 0x00, 0x00, 0x00, 0x00,
  0x00, 0x00, 0x00, 0x00, 0x00, 0x00, 0x00, 0x00, 0x00, 0x00, 0x00, 0x00,
  0x00, 0x00, 0x00, 0x00, 0x00, 0x00, 0x00, 0x00, 0x00, 0x00, 0x00, 0x00,
  0x00, 0x00, 0x00, 0x00, 0x00, 0x00, 0x00, 0x00, 0x00, 0x00, 0x00, 0x00,
  0x00, 0x00, 0x00, 0x00, 0x00, 0x00, 0x00, 0x00, 0x00, 0x00, 0x00, 0x00,
  0x00, 0x00, 0x00, 0x00, 0x00, 0x00, 0x00, 0x00, 0x00, 0x00, 0x00, 0x00,
  0x00, 0x00, 0x00, 0x00, 0x00, 0x00, 0x00, 0x00, 0x00, 0x00, 0x00, 0x00,
  0x00, 0x00, 0x00, 0x00, 0x00, 0x00, 0x00, 0x00, 0x00, 0x00, 0x00, 0x00,
  0x00, 0x00, 0x00, 0x00, 0x00, 0x00, 0x00, 0x00, 0x00, 0x00, 0x00, 0x00,
  0x00, 0x00, 0x00, 0x00, 0x00, 0x00, 0x00, 0x00, 0x00, 0x00, 0x00, 0x00,
  0x00, 0x00, 0x00, 0x00, 0x00, 0x00, 0x00, 0x00, 0x00, 0x00, 0x00, 0x00,
  0x00, 0x00, 0x00, 0x00, 0x00, 0x00, 0x00, 0x00, 0x40, 0x00, 0x00, 0x00,
  0xdf, 0x5d, 0x01, 0x38, 0xa7, 0x58, 0xa5, 0x37, 0x37, 0x27, 0xba, 0x37,
  0x7f, 0x29, 0x9f, 0x37, 0x32, 0x98, 0xb7, 0x37, 0x99, 0x30, 0xf4, 0x37,
  0x8b, 0x9d, 0xaa, 0x37, 0xc3, 0x85, 0xf0, 0x37, 0x05, 0x2a, 0x96, 0x37,
  0x04, 0x73, 0xd8, 0x37, 0x88, 0x4f, 0xd4, 0x37, 0xe9, 0xf9, 0xad, 0x37,
  0x9b, 0x9f, 0xc2, 0x37, 0x95, 0x9c, 0xd6, 0x37, 0xee, 0x43, 0xdd, 0x37,
  0x70, 0x86, 0xb3, 0x37, 0xd3, 0xfa, 0xce, 0x37, 0xe0, 0x15, 0x09, 0x38,
  0x72, 0x60, 0xc6, 0x37, 0x32, 0x70, 0xdb, 0x37, 0x64, 0x67, 0xea, 0x37,
  0x55, 0x1f, 0xe9, 0x37, 0x90, 0x0a, 0x15, 0x38, 0x90, 0x4d, 0xd5, 0x37,
  0xb8, 0x5f, 0xeb, 0x37, 0xf3, 0x39, 0xd9, 0x37, 0x08, 0xf9, 0xe9, 0x37,
  0xa3, 0xee, 0xbf, 0x37, 0xb9, 0x0d, 0xf8, 0x37, 0x98, 0xf1, 0xbf, 0x37,
  0xd7, 0x41, 0xce, 0x37, 0x76, 0x24, 0xf2, 0x37, 0xf8, 0xcb, 0xd9, 0x37,
  0xa2, 0x3b, 0x02, 0x38, 0x9b, 0xf8, 0xd1, 0x37, 0x01, 0xa3, 0xd4, 0x37,
  0xd6, 0x6b, 0xf9, 0x37, 0x9d, 0xc5, 0xd7, 0x37, 0xdb, 0x53, 0xed, 0x37,
  0x95, 0x29, 0xd9, 0x37, 0x2f, 0x9f, 0xce, 0x37, 0x19, 0xb9, 0xec, 0x37,
  0xf8, 0x29, 0xf4, 0x37, 0xd7, 0x4a, 0xea, 0x37, 0x4b, 0x72, 0xe4, 0x37,
  0x0f, 0xf7, 0x06, 0x38, 0xe5, 0x91, 0xcd, 0x37, 0xfa, 0x75, 0xef, 0x37,
  0xdd, 0x3c, 0xf7, 0x37, 0xd8, 0x30, 0xff, 0x37, 0x24, 0x10, 0xb3, 0x37,
  0xc4, 0xa6, 0xee, 0x37, 0x31, 0x2e, 0x02, 0x38, 0x27, 0x63, 0xee, 0x37,
  0xab, 0xa6, 0xf0, 0x37, 0x08, 0x9f, 0x0e, 0x38, 0xf5, 0x9b, 0xcf, 0x37,
  0x2e, 0xa3, 0xf3, 0x37, 0x1b, 0x2e, 0xee, 0x37, 0x0e, 0xcb, 0xba, 0x37,
  0xd0, 0x99, 0x07, 0x38, 0x47, 0x4f, 0x07, 0x38, 0x97, 0xf1, 0xf3, 0x37,
  0x1a, 0xd1, 0xf9, 0x37, 0x10, 0x00, 0x00, 0x00, 0x61, 0x72, 0x69, 0x74,
  0x68, 0x2e, 0x63, 0x6f, 0x6e, 0x73, 0x74, 0x61, 0x6e, 0x74, 0x31, 0x35,
  0x00, 0x00, 0x00, 0x00, 0x01, 0x00, 0x00, 0x00, 0x40, 0x00, 0x00, 0x00,
  0x0a, 0xd1, 0xff, 0xff, 0x00, 0x00, 0x00, 0x01, 0x14, 0x00, 0x00, 0x00,
  0x24, 0x03, 0x00, 0x00, 0x15, 0x00, 0x00, 0x00, 0x00, 0x00, 0x00, 0x02,
  0x30, 0x03, 0x00, 0x00, 0xf4, 0xd0, 0xff, 0xff, 0x08, 0x00, 0x00, 0x00,
  0x08, 0x02, 0x00, 0x00, 0x40, 0x00, 0x00, 0x00, 0x00, 0x00, 0x00, 0x00,
  0x00, 0x00, 0x00, 0x00, 0x00, 0x00, 0x00, 0x00, 0x00, 0x00, 0x00, 0x00,
  0x00, 0x00, 0x00, 0x00, 0x00, 0x00, 0x00, 0x00, 0x00, 0x00, 0x00, 0x00,
  0x00, 0x00, 0x00, 0x00, 0x00, 0x00, 0x00, 0x00, 0x00, 0x00, 0x00, 0x00,
  0x00, 0x00, 0x00, 0x00, 0x00, 0x00, 0x00, 0x00, 0x00, 0x00, 0x00, 0x00,
  0x00, 0x00, 0x00, 0x00, 0x00, 0x00, 0x00, 0x00, 0x00, 0x00, 0x00, 0x00,
  0x00, 0x00, 0x00, 0x00, 0x00, 0x00, 0x00, 0x00, 0x00, 0x00, 0x00, 0x00,
  0x00, 0x00, 0x00, 0x00, 0x00, 0x00, 0x00, 0x00, 0x00, 0x00, 0x00, 0x00,
  0x00, 0x00, 0x00, 0x00, 0x00, 0x00, 0x00, 0x00, 0x00, 0x00, 0x00, 0x00,
  0x00, 0x00, 0x00, 0x00, 0x00, 0x00, 0x00, 0x00, 0x00, 0x00, 0x00, 0x00,
  0x00, 0x00, 0x00, 0x00, 0x00, 0x00, 0x00, 0x00, 0x00, 0x00, 0x00, 0x00,
  0x00, 0x00, 0x00, 0x00, 0x00, 0x00, 0x00, 0x00, 0x00, 0x00, 0x00, 0x00,
  0x00, 0x00, 0x00, 0x00, 0x00, 0x00, 0x00, 0x00, 0x00, 0x00, 0x00, 0x00,
  0x00, 0x00, 0x00, 0x00, 0x00, 0x00, 0x00, 0x00, 0x00, 0x00, 0x00, 0x00,
  0x00, 0x00, 0x00, 0x00, 0x00, 0x00, 0x00, 0x00, 0x00, 0x00, 0x00, 0x00,
  0x00, 0x00, 0x00, 0x00, 0x00, 0x00, 0x00, 0x00, 0x00, 0x00, 0x00, 0x00,
  0x00, 0x00, 0x00, 0x00, 0x00, 0x00, 0x00, 0x00, 0x00, 0x00, 0x00, 0x00,
  0x00, 0x00, 0x00, 0x00, 0x00, 0x00, 0x00, 0x00, 0x00, 0x00, 0x00, 0x00,
  0x00, 0x00, 0x00, 0x00, 0x00, 0x00, 0x00, 0x00, 0x00, 0x00, 0x00, 0x00,
  0x00, 0x00, 0x00, 0x00, 0x00, 0x00, 0x00, 0x00, 0x00, 0x00, 0x00, 0x00,
  0x00, 0x00, 0x00, 0x00, 0x00, 0x00, 0x00, 0x00, 0x00, 0x00, 0x00, 0x00,
  0x00, 0x00, 0x00, 0x00, 0x00, 0x00, 0x00, 0x00, 0x00, 0x00, 0x00, 0x00,
  0x00, 0x00, 0x00, 0x00, 0x00, 0x00, 0x00, 0x00, 0x00, 0x00, 0x00, 0x00,
  0x00, 0x00, 0x00, 0x00, 0x00, 0x00, 0x00, 0x00, 0x00, 0x00, 0x00, 0x00,
  0x00, 0x00, 0x00, 0x00, 0x00, 0x00, 0x00, 0x00, 0x00, 0x00, 0x00, 0x00,
  0x00, 0x00, 0x00, 0x00, 0x00, 0x00, 0x00, 0x00, 0x00, 0x00, 0x00, 0x00,
  0x00, 0x00, 0x00, 0x00, 0x00, 0x00, 0x00, 0x00, 0x00, 0x00, 0x00, 0x00,
  0x00, 0x00, 0x00, 0x00, 0x00, 0x00, 0x00, 0x00, 0x00, 0x00, 0x00, 0x00,
  0x00, 0x00, 0x00, 0x00, 0x00, 0x00, 0x00, 0x00, 0x00, 0x00, 0x00, 0x00,
  0x00, 0x00, 0x00, 0x00, 0x00, 0x00, 0x00, 0x00, 0x00, 0x00, 0x00, 0x00,
  0x00, 0x00, 0x00, 0x00, 0x00, 0x00, 0x00, 0x00, 0x00, 0x00, 0x00, 0x00,
  0x00, 0x00, 0x00, 0x00, 0x00, 0x00, 0x00, 0x00, 0x00, 0x00, 0x00, 0x00,
  0x00, 0x00, 0x00, 0x00, 0x00, 0x00, 0x00, 0x00, 0x00, 0x00, 0x00, 0x00,
  0x00, 0x00, 0x00, 0x00, 0x00, 0x00, 0x00, 0x00, 0x00, 0x00, 0x00, 0x00,
  0x00, 0x00, 0x00, 0x00, 0x00, 0x00, 0x00, 0x00, 0x00, 0x00, 0x00, 0x00,
  0x00, 0x00, 0x00, 0x00, 0x00, 0x00, 0x00, 0x00, 0x00, 0x00, 0x00, 0x00,
  0x00, 0x00, 0x00, 0x00, 0x00, 0x00, 0x00, 0x00, 0x00, 0x00, 0x00, 0x00,
  0x00, 0x00, 0x00, 0x00, 0x00, 0x00, 0x00, 0x00, 0x00, 0x00, 0x00, 0x00,
  0x00, 0x00, 0x00, 0x00, 0x00, 0x00, 0x00, 0x00, 0x00, 0x00, 0x00, 0x00,
  0x00, 0x00, 0x00, 0x00, 0x00, 0x00, 0x00, 0x00, 0x00, 0x00, 0x00, 0x00,
  0x00, 0x00, 0x00, 0x00, 0x00, 0x00, 0x00, 0x00, 0x00, 0x00, 0x00, 0x00,
  0x00, 0x00, 0x00, 0x00, 0x00, 0x00, 0x00, 0x00, 0x00, 0x00, 0x00, 0x00,
  0x00, 0x00, 0x00, 0x00, 0x00, 0x00, 0x00, 0x00, 0x00, 0x00, 0x00, 0x00,
  0x00, 0x00, 0x00, 0x00, 0x40, 0x00, 0x00, 0x00, 0xdf, 0x5d, 0x01, 0x38,
  0xa7, 0x58, 0xa5, 0x37, 0x37, 0x27, 0xba, 0x37, 0x7f, 0x29, 0x9f, 0x37,
  0x32, 0x98, 0xb7, 0x37, 0x99, 0x30, 0xf4, 0x37, 0x8b, 0x9d, 0xaa, 0x37,
  0xc3, 0x85, 0xf0, 0x37, 0x05, 0x2a, 0x96, 0x37, 0x04, 0x73, 0xd8, 0x37,
  0x88, 0x4f, 0xd4, 0x37, 0xe9, 0xf9, 0xad, 0x37, 0x9b, 0x9f, 0xc2, 0x37,
  0x95, 0x9c, 0xd6, 0x37, 0xee, 0x43, 0xdd, 0x37, 0x70, 0x86, 0xb3, 0x37,
  0xd3, 0xfa, 0xce, 0x37, 0xe0, 0x15, 0x09, 0x38, 0x72, 0x60, 0xc6, 0x37,
  0x32, 0x70, 0xdb, 0x37, 0x64, 0x67, 0xea, 0x37, 0x55, 0x1f, 0xe9, 0x37,
  0x90, 0x0a, 0x15, 0x38, 0x90, 0x4d, 0xd5, 0x37, 0xb8, 0x5f, 0xeb, 0x37,
  0xf3, 0x39, 0xd9, 0x37, 0x08, 0xf9, 0xe9, 0x37, 0xa3, 0xee, 0xbf, 0x37,
  0xb9, 0x0d, 0xf8, 0x37, 0x98, 0xf1, 0xbf, 0x37, 0xd7, 0x41, 0xce, 0x37,
  0x76, 0x24, 0xf2, 0x37, 0xf8, 0xcb, 0xd9, 0x37, 0xa2, 0x3b, 0x02, 0x38,
  0x9b, 0xf8, 0xd1, 0x37, 0x01, 0xa3, 0xd4, 0x37, 0xd6, 0x6b, 0xf9, 0x37,
  0x9d, 0xc5, 0xd7, 0x37, 0xdb, 0x53, 0xed, 0x37, 0x95, 0x29, 0xd9, 0x37,
  0x2f, 0x9f, 0xce, 0x37, 0x19, 0xb9, 0xec, 0x37, 0xf8, 0x29, 0xf4, 0x37,
  0xd7, 0x4a, 0xea, 0x37, 0x4b, 0x72, 0xe4, 0x37, 0x0f, 0xf7, 0x06, 0x38,
  0xe5, 0x91, 0xcd, 0x37, 0xfa, 0x75, 0xef, 0x37, 0xdd, 0x3c, 0xf7, 0x37,
  0xd8, 0x30, 0xff, 0x37, 0x24, 0x10, 0xb3, 0x37, 0xc4, 0xa6, 0xee, 0x37,
  0x31, 0x2e, 0x02, 0x38, 0x27, 0x63, 0xee, 0x37, 0xab, 0xa6, 0xf0, 0x37,
  0x08, 0x9f, 0x0e, 0x38, 0xf5, 0x9b, 0xcf, 0x37, 0x2e, 0xa3, 0xf3, 0x37,
  0x1b, 0x2e, 0xee, 0x37, 0x0e, 0xcb, 0xba, 0x37, 0xd0, 0x99, 0x07, 0x38,
  0x47, 0x4f, 0x07, 0x38, 0x97, 0xf1, 0xf3, 0x37, 0x1a, 0xd1, 0xf9, 0x37,
  0x10, 0x00, 0x00, 0x00, 0x61, 0x72, 0x69, 0x74, 0x68, 0x2e, 0x63, 0x6f,
  0x6e, 0x73, 0x74, 0x61, 0x6e, 0x74, 0x31, 0x34, 0x00, 0x00, 0x00, 0x00,
  0x01, 0x00, 0x00, 0x00, 0x40, 0x00, 0x00, 0x00, 0x5a, 0xd4, 0xff, 0xff,
  0x00, 0x00, 0x00, 0x01, 0x14, 0x00, 0x00, 0x00, 0x24, 0x03, 0x00, 0x00,
  0x15, 0x00, 0x00, 0x00, 0x00, 0x00, 0x00, 0x02, 0x30, 0x03, 0x00, 0x00,
  0x44, 0xd4, 0xff, 0xff, 0x08, 0x00, 0x00, 0x00, 0x08, 0x02, 0x00, 0x00,
  0x40, 0x00, 0x00, 0x00, 0x00, 0x00, 0x00, 0x00, 0x00, 0x00, 0x00, 0x00,
  0x00, 0x00, 0x00, 0x00, 0x00, 0x00, 0x00, 0x00, 0x00, 0x00, 0x00, 0x00,
  0x00, 0x00, 0x00, 0x00, 0x00, 0x00, 0x00, 0x00, 0x00, 0x00, 0x00, 0x00,
  0x00, 0x00, 0x00, 0x00, 0x00, 0x00, 0x00, 0x00, 0x00, 0x00, 0x00, 0x00,
  0x00, 0x00, 0x00, 0x00, 0x00, 0x00, 0x00, 0x00, 0x00, 0x00, 0x00, 0x00,
  0x00, 0x00, 0x00, 0x00, 0x00, 0x00, 0x00, 0x00, 0x00, 0x00, 0x00, 0x00,
  0x00, 0x00, 0x00, 0x00, 0x00, 0x00, 0x00, 0x00, 0x00, 0x00, 0x00, 0x00,
  0x00, 0x00, 0x00, 0x00, 0x00, 0x00, 0x00, 0x00, 0x00, 0x00, 0x00, 0x00,
  0x00, 0x00, 0x00, 0x00, 0x00, 0x00, 0x00, 0x00, 0x00, 0x00, 0x00, 0x00,
  0x00, 0x00, 0x00, 0x00, 0x00, 0x00, 0x00, 0x00, 0x00, 0x00, 0x00, 0x00,
  0x00, 0x00, 0x00, 0x00, 0x00, 0x00, 0x00, 0x00, 0x00, 0x00, 0x00, 0x00,
  0x00, 0x00, 0x00, 0x00, 0x00, 0x00, 0x00, 0x00, 0x00, 0x00, 0x00, 0x00,
  0x00, 0x00, 0x00, 0x00, 0x00, 0x00, 0x00, 0x00, 0x00, 0x00, 0x00, 0x00,
  0x00, 0x00, 0x00, 0x00, 0x00, 0x00, 0x00, 0x00, 0x00, 0x00, 0x00, 0x00,
  0x00, 0x00, 0x00, 0x00, 0x00, 0x00, 0x00, 0x00, 0x00, 0x00, 0x00, 0x00,
  0x00, 0x00, 0x00, 0x00, 0x00, 0x00, 0x00, 0x00, 0x00, 0x00, 0x00, 0x00,
  0x00, 0x00, 0x00, 0x00, 0x00, 0x00, 0x00, 0x00, 0x00, 0x00, 0x00, 0x00,
  0x00, 0x00, 0x00, 0x00, 0x00, 0x00, 0x00, 0x00, 0x00, 0x00, 0x00, 0x00,
  0x00, 0x00, 0x00, 0x00, 0x00, 0x00, 0x00, 0x00, 0x00, 0x00, 0x00, 0x00,
  0x00, 0x00, 0x00, 0x00, 0x00, 0x00, 0x00, 0x00, 0x00, 0x00, 0x00, 0x00,
  0x00, 0x00, 0x00, 0x00, 0x00, 0x00, 0x00, 0x00, 0x00, 0x00, 0x00, 0x00,
  0x00, 0x00, 0x00, 0x00, 0x00, 0x00, 0x00, 0x00, 0x00, 0x00, 0x00, 0x00,
  0x00, 0x00, 0x00, 0x00, 0x00, 0x00, 0x00, 0x00, 0x00, 0x00, 0x00, 0x00,
  0x00, 0x00, 0x00, 0x00, 0x00, 0x00, 0x00, 0x00, 0x00, 0x00, 0x00, 0x00,
  0x00, 0x00, 0x00, 0x00, 0x00, 0x00, 0x00, 0x00, 0x00, 0x00, 0x00, 0x00,
  0x00, 0x00, 0x00, 0x00, 0x00, 0x00, 0x00, 0x00, 0x00, 0x00, 0x00, 0x00,
  0x00, 0x00, 0x00, 0x00, 0x00, 0x00, 0x00, 0x00, 0x00, 0x00, 0x00, 0x00,
  0x00, 0x00, 0x00, 0x00, 0x00, 0x00, 0x00, 0x00, 0x00, 0x00, 0x00, 0x00,
  0x00, 0x00, 0x00, 0x00, 0x00, 0x00, 0x00, 0x00, 0x00, 0x00, 0x00, 0x00,
  0x00, 0x00, 0x00, 0x00, 0x00, 0x00, 0x00, 0x00, 0x00, 0x00, 0x00, 0x00,
  0x00, 0x00, 0x00, 0x00, 0x00, 0x00, 0x00, 0x00, 0x00, 0x00, 0x00, 0x00,
  0x00, 0x00, 0x00, 0x00, 0x00, 0x00, 0x00, 0x00, 0x00, 0x00, 0x00, 0x00,
  0x00, 0x00, 0x00, 0x00, 0x00, 0x00, 0x00, 0x00, 0x00, 0x00, 0x00, 0x00,
  0x00, 0x00, 0x00, 0x00, 0x00, 0x00, 0x00, 0x00, 0x00, 0x00, 0x00, 0x00,
  0x00, 0x00, 0x00, 0x00, 0x00, 0x00, 0x00, 0x00, 0x00, 0x00, 0x00, 0x00,
  0x00, 0x00, 0x00, 0x00, 0x00, 0x00, 0x00, 0x00, 0x00, 0x00, 0x00, 0x00,
  0x00, 0x00, 0x00, 0x00, 0x00, 0x00, 0x00, 0x00, 0x00, 0x00, 0x00, 0x00,
  0x00, 0x00, 0x00, 0x00, 0x00, 0x00, 0x00, 0x00, 0x00, 0x00, 0x00, 0x00,
  0x00, 0x00, 0x00, 0x00, 0x00, 0x00, 0x00, 0x00, 0x00, 0x00, 0x00, 0x00,
  0x00, 0x00, 0x00, 0x00, 0x00, 0x00, 0x00, 0x00, 0x00, 0x00, 0x00, 0x00,
  0x00, 0x00, 0x00, 0x00, 0x00, 0x00, 0x00, 0x00, 0x00, 0x00, 0x00, 0x00,
  0x00, 0x00, 0x00, 0x00, 0x00, 0x00, 0x00, 0x00, 0x00, 0x00, 0x00, 0x00,
  0x00, 0x00, 0x00, 0x00, 0x00, 0x00, 0x00, 0x00, 0x00, 0x00, 0x00, 0x00,
  0x40, 0x00, 0x00, 0x00, 0xdf, 0x5d, 0x01, 0x38, 0xa7, 0x58, 0xa5, 0x37,
  0x37, 0x27, 0xba, 0x37, 0x7f, 0x29, 0x9f, 0x37, 0x32, 0x98, 0xb7, 0x37,
  0x99, 0x30, 0xf4, 0x37, 0x8b, 0x9d, 0xaa, 0x37, 0xc3, 0x85, 0xf0, 0x37,
  0x05, 0x2a, 0x96, 0x37, 0x04, 0x73, 0xd8, 0x37, 0x88, 0x4f, 0xd4, 0x37,
  0xe9, 0xf9, 0xad, 0x37, 0x9b, 0x9f, 0xc2, 0x37, 0x95, 0x9c, 0xd6, 0x37,
  0xee, 0x43, 0xdd, 0x37, 0x70, 0x86, 0xb3, 0x37, 0xd3, 0xfa, 0xce, 0x37,
  0xe0, 0x15, 0x09, 0x38, 0x72, 0x60, 0xc6, 0x37, 0x32, 0x70, 0xdb, 0x37,
  0x64, 0x67, 0xea, 0x37, 0x55, 0x1f, 0xe9, 0x37, 0x90, 0x0a, 0x15, 0x38,
  0x90, 0x4d, 0xd5, 0x37, 0xb8, 0x5f, 0xeb, 0x37, 0xf3, 0x39, 0xd9, 0x37,
  0x08, 0xf9, 0xe9, 0x37, 0xa3, 0xee, 0xbf, 0x37, 0xb9, 0x0d, 0xf8, 0x37,
  0x98, 0xf1, 0xbf, 0x37, 0xd7, 0x41, 0xce, 0x37, 0x76, 0x24, 0xf2, 0x37,
  0xf8, 0xcb, 0xd9, 0x37, 0xa2, 0x3b, 0x02, 0x38, 0x9b, 0xf8, 0xd1, 0x37,
  0x01, 0xa3, 0xd4, 0x37, 0xd6, 0x6b, 0xf9, 0x37, 0x9d, 0xc5, 0xd7, 0x37,
  0xdb, 0x53, 0xed, 0x37, 0x95, 0x29, 0xd9, 0x37, 0x2f, 0x9f, 0xce, 0x37,
  0x19, 0xb9, 0xec, 0x37, 0xf8, 0x29, 0xf4, 0x37, 0xd7, 0x4a, 0xea, 0x37,
  0x4b, 0x72, 0xe4, 0x37, 0x0f, 0xf7, 0x06, 0x38, 0xe5, 0x91, 0xcd, 0x37,
  0xfa, 0x75, 0xef, 0x37, 0xdd, 0x3c, 0xf7, 0x37, 0xd8, 0x30, 0xff, 0x37,
  0x24, 0x10, 0xb3, 0x37, 0xc4, 0xa6, 0xee, 0x37, 0x31, 0x2e, 0x02, 0x38,
  0x27, 0x63, 0xee, 0x37, 0xab, 0xa6, 0xf0, 0x37, 0x08, 0x9f, 0x0e, 0x38,
  0xf5, 0x9b, 0xcf, 0x37, 0x2e, 0xa3, 0xf3, 0x37, 0x1b, 0x2e, 0xee, 0x37,
  0x0e, 0xcb, 0xba, 0x37, 0xd0, 0x99, 0x07, 0x38, 0x47, 0x4f, 0x07, 0x38,
  0x97, 0xf1, 0xf3, 0x37, 0x1a, 0xd1, 0xf9, 0x37, 0x10, 0x00, 0x00, 0x00,
  0x61, 0x72, 0x69, 0x74, 0x68, 0x2e, 0x63, 0x6f, 0x6e, 0x73, 0x74, 0x61,
  0x6e, 0x74, 0x31, 0x33, 0x00, 0x00, 0x00, 0x00, 0x01, 0x00, 0x00, 0x00,
  0x40, 0x00, 0x00, 0x00, 0xaa, 0xd7, 0xff, 0xff, 0x00, 0x00, 0x00, 0x01,
  0x14, 0x00, 0x00, 0x00, 0x24, 0x03, 0x00, 0x00, 0x15, 0x00, 0x00, 0x00,
  0x00, 0x00, 0x00, 0x02, 0x30, 0x03, 0x00, 0x00, 0x94, 0xd7, 0xff, 0xff,
  0x08, 0x00, 0x00, 0x00, 0x08, 0x02, 0x00, 0x00, 0x40, 0x00, 0x00, 0x00,
  0x00, 0x00, 0x00, 0x00, 0x00, 0x00, 0x00, 0x00, 0x00, 0x00, 0x00, 0x00,
  0x00, 0x00, 0x00, 0x00, 0x00, 0x00, 0x00, 0x00, 0x00, 0x00, 0x00, 0x00,
  0x00, 0x00, 0x00, 0x00, 0x00, 0x00, 0x00, 0x00, 0x00, 0x00, 0x00, 0x00,
  0x00, 0x00, 0x00, 0x00, 0x00, 0x00, 0x00, 0x00, 0x00, 0x00, 0x00, 0x00,
  0x00, 0x00, 0x00, 0x00, 0x00, 0x00, 0x00, 0x00, 0x00, 0x00, 0x00, 0x00,
  0x00, 0x00, 0x00, 0x00, 0x00, 0x00, 0x00, 0x00, 0x00, 0x00, 0x00, 0x00,
  0x00, 0x00, 0x00, 0x00, 0x00, 0x00, 0x00, 0x00, 0x00, 0x00, 0x00, 0x00,
  0x00, 0x00, 0x00, 0x00, 0x00, 0x00, 0x00, 0x00, 0x00, 0x00, 0x00, 0x00,
  0x00, 0x00, 0x00, 0x00, 0x00, 0x00, 0x00, 0x00, 0x00, 0x00, 0x00, 0x00,
  0x00, 0x00, 0x00, 0x00, 0x00, 0x00, 0x00, 0x00, 0x00, 0x00, 0x00, 0x00,
  0x00, 0x00, 0x00, 0x00, 0x00, 0x00, 0x00, 0x00, 0x00, 0x00, 0x00, 0x00,
  0x00, 0x00, 0x00, 0x00, 0x00, 0x00, 0x00, 0x00, 0x00, 0x00, 0x00, 0x00,
  0x00, 0x00, 0x00, 0x00, 0x00, 0x00, 0x00, 0x00, 0x00, 0x00, 0x00, 0x00,
  0x00, 0x00, 0x00, 0x00, 0x00, 0x00, 0x00, 0x00, 0x00, 0x00, 0x00, 0x00,
  0x00, 0x00, 0x00, 0x00, 0x00, 0x00, 0x00, 0x00, 0x00, 0x00, 0x00, 0x00,
  0x00, 0x00, 0x00, 0x00, 0x00, 0x00, 0x00, 0x00, 0x00, 0x00, 0x00, 0x00,
  0x00, 0x00, 0x00, 0x00, 0x00, 0x00, 0x00, 0x00, 0x00, 0x00, 0x00, 0x00,
  0x00, 0x00, 0x00, 0x00, 0x00, 0x00, 0x00, 0x00, 0x00, 0x00, 0x00, 0x00,
  0x00, 0x00, 0x00, 0x00, 0x00, 0x00, 0x00, 0x00, 0x00, 0x00, 0x00, 0x00,
  0x00, 0x00, 0x00, 0x00, 0x00, 0x00, 0x00, 0x00, 0x00, 0x00, 0x00, 0x00,
  0x00, 0x00, 0x00, 0x00, 0x00, 0x00, 0x00, 0x00, 0x00, 0x00, 0x00, 0x00,
  0x00, 0x00, 0x00, 0x00, 0x00, 0x00, 0x00, 0x00, 0x00, 0x00, 0x00, 0x00,
  0x00, 0x00, 0x00, 0x00, 0x00, 0x00, 0x00, 0x00, 0x00, 0x00, 0x00, 0x00,
  0x00, 0x00, 0x00, 0x00, 0x00, 0x00, 0x00, 0x00, 0x00, 0x00, 0x00, 0x00,
  0x00, 0x00, 0x00, 0x00, 0x00, 0x00, 0x00, 0x00, 0x00, 0x00, 0x00, 0x00,
  0x00, 0x00, 0x00, 0x00, 0x00, 0x00, 0x00, 0x00, 0x00, 0x00, 0x00, 0x00,
  0x00, 0x00, 0x00, 0x00, 0x00, 0x00, 0x00, 0x00, 0x00, 0x00, 0x00, 0x00,
  0x00, 0x00, 0x00, 0x00, 0x00, 0x00, 0x00, 0x00, 0x00, 0x00, 0x00, 0x00,
  0x00, 0x00, 0x00, 0x00, 0x00, 0x00, 0x00, 0x00, 0x00, 0x00, 0x00, 0x00,
  0x00, 0x00, 0x00, 0x00, 0x00, 0x00, 0x00, 0x00, 0x00, 0x00, 0x00, 0x00,
  0x00, 0x00, 0x00, 0x00, 0x00, 0x00, 0x00, 0x00, 0x00, 0x00, 0x00, 0x00,
  0x00, 0x00, 0x00, 0x00, 0x00, 0x00, 0x00, 0x00, 0x00, 0x00, 0x00, 0x00,
  0x00, 0x00, 0x00, 0x00, 0x00, 0x00, 0x00, 0x00, 0x00, 0x00, 0x00, 0x00,
  0x00, 0x00, 0x00, 0x00, 0x00, 0x00, 0x00, 0x00, 0x00, 0x00, 0x00, 0x00,
  0x00, 0x00, 0x00, 0x00, 0x00, 0x00, 0x00, 0x00, 0x00, 0x00, 0x00, 0x00,
  0x00, 0x00, 0x00, 0x00, 0x00, 0x00, 0x00, 0x00, 0x00, 0x00, 0x00, 0x00,
  0x00, 0x00, 0x00, 0x00, 0x00, 0x00, 0x00, 0x00, 0x00, 0x00, 0x00, 0x00,
  0x00, 0x00, 0x00, 0x00, 0x00, 0x00, 0x00, 0x00, 0x00, 0x00, 0x00, 0x00,
  0x00, 0x00, 0x00, 0x00, 0x00, 0x00, 0x00, 0x00, 0x00, 0x00, 0x00, 0x00,
  0x00, 0x00, 0x00, 0x00, 0x00, 0x00, 0x00, 0x00, 0x00, 0x00, 0x00, 0x00,
  0x00, 0x00, 0x00, 0x00, 0x00, 0x00, 0x00, 0x00, 0x00, 0x00, 0x00, 0x00,
  0x00, 0x00, 0x00, 0x00, 0x00, 0x00, 0x00, 0x00, 0x00, 0x00, 0x00, 0x00,
  0x00, 0x00, 0x00, 0x00, 0x00, 0x00, 0x00, 0x00, 0x40, 0x00, 0x00, 0x00,
  0xdf, 0x5d, 0x01, 0x38, 0xa7, 0x58, 0xa5, 0x37, 0x37, 0x27, 0xba, 0x37,
  0x7f, 0x29, 0x9f, 0x37, 0x32, 0x98, 0xb7, 0x37, 0x99, 0x30, 0xf4, 0x37,
  0x8b, 0x9d, 0xaa, 0x37, 0xc3, 0x85, 0xf0, 0x37, 0x05, 0x2a, 0x96, 0x37,
  0x04, 0x73, 0xd8, 0x37, 0x88, 0x4f, 0xd4, 0x37, 0xe9, 0xf9, 0xad, 0x37,
  0x9b, 0x9f, 0xc2, 0x37, 0x95, 0x9c, 0xd6, 0x37, 0xee, 0x43, 0xdd, 0x37,
  0x70, 0x86, 0xb3, 0x37, 0xd3, 0xfa, 0xce, 0x37, 0xe0, 0x15, 0x09, 0x38,
  0x72, 0x60, 0xc6, 0x37, 0x32, 0x70, 0xdb, 0x37, 0x64, 0x67, 0xea, 0x37,
  0x55, 0x1f, 0xe9, 0x37, 0x90, 0x0a, 0x15, 0x38, 0x90, 0x4d, 0xd5, 0x37,
  0xb8, 0x5f, 0xeb, 0x37, 0xf3, 0x39, 0xd9, 0x37, 0x08, 0xf9, 0xe9, 0x37,
  0xa3, 0xee, 0xbf, 0x37, 0xb9, 0x0d, 0xf8, 0x37, 0x98, 0xf1, 0xbf, 0x37,
  0xd7, 0x41, 0xce, 0x37, 0x76, 0x24, 0xf2, 0x37, 0xf8, 0xcb, 0xd9, 0x37,
  0xa2, 0x3b, 0x02, 0x38, 0x9b, 0xf8, 0xd1, 0x37, 0x01, 0xa3, 0xd4, 0x37,
  0xd6, 0x6b, 0xf9, 0x37, 0x9d, 0xc5, 0xd7, 0x37, 0xdb, 0x53, 0xed, 0x37,
  0x95, 0x29, 0xd9, 0x37, 0x2f, 0x9f, 0xce, 0x37, 0x19, 0xb9, 0xec, 0x37,
  0xf8, 0x29, 0xf4, 0x37, 0xd7, 0x4a, 0xea, 0x37, 0x4b, 0x72, 0xe4, 0x37,
  0x0f, 0xf7, 0x06, 0x38, 0xe5, 0x91, 0xcd, 0x37, 0xfa, 0x75, 0xef, 0x37,
  0xdd, 0x3c, 0xf7, 0x37, 0xd8, 0x30, 0xff, 0x37, 0x24, 0x10, 0xb3, 0x37,
  0xc4, 0xa6, 0xee, 0x37, 0x31, 0x2e, 0x02, 0x38, 0x27, 0x63, 0xee, 0x37,
  0xab, 0xa6, 0xf0, 0x37, 0x08, 0x9f, 0x0e, 0x38, 0xf5, 0x9b, 0xcf, 0x37,
  0x2e, 0xa3, 0xf3, 0x37, 0x1b, 0x2e, 0xee, 0x37, 0x0e, 0xcb, 0xba, 0x37,
  0xd0, 0x99, 0x07, 0x38, 0x47, 0x4f, 0x07, 0x38, 0x97, 0xf1, 0xf3, 0x37,
  0x1a, 0xd1, 0xf9, 0x37, 0x10, 0x00, 0x00, 0x00, 0x61, 0x72, 0x69, 0x74,
  0x68, 0x2e, 0x63, 0x6f, 0x6e, 0x73, 0x74, 0x61, 0x6e, 0x74, 0x31, 0x32,
  0x00, 0x00, 0x00, 0x00, 0x01, 0x00, 0x00, 0x00, 0x40, 0x00, 0x00, 0x00,
  0xfa, 0xda, 0xff, 0xff, 0x00, 0x00, 0x00, 0x01, 0x14, 0x00, 0x00, 0x00,
  0x24, 0x03, 0x00, 0x00, 0x15, 0x00, 0x00, 0x00, 0x00, 0x00, 0x00, 0x02,
  0x30, 0x03, 0x00, 0x00, 0xe4, 0xda, 0xff, 0xff, 0x08, 0x00, 0x00, 0x00,
  0x08, 0x02, 0x00, 0x00, 0x40, 0x00, 0x00, 0x00, 0x00, 0x00, 0x00, 0x00,
  0x00, 0x00, 0x00, 0x00, 0x00, 0x00, 0x00, 0x00, 0x00, 0x00, 0x00, 0x00,
  0x00, 0x00, 0x00, 0x00, 0x00, 0x00, 0x00, 0x00, 0x00, 0x00, 0x00, 0x00,
  0x00, 0x00, 0x00, 0x00, 0x00, 0x00, 0x00, 0x00, 0x00, 0x00, 0x00, 0x00,
  0x00, 0x00, 0x00, 0x00, 0x00, 0x00, 0x00, 0x00, 0x00, 0x00, 0x00, 0x00,
  0x00, 0x00, 0x00, 0x00, 0x00, 0x00, 0x00, 0x00, 0x00, 0x00, 0x00, 0x00,
  0x00, 0x00, 0x00, 0x00, 0x00, 0x00, 0x00, 0x00, 0x00, 0x00, 0x00, 0x00,
  0x00, 0x00, 0x00, 0x00, 0x00, 0x00, 0x00, 0x00, 0x00, 0x00, 0x00, 0x00,
  0x00, 0x00, 0x00, 0x00, 0x00, 0x00, 0x00, 0x00, 0x00, 0x00, 0x00, 0x00,
  0x00, 0x00, 0x00, 0x00, 0x00, 0x00, 0x00, 0x00, 0x00, 0x00, 0x00, 0x00,
  0x00, 0x00, 0x00, 0x00, 0x00, 0x00, 0x00, 0x00, 0x00, 0x00, 0x00, 0x00,
  0x00, 0x00, 0x00, 0x00, 0x00, 0x00, 0x00, 0x00, 0x00, 0x00, 0x00, 0x00,
  0x00, 0x00, 0x00, 0x00, 0x00, 0x00, 0x00, 0x00, 0x00, 0x00, 0x00, 0x00,
  0x00, 0x00, 0x00, 0x00, 0x00, 0x00, 0x00, 0x00, 0x00, 0x00, 0x00, 0x00,
  0x00, 0x00, 0x00, 0x00, 0x00, 0x00, 0x00, 0x00, 0x00, 0x00, 0x00, 0x00,
  0x00, 0x00, 0x00, 0x00, 0x00, 0x00, 0x00, 0x00, 0x00, 0x00, 0x00, 0x00,
  0x00, 0x00, 0x00, 0x00, 0x00, 0x00, 0x00, 0x00, 0x00, 0x00, 0x00, 0x00,
  0x00, 0x00, 0x00, 0x00, 0x00, 0x00, 0x00, 0x00, 0x00, 0x00, 0x00, 0x00,
  0x00, 0x00, 0x00, 0x00, 0x00, 0x00, 0x00, 0x00, 0x00, 0x00, 0x00, 0x00,
  0x00, 0x00, 0x00, 0x00, 0x00, 0x00, 0x00, 0x00, 0x00, 0x00, 0x00, 0x00,
  0x00, 0x00, 0x00, 0x00, 0x00, 0x00, 0x00, 0x00, 0x00, 0x00, 0x00, 0x00,
  0x00, 0x00, 0x00, 0x00, 0x00, 0x00, 0x00, 0x00, 0x00, 0x00, 0x00, 0x00,
  0x00, 0x00, 0x00, 0x00, 0x00, 0x00, 0x00, 0x00, 0x00, 0x00, 0x00, 0x00,
  0x00, 0x00, 0x00, 0x00, 0x00, 0x00, 0x00, 0x00, 0x00, 0x00, 0x00, 0x00,
  0x00, 0x00, 0x00, 0x00, 0x00, 0x00, 0x00, 0x00, 0x00, 0x00, 0x00, 0x00,
  0x00, 0x00, 0x00, 0x00, 0x00, 0x00, 0x00, 0x00, 0x00, 0x00, 0x00, 0x00,
  0x00, 0x00, 0x00, 0x00, 0x00, 0x00, 0x00, 0x00, 0x00, 0x00, 0x00, 0x00,
  0x00, 0x00, 0x00, 0x00, 0x00, 0x00, 0x00, 0x00, 0x00, 0x00, 0x00, 0x00,
  0x00, 0x00, 0x00, 0x00, 0x00, 0x00, 0x00, 0x00, 0x00, 0x00, 0x00, 0x00,
  0x00, 0x00, 0x00, 0x00, 0x00, 0x00, 0x00, 0x00, 0x00, 0x00, 0x00, 0x00,
  0x00, 0x00, 0x00, 0x00, 0x00, 0x00, 0x00, 0x00, 0x00, 0x00, 0x00, 0x00,
  0x00, 0x00, 0x00, 0x00, 0x00, 0x00, 0x00, 0x00, 0x00, 0x00, 0x00, 0x00,
  0x00, 0x00, 0x00, 0x00, 0x00, 0x00, 0x00, 0x00, 0x00, 0x00, 0x00, 0x00,
  0x00, 0x00, 0x00, 0x00, 0x00, 0x00, 0x00, 0x00, 0x00, 0x00, 0x00, 0x00,
  0x00, 0x00, 0x00, 0x00, 0x00, 0x00, 0x00, 0x00, 0x00, 0x00, 0x00, 0x00,
  0x00, 0x00, 0x00, 0x00, 0x00, 0x00, 0x00, 0x00, 0x00, 0x00, 0x00, 0x00,
  0x00, 0x00, 0x00, 0x00, 0x00, 0x00, 0x00, 0x00, 0x00, 0x00, 0x00, 0x00,
  0x00, 0x00, 0x00, 0x00, 0x00, 0x00, 0x00, 0x00, 0x00, 0x00, 0x00, 0x00,
  0x00, 0x00, 0x00, 0x00, 0x00, 0x00, 0x00, 0x00, 0x00, 0x00, 0x00, 0x00,
  0x00, 0x00, 0x00, 0x00, 0x00, 0x00, 0x00, 0x00, 0x00, 0x00, 0x00, 0x00,
  0x00, 0x00, 0x00, 0x00, 0x00, 0x00, 0x00, 0x00, 0x00, 0x00, 0x00, 0x00,
  0x00, 0x00, 0x00, 0x00, 0x00, 0x00, 0x00, 0x00, 0x00, 0x00, 0x00, 0x00,
  0x00, 0x00, 0x00, 0x00, 0x00, 0x00, 0x00, 0x00, 0x00, 0x00, 0x00, 0x00,
  0x00, 0x00, 0x00, 0x00, 0x40, 0x00, 0x00, 0x00, 0xdf, 0x5d, 0x01, 0x38,
  0xa7, 0x58, 0xa5, 0x37, 0x37, 0x27, 0xba, 0x37, 0x7f, 0x29, 0x9f, 0x37,
  0x32, 0x98, 0xb7, 0x37, 0x99, 0x30, 0xf4, 0x37, 0x8b, 0x9d, 0xaa, 0x37,
  0xc3, 0x85, 0xf0, 0x37, 0x05, 0x2a, 0x96, 0x37, 0x04, 0x73, 0xd8, 0x37,
  0x88, 0x4f, 0xd4, 0x37, 0xe9, 0xf9, 0xad, 0x37, 0x9b, 0x9f, 0xc2, 0x37,
  0x95, 0x9c, 0xd6, 0x37, 0xee, 0x43, 0xdd, 0x37, 0x70, 0x86, 0xb3, 0x37,
  0xd3, 0xfa, 0xce, 0x37, 0xe0, 0x15, 0x09, 0x38, 0x72, 0x60, 0xc6, 0x37,
  0x32, 0x70, 0xdb, 0x37, 0x64, 0x67, 0xea, 0x37, 0x55, 0x1f, 0xe9, 0x37,
  0x90, 0x0a, 0x15, 0x38, 0x90, 0x4d, 0xd5, 0x37, 0xb8, 0x5f, 0xeb, 0x37,
  0xf3, 0x39, 0xd9, 0x37, 0x08, 0xf9, 0xe9, 0x37, 0xa3, 0xee, 0xbf, 0x37,
  0xb9, 0x0d, 0xf8, 0x37, 0x98, 0xf1, 0xbf, 0x37, 0xd7, 0x41, 0xce, 0x37,
  0x76, 0x24, 0xf2, 0x37, 0xf8, 0xcb, 0xd9, 0x37, 0xa2, 0x3b, 0x02, 0x38,
  0x9b, 0xf8, 0xd1, 0x37, 0x01, 0xa3, 0xd4, 0x37, 0xd6, 0x6b, 0xf9, 0x37,
  0x9d, 0xc5, 0xd7, 0x37, 0xdb, 0x53, 0xed, 0x37, 0x95, 0x29, 0xd9, 0x37,
  0x2f, 0x9f, 0xce, 0x37, 0x19, 0xb9, 0xec, 0x37, 0xf8, 0x29, 0xf4, 0x37,
  0xd7, 0x4a, 0xea, 0x37, 0x4b, 0x72, 0xe4, 0x37, 0x0f, 0xf7, 0x06, 0x38,
  0xe5, 0x91, 0xcd, 0x37, 0xfa, 0x75, 0xef, 0x37, 0xdd, 0x3c, 0xf7, 0x37,
  0xd8, 0x30, 0xff, 0x37, 0x24, 0x10, 0xb3, 0x37, 0xc4, 0xa6, 0xee, 0x37,
  0x31, 0x2e, 0x02, 0x38, 0x27, 0x63, 0xee, 0x37, 0xab, 0xa6, 0xf0, 0x37,
  0x08, 0x9f, 0x0e, 0x38, 0xf5, 0x9b, 0xcf, 0x37, 0x2e, 0xa3, 0xf3, 0x37,
  0x1b, 0x2e, 0xee, 0x37, 0x0e, 0xcb, 0xba, 0x37, 0xd0, 0x99, 0x07, 0x38,
  0x47, 0x4f, 0x07, 0x38, 0x97, 0xf1, 0xf3, 0x37, 0x1a, 0xd1, 0xf9, 0x37,
  0x10, 0x00, 0x00, 0x00, 0x61, 0x72, 0x69, 0x74, 0x68, 0x2e, 0x63, 0x6f,
  0x6e, 0x73, 0x74, 0x61, 0x6e, 0x74, 0x31, 0x31, 0x00, 0x00, 0x00, 0x00,
  0x01, 0x00, 0x00, 0x00, 0x40, 0x00, 0x00, 0x00, 0x4a, 0xde, 0xff, 0xff,
  0x00, 0x00, 0x00, 0x01, 0x14, 0x00, 0x00, 0x00, 0x24, 0x03, 0x00, 0x00,
  0x15, 0x00, 0x00, 0x00, 0x00, 0x00, 0x00, 0x02, 0x30, 0x03, 0x00, 0x00,
  0x34, 0xde, 0xff, 0xff, 0x08, 0x00, 0x00, 0x00, 0x08, 0x02, 0x00, 0x00,
  0x40, 0x00, 0x00, 0x00, 0x00, 0x00, 0x00, 0x00, 0x00, 0x00, 0x00, 0x00,
  0x00, 0x00, 0x00, 0x00, 0x00, 0x00, 0x00, 0x00, 0x00, 0x00, 0x00, 0x00,
  0x00, 0x00, 0x00, 0x00, 0x00, 0x00, 0x00, 0x00, 0x00, 0x00, 0x00, 0x00,
  0x00, 0x00, 0x00, 0x00, 0x00, 0x00, 0x00, 0x00, 0x00, 0x00, 0x00, 0x00,
  0x00, 0x00, 0x00, 0x00, 0x00, 0x00, 0x00, 0x00, 0x00, 0x00, 0x00, 0x00,
  0x00, 0x00, 0x00, 0x00, 0x00, 0x00, 0x00, 0x00, 0x00, 0x00, 0x00, 0x00,
  0x00, 0x00, 0x00, 0x00, 0x00, 0x00, 0x00, 0x00, 0x00, 0x00, 0x00, 0x00,
  0x00, 0x00, 0x00, 0x00, 0x00, 0x00, 0x00, 0x00, 0x00, 0x00, 0x00, 0x00,
  0x00, 0x00, 0x00, 0x00, 0x00, 0x00, 0x00, 0x00, 0x00, 0x00, 0x00, 0x00,
  0x00, 0x00, 0x00, 0x00, 0x00, 0x00, 0x00, 0x00, 0x00, 0x00, 0x00, 0x00,
  0x00, 0x00, 0x00, 0x00, 0x00, 0x00, 0x00, 0x00, 0x00, 0x00, 0x00, 0x00,
  0x00, 0x00, 0x00, 0x00, 0x00, 0x00, 0x00, 0x00, 0x00, 0x00, 0x00, 0x00,
  0x00, 0x00, 0x00, 0x00, 0x00, 0x00, 0x00, 0x00, 0x00, 0x00, 0x00, 0x00,
  0x00, 0x00, 0x00, 0x00, 0x00, 0x00, 0x00, 0x00, 0x00, 0x00, 0x00, 0x00,
  0x00, 0x00, 0x00, 0x00, 0x00, 0x00, 0x00, 0x00, 0x00, 0x00, 0x00, 0x00,
  0x00, 0x00, 0x00, 0x00, 0x00, 0x00, 0x00, 0x00, 0x00, 0x00, 0x00, 0x00,
  0x00, 0x00, 0x00, 0x00, 0x00, 0x00, 0x00, 0x00, 0x00, 0x00, 0x00, 0x00,
  0x00, 0x00, 0x00, 0x00, 0x00, 0x00, 0x00, 0x00, 0x00, 0x00, 0x00, 0x00,
  0x00, 0x00, 0x00, 0x00, 0x00, 0x00, 0x00, 0x00, 0x00, 0x00, 0x00, 0x00,
  0x00, 0x00, 0x00, 0x00, 0x00, 0x00, 0x00, 0x00, 0x00, 0x00, 0x00, 0x00,
  0x00, 0x00, 0x00, 0x00, 0x00, 0x00, 0x00, 0x00, 0x00, 0x00, 0x00, 0x00,
  0x00, 0x00, 0x00, 0x00, 0x00, 0x00, 0x00, 0x00, 0x00, 0x00, 0x00, 0x00,
  0x00, 0x00, 0x00, 0x00, 0x00, 0x00, 0x00, 0x00, 0x00, 0x00, 0x00, 0x00,
  0x00, 0x00, 0x00, 0x00, 0x00, 0x00, 0x00, 0x00, 0x00, 0x00, 0x00, 0x00,
  0x00, 0x00, 0x00, 0x00, 0x00, 0x00, 0x00, 0x00, 0x00, 0x00, 0x00, 0x00,
  0x00, 0x00, 0x00, 0x00, 0x00, 0x00, 0x00, 0x00, 0x00, 0x00, 0x00, 0x00,
  0x00, 0x00, 0x00, 0x00, 0x00, 0x00, 0x00, 0x00, 0x00, 0x00, 0x00, 0x00,
  0x00, 0x00, 0x00, 0x00, 0x00, 0x00, 0x00, 0x00, 0x00, 0x00, 0x00, 0x00,
  0x00, 0x00, 0x00, 0x00, 0x00, 0x00, 0x00, 0x00, 0x00, 0x00, 0x00, 0x00,
  0x00, 0x00, 0x00, 0x00, 0x00, 0x00, 0x00, 0x00, 0x00, 0x00, 0x00, 0x00,
  0x00, 0x00, 0x00, 0x00, 0x00, 0x00, 0x00, 0x00, 0x00, 0x00, 0x00, 0x00,
  0x00, 0x00, 0x00, 0x00, 0x00, 0x00, 0x00, 0x00, 0x00, 0x00, 0x00, 0x00,
  0x00, 0x00, 0x00, 0x00, 0x00, 0x00, 0x00, 0x00, 0x00, 0x00, 0x00, 0x00,
  0x00, 0x00, 0x00, 0x00, 0x00, 0x00, 0x00, 0x00, 0x00, 0x00, 0x00, 0x00,
  0x00, 0x00, 0x00, 0x00, 0x00, 0x00, 0x00, 0x00, 0x00, 0x00, 0x00, 0x00,
  0x00, 0x00, 0x00, 0x00, 0x00, 0x00, 0x00, 0x00, 0x00, 0x00, 0x00, 0x00,
  0x00, 0x00, 0x00, 0x00, 0x00, 0x00, 0x00, 0x00, 0x00, 0x00, 0x00, 0x00,
  0x00, 0x00, 0x00, 0x00, 0x00, 0x00, 0x00, 0x00, 0x00, 0x00, 0x00, 0x00,
  0x00, 0x00, 0x00, 0x00, 0x00, 0x00, 0x00, 0x00, 0x00, 0x00, 0x00, 0x00,
  0x00, 0x00, 0x00, 0x00, 0x00, 0x00, 0x00, 0x00, 0x00, 0x00, 0x00, 0x00,
  0x00, 0x00, 0x00, 0x00, 0x00, 0x00, 0x00, 0x00, 0x00, 0x00, 0x00, 0x00,
  0x00, 0x00, 0x00, 0x00, 0x00, 0x00, 0x00, 0x00, 0x00, 0x00, 0x00, 0x00,
  0x00, 0x00, 0x00, 0x00, 0x00, 0x00, 0x00, 0x00, 0x00, 0x00, 0x00, 0x00,
  0x40, 0x00, 0x00, 0x00, 0xdf, 0x5d, 0x01, 0x38, 0xa7, 0x58, 0xa5, 0x37,
  0x37, 0x27, 0xba, 0x37, 0x7f, 0x29, 0x9f, 0x37, 0x32, 0x98, 0xb7, 0x37,
  0x99, 0x30, 0xf4, 0x37, 0x8b, 0x9d, 0xaa, 0x37, 0xc3, 0x85, 0xf0, 0x37,
  0x05, 0x2a, 0x96, 0x37, 0x04, 0x73, 0xd8, 0x37, 0x88, 0x4f, 0xd4, 0x37,
  0xe9, 0xf9, 0xad, 0x37, 0x9b, 0x9f, 0xc2, 0x37, 0x95, 0x9c, 0xd6, 0x37,
  0xee, 0x43, 0xdd, 0x37, 0x70, 0x86, 0xb3, 0x37, 0xd3, 0xfa, 0xce, 0x37,
  0xe0, 0x15, 0x09, 0x38, 0x72, 0x60, 0xc6, 0x37, 0x32, 0x70, 0xdb, 0x37,
  0x64, 0x67, 0xea, 0x37, 0x55, 0x1f, 0xe9, 0x37, 0x90, 0x0a, 0x15, 0x38,
  0x90, 0x4d, 0xd5, 0x37, 0xb8, 0x5f, 0xeb, 0x37, 0xf3, 0x39, 0xd9, 0x37,
  0x08, 0xf9, 0xe9, 0x37, 0xa3, 0xee, 0xbf, 0x37, 0xb9, 0x0d, 0xf8, 0x37,
  0x98, 0xf1, 0xbf, 0x37, 0xd7, 0x41, 0xce, 0x37, 0x76, 0x24, 0xf2, 0x37,
  0xf8, 0xcb, 0xd9, 0x37, 0xa2, 0x3b, 0x02, 0x38, 0x9b, 0xf8, 0xd1, 0x37,
  0x01, 0xa3, 0xd4, 0x37, 0xd6, 0x6b, 0xf9, 0x37, 0x9d, 0xc5, 0xd7, 0x37,
  0xdb, 0x53, 0xed, 0x37, 0x95, 0x29, 0xd9, 0x37, 0x2f, 0x9f, 0xce, 0x37,
  0x19, 0xb9, 0xec, 0x37, 0xf8, 0x29, 0xf4, 0x37, 0xd7, 0x4a, 0xea, 0x37,
  0x4b, 0x72, 0xe4, 0x37, 0x0f, 0xf7, 0x06, 0x38, 0xe5, 0x91, 0xcd, 0x37,
  0xfa, 0x75, 0xef, 0x37, 0xdd, 0x3c, 0xf7, 0x37, 0xd8, 0x30, 0xff, 0x37,
  0x24, 0x10, 0xb3, 0x37, 0xc4, 0xa6, 0xee, 0x37, 0x31, 0x2e, 0x02, 0x38,
  0x27, 0x63, 0xee, 0x37, 0xab, 0xa6, 0xf0, 0x37, 0x08, 0x9f, 0x0e, 0x38,
  0xf5, 0x9b, 0xcf, 0x37, 0x2e, 0xa3, 0xf3, 0x37, 0x1b, 0x2e, 0xee, 0x37,
  0x0e, 0xcb, 0xba, 0x37, 0xd0, 0x99, 0x07, 0x38, 0x47, 0x4f, 0x07, 0x38,
  0x97, 0xf1, 0xf3, 0x37, 0x1a, 0xd1, 0xf9, 0x37, 0x10, 0x00, 0x00, 0x00,
  0x61, 0x72, 0x69, 0x74, 0x68, 0x2e, 0x63, 0x6f, 0x6e, 0x73, 0x74, 0x61,
  0x6e, 0x74, 0x31, 0x30, 0x00, 0x00, 0x00, 0x00, 0x01, 0x00, 0x00, 0x00,
  0x40, 0x00, 0x00, 0x00, 0x9a, 0xe1, 0xff, 0xff, 0x00, 0x00, 0x00, 0x01,
  0x14, 0x00, 0x00, 0x00, 0x28, 0x03, 0x00, 0x00, 0x15, 0x00, 0x00, 0x00,
  0x00, 0x00, 0x00, 0x02, 0x30, 0x03, 0x00, 0x00, 0x84, 0xe1, 0xff, 0xff,
  0x08, 0x00, 0x00, 0x00, 0x0c, 0x02, 0x00, 0x00, 0x40, 0x00, 0x00, 0x00,
  0x00, 0x00, 0x00, 0x00, 0x00, 0x00, 0x00, 0x00, 0x00, 0x00, 0x00, 0x00,
  0x00, 0x00, 0x00, 0x00, 0x00, 0x00, 0x00, 0x00, 0x00, 0x00, 0x00, 0x00,
  0x00, 0x00, 0x00, 0x00, 0x00, 0x00, 0x00, 0x00, 0x00, 0x00, 0x00, 0x00,
  0x00, 0x00, 0x00, 0x00, 0x00, 0x00, 0x00, 0x00, 0x00, 0x00, 0x00, 0x00,
  0x00, 0x00, 0x00, 0x00, 0x00, 0x00, 0x00, 0x00, 0x00, 0x00, 0x00, 0x00,
  0x00, 0x00, 0x00, 0x00, 0x00, 0x00, 0x00, 0x00, 0x00, 0x00, 0x00, 0x00,
  0x00, 0x00, 0x00, 0x00, 0x00, 0x00, 0x00, 0x00, 0x00, 0x00, 0x00, 0x00,
  0x00, 0x00, 0x00, 0x00, 0x00, 0x00, 0x00, 0x00, 0x00, 0x00, 0x00, 0x00,
  0x00, 0x00, 0x00, 0x00, 0x00, 0x00, 0x00, 0x00, 0x00, 0x00, 0x00, 0x00,
  0x00, 0x00, 0x00, 0x00, 0x00, 0x00, 0x00, 0x00, 0x00, 0x00, 0x00, 0x00,
  0x00, 0x00, 0x00, 0x00, 0x00, 0x00, 0x00, 0x00, 0x00, 0x00, 0x00, 0x00,
  0x00, 0x00, 0x00, 0x00, 0x00, 0x00, 0x00, 0x00, 0x00, 0x00, 0x00, 0x00,
  0x00, 0x00, 0x00, 0x00, 0x00, 0x00, 0x00, 0x00, 0x00, 0x00, 0x00, 0x00,
  0x00, 0x00, 0x00, 0x00, 0x00, 0x00, 0x00, 0x00, 0x00, 0x00, 0x00, 0x00,
  0x00, 0x00, 0x00, 0x00, 0x00, 0x00, 0x00, 0x00, 0x00, 0x00, 0x00, 0x00,
  0x00, 0x00, 0x00, 0x00, 0x00, 0x00, 0x00, 0x00, 0x00, 0x00, 0x00, 0x00,
  0x00, 0x00, 0x00, 0x00, 0x00, 0x00, 0x00, 0x00, 0x00, 0x00, 0x00, 0x00,
  0x00, 0x00, 0x00, 0x00, 0x00, 0x00, 0x00, 0x00, 0x00, 0x00, 0x00, 0x00,
  0x00, 0x00, 0x00, 0x00, 0x00, 0x00, 0x00, 0x00, 0x00, 0x00, 0x00, 0x00,
  0x00, 0x00, 0x00, 0x00, 0x00, 0x00, 0x00, 0x00, 0x00, 0x00, 0x00, 0x00,
  0x00, 0x00, 0x00, 0x00, 0x00, 0x00, 0x00, 0x00, 0x00, 0x00, 0x00, 0x00,
  0x00, 0x00, 0x00, 0x00, 0x00, 0x00, 0x00, 0x00, 0x00, 0x00, 0x00, 0x00,
  0x00, 0x00, 0x00, 0x00, 0x00, 0x00, 0x00, 0x00, 0x00, 0x00, 0x00, 0x00,
  0x00, 0x00, 0x00, 0x00, 0x00, 0x00, 0x00, 0x00, 0x00, 0x00, 0x00, 0x00,
  0x00, 0x00, 0x00, 0x00, 0x00, 0x00, 0x00, 0x00, 0x00, 0x00, 0x00, 0x00,
  0x00, 0x00, 0x00, 0x00, 0x00, 0x00, 0x00, 0x00, 0x00, 0x00, 0x00, 0x00,
  0x00, 0x00, 0x00, 0x00, 0x00, 0x00, 0x00, 0x00, 0x00, 0x00, 0x00, 0x00,
  0x00, 0x00, 0x00, 0x00, 0x00, 0x00, 0x00, 0x00, 0x00, 0x00, 0x00, 0x00,
  0x00, 0x00, 0x00, 0x00, 0x00, 0x00, 0x00, 0x00, 0x00, 0x00, 0x00, 0x00,
  0x00, 0x00, 0x00, 0x00, 0x00, 0x00, 0x00, 0x00, 0x00, 0x00, 0x00, 0x00,
  0x00, 0x00, 0x00, 0x00, 0x00, 0x00, 0x00, 0x00, 0x00, 0x00, 0x00, 0x00,
  0x00, 0x00, 0x00, 0x00, 0x00, 0x00, 0x00, 0x00, 0x00, 0x00, 0x00, 0x00,
  0x00, 0x00, 0x00, 0x00, 0x00, 0x00, 0x00, 0x00, 0x00, 0x00, 0x00, 0x00,
  0x00, 0x00, 0x00, 0x00, 0x00, 0x00, 0x00, 0x00, 0x00, 0x00, 0x00, 0x00,
  0x00, 0x00, 0x00, 0x00, 0x00, 0x00, 0x00, 0x00, 0x00, 0x00, 0x00, 0x00,
  0x00, 0x00, 0x00, 0x00, 0x00, 0x00, 0x00, 0x00, 0x00, 0x00, 0x00, 0x00,
  0x00, 0x00, 0x00, 0x00, 0x00, 0x00, 0x00, 0x00, 0x00, 0x00, 0x00, 0x00,
  0x00, 0x00, 0x00, 0x00, 0x00, 0x00, 0x00, 0x00, 0x00, 0x00, 0x00, 0x00,
  0x00, 0x00, 0x00, 0x00, 0x00, 0x00, 0x00, 0x00, 0x00, 0x00, 0x00, 0x00,
  0x00, 0x00, 0x00, 0x00, 0x00, 0x00, 0x00, 0x00, 0x00, 0x00, 0x00, 0x00,
  0x00, 0x00, 0x00, 0x00, 0x00, 0x00, 0x00, 0x00, 0x00, 0x00, 0x00, 0x00,
  0x00, 0x00, 0x00, 0x00, 0x00, 0x00, 0x00, 0x00, 0x00, 0x00, 0x00, 0x00,
  0x00, 0x00, 0x00, 0x00, 0x00, 0x00, 0x00, 0x00, 0x00, 0x00, 0x00, 0x00,
  0x40, 0x00, 0x00, 0x00, 0xdf, 0x5d, 0x01, 0x38, 0xa7, 0x58, 0xa5, 0x37,
  0x37, 0x27, 0xba, 0x37, 0x7f, 0x29, 0x9f, 0x37, 0x32, 0x98, 0xb7, 0x37,
  0x99, 0x30, 0xf4, 0x37, 0x8b, 0x9d, 0xaa, 0x37, 0xc3, 0x85, 0xf0, 0x37,
  0x05, 0x2a, 0x96, 0x37, 0x04, 0x73, 0xd8, 0x37, 0x88, 0x4f, 0xd4, 0x37,
  0xe9, 0xf9, 0xad, 0x37, 0x9b, 0x9f, 0xc2, 0x37, 0x95, 0x9c, 0xd6, 0x37,
  0xee, 0x43, 0xdd, 0x37, 0x70, 0x86, 0xb3, 0x37, 0xd3, 0xfa, 0xce, 0x37,
  0xe0, 0x15, 0x09, 0x38, 0x72, 0x60, 0xc6, 0x37, 0x32, 0x70, 0xdb, 0x37,
  0x64, 0x67, 0xea, 0x37, 0x55, 0x1f, 0xe9, 0x37, 0x90, 0x0a, 0x15, 0x38,
  0x90, 0x4d, 0xd5, 0x37, 0xb8, 0x5f, 0xeb, 0x37, 0xf3, 0x39, 0xd9, 0x37,
  0x08, 0xf9, 0xe9, 0x37, 0xa3, 0xee, 0xbf, 0x37, 0xb9, 0x0d, 0xf8, 0x37,
  0x98, 0xf1, 0xbf, 0x37, 0xd7, 0x41, 0xce, 0x37, 0x76, 0x24, 0xf2, 0x37,
  0xf8, 0xcb, 0xd9, 0x37, 0xa2, 0x3b, 0x02, 0x38, 0x9b, 0xf8, 0xd1, 0x37,
  0x01, 0xa3, 0xd4, 0x37, 0xd6, 0x6b, 0xf9, 0x37, 0x9d, 0xc5, 0xd7, 0x37,
  0xdb, 0x53, 0xed, 0x37, 0x95, 0x29, 0xd9, 0x37, 0x2f, 0x9f, 0xce, 0x37,
  0x19, 0xb9, 0xec, 0x37, 0xf8, 0x29, 0xf4, 0x37, 0xd7, 0x4a, 0xea, 0x37,
  0x4b, 0x72, 0xe4, 0x37, 0x0f, 0xf7, 0x06, 0x38, 0xe5, 0x91, 0xcd, 0x37,
  0xfa, 0x75, 0xef, 0x37, 0xdd, 0x3c, 0xf7, 0x37, 0xd8, 0x30, 0xff, 0x37,
  0x24, 0x10, 0xb3, 0x37, 0xc4, 0xa6, 0xee, 0x37, 0x31, 0x2e, 0x02, 0x38,
  0x27, 0x63, 0xee, 0x37, 0xab, 0xa6, 0xf0, 0x37, 0x08, 0x9f, 0x0e, 0x38,
  0xf5, 0x9b, 0xcf, 0x37, 0x2e, 0xa3, 0xf3, 0x37, 0x1b, 0x2e, 0xee, 0x37,
  0x0e, 0xcb, 0xba, 0x37, 0xd0, 0x99, 0x07, 0x38, 0x47, 0x4f, 0x07, 0x38,
  0x97, 0xf1, 0xf3, 0x37, 0x1a, 0xd1, 0xf9, 0x37, 0x0f, 0x00, 0x00, 0x00,
  0x61, 0x72, 0x69, 0x74, 0x68, 0x2e, 0x63, 0x6f, 0x6e, 0x73, 0x74, 0x61,
  0x6e, 0x74, 0x39, 0x00, 0x01, 0x00, 0x00, 0x00, 0x40, 0x00, 0x00, 0x00,
  0xea, 0xe4, 0xff, 0xff, 0x00, 0x00, 0x00, 0x01, 0x14, 0x00, 0x00, 0x00,
  0x28, 0x03, 0x00, 0x00, 0x15, 0x00, 0x00, 0x00, 0x00, 0x00, 0x00, 0x02,
  0x30, 0x03, 0x00, 0x00, 0xd4, 0xe4, 0xff, 0xff, 0x08, 0x00, 0x00, 0x00,
  0x0c, 0x02, 0x00, 0x00, 0x40, 0x00, 0x00, 0x00, 0x00, 0x00, 0x00, 0x00,
  0x00, 0x00, 0x00, 0x00, 0x00, 0x00, 0x00, 0x00, 0x00, 0x00, 0x00, 0x00,
  0x00, 0x00, 0x00, 0x00, 0x00, 0x00, 0x00, 0x00, 0x00, 0x00, 0x00, 0x00,
  0x00, 0x00, 0x00, 0x00, 0x00, 0x00, 0x00, 0x00, 0x00, 0x00, 0x00, 0x00,
  0x00, 0x00, 0x00, 0x00, 0x00, 0x00, 0x00, 0x00, 0x00, 0x00, 0x00, 0x00,
  0x00, 0x00, 0x00, 0x00, 0x00, 0x00, 0x00, 0x00, 0x00, 0x00, 0x00, 0x00,
  0x00, 0x00, 0x00, 0x00, 0x00, 0x00, 0x00, 0x00, 0x00, 0x00, 0x00, 0x00,
  0x00, 0x00, 0x00, 0x00, 0x00, 0x00, 0x00, 0x00, 0x00, 0x00, 0x00, 0x00,
  0x00, 0x00, 0x00, 0x00, 0x00, 0x00, 0x00, 0x00, 0x00, 0x00, 0x00, 0x00,
  0x00, 0x00, 0x00, 0x00, 0x00, 0x00, 0x00, 0x00, 0x00, 0x00, 0x00, 0x00,
  0x00, 0x00, 0x00, 0x00, 0x00, 0x00, 0x00, 0x00, 0x00, 0x00, 0x00, 0x00,
  0x00, 0x00, 0x00, 0x00, 0x00, 0x00, 0x00, 0x00, 0x00, 0x00, 0x00, 0x00,
  0x00, 0x00, 0x00, 0x00, 0x00, 0x00, 0x00, 0x00, 0x00, 0x00, 0x00, 0x00,
  0x00, 0x00, 0x00, 0x00, 0x00, 0x00, 0x00, 0x00, 0x00, 0x00, 0x00, 0x00,
  0x00, 0x00, 0x00, 0x00, 0x00, 0x00, 0x00, 0x00, 0x00, 0x00, 0x00, 0x00,
  0x00, 0x00, 0x00, 0x00, 0x00, 0x00, 0x00, 0x00, 0x00, 0x00, 0x00, 0x00,
  0x00, 0x00, 0x00, 0x00, 0x00, 0x00, 0x00, 0x00, 0x00, 0x00, 0x00, 0x00,
  0x00, 0x00, 0x00, 0x00, 0x00, 0x00, 0x00, 0x00, 0x00, 0x00, 0x00, 0x00,
  0x00, 0x00, 0x00, 0x00, 0x00, 0x00, 0x00, 0x00, 0x00, 0x00, 0x00, 0x00,
  0x00, 0x00, 0x00, 0x00, 0x00, 0x00, 0x00, 0x00, 0x00, 0x00, 0x00, 0x00,
  0x00, 0x00, 0x00, 0x00, 0x00, 0x00, 0x00, 0x00, 0x00, 0x00, 0x00, 0x00,
  0x00, 0x00, 0x00, 0x00, 0x00, 0x00, 0x00, 0x00, 0x00, 0x00, 0x00, 0x00,
  0x00, 0x00, 0x00, 0x00, 0x00, 0x00, 0x00, 0x00, 0x00, 0x00, 0x00, 0x00,
  0x00, 0x00, 0x00, 0x00, 0x00, 0x00, 0x00, 0x00, 0x00, 0x00, 0x00, 0x00,
  0x00, 0x00, 0x00, 0x00, 0x00, 0x00, 0x00, 0x00, 0x00, 0x00, 0x00, 0x00,
  0x00, 0x00, 0x00, 0x00, 0x00, 0x00, 0x00, 0x00, 0x00, 0x00, 0x00, 0x00,
  0x00, 0x00, 0x00, 0x00, 0x00, 0x00, 0x00, 0x00, 0x00, 0x00, 0x00, 0x00,
  0x00, 0x00, 0x00, 0x00, 0x00, 0x00, 0x00, 0x00, 0x00, 0x00, 0x00, 0x00,
  0x00, 0x00, 0x00, 0x00, 0x00, 0x00, 0x00, 0x00, 0x00, 0x00, 0x00, 0x00,
  0x00, 0x00, 0x00, 0x00, 0x00, 0x00, 0x00, 0x00, 0x00, 0x00, 0x00, 0x00,
  0x00, 0x00, 0x00, 0x00, 0x00, 0x00, 0x00, 0x00, 0x00, 0x00, 0x00, 0x00,
  0x00, 0x00, 0x00, 0x00, 0x00, 0x00, 0x00, 0x00, 0x00, 0x00, 0x00, 0x00,
  0x00, 0x00, 0x00, 0x00, 0x00, 0x00, 0x00, 0x00, 0x00, 0x00, 0x00, 0x00,
  0x00, 0x00, 0x00, 0x00, 0x00, 0x00, 0x00, 0x00, 0x00, 0x00, 0x00, 0x00,
  0x00, 0x00, 0x00, 0x00, 0x00, 0x00, 0x00, 0x00, 0x00, 0x00, 0x00, 0x00,
  0x00, 0x00, 0x00, 0x00, 0x00, 0x00, 0x00, 0x00, 0x00, 0x00, 0x00, 0x00,
  0x00, 0x00, 0x00, 0x00, 0x00, 0x00, 0x00, 0x00, 0x00, 0x00, 0x00, 0x00,
  0x00, 0x00, 0x00, 0x00, 0x00, 0x00, 0x00, 0x00, 0x00, 0x00, 0x00, 0x00,
  0x00, 0x00, 0x00, 0x00, 0x00, 0x00, 0x00, 0x00, 0x00, 0x00, 0x00, 0x00,
  0x00, 0x00, 0x00, 0x00, 0x00, 0x00, 0x00, 0x00, 0x00, 0x00, 0x00, 0x00,
  0x00, 0x00, 0x00, 0x00, 0x00, 0x00, 0x00, 0x00, 0x00, 0x00, 0x00, 0x00,
  0x00, 0x00, 0x00, 0x00, 0x00, 0x00, 0x00, 0x00, 0x00, 0x00, 0x00, 0x00,
  0x00, 0x00, 0x00, 0x00, 0x00, 0x00, 0x00, 0x00, 0x00, 0x00, 0x00, 0x00,
  0x00, 0x00, 0x00, 0x00, 0x00, 0x00, 0x00, 0x00, 0x40, 0x00, 0x00, 0x00,
  0xdf, 0x5d, 0x01, 0x38, 0xa7, 0x58, 0xa5, 0x37, 0x37, 0x27, 0xba, 0x37,
  0x7f, 0x29, 0x9f, 0x37, 0x32, 0x98, 0xb7, 0x37, 0x99, 0x30, 0xf4, 0x37,
  0x8b, 0x9d, 0xaa, 0x37, 0xc3, 0x85, 0xf0, 0x37, 0x05, 0x2a, 0x96, 0x37,
  0x04, 0x73, 0xd8, 0x37, 0x88, 0x4f, 0xd4, 0x37, 0xe9, 0xf9, 0xad, 0x37,
  0x9b, 0x9f, 0xc2, 0x37, 0x95, 0x9c, 0xd6, 0x37, 0xee, 0x43, 0xdd, 0x37,
  0x70, 0x86, 0xb3, 0x37, 0xd3, 0xfa, 0xce, 0x37, 0xe0, 0x15, 0x09, 0x38,
  0x72, 0x60, 0xc6, 0x37, 0x32, 0x70, 0xdb, 0x37, 0x64, 0x67, 0xea, 0x37,
  0x55, 0x1f, 0xe9, 0x37, 0x90, 0x0a, 0x15, 0x38, 0x90, 0x4d, 0xd5, 0x37,
  0xb8, 0x5f, 0xeb, 0x37, 0xf3, 0x39, 0xd9, 0x37, 0x08, 0xf9, 0xe9, 0x37,
  0xa3, 0xee, 0xbf, 0x37, 0xb9, 0x0d, 0xf8, 0x37, 0x98, 0xf1, 0xbf, 0x37,
  0xd7, 0x41, 0xce, 0x37, 0x76, 0x24, 0xf2, 0x37, 0xf8, 0xcb, 0xd9, 0x37,
  0xa2, 0x3b, 0x02, 0x38, 0x9b, 0xf8, 0xd1, 0x37, 0x01, 0xa3, 0xd4, 0x37,
  0xd6, 0x6b, 0xf9, 0x37, 0x9d, 0xc5, 0xd7, 0x37, 0xdb, 0x53, 0xed, 0x37,
  0x95, 0x29, 0xd9, 0x37, 0x2f, 0x9f, 0xce, 0x37, 0x19, 0xb9, 0xec, 0x37,
  0xf8, 0x29, 0xf4, 0x37, 0xd7, 0x4a, 0xea, 0x37, 0x4b, 0x72, 0xe4, 0x37,
  0x0f, 0xf7, 0x06, 0x38, 0xe5, 0x91, 0xcd, 0x37, 0xfa, 0x75, 0xef, 0x37,
  0xdd, 0x3c, 0xf7, 0x37, 0xd8, 0x30, 0xff, 0x37, 0x24, 0x10, 0xb3, 0x37,
  0xc4, 0xa6, 0xee, 0x37, 0x31, 0x2e, 0x02, 0x38, 0x27, 0x63, 0xee, 0x37,
  0xab, 0xa6, 0xf0, 0x37, 0x08, 0x9f, 0x0e, 0x38, 0xf5, 0x9b, 0xcf, 0x37,
  0x2e, 0xa3, 0xf3, 0x37, 0x1b, 0x2e, 0xee, 0x37, 0x0e, 0xcb, 0xba, 0x37,
  0xd0, 0x99, 0x07, 0x38, 0x47, 0x4f, 0x07, 0x38, 0x97, 0xf1, 0xf3, 0x37,
  0x1a, 0xd1, 0xf9, 0x37, 0x0f, 0x00, 0x00, 0x00, 0x61, 0x72, 0x69, 0x74,
  0x68, 0x2e, 0x63, 0x6f, 0x6e, 0x73, 0x74, 0x61, 0x6e, 0x74, 0x38, 0x00,
  0x01, 0x00, 0x00, 0x00, 0x40, 0x00, 0x00, 0x00, 0x3a, 0xe8, 0xff, 0xff,
  0x00, 0x00, 0x00, 0x01, 0x14, 0x00, 0x00, 0x00, 0x28, 0x03, 0x00, 0x00,
  0x15, 0x00, 0x00, 0x00, 0x00, 0x00, 0x00, 0x02, 0x30, 0x03, 0x00, 0x00,
  0x24, 0xe8, 0xff, 0xff, 0x08, 0x00, 0x00, 0x00, 0x0c, 0x02, 0x00, 0x00,
  0x40, 0x00, 0x00, 0x00, 0x00, 0x00, 0x00, 0x00, 0x00, 0x00, 0x00, 0x00,
  0x00, 0x00, 0x00, 0x00, 0x00, 0x00, 0x00, 0x00, 0x00, 0x00, 0x00, 0x00,
  0x00, 0x00, 0x00, 0x00, 0x00, 0x00, 0x00, 0x00, 0x00, 0x00, 0x00, 0x00,
  0x00, 0x00, 0x00, 0x00, 0x00, 0x00, 0x00, 0x00, 0x00, 0x00, 0x00, 0x00,
  0x00, 0x00, 0x00, 0x00, 0x00, 0x00, 0x00, 0x00, 0x00, 0x00, 0x00, 0x00,
  0x00, 0x00, 0x00, 0x00, 0x00, 0x00, 0x00, 0x00, 0x00, 0x00, 0x00, 0x00,
  0x00, 0x00, 0x00, 0x00, 0x00, 0x00, 0x00, 0x00, 0x00, 0x00, 0x00, 0x00,
  0x00, 0x00, 0x00, 0x00, 0x00, 0x00, 0x00, 0x00, 0x00, 0x00, 0x00, 0x00,
  0x00, 0x00, 0x00, 0x00, 0x00, 0x00, 0x00, 0x00, 0x00, 0x00, 0x00, 0x00,
  0x00, 0x00, 0x00, 0x00, 0x00, 0x00, 0x00, 0x00, 0x00, 0x00, 0x00, 0x00,
  0x00, 0x00, 0x00, 0x00, 0x00, 0x00, 0x00, 0x00, 0x00, 0x00, 0x00, 0x00,
  0x00, 0x00, 0x00, 0x00, 0x00, 0x00, 0x00, 0x00, 0x00, 0x00, 0x00, 0x00,
  0x00, 0x00, 0x00, 0x00, 0x00, 0x00, 0x00, 0x00, 0x00, 0x00, 0x00, 0x00,
  0x00, 0x00, 0x00, 0x00, 0x00, 0x00, 0x00, 0x00, 0x00, 0x00, 0x00, 0x00,
  0x00, 0x00, 0x00, 0x00, 0x00, 0x00, 0x00, 0x00, 0x00, 0x00, 0x00, 0x00,
  0x00, 0x00, 0x00, 0x00, 0x00, 0x00, 0x00, 0x00, 0x00, 0x00, 0x00, 0x00,
  0x00, 0x00, 0x00, 0x00, 0x00, 0x00, 0x00, 0x00, 0x00, 0x00, 0x00, 0x00,
  0x00, 0x00, 0x00, 0x00, 0x00, 0x00, 0x00, 0x00, 0x00, 0x00, 0x00, 0x00,
  0x00, 0x00, 0x00, 0x00, 0x00, 0x00, 0x00, 0x00, 0x00, 0x00, 0x00, 0x00,
  0x00, 0x00, 0x00, 0x00, 0x00, 0x00, 0x00, 0x00, 0x00, 0x00, 0x00, 0x00,
  0x00, 0x00, 0x00, 0x00, 0x00, 0x00, 0x00, 0x00, 0x00, 0x00, 0x00, 0x00,
  0x00, 0x00, 0x00, 0x00, 0x00, 0x00, 0x00, 0x00, 0x00, 0x00, 0x00, 0x00,
  0x00, 0x00, 0x00, 0x00, 0x00, 0x00, 0x00, 0x00, 0x00, 0x00, 0x00, 0x00,
  0x00, 0x00, 0x00, 0x00, 0x00, 0x00, 0x00, 0x00, 0x00, 0x00, 0x00, 0x00,
  0x00, 0x00, 0x00, 0x00, 0x00, 0x00, 0x00, 0x00, 0x00, 0x00, 0x00, 0x00,
  0x00, 0x00, 0x00, 0x00, 0x00, 0x00, 0x00, 0x00, 0x00, 0x00, 0x00, 0x00,
  0x00, 0x00, 0x00, 0x00, 0x00, 0x00, 0x00, 0x00, 0x00, 0x00, 0x00, 0x00,
  0x00, 0x00, 0x00, 0x00, 0x00, 0x00, 0x00, 0x00, 0x00, 0x00, 0x00, 0x00,
  0x00, 0x00, 0x00, 0x00, 0x00, 0x00, 0x00, 0x00, 0x00, 0x00, 0x00, 0x00,
  0x00, 0x00, 0x00, 0x00, 0x00, 0x00, 0x00, 0x00, 0x00, 0x00, 0x00, 0x00,
  0x00, 0x00, 0x00, 0x00, 0x00, 0x00, 0x00, 0x00, 0x00, 0x00, 0x00, 0x00,
  0x00, 0x00, 0x00, 0x00, 0x00, 0x00, 0x00, 0x00, 0x00, 0x00, 0x00, 0x00,
  0x00, 0x00, 0x00, 0x00, 0x00, 0x00, 0x00, 0x00, 0x00, 0x00, 0x00, 0x00,
  0x00, 0x00, 0x00, 0x00, 0x00, 0x00, 0x00, 0x00, 0x00, 0x00, 0x00, 0x00,
  0x00, 0x00, 0x00, 0x00, 0x00, 0x00, 0x00, 0x00, 0x00, 0x00, 0x00, 0x00,
  0x00, 0x00, 0x00, 0x00, 0x00, 0x00, 0x00, 0x00, 0x00, 0x00, 0x00, 0x00,
  0x00, 0x00, 0x00, 0x00, 0x00, 0x00, 0x00, 0x00, 0x00, 0x00, 0x00, 0x00,
  0x00, 0x00, 0x00, 0x00, 0x00, 0x00, 0x00, 0x00, 0x00, 0x00, 0x00, 0x00,
  0x00, 0x00, 0x00, 0x00, 0x00, 0x00, 0x00, 0x00, 0x00, 0x00, 0x00, 0x00,
  0x00, 0x00, 0x00, 0x00, 0x00, 0x00, 0x00, 0x00, 0x00, 0x00, 0x00, 0x00,
  0x00, 0x00, 0x00, 0x00, 0x00, 0x00, 0x00, 0x00, 0x00, 0x00, 0x00, 0x00,
  0x00, 0x00, 0x00, 0x00, 0x00, 0x00, 0x00, 0x00, 0x00, 0x00, 0x00, 0x00,
  0x00, 0x00, 0x00, 0x00, 0x00, 0x00, 0x00, 0x00, 0x00, 0x00, 0x00, 0x00,
  0x00, 0x00, 0x00, 0x00, 0x40, 0x00, 0x00, 0x00, 0xdf, 0x5d, 0x01, 0x38,
  0xa7, 0x58, 0xa5, 0x37, 0x37, 0x27, 0xba, 0x37, 0x7f, 0x29, 0x9f, 0x37,
  0x32, 0x98, 0xb7, 0x37, 0x99, 0x30, 0xf4, 0x37, 0x8b, 0x9d, 0xaa, 0x37,
  0xc3, 0x85, 0xf0, 0x37, 0x05, 0x2a, 0x96, 0x37, 0x04, 0x73, 0xd8, 0x37,
  0x88, 0x4f, 0xd4, 0x37, 0xe9, 0xf9, 0xad, 0x37, 0x9b, 0x9f, 0xc2, 0x37,
  0x95, 0x9c, 0xd6, 0x37, 0xee, 0x43, 0xdd, 0x37, 0x70, 0x86, 0xb3, 0x37,
  0xd3, 0xfa, 0xce, 0x37, 0xe0, 0x15, 0x09, 0x38, 0x72, 0x60, 0xc6, 0x37,
  0x32, 0x70, 0xdb, 0x37, 0x64, 0x67, 0xea, 0x37, 0x55, 0x1f, 0xe9, 0x37,
  0x90, 0x0a, 0x15, 0x38, 0x90, 0x4d, 0xd5, 0x37, 0xb8, 0x5f, 0xeb, 0x37,
  0xf3, 0x39, 0xd9, 0x37, 0x08, 0xf9, 0xe9, 0x37, 0xa3, 0xee, 0xbf, 0x37,
  0xb9, 0x0d, 0xf8, 0x37, 0x98, 0xf1, 0xbf, 0x37, 0xd7, 0x41, 0xce, 0x37,
  0x76, 0x24, 0xf2, 0x37, 0xf8, 0xcb, 0xd9, 0x37, 0xa2, 0x3b, 0x02, 0x38,
  0x9b, 0xf8, 0xd1, 0x37, 0x01, 0xa3, 0xd4, 0x37, 0xd6, 0x6b, 0xf9, 0x37,
  0x9d, 0xc5, 0xd7, 0x37, 0xdb, 0x53, 0xed, 0x37, 0x95, 0x29, 0xd9, 0x37,
  0x2f, 0x9f, 0xce, 0x37, 0x19, 0xb9, 0xec, 0x37, 0xf8, 0x29, 0xf4, 0x37,
  0xd7, 0x4a, 0xea, 0x37, 0x4b, 0x72, 0xe4, 0x37, 0x0f, 0xf7, 0x06, 0x38,
  0xe5, 0x91, 0xcd, 0x37, 0xfa, 0x75, 0xef, 0x37, 0xdd, 0x3c, 0xf7, 0x37,
  0xd8, 0x30, 0xff, 0x37, 0x24, 0x10, 0xb3, 0x37, 0xc4, 0xa6, 0xee, 0x37,
  0x31, 0x2e, 0x02, 0x38, 0x27, 0x63, 0xee, 0x37, 0xab, 0xa6, 0xf0, 0x37,
  0x08, 0x9f, 0x0e, 0x38, 0xf5, 0x9b, 0xcf, 0x37, 0x2e, 0xa3, 0xf3, 0x37,
  0x1b, 0x2e, 0xee, 0x37, 0x0e, 0xcb, 0xba, 0x37, 0xd0, 0x99, 0x07, 0x38,
  0x47, 0x4f, 0x07, 0x38, 0x97, 0xf1, 0xf3, 0x37, 0x1a, 0xd1, 0xf9, 0x37,
  0x0f, 0x00, 0x00, 0x00, 0x61, 0x72, 0x69, 0x74, 0x68, 0x2e, 0x63, 0x6f,
  0x6e, 0x73, 0x74, 0x61, 0x6e, 0x74, 0x37, 0x00, 0x01, 0x00, 0x00, 0x00,
  0x40, 0x00, 0x00, 0x00, 0x8a, 0xeb, 0xff, 0xff, 0x00, 0x00, 0x00, 0x01,
  0x14, 0x00, 0x00, 0x00, 0x28, 0x03, 0x00, 0x00, 0x15, 0x00, 0x00, 0x00,
  0x00, 0x00, 0x00, 0x02, 0x30, 0x03, 0x00, 0x00, 0x74, 0xeb, 0xff, 0xff,
  0x08, 0x00, 0x00, 0x00, 0x0c, 0x02, 0x00, 0x00, 0x40, 0x00, 0x00, 0x00,
  0x00, 0x00, 0x00, 0x00, 0x00, 0x00, 0x00, 0x00, 0x00, 0x00, 0x00, 0x00,
  0x00, 0x00, 0x00, 0x00, 0x00, 0x00, 0x00, 0x00, 0x00, 0x00, 0x00, 0x00,
  0x00, 0x00, 0x00, 0x00, 0x00, 0x00, 0x00, 0x00, 0x00, 0x00, 0x00, 0x00,
  0x00, 0x00, 0x00, 0x00, 0x00, 0x00, 0x00, 0x00, 0x00, 0x00, 0x00, 0x00,
  0x00, 0x00, 0x00, 0x00, 0x00, 0x00, 0x00, 0x00, 0x00, 0x00, 0x00, 0x00,
  0x00, 0x00, 0x00, 0x00, 0x00, 0x00, 0x00, 0x00, 0x00, 0x00, 0x00, 0x00,
  0x00, 0x00, 0x00, 0x00, 0x00, 0x00, 0x00, 0x00, 0x00, 0x00, 0x00, 0x00,
  0x00, 0x00, 0x00, 0x00, 0x00, 0x00, 0x00, 0x00, 0x00, 0x00, 0x00, 0x00,
  0x00, 0x00, 0x00, 0x00, 0x00, 0x00, 0x00, 0x00, 0x00, 0x00, 0x00, 0x00,
  0x00, 0x00, 0x00, 0x00, 0x00, 0x00, 0x00, 0x00, 0x00, 0x00, 0x00, 0x00,
  0x00, 0x00, 0x00, 0x00, 0x00, 0x00, 0x00, 0x00, 0x00, 0x00, 0x00, 0x00,
  0x00, 0x00, 0x00, 0x00, 0x00, 0x00, 0x00, 0x00, 0x00, 0x00, 0x00, 0x00,
  0x00, 0x00, 0x00, 0x00, 0x00, 0x00, 0x00, 0x00, 0x00, 0x00, 0x00, 0x00,
  0x00, 0x00, 0x00, 0x00, 0x00, 0x00, 0x00, 0x00, 0x00, 0x00, 0x00, 0x00,
  0x00, 0x00, 0x00, 0x00, 0x00, 0x00, 0x00, 0x00, 0x00, 0x00, 0x00, 0x00,
  0x00, 0x00, 0x00, 0x00, 0x00, 0x00, 0x00, 0x00, 0x00, 0x00, 0x00, 0x00,
  0x00, 0x00, 0x00, 0x00, 0x00, 0x00, 0x00, 0x00, 0x00, 0x00, 0x00, 0x00,
  0x00, 0x00, 0x00, 0x00, 0x00, 0x00, 0x00, 0x00, 0x00, 0x00, 0x00, 0x00,
  0x00, 0x00, 0x00, 0x00, 0x00, 0x00, 0x00, 0x00, 0x00, 0x00, 0x00, 0x00,
  0x00, 0x00, 0x00, 0x00, 0x00, 0x00, 0x00, 0x00, 0x00, 0x00, 0x00, 0x00,
  0x00, 0x00, 0x00, 0x00, 0x00, 0x00, 0x00, 0x00, 0x00, 0x00, 0x00, 0x00,
  0x00, 0x00, 0x00, 0x00, 0x00, 0x00, 0x00, 0x00, 0x00, 0x00, 0x00, 0x00,
  0x00, 0x00, 0x00, 0x00, 0x00, 0x00, 0x00, 0x00, 0x00, 0x00, 0x00, 0x00,
  0x00, 0x00, 0x00, 0x00, 0x00, 0x00, 0x00, 0x00, 0x00, 0x00, 0x00, 0x00,
  0x00, 0x00, 0x00, 0x00, 0x00, 0x00, 0x00, 0x00, 0x00, 0x00, 0x00, 0x00,
  0x00, 0x00, 0x00, 0x00, 0x00, 0x00, 0x00, 0x00, 0x00, 0x00, 0x00, 0x00,
  0x00, 0x00, 0x00, 0x00, 0x00, 0x00, 0x00, 0x00, 0x00, 0x00, 0x00, 0x00,
  0x00, 0x00, 0x00, 0x00, 0x00, 0x00, 0x00, 0x00, 0x00, 0x00, 0x00, 0x00,
  0x00, 0x00, 0x00, 0x00, 0x00, 0x00, 0x00, 0x00, 0x00, 0x00, 0x00, 0x00,
  0x00, 0x00, 0x00, 0x00, 0x00, 0x00, 0x00, 0x00, 0x00, 0x00, 0x00, 0x00,
  0x00, 0x00, 0x00, 0x00, 0x00, 0x00, 0x00, 0x00, 0x00, 0x00, 0x00, 0x00,
  0x00, 0x00, 0x00, 0x00, 0x00, 0x00, 0x00, 0x00, 0x00, 0x00, 0x00, 0x00,
  0x00, 0x00, 0x00, 0x00, 0x00, 0x00, 0x00, 0x00, 0x00, 0x00, 0x00, 0x00,
  0x00, 0x00, 0x00, 0x00, 0x00, 0x00, 0x00, 0x00, 0x00, 0x00, 0x00, 0x00,
  0x00, 0x00, 0x00, 0x00, 0x00, 0x00, 0x00, 0x00, 0x00, 0x00, 0x00, 0x00,
  0x00, 0x00, 0x00, 0x00, 0x00, 0x00, 0x00, 0x00, 0x00, 0x00, 0x00, 0x00,
  0x00, 0x00, 0x00, 0x00, 0x00, 0x00, 0x00, 0x00, 0x00, 0x00, 0x00, 0x00,
  0x00, 0x00, 0x00, 0x00, 0x00, 0x00, 0x00, 0x00, 0x00, 0x00, 0x00, 0x00,
  0x00, 0x00, 0x00, 0x00, 0x00, 0x00, 0x00, 0x00, 0x00, 0x00, 0x00, 0x00,
  0x00, 0x00, 0x00, 0x00, 0x00, 0x00, 0x00, 0x00, 0x00, 0x00, 0x00, 0x00,
  0x00, 0x00, 0x00, 0x00, 0x00, 0x00, 0x00, 0x00, 0x00, 0x00, 0x00, 0x00,
  0x00, 0x00, 0x00, 0x00, 0x00, 0x00, 0x00, 0x00, 0x00, 0x00, 0x00, 0x00,
  0x00, 0x00, 0x00, 0x00, 0x00, 0x00, 0x00, 0x00, 0x00, 0x00, 0x00, 0x00,
  0x40, 0x00, 0x00, 0x00, 0xdf, 0x5d, 0x01, 0x38, 0xa7, 0x58, 0xa5, 0x37,
  0x37, 0x27, 0xba, 0x37, 0x7f, 0x29, 0x9f, 0x37, 0x32, 0x98, 0xb7, 0x37,
  0x99, 0x30, 0xf4, 0x37, 0x8b, 0x9d, 0xaa, 0x37, 0xc3, 0x85, 0xf0, 0x37,
  0x05, 0x2a, 0x96, 0x37, 0x04, 0x73, 0xd8, 0x37, 0x88, 0x4f, 0xd4, 0x37,
  0xe9, 0xf9, 0xad, 0x37, 0x9b, 0x9f, 0xc2, 0x37, 0x95, 0x9c, 0xd6, 0x37,
  0xee, 0x43, 0xdd, 0x37, 0x70, 0x86, 0xb3, 0x37, 0xd3, 0xfa, 0xce, 0x37,
  0xe0, 0x15, 0x09, 0x38, 0x72, 0x60, 0xc6, 0x37, 0x32, 0x70, 0xdb, 0x37,
  0x64, 0x67, 0xea, 0x37, 0x55, 0x1f, 0xe9, 0x37, 0x90, 0x0a, 0x15, 0x38,
  0x90, 0x4d, 0xd5, 0x37, 0xb8, 0x5f, 0xeb, 0x37, 0xf3, 0x39, 0xd9, 0x37,
  0x08, 0xf9, 0xe9, 0x37, 0xa3, 0xee, 0xbf, 0x37, 0xb9, 0x0d, 0xf8, 0x37,
  0x98, 0xf1, 0xbf, 0x37, 0xd7, 0x41, 0xce, 0x37, 0x76, 0x24, 0xf2, 0x37,
  0xf8, 0xcb, 0xd9, 0x37, 0xa2, 0x3b, 0x02, 0x38, 0x9b, 0xf8, 0xd1, 0x37,
  0x01, 0xa3, 0xd4, 0x37, 0xd6, 0x6b, 0xf9, 0x37, 0x9d, 0xc5, 0xd7, 0x37,
  0xdb, 0x53, 0xed, 0x37, 0x95, 0x29, 0xd9, 0x37, 0x2f, 0x9f, 0xce, 0x37,
  0x19, 0xb9, 0xec, 0x37, 0xf8, 0x29, 0xf4, 0x37, 0xd7, 0x4a, 0xea, 0x37,
  0x4b, 0x72, 0xe4, 0x37, 0x0f, 0xf7, 0x06, 0x38, 0xe5, 0x91, 0xcd, 0x37,
  0xfa, 0x75, 0xef, 0x37, 0xdd, 0x3c, 0xf7, 0x37, 0xd8, 0x30, 0xff, 0x37,
  0x24, 0x10, 0xb3, 0x37, 0xc4, 0xa6, 0xee, 0x37, 0x31, 0x2e, 0x02, 0x38,
  0x27, 0x63, 0xee, 0x37, 0xab, 0xa6, 0xf0, 0x37, 0x08, 0x9f, 0x0e, 0x38,
  0xf5, 0x9b, 0xcf, 0x37, 0x2e, 0xa3, 0xf3, 0x37, 0x1b, 0x2e, 0xee, 0x37,
  0x0e, 0xcb, 0xba, 0x37, 0xd0, 0x99, 0x07, 0x38, 0x47, 0x4f, 0x07, 0x38,
  0x97, 0xf1, 0xf3, 0x37, 0x1a, 0xd1, 0xf9, 0x37, 0x0f, 0x00, 0x00, 0x00,
  0x61, 0x72, 0x69, 0x74, 0x68, 0x2e, 0x63, 0x6f, 0x6e, 0x73, 0x74, 0x61,
  0x6e, 0x74, 0x33, 0x00, 0x01, 0x00, 0x00, 0x00, 0x40, 0x00, 0x00, 0x00,
  0xda, 0xee, 0xff, 0xff, 0x00, 0x00, 0x00, 0x01, 0x14, 0x00, 0x00, 0x00,
  0x28, 0x03, 0x00, 0x00, 0x15, 0x00, 0x00, 0x00, 0x00, 0x00, 0x00, 0x02,
  0x30, 0x03, 0x00, 0x00, 0xc4, 0xee, 0xff, 0xff, 0x08, 0x00, 0x00, 0x00,
  0x0c, 0x02, 0x00, 0x00, 0x40, 0x00, 0x00, 0x00, 0x00, 0x00, 0x00, 0x00,
  0x00, 0x00, 0x00, 0x00, 0x00, 0x00, 0x00, 0x00, 0x00, 0x00, 0x00, 0x00,
  0x00, 0x00, 0x00, 0x00, 0x00, 0x00, 0x00, 0x00, 0x00, 0x00, 0x00, 0x00,
  0x00, 0x00, 0x00, 0x00, 0x00, 0x00, 0x00, 0x00, 0x00, 0x00, 0x00, 0x00,
  0x00, 0x00, 0x00, 0x00, 0x00, 0x00, 0x00, 0x00, 0x00, 0x00, 0x00, 0x00,
  0x00, 0x00, 0x00, 0x00, 0x00, 0x00, 0x00, 0x00, 0x00, 0x00, 0x00, 0x00,
  0x00, 0x00, 0x00, 0x00, 0x00, 0x00, 0x00, 0x00, 0x00, 0x00, 0x00, 0x00,
  0x00, 0x00, 0x00, 0x00, 0x00, 0x00, 0x00, 0x00, 0x00, 0x00, 0x00, 0x00,
  0x00, 0x00, 0x00, 0x00, 0x00, 0x00, 0x00, 0x00, 0x00, 0x00, 0x00, 0x00,
  0x00, 0x00, 0x00, 0x00, 0x00, 0x00, 0x00, 0x00, 0x00, 0x00, 0x00, 0x00,
  0x00, 0x00, 0x00, 0x00, 0x00, 0x00, 0x00, 0x00, 0x00, 0x00, 0x00, 0x00,
  0x00, 0x00, 0x00, 0x00, 0x00, 0x00, 0x00, 0x00, 0x00, 0x00, 0x00, 0x00,
  0x00, 0x00, 0x00, 0x00, 0x00, 0x00, 0x00, 0x00, 0x00, 0x00, 0x00, 0x00,
  0x00, 0x00, 0x00, 0x00, 0x00, 0x00, 0x00, 0x00, 0x00, 0x00, 0x00, 0x00,
  0x00, 0x00, 0x00, 0x00, 0x00, 0x00, 0x00, 0x00, 0x00, 0x00, 0x00, 0x00,
  0x00, 0x00, 0x00, 0x00, 0x00, 0x00, 0x00, 0x00, 0x00, 0x00, 0x00, 0x00,
  0x00, 0x00, 0x00, 0x00, 0x00, 0x00, 0x00, 0x00, 0x00, 0x00, 0x00, 0x00,
  0x00, 0x00, 0x00, 0x00, 0x00, 0x00, 0x00, 0x00, 0x00, 0x00, 0x00, 0x00,
  0x00, 0x00, 0x00, 0x00, 0x00, 0x00, 0x00, 0x00, 0x00, 0x00, 0x00, 0x00,
  0x00, 0x00, 0x00, 0x00, 0x00, 0x00, 0x00, 0x00, 0x00, 0x00, 0x00, 0x00,
  0x00, 0x00, 0x00, 0x00, 0x00, 0x00, 0x00, 0x00, 0x00, 0x00, 0x00, 0x00,
  0x00, 0x00, 0x00, 0x00, 0x00, 0x00, 0x00, 0x00, 0x00, 0x00, 0x00, 0x00,
  0x00, 0x00, 0x00, 0x00, 0x00, 0x00, 0x00, 0x00, 0x00, 0x00, 0x00, 0x00,
  0x00, 0x00, 0x00, 0x00, 0x00, 0x00, 0x00, 0x00, 0x00, 0x00, 0x00, 0x00,
  0x00, 0x00, 0x00, 0x00, 0x00, 0x00, 0x00, 0x00, 0x00, 0x00, 0x00, 0x00,
  0x00, 0x00, 0x00, 0x00, 0x00, 0x00, 0x00, 0x00, 0x00, 0x00, 0x00, 0x00,
  0x00, 0x00, 0x00, 0x00, 0x00, 0x00, 0x00, 0x00, 0x00, 0x00, 0x00, 0x00,
  0x00, 0x00, 0x00, 0x00, 0x00, 0x00, 0x00, 0x00, 0x00, 0x00, 0x00, 0x00,
  0x00, 0x00, 0x00, 0x00, 0x00, 0x00, 0x00, 0x00, 0x00, 0x00, 0x00, 0x00,
  0x00, 0x00, 0x00, 0x00, 0x00, 0x00, 0x00, 0x00, 0x00, 0x00, 0x00, 0x00,
  0x00, 0x00, 0x00, 0x00, 0x00, 0x00, 0x00, 0x00, 0x00, 0x00, 0x00, 0x00,
  0x00, 0x00, 0x00, 0x00, 0x00, 0x00, 0x00, 0x00, 0x00, 0x00, 0x00, 0x00,
  0x00, 0x00, 0x00, 0x00, 0x00, 0x00, 0x00, 0x00, 0x00, 0x00, 0x00, 0x00,
  0x00, 0x00, 0x00, 0x00, 0x00, 0x00, 0x00, 0x00, 0x00, 0x00, 0x00, 0x00,
  0x00, 0x00, 0x00, 0x00, 0x00, 0x00, 0x00, 0x00, 0x00, 0x00, 0x00, 0x00,
  0x00, 0x00, 0x00, 0x00, 0x00, 0x00, 0x00, 0x00, 0x00, 0x00, 0x00, 0x00,
  0x00, 0x00, 0x00, 0x00, 0x00, 0x00, 0x00, 0x00, 0x00, 0x00, 0x00, 0x00,
  0x00, 0x00, 0x00, 0x00, 0x00, 0x00, 0x00, 0x00, 0x00, 0x00, 0x00, 0x00,
  0x00, 0x00, 0x00, 0x00, 0x00, 0x00, 0x00, 0x00, 0x00, 0x00, 0x00, 0x00,
  0x00, 0x00, 0x00, 0x00, 0x00, 0x00, 0x00, 0x00, 0x00, 0x00, 0x00, 0x00,
  0x00, 0x00, 0x00, 0x00, 0x00, 0x00, 0x00, 0x00, 0x00, 0x00, 0x00, 0x00,
  0x00, 0x00, 0x00, 0x00, 0x00, 0x00, 0x00, 0x00, 0x00, 0x00, 0x00, 0x00,
  0x00, 0x00, 0x00, 0x00, 0x00, 0x00, 0x00, 0x00, 0x00, 0x00, 0x00, 0x00,
  0x00, 0x00, 0x00, 0x00, 0x00, 0x00, 0x00, 0x00, 0x40, 0x00, 0x00, 0x00,
  0xdf, 0x5d, 0x01, 0x38, 0xa7, 0x58, 0xa5, 0x37, 0x37, 0x27, 0xba, 0x37,
  0x7f, 0x29, 0x9f, 0x37, 0x32, 0x98, 0xb7, 0x37, 0x99, 0x30, 0xf4, 0x37,
  0x8b, 0x9d, 0xaa, 0x37, 0xc3, 0x85, 0xf0, 0x37, 0x05, 0x2a, 0x96, 0x37,
  0x04, 0x73, 0xd8, 0x37, 0x88, 0x4f, 0xd4, 0x37, 0xe9, 0xf9, 0xad, 0x37,
  0x9b, 0x9f, 0xc2, 0x37, 0x95, 0x9c, 0xd6, 0x37, 0xee, 0x43, 0xdd, 0x37,
  0x70, 0x86, 0xb3, 0x37, 0xd3, 0xfa, 0xce, 0x37, 0xe0, 0x15, 0x09, 0x38,
  0x72, 0x60, 0xc6, 0x37, 0x32, 0x70, 0xdb, 0x37, 0x64, 0x67, 0xea, 0x37,
  0x55, 0x1f, 0xe9, 0x37, 0x90, 0x0a, 0x15, 0x38, 0x90, 0x4d, 0xd5, 0x37,
  0xb8, 0x5f, 0xeb, 0x37, 0xf3, 0x39, 0xd9, 0x37, 0x08, 0xf9, 0xe9, 0x37,
  0xa3, 0xee, 0xbf, 0x37, 0xb9, 0x0d, 0xf8, 0x37, 0x98, 0xf1, 0xbf, 0x37,
  0xd7, 0x41, 0xce, 0x37, 0x76, 0x24, 0xf2, 0x37, 0xf8, 0xcb, 0xd9, 0x37,
  0xa2, 0x3b, 0x02, 0x38, 0x9b, 0xf8, 0xd1, 0x37, 0x01, 0xa3, 0xd4, 0x37,
  0xd6, 0x6b, 0xf9, 0x37, 0x9d, 0xc5, 0xd7, 0x37, 0xdb, 0x53, 0xed, 0x37,
  0x95, 0x29, 0xd9, 0x37, 0x2f, 0x9f, 0xce, 0x37, 0x19, 0xb9, 0xec, 0x37,
  0xf8, 0x29, 0xf4, 0x37, 0xd7, 0x4a, 0xea, 0x37, 0x4b, 0x72, 0xe4, 0x37,
  0x0f, 0xf7, 0x06, 0x38, 0xe5, 0x91, 0xcd, 0x37, 0xfa, 0x75, 0xef, 0x37,
  0xdd, 0x3c, 0xf7, 0x37, 0xd8, 0x30, 0xff, 0x37, 0x24, 0x10, 0xb3, 0x37,
  0xc4, 0xa6, 0xee, 0x37, 0x31, 0x2e, 0x02, 0x38, 0x27, 0x63, 0xee, 0x37,
  0xab, 0xa6, 0xf0, 0x37, 0x08, 0x9f, 0x0e, 0x38, 0xf5, 0x9b, 0xcf, 0x37,
  0x2e, 0xa3, 0xf3, 0x37, 0x1b, 0x2e, 0xee, 0x37, 0x0e, 0xcb, 0xba, 0x37,
  0xd0, 0x99, 0x07, 0x38, 0x47, 0x4f, 0x07, 0x38, 0x97, 0xf1, 0xf3, 0x37,
  0x1a, 0xd1, 0xf9, 0x37, 0x0f, 0x00, 0x00, 0x00, 0x61, 0x72, 0x69, 0x74,
  0x68, 0x2e, 0x63, 0x6f, 0x6e, 0x73, 0x74, 0x61, 0x6e, 0x74, 0x32, 0x00,
  0x01, 0x00, 0x00, 0x00, 0x40, 0x00, 0x00, 0x00, 0x2a, 0xf2, 0xff, 0xff,
  0x00, 0x00, 0x00, 0x01, 0x14, 0x00, 0x00, 0x00, 0x28, 0x03, 0x00, 0x00,
  0x15, 0x00, 0x00, 0x00, 0x00, 0x00, 0x00, 0x02, 0x30, 0x03, 0x00, 0x00,
  0x14, 0xf2, 0xff, 0xff, 0x08, 0x00, 0x00, 0x00, 0x0c, 0x02, 0x00, 0x00,
  0x40, 0x00, 0x00, 0x00, 0x00, 0x00, 0x00, 0x00, 0x00, 0x00, 0x00, 0x00,
  0x00, 0x00, 0x00, 0x00, 0x00, 0x00, 0x00, 0x00, 0x00, 0x00, 0x00, 0x00,
  0x00, 0x00, 0x00, 0x00, 0x00, 0x00, 0x00, 0x00, 0x00, 0x00, 0x00, 0x00,
  0x00, 0x00, 0x00, 0x00, 0x00, 0x00, 0x00, 0x00, 0x00, 0x00, 0x00, 0x00,
  0x00, 0x00, 0x00, 0x00, 0x00, 0x00, 0x00, 0x00, 0x00, 0x00, 0x00, 0x00,
  0x00, 0x00, 0x00, 0x00, 0x00, 0x00, 0x00, 0x00, 0x00, 0x00, 0x00, 0x00,
  0x00, 0x00, 0x00, 0x00, 0x00, 0x00, 0x00, 0x00, 0x00, 0x00, 0x00, 0x00,
  0x00, 0x00, 0x00, 0x00, 0x00, 0x00, 0x00, 0x00, 0x00, 0x00, 0x00, 0x00,
  0x00, 0x00, 0x00, 0x00, 0x00, 0x00, 0x00, 0x00, 0x00, 0x00, 0x00, 0x00,
  0x00, 0x00, 0x00, 0x00, 0x00, 0x00, 0x00, 0x00, 0x00, 0x00, 0x00, 0x00,
  0x00, 0x00, 0x00, 0x00, 0x00, 0x00, 0x00, 0x00, 0x00, 0x00, 0x00, 0x00,
  0x00, 0x00, 0x00, 0x00, 0x00, 0x00, 0x00, 0x00, 0x00, 0x00, 0x00, 0x00,
  0x00, 0x00, 0x00, 0x00, 0x00, 0x00, 0x00, 0x00, 0x00, 0x00, 0x00, 0x00,
  0x00, 0x00, 0x00, 0x00, 0x00, 0x00, 0x00, 0x00, 0x00, 0x00, 0x00, 0x00,
  0x00, 0x00, 0x00, 0x00, 0x00, 0x00, 0x00, 0x00, 0x00, 0x00, 0x00, 0x00,
  0x00, 0x00, 0x00, 0x00, 0x00, 0x00, 0x00, 0x00, 0x00, 0x00, 0x00, 0x00,
  0x00, 0x00, 0x00, 0x00, 0x00, 0x00, 0x00, 0x00, 0x00, 0x00, 0x00, 0x00,
  0x00, 0x00, 0x00, 0x00, 0x00, 0x00, 0x00, 0x00, 0x00, 0x00, 0x00, 0x00,
  0x00, 0x00, 0x00, 0x00, 0x00, 0x00, 0x00, 0x00, 0x00, 0x00, 0x00, 0x00,
  0x00, 0x00, 0x00, 0x00, 0x00, 0x00, 0x00, 0x00, 0x00, 0x00, 0x00, 0x00,
  0x00, 0x00, 0x00, 0x00, 0x00, 0x00, 0x00, 0x00, 0x00, 0x00, 0x00, 0x00,
  0x00, 0x00, 0x00, 0x00, 0x00, 0x00, 0x00, 0x00, 0x00, 0x00, 0x00, 0x00,
  0x00, 0x00, 0x00, 0x00, 0x00, 0x00, 0x00, 0x00, 0x00, 0x00, 0x00, 0x00,
  0x00, 0x00, 0x00, 0x00, 0x00, 0x00, 0x00, 0x00, 0x00, 0x00, 0x00, 0x00,
  0x00, 0x00, 0x00, 0x00, 0x00, 0x00, 0x00, 0x00, 0x00, 0x00, 0x00, 0x00,
  0x00, 0x00, 0x00, 0x00, 0x00, 0x00, 0x00, 0x00, 0x00, 0x00, 0x00, 0x00,
  0x00, 0x00, 0x00, 0x00, 0x00, 0x00, 0x00, 0x00, 0x00, 0x00, 0x00, 0x00,
  0x00, 0x00, 0x00, 0x00, 0x00, 0x00, 0x00, 0x00, 0x00, 0x00, 0x00, 0x00,
  0x00, 0x00, 0x00, 0x00, 0x00, 0x00, 0x00, 0x00, 0x00, 0x00, 0x00, 0x00,
  0x00, 0x00, 0x00, 0x00, 0x00, 0x00, 0x00, 0x00, 0x00, 0x00, 0x00, 0x00,
  0x00, 0x00, 0x00, 0x00, 0x00, 0x00, 0x00, 0x00, 0x00, 0x00, 0x00, 0x00,
  0x00, 0x00, 0x00, 0x00, 0x00, 0x00, 0x00, 0x00, 0x00, 0x00, 0x00, 0x00,
  0x00, 0x00, 0x00, 0x00, 0x00, 0x00, 0x00, 0x00, 0x00, 0x00, 0x00, 0x00,
  0x00, 0x00, 0x00, 0x00, 0x00, 0x00, 0x00, 0x00, 0x00, 0x00, 0x00, 0x00,
  0x00, 0x00, 0x00, 0x00, 0x00, 0x00, 0x00, 0x00, 0x00, 0x00, 0x00, 0x00,
  0x00, 0x00, 0x00, 0x00, 0x00, 0x00, 0x00, 0x00, 0x00, 0x00, 0x00, 0x00,
  0x00, 0x00, 0x00, 0x00, 0x00, 0x00, 0x00, 0x00, 0x00, 0x00, 0x00, 0x00,
  0x00, 0x00, 0x00, 0x00, 0x00, 0x00, 0x00, 0x00, 0x00, 0x00, 0x00, 0x00,
  0x00, 0x00, 0x00, 0x00, 0x00, 0x00, 0x00, 0x00, 0x00, 0x00, 0x00, 0x00,
  0x00, 0x00, 0x00, 0x00, 0x00, 0x00, 0x00, 0x00, 0x00, 0x00, 0x00, 0x00,
  0x00, 0x00, 0x00, 0x00, 0x00, 0x00, 0x00, 0x00, 0x00, 0x00, 0x00, 0x00,
  0x00, 0x00, 0x00, 0x00, 0x00, 0x00, 0x00, 0x00, 0x00, 0x00, 0x00, 0x00,
  0x00, 0x00, 0x00, 0x00, 0x00, 0x00, 0x00, 0x00, 0x00, 0x00, 0x00, 0x00,
  0x00, 0x00, 0x00, 0x00, 0x40, 0x00, 0x00, 0x00, 0xdf, 0x5d, 0x01, 0x38,
  0xa7, 0x58, 0xa5, 0x37, 0x37, 0x27, 0xba, 0x37, 0x7f, 0x29, 0x9f, 0x37,
  0x32, 0x98, 0xb7, 0x37, 0x99, 0x30, 0xf4, 0x37, 0x8b, 0x9d, 0xaa, 0x37,
  0xc3, 0x85, 0xf0, 0x37, 0x05, 0x2a, 0x96, 0x37, 0x04, 0x73, 0xd8, 0x37,
  0x88, 0x4f, 0xd4, 0x37, 0xe9, 0xf9, 0xad, 0x37, 0x9b, 0x9f, 0xc2, 0x37,
  0x95, 0x9c, 0xd6, 0x37, 0xee, 0x43, 0xdd, 0x37, 0x70, 0x86, 0xb3, 0x37,
  0xd3, 0xfa, 0xce, 0x37, 0xe0, 0x15, 0x09, 0x38, 0x72, 0x60, 0xc6, 0x37,
  0x32, 0x70, 0xdb, 0x37, 0x64, 0x67, 0xea, 0x37, 0x55, 0x1f, 0xe9, 0x37,
  0x90, 0x0a, 0x15, 0x38, 0x90, 0x4d, 0xd5, 0x37, 0xb8, 0x5f, 0xeb, 0x37,
  0xf3, 0x39, 0xd9, 0x37, 0x08, 0xf9, 0xe9, 0x37, 0xa3, 0xee, 0xbf, 0x37,
  0xb9, 0x0d, 0xf8, 0x37, 0x98, 0xf1, 0xbf, 0x37, 0xd7, 0x41, 0xce, 0x37,
  0x76, 0x24, 0xf2, 0x37, 0xf8, 0xcb, 0xd9, 0x37, 0xa2, 0x3b, 0x02, 0x38,
  0x9b, 0xf8, 0xd1, 0x37, 0x01, 0xa3, 0xd4, 0x37, 0xd6, 0x6b, 0xf9, 0x37,
  0x9d, 0xc5, 0xd7, 0x37, 0xdb, 0x53, 0xed, 0x37, 0x95, 0x29, 0xd9, 0x37,
  0x2f, 0x9f, 0xce, 0x37, 0x19, 0xb9, 0xec, 0x37, 0xf8, 0x29, 0xf4, 0x37,
  0xd7, 0x4a, 0xea, 0x37, 0x4b, 0x72, 0xe4, 0x37, 0x0f, 0xf7, 0x06, 0x38,
  0xe5, 0x91, 0xcd, 0x37, 0xfa, 0x75, 0xef, 0x37, 0xdd, 0x3c, 0xf7, 0x37,
  0xd8, 0x30, 0xff, 0x37, 0x24, 0x10, 0xb3, 0x37, 0xc4, 0xa6, 0xee, 0x37,
  0x31, 0x2e, 0x02, 0x38, 0x27, 0x63, 0xee, 0x37, 0xab, 0xa6, 0xf0, 0x37,
  0x08, 0x9f, 0x0e, 0x38, 0xf5, 0x9b, 0xcf, 0x37, 0x2e, 0xa3, 0xf3, 0x37,
  0x1b, 0x2e, 0xee, 0x37, 0x0e, 0xcb, 0xba, 0x37, 0xd0, 0x99, 0x07, 0x38,
  0x47, 0x4f, 0x07, 0x38, 0x97, 0xf1, 0xf3, 0x37, 0x1a, 0xd1, 0xf9, 0x37,
  0x0f, 0x00, 0x00, 0x00, 0x61, 0x72, 0x69, 0x74, 0x68, 0x2e, 0x63, 0x6f,
  0x6e, 0x73, 0x74, 0x61, 0x6e, 0x74, 0x31, 0x00, 0x01, 0x00, 0x00, 0x00,
  0x40, 0x00, 0x00, 0x00, 0x7a, 0xf5, 0xff, 0xff, 0x00, 0x00, 0x00, 0x01,
  0x14, 0x00, 0x00, 0x00, 0x28, 0x03, 0x00, 0x00, 0x15, 0x00, 0x00, 0x00,
  0x00, 0x00, 0x00, 0x02, 0x30, 0x03, 0x00, 0x00, 0x64, 0xf5, 0xff, 0xff,
  0x08, 0x00, 0x00, 0x00, 0x0c, 0x02, 0x00, 0x00, 0x40, 0x00, 0x00, 0x00,
  0x00, 0x00, 0x00, 0x00, 0x00, 0x00, 0x00, 0x00, 0x00, 0x00, 0x00, 0x00,
  0x00, 0x00, 0x00, 0x00, 0x00, 0x00, 0x00, 0x00, 0x00, 0x00, 0x00, 0x00,
  0x00, 0x00, 0x00, 0x00, 0x00, 0x00, 0x00, 0x00, 0x00, 0x00, 0x00, 0x00,
  0x00, 0x00, 0x00, 0x00, 0x00, 0x00, 0x00, 0x00, 0x00, 0x00, 0x00, 0x00,
  0x00, 0x00, 0x00, 0x00, 0x00, 0x00, 0x00, 0x00, 0x00, 0x00, 0x00, 0x00,
  0x00, 0x00, 0x00, 0x00, 0x00, 0x00, 0x00, 0x00, 0x00, 0x00, 0x00, 0x00,
  0x00, 0x00, 0x00, 0x00, 0x00, 0x00, 0x00, 0x00, 0x00, 0x00, 0x00, 0x00,
  0x00, 0x00, 0x00, 0x00, 0x00, 0x00, 0x00, 0x00, 0x00, 0x00, 0x00, 0x00,
  0x00, 0x00, 0x00, 0x00, 0x00, 0x00, 0x00, 0x00, 0x00, 0x00, 0x00, 0x00,
  0x00, 0x00, 0x00, 0x00, 0x00, 0x00, 0x00, 0x00, 0x00, 0x00, 0x00, 0x00,
  0x00, 0x00, 0x00, 0x00, 0x00, 0x00, 0x00, 0x00, 0x00, 0x00, 0x00, 0x00,
  0x00, 0x00, 0x00, 0x00, 0x00, 0x00, 0x00, 0x00, 0x00, 0x00, 0x00, 0x00,
  0x00, 0x00, 0x00, 0x00, 0x00, 0x00, 0x00, 0x00, 0x00, 0x00, 0x00, 0x00,
  0x00, 0x00, 0x00, 0x00, 0x00, 0x00, 0x00, 0x00, 0x00, 0x00, 0x00, 0x00,
  0x00, 0x00, 0x00, 0x00, 0x00, 0x00, 0x00, 0x00, 0x00, 0x00, 0x00, 0x00,
  0x00, 0x00, 0x00, 0x00, 0x00, 0x00, 0x00, 0x00, 0x00, 0x00, 0x00, 0x00,
  0x00, 0x00, 0x00, 0x00, 0x00, 0x00, 0x00, 0x00, 0x00, 0x00, 0x00, 0x00,
  0x00, 0x00, 0x00, 0x00, 0x00, 0x00, 0x00, 0x00, 0x00, 0x00, 0x00, 0x00,
  0x00, 0x00, 0x00, 0x00, 0x00, 0x00, 0x00, 0x00, 0x00, 0x00, 0x00, 0x00,
  0x00, 0x00, 0x00, 0x00, 0x00, 0x00, 0x00, 0x00, 0x00, 0x00, 0x00, 0x00,
  0x00, 0x00, 0x00, 0x00, 0x00, 0x00, 0x00, 0x00, 0x00, 0x00, 0x00, 0x00,
  0x00, 0x00, 0x00, 0x00, 0x00, 0x00, 0x00, 0x00, 0x00, 0x00, 0x00, 0x00,
  0x00, 0x00, 0x00, 0x00, 0x00, 0x00, 0x00, 0x00, 0x00, 0x00, 0x00, 0x00,
  0x00, 0x00, 0x00, 0x00, 0x00, 0x00, 0x00, 0x00, 0x00, 0x00, 0x00, 0x00,
  0x00, 0x00, 0x00, 0x00, 0x00, 0x00, 0x00, 0x00, 0x00, 0x00, 0x00, 0x00,
  0x00, 0x00, 0x00, 0x00, 0x00, 0x00, 0x00, 0x00, 0x00, 0x00, 0x00, 0x00,
  0x00, 0x00, 0x00, 0x00, 0x00, 0x00, 0x00, 0x00, 0x00, 0x00, 0x00, 0x00,
  0x00, 0x00, 0x00, 0x00, 0x00, 0x00, 0x00, 0x00, 0x00, 0x00, 0x00, 0x00,
  0x00, 0x00, 0x00, 0x00, 0x00, 0x00, 0x00, 0x00, 0x00, 0x00, 0x00, 0x00,
  0x00, 0x00, 0x00, 0x00, 0x00, 0x00, 0x00, 0x00, 0x00, 0x00, 0x00, 0x00,
  0x00, 0x00, 0x00, 0x00, 0x00, 0x00, 0x00, 0x00, 0x00, 0x00, 0x00, 0x00,
  0x00, 0x00, 0x00, 0x00, 0x00, 0x00, 0x00, 0x00, 0x00, 0x00, 0x00, 0x00,
  0x00, 0x00, 0x00, 0x00, 0x00, 0x00, 0x00, 0x00, 0x00, 0x00, 0x00, 0x00,
  0x00, 0x00, 0x00, 0x00, 0x00, 0x00, 0x00, 0x00, 0x00, 0x00, 0x00, 0x00,
  0x00, 0x00, 0x00, 0x00, 0x00, 0x00, 0x00, 0x00, 0x00, 0x00, 0x00, 0x00,
  0x00, 0x00, 0x00, 0x00, 0x00, 0x00, 0x00, 0x00, 0x00, 0x00, 0x00, 0x00,
  0x00, 0x00, 0x00, 0x00, 0x00, 0x00, 0x00, 0x00, 0x00, 0x00, 0x00, 0x00,
  0x00, 0x00, 0x00, 0x00, 0x00, 0x00, 0x00, 0x00, 0x00, 0x00, 0x00, 0x00,
  0x00, 0x00, 0x00, 0x00, 0x00, 0x00, 0x00, 0x00, 0x00, 0x00, 0x00, 0x00,
  0x00, 0x00, 0x00, 0x00, 0x00, 0x00, 0x00, 0x00, 0x00, 0x00, 0x00, 0x00,
  0x00, 0x00, 0x00, 0x00, 0x00, 0x00, 0x00, 0x00, 0x00, 0x00, 0x00, 0x00,
  0x00, 0x00, 0x00, 0x00, 0x00, 0x00, 0x00, 0x00, 0x00, 0x00, 0x00, 0x00,
  0x00, 0x00, 0x00, 0x00, 0x00, 0x00, 0x00, 0x00, 0x00, 0x00, 0x00, 0x00,
  0x40, 0x00, 0x00, 0x00, 0xdf, 0x5d, 0x01, 0x38, 0xa7, 0x58, 0xa5, 0x37,
  0x37, 0x27, 0xba, 0x37, 0x7f, 0x29, 0x9f, 0x37, 0x32, 0x98, 0xb7, 0x37,
  0x99, 0x30, 0xf4, 0x37, 0x8b, 0x9d, 0xaa, 0x37, 0xc3, 0x85, 0xf0, 0x37,
  0x05, 0x2a, 0x96, 0x37, 0x04, 0x73, 0xd8, 0x37, 0x88, 0x4f, 0xd4, 0x37,
  0xe9, 0xf9, 0xad, 0x37, 0x9b, 0x9f, 0xc2, 0x37, 0x95, 0x9c, 0xd6, 0x37,
  0xee, 0x43, 0xdd, 0x37, 0x70, 0x86, 0xb3, 0x37, 0xd3, 0xfa, 0xce, 0x37,
  0xe0, 0x15, 0x09, 0x38, 0x72, 0x60, 0xc6, 0x37, 0x32, 0x70, 0xdb, 0x37,
  0x64, 0x67, 0xea, 0x37, 0x55, 0x1f, 0xe9, 0x37, 0x90, 0x0a, 0x15, 0x38,
  0x90, 0x4d, 0xd5, 0x37, 0xb8, 0x5f, 0xeb, 0x37, 0xf3, 0x39, 0xd9, 0x37,
  0x08, 0xf9, 0xe9, 0x37, 0xa3, 0xee, 0xbf, 0x37, 0xb9, 0x0d, 0xf8, 0x37,
  0x98, 0xf1, 0xbf, 0x37, 0xd7, 0x41, 0xce, 0x37, 0x76, 0x24, 0xf2, 0x37,
  0xf8, 0xcb, 0xd9, 0x37, 0xa2, 0x3b, 0x02, 0x38, 0x9b, 0xf8, 0xd1, 0x37,
  0x01, 0xa3, 0xd4, 0x37, 0xd6, 0x6b, 0xf9, 0x37, 0x9d, 0xc5, 0xd7, 0x37,
  0xdb, 0x53, 0xed, 0x37, 0x95, 0x29, 0xd9, 0x37, 0x2f, 0x9f, 0xce, 0x37,
  0x19, 0xb9, 0xec, 0x37, 0xf8, 0x29, 0xf4, 0x37, 0xd7, 0x4a, 0xea, 0x37,
  0x4b, 0x72, 0xe4, 0x37, 0x0f, 0xf7, 0x06, 0x38, 0xe5, 0x91, 0xcd, 0x37,
  0xfa, 0x75, 0xef, 0x37, 0xdd, 0x3c, 0xf7, 0x37, 0xd8, 0x30, 0xff, 0x37,
  0x24, 0x10, 0xb3, 0x37, 0xc4, 0xa6, 0xee, 0x37, 0x31, 0x2e, 0x02, 0x38,
  0x27, 0x63, 0xee, 0x37, 0xab, 0xa6, 0xf0, 0x37, 0x08, 0x9f, 0x0e, 0x38,
  0xf5, 0x9b, 0xcf, 0x37, 0x2e, 0xa3, 0xf3, 0x37, 0x1b, 0x2e, 0xee, 0x37,
  0x0e, 0xcb, 0xba, 0x37, 0xd0, 0x99, 0x07, 0x38, 0x47, 0x4f, 0x07, 0x38,
  0x97, 0xf1, 0xf3, 0x37, 0x1a, 0xd1, 0xf9, 0x37, 0x0e, 0x00, 0x00, 0x00,
  0x61, 0x72, 0x69, 0x74, 0x68, 0x2e, 0x63, 0x6f, 0x6e, 0x73, 0x74, 0x61,
  0x6e, 0x74, 0x00, 0x00, 0x01, 0x00, 0x00, 0x00, 0x40, 0x00, 0x00, 0x00,
  0xca, 0xf8, 0xff, 0xff, 0x00, 0x00, 0x00, 0x01, 0x14, 0x00, 0x00, 0x00,
  0x7c, 0x00, 0x00, 0x00, 0x14, 0x00, 0x00, 0x00, 0x00, 0x00, 0x00, 0x09,
  0x9c, 0x00, 0x00, 0x00, 0xb4, 0xf8, 0xff, 0xff, 0x08, 0x00, 0x00, 0x00,
  0x44, 0x00, 0x00, 0x00, 0x07, 0x00, 0x00, 0x00, 0x00, 0x00, 0x00, 0x00,
  0x00, 0x00, 0x00, 0x00, 0x00, 0x00, 0x00, 0x00, 0x00, 0x00, 0x00, 0x00,
  0x00, 0x00, 0x00, 0x00, 0x00, 0x00, 0x00, 0x00, 0x00, 0x00, 0x00, 0x00,
  0x00, 0x00, 0x00, 0x00, 0x00, 0x00, 0x00, 0x00, 0x00, 0x00, 0x00, 0x00,
  0x00, 0x00, 0x00, 0x00, 0x00, 0x00, 0x00, 0x00, 0x00, 0x00, 0x00, 0x00,
  0x00, 0x00, 0x00, 0x00, 0x00, 0x00, 0x00, 0x00, 0x07, 0x00, 0x00, 0x00,
  0x3c, 0x68, 0x78, 0x3b, 0xe9, 0x79, 0x6f, 0x3b, 0x39, 0xc7, 0x86, 0x3b,
  0x69, 0x33, 0x8a, 0x3b, 0xb7, 0x1a, 0x7e, 0x3b, 0x36, 0xf7, 0x85, 0x3b,
  0x4c, 0x23, 0x83, 0x3b, 0x25, 0x00, 0x00, 0x00, 0x6d, 0x6f, 0x64, 0x65,
  0x6c, 0x5f, 0x39, 0x32, 0x2f, 0x74, 0x66, 0x2e, 0x6c, 0x69, 0x6e, 0x61,
  0x6c, 0x67, 0x2e, 0x6d, 0x61, 0x74, 0x6d, 0x75, 0x6c, 0x5f, 0x31, 0x30,
  0x31, 0x38, 0x2f, 0x4d, 0x61, 0x74, 0x4d, 0x75, 0x6c, 0x00, 0x00, 0x00,
  0x02, 0x00, 0x00, 0x00, 0x07, 0x00, 0x00, 0x00, 0x10, 0x00, 0x00, 0x00,
  0x8a, 0xf9, 0xff, 0xff, 0x00, 0x00, 0x00, 0x01, 0x14, 0x00, 0x00, 0x00,
  0x78, 0x00, 0x00, 0x00, 0x13, 0x00, 0x00, 0x00, 0x00, 0x00, 0x00, 0x02,
  0x9c, 0x00, 0x00, 0x00, 0x74, 0xf9, 0xff, 0xff, 0x08, 0x00, 0x00, 0x00,
  0x40, 0x00, 0x00, 0x00, 0x07, 0x00, 0x00, 0x00, 0x00, 0x00, 0x00, 0x00,
  0x00, 0x00, 0x00, 0x00, 0x00, 0x00, 0x00, 0x00, 0x00, 0x00, 0x00, 0x00,
  0x00, 0x00, 0x00, 0x00, 0x00, 0x00, 0x00, 0x00, 0x00, 0x00, 0x00, 0x00,
  0x00, 0x00, 0x00, 0x00, 0x00, 0x00, 0x00, 0x00, 0x00, 0x00, 0x00, 0x00,
  0x00, 0x00, 0x00, 0x00, 0x00, 0x00, 0x00, 0x00, 0x00, 0x00, 0x00, 0x00,
  0x00, 0x00, 0x00, 0x00, 0x07, 0x00, 0x00, 0x00, 0x9f, 0x61, 0xf9, 0x37,
  0x54, 0x6a, 0xf0, 0x37, 0x88, 0x4e, 0x07, 0x38, 0x28, 0xbe, 0x0a, 0x38,
  0xd2, 0x19, 0xff, 0x37, 0xb4, 0x7d, 0x06, 0x38, 0xf3, 0xa6, 0x03, 0x38,
  0x28, 0x00, 0x00, 0x00, 0x6d, 0x6f, 0x64, 0x65, 0x6c, 0x5f, 0x39, 0x32,
  0x2f, 0x74, 0x66, 0x2e, 0x5f, 0x5f, 0x6f, 0x70, 0x65, 0x72, 0x61, 0x74,
  0x6f, 0x72, 0x73, 0x5f, 0x5f, 0x2e, 0x61, 0x64, 0x64, 0x5f, 0x31, 0x35,
  0x39, 0x35, 0x2f, 0x41, 0x64, 0x64, 0x56, 0x32, 0x00, 0x00, 0x00, 0x00,
  0x01, 0x00, 0x00, 0x00, 0x07, 0x00, 0x00, 0x00, 0x46, 0xfa, 0xff, 0xff,
  0x00, 0x00, 0x00, 0x01, 0x14, 0x00, 0x00, 0x00, 0x14, 0x00, 0x00, 0x00,
  0x12, 0x00, 0x00, 0x00, 0x00, 0x00, 0x00, 0x02, 0x1c, 0x00, 0x00, 0x00,
  0xa8, 0xfa, 0xff, 0xff, 0x0f, 0x00, 0x00, 0x00, 0x61, 0x72, 0x69, 0x74,
  0x68, 0x2e, 0x63, 0x6f, 0x6e, 0x73, 0x74, 0x61, 0x6e, 0x74, 0x34, 0x00,
  0x01, 0x00, 0x00, 0x00, 0x03, 0x00, 0x00, 0x00, 0x82, 0xfa, 0xff, 0xff,
  0x00, 0x00, 0x00, 0x01, 0x14, 0x00, 0x00, 0x00, 0x14, 0x00, 0x00, 0x00,
  0x11, 0x00, 0x00, 0x00, 0x00, 0x00, 0x00, 0x02, 0x1c, 0x00, 0x00, 0x00,
  0xe4, 0xfa, 0xff, 0xff, 0x0f, 0x00, 0x00, 0x00, 0x61, 0x72, 0x69, 0x74,
  0x68, 0x2e, 0x63, 0x6f, 0x6e, 0x73, 0x74, 0x61, 0x6e, 0x74, 0x35, 0x00,
  0x00, 0x00, 0x00, 0x00, 0xba, 0xfa, 0xff, 0xff, 0x00, 0x00, 0x00, 0x01,
  0x14, 0x00, 0x00, 0x00, 0x14, 0x00, 0x00, 0x00, 0x10, 0x00, 0x00, 0x00,
  0x00, 0x00, 0x00, 0x02, 0x40, 0x00, 0x00, 0x00, 0x1c, 0xfb, 0xff, 0xff,
  0x31, 0x00, 0x00, 0x00, 0x6d, 0x6f, 0x64, 0x65, 0x6c, 0x5f, 0x39, 0x32,
  0x2f, 0x74, 0x66, 0x2e, 0x63, 0x6f, 0x6d, 0x70, 0x61, 0x74, 0x2e, 0x76,
  0x31, 0x2e, 0x67, 0x61, 0x74, 0x68, 0x65, 0x72, 0x5f, 0x35, 0x33, 0x33,
  0x2f, 0x47, 0x61, 0x74, 0x68, 0x65, 0x72, 0x56, 0x32, 0x2f, 0x69, 0x6e,
  0x64, 0x69, 0x63, 0x65, 0x73, 0x00, 0x00, 0x00, 0x00, 0x00, 0x00, 0x00,
  0x16, 0xfb, 0xff, 0xff, 0x00, 0x00, 0x00, 0x01, 0x14, 0x00, 0x00, 0x00,
  0x14, 0x00, 0x00, 0x00, 0x0f, 0x00, 0x00, 0x00, 0x00, 0x00, 0x00, 0x02,
  0x40, 0x00, 0x00, 0x00, 0x78, 0xfb, 0xff, 0xff, 0x31, 0x00, 0x00, 0x00,
  0x6d, 0x6f, 0x64, 0x65, 0x6c, 0x5f, 0x39, 0x32, 0x2f, 0x74, 0x66, 0x2e,
  0x63, 0x6f, 0x6d, 0x70, 0x61, 0x74, 0x2e, 0x76, 0x31, 0x2e, 0x67, 0x61,
  0x74, 0x68, 0x65, 0x72, 0x5f, 0x35, 0x33, 0x32, 0x2f, 0x47, 0x61, 0x74,
  0x68, 0x65, 0x72, 0x56, 0x32, 0x2f, 0x69, 0x6e, 0x64, 0x69, 0x63, 0x65,
  0x73, 0x00, 0x00, 0x00, 0x00, 0x00, 0x00, 0x00, 0x72, 0xfb, 0xff, 0xff,
  0x00, 0x00, 0x00, 0x01, 0x14, 0x00, 0x00, 0x00, 0x14, 0x00, 0x00, 0x00,
  0x0e, 0x00, 0x00, 0x00, 0x00, 0x00, 0x00, 0x02, 0x40, 0x00, 0x00, 0x00,
  0xd4, 0xfb, 0xff, 0xff, 0x31, 0x00, 0x00, 0x00, 0x6d, 0x6f, 0x64, 0x65,
  0x6c, 0x5f, 0x39, 0x32, 0x2f, 0x74, 0x66, 0x2e, 0x63, 0x6f, 0x6d, 0x70,
  0x61, 0x74, 0x2e, 0x76, 0x31, 0x2e, 0x67, 0x61, 0x74, 0x68, 0x65, 0x72,
  0x5f, 0x35, 0x33, 0x31, 0x2f, 0x47, 0x61, 0x74, 0x68, 0x65, 0x72, 0x56,
  0x32, 0x2f, 0x69, 0x6e, 0x64, 0x69, 0x63, 0x65, 0x73, 0x00, 0x00, 0x00,
  0x00, 0x00, 0x00, 0x00, 0xce, 0xfb, 0xff, 0xff, 0x00, 0x00, 0x00, 0x01,
  0x14, 0x00, 0x00, 0x00, 0x14, 0x00, 0x00, 0x00, 0x0d, 0x00, 0x00, 0x00,
  0x00, 0x00, 0x00, 0x02, 0x40, 0x00, 0x00, 0x00, 0x30, 0xfc, 0xff, 0xff,
  0x31, 0x00, 0x00, 0x00, 0x6d, 0x6f, 0x64, 0x65, 0x6c, 0x5f, 0x39, 0x32,
  0x2f, 0x74, 0x66, 0x2e, 0x63, 0x6f, 0x6d, 0x70, 0x61, 0x74, 0x2e, 0x76,
  0x31, 0x2e, 0x67, 0x61, 0x74, 0x68, 0x65, 0x72, 0x5f, 0x35, 0x33, 0x30,
  0x2f, 0x47, 0x61, 0x74, 0x68, 0x65, 0x72, 0x56, 0x32, 0x2f, 0x69, 0x6e,
  0x64, 0x69, 0x63, 0x65, 0x73, 0x00, 0x00, 0x00, 0x00, 0x00, 0x00, 0x00,
  0x2a, 0xfc, 0xff, 0xff, 0x00, 0x00, 0x00, 0x01, 0x14, 0x00, 0x00, 0x00,
  0x14, 0x00, 0x00, 0x00, 0x0c, 0x00, 0x00, 0x00, 0x00, 0x00, 0x00, 0x02,
  0x40, 0x00, 0x00, 0x00, 0x8c, 0xfc, 0xff, 0xff, 0x31, 0x00, 0x00, 0x00,
  0x6d, 0x6f, 0x64, 0x65, 0x6c, 0x5f, 0x39, 0x32, 0x2f, 0x74, 0x66, 0x2e,
  0x63, 0x6f, 0x6d, 0x70, 0x61, 0x74, 0x2e, 0x76, 0x31, 0x2e, 0x67, 0x61,
  0x74, 0x68, 0x65, 0x72, 0x5f, 0x35, 0x32, 0x39, 0x2f, 0x47, 0x61, 0x74,
  0x68, 0x65, 0x72, 0x56, 0x32, 0x2f, 0x69, 0x6e, 0x64, 0x69, 0x63, 0x65,
  0x73, 0x00, 0x00, 0x00, 0x00, 0x00, 0x00, 0x00, 0x86, 0xfc, 0xff, 0xff,
  0x00, 0x00, 0x00, 0x01, 0x14, 0x00, 0x00, 0x00, 0x14, 0x00, 0x00, 0x00,
  0x0b, 0x00, 0x00, 0x00, 0x00, 0x00, 0x00, 0x02, 0x40, 0x00, 0x00, 0x00,
  0xe8, 0xfc, 0xff, 0xff, 0x31, 0x00, 0x00, 0x00, 0x6d, 0x6f, 0x64, 0x65,
  0x6c, 0x5f, 0x39, 0x32, 0x2f, 0x74, 0x66, 0x2e, 0x63, 0x6f, 0x6d, 0x70,
  0x61, 0x74, 0x2e, 0x76, 0x31, 0x2e, 0x67, 0x61, 0x74, 0x68, 0x65, 0x72,
  0x5f, 0x35, 0x32, 0x38, 0x2f, 0x47, 0x61, 0x74, 0x68, 0x65, 0x72, 0x56,
  0x32, 0x2f, 0x69, 0x6e, 0x64, 0x69, 0x63, 0x65, 0x73, 0x00, 0x00, 0x00,
  0x00, 0x00, 0x00, 0x00, 0xe2, 0xfc, 0xff, 0xff, 0x00, 0x00, 0x00, 0x01,
  0x14, 0x00, 0x00, 0x00, 0x14, 0x00, 0x00, 0x00, 0x0a, 0x00, 0x00, 0x00,
  0x00, 0x00, 0x00, 0x02, 0x40, 0x00, 0x00, 0x00, 0x44, 0xfd, 0xff, 0xff,
  0x31, 0x00, 0x00, 0x00, 0x6d, 0x6f, 0x64, 0x65, 0x6c, 0x5f, 0x39, 0x32,
  0x2f, 0x74, 0x66, 0x2e, 0x63, 0x6f, 0x6d, 0x70, 0x61, 0x74, 0x2e, 0x76,
  0x31, 0x2e, 0x67, 0x61, 0x74, 0x68, 0x65, 0x72, 0x5f, 0x35, 0x32, 0x37,
  0x2f, 0x47, 0x61, 0x74, 0x68, 0x65, 0x72, 0x56, 0x32, 0x2f, 0x69, 0x6e,
  0x64, 0x69, 0x63, 0x65, 0x73, 0x00, 0x00, 0x00, 0x00, 0x00, 0x00, 0x00,
  0x3e, 0xfd, 0xff, 0xff, 0x00, 0x00, 0x00, 0x01, 0x14, 0x00, 0x00, 0x00,
  0x14, 0x00, 0x00, 0x00, 0x09, 0x00, 0x00, 0x00, 0x00, 0x00, 0x00, 0x02,
  0x40, 0x00, 0x00, 0x00, 0xa0, 0xfd, 0xff, 0xff, 0x31, 0x00, 0x00, 0x00,
  0x6d, 0x6f, 0x64, 0x65, 0x6c, 0x5f, 0x39, 0x32, 0x2f, 0x74, 0x66, 0x2e,
  0x63, 0x6f, 0x6d, 0x70, 0x61, 0x74, 0x2e, 0x76, 0x31, 0x2e, 0x67, 0x61,
  0x74, 0x68, 0x65, 0x72, 0x5f, 0x35, 0x32, 0x36, 0x2f, 0x47, 0x61, 0x74,
  0x68, 0x65, 0x72, 0x56, 0x32, 0x2f, 0x69, 0x6e, 0x64, 0x69, 0x63, 0x65,
  0x73, 0x00, 0x00, 0x00, 0x00, 0x00, 0x00, 0x00, 0x9a, 0xfd, 0xff, 0xff,
  0x00, 0x00, 0x00, 0x01, 0x14, 0x00, 0x00, 0x00, 0x14, 0x00, 0x00, 0x00,
  0x08, 0x00, 0x00, 0x00, 0x00, 0x00, 0x00, 0x02, 0x40, 0x00, 0x00, 0x00,
  0xfc, 0xfd, 0xff, 0xff, 0x31, 0x00, 0x00, 0x00, 0x6d, 0x6f, 0x64, 0x65,
  0x6c, 0x5f, 0x39, 0x32, 0x2f, 0x74, 0x66, 0x2e, 0x63, 0x6f, 0x6d, 0x70,
  0x61, 0x74, 0x2e, 0x76, 0x31, 0x2e, 0x67, 0x61, 0x74, 0x68, 0x65, 0x72,
  0x5f, 0x35, 0x32, 0x35, 0x2f, 0x47, 0x61, 0x74, 0x68, 0x65, 0x72, 0x56,
  0x32, 0x2f, 0x69, 0x6e, 0x64, 0x69, 0x63, 0x65, 0x73, 0x00, 0x00, 0x00,
  0x00, 0x00, 0x00, 0x00, 0xf6, 0xfd, 0xff, 0xff, 0x00, 0x00, 0x00, 0x01,
  0x14, 0x00, 0x00, 0x00, 0x14, 0x00, 0x00, 0x00, 0x07, 0x00, 0x00, 0x00,
  0x00, 0x00, 0x00, 0x02, 0x40, 0x00, 0x00, 0x00, 0x58, 0xfe, 0xff, 0xff,
  0x31, 0x00, 0x00, 0x00, 0x6d, 0x6f, 0x64, 0x65, 0x6c, 0x5f, 0x39, 0x32,
  0x2f, 0x74, 0x66, 0x2e, 0x63, 0x6f, 0x6d, 0x70, 0x61, 0x74, 0x2e, 0x76,
  0x31, 0x2e, 0x67, 0x61, 0x74, 0x68, 0x65, 0x72, 0x5f, 0x35, 0x32, 0x34,
  0x2f, 0x47, 0x61, 0x74, 0x68, 0x65, 0x72, 0x56, 0x32, 0x2f, 0x69, 0x6e,
  0x64, 0x69, 0x63, 0x65, 0x73, 0x00, 0x00, 0x00, 0x00, 0x00, 0x00, 0x00,
  0x52, 0xfe, 0xff, 0xff, 0x00, 0x00, 0x00, 0x01, 0x14, 0x00, 0x00, 0x00,
  0x14, 0x00, 0x00, 0x00, 0x06, 0x00, 0x00, 0x00, 0x00, 0x00, 0x00, 0x02,
  0x40, 0x00, 0x00, 0x00, 0xb4, 0xfe, 0xff, 0xff, 0x31, 0x00, 0x00, 0x00,
  0x6d, 0x6f, 0x64, 0x65, 0x6c, 0x5f, 0x39, 0x32, 0x2f, 0x74, 0x66, 0x2e,
  0x63, 0x6f, 0x6d, 0x70, 0x61, 0x74, 0x2e, 0x76, 0x31, 0x2e, 0x67, 0x61,
  0x74, 0x68, 0x65, 0x72, 0x5f, 0x35, 0x32, 0x33, 0x2f, 0x47, 0x61, 0x74,
  0x68, 0x65, 0x72, 0x56, 0x32, 0x2f, 0x69, 0x6e, 0x64, 0x69, 0x63, 0x65,
  0x73, 0x00, 0x00, 0x00, 0x00, 0x00, 0x00, 0x00, 0xae, 0xfe, 0xff, 0xff,
  0x00, 0x00, 0x00, 0x01, 0x14, 0x00, 0x00, 0x00, 0x14, 0x00, 0x00, 0x00,
  0x05, 0x00, 0x00, 0x00, 0x00, 0x00, 0x00, 0x02, 0x40, 0x00, 0x00, 0x00,
  0x10, 0xff, 0xff, 0xff, 0x31, 0x00, 0x00, 0x00, 0x6d, 0x6f, 0x64, 0x65,
  0x6c, 0x5f, 0x39, 0x32, 0x2f, 0x74, 0x66, 0x2e, 0x63, 0x6f, 0x6d, 0x70,
  0x61, 0x74, 0x2e, 0x76, 0x31, 0x2e, 0x67, 0x61, 0x74, 0x68, 0x65, 0x72,
  0x5f, 0x35, 0x32, 0x32, 0x2f, 0x47, 0x61, 0x74, 0x68, 0x65, 0x72, 0x56,
  0x32, 0x2f, 0x69, 0x6e, 0x64, 0x69, 0x63, 0x65, 0x73, 0x00, 0x00, 0x00,
  0x00, 0x00, 0x00, 0x00, 0x0a, 0xff, 0xff, 0xff, 0x00, 0x00, 0x00, 0x01,
  0x14, 0x00, 0x00, 0x00, 0x14, 0x00, 0x00, 0x00, 0x04, 0x00, 0x00, 0x00,
  0x00, 0x00, 0x00, 0x02, 0x1c, 0x00, 0x00, 0x00, 0x6c, 0xff, 0xff, 0xff,
  0x0f, 0x00, 0x00, 0x00, 0x61, 0x72, 0x69, 0x74, 0x68, 0x2e, 0x63, 0x6f,
  0x6e, 0x73, 0x74, 0x61, 0x6e, 0x74, 0x36, 0x00, 0x00, 0x00, 0x00, 0x00,
  0x42, 0xff, 0xff, 0xff, 0x00, 0x00, 0x00, 0x01, 0x14, 0x00, 0x00, 0x00,
  0x14, 0x00, 0x00, 0x00, 0x03, 0x00, 0x00, 0x00, 0x00, 0x00, 0x00, 0x02,
  0x40, 0x00, 0x00, 0x00, 0xa4, 0xff, 0xff, 0xff, 0x31, 0x00, 0x00, 0x00,
  0x6d, 0x6f, 0x64, 0x65, 0x6c, 0x5f, 0x39, 0x32, 0x2f, 0x74, 0x66, 0x2e,
  0x63, 0x6f, 0x6d, 0x70, 0x61, 0x74, 0x2e, 0x76, 0x31, 0x2e, 0x67, 0x61,
  0x74, 0x68, 0x65, 0x72, 0x5f, 0x35, 0x32, 0x30, 0x2f, 0x47, 0x61, 0x74,
  0x68, 0x65, 0x72, 0x56, 0x32, 0x2f, 0x69, 0x6e, 0x64, 0x69, 0x63, 0x65,
  0x73, 0x00, 0x00, 0x00, 0x00, 0x00, 0x00, 0x00, 0x9e, 0xff, 0xff, 0xff,
  0x00, 0x00, 0x00, 0x01, 0x18, 0x00, 0x00, 0x00, 0x18, 0x00, 0x00, 0x00,
  0x02, 0x00, 0x00, 0x00, 0x00, 0x00, 0x00, 0x02, 0x40, 0x00, 0x00, 0x00,
  0x04, 0x00, 0x04, 0x00, 0x04, 0x00, 0x00, 0x00, 0x2e, 0x00, 0x00, 0x00,
  0x6d, 0x6f, 0x64, 0x65, 0x6c, 0x5f, 0x39, 0x32, 0x2f, 0x74, 0x66, 0x2e,
  0x63, 0x6f, 0x6d, 0x70, 0x61, 0x74, 0x2e, 0x76, 0x31, 0x2e, 0x73, 0x71,
  0x75, 0x65, 0x65, 0x7a, 0x65, 0x5f, 0x31, 0x33, 0x33, 0x2f, 0x6e, 0x6f,
  0x64, 0x65, 0x5f, 0x73, 0x71, 0x75, 0x65, 0x65, 0x7a, 0x65, 0x00, 0x00,
  0x01, 0x00, 0x00, 0x00, 0x03, 0x00, 0x00, 0x00, 0x00, 0x00, 0x16, 0x00,
  0x1c, 0x00, 0x18, 0x00, 0x17, 0x00, 0x10, 0x00, 0x0c, 0x00, 0x08, 0x00,
  0x00, 0x00, 0x00, 0x00, 0x00, 0x00, 0x07, 0x00, 0x16, 0x00, 0x00, 0x00,
  0x00, 0x00, 0x00, 0x01, 0x20, 0x00, 0x00, 0x00, 0x40, 0x00, 0x00, 0x00,
  0x01, 0x00, 0x00, 0x00, 0x00, 0x00, 0x00, 0x09, 0x50, 0x00, 0x00, 0x00,
  0x0c, 0x00, 0x0c, 0x00, 0x00, 0x00, 0x00, 0x00, 0x08, 0x00, 0x04, 0x00,
  0x0c, 0x00, 0x00, 0x00, 0x08, 0x00, 0x00, 0x00, 0x14, 0x00, 0x00, 0x00,
  0x01, 0x00, 0x00, 0x00, 0xf1, 0xff, 0xff, 0xff, 0xff, 0xff, 0xff, 0xff,
  0x00, 0x00, 0x00, 0x00, 0x01, 0x00, 0x00, 0x00, 0x9e, 0x8d, 0xf5, 0x3f,
  0x17, 0x00, 0x00, 0x00, 0x73, 0x65, 0x72, 0x76, 0x69, 0x6e, 0x67, 0x5f,
  0x64, 0x65, 0x66, 0x61, 0x75, 0x6c, 0x74, 0x5f, 0x69, 0x6e, 0x70, 0x75,
  0x74, 0x3a, 0x30, 0x00, 0x04, 0x00, 0x00, 0x00, 0x01, 0x00, 0x00, 0x00,
  0x0f, 0x00, 0x00, 0x00, 0x01, 0x00, 0x00, 0x00, 0x09, 0x00, 0x00, 0x00,
  0x0a, 0x00, 0x00, 0x00, 0xdc, 0x00, 0x00, 0x00, 0xbc, 0x00, 0x00, 0x00,
  0x9c, 0x00, 0x00, 0x00, 0x88, 0x00, 0x00, 0x00, 0x74, 0x00, 0x00, 0x00,
  0x60, 0x00, 0x00, 0x00, 0x4c, 0x00, 0x00, 0x00, 0x40, 0x00, 0x00, 0x00,
  0x24, 0x00, 0x00, 0x00, 0x04, 0x00, 0x00, 0x00, 0x74, 0xff, 0xff, 0xff,
  0x19, 0x00, 0x00, 0x00, 0x02, 0x00, 0x00, 0x00, 0x00, 0x00, 0x00, 0x19,
  0x0c, 0x00, 0x0e, 0x00, 0x0d, 0x00, 0x00, 0x00, 0x08, 0x00, 0x04, 0x00,
  0x0c, 0x00, 0x00, 0x00, 0x02, 0x00, 0x00, 0x00, 0x02, 0x00, 0x00, 0x00,
  0x00, 0x02, 0x0a, 0x00, 0x08, 0x00, 0x00, 0x00, 0x00, 0x00, 0x04, 0x00,
  0x0a, 0x00, 0x00, 0x00, 0x02, 0x00, 0x00, 0x00, 0xb0, 0xff, 0xff, 0xff,
  0x12, 0x00, 0x00, 0x00, 0x02, 0x00, 0x00, 0x00, 0x00, 0x00, 0x00, 0x12,
  0xc0, 0xff, 0xff, 0xff, 0x1c, 0x00, 0x00, 0x00, 0x02, 0x00, 0x00, 0x00,
  0x00, 0x00, 0x00, 0x1c, 0xd0, 0xff, 0xff, 0xff, 0x0e, 0x00, 0x00, 0x00,
  0x02, 0x00, 0x00, 0x00, 0x00, 0x00, 0x00, 0x0e, 0xe0, 0xff, 0xff, 0xff,
  0x31, 0x00, 0x00, 0x00, 0x02, 0x00, 0x00, 0x00, 0x00, 0x00, 0x00, 0x31,
  0xf0, 0xff, 0xff, 0xff, 0x09, 0x00, 0x00, 0x00, 0x04, 0x00, 0x00, 0x00,
  0x00, 0x00, 0x00, 0x09, 0x0c, 0x00, 0x10, 0x00, 0x0f, 0x00, 0x00, 0x00,
  0x08, 0x00, 0x04, 0x00, 0x0c, 0x00, 0x00, 0x00, 0x24, 0x00, 0x00, 0x00,
  0x02, 0x00, 0x00, 0x00, 0x00, 0x00, 0x00, 0x24, 0x0c, 0x00, 0x0c, 0x00,
  0x0b, 0x00, 0x00, 0x00, 0x00, 0x00, 0x04, 0x00, 0x0c, 0x00, 0x00, 0x00,
  0x16, 0x00, 0x00, 0x00, 0x00, 0x00, 0x00, 0x16
};
unsigned int tflite_models_torch_lstm_1_15_OFF_int8_tflite_len = 83552;
