unsigned char tflite_models_torch_conv_9_5_ON_float16_tflite[] = {
  0x1c, 0x00, 0x00, 0x00, 0x54, 0x46, 0x4c, 0x33, 0x14, 0x00, 0x20, 0x00,
  0x1c, 0x00, 0x18, 0x00, 0x14, 0x00, 0x10, 0x00, 0x0c, 0x00, 0x00, 0x00,
  0x08, 0x00, 0x04, 0x00, 0x14, 0x00, 0x00, 0x00, 0x1c, 0x00, 0x00, 0x00,
  0x8c, 0x00, 0x00, 0x00, 0x14, 0x01, 0x00, 0x00, 0x18, 0x3e, 0x00, 0x00,
  0x28, 0x3e, 0x00, 0x00, 0x20, 0x75, 0x00, 0x00, 0x03, 0x00, 0x00, 0x00,
  0x01, 0x00, 0x00, 0x00, 0x10, 0x00, 0x00, 0x00, 0x00, 0x00, 0x0a, 0x00,
  0x10, 0x00, 0x0c, 0x00, 0x08, 0x00, 0x04, 0x00, 0x0a, 0x00, 0x00, 0x00,
  0x0c, 0x00, 0x00, 0x00, 0x1c, 0x00, 0x00, 0x00, 0x38, 0x00, 0x00, 0x00,
  0x0f, 0x00, 0x00, 0x00, 0x73, 0x65, 0x72, 0x76, 0x69, 0x6e, 0x67, 0x5f,
  0x64, 0x65, 0x66, 0x61, 0x75, 0x6c, 0x74, 0x00, 0x01, 0x00, 0x00, 0x00,
  0x04, 0x00, 0x00, 0x00, 0x6c, 0xff, 0xff, 0xff, 0x6b, 0x00, 0x00, 0x00,
  0x04, 0x00, 0x00, 0x00, 0x06, 0x00, 0x00, 0x00, 0x6f, 0x75, 0x74, 0x70,
  0x75, 0x74, 0x00, 0x00, 0x01, 0x00, 0x00, 0x00, 0x04, 0x00, 0x00, 0x00,
  0xca, 0xc0, 0xff, 0xff, 0x04, 0x00, 0x00, 0x00, 0x05, 0x00, 0x00, 0x00,
  0x69, 0x6e, 0x70, 0x75, 0x74, 0x00, 0x00, 0x00, 0x03, 0x00, 0x00, 0x00,
  0x64, 0x00, 0x00, 0x00, 0x2c, 0x00, 0x00, 0x00, 0x04, 0x00, 0x00, 0x00,
  0xb0, 0xff, 0xff, 0xff, 0x6f, 0x00, 0x00, 0x00, 0x04, 0x00, 0x00, 0x00,
  0x13, 0x00, 0x00, 0x00, 0x43, 0x4f, 0x4e, 0x56, 0x45, 0x52, 0x53, 0x49,
  0x4f, 0x4e, 0x5f, 0x4d, 0x45, 0x54, 0x41, 0x44, 0x41, 0x54, 0x41, 0x00,
  0xd4, 0xff, 0xff, 0xff, 0x6e, 0x00, 0x00, 0x00, 0x04, 0x00, 0x00, 0x00,
  0x19, 0x00, 0x00, 0x00, 0x72, 0x65, 0x64, 0x75, 0x63, 0x65, 0x64, 0x5f,
  0x70, 0x72, 0x65, 0x63, 0x69, 0x73, 0x69, 0x6f, 0x6e, 0x5f, 0x73, 0x75,
  0x70, 0x70, 0x6f, 0x72, 0x74, 0x00, 0x00, 0x00, 0x08, 0x00, 0x0c, 0x00,
  0x08, 0x00, 0x04, 0x00, 0x08, 0x00, 0x00, 0x00, 0x6d, 0x00, 0x00, 0x00,
  0x04, 0x00, 0x00, 0x00, 0x13, 0x00, 0x00, 0x00, 0x6d, 0x69, 0x6e, 0x5f,
  0x72, 0x75, 0x6e, 0x74, 0x69, 0x6d, 0x65, 0x5f, 0x76, 0x65, 0x72, 0x73,
  0x69, 0x6f, 0x6e, 0x00, 0x70, 0x00, 0x00, 0x00, 0x00, 0x3d, 0x00, 0x00,
  0xf8, 0x3c, 0x00, 0x00, 0xc8, 0x3c, 0x00, 0x00, 0x58, 0x39, 0x00, 0x00,
  0x40, 0x39, 0x00, 0x00, 0x10, 0x39, 0x00, 0x00, 0xe0, 0x38, 0x00, 0x00,
  0xb0, 0x38, 0x00, 0x00, 0x80, 0x38, 0x00, 0x00, 0x50, 0x38, 0x00, 0x00,
  0x20, 0x38, 0x00, 0x00, 0xf0, 0x37, 0x00, 0x00, 0xc0, 0x37, 0x00, 0x00,
  0x90, 0x37, 0x00, 0x00, 0x60, 0x37, 0x00, 0x00, 0x30, 0x37, 0x00, 0x00,
  0x00, 0x37, 0x00, 0x00, 0xd0, 0x36, 0x00, 0x00, 0xa0, 0x36, 0x00, 0x00,
  0x70, 0x36, 0x00, 0x00, 0x40, 0x36, 0x00, 0x00, 0x10, 0x36, 0x00, 0x00,
  0xe0, 0x35, 0x00, 0x00, 0xf0, 0x34, 0x00, 0x00, 0xe0, 0x2e, 0x00, 0x00,
  0xd0, 0x28, 0x00, 0x00, 0xc0, 0x22, 0x00, 0x00, 0xb0, 0x1c, 0x00, 0x00,
  0xa0, 0x16, 0x00, 0x00, 0x90, 0x10, 0x00, 0x00, 0x80, 0x0a, 0x00, 0x00,
  0x70, 0x04, 0x00, 0x00, 0x50, 0x04, 0x00, 0x00, 0x20, 0x04, 0x00, 0x00,
  0xf0, 0x03, 0x00, 0x00, 0xc0, 0x03, 0x00, 0x00, 0x90, 0x03, 0x00, 0x00,
  0x60, 0x03, 0x00, 0x00, 0x30, 0x03, 0x00, 0x00, 0x00, 0x03, 0x00, 0x00,
  0xd0, 0x02, 0x00, 0x00, 0xc8, 0x02, 0x00, 0x00, 0xc0, 0x02, 0x00, 0x00,
  0xb8, 0x02, 0x00, 0x00, 0xb0, 0x02, 0x00, 0x00, 0xa8, 0x02, 0x00, 0x00,
  0xa0, 0x02, 0x00, 0x00, 0x98, 0x02, 0x00, 0x00, 0x90, 0x02, 0x00, 0x00,
  0x88, 0x02, 0x00, 0x00, 0x80, 0x02, 0x00, 0x00, 0x78, 0x02, 0x00, 0x00,
  0x70, 0x02, 0x00, 0x00, 0x68, 0x02, 0x00, 0x00, 0x60, 0x02, 0x00, 0x00,
  0x58, 0x02, 0x00, 0x00, 0x50, 0x02, 0x00, 0x00, 0x48, 0x02, 0x00, 0x00,
  0x40, 0x02, 0x00, 0x00, 0x38, 0x02, 0x00, 0x00, 0x30, 0x02, 0x00, 0x00,
  0x28, 0x02, 0x00, 0x00, 0x20, 0x02, 0x00, 0x00, 0x18, 0x02, 0x00, 0x00,
  0x10, 0x02, 0x00, 0x00, 0x08, 0x02, 0x00, 0x00, 0x00, 0x02, 0x00, 0x00,
  0xf8, 0x01, 0x00, 0x00, 0xf0, 0x01, 0x00, 0x00, 0xe8, 0x01, 0x00, 0x00,
  0xe0, 0x01, 0x00, 0x00, 0xd8, 0x01, 0x00, 0x00, 0xd0, 0x01, 0x00, 0x00,
  0xc8, 0x01, 0x00, 0x00, 0xc0, 0x01, 0x00, 0x00, 0xb8, 0x01, 0x00, 0x00,
  0xb0, 0x01, 0x00, 0x00, 0xa8, 0x01, 0x00, 0x00, 0xa0, 0x01, 0x00, 0x00,
  0x98, 0x01, 0x00, 0x00, 0x90, 0x01, 0x00, 0x00, 0x88, 0x01, 0x00, 0x00,
  0x80, 0x01, 0x00, 0x00, 0x78, 0x01, 0x00, 0x00, 0x70, 0x01, 0x00, 0x00,
  0x68, 0x01, 0x00, 0x00, 0x60, 0x01, 0x00, 0x00, 0x58, 0x01, 0x00, 0x00,
  0x50, 0x01, 0x00, 0x00, 0x48, 0x01, 0x00, 0x00, 0x40, 0x01, 0x00, 0x00,
  0x38, 0x01, 0x00, 0x00, 0x30, 0x01, 0x00, 0x00, 0x28, 0x01, 0x00, 0x00,
  0x20, 0x01, 0x00, 0x00, 0x18, 0x01, 0x00, 0x00, 0x10, 0x01, 0x00, 0x00,
  0x08, 0x01, 0x00, 0x00, 0x00, 0x01, 0x00, 0x00, 0xf8, 0x00, 0x00, 0x00,
  0xf0, 0x00, 0x00, 0x00, 0xe8, 0x00, 0x00, 0x00, 0xe0, 0x00, 0x00, 0x00,
  0xd8, 0x00, 0x00, 0x00, 0xd0, 0x00, 0x00, 0x00, 0xc8, 0x00, 0x00, 0x00,
  0xc0, 0x00, 0x00, 0x00, 0xb8, 0x00, 0x00, 0x00, 0xb0, 0x00, 0x00, 0x00,
  0x90, 0x00, 0x00, 0x00, 0x74, 0x00, 0x00, 0x00, 0x04, 0x00, 0x00, 0x00,
  0x2e, 0xc3, 0xff, 0xff, 0x04, 0x00, 0x00, 0x00, 0x60, 0x00, 0x00, 0x00,
  0x0c, 0x00, 0x00, 0x00, 0x08, 0x00, 0x0e, 0x00, 0x08, 0x00, 0x04, 0x00,
  0x08, 0x00, 0x00, 0x00, 0x10, 0x00, 0x00, 0x00, 0x28, 0x00, 0x00, 0x00,
  0x00, 0x00, 0x06, 0x00, 0x08, 0x00, 0x04, 0x00, 0x06, 0x00, 0x00, 0x00,
  0x04, 0x00, 0x00, 0x00, 0x01, 0x00, 0x00, 0x00, 0xe9, 0x03, 0x00, 0x00,
  0x0c, 0x00, 0x18, 0x00, 0x14, 0x00, 0x10, 0x00, 0x0c, 0x00, 0x04, 0x00,
  0x0c, 0x00, 0x00, 0x00, 0x1c, 0x7c, 0xb1, 0x86, 0x05, 0x7c, 0x45, 0x41,
  0x01, 0x00, 0x00, 0x00, 0x02, 0x00, 0x00, 0x00, 0x04, 0x00, 0x00, 0x00,
  0x06, 0x00, 0x00, 0x00, 0x32, 0x2e, 0x32, 0x31, 0x2e, 0x30, 0x00, 0x00,
  0x9a, 0xc3, 0xff, 0xff, 0x04, 0x00, 0x00, 0x00, 0x0b, 0x00, 0x00, 0x00,
  0x66, 0x70, 0x31, 0x36, 0x61, 0x63, 0x63, 0x66, 0x70, 0x33, 0x32, 0x00,
  0xb2, 0xc3, 0xff, 0xff, 0x04, 0x00, 0x00, 0x00, 0x10, 0x00, 0x00, 0x00,
  0x31, 0x2e, 0x31, 0x35, 0x2e, 0x30, 0x00, 0x00, 0x00, 0x00, 0x00, 0x00,
  0x00, 0x00, 0x00, 0x00, 0x08, 0x8e, 0xff, 0xff, 0x0c, 0x8e, 0xff, 0xff,
  0x10, 0x8e, 0xff, 0xff, 0x14, 0x8e, 0xff, 0xff, 0x18, 0x8e, 0xff, 0xff,
  0x1c, 0x8e, 0xff, 0xff, 0x20, 0x8e, 0xff, 0xff, 0x24, 0x8e, 0xff, 0xff,
  0x28, 0x8e, 0xff, 0xff, 0x2c, 0x8e, 0xff, 0xff, 0x30, 0x8e, 0xff, 0xff,
  0x34, 0x8e, 0xff, 0xff, 0x38, 0x8e, 0xff, 0xff, 0x3c, 0x8e, 0xff, 0xff,
  0x40, 0x8e, 0xff, 0xff, 0x44, 0x8e, 0xff, 0xff, 0x48, 0x8e, 0xff, 0xff,
  0x4c, 0x8e, 0xff, 0xff, 0x50, 0x8e, 0xff, 0xff, 0x54, 0x8e, 0xff, 0xff,
  0x58, 0x8e, 0xff, 0xff, 0x5c, 0x8e, 0xff, 0xff, 0x60, 0x8e, 0xff, 0xff,
  0x64, 0x8e, 0xff, 0xff, 0x68, 0x8e, 0xff, 0xff, 0x6c, 0x8e, 0xff, 0xff,
  0x70, 0x8e, 0xff, 0xff, 0x74, 0x8e, 0xff, 0xff, 0x78, 0x8e, 0xff, 0xff,
  0x7c, 0x8e, 0xff, 0xff, 0x80, 0x8e, 0xff, 0xff, 0x84, 0x8e, 0xff, 0xff,
  0x88, 0x8e, 0xff, 0xff, 0x8c, 0x8e, 0xff, 0xff, 0x90, 0x8e, 0xff, 0xff,
  0x94, 0x8e, 0xff, 0xff, 0x98, 0x8e, 0xff, 0xff, 0x9c, 0x8e, 0xff, 0xff,
  0xa0, 0x8e, 0xff, 0xff, 0xa4, 0x8e, 0xff, 0xff, 0xa8, 0x8e, 0xff, 0xff,
  0xac, 0x8e, 0xff, 0xff, 0xb0, 0x8e, 0xff, 0xff, 0xb4, 0x8e, 0xff, 0xff,
  0xb8, 0x8e, 0xff, 0xff, 0xbc, 0x8e, 0xff, 0xff, 0xc0, 0x8e, 0xff, 0xff,
  0xc4, 0x8e, 0xff, 0xff, 0xc8, 0x8e, 0xff, 0xff, 0xcc, 0x8e, 0xff, 0xff,
  0xd0, 0x8e, 0xff, 0xff, 0xd4, 0x8e, 0xff, 0xff, 0xd8, 0x8e, 0xff, 0xff,
  0xdc, 0x8e, 0xff, 0xff, 0xe0, 0x8e, 0xff, 0xff, 0xe4, 0x8e, 0xff, 0xff,
  0xe8, 0x8e, 0xff, 0xff, 0xec, 0x8e, 0xff, 0xff, 0xf0, 0x8e, 0xff, 0xff,
  0xf4, 0x8e, 0xff, 0xff, 0xf8, 0x8e, 0xff, 0xff, 0xfc, 0x8e, 0xff, 0xff,
  0x00, 0x8f, 0xff, 0xff, 0x04, 0x8f, 0xff, 0xff, 0x08, 0x8f, 0xff, 0xff,
  0x0c, 0x8f, 0xff, 0xff, 0x10, 0x8f, 0xff, 0xff, 0x14, 0x8f, 0xff, 0xff,
  0xde, 0xc4, 0xff, 0xff, 0x04, 0x00, 0x00, 0x00, 0x20, 0x00, 0x00, 0x00,
  0xc4, 0xa4, 0x77, 0x28, 0x1d, 0xaa, 0x00, 0x2d, 0x2c, 0x30, 0x41, 0xaa,
  0xfc, 0x30, 0xb9, 0x28, 0x2d, 0x28, 0xa5, 0x2d, 0x52, 0xa2, 0x28, 0x30,
  0x50, 0x31, 0xfe, 0x9b, 0x79, 0xa1, 0x85, 0x2e, 0x0a, 0xc5, 0xff, 0xff,
  0x04, 0x00, 0x00, 0x00, 0x20, 0x00, 0x00, 0x00, 0x16, 0x2a, 0x58, 0x2d,
  0x81, 0xa7, 0xac, 0xa7, 0x2f, 0x2b, 0x9a, 0xa4, 0x4a, 0x30, 0xdb, 0x2a,
  0x94, 0xac, 0x3c, 0xa4, 0xe0, 0x9c, 0x82, 0x8f, 0x27, 0xab, 0xff, 0x2a,
  0x66, 0x31, 0xa1, 0x2b, 0x36, 0xc5, 0xff, 0xff, 0x04, 0x00, 0x00, 0x00,
  0x20, 0x00, 0x00, 0x00, 0x3e, 0x29, 0xd2, 0xac, 0x5d, 0x27, 0x17, 0xaf,
  0xe4, 0xad, 0x81, 0x2e, 0xd9, 0xb0, 0x93, 0xa2, 0xdc, 0xad, 0xf8, 0x2c,
  0x53, 0xa5, 0x7a, 0x31, 0x5e, 0x30, 0x2c, 0x2e, 0x2e, 0x1e, 0x9c, 0x22,
  0x62, 0xc5, 0xff, 0xff, 0x04, 0x00, 0x00, 0x00, 0x20, 0x00, 0x00, 0x00,
  0x7c, 0xad, 0xb8, 0xa5, 0xa3, 0x30, 0x1e, 0x2c, 0xa1, 0x28, 0x6d, 0x2f,
  0x05, 0x8e, 0x88, 0x30, 0xec, 0x31, 0x6d, 0x2e, 0xc4, 0x2e, 0x08, 0xad,
  0x2f, 0x2c, 0x4b, 0x31, 0xf9, 0xab, 0x46, 0x1d, 0x8e, 0xc5, 0xff, 0xff,
  0x04, 0x00, 0x00, 0x00, 0x20, 0x00, 0x00, 0x00, 0x7b, 0x2c, 0x16, 0xa2,
  0x68, 0x28, 0x5e, 0x2a, 0xda, 0x94, 0xb8, 0xa5, 0xba, 0xa9, 0x3d, 0x2e,
  0x6e, 0xac, 0x03, 0x2e, 0xb8, 0xa2, 0x0b, 0xab, 0x6c, 0x9f, 0x21, 0x31,
  0xdc, 0xa8, 0x37, 0xac, 0xba, 0xc5, 0xff, 0xff, 0x04, 0x00, 0x00, 0x00,
  0x20, 0x00, 0x00, 0x00, 0x85, 0x2f, 0xdc, 0xad, 0x57, 0x9c, 0x8f, 0x2d,
  0xb0, 0xaf, 0x35, 0xa0, 0xd0, 0xa8, 0x22, 0x24, 0xbb, 0xa9, 0x76, 0x2c,
  0x0c, 0x30, 0x79, 0xab, 0xc8, 0x30, 0xe2, 0x24, 0x34, 0xaa, 0x6c, 0xa8,
  0xe6, 0xc5, 0xff, 0xff, 0x04, 0x00, 0x00, 0x00, 0x20, 0x00, 0x00, 0x00,
  0x2e, 0xaa, 0xd2, 0x2d, 0x8f, 0xac, 0xc0, 0x30, 0x6f, 0x30, 0x1b, 0xa9,
  0x64, 0xad, 0xbd, 0xac, 0x26, 0xb1, 0xe6, 0xa9, 0xff, 0x20, 0x50, 0x29,
  0xb7, 0xaf, 0xb6, 0x2d, 0xdb, 0x27, 0xf0, 0xa5, 0x12, 0xc6, 0xff, 0xff,
  0x04, 0x00, 0x00, 0x00, 0x20, 0x00, 0x00, 0x00, 0x0d, 0x2e, 0x49, 0xa2,
  0x72, 0xae, 0xd4, 0xa2, 0x2e, 0x2c, 0xf6, 0x30, 0x2b, 0x2b, 0x66, 0x30,
  0x39, 0xb0, 0x50, 0xa9, 0xb9, 0x2a, 0x6b, 0xaa, 0x30, 0x2d, 0x0b, 0xae,
  0x38, 0xad, 0xb7, 0x2e, 0x3e, 0xc6, 0xff, 0xff, 0x04, 0x00, 0x00, 0x00,
  0x0e, 0x00, 0x00, 0x00, 0xd4, 0x20, 0xa0, 0xac, 0x84, 0xaa, 0x2b, 0xb3,
  0x66, 0x87, 0x2d, 0x2c, 0x51, 0x2b, 0x00, 0x00, 0x5a, 0xc6, 0xff, 0xff,
  0x04, 0x00, 0x00, 0x00, 0x00, 0x06, 0x00, 0x00, 0xa8, 0xaf, 0x0c, 0xae,
  0xe3, 0x2d, 0xf1, 0x2e, 0x44, 0x2d, 0x0e, 0x26, 0xc7, 0xb0, 0xb3, 0xad,
  0x98, 0xb0, 0xd1, 0xad, 0x6d, 0x2e, 0x35, 0x1d, 0x48, 0x28, 0xe0, 0x30,
  0xbf, 0xb1, 0xfc, 0x28, 0xac, 0x20, 0xc0, 0x24, 0xc0, 0xab, 0xcc, 0xb0,
  0xb8, 0x20, 0x0a, 0xa4, 0x59, 0x2a, 0x8d, 0x26, 0x6f, 0x2f, 0x83, 0x27,
  0x5e, 0xac, 0x0a, 0xb1, 0x48, 0x30, 0x26, 0x27, 0xdc, 0x2a, 0x48, 0xb0,
  0x39, 0xb1, 0x36, 0xad, 0x47, 0x2a, 0x32, 0x2b, 0xe5, 0xa2, 0x64, 0x2e,
  0x13, 0x2d, 0x1c, 0xb1, 0xdd, 0x2e, 0xea, 0x2d, 0xc3, 0x99, 0x55, 0xa3,
  0xe1, 0xa5, 0xf2, 0x26, 0xcf, 0xac, 0xcd, 0x2c, 0xbe, 0x15, 0x78, 0xa3,
  0x53, 0xac, 0x6e, 0x31, 0xe8, 0xae, 0x1e, 0x28, 0x67, 0xae, 0x8c, 0xb0,
  0xf4, 0xad, 0x1f, 0x2c, 0xd8, 0xa9, 0x5e, 0xa1, 0x1a, 0x2d, 0x06, 0x2c,
  0x05, 0xaf, 0x32, 0xb0, 0x03, 0xa9, 0xdf, 0xa1, 0x74, 0x2d, 0x6c, 0xa8,
  0x6c, 0x22, 0xc1, 0xa0, 0x0f, 0x29, 0xc1, 0xae, 0x13, 0x2d, 0xd4, 0xae,
  0x10, 0x9d, 0x6c, 0xad, 0x47, 0xab, 0x7b, 0x2c, 0xd0, 0x2d, 0x75, 0xb1,
  0x8d, 0xaa, 0xab, 0x2e, 0x46, 0xa0, 0x7f, 0xab, 0xc5, 0x2c, 0xc1, 0x16,
  0x73, 0xa1, 0x3c, 0xb0, 0xb9, 0x2f, 0xd5, 0xaa, 0x1e, 0x30, 0xd7, 0x9b,
  0xa2, 0xaf, 0x54, 0x2c, 0x70, 0x28, 0xeb, 0xb0, 0xb0, 0x27, 0xb8, 0x28,
  0xa0, 0xae, 0x9a, 0x2e, 0x09, 0x22, 0x9c, 0x2d, 0x3b, 0xaf, 0x78, 0xac,
  0xdf, 0xac, 0xd2, 0x2e, 0x38, 0xb0, 0xd3, 0x1c, 0x75, 0x2c, 0xfc, 0x2c,
  0x01, 0xaa, 0x1c, 0xb0, 0xf5, 0xb1, 0xd4, 0x24, 0x4e, 0x82, 0x32, 0x1e,
  0x8b, 0xaf, 0x28, 0x2c, 0x64, 0xa9, 0x2a, 0x2a, 0xdd, 0xae, 0x9e, 0x21,
  0x87, 0xae, 0xd1, 0xa0, 0xfb, 0x2d, 0xfa, 0x24, 0xfd, 0xb1, 0x8e, 0xa4,
  0x86, 0x2b, 0xe0, 0x2f, 0xa6, 0xac, 0x16, 0xac, 0x8d, 0x2c, 0x22, 0x2f,
  0x9a, 0xa4, 0x17, 0xb1, 0x35, 0x2d, 0x5a, 0x2d, 0xc4, 0x30, 0xc1, 0x2b,
  0xb9, 0xab, 0xe1, 0x2d, 0xf3, 0xa8, 0x3f, 0x2c, 0x07, 0xac, 0xe2, 0xac,
  0xfd, 0x27, 0x19, 0xa9, 0xcf, 0xae, 0x3d, 0xab, 0x9e, 0xae, 0x1a, 0xb1,
  0x55, 0x17, 0x56, 0x2f, 0xa8, 0xa8, 0xbe, 0xaa, 0x24, 0x2a, 0x34, 0x29,
  0x9a, 0xad, 0xdb, 0xa5, 0x4d, 0xac, 0xa9, 0x2b, 0x0e, 0x28, 0x65, 0xaa,
  0x3a, 0xae, 0xb2, 0x92, 0x92, 0xa2, 0xb3, 0x2a, 0xfa, 0xaa, 0x9b, 0xad,
  0xc1, 0xa8, 0x99, 0x2b, 0x98, 0x2f, 0xbc, 0x30, 0x21, 0xb3, 0xff, 0xae,
  0x5d, 0xab, 0x8a, 0xad, 0xee, 0xa8, 0x8b, 0x2c, 0xd9, 0x27, 0xd4, 0xa1,
  0xfc, 0x19, 0x88, 0xa0, 0x1c, 0xae, 0x8a, 0x2c, 0x35, 0xa9, 0x07, 0x25,
  0x76, 0x2e, 0x1c, 0xae, 0x58, 0xaf, 0x26, 0xad, 0x8c, 0xac, 0x7d, 0xae,
  0x18, 0x2e, 0xc0, 0x9d, 0x69, 0x2d, 0x7c, 0x2d, 0x5f, 0x2c, 0xf4, 0xad,
  0x26, 0xa4, 0x44, 0xa4, 0xfd, 0xae, 0x43, 0xb0, 0x5b, 0x2e, 0x61, 0x25,
  0xd0, 0x2d, 0x0e, 0x2f, 0x71, 0x2f, 0x0e, 0x26, 0xaf, 0xa0, 0x72, 0xae,
  0x06, 0xb2, 0xf5, 0x2b, 0xa1, 0xa9, 0x51, 0x30, 0xaa, 0xb1, 0x26, 0xb2,
  0x74, 0xae, 0x6b, 0xa9, 0xfe, 0x29, 0x08, 0x2d, 0xa4, 0x23, 0x3d, 0xa4,
  0xb8, 0xac, 0x6b, 0xad, 0x3f, 0xa5, 0xc5, 0x2e, 0x07, 0xaf, 0x44, 0x29,
  0x77, 0x20, 0xd3, 0xa5, 0xbe, 0xac, 0x17, 0x20, 0xc6, 0xab, 0xd7, 0x2c,
  0x94, 0xb0, 0x4e, 0xa9, 0x6a, 0x25, 0x32, 0x21, 0x17, 0x2e, 0xd9, 0x23,
  0x57, 0xa6, 0x7f, 0x2d, 0xee, 0x29, 0x19, 0x2c, 0x69, 0x2b, 0x8b, 0x2d,
  0xe0, 0xa7, 0xd6, 0xb0, 0x8c, 0xab, 0x71, 0xad, 0xa3, 0xb1, 0xfe, 0xb1,
  0xcf, 0xa8, 0x9d, 0xab, 0xbe, 0x2d, 0x64, 0x2d, 0xe0, 0xac, 0xb6, 0x28,
  0x3c, 0xb1, 0x8b, 0x2c, 0x51, 0x2f, 0x40, 0xa6, 0x4a, 0xb1, 0xfa, 0xaf,
  0x79, 0xb0, 0x8e, 0xb1, 0xf2, 0x28, 0xf1, 0xab, 0x21, 0xa7, 0xef, 0x2d,
  0x0b, 0xac, 0x24, 0xa7, 0x59, 0x2d, 0x29, 0xb1, 0x6d, 0xaf, 0x6a, 0x2e,
  0xfb, 0xa4, 0x66, 0xad, 0x44, 0x2b, 0x42, 0xb1, 0x27, 0x2b, 0xd7, 0xa4,
  0x47, 0xaf, 0xe1, 0xa2, 0x08, 0x30, 0xa6, 0x22, 0xfb, 0xac, 0xb2, 0xaf,
  0x6e, 0x2d, 0xa6, 0xaf, 0x29, 0xa9, 0x0f, 0x2d, 0xd4, 0x22, 0xbf, 0x2f,
  0xad, 0xae, 0xba, 0x2c, 0x8b, 0xa5, 0x9d, 0xae, 0xb2, 0xa5, 0x7f, 0xad,
  0xa2, 0x30, 0x1d, 0x8c, 0x0c, 0x30, 0x86, 0x23, 0x20, 0x23, 0x78, 0x8c,
  0x31, 0xb2, 0x83, 0x30, 0x17, 0x2a, 0xf3, 0xa1, 0x3b, 0xb3, 0xa3, 0x2a,
  0x76, 0x2c, 0xb6, 0xac, 0xa4, 0x91, 0x86, 0xac, 0x42, 0xaa, 0x81, 0x2e,
  0x4e, 0xa8, 0x43, 0xb2, 0x77, 0x28, 0x6a, 0xaa, 0x0f, 0x2d, 0x4e, 0x26,
  0x1f, 0xa8, 0x65, 0xac, 0xa7, 0xaf, 0xeb, 0xb0, 0xfb, 0xad, 0xd1, 0xaf,
  0xa8, 0xaa, 0x17, 0xa6, 0xc0, 0xa5, 0xee, 0xa8, 0x7d, 0x2c, 0xc4, 0xa8,
  0xbd, 0xac, 0x0a, 0xa6, 0x13, 0xad, 0x55, 0x2e, 0xd2, 0x30, 0xf2, 0x2d,
  0x48, 0x28, 0x4d, 0x2c, 0xa9, 0xac, 0x78, 0xad, 0x57, 0x2c, 0x4b, 0xa4,
  0x14, 0xad, 0x28, 0x30, 0x7f, 0xa7, 0x6c, 0xa8, 0xf9, 0xac, 0xcf, 0xa4,
  0x4d, 0xb0, 0x1f, 0x2d, 0x08, 0x2e, 0x33, 0x2e, 0x97, 0xaf, 0x25, 0x29,
  0x32, 0xb0, 0x7a, 0x26, 0xec, 0x28, 0xea, 0xb0, 0x0a, 0xa8, 0x3c, 0x2a,
  0x47, 0x2b, 0xad, 0xad, 0x47, 0x2c, 0x0f, 0xaf, 0x65, 0x26, 0x22, 0x23,
  0x6d, 0xae, 0x1a, 0xaf, 0x98, 0xb0, 0x51, 0x2c, 0x26, 0x2e, 0xa9, 0xb1,
  0x7a, 0xa7, 0x14, 0xaf, 0xcc, 0x2e, 0x5b, 0xa5, 0xee, 0xab, 0xd5, 0xad,
  0x69, 0x28, 0x04, 0x2d, 0xac, 0xac, 0x7e, 0xa7, 0xa4, 0xb1, 0xa9, 0xa9,
  0x5b, 0xae, 0x7b, 0xa8, 0x99, 0x24, 0x61, 0x2f, 0xfd, 0x2e, 0xf0, 0x30,
  0xfd, 0xaa, 0xb5, 0xad, 0x8f, 0x29, 0x20, 0xa0, 0x38, 0xb0, 0x9d, 0xad,
  0x0f, 0xaf, 0x63, 0xad, 0xc8, 0xa8, 0xed, 0xaf, 0xfe, 0x25, 0x32, 0x2b,
  0x5e, 0xae, 0x8a, 0x26, 0x3e, 0xac, 0x91, 0xa9, 0xa6, 0xaf, 0x7d, 0xb2,
  0xe7, 0xa8, 0xa4, 0x29, 0xe8, 0x2e, 0xf7, 0xa5, 0x95, 0xae, 0xac, 0x2d,
  0xc0, 0xae, 0xdb, 0xad, 0x34, 0x30, 0x72, 0xae, 0xdc, 0x2c, 0xe5, 0x2f,
  0xf7, 0x2a, 0x4f, 0x2e, 0xda, 0xae, 0x97, 0x2c, 0x8b, 0xaa, 0xb1, 0xa8,
  0xb2, 0x1e, 0xdb, 0x2f, 0xcd, 0x24, 0xfd, 0xa7, 0xab, 0xaf, 0xe9, 0x25,
  0xc2, 0xae, 0xe7, 0xa5, 0x39, 0xae, 0x13, 0x27, 0x0f, 0x9b, 0x34, 0xa7,
  0xaf, 0xb2, 0x8d, 0xac, 0x99, 0xb2, 0xb8, 0x2f, 0x97, 0xa4, 0xcb, 0x29,
  0x9a, 0xa8, 0x09, 0x2d, 0x19, 0xb1, 0x39, 0xb0, 0xba, 0xaa, 0x1e, 0x2c,
  0x04, 0xa4, 0x3e, 0xa8, 0x3f, 0x30, 0xbc, 0xad, 0x92, 0xa7, 0xad, 0xa7,
  0x03, 0xaf, 0x77, 0xa4, 0xfd, 0xa7, 0x7c, 0xad, 0xaa, 0x2c, 0x95, 0x28,
  0x00, 0x18, 0xe3, 0x09, 0x09, 0x2c, 0x65, 0x29, 0xb6, 0x2b, 0x04, 0xa7,
  0x01, 0x2d, 0xe5, 0x2a, 0x90, 0x2e, 0x22, 0xaf, 0x01, 0xab, 0x28, 0x2b,
  0x29, 0x22, 0x01, 0xa6, 0x65, 0x2e, 0xc8, 0x1b, 0xdd, 0xaf, 0x2b, 0xb1,
  0x17, 0x1e, 0x6c, 0x2d, 0xfa, 0xad, 0xe1, 0xb0, 0xd3, 0xa8, 0x0b, 0xaa,
  0x5d, 0x2d, 0x5e, 0xad, 0x53, 0xa4, 0x6e, 0x2e, 0x67, 0xa4, 0x5c, 0x23,
  0xda, 0x2b, 0x0f, 0x2a, 0x0f, 0xae, 0x22, 0xa9, 0xf9, 0x9c, 0xea, 0x28,
  0x05, 0x2e, 0x63, 0xb0, 0xcd, 0xa4, 0x9b, 0x30, 0x03, 0xa1, 0x7b, 0xac,
  0xea, 0xa6, 0xca, 0xa0, 0xe7, 0x26, 0x86, 0xaf, 0xa6, 0x29, 0x4b, 0xa4,
  0xa1, 0xa8, 0x22, 0xb1, 0x41, 0xab, 0x54, 0x28, 0x4e, 0xa1, 0x47, 0x2f,
  0x83, 0x2e, 0xa2, 0xab, 0x7f, 0xa5, 0x14, 0x9f, 0x5b, 0xa6, 0x4b, 0xb0,
  0xb5, 0x2a, 0x72, 0xac, 0xb6, 0xa1, 0x53, 0xa7, 0x64, 0xad, 0x1d, 0x30,
  0xce, 0xa9, 0x26, 0x2a, 0xf5, 0xa9, 0x63, 0x2d, 0x3f, 0xac, 0x9b, 0xa8,
  0x35, 0x1d, 0xa5, 0x00, 0xab, 0xa8, 0x1a, 0xb1, 0xb6, 0x29, 0x53, 0xb1,
  0xfd, 0x28, 0xaf, 0x2a, 0x19, 0xad, 0x44, 0xa8, 0x22, 0xa7, 0x96, 0xae,
  0x7a, 0xaf, 0x9f, 0xb0, 0x35, 0x28, 0x6f, 0xa9, 0x4a, 0x2e, 0xf8, 0xac,
  0xd2, 0x2c, 0x0d, 0xa2, 0xa8, 0x20, 0x07, 0xad, 0x1e, 0x25, 0x77, 0x21,
  0x15, 0x28, 0xfa, 0xa7, 0x4d, 0x25, 0xb9, 0xaf, 0x18, 0x2b, 0x32, 0xac,
  0x0d, 0x2a, 0xfd, 0xb0, 0x32, 0xa7, 0x61, 0x26, 0xa2, 0xaf, 0x64, 0x2e,
  0x24, 0x2f, 0xfd, 0x21, 0xcc, 0x9e, 0xc9, 0xa8, 0xd2, 0xae, 0x95, 0xb0,
  0x46, 0xb0, 0xc7, 0x30, 0x43, 0xaa, 0xd1, 0x2d, 0x94, 0xa9, 0x1e, 0x28,
  0x14, 0x19, 0x1f, 0xa9, 0x36, 0xb1, 0xd5, 0x28, 0x17, 0x2d, 0x1f, 0xa7,
  0x49, 0x2e, 0xb4, 0x2c, 0x01, 0x2c, 0x5c, 0x20, 0xdb, 0x2a, 0x7e, 0xa4,
  0x19, 0x9c, 0x00, 0xad, 0x42, 0x2e, 0x85, 0xac, 0xa1, 0xad, 0xfa, 0xad,
  0xde, 0x2c, 0x0d, 0xa8, 0xb2, 0xa5, 0xf6, 0xad, 0xd7, 0xa7, 0x99, 0x2a,
  0xa3, 0xaf, 0xfe, 0x2e, 0xd3, 0xaa, 0x8f, 0x2d, 0x00, 0x31, 0x3f, 0x2b,
  0x4a, 0x8e, 0x68, 0x23, 0x37, 0xab, 0x2a, 0xab, 0x3c, 0xaf, 0x0e, 0x29,
  0x36, 0x24, 0x41, 0x2a, 0xbf, 0x2c, 0x31, 0x25, 0x56, 0xac, 0x3e, 0xa8,
  0xe3, 0x2f, 0x43, 0x2a, 0xc6, 0xaf, 0x07, 0xaf, 0x68, 0x2c, 0x50, 0xa5,
  0x9a, 0xaf, 0x2e, 0x2c, 0xd0, 0x24, 0xc8, 0xa5, 0x05, 0xb0, 0xba, 0xac,
  0x70, 0xad, 0xc6, 0x26, 0x03, 0x2b, 0x43, 0xaf, 0x30, 0xb0, 0xb5, 0x28,
  0xa1, 0x2a, 0xad, 0xa9, 0x56, 0xa9, 0x6e, 0x28, 0x4b, 0xb0, 0xe8, 0xb0,
  0x79, 0xab, 0xc9, 0x25, 0xd7, 0x21, 0x21, 0x23, 0x4f, 0x1f, 0x6d, 0x2b,
  0xff, 0xab, 0xcc, 0x2e, 0x07, 0x2e, 0x5c, 0xad, 0x2e, 0x2d, 0x50, 0x29,
  0x69, 0x2c, 0x54, 0x2e, 0x01, 0xaf, 0x3a, 0x29, 0x76, 0xa5, 0xa5, 0xad,
  0x77, 0x2a, 0x2c, 0xad, 0x18, 0xac, 0xd2, 0xa9, 0x62, 0x26, 0xf2, 0x1b,
  0xad, 0xae, 0x3e, 0xb1, 0xab, 0xb0, 0x78, 0x2d, 0xc1, 0xad, 0x70, 0xa7,
  0x36, 0x28, 0x65, 0xab, 0x2a, 0xae, 0xef, 0xb1, 0xb7, 0x26, 0x95, 0xa9,
  0xe4, 0x25, 0xa4, 0x2e, 0x4d, 0xa9, 0xd2, 0x2e, 0x15, 0x28, 0x4c, 0xaf,
  0x41, 0xb1, 0xe0, 0xa5, 0x5a, 0xb0, 0xf3, 0xaa, 0xa0, 0xaa, 0x17, 0x2a,
  0x5b, 0xab, 0x1d, 0x2f, 0x7a, 0xa1, 0xf4, 0xa0, 0x98, 0xb0, 0x96, 0x2a,
  0x2f, 0x2c, 0x41, 0xaa, 0xc9, 0xa2, 0xa5, 0xac, 0xe0, 0xaf, 0x56, 0xb0,
  0xd0, 0x1f, 0xed, 0xb0, 0x46, 0x27, 0xb4, 0x2c, 0x50, 0x29, 0x1c, 0x2a,
  0x43, 0x2a, 0x8a, 0xaf, 0xc2, 0xa9, 0xa1, 0x26, 0xc8, 0x29, 0x4f, 0x2d,
  0x0c, 0xa2, 0x0b, 0xac, 0x0a, 0xb1, 0x1c, 0x2d, 0x70, 0x2c, 0x3f, 0x2c,
  0x98, 0x2d, 0x19, 0x28, 0x86, 0xa2, 0x8a, 0xae, 0x25, 0xad, 0xb7, 0xaa,
  0x36, 0xb0, 0x32, 0x2e, 0x83, 0xab, 0x3f, 0x2e, 0x8e, 0xb1, 0x18, 0xb0,
  0x0a, 0xb1, 0x1d, 0x2c, 0x4d, 0xb0, 0x3f, 0xaf, 0x64, 0x26, 0x2d, 0x27,
  0x39, 0xaf, 0x35, 0xb2, 0xdf, 0x28, 0x5a, 0xb0, 0xa7, 0x2b, 0x87, 0xa1,
  0xdb, 0x2d, 0xd8, 0xab, 0x53, 0xad, 0x11, 0x2e, 0xce, 0x2c, 0x15, 0x24,
  0x17, 0xb0, 0xaf, 0xae, 0xd2, 0x2c, 0x34, 0xa7, 0x66, 0xcc, 0xff, 0xff,
  0x04, 0x00, 0x00, 0x00, 0x00, 0x06, 0x00, 0x00, 0x63, 0xa8, 0xef, 0xaa,
  0x2d, 0x30, 0x41, 0xa9, 0xdf, 0x2a, 0x31, 0xb0, 0x31, 0xa2, 0x13, 0xa4,
  0x2f, 0xad, 0x68, 0xb0, 0x31, 0xaa, 0x47, 0x2c, 0xe3, 0x28, 0xa4, 0x24,
  0x3a, 0x24, 0x19, 0x27, 0x63, 0x2c, 0x83, 0xa3, 0x8f, 0x23, 0x14, 0x2e,
  0x6f, 0xaf, 0x8b, 0x23, 0xd9, 0xad, 0x82, 0xae, 0x30, 0xb1, 0x20, 0xa9,
  0x1c, 0xb0, 0x7a, 0xab, 0x80, 0xaa, 0xfe, 0x27, 0x78, 0xb0, 0x2f, 0xb0,
  0xb2, 0xae, 0x32, 0xb1, 0xd3, 0x2e, 0x24, 0xa9, 0x7f, 0x2a, 0xa6, 0xad,
  0x1b, 0xab, 0x8b, 0x2d, 0x8f, 0xab, 0x33, 0xaf, 0xab, 0xac, 0xcb, 0x12,
  0x29, 0xa4, 0x96, 0xae, 0x4c, 0xb0, 0x8f, 0x1c, 0x82, 0x29, 0xbd, 0x2f,
  0x35, 0xa9, 0x34, 0xb0, 0x48, 0xa5, 0x37, 0xae, 0xab, 0x31, 0xad, 0x2c,
  0xb4, 0x1e, 0x68, 0xab, 0x9a, 0x2c, 0x22, 0x2a, 0xbe, 0x91, 0xfc, 0x2d,
  0x63, 0xac, 0xab, 0xaa, 0x97, 0x31, 0x52, 0x2e, 0x30, 0xac, 0x11, 0xaa,
  0x5a, 0x28, 0xbd, 0xaf, 0x23, 0xad, 0x35, 0xac, 0x0d, 0x20, 0x34, 0x2b,
  0xbd, 0x30, 0x06, 0x29, 0x60, 0x28, 0x79, 0x2e, 0x3d, 0xa4, 0x1c, 0xad,
  0x62, 0x30, 0x05, 0xa8, 0xa7, 0x26, 0x67, 0xae, 0xef, 0x2c, 0x63, 0x2c,
  0x7d, 0x30, 0xfa, 0xaf, 0xbd, 0xa3, 0xd6, 0x2c, 0xe0, 0xab, 0x5e, 0xa4,
  0xb2, 0xae, 0xbe, 0x30, 0x54, 0xa6, 0x45, 0x19, 0xf0, 0x2e, 0x73, 0xa7,
  0x01, 0x30, 0x4c, 0x28, 0x9e, 0xaf, 0x04, 0xae, 0x81, 0xae, 0x09, 0xac,
  0xc0, 0x16, 0x9b, 0xb0, 0xa3, 0xb1, 0xd4, 0x30, 0xdb, 0x2e, 0x00, 0xb0,
  0x4b, 0x2e, 0xda, 0xac, 0x02, 0xae, 0x47, 0xa6, 0xaf, 0xae, 0x39, 0xaf,
  0x67, 0xac, 0xb6, 0x2e, 0xff, 0x2a, 0x63, 0x2a, 0xad, 0x2d, 0xab, 0x2c,
  0x67, 0x2e, 0x12, 0x2c, 0xca, 0x25, 0x66, 0xa7, 0xc7, 0xaa, 0x32, 0x2d,
  0xdd, 0xaa, 0x90, 0x2e, 0x9c, 0xa4, 0x13, 0xb0, 0x2e, 0x2c, 0x8f, 0x30,
  0xa8, 0xb1, 0x18, 0x2e, 0x09, 0xac, 0x77, 0xb0, 0x55, 0xae, 0x3e, 0xac,
  0x61, 0xa5, 0x90, 0x20, 0xc0, 0xae, 0xb0, 0x2d, 0xe4, 0x1f, 0xf4, 0x2c,
  0x67, 0x2a, 0x86, 0xa7, 0x43, 0xb0, 0x98, 0x9c, 0x2a, 0x30, 0xa9, 0x2c,
  0x27, 0x2d, 0xb7, 0xab, 0xb8, 0x9e, 0x5c, 0xac, 0x97, 0xad, 0x94, 0x2b,
  0x10, 0x25, 0x22, 0x2c, 0xef, 0xab, 0x24, 0x2f, 0xd2, 0xae, 0xab, 0x2d,
  0xc7, 0xb0, 0xfb, 0xad, 0xa4, 0x31, 0xfc, 0xac, 0x12, 0x30, 0x30, 0x30,
  0xfd, 0x2f, 0x8b, 0x2d, 0x78, 0x2f, 0xcf, 0xad, 0x69, 0xaa, 0x51, 0x2d,
  0x3a, 0x29, 0x36, 0xac, 0xd9, 0xb0, 0x1e, 0xa6, 0x49, 0x26, 0xd5, 0x25,
  0xf0, 0x28, 0x69, 0x17, 0x55, 0xad, 0xb2, 0x2c, 0x31, 0xb0, 0xcc, 0xaf,
  0xf3, 0x24, 0xec, 0x2c, 0x7c, 0x9c, 0xe2, 0xab, 0x2c, 0x2e, 0xc1, 0x2d,
  0x0a, 0xaf, 0xe0, 0x23, 0xe9, 0x1d, 0xab, 0xa8, 0x07, 0x25, 0x55, 0x2e,
  0xb9, 0x28, 0x1f, 0xad, 0x1d, 0xad, 0xe4, 0xad, 0x96, 0x94, 0xd0, 0x28,
  0x5e, 0xab, 0x48, 0x2d, 0x5c, 0x29, 0x9a, 0x30, 0x84, 0xb0, 0x79, 0xa7,
  0xf8, 0x22, 0x93, 0x2e, 0x98, 0xac, 0xe3, 0xaf, 0xea, 0x2f, 0x8e, 0x2f,
  0x7f, 0x30, 0x78, 0x24, 0xcc, 0x2c, 0xa0, 0xad, 0x68, 0x28, 0x11, 0xa4,
  0x06, 0x2b, 0xa9, 0xac, 0xeb, 0xb0, 0x6a, 0x28, 0xb8, 0xad, 0x52, 0x2f,
  0xb4, 0x2c, 0xb2, 0xab, 0x55, 0xa1, 0x34, 0x30, 0xae, 0x2f, 0xd3, 0xaf,
  0x75, 0xac, 0x1f, 0xa9, 0x77, 0x2c, 0x3b, 0xa3, 0x19, 0x31, 0x6e, 0xad,
  0x4d, 0xb1, 0xdc, 0xac, 0x1d, 0xa1, 0x85, 0x24, 0xdb, 0x25, 0x7d, 0xb0,
  0x7f, 0xaa, 0xd9, 0x21, 0xb3, 0x28, 0x60, 0x2a, 0x95, 0x29, 0xc0, 0x2e,
  0x22, 0xae, 0xb9, 0x26, 0xb9, 0x2e, 0xbc, 0x27, 0x76, 0xac, 0xe8, 0xa6,
  0xdc, 0x2c, 0xca, 0xb0, 0xf8, 0xb0, 0xc1, 0xae, 0x42, 0xa7, 0x2e, 0x2f,
  0x1b, 0xaf, 0xf9, 0x22, 0x35, 0x1f, 0x51, 0xa8, 0xca, 0x2b, 0x4b, 0x21,
  0x04, 0xad, 0x7b, 0xaa, 0x46, 0xb1, 0x1e, 0xae, 0x84, 0x2c, 0x6d, 0x2c,
  0x18, 0xa3, 0x0c, 0x23, 0x18, 0x1c, 0xe3, 0x2f, 0xbb, 0xa3, 0x57, 0x23,
  0xa4, 0xa5, 0x28, 0xad, 0xec, 0x2e, 0x51, 0xa7, 0xcc, 0x24, 0x6c, 0xb0,
  0x75, 0x2e, 0x49, 0xae, 0x25, 0x2e, 0x64, 0x28, 0x2c, 0x20, 0xa2, 0x19,
  0x17, 0xb1, 0x55, 0xad, 0x6e, 0xb1, 0xbf, 0x9e, 0xec, 0x2c, 0x8c, 0xae,
  0xc2, 0x2c, 0x5b, 0xa4, 0x00, 0xa8, 0x5b, 0xae, 0xef, 0xa4, 0x14, 0x9d,
  0x45, 0x2e, 0x98, 0x2c, 0x43, 0xaf, 0x9e, 0xb0, 0x53, 0x99, 0xbc, 0x28,
  0x72, 0xa9, 0x51, 0x26, 0xfd, 0x21, 0xf6, 0x2c, 0x78, 0xa9, 0x69, 0xa9,
  0xad, 0x2e, 0xe4, 0xae, 0x49, 0xb0, 0x91, 0x2d, 0x1e, 0x2f, 0x2f, 0x2d,
  0x53, 0x27, 0x6a, 0xac, 0xbf, 0xa2, 0xe5, 0x29, 0x25, 0xb0, 0x4f, 0x28,
  0x58, 0x2c, 0x7b, 0x2d, 0x7c, 0x2c, 0xfb, 0x2c, 0x43, 0xaa, 0x43, 0xb0,
  0xb0, 0x30, 0xea, 0x28, 0x54, 0xaf, 0x88, 0x2e, 0xbb, 0x1f, 0x9c, 0x26,
  0x7d, 0x28, 0xa7, 0x29, 0xbf, 0xb1, 0xb6, 0x2c, 0x23, 0xaa, 0x3f, 0xac,
  0x3c, 0xae, 0xfe, 0xab, 0x05, 0xab, 0xed, 0xae, 0x31, 0x2e, 0x89, 0x23,
  0x86, 0xa5, 0xde, 0xa9, 0x72, 0xb1, 0x90, 0xac, 0xee, 0xac, 0x0e, 0xa1,
  0xf8, 0xb1, 0xad, 0x28, 0x1a, 0xa9, 0x88, 0x26, 0x29, 0xac, 0x8e, 0xae,
  0x24, 0xa0, 0x7a, 0xa5, 0x8a, 0x28, 0x7d, 0x2c, 0xd4, 0x9c, 0x57, 0x0c,
  0x63, 0xb0, 0x0c, 0x20, 0xa7, 0xae, 0x9a, 0xa8, 0xc8, 0x29, 0x4a, 0xa8,
  0xae, 0x2b, 0x1a, 0x2e, 0x45, 0xaf, 0xf5, 0x21, 0xd1, 0x30, 0x1a, 0x9d,
  0x07, 0x2b, 0x68, 0xb0, 0x78, 0xaa, 0xfc, 0xad, 0xba, 0xb0, 0x58, 0x20,
  0x44, 0xb0, 0xd3, 0x2e, 0x68, 0x2d, 0x57, 0xb0, 0xb5, 0x2e, 0x71, 0x22,
  0x86, 0x28, 0x43, 0x2e, 0xea, 0x2c, 0x33, 0xaf, 0x0c, 0x2c, 0x39, 0x26,
  0x58, 0xb1, 0x4c, 0xaa, 0x7b, 0x2e, 0xae, 0x2d, 0x2a, 0x2d, 0x47, 0x2f,
  0xd1, 0xac, 0xcb, 0xb0, 0xba, 0xa1, 0xb8, 0x2c, 0x53, 0x2d, 0x0a, 0x2e,
  0x26, 0x31, 0x3f, 0x31, 0x4e, 0x2e, 0xe4, 0x2b, 0x3e, 0xa8, 0xca, 0x2d,
  0x1f, 0x22, 0x20, 0x2b, 0xc9, 0x27, 0x65, 0x2d, 0x34, 0x2b, 0x90, 0x10,
  0x89, 0x2c, 0xed, 0x25, 0x28, 0x29, 0x88, 0x2d, 0xcf, 0x30, 0x82, 0xac,
  0x1e, 0xaf, 0x6a, 0xa8, 0x0b, 0xa0, 0x9a, 0xae, 0x2b, 0x23, 0x3c, 0xae,
  0x9a, 0xae, 0x2c, 0x26, 0x56, 0x2c, 0x3c, 0xaf, 0x10, 0x29, 0x75, 0x2d,
  0xe0, 0x2f, 0xa4, 0x30, 0xdc, 0x9a, 0x89, 0xac, 0xf5, 0x2e, 0xae, 0x2f,
  0x5e, 0xae, 0xa4, 0xa4, 0xe1, 0x2e, 0xd2, 0xac, 0xad, 0x31, 0xe6, 0x2d,
  0x6d, 0xad, 0xcd, 0xb0, 0x45, 0xae, 0x14, 0xa6, 0x20, 0x29, 0x8c, 0x23,
  0x50, 0x31, 0xaf, 0xab, 0xa9, 0xac, 0x77, 0x2c, 0x66, 0x2d, 0x15, 0x9b,
  0x2c, 0x99, 0x7a, 0xa8, 0x4f, 0x25, 0x86, 0x25, 0xa4, 0x2d, 0x55, 0x2e,
  0x8d, 0xab, 0xe8, 0xa8, 0xcd, 0xaa, 0x6d, 0x22, 0x4d, 0x2e, 0x0d, 0x25,
  0x1c, 0xae, 0x28, 0xae, 0x4f, 0x26, 0xf7, 0xab, 0x2d, 0xac, 0x44, 0x24,
  0xcf, 0x2d, 0xdc, 0xae, 0x6e, 0x28, 0xfb, 0xae, 0xc5, 0x2e, 0x45, 0x2f,
  0x45, 0x2a, 0x2c, 0x2e, 0x66, 0x2e, 0xcf, 0xac, 0xfe, 0xac, 0x43, 0x2b,
  0xa6, 0xa9, 0x6c, 0xad, 0x8e, 0xad, 0xcd, 0xa9, 0x75, 0xac, 0x7f, 0xac,
  0xc3, 0xa7, 0x6b, 0x2d, 0xd7, 0xa7, 0x7b, 0x30, 0x2d, 0xa9, 0xe2, 0x2f,
  0x79, 0x28, 0xf3, 0x2c, 0x77, 0xb0, 0x01, 0x2c, 0xce, 0xa9, 0xe5, 0x2b,
  0x8e, 0x2c, 0x43, 0x2a, 0x33, 0x29, 0x67, 0x20, 0xb2, 0xa8, 0xa2, 0xa4,
  0x18, 0x2e, 0x81, 0x30, 0x63, 0x2c, 0xc4, 0x2e, 0xb3, 0x30, 0xd1, 0x1d,
  0x05, 0x28, 0x56, 0x1c, 0xe4, 0x20, 0x4b, 0x2c, 0xd5, 0xad, 0x97, 0xb0,
  0x7a, 0x28, 0xed, 0x27, 0xf7, 0xaf, 0xd3, 0xad, 0xcd, 0x2c, 0x3c, 0x30,
  0x74, 0x2c, 0x80, 0xb0, 0x4f, 0x2e, 0x0f, 0x2f, 0x0f, 0xa7, 0x6a, 0x29,
  0x52, 0x29, 0x8f, 0x2d, 0x79, 0x2e, 0x2b, 0x30, 0x71, 0xa5, 0x02, 0x31,
  0xc7, 0x2e, 0xb7, 0x2d, 0xb8, 0x21, 0x71, 0xa9, 0x12, 0xa4, 0x1e, 0x2f,
  0x09, 0x2c, 0x75, 0x2f, 0x70, 0x2c, 0x66, 0x2f, 0x25, 0xae, 0x0c, 0x2c,
  0xd2, 0xaa, 0x07, 0xad, 0x97, 0x28, 0xc6, 0x28, 0x9f, 0x27, 0x7e, 0xa9,
  0xa1, 0xb0, 0xf8, 0xa7, 0xa7, 0xaa, 0x93, 0x2e, 0xca, 0xa9, 0x7f, 0x82,
  0xdb, 0xaf, 0x1f, 0xb0, 0xc6, 0x2b, 0x66, 0xae, 0x18, 0x2f, 0x7d, 0x2b,
  0x4f, 0x2c, 0x3c, 0x9b, 0x8f, 0x29, 0xe8, 0xa5, 0x88, 0x2b, 0x79, 0x20,
  0xb6, 0x2e, 0x8b, 0xad, 0x2e, 0x30, 0xc6, 0xab, 0x31, 0x99, 0x52, 0xad,
  0xd6, 0x2c, 0x12, 0xac, 0x13, 0x2e, 0x91, 0xab, 0xb0, 0xac, 0x00, 0x29,
  0xc0, 0x1c, 0x4c, 0xb0, 0xe6, 0xa8, 0x34, 0x31, 0xf6, 0x1c, 0xdc, 0xaf,
  0x9b, 0x2f, 0xbf, 0x2b, 0x02, 0x94, 0x8c, 0xa7, 0x29, 0xaf, 0xb0, 0xa6,
  0xd3, 0xa9, 0x38, 0x27, 0xff, 0x2d, 0x98, 0xa6, 0x87, 0x2c, 0xef, 0xae,
  0x02, 0x2c, 0x50, 0x9f, 0xe1, 0x30, 0x11, 0x29, 0x40, 0xac, 0x62, 0x2c,
  0x18, 0xad, 0x73, 0xa8, 0x80, 0x2e, 0x38, 0x2c, 0xbc, 0xa5, 0x8f, 0xae,
  0xf4, 0xa3, 0x8d, 0x2e, 0xba, 0x31, 0xcf, 0xae, 0x56, 0xa7, 0x84, 0xad,
  0x29, 0x28, 0x40, 0x2c, 0x16, 0x31, 0xd0, 0xab, 0x21, 0xb1, 0xe5, 0xab,
  0x52, 0xaa, 0x2d, 0x2c, 0x5a, 0x27, 0xbb, 0xad, 0xc4, 0x24, 0x62, 0x9d,
  0x27, 0x31, 0x6a, 0x29, 0x3b, 0x1c, 0x04, 0x2f, 0xb7, 0xa4, 0xd9, 0x15,
  0x83, 0x2f, 0x54, 0xaf, 0x21, 0x2d, 0x14, 0x2b, 0x67, 0x98, 0x27, 0x26,
  0x3a, 0x9e, 0x84, 0x2c, 0x42, 0x9e, 0xd5, 0xac, 0xa8, 0x2a, 0x1a, 0xb0,
  0x77, 0xad, 0xff, 0xa7, 0x73, 0xa4, 0x5f, 0xa9, 0xeb, 0xae, 0xb8, 0xb0,
  0x3e, 0x30, 0xb7, 0xac, 0x6e, 0xab, 0xa7, 0x29, 0x0d, 0xac, 0x8c, 0x2f,
  0x80, 0xb2, 0xc9, 0xac, 0x49, 0x25, 0xf1, 0xad, 0xd8, 0x0c, 0xce, 0xa9,
  0xfc, 0x2b, 0x3e, 0x2d, 0xa4, 0x28, 0x6a, 0xb1, 0xd9, 0x2b, 0xaf, 0x24,
  0xf2, 0x2d, 0x1c, 0xad, 0x41, 0xa1, 0x34, 0xab, 0x1d, 0xb2, 0x81, 0x2a,
  0x1e, 0xb0, 0xd7, 0x23, 0xdb, 0xa9, 0x58, 0x2d, 0xf8, 0xaa, 0x1f, 0xaf,
  0x44, 0xad, 0x0d, 0xb2, 0xa0, 0xaf, 0x3f, 0x2f, 0x93, 0x2b, 0x77, 0xac,
  0x86, 0xaf, 0xd1, 0xac, 0x30, 0x27, 0x46, 0x22, 0x12, 0xb0, 0xb5, 0xa4,
  0x60, 0x2b, 0x67, 0xb0, 0xdb, 0x27, 0x14, 0xb0, 0xab, 0xaf, 0xd2, 0x2e,
  0x7f, 0xac, 0xde, 0xaf, 0xa6, 0xaf, 0x50, 0xae, 0x25, 0xb0, 0x96, 0x30,
  0x6a, 0xb1, 0xba, 0xa4, 0x23, 0xb1, 0xc2, 0xad, 0x83, 0x2a, 0x30, 0xae,
  0x94, 0x2f, 0x9c, 0x2d, 0x50, 0xa8, 0x3e, 0xa5, 0x8f, 0xaf, 0xdd, 0x2b,
  0x8b, 0xa8, 0xd8, 0xad, 0xf8, 0xb0, 0x0c, 0x2e, 0x7e, 0xad, 0x36, 0xad,
  0xc7, 0xb0, 0xb7, 0x2b, 0xac, 0xac, 0xf2, 0xad, 0x1a, 0xb0, 0xda, 0xa4,
  0x24, 0xb1, 0x17, 0xad, 0x01, 0x9d, 0x77, 0x06, 0xd3, 0x21, 0x03, 0x2e,
  0x24, 0xac, 0x12, 0x2c, 0x85, 0x2d, 0x3a, 0xac, 0x6d, 0x29, 0x16, 0xaf,
  0xb0, 0xaa, 0xdd, 0xac, 0x81, 0xac, 0x97, 0xac, 0x72, 0xd2, 0xff, 0xff,
  0x04, 0x00, 0x00, 0x00, 0x00, 0x06, 0x00, 0x00, 0x3d, 0xaf, 0xeb, 0x28,
  0xd2, 0xa7, 0xe5, 0xad, 0x66, 0xac, 0x41, 0x2e, 0xf7, 0x28, 0x15, 0x2e,
  0x26, 0x22, 0x8f, 0xaa, 0xc0, 0x2d, 0xbe, 0xac, 0xe9, 0x2f, 0x00, 0x2c,
  0x82, 0xa5, 0xa1, 0x2d, 0xc9, 0xaf, 0xa1, 0xaf, 0xa2, 0x2c, 0xe7, 0xaf,
  0x62, 0xac, 0x61, 0x25, 0x92, 0xa8, 0x66, 0xa8, 0xd5, 0xad, 0x25, 0xb0,
  0x31, 0x1e, 0x2c, 0x28, 0xb3, 0x2d, 0x58, 0xa5, 0x33, 0xac, 0xb2, 0x9e,
  0xfc, 0x26, 0x7e, 0xb1, 0xe2, 0x2e, 0x3d, 0xb0, 0x4e, 0xa8, 0x15, 0x30,
  0xb4, 0xb0, 0x56, 0x2d, 0x08, 0xaf, 0x37, 0xa4, 0x4c, 0xae, 0x00, 0x30,
  0xc1, 0x2c, 0xc5, 0xa0, 0x58, 0xa9, 0xe7, 0xaf, 0xc7, 0x2c, 0x89, 0xab,
  0xd0, 0x22, 0x3b, 0xae, 0x74, 0x2b, 0xb1, 0xa9, 0x6e, 0xb1, 0x61, 0xac,
  0x83, 0x25, 0xcf, 0x2d, 0x93, 0x2a, 0xbd, 0xae, 0x22, 0x32, 0xaf, 0x21,
  0x6d, 0xac, 0x5f, 0x25, 0xa1, 0x24, 0x61, 0xae, 0x3b, 0xa9, 0x57, 0xae,
  0xb5, 0x9a, 0x00, 0x2d, 0x13, 0x2c, 0x5e, 0x22, 0x4a, 0x2c, 0x85, 0x2d,
  0x8f, 0x85, 0xeb, 0x27, 0x9e, 0x2f, 0xdc, 0x29, 0x6b, 0x29, 0x99, 0x2c,
  0x07, 0x2c, 0x90, 0x26, 0xe7, 0xae, 0xf2, 0xb0, 0xe0, 0xad, 0x17, 0x2d,
  0xb8, 0xa7, 0x36, 0xab, 0x16, 0xb1, 0xd2, 0xad, 0x54, 0x2d, 0x63, 0x2b,
  0x65, 0x31, 0xac, 0xaa, 0x0f, 0x9c, 0xee, 0xb0, 0xde, 0xae, 0x2f, 0x30,
  0x50, 0x28, 0xf2, 0x2e, 0x38, 0xa5, 0x5e, 0x2b, 0xab, 0x2c, 0x8a, 0xb0,
  0x85, 0xa0, 0xad, 0x22, 0x71, 0x2c, 0x64, 0x29, 0x9c, 0xa7, 0x89, 0x18,
  0xb4, 0xa4, 0x13, 0x25, 0x63, 0xae, 0xfb, 0x2d, 0xc4, 0xb0, 0xf5, 0x2e,
  0xc3, 0xa6, 0x47, 0x30, 0x26, 0xac, 0xb8, 0x1c, 0xd0, 0x2e, 0xa4, 0x2f,
  0xe6, 0xa8, 0x04, 0x24, 0xec, 0x2d, 0x34, 0x2d, 0x6d, 0xb0, 0xe9, 0x98,
  0xbf, 0x29, 0x63, 0xa8, 0x62, 0xaa, 0xad, 0x28, 0xf3, 0x29, 0x7f, 0xaa,
  0xd8, 0xb1, 0xe3, 0x2d, 0xd5, 0xb0, 0x23, 0x2a, 0x74, 0xb0, 0xf3, 0xa8,
  0x43, 0xb0, 0x09, 0x2c, 0x05, 0xac, 0xb2, 0x28, 0x35, 0x2e, 0x88, 0x2f,
  0x37, 0x2e, 0x44, 0xad, 0x40, 0x2a, 0x71, 0x28, 0x51, 0xac, 0xa4, 0xaf,
  0x06, 0x2c, 0xbb, 0x2c, 0xce, 0x2a, 0x5a, 0xa9, 0x33, 0x27, 0x8b, 0xa8,
  0xec, 0x2f, 0x0a, 0xaa, 0x66, 0x30, 0xc7, 0x27, 0x91, 0xa3, 0x39, 0xa4,
  0xfe, 0xac, 0x66, 0xaf, 0x81, 0x22, 0xd6, 0xaf, 0x16, 0x2f, 0x5f, 0x29,
  0x26, 0x2d, 0x42, 0x2d, 0x94, 0x27, 0x3e, 0x27, 0xd0, 0x29, 0xdd, 0xae,
  0x02, 0x30, 0x65, 0xad, 0x1a, 0x2b, 0xaa, 0xad, 0x90, 0xad, 0x39, 0x28,
  0x35, 0x2d, 0xbf, 0xa7, 0x3d, 0xb0, 0x10, 0xad, 0x71, 0x2c, 0xab, 0x2e,
  0x79, 0x2f, 0x25, 0xae, 0xc7, 0x29, 0xee, 0xac, 0xa7, 0x29, 0x20, 0x24,
  0x8c, 0xa8, 0xd1, 0xb1, 0x74, 0x1f, 0xee, 0xa6, 0x5c, 0xae, 0xaa, 0x2b,
  0xa5, 0xa9, 0xac, 0x2c, 0x95, 0x1e, 0x47, 0xa2, 0x2d, 0xa4, 0xaa, 0x2f,
  0x39, 0x2e, 0x20, 0x2d, 0xaf, 0xb0, 0x55, 0x2a, 0x09, 0x24, 0x10, 0x25,
  0x91, 0xaf, 0xc6, 0xa2, 0x8e, 0x2a, 0x14, 0xb0, 0xb7, 0xad, 0x24, 0x2c,
  0x36, 0x2c, 0x3e, 0xaf, 0xcc, 0xa5, 0x50, 0xa8, 0xce, 0xa8, 0xa3, 0x2c,
  0xef, 0xae, 0x4f, 0x2f, 0x6b, 0x9d, 0xac, 0x2d, 0x2c, 0x2c, 0xcb, 0xad,
  0x40, 0x22, 0x62, 0xaa, 0x78, 0x2e, 0x4b, 0xad, 0x49, 0x2d, 0xc1, 0x24,
  0x3f, 0xa9, 0xb6, 0x2e, 0xdb, 0x29, 0xcc, 0xa6, 0xb6, 0xa6, 0x21, 0x2a,
  0xa6, 0x20, 0xeb, 0x30, 0x21, 0x29, 0xbf, 0x2a, 0x8d, 0x2e, 0x92, 0x2c,
  0xf0, 0x1c, 0x22, 0x31, 0x49, 0xa4, 0x27, 0xab, 0x60, 0xa9, 0x94, 0x24,
  0x1a, 0x29, 0xaa, 0xaa, 0xc6, 0x29, 0x12, 0xac, 0xed, 0xac, 0x23, 0x2f,
  0xde, 0x2e, 0x89, 0x2d, 0xf1, 0xa9, 0xe8, 0x30, 0xdd, 0x28, 0x77, 0x2c,
  0x3c, 0xaf, 0x88, 0xad, 0x07, 0xad, 0xa7, 0xae, 0xe8, 0x28, 0x06, 0xae,
  0x8d, 0xac, 0xa6, 0xb0, 0x41, 0x30, 0xe8, 0xa8, 0xb2, 0xab, 0xa4, 0x21,
  0x04, 0x22, 0x67, 0x2f, 0x31, 0x98, 0x7a, 0xad, 0xae, 0x28, 0xe9, 0x30,
  0xb9, 0x23, 0xb8, 0x2c, 0x95, 0xaf, 0x9d, 0xad, 0xc7, 0x1c, 0xf3, 0xac,
  0x6e, 0x17, 0x5a, 0xb1, 0x7e, 0x2e, 0xfd, 0x2c, 0x73, 0xb1, 0x2b, 0xaf,
  0xb6, 0xb0, 0xa5, 0xaf, 0x0f, 0x2b, 0x62, 0x1d, 0x4f, 0x27, 0xb5, 0xad,
  0xff, 0x23, 0xc4, 0xae, 0xcc, 0x20, 0x9b, 0xa8, 0x30, 0x2c, 0x86, 0xad,
  0xb7, 0xa2, 0xaa, 0x2d, 0x2e, 0x2e, 0x2a, 0x27, 0xb0, 0x2a, 0x3b, 0xb0,
  0x5d, 0x99, 0x75, 0xaa, 0xe7, 0x2f, 0x0c, 0x2e, 0x30, 0xa9, 0xd6, 0xb0,
  0xe7, 0xa4, 0xa0, 0xad, 0xe6, 0x2f, 0x28, 0xa6, 0x82, 0xaa, 0xb7, 0x28,
  0x18, 0xb0, 0xed, 0x97, 0xae, 0x2b, 0x1e, 0xa2, 0x8a, 0xa8, 0xf2, 0x29,
  0xa5, 0xa7, 0x62, 0x2b, 0x04, 0xac, 0xd6, 0x28, 0x46, 0xb0, 0xaa, 0xae,
  0x25, 0xac, 0x82, 0xae, 0xfc, 0x14, 0xf0, 0xaf, 0x57, 0x30, 0xb8, 0xaa,
  0x96, 0xab, 0x96, 0xad, 0x67, 0x2b, 0x93, 0x2b, 0x8c, 0xa6, 0x58, 0x29,
  0x99, 0x2c, 0x81, 0x30, 0xdc, 0xab, 0xbc, 0x9e, 0x75, 0xa5, 0x9b, 0x2c,
  0xbf, 0x26, 0x5f, 0xac, 0x7e, 0xa9, 0x56, 0xac, 0x5a, 0x23, 0x87, 0x2a,
  0xc5, 0x28, 0xf9, 0xac, 0xe9, 0xa5, 0xa0, 0xaa, 0xd2, 0x28, 0xb7, 0x2e,
  0xde, 0xab, 0xed, 0x2d, 0xab, 0x2c, 0x2a, 0xa5, 0x0e, 0xac, 0xf9, 0xac,
  0x24, 0x30, 0xaf, 0xae, 0xec, 0x25, 0x69, 0xa3, 0xb7, 0x2e, 0xa6, 0xaf,
  0x61, 0xa9, 0x2d, 0xac, 0xf9, 0x24, 0x79, 0xa6, 0x81, 0x25, 0x54, 0x18,
  0x2b, 0x30, 0x24, 0xa8, 0xab, 0xab, 0x6d, 0x2e, 0x2c, 0xb0, 0x06, 0x2d,
  0x31, 0xa9, 0x9d, 0xad, 0x07, 0x2b, 0xfb, 0xac, 0xa9, 0x2e, 0xf9, 0xa6,
  0x1f, 0xae, 0x59, 0xaa, 0xbc, 0x2d, 0x0d, 0xaa, 0x34, 0x27, 0xfe, 0xae,
  0x1d, 0x2c, 0x4e, 0xae, 0x69, 0x9d, 0x5d, 0xa3, 0x2a, 0x9f, 0x2a, 0xa0,
  0xd0, 0x2d, 0x69, 0x19, 0xa0, 0x2c, 0x1a, 0x26, 0x41, 0xa2, 0x23, 0x29,
  0xa9, 0x30, 0x69, 0xb0, 0x8b, 0x20, 0x4d, 0xa4, 0x95, 0x27, 0x9b, 0x23,
  0x7e, 0xb0, 0x12, 0xaa, 0x58, 0xaf, 0x44, 0x28, 0xf8, 0xa8, 0x85, 0x9f,
  0xce, 0x30, 0xb4, 0x25, 0x37, 0x2e, 0xd7, 0xaf, 0x40, 0x31, 0xba, 0xad,
  0xcd, 0xae, 0x5e, 0xae, 0xf1, 0xa0, 0xec, 0x29, 0xe0, 0xae, 0xd8, 0x2d,
  0x81, 0xad, 0xa5, 0xad, 0x5e, 0x2c, 0x84, 0x2f, 0x0c, 0x31, 0x78, 0x27,
  0x86, 0x2c, 0xf1, 0x2d, 0x7e, 0x31, 0x28, 0xaf, 0x77, 0xa9, 0x93, 0x2d,
  0x18, 0x9f, 0x64, 0x2a, 0xb9, 0xb0, 0x35, 0xaf, 0x1f, 0x23, 0xb5, 0xac,
  0x4b, 0xab, 0xac, 0x30, 0xe7, 0xac, 0x99, 0xaa, 0xf5, 0x29, 0x63, 0xa5,
  0x3e, 0x23, 0x13, 0xa8, 0xbe, 0xaa, 0x84, 0xac, 0x67, 0x96, 0x4a, 0x2d,
  0x94, 0xac, 0xba, 0xa7, 0x2c, 0xb1, 0x64, 0x29, 0xd5, 0xb0, 0xca, 0x29,
  0x57, 0xa4, 0x7d, 0xac, 0x73, 0xae, 0x18, 0x28, 0x0f, 0xac, 0x24, 0xab,
  0xda, 0x2e, 0xed, 0xb0, 0xfb, 0xaf, 0x3b, 0xa2, 0x02, 0xb0, 0x16, 0x9e,
  0xfe, 0xaf, 0x43, 0x2e, 0x02, 0x2b, 0x42, 0xa4, 0x38, 0x32, 0x22, 0xaf,
  0xcc, 0x2f, 0x09, 0xb0, 0x22, 0x2b, 0x04, 0x27, 0x79, 0x2c, 0x3d, 0x24,
  0xac, 0xaf, 0x18, 0xac, 0x86, 0x2c, 0x8f, 0x20, 0x35, 0xa0, 0x43, 0x2e,
  0xb8, 0xa7, 0xd3, 0xad, 0xb8, 0xaa, 0xfc, 0x2c, 0x2c, 0xa0, 0x0e, 0xb1,
  0x74, 0x2d, 0xe1, 0xad, 0x1c, 0x18, 0x52, 0x24, 0x39, 0xad, 0x8c, 0x2c,
  0x2a, 0x21, 0x4b, 0x26, 0x23, 0xaf, 0xa6, 0xb0, 0x0d, 0xa5, 0xba, 0x84,
  0x76, 0x20, 0xdf, 0x2e, 0x2c, 0x2f, 0x4e, 0xaf, 0x2b, 0x99, 0xdb, 0x2e,
  0xcc, 0xa5, 0x8b, 0x30, 0xdd, 0xa9, 0x12, 0xa6, 0xc4, 0x2e, 0x4d, 0xb0,
  0x1b, 0x30, 0x4e, 0xad, 0x1f, 0xaf, 0x41, 0xa6, 0x93, 0xac, 0xe0, 0x21,
  0xea, 0xaf, 0x83, 0x2f, 0xc3, 0xb0, 0xd7, 0xad, 0xfc, 0x2c, 0xf2, 0xa5,
  0x72, 0x2d, 0xf7, 0xac, 0x15, 0x9d, 0x1c, 0xa9, 0x51, 0x2e, 0x6f, 0x9d,
  0x05, 0x2e, 0x69, 0xad, 0x50, 0xac, 0x0c, 0xab, 0x3f, 0xab, 0xed, 0xa7,
  0x04, 0xa9, 0xcf, 0xac, 0x3b, 0xb0, 0xa5, 0x2d, 0x0e, 0x26, 0xb2, 0x2a,
  0x8e, 0x26, 0x1b, 0xad, 0x20, 0x2d, 0xb8, 0x2f, 0x82, 0xa8, 0x00, 0x23,
  0xc5, 0xad, 0xf6, 0xa9, 0x24, 0x2f, 0x93, 0x28, 0x9f, 0x2c, 0x53, 0x30,
  0x16, 0xae, 0xce, 0x2f, 0x01, 0xad, 0x46, 0xa5, 0x0e, 0x2a, 0x50, 0xb0,
  0x5c, 0xac, 0x03, 0xa2, 0x6d, 0xa1, 0xf2, 0x2d, 0xe0, 0x9f, 0x44, 0xa9,
  0x6e, 0xaf, 0x69, 0xae, 0x94, 0x10, 0x7a, 0x2f, 0xb4, 0x2e, 0xbe, 0x2c,
  0x38, 0x29, 0x30, 0xae, 0x86, 0x24, 0x9f, 0xad, 0x8b, 0xa4, 0x64, 0x28,
  0x7e, 0x29, 0x6c, 0xb0, 0xff, 0xad, 0xb5, 0xae, 0x46, 0x2c, 0xcb, 0xac,
  0x3f, 0x28, 0x56, 0xac, 0x29, 0x26, 0x40, 0x30, 0x43, 0xa7, 0xad, 0xa6,
  0xf6, 0x16, 0x1e, 0x2e, 0x04, 0xaf, 0xb7, 0x2b, 0x6d, 0x27, 0xa6, 0xaf,
  0xf4, 0xaf, 0x45, 0x30, 0x66, 0xaf, 0xa0, 0xa4, 0x57, 0x22, 0x24, 0xa2,
  0xe2, 0xac, 0x89, 0xb0, 0xcc, 0x1e, 0xdd, 0xac, 0x68, 0xa8, 0x1c, 0xa1,
  0x36, 0x24, 0xe3, 0xa8, 0xec, 0x2e, 0xe8, 0xac, 0x56, 0x30, 0xef, 0x29,
  0x59, 0xac, 0x24, 0xa9, 0xed, 0x1e, 0x3a, 0x2d, 0xf1, 0x2c, 0x4f, 0xae,
  0x30, 0xaa, 0xed, 0x2f, 0xb6, 0xae, 0x40, 0x2e, 0x71, 0xb1, 0xdf, 0x27,
  0x01, 0xb2, 0xff, 0x22, 0x70, 0x30, 0x70, 0x9e, 0x50, 0xb0, 0x58, 0x1c,
  0xff, 0x26, 0xe9, 0xa9, 0x77, 0xa8, 0x9d, 0x1e, 0xc7, 0xae, 0xb5, 0xab,
  0x85, 0xa1, 0x4a, 0x20, 0x1b, 0xb0, 0xc7, 0xac, 0xde, 0xad, 0x9a, 0x2d,
  0x9a, 0x30, 0x4a, 0x28, 0x1c, 0x04, 0xc6, 0xa9, 0x1f, 0x21, 0xf4, 0x2a,
  0x6b, 0x28, 0xdc, 0xaf, 0x9c, 0xae, 0x94, 0xa9, 0xb4, 0xac, 0x6c, 0x29,
  0x68, 0xa8, 0x7e, 0xa9, 0x64, 0xa7, 0x93, 0xae, 0x13, 0x31, 0x39, 0x2d,
  0x53, 0xab, 0x36, 0xaf, 0xf3, 0x23, 0x85, 0xb1, 0x0c, 0x31, 0x6c, 0xad,
  0xd1, 0x9c, 0x76, 0xac, 0x1a, 0xab, 0xeb, 0xae, 0x43, 0xa7, 0xba, 0xad,
  0x8f, 0x27, 0x2d, 0xac, 0x0f, 0xaa, 0x22, 0xac, 0x01, 0xac, 0xf9, 0xb0,
  0xc0, 0x32, 0x91, 0xa8, 0x48, 0x2c, 0x71, 0xa5, 0x22, 0xb1, 0x7f, 0x27,
  0xf8, 0xae, 0x2e, 0x2b, 0x19, 0x2d, 0x00, 0xb1, 0x22, 0x27, 0x53, 0xa4,
  0xd1, 0xa8, 0x29, 0xa8, 0x06, 0xa7, 0x7a, 0xae, 0x02, 0x29, 0x8d, 0xad,
  0x11, 0x2c, 0x50, 0x1a, 0x6b, 0xb0, 0xc8, 0x2b, 0x22, 0xad, 0xd3, 0x28,
  0xce, 0xac, 0x33, 0xad, 0xf2, 0x29, 0x7c, 0xa7, 0x58, 0x30, 0x15, 0x2d,
  0x46, 0x2e, 0x3b, 0xb0, 0x36, 0xac, 0x68, 0xb0, 0x38, 0x2d, 0xbf, 0x1e,
  0x25, 0xa8, 0x7c, 0x28, 0x51, 0x28, 0x11, 0x2c, 0x14, 0x99, 0xe1, 0xa9,
  0x38, 0xaa, 0xf7, 0x1e, 0xec, 0xab, 0xf5, 0x27, 0xaf, 0x29, 0x3e, 0x9c,
  0x3a, 0x2f, 0x7b, 0xb0, 0xb3, 0x30, 0x28, 0xb1, 0xd3, 0x24, 0xb9, 0x2f,
  0xad, 0xae, 0x5e, 0x2e, 0x28, 0x23, 0xa3, 0x9f, 0xc3, 0x26, 0x5c, 0x2c,
  0x51, 0xaa, 0xfe, 0xac, 0xc4, 0xa2, 0xee, 0xac, 0x7e, 0xd8, 0xff, 0xff,
  0x04, 0x00, 0x00, 0x00, 0x00, 0x06, 0x00, 0x00, 0x22, 0xad, 0xb4, 0x13,
  0xc5, 0x2d, 0x6e, 0xaf, 0xa9, 0x2d, 0x13, 0x25, 0x0d, 0xaa, 0xcf, 0xad,
  0x7b, 0xae, 0xbb, 0x2e, 0xf7, 0x11, 0x94, 0xac, 0x64, 0xac, 0xc6, 0xa2,
  0x79, 0xa9, 0x7e, 0x28, 0x24, 0xb0, 0x38, 0xaf, 0x60, 0x98, 0x4c, 0xa4,
  0x67, 0xac, 0x8b, 0x20, 0xc7, 0x20, 0x0e, 0xa4, 0x32, 0x2f, 0xac, 0x2b,
  0x5d, 0x2a, 0x5b, 0xae, 0x0e, 0x2f, 0xbf, 0xaf, 0x22, 0xad, 0x7b, 0x29,
  0xc6, 0xa2, 0x57, 0xa6, 0xe5, 0xaf, 0x24, 0x2c, 0xd1, 0x1f, 0xf6, 0x23,
  0xd9, 0xa8, 0x48, 0xad, 0xa4, 0x29, 0x7b, 0x31, 0x73, 0xac, 0xd7, 0xaa,
  0x5e, 0x2c, 0x3d, 0xaf, 0x20, 0x2f, 0xd6, 0x13, 0xcd, 0x21, 0x54, 0x26,
  0xc3, 0x2d, 0x46, 0xa0, 0xe2, 0xac, 0x9e, 0xac, 0xc5, 0x27, 0x00, 0xb1,
  0xe7, 0x2d, 0x9d, 0x2b, 0x3d, 0x30, 0x12, 0xa7, 0x87, 0x28, 0x62, 0xaa,
  0x70, 0xb1, 0x0a, 0xb0, 0xc3, 0x25, 0x7c, 0x2e, 0x23, 0x2a, 0x4e, 0xac,
  0x4b, 0x2b, 0x27, 0x30, 0x39, 0x2d, 0x2d, 0x2c, 0xca, 0x2e, 0x5a, 0xa9,
  0x63, 0x30, 0xa1, 0x30, 0xeb, 0xac, 0x60, 0xa4, 0xfe, 0x2c, 0xae, 0xb0,
  0x28, 0xb1, 0x1d, 0xaf, 0xf9, 0x28, 0xd7, 0xa8, 0x71, 0xb1, 0x49, 0xaa,
  0x64, 0xa7, 0x67, 0x27, 0x39, 0x91, 0xc4, 0xa7, 0x8b, 0x24, 0x31, 0x2c,
  0xaa, 0xaa, 0xf2, 0x2e, 0x1d, 0xad, 0x53, 0xad, 0x9f, 0x2d, 0xcf, 0xa9,
  0xa9, 0x26, 0x70, 0xb0, 0x28, 0x29, 0x64, 0xad, 0x02, 0xad, 0x4c, 0x2b,
  0x39, 0x29, 0x62, 0x31, 0xbd, 0x2e, 0x9f, 0xac, 0x15, 0x27, 0x87, 0xb0,
  0x19, 0xae, 0xd1, 0xac, 0x29, 0xa6, 0x69, 0x2b, 0xb4, 0xb0, 0xe7, 0x30,
  0x34, 0x25, 0xda, 0x23, 0x6a, 0xa4, 0x07, 0xad, 0xb8, 0xad, 0x13, 0xac,
  0x6c, 0x2c, 0xd3, 0x2d, 0xdf, 0x1d, 0x2c, 0xa6, 0x6f, 0xb0, 0x35, 0x31,
  0x53, 0xa4, 0xbc, 0x2d, 0xf4, 0x25, 0x4d, 0xad, 0x18, 0x2a, 0xb0, 0x2d,
  0x89, 0xa6, 0x86, 0x1d, 0x20, 0xad, 0xe6, 0x2e, 0xc1, 0x2c, 0xe1, 0xa2,
  0x3b, 0xae, 0xc6, 0xa8, 0x7a, 0x2e, 0xb9, 0x30, 0x5e, 0x29, 0x5f, 0xae,
  0x64, 0xaf, 0x88, 0x2d, 0x83, 0x2d, 0x38, 0x2f, 0x07, 0xa0, 0x14, 0x28,
  0xe9, 0xac, 0x04, 0xb1, 0xd3, 0xa9, 0x42, 0xb0, 0x57, 0xa9, 0x47, 0x30,
  0x84, 0x9c, 0xed, 0xa8, 0x2d, 0xab, 0xd9, 0x22, 0x2b, 0xae, 0xc0, 0x2c,
  0x53, 0xb1, 0xb4, 0x2a, 0x81, 0x30, 0x7d, 0x2d, 0xb1, 0x9c, 0x88, 0x29,
  0x54, 0x2a, 0xca, 0xa2, 0xb0, 0xac, 0xf6, 0x28, 0x7a, 0x24, 0xb8, 0xb1,
  0xba, 0xaf, 0x73, 0x25, 0x61, 0x2e, 0x5a, 0x2a, 0x00, 0xb2, 0xae, 0x26,
  0xa6, 0xa8, 0x28, 0x2c, 0x91, 0xab, 0x64, 0x26, 0x0d, 0x23, 0x19, 0xa8,
  0xbc, 0x18, 0xa2, 0xac, 0xe8, 0x2e, 0xad, 0xaa, 0x1c, 0x2b, 0xc2, 0x2d,
  0x85, 0x2d, 0x70, 0x29, 0xbf, 0xac, 0xfa, 0xa7, 0x5a, 0x2f, 0xfd, 0x92,
  0x12, 0x2f, 0x56, 0xb1, 0xe2, 0x2e, 0xed, 0x2e, 0x84, 0x2c, 0x56, 0x2e,
  0xe5, 0xa8, 0xd6, 0xaa, 0x95, 0x2f, 0xc5, 0x28, 0x69, 0x2e, 0x68, 0x2f,
  0x8c, 0xb0, 0x0e, 0xad, 0x6c, 0x28, 0x44, 0xa8, 0xff, 0xb0, 0xf8, 0xa9,
  0xf0, 0x2a, 0x10, 0x2c, 0x4d, 0xa4, 0xa6, 0xa9, 0xd9, 0x29, 0x22, 0xac,
  0x9d, 0xa8, 0x7e, 0xad, 0xe0, 0xac, 0xf4, 0xaf, 0xee, 0xac, 0x6f, 0x2c,
  0x7e, 0xab, 0xc5, 0xab, 0x0a, 0xa8, 0x85, 0x2c, 0xb8, 0xa8, 0x0e, 0x28,
  0xef, 0xae, 0x31, 0x2f, 0x83, 0xac, 0x5e, 0xae, 0x58, 0x25, 0xa3, 0xae,
  0x2e, 0xb0, 0x87, 0x30, 0xac, 0xa6, 0xb5, 0x2e, 0x6c, 0x2c, 0x69, 0xa4,
  0xf8, 0x1f, 0x40, 0x2a, 0x7e, 0xa8, 0x35, 0xac, 0x8e, 0xab, 0xb6, 0xae,
  0x57, 0x2e, 0x8d, 0x29, 0x54, 0xaf, 0xb4, 0x23, 0xa5, 0xad, 0xa9, 0x30,
  0x27, 0x31, 0x4a, 0xb0, 0xf4, 0xa7, 0x09, 0xad, 0x90, 0xac, 0x7f, 0x2f,
  0x4f, 0x2d, 0xcd, 0x21, 0x16, 0xb0, 0x1f, 0xb1, 0x02, 0x2f, 0xdc, 0x2c,
  0x91, 0x20, 0x25, 0xae, 0x3b, 0xb0, 0x1e, 0x29, 0xaa, 0xad, 0x31, 0x2c,
  0x94, 0xb0, 0xe8, 0xa1, 0x7c, 0x1a, 0xba, 0x2b, 0x1b, 0xa6, 0xce, 0x30,
  0xca, 0xae, 0xe1, 0x2d, 0xfc, 0x2a, 0x59, 0xa8, 0x3e, 0x2e, 0xba, 0x2b,
  0xcd, 0xa7, 0x9a, 0xac, 0xb7, 0x2a, 0xe7, 0xa5, 0x4e, 0x25, 0xeb, 0x28,
  0x68, 0xa5, 0xd3, 0xb0, 0xe2, 0x29, 0xc9, 0xae, 0x48, 0x22, 0xf3, 0xac,
  0x75, 0xa8, 0x59, 0xad, 0x29, 0xa6, 0xfe, 0xaf, 0xea, 0x29, 0xbe, 0x2f,
  0x74, 0xaa, 0x20, 0xaa, 0x62, 0x29, 0x0a, 0xa9, 0x33, 0xa8, 0x67, 0x2b,
  0x64, 0x31, 0xfd, 0x2e, 0xe9, 0x2c, 0x8f, 0x2c, 0xc4, 0x20, 0x52, 0x27,
  0x63, 0x25, 0x88, 0x2d, 0x52, 0xa9, 0xa2, 0xae, 0xe7, 0x24, 0x30, 0x2a,
  0x7c, 0xae, 0x6c, 0x29, 0x1b, 0xaa, 0x77, 0xa8, 0x93, 0x30, 0x6a, 0x24,
  0x07, 0x26, 0x1d, 0x9d, 0x1a, 0x2f, 0xd7, 0xae, 0xc0, 0xac, 0x11, 0xa6,
  0x5e, 0x30, 0xea, 0xad, 0xb8, 0xad, 0xec, 0xb0, 0x17, 0x31, 0x6d, 0x30,
  0x0a, 0x2f, 0xe2, 0xae, 0x7b, 0x2b, 0x8a, 0x2b, 0x20, 0x2c, 0x36, 0x30,
  0x65, 0xa7, 0x1a, 0x2b, 0x95, 0x28, 0x7b, 0xaf, 0x6b, 0x2d, 0xa5, 0x1d,
  0x1f, 0x2f, 0xbf, 0x1c, 0xe5, 0x96, 0x93, 0xa5, 0x75, 0xac, 0x02, 0x2e,
  0x3f, 0xaf, 0x88, 0xae, 0x02, 0xa3, 0x69, 0xa2, 0x70, 0x30, 0x63, 0x2d,
  0x53, 0xac, 0xa9, 0x2e, 0x2a, 0xaf, 0x99, 0xa5, 0xdf, 0xa7, 0x8e, 0xaf,
  0xf5, 0xaa, 0xd1, 0xaf, 0xd0, 0x1f, 0x00, 0xad, 0xf0, 0xa9, 0x7e, 0x30,
  0xa6, 0x2b, 0x61, 0xb0, 0x80, 0xa9, 0x0e, 0xa4, 0xa1, 0xa1, 0xb2, 0x2c,
  0x90, 0xa6, 0x02, 0xb0, 0x6e, 0x2d, 0x02, 0x20, 0xcb, 0x1f, 0xe7, 0xac,
  0x02, 0x2c, 0x39, 0x24, 0x61, 0x9c, 0x26, 0x28, 0xe4, 0x2a, 0x1a, 0x23,
  0x3d, 0x2a, 0xee, 0xb0, 0xeb, 0x27, 0xd8, 0x24, 0x12, 0x2e, 0x0e, 0x2e,
  0x45, 0xac, 0x56, 0x2e, 0x09, 0x31, 0x23, 0x2d, 0x4d, 0x2e, 0x00, 0xb0,
  0x3c, 0x2a, 0xfb, 0x23, 0x8a, 0x27, 0x29, 0x29, 0x9e, 0x26, 0x0d, 0xaa,
  0x88, 0xae, 0xd3, 0xa9, 0x97, 0x2f, 0x28, 0x23, 0xc9, 0x2c, 0xd8, 0xa4,
  0x01, 0x2f, 0x49, 0x30, 0x63, 0x28, 0x39, 0x2a, 0xf0, 0xb0, 0xd0, 0x2a,
  0xb4, 0xac, 0x98, 0x2c, 0x57, 0xa1, 0x36, 0x20, 0x7b, 0x22, 0x63, 0x2e,
  0x19, 0x2b, 0xb8, 0x24, 0x18, 0xaf, 0x9c, 0xac, 0x29, 0x30, 0x0e, 0xb0,
  0x59, 0xac, 0xba, 0x2e, 0x62, 0x2c, 0x1a, 0x2c, 0x27, 0xad, 0x4c, 0x30,
  0x22, 0x30, 0x89, 0xae, 0xca, 0xad, 0x33, 0x2a, 0xcd, 0xab, 0xe4, 0xad,
  0x69, 0x2c, 0x1a, 0xad, 0xee, 0xaa, 0xa4, 0x2e, 0x7e, 0x1f, 0xfc, 0xa3,
  0xfd, 0xa4, 0xe4, 0x22, 0x10, 0xb0, 0xa5, 0x23, 0x5f, 0x2e, 0x19, 0xb0,
  0xdf, 0x9c, 0xc6, 0x27, 0x70, 0xb0, 0xa8, 0xad, 0x48, 0x2d, 0xb1, 0xa8,
  0xd1, 0xa9, 0xcd, 0xaa, 0x9d, 0xaa, 0xbb, 0xaf, 0xad, 0xac, 0xad, 0x21,
  0xd3, 0xae, 0x12, 0xaf, 0xf6, 0x2c, 0xd2, 0xae, 0xfe, 0xa4, 0xe8, 0xad,
  0xf5, 0xa3, 0xdf, 0xb0, 0x67, 0xa8, 0xe4, 0x2b, 0x20, 0xb0, 0xed, 0x2f,
  0x37, 0x27, 0x96, 0xa5, 0xa4, 0x2d, 0x5b, 0xa9, 0x1b, 0x2a, 0x70, 0xaa,
  0xf7, 0x27, 0xa1, 0x29, 0x59, 0xac, 0x9f, 0x28, 0x03, 0xb1, 0xa9, 0x2e,
  0x6c, 0x2c, 0x15, 0x25, 0xe3, 0x25, 0x2a, 0x30, 0x20, 0x2c, 0x98, 0xb0,
  0x71, 0xa8, 0x7c, 0x2d, 0x38, 0x2b, 0x85, 0x2d, 0xb2, 0xa2, 0x38, 0x2a,
  0xc0, 0x29, 0x70, 0x23, 0xee, 0x2c, 0x40, 0xa8, 0x10, 0xaa, 0x7a, 0xad,
  0x36, 0x2f, 0x29, 0x29, 0xfa, 0xaf, 0x84, 0xab, 0x5f, 0x24, 0xdb, 0x9e,
  0x1f, 0xaf, 0xe2, 0xab, 0x44, 0x1c, 0xa8, 0xad, 0x68, 0x28, 0x8d, 0x30,
  0xfc, 0xaa, 0x2a, 0xaf, 0x8b, 0xb0, 0xb6, 0xae, 0x6d, 0xa6, 0xad, 0x2d,
  0x32, 0xa6, 0x6f, 0x2c, 0x8f, 0x14, 0x34, 0x1a, 0xd7, 0x2c, 0xa4, 0x2f,
  0x49, 0xaf, 0xfa, 0x24, 0xdc, 0xac, 0xc2, 0xaf, 0x65, 0xb0, 0xb1, 0xad,
  0x31, 0x2f, 0x70, 0x2d, 0xd6, 0xa7, 0xad, 0x29, 0x35, 0x99, 0x60, 0xad,
  0xb5, 0xa9, 0x5b, 0x2f, 0x17, 0xad, 0x42, 0xae, 0x9e, 0x2e, 0x98, 0xa8,
  0x8f, 0x25, 0x00, 0x30, 0xfe, 0xaa, 0x29, 0x30, 0xd6, 0x2d, 0x00, 0xa4,
  0x26, 0x27, 0xcd, 0xab, 0xa1, 0x1e, 0xb7, 0x2b, 0xcd, 0xa8, 0x43, 0x29,
  0x78, 0x2d, 0x09, 0x9e, 0x10, 0xb1, 0xaf, 0x30, 0x70, 0xa4, 0x4b, 0xac,
  0x99, 0xae, 0x15, 0xa3, 0x1d, 0x2c, 0xa1, 0xae, 0x79, 0x94, 0x6c, 0xa8,
  0x6c, 0xad, 0xd4, 0x30, 0x0e, 0xb0, 0xc7, 0x98, 0x0c, 0x31, 0x38, 0x1f,
  0xdb, 0xa5, 0x68, 0x29, 0xff, 0x2b, 0x0e, 0xaa, 0x95, 0xa9, 0x84, 0xa6,
  0x69, 0xa0, 0xe0, 0x2e, 0x32, 0xad, 0x3d, 0xa9, 0xd4, 0xac, 0x20, 0xac,
  0x7c, 0x28, 0x99, 0x2b, 0xa6, 0x28, 0xd6, 0xaf, 0xb1, 0x2c, 0x09, 0xab,
  0xd7, 0xab, 0x76, 0x27, 0xbc, 0xb0, 0x44, 0xa5, 0x9f, 0xa5, 0xac, 0x29,
  0x0e, 0x2d, 0xc5, 0xb1, 0x5c, 0x22, 0x39, 0x2e, 0xbc, 0xac, 0x8c, 0xab,
  0x89, 0x2d, 0x4d, 0xad, 0x57, 0x2c, 0xb5, 0xab, 0x71, 0x28, 0x67, 0x2d,
  0x36, 0x31, 0x13, 0x2e, 0x7d, 0xa8, 0x13, 0x29, 0x5f, 0xaa, 0x77, 0x22,
  0x66, 0xaa, 0xc0, 0xa8, 0xf9, 0x2d, 0xa8, 0xaa, 0x0d, 0x2b, 0x94, 0xa8,
  0x85, 0x2d, 0x18, 0xa7, 0xf2, 0x2e, 0x5b, 0x2e, 0xc4, 0x1f, 0x07, 0x25,
  0xd3, 0x2b, 0x39, 0xac, 0xaa, 0xa8, 0xcd, 0xaa, 0x9d, 0x1f, 0xa8, 0x2b,
  0x47, 0x30, 0x90, 0x29, 0x52, 0xaf, 0xc8, 0xaf, 0x7a, 0x1d, 0x8e, 0x28,
  0x5c, 0x2f, 0x09, 0x2e, 0x5e, 0xac, 0x16, 0xad, 0x13, 0xa8, 0x09, 0x30,
  0xe2, 0xac, 0xba, 0x10, 0x46, 0x22, 0xa8, 0x2c, 0x11, 0xa0, 0x12, 0x25,
  0x9c, 0x2c, 0x34, 0x31, 0x7e, 0xae, 0xab, 0x1d, 0xc7, 0x2c, 0x19, 0xac,
  0x75, 0xaf, 0x74, 0x30, 0x4e, 0xa7, 0x05, 0xa6, 0xf8, 0xad, 0xeb, 0xaf,
  0x53, 0xab, 0x8c, 0x31, 0xfb, 0xaf, 0x31, 0x30, 0xc2, 0x9a, 0x11, 0xae,
  0xf2, 0x26, 0x11, 0xaa, 0x00, 0x22, 0xb3, 0x2d, 0x05, 0x2a, 0x16, 0x2d,
  0x6a, 0x30, 0x32, 0x29, 0xc6, 0x27, 0xbf, 0xad, 0xfe, 0x2e, 0x5c, 0x24,
  0x25, 0x2f, 0xc1, 0x2d, 0x22, 0xaf, 0xcb, 0x28, 0x4e, 0x2b, 0x68, 0x27,
  0x76, 0xac, 0x55, 0xae, 0x12, 0x26, 0xf6, 0x24, 0xed, 0x2a, 0x33, 0x2d,
  0x04, 0x2c, 0x52, 0x30, 0x2d, 0xae, 0x7a, 0x29, 0xf9, 0xaf, 0x3e, 0xb0,
  0x7e, 0xa9, 0xb1, 0x2e, 0x2e, 0x2b, 0x04, 0x2c, 0x57, 0xae, 0x63, 0xaf,
  0x20, 0x30, 0xb1, 0x2a, 0x83, 0xaf, 0x90, 0x2d, 0x2c, 0xa0, 0x98, 0x2e,
  0x7e, 0x2c, 0xef, 0xab, 0x27, 0xad, 0x86, 0xab, 0x25, 0xae, 0x2d, 0xaa,
  0x1b, 0x2b, 0x75, 0xaf, 0x62, 0xac, 0x67, 0xa8, 0xfc, 0xaf, 0x4f, 0x28,
  0x6f, 0x30, 0x7e, 0xa8, 0x90, 0xa3, 0xde, 0x29, 0xe5, 0xae, 0x9b, 0x25,
  0xc7, 0x25, 0x12, 0xab, 0x34, 0xaf, 0x0f, 0xae, 0x6e, 0xaf, 0x81, 0xa8,
  0x88, 0x25, 0xb3, 0x2f, 0xf0, 0x2d, 0x5f, 0x24, 0x48, 0xae, 0xeb, 0x25,
  0x00, 0x2d, 0xcb, 0xac, 0xb2, 0xa0, 0x29, 0xaf, 0x35, 0x31, 0x2f, 0x28,
  0xba, 0x29, 0xac, 0xaa, 0xba, 0x2b, 0x3d, 0xae, 0x8a, 0xde, 0xff, 0xff,
  0x04, 0x00, 0x00, 0x00, 0x00, 0x06, 0x00, 0x00, 0x2f, 0xab, 0xfb, 0xaf,
  0xd4, 0x2c, 0xdf, 0x27, 0x22, 0xaa, 0x5d, 0xaf, 0x4f, 0xb1, 0x8a, 0xb0,
  0xc6, 0x29, 0x20, 0x2f, 0xd3, 0x2b, 0xdd, 0xac, 0xf4, 0x9d, 0xea, 0x30,
  0xe0, 0x2d, 0x52, 0xb0, 0xc2, 0x2b, 0x20, 0xae, 0x8a, 0xa2, 0xf2, 0xaf,
  0x3e, 0x2a, 0x88, 0x2e, 0xfe, 0xab, 0x4f, 0x2a, 0x43, 0x2f, 0xf6, 0xad,
  0x2e, 0x28, 0x22, 0x2f, 0x17, 0xaa, 0x91, 0xad, 0x30, 0x2a, 0x64, 0xb0,
  0xf8, 0xa2, 0x8e, 0xb0, 0x0e, 0x26, 0xeb, 0xad, 0x3e, 0x30, 0x58, 0xa3,
  0x47, 0x30, 0x31, 0xb0, 0x1e, 0xa2, 0xad, 0x2c, 0xaf, 0xa9, 0xc9, 0x20,
  0xb2, 0x29, 0xf4, 0xad, 0x3d, 0xac, 0x08, 0x1d, 0x65, 0x2d, 0xbb, 0xa9,
  0x0c, 0xad, 0xc1, 0x2f, 0x41, 0xab, 0x9c, 0xb1, 0x40, 0xb1, 0xfb, 0xae,
  0x0c, 0xac, 0x1d, 0xaf, 0x76, 0xac, 0xe8, 0x2d, 0x48, 0x2e, 0x0d, 0x28,
  0x73, 0xac, 0x44, 0x2f, 0x3a, 0x30, 0xd1, 0x2c, 0x5c, 0xac, 0x77, 0xad,
  0x6b, 0x2c, 0xa3, 0xaf, 0x92, 0x2b, 0x26, 0x2c, 0x5f, 0x2f, 0xeb, 0xaf,
  0x22, 0x2d, 0x26, 0x2e, 0xf9, 0xa2, 0x8a, 0xb0, 0x64, 0xaf, 0x11, 0xb1,
  0xea, 0x25, 0x8c, 0xa6, 0x00, 0x2a, 0xbd, 0x2d, 0x53, 0x25, 0xed, 0xaf,
  0xef, 0xac, 0x17, 0x26, 0x9b, 0x2c, 0xd7, 0x2f, 0xaa, 0x2c, 0x16, 0xb0,
  0xf0, 0x28, 0x42, 0x29, 0xb0, 0x9b, 0x5f, 0x26, 0x2d, 0xa9, 0xa2, 0x25,
  0x2f, 0x2b, 0x4c, 0xae, 0x67, 0x2f, 0xff, 0x2f, 0x56, 0x2f, 0x5f, 0x22,
  0x65, 0xac, 0xff, 0x2e, 0x84, 0xa5, 0xfa, 0x2f, 0xad, 0x2f, 0x2a, 0xa8,
  0x2d, 0xb0, 0x6c, 0x2c, 0x0a, 0xad, 0x96, 0xb0, 0x38, 0x30, 0x0b, 0xb0,
  0x63, 0x24, 0xb1, 0x2e, 0x03, 0xac, 0x6d, 0xac, 0x4e, 0x30, 0x47, 0xad,
  0x23, 0xad, 0xf2, 0xb0, 0xb7, 0x30, 0xd8, 0xb0, 0x94, 0x26, 0xb4, 0xb0,
  0xb7, 0xae, 0x5c, 0xb1, 0xc1, 0xad, 0x10, 0x30, 0xe9, 0xad, 0x75, 0xae,
  0x42, 0xb0, 0xa3, 0x2c, 0x17, 0xaa, 0x71, 0xa9, 0x2f, 0xaf, 0xfe, 0xa0,
  0x09, 0x2a, 0x81, 0xad, 0x78, 0xae, 0xff, 0xad, 0x19, 0xa9, 0xce, 0xae,
  0x45, 0xae, 0xe8, 0x2c, 0x9a, 0xad, 0x78, 0xac, 0x98, 0x2d, 0x22, 0x2e,
  0x4a, 0xae, 0xe7, 0x2e, 0x47, 0xaa, 0x22, 0x26, 0x2e, 0xa0, 0x25, 0x2d,
  0xdd, 0x9d, 0x41, 0xa9, 0x2b, 0xac, 0x8c, 0x2d, 0x1a, 0xac, 0x11, 0x2f,
  0xd7, 0xad, 0x60, 0xb0, 0x4f, 0x30, 0xa3, 0x2c, 0x68, 0xac, 0x34, 0xaf,
  0xe7, 0xa6, 0x9a, 0xac, 0x20, 0x9e, 0xaa, 0x2f, 0xae, 0xad, 0x8e, 0xae,
  0x22, 0x24, 0x68, 0x28, 0xbc, 0xad, 0x62, 0x2f, 0x53, 0xb1, 0xcb, 0xb0,
  0x34, 0x31, 0xd5, 0x1d, 0x70, 0xa9, 0xbf, 0xae, 0xb7, 0xb0, 0x4e, 0x9e,
  0x1b, 0xb0, 0xc0, 0xa0, 0x6b, 0xae, 0xe4, 0x24, 0x3d, 0xa2, 0x40, 0xa7,
  0x35, 0x2a, 0x71, 0x2f, 0x65, 0xae, 0xc7, 0x2d, 0x6f, 0x2e, 0xb6, 0x2d,
  0x40, 0xac, 0xd2, 0x23, 0x5e, 0xac, 0xca, 0x2e, 0xcf, 0xae, 0x9f, 0x2c,
  0x78, 0xa4, 0x89, 0x2e, 0xa6, 0xb0, 0xf3, 0xa9, 0x8f, 0xaf, 0x6a, 0x24,
  0x69, 0xaf, 0x91, 0xa8, 0x3d, 0xae, 0xe8, 0x2d, 0x7b, 0x2f, 0xbd, 0xb0,
  0x8e, 0x24, 0x24, 0x30, 0x44, 0xaf, 0x6f, 0x2e, 0x22, 0x2f, 0x9e, 0xa5,
  0x5c, 0x2a, 0x08, 0x28, 0xd5, 0xa8, 0xed, 0xaa, 0x54, 0x2f, 0x9a, 0x2e,
  0x6d, 0x98, 0xcd, 0xa5, 0x6f, 0x30, 0x9f, 0xac, 0xf8, 0x2a, 0x0d, 0xa9,
  0xc8, 0x2d, 0xe8, 0x29, 0xda, 0xad, 0xc5, 0x2c, 0x0a, 0xae, 0x0d, 0x2e,
  0xa8, 0xad, 0xa7, 0x2e, 0xee, 0xac, 0x5f, 0xaf, 0x7f, 0x28, 0x91, 0x2d,
  0xa7, 0xaf, 0x0f, 0x29, 0x15, 0x27, 0x20, 0x2e, 0xa7, 0xaf, 0x6e, 0x30,
  0x7b, 0xae, 0x24, 0xb0, 0xfd, 0x18, 0x3a, 0xac, 0xfc, 0xa4, 0x7f, 0xa9,
  0x10, 0xb0, 0x9f, 0x2e, 0x16, 0xac, 0xe3, 0xab, 0xe3, 0xae, 0x35, 0x24,
  0xd8, 0xac, 0xf4, 0x22, 0xe4, 0xa6, 0x70, 0x2b, 0x7d, 0xae, 0xe9, 0xac,
  0x0c, 0x2d, 0x02, 0x9d, 0x64, 0xb0, 0x40, 0x29, 0x63, 0x2f, 0x4b, 0x28,
  0xd4, 0xaa, 0x73, 0x30, 0x10, 0x29, 0x3d, 0xb1, 0x4a, 0x30, 0x4b, 0xad,
  0x05, 0xae, 0x12, 0x2b, 0xe8, 0x28, 0x7c, 0x25, 0x00, 0x2b, 0xe5, 0xb0,
  0x88, 0x2e, 0xf8, 0x2f, 0xe3, 0x2d, 0x2f, 0x29, 0x87, 0xac, 0x65, 0xaf,
  0xf8, 0x2f, 0xd9, 0xaf, 0x34, 0xad, 0x8a, 0x2f, 0x7e, 0xb0, 0x19, 0x30,
  0xa5, 0xb1, 0x2d, 0x26, 0x54, 0xad, 0xb7, 0xb0, 0x22, 0xa8, 0xb5, 0x2c,
  0xfa, 0xac, 0x7b, 0x28, 0xdf, 0xa4, 0xc8, 0x21, 0x7b, 0xac, 0x62, 0xa8,
  0x69, 0xad, 0x09, 0x2e, 0x45, 0x2d, 0x26, 0xa2, 0xbc, 0xb0, 0x21, 0xad,
  0xa8, 0x28, 0xef, 0xb0, 0xcf, 0xaf, 0xb1, 0x2f, 0x25, 0x2c, 0xaf, 0x27,
  0xfb, 0xa9, 0xfa, 0xad, 0xcd, 0xae, 0x25, 0x2f, 0x2b, 0xad, 0x68, 0x2d,
  0xea, 0x2f, 0xe0, 0x2a, 0xc0, 0xb0, 0xf9, 0x93, 0x43, 0xb0, 0x0e, 0xb0,
  0xfe, 0x28, 0xea, 0x2f, 0x42, 0x95, 0x6b, 0xa7, 0x33, 0xac, 0xe5, 0xad,
  0x06, 0x24, 0x61, 0xb1, 0x4e, 0xb1, 0xd7, 0xa9, 0x0c, 0xab, 0xc5, 0xa8,
  0x0b, 0x24, 0x9e, 0xae, 0xae, 0x2d, 0x8b, 0x28, 0xf3, 0x2d, 0x69, 0x2b,
  0x2c, 0xa8, 0x93, 0x26, 0x74, 0x28, 0x90, 0xac, 0xc8, 0x2a, 0x3a, 0x2f,
  0xb6, 0xa1, 0xa7, 0x2e, 0x01, 0xa6, 0xfd, 0x23, 0x2d, 0xaf, 0x4b, 0x22,
  0x1a, 0x2f, 0xe6, 0xad, 0xc1, 0x2f, 0x5b, 0x29, 0xe6, 0xa6, 0xba, 0xaf,
  0x05, 0x30, 0xf5, 0xac, 0xe0, 0x2e, 0xe8, 0x2d, 0x34, 0xab, 0x87, 0xae,
  0x8d, 0x2c, 0xb9, 0xad, 0x12, 0xad, 0x4e, 0xb0, 0x98, 0xa6, 0x1e, 0x0e,
  0x82, 0x2b, 0xd7, 0x2b, 0x93, 0xaa, 0x7e, 0x30, 0x55, 0xa5, 0xb0, 0xac,
  0x46, 0x25, 0xf5, 0x29, 0xaf, 0xad, 0x76, 0xab, 0x17, 0x30, 0x1e, 0xa3,
  0x59, 0x29, 0x6e, 0xb0, 0x41, 0x2c, 0x75, 0x2e, 0xb8, 0xaf, 0x7e, 0xaf,
  0xb7, 0xac, 0xbd, 0x2d, 0x29, 0x30, 0x1b, 0x30, 0x71, 0xa0, 0xae, 0xad,
  0x73, 0xa1, 0x82, 0x2e, 0xe0, 0xad, 0x92, 0xa9, 0xb4, 0x2c, 0x91, 0xaf,
  0xee, 0x30, 0xc3, 0x2d, 0xca, 0x2f, 0x17, 0xab, 0x38, 0xa5, 0x7c, 0x2f,
  0xb3, 0x2d, 0x2e, 0xa8, 0x6d, 0xad, 0xe8, 0xa5, 0x1d, 0x2f, 0x70, 0xb0,
  0x9a, 0x2d, 0x9f, 0xae, 0x8c, 0xa4, 0xa3, 0xb0, 0x08, 0xae, 0x94, 0x2b,
  0x26, 0x2a, 0x07, 0x2c, 0x84, 0xae, 0xcd, 0x26, 0x97, 0x2c, 0x58, 0x2e,
  0x47, 0xaf, 0x35, 0xb0, 0xa5, 0xaf, 0x62, 0xae, 0x5f, 0xb0, 0x57, 0x25,
  0x5d, 0x2f, 0x52, 0x94, 0x06, 0xb0, 0x88, 0xa1, 0x57, 0x27, 0xf7, 0x27,
  0xea, 0x9e, 0xee, 0x2f, 0x81, 0xb0, 0x9a, 0x28, 0x0d, 0xa8, 0x4f, 0xa9,
  0xba, 0x2a, 0x8d, 0x27, 0x2e, 0x2e, 0x72, 0x25, 0xd2, 0x2d, 0xc3, 0x29,
  0x0a, 0xb0, 0x1e, 0x31, 0xd8, 0xae, 0x9f, 0xab, 0xc2, 0xae, 0x28, 0x30,
  0xc3, 0x2d, 0xd4, 0x2d, 0xd1, 0xa5, 0x86, 0x2a, 0x16, 0xae, 0x00, 0xa9,
  0xcd, 0x9e, 0x77, 0x30, 0x3c, 0xad, 0x3e, 0x30, 0x8c, 0x30, 0xb2, 0x2e,
  0x55, 0xad, 0x58, 0x29, 0x79, 0x2e, 0x0a, 0xb0, 0x05, 0xad, 0x1e, 0x25,
  0x37, 0xb0, 0x97, 0x29, 0x47, 0x2e, 0x2a, 0x2e, 0x1b, 0x2d, 0x8f, 0x30,
  0xaf, 0xa9, 0xa1, 0xa7, 0xfa, 0x30, 0x6e, 0xaf, 0x29, 0x2e, 0x16, 0xa5,
  0xf5, 0xa0, 0x3b, 0xb0, 0x8c, 0xa0, 0x5e, 0x2d, 0x8a, 0xb0, 0xcf, 0x2f,
  0xf1, 0xaf, 0xc3, 0x1c, 0x70, 0xad, 0x6c, 0x10, 0xf4, 0x2c, 0x8a, 0xa8,
  0xea, 0x2c, 0x98, 0x2e, 0xd9, 0x2d, 0xcc, 0x1f, 0x26, 0x2e, 0x44, 0xb0,
  0x97, 0x2f, 0x24, 0xb0, 0x5c, 0x2b, 0xd1, 0xae, 0xb6, 0xac, 0x5a, 0xb1,
  0x94, 0xac, 0x16, 0x17, 0x1b, 0x2e, 0x70, 0xa2, 0x6c, 0xb0, 0xd7, 0x29,
  0x58, 0xaf, 0x54, 0x30, 0xd9, 0xae, 0x82, 0x27, 0xd4, 0x2c, 0xb7, 0xaa,
  0xaa, 0xa5, 0xde, 0x2e, 0x4f, 0x23, 0xd2, 0x2c, 0xfd, 0xb0, 0xb5, 0x2e,
  0x6b, 0x2c, 0xff, 0xb0, 0x7a, 0xa8, 0xdd, 0xaa, 0x5b, 0xab, 0x5b, 0x2e,
  0x66, 0xa3, 0xc9, 0x2f, 0x8a, 0x30, 0x1d, 0x2e, 0xe7, 0x2e, 0xe3, 0xb0,
  0xa5, 0xac, 0x70, 0x9a, 0x88, 0x27, 0xf8, 0x2c, 0x6f, 0x29, 0x3d, 0xae,
  0x38, 0x2b, 0x13, 0xa9, 0x36, 0xaf, 0xb1, 0x2b, 0x28, 0xae, 0xe7, 0x2b,
  0x59, 0x30, 0xe2, 0xa3, 0x83, 0x30, 0x32, 0xaf, 0xe2, 0x2a, 0xd3, 0xab,
  0x1e, 0x30, 0xc9, 0x2c, 0x31, 0xad, 0xa7, 0xa8, 0x79, 0xaf, 0xb3, 0x30,
  0x1a, 0xa7, 0x67, 0x2f, 0xaa, 0x2f, 0x8b, 0xad, 0xa2, 0xb0, 0x32, 0x2d,
  0x03, 0xb0, 0x62, 0xab, 0xb6, 0x2f, 0x8d, 0x2e, 0x0d, 0x2d, 0x80, 0x30,
  0xad, 0xa5, 0xd8, 0x30, 0x0b, 0x19, 0x59, 0xae, 0xe2, 0x2c, 0x48, 0xae,
  0x12, 0xab, 0xa5, 0xab, 0x4b, 0xa5, 0x37, 0x30, 0x1e, 0xaf, 0xd2, 0xb0,
  0x1f, 0x30, 0x89, 0x2f, 0xcc, 0xa6, 0x89, 0x9c, 0x29, 0xaf, 0xfb, 0x26,
  0x47, 0x2e, 0xe8, 0x2e, 0x1e, 0xaf, 0xe0, 0xaa, 0x3d, 0x05, 0x1e, 0x28,
  0x40, 0x29, 0x94, 0xa5, 0x05, 0xaa, 0x03, 0x20, 0xd4, 0x30, 0xdd, 0x2c,
  0xc7, 0x30, 0xc2, 0x2f, 0x25, 0xaf, 0x23, 0xa8, 0xc8, 0x2c, 0x2b, 0x95,
  0x19, 0x21, 0x71, 0xae, 0x99, 0x9c, 0x02, 0xad, 0x10, 0xac, 0x73, 0x9c,
  0x74, 0xaf, 0x74, 0x9d, 0xaf, 0xa8, 0x24, 0xb0, 0x2a, 0xad, 0x87, 0xaa,
  0x14, 0x2a, 0x53, 0xb0, 0xe5, 0x2c, 0x74, 0xb0, 0xb8, 0x2c, 0x62, 0x1d,
  0xfe, 0x2f, 0x48, 0xa7, 0x5e, 0x20, 0xd7, 0x2f, 0xbc, 0xad, 0x81, 0xa4,
  0x74, 0x2c, 0xee, 0x28, 0x3d, 0x30, 0x7f, 0xb0, 0x1d, 0xaf, 0x4e, 0xaf,
  0x3f, 0x23, 0xd9, 0xac, 0x3f, 0x28, 0x9c, 0xa9, 0x77, 0xa4, 0xf1, 0xac,
  0x72, 0xa9, 0x16, 0x1f, 0x2e, 0x9c, 0x62, 0xa9, 0x54, 0x29, 0x2e, 0xaf,
  0x0a, 0xac, 0x5b, 0x2a, 0x79, 0xac, 0xf3, 0xaf, 0x39, 0x2e, 0x95, 0xad,
  0x79, 0xae, 0xfc, 0x23, 0x5c, 0x2e, 0x6e, 0xab, 0xe0, 0x2d, 0xa4, 0x1c,
  0x2f, 0x30, 0xb6, 0x2e, 0x1a, 0xb0, 0x3d, 0x25, 0x02, 0x2d, 0xe6, 0xb0,
  0xf4, 0xa6, 0x5c, 0xaf, 0x14, 0xae, 0x46, 0xaa, 0xb2, 0x2f, 0xcf, 0xaf,
  0xe6, 0xaa, 0xf0, 0x2f, 0x92, 0x2f, 0xc9, 0x28, 0x82, 0xb0, 0x3a, 0x2e,
  0xf3, 0xa8, 0xb0, 0xaf, 0x5c, 0x28, 0x5b, 0xab, 0xc9, 0x2c, 0x20, 0xb0,
  0xe0, 0x2d, 0x9b, 0x2a, 0x84, 0xab, 0x99, 0x2e, 0xb8, 0xab, 0xc6, 0x2f,
  0x16, 0xaf, 0x01, 0xac, 0x22, 0xaf, 0x85, 0x2e, 0x0d, 0xac, 0xf2, 0xa0,
  0x0c, 0xb0, 0xea, 0x30, 0x9b, 0x26, 0xfe, 0xaf, 0xa8, 0xb0, 0x31, 0x27,
  0x25, 0xb0, 0xf2, 0xad, 0x0d, 0xb0, 0xac, 0xad, 0x37, 0x20, 0x6a, 0xa7,
  0x53, 0x2d, 0x1b, 0x2d, 0x87, 0x2c, 0x3c, 0x29, 0xac, 0x25, 0x45, 0xac,
  0xe2, 0x8c, 0x40, 0x31, 0xf9, 0xad, 0x55, 0x2f, 0x4c, 0xb0, 0xd7, 0xad,
  0x38, 0xa5, 0x59, 0x2c, 0x96, 0x24, 0x93, 0x2f, 0x77, 0x28, 0xcc, 0x2e,
  0x00, 0xad, 0xc0, 0xac, 0x50, 0xac, 0x7a, 0x26, 0x78, 0x1e, 0xa1, 0x29,
  0x09, 0xa0, 0x85, 0x2c, 0x75, 0x2c, 0x2b, 0xab, 0x1f, 0x21, 0xc7, 0x2d,
  0x66, 0x24, 0xb6, 0x2f, 0xd1, 0x2b, 0xd8, 0xac, 0x46, 0x2f, 0xe0, 0xad,
  0x38, 0xb1, 0x60, 0x2b, 0xc1, 0xaa, 0x3e, 0x2c, 0x96, 0xe4, 0xff, 0xff,
  0x04, 0x00, 0x00, 0x00, 0x00, 0x06, 0x00, 0x00, 0xeb, 0xa3, 0x69, 0xae,
  0xdb, 0xae, 0x58, 0xae, 0x16, 0xae, 0x85, 0x29, 0xbf, 0xa8, 0x34, 0xa4,
  0xaf, 0x2f, 0x14, 0xaf, 0x8c, 0xaf, 0xb7, 0x2f, 0x3a, 0xad, 0x0d, 0xa9,
  0x29, 0x2c, 0x40, 0xa7, 0xff, 0x9c, 0x91, 0xab, 0x3d, 0x2e, 0x33, 0xad,
  0x92, 0x2c, 0xce, 0x25, 0x81, 0xa6, 0xc2, 0x2a, 0x31, 0xad, 0xa3, 0xae,
  0x54, 0xb0, 0x9d, 0xa6, 0x26, 0xa5, 0x31, 0x29, 0x33, 0x27, 0x8f, 0x26,
  0x3f, 0x24, 0x8f, 0xae, 0x34, 0x28, 0xc4, 0x2a, 0x50, 0xad, 0xd5, 0x2e,
  0x33, 0xac, 0xee, 0x26, 0x35, 0xb0, 0x16, 0x12, 0x5f, 0xa5, 0x2d, 0xaa,
  0xc3, 0x21, 0x90, 0xad, 0xd5, 0x1d, 0xa4, 0xa8, 0x90, 0x23, 0xbe, 0x2c,
  0x1d, 0xa8, 0x65, 0xad, 0xb9, 0x28, 0x9e, 0x27, 0x00, 0xac, 0xf2, 0xaf,
  0x53, 0x2c, 0x25, 0x2f, 0xa9, 0xa9, 0xe2, 0x2f, 0x50, 0x2c, 0xa5, 0xae,
  0x82, 0xad, 0x7e, 0xad, 0x66, 0xb0, 0xc0, 0x2f, 0x79, 0x2d, 0x61, 0x2f,
  0xb6, 0xa9, 0x1a, 0xaf, 0x24, 0x29, 0x1e, 0x2c, 0x23, 0x2c, 0xfa, 0xaf,
  0x5d, 0x2b, 0x0e, 0x30, 0x53, 0x23, 0x25, 0x2c, 0x54, 0x29, 0x7e, 0xab,
  0x98, 0x2f, 0x15, 0xae, 0x15, 0xad, 0x4d, 0xaa, 0xe0, 0xb0, 0xcb, 0xaa,
  0x5c, 0xac, 0x77, 0xae, 0x63, 0xa8, 0x57, 0xb0, 0x79, 0x2d, 0x44, 0x2e,
  0xfe, 0xa9, 0x5a, 0xae, 0xfe, 0x2d, 0xb9, 0x2b, 0x97, 0x2c, 0x46, 0xac,
  0x8c, 0xa9, 0x37, 0xaf, 0x30, 0xae, 0x5e, 0x28, 0x22, 0xaa, 0xea, 0xa6,
  0x97, 0xaf, 0x97, 0xae, 0x06, 0xaf, 0xae, 0xac, 0xe8, 0xa9, 0x47, 0xab,
  0x53, 0x30, 0xef, 0x2d, 0x3d, 0x2e, 0xa8, 0xaa, 0xe9, 0x2c, 0x87, 0x25,
  0xb1, 0x9f, 0x28, 0x2f, 0x51, 0xa5, 0x40, 0xb0, 0xe4, 0x2a, 0x6c, 0xaf,
  0xa4, 0x1f, 0x34, 0xa7, 0x71, 0xaf, 0xb3, 0xa3, 0x2a, 0x2e, 0xb7, 0xa8,
  0x80, 0x22, 0x4a, 0xb0, 0x14, 0x27, 0x16, 0x2e, 0x1d, 0xb0, 0x49, 0xad,
  0x93, 0xb0, 0x93, 0xab, 0x3f, 0x2a, 0xef, 0x92, 0x45, 0x2a, 0xf7, 0x2f,
  0xcb, 0xb0, 0x79, 0xb1, 0x96, 0xb0, 0x01, 0x2d, 0x14, 0xb0, 0xee, 0x28,
  0xfc, 0x30, 0x71, 0x23, 0x06, 0x2b, 0x63, 0xad, 0x58, 0x2d, 0x4b, 0xa8,
  0x94, 0xaf, 0x8b, 0x1f, 0x4a, 0xa5, 0x14, 0x30, 0x86, 0x2e, 0x2b, 0x22,
  0x13, 0x2d, 0xd9, 0xaf, 0xbc, 0x98, 0x39, 0xab, 0x9a, 0xae, 0x36, 0x2d,
  0x23, 0x1d, 0x10, 0x2c, 0x01, 0x2c, 0x63, 0x2b, 0xa3, 0xa8, 0x7d, 0x28,
  0x35, 0x9f, 0xce, 0x28, 0x87, 0xab, 0x10, 0x30, 0x2c, 0x30, 0x58, 0x2d,
  0xd0, 0xa5, 0xaa, 0x2b, 0x2c, 0x30, 0x58, 0x2e, 0x12, 0xa9, 0xd7, 0x2e,
  0x4a, 0x30, 0xf8, 0xa8, 0x98, 0xaf, 0xde, 0xab, 0xe5, 0x2d, 0x4d, 0x96,
  0xe2, 0x27, 0x29, 0x30, 0x24, 0xae, 0x60, 0x9c, 0xdd, 0x2f, 0x06, 0xa9,
  0x5e, 0xae, 0xa4, 0x2c, 0x5c, 0xb0, 0x53, 0xa4, 0xec, 0x22, 0xf1, 0xad,
  0x52, 0xab, 0xad, 0x2e, 0x76, 0x26, 0x11, 0x30, 0x18, 0x99, 0xc9, 0x29,
  0x04, 0x27, 0x8b, 0x2a, 0x1b, 0xa9, 0xb7, 0xaa, 0x05, 0x30, 0x1b, 0x2e,
  0x35, 0x26, 0x48, 0x30, 0x52, 0x30, 0xfc, 0xae, 0x1e, 0x24, 0xc4, 0x2c,
  0xbf, 0x2f, 0xc4, 0x25, 0x23, 0x2c, 0x4c, 0xae, 0xc6, 0x2c, 0xf5, 0xb0,
  0x71, 0x17, 0x32, 0x2a, 0x4e, 0x26, 0x70, 0x2e, 0xd3, 0xae, 0xbd, 0x2f,
  0x6c, 0xa7, 0x09, 0xab, 0x7e, 0xa8, 0xce, 0xa6, 0x2b, 0x30, 0xdd, 0x28,
  0x34, 0xaf, 0xdd, 0x27, 0x0a, 0x2c, 0x92, 0x23, 0x9d, 0x2b, 0x77, 0x2f,
  0x6c, 0xae, 0x7c, 0x30, 0x67, 0xb0, 0x95, 0xad, 0x23, 0xb0, 0x2d, 0x30,
  0x41, 0xb0, 0x3b, 0x2b, 0x12, 0x14, 0xd3, 0x29, 0x33, 0x2a, 0x28, 0x28,
  0x03, 0xb0, 0x1a, 0x2d, 0x9e, 0xa8, 0x84, 0xa1, 0x7d, 0x2a, 0x4d, 0x30,
  0xd0, 0xa6, 0x48, 0x0f, 0x70, 0x1b, 0xb1, 0xad, 0xe8, 0x2d, 0xa6, 0xa2,
  0x5a, 0xaf, 0x37, 0x2c, 0x19, 0x2c, 0x73, 0xa9, 0xf7, 0x2a, 0xa4, 0x2b,
  0x0b, 0xab, 0x10, 0xad, 0x92, 0x99, 0x95, 0x2c, 0x51, 0xa5, 0x6c, 0xa8,
  0x95, 0x28, 0x77, 0x2b, 0x6f, 0xae, 0xb8, 0xb0, 0x7a, 0x26, 0x61, 0x8e,
  0x3f, 0x2c, 0x2a, 0x2d, 0x2f, 0xa7, 0x2d, 0x2b, 0x9e, 0xac, 0x8c, 0x09,
  0x91, 0xac, 0x37, 0xb0, 0xae, 0xb0, 0x05, 0xa5, 0x9a, 0xad, 0x51, 0xa5,
  0x39, 0x2d, 0xf4, 0xae, 0x30, 0xae, 0x5a, 0xac, 0x10, 0xaa, 0xab, 0xaf,
  0xb6, 0xae, 0x49, 0xaf, 0x5c, 0x29, 0xea, 0xa8, 0x38, 0x2a, 0xe3, 0x2f,
  0xfa, 0x2c, 0xeb, 0x28, 0xa8, 0x9f, 0xc0, 0x2f, 0x54, 0x2e, 0x91, 0x29,
  0x34, 0xb0, 0x98, 0xac, 0x18, 0x26, 0x6a, 0xad, 0x39, 0x2d, 0x95, 0x9f,
  0x92, 0xb0, 0x56, 0x2e, 0x42, 0xaf, 0x16, 0x30, 0x2b, 0x2f, 0xed, 0xa4,
  0xd2, 0xab, 0xd2, 0x21, 0xd9, 0x2c, 0x90, 0x1e, 0x78, 0xaf, 0x16, 0xa1,
  0xcd, 0x24, 0x38, 0xae, 0xdf, 0x2b, 0x5c, 0xa3, 0x39, 0xad, 0xa7, 0xae,
  0xd9, 0x2e, 0x4d, 0x2d, 0x06, 0x27, 0xdb, 0xac, 0x13, 0xb0, 0x97, 0xaf,
  0xc6, 0x1e, 0xd0, 0xb0, 0x7b, 0x9e, 0xf5, 0x2b, 0xcb, 0x28, 0x15, 0x2d,
  0x79, 0x30, 0x42, 0xae, 0xf6, 0x2c, 0x5d, 0x31, 0x1c, 0xae, 0x0b, 0x2e,
  0x14, 0xb0, 0x4e, 0x21, 0x93, 0x30, 0xdd, 0xa0, 0xe0, 0xa8, 0x23, 0x21,
  0x55, 0xa9, 0x11, 0x2c, 0xfc, 0xab, 0x60, 0xa8, 0x50, 0x1f, 0x07, 0xaf,
  0x0d, 0xab, 0xcc, 0x2e, 0x6c, 0x2e, 0x3e, 0xac, 0x66, 0x2e, 0xa5, 0xa4,
  0x17, 0xaf, 0xdf, 0xae, 0xe4, 0x2f, 0xb5, 0xaa, 0xe3, 0xae, 0xc9, 0x2c,
  0x59, 0xaf, 0xa6, 0xaa, 0x6a, 0x2c, 0x9e, 0x28, 0x8d, 0x2f, 0x26, 0x2f,
  0x45, 0xa4, 0x5d, 0xaf, 0x3a, 0x2d, 0xa6, 0xad, 0xa1, 0x2a, 0xed, 0xa2,
  0x4c, 0x2a, 0x3d, 0x2d, 0x74, 0xac, 0x9b, 0xac, 0xdd, 0x2e, 0x89, 0xae,
  0x45, 0xac, 0x94, 0x2e, 0x00, 0x20, 0x98, 0xae, 0x4d, 0x30, 0x01, 0x2a,
  0x24, 0xa7, 0xda, 0x2d, 0xa1, 0x2e, 0x41, 0xa0, 0x0e, 0x25, 0x7f, 0x2b,
  0x8b, 0x30, 0xba, 0xa4, 0x68, 0x24, 0x73, 0x15, 0x9c, 0xa6, 0x6f, 0x1c,
  0xae, 0x2f, 0xb7, 0xae, 0x8c, 0xac, 0x1e, 0x30, 0x43, 0xae, 0x85, 0x2a,
  0xc1, 0xae, 0x18, 0xa6, 0xbf, 0x2a, 0x9f, 0x25, 0xf3, 0x2a, 0xba, 0xae,
  0x44, 0xaa, 0xbe, 0x2c, 0xeb, 0xa4, 0xb4, 0x29, 0x06, 0xac, 0x3f, 0xb0,
  0xfb, 0x20, 0x61, 0x2f, 0x88, 0xa6, 0x26, 0xa8, 0x7b, 0xa2, 0x0d, 0x2b,
  0xab, 0x29, 0x53, 0x27, 0x4f, 0xb0, 0x63, 0xb0, 0xc9, 0xa9, 0xc4, 0xa8,
  0x5b, 0x2b, 0xfd, 0xa5, 0x3f, 0x2d, 0x80, 0xa9, 0x60, 0xb0, 0xf7, 0x23,
  0xd7, 0x23, 0xb2, 0x2f, 0x18, 0xa1, 0xf7, 0x2f, 0x03, 0xae, 0x0c, 0x2c,
  0x83, 0x22, 0x51, 0x24, 0x95, 0xae, 0xc8, 0xaa, 0x09, 0xaf, 0x2f, 0x2e,
  0x6f, 0xae, 0xd6, 0xa7, 0x8a, 0x30, 0x7d, 0x2a, 0x7c, 0xac, 0x79, 0xab,
  0x5e, 0x2e, 0x5d, 0xb0, 0xc5, 0x21, 0x6d, 0x2d, 0x53, 0xaf, 0xa5, 0xb0,
  0x40, 0x2f, 0x6b, 0x2c, 0x8c, 0xad, 0x1a, 0xb0, 0x9f, 0x2a, 0xe8, 0x2e,
  0x7f, 0x2d, 0x31, 0x2e, 0x06, 0xaf, 0x50, 0xa8, 0x5b, 0xb0, 0x57, 0x2c,
  0xa7, 0xad, 0x1c, 0x2c, 0xf8, 0xaf, 0xc8, 0xad, 0xe8, 0x2f, 0x1d, 0xa1,
  0x13, 0xac, 0xec, 0x2d, 0xc8, 0x2e, 0x6e, 0xac, 0x2e, 0xae, 0x7a, 0xa5,
  0x76, 0x2c, 0xae, 0x2c, 0xd0, 0xaf, 0x4a, 0xab, 0x87, 0x25, 0x2b, 0xaf,
  0xed, 0xae, 0x64, 0x2f, 0x25, 0x2a, 0x81, 0x2f, 0x56, 0xaf, 0x87, 0x2f,
  0xe5, 0x28, 0x21, 0xa6, 0x30, 0xae, 0x5a, 0x30, 0x1c, 0x2f, 0x07, 0x30,
  0x87, 0xa9, 0x2a, 0x2a, 0xe4, 0xb0, 0xd0, 0x2c, 0x84, 0x28, 0xd6, 0xa0,
  0x57, 0x28, 0x4d, 0x30, 0x35, 0x9c, 0xb5, 0x29, 0x7d, 0xaf, 0x31, 0x30,
  0x8f, 0xaf, 0x21, 0x2d, 0x77, 0xad, 0x05, 0xa9, 0x70, 0xac, 0x4b, 0x24,
  0xf7, 0xac, 0xdd, 0xae, 0xef, 0xa6, 0x82, 0xab, 0x57, 0xaf, 0xb9, 0xaf,
  0xdd, 0x30, 0x6c, 0x1f, 0x9a, 0x2d, 0x51, 0x2e, 0x82, 0x30, 0x15, 0x9d,
  0xac, 0xac, 0xa0, 0xad, 0x70, 0xa2, 0xf9, 0xab, 0x4a, 0x2b, 0xb2, 0x2c,
  0xeb, 0x30, 0x37, 0x2c, 0xbb, 0xaa, 0xfb, 0x2c, 0x05, 0xac, 0x78, 0xac,
  0x05, 0x2c, 0x46, 0x28, 0xb5, 0xa9, 0x69, 0x21, 0xfc, 0x2d, 0xca, 0xaf,
  0xa3, 0xae, 0x8d, 0xaf, 0x93, 0xaa, 0x1b, 0x30, 0xa3, 0x24, 0x25, 0xaa,
  0xde, 0x21, 0x5b, 0x30, 0xa1, 0xae, 0x16, 0x2c, 0x2b, 0x2d, 0xe8, 0xaf,
  0xb9, 0x28, 0x27, 0x2c, 0x85, 0x9f, 0xed, 0x2b, 0x35, 0x2e, 0x70, 0x26,
  0xcd, 0x28, 0x69, 0x2d, 0xfa, 0xab, 0x46, 0xb0, 0xe6, 0x2b, 0xd4, 0x2c,
  0xe1, 0x29, 0x95, 0x26, 0xeb, 0x2d, 0x75, 0xa5, 0x2a, 0xb0, 0xd3, 0x30,
  0x30, 0xab, 0x44, 0x30, 0x9f, 0xad, 0x0e, 0x2d, 0x45, 0x2c, 0xc3, 0x30,
  0xad, 0xae, 0x17, 0xa0, 0x65, 0xae, 0x1b, 0xae, 0x7e, 0x28, 0xc9, 0x25,
  0x2e, 0x2c, 0x6d, 0x2e, 0x98, 0xb0, 0x3f, 0xad, 0xcc, 0x18, 0xfd, 0xac,
  0xfa, 0xaf, 0xbe, 0x2d, 0x4d, 0xb0, 0x83, 0xa8, 0xa0, 0x27, 0xe6, 0xa7,
  0x49, 0x19, 0x84, 0xa4, 0x25, 0x25, 0x03, 0x2d, 0x5e, 0xa8, 0x07, 0xad,
  0x41, 0x30, 0x25, 0x28, 0xb6, 0x26, 0xb2, 0xaf, 0x5c, 0xb0, 0x30, 0xad,
  0x73, 0x26, 0x4b, 0x2c, 0x3a, 0xad, 0xbf, 0x30, 0x3a, 0x28, 0x4d, 0x30,
  0x2a, 0xb0, 0xad, 0x2b, 0xac, 0xb0, 0x44, 0x2c, 0x48, 0xac, 0xaa, 0xa9,
  0xdb, 0xa2, 0x1f, 0xb1, 0xf5, 0x27, 0xd8, 0xa1, 0x33, 0xad, 0xae, 0xb0,
  0xf8, 0x2a, 0xc1, 0xae, 0x5d, 0x2c, 0x02, 0x25, 0x52, 0xab, 0x6f, 0xb0,
  0x5d, 0x2b, 0x0c, 0x24, 0xce, 0xae, 0x1c, 0xac, 0xf2, 0x1a, 0x0f, 0x2f,
  0xf0, 0x2b, 0x28, 0xa8, 0xe1, 0xa6, 0x1c, 0xa5, 0x1d, 0x2b, 0x1a, 0x31,
  0x73, 0xa7, 0x1b, 0xb0, 0x42, 0xa8, 0xde, 0x2f, 0x50, 0xad, 0xa8, 0xad,
  0x2d, 0xaa, 0xf0, 0x2c, 0x89, 0x2e, 0x85, 0x2d, 0xe3, 0xad, 0x89, 0x2c,
  0x25, 0x30, 0x06, 0xaf, 0x91, 0x2e, 0xa1, 0x2a, 0x19, 0xaf, 0xe8, 0xa5,
  0x38, 0xae, 0x0e, 0xa9, 0xe0, 0x2c, 0x64, 0x28, 0x05, 0x27, 0x06, 0x29,
  0x6f, 0xb0, 0x49, 0xac, 0x94, 0xb0, 0xb8, 0x17, 0x66, 0xa9, 0x1e, 0xad,
  0x8b, 0x27, 0x40, 0xa5, 0x2e, 0xaf, 0xa0, 0xb0, 0xa6, 0xa8, 0x72, 0xa8,
  0xea, 0xad, 0xf8, 0x2b, 0x85, 0xad, 0xe3, 0x2a, 0x1c, 0x30, 0xd7, 0x2e,
  0xf6, 0x24, 0xe6, 0xac, 0x06, 0xab, 0x58, 0xa1, 0x4a, 0xb0, 0xa9, 0xb0,
  0x19, 0x25, 0x31, 0xa1, 0x36, 0xac, 0x7d, 0xae, 0xf9, 0xae, 0x11, 0x2f,
  0x97, 0x2f, 0x68, 0x23, 0x3a, 0xb0, 0x35, 0xac, 0xa7, 0x2e, 0x01, 0xb1,
  0xaa, 0x2a, 0x11, 0xaf, 0xd1, 0xac, 0x05, 0x31, 0xe4, 0x2a, 0x03, 0x2b,
  0x48, 0x30, 0xdc, 0xab, 0xf8, 0xa4, 0x22, 0xae, 0xeb, 0xab, 0x64, 0xae,
  0x05, 0x2e, 0xf8, 0xaf, 0xa0, 0xac, 0xfd, 0x2e, 0x8e, 0xaf, 0x56, 0xab,
  0x80, 0x25, 0xff, 0xaa, 0xe5, 0x19, 0x9d, 0xaa, 0xbb, 0x28, 0x24, 0xab,
  0x04, 0x29, 0x95, 0x2d, 0x22, 0xa9, 0x5d, 0xb0, 0x2c, 0xaf, 0xaa, 0x2a,
  0x12, 0x29, 0x0c, 0xb0, 0x05, 0x2b, 0x33, 0x20, 0x27, 0x1e, 0x49, 0xa8,
  0x98, 0x2a, 0x43, 0xa5, 0x96, 0xaf, 0x3a, 0x24, 0xa2, 0xea, 0xff, 0xff,
  0x04, 0x00, 0x00, 0x00, 0x00, 0x06, 0x00, 0x00, 0xfb, 0x30, 0x5c, 0x26,
  0x37, 0x1b, 0x8c, 0xb0, 0x03, 0x2e, 0x14, 0x30, 0x8e, 0x2f, 0x5b, 0xad,
  0x7d, 0x2e, 0x9c, 0x2f, 0x8b, 0x2e, 0xee, 0xa8, 0xe2, 0xab, 0x20, 0x27,
  0xd5, 0xa8, 0x68, 0xaf, 0x29, 0x2a, 0x84, 0xac, 0xe8, 0x2f, 0xc9, 0xaf,
  0x9e, 0x2e, 0x5f, 0x9e, 0x77, 0x2c, 0x0b, 0x2d, 0xfd, 0xab, 0x12, 0xb0,
  0x89, 0x22, 0xdb, 0xb0, 0x36, 0x2b, 0x09, 0xa7, 0x4c, 0xae, 0xaf, 0x2a,
  0x87, 0x2c, 0x23, 0x19, 0xed, 0xaf, 0xd8, 0x2e, 0x66, 0x25, 0xe3, 0x2f,
  0x76, 0x27, 0x3e, 0xae, 0x83, 0xab, 0x75, 0x29, 0x01, 0xa5, 0x78, 0x2f,
  0x63, 0xb0, 0x4d, 0x2d, 0x97, 0x28, 0x9f, 0x26, 0x97, 0xac, 0xa0, 0xa8,
  0x43, 0x21, 0x96, 0x2b, 0x36, 0xb0, 0x47, 0xb0, 0x41, 0x1b, 0x36, 0x27,
  0x34, 0x30, 0x2a, 0x2f, 0xd5, 0xae, 0x03, 0x31, 0x0e, 0xa8, 0x8b, 0xa8,
  0x79, 0x30, 0xd4, 0xa8, 0xd5, 0x2c, 0x3a, 0xad, 0xc6, 0xac, 0x0c, 0xac,
  0x4d, 0xac, 0x83, 0xa8, 0xab, 0xac, 0x7f, 0x2f, 0x61, 0xac, 0x40, 0x23,
  0x46, 0xb0, 0xd2, 0xa7, 0x63, 0x29, 0x42, 0xac, 0x5d, 0xa8, 0xf0, 0xae,
  0xde, 0xa4, 0xec, 0x30, 0x2a, 0xae, 0x62, 0xad, 0xc8, 0xa9, 0x02, 0x2f,
  0x4a, 0xb0, 0x7e, 0xb0, 0xe7, 0x2e, 0xad, 0x25, 0x09, 0x2d, 0x07, 0x30,
  0xbe, 0xa4, 0xad, 0xa9, 0x22, 0xa8, 0xf6, 0x9b, 0x0a, 0xb0, 0x43, 0xa9,
  0x95, 0x25, 0x94, 0xae, 0xe6, 0x2b, 0x46, 0x30, 0xa7, 0x30, 0xfa, 0x30,
  0xf3, 0x29, 0xb5, 0xaf, 0x62, 0xaf, 0xb1, 0xa7, 0x3b, 0xaa, 0x89, 0x9f,
  0xac, 0x28, 0x43, 0x2c, 0xb4, 0x2f, 0xee, 0xb0, 0x52, 0xa4, 0x8b, 0xa4,
  0xb4, 0x9a, 0xb2, 0xae, 0x14, 0xa6, 0xf1, 0x2f, 0x04, 0x30, 0xe9, 0x2e,
  0x0a, 0xad, 0x2a, 0x30, 0x7a, 0xae, 0xd8, 0xaf, 0xc6, 0x29, 0x05, 0xaf,
  0x6a, 0x24, 0x09, 0x30, 0x96, 0x27, 0xc5, 0xac, 0x32, 0xaf, 0x70, 0x2e,
  0x84, 0x26, 0x7d, 0x2d, 0xd4, 0xae, 0x1f, 0x30, 0x9f, 0xaf, 0x76, 0xaf,
  0x33, 0xb0, 0x8f, 0xad, 0x4c, 0x29, 0xa9, 0x21, 0x0e, 0xa4, 0x50, 0x21,
  0xd9, 0x2b, 0x1e, 0xae, 0x8c, 0x2e, 0x41, 0xb0, 0xab, 0xae, 0xac, 0xa8,
  0x04, 0x2f, 0xb6, 0xaa, 0x70, 0xa3, 0x9e, 0x29, 0xba, 0xa9, 0x3e, 0x2f,
  0xf0, 0xac, 0xaa, 0x9f, 0xa6, 0xb0, 0x7d, 0xa9, 0x15, 0x2e, 0xc2, 0xaf,
  0x1b, 0x2d, 0x18, 0x30, 0xe7, 0xad, 0xfc, 0xb0, 0x7e, 0xac, 0x56, 0x2d,
  0xb0, 0xae, 0x3c, 0x2f, 0x0f, 0xac, 0x2a, 0x2f, 0x5e, 0x24, 0x3a, 0x2d,
  0x8c, 0x2f, 0x1f, 0xaf, 0xc8, 0xa7, 0xda, 0x2c, 0xa7, 0xa9, 0x50, 0x2d,
  0xb0, 0xb0, 0x5f, 0x2c, 0x7d, 0x2e, 0xe4, 0x1e, 0xbb, 0x28, 0x6b, 0xaa,
  0x9b, 0xa6, 0x80, 0x30, 0x99, 0x27, 0x59, 0x2b, 0x1b, 0x30, 0xc3, 0xb0,
  0xb0, 0x2d, 0x68, 0x2c, 0x07, 0x2c, 0xf3, 0x2d, 0xad, 0xaa, 0xc5, 0x23,
  0xdb, 0x9a, 0x27, 0x2d, 0x97, 0xac, 0x4d, 0xa8, 0x1b, 0x30, 0x73, 0x2a,
  0xd5, 0x2c, 0x27, 0xb0, 0x3e, 0x30, 0x88, 0xab, 0x0c, 0xa9, 0x09, 0x26,
  0x95, 0xae, 0x9e, 0xab, 0xaa, 0xa2, 0xe7, 0x2c, 0xcd, 0xa4, 0x9c, 0xad,
  0xae, 0x2f, 0xa8, 0xaa, 0x82, 0xa3, 0xcd, 0x2a, 0x64, 0x2f, 0x17, 0xad,
  0x48, 0x30, 0xc9, 0xa1, 0xcf, 0x2c, 0x1e, 0xa9, 0x5b, 0x27, 0x24, 0x2e,
  0xc7, 0x2e, 0xb0, 0x2c, 0x93, 0xa8, 0x29, 0x2c, 0x98, 0xa6, 0x80, 0xb0,
  0x07, 0x2f, 0xaf, 0xae, 0x72, 0xaf, 0xaf, 0x26, 0xcb, 0xaa, 0xe5, 0x19,
  0x7e, 0xa8, 0x1e, 0xae, 0x95, 0x28, 0xb6, 0x1e, 0xad, 0xa0, 0xef, 0x2f,
  0xd5, 0xae, 0xd2, 0x2a, 0x11, 0x28, 0x29, 0xa9, 0xb2, 0x2f, 0x93, 0xb0,
  0x5f, 0x30, 0x1f, 0x2f, 0xbd, 0xa2, 0xc2, 0xa8, 0xb1, 0x28, 0xe7, 0xaf,
  0x53, 0xa1, 0xaa, 0x30, 0x15, 0x2c, 0x96, 0x2a, 0x2a, 0xaf, 0x4a, 0xaf,
  0xff, 0x2f, 0xe3, 0xa9, 0xaa, 0xae, 0x65, 0xb0, 0x92, 0xad, 0x94, 0x2e,
  0x2c, 0x2f, 0xec, 0xac, 0x06, 0xaf, 0x14, 0x2c, 0x63, 0xa4, 0x97, 0xab,
  0xae, 0xa4, 0x4c, 0x2d, 0xb9, 0x2b, 0xc7, 0x22, 0xf5, 0x18, 0x0d, 0xa1,
  0x49, 0xab, 0xa3, 0xab, 0x33, 0xaa, 0x1a, 0x2c, 0xc2, 0xa8, 0x0a, 0x2f,
  0x9b, 0xa4, 0xc3, 0x2c, 0xf8, 0x2d, 0x4b, 0x24, 0xb5, 0x2e, 0x9b, 0x30,
  0xf0, 0x30, 0xdb, 0x2d, 0x0e, 0x30, 0xdc, 0x2e, 0x26, 0x9e, 0x58, 0x2b,
  0x4a, 0x2e, 0x45, 0x2c, 0x40, 0x2c, 0x5a, 0x30, 0x86, 0xad, 0xb9, 0xa6,
  0x5c, 0xac, 0xd3, 0x30, 0x4d, 0xad, 0xec, 0x9c, 0x62, 0xb0, 0x6c, 0x2f,
  0x59, 0x29, 0x9d, 0x22, 0x9d, 0x25, 0x8f, 0xaf, 0xe6, 0x28, 0xeb, 0x27,
  0xfb, 0x2e, 0x6d, 0x2f, 0x26, 0x2f, 0x3a, 0x30, 0xa9, 0x2d, 0xd4, 0x29,
  0xed, 0xac, 0x45, 0x30, 0x41, 0xa9, 0xe3, 0xaa, 0x4d, 0xa9, 0x4a, 0xaf,
  0xde, 0x24, 0xa0, 0x2d, 0x49, 0xaa, 0x3d, 0x2e, 0x0c, 0xa9, 0x16, 0x2d,
  0xdf, 0x2c, 0x44, 0x2f, 0x37, 0xb0, 0x2c, 0x28, 0xf8, 0x2f, 0x53, 0x2e,
  0x2c, 0x2d, 0x55, 0x2a, 0x1b, 0xac, 0xd1, 0x26, 0x3a, 0x2f, 0xfc, 0x2e,
  0xf9, 0xac, 0xdc, 0x2b, 0xa3, 0xb0, 0x99, 0x2e, 0xfa, 0xac, 0xe8, 0x2c,
  0xd1, 0xa9, 0x83, 0xa7, 0xbc, 0x2f, 0x87, 0x30, 0x1a, 0x30, 0xca, 0xa7,
  0xe0, 0x2b, 0x3b, 0xac, 0x48, 0xae, 0x10, 0x2e, 0xe2, 0x27, 0x9a, 0xb0,
  0x04, 0x2f, 0x08, 0xaf, 0x1f, 0xae, 0x1c, 0xb0, 0x2f, 0x2c, 0x09, 0xad,
  0x76, 0xad, 0x24, 0x2d, 0x98, 0xad, 0xdc, 0xaa, 0x9e, 0xad, 0xcb, 0x2f,
  0x1d, 0x22, 0x40, 0x2f, 0x72, 0xaf, 0xfe, 0x2c, 0x81, 0x2c, 0x4d, 0x2d,
  0xe0, 0xa0, 0xfa, 0x27, 0x4d, 0xa6, 0x61, 0xaf, 0x50, 0x30, 0x83, 0xa4,
  0x47, 0x30, 0xf4, 0x2b, 0xb8, 0x2e, 0xd7, 0x2e, 0xed, 0x2a, 0x8a, 0xac,
  0x77, 0x29, 0x93, 0xb0, 0xba, 0xad, 0x30, 0x25, 0xd8, 0x2e, 0x35, 0x2e,
  0x5f, 0x26, 0x6f, 0xac, 0xb2, 0xa0, 0x2f, 0xa9, 0x33, 0x2d, 0xc1, 0xad,
  0xd5, 0x2b, 0x0f, 0xa4, 0xe9, 0xac, 0xb5, 0x28, 0xc0, 0x2d, 0x7e, 0xac,
  0xfa, 0x29, 0xab, 0x2f, 0xa5, 0x1f, 0x43, 0x30, 0x8c, 0xab, 0xab, 0x2f,
  0xea, 0xab, 0xd9, 0xaf, 0x19, 0xac, 0x6c, 0x2a, 0x29, 0xad, 0xf3, 0x30,
  0x3b, 0xad, 0x5c, 0xb0, 0x65, 0x2e, 0x72, 0xa1, 0x1c, 0xa9, 0x22, 0xa2,
  0x10, 0x2d, 0x14, 0x23, 0xa4, 0xab, 0x2e, 0x30, 0x40, 0x2e, 0x67, 0xac,
  0xa2, 0xaa, 0x2d, 0x2e, 0x77, 0x30, 0x9b, 0x29, 0x19, 0xa8, 0x7f, 0x2d,
  0x7b, 0xad, 0xf9, 0x1d, 0xa8, 0xa9, 0xd2, 0x2c, 0xda, 0x2d, 0xfc, 0xac,
  0xb7, 0x2f, 0x43, 0x2a, 0x62, 0x2e, 0x1b, 0x23, 0x9f, 0xb0, 0x7b, 0xa4,
  0xb3, 0xac, 0x39, 0x2a, 0xab, 0xb0, 0x6f, 0x9d, 0xf4, 0xaa, 0xd8, 0x2d,
  0x0e, 0x30, 0x93, 0xa0, 0xd0, 0x8a, 0x58, 0x2d, 0xfc, 0xa7, 0x05, 0x2c,
  0xc4, 0x1f, 0x69, 0x2c, 0x53, 0xb0, 0x32, 0x2c, 0x11, 0x2f, 0x85, 0x28,
  0xc7, 0xac, 0x0b, 0xab, 0x09, 0xb1, 0xed, 0xa5, 0x12, 0xaf, 0xb3, 0x17,
  0x21, 0xa8, 0xab, 0x21, 0x5c, 0xa1, 0xbc, 0xa3, 0xa8, 0x29, 0x26, 0x30,
  0xe0, 0x26, 0x5e, 0x2d, 0x7c, 0xae, 0x44, 0x2d, 0x02, 0xaf, 0x63, 0xaf,
  0xc8, 0xb0, 0x3d, 0x28, 0xe0, 0x2b, 0x93, 0xac, 0x22, 0x2c, 0xca, 0x2b,
  0x54, 0xa9, 0x22, 0xac, 0xdc, 0xab, 0x93, 0x2c, 0x02, 0xb1, 0x30, 0xae,
  0x69, 0xac, 0xad, 0x27, 0x91, 0x2f, 0xf4, 0xae, 0x32, 0xaf, 0x31, 0xa1,
  0x09, 0x30, 0x85, 0xa8, 0x29, 0xaa, 0xd2, 0x1f, 0xe3, 0x2b, 0x12, 0x2e,
  0x8c, 0x29, 0x6c, 0x2b, 0x64, 0x2a, 0x5e, 0x2e, 0x34, 0xab, 0x70, 0xa9,
  0x8e, 0xb0, 0x53, 0x2d, 0x31, 0xad, 0x3e, 0xa6, 0x81, 0x2c, 0x24, 0x2b,
  0x75, 0x20, 0x29, 0x25, 0x25, 0xb0, 0x87, 0xac, 0xc0, 0xa6, 0xbb, 0x2e,
  0xa8, 0x2d, 0x08, 0xad, 0xba, 0xaf, 0x16, 0xab, 0xf6, 0x2f, 0xa2, 0x2b,
  0x3a, 0x2e, 0x42, 0x26, 0x03, 0xae, 0xb8, 0x2f, 0xf2, 0x2d, 0x75, 0xb0,
  0xcc, 0x21, 0x15, 0x29, 0x84, 0x2a, 0x8a, 0xa1, 0x11, 0x24, 0x67, 0x2d,
  0x55, 0x2d, 0xdf, 0x2c, 0x46, 0xa4, 0x0f, 0x27, 0x3e, 0xa8, 0x6b, 0xb1,
  0x3f, 0xab, 0xa3, 0x2e, 0x7c, 0x9e, 0x4a, 0x2e, 0x01, 0xaa, 0x6e, 0x2f,
  0x14, 0xb0, 0x52, 0x9b, 0xd4, 0xae, 0x92, 0xac, 0x56, 0xa1, 0x2f, 0x2f,
  0xa9, 0x25, 0x14, 0xb0, 0x2a, 0xad, 0xe7, 0xac, 0x55, 0xb0, 0x0d, 0x28,
  0xca, 0xb0, 0x4d, 0xae, 0xfe, 0x22, 0xbc, 0xa9, 0xde, 0xad, 0xfa, 0x27,
  0x20, 0x8c, 0x0f, 0x2a, 0x84, 0xad, 0x42, 0xaf, 0x18, 0xb0, 0x3b, 0x2c,
  0xa8, 0xae, 0x83, 0x2d, 0xb2, 0xac, 0xd5, 0x30, 0xdc, 0x2c, 0xe2, 0x30,
  0xa7, 0xac, 0x7f, 0x2c, 0xf2, 0x28, 0x9b, 0x24, 0x31, 0x27, 0x91, 0xaf,
  0x90, 0x29, 0x95, 0x93, 0x85, 0x28, 0xb2, 0x30, 0xbd, 0x2b, 0x17, 0xb0,
  0x82, 0xb0, 0xe1, 0x13, 0x10, 0xb0, 0x55, 0x2d, 0x0a, 0xac, 0x42, 0xac,
  0x83, 0xad, 0x75, 0x2a, 0x14, 0x30, 0xd3, 0x2e, 0xd0, 0xa8, 0x2e, 0x2c,
  0xa3, 0xa2, 0x97, 0xa8, 0xde, 0x26, 0x8b, 0xae, 0x51, 0xb0, 0x05, 0x2b,
  0x50, 0xad, 0x6e, 0x2d, 0xca, 0x23, 0x88, 0x2e, 0xdf, 0x92, 0x72, 0x2c,
  0xb5, 0x2b, 0xe7, 0x23, 0xd2, 0x2e, 0x85, 0x2a, 0xaf, 0xaa, 0x6a, 0x0e,
  0xa3, 0x1c, 0x05, 0xaf, 0x33, 0x2e, 0x68, 0x2d, 0xd3, 0x24, 0x56, 0x27,
  0x1f, 0x2c, 0x78, 0x30, 0x25, 0xa8, 0x68, 0x2d, 0xe6, 0x25, 0x72, 0x2f,
  0x2b, 0x30, 0x58, 0x2d, 0x1d, 0x16, 0xa4, 0x2c, 0x0b, 0xb0, 0x69, 0x2c,
  0x5f, 0xb0, 0xf5, 0xab, 0x04, 0x2f, 0x91, 0x18, 0x37, 0x29, 0xf4, 0xaf,
  0x57, 0xa8, 0xf5, 0x24, 0xf8, 0x2d, 0x68, 0xa6, 0x7e, 0x2c, 0x92, 0x2a,
  0x62, 0xad, 0xa3, 0x2e, 0x5f, 0xa9, 0xcd, 0x2a, 0xb8, 0x1e, 0xfb, 0xad,
  0x1c, 0xa7, 0x6b, 0xab, 0xf0, 0xac, 0x05, 0x2b, 0x35, 0x2c, 0xf2, 0x2f,
  0x2e, 0x2f, 0xcc, 0x2a, 0xcf, 0xb0, 0x14, 0x30, 0x15, 0x30, 0x80, 0x2d,
  0x1e, 0xa5, 0x71, 0xad, 0x7d, 0xb0, 0x4e, 0xac, 0x31, 0x30, 0xaa, 0xa3,
  0x0c, 0x2e, 0x45, 0xae, 0xef, 0x27, 0x81, 0x28, 0x9b, 0x2e, 0xa5, 0x21,
  0x8a, 0xae, 0xb9, 0xae, 0xd7, 0x29, 0x3e, 0x30, 0xa4, 0x2e, 0x66, 0xac,
  0xbc, 0xa5, 0x70, 0x30, 0x74, 0x1d, 0xe5, 0xb0, 0xf6, 0xae, 0x5a, 0x2f,
  0x30, 0xae, 0x6d, 0xac, 0x91, 0x28, 0xa7, 0x27, 0x26, 0xa8, 0x1b, 0xae,
  0x77, 0xad, 0xe2, 0x2d, 0x92, 0xb0, 0x96, 0x28, 0x6a, 0xa4, 0x04, 0xb0,
  0xcc, 0xaa, 0xbb, 0xaf, 0x1a, 0xae, 0xfd, 0xac, 0x88, 0xac, 0xf8, 0xa5,
  0xcd, 0xac, 0x8b, 0x2d, 0x64, 0x1e, 0x6d, 0xb1, 0xf7, 0xa9, 0x6c, 0x1e,
  0x03, 0xb0, 0xd0, 0x30, 0x6b, 0xa6, 0x9c, 0x1d, 0x60, 0xae, 0xf3, 0xa8,
  0x87, 0xa8, 0xd8, 0xae, 0x5e, 0xae, 0xd6, 0xab, 0x77, 0x2d, 0x80, 0x2f,
  0xe1, 0xaf, 0x7f, 0xb0, 0x1a, 0x2c, 0x77, 0x2d, 0xdc, 0x2c, 0xe9, 0x2f,
  0x91, 0xaa, 0xab, 0x2b, 0xb5, 0x2d, 0x4e, 0x9d, 0x98, 0x2d, 0xcb, 0x27,
  0xd4, 0xad, 0xb7, 0xb0, 0x0c, 0x2e, 0x2c, 0x23, 0x99, 0xab, 0x56, 0xac,
  0x8c, 0x2d, 0xd2, 0xae, 0x6a, 0xa6, 0x69, 0xa6, 0xae, 0xf0, 0xff, 0xff,
  0x04, 0x00, 0x00, 0x00, 0x00, 0x06, 0x00, 0x00, 0x34, 0xa9, 0x49, 0x31,
  0x63, 0xa7, 0xa4, 0x2e, 0x5b, 0x2c, 0x99, 0xad, 0x93, 0x2b, 0x77, 0x23,
  0xfa, 0xac, 0x0a, 0x23, 0x30, 0xa5, 0x48, 0x2c, 0xf6, 0xae, 0x46, 0x25,
  0xbe, 0xae, 0x7a, 0xac, 0x39, 0xae, 0x24, 0xae, 0xfc, 0x2d, 0x3f, 0x2a,
  0x5e, 0x2d, 0x8f, 0xa7, 0x19, 0x17, 0x03, 0x2c, 0x99, 0xad, 0xae, 0xaf,
  0x86, 0x2d, 0xdb, 0x30, 0x91, 0x2d, 0xb5, 0x30, 0xef, 0xa1, 0x91, 0x1c,
  0xb6, 0xad, 0xa4, 0x2a, 0x3f, 0xa9, 0xe7, 0xaf, 0xaa, 0xa7, 0xac, 0x2b,
  0x78, 0xa8, 0xc4, 0xaa, 0x21, 0xb0, 0x3b, 0x29, 0x00, 0x15, 0xb5, 0x2d,
  0xaf, 0x2d, 0x30, 0x26, 0xf5, 0x2c, 0xc8, 0x26, 0xeb, 0xaf, 0x2d, 0x24,
  0xbc, 0xb0, 0x58, 0x97, 0x7a, 0x2e, 0x66, 0xac, 0x38, 0x29, 0x71, 0xae,
  0x4d, 0xac, 0x6d, 0xae, 0x16, 0xad, 0x9e, 0xb0, 0xfa, 0x2d, 0x58, 0xae,
  0xf3, 0xaf, 0x32, 0xae, 0x87, 0x28, 0xcc, 0xaa, 0x29, 0xaf, 0x63, 0x30,
  0x2e, 0x21, 0x2d, 0xab, 0x70, 0xac, 0xe5, 0xae, 0x4f, 0x2c, 0x06, 0x30,
  0x42, 0x2a, 0x1e, 0x27, 0x58, 0xb0, 0x44, 0xb0, 0xa9, 0xb0, 0xdc, 0xb0,
  0x0b, 0x28, 0xcc, 0x2f, 0x84, 0x2d, 0xa5, 0xa6, 0x9a, 0x25, 0xb2, 0x9f,
  0x09, 0x2a, 0xba, 0xab, 0x74, 0xa6, 0xb4, 0x2b, 0xd5, 0x25, 0xa7, 0x2d,
  0xf9, 0x2d, 0x19, 0x2f, 0x50, 0xa5, 0x5e, 0x2e, 0x92, 0x2c, 0x9b, 0x30,
  0x5f, 0x93, 0x8b, 0xae, 0xe0, 0xad, 0xf7, 0x2c, 0x63, 0xb0, 0x7b, 0xa9,
  0xe7, 0xae, 0x93, 0xac, 0x67, 0xa4, 0xf7, 0xa0, 0x1b, 0x27, 0x33, 0x2f,
  0xb6, 0x26, 0x07, 0x29, 0xcc, 0x26, 0x52, 0x2f, 0x34, 0x2b, 0x97, 0xac,
  0x6b, 0x21, 0xa8, 0xac, 0x48, 0xa6, 0x48, 0x1d, 0x56, 0xab, 0xdc, 0x2e,
  0x97, 0x2c, 0xcc, 0x2d, 0xc5, 0xa7, 0xff, 0x2f, 0xa5, 0x25, 0xa3, 0x9f,
  0xa2, 0xac, 0x25, 0xac, 0xe6, 0x29, 0x2a, 0x28, 0x85, 0xae, 0xfa, 0xa5,
  0x16, 0x2c, 0x09, 0x2d, 0x5b, 0x2e, 0xb6, 0xae, 0x49, 0xa4, 0x44, 0xab,
  0x52, 0x23, 0x26, 0x2e, 0x4a, 0x0c, 0x1f, 0xaa, 0xe8, 0x2e, 0x63, 0x2d,
  0x3e, 0x2e, 0x9e, 0x30, 0xdd, 0x23, 0xd7, 0x2c, 0x02, 0x24, 0x32, 0x2f,
  0x55, 0xae, 0x4a, 0xa9, 0xaf, 0xad, 0x49, 0x2b, 0xd4, 0x2b, 0x35, 0x2d,
  0xfd, 0xaa, 0x02, 0x2d, 0x3a, 0x2d, 0x43, 0x2c, 0x43, 0xae, 0xec, 0x2d,
  0x0d, 0xac, 0xc0, 0x20, 0x6c, 0xaf, 0x60, 0x28, 0x8f, 0x30, 0xff, 0x2e,
  0xd2, 0x26, 0x2d, 0xae, 0x35, 0xad, 0xa4, 0xad, 0xf8, 0xa4, 0x02, 0xa0,
  0xc2, 0x22, 0x7c, 0xaf, 0x30, 0xb0, 0x04, 0xac, 0x28, 0xab, 0x9c, 0x21,
  0x12, 0x21, 0xb9, 0x30, 0x9d, 0xae, 0xc5, 0xae, 0xa6, 0x27, 0xff, 0x2d,
  0xc1, 0xad, 0x24, 0x30, 0xf0, 0xad, 0x5a, 0xa1, 0x98, 0xa5, 0xf2, 0xab,
  0x48, 0xaa, 0x5e, 0xab, 0x86, 0xae, 0xae, 0x30, 0x1e, 0x9c, 0xc8, 0xab,
  0x18, 0xab, 0x04, 0xb0, 0x37, 0x2d, 0x8a, 0xad, 0xc1, 0xab, 0xf8, 0x16,
  0x52, 0x2f, 0x51, 0xa9, 0xdd, 0x2f, 0x0a, 0x2e, 0xfe, 0xab, 0xe3, 0xab,
  0x3c, 0x2e, 0x1f, 0xaa, 0x45, 0x2d, 0xfc, 0xad, 0x5c, 0x1f, 0x65, 0xae,
  0x79, 0x28, 0x93, 0xaa, 0x01, 0x30, 0x1a, 0x30, 0xa3, 0xa3, 0x3d, 0x29,
  0xce, 0x2c, 0x73, 0x2a, 0x01, 0x1c, 0x81, 0xb0, 0x86, 0xac, 0x52, 0xac,
  0x56, 0x2d, 0xbb, 0x30, 0x4b, 0xaf, 0x42, 0x24, 0x33, 0x25, 0xbc, 0x2d,
  0x7e, 0x27, 0x89, 0xac, 0xf6, 0x2a, 0x75, 0xaf, 0x69, 0x2d, 0x47, 0x2a,
  0x85, 0xa6, 0x4a, 0x20, 0x2e, 0x21, 0xdf, 0xae, 0xf6, 0xaf, 0xd4, 0x27,
  0xc7, 0xac, 0xd8, 0x29, 0xb6, 0xad, 0x04, 0x29, 0x44, 0xae, 0x29, 0x2d,
  0xc2, 0xae, 0x9e, 0xa8, 0x25, 0xb0, 0xc1, 0xa7, 0xef, 0xae, 0x27, 0x2f,
  0x2a, 0xad, 0x57, 0x29, 0x27, 0x2f, 0xb0, 0x30, 0x28, 0x30, 0x31, 0x2c,
  0xd8, 0xae, 0x18, 0x2c, 0xef, 0xad, 0xf5, 0x2e, 0xf2, 0xa7, 0x9e, 0x29,
  0x2d, 0x2f, 0x18, 0x2c, 0xaa, 0x9e, 0xf1, 0x2f, 0x1e, 0x23, 0x4e, 0xae,
  0x5c, 0x1a, 0x4a, 0xa5, 0x6b, 0x2a, 0xf1, 0x2f, 0x1a, 0x24, 0x37, 0x23,
  0x1d, 0xb1, 0x59, 0x2b, 0x56, 0x30, 0x22, 0xaa, 0x72, 0xb0, 0x3b, 0x2f,
  0x88, 0xae, 0x22, 0xac, 0x55, 0x99, 0x19, 0xb1, 0x25, 0x2d, 0x94, 0x20,
  0x8f, 0xac, 0x17, 0x2c, 0x49, 0x2d, 0x0c, 0x2f, 0x85, 0xad, 0x22, 0xb0,
  0x88, 0x2d, 0xa3, 0xa9, 0xe3, 0x99, 0x5c, 0x2f, 0xc2, 0x2c, 0x9d, 0x2c,
  0xbc, 0x2e, 0xdf, 0xaf, 0xfa, 0x2a, 0x75, 0xa3, 0x6a, 0x2e, 0xa6, 0x26,
  0x85, 0xab, 0x60, 0x2b, 0x7d, 0x2d, 0x50, 0x1d, 0x79, 0xa0, 0x4c, 0xa4,
  0x56, 0xad, 0xd5, 0x2e, 0xda, 0xa6, 0x1a, 0x29, 0x5b, 0xa9, 0x0e, 0xb1,
  0x32, 0x28, 0x17, 0x30, 0x3e, 0xac, 0xac, 0xad, 0x06, 0x28, 0x2c, 0x9d,
  0x56, 0x9f, 0xf8, 0xa3, 0xb9, 0x2b, 0x56, 0x2f, 0x34, 0x9a, 0x9e, 0x21,
  0xf7, 0x26, 0xe4, 0x2d, 0x39, 0x29, 0x64, 0xad, 0xeb, 0x29, 0x5e, 0x2b,
  0x04, 0x29, 0x8b, 0x18, 0x7c, 0x2d, 0xb3, 0x98, 0x83, 0xb0, 0x85, 0x19,
  0x65, 0x2a, 0x66, 0x29, 0xde, 0x2e, 0x98, 0xa9, 0xd8, 0x2f, 0x45, 0xac,
  0xdb, 0xac, 0xf6, 0xab, 0xd8, 0xaf, 0xaa, 0x29, 0x3e, 0x2d, 0xe5, 0xaa,
  0xa3, 0xae, 0xd4, 0x9e, 0xdd, 0x2f, 0x77, 0x2d, 0xd5, 0xa9, 0x20, 0xa8,
  0x1e, 0x30, 0x7f, 0x2c, 0x50, 0xad, 0x8f, 0x26, 0xe5, 0xac, 0x0c, 0x23,
  0x3f, 0x2b, 0xdc, 0x30, 0x88, 0x2f, 0x08, 0x2e, 0x38, 0x2f, 0xdf, 0xad,
  0xd2, 0xac, 0xf0, 0x25, 0x1f, 0x2b, 0x27, 0x29, 0xcd, 0xac, 0xd3, 0xa8,
  0x40, 0xa5, 0xe4, 0x25, 0x0e, 0xa8, 0xf5, 0xac, 0x0f, 0xac, 0x19, 0xaa,
  0xce, 0x30, 0x61, 0x30, 0x18, 0x2e, 0x98, 0xad, 0x4c, 0x2d, 0x55, 0xaf,
  0x59, 0xaf, 0x29, 0x2e, 0x27, 0x24, 0xf9, 0xa6, 0xc5, 0xa8, 0xcd, 0x2c,
  0xae, 0xaa, 0x92, 0x2d, 0xe8, 0xaf, 0x19, 0xac, 0xac, 0xa5, 0xe1, 0x2c,
  0x17, 0xa9, 0x50, 0x2e, 0x37, 0xa2, 0x64, 0x2d, 0xd2, 0x30, 0x64, 0x20,
  0x30, 0x23, 0x57, 0x30, 0xbc, 0xab, 0xcf, 0x24, 0xdf, 0xb0, 0xa2, 0x25,
  0xeb, 0x20, 0x3d, 0xad, 0xb8, 0x23, 0xc9, 0x2c, 0x7b, 0xaf, 0x7f, 0xae,
  0x4b, 0xae, 0xc8, 0x26, 0x92, 0x2c, 0x65, 0x29, 0x61, 0x24, 0x7d, 0x30,
  0x7d, 0x14, 0xf5, 0xad, 0x9e, 0x2a, 0x02, 0xb0, 0x58, 0xa4, 0x8d, 0xa3,
  0x5f, 0xa5, 0x05, 0x2b, 0xb7, 0xa7, 0xc9, 0xa7, 0x57, 0xaa, 0xcc, 0xaf,
  0xcb, 0xab, 0x51, 0xae, 0xfc, 0xb0, 0x82, 0x2c, 0xd4, 0xad, 0x0d, 0x30,
  0x99, 0x1c, 0x1a, 0xac, 0xd0, 0x94, 0x27, 0xa4, 0xe3, 0xae, 0x8b, 0x30,
  0xa4, 0xaf, 0x0f, 0x15, 0xfd, 0x2d, 0x94, 0x9f, 0xd8, 0x2f, 0xad, 0xab,
  0x0d, 0xad, 0xd5, 0x2d, 0x59, 0x2e, 0x6c, 0x23, 0xbe, 0x21, 0x5e, 0xaf,
  0x1e, 0xaa, 0xd7, 0x28, 0x8b, 0x29, 0x6c, 0x30, 0x3f, 0x28, 0x9b, 0x2d,
  0xd9, 0x2a, 0x87, 0xac, 0x1a, 0xad, 0xe7, 0x2e, 0x8c, 0xab, 0x12, 0xb0,
  0xe4, 0x2c, 0x54, 0x2a, 0x28, 0x2b, 0x02, 0xb0, 0xd1, 0x2e, 0xfe, 0xad,
  0xf2, 0xa6, 0xbd, 0x2e, 0x0c, 0xb0, 0xd7, 0xa8, 0x6c, 0xaf, 0x5b, 0xa9,
  0xb8, 0xae, 0x50, 0x21, 0xac, 0xaf, 0x4e, 0x30, 0xd5, 0x21, 0x77, 0xb0,
  0x84, 0x2e, 0x85, 0xa6, 0x2a, 0xad, 0xa4, 0x24, 0xd7, 0x2c, 0x69, 0xb0,
  0xa9, 0x2c, 0x35, 0x2c, 0x2a, 0xad, 0xfc, 0xac, 0xe9, 0xaa, 0x69, 0x2d,
  0x15, 0xa8, 0x86, 0x30, 0x55, 0xae, 0x80, 0xa8, 0x53, 0xaf, 0x46, 0x30,
  0x32, 0xaf, 0x95, 0x2b, 0x4f, 0x1b, 0x82, 0x9a, 0x6d, 0x2f, 0x0e, 0x30,
  0xde, 0xb0, 0x61, 0x2d, 0x05, 0x30, 0x0b, 0xb0, 0x9e, 0xad, 0xdc, 0xa7,
  0x1c, 0x20, 0x1b, 0xaf, 0xad, 0xac, 0x1a, 0x2c, 0xae, 0xab, 0x5c, 0xa2,
  0xe1, 0xac, 0xb7, 0xa1, 0xcc, 0x30, 0x23, 0xaf, 0x26, 0x2c, 0xff, 0x2d,
  0x87, 0xaf, 0x93, 0x2e, 0x09, 0x28, 0x80, 0x2c, 0xb6, 0xb0, 0x04, 0x2e,
  0x30, 0x9d, 0x2f, 0x25, 0x5f, 0x2e, 0xa8, 0xae, 0x02, 0x30, 0xf7, 0x1a,
  0x41, 0x25, 0x65, 0xa4, 0x44, 0x2d, 0x86, 0xa8, 0x5f, 0xad, 0x4e, 0xa6,
  0x6b, 0xaa, 0x20, 0xa3, 0xb5, 0x20, 0xb1, 0xa9, 0x33, 0xa5, 0xb4, 0x1d,
  0x4e, 0xaa, 0x7f, 0x2b, 0x37, 0x30, 0xcc, 0x30, 0x7b, 0x30, 0xae, 0xad,
  0xf3, 0x2e, 0xef, 0xac, 0x56, 0xa2, 0xb0, 0x2f, 0x57, 0xac, 0x18, 0x30,
  0x8c, 0x2e, 0x78, 0xab, 0xf8, 0xae, 0xa3, 0x2a, 0x05, 0x30, 0x92, 0x84,
  0x75, 0xa3, 0x57, 0xa9, 0x15, 0x2c, 0xa0, 0xab, 0x1f, 0x2d, 0x68, 0xab,
  0x47, 0x30, 0xaa, 0xa7, 0x55, 0xaf, 0x5a, 0xa8, 0x8b, 0x9e, 0xdf, 0x2e,
  0x63, 0x2c, 0xf9, 0x1e, 0xc0, 0xaf, 0x1a, 0x29, 0x4a, 0x27, 0xc6, 0x2f,
  0xb1, 0xab, 0xea, 0xa8, 0x09, 0xa4, 0xce, 0x26, 0x7d, 0xa9, 0x4e, 0xac,
  0x15, 0x30, 0x6a, 0x2c, 0x3f, 0x30, 0x67, 0xad, 0x7a, 0x2a, 0x1d, 0x30,
  0x04, 0xad, 0x73, 0x9e, 0x47, 0x30, 0x23, 0x98, 0x38, 0x2d, 0xa3, 0xac,
  0x25, 0x9b, 0xc9, 0xae, 0x8e, 0xa8, 0x1e, 0xb0, 0x24, 0xa5, 0xe1, 0xaa,
  0x18, 0xaf, 0x77, 0x18, 0x9a, 0xaf, 0xe4, 0x30, 0x41, 0xad, 0x0e, 0x24,
  0x08, 0xad, 0xf8, 0xb0, 0xa7, 0x2a, 0x06, 0xb0, 0x66, 0x2f, 0xdf, 0xaf,
  0xf6, 0x30, 0xd1, 0x2a, 0x91, 0x26, 0x6e, 0xb0, 0xb4, 0x2a, 0x9b, 0xae,
  0x63, 0x27, 0x45, 0x29, 0xeb, 0xa3, 0xd1, 0xa9, 0x18, 0x26, 0xbd, 0x2b,
  0x07, 0xac, 0x32, 0x30, 0x10, 0xb0, 0x7f, 0x30, 0xf4, 0x2a, 0x84, 0x22,
  0x1e, 0xaa, 0x06, 0xae, 0x1a, 0xb0, 0xa2, 0x2a, 0x46, 0xb0, 0x64, 0xac,
  0x6a, 0x1e, 0xb7, 0x2b, 0xd3, 0xa6, 0x87, 0xad, 0xdd, 0x2f, 0x35, 0xae,
  0x04, 0x30, 0xb8, 0x2c, 0xad, 0xa8, 0x07, 0xae, 0x15, 0x2a, 0xb5, 0x2f,
  0x73, 0x28, 0x4d, 0xb0, 0x41, 0xa7, 0x04, 0x25, 0xf8, 0x2f, 0x48, 0xab,
  0x3d, 0x30, 0x95, 0xad, 0x91, 0x2f, 0x05, 0x30, 0xb3, 0x2f, 0x23, 0xaa,
  0xa0, 0xac, 0x8c, 0xa5, 0x06, 0xad, 0xb0, 0x2e, 0x76, 0x2f, 0x95, 0x2f,
  0x0b, 0x2f, 0xa5, 0x2f, 0xd8, 0xad, 0x8d, 0x2f, 0x65, 0x30, 0xa2, 0x25,
  0x57, 0xa9, 0x6f, 0x26, 0x89, 0xae, 0x76, 0xa3, 0x0b, 0xaa, 0xce, 0x2e,
  0x13, 0x26, 0x51, 0x28, 0xa8, 0x30, 0x43, 0x2f, 0xc6, 0x2d, 0x81, 0x26,
  0x50, 0x25, 0x82, 0x2e, 0x6d, 0x30, 0x55, 0x2c, 0xd0, 0x21, 0x0c, 0xaf,
  0x23, 0x2d, 0x4d, 0x26, 0xed, 0x29, 0xf7, 0x2b, 0x97, 0x1b, 0xb2, 0x9d,
  0xcb, 0xad, 0xd7, 0xa7, 0x48, 0xae, 0x89, 0x25, 0x16, 0xa4, 0x01, 0x2b,
  0xe8, 0xb0, 0xd4, 0x2e, 0x6a, 0x22, 0x9c, 0x24, 0x57, 0x2e, 0xd1, 0x2c,
  0x2a, 0xa1, 0x20, 0xab, 0x9a, 0x28, 0xfa, 0xae, 0xaa, 0xab, 0x06, 0x28,
  0xfe, 0x2a, 0xcb, 0xa0, 0xd0, 0x2a, 0x74, 0x2f, 0x18, 0x26, 0xd1, 0xae,
  0x61, 0x30, 0x15, 0x31, 0x53, 0xa8, 0x83, 0xad, 0x65, 0x2e, 0x12, 0xaf,
  0x4e, 0xa7, 0x6b, 0x2f, 0x39, 0xae, 0xfd, 0xac, 0xbe, 0x2d, 0x3e, 0x25,
  0xe1, 0xaf, 0xf9, 0x1e, 0x92, 0x8f, 0xbc, 0x2d, 0x11, 0x2a, 0x17, 0xaf,
  0xf9, 0xae, 0xd4, 0x17, 0x84, 0xac, 0xc6, 0xab, 0xba, 0xf6, 0xff, 0xff,
  0x04, 0x00, 0x00, 0x00, 0xe0, 0x00, 0x00, 0x00, 0xf0, 0x33, 0xb8, 0x34,
  0x87, 0x35, 0x29, 0x33, 0x44, 0x2d, 0x73, 0xb0, 0x20, 0xb2, 0x05, 0xb6,
  0x3e, 0x31, 0x3a, 0xa8, 0x1f, 0x34, 0x9c, 0x2c, 0x0e, 0xa8, 0xe1, 0xa8,
  0x9f, 0xa6, 0xd7, 0xb5, 0x9f, 0xad, 0xd2, 0x34, 0x72, 0xab, 0x96, 0x9c,
  0x2d, 0xb5, 0xae, 0x2a, 0x41, 0x24, 0x6e, 0xb2, 0x15, 0x32, 0x19, 0x23,
  0x73, 0x35, 0x8a, 0xb3, 0xe2, 0x34, 0xf8, 0xa9, 0xb7, 0xb5, 0xfb, 0xb0,
  0xe2, 0xb5, 0x12, 0xb5, 0x58, 0xb5, 0xdf, 0xad, 0xfd, 0x31, 0x39, 0x34,
  0xb7, 0x2f, 0xbe, 0x35, 0x65, 0xb2, 0xdf, 0xaf, 0x65, 0xaa, 0x29, 0x30,
  0x14, 0xb2, 0xa3, 0xb5, 0xb4, 0x24, 0x86, 0x35, 0xa0, 0x31, 0x65, 0x9e,
  0x49, 0x33, 0x0b, 0x35, 0xdf, 0xaf, 0x3f, 0xad, 0x6c, 0x2a, 0xb7, 0xb1,
  0x23, 0xa9, 0x0b, 0x34, 0x77, 0x32, 0x5d, 0xad, 0x4b, 0x30, 0xe7, 0xa8,
  0xc0, 0xb4, 0xaf, 0x24, 0xfe, 0xad, 0xed, 0x30, 0x66, 0x34, 0x83, 0x34,
  0x0a, 0xb4, 0x14, 0xb4, 0xa0, 0xb5, 0x70, 0x2b, 0xd3, 0x2f, 0x05, 0x24,
  0xe7, 0x34, 0xce, 0xb4, 0x5c, 0x28, 0x29, 0xae, 0x15, 0xae, 0xf7, 0xb4,
  0x4b, 0x23, 0x2d, 0xaf, 0xb5, 0x34, 0x25, 0x24, 0xb8, 0xad, 0x2b, 0x1f,
  0x67, 0xb1, 0xa3, 0xab, 0x51, 0xa4, 0xff, 0x33, 0x7a, 0x34, 0xe0, 0xb3,
  0x35, 0x98, 0x02, 0x30, 0xf5, 0xb4, 0xcf, 0x2f, 0xf6, 0x33, 0x77, 0x26,
  0x97, 0x34, 0x43, 0x35, 0xc6, 0x9f, 0x60, 0x2e, 0x8a, 0xb4, 0x3b, 0xb4,
  0x40, 0x31, 0xd6, 0x2b, 0x3d, 0x34, 0xec, 0xaf, 0xca, 0x97, 0x1c, 0x34,
  0xbf, 0xac, 0x3e, 0xb4, 0xa6, 0xf7, 0xff, 0xff, 0x04, 0x00, 0x00, 0x00,
  0x20, 0x00, 0x00, 0x00, 0x08, 0xb9, 0x9d, 0xb8, 0xd1, 0xb8, 0x5f, 0xb5,
  0x39, 0xb9, 0x23, 0xb9, 0xd5, 0xb8, 0x36, 0xb9, 0x9e, 0xb8, 0x71, 0xb8,
  0xe1, 0xb8, 0x80, 0xbb, 0x0d, 0xba, 0x68, 0xb9, 0xca, 0xb8, 0x09, 0xb8,
  0xd2, 0xf7, 0xff, 0xff, 0x04, 0x00, 0x00, 0x00, 0x20, 0x00, 0x00, 0x00,
  0xe7, 0x3f, 0xcf, 0x3f, 0x47, 0x3f, 0x1e, 0x3e, 0x0c, 0x40, 0x41, 0x3f,
  0xe2, 0x40, 0x48, 0x40, 0xa1, 0x3e, 0xba, 0x3d, 0xde, 0x3f, 0xd8, 0x3e,
  0x32, 0x3f, 0x69, 0x3f, 0x9f, 0x3e, 0x13, 0x3e, 0xfe, 0xf7, 0xff, 0xff,
  0x04, 0x00, 0x00, 0x00, 0x20, 0x00, 0x00, 0x00, 0x5e, 0xb8, 0x18, 0xba,
  0x7c, 0xb9, 0x2d, 0xbb, 0x24, 0xba, 0x35, 0xb9, 0xe9, 0xb8, 0x8b, 0xba,
  0xf6, 0xb9, 0x1f, 0xba, 0x1a, 0xba, 0xee, 0xb7, 0x1a, 0xb9, 0xa4, 0xbb,
  0x33, 0xb7, 0xaa, 0xb9, 0x2a, 0xf8, 0xff, 0xff, 0x04, 0x00, 0x00, 0x00,
  0x20, 0x00, 0x00, 0x00, 0x07, 0x40, 0x26, 0x41, 0x10, 0x40, 0xc6, 0x42,
  0x6b, 0x40, 0x3f, 0x3f, 0x6e, 0x42, 0xd5, 0x40, 0x0e, 0x40, 0x3f, 0x41,
  0x80, 0x41, 0x20, 0x42, 0x6a, 0x40, 0x93, 0x41, 0xec, 0x40, 0x05, 0x43,
  0x56, 0xf8, 0xff, 0xff, 0x04, 0x00, 0x00, 0x00, 0x20, 0x00, 0x00, 0x00,
  0x3e, 0xbb, 0x9b, 0xb8, 0xa8, 0xb8, 0xe2, 0xb8, 0x8f, 0xb9, 0x14, 0xb8,
  0x37, 0xb8, 0x5b, 0xba, 0x32, 0xb9, 0x24, 0xb9, 0xf2, 0xb8, 0xf5, 0xb6,
  0xa3, 0xb8, 0xc1, 0xba, 0x3c, 0xb9, 0x6f, 0xb8, 0x82, 0xf8, 0xff, 0xff,
  0x04, 0x00, 0x00, 0x00, 0x20, 0x00, 0x00, 0x00, 0xf2, 0x40, 0xdb, 0x40,
  0x8b, 0x3f, 0x4a, 0x3f, 0x18, 0x41, 0x76, 0x41, 0x16, 0x40, 0x3f, 0x40,
  0x21, 0x41, 0x48, 0x40, 0x68, 0x40, 0x81, 0x40, 0x31, 0x40, 0x32, 0x41,
  0x9b, 0x40, 0xd4, 0x41, 0xae, 0xf8, 0xff, 0xff, 0x04, 0x00, 0x00, 0x00,
  0x20, 0x00, 0x00, 0x00, 0x38, 0xbc, 0x0d, 0xb9, 0xa8, 0xba, 0x7b, 0xb6,
  0x7e, 0xb5, 0xe1, 0xb9, 0x82, 0xb9, 0xb5, 0xb8, 0x10, 0xb8, 0xfb, 0xb9,
  0x64, 0xbb, 0xcb, 0xb8, 0xea, 0xb9, 0xba, 0xba, 0x92, 0xba, 0xee, 0xb9,
  0xda, 0xf8, 0xff, 0xff, 0x04, 0x00, 0x00, 0x00, 0x20, 0x00, 0x00, 0x00,
  0x83, 0x44, 0x43, 0x44, 0x71, 0x42, 0x59, 0x3f, 0x31, 0x41, 0xc9, 0x40,
  0x10, 0x43, 0x6c, 0x42, 0x99, 0x42, 0x43, 0x42, 0x83, 0x41, 0x70, 0x44,
  0xc6, 0x40, 0x47, 0x44, 0xf0, 0x43, 0x99, 0x44, 0x06, 0xf9, 0xff, 0xff,
  0x04, 0x00, 0x00, 0x00, 0x20, 0x00, 0x00, 0x00, 0x47, 0xb8, 0x59, 0xba,
  0xa3, 0xb7, 0x9d, 0xb9, 0x53, 0xb8, 0x64, 0xb8, 0x79, 0xb6, 0xf4, 0xb6,
  0x30, 0xb6, 0x9d, 0xb8, 0x34, 0xba, 0x4e, 0xb9, 0xeb, 0xb8, 0xad, 0xb8,
  0xd0, 0xb9, 0x62, 0xba, 0x32, 0xf9, 0xff, 0xff, 0x04, 0x00, 0x00, 0x00,
  0x20, 0x00, 0x00, 0x00, 0x6e, 0x43, 0xda, 0x42, 0x76, 0x40, 0xad, 0x40,
  0x8d, 0x3f, 0x8b, 0x41, 0x38, 0x3e, 0x34, 0x41, 0xbd, 0x41, 0x8e, 0x42,
  0x44, 0x45, 0x3c, 0x43, 0x5a, 0x43, 0x49, 0x40, 0x13, 0x41, 0xb6, 0x43,
  0x5e, 0xf9, 0xff, 0xff, 0x04, 0x00, 0x00, 0x00, 0x20, 0x00, 0x00, 0x00,
  0x1b, 0xba, 0x08, 0xba, 0x03, 0xba, 0x66, 0xba, 0xa3, 0xbf, 0x89, 0xbf,
  0x8e, 0xbf, 0x93, 0xbf, 0x58, 0xba, 0x6a, 0xba, 0x31, 0xba, 0xbd, 0xbf,
  0x56, 0xba, 0x20, 0xba, 0xa2, 0xbf, 0x93, 0xbf, 0x8a, 0xf9, 0xff, 0xff,
  0x04, 0x00, 0x00, 0x00, 0x20, 0x00, 0x00, 0x00, 0xce, 0xb8, 0x95, 0xba,
  0x42, 0xb6, 0x4e, 0xb8, 0xf6, 0xb9, 0x2a, 0xb9, 0xbc, 0xb8, 0xb4, 0xb8,
  0x23, 0xb8, 0x90, 0xb8, 0x1f, 0xba, 0x19, 0xb8, 0x69, 0xb9, 0x2d, 0xb9,
  0x08, 0xb8, 0x19, 0xbb, 0xb6, 0xf9, 0xff, 0xff, 0x04, 0x00, 0x00, 0x00,
  0x20, 0x00, 0x00, 0x00, 0xb5, 0x40, 0x21, 0x44, 0x7b, 0x43, 0x31, 0x44,
  0x37, 0x44, 0x43, 0x3f, 0xb9, 0x40, 0x32, 0x41, 0xad, 0x44, 0xaa, 0x41,
  0x25, 0x42, 0x2e, 0x43, 0x59, 0x44, 0x50, 0x44, 0x1f, 0x3d, 0x54, 0x45,
  0xe2, 0xf9, 0xff, 0xff, 0x04, 0x00, 0x00, 0x00, 0x20, 0x00, 0x00, 0x00,
  0xc7, 0xb8, 0x8d, 0xb8, 0xa3, 0xb9, 0xc7, 0xb8, 0x5b, 0xb9, 0x4b, 0xb9,
  0xa5, 0xb8, 0x6a, 0xb8, 0xa5, 0xb8, 0xab, 0xb8, 0x64, 0xb9, 0x85, 0xb9,
  0x40, 0xb9, 0xc4, 0xb8, 0x91, 0xb8, 0x81, 0xb9, 0x0e, 0xfa, 0xff, 0xff,
  0x04, 0x00, 0x00, 0x00, 0x20, 0x00, 0x00, 0x00, 0x5d, 0x26, 0x68, 0x28,
  0x0f, 0x23, 0x12, 0x2a, 0x61, 0x25, 0xf7, 0x27, 0xe3, 0x24, 0xd2, 0x28,
  0x84, 0x28, 0xfb, 0x25, 0x59, 0x25, 0x3c, 0x2b, 0x36, 0x26, 0x71, 0x25,
  0x21, 0x29, 0x3b, 0x26, 0x3a, 0xfa, 0xff, 0xff, 0x04, 0x00, 0x00, 0x00,
  0x20, 0x00, 0x00, 0x00, 0x80, 0x40, 0x34, 0x40, 0xf2, 0x3d, 0x30, 0x40,
  0x5f, 0x42, 0xc1, 0x42, 0x3d, 0x41, 0x62, 0x43, 0xf2, 0x3f, 0x3a, 0x3e,
  0xba, 0x40, 0x41, 0x43, 0xa3, 0x3f, 0x44, 0x40, 0x9d, 0x42, 0x61, 0x41,
  0x66, 0xfa, 0xff, 0xff, 0x04, 0x00, 0x00, 0x00, 0x20, 0x00, 0x00, 0x00,
  0x10, 0xbe, 0x72, 0xb8, 0xf4, 0xb9, 0x2b, 0xb8, 0xa4, 0xb8, 0x55, 0xb8,
  0x3e, 0xbc, 0xe6, 0xbc, 0x94, 0xb8, 0xbb, 0xb7, 0x7f, 0xb8, 0x87, 0xb7,
  0x2c, 0xb7, 0xbf, 0xb8, 0xf8, 0xbe, 0x61, 0xbd, 0x92, 0xfa, 0xff, 0xff,
  0x04, 0x00, 0x00, 0x00, 0x20, 0x00, 0x00, 0x00, 0x6e, 0x40, 0x62, 0x3e,
  0x1e, 0x40, 0x5a, 0x3d, 0x0a, 0x3d, 0xeb, 0x44, 0x1b, 0x41, 0x0f, 0x40,
  0xef, 0x3c, 0x93, 0x3c, 0xbd, 0x3e, 0xf7, 0x3c, 0xfc, 0x3f, 0x5b, 0x40,
  0x09, 0x41, 0x89, 0x40, 0xbe, 0xfa, 0xff, 0xff, 0x04, 0x00, 0x00, 0x00,
  0x08, 0x00, 0x00, 0x00, 0x01, 0x00, 0x00, 0x00, 0x02, 0x00, 0x00, 0x00,
  0xd2, 0xfa, 0xff, 0xff, 0x04, 0x00, 0x00, 0x00, 0x60, 0x03, 0x00, 0x00,
  0x7b, 0x2f, 0x8e, 0x28, 0xc0, 0xaa, 0xb2, 0xa8, 0x36, 0xb0, 0x55, 0xb0,
  0x72, 0xad, 0xd8, 0x2a, 0xb5, 0x31, 0x4f, 0xae, 0xdd, 0xa4, 0x07, 0xb1,
  0x4c, 0x31, 0x52, 0x2e, 0x94, 0xa9, 0x62, 0x2d, 0xd0, 0x31, 0x25, 0x2f,
  0xaa, 0xae, 0xaa, 0x31, 0xdd, 0xab, 0x99, 0xad, 0x44, 0xa8, 0xcc, 0x31,
  0x22, 0xaa, 0x35, 0x2e, 0xaf, 0xb0, 0xdc, 0xaf, 0xcd, 0xaa, 0x05, 0x32,
  0xbb, 0x30, 0xc6, 0xb0, 0x41, 0x2f, 0x06, 0x2c, 0xce, 0xad, 0x04, 0xb2,
  0x33, 0x31, 0x80, 0xa9, 0x60, 0xb0, 0x2e, 0x2c, 0x03, 0x32, 0xf3, 0xa4,
  0x68, 0x32, 0x20, 0x31, 0xae, 0xab, 0x07, 0x2e, 0x74, 0xa9, 0x6a, 0x2d,
  0x52, 0x30, 0x72, 0x31, 0x9e, 0x1f, 0xa9, 0xb0, 0x18, 0xad, 0xee, 0xaf,
  0x08, 0xb2, 0x1e, 0xb2, 0xfd, 0xa8, 0x32, 0xb1, 0xc8, 0x1e, 0x36, 0xad,
  0x05, 0x29, 0x6c, 0x30, 0xf3, 0x20, 0x12, 0xb0, 0x26, 0x9f, 0xb6, 0x30,
  0xdd, 0x2c, 0xaa, 0xb2, 0x3c, 0xaf, 0x70, 0x29, 0xf9, 0xae, 0x43, 0x2c,
  0x38, 0xb2, 0x40, 0xb0, 0xb9, 0x2d, 0xc5, 0xa8, 0x06, 0xb1, 0x65, 0x31,
  0xce, 0xaa, 0x7d, 0x2a, 0x0c, 0x2e, 0x23, 0xa9, 0x29, 0x2c, 0xa5, 0xa8,
  0xb8, 0xb0, 0x22, 0xb1, 0xf0, 0xad, 0x71, 0xae, 0xce, 0x29, 0xa6, 0xa6,
  0xa6, 0x2e, 0xfe, 0xa5, 0xbf, 0x2c, 0x07, 0x2c, 0x76, 0xac, 0x49, 0x31,
  0x39, 0xaa, 0xc2, 0x32, 0xcd, 0xb0, 0x12, 0xae, 0xb5, 0x30, 0x7e, 0xb0,
  0xd7, 0x2f, 0x87, 0x2f, 0x87, 0xaf, 0x66, 0xb2, 0xcc, 0xa8, 0xf8, 0xb2,
  0xef, 0xae, 0xa5, 0xb0, 0x71, 0x29, 0x8a, 0x2b, 0x6f, 0xae, 0xf6, 0x99,
  0xdb, 0x30, 0x22, 0xae, 0xfa, 0xb0, 0xc2, 0xb1, 0x48, 0xb1, 0x8b, 0x2c,
  0xe1, 0xb0, 0xc7, 0xac, 0x67, 0xb1, 0x70, 0x32, 0x84, 0x2c, 0x83, 0xad,
  0x50, 0x2a, 0xe5, 0x20, 0x2f, 0xa5, 0x5b, 0xb1, 0xd0, 0xb0, 0xa5, 0x2e,
  0x02, 0x2d, 0xf1, 0x30, 0xac, 0xb1, 0x84, 0xaf, 0xdd, 0xb0, 0xfe, 0x9f,
  0xd9, 0xac, 0xc4, 0xa5, 0xde, 0x30, 0x93, 0x31, 0xb8, 0xaf, 0x92, 0x31,
  0x52, 0xb2, 0xf3, 0x27, 0x43, 0x2a, 0x34, 0x31, 0x98, 0xad, 0x25, 0x95,
  0x6e, 0x2c, 0x24, 0x2d, 0xbf, 0x93, 0x08, 0x2e, 0x69, 0x2f, 0x92, 0xac,
  0xa0, 0x2f, 0x48, 0xb0, 0x6d, 0x2f, 0xa8, 0xb1, 0x52, 0xa5, 0x6a, 0x2f,
  0x7a, 0x2e, 0xab, 0x28, 0x25, 0x2e, 0x8b, 0x31, 0x8b, 0xb1, 0xee, 0xab,
  0xc5, 0x2f, 0xd3, 0x31, 0x0c, 0x98, 0x21, 0x2c, 0x4d, 0x2e, 0xcf, 0x2f,
  0x04, 0x30, 0x2e, 0x2e, 0x0e, 0x29, 0x5c, 0x30, 0x38, 0x31, 0x84, 0x28,
  0xc9, 0x31, 0xfb, 0x2d, 0x75, 0x84, 0xaf, 0x23, 0x66, 0x9f, 0x61, 0x30,
  0xb2, 0x14, 0xbf, 0x2c, 0x90, 0xae, 0x70, 0x24, 0x4f, 0xaf, 0xdc, 0x2e,
  0xa4, 0xb0, 0xa9, 0x2c, 0xe5, 0x2d, 0x92, 0x33, 0xf0, 0xa9, 0xa5, 0x27,
  0x4d, 0xb1, 0x51, 0x29, 0x4c, 0x30, 0x35, 0xb0, 0x0e, 0x30, 0xf7, 0xb1,
  0x5d, 0x21, 0xee, 0xaf, 0x53, 0x32, 0x62, 0x31, 0x71, 0xae, 0xcd, 0xb0,
  0xa6, 0x2c, 0x9d, 0x2e, 0x8d, 0x2c, 0xf9, 0x2f, 0x10, 0x30, 0x50, 0x24,
  0x78, 0xb0, 0x97, 0x2a, 0xcd, 0x30, 0x4f, 0xb0, 0x19, 0xaa, 0x29, 0x2d,
  0xc4, 0x26, 0x99, 0x2d, 0xb0, 0xad, 0x79, 0x32, 0x00, 0x1f, 0x6d, 0xad,
  0xa8, 0x31, 0x49, 0xb2, 0xff, 0xae, 0xca, 0xb3, 0x19, 0x30, 0x47, 0x30,
  0xe1, 0x23, 0xc5, 0xb0, 0x34, 0x30, 0x1b, 0x2f, 0xd6, 0xad, 0x28, 0x24,
  0xf3, 0xad, 0x1f, 0x2b, 0xb7, 0x2e, 0x26, 0x2d, 0xfe, 0xa8, 0x8e, 0x19,
  0xde, 0x97, 0x28, 0xa4, 0x2b, 0xb1, 0xc7, 0xac, 0x98, 0x31, 0x2c, 0xac,
  0xa0, 0x28, 0xb9, 0xb1, 0xd8, 0x2d, 0xe8, 0x30, 0xc4, 0xaf, 0x4d, 0x31,
  0xe5, 0xa3, 0x25, 0x2d, 0x2c, 0xab, 0x2e, 0x2b, 0xc0, 0xaa, 0xfc, 0x2e,
  0x68, 0xab, 0x76, 0x32, 0xcc, 0x2b, 0x81, 0xb2, 0x5e, 0xb0, 0x24, 0xb1,
  0xc9, 0xb0, 0x92, 0xaa, 0x51, 0x25, 0xc3, 0x31, 0x21, 0xac, 0x97, 0xb3,
  0x63, 0xab, 0x28, 0x30, 0x62, 0xb0, 0xdc, 0xaf, 0x4c, 0xa8, 0x10, 0xab,
  0xb4, 0x33, 0xdc, 0xa9, 0xd0, 0x2c, 0x8b, 0x28, 0x50, 0x23, 0x98, 0xad,
  0x8c, 0xac, 0x3c, 0xb0, 0xb9, 0x30, 0x6f, 0xad, 0x2f, 0xac, 0x6f, 0xaf,
  0x4b, 0x2c, 0x4d, 0xaf, 0x37, 0xae, 0xf2, 0xac, 0x54, 0xa6, 0xf7, 0xaf,
  0xfc, 0x2e, 0xc3, 0x2b, 0xec, 0xab, 0x22, 0x2d, 0x7c, 0x2d, 0x89, 0xac,
  0x12, 0x28, 0x4b, 0xa8, 0x09, 0x32, 0x6d, 0x2b, 0xbb, 0xaa, 0xe1, 0xac,
  0xe1, 0x32, 0x02, 0x30, 0x4b, 0x27, 0x57, 0xac, 0xe8, 0xa7, 0x26, 0xac,
  0xd1, 0x32, 0xa2, 0xaa, 0x2c, 0xb2, 0xe2, 0x31, 0xf7, 0xac, 0x51, 0xb0,
  0x6d, 0xb0, 0x2d, 0xae, 0xb1, 0xa6, 0x6a, 0x2f, 0xd7, 0xb1, 0xf0, 0xa7,
  0x90, 0xb2, 0xb1, 0x30, 0xa5, 0xb1, 0xf3, 0xaa, 0x94, 0xb2, 0xfb, 0xb0,
  0x02, 0x2a, 0x3f, 0xb1, 0xc0, 0xa9, 0xcb, 0xa7, 0xbe, 0x31, 0x17, 0xae,
  0x88, 0x31, 0x85, 0x30, 0x58, 0xad, 0xcf, 0x2a, 0x48, 0x31, 0xa9, 0x25,
  0x44, 0x2a, 0x97, 0x2e, 0xc1, 0xaf, 0x5b, 0x2c, 0x8c, 0xae, 0x3a, 0xb2,
  0x3c, 0x30, 0xd3, 0xab, 0xe0, 0xb1, 0x57, 0x30, 0xcb, 0xb1, 0x49, 0xaf,
  0x84, 0x2e, 0xfb, 0xac, 0x1e, 0x1a, 0x49, 0x32, 0x2c, 0x2e, 0x3f, 0xa1,
  0x8d, 0xaf, 0xa9, 0xb1, 0x4a, 0xb1, 0x51, 0x2e, 0x0e, 0xb1, 0xb6, 0x31,
  0x87, 0x23, 0x90, 0xaf, 0x51, 0xa1, 0xcf, 0xaf, 0x61, 0xa9, 0xdc, 0xa6,
  0x8c, 0xb0, 0x2c, 0x30, 0xb8, 0xb0, 0x88, 0x2a, 0x51, 0x20, 0x41, 0xb3,
  0x2a, 0x33, 0xfe, 0xaf, 0x36, 0xac, 0xf8, 0x30, 0xfe, 0x2e, 0x70, 0x30,
  0x0c, 0xae, 0x33, 0xac, 0xf3, 0x29, 0x84, 0x2e, 0x34, 0xad, 0xd3, 0xa9,
  0xdf, 0xac, 0xdf, 0xa6, 0xd3, 0xac, 0x78, 0xb0, 0x69, 0xa4, 0x96, 0xb1,
  0x26, 0x25, 0x44, 0xad, 0x4a, 0x31, 0x0d, 0xae, 0x50, 0xa1, 0x94, 0x2f,
  0x55, 0xb0, 0x6f, 0xb0, 0x51, 0xaf, 0x60, 0x2a, 0x05, 0xa3, 0xe0, 0xac,
  0xb3, 0xb1, 0x91, 0xb1, 0x21, 0xa8, 0xae, 0xa7, 0xbc, 0xb0, 0xc9, 0x2e,
  0x3b, 0x2c, 0xe9, 0x31, 0x79, 0x2c, 0x82, 0x29, 0xcd, 0x30, 0xd6, 0x2f,
  0x10, 0x28, 0x00, 0x2d, 0xd6, 0x30, 0x7b, 0x2c, 0xc3, 0x31, 0x32, 0xb3,
  0x3e, 0xfe, 0xff, 0xff, 0x04, 0x00, 0x00, 0x00, 0x20, 0x00, 0x00, 0x00,
  0x65, 0xb0, 0xeb, 0x2c, 0x14, 0xad, 0x90, 0x2f, 0xc7, 0x30, 0x3c, 0x2e,
  0x32, 0x1c, 0xc8, 0x30, 0xc9, 0x2f, 0x3f, 0x2b, 0xd8, 0x28, 0x3d, 0x2e,
  0xd4, 0x2f, 0xe5, 0xb0, 0x0d, 0x2a, 0xb6, 0xad, 0xa4, 0xc8, 0xff, 0xff,
  0xa8, 0xc8, 0xff, 0xff, 0x0f, 0x00, 0x00, 0x00, 0x4d, 0x4c, 0x49, 0x52,
  0x20, 0x43, 0x6f, 0x6e, 0x76, 0x65, 0x72, 0x74, 0x65, 0x64, 0x2e, 0x00,
  0x01, 0x00, 0x00, 0x00, 0x14, 0x00, 0x00, 0x00, 0x00, 0x00, 0x0e, 0x00,
  0x18, 0x00, 0x14, 0x00, 0x10, 0x00, 0x0c, 0x00, 0x08, 0x00, 0x04, 0x00,
  0x0e, 0x00, 0x00, 0x00, 0x14, 0x00, 0x00, 0x00, 0x1c, 0x00, 0x00, 0x00,
  0xc8, 0x0b, 0x00, 0x00, 0xcc, 0x0b, 0x00, 0x00, 0xd0, 0x0b, 0x00, 0x00,
  0x04, 0x00, 0x00, 0x00, 0x6d, 0x61, 0x69, 0x6e, 0x00, 0x00, 0x00, 0x00,
  0x44, 0x00, 0x00, 0x00, 0x90, 0x0b, 0x00, 0x00, 0x64, 0x0b, 0x00, 0x00,
  0x44, 0x0b, 0x00, 0x00, 0x24, 0x0b, 0x00, 0x00, 0x04, 0x0b, 0x00, 0x00,
  0xe4, 0x0a, 0x00, 0x00, 0xc4, 0x0a, 0x00, 0x00, 0xa4, 0x0a, 0x00, 0x00,
  0x84, 0x0a, 0x00, 0x00, 0x64, 0x0a, 0x00, 0x00, 0x44, 0x0a, 0x00, 0x00,
  0x24, 0x0a, 0x00, 0x00, 0x04, 0x0a, 0x00, 0x00, 0xe4, 0x09, 0x00, 0x00,
  0xc4, 0x09, 0x00, 0x00, 0xa4, 0x09, 0x00, 0x00, 0x84, 0x09, 0x00, 0x00,
  0x64, 0x09, 0x00, 0x00, 0x44, 0x09, 0x00, 0x00, 0x24, 0x09, 0x00, 0x00,
  0x04, 0x09, 0x00, 0x00, 0xe4, 0x08, 0x00, 0x00, 0xc4, 0x08, 0x00, 0x00,
  0xa4, 0x08, 0x00, 0x00, 0x84, 0x08, 0x00, 0x00, 0x64, 0x08, 0x00, 0x00,
  0x44, 0x08, 0x00, 0x00, 0x24, 0x08, 0x00, 0x00, 0x04, 0x08, 0x00, 0x00,
  0xe4, 0x07, 0x00, 0x00, 0xc4, 0x07, 0x00, 0x00, 0xa4, 0x07, 0x00, 0x00,
  0x84, 0x07, 0x00, 0x00, 0x64, 0x07, 0x00, 0x00, 0x44, 0x07, 0x00, 0x00,
  0x24, 0x07, 0x00, 0x00, 0x04, 0x07, 0x00, 0x00, 0xe4, 0x06, 0x00, 0x00,
  0x94, 0x06, 0x00, 0x00, 0x50, 0x06, 0x00, 0x00, 0x1c, 0x06, 0x00, 0x00,
  0xd8, 0x05, 0x00, 0x00, 0xa4, 0x05, 0x00, 0x00, 0x70, 0x05, 0x00, 0x00,
  0x2c, 0x05, 0x00, 0x00, 0xf8, 0x04, 0x00, 0x00, 0xc4, 0x04, 0x00, 0x00,
  0x80, 0x04, 0x00, 0x00, 0x4c, 0x04, 0x00, 0x00, 0x18, 0x04, 0x00, 0x00,
  0xd4, 0x03, 0x00, 0x00, 0xa0, 0x03, 0x00, 0x00, 0x6c, 0x03, 0x00, 0x00,
  0x28, 0x03, 0x00, 0x00, 0xf4, 0x02, 0x00, 0x00, 0xc0, 0x02, 0x00, 0x00,
  0x7c, 0x02, 0x00, 0x00, 0x48, 0x02, 0x00, 0x00, 0x14, 0x02, 0x00, 0x00,
  0xd0, 0x01, 0x00, 0x00, 0x9c, 0x01, 0x00, 0x00, 0x68, 0x01, 0x00, 0x00,
  0x24, 0x01, 0x00, 0x00, 0xf0, 0x00, 0x00, 0x00, 0xbc, 0x00, 0x00, 0x00,
  0x88, 0x00, 0x00, 0x00, 0x50, 0x00, 0x00, 0x00, 0x14, 0x00, 0x00, 0x00,
  0x00, 0x00, 0x0e, 0x00, 0x1a, 0x00, 0x14, 0x00, 0x10, 0x00, 0x0c, 0x00,
  0x0b, 0x00, 0x04, 0x00, 0x0e, 0x00, 0x00, 0x00, 0x1c, 0x00, 0x00, 0x00,
  0x00, 0x00, 0x00, 0x09, 0x1c, 0x00, 0x00, 0x00, 0x20, 0x00, 0x00, 0x00,
  0x06, 0x00, 0x00, 0x00, 0x00, 0x00, 0x06, 0x00, 0x08, 0x00, 0x04, 0x00,
  0x06, 0x00, 0x00, 0x00, 0x00, 0x00, 0x80, 0x3f, 0x01, 0x00, 0x00, 0x00,
  0x6b, 0x00, 0x00, 0x00, 0x01, 0x00, 0x00, 0x00, 0x6a, 0x00, 0x00, 0x00,
  0x3a, 0xfa, 0xff, 0xff, 0x14, 0x00, 0x00, 0x00, 0x00, 0x00, 0x00, 0x08,
  0x10, 0x00, 0x00, 0x00, 0x14, 0x00, 0x00, 0x00, 0x05, 0x00, 0x00, 0x00,
  0x70, 0xca, 0xff, 0xff, 0x01, 0x00, 0x00, 0x00, 0x6a, 0x00, 0x00, 0x00,
  0x03, 0x00, 0x00, 0x00, 0x69, 0x00, 0x00, 0x00, 0x39, 0x00, 0x00, 0x00,
  0x30, 0x00, 0x00, 0x00, 0x6e, 0xfa, 0xff, 0xff, 0x14, 0x00, 0x00, 0x00,
  0x00, 0x00, 0x00, 0x1b, 0x10, 0x00, 0x00, 0x00, 0x14, 0x00, 0x00, 0x00,
  0x04, 0x00, 0x00, 0x00, 0xa4, 0xca, 0xff, 0xff, 0x01, 0x00, 0x00, 0x00,
  0x69, 0x00, 0x00, 0x00, 0x02, 0x00, 0x00, 0x00, 0x68, 0x00, 0x00, 0x00,
  0x03, 0x00, 0x00, 0x00, 0x9e, 0xfa, 0xff, 0xff, 0x14, 0x00, 0x00, 0x00,
  0x00, 0x00, 0x00, 0x0b, 0x10, 0x00, 0x00, 0x00, 0x14, 0x00, 0x00, 0x00,
  0x03, 0x00, 0x00, 0x00, 0xd4, 0xca, 0xff, 0xff, 0x01, 0x00, 0x00, 0x00,
  0x68, 0x00, 0x00, 0x00, 0x02, 0x00, 0x00, 0x00, 0x67, 0x00, 0x00, 0x00,
  0x44, 0x00, 0x00, 0x00, 0xce, 0xfa, 0xff, 0xff, 0x14, 0x00, 0x00, 0x00,
  0x00, 0x00, 0x00, 0x15, 0x10, 0x00, 0x00, 0x00, 0x14, 0x00, 0x00, 0x00,
  0x02, 0x00, 0x00, 0x00, 0x04, 0xcb, 0xff, 0xff, 0x01, 0x00, 0x00, 0x00,
  0x67, 0x00, 0x00, 0x00, 0x02, 0x00, 0x00, 0x00, 0x66, 0x00, 0x00, 0x00,
  0x49, 0x00, 0x00, 0x00, 0xfe, 0xfa, 0xff, 0xff, 0x14, 0x00, 0x00, 0x00,
  0x00, 0x00, 0x00, 0x01, 0x1c, 0x00, 0x00, 0x00, 0x20, 0x00, 0x00, 0x00,
  0x01, 0x00, 0x00, 0x00, 0xf0, 0xfa, 0xff, 0xff, 0x00, 0x00, 0x00, 0x01,
  0x01, 0x00, 0x00, 0x00, 0x01, 0x00, 0x00, 0x00, 0x01, 0x00, 0x00, 0x00,
  0x66, 0x00, 0x00, 0x00, 0x03, 0x00, 0x00, 0x00, 0x65, 0x00, 0x00, 0x00,
  0x31, 0x00, 0x00, 0x00, 0x28, 0x00, 0x00, 0x00, 0x3e, 0xfb, 0xff, 0xff,
  0x14, 0x00, 0x00, 0x00, 0x00, 0x00, 0x00, 0x0b, 0x10, 0x00, 0x00, 0x00,
  0x14, 0x00, 0x00, 0x00, 0x03, 0x00, 0x00, 0x00, 0x74, 0xcb, 0xff, 0xff,
  0x01, 0x00, 0x00, 0x00, 0x65, 0x00, 0x00, 0x00, 0x02, 0x00, 0x00, 0x00,
  0x64, 0x00, 0x00, 0x00, 0x4a, 0x00, 0x00, 0x00, 0x6e, 0xfb, 0xff, 0xff,
  0x14, 0x00, 0x00, 0x00, 0x00, 0x00, 0x00, 0x15, 0x10, 0x00, 0x00, 0x00,
  0x14, 0x00, 0x00, 0x00, 0x02, 0x00, 0x00, 0x00, 0xa4, 0xcb, 0xff, 0xff,
  0x01, 0x00, 0x00, 0x00, 0x64, 0x00, 0x00, 0x00, 0x02, 0x00, 0x00, 0x00,
  0x63, 0x00, 0x00, 0x00, 0x4b, 0x00, 0x00, 0x00, 0x9e, 0xfb, 0xff, 0xff,
  0x14, 0x00, 0x00, 0x00, 0x00, 0x00, 0x00, 0x01, 0x1c, 0x00, 0x00, 0x00,
  0x20, 0x00, 0x00, 0x00, 0x01, 0x00, 0x00, 0x00, 0x90, 0xfb, 0xff, 0xff,
  0x00, 0x00, 0x00, 0x01, 0x01, 0x00, 0x00, 0x00, 0x01, 0x00, 0x00, 0x00,
  0x01, 0x00, 0x00, 0x00, 0x63, 0x00, 0x00, 0x00, 0x03, 0x00, 0x00, 0x00,
  0x62, 0x00, 0x00, 0x00, 0x32, 0x00, 0x00, 0x00, 0x29, 0x00, 0x00, 0x00,
  0xde, 0xfb, 0xff, 0xff, 0x14, 0x00, 0x00, 0x00, 0x00, 0x00, 0x00, 0x0b,
  0x10, 0x00, 0x00, 0x00, 0x14, 0x00, 0x00, 0x00, 0x03, 0x00, 0x00, 0x00,
  0x14, 0xcc, 0xff, 0xff, 0x01, 0x00, 0x00, 0x00, 0x62, 0x00, 0x00, 0x00,
  0x02, 0x00, 0x00, 0x00, 0x61, 0x00, 0x00, 0x00, 0x3a, 0x00, 0x00, 0x00,
  0x0e, 0xfc, 0xff, 0xff, 0x14, 0x00, 0x00, 0x00, 0x00, 0x00, 0x00, 0x15,
  0x10, 0x00, 0x00, 0x00, 0x14, 0x00, 0x00, 0x00, 0x02, 0x00, 0x00, 0x00,
  0x44, 0xcc, 0xff, 0xff, 0x01, 0x00, 0x00, 0x00, 0x61, 0x00, 0x00, 0x00,
  0x02, 0x00, 0x00, 0x00, 0x60, 0x00, 0x00, 0x00, 0x3b, 0x00, 0x00, 0x00,
  0x3e, 0xfc, 0xff, 0xff, 0x14, 0x00, 0x00, 0x00, 0x00, 0x00, 0x00, 0x01,
  0x1c, 0x00, 0x00, 0x00, 0x20, 0x00, 0x00, 0x00, 0x01, 0x00, 0x00, 0x00,
  0x30, 0xfc, 0xff, 0xff, 0x00, 0x00, 0x00, 0x01, 0x01, 0x00, 0x00, 0x00,
  0x01, 0x00, 0x00, 0x00, 0x01, 0x00, 0x00, 0x00, 0x60, 0x00, 0x00, 0x00,
  0x03, 0x00, 0x00, 0x00, 0x5f, 0x00, 0x00, 0x00, 0x33, 0x00, 0x00, 0x00,
  0x2a, 0x00, 0x00, 0x00, 0x7e, 0xfc, 0xff, 0xff, 0x14, 0x00, 0x00, 0x00,
  0x00, 0x00, 0x00, 0x0b, 0x10, 0x00, 0x00, 0x00, 0x14, 0x00, 0x00, 0x00,
  0x03, 0x00, 0x00, 0x00, 0xb4, 0xcc, 0xff, 0xff, 0x01, 0x00, 0x00, 0x00,
  0x5f, 0x00, 0x00, 0x00, 0x02, 0x00, 0x00, 0x00, 0x5e, 0x00, 0x00, 0x00,
  0x3c, 0x00, 0x00, 0x00, 0xae, 0xfc, 0xff, 0xff, 0x14, 0x00, 0x00, 0x00,
  0x00, 0x00, 0x00, 0x15, 0x10, 0x00, 0x00, 0x00, 0x14, 0x00, 0x00, 0x00,
  0x02, 0x00, 0x00, 0x00, 0xe4, 0xcc, 0xff, 0xff, 0x01, 0x00, 0x00, 0x00,
  0x5e, 0x00, 0x00, 0x00, 0x02, 0x00, 0x00, 0x00, 0x5d, 0x00, 0x00, 0x00,
  0x3d, 0x00, 0x00, 0x00, 0xde, 0xfc, 0xff, 0xff, 0x14, 0x00, 0x00, 0x00,
  0x00, 0x00, 0x00, 0x01, 0x1c, 0x00, 0x00, 0x00, 0x20, 0x00, 0x00, 0x00,
  0x01, 0x00, 0x00, 0x00, 0xd0, 0xfc, 0xff, 0xff, 0x00, 0x00, 0x00, 0x01,
  0x01, 0x00, 0x00, 0x00, 0x01, 0x00, 0x00, 0x00, 0x01, 0x00, 0x00, 0x00,
  0x5d, 0x00, 0x00, 0x00, 0x03, 0x00, 0x00, 0x00, 0x5c, 0x00, 0x00, 0x00,
  0x34, 0x00, 0x00, 0x00, 0x2b, 0x00, 0x00, 0x00, 0x1e, 0xfd, 0xff, 0xff,
  0x14, 0x00, 0x00, 0x00, 0x00, 0x00, 0x00, 0x0b, 0x10, 0x00, 0x00, 0x00,
  0x14, 0x00, 0x00, 0x00, 0x03, 0x00, 0x00, 0x00, 0x54, 0xcd, 0xff, 0xff,
  0x01, 0x00, 0x00, 0x00, 0x5c, 0x00, 0x00, 0x00, 0x02, 0x00, 0x00, 0x00,
  0x5b, 0x00, 0x00, 0x00, 0x3e, 0x00, 0x00, 0x00, 0x4e, 0xfd, 0xff, 0xff,
  0x14, 0x00, 0x00, 0x00, 0x00, 0x00, 0x00, 0x15, 0x10, 0x00, 0x00, 0x00,
  0x14, 0x00, 0x00, 0x00, 0x02, 0x00, 0x00, 0x00, 0x84, 0xcd, 0xff, 0xff,
  0x01, 0x00, 0x00, 0x00, 0x5b, 0x00, 0x00, 0x00, 0x02, 0x00, 0x00, 0x00,
  0x5a, 0x00, 0x00, 0x00, 0x3f, 0x00, 0x00, 0x00, 0x7e, 0xfd, 0xff, 0xff,
  0x14, 0x00, 0x00, 0x00, 0x00, 0x00, 0x00, 0x01, 0x1c, 0x00, 0x00, 0x00,
  0x20, 0x00, 0x00, 0x00, 0x01, 0x00, 0x00, 0x00, 0x70, 0xfd, 0xff, 0xff,
  0x00, 0x00, 0x00, 0x01, 0x01, 0x00, 0x00, 0x00, 0x01, 0x00, 0x00, 0x00,
  0x01, 0x00, 0x00, 0x00, 0x5a, 0x00, 0x00, 0x00, 0x03, 0x00, 0x00, 0x00,
  0x59, 0x00, 0x00, 0x00, 0x35, 0x00, 0x00, 0x00, 0x2c, 0x00, 0x00, 0x00,
  0xbe, 0xfd, 0xff, 0xff, 0x14, 0x00, 0x00, 0x00, 0x00, 0x00, 0x00, 0x0b,
  0x10, 0x00, 0x00, 0x00, 0x14, 0x00, 0x00, 0x00, 0x03, 0x00, 0x00, 0x00,
  0xf4, 0xcd, 0xff, 0xff, 0x01, 0x00, 0x00, 0x00, 0x59, 0x00, 0x00, 0x00,
  0x02, 0x00, 0x00, 0x00, 0x58, 0x00, 0x00, 0x00, 0x40, 0x00, 0x00, 0x00,
  0xee, 0xfd, 0xff, 0xff, 0x14, 0x00, 0x00, 0x00, 0x00, 0x00, 0x00, 0x15,
  0x10, 0x00, 0x00, 0x00, 0x14, 0x00, 0x00, 0x00, 0x02, 0x00, 0x00, 0x00,
  0x24, 0xce, 0xff, 0xff, 0x01, 0x00, 0x00, 0x00, 0x58, 0x00, 0x00, 0x00,
  0x02, 0x00, 0x00, 0x00, 0x57, 0x00, 0x00, 0x00, 0x41, 0x00, 0x00, 0x00,
  0x1e, 0xfe, 0xff, 0xff, 0x14, 0x00, 0x00, 0x00, 0x00, 0x00, 0x00, 0x01,
  0x1c, 0x00, 0x00, 0x00, 0x20, 0x00, 0x00, 0x00, 0x01, 0x00, 0x00, 0x00,
  0x10, 0xfe, 0xff, 0xff, 0x00, 0x00, 0x00, 0x01, 0x01, 0x00, 0x00, 0x00,
  0x01, 0x00, 0x00, 0x00, 0x01, 0x00, 0x00, 0x00, 0x57, 0x00, 0x00, 0x00,
  0x03, 0x00, 0x00, 0x00, 0x56, 0x00, 0x00, 0x00, 0x36, 0x00, 0x00, 0x00,
  0x2d, 0x00, 0x00, 0x00, 0x5e, 0xfe, 0xff, 0xff, 0x14, 0x00, 0x00, 0x00,
  0x00, 0x00, 0x00, 0x0b, 0x10, 0x00, 0x00, 0x00, 0x14, 0x00, 0x00, 0x00,
  0x03, 0x00, 0x00, 0x00, 0x94, 0xce, 0xff, 0xff, 0x01, 0x00, 0x00, 0x00,
  0x56, 0x00, 0x00, 0x00, 0x02, 0x00, 0x00, 0x00, 0x55, 0x00, 0x00, 0x00,
  0x42, 0x00, 0x00, 0x00, 0x8e, 0xfe, 0xff, 0xff, 0x14, 0x00, 0x00, 0x00,
  0x00, 0x00, 0x00, 0x15, 0x10, 0x00, 0x00, 0x00, 0x14, 0x00, 0x00, 0x00,
  0x02, 0x00, 0x00, 0x00, 0xc4, 0xce, 0xff, 0xff, 0x01, 0x00, 0x00, 0x00,
  0x55, 0x00, 0x00, 0x00, 0x02, 0x00, 0x00, 0x00, 0x54, 0x00, 0x00, 0x00,
  0x43, 0x00, 0x00, 0x00, 0xbe, 0xfe, 0xff, 0xff, 0x14, 0x00, 0x00, 0x00,
  0x00, 0x00, 0x00, 0x01, 0x1c, 0x00, 0x00, 0x00, 0x20, 0x00, 0x00, 0x00,
  0x01, 0x00, 0x00, 0x00, 0xb0, 0xfe, 0xff, 0xff, 0x00, 0x00, 0x00, 0x01,
  0x01, 0x00, 0x00, 0x00, 0x01, 0x00, 0x00, 0x00, 0x01, 0x00, 0x00, 0x00,
  0x54, 0x00, 0x00, 0x00, 0x03, 0x00, 0x00, 0x00, 0x53, 0x00, 0x00, 0x00,
  0x37, 0x00, 0x00, 0x00, 0x2e, 0x00, 0x00, 0x00, 0xfe, 0xfe, 0xff, 0xff,
  0x14, 0x00, 0x00, 0x00, 0x00, 0x00, 0x00, 0x0b, 0x10, 0x00, 0x00, 0x00,
  0x14, 0x00, 0x00, 0x00, 0x03, 0x00, 0x00, 0x00, 0x34, 0xcf, 0xff, 0xff,
  0x01, 0x00, 0x00, 0x00, 0x53, 0x00, 0x00, 0x00, 0x02, 0x00, 0x00, 0x00,
  0x52, 0x00, 0x00, 0x00, 0x45, 0x00, 0x00, 0x00, 0x2e, 0xff, 0xff, 0xff,
  0x14, 0x00, 0x00, 0x00, 0x00, 0x00, 0x00, 0x15, 0x10, 0x00, 0x00, 0x00,
  0x14, 0x00, 0x00, 0x00, 0x02, 0x00, 0x00, 0x00, 0x64, 0xcf, 0xff, 0xff,
  0x01, 0x00, 0x00, 0x00, 0x52, 0x00, 0x00, 0x00, 0x02, 0x00, 0x00, 0x00,
  0x51, 0x00, 0x00, 0x00, 0x46, 0x00, 0x00, 0x00, 0x5e, 0xff, 0xff, 0xff,
  0x14, 0x00, 0x00, 0x00, 0x00, 0x00, 0x00, 0x01, 0x1c, 0x00, 0x00, 0x00,
  0x20, 0x00, 0x00, 0x00, 0x01, 0x00, 0x00, 0x00, 0x50, 0xff, 0xff, 0xff,
  0x00, 0x00, 0x00, 0x01, 0x01, 0x00, 0x00, 0x00, 0x01, 0x00, 0x00, 0x00,
  0x01, 0x00, 0x00, 0x00, 0x51, 0x00, 0x00, 0x00, 0x03, 0x00, 0x00, 0x00,
  0x50, 0x00, 0x00, 0x00, 0x38, 0x00, 0x00, 0x00, 0x2f, 0x00, 0x00, 0x00,
  0x9e, 0xff, 0xff, 0xff, 0x14, 0x00, 0x00, 0x00, 0x00, 0x00, 0x00, 0x0b,
  0x10, 0x00, 0x00, 0x00, 0x14, 0x00, 0x00, 0x00, 0x03, 0x00, 0x00, 0x00,
  0xd4, 0xcf, 0xff, 0xff, 0x01, 0x00, 0x00, 0x00, 0x50, 0x00, 0x00, 0x00,
  0x02, 0x00, 0x00, 0x00, 0x4f, 0x00, 0x00, 0x00, 0x47, 0x00, 0x00, 0x00,
  0xce, 0xff, 0xff, 0xff, 0x14, 0x00, 0x00, 0x00, 0x00, 0x00, 0x00, 0x15,
  0x10, 0x00, 0x00, 0x00, 0x14, 0x00, 0x00, 0x00, 0x02, 0x00, 0x00, 0x00,
  0x04, 0xd0, 0xff, 0xff, 0x01, 0x00, 0x00, 0x00, 0x4f, 0x00, 0x00, 0x00,
  0x02, 0x00, 0x00, 0x00, 0x4e, 0x00, 0x00, 0x00, 0x48, 0x00, 0x00, 0x00,
  0x00, 0x00, 0x0e, 0x00, 0x18, 0x00, 0x14, 0x00, 0x10, 0x00, 0x0c, 0x00,
  0x0b, 0x00, 0x04, 0x00, 0x0e, 0x00, 0x00, 0x00, 0x20, 0x00, 0x00, 0x00,
  0x00, 0x00, 0x00, 0x01, 0x28, 0x00, 0x00, 0x00, 0x2c, 0x00, 0x00, 0x00,
  0x01, 0x00, 0x00, 0x00, 0x0c, 0x00, 0x10, 0x00, 0x00, 0x00, 0x0c, 0x00,
  0x08, 0x00, 0x07, 0x00, 0x0c, 0x00, 0x00, 0x00, 0x00, 0x00, 0x00, 0x01,
  0x01, 0x00, 0x00, 0x00, 0x01, 0x00, 0x00, 0x00, 0x01, 0x00, 0x00, 0x00,
  0x4e, 0x00, 0x00, 0x00, 0x03, 0x00, 0x00, 0x00, 0x00, 0x00, 0x00, 0x00,
  0x4c, 0x00, 0x00, 0x00, 0x4d, 0x00, 0x00, 0x00, 0xf2, 0xfb, 0xff, 0xff,
  0x08, 0x00, 0x00, 0x00, 0x0c, 0x00, 0x00, 0x00, 0x01, 0x00, 0x00, 0x00,
  0x4d, 0x00, 0x00, 0x00, 0x01, 0x00, 0x00, 0x00, 0x01, 0x00, 0x00, 0x00,
  0x0e, 0xfc, 0xff, 0xff, 0x08, 0x00, 0x00, 0x00, 0x0c, 0x00, 0x00, 0x00,
  0x01, 0x00, 0x00, 0x00, 0x4c, 0x00, 0x00, 0x00, 0x01, 0x00, 0x00, 0x00,
  0x02, 0x00, 0x00, 0x00, 0x2a, 0xfc, 0xff, 0xff, 0x08, 0x00, 0x00, 0x00,
  0x0c, 0x00, 0x00, 0x00, 0x01, 0x00, 0x00, 0x00, 0x4b, 0x00, 0x00, 0x00,
  0x01, 0x00, 0x00, 0x00, 0x04, 0x00, 0x00, 0x00, 0x46, 0xfc, 0xff, 0xff,
  0x08, 0x00, 0x00, 0x00, 0x0c, 0x00, 0x00, 0x00, 0x01, 0x00, 0x00, 0x00,
  0x4a, 0x00, 0x00, 0x00, 0x01, 0x00, 0x00, 0x00, 0x05, 0x00, 0x00, 0x00,
  0x62, 0xfc, 0xff, 0xff, 0x08, 0x00, 0x00, 0x00, 0x0c, 0x00, 0x00, 0x00,
  0x01, 0x00, 0x00, 0x00, 0x49, 0x00, 0x00, 0x00, 0x01, 0x00, 0x00, 0x00,
  0x06, 0x00, 0x00, 0x00, 0x7e, 0xfc, 0xff, 0xff, 0x08, 0x00, 0x00, 0x00,
  0x0c, 0x00, 0x00, 0x00, 0x01, 0x00, 0x00, 0x00, 0x48, 0x00, 0x00, 0x00,
  0x01, 0x00, 0x00, 0x00, 0x07, 0x00, 0x00, 0x00, 0x9a, 0xfc, 0xff, 0xff,
  0x08, 0x00, 0x00, 0x00, 0x0c, 0x00, 0x00, 0x00, 0x01, 0x00, 0x00, 0x00,
  0x47, 0x00, 0x00, 0x00, 0x01, 0x00, 0x00, 0x00, 0x08, 0x00, 0x00, 0x00,
  0xb6, 0xfc, 0xff, 0xff, 0x08, 0x00, 0x00, 0x00, 0x0c, 0x00, 0x00, 0x00,
  0x01, 0x00, 0x00, 0x00, 0x46, 0x00, 0x00, 0x00, 0x01, 0x00, 0x00, 0x00,
  0x09, 0x00, 0x00, 0x00, 0xd2, 0xfc, 0xff, 0xff, 0x08, 0x00, 0x00, 0x00,
  0x0c, 0x00, 0x00, 0x00, 0x01, 0x00, 0x00, 0x00, 0x45, 0x00, 0x00, 0x00,
  0x01, 0x00, 0x00, 0x00, 0x0a, 0x00, 0x00, 0x00, 0xee, 0xfc, 0xff, 0xff,
  0x08, 0x00, 0x00, 0x00, 0x0c, 0x00, 0x00, 0x00, 0x01, 0x00, 0x00, 0x00,
  0x44, 0x00, 0x00, 0x00, 0x01, 0x00, 0x00, 0x00, 0x0b, 0x00, 0x00, 0x00,
  0x0a, 0xfd, 0xff, 0xff, 0x08, 0x00, 0x00, 0x00, 0x0c, 0x00, 0x00, 0x00,
  0x01, 0x00, 0x00, 0x00, 0x43, 0x00, 0x00, 0x00, 0x01, 0x00, 0x00, 0x00,
  0x0c, 0x00, 0x00, 0x00, 0x26, 0xfd, 0xff, 0xff, 0x08, 0x00, 0x00, 0x00,
  0x0c, 0x00, 0x00, 0x00, 0x01, 0x00, 0x00, 0x00, 0x42, 0x00, 0x00, 0x00,
  0x01, 0x00, 0x00, 0x00, 0x0d, 0x00, 0x00, 0x00, 0x42, 0xfd, 0xff, 0xff,
  0x08, 0x00, 0x00, 0x00, 0x0c, 0x00, 0x00, 0x00, 0x01, 0x00, 0x00, 0x00,
  0x41, 0x00, 0x00, 0x00, 0x01, 0x00, 0x00, 0x00, 0x0e, 0x00, 0x00, 0x00,
  0x5e, 0xfd, 0xff, 0xff, 0x08, 0x00, 0x00, 0x00, 0x0c, 0x00, 0x00, 0x00,
  0x01, 0x00, 0x00, 0x00, 0x40, 0x00, 0x00, 0x00, 0x01, 0x00, 0x00, 0x00,
  0x0f, 0x00, 0x00, 0x00, 0x7a, 0xfd, 0xff, 0xff, 0x08, 0x00, 0x00, 0x00,
  0x0c, 0x00, 0x00, 0x00, 0x01, 0x00, 0x00, 0x00, 0x3f, 0x00, 0x00, 0x00,
  0x01, 0x00, 0x00, 0x00, 0x10, 0x00, 0x00, 0x00, 0x96, 0xfd, 0xff, 0xff,
  0x08, 0x00, 0x00, 0x00, 0x0c, 0x00, 0x00, 0x00, 0x01, 0x00, 0x00, 0x00,
  0x3e, 0x00, 0x00, 0x00, 0x01, 0x00, 0x00, 0x00, 0x11, 0x00, 0x00, 0x00,
  0xb2, 0xfd, 0xff, 0xff, 0x08, 0x00, 0x00, 0x00, 0x0c, 0x00, 0x00, 0x00,
  0x01, 0x00, 0x00, 0x00, 0x3d, 0x00, 0x00, 0x00, 0x01, 0x00, 0x00, 0x00,
  0x12, 0x00, 0x00, 0x00, 0xce, 0xfd, 0xff, 0xff, 0x08, 0x00, 0x00, 0x00,
  0x0c, 0x00, 0x00, 0x00, 0x01, 0x00, 0x00, 0x00, 0x3c, 0x00, 0x00, 0x00,
  0x01, 0x00, 0x00, 0x00, 0x13, 0x00, 0x00, 0x00, 0xea, 0xfd, 0xff, 0xff,
  0x08, 0x00, 0x00, 0x00, 0x0c, 0x00, 0x00, 0x00, 0x01, 0x00, 0x00, 0x00,
  0x3b, 0x00, 0x00, 0x00, 0x01, 0x00, 0x00, 0x00, 0x14, 0x00, 0x00, 0x00,
  0x06, 0xfe, 0xff, 0xff, 0x08, 0x00, 0x00, 0x00, 0x0c, 0x00, 0x00, 0x00,
  0x01, 0x00, 0x00, 0x00, 0x3a, 0x00, 0x00, 0x00, 0x01, 0x00, 0x00, 0x00,
  0x15, 0x00, 0x00, 0x00, 0x22, 0xfe, 0xff, 0xff, 0x08, 0x00, 0x00, 0x00,
  0x0c, 0x00, 0x00, 0x00, 0x01, 0x00, 0x00, 0x00, 0x39, 0x00, 0x00, 0x00,
  0x01, 0x00, 0x00, 0x00, 0x16, 0x00, 0x00, 0x00, 0x3e, 0xfe, 0xff, 0xff,
  0x08, 0x00, 0x00, 0x00, 0x0c, 0x00, 0x00, 0x00, 0x01, 0x00, 0x00, 0x00,
  0x38, 0x00, 0x00, 0x00, 0x01, 0x00, 0x00, 0x00, 0x17, 0x00, 0x00, 0x00,
  0x5a, 0xfe, 0xff, 0xff, 0x08, 0x00, 0x00, 0x00, 0x0c, 0x00, 0x00, 0x00,
  0x01, 0x00, 0x00, 0x00, 0x37, 0x00, 0x00, 0x00, 0x01, 0x00, 0x00, 0x00,
  0x18, 0x00, 0x00, 0x00, 0x76, 0xfe, 0xff, 0xff, 0x08, 0x00, 0x00, 0x00,
  0x0c, 0x00, 0x00, 0x00, 0x01, 0x00, 0x00, 0x00, 0x36, 0x00, 0x00, 0x00,
  0x01, 0x00, 0x00, 0x00, 0x19, 0x00, 0x00, 0x00, 0x92, 0xfe, 0xff, 0xff,
  0x08, 0x00, 0x00, 0x00, 0x0c, 0x00, 0x00, 0x00, 0x01, 0x00, 0x00, 0x00,
  0x35, 0x00, 0x00, 0x00, 0x01, 0x00, 0x00, 0x00, 0x1a, 0x00, 0x00, 0x00,
  0xae, 0xfe, 0xff, 0xff, 0x08, 0x00, 0x00, 0x00, 0x0c, 0x00, 0x00, 0x00,
  0x01, 0x00, 0x00, 0x00, 0x34, 0x00, 0x00, 0x00, 0x01, 0x00, 0x00, 0x00,
  0x1b, 0x00, 0x00, 0x00, 0xca, 0xfe, 0xff, 0xff, 0x08, 0x00, 0x00, 0x00,
  0x0c, 0x00, 0x00, 0x00, 0x01, 0x00, 0x00, 0x00, 0x33, 0x00, 0x00, 0x00,
  0x01, 0x00, 0x00, 0x00, 0x1c, 0x00, 0x00, 0x00, 0xe6, 0xfe, 0xff, 0xff,
  0x08, 0x00, 0x00, 0x00, 0x0c, 0x00, 0x00, 0x00, 0x01, 0x00, 0x00, 0x00,
  0x32, 0x00, 0x00, 0x00, 0x01, 0x00, 0x00, 0x00, 0x1d, 0x00, 0x00, 0x00,
  0x02, 0xff, 0xff, 0xff, 0x08, 0x00, 0x00, 0x00, 0x0c, 0x00, 0x00, 0x00,
  0x01, 0x00, 0x00, 0x00, 0x31, 0x00, 0x00, 0x00, 0x01, 0x00, 0x00, 0x00,
  0x1e, 0x00, 0x00, 0x00, 0x1e, 0xff, 0xff, 0xff, 0x08, 0x00, 0x00, 0x00,
  0x0c, 0x00, 0x00, 0x00, 0x01, 0x00, 0x00, 0x00, 0x30, 0x00, 0x00, 0x00,
  0x01, 0x00, 0x00, 0x00, 0x1f, 0x00, 0x00, 0x00, 0x3a, 0xff, 0xff, 0xff,
  0x08, 0x00, 0x00, 0x00, 0x0c, 0x00, 0x00, 0x00, 0x01, 0x00, 0x00, 0x00,
  0x2f, 0x00, 0x00, 0x00, 0x01, 0x00, 0x00, 0x00, 0x20, 0x00, 0x00, 0x00,
  0x56, 0xff, 0xff, 0xff, 0x08, 0x00, 0x00, 0x00, 0x0c, 0x00, 0x00, 0x00,
  0x01, 0x00, 0x00, 0x00, 0x2e, 0x00, 0x00, 0x00, 0x01, 0x00, 0x00, 0x00,
  0x21, 0x00, 0x00, 0x00, 0x72, 0xff, 0xff, 0xff, 0x08, 0x00, 0x00, 0x00,
  0x0c, 0x00, 0x00, 0x00, 0x01, 0x00, 0x00, 0x00, 0x2d, 0x00, 0x00, 0x00,
  0x01, 0x00, 0x00, 0x00, 0x22, 0x00, 0x00, 0x00, 0x8e, 0xff, 0xff, 0xff,
  0x08, 0x00, 0x00, 0x00, 0x0c, 0x00, 0x00, 0x00, 0x01, 0x00, 0x00, 0x00,
  0x2c, 0x00, 0x00, 0x00, 0x01, 0x00, 0x00, 0x00, 0x23, 0x00, 0x00, 0x00,
  0xaa, 0xff, 0xff, 0xff, 0x08, 0x00, 0x00, 0x00, 0x0c, 0x00, 0x00, 0x00,
  0x01, 0x00, 0x00, 0x00, 0x2b, 0x00, 0x00, 0x00, 0x01, 0x00, 0x00, 0x00,
  0x24, 0x00, 0x00, 0x00, 0xc6, 0xff, 0xff, 0xff, 0x08, 0x00, 0x00, 0x00,
  0x0c, 0x00, 0x00, 0x00, 0x01, 0x00, 0x00, 0x00, 0x2a, 0x00, 0x00, 0x00,
  0x01, 0x00, 0x00, 0x00, 0x25, 0x00, 0x00, 0x00, 0xe2, 0xff, 0xff, 0xff,
  0x08, 0x00, 0x00, 0x00, 0x0c, 0x00, 0x00, 0x00, 0x01, 0x00, 0x00, 0x00,
  0x29, 0x00, 0x00, 0x00, 0x01, 0x00, 0x00, 0x00, 0x26, 0x00, 0x00, 0x00,
  0x00, 0x00, 0x0a, 0x00, 0x0c, 0x00, 0x00, 0x00, 0x08, 0x00, 0x04, 0x00,
  0x0a, 0x00, 0x00, 0x00, 0x08, 0x00, 0x00, 0x00, 0x0c, 0x00, 0x00, 0x00,
  0x01, 0x00, 0x00, 0x00, 0x28, 0x00, 0x00, 0x00, 0x01, 0x00, 0x00, 0x00,
  0x27, 0x00, 0x00, 0x00, 0x01, 0x00, 0x00, 0x00, 0x6b, 0x00, 0x00, 0x00,
  0x01, 0x00, 0x00, 0x00, 0x00, 0x00, 0x00, 0x00, 0x6c, 0x00, 0x00, 0x00,
  0xb0, 0x2a, 0x00, 0x00, 0xf4, 0x29, 0x00, 0x00, 0x74, 0x29, 0x00, 0x00,
  0x0c, 0x29, 0x00, 0x00, 0xd4, 0x28, 0x00, 0x00, 0x9c, 0x28, 0x00, 0x00,
  0x64, 0x28, 0x00, 0x00, 0x28, 0x28, 0x00, 0x00, 0xec, 0x27, 0x00, 0x00,
  0xb0, 0x27, 0x00, 0x00, 0x74, 0x27, 0x00, 0x00, 0x3c, 0x27, 0x00, 0x00,
  0x00, 0x27, 0x00, 0x00, 0xc4, 0x26, 0x00, 0x00, 0x88, 0x26, 0x00, 0x00,
  0x4c, 0x26, 0x00, 0x00, 0x10, 0x26, 0x00, 0x00, 0xd4, 0x25, 0x00, 0x00,
  0x98, 0x25, 0x00, 0x00, 0x5c, 0x25, 0x00, 0x00, 0x20, 0x25, 0x00, 0x00,
  0xe4, 0x24, 0x00, 0x00, 0x88, 0x24, 0x00, 0x00, 0x20, 0x24, 0x00, 0x00,
  0xb8, 0x23, 0x00, 0x00, 0x50, 0x23, 0x00, 0x00, 0xe8, 0x22, 0x00, 0x00,
  0x80, 0x22, 0x00, 0x00, 0x18, 0x22, 0x00, 0x00, 0xb0, 0x21, 0x00, 0x00,
  0x48, 0x21, 0x00, 0x00, 0xec, 0x20, 0x00, 0x00, 0x48, 0x20, 0x00, 0x00,
  0xa4, 0x1f, 0x00, 0x00, 0x00, 0x1f, 0x00, 0x00, 0x5c, 0x1e, 0x00, 0x00,
  0xb8, 0x1d, 0x00, 0x00, 0x14, 0x1d, 0x00, 0x00, 0x74, 0x1c, 0x00, 0x00,
  0xd4, 0x1b, 0x00, 0x00, 0x34, 0x1b, 0x00, 0x00, 0x94, 0x1a, 0x00, 0x00,
  0xf4, 0x19, 0x00, 0x00, 0x54, 0x19, 0x00, 0x00, 0xb4, 0x18, 0x00, 0x00,
  0x14, 0x18, 0x00, 0x00, 0x74, 0x17, 0x00, 0x00, 0xd4, 0x16, 0x00, 0x00,
  0x7c, 0x16, 0x00, 0x00, 0x14, 0x16, 0x00, 0x00, 0xac, 0x15, 0x00, 0x00,
  0x44, 0x15, 0x00, 0x00, 0xdc, 0x14, 0x00, 0x00, 0x74, 0x14, 0x00, 0x00,
  0x0c, 0x14, 0x00, 0x00, 0xa4, 0x13, 0x00, 0x00, 0x3c, 0x13, 0x00, 0x00,
  0xe4, 0x12, 0x00, 0x00, 0xac, 0x12, 0x00, 0x00, 0x74, 0x12, 0x00, 0x00,
  0x3c, 0x12, 0x00, 0x00, 0x04, 0x12, 0x00, 0x00, 0xcc, 0x11, 0x00, 0x00,
  0x94, 0x11, 0x00, 0x00, 0x5c, 0x11, 0x00, 0x00, 0x24, 0x11, 0x00, 0x00,
  0xec, 0x10, 0x00, 0x00, 0xb4, 0x10, 0x00, 0x00, 0x7c, 0x10, 0x00, 0x00,
  0x44, 0x10, 0x00, 0x00, 0x0c, 0x10, 0x00, 0x00, 0xd4, 0x0f, 0x00, 0x00,
  0x9c, 0x0f, 0x00, 0x00, 0x64, 0x0f, 0x00, 0x00, 0x2c, 0x0f, 0x00, 0x00,
  0xf4, 0x0e, 0x00, 0x00, 0x8c, 0x0e, 0x00, 0x00, 0xec, 0x0d, 0x00, 0x00,
  0x40, 0x0d, 0x00, 0x00, 0xe4, 0x0c, 0x00, 0x00, 0x80, 0x0c, 0x00, 0x00,
  0xd4, 0x0b, 0x00, 0x00, 0x78, 0x0b, 0x00, 0x00, 0x14, 0x0b, 0x00, 0x00,
  0x68, 0x0a, 0x00, 0x00, 0x0c, 0x0a, 0x00, 0x00, 0xa8, 0x09, 0x00, 0x00,
  0xfc, 0x08, 0x00, 0x00, 0xa0, 0x08, 0x00, 0x00, 0x3c, 0x08, 0x00, 0x00,
  0x90, 0x07, 0x00, 0x00, 0x34, 0x07, 0x00, 0x00, 0xd0, 0x06, 0x00, 0x00,
  0x24, 0x06, 0x00, 0x00, 0xc8, 0x05, 0x00, 0x00, 0x64, 0x05, 0x00, 0x00,
  0xb8, 0x04, 0x00, 0x00, 0x5c, 0x04, 0x00, 0x00, 0xf8, 0x03, 0x00, 0x00,
  0x4c, 0x03, 0x00, 0x00, 0xf0, 0x02, 0x00, 0x00, 0x8c, 0x02, 0x00, 0x00,
  0xe0, 0x01, 0x00, 0x00, 0x84, 0x01, 0x00, 0x00, 0x20, 0x01, 0x00, 0x00,
  0xc8, 0x00, 0x00, 0x00, 0x48, 0x00, 0x00, 0x00, 0x04, 0x00, 0x00, 0x00,
  0x16, 0xd7, 0xff, 0xff, 0x00, 0x00, 0x00, 0x01, 0x10, 0x00, 0x00, 0x00,
  0x10, 0x00, 0x00, 0x00, 0x6c, 0x00, 0x00, 0x00, 0x20, 0x00, 0x00, 0x00,
  0x88, 0xd6, 0xff, 0xff, 0x11, 0x00, 0x00, 0x00, 0x50, 0x61, 0x72, 0x74,
  0x69, 0x74, 0x69, 0x6f, 0x6e, 0x65, 0x64, 0x43, 0x61, 0x6c, 0x6c, 0x3a,
  0x30, 0x00, 0x00, 0x00, 0x02, 0x00, 0x00, 0x00, 0x01, 0x00, 0x00, 0x00,
  0x07, 0x00, 0x00, 0x00, 0x56, 0xd7, 0xff, 0xff, 0x00, 0x00, 0x00, 0x01,
  0x10, 0x00, 0x00, 0x00, 0x10, 0x00, 0x00, 0x00, 0x6b, 0x00, 0x00, 0x00,
  0x5c, 0x00, 0x00, 0x00, 0xc8, 0xd6, 0xff, 0xff, 0x4d, 0x00, 0x00, 0x00,
  0x6d, 0x6f, 0x64, 0x65, 0x6c, 0x5f, 0x32, 0x39, 0x39, 0x2f, 0x74, 0x66,
  0x2e, 0x6c, 0x69, 0x6e, 0x61, 0x6c, 0x67, 0x2e, 0x6d, 0x61, 0x74, 0x6d,
  0x75, 0x6c, 0x5f, 0x37, 0x39, 0x2f, 0x4d, 0x61, 0x74, 0x4d, 0x75, 0x6c,
  0x3b, 0x6d, 0x6f, 0x64, 0x65, 0x6c, 0x5f, 0x32, 0x39, 0x39, 0x2f, 0x74,
  0x66, 0x2e, 0x5f, 0x5f, 0x6f, 0x70, 0x65, 0x72, 0x61, 0x74, 0x6f, 0x72,
  0x73, 0x5f, 0x5f, 0x2e, 0x61, 0x64, 0x64, 0x5f, 0x32, 0x39, 0x39, 0x2f,
  0x41, 0x64, 0x64, 0x56, 0x32, 0x00, 0x00, 0x00, 0x02, 0x00, 0x00, 0x00,
  0x01, 0x00, 0x00, 0x00, 0x07, 0x00, 0x00, 0x00, 0xd2, 0xd7, 0xff, 0xff,
  0x00, 0x00, 0x00, 0x01, 0x10, 0x00, 0x00, 0x00, 0x10, 0x00, 0x00, 0x00,
  0x6a, 0x00, 0x00, 0x00, 0x34, 0x00, 0x00, 0x00, 0x44, 0xd7, 0xff, 0xff,
  0x25, 0x00, 0x00, 0x00, 0x6d, 0x6f, 0x64, 0x65, 0x6c, 0x5f, 0x32, 0x39,
  0x39, 0x2f, 0x74, 0x66, 0x2e, 0x6d, 0x61, 0x74, 0x68, 0x2e, 0x72, 0x65,
  0x64, 0x75, 0x63, 0x65, 0x5f, 0x6d, 0x65, 0x61, 0x6e, 0x5f, 0x37, 0x39,
  0x2f, 0x4d, 0x65, 0x61, 0x6e, 0x00, 0x00, 0x00, 0x02, 0x00, 0x00, 0x00,
  0x01, 0x00, 0x00, 0x00, 0x10, 0x00, 0x00, 0x00, 0x26, 0xd8, 0xff, 0xff,
  0x00, 0x00, 0x00, 0x01, 0x10, 0x00, 0x00, 0x00, 0x10, 0x00, 0x00, 0x00,
  0x69, 0x00, 0x00, 0x00, 0x38, 0x00, 0x00, 0x00, 0x98, 0xd7, 0xff, 0xff,
  0x28, 0x00, 0x00, 0x00, 0x6d, 0x6f, 0x64, 0x65, 0x6c, 0x5f, 0x32, 0x39,
  0x39, 0x2f, 0x74, 0x66, 0x2e, 0x5f, 0x5f, 0x6f, 0x70, 0x65, 0x72, 0x61,
  0x74, 0x6f, 0x72, 0x73, 0x5f, 0x5f, 0x2e, 0x61, 0x64, 0x64, 0x5f, 0x32,
  0x39, 0x38, 0x2f, 0x41, 0x64, 0x64, 0x56, 0x32, 0x00, 0x00, 0x00, 0x00,
  0x04, 0x00, 0x00, 0x00, 0x01, 0x00, 0x00, 0x00, 0x05, 0x00, 0x00, 0x00,
  0x01, 0x00, 0x00, 0x00, 0x10, 0x00, 0x00, 0x00, 0x86, 0xd8, 0xff, 0xff,
  0x00, 0x00, 0x00, 0x01, 0x10, 0x00, 0x00, 0x00, 0x10, 0x00, 0x00, 0x00,
  0x68, 0x00, 0x00, 0x00, 0x30, 0x00, 0x00, 0x00, 0xf8, 0xd7, 0xff, 0xff,
  0x22, 0x00, 0x00, 0x00, 0x6d, 0x6f, 0x64, 0x65, 0x6c, 0x5f, 0x32, 0x39,
  0x39, 0x2f, 0x74, 0x66, 0x2e, 0x6d, 0x61, 0x74, 0x68, 0x2e, 0x6d, 0x75,
  0x6c, 0x74, 0x69, 0x70, 0x6c, 0x79, 0x5f, 0x32, 0x39, 0x38, 0x2f, 0x4d,
  0x75, 0x6c, 0x00, 0x00, 0x04, 0x00, 0x00, 0x00, 0x01, 0x00, 0x00, 0x00,
  0x05, 0x00, 0x00, 0x00, 0x01, 0x00, 0x00, 0x00, 0x10, 0x00, 0x00, 0x00,
  0xde, 0xd8, 0xff, 0xff, 0x00, 0x00, 0x00, 0x01, 0x10, 0x00, 0x00, 0x00,
  0x10, 0x00, 0x00, 0x00, 0x67, 0x00, 0x00, 0x00, 0x80, 0x00, 0x00, 0x00,
  0x50, 0xd8, 0xff, 0xff, 0x70, 0x00, 0x00, 0x00, 0x6d, 0x6f, 0x64, 0x65,
  0x6c, 0x5f, 0x32, 0x39, 0x39, 0x2f, 0x74, 0x66, 0x2e, 0x6e, 0x6e, 0x2e,
  0x72, 0x65, 0x6c, 0x75, 0x5f, 0x34, 0x33, 0x39, 0x2f, 0x52, 0x65, 0x6c,
  0x75, 0x3b, 0x6d, 0x6f, 0x64, 0x65, 0x6c, 0x5f, 0x32, 0x39, 0x39, 0x2f,
  0x74, 0x66, 0x2e, 0x6d, 0x61, 0x74, 0x68, 0x2e, 0x61, 0x64, 0x64, 0x5f,
  0x34, 0x33, 0x39, 0x2f, 0x41, 0x64, 0x64, 0x3b, 0x6d, 0x6f, 0x64, 0x65,
  0x6c, 0x5f, 0x32, 0x39, 0x39, 0x2f, 0x74, 0x66, 0x2e, 0x6e, 0x6e, 0x2e,
  0x63, 0x6f, 0x6e, 0x76, 0x6f, 0x6c, 0x75, 0x74, 0x69, 0x6f, 0x6e, 0x5f,
  0x34, 0x33, 0x39, 0x2f, 0x63, 0x6f, 0x6e, 0x76, 0x6f, 0x6c, 0x75, 0x74,
  0x69, 0x6f, 0x6e, 0x3b, 0x43, 0x6f, 0x6e, 0x73, 0x74, 0x5f, 0x35, 0x32,
  0x00, 0x00, 0x00, 0x00, 0x04, 0x00, 0x00, 0x00, 0x01, 0x00, 0x00, 0x00,
  0x05, 0x00, 0x00, 0x00, 0x01, 0x00, 0x00, 0x00, 0x10, 0x00, 0x00, 0x00,
  0x86, 0xd9, 0xff, 0xff, 0x00, 0x00, 0x00, 0x01, 0x10, 0x00, 0x00, 0x00,
  0x10, 0x00, 0x00, 0x00, 0x66, 0x00, 0x00, 0x00, 0x38, 0x00, 0x00, 0x00,
  0xf8, 0xd8, 0xff, 0xff, 0x28, 0x00, 0x00, 0x00, 0x6d, 0x6f, 0x64, 0x65,
  0x6c, 0x5f, 0x32, 0x39, 0x39, 0x2f, 0x74, 0x66, 0x2e, 0x5f, 0x5f, 0x6f,
  0x70, 0x65, 0x72, 0x61, 0x74, 0x6f, 0x72, 0x73, 0x5f, 0x5f, 0x2e, 0x61,
  0x64, 0x64, 0x5f, 0x32, 0x39, 0x37, 0x2f, 0x41, 0x64, 0x64, 0x56, 0x32,
  0x00, 0x00, 0x00, 0x00, 0x04, 0x00, 0x00, 0x00, 0x01, 0x00, 0x00, 0x00,
  0x05, 0x00, 0x00, 0x00, 0x01, 0x00, 0x00, 0x00, 0x10, 0x00, 0x00, 0x00,
  0xe6, 0xd9, 0xff, 0xff, 0x00, 0x00, 0x00, 0x01, 0x10, 0x00, 0x00, 0x00,
  0x10, 0x00, 0x00, 0x00, 0x65, 0x00, 0x00, 0x00, 0x30, 0x00, 0x00, 0x00,
  0x58, 0xd9, 0xff, 0xff, 0x22, 0x00, 0x00, 0x00, 0x6d, 0x6f, 0x64, 0x65,
  0x6c, 0x5f, 0x32, 0x39, 0x39, 0x2f, 0x74, 0x66, 0x2e, 0x6d, 0x61, 0x74,
  0x68, 0x2e, 0x6d, 0x75, 0x6c, 0x74, 0x69, 0x70, 0x6c, 0x79, 0x5f, 0x32,
  0x39, 0x37, 0x2f, 0x4d, 0x75, 0x6c, 0x00, 0x00, 0x04, 0x00, 0x00, 0x00,
  0x01, 0x00, 0x00, 0x00, 0x05, 0x00, 0x00, 0x00, 0x01, 0x00, 0x00, 0x00,
  0x10, 0x00, 0x00, 0x00, 0x3e, 0xda, 0xff, 0xff, 0x00, 0x00, 0x00, 0x01,
  0x10, 0x00, 0x00, 0x00, 0x10, 0x00, 0x00, 0x00, 0x64, 0x00, 0x00, 0x00,
  0x80, 0x00, 0x00, 0x00, 0xb0, 0xd9, 0xff, 0xff, 0x70, 0x00, 0x00, 0x00,
  0x6d, 0x6f, 0x64, 0x65, 0x6c, 0x5f, 0x32, 0x39, 0x39, 0x2f, 0x74, 0x66,
  0x2e, 0x6e, 0x6e, 0x2e, 0x72, 0x65, 0x6c, 0x75, 0x5f, 0x34, 0x33, 0x38,
  0x2f, 0x52, 0x65, 0x6c, 0x75, 0x3b, 0x6d, 0x6f, 0x64, 0x65, 0x6c, 0x5f,
  0x32, 0x39, 0x39, 0x2f, 0x74, 0x66, 0x2e, 0x6d, 0x61, 0x74, 0x68, 0x2e,
  0x61, 0x64, 0x64, 0x5f, 0x34, 0x33, 0x38, 0x2f, 0x41, 0x64, 0x64, 0x3b,
  0x6d, 0x6f, 0x64, 0x65, 0x6c, 0x5f, 0x32, 0x39, 0x39, 0x2f, 0x74, 0x66,
  0x2e, 0x6e, 0x6e, 0x2e, 0x63, 0x6f, 0x6e, 0x76, 0x6f, 0x6c, 0x75, 0x74,
  0x69, 0x6f, 0x6e, 0x5f, 0x34, 0x33, 0x38, 0x2f, 0x63, 0x6f, 0x6e, 0x76,
  0x6f, 0x6c, 0x75, 0x74, 0x69, 0x6f, 0x6e, 0x3b, 0x43, 0x6f, 0x6e, 0x73,
  0x74, 0x5f, 0x39, 0x32, 0x00, 0x00, 0x00, 0x00, 0x04, 0x00, 0x00, 0x00,
  0x01, 0x00, 0x00, 0x00, 0x05, 0x00, 0x00, 0x00, 0x01, 0x00, 0x00, 0x00,
  0x10, 0x00, 0x00, 0x00, 0xe6, 0xda, 0xff, 0xff, 0x00, 0x00, 0x00, 0x01,
  0x10, 0x00, 0x00, 0x00, 0x10, 0x00, 0x00, 0x00, 0x63, 0x00, 0x00, 0x00,
  0x38, 0x00, 0x00, 0x00, 0x58, 0xda, 0xff, 0xff, 0x28, 0x00, 0x00, 0x00,
  0x6d, 0x6f, 0x64, 0x65, 0x6c, 0x5f, 0x32, 0x39, 0x39, 0x2f, 0x74, 0x66,
  0x2e, 0x5f, 0x5f, 0x6f, 0x70, 0x65, 0x72, 0x61, 0x74, 0x6f, 0x72, 0x73,
  0x5f, 0x5f, 0x2e, 0x61, 0x64, 0x64, 0x5f, 0x32, 0x39, 0x36, 0x2f, 0x41,
  0x64, 0x64, 0x56, 0x32, 0x00, 0x00, 0x00, 0x00, 0x04, 0x00, 0x00, 0x00,
  0x01, 0x00, 0x00, 0x00, 0x05, 0x00, 0x00, 0x00, 0x01, 0x00, 0x00, 0x00,
  0x10, 0x00, 0x00, 0x00, 0x46, 0xdb, 0xff, 0xff, 0x00, 0x00, 0x00, 0x01,
  0x10, 0x00, 0x00, 0x00, 0x10, 0x00, 0x00, 0x00, 0x62, 0x00, 0x00, 0x00,
  0x30, 0x00, 0x00, 0x00, 0xb8, 0xda, 0xff, 0xff, 0x22, 0x00, 0x00, 0x00,
  0x6d, 0x6f, 0x64, 0x65, 0x6c, 0x5f, 0x32, 0x39, 0x39, 0x2f, 0x74, 0x66,
  0x2e, 0x6d, 0x61, 0x74, 0x68, 0x2e, 0x6d, 0x75, 0x6c, 0x74, 0x69, 0x70,
  0x6c, 0x79, 0x5f, 0x32, 0x39, 0x36, 0x2f, 0x4d, 0x75, 0x6c, 0x00, 0x00,
  0x04, 0x00, 0x00, 0x00, 0x01, 0x00, 0x00, 0x00, 0x05, 0x00, 0x00, 0x00,
  0x01, 0x00, 0x00, 0x00, 0x10, 0x00, 0x00, 0x00, 0x9e, 0xdb, 0xff, 0xff,
  0x00, 0x00, 0x00, 0x01, 0x10, 0x00, 0x00, 0x00, 0x10, 0x00, 0x00, 0x00,
  0x61, 0x00, 0x00, 0x00, 0x80, 0x00, 0x00, 0x00, 0x10, 0xdb, 0xff, 0xff,
  0x71, 0x00, 0x00, 0x00, 0x6d, 0x6f, 0x64, 0x65, 0x6c, 0x5f, 0x32, 0x39,
  0x39, 0x2f, 0x74, 0x66, 0x2e, 0x6e, 0x6e, 0x2e, 0x72, 0x65, 0x6c, 0x75,
  0x5f, 0x34, 0x33, 0x37, 0x2f, 0x52, 0x65, 0x6c, 0x75, 0x3b, 0x6d, 0x6f,
  0x64, 0x65, 0x6c, 0x5f, 0x32, 0x39, 0x39, 0x2f, 0x74, 0x66, 0x2e, 0x6d,
  0x61, 0x74, 0x68, 0x2e, 0x61, 0x64, 0x64, 0x5f, 0x34, 0x33, 0x37, 0x2f,
  0x41, 0x64, 0x64, 0x3b, 0x6d, 0x6f, 0x64, 0x65, 0x6c, 0x5f, 0x32, 0x39,
  0x39, 0x2f, 0x74, 0x66, 0x2e, 0x6e, 0x6e, 0x2e, 0x63, 0x6f, 0x6e, 0x76,
  0x6f, 0x6c, 0x75, 0x74, 0x69, 0x6f, 0x6e, 0x5f, 0x34, 0x33, 0x37, 0x2f,
  0x63, 0x6f, 0x6e, 0x76, 0x6f, 0x6c, 0x75, 0x74, 0x69, 0x6f, 0x6e, 0x3b,
  0x43, 0x6f, 0x6e, 0x73, 0x74, 0x5f, 0x31, 0x33, 0x32, 0x00, 0x00, 0x00,
  0x04, 0x00, 0x00, 0x00, 0x01, 0x00, 0x00, 0x00, 0x05, 0x00, 0x00, 0x00,
  0x01, 0x00, 0x00, 0x00, 0x10, 0x00, 0x00, 0x00, 0x46, 0xdc, 0xff, 0xff,
  0x00, 0x00, 0x00, 0x01, 0x10, 0x00, 0x00, 0x00, 0x10, 0x00, 0x00, 0x00,
  0x60, 0x00, 0x00, 0x00, 0x38, 0x00, 0x00, 0x00, 0xb8, 0xdb, 0xff, 0xff,
  0x28, 0x00, 0x00, 0x00, 0x6d, 0x6f, 0x64, 0x65, 0x6c, 0x5f, 0x32, 0x39,
  0x39, 0x2f, 0x74, 0x66, 0x2e, 0x5f, 0x5f, 0x6f, 0x70, 0x65, 0x72, 0x61,
  0x74, 0x6f, 0x72, 0x73, 0x5f, 0x5f, 0x2e, 0x61, 0x64, 0x64, 0x5f, 0x32,
  0x39, 0x35, 0x2f, 0x41, 0x64, 0x64, 0x56, 0x32, 0x00, 0x00, 0x00, 0x00,
  0x04, 0x00, 0x00, 0x00, 0x01, 0x00, 0x00, 0x00, 0x05, 0x00, 0x00, 0x00,
  0x01, 0x00, 0x00, 0x00, 0x10, 0x00, 0x00, 0x00, 0xa6, 0xdc, 0xff, 0xff,
  0x00, 0x00, 0x00, 0x01, 0x10, 0x00, 0x00, 0x00, 0x10, 0x00, 0x00, 0x00,
  0x5f, 0x00, 0x00, 0x00, 0x30, 0x00, 0x00, 0x00, 0x18, 0xdc, 0xff, 0xff,
  0x22, 0x00, 0x00, 0x00, 0x6d, 0x6f, 0x64, 0x65, 0x6c, 0x5f, 0x32, 0x39,
  0x39, 0x2f, 0x74, 0x66, 0x2e, 0x6d, 0x61, 0x74, 0x68, 0x2e, 0x6d, 0x75,
  0x6c, 0x74, 0x69, 0x70, 0x6c, 0x79, 0x5f, 0x32, 0x39, 0x35, 0x2f, 0x4d,
  0x75, 0x6c, 0x00, 0x00, 0x04, 0x00, 0x00, 0x00, 0x01, 0x00, 0x00, 0x00,
  0x05, 0x00, 0x00, 0x00, 0x01, 0x00, 0x00, 0x00, 0x10, 0x00, 0x00, 0x00,
  0xfe, 0xdc, 0xff, 0xff, 0x00, 0x00, 0x00, 0x01, 0x10, 0x00, 0x00, 0x00,
  0x10, 0x00, 0x00, 0x00, 0x5e, 0x00, 0x00, 0x00, 0x80, 0x00, 0x00, 0x00,
  0x70, 0xdc, 0xff, 0xff, 0x71, 0x00, 0x00, 0x00, 0x6d, 0x6f, 0x64, 0x65,
  0x6c, 0x5f, 0x32, 0x39, 0x39, 0x2f, 0x74, 0x66, 0x2e, 0x6e, 0x6e, 0x2e,
  0x72, 0x65, 0x6c, 0x75, 0x5f, 0x34, 0x33, 0x36, 0x2f, 0x52, 0x65, 0x6c,
  0x75, 0x3b, 0x6d, 0x6f, 0x64, 0x65, 0x6c, 0x5f, 0x32, 0x39, 0x39, 0x2f,
  0x74, 0x66, 0x2e, 0x6d, 0x61, 0x74, 0x68, 0x2e, 0x61, 0x64, 0x64, 0x5f,
  0x34, 0x33, 0x36, 0x2f, 0x41, 0x64, 0x64, 0x3b, 0x6d, 0x6f, 0x64, 0x65,
  0x6c, 0x5f, 0x32, 0x39, 0x39, 0x2f, 0x74, 0x66, 0x2e, 0x6e, 0x6e, 0x2e,
  0x63, 0x6f, 0x6e, 0x76, 0x6f, 0x6c, 0x75, 0x74, 0x69, 0x6f, 0x6e, 0x5f,
  0x34, 0x33, 0x36, 0x2f, 0x63, 0x6f, 0x6e, 0x76, 0x6f, 0x6c, 0x75, 0x74,
  0x69, 0x6f, 0x6e, 0x3b, 0x43, 0x6f, 0x6e, 0x73, 0x74, 0x5f, 0x31, 0x37,
  0x32, 0x00, 0x00, 0x00, 0x04, 0x00, 0x00, 0x00, 0x01, 0x00, 0x00, 0x00,
  0x05, 0x00, 0x00, 0x00, 0x01, 0x00, 0x00, 0x00, 0x10, 0x00, 0x00, 0x00,
  0xa6, 0xdd, 0xff, 0xff, 0x00, 0x00, 0x00, 0x01, 0x10, 0x00, 0x00, 0x00,
  0x10, 0x00, 0x00, 0x00, 0x5d, 0x00, 0x00, 0x00, 0x38, 0x00, 0x00, 0x00,
  0x18, 0xdd, 0xff, 0xff, 0x28, 0x00, 0x00, 0x00, 0x6d, 0x6f, 0x64, 0x65,
  0x6c, 0x5f, 0x32, 0x39, 0x39, 0x2f, 0x74, 0x66, 0x2e, 0x5f, 0x5f, 0x6f,
  0x70, 0x65, 0x72, 0x61, 0x74, 0x6f, 0x72, 0x73, 0x5f, 0x5f, 0x2e, 0x61,
  0x64, 0x64, 0x5f, 0x32, 0x39, 0x34, 0x2f, 0x41, 0x64, 0x64, 0x56, 0x32,
  0x00, 0x00, 0x00, 0x00, 0x04, 0x00, 0x00, 0x00, 0x01, 0x00, 0x00, 0x00,
  0x05, 0x00, 0x00, 0x00, 0x01, 0x00, 0x00, 0x00, 0x10, 0x00, 0x00, 0x00,
  0x06, 0xde, 0xff, 0xff, 0x00, 0x00, 0x00, 0x01, 0x10, 0x00, 0x00, 0x00,
  0x10, 0x00, 0x00, 0x00, 0x5c, 0x00, 0x00, 0x00, 0x30, 0x00, 0x00, 0x00,
  0x78, 0xdd, 0xff, 0xff, 0x22, 0x00, 0x00, 0x00, 0x6d, 0x6f, 0x64, 0x65,
  0x6c, 0x5f, 0x32, 0x39, 0x39, 0x2f, 0x74, 0x66, 0x2e, 0x6d, 0x61, 0x74,
  0x68, 0x2e, 0x6d, 0x75, 0x6c, 0x74, 0x69, 0x70, 0x6c, 0x79, 0x5f, 0x32,
  0x39, 0x34, 0x2f, 0x4d, 0x75, 0x6c, 0x00, 0x00, 0x04, 0x00, 0x00, 0x00,
  0x01, 0x00, 0x00, 0x00, 0x05, 0x00, 0x00, 0x00, 0x01, 0x00, 0x00, 0x00,
  0x10, 0x00, 0x00, 0x00, 0x5e, 0xde, 0xff, 0xff, 0x00, 0x00, 0x00, 0x01,
  0x10, 0x00, 0x00, 0x00, 0x10, 0x00, 0x00, 0x00, 0x5b, 0x00, 0x00, 0x00,
  0x80, 0x00, 0x00, 0x00, 0xd0, 0xdd, 0xff, 0xff, 0x71, 0x00, 0x00, 0x00,
  0x6d, 0x6f, 0x64, 0x65, 0x6c, 0x5f, 0x32, 0x39, 0x39, 0x2f, 0x74, 0x66,
  0x2e, 0x6e, 0x6e, 0x2e, 0x72, 0x65, 0x6c, 0x75, 0x5f, 0x34, 0x33, 0x35,
  0x2f, 0x52, 0x65, 0x6c, 0x75, 0x3b, 0x6d, 0x6f, 0x64, 0x65, 0x6c, 0x5f,
  0x32, 0x39, 0x39, 0x2f, 0x74, 0x66, 0x2e, 0x6d, 0x61, 0x74, 0x68, 0x2e,
  0x61, 0x64, 0x64, 0x5f, 0x34, 0x33, 0x35, 0x2f, 0x41, 0x64, 0x64, 0x3b,
  0x6d, 0x6f, 0x64, 0x65, 0x6c, 0x5f, 0x32, 0x39, 0x39, 0x2f, 0x74, 0x66,
  0x2e, 0x6e, 0x6e, 0x2e, 0x63, 0x6f, 0x6e, 0x76, 0x6f, 0x6c, 0x75, 0x74,
  0x69, 0x6f, 0x6e, 0x5f, 0x34, 0x33, 0x35, 0x2f, 0x63, 0x6f, 0x6e, 0x76,
  0x6f, 0x6c, 0x75, 0x74, 0x69, 0x6f, 0x6e, 0x3b, 0x43, 0x6f, 0x6e, 0x73,
  0x74, 0x5f, 0x32, 0x31, 0x32, 0x00, 0x00, 0x00, 0x04, 0x00, 0x00, 0x00,
  0x01, 0x00, 0x00, 0x00, 0x05, 0x00, 0x00, 0x00, 0x01, 0x00, 0x00, 0x00,
  0x10, 0x00, 0x00, 0x00, 0x06, 0xdf, 0xff, 0xff, 0x00, 0x00, 0x00, 0x01,
  0x10, 0x00, 0x00, 0x00, 0x10, 0x00, 0x00, 0x00, 0x5a, 0x00, 0x00, 0x00,
  0x38, 0x00, 0x00, 0x00, 0x78, 0xde, 0xff, 0xff, 0x28, 0x00, 0x00, 0x00,
  0x6d, 0x6f, 0x64, 0x65, 0x6c, 0x5f, 0x32, 0x39, 0x39, 0x2f, 0x74, 0x66,
  0x2e, 0x5f, 0x5f, 0x6f, 0x70, 0x65, 0x72, 0x61, 0x74, 0x6f, 0x72, 0x73,
  0x5f, 0x5f, 0x2e, 0x61, 0x64, 0x64, 0x5f, 0x32, 0x39, 0x33, 0x2f, 0x41,
  0x64, 0x64, 0x56, 0x32, 0x00, 0x00, 0x00, 0x00, 0x04, 0x00, 0x00, 0x00,
  0x01, 0x00, 0x00, 0x00, 0x05, 0x00, 0x00, 0x00, 0x01, 0x00, 0x00, 0x00,
  0x10, 0x00, 0x00, 0x00, 0x66, 0xdf, 0xff, 0xff, 0x00, 0x00, 0x00, 0x01,
  0x10, 0x00, 0x00, 0x00, 0x10, 0x00, 0x00, 0x00, 0x59, 0x00, 0x00, 0x00,
  0x30, 0x00, 0x00, 0x00, 0xd8, 0xde, 0xff, 0xff, 0x22, 0x00, 0x00, 0x00,
  0x6d, 0x6f, 0x64, 0x65, 0x6c, 0x5f, 0x32, 0x39, 0x39, 0x2f, 0x74, 0x66,
  0x2e, 0x6d, 0x61, 0x74, 0x68, 0x2e, 0x6d, 0x75, 0x6c, 0x74, 0x69, 0x70,
  0x6c, 0x79, 0x5f, 0x32, 0x39, 0x33, 0x2f, 0x4d, 0x75, 0x6c, 0x00, 0x00,
  0x04, 0x00, 0x00, 0x00, 0x01, 0x00, 0x00, 0x00, 0x05, 0x00, 0x00, 0x00,
  0x01, 0x00, 0x00, 0x00, 0x10, 0x00, 0x00, 0x00, 0xbe, 0xdf, 0xff, 0xff,
  0x00, 0x00, 0x00, 0x01, 0x10, 0x00, 0x00, 0x00, 0x10, 0x00, 0x00, 0x00,
  0x58, 0x00, 0x00, 0x00, 0x80, 0x00, 0x00, 0x00, 0x30, 0xdf, 0xff, 0xff,
  0x71, 0x00, 0x00, 0x00, 0x6d, 0x6f, 0x64, 0x65, 0x6c, 0x5f, 0x32, 0x39,
  0x39, 0x2f, 0x74, 0x66, 0x2e, 0x6e, 0x6e, 0x2e, 0x72, 0x65, 0x6c, 0x75,
  0x5f, 0x34, 0x33, 0x34, 0x2f, 0x52, 0x65, 0x6c, 0x75, 0x3b, 0x6d, 0x6f,
  0x64, 0x65, 0x6c, 0x5f, 0x32, 0x39, 0x39, 0x2f, 0x74, 0x66, 0x2e, 0x6d,
  0x61, 0x74, 0x68, 0x2e, 0x61, 0x64, 0x64, 0x5f, 0x34, 0x33, 0x34, 0x2f,
  0x41, 0x64, 0x64, 0x3b, 0x6d, 0x6f, 0x64, 0x65, 0x6c, 0x5f, 0x32, 0x39,
  0x39, 0x2f, 0x74, 0x66, 0x2e, 0x6e, 0x6e, 0x2e, 0x63, 0x6f, 0x6e, 0x76,
  0x6f, 0x6c, 0x75, 0x74, 0x69, 0x6f, 0x6e, 0x5f, 0x34, 0x33, 0x34, 0x2f,
  0x63, 0x6f, 0x6e, 0x76, 0x6f, 0x6c, 0x75, 0x74, 0x69, 0x6f, 0x6e, 0x3b,
  0x43, 0x6f, 0x6e, 0x73, 0x74, 0x5f, 0x32, 0x35, 0x32, 0x00, 0x00, 0x00,
  0x04, 0x00, 0x00, 0x00, 0x01, 0x00, 0x00, 0x00, 0x05, 0x00, 0x00, 0x00,
  0x01, 0x00, 0x00, 0x00, 0x10, 0x00, 0x00, 0x00, 0x66, 0xe0, 0xff, 0xff,
  0x00, 0x00, 0x00, 0x01, 0x10, 0x00, 0x00, 0x00, 0x10, 0x00, 0x00, 0x00,
  0x57, 0x00, 0x00, 0x00, 0x38, 0x00, 0x00, 0x00, 0xd8, 0xdf, 0xff, 0xff,
  0x28, 0x00, 0x00, 0x00, 0x6d, 0x6f, 0x64, 0x65, 0x6c, 0x5f, 0x32, 0x39,
  0x39, 0x2f, 0x74, 0x66, 0x2e, 0x5f, 0x5f, 0x6f, 0x70, 0x65, 0x72, 0x61,
  0x74, 0x6f, 0x72, 0x73, 0x5f, 0x5f, 0x2e, 0x61, 0x64, 0x64, 0x5f, 0x32,
  0x39, 0x32, 0x2f, 0x41, 0x64, 0x64, 0x56, 0x32, 0x00, 0x00, 0x00, 0x00,
  0x04, 0x00, 0x00, 0x00, 0x01, 0x00, 0x00, 0x00, 0x05, 0x00, 0x00, 0x00,
  0x01, 0x00, 0x00, 0x00, 0x10, 0x00, 0x00, 0x00, 0xc6, 0xe0, 0xff, 0xff,
  0x00, 0x00, 0x00, 0x01, 0x10, 0x00, 0x00, 0x00, 0x10, 0x00, 0x00, 0x00,
  0x56, 0x00, 0x00, 0x00, 0x30, 0x00, 0x00, 0x00, 0x38, 0xe0, 0xff, 0xff,
  0x22, 0x00, 0x00, 0x00, 0x6d, 0x6f, 0x64, 0x65, 0x6c, 0x5f, 0x32, 0x39,
  0x39, 0x2f, 0x74, 0x66, 0x2e, 0x6d, 0x61, 0x74, 0x68, 0x2e, 0x6d, 0x75,
  0x6c, 0x74, 0x69, 0x70, 0x6c, 0x79, 0x5f, 0x32, 0x39, 0x32, 0x2f, 0x4d,
  0x75, 0x6c, 0x00, 0x00, 0x04, 0x00, 0x00, 0x00, 0x01, 0x00, 0x00, 0x00,
  0x05, 0x00, 0x00, 0x00, 0x01, 0x00, 0x00, 0x00, 0x10, 0x00, 0x00, 0x00,
  0x1e, 0xe1, 0xff, 0xff, 0x00, 0x00, 0x00, 0x01, 0x10, 0x00, 0x00, 0x00,
  0x10, 0x00, 0x00, 0x00, 0x55, 0x00, 0x00, 0x00, 0x80, 0x00, 0x00, 0x00,
  0x90, 0xe0, 0xff, 0xff, 0x71, 0x00, 0x00, 0x00, 0x6d, 0x6f, 0x64, 0x65,
  0x6c, 0x5f, 0x32, 0x39, 0x39, 0x2f, 0x74, 0x66, 0x2e, 0x6e, 0x6e, 0x2e,
  0x72, 0x65, 0x6c, 0x75, 0x5f, 0x34, 0x33, 0x33, 0x2f, 0x52, 0x65, 0x6c,
  0x75, 0x3b, 0x6d, 0x6f, 0x64, 0x65, 0x6c, 0x5f, 0x32, 0x39, 0x39, 0x2f,
  0x74, 0x66, 0x2e, 0x6d, 0x61, 0x74, 0x68, 0x2e, 0x61, 0x64, 0x64, 0x5f,
  0x34, 0x33, 0x33, 0x2f, 0x41, 0x64, 0x64, 0x3b, 0x6d, 0x6f, 0x64, 0x65,
  0x6c, 0x5f, 0x32, 0x39, 0x39, 0x2f, 0x74, 0x66, 0x2e, 0x6e, 0x6e, 0x2e,
  0x63, 0x6f, 0x6e, 0x76, 0x6f, 0x6c, 0x75, 0x74, 0x69, 0x6f, 0x6e, 0x5f,
  0x34, 0x33, 0x33, 0x2f, 0x63, 0x6f, 0x6e, 0x76, 0x6f, 0x6c, 0x75, 0x74,
  0x69, 0x6f, 0x6e, 0x3b, 0x43, 0x6f, 0x6e, 0x73, 0x74, 0x5f, 0x32, 0x39,
  0x32, 0x00, 0x00, 0x00, 0x04, 0x00, 0x00, 0x00, 0x01, 0x00, 0x00, 0x00,
  0x05, 0x00, 0x00, 0x00, 0x01, 0x00, 0x00, 0x00, 0x10, 0x00, 0x00, 0x00,
  0xc6, 0xe1, 0xff, 0xff, 0x00, 0x00, 0x00, 0x01, 0x10, 0x00, 0x00, 0x00,
  0x10, 0x00, 0x00, 0x00, 0x54, 0x00, 0x00, 0x00, 0x38, 0x00, 0x00, 0x00,
  0x38, 0xe1, 0xff, 0xff, 0x28, 0x00, 0x00, 0x00, 0x6d, 0x6f, 0x64, 0x65,
  0x6c, 0x5f, 0x32, 0x39, 0x39, 0x2f, 0x74, 0x66, 0x2e, 0x5f, 0x5f, 0x6f,
  0x70, 0x65, 0x72, 0x61, 0x74, 0x6f, 0x72, 0x73, 0x5f, 0x5f, 0x2e, 0x61,
  0x64, 0x64, 0x5f, 0x32, 0x39, 0x31, 0x2f, 0x41, 0x64, 0x64, 0x56, 0x32,
  0x00, 0x00, 0x00, 0x00, 0x04, 0x00, 0x00, 0x00, 0x01, 0x00, 0x00, 0x00,
  0x05, 0x00, 0x00, 0x00, 0x01, 0x00, 0x00, 0x00, 0x10, 0x00, 0x00, 0x00,
  0x26, 0xe2, 0xff, 0xff, 0x00, 0x00, 0x00, 0x01, 0x10, 0x00, 0x00, 0x00,
  0x10, 0x00, 0x00, 0x00, 0x53, 0x00, 0x00, 0x00, 0x30, 0x00, 0x00, 0x00,
  0x98, 0xe1, 0xff, 0xff, 0x22, 0x00, 0x00, 0x00, 0x6d, 0x6f, 0x64, 0x65,
  0x6c, 0x5f, 0x32, 0x39, 0x39, 0x2f, 0x74, 0x66, 0x2e, 0x6d, 0x61, 0x74,
  0x68, 0x2e, 0x6d, 0x75, 0x6c, 0x74, 0x69, 0x70, 0x6c, 0x79, 0x5f, 0x32,
  0x39, 0x31, 0x2f, 0x4d, 0x75, 0x6c, 0x00, 0x00, 0x04, 0x00, 0x00, 0x00,
  0x01, 0x00, 0x00, 0x00, 0x05, 0x00, 0x00, 0x00, 0x01, 0x00, 0x00, 0x00,
  0x10, 0x00, 0x00, 0x00, 0x7e, 0xe2, 0xff, 0xff, 0x00, 0x00, 0x00, 0x01,
  0x10, 0x00, 0x00, 0x00, 0x10, 0x00, 0x00, 0x00, 0x52, 0x00, 0x00, 0x00,
  0x80, 0x00, 0x00, 0x00, 0xf0, 0xe1, 0xff, 0xff, 0x71, 0x00, 0x00, 0x00,
  0x6d, 0x6f, 0x64, 0x65, 0x6c, 0x5f, 0x32, 0x39, 0x39, 0x2f, 0x74, 0x66,
  0x2e, 0x6e, 0x6e, 0x2e, 0x72, 0x65, 0x6c, 0x75, 0x5f, 0x34, 0x33, 0x32,
  0x2f, 0x52, 0x65, 0x6c, 0x75, 0x3b, 0x6d, 0x6f, 0x64, 0x65, 0x6c, 0x5f,
  0x32, 0x39, 0x39, 0x2f, 0x74, 0x66, 0x2e, 0x6d, 0x61, 0x74, 0x68, 0x2e,
  0x61, 0x64, 0x64, 0x5f, 0x34, 0x33, 0x32, 0x2f, 0x41, 0x64, 0x64, 0x3b,
  0x6d, 0x6f, 0x64, 0x65, 0x6c, 0x5f, 0x32, 0x39, 0x39, 0x2f, 0x74, 0x66,
  0x2e, 0x6e, 0x6e, 0x2e, 0x63, 0x6f, 0x6e, 0x76, 0x6f, 0x6c, 0x75, 0x74,
  0x69, 0x6f, 0x6e, 0x5f, 0x34, 0x33, 0x32, 0x2f, 0x63, 0x6f, 0x6e, 0x76,
  0x6f, 0x6c, 0x75, 0x74, 0x69, 0x6f, 0x6e, 0x3b, 0x43, 0x6f, 0x6e, 0x73,
  0x74, 0x5f, 0x33, 0x33, 0x32, 0x00, 0x00, 0x00, 0x04, 0x00, 0x00, 0x00,
  0x01, 0x00, 0x00, 0x00, 0x05, 0x00, 0x00, 0x00, 0x01, 0x00, 0x00, 0x00,
  0x10, 0x00, 0x00, 0x00, 0x26, 0xe3, 0xff, 0xff, 0x00, 0x00, 0x00, 0x01,
  0x10, 0x00, 0x00, 0x00, 0x10, 0x00, 0x00, 0x00, 0x51, 0x00, 0x00, 0x00,
  0x38, 0x00, 0x00, 0x00, 0x98, 0xe2, 0xff, 0xff, 0x28, 0x00, 0x00, 0x00,
  0x6d, 0x6f, 0x64, 0x65, 0x6c, 0x5f, 0x32, 0x39, 0x39, 0x2f, 0x74, 0x66,
  0x2e, 0x5f, 0x5f, 0x6f, 0x70, 0x65, 0x72, 0x61, 0x74, 0x6f, 0x72, 0x73,
  0x5f, 0x5f, 0x2e, 0x61, 0x64, 0x64, 0x5f, 0x32, 0x39, 0x30, 0x2f, 0x41,
  0x64, 0x64, 0x56, 0x32, 0x00, 0x00, 0x00, 0x00, 0x04, 0x00, 0x00, 0x00,
  0x01, 0x00, 0x00, 0x00, 0x05, 0x00, 0x00, 0x00, 0x01, 0x00, 0x00, 0x00,
  0x10, 0x00, 0x00, 0x00, 0x86, 0xe3, 0xff, 0xff, 0x00, 0x00, 0x00, 0x01,
  0x10, 0x00, 0x00, 0x00, 0x10, 0x00, 0x00, 0x00, 0x50, 0x00, 0x00, 0x00,
  0x30, 0x00, 0x00, 0x00, 0xf8, 0xe2, 0xff, 0xff, 0x22, 0x00, 0x00, 0x00,
  0x6d, 0x6f, 0x64, 0x65, 0x6c, 0x5f, 0x32, 0x39, 0x39, 0x2f, 0x74, 0x66,
  0x2e, 0x6d, 0x61, 0x74, 0x68, 0x2e, 0x6d, 0x75, 0x6c, 0x74, 0x69, 0x70,
  0x6c, 0x79, 0x5f, 0x32, 0x39, 0x30, 0x2f, 0x4d, 0x75, 0x6c, 0x00, 0x00,
  0x04, 0x00, 0x00, 0x00, 0x01, 0x00, 0x00, 0x00, 0x05, 0x00, 0x00, 0x00,
  0x01, 0x00, 0x00, 0x00, 0x10, 0x00, 0x00, 0x00, 0xde, 0xe3, 0xff, 0xff,
  0x00, 0x00, 0x00, 0x01, 0x10, 0x00, 0x00, 0x00, 0x10, 0x00, 0x00, 0x00,
  0x4f, 0x00, 0x00, 0x00, 0x80, 0x00, 0x00, 0x00, 0x50, 0xe3, 0xff, 0xff,
  0x71, 0x00, 0x00, 0x00, 0x6d, 0x6f, 0x64, 0x65, 0x6c, 0x5f, 0x32, 0x39,
  0x39, 0x2f, 0x74, 0x66, 0x2e, 0x6e, 0x6e, 0x2e, 0x72, 0x65, 0x6c, 0x75,
  0x5f, 0x34, 0x33, 0x31, 0x2f, 0x52, 0x65, 0x6c, 0x75, 0x3b, 0x6d, 0x6f,
  0x64, 0x65, 0x6c, 0x5f, 0x32, 0x39, 0x39, 0x2f, 0x74, 0x66, 0x2e, 0x6d,
  0x61, 0x74, 0x68, 0x2e, 0x61, 0x64, 0x64, 0x5f, 0x34, 0x33, 0x31, 0x2f,
  0x41, 0x64, 0x64, 0x3b, 0x6d, 0x6f, 0x64, 0x65, 0x6c, 0x5f, 0x32, 0x39,
  0x39, 0x2f, 0x74, 0x66, 0x2e, 0x6e, 0x6e, 0x2e, 0x63, 0x6f, 0x6e, 0x76,
  0x6f, 0x6c, 0x75, 0x74, 0x69, 0x6f, 0x6e, 0x5f, 0x34, 0x33, 0x31, 0x2f,
  0x63, 0x6f, 0x6e, 0x76, 0x6f, 0x6c, 0x75, 0x74, 0x69, 0x6f, 0x6e, 0x3b,
  0x43, 0x6f, 0x6e, 0x73, 0x74, 0x5f, 0x33, 0x37, 0x32, 0x00, 0x00, 0x00,
  0x04, 0x00, 0x00, 0x00, 0x01, 0x00, 0x00, 0x00, 0x05, 0x00, 0x00, 0x00,
  0x01, 0x00, 0x00, 0x00, 0x10, 0x00, 0x00, 0x00, 0x86, 0xe4, 0xff, 0xff,
  0x00, 0x00, 0x00, 0x01, 0x10, 0x00, 0x00, 0x00, 0x10, 0x00, 0x00, 0x00,
  0x4e, 0x00, 0x00, 0x00, 0x80, 0x00, 0x00, 0x00, 0xf8, 0xe3, 0xff, 0xff,
  0x71, 0x00, 0x00, 0x00, 0x6d, 0x6f, 0x64, 0x65, 0x6c, 0x5f, 0x32, 0x39,
  0x39, 0x2f, 0x74, 0x66, 0x2e, 0x6e, 0x6e, 0x2e, 0x72, 0x65, 0x6c, 0x75,
  0x5f, 0x34, 0x33, 0x31, 0x2f, 0x52, 0x65, 0x6c, 0x75, 0x3b, 0x6d, 0x6f,
  0x64, 0x65, 0x6c, 0x5f, 0x32, 0x39, 0x39, 0x2f, 0x74, 0x66, 0x2e, 0x6d,
  0x61, 0x74, 0x68, 0x2e, 0x61, 0x64, 0x64, 0x5f, 0x34, 0x33, 0x31, 0x2f,
  0x41, 0x64, 0x64, 0x3b, 0x6d, 0x6f, 0x64, 0x65, 0x6c, 0x5f, 0x32, 0x39,
  0x39, 0x2f, 0x74, 0x66, 0x2e, 0x6e, 0x6e, 0x2e, 0x63, 0x6f, 0x6e, 0x76,
  0x6f, 0x6c, 0x75, 0x74, 0x69, 0x6f, 0x6e, 0x5f, 0x34, 0x33, 0x31, 0x2f,
  0x63, 0x6f, 0x6e, 0x76, 0x6f, 0x6c, 0x75, 0x74, 0x69, 0x6f, 0x6e, 0x3b,
  0x43, 0x6f, 0x6e, 0x73, 0x74, 0x5f, 0x33, 0x37, 0x31, 0x00, 0x00, 0x00,
  0x01, 0x00, 0x00, 0x00, 0x10, 0x00, 0x00, 0x00, 0x22, 0xe5, 0xff, 0xff,
  0x00, 0x00, 0x00, 0x01, 0x10, 0x00, 0x00, 0x00, 0x10, 0x00, 0x00, 0x00,
  0x4d, 0x00, 0x00, 0x00, 0x3c, 0x00, 0x00, 0x00, 0x94, 0xe4, 0xff, 0xff,
  0x2c, 0x00, 0x00, 0x00, 0x6d, 0x6f, 0x64, 0x65, 0x6c, 0x5f, 0x32, 0x39,
  0x39, 0x2f, 0x74, 0x66, 0x2e, 0x6e, 0x6e, 0x2e, 0x63, 0x6f, 0x6e, 0x76,
  0x6f, 0x6c, 0x75, 0x74, 0x69, 0x6f, 0x6e, 0x5f, 0x34, 0x33, 0x31, 0x2f,
  0x63, 0x6f, 0x6e, 0x76, 0x6f, 0x6c, 0x75, 0x74, 0x69, 0x6f, 0x6e, 0x31,
  0x00, 0x00, 0x00, 0x00, 0x04, 0x00, 0x00, 0x00, 0x10, 0x00, 0x00, 0x00,
  0x03, 0x00, 0x00, 0x00, 0x01, 0x00, 0x00, 0x00, 0x09, 0x00, 0x00, 0x00,
  0x86, 0xe5, 0xff, 0xff, 0x00, 0x00, 0x00, 0x01, 0x10, 0x00, 0x00, 0x00,
  0x10, 0x00, 0x00, 0x00, 0x4c, 0x00, 0x00, 0x00, 0x18, 0x00, 0x00, 0x00,
  0xf8, 0xe4, 0xff, 0xff, 0x08, 0x00, 0x00, 0x00, 0x43, 0x6f, 0x6e, 0x73,
  0x74, 0x5f, 0x38, 0x31, 0x00, 0x00, 0x00, 0x00, 0x01, 0x00, 0x00, 0x00,
  0x10, 0x00, 0x00, 0x00, 0xba, 0xe5, 0xff, 0xff, 0x00, 0x00, 0x00, 0x01,
  0x10, 0x00, 0x00, 0x00, 0x10, 0x00, 0x00, 0x00, 0x4b, 0x00, 0x00, 0x00,
  0x18, 0x00, 0x00, 0x00, 0x2c, 0xe5, 0xff, 0xff, 0x08, 0x00, 0x00, 0x00,
  0x43, 0x6f, 0x6e, 0x73, 0x74, 0x5f, 0x37, 0x31, 0x00, 0x00, 0x00, 0x00,
  0x01, 0x00, 0x00, 0x00, 0x10, 0x00, 0x00, 0x00, 0xee, 0xe5, 0xff, 0xff,
  0x00, 0x00, 0x00, 0x01, 0x10, 0x00, 0x00, 0x00, 0x10, 0x00, 0x00, 0x00,
  0x4a, 0x00, 0x00, 0x00, 0x18, 0x00, 0x00, 0x00, 0x60, 0xe5, 0xff, 0xff,
  0x08, 0x00, 0x00, 0x00, 0x43, 0x6f, 0x6e, 0x73, 0x74, 0x5f, 0x34, 0x31,
  0x00, 0x00, 0x00, 0x00, 0x01, 0x00, 0x00, 0x00, 0x10, 0x00, 0x00, 0x00,
  0x22, 0xe6, 0xff, 0xff, 0x00, 0x00, 0x00, 0x01, 0x10, 0x00, 0x00, 0x00,
  0x10, 0x00, 0x00, 0x00, 0x49, 0x00, 0x00, 0x00, 0x18, 0x00, 0x00, 0x00,
  0x94, 0xe5, 0xff, 0xff, 0x09, 0x00, 0x00, 0x00, 0x43, 0x6f, 0x6e, 0x73,
  0x74, 0x5f, 0x33, 0x36, 0x31, 0x00, 0x00, 0x00, 0x01, 0x00, 0x00, 0x00,
  0x10, 0x00, 0x00, 0x00, 0x56, 0xe6, 0xff, 0xff, 0x00, 0x00, 0x00, 0x01,
  0x10, 0x00, 0x00, 0x00, 0x10, 0x00, 0x00, 0x00, 0x48, 0x00, 0x00, 0x00,
  0x18, 0x00, 0x00, 0x00, 0xc8, 0xe5, 0xff, 0xff, 0x09, 0x00, 0x00, 0x00,
  0x43, 0x6f, 0x6e, 0x73, 0x74, 0x5f, 0x33, 0x35, 0x31, 0x00, 0x00, 0x00,
  0x01, 0x00, 0x00, 0x00, 0x10, 0x00, 0x00, 0x00, 0x8a, 0xe6, 0xff, 0xff,
  0x00, 0x00, 0x00, 0x01, 0x10, 0x00, 0x00, 0x00, 0x10, 0x00, 0x00, 0x00,
  0x47, 0x00, 0x00, 0x00, 0x18, 0x00, 0x00, 0x00, 0xfc, 0xe5, 0xff, 0xff,
  0x09, 0x00, 0x00, 0x00, 0x43, 0x6f, 0x6e, 0x73, 0x74, 0x5f, 0x33, 0x32,
  0x31, 0x00, 0x00, 0x00, 0x01, 0x00, 0x00, 0x00, 0x10, 0x00, 0x00, 0x00,
  0xbe, 0xe6, 0xff, 0xff, 0x00, 0x00, 0x00, 0x01, 0x10, 0x00, 0x00, 0x00,
  0x10, 0x00, 0x00, 0x00, 0x46, 0x00, 0x00, 0x00, 0x18, 0x00, 0x00, 0x00,
  0x30, 0xe6, 0xff, 0xff, 0x09, 0x00, 0x00, 0x00, 0x43, 0x6f, 0x6e, 0x73,
  0x74, 0x5f, 0x33, 0x31, 0x31, 0x00, 0x00, 0x00, 0x01, 0x00, 0x00, 0x00,
  0x10, 0x00, 0x00, 0x00, 0xf2, 0xe6, 0xff, 0xff, 0x00, 0x00, 0x00, 0x01,
  0x10, 0x00, 0x00, 0x00, 0x10, 0x00, 0x00, 0x00, 0x45, 0x00, 0x00, 0x00,
  0x18, 0x00, 0x00, 0x00, 0x64, 0xe6, 0xff, 0xff, 0x08, 0x00, 0x00, 0x00,
  0x43, 0x6f, 0x6e, 0x73, 0x74, 0x5f, 0x33, 0x33, 0x00, 0x00, 0x00, 0x00,
  0x01, 0x00, 0x00, 0x00, 0x10, 0x00, 0x00, 0x00, 0x26, 0xe7, 0xff, 0xff,
  0x00, 0x00, 0x00, 0x01, 0x10, 0x00, 0x00, 0x00, 0x10, 0x00, 0x00, 0x00,
  0x44, 0x00, 0x00, 0x00, 0x18, 0x00, 0x00, 0x00, 0x98, 0xe6, 0xff, 0xff,
  0x09, 0x00, 0x00, 0x00, 0x43, 0x6f, 0x6e, 0x73, 0x74, 0x5f, 0x32, 0x38,
  0x31, 0x00, 0x00, 0x00, 0x01, 0x00, 0x00, 0x00, 0x10, 0x00, 0x00, 0x00,
  0x5a, 0xe7, 0xff, 0xff, 0x00, 0x00, 0x00, 0x01, 0x10, 0x00, 0x00, 0x00,
  0x10, 0x00, 0x00, 0x00, 0x43, 0x00, 0x00, 0x00, 0x18, 0x00, 0x00, 0x00,
  0xcc, 0xe6, 0xff, 0xff, 0x09, 0x00, 0x00, 0x00, 0x43, 0x6f, 0x6e, 0x73,
  0x74, 0x5f, 0x32, 0x37, 0x31, 0x00, 0x00, 0x00, 0x01, 0x00, 0x00, 0x00,
  0x10, 0x00, 0x00, 0x00, 0x8e, 0xe7, 0xff, 0xff, 0x00, 0x00, 0x00, 0x01,
  0x10, 0x00, 0x00, 0x00, 0x10, 0x00, 0x00, 0x00, 0x42, 0x00, 0x00, 0x00,
  0x18, 0x00, 0x00, 0x00, 0x00, 0xe7, 0xff, 0xff, 0x09, 0x00, 0x00, 0x00,
  0x43, 0x6f, 0x6e, 0x73, 0x74, 0x5f, 0x32, 0x34, 0x31, 0x00, 0x00, 0x00,
  0x01, 0x00, 0x00, 0x00, 0x10, 0x00, 0x00, 0x00, 0xc2, 0xe7, 0xff, 0xff,
  0x00, 0x00, 0x00, 0x01, 0x10, 0x00, 0x00, 0x00, 0x10, 0x00, 0x00, 0x00,
  0x41, 0x00, 0x00, 0x00, 0x18, 0x00, 0x00, 0x00, 0x34, 0xe7, 0xff, 0xff,
  0x09, 0x00, 0x00, 0x00, 0x43, 0x6f, 0x6e, 0x73, 0x74, 0x5f, 0x32, 0x33,
  0x31, 0x00, 0x00, 0x00, 0x01, 0x00, 0x00, 0x00, 0x10, 0x00, 0x00, 0x00,
  0xf6, 0xe7, 0xff, 0xff, 0x00, 0x00, 0x00, 0x01, 0x10, 0x00, 0x00, 0x00,
  0x10, 0x00, 0x00, 0x00, 0x40, 0x00, 0x00, 0x00, 0x18, 0x00, 0x00, 0x00,
  0x68, 0xe7, 0xff, 0xff, 0x09, 0x00, 0x00, 0x00, 0x43, 0x6f, 0x6e, 0x73,
  0x74, 0x5f, 0x32, 0x30, 0x31, 0x00, 0x00, 0x00, 0x01, 0x00, 0x00, 0x00,
  0x10, 0x00, 0x00, 0x00, 0x2a, 0xe8, 0xff, 0xff, 0x00, 0x00, 0x00, 0x01,
  0x10, 0x00, 0x00, 0x00, 0x10, 0x00, 0x00, 0x00, 0x3f, 0x00, 0x00, 0x00,
  0x18, 0x00, 0x00, 0x00, 0x9c, 0xe7, 0xff, 0xff, 0x09, 0x00, 0x00, 0x00,
  0x43, 0x6f, 0x6e, 0x73, 0x74, 0x5f, 0x31, 0x39, 0x31, 0x00, 0x00, 0x00,
  0x01, 0x00, 0x00, 0x00, 0x10, 0x00, 0x00, 0x00, 0x5e, 0xe8, 0xff, 0xff,
  0x00, 0x00, 0x00, 0x01, 0x10, 0x00, 0x00, 0x00, 0x10, 0x00, 0x00, 0x00,
  0x3e, 0x00, 0x00, 0x00, 0x18, 0x00, 0x00, 0x00, 0xd0, 0xe7, 0xff, 0xff,
  0x09, 0x00, 0x00, 0x00, 0x43, 0x6f, 0x6e, 0x73, 0x74, 0x5f, 0x31, 0x36,
  0x31, 0x00, 0x00, 0x00, 0x01, 0x00, 0x00, 0x00, 0x10, 0x00, 0x00, 0x00,
  0x92, 0xe8, 0xff, 0xff, 0x00, 0x00, 0x00, 0x01, 0x10, 0x00, 0x00, 0x00,
  0x10, 0x00, 0x00, 0x00, 0x3d, 0x00, 0x00, 0x00, 0x18, 0x00, 0x00, 0x00,
  0x04, 0xe8, 0xff, 0xff, 0x09, 0x00, 0x00, 0x00, 0x43, 0x6f, 0x6e, 0x73,
  0x74, 0x5f, 0x31, 0x35, 0x31, 0x00, 0x00, 0x00, 0x01, 0x00, 0x00, 0x00,
  0x10, 0x00, 0x00, 0x00, 0xc6, 0xe8, 0xff, 0xff, 0x00, 0x00, 0x00, 0x01,
  0x10, 0x00, 0x00, 0x00, 0x10, 0x00, 0x00, 0x00, 0x3c, 0x00, 0x00, 0x00,
  0x18, 0x00, 0x00, 0x00, 0x38, 0xe8, 0xff, 0xff, 0x09, 0x00, 0x00, 0x00,
  0x43, 0x6f, 0x6e, 0x73, 0x74, 0x5f, 0x31, 0x32, 0x31, 0x00, 0x00, 0x00,
  0x01, 0x00, 0x00, 0x00, 0x10, 0x00, 0x00, 0x00, 0xfa, 0xe8, 0xff, 0xff,
  0x00, 0x00, 0x00, 0x01, 0x10, 0x00, 0x00, 0x00, 0x10, 0x00, 0x00, 0x00,
  0x3b, 0x00, 0x00, 0x00, 0x18, 0x00, 0x00, 0x00, 0x6c, 0xe8, 0xff, 0xff,
  0x09, 0x00, 0x00, 0x00, 0x43, 0x6f, 0x6e, 0x73, 0x74, 0x5f, 0x31, 0x31,
  0x31, 0x00, 0x00, 0x00, 0x01, 0x00, 0x00, 0x00, 0x10, 0x00, 0x00, 0x00,
  0x2e, 0xe9, 0xff, 0xff, 0x00, 0x00, 0x00, 0x01, 0x10, 0x00, 0x00, 0x00,
  0x10, 0x00, 0x00, 0x00, 0x3a, 0x00, 0x00, 0x00, 0x34, 0x00, 0x00, 0x00,
  0xa0, 0xe8, 0xff, 0xff, 0x25, 0x00, 0x00, 0x00, 0x6d, 0x6f, 0x64, 0x65,
  0x6c, 0x5f, 0x32, 0x39, 0x39, 0x2f, 0x74, 0x66, 0x2e, 0x6c, 0x69, 0x6e,
  0x61, 0x6c, 0x67, 0x2e, 0x6d, 0x61, 0x74, 0x6d, 0x75, 0x6c, 0x5f, 0x37,
  0x39, 0x2f, 0x4d, 0x61, 0x74, 0x4d, 0x75, 0x6c, 0x31, 0x00, 0x00, 0x00,
  0x02, 0x00, 0x00, 0x00, 0x07, 0x00, 0x00, 0x00, 0x10, 0x00, 0x00, 0x00,
  0x82, 0xe9, 0xff, 0xff, 0x00, 0x00, 0x00, 0x01, 0x10, 0x00, 0x00, 0x00,
  0x10, 0x00, 0x00, 0x00, 0x39, 0x00, 0x00, 0x00, 0x3c, 0x00, 0x00, 0x00,
  0xf4, 0xe8, 0xff, 0xff, 0x2c, 0x00, 0x00, 0x00, 0x6d, 0x6f, 0x64, 0x65,
  0x6c, 0x5f, 0x32, 0x39, 0x39, 0x2f, 0x74, 0x66, 0x2e, 0x6e, 0x6e, 0x2e,
  0x63, 0x6f, 0x6e, 0x76, 0x6f, 0x6c, 0x75, 0x74, 0x69, 0x6f, 0x6e, 0x5f,
  0x34, 0x33, 0x32, 0x2f, 0x63, 0x6f, 0x6e, 0x76, 0x6f, 0x6c, 0x75, 0x74,
  0x69, 0x6f, 0x6e, 0x31, 0x00, 0x00, 0x00, 0x00, 0x04, 0x00, 0x00, 0x00,
  0x10, 0x00, 0x00, 0x00, 0x03, 0x00, 0x00, 0x00, 0x01, 0x00, 0x00, 0x00,
  0x10, 0x00, 0x00, 0x00, 0xe6, 0xe9, 0xff, 0xff, 0x00, 0x00, 0x00, 0x01,
  0x10, 0x00, 0x00, 0x00, 0x10, 0x00, 0x00, 0x00, 0x38, 0x00, 0x00, 0x00,
  0x3c, 0x00, 0x00, 0x00, 0x58, 0xe9, 0xff, 0xff, 0x2c, 0x00, 0x00, 0x00,
  0x6d, 0x6f, 0x64, 0x65, 0x6c, 0x5f, 0x32, 0x39, 0x39, 0x2f, 0x74, 0x66,
  0x2e, 0x6e, 0x6e, 0x2e, 0x63, 0x6f, 0x6e, 0x76, 0x6f, 0x6c, 0x75, 0x74,
  0x69, 0x6f, 0x6e, 0x5f, 0x34, 0x33, 0x33, 0x2f, 0x63, 0x6f, 0x6e, 0x76,
  0x6f, 0x6c, 0x75, 0x74, 0x69, 0x6f, 0x6e, 0x31, 0x00, 0x00, 0x00, 0x00,
  0x04, 0x00, 0x00, 0x00, 0x10, 0x00, 0x00, 0x00, 0x03, 0x00, 0x00, 0x00,
  0x01, 0x00, 0x00, 0x00, 0x10, 0x00, 0x00, 0x00, 0x4a, 0xea, 0xff, 0xff,
  0x00, 0x00, 0x00, 0x01, 0x10, 0x00, 0x00, 0x00, 0x10, 0x00, 0x00, 0x00,
  0x37, 0x00, 0x00, 0x00, 0x3c, 0x00, 0x00, 0x00, 0xbc, 0xe9, 0xff, 0xff,
  0x2c, 0x00, 0x00, 0x00, 0x6d, 0x6f, 0x64, 0x65, 0x6c, 0x5f, 0x32, 0x39,
  0x39, 0x2f, 0x74, 0x66, 0x2e, 0x6e, 0x6e, 0x2e, 0x63, 0x6f, 0x6e, 0x76,
  0x6f, 0x6c, 0x75, 0x74, 0x69, 0x6f, 0x6e, 0x5f, 0x34, 0x33, 0x34, 0x2f,
  0x63, 0x6f, 0x6e, 0x76, 0x6f, 0x6c, 0x75, 0x74, 0x69, 0x6f, 0x6e, 0x31,
  0x00, 0x00, 0x00, 0x00, 0x04, 0x00, 0x00, 0x00, 0x10, 0x00, 0x00, 0x00,
  0x03, 0x00, 0x00, 0x00, 0x01, 0x00, 0x00, 0x00, 0x10, 0x00, 0x00, 0x00,
  0xae, 0xea, 0xff, 0xff, 0x00, 0x00, 0x00, 0x01, 0x10, 0x00, 0x00, 0x00,
  0x10, 0x00, 0x00, 0x00, 0x36, 0x00, 0x00, 0x00, 0x3c, 0x00, 0x00, 0x00,
  0x20, 0xea, 0xff, 0xff, 0x2c, 0x00, 0x00, 0x00, 0x6d, 0x6f, 0x64, 0x65,
  0x6c, 0x5f, 0x32, 0x39, 0x39, 0x2f, 0x74, 0x66, 0x2e, 0x6e, 0x6e, 0x2e,
  0x63, 0x6f, 0x6e, 0x76, 0x6f, 0x6c, 0x75, 0x74, 0x69, 0x6f, 0x6e, 0x5f,
  0x34, 0x33, 0x35, 0x2f, 0x63, 0x6f, 0x6e, 0x76, 0x6f, 0x6c, 0x75, 0x74,
  0x69, 0x6f, 0x6e, 0x31, 0x00, 0x00, 0x00, 0x00, 0x04, 0x00, 0x00, 0x00,
  0x10, 0x00, 0x00, 0x00, 0x03, 0x00, 0x00, 0x00, 0x01, 0x00, 0x00, 0x00,
  0x10, 0x00, 0x00, 0x00, 0x12, 0xeb, 0xff, 0xff, 0x00, 0x00, 0x00, 0x01,
  0x10, 0x00, 0x00, 0x00, 0x10, 0x00, 0x00, 0x00, 0x35, 0x00, 0x00, 0x00,
  0x3c, 0x00, 0x00, 0x00, 0x84, 0xea, 0xff, 0xff, 0x2c, 0x00, 0x00, 0x00,
  0x6d, 0x6f, 0x64, 0x65, 0x6c, 0x5f, 0x32, 0x39, 0x39, 0x2f, 0x74, 0x66,
  0x2e, 0x6e, 0x6e, 0x2e, 0x63, 0x6f, 0x6e, 0x76, 0x6f, 0x6c, 0x75, 0x74,
  0x69, 0x6f, 0x6e, 0x5f, 0x34, 0x33, 0x36, 0x2f, 0x63, 0x6f, 0x6e, 0x76,
  0x6f, 0x6c, 0x75, 0x74, 0x69, 0x6f, 0x6e, 0x31, 0x00, 0x00, 0x00, 0x00,
  0x04, 0x00, 0x00, 0x00, 0x10, 0x00, 0x00, 0x00, 0x03, 0x00, 0x00, 0x00,
  0x01, 0x00, 0x00, 0x00, 0x10, 0x00, 0x00, 0x00, 0x76, 0xeb, 0xff, 0xff,
  0x00, 0x00, 0x00, 0x01, 0x10, 0x00, 0x00, 0x00, 0x10, 0x00, 0x00, 0x00,
  0x34, 0x00, 0x00, 0x00, 0x3c, 0x00, 0x00, 0x00, 0xe8, 0xea, 0xff, 0xff,
  0x2c, 0x00, 0x00, 0x00, 0x6d, 0x6f, 0x64, 0x65, 0x6c, 0x5f, 0x32, 0x39,
  0x39, 0x2f, 0x74, 0x66, 0x2e, 0x6e, 0x6e, 0x2e, 0x63, 0x6f, 0x6e, 0x76,
  0x6f, 0x6c, 0x75, 0x74, 0x69, 0x6f, 0x6e, 0x5f, 0x34, 0x33, 0x37, 0x2f,
  0x63, 0x6f, 0x6e, 0x76, 0x6f, 0x6c, 0x75, 0x74, 0x69, 0x6f, 0x6e, 0x31,
  0x00, 0x00, 0x00, 0x00, 0x04, 0x00, 0x00, 0x00, 0x10, 0x00, 0x00, 0x00,
  0x03, 0x00, 0x00, 0x00, 0x01, 0x00, 0x00, 0x00, 0x10, 0x00, 0x00, 0x00,
  0xda, 0xeb, 0xff, 0xff, 0x00, 0x00, 0x00, 0x01, 0x10, 0x00, 0x00, 0x00,
  0x10, 0x00, 0x00, 0x00, 0x33, 0x00, 0x00, 0x00, 0x3c, 0x00, 0x00, 0x00,
  0x4c, 0xeb, 0xff, 0xff, 0x2c, 0x00, 0x00, 0x00, 0x6d, 0x6f, 0x64, 0x65,
  0x6c, 0x5f, 0x32, 0x39, 0x39, 0x2f, 0x74, 0x66, 0x2e, 0x6e, 0x6e, 0x2e,
  0x63, 0x6f, 0x6e, 0x76, 0x6f, 0x6c, 0x75, 0x74, 0x69, 0x6f, 0x6e, 0x5f,
  0x34, 0x33, 0x38, 0x2f, 0x63, 0x6f, 0x6e, 0x76, 0x6f, 0x6c, 0x75, 0x74,
  0x69, 0x6f, 0x6e, 0x31, 0x00, 0x00, 0x00, 0x00, 0x04, 0x00, 0x00, 0x00,
  0x10, 0x00, 0x00, 0x00, 0x03, 0x00, 0x00, 0x00, 0x01, 0x00, 0x00, 0x00,
  0x10, 0x00, 0x00, 0x00, 0x3e, 0xec, 0xff, 0xff, 0x00, 0x00, 0x00, 0x01,
  0x10, 0x00, 0x00, 0x00, 0x10, 0x00, 0x00, 0x00, 0x32, 0x00, 0x00, 0x00,
  0x3c, 0x00, 0x00, 0x00, 0xb0, 0xeb, 0xff, 0xff, 0x2c, 0x00, 0x00, 0x00,
  0x6d, 0x6f, 0x64, 0x65, 0x6c, 0x5f, 0x32, 0x39, 0x39, 0x2f, 0x74, 0x66,
  0x2e, 0x6e, 0x6e, 0x2e, 0x63, 0x6f, 0x6e, 0x76, 0x6f, 0x6c, 0x75, 0x74,
  0x69, 0x6f, 0x6e, 0x5f, 0x34, 0x33, 0x39, 0x2f, 0x63, 0x6f, 0x6e, 0x76,
  0x6f, 0x6c, 0x75, 0x74, 0x69, 0x6f, 0x6e, 0x31, 0x00, 0x00, 0x00, 0x00,
  0x04, 0x00, 0x00, 0x00, 0x10, 0x00, 0x00, 0x00, 0x03, 0x00, 0x00, 0x00,
  0x01, 0x00, 0x00, 0x00, 0x10, 0x00, 0x00, 0x00, 0xa2, 0xec, 0xff, 0xff,
  0x00, 0x00, 0x00, 0x01, 0x10, 0x00, 0x00, 0x00, 0x10, 0x00, 0x00, 0x00,
  0x31, 0x00, 0x00, 0x00, 0x38, 0x00, 0x00, 0x00, 0x14, 0xec, 0xff, 0xff,
  0x29, 0x00, 0x00, 0x00, 0x6d, 0x6f, 0x64, 0x65, 0x6c, 0x5f, 0x32, 0x39,
  0x39, 0x2f, 0x74, 0x66, 0x2e, 0x5f, 0x5f, 0x6f, 0x70, 0x65, 0x72, 0x61,
  0x74, 0x6f, 0x72, 0x73, 0x5f, 0x5f, 0x2e, 0x61, 0x64, 0x64, 0x5f, 0x32,
  0x39, 0x39, 0x2f, 0x41, 0x64, 0x64, 0x56, 0x32, 0x31, 0x00, 0x00, 0x00,
  0x01, 0x00, 0x00, 0x00, 0x07, 0x00, 0x00, 0x00, 0xf6, 0xec, 0xff, 0xff,
  0x00, 0x00, 0x00, 0x01, 0x10, 0x00, 0x00, 0x00, 0x10, 0x00, 0x00, 0x00,
  0x30, 0x00, 0x00, 0x00, 0x80, 0x00, 0x00, 0x00, 0x68, 0xec, 0xff, 0xff,
  0x71, 0x00, 0x00, 0x00, 0x6d, 0x6f, 0x64, 0x65, 0x6c, 0x5f, 0x32, 0x39,
  0x39, 0x2f, 0x74, 0x66, 0x2e, 0x6e, 0x6e, 0x2e, 0x72, 0x65, 0x6c, 0x75,
  0x5f, 0x34, 0x33, 0x32, 0x2f, 0x52, 0x65, 0x6c, 0x75, 0x3b, 0x6d, 0x6f,
  0x64, 0x65, 0x6c, 0x5f, 0x32, 0x39, 0x39, 0x2f, 0x74, 0x66, 0x2e, 0x6d,
  0x61, 0x74, 0x68, 0x2e, 0x61, 0x64, 0x64, 0x5f, 0x34, 0x33, 0x32, 0x2f,
  0x41, 0x64, 0x64, 0x3b, 0x6d, 0x6f, 0x64, 0x65, 0x6c, 0x5f, 0x32, 0x39,
  0x39, 0x2f, 0x74, 0x66, 0x2e, 0x6e, 0x6e, 0x2e, 0x63, 0x6f, 0x6e, 0x76,
  0x6f, 0x6c, 0x75, 0x74, 0x69, 0x6f, 0x6e, 0x5f, 0x34, 0x33, 0x32, 0x2f,
  0x63, 0x6f, 0x6e, 0x76, 0x6f, 0x6c, 0x75, 0x74, 0x69, 0x6f, 0x6e, 0x3b,
  0x43, 0x6f, 0x6e, 0x73, 0x74, 0x5f, 0x33, 0x33, 0x31, 0x00, 0x00, 0x00,
  0x01, 0x00, 0x00, 0x00, 0x10, 0x00, 0x00, 0x00, 0x92, 0xed, 0xff, 0xff,
  0x00, 0x00, 0x00, 0x01, 0x10, 0x00, 0x00, 0x00, 0x10, 0x00, 0x00, 0x00,
  0x2f, 0x00, 0x00, 0x00, 0x80, 0x00, 0x00, 0x00, 0x04, 0xed, 0xff, 0xff,
  0x71, 0x00, 0x00, 0x00, 0x6d, 0x6f, 0x64, 0x65, 0x6c, 0x5f, 0x32, 0x39,
  0x39, 0x2f, 0x74, 0x66, 0x2e, 0x6e, 0x6e, 0x2e, 0x72, 0x65, 0x6c, 0x75,
  0x5f, 0x34, 0x33, 0x33, 0x2f, 0x52, 0x65, 0x6c, 0x75, 0x3b, 0x6d, 0x6f,
  0x64, 0x65, 0x6c, 0x5f, 0x32, 0x39, 0x39, 0x2f, 0x74, 0x66, 0x2e, 0x6d,
  0x61, 0x74, 0x68, 0x2e, 0x61, 0x64, 0x64, 0x5f, 0x34, 0x33, 0x33, 0x2f,
  0x41, 0x64, 0x64, 0x3b, 0x6d, 0x6f, 0x64, 0x65, 0x6c, 0x5f, 0x32, 0x39,
  0x39, 0x2f, 0x74, 0x66, 0x2e, 0x6e, 0x6e, 0x2e, 0x63, 0x6f, 0x6e, 0x76,
  0x6f, 0x6c, 0x75, 0x74, 0x69, 0x6f, 0x6e, 0x5f, 0x34, 0x33, 0x33, 0x2f,
  0x63, 0x6f, 0x6e, 0x76, 0x6f, 0x6c, 0x75, 0x74, 0x69, 0x6f, 0x6e, 0x3b,
  0x43, 0x6f, 0x6e, 0x73, 0x74, 0x5f, 0x32, 0x39, 0x31, 0x00, 0x00, 0x00,
  0x01, 0x00, 0x00, 0x00, 0x10, 0x00, 0x00, 0x00, 0x2e, 0xee, 0xff, 0xff,
  0x00, 0x00, 0x00, 0x01, 0x10, 0x00, 0x00, 0x00, 0x10, 0x00, 0x00, 0x00,
  0x2e, 0x00, 0x00, 0x00, 0x80, 0x00, 0x00, 0x00, 0xa0, 0xed, 0xff, 0xff,
  0x71, 0x00, 0x00, 0x00, 0x6d, 0x6f, 0x64, 0x65, 0x6c, 0x5f, 0x32, 0x39,
  0x39, 0x2f, 0x74, 0x66, 0x2e, 0x6e, 0x6e, 0x2e, 0x72, 0x65, 0x6c, 0x75,
  0x5f, 0x34, 0x33, 0x34, 0x2f, 0x52, 0x65, 0x6c, 0x75, 0x3b, 0x6d, 0x6f,
  0x64, 0x65, 0x6c, 0x5f, 0x32, 0x39, 0x39, 0x2f, 0x74, 0x66, 0x2e, 0x6d,
  0x61, 0x74, 0x68, 0x2e, 0x61, 0x64, 0x64, 0x5f, 0x34, 0x33, 0x34, 0x2f,
  0x41, 0x64, 0x64, 0x3b, 0x6d, 0x6f, 0x64, 0x65, 0x6c, 0x5f, 0x32, 0x39,
  0x39, 0x2f, 0x74, 0x66, 0x2e, 0x6e, 0x6e, 0x2e, 0x63, 0x6f, 0x6e, 0x76,
  0x6f, 0x6c, 0x75, 0x74, 0x69, 0x6f, 0x6e, 0x5f, 0x34, 0x33, 0x34, 0x2f,
  0x63, 0x6f, 0x6e, 0x76, 0x6f, 0x6c, 0x75, 0x74, 0x69, 0x6f, 0x6e, 0x3b,
  0x43, 0x6f, 0x6e, 0x73, 0x74, 0x5f, 0x32, 0x35, 0x31, 0x00, 0x00, 0x00,
  0x01, 0x00, 0x00, 0x00, 0x10, 0x00, 0x00, 0x00, 0xca, 0xee, 0xff, 0xff,
  0x00, 0x00, 0x00, 0x01, 0x10, 0x00, 0x00, 0x00, 0x10, 0x00, 0x00, 0x00,
  0x2d, 0x00, 0x00, 0x00, 0x80, 0x00, 0x00, 0x00, 0x3c, 0xee, 0xff, 0xff,
  0x71, 0x00, 0x00, 0x00, 0x6d, 0x6f, 0x64, 0x65, 0x6c, 0x5f, 0x32, 0x39,
  0x39, 0x2f, 0x74, 0x66, 0x2e, 0x6e, 0x6e, 0x2e, 0x72, 0x65, 0x6c, 0x75,
  0x5f, 0x34, 0x33, 0x35, 0x2f, 0x52, 0x65, 0x6c, 0x75, 0x3b, 0x6d, 0x6f,
  0x64, 0x65, 0x6c, 0x5f, 0x32, 0x39, 0x39, 0x2f, 0x74, 0x66, 0x2e, 0x6d,
  0x61, 0x74, 0x68, 0x2e, 0x61, 0x64, 0x64, 0x5f, 0x34, 0x33, 0x35, 0x2f,
  0x41, 0x64, 0x64, 0x3b, 0x6d, 0x6f, 0x64, 0x65, 0x6c, 0x5f, 0x32, 0x39,
  0x39, 0x2f, 0x74, 0x66, 0x2e, 0x6e, 0x6e, 0x2e, 0x63, 0x6f, 0x6e, 0x76,
  0x6f, 0x6c, 0x75, 0x74, 0x69, 0x6f, 0x6e, 0x5f, 0x34, 0x33, 0x35, 0x2f,
  0x63, 0x6f, 0x6e, 0x76, 0x6f, 0x6c, 0x75, 0x74, 0x69, 0x6f, 0x6e, 0x3b,
  0x43, 0x6f, 0x6e, 0x73, 0x74, 0x5f, 0x32, 0x31, 0x31, 0x00, 0x00, 0x00,
  0x01, 0x00, 0x00, 0x00, 0x10, 0x00, 0x00, 0x00, 0x66, 0xef, 0xff, 0xff,
  0x00, 0x00, 0x00, 0x01, 0x10, 0x00, 0x00, 0x00, 0x10, 0x00, 0x00, 0x00,
  0x2c, 0x00, 0x00, 0x00, 0x80, 0x00, 0x00, 0x00, 0xd8, 0xee, 0xff, 0xff,
  0x71, 0x00, 0x00, 0x00, 0x6d, 0x6f, 0x64, 0x65, 0x6c, 0x5f, 0x32, 0x39,
  0x39, 0x2f, 0x74, 0x66, 0x2e, 0x6e, 0x6e, 0x2e, 0x72, 0x65, 0x6c, 0x75,
  0x5f, 0x34, 0x33, 0x36, 0x2f, 0x52, 0x65, 0x6c, 0x75, 0x3b, 0x6d, 0x6f,
  0x64, 0x65, 0x6c, 0x5f, 0x32, 0x39, 0x39, 0x2f, 0x74, 0x66, 0x2e, 0x6d,
  0x61, 0x74, 0x68, 0x2e, 0x61, 0x64, 0x64, 0x5f, 0x34, 0x33, 0x36, 0x2f,
  0x41, 0x64, 0x64, 0x3b, 0x6d, 0x6f, 0x64, 0x65, 0x6c, 0x5f, 0x32, 0x39,
  0x39, 0x2f, 0x74, 0x66, 0x2e, 0x6e, 0x6e, 0x2e, 0x63, 0x6f, 0x6e, 0x76,
  0x6f, 0x6c, 0x75, 0x74, 0x69, 0x6f, 0x6e, 0x5f, 0x34, 0x33, 0x36, 0x2f,
  0x63, 0x6f, 0x6e, 0x76, 0x6f, 0x6c, 0x75, 0x74, 0x69, 0x6f, 0x6e, 0x3b,
  0x43, 0x6f, 0x6e, 0x73, 0x74, 0x5f, 0x31, 0x37, 0x31, 0x00, 0x00, 0x00,
  0x01, 0x00, 0x00, 0x00, 0x10, 0x00, 0x00, 0x00, 0x02, 0xf0, 0xff, 0xff,
  0x00, 0x00, 0x00, 0x01, 0x10, 0x00, 0x00, 0x00, 0x10, 0x00, 0x00, 0x00,
  0x2b, 0x00, 0x00, 0x00, 0x80, 0x00, 0x00, 0x00, 0x74, 0xef, 0xff, 0xff,
  0x71, 0x00, 0x00, 0x00, 0x6d, 0x6f, 0x64, 0x65, 0x6c, 0x5f, 0x32, 0x39,
  0x39, 0x2f, 0x74, 0x66, 0x2e, 0x6e, 0x6e, 0x2e, 0x72, 0x65, 0x6c, 0x75,
  0x5f, 0x34, 0x33, 0x37, 0x2f, 0x52, 0x65, 0x6c, 0x75, 0x3b, 0x6d, 0x6f,
  0x64, 0x65, 0x6c, 0x5f, 0x32, 0x39, 0x39, 0x2f, 0x74, 0x66, 0x2e, 0x6d,
  0x61, 0x74, 0x68, 0x2e, 0x61, 0x64, 0x64, 0x5f, 0x34, 0x33, 0x37, 0x2f,
  0x41, 0x64, 0x64, 0x3b, 0x6d, 0x6f, 0x64, 0x65, 0x6c, 0x5f, 0x32, 0x39,
  0x39, 0x2f, 0x74, 0x66, 0x2e, 0x6e, 0x6e, 0x2e, 0x63, 0x6f, 0x6e, 0x76,
  0x6f, 0x6c, 0x75, 0x74, 0x69, 0x6f, 0x6e, 0x5f, 0x34, 0x33, 0x37, 0x2f,
  0x63, 0x6f, 0x6e, 0x76, 0x6f, 0x6c, 0x75, 0x74, 0x69, 0x6f, 0x6e, 0x3b,
  0x43, 0x6f, 0x6e, 0x73, 0x74, 0x5f, 0x31, 0x33, 0x31, 0x00, 0x00, 0x00,
  0x01, 0x00, 0x00, 0x00, 0x10, 0x00, 0x00, 0x00, 0x9e, 0xf0, 0xff, 0xff,
  0x00, 0x00, 0x00, 0x01, 0x10, 0x00, 0x00, 0x00, 0x10, 0x00, 0x00, 0x00,
  0x2a, 0x00, 0x00, 0x00, 0x80, 0x00, 0x00, 0x00, 0x10, 0xf0, 0xff, 0xff,
  0x70, 0x00, 0x00, 0x00, 0x6d, 0x6f, 0x64, 0x65, 0x6c, 0x5f, 0x32, 0x39,
  0x39, 0x2f, 0x74, 0x66, 0x2e, 0x6e, 0x6e, 0x2e, 0x72, 0x65, 0x6c, 0x75,
  0x5f, 0x34, 0x33, 0x38, 0x2f, 0x52, 0x65, 0x6c, 0x75, 0x3b, 0x6d, 0x6f,
  0x64, 0x65, 0x6c, 0x5f, 0x32, 0x39, 0x39, 0x2f, 0x74, 0x66, 0x2e, 0x6d,
  0x61, 0x74, 0x68, 0x2e, 0x61, 0x64, 0x64, 0x5f, 0x34, 0x33, 0x38, 0x2f,
  0x41, 0x64, 0x64, 0x3b, 0x6d, 0x6f, 0x64, 0x65, 0x6c, 0x5f, 0x32, 0x39,
  0x39, 0x2f, 0x74, 0x66, 0x2e, 0x6e, 0x6e, 0x2e, 0x63, 0x6f, 0x6e, 0x76,
  0x6f, 0x6c, 0x75, 0x74, 0x69, 0x6f, 0x6e, 0x5f, 0x34, 0x33, 0x38, 0x2f,
  0x63, 0x6f, 0x6e, 0x76, 0x6f, 0x6c, 0x75, 0x74, 0x69, 0x6f, 0x6e, 0x3b,
  0x43, 0x6f, 0x6e, 0x73, 0x74, 0x5f, 0x39, 0x31, 0x00, 0x00, 0x00, 0x00,
  0x01, 0x00, 0x00, 0x00, 0x10, 0x00, 0x00, 0x00, 0x3a, 0xf1, 0xff, 0xff,
  0x00, 0x00, 0x00, 0x01, 0x10, 0x00, 0x00, 0x00, 0x10, 0x00, 0x00, 0x00,
  0x29, 0x00, 0x00, 0x00, 0x80, 0x00, 0x00, 0x00, 0xac, 0xf0, 0xff, 0xff,
  0x70, 0x00, 0x00, 0x00, 0x6d, 0x6f, 0x64, 0x65, 0x6c, 0x5f, 0x32, 0x39,
  0x39, 0x2f, 0x74, 0x66, 0x2e, 0x6e, 0x6e, 0x2e, 0x72, 0x65, 0x6c, 0x75,
  0x5f, 0x34, 0x33, 0x39, 0x2f, 0x52, 0x65, 0x6c, 0x75, 0x3b, 0x6d, 0x6f,
  0x64, 0x65, 0x6c, 0x5f, 0x32, 0x39, 0x39, 0x2f, 0x74, 0x66, 0x2e, 0x6d,
  0x61, 0x74, 0x68, 0x2e, 0x61, 0x64, 0x64, 0x5f, 0x34, 0x33, 0x39, 0x2f,
  0x41, 0x64, 0x64, 0x3b, 0x6d, 0x6f, 0x64, 0x65, 0x6c, 0x5f, 0x32, 0x39,
  0x39, 0x2f, 0x74, 0x66, 0x2e, 0x6e, 0x6e, 0x2e, 0x63, 0x6f, 0x6e, 0x76,
  0x6f, 0x6c, 0x75, 0x74, 0x69, 0x6f, 0x6e, 0x5f, 0x34, 0x33, 0x39, 0x2f,
  0x63, 0x6f, 0x6e, 0x76, 0x6f, 0x6c, 0x75, 0x74, 0x69, 0x6f, 0x6e, 0x3b,
  0x43, 0x6f, 0x6e, 0x73, 0x74, 0x5f, 0x35, 0x31, 0x00, 0x00, 0x00, 0x00,
  0x01, 0x00, 0x00, 0x00, 0x10, 0x00, 0x00, 0x00, 0x8e, 0xf2, 0xff, 0xff,
  0x00, 0x00, 0x00, 0x01, 0x14, 0x00, 0x00, 0x00, 0x14, 0x00, 0x00, 0x00,
  0x28, 0x00, 0x00, 0x00, 0x00, 0x00, 0x00, 0x01, 0x7c, 0x00, 0x00, 0x00,
  0x4c, 0xf1, 0xff, 0xff, 0x6f, 0x00, 0x00, 0x00, 0x6d, 0x6f, 0x64, 0x65,
  0x6c, 0x5f, 0x32, 0x39, 0x39, 0x2f, 0x74, 0x66, 0x2e, 0x6e, 0x6e, 0x2e,
  0x72, 0x65, 0x6c, 0x75, 0x5f, 0x34, 0x33, 0x39, 0x2f, 0x52, 0x65, 0x6c,
  0x75, 0x3b, 0x6d, 0x6f, 0x64, 0x65, 0x6c, 0x5f, 0x32, 0x39, 0x39, 0x2f,
  0x74, 0x66, 0x2e, 0x6d, 0x61, 0x74, 0x68, 0x2e, 0x61, 0x64, 0x64, 0x5f,
  0x34, 0x33, 0x39, 0x2f, 0x41, 0x64, 0x64, 0x3b, 0x6d, 0x6f, 0x64, 0x65,
  0x6c, 0x5f, 0x32, 0x39, 0x39, 0x2f, 0x74, 0x66, 0x2e, 0x6e, 0x6e, 0x2e,
  0x63, 0x6f, 0x6e, 0x76, 0x6f, 0x6c, 0x75, 0x74, 0x69, 0x6f, 0x6e, 0x5f,
  0x34, 0x33, 0x39, 0x2f, 0x63, 0x6f, 0x6e, 0x76, 0x6f, 0x6c, 0x75, 0x74,
  0x69, 0x6f, 0x6e, 0x3b, 0x43, 0x6f, 0x6e, 0x73, 0x74, 0x5f, 0x35, 0x00,
  0x01, 0x00, 0x00, 0x00, 0x10, 0x00, 0x00, 0x00, 0x2a, 0xf3, 0xff, 0xff,
  0x00, 0x00, 0x00, 0x01, 0x14, 0x00, 0x00, 0x00, 0x14, 0x00, 0x00, 0x00,
  0x27, 0x00, 0x00, 0x00, 0x00, 0x00, 0x00, 0x01, 0x7c, 0x00, 0x00, 0x00,
  0xe8, 0xf1, 0xff, 0xff, 0x6f, 0x00, 0x00, 0x00, 0x6d, 0x6f, 0x64, 0x65,
  0x6c, 0x5f, 0x32, 0x39, 0x39, 0x2f, 0x74, 0x66, 0x2e, 0x6e, 0x6e, 0x2e,
  0x72, 0x65, 0x6c, 0x75, 0x5f, 0x34, 0x33, 0x38, 0x2f, 0x52, 0x65, 0x6c,
  0x75, 0x3b, 0x6d, 0x6f, 0x64, 0x65, 0x6c, 0x5f, 0x32, 0x39, 0x39, 0x2f,
  0x74, 0x66, 0x2e, 0x6d, 0x61, 0x74, 0x68, 0x2e, 0x61, 0x64, 0x64, 0x5f,
  0x34, 0x33, 0x38, 0x2f, 0x41, 0x64, 0x64, 0x3b, 0x6d, 0x6f, 0x64, 0x65,
  0x6c, 0x5f, 0x32, 0x39, 0x39, 0x2f, 0x74, 0x66, 0x2e, 0x6e, 0x6e, 0x2e,
  0x63, 0x6f, 0x6e, 0x76, 0x6f, 0x6c, 0x75, 0x74, 0x69, 0x6f, 0x6e, 0x5f,
  0x34, 0x33, 0x38, 0x2f, 0x63, 0x6f, 0x6e, 0x76, 0x6f, 0x6c, 0x75, 0x74,
  0x69, 0x6f, 0x6e, 0x3b, 0x43, 0x6f, 0x6e, 0x73, 0x74, 0x5f, 0x39, 0x00,
  0x01, 0x00, 0x00, 0x00, 0x10, 0x00, 0x00, 0x00, 0xc6, 0xf3, 0xff, 0xff,
  0x00, 0x00, 0x00, 0x01, 0x14, 0x00, 0x00, 0x00, 0x14, 0x00, 0x00, 0x00,
  0x26, 0x00, 0x00, 0x00, 0x00, 0x00, 0x00, 0x01, 0x80, 0x00, 0x00, 0x00,
  0x84, 0xf2, 0xff, 0xff, 0x70, 0x00, 0x00, 0x00, 0x6d, 0x6f, 0x64, 0x65,
  0x6c, 0x5f, 0x32, 0x39, 0x39, 0x2f, 0x74, 0x66, 0x2e, 0x6e, 0x6e, 0x2e,
  0x72, 0x65, 0x6c, 0x75, 0x5f, 0x34, 0x33, 0x37, 0x2f, 0x52, 0x65, 0x6c,
  0x75, 0x3b, 0x6d, 0x6f, 0x64, 0x65, 0x6c, 0x5f, 0x32, 0x39, 0x39, 0x2f,
  0x74, 0x66, 0x2e, 0x6d, 0x61, 0x74, 0x68, 0x2e, 0x61, 0x64, 0x64, 0x5f,
  0x34, 0x33, 0x37, 0x2f, 0x41, 0x64, 0x64, 0x3b, 0x6d, 0x6f, 0x64, 0x65,
  0x6c, 0x5f, 0x32, 0x39, 0x39, 0x2f, 0x74, 0x66, 0x2e, 0x6e, 0x6e, 0x2e,
  0x63, 0x6f, 0x6e, 0x76, 0x6f, 0x6c, 0x75, 0x74, 0x69, 0x6f, 0x6e, 0x5f,
  0x34, 0x33, 0x37, 0x2f, 0x63, 0x6f, 0x6e, 0x76, 0x6f, 0x6c, 0x75, 0x74,
  0x69, 0x6f, 0x6e, 0x3b, 0x43, 0x6f, 0x6e, 0x73, 0x74, 0x5f, 0x31, 0x33,
  0x00, 0x00, 0x00, 0x00, 0x01, 0x00, 0x00, 0x00, 0x10, 0x00, 0x00, 0x00,
  0x66, 0xf4, 0xff, 0xff, 0x00, 0x00, 0x00, 0x01, 0x14, 0x00, 0x00, 0x00,
  0x14, 0x00, 0x00, 0x00, 0x25, 0x00, 0x00, 0x00, 0x00, 0x00, 0x00, 0x01,
  0x80, 0x00, 0x00, 0x00, 0x24, 0xf3, 0xff, 0xff, 0x70, 0x00, 0x00, 0x00,
  0x6d, 0x6f, 0x64, 0x65, 0x6c, 0x5f, 0x32, 0x39, 0x39, 0x2f, 0x74, 0x66,
  0x2e, 0x6e, 0x6e, 0x2e, 0x72, 0x65, 0x6c, 0x75, 0x5f, 0x34, 0x33, 0x36,
  0x2f, 0x52, 0x65, 0x6c, 0x75, 0x3b, 0x6d, 0x6f, 0x64, 0x65, 0x6c, 0x5f,
  0x32, 0x39, 0x39, 0x2f, 0x74, 0x66, 0x2e, 0x6d, 0x61, 0x74, 0x68, 0x2e,
  0x61, 0x64, 0x64, 0x5f, 0x34, 0x33, 0x36, 0x2f, 0x41, 0x64, 0x64, 0x3b,
  0x6d, 0x6f, 0x64, 0x65, 0x6c, 0x5f, 0x32, 0x39, 0x39, 0x2f, 0x74, 0x66,
  0x2e, 0x6e, 0x6e, 0x2e, 0x63, 0x6f, 0x6e, 0x76, 0x6f, 0x6c, 0x75, 0x74,
  0x69, 0x6f, 0x6e, 0x5f, 0x34, 0x33, 0x36, 0x2f, 0x63, 0x6f, 0x6e, 0x76,
  0x6f, 0x6c, 0x75, 0x74, 0x69, 0x6f, 0x6e, 0x3b, 0x43, 0x6f, 0x6e, 0x73,
  0x74, 0x5f, 0x31, 0x37, 0x00, 0x00, 0x00, 0x00, 0x01, 0x00, 0x00, 0x00,
  0x10, 0x00, 0x00, 0x00, 0x06, 0xf5, 0xff, 0xff, 0x00, 0x00, 0x00, 0x01,
  0x14, 0x00, 0x00, 0x00, 0x14, 0x00, 0x00, 0x00, 0x24, 0x00, 0x00, 0x00,
  0x00, 0x00, 0x00, 0x01, 0x80, 0x00, 0x00, 0x00, 0xc4, 0xf3, 0xff, 0xff,
  0x70, 0x00, 0x00, 0x00, 0x6d, 0x6f, 0x64, 0x65, 0x6c, 0x5f, 0x32, 0x39,
  0x39, 0x2f, 0x74, 0x66, 0x2e, 0x6e, 0x6e, 0x2e, 0x72, 0x65, 0x6c, 0x75,
  0x5f, 0x34, 0x33, 0x35, 0x2f, 0x52, 0x65, 0x6c, 0x75, 0x3b, 0x6d, 0x6f,
  0x64, 0x65, 0x6c, 0x5f, 0x32, 0x39, 0x39, 0x2f, 0x74, 0x66, 0x2e, 0x6d,
  0x61, 0x74, 0x68, 0x2e, 0x61, 0x64, 0x64, 0x5f, 0x34, 0x33, 0x35, 0x2f,
  0x41, 0x64, 0x64, 0x3b, 0x6d, 0x6f, 0x64, 0x65, 0x6c, 0x5f, 0x32, 0x39,
  0x39, 0x2f, 0x74, 0x66, 0x2e, 0x6e, 0x6e, 0x2e, 0x63, 0x6f, 0x6e, 0x76,
  0x6f, 0x6c, 0x75, 0x74, 0x69, 0x6f, 0x6e, 0x5f, 0x34, 0x33, 0x35, 0x2f,
  0x63, 0x6f, 0x6e, 0x76, 0x6f, 0x6c, 0x75, 0x74, 0x69, 0x6f, 0x6e, 0x3b,
  0x43, 0x6f, 0x6e, 0x73, 0x74, 0x5f, 0x32, 0x31, 0x00, 0x00, 0x00, 0x00,
  0x01, 0x00, 0x00, 0x00, 0x10, 0x00, 0x00, 0x00, 0xa6, 0xf5, 0xff, 0xff,
  0x00, 0x00, 0x00, 0x01, 0x14, 0x00, 0x00, 0x00, 0x14, 0x00, 0x00, 0x00,
  0x23, 0x00, 0x00, 0x00, 0x00, 0x00, 0x00, 0x01, 0x80, 0x00, 0x00, 0x00,
  0x64, 0xf4, 0xff, 0xff, 0x70, 0x00, 0x00, 0x00, 0x6d, 0x6f, 0x64, 0x65,
  0x6c, 0x5f, 0x32, 0x39, 0x39, 0x2f, 0x74, 0x66, 0x2e, 0x6e, 0x6e, 0x2e,
  0x72, 0x65, 0x6c, 0x75, 0x5f, 0x34, 0x33, 0x34, 0x2f, 0x52, 0x65, 0x6c,
  0x75, 0x3b, 0x6d, 0x6f, 0x64, 0x65, 0x6c, 0x5f, 0x32, 0x39, 0x39, 0x2f,
  0x74, 0x66, 0x2e, 0x6d, 0x61, 0x74, 0x68, 0x2e, 0x61, 0x64, 0x64, 0x5f,
  0x34, 0x33, 0x34, 0x2f, 0x41, 0x64, 0x64, 0x3b, 0x6d, 0x6f, 0x64, 0x65,
  0x6c, 0x5f, 0x32, 0x39, 0x39, 0x2f, 0x74, 0x66, 0x2e, 0x6e, 0x6e, 0x2e,
  0x63, 0x6f, 0x6e, 0x76, 0x6f, 0x6c, 0x75, 0x74, 0x69, 0x6f, 0x6e, 0x5f,
  0x34, 0x33, 0x34, 0x2f, 0x63, 0x6f, 0x6e, 0x76, 0x6f, 0x6c, 0x75, 0x74,
  0x69, 0x6f, 0x6e, 0x3b, 0x43, 0x6f, 0x6e, 0x73, 0x74, 0x5f, 0x32, 0x35,
  0x00, 0x00, 0x00, 0x00, 0x01, 0x00, 0x00, 0x00, 0x10, 0x00, 0x00, 0x00,
  0x46, 0xf6, 0xff, 0xff, 0x00, 0x00, 0x00, 0x01, 0x14, 0x00, 0x00, 0x00,
  0x14, 0x00, 0x00, 0x00, 0x22, 0x00, 0x00, 0x00, 0x00, 0x00, 0x00, 0x01,
  0x80, 0x00, 0x00, 0x00, 0x04, 0xf5, 0xff, 0xff, 0x70, 0x00, 0x00, 0x00,
  0x6d, 0x6f, 0x64, 0x65, 0x6c, 0x5f, 0x32, 0x39, 0x39, 0x2f, 0x74, 0x66,
  0x2e, 0x6e, 0x6e, 0x2e, 0x72, 0x65, 0x6c, 0x75, 0x5f, 0x34, 0x33, 0x33,
  0x2f, 0x52, 0x65, 0x6c, 0x75, 0x3b, 0x6d, 0x6f, 0x64, 0x65, 0x6c, 0x5f,
  0x32, 0x39, 0x39, 0x2f, 0x74, 0x66, 0x2e, 0x6d, 0x61, 0x74, 0x68, 0x2e,
  0x61, 0x64, 0x64, 0x5f, 0x34, 0x33, 0x33, 0x2f, 0x41, 0x64, 0x64, 0x3b,
  0x6d, 0x6f, 0x64, 0x65, 0x6c, 0x5f, 0x32, 0x39, 0x39, 0x2f, 0x74, 0x66,
  0x2e, 0x6e, 0x6e, 0x2e, 0x63, 0x6f, 0x6e, 0x76, 0x6f, 0x6c, 0x75, 0x74,
  0x69, 0x6f, 0x6e, 0x5f, 0x34, 0x33, 0x33, 0x2f, 0x63, 0x6f, 0x6e, 0x76,
  0x6f, 0x6c, 0x75, 0x74, 0x69, 0x6f, 0x6e, 0x3b, 0x43, 0x6f, 0x6e, 0x73,
  0x74, 0x5f, 0x32, 0x39, 0x00, 0x00, 0x00, 0x00, 0x01, 0x00, 0x00, 0x00,
  0x10, 0x00, 0x00, 0x00, 0xe6, 0xf6, 0xff, 0xff, 0x00, 0x00, 0x00, 0x01,
  0x14, 0x00, 0x00, 0x00, 0x14, 0x00, 0x00, 0x00, 0x21, 0x00, 0x00, 0x00,
  0x00, 0x00, 0x00, 0x01, 0x80, 0x00, 0x00, 0x00, 0xa4, 0xf5, 0xff, 0xff,
  0x70, 0x00, 0x00, 0x00, 0x6d, 0x6f, 0x64, 0x65, 0x6c, 0x5f, 0x32, 0x39,
  0x39, 0x2f, 0x74, 0x66, 0x2e, 0x6e, 0x6e, 0x2e, 0x72, 0x65, 0x6c, 0x75,
  0x5f, 0x34, 0x33, 0x32, 0x2f, 0x52, 0x65, 0x6c, 0x75, 0x3b, 0x6d, 0x6f,
  0x64, 0x65, 0x6c, 0x5f, 0x32, 0x39, 0x39, 0x2f, 0x74, 0x66, 0x2e, 0x6d,
  0x61, 0x74, 0x68, 0x2e, 0x61, 0x64, 0x64, 0x5f, 0x34, 0x33, 0x32, 0x2f,
  0x41, 0x64, 0x64, 0x3b, 0x6d, 0x6f, 0x64, 0x65, 0x6c, 0x5f, 0x32, 0x39,
  0x39, 0x2f, 0x74, 0x66, 0x2e, 0x6e, 0x6e, 0x2e, 0x63, 0x6f, 0x6e, 0x76,
  0x6f, 0x6c, 0x75, 0x74, 0x69, 0x6f, 0x6e, 0x5f, 0x34, 0x33, 0x32, 0x2f,
  0x63, 0x6f, 0x6e, 0x76, 0x6f, 0x6c, 0x75, 0x74, 0x69, 0x6f, 0x6e, 0x3b,
  0x43, 0x6f, 0x6e, 0x73, 0x74, 0x5f, 0x33, 0x33, 0x00, 0x00, 0x00, 0x00,
  0x01, 0x00, 0x00, 0x00, 0x10, 0x00, 0x00, 0x00, 0x86, 0xf7, 0xff, 0xff,
  0x00, 0x00, 0x00, 0x01, 0x14, 0x00, 0x00, 0x00, 0x14, 0x00, 0x00, 0x00,
  0x20, 0x00, 0x00, 0x00, 0x00, 0x00, 0x00, 0x01, 0x38, 0x00, 0x00, 0x00,
  0x44, 0xf6, 0xff, 0xff, 0x28, 0x00, 0x00, 0x00, 0x6d, 0x6f, 0x64, 0x65,
  0x6c, 0x5f, 0x32, 0x39, 0x39, 0x2f, 0x74, 0x66, 0x2e, 0x5f, 0x5f, 0x6f,
  0x70, 0x65, 0x72, 0x61, 0x74, 0x6f, 0x72, 0x73, 0x5f, 0x5f, 0x2e, 0x61,
  0x64, 0x64, 0x5f, 0x32, 0x39, 0x39, 0x2f, 0x41, 0x64, 0x64, 0x56, 0x32,
  0x00, 0x00, 0x00, 0x00, 0x01, 0x00, 0x00, 0x00, 0x07, 0x00, 0x00, 0x00,
  0xde, 0xf7, 0xff, 0xff, 0x00, 0x00, 0x00, 0x01, 0x14, 0x00, 0x00, 0x00,
  0x14, 0x00, 0x00, 0x00, 0x1f, 0x00, 0x00, 0x00, 0x00, 0x00, 0x00, 0x01,
  0x38, 0x00, 0x00, 0x00, 0x9c, 0xf6, 0xff, 0xff, 0x2b, 0x00, 0x00, 0x00,
  0x6d, 0x6f, 0x64, 0x65, 0x6c, 0x5f, 0x32, 0x39, 0x39, 0x2f, 0x74, 0x66,
  0x2e, 0x6e, 0x6e, 0x2e, 0x63, 0x6f, 0x6e, 0x76, 0x6f, 0x6c, 0x75, 0x74,
  0x69, 0x6f, 0x6e, 0x5f, 0x34, 0x33, 0x39, 0x2f, 0x63, 0x6f, 0x6e, 0x76,
  0x6f, 0x6c, 0x75, 0x74, 0x69, 0x6f, 0x6e, 0x00, 0x04, 0x00, 0x00, 0x00,
  0x10, 0x00, 0x00, 0x00, 0x03, 0x00, 0x00, 0x00, 0x01, 0x00, 0x00, 0x00,
  0x10, 0x00, 0x00, 0x00, 0x42, 0xf8, 0xff, 0xff, 0x00, 0x00, 0x00, 0x01,
  0x14, 0x00, 0x00, 0x00, 0x14, 0x00, 0x00, 0x00, 0x1e, 0x00, 0x00, 0x00,
  0x00, 0x00, 0x00, 0x01, 0x38, 0x00, 0x00, 0x00, 0x00, 0xf7, 0xff, 0xff,
  0x2b, 0x00, 0x00, 0x00, 0x6d, 0x6f, 0x64, 0x65, 0x6c, 0x5f, 0x32, 0x39,
  0x39, 0x2f, 0x74, 0x66, 0x2e, 0x6e, 0x6e, 0x2e, 0x63, 0x6f, 0x6e, 0x76,
  0x6f, 0x6c, 0x75, 0x74, 0x69, 0x6f, 0x6e, 0x5f, 0x34, 0x33, 0x38, 0x2f,
  0x63, 0x6f, 0x6e, 0x76, 0x6f, 0x6c, 0x75, 0x74, 0x69, 0x6f, 0x6e, 0x00,
  0x04, 0x00, 0x00, 0x00, 0x10, 0x00, 0x00, 0x00, 0x03, 0x00, 0x00, 0x00,
  0x01, 0x00, 0x00, 0x00, 0x10, 0x00, 0x00, 0x00, 0xa6, 0xf8, 0xff, 0xff,
  0x00, 0x00, 0x00, 0x01, 0x14, 0x00, 0x00, 0x00, 0x14, 0x00, 0x00, 0x00,
  0x1d, 0x00, 0x00, 0x00, 0x00, 0x00, 0x00, 0x01, 0x38, 0x00, 0x00, 0x00,
  0x64, 0xf7, 0xff, 0xff, 0x2b, 0x00, 0x00, 0x00, 0x6d, 0x6f, 0x64, 0x65,
  0x6c, 0x5f, 0x32, 0x39, 0x39, 0x2f, 0x74, 0x66, 0x2e, 0x6e, 0x6e, 0x2e,
  0x63, 0x6f, 0x6e, 0x76, 0x6f, 0x6c, 0x75, 0x74, 0x69, 0x6f, 0x6e, 0x5f,
  0x34, 0x33, 0x37, 0x2f, 0x63, 0x6f, 0x6e, 0x76, 0x6f, 0x6c, 0x75, 0x74,
  0x69, 0x6f, 0x6e, 0x00, 0x04, 0x00, 0x00, 0x00, 0x10, 0x00, 0x00, 0x00,
  0x03, 0x00, 0x00, 0x00, 0x01, 0x00, 0x00, 0x00, 0x10, 0x00, 0x00, 0x00,
  0x0a, 0xf9, 0xff, 0xff, 0x00, 0x00, 0x00, 0x01, 0x14, 0x00, 0x00, 0x00,
  0x14, 0x00, 0x00, 0x00, 0x1c, 0x00, 0x00, 0x00, 0x00, 0x00, 0x00, 0x01,
  0x38, 0x00, 0x00, 0x00, 0xc8, 0xf7, 0xff, 0xff, 0x2b, 0x00, 0x00, 0x00,
  0x6d, 0x6f, 0x64, 0x65, 0x6c, 0x5f, 0x32, 0x39, 0x39, 0x2f, 0x74, 0x66,
  0x2e, 0x6e, 0x6e, 0x2e, 0x63, 0x6f, 0x6e, 0x76, 0x6f, 0x6c, 0x75, 0x74,
  0x69, 0x6f, 0x6e, 0x5f, 0x34, 0x33, 0x36, 0x2f, 0x63, 0x6f, 0x6e, 0x76,
  0x6f, 0x6c, 0x75, 0x74, 0x69, 0x6f, 0x6e, 0x00, 0x04, 0x00, 0x00, 0x00,
  0x10, 0x00, 0x00, 0x00, 0x03, 0x00, 0x00, 0x00, 0x01, 0x00, 0x00, 0x00,
  0x10, 0x00, 0x00, 0x00, 0x6e, 0xf9, 0xff, 0xff, 0x00, 0x00, 0x00, 0x01,
  0x14, 0x00, 0x00, 0x00, 0x14, 0x00, 0x00, 0x00, 0x1b, 0x00, 0x00, 0x00,
  0x00, 0x00, 0x00, 0x01, 0x38, 0x00, 0x00, 0x00, 0x2c, 0xf8, 0xff, 0xff,
  0x2b, 0x00, 0x00, 0x00, 0x6d, 0x6f, 0x64, 0x65, 0x6c, 0x5f, 0x32, 0x39,
  0x39, 0x2f, 0x74, 0x66, 0x2e, 0x6e, 0x6e, 0x2e, 0x63, 0x6f, 0x6e, 0x76,
  0x6f, 0x6c, 0x75, 0x74, 0x69, 0x6f, 0x6e, 0x5f, 0x34, 0x33, 0x35, 0x2f,
  0x63, 0x6f, 0x6e, 0x76, 0x6f, 0x6c, 0x75, 0x74, 0x69, 0x6f, 0x6e, 0x00,
  0x04, 0x00, 0x00, 0x00, 0x10, 0x00, 0x00, 0x00, 0x03, 0x00, 0x00, 0x00,
  0x01, 0x00, 0x00, 0x00, 0x10, 0x00, 0x00, 0x00, 0xd2, 0xf9, 0xff, 0xff,
  0x00, 0x00, 0x00, 0x01, 0x14, 0x00, 0x00, 0x00, 0x14, 0x00, 0x00, 0x00,
  0x1a, 0x00, 0x00, 0x00, 0x00, 0x00, 0x00, 0x01, 0x38, 0x00, 0x00, 0x00,
  0x90, 0xf8, 0xff, 0xff, 0x2b, 0x00, 0x00, 0x00, 0x6d, 0x6f, 0x64, 0x65,
  0x6c, 0x5f, 0x32, 0x39, 0x39, 0x2f, 0x74, 0x66, 0x2e, 0x6e, 0x6e, 0x2e,
  0x63, 0x6f, 0x6e, 0x76, 0x6f, 0x6c, 0x75, 0x74, 0x69, 0x6f, 0x6e, 0x5f,
  0x34, 0x33, 0x34, 0x2f, 0x63, 0x6f, 0x6e, 0x76, 0x6f, 0x6c, 0x75, 0x74,
  0x69, 0x6f, 0x6e, 0x00, 0x04, 0x00, 0x00, 0x00, 0x10, 0x00, 0x00, 0x00,
  0x03, 0x00, 0x00, 0x00, 0x01, 0x00, 0x00, 0x00, 0x10, 0x00, 0x00, 0x00,
  0x36, 0xfa, 0xff, 0xff, 0x00, 0x00, 0x00, 0x01, 0x14, 0x00, 0x00, 0x00,
  0x14, 0x00, 0x00, 0x00, 0x19, 0x00, 0x00, 0x00, 0x00, 0x00, 0x00, 0x01,
  0x38, 0x00, 0x00, 0x00, 0xf4, 0xf8, 0xff, 0xff, 0x2b, 0x00, 0x00, 0x00,
  0x6d, 0x6f, 0x64, 0x65, 0x6c, 0x5f, 0x32, 0x39, 0x39, 0x2f, 0x74, 0x66,
  0x2e, 0x6e, 0x6e, 0x2e, 0x63, 0x6f, 0x6e, 0x76, 0x6f, 0x6c, 0x75, 0x74,
  0x69, 0x6f, 0x6e, 0x5f, 0x34, 0x33, 0x33, 0x2f, 0x63, 0x6f, 0x6e, 0x76,
  0x6f, 0x6c, 0x75, 0x74, 0x69, 0x6f, 0x6e, 0x00, 0x04, 0x00, 0x00, 0x00,
  0x10, 0x00, 0x00, 0x00, 0x03, 0x00, 0x00, 0x00, 0x01, 0x00, 0x00, 0x00,
  0x10, 0x00, 0x00, 0x00, 0x9a, 0xfa, 0xff, 0xff, 0x00, 0x00, 0x00, 0x01,
  0x14, 0x00, 0x00, 0x00, 0x14, 0x00, 0x00, 0x00, 0x18, 0x00, 0x00, 0x00,
  0x00, 0x00, 0x00, 0x01, 0x38, 0x00, 0x00, 0x00, 0x58, 0xf9, 0xff, 0xff,
  0x2b, 0x00, 0x00, 0x00, 0x6d, 0x6f, 0x64, 0x65, 0x6c, 0x5f, 0x32, 0x39,
  0x39, 0x2f, 0x74, 0x66, 0x2e, 0x6e, 0x6e, 0x2e, 0x63, 0x6f, 0x6e, 0x76,
  0x6f, 0x6c, 0x75, 0x74, 0x69, 0x6f, 0x6e, 0x5f, 0x34, 0x33, 0x32, 0x2f,
  0x63, 0x6f, 0x6e, 0x76, 0x6f, 0x6c, 0x75, 0x74, 0x69, 0x6f, 0x6e, 0x00,
  0x04, 0x00, 0x00, 0x00, 0x10, 0x00, 0x00, 0x00, 0x03, 0x00, 0x00, 0x00,
  0x01, 0x00, 0x00, 0x00, 0x10, 0x00, 0x00, 0x00, 0xfe, 0xfa, 0xff, 0xff,
  0x00, 0x00, 0x00, 0x01, 0x14, 0x00, 0x00, 0x00, 0x14, 0x00, 0x00, 0x00,
  0x17, 0x00, 0x00, 0x00, 0x00, 0x00, 0x00, 0x01, 0x34, 0x00, 0x00, 0x00,
  0xbc, 0xf9, 0xff, 0xff, 0x24, 0x00, 0x00, 0x00, 0x6d, 0x6f, 0x64, 0x65,
  0x6c, 0x5f, 0x32, 0x39, 0x39, 0x2f, 0x74, 0x66, 0x2e, 0x6c, 0x69, 0x6e,
  0x61, 0x6c, 0x67, 0x2e, 0x6d, 0x61, 0x74, 0x6d, 0x75, 0x6c, 0x5f, 0x37,
  0x39, 0x2f, 0x4d, 0x61, 0x74, 0x4d, 0x75, 0x6c, 0x00, 0x00, 0x00, 0x00,
  0x02, 0x00, 0x00, 0x00, 0x07, 0x00, 0x00, 0x00, 0x10, 0x00, 0x00, 0x00,
  0x56, 0xfb, 0xff, 0xff, 0x00, 0x00, 0x00, 0x01, 0x14, 0x00, 0x00, 0x00,
  0x14, 0x00, 0x00, 0x00, 0x16, 0x00, 0x00, 0x00, 0x00, 0x00, 0x00, 0x01,
  0x18, 0x00, 0x00, 0x00, 0x14, 0xfa, 0xff, 0xff, 0x08, 0x00, 0x00, 0x00,
  0x43, 0x6f, 0x6e, 0x73, 0x74, 0x5f, 0x31, 0x31, 0x00, 0x00, 0x00, 0x00,
  0x01, 0x00, 0x00, 0x00, 0x10, 0x00, 0x00, 0x00, 0x8e, 0xfb, 0xff, 0xff,
  0x00, 0x00, 0x00, 0x01, 0x14, 0x00, 0x00, 0x00, 0x14, 0x00, 0x00, 0x00,
  0x15, 0x00, 0x00, 0x00, 0x00, 0x00, 0x00, 0x01, 0x18, 0x00, 0x00, 0x00,
  0x4c, 0xfa, 0xff, 0xff, 0x08, 0x00, 0x00, 0x00, 0x43, 0x6f, 0x6e, 0x73,
  0x74, 0x5f, 0x31, 0x32, 0x00, 0x00, 0x00, 0x00, 0x01, 0x00, 0x00, 0x00,
  0x10, 0x00, 0x00, 0x00, 0xc6, 0xfb, 0xff, 0xff, 0x00, 0x00, 0x00, 0x01,
  0x14, 0x00, 0x00, 0x00, 0x14, 0x00, 0x00, 0x00, 0x14, 0x00, 0x00, 0x00,
  0x00, 0x00, 0x00, 0x01, 0x18, 0x00, 0x00, 0x00, 0x84, 0xfa, 0xff, 0xff,
  0x08, 0x00, 0x00, 0x00, 0x43, 0x6f, 0x6e, 0x73, 0x74, 0x5f, 0x31, 0x35,
  0x00, 0x00, 0x00, 0x00, 0x01, 0x00, 0x00, 0x00, 0x10, 0x00, 0x00, 0x00,
  0xfe, 0xfb, 0xff, 0xff, 0x00, 0x00, 0x00, 0x01, 0x14, 0x00, 0x00, 0x00,
  0x14, 0x00, 0x00, 0x00, 0x13, 0x00, 0x00, 0x00, 0x00, 0x00, 0x00, 0x01,
  0x18, 0x00, 0x00, 0x00, 0xbc, 0xfa, 0xff, 0xff, 0x08, 0x00, 0x00, 0x00,
  0x43, 0x6f, 0x6e, 0x73, 0x74, 0x5f, 0x31, 0x36, 0x00, 0x00, 0x00, 0x00,
  0x01, 0x00, 0x00, 0x00, 0x10, 0x00, 0x00, 0x00, 0x36, 0xfc, 0xff, 0xff,
  0x00, 0x00, 0x00, 0x01, 0x14, 0x00, 0x00, 0x00, 0x14, 0x00, 0x00, 0x00,
  0x12, 0x00, 0x00, 0x00, 0x00, 0x00, 0x00, 0x01, 0x18, 0x00, 0x00, 0x00,
  0xf4, 0xfa, 0xff, 0xff, 0x08, 0x00, 0x00, 0x00, 0x43, 0x6f, 0x6e, 0x73,
  0x74, 0x5f, 0x31, 0x39, 0x00, 0x00, 0x00, 0x00, 0x01, 0x00, 0x00, 0x00,
  0x10, 0x00, 0x00, 0x00, 0x6e, 0xfc, 0xff, 0xff, 0x00, 0x00, 0x00, 0x01,
  0x14, 0x00, 0x00, 0x00, 0x14, 0x00, 0x00, 0x00, 0x11, 0x00, 0x00, 0x00,
  0x00, 0x00, 0x00, 0x01, 0x18, 0x00, 0x00, 0x00, 0x2c, 0xfb, 0xff, 0xff,
  0x08, 0x00, 0x00, 0x00, 0x43, 0x6f, 0x6e, 0x73, 0x74, 0x5f, 0x32, 0x30,
  0x00, 0x00, 0x00, 0x00, 0x01, 0x00, 0x00, 0x00, 0x10, 0x00, 0x00, 0x00,
  0xa6, 0xfc, 0xff, 0xff, 0x00, 0x00, 0x00, 0x01, 0x14, 0x00, 0x00, 0x00,
  0x14, 0x00, 0x00, 0x00, 0x10, 0x00, 0x00, 0x00, 0x00, 0x00, 0x00, 0x01,
  0x18, 0x00, 0x00, 0x00, 0x64, 0xfb, 0xff, 0xff, 0x08, 0x00, 0x00, 0x00,
  0x43, 0x6f, 0x6e, 0x73, 0x74, 0x5f, 0x32, 0x33, 0x00, 0x00, 0x00, 0x00,
  0x01, 0x00, 0x00, 0x00, 0x10, 0x00, 0x00, 0x00, 0xde, 0xfc, 0xff, 0xff,
  0x00, 0x00, 0x00, 0x01, 0x14, 0x00, 0x00, 0x00, 0x14, 0x00, 0x00, 0x00,
  0x0f, 0x00, 0x00, 0x00, 0x00, 0x00, 0x00, 0x01, 0x18, 0x00, 0x00, 0x00,
  0x9c, 0xfb, 0xff, 0xff, 0x08, 0x00, 0x00, 0x00, 0x43, 0x6f, 0x6e, 0x73,
  0x74, 0x5f, 0x32, 0x34, 0x00, 0x00, 0x00, 0x00, 0x01, 0x00, 0x00, 0x00,
  0x10, 0x00, 0x00, 0x00, 0x16, 0xfd, 0xff, 0xff, 0x00, 0x00, 0x00, 0x01,
  0x14, 0x00, 0x00, 0x00, 0x14, 0x00, 0x00, 0x00, 0x0e, 0x00, 0x00, 0x00,
  0x00, 0x00, 0x00, 0x01, 0x18, 0x00, 0x00, 0x00, 0xd4, 0xfb, 0xff, 0xff,
  0x08, 0x00, 0x00, 0x00, 0x43, 0x6f, 0x6e, 0x73, 0x74, 0x5f, 0x32, 0x37,
  0x00, 0x00, 0x00, 0x00, 0x01, 0x00, 0x00, 0x00, 0x10, 0x00, 0x00, 0x00,
  0x4e, 0xfd, 0xff, 0xff, 0x00, 0x00, 0x00, 0x01, 0x14, 0x00, 0x00, 0x00,
  0x14, 0x00, 0x00, 0x00, 0x0d, 0x00, 0x00, 0x00, 0x00, 0x00, 0x00, 0x01,
  0x18, 0x00, 0x00, 0x00, 0x0c, 0xfc, 0xff, 0xff, 0x08, 0x00, 0x00, 0x00,
  0x43, 0x6f, 0x6e, 0x73, 0x74, 0x5f, 0x32, 0x38, 0x00, 0x00, 0x00, 0x00,
  0x01, 0x00, 0x00, 0x00, 0x10, 0x00, 0x00, 0x00, 0x86, 0xfd, 0xff, 0xff,
  0x00, 0x00, 0x00, 0x01, 0x14, 0x00, 0x00, 0x00, 0x14, 0x00, 0x00, 0x00,
  0x0c, 0x00, 0x00, 0x00, 0x00, 0x00, 0x00, 0x01, 0x14, 0x00, 0x00, 0x00,
  0x44, 0xfc, 0xff, 0xff, 0x07, 0x00, 0x00, 0x00, 0x43, 0x6f, 0x6e, 0x73,
  0x74, 0x5f, 0x33, 0x00, 0x01, 0x00, 0x00, 0x00, 0x10, 0x00, 0x00, 0x00,
  0xba, 0xfd, 0xff, 0xff, 0x00, 0x00, 0x00, 0x01, 0x14, 0x00, 0x00, 0x00,
  0x14, 0x00, 0x00, 0x00, 0x0b, 0x00, 0x00, 0x00, 0x00, 0x00, 0x00, 0x01,
  0x18, 0x00, 0x00, 0x00, 0x78, 0xfc, 0xff, 0xff, 0x08, 0x00, 0x00, 0x00,
  0x43, 0x6f, 0x6e, 0x73, 0x74, 0x5f, 0x33, 0x31, 0x00, 0x00, 0x00, 0x00,
  0x01, 0x00, 0x00, 0x00, 0x10, 0x00, 0x00, 0x00, 0xf2, 0xfd, 0xff, 0xff,
  0x00, 0x00, 0x00, 0x01, 0x14, 0x00, 0x00, 0x00, 0x14, 0x00, 0x00, 0x00,
  0x0a, 0x00, 0x00, 0x00, 0x00, 0x00, 0x00, 0x01, 0x18, 0x00, 0x00, 0x00,
  0xb0, 0xfc, 0xff, 0xff, 0x08, 0x00, 0x00, 0x00, 0x43, 0x6f, 0x6e, 0x73,
  0x74, 0x5f, 0x33, 0x32, 0x00, 0x00, 0x00, 0x00, 0x01, 0x00, 0x00, 0x00,
  0x10, 0x00, 0x00, 0x00, 0x2a, 0xfe, 0xff, 0xff, 0x00, 0x00, 0x00, 0x01,
  0x14, 0x00, 0x00, 0x00, 0x14, 0x00, 0x00, 0x00, 0x09, 0x00, 0x00, 0x00,
  0x00, 0x00, 0x00, 0x01, 0x18, 0x00, 0x00, 0x00, 0xe8, 0xfc, 0xff, 0xff,
  0x08, 0x00, 0x00, 0x00, 0x43, 0x6f, 0x6e, 0x73, 0x74, 0x5f, 0x33, 0x35,
  0x00, 0x00, 0x00, 0x00, 0x01, 0x00, 0x00, 0x00, 0x10, 0x00, 0x00, 0x00,
  0x62, 0xfe, 0xff, 0xff, 0x00, 0x00, 0x00, 0x01, 0x14, 0x00, 0x00, 0x00,
  0x14, 0x00, 0x00, 0x00, 0x08, 0x00, 0x00, 0x00, 0x00, 0x00, 0x00, 0x01,
  0x18, 0x00, 0x00, 0x00, 0x20, 0xfd, 0xff, 0xff, 0x08, 0x00, 0x00, 0x00,
  0x43, 0x6f, 0x6e, 0x73, 0x74, 0x5f, 0x33, 0x36, 0x00, 0x00, 0x00, 0x00,
  0x01, 0x00, 0x00, 0x00, 0x10, 0x00, 0x00, 0x00, 0x9a, 0xfe, 0xff, 0xff,
  0x00, 0x00, 0x00, 0x01, 0x14, 0x00, 0x00, 0x00, 0x14, 0x00, 0x00, 0x00,
  0x07, 0x00, 0x00, 0x00, 0x00, 0x00, 0x00, 0x01, 0x14, 0x00, 0x00, 0x00,
  0x58, 0xfd, 0xff, 0xff, 0x07, 0x00, 0x00, 0x00, 0x43, 0x6f, 0x6e, 0x73,
  0x74, 0x5f, 0x34, 0x00, 0x01, 0x00, 0x00, 0x00, 0x10, 0x00, 0x00, 0x00,
  0xce, 0xfe, 0xff, 0xff, 0x00, 0x00, 0x00, 0x01, 0x14, 0x00, 0x00, 0x00,
  0x14, 0x00, 0x00, 0x00, 0x06, 0x00, 0x00, 0x00, 0x00, 0x00, 0x00, 0x01,
  0x14, 0x00, 0x00, 0x00, 0x8c, 0xfd, 0xff, 0xff, 0x07, 0x00, 0x00, 0x00,
  0x43, 0x6f, 0x6e, 0x73, 0x74, 0x5f, 0x37, 0x00, 0x01, 0x00, 0x00, 0x00,
  0x10, 0x00, 0x00, 0x00, 0x02, 0xff, 0xff, 0xff, 0x00, 0x00, 0x00, 0x01,
  0x14, 0x00, 0x00, 0x00, 0x14, 0x00, 0x00, 0x00, 0x05, 0x00, 0x00, 0x00,
  0x00, 0x00, 0x00, 0x01, 0x14, 0x00, 0x00, 0x00, 0xc0, 0xfd, 0xff, 0xff,
  0x07, 0x00, 0x00, 0x00, 0x43, 0x6f, 0x6e, 0x73, 0x74, 0x5f, 0x38, 0x00,
  0x01, 0x00, 0x00, 0x00, 0x10, 0x00, 0x00, 0x00, 0x36, 0xff, 0xff, 0xff,
  0x00, 0x00, 0x00, 0x01, 0x14, 0x00, 0x00, 0x00, 0x14, 0x00, 0x00, 0x00,
  0x04, 0x00, 0x00, 0x00, 0x00, 0x00, 0x00, 0x02, 0x44, 0x00, 0x00, 0x00,
  0xf4, 0xfd, 0xff, 0xff, 0x37, 0x00, 0x00, 0x00, 0x6d, 0x6f, 0x64, 0x65,
  0x6c, 0x5f, 0x32, 0x39, 0x39, 0x2f, 0x74, 0x66, 0x2e, 0x6d, 0x61, 0x74,
  0x68, 0x2e, 0x72, 0x65, 0x64, 0x75, 0x63, 0x65, 0x5f, 0x6d, 0x65, 0x61,
  0x6e, 0x5f, 0x37, 0x39, 0x2f, 0x4d, 0x65, 0x61, 0x6e, 0x2f, 0x72, 0x65,
  0x64, 0x75, 0x63, 0x74, 0x69, 0x6f, 0x6e, 0x5f, 0x69, 0x6e, 0x64, 0x69,
  0x63, 0x65, 0x73, 0x00, 0x01, 0x00, 0x00, 0x00, 0x02, 0x00, 0x00, 0x00,
  0x9a, 0xff, 0xff, 0xff, 0x00, 0x00, 0x00, 0x01, 0x14, 0x00, 0x00, 0x00,
  0x14, 0x00, 0x00, 0x00, 0x03, 0x00, 0x00, 0x00, 0x00, 0x00, 0x00, 0x01,
  0x38, 0x00, 0x00, 0x00, 0x58, 0xfe, 0xff, 0xff, 0x2b, 0x00, 0x00, 0x00,
  0x6d, 0x6f, 0x64, 0x65, 0x6c, 0x5f, 0x32, 0x39, 0x39, 0x2f, 0x74, 0x66,
  0x2e, 0x6e, 0x6e, 0x2e, 0x63, 0x6f, 0x6e, 0x76, 0x6f, 0x6c, 0x75, 0x74,
  0x69, 0x6f, 0x6e, 0x5f, 0x34, 0x33, 0x31, 0x2f, 0x63, 0x6f, 0x6e, 0x76,
  0x6f, 0x6c, 0x75, 0x74, 0x69, 0x6f, 0x6e, 0x00, 0x04, 0x00, 0x00, 0x00,
  0x10, 0x00, 0x00, 0x00, 0x03, 0x00, 0x00, 0x00, 0x01, 0x00, 0x00, 0x00,
  0x09, 0x00, 0x00, 0x00, 0x00, 0x00, 0x16, 0x00, 0x1c, 0x00, 0x18, 0x00,
  0x17, 0x00, 0x10, 0x00, 0x0c, 0x00, 0x08, 0x00, 0x00, 0x00, 0x00, 0x00,
  0x00, 0x00, 0x07, 0x00, 0x16, 0x00, 0x00, 0x00, 0x00, 0x00, 0x00, 0x01,
  0x14, 0x00, 0x00, 0x00, 0x14, 0x00, 0x00, 0x00, 0x02, 0x00, 0x00, 0x00,
  0x00, 0x00, 0x00, 0x01, 0x80, 0x00, 0x00, 0x00, 0xd4, 0xfe, 0xff, 0xff,
  0x70, 0x00, 0x00, 0x00, 0x6d, 0x6f, 0x64, 0x65, 0x6c, 0x5f, 0x32, 0x39,
  0x39, 0x2f, 0x74, 0x66, 0x2e, 0x6e, 0x6e, 0x2e, 0x72, 0x65, 0x6c, 0x75,
  0x5f, 0x34, 0x33, 0x31, 0x2f, 0x52, 0x65, 0x6c, 0x75, 0x3b, 0x6d, 0x6f,
  0x64, 0x65, 0x6c, 0x5f, 0x32, 0x39, 0x39, 0x2f, 0x74, 0x66, 0x2e, 0x6d,
  0x61, 0x74, 0x68, 0x2e, 0x61, 0x64, 0x64, 0x5f, 0x34, 0x33, 0x31, 0x2f,
  0x41, 0x64, 0x64, 0x3b, 0x6d, 0x6f, 0x64, 0x65, 0x6c, 0x5f, 0x32, 0x39,
  0x39, 0x2f, 0x74, 0x66, 0x2e, 0x6e, 0x6e, 0x2e, 0x63, 0x6f, 0x6e, 0x76,
  0x6f, 0x6c, 0x75, 0x74, 0x69, 0x6f, 0x6e, 0x5f, 0x34, 0x33, 0x31, 0x2f,
  0x63, 0x6f, 0x6e, 0x76, 0x6f, 0x6c, 0x75, 0x74, 0x69, 0x6f, 0x6e, 0x3b,
  0x43, 0x6f, 0x6e, 0x73, 0x74, 0x5f, 0x33, 0x37, 0x00, 0x00, 0x00, 0x00,
  0x01, 0x00, 0x00, 0x00, 0x10, 0x00, 0x00, 0x00, 0x00, 0x00, 0x16, 0x00,
  0x18, 0x00, 0x14, 0x00, 0x00, 0x00, 0x10, 0x00, 0x0c, 0x00, 0x08, 0x00,
  0x00, 0x00, 0x00, 0x00, 0x00, 0x00, 0x07, 0x00, 0x16, 0x00, 0x00, 0x00,
  0x00, 0x00, 0x00, 0x01, 0x10, 0x00, 0x00, 0x00, 0x10, 0x00, 0x00, 0x00,
  0x01, 0x00, 0x00, 0x00, 0x24, 0x00, 0x00, 0x00, 0x88, 0xff, 0xff, 0xff,
  0x17, 0x00, 0x00, 0x00, 0x73, 0x65, 0x72, 0x76, 0x69, 0x6e, 0x67, 0x5f,
  0x64, 0x65, 0x66, 0x61, 0x75, 0x6c, 0x74, 0x5f, 0x69, 0x6e, 0x70, 0x75,
  0x74, 0x3a, 0x30, 0x00, 0x04, 0x00, 0x00, 0x00, 0x01, 0x00, 0x00, 0x00,
  0x05, 0x00, 0x00, 0x00, 0x01, 0x00, 0x00, 0x00, 0x09, 0x00, 0x00, 0x00,
  0x07, 0x00, 0x00, 0x00, 0x78, 0x00, 0x00, 0x00, 0x5c, 0x00, 0x00, 0x00,
  0x40, 0x00, 0x00, 0x00, 0x38, 0x00, 0x00, 0x00, 0x24, 0x00, 0x00, 0x00,
  0x14, 0x00, 0x00, 0x00, 0x04, 0x00, 0x00, 0x00, 0xc8, 0xff, 0xff, 0xff,
  0x19, 0x00, 0x00, 0x00, 0x00, 0x00, 0x00, 0x19, 0xd4, 0xff, 0xff, 0xff,
  0x09, 0x00, 0x00, 0x00, 0x00, 0x00, 0x00, 0x09, 0xe0, 0xff, 0xff, 0xff,
  0x28, 0x00, 0x00, 0x00, 0x00, 0x00, 0x00, 0x28, 0x04, 0x00, 0x04, 0x00,
  0x04, 0x00, 0x00, 0x00, 0xf4, 0xff, 0xff, 0xff, 0x12, 0x00, 0x00, 0x00,
  0x00, 0x00, 0x00, 0x12, 0x0c, 0x00, 0x0c, 0x00, 0x0b, 0x00, 0x00, 0x00,
  0x00, 0x00, 0x04, 0x00, 0x0c, 0x00, 0x00, 0x00, 0x03, 0x00, 0x00, 0x00,
  0x00, 0x00, 0x00, 0x03, 0x0c, 0x00, 0x10, 0x00, 0x0f, 0x00, 0x00, 0x00,
  0x08, 0x00, 0x04, 0x00, 0x0c, 0x00, 0x00, 0x00, 0x06, 0x00, 0x00, 0x00,
  0x03, 0x00, 0x00, 0x00, 0x00, 0x00, 0x00, 0x06
};
unsigned int tflite_models_torch_conv_9_5_ON_float16_tflite_len = 30176;
