unsigned char tflite_models_torch_dense_3_20_ON_float16_tflite[] = {
  0x1c, 0x00, 0x00, 0x00, 0x54, 0x46, 0x4c, 0x33, 0x14, 0x00, 0x20, 0x00,
  0x1c, 0x00, 0x18, 0x00, 0x14, 0x00, 0x10, 0x00, 0x0c, 0x00, 0x00, 0x00,
  0x08, 0x00, 0x04, 0x00, 0x14, 0x00, 0x00, 0x00, 0x1c, 0x00, 0x00, 0x00,
  0x80, 0x00, 0x00, 0x00, 0x08, 0x01, 0x00, 0x00, 0xf8, 0x40, 0x00, 0x00,
  0x08, 0x41, 0x00, 0x00, 0x18, 0x54, 0x00, 0x00, 0x03, 0x00, 0x00, 0x00,
  0x01, 0x00, 0x00, 0x00, 0x04, 0x00, 0x00, 0x00, 0x22, 0xbd, 0xff, 0xff,
  0x0c, 0x00, 0x00, 0x00, 0x1c, 0x00, 0x00, 0x00, 0x38, 0x00, 0x00, 0x00,
  0x0f, 0x00, 0x00, 0x00, 0x73, 0x65, 0x72, 0x76, 0x69, 0x6e, 0x67, 0x5f,
  0x64, 0x65, 0x66, 0x61, 0x75, 0x6c, 0x74, 0x00, 0x01, 0x00, 0x00, 0x00,
  0x04, 0x00, 0x00, 0x00, 0x6c, 0xff, 0xff, 0xff, 0x19, 0x00, 0x00, 0x00,
  0x04, 0x00, 0x00, 0x00, 0x06, 0x00, 0x00, 0x00, 0x6f, 0x75, 0x74, 0x70,
  0x75, 0x74, 0x00, 0x00, 0x01, 0x00, 0x00, 0x00, 0x04, 0x00, 0x00, 0x00,
  0xc2, 0xbe, 0xff, 0xff, 0x04, 0x00, 0x00, 0x00, 0x05, 0x00, 0x00, 0x00,
  0x69, 0x6e, 0x70, 0x75, 0x74, 0x00, 0x00, 0x00, 0x03, 0x00, 0x00, 0x00,
  0x64, 0x00, 0x00, 0x00, 0x2c, 0x00, 0x00, 0x00, 0x04, 0x00, 0x00, 0x00,
  0xb0, 0xff, 0xff, 0xff, 0x1d, 0x00, 0x00, 0x00, 0x04, 0x00, 0x00, 0x00,
  0x13, 0x00, 0x00, 0x00, 0x43, 0x4f, 0x4e, 0x56, 0x45, 0x52, 0x53, 0x49,
  0x4f, 0x4e, 0x5f, 0x4d, 0x45, 0x54, 0x41, 0x44, 0x41, 0x54, 0x41, 0x00,
  0xd4, 0xff, 0xff, 0xff, 0x1c, 0x00, 0x00, 0x00, 0x04, 0x00, 0x00, 0x00,
  0x19, 0x00, 0x00, 0x00, 0x72, 0x65, 0x64, 0x75, 0x63, 0x65, 0x64, 0x5f,
  0x70, 0x72, 0x65, 0x63, 0x69, 0x73, 0x69, 0x6f, 0x6e, 0x5f, 0x73, 0x75,
  0x70, 0x70, 0x6f, 0x72, 0x74, 0x00, 0x00, 0x00, 0x08, 0x00, 0x0c, 0x00,
  0x08, 0x00, 0x04, 0x00, 0x08, 0x00, 0x00, 0x00, 0x1b, 0x00, 0x00, 0x00,
  0x04, 0x00, 0x00, 0x00, 0x13, 0x00, 0x00, 0x00, 0x6d, 0x69, 0x6e, 0x5f,
  0x72, 0x75, 0x6e, 0x74, 0x69, 0x6d, 0x65, 0x5f, 0x76, 0x65, 0x72, 0x73,
  0x69, 0x6f, 0x6e, 0x00, 0x1e, 0x00, 0x00, 0x00, 0xec, 0x3f, 0x00, 0x00,
  0xe4, 0x3f, 0x00, 0x00, 0xc8, 0x3f, 0x00, 0x00, 0xb4, 0x3f, 0x00, 0x00,
  0xa4, 0x36, 0x00, 0x00, 0x84, 0x36, 0x00, 0x00, 0x94, 0x35, 0x00, 0x00,
  0x84, 0x34, 0x00, 0x00, 0x18, 0x34, 0x00, 0x00, 0x08, 0x07, 0x00, 0x00,
  0xd8, 0x06, 0x00, 0x00, 0x28, 0x01, 0x00, 0x00, 0x20, 0x01, 0x00, 0x00,
  0x18, 0x01, 0x00, 0x00, 0x10, 0x01, 0x00, 0x00, 0x08, 0x01, 0x00, 0x00,
  0x00, 0x01, 0x00, 0x00, 0xf8, 0x00, 0x00, 0x00, 0xf0, 0x00, 0x00, 0x00,
  0xe8, 0x00, 0x00, 0x00, 0xe0, 0x00, 0x00, 0x00, 0xd8, 0x00, 0x00, 0x00,
  0xd0, 0x00, 0x00, 0x00, 0xc8, 0x00, 0x00, 0x00, 0xc0, 0x00, 0x00, 0x00,
  0xb8, 0x00, 0x00, 0x00, 0xb0, 0x00, 0x00, 0x00, 0x90, 0x00, 0x00, 0x00,
  0x74, 0x00, 0x00, 0x00, 0x04, 0x00, 0x00, 0x00, 0xde, 0xbf, 0xff, 0xff,
  0x04, 0x00, 0x00, 0x00, 0x60, 0x00, 0x00, 0x00, 0x0c, 0x00, 0x00, 0x00,
  0x08, 0x00, 0x0e, 0x00, 0x08, 0x00, 0x04, 0x00, 0x08, 0x00, 0x00, 0x00,
  0x10, 0x00, 0x00, 0x00, 0x28, 0x00, 0x00, 0x00, 0x00, 0x00, 0x06, 0x00,
  0x08, 0x00, 0x04, 0x00, 0x06, 0x00, 0x00, 0x00, 0x04, 0x00, 0x00, 0x00,
  0x01, 0x00, 0x00, 0x00, 0xe9, 0x03, 0x00, 0x00, 0x0c, 0x00, 0x18, 0x00,
  0x14, 0x00, 0x10, 0x00, 0x0c, 0x00, 0x04, 0x00, 0x0c, 0x00, 0x00, 0x00,
  0x67, 0xb0, 0x93, 0x94, 0x9d, 0xf8, 0xd1, 0x8d, 0x01, 0x00, 0x00, 0x00,
  0x02, 0x00, 0x00, 0x00, 0x04, 0x00, 0x00, 0x00, 0x06, 0x00, 0x00, 0x00,
  0x32, 0x2e, 0x32, 0x31, 0x2e, 0x30, 0x00, 0x00, 0x4a, 0xc0, 0xff, 0xff,
  0x04, 0x00, 0x00, 0x00, 0x0b, 0x00, 0x00, 0x00, 0x66, 0x70, 0x31, 0x36,
  0x61, 0x63, 0x63, 0x66, 0x70, 0x33, 0x32, 0x00, 0x62, 0xc0, 0xff, 0xff,
  0x04, 0x00, 0x00, 0x00, 0x10, 0x00, 0x00, 0x00, 0x31, 0x2e, 0x31, 0x35,
  0x2e, 0x30, 0x00, 0x00, 0x00, 0x00, 0x00, 0x00, 0x00, 0x00, 0x00, 0x00,
  0x38, 0xae, 0xff, 0xff, 0x3c, 0xae, 0xff, 0xff, 0x40, 0xae, 0xff, 0xff,
  0x44, 0xae, 0xff, 0xff, 0x48, 0xae, 0xff, 0xff, 0x4c, 0xae, 0xff, 0xff,
  0x50, 0xae, 0xff, 0xff, 0x54, 0xae, 0xff, 0xff, 0x58, 0xae, 0xff, 0xff,
  0x5c, 0xae, 0xff, 0xff, 0x60, 0xae, 0xff, 0xff, 0x64, 0xae, 0xff, 0xff,
  0x68, 0xae, 0xff, 0xff, 0x6c, 0xae, 0xff, 0xff, 0x70, 0xae, 0xff, 0xff,
  0xba, 0xc0, 0xff, 0xff, 0x04, 0x00, 0x00, 0x00, 0xa0, 0x05, 0x00, 0x00,
  0x0b, 0xb1, 0x4e, 0xd4, 0x47, 0x36, 0xd3, 0x36, 0x08, 0x30, 0x34, 0x33,
  0x32, 0xad, 0xe0, 0x25, 0x77, 0x36, 0x6b, 0x33, 0x37, 0x48, 0x47, 0x22,
  0xc5, 0x2f, 0xcc, 0x29, 0x14, 0xd1, 0x09, 0x39, 0x34, 0xa9, 0x9a, 0x29,
  0x47, 0xbd, 0xe4, 0xa8, 0x67, 0x34, 0x75, 0xbf, 0x61, 0x3c, 0xd6, 0xb1,
  0xc8, 0xad, 0x23, 0x38, 0x4b, 0x2c, 0x78, 0xaf, 0xf3, 0x29, 0x50, 0xc5,
  0xb4, 0xb1, 0xcf, 0xb2, 0x7d, 0xcb, 0xd4, 0xac, 0xb0, 0x30, 0xca, 0xd3,
  0x58, 0xab, 0xf8, 0x28, 0x29, 0x37, 0x71, 0x3a, 0xa1, 0xae, 0x37, 0xb4,
  0x3a, 0xaf, 0x6e, 0x2c, 0x73, 0x2d, 0x9e, 0xa7, 0x40, 0xd0, 0x8b, 0x2c,
  0x48, 0x2c, 0x53, 0x2d, 0xaf, 0x33, 0xf8, 0x27, 0x09, 0x38, 0xef, 0x36,
  0x32, 0x33, 0x0a, 0xcb, 0xe9, 0xae, 0x7c, 0x2a, 0x78, 0xb2, 0x57, 0xd6,
  0x11, 0x35, 0x26, 0xaa, 0xd5, 0xb0, 0xb9, 0x3c, 0xc3, 0x23, 0x37, 0x33,
  0x55, 0xbc, 0x28, 0x39, 0xa7, 0x2b, 0x37, 0xb3, 0x34, 0xb5, 0x0c, 0xad,
  0xab, 0xa4, 0x61, 0x25, 0x06, 0xc1, 0xb2, 0x31, 0x77, 0x2d, 0xd9, 0x41,
  0x8d, 0x35, 0x7e, 0x26, 0xd3, 0xd0, 0x98, 0xa9, 0x1a, 0x2f, 0xa4, 0xaf,
  0x78, 0x38, 0xa9, 0x2c, 0xe2, 0x36, 0xd0, 0xb0, 0x77, 0x2f, 0xec, 0xab,
  0xa3, 0xaf, 0x91, 0xc8, 0x0c, 0xab, 0x40, 0x36, 0x4b, 0xb3, 0xbf, 0xac,
  0x6e, 0xb3, 0xd3, 0x32, 0x29, 0x2d, 0xbb, 0x34, 0x45, 0xcc, 0x2e, 0x2c,
  0x77, 0x2b, 0x4b, 0xae, 0xf1, 0xd5, 0xa7, 0x39, 0x2e, 0xb0, 0x41, 0x2c,
  0xfe, 0xbf, 0x87, 0xb4, 0x35, 0xa4, 0x97, 0xba, 0x4b, 0x2e, 0x14, 0x25,
  0x89, 0x2f, 0x02, 0x2c, 0x10, 0x9c, 0x7e, 0xa9, 0x5d, 0xa8, 0x1d, 0xc7,
  0x3a, 0xac, 0xad, 0xaf, 0x4e, 0xd1, 0xea, 0xaf, 0x0b, 0x30, 0x0f, 0xcf,
  0x8c, 0xac, 0x68, 0x35, 0x6b, 0x34, 0x70, 0x2a, 0x64, 0x2f, 0x6c, 0x2e,
  0xc3, 0x38, 0x07, 0x8d, 0x63, 0x9c, 0x04, 0xa9, 0x57, 0xd4, 0x6b, 0xa8,
  0x6f, 0x36, 0xad, 0x2c, 0x20, 0x35, 0xdc, 0xa4, 0xf5, 0x39, 0x16, 0x2c,
  0x26, 0x30, 0x23, 0xcb, 0x13, 0xa8, 0x34, 0xb1, 0xb4, 0xb0, 0x50, 0xd2,
  0x9f, 0xa8, 0x49, 0x2f, 0x32, 0xae, 0xb7, 0xb8, 0x69, 0x21, 0x71, 0xb1,
  0xe5, 0xbd, 0xff, 0x32, 0x7e, 0x2a, 0x37, 0xb4, 0x94, 0x2e, 0x89, 0x2b,
  0x41, 0xaf, 0x83, 0xb0, 0xd0, 0xc5, 0x7a, 0x2b, 0x36, 0x30, 0xd5, 0xcc,
  0x27, 0x2d, 0x35, 0x2f, 0xe8, 0xd4, 0x4c, 0x30, 0x51, 0xa3, 0x99, 0x35,
  0xd7, 0xa4, 0x62, 0xa5, 0x0a, 0xab, 0x9e, 0x31, 0xa5, 0x30, 0x97, 0xad,
  0x45, 0xb1, 0xe3, 0x52, 0x34, 0xa6, 0xed, 0x31, 0xe0, 0xb4, 0x7b, 0xb3,
  0xb3, 0x26, 0x7c, 0xb6, 0x93, 0xb4, 0xb3, 0xb0, 0x1f, 0x41, 0x15, 0x30,
  0x63, 0xad, 0x25, 0xaa, 0x17, 0x4d, 0x9c, 0x32, 0x0c, 0x2e, 0xcc, 0xaa,
  0x0a, 0x3f, 0x80, 0x0c, 0xc8, 0xb2, 0x5b, 0x41, 0x33, 0x33, 0x83, 0xa6,
  0xc1, 0x34, 0xae, 0xb5, 0x1b, 0x2e, 0x5e, 0x2b, 0xc7, 0xae, 0x05, 0x44,
  0x77, 0xac, 0x10, 0x30, 0x68, 0x4d, 0xc6, 0x22, 0xa3, 0xb1, 0xa9, 0x53,
  0x26, 0xac, 0xb0, 0xac, 0xb1, 0xb3, 0xfb, 0xb8, 0xd0, 0x2e, 0x96, 0xb5,
  0xd9, 0x35, 0x34, 0xad, 0xf6, 0xb0, 0x88, 0x33, 0x11, 0x44, 0x85, 0x38,
  0x92, 0x30, 0x0e, 0xb5, 0x85, 0xb4, 0x00, 0x2c, 0xca, 0x37, 0x89, 0x33,
  0x22, 0x32, 0x3a, 0xc6, 0xeb, 0x2c, 0xe3, 0x2f, 0x3e, 0xae, 0x34, 0x53,
  0x0c, 0xb7, 0xda, 0x2a, 0x1f, 0x28, 0xc7, 0x42, 0x33, 0x26, 0x61, 0xb8,
  0xc4, 0x3f, 0xee, 0xad, 0x82, 0xaf, 0xf7, 0xb4, 0x23, 0x32, 0xc9, 0xad,
  0xe5, 0xb6, 0x6f, 0xa8, 0xa7, 0x40, 0x3b, 0x31, 0xb3, 0x22, 0x35, 0xcc,
  0x68, 0xb4, 0x07, 0xac, 0xf3, 0x4c, 0x13, 0x30, 0x5e, 0xb0, 0x8a, 0xb1,
  0x6b, 0x34, 0x21, 0xac, 0x8a, 0xb4, 0x6c, 0x35, 0xa9, 0x30, 0x2a, 0xb0,
  0xd0, 0x0f, 0x47, 0xd4, 0xb8, 0x38, 0xec, 0xb0, 0xba, 0xad, 0xe8, 0xae,
  0xde, 0xaa, 0xd9, 0x3a, 0xff, 0xb1, 0x46, 0x30, 0xc8, 0xc5, 0x34, 0x34,
  0x36, 0xb1, 0x1e, 0x2c, 0xfa, 0xd5, 0xb5, 0x99, 0xe1, 0x2e, 0x06, 0xac,
  0x27, 0x37, 0xe0, 0xad, 0x49, 0x34, 0x6a, 0xc0, 0xe0, 0x32, 0xfc, 0x2f,
  0xeb, 0xad, 0x62, 0x35, 0x9f, 0x19, 0xa8, 0x20, 0x23, 0xb1, 0x49, 0xc3,
  0x36, 0xa5, 0x54, 0x2f, 0xde, 0x36, 0x96, 0x2a, 0xd0, 0x31, 0x8b, 0xc0,
  0x73, 0xa8, 0xe3, 0xa8, 0xa4, 0x32, 0xfc, 0x36, 0xe5, 0x15, 0xae, 0xb1,
  0x37, 0x31, 0x51, 0x31, 0xd6, 0x28, 0xde, 0x9a, 0xe1, 0xd4, 0xfa, 0x25,
  0xad, 0xb1, 0x27, 0xaf, 0x3d, 0xb0, 0x90, 0x2d, 0x66, 0xb7, 0x9c, 0x29,
  0xea, 0xac, 0x44, 0x38, 0x2c, 0xb3, 0x2e, 0x2c, 0x8f, 0xb2, 0x40, 0xd2,
  0x7f, 0x25, 0x75, 0xac, 0x13, 0xa6, 0xd4, 0xc0, 0xd8, 0x34, 0x7f, 0xb4,
  0xa4, 0xbc, 0x58, 0x2f, 0xa5, 0xac, 0xd5, 0xb0, 0x53, 0x31, 0x27, 0x2d,
  0xb1, 0x35, 0x10, 0x30, 0x62, 0xc1, 0xe6, 0x2e, 0x27, 0x32, 0x99, 0xd0,
  0x92, 0x26, 0xd0, 0x24, 0x0d, 0xd4, 0x09, 0xa8, 0xcc, 0xb3, 0x67, 0xb6,
  0xfb, 0xb5, 0x7d, 0x26, 0x87, 0xa4, 0xd8, 0xb3, 0xbc, 0xad, 0x90, 0xae,
  0x8a, 0xb3, 0x41, 0xc8, 0x86, 0xab, 0xc3, 0x31, 0xe2, 0xa8, 0xe1, 0xb3,
  0x1e, 0x29, 0xf4, 0x35, 0x38, 0xb9, 0x4e, 0x28, 0x7d, 0xc3, 0x00, 0xb6,
  0x68, 0xad, 0x65, 0xb0, 0x15, 0x52, 0x64, 0x26, 0x65, 0xaa, 0xc0, 0xad,
  0xac, 0x38, 0x40, 0x33, 0x17, 0x32, 0x40, 0x3f, 0x7a, 0x39, 0x03, 0x23,
  0x95, 0x31, 0xdb, 0xb5, 0xd7, 0x2b, 0xb0, 0xa5, 0x1e, 0xae, 0x56, 0x48,
  0x10, 0xa4, 0x34, 0xa1, 0xb8, 0x4f, 0x3a, 0x30, 0x11, 0xb7, 0x88, 0x52,
  0x97, 0x24, 0x3f, 0xb0, 0x06, 0xb1, 0x41, 0xa8, 0x64, 0x30, 0x55, 0x35,
  0x58, 0xb3, 0x68, 0x30, 0x1b, 0xb1, 0x8c, 0x2d, 0xb8, 0xc2, 0xd1, 0xa9,
  0x4e, 0x32, 0x74, 0xb1, 0x54, 0x23, 0x7c, 0xb0, 0xcb, 0x26, 0x0d, 0xb0,
  0x38, 0x2c, 0x46, 0x46, 0x38, 0x2e, 0x5d, 0xad, 0x31, 0xae, 0x95, 0xc9,
  0x26, 0xb6, 0xa1, 0xa7, 0xd4, 0x2f, 0x37, 0x3a, 0xd2, 0xb5, 0xf0, 0x36,
  0xf3, 0x3d, 0xe1, 0x3b, 0x92, 0x2e, 0x63, 0x2d, 0xec, 0x31, 0x4c, 0xac,
  0xc6, 0x33, 0x12, 0xa8, 0xde, 0x45, 0xdf, 0xac, 0xf6, 0xa9, 0x43, 0x50,
  0xa0, 0xb4, 0x26, 0xb5, 0xdc, 0x4d, 0x2d, 0x22, 0x41, 0xb0, 0x5f, 0x37,
  0xb6, 0xb7, 0xd8, 0x25, 0x14, 0xb3, 0xb0, 0x37, 0x4b, 0xb1, 0x18, 0x90,
  0x99, 0xa9, 0x9d, 0x45, 0x20, 0x24, 0x60, 0x34, 0x13, 0xaa, 0xd5, 0xaa,
  0x1e, 0xaf, 0xdd, 0x37, 0x37, 0xa7, 0x2f, 0x2c, 0x24, 0xc8, 0x17, 0xb1,
  0xc5, 0xaf, 0xff, 0x9c, 0x85, 0xc8, 0xa5, 0x2b, 0x09, 0xb0, 0x04, 0xa9,
  0xe3, 0x40, 0xf9, 0x12, 0xf8, 0x33, 0xa5, 0x3e, 0x99, 0x39, 0xc6, 0xaa,
  0x6a, 0xb4, 0x52, 0xb4, 0x5e, 0x30, 0xf9, 0xb4, 0x17, 0xad, 0x9b, 0xc1,
  0xd3, 0x30, 0x1e, 0x29, 0x29, 0xd0, 0xae, 0x31, 0x2f, 0x29, 0x31, 0xc1,
  0xa8, 0xaf, 0x24, 0x32, 0x7b, 0x36, 0x10, 0xbb, 0x3b, 0xa9, 0x33, 0xa3,
  0x0f, 0x38, 0x61, 0x33, 0x38, 0xb1, 0x09, 0x2e, 0xf6, 0xd4, 0x82, 0xad,
  0xf2, 0x2a, 0x70, 0xb6, 0x7e, 0xaa, 0xdc, 0x2b, 0x2f, 0x37, 0x8c, 0xad,
  0x64, 0xa9, 0x35, 0xcc, 0x48, 0x37, 0x2e, 0xa6, 0x46, 0x21, 0x0a, 0xd5,
  0xa6, 0x39, 0x39, 0x2b, 0xc3, 0xaf, 0x02, 0x42, 0x99, 0xb3, 0x4e, 0x36,
  0x0b, 0xbd, 0xa5, 0x2f, 0x50, 0x30, 0x40, 0x34, 0x13, 0x36, 0x52, 0xa9,
  0x17, 0xb1, 0x1b, 0xa4, 0x52, 0xc2, 0x2c, 0xab, 0x5b, 0x2c, 0xa1, 0xd0,
  0x7b, 0xb0, 0x82, 0xad, 0x74, 0xc9, 0x2e, 0xa5, 0x02, 0x2b, 0xcd, 0xb2,
  0x57, 0x35, 0xcd, 0xae, 0x66, 0x34, 0x89, 0x3a, 0x4b, 0xac, 0xe1, 0xa8,
  0xa4, 0xb2, 0xe9, 0x4e, 0x18, 0x1d, 0xbf, 0x31, 0xc8, 0x1c, 0x6d, 0xb3,
  0x1d, 0xb1, 0x2c, 0xb8, 0x10, 0x23, 0x39, 0xb0, 0x4f, 0x4c, 0x6d, 0xb0,
  0xa7, 0xaa, 0x6f, 0xad, 0xf7, 0x4c, 0xd6, 0xab, 0x07, 0xb2, 0xc1, 0x2a,
  0x5d, 0xba, 0xaf, 0xac, 0xd7, 0x1f, 0xfc, 0x3d, 0x8b, 0x3b, 0x92, 0x2d,
  0x48, 0x32, 0x9c, 0xaa, 0x80, 0xad, 0xee, 0xac, 0x6a, 0xab, 0x10, 0x43,
  0x92, 0x30, 0xa2, 0x18, 0x52, 0x48, 0x9c, 0x32, 0x6b, 0xb6, 0x25, 0x4d,
  0x41, 0xa3, 0x16, 0xb1, 0x8b, 0xb4, 0x54, 0x2e, 0x61, 0xa8, 0xe0, 0x34,
  0x46, 0xa4, 0x25, 0x2d, 0x82, 0xb2, 0xec, 0x29, 0x7b, 0xd4, 0x82, 0xb6,
  0x9c, 0x34, 0xd8, 0x2a, 0x93, 0xb4, 0xa6, 0x27, 0x20, 0x2b, 0x54, 0xb0,
  0xc0, 0xac, 0x24, 0xcd, 0xb5, 0xac, 0xbd, 0x21, 0xb5, 0xac, 0xe3, 0xd6,
  0xb5, 0xb0, 0x8d, 0xad, 0x5e, 0x25, 0xa4, 0x43, 0xd8, 0x34, 0x0f, 0xb7,
  0x65, 0xa8, 0x24, 0xb1, 0x99, 0x30, 0x13, 0x2e, 0x76, 0x28, 0xfc, 0x26,
  0x40, 0x30, 0xfc, 0xa9, 0x78, 0xc6, 0xd9, 0x24, 0x3c, 0x2b, 0xb3, 0xd3,
  0xe1, 0xb3, 0x03, 0xac, 0xba, 0xc9, 0x6c, 0x2d, 0x41, 0xae, 0x7b, 0xb1,
  0xea, 0xb0, 0xe3, 0x2f, 0xa4, 0x2c, 0xdf, 0x30, 0x22, 0xac, 0xf6, 0x25,
  0x36, 0xb1, 0x85, 0x49, 0xb4, 0x37, 0x95, 0x30, 0xb3, 0x34, 0xb2, 0xb6,
  0xeb, 0xae, 0x8d, 0x33, 0xae, 0x30, 0x55, 0x25, 0x20, 0xcc, 0x71, 0x2e,
  0xa8, 0xaf, 0x4a, 0x32, 0xc8, 0x4b, 0x18, 0xb5, 0x4b, 0x2c, 0xd5, 0xad,
  0x62, 0x3e, 0x88, 0x2f, 0x6a, 0xb7, 0xe4, 0xb2, 0xd4, 0xa9, 0x53, 0xad,
  0x1c, 0xaa, 0xed, 0xb5, 0xff, 0xad, 0x22, 0xb4, 0x86, 0xab, 0x54, 0xb8,
  0x40, 0xb1, 0x25, 0xae, 0x22, 0xcb, 0x62, 0x30, 0xa5, 0x34, 0x6c, 0x42,
  0x5b, 0x32, 0x55, 0x33, 0xf2, 0x25, 0xc6, 0xb5, 0xaf, 0x1e, 0x59, 0x32,
  0xfc, 0x30, 0xc6, 0x30, 0xef, 0xa2, 0xf7, 0x2c, 0x2e, 0xc9, 0x16, 0x37,
  0x03, 0x24, 0x39, 0xb2, 0x29, 0xb0, 0xf8, 0x2d, 0x2b, 0x38, 0x6d, 0x38,
  0x5a, 0x31, 0x2d, 0xcc, 0x29, 0x35, 0xd5, 0x2c, 0x1a, 0x31, 0xa4, 0xd5,
  0x8d, 0xa7, 0x9b, 0x2f, 0x25, 0x30, 0x17, 0x41, 0xcc, 0x26, 0xe3, 0xaa,
  0xe3, 0xbc, 0x25, 0x3c, 0x53, 0xb0, 0x02, 0xb0, 0xd1, 0xac, 0x49, 0xb0,
  0xfe, 0xb4, 0x99, 0xab, 0x07, 0xc3, 0x1c, 0xab, 0x96, 0xa3, 0xd5, 0xd1,
  0x9b, 0x34, 0xc5, 0x32, 0x78, 0xd3, 0xce, 0x2c, 0x37, 0xae, 0xf4, 0x34,
  0x36, 0xb6, 0xc7, 0x2f, 0x92, 0xb4, 0x5e, 0x32, 0x07, 0xb3, 0x4d, 0x2e,
  0x66, 0xc6, 0xff, 0xff, 0x04, 0x00, 0x00, 0x00, 0x20, 0x00, 0x00, 0x00,
  0xb0, 0x38, 0xb6, 0x34, 0xf8, 0x39, 0x0e, 0x39, 0xdc, 0xb3, 0xe1, 0x1d,
  0x48, 0x39, 0xf0, 0x3b, 0xf2, 0xb7, 0x66, 0x2a, 0xd8, 0xb5, 0x2c, 0x3a,
  0x2f, 0xb5, 0x43, 0x38, 0xe0, 0xb4, 0x01, 0x38, 0x92, 0xc6, 0xff, 0xff,
  0x04, 0x00, 0x00, 0x00, 0x00, 0x2d, 0x00, 0x00, 0x16, 0x19, 0x28, 0x0d,
  0xfb, 0x96, 0x39, 0x90, 0x7c, 0x19, 0x34, 0x19, 0x38, 0x9a, 0x4b, 0x10,
  0xa2, 0x96, 0x4f, 0x19, 0x80, 0x15, 0x19, 0x14, 0x9b, 0x99, 0x0d, 0x95,
  0x95, 0x95, 0x01, 0x95, 0x00, 0x93, 0x5a, 0x0e, 0x30, 0x0a, 0x11, 0x1a,
  0x6b, 0x13, 0x76, 0x8b, 0xfb, 0x88, 0xe5, 0x91, 0xd1, 0x15, 0xe7, 0x8c,
  0x85, 0x94, 0xa2, 0x92, 0x8b, 0x92, 0x1b, 0x90, 0x57, 0x8c, 0x63, 0x15,
  0x23, 0x15, 0x26, 0x17, 0x0c, 0x94, 0x7a, 0x16, 0xc7, 0x15, 0x06, 0x97,
  0x34, 0x0b, 0x98, 0x96, 0x1a, 0x19, 0x8e, 0x16, 0xde, 0x95, 0x4b, 0x18,
  0xe5, 0x11, 0x72, 0x08, 0xbe, 0x94, 0x9f, 0x8a, 0x85, 0x9a, 0xeb, 0x0f,
  0xee, 0x8d, 0x32, 0x96, 0xb9, 0x97, 0x68, 0x90, 0x9c, 0x90, 0x07, 0x89,
  0x07, 0x94, 0x59, 0x13, 0x54, 0x92, 0x3d, 0x95, 0xf7, 0x0c, 0x44, 0x09,
  0x91, 0x98, 0x6d, 0x1a, 0x85, 0x92, 0x1c, 0x14, 0x9f, 0x91, 0xef, 0x03,
  0x77, 0x94, 0xab, 0x8d, 0x4d, 0x8e, 0xe8, 0x0d, 0x25, 0x06, 0x8c, 0x15,
  0x7e, 0x90, 0xb4, 0x13, 0xcc, 0x19, 0x2a, 0x06, 0xba, 0x94, 0x30, 0x96,
  0x8e, 0x19, 0x56, 0x96, 0xe5, 0x18, 0x8f, 0x95, 0xbc, 0x9a, 0xc4, 0x98,
  0xc2, 0x0d, 0x6e, 0x02, 0x72, 0x14, 0x78, 0x92, 0x4b, 0x91, 0x3b, 0x94,
  0xec, 0x96, 0x8c, 0x95, 0xde, 0x95, 0xe8, 0x99, 0xa0, 0x97, 0x09, 0x12,
  0x57, 0x19, 0x66, 0x0a, 0xaa, 0x10, 0x00, 0x92, 0xc7, 0x91, 0x08, 0x10,
  0x46, 0x8c, 0xe2, 0x94, 0xaa, 0x8d, 0x5b, 0x13, 0x93, 0x13, 0x6d, 0x14,
  0x61, 0x93, 0x07, 0x9c, 0xc4, 0x9d, 0x11, 0x12, 0xe7, 0x9a, 0xf7, 0x94,
  0xe0, 0x94, 0x13, 0x17, 0x94, 0x1c, 0x0e, 0x95, 0xab, 0x17, 0xdb, 0x99,
  0x05, 0x17, 0x46, 0x17, 0x57, 0x18, 0xcf, 0x16, 0x40, 0x18, 0x92, 0x98,
  0x26, 0x97, 0xf0, 0x8a, 0xf5, 0x98, 0xdf, 0x10, 0xb5, 0x8d, 0xcd, 0x93,
  0xdf, 0x08, 0x82, 0x90, 0x75, 0x14, 0x7e, 0x15, 0xd8, 0x93, 0x5b, 0x94,
  0x3c, 0x96, 0x60, 0x94, 0x2b, 0x94, 0x8d, 0x96, 0xdb, 0x08, 0xbe, 0x18,
  0xda, 0x03, 0x9d, 0x11, 0xdc, 0x8b, 0xc6, 0x15, 0xf7, 0x12, 0x23, 0x96,
  0xfe, 0x94, 0x6f, 0x92, 0x61, 0x88, 0xc5, 0x0a, 0x8e, 0x13, 0xc6, 0x16,
  0x34, 0x18, 0xef, 0x8f, 0xc4, 0x87, 0x2e, 0x14, 0x23, 0x00, 0xf6, 0x93,
  0x36, 0x18, 0x61, 0x17, 0x9b, 0x17, 0xfb, 0x99, 0xea, 0x96, 0x73, 0x18,
  0x0b, 0x16, 0x74, 0x8e, 0xa0, 0x0d, 0x46, 0x13, 0x7f, 0x14, 0xed, 0x82,
  0xd0, 0x19, 0x49, 0x1c, 0xb7, 0x88, 0x63, 0x12, 0x46, 0x88, 0xdd, 0x95,
  0x26, 0x94, 0x2f, 0x95, 0x10, 0x03, 0x40, 0x90, 0x60, 0x94, 0xd8, 0x8c,
  0xb6, 0x12, 0x69, 0x11, 0x37, 0x0a, 0x1b, 0x10, 0x3a, 0x91, 0xe6, 0x91,
  0xdb, 0x8e, 0x6a, 0x14, 0x77, 0x18, 0xa5, 0x8a, 0xf7, 0x95, 0x79, 0x13,
  0x70, 0x14, 0xaf, 0x12, 0x7d, 0x97, 0x7c, 0x14, 0x55, 0x95, 0xd9, 0x15,
  0xd9, 0x90, 0x72, 0x19, 0x27, 0x98, 0xd7, 0x91, 0x5e, 0x95, 0x3b, 0x98,
  0x23, 0x96, 0xa5, 0x96, 0xa2, 0x13, 0x9d, 0x95, 0x55, 0x19, 0x6c, 0x8e,
  0x06, 0x16, 0x84, 0x19, 0x8d, 0x8e, 0x22, 0x18, 0x3f, 0x94, 0x76, 0x11,
  0x94, 0x94, 0xb7, 0x96, 0x75, 0x98, 0x9a, 0x96, 0x98, 0x10, 0x45, 0x88,
  0xc7, 0x16, 0x47, 0x17, 0x66, 0x13, 0xbe, 0x14, 0x91, 0x17, 0x4c, 0x04,
  0x68, 0x14, 0xab, 0x14, 0x9f, 0x92, 0xdf, 0x15, 0xaa, 0x18, 0xac, 0x94,
  0xa4, 0x9c, 0x2e, 0x96, 0xa8, 0x01, 0x4d, 0x9a, 0xb3, 0x13, 0x9c, 0x97,
  0xa9, 0x8b, 0x6b, 0x9b, 0xab, 0x97, 0x4d, 0x18, 0x22, 0x18, 0x45, 0x99,
  0xaa, 0x93, 0x54, 0x90, 0x0b, 0x90, 0x71, 0x17, 0x75, 0x14, 0x92, 0x12,
  0xeb, 0x9a, 0xe2, 0x15, 0x1d, 0x1a, 0x73, 0x93, 0x86, 0x16, 0x57, 0x15,
  0xb0, 0x96, 0x30, 0x19, 0x3d, 0x94, 0xa5, 0x0d, 0xbf, 0x91, 0xd4, 0x92,
  0x15, 0x18, 0x0d, 0x19, 0xfc, 0x15, 0x86, 0x18, 0x71, 0x03, 0x98, 0x0b,
  0x90, 0x11, 0x51, 0x0f, 0x8f, 0x16, 0x64, 0x12, 0x9f, 0x90, 0xc4, 0x92,
  0x03, 0x19, 0xac, 0x13, 0xfc, 0x94, 0x49, 0x94, 0xe6, 0x14, 0x67, 0x90,
  0x9c, 0x14, 0x3a, 0x11, 0xa0, 0x11, 0xe5, 0x18, 0x66, 0x14, 0xaa, 0x13,
  0xf8, 0x98, 0x80, 0x9a, 0xca, 0x14, 0x12, 0x14, 0xe7, 0x1b, 0x1a, 0x91,
  0x07, 0x18, 0x99, 0x97, 0x35, 0x17, 0x50, 0x84, 0xf3, 0x93, 0xee, 0x11,
  0x26, 0x9b, 0x70, 0x98, 0xba, 0x8d, 0x66, 0x0e, 0xf1, 0x96, 0x1c, 0x0c,
  0x8e, 0x13, 0xd8, 0x0a, 0x30, 0x15, 0x64, 0x95, 0xd8, 0x01, 0x6e, 0x94,
  0x90, 0x92, 0xcf, 0x8c, 0x13, 0x14, 0x22, 0x14, 0x45, 0x16, 0x19, 0x94,
  0x53, 0x18, 0x90, 0x80, 0x04, 0x95, 0xfa, 0x8e, 0xd5, 0x99, 0xf9, 0x90,
  0x39, 0x95, 0xa9, 0x8f, 0x2a, 0x96, 0xf8, 0x19, 0x66, 0x91, 0x54, 0x8f,
  0xc9, 0x90, 0xd3, 0x18, 0xc4, 0x0c, 0xae, 0x8b, 0x71, 0x97, 0xd7, 0x98,
  0xa7, 0x97, 0xdd, 0x87, 0xe8, 0x00, 0x19, 0x17, 0x4f, 0x13, 0x1b, 0x97,
  0xa0, 0x0e, 0xbd, 0x93, 0x0a, 0x14, 0x73, 0x92, 0x66, 0x95, 0x28, 0x93,
  0x25, 0x88, 0xe3, 0x97, 0x7f, 0x95, 0x32, 0x17, 0x74, 0x18, 0x05, 0x03,
  0x09, 0x96, 0xd6, 0x14, 0x50, 0x15, 0xaa, 0x13, 0x0a, 0x14, 0x90, 0x97,
  0x1d, 0x9b, 0x09, 0x91, 0x25, 0x14, 0xe1, 0x0e, 0xdf, 0x17, 0xf1, 0x99,
  0x93, 0x98, 0x5b, 0x8e, 0x7b, 0x93, 0xae, 0x1b, 0xf7, 0x17, 0xff, 0x10,
  0x8c, 0x99, 0xd6, 0x8e, 0xd8, 0x98, 0x08, 0x97, 0xa7, 0x0d, 0xdc, 0x12,
  0x5b, 0x99, 0x29, 0x12, 0xae, 0x96, 0x05, 0x19, 0x2a, 0x0a, 0x55, 0x18,
  0x21, 0x19, 0xa4, 0x17, 0xf3, 0x15, 0xbc, 0x97, 0x5e, 0x0e, 0x65, 0x95,
  0x41, 0x15, 0x6f, 0x95, 0x84, 0x95, 0xe4, 0x98, 0x14, 0x14, 0x93, 0x94,
  0x21, 0x8e, 0x28, 0x01, 0x01, 0x14, 0xa8, 0x00, 0x3f, 0x83, 0x8e, 0x11,
  0xfb, 0x84, 0xee, 0x15, 0x33, 0x12, 0xc5, 0x8e, 0xaf, 0x19, 0xba, 0x03,
  0xe5, 0x91, 0x22, 0x0b, 0xad, 0x16, 0x57, 0x15, 0xef, 0x97, 0xcf, 0x0c,
  0x6b, 0x16, 0xdd, 0x14, 0xda, 0x0f, 0x24, 0x10, 0x32, 0x90, 0x23, 0x91,
  0x4c, 0x14, 0xe1, 0x15, 0xc7, 0x83, 0xb1, 0x94, 0xe4, 0x96, 0x67, 0x1b,
  0xac, 0x15, 0x54, 0x91, 0x85, 0x96, 0x25, 0x0c, 0x9d, 0x97, 0x66, 0x11,
  0x5c, 0x97, 0xa6, 0x08, 0x87, 0x10, 0x40, 0x15, 0x58, 0x90, 0xeb, 0x95,
  0xb7, 0x11, 0xc6, 0x93, 0x56, 0x15, 0xf1, 0x15, 0x12, 0x80, 0x94, 0x14,
  0x7a, 0x86, 0x91, 0x8f, 0xc8, 0x15, 0x89, 0x95, 0xc6, 0x03, 0xd9, 0x15,
  0xda, 0x18, 0xf0, 0x96, 0x9b, 0x0e, 0xfe, 0x01, 0xb4, 0x95, 0x1e, 0x15,
  0x10, 0x95, 0x7b, 0x15, 0xe7, 0x96, 0x55, 0x15, 0x87, 0x99, 0x06, 0x98,
  0x54, 0x13, 0x1d, 0x06, 0x80, 0x98, 0xdf, 0x0f, 0x39, 0x15, 0xc1, 0x91,
  0x2c, 0x97, 0x42, 0x14, 0x31, 0x87, 0x78, 0x19, 0xf2, 0x94, 0x6e, 0x93,
  0x11, 0x18, 0x60, 0x96, 0xa5, 0x0c, 0xe9, 0x15, 0xb2, 0x12, 0xd1, 0x08,
  0x54, 0x14, 0x49, 0x01, 0x8c, 0x0e, 0x9e, 0x97, 0xf3, 0x14, 0x4d, 0x94,
  0xd1, 0x98, 0xa2, 0x15, 0x27, 0x94, 0x2e, 0x10, 0xe0, 0x02, 0x55, 0x8c,
  0x72, 0x97, 0xd0, 0x8c, 0x16, 0x14, 0x65, 0x8a, 0x82, 0x03, 0x69, 0x16,
  0x4d, 0x12, 0x02, 0x0a, 0x9c, 0x9c, 0x2b, 0x14, 0xef, 0x0e, 0x81, 0x1a,
  0x53, 0x18, 0x18, 0x17, 0xf7, 0x98, 0x1a, 0x8c, 0x33, 0x99, 0x44, 0x94,
  0x70, 0x95, 0x19, 0x10, 0xf1, 0x10, 0x27, 0x15, 0x86, 0x93, 0x90, 0x96,
  0xce, 0x16, 0x38, 0x0f, 0x74, 0x90, 0xac, 0x16, 0xd7, 0x94, 0x85, 0x96,
  0xf8, 0x14, 0xd4, 0x14, 0x70, 0x0f, 0x79, 0x17, 0xd9, 0x16, 0x83, 0x91,
  0x03, 0x96, 0x13, 0x03, 0x75, 0x90, 0xab, 0x17, 0x57, 0x97, 0x9c, 0x8e,
  0xad, 0x18, 0xa5, 0x0b, 0x06, 0x99, 0x11, 0x01, 0x84, 0x92, 0xde, 0x95,
  0x8d, 0x98, 0x88, 0x13, 0xb5, 0x16, 0xd0, 0x19, 0x51, 0x1b, 0x0f, 0x18,
  0x3e, 0x83, 0xff, 0x98, 0x2b, 0x97, 0x6e, 0x91, 0xa2, 0x02, 0x23, 0x10,
  0x79, 0x8e, 0x0f, 0x07, 0xb0, 0x94, 0x90, 0x15, 0xc2, 0x14, 0x22, 0x94,
  0xc7, 0x16, 0xec, 0x94, 0x46, 0x9b, 0xb4, 0x98, 0x67, 0x16, 0x14, 0x94,
  0x0d, 0x93, 0x76, 0x92, 0x49, 0x9a, 0x99, 0x98, 0x4c, 0x97, 0xb4, 0x15,
  0xfe, 0x11, 0x5b, 0x94, 0xf0, 0x97, 0x05, 0x8e, 0x64, 0x99, 0x6d, 0x96,
  0x93, 0x13, 0x5b, 0x1b, 0xf7, 0x0d, 0xca, 0x12, 0x39, 0x14, 0xce, 0x8c,
  0xd1, 0x97, 0xbb, 0x10, 0x89, 0x99, 0x52, 0x14, 0x5a, 0x82, 0xb5, 0x99,
  0xcb, 0x97, 0x6f, 0x96, 0xd5, 0x92, 0xe9, 0x16, 0x21, 0x16, 0x5f, 0x11,
  0x73, 0x88, 0x6a, 0x9a, 0xf7, 0x94, 0x76, 0x14, 0xc3, 0x90, 0xb9, 0x13,
  0x91, 0x8e, 0x98, 0x83, 0x73, 0x15, 0x9d, 0x13, 0x45, 0x16, 0xcb, 0x14,
  0x0f, 0x16, 0x0a, 0x92, 0x00, 0x98, 0x13, 0x11, 0x2f, 0x96, 0x05, 0x16,
  0x8f, 0x94, 0xf1, 0x15, 0x62, 0x8d, 0xd6, 0x9a, 0xaa, 0x15, 0x62, 0x91,
  0xdd, 0x93, 0x9c, 0x15, 0x9e, 0x17, 0x22, 0x06, 0x57, 0x90, 0x5d, 0x17,
  0x1a, 0x13, 0x89, 0x15, 0x6c, 0x90, 0xfb, 0x15, 0xad, 0x18, 0x95, 0x09,
  0xa2, 0x18, 0xa5, 0x94, 0x20, 0x13, 0x8c, 0x11, 0xfd, 0x99, 0x05, 0x08,
  0x27, 0x05, 0xbc, 0x95, 0x83, 0x18, 0x29, 0x14, 0xa5, 0x8e, 0x77, 0x97,
  0x89, 0x01, 0xb6, 0x18, 0x9c, 0x0e, 0x07, 0x8d, 0xbe, 0x98, 0x2f, 0x18,
  0x3b, 0x97, 0x34, 0x83, 0x72, 0x14, 0x98, 0x98, 0x25, 0x17, 0xce, 0x94,
  0xa4, 0x95, 0x9c, 0x90, 0x16, 0x0a, 0x0c, 0x11, 0x30, 0x0c, 0xe7, 0x17,
  0x1a, 0x81, 0x37, 0x11, 0x4d, 0x1c, 0xf5, 0x16, 0xad, 0x95, 0xdf, 0x08,
  0x1a, 0x95, 0x05, 0x18, 0x2b, 0x8c, 0xb4, 0x0b, 0x1c, 0x97, 0xa7, 0x97,
  0x2c, 0x19, 0x66, 0x89, 0x41, 0x0d, 0x8e, 0x96, 0x81, 0x16, 0x10, 0x08,
  0x65, 0x04, 0x4f, 0x94, 0x82, 0x84, 0x99, 0x1b, 0xe2, 0x11, 0x8a, 0x17,
  0xfd, 0x97, 0x51, 0x19, 0x68, 0x90, 0xe5, 0x91, 0x44, 0x1c, 0xb2, 0x8a,
  0xb7, 0x12, 0x56, 0x8f, 0xd6, 0x93, 0x8c, 0x0f, 0x85, 0x90, 0x83, 0x99,
  0xa6, 0x93, 0x3b, 0x12, 0xa8, 0x97, 0x9e, 0x13, 0x6f, 0x18, 0xf7, 0x8c,
  0x3a, 0x93, 0xa2, 0x12, 0x4c, 0x91, 0xaf, 0x81, 0x9a, 0x99, 0x9b, 0x0f,
  0x64, 0x19, 0xf5, 0x0b, 0x11, 0x0c, 0x67, 0x16, 0x5b, 0x19, 0x2f, 0x8a,
  0x56, 0x98, 0x06, 0x14, 0xb2, 0x13, 0xdc, 0x12, 0x3d, 0x99, 0xec, 0x09,
  0xef, 0x95, 0xb6, 0x05, 0x48, 0x18, 0x18, 0x14, 0xcc, 0x8b, 0xce, 0x90,
  0x4a, 0x10, 0x1a, 0x08, 0x39, 0x82, 0xf6, 0x08, 0x6f, 0x16, 0x76, 0x91,
  0xba, 0x93, 0xf0, 0x16, 0x47, 0x96, 0x0b, 0x94, 0x4c, 0x17, 0x05, 0x14,
  0xbb, 0x8f, 0x0b, 0x19, 0xbd, 0x15, 0xa5, 0x14, 0x82, 0x98, 0xb1, 0x99,
  0x35, 0x24, 0x77, 0x15, 0x8e, 0x8a, 0x9b, 0x16, 0xc4, 0x0c, 0x90, 0x1a,
  0xcf, 0x14, 0xda, 0x98, 0xf0, 0x14, 0xdd, 0x10, 0xcf, 0x17, 0x82, 0x13,
  0x03, 0x90, 0x65, 0x96, 0x4f, 0x95, 0x38, 0x94, 0x38, 0x18, 0xe2, 0x8f,
  0x22, 0x13, 0xc9, 0x15, 0xd3, 0x9c, 0x42, 0x9a, 0x20, 0x08, 0x21, 0x97,
  0xae, 0x96, 0xaf, 0x19, 0x77, 0x17, 0xba, 0x15, 0xbe, 0x0e, 0xb3, 0x8f,
  0xac, 0x17, 0x68, 0x19, 0x4d, 0x06, 0xe3, 0x08, 0x44, 0x16, 0x7a, 0x17,
  0x5e, 0x0e, 0x24, 0x14, 0x6e, 0x15, 0xfa, 0x96, 0xa5, 0x97, 0xc6, 0x91,
  0xf3, 0x8e, 0x26, 0x95, 0x12, 0x99, 0x3b, 0x0c, 0x13, 0x9a, 0x25, 0x0d,
  0x7b, 0x0e, 0xdb, 0x92, 0x77, 0x95, 0x7c, 0x0b, 0x25, 0x93, 0xdc, 0x0b,
  0x97, 0x10, 0x06, 0x1c, 0xc6, 0x98, 0xf5, 0x00, 0xa5, 0x95, 0xdf, 0x14,
  0xd1, 0x10, 0x36, 0x11, 0x86, 0x87, 0x5f, 0x97, 0xb2, 0x15, 0x1d, 0x9c,
  0x5e, 0x91, 0x46, 0x91, 0xd5, 0x13, 0xa6, 0x19, 0xd6, 0x93, 0xd3, 0x14,
  0xc7, 0x8d, 0x15, 0x97, 0x0b, 0x95, 0x25, 0x00, 0xb6, 0x96, 0x94, 0x13,
  0x9b, 0x99, 0x03, 0x17, 0x92, 0x94, 0x35, 0x13, 0xd8, 0x93, 0x76, 0x8b,
  0x4a, 0x98, 0x49, 0x90, 0xbd, 0x03, 0x09, 0x96, 0x15, 0x15, 0xa5, 0x1d,
  0xac, 0x1a, 0x9f, 0x8c, 0x16, 0x98, 0x7e, 0x12, 0x11, 0x0f, 0xb4, 0x89,
  0xe1, 0x10, 0x8d, 0x15, 0xd7, 0x0d, 0xe0, 0x16, 0xb7, 0x96, 0x43, 0x19,
  0xd9, 0x18, 0x10, 0x95, 0x3b, 0x96, 0x05, 0x96, 0xca, 0x11, 0x2b, 0x93,
  0x19, 0x8c, 0xc6, 0x12, 0xf6, 0x80, 0x49, 0x8e, 0x96, 0x17, 0x01, 0x95,
  0x51, 0x17, 0x20, 0x15, 0x3e, 0x96, 0x0e, 0x10, 0x2e, 0x19, 0x00, 0x97,
  0x28, 0x16, 0x98, 0x15, 0x5c, 0x15, 0xf4, 0x16, 0xb0, 0x04, 0x01, 0x91,
  0xba, 0x8d, 0x59, 0x92, 0x1d, 0x1e, 0x43, 0x95, 0xcc, 0x98, 0xd5, 0x83,
  0x4e, 0x0a, 0xb0, 0x9a, 0x47, 0x16, 0x76, 0x14, 0x2a, 0x19, 0xbd, 0x14,
  0x3d, 0x91, 0x22, 0x86, 0x9a, 0x96, 0x5e, 0x15, 0xc8, 0x10, 0xa3, 0x90,
  0x53, 0x94, 0xb0, 0x83, 0xab, 0x9c, 0xf2, 0x94, 0xb7, 0x98, 0xb6, 0x17,
  0xce, 0x0d, 0xd9, 0x18, 0x95, 0x88, 0x44, 0x9b, 0x0d, 0x14, 0x41, 0x18,
  0x28, 0x91, 0x7d, 0x8a, 0xe5, 0x94, 0xb2, 0x15, 0x6d, 0x87, 0xf6, 0x95,
  0x00, 0x96, 0xd3, 0x95, 0x7d, 0x12, 0x99, 0x0a, 0x3b, 0x17, 0x51, 0x16,
  0x7f, 0x93, 0x81, 0x0b, 0xf0, 0x0f, 0xf8, 0x10, 0xd6, 0x14, 0xff, 0x11,
  0xec, 0x96, 0x66, 0x18, 0x1f, 0x18, 0xe9, 0x94, 0xb1, 0x98, 0xdc, 0x16,
  0xf3, 0x95, 0xfb, 0x10, 0xbc, 0x14, 0x8e, 0x8f, 0x9e, 0x97, 0x3c, 0x9b,
  0x82, 0x92, 0xa5, 0x04, 0x76, 0x1a, 0x19, 0x16, 0xd6, 0x0f, 0x69, 0x80,
  0x66, 0x1a, 0x86, 0x18, 0x11, 0x14, 0x02, 0x14, 0xe1, 0x18, 0xe2, 0x01,
  0x69, 0x0c, 0x6b, 0x8b, 0x04, 0x9b, 0xb4, 0x16, 0x72, 0x8d, 0x91, 0x16,
  0xb2, 0x95, 0x0d, 0x8f, 0x8c, 0x91, 0x21, 0x13, 0x18, 0x86, 0xbb, 0x10,
  0x09, 0x11, 0x05, 0x14, 0x68, 0x98, 0x24, 0x16, 0x64, 0x14, 0x02, 0x14,
  0x0b, 0x87, 0x82, 0x89, 0x4e, 0x91, 0x57, 0x91, 0xf0, 0x17, 0x43, 0x8a,
  0x1d, 0x14, 0x3f, 0x0e, 0xe5, 0x90, 0xa7, 0x97, 0xb1, 0x01, 0x1d, 0x92,
  0x9f, 0x98, 0x9c, 0x95, 0x79, 0x94, 0x42, 0x97, 0x4c, 0x19, 0x28, 0x13,
  0x86, 0x09, 0xbc, 0x18, 0xef, 0x96, 0x36, 0x94, 0x45, 0x0e, 0x75, 0x19,
  0x1c, 0x8c, 0x48, 0x95, 0x24, 0x06, 0x26, 0x0a, 0x26, 0x91, 0x1a, 0x19,
  0xc1, 0x06, 0xab, 0x93, 0x11, 0x14, 0xf2, 0x93, 0x59, 0x18, 0x47, 0x06,
  0x13, 0x94, 0x0d, 0x0f, 0x02, 0x09, 0x88, 0x96, 0x7f, 0x0c, 0xf5, 0x85,
  0x7d, 0x16, 0xfb, 0x0a, 0xcb, 0x98, 0xcb, 0x12, 0x76, 0x18, 0x53, 0x95,
  0x33, 0x95, 0x68, 0x96, 0x1d, 0x18, 0x5e, 0x90, 0xa4, 0x97, 0xef, 0x10,
  0x1f, 0x98, 0x96, 0x1b, 0xfb, 0x94, 0x5b, 0x17, 0x4d, 0x0d, 0x78, 0x96,
  0xaf, 0x97, 0x79, 0x09, 0x28, 0x13, 0x60, 0x0e, 0x96, 0x12, 0x7a, 0x9b,
  0x90, 0x8e, 0xfe, 0x16, 0x96, 0x98, 0x15, 0x95, 0x1d, 0x15, 0xfe, 0x97,
  0xd6, 0x0c, 0x7e, 0x13, 0x20, 0x11, 0xb6, 0x8c, 0x7a, 0x94, 0xf5, 0x0d,
  0x0e, 0x18, 0x34, 0x18, 0x76, 0x96, 0x25, 0x93, 0xb7, 0x02, 0xd2, 0x97,
  0x87, 0x18, 0xc0, 0x14, 0xdd, 0x16, 0x1c, 0x16, 0x2e, 0x15, 0x4c, 0x92,
  0x88, 0x0e, 0x3e, 0x18, 0x24, 0x0e, 0x85, 0x02, 0xc8, 0x88, 0x6c, 0x99,
  0x8c, 0x9c, 0x92, 0x9b, 0xda, 0x94, 0x2d, 0x17, 0x38, 0x11, 0x29, 0x8f,
  0xca, 0x14, 0x8f, 0x94, 0xa3, 0x92, 0x12, 0x99, 0x37, 0x14, 0x8e, 0x94,
  0xb2, 0x12, 0x13, 0x97, 0x2e, 0x14, 0xad, 0x12, 0x2b, 0x98, 0x53, 0x9a,
  0xcb, 0x0f, 0xd0, 0x0c, 0xdc, 0x19, 0x6d, 0x8c, 0x1d, 0x16, 0x28, 0x1a,
  0x1f, 0x98, 0xc0, 0x93, 0x23, 0x19, 0x31, 0x10, 0xfc, 0x19, 0xb8, 0x17,
  0x59, 0x18, 0xe2, 0x17, 0x9e, 0x94, 0xc5, 0x17, 0xff, 0x19, 0x90, 0x85,
  0xb3, 0x96, 0xc5, 0x91, 0xa6, 0x96, 0xe8, 0x16, 0x03, 0x16, 0x64, 0x16,
  0x68, 0x14, 0xbb, 0x15, 0xc7, 0x10, 0xf7, 0x97, 0x12, 0x12, 0x79, 0x15,
  0x39, 0x98, 0x55, 0x14, 0x6d, 0x91, 0x62, 0x16, 0x5d, 0x15, 0xce, 0x98,
  0x1e, 0x01, 0xf4, 0x13, 0x9f, 0x95, 0x94, 0x11, 0xd8, 0x17, 0xf0, 0x94,
  0x19, 0x96, 0x43, 0x05, 0xdf, 0x97, 0x95, 0x95, 0xb8, 0x91, 0xff, 0x89,
  0x96, 0x95, 0xe5, 0x10, 0xd2, 0x18, 0xe9, 0x95, 0xec, 0x17, 0x3b, 0x0e,
  0x8b, 0x98, 0x19, 0x18, 0x4d, 0x15, 0x34, 0x0a, 0x79, 0x87, 0x69, 0x9e,
  0x2a, 0x9c, 0xc1, 0x84, 0x06, 0x93, 0xaf, 0x97, 0xd7, 0x8b, 0x7f, 0x16,
  0xb4, 0x1a, 0x5d, 0x10, 0xd0, 0x03, 0x02, 0x17, 0x69, 0x88, 0x98, 0x15,
  0x14, 0x16, 0xf4, 0x90, 0xa8, 0x1b, 0xc1, 0x97, 0x2b, 0x93, 0xb7, 0x1b,
  0x13, 0x19, 0x9b, 0x03, 0x30, 0x17, 0x90, 0x14, 0x8f, 0x99, 0x7e, 0x15,
  0xf4, 0x8b, 0xd3, 0x99, 0xe9, 0x17, 0x36, 0x18, 0x4a, 0x11, 0xe7, 0x93,
  0xea, 0x16, 0x7d, 0x88, 0x84, 0x18, 0x41, 0x81, 0xa2, 0x0b, 0x84, 0x95,
  0xb7, 0x95, 0x17, 0x8d, 0x9e, 0x94, 0x1f, 0x87, 0x67, 0x16, 0x32, 0x13,
  0x8c, 0x0c, 0x73, 0x93, 0x7d, 0x0c, 0xcb, 0x15, 0x75, 0x14, 0x0b, 0x19,
  0xa2, 0x14, 0xfe, 0x15, 0x95, 0x18, 0x7f, 0x98, 0x0e, 0x18, 0x67, 0x15,
  0x51, 0x15, 0xc8, 0x98, 0xf9, 0x16, 0x70, 0x91, 0xcb, 0x95, 0xba, 0x19,
  0x14, 0x10, 0xf1, 0x90, 0x77, 0x98, 0x4f, 0x9a, 0x46, 0x8e, 0xd3, 0x05,
  0x1f, 0x14, 0x4f, 0x19, 0x12, 0x14, 0xcd, 0x95, 0x41, 0x10, 0x2a, 0x94,
  0xd6, 0x17, 0x5f, 0x9a, 0x1d, 0x89, 0x48, 0x16, 0xa2, 0x10, 0xd8, 0x0d,
  0x44, 0x18, 0x83, 0x0f, 0x1b, 0x82, 0x43, 0x16, 0xe5, 0x8e, 0x04, 0x1a,
  0x82, 0x14, 0x26, 0x95, 0xcc, 0x16, 0xa0, 0x14, 0x3d, 0x95, 0xfd, 0x1a,
  0x7c, 0x11, 0x4c, 0x95, 0xb1, 0x91, 0xc7, 0x0d, 0xf0, 0x06, 0x0a, 0x04,
  0x1e, 0x94, 0x97, 0x14, 0xff, 0x99, 0x31, 0x16, 0xd6, 0x16, 0x7d, 0x11,
  0x43, 0x14, 0xc0, 0x92, 0xe9, 0x87, 0xf4, 0x96, 0x06, 0x94, 0x80, 0x11,
  0x43, 0x1b, 0xe6, 0x94, 0x8d, 0x12, 0x1f, 0x12, 0x39, 0x14, 0xa4, 0x8f,
  0xd3, 0x8c, 0xb2, 0x93, 0xb8, 0x90, 0x55, 0x14, 0xda, 0x15, 0x00, 0x92,
  0xbb, 0x96, 0x12, 0x14, 0x74, 0x9e, 0x31, 0x12, 0x03, 0x97, 0x93, 0x12,
  0x16, 0x13, 0x32, 0x94, 0x05, 0x97, 0xb5, 0x12, 0x58, 0x8d, 0xd4, 0x86,
  0xda, 0x95, 0x87, 0x92, 0x4e, 0x18, 0x49, 0x14, 0x60, 0x89, 0xa3, 0x14,
  0x55, 0x93, 0x57, 0x14, 0xf9, 0x99, 0x22, 0x14, 0xf5, 0x95, 0x1a, 0x18,
  0x79, 0x1a, 0x8a, 0x0d, 0x70, 0x16, 0xfc, 0x10, 0x98, 0x96, 0x26, 0x99,
  0x40, 0x96, 0x15, 0x93, 0x80, 0x97, 0x2e, 0x17, 0x00, 0x15, 0xda, 0x10,
  0xa0, 0x96, 0x24, 0x19, 0xa7, 0x02, 0xfc, 0x95, 0x88, 0x10, 0xd4, 0x94,
  0x91, 0x80, 0x15, 0x13, 0xf1, 0x94, 0x55, 0x99, 0x97, 0x18, 0xae, 0x14,
  0xfb, 0x17, 0xec, 0x0e, 0x6e, 0x15, 0x79, 0x12, 0x0e, 0x95, 0x11, 0x97,
  0x3f, 0x1a, 0xd6, 0x94, 0x81, 0x13, 0xec, 0x9b, 0x59, 0x1c, 0xd9, 0x16,
  0x32, 0x98, 0xe6, 0x90, 0x17, 0x14, 0xc6, 0x16, 0xb9, 0x15, 0x1e, 0x94,
  0xb8, 0x95, 0x74, 0x93, 0x18, 0x0e, 0xb7, 0x14, 0xa7, 0x14, 0x4d, 0x9a,
  0xd3, 0x08, 0xdc, 0x94, 0xa7, 0x98, 0x0b, 0x98, 0x3c, 0x90, 0x68, 0x91,
  0xbf, 0x17, 0x63, 0x96, 0x71, 0x18, 0x53, 0x18, 0x8d, 0x97, 0xbe, 0x91,
  0xc4, 0x10, 0x23, 0x18, 0xad, 0x8e, 0x19, 0x94, 0x07, 0x94, 0x04, 0x85,
  0x7e, 0x14, 0x4d, 0x19, 0xa9, 0x94, 0x25, 0x15, 0xb0, 0x95, 0xa8, 0x11,
  0x8a, 0x91, 0x48, 0x0e, 0x75, 0x98, 0xee, 0x92, 0x2d, 0x90, 0x2b, 0x94,
  0x18, 0x99, 0xaf, 0x0e, 0x18, 0x0e, 0x1c, 0x12, 0x08, 0x18, 0x17, 0x8d,
  0x27, 0x18, 0x38, 0x92, 0x8d, 0x0e, 0x67, 0x15, 0x74, 0x13, 0x0a, 0x02,
  0x17, 0x0c, 0x38, 0x96, 0x4a, 0x8b, 0x24, 0x96, 0xad, 0x90, 0x44, 0x18,
  0xe4, 0x08, 0x39, 0x94, 0xec, 0x18, 0x6b, 0x96, 0x56, 0x91, 0x87, 0x14,
  0x4c, 0x10, 0x9f, 0x92, 0x56, 0x15, 0xd0, 0x18, 0xb7, 0x1f, 0x40, 0x08,
  0xf4, 0x96, 0x82, 0x94, 0xb5, 0x15, 0x27, 0x18, 0xe6, 0x8e, 0x3a, 0x98,
  0xf1, 0x18, 0x4c, 0x18, 0x33, 0x95, 0x46, 0x08, 0x18, 0x15, 0x93, 0x96,
  0xb0, 0x14, 0x96, 0x96, 0xd6, 0x18, 0x3b, 0x14, 0x9b, 0x16, 0x82, 0x10,
  0x79, 0x92, 0xb2, 0x98, 0xd8, 0x16, 0xd5, 0x11, 0x18, 0x8d, 0xcb, 0x0c,
  0xf0, 0x13, 0x70, 0x9a, 0xa6, 0x8c, 0xff, 0x07, 0xe2, 0x92, 0xf9, 0x1a,
  0xb0, 0x04, 0x7c, 0x11, 0xda, 0x97, 0x42, 0x18, 0x8d, 0x15, 0x0a, 0x12,
  0xc5, 0x15, 0x2f, 0x17, 0x8d, 0x18, 0x11, 0x13, 0xca, 0x95, 0xb0, 0x97,
  0x74, 0x16, 0x7e, 0x10, 0x35, 0x8e, 0x1c, 0x16, 0x83, 0x91, 0x39, 0x14,
  0xcf, 0x17, 0xdb, 0x81, 0x9a, 0x14, 0x75, 0x13, 0x73, 0x17, 0x1c, 0x94,
  0x07, 0x15, 0x4b, 0x14, 0x24, 0x90, 0xc0, 0x17, 0x3e, 0x19, 0xdc, 0x10,
  0x40, 0x15, 0x7d, 0x8f, 0x87, 0x16, 0x23, 0x18, 0xdb, 0x84, 0xad, 0x95,
  0xf9, 0x99, 0x63, 0x16, 0x5a, 0x09, 0x3a, 0x00, 0x5f, 0x18, 0xeb, 0x15,
  0x93, 0x81, 0xe7, 0x92, 0xfd, 0x15, 0xa5, 0x10, 0xe6, 0x18, 0x13, 0x17,
  0x0b, 0x17, 0x15, 0x11, 0x0b, 0x12, 0x7b, 0x17, 0x30, 0x19, 0x23, 0x8b,
  0xff, 0x8b, 0x7f, 0x98, 0x6e, 0x93, 0x6b, 0x9a, 0x72, 0x10, 0x13, 0x16,
  0x65, 0x19, 0x64, 0x91, 0x2a, 0x91, 0x93, 0x12, 0xc2, 0x94, 0xaa, 0x16,
  0x66, 0x07, 0x6d, 0x17, 0xde, 0x91, 0xe5, 0x96, 0xe7, 0x98, 0x96, 0x96,
  0x11, 0x15, 0x38, 0x12, 0xbe, 0x97, 0xbc, 0x17, 0xb1, 0x87, 0x53, 0x0f,
  0xac, 0x16, 0x62, 0x86, 0x07, 0x14, 0x6a, 0x95, 0x31, 0x97, 0x03, 0x90,
  0x17, 0x16, 0x3c, 0x0d, 0xcd, 0x0d, 0xa7, 0x14, 0xf5, 0x05, 0xb6, 0x98,
  0x2d, 0x10, 0x0c, 0x8b, 0x0c, 0x89, 0x22, 0x96, 0x2f, 0x95, 0x6c, 0x97,
  0xcb, 0x13, 0x25, 0x91, 0x10, 0x15, 0x20, 0x89, 0x09, 0x10, 0xd3, 0x18,
  0xaf, 0x98, 0x68, 0x8f, 0xf6, 0x8e, 0x4c, 0x88, 0x0c, 0x16, 0x66, 0x95,
  0xf2, 0x93, 0x0f, 0x94, 0xf0, 0x96, 0x4e, 0x16, 0xac, 0x85, 0xe5, 0x94,
  0x54, 0x16, 0x10, 0x8b, 0xee, 0x8f, 0x3e, 0x15, 0x8c, 0x18, 0xb4, 0x97,
  0x88, 0x93, 0x18, 0x1b, 0x4f, 0x09, 0xeb, 0x18, 0xb1, 0x15, 0x0f, 0x13,
  0xe5, 0x92, 0xae, 0x15, 0x44, 0x94, 0x5b, 0x8f, 0xea, 0x11, 0x86, 0x18,
  0x6f, 0x16, 0x7c, 0x95, 0x94, 0x93, 0x3e, 0x11, 0x46, 0x90, 0x78, 0x0a,
  0xb1, 0x16, 0xcb, 0x11, 0x07, 0x10, 0x39, 0x16, 0x9a, 0x15, 0x13, 0x92,
  0x70, 0x03, 0x66, 0x15, 0x1b, 0x95, 0xc5, 0x89, 0x42, 0x95, 0x9f, 0x82,
  0xf8, 0x8f, 0xe0, 0x90, 0x7c, 0x10, 0xc9, 0x1b, 0x58, 0x18, 0x78, 0x12,
  0xe6, 0x11, 0xc2, 0x95, 0x3a, 0x0a, 0xe5, 0x10, 0x90, 0x08, 0x5b, 0x98,
  0xb2, 0x87, 0xfc, 0x8f, 0xca, 0x18, 0x3d, 0x8a, 0xb3, 0x93, 0x12, 0x94,
  0x85, 0x11, 0x94, 0x16, 0x7b, 0x87, 0x9b, 0x93, 0x62, 0x14, 0x3b, 0x08,
  0x1e, 0x13, 0x36, 0x99, 0xb7, 0x1a, 0x65, 0x18, 0x1e, 0x97, 0x9b, 0x11,
  0x44, 0x18, 0xab, 0x80, 0xc6, 0x98, 0x92, 0x15, 0x12, 0x11, 0xdd, 0x95,
  0x06, 0x15, 0xf9, 0x0a, 0x4b, 0x04, 0x0d, 0x16, 0x8b, 0x18, 0x35, 0x8e,
  0xfc, 0x18, 0x7b, 0x16, 0x80, 0x8d, 0x8a, 0x8f, 0x75, 0x01, 0xa7, 0x16,
  0x73, 0x95, 0x51, 0x94, 0x46, 0x95, 0x1b, 0x11, 0x30, 0x96, 0xc8, 0x95,
  0x74, 0x94, 0x50, 0x08, 0x00, 0x85, 0xdc, 0x17, 0x1e, 0x18, 0xc2, 0x94,
  0x73, 0x93, 0x2f, 0x0d, 0x99, 0x91, 0xfe, 0x15, 0x67, 0x09, 0x57, 0x18,
  0x26, 0x15, 0x2c, 0x94, 0x9d, 0x97, 0x77, 0x13, 0x74, 0x99, 0x16, 0x81,
  0x5d, 0x19, 0x8e, 0x19, 0x39, 0x1c, 0x54, 0x10, 0x59, 0x0d, 0xb6, 0x8d,
  0x92, 0x0c, 0xcb, 0x99, 0xda, 0x18, 0xb7, 0x84, 0x5c, 0x18, 0xd3, 0x9a,
  0x98, 0x15, 0x44, 0x13, 0xa6, 0x99, 0x48, 0x16, 0x12, 0x11, 0xfe, 0x96,
  0x8e, 0x04, 0xbb, 0x17, 0xfe, 0x15, 0x7f, 0x95, 0x33, 0x16, 0xa4, 0x18,
  0xb1, 0x98, 0x40, 0x18, 0x6a, 0x92, 0x2c, 0x96, 0x92, 0x19, 0x0f, 0x8b,
  0x7d, 0x88, 0x4d, 0x08, 0x0a, 0x96, 0x32, 0x0f, 0xe5, 0x8d, 0x12, 0x15,
  0x2f, 0x14, 0x0a, 0x16, 0x8c, 0x94, 0xe8, 0x96, 0x73, 0x09, 0x0c, 0x96,
  0x8e, 0x16, 0xcd, 0x0b, 0xb5, 0x15, 0x22, 0x88, 0xc1, 0x96, 0x91, 0x91,
  0x3f, 0x15, 0x1b, 0x98, 0xff, 0x96, 0xfe, 0x13, 0x92, 0x11, 0x22, 0x9b,
  0x7d, 0x10, 0x16, 0x84, 0xfd, 0x97, 0x7e, 0x95, 0x8b, 0x1c, 0x7c, 0x96,
  0x82, 0x94, 0xfe, 0x80, 0x51, 0x18, 0x2b, 0x12, 0xfd, 0x91, 0xc0, 0x10,
  0xed, 0x0e, 0x74, 0x17, 0xe5, 0x14, 0xb5, 0x94, 0x2e, 0x95, 0x3e, 0x17,
  0x21, 0x09, 0x3d, 0x0c, 0xf3, 0x9a, 0x8f, 0x18, 0x07, 0x93, 0xa3, 0x17,
  0x57, 0x19, 0xc1, 0x15, 0x13, 0x19, 0x58, 0x1a, 0x84, 0x03, 0x26, 0x98,
  0x03, 0x99, 0x19, 0x0c, 0xd2, 0x0b, 0x6a, 0x17, 0x59, 0x90, 0x07, 0x8a,
  0xa7, 0x15, 0xf5, 0x19, 0x7f, 0x96, 0x9b, 0x19, 0x6d, 0x95, 0x5a, 0x86,
  0x3a, 0x16, 0xc3, 0x10, 0x5b, 0x19, 0x04, 0x91, 0xf7, 0x14, 0x67, 0x93,
  0x76, 0x18, 0x31, 0x06, 0x98, 0x04, 0x86, 0x19, 0x62, 0x19, 0x69, 0x80,
  0x77, 0x01, 0x68, 0x94, 0xc6, 0x11, 0x39, 0x90, 0x6a, 0x09, 0x12, 0x10,
  0x9d, 0x91, 0xd8, 0x93, 0xf0, 0x97, 0xe0, 0x81, 0x8f, 0x95, 0x58, 0x96,
  0xdb, 0x12, 0x4d, 0x10, 0x07, 0x15, 0x0e, 0x98, 0x96, 0x90, 0xaf, 0x0c,
  0x59, 0x10, 0x16, 0x11, 0xda, 0x15, 0x3b, 0x84, 0x39, 0x1f, 0x91, 0x80,
  0xeb, 0x18, 0x00, 0x0f, 0x12, 0x8f, 0xda, 0x15, 0xea, 0x16, 0x0b, 0x15,
  0xd5, 0x91, 0xdf, 0x1a, 0x6e, 0x92, 0xf9, 0x95, 0x61, 0x10, 0xfb, 0x0c,
  0xe8, 0x17, 0xad, 0x12, 0x5c, 0x93, 0x71, 0x0a, 0x66, 0x94, 0x1f, 0x16,
  0x0c, 0x85, 0x80, 0x90, 0x07, 0x18, 0x93, 0x14, 0x87, 0x15, 0xe3, 0x9b,
  0xd0, 0x15, 0xa8, 0x97, 0xe0, 0x16, 0xae, 0x86, 0xde, 0x8c, 0xa8, 0x99,
  0x49, 0x15, 0x10, 0x16, 0xa9, 0x94, 0x4e, 0x18, 0x9e, 0x91, 0xf4, 0x95,
  0xe0, 0x12, 0xbf, 0x97, 0x2a, 0x14, 0xc1, 0x0d, 0x51, 0x17, 0x46, 0x95,
  0xac, 0x17, 0x5f, 0x12, 0x21, 0x17, 0x95, 0x95, 0x1a, 0x8e, 0x11, 0x94,
  0x1a, 0x17, 0x53, 0x85, 0xbd, 0x19, 0xa2, 0x96, 0xd6, 0x18, 0xe0, 0x95,
  0x90, 0x95, 0x0b, 0x16, 0x8c, 0x95, 0x5b, 0x12, 0x72, 0x14, 0x70, 0x15,
  0xfd, 0x8c, 0x72, 0x97, 0x77, 0x95, 0x3f, 0x1c, 0xd4, 0x90, 0x0a, 0x98,
  0x72, 0x0b, 0xcb, 0x8d, 0x38, 0x83, 0xb9, 0x91, 0xa3, 0x98, 0xae, 0x15,
  0x85, 0x94, 0x8b, 0x10, 0x91, 0x17, 0xac, 0x8a, 0x4f, 0x19, 0x3c, 0x17,
  0x0a, 0x98, 0xf1, 0x0d, 0x0d, 0x90, 0x07, 0x11, 0x12, 0x93, 0x1b, 0x90,
  0x9e, 0x16, 0x11, 0x11, 0xd9, 0x93, 0x07, 0x96, 0x34, 0x95, 0xd2, 0x96,
  0x80, 0x14, 0xe0, 0x17, 0xff, 0x13, 0xee, 0x0c, 0x63, 0x10, 0x38, 0x95,
  0xd2, 0x95, 0x6e, 0x19, 0x8f, 0x99, 0xdb, 0x97, 0x60, 0x98, 0x86, 0x10,
  0xb8, 0x95, 0x3a, 0x94, 0x29, 0x8c, 0x16, 0x94, 0x52, 0x86, 0xc1, 0x97,
  0xac, 0x06, 0xfa, 0x0f, 0xa3, 0x16, 0xa0, 0x07, 0x86, 0x17, 0xd2, 0x92,
  0xb0, 0x0d, 0x54, 0x18, 0x35, 0x19, 0xdd, 0x95, 0x09, 0x12, 0xa2, 0x15,
  0x1d, 0x17, 0x9c, 0x96, 0x8c, 0x12, 0xca, 0x14, 0x09, 0x91, 0x13, 0x16,
  0xb5, 0x10, 0x5f, 0x0d, 0xdc, 0x94, 0xc2, 0x8b, 0x84, 0x95, 0xbc, 0x9c,
  0x13, 0x1c, 0x42, 0x90, 0xa7, 0x14, 0x69, 0x9c, 0xd2, 0x96, 0x86, 0x10,
  0x21, 0x99, 0x22, 0x96, 0xf1, 0x15, 0x7e, 0x17, 0x4b, 0x0c, 0x30, 0x96,
  0xeb, 0x99, 0x4d, 0x11, 0x36, 0x13, 0xf6, 0x91, 0x64, 0x10, 0x4e, 0x15,
  0xf9, 0x0e, 0xb7, 0x0e, 0x2e, 0x84, 0x5a, 0x94, 0x97, 0x92, 0x66, 0x15,
  0xba, 0x90, 0x11, 0x9b, 0x62, 0x10, 0x63, 0x19, 0xcf, 0x14, 0xbd, 0x1a,
  0xb2, 0x18, 0x8e, 0x93, 0x3e, 0x0a, 0x9c, 0x05, 0x14, 0x14, 0x6e, 0x18,
  0xcd, 0x97, 0x02, 0x85, 0x93, 0x15, 0x89, 0x13, 0x70, 0x16, 0x4c, 0x92,
  0xd2, 0x86, 0xb5, 0x14, 0x02, 0x94, 0x09, 0x1b, 0xa6, 0x13, 0xe5, 0x02,
  0x8f, 0x14, 0x78, 0x98, 0xc4, 0x92, 0x60, 0x18, 0x36, 0x19, 0xda, 0x8f,
  0xff, 0x8a, 0xb8, 0x93, 0x51, 0x17, 0x59, 0x92, 0x78, 0x18, 0x13, 0x98,
  0x2d, 0x96, 0x20, 0x16, 0xc9, 0x98, 0xbe, 0x8e, 0xb2, 0x91, 0x9c, 0x03,
  0x6e, 0x94, 0x08, 0x17, 0x52, 0x92, 0x2d, 0x12, 0x58, 0x17, 0x92, 0x99,
  0xa3, 0x19, 0xa8, 0x0d, 0xa5, 0x95, 0x46, 0x13, 0x54, 0x18, 0xee, 0x17,
  0x76, 0x16, 0xda, 0x10, 0x84, 0x18, 0x6c, 0x92, 0x65, 0x12, 0xdb, 0x16,
  0x20, 0x91, 0xbb, 0x15, 0x85, 0x14, 0x06, 0x18, 0xac, 0x12, 0xbd, 0x0b,
  0x53, 0x93, 0xd9, 0x94, 0xc6, 0x93, 0xc7, 0x8c, 0xb4, 0x06, 0xd8, 0x11,
  0xef, 0x02, 0x26, 0x17, 0xe6, 0x8f, 0xce, 0x95, 0xd7, 0x13, 0x13, 0x92,
  0x0f, 0x10, 0x14, 0x15, 0x91, 0x0b, 0x6d, 0x1a, 0x94, 0x90, 0x8f, 0x91,
  0x3b, 0x98, 0x10, 0x92, 0x87, 0x8c, 0x08, 0x96, 0x17, 0x8e, 0xd0, 0x8a,
  0x2e, 0x8e, 0x70, 0x93, 0x42, 0x96, 0x17, 0x1a, 0xd1, 0x14, 0x57, 0x0c,
  0xdd, 0x12, 0x89, 0x87, 0x0a, 0x21, 0x7f, 0x10, 0x47, 0x9a, 0x02, 0x11,
  0x2d, 0x83, 0x52, 0x19, 0x76, 0x0b, 0xb4, 0x04, 0xb3, 0x96, 0x04, 0x9c,
  0xa1, 0x94, 0x89, 0x98, 0x75, 0x0f, 0x21, 0x97, 0xfe, 0x92, 0xbf, 0x16,
  0xa8, 0x94, 0x97, 0x15, 0xf9, 0x94, 0x12, 0x12, 0xea, 0x90, 0x90, 0x16,
  0xe0, 0x16, 0xce, 0x0f, 0xcc, 0x96, 0x6a, 0x18, 0xd7, 0x98, 0xda, 0x8c,
  0x88, 0x15, 0x9b, 0x91, 0xfd, 0x17, 0x23, 0x9a, 0x2e, 0x98, 0x57, 0x94,
  0x56, 0x17, 0x6b, 0x18, 0xff, 0x16, 0x7a, 0x89, 0x6a, 0x95, 0xfa, 0x95,
  0x08, 0x98, 0x08, 0x0d, 0xc1, 0x94, 0x1f, 0x94, 0x70, 0x14, 0x6d, 0x0f,
  0xf8, 0x18, 0xb8, 0x0a, 0xe0, 0x0f, 0x65, 0x0c, 0x50, 0x98, 0x67, 0x16,
  0x32, 0x18, 0x3e, 0x90, 0xa6, 0x8a, 0xa3, 0x94, 0x62, 0x8b, 0x0c, 0x9a,
  0x97, 0x0e, 0x11, 0x13, 0x11, 0x15, 0xb9, 0x17, 0x0b, 0x14, 0x6a, 0x91,
  0xe0, 0x14, 0xc5, 0x9a, 0xc3, 0x82, 0x6d, 0x13, 0x63, 0x1a, 0x9f, 0x97,
  0x09, 0x0f, 0xf0, 0x15, 0x8e, 0x1c, 0x1c, 0x17, 0x7c, 0x91, 0x2c, 0x13,
  0x3a, 0x15, 0xc1, 0x0c, 0x51, 0x19, 0x04, 0x0c, 0xc1, 0x17, 0x6f, 0x8c,
  0x03, 0x99, 0x67, 0x97, 0x8b, 0x92, 0x0b, 0x95, 0xa5, 0x98, 0x67, 0x0e,
  0x81, 0x94, 0x93, 0x96, 0x2b, 0x19, 0x3e, 0x96, 0x63, 0x15, 0x0f, 0x8c,
  0x8a, 0x8d, 0x6e, 0x12, 0x52, 0x84, 0x07, 0x97, 0x7a, 0x97, 0x8a, 0x18,
  0x14, 0x13, 0x4b, 0x8d, 0xd1, 0x17, 0x5f, 0x15, 0x2b, 0x19, 0x03, 0x95,
  0x74, 0x86, 0x0e, 0x16, 0x13, 0x98, 0xd6, 0x97, 0x45, 0x0d, 0x34, 0x18,
  0x7e, 0x0e, 0x81, 0x90, 0x69, 0x9a, 0xbd, 0x13, 0x35, 0x97, 0xef, 0x17,
  0xc9, 0x96, 0xce, 0x16, 0x1d, 0x13, 0x2b, 0x14, 0x20, 0x12, 0xff, 0x13,
  0x92, 0x98, 0x35, 0x13, 0xcd, 0x18, 0x89, 0x0d, 0xc1, 0x9b, 0x0c, 0x98,
  0xa4, 0x96, 0xb4, 0x94, 0x27, 0x17, 0x52, 0x99, 0xa7, 0x98, 0x5b, 0x97,
  0x40, 0x1b, 0xc9, 0x14, 0xfb, 0x14, 0x8e, 0x84, 0x0f, 0x98, 0xaf, 0x13,
  0x8e, 0x05, 0x63, 0x18, 0xa1, 0x96, 0xfc, 0x98, 0x36, 0x11, 0x03, 0x94,
  0x3d, 0x01, 0x35, 0x94, 0x25, 0x10, 0xc0, 0x9a, 0x20, 0x10, 0x86, 0x1a,
  0x33, 0x96, 0x9e, 0x14, 0x79, 0x96, 0xf1, 0x95, 0x80, 0x17, 0xac, 0x17,
  0x0f, 0x98, 0x61, 0x94, 0x51, 0x11, 0x3b, 0x98, 0x15, 0x18, 0xd3, 0x84,
  0x62, 0x0f, 0x4b, 0x95, 0x04, 0x93, 0x5d, 0x15, 0xd5, 0x03, 0x60, 0x8e,
  0xf6, 0x97, 0xd8, 0x92, 0x44, 0x9c, 0x4b, 0x19, 0x92, 0x8e, 0x1d, 0x92,
  0x5a, 0x0f, 0xea, 0x90, 0xe9, 0x80, 0x75, 0x10, 0x88, 0x89, 0x7b, 0x11,
  0x4c, 0x90, 0x33, 0x94, 0x69, 0x90, 0x5b, 0x17, 0x45, 0x91, 0xd2, 0x15,
  0x7c, 0x93, 0x0a, 0x16, 0xfd, 0x15, 0x7d, 0x95, 0x35, 0x16, 0xf9, 0x84,
  0x0b, 0x91, 0x93, 0x14, 0xb8, 0x95, 0xf1, 0x8e, 0x3a, 0x1a, 0xf7, 0x98,
  0xf9, 0x96, 0x3a, 0x18, 0x21, 0x94, 0x8b, 0x94, 0xbc, 0x8e, 0x01, 0x13,
  0x21, 0x94, 0x09, 0x14, 0x3b, 0x14, 0x62, 0x96, 0x89, 0x99, 0x83, 0x95,
  0x7a, 0x91, 0xc6, 0x0a, 0x03, 0x16, 0x74, 0x99, 0x4a, 0x1a, 0x95, 0x11,
  0xd1, 0x17, 0x7c, 0x12, 0x31, 0x15, 0x36, 0x97, 0xde, 0x97, 0x37, 0x12,
  0x40, 0x8a, 0x0b, 0x14, 0x28, 0x19, 0x35, 0x89, 0x66, 0x94, 0xc8, 0x15,
  0x80, 0x98, 0x87, 0x0a, 0x8c, 0x18, 0xb4, 0x97, 0xd6, 0x0c, 0xb1, 0x98,
  0xb2, 0x16, 0x89, 0x13, 0x93, 0x14, 0xda, 0x02, 0x07, 0x0d, 0x90, 0x16,
  0x8f, 0x94, 0x62, 0x18, 0xb2, 0x11, 0x55, 0x0d, 0x2f, 0x16, 0x12, 0x14,
  0x2c, 0x14, 0xa9, 0x95, 0x89, 0x94, 0xa3, 0x16, 0x70, 0x12, 0x9f, 0x95,
  0xa6, 0x9d, 0x73, 0x11, 0xa1, 0x19, 0x91, 0x15, 0x20, 0x94, 0x08, 0x9a,
  0x1c, 0x15, 0x0e, 0x8f, 0x7d, 0x91, 0xa4, 0x99, 0x56, 0x17, 0x2e, 0x95,
  0x98, 0x0f, 0x5b, 0x95, 0x9e, 0x04, 0x65, 0x83, 0xc7, 0x14, 0x23, 0x12,
  0x55, 0x99, 0x14, 0x16, 0x9e, 0x97, 0x08, 0x12, 0xab, 0x90, 0x16, 0x18,
  0xa7, 0x14, 0x40, 0x13, 0x23, 0x90, 0x77, 0x19, 0x4a, 0x96, 0x0e, 0x06,
  0xb3, 0x91, 0x7a, 0x8a, 0x67, 0x96, 0x28, 0x8f, 0xe3, 0x95, 0xf5, 0x0d,
  0x68, 0x0c, 0xb6, 0x8c, 0x47, 0x15, 0xb9, 0x97, 0x81, 0x16, 0xca, 0x0f,
  0xb6, 0x14, 0xbf, 0x97, 0x5d, 0x15, 0x71, 0x12, 0x0d, 0x19, 0x9a, 0x13,
  0xaa, 0x15, 0x78, 0x08, 0x6b, 0x13, 0x0e, 0x15, 0xca, 0x18, 0xed, 0x94,
  0x7a, 0x94, 0xe0, 0x88, 0xf2, 0x1c, 0x2a, 0x97, 0x0d, 0x17, 0xfb, 0x15,
  0xc7, 0x18, 0x09, 0x96, 0xa0, 0x11, 0xdb, 0x96, 0x5b, 0x19, 0xdd, 0x92,
  0x7f, 0x91, 0x9b, 0x8f, 0x33, 0x97, 0xb5, 0x94, 0x78, 0x16, 0x44, 0x8a,
  0x14, 0x98, 0x17, 0x95, 0xad, 0x92, 0x12, 0x95, 0xf0, 0x15, 0x18, 0x99,
  0xe6, 0x17, 0xd5, 0x95, 0x37, 0x11, 0x53, 0x96, 0x52, 0x98, 0xae, 0x95,
  0xed, 0x96, 0xf8, 0x08, 0xaa, 0x14, 0x3a, 0x94, 0x66, 0x12, 0x96, 0x99,
  0x0a, 0x16, 0xb6, 0x12, 0xa3, 0x19, 0x02, 0x14, 0x0c, 0x92, 0x7d, 0x17,
  0x27, 0x18, 0xb5, 0x11, 0x30, 0x8a, 0x34, 0x9a, 0x6c, 0x94, 0x5c, 0x17,
  0x68, 0x1a, 0x35, 0x94, 0xe3, 0x91, 0x5c, 0x17, 0xa4, 0x91, 0x08, 0x98,
  0x00, 0x94, 0x31, 0x84, 0x82, 0x06, 0xcc, 0x91, 0x81, 0x0d, 0x7b, 0x8f,
  0xb3, 0x14, 0x6e, 0x90, 0x65, 0x10, 0x68, 0x12, 0x21, 0x04, 0xd6, 0x8e,
  0xa8, 0x17, 0x1b, 0x94, 0xe3, 0x15, 0x8f, 0x98, 0x64, 0x93, 0x80, 0x0e,
  0x4a, 0x90, 0x85, 0x18, 0xf9, 0x18, 0xcf, 0x93, 0x74, 0x9a, 0x97, 0x92,
  0xba, 0x94, 0xc8, 0x9a, 0xed, 0x19, 0x66, 0x13, 0xc9, 0x93, 0xea, 0x9a,
  0xff, 0x98, 0xb0, 0x18, 0x6d, 0x96, 0xc8, 0x0f, 0xaf, 0x15, 0x36, 0x1c,
  0x09, 0x0e, 0xab, 0x96, 0xc4, 0x17, 0x97, 0x16, 0xb8, 0x1b, 0xcf, 0x91,
  0x28, 0x94, 0x7e, 0x91, 0x58, 0x8f, 0x19, 0x8d, 0x7e, 0x09, 0xba, 0x99,
  0x22, 0x17, 0x23, 0x93, 0x9a, 0x16, 0x5d, 0x98, 0x44, 0x99, 0xcd, 0x11,
  0x55, 0x0f, 0xd5, 0x97, 0x21, 0x95, 0x23, 0x10, 0x94, 0x95, 0x29, 0x96,
  0xfd, 0x96, 0xc3, 0x82, 0x18, 0x14, 0xd6, 0x17, 0x90, 0x0c, 0x3e, 0x96,
  0x5b, 0x9b, 0x02, 0x84, 0xec, 0x8d, 0xd9, 0x96, 0x9a, 0x0f, 0xde, 0x8d,
  0xa0, 0x96, 0xf2, 0x09, 0x75, 0x92, 0x45, 0x8b, 0x4e, 0x19, 0xba, 0x94,
  0x63, 0x94, 0x14, 0x0d, 0xae, 0x9a, 0xe9, 0x11, 0x50, 0x90, 0xfc, 0x13,
  0xf2, 0x96, 0x25, 0x14, 0x6e, 0x0e, 0x6e, 0x95, 0xea, 0x8e, 0x4f, 0x13,
  0x87, 0x90, 0x24, 0x8c, 0x32, 0x0f, 0xa9, 0x9c, 0x18, 0x91, 0x0d, 0x15,
  0xf5, 0x13, 0xbf, 0x82, 0x01, 0x0d, 0x6d, 0x97, 0x5c, 0x98, 0x06, 0x92,
  0xb4, 0x19, 0xb4, 0x8c, 0x67, 0x9c, 0x1f, 0x90, 0xb4, 0x95, 0x84, 0x99,
  0x99, 0x95, 0xed, 0x1b, 0x77, 0x8b, 0x53, 0x94, 0x3f, 0x8f, 0x28, 0x96,
  0x84, 0x92, 0x8e, 0x98, 0xde, 0x0d, 0x83, 0x12, 0x8f, 0x18, 0x7c, 0x18,
  0x79, 0x96, 0x1d, 0x18, 0xcf, 0x10, 0x7e, 0x14, 0xc3, 0x19, 0x99, 0x0b,
  0x93, 0x90, 0x7b, 0x96, 0x16, 0x88, 0x2b, 0x19, 0xc2, 0x94, 0xe9, 0x14,
  0x15, 0x97, 0xef, 0x8d, 0x05, 0x97, 0xb0, 0x8e, 0x23, 0x94, 0xc8, 0x98,
  0x50, 0x16, 0x49, 0x8a, 0x1b, 0x15, 0x35, 0x8b, 0x5d, 0x8f, 0xa9, 0x08,
  0xd5, 0x17, 0x43, 0x94, 0x78, 0x18, 0x91, 0x11, 0x9d, 0x1c, 0xdf, 0x95,
  0x63, 0x13, 0x53, 0x8a, 0xea, 0x95, 0x31, 0x1a, 0x39, 0x16, 0x1e, 0x17,
  0x61, 0x97, 0x66, 0x99, 0xc7, 0x17, 0x1e, 0x98, 0x05, 0x13, 0x88, 0x0e,
  0xd3, 0x18, 0x95, 0x97, 0x2d, 0x96, 0x7b, 0x93, 0xa6, 0x96, 0x18, 0x91,
  0xe0, 0x95, 0x05, 0x97, 0xa9, 0x94, 0xd6, 0x97, 0x65, 0x18, 0xe9, 0x15,
  0xbf, 0x13, 0x99, 0x99, 0xda, 0x91, 0x85, 0x15, 0x80, 0x10, 0xb5, 0x17,
  0x26, 0x13, 0x36, 0x95, 0x5d, 0x0c, 0xe9, 0x8e, 0x49, 0x8a, 0x32, 0x0a,
  0x02, 0x94, 0x9e, 0x11, 0x3b, 0x0c, 0xa8, 0x92, 0xd4, 0x12, 0xc9, 0x14,
  0x39, 0x98, 0x7b, 0x94, 0x1f, 0x1b, 0x65, 0x0e, 0xc7, 0x13, 0x09, 0x15,
  0xb6, 0x94, 0x7d, 0x17, 0x3e, 0x14, 0xfd, 0x94, 0x40, 0x96, 0x67, 0x91,
  0xa8, 0x1d, 0x34, 0x1b, 0x5f, 0x96, 0xa0, 0x88, 0x14, 0x98, 0x92, 0x96,
  0x35, 0x16, 0xaa, 0x94, 0xb6, 0x17, 0xe8, 0x18, 0xc5, 0x94, 0x43, 0x0a,
  0xc3, 0x95, 0xb2, 0x92, 0xc8, 0x0c, 0x31, 0x15, 0x8d, 0x18, 0x72, 0x14,
  0xb4, 0x96, 0x13, 0x13, 0xca, 0x80, 0x8a, 0x91, 0xd8, 0x8b, 0x64, 0x86,
  0x02, 0x99, 0x76, 0x18, 0x5c, 0x0a, 0x91, 0x17, 0xc3, 0x06, 0xc1, 0x10,
  0x55, 0x06, 0x2b, 0x18, 0xa1, 0x92, 0xd9, 0x9d, 0x41, 0x97, 0x58, 0x8e,
  0x5b, 0x93, 0xa8, 0x82, 0x87, 0x17, 0x74, 0x18, 0x4e, 0x89, 0x89, 0x15,
  0x53, 0x8d, 0x93, 0x16, 0x20, 0x94, 0x3f, 0x8c, 0x1a, 0x18, 0x3f, 0x14,
  0xe6, 0x1a, 0xd9, 0x84, 0x14, 0x10, 0xa5, 0x94, 0x97, 0x16, 0x6b, 0x92,
  0x10, 0x17, 0x37, 0x91, 0x78, 0x17, 0xf6, 0x10, 0xaf, 0x18, 0x03, 0x94,
  0x64, 0x16, 0x3d, 0x18, 0xf4, 0x18, 0xb4, 0x90, 0xb1, 0x85, 0x26, 0x15,
  0xd2, 0x95, 0x2b, 0x12, 0x97, 0x8a, 0x01, 0x11, 0x3a, 0x98, 0x7d, 0x94,
  0x84, 0x20, 0x7f, 0x93, 0xc7, 0x91, 0xe9, 0x04, 0xc0, 0x95, 0x71, 0x95,
  0xe2, 0x0c, 0x18, 0x98, 0xa3, 0x10, 0x2d, 0x15, 0xcd, 0x89, 0x41, 0x98,
  0x6a, 0x99, 0xc4, 0x89, 0x32, 0x10, 0x64, 0x92, 0xf4, 0x88, 0xf8, 0x19,
  0x91, 0x95, 0x76, 0x8d, 0x37, 0x9c, 0x07, 0x17, 0x19, 0x18, 0x6b, 0x92,
  0x22, 0x8f, 0x51, 0x9a, 0xd6, 0x94, 0x0f, 0x99, 0x12, 0x96, 0xc7, 0x14,
  0x1c, 0x96, 0x14, 0x9a, 0x51, 0x10, 0xa3, 0x15, 0xea, 0x15, 0x88, 0x99,
  0x0d, 0x14, 0x24, 0x15, 0x56, 0x10, 0xd0, 0x93, 0x09, 0x8e, 0x37, 0x90,
  0x64, 0x10, 0x61, 0x96, 0x5c, 0x16, 0x51, 0x13, 0x9e, 0x18, 0xaa, 0x94,
  0xee, 0x0f, 0x99, 0x0c, 0xad, 0x93, 0x0f, 0x12, 0x64, 0x94, 0xc5, 0x08,
  0xaf, 0x0c, 0xcb, 0x99, 0xca, 0x90, 0xe5, 0x1a, 0xc8, 0x93, 0x24, 0x16,
  0xf7, 0x0e, 0x74, 0x90, 0xba, 0x96, 0xaa, 0x95, 0x73, 0x1a, 0xfb, 0x10,
  0x7e, 0x96, 0x37, 0x93, 0xe7, 0x96, 0x74, 0x99, 0xe8, 0x10, 0x85, 0x15,
  0xec, 0x10, 0x9e, 0x19, 0x79, 0x14, 0xb8, 0x10, 0x7f, 0x98, 0xd6, 0x0d,
  0x27, 0x19, 0xaa, 0x96, 0x13, 0x99, 0xbd, 0x94, 0xde, 0x10, 0x7a, 0x09,
  0x0a, 0x18, 0x08, 0x8f, 0xf2, 0x0d, 0x2e, 0x0b, 0xd1, 0x12, 0x58, 0x13,
  0x97, 0x97, 0x11, 0x93, 0xf4, 0x16, 0x15, 0x94, 0x74, 0x94, 0x39, 0x18,
  0x41, 0x9a, 0xf8, 0x90, 0xdb, 0x95, 0xc2, 0x95, 0x34, 0x9a, 0x1c, 0x92,
  0xec, 0x17, 0x3d, 0x17, 0x98, 0x18, 0x1d, 0x8e, 0xe7, 0x91, 0x8d, 0x0b,
  0xd9, 0x93, 0x8e, 0x15, 0xe6, 0x11, 0xfa, 0x91, 0x94, 0x04, 0x4c, 0x14,
  0x1f, 0x02, 0x46, 0x12, 0x93, 0x02, 0x7e, 0x95, 0x6e, 0x16, 0x68, 0x8c,
  0x87, 0x16, 0x1f, 0x16, 0x28, 0x16, 0xf5, 0x08, 0xf5, 0x17, 0xd2, 0x12,
  0xa9, 0x12, 0x80, 0x18, 0xb3, 0x92, 0x7e, 0x13, 0x72, 0x12, 0xe1, 0x8e,
  0xe2, 0x90, 0x96, 0x14, 0xc1, 0x90, 0x1f, 0x97, 0xe2, 0x13, 0x35, 0x99,
  0x43, 0x81, 0x50, 0x19, 0x60, 0x97, 0xf7, 0x89, 0xe7, 0x96, 0x39, 0x12,
  0x65, 0x98, 0x24, 0x10, 0x29, 0x14, 0x62, 0x8b, 0xe3, 0x15, 0x52, 0x18,
  0xcd, 0x19, 0x13, 0x0d, 0x7e, 0x80, 0xd4, 0x96, 0x9a, 0x84, 0x3f, 0x96,
  0x4e, 0x96, 0x6b, 0x96, 0x03, 0x91, 0x60, 0x98, 0xb9, 0x90, 0x5b, 0x0e,
  0xbe, 0x13, 0x40, 0x94, 0x16, 0x17, 0xf3, 0x91, 0x18, 0x90, 0x19, 0x18,
  0xfc, 0x14, 0x7b, 0x10, 0x46, 0x94, 0x61, 0x12, 0x24, 0x8f, 0x49, 0x10,
  0x08, 0x1b, 0xde, 0x18, 0xf2, 0x92, 0xd5, 0x17, 0xc9, 0x17, 0x91, 0x95,
  0xde, 0x06, 0x9d, 0x17, 0xb4, 0x0c, 0xe2, 0x02, 0x12, 0x1c, 0x15, 0x16,
  0x2c, 0x94, 0x0c, 0x14, 0x11, 0x0c, 0x05, 0x82, 0x20, 0x14, 0x55, 0x95,
  0x70, 0x13, 0x0e, 0x8c, 0xb0, 0x14, 0xa1, 0x10, 0x9d, 0x96, 0x8c, 0x10,
  0xfc, 0x02, 0xe6, 0x0e, 0xc4, 0x97, 0xa8, 0x17, 0xd5, 0x8c, 0x5b, 0x8c,
  0x45, 0x90, 0x95, 0x14, 0x69, 0x12, 0xfe, 0x98, 0x6c, 0x15, 0x83, 0x16,
  0x62, 0x14, 0x35, 0x16, 0xef, 0x1a, 0x57, 0x8e, 0x0e, 0x14, 0x8b, 0x92,
  0xe8, 0x94, 0xed, 0x9c, 0x37, 0x8c, 0x24, 0x99, 0xe5, 0x97, 0x8e, 0x14,
  0x56, 0x96, 0x50, 0x94, 0xa7, 0x95, 0x02, 0x15, 0x40, 0x94, 0x00, 0x15,
  0xf5, 0x99, 0xa7, 0x97, 0x06, 0x99, 0xf6, 0x95, 0x54, 0x98, 0xdc, 0x0c,
  0x9c, 0x0b, 0xdd, 0x18, 0x68, 0x94, 0x24, 0x10, 0x69, 0x84, 0xdb, 0x97,
  0x93, 0x10, 0x24, 0x11, 0x5a, 0x15, 0x28, 0x96, 0xe1, 0x13, 0x4d, 0x14,
  0x0b, 0x0c, 0xcc, 0x05, 0x0c, 0x18, 0x32, 0x93, 0x63, 0x03, 0x28, 0x13,
  0xd5, 0x0e, 0x1d, 0x83, 0x24, 0x0b, 0x15, 0x9a, 0x5e, 0x9a, 0x26, 0x92,
  0x5d, 0x80, 0x40, 0x94, 0x9f, 0x96, 0x4c, 0x9c, 0x3f, 0x19, 0x8d, 0x91,
  0xd0, 0x14, 0x0e, 0x17, 0x3e, 0x15, 0x79, 0x0c, 0x81, 0x8c, 0x0d, 0x98,
  0x65, 0x0d, 0x88, 0x8f, 0xce, 0x97, 0x9d, 0x97, 0xda, 0x8d, 0xe3, 0x96,
  0xfc, 0x19, 0xf2, 0x0c, 0x72, 0x14, 0xcc, 0x98, 0xd3, 0x93, 0x44, 0x98,
  0x4b, 0x94, 0x52, 0x8d, 0xae, 0x98, 0xbb, 0x97, 0xc1, 0x0d, 0x7d, 0x19,
  0x8b, 0x19, 0x5f, 0x90, 0x7a, 0x0f, 0x4c, 0x0f, 0xfc, 0x94, 0x0e, 0x12,
  0x70, 0x0f, 0xcd, 0x14, 0xdd, 0x13, 0x78, 0x94, 0x36, 0x15, 0xc1, 0x91,
  0x29, 0x09, 0x6e, 0x8f, 0xf8, 0x98, 0x97, 0x17, 0xc4, 0x90, 0x35, 0x91,
  0xb8, 0x16, 0xeb, 0x98, 0x21, 0x18, 0xb2, 0x98, 0x71, 0x0d, 0x09, 0x1c,
  0x94, 0x9a, 0x23, 0x14, 0xf0, 0x96, 0xd9, 0x85, 0xee, 0x98, 0xd5, 0x0b,
  0x42, 0x16, 0x08, 0x13, 0x98, 0x18, 0xeb, 0x99, 0x20, 0x0f, 0xef, 0x06,
  0x6f, 0x18, 0x9d, 0x96, 0x9b, 0x93, 0xad, 0x95, 0x60, 0x1c, 0x41, 0x99,
  0x37, 0x92, 0xa7, 0x15, 0xc1, 0x97, 0x1b, 0x14, 0xe1, 0x98, 0x07, 0x95,
  0x98, 0x92, 0x12, 0x8d, 0xc7, 0x85, 0xea, 0x0b, 0xf7, 0x13, 0x39, 0x0f,
  0x6b, 0x8a, 0x39, 0x13, 0xac, 0x13, 0xff, 0x1a, 0x1b, 0x87, 0x7e, 0x89,
  0x54, 0x92, 0x45, 0x07, 0x87, 0x10, 0x73, 0x97, 0x0d, 0x1b, 0xd1, 0x12,
  0x63, 0x16, 0x92, 0x10, 0xa4, 0x0f, 0x85, 0x09, 0x56, 0x97, 0x49, 0x0f,
  0x86, 0x02, 0x1f, 0x94, 0xb7, 0x01, 0x62, 0x13, 0x07, 0x91, 0x21, 0x14,
  0x49, 0x12, 0xe5, 0x10, 0xba, 0x11, 0xe2, 0x91, 0x39, 0x08, 0xae, 0x11,
  0x74, 0x13, 0x11, 0x94, 0xbe, 0x98, 0xf6, 0x10, 0xc0, 0x8b, 0x9a, 0x90,
  0xb2, 0x99, 0xfd, 0x18, 0x6b, 0x94, 0x69, 0x91, 0x52, 0x18, 0xd6, 0x1a,
  0x6a, 0x9b, 0xab, 0x94, 0x7c, 0x0d, 0x08, 0x8a, 0x13, 0x92, 0xd8, 0x9b,
  0xa7, 0x18, 0xde, 0x14, 0x7e, 0x14, 0xad, 0x18, 0xf8, 0x08, 0x43, 0x12,
  0xc5, 0x95, 0x95, 0x93, 0x01, 0x17, 0x62, 0x97, 0x18, 0x10, 0x01, 0x14,
  0x90, 0x1b, 0x51, 0x94, 0xad, 0x8c, 0x50, 0x11, 0x09, 0x96, 0xf6, 0x96,
  0x33, 0x93, 0xe9, 0x1a, 0x8c, 0x8e, 0x16, 0x08, 0xe1, 0x18, 0xb3, 0x93,
  0x9e, 0x96, 0xed, 0x98, 0x5c, 0x9a, 0x19, 0x18, 0x05, 0x14, 0x92, 0x98,
  0x51, 0x82, 0xb5, 0x05, 0x50, 0x88, 0xaa, 0x14, 0x74, 0x17, 0x11, 0x8c,
  0xc7, 0x12, 0xec, 0x8e, 0x23, 0x98, 0x31, 0x16, 0x86, 0x11, 0x6d, 0x14,
  0x1e, 0x14, 0x28, 0x16, 0x86, 0x90, 0x3b, 0x96, 0x59, 0x18, 0x66, 0x18,
  0xd7, 0x96, 0x53, 0x14, 0xc3, 0x1b, 0x5c, 0x95, 0xcf, 0x16, 0x52, 0x95,
  0x80, 0x93, 0x95, 0x90, 0xab, 0x15, 0x3e, 0x15, 0xf5, 0x14, 0xf6, 0x1b,
  0x59, 0x94, 0xc8, 0x91, 0x32, 0x99, 0xa9, 0x18, 0x62, 0x10, 0x94, 0x96,
  0xc7, 0x9a, 0xf1, 0x84, 0xeb, 0x0e, 0xc0, 0x90, 0x9a, 0x96, 0x90, 0x94,
  0x88, 0x10, 0x5c, 0x16, 0xf9, 0x95, 0x7c, 0x95, 0x81, 0x94, 0xfc, 0x90,
  0x55, 0x84, 0x83, 0x0c, 0xc2, 0x91, 0x3d, 0x17, 0xcd, 0x15, 0x6c, 0x93,
  0x74, 0x08, 0x1f, 0x97, 0x5f, 0x8d, 0x1a, 0x83, 0xe7, 0x16, 0x51, 0x95,
  0xe7, 0x98, 0x0d, 0x15, 0x74, 0x98, 0xb9, 0x18, 0x6a, 0x0b, 0x77, 0x97,
  0x92, 0x90, 0x87, 0x15, 0xba, 0x0b, 0xb6, 0x14, 0xcc, 0x17, 0x52, 0x98,
  0xe3, 0x15, 0x6a, 0x17, 0x14, 0x92, 0xf9, 0x11, 0x7f, 0x18, 0xe9, 0x8e,
  0xf3, 0x14, 0xd2, 0x94, 0xf2, 0x95, 0x63, 0x8f, 0x91, 0x18, 0x60, 0x12,
  0xda, 0x0a, 0x67, 0x15, 0x65, 0x0d, 0x94, 0x8f, 0x2f, 0x0a, 0x42, 0x98,
  0xa8, 0x96, 0x12, 0x94, 0xe1, 0x10, 0x69, 0x95, 0x98, 0x09, 0xd0, 0x11,
  0x88, 0x19, 0x4b, 0x1c, 0x47, 0x93, 0xa0, 0x17, 0xc8, 0x94, 0xd0, 0x92,
  0x45, 0x98, 0xff, 0x83, 0x50, 0x19, 0x37, 0x96, 0x9b, 0x15, 0xcd, 0x18,
  0x3c, 0x14, 0x0d, 0x18, 0xa0, 0x8e, 0x67, 0x95, 0xdd, 0x9a, 0xca, 0x09,
  0x3e, 0x15, 0x57, 0x19, 0x35, 0x94, 0x89, 0x84, 0xa3, 0x95, 0x36, 0x96,
  0xac, 0x15, 0xd1, 0x13, 0xdd, 0x94, 0x1f, 0x94, 0x5b, 0x02, 0x9c, 0x10,
  0xc2, 0x80, 0x65, 0x93, 0x69, 0x11, 0xdd, 0x91, 0x83, 0x87, 0x17, 0x96,
  0x86, 0x8b, 0xca, 0x04, 0x35, 0x94, 0x9c, 0x0e, 0x99, 0x97, 0x0a, 0x14,
  0x40, 0x18, 0x5b, 0x10, 0x44, 0x95, 0xa4, 0x8c, 0x96, 0x13, 0x6f, 0x0f,
  0xff, 0x95, 0xc4, 0x17, 0x86, 0x08, 0xe0, 0x94, 0xc2, 0x1c, 0x50, 0x1a,
  0x10, 0x90, 0x29, 0x13, 0xef, 0x8d, 0x2e, 0x10, 0xcd, 0x18, 0x06, 0x91,
  0x30, 0x83, 0x0c, 0x1a, 0xd0, 0x96, 0x6f, 0x94, 0xf5, 0x94, 0x2e, 0x18,
  0x5b, 0x16, 0x75, 0x91, 0x37, 0x98, 0x9d, 0x95, 0xed, 0x94, 0x7a, 0x91,
  0xaa, 0x12, 0xe0, 0x15, 0x10, 0x19, 0xeb, 0x95, 0x97, 0x96, 0xd1, 0x95,
  0x17, 0x8a, 0x9a, 0x0d, 0x24, 0x14, 0x4e, 0x96, 0xd4, 0x0e, 0x1f, 0x95,
  0xb8, 0x11, 0xef, 0x9b, 0xaa, 0x0c, 0x19, 0x14, 0x72, 0x8f, 0x93, 0x95,
  0x62, 0x15, 0xff, 0x18, 0xc0, 0x10, 0xfe, 0x14, 0x93, 0x94, 0xb7, 0x18,
  0xf0, 0x95, 0x48, 0x98, 0xbd, 0x95, 0xfa, 0x88, 0xa4, 0x92, 0xf2, 0x86,
  0xe0, 0x95, 0xbb, 0x86, 0x88, 0x14, 0x3e, 0x18, 0x26, 0x11, 0xe8, 0x14,
  0x1e, 0x15, 0x32, 0x14, 0x80, 0x09, 0x10, 0x91, 0x26, 0x94, 0xed, 0x90,
  0xcd, 0x0e, 0x30, 0x16, 0x40, 0x14, 0xd6, 0x12, 0xac, 0x08, 0x0f, 0x19,
  0x49, 0x8b, 0x31, 0x92, 0x2e, 0x8d, 0x13, 0x8d, 0xc9, 0x21, 0x88, 0x18,
  0x21, 0x85, 0x3d, 0x0e, 0x29, 0x0d, 0xfc, 0x0a, 0x40, 0x99, 0xb2, 0x90,
  0xa3, 0x12, 0x7f, 0x97, 0x3b, 0x83, 0xb7, 0x17, 0x75, 0x9a, 0xed, 0x12,
  0x79, 0x92, 0xe2, 0x93, 0x98, 0x98, 0xdb, 0x12, 0x1c, 0x13, 0x8b, 0x8e,
  0x19, 0x9c, 0xd9, 0x94, 0x00, 0x14, 0x3c, 0x95, 0xeb, 0x13, 0x4b, 0x1c,
  0x02, 0x95, 0x34, 0x8e, 0x33, 0x0f, 0xbf, 0x94, 0xb9, 0x91, 0x13, 0x17,
  0x8a, 0x1a, 0x54, 0x0c, 0x0c, 0x92, 0x32, 0x98, 0xb2, 0x10, 0x71, 0x11,
  0xc7, 0x11, 0xe2, 0x10, 0xb4, 0x92, 0xfa, 0x96, 0x3a, 0x0a, 0x83, 0x11,
  0x50, 0x98, 0x00, 0x8e, 0x59, 0x99, 0x6b, 0x12, 0x26, 0x91, 0x5f, 0x94,
  0x9d, 0x10, 0x99, 0x83, 0x73, 0x18, 0xe6, 0x91, 0x5e, 0x97, 0x62, 0x1a,
  0x14, 0x1c, 0xaf, 0x1c, 0xf5, 0x97, 0x25, 0x95, 0x25, 0x15, 0x79, 0x94,
  0x47, 0x11, 0x5c, 0x96, 0x52, 0x0b, 0xbc, 0x8c, 0xde, 0x10, 0xe0, 0x17,
  0xa3, 0x19, 0x1e, 0x17, 0xda, 0x93, 0x9c, 0x94, 0xf0, 0x16, 0x0e, 0x96,
  0xe4, 0x95, 0x9b, 0x8c, 0xf9, 0x10, 0xa4, 0x12, 0x5a, 0x18, 0xde, 0x96,
  0x8a, 0x19, 0x7a, 0x0d, 0x95, 0x94, 0x53, 0x8e, 0x4f, 0x18, 0xd2, 0x93,
  0xf2, 0x8b, 0xdc, 0x85, 0xfb, 0x8d, 0xa7, 0x9b, 0x0a, 0x19, 0xbe, 0x0f,
  0x93, 0x95, 0xf9, 0x95, 0x62, 0x8e, 0x2f, 0x96, 0x91, 0x9b, 0x25, 0x17,
  0x93, 0x96, 0xc6, 0x18, 0xfd, 0x0e, 0x53, 0x17, 0xf8, 0x91, 0x60, 0x0e,
  0x3e, 0x06, 0xa6, 0x12, 0x77, 0x8d, 0xe6, 0x8d, 0x33, 0x96, 0xaf, 0x83,
  0x19, 0x17, 0x66, 0x13, 0xd5, 0x8c, 0xcb, 0x16, 0x5a, 0x06, 0x30, 0x13,
  0xca, 0x88, 0x22, 0x0c, 0x40, 0x93, 0xe5, 0x15, 0x03, 0x8b, 0xe4, 0x0e,
  0x92, 0x90, 0x97, 0x18, 0xd1, 0x15, 0xe3, 0x96, 0x03, 0x94, 0x19, 0x10,
  0x00, 0x19, 0xb0, 0x96, 0x4e, 0x10, 0xf0, 0x91, 0xef, 0x91, 0xab, 0x9a,
  0xcc, 0x16, 0xea, 0x93, 0xc5, 0x1a, 0xae, 0x95, 0x11, 0x19, 0x02, 0x14,
  0x1e, 0x10, 0xac, 0x95, 0x68, 0x14, 0x74, 0x1c, 0x1d, 0x98, 0x65, 0x14,
  0xce, 0x1b, 0x0d, 0x8e, 0x7b, 0x94, 0x22, 0x8d, 0xf4, 0x11, 0x2b, 0x13,
  0xe6, 0x0d, 0x6b, 0x15, 0x83, 0x09, 0x43, 0x18, 0xea, 0x98, 0x21, 0x8e,
  0x77, 0x0f, 0x54, 0x9c, 0x38, 0x19, 0xeb, 0x0e, 0x70, 0x13, 0x46, 0x8a,
  0xcb, 0x14, 0x33, 0x90, 0x68, 0x8f, 0x27, 0x16, 0x70, 0x96, 0x13, 0x95,
  0x5a, 0x11, 0x37, 0x98, 0xc0, 0x17, 0x86, 0x8e, 0x84, 0x86, 0x86, 0x88,
  0xa2, 0x98, 0xd3, 0x15, 0xed, 0x96, 0xb2, 0x14, 0x21, 0x12, 0x79, 0x98,
  0x93, 0x8e, 0xae, 0x94, 0x96, 0x9c, 0xc3, 0x1a, 0xd1, 0x0a, 0xd4, 0x88,
  0xbe, 0x0c, 0x82, 0x15, 0x80, 0x08, 0x47, 0x15, 0x6e, 0x8d, 0x02, 0x1c,
  0x17, 0x15, 0x0b, 0x14, 0x07, 0x98, 0xad, 0x95, 0x46, 0x90, 0x07, 0x14,
  0x30, 0x17, 0x15, 0x0c, 0x1a, 0x89, 0xbb, 0x98, 0x29, 0x94, 0x9e, 0x0b,
  0x0c, 0x96, 0xf0, 0x19, 0xbf, 0x98, 0xde, 0x93, 0xac, 0x92, 0xd2, 0x94,
  0xb2, 0x96, 0x84, 0x8a, 0x3c, 0x81, 0x8c, 0x96, 0x61, 0x0e, 0xd6, 0x99,
  0x3f, 0x00, 0x87, 0x18, 0x3b, 0x11, 0x83, 0x95, 0x60, 0x18, 0x22, 0x14,
  0x3e, 0x98, 0xcd, 0x8b, 0xd2, 0x12, 0xac, 0x13, 0x22, 0x90, 0x96, 0x8c,
  0x15, 0x98, 0xbf, 0x8c, 0x33, 0x1a, 0xce, 0x89, 0xc9, 0x92, 0x87, 0x14,
  0xc4, 0x06, 0x86, 0x12, 0x2e, 0x0d, 0xe5, 0x8e, 0x5d, 0x91, 0x06, 0x11,
  0x47, 0x99, 0x24, 0x14, 0x56, 0x8d, 0x1b, 0x18, 0x5d, 0x14, 0x8c, 0x10,
  0x83, 0x12, 0xc2, 0x95, 0xe5, 0x13, 0xcb, 0x15, 0xd9, 0x10, 0x16, 0x12,
  0xec, 0x08, 0x2f, 0x17, 0xec, 0x22, 0xea, 0x05, 0x47, 0x17, 0x9b, 0x12,
  0xc0, 0x14, 0x76, 0x02, 0x2e, 0x1a, 0xb7, 0x0c, 0x73, 0x97, 0x0f, 0x12,
  0x9c, 0x8f, 0x48, 0x93, 0x54, 0x98, 0xf3, 0x14, 0x4a, 0x13, 0xea, 0x8a,
  0x64, 0x95, 0x03, 0x0f, 0x67, 0x1a, 0x86, 0x18, 0x58, 0x15, 0xde, 0x0d,
  0xb4, 0x18, 0x49, 0x99, 0x8f, 0x14, 0x91, 0x99, 0x52, 0x89, 0x4b, 0x94,
  0x57, 0x99, 0xfe, 0x10, 0x0b, 0x8d, 0x94, 0x9a, 0xc7, 0x19, 0x18, 0x16,
  0xea, 0x0d, 0x53, 0x19, 0xf5, 0x03, 0x39, 0x93, 0x65, 0x87, 0xbc, 0x91,
  0x82, 0x0b, 0x6c, 0x0c, 0xe2, 0x94, 0xb8, 0x16, 0x49, 0x11, 0x63, 0x95,
  0x53, 0x19, 0xeb, 0x14, 0x60, 0x81, 0x77, 0x94, 0x00, 0x93, 0x63, 0x92,
  0x9d, 0x16, 0xbe, 0x16, 0x85, 0x14, 0x38, 0x1a, 0xd3, 0x90, 0xd5, 0x99,
  0x7f, 0x93, 0x5c, 0x11, 0x95, 0x96, 0xe2, 0x96, 0xba, 0x8b, 0x22, 0x19,
  0x71, 0x18, 0x5c, 0x96, 0x5d, 0x97, 0x4e, 0x11, 0x1b, 0x93, 0x1c, 0x92,
  0x34, 0x90, 0x57, 0x15, 0x8b, 0x98, 0x71, 0x91, 0x0e, 0x95, 0x53, 0x98,
  0x5a, 0x96, 0x6b, 0x19, 0xf5, 0x93, 0x30, 0x1a, 0x80, 0x98, 0xce, 0x14,
  0xcc, 0x0e, 0x7f, 0x92, 0x90, 0x92, 0xf9, 0x15, 0xc0, 0x98, 0x5c, 0x00,
  0x74, 0x89, 0xe3, 0x19, 0x85, 0x97, 0x79, 0x18, 0x77, 0x15, 0x76, 0x12,
  0x50, 0x18, 0x95, 0x11, 0x68, 0x17, 0x87, 0x8e, 0x94, 0x11, 0x80, 0x16,
  0x4e, 0x0d, 0x1c, 0x10, 0xac, 0x96, 0x61, 0x18, 0x42, 0x19, 0x87, 0x94,
  0x6a, 0x98, 0xff, 0x99, 0xd2, 0x94, 0x36, 0x15, 0x80, 0x97, 0x40, 0x94,
  0xf2, 0x95, 0x6d, 0x11, 0xd1, 0x19, 0xe4, 0x95, 0x3f, 0x91, 0x2c, 0x18,
  0x22, 0x04, 0x06, 0x17, 0xdb, 0x14, 0x54, 0x06, 0xe0, 0x18, 0xd0, 0x95,
  0x43, 0x0d, 0xf1, 0x95, 0xe8, 0x98, 0x8c, 0x0e, 0x97, 0x0e, 0x36, 0x97,
  0x70, 0x92, 0xfc, 0x90, 0x56, 0x91, 0x0e, 0x99, 0x66, 0x1c, 0x67, 0x16,
  0x46, 0x0f, 0x23, 0x9a, 0xcf, 0x17, 0x57, 0x18, 0xbc, 0x94, 0xae, 0x14,
  0x1b, 0x16, 0x40, 0x8d, 0x7c, 0x98, 0x8b, 0x02, 0x7e, 0x9a, 0x58, 0x92,
  0x09, 0x95, 0xc0, 0x17, 0x25, 0x8e, 0xe2, 0x14, 0x08, 0x12, 0xaa, 0x99,
  0xe9, 0x8b, 0xd8, 0x12, 0x85, 0x94, 0x77, 0x96, 0x6f, 0x14, 0x3c, 0x15,
  0x15, 0x19, 0xa9, 0x8a, 0x78, 0x98, 0x24, 0x1b, 0xee, 0x10, 0x6a, 0x91,
  0x28, 0x02, 0x58, 0x98, 0x18, 0x0a, 0x59, 0x12, 0x5b, 0x94, 0x61, 0x8a,
  0x0b, 0x96, 0x59, 0x16, 0xa3, 0x16, 0xb4, 0x8a, 0x7d, 0x91, 0x54, 0x16,
  0x42, 0x91, 0x36, 0x16, 0xc2, 0x0a, 0x94, 0x95, 0x22, 0x96, 0x74, 0x14,
  0xc4, 0x18, 0xe8, 0x19, 0xfc, 0x12, 0x21, 0x94, 0x58, 0x14, 0xff, 0x15,
  0xb5, 0x07, 0x35, 0x12, 0x70, 0x18, 0x1a, 0x16, 0x51, 0x80, 0x0f, 0x94,
  0x17, 0x97, 0x2e, 0x93, 0x40, 0x17, 0xf4, 0x0d, 0x50, 0x19, 0xf1, 0x17,
  0x97, 0x0d, 0xc9, 0x12, 0x30, 0x81, 0x0b, 0x95, 0x0a, 0x1a, 0xe8, 0x18,
  0xd3, 0x99, 0x73, 0x8e, 0x72, 0x98, 0x92, 0x15, 0x78, 0x11, 0x40, 0x14,
  0xe8, 0x95, 0x48, 0x17, 0x7b, 0x13, 0x16, 0x1c, 0x3b, 0x16, 0x86, 0x96,
  0x85, 0x98, 0x91, 0x92, 0x5b, 0x98, 0x1b, 0x93, 0x68, 0x9a, 0x20, 0x14,
  0x00, 0x91, 0xf2, 0x94, 0x9a, 0x95, 0xc4, 0x98, 0x24, 0x17, 0xd6, 0x11,
  0xf4, 0x15, 0xf2, 0x93, 0x05, 0x15, 0x04, 0x8e, 0xdb, 0x8e, 0xa6, 0x14,
  0x51, 0x15, 0x7d, 0x0a, 0x83, 0x11, 0x07, 0x95, 0xa1, 0x01, 0xb0, 0x96,
  0x55, 0x98, 0x0e, 0x11, 0x46, 0x14, 0x38, 0x15, 0xee, 0x91, 0x48, 0x95,
  0xa3, 0x94, 0x18, 0x8d, 0x2a, 0x0a, 0x63, 0x06, 0xa0, 0x94, 0x16, 0x98,
  0xa8, 0x1d, 0x98, 0x91, 0x16, 0x92, 0x9e, 0x95, 0x94, 0x92, 0x36, 0x19,
  0x4c, 0x90, 0x81, 0x12, 0x4e, 0x14, 0x8a, 0x19, 0x44, 0x14, 0xa1, 0x12,
  0x3b, 0x88, 0xef, 0x95, 0xd5, 0x92, 0x6d, 0x14, 0xd7, 0x0f, 0x17, 0x15,
  0xa0, 0x9a, 0x51, 0x08, 0x01, 0x98, 0xba, 0x98, 0x3e, 0x18, 0x66, 0x96,
  0xd6, 0x95, 0x88, 0x94, 0xc0, 0x98, 0x14, 0x12, 0x06, 0x95, 0xd1, 0x10,
  0xf7, 0x8f, 0x52, 0x8f, 0xd7, 0x97, 0xaa, 0x17, 0xc5, 0x94, 0x17, 0x83,
  0xcb, 0x12, 0x69, 0x13, 0x03, 0x0c, 0x63, 0x97, 0xac, 0x93, 0x3c, 0x15,
  0xba, 0x90, 0xa3, 0x14, 0x5d, 0x18, 0x02, 0x0c, 0x12, 0x9a, 0x9a, 0x17,
  0xa6, 0x18, 0xe9, 0x0e, 0xf9, 0x04, 0x97, 0x89, 0x6c, 0x91, 0x78, 0x96,
  0x1b, 0x17, 0x75, 0x15, 0x03, 0x05, 0xb8, 0x8d, 0x7d, 0x18, 0x70, 0x86,
  0x68, 0x0e, 0x60, 0x94, 0x57, 0x92, 0xff, 0x8e, 0xfd, 0x18, 0xae, 0x19,
  0x33, 0x11, 0x3f, 0x16, 0x87, 0x94, 0x04, 0x19, 0xf5, 0x11, 0xfe, 0x16,
  0x54, 0x92, 0x8f, 0x18, 0x94, 0x12, 0x82, 0x16, 0x80, 0x15, 0x9f, 0x15,
  0x2c, 0x18, 0xd9, 0x9d, 0xd8, 0x95, 0x8c, 0x91, 0x86, 0x0b, 0x1e, 0x15,
  0x59, 0x8e, 0x6f, 0x15, 0xb4, 0x0d, 0x11, 0x95, 0x54, 0x0c, 0xe4, 0x17,
  0x76, 0x98, 0x4c, 0x99, 0x52, 0x90, 0xcf, 0x92, 0x4b, 0x18, 0x60, 0x0e,
  0xc7, 0x1a, 0xf0, 0x90, 0xf0, 0x96, 0xc6, 0x9a, 0x0c, 0x19, 0x68, 0x80,
  0xcf, 0x96, 0x6d, 0x08, 0x15, 0x96, 0xb3, 0x98, 0xbe, 0x94, 0x29, 0x98,
  0x93, 0x13, 0xc5, 0x94, 0x79, 0x8e, 0x7f, 0x94, 0x7a, 0x11, 0x7c, 0x14,
  0x98, 0x15, 0x60, 0x0a, 0xe4, 0x8b, 0x47, 0x18, 0xe4, 0x91, 0x66, 0x92,
  0xa2, 0x16, 0xd7, 0x0f, 0x2c, 0x0f, 0xe6, 0x94, 0x44, 0x98, 0x55, 0x17,
  0x6b, 0x81, 0x5b, 0x12, 0x01, 0x81, 0x34, 0x89, 0xad, 0x1b, 0x7c, 0x92,
  0x03, 0x94, 0x2f, 0x9a, 0xb9, 0x18, 0x6c, 0x91, 0x72, 0x15, 0x40, 0x98,
  0xc5, 0x94, 0x17, 0x11, 0xde, 0x91, 0x80, 0x92, 0xc5, 0x91, 0xf8, 0x96,
  0x71, 0x15, 0x82, 0x13, 0xfc, 0x80, 0x0f, 0x94, 0x35, 0x16, 0xea, 0x8f,
  0xcd, 0x94, 0x10, 0x9a, 0x5d, 0x95, 0x43, 0x14, 0xde, 0x17, 0x39, 0x19,
  0x7e, 0x97, 0x52, 0x12, 0x6a, 0x12, 0x81, 0x11, 0x3a, 0x18, 0x09, 0x04,
  0xed, 0x15, 0x88, 0x14, 0xf5, 0x94, 0x68, 0x96, 0xa8, 0x0a, 0xb4, 0x14,
  0x2f, 0x15, 0x09, 0x10, 0x33, 0x04, 0xdd, 0x94, 0x25, 0x93, 0x0b, 0x95,
  0x4e, 0x16, 0xc8, 0x98, 0xaa, 0x16, 0xc0, 0x14, 0xc3, 0x0e, 0x82, 0x12,
  0xf2, 0x14, 0x47, 0x96, 0xac, 0x94, 0xa8, 0x16, 0xc2, 0x9d, 0xd5, 0x9b,
  0x6f, 0x98, 0x3d, 0x14, 0xd3, 0x13, 0x9c, 0x92, 0x89, 0x97, 0xba, 0x14,
  0xa6, 0x99, 0xef, 0x09, 0x31, 0x97, 0x35, 0x92, 0x7d, 0x18, 0xe8, 0x12,
  0xf4, 0x16, 0x5b, 0x92, 0x12, 0x1c, 0x15, 0x12, 0x7e, 0x13, 0xac, 0x8c,
  0xc5, 0x95, 0x15, 0x96, 0x2c, 0x12, 0x76, 0x95, 0xf7, 0x0a, 0xb3, 0x97,
  0xd5, 0x93, 0x8e, 0x85, 0x9c, 0x95, 0x97, 0x93, 0xb3, 0x0c, 0x0c, 0x14,
  0x9c, 0x15, 0xf7, 0x08, 0x80, 0x18, 0xbe, 0x18, 0x9f, 0x98, 0x0b, 0x96,
  0x30, 0x98, 0x61, 0x09, 0x8c, 0x99, 0xab, 0x92, 0x8a, 0x04, 0x49, 0x14,
  0xe6, 0x88, 0xe8, 0x0b, 0xd1, 0x0f, 0x5b, 0x14, 0x19, 0x15, 0xcd, 0x92,
  0xbc, 0x92, 0x81, 0x97, 0x22, 0x13, 0xca, 0x16, 0x6f, 0x96, 0x62, 0x15,
  0x93, 0x15, 0x59, 0x15, 0x1c, 0x94, 0x52, 0x94, 0x52, 0x0c, 0x67, 0x89,
  0x1a, 0x93, 0x3c, 0x15, 0x2e, 0x94, 0x78, 0x96, 0x43, 0x95, 0x93, 0x11,
  0xc4, 0x95, 0x5f, 0x94, 0xa7, 0x15, 0xae, 0x96, 0xc6, 0x9e, 0xa3, 0x96,
  0x93, 0x98, 0x65, 0x95, 0x85, 0x16, 0x2e, 0x1d, 0x4b, 0x19, 0x45, 0x94,
  0x86, 0x95, 0xe6, 0x94, 0x24, 0x14, 0xb9, 0x14, 0xc2, 0x1b, 0x5e, 0x90,
  0x3e, 0x16, 0xff, 0x9d, 0x81, 0x93, 0x9d, 0x0d, 0xe5, 0x0d, 0x14, 0x17,
  0x7d, 0x98, 0xc9, 0x8d, 0x74, 0x16, 0x86, 0x87, 0x63, 0x91, 0x14, 0x9c,
  0xef, 0x0f, 0xd3, 0x11, 0x57, 0x00, 0x04, 0x95, 0x7c, 0x96, 0xe4, 0x8d,
  0x17, 0x8f, 0x20, 0x18, 0xa9, 0x98, 0x14, 0x13, 0x5f, 0x14, 0x6c, 0x8e,
  0x22, 0x10, 0x7b, 0x8b, 0x13, 0x13, 0x85, 0x16, 0x4f, 0x0e, 0xe4, 0x94,
  0x32, 0x10, 0x3f, 0x8e, 0x5a, 0x02, 0xc0, 0x16, 0xe1, 0x8d, 0xb7, 0x8f,
  0xa8, 0x94, 0xba, 0x11, 0x03, 0x18, 0x60, 0x0f, 0x30, 0x94, 0x78, 0x10,
  0x05, 0x97, 0x36, 0x84, 0x18, 0x0e, 0x57, 0x14, 0xd7, 0x14, 0xba, 0x95,
  0x65, 0x97, 0x98, 0x92, 0x0e, 0x89, 0x6a, 0x1d, 0xab, 0x12, 0x61, 0x96,
  0x71, 0x10, 0xaf, 0x08, 0xa8, 0x93, 0x90, 0x15, 0x12, 0x9c, 0x87, 0x99,
  0xd6, 0x15, 0x14, 0x89, 0x7b, 0x98, 0x21, 0x99, 0x38, 0x95, 0x01, 0x9c,
  0x6d, 0x94, 0x99, 0x80, 0xfa, 0x99, 0x21, 0x17, 0x5d, 0x91, 0x85, 0x14,
  0x33, 0x18, 0x4a, 0x12, 0xf8, 0x12, 0xf1, 0x16, 0xf3, 0x0e, 0x48, 0x89,
  0x18, 0x99, 0x69, 0x14, 0x34, 0x0e, 0xa8, 0x16, 0xe0, 0x9b, 0x00, 0x95,
  0x15, 0x90, 0xe9, 0x96, 0x9b, 0x14, 0x05, 0x95, 0xe7, 0x97, 0xf9, 0x96,
  0x8a, 0x17, 0xf5, 0x95, 0xf6, 0x8c, 0x0b, 0x17, 0x71, 0x0a, 0xd5, 0x14,
  0xf8, 0x11, 0xf1, 0x80, 0x7b, 0x13, 0x1e, 0x8c, 0xb3, 0x94, 0x5a, 0x8e,
  0x6e, 0x17, 0x0e, 0x90, 0x30, 0x8c, 0x1e, 0x0c, 0x7f, 0x17, 0x09, 0x15,
  0xf6, 0x15, 0x45, 0x97, 0x5f, 0x16, 0xea, 0x15, 0x60, 0x0a, 0x31, 0x91,
  0x7b, 0x21, 0xcc, 0x88, 0x7d, 0x9c, 0x8d, 0x91, 0x54, 0x94, 0xdc, 0x16,
  0xd2, 0x17, 0x18, 0x96, 0x63, 0x98, 0xa5, 0x18, 0x91, 0x95, 0xbc, 0x94,
  0x27, 0x19, 0x54, 0x8f, 0xe3, 0x16, 0x68, 0x18, 0x77, 0x8f, 0x3c, 0x95,
  0x19, 0x1b, 0x95, 0x18, 0x63, 0x13, 0xf1, 0x83, 0xbe, 0x95, 0x40, 0x1b,
  0x20, 0x91, 0xe9, 0x89, 0x9a, 0x96, 0xc8, 0x04, 0x4a, 0x18, 0xba, 0x91,
  0x9a, 0x91, 0xa3, 0x97, 0xe1, 0x94, 0xb1, 0x14, 0x15, 0x90, 0x69, 0x19,
  0x27, 0x11, 0x60, 0x93, 0x4b, 0x11, 0xfe, 0x93, 0xa2, 0x94, 0xc0, 0x8c,
  0x4c, 0x96, 0x98, 0x15, 0x6e, 0x93, 0xb1, 0x90, 0xe7, 0x19, 0x0b, 0x18,
  0x10, 0x0e, 0xb9, 0x15, 0xdc, 0x8e, 0xa3, 0x19, 0xce, 0x17, 0x51, 0x0b,
  0x23, 0x94, 0xed, 0x95, 0xe9, 0x1a, 0x19, 0x9c, 0x97, 0x14, 0x1e, 0x8b,
  0x93, 0x11, 0xfd, 0x83, 0xd6, 0x06, 0x05, 0x98, 0xab, 0x0c, 0xca, 0x98,
  0xcb, 0x96, 0x98, 0x90, 0x5b, 0x97, 0xd6, 0x19, 0x96, 0x85, 0xc1, 0x95,
  0xaa, 0x14, 0x06, 0x8b, 0x15, 0x8e, 0x64, 0x96, 0x29, 0x96, 0xd2, 0x8b,
  0xba, 0x19, 0x84, 0x19, 0x51, 0x90, 0xa1, 0x04, 0xbd, 0x14, 0x3d, 0x16,
  0x11, 0x1a, 0xf8, 0x0e, 0x95, 0x11, 0xe7, 0x90, 0x29, 0x16, 0x4c, 0x1e,
  0x96, 0x16, 0xad, 0x02, 0xe9, 0x92, 0xfe, 0x11, 0x03, 0x17, 0xb7, 0x93,
  0x5a, 0x9a, 0x42, 0x95, 0x38, 0x0f, 0xf5, 0x17, 0xf7, 0x17, 0x13, 0x95,
  0x8e, 0x1b, 0x30, 0x95, 0xf2, 0x12, 0x83, 0x14, 0x6d, 0x90, 0xd4, 0x14,
  0x3a, 0x95, 0x1f, 0x08, 0x2a, 0x17, 0x0e, 0x19, 0xde, 0x10, 0x30, 0x0e,
  0xab, 0x14, 0x4b, 0x0e, 0x18, 0x15, 0x39, 0x81, 0x0b, 0x12, 0xcc, 0x11,
  0x2a, 0x8e, 0x9c, 0x95, 0x5b, 0x95, 0xfe, 0x17, 0x32, 0x17, 0xf1, 0x18,
  0x78, 0x10, 0x2f, 0x94, 0xdf, 0x95, 0xaf, 0x10, 0x49, 0x1a, 0x02, 0x12,
  0x62, 0x98, 0x05, 0x96, 0x1b, 0x95, 0x64, 0x90, 0x15, 0x98, 0x89, 0x98,
  0x33, 0x96, 0x1a, 0x90, 0xef, 0x17, 0x78, 0x0f, 0x21, 0x17, 0xff, 0x95,
  0x02, 0x07, 0x1f, 0x13, 0xac, 0x8e, 0xed, 0x13, 0x54, 0x99, 0x29, 0x97,
  0x1e, 0x0a, 0xe9, 0x94, 0x44, 0x94, 0xea, 0x18, 0x4c, 0x8a, 0x9b, 0x18,
  0x9d, 0x8f, 0x72, 0x94, 0xdc, 0x14, 0xe8, 0x1b, 0xba, 0x98, 0x8e, 0x85,
  0x17, 0x8d, 0xfb, 0x17, 0xba, 0x8e, 0x86, 0x95, 0xa1, 0x18, 0x30, 0x86,
  0xf1, 0x06, 0x7f, 0x14, 0xd9, 0x0d, 0x9b, 0x92, 0xf5, 0x15, 0x7f, 0x90,
  0x1f, 0x08, 0xe4, 0x98, 0xcd, 0x94, 0x86, 0x90, 0x29, 0x96, 0xe0, 0x19,
  0x31, 0x95, 0xbf, 0x8d, 0x03, 0x94, 0x2c, 0x0c, 0xf0, 0x18, 0x66, 0x99,
  0x6e, 0x14, 0x37, 0x14, 0x64, 0x18, 0x8e, 0x86, 0xc6, 0x13, 0xf8, 0x96,
  0x5d, 0x02, 0xb0, 0x95, 0xe4, 0x91, 0x1c, 0x90, 0x55, 0x8c, 0x29, 0x14,
  0x7c, 0x88, 0xd4, 0x09, 0xed, 0x15, 0xbd, 0x87, 0xf1, 0x14, 0xd1, 0x97,
  0x6e, 0x15, 0xb0, 0x17, 0xd3, 0x95, 0x88, 0x15, 0x55, 0x15, 0x30, 0x16,
  0xc9, 0x13, 0x47, 0x11, 0x2b, 0x96, 0x76, 0x98, 0x26, 0x12, 0x3b, 0x98,
  0xe7, 0x0c, 0x97, 0x0b, 0xaa, 0x9a, 0x67, 0x11, 0xdb, 0x88, 0x74, 0x92,
  0x74, 0x14, 0x89, 0x90, 0xa9, 0x19, 0xb9, 0x98, 0x57, 0x18, 0xa1, 0x95,
  0x8a, 0x0b, 0x75, 0x01, 0x8f, 0x18, 0x56, 0x18, 0x0b, 0x96, 0x70, 0x92,
  0x9e, 0x16, 0xb6, 0x13, 0xe4, 0x17, 0x6b, 0x17, 0x16, 0x13, 0x19, 0x0a,
  0xc7, 0x06, 0x54, 0x13, 0x0c, 0x14, 0x8c, 0x14, 0xa1, 0x16, 0xfb, 0x15,
  0x17, 0x96, 0x15, 0x96, 0x1b, 0x14, 0xd6, 0x13, 0x96, 0x14, 0x7d, 0x8e,
  0x02, 0x19, 0x54, 0x96, 0x8a, 0x92, 0xe4, 0x10, 0x83, 0x99, 0xd1, 0x92,
  0x5a, 0x98, 0x92, 0x0d, 0x2c, 0x96, 0x9d, 0x1a, 0x55, 0x9c, 0x85, 0x0b,
  0xb1, 0x0f, 0x39, 0x0c, 0xe6, 0x8c, 0x61, 0x16, 0x95, 0x99, 0xa5, 0x80,
  0x5a, 0x09, 0xf9, 0x99, 0x4e, 0x97, 0xf9, 0x0c, 0x41, 0x94, 0x60, 0x15,
  0xfd, 0x94, 0x78, 0x14, 0xd9, 0x0c, 0x31, 0x91, 0x17, 0x94, 0x33, 0x08,
  0x5e, 0x18, 0x70, 0x98, 0xb8, 0x0c, 0x1d, 0x0b, 0x35, 0x11, 0x6b, 0x94,
  0x4b, 0x14, 0x41, 0x14, 0xfe, 0x91, 0x2e, 0x1a, 0xf1, 0x16, 0x26, 0x96,
  0x48, 0x93, 0x12, 0x95, 0xd3, 0x8e, 0xcc, 0x91, 0x10, 0x0e, 0x07, 0x17,
  0x48, 0x8d, 0xda, 0x12, 0x64, 0x14, 0xba, 0x17, 0xed, 0x90, 0xe2, 0x0f,
  0xa7, 0x92, 0x3d, 0x93, 0xdb, 0x0a, 0x5c, 0x0d, 0x64, 0x11, 0xbf, 0x18,
  0x8b, 0x9a, 0x73, 0x0f, 0x1f, 0x91, 0x33, 0x14, 0xfd, 0x15, 0xa2, 0x13,
  0x51, 0x0c, 0x2b, 0x88, 0x5a, 0x89, 0xcd, 0x18, 0xe0, 0x92, 0xe5, 0x94,
  0xc6, 0x93, 0x0b, 0x94, 0xe0, 0x8c, 0x6b, 0x94, 0x09, 0x9b, 0xc5, 0x91,
  0x93, 0x90, 0x97, 0x80, 0x0e, 0x1a, 0xcf, 0x83, 0xc8, 0x17, 0x5f, 0x96,
  0xdc, 0x99, 0xa2, 0x15, 0xdc, 0x81, 0x29, 0x14, 0x42, 0x16, 0x81, 0x82,
  0xed, 0x12, 0xd9, 0x94, 0x9c, 0x94, 0x61, 0x9a, 0xe2, 0x95, 0x5b, 0x11,
  0x26, 0x90, 0x22, 0x17, 0xee, 0x0c, 0x99, 0x12, 0xb7, 0x01, 0xc5, 0x90,
  0x63, 0x98, 0x8e, 0x18, 0x37, 0x99, 0x3b, 0x94, 0x32, 0x96, 0x1e, 0x91,
  0x20, 0x0e, 0x8e, 0x95, 0x82, 0x14, 0x87, 0x18, 0xab, 0x94, 0x91, 0x11,
  0xeb, 0x11, 0xbe, 0x12, 0xd2, 0x16, 0x2d, 0x90, 0x1c, 0x90, 0x85, 0x10,
  0xf7, 0x14, 0x3d, 0x18, 0xb0, 0x93, 0xc4, 0x13, 0x84, 0x17, 0xf0, 0x91,
  0x02, 0x11, 0xb2, 0x98, 0x2f, 0x09, 0x56, 0x08, 0x24, 0x92, 0x56, 0x98,
  0x0a, 0x1c, 0x2f, 0x94, 0x14, 0x19, 0x0a, 0x8e, 0x42, 0x96, 0x07, 0x99,
  0x80, 0x98, 0x33, 0x8e, 0xcf, 0x94, 0xcc, 0x9a, 0xa1, 0x94, 0xb7, 0x11,
  0xef, 0x17, 0x0a, 0x98, 0xcd, 0x13, 0x73, 0x19, 0xd3, 0x94, 0x98, 0x97,
  0xd4, 0x90, 0x77, 0x99, 0xc8, 0x19, 0x82, 0x0a, 0x19, 0x19, 0xe8, 0x10,
  0xac, 0x16, 0x91, 0x19, 0x9f, 0x93, 0xf9, 0x9a, 0xe9, 0x16, 0x0a, 0x14,
  0x90, 0x10, 0x65, 0x19, 0x08, 0x13, 0xe0, 0x17, 0x91, 0x15, 0xa1, 0x95,
  0x47, 0x93, 0x40, 0x16, 0x2e, 0x0b, 0x7d, 0x90, 0x2a, 0x91, 0x70, 0x14,
  0x45, 0x15, 0xe0, 0x0f, 0xfc, 0x90, 0x7a, 0x95, 0xa3, 0x13, 0xa1, 0x18,
  0x1c, 0x05, 0x30, 0x15, 0x76, 0x8f, 0x6b, 0x99, 0xbc, 0x97, 0x32, 0x91,
  0xf9, 0x15, 0xcf, 0x98, 0xde, 0x19, 0x0c, 0x9a, 0xa1, 0x94, 0x51, 0x96,
  0x65, 0x99, 0xd0, 0x12, 0x57, 0x96, 0xce, 0x8f, 0x3e, 0x8f, 0x86, 0x1b,
  0x32, 0x16, 0x86, 0x0f, 0xf6, 0x97, 0x44, 0x11, 0xbb, 0x0a, 0x38, 0x18,
  0x96, 0x18, 0xc0, 0x16, 0xcb, 0x04, 0x4f, 0x96, 0x36, 0x15, 0x84, 0x0f,
  0x46, 0x96, 0xbe, 0x15, 0x01, 0x18, 0xda, 0x11, 0x54, 0x15, 0x78, 0x14,
  0x80, 0x91, 0xb7, 0x15, 0x76, 0x95, 0x91, 0x11, 0x48, 0x95, 0x9e, 0x1d,
  0xc2, 0x16, 0x2f, 0x91, 0x56, 0x18, 0x62, 0x0c, 0x6e, 0x98, 0x44, 0x07,
  0x7a, 0x97, 0x4b, 0x8b, 0xa4, 0x94, 0x83, 0x18, 0xd8, 0x14, 0x92, 0x09,
  0x10, 0x98, 0x60, 0x82, 0x29, 0x92, 0x3f, 0x8f, 0x44, 0x02, 0x06, 0x14,
  0xe1, 0x97, 0xb1, 0x18, 0xf7, 0x95, 0x65, 0x95, 0xfa, 0x17, 0x19, 0x11,
  0x32, 0x9a, 0x6b, 0x12, 0x86, 0x17, 0xed, 0x95, 0xca, 0x17, 0xe1, 0x01,
  0xb0, 0x90, 0x3b, 0x94, 0x73, 0x9a, 0x0b, 0x94, 0xe5, 0x10, 0x95, 0x18,
  0x68, 0x0d, 0x6f, 0x99, 0x17, 0xa2, 0x7e, 0x96, 0x36, 0x18, 0xa3, 0x83,
  0x1e, 0x90, 0x1c, 0x1c, 0x73, 0x9a, 0xa3, 0x0c, 0x85, 0x92, 0x2e, 0x16,
  0xd5, 0x84, 0x4d, 0x11, 0xad, 0x11, 0x35, 0x8c, 0x66, 0x11, 0xef, 0x14,
  0xb3, 0x19, 0x6f, 0x0e, 0x2f, 0x9b, 0xcb, 0x10, 0x59, 0x9a, 0x4e, 0x18,
  0x8d, 0x91, 0x18, 0x15, 0x9d, 0x16, 0xbb, 0x1a, 0x0c, 0x1a, 0x16, 0x98,
  0x67, 0x11, 0xd7, 0x8d, 0x27, 0x16, 0x44, 0x97, 0xec, 0x90, 0xc6, 0x8e,
  0x1c, 0x15, 0xd6, 0x91, 0x19, 0x16, 0x72, 0x13, 0xe0, 0x84, 0x1d, 0x14,
  0x51, 0x16, 0xd7, 0x95, 0x47, 0x94, 0x1f, 0x95, 0x92, 0x98, 0x5c, 0x92,
  0xd7, 0x13, 0x12, 0x90, 0x72, 0x16, 0xfa, 0x91, 0x4f, 0x96, 0x78, 0x92,
  0x39, 0x13, 0xab, 0x93, 0xb1, 0x92, 0x7d, 0x90, 0x7d, 0x1e, 0x99, 0x8c,
  0x4e, 0x09, 0x05, 0x8c, 0x37, 0x1a, 0x63, 0x0d, 0x3b, 0x94, 0x81, 0x0d,
  0x12, 0x19, 0x75, 0x1a, 0xf1, 0x0a, 0xd6, 0x94, 0xd2, 0x9a, 0x7d, 0x18,
  0x75, 0x13, 0xf2, 0x15, 0x99, 0x9a, 0x09, 0x8e, 0xe4, 0x96, 0xb3, 0x96,
  0x66, 0x17, 0x2b, 0x18, 0x6e, 0x92, 0xcd, 0x12, 0x82, 0x95, 0x56, 0x8e,
  0x73, 0x18, 0x3c, 0x92, 0x7b, 0x8a, 0x13, 0x94, 0xdd, 0x00, 0x08, 0x98,
  0xb0, 0x81, 0xf6, 0x1c, 0xaf, 0x10, 0xa5, 0x96, 0x51, 0x18, 0xbb, 0x0b,
  0xa1, 0x95, 0x2d, 0x10, 0x71, 0x9c, 0x69, 0x95, 0x6f, 0x94, 0xac, 0x94,
  0xb7, 0x16, 0xe9, 0x93, 0xa5, 0x15, 0xe9, 0x89, 0x57, 0x19, 0x48, 0x17,
  0xa0, 0x91, 0x3b, 0x1b, 0x0b, 0x89, 0x7c, 0x8c, 0xb9, 0x09, 0x09, 0x14,
  0xc5, 0x16, 0xe5, 0x90, 0xb4, 0x15, 0xf0, 0x90, 0x97, 0x12, 0xfe, 0x95,
  0x84, 0x18, 0xde, 0x92, 0xe2, 0x0e, 0xbd, 0x08, 0xa7, 0x12, 0xe7, 0x8d,
  0xf7, 0x94, 0xa1, 0x0f, 0x38, 0x96, 0x31, 0x9a, 0x3e, 0x9e, 0x42, 0x18,
  0x31, 0x9a, 0x1b, 0x95, 0xe7, 0x10, 0xa3, 0x99, 0xb2, 0x98, 0x5b, 0x12,
  0x0e, 0x18, 0x12, 0x19, 0x35, 0x98, 0x5c, 0x19, 0xa1, 0x96, 0xc5, 0x12,
  0x11, 0x0b, 0x70, 0x90, 0x2d, 0x94, 0xbd, 0x12, 0x36, 0x97, 0x6c, 0x11,
  0x15, 0x1b, 0xf8, 0x91, 0xce, 0x16, 0xa3, 0x17, 0xdb, 0x0d, 0x77, 0x12,
  0xa5, 0x13, 0x67, 0x15, 0x1d, 0x96, 0xa4, 0x11, 0x40, 0x15, 0x3f, 0x0f,
  0x3d, 0x0f, 0xce, 0x0e, 0x6a, 0x94, 0xa3, 0x13, 0xff, 0x0c, 0x1e, 0x97,
  0x4d, 0x11, 0x51, 0x94, 0x48, 0x14, 0x61, 0x95, 0x43, 0x96, 0x78, 0x0f,
  0x07, 0x13, 0x42, 0x16, 0xde, 0x16, 0x8a, 0x0e, 0xe6, 0x8a, 0x1e, 0x13,
  0x24, 0x16, 0x2c, 0x14, 0x67, 0x8e, 0x9d, 0x95, 0x64, 0x91, 0x90, 0x18,
  0x2f, 0x99, 0x44, 0x97, 0x51, 0x98, 0xaf, 0x93, 0x0c, 0x09, 0x1c, 0x97,
  0xfa, 0x13, 0x21, 0x0c, 0x87, 0x15, 0xdf, 0x8c, 0xde, 0x95, 0x4f, 0x96,
  0x1f, 0x16, 0xa3, 0x98, 0xbb, 0x91, 0x7a, 0x11, 0x3e, 0x18, 0xf0, 0x18,
  0x05, 0x93, 0x21, 0x8e, 0x7a, 0x95, 0x5d, 0x8e, 0xd8, 0x98, 0xf4, 0x9a,
  0xf6, 0x15, 0x82, 0x15, 0x27, 0x01, 0xc9, 0x16, 0x93, 0x19, 0x23, 0x97,
  0xe9, 0x8f, 0x74, 0x18, 0xde, 0x94, 0x6d, 0x9a, 0xff, 0x11, 0xdf, 0x95,
  0x22, 0x19, 0xa3, 0x10, 0x4e, 0x18, 0xe0, 0x17, 0x85, 0x85, 0xae, 0x12,
  0x2b, 0x10, 0x0d, 0x1a, 0x6d, 0x09, 0xe8, 0x16, 0xe9, 0x98, 0x43, 0x96,
  0xd8, 0x94, 0x77, 0x11, 0xb8, 0x0c, 0xc9, 0x15, 0xf4, 0x15, 0x17, 0x15,
  0x27, 0x95, 0xe1, 0x16, 0xb0, 0x11, 0x09, 0x8f, 0xcb, 0x94, 0x85, 0x11,
  0x0c, 0x15, 0x4c, 0x15, 0x97, 0x17, 0x6e, 0x14, 0x08, 0x95, 0x36, 0x98,
  0x20, 0x97, 0x92, 0x94, 0x58, 0x14, 0x85, 0x92, 0x61, 0x99, 0xa2, 0x85,
  0xba, 0x96, 0x3a, 0x80, 0x63, 0x1b, 0x91, 0x8c, 0xc7, 0x95, 0x6c, 0x13,
  0x85, 0x18, 0xb5, 0x8f, 0xdd, 0x9a, 0x2f, 0x9c, 0x65, 0x0c, 0x94, 0x94,
  0x0a, 0x9a, 0x4d, 0x93, 0x57, 0x17, 0x45, 0x1b, 0x83, 0x91, 0x87, 0x94,
  0x31, 0x16, 0xc8, 0x81, 0x8a, 0x9b, 0x36, 0x15, 0x0d, 0x80, 0x53, 0x18,
  0x49, 0x11, 0x29, 0x94, 0x8c, 0x12, 0x83, 0x97, 0x28, 0x18, 0xcf, 0x95,
  0x4f, 0x88, 0x2b, 0x9c, 0x72, 0x95, 0x08, 0x91, 0x48, 0x0b, 0xf8, 0x18,
  0x2f, 0x05, 0x8a, 0x95, 0x38, 0x96, 0xfb, 0x13, 0xb7, 0x95, 0xd5, 0x10,
  0x7e, 0x11, 0x17, 0x14, 0x26, 0x1a, 0xc3, 0x16, 0x23, 0x17, 0xa5, 0x97,
  0x6b, 0x17, 0x81, 0x14, 0x90, 0x05, 0x7c, 0x90, 0x20, 0x18, 0xaf, 0x16,
  0xec, 0x12, 0x76, 0x98, 0x2e, 0x91, 0x08, 0x10, 0x1a, 0x94, 0x1f, 0x14,
  0x1d, 0x0e, 0xe7, 0x8f, 0x27, 0x11, 0x76, 0x16, 0x21, 0x95, 0x53, 0x98,
  0xc6, 0x10, 0x36, 0x14, 0x3c, 0x99, 0x04, 0x18, 0x5e, 0x83, 0xa1, 0x91,
  0x4e, 0x8e, 0xa9, 0x0f, 0x60, 0x0f, 0x5e, 0x18, 0x95, 0x19, 0xb7, 0x15,
  0x87, 0x15, 0x37, 0x9b, 0x8c, 0x11, 0xcb, 0x14, 0x59, 0x04, 0x82, 0x0f,
  0xac, 0x86, 0xe1, 0x8e, 0x75, 0x97, 0x67, 0x81, 0xd1, 0x95, 0x07, 0x9d,
  0x0b, 0x14, 0x77, 0x15, 0xa3, 0x11, 0x67, 0x8e, 0x44, 0x91, 0xdf, 0x80,
  0x07, 0x91, 0xd5, 0x93, 0x5a, 0x00, 0x4b, 0x0f, 0x1b, 0x17, 0x2e, 0x15,
  0x8f, 0x18, 0x43, 0x10, 0x3a, 0x1a, 0x86, 0x95, 0xe2, 0x0c, 0xe0, 0x18,
  0xd2, 0x04, 0xd0, 0x88, 0xb4, 0x17, 0x77, 0x8f, 0x45, 0x94, 0x85, 0x97,
  0xa9, 0x95, 0x1a, 0x8e, 0xe0, 0x14, 0xbb, 0x16, 0xb9, 0x98, 0x14, 0x94,
  0xd5, 0x15, 0xc6, 0x12, 0x0f, 0x8e, 0x7e, 0x12, 0xb2, 0x14, 0x34, 0x16,
  0x17, 0x98, 0xa3, 0x18, 0x86, 0x22, 0x49, 0x96, 0x7f, 0x19, 0xda, 0x01,
  0x58, 0x98, 0x90, 0x19, 0xb5, 0x8e, 0x1f, 0x97, 0xd6, 0x91, 0x22, 0x9c,
  0xf7, 0x14, 0x2b, 0x11, 0x85, 0x16, 0xf9, 0x94, 0xa4, 0x96, 0x38, 0x8e,
  0x0c, 0x8d, 0xf4, 0x91, 0xdd, 0x8a, 0x8c, 0x16, 0x2e, 0x1d, 0x26, 0x0d,
  0x3a, 0x97, 0x32, 0x84, 0xa7, 0x8c, 0xd6, 0x96, 0x39, 0x18, 0x93, 0x94,
  0x96, 0x98, 0x85, 0x8e, 0xfb, 0x14, 0x04, 0x91, 0x85, 0x0c, 0x44, 0x98,
  0x31, 0x15, 0xe4, 0x17, 0xf9, 0x11, 0x5a, 0x10, 0xc8, 0x94, 0x45, 0x0f,
  0xda, 0x8b, 0x61, 0x80, 0xef, 0x96, 0x80, 0x18, 0x23, 0x1a, 0x0d, 0x94,
  0xf3, 0x81, 0x47, 0x0a, 0xde, 0x93, 0xe7, 0x15, 0xd5, 0x92, 0x7d, 0x98,
  0xdb, 0x96, 0x0c, 0x91, 0x35, 0x93, 0x25, 0x9a, 0xe0, 0x1b, 0x6f, 0x18,
  0xca, 0x81, 0x64, 0x95, 0xeb, 0x14, 0xf4, 0x90, 0x96, 0x96, 0x26, 0x19,
  0xf0, 0x15, 0x75, 0x12, 0x3e, 0x08, 0x12, 0x05, 0x9c, 0x99, 0x6f, 0x96,
  0xc0, 0x86, 0x85, 0x10, 0x37, 0x1b, 0x57, 0x8c, 0xc7, 0x95, 0x99, 0x8a,
  0x7c, 0x9a, 0xac, 0x95, 0xc2, 0x18, 0x2a, 0x18, 0x11, 0x9a, 0x9f, 0x96,
  0x44, 0x04, 0xa7, 0x12, 0xa3, 0x12, 0x90, 0x8c, 0xea, 0x94, 0xef, 0x14,
  0xed, 0x13, 0x87, 0x95, 0x8e, 0x9b, 0xe6, 0x93, 0xb1, 0x8c, 0x67, 0x12,
  0x52, 0x11, 0x58, 0x91, 0x24, 0x1b, 0x7f, 0x91, 0x2e, 0x94, 0x98, 0x96,
  0xc5, 0x12, 0x38, 0x93, 0x0c, 0x98, 0xe5, 0x8c, 0xe0, 0x14, 0x89, 0x14,
  0x2e, 0x15, 0x78, 0x16, 0x7d, 0x91, 0x12, 0x11, 0x61, 0x94, 0x61, 0x0e,
  0xe2, 0x90, 0xf4, 0x03, 0x81, 0x97, 0x5f, 0x93, 0x21, 0x93, 0xa7, 0x98,
  0x80, 0x95, 0x26, 0x13, 0xc5, 0x84, 0x2a, 0x98, 0x99, 0x91, 0x88, 0x98,
  0x4b, 0x18, 0x5a, 0x96, 0x9a, 0x95, 0x34, 0x16, 0x8c, 0x15, 0x5d, 0x13,
  0x29, 0x0c, 0x55, 0x17, 0xd5, 0x06, 0x62, 0x96, 0xe2, 0x97, 0x92, 0x12,
  0x99, 0x96, 0x50, 0x9a, 0x81, 0x18, 0xa2, 0x95, 0xdb, 0x19, 0xb6, 0x16,
  0xc2, 0x95, 0x30, 0x1b, 0x37, 0x14, 0xfe, 0x94, 0x41, 0x94, 0x9c, 0x98,
  0x7c, 0x9a, 0xd3, 0x14, 0x68, 0x16, 0x23, 0x15, 0xed, 0x91, 0x0c, 0x96,
  0x5a, 0x12, 0x69, 0x13, 0xe0, 0x96, 0x86, 0x94, 0x21, 0x14, 0x91, 0x11,
  0x6e, 0x18, 0x14, 0x97, 0x7f, 0x10, 0x04, 0x18, 0xf0, 0x97, 0x51, 0x93,
  0x01, 0x15, 0xca, 0x0e, 0x0e, 0x94, 0xad, 0x0a, 0xa1, 0x8b, 0x84, 0x95,
  0x22, 0x16, 0xdb, 0x8b, 0x8c, 0x98, 0x4a, 0x14, 0x30, 0x96, 0x01, 0x10,
  0x6c, 0x12, 0x69, 0x83, 0x26, 0x18, 0xca, 0x15, 0xba, 0x92, 0xae, 0x19,
  0x6b, 0x9c, 0x87, 0x12, 0x78, 0x14, 0x51, 0x17, 0x6c, 0x91, 0x48, 0x94,
  0xca, 0x90, 0xee, 0x8d, 0x39, 0x90, 0xf4, 0x17, 0xcb, 0x8f, 0xa9, 0x00,
  0xa5, 0x18, 0x9c, 0x83, 0x02, 0x14, 0xec, 0x17, 0xe7, 0x97, 0x5b, 0x18,
  0x3e, 0x16, 0x06, 0x06, 0x35, 0x94, 0x70, 0x96, 0x1c, 0x17, 0x0f, 0x15,
  0x81, 0x17, 0x5d, 0x11, 0x3c, 0x94, 0x5a, 0x12, 0x0b, 0x15, 0x3b, 0x00,
  0xa7, 0x17, 0x14, 0x15, 0x71, 0x94, 0x6e, 0x94, 0x0f, 0x81, 0x1a, 0x97,
  0x11, 0x90, 0xbf, 0x8f, 0x06, 0x99, 0x76, 0x14, 0x2d, 0x0d, 0xda, 0x15,
  0x49, 0x15, 0x5f, 0x1a, 0x0d, 0x90, 0xe0, 0x14, 0xe8, 0x0a, 0xce, 0x14,
  0x26, 0x0c, 0x09, 0x94, 0xf8, 0x06, 0xb0, 0x18, 0x68, 0x99, 0xf8, 0x18,
  0xab, 0x8d, 0x86, 0x98, 0x43, 0x95, 0x7d, 0x95, 0x73, 0x87, 0x94, 0x8c,
  0xbb, 0x0c, 0x0c, 0x18, 0x6b, 0x8c, 0x84, 0x15, 0xab, 0x95, 0x2c, 0x95,
  0x91, 0x0f, 0x05, 0x15, 0xff, 0x94, 0xd3, 0x94, 0x38, 0x99, 0x78, 0x16,
  0x86, 0x9e, 0xc7, 0x8f, 0xaa, 0x16, 0x33, 0x93, 0x45, 0x91, 0xde, 0x98,
  0xdf, 0x99, 0x7e, 0x80, 0xf4, 0x93, 0x5e, 0x9a, 0x36, 0x90, 0xdf, 0x17,
  0x9f, 0x15, 0xdc, 0x11, 0x71, 0x16, 0xde, 0x16, 0xef, 0x97, 0x7d, 0x12,
  0xfe, 0x0f, 0x14, 0x15, 0xdb, 0x99, 0xd7, 0x12, 0x1b, 0x02, 0x4d, 0x19,
  0xba, 0x16, 0x12, 0x9b, 0xe6, 0x18, 0x57, 0x89, 0x33, 0x0a, 0xa0, 0x13,
  0xe1, 0x92, 0x68, 0x0a, 0x1c, 0x16, 0x4f, 0x15, 0x11, 0x15, 0x42, 0x18,
  0xc5, 0x14, 0xcb, 0x09, 0x34, 0x93, 0xb1, 0x86, 0x43, 0x8f, 0x4f, 0x92,
  0xb0, 0x90, 0xc4, 0x89, 0x67, 0x19, 0x1d, 0x94, 0x4d, 0x17, 0x06, 0x11,
  0x2c, 0x82, 0x39, 0x88, 0x04, 0x8d, 0x75, 0x11, 0x78, 0x97, 0x5c, 0x13,
  0x5a, 0x8c, 0xa0, 0x19, 0x03, 0x1c, 0x6f, 0x98, 0x29, 0x10, 0x6b, 0x15,
  0x65, 0x12, 0x58, 0x10, 0xa4, 0x8c, 0x16, 0x14, 0xf8, 0x16, 0xa5, 0x13,
  0x52, 0x93, 0x65, 0x16, 0xa6, 0x91, 0x93, 0x99, 0x69, 0x87, 0xbc, 0x8a,
  0x53, 0x8e, 0x5f, 0x98, 0x17, 0x15, 0x3e, 0x92, 0xed, 0x10, 0x44, 0x98,
  0xab, 0x15, 0x64, 0x96, 0x91, 0x98, 0x5d, 0x14, 0xcd, 0x94, 0x51, 0x8b,
  0x2e, 0x91, 0xbd, 0x88, 0x81, 0x14, 0x63, 0x0c, 0xab, 0x0a, 0xd5, 0x19,
  0x94, 0x97, 0x56, 0x14, 0xc1, 0x17, 0x05, 0x15, 0xa4, 0x95, 0xb9, 0x1a,
  0xd3, 0x94, 0x9b, 0x8b, 0xd6, 0x98, 0x96, 0x19, 0xd4, 0x17, 0x11, 0x97,
  0xcf, 0x16, 0x0e, 0x96, 0x83, 0x98, 0x1c, 0x0c, 0x78, 0x09, 0x1e, 0x19,
  0xb5, 0x96, 0x8a, 0x8f, 0x08, 0x90, 0x96, 0x96, 0x43, 0x13, 0xa0, 0x0d,
  0x42, 0x91, 0xd3, 0x95, 0xa0, 0x94, 0x19, 0x94, 0x13, 0x17, 0x22, 0x05,
  0xb9, 0x05, 0xd2, 0x96, 0x53, 0x97, 0x25, 0x15, 0x8f, 0x11, 0xc6, 0x13,
  0x09, 0x8b, 0x86, 0x15, 0xcb, 0x20, 0x34, 0x8a, 0x62, 0x96, 0xb1, 0x14,
  0xe4, 0x97, 0x1f, 0x8a, 0x52, 0x9b, 0x03, 0x90, 0x2f, 0x99, 0x95, 0x9c,
  0xf4, 0x8e, 0xe3, 0x97, 0xc0, 0x90, 0x38, 0x07, 0xef, 0x0b, 0x63, 0x19,
  0x4e, 0x96, 0x1a, 0x13, 0xca, 0x15, 0x9f, 0x97, 0xc0, 0x81, 0xf0, 0x95,
  0x0b, 0x12, 0x8e, 0x98, 0x60, 0x92, 0x88, 0x97, 0x8e, 0x18, 0x31, 0x18,
  0x39, 0x95, 0x11, 0x94, 0x28, 0x8f, 0xc9, 0x11, 0x12, 0x9a, 0xd2, 0x92,
  0x8a, 0x13, 0xa8, 0x8d, 0xd9, 0x0e, 0x5c, 0x11, 0x82, 0x17, 0x96, 0x12,
  0x9e, 0x11, 0x49, 0x06, 0x84, 0x8f, 0x49, 0x0c, 0xf6, 0x11, 0x6e, 0x95,
  0xe5, 0x96, 0xaa, 0x16, 0x5e, 0x95, 0xb3, 0x8d, 0x2c, 0x16, 0x89, 0x0e,
  0x15, 0x15, 0xbb, 0x13, 0xe1, 0x93, 0x8b, 0x18, 0x00, 0x95, 0x46, 0x9b,
  0x64, 0x12, 0xdd, 0x93, 0x02, 0x90, 0x5e, 0x11, 0x8b, 0x11, 0x36, 0x17,
  0xb9, 0x8e, 0x96, 0x14, 0x62, 0x13, 0x20, 0x98, 0xd6, 0x18, 0x9b, 0x95,
  0x6c, 0x96, 0x60, 0x17, 0xbb, 0x16, 0x65, 0x16, 0xaa, 0x94, 0xfa, 0x15,
  0x46, 0x8b, 0x3b, 0x17, 0x36, 0x04, 0xc2, 0x19, 0xea, 0x98, 0x5e, 0x98,
  0x18, 0x14, 0x8e, 0x12, 0x14, 0x1a, 0x35, 0x15, 0x45, 0x0f, 0xda, 0x12,
  0x14, 0x11, 0x7d, 0x0c, 0xda, 0x13, 0x97, 0x18, 0x84, 0x93, 0x30, 0x18,
  0x60, 0x90, 0xd4, 0x98, 0xca, 0x08, 0x60, 0x96, 0xac, 0x0f, 0x40, 0x94,
  0xcb, 0x97, 0xc8, 0x16, 0x95, 0x18, 0x24, 0x19, 0xab, 0x18, 0x2b, 0x18,
  0xa0, 0x93, 0x30, 0x15, 0x29, 0x14, 0x08, 0x19, 0xae, 0x92, 0x1e, 0x94,
  0xd7, 0x0d, 0x74, 0x14, 0x6f, 0x98, 0xdd, 0x14, 0xd4, 0x18, 0xe0, 0x0f,
  0x89, 0x94, 0xad, 0x0f, 0xbc, 0x0b, 0xc2, 0x10, 0x90, 0x15, 0x1e, 0x94,
  0x0a, 0x16, 0x52, 0x8f, 0x0f, 0x95, 0xb6, 0x99, 0x95, 0x1d, 0x88, 0x90,
  0xfe, 0x97, 0x0a, 0x93, 0x5c, 0x16, 0xe6, 0x9b, 0xe6, 0x91, 0x80, 0x92,
  0x69, 0x98, 0x9c, 0x98, 0xd2, 0x97, 0xc3, 0x19, 0x96, 0x8c, 0x2c, 0x18,
  0x2a, 0x97, 0xd1, 0x9a, 0x0e, 0x18, 0x84, 0x91, 0xeb, 0x18, 0x1f, 0x8d,
  0x73, 0x9a, 0x14, 0x16, 0xcb, 0x15, 0x05, 0x15, 0xc7, 0x16, 0xf2, 0x96,
  0xd9, 0x97, 0x2a, 0x0f, 0x37, 0x16, 0xff, 0x14, 0xd1, 0x05, 0x06, 0x9c,
  0xad, 0x18, 0xbf, 0x16, 0xd1, 0x96, 0x44, 0x0d, 0x2b, 0x0f, 0x19, 0x12,
  0x2e, 0x07, 0x4a, 0x18, 0xda, 0x14, 0x4d, 0x0c, 0x1e, 0x8f, 0xbc, 0x16,
  0xc4, 0x92, 0x5b, 0x14, 0x04, 0x95, 0x1d, 0x15, 0x72, 0x15, 0xc3, 0x94,
  0x66, 0x8f, 0xac, 0x18, 0x98, 0x15, 0xb5, 0x15, 0xe1, 0x88, 0x5f, 0x94,
  0xe4, 0x98, 0x16, 0x9c, 0x47, 0x97, 0x19, 0x98, 0xa6, 0x04, 0xf1, 0x90,
  0xfe, 0x14, 0x0d, 0x97, 0xf9, 0x97, 0x54, 0x13, 0x6e, 0x10, 0x09, 0x8d,
  0x57, 0x99, 0x5e, 0x15, 0xbc, 0x94, 0xa2, 0x14, 0xd5, 0x19, 0x54, 0x96,
  0xaa, 0x10, 0x73, 0x10, 0x46, 0x1a, 0x53, 0x19, 0x90, 0x94, 0x05, 0x90,
  0xb5, 0x99, 0x3c, 0x8f, 0xf5, 0x17, 0xef, 0x01, 0x86, 0x03, 0x99, 0x18,
  0x6f, 0x17, 0x41, 0x14, 0x9d, 0x10, 0x35, 0x19, 0x54, 0x17, 0x0d, 0x97,
  0x56, 0x94, 0x27, 0x15, 0x6c, 0x16, 0x50, 0x97, 0xa8, 0x9b, 0xd5, 0x95,
  0x50, 0x02, 0x02, 0x17, 0x26, 0x10, 0x6d, 0x12, 0xd2, 0x19, 0x05, 0x95,
  0x18, 0x19, 0xf2, 0x11, 0x7f, 0x8f, 0xc0, 0x98, 0xa4, 0x18, 0xc6, 0x0e,
  0x46, 0x13, 0xd3, 0x96, 0x86, 0x95, 0xf4, 0x0a, 0xfb, 0x11, 0x59, 0x98,
  0x09, 0x0c, 0x37, 0x19, 0x09, 0x13, 0x06, 0x15, 0x83, 0x14, 0xed, 0x8a,
  0xa5, 0x13, 0xf4, 0x95, 0x38, 0x0e, 0x08, 0x8d, 0x32, 0x16, 0x4b, 0x18,
  0x0c, 0x1f, 0x2b, 0x16, 0x80, 0x9a, 0xf4, 0x0c, 0xc9, 0x96, 0x84, 0x1c,
  0xeb, 0x16, 0x25, 0x95, 0xfb, 0x0d, 0x0d, 0x99, 0x61, 0x1a, 0x8c, 0x95,
  0xf5, 0x94, 0x65, 0x00, 0x78, 0x99, 0x2b, 0x95, 0x9e, 0xf3, 0xff, 0xff,
  0x04, 0x00, 0x00, 0x00, 0x5a, 0x00, 0x00, 0x00, 0x47, 0x35, 0xae, 0xb9,
  0x50, 0xba, 0x1e, 0xba, 0x9b, 0x38, 0xd5, 0xba, 0xd2, 0x2f, 0x18, 0xb9,
  0x8b, 0xb7, 0x6d, 0xbb, 0xa6, 0xba, 0x77, 0xbc, 0xfd, 0xb8, 0xcf, 0xb9,
  0xa8, 0xba, 0x06, 0xbc, 0xae, 0xb2, 0xf5, 0x34, 0x2d, 0xba, 0x24, 0x3c,
  0x61, 0xb6, 0x2e, 0xba, 0xaa, 0xb8, 0x07, 0x34, 0x70, 0xb4, 0x5d, 0xb8,
  0xc7, 0xb0, 0x34, 0xb7, 0x40, 0xaf, 0xf6, 0xb8, 0x0f, 0xa6, 0x14, 0x37,
  0x8e, 0xb8, 0xeb, 0xba, 0xba, 0xad, 0xd4, 0xb8, 0xee, 0xb3, 0x1b, 0xb6,
  0x5f, 0xb5, 0x05, 0xba, 0x37, 0x35, 0x16, 0xb8, 0xa0, 0xb9, 0x3a, 0xb5,
  0x73, 0xb9, 0x00, 0x00, 0x06, 0xf4, 0xff, 0xff, 0x04, 0x00, 0x00, 0x00,
  0x00, 0x01, 0x00, 0x00, 0x76, 0x35, 0x27, 0xb5, 0xe3, 0x31, 0xbb, 0x01,
  0xe4, 0x33, 0x21, 0xb2, 0x3d, 0x28, 0x92, 0xb0, 0x73, 0xb3, 0xc0, 0x31,
  0x25, 0x34, 0xe7, 0x32, 0xa0, 0x34, 0x06, 0x30, 0xe9, 0x34, 0x8f, 0x2c,
  0x6e, 0xb1, 0x20, 0xb5, 0xe9, 0x29, 0xb9, 0x33, 0x2b, 0xb3, 0xf5, 0xae,
  0x14, 0x31, 0x0a, 0x28, 0xe2, 0x2e, 0x67, 0x29, 0x2d, 0xb2, 0x88, 0x30,
  0x7b, 0x32, 0x5f, 0xaa, 0xbe, 0x34, 0xd5, 0xb4, 0x6e, 0xb1, 0xd9, 0xb3,
  0x12, 0x31, 0xff, 0x2c, 0xc7, 0xb3, 0x9e, 0xb2, 0x1c, 0x2d, 0x50, 0x13,
  0xa5, 0x2c, 0x60, 0xa6, 0x2d, 0x26, 0xd1, 0xaf, 0x4e, 0x33, 0xa3, 0xaf,
  0xe6, 0x30, 0x38, 0x28, 0x25, 0xb4, 0x5c, 0x2c, 0x17, 0xb5, 0x61, 0x32,
  0x4b, 0x2a, 0xb6, 0x27, 0x2b, 0xad, 0xa5, 0xb0, 0x79, 0xb4, 0x66, 0xb1,
  0xae, 0x30, 0x8a, 0x2b, 0x2d, 0x33, 0x54, 0xab, 0xb7, 0x2d, 0x69, 0x2a,
  0x54, 0xb1, 0x05, 0x2c, 0xe5, 0xaa, 0xc2, 0xb4, 0x5c, 0xb4, 0xf1, 0xb0,
  0x07, 0xb5, 0xd3, 0x35, 0x36, 0x2e, 0x24, 0xb5, 0xb7, 0xb1, 0xe6, 0xaa,
  0x4a, 0xa5, 0x65, 0x1b, 0xeb, 0xa6, 0xa9, 0x2a, 0xfa, 0xa1, 0x31, 0xb3,
  0x47, 0xb3, 0x87, 0x34, 0x25, 0x30, 0xea, 0xb2, 0x4f, 0x33, 0xe3, 0x2e,
  0x89, 0x34, 0xd8, 0xb0, 0xd0, 0x27, 0xc8, 0xb5, 0x7c, 0x34, 0xd1, 0x32,
  0x47, 0xaf, 0x89, 0x28, 0x44, 0x34, 0x15, 0xb5, 0x58, 0xb4, 0x7b, 0x33,
  0x24, 0xb0, 0xa5, 0xb3, 0x75, 0x2c, 0x1f, 0xb4, 0x9f, 0x34, 0x6f, 0x2e,
  0x53, 0xac, 0x7c, 0xaf, 0xa6, 0x32, 0x90, 0xaa, 0x45, 0x34, 0x84, 0x34,
  0x86, 0x2b, 0x41, 0x31, 0xe4, 0xb2, 0x1c, 0x23, 0xd8, 0xa7, 0xba, 0x32,
  0xb7, 0x33, 0x38, 0xb0, 0x73, 0xb4, 0xf0, 0x31, 0xd3, 0xb1, 0x11, 0x2c,
  0xd6, 0xb0, 0x92, 0xb4, 0x02, 0xb1, 0x4c, 0x2d, 0x12, 0xf5, 0xff, 0xff,
  0x04, 0x00, 0x00, 0x00, 0xe0, 0x00, 0x00, 0x00, 0xac, 0xae, 0x5f, 0xbb,
  0x8d, 0xb2, 0x7f, 0xba, 0x96, 0x53, 0x5c, 0x34, 0x96, 0xba, 0xcf, 0xb8,
  0x45, 0x55, 0x60, 0x3e, 0x08, 0x27, 0xb2, 0xb7, 0x6a, 0x58, 0x83, 0xbe,
  0xbc, 0xbc, 0xe5, 0xb6, 0xe8, 0xb5, 0x4f, 0xb6, 0x5a, 0xac, 0x2f, 0xba,
  0xc4, 0x46, 0xf8, 0x39, 0x89, 0xba, 0x22, 0xa2, 0x64, 0x52, 0x4e, 0x3b,
  0x56, 0x3c, 0xef, 0xb9, 0xbd, 0x54, 0xc8, 0xba, 0x45, 0x40, 0x94, 0xb1,
  0xc3, 0x39, 0x0a, 0x3d, 0x87, 0x3b, 0x74, 0x3c, 0xd4, 0xdc, 0x24, 0xc0,
  0x67, 0x3c, 0xc5, 0x3d, 0x87, 0xd8, 0x36, 0xbf, 0x2c, 0xbe, 0x50, 0x3c,
  0x65, 0xdc, 0xeb, 0x3c, 0x93, 0xc0, 0x99, 0x3b, 0x06, 0xb4, 0x1a, 0xba,
  0x14, 0xb5, 0x89, 0xb4, 0xeb, 0x4d, 0x1e, 0x31, 0xc4, 0xb6, 0x2e, 0xb8,
  0xe8, 0x54, 0x36, 0x3b, 0xd8, 0x38, 0x55, 0xba, 0x47, 0x56, 0xfc, 0xbb,
  0x2c, 0x3c, 0xdf, 0xb0, 0x51, 0xb1, 0x70, 0xb9, 0x18, 0xb1, 0x11, 0xad,
  0x0a, 0x57, 0xc6, 0x39, 0x48, 0xb9, 0x69, 0x2d, 0x80, 0x53, 0x40, 0x21,
  0xbd, 0x39, 0x80, 0xb6, 0xad, 0x57, 0x53, 0xbe, 0xf0, 0x3c, 0x9a, 0xb7,
  0x04, 0xb8, 0x55, 0xb8, 0xad, 0xb7, 0x21, 0xb8, 0xe4, 0x51, 0x4c, 0x38,
  0x3c, 0xb4, 0x5c, 0xba, 0x45, 0x53, 0x65, 0x34, 0xae, 0x3a, 0xcb, 0xb7,
  0x8c, 0x58, 0xfd, 0xbb, 0x36, 0x3c, 0xa7, 0xb5, 0xf9, 0xb5, 0x7f, 0xb5,
  0x64, 0xb5, 0x6d, 0xb1, 0xe7, 0x55, 0x21, 0x3d, 0xdd, 0xb9, 0xc7, 0xaf,
  0xa4, 0x50, 0xfe, 0x34, 0x1c, 0x37, 0xd2, 0xb7, 0x05, 0x58, 0xd7, 0xbe,
  0xee, 0x3c, 0xf2, 0xb7, 0xfe, 0xf5, 0xff, 0xff, 0x04, 0x00, 0x00, 0x00,
  0x0e, 0x00, 0x00, 0x00, 0xd8, 0x3b, 0xa2, 0xbd, 0x41, 0x41, 0x0d, 0xbc,
  0xd9, 0xbc, 0x57, 0xba, 0xb8, 0xba, 0x00, 0x00, 0x1a, 0xf6, 0xff, 0xff,
  0x04, 0x00, 0x00, 0x00, 0x00, 0x09, 0x00, 0x00, 0x66, 0x2a, 0x4d, 0x35,
  0x34, 0x2e, 0xd5, 0xa7, 0x28, 0x2c, 0x5b, 0x33, 0xac, 0x35, 0x69, 0xb0,
  0xb8, 0x34, 0x32, 0xb4, 0xcb, 0x32, 0xda, 0xb0, 0x03, 0x26, 0x50, 0xb5,
  0x9b, 0x30, 0x6d, 0xb0, 0x28, 0x31, 0xc7, 0x95, 0xae, 0xb1, 0xd9, 0xa0,
  0x1d, 0x2d, 0x61, 0x32, 0xfa, 0xb1, 0xbf, 0x2d, 0xb3, 0xb1, 0x51, 0xa7,
  0xe3, 0x24, 0xc3, 0x31, 0xaf, 0x32, 0xab, 0x33, 0xad, 0x34, 0x41, 0xa9,
  0x43, 0x28, 0x76, 0xb2, 0x7f, 0x29, 0xc7, 0x9c, 0x9d, 0xab, 0x1f, 0xaa,
  0xf2, 0x30, 0x98, 0x2c, 0xd2, 0x28, 0x3c, 0xb0, 0xfb, 0x34, 0x6f, 0x2c,
  0x3c, 0xa9, 0xe9, 0xb2, 0x44, 0x28, 0xf0, 0x30, 0x77, 0xb1, 0x55, 0xac,
  0xe9, 0x34, 0xbb, 0xb5, 0xdd, 0x32, 0x1e, 0xab, 0xbe, 0x31, 0xfc, 0xb4,
  0x18, 0x30, 0x7e, 0x2e, 0x9b, 0xac, 0x07, 0x34, 0x2d, 0x2d, 0x9c, 0x33,
  0x1a, 0x35, 0x26, 0xae, 0x3c, 0x32, 0x7c, 0xb4, 0xc6, 0x30, 0x38, 0xb6,
  0xe8, 0xb2, 0x4f, 0xb3, 0x17, 0xb2, 0xa3, 0xb5, 0xc7, 0xb4, 0xa8, 0x34,
  0x73, 0xb3, 0x89, 0x31, 0xd2, 0xb5, 0x80, 0xa9, 0xcc, 0xb5, 0x67, 0x34,
  0x49, 0x31, 0x20, 0xad, 0x3e, 0xab, 0x88, 0xb1, 0x3f, 0xb4, 0x86, 0xa4,
  0x91, 0xae, 0x8c, 0x32, 0xdc, 0xb4, 0x45, 0x9e, 0x86, 0xb4, 0x6f, 0x31,
  0x28, 0xaf, 0x90, 0x32, 0xdd, 0xac, 0x3b, 0xb4, 0xb4, 0x24, 0x26, 0x32,
  0x0a, 0x35, 0xdb, 0x2c, 0xfa, 0xa1, 0xc3, 0x33, 0x87, 0xaf, 0x16, 0x2e,
  0xba, 0x34, 0x27, 0x35, 0xfb, 0x2f, 0xc8, 0x2e, 0xc7, 0x34, 0xb4, 0xad,
  0x1b, 0xa9, 0x59, 0xaf, 0x98, 0xb4, 0xaf, 0xab, 0x53, 0xb1, 0x62, 0x2a,
  0x98, 0xb0, 0x0a, 0x35, 0x5f, 0x33, 0x41, 0x32, 0x2d, 0xae, 0x2d, 0xb3,
  0xa7, 0x30, 0xc4, 0xab, 0xe7, 0xa8, 0x7c, 0x2f, 0x51, 0x34, 0x70, 0x29,
  0x21, 0xb1, 0x6b, 0x32, 0x0a, 0xaa, 0x70, 0xaa, 0x14, 0x14, 0x19, 0xb1,
  0xcd, 0xad, 0x2f, 0xaf, 0x56, 0x29, 0xb2, 0xb2, 0x30, 0x35, 0x2c, 0x31,
  0x92, 0xb2, 0x02, 0x31, 0x1c, 0x2b, 0x32, 0x35, 0x78, 0xac, 0x54, 0xb2,
  0x10, 0xad, 0x3e, 0xb4, 0xad, 0x34, 0x2a, 0x33, 0x7d, 0xb3, 0xb2, 0xae,
  0xba, 0xb1, 0x63, 0x31, 0x7d, 0x29, 0x33, 0xb1, 0x0a, 0x34, 0x1b, 0x2f,
  0xba, 0xb4, 0x36, 0x2c, 0x35, 0xa8, 0xcd, 0xb1, 0x28, 0xb3, 0xd4, 0xb3,
  0xd7, 0x31, 0xd2, 0x25, 0x4d, 0x2a, 0x58, 0x34, 0x63, 0x35, 0xc7, 0xb2,
  0x5e, 0x34, 0x16, 0x25, 0x52, 0x31, 0xea, 0x30, 0x54, 0x2d, 0xd0, 0x28,
  0xc4, 0xae, 0x85, 0x27, 0xda, 0x33, 0x9c, 0xa8, 0x03, 0x35, 0x39, 0x2c,
  0xf2, 0x32, 0x73, 0x31, 0x23, 0x2f, 0xe7, 0xb2, 0x01, 0xac, 0x8c, 0x33,
  0xaa, 0x2a, 0xee, 0x33, 0xd6, 0xa9, 0x7f, 0xb5, 0xf6, 0xb0, 0x25, 0xae,
  0xb1, 0xae, 0xc2, 0xb2, 0x31, 0xb2, 0x4f, 0x2e, 0x82, 0x30, 0xda, 0x34,
  0x54, 0xb3, 0x4d, 0xb0, 0x15, 0x34, 0xcb, 0x32, 0x88, 0x31, 0xe6, 0xb4,
  0xc1, 0x32, 0xc1, 0x2e, 0x74, 0x35, 0xc8, 0xb1, 0x7c, 0xb4, 0xf8, 0xa4,
  0x0d, 0x26, 0xcf, 0x2d, 0x9d, 0xb3, 0xc4, 0xb2, 0x7f, 0xb5, 0xe3, 0x2a,
  0x53, 0x1e, 0x1c, 0x30, 0x2f, 0xb3, 0xf0, 0xb2, 0xbe, 0xb4, 0xac, 0xa6,
  0x9c, 0x2b, 0x88, 0xad, 0x6a, 0xb4, 0x34, 0x35, 0xc5, 0x28, 0xd7, 0x34,
  0x57, 0x2d, 0x27, 0x2a, 0x74, 0xb5, 0xe0, 0xb1, 0xa6, 0xb2, 0x10, 0xb2,
  0xd7, 0xb4, 0x3e, 0xb3, 0x3a, 0xb4, 0x05, 0xa1, 0x63, 0x30, 0x62, 0xb4,
  0x7e, 0x33, 0xd7, 0x2d, 0x42, 0x35, 0xa5, 0x31, 0x06, 0xb5, 0xc7, 0x2d,
  0xf4, 0xae, 0xc8, 0x30, 0xd6, 0xb1, 0xfe, 0x2b, 0xb7, 0xa9, 0xb1, 0xb1,
  0x1a, 0x34, 0xdf, 0xb2, 0x97, 0xaf, 0xa5, 0x2e, 0xa3, 0x30, 0xe8, 0xb3,
  0x3f, 0xb2, 0x4d, 0x35, 0x18, 0x34, 0xaf, 0xaf, 0xa2, 0x32, 0x7f, 0x2f,
  0x2c, 0xb2, 0x40, 0xa9, 0x5e, 0xae, 0xa2, 0xb1, 0x94, 0x29, 0x9c, 0x33,
  0x42, 0x29, 0x20, 0xaa, 0x6c, 0xb5, 0x6a, 0x34, 0x97, 0x22, 0xf3, 0x34,
  0xaf, 0xb3, 0x1d, 0x35, 0x76, 0xaf, 0x74, 0xa4, 0x23, 0x2d, 0x74, 0xaf,
  0x86, 0xae, 0x4e, 0x33, 0xbf, 0xac, 0x8c, 0x24, 0xba, 0x2f, 0xac, 0xb4,
  0xc7, 0x31, 0x20, 0xac, 0x50, 0xb3, 0xa8, 0xaf, 0x73, 0xb4, 0x78, 0x28,
  0xe7, 0xaf, 0x44, 0xb5, 0xaa, 0xae, 0x98, 0xb4, 0x6f, 0xb3, 0x87, 0xb5,
  0x21, 0x2e, 0xb0, 0xb2, 0xf3, 0x27, 0x31, 0xac, 0xb4, 0x2a, 0x09, 0xad,
  0x87, 0xb4, 0xa1, 0x2e, 0x2b, 0x34, 0xd9, 0xb4, 0xc5, 0x30, 0xce, 0x2e,
  0x7e, 0x32, 0x77, 0x30, 0x65, 0x30, 0x33, 0xb2, 0x09, 0x35, 0x69, 0xb1,
  0x04, 0x34, 0xcb, 0x27, 0x35, 0xa7, 0x18, 0x34, 0x98, 0x34, 0x00, 0x2e,
  0x24, 0x32, 0x42, 0xaf, 0x85, 0xb3, 0xfe, 0x29, 0xbf, 0x2e, 0x89, 0x34,
  0x64, 0x34, 0x27, 0xb4, 0xb7, 0x34, 0xff, 0xad, 0x05, 0xa0, 0x14, 0x24,
  0x31, 0x29, 0x00, 0xb1, 0x39, 0x35, 0xc2, 0x17, 0xdd, 0xb4, 0x21, 0xb0,
  0x96, 0xae, 0xd8, 0x2f, 0x6e, 0xaf, 0x9a, 0xb1, 0x70, 0xb1, 0xaa, 0xb1,
  0x57, 0xb4, 0x50, 0x2c, 0xdb, 0xb1, 0x3c, 0xab, 0x34, 0x19, 0xba, 0x31,
  0x8e, 0x33, 0x20, 0xb2, 0xfc, 0xb4, 0xed, 0xb1, 0xfb, 0x2a, 0x14, 0x30,
  0xc6, 0xad, 0x0a, 0x2c, 0x88, 0xb4, 0xc4, 0xaa, 0x09, 0x30, 0xeb, 0x34,
  0x7b, 0x2a, 0x97, 0x24, 0x60, 0xad, 0x70, 0xb0, 0xa4, 0xb1, 0x36, 0xb4,
  0x80, 0x30, 0x62, 0x35, 0xe4, 0x2f, 0xdb, 0x34, 0xa5, 0x34, 0xf4, 0xb1,
  0xc2, 0x2b, 0xc0, 0xa9, 0x02, 0x31, 0xa3, 0xb2, 0x25, 0xb0, 0xab, 0xb2,
  0x0f, 0x33, 0x52, 0xa7, 0x45, 0xb2, 0x15, 0x34, 0x2e, 0x35, 0xc3, 0x35,
  0x3c, 0x2d, 0xd9, 0x34, 0x22, 0x34, 0xd6, 0xb4, 0x8d, 0xac, 0x80, 0x34,
  0xbb, 0x26, 0x10, 0x31, 0xa2, 0x32, 0x44, 0x2d, 0x48, 0xb6, 0xe1, 0x2d,
  0xf9, 0x2c, 0x8e, 0x34, 0x14, 0xb5, 0x8f, 0xaf, 0xac, 0x32, 0xb7, 0x2a,
  0x72, 0xb3, 0xfd, 0x31, 0xf1, 0xb3, 0x45, 0x33, 0x49, 0xb4, 0x18, 0x33,
  0xda, 0xae, 0x4c, 0xb5, 0x4e, 0x33, 0x4e, 0x30, 0x7a, 0xb0, 0x8f, 0x34,
  0xbc, 0x22, 0x00, 0xb1, 0xde, 0xb0, 0x11, 0x35, 0x93, 0xaf, 0xf8, 0x34,
  0x80, 0x2d, 0xd7, 0x1d, 0xfd, 0xa5, 0x8d, 0x2c, 0x4d, 0x2b, 0xf2, 0xb4,
  0xa8, 0xab, 0xd7, 0x33, 0x45, 0x25, 0x03, 0x31, 0xd6, 0xb4, 0x74, 0x34,
  0x23, 0xb0, 0x07, 0xb0, 0xe6, 0x22, 0x4e, 0x2e, 0x2a, 0x2e, 0x08, 0x29,
  0x4b, 0xb4, 0xb0, 0xb5, 0xc0, 0xb1, 0xc1, 0xb4, 0xfc, 0x31, 0x6b, 0xb1,
  0xcc, 0xb4, 0x82, 0x28, 0x71, 0xae, 0x22, 0xae, 0x00, 0x34, 0x1b, 0x31,
  0x44, 0x30, 0x9c, 0x1e, 0xc2, 0xab, 0xc2, 0xb5, 0xd0, 0xb1, 0x12, 0xaf,
  0x8b, 0x34, 0xcd, 0x29, 0xf7, 0x26, 0x40, 0xb5, 0x21, 0xac, 0x3d, 0xb4,
  0xb8, 0xac, 0x4d, 0xab, 0xea, 0xb1, 0xfc, 0x26, 0x55, 0xb1, 0xb6, 0xaf,
  0x8d, 0x34, 0x38, 0x34, 0x83, 0x2b, 0xbd, 0x29, 0x96, 0xab, 0xfe, 0xa8,
  0x30, 0x35, 0x58, 0x30, 0xe2, 0xb1, 0x06, 0xa7, 0xe0, 0x32, 0x26, 0x35,
  0x63, 0x34, 0xe4, 0x2e, 0x92, 0x2d, 0x10, 0x30, 0xb4, 0xa4, 0xa9, 0x33,
  0x10, 0xb4, 0x60, 0xb4, 0x0f, 0xb0, 0xca, 0xb3, 0x31, 0x23, 0xa3, 0x33,
  0x4e, 0x29, 0xd8, 0xaf, 0xb1, 0x30, 0x9b, 0x34, 0xc7, 0x30, 0x47, 0xaa,
  0x15, 0x30, 0x3f, 0xb0, 0xb1, 0xaa, 0x61, 0xad, 0xad, 0x34, 0xfe, 0xaa,
  0xe5, 0x2c, 0xf3, 0xab, 0x16, 0x34, 0x7d, 0xaf, 0x19, 0xb1, 0x98, 0xb1,
  0x70, 0x31, 0x05, 0x2d, 0x95, 0x33, 0xed, 0xb4, 0x93, 0xb5, 0x3d, 0xae,
  0xc1, 0x2c, 0x55, 0x9e, 0xa5, 0x26, 0x88, 0xb1, 0x40, 0x30, 0x6d, 0xa8,
  0x62, 0x34, 0xb5, 0x33, 0x3e, 0xb2, 0x41, 0x33, 0x9b, 0x30, 0x0c, 0x34,
  0x59, 0xaf, 0x4d, 0xb0, 0x8c, 0x31, 0x19, 0xb3, 0xd6, 0x2c, 0x3d, 0xb4,
  0xc6, 0x20, 0xaa, 0xb1, 0xec, 0x2c, 0xce, 0x30, 0x04, 0xb3, 0x66, 0xaf,
  0xe7, 0xb0, 0xdc, 0x31, 0xb6, 0x31, 0xae, 0x33, 0x66, 0xad, 0xa5, 0x1d,
  0x40, 0x34, 0x88, 0x34, 0xd1, 0xab, 0xe4, 0x30, 0x2f, 0xae, 0x81, 0xb3,
  0x8c, 0x2c, 0x38, 0x30, 0x70, 0x2b, 0x81, 0xb4, 0x72, 0xb4, 0xd7, 0xa8,
  0x86, 0xab, 0x94, 0xb1, 0xcc, 0x2d, 0x40, 0x29, 0x22, 0xb4, 0xec, 0x2f,
  0xc4, 0x28, 0xb2, 0xb2, 0xf6, 0xa8, 0x46, 0x2b, 0x65, 0xab, 0x92, 0xb3,
  0x8d, 0xb0, 0x93, 0xaa, 0x82, 0xae, 0x4b, 0xb0, 0x13, 0xb4, 0xff, 0xb2,
  0xa9, 0x2d, 0xa7, 0x30, 0x80, 0x31, 0x88, 0xb4, 0x52, 0xab, 0x5a, 0x34,
  0x20, 0xae, 0x27, 0x29, 0xac, 0x32, 0xe8, 0x34, 0xc0, 0x33, 0x83, 0x2f,
  0x15, 0x27, 0xa8, 0x30, 0xa8, 0x33, 0xd7, 0x31, 0x4a, 0x21, 0x2f, 0xaf,
  0xcc, 0xb2, 0x44, 0x30, 0x94, 0x2c, 0x8a, 0xb5, 0x84, 0xb5, 0x05, 0x2e,
  0xc8, 0x2c, 0xab, 0x2a, 0x25, 0x2b, 0x40, 0x2c, 0x5d, 0xac, 0xdd, 0x33,
  0x51, 0xb2, 0x31, 0x2b, 0x95, 0xb6, 0x05, 0x24, 0xa4, 0x33, 0xdd, 0x32,
  0x5b, 0x32, 0xc6, 0x31, 0x0f, 0xb5, 0xfa, 0x30, 0xfa, 0xb3, 0xe3, 0xaf,
  0x50, 0x19, 0xc4, 0x31, 0x20, 0xb5, 0xf4, 0x29, 0xdf, 0xb1, 0x78, 0x34,
  0x50, 0xb4, 0xd1, 0xaa, 0xca, 0xb5, 0x5b, 0xaa, 0x8b, 0xb2, 0xe8, 0x2f,
  0xb7, 0xa5, 0x67, 0x25, 0xf3, 0xa9, 0x37, 0x35, 0xb5, 0x2d, 0x68, 0xb3,
  0xd2, 0x1d, 0x4d, 0xb0, 0xfb, 0x28, 0xe3, 0x2e, 0x01, 0x35, 0xb1, 0x33,
  0x82, 0x34, 0x70, 0xa2, 0xa8, 0x34, 0x3d, 0x32, 0x79, 0x26, 0xd7, 0x34,
  0xe7, 0xb4, 0xa5, 0xaa, 0x9c, 0xae, 0xfe, 0xae, 0x48, 0x34, 0x7c, 0x31,
  0x14, 0xa9, 0xd8, 0xb1, 0xd0, 0xb2, 0xb1, 0x34, 0xcf, 0x32, 0xfe, 0xb2,
  0x73, 0xa5, 0xc0, 0xb3, 0x14, 0xab, 0xe7, 0x32, 0x00, 0x32, 0x55, 0xb0,
  0xbc, 0x2b, 0x52, 0xb4, 0x8f, 0xac, 0x12, 0x30, 0x68, 0x9e, 0x63, 0x30,
  0x55, 0x34, 0x4c, 0x2c, 0xc1, 0xb4, 0x9b, 0x32, 0x09, 0x2c, 0xe8, 0x2e,
  0x13, 0xb4, 0xaa, 0xb4, 0x49, 0xb3, 0x1a, 0x35, 0xe6, 0xa8, 0xd6, 0xae,
  0x30, 0x2f, 0x6f, 0x34, 0x71, 0xab, 0xda, 0x35, 0xc4, 0x34, 0xa3, 0xb1,
  0x86, 0x2f, 0xcb, 0x2d, 0xf4, 0x27, 0xea, 0xb1, 0x64, 0x20, 0x98, 0xb0,
  0xcf, 0x34, 0xd1, 0xb4, 0x1a, 0xb3, 0xbc, 0x34, 0x7e, 0x35, 0xe2, 0xb4,
  0xf7, 0xad, 0x0f, 0x2b, 0x5f, 0x33, 0xfc, 0xb1, 0xb4, 0xb1, 0xc5, 0xb0,
  0x80, 0x31, 0x1f, 0xb0, 0x78, 0x33, 0xc7, 0x2f, 0x48, 0xb0, 0xf3, 0xae,
  0xce, 0x2b, 0x3e, 0xb4, 0x06, 0x30, 0x37, 0x34, 0xc5, 0xb2, 0x0b, 0xb1,
  0x7c, 0x34, 0x70, 0x9b, 0x40, 0xb4, 0x46, 0x33, 0x41, 0x2a, 0xc7, 0xaf,
  0x2d, 0x32, 0x7e, 0xb4, 0xb3, 0x30, 0x1d, 0xaa, 0xde, 0xb4, 0xf2, 0x2e,
  0xb1, 0xb1, 0x5d, 0x29, 0x27, 0x31, 0x95, 0xb0, 0x85, 0x34, 0xb9, 0xb3,
  0x9a, 0xb0, 0xf8, 0xb1, 0x62, 0xaa, 0x20, 0xad, 0x1f, 0x2c, 0x3e, 0xb5,
  0x5b, 0xad, 0x32, 0x31, 0x73, 0x33, 0xcc, 0xa5, 0x68, 0x2e, 0x16, 0xb4,
  0x4b, 0xad, 0x7f, 0xaf, 0xa9, 0x1a, 0x3e, 0x2f, 0x8f, 0xb1, 0x93, 0xa7,
  0x93, 0xab, 0x6b, 0x32, 0x06, 0xb4, 0x8e, 0xa8, 0x4d, 0x33, 0x8c, 0xb0,
  0xbe, 0x31, 0xa1, 0xb0, 0x58, 0x22, 0x4b, 0xb2, 0xa5, 0x31, 0xdf, 0x31,
  0xb9, 0x27, 0x7c, 0x9e, 0xd0, 0x31, 0x43, 0xb5, 0x62, 0xb0, 0x9c, 0xb3,
  0x60, 0xa2, 0x64, 0x25, 0x5c, 0xab, 0xcf, 0x34, 0xaf, 0x2e, 0x00, 0xa4,
  0x9c, 0x29, 0x1d, 0xb1, 0xa6, 0x1b, 0xc1, 0xb4, 0x15, 0xb0, 0xbc, 0xaf,
  0xe2, 0x2f, 0x95, 0xa8, 0x8b, 0x25, 0x7f, 0xab, 0x3b, 0xaa, 0x11, 0xaf,
  0xb4, 0xa4, 0x50, 0xb5, 0xb3, 0x34, 0xe2, 0x33, 0xc6, 0x31, 0xd7, 0xb3,
  0x47, 0xb5, 0x8b, 0x34, 0x34, 0xb3, 0x57, 0xb3, 0x0c, 0x34, 0x08, 0x2b,
  0x68, 0xb3, 0x32, 0xaf, 0x39, 0xb2, 0x05, 0x9e, 0x27, 0xb0, 0xbc, 0x31,
  0x14, 0xb5, 0x5a, 0xae, 0xd9, 0x33, 0x76, 0xb2, 0xc5, 0x2a, 0xcb, 0x2b,
  0x0b, 0xb4, 0xce, 0xb4, 0x7d, 0xa7, 0xcc, 0x2b, 0xde, 0x30, 0xdf, 0x34,
  0x8f, 0x33, 0x87, 0xb4, 0x06, 0xb4, 0x0e, 0xb4, 0xdd, 0x2b, 0x0f, 0xb3,
  0xdf, 0x31, 0x58, 0xb4, 0x37, 0xad, 0xf5, 0xa6, 0xb7, 0x31, 0x45, 0xb0,
  0x64, 0xae, 0xca, 0x32, 0x0d, 0x2d, 0x1c, 0xb6, 0x93, 0x2e, 0x56, 0x34,
  0x35, 0xb5, 0x10, 0xb6, 0x6e, 0xa4, 0x95, 0xac, 0x5e, 0xb3, 0x64, 0x34,
  0xf0, 0x31, 0x17, 0x2c, 0x9b, 0xb5, 0x3a, 0x30, 0x5b, 0xb1, 0xe7, 0xad,
  0x19, 0xae, 0x50, 0xb0, 0x71, 0x28, 0x30, 0xa6, 0x06, 0x34, 0x8f, 0xae,
  0x54, 0xb3, 0x81, 0x34, 0x70, 0xac, 0x84, 0xb5, 0x26, 0x33, 0x5c, 0x32,
  0x26, 0x2d, 0x5a, 0x31, 0xfc, 0xaf, 0x6d, 0xb5, 0x07, 0xb4, 0xc4, 0xaf,
  0x56, 0xa5, 0xc8, 0x2c, 0xbe, 0xb3, 0x8e, 0xae, 0x84, 0xa8, 0xf4, 0xad,
  0xb8, 0x32, 0x71, 0xad, 0xf9, 0xb2, 0xcb, 0x30, 0x38, 0x35, 0x3a, 0x30,
  0xa4, 0x2e, 0xe0, 0x2d, 0xa8, 0xb3, 0x4a, 0xb5, 0xfd, 0xb0, 0xf1, 0xb3,
  0x63, 0xa3, 0x9b, 0x34, 0x46, 0xaa, 0x1e, 0x32, 0x79, 0xac, 0x9b, 0xb3,
  0x1e, 0x34, 0x01, 0xb4, 0xbe, 0xb0, 0x72, 0x32, 0xe9, 0x31, 0x66, 0x32,
  0xf9, 0xaf, 0x68, 0xad, 0xf6, 0xb4, 0xdb, 0x2e, 0xd2, 0xb1, 0x17, 0x2c,
  0x3a, 0xaa, 0x16, 0xb1, 0x4b, 0x34, 0xe9, 0x29, 0x2f, 0x34, 0x77, 0xa2,
  0x84, 0x2f, 0x6a, 0xb2, 0xac, 0x30, 0x17, 0x34, 0xf7, 0x2d, 0x2c, 0x34,
  0x2a, 0x2b, 0x0a, 0xac, 0xe1, 0xb4, 0x18, 0x35, 0xaa, 0x34, 0x57, 0x34,
  0x79, 0xb2, 0x3e, 0x35, 0x52, 0x30, 0xe7, 0x32, 0xb3, 0x33, 0x1c, 0xb5,
  0x35, 0x34, 0xbf, 0x1f, 0x48, 0x32, 0x1a, 0x30, 0x46, 0x2f, 0x32, 0x30,
  0x29, 0xb1, 0x09, 0x33, 0xff, 0xb4, 0x33, 0xb1, 0xfb, 0x31, 0x65, 0x30,
  0x81, 0x31, 0x55, 0x2e, 0x1a, 0xb3, 0x9f, 0x30, 0x6a, 0x32, 0x97, 0x33,
  0x11, 0x30, 0x22, 0xb4, 0x4a, 0x16, 0x75, 0xb3, 0x50, 0x34, 0x34, 0x33,
  0xd3, 0x31, 0x13, 0x2e, 0x61, 0xb5, 0x11, 0x2d, 0xc4, 0xb4, 0xfc, 0x2d,
  0x24, 0xb5, 0x4f, 0x30, 0xe7, 0xb4, 0xd0, 0x2e, 0x50, 0xb3, 0xec, 0x33,
  0x06, 0x29, 0x37, 0xae, 0xb1, 0x32, 0xd4, 0xb3, 0x2c, 0xaf, 0xc9, 0x35,
  0x1b, 0xb0, 0xb8, 0xb3, 0xda, 0xb3, 0x92, 0xab, 0x64, 0x34, 0x7a, 0xb4,
  0x8f, 0xad, 0x6c, 0x34, 0xea, 0xb0, 0xa6, 0x2d, 0x71, 0x29, 0x3b, 0xb5,
  0x07, 0xb0, 0x5d, 0x23, 0xe4, 0x2f, 0xa9, 0x1c, 0xf7, 0xb0, 0x32, 0xac,
  0xed, 0x2e, 0x67, 0x33, 0xad, 0xa9, 0x67, 0x21, 0x3c, 0x2b, 0x8a, 0xa2,
  0x0b, 0xb1, 0xec, 0x33, 0x02, 0xb2, 0x58, 0xaf, 0x5d, 0x9b, 0xd2, 0x2a,
  0x8e, 0xaa, 0xd5, 0xb4, 0xf1, 0xb4, 0xd6, 0x34, 0x16, 0x34, 0xb9, 0x33,
  0x54, 0xb5, 0x57, 0xb2, 0x9d, 0x34, 0xc7, 0xb4, 0x0f, 0x30, 0x29, 0xb0,
  0x1d, 0xb0, 0xc5, 0x34, 0x68, 0x34, 0xf4, 0x30, 0xbe, 0x30, 0xe6, 0xa1,
  0x5c, 0x30, 0xf7, 0x2f, 0xf4, 0x33, 0x39, 0xb4, 0x15, 0x34, 0x3d, 0x1d,
  0x3e, 0xa6, 0x26, 0x33, 0xf6, 0x34, 0x16, 0x35, 0x61, 0xb5, 0x43, 0xb4,
  0x94, 0xb4, 0x90, 0xa8, 0x80, 0xaf, 0x29, 0x34, 0x46, 0xac, 0xb3, 0x28,
  0xdc, 0x34, 0xe6, 0xb1, 0x9b, 0xb3, 0xd6, 0xaf, 0x3c, 0xad, 0x72, 0x35,
  0x67, 0x32, 0x70, 0xaf, 0xa1, 0x2f, 0x8d, 0xa4, 0xbc, 0xb0, 0xa8, 0xb2,
  0xe6, 0x31, 0x7e, 0x34, 0xf1, 0x33, 0x79, 0xab, 0x59, 0xb0, 0x5d, 0xac,
  0x4e, 0x2d, 0x49, 0xb4, 0xdb, 0xa8, 0x0c, 0xb1, 0x1d, 0x33, 0xd1, 0x26,
  0x46, 0xb4, 0x68, 0xb4, 0x8f, 0xb0, 0xc5, 0x2c, 0x16, 0xb4, 0xfa, 0x34,
  0xc8, 0x30, 0x75, 0xb2, 0x3f, 0xad, 0x98, 0x2b, 0x40, 0x2f, 0x64, 0xb2,
  0x99, 0xb0, 0x8e, 0x2a, 0x34, 0x32, 0x77, 0x2b, 0x16, 0x30, 0x64, 0xb5,
  0x9d, 0xb4, 0xcd, 0x2d, 0x1b, 0x30, 0xe8, 0x18, 0x2c, 0xb3, 0xbc, 0xb4,
  0x45, 0xb3, 0x8a, 0xb0, 0xbd, 0xb2, 0x70, 0x2b, 0x75, 0x32, 0x2c, 0x32,
  0xd6, 0x30, 0x68, 0x24, 0x03, 0x34, 0x1f, 0xae, 0x29, 0xb4, 0xed, 0x2e,
  0xb0, 0xad, 0x53, 0xb4, 0xcf, 0x28, 0xea, 0xaf, 0x11, 0x33, 0xf5, 0xab,
  0xc1, 0xb2, 0x2a, 0xb4, 0x4a, 0x21, 0x20, 0x34, 0xa3, 0x30, 0x12, 0x2a,
  0xcb, 0x30, 0x5d, 0xae, 0xd6, 0x1e, 0xef, 0x98, 0x4d, 0x34, 0x5f, 0x2e,
  0x3c, 0x26, 0x30, 0x32, 0x8d, 0x30, 0xbb, 0x34, 0xc4, 0xb4, 0x74, 0x35,
  0xcc, 0xb2, 0x73, 0x27, 0x1e, 0x2c, 0x3b, 0xb1, 0xe3, 0xb2, 0x09, 0xb3,
  0x37, 0xac, 0x41, 0xb5, 0x36, 0xb1, 0x38, 0x33, 0x22, 0xb1, 0x88, 0x34,
  0xab, 0x31, 0xa2, 0xac, 0x01, 0x31, 0x08, 0xb0, 0x61, 0xb4, 0xf2, 0xb4,
  0xe9, 0xa9, 0x36, 0xb2, 0x0c, 0x30, 0x2b, 0x25, 0x26, 0xff, 0xff, 0xff,
  0x04, 0x00, 0x00, 0x00, 0x04, 0x00, 0x00, 0x00, 0x01, 0x00, 0x00, 0x00,
  0x36, 0xff, 0xff, 0xff, 0x04, 0x00, 0x00, 0x00, 0x0c, 0x00, 0x00, 0x00,
  0x01, 0x00, 0x00, 0x00, 0x14, 0x00, 0x00, 0x00, 0x09, 0x00, 0x00, 0x00,
  0x08, 0xed, 0xff, 0xff, 0x0c, 0xed, 0xff, 0xff, 0x0f, 0x00, 0x00, 0x00,
  0x4d, 0x4c, 0x49, 0x52, 0x20, 0x43, 0x6f, 0x6e, 0x76, 0x65, 0x72, 0x74,
  0x65, 0x64, 0x2e, 0x00, 0x01, 0x00, 0x00, 0x00, 0x14, 0x00, 0x00, 0x00,
  0x00, 0x00, 0x0e, 0x00, 0x18, 0x00, 0x14, 0x00, 0x10, 0x00, 0x0c, 0x00,
  0x08, 0x00, 0x04, 0x00, 0x0e, 0x00, 0x00, 0x00, 0x14, 0x00, 0x00, 0x00,
  0x1c, 0x00, 0x00, 0x00, 0xe0, 0x02, 0x00, 0x00, 0xe4, 0x02, 0x00, 0x00,
  0xe8, 0x02, 0x00, 0x00, 0x04, 0x00, 0x00, 0x00, 0x6d, 0x61, 0x69, 0x6e,
  0x00, 0x00, 0x00, 0x00, 0x0f, 0x00, 0x00, 0x00, 0xa8, 0x02, 0x00, 0x00,
  0x7c, 0x02, 0x00, 0x00, 0x5c, 0x02, 0x00, 0x00, 0x3c, 0x02, 0x00, 0x00,
  0x1c, 0x02, 0x00, 0x00, 0xfc, 0x01, 0x00, 0x00, 0xdc, 0x01, 0x00, 0x00,
  0xbc, 0x01, 0x00, 0x00, 0x94, 0x01, 0x00, 0x00, 0x54, 0x01, 0x00, 0x00,
  0x00, 0x01, 0x00, 0x00, 0xb4, 0x00, 0x00, 0x00, 0x78, 0x00, 0x00, 0x00,
  0x40, 0x00, 0x00, 0x00, 0x04, 0x00, 0x00, 0x00, 0x22, 0xff, 0xff, 0xff,
  0x1c, 0x00, 0x00, 0x00, 0x00, 0x00, 0x00, 0x09, 0x1c, 0x00, 0x00, 0x00,
  0x20, 0x00, 0x00, 0x00, 0x04, 0x00, 0x00, 0x00, 0x00, 0x00, 0x06, 0x00,
  0x08, 0x00, 0x04, 0x00, 0x06, 0x00, 0x00, 0x00, 0x00, 0x00, 0x80, 0x3f,
  0x01, 0x00, 0x00, 0x00, 0x19, 0x00, 0x00, 0x00, 0x01, 0x00, 0x00, 0x00,
  0x18, 0x00, 0x00, 0x00, 0x0a, 0xff, 0xff, 0xff, 0x14, 0x00, 0x00, 0x00,
  0x00, 0x00, 0x00, 0x08, 0x10, 0x00, 0x00, 0x00, 0x14, 0x00, 0x00, 0x00,
  0x03, 0x00, 0x00, 0x00, 0xf0, 0xed, 0xff, 0xff, 0x01, 0x00, 0x00, 0x00,
  0x18, 0x00, 0x00, 0x00, 0x03, 0x00, 0x00, 0x00, 0x17, 0x00, 0x00, 0x00,
  0x10, 0x00, 0x00, 0x00, 0x11, 0x00, 0x00, 0x00, 0x3e, 0xff, 0xff, 0xff,
  0x14, 0x00, 0x00, 0x00, 0x00, 0x00, 0x00, 0x08, 0x14, 0x00, 0x00, 0x00,
  0x18, 0x00, 0x00, 0x00, 0x03, 0x00, 0x00, 0x00, 0x7e, 0xff, 0xff, 0xff,
  0x00, 0x00, 0x00, 0x01, 0x01, 0x00, 0x00, 0x00, 0x17, 0x00, 0x00, 0x00,
  0x03, 0x00, 0x00, 0x00, 0x16, 0x00, 0x00, 0x00, 0x0b, 0x00, 0x00, 0x00,
  0x0c, 0x00, 0x00, 0x00, 0x76, 0xff, 0xff, 0xff, 0x14, 0x00, 0x00, 0x00,
  0x00, 0x00, 0x00, 0x08, 0x14, 0x00, 0x00, 0x00, 0x18, 0x00, 0x00, 0x00,
  0x03, 0x00, 0x00, 0x00, 0xb6, 0xff, 0xff, 0xff, 0x00, 0x00, 0x00, 0x01,
  0x01, 0x00, 0x00, 0x00, 0x16, 0x00, 0x00, 0x00, 0x03, 0x00, 0x00, 0x00,
  0x15, 0x00, 0x00, 0x00, 0x0d, 0x00, 0x00, 0x00, 0x0e, 0x00, 0x00, 0x00,
  0x00, 0x00, 0x0e, 0x00, 0x1a, 0x00, 0x14, 0x00, 0x10, 0x00, 0x0c, 0x00,
  0x0b, 0x00, 0x04, 0x00, 0x0e, 0x00, 0x00, 0x00, 0x1c, 0x00, 0x00, 0x00,
  0x00, 0x00, 0x00, 0x08, 0x1c, 0x00, 0x00, 0x00, 0x20, 0x00, 0x00, 0x00,
  0x03, 0x00, 0x00, 0x00, 0x00, 0x00, 0x06, 0x00, 0x08, 0x00, 0x07, 0x00,
  0x06, 0x00, 0x00, 0x00, 0x00, 0x00, 0x00, 0x01, 0x01, 0x00, 0x00, 0x00,
  0x15, 0x00, 0x00, 0x00, 0x03, 0x00, 0x00, 0x00, 0x14, 0x00, 0x00, 0x00,
  0x12, 0x00, 0x00, 0x00, 0x0f, 0x00, 0x00, 0x00, 0x00, 0x00, 0x0e, 0x00,
  0x18, 0x00, 0x14, 0x00, 0x10, 0x00, 0x0c, 0x00, 0x0b, 0x00, 0x04, 0x00,
  0x0e, 0x00, 0x00, 0x00, 0x14, 0x00, 0x00, 0x00, 0x00, 0x00, 0x00, 0x1b,
  0x10, 0x00, 0x00, 0x00, 0x14, 0x00, 0x00, 0x00, 0x02, 0x00, 0x00, 0x00,
  0xf4, 0xee, 0xff, 0xff, 0x01, 0x00, 0x00, 0x00, 0x14, 0x00, 0x00, 0x00,
  0x02, 0x00, 0x00, 0x00, 0x13, 0x00, 0x00, 0x00, 0x02, 0x00, 0x00, 0x00,
  0x00, 0x00, 0x0a, 0x00, 0x10, 0x00, 0x0c, 0x00, 0x08, 0x00, 0x04, 0x00,
  0x0a, 0x00, 0x00, 0x00, 0x0c, 0x00, 0x00, 0x00, 0x10, 0x00, 0x00, 0x00,
  0x01, 0x00, 0x00, 0x00, 0x01, 0x00, 0x00, 0x00, 0x13, 0x00, 0x00, 0x00,
  0x02, 0x00, 0x00, 0x00, 0x00, 0x00, 0x00, 0x00, 0x01, 0x00, 0x00, 0x00,
  0x3a, 0xff, 0xff, 0xff, 0x08, 0x00, 0x00, 0x00, 0x0c, 0x00, 0x00, 0x00,
  0x01, 0x00, 0x00, 0x00, 0x12, 0x00, 0x00, 0x00, 0x01, 0x00, 0x00, 0x00,
  0x03, 0x00, 0x00, 0x00, 0x56, 0xff, 0xff, 0xff, 0x08, 0x00, 0x00, 0x00,
  0x0c, 0x00, 0x00, 0x00, 0x01, 0x00, 0x00, 0x00, 0x11, 0x00, 0x00, 0x00,
  0x01, 0x00, 0x00, 0x00, 0x04, 0x00, 0x00, 0x00, 0x72, 0xff, 0xff, 0xff,
  0x08, 0x00, 0x00, 0x00, 0x0c, 0x00, 0x00, 0x00, 0x01, 0x00, 0x00, 0x00,
  0x10, 0x00, 0x00, 0x00, 0x01, 0x00, 0x00, 0x00, 0x05, 0x00, 0x00, 0x00,
  0x8e, 0xff, 0xff, 0xff, 0x08, 0x00, 0x00, 0x00, 0x0c, 0x00, 0x00, 0x00,
  0x01, 0x00, 0x00, 0x00, 0x0f, 0x00, 0x00, 0x00, 0x01, 0x00, 0x00, 0x00,
  0x06, 0x00, 0x00, 0x00, 0xaa, 0xff, 0xff, 0xff, 0x08, 0x00, 0x00, 0x00,
  0x0c, 0x00, 0x00, 0x00, 0x01, 0x00, 0x00, 0x00, 0x0e, 0x00, 0x00, 0x00,
  0x01, 0x00, 0x00, 0x00, 0x07, 0x00, 0x00, 0x00, 0xc6, 0xff, 0xff, 0xff,
  0x08, 0x00, 0x00, 0x00, 0x0c, 0x00, 0x00, 0x00, 0x01, 0x00, 0x00, 0x00,
  0x0d, 0x00, 0x00, 0x00, 0x01, 0x00, 0x00, 0x00, 0x08, 0x00, 0x00, 0x00,
  0xe2, 0xff, 0xff, 0xff, 0x08, 0x00, 0x00, 0x00, 0x0c, 0x00, 0x00, 0x00,
  0x01, 0x00, 0x00, 0x00, 0x0c, 0x00, 0x00, 0x00, 0x01, 0x00, 0x00, 0x00,
  0x09, 0x00, 0x00, 0x00, 0x00, 0x00, 0x0a, 0x00, 0x0c, 0x00, 0x00, 0x00,
  0x08, 0x00, 0x04, 0x00, 0x0a, 0x00, 0x00, 0x00, 0x08, 0x00, 0x00, 0x00,
  0x0c, 0x00, 0x00, 0x00, 0x01, 0x00, 0x00, 0x00, 0x0b, 0x00, 0x00, 0x00,
  0x01, 0x00, 0x00, 0x00, 0x0a, 0x00, 0x00, 0x00, 0x01, 0x00, 0x00, 0x00,
  0x19, 0x00, 0x00, 0x00, 0x01, 0x00, 0x00, 0x00, 0x00, 0x00, 0x00, 0x00,
  0x1a, 0x00, 0x00, 0x00, 0xac, 0x0f, 0x00, 0x00, 0x34, 0x0f, 0x00, 0x00,
  0xb0, 0x0e, 0x00, 0x00, 0x54, 0x0e, 0x00, 0x00, 0xd4, 0x0d, 0x00, 0x00,
  0x04, 0x0d, 0x00, 0x00, 0x8c, 0x0c, 0x00, 0x00, 0xec, 0x0b, 0x00, 0x00,
  0xfc, 0x0a, 0x00, 0x00, 0x5c, 0x0a, 0x00, 0x00, 0x6c, 0x09, 0x00, 0x00,
  0x80, 0x08, 0x00, 0x00, 0xe4, 0x07, 0x00, 0x00, 0xf8, 0x06, 0x00, 0x00,
  0x5c, 0x06, 0x00, 0x00, 0xe8, 0x05, 0x00, 0x00, 0x1c, 0x05, 0x00, 0x00,
  0xa0, 0x04, 0x00, 0x00, 0x48, 0x04, 0x00, 0x00, 0xe4, 0x03, 0x00, 0x00,
  0x8c, 0x03, 0x00, 0x00, 0xec, 0x02, 0x00, 0x00, 0x00, 0x02, 0x00, 0x00,
  0x14, 0x01, 0x00, 0x00, 0x48, 0x00, 0x00, 0x00, 0x04, 0x00, 0x00, 0x00,
  0xd2, 0xf0, 0xff, 0xff, 0x00, 0x00, 0x00, 0x01, 0x10, 0x00, 0x00, 0x00,
  0x10, 0x00, 0x00, 0x00, 0x1a, 0x00, 0x00, 0x00, 0x20, 0x00, 0x00, 0x00,
  0xbc, 0xf0, 0xff, 0xff, 0x11, 0x00, 0x00, 0x00, 0x50, 0x61, 0x72, 0x74,
  0x69, 0x74, 0x69, 0x6f, 0x6e, 0x65, 0x64, 0x43, 0x61, 0x6c, 0x6c, 0x3a,
  0x30, 0x00, 0x00, 0x00, 0x02, 0x00, 0x00, 0x00, 0x01, 0x00, 0x00, 0x00,
  0x07, 0x00, 0x00, 0x00, 0x12, 0xf1, 0xff, 0xff, 0x00, 0x00, 0x00, 0x01,
  0x10, 0x00, 0x00, 0x00, 0x10, 0x00, 0x00, 0x00, 0x19, 0x00, 0x00, 0x00,
  0xa8, 0x00, 0x00, 0x00, 0xfc, 0xf0, 0xff, 0xff, 0x9b, 0x00, 0x00, 0x00,
  0x6d, 0x6f, 0x64, 0x65, 0x6c, 0x5f, 0x33, 0x39, 0x33, 0x2f, 0x74, 0x66,
  0x2e, 0x6d, 0x61, 0x74, 0x68, 0x2e, 0x6d, 0x75, 0x6c, 0x74, 0x69, 0x70,
  0x6c, 0x79, 0x5f, 0x36, 0x37, 0x38, 0x2f, 0x4d, 0x75, 0x6c, 0x3b, 0x6d,
  0x6f, 0x64, 0x65, 0x6c, 0x5f, 0x33, 0x39, 0x33, 0x2f, 0x74, 0x66, 0x2e,
  0x5f, 0x5f, 0x6f, 0x70, 0x65, 0x72, 0x61, 0x74, 0x6f, 0x72, 0x73, 0x5f,
  0x5f, 0x2e, 0x61, 0x64, 0x64, 0x5f, 0x35, 0x33, 0x36, 0x2f, 0x41, 0x64,
  0x64, 0x56, 0x32, 0x3b, 0x6d, 0x6f, 0x64, 0x65, 0x6c, 0x5f, 0x33, 0x39,
  0x33, 0x2f, 0x74, 0x66, 0x2e, 0x6c, 0x69, 0x6e, 0x61, 0x6c, 0x67, 0x2e,
  0x6d, 0x61, 0x74, 0x6d, 0x75, 0x6c, 0x5f, 0x32, 0x34, 0x38, 0x2f, 0x4d,
  0x61, 0x74, 0x4d, 0x75, 0x6c, 0x3b, 0x6d, 0x6f, 0x64, 0x65, 0x6c, 0x5f,
  0x33, 0x39, 0x33, 0x2f, 0x74, 0x66, 0x2e, 0x5f, 0x5f, 0x6f, 0x70, 0x65,
  0x72, 0x61, 0x74, 0x6f, 0x72, 0x73, 0x5f, 0x5f, 0x2e, 0x61, 0x64, 0x64,
  0x5f, 0x35, 0x33, 0x37, 0x2f, 0x41, 0x64, 0x64, 0x56, 0x32, 0x32, 0x00,
  0x02, 0x00, 0x00, 0x00, 0x01, 0x00, 0x00, 0x00, 0x07, 0x00, 0x00, 0x00,
  0xda, 0xf1, 0xff, 0xff, 0x00, 0x00, 0x00, 0x01, 0x10, 0x00, 0x00, 0x00,
  0x10, 0x00, 0x00, 0x00, 0x18, 0x00, 0x00, 0x00, 0xc8, 0x00, 0x00, 0x00,
  0xc4, 0xf1, 0xff, 0xff, 0xb9, 0x00, 0x00, 0x00, 0x6d, 0x6f, 0x64, 0x65,
  0x6c, 0x5f, 0x33, 0x39, 0x33, 0x2f, 0x74, 0x66, 0x2e, 0x6d, 0x61, 0x74,
  0x68, 0x2e, 0x6d, 0x75, 0x6c, 0x74, 0x69, 0x70, 0x6c, 0x79, 0x5f, 0x36,
  0x37, 0x36, 0x2f, 0x4d, 0x75, 0x6c, 0x3b, 0x6d, 0x6f, 0x64, 0x65, 0x6c,
  0x5f, 0x33, 0x39, 0x33, 0x2f, 0x74, 0x66, 0x2e, 0x5f, 0x5f, 0x6f, 0x70,
  0x65, 0x72, 0x61, 0x74, 0x6f, 0x72, 0x73, 0x5f, 0x5f, 0x2e, 0x61, 0x64,
  0x64, 0x5f, 0x35, 0x33, 0x34, 0x2f, 0x41, 0x64, 0x64, 0x56, 0x32, 0x3b,
  0x6d, 0x6f, 0x64, 0x65, 0x6c, 0x5f, 0x33, 0x39, 0x33, 0x2f, 0x74, 0x66,
  0x2e, 0x6c, 0x69, 0x6e, 0x61, 0x6c, 0x67, 0x2e, 0x6d, 0x61, 0x74, 0x6d,
  0x75, 0x6c, 0x5f, 0x32, 0x34, 0x37, 0x2f, 0x4d, 0x61, 0x74, 0x4d, 0x75,
  0x6c, 0x3b, 0x6d, 0x6f, 0x64, 0x65, 0x6c, 0x5f, 0x33, 0x39, 0x33, 0x2f,
  0x74, 0x66, 0x2e, 0x6e, 0x6e, 0x2e, 0x72, 0x65, 0x6c, 0x75, 0x5f, 0x35,
  0x36, 0x35, 0x2f, 0x52, 0x65, 0x6c, 0x75, 0x3b, 0x6d, 0x6f, 0x64, 0x65,
  0x6c, 0x5f, 0x33, 0x39, 0x33, 0x2f, 0x74, 0x66, 0x2e, 0x5f, 0x5f, 0x6f,
  0x70, 0x65, 0x72, 0x61, 0x74, 0x6f, 0x72, 0x73, 0x5f, 0x5f, 0x2e, 0x61,
  0x64, 0x64, 0x5f, 0x35, 0x33, 0x35, 0x2f, 0x41, 0x64, 0x64, 0x56, 0x32,
  0x32, 0x00, 0x00, 0x00, 0x02, 0x00, 0x00, 0x00, 0x01, 0x00, 0x00, 0x00,
  0x10, 0x00, 0x00, 0x00, 0xc2, 0xf2, 0xff, 0xff, 0x00, 0x00, 0x00, 0x01,
  0x10, 0x00, 0x00, 0x00, 0x10, 0x00, 0x00, 0x00, 0x17, 0x00, 0x00, 0x00,
  0xc8, 0x00, 0x00, 0x00, 0xac, 0xf2, 0xff, 0xff, 0xb9, 0x00, 0x00, 0x00,
  0x6d, 0x6f, 0x64, 0x65, 0x6c, 0x5f, 0x33, 0x39, 0x33, 0x2f, 0x74, 0x66,
  0x2e, 0x6d, 0x61, 0x74, 0x68, 0x2e, 0x6d, 0x75, 0x6c, 0x74, 0x69, 0x70,
  0x6c, 0x79, 0x5f, 0x36, 0x37, 0x34, 0x2f, 0x4d, 0x75, 0x6c, 0x3b, 0x6d,
  0x6f, 0x64, 0x65, 0x6c, 0x5f, 0x33, 0x39, 0x33, 0x2f, 0x74, 0x66, 0x2e,
  0x5f, 0x5f, 0x6f, 0x70, 0x65, 0x72, 0x61, 0x74, 0x6f, 0x72, 0x73, 0x5f,
  0x5f, 0x2e, 0x61, 0x64, 0x64, 0x5f, 0x35, 0x33, 0x32, 0x2f, 0x41, 0x64,
  0x64, 0x56, 0x32, 0x3b, 0x6d, 0x6f, 0x64, 0x65, 0x6c, 0x5f, 0x33, 0x39,
  0x33, 0x2f, 0x74, 0x66, 0x2e, 0x6c, 0x69, 0x6e, 0x61, 0x6c, 0x67, 0x2e,
  0x6d, 0x61, 0x74, 0x6d, 0x75, 0x6c, 0x5f, 0x32, 0x34, 0x36, 0x2f, 0x4d,
  0x61, 0x74, 0x4d, 0x75, 0x6c, 0x3b, 0x6d, 0x6f, 0x64, 0x65, 0x6c, 0x5f,
  0x33, 0x39, 0x33, 0x2f, 0x74, 0x66, 0x2e, 0x6e, 0x6e, 0x2e, 0x72, 0x65,
  0x6c, 0x75, 0x5f, 0x35, 0x36, 0x34, 0x2f, 0x52, 0x65, 0x6c, 0x75, 0x3b,
  0x6d, 0x6f, 0x64, 0x65, 0x6c, 0x5f, 0x33, 0x39, 0x33, 0x2f, 0x74, 0x66,
  0x2e, 0x5f, 0x5f, 0x6f, 0x70, 0x65, 0x72, 0x61, 0x74, 0x6f, 0x72, 0x73,
  0x5f, 0x5f, 0x2e, 0x61, 0x64, 0x64, 0x5f, 0x35, 0x33, 0x33, 0x2f, 0x41,
  0x64, 0x64, 0x56, 0x32, 0x32, 0x00, 0x00, 0x00, 0x02, 0x00, 0x00, 0x00,
  0x01, 0x00, 0x00, 0x00, 0x2d, 0x00, 0x00, 0x00, 0xaa, 0xf3, 0xff, 0xff,
  0x00, 0x00, 0x00, 0x01, 0x10, 0x00, 0x00, 0x00, 0x10, 0x00, 0x00, 0x00,
  0x16, 0x00, 0x00, 0x00, 0x7c, 0x00, 0x00, 0x00, 0x94, 0xf3, 0xff, 0xff,
  0x6c, 0x00, 0x00, 0x00, 0x6d, 0x6f, 0x64, 0x65, 0x6c, 0x5f, 0x33, 0x39,
  0x33, 0x2f, 0x74, 0x66, 0x2e, 0x6c, 0x69, 0x6e, 0x61, 0x6c, 0x67, 0x2e,
  0x6d, 0x61, 0x74, 0x6d, 0x75, 0x6c, 0x5f, 0x32, 0x34, 0x35, 0x2f, 0x4d,
  0x61, 0x74, 0x4d, 0x75, 0x6c, 0x3b, 0x6d, 0x6f, 0x64, 0x65, 0x6c, 0x5f,
  0x33, 0x39, 0x33, 0x2f, 0x74, 0x66, 0x2e, 0x6e, 0x6e, 0x2e, 0x72, 0x65,
  0x6c, 0x75, 0x5f, 0x35, 0x36, 0x33, 0x2f, 0x52, 0x65, 0x6c, 0x75, 0x3b,
  0x6d, 0x6f, 0x64, 0x65, 0x6c, 0x5f, 0x33, 0x39, 0x33, 0x2f, 0x74, 0x66,
  0x2e, 0x5f, 0x5f, 0x6f, 0x70, 0x65, 0x72, 0x61, 0x74, 0x6f, 0x72, 0x73,
  0x5f, 0x5f, 0x2e, 0x61, 0x64, 0x64, 0x5f, 0x35, 0x33, 0x31, 0x2f, 0x41,
  0x64, 0x64, 0x56, 0x32, 0x00, 0x00, 0x00, 0x00, 0x02, 0x00, 0x00, 0x00,
  0x01, 0x00, 0x00, 0x00, 0x80, 0x00, 0x00, 0x00, 0x46, 0xf4, 0xff, 0xff,
  0x00, 0x00, 0x00, 0x01, 0x10, 0x00, 0x00, 0x00, 0x10, 0x00, 0x00, 0x00,
  0x15, 0x00, 0x00, 0x00, 0x34, 0x00, 0x00, 0x00, 0x30, 0xf4, 0xff, 0xff,
  0x26, 0x00, 0x00, 0x00, 0x6d, 0x6f, 0x64, 0x65, 0x6c, 0x5f, 0x33, 0x39,
  0x33, 0x2f, 0x74, 0x66, 0x2e, 0x6d, 0x61, 0x74, 0x68, 0x2e, 0x72, 0x65,
  0x64, 0x75, 0x63, 0x65, 0x5f, 0x6d, 0x65, 0x61, 0x6e, 0x5f, 0x31, 0x30,
  0x39, 0x2f, 0x4d, 0x65, 0x61, 0x6e, 0x00, 0x00, 0x02, 0x00, 0x00, 0x00,
  0x01, 0x00, 0x00, 0x00, 0x09, 0x00, 0x00, 0x00, 0x9a, 0xf4, 0xff, 0xff,
  0x00, 0x00, 0x00, 0x01, 0x10, 0x00, 0x00, 0x00, 0x10, 0x00, 0x00, 0x00,
  0x14, 0x00, 0x00, 0x00, 0x3c, 0x00, 0x00, 0x00, 0x84, 0xf4, 0xff, 0xff,
  0x2f, 0x00, 0x00, 0x00, 0x6d, 0x6f, 0x64, 0x65, 0x6c, 0x5f, 0x33, 0x39,
  0x33, 0x2f, 0x74, 0x66, 0x2e, 0x63, 0x6f, 0x6d, 0x70, 0x61, 0x74, 0x2e,
  0x76, 0x31, 0x2e, 0x73, 0x71, 0x75, 0x65, 0x65, 0x7a, 0x65, 0x5f, 0x33,
  0x31, 0x2f, 0x6e, 0x6f, 0x64, 0x65, 0x5f, 0x73, 0x71, 0x75, 0x65, 0x65,
  0x7a, 0x65, 0x31, 0x00, 0x03, 0x00, 0x00, 0x00, 0x01, 0x00, 0x00, 0x00,
  0x14, 0x00, 0x00, 0x00, 0x09, 0x00, 0x00, 0x00, 0xfa, 0xf4, 0xff, 0xff,
  0x00, 0x00, 0x00, 0x01, 0x10, 0x00, 0x00, 0x00, 0x10, 0x00, 0x00, 0x00,
  0x13, 0x00, 0x00, 0x00, 0x34, 0x00, 0x00, 0x00, 0xe4, 0xf4, 0xff, 0xff,
  0x26, 0x00, 0x00, 0x00, 0x6d, 0x6f, 0x64, 0x65, 0x6c, 0x5f, 0x33, 0x39,
  0x33, 0x2f, 0x74, 0x66, 0x2e, 0x6c, 0x69, 0x6e, 0x61, 0x6c, 0x67, 0x2e,
  0x6d, 0x61, 0x74, 0x6d, 0x75, 0x6c, 0x5f, 0x32, 0x34, 0x35, 0x2f, 0x4d,
  0x61, 0x74, 0x4d, 0x75, 0x6c, 0x31, 0x00, 0x00, 0x02, 0x00, 0x00, 0x00,
  0x80, 0x00, 0x00, 0x00, 0x09, 0x00, 0x00, 0x00, 0x4e, 0xf5, 0xff, 0xff,
  0x00, 0x00, 0x00, 0x01, 0x10, 0x00, 0x00, 0x00, 0x10, 0x00, 0x00, 0x00,
  0x12, 0x00, 0x00, 0x00, 0x5c, 0x00, 0x00, 0x00, 0x38, 0xf5, 0xff, 0xff,
  0x4f, 0x00, 0x00, 0x00, 0x6d, 0x6f, 0x64, 0x65, 0x6c, 0x5f, 0x33, 0x39,
  0x33, 0x2f, 0x74, 0x66, 0x2e, 0x6c, 0x69, 0x6e, 0x61, 0x6c, 0x67, 0x2e,
  0x6d, 0x61, 0x74, 0x6d, 0x75, 0x6c, 0x5f, 0x32, 0x34, 0x38, 0x2f, 0x4d,
  0x61, 0x74, 0x4d, 0x75, 0x6c, 0x3b, 0x6d, 0x6f, 0x64, 0x65, 0x6c, 0x5f,
  0x33, 0x39, 0x33, 0x2f, 0x74, 0x66, 0x2e, 0x5f, 0x5f, 0x6f, 0x70, 0x65,
  0x72, 0x61, 0x74, 0x6f, 0x72, 0x73, 0x5f, 0x5f, 0x2e, 0x61, 0x64, 0x64,
  0x5f, 0x35, 0x33, 0x37, 0x2f, 0x41, 0x64, 0x64, 0x56, 0x32, 0x31, 0x00,
  0x01, 0x00, 0x00, 0x00, 0x07, 0x00, 0x00, 0x00, 0xc6, 0xf5, 0xff, 0xff,
  0x00, 0x00, 0x00, 0x01, 0x10, 0x00, 0x00, 0x00, 0x10, 0x00, 0x00, 0x00,
  0x11, 0x00, 0x00, 0x00, 0xa8, 0x00, 0x00, 0x00, 0xb0, 0xf5, 0xff, 0xff,
  0x9b, 0x00, 0x00, 0x00, 0x6d, 0x6f, 0x64, 0x65, 0x6c, 0x5f, 0x33, 0x39,
  0x33, 0x2f, 0x74, 0x66, 0x2e, 0x6d, 0x61, 0x74, 0x68, 0x2e, 0x6d, 0x75,
  0x6c, 0x74, 0x69, 0x70, 0x6c, 0x79, 0x5f, 0x36, 0x37, 0x38, 0x2f, 0x4d,
  0x75, 0x6c, 0x3b, 0x6d, 0x6f, 0x64, 0x65, 0x6c, 0x5f, 0x33, 0x39, 0x33,
  0x2f, 0x74, 0x66, 0x2e, 0x5f, 0x5f, 0x6f, 0x70, 0x65, 0x72, 0x61, 0x74,
  0x6f, 0x72, 0x73, 0x5f, 0x5f, 0x2e, 0x61, 0x64, 0x64, 0x5f, 0x35, 0x33,
  0x36, 0x2f, 0x41, 0x64, 0x64, 0x56, 0x32, 0x3b, 0x6d, 0x6f, 0x64, 0x65,
  0x6c, 0x5f, 0x33, 0x39, 0x33, 0x2f, 0x74, 0x66, 0x2e, 0x6c, 0x69, 0x6e,
  0x61, 0x6c, 0x67, 0x2e, 0x6d, 0x61, 0x74, 0x6d, 0x75, 0x6c, 0x5f, 0x32,
  0x34, 0x38, 0x2f, 0x4d, 0x61, 0x74, 0x4d, 0x75, 0x6c, 0x3b, 0x6d, 0x6f,
  0x64, 0x65, 0x6c, 0x5f, 0x33, 0x39, 0x33, 0x2f, 0x74, 0x66, 0x2e, 0x5f,
  0x5f, 0x6f, 0x70, 0x65, 0x72, 0x61, 0x74, 0x6f, 0x72, 0x73, 0x5f, 0x5f,
  0x2e, 0x61, 0x64, 0x64, 0x5f, 0x35, 0x33, 0x37, 0x2f, 0x41, 0x64, 0x64,
  0x56, 0x32, 0x31, 0x00, 0x02, 0x00, 0x00, 0x00, 0x07, 0x00, 0x00, 0x00,
  0x10, 0x00, 0x00, 0x00, 0x8e, 0xf6, 0xff, 0xff, 0x00, 0x00, 0x00, 0x01,
  0x10, 0x00, 0x00, 0x00, 0x10, 0x00, 0x00, 0x00, 0x10, 0x00, 0x00, 0x00,
  0x54, 0x00, 0x00, 0x00, 0x78, 0xf6, 0xff, 0xff, 0x47, 0x00, 0x00, 0x00,
  0x6d, 0x6f, 0x64, 0x65, 0x6c, 0x5f, 0x33, 0x39, 0x33, 0x2f, 0x74, 0x66,
  0x2e, 0x6e, 0x6e, 0x2e, 0x72, 0x65, 0x6c, 0x75, 0x5f, 0x35, 0x36, 0x33,
  0x2f, 0x52, 0x65, 0x6c, 0x75, 0x3b, 0x6d, 0x6f, 0x64, 0x65, 0x6c, 0x5f,
  0x33, 0x39, 0x33, 0x2f, 0x74, 0x66, 0x2e, 0x5f, 0x5f, 0x6f, 0x70, 0x65,
  0x72, 0x61, 0x74, 0x6f, 0x72, 0x73, 0x5f, 0x5f, 0x2e, 0x61, 0x64, 0x64,
  0x5f, 0x35, 0x33, 0x31, 0x2f, 0x41, 0x64, 0x64, 0x56, 0x32, 0x31, 0x00,
  0x01, 0x00, 0x00, 0x00, 0x80, 0x00, 0x00, 0x00, 0xfe, 0xf6, 0xff, 0xff,
  0x00, 0x00, 0x00, 0x01, 0x10, 0x00, 0x00, 0x00, 0x10, 0x00, 0x00, 0x00,
  0x0f, 0x00, 0x00, 0x00, 0x7c, 0x00, 0x00, 0x00, 0xe8, 0xf6, 0xff, 0xff,
  0x6d, 0x00, 0x00, 0x00, 0x6d, 0x6f, 0x64, 0x65, 0x6c, 0x5f, 0x33, 0x39,
  0x33, 0x2f, 0x74, 0x66, 0x2e, 0x6c, 0x69, 0x6e, 0x61, 0x6c, 0x67, 0x2e,
  0x6d, 0x61, 0x74, 0x6d, 0x75, 0x6c, 0x5f, 0x32, 0x34, 0x36, 0x2f, 0x4d,
  0x61, 0x74, 0x4d, 0x75, 0x6c, 0x3b, 0x6d, 0x6f, 0x64, 0x65, 0x6c, 0x5f,
  0x33, 0x39, 0x33, 0x2f, 0x74, 0x66, 0x2e, 0x6e, 0x6e, 0x2e, 0x72, 0x65,
  0x6c, 0x75, 0x5f, 0x35, 0x36, 0x34, 0x2f, 0x52, 0x65, 0x6c, 0x75, 0x3b,
  0x6d, 0x6f, 0x64, 0x65, 0x6c, 0x5f, 0x33, 0x39, 0x33, 0x2f, 0x74, 0x66,
  0x2e, 0x5f, 0x5f, 0x6f, 0x70, 0x65, 0x72, 0x61, 0x74, 0x6f, 0x72, 0x73,
  0x5f, 0x5f, 0x2e, 0x61, 0x64, 0x64, 0x5f, 0x35, 0x33, 0x33, 0x2f, 0x41,
  0x64, 0x64, 0x56, 0x32, 0x31, 0x00, 0x00, 0x00, 0x01, 0x00, 0x00, 0x00,
  0x2d, 0x00, 0x00, 0x00, 0x96, 0xf7, 0xff, 0xff, 0x00, 0x00, 0x00, 0x01,
  0x10, 0x00, 0x00, 0x00, 0x10, 0x00, 0x00, 0x00, 0x0e, 0x00, 0x00, 0x00,
  0xc8, 0x00, 0x00, 0x00, 0x80, 0xf7, 0xff, 0xff, 0xb9, 0x00, 0x00, 0x00,
  0x6d, 0x6f, 0x64, 0x65, 0x6c, 0x5f, 0x33, 0x39, 0x33, 0x2f, 0x74, 0x66,
  0x2e, 0x6d, 0x61, 0x74, 0x68, 0x2e, 0x6d, 0x75, 0x6c, 0x74, 0x69, 0x70,
  0x6c, 0x79, 0x5f, 0x36, 0x37, 0x34, 0x2f, 0x4d, 0x75, 0x6c, 0x3b, 0x6d,
  0x6f, 0x64, 0x65, 0x6c, 0x5f, 0x33, 0x39, 0x33, 0x2f, 0x74, 0x66, 0x2e,
  0x5f, 0x5f, 0x6f, 0x70, 0x65, 0x72, 0x61, 0x74, 0x6f, 0x72, 0x73, 0x5f,
  0x5f, 0x2e, 0x61, 0x64, 0x64, 0x5f, 0x35, 0x33, 0x32, 0x2f, 0x41, 0x64,
  0x64, 0x56, 0x32, 0x3b, 0x6d, 0x6f, 0x64, 0x65, 0x6c, 0x5f, 0x33, 0x39,
  0x33, 0x2f, 0x74, 0x66, 0x2e, 0x6c, 0x69, 0x6e, 0x61, 0x6c, 0x67, 0x2e,
  0x6d, 0x61, 0x74, 0x6d, 0x75, 0x6c, 0x5f, 0x32, 0x34, 0x36, 0x2f, 0x4d,
  0x61, 0x74, 0x4d, 0x75, 0x6c, 0x3b, 0x6d, 0x6f, 0x64, 0x65, 0x6c, 0x5f,
  0x33, 0x39, 0x33, 0x2f, 0x74, 0x66, 0x2e, 0x6e, 0x6e, 0x2e, 0x72, 0x65,
  0x6c, 0x75, 0x5f, 0x35, 0x36, 0x34, 0x2f, 0x52, 0x65, 0x6c, 0x75, 0x3b,
  0x6d, 0x6f, 0x64, 0x65, 0x6c, 0x5f, 0x33, 0x39, 0x33, 0x2f, 0x74, 0x66,
  0x2e, 0x5f, 0x5f, 0x6f, 0x70, 0x65, 0x72, 0x61, 0x74, 0x6f, 0x72, 0x73,
  0x5f, 0x5f, 0x2e, 0x61, 0x64, 0x64, 0x5f, 0x35, 0x33, 0x33, 0x2f, 0x41,
  0x64, 0x64, 0x56, 0x32, 0x31, 0x00, 0x00, 0x00, 0x02, 0x00, 0x00, 0x00,
  0x2d, 0x00, 0x00, 0x00, 0x80, 0x00, 0x00, 0x00, 0x7e, 0xf8, 0xff, 0xff,
  0x00, 0x00, 0x00, 0x01, 0x10, 0x00, 0x00, 0x00, 0x10, 0x00, 0x00, 0x00,
  0x0d, 0x00, 0x00, 0x00, 0x7c, 0x00, 0x00, 0x00, 0x68, 0xf8, 0xff, 0xff,
  0x6d, 0x00, 0x00, 0x00, 0x6d, 0x6f, 0x64, 0x65, 0x6c, 0x5f, 0x33, 0x39,
  0x33, 0x2f, 0x74, 0x66, 0x2e, 0x6c, 0x69, 0x6e, 0x61, 0x6c, 0x67, 0x2e,
  0x6d, 0x61, 0x74, 0x6d, 0x75, 0x6c, 0x5f, 0x32, 0x34, 0x37, 0x2f, 0x4d,
  0x61, 0x74, 0x4d, 0x75, 0x6c, 0x3b, 0x6d, 0x6f, 0x64, 0x65, 0x6c, 0x5f,
  0x33, 0x39, 0x33, 0x2f, 0x74, 0x66, 0x2e, 0x6e, 0x6e, 0x2e, 0x72, 0x65,
  0x6c, 0x75, 0x5f, 0x35, 0x36, 0x35, 0x2f, 0x52, 0x65, 0x6c, 0x75, 0x3b,
  0x6d, 0x6f, 0x64, 0x65, 0x6c, 0x5f, 0x33, 0x39, 0x33, 0x2f, 0x74, 0x66,
  0x2e, 0x5f, 0x5f, 0x6f, 0x70, 0x65, 0x72, 0x61, 0x74, 0x6f, 0x72, 0x73,
  0x5f, 0x5f, 0x2e, 0x61, 0x64, 0x64, 0x5f, 0x35, 0x33, 0x35, 0x2f, 0x41,
  0x64, 0x64, 0x56, 0x32, 0x31, 0x00, 0x00, 0x00, 0x01, 0x00, 0x00, 0x00,
  0x10, 0x00, 0x00, 0x00, 0x16, 0xf9, 0xff, 0xff, 0x00, 0x00, 0x00, 0x01,
  0x10, 0x00, 0x00, 0x00, 0x10, 0x00, 0x00, 0x00, 0x0c, 0x00, 0x00, 0x00,
  0xc8, 0x00, 0x00, 0x00, 0x00, 0xf9, 0xff, 0xff, 0xb9, 0x00, 0x00, 0x00,
  0x6d, 0x6f, 0x64, 0x65, 0x6c, 0x5f, 0x33, 0x39, 0x33, 0x2f, 0x74, 0x66,
  0x2e, 0x6d, 0x61, 0x74, 0x68, 0x2e, 0x6d, 0x75, 0x6c, 0x74, 0x69, 0x70,
  0x6c, 0x79, 0x5f, 0x36, 0x37, 0x36, 0x2f, 0x4d, 0x75, 0x6c, 0x3b, 0x6d,
  0x6f, 0x64, 0x65, 0x6c, 0x5f, 0x33, 0x39, 0x33, 0x2f, 0x74, 0x66, 0x2e,
  0x5f, 0x5f, 0x6f, 0x70, 0x65, 0x72, 0x61, 0x74, 0x6f, 0x72, 0x73, 0x5f,
  0x5f, 0x2e, 0x61, 0x64, 0x64, 0x5f, 0x35, 0x33, 0x34, 0x2f, 0x41, 0x64,
  0x64, 0x56, 0x32, 0x3b, 0x6d, 0x6f, 0x64, 0x65, 0x6c, 0x5f, 0x33, 0x39,
  0x33, 0x2f, 0x74, 0x66, 0x2e, 0x6c, 0x69, 0x6e, 0x61, 0x6c, 0x67, 0x2e,
  0x6d, 0x61, 0x74, 0x6d, 0x75, 0x6c, 0x5f, 0x32, 0x34, 0x37, 0x2f, 0x4d,
  0x61, 0x74, 0x4d, 0x75, 0x6c, 0x3b, 0x6d, 0x6f, 0x64, 0x65, 0x6c, 0x5f,
  0x33, 0x39, 0x33, 0x2f, 0x74, 0x66, 0x2e, 0x6e, 0x6e, 0x2e, 0x72, 0x65,
  0x6c, 0x75, 0x5f, 0x35, 0x36, 0x35, 0x2f, 0x52, 0x65, 0x6c, 0x75, 0x3b,
  0x6d, 0x6f, 0x64, 0x65, 0x6c, 0x5f, 0x33, 0x39, 0x33, 0x2f, 0x74, 0x66,
  0x2e, 0x5f, 0x5f, 0x6f, 0x70, 0x65, 0x72, 0x61, 0x74, 0x6f, 0x72, 0x73,
  0x5f, 0x5f, 0x2e, 0x61, 0x64, 0x64, 0x5f, 0x35, 0x33, 0x35, 0x2f, 0x41,
  0x64, 0x64, 0x56, 0x32, 0x31, 0x00, 0x00, 0x00, 0x02, 0x00, 0x00, 0x00,
  0x10, 0x00, 0x00, 0x00, 0x2d, 0x00, 0x00, 0x00, 0x72, 0xfa, 0xff, 0xff,
  0x00, 0x00, 0x00, 0x01, 0x14, 0x00, 0x00, 0x00, 0x14, 0x00, 0x00, 0x00,
  0x0b, 0x00, 0x00, 0x00, 0x00, 0x00, 0x00, 0x01, 0xc8, 0x00, 0x00, 0x00,
  0xec, 0xf9, 0xff, 0xff, 0xb8, 0x00, 0x00, 0x00, 0x6d, 0x6f, 0x64, 0x65,
  0x6c, 0x5f, 0x33, 0x39, 0x33, 0x2f, 0x74, 0x66, 0x2e, 0x6d, 0x61, 0x74,
  0x68, 0x2e, 0x6d, 0x75, 0x6c, 0x74, 0x69, 0x70, 0x6c, 0x79, 0x5f, 0x36,
  0x37, 0x36, 0x2f, 0x4d, 0x75, 0x6c, 0x3b, 0x6d, 0x6f, 0x64, 0x65, 0x6c,
  0x5f, 0x33, 0x39, 0x33, 0x2f, 0x74, 0x66, 0x2e, 0x5f, 0x5f, 0x6f, 0x70,
  0x65, 0x72, 0x61, 0x74, 0x6f, 0x72, 0x73, 0x5f, 0x5f, 0x2e, 0x61, 0x64,
  0x64, 0x5f, 0x35, 0x33, 0x34, 0x2f, 0x41, 0x64, 0x64, 0x56, 0x32, 0x3b,
  0x6d, 0x6f, 0x64, 0x65, 0x6c, 0x5f, 0x33, 0x39, 0x33, 0x2f, 0x74, 0x66,
  0x2e, 0x6c, 0x69, 0x6e, 0x61, 0x6c, 0x67, 0x2e, 0x6d, 0x61, 0x74, 0x6d,
  0x75, 0x6c, 0x5f, 0x32, 0x34, 0x37, 0x2f, 0x4d, 0x61, 0x74, 0x4d, 0x75,
  0x6c, 0x3b, 0x6d, 0x6f, 0x64, 0x65, 0x6c, 0x5f, 0x33, 0x39, 0x33, 0x2f,
  0x74, 0x66, 0x2e, 0x6e, 0x6e, 0x2e, 0x72, 0x65, 0x6c, 0x75, 0x5f, 0x35,
  0x36, 0x35, 0x2f, 0x52, 0x65, 0x6c, 0x75, 0x3b, 0x6d, 0x6f, 0x64, 0x65,
  0x6c, 0x5f, 0x33, 0x39, 0x33, 0x2f, 0x74, 0x66, 0x2e, 0x5f, 0x5f, 0x6f,
  0x70, 0x65, 0x72, 0x61, 0x74, 0x6f, 0x72, 0x73, 0x5f, 0x5f, 0x2e, 0x61,
  0x64, 0x64, 0x5f, 0x35, 0x33, 0x35, 0x2f, 0x41, 0x64, 0x64, 0x56, 0x32,
  0x00, 0x00, 0x00, 0x00, 0x02, 0x00, 0x00, 0x00, 0x10, 0x00, 0x00, 0x00,
  0x2d, 0x00, 0x00, 0x00, 0x5e, 0xfb, 0xff, 0xff, 0x00, 0x00, 0x00, 0x01,
  0x14, 0x00, 0x00, 0x00, 0x14, 0x00, 0x00, 0x00, 0x0a, 0x00, 0x00, 0x00,
  0x00, 0x00, 0x00, 0x01, 0x7c, 0x00, 0x00, 0x00, 0xd8, 0xfa, 0xff, 0xff,
  0x6c, 0x00, 0x00, 0x00, 0x6d, 0x6f, 0x64, 0x65, 0x6c, 0x5f, 0x33, 0x39,
  0x33, 0x2f, 0x74, 0x66, 0x2e, 0x6c, 0x69, 0x6e, 0x61, 0x6c, 0x67, 0x2e,
  0x6d, 0x61, 0x74, 0x6d, 0x75, 0x6c, 0x5f, 0x32, 0x34, 0x37, 0x2f, 0x4d,
  0x61, 0x74, 0x4d, 0x75, 0x6c, 0x3b, 0x6d, 0x6f, 0x64, 0x65, 0x6c, 0x5f,
  0x33, 0x39, 0x33, 0x2f, 0x74, 0x66, 0x2e, 0x6e, 0x6e, 0x2e, 0x72, 0x65,
  0x6c, 0x75, 0x5f, 0x35, 0x36, 0x35, 0x2f, 0x52, 0x65, 0x6c, 0x75, 0x3b,
  0x6d, 0x6f, 0x64, 0x65, 0x6c, 0x5f, 0x33, 0x39, 0x33, 0x2f, 0x74, 0x66,
  0x2e, 0x5f, 0x5f, 0x6f, 0x70, 0x65, 0x72, 0x61, 0x74, 0x6f, 0x72, 0x73,
  0x5f, 0x5f, 0x2e, 0x61, 0x64, 0x64, 0x5f, 0x35, 0x33, 0x35, 0x2f, 0x41,
  0x64, 0x64, 0x56, 0x32, 0x00, 0x00, 0x00, 0x00, 0x01, 0x00, 0x00, 0x00,
  0x10, 0x00, 0x00, 0x00, 0xfa, 0xfb, 0xff, 0xff, 0x00, 0x00, 0x00, 0x01,
  0x14, 0x00, 0x00, 0x00, 0x14, 0x00, 0x00, 0x00, 0x09, 0x00, 0x00, 0x00,
  0x00, 0x00, 0x00, 0x01, 0xc8, 0x00, 0x00, 0x00, 0x74, 0xfb, 0xff, 0xff,
  0xb8, 0x00, 0x00, 0x00, 0x6d, 0x6f, 0x64, 0x65, 0x6c, 0x5f, 0x33, 0x39,
  0x33, 0x2f, 0x74, 0x66, 0x2e, 0x6d, 0x61, 0x74, 0x68, 0x2e, 0x6d, 0x75,
  0x6c, 0x74, 0x69, 0x70, 0x6c, 0x79, 0x5f, 0x36, 0x37, 0x34, 0x2f, 0x4d,
  0x75, 0x6c, 0x3b, 0x6d, 0x6f, 0x64, 0x65, 0x6c, 0x5f, 0x33, 0x39, 0x33,
  0x2f, 0x74, 0x66, 0x2e, 0x5f, 0x5f, 0x6f, 0x70, 0x65, 0x72, 0x61, 0x74,
  0x6f, 0x72, 0x73, 0x5f, 0x5f, 0x2e, 0x61, 0x64, 0x64, 0x5f, 0x35, 0x33,
  0x32, 0x2f, 0x41, 0x64, 0x64, 0x56, 0x32, 0x3b, 0x6d, 0x6f, 0x64, 0x65,
  0x6c, 0x5f, 0x33, 0x39, 0x33, 0x2f, 0x74, 0x66, 0x2e, 0x6c, 0x69, 0x6e,
  0x61, 0x6c, 0x67, 0x2e, 0x6d, 0x61, 0x74, 0x6d, 0x75, 0x6c, 0x5f, 0x32,
  0x34, 0x36, 0x2f, 0x4d, 0x61, 0x74, 0x4d, 0x75, 0x6c, 0x3b, 0x6d, 0x6f,
  0x64, 0x65, 0x6c, 0x5f, 0x33, 0x39, 0x33, 0x2f, 0x74, 0x66, 0x2e, 0x6e,
  0x6e, 0x2e, 0x72, 0x65, 0x6c, 0x75, 0x5f, 0x35, 0x36, 0x34, 0x2f, 0x52,
  0x65, 0x6c, 0x75, 0x3b, 0x6d, 0x6f, 0x64, 0x65, 0x6c, 0x5f, 0x33, 0x39,
  0x33, 0x2f, 0x74, 0x66, 0x2e, 0x5f, 0x5f, 0x6f, 0x70, 0x65, 0x72, 0x61,
  0x74, 0x6f, 0x72, 0x73, 0x5f, 0x5f, 0x2e, 0x61, 0x64, 0x64, 0x5f, 0x35,
  0x33, 0x33, 0x2f, 0x41, 0x64, 0x64, 0x56, 0x32, 0x00, 0x00, 0x00, 0x00,
  0x02, 0x00, 0x00, 0x00, 0x2d, 0x00, 0x00, 0x00, 0x80, 0x00, 0x00, 0x00,
  0xe6, 0xfc, 0xff, 0xff, 0x00, 0x00, 0x00, 0x01, 0x14, 0x00, 0x00, 0x00,
  0x14, 0x00, 0x00, 0x00, 0x08, 0x00, 0x00, 0x00, 0x00, 0x00, 0x00, 0x01,
  0x7c, 0x00, 0x00, 0x00, 0x60, 0xfc, 0xff, 0xff, 0x6c, 0x00, 0x00, 0x00,
  0x6d, 0x6f, 0x64, 0x65, 0x6c, 0x5f, 0x33, 0x39, 0x33, 0x2f, 0x74, 0x66,
  0x2e, 0x6c, 0x69, 0x6e, 0x61, 0x6c, 0x67, 0x2e, 0x6d, 0x61, 0x74, 0x6d,
  0x75, 0x6c, 0x5f, 0x32, 0x34, 0x36, 0x2f, 0x4d, 0x61, 0x74, 0x4d, 0x75,
  0x6c, 0x3b, 0x6d, 0x6f, 0x64, 0x65, 0x6c, 0x5f, 0x33, 0x39, 0x33, 0x2f,
  0x74, 0x66, 0x2e, 0x6e, 0x6e, 0x2e, 0x72, 0x65, 0x6c, 0x75, 0x5f, 0x35,
  0x36, 0x34, 0x2f, 0x52, 0x65, 0x6c, 0x75, 0x3b, 0x6d, 0x6f, 0x64, 0x65,
  0x6c, 0x5f, 0x33, 0x39, 0x33, 0x2f, 0x74, 0x66, 0x2e, 0x5f, 0x5f, 0x6f,
  0x70, 0x65, 0x72, 0x61, 0x74, 0x6f, 0x72, 0x73, 0x5f, 0x5f, 0x2e, 0x61,
  0x64, 0x64, 0x5f, 0x35, 0x33, 0x33, 0x2f, 0x41, 0x64, 0x64, 0x56, 0x32,
  0x00, 0x00, 0x00, 0x00, 0x01, 0x00, 0x00, 0x00, 0x2d, 0x00, 0x00, 0x00,
  0x82, 0xfd, 0xff, 0xff, 0x00, 0x00, 0x00, 0x01, 0x14, 0x00, 0x00, 0x00,
  0x14, 0x00, 0x00, 0x00, 0x07, 0x00, 0x00, 0x00, 0x00, 0x00, 0x00, 0x01,
  0x54, 0x00, 0x00, 0x00, 0xfc, 0xfc, 0xff, 0xff, 0x46, 0x00, 0x00, 0x00,
  0x6d, 0x6f, 0x64, 0x65, 0x6c, 0x5f, 0x33, 0x39, 0x33, 0x2f, 0x74, 0x66,
  0x2e, 0x6e, 0x6e, 0x2e, 0x72, 0x65, 0x6c, 0x75, 0x5f, 0x35, 0x36, 0x33,
  0x2f, 0x52, 0x65, 0x6c, 0x75, 0x3b, 0x6d, 0x6f, 0x64, 0x65, 0x6c, 0x5f,
  0x33, 0x39, 0x33, 0x2f, 0x74, 0x66, 0x2e, 0x5f, 0x5f, 0x6f, 0x70, 0x65,
  0x72, 0x61, 0x74, 0x6f, 0x72, 0x73, 0x5f, 0x5f, 0x2e, 0x61, 0x64, 0x64,
  0x5f, 0x35, 0x33, 0x31, 0x2f, 0x41, 0x64, 0x64, 0x56, 0x32, 0x00, 0x00,
  0x01, 0x00, 0x00, 0x00, 0x80, 0x00, 0x00, 0x00, 0xf6, 0xfd, 0xff, 0xff,
  0x00, 0x00, 0x00, 0x01, 0x14, 0x00, 0x00, 0x00, 0x14, 0x00, 0x00, 0x00,
  0x06, 0x00, 0x00, 0x00, 0x00, 0x00, 0x00, 0x01, 0xa8, 0x00, 0x00, 0x00,
  0x70, 0xfd, 0xff, 0xff, 0x9a, 0x00, 0x00, 0x00, 0x6d, 0x6f, 0x64, 0x65,
  0x6c, 0x5f, 0x33, 0x39, 0x33, 0x2f, 0x74, 0x66, 0x2e, 0x6d, 0x61, 0x74,
  0x68, 0x2e, 0x6d, 0x75, 0x6c, 0x74, 0x69, 0x70, 0x6c, 0x79, 0x5f, 0x36,
  0x37, 0x38, 0x2f, 0x4d, 0x75, 0x6c, 0x3b, 0x6d, 0x6f, 0x64, 0x65, 0x6c,
  0x5f, 0x33, 0x39, 0x33, 0x2f, 0x74, 0x66, 0x2e, 0x5f, 0x5f, 0x6f, 0x70,
  0x65, 0x72, 0x61, 0x74, 0x6f, 0x72, 0x73, 0x5f, 0x5f, 0x2e, 0x61, 0x64,
  0x64, 0x5f, 0x35, 0x33, 0x36, 0x2f, 0x41, 0x64, 0x64, 0x56, 0x32, 0x3b,
  0x6d, 0x6f, 0x64, 0x65, 0x6c, 0x5f, 0x33, 0x39, 0x33, 0x2f, 0x74, 0x66,
  0x2e, 0x6c, 0x69, 0x6e, 0x61, 0x6c, 0x67, 0x2e, 0x6d, 0x61, 0x74, 0x6d,
  0x75, 0x6c, 0x5f, 0x32, 0x34, 0x38, 0x2f, 0x4d, 0x61, 0x74, 0x4d, 0x75,
  0x6c, 0x3b, 0x6d, 0x6f, 0x64, 0x65, 0x6c, 0x5f, 0x33, 0x39, 0x33, 0x2f,
  0x74, 0x66, 0x2e, 0x5f, 0x5f, 0x6f, 0x70, 0x65, 0x72, 0x61, 0x74, 0x6f,
  0x72, 0x73, 0x5f, 0x5f, 0x2e, 0x61, 0x64, 0x64, 0x5f, 0x35, 0x33, 0x37,
  0x2f, 0x41, 0x64, 0x64, 0x56, 0x32, 0x00, 0x00, 0x02, 0x00, 0x00, 0x00,
  0x07, 0x00, 0x00, 0x00, 0x10, 0x00, 0x00, 0x00, 0xc2, 0xfe, 0xff, 0xff,
  0x00, 0x00, 0x00, 0x01, 0x14, 0x00, 0x00, 0x00, 0x14, 0x00, 0x00, 0x00,
  0x05, 0x00, 0x00, 0x00, 0x00, 0x00, 0x00, 0x01, 0x5c, 0x00, 0x00, 0x00,
  0x3c, 0xfe, 0xff, 0xff, 0x4e, 0x00, 0x00, 0x00, 0x6d, 0x6f, 0x64, 0x65,
  0x6c, 0x5f, 0x33, 0x39, 0x33, 0x2f, 0x74, 0x66, 0x2e, 0x6c, 0x69, 0x6e,
  0x61, 0x6c, 0x67, 0x2e, 0x6d, 0x61, 0x74, 0x6d, 0x75, 0x6c, 0x5f, 0x32,
  0x34, 0x38, 0x2f, 0x4d, 0x61, 0x74, 0x4d, 0x75, 0x6c, 0x3b, 0x6d, 0x6f,
  0x64, 0x65, 0x6c, 0x5f, 0x33, 0x39, 0x33, 0x2f, 0x74, 0x66, 0x2e, 0x5f,
  0x5f, 0x6f, 0x70, 0x65, 0x72, 0x61, 0x74, 0x6f, 0x72, 0x73, 0x5f, 0x5f,
  0x2e, 0x61, 0x64, 0x64, 0x5f, 0x35, 0x33, 0x37, 0x2f, 0x41, 0x64, 0x64,
  0x56, 0x32, 0x00, 0x00, 0x01, 0x00, 0x00, 0x00, 0x07, 0x00, 0x00, 0x00,
  0x3e, 0xff, 0xff, 0xff, 0x00, 0x00, 0x00, 0x01, 0x14, 0x00, 0x00, 0x00,
  0x14, 0x00, 0x00, 0x00, 0x04, 0x00, 0x00, 0x00, 0x00, 0x00, 0x00, 0x01,
  0x34, 0x00, 0x00, 0x00, 0xb8, 0xfe, 0xff, 0xff, 0x25, 0x00, 0x00, 0x00,
  0x6d, 0x6f, 0x64, 0x65, 0x6c, 0x5f, 0x33, 0x39, 0x33, 0x2f, 0x74, 0x66,
  0x2e, 0x6c, 0x69, 0x6e, 0x61, 0x6c, 0x67, 0x2e, 0x6d, 0x61, 0x74, 0x6d,
  0x75, 0x6c, 0x5f, 0x32, 0x34, 0x35, 0x2f, 0x4d, 0x61, 0x74, 0x4d, 0x75,
  0x6c, 0x00, 0x00, 0x00, 0x02, 0x00, 0x00, 0x00, 0x80, 0x00, 0x00, 0x00,
  0x09, 0x00, 0x00, 0x00, 0x96, 0xff, 0xff, 0xff, 0x00, 0x00, 0x00, 0x01,
  0x14, 0x00, 0x00, 0x00, 0x14, 0x00, 0x00, 0x00, 0x03, 0x00, 0x00, 0x00,
  0x00, 0x00, 0x00, 0x02, 0x48, 0x00, 0x00, 0x00, 0x10, 0xff, 0xff, 0xff,
  0x38, 0x00, 0x00, 0x00, 0x6d, 0x6f, 0x64, 0x65, 0x6c, 0x5f, 0x33, 0x39,
  0x33, 0x2f, 0x74, 0x66, 0x2e, 0x6d, 0x61, 0x74, 0x68, 0x2e, 0x72, 0x65,
  0x64, 0x75, 0x63, 0x65, 0x5f, 0x6d, 0x65, 0x61, 0x6e, 0x5f, 0x31, 0x30,
  0x39, 0x2f, 0x4d, 0x65, 0x61, 0x6e, 0x2f, 0x72, 0x65, 0x64, 0x75, 0x63,
  0x74, 0x69, 0x6f, 0x6e, 0x5f, 0x69, 0x6e, 0x64, 0x69, 0x63, 0x65, 0x73,
  0x00, 0x00, 0x00, 0x00, 0x01, 0x00, 0x00, 0x00, 0x01, 0x00, 0x00, 0x00,
  0x00, 0x00, 0x16, 0x00, 0x1c, 0x00, 0x18, 0x00, 0x17, 0x00, 0x10, 0x00,
  0x0c, 0x00, 0x08, 0x00, 0x00, 0x00, 0x00, 0x00, 0x00, 0x00, 0x07, 0x00,
  0x16, 0x00, 0x00, 0x00, 0x00, 0x00, 0x00, 0x01, 0x14, 0x00, 0x00, 0x00,
  0x14, 0x00, 0x00, 0x00, 0x02, 0x00, 0x00, 0x00, 0x00, 0x00, 0x00, 0x02,
  0x3c, 0x00, 0x00, 0x00, 0x90, 0xff, 0xff, 0xff, 0x2e, 0x00, 0x00, 0x00,
  0x6d, 0x6f, 0x64, 0x65, 0x6c, 0x5f, 0x33, 0x39, 0x33, 0x2f, 0x74, 0x66,
  0x2e, 0x63, 0x6f, 0x6d, 0x70, 0x61, 0x74, 0x2e, 0x76, 0x31, 0x2e, 0x73,
  0x71, 0x75, 0x65, 0x65, 0x7a, 0x65, 0x5f, 0x33, 0x31, 0x2f, 0x6e, 0x6f,
  0x64, 0x65, 0x5f, 0x73, 0x71, 0x75, 0x65, 0x65, 0x7a, 0x65, 0x00, 0x00,
  0x01, 0x00, 0x00, 0x00, 0x03, 0x00, 0x00, 0x00, 0x00, 0x00, 0x16, 0x00,
  0x18, 0x00, 0x14, 0x00, 0x00, 0x00, 0x10, 0x00, 0x0c, 0x00, 0x08, 0x00,
  0x00, 0x00, 0x00, 0x00, 0x00, 0x00, 0x07, 0x00, 0x16, 0x00, 0x00, 0x00,
  0x00, 0x00, 0x00, 0x01, 0x14, 0x00, 0x00, 0x00, 0x14, 0x00, 0x00, 0x00,
  0x01, 0x00, 0x00, 0x00, 0x28, 0x00, 0x00, 0x00, 0x04, 0x00, 0x04, 0x00,
  0x04, 0x00, 0x00, 0x00, 0x17, 0x00, 0x00, 0x00, 0x73, 0x65, 0x72, 0x76,
  0x69, 0x6e, 0x67, 0x5f, 0x64, 0x65, 0x66, 0x61, 0x75, 0x6c, 0x74, 0x5f,
  0x69, 0x6e, 0x70, 0x75, 0x74, 0x3a, 0x30, 0x00, 0x04, 0x00, 0x00, 0x00,
  0x01, 0x00, 0x00, 0x00, 0x14, 0x00, 0x00, 0x00, 0x01, 0x00, 0x00, 0x00,
  0x09, 0x00, 0x00, 0x00, 0x05, 0x00, 0x00, 0x00, 0x5c, 0x00, 0x00, 0x00,
  0x40, 0x00, 0x00, 0x00, 0x24, 0x00, 0x00, 0x00, 0x14, 0x00, 0x00, 0x00,
  0x04, 0x00, 0x00, 0x00, 0xdc, 0xff, 0xff, 0xff, 0x19, 0x00, 0x00, 0x00,
  0x00, 0x00, 0x00, 0x19, 0xe8, 0xff, 0xff, 0xff, 0x09, 0x00, 0x00, 0x00,
  0x00, 0x00, 0x00, 0x09, 0xf4, 0xff, 0xff, 0xff, 0x28, 0x00, 0x00, 0x00,
  0x00, 0x00, 0x00, 0x28, 0x0c, 0x00, 0x0c, 0x00, 0x0b, 0x00, 0x00, 0x00,
  0x00, 0x00, 0x04, 0x00, 0x0c, 0x00, 0x00, 0x00, 0x16, 0x00, 0x00, 0x00,
  0x00, 0x00, 0x00, 0x16, 0x0c, 0x00, 0x10, 0x00, 0x0f, 0x00, 0x00, 0x00,
  0x08, 0x00, 0x04, 0x00, 0x0c, 0x00, 0x00, 0x00, 0x06, 0x00, 0x00, 0x00,
  0x03, 0x00, 0x00, 0x00, 0x00, 0x00, 0x00, 0x06
};
unsigned int tflite_models_torch_dense_3_20_ON_float16_tflite_len = 21692;
