unsigned char tflite_models_torch_dense_3_5_ON_hybrid_tflite[] = {
  0x20, 0x00, 0x00, 0x00, 0x54, 0x46, 0x4c, 0x33, 0x00, 0x00, 0x00, 0x00,
  0x14, 0x00, 0x20, 0x00, 0x1c, 0x00, 0x18, 0x00, 0x14, 0x00, 0x10, 0x00,
  0x0c, 0x00, 0x00, 0x00, 0x08, 0x00, 0x04, 0x00, 0x14, 0x00, 0x00, 0x00,
  0x1c, 0x00, 0x00, 0x00, 0x8c, 0x00, 0x00, 0x00, 0xe4, 0x00, 0x00, 0x00,
  0x7c, 0x2d, 0x00, 0x00, 0x8c, 0x2d, 0x00, 0x00, 0xa8, 0x42, 0x00, 0x00,
  0x03, 0x00, 0x00, 0x00, 0x01, 0x00, 0x00, 0x00, 0x10, 0x00, 0x00, 0x00,
  0x00, 0x00, 0x0a, 0x00, 0x10, 0x00, 0x0c, 0x00, 0x08, 0x00, 0x04, 0x00,
  0x0a, 0x00, 0x00, 0x00, 0x0c, 0x00, 0x00, 0x00, 0x1c, 0x00, 0x00, 0x00,
  0x38, 0x00, 0x00, 0x00, 0x0f, 0x00, 0x00, 0x00, 0x73, 0x65, 0x72, 0x76,
  0x69, 0x6e, 0x67, 0x5f, 0x64, 0x65, 0x66, 0x61, 0x75, 0x6c, 0x74, 0x00,
  0x01, 0x00, 0x00, 0x00, 0x04, 0x00, 0x00, 0x00, 0x9c, 0xff, 0xff, 0xff,
  0x11, 0x00, 0x00, 0x00, 0x04, 0x00, 0x00, 0x00, 0x06, 0x00, 0x00, 0x00,
  0x6f, 0x75, 0x74, 0x70, 0x75, 0x74, 0x00, 0x00, 0x01, 0x00, 0x00, 0x00,
  0x04, 0x00, 0x00, 0x00, 0x6a, 0xd2, 0xff, 0xff, 0x04, 0x00, 0x00, 0x00,
  0x05, 0x00, 0x00, 0x00, 0x69, 0x6e, 0x70, 0x75, 0x74, 0x00, 0x00, 0x00,
  0x02, 0x00, 0x00, 0x00, 0x34, 0x00, 0x00, 0x00, 0x04, 0x00, 0x00, 0x00,
  0xdc, 0xff, 0xff, 0xff, 0x14, 0x00, 0x00, 0x00, 0x04, 0x00, 0x00, 0x00,
  0x13, 0x00, 0x00, 0x00, 0x43, 0x4f, 0x4e, 0x56, 0x45, 0x52, 0x53, 0x49,
  0x4f, 0x4e, 0x5f, 0x4d, 0x45, 0x54, 0x41, 0x44, 0x41, 0x54, 0x41, 0x00,
  0x08, 0x00, 0x0c, 0x00, 0x08, 0x00, 0x04, 0x00, 0x08, 0x00, 0x00, 0x00,
  0x13, 0x00, 0x00, 0x00, 0x04, 0x00, 0x00, 0x00, 0x13, 0x00, 0x00, 0x00,
  0x6d, 0x69, 0x6e, 0x5f, 0x72, 0x75, 0x6e, 0x74, 0x69, 0x6d, 0x65, 0x5f,
  0x76, 0x65, 0x72, 0x73, 0x69, 0x6f, 0x6e, 0x00, 0x15, 0x00, 0x00, 0x00,
  0x94, 0x2c, 0x00, 0x00, 0x8c, 0x2c, 0x00, 0x00, 0x70, 0x2c, 0x00, 0x00,
  0x5c, 0x2c, 0x00, 0x00, 0x30, 0x2c, 0x00, 0x00, 0x60, 0x2a, 0x00, 0x00,
  0x50, 0x28, 0x00, 0x00, 0x8c, 0x27, 0x00, 0x00, 0x3c, 0x1c, 0x00, 0x00,
  0xec, 0x1b, 0x00, 0x00, 0x5c, 0x05, 0x00, 0x00, 0xcc, 0x00, 0x00, 0x00,
  0xc4, 0x00, 0x00, 0x00, 0xbc, 0x00, 0x00, 0x00, 0xb4, 0x00, 0x00, 0x00,
  0xac, 0x00, 0x00, 0x00, 0xa4, 0x00, 0x00, 0x00, 0x9c, 0x00, 0x00, 0x00,
  0x94, 0x00, 0x00, 0x00, 0x74, 0x00, 0x00, 0x00, 0x04, 0x00, 0x00, 0x00,
  0x32, 0xd3, 0xff, 0xff, 0x04, 0x00, 0x00, 0x00, 0x60, 0x00, 0x00, 0x00,
  0x0c, 0x00, 0x00, 0x00, 0x08, 0x00, 0x0e, 0x00, 0x08, 0x00, 0x04, 0x00,
  0x08, 0x00, 0x00, 0x00, 0x10, 0x00, 0x00, 0x00, 0x28, 0x00, 0x00, 0x00,
  0x00, 0x00, 0x06, 0x00, 0x08, 0x00, 0x04, 0x00, 0x06, 0x00, 0x00, 0x00,
  0x04, 0x00, 0x00, 0x00, 0x01, 0x00, 0x00, 0x00, 0xea, 0x03, 0x00, 0x00,
  0x0c, 0x00, 0x18, 0x00, 0x14, 0x00, 0x10, 0x00, 0x0c, 0x00, 0x04, 0x00,
  0x0c, 0x00, 0x00, 0x00, 0xc1, 0xad, 0xa0, 0xa7, 0x20, 0x28, 0xab, 0xe0,
  0x01, 0x00, 0x00, 0x00, 0x02, 0x00, 0x00, 0x00, 0x04, 0x00, 0x00, 0x00,
  0x06, 0x00, 0x00, 0x00, 0x32, 0x2e, 0x32, 0x31, 0x2e, 0x30, 0x00, 0x00,
  0x9e, 0xd3, 0xff, 0xff, 0x04, 0x00, 0x00, 0x00, 0x10, 0x00, 0x00, 0x00,
  0x32, 0x2e, 0x31, 0x37, 0x2e, 0x30, 0x00, 0x00, 0x00, 0x00, 0x00, 0x00,
  0x00, 0x00, 0x00, 0x00, 0x48, 0xbf, 0xff, 0xff, 0x4c, 0xbf, 0xff, 0xff,
  0x50, 0xbf, 0xff, 0xff, 0x54, 0xbf, 0xff, 0xff, 0x58, 0xbf, 0xff, 0xff,
  0x5c, 0xbf, 0xff, 0xff, 0x60, 0xbf, 0xff, 0xff, 0xd6, 0xd3, 0xff, 0xff,
  0x04, 0x00, 0x00, 0x00, 0x80, 0x04, 0x00, 0x00, 0xac, 0x44, 0x6c, 0x7e,
  0x03, 0xca, 0x6a, 0x81, 0x66, 0xed, 0x73, 0x6f, 0x81, 0xd2, 0x1f, 0x52,
  0x17, 0x01, 0xf2, 0x84, 0xda, 0x69, 0xe5, 0x7f, 0xe3, 0x00, 0x88, 0x64,
  0x46, 0xed, 0xcf, 0x65, 0x81, 0xba, 0x97, 0x94, 0x9a, 0xa1, 0x29, 0x91,
  0xb3, 0xbe, 0xd1, 0x7f, 0x50, 0x36, 0x3d, 0xf8, 0x37, 0x25, 0xe3, 0x7f,
  0x23, 0x0c, 0xdd, 0x76, 0x95, 0xff, 0x66, 0x99, 0x81, 0x2d, 0x34, 0xca,
  0xc6, 0x7f, 0x7b, 0xbd, 0x8f, 0xe4, 0x46, 0xf6, 0xed, 0xf7, 0x7f, 0x96,
  0x0b, 0xc6, 0x31, 0xad, 0x17, 0xa8, 0x68, 0xc8, 0x02, 0xca, 0x7f, 0x7d,
  0xae, 0xa1, 0x47, 0x7f, 0x35, 0x90, 0xba, 0x66, 0x47, 0x34, 0x5f, 0x83,
  0x53, 0x95, 0xf0, 0x4e, 0x9a, 0xfb, 0xee, 0x7f, 0x2b, 0x09, 0x08, 0x26,
  0x9b, 0x7f, 0x9e, 0x6b, 0xef, 0xf2, 0xa9, 0x81, 0x13, 0xcd, 0x8e, 0x00,
  0xe0, 0xd5, 0x0f, 0xe9, 0x47, 0xb5, 0x57, 0xa5, 0xd7, 0xbe, 0x81, 0x59,
  0x2d, 0xc2, 0x24, 0x4c, 0x81, 0x1d, 0xfa, 0xa8, 0xd1, 0x7f, 0x0c, 0xc9,
  0x5e, 0x38, 0xaa, 0x43, 0x2d, 0x7f, 0xa0, 0xd4, 0x0b, 0x6b, 0xdf, 0x4a,
  0xc6, 0x9a, 0xe4, 0xe5, 0x89, 0x53, 0xb5, 0x81, 0xab, 0x48, 0xa3, 0x2e,
  0x81, 0xbe, 0x5d, 0xa7, 0xe5, 0x3d, 0x2a, 0x0e, 0x6b, 0x71, 0x6d, 0x6e,
  0x95, 0x1a, 0x0d, 0x7f, 0xf8, 0x5a, 0x77, 0x21, 0x81, 0x23, 0x15, 0xf9,
  0xbf, 0x2a, 0xbb, 0x03, 0xd7, 0x52, 0x7f, 0x1d, 0xea, 0x0e, 0x22, 0x19,
  0x55, 0x13, 0x5c, 0xcb, 0x7f, 0x83, 0x06, 0x67, 0x8e, 0x09, 0x7f, 0x53,
  0x77, 0xe8, 0xb6, 0xfb, 0x6c, 0x57, 0x46, 0xda, 0xc3, 0x7f, 0xbc, 0xac,
  0xbe, 0xf0, 0x93, 0x26, 0xed, 0x19, 0x81, 0x6b, 0x68, 0x83, 0xae, 0x2a,
  0xb1, 0xe0, 0x93, 0xe0, 0x98, 0x27, 0x9c, 0x81, 0x9e, 0xb3, 0x3a, 0xdd,
  0x59, 0x1d, 0x8c, 0xbb, 0x81, 0x81, 0x65, 0xbe, 0xd3, 0x36, 0x72, 0x0a,
  0xdf, 0xfc, 0xf3, 0xe0, 0x43, 0x6c, 0xd1, 0x99, 0x81, 0xdb, 0x90, 0xae,
  0x83, 0x10, 0x77, 0x1d, 0x33, 0x4a, 0x09, 0x81, 0x8d, 0x7c, 0x7f, 0xca,
  0xb0, 0x68, 0x09, 0xe3, 0xdf, 0xd3, 0xdc, 0xa6, 0x7f, 0x68, 0x0e, 0x3a,
  0x13, 0xd2, 0xc6, 0x57, 0x44, 0xab, 0x7f, 0x85, 0x29, 0x05, 0xbe, 0x36,
  0x7f, 0x72, 0x46, 0x1b, 0xe8, 0xa1, 0x5c, 0x64, 0x6f, 0x9b, 0x7f, 0x05,
  0xbb, 0x6d, 0x6f, 0xb7, 0x55, 0x7f, 0x58, 0x1f, 0x33, 0x77, 0x78, 0x64,
  0xc3, 0x59, 0x9c, 0xfb, 0x81, 0xc7, 0x11, 0x91, 0x89, 0x86, 0x3f, 0xff,
  0x7b, 0xb0, 0xe6, 0x17, 0x20, 0x81, 0x6e, 0xfd, 0x0c, 0xa0, 0x7f, 0x82,
  0x5a, 0x5f, 0xfa, 0x54, 0x21, 0xc8, 0x31, 0xe6, 0xb4, 0xef, 0x96, 0xc0,
  0x9e, 0x7f, 0x9f, 0xe2, 0x08, 0x81, 0xb0, 0x68, 0xfc, 0x3c, 0xc7, 0xec,
  0x54, 0x76, 0xd9, 0x84, 0x7f, 0xb0, 0x9f, 0xd5, 0xc2, 0x39, 0x41, 0x81,
  0x27, 0x92, 0x2a, 0xd7, 0x84, 0x65, 0x7f, 0xaf, 0x0c, 0xd5, 0x82, 0xe5,
  0x4d, 0x9d, 0x62, 0x81, 0x55, 0x06, 0xff, 0x25, 0xe7, 0xad, 0x03, 0x26,
  0x43, 0xb0, 0xb0, 0x43, 0x09, 0xa6, 0x05, 0x7f, 0x46, 0xb6, 0x98, 0x1b,
  0xa7, 0x1f, 0xdd, 0x81, 0x50, 0x3d, 0x1d, 0x81, 0xa8, 0xba, 0x1b, 0xe6,
  0xd9, 0x00, 0xb0, 0xb4, 0x2b, 0x14, 0x43, 0x2b, 0x81, 0xec, 0x16, 0x2c,
  0x7f, 0x25, 0xc8, 0x1c, 0x9d, 0xcd, 0x3d, 0xe2, 0xe5, 0x58, 0x4f, 0x42,
  0x60, 0x7f, 0x8f, 0x02, 0x9d, 0xff, 0x00, 0x02, 0x09, 0x81, 0x44, 0xbe,
  0x41, 0x1c, 0x1a, 0x7f, 0xf6, 0x06, 0x23, 0x9a, 0x16, 0xdc, 0x60, 0xdd,
  0x8e, 0x68, 0x7f, 0xaf, 0xb0, 0x84, 0x19, 0xf9, 0x49, 0xa3, 0x07, 0x7f,
  0xfe, 0xe2, 0x7a, 0x46, 0xb4, 0x07, 0x61, 0x7f, 0xd6, 0x1c, 0x3d, 0xfe,
  0xf3, 0x47, 0xb9, 0xb9, 0x90, 0x7f, 0xcf, 0x33, 0x06, 0xf1, 0x8f, 0x29,
  0xb1, 0xe4, 0x4a, 0x73, 0xea, 0x75, 0x7f, 0x30, 0xf2, 0x5f, 0x6a, 0xe2,
  0x68, 0xc0, 0x7f, 0x24, 0xf9, 0x25, 0x14, 0x33, 0x6a, 0x05, 0x81, 0x06,
  0x73, 0x34, 0xd8, 0x42, 0x81, 0xc7, 0x03, 0x9e, 0x58, 0x99, 0xe5, 0x45,
  0x4e, 0x5a, 0x58, 0x62, 0x1b, 0xaf, 0x7f, 0x01, 0x73, 0xd2, 0xc2, 0x95,
  0x5b, 0x63, 0xa5, 0x81, 0x25, 0x81, 0xb7, 0xe8, 0x6c, 0x6d, 0x1b, 0x2a,
  0x5a, 0x1a, 0x43, 0xe4, 0x25, 0x5b, 0x81, 0x42, 0xd5, 0x05, 0x42, 0x95,
  0x81, 0xd9, 0xce, 0x5f, 0xd9, 0x9e, 0xef, 0x58, 0x6c, 0x97, 0x14, 0x98,
  0x7f, 0xa3, 0x5e, 0x88, 0xd3, 0x78, 0x4c, 0x46, 0x68, 0xf7, 0x7f, 0x3b,
  0x5f, 0xbb, 0x96, 0x11, 0xb8, 0x81, 0x83, 0x37, 0x3f, 0x03, 0x09, 0xee,
  0xb2, 0x5a, 0x23, 0x09, 0xa8, 0x81, 0x62, 0xa2, 0xd9, 0x62, 0xfa, 0x09,
  0x45, 0x2d, 0x7f, 0x47, 0xcb, 0xd2, 0xb7, 0x7f, 0x4a, 0xe5, 0xaf, 0x1d,
  0x18, 0x18, 0xfe, 0x26, 0x3d, 0x34, 0xda, 0xfe, 0x7f, 0x9f, 0x2b, 0xdc,
  0xbb, 0x95, 0x81, 0x44, 0x5f, 0xe7, 0xed, 0xea, 0x6b, 0x7f, 0x6c, 0xcb,
  0x49, 0xeb, 0x1d, 0x0e, 0xa0, 0x56, 0x7f, 0x34, 0xe0, 0xd3, 0x4b, 0xe1,
  0x65, 0xc9, 0xe9, 0x5d, 0x6a, 0x94, 0xe7, 0x7f, 0x64, 0x64, 0xeb, 0x1f,
  0x81, 0x05, 0x2e, 0xe0, 0xc9, 0x9e, 0xae, 0x99, 0x7f, 0xed, 0xd3, 0xa4,
  0x6b, 0x98, 0xda, 0xc8, 0x9f, 0x70, 0x62, 0x8a, 0xcb, 0x72, 0xb9, 0x81,
  0xb0, 0xf5, 0x7f, 0x24, 0xd3, 0x01, 0xca, 0x40, 0x6a, 0x7d, 0x98, 0x35,
  0x07, 0x43, 0xf1, 0x81, 0xe0, 0x12, 0xe6, 0xe6, 0xab, 0x5e, 0xe7, 0x7f,
  0x39, 0x60, 0xe7, 0x56, 0x1e, 0x03, 0x1c, 0xad, 0x98, 0xd2, 0xd4, 0x7f,
  0xcb, 0x94, 0x69, 0x7f, 0xd0, 0xed, 0x99, 0x46, 0x45, 0xd7, 0xd4, 0xbe,
  0x12, 0x3c, 0x14, 0x81, 0x0b, 0xc6, 0x54, 0x1c, 0x4c, 0x81, 0xf8, 0x55,
  0xbc, 0xbe, 0x83, 0x5b, 0xd9, 0xb8, 0x88, 0x93, 0xc9, 0x7f, 0x92, 0xc9,
  0x54, 0xec, 0x67, 0x5f, 0xae, 0x5e, 0x23, 0xa6, 0x81, 0x69, 0x79, 0xf7,
  0xc7, 0x51, 0x98, 0xcc, 0x81, 0x6e, 0xf2, 0xf6, 0x94, 0x6f, 0xda, 0xea,
  0x7f, 0x9e, 0x4f, 0xec, 0x51, 0x7f, 0x38, 0xe4, 0xb4, 0x49, 0x99, 0x0e,
  0x64, 0x9f, 0x3e, 0x84, 0x81, 0xe2, 0x54, 0x04, 0x76, 0x2b, 0x78, 0x22,
  0x06, 0xab, 0x2a, 0xe8, 0xd4, 0x7f, 0x49, 0x6c, 0x81, 0xfe, 0xde, 0x7e,
  0xe0, 0x58, 0xdd, 0x3f, 0xec, 0x05, 0x12, 0x81, 0x82, 0x2f, 0x3d, 0x69,
  0xd9, 0x6b, 0x7f, 0x74, 0x44, 0xab, 0x29, 0xb2, 0xf6, 0xd1, 0x1e, 0x71,
  0x6d, 0x7f, 0x3c, 0x10, 0x90, 0x0d, 0x3b, 0x0c, 0x4a, 0xf8, 0xba, 0x01,
  0x9e, 0x6b, 0x1d, 0x27, 0x81, 0x26, 0x8d, 0x2e, 0x10, 0x81, 0x3e, 0xbe,
  0xd7, 0xe8, 0xb5, 0xc4, 0x2d, 0xf0, 0x58, 0x2b, 0xce, 0x63, 0x7f, 0x37,
  0x83, 0xa9, 0x1c, 0x58, 0x7f, 0x13, 0xcf, 0xcb, 0x03, 0x93, 0xe2, 0x28,
  0x6f, 0x08, 0x3d, 0x74, 0x81, 0xdd, 0x88, 0x4c, 0x73, 0x7f, 0x88, 0x83,
  0x48, 0x74, 0x4b, 0x68, 0x7f, 0x93, 0x57, 0x14, 0xce, 0x1f, 0x52, 0x84,
  0x02, 0x90, 0xac, 0x4d, 0x83, 0x5c, 0x61, 0x7f, 0x57, 0x33, 0x36, 0x1b,
  0x7f, 0xb5, 0x8a, 0x53, 0x14, 0x16, 0x24, 0xe1, 0xe0, 0x62, 0x7f, 0x3f,
  0xc0, 0xd4, 0xdb, 0xea, 0x9e, 0x49, 0x81, 0xe2, 0x06, 0xdd, 0xd9, 0xd8,
  0x33, 0x96, 0xd0, 0x81, 0x19, 0xd8, 0x61, 0x67, 0x4a, 0x7f, 0xbf, 0x9a,
  0xbc, 0x59, 0xef, 0x38, 0x28, 0x4f, 0x33, 0x2f, 0x58, 0x22, 0xda, 0x73,
  0x7f, 0xd0, 0xe8, 0xab, 0x54, 0x72, 0x81, 0x86, 0x14, 0xb9, 0xdb, 0xc9,
  0x9c, 0x51, 0x7f, 0xba, 0x9f, 0x2b, 0x21, 0xe8, 0x35, 0x7f, 0x42, 0xaa,
  0x46, 0xb9, 0x2a, 0xfc, 0xd3, 0xc1, 0x53, 0xe2, 0xd2, 0x7f, 0xfd, 0xa5,
  0xa2, 0xd6, 0x7e, 0x90, 0x7f, 0xd5, 0xe1, 0xbf, 0xe2, 0x68, 0xd5, 0x37,
  0x8f, 0xa2, 0xbd, 0x7f, 0xb5, 0xe7, 0x9c, 0x53, 0x5c, 0x40, 0xbf, 0x72,
  0x81, 0x94, 0xc6, 0x96, 0xa7, 0xbc, 0x8a, 0x7d, 0x81, 0xe8, 0x4c, 0xf8,
  0x53, 0xa8, 0xfc, 0x47, 0x04, 0x7f, 0x47, 0x78, 0x4d, 0x0b, 0x08, 0x7f,
  0x01, 0x94, 0xc5, 0x46, 0x1c, 0x5d, 0x2a, 0x9c, 0x81, 0x8e, 0x0f, 0x8a,
  0x33, 0x3e, 0xc0, 0x7f, 0x22, 0x7f, 0xcd, 0x14, 0x72, 0xab, 0xd1, 0x3e,
  0xd0, 0x55, 0x37, 0x50, 0x2c, 0xaf, 0xe6, 0x81, 0x94, 0x35, 0x21, 0x46,
  0x81, 0x3a, 0x97, 0x56, 0xd1, 0x4b, 0x0c, 0x14, 0x62, 0xd8, 0xff, 0xff,
  0x04, 0x00, 0x00, 0x00, 0x80, 0x16, 0x00, 0x00, 0x10, 0x10, 0x07, 0x2c,
  0xd6, 0x22, 0xfd, 0x0f, 0xd6, 0x18, 0x3c, 0x1c, 0x3e, 0xec, 0xab, 0x1a,
  0xf4, 0xe0, 0xde, 0x1e, 0x1b, 0xe1, 0xe3, 0xfe, 0xf8, 0x22, 0x28, 0xd0,
  0xec, 0xe2, 0x1c, 0xe9, 0x08, 0x0a, 0xcc, 0x16, 0xf9, 0xe7, 0xfa, 0x11,
  0x04, 0x09, 0x13, 0x11, 0x2d, 0x1b, 0xfc, 0x1c, 0x16, 0xf0, 0xe5, 0x12,
  0xcd, 0xa2, 0xd7, 0x19, 0xe1, 0xc9, 0xe9, 0x29, 0x23, 0x57, 0x26, 0xd8,
  0x1a, 0x0c, 0x1d, 0xfd, 0xfa, 0xf2, 0xee, 0x03, 0x29, 0x1a, 0xc2, 0xf6,
  0x11, 0x1f, 0x19, 0xe3, 0x07, 0x0d, 0xe7, 0xfe, 0x24, 0xe3, 0x03, 0xff,
  0x0e, 0x0c, 0xea, 0x2e, 0x28, 0xf4, 0x09, 0x22, 0x0e, 0xf5, 0xfe, 0x00,
  0xd4, 0xd1, 0xf8, 0x1c, 0xfc, 0xc9, 0x16, 0x2b, 0x2a, 0x7f, 0x40, 0x13,
  0xee, 0x23, 0xe1, 0xe8, 0x10, 0x3a, 0x10, 0xf8, 0x18, 0x16, 0x37, 0xf9,
  0x05, 0x11, 0x29, 0xf3, 0x00, 0xfa, 0x08, 0xfb, 0xfb, 0x04, 0x06, 0xfd,
  0x07, 0xf9, 0xfd, 0x04, 0x12, 0xf8, 0xf9, 0xff, 0x05, 0xfd, 0xf4, 0x04,
  0x00, 0xff, 0x09, 0x0b, 0x06, 0x01, 0xfe, 0xf3, 0xff, 0xfc, 0x01, 0x07,
  0x06, 0xf8, 0x0d, 0x01, 0xff, 0xfa, 0xf8, 0xfa, 0xfc, 0xfb, 0xfb, 0xfe,
  0xfd, 0x05, 0x03, 0x00, 0x01, 0xfc, 0xfc, 0x00, 0x06, 0x7f, 0x00, 0xf9,
  0x02, 0xfa, 0xfa, 0xf9, 0x07, 0x0b, 0xfc, 0x01, 0xf7, 0x04, 0xf9, 0xfd,
  0x00, 0xfe, 0x04, 0x02, 0xf9, 0xff, 0xfc, 0xfa, 0xff, 0x09, 0x02, 0xff,
  0x04, 0xfe, 0xf7, 0x01, 0x09, 0x05, 0xf9, 0xfc, 0xf7, 0x00, 0xfd, 0xf9,
  0x00, 0x04, 0xfa, 0x02, 0xf8, 0xf9, 0xfe, 0x08, 0x06, 0x07, 0x09, 0x05,
  0xfb, 0x07, 0x03, 0xf8, 0x04, 0x07, 0x01, 0xf7, 0x02, 0x0b, 0x0a, 0xfb,
  0x08, 0xf6, 0x04, 0x00, 0xf8, 0xfd, 0x0e, 0x03, 0x01, 0xfe, 0x09, 0x04,
  0xfd, 0xfb, 0x01, 0xff, 0xfb, 0x02, 0xfe, 0x00, 0xfc, 0xf9, 0xfb, 0xfc,
  0xf3, 0xfb, 0xf6, 0xfa, 0x08, 0x02, 0xff, 0x03, 0x04, 0x07, 0xfd, 0x05,
  0x03, 0xfc, 0x09, 0xfd, 0x05, 0xff, 0x02, 0xfe, 0x02, 0xfa, 0xfb, 0x03,
  0xfc, 0x02, 0xfe, 0xfe, 0x00, 0xfe, 0x01, 0x00, 0xff, 0x02, 0x01, 0x07,
  0xfe, 0xff, 0x01, 0xfe, 0x03, 0x7f, 0xfa, 0xfc, 0xf7, 0xf8, 0x01, 0xff,
  0x02, 0xfa, 0x05, 0xfe, 0xff, 0x02, 0x08, 0x03, 0x04, 0xff, 0xfe, 0x00,
  0xfa, 0x05, 0x01, 0x05, 0xff, 0xfc, 0x06, 0x01, 0x02, 0xff, 0x03, 0x05,
  0x07, 0x05, 0xfe, 0xfd, 0xff, 0xff, 0xfb, 0xf9, 0x02, 0x00, 0x02, 0xff,
  0xfc, 0xff, 0xfb, 0x01, 0xfc, 0x05, 0xff, 0xfa, 0xfd, 0x04, 0xff, 0x02,
  0x06, 0x0d, 0x03, 0x07, 0x03, 0x00, 0xfc, 0xfc, 0xfc, 0xf8, 0x04, 0xfe,
  0x02, 0x03, 0x00, 0x03, 0x00, 0xfb, 0x03, 0x03, 0x06, 0x0a, 0xf2, 0x16,
  0x05, 0x20, 0x0b, 0xf2, 0x0d, 0x08, 0x0f, 0x09, 0xed, 0xf4, 0xf5, 0x0d,
  0xf3, 0x03, 0x0a, 0x08, 0x0d, 0x10, 0x17, 0x18, 0x0a, 0x17, 0xfe, 0x1a,
  0xed, 0x0b, 0xe1, 0x09, 0x02, 0xfa, 0xfc, 0x07, 0x09, 0xf0, 0xff, 0xf5,
  0x0a, 0xf5, 0xea, 0xfc, 0xf8, 0x02, 0xfd, 0xf6, 0x0f, 0x02, 0xf5, 0xef,
  0x0a, 0x7f, 0x0c, 0x02, 0xee, 0x07, 0x10, 0x0c, 0x0e, 0x11, 0xf5, 0xff,
  0xff, 0xef, 0xf9, 0x08, 0x03, 0x03, 0x09, 0xfc, 0x00, 0xf5, 0xe9, 0x05,
  0x0e, 0x0f, 0x0c, 0x01, 0x07, 0x23, 0x16, 0xea, 0x0c, 0xf0, 0x11, 0xfb,
  0xee, 0x0c, 0x13, 0x0a, 0xf2, 0x02, 0x0d, 0x13, 0x09, 0x11, 0xfd, 0x05,
  0x0e, 0xf8, 0x08, 0x05, 0xfa, 0xe7, 0x07, 0x01, 0x14, 0xfb, 0x0e, 0x06,
  0x0b, 0x05, 0xec, 0xf3, 0x0a, 0x14, 0xfd, 0xfa, 0x11, 0xfd, 0xd3, 0xfe,
  0xf9, 0x0b, 0x02, 0x06, 0xec, 0x35, 0xf3, 0x0c, 0xe6, 0x12, 0xde, 0xfd,
  0xf5, 0x2c, 0x01, 0xec, 0x6d, 0x14, 0xcc, 0xf6, 0x29, 0x1a, 0x0a, 0x11,
  0xfc, 0x18, 0x06, 0xd3, 0xfd, 0x0d, 0xc2, 0xf8, 0xe4, 0x08, 0x28, 0xdf,
  0xf9, 0xc7, 0x1a, 0x0e, 0x01, 0x2f, 0xda, 0xf1, 0x0c, 0x2c, 0xd9, 0x13,
  0xe1, 0xfe, 0xe7, 0xf6, 0x14, 0xdc, 0xd6, 0x1c, 0xff, 0x7f, 0x15, 0xe2,
  0xff, 0xe8, 0xd6, 0xdc, 0xf7, 0x57, 0xdc, 0x09, 0x15, 0xda, 0x32, 0x19,
  0x0e, 0x28, 0x06, 0xef, 0xc7, 0x0c, 0xb7, 0x08, 0x1c, 0x20, 0x10, 0xf9,
  0xe5, 0xc3, 0xec, 0x2c, 0x2d, 0xfa, 0x20, 0xfe, 0x1d, 0xf5, 0x28, 0xf0,
  0xf8, 0x14, 0xe8, 0xc7, 0xd5, 0xd4, 0x09, 0x0b, 0xe9, 0xff, 0x2b, 0x12,
  0x05, 0x19, 0x10, 0xdb, 0x2c, 0x2b, 0x98, 0xd7, 0x10, 0xe2, 0x1c, 0xe5,
  0x19, 0x34, 0xfc, 0xf1, 0xd2, 0xe5, 0x10, 0xf0, 0xf3, 0x13, 0x25, 0xec,
  0xf7, 0x01, 0x03, 0x05, 0xfe, 0x0c, 0x0b, 0xfe, 0xfb, 0x12, 0x0e, 0x02,
  0xf7, 0x03, 0x15, 0x0f, 0xf6, 0xf8, 0xfd, 0x0b, 0x08, 0xf9, 0x15, 0xfb,
  0x00, 0x0a, 0xfe, 0xee, 0x02, 0xf5, 0x04, 0xf9, 0x06, 0x0e, 0xfc, 0x08,
  0xfb, 0x02, 0x09, 0x04, 0x09, 0x09, 0xf5, 0xff, 0xf9, 0xfd, 0x00, 0x12,
  0x00, 0xf8, 0xf9, 0xfd, 0x0a, 0x7f, 0xf2, 0xf6, 0xff, 0xf3, 0x07, 0xf3,
  0x00, 0x01, 0x05, 0xfc, 0xfd, 0x05, 0xeb, 0x03, 0x08, 0xff, 0x08, 0xff,
  0xf5, 0x0d, 0xf1, 0x05, 0x01, 0xfe, 0xf5, 0xfb, 0x0c, 0xfd, 0x03, 0xf3,
  0x11, 0x09, 0x02, 0xf2, 0x06, 0x01, 0xfb, 0x1a, 0x09, 0xf3, 0xfc, 0xff,
  0xf4, 0x12, 0x05, 0x06, 0x0f, 0xf9, 0x06, 0x0c, 0xfe, 0xfb, 0xfd, 0x03,
  0xfd, 0xeb, 0xff, 0xf9, 0xfb, 0x08, 0x03, 0x01, 0x02, 0xf5, 0x04, 0x07,
  0xff, 0xfc, 0x1d, 0x04, 0xf8, 0xf6, 0x14, 0x05, 0x07, 0x09, 0x05, 0xf7,
  0x04, 0xf8, 0x02, 0x04, 0x01, 0x03, 0xfd, 0x00, 0x12, 0xfb, 0x02, 0x07,
  0xfc, 0xfd, 0xfe, 0x03, 0x05, 0x00, 0xfa, 0xf5, 0xfd, 0xfd, 0x0e, 0xf1,
  0x0c, 0x02, 0x0f, 0xf8, 0xff, 0xfb, 0xf4, 0x00, 0x04, 0xf9, 0xfd, 0x07,
  0x08, 0xfc, 0x07, 0xff, 0xfa, 0xfe, 0x01, 0x03, 0x03, 0xfd, 0xfb, 0x01,
  0xff, 0x7f, 0x01, 0x07, 0xfb, 0xfd, 0xfd, 0x01, 0x07, 0x08, 0x03, 0xfe,
  0xf8, 0xfd, 0xfd, 0xfc, 0x05, 0x01, 0xfe, 0x01, 0xfb, 0xff, 0x07, 0x04,
  0x00, 0x05, 0x03, 0x01, 0xf9, 0x02, 0x08, 0x04, 0x02, 0x0e, 0x00, 0x08,
  0xff, 0xff, 0xfb, 0xfb, 0x04, 0xf7, 0x02, 0xf9, 0xfd, 0x06, 0x01, 0xfc,
  0x01, 0xfd, 0xf9, 0xf6, 0x01, 0x01, 0x04, 0x00, 0x0d, 0xfa, 0xff, 0x0a,
  0x03, 0xf9, 0x0c, 0x00, 0xff, 0xf8, 0x02, 0x02, 0x02, 0xfe, 0xf7, 0x03,
  0x05, 0xf8, 0xf7, 0x04, 0x01, 0xf9, 0x0b, 0xfe, 0x06, 0xe7, 0xf7, 0x08,
  0xf7, 0xf3, 0x04, 0x07, 0xd1, 0x01, 0xfd, 0xf0, 0xfc, 0xfa, 0x0e, 0x07,
  0xfe, 0xf0, 0x04, 0xe6, 0xfe, 0xf9, 0x11, 0x12, 0xff, 0xfb, 0xe9, 0xff,
  0xfa, 0xf5, 0x04, 0xf7, 0x02, 0xfc, 0x0e, 0xfc, 0xfd, 0x19, 0xfd, 0xff,
  0xfc, 0xf2, 0xf9, 0xff, 0xf6, 0x09, 0x02, 0x09, 0x01, 0x81, 0x0f, 0x01,
  0x05, 0xf1, 0xf9, 0x00, 0x08, 0xec, 0x08, 0xee, 0x07, 0x01, 0xf2, 0x08,
  0xf6, 0xf7, 0xf8, 0xf1, 0x15, 0x01, 0xfc, 0xfb, 0x06, 0x03, 0xf6, 0x0a,
  0xf7, 0x11, 0xfd, 0xfa, 0x0a, 0x03, 0x07, 0xfb, 0x03, 0x02, 0x0b, 0xf4,
  0xfd, 0x00, 0x04, 0x0c, 0x02, 0x0d, 0xfb, 0xf4, 0x01, 0x08, 0x10, 0xff,
  0xfd, 0xed, 0xfb, 0xfc, 0xf4, 0x1d, 0x14, 0xfe, 0xfb, 0xea, 0x0e, 0xfd,
  0x0b, 0x04, 0xf9, 0x08, 0xf6, 0xff, 0x11, 0x04, 0xfb, 0x0b, 0xef, 0xfd,
  0x04, 0xfc, 0x03, 0xf6, 0xfa, 0x15, 0x00, 0xfd, 0xfd, 0xfb, 0xff, 0xf6,
  0x0d, 0x00, 0xf3, 0x01, 0x10, 0xf7, 0x0c, 0xff, 0xfd, 0x00, 0xfc, 0x09,
  0xff, 0x0d, 0x0c, 0x0a, 0xfe, 0x02, 0xff, 0x0c, 0x00, 0xf9, 0x08, 0xfb,
  0xf8, 0xf9, 0x08, 0x08, 0x06, 0x05, 0xf7, 0xfb, 0xf4, 0x03, 0x03, 0x0a,
  0xfd, 0xf6, 0xf3, 0x07, 0xf8, 0x7f, 0xf1, 0xfc, 0xf9, 0x00, 0xfc, 0x03,
  0x03, 0xfc, 0xfc, 0x0c, 0x08, 0x05, 0x00, 0xfd, 0xf9, 0x06, 0x02, 0x02,
  0xf0, 0x06, 0xf6, 0xfd, 0x00, 0x00, 0x0a, 0xfc, 0x02, 0xfd, 0x0e, 0x09,
  0x0a, 0x0b, 0xfa, 0x04, 0x05, 0xff, 0xfa, 0xf3, 0xf7, 0xff, 0x02, 0x03,
  0xfe, 0x05, 0xfd, 0x00, 0xfd, 0x08, 0x13, 0x00, 0xf8, 0x03, 0xff, 0xf7,
  0x0c, 0xef, 0x01, 0x0b, 0xf9, 0xf2, 0x09, 0xfb, 0xfe, 0x0c, 0x06, 0xfc,
  0xff, 0xff, 0xf4, 0xff, 0x02, 0xfd, 0x09, 0x03, 0x00, 0x03, 0x02, 0xfc,
  0x01, 0x03, 0xff, 0xfe, 0x02, 0xfb, 0x05, 0xfe, 0x02, 0x00, 0x09, 0xff,
  0xfa, 0xfe, 0xfe, 0x02, 0x03, 0xff, 0xff, 0x06, 0x03, 0xfe, 0xfb, 0xf7,
  0xff, 0x00, 0x00, 0x05, 0x01, 0x00, 0xfa, 0xfd, 0x01, 0x06, 0x04, 0x04,
  0x00, 0xff, 0xfe, 0x03, 0xff, 0x04, 0x00, 0x01, 0xfe, 0x02, 0x08, 0x04,
  0x01, 0x7f, 0xfd, 0x02, 0x01, 0x05, 0xff, 0xf8, 0x04, 0xfd, 0x02, 0xfe,
  0x05, 0xfe, 0x07, 0xfd, 0xfe, 0xfd, 0x00, 0x03, 0x04, 0xff, 0xf6, 0xff,
  0xfd, 0xff, 0x02, 0xfe, 0xff, 0xff, 0xff, 0x04, 0x02, 0x07, 0x03, 0xff,
  0x05, 0xfe, 0xff, 0x02, 0x01, 0x01, 0xfc, 0xff, 0xff, 0xfe, 0x02, 0x01,
  0x05, 0x02, 0x01, 0xfb, 0xfd, 0xff, 0xff, 0x00, 0x07, 0xfe, 0xfb, 0xfd,
  0x04, 0x05, 0x05, 0x03, 0x05, 0x01, 0x01, 0x03, 0xfb, 0x03, 0x05, 0xff,
  0x01, 0x01, 0xfd, 0x04, 0x04, 0xf8, 0x09, 0xfd, 0x01, 0x04, 0x02, 0xfe,
  0x02, 0x03, 0xfa, 0x05, 0x00, 0xfc, 0xfc, 0x01, 0xf3, 0x04, 0x02, 0x06,
  0xff, 0x00, 0xfe, 0xfc, 0x01, 0x02, 0xfe, 0x09, 0xff, 0xff, 0x00, 0xfe,
  0x03, 0x05, 0x00, 0x02, 0xff, 0xfa, 0x05, 0xfa, 0xfd, 0x09, 0x02, 0xfe,
  0x05, 0x00, 0x04, 0x01, 0xfb, 0x03, 0x00, 0xfd, 0xfb, 0x81, 0x07, 0x01,
  0xff, 0xfa, 0x03, 0xf8, 0xfb, 0xf4, 0xf7, 0xf6, 0x06, 0x05, 0xf1, 0x00,
  0xfe, 0xfe, 0x06, 0x01, 0x07, 0x01, 0xf3, 0x08, 0x02, 0xfe, 0xfc, 0xff,
  0xfe, 0x05, 0x07, 0xf6, 0xfd, 0xfa, 0xfc, 0xf8, 0x02, 0x07, 0x01, 0xfb,
  0xff, 0xfa, 0x04, 0xfe, 0x04, 0xfa, 0x00, 0xfe, 0xfe, 0xf9, 0xfe, 0xff,
  0xfa, 0xf8, 0x00, 0xfd, 0x03, 0xfd, 0x0b, 0x05, 0xfc, 0xfb, 0xf8, 0xfb,
  0x02, 0x0a, 0x02, 0x02, 0x00, 0x02, 0x0a, 0xfe, 0x00, 0xfa, 0xf7, 0x00,
  0x0d, 0xfe, 0xf2, 0x04, 0xfa, 0x06, 0x08, 0x00, 0xff, 0x0d, 0xf7, 0xf8,
  0x16, 0xf5, 0x07, 0xf4, 0x1a, 0xfb, 0xf7, 0xfe, 0xf9, 0xf6, 0x00, 0xed,
  0x04, 0xf6, 0xf8, 0xfe, 0xf3, 0xfe, 0xef, 0x0c, 0xfe, 0x11, 0xf6, 0xfc,
  0x03, 0x05, 0x0b, 0xfd, 0xfa, 0x0d, 0x01, 0x0e, 0x0f, 0x02, 0xfd, 0xef,
  0xf7, 0x03, 0x14, 0x0d, 0x14, 0x7f, 0xf0, 0x10, 0x01, 0xf7, 0x0a, 0xfc,
  0x0e, 0x0f, 0x01, 0xf7, 0x00, 0xfa, 0x0a, 0x01, 0xfa, 0xfb, 0x0d, 0xf9,
  0x01, 0x0c, 0x11, 0xfb, 0x03, 0xf9, 0x09, 0xff, 0x01, 0xfc, 0xff, 0x01,
  0xff, 0xe6, 0xfd, 0x06, 0x0b, 0xf7, 0x09, 0x08, 0x08, 0x02, 0x02, 0xf6,
  0x02, 0x07, 0xfa, 0xfa, 0xf1, 0xfd, 0xf8, 0xfd, 0xfa, 0x0c, 0x01, 0x02,
  0x10, 0xe3, 0x15, 0xfe, 0x03, 0xff, 0xf9, 0x0d, 0x06, 0xec, 0xf8, 0xfe,
  0xf1, 0x08, 0xf6, 0xf8, 0x05, 0x02, 0xf8, 0xff, 0x24, 0xee, 0xdf, 0x09,
  0xe3, 0x3e, 0xf4, 0xec, 0x28, 0x15, 0xff, 0x08, 0x25, 0x2e, 0xe5, 0x21,
  0x51, 0xff, 0xe1, 0xd0, 0xf6, 0xfa, 0xc6, 0x3b, 0xfd, 0xe4, 0x3f, 0x30,
  0x0a, 0xe5, 0x1d, 0xe6, 0x02, 0xfd, 0x22, 0x0d, 0x26, 0xe8, 0x27, 0xe6,
  0xe8, 0x1e, 0xd4, 0xea, 0x21, 0xf9, 0xe8, 0x28, 0x04, 0xf0, 0x2b, 0x01,
  0xe5, 0x81, 0x26, 0x3d, 0x50, 0x43, 0xef, 0x2c, 0x34, 0x1c, 0x2b, 0x05,
  0x17, 0xd8, 0xf8, 0xfe, 0xd6, 0xef, 0xee, 0x2e, 0x4f, 0xff, 0x05, 0xe2,
  0x34, 0x24, 0x24, 0xc1, 0xf7, 0xb1, 0x14, 0x51, 0x41, 0xb5, 0xfa, 0xe8,
  0xec, 0xfc, 0xe6, 0x0b, 0xec, 0xc1, 0xd5, 0x25, 0x07, 0xd7, 0x30, 0x13,
  0x0b, 0x37, 0xd3, 0x05, 0xb3, 0x32, 0x09, 0xe0, 0x29, 0x50, 0xcd, 0xd1,
  0x25, 0x48, 0x14, 0x2d, 0xdc, 0x33, 0x0a, 0xf1, 0xf9, 0x01, 0x62, 0xfc,
  0xe5, 0xdc, 0x07, 0x1c, 0x00, 0xfd, 0xf8, 0x0b, 0xff, 0x0f, 0x00, 0xfd,
  0xff, 0xfa, 0x01, 0x02, 0x20, 0xfe, 0xf1, 0x08, 0xf5, 0x05, 0x01, 0x02,
  0x05, 0xfe, 0xfd, 0x08, 0xfe, 0x0e, 0x07, 0xf9, 0x01, 0xf9, 0xf2, 0x02,
  0xfc, 0xf7, 0x06, 0x09, 0xfd, 0xfe, 0x07, 0x04, 0xf9, 0xf0, 0x03, 0xfb,
  0x02, 0x05, 0x05, 0x02, 0xfe, 0xff, 0x07, 0x03, 0xfa, 0x7f, 0xfc, 0x05,
  0x08, 0xfc, 0x01, 0x07, 0x0c, 0xf8, 0xfc, 0x01, 0xfc, 0x04, 0xff, 0x01,
  0xfc, 0x01, 0xfa, 0xfc, 0x0b, 0xf6, 0x08, 0x08, 0x0a, 0x04, 0x07, 0x03,
  0x05, 0xfa, 0x05, 0x00, 0x01, 0xef, 0x02, 0xfb, 0x04, 0x04, 0x0b, 0xff,
  0x03, 0x00, 0x06, 0x0c, 0xfb, 0x08, 0x02, 0x04, 0x04, 0xfd, 0xf6, 0xff,
  0xfa, 0xfc, 0x03, 0xfb, 0x03, 0x11, 0x0b, 0xfd, 0x04, 0x12, 0x02, 0xfd,
  0x07, 0x08, 0x00, 0xff, 0x00, 0xfe, 0xf7, 0xff, 0xfc, 0xfe, 0x10, 0xf7,
  0xf6, 0xd2, 0x27, 0xea, 0x07, 0xe8, 0x36, 0xef, 0xf8, 0xe0, 0xfe, 0xf9,
  0x81, 0xe2, 0x1e, 0xe3, 0x2a, 0x0b, 0x0c, 0x00, 0xec, 0x10, 0x31, 0xcb,
  0xf5, 0x3f, 0xdd, 0xf5, 0xcf, 0xf4, 0x1f, 0xe1, 0xe2, 0x27, 0x2c, 0x05,
  0xed, 0x32, 0x34, 0x29, 0xeb, 0xcb, 0xfe, 0xe9, 0x26, 0xfc, 0x08, 0x10,
  0xf7, 0x20, 0x16, 0xfb, 0x31, 0xbc, 0x1f, 0xe4, 0x01, 0xdd, 0x09, 0x1b,
  0x13, 0x8e, 0x18, 0xe6, 0xde, 0xd9, 0xea, 0xe8, 0xf1, 0xda, 0x21, 0xfc,
  0x4b, 0xff, 0xac, 0x05, 0x08, 0x1c, 0x11, 0xed, 0x0b, 0x3c, 0xf1, 0xdc,
  0x21, 0xe6, 0xf5, 0xe8, 0x16, 0x22, 0xf8, 0x13, 0x0b, 0x21, 0x00, 0x29,
  0x21, 0x2b, 0x13, 0x02, 0x2a, 0x23, 0xff, 0x0c, 0x0d, 0xe0, 0xfb, 0x03,
  0x0f, 0x3a, 0xe7, 0xeb, 0x2c, 0x1d, 0x2a, 0x0d, 0x28, 0x3e, 0x0a, 0xf5,
  0x3a, 0x1a, 0x20, 0xf5, 0xdf, 0x17, 0x39, 0x0e, 0x03, 0xf8, 0x03, 0xfe,
  0xfc, 0x06, 0x05, 0x03, 0xfb, 0xff, 0x04, 0xfc, 0xf9, 0x03, 0x05, 0x07,
  0xf8, 0x04, 0xf9, 0xf9, 0xfc, 0x01, 0x00, 0x0a, 0xfc, 0x01, 0xfa, 0xf6,
  0xf9, 0x04, 0xfb, 0x06, 0xfb, 0xf6, 0x05, 0xff, 0xfe, 0xfc, 0xfe, 0x03,
  0x01, 0xfe, 0x02, 0x05, 0x07, 0xfd, 0xfa, 0x03, 0x06, 0x00, 0x03, 0x07,
  0x05, 0x7f, 0xfa, 0x06, 0xfc, 0x03, 0xfd, 0x07, 0xfe, 0x02, 0x08, 0xfb,
  0xfe, 0x02, 0x09, 0xfc, 0x02, 0xfc, 0xfc, 0x01, 0xf6, 0x06, 0xfb, 0x07,
  0x04, 0xfb, 0x01, 0x01, 0xfb, 0x01, 0x06, 0x02, 0x02, 0x08, 0xfc, 0x07,
  0x03, 0x03, 0x00, 0xfa, 0x01, 0x06, 0xfc, 0x06, 0x06, 0xfd, 0xfd, 0x02,
  0x01, 0x00, 0x07, 0x04, 0xff, 0xff, 0x00, 0x03, 0x0c, 0xf8, 0x0b, 0xf9,
  0x03, 0x03, 0xf7, 0xfc, 0xff, 0x02, 0x01, 0xfd, 0xf7, 0x01, 0x06, 0xff,
  0xfd, 0xff, 0xf8, 0x02, 0xec, 0xfb, 0x1d, 0xf1, 0xf5, 0x02, 0xf6, 0x11,
  0x0e, 0xe9, 0x28, 0x07, 0x81, 0x0b, 0xff, 0x0b, 0xda, 0x20, 0xc9, 0xe5,
  0x02, 0xe9, 0x32, 0x16, 0xf7, 0xcc, 0x22, 0xe2, 0x24, 0x0a, 0xbc, 0xfa,
  0xf4, 0xf0, 0xdb, 0x10, 0x08, 0xe5, 0xe3, 0x0e, 0xea, 0x26, 0xe4, 0xed,
  0x12, 0xef, 0xe9, 0xed, 0xe7, 0xd7, 0x09, 0x12, 0xe6, 0x10, 0x06, 0xe2,
  0xe3, 0xe4, 0xe9, 0xd6, 0x03, 0x2f, 0xdc, 0xdc, 0xe7, 0x06, 0x20, 0xff,
  0xf4, 0x0a, 0xf0, 0xcf, 0x1f, 0xe1, 0xe2, 0xdc, 0x03, 0x0a, 0x0b, 0xed,
  0xf7, 0xe5, 0x01, 0x08, 0x1a, 0xff, 0xe4, 0xfc, 0xd1, 0x00, 0xe3, 0x0c,
  0xf9, 0xeb, 0x09, 0xd5, 0xfc, 0xdf, 0xec, 0x03, 0xfe, 0xdf, 0xfb, 0xf2,
  0xfa, 0x17, 0xf2, 0xff, 0x16, 0xcd, 0xbc, 0xdf, 0x02, 0x05, 0x26, 0xe6,
  0xe2, 0x09, 0xee, 0x02, 0xf9, 0x01, 0x21, 0xf7, 0x0d, 0xfe, 0x10, 0xf9,
  0xff, 0xfa, 0x04, 0x02, 0xff, 0x06, 0x02, 0xff, 0xfb, 0xfa, 0xfd, 0x06,
  0x0d, 0xfa, 0x08, 0x01, 0xf8, 0xfe, 0x09, 0xfa, 0xfd, 0x06, 0xfd, 0x0b,
  0xfe, 0xfd, 0xfc, 0x05, 0x07, 0x00, 0x00, 0xf9, 0x04, 0x07, 0x02, 0x03,
  0xfe, 0xfe, 0xf9, 0x03, 0x05, 0xfa, 0x01, 0xfd, 0x01, 0xf9, 0x00, 0x05,
  0x00, 0x03, 0xf3, 0xf8, 0x07, 0x7f, 0xfe, 0xff, 0xf8, 0xf9, 0xfb, 0x08,
  0x03, 0x09, 0xfe, 0x01, 0xfd, 0x05, 0xfd, 0x02, 0x06, 0xfe, 0xff, 0xff,
  0xfe, 0x00, 0xfc, 0x04, 0x00, 0xfd, 0x05, 0x03, 0x01, 0xfe, 0xfb, 0xfd,
  0xfa, 0xff, 0x04, 0xfc, 0x04, 0x00, 0x04, 0xf3, 0x07, 0x03, 0xff, 0xff,
  0x00, 0x00, 0x00, 0x02, 0x03, 0x09, 0x05, 0xfa, 0xf8, 0xfe, 0x01, 0x06,
  0x00, 0x02, 0xfa, 0xfe, 0xfe, 0xfe, 0x09, 0x02, 0x05, 0xfe, 0xfd, 0xfe,
  0xfc, 0x00, 0x08, 0x02, 0x01, 0x04, 0xf9, 0xfb, 0x08, 0x0c, 0x00, 0xfe,
  0x05, 0x02, 0x06, 0xff, 0xfa, 0x0a, 0xf8, 0x06, 0xe8, 0xf9, 0xf8, 0x0a,
  0xfa, 0xfd, 0x00, 0x04, 0xff, 0xf9, 0x0b, 0xf3, 0xfa, 0xfa, 0x0c, 0xf3,
  0x08, 0x03, 0xf6, 0x00, 0xff, 0xfd, 0x0e, 0x00, 0xfc, 0x09, 0xfb, 0xf4,
  0x00, 0x04, 0xf5, 0xfa, 0x10, 0xfb, 0xfc, 0xfa, 0x01, 0xfd, 0x09, 0xf9,
  0x01, 0x81, 0x0e, 0x04, 0xfa, 0x07, 0xf6, 0x0e, 0x0b, 0x07, 0xf2, 0x02,
  0x09, 0x07, 0xf0, 0xfb, 0x02, 0xfb, 0xf9, 0xf8, 0xf8, 0xfb, 0xee, 0x05,
  0x02, 0xff, 0x01, 0xf9, 0xf9, 0x0b, 0xfe, 0xf3, 0x09, 0x07, 0xfd, 0xf7,
  0xf7, 0xf9, 0xf9, 0xf0, 0x04, 0xfc, 0xf9, 0xf7, 0xfa, 0xee, 0xfa, 0x02,
  0xf4, 0xfb, 0xfa, 0x02, 0xfb, 0xfd, 0xfa, 0xf6, 0x09, 0xf6, 0xfd, 0xf7,
  0xf8, 0x0a, 0x08, 0x05, 0xfb, 0x05, 0xfe, 0xfc, 0x05, 0xfb, 0x20, 0xfc,
  0x02, 0xfc, 0xf7, 0xfe, 0x00, 0xfe, 0xfe, 0xff, 0x01, 0x03, 0x01, 0x00,
  0x00, 0xff, 0xfd, 0xfe, 0x09, 0xff, 0x00, 0x03, 0x02, 0x02, 0x05, 0xfd,
  0xff, 0x03, 0xff, 0x02, 0xfe, 0xfc, 0xff, 0x00, 0xff, 0x03, 0x05, 0xff,
  0xff, 0x00, 0x03, 0x01, 0x01, 0xff, 0xfd, 0x00, 0xff, 0x01, 0xff, 0x00,
  0x04, 0xff, 0xfe, 0x00, 0x01, 0xff, 0x01, 0x01, 0x01, 0x7f, 0xfc, 0x04,
  0xfe, 0xfc, 0xff, 0x03, 0x01, 0xfe, 0xff, 0xff, 0x00, 0x00, 0xfe, 0xff,
  0xfe, 0x01, 0x02, 0xff, 0x03, 0xfe, 0xfd, 0x01, 0xff, 0xff, 0xff, 0x02,
  0x01, 0x02, 0x00, 0xff, 0xff, 0x02, 0xfe, 0x00, 0x00, 0xff, 0x03, 0x00,
  0xfe, 0x03, 0x01, 0x03, 0x00, 0x03, 0xff, 0x01, 0xff, 0xff, 0x01, 0xfd,
  0xfa, 0x02, 0x03, 0xff, 0x02, 0x07, 0x05, 0x02, 0x01, 0xff, 0x02, 0x00,
  0x02, 0x02, 0x02, 0xfd, 0x01, 0x02, 0x04, 0xff, 0x00, 0xff, 0x01, 0x00,
  0xfe, 0xfc, 0x04, 0xfa, 0x06, 0xfb, 0xfc, 0x01, 0xfc, 0xf8, 0xfa, 0x03,
  0x10, 0xfd, 0x04, 0xfd, 0xfb, 0x00, 0x03, 0x03, 0x03, 0x03, 0xfe, 0xfe,
  0x02, 0xfb, 0xfe, 0xf8, 0xfa, 0x06, 0x07, 0xfb, 0xfe, 0xfb, 0x04, 0x01,
  0x00, 0xff, 0xfe, 0x06, 0xff, 0x00, 0x06, 0x03, 0xfe, 0x05, 0x04, 0xfe,
  0xfd, 0x02, 0x05, 0x03, 0xfb, 0x7f, 0x01, 0x02, 0x06, 0xfa, 0xfd, 0x00,
  0x03, 0xfe, 0x06, 0x03, 0x01, 0x01, 0xfe, 0x03, 0xfc, 0xfb, 0x04, 0x00,
  0x01, 0x02, 0xff, 0xfb, 0xff, 0x01, 0xfe, 0x04, 0x01, 0x00, 0x02, 0xff,
  0x05, 0xfb, 0xfc, 0x07, 0xfb, 0x03, 0xfe, 0xff, 0x04, 0x00, 0xff, 0x07,
  0xff, 0xfd, 0xfc, 0x02, 0x02, 0x02, 0xfd, 0xfe, 0xfd, 0xfd, 0x03, 0xfb,
  0x01, 0xf5, 0x09, 0x01, 0xff, 0x01, 0x06, 0xfe, 0x04, 0xf8, 0x03, 0x02,
  0x04, 0x00, 0xf9, 0x03, 0x02, 0xfe, 0x07, 0xfc, 0x00, 0xfb, 0xf9, 0xff,
  0xfd, 0xfb, 0x02, 0x03, 0xfa, 0xff, 0x01, 0x00, 0xfc, 0xfc, 0xff, 0xfd,
  0x08, 0xfb, 0x02, 0x02, 0xfe, 0xfc, 0xf9, 0xf8, 0x03, 0xfa, 0x06, 0x00,
  0xfd, 0x05, 0x01, 0x04, 0xfe, 0xff, 0xf9, 0x03, 0xfe, 0x01, 0xfa, 0xff,
  0x01, 0xff, 0x02, 0xfd, 0x05, 0x04, 0x01, 0x02, 0xff, 0x02, 0xf9, 0x04,
  0x04, 0x7f, 0xfc, 0xfd, 0xff, 0xfa, 0x02, 0xfe, 0x02, 0x0a, 0x02, 0x02,
  0x01, 0x04, 0x08, 0xfc, 0x01, 0x04, 0x00, 0x04, 0xfd, 0x02, 0xfe, 0x00,
  0xfe, 0xfc, 0x04, 0x05, 0xfd, 0xff, 0x05, 0x02, 0x01, 0x02, 0xfe, 0x02,
  0xfe, 0x01, 0xfc, 0xfc, 0x03, 0x02, 0x02, 0xfa, 0xfc, 0x02, 0xff, 0xff,
  0x05, 0xfd, 0x04, 0xfe, 0xfe, 0x06, 0xfc, 0x00, 0xfe, 0x04, 0xf8, 0xfe,
  0x01, 0x01, 0xff, 0xfe, 0x03, 0xfd, 0x00, 0x02, 0xff, 0xff, 0xf5, 0x01,
  0x02, 0x00, 0x07, 0x03, 0x02, 0x05, 0x08, 0xf8, 0xf8, 0x0b, 0x02, 0xfc,
  0xfa, 0x06, 0xfd, 0xf9, 0x19, 0xff, 0xff, 0x04, 0xf9, 0xf9, 0x02, 0xfd,
  0xfd, 0x03, 0x0d, 0x01, 0xfe, 0x01, 0x04, 0x06, 0x06, 0xff, 0xfc, 0x02,
  0xff, 0xf6, 0x0e, 0x00, 0x01, 0xfb, 0xfa, 0xff, 0xfe, 0x09, 0xf8, 0x04,
  0xfd, 0xfb, 0x04, 0x03, 0x07, 0xf8, 0xfa, 0x08, 0xfc, 0x7f, 0xff, 0xfe,
  0xf4, 0x06, 0x06, 0x0e, 0xff, 0x0a, 0x0a, 0x0b, 0x01, 0xfe, 0xf8, 0xfe,
  0x07, 0xfd, 0xff, 0x0a, 0xf8, 0xf9, 0xf1, 0x06, 0xfa, 0x04, 0xfd, 0xfb,
  0xfc, 0x04, 0xfd, 0x04, 0x09, 0x0f, 0x01, 0x08, 0x00, 0xf9, 0x01, 0xff,
  0xf8, 0x01, 0xfe, 0xfc, 0x05, 0x09, 0x00, 0xfd, 0xfb, 0x04, 0x0e, 0xfd,
  0xf3, 0x07, 0xfe, 0xfb, 0x08, 0x15, 0x00, 0xfd, 0xfa, 0x03, 0xfa, 0xfa,
  0x01, 0xf6, 0xfb, 0xfe, 0xfd, 0x04, 0xf5, 0x05, 0x05, 0xff, 0x03, 0x01,
  0x01, 0xfa, 0x02, 0xff, 0xfa, 0xf8, 0xff, 0xfd, 0x05, 0xf7, 0x02, 0x05,
  0x11, 0x00, 0xff, 0x02, 0x06, 0xfe, 0x06, 0x04, 0x05, 0x02, 0xfe, 0xf8,
  0xf9, 0xfb, 0xf8, 0x02, 0xf8, 0x09, 0xfd, 0x00, 0x02, 0xff, 0x04, 0xfe,
  0xfc, 0xff, 0x03, 0xfd, 0x03, 0x08, 0xfc, 0xfc, 0xff, 0xfc, 0x01, 0x07,
  0x02, 0x07, 0x02, 0x08, 0x02, 0x7f, 0x07, 0xf5, 0xfd, 0x05, 0x06, 0xfa,
  0xfa, 0x03, 0xf9, 0x02, 0x06, 0x00, 0xf8, 0xfb, 0xfc, 0x07, 0x03, 0xfc,
  0x01, 0xff, 0x0b, 0x07, 0x02, 0xfe, 0x01, 0xfa, 0xfd, 0x04, 0x05, 0x04,
  0x02, 0xfc, 0x05, 0x03, 0xfd, 0x01, 0x09, 0x04, 0x01, 0x08, 0xfe, 0x0c,
  0x03, 0xfd, 0x03, 0x03, 0x04, 0x00, 0xfb, 0xfe, 0x05, 0x06, 0xff, 0x04,
  0xf6, 0x13, 0x0e, 0x02, 0x06, 0xff, 0xfb, 0xfa, 0x08, 0x06, 0x02, 0x04,
  0x0b, 0x02, 0xf7, 0x02, 0x01, 0xff, 0x00, 0x05, 0xf8, 0x0c, 0x2a, 0x2f,
  0x17, 0x36, 0xef, 0x1c, 0x13, 0x11, 0xf2, 0x0b, 0x7f, 0x0d, 0x38, 0xe7,
  0xc5, 0xfc, 0x04, 0x04, 0x20, 0x05, 0x00, 0x3c, 0xf7, 0x01, 0xdf, 0x18,
  0xf9, 0xf2, 0x0b, 0xe5, 0xe8, 0xca, 0x1e, 0xf7, 0xf0, 0x31, 0x02, 0xe1,
  0xe6, 0x2f, 0xe3, 0x01, 0xc9, 0x1b, 0xe7, 0xee, 0x07, 0xda, 0xce, 0x27,
  0x0f, 0xde, 0x0f, 0xf2, 0xf4, 0xdb, 0x13, 0x18, 0x14, 0x26, 0xeb, 0x2d,
  0xee, 0xf8, 0x47, 0xe9, 0x1d, 0x1e, 0xf6, 0xf0, 0x18, 0x03, 0xb7, 0x13,
  0x0a, 0xf8, 0x1b, 0x05, 0x14, 0xe3, 0x01, 0xe8, 0xef, 0xf1, 0x1c, 0xfc,
  0xef, 0xdd, 0xf4, 0x1d, 0xe2, 0x06, 0xff, 0xdf, 0xfa, 0x21, 0x04, 0x10,
  0xe3, 0xfa, 0xd5, 0xe8, 0x2a, 0x2c, 0x17, 0xe7, 0xe0, 0x5b, 0xce, 0x0e,
  0xe8, 0x3b, 0x0b, 0x07, 0xf6, 0x20, 0x09, 0x00, 0xe6, 0xf6, 0x56, 0xfe,
  0xfe, 0x07, 0x13, 0x05, 0x00, 0x02, 0xfb, 0xf7, 0xfa, 0xfb, 0x01, 0xfa,
  0x05, 0x06, 0xfa, 0xff, 0x14, 0xfb, 0x09, 0x0a, 0x0e, 0xfb, 0x06, 0xfa,
  0x05, 0x04, 0x0f, 0x1a, 0xff, 0xf8, 0xf9, 0xff, 0xff, 0x04, 0x05, 0x03,
  0xfb, 0xf8, 0x05, 0xfa, 0xf8, 0xfa, 0xfd, 0x03, 0xff, 0xfb, 0x02, 0xfc,
  0xf6, 0x03, 0xfb, 0x03, 0xfd, 0xf7, 0xf7, 0xf5, 0xfd, 0x7f, 0xf8, 0x02,
  0x0a, 0x01, 0x00, 0x05, 0xfa, 0x04, 0x0a, 0x02, 0x09, 0x08, 0x11, 0x01,
  0xfb, 0xfd, 0x07, 0xff, 0x03, 0xfa, 0x09, 0xfd, 0xfb, 0x02, 0x05, 0xff,
  0xfb, 0xf3, 0xfd, 0xfb, 0xff, 0xf6, 0x03, 0x0b, 0x00, 0x02, 0xfd, 0xef,
  0xfa, 0xf8, 0x01, 0x0d, 0xf9, 0x09, 0xfd, 0x04, 0x07, 0x02, 0x08, 0x02,
  0x02, 0x0a, 0x05, 0xfb, 0xf3, 0x09, 0xf5, 0x01, 0xfa, 0x01, 0x03, 0x05,
  0x0a, 0xfc, 0x01, 0x01, 0x07, 0x00, 0xe7, 0x00, 0x03, 0xff, 0x04, 0x02,
  0x03, 0xfd, 0x05, 0x02, 0x00, 0xf6, 0xfe, 0xfd, 0x01, 0x07, 0xff, 0xfc,
  0xe6, 0xff, 0xff, 0xfa, 0x01, 0x04, 0xfa, 0xfe, 0xfe, 0x03, 0x07, 0xf5,
  0x01, 0xfa, 0xf9, 0x08, 0xf9, 0xfe, 0xf7, 0xfb, 0xfd, 0x04, 0x09, 0xff,
  0xfe, 0x03, 0xf9, 0x01, 0xff, 0xfa, 0xf9, 0x02, 0xfd, 0xfc, 0xfc, 0x04,
  0xfa, 0x01, 0xff, 0x05, 0xff, 0x81, 0x04, 0x05, 0xfd, 0xfb, 0xfb, 0xf8,
  0xff, 0xf5, 0x04, 0xfe, 0x00, 0x01, 0x03, 0xff, 0xfc, 0xfe, 0xfe, 0xff,
  0x05, 0x04, 0xf7, 0x04, 0xfd, 0x00, 0xfc, 0xfe, 0x03, 0xfd, 0xff, 0xfe,
  0xf9, 0xf3, 0x01, 0x01, 0x03, 0x01, 0xfe, 0x03, 0x00, 0x08, 0x00, 0x03,
  0x01, 0xfc, 0x00, 0x03, 0x01, 0x03, 0xfc, 0x02, 0x03, 0xf6, 0x05, 0xfe,
  0xfd, 0x09, 0x07, 0xf7, 0xfb, 0x00, 0xfb, 0x04, 0xfb, 0xf8, 0x02, 0x00,
  0x06, 0xfd, 0x06, 0xfe, 0x01, 0x00, 0x09, 0xfd, 0xff, 0x08, 0xf8, 0x04,
  0xfe, 0xf7, 0x03, 0xfe, 0x02, 0xf6, 0x01, 0xfa, 0xfc, 0xf9, 0x05, 0xfa,
  0x01, 0x04, 0xff, 0x00, 0x02, 0xfa, 0x08, 0x02, 0xff, 0x07, 0x07, 0xf7,
  0x0a, 0x05, 0xfa, 0x08, 0xfc, 0xff, 0x00, 0xfc, 0x02, 0xff, 0xfd, 0x06,
  0x03, 0xfb, 0x04, 0x02, 0x0c, 0xfb, 0x04, 0x06, 0xff, 0x01, 0x07, 0x02,
  0x00, 0x7f, 0xff, 0x09, 0xf5, 0x02, 0xfb, 0xfa, 0x04, 0x00, 0x03, 0x04,
  0xfe, 0x01, 0x06, 0xfa, 0x05, 0x03, 0x03, 0x06, 0xfc, 0x09, 0xfd, 0xf9,
  0xfe, 0xfb, 0x01, 0xff, 0x00, 0x06, 0xfe, 0xfb, 0x06, 0x07, 0xfe, 0x01,
  0x02, 0x00, 0xfc, 0xfb, 0x06, 0xfd, 0x02, 0xfa, 0xfe, 0x06, 0xfb, 0xfd,
  0xfb, 0x07, 0x07, 0x02, 0xfb, 0x06, 0x03, 0xfc, 0x00, 0x08, 0xf4, 0xff,
  0xfb, 0x03, 0xfa, 0xfc, 0x03, 0xf8, 0x01, 0x02, 0x03, 0x06, 0x0c, 0xfe,
  0xff, 0x05, 0x09, 0xfd, 0xfe, 0xfc, 0xfc, 0xf8, 0xfd, 0x0b, 0x02, 0x04,
  0xfa, 0xfd, 0xfd, 0xfc, 0x05, 0xfb, 0xf9, 0xfe, 0x0b, 0xfe, 0x07, 0xfd,
  0x03, 0x03, 0x04, 0x03, 0x00, 0x04, 0xfd, 0x01, 0xf8, 0xff, 0xf5, 0xfe,
  0x05, 0x04, 0xfa, 0xfd, 0xfe, 0xf9, 0xfd, 0xfe, 0x04, 0x04, 0xfa, 0x05,
  0x04, 0xfd, 0xfe, 0x0a, 0xff, 0xfb, 0xfa, 0xfb, 0x02, 0x7f, 0xfe, 0x01,
  0x00, 0x03, 0x00, 0xf9, 0x00, 0xff, 0xfe, 0x07, 0x03, 0x03, 0x03, 0x04,
  0x02, 0x00, 0xfb, 0x06, 0xfb, 0xfc, 0xf2, 0x04, 0x02, 0x04, 0x03, 0x02,
  0x04, 0xff, 0x03, 0x07, 0x00, 0x0b, 0xff, 0xfd, 0x04, 0xf9, 0xfd, 0x00,
  0x07, 0x02, 0x02, 0xfc, 0x07, 0x04, 0xfc, 0x00, 0xfb, 0xf8, 0x03, 0x00,
  0x05, 0x05, 0x00, 0x04, 0x02, 0x06, 0xf7, 0xfd, 0x01, 0xf8, 0x00, 0x00,
  0x08, 0xf6, 0x02, 0xfc, 0x03, 0x03, 0xf7, 0x04, 0xfe, 0xfb, 0xfc, 0x00,
  0x15, 0xdc, 0x27, 0xf8, 0xf8, 0x27, 0x03, 0xfc, 0xec, 0x33, 0x1b, 0xff,
  0xfa, 0xff, 0xfe, 0x20, 0xe7, 0xef, 0x06, 0xf9, 0xf2, 0x1d, 0x0b, 0xdb,
  0x14, 0x0f, 0x06, 0xf3, 0xf1, 0x21, 0x1a, 0x0c, 0x0e, 0x11, 0xea, 0xfa,
  0x09, 0x08, 0x24, 0xfe, 0x14, 0x50, 0x1f, 0xe9, 0xc8, 0xf3, 0xf6, 0x11,
  0x0e, 0x18, 0x38, 0xe9, 0xf4, 0x7f, 0xf0, 0xff, 0x1b, 0x21, 0x25, 0xee,
  0xff, 0xf4, 0x1a, 0x1e, 0x02, 0xff, 0xdb, 0xfe, 0x21, 0xf9, 0xf5, 0xff,
  0x28, 0x23, 0xf5, 0x02, 0xf0, 0x0d, 0x17, 0x04, 0x05, 0x24, 0xf0, 0x0f,
  0xec, 0x2e, 0x0a, 0xe0, 0xfe, 0x1b, 0xf5, 0x14, 0xf3, 0x12, 0x01, 0xf2,
  0x10, 0xe7, 0x1c, 0x0a, 0x14, 0x13, 0xfa, 0xf3, 0x12, 0x01, 0x1a, 0x24,
  0x20, 0xe0, 0xea, 0x0f, 0x18, 0x0f, 0xfe, 0x0f, 0xe4, 0xed, 0xff, 0xfe,
  0x22, 0xf9, 0x26, 0x0e, 0xf6, 0xe7, 0x37, 0x01, 0x07, 0xf7, 0x04, 0xf5,
  0x07, 0x02, 0xfb, 0xf9, 0x08, 0x00, 0x00, 0x03, 0xf1, 0xfb, 0x0c, 0x05,
  0x12, 0x00, 0x0b, 0x02, 0xfb, 0xfc, 0x03, 0x10, 0xfb, 0x01, 0x00, 0xf3,
  0x12, 0x06, 0x1b, 0x00, 0x00, 0x0d, 0xff, 0xf8, 0x01, 0x08, 0x01, 0x0b,
  0x0a, 0x19, 0xfd, 0x08, 0xed, 0x04, 0x08, 0x00, 0x07, 0x05, 0x05, 0xf7,
  0x0c, 0x81, 0xfc, 0x10, 0xfc, 0x06, 0x00, 0xf6, 0x08, 0x15, 0x01, 0xfd,
  0xf9, 0x01, 0xfa, 0xfb, 0x07, 0xff, 0xf9, 0xfc, 0xf8, 0x04, 0xfb, 0x01,
  0xfe, 0xfe, 0x04, 0xfa, 0x03, 0xf7, 0x0b, 0x0c, 0x04, 0x0c, 0x04, 0x04,
  0xf9, 0x08, 0x00, 0xfc, 0x08, 0x00, 0x00, 0x02, 0x0a, 0x0c, 0xfb, 0x01,
  0x02, 0x03, 0xf3, 0xfe, 0xf9, 0x07, 0xfb, 0x09, 0x06, 0x1c, 0x04, 0xfe,
  0xf9, 0x09, 0x08, 0x02, 0x0a, 0xf4, 0xfd, 0xf9, 0xfa, 0x07, 0xf3, 0xfa,
  0xfe, 0x08, 0xfc, 0x08, 0x10, 0xe3, 0x24, 0xfa, 0xf0, 0xde, 0xf6, 0x02,
  0xf5, 0xe6, 0x28, 0xf6, 0xe9, 0x14, 0xf2, 0x11, 0xb8, 0xf9, 0xe3, 0xe1,
  0x1c, 0xde, 0x07, 0x1e, 0xee, 0x0a, 0xde, 0x4b, 0x22, 0x0e, 0x06, 0x14,
  0xe7, 0x15, 0xd1, 0xea, 0x17, 0x20, 0x10, 0xec, 0x0d, 0x04, 0xf8, 0x0f,
  0x1e, 0x25, 0x25, 0xe5, 0x0d, 0xe8, 0x11, 0xeb, 0x04, 0x81, 0x1e, 0x35,
  0xfa, 0x16, 0x0a, 0x1b, 0x13, 0xd2, 0x37, 0xf8, 0x03, 0x0a, 0xed, 0xea,
  0xf2, 0xe7, 0xe8, 0x0c, 0xdd, 0xff, 0x3f, 0xf6, 0xe3, 0xfe, 0x02, 0x21,
  0xdc, 0xe9, 0x09, 0xff, 0xde, 0x30, 0x09, 0xfe, 0x18, 0xe5, 0xf0, 0x4f,
  0xf3, 0xfb, 0xe9, 0x31, 0xd2, 0xf4, 0xee, 0xf9, 0xef, 0xed, 0xd5, 0xfd,
  0xee, 0x2f, 0x02, 0x01, 0x32, 0xd9, 0xbf, 0x3f, 0xf5, 0xd7, 0x3d, 0x0a,
  0x17, 0x1f, 0x18, 0x20, 0x11, 0x02, 0xb8, 0x0c, 0x0e, 0xe0, 0xf3, 0x14,
  0xf7, 0x12, 0x01, 0xee, 0x0e, 0x20, 0x0b, 0x0d, 0xf9, 0xfb, 0x0f, 0x02,
  0xff, 0xf9, 0xef, 0xf7, 0xf2, 0x01, 0x0c, 0x10, 0xf4, 0x06, 0x11, 0x1c,
  0xfd, 0xea, 0xfe, 0xe4, 0x03, 0xf8, 0x02, 0x13, 0xf2, 0xf8, 0x0b, 0x01,
  0x00, 0xf3, 0xf5, 0x14, 0x0a, 0xf2, 0xfb, 0x14, 0x0e, 0x03, 0xf9, 0x0f,
  0x0a, 0x01, 0x09, 0xec, 0xed, 0x7f, 0xe2, 0xfd, 0xf6, 0xe7, 0x0c, 0xfd,
  0xeb, 0xe8, 0xeb, 0x19, 0xf4, 0xfe, 0xfe, 0xfb, 0x0f, 0x08, 0x10, 0x17,
  0xf9, 0x03, 0x0d, 0x16, 0x0d, 0x09, 0xfb, 0x01, 0x07, 0xea, 0x04, 0x0c,
  0x0f, 0xed, 0xf5, 0x08, 0x03, 0xea, 0xf6, 0xf2, 0x10, 0xf2, 0xf6, 0x10,
  0xf5, 0xec, 0xf7, 0xf2, 0x12, 0xff, 0xe4, 0xfa, 0xde, 0xfd, 0xf8, 0x07,
  0xff, 0x1e, 0xe6, 0xfc, 0x03, 0x0a, 0x15, 0xeb, 0x10, 0xf3, 0x00, 0x05,
  0x1c, 0xf3, 0x0c, 0x04, 0x07, 0xf6, 0xfd, 0x09, 0xe3, 0x14, 0x31, 0xcc,
  0xe4, 0x11, 0x19, 0xeb, 0xf4, 0x04, 0x25, 0xf5, 0x11, 0x12, 0xc5, 0x21,
  0x0a, 0xee, 0x1c, 0xf9, 0xd9, 0xdb, 0x16, 0xd7, 0x1b, 0x10, 0x07, 0x08,
  0x1f, 0xd2, 0xe6, 0x24, 0xf8, 0x41, 0x0d, 0x08, 0xed, 0xf6, 0x35, 0xe3,
  0xf9, 0xc0, 0x0d, 0x07, 0x2b, 0xeb, 0xf5, 0xe2, 0xf0, 0x22, 0x3d, 0x0d,
  0xbd, 0xf3, 0xf0, 0xfc, 0x0b, 0xbb, 0x01, 0x16, 0x1a, 0x81, 0xd9, 0xe6,
  0x15, 0x13, 0xca, 0xf5, 0xdf, 0xd8, 0x07, 0x0e, 0xff, 0xe3, 0x26, 0x20,
  0xe2, 0xd0, 0xfd, 0x11, 0xe9, 0x0b, 0x05, 0xf8, 0x27, 0x04, 0xe3, 0x09,
  0x1b, 0x29, 0x0b, 0x07, 0xfe, 0xd7, 0x20, 0x26, 0xf5, 0x03, 0xee, 0x02,
  0xeb, 0x09, 0x06, 0x0b, 0x0d, 0x0b, 0xe5, 0x0b, 0x0e, 0x06, 0x3b, 0x2c,
  0xdf, 0xe5, 0x00, 0xf0, 0xdb, 0x22, 0x17, 0xf7, 0x2e, 0x03, 0x4a, 0x06,
  0xee, 0xe3, 0xb1, 0xf9, 0xf8, 0x07, 0xea, 0xfd, 0x04, 0xfe, 0x01, 0xf7,
  0xf8, 0xfa, 0x14, 0xf9, 0x01, 0xfc, 0x0d, 0xff, 0xf3, 0x0e, 0x09, 0xf8,
  0x02, 0xfc, 0xef, 0x09, 0x04, 0x16, 0x05, 0x10, 0xf4, 0x06, 0x0d, 0x03,
  0xf6, 0x0b, 0xeb, 0x05, 0xfa, 0x04, 0xff, 0x0b, 0x04, 0xf1, 0x02, 0x06,
  0xfb, 0x06, 0xfb, 0x0e, 0x06, 0x0f, 0x01, 0x01, 0x0f, 0x7f, 0x13, 0xf6,
  0x07, 0x0f, 0x0a, 0xec, 0xf8, 0x04, 0x06, 0x02, 0x00, 0xf1, 0x00, 0x03,
  0x01, 0xf3, 0x05, 0xf7, 0x16, 0xef, 0x0f, 0xf1, 0xfe, 0x00, 0xf9, 0xf4,
  0xfa, 0x1d, 0x06, 0xf6, 0x06, 0x05, 0x08, 0x09, 0x04, 0x01, 0x14, 0xea,
  0x11, 0xfd, 0x0b, 0xec, 0xf1, 0x11, 0xf9, 0xf5, 0xf0, 0x0c, 0x00, 0x0a,
  0x0d, 0xf3, 0xff, 0x00, 0x11, 0x10, 0xeb, 0xf1, 0x10, 0x0e, 0xfe, 0x04,
  0xfc, 0x03, 0x06, 0x05, 0x05, 0xfd, 0xfc, 0x02, 0xfa, 0x0c, 0x0f, 0xf8,
  0xfa, 0x04, 0xf8, 0xfa, 0xfe, 0x01, 0x12, 0x11, 0x0f, 0xfa, 0x00, 0x03,
  0x11, 0x05, 0xfd, 0xf0, 0xfe, 0xfe, 0xfd, 0xf8, 0x0a, 0xf2, 0xeb, 0x04,
  0xf7, 0xfc, 0x15, 0xff, 0xfa, 0xf7, 0xf5, 0x0e, 0xfe, 0xec, 0x0b, 0x01,
  0x0a, 0xff, 0xf9, 0xf3, 0xfd, 0xf7, 0xf2, 0xf7, 0xf5, 0xf1, 0x09, 0xf6,
  0x03, 0xf8, 0x02, 0xff, 0x08, 0x7f, 0xee, 0x05, 0xf4, 0x0b, 0xf2, 0x01,
  0x06, 0x02, 0x16, 0xfd, 0x0e, 0xfc, 0x1a, 0x0d, 0xef, 0xf2, 0xf6, 0x04,
  0xf7, 0x0a, 0x19, 0x06, 0x08, 0xf5, 0xf7, 0x0d, 0xf7, 0xf2, 0x01, 0xf2,
  0x15, 0xf2, 0x06, 0x10, 0x04, 0x05, 0xf0, 0xfe, 0xfe, 0x03, 0x00, 0x06,
  0xfa, 0x09, 0x07, 0x06, 0xfc, 0x01, 0x00, 0xfb, 0x07, 0xfe, 0x07, 0xf3,
  0x0f, 0x04, 0xdf, 0x00, 0xf1, 0x0a, 0x12, 0x13, 0xed, 0xf4, 0xfc, 0xff,
  0x0d, 0x03, 0xf3, 0xf6, 0x05, 0xed, 0x16, 0x10, 0x09, 0x0d, 0x15, 0xe1,
  0xfa, 0xdf, 0xf6, 0xfe, 0xf5, 0xf4, 0x15, 0xf1, 0x50, 0x02, 0xf5, 0x18,
  0xea, 0x04, 0xec, 0xfa, 0x0d, 0x0d, 0xf9, 0xef, 0xea, 0xcf, 0xfe, 0xea,
  0x00, 0x1e, 0xe2, 0x18, 0xfe, 0x0a, 0x0a, 0xeb, 0x06, 0x02, 0x1e, 0xe9,
  0x01, 0x1c, 0x1a, 0x09, 0xf8, 0x11, 0x1d, 0x1a, 0xfa, 0xeb, 0xf0, 0x09,
  0xf4, 0x81, 0xe5, 0x26, 0x05, 0xeb, 0x18, 0x20, 0x14, 0x2e, 0xf3, 0xe5,
  0x15, 0xfe, 0xec, 0x15, 0x23, 0x04, 0xee, 0x07, 0xf0, 0x01, 0xeb, 0xe4,
  0x0b, 0xf7, 0x0d, 0xff, 0xf1, 0xea, 0xe1, 0xfd, 0x03, 0xf9, 0x07, 0x18,
  0x0b, 0x1b, 0xe6, 0x0b, 0xf3, 0xf8, 0x15, 0xee, 0x23, 0x13, 0xea, 0x08,
  0x0f, 0xec, 0x1b, 0x0c, 0x15, 0xee, 0x12, 0x05, 0x23, 0xe4, 0xe1, 0x0a,
  0xfa, 0xf3, 0x3c, 0x17, 0xe6, 0xfb, 0xff, 0x07, 0xf5, 0x09, 0x22, 0x08,
  0xfb, 0xf6, 0xe6, 0x05, 0x10, 0x09, 0x0b, 0x07, 0x08, 0x05, 0xf4, 0x0a,
  0xf8, 0x0a, 0x02, 0x08, 0x21, 0x02, 0x07, 0xf4, 0x13, 0xf8, 0x07, 0x06,
  0x03, 0xf1, 0x0b, 0xfc, 0x04, 0x09, 0xfe, 0x0d, 0x09, 0xec, 0xdf, 0x10,
  0x00, 0x18, 0x17, 0xf5, 0xf4, 0x0b, 0x0c, 0x00, 0xf0, 0x27, 0xf5, 0xf4,
  0x05, 0xf5, 0xef, 0x06, 0x0f, 0x01, 0x15, 0xfe, 0xfe, 0x81, 0xf4, 0xf7,
  0xf6, 0xee, 0x0f, 0xea, 0x04, 0xd5, 0x04, 0xf7, 0xfe, 0xf7, 0xdf, 0xfa,
  0xf8, 0x0e, 0xf7, 0xea, 0x0c, 0xf2, 0x17, 0x13, 0x04, 0xee, 0xf3, 0x0a,
  0x00, 0xee, 0x08, 0x00, 0x13, 0xf5, 0xf9, 0xfc, 0xfe, 0xfb, 0xf4, 0x13,
  0x05, 0xf3, 0x06, 0x0f, 0x10, 0x09, 0x0b, 0x09, 0x00, 0xff, 0x07, 0xfa,
  0x07, 0xf2, 0xf6, 0x0d, 0xf9, 0xed, 0x12, 0xf6, 0x0f, 0x02, 0xf7, 0xfe,
  0x04, 0xed, 0x01, 0x01, 0x05, 0x0a, 0x19, 0x04, 0xf8, 0xff, 0xe1, 0xff,
  0x07, 0x0f, 0xef, 0x04, 0x07, 0x01, 0xf7, 0xfd, 0x11, 0x17, 0x0e, 0x04,
  0x27, 0xf4, 0x13, 0x10, 0x0b, 0x01, 0xef, 0x0a, 0xfb, 0xfd, 0xf7, 0xf6,
  0x09, 0x09, 0xfe, 0xe4, 0xff, 0x15, 0xfd, 0xf8, 0x07, 0x0e, 0xf4, 0x07,
  0x01, 0xfb, 0xf9, 0xf6, 0xfc, 0x0c, 0x07, 0xff, 0x0f, 0x01, 0xff, 0xf2,
  0x01, 0xf4, 0xef, 0xff, 0xf4, 0x7f, 0x02, 0xf4, 0xf9, 0x16, 0xef, 0xf6,
  0x08, 0xf2, 0xfc, 0x05, 0x04, 0x01, 0xeb, 0xf4, 0x0d, 0xf3, 0x04, 0x07,
  0x05, 0x03, 0x11, 0x0a, 0x05, 0x00, 0x08, 0x0e, 0x06, 0xfa, 0xe9, 0x17,
  0x0b, 0x06, 0x06, 0xfc, 0x05, 0xfe, 0xf8, 0x17, 0xf6, 0x0e, 0xff, 0x08,
  0xf7, 0xee, 0x00, 0x00, 0xfc, 0xf9, 0x12, 0xed, 0x14, 0x07, 0x0c, 0xfb,
  0xee, 0xf3, 0x01, 0xeb, 0xf3, 0x02, 0x05, 0x09, 0xf4, 0x14, 0x08, 0x04,
  0xeb, 0x00, 0xfc, 0xf3, 0xf5, 0xfd, 0x0c, 0x07, 0xfa, 0x06, 0xff, 0xfe,
  0xf9, 0xfe, 0x08, 0x01, 0x00, 0xfb, 0xfe, 0xff, 0x15, 0xf9, 0xf9, 0xfa,
  0xf6, 0x02, 0x05, 0xff, 0xfe, 0x03, 0xfc, 0x01, 0x00, 0x00, 0xfd, 0x01,
  0x06, 0x03, 0x0b, 0x03, 0xfc, 0xff, 0x09, 0x04, 0xfc, 0x03, 0x00, 0x08,
  0x03, 0xff, 0xfe, 0x03, 0x03, 0x04, 0xfd, 0xfc, 0x04, 0xfd, 0x06, 0x00,
  0xf9, 0x7f, 0x00, 0xfb, 0x02, 0xf9, 0x02, 0x08, 0xfa, 0x09, 0x07, 0x02,
  0x03, 0x07, 0x07, 0xfe, 0x03, 0xfe, 0xfc, 0x04, 0xfb, 0x02, 0x06, 0x00,
  0xfe, 0xfb, 0x01, 0x01, 0xfd, 0xfe, 0xfa, 0x00, 0x06, 0x05, 0xfe, 0x06,
  0xfb, 0x05, 0x04, 0xfc, 0xff, 0x06, 0xfd, 0xfd, 0xff, 0xfe, 0x00, 0xff,
  0x03, 0xfe, 0x0a, 0xfa, 0xff, 0xfd, 0x04, 0x03, 0x01, 0x16, 0xf3, 0xfc,
  0xff, 0xf9, 0xfd, 0xfb, 0x07, 0xf8, 0x03, 0xfe, 0xf8, 0x02, 0xfe, 0x01,
  0xfe, 0xff, 0xfc, 0xfc, 0x04, 0x07, 0x02, 0x03, 0x04, 0x08, 0xfd, 0x02,
  0x03, 0x08, 0x01, 0xfb, 0x06, 0xfd, 0x0b, 0x01, 0xf5, 0xfb, 0xfc, 0x00,
  0xff, 0x00, 0x02, 0x09, 0x05, 0x04, 0xfd, 0xf6, 0x04, 0x05, 0x0d, 0x03,
  0xfd, 0xf9, 0xfb, 0xff, 0x00, 0xf9, 0x06, 0x02, 0x02, 0xfe, 0x03, 0x01,
  0xf8, 0x03, 0xff, 0x04, 0xfa, 0xfa, 0x03, 0xff, 0x07, 0x81, 0x01, 0x05,
  0x02, 0x05, 0xfd, 0xfe, 0x01, 0x07, 0x00, 0xfb, 0x04, 0x01, 0x04, 0xfd,
  0x01, 0x07, 0xf9, 0x01, 0x06, 0x02, 0x04, 0xfb, 0x02, 0x04, 0xfe, 0xfc,
  0xfe, 0xfb, 0x05, 0x00, 0xfc, 0x04, 0xfb, 0xfc, 0x05, 0xfd, 0x00, 0x04,
  0xfc, 0xfe, 0x01, 0xf9, 0xfd, 0x00, 0x03, 0x04, 0xfb, 0x04, 0xfd, 0x03,
  0x08, 0xf9, 0x04, 0xfd, 0x01, 0x03, 0x09, 0xfd, 0xfe, 0x06, 0x04, 0x03,
  0x01, 0x06, 0xfd, 0x03, 0x00, 0x03, 0x04, 0xfe, 0x02, 0xfe, 0xfa, 0x02,
  0xf7, 0x03, 0x07, 0xf5, 0x05, 0x00, 0x06, 0x01, 0x00, 0xfb, 0xf9, 0x05,
  0x1c, 0x00, 0xfe, 0x02, 0x0a, 0x00, 0x01, 0xfb, 0x04, 0x05, 0xfb, 0x0e,
  0xfd, 0x01, 0xff, 0x0b, 0xff, 0x05, 0xfe, 0xf8, 0x03, 0x02, 0xf3, 0x04,
  0xff, 0xfc, 0xf7, 0xfc, 0x05, 0x05, 0xf9, 0x01, 0x05, 0xfc, 0x04, 0x0d,
  0x05, 0xf7, 0xfc, 0xfb, 0x03, 0x7f, 0xf8, 0xfb, 0xf2, 0xfc, 0x04, 0x0b,
  0x01, 0xf1, 0x01, 0x07, 0x06, 0x07, 0xfe, 0xf9, 0xfc, 0xff, 0x03, 0x01,
  0xf1, 0x02, 0x00, 0x09, 0xf8, 0xf9, 0xf8, 0xfe, 0xf9, 0x0c, 0x0a, 0xfd,
  0x06, 0x03, 0x03, 0x07, 0x05, 0xf8, 0xfb, 0x05, 0xfe, 0xf9, 0xfc, 0x03,
  0x04, 0xfc, 0x01, 0xff, 0x05, 0x05, 0x08, 0xf8, 0xf2, 0xf7, 0x00, 0x00,
  0xfb, 0x07, 0xf4, 0xfb, 0x05, 0x0a, 0x01, 0xff, 0x06, 0xf8, 0x00, 0x04,
  0xfb, 0x00, 0x02, 0x00, 0x05, 0x04, 0x06, 0xfd, 0x00, 0x22, 0xd9, 0x23,
  0xea, 0x28, 0x13, 0x15, 0xf1, 0x1d, 0x1e, 0xf2, 0xdb, 0x1a, 0x0a, 0xf8,
  0x0f, 0x17, 0xf8, 0xf1, 0x15, 0x04, 0xf6, 0x33, 0x06, 0x28, 0x17, 0x16,
  0xf2, 0xf1, 0xee, 0xeb, 0x18, 0xf3, 0x28, 0x09, 0x01, 0x26, 0x05, 0x13,
  0xf6, 0x14, 0x09, 0x00, 0x04, 0xed, 0xed, 0xef, 0x15, 0x0a, 0x15, 0xfb,
  0x16, 0x81, 0x16, 0x11, 0xf2, 0x1f, 0x0b, 0x1e, 0xf0, 0x2d, 0xf1, 0x15,
  0x18, 0xfc, 0x22, 0x08, 0x14, 0x0a, 0x07, 0xf0, 0x14, 0x0e, 0xeb, 0xe6,
  0xf4, 0xf9, 0xfe, 0x08, 0xf6, 0xe4, 0x1e, 0xff, 0x04, 0xfd, 0xfd, 0x00,
  0x06, 0xfd, 0x16, 0xee, 0xec, 0x1b, 0x04, 0x03, 0xfc, 0xeb, 0xf2, 0xf8,
  0x00, 0xfe, 0xf1, 0xea, 0x02, 0xda, 0xf9, 0x0c, 0xfd, 0xcc, 0x13, 0x15,
  0x16, 0xfa, 0xf3, 0xf6, 0xf5, 0x05, 0xf4, 0xef, 0x1c, 0xfe, 0xd5, 0xf2,
  0xf5, 0xfe, 0x18, 0xee, 0xff, 0x08, 0xfb, 0xfb, 0xfb, 0x05, 0xff, 0x07,
  0xfd, 0x02, 0xfa, 0x01, 0x10, 0x05, 0x09, 0xf2, 0x07, 0x04, 0xef, 0xff,
  0x06, 0x06, 0x02, 0x0d, 0x02, 0xef, 0x05, 0xf2, 0x01, 0xff, 0x14, 0x06,
  0x00, 0xf7, 0xf9, 0x02, 0x00, 0x01, 0xf6, 0x02, 0xfe, 0x04, 0x07, 0xfc,
  0xff, 0xfb, 0x06, 0xfd, 0xfd, 0xff, 0x01, 0xff, 0xf9, 0x81, 0xf9, 0x06,
  0x09, 0x0d, 0xff, 0xf1, 0xff, 0x02, 0x05, 0x02, 0xf9, 0xfd, 0xfa, 0xfd,
  0xf9, 0xfe, 0xf2, 0x03, 0xfd, 0x01, 0x0e, 0x02, 0xfd, 0x04, 0xff, 0xfa,
  0x00, 0x01, 0xff, 0xf8, 0xf8, 0xfa, 0xfc, 0xfb, 0x02, 0xff, 0xf7, 0x15,
  0x06, 0xf3, 0xfb, 0xff, 0xfe, 0xff, 0xfb, 0x06, 0x03, 0xfa, 0x0c, 0x03,
  0x02, 0x01, 0xfb, 0xfb, 0xfe, 0xfe, 0xf0, 0x01, 0xf9, 0xfd, 0x06, 0xfc,
  0x09, 0xf5, 0xfd, 0x02, 0x07, 0xfc, 0xf4, 0x01, 0xfe, 0x00, 0xf4, 0x01,
  0x09, 0x05, 0x0e, 0xd4, 0x1f, 0xfd, 0xe2, 0xea, 0x12, 0xe4, 0xd8, 0xfc,
  0xb6, 0x07, 0xf9, 0xfe, 0xec, 0x0c, 0x1e, 0x1b, 0xf8, 0x12, 0x2d, 0x02,
  0x06, 0x18, 0x15, 0xd5, 0x0b, 0xe9, 0x13, 0xf5, 0x0f, 0xf6, 0x1f, 0xf8,
  0x02, 0xd3, 0x14, 0x00, 0xf5, 0xe3, 0xf9, 0xe5, 0xca, 0xe8, 0x14, 0x0b,
  0x04, 0xf2, 0xed, 0x0f, 0x04, 0x81, 0x23, 0x16, 0x21, 0xc5, 0x1a, 0x28,
  0xee, 0xbb, 0x21, 0x0b, 0x0e, 0x1e, 0xc0, 0x08, 0xf1, 0x09, 0xea, 0x03,
  0x02, 0xf1, 0xb3, 0x19, 0xe9, 0xfd, 0xef, 0x02, 0xe2, 0x13, 0x0d, 0xff,
  0x16, 0x01, 0x0b, 0xdf, 0x08, 0x2c, 0x11, 0x1e, 0x09, 0x12, 0xed, 0xfc,
  0xfa, 0x1f, 0xf8, 0xf1, 0x1f, 0x05, 0xde, 0x1c, 0x1b, 0xe0, 0x08, 0xee,
  0xd3, 0xb8, 0x2b, 0x01, 0xe4, 0xf8, 0x0e, 0xf2, 0xd5, 0x0e, 0xfb, 0xec,
  0x01, 0xf6, 0xb5, 0xef, 0xed, 0xe1, 0x0e, 0xe8, 0xee, 0xee, 0xff, 0xff,
  0x04, 0x00, 0x00, 0x00, 0x40, 0x00, 0x00, 0x00, 0x11, 0x81, 0x06, 0xbe,
  0xea, 0x8c, 0x58, 0x3f, 0xd4, 0x7a, 0x55, 0x3f, 0x85, 0xf5, 0x18, 0x3f,
  0x3f, 0x13, 0x31, 0x3f, 0x82, 0x40, 0x3e, 0xbe, 0xeb, 0xca, 0x6e, 0x3f,
  0x20, 0xf5, 0xea, 0x3d, 0x48, 0x9b, 0x1f, 0x3f, 0xa3, 0x85, 0x99, 0xbe,
  0xdf, 0x7d, 0x16, 0x3f, 0x1c, 0x95, 0x9c, 0xbe, 0x97, 0x6d, 0x0a, 0x3f,
  0x93, 0xc3, 0x7f, 0x3f, 0xbf, 0xaf, 0x40, 0x3f, 0x82, 0x0f, 0x78, 0x3f,
  0x3a, 0xef, 0xff, 0xff, 0x04, 0x00, 0x00, 0x00, 0x40, 0x0b, 0x00, 0x00,
  0x3e, 0xff, 0x6c, 0xbd, 0x82, 0x9f, 0x83, 0xbd, 0xdc, 0x9c, 0xd3, 0x41,
  0xab, 0xe9, 0xa8, 0x3d, 0xbf, 0x5c, 0xce, 0xbd, 0xb1, 0x58, 0x1d, 0xbe,
  0x70, 0xe3, 0xac, 0xbe, 0x3f, 0x1e, 0x30, 0xbe, 0x5f, 0x1b, 0x82, 0x40,
  0x1c, 0x2a, 0x4b, 0x3e, 0x40, 0x19, 0xa2, 0x3d, 0xd8, 0x69, 0x11, 0x3e,
  0x28, 0x75, 0x96, 0xbd, 0x8c, 0xaa, 0x63, 0xbd, 0xd8, 0xd1, 0x1c, 0xbd,
  0x78, 0xdd, 0xc7, 0x41, 0x9b, 0x24, 0x26, 0xbd, 0x63, 0x2f, 0x8e, 0xc1,
  0x8a, 0x22, 0x40, 0x3e, 0x7a, 0xf7, 0x3c, 0x3f, 0x71, 0xc7, 0xf4, 0x3e,
  0x76, 0xcc, 0x2a, 0x40, 0x49, 0x94, 0x29, 0x41, 0x69, 0x9c, 0x61, 0xbd,
  0x32, 0x43, 0x56, 0x3d, 0x32, 0x3c, 0xc6, 0xc0, 0x98, 0x50, 0x8b, 0xbe,
  0x0e, 0x13, 0x66, 0xbe, 0xfd, 0xa3, 0x21, 0x42, 0x66, 0x95, 0x99, 0xbd,
  0x53, 0x28, 0x2c, 0xbd, 0x81, 0xac, 0x8e, 0xbd, 0xe6, 0xa5, 0x37, 0xc2,
  0x55, 0xdb, 0x00, 0x3d, 0x47, 0xd1, 0xf0, 0x3d, 0xac, 0xe3, 0x6c, 0x3e,
  0x43, 0x05, 0x03, 0xbb, 0x95, 0x37, 0x3b, 0xbe, 0x2f, 0x26, 0x64, 0xbd,
  0xa6, 0x59, 0x28, 0x42, 0x38, 0x77, 0x65, 0xbe, 0x63, 0xab, 0x36, 0x42,
  0x3c, 0x0a, 0xcd, 0xbd, 0x25, 0x4f, 0xa2, 0x3d, 0x13, 0x20, 0x43, 0x3d,
  0xf7, 0x9e, 0x33, 0xbd, 0x83, 0xda, 0x92, 0x3c, 0xd4, 0xc5, 0x1b, 0xc2,
  0xfd, 0xf5, 0xb8, 0xbd, 0xb3, 0x0f, 0xb6, 0xbd, 0xd2, 0x72, 0xad, 0x3c,
  0xa5, 0x22, 0x13, 0xbe, 0xd4, 0x92, 0x32, 0xbd, 0x35, 0xd3, 0x29, 0xc2,
  0x5a, 0x65, 0x02, 0x3e, 0x9d, 0x55, 0x87, 0xbd, 0x28, 0x0d, 0x98, 0x3d,
  0xab, 0x09, 0xac, 0x3d, 0x9a, 0xc1, 0x11, 0xbd, 0x9a, 0x8a, 0x0b, 0xbe,
  0x2e, 0xe3, 0x5d, 0xc2, 0x1f, 0xc3, 0xd2, 0x3c, 0x20, 0x77, 0xbb, 0xc1,
  0xde, 0x61, 0xa9, 0xbd, 0x9a, 0xd5, 0xb1, 0x3f, 0xab, 0x76, 0x0b, 0x3e,
  0x9c, 0x01, 0xe0, 0x3f, 0x66, 0x76, 0xb2, 0xc0, 0xce, 0x3b, 0x35, 0x3e,
  0x64, 0x6a, 0xeb, 0x3d, 0x7e, 0x8e, 0x6d, 0xbf, 0x9e, 0x15, 0x47, 0xbe,
  0x2b, 0x23, 0x0c, 0x3e, 0xcb, 0x6d, 0x5c, 0xc1, 0xdf, 0x77, 0x91, 0x3e,
  0x4c, 0x83, 0x1c, 0xbe, 0x9b, 0xf7, 0xe8, 0xbd, 0xce, 0xe0, 0x98, 0xc2,
  0x42, 0x06, 0x19, 0xbd, 0xe0, 0xed, 0xff, 0xbd, 0x84, 0x36, 0xb2, 0x3d,
  0x9a, 0xbf, 0xad, 0x3d, 0xdd, 0xe8, 0x2f, 0xbe, 0x5a, 0x0b, 0x92, 0xbd,
  0x92, 0x07, 0xd9, 0xc1, 0x45, 0x79, 0xcd, 0xbd, 0x8a, 0x15, 0xe1, 0xc1,
  0x99, 0xe0, 0xb5, 0x3d, 0x5e, 0xd8, 0x47, 0xbe, 0x52, 0x3c, 0xa9, 0xbb,
  0x4f, 0xa0, 0x2f, 0xbd, 0xd2, 0x06, 0x54, 0xbd, 0xbe, 0x48, 0xdd, 0xc1,
  0x61, 0x1f, 0xa4, 0x3d, 0x46, 0x9f, 0x5e, 0xbd, 0x08, 0x29, 0xbc, 0x3c,
  0xd1, 0xaf, 0x5b, 0xbe, 0x99, 0x8f, 0x09, 0x3e, 0x9b, 0x5d, 0x89, 0xc2,
  0x7b, 0xdc, 0xb6, 0xbd, 0x3d, 0xa2, 0x23, 0x3e, 0xc5, 0x15, 0xc6, 0xbd,
  0x98, 0x88, 0x48, 0xbc, 0x3c, 0x79, 0xe3, 0xbc, 0x18, 0x26, 0x30, 0x3e,
  0xca, 0xd3, 0xa7, 0xc2, 0x86, 0x08, 0x83, 0xbc, 0x90, 0x2e, 0x06, 0xc2,
  0x5d, 0x73, 0x54, 0xbe, 0x59, 0x15, 0xa4, 0x3d, 0x71, 0x8c, 0x0d, 0xbf,
  0x40, 0x37, 0x9e, 0x3f, 0x50, 0x63, 0x58, 0xc1, 0x4f, 0x56, 0xb0, 0xbc,
  0x90, 0x9d, 0xa6, 0x3d, 0x05, 0x38, 0x94, 0xc2, 0x5b, 0x1b, 0x16, 0xbe,
  0x9b, 0xee, 0x0f, 0xbe, 0xa3, 0xcd, 0x16, 0xc1, 0xbf, 0xa3, 0x8c, 0x3c,
  0xa2, 0x46, 0x33, 0x3e, 0xac, 0x30, 0x4d, 0x3c, 0x5d, 0x11, 0x9f, 0xc1,
  0x27, 0x68, 0x9d, 0x3d, 0x64, 0x6c, 0x1a, 0x3c, 0x6f, 0x7c, 0x24, 0xbe,
  0x02, 0x3d, 0xad, 0xba, 0xfe, 0xb1, 0x06, 0x3d, 0xf7, 0xdf, 0x81, 0x3d,
  0x63, 0x86, 0x62, 0xc2, 0x50, 0x3f, 0xcc, 0xbd, 0xa9, 0x4c, 0x93, 0xc2,
  0xfb, 0x2c, 0x17, 0x3d, 0x9e, 0xc7, 0xfc, 0xbc, 0x1b, 0x57, 0x36, 0xbe,
  0xce, 0xac, 0x4a, 0x3e, 0x65, 0x87, 0x13, 0x3d, 0xd1, 0xbb, 0x3a, 0xc2,
  0xda, 0x15, 0xf0, 0xbd, 0x1c, 0xc4, 0x13, 0xbd, 0x76, 0xd6, 0xa7, 0x3d,
  0xb5, 0x50, 0xfb, 0x3e, 0xe0, 0xf9, 0xe1, 0x3c, 0x25, 0xb6, 0x65, 0xc2,
  0xd6, 0x66, 0x46, 0x3e, 0x64, 0xe2, 0x42, 0xbe, 0x4e, 0x31, 0x46, 0x3e,
  0x59, 0x89, 0x9d, 0xbd, 0x59, 0x4d, 0xfe, 0xbc, 0xd8, 0x08, 0xa5, 0x3b,
  0x49, 0x5a, 0x5f, 0xc2, 0xfa, 0x75, 0x0c, 0xbe, 0x66, 0x00, 0x3c, 0xc2,
  0xbc, 0x5c, 0x48, 0x3d, 0x29, 0x5c, 0x96, 0x3f, 0x88, 0xe2, 0xd3, 0xbe,
  0x8e, 0x24, 0xad, 0x3e, 0xf6, 0x2f, 0x8b, 0xc0, 0xb0, 0x5d, 0x1f, 0x3e,
  0x73, 0x5f, 0xc1, 0xbc, 0x70, 0x77, 0x3e, 0xc1, 0x7f, 0xd5, 0x09, 0xbc,
  0x75, 0xaa, 0xf9, 0xbc, 0x94, 0xb7, 0x9b, 0x41, 0x5a, 0x05, 0x00, 0x3e,
  0x9b, 0xcc, 0x24, 0x3e, 0xfd, 0x57, 0xf7, 0xbd, 0x32, 0x91, 0x75, 0xc2,
  0xfe, 0x7d, 0x3d, 0xbd, 0x5a, 0x38, 0x1a, 0xbd, 0x29, 0x90, 0x93, 0x3d,
  0x86, 0x9b, 0xb9, 0x3d, 0x40, 0xde, 0x47, 0xbe, 0x68, 0x52, 0x76, 0x3d,
  0x9c, 0xea, 0xbc, 0xc1, 0x2f, 0xba, 0x18, 0xbe, 0xac, 0xcc, 0xa9, 0xc2,
  0x1a, 0xeb, 0x08, 0x3d, 0x2a, 0xec, 0xe4, 0x3d, 0x16, 0xb3, 0x3f, 0x3d,
  0xc5, 0x97, 0xe5, 0x3d, 0xdf, 0x9a, 0x1a, 0x3d, 0xbe, 0xbb, 0x86, 0xc2,
  0x1c, 0xb8, 0x16, 0x3d, 0xe3, 0x6b, 0xc2, 0x3a, 0x89, 0xfb, 0x1d, 0x3d,
  0x18, 0x87, 0x11, 0x3f, 0x68, 0x10, 0x4e, 0xbd, 0x60, 0xf7, 0x87, 0xc2,
  0x82, 0xe9, 0xbe, 0xbd, 0xac, 0x0d, 0x91, 0x3d, 0x0b, 0xce, 0x3d, 0x3e,
  0xd4, 0x8a, 0xc2, 0x3d, 0xa4, 0x4c, 0x7d, 0x3d, 0xb8, 0xb4, 0x0e, 0xbe,
  0xce, 0x00, 0x9e, 0xc2, 0x74, 0x61, 0x49, 0xbd, 0x52, 0x04, 0x85, 0xc2,
  0x9f, 0xcb, 0x6d, 0xbe, 0x84, 0xe7, 0x85, 0x3f, 0xeb, 0x16, 0x23, 0x3f,
  0x5c, 0x41, 0x29, 0xbf, 0x9a, 0x3a, 0xbb, 0xc0, 0x54, 0x7c, 0x05, 0xbe,
  0xd8, 0x2a, 0x14, 0x3d, 0x76, 0xb9, 0x38, 0xc2, 0x78, 0xfe, 0x68, 0x3c,
  0x38, 0x77, 0x83, 0x3e, 0x74, 0xf4, 0x4e, 0xc1, 0xd9, 0x4e, 0xb2, 0xbd,
  0x92, 0xcc, 0x29, 0xbd, 0xd3, 0x26, 0x0c, 0xbe, 0x97, 0x3e, 0x8f, 0xc2,
  0xc7, 0x48, 0x10, 0xbe, 0x46, 0xb9, 0x40, 0xbc, 0xff, 0xf8, 0xad, 0xbd,
  0x81, 0x7a, 0x89, 0x3d, 0x10, 0xbe, 0x34, 0x3d, 0xc3, 0x60, 0x30, 0x3e,
  0xf3, 0x1b, 0x6d, 0xc1, 0x19, 0x10, 0x23, 0x3e, 0x1d, 0xee, 0xa2, 0xc2,
  0x3d, 0x9e, 0x0f, 0xbe, 0xdd, 0x83, 0xc7, 0x3d, 0xd9, 0xb6, 0x35, 0xbd,
  0x70, 0xe4, 0x99, 0x3d, 0xc3, 0xc7, 0x64, 0xbe, 0x9b, 0xd2, 0x7b, 0xc2,
  0x30, 0x37, 0x72, 0x3c, 0x0d, 0x3c, 0xbf, 0x3d, 0x96, 0x7b, 0x96, 0xbe,
  0x4f, 0x58, 0xd4, 0xbe, 0x9e, 0x63, 0x45, 0x3e, 0xa9, 0x03, 0x18, 0xc1,
  0xe5, 0x7b, 0x08, 0x3d, 0x80, 0xc3, 0xcb, 0x3d, 0x2b, 0x34, 0x0f, 0xbe,
  0x98, 0x71, 0x91, 0xbd, 0x1c, 0x96, 0x4f, 0x3d, 0xbd, 0x7d, 0xf9, 0xbb,
  0x3c, 0xaa, 0x70, 0xc0, 0x8c, 0xcf, 0xa5, 0x3e, 0xc4, 0xe3, 0xcb, 0xc0,
  0xe3, 0xbf, 0x1b, 0x3e, 0xb3, 0x14, 0x81, 0xbf, 0x33, 0x84, 0xab, 0xbe,
  0xc3, 0xab, 0xaa, 0x3f, 0xfa, 0xd5, 0x47, 0xc0, 0x3f, 0x46, 0xb4, 0xbd,
  0x9f, 0xe8, 0xe4, 0x3d, 0xc4, 0x6a, 0xdc, 0xc1, 0xd8, 0x98, 0x96, 0x3e,
  0xde, 0xf8, 0xf8, 0xbc, 0xac, 0xc5, 0xf9, 0xc1, 0x0f, 0x20, 0x47, 0xbe,
  0x5b, 0x3c, 0x71, 0x3e, 0x6c, 0x6a, 0x90, 0xbe, 0x23, 0x63, 0xbb, 0xc1,
  0xe9, 0x0b, 0xa1, 0x3d, 0x32, 0x50, 0xef, 0x3d, 0x21, 0x86, 0x07, 0x3d,
  0x45, 0x13, 0x18, 0x3d, 0x15, 0x69, 0xa8, 0x3d, 0x74, 0x74, 0x59, 0xbe,
  0x7b, 0xf2, 0xaa, 0x40, 0x1f, 0x93, 0xdd, 0x3d, 0x9a, 0xef, 0x8a, 0xc2,
  0xf3, 0xaf, 0xcf, 0x3c, 0x38, 0xf5, 0x1f, 0xbe, 0x13, 0x31, 0xcd, 0x3d,
  0xaa, 0x44, 0x35, 0x3e, 0xac, 0x3c, 0xfa, 0x3d, 0xa7, 0xa9, 0x74, 0xc2,
  0x1a, 0xf1, 0xca, 0xbd, 0x68, 0xd8, 0x97, 0xbd, 0x22, 0x4e, 0xde, 0x3d,
  0x13, 0x75, 0x88, 0xbe, 0x21, 0x1e, 0xe0, 0x3d, 0xe3, 0x3b, 0x08, 0xc2,
  0x28, 0xe2, 0x22, 0xbe, 0x21, 0xad, 0xfe, 0xbd, 0xb5, 0x54, 0x53, 0xbe,
  0x40, 0xf6, 0x12, 0xbe, 0x0f, 0xba, 0x8c, 0xbd, 0xa6, 0x7d, 0x0a, 0x3e,
  0xa7, 0x74, 0x4a, 0xc2, 0xa1, 0x4a, 0xb4, 0x39, 0x94, 0x66, 0x60, 0xc2,
  0xec, 0xf0, 0x5f, 0x3d, 0x73, 0xa7, 0x0c, 0x3f, 0xdd, 0xf3, 0x43, 0xbe,
  0x43, 0xdd, 0xd8, 0x3f, 0xf6, 0x74, 0xa5, 0xc1, 0xae, 0x39, 0xe2, 0x3c,
  0x8e, 0x7d, 0x87, 0x3b, 0x0b, 0x38, 0x87, 0xc1, 0xcf, 0xa3, 0x1d, 0xbe,
  0x0d, 0x19, 0xb8, 0xbd, 0x71, 0xec, 0x1c, 0xc1, 0x5a, 0x90, 0x5f, 0x3d,
  0x6d, 0x5b, 0xbd, 0xbc, 0x88, 0x04, 0xf2, 0x3d, 0xb1, 0xfe, 0x83, 0xc2,
  0xc6, 0x39, 0xca, 0x3d, 0x49, 0x05, 0x02, 0x3e, 0xec, 0xc3, 0x3b, 0x3b,
  0xbb, 0xe4, 0xb4, 0x3c, 0x53, 0x2b, 0x34, 0x3e, 0xfe, 0x90, 0xfe, 0xbd,
  0xe6, 0xce, 0x80, 0xc1, 0xdd, 0xbc, 0xbb, 0xbd, 0x6b, 0x73, 0x28, 0xc1,
  0xc0, 0x3a, 0xad, 0x3b, 0xd6, 0xdc, 0x2d, 0xbb, 0x08, 0xa7, 0xe9, 0x3d,
  0x24, 0x3f, 0x02, 0x3e, 0x61, 0x97, 0x7d, 0x3d, 0xcf, 0x05, 0x45, 0xc0,
  0x3c, 0xec, 0x01, 0xbe, 0xef, 0x4b, 0xe1, 0xbd, 0xbe, 0x4f, 0x13, 0x3e,
  0x3b, 0x00, 0x80, 0x3e, 0xa7, 0xf8, 0x77, 0xbe, 0x15, 0x59, 0x30, 0x42,
  0x60, 0x4e, 0x86, 0x3e, 0xb7, 0x45, 0xe4, 0xbd, 0xe7, 0x0c, 0xb8, 0x3c,
  0x17, 0xb2, 0x35, 0x3c, 0x45, 0x92, 0x87, 0xbd, 0x5c, 0xeb, 0x8e, 0xbd,
  0x50, 0x2a, 0x6e, 0x41, 0x04, 0x0c, 0xa3, 0xbd, 0xeb, 0xe5, 0x00, 0x41,
  0x62, 0x18, 0xa6, 0x3d, 0x6b, 0x3f, 0x1a, 0x3f, 0xcc, 0x43, 0xdb, 0xbe,
  0xab, 0x26, 0xbc, 0xbf, 0x41, 0x08, 0x98, 0xbf, 0x9e, 0xf0, 0x09, 0xbe,
  0x21, 0x67, 0x87, 0x3d, 0xe0, 0xd2, 0xca, 0x41, 0x7a, 0x39, 0xc2, 0xbe,
  0x72, 0x25, 0xe2, 0xbd, 0xe6, 0x35, 0x14, 0xc1, 0xbd, 0x08, 0x0f, 0x3e,
  0x51, 0xcb, 0xa4, 0x3e, 0xcc, 0x6a, 0xd9, 0x3c, 0x8e, 0xf5, 0x34, 0x42,
  0xe0, 0x3f, 0x7a, 0x3d, 0x82, 0x09, 0x7c, 0xbd, 0xda, 0x18, 0x5e, 0x3e,
  0xbe, 0x40, 0x75, 0xbe, 0xdf, 0x9b, 0x4a, 0xbe, 0xb1, 0xcf, 0xb7, 0xbd,
  0x5f, 0xaa, 0x20, 0x41, 0xa0, 0xcd, 0x52, 0x3d, 0xd8, 0x72, 0x60, 0x42,
  0x97, 0xb1, 0x94, 0xbd, 0x9d, 0x53, 0x80, 0x3d, 0xb1, 0x16, 0x89, 0x3c,
  0x7c, 0xbc, 0x3b, 0xbd, 0xbd, 0x29, 0x38, 0xbd, 0x66, 0x9e, 0x56, 0xc2,
  0xb3, 0xac, 0x01, 0xbe, 0x41, 0xda, 0x1b, 0x3b, 0x98, 0x57, 0xf3, 0xbd,
  0xb8, 0x7a, 0x95, 0x3e, 0xbe, 0xe9, 0xad, 0xbd, 0xe7, 0x44, 0x62, 0xc2,
  0x90, 0xd5, 0x04, 0xbd, 0xc6, 0x92, 0x46, 0xbb, 0x34, 0xe5, 0x30, 0x3e,
  0x64, 0xc2, 0xd7, 0xbc, 0x94, 0x7b, 0xb9, 0x3d, 0x24, 0xdd, 0x0d, 0x3c,
  0x9f, 0x15, 0x51, 0xc2, 0x4e, 0x0f, 0xdc, 0xbd, 0xf6, 0xf4, 0x09, 0xc2,
  0xf1, 0xe2, 0x06, 0x3e, 0xe9, 0x96, 0xc5, 0xbe, 0x15, 0x22, 0x31, 0x3f,
  0x07, 0xf8, 0xbe, 0x3f, 0x91, 0x85, 0x02, 0xc1, 0x5d, 0x7b, 0x94, 0x3d,
  0x00, 0x5b, 0x19, 0x3d, 0xc4, 0xb7, 0x2a, 0xc2, 0x18, 0xa7, 0xf8, 0x3d,
  0xb5, 0xc9, 0x5e, 0x3e, 0x6f, 0x50, 0x52, 0xc0, 0xd3, 0xd2, 0x77, 0xbd,
  0x2d, 0x42, 0x67, 0x3a, 0x6a, 0xd6, 0x05, 0xbe, 0x63, 0x09, 0xaf, 0xc2,
  0x75, 0x3c, 0xa4, 0xbb, 0xe1, 0x60, 0xde, 0x3d, 0x3d, 0xe1, 0x34, 0x3e,
  0x7f, 0xf6, 0xbc, 0x3d, 0xa3, 0x45, 0x38, 0xbe, 0xf8, 0xc0, 0xf8, 0x3d,
  0x1b, 0x5d, 0x05, 0xc2, 0x8f, 0xd6, 0x83, 0xbd, 0xd4, 0xc7, 0x8f, 0xc2,
  0x8c, 0xab, 0x86, 0xbd, 0x28, 0x30, 0x07, 0x3e, 0xd2, 0xe4, 0xb8, 0x3d,
  0xbd, 0x80, 0xc5, 0xbd, 0x5c, 0xa7, 0x0b, 0xbd, 0x9d, 0x23, 0x23, 0x42,
  0xb5, 0x9f, 0x96, 0xbc, 0x54, 0x8e, 0x40, 0x3e, 0x4d, 0x96, 0x10, 0x3e,
  0xf4, 0x9d, 0x9d, 0x3e, 0x15, 0x32, 0x33, 0xbe, 0x94, 0xc7, 0x68, 0x41,
  0x7d, 0xb3, 0x9d, 0x3d, 0xba, 0x7c, 0xd7, 0xbd, 0xef, 0xdc, 0x24, 0x3e,
  0x41, 0xa9, 0xce, 0x3d, 0xc2, 0x85, 0x22, 0x3d, 0x4a, 0x36, 0x2f, 0xbe,
  0x6c, 0x66, 0x31, 0x42, 0xa7, 0x30, 0x4e, 0xbd, 0x14, 0x67, 0xb7, 0x41,
  0x58, 0x20, 0x5c, 0xbe, 0xa8, 0x62, 0xfd, 0x3e, 0x52, 0xa2, 0xec, 0x3e,
  0xc4, 0x6e, 0xb7, 0x3f, 0xe4, 0x15, 0x7f, 0x41, 0x7c, 0xd5, 0x81, 0xbd,
  0x53, 0x78, 0xa1, 0xbd, 0x5c, 0xd0, 0xc8, 0x3f, 0x3e, 0x16, 0xe7, 0x3d,
  0x6b, 0xed, 0x88, 0x3d, 0xda, 0x3b, 0x20, 0x3f, 0x80, 0x12, 0x18, 0xbe,
  0xcf, 0xa9, 0xc0, 0x3c, 0xdc, 0xd8, 0x97, 0xbe, 0x87, 0xd9, 0xda, 0x40,
  0x30, 0xc4, 0x0c, 0xbe, 0x54, 0x23, 0x40, 0x3d, 0xcb, 0xb1, 0xb0, 0x3d,
  0x21, 0xaf, 0xa4, 0x3d, 0x72, 0xf9, 0x24, 0x3e, 0x6c, 0x89, 0xcf, 0x3d,
  0x8e, 0x7a, 0x41, 0x42, 0x03, 0x9a, 0xbf, 0xbd, 0xfe, 0x84, 0x17, 0x42,
  0x3a, 0x18, 0x97, 0xbd, 0x9a, 0x5d, 0x56, 0xbd, 0x52, 0x57, 0x83, 0x3d,
  0xf4, 0x9f, 0x0a, 0x3e, 0x14, 0x3e, 0x37, 0x3e, 0x3b, 0x10, 0x00, 0xc1,
  0x5a, 0x66, 0xb8, 0x3d, 0x91, 0x9a, 0xc0, 0xbd, 0x60, 0xb5, 0x4a, 0x3e,
  0x85, 0x7a, 0x53, 0x3e, 0x56, 0x8a, 0x99, 0xbd, 0xa3, 0x4c, 0xca, 0x3d,
  0xce, 0xe2, 0x1a, 0x3e, 0x66, 0xcf, 0x15, 0xbe, 0xa3, 0x5d, 0xd1, 0xbd,
  0xd6, 0x81, 0x88, 0x3d, 0xdd, 0xb2, 0x29, 0x3c, 0x42, 0x23, 0xea, 0xbc,
  0x44, 0x18, 0x2c, 0x41, 0x19, 0x1e, 0x27, 0x3d, 0x5a, 0x77, 0x04, 0xc1,
  0x94, 0x83, 0xb1, 0xbd, 0xb0, 0x16, 0x1f, 0x3e, 0x30, 0x8f, 0x53, 0x3f,
  0x59, 0xb4, 0x27, 0x40, 0xa8, 0x06, 0x08, 0xc0, 0x17, 0xdd, 0x1e, 0xbe,
  0xcc, 0xad, 0x3e, 0xbd, 0x29, 0xad, 0xb5, 0xc1, 0x72, 0x1b, 0xc3, 0xbe,
  0xef, 0x45, 0x5a, 0x3d, 0x31, 0x6a, 0xf9, 0x41, 0xc2, 0x34, 0x6a, 0x3d,
  0xc6, 0x76, 0x47, 0xbd, 0xbd, 0x9c, 0x7e, 0xbd, 0x1b, 0xb7, 0x84, 0xc2,
  0x68, 0x6e, 0xa7, 0x3d, 0x9c, 0xe9, 0x1d, 0xbd, 0x4a, 0x2d, 0x0c, 0x3e,
  0x48, 0x5d, 0xc3, 0xbd, 0x20, 0xfa, 0xa6, 0xbd, 0xde, 0x0f, 0x31, 0xbe,
  0xff, 0x68, 0xb1, 0xc1, 0xaf, 0x66, 0x01, 0xbe, 0xa7, 0xad, 0x04, 0xc2,
  0xe4, 0x44, 0xee, 0xbd, 0x28, 0x79, 0x12, 0xbe, 0x71, 0xeb, 0x9a, 0x3d,
  0x5b, 0xe0, 0xa3, 0xbd, 0x3b, 0x2c, 0xba, 0xbd, 0x18, 0x0d, 0xb9, 0x41,
  0x00, 0x8e, 0x07, 0xbe, 0x64, 0xab, 0x94, 0x3d, 0xc2, 0xbb, 0x07, 0xbe,
  0xdf, 0xaf, 0x8b, 0xbe, 0x3d, 0xe8, 0x17, 0xbe, 0x09, 0xd4, 0x7a, 0x42,
  0x5c, 0xf2, 0xe9, 0x3d, 0x8e, 0x59, 0x08, 0x3e, 0xb6, 0x47, 0x0e, 0xbd,
  0x4b, 0x7d, 0xd1, 0xbd, 0x75, 0xd8, 0xae, 0x3d, 0x0d, 0xaf, 0x08, 0xbd,
  0x79, 0x6e, 0xef, 0x41, 0xac, 0xb8, 0x48, 0xbe, 0x74, 0x07, 0x7c, 0x41,
  0xb5, 0x54, 0x55, 0x3e, 0x66, 0x85, 0x08, 0xbe, 0xd1, 0x3e, 0xa5, 0x3c,
  0x0e, 0x9d, 0xf7, 0x3f, 0x6b, 0xdf, 0x59, 0x41, 0x66, 0x2e, 0xdf, 0x3d,
  0xf1, 0xb3, 0x0e, 0xbe, 0x70, 0x9c, 0x2f, 0xc0, 0x26, 0xbf, 0x45, 0xbb,
  0x22, 0xd5, 0x17, 0x3e, 0x12, 0x6d, 0xb5, 0x41, 0x17, 0x61, 0x37, 0x3c,
  0xea, 0xb4, 0xa6, 0xbe, 0x24, 0x28, 0x29, 0x3e, 0x37, 0x8a, 0x80, 0x41,
  0xf5, 0x9d, 0x20, 0x3d, 0x35, 0x62, 0x86, 0xbd, 0xe8, 0xcb, 0x62, 0x3c,
  0x74, 0x72, 0x50, 0xbd, 0xb8, 0xf3, 0x11, 0x3e, 0x58, 0xd5, 0xe0, 0x3b,
  0x9d, 0x77, 0x4a, 0x42, 0xb7, 0x88, 0x10, 0x3d, 0x09, 0x1b, 0x07, 0xc1,
  0xbf, 0xed, 0x34, 0x3d, 0xf8, 0x6d, 0x56, 0x3c, 0x3c, 0x56, 0xbb, 0xbd,
  0x8d, 0x86, 0x85, 0xbd, 0x47, 0x0c, 0xeb, 0x3d, 0xec, 0xc6, 0x97, 0xc2,
  0xe7, 0xda, 0x6d, 0x3d, 0x8f, 0x73, 0x19, 0xbe, 0x14, 0xb8, 0xe2, 0xbc,
  0x20, 0x5e, 0x21, 0xbe, 0x5d, 0x01, 0xc1, 0xbd, 0xb7, 0x7a, 0x54, 0xc2,
  0x07, 0xd4, 0xff, 0x3c, 0x91, 0x0f, 0x84, 0xbd, 0xb2, 0xab, 0x2f, 0x3e,
  0x19, 0xc2, 0x30, 0x3d, 0xaa, 0xf3, 0xe6, 0xbd, 0x48, 0x36, 0xec, 0xbd,
  0x81, 0xc5, 0x10, 0xc2, 0x01, 0x51, 0x40, 0xbd, 0xa6, 0x65, 0x60, 0xc2,
  0x59, 0x8d, 0xfa, 0x3d, 0x3e, 0xd4, 0x11, 0x3f, 0x2c, 0xc7, 0x01, 0x3f,
  0xfb, 0x75, 0x0c, 0x3f, 0x75, 0x12, 0x94, 0xc1, 0x3f, 0x1c, 0x28, 0xbc,
  0x31, 0xd9, 0xf6, 0xbc, 0x98, 0xae, 0x72, 0xc2, 0x98, 0xfe, 0x63, 0x3d,
  0x93, 0x74, 0x7c, 0x3e, 0xa4, 0xb0, 0xc2, 0x40, 0x6e, 0xcf, 0x02, 0xbe,
  0x52, 0x6a, 0x85, 0x3d, 0x5b, 0xf5, 0x35, 0x3e, 0x5f, 0xad, 0x00, 0xc2,
  0xf0, 0x83, 0xdf, 0x3c, 0x1f, 0xdd, 0xaa, 0x3d, 0x53, 0x9b, 0x48, 0x3e,
  0x11, 0xf6, 0x1c, 0xbe, 0xbc, 0x68, 0x5d, 0x3d, 0xa8, 0xf5, 0x8b, 0xbd,
  0x43, 0x01, 0x35, 0xc2, 0x89, 0x50, 0x26, 0x3e, 0x9a, 0xc6, 0xa5, 0xc2,
  0x68, 0x2a, 0x19, 0x3e, 0x60, 0x26, 0x04, 0x3e, 0x78, 0x17, 0x3a, 0x3d,
  0x0f, 0x15, 0x97, 0xbd, 0x7a, 0xa6, 0x40, 0xbe, 0x0a, 0x1f, 0x02, 0xc2,
  0xef, 0x39, 0xa3, 0x3d, 0x7a, 0xc2, 0x9e, 0xbc, 0x3a, 0x41, 0x44, 0x3e,
  0x06, 0xe3, 0x5e, 0xbe, 0xd4, 0x44, 0xa3, 0xbc, 0x1f, 0xcc, 0x88, 0xc2,
  0x3a, 0x71, 0x1d, 0x3e, 0xd3, 0xbb, 0x2f, 0xbe, 0x6e, 0x7c, 0x61, 0xbe,
  0x4a, 0x07, 0x42, 0x3d, 0xdb, 0xd2, 0xdd, 0xbd, 0xf9, 0x38, 0x2a, 0x3d,
  0xf7, 0x19, 0xb5, 0xc2, 0xc5, 0x1b, 0x3d, 0xbe, 0xfb, 0xcc, 0xa3, 0xc1,
  0xe9, 0x26, 0x4d, 0xbc, 0xe4, 0x5c, 0x49, 0xbf, 0x48, 0x39, 0xeb, 0xbb,
  0xe3, 0x35, 0xb8, 0x3f, 0x2b, 0xd3, 0x7c, 0xc1, 0xe9, 0x82, 0xfa, 0x3c,
  0xd5, 0xcd, 0x55, 0x3d, 0xbd, 0x2b, 0xd6, 0xc1, 0x50, 0xfb, 0xb2, 0x3d,
  0x65, 0xe6, 0x8b, 0xbe, 0x66, 0x33, 0x7b, 0x41, 0x8c, 0xd8, 0xee, 0x3a,
  0x9c, 0xc3, 0x98, 0xbd, 0x48, 0x19, 0x4e, 0x3e, 0x2e, 0xcd, 0xa2, 0xc2,
  0x02, 0xca, 0x06, 0xbd, 0xee, 0xb3, 0x55, 0x3d, 0x57, 0x4f, 0x84, 0xbe,
  0x15, 0x24, 0xaa, 0x3d, 0x93, 0x65, 0x29, 0x3e, 0x7d, 0x65, 0x34, 0xbd,
  0xa9, 0xbf, 0x05, 0xc2, 0x42, 0xd4, 0x51, 0x3d, 0x39, 0x54, 0xb1, 0xc2,
  0x03, 0x18, 0xe5, 0x3c, 0xf4, 0x70, 0xfb, 0x3d, 0x73, 0x74, 0x19, 0x3e,
  0xc6, 0x12, 0xc1, 0xbd, 0x12, 0x9f, 0xfb, 0x3d, 0x39, 0xae, 0x62, 0xc2,
  0x2a, 0x9a, 0x90, 0xbd, 0xe5, 0x85, 0x00, 0x3d, 0x2f, 0xa9, 0x41, 0xbe,
  0x3c, 0xa8, 0x7c, 0xbe, 0xe5, 0xa5, 0x1a, 0xbd, 0xac, 0x9d, 0x18, 0xc1,
  0xd4, 0xa2, 0x71, 0x3d, 0x3c, 0xda, 0xd8, 0xbc, 0xcb, 0x69, 0x3b, 0x3e,
  0x89, 0x76, 0xa3, 0xbd, 0xcd, 0x8e, 0x31, 0x3d, 0x3a, 0x81, 0xaf, 0xbd,
  0x4b, 0x77, 0x14, 0xc2, 0xac, 0x82, 0x0e, 0x3e, 0x4d, 0xdf, 0x31, 0xc2,
  0x91, 0x8b, 0x1e, 0x3e, 0x31, 0xeb, 0x98, 0x3e, 0x90, 0x7f, 0x26, 0x3e,
  0xf0, 0x57, 0xa9, 0xbe, 0xc8, 0xf1, 0x3b, 0xc1, 0xe6, 0xaa, 0x61, 0x3d,
  0x38, 0x52, 0x40, 0xbd, 0xa9, 0x69, 0x6c, 0xc2, 0x0d, 0x37, 0x2e, 0x3e,
  0xf2, 0x96, 0xc8, 0xbd, 0x2a, 0x9a, 0x34, 0x41, 0x85, 0xcc, 0x86, 0xba,
  0xcc, 0x4c, 0xc0, 0xbd, 0x31, 0xab, 0x5d, 0x3d, 0x80, 0x7f, 0x92, 0xc1,
  0xa7, 0xf5, 0x9c, 0xbd, 0xa4, 0x9a, 0x01, 0xbd, 0x10, 0x19, 0x6c, 0xbe,
  0x7f, 0x99, 0x39, 0xbe, 0xf5, 0x97, 0x97, 0x3d, 0xa5, 0x07, 0x10, 0x3e,
  0x6b, 0xb1, 0x0b, 0xc2, 0x78, 0x84, 0xa2, 0x3c, 0x61, 0x86, 0xda, 0xc1,
  0x76, 0x4f, 0x39, 0xbc, 0x2c, 0x15, 0x23, 0xbd, 0x7c, 0x1a, 0x21, 0xbe,
  0x1d, 0xd1, 0xf5, 0xbd, 0xad, 0x6b, 0xf0, 0x3d, 0x50, 0xb1, 0xe2, 0xc1,
  0x41, 0xdd, 0xfb, 0x3b, 0x9f, 0xc5, 0xfa, 0xbd, 0x60, 0x8f, 0x81, 0x3e,
  0x4e, 0x3d, 0xde, 0x3e, 0xe8, 0xce, 0x0b, 0xbd, 0xfd, 0x85, 0x93, 0xc2,
  0xf7, 0x97, 0x0b, 0xbe, 0x10, 0xc1, 0x65, 0x3c, 0x1d, 0x84, 0xba, 0xbd,
  0x6e, 0xba, 0xe1, 0x3d, 0x24, 0x20, 0x8b, 0x3d, 0x9e, 0xb3, 0x64, 0xbd,
  0x40, 0xf8, 0xc1, 0xc2, 0x57, 0x2c, 0x39, 0xbe, 0x0e, 0xfa, 0x29, 0xc2,
  0xdc, 0xdc, 0xdc, 0xbd, 0xc1, 0xf1, 0xb5, 0xbd, 0x65, 0xef, 0x60, 0x3d,
  0x61, 0xc6, 0xf6, 0xbf, 0xbe, 0x40, 0x4e, 0xc0, 0x05, 0xa5, 0xe6, 0xbd,
  0x23, 0xa4, 0x18, 0x3d, 0x05, 0xcf, 0x46, 0xc2, 0x0a, 0x17, 0xb3, 0xbc,
  0x32, 0xef, 0x9f, 0x3d, 0xb1, 0x84, 0x40, 0x41, 0x9e, 0xb5, 0xef, 0xbc,
  0x62, 0xfe, 0xf3, 0xbd, 0x46, 0xdc, 0xe6, 0x3d, 0x0d, 0x16, 0x42, 0xc2,
  0x82, 0xcb, 0x93, 0x3d, 0x2c, 0x2e, 0xbe, 0x3d, 0x52, 0xf5, 0x70, 0x3e,
  0x54, 0x49, 0x39, 0x3e, 0x44, 0x27, 0x44, 0xbe, 0x06, 0xe6, 0x91, 0x3c,
  0xd8, 0xb0, 0x2c, 0xc2, 0x2e, 0x58, 0x0d, 0x3e, 0x94, 0x1d, 0x27, 0xc2,
  0x3a, 0xe9, 0x5f, 0x3c, 0x8e, 0x6b, 0xdf, 0x3d, 0x29, 0x9f, 0x13, 0xbd,
  0x86, 0xfa, 0xff, 0xff, 0x04, 0x00, 0x00, 0x00, 0xb4, 0x00, 0x00, 0x00,
  0x5e, 0x74, 0x12, 0xbf, 0x33, 0x2d, 0xb8, 0xbd, 0xaa, 0x3d, 0x14, 0xbf,
  0x57, 0x02, 0x32, 0xbf, 0x7f, 0xa4, 0x4c, 0x3e, 0xe4, 0xbb, 0x1c, 0xbf,
  0x58, 0xc7, 0x3e, 0xbf, 0xd8, 0x1d, 0x43, 0x3f, 0xe4, 0x25, 0x22, 0xbf,
  0xa7, 0xec, 0x6e, 0xbf, 0x8e, 0x0e, 0x34, 0x3f, 0xc0, 0x22, 0xa9, 0x3d,
  0x43, 0xf6, 0xc0, 0xbe, 0xce, 0xe4, 0x0f, 0xbf, 0xb8, 0xb8, 0xc3, 0xbe,
  0x28, 0x6c, 0x22, 0xbf, 0x15, 0x37, 0xd6, 0x3f, 0x90, 0xa3, 0x1f, 0xbf,
  0x01, 0x66, 0x91, 0x3f, 0x37, 0xa3, 0x29, 0xbf, 0x0f, 0xd1, 0xf8, 0xbe,
  0x49, 0x4e, 0xf2, 0xbe, 0x41, 0xe6, 0x25, 0xbf, 0xb3, 0x58, 0x11, 0xbf,
  0x2c, 0x4b, 0x9c, 0xbd, 0x08, 0x5c, 0x1b, 0xbf, 0x03, 0x23, 0x9e, 0x3f,
  0xa3, 0xa3, 0x1b, 0xbf, 0x98, 0xca, 0x10, 0xbf, 0x27, 0x7a, 0x8f, 0xbf,
  0xae, 0x44, 0x63, 0xbf, 0xfd, 0x3a, 0xd1, 0xbe, 0x3a, 0x62, 0xe7, 0xbe,
  0x2a, 0x5d, 0xb5, 0x3e, 0x3e, 0xbf, 0xea, 0xbd, 0x1a, 0x64, 0x7e, 0xbd,
  0x76, 0xdb, 0xcf, 0xbe, 0x21, 0x14, 0x36, 0x3e, 0x20, 0xd1, 0x06, 0xbd,
  0x10, 0xdc, 0x29, 0xbf, 0x04, 0xf1, 0xcb, 0xbe, 0x18, 0x0e, 0x26, 0xbf,
  0x48, 0xc2, 0xd3, 0xbe, 0x35, 0x52, 0x44, 0x3f, 0xc2, 0x6c, 0x16, 0x3f,
  0x46, 0xfb, 0xff, 0xff, 0x04, 0x00, 0x00, 0x00, 0x00, 0x02, 0x00, 0x00,
  0x9f, 0xe7, 0x86, 0xbe, 0x13, 0xcf, 0x29, 0x3d, 0xee, 0x17, 0xc6, 0x3c,
  0xc4, 0x85, 0xe8, 0xbd, 0x42, 0x7c, 0x47, 0x3e, 0x88, 0xb7, 0x31, 0x3e,
  0x06, 0x55, 0xe9, 0x3e, 0xb6, 0xf0, 0xea, 0xbc, 0x73, 0x43, 0x0a, 0x3e,
  0xda, 0xf9, 0xbf, 0xbc, 0x1f, 0xea, 0x8e, 0xbd, 0x1a, 0x40, 0x68, 0xbe,
  0xd8, 0x79, 0xfc, 0xbd, 0x1c, 0xf3, 0x24, 0xbe, 0x1b, 0x94, 0xbf, 0xbb,
  0x18, 0xae, 0x6c, 0x3c, 0xc5, 0x60, 0x37, 0x3e, 0xed, 0x3e, 0x0c, 0xbd,
  0x7c, 0x43, 0xa8, 0x3d, 0x81, 0x7f, 0x39, 0x3e, 0x40, 0xe9, 0xd6, 0xbc,
  0xbe, 0xf1, 0x7c, 0xbe, 0xef, 0xe6, 0xbf, 0x3d, 0x07, 0x2b, 0xbf, 0x3d,
  0x86, 0xd6, 0x3e, 0xbe, 0xb8, 0x08, 0x03, 0x3e, 0x8f, 0x37, 0x86, 0x3e,
  0xbd, 0x76, 0x6f, 0x3e, 0xe6, 0x38, 0x14, 0xbe, 0xaa, 0xae, 0x41, 0x3d,
  0x20, 0xdf, 0xab, 0xbe, 0x38, 0xd7, 0x1f, 0xbe, 0x63, 0xc4, 0x9e, 0x3d,
  0x72, 0xd1, 0xb2, 0x3e, 0xe4, 0xc4, 0x99, 0xbd, 0xce, 0xe3, 0x6c, 0x3d,
  0xfa, 0x20, 0x7e, 0xbe, 0x0d, 0x6a, 0x06, 0x3e, 0x73, 0x1e, 0xd0, 0x3d,
  0x00, 0xc9, 0x20, 0x3e, 0xc7, 0x0d, 0x94, 0x3e, 0xb3, 0x9e, 0xac, 0xbd,
  0x06, 0xe5, 0x88, 0x3e, 0xf9, 0x02, 0x15, 0xbe, 0xf3, 0x9b, 0x68, 0xbd,
  0xfe, 0xa8, 0xea, 0xbd, 0x77, 0xf1, 0xdd, 0xbd, 0x9f, 0x88, 0x0a, 0xbe,
  0xf1, 0xc8, 0xba, 0xbd, 0xc8, 0xc5, 0x48, 0xbe, 0x0f, 0x0a, 0x15, 0xbe,
  0xc7, 0x3f, 0x2d, 0x3e, 0xec, 0xf0, 0x63, 0x3e, 0xc0, 0x4a, 0x5d, 0x3e,
  0x6d, 0x01, 0x75, 0xbe, 0xc1, 0x68, 0x00, 0x3e, 0x9b, 0xfa, 0xd8, 0xbb,
  0xed, 0x7d, 0x49, 0xbd, 0x69, 0xd7, 0x28, 0x3e, 0x95, 0xa8, 0x92, 0x3d,
  0xd0, 0xc7, 0x31, 0xbe, 0x9a, 0x62, 0x95, 0x3d, 0x12, 0x76, 0x5f, 0x3d,
  0xbd, 0x0e, 0x09, 0xbe, 0x5a, 0xc0, 0x36, 0x3e, 0xae, 0x81, 0xcb, 0xbd,
  0xaf, 0xdf, 0x96, 0x3e, 0x5b, 0xa8, 0xa4, 0x3c, 0xe9, 0x60, 0x27, 0x3d,
  0xae, 0x7c, 0xa5, 0xbe, 0xf1, 0x2f, 0x74, 0x3e, 0x53, 0xb8, 0x30, 0x3e,
  0xb2, 0x1e, 0x27, 0xbe, 0xb8, 0xa2, 0xde, 0xbc, 0x20, 0x39, 0x3e, 0x3e,
  0xc6, 0x94, 0x90, 0x3e, 0x68, 0xee, 0x34, 0x3e, 0xc5, 0x19, 0x01, 0x3c,
  0xb4, 0xb4, 0x80, 0x3e, 0xba, 0xa5, 0x40, 0xbd, 0xd2, 0x6f, 0x5e, 0xbb,
  0x97, 0xa2, 0x97, 0x3e, 0xfd, 0x90, 0x92, 0xbe, 0x96, 0x2e, 0xcb, 0xbd,
  0x15, 0x82, 0x24, 0xbe, 0xef, 0x8d, 0xad, 0xbd, 0xe6, 0x46, 0x4c, 0x3d,
  0xc7, 0xf5, 0x70, 0xbd, 0x9c, 0xdf, 0x20, 0xbe, 0x33, 0x9a, 0xa4, 0xbd,
  0xb0, 0xc8, 0x85, 0xbe, 0xa3, 0xf2, 0x91, 0xbd, 0x3a, 0x9a, 0xa5, 0x3e,
  0x09, 0xa0, 0xc3, 0x3e, 0x36, 0x7d, 0x7d, 0xbe, 0x34, 0x18, 0x91, 0x3e,
  0xf8, 0x2a, 0x49, 0x3e, 0xde, 0x67, 0xc1, 0x3e, 0x67, 0x7d, 0x59, 0x3d,
  0x34, 0xe3, 0x45, 0x3e, 0xe5, 0x3b, 0x8a, 0x3e, 0x1a, 0x4b, 0x78, 0xbd,
  0x04, 0xa9, 0x5c, 0x3e, 0x69, 0x28, 0xd8, 0x3d, 0x60, 0x3f, 0x9b, 0xbd,
  0x9d, 0xab, 0xcd, 0xbb, 0x96, 0x21, 0x5b, 0xbe, 0x05, 0x50, 0x97, 0x3e,
  0x63, 0x2e, 0x82, 0xbe, 0x86, 0x37, 0xdb, 0xbb, 0x39, 0x74, 0x72, 0xbd,
  0xc9, 0x5e, 0x3f, 0x3e, 0x43, 0x5d, 0x3b, 0x3e, 0xc9, 0x8b, 0x05, 0x3e,
  0xdb, 0xc3, 0xcc, 0xbd, 0x27, 0x42, 0x60, 0xbd, 0xc8, 0x96, 0x7a, 0x3e,
  0x00, 0xac, 0x9b, 0x3e, 0xa9, 0x4a, 0x50, 0x3d, 0x97, 0x21, 0x1b, 0xbe,
  0x55, 0xe0, 0x4b, 0x3d, 0x18, 0x73, 0xa6, 0x3e, 0x3b, 0x1f, 0x97, 0x3e,
  0x20, 0x73, 0x98, 0x3e, 0x15, 0x38, 0x9f, 0x3e, 0xd9, 0xe5, 0x1f, 0x3e,
  0x06, 0x76, 0x21, 0x3e, 0xda, 0x46, 0x90, 0x3e, 0x52, 0xfd, 0xff, 0xff,
  0x04, 0x00, 0x00, 0x00, 0xc0, 0x01, 0x00, 0x00, 0x50, 0xa1, 0x5e, 0x40,
  0x77, 0x70, 0x0d, 0xbf, 0x51, 0x76, 0x98, 0xbf, 0x57, 0xea, 0x75, 0xbf,
  0x90, 0x2d, 0x0e, 0xbf, 0x28, 0xe9, 0x8d, 0xbf, 0xe5, 0x26, 0x73, 0xbf,
  0xf8, 0x8c, 0x96, 0x3e, 0x34, 0x24, 0xbb, 0xbf, 0xe6, 0xb9, 0xc6, 0x3f,
  0xfe, 0x77, 0x85, 0xbe, 0x6f, 0x1f, 0xa9, 0x40, 0x39, 0x57, 0x96, 0xbf,
  0xbf, 0x36, 0xc0, 0xbf, 0x4a, 0xac, 0xdd, 0xbf, 0xa6, 0x27, 0x98, 0xbf,
  0xb4, 0x99, 0x71, 0x3f, 0xae, 0x4e, 0x8f, 0xbf, 0x5d, 0xc7, 0x34, 0xbf,
  0xa0, 0x99, 0x49, 0xbf, 0xe1, 0xd0, 0x62, 0xbf, 0x41, 0x14, 0x7b, 0xbf,
  0x8c, 0x6f, 0x0d, 0xbf, 0xb1, 0xfa, 0xa9, 0x3f, 0xc6, 0x5e, 0x82, 0xbf,
  0x23, 0x52, 0xf5, 0x3f, 0xf5, 0x0a, 0xf4, 0xbf, 0xdd, 0x09, 0xde, 0x40,
  0x1a, 0xd8, 0x97, 0xbe, 0xaa, 0x04, 0x35, 0xbe, 0xc5, 0x37, 0x85, 0xbf,
  0x67, 0xf3, 0x76, 0xbe, 0x84, 0xce, 0x60, 0xc0, 0x5b, 0x72, 0x0a, 0x40,
  0xd9, 0x40, 0xe8, 0x3f, 0x7d, 0x49, 0xe0, 0x3f, 0x1d, 0x60, 0x68, 0x3f,
  0x5f, 0x45, 0x05, 0x40, 0xc2, 0xe0, 0xb5, 0x3f, 0x3e, 0x5d, 0x05, 0xc0,
  0xb6, 0xa6, 0x93, 0x3f, 0x1f, 0x60, 0x12, 0xc0, 0x19, 0x80, 0xbd, 0x3f,
  0x57, 0xe5, 0xc5, 0xc1, 0x2c, 0x2e, 0xc9, 0x3f, 0xbd, 0x2a, 0x0e, 0x40,
  0x32, 0xb1, 0xbe, 0x3f, 0x5d, 0xa7, 0xb6, 0x3f, 0xb6, 0x95, 0xfe, 0x3e,
  0x0b, 0x8a, 0xcc, 0xbf, 0x25, 0xe4, 0x2e, 0xbe, 0xdb, 0x83, 0x84, 0xbf,
  0x7e, 0xb7, 0xf3, 0xbe, 0xc5, 0xa4, 0xc5, 0xbf, 0xa6, 0x7a, 0x3e, 0xbf,
  0x32, 0x13, 0x5d, 0x3f, 0xf4, 0xa8, 0x00, 0xbf, 0xf9, 0xf1, 0xf2, 0x3f,
  0xb3, 0x3b, 0x0b, 0xc0, 0x79, 0x2c, 0x22, 0x41, 0x27, 0x3d, 0xee, 0xbe,
  0x91, 0xc0, 0xf3, 0xbe, 0x6a, 0xb3, 0x8d, 0xbf, 0x0a, 0x4d, 0xb4, 0xbe,
  0xd5, 0x28, 0xb4, 0x3f, 0xdd, 0xa8, 0x92, 0xbf, 0x5f, 0x5a, 0xc6, 0xbe,
  0x6f, 0x39, 0xa0, 0xbf, 0xaf, 0x99, 0x27, 0xbe, 0x61, 0x50, 0x81, 0xbf,
  0x61, 0xd9, 0x5f, 0xbf, 0x90, 0x6b, 0xdc, 0x3f, 0x23, 0xd1, 0x84, 0xbf,
  0x36, 0xbd, 0xe3, 0x3e, 0x94, 0x96, 0xe8, 0xbf, 0xd0, 0x43, 0x32, 0x41,
  0x46, 0x40, 0xda, 0xbe, 0x22, 0x7a, 0x50, 0xbd, 0xe4, 0x3f, 0x61, 0xbf,
  0xd4, 0xd9, 0x24, 0xbf, 0x4d, 0x96, 0xc9, 0x3f, 0x4e, 0x35, 0xc1, 0xbf,
  0x9b, 0x98, 0x84, 0xbe, 0xdb, 0xc3, 0x92, 0xbf, 0xc8, 0x6f, 0x2e, 0xbf,
  0x78, 0x87, 0x9d, 0xbf, 0xb4, 0x03, 0x30, 0xbf, 0xcc, 0x53, 0xce, 0x3f,
  0x93, 0x97, 0x65, 0xbf, 0x6c, 0xfc, 0xc1, 0x3f, 0x1a, 0x63, 0xe0, 0xbf,
  0x68, 0x5f, 0xac, 0x40, 0xb4, 0xb4, 0x7f, 0xbe, 0x4b, 0x3d, 0xd1, 0xbe,
  0x61, 0x57, 0x63, 0xbf, 0x88, 0x9b, 0x8b, 0xbe, 0xd7, 0x2d, 0x32, 0x40,
  0x43, 0xcf, 0x94, 0xbf, 0xd6, 0xa7, 0x56, 0xbe, 0x2f, 0x7c, 0x30, 0xbf,
  0x0f, 0x6b, 0x25, 0xbf, 0xd8, 0x03, 0x39, 0xbf, 0x22, 0x9c, 0x69, 0xbf,
  0x95, 0x55, 0xaf, 0x3f, 0xed, 0x91, 0x5b, 0xbf, 0xc9, 0x6d, 0x34, 0x3f,
  0xbf, 0x6d, 0x17, 0xc0, 0x7f, 0xe5, 0xd4, 0x40, 0xd5, 0x7f, 0x0e, 0xbf,
  0x77, 0x05, 0x13, 0xbf, 0x5e, 0xf2, 0x95, 0xbf, 0xf2, 0xdf, 0x2e, 0xbe,
  0x1e, 0xff, 0xff, 0xff, 0x04, 0x00, 0x00, 0x00, 0x1c, 0x00, 0x00, 0x00,
  0xd2, 0x0c, 0x95, 0x40, 0x9c, 0x24, 0xb6, 0x3f, 0x98, 0xc2, 0xae, 0xc0,
  0xf5, 0x52, 0xd9, 0x3f, 0x3a, 0x7e, 0xec, 0x3f, 0x59, 0x9b, 0xd7, 0x3f,
  0x59, 0x89, 0xdc, 0x3f, 0x46, 0xff, 0xff, 0xff, 0x04, 0x00, 0x00, 0x00,
  0x04, 0x00, 0x00, 0x00, 0x01, 0x00, 0x00, 0x00, 0x56, 0xff, 0xff, 0xff,
  0x04, 0x00, 0x00, 0x00, 0x0c, 0x00, 0x00, 0x00, 0x01, 0x00, 0x00, 0x00,
  0x05, 0x00, 0x00, 0x00, 0x09, 0x00, 0x00, 0x00, 0xfc, 0xea, 0xff, 0xff,
  0x00, 0xeb, 0xff, 0xff, 0x0f, 0x00, 0x00, 0x00, 0x4d, 0x4c, 0x49, 0x52,
  0x20, 0x43, 0x6f, 0x6e, 0x76, 0x65, 0x72, 0x74, 0x65, 0x64, 0x2e, 0x00,
  0x01, 0x00, 0x00, 0x00, 0x14, 0x00, 0x00, 0x00, 0x00, 0x00, 0x0e, 0x00,
  0x18, 0x00, 0x14, 0x00, 0x10, 0x00, 0x0c, 0x00, 0x08, 0x00, 0x04, 0x00,
  0x0e, 0x00, 0x00, 0x00, 0x14, 0x00, 0x00, 0x00, 0x1c, 0x00, 0x00, 0x00,
  0xdc, 0x01, 0x00, 0x00, 0xe0, 0x01, 0x00, 0x00, 0xe4, 0x01, 0x00, 0x00,
  0x04, 0x00, 0x00, 0x00, 0x6d, 0x61, 0x69, 0x6e, 0x00, 0x00, 0x00, 0x00,
  0x07, 0x00, 0x00, 0x00, 0xa0, 0x01, 0x00, 0x00, 0x60, 0x01, 0x00, 0x00,
  0x08, 0x01, 0x00, 0x00, 0xcc, 0x00, 0x00, 0x00, 0x88, 0x00, 0x00, 0x00,
  0x40, 0x00, 0x00, 0x00, 0x04, 0x00, 0x00, 0x00, 0x92, 0xff, 0xff, 0xff,
  0x1c, 0x00, 0x00, 0x00, 0x00, 0x00, 0x00, 0x09, 0x1c, 0x00, 0x00, 0x00,
  0x20, 0x00, 0x00, 0x00, 0x03, 0x00, 0x00, 0x00, 0x00, 0x00, 0x06, 0x00,
  0x08, 0x00, 0x04, 0x00, 0x06, 0x00, 0x00, 0x00, 0x00, 0x00, 0x80, 0x3f,
  0x01, 0x00, 0x00, 0x00, 0x11, 0x00, 0x00, 0x00, 0x01, 0x00, 0x00, 0x00,
  0x10, 0x00, 0x00, 0x00, 0xfe, 0xfe, 0xff, 0xff, 0x14, 0x00, 0x00, 0x00,
  0x00, 0x00, 0x00, 0x08, 0x10, 0x00, 0x00, 0x00, 0x14, 0x00, 0x00, 0x00,
  0x02, 0x00, 0x00, 0x00, 0xc4, 0xeb, 0xff, 0xff, 0x01, 0x00, 0x00, 0x00,
  0x10, 0x00, 0x00, 0x00, 0x03, 0x00, 0x00, 0x00, 0x0f, 0x00, 0x00, 0x00,
  0x04, 0x00, 0x00, 0x00, 0x03, 0x00, 0x00, 0x00, 0x00, 0x00, 0x0e, 0x00,
  0x1a, 0x00, 0x14, 0x00, 0x10, 0x00, 0x0c, 0x00, 0x0b, 0x00, 0x04, 0x00,
  0x0e, 0x00, 0x00, 0x00, 0x1c, 0x00, 0x00, 0x00, 0x00, 0x00, 0x00, 0x08,
  0x1c, 0x00, 0x00, 0x00, 0x20, 0x00, 0x00, 0x00, 0x02, 0x00, 0x00, 0x00,
  0x00, 0x00, 0x06, 0x00, 0x08, 0x00, 0x07, 0x00, 0x06, 0x00, 0x00, 0x00,
  0x00, 0x00, 0x00, 0x01, 0x01, 0x00, 0x00, 0x00, 0x0f, 0x00, 0x00, 0x00,
  0x03, 0x00, 0x00, 0x00, 0x0e, 0x00, 0x00, 0x00, 0x07, 0x00, 0x00, 0x00,
  0x08, 0x00, 0x00, 0x00, 0x82, 0xff, 0xff, 0xff, 0x14, 0x00, 0x00, 0x00,
  0x00, 0x00, 0x00, 0x08, 0x14, 0x00, 0x00, 0x00, 0x18, 0x00, 0x00, 0x00,
  0x02, 0x00, 0x00, 0x00, 0xc8, 0xff, 0xff, 0xff, 0x00, 0x00, 0x01, 0x01,
  0x01, 0x00, 0x00, 0x00, 0x0e, 0x00, 0x00, 0x00, 0x03, 0x00, 0x00, 0x00,
  0x0d, 0x00, 0x00, 0x00, 0x09, 0x00, 0x00, 0x00, 0x06, 0x00, 0x00, 0x00,
  0xba, 0xff, 0xff, 0xff, 0x20, 0x00, 0x00, 0x00, 0x00, 0x00, 0x00, 0x08,
  0x20, 0x00, 0x00, 0x00, 0x24, 0x00, 0x00, 0x00, 0x02, 0x00, 0x00, 0x00,
  0x0c, 0x00, 0x08, 0x00, 0x07, 0x00, 0x00, 0x00, 0x00, 0x00, 0x06, 0x00,
  0x0c, 0x00, 0x00, 0x00, 0x00, 0x00, 0x01, 0x01, 0x01, 0x00, 0x00, 0x00,
  0x0d, 0x00, 0x00, 0x00, 0x03, 0x00, 0x00, 0x00, 0x0c, 0x00, 0x00, 0x00,
  0x0a, 0x00, 0x00, 0x00, 0x05, 0x00, 0x00, 0x00, 0x00, 0x00, 0x0e, 0x00,
  0x18, 0x00, 0x14, 0x00, 0x10, 0x00, 0x0c, 0x00, 0x0b, 0x00, 0x04, 0x00,
  0x0e, 0x00, 0x00, 0x00, 0x14, 0x00, 0x00, 0x00, 0x00, 0x00, 0x00, 0x1b,
  0x10, 0x00, 0x00, 0x00, 0x14, 0x00, 0x00, 0x00, 0x01, 0x00, 0x00, 0x00,
  0xd4, 0xec, 0xff, 0xff, 0x01, 0x00, 0x00, 0x00, 0x0c, 0x00, 0x00, 0x00,
  0x02, 0x00, 0x00, 0x00, 0x0b, 0x00, 0x00, 0x00, 0x02, 0x00, 0x00, 0x00,
  0x00, 0x00, 0x0a, 0x00, 0x0c, 0x00, 0x00, 0x00, 0x08, 0x00, 0x04, 0x00,
  0x0a, 0x00, 0x00, 0x00, 0x08, 0x00, 0x00, 0x00, 0x0c, 0x00, 0x00, 0x00,
  0x01, 0x00, 0x00, 0x00, 0x0b, 0x00, 0x00, 0x00, 0x02, 0x00, 0x00, 0x00,
  0x00, 0x00, 0x00, 0x00, 0x01, 0x00, 0x00, 0x00, 0x01, 0x00, 0x00, 0x00,
  0x11, 0x00, 0x00, 0x00, 0x01, 0x00, 0x00, 0x00, 0x00, 0x00, 0x00, 0x00,
  0x12, 0x00, 0x00, 0x00, 0xbc, 0x12, 0x00, 0x00, 0x44, 0x12, 0x00, 0x00,
  0xc0, 0x11, 0x00, 0x00, 0x44, 0x11, 0x00, 0x00, 0x78, 0x10, 0x00, 0x00,
  0x04, 0x10, 0x00, 0x00, 0x68, 0x0f, 0x00, 0x00, 0x7c, 0x0e, 0x00, 0x00,
  0xe0, 0x0d, 0x00, 0x00, 0xb8, 0x0a, 0x00, 0x00, 0x48, 0x04, 0x00, 0x00,
  0xe4, 0x03, 0x00, 0x00, 0x8c, 0x03, 0x00, 0x00, 0xec, 0x02, 0x00, 0x00,
  0x00, 0x02, 0x00, 0x00, 0x14, 0x01, 0x00, 0x00, 0x48, 0x00, 0x00, 0x00,
  0x04, 0x00, 0x00, 0x00, 0xa2, 0xed, 0xff, 0xff, 0x00, 0x00, 0x00, 0x01,
  0x10, 0x00, 0x00, 0x00, 0x10, 0x00, 0x00, 0x00, 0x12, 0x00, 0x00, 0x00,
  0x20, 0x00, 0x00, 0x00, 0x8c, 0xed, 0xff, 0xff, 0x11, 0x00, 0x00, 0x00,
  0x50, 0x61, 0x72, 0x74, 0x69, 0x74, 0x69, 0x6f, 0x6e, 0x65, 0x64, 0x43,
  0x61, 0x6c, 0x6c, 0x3a, 0x30, 0x00, 0x00, 0x00, 0x02, 0x00, 0x00, 0x00,
  0x01, 0x00, 0x00, 0x00, 0x07, 0x00, 0x00, 0x00, 0xe2, 0xed, 0xff, 0xff,
  0x00, 0x00, 0x00, 0x01, 0x10, 0x00, 0x00, 0x00, 0x10, 0x00, 0x00, 0x00,
  0x11, 0x00, 0x00, 0x00, 0xa8, 0x00, 0x00, 0x00, 0xcc, 0xed, 0xff, 0xff,
  0x9b, 0x00, 0x00, 0x00, 0x6d, 0x6f, 0x64, 0x65, 0x6c, 0x5f, 0x33, 0x39,
  0x35, 0x2f, 0x74, 0x66, 0x2e, 0x6d, 0x61, 0x74, 0x68, 0x2e, 0x6d, 0x75,
  0x6c, 0x74, 0x69, 0x70, 0x6c, 0x79, 0x5f, 0x35, 0x32, 0x32, 0x2f, 0x4d,
  0x75, 0x6c, 0x3b, 0x6d, 0x6f, 0x64, 0x65, 0x6c, 0x5f, 0x33, 0x39, 0x35,
  0x2f, 0x74, 0x66, 0x2e, 0x5f, 0x5f, 0x6f, 0x70, 0x65, 0x72, 0x61, 0x74,
  0x6f, 0x72, 0x73, 0x5f, 0x5f, 0x2e, 0x61, 0x64, 0x64, 0x5f, 0x35, 0x32,
  0x32, 0x2f, 0x41, 0x64, 0x64, 0x56, 0x32, 0x3b, 0x6d, 0x6f, 0x64, 0x65,
  0x6c, 0x5f, 0x33, 0x39, 0x35, 0x2f, 0x74, 0x66, 0x2e, 0x6c, 0x69, 0x6e,
  0x61, 0x6c, 0x67, 0x2e, 0x6d, 0x61, 0x74, 0x6d, 0x75, 0x6c, 0x5f, 0x32,
  0x33, 0x39, 0x2f, 0x4d, 0x61, 0x74, 0x4d, 0x75, 0x6c, 0x3b, 0x6d, 0x6f,
  0x64, 0x65, 0x6c, 0x5f, 0x33, 0x39, 0x35, 0x2f, 0x74, 0x66, 0x2e, 0x5f,
  0x5f, 0x6f, 0x70, 0x65, 0x72, 0x61, 0x74, 0x6f, 0x72, 0x73, 0x5f, 0x5f,
  0x2e, 0x61, 0x64, 0x64, 0x5f, 0x35, 0x32, 0x33, 0x2f, 0x41, 0x64, 0x64,
  0x56, 0x32, 0x31, 0x00, 0x02, 0x00, 0x00, 0x00, 0x01, 0x00, 0x00, 0x00,
  0x07, 0x00, 0x00, 0x00, 0xaa, 0xee, 0xff, 0xff, 0x00, 0x00, 0x00, 0x01,
  0x10, 0x00, 0x00, 0x00, 0x10, 0x00, 0x00, 0x00, 0x10, 0x00, 0x00, 0x00,
  0xc8, 0x00, 0x00, 0x00, 0x94, 0xee, 0xff, 0xff, 0xb9, 0x00, 0x00, 0x00,
  0x6d, 0x6f, 0x64, 0x65, 0x6c, 0x5f, 0x33, 0x39, 0x35, 0x2f, 0x74, 0x66,
  0x2e, 0x6d, 0x61, 0x74, 0x68, 0x2e, 0x6d, 0x75, 0x6c, 0x74, 0x69, 0x70,
  0x6c, 0x79, 0x5f, 0x35, 0x32, 0x30, 0x2f, 0x4d, 0x75, 0x6c, 0x3b, 0x6d,
  0x6f, 0x64, 0x65, 0x6c, 0x5f, 0x33, 0x39, 0x35, 0x2f, 0x74, 0x66, 0x2e,
  0x5f, 0x5f, 0x6f, 0x70, 0x65, 0x72, 0x61, 0x74, 0x6f, 0x72, 0x73, 0x5f,
  0x5f, 0x2e, 0x61, 0x64, 0x64, 0x5f, 0x35, 0x32, 0x30, 0x2f, 0x41, 0x64,
  0x64, 0x56, 0x32, 0x3b, 0x6d, 0x6f, 0x64, 0x65, 0x6c, 0x5f, 0x33, 0x39,
  0x35, 0x2f, 0x74, 0x66, 0x2e, 0x6c, 0x69, 0x6e, 0x61, 0x6c, 0x67, 0x2e,
  0x6d, 0x61, 0x74, 0x6d, 0x75, 0x6c, 0x5f, 0x32, 0x33, 0x38, 0x2f, 0x4d,
  0x61, 0x74, 0x4d, 0x75, 0x6c, 0x3b, 0x6d, 0x6f, 0x64, 0x65, 0x6c, 0x5f,
  0x33, 0x39, 0x35, 0x2f, 0x74, 0x66, 0x2e, 0x6e, 0x6e, 0x2e, 0x72, 0x65,
  0x6c, 0x75, 0x5f, 0x35, 0x36, 0x37, 0x2f, 0x52, 0x65, 0x6c, 0x75, 0x3b,
  0x6d, 0x6f, 0x64, 0x65, 0x6c, 0x5f, 0x33, 0x39, 0x35, 0x2f, 0x74, 0x66,
  0x2e, 0x5f, 0x5f, 0x6f, 0x70, 0x65, 0x72, 0x61, 0x74, 0x6f, 0x72, 0x73,
  0x5f, 0x5f, 0x2e, 0x61, 0x64, 0x64, 0x5f, 0x35, 0x32, 0x31, 0x2f, 0x41,
  0x64, 0x64, 0x56, 0x32, 0x31, 0x00, 0x00, 0x00, 0x02, 0x00, 0x00, 0x00,
  0x01, 0x00, 0x00, 0x00, 0x10, 0x00, 0x00, 0x00, 0x92, 0xef, 0xff, 0xff,
  0x00, 0x00, 0x00, 0x01, 0x10, 0x00, 0x00, 0x00, 0x10, 0x00, 0x00, 0x00,
  0x0f, 0x00, 0x00, 0x00, 0xc8, 0x00, 0x00, 0x00, 0x7c, 0xef, 0xff, 0xff,
  0xb9, 0x00, 0x00, 0x00, 0x6d, 0x6f, 0x64, 0x65, 0x6c, 0x5f, 0x33, 0x39,
  0x35, 0x2f, 0x74, 0x66, 0x2e, 0x6d, 0x61, 0x74, 0x68, 0x2e, 0x6d, 0x75,
  0x6c, 0x74, 0x69, 0x70, 0x6c, 0x79, 0x5f, 0x35, 0x31, 0x38, 0x2f, 0x4d,
  0x75, 0x6c, 0x3b, 0x6d, 0x6f, 0x64, 0x65, 0x6c, 0x5f, 0x33, 0x39, 0x35,
  0x2f, 0x74, 0x66, 0x2e, 0x5f, 0x5f, 0x6f, 0x70, 0x65, 0x72, 0x61, 0x74,
  0x6f, 0x72, 0x73, 0x5f, 0x5f, 0x2e, 0x61, 0x64, 0x64, 0x5f, 0x35, 0x31,
  0x38, 0x2f, 0x41, 0x64, 0x64, 0x56, 0x32, 0x3b, 0x6d, 0x6f, 0x64, 0x65,
  0x6c, 0x5f, 0x33, 0x39, 0x35, 0x2f, 0x74, 0x66, 0x2e, 0x6c, 0x69, 0x6e,
  0x61, 0x6c, 0x67, 0x2e, 0x6d, 0x61, 0x74, 0x6d, 0x75, 0x6c, 0x5f, 0x32,
  0x33, 0x37, 0x2f, 0x4d, 0x61, 0x74, 0x4d, 0x75, 0x6c, 0x3b, 0x6d, 0x6f,
  0x64, 0x65, 0x6c, 0x5f, 0x33, 0x39, 0x35, 0x2f, 0x74, 0x66, 0x2e, 0x6e,
  0x6e, 0x2e, 0x72, 0x65, 0x6c, 0x75, 0x5f, 0x35, 0x36, 0x36, 0x2f, 0x52,
  0x65, 0x6c, 0x75, 0x3b, 0x6d, 0x6f, 0x64, 0x65, 0x6c, 0x5f, 0x33, 0x39,
  0x35, 0x2f, 0x74, 0x66, 0x2e, 0x5f, 0x5f, 0x6f, 0x70, 0x65, 0x72, 0x61,
  0x74, 0x6f, 0x72, 0x73, 0x5f, 0x5f, 0x2e, 0x61, 0x64, 0x64, 0x5f, 0x35,
  0x31, 0x39, 0x2f, 0x41, 0x64, 0x64, 0x56, 0x32, 0x31, 0x00, 0x00, 0x00,
  0x02, 0x00, 0x00, 0x00, 0x01, 0x00, 0x00, 0x00, 0x2d, 0x00, 0x00, 0x00,
  0x7a, 0xf0, 0xff, 0xff, 0x00, 0x00, 0x00, 0x01, 0x10, 0x00, 0x00, 0x00,
  0x10, 0x00, 0x00, 0x00, 0x0e, 0x00, 0x00, 0x00, 0x7c, 0x00, 0x00, 0x00,
  0x64, 0xf0, 0xff, 0xff, 0x6c, 0x00, 0x00, 0x00, 0x6d, 0x6f, 0x64, 0x65,
  0x6c, 0x5f, 0x33, 0x39, 0x35, 0x2f, 0x74, 0x66, 0x2e, 0x6c, 0x69, 0x6e,
  0x61, 0x6c, 0x67, 0x2e, 0x6d, 0x61, 0x74, 0x6d, 0x75, 0x6c, 0x5f, 0x32,
  0x33, 0x36, 0x2f, 0x4d, 0x61, 0x74, 0x4d, 0x75, 0x6c, 0x3b, 0x6d, 0x6f,
  0x64, 0x65, 0x6c, 0x5f, 0x33, 0x39, 0x35, 0x2f, 0x74, 0x66, 0x2e, 0x6e,
  0x6e, 0x2e, 0x72, 0x65, 0x6c, 0x75, 0x5f, 0x35, 0x36, 0x35, 0x2f, 0x52,
  0x65, 0x6c, 0x75, 0x3b, 0x6d, 0x6f, 0x64, 0x65, 0x6c, 0x5f, 0x33, 0x39,
  0x35, 0x2f, 0x74, 0x66, 0x2e, 0x5f, 0x5f, 0x6f, 0x70, 0x65, 0x72, 0x61,
  0x74, 0x6f, 0x72, 0x73, 0x5f, 0x5f, 0x2e, 0x61, 0x64, 0x64, 0x5f, 0x35,
  0x31, 0x37, 0x2f, 0x41, 0x64, 0x64, 0x56, 0x32, 0x00, 0x00, 0x00, 0x00,
  0x02, 0x00, 0x00, 0x00, 0x01, 0x00, 0x00, 0x00, 0x80, 0x00, 0x00, 0x00,
  0x16, 0xf1, 0xff, 0xff, 0x00, 0x00, 0x00, 0x01, 0x10, 0x00, 0x00, 0x00,
  0x10, 0x00, 0x00, 0x00, 0x0d, 0x00, 0x00, 0x00, 0x34, 0x00, 0x00, 0x00,
  0x00, 0xf1, 0xff, 0xff, 0x26, 0x00, 0x00, 0x00, 0x6d, 0x6f, 0x64, 0x65,
  0x6c, 0x5f, 0x33, 0x39, 0x35, 0x2f, 0x74, 0x66, 0x2e, 0x6d, 0x61, 0x74,
  0x68, 0x2e, 0x72, 0x65, 0x64, 0x75, 0x63, 0x65, 0x5f, 0x6d, 0x65, 0x61,
  0x6e, 0x5f, 0x31, 0x31, 0x31, 0x2f, 0x4d, 0x65, 0x61, 0x6e, 0x00, 0x00,
  0x02, 0x00, 0x00, 0x00, 0x01, 0x00, 0x00, 0x00, 0x09, 0x00, 0x00, 0x00,
  0x6a, 0xf1, 0xff, 0xff, 0x00, 0x00, 0x00, 0x01, 0x10, 0x00, 0x00, 0x00,
  0x10, 0x00, 0x00, 0x00, 0x0c, 0x00, 0x00, 0x00, 0x3c, 0x00, 0x00, 0x00,
  0x54, 0xf1, 0xff, 0xff, 0x2f, 0x00, 0x00, 0x00, 0x6d, 0x6f, 0x64, 0x65,
  0x6c, 0x5f, 0x33, 0x39, 0x35, 0x2f, 0x74, 0x66, 0x2e, 0x63, 0x6f, 0x6d,
  0x70, 0x61, 0x74, 0x2e, 0x76, 0x31, 0x2e, 0x73, 0x71, 0x75, 0x65, 0x65,
  0x7a, 0x65, 0x5f, 0x33, 0x31, 0x2f, 0x6e, 0x6f, 0x64, 0x65, 0x5f, 0x73,
  0x71, 0x75, 0x65, 0x65, 0x7a, 0x65, 0x31, 0x00, 0x03, 0x00, 0x00, 0x00,
  0x01, 0x00, 0x00, 0x00, 0x05, 0x00, 0x00, 0x00, 0x09, 0x00, 0x00, 0x00,
  0x3e, 0xf2, 0xff, 0xff, 0x00, 0x00, 0x00, 0x01, 0x14, 0x00, 0x00, 0x00,
  0x28, 0x06, 0x00, 0x00, 0x0b, 0x00, 0x00, 0x00, 0x00, 0x00, 0x00, 0x09,
  0x48, 0x06, 0x00, 0x00, 0x94, 0xf9, 0xff, 0xff, 0x08, 0x00, 0x00, 0x00,
  0x0c, 0x04, 0x00, 0x00, 0x80, 0x00, 0x00, 0x00, 0x00, 0x00, 0x00, 0x00,
  0x00, 0x00, 0x00, 0x00, 0x00, 0x00, 0x00, 0x00, 0x00, 0x00, 0x00, 0x00,
  0x00, 0x00, 0x00, 0x00, 0x00, 0x00, 0x00, 0x00, 0x00, 0x00, 0x00, 0x00,
  0x00, 0x00, 0x00, 0x00, 0x00, 0x00, 0x00, 0x00, 0x00, 0x00, 0x00, 0x00,
  0x00, 0x00, 0x00, 0x00, 0x00, 0x00, 0x00, 0x00, 0x00, 0x00, 0x00, 0x00,
  0x00, 0x00, 0x00, 0x00, 0x00, 0x00, 0x00, 0x00, 0x00, 0x00, 0x00, 0x00,
  0x00, 0x00, 0x00, 0x00, 0x00, 0x00, 0x00, 0x00, 0x00, 0x00, 0x00, 0x00,
  0x00, 0x00, 0x00, 0x00, 0x00, 0x00, 0x00, 0x00, 0x00, 0x00, 0x00, 0x00,
  0x00, 0x00, 0x00, 0x00, 0x00, 0x00, 0x00, 0x00, 0x00, 0x00, 0x00, 0x00,
  0x00, 0x00, 0x00, 0x00, 0x00, 0x00, 0x00, 0x00, 0x00, 0x00, 0x00, 0x00,
  0x00, 0x00, 0x00, 0x00, 0x00, 0x00, 0x00, 0x00, 0x00, 0x00, 0x00, 0x00,
  0x00, 0x00, 0x00, 0x00, 0x00, 0x00, 0x00, 0x00, 0x00, 0x00, 0x00, 0x00,
  0x00, 0x00, 0x00, 0x00, 0x00, 0x00, 0x00, 0x00, 0x00, 0x00, 0x00, 0x00,
  0x00, 0x00, 0x00, 0x00, 0x00, 0x00, 0x00, 0x00, 0x00, 0x00, 0x00, 0x00,
  0x00, 0x00, 0x00, 0x00, 0x00, 0x00, 0x00, 0x00, 0x00, 0x00, 0x00, 0x00,
  0x00, 0x00, 0x00, 0x00, 0x00, 0x00, 0x00, 0x00, 0x00, 0x00, 0x00, 0x00,
  0x00, 0x00, 0x00, 0x00, 0x00, 0x00, 0x00, 0x00, 0x00, 0x00, 0x00, 0x00,
  0x00, 0x00, 0x00, 0x00, 0x00, 0x00, 0x00, 0x00, 0x00, 0x00, 0x00, 0x00,
  0x00, 0x00, 0x00, 0x00, 0x00, 0x00, 0x00, 0x00, 0x00, 0x00, 0x00, 0x00,
  0x00, 0x00, 0x00, 0x00, 0x00, 0x00, 0x00, 0x00, 0x00, 0x00, 0x00, 0x00,
  0x00, 0x00, 0x00, 0x00, 0x00, 0x00, 0x00, 0x00, 0x00, 0x00, 0x00, 0x00,
  0x00, 0x00, 0x00, 0x00, 0x00, 0x00, 0x00, 0x00, 0x00, 0x00, 0x00, 0x00,
  0x00, 0x00, 0x00, 0x00, 0x00, 0x00, 0x00, 0x00, 0x00, 0x00, 0x00, 0x00,
  0x00, 0x00, 0x00, 0x00, 0x00, 0x00, 0x00, 0x00, 0x00, 0x00, 0x00, 0x00,
  0x00, 0x00, 0x00, 0x00, 0x00, 0x00, 0x00, 0x00, 0x00, 0x00, 0x00, 0x00,
  0x00, 0x00, 0x00, 0x00, 0x00, 0x00, 0x00, 0x00, 0x00, 0x00, 0x00, 0x00,
  0x00, 0x00, 0x00, 0x00, 0x00, 0x00, 0x00, 0x00, 0x00, 0x00, 0x00, 0x00,
  0x00, 0x00, 0x00, 0x00, 0x00, 0x00, 0x00, 0x00, 0x00, 0x00, 0x00, 0x00,
  0x00, 0x00, 0x00, 0x00, 0x00, 0x00, 0x00, 0x00, 0x00, 0x00, 0x00, 0x00,
  0x00, 0x00, 0x00, 0x00, 0x00, 0x00, 0x00, 0x00, 0x00, 0x00, 0x00, 0x00,
  0x00, 0x00, 0x00, 0x00, 0x00, 0x00, 0x00, 0x00, 0x00, 0x00, 0x00, 0x00,
  0x00, 0x00, 0x00, 0x00, 0x00, 0x00, 0x00, 0x00, 0x00, 0x00, 0x00, 0x00,
  0x00, 0x00, 0x00, 0x00, 0x00, 0x00, 0x00, 0x00, 0x00, 0x00, 0x00, 0x00,
  0x00, 0x00, 0x00, 0x00, 0x00, 0x00, 0x00, 0x00, 0x00, 0x00, 0x00, 0x00,
  0x00, 0x00, 0x00, 0x00, 0x00, 0x00, 0x00, 0x00, 0x00, 0x00, 0x00, 0x00,
  0x00, 0x00, 0x00, 0x00, 0x00, 0x00, 0x00, 0x00, 0x00, 0x00, 0x00, 0x00,
  0x00, 0x00, 0x00, 0x00, 0x00, 0x00, 0x00, 0x00, 0x00, 0x00, 0x00, 0x00,
  0x00, 0x00, 0x00, 0x00, 0x00, 0x00, 0x00, 0x00, 0x00, 0x00, 0x00, 0x00,
  0x00, 0x00, 0x00, 0x00, 0x00, 0x00, 0x00, 0x00, 0x00, 0x00, 0x00, 0x00,
  0x00, 0x00, 0x00, 0x00, 0x00, 0x00, 0x00, 0x00, 0x00, 0x00, 0x00, 0x00,
  0x00, 0x00, 0x00, 0x00, 0x00, 0x00, 0x00, 0x00, 0x00, 0x00, 0x00, 0x00,
  0x00, 0x00, 0x00, 0x00, 0x00, 0x00, 0x00, 0x00, 0x00, 0x00, 0x00, 0x00,
  0x00, 0x00, 0x00, 0x00, 0x00, 0x00, 0x00, 0x00, 0x00, 0x00, 0x00, 0x00,
  0x00, 0x00, 0x00, 0x00, 0x00, 0x00, 0x00, 0x00, 0x00, 0x00, 0x00, 0x00,
  0x00, 0x00, 0x00, 0x00, 0x00, 0x00, 0x00, 0x00, 0x00, 0x00, 0x00, 0x00,
  0x00, 0x00, 0x00, 0x00, 0x00, 0x00, 0x00, 0x00, 0x00, 0x00, 0x00, 0x00,
  0x00, 0x00, 0x00, 0x00, 0x00, 0x00, 0x00, 0x00, 0x00, 0x00, 0x00, 0x00,
  0x00, 0x00, 0x00, 0x00, 0x00, 0x00, 0x00, 0x00, 0x00, 0x00, 0x00, 0x00,
  0x00, 0x00, 0x00, 0x00, 0x00, 0x00, 0x00, 0x00, 0x00, 0x00, 0x00, 0x00,
  0x00, 0x00, 0x00, 0x00, 0x00, 0x00, 0x00, 0x00, 0x00, 0x00, 0x00, 0x00,
  0x00, 0x00, 0x00, 0x00, 0x00, 0x00, 0x00, 0x00, 0x00, 0x00, 0x00, 0x00,
  0x00, 0x00, 0x00, 0x00, 0x00, 0x00, 0x00, 0x00, 0x00, 0x00, 0x00, 0x00,
  0x00, 0x00, 0x00, 0x00, 0x00, 0x00, 0x00, 0x00, 0x00, 0x00, 0x00, 0x00,
  0x00, 0x00, 0x00, 0x00, 0x00, 0x00, 0x00, 0x00, 0x00, 0x00, 0x00, 0x00,
  0x00, 0x00, 0x00, 0x00, 0x00, 0x00, 0x00, 0x00, 0x00, 0x00, 0x00, 0x00,
  0x00, 0x00, 0x00, 0x00, 0x00, 0x00, 0x00, 0x00, 0x00, 0x00, 0x00, 0x00,
  0x00, 0x00, 0x00, 0x00, 0x00, 0x00, 0x00, 0x00, 0x00, 0x00, 0x00, 0x00,
  0x00, 0x00, 0x00, 0x00, 0x00, 0x00, 0x00, 0x00, 0x00, 0x00, 0x00, 0x00,
  0x00, 0x00, 0x00, 0x00, 0x00, 0x00, 0x00, 0x00, 0x00, 0x00, 0x00, 0x00,
  0x00, 0x00, 0x00, 0x00, 0x00, 0x00, 0x00, 0x00, 0x00, 0x00, 0x00, 0x00,
  0x00, 0x00, 0x00, 0x00, 0x00, 0x00, 0x00, 0x00, 0x00, 0x00, 0x00, 0x00,
  0x00, 0x00, 0x00, 0x00, 0x00, 0x00, 0x00, 0x00, 0x00, 0x00, 0x00, 0x00,
  0x00, 0x00, 0x00, 0x00, 0x00, 0x00, 0x00, 0x00, 0x00, 0x00, 0x00, 0x00,
  0x00, 0x00, 0x00, 0x00, 0x00, 0x00, 0x00, 0x00, 0x00, 0x00, 0x00, 0x00,
  0x00, 0x00, 0x00, 0x00, 0x00, 0x00, 0x00, 0x00, 0x00, 0x00, 0x00, 0x00,
  0x00, 0x00, 0x00, 0x00, 0x00, 0x00, 0x00, 0x00, 0x00, 0x00, 0x00, 0x00,
  0x00, 0x00, 0x00, 0x00, 0x00, 0x00, 0x00, 0x00, 0x00, 0x00, 0x00, 0x00,
  0x00, 0x00, 0x00, 0x00, 0x00, 0x00, 0x00, 0x00, 0x00, 0x00, 0x00, 0x00,
  0x00, 0x00, 0x00, 0x00, 0x00, 0x00, 0x00, 0x00, 0x00, 0x00, 0x00, 0x00,
  0x00, 0x00, 0x00, 0x00, 0x00, 0x00, 0x00, 0x00, 0x00, 0x00, 0x00, 0x00,
  0x00, 0x00, 0x00, 0x00, 0x00, 0x00, 0x00, 0x00, 0x00, 0x00, 0x00, 0x00,
  0x00, 0x00, 0x00, 0x00, 0x00, 0x00, 0x00, 0x00, 0x00, 0x00, 0x00, 0x00,
  0x00, 0x00, 0x00, 0x00, 0x00, 0x00, 0x00, 0x00, 0x00, 0x00, 0x00, 0x00,
  0x00, 0x00, 0x00, 0x00, 0x00, 0x00, 0x00, 0x00, 0x00, 0x00, 0x00, 0x00,
  0x00, 0x00, 0x00, 0x00, 0x00, 0x00, 0x00, 0x00, 0x00, 0x00, 0x00, 0x00,
  0x00, 0x00, 0x00, 0x00, 0x00, 0x00, 0x00, 0x00, 0x00, 0x00, 0x00, 0x00,
  0x00, 0x00, 0x00, 0x00, 0x00, 0x00, 0x00, 0x00, 0x00, 0x00, 0x00, 0x00,
  0x00, 0x00, 0x00, 0x00, 0x00, 0x00, 0x00, 0x00, 0x00, 0x00, 0x00, 0x00,
  0x00, 0x00, 0x00, 0x00, 0x00, 0x00, 0x00, 0x00, 0x00, 0x00, 0x00, 0x00,
  0x00, 0x00, 0x00, 0x00, 0x00, 0x00, 0x00, 0x00, 0x00, 0x00, 0x00, 0x00,
  0x00, 0x00, 0x00, 0x00, 0x00, 0x00, 0x00, 0x00, 0x00, 0x00, 0x00, 0x00,
  0x00, 0x00, 0x00, 0x00, 0x00, 0x00, 0x00, 0x00, 0x00, 0x00, 0x00, 0x00,
  0x00, 0x00, 0x00, 0x00, 0x00, 0x00, 0x00, 0x00, 0x00, 0x00, 0x00, 0x00,
  0x00, 0x00, 0x00, 0x00, 0x00, 0x00, 0x00, 0x00, 0x00, 0x00, 0x00, 0x00,
  0x00, 0x00, 0x00, 0x00, 0x00, 0x00, 0x00, 0x00, 0x00, 0x00, 0x00, 0x00,
  0x00, 0x00, 0x00, 0x00, 0x00, 0x00, 0x00, 0x00, 0x00, 0x00, 0x00, 0x00,
  0x00, 0x00, 0x00, 0x00, 0x80, 0x00, 0x00, 0x00, 0x72, 0xec, 0x32, 0x3b,
  0x1b, 0x95, 0xfc, 0x3a, 0xcd, 0xc2, 0x04, 0x3b, 0x60, 0xc8, 0x24, 0x3b,
  0x62, 0x04, 0x1f, 0x3b, 0x2a, 0xb8, 0x31, 0x3b, 0xbf, 0xe4, 0x1c, 0x3b,
  0x6c, 0xe7, 0x22, 0x3b, 0x77, 0xb8, 0x33, 0x3b, 0x9a, 0x44, 0x06, 0x3b,
  0x01, 0xc7, 0x04, 0x3b, 0x54, 0xf6, 0x20, 0x3b, 0x5d, 0x65, 0x12, 0x3b,
  0x90, 0x5a, 0x25, 0x3b, 0xf6, 0x6b, 0x1f, 0x3b, 0x21, 0x09, 0x2a, 0x3b,
  0xae, 0x59, 0xe7, 0x3a, 0xc9, 0x97, 0x19, 0x3b, 0x44, 0x3d, 0x0f, 0x3b,
  0xd6, 0xd5, 0x37, 0x3b, 0x5c, 0xd4, 0x27, 0x3b, 0x47, 0x58, 0x2b, 0x3b,
  0xe1, 0x50, 0x3c, 0x3b, 0xad, 0xb2, 0xfe, 0x3a, 0x73, 0xb9, 0x27, 0x3b,
  0x6e, 0x33, 0x13, 0x3b, 0x3e, 0xd9, 0x05, 0x3b, 0x9b, 0xe0, 0x06, 0x3b,
  0xb2, 0xf9, 0xd5, 0x3a, 0x77, 0x0e, 0xd7, 0x3a, 0x17, 0x00, 0x06, 0x3b,
  0x17, 0x70, 0xfd, 0x3a, 0x77, 0x70, 0x21, 0x3b, 0x85, 0x80, 0x29, 0x3b,
  0x20, 0xce, 0x05, 0x3b, 0xea, 0xc3, 0x31, 0x3b, 0xea, 0x99, 0x2d, 0x3b,
  0x54, 0xa7, 0x0b, 0x3b, 0x2a, 0x8c, 0x07, 0x3b, 0x4c, 0xe0, 0x2f, 0x3b,
  0xe2, 0x22, 0x20, 0x3b, 0x3b, 0x81, 0x1c, 0x3b, 0x18, 0x73, 0x33, 0x3b,
  0xe4, 0xd3, 0x2b, 0x3b, 0xa4, 0xf5, 0x0b, 0x3b, 0xad, 0xf1, 0x1a, 0x3b,
  0x0a, 0xb1, 0x20, 0x3b, 0x6c, 0x63, 0x31, 0x3b, 0xd2, 0x17, 0x24, 0x3b,
  0x39, 0x2b, 0x1b, 0x3b, 0xf9, 0x35, 0xf7, 0x3a, 0x88, 0x89, 0x1b, 0x3b,
  0x91, 0x08, 0x11, 0x3b, 0x6a, 0x32, 0x2e, 0x3b, 0xb6, 0x6b, 0x1e, 0x3b,
  0x13, 0x22, 0x03, 0x3b, 0x8e, 0x07, 0x1b, 0x3b, 0x7a, 0xad, 0xe0, 0x3a,
  0x13, 0x62, 0x25, 0x3b, 0xfc, 0x09, 0x1d, 0x3b, 0xc8, 0x84, 0x22, 0x3b,
  0xc7, 0x94, 0x12, 0x3b, 0x00, 0xfa, 0x0c, 0x3b, 0xa7, 0x2d, 0x15, 0x3b,
  0xec, 0xfa, 0x2f, 0x3b, 0x19, 0xcd, 0x1a, 0x3b, 0xa8, 0x56, 0x37, 0x3b,
  0x38, 0xd1, 0x1f, 0x3b, 0xb9, 0x8b, 0x12, 0x3b, 0x89, 0xfa, 0x16, 0x3b,
  0xdf, 0x5d, 0x28, 0x3b, 0x0f, 0x24, 0x42, 0x3b, 0x8e, 0xdb, 0x30, 0x3b,
  0xf5, 0x7e, 0x12, 0x3b, 0xb5, 0xd4, 0x18, 0x3b, 0x13, 0x49, 0x14, 0x3b,
  0xbf, 0x71, 0x12, 0x3b, 0x2c, 0xad, 0x33, 0x3b, 0xdb, 0x79, 0x29, 0x3b,
  0x56, 0x91, 0x31, 0x3b, 0x64, 0xa0, 0x2f, 0x3b, 0x34, 0x58, 0x8a, 0x3a,
  0xd1, 0x62, 0x02, 0x3b, 0xc8, 0x62, 0x42, 0x3b, 0x4c, 0x14, 0x10, 0x3b,
  0xa9, 0x77, 0x35, 0x3b, 0xfd, 0x82, 0x2e, 0x3b, 0x21, 0x71, 0x57, 0x3b,
  0x78, 0x96, 0x0b, 0x3b, 0x29, 0x80, 0xfd, 0x3a, 0x7c, 0x05, 0x02, 0x3b,
  0xc7, 0xc9, 0x0b, 0x3b, 0xaa, 0x87, 0x1f, 0x3b, 0xbb, 0xbb, 0xee, 0x3a,
  0xe1, 0xe0, 0x1f, 0x3b, 0x53, 0xf8, 0x20, 0x3b, 0x61, 0xab, 0x0c, 0x3b,
  0xae, 0xf0, 0x0b, 0x3b, 0xf5, 0xcb, 0x21, 0x3b, 0x17, 0x91, 0x1a, 0x3b,
  0x11, 0x6c, 0x2d, 0x3b, 0x83, 0x60, 0x1a, 0x3b, 0xd1, 0x1e, 0x0a, 0x3b,
  0x83, 0xb5, 0x13, 0x3b, 0xa0, 0x8c, 0x09, 0x3b, 0x98, 0xf6, 0xf1, 0x3a,
  0xec, 0x39, 0x2c, 0x3b, 0x93, 0x44, 0x11, 0x3b, 0x53, 0xd6, 0x04, 0x3b,
  0x1a, 0xfc, 0x08, 0x3b, 0xcf, 0xd9, 0xd6, 0x3a, 0x56, 0x24, 0x23, 0x3b,
  0x8e, 0x04, 0x1d, 0x3b, 0x4d, 0xce, 0x1d, 0x3b, 0x93, 0x5d, 0x0e, 0x3b,
  0xae, 0xd1, 0x39, 0x3b, 0x4a, 0x8c, 0x16, 0x3b, 0x73, 0x63, 0x1a, 0x3b,
  0x72, 0xe0, 0x28, 0x3b, 0x93, 0xd4, 0x2b, 0x3b, 0x66, 0x12, 0x10, 0x3b,
  0xbb, 0x44, 0x2d, 0x3b, 0xb1, 0xbc, 0x10, 0x3b, 0x83, 0xff, 0x2f, 0x3b,
  0xd0, 0x16, 0x26, 0x3b, 0x7b, 0xe2, 0x33, 0x3b, 0xae, 0x1b, 0x1e, 0x3b,
  0x0b, 0x85, 0x28, 0x3b, 0x25, 0x00, 0x00, 0x00, 0x6d, 0x6f, 0x64, 0x65,
  0x6c, 0x5f, 0x33, 0x39, 0x35, 0x2f, 0x74, 0x66, 0x2e, 0x6c, 0x69, 0x6e,
  0x61, 0x6c, 0x67, 0x2e, 0x6d, 0x61, 0x74, 0x6d, 0x75, 0x6c, 0x5f, 0x32,
  0x33, 0x36, 0x2f, 0x4d, 0x61, 0x74, 0x4d, 0x75, 0x6c, 0x00, 0x00, 0x00,
  0x02, 0x00, 0x00, 0x00, 0x80, 0x00, 0x00, 0x00, 0x09, 0x00, 0x00, 0x00,
  0xaa, 0xf8, 0xff, 0xff, 0x00, 0x00, 0x00, 0x01, 0x20, 0x00, 0x00, 0x00,
  0x4c, 0x02, 0x00, 0x00, 0x0a, 0x00, 0x00, 0x00, 0x00, 0x00, 0x00, 0x09,
  0x00, 0x03, 0x00, 0x00, 0x0c, 0x00, 0x0c, 0x00, 0x00, 0x00, 0x00, 0x00,
  0x08, 0x00, 0x04, 0x00, 0x0c, 0x00, 0x00, 0x00, 0x08, 0x00, 0x00, 0x00,
  0x70, 0x01, 0x00, 0x00, 0x2d, 0x00, 0x00, 0x00, 0x00, 0x00, 0x00, 0x00,
  0x00, 0x00, 0x00, 0x00, 0x00, 0x00, 0x00, 0x00, 0x00, 0x00, 0x00, 0x00,
  0x00, 0x00, 0x00, 0x00, 0x00, 0x00, 0x00, 0x00, 0x00, 0x00, 0x00, 0x00,
  0x00, 0x00, 0x00, 0x00, 0x00, 0x00, 0x00, 0x00, 0x00, 0x00, 0x00, 0x00,
  0x00, 0x00, 0x00, 0x00, 0x00, 0x00, 0x00, 0x00, 0x00, 0x00, 0x00, 0x00,
  0x00, 0x00, 0x00, 0x00, 0x00, 0x00, 0x00, 0x00, 0x00, 0x00, 0x00, 0x00,
  0x00, 0x00, 0x00, 0x00, 0x00, 0x00, 0x00, 0x00, 0x00, 0x00, 0x00, 0x00,
  0x00, 0x00, 0x00, 0x00, 0x00, 0x00, 0x00, 0x00, 0x00, 0x00, 0x00, 0x00,
  0x00, 0x00, 0x00, 0x00, 0x00, 0x00, 0x00, 0x00, 0x00, 0x00, 0x00, 0x00,
  0x00, 0x00, 0x00, 0x00, 0x00, 0x00, 0x00, 0x00, 0x00, 0x00, 0x00, 0x00,
  0x00, 0x00, 0x00, 0x00, 0x00, 0x00, 0x00, 0x00, 0x00, 0x00, 0x00, 0x00,
  0x00, 0x00, 0x00, 0x00, 0x00, 0x00, 0x00, 0x00, 0x00, 0x00, 0x00, 0x00,
  0x00, 0x00, 0x00, 0x00, 0x00, 0x00, 0x00, 0x00, 0x00, 0x00, 0x00, 0x00,
  0x00, 0x00, 0x00, 0x00, 0x00, 0x00, 0x00, 0x00, 0x00, 0x00, 0x00, 0x00,
  0x00, 0x00, 0x00, 0x00, 0x00, 0x00, 0x00, 0x00, 0x00, 0x00, 0x00, 0x00,
  0x00, 0x00, 0x00, 0x00, 0x00, 0x00, 0x00, 0x00, 0x00, 0x00, 0x00, 0x00,
  0x00, 0x00, 0x00, 0x00, 0x00, 0x00, 0x00, 0x00, 0x00, 0x00, 0x00, 0x00,
  0x00, 0x00, 0x00, 0x00, 0x00, 0x00, 0x00, 0x00, 0x00, 0x00, 0x00, 0x00,
  0x00, 0x00, 0x00, 0x00, 0x00, 0x00, 0x00, 0x00, 0x00, 0x00, 0x00, 0x00,
  0x00, 0x00, 0x00, 0x00, 0x00, 0x00, 0x00, 0x00, 0x00, 0x00, 0x00, 0x00,
  0x00, 0x00, 0x00, 0x00, 0x00, 0x00, 0x00, 0x00, 0x00, 0x00, 0x00, 0x00,
  0x00, 0x00, 0x00, 0x00, 0x00, 0x00, 0x00, 0x00, 0x00, 0x00, 0x00, 0x00,
  0x00, 0x00, 0x00, 0x00, 0x00, 0x00, 0x00, 0x00, 0x00, 0x00, 0x00, 0x00,
  0x00, 0x00, 0x00, 0x00, 0x00, 0x00, 0x00, 0x00, 0x00, 0x00, 0x00, 0x00,
  0x00, 0x00, 0x00, 0x00, 0x00, 0x00, 0x00, 0x00, 0x00, 0x00, 0x00, 0x00,
  0x00, 0x00, 0x00, 0x00, 0x00, 0x00, 0x00, 0x00, 0x00, 0x00, 0x00, 0x00,
  0x00, 0x00, 0x00, 0x00, 0x00, 0x00, 0x00, 0x00, 0x00, 0x00, 0x00, 0x00,
  0x00, 0x00, 0x00, 0x00, 0x00, 0x00, 0x00, 0x00, 0x00, 0x00, 0x00, 0x00,
  0x00, 0x00, 0x00, 0x00, 0x00, 0x00, 0x00, 0x00, 0x00, 0x00, 0x00, 0x00,
  0x00, 0x00, 0x00, 0x00, 0x00, 0x00, 0x00, 0x00, 0x00, 0x00, 0x00, 0x00,
  0x00, 0x00, 0x00, 0x00, 0x00, 0x00, 0x00, 0x00, 0x2d, 0x00, 0x00, 0x00,
  0x81, 0x63, 0x40, 0x38, 0xf2, 0xf9, 0x78, 0x39, 0x41, 0xe4, 0xa9, 0x39,
  0xfb, 0xf9, 0xd6, 0x38, 0x9e, 0x30, 0x3e, 0x38, 0x02, 0x20, 0x1a, 0x39,
  0x53, 0x68, 0x77, 0x39, 0xd6, 0xd9, 0x0c, 0x39, 0xdd, 0x57, 0x3a, 0x39,
  0xc6, 0x8d, 0xc4, 0x39, 0x66, 0x79, 0x87, 0x39, 0x0b, 0xb9, 0x0e, 0x39,
  0x47, 0xb1, 0x1a, 0x38, 0x9d, 0x66, 0x63, 0x39, 0x71, 0x7c, 0x33, 0x38,
  0x7c, 0xee, 0x8c, 0x39, 0x52, 0x34, 0x61, 0x38, 0x2c, 0x41, 0x89, 0x39,
  0xae, 0xd2, 0x3a, 0x39, 0x3e, 0x32, 0x11, 0x3a, 0x65, 0x09, 0xc1, 0x39,
  0x49, 0x7c, 0xc6, 0x39, 0x3a, 0x3a, 0x59, 0x39, 0x6c, 0xc2, 0x84, 0x39,
  0xf4, 0xc0, 0x56, 0x38, 0xa2, 0x78, 0x4d, 0x39, 0x24, 0xf8, 0x98, 0x39,
  0x6e, 0x91, 0x8c, 0x39, 0xf3, 0x0e, 0x92, 0x39, 0x63, 0x07, 0x7f, 0x38,
  0x72, 0x8b, 0x2b, 0x39, 0x11, 0x2e, 0x3e, 0x38, 0x5d, 0x60, 0xb0, 0x38,
  0x6d, 0x41, 0x45, 0x38, 0x4b, 0x71, 0xfe, 0x38, 0xd2, 0xe7, 0xe7, 0x38,
  0x3a, 0x99, 0x88, 0x38, 0xf5, 0x93, 0xde, 0x38, 0xad, 0xe6, 0xf3, 0x38,
  0xdd, 0x6d, 0x8a, 0x39, 0x0b, 0x66, 0x9f, 0x39, 0xa2, 0x17, 0x73, 0x39,
  0x71, 0xb9, 0x92, 0x38, 0xf0, 0x89, 0x5b, 0x39, 0x78, 0x15, 0x7a, 0x38,
  0xb8, 0x00, 0x00, 0x00, 0x6d, 0x6f, 0x64, 0x65, 0x6c, 0x5f, 0x33, 0x39,
  0x35, 0x2f, 0x74, 0x66, 0x2e, 0x6d, 0x61, 0x74, 0x68, 0x2e, 0x6d, 0x75,
  0x6c, 0x74, 0x69, 0x70, 0x6c, 0x79, 0x5f, 0x35, 0x31, 0x38, 0x2f, 0x4d,
  0x75, 0x6c, 0x3b, 0x6d, 0x6f, 0x64, 0x65, 0x6c, 0x5f, 0x33, 0x39, 0x35,
  0x2f, 0x74, 0x66, 0x2e, 0x5f, 0x5f, 0x6f, 0x70, 0x65, 0x72, 0x61, 0x74,
  0x6f, 0x72, 0x73, 0x5f, 0x5f, 0x2e, 0x61, 0x64, 0x64, 0x5f, 0x35, 0x31,
  0x38, 0x2f, 0x41, 0x64, 0x64, 0x56, 0x32, 0x3b, 0x6d, 0x6f, 0x64, 0x65,
  0x6c, 0x5f, 0x33, 0x39, 0x35, 0x2f, 0x74, 0x66, 0x2e, 0x6c, 0x69, 0x6e,
  0x61, 0x6c, 0x67, 0x2e, 0x6d, 0x61, 0x74, 0x6d, 0x75, 0x6c, 0x5f, 0x32,
  0x33, 0x37, 0x2f, 0x4d, 0x61, 0x74, 0x4d, 0x75, 0x6c, 0x3b, 0x6d, 0x6f,
  0x64, 0x65, 0x6c, 0x5f, 0x33, 0x39, 0x35, 0x2f, 0x74, 0x66, 0x2e, 0x6e,
  0x6e, 0x2e, 0x72, 0x65, 0x6c, 0x75, 0x5f, 0x35, 0x36, 0x36, 0x2f, 0x52,
  0x65, 0x6c, 0x75, 0x3b, 0x6d, 0x6f, 0x64, 0x65, 0x6c, 0x5f, 0x33, 0x39,
  0x35, 0x2f, 0x74, 0x66, 0x2e, 0x5f, 0x5f, 0x6f, 0x70, 0x65, 0x72, 0x61,
  0x74, 0x6f, 0x72, 0x73, 0x5f, 0x5f, 0x2e, 0x61, 0x64, 0x64, 0x5f, 0x35,
  0x31, 0x39, 0x2f, 0x41, 0x64, 0x64, 0x56, 0x32, 0x00, 0x00, 0x00, 0x00,
  0x02, 0x00, 0x00, 0x00, 0x2d, 0x00, 0x00, 0x00, 0x80, 0x00, 0x00, 0x00,
  0x5a, 0xfb, 0xff, 0xff, 0x00, 0x00, 0x00, 0x01, 0x10, 0x00, 0x00, 0x00,
  0x10, 0x00, 0x00, 0x00, 0x09, 0x00, 0x00, 0x00, 0x7c, 0x00, 0x00, 0x00,
  0x44, 0xfb, 0xff, 0xff, 0x6c, 0x00, 0x00, 0x00, 0x6d, 0x6f, 0x64, 0x65,
  0x6c, 0x5f, 0x33, 0x39, 0x35, 0x2f, 0x74, 0x66, 0x2e, 0x6c, 0x69, 0x6e,
  0x61, 0x6c, 0x67, 0x2e, 0x6d, 0x61, 0x74, 0x6d, 0x75, 0x6c, 0x5f, 0x32,
  0x33, 0x38, 0x2f, 0x4d, 0x61, 0x74, 0x4d, 0x75, 0x6c, 0x3b, 0x6d, 0x6f,
  0x64, 0x65, 0x6c, 0x5f, 0x33, 0x39, 0x35, 0x2f, 0x74, 0x66, 0x2e, 0x6e,
  0x6e, 0x2e, 0x72, 0x65, 0x6c, 0x75, 0x5f, 0x35, 0x36, 0x37, 0x2f, 0x52,
  0x65, 0x6c, 0x75, 0x3b, 0x6d, 0x6f, 0x64, 0x65, 0x6c, 0x5f, 0x33, 0x39,
  0x35, 0x2f, 0x74, 0x66, 0x2e, 0x5f, 0x5f, 0x6f, 0x70, 0x65, 0x72, 0x61,
  0x74, 0x6f, 0x72, 0x73, 0x5f, 0x5f, 0x2e, 0x61, 0x64, 0x64, 0x5f, 0x35,
  0x32, 0x31, 0x2f, 0x41, 0x64, 0x64, 0x56, 0x32, 0x00, 0x00, 0x00, 0x00,
  0x01, 0x00, 0x00, 0x00, 0x10, 0x00, 0x00, 0x00, 0xf2, 0xfb, 0xff, 0xff,
  0x00, 0x00, 0x00, 0x01, 0x10, 0x00, 0x00, 0x00, 0x10, 0x00, 0x00, 0x00,
  0x08, 0x00, 0x00, 0x00, 0xc8, 0x00, 0x00, 0x00, 0xdc, 0xfb, 0xff, 0xff,
  0xb8, 0x00, 0x00, 0x00, 0x6d, 0x6f, 0x64, 0x65, 0x6c, 0x5f, 0x33, 0x39,
  0x35, 0x2f, 0x74, 0x66, 0x2e, 0x6d, 0x61, 0x74, 0x68, 0x2e, 0x6d, 0x75,
  0x6c, 0x74, 0x69, 0x70, 0x6c, 0x79, 0x5f, 0x35, 0x32, 0x30, 0x2f, 0x4d,
  0x75, 0x6c, 0x3b, 0x6d, 0x6f, 0x64, 0x65, 0x6c, 0x5f, 0x33, 0x39, 0x35,
  0x2f, 0x74, 0x66, 0x2e, 0x5f, 0x5f, 0x6f, 0x70, 0x65, 0x72, 0x61, 0x74,
  0x6f, 0x72, 0x73, 0x5f, 0x5f, 0x2e, 0x61, 0x64, 0x64, 0x5f, 0x35, 0x32,
  0x30, 0x2f, 0x41, 0x64, 0x64, 0x56, 0x32, 0x3b, 0x6d, 0x6f, 0x64, 0x65,
  0x6c, 0x5f, 0x33, 0x39, 0x35, 0x2f, 0x74, 0x66, 0x2e, 0x6c, 0x69, 0x6e,
  0x61, 0x6c, 0x67, 0x2e, 0x6d, 0x61, 0x74, 0x6d, 0x75, 0x6c, 0x5f, 0x32,
  0x33, 0x38, 0x2f, 0x4d, 0x61, 0x74, 0x4d, 0x75, 0x6c, 0x3b, 0x6d, 0x6f,
  0x64, 0x65, 0x6c, 0x5f, 0x33, 0x39, 0x35, 0x2f, 0x74, 0x66, 0x2e, 0x6e,
  0x6e, 0x2e, 0x72, 0x65, 0x6c, 0x75, 0x5f, 0x35, 0x36, 0x37, 0x2f, 0x52,
  0x65, 0x6c, 0x75, 0x3b, 0x6d, 0x6f, 0x64, 0x65, 0x6c, 0x5f, 0x33, 0x39,
  0x35, 0x2f, 0x74, 0x66, 0x2e, 0x5f, 0x5f, 0x6f, 0x70, 0x65, 0x72, 0x61,
  0x74, 0x6f, 0x72, 0x73, 0x5f, 0x5f, 0x2e, 0x61, 0x64, 0x64, 0x5f, 0x35,
  0x32, 0x31, 0x2f, 0x41, 0x64, 0x64, 0x56, 0x32, 0x00, 0x00, 0x00, 0x00,
  0x02, 0x00, 0x00, 0x00, 0x10, 0x00, 0x00, 0x00, 0x2d, 0x00, 0x00, 0x00,
  0xda, 0xfc, 0xff, 0xff, 0x00, 0x00, 0x00, 0x01, 0x10, 0x00, 0x00, 0x00,
  0x10, 0x00, 0x00, 0x00, 0x07, 0x00, 0x00, 0x00, 0x7c, 0x00, 0x00, 0x00,
  0xc4, 0xfc, 0xff, 0xff, 0x6c, 0x00, 0x00, 0x00, 0x6d, 0x6f, 0x64, 0x65,
  0x6c, 0x5f, 0x33, 0x39, 0x35, 0x2f, 0x74, 0x66, 0x2e, 0x6c, 0x69, 0x6e,
  0x61, 0x6c, 0x67, 0x2e, 0x6d, 0x61, 0x74, 0x6d, 0x75, 0x6c, 0x5f, 0x32,
  0x33, 0x37, 0x2f, 0x4d, 0x61, 0x74, 0x4d, 0x75, 0x6c, 0x3b, 0x6d, 0x6f,
  0x64, 0x65, 0x6c, 0x5f, 0x33, 0x39, 0x35, 0x2f, 0x74, 0x66, 0x2e, 0x6e,
  0x6e, 0x2e, 0x72, 0x65, 0x6c, 0x75, 0x5f, 0x35, 0x36, 0x36, 0x2f, 0x52,
  0x65, 0x6c, 0x75, 0x3b, 0x6d, 0x6f, 0x64, 0x65, 0x6c, 0x5f, 0x33, 0x39,
  0x35, 0x2f, 0x74, 0x66, 0x2e, 0x5f, 0x5f, 0x6f, 0x70, 0x65, 0x72, 0x61,
  0x74, 0x6f, 0x72, 0x73, 0x5f, 0x5f, 0x2e, 0x61, 0x64, 0x64, 0x5f, 0x35,
  0x31, 0x39, 0x2f, 0x41, 0x64, 0x64, 0x56, 0x32, 0x00, 0x00, 0x00, 0x00,
  0x01, 0x00, 0x00, 0x00, 0x2d, 0x00, 0x00, 0x00, 0x72, 0xfd, 0xff, 0xff,
  0x00, 0x00, 0x00, 0x01, 0x10, 0x00, 0x00, 0x00, 0x10, 0x00, 0x00, 0x00,
  0x06, 0x00, 0x00, 0x00, 0x54, 0x00, 0x00, 0x00, 0x5c, 0xfd, 0xff, 0xff,
  0x46, 0x00, 0x00, 0x00, 0x6d, 0x6f, 0x64, 0x65, 0x6c, 0x5f, 0x33, 0x39,
  0x35, 0x2f, 0x74, 0x66, 0x2e, 0x6e, 0x6e, 0x2e, 0x72, 0x65, 0x6c, 0x75,
  0x5f, 0x35, 0x36, 0x35, 0x2f, 0x52, 0x65, 0x6c, 0x75, 0x3b, 0x6d, 0x6f,
  0x64, 0x65, 0x6c, 0x5f, 0x33, 0x39, 0x35, 0x2f, 0x74, 0x66, 0x2e, 0x5f,
  0x5f, 0x6f, 0x70, 0x65, 0x72, 0x61, 0x74, 0x6f, 0x72, 0x73, 0x5f, 0x5f,
  0x2e, 0x61, 0x64, 0x64, 0x5f, 0x35, 0x31, 0x37, 0x2f, 0x41, 0x64, 0x64,
  0x56, 0x32, 0x00, 0x00, 0x01, 0x00, 0x00, 0x00, 0x80, 0x00, 0x00, 0x00,
  0xe2, 0xfd, 0xff, 0xff, 0x00, 0x00, 0x00, 0x01, 0x10, 0x00, 0x00, 0x00,
  0x10, 0x00, 0x00, 0x00, 0x05, 0x00, 0x00, 0x00, 0xa8, 0x00, 0x00, 0x00,
  0xcc, 0xfd, 0xff, 0xff, 0x9a, 0x00, 0x00, 0x00, 0x6d, 0x6f, 0x64, 0x65,
  0x6c, 0x5f, 0x33, 0x39, 0x35, 0x2f, 0x74, 0x66, 0x2e, 0x6d, 0x61, 0x74,
  0x68, 0x2e, 0x6d, 0x75, 0x6c, 0x74, 0x69, 0x70, 0x6c, 0x79, 0x5f, 0x35,
  0x32, 0x32, 0x2f, 0x4d, 0x75, 0x6c, 0x3b, 0x6d, 0x6f, 0x64, 0x65, 0x6c,
  0x5f, 0x33, 0x39, 0x35, 0x2f, 0x74, 0x66, 0x2e, 0x5f, 0x5f, 0x6f, 0x70,
  0x65, 0x72, 0x61, 0x74, 0x6f, 0x72, 0x73, 0x5f, 0x5f, 0x2e, 0x61, 0x64,
  0x64, 0x5f, 0x35, 0x32, 0x32, 0x2f, 0x41, 0x64, 0x64, 0x56, 0x32, 0x3b,
  0x6d, 0x6f, 0x64, 0x65, 0x6c, 0x5f, 0x33, 0x39, 0x35, 0x2f, 0x74, 0x66,
  0x2e, 0x6c, 0x69, 0x6e, 0x61, 0x6c, 0x67, 0x2e, 0x6d, 0x61, 0x74, 0x6d,
  0x75, 0x6c, 0x5f, 0x32, 0x33, 0x39, 0x2f, 0x4d, 0x61, 0x74, 0x4d, 0x75,
  0x6c, 0x3b, 0x6d, 0x6f, 0x64, 0x65, 0x6c, 0x5f, 0x33, 0x39, 0x35, 0x2f,
  0x74, 0x66, 0x2e, 0x5f, 0x5f, 0x6f, 0x70, 0x65, 0x72, 0x61, 0x74, 0x6f,
  0x72, 0x73, 0x5f, 0x5f, 0x2e, 0x61, 0x64, 0x64, 0x5f, 0x35, 0x32, 0x33,
  0x2f, 0x41, 0x64, 0x64, 0x56, 0x32, 0x00, 0x00, 0x02, 0x00, 0x00, 0x00,
  0x07, 0x00, 0x00, 0x00, 0x10, 0x00, 0x00, 0x00, 0xaa, 0xfe, 0xff, 0xff,
  0x00, 0x00, 0x00, 0x01, 0x10, 0x00, 0x00, 0x00, 0x10, 0x00, 0x00, 0x00,
  0x04, 0x00, 0x00, 0x00, 0x5c, 0x00, 0x00, 0x00, 0x94, 0xfe, 0xff, 0xff,
  0x4e, 0x00, 0x00, 0x00, 0x6d, 0x6f, 0x64, 0x65, 0x6c, 0x5f, 0x33, 0x39,
  0x35, 0x2f, 0x74, 0x66, 0x2e, 0x6c, 0x69, 0x6e, 0x61, 0x6c, 0x67, 0x2e,
  0x6d, 0x61, 0x74, 0x6d, 0x75, 0x6c, 0x5f, 0x32, 0x33, 0x39, 0x2f, 0x4d,
  0x61, 0x74, 0x4d, 0x75, 0x6c, 0x3b, 0x6d, 0x6f, 0x64, 0x65, 0x6c, 0x5f,
  0x33, 0x39, 0x35, 0x2f, 0x74, 0x66, 0x2e, 0x5f, 0x5f, 0x6f, 0x70, 0x65,
  0x72, 0x61, 0x74, 0x6f, 0x72, 0x73, 0x5f, 0x5f, 0x2e, 0x61, 0x64, 0x64,
  0x5f, 0x35, 0x32, 0x33, 0x2f, 0x41, 0x64, 0x64, 0x56, 0x32, 0x00, 0x00,
  0x01, 0x00, 0x00, 0x00, 0x07, 0x00, 0x00, 0x00, 0x96, 0xff, 0xff, 0xff,
  0x00, 0x00, 0x00, 0x01, 0x14, 0x00, 0x00, 0x00, 0x14, 0x00, 0x00, 0x00,
  0x03, 0x00, 0x00, 0x00, 0x00, 0x00, 0x00, 0x02, 0x48, 0x00, 0x00, 0x00,
  0x10, 0xff, 0xff, 0xff, 0x38, 0x00, 0x00, 0x00, 0x6d, 0x6f, 0x64, 0x65,
  0x6c, 0x5f, 0x33, 0x39, 0x35, 0x2f, 0x74, 0x66, 0x2e, 0x6d, 0x61, 0x74,
  0x68, 0x2e, 0x72, 0x65, 0x64, 0x75, 0x63, 0x65, 0x5f, 0x6d, 0x65, 0x61,
  0x6e, 0x5f, 0x31, 0x31, 0x31, 0x2f, 0x4d, 0x65, 0x61, 0x6e, 0x2f, 0x72,
  0x65, 0x64, 0x75, 0x63, 0x74, 0x69, 0x6f, 0x6e, 0x5f, 0x69, 0x6e, 0x64,
  0x69, 0x63, 0x65, 0x73, 0x00, 0x00, 0x00, 0x00, 0x01, 0x00, 0x00, 0x00,
  0x01, 0x00, 0x00, 0x00, 0x00, 0x00, 0x16, 0x00, 0x1c, 0x00, 0x18, 0x00,
  0x17, 0x00, 0x10, 0x00, 0x0c, 0x00, 0x08, 0x00, 0x00, 0x00, 0x00, 0x00,
  0x00, 0x00, 0x07, 0x00, 0x16, 0x00, 0x00, 0x00, 0x00, 0x00, 0x00, 0x01,
  0x14, 0x00, 0x00, 0x00, 0x14, 0x00, 0x00, 0x00, 0x02, 0x00, 0x00, 0x00,
  0x00, 0x00, 0x00, 0x02, 0x3c, 0x00, 0x00, 0x00, 0x90, 0xff, 0xff, 0xff,
  0x2e, 0x00, 0x00, 0x00, 0x6d, 0x6f, 0x64, 0x65, 0x6c, 0x5f, 0x33, 0x39,
  0x35, 0x2f, 0x74, 0x66, 0x2e, 0x63, 0x6f, 0x6d, 0x70, 0x61, 0x74, 0x2e,
  0x76, 0x31, 0x2e, 0x73, 0x71, 0x75, 0x65, 0x65, 0x7a, 0x65, 0x5f, 0x33,
  0x31, 0x2f, 0x6e, 0x6f, 0x64, 0x65, 0x5f, 0x73, 0x71, 0x75, 0x65, 0x65,
  0x7a, 0x65, 0x00, 0x00, 0x01, 0x00, 0x00, 0x00, 0x03, 0x00, 0x00, 0x00,
  0x00, 0x00, 0x16, 0x00, 0x18, 0x00, 0x14, 0x00, 0x00, 0x00, 0x10, 0x00,
  0x0c, 0x00, 0x08, 0x00, 0x00, 0x00, 0x00, 0x00, 0x00, 0x00, 0x07, 0x00,
  0x16, 0x00, 0x00, 0x00, 0x00, 0x00, 0x00, 0x01, 0x14, 0x00, 0x00, 0x00,
  0x14, 0x00, 0x00, 0x00, 0x01, 0x00, 0x00, 0x00, 0x28, 0x00, 0x00, 0x00,
  0x04, 0x00, 0x04, 0x00, 0x04, 0x00, 0x00, 0x00, 0x17, 0x00, 0x00, 0x00,
  0x73, 0x65, 0x72, 0x76, 0x69, 0x6e, 0x67, 0x5f, 0x64, 0x65, 0x66, 0x61,
  0x75, 0x6c, 0x74, 0x5f, 0x69, 0x6e, 0x70, 0x75, 0x74, 0x3a, 0x30, 0x00,
  0x04, 0x00, 0x00, 0x00, 0x01, 0x00, 0x00, 0x00, 0x05, 0x00, 0x00, 0x00,
  0x01, 0x00, 0x00, 0x00, 0x09, 0x00, 0x00, 0x00, 0x04, 0x00, 0x00, 0x00,
  0x50, 0x00, 0x00, 0x00, 0x34, 0x00, 0x00, 0x00, 0x20, 0x00, 0x00, 0x00,
  0x04, 0x00, 0x00, 0x00, 0xcc, 0xff, 0xff, 0xff, 0x19, 0x00, 0x00, 0x00,
  0x00, 0x00, 0x00, 0x19, 0x0c, 0x00, 0x10, 0x00, 0x0f, 0x00, 0x00, 0x00,
  0x08, 0x00, 0x04, 0x00, 0x0c, 0x00, 0x00, 0x00, 0x09, 0x00, 0x00, 0x00,
  0x0c, 0x00, 0x00, 0x00, 0x00, 0x00, 0x00, 0x09, 0xf4, 0xff, 0xff, 0xff,
  0x28, 0x00, 0x00, 0x00, 0x00, 0x00, 0x00, 0x28, 0x0c, 0x00, 0x0c, 0x00,
  0x0b, 0x00, 0x00, 0x00, 0x00, 0x00, 0x04, 0x00, 0x0c, 0x00, 0x00, 0x00,
  0x16, 0x00, 0x00, 0x00, 0x00, 0x00, 0x00, 0x16
};
unsigned int tflite_models_torch_dense_3_5_ON_hybrid_tflite_len = 17216;
