unsigned char tflite_models_torch_conv_10_5_ON_int8_tflite[] = {
  0x1c, 0x00, 0x00, 0x00, 0x54, 0x46, 0x4c, 0x33, 0x14, 0x00, 0x20, 0x00,
  0x1c, 0x00, 0x18, 0x00, 0x14, 0x00, 0x10, 0x00, 0x0c, 0x00, 0x00, 0x00,
  0x08, 0x00, 0x04, 0x00, 0x14, 0x00, 0x00, 0x00, 0x1c, 0x00, 0x00, 0x00,
  0x8c, 0x00, 0x00, 0x00, 0xe4, 0x00, 0x00, 0x00, 0x40, 0x26, 0x00, 0x00,
  0x50, 0x26, 0x00, 0x00, 0x50, 0x65, 0x00, 0x00, 0x03, 0x00, 0x00, 0x00,
  0x01, 0x00, 0x00, 0x00, 0x10, 0x00, 0x00, 0x00, 0x00, 0x00, 0x0a, 0x00,
  0x10, 0x00, 0x0c, 0x00, 0x08, 0x00, 0x04, 0x00, 0x0a, 0x00, 0x00, 0x00,
  0x0c, 0x00, 0x00, 0x00, 0x1c, 0x00, 0x00, 0x00, 0x38, 0x00, 0x00, 0x00,
  0x0f, 0x00, 0x00, 0x00, 0x73, 0x65, 0x72, 0x76, 0x69, 0x6e, 0x67, 0x5f,
  0x64, 0x65, 0x66, 0x61, 0x75, 0x6c, 0x74, 0x00, 0x01, 0x00, 0x00, 0x00,
  0x04, 0x00, 0x00, 0x00, 0x9c, 0xff, 0xff, 0xff, 0x4c, 0x00, 0x00, 0x00,
  0x04, 0x00, 0x00, 0x00, 0x06, 0x00, 0x00, 0x00, 0x6f, 0x75, 0x74, 0x70,
  0x75, 0x74, 0x00, 0x00, 0x01, 0x00, 0x00, 0x00, 0x04, 0x00, 0x00, 0x00,
  0x2e, 0xd9, 0xff, 0xff, 0x04, 0x00, 0x00, 0x00, 0x05, 0x00, 0x00, 0x00,
  0x69, 0x6e, 0x70, 0x75, 0x74, 0x00, 0x00, 0x00, 0x02, 0x00, 0x00, 0x00,
  0x34, 0x00, 0x00, 0x00, 0x04, 0x00, 0x00, 0x00, 0xdc, 0xff, 0xff, 0xff,
  0x4f, 0x00, 0x00, 0x00, 0x04, 0x00, 0x00, 0x00, 0x13, 0x00, 0x00, 0x00,
  0x43, 0x4f, 0x4e, 0x56, 0x45, 0x52, 0x53, 0x49, 0x4f, 0x4e, 0x5f, 0x4d,
  0x45, 0x54, 0x41, 0x44, 0x41, 0x54, 0x41, 0x00, 0x08, 0x00, 0x0c, 0x00,
  0x08, 0x00, 0x04, 0x00, 0x08, 0x00, 0x00, 0x00, 0x4e, 0x00, 0x00, 0x00,
  0x04, 0x00, 0x00, 0x00, 0x13, 0x00, 0x00, 0x00, 0x6d, 0x69, 0x6e, 0x5f,
  0x72, 0x75, 0x6e, 0x74, 0x69, 0x6d, 0x65, 0x5f, 0x76, 0x65, 0x72, 0x73,
  0x69, 0x6f, 0x6e, 0x00, 0x50, 0x00, 0x00, 0x00, 0x58, 0x25, 0x00, 0x00,
  0x50, 0x25, 0x00, 0x00, 0x38, 0x25, 0x00, 0x00, 0x0c, 0x25, 0x00, 0x00,
  0x8c, 0x24, 0x00, 0x00, 0x6c, 0x24, 0x00, 0x00, 0x4c, 0x24, 0x00, 0x00,
  0xfc, 0x23, 0x00, 0x00, 0xec, 0x20, 0x00, 0x00, 0xcc, 0x20, 0x00, 0x00,
  0xac, 0x20, 0x00, 0x00, 0x5c, 0x20, 0x00, 0x00, 0x4c, 0x1d, 0x00, 0x00,
  0x2c, 0x1d, 0x00, 0x00, 0x0c, 0x1d, 0x00, 0x00, 0xbc, 0x1c, 0x00, 0x00,
  0xac, 0x19, 0x00, 0x00, 0x8c, 0x19, 0x00, 0x00, 0x6c, 0x19, 0x00, 0x00,
  0x1c, 0x19, 0x00, 0x00, 0x0c, 0x16, 0x00, 0x00, 0xec, 0x15, 0x00, 0x00,
  0xcc, 0x15, 0x00, 0x00, 0x7c, 0x15, 0x00, 0x00, 0x6c, 0x12, 0x00, 0x00,
  0x4c, 0x12, 0x00, 0x00, 0x2c, 0x12, 0x00, 0x00, 0xdc, 0x11, 0x00, 0x00,
  0xcc, 0x0e, 0x00, 0x00, 0xac, 0x0e, 0x00, 0x00, 0x8c, 0x0e, 0x00, 0x00,
  0x3c, 0x0e, 0x00, 0x00, 0x2c, 0x0b, 0x00, 0x00, 0x0c, 0x0b, 0x00, 0x00,
  0xec, 0x0a, 0x00, 0x00, 0x9c, 0x0a, 0x00, 0x00, 0x8c, 0x07, 0x00, 0x00,
  0x6c, 0x07, 0x00, 0x00, 0x4c, 0x07, 0x00, 0x00, 0xfc, 0x06, 0x00, 0x00,
  0xec, 0x03, 0x00, 0x00, 0xcc, 0x03, 0x00, 0x00, 0xac, 0x03, 0x00, 0x00,
  0x5c, 0x03, 0x00, 0x00, 0x9c, 0x01, 0x00, 0x00, 0x94, 0x01, 0x00, 0x00,
  0x8c, 0x01, 0x00, 0x00, 0x84, 0x01, 0x00, 0x00, 0x7c, 0x01, 0x00, 0x00,
  0x74, 0x01, 0x00, 0x00, 0x6c, 0x01, 0x00, 0x00, 0x64, 0x01, 0x00, 0x00,
  0x5c, 0x01, 0x00, 0x00, 0x54, 0x01, 0x00, 0x00, 0x4c, 0x01, 0x00, 0x00,
  0x44, 0x01, 0x00, 0x00, 0x3c, 0x01, 0x00, 0x00, 0x34, 0x01, 0x00, 0x00,
  0x2c, 0x01, 0x00, 0x00, 0x24, 0x01, 0x00, 0x00, 0x1c, 0x01, 0x00, 0x00,
  0x14, 0x01, 0x00, 0x00, 0x0c, 0x01, 0x00, 0x00, 0x04, 0x01, 0x00, 0x00,
  0xfc, 0x00, 0x00, 0x00, 0xf4, 0x00, 0x00, 0x00, 0xec, 0x00, 0x00, 0x00,
  0xe4, 0x00, 0x00, 0x00, 0xdc, 0x00, 0x00, 0x00, 0xd4, 0x00, 0x00, 0x00,
  0xcc, 0x00, 0x00, 0x00, 0xc4, 0x00, 0x00, 0x00, 0xbc, 0x00, 0x00, 0x00,
  0xb4, 0x00, 0x00, 0x00, 0xac, 0x00, 0x00, 0x00, 0xa4, 0x00, 0x00, 0x00,
  0x9c, 0x00, 0x00, 0x00, 0x94, 0x00, 0x00, 0x00, 0x74, 0x00, 0x00, 0x00,
  0x04, 0x00, 0x00, 0x00, 0xe2, 0xda, 0xff, 0xff, 0x04, 0x00, 0x00, 0x00,
  0x60, 0x00, 0x00, 0x00, 0x0c, 0x00, 0x00, 0x00, 0x08, 0x00, 0x0e, 0x00,
  0x08, 0x00, 0x04, 0x00, 0x08, 0x00, 0x00, 0x00, 0x10, 0x00, 0x00, 0x00,
  0x28, 0x00, 0x00, 0x00, 0x00, 0x00, 0x06, 0x00, 0x08, 0x00, 0x04, 0x00,
  0x06, 0x00, 0x00, 0x00, 0x04, 0x00, 0x00, 0x00, 0x01, 0x00, 0x00, 0x00,
  0xeb, 0x03, 0x00, 0x00, 0x0c, 0x00, 0x18, 0x00, 0x14, 0x00, 0x10, 0x00,
  0x0c, 0x00, 0x04, 0x00, 0x0c, 0x00, 0x00, 0x00, 0x77, 0xdb, 0x47, 0x0d,
  0x8b, 0x60, 0xff, 0xb5, 0x01, 0x00, 0x00, 0x00, 0x02, 0x00, 0x00, 0x00,
  0x04, 0x00, 0x00, 0x00, 0x06, 0x00, 0x00, 0x00, 0x32, 0x2e, 0x32, 0x31,
  0x2e, 0x30, 0x00, 0x00, 0x4e, 0xdb, 0xff, 0xff, 0x04, 0x00, 0x00, 0x00,
  0x10, 0x00, 0x00, 0x00, 0x31, 0x2e, 0x31, 0x34, 0x2e, 0x30, 0x00, 0x00,
  0x00, 0x00, 0x00, 0x00, 0x00, 0x00, 0x00, 0x00, 0x34, 0x9e, 0xff, 0xff,
  0x38, 0x9e, 0xff, 0xff, 0x3c, 0x9e, 0xff, 0xff, 0x40, 0x9e, 0xff, 0xff,
  0x44, 0x9e, 0xff, 0xff, 0x48, 0x9e, 0xff, 0xff, 0x4c, 0x9e, 0xff, 0xff,
  0x50, 0x9e, 0xff, 0xff, 0x54, 0x9e, 0xff, 0xff, 0x58, 0x9e, 0xff, 0xff,
  0x5c, 0x9e, 0xff, 0xff, 0x60, 0x9e, 0xff, 0xff, 0x64, 0x9e, 0xff, 0xff,
  0x68, 0x9e, 0xff, 0xff, 0x6c, 0x9e, 0xff, 0xff, 0x70, 0x9e, 0xff, 0xff,
  0x74, 0x9e, 0xff, 0xff, 0x78, 0x9e, 0xff, 0xff, 0x7c, 0x9e, 0xff, 0xff,
  0x80, 0x9e, 0xff, 0xff, 0x84, 0x9e, 0xff, 0xff, 0x88, 0x9e, 0xff, 0xff,
  0x8c, 0x9e, 0xff, 0xff, 0x90, 0x9e, 0xff, 0xff, 0x94, 0x9e, 0xff, 0xff,
  0x98, 0x9e, 0xff, 0xff, 0x9c, 0x9e, 0xff, 0xff, 0xa0, 0x9e, 0xff, 0xff,
  0xa4, 0x9e, 0xff, 0xff, 0xa8, 0x9e, 0xff, 0xff, 0xac, 0x9e, 0xff, 0xff,
  0xb0, 0x9e, 0xff, 0xff, 0xb4, 0x9e, 0xff, 0xff, 0xee, 0xdb, 0xff, 0xff,
  0x04, 0x00, 0x00, 0x00, 0xb0, 0x01, 0x00, 0x00, 0x19, 0x65, 0xfb, 0x35,
  0x7f, 0x25, 0xbf, 0xea, 0x69, 0xb3, 0x62, 0x3b, 0x40, 0x3a, 0xc1, 0xf3,
  0x21, 0xc8, 0x27, 0x70, 0xe1, 0x1b, 0x5b, 0xff, 0x6c, 0x1d, 0x5c, 0x38,
  0x40, 0x16, 0x01, 0x24, 0x60, 0xa9, 0xe8, 0xce, 0xbc, 0x32, 0x10, 0xc5,
  0x83, 0x33, 0x28, 0xc5, 0x01, 0xc6, 0x8d, 0x10, 0x11, 0xb9, 0x49, 0x81,
  0x6a, 0xd3, 0x8e, 0x87, 0xd9, 0x7d, 0x3a, 0x2a, 0x6f, 0x96, 0xf5, 0x00,
  0x59, 0x36, 0xc6, 0x05, 0x82, 0x5f, 0xc7, 0x43, 0x2e, 0xb9, 0x58, 0x06,
  0x6d, 0x81, 0x7f, 0x5e, 0xd3, 0x23, 0x56, 0xf6, 0xd6, 0x53, 0xfc, 0x7f,
  0xae, 0x0b, 0xb2, 0xe8, 0xa6, 0x0c, 0xc4, 0xd3, 0xa8, 0x82, 0xc2, 0xe8,
  0x7b, 0x31, 0x19, 0xa3, 0x12, 0x3c, 0x8e, 0x3d, 0x41, 0xb2, 0xfc, 0x18,
  0xd2, 0x96, 0xf9, 0xa6, 0x38, 0x7d, 0xa1, 0xe4, 0x17, 0xb5, 0x18, 0x67,
  0x5a, 0x9e, 0x61, 0x72, 0x0c, 0x29, 0x01, 0x7f, 0x1c, 0x2c, 0x3f, 0x08,
  0xcd, 0xe6, 0xd7, 0x42, 0x1d, 0x01, 0x69, 0x1a, 0x9e, 0xd1, 0x47, 0x81,
  0x24, 0x4a, 0xb7, 0x09, 0x30, 0x11, 0xdc, 0x3f, 0x0f, 0xf4, 0x72, 0x00,
  0x15, 0x0c, 0xea, 0xbf, 0x88, 0xcb, 0x93, 0xd4, 0x1c, 0x60, 0xf9, 0xb8,
  0x27, 0xa4, 0xdd, 0x1e, 0xfe, 0x84, 0xb8, 0x9a, 0x0b, 0xe5, 0xf5, 0x0e,
  0x2f, 0x81, 0xa6, 0x1b, 0xdc, 0xef, 0xbf, 0xdb, 0xd5, 0x2e, 0x2b, 0x7f,
  0xbb, 0x58, 0xbf, 0x08, 0xbb, 0x13, 0xea, 0x2f, 0xf8, 0x00, 0xec, 0xac,
  0xba, 0x41, 0x73, 0x4c, 0x5f, 0x30, 0xfd, 0xda, 0x5b, 0xfb, 0x41, 0x66,
  0x4d, 0x5d, 0xe7, 0x83, 0x35, 0x37, 0x44, 0x34, 0xf9, 0x1a, 0x2f, 0x7f,
  0x96, 0x58, 0x64, 0xe0, 0xc2, 0x0a, 0xb9, 0x3a, 0xf0, 0xc3, 0x2c, 0xe5,
  0x47, 0xc5, 0x11, 0x2d, 0xdb, 0xcf, 0x4b, 0x93, 0x55, 0xa7, 0x49, 0x38,
  0x42, 0x46, 0x99, 0x4f, 0x99, 0xfc, 0x5f, 0xd4, 0x4f, 0x22, 0x62, 0x81,
  0x77, 0xa7, 0x97, 0x97, 0xb1, 0x34, 0xf4, 0x25, 0x7f, 0xf4, 0x9e, 0xcf,
  0x62, 0xd4, 0x17, 0xb4, 0xad, 0x58, 0xae, 0x0f, 0xb0, 0xc2, 0x63, 0x0f,
  0x4f, 0xcd, 0x04, 0x64, 0x13, 0x45, 0xd4, 0x54, 0x60, 0xfe, 0xe1, 0xa2,
  0x5b, 0x6d, 0xbb, 0x08, 0xa5, 0xe1, 0x4c, 0x6e, 0x29, 0x7d, 0x17, 0x04,
  0x0a, 0x34, 0x29, 0x2a, 0x46, 0x81, 0x0b, 0xf9, 0x93, 0x75, 0xdc, 0x81,
  0xd1, 0xfd, 0x14, 0x62, 0x21, 0x32, 0xdc, 0xa2, 0x11, 0x94, 0x5e, 0x0a,
  0xcf, 0x31, 0x4c, 0x01, 0x5f, 0x9b, 0xbf, 0x01, 0x2f, 0x11, 0x09, 0xa3,
  0x40, 0x92, 0xf8, 0x69, 0xfc, 0xab, 0x44, 0x70, 0xed, 0xe6, 0xc4, 0x56,
  0x7f, 0x53, 0x36, 0x40, 0x43, 0xfb, 0x06, 0xd9, 0xdf, 0x20, 0x33, 0xe1,
  0xd3, 0x59, 0xcd, 0x18, 0x95, 0xdb, 0x36, 0x4f, 0xe1, 0x7f, 0x51, 0x08,
  0x9e, 0x16, 0x8e, 0x02, 0xf3, 0x1c, 0xce, 0xa4, 0x08, 0x69, 0xbf, 0xf9,
  0xbe, 0x05, 0x87, 0xa7, 0xf9, 0xfc, 0x29, 0x9c, 0xca, 0x52, 0xbb, 0x8b,
  0xd5, 0xbf, 0xd1, 0xa6, 0xca, 0x4e, 0xa5, 0x01, 0xb0, 0x60, 0xd1, 0xd4,
  0x64, 0x53, 0x81, 0x01, 0x70, 0xf2, 0x44, 0xcd, 0xaa, 0xdd, 0xff, 0xff,
  0x04, 0x00, 0x00, 0x00, 0x40, 0x00, 0x00, 0x00, 0x04, 0x00, 0x00, 0x00,
  0x36, 0x00, 0x00, 0x00, 0xdb, 0xff, 0xff, 0xff, 0x46, 0x00, 0x00, 0x00,
  0xc2, 0xff, 0xff, 0xff, 0x1f, 0x00, 0x00, 0x00, 0xe5, 0xff, 0xff, 0xff,
  0x03, 0x00, 0x00, 0x00, 0xd8, 0xff, 0xff, 0xff, 0x1f, 0x00, 0x00, 0x00,
  0x20, 0x00, 0x00, 0x00, 0xcf, 0xff, 0xff, 0xff, 0x0f, 0x00, 0x00, 0x00,
  0xf3, 0xff, 0xff, 0xff, 0x19, 0x00, 0x00, 0x00, 0x2c, 0x00, 0x00, 0x00,
  0xf6, 0xdd, 0xff, 0xff, 0x04, 0x00, 0x00, 0x00, 0x10, 0x00, 0x00, 0x00,
  0xc9, 0x0b, 0xf2, 0xea, 0xc3, 0xd4, 0xc9, 0xd4, 0xc8, 0x2b, 0xc8, 0x7f,
  0x19, 0xc7, 0x06, 0xf2, 0x12, 0xde, 0xff, 0xff, 0x04, 0x00, 0x00, 0x00,
  0x10, 0x00, 0x00, 0x00, 0xb4, 0x95, 0x8b, 0x9f, 0xb3, 0x81, 0x94, 0x80,
  0xb7, 0x92, 0x8a, 0x92, 0xaf, 0xa3, 0xa8, 0x87, 0x2e, 0xde, 0xff, 0xff,
  0x04, 0x00, 0x00, 0x00, 0x00, 0x03, 0x00, 0x00, 0x32, 0x9d, 0xfb, 0x30,
  0xd5, 0x83, 0xb3, 0xc5, 0xc6, 0x53, 0xb7, 0xfc, 0x37, 0x40, 0xa9, 0x28,
  0x7f, 0x12, 0x91, 0x1c, 0xac, 0x2d, 0x94, 0x75, 0xa9, 0x2e, 0x50, 0x5d,
  0x62, 0x6e, 0xcc, 0x48, 0x75, 0x4e, 0x64, 0xba, 0x3a, 0x46, 0x3c, 0x8b,
  0x29, 0x53, 0x65, 0x9a, 0x2d, 0x49, 0xa6, 0x3a, 0x81, 0x44, 0xde, 0x9c,
  0xf0, 0x33, 0xf7, 0x61, 0xf8, 0xf2, 0x8a, 0xad, 0xd4, 0x34, 0x9f, 0xa8,
  0x91, 0xbe, 0x5c, 0xe7, 0x48, 0x89, 0xf7, 0x1a, 0xb8, 0xba, 0x74, 0x92,
  0xb1, 0x09, 0xf7, 0x2d, 0x53, 0x0b, 0x31, 0x51, 0xb4, 0xce, 0xc4, 0xab,
  0x9f, 0xf9, 0x24, 0x27, 0x6e, 0x6d, 0x13, 0x2c, 0x33, 0xf0, 0x10, 0x15,
  0xe4, 0x21, 0x7d, 0x13, 0xc4, 0x36, 0x2f, 0x88, 0x68, 0xdf, 0x7f, 0x18,
  0xf9, 0x16, 0x31, 0x07, 0xf0, 0xae, 0x2c, 0x45, 0xd8, 0xd1, 0xe0, 0xb8,
  0x61, 0xe1, 0xc4, 0x26, 0x97, 0xa2, 0x20, 0x23, 0x0c, 0x36, 0x62, 0x8d,
  0xe9, 0xe4, 0x3c, 0xad, 0xe1, 0xde, 0x5d, 0x1d, 0xcb, 0x6d, 0x33, 0x47,
  0xb6, 0x1c, 0xd7, 0x1a, 0xf0, 0x7f, 0x26, 0x3a, 0x99, 0x6b, 0xba, 0xa0,
  0xbf, 0x55, 0x86, 0xb2, 0xd5, 0x29, 0xa0, 0xb9, 0xb6, 0xe3, 0x92, 0x1d,
  0xd4, 0xf1, 0xa1, 0x38, 0x30, 0xe9, 0xb5, 0x27, 0xbf, 0x5b, 0x62, 0x29,
  0xc6, 0x4f, 0xe1, 0x0a, 0x6f, 0xc6, 0x49, 0x54, 0xc8, 0xd3, 0x8a, 0x28,
  0x3e, 0x0a, 0xf8, 0x56, 0xf8, 0xf2, 0xb9, 0x18, 0x5f, 0x4e, 0xe4, 0x52,
  0xf9, 0x42, 0x89, 0xf8, 0xe3, 0x16, 0x03, 0x4e, 0x93, 0xa5, 0x0f, 0x81,
  0x0d, 0xa0, 0xea, 0x69, 0xcb, 0x9f, 0xeb, 0xab, 0xce, 0xdb, 0xd5, 0x08,
  0x8e, 0x3f, 0x54, 0xd8, 0x6e, 0xd1, 0x66, 0xfb, 0x64, 0xdc, 0xdb, 0x6f,
  0x3f, 0xd6, 0x1f, 0x14, 0xda, 0xcf, 0x48, 0x12, 0x13, 0x6b, 0x4f, 0x19,
  0x18, 0x12, 0x2b, 0x55, 0x66, 0xbb, 0x40, 0xcd, 0xeb, 0xe3, 0xb3, 0x29,
  0xc6, 0xee, 0x9a, 0x81, 0xab, 0x36, 0x3d, 0xb6, 0xb3, 0xc3, 0x0b, 0x2d,
  0x05, 0x00, 0xcb, 0xb8, 0xb8, 0x2c, 0x6d, 0xc2, 0x55, 0x02, 0x45, 0x91,
  0xb1, 0x84, 0xe7, 0xcc, 0x6a, 0x97, 0x58, 0xe6, 0x7f, 0x95, 0x61, 0x42,
  0x6e, 0x38, 0x9f, 0x7e, 0x58, 0xdd, 0x99, 0x8b, 0x2f, 0x1b, 0x09, 0x41,
  0xc8, 0xe6, 0x2e, 0xc7, 0x40, 0x89, 0xd5, 0x7f, 0x4e, 0xe7, 0xdd, 0xed,
  0xb7, 0x9b, 0x01, 0x6d, 0xcd, 0x9f, 0x2b, 0xb4, 0x74, 0x5a, 0xe7, 0x2d,
  0xfc, 0x8c, 0xab, 0xf5, 0x1b, 0x12, 0x53, 0xbc, 0xfb, 0x49, 0xea, 0x0d,
  0x1e, 0x2e, 0x16, 0x35, 0xe2, 0xd5, 0x93, 0xea, 0xc6, 0x06, 0xe3, 0x59,
  0x6c, 0x96, 0x41, 0x58, 0x39, 0xa4, 0x62, 0x02, 0xbb, 0x2e, 0x35, 0x81,
  0x45, 0xf5, 0x62, 0x48, 0x40, 0x47, 0x41, 0xc3, 0x34, 0x02, 0x1c, 0xcd,
  0xff, 0x56, 0x89, 0x6e, 0x0c, 0x48, 0x86, 0x3b, 0xeb, 0xa0, 0xb9, 0xd4,
  0x74, 0xa2, 0x7a, 0x09, 0x9d, 0x28, 0xdc, 0x9f, 0xc7, 0xb3, 0xca, 0x08,
  0xf5, 0x8d, 0x81, 0x36, 0xe5, 0x2c, 0x51, 0xae, 0x67, 0x17, 0x14, 0x3a,
  0xae, 0xe0, 0x61, 0x8c, 0xb9, 0x0c, 0x37, 0xa4, 0xcb, 0xd0, 0x24, 0xc8,
  0xc8, 0xb2, 0x45, 0xa9, 0xff, 0x6d, 0x10, 0x64, 0x95, 0xc4, 0xa4, 0x39,
  0xda, 0xd2, 0xf8, 0x19, 0x27, 0x12, 0xfb, 0x45, 0x5d, 0xf9, 0xc6, 0xed,
  0xe6, 0x8d, 0x0b, 0x93, 0x81, 0xb4, 0xce, 0x3e, 0xc7, 0x74, 0x38, 0x94,
  0x99, 0xee, 0x00, 0xb0, 0x18, 0x0c, 0xdb, 0x84, 0x29, 0xb6, 0x96, 0xc2,
  0x6c, 0x00, 0x21, 0x15, 0xeb, 0x72, 0x99, 0xfb, 0x64, 0xb6, 0xec, 0xd8,
  0x55, 0xa9, 0x35, 0xff, 0x4b, 0x71, 0x81, 0xb5, 0xbd, 0x76, 0x3b, 0x5f,
  0x51, 0xc7, 0x1f, 0x4c, 0x8d, 0x00, 0xc4, 0xd6, 0x8e, 0x60, 0xe7, 0x08,
  0xa0, 0x46, 0x19, 0xf1, 0x1f, 0xe3, 0x36, 0x6c, 0x68, 0xc7, 0x06, 0x06,
  0xb2, 0x4b, 0xe5, 0x66, 0xe1, 0x20, 0xfc, 0xfa, 0x41, 0xae, 0x56, 0xaf,
  0xa3, 0x92, 0x1a, 0xa6, 0x51, 0x9c, 0xbe, 0x1b, 0x00, 0x2f, 0x81, 0xfa,
  0x58, 0xf8, 0xff, 0xd9, 0x1d, 0x37, 0x3c, 0x3b, 0xf1, 0xcc, 0x39, 0x0b,
  0x40, 0x36, 0x22, 0xc2, 0x6a, 0x00, 0x45, 0xef, 0x29, 0x4f, 0x16, 0xa4,
  0x1f, 0x43, 0x3f, 0x13, 0x0c, 0xa6, 0xfc, 0xd3, 0xc1, 0xcc, 0x31, 0x31,
  0x68, 0x2f, 0xff, 0x28, 0xd4, 0xa6, 0x6a, 0x03, 0x27, 0x4c, 0x8e, 0xc0,
  0x61, 0x7f, 0xfb, 0x1e, 0xfd, 0x4c, 0x26, 0x7d, 0x0d, 0xc1, 0x0d, 0xde,
  0x04, 0xd2, 0x15, 0xe0, 0x7e, 0xdb, 0xdd, 0x18, 0x88, 0xea, 0xe1, 0xf3,
  0xca, 0x7d, 0xc8, 0x9e, 0xb9, 0x7f, 0x86, 0xba, 0x41, 0xa0, 0xaa, 0x5d,
  0xa2, 0x5a, 0x0e, 0x38, 0x58, 0xf0, 0xe1, 0x69, 0xc1, 0xd0, 0x00, 0x78,
  0xf1, 0x64, 0x24, 0xa1, 0x08, 0x3b, 0xf9, 0xa4, 0xed, 0x9d, 0x72, 0x1b,
  0xbc, 0x35, 0xfa, 0x06, 0xee, 0x34, 0x1e, 0xd8, 0xf6, 0x2c, 0xfe, 0xbb,
  0x19, 0x40, 0x52, 0x32, 0xf2, 0xdb, 0xe9, 0xe4, 0xbd, 0x59, 0x7f, 0x4f,
  0xea, 0x78, 0x68, 0xcc, 0x10, 0x3e, 0xb8, 0x90, 0xe6, 0x49, 0x29, 0x31,
  0x31, 0xb5, 0x4d, 0x7a, 0xef, 0x2f, 0x1d, 0x53, 0xea, 0xd9, 0x44, 0x02,
  0x2b, 0x00, 0xa8, 0x1c, 0x57, 0xef, 0x6f, 0x49, 0xb4, 0xd8, 0x04, 0x2d,
  0x53, 0x90, 0x55, 0x6c, 0xe3, 0x64, 0xe8, 0xac, 0x09, 0xa2, 0x1d, 0xe2,
  0x68, 0x44, 0x5e, 0x58, 0x3b, 0x34, 0xbc, 0x94, 0x42, 0xab, 0x52, 0xac,
  0xb7, 0xfb, 0xff, 0xc9, 0x6f, 0x81, 0x3e, 0x74, 0x9b, 0x6e, 0xf2, 0xd9,
  0x31, 0x4c, 0x71, 0xbc, 0xa3, 0x7c, 0x81, 0x4a, 0x3a, 0xe1, 0xff, 0xff,
  0x04, 0x00, 0x00, 0x00, 0x40, 0x00, 0x00, 0x00, 0x0e, 0xe9, 0xff, 0xff,
  0xc3, 0x17, 0x00, 0x00, 0x6f, 0x18, 0x00, 0x00, 0x2b, 0x2a, 0x00, 0x00,
  0xc4, 0xe7, 0xff, 0xff, 0x31, 0x04, 0x00, 0x00, 0x2c, 0x04, 0x00, 0x00,
  0x61, 0x1d, 0x00, 0x00, 0xb5, 0x21, 0x00, 0x00, 0x64, 0xff, 0xff, 0xff,
  0x39, 0xf1, 0xff, 0xff, 0xf4, 0xe9, 0xff, 0xff, 0x3c, 0x20, 0x00, 0x00,
  0x59, 0x20, 0x00, 0x00, 0xdd, 0x16, 0x00, 0x00, 0xc2, 0xdf, 0xff, 0xff,
  0x86, 0xe1, 0xff, 0xff, 0x04, 0x00, 0x00, 0x00, 0x10, 0x00, 0x00, 0x00,
  0xef, 0x44, 0xf3, 0x49, 0x55, 0x67, 0x1f, 0x02, 0x1a, 0x7f, 0x44, 0x4c,
  0xf8, 0x51, 0xfe, 0x61, 0xa2, 0xe1, 0xff, 0xff, 0x04, 0x00, 0x00, 0x00,
  0x10, 0x00, 0x00, 0x00, 0x0d, 0x9d, 0xec, 0x80, 0xdc, 0xed, 0xe3, 0xee,
  0x96, 0x90, 0x02, 0xfd, 0xf6, 0xc6, 0xeb, 0x12, 0xbe, 0xe1, 0xff, 0xff,
  0x04, 0x00, 0x00, 0x00, 0x00, 0x03, 0x00, 0x00, 0xd5, 0xb6, 0x1a, 0xc1,
  0x5f, 0x2b, 0x99, 0x41, 0x38, 0xc2, 0x5e, 0x27, 0xa2, 0xee, 0x36, 0xf0,
  0xd9, 0x56, 0xd0, 0x8b, 0xcf, 0xfc, 0xac, 0xca, 0x74, 0x22, 0xa1, 0xf8,
  0x20, 0xfd, 0x8c, 0xcd, 0xa7, 0x57, 0x6e, 0x81, 0xb6, 0xa1, 0xcb, 0xd7,
  0x5d, 0x20, 0x93, 0x36, 0x2e, 0x57, 0x3b, 0x53, 0xe0, 0x9e, 0x77, 0xd3,
  0x93, 0x38, 0x68, 0x49, 0x0a, 0x0d, 0x64, 0xfd, 0xb4, 0x2a, 0xd0, 0x76,
  0x8e, 0xc7, 0xd5, 0x26, 0x23, 0x11, 0xf8, 0x2f, 0x07, 0xcf, 0x1e, 0x16,
  0x92, 0x81, 0x3d, 0x99, 0x24, 0xff, 0xd6, 0x68, 0x39, 0x7b, 0x2f, 0x99,
  0x40, 0xb5, 0x94, 0x60, 0x58, 0x75, 0x93, 0x1e, 0xa4, 0x34, 0x5f, 0x5c,
  0x8d, 0xb3, 0x3b, 0x13, 0x39, 0xb2, 0xbd, 0x16, 0xb5, 0x4a, 0xa4, 0x4f,
  0x39, 0xd8, 0xc5, 0xb3, 0x06, 0x81, 0xc4, 0xf4, 0xa5, 0x52, 0x1d, 0x01,
  0x26, 0x1e, 0xa1, 0x1d, 0xb7, 0xd2, 0x69, 0xf2, 0x9d, 0x16, 0xf3, 0xaf,
  0xd4, 0xee, 0xed, 0x3d, 0x1e, 0xaf, 0x03, 0x2b, 0xd3, 0xdd, 0x61, 0x46,
  0x5b, 0x04, 0x42, 0xa3, 0x4d, 0xdf, 0x3f, 0xd9, 0xa7, 0xc0, 0x19, 0xd2,
  0x3b, 0xa8, 0xb9, 0x12, 0x47, 0x91, 0x73, 0xfb, 0x99, 0xde, 0x5a, 0x9b,
  0x4b, 0x5e, 0xd7, 0xbe, 0xf0, 0xf2, 0x0b, 0x7f, 0x25, 0xc8, 0xc0, 0xc4,
  0xf1, 0x6a, 0x23, 0xf2, 0xf6, 0xe6, 0x17, 0xc3, 0x23, 0xdd, 0xc3, 0x5f,
  0x02, 0xc6, 0x2c, 0x30, 0xfa, 0x28, 0x8b, 0x67, 0x1f, 0xe5, 0x6e, 0x89,
  0xd9, 0x52, 0xbe, 0x58, 0x7f, 0xe4, 0xa7, 0xf5, 0xeb, 0xfe, 0x26, 0x0e,
  0xf4, 0x0d, 0x27, 0xd0, 0x5a, 0xb8, 0x59, 0x3e, 0x02, 0x84, 0x75, 0xf6,
  0xd7, 0x05, 0x2e, 0x17, 0x03, 0xcd, 0x0c, 0xf3, 0x06, 0x46, 0x7f, 0x03,
  0xdf, 0x32, 0x9a, 0x49, 0xea, 0x2f, 0x17, 0x29, 0x2b, 0x99, 0x66, 0xe8,
  0x62, 0xd3, 0xf0, 0x2e, 0x6b, 0x13, 0x9e, 0x00, 0xfa, 0xe5, 0x47, 0xfe,
  0x3c, 0xf3, 0xc1, 0x39, 0xc9, 0xdd, 0x5c, 0x95, 0x17, 0x24, 0xad, 0x9b,
  0xf2, 0x4a, 0x5d, 0xc7, 0xbd, 0x5f, 0x5e, 0xb4, 0x07, 0x3d, 0x77, 0x51,
  0x49, 0xf5, 0x29, 0xd1, 0xcd, 0x51, 0x73, 0x0c, 0x18, 0xe8, 0xd0, 0xb7,
  0x81, 0x0b, 0xd2, 0x5f, 0x93, 0x74, 0x63, 0xd9, 0xf9, 0x36, 0xef, 0xca,
  0xa8, 0x5d, 0xb0, 0xe8, 0x19, 0x5b, 0x83, 0xdf, 0x7f, 0x7e, 0x25, 0xd7,
  0x72, 0x09, 0x95, 0xbf, 0xe5, 0x61, 0x95, 0xac, 0xfd, 0x77, 0x32, 0xc4,
  0xb3, 0xd1, 0x4c, 0xd2, 0x47, 0x49, 0xa8, 0xf6, 0x31, 0x29, 0x29, 0xaa,
  0x0f, 0xda, 0x00, 0x68, 0x62, 0x29, 0x1d, 0x20, 0xef, 0xb6, 0xe8, 0xf5,
  0x93, 0x09, 0x91, 0xa4, 0xdd, 0xee, 0x48, 0x66, 0x63, 0x99, 0xe6, 0xe4,
  0x7d, 0x68, 0x81, 0x8c, 0x8b, 0xba, 0x38, 0x0a, 0xe2, 0xb1, 0x9c, 0xd6,
  0xe2, 0xc4, 0xb7, 0x02, 0xa2, 0x54, 0xd3, 0xcf, 0x04, 0xb2, 0xc5, 0xf2,
  0xed, 0x01, 0x88, 0xd8, 0x07, 0x6a, 0x1e, 0x1a, 0xfb, 0x54, 0xe9, 0x95,
  0xb1, 0xc5, 0x8f, 0x7f, 0x23, 0xef, 0xa6, 0x2c, 0xd3, 0xaa, 0x56, 0xcb,
  0x2c, 0x94, 0xaf, 0x15, 0x55, 0xbd, 0x96, 0xcf, 0x2b, 0x4b, 0x4b, 0x5f,
  0x16, 0x64, 0x16, 0x00, 0x70, 0xf5, 0xe9, 0x31, 0x8d, 0x61, 0x35, 0x22,
  0x57, 0x75, 0xdf, 0x1f, 0x1c, 0x0e, 0xf6, 0x9e, 0x93, 0x0d, 0x4c, 0x5c,
  0xfa, 0xcc, 0x97, 0x76, 0x63, 0x3d, 0x3c, 0x55, 0x6d, 0x34, 0x4f, 0x66,
  0x42, 0xcd, 0xa0, 0x05, 0xbc, 0xd5, 0x0b, 0x7f, 0x43, 0x4b, 0x6a, 0xb4,
  0xe8, 0x2a, 0xdc, 0xec, 0x27, 0x4a, 0x28, 0x8b, 0x41, 0x29, 0xd8, 0xf4,
  0x53, 0x0f, 0x7f, 0xc7, 0xe7, 0xdf, 0xd7, 0xd4, 0x35, 0x05, 0x43, 0x53,
  0x08, 0xc1, 0xda, 0xfb, 0x92, 0x05, 0x36, 0x12, 0x0f, 0xa3, 0xc7, 0x66,
  0xb0, 0x3f, 0x65, 0xd2, 0xe8, 0x56, 0x5a, 0x3d, 0x56, 0x1b, 0xe4, 0xdd,
  0xd2, 0xb1, 0xaf, 0x27, 0x1e, 0x13, 0x55, 0xc3, 0xe7, 0xf7, 0xe4, 0x14,
  0x69, 0xb4, 0x07, 0x11, 0x8d, 0x1e, 0xaf, 0xc7, 0x7b, 0xce, 0xaf, 0xa6,
  0x20, 0x8f, 0xea, 0x28, 0x12, 0x5d, 0x8b, 0x66, 0xb4, 0x47, 0x98, 0xf3,
  0x06, 0x03, 0x41, 0x4f, 0x68, 0x81, 0x52, 0x65, 0x22, 0x3e, 0x19, 0xbd,
  0xe3, 0x76, 0xae, 0x3b, 0x02, 0x67, 0x88, 0x00, 0x04, 0x14, 0xea, 0xe2,
  0xde, 0x1e, 0xda, 0x8f, 0x62, 0x2c, 0x61, 0x14, 0xc1, 0xc9, 0x9a, 0x06,
  0x56, 0x9b, 0x0b, 0x24, 0x4d, 0x55, 0x3a, 0x81, 0x6a, 0x99, 0xfc, 0x9c,
  0xdb, 0xea, 0x37, 0xab, 0x6a, 0xb9, 0x2b, 0xec, 0xd0, 0x7f, 0xdc, 0x76,
  0xc9, 0x63, 0x46, 0xca, 0x77, 0xb8, 0x2d, 0x62, 0x5b, 0xa6, 0xa4, 0xe0,
  0x4e, 0x84, 0xfe, 0x86, 0x8d, 0xae, 0xea, 0x06, 0xfc, 0x53, 0x87, 0x3c,
  0x92, 0x01, 0xbb, 0xc8, 0xba, 0x08, 0x25, 0x92, 0x68, 0x3c, 0x73, 0x59,
  0x89, 0x94, 0xf4, 0x13, 0xac, 0xe6, 0xe7, 0x67, 0xed, 0x12, 0x39, 0xd1,
  0xf1, 0x1c, 0xcf, 0xb0, 0x45, 0x2f, 0x5a, 0x17, 0x7f, 0xd4, 0x3f, 0xc8,
  0x64, 0xb8, 0xac, 0xbe, 0x5b, 0x7b, 0xba, 0x7a, 0xd0, 0x77, 0x2b, 0xc1,
  0x33, 0xf7, 0x6d, 0x9e, 0xe8, 0x88, 0x52, 0xaf, 0x0f, 0x3b, 0x04, 0x62,
  0xe8, 0x9b, 0x5b, 0x19, 0x99, 0xd1, 0x2a, 0x58, 0xe0, 0xfa, 0xca, 0xf7,
  0x69, 0x2f, 0xae, 0xda, 0x17, 0x5f, 0x56, 0x61, 0x3e, 0x46, 0xe7, 0x9a,
  0x2b, 0x18, 0xe5, 0x68, 0xa9, 0xa2, 0x72, 0xbe, 0x4c, 0xb9, 0xb1, 0xbf,
  0x45, 0x37, 0x81, 0xaa, 0xe8, 0xd4, 0x66, 0x93, 0x2e, 0xc3, 0xd4, 0xa6,
  0x43, 0x3d, 0x00, 0xdd, 0x3e, 0x21, 0x94, 0xdc, 0xca, 0xe4, 0xff, 0xff,
  0x04, 0x00, 0x00, 0x00, 0x40, 0x00, 0x00, 0x00, 0x45, 0x0f, 0x00, 0x00,
  0x63, 0x10, 0x00, 0x00, 0xcb, 0xde, 0xff, 0xff, 0x37, 0xda, 0xff, 0xff,
  0xf5, 0x1a, 0x00, 0x00, 0x83, 0xf2, 0xff, 0xff, 0x95, 0x02, 0x00, 0x00,
  0x4d, 0xf0, 0xff, 0xff, 0x15, 0x27, 0x00, 0x00, 0x69, 0xe7, 0xff, 0xff,
  0x01, 0x01, 0x00, 0x00, 0x31, 0xf0, 0xff, 0xff, 0xcd, 0xec, 0xff, 0xff,
  0x26, 0x00, 0x00, 0x00, 0x07, 0x15, 0x00, 0x00, 0xb9, 0x24, 0x00, 0x00,
  0x16, 0xe5, 0xff, 0xff, 0x04, 0x00, 0x00, 0x00, 0x10, 0x00, 0x00, 0x00,
  0x0d, 0x29, 0x7b, 0x7f, 0x30, 0xeb, 0x2a, 0x28, 0x09, 0xe3, 0x27, 0x2a,
  0xd8, 0x28, 0xd6, 0x23, 0x32, 0xe5, 0xff, 0xff, 0x04, 0x00, 0x00, 0x00,
  0x10, 0x00, 0x00, 0x00, 0xc1, 0xeb, 0xeb, 0xf4, 0xe0, 0x0f, 0xae, 0xca,
  0x83, 0x1e, 0xed, 0xf4, 0x10, 0xf0, 0x09, 0x80, 0x4e, 0xe5, 0xff, 0xff,
  0x04, 0x00, 0x00, 0x00, 0x00, 0x03, 0x00, 0x00, 0x21, 0x57, 0xfd, 0x2b,
  0xbd, 0x81, 0xbe, 0x03, 0x5e, 0x57, 0xbf, 0xc9, 0x07, 0xf9, 0xbe, 0x21,
  0xaa, 0xa5, 0x01, 0xde, 0x9d, 0xe2, 0xe0, 0xe1, 0xd9, 0x37, 0x2e, 0x7b,
  0x3d, 0x40, 0xae, 0xbf, 0x52, 0x52, 0x55, 0xb5, 0x2f, 0x1e, 0xe7, 0x0a,
  0x54, 0x63, 0x9e, 0x14, 0x44, 0x22, 0x5a, 0x52, 0x40, 0x23, 0x22, 0xee,
  0x71, 0x8c, 0x05, 0xce, 0x7b, 0x28, 0xf8, 0x37, 0xb2, 0x35, 0x3a, 0x55,
  0xc5, 0xcc, 0x15, 0xdb, 0xec, 0xd2, 0x1c, 0x60, 0x69, 0xd2, 0x60, 0x3d,
  0x49, 0x4c, 0x59, 0x89, 0x04, 0x4a, 0x99, 0x30, 0x53, 0xd1, 0x4b, 0xd3,
  0x47, 0x51, 0x2d, 0x05, 0xd7, 0x7f, 0x26, 0x29, 0x8b, 0x45, 0xb0, 0xd9,
  0x21, 0xba, 0xb9, 0x66, 0xd0, 0xbb, 0xc0, 0x4d, 0x29, 0x88, 0xca, 0xda,
  0x14, 0xde, 0xc8, 0x92, 0x4e, 0x7f, 0x29, 0xaa, 0xc2, 0xfa, 0x62, 0x3e,
  0x07, 0xc1, 0x28, 0xac, 0x00, 0xd1, 0x33, 0x39, 0xd9, 0x4d, 0x8d, 0xfa,
  0xd7, 0x1b, 0x76, 0xcb, 0xdb, 0x11, 0xc0, 0x25, 0xcc, 0x03, 0x60, 0xa4,
  0x19, 0x8e, 0xb2, 0x0b, 0xe3, 0x0b, 0x15, 0x3e, 0xd9, 0x7f, 0x94, 0xda,
  0x7d, 0x4e, 0x77, 0x2b, 0xcb, 0x87, 0xc4, 0xe5, 0x60, 0xd7, 0x3e, 0x49,
  0xf4, 0x56, 0x00, 0x06, 0xe6, 0x5b, 0xb7, 0x32, 0x06, 0x31, 0xe0, 0x0a,
  0x6d, 0x13, 0xd6, 0x2c, 0x5e, 0xf4, 0x0b, 0x0c, 0x5a, 0x01, 0x1c, 0xad,
  0x61, 0x81, 0x34, 0xc6, 0x0f, 0x94, 0x95, 0x47, 0x32, 0xf4, 0x0e, 0x37,
  0x5a, 0x2f, 0x32, 0xb6, 0x4e, 0xfd, 0xa8, 0x7f, 0xce, 0x8f, 0x74, 0x34,
  0x7b, 0x9a, 0x77, 0x33, 0x72, 0x09, 0xd3, 0xf3, 0x36, 0xb7, 0xa0, 0xb5,
  0xb8, 0xe1, 0xff, 0x95, 0x70, 0xf8, 0xb9, 0x3f, 0xa9, 0xa5, 0xfe, 0x81,
  0x81, 0x3a, 0x54, 0xe3, 0x00, 0x03, 0xee, 0x31, 0x5f, 0xbc, 0x68, 0x93,
  0xa7, 0x0e, 0xd3, 0x46, 0xb5, 0xdd, 0xe7, 0x07, 0x10, 0x4f, 0xf7, 0x3a,
  0x2e, 0x47, 0x64, 0xc3, 0x17, 0x1a, 0xd8, 0x2f, 0x47, 0x74, 0xec, 0x5e,
  0x6e, 0xac, 0xd6, 0xff, 0x17, 0x9d, 0x6b, 0xa4, 0xe4, 0x61, 0xd5, 0x12,
  0x32, 0x3a, 0x50, 0xb3, 0xb6, 0x56, 0x42, 0xc2, 0x23, 0x6e, 0xe2, 0x46,
  0x54, 0x32, 0xc7, 0x0a, 0xda, 0xb3, 0xe6, 0x48, 0x3e, 0x38, 0xc0, 0x57,
  0x36, 0x22, 0xa8, 0x65, 0x7f, 0x91, 0x49, 0xa5, 0xc3, 0xf2, 0x34, 0x5e,
  0xd0, 0xb0, 0x73, 0x88, 0xc4, 0xda, 0xd4, 0xfb, 0xdc, 0xa7, 0x0c, 0x6f,
  0xec, 0x42, 0x9f, 0xa7, 0x2a, 0x22, 0xe8, 0x56, 0x1a, 0xf1, 0x69, 0x68,
  0xb1, 0xfb, 0xed, 0x0b, 0x3f, 0x9c, 0x38, 0x5f, 0x1e, 0xe7, 0xa6, 0xca,
  0x1b, 0xf0, 0x47, 0x32, 0x9f, 0x1b, 0x7f, 0xbb, 0x78, 0x60, 0xa9, 0x97,
  0xbf, 0x07, 0xd8, 0xff, 0x08, 0x0a, 0x32, 0x48, 0xcf, 0x65, 0x36, 0xfe,
  0xda, 0x54, 0x7f, 0x49, 0x08, 0x87, 0x33, 0x26, 0xb0, 0xac, 0xe7, 0x05,
  0x33, 0xf0, 0x37, 0xd2, 0x28, 0x04, 0x0e, 0x98, 0xe0, 0x75, 0x86, 0xa4,
  0x18, 0x07, 0x38, 0xc9, 0x5c, 0x4c, 0xb3, 0x10, 0xae, 0xcd, 0x9f, 0xd1,
  0x52, 0x72, 0x36, 0xfa, 0xfa, 0x0a, 0x91, 0xe1, 0xf8, 0xe2, 0x30, 0xa0,
  0xe4, 0x25, 0xaf, 0xea, 0x6e, 0x0a, 0xbe, 0xc4, 0xe0, 0x29, 0xec, 0x02,
  0xd6, 0x70, 0xd6, 0x45, 0x01, 0x0e, 0x3b, 0xa3, 0x21, 0x1b, 0xd3, 0xb4,
  0x5f, 0x7f, 0x15, 0xcb, 0xc3, 0x09, 0xca, 0xdb, 0xa7, 0xa0, 0x02, 0x4d,
  0x6c, 0x16, 0x2a, 0x03, 0x19, 0x6d, 0xee, 0x2d, 0x57, 0xe5, 0xc1, 0x99,
  0xf2, 0xbc, 0x75, 0xb4, 0xd8, 0xed, 0x98, 0x87, 0x5b, 0xdd, 0xf4, 0x62,
  0x99, 0x02, 0xb4, 0x43, 0x5c, 0x8b, 0xb4, 0xba, 0x63, 0x68, 0x81, 0x43,
  0x47, 0x56, 0x21, 0x9d, 0x4f, 0x65, 0xe8, 0xd9, 0xcd, 0x1b, 0x8b, 0xae,
  0x16, 0x56, 0x70, 0x9d, 0x5c, 0xd5, 0xf4, 0xdc, 0x15, 0xdb, 0x50, 0x52,
  0xec, 0xbc, 0x50, 0xd4, 0x65, 0xef, 0xb4, 0x01, 0x7c, 0x50, 0xb2, 0x9a,
  0x2c, 0x3a, 0x32, 0x35, 0x58, 0xbf, 0x7f, 0xaf, 0xce, 0xb6, 0x27, 0x39,
  0xbe, 0x9f, 0x8a, 0x3a, 0x66, 0x4d, 0x1b, 0x2d, 0x9f, 0xfb, 0x98, 0x5a,
  0x23, 0x01, 0x22, 0xdf, 0x95, 0x29, 0xf7, 0xe2, 0xb9, 0x0d, 0xa1, 0xcd,
  0x90, 0x49, 0x35, 0x96, 0xe0, 0x1e, 0xe5, 0x1c, 0x4a, 0x34, 0x5f, 0xf2,
  0x3d, 0xf8, 0xd6, 0x2b, 0xb5, 0x5d, 0x98, 0x1d, 0xa5, 0x59, 0x75, 0x64,
  0xca, 0x0b, 0xfa, 0x40, 0xcb, 0x99, 0x00, 0xe2, 0x74, 0xb2, 0xdc, 0x8f,
  0xfb, 0x81, 0x6a, 0x4e, 0x18, 0xdf, 0xe0, 0x78, 0xc0, 0x50, 0x49, 0x72,
  0xfa, 0xad, 0x49, 0xb4, 0x4b, 0x36, 0x71, 0x76, 0x29, 0xc2, 0x72, 0x96,
  0xa3, 0x0f, 0xed, 0xd6, 0xb7, 0xef, 0xcf, 0x17, 0xe5, 0xe2, 0xc8, 0x9e,
  0x8b, 0x0f, 0xcf, 0x46, 0xc4, 0xab, 0x43, 0x77, 0x37, 0xb1, 0x51, 0xba,
  0x30, 0xed, 0x66, 0xdc, 0x98, 0x81, 0x59, 0x53, 0xbe, 0xa3, 0x29, 0x6b,
  0x60, 0xf7, 0xcd, 0xd6, 0x2e, 0xda, 0x24, 0x8a, 0x3a, 0x97, 0x24, 0xcf,
  0x8d, 0x4b, 0x0c, 0xd8, 0x7f, 0xbf, 0xc1, 0x11, 0xa6, 0xe5, 0x9a, 0x5a,
  0x9c, 0xd0, 0x5d, 0xec, 0xff, 0x25, 0xd7, 0xff, 0xb6, 0xea, 0x50, 0x74,
  0x45, 0xb7, 0x10, 0x02, 0x5f, 0x0a, 0x30, 0xac, 0x24, 0x17, 0xc9, 0x91,
  0x68, 0xab, 0x1e, 0x4b, 0x6e, 0xfb, 0xd3, 0x65, 0xfc, 0xe0, 0xc5, 0x6b,
  0xf4, 0x8f, 0x48, 0xb1, 0xf6, 0x81, 0xa1, 0xcf, 0xe3, 0xf0, 0x64, 0x5a,
  0x4e, 0x23, 0x3c, 0x73, 0x32, 0x18, 0x73, 0x4e, 0xe2, 0x8d, 0x02, 0x3c,
  0x39, 0xf5, 0x0d, 0x5f, 0x84, 0x38, 0xd8, 0x1a, 0x5a, 0xe8, 0xff, 0xff,
  0x04, 0x00, 0x00, 0x00, 0x40, 0x00, 0x00, 0x00, 0x36, 0xf1, 0xff, 0xff,
  0x58, 0x16, 0x00, 0x00, 0x73, 0x06, 0x00, 0x00, 0x1e, 0x12, 0x00, 0x00,
  0xce, 0x02, 0x00, 0x00, 0x9c, 0xf8, 0xff, 0xff, 0x76, 0x0f, 0x00, 0x00,
  0x69, 0x02, 0x00, 0x00, 0xb4, 0xf4, 0xff, 0xff, 0x3f, 0x24, 0x00, 0x00,
  0x1d, 0x0f, 0x00, 0x00, 0x92, 0x18, 0x00, 0x00, 0xf3, 0xea, 0xff, 0xff,
  0x61, 0x12, 0x00, 0x00, 0xbc, 0xf0, 0xff, 0xff, 0xa1, 0x0c, 0x00, 0x00,
  0xa6, 0xe8, 0xff, 0xff, 0x04, 0x00, 0x00, 0x00, 0x10, 0x00, 0x00, 0x00,
  0x2b, 0x1d, 0x12, 0x11, 0x2d, 0x06, 0x32, 0x26, 0x61, 0x0c, 0x1d, 0x53,
  0x2b, 0x58, 0x7f, 0x22, 0xc2, 0xe8, 0xff, 0xff, 0x04, 0x00, 0x00, 0x00,
  0x10, 0x00, 0x00, 0x00, 0xfc, 0xdb, 0xf4, 0xd2, 0xdd, 0x1b, 0xcb, 0xee,
  0x0c, 0xcc, 0xd0, 0x80, 0x1c, 0xbf, 0xe9, 0xd1, 0xde, 0xe8, 0xff, 0xff,
  0x04, 0x00, 0x00, 0x00, 0x00, 0x03, 0x00, 0x00, 0x09, 0x6f, 0x95, 0x02,
  0xa1, 0x03, 0x3e, 0x79, 0x9d, 0x0a, 0xcb, 0x12, 0xe9, 0xd6, 0xf8, 0x59,
  0xf8, 0x69, 0xfd, 0x6c, 0xef, 0x7f, 0x4e, 0xc8, 0xf9, 0x53, 0xdc, 0xca,
  0xc0, 0x5c, 0x3f, 0x71, 0x1e, 0x19, 0x8f, 0x11, 0xc7, 0x9d, 0x9d, 0x3c,
  0x54, 0x3c, 0x39, 0x81, 0xec, 0x1c, 0x39, 0x44, 0x6e, 0x95, 0x8a, 0xc3,
  0x04, 0x90, 0x41, 0x74, 0x13, 0xbf, 0x90, 0x66, 0xca, 0xd6, 0x47, 0x25,
  0x56, 0xda, 0x81, 0x6b, 0xb0, 0x6b, 0xfd, 0xc0, 0x28, 0xa4, 0x44, 0x98,
  0x79, 0xcf, 0x9d, 0x14, 0x5b, 0x45, 0x67, 0x7c, 0x8c, 0x6f, 0x1f, 0x3a,
  0x01, 0x7e, 0x60, 0xa4, 0x8a, 0x10, 0xcd, 0xd3, 0xa8, 0xe2, 0x4f, 0x90,
  0xc7, 0xcd, 0xb4, 0xc8, 0xac, 0xbe, 0x66, 0x5c, 0xcb, 0x60, 0xdb, 0x33,
  0xec, 0xa9, 0x6f, 0xd1, 0xed, 0x1f, 0xb6, 0x52, 0xda, 0x1d, 0x3f, 0x24,
  0x1c, 0x7f, 0xcf, 0x1b, 0x19, 0xeb, 0xa9, 0x03, 0x5e, 0xc6, 0x44, 0x63,
  0x08, 0xf0, 0x62, 0xc9, 0xe0, 0x72, 0x2b, 0x16, 0xe0, 0xdc, 0x01, 0x30,
  0x3c, 0xe4, 0xbe, 0xf8, 0x81, 0xc6, 0x5d, 0xf2, 0x59, 0xcf, 0xc4, 0x4b,
  0xc5, 0xc9, 0x6e, 0x97, 0x30, 0xf6, 0xe1, 0xf8, 0xfd, 0x9f, 0xfd, 0xd4,
  0xd5, 0x4f, 0xf0, 0xbe, 0x2c, 0x57, 0xbe, 0xa1, 0x97, 0xf1, 0xae, 0xf9,
  0xe3, 0xa3, 0xb5, 0xf9, 0xbc, 0x75, 0x13, 0x19, 0xb6, 0xc7, 0xbd, 0x40,
  0x88, 0x4a, 0x11, 0x46, 0x49, 0xd1, 0x4a, 0x07, 0x58, 0x3c, 0xa4, 0x52,
  0xe6, 0xba, 0x50, 0x7f, 0x18, 0x3e, 0x44, 0x3c, 0x31, 0xa1, 0x26, 0x55,
  0xd2, 0x92, 0xc5, 0x67, 0xb2, 0xbc, 0xf3, 0x02, 0x6b, 0x64, 0x89, 0xe2,
  0x55, 0xf3, 0x68, 0xd5, 0x5c, 0xe0, 0xa6, 0xb2, 0x04, 0x46, 0xfb, 0x1d,
  0x81, 0xcf, 0xf9, 0x17, 0x48, 0xcf, 0x1b, 0xb4, 0x6a, 0x9e, 0x27, 0xee,
  0xc6, 0x2c, 0x4b, 0x08, 0x78, 0x49, 0xd1, 0xf2, 0x3d, 0xf0, 0x11, 0x5e,
  0x4c, 0x8f, 0x24, 0x23, 0x8c, 0xb2, 0x4b, 0x05, 0x33, 0x56, 0xf3, 0x61,
  0x2d, 0xc5, 0x55, 0x4f, 0xda, 0x18, 0x95, 0xb8, 0x68, 0xad, 0xfc, 0xee,
  0xd6, 0x74, 0x08, 0x52, 0x4d, 0xf6, 0x0a, 0xfa, 0x93, 0x4a, 0xf2, 0x95,
  0x8f, 0x81, 0xbb, 0xfe, 0x84, 0x21, 0x62, 0x43, 0xec, 0x4e, 0xdb, 0xec,
  0x8d, 0x6b, 0xfa, 0xf9, 0x1d, 0xd2, 0x65, 0x96, 0x7a, 0x8e, 0x59, 0x40,
  0x32, 0x4e, 0xcd, 0x44, 0x10, 0xef, 0x5e, 0x6f, 0xe4, 0x39, 0xd2, 0xbf,
  0xa3, 0xfa, 0xb7, 0xf6, 0xb3, 0xcb, 0xa3, 0xf9, 0xc4, 0xb4, 0xe7, 0xf3,
  0xb5, 0x50, 0x6a, 0x1e, 0xe4, 0xc7, 0xc3, 0x6b, 0xc0, 0x8f, 0x18, 0xf1,
  0x4a, 0xc1, 0x33, 0x38, 0xef, 0xe8, 0xb7, 0xcb, 0x51, 0xc8, 0x58, 0x09,
  0x5e, 0xa9, 0xe3, 0x57, 0xd8, 0xbd, 0x7f, 0xae, 0xbb, 0x21, 0x7f, 0xf5,
  0xf8, 0xfa, 0x0f, 0x0e, 0x13, 0x9c, 0x2e, 0xbb, 0x65, 0xda, 0x71, 0x9d,
  0x94, 0xf9, 0x0e, 0x28, 0x64, 0xac, 0xdd, 0xd8, 0x35, 0x87, 0x49, 0x72,
  0xb7, 0xe4, 0xe2, 0xa8, 0x02, 0x9e, 0xd1, 0x94, 0x1b, 0xcd, 0x4c, 0x6c,
  0xf6, 0xc2, 0xa4, 0x68, 0xbb, 0xec, 0xaa, 0xd0, 0x21, 0x7b, 0x96, 0x24,
  0x96, 0xf1, 0xe1, 0xaf, 0xad, 0x7c, 0x65, 0xc2, 0x99, 0x18, 0xed, 0xdb,
  0x7f, 0x17, 0x0f, 0x7f, 0x7a, 0x78, 0x14, 0x69, 0x32, 0xab, 0x79, 0x38,
  0x78, 0x22, 0xb6, 0x60, 0xc1, 0x88, 0x95, 0xf8, 0x31, 0xaa, 0x29, 0x55,
  0xda, 0xef, 0x48, 0xe1, 0xe8, 0xfb, 0xdc, 0x84, 0x08, 0x71, 0x00, 0xdc,
  0x8f, 0xf9, 0x24, 0x4e, 0x3d, 0x10, 0x7a, 0xad, 0x2c, 0x4b, 0x71, 0xb4,
  0x2c, 0x6f, 0x42, 0xa7, 0x70, 0xd7, 0xd9, 0x56, 0x2d, 0x2e, 0x81, 0x9c,
  0x4c, 0x7d, 0x5f, 0x00, 0x41, 0x58, 0x44, 0x4d, 0xbf, 0x27, 0x57, 0x1a,
  0x2f, 0x37, 0xc6, 0xd8, 0xca, 0xfa, 0x5a, 0x3e, 0x93, 0xbc, 0xd6, 0xd6,
  0x67, 0x33, 0x62, 0x97, 0x52, 0xce, 0xdf, 0xb4, 0x4d, 0xc1, 0x7f, 0x17,
  0xce, 0x0c, 0xc7, 0x82, 0x40, 0x1a, 0xed, 0x4c, 0x61, 0x26, 0x14, 0xc1,
  0x3a, 0x7c, 0x6c, 0x42, 0xe0, 0x50, 0x64, 0x64, 0x4b, 0x19, 0xad, 0xa0,
  0x59, 0xb4, 0x26, 0xd7, 0xdf, 0x3a, 0x24, 0xcc, 0xe7, 0xee, 0xb7, 0xee,
  0x77, 0x6b, 0xe4, 0x09, 0x33, 0xb2, 0xfe, 0xbf, 0x06, 0xe4, 0xec, 0x6f,
  0x37, 0xcf, 0xba, 0x81, 0x56, 0x13, 0xba, 0xe6, 0xf8, 0xbd, 0xac, 0x93,
  0xfc, 0x21, 0x87, 0x2d, 0x12, 0x50, 0xca, 0xb5, 0xec, 0x44, 0x98, 0x3a,
  0xa9, 0x1b, 0x23, 0x41, 0x51, 0xd0, 0xd9, 0x29, 0xeb, 0x93, 0xb1, 0xc9,
  0xb4, 0x0e, 0x39, 0x68, 0x99, 0x21, 0xa6, 0x61, 0x52, 0x73, 0x9b, 0xa0,
  0x41, 0x0a, 0x01, 0xc8, 0xff, 0x4e, 0x59, 0x34, 0x70, 0x03, 0xfa, 0xb9,
  0xf9, 0x67, 0x99, 0x81, 0x76, 0x28, 0x07, 0x1b, 0x0c, 0xf5, 0xce, 0xdc,
  0xeb, 0x56, 0x31, 0xd8, 0x31, 0x20, 0x33, 0x5a, 0x0b, 0xd3, 0x94, 0xd6,
  0xe2, 0x2f, 0x4d, 0xff, 0x40, 0x8c, 0x01, 0xc7, 0x54, 0xd5, 0xf5, 0x52,
  0xe1, 0x00, 0x5c, 0xe1, 0x4d, 0x3c, 0x0b, 0xa6, 0x58, 0x29, 0xf0, 0x4a,
  0xa3, 0x11, 0xad, 0x90, 0xd3, 0xe2, 0x64, 0xc5, 0x50, 0xc8, 0x35, 0x1c,
  0xe7, 0x81, 0x33, 0x07, 0x41, 0x93, 0x08, 0x0b, 0xfd, 0x31, 0xa0, 0xa3,
  0x26, 0xa5, 0x14, 0x46, 0xe8, 0x98, 0xbb, 0xb8, 0x5c, 0xec, 0xaf, 0xe9,
  0xda, 0x81, 0x9f, 0x9a, 0xcc, 0xa1, 0x6d, 0xdf, 0x01, 0xf4, 0x38, 0x45,
  0x2e, 0x25, 0xb2, 0xb5, 0x9c, 0xbc, 0xa9, 0x2e, 0x62, 0x4f, 0x41, 0x5b,
  0xb6, 0x35, 0x26, 0xe5, 0x40, 0x96, 0xaa, 0x13, 0xea, 0xeb, 0xff, 0xff,
  0x04, 0x00, 0x00, 0x00, 0x40, 0x00, 0x00, 0x00, 0x84, 0xe9, 0xff, 0xff,
  0xa1, 0x12, 0x00, 0x00, 0xb9, 0x01, 0x00, 0x00, 0xa8, 0x0f, 0x00, 0x00,
  0x4a, 0x11, 0x00, 0x00, 0x41, 0xf8, 0xff, 0xff, 0xf7, 0x02, 0x00, 0x00,
  0x2b, 0x11, 0x00, 0x00, 0xa3, 0x18, 0x00, 0x00, 0x83, 0xff, 0xff, 0xff,
  0x0b, 0x05, 0x00, 0x00, 0xcb, 0x0f, 0x00, 0x00, 0x48, 0x0a, 0x00, 0x00,
  0xa8, 0xf7, 0xff, 0xff, 0xd3, 0xf6, 0xff, 0xff, 0x42, 0xef, 0xff, 0xff,
  0x36, 0xec, 0xff, 0xff, 0x04, 0x00, 0x00, 0x00, 0x10, 0x00, 0x00, 0x00,
  0x2a, 0x09, 0x7f, 0x47, 0x20, 0x28, 0x78, 0x58, 0x52, 0x2d, 0x0e, 0x2a,
  0x55, 0x44, 0x39, 0x42, 0x52, 0xec, 0xff, 0xff, 0x04, 0x00, 0x00, 0x00,
  0x10, 0x00, 0x00, 0x00, 0x00, 0xf5, 0xb9, 0x80, 0xc7, 0x01, 0xa1, 0xa7,
  0x84, 0xfa, 0xf0, 0xa0, 0xa2, 0xd5, 0xda, 0xcd, 0x6e, 0xec, 0xff, 0xff,
  0x04, 0x00, 0x00, 0x00, 0x00, 0x03, 0x00, 0x00, 0xec, 0x13, 0x0f, 0x24,
  0x66, 0xdb, 0x23, 0xc4, 0x2e, 0xbe, 0x0d, 0xcd, 0xaf, 0x52, 0x25, 0x6c,
  0x12, 0xdf, 0x1a, 0x0b, 0x37, 0x5d, 0xb0, 0xbc, 0xc3, 0x58, 0xe5, 0xd3,
  0xe1, 0x26, 0x4c, 0x7f, 0x63, 0xc9, 0x07, 0x53, 0x9a, 0x06, 0xca, 0x13,
  0x62, 0xbe, 0x04, 0xc6, 0x29, 0xdc, 0x32, 0xf5, 0xee, 0x1c, 0x9f, 0x17,
  0x1e, 0x5e, 0xd5, 0xec, 0x3c, 0xae, 0x99, 0x9d, 0x1f, 0xb1, 0xff, 0xb6,
  0x6e, 0x9b, 0x23, 0x69, 0xb7, 0xef, 0x85, 0x37, 0x2b, 0xb5, 0x67, 0x40,
  0x7f, 0xd5, 0xd1, 0x25, 0x56, 0xe5, 0x15, 0xe8, 0x15, 0xba, 0x27, 0x06,
  0x00, 0x16, 0x03, 0x05, 0x4e, 0x49, 0xa9, 0xbc, 0xdc, 0xc7, 0x29, 0xb2,
  0x9a, 0x15, 0x63, 0x5a, 0xb2, 0xdd, 0xcc, 0xdf, 0x9c, 0xaf, 0xca, 0x45,
  0x5f, 0x66, 0x1c, 0x98, 0xac, 0xec, 0x5b, 0xaa, 0x1c, 0x5a, 0x65, 0x49,
  0x5c, 0xcf, 0x2c, 0xb4, 0x6d, 0xf3, 0xf5, 0x81, 0x35, 0x8f, 0xa3, 0xcc,
  0x29, 0x09, 0xf2, 0xab, 0xb3, 0x0a, 0x16, 0x32, 0x68, 0xd7, 0x1a, 0x76,
  0xa5, 0x3c, 0xe7, 0x19, 0x51, 0x38, 0xca, 0xc8, 0x54, 0x6a, 0x25, 0x9f,
  0xcc, 0x1a, 0x4c, 0x60, 0x94, 0x81, 0x36, 0xce, 0xd4, 0x3f, 0x31, 0x17,
  0x93, 0xfb, 0xf6, 0xe0, 0x4c, 0xf1, 0xc7, 0x4a, 0x30, 0x0d, 0xfc, 0x1c,
  0x3c, 0xd9, 0x20, 0x35, 0x50, 0x3e, 0xc6, 0x83, 0x28, 0x15, 0x6b, 0x7f,
  0xe9, 0xd4, 0x63, 0xe5, 0xc9, 0x63, 0xee, 0x37, 0x8d, 0xd2, 0x0a, 0x12,
  0xa5, 0xa5, 0xcc, 0xb2, 0xef, 0x3a, 0xd5, 0x64, 0x1a, 0xa8, 0xfd, 0x0e,
  0xb9, 0xfa, 0x96, 0xd0, 0xc9, 0xb6, 0x64, 0xf9, 0xa7, 0x2e, 0xf2, 0x64,
  0x1f, 0xdc, 0xd2, 0x1b, 0xa5, 0x23, 0xa6, 0xcd, 0xe7, 0xba, 0x3c, 0xda,
  0x38, 0xd2, 0x91, 0xe7, 0x45, 0x1f, 0x34, 0xd7, 0xbf, 0xfa, 0x0b, 0xfa,
  0x2c, 0xa1, 0x45, 0xc3, 0x0e, 0xee, 0xc1, 0x20, 0x34, 0x0b, 0x0c, 0x93,
  0x50, 0xdf, 0x1e, 0x23, 0xab, 0x59, 0x2b, 0xef, 0xea, 0xf6, 0x7f, 0xfa,
  0x14, 0x0b, 0xc9, 0x93, 0xef, 0x57, 0x6c, 0x46, 0xee, 0x33, 0x35, 0x6e,
  0x29, 0x8c, 0xd9, 0xb7, 0xb8, 0xb4, 0x16, 0x69, 0xa9, 0x1f, 0x2a, 0x94,
  0xc0, 0xbc, 0x66, 0xb1, 0xad, 0xe4, 0xfb, 0x5f, 0x3e, 0xab, 0x0f, 0x67,
  0xfa, 0x7c, 0xe1, 0xb3, 0xbd, 0x4b, 0x7f, 0x21, 0x87, 0x1a, 0x3c, 0xf8,
  0xc8, 0x40, 0xad, 0xc8, 0xcc, 0xc8, 0xa6, 0xf4, 0xdb, 0xec, 0x74, 0x0c,
  0x6b, 0xe2, 0xe6, 0xa7, 0xa3, 0xde, 0x67, 0xac, 0x73, 0xbb, 0x73, 0xaf,
  0xd6, 0x3a, 0x2b, 0x50, 0xc5, 0x9c, 0x96, 0xa8, 0x93, 0xdf, 0xd2, 0x28,
  0x42, 0x31, 0x47, 0x22, 0xe0, 0x49, 0x69, 0xec, 0x9c, 0x1c, 0xe4, 0xb9,
  0xee, 0xdf, 0xcc, 0x93, 0x21, 0x7f, 0x4d, 0x4a, 0xbf, 0x68, 0x4e, 0xba,
  0xe9, 0x58, 0xa5, 0xee, 0x5e, 0xdb, 0x29, 0xb4, 0xf3, 0x3d, 0xaf, 0xbd,
  0x67, 0x0b, 0x8d, 0x01, 0x61, 0xc8, 0x0d, 0xc7, 0xf5, 0xd3, 0xb0, 0xa4,
  0x47, 0xd7, 0x18, 0xb0, 0x5c, 0x0b, 0x81, 0x1e, 0xe8, 0x79, 0x16, 0x08,
  0x90, 0x17, 0xb5, 0x1f, 0xb3, 0xed, 0x59, 0x00, 0x3b, 0xb9, 0x23, 0x67,
  0xf2, 0xe4, 0x27, 0x49, 0xbb, 0xcd, 0x12, 0xab, 0xb8, 0x62, 0x99, 0x64,
  0x37, 0xdd, 0x7f, 0xf6, 0xff, 0x41, 0xf7, 0xfc, 0xc5, 0xa3, 0xd6, 0x8e,
  0x9a, 0xa1, 0x6b, 0xeb, 0x55, 0x34, 0x4f, 0x6c, 0xf1, 0x4c, 0x3d, 0xa9,
  0xdf, 0x18, 0x9e, 0xcd, 0x4b, 0x42, 0x45, 0x74, 0x13, 0x26, 0x1f, 0x97,
  0xd0, 0x46, 0x8c, 0x95, 0xa0, 0x4e, 0xf3, 0xf2, 0xf5, 0x47, 0x09, 0x26,
  0xb2, 0x03, 0xf6, 0x1b, 0xb3, 0x0d, 0x81, 0x53, 0x47, 0xd6, 0x0c, 0xd6,
  0xec, 0xb0, 0x01, 0xba, 0xd1, 0x36, 0xc0, 0x1f, 0x4e, 0xf7, 0x10, 0x23,
  0x9d, 0x30, 0xad, 0xdc, 0x5c, 0xce, 0x14, 0xa1, 0x33, 0x11, 0xba, 0xba,
  0x2b, 0x1f, 0x34, 0xf0, 0xdd, 0x2b, 0x20, 0xaa, 0xa6, 0xe5, 0x2c, 0x32,
  0x30, 0xf3, 0xc7, 0x00, 0x1c, 0xeb, 0x8f, 0xbf, 0xe6, 0xac, 0x2e, 0x0a,
  0x0e, 0xce, 0x14, 0x1b, 0xd4, 0x15, 0x17, 0x62, 0xc2, 0x34, 0x81, 0x2a,
  0xc3, 0xf3, 0xd2, 0xb3, 0x56, 0xfe, 0xbf, 0x09, 0xd1, 0x3d, 0xcf, 0xf0,
  0xfb, 0xa2, 0xb2, 0x27, 0x29, 0xc1, 0x3c, 0x81, 0x21, 0xc7, 0x0f, 0x9e,
  0xfc, 0x38, 0x0c, 0x1b, 0x42, 0x55, 0xdf, 0xf6, 0x1e, 0x21, 0xb8, 0x8c,
  0x3d, 0x34, 0xbb, 0x99, 0x15, 0xd3, 0x99, 0x87, 0xf0, 0xdf, 0xc7, 0xfe,
  0xc9, 0xa6, 0xe4, 0x0c, 0xa2, 0xc1, 0xc2, 0x96, 0x1b, 0x91, 0xbc, 0xa4,
  0xe8, 0xd6, 0xfc, 0xef, 0x1d, 0x18, 0xa4, 0x06, 0x95, 0xe9, 0x1f, 0xdc,
  0x2f, 0xe3, 0x0a, 0xbc, 0x29, 0x90, 0xbd, 0x22, 0xf4, 0x2a, 0x13, 0xa6,
  0x37, 0xde, 0xc9, 0x7d, 0x24, 0x0b, 0x81, 0xd4, 0xf3, 0x4a, 0xa1, 0xc3,
  0xc2, 0x37, 0x02, 0x33, 0x2f, 0xad, 0x0c, 0x28, 0x14, 0x32, 0x4b, 0x31,
  0x10, 0xda, 0x81, 0x02, 0x13, 0x47, 0x60, 0x84, 0x3a, 0x9b, 0xdb, 0xf8,
  0x50, 0x35, 0xa8, 0xc8, 0xad, 0x24, 0x1b, 0xe8, 0xa5, 0xef, 0x5c, 0x89,
  0xda, 0x90, 0xf9, 0xb9, 0x3d, 0xdc, 0x16, 0xb0, 0x46, 0xb2, 0x16, 0x45,
  0x8b, 0x2c, 0xde, 0xd4, 0x23, 0xfa, 0x42, 0xdc, 0xf8, 0x41, 0x8d, 0xcb,
  0x46, 0x34, 0x42, 0x4d, 0x14, 0x06, 0xac, 0xad, 0x77, 0x81, 0x46, 0x03,
  0x12, 0x47, 0xc3, 0x7e, 0xc4, 0xc8, 0x88, 0xe5, 0x0c, 0xd6, 0x35, 0xa6,
  0x2e, 0xe1, 0xed, 0xdf, 0x17, 0x0c, 0x25, 0xb0, 0xc4, 0xd7, 0x03, 0xf3,
  0x44, 0xe3, 0x09, 0x23, 0x6d, 0xa0, 0x3c, 0x67, 0x7a, 0xef, 0xff, 0xff,
  0x04, 0x00, 0x00, 0x00, 0x40, 0x00, 0x00, 0x00, 0xf2, 0xf8, 0xff, 0xff,
  0x78, 0x0d, 0x00, 0x00, 0x31, 0xf0, 0xff, 0xff, 0x38, 0x13, 0x00, 0x00,
  0xec, 0xfa, 0xff, 0xff, 0xd7, 0xf0, 0xff, 0xff, 0x94, 0xf5, 0xff, 0xff,
  0xf9, 0xf6, 0xff, 0xff, 0x5b, 0xec, 0xff, 0xff, 0x78, 0xeb, 0xff, 0xff,
  0x2e, 0x17, 0x00, 0x00, 0x81, 0xf9, 0xff, 0xff, 0xd3, 0x02, 0x00, 0x00,
  0x41, 0x07, 0x00, 0x00, 0x74, 0xf1, 0xff, 0xff, 0x09, 0x02, 0x00, 0x00,
  0xc6, 0xef, 0xff, 0xff, 0x04, 0x00, 0x00, 0x00, 0x10, 0x00, 0x00, 0x00,
  0x15, 0x4a, 0x60, 0x6d, 0x57, 0x54, 0x3a, 0x7f, 0x42, 0x5d, 0x5d, 0x2a,
  0x5f, 0x46, 0x18, 0x4d, 0xe2, 0xef, 0xff, 0xff, 0x04, 0x00, 0x00, 0x00,
  0x10, 0x00, 0x00, 0x00, 0x10, 0xdf, 0xeb, 0xcb, 0xe1, 0x2a, 0xf8, 0xd1,
  0x14, 0x0e, 0x80, 0xd3, 0xd3, 0xa6, 0xfb, 0xe5, 0xfe, 0xef, 0xff, 0xff,
  0x04, 0x00, 0x00, 0x00, 0x00, 0x03, 0x00, 0x00, 0x45, 0xd1, 0xe6, 0xd1,
  0xc6, 0xf5, 0xa0, 0x4d, 0x9d, 0xb5, 0x5d, 0x6a, 0x1a, 0xd9, 0x01, 0xf3,
  0x5d, 0xe7, 0xb7, 0x1f, 0x42, 0x3b, 0x11, 0x01, 0xcb, 0xad, 0xb4, 0xb6,
  0xe2, 0x81, 0x2d, 0xfd, 0x14, 0xf1, 0x06, 0xdc, 0x28, 0x05, 0xa8, 0xb1,
  0x2f, 0xc0, 0xa4, 0xeb, 0x03, 0x38, 0xdc, 0xa2, 0xd4, 0x36, 0x46, 0x00,
  0xae, 0xc0, 0x59, 0x70, 0x5f, 0x88, 0x0e, 0x0d, 0xc7, 0x0f, 0x33, 0xce,
  0xe7, 0xb8, 0xda, 0xe1, 0x40, 0x46, 0xfa, 0x09, 0x17, 0x16, 0x3f, 0xe8,
  0xde, 0x68, 0x39, 0xa7, 0xf9, 0x9b, 0x25, 0x91, 0x4a, 0xc8, 0xe9, 0x81,
  0x65, 0x19, 0x2a, 0x16, 0x3d, 0x70, 0x07, 0x12, 0x24, 0xc3, 0x6a, 0x18,
  0x69, 0xcf, 0xec, 0x68, 0xfd, 0x4b, 0xd8, 0x81, 0x07, 0x14, 0x01, 0xf7,
  0xf2, 0x38, 0x36, 0x10, 0x59, 0x48, 0x1d, 0xfe, 0xbe, 0xd4, 0xcd, 0x93,
  0x1d, 0x9d, 0xc2, 0xc2, 0xdb, 0x49, 0xcc, 0xba, 0x73, 0x36, 0xb4, 0x56,
  0xfc, 0x54, 0xc5, 0xae, 0x22, 0x16, 0xa3, 0xdf, 0xa7, 0x4b, 0x30, 0xc7,
  0x5a, 0x2a, 0x11, 0x21, 0x06, 0xac, 0x97, 0xaf, 0xd1, 0xb7, 0xb9, 0xec,
  0x1b, 0x08, 0xb4, 0x40, 0x56, 0x99, 0xca, 0x20, 0x2e, 0x58, 0x16, 0x3b,
  0x59, 0x98, 0x20, 0x48, 0x97, 0xb0, 0x28, 0xf4, 0x69, 0x56, 0xda, 0x3e,
  0x39, 0xf1, 0xde, 0x19, 0x11, 0x81, 0xb0, 0x98, 0x2b, 0xd6, 0xeb, 0x02,
  0x15, 0x36, 0x4a, 0x9a, 0xa7, 0x3e, 0xb3, 0x10, 0x4b, 0x26, 0x91, 0x93,
  0x7c, 0x81, 0xfa, 0x8b, 0xd9, 0xc9, 0xdc, 0x0c, 0x54, 0x33, 0x67, 0x7b,
  0xc9, 0x3e, 0xad, 0x23, 0x26, 0xcf, 0x49, 0xb3, 0xf1, 0x2d, 0xea, 0xa6,
  0x6f, 0xe2, 0xb5, 0x64, 0xf1, 0xa2, 0x54, 0xbc, 0xd6, 0x14, 0x37, 0x21,
  0x03, 0x0d, 0x79, 0x22, 0xf8, 0x2f, 0x32, 0xf1, 0xb1, 0x52, 0x20, 0x12,
  0xa6, 0x11, 0x3b, 0x12, 0xfb, 0xf5, 0xe9, 0x0f, 0xd0, 0x63, 0x31, 0xce,
  0x07, 0x94, 0x9e, 0xa0, 0x4f, 0xda, 0x40, 0x03, 0x13, 0x30, 0x7f, 0x0b,
  0xfc, 0xf9, 0xab, 0x0f, 0xc0, 0xcc, 0xb0, 0x28, 0x2c, 0x9f, 0x14, 0xc2,
  0x7e, 0xbf, 0x01, 0xe0, 0xfb, 0xf7, 0x92, 0xac, 0xbb, 0x29, 0x2f, 0xd6,
  0xb9, 0x09, 0x35, 0x47, 0x03, 0xcf, 0x5e, 0x3c, 0xe3, 0x24, 0xa9, 0xb1,
  0x16, 0xea, 0x0c, 0xb5, 0xca, 0x35, 0xd3, 0xb1, 0x7f, 0xe4, 0x0e, 0xe9,
  0xef, 0x64, 0xbf, 0x81, 0xef, 0x30, 0x01, 0x56, 0x33, 0xb0, 0x27, 0xb8,
  0x5e, 0xe7, 0x1d, 0x12, 0xac, 0x3e, 0x5a, 0x3d, 0xbc, 0x81, 0x4f, 0xc5,
  0x2d, 0xa5, 0xfe, 0xa4, 0xba, 0x64, 0x50, 0xed, 0xbb, 0xfe, 0xa1, 0x0b,
  0xbe, 0xb9, 0x5d, 0xd7, 0x73, 0x85, 0xfd, 0xc8, 0xb8, 0xe4, 0x0d, 0xcc,
  0x34, 0x28, 0xf8, 0xdc, 0xf7, 0x76, 0x21, 0x29, 0xf9, 0x3d, 0x61, 0x95,
  0x83, 0x02, 0x97, 0x21, 0x19, 0xa2, 0x07, 0xad, 0x6e, 0xd6, 0xe4, 0xc0,
  0xf8, 0x52, 0x9d, 0x9b, 0x9f, 0x8c, 0xc8, 0xb3, 0xd2, 0x25, 0x75, 0x36,
  0x46, 0x57, 0x7f, 0x0c, 0x1d, 0x4a, 0x86, 0x1b, 0x54, 0x3b, 0x91, 0x43,
  0xd3, 0x88, 0x13, 0xf1, 0xc8, 0x5e, 0x28, 0x01, 0x5b, 0xd7, 0xf4, 0xd7,
  0x3e, 0xda, 0x18, 0xb3, 0xad, 0xe7, 0x2b, 0x7f, 0x35, 0xe8, 0xe5, 0xbd,
  0x04, 0x54, 0x08, 0xd0, 0x69, 0x5b, 0x1e, 0x21, 0xfa, 0xf4, 0xd3, 0xf0,
  0x16, 0xc8, 0x0d, 0x59, 0xb7, 0x4e, 0xbe, 0xbe, 0x31, 0xf6, 0x51, 0x6b,
  0xda, 0x4e, 0x9a, 0xdb, 0xce, 0xc7, 0x13, 0xbe, 0x8b, 0x4f, 0x49, 0xdd,
  0x81, 0x42, 0x13, 0xd0, 0xef, 0xd3, 0x05, 0x2f, 0x45, 0xb6, 0xf0, 0x36,
  0x9d, 0x9d, 0x03, 0xdb, 0x34, 0xc3, 0x98, 0xd8, 0xa4, 0xa1, 0x40, 0x4a,
  0xc0, 0x04, 0x54, 0xc3, 0x33, 0xb3, 0xa0, 0x1d, 0x1d, 0xf3, 0xe1, 0xa8,
  0xc2, 0x13, 0x02, 0x74, 0x33, 0x38, 0x31, 0x0f, 0xda, 0xba, 0xb1, 0x33,
  0xe7, 0x76, 0xa0, 0x37, 0xd0, 0x23, 0xf2, 0xf0, 0xd3, 0x31, 0xb5, 0x07,
  0xe5, 0xcc, 0xb3, 0x18, 0x31, 0x2a, 0x90, 0xb7, 0x5b, 0xcf, 0x29, 0x33,
  0x4b, 0x7f, 0x3b, 0x27, 0x0b, 0xb7, 0x4c, 0x2d, 0xa3, 0x15, 0x10, 0xac,
  0x26, 0x61, 0xd6, 0x61, 0x28, 0xcd, 0x10, 0xd6, 0x1c, 0xfb, 0x09, 0x81,
  0xa3, 0xca, 0x96, 0xc0, 0x49, 0xf9, 0x17, 0x57, 0x5b, 0xe0, 0x98, 0x2d,
  0xe6, 0x11, 0x39, 0x36, 0xa5, 0x19, 0xe0, 0xe9, 0xc5, 0x3d, 0x16, 0x54,
  0x3c, 0xe9, 0x23, 0xba, 0xda, 0x6a, 0xb9, 0x0e, 0xf1, 0x2c, 0xfc, 0xa9,
  0x92, 0x4d, 0x09, 0x46, 0x29, 0xff, 0xde, 0x26, 0x67, 0x01, 0xde, 0x5e,
  0x00, 0x1c, 0x37, 0x0d, 0xaa, 0xd0, 0xb1, 0xee, 0x4f, 0xda, 0xed, 0xc6,
  0x08, 0x06, 0xfc, 0x13, 0xf6, 0x57, 0xb8, 0x3e, 0xf6, 0xe8, 0x94, 0x21,
  0xec, 0xc6, 0xb5, 0xff, 0x1f, 0xaa, 0xf1, 0x5e, 0x69, 0xbc, 0x38, 0xd2,
  0xc5, 0xc4, 0xa0, 0x81, 0xf0, 0x5b, 0xc0, 0x98, 0xe6, 0x31, 0xe9, 0x5f,
  0x2d, 0x7f, 0x93, 0xe7, 0x1d, 0x7e, 0xff, 0xaa, 0x28, 0x93, 0xb3, 0xbb,
  0x44, 0x5a, 0xa4, 0xc2, 0xfa, 0x4f, 0xc3, 0x04, 0x48, 0x6c, 0x24, 0xbe,
  0xb7, 0xf8, 0xf8, 0x03, 0x75, 0xb1, 0xab, 0xbc, 0x20, 0xaf, 0x34, 0xca,
  0x60, 0x99, 0xb8, 0x07, 0x38, 0x70, 0x4e, 0xf1, 0xdf, 0x98, 0x65, 0xe4,
  0x68, 0xd1, 0x06, 0x3b, 0x6a, 0x3f, 0x89, 0xb3, 0x3c, 0x50, 0x81, 0xc0,
  0x93, 0xda, 0x0d, 0x47, 0x72, 0xaf, 0xc8, 0x91, 0xc1, 0x1c, 0xda, 0xa1,
  0xbb, 0xbf, 0x0a, 0xdf, 0x97, 0xb3, 0xb7, 0x1f, 0xd1, 0x17, 0x2d, 0x14,
  0xd6, 0x99, 0x2f, 0x8e, 0xc2, 0x30, 0x11, 0x98, 0x0a, 0xf3, 0xff, 0xff,
  0x04, 0x00, 0x00, 0x00, 0x40, 0x00, 0x00, 0x00, 0x7a, 0x05, 0x00, 0x00,
  0x86, 0x13, 0x00, 0x00, 0xf5, 0xf5, 0xff, 0xff, 0xb1, 0xfb, 0xff, 0xff,
  0xbd, 0xfd, 0xff, 0xff, 0x76, 0xeb, 0xff, 0xff, 0x52, 0xf3, 0xff, 0xff,
  0x13, 0xe9, 0xff, 0xff, 0xdb, 0x10, 0x00, 0x00, 0x9d, 0x0f, 0x00, 0x00,
  0x50, 0xf1, 0xff, 0xff, 0x44, 0x04, 0x00, 0x00, 0x06, 0x09, 0x00, 0x00,
  0xcb, 0x01, 0x00, 0x00, 0xf1, 0x14, 0x00, 0x00, 0x7d, 0xf7, 0xff, 0xff,
  0x56, 0xf3, 0xff, 0xff, 0x04, 0x00, 0x00, 0x00, 0x10, 0x00, 0x00, 0x00,
  0x7f, 0x1a, 0x36, 0x4a, 0x2b, 0x34, 0x42, 0x73, 0x1e, 0xfe, 0x61, 0x37,
  0x4c, 0x29, 0x1b, 0x5a, 0x72, 0xf3, 0xff, 0xff, 0x04, 0x00, 0x00, 0x00,
  0x10, 0x00, 0x00, 0x00, 0xd1, 0xd1, 0xdb, 0xeb, 0xe0, 0xfd, 0xf4, 0xfb,
  0xae, 0xd0, 0xcd, 0xde, 0x80, 0xc4, 0xd5, 0xdc, 0x8e, 0xf3, 0xff, 0xff,
  0x04, 0x00, 0x00, 0x00, 0x00, 0x03, 0x00, 0x00, 0x91, 0xfd, 0x18, 0xe4,
  0x21, 0xf6, 0x30, 0xd0, 0x97, 0xda, 0x1f, 0xca, 0x89, 0x1d, 0x6c, 0x0d,
  0xd0, 0xb6, 0xd5, 0x71, 0xd3, 0xe1, 0x68, 0x2c, 0x4b, 0x2f, 0x58, 0xba,
  0xa3, 0xdc, 0x6f, 0x20, 0x0d, 0xc0, 0x7d, 0x66, 0xa4, 0x76, 0x7f, 0x29,
  0x91, 0xd1, 0xc1, 0x0e, 0xf3, 0xf9, 0x71, 0x76, 0x9f, 0x14, 0x3f, 0x43,
  0x96, 0x47, 0xd4, 0x3e, 0x9e, 0x2d, 0xa2, 0xc8, 0xbb, 0x7f, 0x46, 0xe8,
  0x0e, 0xca, 0x33, 0xf8, 0x12, 0xf3, 0x6d, 0x00, 0x46, 0x37, 0x0c, 0xc7,
  0x90, 0xda, 0xbd, 0x10, 0xcd, 0x56, 0x05, 0xff, 0xea, 0xf1, 0xf4, 0xcd,
  0xb9, 0x11, 0x2d, 0xfe, 0x07, 0xc8, 0x0b, 0xce, 0xd3, 0x16, 0x0e, 0x81,
  0xed, 0xce, 0x18, 0x6f, 0xe4, 0x3a, 0xd7, 0x02, 0x07, 0xf8, 0xec, 0x47,
  0x56, 0xdc, 0x95, 0xa9, 0x2b, 0x53, 0xa5, 0x3f, 0x07, 0xfd, 0x62, 0x0b,
  0xa8, 0x86, 0x51, 0xab, 0xd4, 0x59, 0x1a, 0x0f, 0x34, 0xbf, 0x4e, 0x61,
  0xe9, 0xa7, 0xac, 0x2d, 0x36, 0x9c, 0x3f, 0x68, 0xa5, 0x37, 0x22, 0x3e,
  0x5e, 0xe5, 0x67, 0x07, 0xdb, 0xf6, 0xee, 0x7f, 0x9e, 0xa2, 0xa9, 0x3f,
  0x91, 0x52, 0xae, 0xe6, 0x20, 0x2a, 0xad, 0xb3, 0x3e, 0x02, 0x71, 0x1b,
  0xf4, 0xef, 0x47, 0x9c, 0x58, 0xe9, 0xba, 0x8c, 0xc8, 0x92, 0xc5, 0x14,
  0x6a, 0x30, 0x43, 0x10, 0xae, 0x4b, 0x1c, 0x56, 0x15, 0xf7, 0x91, 0x14,
  0xab, 0xde, 0xb2, 0xe7, 0xb0, 0xfb, 0xfc, 0xec, 0xee, 0xd6, 0x1b, 0xfb,
  0x2d, 0x5c, 0xec, 0x84, 0x5f, 0xcd, 0xf1, 0x22, 0x51, 0x32, 0xb5, 0x1e,
  0x44, 0x0e, 0x27, 0xad, 0xd0, 0x38, 0xc1, 0x4b, 0x1d, 0xeb, 0xda, 0x9f,
  0x32, 0xe7, 0x5f, 0xe4, 0xb0, 0x81, 0xe5, 0x18, 0x0d, 0x52, 0x6b, 0x4c,
  0xac, 0xd1, 0x2e, 0xf3, 0x21, 0x26, 0xce, 0xca, 0x96, 0x27, 0xef, 0xd1,
  0xc9, 0x01, 0xfe, 0x0c, 0x1b, 0x2a, 0xfa, 0xba, 0x2d, 0xcd, 0xad, 0xab,
  0xef, 0x28, 0x29, 0xec, 0x36, 0x24, 0xf7, 0x57, 0xd1, 0x2e, 0x7f, 0x1c,
  0xb7, 0xfb, 0xce, 0xe0, 0xa7, 0x06, 0x00, 0xd7, 0x62, 0x68, 0x81, 0xb3,
  0x3d, 0x99, 0xed, 0x62, 0x46, 0x88, 0xc5, 0xe0, 0x13, 0x40, 0x88, 0x9f,
  0x58, 0x9a, 0x89, 0x56, 0x3d, 0xee, 0x07, 0xf3, 0x9c, 0x2d, 0x28, 0xb5,
  0xf9, 0x82, 0x41, 0xe4, 0xd8, 0xc4, 0xc9, 0xc0, 0xfe, 0xd2, 0x01, 0xa3,
  0x4b, 0xbb, 0xfa, 0x9c, 0xd0, 0x82, 0x4a, 0xe6, 0xdf, 0xae, 0x48, 0xcc,
  0x82, 0x2b, 0x49, 0x3a, 0x2b, 0xb2, 0xef, 0xc5, 0x03, 0x7f, 0x4d, 0xfa,
  0xc2, 0xe1, 0x5a, 0xff, 0x40, 0x16, 0x5d, 0x6e, 0x07, 0x5c, 0x1d, 0xf5,
  0xcb, 0xb7, 0xc5, 0x07, 0xa9, 0x0b, 0xa4, 0xf4, 0xe6, 0xed, 0xb5, 0xf3,
  0x2e, 0xfe, 0x04, 0x84, 0xcf, 0xda, 0x58, 0x1f, 0x5c, 0x28, 0xaf, 0xf4,
  0x30, 0x36, 0x20, 0x56, 0xb7, 0x0e, 0xb7, 0x1e, 0xe0, 0x43, 0x0d, 0xfc,
  0x20, 0x2d, 0xd4, 0xe7, 0x5e, 0xc1, 0x1a, 0xce, 0x32, 0x0b, 0x19, 0xde,
  0x2d, 0x81, 0x34, 0xf5, 0xcd, 0x43, 0xc9, 0xcb, 0x16, 0x15, 0x2b, 0x1f,
  0x4c, 0xec, 0x47, 0xca, 0xd9, 0x8d, 0x49, 0x08, 0xd5, 0xc3, 0x7f, 0x1f,
  0x45, 0x1a, 0x45, 0xa5, 0x13, 0x05, 0xf7, 0x03, 0xee, 0xde, 0x5f, 0x51,
  0xa6, 0x3e, 0x22, 0x4a, 0xae, 0xe8, 0x5f, 0x1d, 0xa3, 0xd0, 0xfa, 0x2f,
  0xa7, 0x71, 0xc9, 0x49, 0x29, 0xb6, 0x53, 0x0b, 0xe1, 0xfc, 0xcb, 0x38,
  0xba, 0xb4, 0xa3, 0x2c, 0x3e, 0x1c, 0xd3, 0x23, 0x2f, 0x25, 0x52, 0xc4,
  0x45, 0x7f, 0x62, 0x89, 0x4b, 0x0a, 0x4d, 0xfb, 0x97, 0xd1, 0xa3, 0xcf,
  0xf9, 0xa4, 0xcc, 0x5c, 0x43, 0x66, 0x1f, 0x8b, 0xf1, 0xca, 0x12, 0xf5,
  0xfe, 0x68, 0x08, 0xc5, 0xb2, 0x71, 0xde, 0x51, 0x4d, 0x18, 0x4f, 0xe1,
  0xc9, 0xb5, 0xf2, 0x4d, 0x67, 0x58, 0xe1, 0x19, 0x0a, 0x51, 0x6b, 0x3e,
  0x18, 0xd5, 0xbe, 0x22, 0xd6, 0xfc, 0xa0, 0x0d, 0xef, 0x3b, 0xed, 0x20,
  0xe3, 0xbf, 0xc6, 0x46, 0x1d, 0x4b, 0x7f, 0x49, 0xcd, 0x0d, 0xaa, 0x38,
  0x1f, 0xe9, 0x35, 0x50, 0x1f, 0xc0, 0x7c, 0x12, 0x9f, 0xf6, 0xd5, 0x07,
  0x9c, 0xf6, 0xdb, 0xbe, 0x93, 0xc1, 0x5d, 0x7b, 0xed, 0x3a, 0xe7, 0x52,
  0xf6, 0xd2, 0x6c, 0x32, 0x4c, 0xd1, 0x8f, 0x60, 0x81, 0xfc, 0xf6, 0x5b,
  0x10, 0x99, 0x61, 0x28, 0xd8, 0x0a, 0x35, 0x4a, 0xf8, 0x53, 0xc4, 0xb6,
  0x9a, 0xb9, 0x06, 0x69, 0x09, 0x5f, 0x25, 0xbd, 0x3a, 0x00, 0x68, 0x0e,
  0xf1, 0x5e, 0xf9, 0x23, 0xe5, 0xd6, 0x47, 0xbd, 0xfa, 0xf0, 0xe2, 0xd6,
  0x12, 0x5b, 0x56, 0x4c, 0x5d, 0x32, 0x1d, 0xd7, 0x81, 0xf1, 0xda, 0x71,
  0xa0, 0xf6, 0x75, 0x41, 0x42, 0x6c, 0x51, 0xf6, 0x98, 0x1a, 0x19, 0x02,
  0x16, 0x2e, 0x54, 0xb3, 0x8d, 0xd6, 0x94, 0x0d, 0x42, 0x2c, 0x0d, 0xad,
  0xaf, 0xcf, 0x24, 0xb2, 0x1e, 0xdc, 0xdd, 0xe9, 0xe7, 0xad, 0xd0, 0x0a,
  0xc8, 0xc7, 0x81, 0x88, 0x4a, 0x19, 0x2a, 0x21, 0x70, 0xbc, 0x1d, 0x54,
  0x6b, 0x37, 0x85, 0xb6, 0xd3, 0xe3, 0xd7, 0xcd, 0xed, 0x9b, 0xdb, 0xe1,
  0x84, 0xc7, 0x28, 0x0d, 0xf6, 0x41, 0xfd, 0x49, 0x2f, 0x3f, 0x1e, 0x2f,
  0x4e, 0xc9, 0x00, 0x0a, 0xab, 0xd9, 0x4d, 0x1c, 0xf0, 0x02, 0x24, 0x55,
  0x81, 0xac, 0xca, 0x53, 0x26, 0x00, 0xf0, 0x2d, 0x96, 0x07, 0xcd, 0xc4,
  0xd5, 0x2e, 0x9e, 0xd5, 0x6c, 0x8c, 0x25, 0x23, 0xaa, 0x39, 0xd1, 0x27,
  0x2a, 0xbb, 0x15, 0xb8, 0x97, 0x1c, 0xbd, 0xc8, 0x3e, 0x26, 0xa3, 0xa2,
  0xc7, 0xac, 0x41, 0xcb, 0x54, 0x98, 0xe4, 0x42, 0x9a, 0xf6, 0xff, 0xff,
  0x04, 0x00, 0x00, 0x00, 0x40, 0x00, 0x00, 0x00, 0x5b, 0xfe, 0xff, 0xff,
  0x6e, 0xff, 0xff, 0xff, 0x95, 0xfa, 0xff, 0xff, 0xfc, 0xfd, 0xff, 0xff,
  0xd6, 0x08, 0x00, 0x00, 0x7e, 0xeb, 0xff, 0xff, 0xa7, 0xfd, 0xff, 0xff,
  0x0c, 0xfa, 0xff, 0xff, 0x5a, 0x19, 0x00, 0x00, 0xae, 0x06, 0x00, 0x00,
  0x8a, 0x0f, 0x00, 0x00, 0x9a, 0xf3, 0xff, 0xff, 0x68, 0xfa, 0xff, 0xff,
  0xc3, 0xfe, 0xff, 0xff, 0x22, 0x05, 0x00, 0x00, 0x75, 0x04, 0x00, 0x00,
  0xe6, 0xf6, 0xff, 0xff, 0x04, 0x00, 0x00, 0x00, 0x10, 0x00, 0x00, 0x00,
  0xf6, 0x32, 0x53, 0x2c, 0x7c, 0x18, 0x70, 0x3a, 0x1e, 0xfe, 0x2c, 0x08,
  0x20, 0x2e, 0x7f, 0x37, 0x02, 0xf7, 0xff, 0xff, 0x04, 0x00, 0x00, 0x00,
  0x10, 0x00, 0x00, 0x00, 0xeb, 0xe8, 0xeb, 0xee, 0x80, 0xf2, 0x8e, 0x13,
  0xa0, 0xf9, 0x0e, 0xef, 0xf4, 0x0a, 0xc5, 0xb9, 0x1e, 0xf7, 0xff, 0xff,
  0x04, 0x00, 0x00, 0x00, 0x00, 0x03, 0x00, 0x00, 0xac, 0x04, 0xd8, 0x15,
  0xdb, 0xdf, 0x81, 0x6c, 0x00, 0x77, 0x06, 0x1e, 0xb5, 0x1d, 0xbc, 0xd3,
  0x41, 0xdf, 0xf7, 0x2f, 0xe5, 0x0b, 0x86, 0xb9, 0xf9, 0x3b, 0x90, 0x03,
  0x41, 0xe4, 0xc6, 0x40, 0x62, 0xbc, 0xb6, 0x1c, 0xc4, 0x6e, 0xda, 0xe3,
  0xf9, 0xc1, 0xf2, 0x68, 0xbe, 0x4c, 0xc9, 0x22, 0xa0, 0xf9, 0xd6, 0xbc,
  0xc7, 0xeb, 0x3b, 0xb9, 0xdd, 0xe5, 0xf9, 0xd8, 0xa8, 0x29, 0xdf, 0xcc,
  0xaa, 0x28, 0x35, 0x1f, 0x06, 0x81, 0x2a, 0x3b, 0x5c, 0xda, 0xff, 0x8d,
  0x2f, 0x45, 0x23, 0xe8, 0x9d, 0x36, 0xcf, 0x1b, 0xc4, 0x9f, 0x04, 0x51,
  0xea, 0x93, 0x23, 0xf7, 0x9b, 0xd0, 0xec, 0x07, 0x9a, 0xe2, 0xd9, 0x56,
  0x43, 0xb2, 0x04, 0xc6, 0x3d, 0xf0, 0x21, 0xcc, 0xe7, 0xce, 0xfb, 0xfe,
  0xc6, 0x1b, 0xe7, 0x3e, 0xe7, 0xec, 0x30, 0xe4, 0xd2, 0xf3, 0x3d, 0x48,
  0x27, 0x2b, 0xdd, 0x4f, 0x93, 0x1f, 0xfa, 0x7f, 0xee, 0x00, 0xdf, 0x9e,
  0x59, 0x92, 0x3f, 0x02, 0x4e, 0x27, 0xf9, 0xba, 0xc2, 0x02, 0xf1, 0xff,
  0x9f, 0xd5, 0xe4, 0x1e, 0x17, 0x07, 0xcb, 0x11, 0x6f, 0xff, 0xac, 0xd2,
  0x0f, 0x03, 0x23, 0x16, 0x03, 0x27, 0xc3, 0x2e, 0xe9, 0x3b, 0xcf, 0x97,
  0x76, 0xfa, 0x09, 0xd1, 0x61, 0x9f, 0xde, 0x57, 0x1c, 0x7f, 0xa7, 0x3b,
  0x81, 0x9e, 0xdd, 0x5d, 0x5f, 0xd1, 0x31, 0x8c, 0x24, 0xcd, 0x03, 0xaa,
  0xd5, 0x3e, 0x81, 0xc9, 0x20, 0xe7, 0xb3, 0xe5, 0x64, 0x55, 0xf7, 0xb4,
  0xe4, 0x5c, 0x30, 0xdf, 0xfe, 0x33, 0xa3, 0xd7, 0xed, 0x35, 0xb0, 0xc8,
  0x49, 0x10, 0x13, 0x4f, 0x61, 0x72, 0xf8, 0xaa, 0x28, 0x3a, 0xc3, 0xa9,
  0xdf, 0x4a, 0xe6, 0x65, 0x0e, 0xfd, 0x01, 0x97, 0x81, 0x85, 0xf7, 0x65,
  0x08, 0x88, 0x63, 0x56, 0x17, 0xca, 0xd8, 0x02, 0x36, 0xd7, 0x46, 0xdd,
  0x02, 0x85, 0xd6, 0x39, 0xf1, 0xb0, 0x0d, 0xf2, 0xa0, 0x20, 0x28, 0x99,
  0x1f, 0x88, 0xed, 0x39, 0xa2, 0x54, 0x35, 0x32, 0xea, 0x11, 0x27, 0x09,
  0x26, 0xda, 0x1b, 0x05, 0x85, 0x16, 0x3b, 0xeb, 0xc2, 0x41, 0xad, 0xaa,
  0x24, 0x7e, 0x99, 0x68, 0x4e, 0x7f, 0x60, 0xc9, 0x67, 0xf7, 0xb1, 0xce,
  0xf2, 0x54, 0xf7, 0xcc, 0x89, 0xe5, 0xc2, 0x1b, 0x5d, 0x44, 0xff, 0x0c,
  0x45, 0x3f, 0xce, 0x20, 0x72, 0x59, 0x1d, 0x62, 0xaf, 0xd1, 0xf6, 0xc8,
  0xdd, 0xc0, 0xd3, 0xbe, 0xb7, 0xb0, 0x20, 0xc2, 0x0a, 0xde, 0x13, 0xe1,
  0xd0, 0x96, 0xe4, 0x0d, 0x38, 0xb5, 0x3e, 0x12, 0xcf, 0xa1, 0x2c, 0xdc,
  0xa3, 0x35, 0x19, 0xdd, 0xde, 0x1a, 0x2e, 0xa6, 0x9f, 0x1b, 0x4a, 0x81,
  0x03, 0xca, 0x4b, 0x20, 0x38, 0x2c, 0x27, 0xcc, 0x61, 0xdb, 0x4a, 0x15,
  0x10, 0xb9, 0x23, 0x90, 0xce, 0xe5, 0xf9, 0x4f, 0x54, 0xe2, 0x25, 0xc6,
  0x81, 0x69, 0x0d, 0x09, 0x34, 0x48, 0xab, 0x15, 0x30, 0x63, 0x13, 0xfd,
  0x10, 0x2e, 0xf6, 0x1a, 0x82, 0x28, 0x3a, 0x2f, 0xf5, 0xe4, 0x1b, 0x00,
  0x57, 0xb5, 0x10, 0xe1, 0x0c, 0x25, 0x9f, 0x49, 0x4e, 0x56, 0xd5, 0x45,
  0x58, 0x77, 0x24, 0x5b, 0xc8, 0x23, 0x1d, 0xe5, 0x59, 0xef, 0x40, 0xcb,
  0x09, 0x06, 0x1f, 0x46, 0xd3, 0x01, 0x1d, 0xa7, 0xa5, 0xde, 0x57, 0xf0,
  0x17, 0x22, 0xb0, 0x89, 0xc6, 0x05, 0x9b, 0x51, 0xe2, 0xdd, 0xd4, 0xba,
  0xd7, 0xc8, 0x96, 0x92, 0xf5, 0x24, 0x5b, 0x41, 0xf7, 0x2e, 0x90, 0x24,
  0xc3, 0x7f, 0x75, 0x5e, 0x0b, 0xca, 0x30, 0x0b, 0x13, 0xda, 0x09, 0xcd,
  0x1d, 0xdf, 0x24, 0x0f, 0xcc, 0x2b, 0xcd, 0x9c, 0xa3, 0xbd, 0xbe, 0x12,
  0x9c, 0x08, 0x2c, 0xb0, 0x02, 0x8a, 0x49, 0xd8, 0xf0, 0x43, 0xde, 0x2b,
  0xd2, 0x31, 0x6f, 0xfb, 0x0b, 0x89, 0xdd, 0x02, 0x2e, 0x81, 0x41, 0xbc,
  0x58, 0xd1, 0xe2, 0x38, 0xaa, 0x1a, 0x4b, 0xd7, 0xe0, 0xbd, 0xe0, 0x06,
  0x04, 0x8f, 0x39, 0x3f, 0xbe, 0x28, 0xfa, 0xde, 0xc1, 0x43, 0xc3, 0x20,
  0xdc, 0xec, 0x33, 0x03, 0x11, 0xaf, 0x3a, 0xb6, 0xc3, 0xe9, 0xb3, 0x28,
  0x9c, 0x01, 0xf4, 0x24, 0xea, 0xb5, 0xc7, 0x27, 0xbc, 0x81, 0x06, 0xc8,
  0x1c, 0xaa, 0x43, 0xe5, 0xf8, 0x37, 0x59, 0x32, 0x3e, 0x81, 0x2f, 0xfa,
  0x21, 0xf7, 0x53, 0x44, 0xc2, 0x99, 0xe7, 0xe9, 0xe9, 0xbb, 0xd1, 0xc1,
  0x90, 0xd6, 0x3e, 0x21, 0x72, 0x88, 0x42, 0xe0, 0x1e, 0x25, 0x3a, 0x2a,
  0xc6, 0x96, 0x12, 0xbe, 0xf5, 0x0e, 0xa5, 0x58, 0xc9, 0xdd, 0x33, 0xc7,
  0x39, 0xd5, 0x5d, 0xc1, 0x10, 0xa5, 0x66, 0x01, 0x84, 0xd2, 0xb2, 0x08,
  0xf6, 0x3d, 0x5d, 0xc8, 0xfb, 0xb2, 0xcd, 0x81, 0x46, 0x41, 0xfe, 0x27,
  0x89, 0x86, 0xd5, 0x49, 0x47, 0x48, 0x5a, 0x31, 0x1a, 0x3a, 0x33, 0x92,
  0xdb, 0x4f, 0x4f, 0x3a, 0x09, 0xa5, 0xd6, 0x4a, 0xb1, 0x19, 0x75, 0xcb,
  0xbb, 0xf1, 0xb1, 0x9e, 0xfd, 0x0e, 0x5b, 0x5d, 0x2c, 0x9d, 0x20, 0xda,
  0xf1, 0xa2, 0x26, 0xbe, 0xed, 0x81, 0xdf, 0xe4, 0x42, 0x06, 0x42, 0x2e,
  0x0a, 0x3b, 0xc2, 0x2d, 0x37, 0x06, 0x1d, 0x0f, 0x33, 0xd8, 0xae, 0xea,
  0xcd, 0x3e, 0x16, 0xbf, 0x97, 0xa3, 0x25, 0xf6, 0x34, 0xde, 0x58, 0x06,
  0xd7, 0x82, 0xba, 0xae, 0xbc, 0xc6, 0xb1, 0xbf, 0x1e, 0xb1, 0x3f, 0xdc,
  0x56, 0x81, 0xf7, 0x33, 0x89, 0x9f, 0x16, 0xbb, 0xa4, 0x31, 0xb6, 0xc4,
  0xa8, 0xfa, 0x1c, 0x0e, 0xf3, 0xc1, 0xb9, 0x0e, 0x10, 0x0f, 0x4f, 0xd9,
  0xe1, 0x3a, 0x66, 0xb9, 0x98, 0xe6, 0xbd, 0x29, 0x22, 0x8c, 0xa8, 0x0f,
  0x3d, 0x99, 0xf6, 0x1d, 0xfd, 0xc8, 0xa3, 0x4c, 0x2a, 0xfa, 0xff, 0xff,
  0x04, 0x00, 0x00, 0x00, 0x40, 0x00, 0x00, 0x00, 0xf3, 0x02, 0x00, 0x00,
  0x9a, 0x1f, 0x00, 0x00, 0x2e, 0x00, 0x00, 0x00, 0x91, 0xef, 0xff, 0xff,
  0xf9, 0x16, 0x00, 0x00, 0xd6, 0x10, 0x00, 0x00, 0x51, 0x08, 0x00, 0x00,
  0x9e, 0x03, 0x00, 0x00, 0xec, 0xf2, 0xff, 0xff, 0xad, 0xf5, 0xff, 0xff,
  0x87, 0x15, 0x00, 0x00, 0x89, 0x03, 0x00, 0x00, 0x8f, 0x09, 0x00, 0x00,
  0xd2, 0xf0, 0xff, 0xff, 0x79, 0x16, 0x00, 0x00, 0x85, 0x1f, 0x00, 0x00,
  0x76, 0xfa, 0xff, 0xff, 0x04, 0x00, 0x00, 0x00, 0x10, 0x00, 0x00, 0x00,
  0x4a, 0x3d, 0x34, 0x58, 0xf3, 0x40, 0xe8, 0x3b, 0xe3, 0x29, 0x7f, 0x5e,
  0x78, 0x61, 0x34, 0x55, 0x92, 0xfa, 0xff, 0xff, 0x04, 0x00, 0x00, 0x00,
  0x10, 0x00, 0x00, 0x00, 0x2a, 0xa7, 0x00, 0x25, 0x1a, 0xa6, 0x41, 0xf9,
  0x2d, 0x34, 0x80, 0x9a, 0x93, 0xa9, 0xa3, 0xb4, 0xae, 0xfa, 0xff, 0xff,
  0x04, 0x00, 0x00, 0x00, 0x00, 0x03, 0x00, 0x00, 0xec, 0xa0, 0xda, 0x22,
  0x26, 0x46, 0x0a, 0x2a, 0xf2, 0xd6, 0x8d, 0x42, 0x97, 0xfa, 0x12, 0xe8,
  0x35, 0xa9, 0xf8, 0x05, 0x10, 0x1a, 0x66, 0x81, 0x87, 0x38, 0x16, 0xc5,
  0xa8, 0xe0, 0x13, 0x19, 0xd5, 0x22, 0x2a, 0x0f, 0xab, 0x4c, 0xed, 0x9d,
  0x32, 0x65, 0xaa, 0x17, 0xf6, 0x85, 0xb7, 0xd8, 0xd2, 0x1d, 0x10, 0x3c,
  0xce, 0x58, 0xec, 0xd0, 0x81, 0xd8, 0x0a, 0xf4, 0x1d, 0xf0, 0x0a, 0x01,
  0xb7, 0x3b, 0x0e, 0xb1, 0x88, 0x1b, 0x21, 0x16, 0x10, 0xd9, 0xea, 0x3a,
  0x0b, 0xb7, 0x2a, 0x66, 0xbd, 0x26, 0x0d, 0x84, 0x12, 0xd2, 0xc1, 0x0e,
  0x9c, 0xdb, 0xe0, 0x44, 0xaf, 0x0c, 0x07, 0x19, 0xca, 0x29, 0xc4, 0x23,
  0xd8, 0x28, 0x7f, 0xdf, 0x9c, 0x0b, 0xe3, 0xe5, 0x2d, 0xc5, 0xec, 0xc6,
  0x57, 0xf5, 0xb0, 0x2b, 0x1e, 0xc0, 0x42, 0xa8, 0xef, 0x09, 0xbc, 0x02,
  0x90, 0xea, 0x0c, 0x2b, 0x3d, 0xf3, 0xaf, 0xcc, 0x46, 0x07, 0xed, 0x0b,
  0xe5, 0xd7, 0xb2, 0x9c, 0xcb, 0x1b, 0x2a, 0x9e, 0xc7, 0x10, 0x12, 0xc4,
  0x15, 0xed, 0xcf, 0x13, 0x3a, 0x2e, 0xf2, 0x1f, 0xf9, 0x14, 0xdf, 0x1a,
  0x8a, 0x4b, 0x0d, 0x9f, 0x89, 0x43, 0x02, 0x34, 0x81, 0xc8, 0x2a, 0xf5,
  0xf7, 0xa4, 0xfc, 0xed, 0xd8, 0xd6, 0x03, 0x1e, 0xc3, 0x50, 0x13, 0xe3,
  0xe5, 0xbc, 0xff, 0x22, 0xdb, 0xfa, 0xda, 0x17, 0xd2, 0x1b, 0x23, 0xf8,
  0x9e, 0x00, 0xc8, 0x2f, 0xe0, 0x22, 0xd0, 0x2d, 0xd1, 0x1c, 0x17, 0x0f,
  0xc4, 0x6a, 0x30, 0xcf, 0x8a, 0x48, 0x8f, 0x36, 0x85, 0x33, 0xcc, 0x21,
  0x07, 0xb9, 0xf5, 0x7f, 0x0e, 0x47, 0x00, 0x94, 0xb8, 0x22, 0xbc, 0x13,
  0xe6, 0x0e, 0x36, 0xe3, 0x1e, 0xbe, 0xec, 0xdf, 0xfe, 0x06, 0xed, 0xdd,
  0x20, 0x6a, 0x36, 0xd4, 0xdc, 0xdd, 0x45, 0xe4, 0xea, 0xf0, 0x3d, 0xcb,
  0xd1, 0x1b, 0x12, 0x91, 0xc6, 0x55, 0x22, 0x15, 0x89, 0x34, 0xfe, 0x4c,
  0xcf, 0xbc, 0x1a, 0x51, 0xdb, 0x12, 0x15, 0xac, 0x81, 0x3b, 0xc2, 0xea,
  0xca, 0xc0, 0xe2, 0xe3, 0xb9, 0x28, 0x1e, 0xe6, 0xe4, 0x0f, 0xf0, 0x27,
  0x81, 0x62, 0xec, 0xe2, 0xb7, 0x20, 0x1d, 0x14, 0xc4, 0x02, 0xf0, 0x01,
  0x99, 0xf9, 0xc4, 0xb3, 0xe4, 0x47, 0x2e, 0xcf, 0xc4, 0xf9, 0xfa, 0xbc,
  0x04, 0x10, 0x16, 0x4a, 0xc8, 0x3e, 0x3f, 0xdd, 0xef, 0x19, 0xc1, 0x08,
  0xbc, 0xe7, 0x02, 0x49, 0xac, 0xf6, 0xfb, 0x42, 0xdb, 0x1d, 0x94, 0xfb,
  0x54, 0x81, 0x15, 0x45, 0xf0, 0x1a, 0x1d, 0x17, 0x28, 0x2d, 0x04, 0xae,
  0x2d, 0xdd, 0xf6, 0x38, 0xe0, 0xac, 0xb4, 0xbc, 0x27, 0xc2, 0xb1, 0x87,
  0xcc, 0xcc, 0x92, 0x8e, 0x35, 0xd8, 0xe4, 0x2b, 0xb2, 0x04, 0xac, 0x2b,
  0x18, 0x0b, 0x0f, 0xf2, 0xdc, 0xfc, 0xf3, 0xf4, 0x82, 0xe0, 0x25, 0x81,
  0x0e, 0x1e, 0xd8, 0x18, 0x2c, 0xb2, 0xe9, 0x04, 0x48, 0xd9, 0x40, 0x24,
  0xa9, 0xfd, 0xf3, 0x0c, 0xd4, 0x35, 0xfb, 0x41, 0xe1, 0xc9, 0x2a, 0xff,
  0x1a, 0x95, 0x67, 0x34, 0x0f, 0xce, 0xe3, 0x03, 0x29, 0xf9, 0xc0, 0x25,
  0x8c, 0xb6, 0x23, 0xf8, 0xc9, 0xe9, 0x5c, 0x19, 0xff, 0x83, 0x25, 0x29,
  0x77, 0x44, 0x6d, 0x8f, 0xa2, 0xbf, 0x02, 0xac, 0x81, 0x3a, 0x3f, 0x44,
  0xe7, 0xa2, 0x8d, 0x02, 0x94, 0xb2, 0xc7, 0x86, 0x55, 0xdb, 0x8f, 0x0c,
  0x97, 0xae, 0x8e, 0xa0, 0x21, 0x1d, 0xb7, 0x07, 0x4f, 0x30, 0xca, 0xb4,
  0xe9, 0x08, 0xc5, 0x8c, 0x19, 0x37, 0x87, 0xef, 0x42, 0x69, 0x2d, 0x9c,
  0x72, 0x8f, 0xa5, 0x5a, 0x39, 0xb9, 0xb8, 0x01, 0xa8, 0xfb, 0x2b, 0x85,
  0x7f, 0xc1, 0x4d, 0x39, 0xaf, 0xf0, 0x0f, 0xcb, 0x49, 0xb5, 0x12, 0xc4,
  0x84, 0x84, 0x8d, 0xa2, 0xf2, 0xf0, 0x42, 0xef, 0x5a, 0x0d, 0xb2, 0xd6,
  0x91, 0x21, 0xad, 0xcc, 0x95, 0x1b, 0xb7, 0xf2, 0x00, 0x40, 0x08, 0x44,
  0x46, 0xdb, 0x2a, 0x30, 0x09, 0xd3, 0x4f, 0xb4, 0x49, 0xa3, 0x9a, 0xda,
  0x4f, 0xa3, 0xc7, 0x24, 0x58, 0x02, 0xf2, 0xbe, 0x81, 0x3f, 0xcc, 0x47,
  0x27, 0xb5, 0x8a, 0x12, 0xec, 0x09, 0xc3, 0x1b, 0xcc, 0xf3, 0xc1, 0xf8,
  0xd8, 0xfb, 0x01, 0x88, 0xb0, 0xa5, 0x23, 0x3a, 0x1c, 0x33, 0x38, 0x28,
  0xdd, 0x53, 0x81, 0x03, 0xa4, 0xeb, 0xf6, 0x45, 0xf4, 0x0a, 0x46, 0x6e,
  0x3a, 0x4b, 0xc5, 0x18, 0x2b, 0x36, 0xb7, 0xe6, 0x8c, 0xab, 0xff, 0xed,
  0x31, 0xb3, 0xb1, 0x4d, 0x12, 0x3d, 0xf9, 0x9d, 0x92, 0xfa, 0xae, 0x1d,
  0xbc, 0xa1, 0xc6, 0x55, 0xb6, 0x05, 0x44, 0x2a, 0x36, 0xc7, 0xc9, 0x8f,
  0x49, 0x17, 0x32, 0xe8, 0x09, 0xbe, 0xad, 0xd9, 0x9c, 0x43, 0x97, 0x3f,
  0x21, 0xff, 0xe0, 0x11, 0xa8, 0xc0, 0x24, 0x43, 0x33, 0x46, 0x8f, 0x81,
  0xf3, 0xeb, 0xa9, 0x84, 0xcb, 0xe1, 0x85, 0xc0, 0xe6, 0x3d, 0xc1, 0x29,
  0xf7, 0x6b, 0xa1, 0x9f, 0x37, 0x96, 0xaa, 0x08, 0x34, 0x1f, 0x03, 0x2c,
  0x90, 0x34, 0xe6, 0xbf, 0xd6, 0x13, 0x0e, 0xd7, 0x1a, 0x13, 0x37, 0x22,
  0xa3, 0x4d, 0x38, 0x8e, 0x8a, 0x13, 0x2f, 0x39, 0x81, 0x2c, 0x0e, 0x47,
  0xe1, 0xf9, 0x1a, 0x62, 0x1e, 0xf5, 0xe5, 0x91, 0xf5, 0xb2, 0xe6, 0x42,
  0xd4, 0x1b, 0xdf, 0x07, 0xec, 0x1c, 0x44, 0xe7, 0xc8, 0xc5, 0x0e, 0xc0,
  0x1d, 0xb1, 0x63, 0xfb, 0xf3, 0x23, 0x3f, 0xb8, 0xe2, 0xe4, 0xc6, 0xff,
  0xf7, 0xea, 0xa8, 0x1f, 0xf2, 0xab, 0x12, 0x81, 0xdc, 0xd1, 0x0e, 0x0b,
  0xfe, 0xe0, 0x85, 0xfc, 0xd2, 0x17, 0x43, 0xe9, 0x65, 0x88, 0xe2, 0xe4,
  0x25, 0x43, 0xf5, 0xed, 0xbb, 0x24, 0x27, 0xae, 0xba, 0xfd, 0xff, 0xff,
  0x04, 0x00, 0x00, 0x00, 0x40, 0x00, 0x00, 0x00, 0x08, 0xf5, 0xff, 0xff,
  0xfd, 0xfc, 0xff, 0xff, 0xcd, 0xfc, 0xff, 0xff, 0xc6, 0xfe, 0xff, 0xff,
  0x66, 0x05, 0x00, 0x00, 0x8d, 0xfb, 0xff, 0xff, 0xf1, 0xfd, 0xff, 0xff,
  0xa7, 0x10, 0x00, 0x00, 0xbb, 0x20, 0x00, 0x00, 0x6b, 0xff, 0xff, 0xff,
  0x00, 0x1e, 0x00, 0x00, 0xf7, 0x09, 0x00, 0x00, 0xf3, 0xfc, 0xff, 0xff,
  0x13, 0x05, 0x00, 0x00, 0xd0, 0x16, 0x00, 0x00, 0xaf, 0x15, 0x00, 0x00,
  0x06, 0xfe, 0xff, 0xff, 0x04, 0x00, 0x00, 0x00, 0x10, 0x00, 0x00, 0x00,
  0x0a, 0x52, 0xea, 0x7e, 0x30, 0x62, 0x7f, 0xe6, 0x4f, 0xde, 0xed, 0xf8,
  0x70, 0xda, 0x36, 0xeb, 0x22, 0xfe, 0xff, 0xff, 0x04, 0x00, 0x00, 0x00,
  0x10, 0x00, 0x00, 0x00, 0x24, 0x86, 0x25, 0x80, 0x82, 0x84, 0x89, 0x25,
  0x87, 0x24, 0x25, 0x20, 0x85, 0x24, 0x84, 0x20, 0x3e, 0xfe, 0xff, 0xff,
  0x04, 0x00, 0x00, 0x00, 0x70, 0x00, 0x00, 0x00, 0x1f, 0x09, 0x72, 0x82,
  0xfe, 0xba, 0xc7, 0x7f, 0xeb, 0x55, 0x7b, 0x74, 0x92, 0x01, 0xd0, 0x32,
  0x70, 0x1e, 0x6a, 0x30, 0xd9, 0x1d, 0x81, 0x62, 0xaa, 0xe2, 0x2a, 0xe2,
  0xb7, 0x16, 0xb5, 0x79, 0xc5, 0x7d, 0xc9, 0x50, 0x26, 0x5d, 0x27, 0x94,
  0x2f, 0x84, 0x81, 0xda, 0x64, 0xb4, 0x7d, 0xce, 0xc6, 0xd0, 0x6d, 0x19,
  0xf7, 0x39, 0x81, 0x68, 0x82, 0x0e, 0x3a, 0x6d, 0x81, 0x6b, 0x2d, 0x57,
  0x7e, 0x81, 0x03, 0x05, 0x08, 0xeb, 0xe0, 0x4c, 0xcc, 0x24, 0x6b, 0xef,
  0x2b, 0x55, 0xe2, 0x37, 0x71, 0x19, 0x33, 0xcc, 0x83, 0x9d, 0x2b, 0xca,
  0xd3, 0xd4, 0x4f, 0x7f, 0xcb, 0x20, 0x1e, 0x10, 0x05, 0x17, 0x5f, 0xa3,
  0xfb, 0x9c, 0x82, 0xf0, 0x89, 0x7f, 0xf3, 0x20, 0xa4, 0x58, 0xe4, 0x13,
  0xba, 0xfe, 0xff, 0xff, 0x04, 0x00, 0x00, 0x00, 0x1c, 0x00, 0x00, 0x00,
  0x07, 0xec, 0xff, 0xff, 0x3d, 0xf8, 0xff, 0xff, 0xc9, 0x17, 0x00, 0x00,
  0x7f, 0x0f, 0x00, 0x00, 0x6f, 0xbc, 0xff, 0xff, 0xce, 0xef, 0xff, 0xff,
  0x49, 0x18, 0x00, 0x00, 0xe2, 0xfe, 0xff, 0xff, 0x04, 0x00, 0x00, 0x00,
  0x08, 0x00, 0x00, 0x00, 0x01, 0x00, 0x00, 0x00, 0x02, 0x00, 0x00, 0x00,
  0xc0, 0xc1, 0xff, 0xff, 0xc4, 0xc1, 0xff, 0xff, 0x0f, 0x00, 0x00, 0x00,
  0x4d, 0x4c, 0x49, 0x52, 0x20, 0x43, 0x6f, 0x6e, 0x76, 0x65, 0x72, 0x74,
  0x65, 0x64, 0x2e, 0x00, 0x01, 0x00, 0x00, 0x00, 0x14, 0x00, 0x00, 0x00,
  0x00, 0x00, 0x0e, 0x00, 0x18, 0x00, 0x14, 0x00, 0x10, 0x00, 0x0c, 0x00,
  0x08, 0x00, 0x04, 0x00, 0x0e, 0x00, 0x00, 0x00, 0x14, 0x00, 0x00, 0x00,
  0x1c, 0x00, 0x00, 0x00, 0x90, 0x07, 0x00, 0x00, 0x94, 0x07, 0x00, 0x00,
  0x98, 0x07, 0x00, 0x00, 0x04, 0x00, 0x00, 0x00, 0x6d, 0x61, 0x69, 0x6e,
  0x00, 0x00, 0x00, 0x00, 0x21, 0x00, 0x00, 0x00, 0x2c, 0x07, 0x00, 0x00,
  0xe8, 0x06, 0x00, 0x00, 0xa4, 0x06, 0x00, 0x00, 0x64, 0x06, 0x00, 0x00,
  0x30, 0x06, 0x00, 0x00, 0xfc, 0x05, 0x00, 0x00, 0xbc, 0x05, 0x00, 0x00,
  0x88, 0x05, 0x00, 0x00, 0x54, 0x05, 0x00, 0x00, 0x14, 0x05, 0x00, 0x00,
  0xe0, 0x04, 0x00, 0x00, 0xac, 0x04, 0x00, 0x00, 0x6c, 0x04, 0x00, 0x00,
  0x38, 0x04, 0x00, 0x00, 0x04, 0x04, 0x00, 0x00, 0xc4, 0x03, 0x00, 0x00,
  0x90, 0x03, 0x00, 0x00, 0x5c, 0x03, 0x00, 0x00, 0x1c, 0x03, 0x00, 0x00,
  0xe8, 0x02, 0x00, 0x00, 0xb4, 0x02, 0x00, 0x00, 0x74, 0x02, 0x00, 0x00,
  0x40, 0x02, 0x00, 0x00, 0x0c, 0x02, 0x00, 0x00, 0xcc, 0x01, 0x00, 0x00,
  0x98, 0x01, 0x00, 0x00, 0x64, 0x01, 0x00, 0x00, 0x24, 0x01, 0x00, 0x00,
  0xf0, 0x00, 0x00, 0x00, 0xbc, 0x00, 0x00, 0x00, 0x88, 0x00, 0x00, 0x00,
  0x50, 0x00, 0x00, 0x00, 0x14, 0x00, 0x00, 0x00, 0x00, 0x00, 0x0e, 0x00,
  0x1a, 0x00, 0x14, 0x00, 0x10, 0x00, 0x0c, 0x00, 0x0b, 0x00, 0x04, 0x00,
  0x0e, 0x00, 0x00, 0x00, 0x1c, 0x00, 0x00, 0x00, 0x00, 0x00, 0x00, 0x09,
  0x1c, 0x00, 0x00, 0x00, 0x20, 0x00, 0x00, 0x00, 0x05, 0x00, 0x00, 0x00,
  0x00, 0x00, 0x06, 0x00, 0x08, 0x00, 0x04, 0x00, 0x06, 0x00, 0x00, 0x00,
  0x00, 0x00, 0x80, 0x3f, 0x01, 0x00, 0x00, 0x00, 0x4c, 0x00, 0x00, 0x00,
  0x01, 0x00, 0x00, 0x00, 0x4b, 0x00, 0x00, 0x00, 0xee, 0xf9, 0xff, 0xff,
  0x14, 0x00, 0x00, 0x00, 0x00, 0x00, 0x00, 0x08, 0x10, 0x00, 0x00, 0x00,
  0x14, 0x00, 0x00, 0x00, 0x04, 0x00, 0x00, 0x00, 0x00, 0xc3, 0xff, 0xff,
  0x01, 0x00, 0x00, 0x00, 0x4b, 0x00, 0x00, 0x00, 0x03, 0x00, 0x00, 0x00,
  0x4a, 0x00, 0x00, 0x00, 0x03, 0x00, 0x00, 0x00, 0x02, 0x00, 0x00, 0x00,
  0x22, 0xfa, 0xff, 0xff, 0x14, 0x00, 0x00, 0x00, 0x00, 0x00, 0x00, 0x1b,
  0x10, 0x00, 0x00, 0x00, 0x14, 0x00, 0x00, 0x00, 0x03, 0x00, 0x00, 0x00,
  0x34, 0xc3, 0xff, 0xff, 0x01, 0x00, 0x00, 0x00, 0x4a, 0x00, 0x00, 0x00,
  0x02, 0x00, 0x00, 0x00, 0x49, 0x00, 0x00, 0x00, 0x01, 0x00, 0x00, 0x00,
  0x52, 0xfa, 0xff, 0xff, 0x14, 0x00, 0x00, 0x00, 0x00, 0x00, 0x00, 0x0b,
  0x10, 0x00, 0x00, 0x00, 0x14, 0x00, 0x00, 0x00, 0x02, 0x00, 0x00, 0x00,
  0x64, 0xc3, 0xff, 0xff, 0x01, 0x00, 0x00, 0x00, 0x49, 0x00, 0x00, 0x00,
  0x02, 0x00, 0x00, 0x00, 0x48, 0x00, 0x00, 0x00, 0x04, 0x00, 0x00, 0x00,
  0x82, 0xfa, 0xff, 0xff, 0x14, 0x00, 0x00, 0x00, 0x00, 0x00, 0x00, 0x15,
  0x10, 0x00, 0x00, 0x00, 0x14, 0x00, 0x00, 0x00, 0x01, 0x00, 0x00, 0x00,
  0x94, 0xc3, 0xff, 0xff, 0x01, 0x00, 0x00, 0x00, 0x48, 0x00, 0x00, 0x00,
  0x02, 0x00, 0x00, 0x00, 0x47, 0x00, 0x00, 0x00, 0x05, 0x00, 0x00, 0x00,
  0x72, 0xfa, 0xff, 0xff, 0x10, 0x00, 0x00, 0x00, 0x00, 0x00, 0x00, 0x01,
  0x18, 0x00, 0x00, 0x00, 0x1c, 0x00, 0x00, 0x00, 0x64, 0xfa, 0xff, 0xff,
  0x00, 0x00, 0x00, 0x01, 0x01, 0x00, 0x00, 0x00, 0x01, 0x00, 0x00, 0x00,
  0x01, 0x00, 0x00, 0x00, 0x47, 0x00, 0x00, 0x00, 0x03, 0x00, 0x00, 0x00,
  0x46, 0x00, 0x00, 0x00, 0x07, 0x00, 0x00, 0x00, 0x06, 0x00, 0x00, 0x00,
  0xee, 0xfa, 0xff, 0xff, 0x14, 0x00, 0x00, 0x00, 0x00, 0x00, 0x00, 0x0b,
  0x10, 0x00, 0x00, 0x00, 0x14, 0x00, 0x00, 0x00, 0x02, 0x00, 0x00, 0x00,
  0x00, 0xc4, 0xff, 0xff, 0x01, 0x00, 0x00, 0x00, 0x46, 0x00, 0x00, 0x00,
  0x02, 0x00, 0x00, 0x00, 0x45, 0x00, 0x00, 0x00, 0x08, 0x00, 0x00, 0x00,
  0x1e, 0xfb, 0xff, 0xff, 0x14, 0x00, 0x00, 0x00, 0x00, 0x00, 0x00, 0x15,
  0x10, 0x00, 0x00, 0x00, 0x14, 0x00, 0x00, 0x00, 0x01, 0x00, 0x00, 0x00,
  0x30, 0xc4, 0xff, 0xff, 0x01, 0x00, 0x00, 0x00, 0x45, 0x00, 0x00, 0x00,
  0x02, 0x00, 0x00, 0x00, 0x44, 0x00, 0x00, 0x00, 0x09, 0x00, 0x00, 0x00,
  0x0e, 0xfb, 0xff, 0xff, 0x10, 0x00, 0x00, 0x00, 0x00, 0x00, 0x00, 0x01,
  0x18, 0x00, 0x00, 0x00, 0x1c, 0x00, 0x00, 0x00, 0x00, 0xfb, 0xff, 0xff,
  0x00, 0x00, 0x00, 0x01, 0x01, 0x00, 0x00, 0x00, 0x01, 0x00, 0x00, 0x00,
  0x01, 0x00, 0x00, 0x00, 0x44, 0x00, 0x00, 0x00, 0x03, 0x00, 0x00, 0x00,
  0x43, 0x00, 0x00, 0x00, 0x0b, 0x00, 0x00, 0x00, 0x0a, 0x00, 0x00, 0x00,
  0x8a, 0xfb, 0xff, 0xff, 0x14, 0x00, 0x00, 0x00, 0x00, 0x00, 0x00, 0x0b,
  0x10, 0x00, 0x00, 0x00, 0x14, 0x00, 0x00, 0x00, 0x02, 0x00, 0x00, 0x00,
  0x9c, 0xc4, 0xff, 0xff, 0x01, 0x00, 0x00, 0x00, 0x43, 0x00, 0x00, 0x00,
  0x02, 0x00, 0x00, 0x00, 0x42, 0x00, 0x00, 0x00, 0x0c, 0x00, 0x00, 0x00,
  0xba, 0xfb, 0xff, 0xff, 0x14, 0x00, 0x00, 0x00, 0x00, 0x00, 0x00, 0x15,
  0x10, 0x00, 0x00, 0x00, 0x14, 0x00, 0x00, 0x00, 0x01, 0x00, 0x00, 0x00,
  0xcc, 0xc4, 0xff, 0xff, 0x01, 0x00, 0x00, 0x00, 0x42, 0x00, 0x00, 0x00,
  0x02, 0x00, 0x00, 0x00, 0x41, 0x00, 0x00, 0x00, 0x0d, 0x00, 0x00, 0x00,
  0xaa, 0xfb, 0xff, 0xff, 0x10, 0x00, 0x00, 0x00, 0x00, 0x00, 0x00, 0x01,
  0x18, 0x00, 0x00, 0x00, 0x1c, 0x00, 0x00, 0x00, 0x9c, 0xfb, 0xff, 0xff,
  0x00, 0x00, 0x00, 0x01, 0x01, 0x00, 0x00, 0x00, 0x01, 0x00, 0x00, 0x00,
  0x01, 0x00, 0x00, 0x00, 0x41, 0x00, 0x00, 0x00, 0x03, 0x00, 0x00, 0x00,
  0x40, 0x00, 0x00, 0x00, 0x0f, 0x00, 0x00, 0x00, 0x0e, 0x00, 0x00, 0x00,
  0x26, 0xfc, 0xff, 0xff, 0x14, 0x00, 0x00, 0x00, 0x00, 0x00, 0x00, 0x0b,
  0x10, 0x00, 0x00, 0x00, 0x14, 0x00, 0x00, 0x00, 0x02, 0x00, 0x00, 0x00,
  0x38, 0xc5, 0xff, 0xff, 0x01, 0x00, 0x00, 0x00, 0x40, 0x00, 0x00, 0x00,
  0x02, 0x00, 0x00, 0x00, 0x3f, 0x00, 0x00, 0x00, 0x10, 0x00, 0x00, 0x00,
  0x56, 0xfc, 0xff, 0xff, 0x14, 0x00, 0x00, 0x00, 0x00, 0x00, 0x00, 0x15,
  0x10, 0x00, 0x00, 0x00, 0x14, 0x00, 0x00, 0x00, 0x01, 0x00, 0x00, 0x00,
  0x68, 0xc5, 0xff, 0xff, 0x01, 0x00, 0x00, 0x00, 0x3f, 0x00, 0x00, 0x00,
  0x02, 0x00, 0x00, 0x00, 0x3e, 0x00, 0x00, 0x00, 0x11, 0x00, 0x00, 0x00,
  0x46, 0xfc, 0xff, 0xff, 0x10, 0x00, 0x00, 0x00, 0x00, 0x00, 0x00, 0x01,
  0x18, 0x00, 0x00, 0x00, 0x1c, 0x00, 0x00, 0x00, 0x38, 0xfc, 0xff, 0xff,
  0x00, 0x00, 0x00, 0x01, 0x01, 0x00, 0x00, 0x00, 0x01, 0x00, 0x00, 0x00,
  0x01, 0x00, 0x00, 0x00, 0x3e, 0x00, 0x00, 0x00, 0x03, 0x00, 0x00, 0x00,
  0x3d, 0x00, 0x00, 0x00, 0x13, 0x00, 0x00, 0x00, 0x12, 0x00, 0x00, 0x00,
  0xc2, 0xfc, 0xff, 0xff, 0x14, 0x00, 0x00, 0x00, 0x00, 0x00, 0x00, 0x0b,
  0x10, 0x00, 0x00, 0x00, 0x14, 0x00, 0x00, 0x00, 0x02, 0x00, 0x00, 0x00,
  0xd4, 0xc5, 0xff, 0xff, 0x01, 0x00, 0x00, 0x00, 0x3d, 0x00, 0x00, 0x00,
  0x02, 0x00, 0x00, 0x00, 0x3c, 0x00, 0x00, 0x00, 0x14, 0x00, 0x00, 0x00,
  0xf2, 0xfc, 0xff, 0xff, 0x14, 0x00, 0x00, 0x00, 0x00, 0x00, 0x00, 0x15,
  0x10, 0x00, 0x00, 0x00, 0x14, 0x00, 0x00, 0x00, 0x01, 0x00, 0x00, 0x00,
  0x04, 0xc6, 0xff, 0xff, 0x01, 0x00, 0x00, 0x00, 0x3c, 0x00, 0x00, 0x00,
  0x02, 0x00, 0x00, 0x00, 0x3b, 0x00, 0x00, 0x00, 0x15, 0x00, 0x00, 0x00,
  0xe2, 0xfc, 0xff, 0xff, 0x10, 0x00, 0x00, 0x00, 0x00, 0x00, 0x00, 0x01,
  0x18, 0x00, 0x00, 0x00, 0x1c, 0x00, 0x00, 0x00, 0xd4, 0xfc, 0xff, 0xff,
  0x00, 0x00, 0x00, 0x01, 0x01, 0x00, 0x00, 0x00, 0x01, 0x00, 0x00, 0x00,
  0x01, 0x00, 0x00, 0x00, 0x3b, 0x00, 0x00, 0x00, 0x03, 0x00, 0x00, 0x00,
  0x3a, 0x00, 0x00, 0x00, 0x17, 0x00, 0x00, 0x00, 0x16, 0x00, 0x00, 0x00,
  0x5e, 0xfd, 0xff, 0xff, 0x14, 0x00, 0x00, 0x00, 0x00, 0x00, 0x00, 0x0b,
  0x10, 0x00, 0x00, 0x00, 0x14, 0x00, 0x00, 0x00, 0x02, 0x00, 0x00, 0x00,
  0x70, 0xc6, 0xff, 0xff, 0x01, 0x00, 0x00, 0x00, 0x3a, 0x00, 0x00, 0x00,
  0x02, 0x00, 0x00, 0x00, 0x39, 0x00, 0x00, 0x00, 0x18, 0x00, 0x00, 0x00,
  0x8e, 0xfd, 0xff, 0xff, 0x14, 0x00, 0x00, 0x00, 0x00, 0x00, 0x00, 0x15,
  0x10, 0x00, 0x00, 0x00, 0x14, 0x00, 0x00, 0x00, 0x01, 0x00, 0x00, 0x00,
  0xa0, 0xc6, 0xff, 0xff, 0x01, 0x00, 0x00, 0x00, 0x39, 0x00, 0x00, 0x00,
  0x02, 0x00, 0x00, 0x00, 0x38, 0x00, 0x00, 0x00, 0x19, 0x00, 0x00, 0x00,
  0x7e, 0xfd, 0xff, 0xff, 0x10, 0x00, 0x00, 0x00, 0x00, 0x00, 0x00, 0x01,
  0x18, 0x00, 0x00, 0x00, 0x1c, 0x00, 0x00, 0x00, 0x70, 0xfd, 0xff, 0xff,
  0x00, 0x00, 0x00, 0x01, 0x01, 0x00, 0x00, 0x00, 0x01, 0x00, 0x00, 0x00,
  0x01, 0x00, 0x00, 0x00, 0x38, 0x00, 0x00, 0x00, 0x03, 0x00, 0x00, 0x00,
  0x37, 0x00, 0x00, 0x00, 0x1b, 0x00, 0x00, 0x00, 0x1a, 0x00, 0x00, 0x00,
  0xfa, 0xfd, 0xff, 0xff, 0x14, 0x00, 0x00, 0x00, 0x00, 0x00, 0x00, 0x0b,
  0x10, 0x00, 0x00, 0x00, 0x14, 0x00, 0x00, 0x00, 0x02, 0x00, 0x00, 0x00,
  0x0c, 0xc7, 0xff, 0xff, 0x01, 0x00, 0x00, 0x00, 0x37, 0x00, 0x00, 0x00,
  0x02, 0x00, 0x00, 0x00, 0x36, 0x00, 0x00, 0x00, 0x1c, 0x00, 0x00, 0x00,
  0x2a, 0xfe, 0xff, 0xff, 0x14, 0x00, 0x00, 0x00, 0x00, 0x00, 0x00, 0x15,
  0x10, 0x00, 0x00, 0x00, 0x14, 0x00, 0x00, 0x00, 0x01, 0x00, 0x00, 0x00,
  0x3c, 0xc7, 0xff, 0xff, 0x01, 0x00, 0x00, 0x00, 0x36, 0x00, 0x00, 0x00,
  0x02, 0x00, 0x00, 0x00, 0x35, 0x00, 0x00, 0x00, 0x1d, 0x00, 0x00, 0x00,
  0x1a, 0xfe, 0xff, 0xff, 0x10, 0x00, 0x00, 0x00, 0x00, 0x00, 0x00, 0x01,
  0x18, 0x00, 0x00, 0x00, 0x1c, 0x00, 0x00, 0x00, 0x0c, 0xfe, 0xff, 0xff,
  0x00, 0x00, 0x00, 0x01, 0x01, 0x00, 0x00, 0x00, 0x01, 0x00, 0x00, 0x00,
  0x01, 0x00, 0x00, 0x00, 0x35, 0x00, 0x00, 0x00, 0x03, 0x00, 0x00, 0x00,
  0x34, 0x00, 0x00, 0x00, 0x1f, 0x00, 0x00, 0x00, 0x1e, 0x00, 0x00, 0x00,
  0x96, 0xfe, 0xff, 0xff, 0x14, 0x00, 0x00, 0x00, 0x00, 0x00, 0x00, 0x0b,
  0x10, 0x00, 0x00, 0x00, 0x14, 0x00, 0x00, 0x00, 0x02, 0x00, 0x00, 0x00,
  0xa8, 0xc7, 0xff, 0xff, 0x01, 0x00, 0x00, 0x00, 0x34, 0x00, 0x00, 0x00,
  0x02, 0x00, 0x00, 0x00, 0x33, 0x00, 0x00, 0x00, 0x20, 0x00, 0x00, 0x00,
  0xc6, 0xfe, 0xff, 0xff, 0x14, 0x00, 0x00, 0x00, 0x00, 0x00, 0x00, 0x15,
  0x10, 0x00, 0x00, 0x00, 0x14, 0x00, 0x00, 0x00, 0x01, 0x00, 0x00, 0x00,
  0xd8, 0xc7, 0xff, 0xff, 0x01, 0x00, 0x00, 0x00, 0x33, 0x00, 0x00, 0x00,
  0x02, 0x00, 0x00, 0x00, 0x32, 0x00, 0x00, 0x00, 0x21, 0x00, 0x00, 0x00,
  0xb6, 0xfe, 0xff, 0xff, 0x10, 0x00, 0x00, 0x00, 0x00, 0x00, 0x00, 0x01,
  0x18, 0x00, 0x00, 0x00, 0x1c, 0x00, 0x00, 0x00, 0xa8, 0xfe, 0xff, 0xff,
  0x00, 0x00, 0x00, 0x01, 0x01, 0x00, 0x00, 0x00, 0x01, 0x00, 0x00, 0x00,
  0x01, 0x00, 0x00, 0x00, 0x32, 0x00, 0x00, 0x00, 0x03, 0x00, 0x00, 0x00,
  0x31, 0x00, 0x00, 0x00, 0x23, 0x00, 0x00, 0x00, 0x22, 0x00, 0x00, 0x00,
  0x32, 0xff, 0xff, 0xff, 0x14, 0x00, 0x00, 0x00, 0x00, 0x00, 0x00, 0x0b,
  0x10, 0x00, 0x00, 0x00, 0x14, 0x00, 0x00, 0x00, 0x02, 0x00, 0x00, 0x00,
  0x44, 0xc8, 0xff, 0xff, 0x01, 0x00, 0x00, 0x00, 0x31, 0x00, 0x00, 0x00,
  0x02, 0x00, 0x00, 0x00, 0x30, 0x00, 0x00, 0x00, 0x24, 0x00, 0x00, 0x00,
  0x62, 0xff, 0xff, 0xff, 0x14, 0x00, 0x00, 0x00, 0x00, 0x00, 0x00, 0x15,
  0x10, 0x00, 0x00, 0x00, 0x14, 0x00, 0x00, 0x00, 0x01, 0x00, 0x00, 0x00,
  0x74, 0xc8, 0xff, 0xff, 0x01, 0x00, 0x00, 0x00, 0x30, 0x00, 0x00, 0x00,
  0x02, 0x00, 0x00, 0x00, 0x2f, 0x00, 0x00, 0x00, 0x25, 0x00, 0x00, 0x00,
  0x52, 0xff, 0xff, 0xff, 0x10, 0x00, 0x00, 0x00, 0x00, 0x00, 0x00, 0x01,
  0x18, 0x00, 0x00, 0x00, 0x1c, 0x00, 0x00, 0x00, 0x44, 0xff, 0xff, 0xff,
  0x00, 0x00, 0x00, 0x01, 0x01, 0x00, 0x00, 0x00, 0x01, 0x00, 0x00, 0x00,
  0x01, 0x00, 0x00, 0x00, 0x2f, 0x00, 0x00, 0x00, 0x03, 0x00, 0x00, 0x00,
  0x2e, 0x00, 0x00, 0x00, 0x27, 0x00, 0x00, 0x00, 0x26, 0x00, 0x00, 0x00,
  0xce, 0xff, 0xff, 0xff, 0x14, 0x00, 0x00, 0x00, 0x00, 0x00, 0x00, 0x0b,
  0x10, 0x00, 0x00, 0x00, 0x14, 0x00, 0x00, 0x00, 0x02, 0x00, 0x00, 0x00,
  0xe0, 0xc8, 0xff, 0xff, 0x01, 0x00, 0x00, 0x00, 0x2e, 0x00, 0x00, 0x00,
  0x02, 0x00, 0x00, 0x00, 0x2d, 0x00, 0x00, 0x00, 0x28, 0x00, 0x00, 0x00,
  0x00, 0x00, 0x0e, 0x00, 0x18, 0x00, 0x14, 0x00, 0x10, 0x00, 0x0c, 0x00,
  0x0b, 0x00, 0x04, 0x00, 0x0e, 0x00, 0x00, 0x00, 0x14, 0x00, 0x00, 0x00,
  0x00, 0x00, 0x00, 0x15, 0x10, 0x00, 0x00, 0x00, 0x14, 0x00, 0x00, 0x00,
  0x01, 0x00, 0x00, 0x00, 0x20, 0xc9, 0xff, 0xff, 0x01, 0x00, 0x00, 0x00,
  0x2d, 0x00, 0x00, 0x00, 0x02, 0x00, 0x00, 0x00, 0x2c, 0x00, 0x00, 0x00,
  0x29, 0x00, 0x00, 0x00, 0x00, 0x00, 0x0e, 0x00, 0x14, 0x00, 0x00, 0x00,
  0x10, 0x00, 0x0c, 0x00, 0x0b, 0x00, 0x04, 0x00, 0x0e, 0x00, 0x00, 0x00,
  0x1c, 0x00, 0x00, 0x00, 0x00, 0x00, 0x00, 0x01, 0x24, 0x00, 0x00, 0x00,
  0x28, 0x00, 0x00, 0x00, 0x0c, 0x00, 0x10, 0x00, 0x00, 0x00, 0x0c, 0x00,
  0x08, 0x00, 0x07, 0x00, 0x0c, 0x00, 0x00, 0x00, 0x00, 0x00, 0x00, 0x01,
  0x01, 0x00, 0x00, 0x00, 0x01, 0x00, 0x00, 0x00, 0x01, 0x00, 0x00, 0x00,
  0x2c, 0x00, 0x00, 0x00, 0x03, 0x00, 0x00, 0x00, 0x00, 0x00, 0x00, 0x00,
  0x2b, 0x00, 0x00, 0x00, 0x2a, 0x00, 0x00, 0x00, 0x01, 0x00, 0x00, 0x00,
  0x4c, 0x00, 0x00, 0x00, 0x01, 0x00, 0x00, 0x00, 0x00, 0x00, 0x00, 0x00,
  0x4d, 0x00, 0x00, 0x00, 0xc0, 0x36, 0x00, 0x00, 0x3c, 0x36, 0x00, 0x00,
  0x7c, 0x35, 0x00, 0x00, 0xc0, 0x34, 0x00, 0x00, 0x6c, 0x34, 0x00, 0x00,
  0x18, 0x34, 0x00, 0x00, 0xac, 0x32, 0x00, 0x00, 0x70, 0x31, 0x00, 0x00,
  0x1c, 0x31, 0x00, 0x00, 0xc8, 0x30, 0x00, 0x00, 0x5c, 0x2f, 0x00, 0x00,
  0x20, 0x2e, 0x00, 0x00, 0xc4, 0x2d, 0x00, 0x00, 0x68, 0x2d, 0x00, 0x00,
  0xfc, 0x2b, 0x00, 0x00, 0xc0, 0x2a, 0x00, 0x00, 0x64, 0x2a, 0x00, 0x00,
  0x08, 0x2a, 0x00, 0x00, 0x9c, 0x28, 0x00, 0x00, 0x60, 0x27, 0x00, 0x00,
  0x04, 0x27, 0x00, 0x00, 0xa8, 0x26, 0x00, 0x00, 0x3c, 0x25, 0x00, 0x00,
  0x00, 0x24, 0x00, 0x00, 0xa4, 0x23, 0x00, 0x00, 0x48, 0x23, 0x00, 0x00,
  0xdc, 0x21, 0x00, 0x00, 0xa0, 0x20, 0x00, 0x00, 0x44, 0x20, 0x00, 0x00,
  0xe8, 0x1f, 0x00, 0x00, 0x7c, 0x1e, 0x00, 0x00, 0x40, 0x1d, 0x00, 0x00,
  0xe4, 0x1c, 0x00, 0x00, 0x88, 0x1c, 0x00, 0x00, 0x1c, 0x1b, 0x00, 0x00,
  0xe0, 0x19, 0x00, 0x00, 0x84, 0x19, 0x00, 0x00, 0x28, 0x19, 0x00, 0x00,
  0xbc, 0x17, 0x00, 0x00, 0x80, 0x16, 0x00, 0x00, 0x24, 0x16, 0x00, 0x00,
  0xc8, 0x15, 0x00, 0x00, 0x5c, 0x14, 0x00, 0x00, 0x20, 0x13, 0x00, 0x00,
  0x5c, 0x12, 0x00, 0x00, 0xe0, 0x11, 0x00, 0x00, 0x5c, 0x11, 0x00, 0x00,
  0x98, 0x10, 0x00, 0x00, 0x1c, 0x10, 0x00, 0x00, 0x98, 0x0f, 0x00, 0x00,
  0xd4, 0x0e, 0x00, 0x00, 0x58, 0x0e, 0x00, 0x00, 0xd4, 0x0d, 0x00, 0x00,
  0x10, 0x0d, 0x00, 0x00, 0x94, 0x0c, 0x00, 0x00, 0x10, 0x0c, 0x00, 0x00,
  0x4c, 0x0b, 0x00, 0x00, 0xd0, 0x0a, 0x00, 0x00, 0x4c, 0x0a, 0x00, 0x00,
  0x88, 0x09, 0x00, 0x00, 0x0c, 0x09, 0x00, 0x00, 0x88, 0x08, 0x00, 0x00,
  0xc4, 0x07, 0x00, 0x00, 0x48, 0x07, 0x00, 0x00, 0xc4, 0x06, 0x00, 0x00,
  0x00, 0x06, 0x00, 0x00, 0x84, 0x05, 0x00, 0x00, 0x00, 0x05, 0x00, 0x00,
  0x3c, 0x04, 0x00, 0x00, 0xc0, 0x03, 0x00, 0x00, 0x3c, 0x03, 0x00, 0x00,
  0x78, 0x02, 0x00, 0x00, 0xfc, 0x01, 0x00, 0x00, 0x78, 0x01, 0x00, 0x00,
  0x04, 0x01, 0x00, 0x00, 0x68, 0x00, 0x00, 0x00, 0x04, 0x00, 0x00, 0x00,
  0x8a, 0xca, 0xff, 0xff, 0x00, 0x00, 0x00, 0x01, 0x14, 0x00, 0x00, 0x00,
  0x30, 0x00, 0x00, 0x00, 0x4d, 0x00, 0x00, 0x00, 0x00, 0x00, 0x00, 0x09,
  0x3c, 0x00, 0x00, 0x00, 0x74, 0xca, 0xff, 0xff, 0x08, 0x00, 0x00, 0x00,
  0x10, 0x00, 0x00, 0x00, 0x01, 0x00, 0x00, 0x00, 0x80, 0xff, 0xff, 0xff,
  0xff, 0xff, 0xff, 0xff, 0x01, 0x00, 0x00, 0x00, 0x00, 0x00, 0x80, 0x3b,
  0x11, 0x00, 0x00, 0x00, 0x50, 0x61, 0x72, 0x74, 0x69, 0x74, 0x69, 0x6f,
  0x6e, 0x65, 0x64, 0x43, 0x61, 0x6c, 0x6c, 0x3a, 0x30, 0x00, 0x00, 0x00,
  0x02, 0x00, 0x00, 0x00, 0x01, 0x00, 0x00, 0x00, 0x07, 0x00, 0x00, 0x00,
  0xea, 0xca, 0xff, 0xff, 0x00, 0x00, 0x00, 0x01, 0x14, 0x00, 0x00, 0x00,
  0x30, 0x00, 0x00, 0x00, 0x4c, 0x00, 0x00, 0x00, 0x00, 0x00, 0x00, 0x09,
  0x74, 0x00, 0x00, 0x00, 0xd4, 0xca, 0xff, 0xff, 0x08, 0x00, 0x00, 0x00,
  0x10, 0x00, 0x00, 0x00, 0x01, 0x00, 0x00, 0x00, 0xfa, 0xff, 0xff, 0xff,
  0xff, 0xff, 0xff, 0xff, 0x01, 0x00, 0x00, 0x00, 0xf8, 0x96, 0xb1, 0x3c,
  0x49, 0x00, 0x00, 0x00, 0x6d, 0x6f, 0x64, 0x65, 0x6c, 0x5f, 0x34, 0x37,
  0x2f, 0x74, 0x66, 0x2e, 0x6c, 0x69, 0x6e, 0x61, 0x6c, 0x67, 0x2e, 0x6d,
  0x61, 0x74, 0x6d, 0x75, 0x6c, 0x5f, 0x37, 0x2f, 0x4d, 0x61, 0x74, 0x4d,
  0x75, 0x6c, 0x3b, 0x6d, 0x6f, 0x64, 0x65, 0x6c, 0x5f, 0x34, 0x37, 0x2f,
  0x74, 0x66, 0x2e, 0x5f, 0x5f, 0x6f, 0x70, 0x65, 0x72, 0x61, 0x74, 0x6f,
  0x72, 0x73, 0x5f, 0x5f, 0x2e, 0x61, 0x64, 0x64, 0x5f, 0x34, 0x37, 0x2f,
  0x41, 0x64, 0x64, 0x56, 0x32, 0x00, 0x00, 0x00, 0x02, 0x00, 0x00, 0x00,
  0x01, 0x00, 0x00, 0x00, 0x07, 0x00, 0x00, 0x00, 0x82, 0xcb, 0xff, 0xff,
  0x00, 0x00, 0x00, 0x01, 0x14, 0x00, 0x00, 0x00, 0x30, 0x00, 0x00, 0x00,
  0x4b, 0x00, 0x00, 0x00, 0x00, 0x00, 0x00, 0x09, 0x4c, 0x00, 0x00, 0x00,
  0x6c, 0xcb, 0xff, 0xff, 0x08, 0x00, 0x00, 0x00, 0x10, 0x00, 0x00, 0x00,
  0x01, 0x00, 0x00, 0x00, 0xf0, 0xff, 0xff, 0xff, 0xff, 0xff, 0xff, 0xff,
  0x01, 0x00, 0x00, 0x00, 0xf6, 0xab, 0xdc, 0x3b, 0x23, 0x00, 0x00, 0x00,
  0x6d, 0x6f, 0x64, 0x65, 0x6c, 0x5f, 0x34, 0x37, 0x2f, 0x74, 0x66, 0x2e,
  0x6d, 0x61, 0x74, 0x68, 0x2e, 0x72, 0x65, 0x64, 0x75, 0x63, 0x65, 0x5f,
  0x6d, 0x65, 0x61, 0x6e, 0x5f, 0x37, 0x2f, 0x4d, 0x65, 0x61, 0x6e, 0x00,
  0x02, 0x00, 0x00, 0x00, 0x01, 0x00, 0x00, 0x00, 0x10, 0x00, 0x00, 0x00,
  0xf2, 0xcb, 0xff, 0xff, 0x00, 0x00, 0x00, 0x01, 0x14, 0x00, 0x00, 0x00,
  0x34, 0x00, 0x00, 0x00, 0x4a, 0x00, 0x00, 0x00, 0x00, 0x00, 0x00, 0x09,
  0x54, 0x00, 0x00, 0x00, 0xdc, 0xcb, 0xff, 0xff, 0x08, 0x00, 0x00, 0x00,
  0x14, 0x00, 0x00, 0x00, 0x01, 0x00, 0x00, 0x00, 0xf5, 0xff, 0xff, 0xff,
  0xff, 0xff, 0xff, 0xff, 0x00, 0x00, 0x00, 0x00, 0x01, 0x00, 0x00, 0x00,
  0x36, 0xaa, 0x6e, 0x3c, 0x26, 0x00, 0x00, 0x00, 0x6d, 0x6f, 0x64, 0x65,
  0x6c, 0x5f, 0x34, 0x37, 0x2f, 0x74, 0x66, 0x2e, 0x5f, 0x5f, 0x6f, 0x70,
  0x65, 0x72, 0x61, 0x74, 0x6f, 0x72, 0x73, 0x5f, 0x5f, 0x2e, 0x61, 0x64,
  0x64, 0x5f, 0x34, 0x36, 0x2f, 0x41, 0x64, 0x64, 0x56, 0x32, 0x00, 0x00,
  0x04, 0x00, 0x00, 0x00, 0x01, 0x00, 0x00, 0x00, 0x05, 0x00, 0x00, 0x00,
  0x01, 0x00, 0x00, 0x00, 0x10, 0x00, 0x00, 0x00, 0x72, 0xcc, 0xff, 0xff,
  0x00, 0x00, 0x00, 0x01, 0x14, 0x00, 0x00, 0x00, 0x30, 0x00, 0x00, 0x00,
  0x49, 0x00, 0x00, 0x00, 0x00, 0x00, 0x00, 0x09, 0x4c, 0x00, 0x00, 0x00,
  0x5c, 0xcc, 0xff, 0xff, 0x08, 0x00, 0x00, 0x00, 0x10, 0x00, 0x00, 0x00,
  0x01, 0x00, 0x00, 0x00, 0xcc, 0xff, 0xff, 0xff, 0xff, 0xff, 0xff, 0xff,
  0x01, 0x00, 0x00, 0x00, 0xaf, 0x9c, 0xb7, 0x3c, 0x20, 0x00, 0x00, 0x00,
  0x6d, 0x6f, 0x64, 0x65, 0x6c, 0x5f, 0x34, 0x37, 0x2f, 0x74, 0x66, 0x2e,
  0x6d, 0x61, 0x74, 0x68, 0x2e, 0x6d, 0x75, 0x6c, 0x74, 0x69, 0x70, 0x6c,
  0x79, 0x5f, 0x34, 0x36, 0x2f, 0x4d, 0x75, 0x6c, 0x00, 0x00, 0x00, 0x00,
  0x04, 0x00, 0x00, 0x00, 0x01, 0x00, 0x00, 0x00, 0x05, 0x00, 0x00, 0x00,
  0x01, 0x00, 0x00, 0x00, 0x10, 0x00, 0x00, 0x00, 0xea, 0xcc, 0xff, 0xff,
  0x00, 0x00, 0x00, 0x01, 0x14, 0x00, 0x00, 0x00, 0x30, 0x00, 0x00, 0x00,
  0x48, 0x00, 0x00, 0x00, 0x00, 0x00, 0x00, 0x09, 0x94, 0x00, 0x00, 0x00,
  0xd4, 0xcc, 0xff, 0xff, 0x08, 0x00, 0x00, 0x00, 0x10, 0x00, 0x00, 0x00,
  0x01, 0x00, 0x00, 0x00, 0x80, 0xff, 0xff, 0xff, 0xff, 0xff, 0xff, 0xff,
  0x01, 0x00, 0x00, 0x00, 0x18, 0xad, 0x80, 0x3c, 0x6a, 0x00, 0x00, 0x00,
  0x6d, 0x6f, 0x64, 0x65, 0x6c, 0x5f, 0x34, 0x37, 0x2f, 0x74, 0x66, 0x2e,
  0x6e, 0x6e, 0x2e, 0x72, 0x65, 0x6c, 0x75, 0x5f, 0x37, 0x39, 0x2f, 0x52,
  0x65, 0x6c, 0x75, 0x3b, 0x6d, 0x6f, 0x64, 0x65, 0x6c, 0x5f, 0x34, 0x37,
  0x2f, 0x74, 0x66, 0x2e, 0x6d, 0x61, 0x74, 0x68, 0x2e, 0x61, 0x64, 0x64,
  0x5f, 0x37, 0x39, 0x2f, 0x41, 0x64, 0x64, 0x3b, 0x6d, 0x6f, 0x64, 0x65,
  0x6c, 0x5f, 0x34, 0x37, 0x2f, 0x74, 0x66, 0x2e, 0x6e, 0x6e, 0x2e, 0x63,
  0x6f, 0x6e, 0x76, 0x6f, 0x6c, 0x75, 0x74, 0x69, 0x6f, 0x6e, 0x5f, 0x37,
  0x39, 0x2f, 0x63, 0x6f, 0x6e, 0x76, 0x6f, 0x6c, 0x75, 0x74, 0x69, 0x6f,
  0x6e, 0x3b, 0x43, 0x6f, 0x6e, 0x73, 0x74, 0x5f, 0x35, 0x31, 0x00, 0x00,
  0x04, 0x00, 0x00, 0x00, 0x01, 0x00, 0x00, 0x00, 0x05, 0x00, 0x00, 0x00,
  0x01, 0x00, 0x00, 0x00, 0x10, 0x00, 0x00, 0x00, 0xaa, 0xcd, 0xff, 0xff,
  0x00, 0x00, 0x00, 0x01, 0x14, 0x00, 0x00, 0x00, 0x34, 0x00, 0x00, 0x00,
  0x47, 0x00, 0x00, 0x00, 0x00, 0x00, 0x00, 0x09, 0x54, 0x00, 0x00, 0x00,
  0x94, 0xcd, 0xff, 0xff, 0x08, 0x00, 0x00, 0x00, 0x14, 0x00, 0x00, 0x00,
  0x01, 0x00, 0x00, 0x00, 0xd2, 0xff, 0xff, 0xff, 0xff, 0xff, 0xff, 0xff,
  0x00, 0x00, 0x00, 0x00, 0x01, 0x00, 0x00, 0x00, 0x62, 0xa2, 0x8f, 0x3c,
  0x26, 0x00, 0x00, 0x00, 0x6d, 0x6f, 0x64, 0x65, 0x6c, 0x5f, 0x34, 0x37,
  0x2f, 0x74, 0x66, 0x2e, 0x5f, 0x5f, 0x6f, 0x70, 0x65, 0x72, 0x61, 0x74,
  0x6f, 0x72, 0x73, 0x5f, 0x5f, 0x2e, 0x61, 0x64, 0x64, 0x5f, 0x34, 0x35,
  0x2f, 0x41, 0x64, 0x64, 0x56, 0x32, 0x00, 0x00, 0x04, 0x00, 0x00, 0x00,
  0x01, 0x00, 0x00, 0x00, 0x05, 0x00, 0x00, 0x00, 0x01, 0x00, 0x00, 0x00,
  0x10, 0x00, 0x00, 0x00, 0x2a, 0xce, 0xff, 0xff, 0x00, 0x00, 0x00, 0x01,
  0x14, 0x00, 0x00, 0x00, 0x30, 0x00, 0x00, 0x00, 0x46, 0x00, 0x00, 0x00,
  0x00, 0x00, 0x00, 0x09, 0x4c, 0x00, 0x00, 0x00, 0x14, 0xce, 0xff, 0xff,
  0x08, 0x00, 0x00, 0x00, 0x10, 0x00, 0x00, 0x00, 0x01, 0x00, 0x00, 0x00,
  0xc3, 0xff, 0xff, 0xff, 0xff, 0xff, 0xff, 0xff, 0x01, 0x00, 0x00, 0x00,
  0xec, 0xe4, 0xae, 0x3c, 0x20, 0x00, 0x00, 0x00, 0x6d, 0x6f, 0x64, 0x65,
  0x6c, 0x5f, 0x34, 0x37, 0x2f, 0x74, 0x66, 0x2e, 0x6d, 0x61, 0x74, 0x68,
  0x2e, 0x6d, 0x75, 0x6c, 0x74, 0x69, 0x70, 0x6c, 0x79, 0x5f, 0x34, 0x35,
  0x2f, 0x4d, 0x75, 0x6c, 0x00, 0x00, 0x00, 0x00, 0x04, 0x00, 0x00, 0x00,
  0x01, 0x00, 0x00, 0x00, 0x05, 0x00, 0x00, 0x00, 0x01, 0x00, 0x00, 0x00,
  0x10, 0x00, 0x00, 0x00, 0xa2, 0xce, 0xff, 0xff, 0x00, 0x00, 0x00, 0x01,
  0x14, 0x00, 0x00, 0x00, 0x30, 0x00, 0x00, 0x00, 0x45, 0x00, 0x00, 0x00,
  0x00, 0x00, 0x00, 0x09, 0x94, 0x00, 0x00, 0x00, 0x8c, 0xce, 0xff, 0xff,
  0x08, 0x00, 0x00, 0x00, 0x10, 0x00, 0x00, 0x00, 0x01, 0x00, 0x00, 0x00,
  0x80, 0xff, 0xff, 0xff, 0xff, 0xff, 0xff, 0xff, 0x01, 0x00, 0x00, 0x00,
  0x8f, 0xeb, 0x80, 0x3c, 0x6a, 0x00, 0x00, 0x00, 0x6d, 0x6f, 0x64, 0x65,
  0x6c, 0x5f, 0x34, 0x37, 0x2f, 0x74, 0x66, 0x2e, 0x6e, 0x6e, 0x2e, 0x72,
  0x65, 0x6c, 0x75, 0x5f, 0x37, 0x38, 0x2f, 0x52, 0x65, 0x6c, 0x75, 0x3b,
  0x6d, 0x6f, 0x64, 0x65, 0x6c, 0x5f, 0x34, 0x37, 0x2f, 0x74, 0x66, 0x2e,
  0x6d, 0x61, 0x74, 0x68, 0x2e, 0x61, 0x64, 0x64, 0x5f, 0x37, 0x38, 0x2f,
  0x41, 0x64, 0x64, 0x3b, 0x6d, 0x6f, 0x64, 0x65, 0x6c, 0x5f, 0x34, 0x37,
  0x2f, 0x74, 0x66, 0x2e, 0x6e, 0x6e, 0x2e, 0x63, 0x6f, 0x6e, 0x76, 0x6f,
  0x6c, 0x75, 0x74, 0x69, 0x6f, 0x6e, 0x5f, 0x37, 0x38, 0x2f, 0x63, 0x6f,
  0x6e, 0x76, 0x6f, 0x6c, 0x75, 0x74, 0x69, 0x6f, 0x6e, 0x3b, 0x43, 0x6f,
  0x6e, 0x73, 0x74, 0x5f, 0x39, 0x31, 0x00, 0x00, 0x04, 0x00, 0x00, 0x00,
  0x01, 0x00, 0x00, 0x00, 0x05, 0x00, 0x00, 0x00, 0x01, 0x00, 0x00, 0x00,
  0x10, 0x00, 0x00, 0x00, 0x62, 0xcf, 0xff, 0xff, 0x00, 0x00, 0x00, 0x01,
  0x14, 0x00, 0x00, 0x00, 0x34, 0x00, 0x00, 0x00, 0x44, 0x00, 0x00, 0x00,
  0x00, 0x00, 0x00, 0x09, 0x54, 0x00, 0x00, 0x00, 0x4c, 0xcf, 0xff, 0xff,
  0x08, 0x00, 0x00, 0x00, 0x14, 0x00, 0x00, 0x00, 0x01, 0x00, 0x00, 0x00,
  0xb8, 0xff, 0xff, 0xff, 0xff, 0xff, 0xff, 0xff, 0x00, 0x00, 0x00, 0x00,
  0x01, 0x00, 0x00, 0x00, 0xec, 0xc2, 0x8c, 0x3c, 0x26, 0x00, 0x00, 0x00,
  0x6d, 0x6f, 0x64, 0x65, 0x6c, 0x5f, 0x34, 0x37, 0x2f, 0x74, 0x66, 0x2e,
  0x5f, 0x5f, 0x6f, 0x70, 0x65, 0x72, 0x61, 0x74, 0x6f, 0x72, 0x73, 0x5f,
  0x5f, 0x2e, 0x61, 0x64, 0x64, 0x5f, 0x34, 0x34, 0x2f, 0x41, 0x64, 0x64,
  0x56, 0x32, 0x00, 0x00, 0x04, 0x00, 0x00, 0x00, 0x01, 0x00, 0x00, 0x00,
  0x05, 0x00, 0x00, 0x00, 0x01, 0x00, 0x00, 0x00, 0x10, 0x00, 0x00, 0x00,
  0xe2, 0xcf, 0xff, 0xff, 0x00, 0x00, 0x00, 0x01, 0x14, 0x00, 0x00, 0x00,
  0x30, 0x00, 0x00, 0x00, 0x43, 0x00, 0x00, 0x00, 0x00, 0x00, 0x00, 0x09,
  0x4c, 0x00, 0x00, 0x00, 0xcc, 0xcf, 0xff, 0xff, 0x08, 0x00, 0x00, 0x00,
  0x10, 0x00, 0x00, 0x00, 0x01, 0x00, 0x00, 0x00, 0xae, 0xff, 0xff, 0xff,
  0xff, 0xff, 0xff, 0xff, 0x01, 0x00, 0x00, 0x00, 0x99, 0x10, 0xaa, 0x3c,
  0x20, 0x00, 0x00, 0x00, 0x6d, 0x6f, 0x64, 0x65, 0x6c, 0x5f, 0x34, 0x37,
  0x2f, 0x74, 0x66, 0x2e, 0x6d, 0x61, 0x74, 0x68, 0x2e, 0x6d, 0x75, 0x6c,
  0x74, 0x69, 0x70, 0x6c, 0x79, 0x5f, 0x34, 0x34, 0x2f, 0x4d, 0x75, 0x6c,
  0x00, 0x00, 0x00, 0x00, 0x04, 0x00, 0x00, 0x00, 0x01, 0x00, 0x00, 0x00,
  0x05, 0x00, 0x00, 0x00, 0x01, 0x00, 0x00, 0x00, 0x10, 0x00, 0x00, 0x00,
  0x5a, 0xd0, 0xff, 0xff, 0x00, 0x00, 0x00, 0x01, 0x14, 0x00, 0x00, 0x00,
  0x30, 0x00, 0x00, 0x00, 0x42, 0x00, 0x00, 0x00, 0x00, 0x00, 0x00, 0x09,
  0x94, 0x00, 0x00, 0x00, 0x44, 0xd0, 0xff, 0xff, 0x08, 0x00, 0x00, 0x00,
  0x10, 0x00, 0x00, 0x00, 0x01, 0x00, 0x00, 0x00, 0x80, 0xff, 0xff, 0xff,
  0xff, 0xff, 0xff, 0xff, 0x01, 0x00, 0x00, 0x00, 0xba, 0x11, 0x8b, 0x3c,
  0x6b, 0x00, 0x00, 0x00, 0x6d, 0x6f, 0x64, 0x65, 0x6c, 0x5f, 0x34, 0x37,
  0x2f, 0x74, 0x66, 0x2e, 0x6e, 0x6e, 0x2e, 0x72, 0x65, 0x6c, 0x75, 0x5f,
  0x37, 0x37, 0x2f, 0x52, 0x65, 0x6c, 0x75, 0x3b, 0x6d, 0x6f, 0x64, 0x65,
  0x6c, 0x5f, 0x34, 0x37, 0x2f, 0x74, 0x66, 0x2e, 0x6d, 0x61, 0x74, 0x68,
  0x2e, 0x61, 0x64, 0x64, 0x5f, 0x37, 0x37, 0x2f, 0x41, 0x64, 0x64, 0x3b,
  0x6d, 0x6f, 0x64, 0x65, 0x6c, 0x5f, 0x34, 0x37, 0x2f, 0x74, 0x66, 0x2e,
  0x6e, 0x6e, 0x2e, 0x63, 0x6f, 0x6e, 0x76, 0x6f, 0x6c, 0x75, 0x74, 0x69,
  0x6f, 0x6e, 0x5f, 0x37, 0x37, 0x2f, 0x63, 0x6f, 0x6e, 0x76, 0x6f, 0x6c,
  0x75, 0x74, 0x69, 0x6f, 0x6e, 0x3b, 0x43, 0x6f, 0x6e, 0x73, 0x74, 0x5f,
  0x31, 0x33, 0x31, 0x00, 0x04, 0x00, 0x00, 0x00, 0x01, 0x00, 0x00, 0x00,
  0x05, 0x00, 0x00, 0x00, 0x01, 0x00, 0x00, 0x00, 0x10, 0x00, 0x00, 0x00,
  0x1a, 0xd1, 0xff, 0xff, 0x00, 0x00, 0x00, 0x01, 0x14, 0x00, 0x00, 0x00,
  0x34, 0x00, 0x00, 0x00, 0x41, 0x00, 0x00, 0x00, 0x00, 0x00, 0x00, 0x09,
  0x54, 0x00, 0x00, 0x00, 0x04, 0xd1, 0xff, 0xff, 0x08, 0x00, 0x00, 0x00,
  0x14, 0x00, 0x00, 0x00, 0x01, 0x00, 0x00, 0x00, 0xb4, 0xff, 0xff, 0xff,
  0xff, 0xff, 0xff, 0xff, 0x00, 0x00, 0x00, 0x00, 0x01, 0x00, 0x00, 0x00,
  0x05, 0xb7, 0x98, 0x3c, 0x26, 0x00, 0x00, 0x00, 0x6d, 0x6f, 0x64, 0x65,
  0x6c, 0x5f, 0x34, 0x37, 0x2f, 0x74, 0x66, 0x2e, 0x5f, 0x5f, 0x6f, 0x70,
  0x65, 0x72, 0x61, 0x74, 0x6f, 0x72, 0x73, 0x5f, 0x5f, 0x2e, 0x61, 0x64,
  0x64, 0x5f, 0x34, 0x33, 0x2f, 0x41, 0x64, 0x64, 0x56, 0x32, 0x00, 0x00,
  0x04, 0x00, 0x00, 0x00, 0x01, 0x00, 0x00, 0x00, 0x05, 0x00, 0x00, 0x00,
  0x01, 0x00, 0x00, 0x00, 0x10, 0x00, 0x00, 0x00, 0x9a, 0xd1, 0xff, 0xff,
  0x00, 0x00, 0x00, 0x01, 0x14, 0x00, 0x00, 0x00, 0x30, 0x00, 0x00, 0x00,
  0x40, 0x00, 0x00, 0x00, 0x00, 0x00, 0x00, 0x09, 0x4c, 0x00, 0x00, 0x00,
  0x84, 0xd1, 0xff, 0xff, 0x08, 0x00, 0x00, 0x00, 0x10, 0x00, 0x00, 0x00,
  0x01, 0x00, 0x00, 0x00, 0xaf, 0xff, 0xff, 0xff, 0xff, 0xff, 0xff, 0xff,
  0x01, 0x00, 0x00, 0x00, 0x96, 0xb6, 0xa8, 0x3c, 0x20, 0x00, 0x00, 0x00,
  0x6d, 0x6f, 0x64, 0x65, 0x6c, 0x5f, 0x34, 0x37, 0x2f, 0x74, 0x66, 0x2e,
  0x6d, 0x61, 0x74, 0x68, 0x2e, 0x6d, 0x75, 0x6c, 0x74, 0x69, 0x70, 0x6c,
  0x79, 0x5f, 0x34, 0x33, 0x2f, 0x4d, 0x75, 0x6c, 0x00, 0x00, 0x00, 0x00,
  0x04, 0x00, 0x00, 0x00, 0x01, 0x00, 0x00, 0x00, 0x05, 0x00, 0x00, 0x00,
  0x01, 0x00, 0x00, 0x00, 0x10, 0x00, 0x00, 0x00, 0x12, 0xd2, 0xff, 0xff,
  0x00, 0x00, 0x00, 0x01, 0x14, 0x00, 0x00, 0x00, 0x30, 0x00, 0x00, 0x00,
  0x3f, 0x00, 0x00, 0x00, 0x00, 0x00, 0x00, 0x09, 0x94, 0x00, 0x00, 0x00,
  0xfc, 0xd1, 0xff, 0xff, 0x08, 0x00, 0x00, 0x00, 0x10, 0x00, 0x00, 0x00,
  0x01, 0x00, 0x00, 0x00, 0x80, 0xff, 0xff, 0xff, 0xff, 0xff, 0xff, 0xff,
  0x01, 0x00, 0x00, 0x00, 0x81, 0xc1, 0x89, 0x3c, 0x6b, 0x00, 0x00, 0x00,
  0x6d, 0x6f, 0x64, 0x65, 0x6c, 0x5f, 0x34, 0x37, 0x2f, 0x74, 0x66, 0x2e,
  0x6e, 0x6e, 0x2e, 0x72, 0x65, 0x6c, 0x75, 0x5f, 0x37, 0x36, 0x2f, 0x52,
  0x65, 0x6c, 0x75, 0x3b, 0x6d, 0x6f, 0x64, 0x65, 0x6c, 0x5f, 0x34, 0x37,
  0x2f, 0x74, 0x66, 0x2e, 0x6d, 0x61, 0x74, 0x68, 0x2e, 0x61, 0x64, 0x64,
  0x5f, 0x37, 0x36, 0x2f, 0x41, 0x64, 0x64, 0x3b, 0x6d, 0x6f, 0x64, 0x65,
  0x6c, 0x5f, 0x34, 0x37, 0x2f, 0x74, 0x66, 0x2e, 0x6e, 0x6e, 0x2e, 0x63,
  0x6f, 0x6e, 0x76, 0x6f, 0x6c, 0x75, 0x74, 0x69, 0x6f, 0x6e, 0x5f, 0x37,
  0x36, 0x2f, 0x63, 0x6f, 0x6e, 0x76, 0x6f, 0x6c, 0x75, 0x74, 0x69, 0x6f,
  0x6e, 0x3b, 0x43, 0x6f, 0x6e, 0x73, 0x74, 0x5f, 0x31, 0x37, 0x31, 0x00,
  0x04, 0x00, 0x00, 0x00, 0x01, 0x00, 0x00, 0x00, 0x05, 0x00, 0x00, 0x00,
  0x01, 0x00, 0x00, 0x00, 0x10, 0x00, 0x00, 0x00, 0xd2, 0xd2, 0xff, 0xff,
  0x00, 0x00, 0x00, 0x01, 0x14, 0x00, 0x00, 0x00, 0x34, 0x00, 0x00, 0x00,
  0x3e, 0x00, 0x00, 0x00, 0x00, 0x00, 0x00, 0x09, 0x54, 0x00, 0x00, 0x00,
  0xbc, 0xd2, 0xff, 0xff, 0x08, 0x00, 0x00, 0x00, 0x14, 0x00, 0x00, 0x00,
  0x01, 0x00, 0x00, 0x00, 0xb5, 0xff, 0xff, 0xff, 0xff, 0xff, 0xff, 0xff,
  0x00, 0x00, 0x00, 0x00, 0x01, 0x00, 0x00, 0x00, 0x13, 0xda, 0xa0, 0x3c,
  0x26, 0x00, 0x00, 0x00, 0x6d, 0x6f, 0x64, 0x65, 0x6c, 0x5f, 0x34, 0x37,
  0x2f, 0x74, 0x66, 0x2e, 0x5f, 0x5f, 0x6f, 0x70, 0x65, 0x72, 0x61, 0x74,
  0x6f, 0x72, 0x73, 0x5f, 0x5f, 0x2e, 0x61, 0x64, 0x64, 0x5f, 0x34, 0x32,
  0x2f, 0x41, 0x64, 0x64, 0x56, 0x32, 0x00, 0x00, 0x04, 0x00, 0x00, 0x00,
  0x01, 0x00, 0x00, 0x00, 0x05, 0x00, 0x00, 0x00, 0x01, 0x00, 0x00, 0x00,
  0x10, 0x00, 0x00, 0x00, 0x52, 0xd3, 0xff, 0xff, 0x00, 0x00, 0x00, 0x01,
  0x14, 0x00, 0x00, 0x00, 0x30, 0x00, 0x00, 0x00, 0x3d, 0x00, 0x00, 0x00,
  0x00, 0x00, 0x00, 0x09, 0x4c, 0x00, 0x00, 0x00, 0x3c, 0xd3, 0xff, 0xff,
  0x08, 0x00, 0x00, 0x00, 0x10, 0x00, 0x00, 0x00, 0x01, 0x00, 0x00, 0x00,
  0xb1, 0xff, 0xff, 0xff, 0xff, 0xff, 0xff, 0xff, 0x01, 0x00, 0x00, 0x00,
  0xd2, 0x7c, 0xaf, 0x3c, 0x20, 0x00, 0x00, 0x00, 0x6d, 0x6f, 0x64, 0x65,
  0x6c, 0x5f, 0x34, 0x37, 0x2f, 0x74, 0x66, 0x2e, 0x6d, 0x61, 0x74, 0x68,
  0x2e, 0x6d, 0x75, 0x6c, 0x74, 0x69, 0x70, 0x6c, 0x79, 0x5f, 0x34, 0x32,
  0x2f, 0x4d, 0x75, 0x6c, 0x00, 0x00, 0x00, 0x00, 0x04, 0x00, 0x00, 0x00,
  0x01, 0x00, 0x00, 0x00, 0x05, 0x00, 0x00, 0x00, 0x01, 0x00, 0x00, 0x00,
  0x10, 0x00, 0x00, 0x00, 0xca, 0xd3, 0xff, 0xff, 0x00, 0x00, 0x00, 0x01,
  0x14, 0x00, 0x00, 0x00, 0x30, 0x00, 0x00, 0x00, 0x3c, 0x00, 0x00, 0x00,
  0x00, 0x00, 0x00, 0x09, 0x94, 0x00, 0x00, 0x00, 0xb4, 0xd3, 0xff, 0xff,
  0x08, 0x00, 0x00, 0x00, 0x10, 0x00, 0x00, 0x00, 0x01, 0x00, 0x00, 0x00,
  0x80, 0xff, 0xff, 0xff, 0xff, 0xff, 0xff, 0xff, 0x01, 0x00, 0x00, 0x00,
  0x3e, 0xdf, 0x8d, 0x3c, 0x6b, 0x00, 0x00, 0x00, 0x6d, 0x6f, 0x64, 0x65,
  0x6c, 0x5f, 0x34, 0x37, 0x2f, 0x74, 0x66, 0x2e, 0x6e, 0x6e, 0x2e, 0x72,
  0x65, 0x6c, 0x75, 0x5f, 0x37, 0x35, 0x2f, 0x52, 0x65, 0x6c, 0x75, 0x3b,
  0x6d, 0x6f, 0x64, 0x65, 0x6c, 0x5f, 0x34, 0x37, 0x2f, 0x74, 0x66, 0x2e,
  0x6d, 0x61, 0x74, 0x68, 0x2e, 0x61, 0x64, 0x64, 0x5f, 0x37, 0x35, 0x2f,
  0x41, 0x64, 0x64, 0x3b, 0x6d, 0x6f, 0x64, 0x65, 0x6c, 0x5f, 0x34, 0x37,
  0x2f, 0x74, 0x66, 0x2e, 0x6e, 0x6e, 0x2e, 0x63, 0x6f, 0x6e, 0x76, 0x6f,
  0x6c, 0x75, 0x74, 0x69, 0x6f, 0x6e, 0x5f, 0x37, 0x35, 0x2f, 0x63, 0x6f,
  0x6e, 0x76, 0x6f, 0x6c, 0x75, 0x74, 0x69, 0x6f, 0x6e, 0x3b, 0x43, 0x6f,
  0x6e, 0x73, 0x74, 0x5f, 0x32, 0x31, 0x31, 0x00, 0x04, 0x00, 0x00, 0x00,
  0x01, 0x00, 0x00, 0x00, 0x05, 0x00, 0x00, 0x00, 0x01, 0x00, 0x00, 0x00,
  0x10, 0x00, 0x00, 0x00, 0x8a, 0xd4, 0xff, 0xff, 0x00, 0x00, 0x00, 0x01,
  0x14, 0x00, 0x00, 0x00, 0x34, 0x00, 0x00, 0x00, 0x3b, 0x00, 0x00, 0x00,
  0x00, 0x00, 0x00, 0x09, 0x54, 0x00, 0x00, 0x00, 0x74, 0xd4, 0xff, 0xff,
  0x08, 0x00, 0x00, 0x00, 0x14, 0x00, 0x00, 0x00, 0x01, 0x00, 0x00, 0x00,
  0xab, 0xff, 0xff, 0xff, 0xff, 0xff, 0xff, 0xff, 0x00, 0x00, 0x00, 0x00,
  0x01, 0x00, 0x00, 0x00, 0xb0, 0x2e, 0xa1, 0x3c, 0x26, 0x00, 0x00, 0x00,
  0x6d, 0x6f, 0x64, 0x65, 0x6c, 0x5f, 0x34, 0x37, 0x2f, 0x74, 0x66, 0x2e,
  0x5f, 0x5f, 0x6f, 0x70, 0x65, 0x72, 0x61, 0x74, 0x6f, 0x72, 0x73, 0x5f,
  0x5f, 0x2e, 0x61, 0x64, 0x64, 0x5f, 0x34, 0x31, 0x2f, 0x41, 0x64, 0x64,
  0x56, 0x32, 0x00, 0x00, 0x04, 0x00, 0x00, 0x00, 0x01, 0x00, 0x00, 0x00,
  0x05, 0x00, 0x00, 0x00, 0x01, 0x00, 0x00, 0x00, 0x10, 0x00, 0x00, 0x00,
  0x0a, 0xd5, 0xff, 0xff, 0x00, 0x00, 0x00, 0x01, 0x14, 0x00, 0x00, 0x00,
  0x30, 0x00, 0x00, 0x00, 0x3a, 0x00, 0x00, 0x00, 0x00, 0x00, 0x00, 0x09,
  0x4c, 0x00, 0x00, 0x00, 0xf4, 0xd4, 0xff, 0xff, 0x08, 0x00, 0x00, 0x00,
  0x10, 0x00, 0x00, 0x00, 0x01, 0x00, 0x00, 0x00, 0xa7, 0xff, 0xff, 0xff,
  0xff, 0xff, 0xff, 0xff, 0x01, 0x00, 0x00, 0x00, 0x46, 0x55, 0xb4, 0x3c,
  0x20, 0x00, 0x00, 0x00, 0x6d, 0x6f, 0x64, 0x65, 0x6c, 0x5f, 0x34, 0x37,
  0x2f, 0x74, 0x66, 0x2e, 0x6d, 0x61, 0x74, 0x68, 0x2e, 0x6d, 0x75, 0x6c,
  0x74, 0x69, 0x70, 0x6c, 0x79, 0x5f, 0x34, 0x31, 0x2f, 0x4d, 0x75, 0x6c,
  0x00, 0x00, 0x00, 0x00, 0x04, 0x00, 0x00, 0x00, 0x01, 0x00, 0x00, 0x00,
  0x05, 0x00, 0x00, 0x00, 0x01, 0x00, 0x00, 0x00, 0x10, 0x00, 0x00, 0x00,
  0x82, 0xd5, 0xff, 0xff, 0x00, 0x00, 0x00, 0x01, 0x14, 0x00, 0x00, 0x00,
  0x30, 0x00, 0x00, 0x00, 0x39, 0x00, 0x00, 0x00, 0x00, 0x00, 0x00, 0x09,
  0x94, 0x00, 0x00, 0x00, 0x6c, 0xd5, 0xff, 0xff, 0x08, 0x00, 0x00, 0x00,
  0x10, 0x00, 0x00, 0x00, 0x01, 0x00, 0x00, 0x00, 0x80, 0xff, 0xff, 0xff,
  0xff, 0xff, 0xff, 0xff, 0x01, 0x00, 0x00, 0x00, 0x18, 0xda, 0x98, 0x3c,
  0x6b, 0x00, 0x00, 0x00, 0x6d, 0x6f, 0x64, 0x65, 0x6c, 0x5f, 0x34, 0x37,
  0x2f, 0x74, 0x66, 0x2e, 0x6e, 0x6e, 0x2e, 0x72, 0x65, 0x6c, 0x75, 0x5f,
  0x37, 0x34, 0x2f, 0x52, 0x65, 0x6c, 0x75, 0x3b, 0x6d, 0x6f, 0x64, 0x65,
  0x6c, 0x5f, 0x34, 0x37, 0x2f, 0x74, 0x66, 0x2e, 0x6d, 0x61, 0x74, 0x68,
  0x2e, 0x61, 0x64, 0x64, 0x5f, 0x37, 0x34, 0x2f, 0x41, 0x64, 0x64, 0x3b,
  0x6d, 0x6f, 0x64, 0x65, 0x6c, 0x5f, 0x34, 0x37, 0x2f, 0x74, 0x66, 0x2e,
  0x6e, 0x6e, 0x2e, 0x63, 0x6f, 0x6e, 0x76, 0x6f, 0x6c, 0x75, 0x74, 0x69,
  0x6f, 0x6e, 0x5f, 0x37, 0x34, 0x2f, 0x63, 0x6f, 0x6e, 0x76, 0x6f, 0x6c,
  0x75, 0x74, 0x69, 0x6f, 0x6e, 0x3b, 0x43, 0x6f, 0x6e, 0x73, 0x74, 0x5f,
  0x32, 0x35, 0x31, 0x00, 0x04, 0x00, 0x00, 0x00, 0x01, 0x00, 0x00, 0x00,
  0x05, 0x00, 0x00, 0x00, 0x01, 0x00, 0x00, 0x00, 0x10, 0x00, 0x00, 0x00,
  0x42, 0xd6, 0xff, 0xff, 0x00, 0x00, 0x00, 0x01, 0x14, 0x00, 0x00, 0x00,
  0x34, 0x00, 0x00, 0x00, 0x38, 0x00, 0x00, 0x00, 0x00, 0x00, 0x00, 0x09,
  0x54, 0x00, 0x00, 0x00, 0x2c, 0xd6, 0xff, 0xff, 0x08, 0x00, 0x00, 0x00,
  0x14, 0x00, 0x00, 0x00, 0x01, 0x00, 0x00, 0x00, 0xb9, 0xff, 0xff, 0xff,
  0xff, 0xff, 0xff, 0xff, 0x00, 0x00, 0x00, 0x00, 0x01, 0x00, 0x00, 0x00,
  0x29, 0xa6, 0x90, 0x3c, 0x26, 0x00, 0x00, 0x00, 0x6d, 0x6f, 0x64, 0x65,
  0x6c, 0x5f, 0x34, 0x37, 0x2f, 0x74, 0x66, 0x2e, 0x5f, 0x5f, 0x6f, 0x70,
  0x65, 0x72, 0x61, 0x74, 0x6f, 0x72, 0x73, 0x5f, 0x5f, 0x2e, 0x61, 0x64,
  0x64, 0x5f, 0x34, 0x30, 0x2f, 0x41, 0x64, 0x64, 0x56, 0x32, 0x00, 0x00,
  0x04, 0x00, 0x00, 0x00, 0x01, 0x00, 0x00, 0x00, 0x05, 0x00, 0x00, 0x00,
  0x01, 0x00, 0x00, 0x00, 0x10, 0x00, 0x00, 0x00, 0xc2, 0xd6, 0xff, 0xff,
  0x00, 0x00, 0x00, 0x01, 0x14, 0x00, 0x00, 0x00, 0x30, 0x00, 0x00, 0x00,
  0x37, 0x00, 0x00, 0x00, 0x00, 0x00, 0x00, 0x09, 0x4c, 0x00, 0x00, 0x00,
  0xac, 0xd6, 0xff, 0xff, 0x08, 0x00, 0x00, 0x00, 0x10, 0x00, 0x00, 0x00,
  0x01, 0x00, 0x00, 0x00, 0xb2, 0xff, 0xff, 0xff, 0xff, 0xff, 0xff, 0xff,
  0x01, 0x00, 0x00, 0x00, 0x5c, 0x03, 0xa5, 0x3c, 0x20, 0x00, 0x00, 0x00,
  0x6d, 0x6f, 0x64, 0x65, 0x6c, 0x5f, 0x34, 0x37, 0x2f, 0x74, 0x66, 0x2e,
  0x6d, 0x61, 0x74, 0x68, 0x2e, 0x6d, 0x75, 0x6c, 0x74, 0x69, 0x70, 0x6c,
  0x79, 0x5f, 0x34, 0x30, 0x2f, 0x4d, 0x75, 0x6c, 0x00, 0x00, 0x00, 0x00,
  0x04, 0x00, 0x00, 0x00, 0x01, 0x00, 0x00, 0x00, 0x05, 0x00, 0x00, 0x00,
  0x01, 0x00, 0x00, 0x00, 0x10, 0x00, 0x00, 0x00, 0x3a, 0xd7, 0xff, 0xff,
  0x00, 0x00, 0x00, 0x01, 0x14, 0x00, 0x00, 0x00, 0x30, 0x00, 0x00, 0x00,
  0x36, 0x00, 0x00, 0x00, 0x00, 0x00, 0x00, 0x09, 0x94, 0x00, 0x00, 0x00,
  0x24, 0xd7, 0xff, 0xff, 0x08, 0x00, 0x00, 0x00, 0x10, 0x00, 0x00, 0x00,
  0x01, 0x00, 0x00, 0x00, 0x80, 0xff, 0xff, 0xff, 0xff, 0xff, 0xff, 0xff,
  0x01, 0x00, 0x00, 0x00, 0x1d, 0xe8, 0x84, 0x3c, 0x6b, 0x00, 0x00, 0x00,
  0x6d, 0x6f, 0x64, 0x65, 0x6c, 0x5f, 0x34, 0x37, 0x2f, 0x74, 0x66, 0x2e,
  0x6e, 0x6e, 0x2e, 0x72, 0x65, 0x6c, 0x75, 0x5f, 0x37, 0x33, 0x2f, 0x52,
  0x65, 0x6c, 0x75, 0x3b, 0x6d, 0x6f, 0x64, 0x65, 0x6c, 0x5f, 0x34, 0x37,
  0x2f, 0x74, 0x66, 0x2e, 0x6d, 0x61, 0x74, 0x68, 0x2e, 0x61, 0x64, 0x64,
  0x5f, 0x37, 0x33, 0x2f, 0x41, 0x64, 0x64, 0x3b, 0x6d, 0x6f, 0x64, 0x65,
  0x6c, 0x5f, 0x34, 0x37, 0x2f, 0x74, 0x66, 0x2e, 0x6e, 0x6e, 0x2e, 0x63,
  0x6f, 0x6e, 0x76, 0x6f, 0x6c, 0x75, 0x74, 0x69, 0x6f, 0x6e, 0x5f, 0x37,
  0x33, 0x2f, 0x63, 0x6f, 0x6e, 0x76, 0x6f, 0x6c, 0x75, 0x74, 0x69, 0x6f,
  0x6e, 0x3b, 0x43, 0x6f, 0x6e, 0x73, 0x74, 0x5f, 0x32, 0x39, 0x31, 0x00,
  0x04, 0x00, 0x00, 0x00, 0x01, 0x00, 0x00, 0x00, 0x05, 0x00, 0x00, 0x00,
  0x01, 0x00, 0x00, 0x00, 0x10, 0x00, 0x00, 0x00, 0xfa, 0xd7, 0xff, 0xff,
  0x00, 0x00, 0x00, 0x01, 0x14, 0x00, 0x00, 0x00, 0x34, 0x00, 0x00, 0x00,
  0x35, 0x00, 0x00, 0x00, 0x00, 0x00, 0x00, 0x09, 0x54, 0x00, 0x00, 0x00,
  0xe4, 0xd7, 0xff, 0xff, 0x08, 0x00, 0x00, 0x00, 0x14, 0x00, 0x00, 0x00,
  0x01, 0x00, 0x00, 0x00, 0xc5, 0xff, 0xff, 0xff, 0xff, 0xff, 0xff, 0xff,
  0x00, 0x00, 0x00, 0x00, 0x01, 0x00, 0x00, 0x00, 0xc0, 0xe0, 0x73, 0x3c,
  0x26, 0x00, 0x00, 0x00, 0x6d, 0x6f, 0x64, 0x65, 0x6c, 0x5f, 0x34, 0x37,
  0x2f, 0x74, 0x66, 0x2e, 0x5f, 0x5f, 0x6f, 0x70, 0x65, 0x72, 0x61, 0x74,
  0x6f, 0x72, 0x73, 0x5f, 0x5f, 0x2e, 0x61, 0x64, 0x64, 0x5f, 0x33, 0x39,
  0x2f, 0x41, 0x64, 0x64, 0x56, 0x32, 0x00, 0x00, 0x04, 0x00, 0x00, 0x00,
  0x01, 0x00, 0x00, 0x00, 0x05, 0x00, 0x00, 0x00, 0x01, 0x00, 0x00, 0x00,
  0x10, 0x00, 0x00, 0x00, 0x7a, 0xd8, 0xff, 0xff, 0x00, 0x00, 0x00, 0x01,
  0x14, 0x00, 0x00, 0x00, 0x30, 0x00, 0x00, 0x00, 0x34, 0x00, 0x00, 0x00,
  0x00, 0x00, 0x00, 0x09, 0x4c, 0x00, 0x00, 0x00, 0x64, 0xd8, 0xff, 0xff,
  0x08, 0x00, 0x00, 0x00, 0x10, 0x00, 0x00, 0x00, 0x01, 0x00, 0x00, 0x00,
  0xba, 0xff, 0xff, 0xff, 0xff, 0xff, 0xff, 0xff, 0x01, 0x00, 0x00, 0x00,
  0x57, 0xb3, 0x92, 0x3c, 0x20, 0x00, 0x00, 0x00, 0x6d, 0x6f, 0x64, 0x65,
  0x6c, 0x5f, 0x34, 0x37, 0x2f, 0x74, 0x66, 0x2e, 0x6d, 0x61, 0x74, 0x68,
  0x2e, 0x6d, 0x75, 0x6c, 0x74, 0x69, 0x70, 0x6c, 0x79, 0x5f, 0x33, 0x39,
  0x2f, 0x4d, 0x75, 0x6c, 0x00, 0x00, 0x00, 0x00, 0x04, 0x00, 0x00, 0x00,
  0x01, 0x00, 0x00, 0x00, 0x05, 0x00, 0x00, 0x00, 0x01, 0x00, 0x00, 0x00,
  0x10, 0x00, 0x00, 0x00, 0xf2, 0xd8, 0xff, 0xff, 0x00, 0x00, 0x00, 0x01,
  0x14, 0x00, 0x00, 0x00, 0x30, 0x00, 0x00, 0x00, 0x33, 0x00, 0x00, 0x00,
  0x00, 0x00, 0x00, 0x09, 0x94, 0x00, 0x00, 0x00, 0xdc, 0xd8, 0xff, 0xff,
  0x08, 0x00, 0x00, 0x00, 0x10, 0x00, 0x00, 0x00, 0x01, 0x00, 0x00, 0x00,
  0x80, 0xff, 0xff, 0xff, 0xff, 0xff, 0xff, 0xff, 0x01, 0x00, 0x00, 0x00,
  0xbc, 0x0f, 0x63, 0x3c, 0x6b, 0x00, 0x00, 0x00, 0x6d, 0x6f, 0x64, 0x65,
  0x6c, 0x5f, 0x34, 0x37, 0x2f, 0x74, 0x66, 0x2e, 0x6e, 0x6e, 0x2e, 0x72,
  0x65, 0x6c, 0x75, 0x5f, 0x37, 0x32, 0x2f, 0x52, 0x65, 0x6c, 0x75, 0x3b,
  0x6d, 0x6f, 0x64, 0x65, 0x6c, 0x5f, 0x34, 0x37, 0x2f, 0x74, 0x66, 0x2e,
  0x6d, 0x61, 0x74, 0x68, 0x2e, 0x61, 0x64, 0x64, 0x5f, 0x37, 0x32, 0x2f,
  0x41, 0x64, 0x64, 0x3b, 0x6d, 0x6f, 0x64, 0x65, 0x6c, 0x5f, 0x34, 0x37,
  0x2f, 0x74, 0x66, 0x2e, 0x6e, 0x6e, 0x2e, 0x63, 0x6f, 0x6e, 0x76, 0x6f,
  0x6c, 0x75, 0x74, 0x69, 0x6f, 0x6e, 0x5f, 0x37, 0x32, 0x2f, 0x63, 0x6f,
  0x6e, 0x76, 0x6f, 0x6c, 0x75, 0x74, 0x69, 0x6f, 0x6e, 0x3b, 0x43, 0x6f,
  0x6e, 0x73, 0x74, 0x5f, 0x33, 0x33, 0x31, 0x00, 0x04, 0x00, 0x00, 0x00,
  0x01, 0x00, 0x00, 0x00, 0x05, 0x00, 0x00, 0x00, 0x01, 0x00, 0x00, 0x00,
  0x10, 0x00, 0x00, 0x00, 0xb2, 0xd9, 0xff, 0xff, 0x00, 0x00, 0x00, 0x01,
  0x14, 0x00, 0x00, 0x00, 0x34, 0x00, 0x00, 0x00, 0x32, 0x00, 0x00, 0x00,
  0x00, 0x00, 0x00, 0x09, 0x54, 0x00, 0x00, 0x00, 0x9c, 0xd9, 0xff, 0xff,
  0x08, 0x00, 0x00, 0x00, 0x14, 0x00, 0x00, 0x00, 0x01, 0x00, 0x00, 0x00,
  0xd2, 0xff, 0xff, 0xff, 0xff, 0xff, 0xff, 0xff, 0x00, 0x00, 0x00, 0x00,
  0x01, 0x00, 0x00, 0x00, 0x52, 0x44, 0x44, 0x3c, 0x26, 0x00, 0x00, 0x00,
  0x6d, 0x6f, 0x64, 0x65, 0x6c, 0x5f, 0x34, 0x37, 0x2f, 0x74, 0x66, 0x2e,
  0x5f, 0x5f, 0x6f, 0x70, 0x65, 0x72, 0x61, 0x74, 0x6f, 0x72, 0x73, 0x5f,
  0x5f, 0x2e, 0x61, 0x64, 0x64, 0x5f, 0x33, 0x38, 0x2f, 0x41, 0x64, 0x64,
  0x56, 0x32, 0x00, 0x00, 0x04, 0x00, 0x00, 0x00, 0x01, 0x00, 0x00, 0x00,
  0x05, 0x00, 0x00, 0x00, 0x01, 0x00, 0x00, 0x00, 0x10, 0x00, 0x00, 0x00,
  0x32, 0xda, 0xff, 0xff, 0x00, 0x00, 0x00, 0x01, 0x14, 0x00, 0x00, 0x00,
  0x30, 0x00, 0x00, 0x00, 0x31, 0x00, 0x00, 0x00, 0x00, 0x00, 0x00, 0x09,
  0x4c, 0x00, 0x00, 0x00, 0x1c, 0xda, 0xff, 0xff, 0x08, 0x00, 0x00, 0x00,
  0x10, 0x00, 0x00, 0x00, 0x01, 0x00, 0x00, 0x00, 0xbf, 0xff, 0xff, 0xff,
  0xff, 0xff, 0xff, 0xff, 0x01, 0x00, 0x00, 0x00, 0x10, 0xbd, 0x7f, 0x3c,
  0x20, 0x00, 0x00, 0x00, 0x6d, 0x6f, 0x64, 0x65, 0x6c, 0x5f, 0x34, 0x37,
  0x2f, 0x74, 0x66, 0x2e, 0x6d, 0x61, 0x74, 0x68, 0x2e, 0x6d, 0x75, 0x6c,
  0x74, 0x69, 0x70, 0x6c, 0x79, 0x5f, 0x33, 0x38, 0x2f, 0x4d, 0x75, 0x6c,
  0x00, 0x00, 0x00, 0x00, 0x04, 0x00, 0x00, 0x00, 0x01, 0x00, 0x00, 0x00,
  0x05, 0x00, 0x00, 0x00, 0x01, 0x00, 0x00, 0x00, 0x10, 0x00, 0x00, 0x00,
  0xaa, 0xda, 0xff, 0xff, 0x00, 0x00, 0x00, 0x01, 0x14, 0x00, 0x00, 0x00,
  0x30, 0x00, 0x00, 0x00, 0x30, 0x00, 0x00, 0x00, 0x00, 0x00, 0x00, 0x09,
  0x94, 0x00, 0x00, 0x00, 0x94, 0xda, 0xff, 0xff, 0x08, 0x00, 0x00, 0x00,
  0x10, 0x00, 0x00, 0x00, 0x01, 0x00, 0x00, 0x00, 0x80, 0xff, 0xff, 0xff,
  0xff, 0xff, 0xff, 0xff, 0x01, 0x00, 0x00, 0x00, 0x24, 0x55, 0x40, 0x3c,
  0x6b, 0x00, 0x00, 0x00, 0x6d, 0x6f, 0x64, 0x65, 0x6c, 0x5f, 0x34, 0x37,
  0x2f, 0x74, 0x66, 0x2e, 0x6e, 0x6e, 0x2e, 0x72, 0x65, 0x6c, 0x75, 0x5f,
  0x37, 0x31, 0x2f, 0x52, 0x65, 0x6c, 0x75, 0x3b, 0x6d, 0x6f, 0x64, 0x65,
  0x6c, 0x5f, 0x34, 0x37, 0x2f, 0x74, 0x66, 0x2e, 0x6d, 0x61, 0x74, 0x68,
  0x2e, 0x61, 0x64, 0x64, 0x5f, 0x37, 0x31, 0x2f, 0x41, 0x64, 0x64, 0x3b,
  0x6d, 0x6f, 0x64, 0x65, 0x6c, 0x5f, 0x34, 0x37, 0x2f, 0x74, 0x66, 0x2e,
  0x6e, 0x6e, 0x2e, 0x63, 0x6f, 0x6e, 0x76, 0x6f, 0x6c, 0x75, 0x74, 0x69,
  0x6f, 0x6e, 0x5f, 0x37, 0x31, 0x2f, 0x63, 0x6f, 0x6e, 0x76, 0x6f, 0x6c,
  0x75, 0x74, 0x69, 0x6f, 0x6e, 0x3b, 0x43, 0x6f, 0x6e, 0x73, 0x74, 0x5f,
  0x33, 0x37, 0x31, 0x00, 0x04, 0x00, 0x00, 0x00, 0x01, 0x00, 0x00, 0x00,
  0x05, 0x00, 0x00, 0x00, 0x01, 0x00, 0x00, 0x00, 0x10, 0x00, 0x00, 0x00,
  0x6a, 0xdb, 0xff, 0xff, 0x00, 0x00, 0x00, 0x01, 0x14, 0x00, 0x00, 0x00,
  0x34, 0x00, 0x00, 0x00, 0x2f, 0x00, 0x00, 0x00, 0x00, 0x00, 0x00, 0x09,
  0x54, 0x00, 0x00, 0x00, 0x54, 0xdb, 0xff, 0xff, 0x08, 0x00, 0x00, 0x00,
  0x14, 0x00, 0x00, 0x00, 0x01, 0x00, 0x00, 0x00, 0xbf, 0xff, 0xff, 0xff,
  0xff, 0xff, 0xff, 0xff, 0x00, 0x00, 0x00, 0x00, 0x01, 0x00, 0x00, 0x00,
  0x9a, 0x9d, 0x35, 0x3c, 0x26, 0x00, 0x00, 0x00, 0x6d, 0x6f, 0x64, 0x65,
  0x6c, 0x5f, 0x34, 0x37, 0x2f, 0x74, 0x66, 0x2e, 0x5f, 0x5f, 0x6f, 0x70,
  0x65, 0x72, 0x61, 0x74, 0x6f, 0x72, 0x73, 0x5f, 0x5f, 0x2e, 0x61, 0x64,
  0x64, 0x5f, 0x33, 0x37, 0x2f, 0x41, 0x64, 0x64, 0x56, 0x32, 0x00, 0x00,
  0x04, 0x00, 0x00, 0x00, 0x01, 0x00, 0x00, 0x00, 0x05, 0x00, 0x00, 0x00,
  0x01, 0x00, 0x00, 0x00, 0x10, 0x00, 0x00, 0x00, 0xea, 0xdb, 0xff, 0xff,
  0x00, 0x00, 0x00, 0x01, 0x14, 0x00, 0x00, 0x00, 0x30, 0x00, 0x00, 0x00,
  0x2e, 0x00, 0x00, 0x00, 0x00, 0x00, 0x00, 0x09, 0x4c, 0x00, 0x00, 0x00,
  0xd4, 0xdb, 0xff, 0xff, 0x08, 0x00, 0x00, 0x00, 0x10, 0x00, 0x00, 0x00,
  0x01, 0x00, 0x00, 0x00, 0xb4, 0xff, 0xff, 0xff, 0xff, 0xff, 0xff, 0xff,
  0x01, 0x00, 0x00, 0x00, 0x1a, 0x20, 0x5a, 0x3c, 0x20, 0x00, 0x00, 0x00,
  0x6d, 0x6f, 0x64, 0x65, 0x6c, 0x5f, 0x34, 0x37, 0x2f, 0x74, 0x66, 0x2e,
  0x6d, 0x61, 0x74, 0x68, 0x2e, 0x6d, 0x75, 0x6c, 0x74, 0x69, 0x70, 0x6c,
  0x79, 0x5f, 0x33, 0x37, 0x2f, 0x4d, 0x75, 0x6c, 0x00, 0x00, 0x00, 0x00,
  0x04, 0x00, 0x00, 0x00, 0x01, 0x00, 0x00, 0x00, 0x05, 0x00, 0x00, 0x00,
  0x01, 0x00, 0x00, 0x00, 0x10, 0x00, 0x00, 0x00, 0x62, 0xdc, 0xff, 0xff,
  0x00, 0x00, 0x00, 0x01, 0x14, 0x00, 0x00, 0x00, 0x30, 0x00, 0x00, 0x00,
  0x2d, 0x00, 0x00, 0x00, 0x00, 0x00, 0x00, 0x09, 0x94, 0x00, 0x00, 0x00,
  0x4c, 0xdc, 0xff, 0xff, 0x08, 0x00, 0x00, 0x00, 0x10, 0x00, 0x00, 0x00,
  0x01, 0x00, 0x00, 0x00, 0x80, 0xff, 0xff, 0xff, 0xff, 0xff, 0xff, 0xff,
  0x01, 0x00, 0x00, 0x00, 0xe9, 0x0c, 0x04, 0x3f, 0x6b, 0x00, 0x00, 0x00,
  0x6d, 0x6f, 0x64, 0x65, 0x6c, 0x5f, 0x34, 0x37, 0x2f, 0x74, 0x66, 0x2e,
  0x6e, 0x6e, 0x2e, 0x72, 0x65, 0x6c, 0x75, 0x5f, 0x37, 0x30, 0x2f, 0x52,
  0x65, 0x6c, 0x75, 0x3b, 0x6d, 0x6f, 0x64, 0x65, 0x6c, 0x5f, 0x34, 0x37,
  0x2f, 0x74, 0x66, 0x2e, 0x6d, 0x61, 0x74, 0x68, 0x2e, 0x61, 0x64, 0x64,
  0x5f, 0x37, 0x30, 0x2f, 0x41, 0x64, 0x64, 0x3b, 0x6d, 0x6f, 0x64, 0x65,
  0x6c, 0x5f, 0x34, 0x37, 0x2f, 0x74, 0x66, 0x2e, 0x6e, 0x6e, 0x2e, 0x63,
  0x6f, 0x6e, 0x76, 0x6f, 0x6c, 0x75, 0x74, 0x69, 0x6f, 0x6e, 0x5f, 0x37,
  0x30, 0x2f, 0x63, 0x6f, 0x6e, 0x76, 0x6f, 0x6c, 0x75, 0x74, 0x69, 0x6f,
  0x6e, 0x3b, 0x43, 0x6f, 0x6e, 0x73, 0x74, 0x5f, 0x34, 0x31, 0x31, 0x00,
  0x04, 0x00, 0x00, 0x00, 0x01, 0x00, 0x00, 0x00, 0x05, 0x00, 0x00, 0x00,
  0x01, 0x00, 0x00, 0x00, 0x10, 0x00, 0x00, 0x00, 0x22, 0xdd, 0xff, 0xff,
  0x00, 0x00, 0x00, 0x01, 0x14, 0x00, 0x00, 0x00, 0xe8, 0x00, 0x00, 0x00,
  0x2c, 0x00, 0x00, 0x00, 0x00, 0x00, 0x00, 0x09, 0x0c, 0x01, 0x00, 0x00,
  0x0c, 0xdd, 0xff, 0xff, 0x08, 0x00, 0x00, 0x00, 0x8c, 0x00, 0x00, 0x00,
  0x10, 0x00, 0x00, 0x00, 0x00, 0x00, 0x00, 0x00, 0x00, 0x00, 0x00, 0x00,
  0x00, 0x00, 0x00, 0x00, 0x00, 0x00, 0x00, 0x00, 0x00, 0x00, 0x00, 0x00,
  0x00, 0x00, 0x00, 0x00, 0x00, 0x00, 0x00, 0x00, 0x00, 0x00, 0x00, 0x00,
  0x00, 0x00, 0x00, 0x00, 0x00, 0x00, 0x00, 0x00, 0x00, 0x00, 0x00, 0x00,
  0x00, 0x00, 0x00, 0x00, 0x00, 0x00, 0x00, 0x00, 0x00, 0x00, 0x00, 0x00,
  0x00, 0x00, 0x00, 0x00, 0x00, 0x00, 0x00, 0x00, 0x00, 0x00, 0x00, 0x00,
  0x00, 0x00, 0x00, 0x00, 0x00, 0x00, 0x00, 0x00, 0x00, 0x00, 0x00, 0x00,
  0x00, 0x00, 0x00, 0x00, 0x00, 0x00, 0x00, 0x00, 0x00, 0x00, 0x00, 0x00,
  0x00, 0x00, 0x00, 0x00, 0x00, 0x00, 0x00, 0x00, 0x00, 0x00, 0x00, 0x00,
  0x00, 0x00, 0x00, 0x00, 0x00, 0x00, 0x00, 0x00, 0x00, 0x00, 0x00, 0x00,
  0x00, 0x00, 0x00, 0x00, 0x00, 0x00, 0x00, 0x00, 0x00, 0x00, 0x00, 0x00,
  0x00, 0x00, 0x00, 0x00, 0x10, 0x00, 0x00, 0x00, 0x48, 0xbb, 0xcd, 0x3a,
  0x84, 0xdf, 0xde, 0x3a, 0xb5, 0x7d, 0xcc, 0x3a, 0x0b, 0x7c, 0xd7, 0x3a,
  0x87, 0x6d, 0xc8, 0x3a, 0x00, 0x53, 0xe9, 0x3a, 0x62, 0xe1, 0xdf, 0x3a,
  0xb4, 0x64, 0xdc, 0x3a, 0x8c, 0x90, 0xde, 0x3a, 0x33, 0xad, 0xe2, 0x3a,
  0xd1, 0xb5, 0xdd, 0x3a, 0x0b, 0x91, 0xd4, 0x3a, 0x30, 0xdc, 0xd0, 0x3a,
  0xa6, 0x68, 0xe3, 0x3a, 0x35, 0x0c, 0xc3, 0x3a, 0x42, 0x3a, 0xeb, 0x3a,
  0x29, 0x00, 0x00, 0x00, 0x6d, 0x6f, 0x64, 0x65, 0x6c, 0x5f, 0x34, 0x37,
  0x2f, 0x74, 0x66, 0x2e, 0x6e, 0x6e, 0x2e, 0x63, 0x6f, 0x6e, 0x76, 0x6f,
  0x6c, 0x75, 0x74, 0x69, 0x6f, 0x6e, 0x5f, 0x37, 0x30, 0x2f, 0x63, 0x6f,
  0x6e, 0x76, 0x6f, 0x6c, 0x75, 0x74, 0x69, 0x6f, 0x6e, 0x00, 0x00, 0x00,
  0x04, 0x00, 0x00, 0x00, 0x10, 0x00, 0x00, 0x00, 0x03, 0x00, 0x00, 0x00,
  0x01, 0x00, 0x00, 0x00, 0x09, 0x00, 0x00, 0x00, 0x5a, 0xde, 0xff, 0xff,
  0x00, 0x00, 0x00, 0x01, 0x14, 0x00, 0x00, 0x00, 0xe4, 0x00, 0x00, 0x00,
  0x2b, 0x00, 0x00, 0x00, 0x00, 0x00, 0x00, 0x02, 0x48, 0x01, 0x00, 0x00,
  0x44, 0xde, 0xff, 0xff, 0x08, 0x00, 0x00, 0x00, 0x88, 0x00, 0x00, 0x00,
  0x10, 0x00, 0x00, 0x00, 0x00, 0x00, 0x00, 0x00, 0x00, 0x00, 0x00, 0x00,
  0x00, 0x00, 0x00, 0x00, 0x00, 0x00, 0x00, 0x00, 0x00, 0x00, 0x00, 0x00,
  0x00, 0x00, 0x00, 0x00, 0x00, 0x00, 0x00, 0x00, 0x00, 0x00, 0x00, 0x00,
  0x00, 0x00, 0x00, 0x00, 0x00, 0x00, 0x00, 0x00, 0x00, 0x00, 0x00, 0x00,
  0x00, 0x00, 0x00, 0x00, 0x00, 0x00, 0x00, 0x00, 0x00, 0x00, 0x00, 0x00,
  0x00, 0x00, 0x00, 0x00, 0x00, 0x00, 0x00, 0x00, 0x00, 0x00, 0x00, 0x00,
  0x00, 0x00, 0x00, 0x00, 0x00, 0x00, 0x00, 0x00, 0x00, 0x00, 0x00, 0x00,
  0x00, 0x00, 0x00, 0x00, 0x00, 0x00, 0x00, 0x00, 0x00, 0x00, 0x00, 0x00,
  0x00, 0x00, 0x00, 0x00, 0x00, 0x00, 0x00, 0x00, 0x00, 0x00, 0x00, 0x00,
  0x00, 0x00, 0x00, 0x00, 0x00, 0x00, 0x00, 0x00, 0x00, 0x00, 0x00, 0x00,
  0x00, 0x00, 0x00, 0x00, 0x00, 0x00, 0x00, 0x00, 0x00, 0x00, 0x00, 0x00,
  0x10, 0x00, 0x00, 0x00, 0x0b, 0x56, 0x45, 0x3b, 0x34, 0xc7, 0x55, 0x3b,
  0x6e, 0x25, 0x44, 0x3b, 0xeb, 0xb0, 0x4e, 0x3b, 0xb2, 0x3f, 0x40, 0x3b,
  0x82, 0xcd, 0x5f, 0x3b, 0x8c, 0xbe, 0x56, 0x3b, 0x4c, 0x66, 0x53, 0x3b,
  0x75, 0x7b, 0x55, 0x3b, 0x27, 0x6d, 0x59, 0x3b, 0xa7, 0xa9, 0x54, 0x3b,
  0x67, 0xe4, 0x4b, 0x3b, 0x44, 0x56, 0x48, 0x3b, 0xf4, 0x20, 0x5a, 0x3b,
  0x95, 0x16, 0x3b, 0x3b, 0xe1, 0xa0, 0x61, 0x3b, 0x6a, 0x00, 0x00, 0x00,
  0x6d, 0x6f, 0x64, 0x65, 0x6c, 0x5f, 0x34, 0x37, 0x2f, 0x74, 0x66, 0x2e,
  0x6e, 0x6e, 0x2e, 0x72, 0x65, 0x6c, 0x75, 0x5f, 0x37, 0x30, 0x2f, 0x52,
  0x65, 0x6c, 0x75, 0x3b, 0x6d, 0x6f, 0x64, 0x65, 0x6c, 0x5f, 0x34, 0x37,
  0x2f, 0x74, 0x66, 0x2e, 0x6d, 0x61, 0x74, 0x68, 0x2e, 0x61, 0x64, 0x64,
  0x5f, 0x37, 0x30, 0x2f, 0x41, 0x64, 0x64, 0x3b, 0x6d, 0x6f, 0x64, 0x65,
  0x6c, 0x5f, 0x34, 0x37, 0x2f, 0x74, 0x66, 0x2e, 0x6e, 0x6e, 0x2e, 0x63,
  0x6f, 0x6e, 0x76, 0x6f, 0x6c, 0x75, 0x74, 0x69, 0x6f, 0x6e, 0x5f, 0x37,
  0x30, 0x2f, 0x63, 0x6f, 0x6e, 0x76, 0x6f, 0x6c, 0x75, 0x74, 0x69, 0x6f,
  0x6e, 0x3b, 0x43, 0x6f, 0x6e, 0x73, 0x74, 0x5f, 0x34, 0x31, 0x00, 0x00,
  0x01, 0x00, 0x00, 0x00, 0x10, 0x00, 0x00, 0x00, 0xc2, 0xdf, 0xff, 0xff,
  0x00, 0x00, 0x00, 0x01, 0x14, 0x00, 0x00, 0x00, 0x34, 0x00, 0x00, 0x00,
  0x2a, 0x00, 0x00, 0x00, 0x00, 0x00, 0x00, 0x09, 0x38, 0x00, 0x00, 0x00,
  0xac, 0xdf, 0xff, 0xff, 0x08, 0x00, 0x00, 0x00, 0x14, 0x00, 0x00, 0x00,
  0x01, 0x00, 0x00, 0x00, 0x80, 0xff, 0xff, 0xff, 0xff, 0xff, 0xff, 0xff,
  0x00, 0x00, 0x00, 0x00, 0x01, 0x00, 0x00, 0x00, 0xa5, 0x65, 0x97, 0x39,
  0x08, 0x00, 0x00, 0x00, 0x43, 0x6f, 0x6e, 0x73, 0x74, 0x5f, 0x34, 0x30,
  0x00, 0x00, 0x00, 0x00, 0x01, 0x00, 0x00, 0x00, 0x10, 0x00, 0x00, 0x00,
  0x1a, 0xe0, 0xff, 0xff, 0x00, 0x00, 0x00, 0x01, 0x14, 0x00, 0x00, 0x00,
  0x34, 0x00, 0x00, 0x00, 0x29, 0x00, 0x00, 0x00, 0x00, 0x00, 0x00, 0x09,
  0x38, 0x00, 0x00, 0x00, 0x04, 0xe0, 0xff, 0xff, 0x08, 0x00, 0x00, 0x00,
  0x14, 0x00, 0x00, 0x00, 0x01, 0x00, 0x00, 0x00, 0x7f, 0x00, 0x00, 0x00,
  0x00, 0x00, 0x00, 0x00, 0x00, 0x00, 0x00, 0x00, 0x01, 0x00, 0x00, 0x00,
  0x21, 0x4b, 0x33, 0x3b, 0x08, 0x00, 0x00, 0x00, 0x43, 0x6f, 0x6e, 0x73,
  0x74, 0x5f, 0x33, 0x39, 0x00, 0x00, 0x00, 0x00, 0x01, 0x00, 0x00, 0x00,
  0x10, 0x00, 0x00, 0x00, 0x72, 0xe0, 0xff, 0xff, 0x00, 0x00, 0x00, 0x01,
  0x14, 0x00, 0x00, 0x00, 0xe8, 0x00, 0x00, 0x00, 0x28, 0x00, 0x00, 0x00,
  0x00, 0x00, 0x00, 0x09, 0x0c, 0x01, 0x00, 0x00, 0x5c, 0xe0, 0xff, 0xff,
  0x08, 0x00, 0x00, 0x00, 0x8c, 0x00, 0x00, 0x00, 0x10, 0x00, 0x00, 0x00,
  0x00, 0x00, 0x00, 0x00, 0x00, 0x00, 0x00, 0x00, 0x00, 0x00, 0x00, 0x00,
  0x00, 0x00, 0x00, 0x00, 0x00, 0x00, 0x00, 0x00, 0x00, 0x00, 0x00, 0x00,
  0x00, 0x00, 0x00, 0x00, 0x00, 0x00, 0x00, 0x00, 0x00, 0x00, 0x00, 0x00,
  0x00, 0x00, 0x00, 0x00, 0x00, 0x00, 0x00, 0x00, 0x00, 0x00, 0x00, 0x00,
  0x00, 0x00, 0x00, 0x00, 0x00, 0x00, 0x00, 0x00, 0x00, 0x00, 0x00, 0x00,
  0x00, 0x00, 0x00, 0x00, 0x00, 0x00, 0x00, 0x00, 0x00, 0x00, 0x00, 0x00,
  0x00, 0x00, 0x00, 0x00, 0x00, 0x00, 0x00, 0x00, 0x00, 0x00, 0x00, 0x00,
  0x00, 0x00, 0x00, 0x00, 0x00, 0x00, 0x00, 0x00, 0x00, 0x00, 0x00, 0x00,
  0x00, 0x00, 0x00, 0x00, 0x00, 0x00, 0x00, 0x00, 0x00, 0x00, 0x00, 0x00,
  0x00, 0x00, 0x00, 0x00, 0x00, 0x00, 0x00, 0x00, 0x00, 0x00, 0x00, 0x00,
  0x00, 0x00, 0x00, 0x00, 0x00, 0x00, 0x00, 0x00, 0x00, 0x00, 0x00, 0x00,
  0x10, 0x00, 0x00, 0x00, 0x4d, 0x37, 0x98, 0x3a, 0x32, 0x8d, 0x99, 0x3a,
  0xbe, 0x10, 0xa8, 0x3a, 0x69, 0x8f, 0x9e, 0x3a, 0x90, 0x79, 0x9b, 0x3a,
  0xc8, 0x09, 0xa4, 0x3a, 0x2c, 0x55, 0x98, 0x3a, 0xb4, 0xd2, 0x9f, 0x3a,
  0xa2, 0xad, 0x8e, 0x3a, 0x09, 0x66, 0x9c, 0x3a, 0x9f, 0xc6, 0x9d, 0x3a,
  0x37, 0xf6, 0x9b, 0x3a, 0x3d, 0x3d, 0x9c, 0x3a, 0x77, 0xa8, 0x92, 0x3a,
  0xab, 0xee, 0x99, 0x3a, 0x12, 0x59, 0x8c, 0x3a, 0x29, 0x00, 0x00, 0x00,
  0x6d, 0x6f, 0x64, 0x65, 0x6c, 0x5f, 0x34, 0x37, 0x2f, 0x74, 0x66, 0x2e,
  0x6e, 0x6e, 0x2e, 0x63, 0x6f, 0x6e, 0x76, 0x6f, 0x6c, 0x75, 0x74, 0x69,
  0x6f, 0x6e, 0x5f, 0x37, 0x31, 0x2f, 0x63, 0x6f, 0x6e, 0x76, 0x6f, 0x6c,
  0x75, 0x74, 0x69, 0x6f, 0x6e, 0x00, 0x00, 0x00, 0x04, 0x00, 0x00, 0x00,
  0x10, 0x00, 0x00, 0x00, 0x03, 0x00, 0x00, 0x00, 0x01, 0x00, 0x00, 0x00,
  0x10, 0x00, 0x00, 0x00, 0xaa, 0xe1, 0xff, 0xff, 0x00, 0x00, 0x00, 0x01,
  0x14, 0x00, 0x00, 0x00, 0xe4, 0x00, 0x00, 0x00, 0x27, 0x00, 0x00, 0x00,
  0x00, 0x00, 0x00, 0x02, 0x48, 0x01, 0x00, 0x00, 0x94, 0xe1, 0xff, 0xff,
  0x08, 0x00, 0x00, 0x00, 0x88, 0x00, 0x00, 0x00, 0x10, 0x00, 0x00, 0x00,
  0x00, 0x00, 0x00, 0x00, 0x00, 0x00, 0x00, 0x00, 0x00, 0x00, 0x00, 0x00,
  0x00, 0x00, 0x00, 0x00, 0x00, 0x00, 0x00, 0x00, 0x00, 0x00, 0x00, 0x00,
  0x00, 0x00, 0x00, 0x00, 0x00, 0x00, 0x00, 0x00, 0x00, 0x00, 0x00, 0x00,
  0x00, 0x00, 0x00, 0x00, 0x00, 0x00, 0x00, 0x00, 0x00, 0x00, 0x00, 0x00,
  0x00, 0x00, 0x00, 0x00, 0x00, 0x00, 0x00, 0x00, 0x00, 0x00, 0x00, 0x00,
  0x00, 0x00, 0x00, 0x00, 0x00, 0x00, 0x00, 0x00, 0x00, 0x00, 0x00, 0x00,
  0x00, 0x00, 0x00, 0x00, 0x00, 0x00, 0x00, 0x00, 0x00, 0x00, 0x00, 0x00,
  0x00, 0x00, 0x00, 0x00, 0x00, 0x00, 0x00, 0x00, 0x00, 0x00, 0x00, 0x00,
  0x00, 0x00, 0x00, 0x00, 0x00, 0x00, 0x00, 0x00, 0x00, 0x00, 0x00, 0x00,
  0x00, 0x00, 0x00, 0x00, 0x00, 0x00, 0x00, 0x00, 0x00, 0x00, 0x00, 0x00,
  0x00, 0x00, 0x00, 0x00, 0x00, 0x00, 0x00, 0x00, 0x10, 0x00, 0x00, 0x00,
  0x9e, 0xf9, 0x57, 0x37, 0xb9, 0xde, 0x59, 0x37, 0x9b, 0x76, 0x6e, 0x37,
  0x05, 0xfa, 0x60, 0x37, 0x54, 0x99, 0x5c, 0x37, 0xce, 0xbf, 0x68, 0x37,
  0x00, 0x24, 0x58, 0x37, 0xbb, 0xc4, 0x62, 0x37, 0x34, 0x71, 0x4a, 0x37,
  0xda, 0xe8, 0x5d, 0x37, 0x20, 0xdd, 0x5f, 0x37, 0x31, 0x4a, 0x5d, 0x37,
  0xf7, 0xae, 0x5d, 0x37, 0xcb, 0x16, 0x50, 0x37, 0x06, 0x69, 0x5a, 0x37,
  0xc2, 0x22, 0x47, 0x37, 0x6a, 0x00, 0x00, 0x00, 0x6d, 0x6f, 0x64, 0x65,
  0x6c, 0x5f, 0x34, 0x37, 0x2f, 0x74, 0x66, 0x2e, 0x6e, 0x6e, 0x2e, 0x72,
  0x65, 0x6c, 0x75, 0x5f, 0x37, 0x31, 0x2f, 0x52, 0x65, 0x6c, 0x75, 0x3b,
  0x6d, 0x6f, 0x64, 0x65, 0x6c, 0x5f, 0x34, 0x37, 0x2f, 0x74, 0x66, 0x2e,
  0x6d, 0x61, 0x74, 0x68, 0x2e, 0x61, 0x64, 0x64, 0x5f, 0x37, 0x31, 0x2f,
  0x41, 0x64, 0x64, 0x3b, 0x6d, 0x6f, 0x64, 0x65, 0x6c, 0x5f, 0x34, 0x37,
  0x2f, 0x74, 0x66, 0x2e, 0x6e, 0x6e, 0x2e, 0x63, 0x6f, 0x6e, 0x76, 0x6f,
  0x6c, 0x75, 0x74, 0x69, 0x6f, 0x6e, 0x5f, 0x37, 0x31, 0x2f, 0x63, 0x6f,
  0x6e, 0x76, 0x6f, 0x6c, 0x75, 0x74, 0x69, 0x6f, 0x6e, 0x3b, 0x43, 0x6f,
  0x6e, 0x73, 0x74, 0x5f, 0x33, 0x37, 0x00, 0x00, 0x01, 0x00, 0x00, 0x00,
  0x10, 0x00, 0x00, 0x00, 0x12, 0xe3, 0xff, 0xff, 0x00, 0x00, 0x00, 0x01,
  0x14, 0x00, 0x00, 0x00, 0x34, 0x00, 0x00, 0x00, 0x26, 0x00, 0x00, 0x00,
  0x00, 0x00, 0x00, 0x09, 0x38, 0x00, 0x00, 0x00, 0xfc, 0xe2, 0xff, 0xff,
  0x08, 0x00, 0x00, 0x00, 0x14, 0x00, 0x00, 0x00, 0x01, 0x00, 0x00, 0x00,
  0x80, 0xff, 0xff, 0xff, 0xff, 0xff, 0xff, 0xff, 0x00, 0x00, 0x00, 0x00,
  0x01, 0x00, 0x00, 0x00, 0x5a, 0x15, 0x8b, 0x3c, 0x08, 0x00, 0x00, 0x00,
  0x43, 0x6f, 0x6e, 0x73, 0x74, 0x5f, 0x33, 0x36, 0x00, 0x00, 0x00, 0x00,
  0x01, 0x00, 0x00, 0x00, 0x10, 0x00, 0x00, 0x00, 0x6a, 0xe3, 0xff, 0xff,
  0x00, 0x00, 0x00, 0x01, 0x14, 0x00, 0x00, 0x00, 0x34, 0x00, 0x00, 0x00,
  0x25, 0x00, 0x00, 0x00, 0x00, 0x00, 0x00, 0x09, 0x38, 0x00, 0x00, 0x00,
  0x54, 0xe3, 0xff, 0xff, 0x08, 0x00, 0x00, 0x00, 0x14, 0x00, 0x00, 0x00,
  0x01, 0x00, 0x00, 0x00, 0x7f, 0x00, 0x00, 0x00, 0x00, 0x00, 0x00, 0x00,
  0x00, 0x00, 0x00, 0x00, 0x01, 0x00, 0x00, 0x00, 0xb0, 0x9f, 0x7d, 0x3b,
  0x08, 0x00, 0x00, 0x00, 0x43, 0x6f, 0x6e, 0x73, 0x74, 0x5f, 0x33, 0x35,
  0x00, 0x00, 0x00, 0x00, 0x01, 0x00, 0x00, 0x00, 0x10, 0x00, 0x00, 0x00,
  0xc2, 0xe3, 0xff, 0xff, 0x00, 0x00, 0x00, 0x01, 0x14, 0x00, 0x00, 0x00,
  0xe8, 0x00, 0x00, 0x00, 0x24, 0x00, 0x00, 0x00, 0x00, 0x00, 0x00, 0x09,
  0x0c, 0x01, 0x00, 0x00, 0xac, 0xe3, 0xff, 0xff, 0x08, 0x00, 0x00, 0x00,
  0x8c, 0x00, 0x00, 0x00, 0x10, 0x00, 0x00, 0x00, 0x00, 0x00, 0x00, 0x00,
  0x00, 0x00, 0x00, 0x00, 0x00, 0x00, 0x00, 0x00, 0x00, 0x00, 0x00, 0x00,
  0x00, 0x00, 0x00, 0x00, 0x00, 0x00, 0x00, 0x00, 0x00, 0x00, 0x00, 0x00,
  0x00, 0x00, 0x00, 0x00, 0x00, 0x00, 0x00, 0x00, 0x00, 0x00, 0x00, 0x00,
  0x00, 0x00, 0x00, 0x00, 0x00, 0x00, 0x00, 0x00, 0x00, 0x00, 0x00, 0x00,
  0x00, 0x00, 0x00, 0x00, 0x00, 0x00, 0x00, 0x00, 0x00, 0x00, 0x00, 0x00,
  0x00, 0x00, 0x00, 0x00, 0x00, 0x00, 0x00, 0x00, 0x00, 0x00, 0x00, 0x00,
  0x00, 0x00, 0x00, 0x00, 0x00, 0x00, 0x00, 0x00, 0x00, 0x00, 0x00, 0x00,
  0x00, 0x00, 0x00, 0x00, 0x00, 0x00, 0x00, 0x00, 0x00, 0x00, 0x00, 0x00,
  0x00, 0x00, 0x00, 0x00, 0x00, 0x00, 0x00, 0x00, 0x00, 0x00, 0x00, 0x00,
  0x00, 0x00, 0x00, 0x00, 0x00, 0x00, 0x00, 0x00, 0x00, 0x00, 0x00, 0x00,
  0x00, 0x00, 0x00, 0x00, 0x00, 0x00, 0x00, 0x00, 0x10, 0x00, 0x00, 0x00,
  0xc9, 0x70, 0x9d, 0x3a, 0xae, 0x61, 0x96, 0x3a, 0x4d, 0x4d, 0xa9, 0x3a,
  0x36, 0x5e, 0x9f, 0x3a, 0x07, 0x27, 0x8f, 0x3a, 0x14, 0x9d, 0xa1, 0x3a,
  0x4e, 0x60, 0x91, 0x3a, 0x6b, 0x90, 0x9e, 0x3a, 0x08, 0x09, 0x9a, 0x3a,
  0x5b, 0xd1, 0x93, 0x3a, 0x4a, 0x22, 0xa5, 0x3a, 0x7b, 0xff, 0x98, 0x3a,
  0x34, 0xd3, 0xa1, 0x3a, 0x61, 0x4d, 0x8b, 0x3a, 0x87, 0xc7, 0x9b, 0x3a,
  0xde, 0x75, 0x9e, 0x3a, 0x29, 0x00, 0x00, 0x00, 0x6d, 0x6f, 0x64, 0x65,
  0x6c, 0x5f, 0x34, 0x37, 0x2f, 0x74, 0x66, 0x2e, 0x6e, 0x6e, 0x2e, 0x63,
  0x6f, 0x6e, 0x76, 0x6f, 0x6c, 0x75, 0x74, 0x69, 0x6f, 0x6e, 0x5f, 0x37,
  0x32, 0x2f, 0x63, 0x6f, 0x6e, 0x76, 0x6f, 0x6c, 0x75, 0x74, 0x69, 0x6f,
  0x6e, 0x00, 0x00, 0x00, 0x04, 0x00, 0x00, 0x00, 0x10, 0x00, 0x00, 0x00,
  0x03, 0x00, 0x00, 0x00, 0x01, 0x00, 0x00, 0x00, 0x10, 0x00, 0x00, 0x00,
  0xfa, 0xe4, 0xff, 0xff, 0x00, 0x00, 0x00, 0x01, 0x14, 0x00, 0x00, 0x00,
  0xe4, 0x00, 0x00, 0x00, 0x23, 0x00, 0x00, 0x00, 0x00, 0x00, 0x00, 0x02,
  0x48, 0x01, 0x00, 0x00, 0xe4, 0xe4, 0xff, 0xff, 0x08, 0x00, 0x00, 0x00,
  0x88, 0x00, 0x00, 0x00, 0x10, 0x00, 0x00, 0x00, 0x00, 0x00, 0x00, 0x00,
  0x00, 0x00, 0x00, 0x00, 0x00, 0x00, 0x00, 0x00, 0x00, 0x00, 0x00, 0x00,
  0x00, 0x00, 0x00, 0x00, 0x00, 0x00, 0x00, 0x00, 0x00, 0x00, 0x00, 0x00,
  0x00, 0x00, 0x00, 0x00, 0x00, 0x00, 0x00, 0x00, 0x00, 0x00, 0x00, 0x00,
  0x00, 0x00, 0x00, 0x00, 0x00, 0x00, 0x00, 0x00, 0x00, 0x00, 0x00, 0x00,
  0x00, 0x00, 0x00, 0x00, 0x00, 0x00, 0x00, 0x00, 0x00, 0x00, 0x00, 0x00,
  0x00, 0x00, 0x00, 0x00, 0x00, 0x00, 0x00, 0x00, 0x00, 0x00, 0x00, 0x00,
  0x00, 0x00, 0x00, 0x00, 0x00, 0x00, 0x00, 0x00, 0x00, 0x00, 0x00, 0x00,
  0x00, 0x00, 0x00, 0x00, 0x00, 0x00, 0x00, 0x00, 0x00, 0x00, 0x00, 0x00,
  0x00, 0x00, 0x00, 0x00, 0x00, 0x00, 0x00, 0x00, 0x00, 0x00, 0x00, 0x00,
  0x00, 0x00, 0x00, 0x00, 0x00, 0x00, 0x00, 0x00, 0x00, 0x00, 0x00, 0x00,
  0x00, 0x00, 0x00, 0x00, 0x10, 0x00, 0x00, 0x00, 0xbd, 0x68, 0x71, 0x37,
  0xd7, 0x95, 0x66, 0x37, 0x5e, 0xcc, 0x81, 0x37, 0x53, 0x5d, 0x74, 0x37,
  0x2b, 0x80, 0x5b, 0x37, 0xca, 0xce, 0x77, 0x37, 0x10, 0xe9, 0x5e, 0x37,
  0xc6, 0x21, 0x73, 0x37, 0x0c, 0x30, 0x6c, 0x37, 0x79, 0xa7, 0x62, 0x37,
  0xa5, 0x34, 0x7d, 0x37, 0xde, 0x98, 0x6a, 0x37, 0xc7, 0x21, 0x78, 0x37,
  0xd7, 0x98, 0x55, 0x37, 0xad, 0xdc, 0x6e, 0x37, 0x10, 0xf9, 0x72, 0x37,
  0x6a, 0x00, 0x00, 0x00, 0x6d, 0x6f, 0x64, 0x65, 0x6c, 0x5f, 0x34, 0x37,
  0x2f, 0x74, 0x66, 0x2e, 0x6e, 0x6e, 0x2e, 0x72, 0x65, 0x6c, 0x75, 0x5f,
  0x37, 0x32, 0x2f, 0x52, 0x65, 0x6c, 0x75, 0x3b, 0x6d, 0x6f, 0x64, 0x65,
  0x6c, 0x5f, 0x34, 0x37, 0x2f, 0x74, 0x66, 0x2e, 0x6d, 0x61, 0x74, 0x68,
  0x2e, 0x61, 0x64, 0x64, 0x5f, 0x37, 0x32, 0x2f, 0x41, 0x64, 0x64, 0x3b,
  0x6d, 0x6f, 0x64, 0x65, 0x6c, 0x5f, 0x34, 0x37, 0x2f, 0x74, 0x66, 0x2e,
  0x6e, 0x6e, 0x2e, 0x63, 0x6f, 0x6e, 0x76, 0x6f, 0x6c, 0x75, 0x74, 0x69,
  0x6f, 0x6e, 0x5f, 0x37, 0x32, 0x2f, 0x63, 0x6f, 0x6e, 0x76, 0x6f, 0x6c,
  0x75, 0x74, 0x69, 0x6f, 0x6e, 0x3b, 0x43, 0x6f, 0x6e, 0x73, 0x74, 0x5f,
  0x33, 0x33, 0x00, 0x00, 0x01, 0x00, 0x00, 0x00, 0x10, 0x00, 0x00, 0x00,
  0x62, 0xe6, 0xff, 0xff, 0x00, 0x00, 0x00, 0x01, 0x14, 0x00, 0x00, 0x00,
  0x34, 0x00, 0x00, 0x00, 0x22, 0x00, 0x00, 0x00, 0x00, 0x00, 0x00, 0x09,
  0x38, 0x00, 0x00, 0x00, 0x4c, 0xe6, 0xff, 0xff, 0x08, 0x00, 0x00, 0x00,
  0x14, 0x00, 0x00, 0x00, 0x01, 0x00, 0x00, 0x00, 0x80, 0xff, 0xff, 0xff,
  0xff, 0xff, 0xff, 0xff, 0x00, 0x00, 0x00, 0x00, 0x01, 0x00, 0x00, 0x00,
  0x05, 0xf3, 0xa7, 0x3c, 0x08, 0x00, 0x00, 0x00, 0x43, 0x6f, 0x6e, 0x73,
  0x74, 0x5f, 0x33, 0x32, 0x00, 0x00, 0x00, 0x00, 0x01, 0x00, 0x00, 0x00,
  0x10, 0x00, 0x00, 0x00, 0xba, 0xe6, 0xff, 0xff, 0x00, 0x00, 0x00, 0x01,
  0x14, 0x00, 0x00, 0x00, 0x34, 0x00, 0x00, 0x00, 0x21, 0x00, 0x00, 0x00,
  0x00, 0x00, 0x00, 0x09, 0x38, 0x00, 0x00, 0x00, 0xa4, 0xe6, 0xff, 0xff,
  0x08, 0x00, 0x00, 0x00, 0x14, 0x00, 0x00, 0x00, 0x01, 0x00, 0x00, 0x00,
  0x7f, 0x00, 0x00, 0x00, 0x00, 0x00, 0x00, 0x00, 0x00, 0x00, 0x00, 0x00,
  0x01, 0x00, 0x00, 0x00, 0xe4, 0xad, 0x84, 0x3b, 0x08, 0x00, 0x00, 0x00,
  0x43, 0x6f, 0x6e, 0x73, 0x74, 0x5f, 0x33, 0x31, 0x00, 0x00, 0x00, 0x00,
  0x01, 0x00, 0x00, 0x00, 0x10, 0x00, 0x00, 0x00, 0x12, 0xe7, 0xff, 0xff,
  0x00, 0x00, 0x00, 0x01, 0x14, 0x00, 0x00, 0x00, 0xe8, 0x00, 0x00, 0x00,
  0x20, 0x00, 0x00, 0x00, 0x00, 0x00, 0x00, 0x09, 0x0c, 0x01, 0x00, 0x00,
  0xfc, 0xe6, 0xff, 0xff, 0x08, 0x00, 0x00, 0x00, 0x8c, 0x00, 0x00, 0x00,
  0x10, 0x00, 0x00, 0x00, 0x00, 0x00, 0x00, 0x00, 0x00, 0x00, 0x00, 0x00,
  0x00, 0x00, 0x00, 0x00, 0x00, 0x00, 0x00, 0x00, 0x00, 0x00, 0x00, 0x00,
  0x00, 0x00, 0x00, 0x00, 0x00, 0x00, 0x00, 0x00, 0x00, 0x00, 0x00, 0x00,
  0x00, 0x00, 0x00, 0x00, 0x00, 0x00, 0x00, 0x00, 0x00, 0x00, 0x00, 0x00,
  0x00, 0x00, 0x00, 0x00, 0x00, 0x00, 0x00, 0x00, 0x00, 0x00, 0x00, 0x00,
  0x00, 0x00, 0x00, 0x00, 0x00, 0x00, 0x00, 0x00, 0x00, 0x00, 0x00, 0x00,
  0x00, 0x00, 0x00, 0x00, 0x00, 0x00, 0x00, 0x00, 0x00, 0x00, 0x00, 0x00,
  0x00, 0x00, 0x00, 0x00, 0x00, 0x00, 0x00, 0x00, 0x00, 0x00, 0x00, 0x00,
  0x00, 0x00, 0x00, 0x00, 0x00, 0x00, 0x00, 0x00, 0x00, 0x00, 0x00, 0x00,
  0x00, 0x00, 0x00, 0x00, 0x00, 0x00, 0x00, 0x00, 0x00, 0x00, 0x00, 0x00,
  0x00, 0x00, 0x00, 0x00, 0x00, 0x00, 0x00, 0x00, 0x00, 0x00, 0x00, 0x00,
  0x00, 0x00, 0x00, 0x00, 0x10, 0x00, 0x00, 0x00, 0xd5, 0x80, 0xaa, 0x3a,
  0xa6, 0x57, 0xa3, 0x3a, 0x11, 0x80, 0x9a, 0x3a, 0x88, 0x88, 0xa1, 0x3a,
  0xeb, 0xd5, 0x96, 0x3a, 0xce, 0xf3, 0xa1, 0x3a, 0xa8, 0x3f, 0x9e, 0x3a,
  0xf2, 0x45, 0xa3, 0x3a, 0xc3, 0xde, 0x9c, 0x3a, 0x9c, 0x90, 0xa1, 0x3a,
  0x10, 0xd8, 0x93, 0x3a, 0x34, 0xf0, 0x9c, 0x3a, 0x07, 0x46, 0x9d, 0x3a,
  0x47, 0xa2, 0x9a, 0x3a, 0x51, 0x00, 0xa3, 0x3a, 0xbc, 0xc7, 0x97, 0x3a,
  0x29, 0x00, 0x00, 0x00, 0x6d, 0x6f, 0x64, 0x65, 0x6c, 0x5f, 0x34, 0x37,
  0x2f, 0x74, 0x66, 0x2e, 0x6e, 0x6e, 0x2e, 0x63, 0x6f, 0x6e, 0x76, 0x6f,
  0x6c, 0x75, 0x74, 0x69, 0x6f, 0x6e, 0x5f, 0x37, 0x33, 0x2f, 0x63, 0x6f,
  0x6e, 0x76, 0x6f, 0x6c, 0x75, 0x74, 0x69, 0x6f, 0x6e, 0x00, 0x00, 0x00,
  0x04, 0x00, 0x00, 0x00, 0x10, 0x00, 0x00, 0x00, 0x03, 0x00, 0x00, 0x00,
  0x01, 0x00, 0x00, 0x00, 0x10, 0x00, 0x00, 0x00, 0x4a, 0xe8, 0xff, 0xff,
  0x00, 0x00, 0x00, 0x01, 0x14, 0x00, 0x00, 0x00, 0xe4, 0x00, 0x00, 0x00,
  0x1f, 0x00, 0x00, 0x00, 0x00, 0x00, 0x00, 0x02, 0x48, 0x01, 0x00, 0x00,
  0x34, 0xe8, 0xff, 0xff, 0x08, 0x00, 0x00, 0x00, 0x88, 0x00, 0x00, 0x00,
  0x10, 0x00, 0x00, 0x00, 0x00, 0x00, 0x00, 0x00, 0x00, 0x00, 0x00, 0x00,
  0x00, 0x00, 0x00, 0x00, 0x00, 0x00, 0x00, 0x00, 0x00, 0x00, 0x00, 0x00,
  0x00, 0x00, 0x00, 0x00, 0x00, 0x00, 0x00, 0x00, 0x00, 0x00, 0x00, 0x00,
  0x00, 0x00, 0x00, 0x00, 0x00, 0x00, 0x00, 0x00, 0x00, 0x00, 0x00, 0x00,
  0x00, 0x00, 0x00, 0x00, 0x00, 0x00, 0x00, 0x00, 0x00, 0x00, 0x00, 0x00,
  0x00, 0x00, 0x00, 0x00, 0x00, 0x00, 0x00, 0x00, 0x00, 0x00, 0x00, 0x00,
  0x00, 0x00, 0x00, 0x00, 0x00, 0x00, 0x00, 0x00, 0x00, 0x00, 0x00, 0x00,
  0x00, 0x00, 0x00, 0x00, 0x00, 0x00, 0x00, 0x00, 0x00, 0x00, 0x00, 0x00,
  0x00, 0x00, 0x00, 0x00, 0x00, 0x00, 0x00, 0x00, 0x00, 0x00, 0x00, 0x00,
  0x00, 0x00, 0x00, 0x00, 0x00, 0x00, 0x00, 0x00, 0x00, 0x00, 0x00, 0x00,
  0x00, 0x00, 0x00, 0x00, 0x00, 0x00, 0x00, 0x00, 0x00, 0x00, 0x00, 0x00,
  0x10, 0x00, 0x00, 0x00, 0xfb, 0x6d, 0xa2, 0x37, 0x9a, 0x9b, 0x9b, 0x37,
  0x34, 0x2f, 0x93, 0x37, 0x6a, 0xe2, 0x99, 0x37, 0x7a, 0xb1, 0x8f, 0x37,
  0x9b, 0x48, 0x9a, 0x37, 0x5b, 0xc1, 0x96, 0x37, 0xbc, 0x8a, 0x9b, 0x37,
  0x2c, 0x71, 0x95, 0x37, 0x1c, 0xea, 0x99, 0x37, 0xe3, 0xd7, 0x8c, 0x37,
  0xc9, 0x81, 0x95, 0x37, 0x8c, 0xd3, 0x95, 0x37, 0xcb, 0x4f, 0x93, 0x37,
  0x67, 0x48, 0x9b, 0x37, 0xd8, 0x97, 0x90, 0x37, 0x6a, 0x00, 0x00, 0x00,
  0x6d, 0x6f, 0x64, 0x65, 0x6c, 0x5f, 0x34, 0x37, 0x2f, 0x74, 0x66, 0x2e,
  0x6e, 0x6e, 0x2e, 0x72, 0x65, 0x6c, 0x75, 0x5f, 0x37, 0x33, 0x2f, 0x52,
  0x65, 0x6c, 0x75, 0x3b, 0x6d, 0x6f, 0x64, 0x65, 0x6c, 0x5f, 0x34, 0x37,
  0x2f, 0x74, 0x66, 0x2e, 0x6d, 0x61, 0x74, 0x68, 0x2e, 0x61, 0x64, 0x64,
  0x5f, 0x37, 0x33, 0x2f, 0x41, 0x64, 0x64, 0x3b, 0x6d, 0x6f, 0x64, 0x65,
  0x6c, 0x5f, 0x34, 0x37, 0x2f, 0x74, 0x66, 0x2e, 0x6e, 0x6e, 0x2e, 0x63,
  0x6f, 0x6e, 0x76, 0x6f, 0x6c, 0x75, 0x74, 0x69, 0x6f, 0x6e, 0x5f, 0x37,
  0x33, 0x2f, 0x63, 0x6f, 0x6e, 0x76, 0x6f, 0x6c, 0x75, 0x74, 0x69, 0x6f,
  0x6e, 0x3b, 0x43, 0x6f, 0x6e, 0x73, 0x74, 0x5f, 0x32, 0x39, 0x00, 0x00,
  0x01, 0x00, 0x00, 0x00, 0x10, 0x00, 0x00, 0x00, 0xb2, 0xe9, 0xff, 0xff,
  0x00, 0x00, 0x00, 0x01, 0x14, 0x00, 0x00, 0x00, 0x34, 0x00, 0x00, 0x00,
  0x1e, 0x00, 0x00, 0x00, 0x00, 0x00, 0x00, 0x09, 0x38, 0x00, 0x00, 0x00,
  0x9c, 0xe9, 0xff, 0xff, 0x08, 0x00, 0x00, 0x00, 0x14, 0x00, 0x00, 0x00,
  0x01, 0x00, 0x00, 0x00, 0x80, 0xff, 0xff, 0xff, 0xff, 0xff, 0xff, 0xff,
  0x00, 0x00, 0x00, 0x00, 0x01, 0x00, 0x00, 0x00, 0xe0, 0x79, 0x76, 0x3c,
  0x08, 0x00, 0x00, 0x00, 0x43, 0x6f, 0x6e, 0x73, 0x74, 0x5f, 0x32, 0x38,
  0x00, 0x00, 0x00, 0x00, 0x01, 0x00, 0x00, 0x00, 0x10, 0x00, 0x00, 0x00,
  0x0a, 0xea, 0xff, 0xff, 0x00, 0x00, 0x00, 0x01, 0x14, 0x00, 0x00, 0x00,
  0x34, 0x00, 0x00, 0x00, 0x1d, 0x00, 0x00, 0x00, 0x00, 0x00, 0x00, 0x09,
  0x38, 0x00, 0x00, 0x00, 0xf4, 0xe9, 0xff, 0xff, 0x08, 0x00, 0x00, 0x00,
  0x14, 0x00, 0x00, 0x00, 0x01, 0x00, 0x00, 0x00, 0x7f, 0x00, 0x00, 0x00,
  0x00, 0x00, 0x00, 0x00, 0x00, 0x00, 0x00, 0x00, 0x01, 0x00, 0x00, 0x00,
  0xfd, 0x6c, 0x80, 0x3b, 0x08, 0x00, 0x00, 0x00, 0x43, 0x6f, 0x6e, 0x73,
  0x74, 0x5f, 0x32, 0x37, 0x00, 0x00, 0x00, 0x00, 0x01, 0x00, 0x00, 0x00,
  0x10, 0x00, 0x00, 0x00, 0x62, 0xea, 0xff, 0xff, 0x00, 0x00, 0x00, 0x01,
  0x14, 0x00, 0x00, 0x00, 0xe8, 0x00, 0x00, 0x00, 0x1c, 0x00, 0x00, 0x00,
  0x00, 0x00, 0x00, 0x09, 0x0c, 0x01, 0x00, 0x00, 0x4c, 0xea, 0xff, 0xff,
  0x08, 0x00, 0x00, 0x00, 0x8c, 0x00, 0x00, 0x00, 0x10, 0x00, 0x00, 0x00,
  0x00, 0x00, 0x00, 0x00, 0x00, 0x00, 0x00, 0x00, 0x00, 0x00, 0x00, 0x00,
  0x00, 0x00, 0x00, 0x00, 0x00, 0x00, 0x00, 0x00, 0x00, 0x00, 0x00, 0x00,
  0x00, 0x00, 0x00, 0x00, 0x00, 0x00, 0x00, 0x00, 0x00, 0x00, 0x00, 0x00,
  0x00, 0x00, 0x00, 0x00, 0x00, 0x00, 0x00, 0x00, 0x00, 0x00, 0x00, 0x00,
  0x00, 0x00, 0x00, 0x00, 0x00, 0x00, 0x00, 0x00, 0x00, 0x00, 0x00, 0x00,
  0x00, 0x00, 0x00, 0x00, 0x00, 0x00, 0x00, 0x00, 0x00, 0x00, 0x00, 0x00,
  0x00, 0x00, 0x00, 0x00, 0x00, 0x00, 0x00, 0x00, 0x00, 0x00, 0x00, 0x00,
  0x00, 0x00, 0x00, 0x00, 0x00, 0x00, 0x00, 0x00, 0x00, 0x00, 0x00, 0x00,
  0x00, 0x00, 0x00, 0x00, 0x00, 0x00, 0x00, 0x00, 0x00, 0x00, 0x00, 0x00,
  0x00, 0x00, 0x00, 0x00, 0x00, 0x00, 0x00, 0x00, 0x00, 0x00, 0x00, 0x00,
  0x00, 0x00, 0x00, 0x00, 0x00, 0x00, 0x00, 0x00, 0x00, 0x00, 0x00, 0x00,
  0x10, 0x00, 0x00, 0x00, 0x72, 0x36, 0x97, 0x3a, 0x81, 0x84, 0x90, 0x3a,
  0xd9, 0x4d, 0xa6, 0x3a, 0x21, 0x9f, 0xab, 0x3a, 0xec, 0xf9, 0x9b, 0x3a,
  0x27, 0x61, 0xa0, 0x3a, 0x9e, 0x7b, 0x86, 0x3a, 0xc3, 0x61, 0xaf, 0x3a,
  0x64, 0x81, 0x9f, 0x3a, 0x9d, 0xa7, 0x96, 0x3a, 0xac, 0xbf, 0x89, 0x3a,
  0xbb, 0x67, 0xa1, 0x3a, 0x5c, 0xaf, 0xa3, 0x3a, 0xac, 0x9c, 0xac, 0x3a,
  0xa5, 0xef, 0x9a, 0x3a, 0xd1, 0x3a, 0xa4, 0x3a, 0x29, 0x00, 0x00, 0x00,
  0x6d, 0x6f, 0x64, 0x65, 0x6c, 0x5f, 0x34, 0x37, 0x2f, 0x74, 0x66, 0x2e,
  0x6e, 0x6e, 0x2e, 0x63, 0x6f, 0x6e, 0x76, 0x6f, 0x6c, 0x75, 0x74, 0x69,
  0x6f, 0x6e, 0x5f, 0x37, 0x34, 0x2f, 0x63, 0x6f, 0x6e, 0x76, 0x6f, 0x6c,
  0x75, 0x74, 0x69, 0x6f, 0x6e, 0x00, 0x00, 0x00, 0x04, 0x00, 0x00, 0x00,
  0x10, 0x00, 0x00, 0x00, 0x03, 0x00, 0x00, 0x00, 0x01, 0x00, 0x00, 0x00,
  0x10, 0x00, 0x00, 0x00, 0x9a, 0xeb, 0xff, 0xff, 0x00, 0x00, 0x00, 0x01,
  0x14, 0x00, 0x00, 0x00, 0xe4, 0x00, 0x00, 0x00, 0x1b, 0x00, 0x00, 0x00,
  0x00, 0x00, 0x00, 0x02, 0x48, 0x01, 0x00, 0x00, 0x84, 0xeb, 0xff, 0xff,
  0x08, 0x00, 0x00, 0x00, 0x88, 0x00, 0x00, 0x00, 0x10, 0x00, 0x00, 0x00,
  0x00, 0x00, 0x00, 0x00, 0x00, 0x00, 0x00, 0x00, 0x00, 0x00, 0x00, 0x00,
  0x00, 0x00, 0x00, 0x00, 0x00, 0x00, 0x00, 0x00, 0x00, 0x00, 0x00, 0x00,
  0x00, 0x00, 0x00, 0x00, 0x00, 0x00, 0x00, 0x00, 0x00, 0x00, 0x00, 0x00,
  0x00, 0x00, 0x00, 0x00, 0x00, 0x00, 0x00, 0x00, 0x00, 0x00, 0x00, 0x00,
  0x00, 0x00, 0x00, 0x00, 0x00, 0x00, 0x00, 0x00, 0x00, 0x00, 0x00, 0x00,
  0x00, 0x00, 0x00, 0x00, 0x00, 0x00, 0x00, 0x00, 0x00, 0x00, 0x00, 0x00,
  0x00, 0x00, 0x00, 0x00, 0x00, 0x00, 0x00, 0x00, 0x00, 0x00, 0x00, 0x00,
  0x00, 0x00, 0x00, 0x00, 0x00, 0x00, 0x00, 0x00, 0x00, 0x00, 0x00, 0x00,
  0x00, 0x00, 0x00, 0x00, 0x00, 0x00, 0x00, 0x00, 0x00, 0x00, 0x00, 0x00,
  0x00, 0x00, 0x00, 0x00, 0x00, 0x00, 0x00, 0x00, 0x00, 0x00, 0x00, 0x00,
  0x00, 0x00, 0x00, 0x00, 0x00, 0x00, 0x00, 0x00, 0x10, 0x00, 0x00, 0x00,
  0x8b, 0xe1, 0xaa, 0x37, 0xab, 0x50, 0xa3, 0x37, 0x76, 0xef, 0xbb, 0x37,
  0xce, 0xf1, 0xc1, 0x37, 0xa4, 0x43, 0xb0, 0x37, 0x7d, 0x3d, 0xb5, 0x37,
  0xa5, 0xf9, 0x97, 0x37, 0xa6, 0x31, 0xc6, 0x37, 0x9f, 0x40, 0xb4, 0x37,
  0x22, 0x40, 0xaa, 0x37, 0x72, 0xaa, 0x9b, 0x37, 0x39, 0x66, 0xb6, 0x37,
  0xc3, 0xf9, 0xb8, 0x37, 0x54, 0x10, 0xc3, 0x37, 0xba, 0x16, 0xaf, 0x37,
  0x5c, 0x97, 0xb9, 0x37, 0x6a, 0x00, 0x00, 0x00, 0x6d, 0x6f, 0x64, 0x65,
  0x6c, 0x5f, 0x34, 0x37, 0x2f, 0x74, 0x66, 0x2e, 0x6e, 0x6e, 0x2e, 0x72,
  0x65, 0x6c, 0x75, 0x5f, 0x37, 0x34, 0x2f, 0x52, 0x65, 0x6c, 0x75, 0x3b,
  0x6d, 0x6f, 0x64, 0x65, 0x6c, 0x5f, 0x34, 0x37, 0x2f, 0x74, 0x66, 0x2e,
  0x6d, 0x61, 0x74, 0x68, 0x2e, 0x61, 0x64, 0x64, 0x5f, 0x37, 0x34, 0x2f,
  0x41, 0x64, 0x64, 0x3b, 0x6d, 0x6f, 0x64, 0x65, 0x6c, 0x5f, 0x34, 0x37,
  0x2f, 0x74, 0x66, 0x2e, 0x6e, 0x6e, 0x2e, 0x63, 0x6f, 0x6e, 0x76, 0x6f,
  0x6c, 0x75, 0x74, 0x69, 0x6f, 0x6e, 0x5f, 0x37, 0x34, 0x2f, 0x63, 0x6f,
  0x6e, 0x76, 0x6f, 0x6c, 0x75, 0x74, 0x69, 0x6f, 0x6e, 0x3b, 0x43, 0x6f,
  0x6e, 0x73, 0x74, 0x5f, 0x32, 0x35, 0x00, 0x00, 0x01, 0x00, 0x00, 0x00,
  0x10, 0x00, 0x00, 0x00, 0x02, 0xed, 0xff, 0xff, 0x00, 0x00, 0x00, 0x01,
  0x14, 0x00, 0x00, 0x00, 0x34, 0x00, 0x00, 0x00, 0x1a, 0x00, 0x00, 0x00,
  0x00, 0x00, 0x00, 0x09, 0x38, 0x00, 0x00, 0x00, 0xec, 0xec, 0xff, 0xff,
  0x08, 0x00, 0x00, 0x00, 0x14, 0x00, 0x00, 0x00, 0x01, 0x00, 0x00, 0x00,
  0x80, 0xff, 0xff, 0xff, 0xff, 0xff, 0xff, 0xff, 0x00, 0x00, 0x00, 0x00,
  0x01, 0x00, 0x00, 0x00, 0xa6, 0xdd, 0x57, 0x3c, 0x08, 0x00, 0x00, 0x00,
  0x43, 0x6f, 0x6e, 0x73, 0x74, 0x5f, 0x32, 0x34, 0x00, 0x00, 0x00, 0x00,
  0x01, 0x00, 0x00, 0x00, 0x10, 0x00, 0x00, 0x00, 0x5a, 0xed, 0xff, 0xff,
  0x00, 0x00, 0x00, 0x01, 0x14, 0x00, 0x00, 0x00, 0x34, 0x00, 0x00, 0x00,
  0x19, 0x00, 0x00, 0x00, 0x00, 0x00, 0x00, 0x09, 0x38, 0x00, 0x00, 0x00,
  0x44, 0xed, 0xff, 0xff, 0x08, 0x00, 0x00, 0x00, 0x14, 0x00, 0x00, 0x00,
  0x01, 0x00, 0x00, 0x00, 0x7f, 0x00, 0x00, 0x00, 0x00, 0x00, 0x00, 0x00,
  0x00, 0x00, 0x00, 0x00, 0x01, 0x00, 0x00, 0x00, 0x6f, 0xd9, 0x5b, 0x3b,
  0x08, 0x00, 0x00, 0x00, 0x43, 0x6f, 0x6e, 0x73, 0x74, 0x5f, 0x32, 0x33,
  0x00, 0x00, 0x00, 0x00, 0x01, 0x00, 0x00, 0x00, 0x10, 0x00, 0x00, 0x00,
  0xb2, 0xed, 0xff, 0xff, 0x00, 0x00, 0x00, 0x01, 0x14, 0x00, 0x00, 0x00,
  0xe8, 0x00, 0x00, 0x00, 0x18, 0x00, 0x00, 0x00, 0x00, 0x00, 0x00, 0x09,
  0x0c, 0x01, 0x00, 0x00, 0x9c, 0xed, 0xff, 0xff, 0x08, 0x00, 0x00, 0x00,
  0x8c, 0x00, 0x00, 0x00, 0x10, 0x00, 0x00, 0x00, 0x00, 0x00, 0x00, 0x00,
  0x00, 0x00, 0x00, 0x00, 0x00, 0x00, 0x00, 0x00, 0x00, 0x00, 0x00, 0x00,
  0x00, 0x00, 0x00, 0x00, 0x00, 0x00, 0x00, 0x00, 0x00, 0x00, 0x00, 0x00,
  0x00, 0x00, 0x00, 0x00, 0x00, 0x00, 0x00, 0x00, 0x00, 0x00, 0x00, 0x00,
  0x00, 0x00, 0x00, 0x00, 0x00, 0x00, 0x00, 0x00, 0x00, 0x00, 0x00, 0x00,
  0x00, 0x00, 0x00, 0x00, 0x00, 0x00, 0x00, 0x00, 0x00, 0x00, 0x00, 0x00,
  0x00, 0x00, 0x00, 0x00, 0x00, 0x00, 0x00, 0x00, 0x00, 0x00, 0x00, 0x00,
  0x00, 0x00, 0x00, 0x00, 0x00, 0x00, 0x00, 0x00, 0x00, 0x00, 0x00, 0x00,
  0x00, 0x00, 0x00, 0x00, 0x00, 0x00, 0x00, 0x00, 0x00, 0x00, 0x00, 0x00,
  0x00, 0x00, 0x00, 0x00, 0x00, 0x00, 0x00, 0x00, 0x00, 0x00, 0x00, 0x00,
  0x00, 0x00, 0x00, 0x00, 0x00, 0x00, 0x00, 0x00, 0x00, 0x00, 0x00, 0x00,
  0x00, 0x00, 0x00, 0x00, 0x00, 0x00, 0x00, 0x00, 0x10, 0x00, 0x00, 0x00,
  0xda, 0x78, 0xaa, 0x3a, 0x68, 0x2d, 0x9a, 0x3a, 0x17, 0xdf, 0x9c, 0x3a,
  0x1f, 0x0b, 0x91, 0x3a, 0xed, 0x47, 0xae, 0x3a, 0xb9, 0xb8, 0xb4, 0x3a,
  0x3f, 0x98, 0xa2, 0x3a, 0x91, 0x47, 0x91, 0x3a, 0xb0, 0x5e, 0xb4, 0x3a,
  0xc7, 0xd8, 0x96, 0x3a, 0x0b, 0x42, 0xac, 0x3a, 0x85, 0x78, 0xc7, 0x3a,
  0x13, 0xe9, 0xa2, 0x3a, 0x90, 0x19, 0xab, 0x3a, 0x00, 0xb1, 0xa2, 0x3a,
  0x32, 0x78, 0xa4, 0x3a, 0x29, 0x00, 0x00, 0x00, 0x6d, 0x6f, 0x64, 0x65,
  0x6c, 0x5f, 0x34, 0x37, 0x2f, 0x74, 0x66, 0x2e, 0x6e, 0x6e, 0x2e, 0x63,
  0x6f, 0x6e, 0x76, 0x6f, 0x6c, 0x75, 0x74, 0x69, 0x6f, 0x6e, 0x5f, 0x37,
  0x35, 0x2f, 0x63, 0x6f, 0x6e, 0x76, 0x6f, 0x6c, 0x75, 0x74, 0x69, 0x6f,
  0x6e, 0x00, 0x00, 0x00, 0x04, 0x00, 0x00, 0x00, 0x10, 0x00, 0x00, 0x00,
  0x03, 0x00, 0x00, 0x00, 0x01, 0x00, 0x00, 0x00, 0x10, 0x00, 0x00, 0x00,
  0xea, 0xee, 0xff, 0xff, 0x00, 0x00, 0x00, 0x01, 0x14, 0x00, 0x00, 0x00,
  0xe4, 0x00, 0x00, 0x00, 0x17, 0x00, 0x00, 0x00, 0x00, 0x00, 0x00, 0x02,
  0x48, 0x01, 0x00, 0x00, 0xd4, 0xee, 0xff, 0xff, 0x08, 0x00, 0x00, 0x00,
  0x88, 0x00, 0x00, 0x00, 0x10, 0x00, 0x00, 0x00, 0x00, 0x00, 0x00, 0x00,
  0x00, 0x00, 0x00, 0x00, 0x00, 0x00, 0x00, 0x00, 0x00, 0x00, 0x00, 0x00,
  0x00, 0x00, 0x00, 0x00, 0x00, 0x00, 0x00, 0x00, 0x00, 0x00, 0x00, 0x00,
  0x00, 0x00, 0x00, 0x00, 0x00, 0x00, 0x00, 0x00, 0x00, 0x00, 0x00, 0x00,
  0x00, 0x00, 0x00, 0x00, 0x00, 0x00, 0x00, 0x00, 0x00, 0x00, 0x00, 0x00,
  0x00, 0x00, 0x00, 0x00, 0x00, 0x00, 0x00, 0x00, 0x00, 0x00, 0x00, 0x00,
  0x00, 0x00, 0x00, 0x00, 0x00, 0x00, 0x00, 0x00, 0x00, 0x00, 0x00, 0x00,
  0x00, 0x00, 0x00, 0x00, 0x00, 0x00, 0x00, 0x00, 0x00, 0x00, 0x00, 0x00,
  0x00, 0x00, 0x00, 0x00, 0x00, 0x00, 0x00, 0x00, 0x00, 0x00, 0x00, 0x00,
  0x00, 0x00, 0x00, 0x00, 0x00, 0x00, 0x00, 0x00, 0x00, 0x00, 0x00, 0x00,
  0x00, 0x00, 0x00, 0x00, 0x00, 0x00, 0x00, 0x00, 0x00, 0x00, 0x00, 0x00,
  0x00, 0x00, 0x00, 0x00, 0x10, 0x00, 0x00, 0x00, 0x30, 0xaa, 0xd6, 0x37,
  0x59, 0x25, 0xc2, 0x37, 0xd3, 0x89, 0xc5, 0x37, 0xe4, 0xa4, 0xb6, 0x37,
  0x0a, 0x76, 0xdb, 0x37, 0x44, 0x92, 0xe3, 0x37, 0xce, 0xbe, 0xcc, 0x37,
  0x02, 0xf1, 0xb6, 0x37, 0xe3, 0x20, 0xe3, 0x37, 0xb0, 0xf3, 0xbd, 0x37,
  0xe6, 0xe9, 0xd8, 0x37, 0x59, 0x2e, 0xfb, 0x37, 0x96, 0x24, 0xcd, 0x37,
  0x90, 0x74, 0xd7, 0x37, 0xf9, 0xdd, 0xcc, 0x37, 0x2c, 0x1b, 0xcf, 0x37,
  0x6a, 0x00, 0x00, 0x00, 0x6d, 0x6f, 0x64, 0x65, 0x6c, 0x5f, 0x34, 0x37,
  0x2f, 0x74, 0x66, 0x2e, 0x6e, 0x6e, 0x2e, 0x72, 0x65, 0x6c, 0x75, 0x5f,
  0x37, 0x35, 0x2f, 0x52, 0x65, 0x6c, 0x75, 0x3b, 0x6d, 0x6f, 0x64, 0x65,
  0x6c, 0x5f, 0x34, 0x37, 0x2f, 0x74, 0x66, 0x2e, 0x6d, 0x61, 0x74, 0x68,
  0x2e, 0x61, 0x64, 0x64, 0x5f, 0x37, 0x35, 0x2f, 0x41, 0x64, 0x64, 0x3b,
  0x6d, 0x6f, 0x64, 0x65, 0x6c, 0x5f, 0x34, 0x37, 0x2f, 0x74, 0x66, 0x2e,
  0x6e, 0x6e, 0x2e, 0x63, 0x6f, 0x6e, 0x76, 0x6f, 0x6c, 0x75, 0x74, 0x69,
  0x6f, 0x6e, 0x5f, 0x37, 0x35, 0x2f, 0x63, 0x6f, 0x6e, 0x76, 0x6f, 0x6c,
  0x75, 0x74, 0x69, 0x6f, 0x6e, 0x3b, 0x43, 0x6f, 0x6e, 0x73, 0x74, 0x5f,
  0x32, 0x31, 0x00, 0x00, 0x01, 0x00, 0x00, 0x00, 0x10, 0x00, 0x00, 0x00,
  0x52, 0xf0, 0xff, 0xff, 0x00, 0x00, 0x00, 0x01, 0x14, 0x00, 0x00, 0x00,
  0x34, 0x00, 0x00, 0x00, 0x16, 0x00, 0x00, 0x00, 0x00, 0x00, 0x00, 0x09,
  0x38, 0x00, 0x00, 0x00, 0x3c, 0xf0, 0xff, 0xff, 0x08, 0x00, 0x00, 0x00,
  0x14, 0x00, 0x00, 0x00, 0x01, 0x00, 0x00, 0x00, 0x80, 0xff, 0xff, 0xff,
  0xff, 0xff, 0xff, 0xff, 0x00, 0x00, 0x00, 0x00, 0x01, 0x00, 0x00, 0x00,
  0x48, 0x04, 0x5b, 0x3c, 0x08, 0x00, 0x00, 0x00, 0x43, 0x6f, 0x6e, 0x73,
  0x74, 0x5f, 0x32, 0x30, 0x00, 0x00, 0x00, 0x00, 0x01, 0x00, 0x00, 0x00,
  0x10, 0x00, 0x00, 0x00, 0xaa, 0xf0, 0xff, 0xff, 0x00, 0x00, 0x00, 0x01,
  0x14, 0x00, 0x00, 0x00, 0x34, 0x00, 0x00, 0x00, 0x15, 0x00, 0x00, 0x00,
  0x00, 0x00, 0x00, 0x09, 0x38, 0x00, 0x00, 0x00, 0x94, 0xf0, 0xff, 0xff,
  0x08, 0x00, 0x00, 0x00, 0x14, 0x00, 0x00, 0x00, 0x01, 0x00, 0x00, 0x00,
  0x7f, 0x00, 0x00, 0x00, 0x00, 0x00, 0x00, 0x00, 0x00, 0x00, 0x00, 0x00,
  0x01, 0x00, 0x00, 0x00, 0x4d, 0x76, 0x86, 0x3b, 0x08, 0x00, 0x00, 0x00,
  0x43, 0x6f, 0x6e, 0x73, 0x74, 0x5f, 0x31, 0x39, 0x00, 0x00, 0x00, 0x00,
  0x01, 0x00, 0x00, 0x00, 0x10, 0x00, 0x00, 0x00, 0x02, 0xf1, 0xff, 0xff,
  0x00, 0x00, 0x00, 0x01, 0x14, 0x00, 0x00, 0x00, 0xe8, 0x00, 0x00, 0x00,
  0x14, 0x00, 0x00, 0x00, 0x00, 0x00, 0x00, 0x09, 0x0c, 0x01, 0x00, 0x00,
  0xec, 0xf0, 0xff, 0xff, 0x08, 0x00, 0x00, 0x00, 0x8c, 0x00, 0x00, 0x00,
  0x10, 0x00, 0x00, 0x00, 0x00, 0x00, 0x00, 0x00, 0x00, 0x00, 0x00, 0x00,
  0x00, 0x00, 0x00, 0x00, 0x00, 0x00, 0x00, 0x00, 0x00, 0x00, 0x00, 0x00,
  0x00, 0x00, 0x00, 0x00, 0x00, 0x00, 0x00, 0x00, 0x00, 0x00, 0x00, 0x00,
  0x00, 0x00, 0x00, 0x00, 0x00, 0x00, 0x00, 0x00, 0x00, 0x00, 0x00, 0x00,
  0x00, 0x00, 0x00, 0x00, 0x00, 0x00, 0x00, 0x00, 0x00, 0x00, 0x00, 0x00,
  0x00, 0x00, 0x00, 0x00, 0x00, 0x00, 0x00, 0x00, 0x00, 0x00, 0x00, 0x00,
  0x00, 0x00, 0x00, 0x00, 0x00, 0x00, 0x00, 0x00, 0x00, 0x00, 0x00, 0x00,
  0x00, 0x00, 0x00, 0x00, 0x00, 0x00, 0x00, 0x00, 0x00, 0x00, 0x00, 0x00,
  0x00, 0x00, 0x00, 0x00, 0x00, 0x00, 0x00, 0x00, 0x00, 0x00, 0x00, 0x00,
  0x00, 0x00, 0x00, 0x00, 0x00, 0x00, 0x00, 0x00, 0x00, 0x00, 0x00, 0x00,
  0x00, 0x00, 0x00, 0x00, 0x00, 0x00, 0x00, 0x00, 0x00, 0x00, 0x00, 0x00,
  0x00, 0x00, 0x00, 0x00, 0x10, 0x00, 0x00, 0x00, 0xff, 0x02, 0xb1, 0x3a,
  0x89, 0x8b, 0x9f, 0x3a, 0x23, 0x8f, 0xa5, 0x3a, 0x7e, 0xac, 0xb1, 0x3a,
  0x66, 0xd8, 0xac, 0x3a, 0xb9, 0x43, 0xb0, 0x3a, 0xb9, 0x86, 0xa4, 0x3a,
  0x93, 0xcf, 0x9a, 0x3a, 0x84, 0xc7, 0x94, 0x3a, 0x29, 0xaa, 0xb9, 0x3a,
  0xbf, 0x15, 0xa9, 0x3a, 0x85, 0xbc, 0xb5, 0x3a, 0x51, 0x62, 0xc1, 0x3a,
  0x8f, 0x68, 0xad, 0x3a, 0x24, 0x01, 0xa4, 0x3a, 0xc6, 0x7b, 0x96, 0x3a,
  0x29, 0x00, 0x00, 0x00, 0x6d, 0x6f, 0x64, 0x65, 0x6c, 0x5f, 0x34, 0x37,
  0x2f, 0x74, 0x66, 0x2e, 0x6e, 0x6e, 0x2e, 0x63, 0x6f, 0x6e, 0x76, 0x6f,
  0x6c, 0x75, 0x74, 0x69, 0x6f, 0x6e, 0x5f, 0x37, 0x36, 0x2f, 0x63, 0x6f,
  0x6e, 0x76, 0x6f, 0x6c, 0x75, 0x74, 0x69, 0x6f, 0x6e, 0x00, 0x00, 0x00,
  0x04, 0x00, 0x00, 0x00, 0x10, 0x00, 0x00, 0x00, 0x03, 0x00, 0x00, 0x00,
  0x01, 0x00, 0x00, 0x00, 0x10, 0x00, 0x00, 0x00, 0x3a, 0xf2, 0xff, 0xff,
  0x00, 0x00, 0x00, 0x01, 0x14, 0x00, 0x00, 0x00, 0xe4, 0x00, 0x00, 0x00,
  0x13, 0x00, 0x00, 0x00, 0x00, 0x00, 0x00, 0x02, 0x48, 0x01, 0x00, 0x00,
  0x24, 0xf2, 0xff, 0xff, 0x08, 0x00, 0x00, 0x00, 0x88, 0x00, 0x00, 0x00,
  0x10, 0x00, 0x00, 0x00, 0x00, 0x00, 0x00, 0x00, 0x00, 0x00, 0x00, 0x00,
  0x00, 0x00, 0x00, 0x00, 0x00, 0x00, 0x00, 0x00, 0x00, 0x00, 0x00, 0x00,
  0x00, 0x00, 0x00, 0x00, 0x00, 0x00, 0x00, 0x00, 0x00, 0x00, 0x00, 0x00,
  0x00, 0x00, 0x00, 0x00, 0x00, 0x00, 0x00, 0x00, 0x00, 0x00, 0x00, 0x00,
  0x00, 0x00, 0x00, 0x00, 0x00, 0x00, 0x00, 0x00, 0x00, 0x00, 0x00, 0x00,
  0x00, 0x00, 0x00, 0x00, 0x00, 0x00, 0x00, 0x00, 0x00, 0x00, 0x00, 0x00,
  0x00, 0x00, 0x00, 0x00, 0x00, 0x00, 0x00, 0x00, 0x00, 0x00, 0x00, 0x00,
  0x00, 0x00, 0x00, 0x00, 0x00, 0x00, 0x00, 0x00, 0x00, 0x00, 0x00, 0x00,
  0x00, 0x00, 0x00, 0x00, 0x00, 0x00, 0x00, 0x00, 0x00, 0x00, 0x00, 0x00,
  0x00, 0x00, 0x00, 0x00, 0x00, 0x00, 0x00, 0x00, 0x00, 0x00, 0x00, 0x00,
  0x00, 0x00, 0x00, 0x00, 0x00, 0x00, 0x00, 0x00, 0x00, 0x00, 0x00, 0x00,
  0x10, 0x00, 0x00, 0x00, 0x52, 0x71, 0xde, 0x37, 0x3d, 0x7e, 0xc8, 0x37,
  0xfc, 0x0c, 0xd0, 0x37, 0x52, 0x46, 0xdf, 0x37, 0xfa, 0x34, 0xd9, 0x37,
  0xf5, 0x80, 0xdd, 0x37, 0xb5, 0xc0, 0xce, 0x37, 0x38, 0x8b, 0xc2, 0x37,
  0xdf, 0xf6, 0xba, 0x37, 0x05, 0x51, 0xe9, 0x37, 0x41, 0x7b, 0xd4, 0x37,
  0x46, 0x61, 0xe4, 0x37, 0x5d, 0x04, 0xf3, 0x37, 0x23, 0xea, 0xd9, 0x37,
  0xd7, 0x18, 0xce, 0x37, 0x19, 0x1b, 0xbd, 0x37, 0x6a, 0x00, 0x00, 0x00,
  0x6d, 0x6f, 0x64, 0x65, 0x6c, 0x5f, 0x34, 0x37, 0x2f, 0x74, 0x66, 0x2e,
  0x6e, 0x6e, 0x2e, 0x72, 0x65, 0x6c, 0x75, 0x5f, 0x37, 0x36, 0x2f, 0x52,
  0x65, 0x6c, 0x75, 0x3b, 0x6d, 0x6f, 0x64, 0x65, 0x6c, 0x5f, 0x34, 0x37,
  0x2f, 0x74, 0x66, 0x2e, 0x6d, 0x61, 0x74, 0x68, 0x2e, 0x61, 0x64, 0x64,
  0x5f, 0x37, 0x36, 0x2f, 0x41, 0x64, 0x64, 0x3b, 0x6d, 0x6f, 0x64, 0x65,
  0x6c, 0x5f, 0x34, 0x37, 0x2f, 0x74, 0x66, 0x2e, 0x6e, 0x6e, 0x2e, 0x63,
  0x6f, 0x6e, 0x76, 0x6f, 0x6c, 0x75, 0x74, 0x69, 0x6f, 0x6e, 0x5f, 0x37,
  0x36, 0x2f, 0x63, 0x6f, 0x6e, 0x76, 0x6f, 0x6c, 0x75, 0x74, 0x69, 0x6f,
  0x6e, 0x3b, 0x43, 0x6f, 0x6e, 0x73, 0x74, 0x5f, 0x31, 0x37, 0x00, 0x00,
  0x01, 0x00, 0x00, 0x00, 0x10, 0x00, 0x00, 0x00, 0xa2, 0xf3, 0xff, 0xff,
  0x00, 0x00, 0x00, 0x01, 0x14, 0x00, 0x00, 0x00, 0x34, 0x00, 0x00, 0x00,
  0x12, 0x00, 0x00, 0x00, 0x00, 0x00, 0x00, 0x09, 0x38, 0x00, 0x00, 0x00,
  0x8c, 0xf3, 0xff, 0xff, 0x08, 0x00, 0x00, 0x00, 0x14, 0x00, 0x00, 0x00,
  0x01, 0x00, 0x00, 0x00, 0x80, 0xff, 0xff, 0xff, 0xff, 0xff, 0xff, 0xff,
  0x00, 0x00, 0x00, 0x00, 0x01, 0x00, 0x00, 0x00, 0x36, 0x75, 0x46, 0x3c,
  0x08, 0x00, 0x00, 0x00, 0x43, 0x6f, 0x6e, 0x73, 0x74, 0x5f, 0x31, 0x36,
  0x00, 0x00, 0x00, 0x00, 0x01, 0x00, 0x00, 0x00, 0x10, 0x00, 0x00, 0x00,
  0xfa, 0xf3, 0xff, 0xff, 0x00, 0x00, 0x00, 0x01, 0x14, 0x00, 0x00, 0x00,
  0x34, 0x00, 0x00, 0x00, 0x11, 0x00, 0x00, 0x00, 0x00, 0x00, 0x00, 0x09,
  0x38, 0x00, 0x00, 0x00, 0xe4, 0xf3, 0xff, 0xff, 0x08, 0x00, 0x00, 0x00,
  0x14, 0x00, 0x00, 0x00, 0x01, 0x00, 0x00, 0x00, 0x7f, 0x00, 0x00, 0x00,
  0x00, 0x00, 0x00, 0x00, 0x00, 0x00, 0x00, 0x00, 0x01, 0x00, 0x00, 0x00,
  0xab, 0xa8, 0x77, 0x3b, 0x08, 0x00, 0x00, 0x00, 0x43, 0x6f, 0x6e, 0x73,
  0x74, 0x5f, 0x31, 0x35, 0x00, 0x00, 0x00, 0x00, 0x01, 0x00, 0x00, 0x00,
  0x10, 0x00, 0x00, 0x00, 0x52, 0xf4, 0xff, 0xff, 0x00, 0x00, 0x00, 0x01,
  0x14, 0x00, 0x00, 0x00, 0xe8, 0x00, 0x00, 0x00, 0x10, 0x00, 0x00, 0x00,
  0x00, 0x00, 0x00, 0x09, 0x0c, 0x01, 0x00, 0x00, 0x3c, 0xf4, 0xff, 0xff,
  0x08, 0x00, 0x00, 0x00, 0x8c, 0x00, 0x00, 0x00, 0x10, 0x00, 0x00, 0x00,
  0x00, 0x00, 0x00, 0x00, 0x00, 0x00, 0x00, 0x00, 0x00, 0x00, 0x00, 0x00,
  0x00, 0x00, 0x00, 0x00, 0x00, 0x00, 0x00, 0x00, 0x00, 0x00, 0x00, 0x00,
  0x00, 0x00, 0x00, 0x00, 0x00, 0x00, 0x00, 0x00, 0x00, 0x00, 0x00, 0x00,
  0x00, 0x00, 0x00, 0x00, 0x00, 0x00, 0x00, 0x00, 0x00, 0x00, 0x00, 0x00,
  0x00, 0x00, 0x00, 0x00, 0x00, 0x00, 0x00, 0x00, 0x00, 0x00, 0x00, 0x00,
  0x00, 0x00, 0x00, 0x00, 0x00, 0x00, 0x00, 0x00, 0x00, 0x00, 0x00, 0x00,
  0x00, 0x00, 0x00, 0x00, 0x00, 0x00, 0x00, 0x00, 0x00, 0x00, 0x00, 0x00,
  0x00, 0x00, 0x00, 0x00, 0x00, 0x00, 0x00, 0x00, 0x00, 0x00, 0x00, 0x00,
  0x00, 0x00, 0x00, 0x00, 0x00, 0x00, 0x00, 0x00, 0x00, 0x00, 0x00, 0x00,
  0x00, 0x00, 0x00, 0x00, 0x00, 0x00, 0x00, 0x00, 0x00, 0x00, 0x00, 0x00,
  0x00, 0x00, 0x00, 0x00, 0x00, 0x00, 0x00, 0x00, 0x00, 0x00, 0x00, 0x00,
  0x10, 0x00, 0x00, 0x00, 0x69, 0xdf, 0x9b, 0x3a, 0xda, 0xa9, 0xb8, 0x3a,
  0x54, 0x2c, 0xa3, 0x3a, 0x37, 0x46, 0xa7, 0x3a, 0x76, 0x7d, 0xa2, 0x3a,
  0x86, 0x89, 0xcd, 0x3a, 0xe6, 0xf5, 0xa4, 0x3a, 0xf8, 0x8e, 0xb0, 0x3a,
  0x92, 0xab, 0xcb, 0x3a, 0xa1, 0x1f, 0xb0, 0x3a, 0x9c, 0x3d, 0xa4, 0x3a,
  0xf0, 0x52, 0xad, 0x3a, 0x75, 0x7e, 0xb1, 0x3a, 0x92, 0xa3, 0x9e, 0x3a,
  0x56, 0xa4, 0x94, 0x3a, 0x49, 0x48, 0xa9, 0x3a, 0x29, 0x00, 0x00, 0x00,
  0x6d, 0x6f, 0x64, 0x65, 0x6c, 0x5f, 0x34, 0x37, 0x2f, 0x74, 0x66, 0x2e,
  0x6e, 0x6e, 0x2e, 0x63, 0x6f, 0x6e, 0x76, 0x6f, 0x6c, 0x75, 0x74, 0x69,
  0x6f, 0x6e, 0x5f, 0x37, 0x37, 0x2f, 0x63, 0x6f, 0x6e, 0x76, 0x6f, 0x6c,
  0x75, 0x74, 0x69, 0x6f, 0x6e, 0x00, 0x00, 0x00, 0x04, 0x00, 0x00, 0x00,
  0x10, 0x00, 0x00, 0x00, 0x03, 0x00, 0x00, 0x00, 0x01, 0x00, 0x00, 0x00,
  0x10, 0x00, 0x00, 0x00, 0x8a, 0xf5, 0xff, 0xff, 0x00, 0x00, 0x00, 0x01,
  0x14, 0x00, 0x00, 0x00, 0xe4, 0x00, 0x00, 0x00, 0x0f, 0x00, 0x00, 0x00,
  0x00, 0x00, 0x00, 0x02, 0x48, 0x01, 0x00, 0x00, 0x74, 0xf5, 0xff, 0xff,
  0x08, 0x00, 0x00, 0x00, 0x88, 0x00, 0x00, 0x00, 0x10, 0x00, 0x00, 0x00,
  0x00, 0x00, 0x00, 0x00, 0x00, 0x00, 0x00, 0x00, 0x00, 0x00, 0x00, 0x00,
  0x00, 0x00, 0x00, 0x00, 0x00, 0x00, 0x00, 0x00, 0x00, 0x00, 0x00, 0x00,
  0x00, 0x00, 0x00, 0x00, 0x00, 0x00, 0x00, 0x00, 0x00, 0x00, 0x00, 0x00,
  0x00, 0x00, 0x00, 0x00, 0x00, 0x00, 0x00, 0x00, 0x00, 0x00, 0x00, 0x00,
  0x00, 0x00, 0x00, 0x00, 0x00, 0x00, 0x00, 0x00, 0x00, 0x00, 0x00, 0x00,
  0x00, 0x00, 0x00, 0x00, 0x00, 0x00, 0x00, 0x00, 0x00, 0x00, 0x00, 0x00,
  0x00, 0x00, 0x00, 0x00, 0x00, 0x00, 0x00, 0x00, 0x00, 0x00, 0x00, 0x00,
  0x00, 0x00, 0x00, 0x00, 0x00, 0x00, 0x00, 0x00, 0x00, 0x00, 0x00, 0x00,
  0x00, 0x00, 0x00, 0x00, 0x00, 0x00, 0x00, 0x00, 0x00, 0x00, 0x00, 0x00,
  0x00, 0x00, 0x00, 0x00, 0x00, 0x00, 0x00, 0x00, 0x00, 0x00, 0x00, 0x00,
  0x00, 0x00, 0x00, 0x00, 0x00, 0x00, 0x00, 0x00, 0x10, 0x00, 0x00, 0x00,
  0x2c, 0xf8, 0xb9, 0x37, 0xbd, 0x51, 0xdc, 0x37, 0xf3, 0xad, 0xc2, 0x37,
  0x8e, 0x92, 0xc7, 0x37, 0x52, 0xdd, 0xc1, 0x37, 0x32, 0x39, 0xf5, 0x37,
  0xdf, 0xcf, 0xc4, 0x37, 0x3a, 0xa6, 0xd2, 0x37, 0xf5, 0xfe, 0xf2, 0x37,
  0x63, 0x21, 0xd2, 0x37, 0x00, 0xf4, 0xc3, 0x37, 0x50, 0xca, 0xce, 0x37,
  0xf5, 0xc3, 0xd3, 0x37, 0x11, 0x45, 0xbd, 0x37, 0xaf, 0x57, 0xb1, 0x37,
  0xe3, 0xf7, 0xc9, 0x37, 0x6a, 0x00, 0x00, 0x00, 0x6d, 0x6f, 0x64, 0x65,
  0x6c, 0x5f, 0x34, 0x37, 0x2f, 0x74, 0x66, 0x2e, 0x6e, 0x6e, 0x2e, 0x72,
  0x65, 0x6c, 0x75, 0x5f, 0x37, 0x37, 0x2f, 0x52, 0x65, 0x6c, 0x75, 0x3b,
  0x6d, 0x6f, 0x64, 0x65, 0x6c, 0x5f, 0x34, 0x37, 0x2f, 0x74, 0x66, 0x2e,
  0x6d, 0x61, 0x74, 0x68, 0x2e, 0x61, 0x64, 0x64, 0x5f, 0x37, 0x37, 0x2f,
  0x41, 0x64, 0x64, 0x3b, 0x6d, 0x6f, 0x64, 0x65, 0x6c, 0x5f, 0x34, 0x37,
  0x2f, 0x74, 0x66, 0x2e, 0x6e, 0x6e, 0x2e, 0x63, 0x6f, 0x6e, 0x76, 0x6f,
  0x6c, 0x75, 0x74, 0x69, 0x6f, 0x6e, 0x5f, 0x37, 0x37, 0x2f, 0x63, 0x6f,
  0x6e, 0x76, 0x6f, 0x6c, 0x75, 0x74, 0x69, 0x6f, 0x6e, 0x3b, 0x43, 0x6f,
  0x6e, 0x73, 0x74, 0x5f, 0x31, 0x33, 0x00, 0x00, 0x01, 0x00, 0x00, 0x00,
  0x10, 0x00, 0x00, 0x00, 0xf2, 0xf6, 0xff, 0xff, 0x00, 0x00, 0x00, 0x01,
  0x14, 0x00, 0x00, 0x00, 0x34, 0x00, 0x00, 0x00, 0x0e, 0x00, 0x00, 0x00,
  0x00, 0x00, 0x00, 0x09, 0x38, 0x00, 0x00, 0x00, 0xdc, 0xf6, 0xff, 0xff,
  0x08, 0x00, 0x00, 0x00, 0x14, 0x00, 0x00, 0x00, 0x01, 0x00, 0x00, 0x00,
  0x80, 0xff, 0xff, 0xff, 0xff, 0xff, 0xff, 0xff, 0x00, 0x00, 0x00, 0x00,
  0x01, 0x00, 0x00, 0x00, 0xb7, 0x73, 0x2b, 0x3c, 0x08, 0x00, 0x00, 0x00,
  0x43, 0x6f, 0x6e, 0x73, 0x74, 0x5f, 0x31, 0x32, 0x00, 0x00, 0x00, 0x00,
  0x01, 0x00, 0x00, 0x00, 0x10, 0x00, 0x00, 0x00, 0x4a, 0xf7, 0xff, 0xff,
  0x00, 0x00, 0x00, 0x01, 0x14, 0x00, 0x00, 0x00, 0x34, 0x00, 0x00, 0x00,
  0x0d, 0x00, 0x00, 0x00, 0x00, 0x00, 0x00, 0x09, 0x38, 0x00, 0x00, 0x00,
  0x34, 0xf7, 0xff, 0xff, 0x08, 0x00, 0x00, 0x00, 0x14, 0x00, 0x00, 0x00,
  0x01, 0x00, 0x00, 0x00, 0x7f, 0x00, 0x00, 0x00, 0x00, 0x00, 0x00, 0x00,
  0x00, 0x00, 0x00, 0x00, 0x01, 0x00, 0x00, 0x00, 0xf8, 0xf6, 0x77, 0x3b,
  0x08, 0x00, 0x00, 0x00, 0x43, 0x6f, 0x6e, 0x73, 0x74, 0x5f, 0x31, 0x31,
  0x00, 0x00, 0x00, 0x00, 0x01, 0x00, 0x00, 0x00, 0x10, 0x00, 0x00, 0x00,
  0xa2, 0xf7, 0xff, 0xff, 0x00, 0x00, 0x00, 0x01, 0x14, 0x00, 0x00, 0x00,
  0xe8, 0x00, 0x00, 0x00, 0x0c, 0x00, 0x00, 0x00, 0x00, 0x00, 0x00, 0x09,
  0x0c, 0x01, 0x00, 0x00, 0x8c, 0xf7, 0xff, 0xff, 0x08, 0x00, 0x00, 0x00,
  0x8c, 0x00, 0x00, 0x00, 0x10, 0x00, 0x00, 0x00, 0x00, 0x00, 0x00, 0x00,
  0x00, 0x00, 0x00, 0x00, 0x00, 0x00, 0x00, 0x00, 0x00, 0x00, 0x00, 0x00,
  0x00, 0x00, 0x00, 0x00, 0x00, 0x00, 0x00, 0x00, 0x00, 0x00, 0x00, 0x00,
  0x00, 0x00, 0x00, 0x00, 0x00, 0x00, 0x00, 0x00, 0x00, 0x00, 0x00, 0x00,
  0x00, 0x00, 0x00, 0x00, 0x00, 0x00, 0x00, 0x00, 0x00, 0x00, 0x00, 0x00,
  0x00, 0x00, 0x00, 0x00, 0x00, 0x00, 0x00, 0x00, 0x00, 0x00, 0x00, 0x00,
  0x00, 0x00, 0x00, 0x00, 0x00, 0x00, 0x00, 0x00, 0x00, 0x00, 0x00, 0x00,
  0x00, 0x00, 0x00, 0x00, 0x00, 0x00, 0x00, 0x00, 0x00, 0x00, 0x00, 0x00,
  0x00, 0x00, 0x00, 0x00, 0x00, 0x00, 0x00, 0x00, 0x00, 0x00, 0x00, 0x00,
  0x00, 0x00, 0x00, 0x00, 0x00, 0x00, 0x00, 0x00, 0x00, 0x00, 0x00, 0x00,
  0x00, 0x00, 0x00, 0x00, 0x00, 0x00, 0x00, 0x00, 0x00, 0x00, 0x00, 0x00,
  0x00, 0x00, 0x00, 0x00, 0x00, 0x00, 0x00, 0x00, 0x10, 0x00, 0x00, 0x00,
  0x45, 0xc5, 0xa6, 0x3a, 0x1d, 0xaf, 0xc2, 0x3a, 0x32, 0x2d, 0xc4, 0x3a,
  0xde, 0x95, 0x99, 0x3a, 0xe6, 0x8d, 0xa9, 0x3a, 0x2f, 0x91, 0xb4, 0x3a,
  0x8f, 0x57, 0xa2, 0x3a, 0xe5, 0xc9, 0xc5, 0x3a, 0x5d, 0x72, 0xa4, 0x3a,
  0xd0, 0xd8, 0xaa, 0x3a, 0xa4, 0x9a, 0x9b, 0x3a, 0x0e, 0x3f, 0xd2, 0x3a,
  0x7a, 0x9b, 0x98, 0x3a, 0x2d, 0x5a, 0xaf, 0x3a, 0x1a, 0xce, 0xba, 0x3a,
  0x9d, 0xc3, 0xa6, 0x3a, 0x29, 0x00, 0x00, 0x00, 0x6d, 0x6f, 0x64, 0x65,
  0x6c, 0x5f, 0x34, 0x37, 0x2f, 0x74, 0x66, 0x2e, 0x6e, 0x6e, 0x2e, 0x63,
  0x6f, 0x6e, 0x76, 0x6f, 0x6c, 0x75, 0x74, 0x69, 0x6f, 0x6e, 0x5f, 0x37,
  0x38, 0x2f, 0x63, 0x6f, 0x6e, 0x76, 0x6f, 0x6c, 0x75, 0x74, 0x69, 0x6f,
  0x6e, 0x00, 0x00, 0x00, 0x04, 0x00, 0x00, 0x00, 0x10, 0x00, 0x00, 0x00,
  0x03, 0x00, 0x00, 0x00, 0x01, 0x00, 0x00, 0x00, 0x10, 0x00, 0x00, 0x00,
  0xda, 0xf8, 0xff, 0xff, 0x00, 0x00, 0x00, 0x01, 0x14, 0x00, 0x00, 0x00,
  0xe4, 0x00, 0x00, 0x00, 0x0b, 0x00, 0x00, 0x00, 0x00, 0x00, 0x00, 0x02,
  0x48, 0x01, 0x00, 0x00, 0xc4, 0xf8, 0xff, 0xff, 0x08, 0x00, 0x00, 0x00,
  0x88, 0x00, 0x00, 0x00, 0x10, 0x00, 0x00, 0x00, 0x00, 0x00, 0x00, 0x00,
  0x00, 0x00, 0x00, 0x00, 0x00, 0x00, 0x00, 0x00, 0x00, 0x00, 0x00, 0x00,
  0x00, 0x00, 0x00, 0x00, 0x00, 0x00, 0x00, 0x00, 0x00, 0x00, 0x00, 0x00,
  0x00, 0x00, 0x00, 0x00, 0x00, 0x00, 0x00, 0x00, 0x00, 0x00, 0x00, 0x00,
  0x00, 0x00, 0x00, 0x00, 0x00, 0x00, 0x00, 0x00, 0x00, 0x00, 0x00, 0x00,
  0x00, 0x00, 0x00, 0x00, 0x00, 0x00, 0x00, 0x00, 0x00, 0x00, 0x00, 0x00,
  0x00, 0x00, 0x00, 0x00, 0x00, 0x00, 0x00, 0x00, 0x00, 0x00, 0x00, 0x00,
  0x00, 0x00, 0x00, 0x00, 0x00, 0x00, 0x00, 0x00, 0x00, 0x00, 0x00, 0x00,
  0x00, 0x00, 0x00, 0x00, 0x00, 0x00, 0x00, 0x00, 0x00, 0x00, 0x00, 0x00,
  0x00, 0x00, 0x00, 0x00, 0x00, 0x00, 0x00, 0x00, 0x00, 0x00, 0x00, 0x00,
  0x00, 0x00, 0x00, 0x00, 0x00, 0x00, 0x00, 0x00, 0x00, 0x00, 0x00, 0x00,
  0x00, 0x00, 0x00, 0x00, 0x10, 0x00, 0x00, 0x00, 0xba, 0x65, 0xb7, 0x37,
  0x00, 0x18, 0xd6, 0x37, 0x2d, 0xbc, 0xd7, 0x37, 0xcd, 0xe5, 0xa8, 0x37,
  0x67, 0x75, 0xba, 0x37, 0xc4, 0x91, 0xc6, 0x37, 0xfc, 0x86, 0xb2, 0x37,
  0x05, 0x82, 0xd9, 0x37, 0x82, 0xd7, 0xb4, 0x37, 0x4f, 0xe1, 0xbb, 0x37,
  0x19, 0x1e, 0xab, 0x37, 0x23, 0x35, 0xe7, 0x37, 0x72, 0xd2, 0xa7, 0x37,
  0xa9, 0xd5, 0xc0, 0x37, 0xe5, 0x6d, 0xcd, 0x37, 0xe8, 0x63, 0xb7, 0x37,
  0x69, 0x00, 0x00, 0x00, 0x6d, 0x6f, 0x64, 0x65, 0x6c, 0x5f, 0x34, 0x37,
  0x2f, 0x74, 0x66, 0x2e, 0x6e, 0x6e, 0x2e, 0x72, 0x65, 0x6c, 0x75, 0x5f,
  0x37, 0x38, 0x2f, 0x52, 0x65, 0x6c, 0x75, 0x3b, 0x6d, 0x6f, 0x64, 0x65,
  0x6c, 0x5f, 0x34, 0x37, 0x2f, 0x74, 0x66, 0x2e, 0x6d, 0x61, 0x74, 0x68,
  0x2e, 0x61, 0x64, 0x64, 0x5f, 0x37, 0x38, 0x2f, 0x41, 0x64, 0x64, 0x3b,
  0x6d, 0x6f, 0x64, 0x65, 0x6c, 0x5f, 0x34, 0x37, 0x2f, 0x74, 0x66, 0x2e,
  0x6e, 0x6e, 0x2e, 0x63, 0x6f, 0x6e, 0x76, 0x6f, 0x6c, 0x75, 0x74, 0x69,
  0x6f, 0x6e, 0x5f, 0x37, 0x38, 0x2f, 0x63, 0x6f, 0x6e, 0x76, 0x6f, 0x6c,
  0x75, 0x74, 0x69, 0x6f, 0x6e, 0x3b, 0x43, 0x6f, 0x6e, 0x73, 0x74, 0x5f,
  0x39, 0x00, 0x00, 0x00, 0x01, 0x00, 0x00, 0x00, 0x10, 0x00, 0x00, 0x00,
  0x42, 0xfa, 0xff, 0xff, 0x00, 0x00, 0x00, 0x01, 0x14, 0x00, 0x00, 0x00,
  0x30, 0x00, 0x00, 0x00, 0x0a, 0x00, 0x00, 0x00, 0x00, 0x00, 0x00, 0x09,
  0x30, 0x00, 0x00, 0x00, 0x2c, 0xfa, 0xff, 0xff, 0x08, 0x00, 0x00, 0x00,
  0x10, 0x00, 0x00, 0x00, 0x01, 0x00, 0x00, 0x00, 0x80, 0xff, 0xff, 0xff,
  0xff, 0xff, 0xff, 0xff, 0x01, 0x00, 0x00, 0x00, 0x2f, 0xa2, 0x52, 0x3c,
  0x07, 0x00, 0x00, 0x00, 0x43, 0x6f, 0x6e, 0x73, 0x74, 0x5f, 0x38, 0x00,
  0x01, 0x00, 0x00, 0x00, 0x10, 0x00, 0x00, 0x00, 0x92, 0xfa, 0xff, 0xff,
  0x00, 0x00, 0x00, 0x01, 0x14, 0x00, 0x00, 0x00, 0x30, 0x00, 0x00, 0x00,
  0x09, 0x00, 0x00, 0x00, 0x00, 0x00, 0x00, 0x09, 0x30, 0x00, 0x00, 0x00,
  0x7c, 0xfa, 0xff, 0xff, 0x08, 0x00, 0x00, 0x00, 0x10, 0x00, 0x00, 0x00,
  0x01, 0x00, 0x00, 0x00, 0x7f, 0x00, 0x00, 0x00, 0x00, 0x00, 0x00, 0x00,
  0x01, 0x00, 0x00, 0x00, 0xa2, 0xf8, 0xc6, 0x3b, 0x07, 0x00, 0x00, 0x00,
  0x43, 0x6f, 0x6e, 0x73, 0x74, 0x5f, 0x37, 0x00, 0x01, 0x00, 0x00, 0x00,
  0x10, 0x00, 0x00, 0x00, 0xe2, 0xfa, 0xff, 0xff, 0x00, 0x00, 0x00, 0x01,
  0x14, 0x00, 0x00, 0x00, 0xe8, 0x00, 0x00, 0x00, 0x08, 0x00, 0x00, 0x00,
  0x00, 0x00, 0x00, 0x09, 0x0c, 0x01, 0x00, 0x00, 0xcc, 0xfa, 0xff, 0xff,
  0x08, 0x00, 0x00, 0x00, 0x8c, 0x00, 0x00, 0x00, 0x10, 0x00, 0x00, 0x00,
  0x00, 0x00, 0x00, 0x00, 0x00, 0x00, 0x00, 0x00, 0x00, 0x00, 0x00, 0x00,
  0x00, 0x00, 0x00, 0x00, 0x00, 0x00, 0x00, 0x00, 0x00, 0x00, 0x00, 0x00,
  0x00, 0x00, 0x00, 0x00, 0x00, 0x00, 0x00, 0x00, 0x00, 0x00, 0x00, 0x00,
  0x00, 0x00, 0x00, 0x00, 0x00, 0x00, 0x00, 0x00, 0x00, 0x00, 0x00, 0x00,
  0x00, 0x00, 0x00, 0x00, 0x00, 0x00, 0x00, 0x00, 0x00, 0x00, 0x00, 0x00,
  0x00, 0x00, 0x00, 0x00, 0x00, 0x00, 0x00, 0x00, 0x00, 0x00, 0x00, 0x00,
  0x00, 0x00, 0x00, 0x00, 0x00, 0x00, 0x00, 0x00, 0x00, 0x00, 0x00, 0x00,
  0x00, 0x00, 0x00, 0x00, 0x00, 0x00, 0x00, 0x00, 0x00, 0x00, 0x00, 0x00,
  0x00, 0x00, 0x00, 0x00, 0x00, 0x00, 0x00, 0x00, 0x00, 0x00, 0x00, 0x00,
  0x00, 0x00, 0x00, 0x00, 0x00, 0x00, 0x00, 0x00, 0x00, 0x00, 0x00, 0x00,
  0x00, 0x00, 0x00, 0x00, 0x00, 0x00, 0x00, 0x00, 0x00, 0x00, 0x00, 0x00,
  0x10, 0x00, 0x00, 0x00, 0xf9, 0xbb, 0xac, 0x3a, 0x8d, 0x71, 0xc7, 0x3a,
  0xb9, 0xe1, 0xb6, 0x3a, 0x07, 0x1f, 0xd6, 0x3a, 0x21, 0x5a, 0xce, 0x3a,
  0x3e, 0xa4, 0xd2, 0x3a, 0x04, 0x88, 0xd8, 0x3a, 0x12, 0x05, 0xbc, 0x3a,
  0x42, 0x72, 0xb4, 0x3a, 0x0b, 0xaf, 0xa4, 0x3a, 0x81, 0x76, 0x8a, 0x3a,
  0x51, 0x11, 0xbf, 0x3a, 0x29, 0x5c, 0xb2, 0x3a, 0xd0, 0x34, 0xb5, 0x3a,
  0x6b, 0x83, 0xd2, 0x3a, 0x0d, 0x3a, 0xc5, 0x3a, 0x29, 0x00, 0x00, 0x00,
  0x6d, 0x6f, 0x64, 0x65, 0x6c, 0x5f, 0x34, 0x37, 0x2f, 0x74, 0x66, 0x2e,
  0x6e, 0x6e, 0x2e, 0x63, 0x6f, 0x6e, 0x76, 0x6f, 0x6c, 0x75, 0x74, 0x69,
  0x6f, 0x6e, 0x5f, 0x37, 0x39, 0x2f, 0x63, 0x6f, 0x6e, 0x76, 0x6f, 0x6c,
  0x75, 0x74, 0x69, 0x6f, 0x6e, 0x00, 0x00, 0x00, 0x04, 0x00, 0x00, 0x00,
  0x10, 0x00, 0x00, 0x00, 0x03, 0x00, 0x00, 0x00, 0x01, 0x00, 0x00, 0x00,
  0x10, 0x00, 0x00, 0x00, 0x1a, 0xfc, 0xff, 0xff, 0x00, 0x00, 0x00, 0x01,
  0x14, 0x00, 0x00, 0x00, 0xe4, 0x00, 0x00, 0x00, 0x07, 0x00, 0x00, 0x00,
  0x00, 0x00, 0x00, 0x02, 0x48, 0x01, 0x00, 0x00, 0x04, 0xfc, 0xff, 0xff,
  0x08, 0x00, 0x00, 0x00, 0x88, 0x00, 0x00, 0x00, 0x10, 0x00, 0x00, 0x00,
  0x00, 0x00, 0x00, 0x00, 0x00, 0x00, 0x00, 0x00, 0x00, 0x00, 0x00, 0x00,
  0x00, 0x00, 0x00, 0x00, 0x00, 0x00, 0x00, 0x00, 0x00, 0x00, 0x00, 0x00,
  0x00, 0x00, 0x00, 0x00, 0x00, 0x00, 0x00, 0x00, 0x00, 0x00, 0x00, 0x00,
  0x00, 0x00, 0x00, 0x00, 0x00, 0x00, 0x00, 0x00, 0x00, 0x00, 0x00, 0x00,
  0x00, 0x00, 0x00, 0x00, 0x00, 0x00, 0x00, 0x00, 0x00, 0x00, 0x00, 0x00,
  0x00, 0x00, 0x00, 0x00, 0x00, 0x00, 0x00, 0x00, 0x00, 0x00, 0x00, 0x00,
  0x00, 0x00, 0x00, 0x00, 0x00, 0x00, 0x00, 0x00, 0x00, 0x00, 0x00, 0x00,
  0x00, 0x00, 0x00, 0x00, 0x00, 0x00, 0x00, 0x00, 0x00, 0x00, 0x00, 0x00,
  0x00, 0x00, 0x00, 0x00, 0x00, 0x00, 0x00, 0x00, 0x00, 0x00, 0x00, 0x00,
  0x00, 0x00, 0x00, 0x00, 0x00, 0x00, 0x00, 0x00, 0x00, 0x00, 0x00, 0x00,
  0x00, 0x00, 0x00, 0x00, 0x00, 0x00, 0x00, 0x00, 0x10, 0x00, 0x00, 0x00,
  0x22, 0xd5, 0xc1, 0x37, 0xe0, 0xcd, 0xdf, 0x37, 0x2e, 0x38, 0xcd, 0x37,
  0x4d, 0x46, 0xf0, 0x37, 0x79, 0x8e, 0xe7, 0x37, 0xb6, 0x5e, 0xec, 0x37,
  0xa6, 0xfa, 0xf2, 0x37, 0x30, 0xfc, 0xd2, 0x37, 0x90, 0x7c, 0xca, 0x37,
  0x7a, 0xcc, 0xb8, 0x37, 0x0c, 0x60, 0x9b, 0x37, 0xbd, 0x67, 0xd6, 0x37,
  0x3b, 0x25, 0xc8, 0x37, 0xe2, 0x56, 0xcb, 0x37, 0xe1, 0x39, 0xec, 0x37,
  0x0f, 0x51, 0xdd, 0x37, 0x69, 0x00, 0x00, 0x00, 0x6d, 0x6f, 0x64, 0x65,
  0x6c, 0x5f, 0x34, 0x37, 0x2f, 0x74, 0x66, 0x2e, 0x6e, 0x6e, 0x2e, 0x72,
  0x65, 0x6c, 0x75, 0x5f, 0x37, 0x39, 0x2f, 0x52, 0x65, 0x6c, 0x75, 0x3b,
  0x6d, 0x6f, 0x64, 0x65, 0x6c, 0x5f, 0x34, 0x37, 0x2f, 0x74, 0x66, 0x2e,
  0x6d, 0x61, 0x74, 0x68, 0x2e, 0x61, 0x64, 0x64, 0x5f, 0x37, 0x39, 0x2f,
  0x41, 0x64, 0x64, 0x3b, 0x6d, 0x6f, 0x64, 0x65, 0x6c, 0x5f, 0x34, 0x37,
  0x2f, 0x74, 0x66, 0x2e, 0x6e, 0x6e, 0x2e, 0x63, 0x6f, 0x6e, 0x76, 0x6f,
  0x6c, 0x75, 0x74, 0x69, 0x6f, 0x6e, 0x5f, 0x37, 0x39, 0x2f, 0x63, 0x6f,
  0x6e, 0x76, 0x6f, 0x6c, 0x75, 0x74, 0x69, 0x6f, 0x6e, 0x3b, 0x43, 0x6f,
  0x6e, 0x73, 0x74, 0x5f, 0x35, 0x00, 0x00, 0x00, 0x01, 0x00, 0x00, 0x00,
  0x10, 0x00, 0x00, 0x00, 0x82, 0xfd, 0xff, 0xff, 0x00, 0x00, 0x00, 0x01,
  0x14, 0x00, 0x00, 0x00, 0x30, 0x00, 0x00, 0x00, 0x06, 0x00, 0x00, 0x00,
  0x00, 0x00, 0x00, 0x09, 0x30, 0x00, 0x00, 0x00, 0x6c, 0xfd, 0xff, 0xff,
  0x08, 0x00, 0x00, 0x00, 0x10, 0x00, 0x00, 0x00, 0x01, 0x00, 0x00, 0x00,
  0x80, 0xff, 0xff, 0xff, 0xff, 0xff, 0xff, 0xff, 0x01, 0x00, 0x00, 0x00,
  0x27, 0x62, 0x83, 0x3c, 0x07, 0x00, 0x00, 0x00, 0x43, 0x6f, 0x6e, 0x73,
  0x74, 0x5f, 0x34, 0x00, 0x01, 0x00, 0x00, 0x00, 0x10, 0x00, 0x00, 0x00,
  0xd2, 0xfd, 0xff, 0xff, 0x00, 0x00, 0x00, 0x01, 0x14, 0x00, 0x00, 0x00,
  0x30, 0x00, 0x00, 0x00, 0x05, 0x00, 0x00, 0x00, 0x00, 0x00, 0x00, 0x09,
  0x30, 0x00, 0x00, 0x00, 0xbc, 0xfd, 0xff, 0xff, 0x08, 0x00, 0x00, 0x00,
  0x10, 0x00, 0x00, 0x00, 0x01, 0x00, 0x00, 0x00, 0x7f, 0x00, 0x00, 0x00,
  0x00, 0x00, 0x00, 0x00, 0x01, 0x00, 0x00, 0x00, 0xba, 0xf6, 0x02, 0x3c,
  0x07, 0x00, 0x00, 0x00, 0x43, 0x6f, 0x6e, 0x73, 0x74, 0x5f, 0x33, 0x00,
  0x01, 0x00, 0x00, 0x00, 0x10, 0x00, 0x00, 0x00, 0x22, 0xfe, 0xff, 0xff,
  0x00, 0x00, 0x00, 0x01, 0x14, 0x00, 0x00, 0x00, 0x78, 0x00, 0x00, 0x00,
  0x04, 0x00, 0x00, 0x00, 0x00, 0x00, 0x00, 0x09, 0x94, 0x00, 0x00, 0x00,
  0x0c, 0xfe, 0xff, 0xff, 0x08, 0x00, 0x00, 0x00, 0x40, 0x00, 0x00, 0x00,
  0x07, 0x00, 0x00, 0x00, 0x00, 0x00, 0x00, 0x00, 0x00, 0x00, 0x00, 0x00,
  0x00, 0x00, 0x00, 0x00, 0x00, 0x00, 0x00, 0x00, 0x00, 0x00, 0x00, 0x00,
  0x00, 0x00, 0x00, 0x00, 0x00, 0x00, 0x00, 0x00, 0x00, 0x00, 0x00, 0x00,
  0x00, 0x00, 0x00, 0x00, 0x00, 0x00, 0x00, 0x00, 0x00, 0x00, 0x00, 0x00,
  0x00, 0x00, 0x00, 0x00, 0x00, 0x00, 0x00, 0x00, 0x00, 0x00, 0x00, 0x00,
  0x07, 0x00, 0x00, 0x00, 0x45, 0xdf, 0x4a, 0x3b, 0x42, 0x18, 0x36, 0x3b,
  0xd5, 0xeb, 0x38, 0x3b, 0x34, 0x21, 0x23, 0x3b, 0x47, 0x84, 0x26, 0x3b,
  0xcf, 0x9a, 0x23, 0x3b, 0xbb, 0x60, 0x20, 0x3b, 0x22, 0x00, 0x00, 0x00,
  0x6d, 0x6f, 0x64, 0x65, 0x6c, 0x5f, 0x34, 0x37, 0x2f, 0x74, 0x66, 0x2e,
  0x6c, 0x69, 0x6e, 0x61, 0x6c, 0x67, 0x2e, 0x6d, 0x61, 0x74, 0x6d, 0x75,
  0x6c, 0x5f, 0x37, 0x2f, 0x4d, 0x61, 0x74, 0x4d, 0x75, 0x6c, 0x00, 0x00,
  0x02, 0x00, 0x00, 0x00, 0x07, 0x00, 0x00, 0x00, 0x10, 0x00, 0x00, 0x00,
  0xda, 0xfe, 0xff, 0xff, 0x00, 0x00, 0x00, 0x01, 0x14, 0x00, 0x00, 0x00,
  0x7c, 0x00, 0x00, 0x00, 0x03, 0x00, 0x00, 0x00, 0x00, 0x00, 0x00, 0x02,
  0x9c, 0x00, 0x00, 0x00, 0xc4, 0xfe, 0xff, 0xff, 0x08, 0x00, 0x00, 0x00,
  0x44, 0x00, 0x00, 0x00, 0x07, 0x00, 0x00, 0x00, 0x00, 0x00, 0x00, 0x00,
  0x00, 0x00, 0x00, 0x00, 0x00, 0x00, 0x00, 0x00, 0x00, 0x00, 0x00, 0x00,
  0x00, 0x00, 0x00, 0x00, 0x00, 0x00, 0x00, 0x00, 0x00, 0x00, 0x00, 0x00,
  0x00, 0x00, 0x00, 0x00, 0x00, 0x00, 0x00, 0x00, 0x00, 0x00, 0x00, 0x00,
  0x00, 0x00, 0x00, 0x00, 0x00, 0x00, 0x00, 0x00, 0x00, 0x00, 0x00, 0x00,
  0x00, 0x00, 0x00, 0x00, 0x00, 0x00, 0x00, 0x00, 0x07, 0x00, 0x00, 0x00,
  0x25, 0xe0, 0xae, 0x37, 0x2a, 0xf7, 0x9c, 0x37, 0xe2, 0x66, 0x9f, 0x37,
  0x1d, 0x9e, 0x8c, 0x37, 0x87, 0x89, 0x8f, 0x37, 0xf0, 0x06, 0x8d, 0x37,
  0xdb, 0x3e, 0x8a, 0x37, 0x26, 0x00, 0x00, 0x00, 0x6d, 0x6f, 0x64, 0x65,
  0x6c, 0x5f, 0x34, 0x37, 0x2f, 0x74, 0x66, 0x2e, 0x5f, 0x5f, 0x6f, 0x70,
  0x65, 0x72, 0x61, 0x74, 0x6f, 0x72, 0x73, 0x5f, 0x5f, 0x2e, 0x61, 0x64,
  0x64, 0x5f, 0x34, 0x37, 0x2f, 0x41, 0x64, 0x64, 0x56, 0x32, 0x00, 0x00,
  0x01, 0x00, 0x00, 0x00, 0x07, 0x00, 0x00, 0x00, 0x96, 0xff, 0xff, 0xff,
  0x00, 0x00, 0x00, 0x01, 0x18, 0x00, 0x00, 0x00, 0x18, 0x00, 0x00, 0x00,
  0x02, 0x00, 0x00, 0x00, 0x00, 0x00, 0x00, 0x02, 0x48, 0x00, 0x00, 0x00,
  0x04, 0x00, 0x04, 0x00, 0x04, 0x00, 0x00, 0x00, 0x35, 0x00, 0x00, 0x00,
  0x6d, 0x6f, 0x64, 0x65, 0x6c, 0x5f, 0x34, 0x37, 0x2f, 0x74, 0x66, 0x2e,
  0x6d, 0x61, 0x74, 0x68, 0x2e, 0x72, 0x65, 0x64, 0x75, 0x63, 0x65, 0x5f,
  0x6d, 0x65, 0x61, 0x6e, 0x5f, 0x37, 0x2f, 0x4d, 0x65, 0x61, 0x6e, 0x2f,
  0x72, 0x65, 0x64, 0x75, 0x63, 0x74, 0x69, 0x6f, 0x6e, 0x5f, 0x69, 0x6e,
  0x64, 0x69, 0x63, 0x65, 0x73, 0x00, 0x00, 0x00, 0x01, 0x00, 0x00, 0x00,
  0x02, 0x00, 0x00, 0x00, 0x00, 0x00, 0x16, 0x00, 0x1c, 0x00, 0x18, 0x00,
  0x17, 0x00, 0x10, 0x00, 0x0c, 0x00, 0x08, 0x00, 0x00, 0x00, 0x00, 0x00,
  0x00, 0x00, 0x07, 0x00, 0x16, 0x00, 0x00, 0x00, 0x00, 0x00, 0x00, 0x01,
  0x20, 0x00, 0x00, 0x00, 0x40, 0x00, 0x00, 0x00, 0x01, 0x00, 0x00, 0x00,
  0x00, 0x00, 0x00, 0x09, 0x50, 0x00, 0x00, 0x00, 0x0c, 0x00, 0x0c, 0x00,
  0x00, 0x00, 0x00, 0x00, 0x08, 0x00, 0x04, 0x00, 0x0c, 0x00, 0x00, 0x00,
  0x08, 0x00, 0x00, 0x00, 0x14, 0x00, 0x00, 0x00, 0x01, 0x00, 0x00, 0x00,
  0xf1, 0xff, 0xff, 0xff, 0xff, 0xff, 0xff, 0xff, 0x00, 0x00, 0x00, 0x00,
  0x01, 0x00, 0x00, 0x00, 0x9e, 0x8d, 0xf5, 0x3f, 0x17, 0x00, 0x00, 0x00,
  0x73, 0x65, 0x72, 0x76, 0x69, 0x6e, 0x67, 0x5f, 0x64, 0x65, 0x66, 0x61,
  0x75, 0x6c, 0x74, 0x5f, 0x69, 0x6e, 0x70, 0x75, 0x74, 0x3a, 0x30, 0x00,
  0x04, 0x00, 0x00, 0x00, 0x01, 0x00, 0x00, 0x00, 0x05, 0x00, 0x00, 0x00,
  0x01, 0x00, 0x00, 0x00, 0x09, 0x00, 0x00, 0x00, 0x06, 0x00, 0x00, 0x00,
  0x80, 0x00, 0x00, 0x00, 0x60, 0x00, 0x00, 0x00, 0x54, 0x00, 0x00, 0x00,
  0x38, 0x00, 0x00, 0x00, 0x18, 0x00, 0x00, 0x00, 0x04, 0x00, 0x00, 0x00,
  0xa4, 0xff, 0xff, 0xff, 0x19, 0x00, 0x00, 0x00, 0x02, 0x00, 0x00, 0x00,
  0x00, 0x00, 0x00, 0x19, 0xb4, 0xff, 0xff, 0xff, 0x09, 0x00, 0x00, 0x00,
  0x04, 0x00, 0x00, 0x00, 0x00, 0x00, 0x00, 0x09, 0x0c, 0x00, 0x0e, 0x00,
  0x0d, 0x00, 0x00, 0x00, 0x08, 0x00, 0x04, 0x00, 0x0c, 0x00, 0x00, 0x00,
  0x28, 0x00, 0x00, 0x00, 0x02, 0x00, 0x00, 0x00, 0x00, 0x28, 0x0a, 0x00,
  0x08, 0x00, 0x00, 0x00, 0x00, 0x00, 0x04, 0x00, 0x0a, 0x00, 0x00, 0x00,
  0x02, 0x00, 0x00, 0x00, 0xf0, 0xff, 0xff, 0xff, 0x12, 0x00, 0x00, 0x00,
  0x02, 0x00, 0x00, 0x00, 0x00, 0x00, 0x00, 0x12, 0x0c, 0x00, 0x10, 0x00,
  0x0f, 0x00, 0x00, 0x00, 0x08, 0x00, 0x04, 0x00, 0x0c, 0x00, 0x00, 0x00,
  0x03, 0x00, 0x00, 0x00, 0x03, 0x00, 0x00, 0x00, 0x00, 0x00, 0x00, 0x03
};
unsigned int tflite_models_torch_conv_10_5_ON_int8_tflite_len = 26136;
