unsigned char tflite_models_torch_lstm_1_10_OFF_float32_tflite[] = {
  0x1c, 0x00, 0x00, 0x00, 0x54, 0x46, 0x4c, 0x33, 0x14, 0x00, 0x20, 0x00,
  0x1c, 0x00, 0x18, 0x00, 0x14, 0x00, 0x10, 0x00, 0x0c, 0x00, 0x00, 0x00,
  0x08, 0x00, 0x04, 0x00, 0x14, 0x00, 0x00, 0x00, 0x1c, 0x00, 0x00, 0x00,
  0x80, 0x00, 0x00, 0x00, 0xd8, 0x00, 0x00, 0x00, 0x64, 0x26, 0x00, 0x00,
  0x74, 0x26, 0x00, 0x00, 0xcc, 0x87, 0x00, 0x00, 0x03, 0x00, 0x00, 0x00,
  0x01, 0x00, 0x00, 0x00, 0x04, 0x00, 0x00, 0x00, 0xf6, 0xc1, 0xff, 0xff,
  0x0c, 0x00, 0x00, 0x00, 0x1c, 0x00, 0x00, 0x00, 0x38, 0x00, 0x00, 0x00,
  0x0f, 0x00, 0x00, 0x00, 0x73, 0x65, 0x72, 0x76, 0x69, 0x6e, 0x67, 0x5f,
  0x64, 0x65, 0x66, 0x61, 0x75, 0x6c, 0x74, 0x00, 0x01, 0x00, 0x00, 0x00,
  0x04, 0x00, 0x00, 0x00, 0x9c, 0xff, 0xff, 0xff, 0xc7, 0x00, 0x00, 0x00,
  0x04, 0x00, 0x00, 0x00, 0x06, 0x00, 0x00, 0x00, 0x6f, 0x75, 0x74, 0x70,
  0x75, 0x74, 0x00, 0x00, 0x01, 0x00, 0x00, 0x00, 0x04, 0x00, 0x00, 0x00,
  0xc2, 0xbd, 0xff, 0xff, 0x04, 0x00, 0x00, 0x00, 0x05, 0x00, 0x00, 0x00,
  0x69, 0x6e, 0x70, 0x75, 0x74, 0x00, 0x00, 0x00, 0x02, 0x00, 0x00, 0x00,
  0x34, 0x00, 0x00, 0x00, 0x04, 0x00, 0x00, 0x00, 0xdc, 0xff, 0xff, 0xff,
  0xca, 0x00, 0x00, 0x00, 0x04, 0x00, 0x00, 0x00, 0x13, 0x00, 0x00, 0x00,
  0x43, 0x4f, 0x4e, 0x56, 0x45, 0x52, 0x53, 0x49, 0x4f, 0x4e, 0x5f, 0x4d,
  0x45, 0x54, 0x41, 0x44, 0x41, 0x54, 0x41, 0x00, 0x08, 0x00, 0x0c, 0x00,
  0x08, 0x00, 0x04, 0x00, 0x08, 0x00, 0x00, 0x00, 0xc9, 0x00, 0x00, 0x00,
  0x04, 0x00, 0x00, 0x00, 0x13, 0x00, 0x00, 0x00, 0x6d, 0x69, 0x6e, 0x5f,
  0x72, 0x75, 0x6e, 0x74, 0x69, 0x6d, 0x65, 0x5f, 0x76, 0x65, 0x72, 0x73,
  0x69, 0x6f, 0x6e, 0x00, 0xcb, 0x00, 0x00, 0x00, 0x88, 0x25, 0x00, 0x00,
  0x80, 0x25, 0x00, 0x00, 0x70, 0x24, 0x00, 0x00, 0x44, 0x24, 0x00, 0x00,
  0x34, 0x23, 0x00, 0x00, 0x24, 0x22, 0x00, 0x00, 0x54, 0x20, 0x00, 0x00,
  0x44, 0x10, 0x00, 0x00, 0x34, 0x07, 0x00, 0x00, 0x18, 0x07, 0x00, 0x00,
  0x04, 0x07, 0x00, 0x00, 0xf0, 0x06, 0x00, 0x00, 0xdc, 0x06, 0x00, 0x00,
  0xc8, 0x06, 0x00, 0x00, 0xb4, 0x06, 0x00, 0x00, 0xa0, 0x06, 0x00, 0x00,
  0x8c, 0x06, 0x00, 0x00, 0x78, 0x06, 0x00, 0x00, 0x64, 0x06, 0x00, 0x00,
  0x50, 0x06, 0x00, 0x00, 0x34, 0x06, 0x00, 0x00, 0x2c, 0x06, 0x00, 0x00,
  0x24, 0x06, 0x00, 0x00, 0x1c, 0x06, 0x00, 0x00, 0x14, 0x06, 0x00, 0x00,
  0x0c, 0x06, 0x00, 0x00, 0x04, 0x06, 0x00, 0x00, 0xfc, 0x05, 0x00, 0x00,
  0xf4, 0x05, 0x00, 0x00, 0xec, 0x05, 0x00, 0x00, 0xe4, 0x05, 0x00, 0x00,
  0xdc, 0x05, 0x00, 0x00, 0xd4, 0x05, 0x00, 0x00, 0xcc, 0x05, 0x00, 0x00,
  0xc4, 0x05, 0x00, 0x00, 0xbc, 0x05, 0x00, 0x00, 0xb4, 0x05, 0x00, 0x00,
  0xac, 0x05, 0x00, 0x00, 0xa4, 0x05, 0x00, 0x00, 0x9c, 0x05, 0x00, 0x00,
  0x94, 0x05, 0x00, 0x00, 0x8c, 0x05, 0x00, 0x00, 0x84, 0x05, 0x00, 0x00,
  0x7c, 0x05, 0x00, 0x00, 0x74, 0x05, 0x00, 0x00, 0x6c, 0x05, 0x00, 0x00,
  0x64, 0x05, 0x00, 0x00, 0x5c, 0x05, 0x00, 0x00, 0x54, 0x05, 0x00, 0x00,
  0x4c, 0x05, 0x00, 0x00, 0x44, 0x05, 0x00, 0x00, 0x3c, 0x05, 0x00, 0x00,
  0x34, 0x05, 0x00, 0x00, 0x2c, 0x05, 0x00, 0x00, 0x24, 0x05, 0x00, 0x00,
  0x1c, 0x05, 0x00, 0x00, 0x14, 0x05, 0x00, 0x00, 0x0c, 0x05, 0x00, 0x00,
  0x04, 0x05, 0x00, 0x00, 0xfc, 0x04, 0x00, 0x00, 0xf4, 0x04, 0x00, 0x00,
  0xec, 0x04, 0x00, 0x00, 0xe4, 0x04, 0x00, 0x00, 0xdc, 0x04, 0x00, 0x00,
  0xd4, 0x04, 0x00, 0x00, 0xcc, 0x04, 0x00, 0x00, 0xc4, 0x04, 0x00, 0x00,
  0xbc, 0x04, 0x00, 0x00, 0xb4, 0x04, 0x00, 0x00, 0xac, 0x04, 0x00, 0x00,
  0xa4, 0x04, 0x00, 0x00, 0x9c, 0x04, 0x00, 0x00, 0x94, 0x04, 0x00, 0x00,
  0x8c, 0x04, 0x00, 0x00, 0x84, 0x04, 0x00, 0x00, 0x7c, 0x04, 0x00, 0x00,
  0x74, 0x04, 0x00, 0x00, 0x6c, 0x04, 0x00, 0x00, 0x64, 0x04, 0x00, 0x00,
  0x5c, 0x04, 0x00, 0x00, 0x54, 0x04, 0x00, 0x00, 0x4c, 0x04, 0x00, 0x00,
  0x44, 0x04, 0x00, 0x00, 0x3c, 0x04, 0x00, 0x00, 0x34, 0x04, 0x00, 0x00,
  0x2c, 0x04, 0x00, 0x00, 0x24, 0x04, 0x00, 0x00, 0x1c, 0x04, 0x00, 0x00,
  0x14, 0x04, 0x00, 0x00, 0x0c, 0x04, 0x00, 0x00, 0x04, 0x04, 0x00, 0x00,
  0xfc, 0x03, 0x00, 0x00, 0xf4, 0x03, 0x00, 0x00, 0xec, 0x03, 0x00, 0x00,
  0xe4, 0x03, 0x00, 0x00, 0xdc, 0x03, 0x00, 0x00, 0xd4, 0x03, 0x00, 0x00,
  0xcc, 0x03, 0x00, 0x00, 0xc4, 0x03, 0x00, 0x00, 0xbc, 0x03, 0x00, 0x00,
  0xb4, 0x03, 0x00, 0x00, 0xac, 0x03, 0x00, 0x00, 0xa4, 0x03, 0x00, 0x00,
  0x9c, 0x03, 0x00, 0x00, 0x94, 0x03, 0x00, 0x00, 0x8c, 0x03, 0x00, 0x00,
  0x84, 0x03, 0x00, 0x00, 0x7c, 0x03, 0x00, 0x00, 0x74, 0x03, 0x00, 0x00,
  0x6c, 0x03, 0x00, 0x00, 0x64, 0x03, 0x00, 0x00, 0x5c, 0x03, 0x00, 0x00,
  0x54, 0x03, 0x00, 0x00, 0x4c, 0x03, 0x00, 0x00, 0x44, 0x03, 0x00, 0x00,
  0x3c, 0x03, 0x00, 0x00, 0x34, 0x03, 0x00, 0x00, 0x2c, 0x03, 0x00, 0x00,
  0x24, 0x03, 0x00, 0x00, 0x1c, 0x03, 0x00, 0x00, 0x14, 0x03, 0x00, 0x00,
  0x0c, 0x03, 0x00, 0x00, 0x04, 0x03, 0x00, 0x00, 0xfc, 0x02, 0x00, 0x00,
  0xf4, 0x02, 0x00, 0x00, 0xec, 0x02, 0x00, 0x00, 0xe4, 0x02, 0x00, 0x00,
  0xdc, 0x02, 0x00, 0x00, 0xd4, 0x02, 0x00, 0x00, 0xcc, 0x02, 0x00, 0x00,
  0xc4, 0x02, 0x00, 0x00, 0xbc, 0x02, 0x00, 0x00, 0xb4, 0x02, 0x00, 0x00,
  0xac, 0x02, 0x00, 0x00, 0xa4, 0x02, 0x00, 0x00, 0x9c, 0x02, 0x00, 0x00,
  0x94, 0x02, 0x00, 0x00, 0x8c, 0x02, 0x00, 0x00, 0x84, 0x02, 0x00, 0x00,
  0x7c, 0x02, 0x00, 0x00, 0x74, 0x02, 0x00, 0x00, 0x6c, 0x02, 0x00, 0x00,
  0x64, 0x02, 0x00, 0x00, 0x5c, 0x02, 0x00, 0x00, 0x54, 0x02, 0x00, 0x00,
  0x4c, 0x02, 0x00, 0x00, 0x44, 0x02, 0x00, 0x00, 0x3c, 0x02, 0x00, 0x00,
  0x34, 0x02, 0x00, 0x00, 0x2c, 0x02, 0x00, 0x00, 0x24, 0x02, 0x00, 0x00,
  0x1c, 0x02, 0x00, 0x00, 0x14, 0x02, 0x00, 0x00, 0x0c, 0x02, 0x00, 0x00,
  0x04, 0x02, 0x00, 0x00, 0xfc, 0x01, 0x00, 0x00, 0xf4, 0x01, 0x00, 0x00,
  0xec, 0x01, 0x00, 0x00, 0xe4, 0x01, 0x00, 0x00, 0xdc, 0x01, 0x00, 0x00,
  0xd4, 0x01, 0x00, 0x00, 0xcc, 0x01, 0x00, 0x00, 0xc4, 0x01, 0x00, 0x00,
  0xbc, 0x01, 0x00, 0x00, 0xb4, 0x01, 0x00, 0x00, 0xac, 0x01, 0x00, 0x00,
  0xa4, 0x01, 0x00, 0x00, 0x9c, 0x01, 0x00, 0x00, 0x94, 0x01, 0x00, 0x00,
  0x8c, 0x01, 0x00, 0x00, 0x84, 0x01, 0x00, 0x00, 0x7c, 0x01, 0x00, 0x00,
  0x74, 0x01, 0x00, 0x00, 0x6c, 0x01, 0x00, 0x00, 0x64, 0x01, 0x00, 0x00,
  0x5c, 0x01, 0x00, 0x00, 0x54, 0x01, 0x00, 0x00, 0x4c, 0x01, 0x00, 0x00,
  0x44, 0x01, 0x00, 0x00, 0x3c, 0x01, 0x00, 0x00, 0x34, 0x01, 0x00, 0x00,
  0x2c, 0x01, 0x00, 0x00, 0x24, 0x01, 0x00, 0x00, 0x1c, 0x01, 0x00, 0x00,
  0x14, 0x01, 0x00, 0x00, 0x0c, 0x01, 0x00, 0x00, 0x04, 0x01, 0x00, 0x00,
  0xfc, 0x00, 0x00, 0x00, 0xf4, 0x00, 0x00, 0x00, 0xec, 0x00, 0x00, 0x00,
  0xe4, 0x00, 0x00, 0x00, 0xdc, 0x00, 0x00, 0x00, 0xd4, 0x00, 0x00, 0x00,
  0xcc, 0x00, 0x00, 0x00, 0xc4, 0x00, 0x00, 0x00, 0xbc, 0x00, 0x00, 0x00,
  0xb4, 0x00, 0x00, 0x00, 0xac, 0x00, 0x00, 0x00, 0xa4, 0x00, 0x00, 0x00,
  0x9c, 0x00, 0x00, 0x00, 0x94, 0x00, 0x00, 0x00, 0x74, 0x00, 0x00, 0x00,
  0x04, 0x00, 0x00, 0x00, 0x62, 0xc1, 0xff, 0xff, 0x04, 0x00, 0x00, 0x00,
  0x60, 0x00, 0x00, 0x00, 0x10, 0x00, 0x00, 0x00, 0x00, 0x00, 0x00, 0x00,
  0x08, 0x00, 0x0e, 0x00, 0x08, 0x00, 0x04, 0x00, 0x08, 0x00, 0x00, 0x00,
  0x10, 0x00, 0x00, 0x00, 0x24, 0x00, 0x00, 0x00, 0x00, 0x00, 0x06, 0x00,
  0x08, 0x00, 0x04, 0x00, 0x06, 0x00, 0x00, 0x00, 0x04, 0x00, 0x00, 0x00,
  0x00, 0x00, 0x00, 0x00, 0x0c, 0x00, 0x18, 0x00, 0x14, 0x00, 0x10, 0x00,
  0x0c, 0x00, 0x04, 0x00, 0x0c, 0x00, 0x00, 0x00, 0x6b, 0x71, 0x99, 0xfa,
  0x32, 0x03, 0xc8, 0x4f, 0x01, 0x00, 0x00, 0x00, 0x02, 0x00, 0x00, 0x00,
  0x04, 0x00, 0x00, 0x00, 0x06, 0x00, 0x00, 0x00, 0x32, 0x2e, 0x32, 0x31,
  0x2e, 0x30, 0x00, 0x00, 0xce, 0xc1, 0xff, 0xff, 0x04, 0x00, 0x00, 0x00,
  0x10, 0x00, 0x00, 0x00, 0x31, 0x2e, 0x31, 0x34, 0x2e, 0x30, 0x00, 0x00,
  0x00, 0x00, 0x00, 0x00, 0x00, 0x00, 0x00, 0x00, 0x74, 0x7c, 0xff, 0xff,
  0x78, 0x7c, 0xff, 0xff, 0x7c, 0x7c, 0xff, 0xff, 0x80, 0x7c, 0xff, 0xff,
  0x84, 0x7c, 0xff, 0xff, 0x88, 0x7c, 0xff, 0xff, 0x8c, 0x7c, 0xff, 0xff,
  0x90, 0x7c, 0xff, 0xff, 0x94, 0x7c, 0xff, 0xff, 0x98, 0x7c, 0xff, 0xff,
  0x9c, 0x7c, 0xff, 0xff, 0xa0, 0x7c, 0xff, 0xff, 0xa4, 0x7c, 0xff, 0xff,
  0xa8, 0x7c, 0xff, 0xff, 0xac, 0x7c, 0xff, 0xff, 0xb0, 0x7c, 0xff, 0xff,
  0xb4, 0x7c, 0xff, 0xff, 0xb8, 0x7c, 0xff, 0xff, 0xbc, 0x7c, 0xff, 0xff,
  0xc0, 0x7c, 0xff, 0xff, 0xc4, 0x7c, 0xff, 0xff, 0xc8, 0x7c, 0xff, 0xff,
  0xcc, 0x7c, 0xff, 0xff, 0xd0, 0x7c, 0xff, 0xff, 0xd4, 0x7c, 0xff, 0xff,
  0xd8, 0x7c, 0xff, 0xff, 0xdc, 0x7c, 0xff, 0xff, 0xe0, 0x7c, 0xff, 0xff,
  0xe4, 0x7c, 0xff, 0xff, 0xe8, 0x7c, 0xff, 0xff, 0xec, 0x7c, 0xff, 0xff,
  0xf0, 0x7c, 0xff, 0xff, 0xf4, 0x7c, 0xff, 0xff, 0xf8, 0x7c, 0xff, 0xff,
  0xfc, 0x7c, 0xff, 0xff, 0x00, 0x7d, 0xff, 0xff, 0x04, 0x7d, 0xff, 0xff,
  0x08, 0x7d, 0xff, 0xff, 0x0c, 0x7d, 0xff, 0xff, 0x10, 0x7d, 0xff, 0xff,
  0x14, 0x7d, 0xff, 0xff, 0x18, 0x7d, 0xff, 0xff, 0x1c, 0x7d, 0xff, 0xff,
  0x20, 0x7d, 0xff, 0xff, 0x24, 0x7d, 0xff, 0xff, 0x28, 0x7d, 0xff, 0xff,
  0x2c, 0x7d, 0xff, 0xff, 0x30, 0x7d, 0xff, 0xff, 0x34, 0x7d, 0xff, 0xff,
  0x38, 0x7d, 0xff, 0xff, 0x3c, 0x7d, 0xff, 0xff, 0x40, 0x7d, 0xff, 0xff,
  0x44, 0x7d, 0xff, 0xff, 0x48, 0x7d, 0xff, 0xff, 0x4c, 0x7d, 0xff, 0xff,
  0x50, 0x7d, 0xff, 0xff, 0x54, 0x7d, 0xff, 0xff, 0x58, 0x7d, 0xff, 0xff,
  0x5c, 0x7d, 0xff, 0xff, 0x60, 0x7d, 0xff, 0xff, 0x64, 0x7d, 0xff, 0xff,
  0x68, 0x7d, 0xff, 0xff, 0x6c, 0x7d, 0xff, 0xff, 0x70, 0x7d, 0xff, 0xff,
  0x74, 0x7d, 0xff, 0xff, 0x78, 0x7d, 0xff, 0xff, 0x7c, 0x7d, 0xff, 0xff,
  0x80, 0x7d, 0xff, 0xff, 0x84, 0x7d, 0xff, 0xff, 0x88, 0x7d, 0xff, 0xff,
  0x8c, 0x7d, 0xff, 0xff, 0x90, 0x7d, 0xff, 0xff, 0x94, 0x7d, 0xff, 0xff,
  0x98, 0x7d, 0xff, 0xff, 0x9c, 0x7d, 0xff, 0xff, 0xa0, 0x7d, 0xff, 0xff,
  0xa4, 0x7d, 0xff, 0xff, 0xa8, 0x7d, 0xff, 0xff, 0xac, 0x7d, 0xff, 0xff,
  0xb0, 0x7d, 0xff, 0xff, 0xb4, 0x7d, 0xff, 0xff, 0xb8, 0x7d, 0xff, 0xff,
  0xbc, 0x7d, 0xff, 0xff, 0xc0, 0x7d, 0xff, 0xff, 0xc4, 0x7d, 0xff, 0xff,
  0xc8, 0x7d, 0xff, 0xff, 0xcc, 0x7d, 0xff, 0xff, 0xd0, 0x7d, 0xff, 0xff,
  0xd4, 0x7d, 0xff, 0xff, 0xd8, 0x7d, 0xff, 0xff, 0xdc, 0x7d, 0xff, 0xff,
  0xe0, 0x7d, 0xff, 0xff, 0xe4, 0x7d, 0xff, 0xff, 0xe8, 0x7d, 0xff, 0xff,
  0xec, 0x7d, 0xff, 0xff, 0xf0, 0x7d, 0xff, 0xff, 0xf4, 0x7d, 0xff, 0xff,
  0xf8, 0x7d, 0xff, 0xff, 0xfc, 0x7d, 0xff, 0xff, 0x00, 0x7e, 0xff, 0xff,
  0x04, 0x7e, 0xff, 0xff, 0x08, 0x7e, 0xff, 0xff, 0x0c, 0x7e, 0xff, 0xff,
  0x10, 0x7e, 0xff, 0xff, 0x14, 0x7e, 0xff, 0xff, 0x18, 0x7e, 0xff, 0xff,
  0x1c, 0x7e, 0xff, 0xff, 0x20, 0x7e, 0xff, 0xff, 0x24, 0x7e, 0xff, 0xff,
  0x28, 0x7e, 0xff, 0xff, 0x2c, 0x7e, 0xff, 0xff, 0x30, 0x7e, 0xff, 0xff,
  0x34, 0x7e, 0xff, 0xff, 0x38, 0x7e, 0xff, 0xff, 0x3c, 0x7e, 0xff, 0xff,
  0x40, 0x7e, 0xff, 0xff, 0x44, 0x7e, 0xff, 0xff, 0x48, 0x7e, 0xff, 0xff,
  0x4c, 0x7e, 0xff, 0xff, 0x50, 0x7e, 0xff, 0xff, 0x54, 0x7e, 0xff, 0xff,
  0x58, 0x7e, 0xff, 0xff, 0x5c, 0x7e, 0xff, 0xff, 0x60, 0x7e, 0xff, 0xff,
  0x64, 0x7e, 0xff, 0xff, 0x68, 0x7e, 0xff, 0xff, 0x6c, 0x7e, 0xff, 0xff,
  0x70, 0x7e, 0xff, 0xff, 0x74, 0x7e, 0xff, 0xff, 0x78, 0x7e, 0xff, 0xff,
  0x7c, 0x7e, 0xff, 0xff, 0x80, 0x7e, 0xff, 0xff, 0x84, 0x7e, 0xff, 0xff,
  0x88, 0x7e, 0xff, 0xff, 0x8c, 0x7e, 0xff, 0xff, 0x90, 0x7e, 0xff, 0xff,
  0x94, 0x7e, 0xff, 0xff, 0x98, 0x7e, 0xff, 0xff, 0x9c, 0x7e, 0xff, 0xff,
  0xa0, 0x7e, 0xff, 0xff, 0xa4, 0x7e, 0xff, 0xff, 0xa8, 0x7e, 0xff, 0xff,
  0xac, 0x7e, 0xff, 0xff, 0xb0, 0x7e, 0xff, 0xff, 0xb4, 0x7e, 0xff, 0xff,
  0xb8, 0x7e, 0xff, 0xff, 0xbc, 0x7e, 0xff, 0xff, 0xc0, 0x7e, 0xff, 0xff,
  0xc4, 0x7e, 0xff, 0xff, 0xc8, 0x7e, 0xff, 0xff, 0xcc, 0x7e, 0xff, 0xff,
  0xd0, 0x7e, 0xff, 0xff, 0xd4, 0x7e, 0xff, 0xff, 0xd8, 0x7e, 0xff, 0xff,
  0xdc, 0x7e, 0xff, 0xff, 0xe0, 0x7e, 0xff, 0xff, 0xe4, 0x7e, 0xff, 0xff,
  0xe8, 0x7e, 0xff, 0xff, 0xec, 0x7e, 0xff, 0xff, 0xf0, 0x7e, 0xff, 0xff,
  0xf4, 0x7e, 0xff, 0xff, 0xf8, 0x7e, 0xff, 0xff, 0xfc, 0x7e, 0xff, 0xff,
  0x00, 0x7f, 0xff, 0xff, 0x04, 0x7f, 0xff, 0xff, 0x08, 0x7f, 0xff, 0xff,
  0x0c, 0x7f, 0xff, 0xff, 0x10, 0x7f, 0xff, 0xff, 0x14, 0x7f, 0xff, 0xff,
  0x18, 0x7f, 0xff, 0xff, 0x1c, 0x7f, 0xff, 0xff, 0x20, 0x7f, 0xff, 0xff,
  0x24, 0x7f, 0xff, 0xff, 0x28, 0x7f, 0xff, 0xff, 0x2c, 0x7f, 0xff, 0xff,
  0x30, 0x7f, 0xff, 0xff, 0x34, 0x7f, 0xff, 0xff, 0x38, 0x7f, 0xff, 0xff,
  0x3c, 0x7f, 0xff, 0xff, 0x40, 0x7f, 0xff, 0xff, 0xba, 0xc4, 0xff, 0xff,
  0x04, 0x00, 0x00, 0x00, 0x0c, 0x00, 0x00, 0x00, 0x01, 0x00, 0x00, 0x00,
  0x0a, 0x00, 0x00, 0x00, 0x09, 0x00, 0x00, 0x00, 0xd2, 0xc4, 0xff, 0xff,
  0x04, 0x00, 0x00, 0x00, 0x04, 0x00, 0x00, 0x00, 0x01, 0x00, 0x00, 0x00,
  0xe2, 0xc4, 0xff, 0xff, 0x04, 0x00, 0x00, 0x00, 0x04, 0x00, 0x00, 0x00,
  0x00, 0x00, 0x00, 0x00, 0xf2, 0xc4, 0xff, 0xff, 0x04, 0x00, 0x00, 0x00,
  0x04, 0x00, 0x00, 0x00, 0x02, 0x00, 0x00, 0x00, 0x02, 0xc5, 0xff, 0xff,
  0x04, 0x00, 0x00, 0x00, 0x04, 0x00, 0x00, 0x00, 0x03, 0x00, 0x00, 0x00,
  0x12, 0xc5, 0xff, 0xff, 0x04, 0x00, 0x00, 0x00, 0x04, 0x00, 0x00, 0x00,
  0x04, 0x00, 0x00, 0x00, 0x22, 0xc5, 0xff, 0xff, 0x04, 0x00, 0x00, 0x00,
  0x04, 0x00, 0x00, 0x00, 0x05, 0x00, 0x00, 0x00, 0x32, 0xc5, 0xff, 0xff,
  0x04, 0x00, 0x00, 0x00, 0x04, 0x00, 0x00, 0x00, 0x06, 0x00, 0x00, 0x00,
  0x42, 0xc5, 0xff, 0xff, 0x04, 0x00, 0x00, 0x00, 0x04, 0x00, 0x00, 0x00,
  0x07, 0x00, 0x00, 0x00, 0x52, 0xc5, 0xff, 0xff, 0x04, 0x00, 0x00, 0x00,
  0x04, 0x00, 0x00, 0x00, 0x08, 0x00, 0x00, 0x00, 0x62, 0xc5, 0xff, 0xff,
  0x04, 0x00, 0x00, 0x00, 0x04, 0x00, 0x00, 0x00, 0x09, 0x00, 0x00, 0x00,
  0x72, 0xc5, 0xff, 0xff, 0x04, 0x00, 0x00, 0x00, 0x0c, 0x00, 0x00, 0x00,
  0x01, 0x00, 0x00, 0x00, 0x01, 0x00, 0x00, 0x00, 0x10, 0x00, 0x00, 0x00,
  0x8a, 0xc5, 0xff, 0xff, 0x04, 0x00, 0x00, 0x00, 0x00, 0x09, 0x00, 0x00,
  0x65, 0xb4, 0x6c, 0xbd, 0x9a, 0x77, 0xcb, 0xbd, 0xad, 0xe5, 0x4e, 0xbe,
  0x04, 0xe7, 0x85, 0x3d, 0xd4, 0x6b, 0x15, 0x3e, 0x97, 0xd6, 0x4e, 0x3e,
  0x16, 0xc5, 0x86, 0x3c, 0x7f, 0x94, 0x62, 0x3d, 0x28, 0x84, 0x62, 0x3e,
  0x95, 0x70, 0x36, 0xbc, 0x0f, 0xb3, 0xa7, 0xbd, 0x8f, 0x23, 0x22, 0x3e,
  0x0f, 0x6b, 0x50, 0x3a, 0xb0, 0xa2, 0x6b, 0x3d, 0x8b, 0x5c, 0x20, 0x3c,
  0x95, 0xcd, 0x47, 0x3e, 0xec, 0x4f, 0x4f, 0x3d, 0x63, 0x56, 0x9a, 0x3d,
  0x5e, 0x57, 0x31, 0x3e, 0xdf, 0x4c, 0xfc, 0xbc, 0x71, 0x93, 0x4d, 0x3e,
  0xb7, 0x90, 0x18, 0x3e, 0x43, 0x37, 0x32, 0x3e, 0x19, 0xbc, 0x23, 0x3e,
  0x5f, 0xb0, 0xbe, 0x3d, 0xd3, 0xb9, 0x79, 0xbd, 0x75, 0x74, 0x6d, 0xbe,
  0x5a, 0xd4, 0x31, 0x3e, 0x36, 0x4c, 0x8f, 0x3d, 0x07, 0xb8, 0xcd, 0x3c,
  0x49, 0x0a, 0x78, 0x3e, 0xba, 0x34, 0xe2, 0xbc, 0x9e, 0xd0, 0x2e, 0xba,
  0xaa, 0x9f, 0x16, 0x3d, 0x87, 0x21, 0x4b, 0x3d, 0xe3, 0xe2, 0xb7, 0xbd,
  0x4a, 0xf9, 0xc1, 0xbb, 0xbe, 0x77, 0x83, 0xbe, 0x29, 0x9a, 0x32, 0xbe,
  0xf2, 0xd3, 0xf6, 0x3c, 0xed, 0xba, 0x92, 0x3e, 0x94, 0xe2, 0x32, 0xbe,
  0xea, 0x15, 0x74, 0x3c, 0x85, 0x51, 0xe9, 0xbd, 0x06, 0xf2, 0x63, 0xbd,
  0x50, 0x73, 0x17, 0x3e, 0xad, 0x78, 0x09, 0xbc, 0xd9, 0x32, 0x73, 0x3e,
  0x7f, 0x3c, 0x2f, 0x3d, 0xe1, 0xa3, 0x10, 0x3e, 0x32, 0xd4, 0xbc, 0xbd,
  0xbb, 0xc7, 0x2b, 0x3e, 0xb5, 0x31, 0x2f, 0x3e, 0x48, 0xa8, 0xf7, 0xbd,
  0xac, 0x3a, 0x8b, 0xbe, 0x69, 0x10, 0x4d, 0xbd, 0x25, 0xfe, 0x16, 0x3d,
  0x4a, 0x89, 0xfb, 0xbd, 0x32, 0x33, 0xc3, 0x3e, 0x33, 0x03, 0xa7, 0x3e,
  0x73, 0xb8, 0x4e, 0x3e, 0xec, 0x50, 0x21, 0x3d, 0x9a, 0x1b, 0x26, 0xbe,
  0x4b, 0x67, 0x47, 0xbe, 0xe7, 0x0b, 0x01, 0x3e, 0x4d, 0xd1, 0x6a, 0x3d,
  0x12, 0xf9, 0x0b, 0xbe, 0x49, 0x13, 0xcf, 0x3d, 0x8c, 0x19, 0x88, 0x3d,
  0x43, 0xce, 0x82, 0xbd, 0x7b, 0xe2, 0x36, 0xbe, 0xb9, 0x97, 0xba, 0xbd,
  0x61, 0xd3, 0x38, 0x3d, 0x2d, 0xc9, 0x0c, 0x3e, 0xd2, 0x60, 0xef, 0xbd,
  0x56, 0x97, 0x76, 0xbc, 0x34, 0x0c, 0x6c, 0x3e, 0x27, 0x91, 0xa1, 0x3d,
  0xd4, 0xe0, 0xd5, 0xbc, 0xf6, 0xc2, 0x03, 0x3d, 0xec, 0xbd, 0x04, 0xbd,
  0xef, 0x1b, 0xf0, 0x3b, 0x97, 0x6a, 0x5f, 0x3d, 0xef, 0x5f, 0xc6, 0x3d,
  0xf2, 0xc9, 0x0b, 0xbd, 0xde, 0x09, 0x1e, 0x3e, 0xdc, 0x19, 0x4c, 0x3e,
  0x47, 0x65, 0x01, 0x3e, 0xbf, 0x3a, 0x07, 0x3e, 0x32, 0x04, 0xe2, 0x3d,
  0xf2, 0x55, 0xa5, 0x3d, 0x8b, 0x1a, 0x02, 0x3e, 0x2c, 0x57, 0xe7, 0x3d,
  0xab, 0x0e, 0x88, 0xbd, 0x8a, 0xd9, 0x52, 0x3e, 0x57, 0xac, 0x62, 0x3e,
  0xc7, 0xf8, 0x60, 0x3d, 0x88, 0x3f, 0x2c, 0xbe, 0x61, 0xbe, 0x58, 0xbe,
  0x40, 0xbb, 0xca, 0xbd, 0xd8, 0xc2, 0x68, 0x3d, 0xf4, 0xa9, 0x0d, 0xbe,
  0xf5, 0xf7, 0x85, 0xbd, 0x40, 0x64, 0xc3, 0x3c, 0x69, 0x50, 0xad, 0x3d,
  0x72, 0x6b, 0xb3, 0x3d, 0x16, 0x72, 0x01, 0xbe, 0x0e, 0x2d, 0x7b, 0xbd,
  0x3d, 0x8f, 0xd4, 0x3e, 0x81, 0x91, 0xc5, 0xbd, 0x20, 0x2d, 0x40, 0x3c,
  0x07, 0x39, 0x3f, 0xbe, 0xb1, 0xcc, 0x64, 0x3e, 0x30, 0x8a, 0x10, 0x3d,
  0x17, 0xa8, 0x6e, 0x3e, 0x8f, 0x90, 0xd1, 0xbd, 0x93, 0xb1, 0xc9, 0x3c,
  0x40, 0xca, 0xf1, 0xbd, 0xd8, 0x42, 0xa3, 0xbd, 0xa1, 0xdc, 0xd6, 0xbc,
  0xdc, 0xfc, 0xa3, 0xbc, 0x1b, 0xc4, 0x90, 0xbd, 0x37, 0xf2, 0x57, 0x3e,
  0x62, 0x42, 0x8e, 0xba, 0x56, 0x25, 0x4c, 0xbd, 0x50, 0xda, 0xdc, 0x3c,
  0x56, 0xde, 0xf2, 0xbd, 0xfe, 0x19, 0xfc, 0xbd, 0x74, 0xd1, 0x83, 0xbb,
  0x28, 0x1f, 0x25, 0x3d, 0x63, 0x51, 0xba, 0x3e, 0x13, 0xb4, 0x9e, 0x3c,
  0x46, 0x29, 0x46, 0x3e, 0x54, 0x53, 0xb8, 0xbc, 0xc9, 0xe5, 0x13, 0x3e,
  0x56, 0xda, 0x31, 0x3d, 0x48, 0x04, 0x05, 0xbd, 0x3a, 0x72, 0x7d, 0xbe,
  0xf2, 0xad, 0x58, 0x3d, 0x38, 0x31, 0xcb, 0x3d, 0x56, 0xf3, 0xe9, 0x3d,
  0x2e, 0xc2, 0x51, 0x3c, 0x37, 0xd8, 0x97, 0x3d, 0x27, 0x8c, 0x3f, 0xbe,
  0x34, 0x34, 0x17, 0xbe, 0xff, 0xd6, 0x94, 0xbc, 0xdd, 0xae, 0x2c, 0xbe,
  0x90, 0x2d, 0x17, 0x3e, 0x4b, 0x70, 0xb4, 0x3e, 0x17, 0xce, 0x15, 0xbe,
  0x71, 0x8f, 0xce, 0x3c, 0x4c, 0x77, 0x11, 0x3e, 0x6b, 0x85, 0xc1, 0x3d,
  0xe7, 0x49, 0x1c, 0xbc, 0xdb, 0x60, 0xf1, 0xbc, 0x0d, 0xd5, 0xc5, 0x3e,
  0xee, 0x79, 0xcd, 0xbd, 0xbf, 0x43, 0xa5, 0x3e, 0xd9, 0x74, 0xe5, 0xbd,
  0x7b, 0xb6, 0xd1, 0x3d, 0x66, 0x61, 0x99, 0x3d, 0x87, 0x0c, 0x14, 0xbe,
  0x0f, 0xcc, 0xbc, 0x3d, 0x66, 0x7a, 0x1c, 0xbb, 0x2f, 0xd1, 0xb2, 0x3d,
  0x17, 0xa4, 0x8c, 0x3e, 0x89, 0xf3, 0xc8, 0x3d, 0xa2, 0x16, 0xd9, 0x3d,
  0x65, 0x0c, 0x70, 0xbd, 0x70, 0x81, 0x95, 0x3d, 0x37, 0x15, 0xf8, 0x3a,
  0xb2, 0x88, 0x9e, 0x3d, 0xb6, 0x78, 0x0f, 0x3d, 0x84, 0xc6, 0x19, 0x3c,
  0x7c, 0x62, 0x85, 0x3d, 0xb4, 0xc9, 0x89, 0x3e, 0x85, 0x0e, 0x91, 0x3e,
  0x3e, 0x83, 0x93, 0xbd, 0xfb, 0xfa, 0x0d, 0x3d, 0xf2, 0xd0, 0x72, 0x3d,
  0xe5, 0x71, 0x7b, 0x3c, 0x82, 0x60, 0x47, 0xbe, 0xd4, 0x59, 0x0f, 0xbe,
  0x42, 0xe8, 0x3a, 0x3e, 0x6c, 0x60, 0x66, 0x3e, 0xcc, 0x5a, 0x5f, 0xbe,
  0xb8, 0xc0, 0xd7, 0xbd, 0x56, 0x87, 0x80, 0xbd, 0x29, 0xe5, 0x22, 0xbd,
  0xcf, 0x7b, 0xb7, 0x3c, 0xee, 0xfe, 0x42, 0xbe, 0xc2, 0xf8, 0x24, 0x3e,
  0xa5, 0xa2, 0x73, 0xbe, 0x71, 0xa8, 0x30, 0x3c, 0x26, 0x4d, 0xd3, 0x3d,
  0x49, 0x38, 0x9b, 0xbd, 0x1a, 0xd9, 0x30, 0x3e, 0xe8, 0xb3, 0x50, 0xbd,
  0x14, 0xab, 0xff, 0xbd, 0x57, 0x4e, 0x16, 0xbe, 0x92, 0x9e, 0xbf, 0x3d,
  0xc0, 0x2c, 0x43, 0x3d, 0x99, 0xec, 0xb9, 0x3e, 0xac, 0x95, 0x68, 0xbd,
  0xf6, 0x69, 0xe0, 0xbc, 0x9c, 0x1c, 0xe4, 0xbc, 0x70, 0xdd, 0x9c, 0x3d,
  0xb0, 0x45, 0xb5, 0xbd, 0xbd, 0x5f, 0x81, 0x3d, 0x35, 0x30, 0x15, 0x3d,
  0x34, 0x83, 0x4b, 0xbe, 0x84, 0xbb, 0x3d, 0xbd, 0x0f, 0x09, 0x81, 0x3e,
  0xd2, 0xf5, 0xed, 0xbd, 0xe4, 0x50, 0xb0, 0xbb, 0x22, 0xb9, 0x89, 0xbd,
  0x78, 0x7e, 0xf5, 0x3c, 0x70, 0x52, 0xd8, 0x3d, 0x5d, 0x3f, 0xc1, 0xbd,
  0xd1, 0x8e, 0x23, 0x3d, 0xbb, 0x1e, 0x15, 0x3d, 0x1d, 0x19, 0x07, 0x3e,
  0xf9, 0xaf, 0xa1, 0xbc, 0x60, 0xa6, 0xb1, 0xbd, 0x95, 0xbb, 0x10, 0xbd,
  0xbf, 0x8a, 0x9a, 0x3b, 0xcb, 0x1f, 0x9e, 0x3d, 0xda, 0x27, 0x7b, 0x3e,
  0x3d, 0x1c, 0x38, 0xbe, 0x73, 0xcb, 0x53, 0xbe, 0x27, 0x60, 0xb1, 0xbd,
  0xc6, 0x7a, 0x13, 0x3d, 0x82, 0x1e, 0x43, 0x3e, 0x4b, 0x73, 0x27, 0x3e,
  0x9e, 0xca, 0x29, 0x3d, 0x01, 0x76, 0x3e, 0x3e, 0xed, 0xdc, 0x6b, 0x3d,
  0x34, 0xe9, 0x38, 0xbe, 0xa4, 0xc4, 0x26, 0x3e, 0x34, 0x18, 0x1f, 0x3e,
  0x03, 0xae, 0xca, 0xbd, 0x6a, 0x0b, 0x8f, 0x3d, 0x06, 0x85, 0xea, 0x3b,
  0x10, 0xeb, 0x27, 0xbd, 0xdc, 0x61, 0x60, 0x3d, 0xd7, 0x80, 0x36, 0xbe,
  0x05, 0xd4, 0xbb, 0x3d, 0x55, 0xdd, 0xa3, 0x3d, 0x04, 0xe4, 0xd1, 0x3d,
  0x1d, 0xed, 0x17, 0xbd, 0x00, 0xe3, 0xfa, 0xbd, 0x47, 0x99, 0x66, 0x3e,
  0x51, 0xe7, 0x82, 0x3e, 0xba, 0xa7, 0x89, 0xbc, 0x1e, 0x50, 0xba, 0xbc,
  0xcb, 0x2d, 0xb9, 0x3d, 0x23, 0xb8, 0xd4, 0x3e, 0xf7, 0xbb, 0x9f, 0x3e,
  0x5b, 0x09, 0xae, 0x3d, 0xea, 0xfe, 0xc5, 0xbd, 0xfc, 0x14, 0x9b, 0x3d,
  0x5f, 0xe4, 0x14, 0xbd, 0xc7, 0x25, 0x94, 0xbe, 0x06, 0x12, 0x26, 0xbe,
  0xb5, 0x30, 0x33, 0x3e, 0x3f, 0xec, 0x34, 0xbd, 0xd0, 0xd2, 0x75, 0x3e,
  0xda, 0x60, 0x7a, 0x3e, 0x32, 0x77, 0x9a, 0xbd, 0x61, 0xf2, 0x75, 0xbe,
  0x51, 0x6d, 0x49, 0xbe, 0x0d, 0x67, 0xe5, 0xbd, 0x0f, 0x71, 0x3b, 0x3d,
  0x54, 0x8f, 0x0d, 0xbe, 0x5f, 0x0d, 0x4a, 0x3d, 0x9a, 0x17, 0xef, 0xbd,
  0x9a, 0xa4, 0x93, 0x3d, 0xa1, 0xa4, 0x29, 0x3d, 0xa5, 0x53, 0x14, 0x3e,
  0x14, 0x11, 0x3f, 0x3d, 0x81, 0x54, 0x56, 0xbd, 0x2f, 0x69, 0x91, 0xbe,
  0x13, 0xfc, 0x11, 0x3c, 0x03, 0x4c, 0x99, 0xbd, 0x62, 0xa7, 0x9c, 0x3e,
  0x92, 0xac, 0xad, 0xbd, 0x10, 0x1d, 0xcf, 0x3d, 0x7e, 0x07, 0xac, 0xbd,
  0x1c, 0x4f, 0x95, 0xbd, 0x96, 0xca, 0xe1, 0xbd, 0xf6, 0x22, 0x6c, 0xbe,
  0x02, 0x14, 0xab, 0x3d, 0x18, 0xc8, 0xa2, 0x3e, 0x17, 0x5e, 0x10, 0x3e,
  0x04, 0x7e, 0x81, 0x3c, 0xf2, 0xe2, 0x98, 0x3d, 0x9b, 0x47, 0x54, 0x3e,
  0x51, 0x05, 0x80, 0xbc, 0xbc, 0x76, 0x05, 0xbe, 0x79, 0x3c, 0x84, 0x3e,
  0xad, 0xf3, 0xbc, 0xbd, 0xa4, 0xa2, 0x86, 0x3e, 0xca, 0x9a, 0x17, 0x3e,
  0x79, 0x47, 0x62, 0x3e, 0xe6, 0xb9, 0x90, 0x3d, 0x89, 0x36, 0x10, 0x3e,
  0xe8, 0x14, 0x36, 0xbe, 0x39, 0x22, 0xe6, 0x3c, 0x39, 0xba, 0x52, 0xbe,
  0x89, 0xac, 0x3b, 0xbe, 0xa6, 0x89, 0x0f, 0xbe, 0xbe, 0x8d, 0x50, 0xbd,
  0xd3, 0x5d, 0xe9, 0xbd, 0xb6, 0x49, 0x45, 0x3d, 0xc9, 0x6b, 0x8e, 0x3e,
  0xe1, 0x71, 0x15, 0xbe, 0x9d, 0x83, 0x79, 0xbd, 0xfd, 0x69, 0xb1, 0xbc,
  0x06, 0x88, 0x4c, 0xbe, 0x22, 0x05, 0x15, 0xbd, 0x1d, 0x68, 0xd5, 0xbc,
  0xeb, 0x8d, 0x85, 0xbc, 0xbc, 0x33, 0x1f, 0xbd, 0xd7, 0x88, 0x80, 0x3d,
  0xaf, 0x19, 0x8d, 0x3b, 0x88, 0x07, 0x24, 0x3e, 0xf9, 0x1d, 0xe4, 0x3d,
  0x89, 0x4d, 0x0f, 0x3d, 0xe2, 0x35, 0x75, 0xbe, 0xde, 0x29, 0x09, 0x3d,
  0xad, 0x3b, 0x59, 0x3d, 0xdc, 0xda, 0x6c, 0x3d, 0x58, 0xc4, 0x1f, 0xbb,
  0xc5, 0x53, 0x15, 0xbe, 0xe1, 0x59, 0x61, 0x3d, 0xfa, 0xdb, 0x82, 0xbe,
  0xdd, 0xf2, 0x4e, 0x3e, 0xc2, 0xbb, 0x2a, 0x3d, 0xb2, 0x85, 0xaf, 0x3d,
  0x08, 0xcc, 0x07, 0x3d, 0xbc, 0x18, 0x87, 0xbe, 0x0a, 0x68, 0xfe, 0x3c,
  0x12, 0x54, 0xc3, 0x3d, 0xc0, 0x3e, 0xe8, 0x3c, 0xd3, 0xad, 0x59, 0xbc,
  0xa4, 0x14, 0xbe, 0xbd, 0x29, 0x19, 0xd4, 0xbc, 0x87, 0xf3, 0x1f, 0xbe,
  0x23, 0xd7, 0x09, 0xbe, 0xc9, 0xd0, 0x75, 0x3d, 0x40, 0x5e, 0x36, 0x3d,
  0x5c, 0x07, 0x6c, 0x3e, 0xec, 0xd1, 0x19, 0xbe, 0x74, 0xad, 0x92, 0xbd,
  0xf5, 0x47, 0x50, 0x3e, 0x5d, 0xc4, 0x00, 0x3d, 0x1d, 0x85, 0xc6, 0x3b,
  0xce, 0xbd, 0xa6, 0x3d, 0x39, 0xca, 0x45, 0x3e, 0x8c, 0xb8, 0x34, 0x3e,
  0x7a, 0xfa, 0x4c, 0x3d, 0xb2, 0xa1, 0x27, 0x3e, 0x3c, 0xd8, 0x14, 0xbe,
  0xf7, 0x7a, 0xec, 0xbd, 0x5e, 0x17, 0xa5, 0x3e, 0x4d, 0x02, 0xe9, 0x3c,
  0x38, 0xeb, 0x71, 0xbd, 0x56, 0x41, 0xb3, 0x3b, 0x81, 0xde, 0xab, 0xbd,
  0x92, 0xca, 0x16, 0xbc, 0x8c, 0xd5, 0xab, 0xbd, 0x7d, 0xfb, 0x2c, 0xbe,
  0xf0, 0xb7, 0x6a, 0x3d, 0x91, 0xa5, 0x2d, 0xbe, 0x6c, 0x09, 0x7c, 0xbe,
  0xfa, 0x83, 0x25, 0xbe, 0x18, 0x11, 0x4a, 0xbe, 0xa9, 0x99, 0x2b, 0xbe,
  0x1d, 0xa9, 0x6d, 0xbd, 0x85, 0xad, 0xe6, 0xbd, 0x8a, 0xeb, 0x9f, 0xbd,
  0x76, 0x18, 0x0e, 0xbe, 0x37, 0xdc, 0x34, 0xbd, 0x18, 0x5e, 0x63, 0xbe,
  0x52, 0x88, 0xf1, 0xbd, 0x2d, 0x38, 0x04, 0x3e, 0x41, 0xda, 0x23, 0x3e,
  0xe1, 0x95, 0x4d, 0xbd, 0x44, 0xe3, 0xf1, 0x3c, 0x43, 0x2a, 0x96, 0xbd,
  0x9d, 0xfb, 0xd0, 0xbb, 0x02, 0xb1, 0xc5, 0x3d, 0x43, 0x14, 0x29, 0x3d,
  0x13, 0xb2, 0x19, 0x3d, 0xb1, 0xf1, 0x80, 0xbd, 0x8d, 0x55, 0xb4, 0xbc,
  0x88, 0x39, 0x70, 0x3e, 0x74, 0x3d, 0x52, 0xbd, 0xd1, 0x0f, 0x1d, 0x3a,
  0x26, 0x60, 0xd7, 0x3d, 0x53, 0xba, 0x89, 0x3e, 0x4f, 0xfa, 0x96, 0x3d,
  0x9d, 0xf9, 0x3b, 0x3e, 0x42, 0xd9, 0x05, 0xbd, 0xd9, 0x08, 0xe7, 0x3b,
  0x22, 0x58, 0x61, 0xbe, 0xfe, 0x9b, 0x1f, 0xbe, 0xe5, 0x34, 0x62, 0xbd,
  0xba, 0x05, 0x95, 0xbd, 0x78, 0x4c, 0x87, 0xbd, 0x6b, 0x39, 0xfd, 0x3d,
  0xf9, 0x7a, 0x11, 0x3d, 0x24, 0x69, 0x98, 0xbd, 0x9c, 0x55, 0x47, 0xbd,
  0xeb, 0x0d, 0x89, 0x3d, 0xc5, 0xca, 0x85, 0x3d, 0x84, 0x47, 0x2d, 0x3b,
  0x25, 0xcd, 0x51, 0xbc, 0x5a, 0x91, 0x35, 0xbe, 0xaa, 0xcf, 0xd5, 0xbc,
  0x20, 0x47, 0xc5, 0xbd, 0xd8, 0x78, 0x85, 0x3c, 0xd3, 0x2c, 0xc6, 0xbd,
  0xf8, 0x17, 0x04, 0xbd, 0xd3, 0x05, 0xe0, 0x3c, 0x0f, 0xdb, 0x43, 0x3e,
  0x87, 0xea, 0x9e, 0xbd, 0xa4, 0xff, 0xd6, 0xbd, 0xe3, 0xa3, 0xf6, 0xbd,
  0xd5, 0xb4, 0x5a, 0x3b, 0x41, 0x12, 0x85, 0xbd, 0x17, 0x34, 0xff, 0x3d,
  0xbb, 0x13, 0xbc, 0xbc, 0x38, 0x67, 0x8d, 0xbc, 0xcc, 0x00, 0x56, 0xbd,
  0x38, 0xea, 0x86, 0x3d, 0xc8, 0xc3, 0xb0, 0x3d, 0x42, 0xd7, 0x5b, 0x3d,
  0xc5, 0x86, 0x72, 0x3c, 0xf7, 0x0a, 0x97, 0xbb, 0x8c, 0x8a, 0x8b, 0x3d,
  0x5d, 0xf7, 0xa7, 0xbc, 0xa1, 0xb8, 0x34, 0xbe, 0x57, 0x51, 0xba, 0x3e,
  0xd0, 0x3d, 0x1c, 0xbe, 0x26, 0xb2, 0x88, 0x3e, 0x65, 0x47, 0x1a, 0x3e,
  0x33, 0xd9, 0x9d, 0x3e, 0x49, 0x51, 0x75, 0x3c, 0x9f, 0xc8, 0x2d, 0x3e,
  0x7b, 0x3a, 0xde, 0x3d, 0x39, 0x76, 0x69, 0xbc, 0x02, 0x67, 0xfb, 0x3d,
  0x56, 0x15, 0x56, 0x3d, 0x0b, 0xb7, 0x90, 0x3b, 0xcf, 0x9a, 0xd4, 0x3c,
  0x0d, 0x02, 0x27, 0x3d, 0x11, 0x8a, 0x1b, 0xbd, 0xb5, 0xed, 0x29, 0xbe,
  0x12, 0x28, 0x35, 0x3e, 0xd2, 0xd2, 0x9d, 0x3d, 0x6f, 0x91, 0xc7, 0x3c,
  0xc1, 0xca, 0x39, 0x3e, 0xb4, 0x93, 0xa9, 0x3e, 0xf0, 0x67, 0x77, 0x3e,
  0x83, 0xdf, 0x46, 0xbd, 0x7b, 0x14, 0x9b, 0x3d, 0x03, 0x13, 0xb9, 0xbc,
  0x7f, 0xc3, 0x82, 0x3a, 0x4b, 0x8b, 0x10, 0xbe, 0x63, 0xf3, 0xc7, 0xbd,
  0xaa, 0x53, 0xaf, 0x3d, 0x91, 0x22, 0x53, 0x3e, 0xd1, 0xfb, 0x26, 0xbe,
  0xf4, 0x2b, 0xb8, 0xbc, 0x24, 0x65, 0xcb, 0xba, 0x8b, 0x5b, 0xed, 0xbc,
  0xb2, 0xa1, 0x96, 0x3d, 0x3d, 0xcf, 0x1b, 0xbd, 0x6a, 0x5d, 0x08, 0x3e,
  0x24, 0x5f, 0x7a, 0xbd, 0xf4, 0x98, 0xdb, 0x3d, 0x9b, 0xa3, 0x0f, 0xbd,
  0x2b, 0x2a, 0xb3, 0xbc, 0x2b, 0x1a, 0x38, 0x3e, 0xae, 0xe3, 0x23, 0xbc,
  0x97, 0x49, 0x53, 0xbe, 0xb3, 0x25, 0x9a, 0xbd, 0xcb, 0xcf, 0xe7, 0x3c,
  0xea, 0xfe, 0xb8, 0xbd, 0x03, 0x0a, 0x6e, 0x3d, 0x89, 0x78, 0x0d, 0x3e,
  0xb3, 0x55, 0x5a, 0x3e, 0x4b, 0x97, 0x80, 0xbe, 0x1e, 0x33, 0x38, 0xbe,
  0xb3, 0xfb, 0x37, 0xbe, 0x20, 0x34, 0xef, 0x3d, 0xc2, 0xe4, 0x71, 0x3d,
  0x13, 0x81, 0x95, 0xbc, 0xbc, 0x73, 0x4d, 0x3d, 0x51, 0x9b, 0xb5, 0xbd,
  0x59, 0x60, 0x13, 0xbc, 0x0d, 0x90, 0x90, 0xbd, 0xba, 0xe9, 0x37, 0xbe,
  0xcb, 0x36, 0x3d, 0x3d, 0xab, 0x2c, 0x21, 0x3e, 0xdd, 0x79, 0x11, 0xbe,
  0x09, 0x5c, 0x60, 0x3d, 0x1b, 0xa3, 0xc0, 0x3e, 0x2a, 0x8c, 0x60, 0x3e,
  0xc7, 0xa9, 0x2a, 0xbd, 0xa8, 0x55, 0xa8, 0xbc, 0x6b, 0x30, 0x23, 0xbd,
  0x47, 0x84, 0xfb, 0x3b, 0x3f, 0xed, 0xc1, 0x3d, 0x1e, 0x23, 0x4a, 0x3e,
  0x6a, 0xb0, 0x00, 0xbe, 0x68, 0x11, 0x23, 0x3e, 0x84, 0x01, 0x68, 0x3e,
  0x7f, 0x0c, 0x32, 0x3e, 0xc6, 0xd1, 0x62, 0x3e, 0x96, 0x1c, 0x31, 0x3e,
  0x1e, 0x66, 0xa7, 0x3d, 0x2f, 0x20, 0x4b, 0x3e, 0x6e, 0x00, 0xcd, 0x3d,
  0x82, 0xcc, 0x29, 0xbd, 0xc2, 0x02, 0x68, 0x3e, 0x82, 0x6b, 0xca, 0x3e,
  0xbb, 0x34, 0x11, 0x3e, 0x47, 0x26, 0x01, 0xbe, 0xc9, 0x75, 0xb4, 0xbe,
  0xb3, 0x62, 0x5e, 0xbd, 0xe0, 0x04, 0x07, 0x3d, 0xe7, 0x1e, 0xad, 0xbd,
  0xe2, 0xf6, 0x04, 0xbe, 0x9e, 0xac, 0x47, 0x3d, 0x32, 0x17, 0x9d, 0x3c,
  0xd3, 0x3f, 0x1d, 0x3c, 0xa1, 0x4e, 0xcf, 0xbd, 0x28, 0x9d, 0x8f, 0xbc,
  0x89, 0xb3, 0x16, 0x3e, 0xf0, 0x66, 0xaa, 0xbc, 0x81, 0x98, 0xc2, 0xbb,
  0x2c, 0x85, 0x7b, 0x3d, 0x9e, 0xa8, 0xd7, 0x3e, 0x3f, 0x02, 0xc0, 0x3d,
  0x84, 0x07, 0x0c, 0x3e, 0x9e, 0x31, 0xaa, 0x3c, 0x47, 0xfa, 0x72, 0xbd,
  0x37, 0x2c, 0x60, 0xbe, 0x65, 0x83, 0x27, 0xbe, 0x86, 0x8c, 0x79, 0xbd,
  0xc2, 0x7b, 0xc6, 0xbd, 0xef, 0x1d, 0x93, 0xbc, 0xa6, 0xf5, 0xeb, 0x3d,
  0x5d, 0xd2, 0xc1, 0x3c, 0x61, 0x76, 0x87, 0xbd, 0x07, 0x46, 0x5a, 0xbd,
  0x8a, 0x32, 0xc1, 0xbd, 0x21, 0xfb, 0xb7, 0xbd, 0xcb, 0x98, 0xd4, 0x39,
  0xc9, 0x09, 0xb1, 0x3d, 0x98, 0xeb, 0x58, 0x3e, 0xac, 0xb2, 0xa5, 0x3d,
  0x18, 0xac, 0x0f, 0x3e, 0xb8, 0xef, 0xe5, 0xbc, 0x50, 0x2d, 0x31, 0x3e,
  0x86, 0xd0, 0x54, 0x3d, 0x69, 0x4c, 0x56, 0xbd, 0x23, 0x87, 0xa4, 0xbe,
  0x86, 0xbb, 0x1c, 0x3d, 0x49, 0x6f, 0x3e, 0x3d, 0x5b, 0x13, 0x6a, 0x3e,
  0xd1, 0x81, 0x0f, 0xbd, 0x99, 0x72, 0xbc, 0x3d, 0x11, 0x75, 0x33, 0xbe,
  0x96, 0xce, 0xff, 0xff, 0x04, 0x00, 0x00, 0x00, 0x00, 0x10, 0x00, 0x00,
  0xc4, 0xbe, 0x28, 0x3e, 0xb6, 0x8b, 0x1d, 0xbd, 0x2b, 0xd3, 0x77, 0x3e,
  0xcf, 0xd7, 0x3f, 0xbd, 0x15, 0x59, 0x58, 0xbd, 0x8e, 0x21, 0x26, 0xbe,
  0x0c, 0x11, 0xa4, 0xbd, 0xa3, 0x82, 0x4b, 0x3e, 0xe4, 0x44, 0xfd, 0xbd,
  0x37, 0xfb, 0x24, 0x3e, 0x73, 0x43, 0x56, 0x3e, 0x9d, 0xbe, 0x3a, 0x3e,
  0x95, 0xf1, 0x1c, 0x3e, 0x7d, 0xb3, 0xdc, 0x3e, 0xde, 0xa3, 0x21, 0x3c,
  0xf7, 0xe6, 0x60, 0xbd, 0x12, 0x23, 0x2b, 0x3e, 0x59, 0x78, 0x96, 0x3e,
  0xad, 0x4f, 0xa8, 0xbe, 0x0c, 0xff, 0x5b, 0x3d, 0x38, 0x48, 0xdd, 0xbe,
  0x88, 0x77, 0x8a, 0xbe, 0x11, 0x8b, 0xdd, 0xbe, 0x5c, 0x0e, 0xe3, 0x3d,
  0x3e, 0xa7, 0x37, 0xbe, 0x40, 0x7f, 0x6d, 0xbe, 0x98, 0xb0, 0xfb, 0xbd,
  0xf6, 0x66, 0x5f, 0xbe, 0xd1, 0x1b, 0xff, 0xbb, 0x69, 0x72, 0x69, 0x3e,
  0xe2, 0x85, 0xb9, 0xbe, 0x2f, 0x81, 0xeb, 0xbd, 0xb9, 0xf3, 0x59, 0xbe,
  0xa0, 0x2c, 0x1b, 0xbc, 0xf0, 0xca, 0xf4, 0xbc, 0x03, 0xd7, 0x1c, 0xbc,
  0x9c, 0x94, 0x9a, 0xbd, 0xc9, 0x45, 0x2a, 0xbe, 0xa5, 0x1c, 0xb2, 0xbd,
  0x83, 0xc1, 0x14, 0xbe, 0x6a, 0x15, 0x52, 0x3e, 0x34, 0xd2, 0x6b, 0xbe,
  0xab, 0xb8, 0x40, 0xbd, 0xb3, 0x2d, 0x87, 0x3d, 0xad, 0x18, 0x96, 0x3e,
  0x51, 0x38, 0x81, 0x3e, 0xb8, 0x2e, 0x3e, 0xbe, 0x86, 0x04, 0xfa, 0xbd,
  0x71, 0xa8, 0x2b, 0x3e, 0xd5, 0x1a, 0x17, 0xbd, 0x3d, 0xcc, 0xa6, 0x3d,
  0xd0, 0xf2, 0x81, 0x3d, 0x53, 0x10, 0xa0, 0xbe, 0xb8, 0x0a, 0x40, 0xbe,
  0x21, 0xa8, 0xbf, 0xbc, 0x18, 0xf6, 0x14, 0xbe, 0xb6, 0x0e, 0x9e, 0x3e,
  0xac, 0x3f, 0x78, 0xbe, 0x81, 0x92, 0xca, 0xbe, 0xe4, 0x30, 0xd7, 0x3d,
  0x16, 0x4f, 0x87, 0x3e, 0xb1, 0x0d, 0x82, 0x3d, 0x7d, 0x7a, 0xd0, 0xbe,
  0x4c, 0xd9, 0x94, 0xbc, 0x6d, 0x93, 0xca, 0x3d, 0x73, 0x39, 0x38, 0x3c,
  0x3b, 0xfc, 0xda, 0xbe, 0xcc, 0xcf, 0xcf, 0xbe, 0x41, 0x58, 0x63, 0xbd,
  0xc6, 0xcd, 0x43, 0xbd, 0x3c, 0xd3, 0xb4, 0xbe, 0x5c, 0x5f, 0xbb, 0xbc,
  0x44, 0x9b, 0x06, 0x3f, 0x64, 0x61, 0x02, 0xbf, 0x20, 0xf5, 0x85, 0x3d,
  0x44, 0x1b, 0xf6, 0x3d, 0x88, 0xbd, 0x75, 0x3e, 0x38, 0x8c, 0xf8, 0x3d,
  0x9e, 0x2e, 0xe2, 0xbc, 0xa2, 0x4c, 0x0b, 0xbe, 0x02, 0xaa, 0xe6, 0x3e,
  0x24, 0xbe, 0x8d, 0x3e, 0xf6, 0x53, 0xee, 0xbd, 0xec, 0x8b, 0x34, 0x3d,
  0xd3, 0x2b, 0xf8, 0xbe, 0x48, 0xd3, 0xa4, 0xbe, 0x70, 0x59, 0x6d, 0xbd,
  0xdc, 0x5c, 0xe0, 0xbd, 0xf3, 0xe6, 0x6c, 0x3e, 0xa1, 0xf9, 0x7a, 0xbe,
  0x63, 0x65, 0x15, 0x3e, 0xb5, 0x4b, 0x8e, 0x3e, 0x8e, 0x99, 0xb3, 0x3d,
  0xcf, 0xab, 0x72, 0x3e, 0xe7, 0xf7, 0x60, 0xbe, 0x3a, 0x8d, 0x88, 0xbe,
  0x39, 0x68, 0x9c, 0x3e, 0x8b, 0x78, 0xc1, 0x3e, 0x34, 0x74, 0xb3, 0xbd,
  0x2e, 0xea, 0x9c, 0xbe, 0x12, 0x93, 0x40, 0xbd, 0x8b, 0x0f, 0xc5, 0xbe,
  0xf8, 0x7c, 0xb2, 0xbe, 0x9e, 0xbb, 0x85, 0x3d, 0x9b, 0xfc, 0xbf, 0x3e,
  0x77, 0x98, 0x82, 0xbd, 0x9f, 0x44, 0x32, 0xbe, 0xdf, 0xb8, 0x9c, 0x3d,
  0x88, 0x49, 0x08, 0x3e, 0x33, 0xc5, 0x7e, 0x3e, 0x51, 0xc1, 0x8c, 0xbd,
  0xc0, 0x39, 0xc6, 0xbe, 0x80, 0x5b, 0xa5, 0x3e, 0x78, 0x6f, 0x24, 0xbe,
  0x76, 0x79, 0x46, 0xbe, 0x70, 0x9a, 0x55, 0x3d, 0x0a, 0xf6, 0xad, 0xbd,
  0x62, 0x12, 0x96, 0xbe, 0xe4, 0x62, 0x83, 0xbe, 0x24, 0x35, 0xba, 0xbd,
  0xf8, 0x41, 0x86, 0x3e, 0x02, 0x8f, 0x42, 0x3e, 0x19, 0xde, 0x4c, 0xbe,
  0x5e, 0xc3, 0x3d, 0x3c, 0x59, 0xc6, 0x22, 0x3e, 0x2d, 0x14, 0x9b, 0x3e,
  0x18, 0x62, 0xa4, 0xbd, 0xd8, 0x04, 0x1c, 0x3d, 0x6c, 0xa9, 0xd9, 0x3e,
  0x1c, 0x98, 0x83, 0x3d, 0x7d, 0xfb, 0xd8, 0x3d, 0x1b, 0xc7, 0xa3, 0xbd,
  0x87, 0xfb, 0x76, 0xbe, 0x95, 0x40, 0xc8, 0x3d, 0x57, 0x95, 0x33, 0xbe,
  0x47, 0xa3, 0xf6, 0x3c, 0xf8, 0xd8, 0x8b, 0x3e, 0x68, 0x20, 0x22, 0x3e,
  0x80, 0xc8, 0x9c, 0x3d, 0xcf, 0x8b, 0xe4, 0x3d, 0x2a, 0xaa, 0x2c, 0x3e,
  0xd7, 0x4a, 0xa9, 0x3e, 0x4b, 0x89, 0x34, 0xbe, 0xb0, 0xb0, 0x9f, 0xbe,
  0x68, 0x03, 0x1d, 0x3e, 0xba, 0x57, 0xc4, 0x3d, 0xbc, 0x01, 0x3f, 0xbe,
  0x87, 0xc0, 0xaa, 0xbe, 0x51, 0x17, 0x33, 0xbe, 0xcc, 0x3a, 0xda, 0xbd,
  0x4b, 0xd6, 0xc1, 0xbc, 0xbf, 0x48, 0xc5, 0xbe, 0x14, 0x22, 0x3c, 0xba,
  0x69, 0x05, 0x91, 0xbe, 0x4c, 0xab, 0x3f, 0x3d, 0x9d, 0x16, 0x55, 0xbc,
  0xae, 0x50, 0x2d, 0x3e, 0x3b, 0x5a, 0xb8, 0x3e, 0x85, 0x91, 0xa7, 0xbd,
  0x69, 0x29, 0x4e, 0xbd, 0x42, 0x27, 0x88, 0x3e, 0x4e, 0x9e, 0x38, 0x3e,
  0x43, 0x58, 0x76, 0xbe, 0x19, 0x60, 0xdd, 0xbe, 0xa9, 0x23, 0x20, 0xbe,
  0x36, 0xbc, 0x61, 0xbe, 0xb2, 0x1d, 0xce, 0xbe, 0x87, 0x63, 0xec, 0xbe,
  0xe9, 0xc2, 0xf9, 0x3e, 0x40, 0x74, 0x9a, 0xbd, 0xed, 0x8e, 0xc2, 0xbe,
  0x0a, 0x33, 0xef, 0x3e, 0x1f, 0xd6, 0xab, 0xbd, 0xfd, 0x61, 0x7e, 0x3d,
  0xc9, 0x8a, 0xcc, 0x3d, 0x18, 0x5c, 0xac, 0xbe, 0x4a, 0x2b, 0xaf, 0x3e,
  0xbb, 0xaf, 0x68, 0x3d, 0xa5, 0x96, 0x9a, 0xbd, 0x72, 0xd4, 0x8b, 0xbe,
  0x5a, 0x03, 0x56, 0xbe, 0x41, 0x3a, 0x26, 0xbd, 0x11, 0x44, 0x5d, 0xbe,
  0x77, 0xd7, 0xd6, 0xbe, 0xae, 0xbb, 0x83, 0xbd, 0xdd, 0xa2, 0xb1, 0xbd,
  0x36, 0xea, 0xaf, 0xbe, 0xf7, 0xc6, 0x64, 0x3e, 0xe9, 0xbd, 0x12, 0xbd,
  0xa4, 0x82, 0x2a, 0x3e, 0x53, 0x52, 0x09, 0x3c, 0xec, 0x2d, 0x91, 0xbd,
  0xa1, 0x3c, 0x45, 0x3e, 0xc4, 0x59, 0xb7, 0x3d, 0x4e, 0x3e, 0x71, 0xbc,
  0x71, 0x7d, 0x82, 0xbe, 0x96, 0x94, 0x5f, 0xbe, 0x57, 0xaf, 0xd3, 0x3c,
  0xcd, 0x01, 0x69, 0xbe, 0x30, 0xeb, 0x8b, 0xbd, 0xfc, 0xaa, 0xe8, 0x3e,
  0xf2, 0xec, 0x96, 0xbe, 0x15, 0x08, 0x70, 0xbe, 0x02, 0x17, 0x4e, 0x3e,
  0x02, 0xec, 0x0d, 0x3e, 0x91, 0xe2, 0x13, 0xbd, 0x0d, 0x5e, 0xd4, 0x3d,
  0xb6, 0xdb, 0xb7, 0xbe, 0xe2, 0xcf, 0x99, 0x3e, 0xa1, 0x5b, 0xfd, 0x3d,
  0xac, 0x46, 0x9d, 0xbe, 0x3a, 0xde, 0x00, 0x3d, 0xbe, 0xfb, 0x4b, 0x3e,
  0xca, 0xa2, 0xa0, 0xbe, 0x7d, 0xd2, 0x85, 0xbe, 0x30, 0x68, 0xba, 0xbe,
  0xe8, 0x35, 0xfd, 0xbd, 0x64, 0x19, 0xac, 0x3c, 0xa3, 0x90, 0x10, 0xbe,
  0x24, 0x1a, 0x4d, 0xbc, 0x31, 0xb4, 0xeb, 0xbd, 0x1b, 0x86, 0x8b, 0xbd,
  0xa9, 0xda, 0xb8, 0xbe, 0x50, 0xe3, 0x3a, 0x3e, 0x29, 0xf3, 0x35, 0x3e,
  0xa2, 0x81, 0x15, 0x3e, 0x0c, 0x71, 0x8d, 0x3c, 0xc6, 0x42, 0xd6, 0xbe,
  0xc5, 0x6b, 0xc1, 0xbe, 0xef, 0x6e, 0xe9, 0xbe, 0x07, 0x1e, 0xc0, 0xbe,
  0xbd, 0xe8, 0xa8, 0xbe, 0xd6, 0xb7, 0x7b, 0x3d, 0x94, 0x1f, 0x57, 0xbd,
  0x90, 0x42, 0xd4, 0xbe, 0xb2, 0x34, 0xc3, 0xbc, 0x39, 0x5f, 0x9f, 0x3d,
  0xe9, 0x09, 0x0e, 0x3d, 0x87, 0xad, 0xa9, 0xbe, 0x9b, 0x51, 0x08, 0xbf,
  0xe1, 0x36, 0xeb, 0x3d, 0xb1, 0x12, 0x88, 0x3e, 0xf6, 0x5a, 0xa9, 0xbc,
  0x9e, 0xdd, 0xe4, 0xbd, 0x19, 0xb6, 0x99, 0xbe, 0x68, 0x1b, 0xe9, 0xbd,
  0xe0, 0x85, 0xc8, 0xbe, 0xf5, 0x5f, 0x53, 0xbe, 0x45, 0x65, 0xa7, 0x3d,
  0xaf, 0x16, 0xae, 0xbe, 0x3d, 0x90, 0x22, 0xbe, 0xca, 0x6f, 0xde, 0x3d,
  0xa3, 0xc2, 0xb9, 0x3e, 0x69, 0xd4, 0x70, 0x3e, 0x97, 0x96, 0xe8, 0xbe,
  0xf9, 0xe0, 0xc3, 0xbe, 0x91, 0xfa, 0x50, 0x3e, 0x87, 0x5e, 0x3d, 0x3e,
  0x9d, 0x6b, 0xac, 0xbe, 0x4a, 0x23, 0xac, 0xbe, 0x6a, 0x2b, 0x50, 0xbe,
  0xb3, 0xcb, 0x8a, 0xbd, 0xba, 0x27, 0xae, 0xbe, 0x16, 0x8c, 0x8d, 0xbe,
  0x18, 0xb9, 0xd8, 0x3e, 0x44, 0xec, 0x13, 0xbe, 0xaf, 0x0d, 0x84, 0xbc,
  0x0b, 0xbc, 0x8e, 0x3e, 0x2c, 0x53, 0xba, 0x3c, 0x98, 0x04, 0xdd, 0x3e,
  0x84, 0x5a, 0x81, 0xbe, 0x27, 0xc7, 0x3b, 0xbd, 0x83, 0x18, 0x3f, 0x3e,
  0xa2, 0xa2, 0x00, 0x3f, 0x56, 0x95, 0x10, 0xbd, 0x6b, 0x13, 0x70, 0xbe,
  0x4f, 0x6d, 0xaa, 0xbe, 0xbc, 0x11, 0x6b, 0xbe, 0xb4, 0x01, 0xe5, 0xbd,
  0xbb, 0x59, 0x4b, 0xbe, 0x98, 0xfc, 0x7b, 0x3d, 0x7b, 0xf9, 0xd1, 0xbe,
  0xb9, 0x38, 0xea, 0xbd, 0xa9, 0xfc, 0x8d, 0x3b, 0x8a, 0x7f, 0xde, 0x3d,
  0x76, 0x9b, 0x04, 0x3e, 0xd9, 0x9c, 0xc8, 0xbe, 0x94, 0x64, 0x9c, 0xbd,
  0xb4, 0xf9, 0x6c, 0x3d, 0xed, 0x54, 0x18, 0x3e, 0xe9, 0x35, 0x28, 0xbe,
  0x0d, 0xd5, 0xcf, 0xbe, 0x1e, 0xf4, 0x50, 0xbe, 0x6e, 0xdc, 0xa0, 0xbe,
  0x4d, 0xa4, 0xcd, 0xbe, 0x5d, 0xd7, 0x5b, 0xbe, 0xee, 0x80, 0xb2, 0x3e,
  0xcc, 0x83, 0xe1, 0xbe, 0x53, 0x16, 0x3e, 0xbd, 0xef, 0x72, 0xaf, 0x3e,
  0x1b, 0xa0, 0xe4, 0x3e, 0x4e, 0x49, 0xa4, 0x3e, 0x44, 0xec, 0x9b, 0xbd,
  0x77, 0x95, 0x9b, 0xbe, 0xe4, 0x20, 0x75, 0x3e, 0x3d, 0xe5, 0x73, 0x3e,
  0xab, 0x68, 0x6f, 0xbe, 0x53, 0x13, 0x5c, 0xbe, 0xaf, 0x98, 0x74, 0xbe,
  0xf6, 0xd3, 0x97, 0xbe, 0x96, 0x34, 0x72, 0xbe, 0xda, 0xe5, 0xab, 0xbe,
  0xf6, 0x88, 0xd2, 0x3d, 0x3c, 0xdc, 0x6d, 0xbe, 0x10, 0x7d, 0xac, 0xbe,
  0x5b, 0xd4, 0x84, 0xbc, 0x17, 0xa5, 0xd2, 0x3e, 0x4a, 0xf8, 0x28, 0xbe,
  0x8c, 0x03, 0x76, 0x3d, 0xe2, 0x64, 0xb2, 0xbe, 0xb9, 0xe4, 0xb6, 0x3e,
  0x4c, 0x08, 0x5c, 0x3d, 0x04, 0x6a, 0xc6, 0xbd, 0xf3, 0xd4, 0x14, 0x3e,
  0x1a, 0x02, 0x02, 0xbe, 0x23, 0xe0, 0xbd, 0xbe, 0x9d, 0x5e, 0x95, 0xbe,
  0xfe, 0xd4, 0x73, 0xbe, 0xbd, 0x7a, 0x87, 0x3e, 0x61, 0x64, 0x85, 0xbe,
  0x7e, 0x10, 0xd1, 0x3d, 0x7c, 0x5c, 0x08, 0x3f, 0xdf, 0x62, 0x47, 0x3d,
  0x41, 0xb6, 0x1f, 0x3e, 0xd7, 0x88, 0x78, 0xbe, 0x86, 0x0c, 0xc5, 0x3d,
  0x6b, 0x6b, 0x01, 0x3e, 0xa1, 0x9a, 0x51, 0x3e, 0xf6, 0x6c, 0x8d, 0xbe,
  0x9e, 0x73, 0xe0, 0xbe, 0x9f, 0x46, 0xec, 0xbd, 0x65, 0x67, 0x67, 0xbe,
  0x17, 0x6a, 0x93, 0x3d, 0xcc, 0xa2, 0x30, 0x3d, 0x87, 0x0d, 0x86, 0x3e,
  0x08, 0x66, 0x92, 0xbe, 0x11, 0x42, 0xd1, 0xbe, 0x6e, 0x53, 0xaa, 0xbd,
  0xda, 0xf4, 0xe9, 0x3b, 0x42, 0x01, 0x9d, 0xbd, 0xbf, 0x32, 0x00, 0xbe,
  0x10, 0x34, 0xb8, 0xbe, 0xf9, 0xc7, 0xdd, 0x3d, 0x8c, 0xc0, 0x08, 0xb9,
  0x30, 0x4b, 0xe1, 0x3d, 0x76, 0xc9, 0x62, 0xbe, 0xd5, 0x69, 0x81, 0xbe,
  0x0e, 0xef, 0xc6, 0x3a, 0x9b, 0x75, 0x01, 0xbf, 0x3b, 0xb4, 0x4b, 0xbe,
  0x8b, 0xdd, 0x27, 0x3d, 0xc7, 0x55, 0xa6, 0xbe, 0x06, 0x78, 0xa4, 0xbe,
  0x79, 0x34, 0xe5, 0x3e, 0xbe, 0x2b, 0xb0, 0x3e, 0x38, 0x96, 0x1b, 0x3e,
  0x0a, 0x9d, 0xd3, 0xbe, 0xd8, 0x7e, 0x31, 0xbe, 0xdc, 0x72, 0x8c, 0x3e,
  0x6c, 0xfb, 0xc4, 0x3e, 0xa1, 0x00, 0x57, 0xbd, 0x51, 0x04, 0x76, 0xbd,
  0x0c, 0xd3, 0xe6, 0xbe, 0x60, 0x2b, 0xc0, 0x3d, 0x91, 0xa5, 0x3f, 0xbe,
  0x02, 0x82, 0xc3, 0xbd, 0x67, 0x7f, 0xf3, 0x3c, 0x03, 0xe2, 0x53, 0xbc,
  0xbf, 0x7e, 0xa0, 0x3d, 0xa6, 0x0e, 0xfc, 0x3d, 0x99, 0x6d, 0xb5, 0x3e,
  0x7b, 0x8f, 0x4a, 0x3e, 0x14, 0xf5, 0xb9, 0xbd, 0x10, 0xf1, 0xdb, 0xbe,
  0x85, 0x32, 0xdc, 0x3c, 0xfa, 0xf3, 0x8e, 0x3c, 0x51, 0x04, 0x40, 0xbe,
  0x74, 0xbe, 0x8d, 0xbe, 0xa6, 0xd2, 0xcd, 0xbd, 0x08, 0xae, 0x9d, 0xbe,
  0x41, 0x79, 0xd9, 0xbe, 0x76, 0x94, 0x43, 0xbd, 0x64, 0x97, 0xf9, 0x3d,
  0xa2, 0x06, 0x40, 0xbe, 0xa5, 0x16, 0xbf, 0xbe, 0x46, 0x13, 0xa6, 0x3e,
  0xb4, 0xb5, 0x14, 0x3e, 0x75, 0xc6, 0x68, 0x3e, 0x94, 0x82, 0x8d, 0xbe,
  0xc8, 0x81, 0x92, 0xbe, 0xd2, 0x3e, 0xb3, 0x3d, 0xf2, 0x99, 0x91, 0x3e,
  0x56, 0x62, 0x03, 0xbe, 0x1c, 0x57, 0xf2, 0xbe, 0x44, 0x5a, 0x26, 0xbd,
  0x3a, 0x71, 0x39, 0xbe, 0xd1, 0x42, 0x8c, 0xbd, 0xb1, 0x49, 0xa4, 0xbe,
  0x61, 0x72, 0x48, 0x3e, 0xa5, 0x3e, 0x4a, 0xbe, 0x17, 0x40, 0xd3, 0xbd,
  0x6c, 0x34, 0x6a, 0x3e, 0xf3, 0x2c, 0x71, 0x3e, 0x92, 0x76, 0x19, 0x3e,
  0x83, 0xc8, 0x39, 0xbe, 0x0d, 0xa3, 0x9d, 0xbe, 0x77, 0x8e, 0x7a, 0x3d,
  0x3e, 0xfe, 0xd4, 0x3e, 0xcc, 0x7c, 0x15, 0xbe, 0xd2, 0x79, 0x2b, 0xbe,
  0x92, 0x0c, 0x86, 0xbe, 0xe7, 0xa9, 0x26, 0xbc, 0x18, 0xaf, 0xd7, 0xbe,
  0x4f, 0x20, 0xc9, 0xbe, 0x0b, 0x10, 0xf3, 0xbc, 0xbf, 0x35, 0x8f, 0xbd,
  0x9b, 0x4e, 0xf4, 0xbe, 0x62, 0xcb, 0xba, 0x3e, 0x74, 0x24, 0x8f, 0x3e,
  0xcf, 0xee, 0x2a, 0x3e, 0x76, 0xa8, 0xcf, 0xbd, 0xc3, 0xa4, 0x59, 0xbe,
  0x51, 0x60, 0x78, 0x3e, 0xf1, 0x91, 0xed, 0x3d, 0x2c, 0x0d, 0xc3, 0xbe,
  0x75, 0x12, 0x6d, 0xbe, 0xb6, 0x78, 0xc5, 0xbd, 0x82, 0xc7, 0x53, 0xbd,
  0xe8, 0xdd, 0xdc, 0xbe, 0x71, 0xea, 0xa6, 0xbe, 0x30, 0xe7, 0xc8, 0x3e,
  0x63, 0x38, 0x9e, 0xbe, 0xb2, 0x0b, 0x3d, 0xbe, 0x47, 0xd0, 0xf0, 0x3e,
  0x68, 0xe1, 0xd0, 0x3e, 0xbd, 0xba, 0xd7, 0x3e, 0x0f, 0x16, 0xaa, 0xbe,
  0x52, 0x6a, 0x72, 0xbd, 0xa2, 0x3f, 0x49, 0x3d, 0x2b, 0x40, 0xc2, 0x3e,
  0xa8, 0xc1, 0x63, 0xbe, 0xae, 0xec, 0xd7, 0xbe, 0x85, 0x21, 0xdf, 0xbe,
  0x4f, 0x8d, 0xcb, 0xbd, 0xad, 0xe3, 0x3e, 0xbe, 0x90, 0x59, 0x15, 0xbe,
  0x11, 0x1b, 0xe2, 0x3e, 0x57, 0x45, 0xb9, 0xbe, 0xb9, 0x42, 0xf9, 0x3c,
  0x26, 0xb9, 0x84, 0x3e, 0x4a, 0x8a, 0xd2, 0x3d, 0xb0, 0x7e, 0x03, 0x3e,
  0x8a, 0x93, 0xd9, 0xbd, 0xbb, 0xae, 0xfa, 0xbe, 0x8e, 0xdb, 0x6b, 0x3e,
  0x9b, 0xdb, 0x3f, 0x3e, 0x58, 0x45, 0xc6, 0x3c, 0x3a, 0xfe, 0x91, 0xbd,
  0xf8, 0xac, 0x6b, 0xbe, 0xee, 0x4e, 0x94, 0xbc, 0x69, 0x49, 0xe6, 0xbe,
  0x86, 0xba, 0x2d, 0xbd, 0xb1, 0x9b, 0xca, 0xbd, 0x86, 0xf8, 0x9c, 0xbc,
  0x73, 0x5a, 0x33, 0xbe, 0x08, 0xf8, 0xf4, 0x3e, 0xd5, 0x53, 0x2b, 0xbd,
  0x4f, 0x8a, 0x11, 0xbc, 0xdd, 0x0a, 0xc8, 0xbe, 0x48, 0xe5, 0xa8, 0xbe,
  0xae, 0x27, 0xd9, 0x3d, 0xd6, 0xde, 0xc9, 0x3e, 0xda, 0x8c, 0xca, 0xbe,
  0x99, 0x55, 0x2b, 0xbe, 0xa2, 0x8c, 0x59, 0xbe, 0x77, 0x58, 0x31, 0xbe,
  0x7c, 0x7e, 0xaa, 0xbd, 0xd1, 0xdb, 0x3a, 0xbe, 0x4e, 0xb1, 0xbc, 0x3e,
  0xc4, 0x58, 0x2d, 0xbe, 0x51, 0x32, 0xcb, 0xbe, 0x76, 0x06, 0x86, 0x3e,
  0xdd, 0x60, 0xbe, 0x3e, 0x5d, 0x46, 0x4a, 0x3e, 0xd0, 0x91, 0x85, 0xbe,
  0x43, 0xbf, 0x9d, 0xbe, 0x31, 0x06, 0x93, 0x3d, 0xbe, 0xed, 0x9b, 0x3e,
  0x48, 0x39, 0xc8, 0xbe, 0x35, 0x4d, 0xb0, 0xbe, 0xcd, 0xae, 0x0b, 0xbe,
  0x22, 0x3e, 0xc7, 0xbe, 0x08, 0x71, 0x4f, 0xbe, 0xce, 0x07, 0x86, 0xbd,
  0xb0, 0x0a, 0x3f, 0x3d, 0x6c, 0x95, 0x92, 0xbe, 0xf9, 0xb1, 0xd0, 0xbe,
  0x32, 0xe0, 0xa1, 0x3e, 0xe1, 0xf8, 0x7f, 0x3e, 0x90, 0x09, 0xb1, 0x3e,
  0x6d, 0xd1, 0x8e, 0xbd, 0x29, 0x57, 0x96, 0xbe, 0x45, 0x64, 0x52, 0x3c,
  0xb5, 0x42, 0x94, 0x3e, 0xe1, 0x28, 0x6f, 0xbe, 0xa7, 0x17, 0xc9, 0xbe,
  0x9a, 0x01, 0x0b, 0xbe, 0x53, 0xe8, 0xdd, 0xbe, 0xe4, 0xb3, 0x18, 0xbd,
  0x8d, 0x04, 0x9f, 0xbe, 0xda, 0xc7, 0x8a, 0x3e, 0xb8, 0x01, 0x87, 0xbe,
  0xab, 0xaa, 0x87, 0xbe, 0xf6, 0x55, 0x00, 0xbd, 0x77, 0x7d, 0x98, 0x3e,
  0x86, 0x16, 0xfa, 0x3c, 0x17, 0x21, 0xb8, 0xbe, 0xfd, 0xb0, 0x7e, 0x3d,
  0xb8, 0x9f, 0x99, 0x3e, 0x6a, 0x2b, 0x80, 0x3e, 0x4a, 0x39, 0x62, 0xbd,
  0xf3, 0xf7, 0x7c, 0xbe, 0x6d, 0xeb, 0xc6, 0xbd, 0xd8, 0x9f, 0xea, 0xbd,
  0x15, 0x59, 0xed, 0xbc, 0xd9, 0x0a, 0xcc, 0xbe, 0xba, 0x15, 0x91, 0x3e,
  0x80, 0x15, 0x03, 0xbe, 0x1f, 0x1b, 0x9f, 0xbe, 0x32, 0xef, 0x95, 0x3e,
  0xb6, 0xc3, 0x9b, 0x3e, 0x03, 0x8d, 0x9f, 0x3e, 0x44, 0x1d, 0x5d, 0xbd,
  0x55, 0xe2, 0xfc, 0xba, 0x63, 0x71, 0x89, 0xbe, 0x14, 0x8a, 0xed, 0xbe,
  0x97, 0xdf, 0xfc, 0x3d, 0x8c, 0x18, 0xc1, 0x3e, 0x70, 0x20, 0x56, 0x3e,
  0x91, 0xe0, 0x80, 0x3d, 0x02, 0x04, 0x87, 0x3d, 0xa2, 0xee, 0x9f, 0x3e,
  0x4b, 0xc6, 0xc4, 0xbe, 0x29, 0x00, 0x3c, 0x3d, 0x6c, 0xe6, 0x32, 0x3e,
  0x5d, 0xcf, 0xa6, 0xbe, 0xc0, 0x91, 0xaa, 0xbe, 0xc0, 0x42, 0xd7, 0xbe,
  0xb8, 0x64, 0xbf, 0x3d, 0xb9, 0xb7, 0x81, 0x3e, 0xcd, 0x4d, 0xa7, 0xbe,
  0x77, 0xe6, 0x53, 0xbe, 0x16, 0x65, 0x74, 0x3e, 0xf6, 0x52, 0x47, 0x3e,
  0x90, 0x86, 0x9e, 0x3e, 0x0c, 0x31, 0x63, 0xbd, 0x10, 0x3f, 0xc6, 0x3d,
  0x2f, 0x24, 0xb2, 0x3e, 0x48, 0xc6, 0x8c, 0xbc, 0xc3, 0x8c, 0xb7, 0x3d,
  0xa2, 0x2d, 0x40, 0xbb, 0x9a, 0xcb, 0xd3, 0xbe, 0xec, 0x71, 0x66, 0xbe,
  0x5e, 0x61, 0x91, 0xbe, 0xa3, 0x26, 0xd0, 0x3e, 0x41, 0x82, 0x01, 0x3f,
  0x19, 0xbf, 0x80, 0xbc, 0x6b, 0x49, 0xee, 0xbe, 0xde, 0x20, 0xc5, 0x3e,
  0xd8, 0x34, 0xb4, 0x3e, 0x52, 0x9a, 0x8b, 0xbd, 0xf0, 0xe2, 0xf3, 0x3e,
  0x1a, 0x2c, 0xd7, 0x3e, 0x5c, 0x3f, 0x9d, 0x3d, 0x1d, 0x10, 0x3a, 0xbe,
  0x99, 0xb3, 0xc8, 0x3e, 0x01, 0x75, 0x8d, 0x3e, 0x68, 0xe5, 0x85, 0xbe,
  0xe5, 0xce, 0xa7, 0xbd, 0x77, 0x7c, 0xbe, 0xbd, 0xb9, 0x46, 0xdd, 0x3d,
  0xc0, 0xea, 0xfe, 0x3e, 0x50, 0x83, 0xb9, 0xbe, 0x2d, 0xb2, 0xbd, 0xbe,
  0x0a, 0x8a, 0x7a, 0x3e, 0x64, 0x38, 0x70, 0x3d, 0xdc, 0x98, 0x52, 0x3e,
  0x28, 0xff, 0x3d, 0xbe, 0xa0, 0x83, 0xb4, 0x3e, 0x67, 0x0c, 0x0d, 0x3e,
  0x0c, 0x99, 0xda, 0xbd, 0xf1, 0xe7, 0xf5, 0x3e, 0x9b, 0x29, 0xf2, 0x3e,
  0xf3, 0x4b, 0xf5, 0xbe, 0x24, 0x88, 0x38, 0xbe, 0xef, 0x95, 0x3a, 0xbd,
  0xa7, 0x6c, 0xc4, 0x3e, 0x7e, 0xfe, 0xb8, 0x3e, 0xa6, 0xf3, 0xcf, 0xbd,
  0x68, 0x87, 0x14, 0xbe, 0x76, 0x0e, 0xa0, 0x3e, 0x22, 0xd0, 0x07, 0xbd,
  0xc3, 0xc8, 0x92, 0x3e, 0xf0, 0xcb, 0x91, 0x3e, 0xfb, 0x25, 0x85, 0x3e,
  0x6c, 0x6a, 0x1c, 0x3d, 0xa7, 0xb6, 0xb4, 0xbe, 0xca, 0x28, 0xc8, 0x3d,
  0xba, 0x59, 0x6c, 0x3e, 0x5a, 0xb4, 0x72, 0xbe, 0x4d, 0x7c, 0xf2, 0xbd,
  0x69, 0xf8, 0xb9, 0xbe, 0xe4, 0x1c, 0x50, 0x3e, 0xeb, 0xb9, 0x68, 0x3e,
  0x67, 0x97, 0xe4, 0xbe, 0xe9, 0x9d, 0x4d, 0xbe, 0xda, 0xa2, 0xbb, 0xbc,
  0x69, 0x05, 0xc7, 0x3e, 0xfa, 0x26, 0x1a, 0x3e, 0x30, 0xa5, 0x61, 0x3d,
  0x84, 0xed, 0xe4, 0x3e, 0xee, 0x9b, 0xee, 0x3c, 0x56, 0x33, 0x70, 0xbe,
  0xbc, 0x1d, 0xb3, 0x3e, 0x39, 0x6e, 0x27, 0x3e, 0x2b, 0xc7, 0xe9, 0xbe,
  0xed, 0x1a, 0xed, 0xbe, 0x78, 0xfc, 0x8e, 0xbe, 0x3c, 0x12, 0xa8, 0x3e,
  0xf7, 0xe2, 0xbc, 0x3d, 0x42, 0x8d, 0xf0, 0x3e, 0xf2, 0x1a, 0x30, 0x3e,
  0x99, 0x42, 0x0b, 0xbe, 0x99, 0x3b, 0x83, 0xbe, 0xa8, 0x99, 0x97, 0xbe,
  0x37, 0x74, 0xab, 0xbe, 0xf4, 0x99, 0x8b, 0xbe, 0x88, 0x85, 0x40, 0xbe,
  0x03, 0x19, 0x06, 0xbe, 0x9c, 0x7d, 0x37, 0xbe, 0x85, 0x71, 0xe1, 0xbe,
  0xca, 0x9c, 0xb0, 0x3e, 0x2c, 0x65, 0x10, 0x3f, 0xd8, 0xc6, 0xdf, 0x3d,
  0xe0, 0xa3, 0xe1, 0xbe, 0x2b, 0x3f, 0x7b, 0xbe, 0x11, 0x02, 0xca, 0xbe,
  0x56, 0x9d, 0x29, 0xbe, 0x84, 0x0c, 0x63, 0x3d, 0x33, 0x19, 0x8c, 0x3d,
  0x65, 0xb5, 0x3d, 0x3e, 0x80, 0xc2, 0xa5, 0x3e, 0xb6, 0xd4, 0x8e, 0x3e,
  0x5e, 0xd0, 0x08, 0x3f, 0xa4, 0x2a, 0x65, 0xbe, 0xd3, 0xdf, 0x10, 0xbd,
  0x9b, 0x4f, 0x16, 0x3e, 0x83, 0xac, 0x8a, 0xbe, 0x22, 0x74, 0x48, 0xbe,
  0xee, 0xd5, 0x81, 0xbd, 0x2e, 0xc9, 0x4d, 0x3e, 0x80, 0x5e, 0x24, 0x3e,
  0x2c, 0x2f, 0xf4, 0x3b, 0x69, 0x31, 0x4a, 0xbe, 0x77, 0x8c, 0x5e, 0xbd,
  0x99, 0x29, 0x34, 0x3e, 0x94, 0x75, 0xa4, 0x3e, 0xf0, 0x60, 0x66, 0xbd,
  0x2e, 0x3b, 0x86, 0x3c, 0x3c, 0xd6, 0xfc, 0x3d, 0x59, 0xa7, 0xc3, 0xbe,
  0x6e, 0xb7, 0x2f, 0x3e, 0x80, 0x6c, 0xd5, 0xbd, 0x42, 0x03, 0x34, 0xbe,
  0x7a, 0x24, 0xa9, 0x3c, 0x79, 0xbf, 0xd8, 0xbe, 0xbf, 0x19, 0xf6, 0x3d,
  0x4f, 0xf9, 0x92, 0x3e, 0xf5, 0xcb, 0x8b, 0x3e, 0x42, 0x91, 0xf8, 0xbc,
  0x8b, 0xa7, 0x6c, 0xbe, 0xbf, 0x1b, 0xcf, 0xbd, 0x76, 0xe9, 0x7c, 0xbd,
  0xac, 0x58, 0xa8, 0xbe, 0x25, 0x04, 0x75, 0xbe, 0xbc, 0x3c, 0x49, 0xbe,
  0x64, 0xd9, 0x35, 0xbd, 0xa6, 0xe7, 0xb1, 0xbe, 0xe2, 0x42, 0x51, 0xbe,
  0xd0, 0xa0, 0xad, 0xbd, 0xbd, 0xf5, 0x9d, 0x3d, 0xb9, 0x96, 0x5a, 0x3e,
  0xf3, 0xe6, 0x66, 0xbe, 0x20, 0x5b, 0x24, 0xbe, 0xa1, 0x99, 0x72, 0x3e,
  0x73, 0x7b, 0x14, 0x3e, 0x16, 0x43, 0xec, 0x3c, 0xdb, 0x5e, 0xa6, 0xbe,
  0x2e, 0x3a, 0x66, 0xbe, 0xec, 0x5a, 0x44, 0xbe, 0x4b, 0x4b, 0xb8, 0xbe,
  0x6b, 0xdd, 0x38, 0xbe, 0x43, 0x98, 0x1f, 0x3e, 0xd9, 0xef, 0xee, 0xbe,
  0x1e, 0x17, 0xfd, 0xbd, 0x05, 0xd0, 0xac, 0x3e, 0x05, 0x83, 0x92, 0x3d,
  0x6f, 0x75, 0x1c, 0x3e, 0x48, 0xf4, 0xcd, 0xbe, 0xe9, 0xa9, 0x71, 0xbd,
  0xd1, 0x9d, 0xc7, 0x3e, 0x4e, 0x84, 0x72, 0x3e, 0x23, 0xfd, 0xb5, 0xbe,
  0x33, 0x7c, 0xd4, 0xbe, 0xef, 0xd4, 0xb0, 0xbc, 0x60, 0xa7, 0x69, 0xbe,
  0xe7, 0x6d, 0x19, 0xbe, 0x9d, 0x39, 0x86, 0xbe, 0xe2, 0x4b, 0x95, 0x3d,
  0x46, 0x3e, 0xdc, 0xbe, 0x5d, 0x0d, 0xcd, 0xbe, 0x8b, 0x3d, 0x6b, 0x3e,
  0xb0, 0x07, 0x57, 0x3e, 0x4e, 0x3a, 0xa5, 0x3e, 0xd5, 0x5d, 0xb1, 0xbe,
  0xbd, 0xc9, 0x50, 0xbe, 0x6b, 0x70, 0x86, 0xbe, 0xc7, 0xf7, 0x97, 0xbe,
  0x75, 0x55, 0x75, 0x3e, 0xd7, 0xd3, 0xe2, 0x3e, 0xa6, 0x6b, 0x9f, 0x3c,
  0x87, 0x96, 0x72, 0x3e, 0xac, 0x30, 0xd9, 0x3e, 0x4d, 0x23, 0xbe, 0x3c,
  0xd2, 0xe7, 0xa7, 0xbc, 0xbf, 0xe4, 0xc2, 0x3e, 0xa7, 0x14, 0x6a, 0x3e,
  0xa6, 0x5b, 0x24, 0xbd, 0xf7, 0x6f, 0x0b, 0xbf, 0x3d, 0x91, 0x0d, 0xbe,
  0xd4, 0xdf, 0x2e, 0x3d, 0x93, 0xc9, 0x63, 0x3e, 0x8d, 0x6f, 0xde, 0xbe,
  0x3a, 0xfe, 0xa8, 0xbe, 0xbf, 0x5b, 0x7d, 0x3e, 0xc5, 0xaf, 0xbe, 0x3e,
  0xa6, 0x21, 0x84, 0x3e, 0x78, 0xe9, 0x31, 0x3d, 0x54, 0x9e, 0x02, 0x3e,
  0xd1, 0x49, 0x9d, 0x3d, 0x75, 0x94, 0xbd, 0xbd, 0x07, 0xa2, 0x63, 0x3e,
  0x07, 0x6c, 0x9f, 0x3d, 0xfd, 0x40, 0x79, 0xbe, 0xfa, 0xd6, 0xce, 0xbe,
  0xd5, 0x12, 0xb2, 0xbd, 0x13, 0xe8, 0x8e, 0x3e, 0xad, 0xfb, 0xc4, 0x3d,
  0x27, 0x11, 0xd3, 0x3e, 0x0d, 0x8b, 0xb2, 0x3e, 0x04, 0xa9, 0x96, 0xbd,
  0xf7, 0x4c, 0xb1, 0x3c, 0xe9, 0x53, 0x30, 0xbe, 0x71, 0x24, 0x9f, 0xbe,
  0xdb, 0xf2, 0x94, 0xbe, 0x4c, 0x84, 0x05, 0xbe, 0xb4, 0x5d, 0xe7, 0x3e,
  0x3f, 0xbe, 0xb4, 0x3d, 0x1e, 0x23, 0xa4, 0xbe, 0x77, 0x2e, 0xad, 0xbb,
  0x7a, 0xfc, 0xcd, 0x3e, 0x8e, 0xdd, 0x92, 0x3e, 0xdc, 0x91, 0x05, 0xbf,
  0x0e, 0x3e, 0xab, 0xbe, 0x1c, 0x01, 0x4b, 0x3e, 0x12, 0x74, 0x99, 0x3e,
  0x41, 0x42, 0x0b, 0xbe, 0xf8, 0xad, 0x0b, 0x3d, 0xbe, 0xb2, 0x08, 0xbe,
  0xcb, 0xfa, 0xe0, 0xbe, 0x73, 0xaf, 0x00, 0xbf, 0xb2, 0x0f, 0xae, 0xbd,
  0xa9, 0x6d, 0x25, 0xbd, 0xba, 0x4f, 0x4e, 0xbe, 0xa0, 0x7c, 0xd8, 0xbb,
  0xac, 0x0d, 0xd6, 0x3e, 0xa2, 0xbb, 0x63, 0x3e, 0x7b, 0xb4, 0x30, 0x3e,
  0x81, 0x15, 0x0a, 0xbf, 0xd1, 0x1b, 0x55, 0xbd, 0x3a, 0x0d, 0xdf, 0x3d,
  0x07, 0xc3, 0x63, 0x3e, 0x65, 0x6a, 0x97, 0xbe, 0x32, 0xf3, 0x2e, 0x3d,
  0xc0, 0x23, 0xe5, 0xbe, 0xda, 0x97, 0x70, 0xbd, 0x5e, 0x49, 0x93, 0xbe,
  0xa2, 0x11, 0xd7, 0xbe, 0x8d, 0x52, 0x0b, 0x3e, 0x93, 0x61, 0x01, 0xbf,
  0x6a, 0x9f, 0xbc, 0xbe, 0x48, 0xb6, 0x4a, 0x3d, 0x48, 0x18, 0xdb, 0x3e,
  0xc9, 0x6f, 0x7c, 0xbd, 0xd8, 0xf8, 0xc2, 0x3d, 0x4e, 0xb1, 0x74, 0xbe,
  0xec, 0xff, 0xe8, 0x3d, 0xc6, 0x34, 0x89, 0x3e, 0x9f, 0x06, 0xf1, 0xbe,
  0xd2, 0xec, 0x8f, 0xbe, 0x28, 0x53, 0xb9, 0xbe, 0x49, 0xde, 0x36, 0xbe,
  0x15, 0x41, 0xaf, 0xbd, 0x2d, 0xe9, 0x10, 0xbe, 0x5a, 0xc4, 0x8d, 0x3e,
  0x64, 0x18, 0x40, 0xbe, 0x76, 0x6e, 0xaa, 0xbe, 0x4f, 0xf4, 0xdf, 0x3d,
  0x36, 0xfc, 0xd0, 0x3e, 0x6a, 0x53, 0x4c, 0x3e, 0x2a, 0x12, 0x61, 0xbe,
  0x66, 0x21, 0x00, 0xbf, 0x3d, 0xb6, 0x55, 0x3e, 0xf4, 0x67, 0xcd, 0x3e,
  0x2b, 0x69, 0x04, 0xbf, 0x60, 0x9e, 0xfe, 0xbe, 0x68, 0x6c, 0x93, 0xbe,
  0x57, 0xcc, 0x79, 0xbe, 0x31, 0xb0, 0xa0, 0xbe, 0xbb, 0x70, 0xd4, 0xbe,
  0x97, 0x28, 0x29, 0x3e, 0xb6, 0x4d, 0xbb, 0xbd, 0x38, 0xd7, 0xf8, 0xbe,
  0xdf, 0x2c, 0xe3, 0x3e, 0xf1, 0x58, 0x06, 0x3e, 0x07, 0x6e, 0x2e, 0x3d,
  0xa5, 0xf0, 0x92, 0xbe, 0x30, 0x50, 0x88, 0xbd, 0x08, 0x42, 0x3b, 0x3d,
  0x16, 0x6f, 0x25, 0x3e, 0x09, 0x2f, 0xd5, 0xbd, 0xf0, 0xe1, 0xda, 0xbe,
  0xbc, 0x9d, 0xd4, 0xbd, 0xe0, 0x31, 0xbf, 0xbe, 0xbc, 0x40, 0x9d, 0xbe,
  0x60, 0x57, 0x96, 0xbe, 0xf8, 0x37, 0x82, 0x3e, 0xac, 0x91, 0xf8, 0xbe,
  0x64, 0x86, 0xdf, 0xbb, 0x98, 0xad, 0x35, 0x3e, 0xc5, 0x24, 0xf7, 0x3d,
  0x0b, 0xfc, 0xf1, 0x3d, 0xd4, 0xc7, 0x6e, 0xbe, 0xb2, 0x81, 0x45, 0xbe,
  0x06, 0x93, 0x91, 0x3e, 0x1d, 0x09, 0xdd, 0x3e, 0xc3, 0xed, 0xc5, 0xbe,
  0x68, 0x0f, 0x33, 0xbe, 0xfe, 0x51, 0x04, 0xbe, 0xc2, 0xcc, 0xb1, 0xbe,
  0x73, 0x35, 0x7a, 0xbe, 0x10, 0x3f, 0x79, 0xbe, 0x35, 0xde, 0x81, 0x3e,
  0x02, 0x2f, 0xea, 0xbe, 0x2a, 0x18, 0x03, 0xbe, 0xfb, 0x4e, 0xc6, 0x3e,
  0x50, 0xa9, 0xb5, 0x3d, 0x42, 0x0e, 0xeb, 0x3d, 0xf0, 0xca, 0xcc, 0xbe,
  0x14, 0x18, 0x2c, 0xbd, 0x38, 0x15, 0x4d, 0x3e, 0x88, 0x8f, 0xd9, 0x3d,
  0x6e, 0xe1, 0x49, 0xbe, 0x73, 0x31, 0xf3, 0xbe, 0x4e, 0x9c, 0x4b, 0xbe,
  0x8a, 0xe9, 0x2c, 0xbe, 0x7f, 0x5a, 0x59, 0xbd, 0x06, 0xa3, 0x59, 0xbe,
  0xb1, 0x4f, 0xb5, 0x3d, 0x6c, 0xe0, 0xaa, 0xbe, 0x58, 0x44, 0xfa, 0xbe,
  0x78, 0x15, 0x10, 0x3e, 0x41, 0x00, 0x8f, 0x3e, 0x61, 0x6c, 0x08, 0xbd,
  0xf0, 0x99, 0x06, 0xbe, 0xfa, 0x7a, 0xe3, 0xbe, 0x89, 0x76, 0xde, 0x3e,
  0x32, 0xe3, 0xce, 0x3e, 0xce, 0x47, 0xe6, 0xbe, 0xc8, 0xe0, 0x0c, 0xbe,
  0x1a, 0x44, 0x87, 0xbd, 0xb0, 0x1f, 0xf8, 0xbc, 0x91, 0x64, 0xc7, 0xbe,
  0xc6, 0x41, 0xb7, 0xbd, 0x3f, 0x4f, 0x93, 0x3e, 0xf2, 0xca, 0x82, 0xbe,
  0x45, 0x6d, 0x9f, 0xbe, 0x03, 0x59, 0x88, 0x3e, 0xba, 0x47, 0x89, 0x3e,
  0xef, 0xf6, 0xd6, 0x3c, 0x3b, 0x74, 0x80, 0xbd, 0xac, 0xd1, 0xe6, 0xbe,
  0xf7, 0x48, 0xfa, 0x3e, 0xcb, 0x1c, 0x5c, 0x3d, 0xca, 0xdb, 0xea, 0xbe,
  0xc8, 0x6a, 0x56, 0xbc, 0x60, 0x52, 0xae, 0xbe, 0x05, 0x44, 0x40, 0xbb,
  0xf3, 0xd1, 0x4c, 0xbe, 0x17, 0x54, 0x1a, 0xbc, 0xce, 0x08, 0x91, 0x3e,
  0x06, 0xec, 0xde, 0xbd, 0x6a, 0xc6, 0xa8, 0xbe, 0xfa, 0xc7, 0xb0, 0x3e,
  0x62, 0xfd, 0x68, 0x3e, 0x5b, 0x3d, 0x62, 0x3d, 0xea, 0x10, 0x8d, 0xbd,
  0xe1, 0x1c, 0x18, 0xbe, 0x1c, 0xfc, 0x87, 0x3e, 0x83, 0xf1, 0x61, 0x3e,
  0xd9, 0xc3, 0xb6, 0xbd, 0x92, 0x35, 0x48, 0xbe, 0x83, 0x56, 0x1b, 0xbe,
  0x18, 0x18, 0xd6, 0xbe, 0x9f, 0x5d, 0xcf, 0xbe, 0x5d, 0x80, 0x7b, 0xbe,
  0x58, 0xd2, 0x1f, 0x3d, 0x12, 0x58, 0xf9, 0xbe, 0x68, 0xa3, 0xd5, 0xbe,
  0xe3, 0x5b, 0xa9, 0x3e, 0x66, 0xef, 0xbc, 0x3e, 0x32, 0xcc, 0xc2, 0x3e,
  0x30, 0x4b, 0x93, 0xbe, 0xe2, 0xa9, 0x93, 0xbe, 0x28, 0x74, 0x07, 0x3e,
  0x93, 0x0b, 0xab, 0x3e, 0xf0, 0x9e, 0x4d, 0xbe, 0xe7, 0xc5, 0x44, 0xbe,
  0x5d, 0x79, 0x88, 0xbe, 0xdb, 0x34, 0xce, 0xbe, 0x0b, 0x51, 0xa5, 0xbe,
  0xeb, 0xca, 0x99, 0xbe, 0xa2, 0x10, 0xdb, 0x3e, 0xc2, 0x8b, 0xa7, 0xbe,
  0xa5, 0x6f, 0x32, 0xbe, 0xdd, 0xb1, 0x84, 0x3d, 0x53, 0xb5, 0x4d, 0x3e,
  0x6a, 0x29, 0x6e, 0x3e, 0x3c, 0xba, 0xd0, 0xbe, 0x00, 0x03, 0x90, 0xbe,
  0x39, 0x73, 0x4f, 0x3d, 0x87, 0xfe, 0x9b, 0x3d, 0xdc, 0xe0, 0x49, 0xbe,
  0xe4, 0x48, 0x29, 0xbe, 0x04, 0x91, 0xc6, 0xbe, 0x8d, 0x51, 0x68, 0xbe,
  0x00, 0x06, 0x13, 0xbd, 0x1f, 0x63, 0xb3, 0xbe, 0x1a, 0x05, 0xcb, 0x3e,
  0x00, 0xf7, 0xb1, 0xbe, 0x18, 0x45, 0x84, 0xbe, 0xe8, 0xe3, 0xc5, 0x3e,
  0x7c, 0x41, 0x07, 0x3f, 0xd7, 0x12, 0xbf, 0x3e, 0x5b, 0xd3, 0x1f, 0xbe,
  0x9b, 0x15, 0xff, 0xbe, 0xa9, 0x48, 0xac, 0x3e, 0x9a, 0xac, 0xc6, 0xbc,
  0x2a, 0x94, 0xa7, 0xbe, 0x4a, 0xeb, 0xbc, 0xbe, 0x1c, 0x4c, 0xa4, 0xbe,
  0x0f, 0x0c, 0x9d, 0xbe, 0x56, 0x08, 0x0c, 0xbf, 0x11, 0xe0, 0xf5, 0xbe,
  0x36, 0x38, 0x0d, 0x3d, 0x70, 0x56, 0xd3, 0xbe, 0xf5, 0x79, 0xb2, 0xbe,
  0xce, 0x7c, 0x57, 0x3e, 0x7b, 0x04, 0x8b, 0x3c, 0x21, 0x6a, 0x34, 0x3d,
  0x60, 0xb5, 0x8e, 0xbe, 0x6a, 0x67, 0x1f, 0x3d, 0xe4, 0x5c, 0xd6, 0x3e,
  0x09, 0xda, 0xf0, 0x3e, 0xc9, 0xd5, 0xe3, 0xbd, 0x4d, 0x80, 0xf6, 0xbd,
  0xcc, 0x95, 0xfb, 0xbd, 0x36, 0x1a, 0xa8, 0xbe, 0x9b, 0x1b, 0x81, 0xbe,
  0xbb, 0x3d, 0x1d, 0xbe, 0xae, 0x97, 0x20, 0x3e, 0x93, 0x0e, 0x87, 0xbe,
  0x02, 0x45, 0xd5, 0xbe, 0xaf, 0x4b, 0x93, 0x3e, 0x9d, 0x50, 0x9c, 0x3e,
  0x98, 0x1a, 0xee, 0x3e, 0xb6, 0x98, 0xc5, 0xbe, 0x2b, 0x96, 0x3d, 0xbe,
  0xac, 0xb7, 0xcd, 0x3e, 0x8f, 0x43, 0xae, 0x3d, 0x7e, 0x63, 0xb0, 0xbe,
  0x0c, 0x96, 0xdb, 0xbe, 0x3a, 0xb5, 0x63, 0xbe, 0xc2, 0x4a, 0xde, 0xbe,
  0xb6, 0x6d, 0x88, 0x3a, 0x9b, 0x40, 0xca, 0xbd, 0x25, 0x9f, 0x4d, 0x3e,
  0x05, 0x01, 0xcd, 0xbe, 0x54, 0xa7, 0x27, 0xbe, 0x66, 0x05, 0x9b, 0x3e,
  0xe8, 0x68, 0xe5, 0x3d, 0x61, 0xea, 0xb8, 0x3e, 0x55, 0x23, 0xd7, 0xbd,
  0xed, 0xc6, 0x6e, 0xbe, 0xa2, 0xde, 0xff, 0xff, 0x04, 0x00, 0x00, 0x00,
  0xc0, 0x01, 0x00, 0x00, 0x30, 0x20, 0x89, 0xbe, 0x01, 0xce, 0x6b, 0xbe,
  0x71, 0xd7, 0x63, 0x3e, 0x43, 0xfe, 0x86, 0x3e, 0xe9, 0x4a, 0x23, 0x3e,
  0x2f, 0x65, 0xb0, 0x3d, 0xf6, 0x92, 0xee, 0x3e, 0xbc, 0x17, 0xa0, 0x3e,
  0xcf, 0x57, 0x21, 0xbe, 0x5e, 0x5b, 0x98, 0x3d, 0x3b, 0x93, 0xe2, 0x3e,
  0x3d, 0x77, 0xe1, 0xbe, 0x06, 0x1d, 0x53, 0xbe, 0xe4, 0xac, 0x87, 0xbe,
  0xc6, 0xb9, 0xbb, 0x3e, 0xc9, 0x31, 0x25, 0x3e, 0xde, 0x3b, 0xf6, 0xbe,
  0xaf, 0x35, 0x93, 0xbe, 0x72, 0x1d, 0xe4, 0x3e, 0xa2, 0x5c, 0x04, 0x3d,
  0x8a, 0xd5, 0x2a, 0x3e, 0x72, 0x39, 0xbf, 0x3e, 0x59, 0x4b, 0x1d, 0x3e,
  0x36, 0x0f, 0xa0, 0x3e, 0xf9, 0x06, 0xd3, 0xbe, 0x36, 0x57, 0x7c, 0x3e,
  0x52, 0x3e, 0xa8, 0x3e, 0xdf, 0x39, 0x9e, 0xbe, 0x17, 0x3a, 0xa2, 0xbe,
  0x97, 0x71, 0x47, 0xbe, 0xfa, 0x64, 0x00, 0x3f, 0x7a, 0xcb, 0x1e, 0x3e,
  0xbb, 0x7a, 0xf6, 0x3e, 0x94, 0x0d, 0x9b, 0x3e, 0x15, 0x82, 0xed, 0xbe,
  0xa2, 0xa0, 0xa5, 0xbe, 0x8d, 0xef, 0xa1, 0xbe, 0xb7, 0x1c, 0xdd, 0xbe,
  0x20, 0xe3, 0xca, 0xbe, 0x6a, 0x07, 0xb7, 0xbe, 0x30, 0xa7, 0xbc, 0x3e,
  0xc0, 0x27, 0x88, 0xbe, 0x39, 0x1d, 0xc6, 0xbe, 0xa4, 0xa3, 0xe8, 0x3e,
  0x9b, 0x53, 0x97, 0x3e, 0x4e, 0xb8, 0x71, 0x3e, 0x47, 0x10, 0x4c, 0xbe,
  0x62, 0x1b, 0x9b, 0xbe, 0x69, 0xe2, 0xe9, 0xbe, 0x4a, 0x4c, 0xef, 0xbe,
  0x19, 0xfe, 0xa2, 0x3e, 0x0e, 0xd3, 0x42, 0x3e, 0x82, 0xf8, 0xcb, 0x3e,
  0xa2, 0xe4, 0xea, 0x3d, 0x68, 0x40, 0x88, 0x3e, 0x2e, 0x37, 0x07, 0x3d,
  0x99, 0x17, 0x80, 0xbe, 0xd1, 0x69, 0xdf, 0x3e, 0xd3, 0xdc, 0xcc, 0x3e,
  0x93, 0x85, 0xa3, 0xbe, 0xc1, 0xc6, 0xc2, 0xbe, 0x3c, 0x26, 0x12, 0xbe,
  0x75, 0x05, 0xf0, 0x3e, 0x75, 0x3e, 0xfd, 0x3d, 0xd6, 0xf5, 0xb8, 0xbe,
  0xac, 0x3c, 0x56, 0xbd, 0x71, 0x32, 0x62, 0x3e, 0xb0, 0xde, 0xc8, 0x3e,
  0x45, 0xcd, 0xa2, 0x3e, 0xc1, 0x0e, 0x77, 0x3e, 0x1f, 0x53, 0x85, 0x3e,
  0x6d, 0x17, 0x7a, 0x3d, 0xa8, 0x59, 0x34, 0xbe, 0xbb, 0xf0, 0x70, 0x3e,
  0x06, 0xab, 0x8a, 0x3e, 0xa1, 0xa5, 0x4f, 0xbe, 0x4b, 0xe0, 0x1c, 0xbe,
  0x97, 0x0c, 0x9e, 0xbd, 0xda, 0x05, 0xbd, 0x3e, 0x6b, 0x20, 0x95, 0x3d,
  0x81, 0x50, 0xc8, 0xbe, 0xfe, 0x64, 0x8a, 0xbe, 0x1f, 0x45, 0x7f, 0x3d,
  0x27, 0x4a, 0xe5, 0x3e, 0xbc, 0x65, 0x85, 0x3e, 0x61, 0xcd, 0xa7, 0x3e,
  0x64, 0xb0, 0x8c, 0x3d, 0xa6, 0xf2, 0x11, 0x3e, 0x40, 0x7d, 0x71, 0xbd,
  0xc3, 0xdf, 0xa7, 0x3e, 0x85, 0x06, 0x8a, 0x3e, 0xbe, 0x00, 0xf4, 0xbe,
  0x68, 0x5e, 0xc0, 0xbe, 0xaa, 0x5b, 0xd8, 0xbe, 0x03, 0x4a, 0x83, 0x3e,
  0xe4, 0x67, 0x2b, 0x3e, 0xa1, 0x10, 0x4c, 0xbe, 0x70, 0xec, 0xf2, 0xbd,
  0x94, 0x19, 0x12, 0x3e, 0xc7, 0x61, 0x81, 0x3d, 0x61, 0x57, 0x02, 0x3f,
  0xbd, 0x6e, 0xe0, 0x3e, 0x18, 0xd9, 0xe2, 0x3e, 0x7b, 0x8d, 0x2b, 0x3d,
  0x5c, 0xdc, 0xe4, 0xbe, 0xf9, 0x93, 0x80, 0x3e, 0xfb, 0xb0, 0x70, 0x3e,
  0x8b, 0x89, 0xa1, 0xbe, 0x5a, 0x31, 0xb5, 0xbe, 0x99, 0x9d, 0x1e, 0xbd,
  0x54, 0xc2, 0x9e, 0x3d, 0xbc, 0x62, 0xed, 0x3e, 0x6e, 0xe0, 0xff, 0xff,
  0x04, 0x00, 0x00, 0x00, 0x00, 0x01, 0x00, 0x00, 0x28, 0x9f, 0xc3, 0x3e,
  0xa8, 0xdf, 0xd1, 0x3e, 0x1c, 0x5d, 0x55, 0xbc, 0x57, 0x86, 0x6b, 0xbd,
  0xdc, 0xd4, 0xc5, 0x3e, 0x5a, 0xa0, 0x14, 0x3e, 0x5c, 0x79, 0x65, 0x3e,
  0xa7, 0x03, 0x81, 0x3e, 0x4a, 0x14, 0x59, 0x3e, 0xd1, 0x86, 0xa9, 0x3e,
  0x54, 0x05, 0xc2, 0xbc, 0x39, 0x66, 0x2a, 0x3e, 0x2f, 0xa6, 0x21, 0xbd,
  0x14, 0xa0, 0x20, 0x3e, 0xdb, 0x6e, 0xf9, 0x3d, 0xdf, 0xf4, 0x08, 0x3e,
  0xc0, 0x41, 0xa2, 0x3d, 0x8b, 0x1e, 0x3a, 0x3c, 0x83, 0xee, 0x1a, 0x3d,
  0x35, 0xe0, 0x77, 0x3b, 0x58, 0xdb, 0x67, 0xbd, 0xf2, 0x30, 0x36, 0x3e,
  0xc8, 0xa9, 0x7b, 0x3e, 0x8a, 0xd0, 0xa6, 0x3e, 0xc4, 0x89, 0x6b, 0x3e,
  0x08, 0xe1, 0xa6, 0x3e, 0x00, 0x9b, 0xc0, 0x3e, 0xd3, 0x57, 0x05, 0x3f,
  0x2f, 0xf4, 0x5d, 0x3d, 0xd9, 0x17, 0xda, 0x3d, 0x93, 0x2c, 0xf2, 0x3e,
  0xb3, 0xe6, 0xda, 0x3e, 0x65, 0x9a, 0x55, 0x3e, 0x8c, 0x6f, 0x85, 0x3e,
  0xca, 0x17, 0xcf, 0xbd, 0xd0, 0x0b, 0x7c, 0x3b, 0xcf, 0x70, 0x67, 0xbe,
  0xc2, 0x6e, 0xd7, 0xbe, 0x69, 0x07, 0xbd, 0xbe, 0xe3, 0xc8, 0x26, 0xbe,
  0x57, 0x96, 0xf0, 0x3d, 0xcd, 0x23, 0xee, 0xbe, 0x10, 0x46, 0x19, 0xbe,
  0xc7, 0x6c, 0xf3, 0x3e, 0x0a, 0xad, 0xf7, 0x3e, 0xbb, 0xd5, 0x12, 0x3e,
  0xac, 0xd4, 0xc0, 0xbe, 0xd3, 0x81, 0xaa, 0xbe, 0xdb, 0x16, 0xb5, 0x3e,
  0xbe, 0xe2, 0x58, 0x3e, 0x33, 0x93, 0xde, 0x3e, 0xfb, 0x6b, 0xf1, 0x3e,
  0x01, 0x90, 0x9d, 0x3e, 0x54, 0xc8, 0x2a, 0x3d, 0x00, 0xc8, 0x4e, 0x3e,
  0x42, 0x59, 0x62, 0x3e, 0x71, 0x3e, 0x8a, 0x3e, 0xb2, 0xfe, 0xf7, 0x3d,
  0x57, 0x74, 0x16, 0x3e, 0x11, 0x80, 0x53, 0x3e, 0x5b, 0x38, 0xef, 0x3e,
  0x74, 0x42, 0x8c, 0x3e, 0x60, 0xc1, 0x78, 0x3e, 0xc8, 0xd0, 0xbf, 0x3e,
  0x7a, 0xe1, 0xff, 0xff, 0x04, 0x00, 0x00, 0x00, 0x00, 0x01, 0x00, 0x00,
  0x76, 0x4e, 0x15, 0xbd, 0xa2, 0x5d, 0xf4, 0xbb, 0x92, 0xd0, 0x27, 0x3e,
  0xc7, 0xb2, 0x84, 0x3d, 0x6e, 0x9c, 0x61, 0x3d, 0x6b, 0xed, 0xb8, 0x3e,
  0x25, 0x71, 0xe0, 0x3e, 0x7e, 0x45, 0x09, 0xbc, 0xc2, 0x03, 0xa2, 0x3e,
  0x07, 0xa0, 0x9b, 0x3e, 0x6f, 0x04, 0x9b, 0x3e, 0xf4, 0x5e, 0xce, 0x3e,
  0x87, 0x14, 0xcc, 0x3e, 0xcd, 0xeb, 0x91, 0x3e, 0x4f, 0x2f, 0x00, 0x3e,
  0x2f, 0x5f, 0x87, 0x3d, 0x9a, 0x1d, 0xce, 0x3d, 0x65, 0xca, 0xe7, 0x3d,
  0x6b, 0x79, 0x65, 0x3e, 0x36, 0xf4, 0x24, 0x3e, 0x32, 0xff, 0x0a, 0x3e,
  0xe9, 0x77, 0xcc, 0x3d, 0xc4, 0xe4, 0x39, 0x3e, 0x90, 0x39, 0x66, 0x3e,
  0x15, 0xef, 0x85, 0x3e, 0xef, 0x30, 0xfd, 0x3d, 0x96, 0x02, 0xf5, 0x3d,
  0x6e, 0x37, 0x9c, 0x3e, 0xff, 0xc0, 0x07, 0x3f, 0x39, 0xaa, 0x88, 0x3e,
  0xf9, 0x51, 0xee, 0x3e, 0x33, 0x89, 0x08, 0x3e, 0xf7, 0x71, 0xb8, 0x3e,
  0x1f, 0xf1, 0xa7, 0x3e, 0x65, 0x4d, 0xab, 0xbe, 0x68, 0xef, 0x1b, 0xbe,
  0xd7, 0x70, 0x07, 0xbf, 0xbb, 0x64, 0xa0, 0xbe, 0xa3, 0x5b, 0xf1, 0xbe,
  0xa9, 0x06, 0xfb, 0x3c, 0xdf, 0xcb, 0x5f, 0x3e, 0x5c, 0x43, 0x7c, 0xbe,
  0xd9, 0x3d, 0x23, 0xbe, 0x07, 0x9d, 0x3b, 0x3c, 0xb0, 0x0e, 0xe9, 0x3e,
  0xb3, 0x92, 0x2f, 0x3e, 0xdf, 0x4a, 0xd6, 0xbe, 0x42, 0x81, 0x8d, 0xbd,
  0x3b, 0x5b, 0xdb, 0x3e, 0xce, 0xad, 0xfe, 0x3d, 0x4f, 0x7a, 0x90, 0x3e,
  0x0b, 0xab, 0xf0, 0x3e, 0xc0, 0x3f, 0x80, 0x3e, 0xc1, 0x8e, 0xa3, 0x3e,
  0x33, 0xf1, 0x02, 0x3f, 0x85, 0x06, 0x99, 0x3d, 0x3c, 0xee, 0xa0, 0x3e,
  0xc5, 0x7f, 0x9e, 0x3e, 0x00, 0xb0, 0x8f, 0x3e, 0x06, 0x85, 0x89, 0x3d,
  0xb5, 0x77, 0x9b, 0x3e, 0x72, 0x4d, 0x36, 0xbd, 0x08, 0xc3, 0x5e, 0x3e,
  0xe6, 0x6b, 0x78, 0x3e, 0x86, 0xe2, 0xff, 0xff, 0x04, 0x00, 0x00, 0x00,
  0x1c, 0x00, 0x00, 0x00, 0x43, 0xbf, 0xea, 0xbe, 0x0c, 0xfe, 0x2e, 0xbe,
  0x70, 0x2b, 0x94, 0x3e, 0xb7, 0x3e, 0x77, 0xbe, 0x7d, 0x92, 0xc7, 0xbe,
  0x41, 0xbf, 0xb7, 0xbd, 0x5b, 0x38, 0xe9, 0xbe, 0xae, 0xe2, 0xff, 0xff,
  0x04, 0x00, 0x00, 0x00, 0x00, 0x01, 0x00, 0x00, 0x59, 0xf5, 0xb0, 0x3e,
  0x31, 0x0e, 0xce, 0x3e, 0xc0, 0x7a, 0x1a, 0x3e, 0xb8, 0xf9, 0xee, 0x3b,
  0x6a, 0x08, 0xe2, 0x3e, 0xcc, 0x9e, 0x01, 0x3f, 0xea, 0x96, 0x29, 0x3f,
  0xf6, 0x72, 0x79, 0x3e, 0xf4, 0x46, 0x07, 0x3f, 0x6c, 0x93, 0x22, 0x3f,
  0x1a, 0xe4, 0x8e, 0x3e, 0x08, 0xc9, 0x11, 0x3f, 0xc1, 0xdf, 0xb7, 0x3e,
  0xd7, 0x3b, 0xe2, 0x3e, 0xbc, 0xe6, 0x7c, 0x3e, 0x76, 0xa4, 0x4c, 0x3e,
  0xad, 0x2f, 0x38, 0x3e, 0x36, 0x0e, 0xff, 0x3d, 0x86, 0x1a, 0x86, 0x3e,
  0xb7, 0xd3, 0x28, 0x3e, 0xb8, 0x10, 0xa2, 0x3d, 0x73, 0x36, 0x8e, 0x3e,
  0x46, 0xc7, 0xda, 0x3e, 0xa9, 0xf6, 0x0c, 0x3f, 0xf7, 0xb3, 0xfb, 0x3e,
  0x44, 0x2d, 0xe6, 0x3e, 0xa6, 0xdb, 0xfd, 0x3e, 0x8a, 0x73, 0x53, 0x3f,
  0x42, 0xa0, 0x15, 0x3f, 0x2f, 0x30, 0xbf, 0x3e, 0x46, 0x3f, 0x70, 0x3f,
  0xa6, 0x95, 0x0f, 0x3f, 0x95, 0x9f, 0x11, 0x3f, 0x56, 0xb0, 0x16, 0x3f,
  0x58, 0x13, 0xdf, 0xbe, 0x39, 0xff, 0x17, 0xbe, 0x0b, 0x4d, 0x41, 0xbf,
  0xbe, 0xe9, 0x3b, 0xbf, 0x86, 0x31, 0x57, 0xbf, 0x0e, 0x68, 0x07, 0xbe,
  0x85, 0x0b, 0xac, 0x3e, 0xbe, 0x22, 0x36, 0xbf, 0xf4, 0x41, 0x9e, 0xbe,
  0xaf, 0x49, 0xf9, 0x3e, 0xdd, 0x5d, 0x70, 0x3f, 0x37, 0x34, 0xa1, 0x3e,
  0xc6, 0x8f, 0x4b, 0xbf, 0x24, 0xe2, 0xcd, 0xbe, 0x0b, 0x39, 0x48, 0x3f,
  0xd2, 0x1c, 0xac, 0x3e, 0xc1, 0x86, 0x37, 0x3f, 0x83, 0x0b, 0x71, 0x3f,
  0xe0, 0xe7, 0x0e, 0x3f, 0xcc, 0xe7, 0xb8, 0x3e, 0x33, 0xa3, 0x36, 0x3f,
  0x42, 0x6e, 0x97, 0x3e, 0x56, 0x96, 0x15, 0x3f, 0x72, 0x7f, 0xdc, 0x3e,
  0x2c, 0xea, 0xda, 0x3e, 0x4a, 0x21, 0x8c, 0x3e, 0x08, 0x58, 0x45, 0x3f,
  0x8c, 0xf1, 0x6a, 0x3e, 0x34, 0xc2, 0xeb, 0x3e, 0x5e, 0x03, 0x1e, 0x3f,
  0x44, 0x9e, 0xff, 0xff, 0x48, 0x9e, 0xff, 0xff, 0x0f, 0x00, 0x00, 0x00,
  0x4d, 0x4c, 0x49, 0x52, 0x20, 0x43, 0x6f, 0x6e, 0x76, 0x65, 0x72, 0x74,
  0x65, 0x64, 0x2e, 0x00, 0x01, 0x00, 0x00, 0x00, 0x14, 0x00, 0x00, 0x00,
  0x00, 0x00, 0x0e, 0x00, 0x18, 0x00, 0x14, 0x00, 0x10, 0x00, 0x0c, 0x00,
  0x08, 0x00, 0x04, 0x00, 0x0e, 0x00, 0x00, 0x00, 0x14, 0x00, 0x00, 0x00,
  0x1c, 0x00, 0x00, 0x00, 0x54, 0x1c, 0x00, 0x00, 0x58, 0x1c, 0x00, 0x00,
  0x5c, 0x1c, 0x00, 0x00, 0x04, 0x00, 0x00, 0x00, 0x6d, 0x61, 0x69, 0x6e,
  0x00, 0x00, 0x00, 0x00, 0x96, 0x00, 0x00, 0x00, 0x18, 0x1c, 0x00, 0x00,
  0xcc, 0x1b, 0x00, 0x00, 0x84, 0x1b, 0x00, 0x00, 0x3c, 0x1b, 0x00, 0x00,
  0x04, 0x1b, 0x00, 0x00, 0xcc, 0x1a, 0x00, 0x00, 0x94, 0x1a, 0x00, 0x00,
  0x5c, 0x1a, 0x00, 0x00, 0x24, 0x1a, 0x00, 0x00, 0xec, 0x19, 0x00, 0x00,
  0xb4, 0x19, 0x00, 0x00, 0x7c, 0x19, 0x00, 0x00, 0x44, 0x19, 0x00, 0x00,
  0x0c, 0x19, 0x00, 0x00, 0xd4, 0x18, 0x00, 0x00, 0x9c, 0x18, 0x00, 0x00,
  0x64, 0x18, 0x00, 0x00, 0x2c, 0x18, 0x00, 0x00, 0xf4, 0x17, 0x00, 0x00,
  0xbc, 0x17, 0x00, 0x00, 0x84, 0x17, 0x00, 0x00, 0x40, 0x17, 0x00, 0x00,
  0x1c, 0x17, 0x00, 0x00, 0xec, 0x16, 0x00, 0x00, 0xc8, 0x16, 0x00, 0x00,
  0x94, 0x16, 0x00, 0x00, 0x70, 0x16, 0x00, 0x00, 0x3c, 0x16, 0x00, 0x00,
  0x04, 0x16, 0x00, 0x00, 0xd0, 0x15, 0x00, 0x00, 0x8c, 0x15, 0x00, 0x00,
  0x68, 0x15, 0x00, 0x00, 0x44, 0x15, 0x00, 0x00, 0x10, 0x15, 0x00, 0x00,
  0xec, 0x14, 0x00, 0x00, 0xc8, 0x14, 0x00, 0x00, 0x94, 0x14, 0x00, 0x00,
  0x60, 0x14, 0x00, 0x00, 0x3c, 0x14, 0x00, 0x00, 0x08, 0x14, 0x00, 0x00,
  0xd0, 0x13, 0x00, 0x00, 0x9c, 0x13, 0x00, 0x00, 0x58, 0x13, 0x00, 0x00,
  0x34, 0x13, 0x00, 0x00, 0x10, 0x13, 0x00, 0x00, 0xdc, 0x12, 0x00, 0x00,
  0xb8, 0x12, 0x00, 0x00, 0x94, 0x12, 0x00, 0x00, 0x60, 0x12, 0x00, 0x00,
  0x2c, 0x12, 0x00, 0x00, 0x08, 0x12, 0x00, 0x00, 0xd4, 0x11, 0x00, 0x00,
  0x9c, 0x11, 0x00, 0x00, 0x68, 0x11, 0x00, 0x00, 0x24, 0x11, 0x00, 0x00,
  0x00, 0x11, 0x00, 0x00, 0xdc, 0x10, 0x00, 0x00, 0xa8, 0x10, 0x00, 0x00,
  0x84, 0x10, 0x00, 0x00, 0x60, 0x10, 0x00, 0x00, 0x2c, 0x10, 0x00, 0x00,
  0xf8, 0x0f, 0x00, 0x00, 0xd4, 0x0f, 0x00, 0x00, 0xa0, 0x0f, 0x00, 0x00,
  0x68, 0x0f, 0x00, 0x00, 0x34, 0x0f, 0x00, 0x00, 0xf0, 0x0e, 0x00, 0x00,
  0xcc, 0x0e, 0x00, 0x00, 0xa8, 0x0e, 0x00, 0x00, 0x74, 0x0e, 0x00, 0x00,
  0x50, 0x0e, 0x00, 0x00, 0x2c, 0x0e, 0x00, 0x00, 0xf8, 0x0d, 0x00, 0x00,
  0xc4, 0x0d, 0x00, 0x00, 0xa0, 0x0d, 0x00, 0x00, 0x6c, 0x0d, 0x00, 0x00,
  0x34, 0x0d, 0x00, 0x00, 0x00, 0x0d, 0x00, 0x00, 0xbc, 0x0c, 0x00, 0x00,
  0x98, 0x0c, 0x00, 0x00, 0x74, 0x0c, 0x00, 0x00, 0x40, 0x0c, 0x00, 0x00,
  0x1c, 0x0c, 0x00, 0x00, 0xf8, 0x0b, 0x00, 0x00, 0xc4, 0x0b, 0x00, 0x00,
  0x90, 0x0b, 0x00, 0x00, 0x6c, 0x0b, 0x00, 0x00, 0x38, 0x0b, 0x00, 0x00,
  0x00, 0x0b, 0x00, 0x00, 0xcc, 0x0a, 0x00, 0x00, 0x88, 0x0a, 0x00, 0x00,
  0x64, 0x0a, 0x00, 0x00, 0x40, 0x0a, 0x00, 0x00, 0x0c, 0x0a, 0x00, 0x00,
  0xe8, 0x09, 0x00, 0x00, 0xc4, 0x09, 0x00, 0x00, 0x90, 0x09, 0x00, 0x00,
  0x5c, 0x09, 0x00, 0x00, 0x38, 0x09, 0x00, 0x00, 0x04, 0x09, 0x00, 0x00,
  0xcc, 0x08, 0x00, 0x00, 0x98, 0x08, 0x00, 0x00, 0x54, 0x08, 0x00, 0x00,
  0x30, 0x08, 0x00, 0x00, 0x0c, 0x08, 0x00, 0x00, 0xd8, 0x07, 0x00, 0x00,
  0xb4, 0x07, 0x00, 0x00, 0x90, 0x07, 0x00, 0x00, 0x5c, 0x07, 0x00, 0x00,
  0x28, 0x07, 0x00, 0x00, 0x04, 0x07, 0x00, 0x00, 0xd0, 0x06, 0x00, 0x00,
  0x98, 0x06, 0x00, 0x00, 0x64, 0x06, 0x00, 0x00, 0x20, 0x06, 0x00, 0x00,
  0xfc, 0x05, 0x00, 0x00, 0xd8, 0x05, 0x00, 0x00, 0xa4, 0x05, 0x00, 0x00,
  0x80, 0x05, 0x00, 0x00, 0x5c, 0x05, 0x00, 0x00, 0x28, 0x05, 0x00, 0x00,
  0xf4, 0x04, 0x00, 0x00, 0xd0, 0x04, 0x00, 0x00, 0x9c, 0x04, 0x00, 0x00,
  0x64, 0x04, 0x00, 0x00, 0x30, 0x04, 0x00, 0x00, 0xec, 0x03, 0x00, 0x00,
  0xc8, 0x03, 0x00, 0x00, 0xa4, 0x03, 0x00, 0x00, 0x70, 0x03, 0x00, 0x00,
  0x4c, 0x03, 0x00, 0x00, 0x28, 0x03, 0x00, 0x00, 0xf4, 0x02, 0x00, 0x00,
  0xc0, 0x02, 0x00, 0x00, 0x9c, 0x02, 0x00, 0x00, 0x68, 0x02, 0x00, 0x00,
  0x44, 0x02, 0x00, 0x00, 0x20, 0x02, 0x00, 0x00, 0xfc, 0x01, 0x00, 0x00,
  0xd8, 0x01, 0x00, 0x00, 0xb4, 0x01, 0x00, 0x00, 0x90, 0x01, 0x00, 0x00,
  0x6c, 0x01, 0x00, 0x00, 0x48, 0x01, 0x00, 0x00, 0x24, 0x01, 0x00, 0x00,
  0x00, 0x01, 0x00, 0x00, 0xa8, 0x00, 0x00, 0x00, 0x70, 0x00, 0x00, 0x00,
  0x38, 0x00, 0x00, 0x00, 0x04, 0x00, 0x00, 0x00, 0xda, 0xe6, 0xff, 0xff,
  0x14, 0x00, 0x00, 0x00, 0x00, 0x00, 0x00, 0x09, 0x14, 0x00, 0x00, 0x00,
  0x18, 0x00, 0x00, 0x00, 0x09, 0x00, 0x00, 0x00, 0x86, 0xe6, 0xff, 0xff,
  0x00, 0x00, 0x80, 0x3f, 0x01, 0x00, 0x00, 0x00, 0xc7, 0x00, 0x00, 0x00,
  0x01, 0x00, 0x00, 0x00, 0xc6, 0x00, 0x00, 0x00, 0x0a, 0xe7, 0xff, 0xff,
  0x14, 0x00, 0x00, 0x00, 0x00, 0x00, 0x00, 0x08, 0x10, 0x00, 0x00, 0x00,
  0x14, 0x00, 0x00, 0x00, 0x02, 0x00, 0x00, 0x00, 0x40, 0xa1, 0xff, 0xff,
  0x01, 0x00, 0x00, 0x00, 0xc6, 0x00, 0x00, 0x00, 0x03, 0x00, 0x00, 0x00,
  0xc5, 0x00, 0x00, 0x00, 0x05, 0x00, 0x00, 0x00, 0x02, 0x00, 0x00, 0x00,
  0x3e, 0xe7, 0xff, 0xff, 0x14, 0x00, 0x00, 0x00, 0x00, 0x00, 0x00, 0x17,
  0x14, 0x00, 0x00, 0x00, 0x18, 0x00, 0x00, 0x00, 0x01, 0x00, 0x00, 0x00,
  0xea, 0xe6, 0xff, 0xff, 0x01, 0x00, 0x00, 0x00, 0x01, 0x00, 0x00, 0x00,
  0xc5, 0x00, 0x00, 0x00, 0x02, 0x00, 0x00, 0x00, 0xc4, 0x00, 0x00, 0x00,
  0x09, 0x00, 0x00, 0x00, 0x72, 0xe7, 0xff, 0xff, 0x14, 0x00, 0x00, 0x00,
  0x00, 0x00, 0x00, 0x0a, 0x14, 0x00, 0x00, 0x00, 0x18, 0x00, 0x00, 0x00,
  0x08, 0x00, 0x00, 0x00, 0x1e, 0xe7, 0xff, 0xff, 0x01, 0x00, 0x00, 0x00,
  0x01, 0x00, 0x00, 0x00, 0xc4, 0x00, 0x00, 0x00, 0x0a, 0x00, 0x00, 0x00,
  0xc3, 0x00, 0x00, 0x00, 0xc2, 0x00, 0x00, 0x00, 0xc1, 0x00, 0x00, 0x00,
  0xc0, 0x00, 0x00, 0x00, 0xbf, 0x00, 0x00, 0x00, 0xbe, 0x00, 0x00, 0x00,
  0xbd, 0x00, 0x00, 0x00, 0xbc, 0x00, 0x00, 0x00, 0xbb, 0x00, 0x00, 0x00,
  0xba, 0x00, 0x00, 0x00, 0x36, 0xe7, 0xff, 0xff, 0x08, 0x00, 0x00, 0x00,
  0x0c, 0x00, 0x00, 0x00, 0x01, 0x00, 0x00, 0x00, 0xc3, 0x00, 0x00, 0x00,
  0x02, 0x00, 0x00, 0x00, 0x32, 0x00, 0x00, 0x00, 0x08, 0x00, 0x00, 0x00,
  0x56, 0xe7, 0xff, 0xff, 0x08, 0x00, 0x00, 0x00, 0x0c, 0x00, 0x00, 0x00,
  0x01, 0x00, 0x00, 0x00, 0xc2, 0x00, 0x00, 0x00, 0x02, 0x00, 0x00, 0x00,
  0x41, 0x00, 0x00, 0x00, 0x08, 0x00, 0x00, 0x00, 0x76, 0xe7, 0xff, 0xff,
  0x08, 0x00, 0x00, 0x00, 0x0c, 0x00, 0x00, 0x00, 0x01, 0x00, 0x00, 0x00,
  0xc1, 0x00, 0x00, 0x00, 0x02, 0x00, 0x00, 0x00, 0x50, 0x00, 0x00, 0x00,
  0x08, 0x00, 0x00, 0x00, 0x96, 0xe7, 0xff, 0xff, 0x08, 0x00, 0x00, 0x00,
  0x0c, 0x00, 0x00, 0x00, 0x01, 0x00, 0x00, 0x00, 0xc0, 0x00, 0x00, 0x00,
  0x02, 0x00, 0x00, 0x00, 0x5f, 0x00, 0x00, 0x00, 0x08, 0x00, 0x00, 0x00,
  0xb6, 0xe7, 0xff, 0xff, 0x08, 0x00, 0x00, 0x00, 0x0c, 0x00, 0x00, 0x00,
  0x01, 0x00, 0x00, 0x00, 0xbf, 0x00, 0x00, 0x00, 0x02, 0x00, 0x00, 0x00,
  0x6e, 0x00, 0x00, 0x00, 0x08, 0x00, 0x00, 0x00, 0xd6, 0xe7, 0xff, 0xff,
  0x08, 0x00, 0x00, 0x00, 0x0c, 0x00, 0x00, 0x00, 0x01, 0x00, 0x00, 0x00,
  0xbe, 0x00, 0x00, 0x00, 0x02, 0x00, 0x00, 0x00, 0x7d, 0x00, 0x00, 0x00,
  0x08, 0x00, 0x00, 0x00, 0xf6, 0xe7, 0xff, 0xff, 0x08, 0x00, 0x00, 0x00,
  0x0c, 0x00, 0x00, 0x00, 0x01, 0x00, 0x00, 0x00, 0xbd, 0x00, 0x00, 0x00,
  0x02, 0x00, 0x00, 0x00, 0x8c, 0x00, 0x00, 0x00, 0x08, 0x00, 0x00, 0x00,
  0x16, 0xe8, 0xff, 0xff, 0x08, 0x00, 0x00, 0x00, 0x0c, 0x00, 0x00, 0x00,
  0x01, 0x00, 0x00, 0x00, 0xbc, 0x00, 0x00, 0x00, 0x02, 0x00, 0x00, 0x00,
  0x9b, 0x00, 0x00, 0x00, 0x08, 0x00, 0x00, 0x00, 0x36, 0xe8, 0xff, 0xff,
  0x08, 0x00, 0x00, 0x00, 0x0c, 0x00, 0x00, 0x00, 0x01, 0x00, 0x00, 0x00,
  0xbb, 0x00, 0x00, 0x00, 0x02, 0x00, 0x00, 0x00, 0xaa, 0x00, 0x00, 0x00,
  0x08, 0x00, 0x00, 0x00, 0x56, 0xe8, 0xff, 0xff, 0x08, 0x00, 0x00, 0x00,
  0x0c, 0x00, 0x00, 0x00, 0x01, 0x00, 0x00, 0x00, 0xba, 0x00, 0x00, 0x00,
  0x02, 0x00, 0x00, 0x00, 0xb9, 0x00, 0x00, 0x00, 0x08, 0x00, 0x00, 0x00,
  0x06, 0xe9, 0xff, 0xff, 0x14, 0x00, 0x00, 0x00, 0x00, 0x00, 0x00, 0x15,
  0x10, 0x00, 0x00, 0x00, 0x14, 0x00, 0x00, 0x00, 0x06, 0x00, 0x00, 0x00,
  0x3c, 0xa3, 0xff, 0xff, 0x01, 0x00, 0x00, 0x00, 0xb9, 0x00, 0x00, 0x00,
  0x02, 0x00, 0x00, 0x00, 0xb4, 0x00, 0x00, 0x00, 0xb8, 0x00, 0x00, 0x00,
  0x4a, 0xed, 0xff, 0xff, 0x0c, 0x00, 0x00, 0x00, 0x10, 0x00, 0x00, 0x00,
  0x05, 0x00, 0x00, 0x00, 0x01, 0x00, 0x00, 0x00, 0xb8, 0x00, 0x00, 0x00,
  0x01, 0x00, 0x00, 0x00, 0xb7, 0x00, 0x00, 0x00, 0x56, 0xe9, 0xff, 0xff,
  0x14, 0x00, 0x00, 0x00, 0x00, 0x00, 0x00, 0x0b, 0x10, 0x00, 0x00, 0x00,
  0x14, 0x00, 0x00, 0x00, 0x07, 0x00, 0x00, 0x00, 0x8c, 0xa3, 0xff, 0xff,
  0x01, 0x00, 0x00, 0x00, 0xb7, 0x00, 0x00, 0x00, 0x02, 0x00, 0x00, 0x00,
  0xb3, 0x00, 0x00, 0x00, 0xb6, 0x00, 0x00, 0x00, 0x86, 0xe9, 0xff, 0xff,
  0x14, 0x00, 0x00, 0x00, 0x00, 0x00, 0x00, 0x15, 0x10, 0x00, 0x00, 0x00,
  0x14, 0x00, 0x00, 0x00, 0x06, 0x00, 0x00, 0x00, 0xbc, 0xa3, 0xff, 0xff,
  0x01, 0x00, 0x00, 0x00, 0xb6, 0x00, 0x00, 0x00, 0x02, 0x00, 0x00, 0x00,
  0xb1, 0x00, 0x00, 0x00, 0xb5, 0x00, 0x00, 0x00, 0xca, 0xed, 0xff, 0xff,
  0x0c, 0x00, 0x00, 0x00, 0x10, 0x00, 0x00, 0x00, 0x05, 0x00, 0x00, 0x00,
  0x01, 0x00, 0x00, 0x00, 0xb5, 0x00, 0x00, 0x00, 0x01, 0x00, 0x00, 0x00,
  0xaf, 0x00, 0x00, 0x00, 0xea, 0xed, 0xff, 0xff, 0x0c, 0x00, 0x00, 0x00,
  0x10, 0x00, 0x00, 0x00, 0x04, 0x00, 0x00, 0x00, 0x01, 0x00, 0x00, 0x00,
  0xb4, 0x00, 0x00, 0x00, 0x01, 0x00, 0x00, 0x00, 0xb0, 0x00, 0x00, 0x00,
  0xf6, 0xe9, 0xff, 0xff, 0x14, 0x00, 0x00, 0x00, 0x00, 0x00, 0x00, 0x15,
  0x10, 0x00, 0x00, 0x00, 0x14, 0x00, 0x00, 0x00, 0x06, 0x00, 0x00, 0x00,
  0x2c, 0xa4, 0xff, 0xff, 0x01, 0x00, 0x00, 0x00, 0xb3, 0x00, 0x00, 0x00,
  0x02, 0x00, 0x00, 0x00, 0xb2, 0x00, 0x00, 0x00, 0xa8, 0x00, 0x00, 0x00,
  0x3a, 0xee, 0xff, 0xff, 0x0c, 0x00, 0x00, 0x00, 0x10, 0x00, 0x00, 0x00,
  0x04, 0x00, 0x00, 0x00, 0x01, 0x00, 0x00, 0x00, 0xb2, 0x00, 0x00, 0x00,
  0x01, 0x00, 0x00, 0x00, 0xae, 0x00, 0x00, 0x00, 0x5a, 0xee, 0xff, 0xff,
  0x0c, 0x00, 0x00, 0x00, 0x10, 0x00, 0x00, 0x00, 0x04, 0x00, 0x00, 0x00,
  0x01, 0x00, 0x00, 0x00, 0xb1, 0x00, 0x00, 0x00, 0x01, 0x00, 0x00, 0x00,
  0xad, 0x00, 0x00, 0x00, 0x66, 0xea, 0xff, 0xff, 0x14, 0x00, 0x00, 0x00,
  0x00, 0x00, 0x00, 0x23, 0x14, 0x00, 0x00, 0x00, 0x24, 0x00, 0x00, 0x00,
  0x03, 0x00, 0x00, 0x00, 0x12, 0xea, 0xff, 0xff, 0x04, 0x00, 0x00, 0x00,
  0x04, 0x00, 0x00, 0x00, 0xad, 0x00, 0x00, 0x00, 0xae, 0x00, 0x00, 0x00,
  0xaf, 0x00, 0x00, 0x00, 0xb0, 0x00, 0x00, 0x00, 0x02, 0x00, 0x00, 0x00,
  0x12, 0x00, 0x00, 0x00, 0xac, 0x00, 0x00, 0x00, 0xa6, 0xea, 0xff, 0xff,
  0x14, 0x00, 0x00, 0x00, 0x00, 0x00, 0x00, 0x0b, 0x10, 0x00, 0x00, 0x00,
  0x14, 0x00, 0x00, 0x00, 0x07, 0x00, 0x00, 0x00, 0xdc, 0xa4, 0xff, 0xff,
  0x01, 0x00, 0x00, 0x00, 0xac, 0x00, 0x00, 0x00, 0x02, 0x00, 0x00, 0x00,
  0xab, 0x00, 0x00, 0x00, 0x27, 0x00, 0x00, 0x00, 0xd6, 0xea, 0xff, 0xff,
  0x14, 0x00, 0x00, 0x00, 0x00, 0x00, 0x00, 0x08, 0x10, 0x00, 0x00, 0x00,
  0x14, 0x00, 0x00, 0x00, 0x02, 0x00, 0x00, 0x00, 0x0c, 0xa5, 0xff, 0xff,
  0x01, 0x00, 0x00, 0x00, 0xab, 0x00, 0x00, 0x00, 0x03, 0x00, 0x00, 0x00,
  0xaa, 0x00, 0x00, 0x00, 0x06, 0x00, 0x00, 0x00, 0x03, 0x00, 0x00, 0x00,
  0x0a, 0xeb, 0xff, 0xff, 0x14, 0x00, 0x00, 0x00, 0x00, 0x00, 0x00, 0x15,
  0x10, 0x00, 0x00, 0x00, 0x14, 0x00, 0x00, 0x00, 0x06, 0x00, 0x00, 0x00,
  0x40, 0xa5, 0xff, 0xff, 0x01, 0x00, 0x00, 0x00, 0xaa, 0x00, 0x00, 0x00,
  0x02, 0x00, 0x00, 0x00, 0xa5, 0x00, 0x00, 0x00, 0xa9, 0x00, 0x00, 0x00,
  0x4e, 0xef, 0xff, 0xff, 0x0c, 0x00, 0x00, 0x00, 0x10, 0x00, 0x00, 0x00,
  0x05, 0x00, 0x00, 0x00, 0x01, 0x00, 0x00, 0x00, 0xa9, 0x00, 0x00, 0x00,
  0x01, 0x00, 0x00, 0x00, 0xa8, 0x00, 0x00, 0x00, 0x5a, 0xeb, 0xff, 0xff,
  0x14, 0x00, 0x00, 0x00, 0x00, 0x00, 0x00, 0x0b, 0x10, 0x00, 0x00, 0x00,
  0x14, 0x00, 0x00, 0x00, 0x07, 0x00, 0x00, 0x00, 0x90, 0xa5, 0xff, 0xff,
  0x01, 0x00, 0x00, 0x00, 0xa8, 0x00, 0x00, 0x00, 0x02, 0x00, 0x00, 0x00,
  0xa4, 0x00, 0x00, 0x00, 0xa7, 0x00, 0x00, 0x00, 0x8a, 0xeb, 0xff, 0xff,
  0x14, 0x00, 0x00, 0x00, 0x00, 0x00, 0x00, 0x15, 0x10, 0x00, 0x00, 0x00,
  0x14, 0x00, 0x00, 0x00, 0x06, 0x00, 0x00, 0x00, 0xc0, 0xa5, 0xff, 0xff,
  0x01, 0x00, 0x00, 0x00, 0xa7, 0x00, 0x00, 0x00, 0x02, 0x00, 0x00, 0x00,
  0xa2, 0x00, 0x00, 0x00, 0xa6, 0x00, 0x00, 0x00, 0xce, 0xef, 0xff, 0xff,
  0x0c, 0x00, 0x00, 0x00, 0x10, 0x00, 0x00, 0x00, 0x05, 0x00, 0x00, 0x00,
  0x01, 0x00, 0x00, 0x00, 0xa6, 0x00, 0x00, 0x00, 0x01, 0x00, 0x00, 0x00,
  0xa0, 0x00, 0x00, 0x00, 0xee, 0xef, 0xff, 0xff, 0x0c, 0x00, 0x00, 0x00,
  0x10, 0x00, 0x00, 0x00, 0x04, 0x00, 0x00, 0x00, 0x01, 0x00, 0x00, 0x00,
  0xa5, 0x00, 0x00, 0x00, 0x01, 0x00, 0x00, 0x00, 0xa1, 0x00, 0x00, 0x00,
  0xfa, 0xeb, 0xff, 0xff, 0x14, 0x00, 0x00, 0x00, 0x00, 0x00, 0x00, 0x15,
  0x10, 0x00, 0x00, 0x00, 0x14, 0x00, 0x00, 0x00, 0x06, 0x00, 0x00, 0x00,
  0x30, 0xa6, 0xff, 0xff, 0x01, 0x00, 0x00, 0x00, 0xa4, 0x00, 0x00, 0x00,
  0x02, 0x00, 0x00, 0x00, 0xa3, 0x00, 0x00, 0x00, 0x99, 0x00, 0x00, 0x00,
  0x3e, 0xf0, 0xff, 0xff, 0x0c, 0x00, 0x00, 0x00, 0x10, 0x00, 0x00, 0x00,
  0x04, 0x00, 0x00, 0x00, 0x01, 0x00, 0x00, 0x00, 0xa3, 0x00, 0x00, 0x00,
  0x01, 0x00, 0x00, 0x00, 0x9f, 0x00, 0x00, 0x00, 0x5e, 0xf0, 0xff, 0xff,
  0x0c, 0x00, 0x00, 0x00, 0x10, 0x00, 0x00, 0x00, 0x04, 0x00, 0x00, 0x00,
  0x01, 0x00, 0x00, 0x00, 0xa2, 0x00, 0x00, 0x00, 0x01, 0x00, 0x00, 0x00,
  0x9e, 0x00, 0x00, 0x00, 0x6a, 0xec, 0xff, 0xff, 0x14, 0x00, 0x00, 0x00,
  0x00, 0x00, 0x00, 0x23, 0x14, 0x00, 0x00, 0x00, 0x24, 0x00, 0x00, 0x00,
  0x03, 0x00, 0x00, 0x00, 0x16, 0xec, 0xff, 0xff, 0x04, 0x00, 0x00, 0x00,
  0x04, 0x00, 0x00, 0x00, 0x9e, 0x00, 0x00, 0x00, 0x9f, 0x00, 0x00, 0x00,
  0xa0, 0x00, 0x00, 0x00, 0xa1, 0x00, 0x00, 0x00, 0x02, 0x00, 0x00, 0x00,
  0x12, 0x00, 0x00, 0x00, 0x9d, 0x00, 0x00, 0x00, 0xaa, 0xec, 0xff, 0xff,
  0x14, 0x00, 0x00, 0x00, 0x00, 0x00, 0x00, 0x0b, 0x10, 0x00, 0x00, 0x00,
  0x14, 0x00, 0x00, 0x00, 0x07, 0x00, 0x00, 0x00, 0xe0, 0xa6, 0xff, 0xff,
  0x01, 0x00, 0x00, 0x00, 0x9d, 0x00, 0x00, 0x00, 0x02, 0x00, 0x00, 0x00,
  0x9c, 0x00, 0x00, 0x00, 0x26, 0x00, 0x00, 0x00, 0xda, 0xec, 0xff, 0xff,
  0x14, 0x00, 0x00, 0x00, 0x00, 0x00, 0x00, 0x08, 0x10, 0x00, 0x00, 0x00,
  0x14, 0x00, 0x00, 0x00, 0x02, 0x00, 0x00, 0x00, 0x10, 0xa7, 0xff, 0xff,
  0x01, 0x00, 0x00, 0x00, 0x9c, 0x00, 0x00, 0x00, 0x03, 0x00, 0x00, 0x00,
  0x9b, 0x00, 0x00, 0x00, 0x06, 0x00, 0x00, 0x00, 0x03, 0x00, 0x00, 0x00,
  0x0e, 0xed, 0xff, 0xff, 0x14, 0x00, 0x00, 0x00, 0x00, 0x00, 0x00, 0x15,
  0x10, 0x00, 0x00, 0x00, 0x14, 0x00, 0x00, 0x00, 0x06, 0x00, 0x00, 0x00,
  0x44, 0xa7, 0xff, 0xff, 0x01, 0x00, 0x00, 0x00, 0x9b, 0x00, 0x00, 0x00,
  0x02, 0x00, 0x00, 0x00, 0x96, 0x00, 0x00, 0x00, 0x9a, 0x00, 0x00, 0x00,
  0x52, 0xf1, 0xff, 0xff, 0x0c, 0x00, 0x00, 0x00, 0x10, 0x00, 0x00, 0x00,
  0x05, 0x00, 0x00, 0x00, 0x01, 0x00, 0x00, 0x00, 0x9a, 0x00, 0x00, 0x00,
  0x01, 0x00, 0x00, 0x00, 0x99, 0x00, 0x00, 0x00, 0x5e, 0xed, 0xff, 0xff,
  0x14, 0x00, 0x00, 0x00, 0x00, 0x00, 0x00, 0x0b, 0x10, 0x00, 0x00, 0x00,
  0x14, 0x00, 0x00, 0x00, 0x07, 0x00, 0x00, 0x00, 0x94, 0xa7, 0xff, 0xff,
  0x01, 0x00, 0x00, 0x00, 0x99, 0x00, 0x00, 0x00, 0x02, 0x00, 0x00, 0x00,
  0x95, 0x00, 0x00, 0x00, 0x98, 0x00, 0x00, 0x00, 0x8e, 0xed, 0xff, 0xff,
  0x14, 0x00, 0x00, 0x00, 0x00, 0x00, 0x00, 0x15, 0x10, 0x00, 0x00, 0x00,
  0x14, 0x00, 0x00, 0x00, 0x06, 0x00, 0x00, 0x00, 0xc4, 0xa7, 0xff, 0xff,
  0x01, 0x00, 0x00, 0x00, 0x98, 0x00, 0x00, 0x00, 0x02, 0x00, 0x00, 0x00,
  0x93, 0x00, 0x00, 0x00, 0x97, 0x00, 0x00, 0x00, 0xd2, 0xf1, 0xff, 0xff,
  0x0c, 0x00, 0x00, 0x00, 0x10, 0x00, 0x00, 0x00, 0x05, 0x00, 0x00, 0x00,
  0x01, 0x00, 0x00, 0x00, 0x97, 0x00, 0x00, 0x00, 0x01, 0x00, 0x00, 0x00,
  0x91, 0x00, 0x00, 0x00, 0xf2, 0xf1, 0xff, 0xff, 0x0c, 0x00, 0x00, 0x00,
  0x10, 0x00, 0x00, 0x00, 0x04, 0x00, 0x00, 0x00, 0x01, 0x00, 0x00, 0x00,
  0x96, 0x00, 0x00, 0x00, 0x01, 0x00, 0x00, 0x00, 0x92, 0x00, 0x00, 0x00,
  0xfe, 0xed, 0xff, 0xff, 0x14, 0x00, 0x00, 0x00, 0x00, 0x00, 0x00, 0x15,
  0x10, 0x00, 0x00, 0x00, 0x14, 0x00, 0x00, 0x00, 0x06, 0x00, 0x00, 0x00,
  0x34, 0xa8, 0xff, 0xff, 0x01, 0x00, 0x00, 0x00, 0x95, 0x00, 0x00, 0x00,
  0x02, 0x00, 0x00, 0x00, 0x94, 0x00, 0x00, 0x00, 0x8a, 0x00, 0x00, 0x00,
  0x42, 0xf2, 0xff, 0xff, 0x0c, 0x00, 0x00, 0x00, 0x10, 0x00, 0x00, 0x00,
  0x04, 0x00, 0x00, 0x00, 0x01, 0x00, 0x00, 0x00, 0x94, 0x00, 0x00, 0x00,
  0x01, 0x00, 0x00, 0x00, 0x90, 0x00, 0x00, 0x00, 0x62, 0xf2, 0xff, 0xff,
  0x0c, 0x00, 0x00, 0x00, 0x10, 0x00, 0x00, 0x00, 0x04, 0x00, 0x00, 0x00,
  0x01, 0x00, 0x00, 0x00, 0x93, 0x00, 0x00, 0x00, 0x01, 0x00, 0x00, 0x00,
  0x8f, 0x00, 0x00, 0x00, 0x6e, 0xee, 0xff, 0xff, 0x14, 0x00, 0x00, 0x00,
  0x00, 0x00, 0x00, 0x23, 0x14, 0x00, 0x00, 0x00, 0x24, 0x00, 0x00, 0x00,
  0x03, 0x00, 0x00, 0x00, 0x1a, 0xee, 0xff, 0xff, 0x04, 0x00, 0x00, 0x00,
  0x04, 0x00, 0x00, 0x00, 0x8f, 0x00, 0x00, 0x00, 0x90, 0x00, 0x00, 0x00,
  0x91, 0x00, 0x00, 0x00, 0x92, 0x00, 0x00, 0x00, 0x02, 0x00, 0x00, 0x00,
  0x12, 0x00, 0x00, 0x00, 0x8e, 0x00, 0x00, 0x00, 0xae, 0xee, 0xff, 0xff,
  0x14, 0x00, 0x00, 0x00, 0x00, 0x00, 0x00, 0x0b, 0x10, 0x00, 0x00, 0x00,
  0x14, 0x00, 0x00, 0x00, 0x07, 0x00, 0x00, 0x00, 0xe4, 0xa8, 0xff, 0xff,
  0x01, 0x00, 0x00, 0x00, 0x8e, 0x00, 0x00, 0x00, 0x02, 0x00, 0x00, 0x00,
  0x8d, 0x00, 0x00, 0x00, 0x25, 0x00, 0x00, 0x00, 0xde, 0xee, 0xff, 0xff,
  0x14, 0x00, 0x00, 0x00, 0x00, 0x00, 0x00, 0x08, 0x10, 0x00, 0x00, 0x00,
  0x14, 0x00, 0x00, 0x00, 0x02, 0x00, 0x00, 0x00, 0x14, 0xa9, 0xff, 0xff,
  0x01, 0x00, 0x00, 0x00, 0x8d, 0x00, 0x00, 0x00, 0x03, 0x00, 0x00, 0x00,
  0x8c, 0x00, 0x00, 0x00, 0x06, 0x00, 0x00, 0x00, 0x03, 0x00, 0x00, 0x00,
  0x12, 0xef, 0xff, 0xff, 0x14, 0x00, 0x00, 0x00, 0x00, 0x00, 0x00, 0x15,
  0x10, 0x00, 0x00, 0x00, 0x14, 0x00, 0x00, 0x00, 0x06, 0x00, 0x00, 0x00,
  0x48, 0xa9, 0xff, 0xff, 0x01, 0x00, 0x00, 0x00, 0x8c, 0x00, 0x00, 0x00,
  0x02, 0x00, 0x00, 0x00, 0x87, 0x00, 0x00, 0x00, 0x8b, 0x00, 0x00, 0x00,
  0x56, 0xf3, 0xff, 0xff, 0x0c, 0x00, 0x00, 0x00, 0x10, 0x00, 0x00, 0x00,
  0x05, 0x00, 0x00, 0x00, 0x01, 0x00, 0x00, 0x00, 0x8b, 0x00, 0x00, 0x00,
  0x01, 0x00, 0x00, 0x00, 0x8a, 0x00, 0x00, 0x00, 0x62, 0xef, 0xff, 0xff,
  0x14, 0x00, 0x00, 0x00, 0x00, 0x00, 0x00, 0x0b, 0x10, 0x00, 0x00, 0x00,
  0x14, 0x00, 0x00, 0x00, 0x07, 0x00, 0x00, 0x00, 0x98, 0xa9, 0xff, 0xff,
  0x01, 0x00, 0x00, 0x00, 0x8a, 0x00, 0x00, 0x00, 0x02, 0x00, 0x00, 0x00,
  0x86, 0x00, 0x00, 0x00, 0x89, 0x00, 0x00, 0x00, 0x92, 0xef, 0xff, 0xff,
  0x14, 0x00, 0x00, 0x00, 0x00, 0x00, 0x00, 0x15, 0x10, 0x00, 0x00, 0x00,
  0x14, 0x00, 0x00, 0x00, 0x06, 0x00, 0x00, 0x00, 0xc8, 0xa9, 0xff, 0xff,
  0x01, 0x00, 0x00, 0x00, 0x89, 0x00, 0x00, 0x00, 0x02, 0x00, 0x00, 0x00,
  0x84, 0x00, 0x00, 0x00, 0x88, 0x00, 0x00, 0x00, 0xd6, 0xf3, 0xff, 0xff,
  0x0c, 0x00, 0x00, 0x00, 0x10, 0x00, 0x00, 0x00, 0x05, 0x00, 0x00, 0x00,
  0x01, 0x00, 0x00, 0x00, 0x88, 0x00, 0x00, 0x00, 0x01, 0x00, 0x00, 0x00,
  0x82, 0x00, 0x00, 0x00, 0xf6, 0xf3, 0xff, 0xff, 0x0c, 0x00, 0x00, 0x00,
  0x10, 0x00, 0x00, 0x00, 0x04, 0x00, 0x00, 0x00, 0x01, 0x00, 0x00, 0x00,
  0x87, 0x00, 0x00, 0x00, 0x01, 0x00, 0x00, 0x00, 0x83, 0x00, 0x00, 0x00,
  0x02, 0xf0, 0xff, 0xff, 0x14, 0x00, 0x00, 0x00, 0x00, 0x00, 0x00, 0x15,
  0x10, 0x00, 0x00, 0x00, 0x14, 0x00, 0x00, 0x00, 0x06, 0x00, 0x00, 0x00,
  0x38, 0xaa, 0xff, 0xff, 0x01, 0x00, 0x00, 0x00, 0x86, 0x00, 0x00, 0x00,
  0x02, 0x00, 0x00, 0x00, 0x85, 0x00, 0x00, 0x00, 0x7b, 0x00, 0x00, 0x00,
  0x46, 0xf4, 0xff, 0xff, 0x0c, 0x00, 0x00, 0x00, 0x10, 0x00, 0x00, 0x00,
  0x04, 0x00, 0x00, 0x00, 0x01, 0x00, 0x00, 0x00, 0x85, 0x00, 0x00, 0x00,
  0x01, 0x00, 0x00, 0x00, 0x81, 0x00, 0x00, 0x00, 0x66, 0xf4, 0xff, 0xff,
  0x0c, 0x00, 0x00, 0x00, 0x10, 0x00, 0x00, 0x00, 0x04, 0x00, 0x00, 0x00,
  0x01, 0x00, 0x00, 0x00, 0x84, 0x00, 0x00, 0x00, 0x01, 0x00, 0x00, 0x00,
  0x80, 0x00, 0x00, 0x00, 0x72, 0xf0, 0xff, 0xff, 0x14, 0x00, 0x00, 0x00,
  0x00, 0x00, 0x00, 0x23, 0x14, 0x00, 0x00, 0x00, 0x24, 0x00, 0x00, 0x00,
  0x03, 0x00, 0x00, 0x00, 0x1e, 0xf0, 0xff, 0xff, 0x04, 0x00, 0x00, 0x00,
  0x04, 0x00, 0x00, 0x00, 0x80, 0x00, 0x00, 0x00, 0x81, 0x00, 0x00, 0x00,
  0x82, 0x00, 0x00, 0x00, 0x83, 0x00, 0x00, 0x00, 0x02, 0x00, 0x00, 0x00,
  0x12, 0x00, 0x00, 0x00, 0x7f, 0x00, 0x00, 0x00, 0xb2, 0xf0, 0xff, 0xff,
  0x14, 0x00, 0x00, 0x00, 0x00, 0x00, 0x00, 0x0b, 0x10, 0x00, 0x00, 0x00,
  0x14, 0x00, 0x00, 0x00, 0x07, 0x00, 0x00, 0x00, 0xe8, 0xaa, 0xff, 0xff,
  0x01, 0x00, 0x00, 0x00, 0x7f, 0x00, 0x00, 0x00, 0x02, 0x00, 0x00, 0x00,
  0x7e, 0x00, 0x00, 0x00, 0x24, 0x00, 0x00, 0x00, 0xe2, 0xf0, 0xff, 0xff,
  0x14, 0x00, 0x00, 0x00, 0x00, 0x00, 0x00, 0x08, 0x10, 0x00, 0x00, 0x00,
  0x14, 0x00, 0x00, 0x00, 0x02, 0x00, 0x00, 0x00, 0x18, 0xab, 0xff, 0xff,
  0x01, 0x00, 0x00, 0x00, 0x7e, 0x00, 0x00, 0x00, 0x03, 0x00, 0x00, 0x00,
  0x7d, 0x00, 0x00, 0x00, 0x06, 0x00, 0x00, 0x00, 0x03, 0x00, 0x00, 0x00,
  0x16, 0xf1, 0xff, 0xff, 0x14, 0x00, 0x00, 0x00, 0x00, 0x00, 0x00, 0x15,
  0x10, 0x00, 0x00, 0x00, 0x14, 0x00, 0x00, 0x00, 0x06, 0x00, 0x00, 0x00,
  0x4c, 0xab, 0xff, 0xff, 0x01, 0x00, 0x00, 0x00, 0x7d, 0x00, 0x00, 0x00,
  0x02, 0x00, 0x00, 0x00, 0x78, 0x00, 0x00, 0x00, 0x7c, 0x00, 0x00, 0x00,
  0x5a, 0xf5, 0xff, 0xff, 0x0c, 0x00, 0x00, 0x00, 0x10, 0x00, 0x00, 0x00,
  0x05, 0x00, 0x00, 0x00, 0x01, 0x00, 0x00, 0x00, 0x7c, 0x00, 0x00, 0x00,
  0x01, 0x00, 0x00, 0x00, 0x7b, 0x00, 0x00, 0x00, 0x66, 0xf1, 0xff, 0xff,
  0x14, 0x00, 0x00, 0x00, 0x00, 0x00, 0x00, 0x0b, 0x10, 0x00, 0x00, 0x00,
  0x14, 0x00, 0x00, 0x00, 0x07, 0x00, 0x00, 0x00, 0x9c, 0xab, 0xff, 0xff,
  0x01, 0x00, 0x00, 0x00, 0x7b, 0x00, 0x00, 0x00, 0x02, 0x00, 0x00, 0x00,
  0x77, 0x00, 0x00, 0x00, 0x7a, 0x00, 0x00, 0x00, 0x96, 0xf1, 0xff, 0xff,
  0x14, 0x00, 0x00, 0x00, 0x00, 0x00, 0x00, 0x15, 0x10, 0x00, 0x00, 0x00,
  0x14, 0x00, 0x00, 0x00, 0x06, 0x00, 0x00, 0x00, 0xcc, 0xab, 0xff, 0xff,
  0x01, 0x00, 0x00, 0x00, 0x7a, 0x00, 0x00, 0x00, 0x02, 0x00, 0x00, 0x00,
  0x75, 0x00, 0x00, 0x00, 0x79, 0x00, 0x00, 0x00, 0xda, 0xf5, 0xff, 0xff,
  0x0c, 0x00, 0x00, 0x00, 0x10, 0x00, 0x00, 0x00, 0x05, 0x00, 0x00, 0x00,
  0x01, 0x00, 0x00, 0x00, 0x79, 0x00, 0x00, 0x00, 0x01, 0x00, 0x00, 0x00,
  0x73, 0x00, 0x00, 0x00, 0xfa, 0xf5, 0xff, 0xff, 0x0c, 0x00, 0x00, 0x00,
  0x10, 0x00, 0x00, 0x00, 0x04, 0x00, 0x00, 0x00, 0x01, 0x00, 0x00, 0x00,
  0x78, 0x00, 0x00, 0x00, 0x01, 0x00, 0x00, 0x00, 0x74, 0x00, 0x00, 0x00,
  0x06, 0xf2, 0xff, 0xff, 0x14, 0x00, 0x00, 0x00, 0x00, 0x00, 0x00, 0x15,
  0x10, 0x00, 0x00, 0x00, 0x14, 0x00, 0x00, 0x00, 0x06, 0x00, 0x00, 0x00,
  0x3c, 0xac, 0xff, 0xff, 0x01, 0x00, 0x00, 0x00, 0x77, 0x00, 0x00, 0x00,
  0x02, 0x00, 0x00, 0x00, 0x76, 0x00, 0x00, 0x00, 0x6c, 0x00, 0x00, 0x00,
  0x4a, 0xf6, 0xff, 0xff, 0x0c, 0x00, 0x00, 0x00, 0x10, 0x00, 0x00, 0x00,
  0x04, 0x00, 0x00, 0x00, 0x01, 0x00, 0x00, 0x00, 0x76, 0x00, 0x00, 0x00,
  0x01, 0x00, 0x00, 0x00, 0x72, 0x00, 0x00, 0x00, 0x6a, 0xf6, 0xff, 0xff,
  0x0c, 0x00, 0x00, 0x00, 0x10, 0x00, 0x00, 0x00, 0x04, 0x00, 0x00, 0x00,
  0x01, 0x00, 0x00, 0x00, 0x75, 0x00, 0x00, 0x00, 0x01, 0x00, 0x00, 0x00,
  0x71, 0x00, 0x00, 0x00, 0x76, 0xf2, 0xff, 0xff, 0x14, 0x00, 0x00, 0x00,
  0x00, 0x00, 0x00, 0x23, 0x14, 0x00, 0x00, 0x00, 0x24, 0x00, 0x00, 0x00,
  0x03, 0x00, 0x00, 0x00, 0x22, 0xf2, 0xff, 0xff, 0x04, 0x00, 0x00, 0x00,
  0x04, 0x00, 0x00, 0x00, 0x71, 0x00, 0x00, 0x00, 0x72, 0x00, 0x00, 0x00,
  0x73, 0x00, 0x00, 0x00, 0x74, 0x00, 0x00, 0x00, 0x02, 0x00, 0x00, 0x00,
  0x12, 0x00, 0x00, 0x00, 0x70, 0x00, 0x00, 0x00, 0xb6, 0xf2, 0xff, 0xff,
  0x14, 0x00, 0x00, 0x00, 0x00, 0x00, 0x00, 0x0b, 0x10, 0x00, 0x00, 0x00,
  0x14, 0x00, 0x00, 0x00, 0x07, 0x00, 0x00, 0x00, 0xec, 0xac, 0xff, 0xff,
  0x01, 0x00, 0x00, 0x00, 0x70, 0x00, 0x00, 0x00, 0x02, 0x00, 0x00, 0x00,
  0x6f, 0x00, 0x00, 0x00, 0x23, 0x00, 0x00, 0x00, 0xe6, 0xf2, 0xff, 0xff,
  0x14, 0x00, 0x00, 0x00, 0x00, 0x00, 0x00, 0x08, 0x10, 0x00, 0x00, 0x00,
  0x14, 0x00, 0x00, 0x00, 0x02, 0x00, 0x00, 0x00, 0x1c, 0xad, 0xff, 0xff,
  0x01, 0x00, 0x00, 0x00, 0x6f, 0x00, 0x00, 0x00, 0x03, 0x00, 0x00, 0x00,
  0x6e, 0x00, 0x00, 0x00, 0x06, 0x00, 0x00, 0x00, 0x03, 0x00, 0x00, 0x00,
  0x1a, 0xf3, 0xff, 0xff, 0x14, 0x00, 0x00, 0x00, 0x00, 0x00, 0x00, 0x15,
  0x10, 0x00, 0x00, 0x00, 0x14, 0x00, 0x00, 0x00, 0x06, 0x00, 0x00, 0x00,
  0x50, 0xad, 0xff, 0xff, 0x01, 0x00, 0x00, 0x00, 0x6e, 0x00, 0x00, 0x00,
  0x02, 0x00, 0x00, 0x00, 0x69, 0x00, 0x00, 0x00, 0x6d, 0x00, 0x00, 0x00,
  0x5e, 0xf7, 0xff, 0xff, 0x0c, 0x00, 0x00, 0x00, 0x10, 0x00, 0x00, 0x00,
  0x05, 0x00, 0x00, 0x00, 0x01, 0x00, 0x00, 0x00, 0x6d, 0x00, 0x00, 0x00,
  0x01, 0x00, 0x00, 0x00, 0x6c, 0x00, 0x00, 0x00, 0x6a, 0xf3, 0xff, 0xff,
  0x14, 0x00, 0x00, 0x00, 0x00, 0x00, 0x00, 0x0b, 0x10, 0x00, 0x00, 0x00,
  0x14, 0x00, 0x00, 0x00, 0x07, 0x00, 0x00, 0x00, 0xa0, 0xad, 0xff, 0xff,
  0x01, 0x00, 0x00, 0x00, 0x6c, 0x00, 0x00, 0x00, 0x02, 0x00, 0x00, 0x00,
  0x68, 0x00, 0x00, 0x00, 0x6b, 0x00, 0x00, 0x00, 0x9a, 0xf3, 0xff, 0xff,
  0x14, 0x00, 0x00, 0x00, 0x00, 0x00, 0x00, 0x15, 0x10, 0x00, 0x00, 0x00,
  0x14, 0x00, 0x00, 0x00, 0x06, 0x00, 0x00, 0x00, 0xd0, 0xad, 0xff, 0xff,
  0x01, 0x00, 0x00, 0x00, 0x6b, 0x00, 0x00, 0x00, 0x02, 0x00, 0x00, 0x00,
  0x66, 0x00, 0x00, 0x00, 0x6a, 0x00, 0x00, 0x00, 0xde, 0xf7, 0xff, 0xff,
  0x0c, 0x00, 0x00, 0x00, 0x10, 0x00, 0x00, 0x00, 0x05, 0x00, 0x00, 0x00,
  0x01, 0x00, 0x00, 0x00, 0x6a, 0x00, 0x00, 0x00, 0x01, 0x00, 0x00, 0x00,
  0x64, 0x00, 0x00, 0x00, 0xfe, 0xf7, 0xff, 0xff, 0x0c, 0x00, 0x00, 0x00,
  0x10, 0x00, 0x00, 0x00, 0x04, 0x00, 0x00, 0x00, 0x01, 0x00, 0x00, 0x00,
  0x69, 0x00, 0x00, 0x00, 0x01, 0x00, 0x00, 0x00, 0x65, 0x00, 0x00, 0x00,
  0x0a, 0xf4, 0xff, 0xff, 0x14, 0x00, 0x00, 0x00, 0x00, 0x00, 0x00, 0x15,
  0x10, 0x00, 0x00, 0x00, 0x14, 0x00, 0x00, 0x00, 0x06, 0x00, 0x00, 0x00,
  0x40, 0xae, 0xff, 0xff, 0x01, 0x00, 0x00, 0x00, 0x68, 0x00, 0x00, 0x00,
  0x02, 0x00, 0x00, 0x00, 0x67, 0x00, 0x00, 0x00, 0x5d, 0x00, 0x00, 0x00,
  0x4e, 0xf8, 0xff, 0xff, 0x0c, 0x00, 0x00, 0x00, 0x10, 0x00, 0x00, 0x00,
  0x04, 0x00, 0x00, 0x00, 0x01, 0x00, 0x00, 0x00, 0x67, 0x00, 0x00, 0x00,
  0x01, 0x00, 0x00, 0x00, 0x63, 0x00, 0x00, 0x00, 0x6e, 0xf8, 0xff, 0xff,
  0x0c, 0x00, 0x00, 0x00, 0x10, 0x00, 0x00, 0x00, 0x04, 0x00, 0x00, 0x00,
  0x01, 0x00, 0x00, 0x00, 0x66, 0x00, 0x00, 0x00, 0x01, 0x00, 0x00, 0x00,
  0x62, 0x00, 0x00, 0x00, 0x7a, 0xf4, 0xff, 0xff, 0x14, 0x00, 0x00, 0x00,
  0x00, 0x00, 0x00, 0x23, 0x14, 0x00, 0x00, 0x00, 0x24, 0x00, 0x00, 0x00,
  0x03, 0x00, 0x00, 0x00, 0x26, 0xf4, 0xff, 0xff, 0x04, 0x00, 0x00, 0x00,
  0x04, 0x00, 0x00, 0x00, 0x62, 0x00, 0x00, 0x00, 0x63, 0x00, 0x00, 0x00,
  0x64, 0x00, 0x00, 0x00, 0x65, 0x00, 0x00, 0x00, 0x02, 0x00, 0x00, 0x00,
  0x12, 0x00, 0x00, 0x00, 0x61, 0x00, 0x00, 0x00, 0xba, 0xf4, 0xff, 0xff,
  0x14, 0x00, 0x00, 0x00, 0x00, 0x00, 0x00, 0x0b, 0x10, 0x00, 0x00, 0x00,
  0x14, 0x00, 0x00, 0x00, 0x07, 0x00, 0x00, 0x00, 0xf0, 0xae, 0xff, 0xff,
  0x01, 0x00, 0x00, 0x00, 0x61, 0x00, 0x00, 0x00, 0x02, 0x00, 0x00, 0x00,
  0x60, 0x00, 0x00, 0x00, 0x22, 0x00, 0x00, 0x00, 0xea, 0xf4, 0xff, 0xff,
  0x14, 0x00, 0x00, 0x00, 0x00, 0x00, 0x00, 0x08, 0x10, 0x00, 0x00, 0x00,
  0x14, 0x00, 0x00, 0x00, 0x02, 0x00, 0x00, 0x00, 0x20, 0xaf, 0xff, 0xff,
  0x01, 0x00, 0x00, 0x00, 0x60, 0x00, 0x00, 0x00, 0x03, 0x00, 0x00, 0x00,
  0x5f, 0x00, 0x00, 0x00, 0x06, 0x00, 0x00, 0x00, 0x03, 0x00, 0x00, 0x00,
  0x1e, 0xf5, 0xff, 0xff, 0x14, 0x00, 0x00, 0x00, 0x00, 0x00, 0x00, 0x15,
  0x10, 0x00, 0x00, 0x00, 0x14, 0x00, 0x00, 0x00, 0x06, 0x00, 0x00, 0x00,
  0x54, 0xaf, 0xff, 0xff, 0x01, 0x00, 0x00, 0x00, 0x5f, 0x00, 0x00, 0x00,
  0x02, 0x00, 0x00, 0x00, 0x5a, 0x00, 0x00, 0x00, 0x5e, 0x00, 0x00, 0x00,
  0x62, 0xf9, 0xff, 0xff, 0x0c, 0x00, 0x00, 0x00, 0x10, 0x00, 0x00, 0x00,
  0x05, 0x00, 0x00, 0x00, 0x01, 0x00, 0x00, 0x00, 0x5e, 0x00, 0x00, 0x00,
  0x01, 0x00, 0x00, 0x00, 0x5d, 0x00, 0x00, 0x00, 0x6e, 0xf5, 0xff, 0xff,
  0x14, 0x00, 0x00, 0x00, 0x00, 0x00, 0x00, 0x0b, 0x10, 0x00, 0x00, 0x00,
  0x14, 0x00, 0x00, 0x00, 0x07, 0x00, 0x00, 0x00, 0xa4, 0xaf, 0xff, 0xff,
  0x01, 0x00, 0x00, 0x00, 0x5d, 0x00, 0x00, 0x00, 0x02, 0x00, 0x00, 0x00,
  0x59, 0x00, 0x00, 0x00, 0x5c, 0x00, 0x00, 0x00, 0x9e, 0xf5, 0xff, 0xff,
  0x14, 0x00, 0x00, 0x00, 0x00, 0x00, 0x00, 0x15, 0x10, 0x00, 0x00, 0x00,
  0x14, 0x00, 0x00, 0x00, 0x06, 0x00, 0x00, 0x00, 0xd4, 0xaf, 0xff, 0xff,
  0x01, 0x00, 0x00, 0x00, 0x5c, 0x00, 0x00, 0x00, 0x02, 0x00, 0x00, 0x00,
  0x57, 0x00, 0x00, 0x00, 0x5b, 0x00, 0x00, 0x00, 0xe2, 0xf9, 0xff, 0xff,
  0x0c, 0x00, 0x00, 0x00, 0x10, 0x00, 0x00, 0x00, 0x05, 0x00, 0x00, 0x00,
  0x01, 0x00, 0x00, 0x00, 0x5b, 0x00, 0x00, 0x00, 0x01, 0x00, 0x00, 0x00,
  0x55, 0x00, 0x00, 0x00, 0x02, 0xfa, 0xff, 0xff, 0x0c, 0x00, 0x00, 0x00,
  0x10, 0x00, 0x00, 0x00, 0x04, 0x00, 0x00, 0x00, 0x01, 0x00, 0x00, 0x00,
  0x5a, 0x00, 0x00, 0x00, 0x01, 0x00, 0x00, 0x00, 0x56, 0x00, 0x00, 0x00,
  0x0e, 0xf6, 0xff, 0xff, 0x14, 0x00, 0x00, 0x00, 0x00, 0x00, 0x00, 0x15,
  0x10, 0x00, 0x00, 0x00, 0x14, 0x00, 0x00, 0x00, 0x06, 0x00, 0x00, 0x00,
  0x44, 0xb0, 0xff, 0xff, 0x01, 0x00, 0x00, 0x00, 0x59, 0x00, 0x00, 0x00,
  0x02, 0x00, 0x00, 0x00, 0x58, 0x00, 0x00, 0x00, 0x4e, 0x00, 0x00, 0x00,
  0x52, 0xfa, 0xff, 0xff, 0x0c, 0x00, 0x00, 0x00, 0x10, 0x00, 0x00, 0x00,
  0x04, 0x00, 0x00, 0x00, 0x01, 0x00, 0x00, 0x00, 0x58, 0x00, 0x00, 0x00,
  0x01, 0x00, 0x00, 0x00, 0x54, 0x00, 0x00, 0x00, 0x72, 0xfa, 0xff, 0xff,
  0x0c, 0x00, 0x00, 0x00, 0x10, 0x00, 0x00, 0x00, 0x04, 0x00, 0x00, 0x00,
  0x01, 0x00, 0x00, 0x00, 0x57, 0x00, 0x00, 0x00, 0x01, 0x00, 0x00, 0x00,
  0x53, 0x00, 0x00, 0x00, 0x7e, 0xf6, 0xff, 0xff, 0x14, 0x00, 0x00, 0x00,
  0x00, 0x00, 0x00, 0x23, 0x14, 0x00, 0x00, 0x00, 0x24, 0x00, 0x00, 0x00,
  0x03, 0x00, 0x00, 0x00, 0x2a, 0xf6, 0xff, 0xff, 0x04, 0x00, 0x00, 0x00,
  0x04, 0x00, 0x00, 0x00, 0x53, 0x00, 0x00, 0x00, 0x54, 0x00, 0x00, 0x00,
  0x55, 0x00, 0x00, 0x00, 0x56, 0x00, 0x00, 0x00, 0x02, 0x00, 0x00, 0x00,
  0x12, 0x00, 0x00, 0x00, 0x52, 0x00, 0x00, 0x00, 0xbe, 0xf6, 0xff, 0xff,
  0x14, 0x00, 0x00, 0x00, 0x00, 0x00, 0x00, 0x0b, 0x10, 0x00, 0x00, 0x00,
  0x14, 0x00, 0x00, 0x00, 0x07, 0x00, 0x00, 0x00, 0xf4, 0xb0, 0xff, 0xff,
  0x01, 0x00, 0x00, 0x00, 0x52, 0x00, 0x00, 0x00, 0x02, 0x00, 0x00, 0x00,
  0x51, 0x00, 0x00, 0x00, 0x21, 0x00, 0x00, 0x00, 0xee, 0xf6, 0xff, 0xff,
  0x14, 0x00, 0x00, 0x00, 0x00, 0x00, 0x00, 0x08, 0x10, 0x00, 0x00, 0x00,
  0x14, 0x00, 0x00, 0x00, 0x02, 0x00, 0x00, 0x00, 0x24, 0xb1, 0xff, 0xff,
  0x01, 0x00, 0x00, 0x00, 0x51, 0x00, 0x00, 0x00, 0x03, 0x00, 0x00, 0x00,
  0x50, 0x00, 0x00, 0x00, 0x06, 0x00, 0x00, 0x00, 0x03, 0x00, 0x00, 0x00,
  0x22, 0xf7, 0xff, 0xff, 0x14, 0x00, 0x00, 0x00, 0x00, 0x00, 0x00, 0x15,
  0x10, 0x00, 0x00, 0x00, 0x14, 0x00, 0x00, 0x00, 0x06, 0x00, 0x00, 0x00,
  0x58, 0xb1, 0xff, 0xff, 0x01, 0x00, 0x00, 0x00, 0x50, 0x00, 0x00, 0x00,
  0x02, 0x00, 0x00, 0x00, 0x4b, 0x00, 0x00, 0x00, 0x4f, 0x00, 0x00, 0x00,
  0x66, 0xfb, 0xff, 0xff, 0x0c, 0x00, 0x00, 0x00, 0x10, 0x00, 0x00, 0x00,
  0x05, 0x00, 0x00, 0x00, 0x01, 0x00, 0x00, 0x00, 0x4f, 0x00, 0x00, 0x00,
  0x01, 0x00, 0x00, 0x00, 0x4e, 0x00, 0x00, 0x00, 0x72, 0xf7, 0xff, 0xff,
  0x14, 0x00, 0x00, 0x00, 0x00, 0x00, 0x00, 0x0b, 0x10, 0x00, 0x00, 0x00,
  0x14, 0x00, 0x00, 0x00, 0x07, 0x00, 0x00, 0x00, 0xa8, 0xb1, 0xff, 0xff,
  0x01, 0x00, 0x00, 0x00, 0x4e, 0x00, 0x00, 0x00, 0x02, 0x00, 0x00, 0x00,
  0x4a, 0x00, 0x00, 0x00, 0x4d, 0x00, 0x00, 0x00, 0xa2, 0xf7, 0xff, 0xff,
  0x14, 0x00, 0x00, 0x00, 0x00, 0x00, 0x00, 0x15, 0x10, 0x00, 0x00, 0x00,
  0x14, 0x00, 0x00, 0x00, 0x06, 0x00, 0x00, 0x00, 0xd8, 0xb1, 0xff, 0xff,
  0x01, 0x00, 0x00, 0x00, 0x4d, 0x00, 0x00, 0x00, 0x02, 0x00, 0x00, 0x00,
  0x48, 0x00, 0x00, 0x00, 0x4c, 0x00, 0x00, 0x00, 0xe6, 0xfb, 0xff, 0xff,
  0x0c, 0x00, 0x00, 0x00, 0x10, 0x00, 0x00, 0x00, 0x05, 0x00, 0x00, 0x00,
  0x01, 0x00, 0x00, 0x00, 0x4c, 0x00, 0x00, 0x00, 0x01, 0x00, 0x00, 0x00,
  0x46, 0x00, 0x00, 0x00, 0x06, 0xfc, 0xff, 0xff, 0x0c, 0x00, 0x00, 0x00,
  0x10, 0x00, 0x00, 0x00, 0x04, 0x00, 0x00, 0x00, 0x01, 0x00, 0x00, 0x00,
  0x4b, 0x00, 0x00, 0x00, 0x01, 0x00, 0x00, 0x00, 0x47, 0x00, 0x00, 0x00,
  0x12, 0xf8, 0xff, 0xff, 0x14, 0x00, 0x00, 0x00, 0x00, 0x00, 0x00, 0x15,
  0x10, 0x00, 0x00, 0x00, 0x14, 0x00, 0x00, 0x00, 0x06, 0x00, 0x00, 0x00,
  0x48, 0xb2, 0xff, 0xff, 0x01, 0x00, 0x00, 0x00, 0x4a, 0x00, 0x00, 0x00,
  0x02, 0x00, 0x00, 0x00, 0x49, 0x00, 0x00, 0x00, 0x3f, 0x00, 0x00, 0x00,
  0x56, 0xfc, 0xff, 0xff, 0x0c, 0x00, 0x00, 0x00, 0x10, 0x00, 0x00, 0x00,
  0x04, 0x00, 0x00, 0x00, 0x01, 0x00, 0x00, 0x00, 0x49, 0x00, 0x00, 0x00,
  0x01, 0x00, 0x00, 0x00, 0x45, 0x00, 0x00, 0x00, 0x76, 0xfc, 0xff, 0xff,
  0x0c, 0x00, 0x00, 0x00, 0x10, 0x00, 0x00, 0x00, 0x04, 0x00, 0x00, 0x00,
  0x01, 0x00, 0x00, 0x00, 0x48, 0x00, 0x00, 0x00, 0x01, 0x00, 0x00, 0x00,
  0x44, 0x00, 0x00, 0x00, 0x82, 0xf8, 0xff, 0xff, 0x14, 0x00, 0x00, 0x00,
  0x00, 0x00, 0x00, 0x23, 0x14, 0x00, 0x00, 0x00, 0x24, 0x00, 0x00, 0x00,
  0x03, 0x00, 0x00, 0x00, 0x2e, 0xf8, 0xff, 0xff, 0x04, 0x00, 0x00, 0x00,
  0x04, 0x00, 0x00, 0x00, 0x44, 0x00, 0x00, 0x00, 0x45, 0x00, 0x00, 0x00,
  0x46, 0x00, 0x00, 0x00, 0x47, 0x00, 0x00, 0x00, 0x02, 0x00, 0x00, 0x00,
  0x12, 0x00, 0x00, 0x00, 0x43, 0x00, 0x00, 0x00, 0xc2, 0xf8, 0xff, 0xff,
  0x14, 0x00, 0x00, 0x00, 0x00, 0x00, 0x00, 0x0b, 0x10, 0x00, 0x00, 0x00,
  0x14, 0x00, 0x00, 0x00, 0x07, 0x00, 0x00, 0x00, 0xf8, 0xb2, 0xff, 0xff,
  0x01, 0x00, 0x00, 0x00, 0x43, 0x00, 0x00, 0x00, 0x02, 0x00, 0x00, 0x00,
  0x42, 0x00, 0x00, 0x00, 0x20, 0x00, 0x00, 0x00, 0xf2, 0xf8, 0xff, 0xff,
  0x14, 0x00, 0x00, 0x00, 0x00, 0x00, 0x00, 0x08, 0x10, 0x00, 0x00, 0x00,
  0x14, 0x00, 0x00, 0x00, 0x02, 0x00, 0x00, 0x00, 0x28, 0xb3, 0xff, 0xff,
  0x01, 0x00, 0x00, 0x00, 0x42, 0x00, 0x00, 0x00, 0x03, 0x00, 0x00, 0x00,
  0x41, 0x00, 0x00, 0x00, 0x06, 0x00, 0x00, 0x00, 0x03, 0x00, 0x00, 0x00,
  0x26, 0xf9, 0xff, 0xff, 0x14, 0x00, 0x00, 0x00, 0x00, 0x00, 0x00, 0x15,
  0x10, 0x00, 0x00, 0x00, 0x14, 0x00, 0x00, 0x00, 0x06, 0x00, 0x00, 0x00,
  0x5c, 0xb3, 0xff, 0xff, 0x01, 0x00, 0x00, 0x00, 0x41, 0x00, 0x00, 0x00,
  0x02, 0x00, 0x00, 0x00, 0x3c, 0x00, 0x00, 0x00, 0x40, 0x00, 0x00, 0x00,
  0x6a, 0xfd, 0xff, 0xff, 0x0c, 0x00, 0x00, 0x00, 0x10, 0x00, 0x00, 0x00,
  0x05, 0x00, 0x00, 0x00, 0x01, 0x00, 0x00, 0x00, 0x40, 0x00, 0x00, 0x00,
  0x01, 0x00, 0x00, 0x00, 0x3f, 0x00, 0x00, 0x00, 0x76, 0xf9, 0xff, 0xff,
  0x14, 0x00, 0x00, 0x00, 0x00, 0x00, 0x00, 0x0b, 0x10, 0x00, 0x00, 0x00,
  0x14, 0x00, 0x00, 0x00, 0x07, 0x00, 0x00, 0x00, 0xac, 0xb3, 0xff, 0xff,
  0x01, 0x00, 0x00, 0x00, 0x3f, 0x00, 0x00, 0x00, 0x02, 0x00, 0x00, 0x00,
  0x3b, 0x00, 0x00, 0x00, 0x3e, 0x00, 0x00, 0x00, 0xa6, 0xf9, 0xff, 0xff,
  0x14, 0x00, 0x00, 0x00, 0x00, 0x00, 0x00, 0x15, 0x10, 0x00, 0x00, 0x00,
  0x14, 0x00, 0x00, 0x00, 0x06, 0x00, 0x00, 0x00, 0xdc, 0xb3, 0xff, 0xff,
  0x01, 0x00, 0x00, 0x00, 0x3e, 0x00, 0x00, 0x00, 0x02, 0x00, 0x00, 0x00,
  0x39, 0x00, 0x00, 0x00, 0x3d, 0x00, 0x00, 0x00, 0xea, 0xfd, 0xff, 0xff,
  0x0c, 0x00, 0x00, 0x00, 0x10, 0x00, 0x00, 0x00, 0x05, 0x00, 0x00, 0x00,
  0x01, 0x00, 0x00, 0x00, 0x3d, 0x00, 0x00, 0x00, 0x01, 0x00, 0x00, 0x00,
  0x37, 0x00, 0x00, 0x00, 0x0a, 0xfe, 0xff, 0xff, 0x0c, 0x00, 0x00, 0x00,
  0x10, 0x00, 0x00, 0x00, 0x04, 0x00, 0x00, 0x00, 0x01, 0x00, 0x00, 0x00,
  0x3c, 0x00, 0x00, 0x00, 0x01, 0x00, 0x00, 0x00, 0x38, 0x00, 0x00, 0x00,
  0x16, 0xfa, 0xff, 0xff, 0x14, 0x00, 0x00, 0x00, 0x00, 0x00, 0x00, 0x15,
  0x10, 0x00, 0x00, 0x00, 0x14, 0x00, 0x00, 0x00, 0x06, 0x00, 0x00, 0x00,
  0x4c, 0xb4, 0xff, 0xff, 0x01, 0x00, 0x00, 0x00, 0x3b, 0x00, 0x00, 0x00,
  0x02, 0x00, 0x00, 0x00, 0x3a, 0x00, 0x00, 0x00, 0x30, 0x00, 0x00, 0x00,
  0x5a, 0xfe, 0xff, 0xff, 0x0c, 0x00, 0x00, 0x00, 0x10, 0x00, 0x00, 0x00,
  0x04, 0x00, 0x00, 0x00, 0x01, 0x00, 0x00, 0x00, 0x3a, 0x00, 0x00, 0x00,
  0x01, 0x00, 0x00, 0x00, 0x36, 0x00, 0x00, 0x00, 0x7a, 0xfe, 0xff, 0xff,
  0x0c, 0x00, 0x00, 0x00, 0x10, 0x00, 0x00, 0x00, 0x04, 0x00, 0x00, 0x00,
  0x01, 0x00, 0x00, 0x00, 0x39, 0x00, 0x00, 0x00, 0x01, 0x00, 0x00, 0x00,
  0x35, 0x00, 0x00, 0x00, 0x86, 0xfa, 0xff, 0xff, 0x14, 0x00, 0x00, 0x00,
  0x00, 0x00, 0x00, 0x23, 0x14, 0x00, 0x00, 0x00, 0x24, 0x00, 0x00, 0x00,
  0x03, 0x00, 0x00, 0x00, 0x32, 0xfa, 0xff, 0xff, 0x04, 0x00, 0x00, 0x00,
  0x04, 0x00, 0x00, 0x00, 0x35, 0x00, 0x00, 0x00, 0x36, 0x00, 0x00, 0x00,
  0x37, 0x00, 0x00, 0x00, 0x38, 0x00, 0x00, 0x00, 0x02, 0x00, 0x00, 0x00,
  0x12, 0x00, 0x00, 0x00, 0x34, 0x00, 0x00, 0x00, 0xc6, 0xfa, 0xff, 0xff,
  0x14, 0x00, 0x00, 0x00, 0x00, 0x00, 0x00, 0x0b, 0x10, 0x00, 0x00, 0x00,
  0x14, 0x00, 0x00, 0x00, 0x07, 0x00, 0x00, 0x00, 0xfc, 0xb4, 0xff, 0xff,
  0x01, 0x00, 0x00, 0x00, 0x34, 0x00, 0x00, 0x00, 0x02, 0x00, 0x00, 0x00,
  0x33, 0x00, 0x00, 0x00, 0x1f, 0x00, 0x00, 0x00, 0xf6, 0xfa, 0xff, 0xff,
  0x14, 0x00, 0x00, 0x00, 0x00, 0x00, 0x00, 0x08, 0x10, 0x00, 0x00, 0x00,
  0x14, 0x00, 0x00, 0x00, 0x02, 0x00, 0x00, 0x00, 0x2c, 0xb5, 0xff, 0xff,
  0x01, 0x00, 0x00, 0x00, 0x33, 0x00, 0x00, 0x00, 0x03, 0x00, 0x00, 0x00,
  0x32, 0x00, 0x00, 0x00, 0x06, 0x00, 0x00, 0x00, 0x03, 0x00, 0x00, 0x00,
  0x2a, 0xfb, 0xff, 0xff, 0x14, 0x00, 0x00, 0x00, 0x00, 0x00, 0x00, 0x15,
  0x10, 0x00, 0x00, 0x00, 0x14, 0x00, 0x00, 0x00, 0x06, 0x00, 0x00, 0x00,
  0x60, 0xb5, 0xff, 0xff, 0x01, 0x00, 0x00, 0x00, 0x32, 0x00, 0x00, 0x00,
  0x02, 0x00, 0x00, 0x00, 0x2e, 0x00, 0x00, 0x00, 0x31, 0x00, 0x00, 0x00,
  0x6e, 0xff, 0xff, 0xff, 0x0c, 0x00, 0x00, 0x00, 0x10, 0x00, 0x00, 0x00,
  0x05, 0x00, 0x00, 0x00, 0x01, 0x00, 0x00, 0x00, 0x31, 0x00, 0x00, 0x00,
  0x01, 0x00, 0x00, 0x00, 0x30, 0x00, 0x00, 0x00, 0x7a, 0xfb, 0xff, 0xff,
  0x14, 0x00, 0x00, 0x00, 0x00, 0x00, 0x00, 0x15, 0x10, 0x00, 0x00, 0x00,
  0x14, 0x00, 0x00, 0x00, 0x06, 0x00, 0x00, 0x00, 0xb0, 0xb5, 0xff, 0xff,
  0x01, 0x00, 0x00, 0x00, 0x30, 0x00, 0x00, 0x00, 0x02, 0x00, 0x00, 0x00,
  0x2d, 0x00, 0x00, 0x00, 0x2f, 0x00, 0x00, 0x00, 0xbe, 0xff, 0xff, 0xff,
  0x0c, 0x00, 0x00, 0x00, 0x10, 0x00, 0x00, 0x00, 0x05, 0x00, 0x00, 0x00,
  0x01, 0x00, 0x00, 0x00, 0x2f, 0x00, 0x00, 0x00, 0x01, 0x00, 0x00, 0x00,
  0x2b, 0x00, 0x00, 0x00, 0xde, 0xff, 0xff, 0xff, 0x0c, 0x00, 0x00, 0x00,
  0x10, 0x00, 0x00, 0x00, 0x04, 0x00, 0x00, 0x00, 0x01, 0x00, 0x00, 0x00,
  0x2e, 0x00, 0x00, 0x00, 0x01, 0x00, 0x00, 0x00, 0x2c, 0x00, 0x00, 0x00,
  0x00, 0x00, 0x0a, 0x00, 0x10, 0x00, 0x0c, 0x00, 0x08, 0x00, 0x04, 0x00,
  0x0a, 0x00, 0x00, 0x00, 0x0c, 0x00, 0x00, 0x00, 0x10, 0x00, 0x00, 0x00,
  0x04, 0x00, 0x00, 0x00, 0x01, 0x00, 0x00, 0x00, 0x2d, 0x00, 0x00, 0x00,
  0x01, 0x00, 0x00, 0x00, 0x29, 0x00, 0x00, 0x00, 0x16, 0xfc, 0xff, 0xff,
  0x14, 0x00, 0x00, 0x00, 0x00, 0x00, 0x00, 0x23, 0x14, 0x00, 0x00, 0x00,
  0x24, 0x00, 0x00, 0x00, 0x03, 0x00, 0x00, 0x00, 0xc2, 0xfb, 0xff, 0xff,
  0x04, 0x00, 0x00, 0x00, 0x04, 0x00, 0x00, 0x00, 0x29, 0x00, 0x00, 0x00,
  0x2a, 0x00, 0x00, 0x00, 0x2b, 0x00, 0x00, 0x00, 0x2c, 0x00, 0x00, 0x00,
  0x02, 0x00, 0x00, 0x00, 0x12, 0x00, 0x00, 0x00, 0x28, 0x00, 0x00, 0x00,
  0x56, 0xfc, 0xff, 0xff, 0x14, 0x00, 0x00, 0x00, 0x00, 0x00, 0x00, 0x08,
  0x10, 0x00, 0x00, 0x00, 0x14, 0x00, 0x00, 0x00, 0x02, 0x00, 0x00, 0x00,
  0x8c, 0xb6, 0xff, 0xff, 0x01, 0x00, 0x00, 0x00, 0x28, 0x00, 0x00, 0x00,
  0x03, 0x00, 0x00, 0x00, 0x15, 0x00, 0x00, 0x00, 0x07, 0x00, 0x00, 0x00,
  0x01, 0x00, 0x00, 0x00, 0x8a, 0xfc, 0xff, 0xff, 0x14, 0x00, 0x00, 0x00,
  0x00, 0x00, 0x00, 0x08, 0x10, 0x00, 0x00, 0x00, 0x14, 0x00, 0x00, 0x00,
  0x02, 0x00, 0x00, 0x00, 0xc0, 0xb6, 0xff, 0xff, 0x01, 0x00, 0x00, 0x00,
  0x27, 0x00, 0x00, 0x00, 0x03, 0x00, 0x00, 0x00, 0x1e, 0x00, 0x00, 0x00,
  0x07, 0x00, 0x00, 0x00, 0x04, 0x00, 0x00, 0x00, 0xbe, 0xfc, 0xff, 0xff,
  0x14, 0x00, 0x00, 0x00, 0x00, 0x00, 0x00, 0x08, 0x10, 0x00, 0x00, 0x00,
  0x14, 0x00, 0x00, 0x00, 0x02, 0x00, 0x00, 0x00, 0xf4, 0xb6, 0xff, 0xff,
  0x01, 0x00, 0x00, 0x00, 0x26, 0x00, 0x00, 0x00, 0x03, 0x00, 0x00, 0x00,
  0x1d, 0x00, 0x00, 0x00, 0x07, 0x00, 0x00, 0x00, 0x04, 0x00, 0x00, 0x00,
  0xf2, 0xfc, 0xff, 0xff, 0x14, 0x00, 0x00, 0x00, 0x00, 0x00, 0x00, 0x08,
  0x10, 0x00, 0x00, 0x00, 0x14, 0x00, 0x00, 0x00, 0x02, 0x00, 0x00, 0x00,
  0x28, 0xb7, 0xff, 0xff, 0x01, 0x00, 0x00, 0x00, 0x25, 0x00, 0x00, 0x00,
  0x03, 0x00, 0x00, 0x00, 0x1c, 0x00, 0x00, 0x00, 0x07, 0x00, 0x00, 0x00,
  0x04, 0x00, 0x00, 0x00, 0x26, 0xfd, 0xff, 0xff, 0x14, 0x00, 0x00, 0x00,
  0x00, 0x00, 0x00, 0x08, 0x10, 0x00, 0x00, 0x00, 0x14, 0x00, 0x00, 0x00,
  0x02, 0x00, 0x00, 0x00, 0x5c, 0xb7, 0xff, 0xff, 0x01, 0x00, 0x00, 0x00,
  0x24, 0x00, 0x00, 0x00, 0x03, 0x00, 0x00, 0x00, 0x1b, 0x00, 0x00, 0x00,
  0x07, 0x00, 0x00, 0x00, 0x04, 0x00, 0x00, 0x00, 0x5a, 0xfd, 0xff, 0xff,
  0x14, 0x00, 0x00, 0x00, 0x00, 0x00, 0x00, 0x08, 0x10, 0x00, 0x00, 0x00,
  0x14, 0x00, 0x00, 0x00, 0x02, 0x00, 0x00, 0x00, 0x90, 0xb7, 0xff, 0xff,
  0x01, 0x00, 0x00, 0x00, 0x23, 0x00, 0x00, 0x00, 0x03, 0x00, 0x00, 0x00,
  0x1a, 0x00, 0x00, 0x00, 0x07, 0x00, 0x00, 0x00, 0x04, 0x00, 0x00, 0x00,
  0x8e, 0xfd, 0xff, 0xff, 0x14, 0x00, 0x00, 0x00, 0x00, 0x00, 0x00, 0x08,
  0x10, 0x00, 0x00, 0x00, 0x14, 0x00, 0x00, 0x00, 0x02, 0x00, 0x00, 0x00,
  0xc4, 0xb7, 0xff, 0xff, 0x01, 0x00, 0x00, 0x00, 0x22, 0x00, 0x00, 0x00,
  0x03, 0x00, 0x00, 0x00, 0x19, 0x00, 0x00, 0x00, 0x07, 0x00, 0x00, 0x00,
  0x04, 0x00, 0x00, 0x00, 0xc2, 0xfd, 0xff, 0xff, 0x14, 0x00, 0x00, 0x00,
  0x00, 0x00, 0x00, 0x08, 0x10, 0x00, 0x00, 0x00, 0x14, 0x00, 0x00, 0x00,
  0x02, 0x00, 0x00, 0x00, 0xf8, 0xb7, 0xff, 0xff, 0x01, 0x00, 0x00, 0x00,
  0x21, 0x00, 0x00, 0x00, 0x03, 0x00, 0x00, 0x00, 0x18, 0x00, 0x00, 0x00,
  0x07, 0x00, 0x00, 0x00, 0x04, 0x00, 0x00, 0x00, 0xf6, 0xfd, 0xff, 0xff,
  0x14, 0x00, 0x00, 0x00, 0x00, 0x00, 0x00, 0x08, 0x10, 0x00, 0x00, 0x00,
  0x14, 0x00, 0x00, 0x00, 0x02, 0x00, 0x00, 0x00, 0x2c, 0xb8, 0xff, 0xff,
  0x01, 0x00, 0x00, 0x00, 0x20, 0x00, 0x00, 0x00, 0x03, 0x00, 0x00, 0x00,
  0x17, 0x00, 0x00, 0x00, 0x07, 0x00, 0x00, 0x00, 0x04, 0x00, 0x00, 0x00,
  0x2a, 0xfe, 0xff, 0xff, 0x14, 0x00, 0x00, 0x00, 0x00, 0x00, 0x00, 0x08,
  0x10, 0x00, 0x00, 0x00, 0x14, 0x00, 0x00, 0x00, 0x02, 0x00, 0x00, 0x00,
  0x60, 0xb8, 0xff, 0xff, 0x01, 0x00, 0x00, 0x00, 0x1f, 0x00, 0x00, 0x00,
  0x03, 0x00, 0x00, 0x00, 0x16, 0x00, 0x00, 0x00, 0x07, 0x00, 0x00, 0x00,
  0x04, 0x00, 0x00, 0x00, 0x5e, 0xfe, 0xff, 0xff, 0x14, 0x00, 0x00, 0x00,
  0x00, 0x00, 0x00, 0x17, 0x14, 0x00, 0x00, 0x00, 0x18, 0x00, 0x00, 0x00,
  0x01, 0x00, 0x00, 0x00, 0x0a, 0xfe, 0xff, 0xff, 0x01, 0x00, 0x00, 0x00,
  0x01, 0x00, 0x00, 0x00, 0x1e, 0x00, 0x00, 0x00, 0x02, 0x00, 0x00, 0x00,
  0x14, 0x00, 0x00, 0x00, 0x09, 0x00, 0x00, 0x00, 0x92, 0xfe, 0xff, 0xff,
  0x14, 0x00, 0x00, 0x00, 0x00, 0x00, 0x00, 0x17, 0x14, 0x00, 0x00, 0x00,
  0x18, 0x00, 0x00, 0x00, 0x01, 0x00, 0x00, 0x00, 0x3e, 0xfe, 0xff, 0xff,
  0x01, 0x00, 0x00, 0x00, 0x01, 0x00, 0x00, 0x00, 0x1d, 0x00, 0x00, 0x00,
  0x02, 0x00, 0x00, 0x00, 0x14, 0x00, 0x00, 0x00, 0x0a, 0x00, 0x00, 0x00,
  0xc6, 0xfe, 0xff, 0xff, 0x14, 0x00, 0x00, 0x00, 0x00, 0x00, 0x00, 0x17,
  0x14, 0x00, 0x00, 0x00, 0x18, 0x00, 0x00, 0x00, 0x01, 0x00, 0x00, 0x00,
  0x72, 0xfe, 0xff, 0xff, 0x01, 0x00, 0x00, 0x00, 0x01, 0x00, 0x00, 0x00,
  0x1c, 0x00, 0x00, 0x00, 0x02, 0x00, 0x00, 0x00, 0x14, 0x00, 0x00, 0x00,
  0x0b, 0x00, 0x00, 0x00, 0xfa, 0xfe, 0xff, 0xff, 0x14, 0x00, 0x00, 0x00,
  0x00, 0x00, 0x00, 0x17, 0x14, 0x00, 0x00, 0x00, 0x18, 0x00, 0x00, 0x00,
  0x01, 0x00, 0x00, 0x00, 0xa6, 0xfe, 0xff, 0xff, 0x01, 0x00, 0x00, 0x00,
  0x01, 0x00, 0x00, 0x00, 0x1b, 0x00, 0x00, 0x00, 0x02, 0x00, 0x00, 0x00,
  0x14, 0x00, 0x00, 0x00, 0x0c, 0x00, 0x00, 0x00, 0x2e, 0xff, 0xff, 0xff,
  0x14, 0x00, 0x00, 0x00, 0x00, 0x00, 0x00, 0x17, 0x14, 0x00, 0x00, 0x00,
  0x18, 0x00, 0x00, 0x00, 0x01, 0x00, 0x00, 0x00, 0xda, 0xfe, 0xff, 0xff,
  0x01, 0x00, 0x00, 0x00, 0x01, 0x00, 0x00, 0x00, 0x1a, 0x00, 0x00, 0x00,
  0x02, 0x00, 0x00, 0x00, 0x14, 0x00, 0x00, 0x00, 0x0d, 0x00, 0x00, 0x00,
  0x62, 0xff, 0xff, 0xff, 0x14, 0x00, 0x00, 0x00, 0x00, 0x00, 0x00, 0x17,
  0x14, 0x00, 0x00, 0x00, 0x18, 0x00, 0x00, 0x00, 0x01, 0x00, 0x00, 0x00,
  0x0e, 0xff, 0xff, 0xff, 0x01, 0x00, 0x00, 0x00, 0x01, 0x00, 0x00, 0x00,
  0x19, 0x00, 0x00, 0x00, 0x02, 0x00, 0x00, 0x00, 0x14, 0x00, 0x00, 0x00,
  0x0e, 0x00, 0x00, 0x00, 0x96, 0xff, 0xff, 0xff, 0x14, 0x00, 0x00, 0x00,
  0x00, 0x00, 0x00, 0x17, 0x14, 0x00, 0x00, 0x00, 0x18, 0x00, 0x00, 0x00,
  0x01, 0x00, 0x00, 0x00, 0x42, 0xff, 0xff, 0xff, 0x01, 0x00, 0x00, 0x00,
  0x01, 0x00, 0x00, 0x00, 0x18, 0x00, 0x00, 0x00, 0x02, 0x00, 0x00, 0x00,
  0x14, 0x00, 0x00, 0x00, 0x0f, 0x00, 0x00, 0x00, 0xca, 0xff, 0xff, 0xff,
  0x14, 0x00, 0x00, 0x00, 0x00, 0x00, 0x00, 0x17, 0x14, 0x00, 0x00, 0x00,
  0x18, 0x00, 0x00, 0x00, 0x01, 0x00, 0x00, 0x00, 0x76, 0xff, 0xff, 0xff,
  0x01, 0x00, 0x00, 0x00, 0x01, 0x00, 0x00, 0x00, 0x17, 0x00, 0x00, 0x00,
  0x02, 0x00, 0x00, 0x00, 0x14, 0x00, 0x00, 0x00, 0x10, 0x00, 0x00, 0x00,
  0x00, 0x00, 0x0e, 0x00, 0x18, 0x00, 0x14, 0x00, 0x10, 0x00, 0x0c, 0x00,
  0x0b, 0x00, 0x04, 0x00, 0x0e, 0x00, 0x00, 0x00, 0x14, 0x00, 0x00, 0x00,
  0x00, 0x00, 0x00, 0x17, 0x14, 0x00, 0x00, 0x00, 0x18, 0x00, 0x00, 0x00,
  0x01, 0x00, 0x00, 0x00, 0xba, 0xff, 0xff, 0xff, 0x01, 0x00, 0x00, 0x00,
  0x01, 0x00, 0x00, 0x00, 0x16, 0x00, 0x00, 0x00, 0x02, 0x00, 0x00, 0x00,
  0x14, 0x00, 0x00, 0x00, 0x12, 0x00, 0x00, 0x00, 0x00, 0x00, 0x0e, 0x00,
  0x1a, 0x00, 0x14, 0x00, 0x10, 0x00, 0x0c, 0x00, 0x0b, 0x00, 0x04, 0x00,
  0x0e, 0x00, 0x00, 0x00, 0x1c, 0x00, 0x00, 0x00, 0x00, 0x00, 0x00, 0x17,
  0x1c, 0x00, 0x00, 0x00, 0x20, 0x00, 0x00, 0x00, 0x01, 0x00, 0x00, 0x00,
  0x00, 0x00, 0x06, 0x00, 0x08, 0x00, 0x04, 0x00, 0x06, 0x00, 0x00, 0x00,
  0x01, 0x00, 0x00, 0x00, 0x01, 0x00, 0x00, 0x00, 0x15, 0x00, 0x00, 0x00,
  0x02, 0x00, 0x00, 0x00, 0x14, 0x00, 0x00, 0x00, 0x11, 0x00, 0x00, 0x00,
  0x00, 0x00, 0x0a, 0x00, 0x0c, 0x00, 0x00, 0x00, 0x08, 0x00, 0x04, 0x00,
  0x0a, 0x00, 0x00, 0x00, 0x08, 0x00, 0x00, 0x00, 0x0c, 0x00, 0x00, 0x00,
  0x01, 0x00, 0x00, 0x00, 0x14, 0x00, 0x00, 0x00, 0x02, 0x00, 0x00, 0x00,
  0x00, 0x00, 0x00, 0x00, 0x13, 0x00, 0x00, 0x00, 0x01, 0x00, 0x00, 0x00,
  0xc7, 0x00, 0x00, 0x00, 0x01, 0x00, 0x00, 0x00, 0x00, 0x00, 0x00, 0x00,
  0xc8, 0x00, 0x00, 0x00, 0x84, 0x44, 0x00, 0x00, 0xf0, 0x43, 0x00, 0x00,
  0x98, 0x43, 0x00, 0x00, 0x5c, 0x43, 0x00, 0x00, 0x20, 0x43, 0x00, 0x00,
  0xc8, 0x42, 0x00, 0x00, 0x88, 0x42, 0x00, 0x00, 0x48, 0x42, 0x00, 0x00,
  0x08, 0x42, 0x00, 0x00, 0xb4, 0x41, 0x00, 0x00, 0x54, 0x41, 0x00, 0x00,
  0xf4, 0x40, 0x00, 0x00, 0x94, 0x40, 0x00, 0x00, 0x34, 0x40, 0x00, 0x00,
  0xd4, 0x3f, 0x00, 0x00, 0x74, 0x3f, 0x00, 0x00, 0x14, 0x3f, 0x00, 0x00,
  0xb4, 0x3e, 0x00, 0x00, 0x78, 0x3e, 0x00, 0x00, 0x18, 0x3e, 0x00, 0x00,
  0xb4, 0x3d, 0x00, 0x00, 0x58, 0x3d, 0x00, 0x00, 0xfc, 0x3c, 0x00, 0x00,
  0xa0, 0x3c, 0x00, 0x00, 0x44, 0x3c, 0x00, 0x00, 0xe8, 0x3b, 0x00, 0x00,
  0x8c, 0x3b, 0x00, 0x00, 0x30, 0x3b, 0x00, 0x00, 0xd4, 0x3a, 0x00, 0x00,
  0x78, 0x3a, 0x00, 0x00, 0x1c, 0x3a, 0x00, 0x00, 0x9c, 0x39, 0x00, 0x00,
  0x1c, 0x39, 0x00, 0x00, 0x9c, 0x38, 0x00, 0x00, 0x1c, 0x38, 0x00, 0x00,
  0x9c, 0x37, 0x00, 0x00, 0x1c, 0x37, 0x00, 0x00, 0x9c, 0x36, 0x00, 0x00,
  0x1c, 0x36, 0x00, 0x00, 0x9c, 0x35, 0x00, 0x00, 0xf4, 0x34, 0x00, 0x00,
  0xa8, 0x34, 0x00, 0x00, 0x58, 0x34, 0x00, 0x00, 0x08, 0x34, 0x00, 0x00,
  0xb8, 0x33, 0x00, 0x00, 0x60, 0x33, 0x00, 0x00, 0x08, 0x33, 0x00, 0x00,
  0xb8, 0x32, 0x00, 0x00, 0x64, 0x32, 0x00, 0x00, 0x14, 0x32, 0x00, 0x00,
  0xc0, 0x31, 0x00, 0x00, 0x40, 0x31, 0x00, 0x00, 0xf0, 0x30, 0x00, 0x00,
  0xa4, 0x30, 0x00, 0x00, 0x54, 0x30, 0x00, 0x00, 0x04, 0x30, 0x00, 0x00,
  0xb4, 0x2f, 0x00, 0x00, 0x5c, 0x2f, 0x00, 0x00, 0x04, 0x2f, 0x00, 0x00,
  0xb0, 0x2e, 0x00, 0x00, 0x58, 0x2e, 0x00, 0x00, 0x08, 0x2e, 0x00, 0x00,
  0xb4, 0x2d, 0x00, 0x00, 0x64, 0x2d, 0x00, 0x00, 0x14, 0x2d, 0x00, 0x00,
  0xc0, 0x2c, 0x00, 0x00, 0x40, 0x2c, 0x00, 0x00, 0xf0, 0x2b, 0x00, 0x00,
  0xa4, 0x2b, 0x00, 0x00, 0x54, 0x2b, 0x00, 0x00, 0x04, 0x2b, 0x00, 0x00,
  0xb4, 0x2a, 0x00, 0x00, 0x5c, 0x2a, 0x00, 0x00, 0x04, 0x2a, 0x00, 0x00,
  0xb0, 0x29, 0x00, 0x00, 0x58, 0x29, 0x00, 0x00, 0x08, 0x29, 0x00, 0x00,
  0xb4, 0x28, 0x00, 0x00, 0x64, 0x28, 0x00, 0x00, 0x14, 0x28, 0x00, 0x00,
  0xc0, 0x27, 0x00, 0x00, 0x40, 0x27, 0x00, 0x00, 0xf0, 0x26, 0x00, 0x00,
  0xa4, 0x26, 0x00, 0x00, 0x54, 0x26, 0x00, 0x00, 0x04, 0x26, 0x00, 0x00,
  0xb4, 0x25, 0x00, 0x00, 0x5c, 0x25, 0x00, 0x00, 0x04, 0x25, 0x00, 0x00,
  0xb0, 0x24, 0x00, 0x00, 0x58, 0x24, 0x00, 0x00, 0x08, 0x24, 0x00, 0x00,
  0xb4, 0x23, 0x00, 0x00, 0x64, 0x23, 0x00, 0x00, 0x14, 0x23, 0x00, 0x00,
  0xc0, 0x22, 0x00, 0x00, 0x40, 0x22, 0x00, 0x00, 0xf0, 0x21, 0x00, 0x00,
  0xa4, 0x21, 0x00, 0x00, 0x54, 0x21, 0x00, 0x00, 0x04, 0x21, 0x00, 0x00,
  0xb4, 0x20, 0x00, 0x00, 0x5c, 0x20, 0x00, 0x00, 0x04, 0x20, 0x00, 0x00,
  0xb0, 0x1f, 0x00, 0x00, 0x58, 0x1f, 0x00, 0x00, 0x08, 0x1f, 0x00, 0x00,
  0xb4, 0x1e, 0x00, 0x00, 0x64, 0x1e, 0x00, 0x00, 0x14, 0x1e, 0x00, 0x00,
  0xc0, 0x1d, 0x00, 0x00, 0x40, 0x1d, 0x00, 0x00, 0xf0, 0x1c, 0x00, 0x00,
  0xa4, 0x1c, 0x00, 0x00, 0x54, 0x1c, 0x00, 0x00, 0x04, 0x1c, 0x00, 0x00,
  0xb4, 0x1b, 0x00, 0x00, 0x5c, 0x1b, 0x00, 0x00, 0x04, 0x1b, 0x00, 0x00,
  0xb0, 0x1a, 0x00, 0x00, 0x58, 0x1a, 0x00, 0x00, 0x08, 0x1a, 0x00, 0x00,
  0xb4, 0x19, 0x00, 0x00, 0x64, 0x19, 0x00, 0x00, 0x14, 0x19, 0x00, 0x00,
  0xc0, 0x18, 0x00, 0x00, 0x40, 0x18, 0x00, 0x00, 0xf0, 0x17, 0x00, 0x00,
  0xa4, 0x17, 0x00, 0x00, 0x54, 0x17, 0x00, 0x00, 0x04, 0x17, 0x00, 0x00,
  0xb4, 0x16, 0x00, 0x00, 0x5c, 0x16, 0x00, 0x00, 0x04, 0x16, 0x00, 0x00,
  0xb0, 0x15, 0x00, 0x00, 0x58, 0x15, 0x00, 0x00, 0x08, 0x15, 0x00, 0x00,
  0xb4, 0x14, 0x00, 0x00, 0x64, 0x14, 0x00, 0x00, 0x14, 0x14, 0x00, 0x00,
  0xc0, 0x13, 0x00, 0x00, 0x40, 0x13, 0x00, 0x00, 0xf0, 0x12, 0x00, 0x00,
  0xa4, 0x12, 0x00, 0x00, 0x54, 0x12, 0x00, 0x00, 0x04, 0x12, 0x00, 0x00,
  0xb4, 0x11, 0x00, 0x00, 0x5c, 0x11, 0x00, 0x00, 0x04, 0x11, 0x00, 0x00,
  0xb0, 0x10, 0x00, 0x00, 0x58, 0x10, 0x00, 0x00, 0x08, 0x10, 0x00, 0x00,
  0xb4, 0x0f, 0x00, 0x00, 0x64, 0x0f, 0x00, 0x00, 0x14, 0x0f, 0x00, 0x00,
  0xc0, 0x0e, 0x00, 0x00, 0x40, 0x0e, 0x00, 0x00, 0xf0, 0x0d, 0x00, 0x00,
  0xa4, 0x0d, 0x00, 0x00, 0x54, 0x0d, 0x00, 0x00, 0x04, 0x0d, 0x00, 0x00,
  0xb4, 0x0c, 0x00, 0x00, 0x5c, 0x0c, 0x00, 0x00, 0x04, 0x0c, 0x00, 0x00,
  0xb0, 0x0b, 0x00, 0x00, 0x58, 0x0b, 0x00, 0x00, 0x08, 0x0b, 0x00, 0x00,
  0xb4, 0x0a, 0x00, 0x00, 0x64, 0x0a, 0x00, 0x00, 0x14, 0x0a, 0x00, 0x00,
  0xc0, 0x09, 0x00, 0x00, 0x40, 0x09, 0x00, 0x00, 0xf0, 0x08, 0x00, 0x00,
  0xa4, 0x08, 0x00, 0x00, 0x54, 0x08, 0x00, 0x00, 0x04, 0x08, 0x00, 0x00,
  0xb4, 0x07, 0x00, 0x00, 0x5c, 0x07, 0x00, 0x00, 0x04, 0x07, 0x00, 0x00,
  0xb0, 0x06, 0x00, 0x00, 0x58, 0x06, 0x00, 0x00, 0x08, 0x06, 0x00, 0x00,
  0xb4, 0x05, 0x00, 0x00, 0x64, 0x05, 0x00, 0x00, 0x14, 0x05, 0x00, 0x00,
  0xc0, 0x04, 0x00, 0x00, 0x6c, 0x04, 0x00, 0x00, 0x18, 0x04, 0x00, 0x00,
  0xc4, 0x03, 0x00, 0x00, 0x70, 0x03, 0x00, 0x00, 0x1c, 0x03, 0x00, 0x00,
  0xc8, 0x02, 0x00, 0x00, 0x74, 0x02, 0x00, 0x00, 0x20, 0x02, 0x00, 0x00,
  0xcc, 0x01, 0x00, 0x00, 0x78, 0x01, 0x00, 0x00, 0x24, 0x01, 0x00, 0x00,
  0xc8, 0x00, 0x00, 0x00, 0x48, 0x00, 0x00, 0x00, 0x04, 0x00, 0x00, 0x00,
  0xb2, 0xbe, 0xff, 0xff, 0x00, 0x00, 0x00, 0x01, 0x10, 0x00, 0x00, 0x00,
  0x10, 0x00, 0x00, 0x00, 0xc8, 0x00, 0x00, 0x00, 0x20, 0x00, 0x00, 0x00,
  0x24, 0xbe, 0xff, 0xff, 0x11, 0x00, 0x00, 0x00, 0x50, 0x61, 0x72, 0x74,
  0x69, 0x74, 0x69, 0x6f, 0x6e, 0x65, 0x64, 0x43, 0x61, 0x6c, 0x6c, 0x3a,
  0x30, 0x00, 0x00, 0x00, 0x02, 0x00, 0x00, 0x00, 0x01, 0x00, 0x00, 0x00,
  0x07, 0x00, 0x00, 0x00, 0xf2, 0xbe, 0xff, 0xff, 0x00, 0x00, 0x00, 0x01,
  0x10, 0x00, 0x00, 0x00, 0x10, 0x00, 0x00, 0x00, 0xc7, 0x00, 0x00, 0x00,
  0x5c, 0x00, 0x00, 0x00, 0x64, 0xbe, 0xff, 0xff, 0x4d, 0x00, 0x00, 0x00,
  0x6d, 0x6f, 0x64, 0x65, 0x6c, 0x5f, 0x38, 0x38, 0x2f, 0x74, 0x66, 0x2e,
  0x6c, 0x69, 0x6e, 0x61, 0x6c, 0x67, 0x2e, 0x6d, 0x61, 0x74, 0x6d, 0x75,
  0x6c, 0x5f, 0x39, 0x38, 0x37, 0x2f, 0x4d, 0x61, 0x74, 0x4d, 0x75, 0x6c,
  0x3b, 0x6d, 0x6f, 0x64, 0x65, 0x6c, 0x5f, 0x38, 0x38, 0x2f, 0x74, 0x66,
  0x2e, 0x5f, 0x5f, 0x6f, 0x70, 0x65, 0x72, 0x61, 0x74, 0x6f, 0x72, 0x73,
  0x5f, 0x5f, 0x2e, 0x61, 0x64, 0x64, 0x5f, 0x31, 0x35, 0x34, 0x36, 0x2f,
  0x41, 0x64, 0x64, 0x56, 0x32, 0x00, 0x00, 0x00, 0x02, 0x00, 0x00, 0x00,
  0x01, 0x00, 0x00, 0x00, 0x07, 0x00, 0x00, 0x00, 0x6e, 0xbf, 0xff, 0xff,
  0x00, 0x00, 0x00, 0x01, 0x10, 0x00, 0x00, 0x00, 0x10, 0x00, 0x00, 0x00,
  0xc6, 0x00, 0x00, 0x00, 0x38, 0x00, 0x00, 0x00, 0xe0, 0xbe, 0xff, 0xff,
  0x2a, 0x00, 0x00, 0x00, 0x6d, 0x6f, 0x64, 0x65, 0x6c, 0x5f, 0x38, 0x38,
  0x2f, 0x74, 0x66, 0x2e, 0x63, 0x6f, 0x6d, 0x70, 0x61, 0x74, 0x2e, 0x76,
  0x31, 0x2e, 0x67, 0x61, 0x74, 0x68, 0x65, 0x72, 0x5f, 0x35, 0x31, 0x38,
  0x2f, 0x47, 0x61, 0x74, 0x68, 0x65, 0x72, 0x56, 0x32, 0x3b, 0x00, 0x00,
  0x02, 0x00, 0x00, 0x00, 0x01, 0x00, 0x00, 0x00, 0x10, 0x00, 0x00, 0x00,
  0xc6, 0xbf, 0xff, 0xff, 0x00, 0x00, 0x00, 0x01, 0x10, 0x00, 0x00, 0x00,
  0x10, 0x00, 0x00, 0x00, 0xc5, 0x00, 0x00, 0x00, 0x2c, 0x00, 0x00, 0x00,
  0x38, 0xbf, 0xff, 0xff, 0x1c, 0x00, 0x00, 0x00, 0x6d, 0x6f, 0x64, 0x65,
  0x6c, 0x5f, 0x38, 0x38, 0x2f, 0x74, 0x66, 0x2e, 0x63, 0x6f, 0x6e, 0x63,
  0x61, 0x74, 0x5f, 0x34, 0x30, 0x2f, 0x63, 0x6f, 0x6e, 0x63, 0x61, 0x74,
  0x00, 0x00, 0x00, 0x00, 0x03, 0x00, 0x00, 0x00, 0x01, 0x00, 0x00, 0x00,
  0x0a, 0x00, 0x00, 0x00, 0x10, 0x00, 0x00, 0x00, 0x16, 0xc0, 0xff, 0xff,
  0x00, 0x00, 0x00, 0x01, 0x10, 0x00, 0x00, 0x00, 0x10, 0x00, 0x00, 0x00,
  0xc4, 0x00, 0x00, 0x00, 0x2c, 0x00, 0x00, 0x00, 0x88, 0xbf, 0xff, 0xff,
  0x1f, 0x00, 0x00, 0x00, 0x6d, 0x6f, 0x64, 0x65, 0x6c, 0x5f, 0x38, 0x38,
  0x2f, 0x74, 0x66, 0x2e, 0x72, 0x65, 0x73, 0x68, 0x61, 0x70, 0x65, 0x5f,
  0x35, 0x34, 0x30, 0x2f, 0x52, 0x65, 0x73, 0x68, 0x61, 0x70, 0x65, 0x00,
  0x03, 0x00, 0x00, 0x00, 0x01, 0x00, 0x00, 0x00, 0x01, 0x00, 0x00, 0x00,
  0x10, 0x00, 0x00, 0x00, 0x66, 0xc0, 0xff, 0xff, 0x00, 0x00, 0x00, 0x01,
  0x10, 0x00, 0x00, 0x00, 0x10, 0x00, 0x00, 0x00, 0xc3, 0x00, 0x00, 0x00,
  0x2c, 0x00, 0x00, 0x00, 0xd8, 0xbf, 0xff, 0xff, 0x1f, 0x00, 0x00, 0x00,
  0x6d, 0x6f, 0x64, 0x65, 0x6c, 0x5f, 0x38, 0x38, 0x2f, 0x74, 0x66, 0x2e,
  0x72, 0x65, 0x73, 0x68, 0x61, 0x70, 0x65, 0x5f, 0x35, 0x34, 0x31, 0x2f,
  0x52, 0x65, 0x73, 0x68, 0x61, 0x70, 0x65, 0x00, 0x03, 0x00, 0x00, 0x00,
  0x01, 0x00, 0x00, 0x00, 0x01, 0x00, 0x00, 0x00, 0x10, 0x00, 0x00, 0x00,
  0xb6, 0xc0, 0xff, 0xff, 0x00, 0x00, 0x00, 0x01, 0x10, 0x00, 0x00, 0x00,
  0x10, 0x00, 0x00, 0x00, 0xc2, 0x00, 0x00, 0x00, 0x2c, 0x00, 0x00, 0x00,
  0x28, 0xc0, 0xff, 0xff, 0x1f, 0x00, 0x00, 0x00, 0x6d, 0x6f, 0x64, 0x65,
  0x6c, 0x5f, 0x38, 0x38, 0x2f, 0x74, 0x66, 0x2e, 0x72, 0x65, 0x73, 0x68,
  0x61, 0x70, 0x65, 0x5f, 0x35, 0x34, 0x32, 0x2f, 0x52, 0x65, 0x73, 0x68,
  0x61, 0x70, 0x65, 0x00, 0x03, 0x00, 0x00, 0x00, 0x01, 0x00, 0x00, 0x00,
  0x01, 0x00, 0x00, 0x00, 0x10, 0x00, 0x00, 0x00, 0x06, 0xc1, 0xff, 0xff,
  0x00, 0x00, 0x00, 0x01, 0x10, 0x00, 0x00, 0x00, 0x10, 0x00, 0x00, 0x00,
  0xc1, 0x00, 0x00, 0x00, 0x2c, 0x00, 0x00, 0x00, 0x78, 0xc0, 0xff, 0xff,
  0x1f, 0x00, 0x00, 0x00, 0x6d, 0x6f, 0x64, 0x65, 0x6c, 0x5f, 0x38, 0x38,
  0x2f, 0x74, 0x66, 0x2e, 0x72, 0x65, 0x73, 0x68, 0x61, 0x70, 0x65, 0x5f,
  0x35, 0x34, 0x33, 0x2f, 0x52, 0x65, 0x73, 0x68, 0x61, 0x70, 0x65, 0x00,
  0x03, 0x00, 0x00, 0x00, 0x01, 0x00, 0x00, 0x00, 0x01, 0x00, 0x00, 0x00,
  0x10, 0x00, 0x00, 0x00, 0x56, 0xc1, 0xff, 0xff, 0x00, 0x00, 0x00, 0x01,
  0x10, 0x00, 0x00, 0x00, 0x10, 0x00, 0x00, 0x00, 0xc0, 0x00, 0x00, 0x00,
  0x2c, 0x00, 0x00, 0x00, 0xc8, 0xc0, 0xff, 0xff, 0x1f, 0x00, 0x00, 0x00,
  0x6d, 0x6f, 0x64, 0x65, 0x6c, 0x5f, 0x38, 0x38, 0x2f, 0x74, 0x66, 0x2e,
  0x72, 0x65, 0x73, 0x68, 0x61, 0x70, 0x65, 0x5f, 0x35, 0x34, 0x34, 0x2f,
  0x52, 0x65, 0x73, 0x68, 0x61, 0x70, 0x65, 0x00, 0x03, 0x00, 0x00, 0x00,
  0x01, 0x00, 0x00, 0x00, 0x01, 0x00, 0x00, 0x00, 0x10, 0x00, 0x00, 0x00,
  0xa6, 0xc1, 0xff, 0xff, 0x00, 0x00, 0x00, 0x01, 0x10, 0x00, 0x00, 0x00,
  0x10, 0x00, 0x00, 0x00, 0xbf, 0x00, 0x00, 0x00, 0x2c, 0x00, 0x00, 0x00,
  0x18, 0xc1, 0xff, 0xff, 0x1f, 0x00, 0x00, 0x00, 0x6d, 0x6f, 0x64, 0x65,
  0x6c, 0x5f, 0x38, 0x38, 0x2f, 0x74, 0x66, 0x2e, 0x72, 0x65, 0x73, 0x68,
  0x61, 0x70, 0x65, 0x5f, 0x35, 0x34, 0x35, 0x2f, 0x52, 0x65, 0x73, 0x68,
  0x61, 0x70, 0x65, 0x00, 0x03, 0x00, 0x00, 0x00, 0x01, 0x00, 0x00, 0x00,
  0x01, 0x00, 0x00, 0x00, 0x10, 0x00, 0x00, 0x00, 0xf6, 0xc1, 0xff, 0xff,
  0x00, 0x00, 0x00, 0x01, 0x10, 0x00, 0x00, 0x00, 0x10, 0x00, 0x00, 0x00,
  0xbe, 0x00, 0x00, 0x00, 0x2c, 0x00, 0x00, 0x00, 0x68, 0xc1, 0xff, 0xff,
  0x1f, 0x00, 0x00, 0x00, 0x6d, 0x6f, 0x64, 0x65, 0x6c, 0x5f, 0x38, 0x38,
  0x2f, 0x74, 0x66, 0x2e, 0x72, 0x65, 0x73, 0x68, 0x61, 0x70, 0x65, 0x5f,
  0x35, 0x34, 0x36, 0x2f, 0x52, 0x65, 0x73, 0x68, 0x61, 0x70, 0x65, 0x00,
  0x03, 0x00, 0x00, 0x00, 0x01, 0x00, 0x00, 0x00, 0x01, 0x00, 0x00, 0x00,
  0x10, 0x00, 0x00, 0x00, 0x46, 0xc2, 0xff, 0xff, 0x00, 0x00, 0x00, 0x01,
  0x10, 0x00, 0x00, 0x00, 0x10, 0x00, 0x00, 0x00, 0xbd, 0x00, 0x00, 0x00,
  0x2c, 0x00, 0x00, 0x00, 0xb8, 0xc1, 0xff, 0xff, 0x1f, 0x00, 0x00, 0x00,
  0x6d, 0x6f, 0x64, 0x65, 0x6c, 0x5f, 0x38, 0x38, 0x2f, 0x74, 0x66, 0x2e,
  0x72, 0x65, 0x73, 0x68, 0x61, 0x70, 0x65, 0x5f, 0x35, 0x34, 0x37, 0x2f,
  0x52, 0x65, 0x73, 0x68, 0x61, 0x70, 0x65, 0x00, 0x03, 0x00, 0x00, 0x00,
  0x01, 0x00, 0x00, 0x00, 0x01, 0x00, 0x00, 0x00, 0x10, 0x00, 0x00, 0x00,
  0x96, 0xc2, 0xff, 0xff, 0x00, 0x00, 0x00, 0x01, 0x10, 0x00, 0x00, 0x00,
  0x10, 0x00, 0x00, 0x00, 0xbc, 0x00, 0x00, 0x00, 0x2c, 0x00, 0x00, 0x00,
  0x08, 0xc2, 0xff, 0xff, 0x1f, 0x00, 0x00, 0x00, 0x6d, 0x6f, 0x64, 0x65,
  0x6c, 0x5f, 0x38, 0x38, 0x2f, 0x74, 0x66, 0x2e, 0x72, 0x65, 0x73, 0x68,
  0x61, 0x70, 0x65, 0x5f, 0x35, 0x34, 0x38, 0x2f, 0x52, 0x65, 0x73, 0x68,
  0x61, 0x70, 0x65, 0x00, 0x03, 0x00, 0x00, 0x00, 0x01, 0x00, 0x00, 0x00,
  0x01, 0x00, 0x00, 0x00, 0x10, 0x00, 0x00, 0x00, 0xe6, 0xc2, 0xff, 0xff,
  0x00, 0x00, 0x00, 0x01, 0x10, 0x00, 0x00, 0x00, 0x10, 0x00, 0x00, 0x00,
  0xbb, 0x00, 0x00, 0x00, 0x2c, 0x00, 0x00, 0x00, 0x58, 0xc2, 0xff, 0xff,
  0x1f, 0x00, 0x00, 0x00, 0x6d, 0x6f, 0x64, 0x65, 0x6c, 0x5f, 0x38, 0x38,
  0x2f, 0x74, 0x66, 0x2e, 0x72, 0x65, 0x73, 0x68, 0x61, 0x70, 0x65, 0x5f,
  0x35, 0x34, 0x39, 0x2f, 0x52, 0x65, 0x73, 0x68, 0x61, 0x70, 0x65, 0x00,
  0x03, 0x00, 0x00, 0x00, 0x01, 0x00, 0x00, 0x00, 0x01, 0x00, 0x00, 0x00,
  0x10, 0x00, 0x00, 0x00, 0x36, 0xc3, 0xff, 0xff, 0x00, 0x00, 0x00, 0x01,
  0x10, 0x00, 0x00, 0x00, 0x10, 0x00, 0x00, 0x00, 0xba, 0x00, 0x00, 0x00,
  0x30, 0x00, 0x00, 0x00, 0xa8, 0xc2, 0xff, 0xff, 0x23, 0x00, 0x00, 0x00,
  0x6d, 0x6f, 0x64, 0x65, 0x6c, 0x5f, 0x38, 0x38, 0x2f, 0x74, 0x66, 0x2e,
  0x6d, 0x61, 0x74, 0x68, 0x2e, 0x6d, 0x75, 0x6c, 0x74, 0x69, 0x70, 0x6c,
  0x79, 0x5f, 0x31, 0x30, 0x36, 0x38, 0x32, 0x2f, 0x4d, 0x75, 0x6c, 0x00,
  0x02, 0x00, 0x00, 0x00, 0x01, 0x00, 0x00, 0x00, 0x10, 0x00, 0x00, 0x00,
  0x86, 0xc3, 0xff, 0xff, 0x00, 0x00, 0x00, 0x01, 0x10, 0x00, 0x00, 0x00,
  0x10, 0x00, 0x00, 0x00, 0xb9, 0x00, 0x00, 0x00, 0x2c, 0x00, 0x00, 0x00,
  0xf8, 0xc2, 0xff, 0xff, 0x1f, 0x00, 0x00, 0x00, 0x6d, 0x6f, 0x64, 0x65,
  0x6c, 0x5f, 0x38, 0x38, 0x2f, 0x74, 0x66, 0x2e, 0x6d, 0x61, 0x74, 0x68,
  0x2e, 0x74, 0x61, 0x6e, 0x68, 0x5f, 0x31, 0x30, 0x31, 0x39, 0x2f, 0x54,
  0x61, 0x6e, 0x68, 0x00, 0x02, 0x00, 0x00, 0x00, 0x01, 0x00, 0x00, 0x00,
  0x10, 0x00, 0x00, 0x00, 0xd2, 0xc3, 0xff, 0xff, 0x00, 0x00, 0x00, 0x01,
  0x10, 0x00, 0x00, 0x00, 0x10, 0x00, 0x00, 0x00, 0xb8, 0x00, 0x00, 0x00,
  0x2c, 0x00, 0x00, 0x00, 0x44, 0xc3, 0xff, 0xff, 0x1d, 0x00, 0x00, 0x00,
  0x6d, 0x6f, 0x64, 0x65, 0x6c, 0x5f, 0x38, 0x38, 0x2f, 0x74, 0x66, 0x2e,
  0x6d, 0x61, 0x74, 0x68, 0x2e, 0x61, 0x64, 0x64, 0x5f, 0x31, 0x30, 0x31,
  0x39, 0x2f, 0x41, 0x64, 0x64, 0x00, 0x00, 0x00, 0x02, 0x00, 0x00, 0x00,
  0x01, 0x00, 0x00, 0x00, 0x10, 0x00, 0x00, 0x00, 0x1e, 0xc4, 0xff, 0xff,
  0x00, 0x00, 0x00, 0x01, 0x10, 0x00, 0x00, 0x00, 0x10, 0x00, 0x00, 0x00,
  0xb7, 0x00, 0x00, 0x00, 0x30, 0x00, 0x00, 0x00, 0x90, 0xc3, 0xff, 0xff,
  0x23, 0x00, 0x00, 0x00, 0x6d, 0x6f, 0x64, 0x65, 0x6c, 0x5f, 0x38, 0x38,
  0x2f, 0x74, 0x66, 0x2e, 0x6d, 0x61, 0x74, 0x68, 0x2e, 0x6d, 0x75, 0x6c,
  0x74, 0x69, 0x70, 0x6c, 0x79, 0x5f, 0x31, 0x30, 0x36, 0x37, 0x35, 0x2f,
  0x4d, 0x75, 0x6c, 0x00, 0x02, 0x00, 0x00, 0x00, 0x01, 0x00, 0x00, 0x00,
  0x10, 0x00, 0x00, 0x00, 0x6e, 0xc4, 0xff, 0xff, 0x00, 0x00, 0x00, 0x01,
  0x10, 0x00, 0x00, 0x00, 0x10, 0x00, 0x00, 0x00, 0xb6, 0x00, 0x00, 0x00,
  0x2c, 0x00, 0x00, 0x00, 0xe0, 0xc3, 0xff, 0xff, 0x1f, 0x00, 0x00, 0x00,
  0x6d, 0x6f, 0x64, 0x65, 0x6c, 0x5f, 0x38, 0x38, 0x2f, 0x74, 0x66, 0x2e,
  0x6d, 0x61, 0x74, 0x68, 0x2e, 0x74, 0x61, 0x6e, 0x68, 0x5f, 0x31, 0x30,
  0x31, 0x38, 0x2f, 0x54, 0x61, 0x6e, 0x68, 0x00, 0x02, 0x00, 0x00, 0x00,
  0x01, 0x00, 0x00, 0x00, 0x10, 0x00, 0x00, 0x00, 0xba, 0xc4, 0xff, 0xff,
  0x00, 0x00, 0x00, 0x01, 0x10, 0x00, 0x00, 0x00, 0x10, 0x00, 0x00, 0x00,
  0xb5, 0x00, 0x00, 0x00, 0x34, 0x00, 0x00, 0x00, 0x2c, 0xc4, 0xff, 0xff,
  0x25, 0x00, 0x00, 0x00, 0x6d, 0x6f, 0x64, 0x65, 0x6c, 0x5f, 0x38, 0x38,
  0x2f, 0x74, 0x66, 0x2e, 0x6d, 0x61, 0x74, 0x68, 0x2e, 0x73, 0x69, 0x67,
  0x6d, 0x6f, 0x69, 0x64, 0x5f, 0x31, 0x35, 0x32, 0x39, 0x2f, 0x53, 0x69,
  0x67, 0x6d, 0x6f, 0x69, 0x64, 0x00, 0x00, 0x00, 0x02, 0x00, 0x00, 0x00,
  0x01, 0x00, 0x00, 0x00, 0x10, 0x00, 0x00, 0x00, 0x0e, 0xc5, 0xff, 0xff,
  0x00, 0x00, 0x00, 0x01, 0x10, 0x00, 0x00, 0x00, 0x10, 0x00, 0x00, 0x00,
  0xb4, 0x00, 0x00, 0x00, 0x30, 0x00, 0x00, 0x00, 0x80, 0xc4, 0xff, 0xff,
  0x23, 0x00, 0x00, 0x00, 0x6d, 0x6f, 0x64, 0x65, 0x6c, 0x5f, 0x38, 0x38,
  0x2f, 0x74, 0x66, 0x2e, 0x6d, 0x61, 0x74, 0x68, 0x2e, 0x6d, 0x75, 0x6c,
  0x74, 0x69, 0x70, 0x6c, 0x79, 0x5f, 0x31, 0x30, 0x36, 0x37, 0x31, 0x2f,
  0x4d, 0x75, 0x6c, 0x00, 0x02, 0x00, 0x00, 0x00, 0x01, 0x00, 0x00, 0x00,
  0x10, 0x00, 0x00, 0x00, 0x5e, 0xc5, 0xff, 0xff, 0x00, 0x00, 0x00, 0x01,
  0x10, 0x00, 0x00, 0x00, 0x10, 0x00, 0x00, 0x00, 0xb3, 0x00, 0x00, 0x00,
  0x34, 0x00, 0x00, 0x00, 0xd0, 0xc4, 0xff, 0xff, 0x25, 0x00, 0x00, 0x00,
  0x6d, 0x6f, 0x64, 0x65, 0x6c, 0x5f, 0x38, 0x38, 0x2f, 0x74, 0x66, 0x2e,
  0x6d, 0x61, 0x74, 0x68, 0x2e, 0x73, 0x69, 0x67, 0x6d, 0x6f, 0x69, 0x64,
  0x5f, 0x31, 0x35, 0x32, 0x38, 0x2f, 0x53, 0x69, 0x67, 0x6d, 0x6f, 0x69,
  0x64, 0x00, 0x00, 0x00, 0x02, 0x00, 0x00, 0x00, 0x01, 0x00, 0x00, 0x00,
  0x10, 0x00, 0x00, 0x00, 0xb2, 0xc5, 0xff, 0xff, 0x00, 0x00, 0x00, 0x01,
  0x10, 0x00, 0x00, 0x00, 0x10, 0x00, 0x00, 0x00, 0xb2, 0x00, 0x00, 0x00,
  0x34, 0x00, 0x00, 0x00, 0x24, 0xc5, 0xff, 0xff, 0x25, 0x00, 0x00, 0x00,
  0x6d, 0x6f, 0x64, 0x65, 0x6c, 0x5f, 0x38, 0x38, 0x2f, 0x74, 0x66, 0x2e,
  0x6d, 0x61, 0x74, 0x68, 0x2e, 0x73, 0x69, 0x67, 0x6d, 0x6f, 0x69, 0x64,
  0x5f, 0x31, 0x35, 0x32, 0x37, 0x2f, 0x53, 0x69, 0x67, 0x6d, 0x6f, 0x69,
  0x64, 0x00, 0x00, 0x00, 0x02, 0x00, 0x00, 0x00, 0x01, 0x00, 0x00, 0x00,
  0x10, 0x00, 0x00, 0x00, 0x06, 0xc6, 0xff, 0xff, 0x00, 0x00, 0x00, 0x01,
  0x10, 0x00, 0x00, 0x00, 0x10, 0x00, 0x00, 0x00, 0xb1, 0x00, 0x00, 0x00,
  0x2c, 0x00, 0x00, 0x00, 0x78, 0xc5, 0xff, 0xff, 0x1c, 0x00, 0x00, 0x00,
  0x6d, 0x6f, 0x64, 0x65, 0x6c, 0x5f, 0x38, 0x38, 0x2f, 0x74, 0x66, 0x2e,
  0x73, 0x70, 0x6c, 0x69, 0x74, 0x5f, 0x35, 0x30, 0x39, 0x2f, 0x73, 0x70,
  0x6c, 0x69, 0x74, 0x33, 0x00, 0x00, 0x00, 0x00, 0x02, 0x00, 0x00, 0x00,
  0x01, 0x00, 0x00, 0x00, 0x10, 0x00, 0x00, 0x00, 0x52, 0xc6, 0xff, 0xff,
  0x00, 0x00, 0x00, 0x01, 0x10, 0x00, 0x00, 0x00, 0x10, 0x00, 0x00, 0x00,
  0xb0, 0x00, 0x00, 0x00, 0x2c, 0x00, 0x00, 0x00, 0xc4, 0xc5, 0xff, 0xff,
  0x1c, 0x00, 0x00, 0x00, 0x6d, 0x6f, 0x64, 0x65, 0x6c, 0x5f, 0x38, 0x38,
  0x2f, 0x74, 0x66, 0x2e, 0x73, 0x70, 0x6c, 0x69, 0x74, 0x5f, 0x35, 0x30,
  0x39, 0x2f, 0x73, 0x70, 0x6c, 0x69, 0x74, 0x32, 0x00, 0x00, 0x00, 0x00,
  0x02, 0x00, 0x00, 0x00, 0x01, 0x00, 0x00, 0x00, 0x10, 0x00, 0x00, 0x00,
  0x9e, 0xc6, 0xff, 0xff, 0x00, 0x00, 0x00, 0x01, 0x10, 0x00, 0x00, 0x00,
  0x10, 0x00, 0x00, 0x00, 0xaf, 0x00, 0x00, 0x00, 0x2c, 0x00, 0x00, 0x00,
  0x10, 0xc6, 0xff, 0xff, 0x1c, 0x00, 0x00, 0x00, 0x6d, 0x6f, 0x64, 0x65,
  0x6c, 0x5f, 0x38, 0x38, 0x2f, 0x74, 0x66, 0x2e, 0x73, 0x70, 0x6c, 0x69,
  0x74, 0x5f, 0x35, 0x30, 0x39, 0x2f, 0x73, 0x70, 0x6c, 0x69, 0x74, 0x31,
  0x00, 0x00, 0x00, 0x00, 0x02, 0x00, 0x00, 0x00, 0x01, 0x00, 0x00, 0x00,
  0x10, 0x00, 0x00, 0x00, 0xea, 0xc6, 0xff, 0xff, 0x00, 0x00, 0x00, 0x01,
  0x10, 0x00, 0x00, 0x00, 0x10, 0x00, 0x00, 0x00, 0xae, 0x00, 0x00, 0x00,
  0x28, 0x00, 0x00, 0x00, 0x5c, 0xc6, 0xff, 0xff, 0x1b, 0x00, 0x00, 0x00,
  0x6d, 0x6f, 0x64, 0x65, 0x6c, 0x5f, 0x38, 0x38, 0x2f, 0x74, 0x66, 0x2e,
  0x73, 0x70, 0x6c, 0x69, 0x74, 0x5f, 0x35, 0x30, 0x39, 0x2f, 0x73, 0x70,
  0x6c, 0x69, 0x74, 0x00, 0x02, 0x00, 0x00, 0x00, 0x01, 0x00, 0x00, 0x00,
  0x10, 0x00, 0x00, 0x00, 0x32, 0xc7, 0xff, 0xff, 0x00, 0x00, 0x00, 0x01,
  0x10, 0x00, 0x00, 0x00, 0x10, 0x00, 0x00, 0x00, 0xad, 0x00, 0x00, 0x00,
  0x2c, 0x00, 0x00, 0x00, 0xa4, 0xc6, 0xff, 0xff, 0x1d, 0x00, 0x00, 0x00,
  0x6d, 0x6f, 0x64, 0x65, 0x6c, 0x5f, 0x38, 0x38, 0x2f, 0x74, 0x66, 0x2e,
  0x6d, 0x61, 0x74, 0x68, 0x2e, 0x61, 0x64, 0x64, 0x5f, 0x31, 0x30, 0x31,
  0x38, 0x2f, 0x41, 0x64, 0x64, 0x00, 0x00, 0x00, 0x02, 0x00, 0x00, 0x00,
  0x01, 0x00, 0x00, 0x00, 0x40, 0x00, 0x00, 0x00, 0x7e, 0xc7, 0xff, 0xff,
  0x00, 0x00, 0x00, 0x01, 0x10, 0x00, 0x00, 0x00, 0x10, 0x00, 0x00, 0x00,
  0xac, 0x00, 0x00, 0x00, 0x5c, 0x00, 0x00, 0x00, 0xf0, 0xc6, 0xff, 0xff,
  0x4d, 0x00, 0x00, 0x00, 0x6d, 0x6f, 0x64, 0x65, 0x6c, 0x5f, 0x38, 0x38,
  0x2f, 0x74, 0x66, 0x2e, 0x6c, 0x69, 0x6e, 0x61, 0x6c, 0x67, 0x2e, 0x6d,
  0x61, 0x74, 0x6d, 0x75, 0x6c, 0x5f, 0x39, 0x38, 0x36, 0x2f, 0x4d, 0x61,
  0x74, 0x4d, 0x75, 0x6c, 0x3b, 0x6d, 0x6f, 0x64, 0x65, 0x6c, 0x5f, 0x38,
  0x38, 0x2f, 0x74, 0x66, 0x2e, 0x5f, 0x5f, 0x6f, 0x70, 0x65, 0x72, 0x61,
  0x74, 0x6f, 0x72, 0x73, 0x5f, 0x5f, 0x2e, 0x61, 0x64, 0x64, 0x5f, 0x31,
  0x35, 0x34, 0x34, 0x2f, 0x41, 0x64, 0x64, 0x56, 0x32, 0x00, 0x00, 0x00,
  0x02, 0x00, 0x00, 0x00, 0x01, 0x00, 0x00, 0x00, 0x40, 0x00, 0x00, 0x00,
  0xfa, 0xc7, 0xff, 0xff, 0x00, 0x00, 0x00, 0x01, 0x10, 0x00, 0x00, 0x00,
  0x10, 0x00, 0x00, 0x00, 0xab, 0x00, 0x00, 0x00, 0x30, 0x00, 0x00, 0x00,
  0x6c, 0xc7, 0xff, 0xff, 0x23, 0x00, 0x00, 0x00, 0x6d, 0x6f, 0x64, 0x65,
  0x6c, 0x5f, 0x38, 0x38, 0x2f, 0x74, 0x66, 0x2e, 0x6d, 0x61, 0x74, 0x68,
  0x2e, 0x6d, 0x75, 0x6c, 0x74, 0x69, 0x70, 0x6c, 0x79, 0x5f, 0x31, 0x30,
  0x36, 0x36, 0x33, 0x2f, 0x4d, 0x75, 0x6c, 0x00, 0x02, 0x00, 0x00, 0x00,
  0x01, 0x00, 0x00, 0x00, 0x10, 0x00, 0x00, 0x00, 0x4a, 0xc8, 0xff, 0xff,
  0x00, 0x00, 0x00, 0x01, 0x10, 0x00, 0x00, 0x00, 0x10, 0x00, 0x00, 0x00,
  0xaa, 0x00, 0x00, 0x00, 0x2c, 0x00, 0x00, 0x00, 0xbc, 0xc7, 0xff, 0xff,
  0x1f, 0x00, 0x00, 0x00, 0x6d, 0x6f, 0x64, 0x65, 0x6c, 0x5f, 0x38, 0x38,
  0x2f, 0x74, 0x66, 0x2e, 0x6d, 0x61, 0x74, 0x68, 0x2e, 0x74, 0x61, 0x6e,
  0x68, 0x5f, 0x31, 0x30, 0x31, 0x37, 0x2f, 0x54, 0x61, 0x6e, 0x68, 0x00,
  0x02, 0x00, 0x00, 0x00, 0x01, 0x00, 0x00, 0x00, 0x10, 0x00, 0x00, 0x00,
  0x96, 0xc8, 0xff, 0xff, 0x00, 0x00, 0x00, 0x01, 0x10, 0x00, 0x00, 0x00,
  0x10, 0x00, 0x00, 0x00, 0xa9, 0x00, 0x00, 0x00, 0x2c, 0x00, 0x00, 0x00,
  0x08, 0xc8, 0xff, 0xff, 0x1d, 0x00, 0x00, 0x00, 0x6d, 0x6f, 0x64, 0x65,
  0x6c, 0x5f, 0x38, 0x38, 0x2f, 0x74, 0x66, 0x2e, 0x6d, 0x61, 0x74, 0x68,
  0x2e, 0x61, 0x64, 0x64, 0x5f, 0x31, 0x30, 0x31, 0x37, 0x2f, 0x41, 0x64,
  0x64, 0x00, 0x00, 0x00, 0x02, 0x00, 0x00, 0x00, 0x01, 0x00, 0x00, 0x00,
  0x10, 0x00, 0x00, 0x00, 0xe2, 0xc8, 0xff, 0xff, 0x00, 0x00, 0x00, 0x01,
  0x10, 0x00, 0x00, 0x00, 0x10, 0x00, 0x00, 0x00, 0xa8, 0x00, 0x00, 0x00,
  0x30, 0x00, 0x00, 0x00, 0x54, 0xc8, 0xff, 0xff, 0x23, 0x00, 0x00, 0x00,
  0x6d, 0x6f, 0x64, 0x65, 0x6c, 0x5f, 0x38, 0x38, 0x2f, 0x74, 0x66, 0x2e,
  0x6d, 0x61, 0x74, 0x68, 0x2e, 0x6d, 0x75, 0x6c, 0x74, 0x69, 0x70, 0x6c,
  0x79, 0x5f, 0x31, 0x30, 0x36, 0x35, 0x36, 0x2f, 0x4d, 0x75, 0x6c, 0x00,
  0x02, 0x00, 0x00, 0x00, 0x01, 0x00, 0x00, 0x00, 0x10, 0x00, 0x00, 0x00,
  0x32, 0xc9, 0xff, 0xff, 0x00, 0x00, 0x00, 0x01, 0x10, 0x00, 0x00, 0x00,
  0x10, 0x00, 0x00, 0x00, 0xa7, 0x00, 0x00, 0x00, 0x2c, 0x00, 0x00, 0x00,
  0xa4, 0xc8, 0xff, 0xff, 0x1f, 0x00, 0x00, 0x00, 0x6d, 0x6f, 0x64, 0x65,
  0x6c, 0x5f, 0x38, 0x38, 0x2f, 0x74, 0x66, 0x2e, 0x6d, 0x61, 0x74, 0x68,
  0x2e, 0x74, 0x61, 0x6e, 0x68, 0x5f, 0x31, 0x30, 0x31, 0x36, 0x2f, 0x54,
  0x61, 0x6e, 0x68, 0x00, 0x02, 0x00, 0x00, 0x00, 0x01, 0x00, 0x00, 0x00,
  0x10, 0x00, 0x00, 0x00, 0x7e, 0xc9, 0xff, 0xff, 0x00, 0x00, 0x00, 0x01,
  0x10, 0x00, 0x00, 0x00, 0x10, 0x00, 0x00, 0x00, 0xa6, 0x00, 0x00, 0x00,
  0x34, 0x00, 0x00, 0x00, 0xf0, 0xc8, 0xff, 0xff, 0x25, 0x00, 0x00, 0x00,
  0x6d, 0x6f, 0x64, 0x65, 0x6c, 0x5f, 0x38, 0x38, 0x2f, 0x74, 0x66, 0x2e,
  0x6d, 0x61, 0x74, 0x68, 0x2e, 0x73, 0x69, 0x67, 0x6d, 0x6f, 0x69, 0x64,
  0x5f, 0x31, 0x35, 0x32, 0x36, 0x2f, 0x53, 0x69, 0x67, 0x6d, 0x6f, 0x69,
  0x64, 0x00, 0x00, 0x00, 0x02, 0x00, 0x00, 0x00, 0x01, 0x00, 0x00, 0x00,
  0x10, 0x00, 0x00, 0x00, 0xd2, 0xc9, 0xff, 0xff, 0x00, 0x00, 0x00, 0x01,
  0x10, 0x00, 0x00, 0x00, 0x10, 0x00, 0x00, 0x00, 0xa5, 0x00, 0x00, 0x00,
  0x30, 0x00, 0x00, 0x00, 0x44, 0xc9, 0xff, 0xff, 0x23, 0x00, 0x00, 0x00,
  0x6d, 0x6f, 0x64, 0x65, 0x6c, 0x5f, 0x38, 0x38, 0x2f, 0x74, 0x66, 0x2e,
  0x6d, 0x61, 0x74, 0x68, 0x2e, 0x6d, 0x75, 0x6c, 0x74, 0x69, 0x70, 0x6c,
  0x79, 0x5f, 0x31, 0x30, 0x36, 0x35, 0x32, 0x2f, 0x4d, 0x75, 0x6c, 0x00,
  0x02, 0x00, 0x00, 0x00, 0x01, 0x00, 0x00, 0x00, 0x10, 0x00, 0x00, 0x00,
  0x22, 0xca, 0xff, 0xff, 0x00, 0x00, 0x00, 0x01, 0x10, 0x00, 0x00, 0x00,
  0x10, 0x00, 0x00, 0x00, 0xa4, 0x00, 0x00, 0x00, 0x34, 0x00, 0x00, 0x00,
  0x94, 0xc9, 0xff, 0xff, 0x25, 0x00, 0x00, 0x00, 0x6d, 0x6f, 0x64, 0x65,
  0x6c, 0x5f, 0x38, 0x38, 0x2f, 0x74, 0x66, 0x2e, 0x6d, 0x61, 0x74, 0x68,
  0x2e, 0x73, 0x69, 0x67, 0x6d, 0x6f, 0x69, 0x64, 0x5f, 0x31, 0x35, 0x32,
  0x35, 0x2f, 0x53, 0x69, 0x67, 0x6d, 0x6f, 0x69, 0x64, 0x00, 0x00, 0x00,
  0x02, 0x00, 0x00, 0x00, 0x01, 0x00, 0x00, 0x00, 0x10, 0x00, 0x00, 0x00,
  0x76, 0xca, 0xff, 0xff, 0x00, 0x00, 0x00, 0x01, 0x10, 0x00, 0x00, 0x00,
  0x10, 0x00, 0x00, 0x00, 0xa3, 0x00, 0x00, 0x00, 0x34, 0x00, 0x00, 0x00,
  0xe8, 0xc9, 0xff, 0xff, 0x25, 0x00, 0x00, 0x00, 0x6d, 0x6f, 0x64, 0x65,
  0x6c, 0x5f, 0x38, 0x38, 0x2f, 0x74, 0x66, 0x2e, 0x6d, 0x61, 0x74, 0x68,
  0x2e, 0x73, 0x69, 0x67, 0x6d, 0x6f, 0x69, 0x64, 0x5f, 0x31, 0x35, 0x32,
  0x34, 0x2f, 0x53, 0x69, 0x67, 0x6d, 0x6f, 0x69, 0x64, 0x00, 0x00, 0x00,
  0x02, 0x00, 0x00, 0x00, 0x01, 0x00, 0x00, 0x00, 0x10, 0x00, 0x00, 0x00,
  0xca, 0xca, 0xff, 0xff, 0x00, 0x00, 0x00, 0x01, 0x10, 0x00, 0x00, 0x00,
  0x10, 0x00, 0x00, 0x00, 0xa2, 0x00, 0x00, 0x00, 0x2c, 0x00, 0x00, 0x00,
  0x3c, 0xca, 0xff, 0xff, 0x1c, 0x00, 0x00, 0x00, 0x6d, 0x6f, 0x64, 0x65,
  0x6c, 0x5f, 0x38, 0x38, 0x2f, 0x74, 0x66, 0x2e, 0x73, 0x70, 0x6c, 0x69,
  0x74, 0x5f, 0x35, 0x30, 0x38, 0x2f, 0x73, 0x70, 0x6c, 0x69, 0x74, 0x33,
  0x00, 0x00, 0x00, 0x00, 0x02, 0x00, 0x00, 0x00, 0x01, 0x00, 0x00, 0x00,
  0x10, 0x00, 0x00, 0x00, 0x16, 0xcb, 0xff, 0xff, 0x00, 0x00, 0x00, 0x01,
  0x10, 0x00, 0x00, 0x00, 0x10, 0x00, 0x00, 0x00, 0xa1, 0x00, 0x00, 0x00,
  0x2c, 0x00, 0x00, 0x00, 0x88, 0xca, 0xff, 0xff, 0x1c, 0x00, 0x00, 0x00,
  0x6d, 0x6f, 0x64, 0x65, 0x6c, 0x5f, 0x38, 0x38, 0x2f, 0x74, 0x66, 0x2e,
  0x73, 0x70, 0x6c, 0x69, 0x74, 0x5f, 0x35, 0x30, 0x38, 0x2f, 0x73, 0x70,
  0x6c, 0x69, 0x74, 0x32, 0x00, 0x00, 0x00, 0x00, 0x02, 0x00, 0x00, 0x00,
  0x01, 0x00, 0x00, 0x00, 0x10, 0x00, 0x00, 0x00, 0x62, 0xcb, 0xff, 0xff,
  0x00, 0x00, 0x00, 0x01, 0x10, 0x00, 0x00, 0x00, 0x10, 0x00, 0x00, 0x00,
  0xa0, 0x00, 0x00, 0x00, 0x2c, 0x00, 0x00, 0x00, 0xd4, 0xca, 0xff, 0xff,
  0x1c, 0x00, 0x00, 0x00, 0x6d, 0x6f, 0x64, 0x65, 0x6c, 0x5f, 0x38, 0x38,
  0x2f, 0x74, 0x66, 0x2e, 0x73, 0x70, 0x6c, 0x69, 0x74, 0x5f, 0x35, 0x30,
  0x38, 0x2f, 0x73, 0x70, 0x6c, 0x69, 0x74, 0x31, 0x00, 0x00, 0x00, 0x00,
  0x02, 0x00, 0x00, 0x00, 0x01, 0x00, 0x00, 0x00, 0x10, 0x00, 0x00, 0x00,
  0xae, 0xcb, 0xff, 0xff, 0x00, 0x00, 0x00, 0x01, 0x10, 0x00, 0x00, 0x00,
  0x10, 0x00, 0x00, 0x00, 0x9f, 0x00, 0x00, 0x00, 0x28, 0x00, 0x00, 0x00,
  0x20, 0xcb, 0xff, 0xff, 0x1b, 0x00, 0x00, 0x00, 0x6d, 0x6f, 0x64, 0x65,
  0x6c, 0x5f, 0x38, 0x38, 0x2f, 0x74, 0x66, 0x2e, 0x73, 0x70, 0x6c, 0x69,
  0x74, 0x5f, 0x35, 0x30, 0x38, 0x2f, 0x73, 0x70, 0x6c, 0x69, 0x74, 0x00,
  0x02, 0x00, 0x00, 0x00, 0x01, 0x00, 0x00, 0x00, 0x10, 0x00, 0x00, 0x00,
  0xf6, 0xcb, 0xff, 0xff, 0x00, 0x00, 0x00, 0x01, 0x10, 0x00, 0x00, 0x00,
  0x10, 0x00, 0x00, 0x00, 0x9e, 0x00, 0x00, 0x00, 0x2c, 0x00, 0x00, 0x00,
  0x68, 0xcb, 0xff, 0xff, 0x1d, 0x00, 0x00, 0x00, 0x6d, 0x6f, 0x64, 0x65,
  0x6c, 0x5f, 0x38, 0x38, 0x2f, 0x74, 0x66, 0x2e, 0x6d, 0x61, 0x74, 0x68,
  0x2e, 0x61, 0x64, 0x64, 0x5f, 0x31, 0x30, 0x31, 0x36, 0x2f, 0x41, 0x64,
  0x64, 0x00, 0x00, 0x00, 0x02, 0x00, 0x00, 0x00, 0x01, 0x00, 0x00, 0x00,
  0x40, 0x00, 0x00, 0x00, 0x42, 0xcc, 0xff, 0xff, 0x00, 0x00, 0x00, 0x01,
  0x10, 0x00, 0x00, 0x00, 0x10, 0x00, 0x00, 0x00, 0x9d, 0x00, 0x00, 0x00,
  0x5c, 0x00, 0x00, 0x00, 0xb4, 0xcb, 0xff, 0xff, 0x4d, 0x00, 0x00, 0x00,
  0x6d, 0x6f, 0x64, 0x65, 0x6c, 0x5f, 0x38, 0x38, 0x2f, 0x74, 0x66, 0x2e,
  0x6c, 0x69, 0x6e, 0x61, 0x6c, 0x67, 0x2e, 0x6d, 0x61, 0x74, 0x6d, 0x75,
  0x6c, 0x5f, 0x39, 0x38, 0x35, 0x2f, 0x4d, 0x61, 0x74, 0x4d, 0x75, 0x6c,
  0x3b, 0x6d, 0x6f, 0x64, 0x65, 0x6c, 0x5f, 0x38, 0x38, 0x2f, 0x74, 0x66,
  0x2e, 0x5f, 0x5f, 0x6f, 0x70, 0x65, 0x72, 0x61, 0x74, 0x6f, 0x72, 0x73,
  0x5f, 0x5f, 0x2e, 0x61, 0x64, 0x64, 0x5f, 0x31, 0x35, 0x34, 0x33, 0x2f,
  0x41, 0x64, 0x64, 0x56, 0x32, 0x00, 0x00, 0x00, 0x02, 0x00, 0x00, 0x00,
  0x01, 0x00, 0x00, 0x00, 0x40, 0x00, 0x00, 0x00, 0xbe, 0xcc, 0xff, 0xff,
  0x00, 0x00, 0x00, 0x01, 0x10, 0x00, 0x00, 0x00, 0x10, 0x00, 0x00, 0x00,
  0x9c, 0x00, 0x00, 0x00, 0x30, 0x00, 0x00, 0x00, 0x30, 0xcc, 0xff, 0xff,
  0x23, 0x00, 0x00, 0x00, 0x6d, 0x6f, 0x64, 0x65, 0x6c, 0x5f, 0x38, 0x38,
  0x2f, 0x74, 0x66, 0x2e, 0x6d, 0x61, 0x74, 0x68, 0x2e, 0x6d, 0x75, 0x6c,
  0x74, 0x69, 0x70, 0x6c, 0x79, 0x5f, 0x31, 0x30, 0x36, 0x34, 0x34, 0x2f,
  0x4d, 0x75, 0x6c, 0x00, 0x02, 0x00, 0x00, 0x00, 0x01, 0x00, 0x00, 0x00,
  0x10, 0x00, 0x00, 0x00, 0x0e, 0xcd, 0xff, 0xff, 0x00, 0x00, 0x00, 0x01,
  0x10, 0x00, 0x00, 0x00, 0x10, 0x00, 0x00, 0x00, 0x9b, 0x00, 0x00, 0x00,
  0x2c, 0x00, 0x00, 0x00, 0x80, 0xcc, 0xff, 0xff, 0x1f, 0x00, 0x00, 0x00,
  0x6d, 0x6f, 0x64, 0x65, 0x6c, 0x5f, 0x38, 0x38, 0x2f, 0x74, 0x66, 0x2e,
  0x6d, 0x61, 0x74, 0x68, 0x2e, 0x74, 0x61, 0x6e, 0x68, 0x5f, 0x31, 0x30,
  0x31, 0x35, 0x2f, 0x54, 0x61, 0x6e, 0x68, 0x00, 0x02, 0x00, 0x00, 0x00,
  0x01, 0x00, 0x00, 0x00, 0x10, 0x00, 0x00, 0x00, 0x5a, 0xcd, 0xff, 0xff,
  0x00, 0x00, 0x00, 0x01, 0x10, 0x00, 0x00, 0x00, 0x10, 0x00, 0x00, 0x00,
  0x9a, 0x00, 0x00, 0x00, 0x2c, 0x00, 0x00, 0x00, 0xcc, 0xcc, 0xff, 0xff,
  0x1d, 0x00, 0x00, 0x00, 0x6d, 0x6f, 0x64, 0x65, 0x6c, 0x5f, 0x38, 0x38,
  0x2f, 0x74, 0x66, 0x2e, 0x6d, 0x61, 0x74, 0x68, 0x2e, 0x61, 0x64, 0x64,
  0x5f, 0x31, 0x30, 0x31, 0x35, 0x2f, 0x41, 0x64, 0x64, 0x00, 0x00, 0x00,
  0x02, 0x00, 0x00, 0x00, 0x01, 0x00, 0x00, 0x00, 0x10, 0x00, 0x00, 0x00,
  0xa6, 0xcd, 0xff, 0xff, 0x00, 0x00, 0x00, 0x01, 0x10, 0x00, 0x00, 0x00,
  0x10, 0x00, 0x00, 0x00, 0x99, 0x00, 0x00, 0x00, 0x30, 0x00, 0x00, 0x00,
  0x18, 0xcd, 0xff, 0xff, 0x23, 0x00, 0x00, 0x00, 0x6d, 0x6f, 0x64, 0x65,
  0x6c, 0x5f, 0x38, 0x38, 0x2f, 0x74, 0x66, 0x2e, 0x6d, 0x61, 0x74, 0x68,
  0x2e, 0x6d, 0x75, 0x6c, 0x74, 0x69, 0x70, 0x6c, 0x79, 0x5f, 0x31, 0x30,
  0x36, 0x33, 0x37, 0x2f, 0x4d, 0x75, 0x6c, 0x00, 0x02, 0x00, 0x00, 0x00,
  0x01, 0x00, 0x00, 0x00, 0x10, 0x00, 0x00, 0x00, 0xf6, 0xcd, 0xff, 0xff,
  0x00, 0x00, 0x00, 0x01, 0x10, 0x00, 0x00, 0x00, 0x10, 0x00, 0x00, 0x00,
  0x98, 0x00, 0x00, 0x00, 0x2c, 0x00, 0x00, 0x00, 0x68, 0xcd, 0xff, 0xff,
  0x1f, 0x00, 0x00, 0x00, 0x6d, 0x6f, 0x64, 0x65, 0x6c, 0x5f, 0x38, 0x38,
  0x2f, 0x74, 0x66, 0x2e, 0x6d, 0x61, 0x74, 0x68, 0x2e, 0x74, 0x61, 0x6e,
  0x68, 0x5f, 0x31, 0x30, 0x31, 0x34, 0x2f, 0x54, 0x61, 0x6e, 0x68, 0x00,
  0x02, 0x00, 0x00, 0x00, 0x01, 0x00, 0x00, 0x00, 0x10, 0x00, 0x00, 0x00,
  0x42, 0xce, 0xff, 0xff, 0x00, 0x00, 0x00, 0x01, 0x10, 0x00, 0x00, 0x00,
  0x10, 0x00, 0x00, 0x00, 0x97, 0x00, 0x00, 0x00, 0x34, 0x00, 0x00, 0x00,
  0xb4, 0xcd, 0xff, 0xff, 0x25, 0x00, 0x00, 0x00, 0x6d, 0x6f, 0x64, 0x65,
  0x6c, 0x5f, 0x38, 0x38, 0x2f, 0x74, 0x66, 0x2e, 0x6d, 0x61, 0x74, 0x68,
  0x2e, 0x73, 0x69, 0x67, 0x6d, 0x6f, 0x69, 0x64, 0x5f, 0x31, 0x35, 0x32,
  0x33, 0x2f, 0x53, 0x69, 0x67, 0x6d, 0x6f, 0x69, 0x64, 0x00, 0x00, 0x00,
  0x02, 0x00, 0x00, 0x00, 0x01, 0x00, 0x00, 0x00, 0x10, 0x00, 0x00, 0x00,
  0x96, 0xce, 0xff, 0xff, 0x00, 0x00, 0x00, 0x01, 0x10, 0x00, 0x00, 0x00,
  0x10, 0x00, 0x00, 0x00, 0x96, 0x00, 0x00, 0x00, 0x30, 0x00, 0x00, 0x00,
  0x08, 0xce, 0xff, 0xff, 0x23, 0x00, 0x00, 0x00, 0x6d, 0x6f, 0x64, 0x65,
  0x6c, 0x5f, 0x38, 0x38, 0x2f, 0x74, 0x66, 0x2e, 0x6d, 0x61, 0x74, 0x68,
  0x2e, 0x6d, 0x75, 0x6c, 0x74, 0x69, 0x70, 0x6c, 0x79, 0x5f, 0x31, 0x30,
  0x36, 0x33, 0x33, 0x2f, 0x4d, 0x75, 0x6c, 0x00, 0x02, 0x00, 0x00, 0x00,
  0x01, 0x00, 0x00, 0x00, 0x10, 0x00, 0x00, 0x00, 0xe6, 0xce, 0xff, 0xff,
  0x00, 0x00, 0x00, 0x01, 0x10, 0x00, 0x00, 0x00, 0x10, 0x00, 0x00, 0x00,
  0x95, 0x00, 0x00, 0x00, 0x34, 0x00, 0x00, 0x00, 0x58, 0xce, 0xff, 0xff,
  0x25, 0x00, 0x00, 0x00, 0x6d, 0x6f, 0x64, 0x65, 0x6c, 0x5f, 0x38, 0x38,
  0x2f, 0x74, 0x66, 0x2e, 0x6d, 0x61, 0x74, 0x68, 0x2e, 0x73, 0x69, 0x67,
  0x6d, 0x6f, 0x69, 0x64, 0x5f, 0x31, 0x35, 0x32, 0x32, 0x2f, 0x53, 0x69,
  0x67, 0x6d, 0x6f, 0x69, 0x64, 0x00, 0x00, 0x00, 0x02, 0x00, 0x00, 0x00,
  0x01, 0x00, 0x00, 0x00, 0x10, 0x00, 0x00, 0x00, 0x3a, 0xcf, 0xff, 0xff,
  0x00, 0x00, 0x00, 0x01, 0x10, 0x00, 0x00, 0x00, 0x10, 0x00, 0x00, 0x00,
  0x94, 0x00, 0x00, 0x00, 0x34, 0x00, 0x00, 0x00, 0xac, 0xce, 0xff, 0xff,
  0x25, 0x00, 0x00, 0x00, 0x6d, 0x6f, 0x64, 0x65, 0x6c, 0x5f, 0x38, 0x38,
  0x2f, 0x74, 0x66, 0x2e, 0x6d, 0x61, 0x74, 0x68, 0x2e, 0x73, 0x69, 0x67,
  0x6d, 0x6f, 0x69, 0x64, 0x5f, 0x31, 0x35, 0x32, 0x31, 0x2f, 0x53, 0x69,
  0x67, 0x6d, 0x6f, 0x69, 0x64, 0x00, 0x00, 0x00, 0x02, 0x00, 0x00, 0x00,
  0x01, 0x00, 0x00, 0x00, 0x10, 0x00, 0x00, 0x00, 0x8e, 0xcf, 0xff, 0xff,
  0x00, 0x00, 0x00, 0x01, 0x10, 0x00, 0x00, 0x00, 0x10, 0x00, 0x00, 0x00,
  0x93, 0x00, 0x00, 0x00, 0x2c, 0x00, 0x00, 0x00, 0x00, 0xcf, 0xff, 0xff,
  0x1c, 0x00, 0x00, 0x00, 0x6d, 0x6f, 0x64, 0x65, 0x6c, 0x5f, 0x38, 0x38,
  0x2f, 0x74, 0x66, 0x2e, 0x73, 0x70, 0x6c, 0x69, 0x74, 0x5f, 0x35, 0x30,
  0x37, 0x2f, 0x73, 0x70, 0x6c, 0x69, 0x74, 0x33, 0x00, 0x00, 0x00, 0x00,
  0x02, 0x00, 0x00, 0x00, 0x01, 0x00, 0x00, 0x00, 0x10, 0x00, 0x00, 0x00,
  0xda, 0xcf, 0xff, 0xff, 0x00, 0x00, 0x00, 0x01, 0x10, 0x00, 0x00, 0x00,
  0x10, 0x00, 0x00, 0x00, 0x92, 0x00, 0x00, 0x00, 0x2c, 0x00, 0x00, 0x00,
  0x4c, 0xcf, 0xff, 0xff, 0x1c, 0x00, 0x00, 0x00, 0x6d, 0x6f, 0x64, 0x65,
  0x6c, 0x5f, 0x38, 0x38, 0x2f, 0x74, 0x66, 0x2e, 0x73, 0x70, 0x6c, 0x69,
  0x74, 0x5f, 0x35, 0x30, 0x37, 0x2f, 0x73, 0x70, 0x6c, 0x69, 0x74, 0x32,
  0x00, 0x00, 0x00, 0x00, 0x02, 0x00, 0x00, 0x00, 0x01, 0x00, 0x00, 0x00,
  0x10, 0x00, 0x00, 0x00, 0x26, 0xd0, 0xff, 0xff, 0x00, 0x00, 0x00, 0x01,
  0x10, 0x00, 0x00, 0x00, 0x10, 0x00, 0x00, 0x00, 0x91, 0x00, 0x00, 0x00,
  0x2c, 0x00, 0x00, 0x00, 0x98, 0xcf, 0xff, 0xff, 0x1c, 0x00, 0x00, 0x00,
  0x6d, 0x6f, 0x64, 0x65, 0x6c, 0x5f, 0x38, 0x38, 0x2f, 0x74, 0x66, 0x2e,
  0x73, 0x70, 0x6c, 0x69, 0x74, 0x5f, 0x35, 0x30, 0x37, 0x2f, 0x73, 0x70,
  0x6c, 0x69, 0x74, 0x31, 0x00, 0x00, 0x00, 0x00, 0x02, 0x00, 0x00, 0x00,
  0x01, 0x00, 0x00, 0x00, 0x10, 0x00, 0x00, 0x00, 0x72, 0xd0, 0xff, 0xff,
  0x00, 0x00, 0x00, 0x01, 0x10, 0x00, 0x00, 0x00, 0x10, 0x00, 0x00, 0x00,
  0x90, 0x00, 0x00, 0x00, 0x28, 0x00, 0x00, 0x00, 0xe4, 0xcf, 0xff, 0xff,
  0x1b, 0x00, 0x00, 0x00, 0x6d, 0x6f, 0x64, 0x65, 0x6c, 0x5f, 0x38, 0x38,
  0x2f, 0x74, 0x66, 0x2e, 0x73, 0x70, 0x6c, 0x69, 0x74, 0x5f, 0x35, 0x30,
  0x37, 0x2f, 0x73, 0x70, 0x6c, 0x69, 0x74, 0x00, 0x02, 0x00, 0x00, 0x00,
  0x01, 0x00, 0x00, 0x00, 0x10, 0x00, 0x00, 0x00, 0xba, 0xd0, 0xff, 0xff,
  0x00, 0x00, 0x00, 0x01, 0x10, 0x00, 0x00, 0x00, 0x10, 0x00, 0x00, 0x00,
  0x8f, 0x00, 0x00, 0x00, 0x2c, 0x00, 0x00, 0x00, 0x2c, 0xd0, 0xff, 0xff,
  0x1d, 0x00, 0x00, 0x00, 0x6d, 0x6f, 0x64, 0x65, 0x6c, 0x5f, 0x38, 0x38,
  0x2f, 0x74, 0x66, 0x2e, 0x6d, 0x61, 0x74, 0x68, 0x2e, 0x61, 0x64, 0x64,
  0x5f, 0x31, 0x30, 0x31, 0x34, 0x2f, 0x41, 0x64, 0x64, 0x00, 0x00, 0x00,
  0x02, 0x00, 0x00, 0x00, 0x01, 0x00, 0x00, 0x00, 0x40, 0x00, 0x00, 0x00,
  0x06, 0xd1, 0xff, 0xff, 0x00, 0x00, 0x00, 0x01, 0x10, 0x00, 0x00, 0x00,
  0x10, 0x00, 0x00, 0x00, 0x8e, 0x00, 0x00, 0x00, 0x5c, 0x00, 0x00, 0x00,
  0x78, 0xd0, 0xff, 0xff, 0x4d, 0x00, 0x00, 0x00, 0x6d, 0x6f, 0x64, 0x65,
  0x6c, 0x5f, 0x38, 0x38, 0x2f, 0x74, 0x66, 0x2e, 0x6c, 0x69, 0x6e, 0x61,
  0x6c, 0x67, 0x2e, 0x6d, 0x61, 0x74, 0x6d, 0x75, 0x6c, 0x5f, 0x39, 0x38,
  0x34, 0x2f, 0x4d, 0x61, 0x74, 0x4d, 0x75, 0x6c, 0x3b, 0x6d, 0x6f, 0x64,
  0x65, 0x6c, 0x5f, 0x38, 0x38, 0x2f, 0x74, 0x66, 0x2e, 0x5f, 0x5f, 0x6f,
  0x70, 0x65, 0x72, 0x61, 0x74, 0x6f, 0x72, 0x73, 0x5f, 0x5f, 0x2e, 0x61,
  0x64, 0x64, 0x5f, 0x31, 0x35, 0x34, 0x32, 0x2f, 0x41, 0x64, 0x64, 0x56,
  0x32, 0x00, 0x00, 0x00, 0x02, 0x00, 0x00, 0x00, 0x01, 0x00, 0x00, 0x00,
  0x40, 0x00, 0x00, 0x00, 0x82, 0xd1, 0xff, 0xff, 0x00, 0x00, 0x00, 0x01,
  0x10, 0x00, 0x00, 0x00, 0x10, 0x00, 0x00, 0x00, 0x8d, 0x00, 0x00, 0x00,
  0x30, 0x00, 0x00, 0x00, 0xf4, 0xd0, 0xff, 0xff, 0x23, 0x00, 0x00, 0x00,
  0x6d, 0x6f, 0x64, 0x65, 0x6c, 0x5f, 0x38, 0x38, 0x2f, 0x74, 0x66, 0x2e,
  0x6d, 0x61, 0x74, 0x68, 0x2e, 0x6d, 0x75, 0x6c, 0x74, 0x69, 0x70, 0x6c,
  0x79, 0x5f, 0x31, 0x30, 0x36, 0x32, 0x35, 0x2f, 0x4d, 0x75, 0x6c, 0x00,
  0x02, 0x00, 0x00, 0x00, 0x01, 0x00, 0x00, 0x00, 0x10, 0x00, 0x00, 0x00,
  0xd2, 0xd1, 0xff, 0xff, 0x00, 0x00, 0x00, 0x01, 0x10, 0x00, 0x00, 0x00,
  0x10, 0x00, 0x00, 0x00, 0x8c, 0x00, 0x00, 0x00, 0x2c, 0x00, 0x00, 0x00,
  0x44, 0xd1, 0xff, 0xff, 0x1f, 0x00, 0x00, 0x00, 0x6d, 0x6f, 0x64, 0x65,
  0x6c, 0x5f, 0x38, 0x38, 0x2f, 0x74, 0x66, 0x2e, 0x6d, 0x61, 0x74, 0x68,
  0x2e, 0x74, 0x61, 0x6e, 0x68, 0x5f, 0x31, 0x30, 0x31, 0x33, 0x2f, 0x54,
  0x61, 0x6e, 0x68, 0x00, 0x02, 0x00, 0x00, 0x00, 0x01, 0x00, 0x00, 0x00,
  0x10, 0x00, 0x00, 0x00, 0x1e, 0xd2, 0xff, 0xff, 0x00, 0x00, 0x00, 0x01,
  0x10, 0x00, 0x00, 0x00, 0x10, 0x00, 0x00, 0x00, 0x8b, 0x00, 0x00, 0x00,
  0x2c, 0x00, 0x00, 0x00, 0x90, 0xd1, 0xff, 0xff, 0x1d, 0x00, 0x00, 0x00,
  0x6d, 0x6f, 0x64, 0x65, 0x6c, 0x5f, 0x38, 0x38, 0x2f, 0x74, 0x66, 0x2e,
  0x6d, 0x61, 0x74, 0x68, 0x2e, 0x61, 0x64, 0x64, 0x5f, 0x31, 0x30, 0x31,
  0x33, 0x2f, 0x41, 0x64, 0x64, 0x00, 0x00, 0x00, 0x02, 0x00, 0x00, 0x00,
  0x01, 0x00, 0x00, 0x00, 0x10, 0x00, 0x00, 0x00, 0x6a, 0xd2, 0xff, 0xff,
  0x00, 0x00, 0x00, 0x01, 0x10, 0x00, 0x00, 0x00, 0x10, 0x00, 0x00, 0x00,
  0x8a, 0x00, 0x00, 0x00, 0x30, 0x00, 0x00, 0x00, 0xdc, 0xd1, 0xff, 0xff,
  0x23, 0x00, 0x00, 0x00, 0x6d, 0x6f, 0x64, 0x65, 0x6c, 0x5f, 0x38, 0x38,
  0x2f, 0x74, 0x66, 0x2e, 0x6d, 0x61, 0x74, 0x68, 0x2e, 0x6d, 0x75, 0x6c,
  0x74, 0x69, 0x70, 0x6c, 0x79, 0x5f, 0x31, 0x30, 0x36, 0x31, 0x38, 0x2f,
  0x4d, 0x75, 0x6c, 0x00, 0x02, 0x00, 0x00, 0x00, 0x01, 0x00, 0x00, 0x00,
  0x10, 0x00, 0x00, 0x00, 0xba, 0xd2, 0xff, 0xff, 0x00, 0x00, 0x00, 0x01,
  0x10, 0x00, 0x00, 0x00, 0x10, 0x00, 0x00, 0x00, 0x89, 0x00, 0x00, 0x00,
  0x2c, 0x00, 0x00, 0x00, 0x2c, 0xd2, 0xff, 0xff, 0x1f, 0x00, 0x00, 0x00,
  0x6d, 0x6f, 0x64, 0x65, 0x6c, 0x5f, 0x38, 0x38, 0x2f, 0x74, 0x66, 0x2e,
  0x6d, 0x61, 0x74, 0x68, 0x2e, 0x74, 0x61, 0x6e, 0x68, 0x5f, 0x31, 0x30,
  0x31, 0x32, 0x2f, 0x54, 0x61, 0x6e, 0x68, 0x00, 0x02, 0x00, 0x00, 0x00,
  0x01, 0x00, 0x00, 0x00, 0x10, 0x00, 0x00, 0x00, 0x06, 0xd3, 0xff, 0xff,
  0x00, 0x00, 0x00, 0x01, 0x10, 0x00, 0x00, 0x00, 0x10, 0x00, 0x00, 0x00,
  0x88, 0x00, 0x00, 0x00, 0x34, 0x00, 0x00, 0x00, 0x78, 0xd2, 0xff, 0xff,
  0x25, 0x00, 0x00, 0x00, 0x6d, 0x6f, 0x64, 0x65, 0x6c, 0x5f, 0x38, 0x38,
  0x2f, 0x74, 0x66, 0x2e, 0x6d, 0x61, 0x74, 0x68, 0x2e, 0x73, 0x69, 0x67,
  0x6d, 0x6f, 0x69, 0x64, 0x5f, 0x31, 0x35, 0x32, 0x30, 0x2f, 0x53, 0x69,
  0x67, 0x6d, 0x6f, 0x69, 0x64, 0x00, 0x00, 0x00, 0x02, 0x00, 0x00, 0x00,
  0x01, 0x00, 0x00, 0x00, 0x10, 0x00, 0x00, 0x00, 0x5a, 0xd3, 0xff, 0xff,
  0x00, 0x00, 0x00, 0x01, 0x10, 0x00, 0x00, 0x00, 0x10, 0x00, 0x00, 0x00,
  0x87, 0x00, 0x00, 0x00, 0x30, 0x00, 0x00, 0x00, 0xcc, 0xd2, 0xff, 0xff,
  0x23, 0x00, 0x00, 0x00, 0x6d, 0x6f, 0x64, 0x65, 0x6c, 0x5f, 0x38, 0x38,
  0x2f, 0x74, 0x66, 0x2e, 0x6d, 0x61, 0x74, 0x68, 0x2e, 0x6d, 0x75, 0x6c,
  0x74, 0x69, 0x70, 0x6c, 0x79, 0x5f, 0x31, 0x30, 0x36, 0x31, 0x34, 0x2f,
  0x4d, 0x75, 0x6c, 0x00, 0x02, 0x00, 0x00, 0x00, 0x01, 0x00, 0x00, 0x00,
  0x10, 0x00, 0x00, 0x00, 0xaa, 0xd3, 0xff, 0xff, 0x00, 0x00, 0x00, 0x01,
  0x10, 0x00, 0x00, 0x00, 0x10, 0x00, 0x00, 0x00, 0x86, 0x00, 0x00, 0x00,
  0x34, 0x00, 0x00, 0x00, 0x1c, 0xd3, 0xff, 0xff, 0x25, 0x00, 0x00, 0x00,
  0x6d, 0x6f, 0x64, 0x65, 0x6c, 0x5f, 0x38, 0x38, 0x2f, 0x74, 0x66, 0x2e,
  0x6d, 0x61, 0x74, 0x68, 0x2e, 0x73, 0x69, 0x67, 0x6d, 0x6f, 0x69, 0x64,
  0x5f, 0x31, 0x35, 0x31, 0x39, 0x2f, 0x53, 0x69, 0x67, 0x6d, 0x6f, 0x69,
  0x64, 0x00, 0x00, 0x00, 0x02, 0x00, 0x00, 0x00, 0x01, 0x00, 0x00, 0x00,
  0x10, 0x00, 0x00, 0x00, 0xfe, 0xd3, 0xff, 0xff, 0x00, 0x00, 0x00, 0x01,
  0x10, 0x00, 0x00, 0x00, 0x10, 0x00, 0x00, 0x00, 0x85, 0x00, 0x00, 0x00,
  0x34, 0x00, 0x00, 0x00, 0x70, 0xd3, 0xff, 0xff, 0x25, 0x00, 0x00, 0x00,
  0x6d, 0x6f, 0x64, 0x65, 0x6c, 0x5f, 0x38, 0x38, 0x2f, 0x74, 0x66, 0x2e,
  0x6d, 0x61, 0x74, 0x68, 0x2e, 0x73, 0x69, 0x67, 0x6d, 0x6f, 0x69, 0x64,
  0x5f, 0x31, 0x35, 0x31, 0x38, 0x2f, 0x53, 0x69, 0x67, 0x6d, 0x6f, 0x69,
  0x64, 0x00, 0x00, 0x00, 0x02, 0x00, 0x00, 0x00, 0x01, 0x00, 0x00, 0x00,
  0x10, 0x00, 0x00, 0x00, 0x52, 0xd4, 0xff, 0xff, 0x00, 0x00, 0x00, 0x01,
  0x10, 0x00, 0x00, 0x00, 0x10, 0x00, 0x00, 0x00, 0x84, 0x00, 0x00, 0x00,
  0x2c, 0x00, 0x00, 0x00, 0xc4, 0xd3, 0xff, 0xff, 0x1c, 0x00, 0x00, 0x00,
  0x6d, 0x6f, 0x64, 0x65, 0x6c, 0x5f, 0x38, 0x38, 0x2f, 0x74, 0x66, 0x2e,
  0x73, 0x70, 0x6c, 0x69, 0x74, 0x5f, 0x35, 0x30, 0x36, 0x2f, 0x73, 0x70,
  0x6c, 0x69, 0x74, 0x33, 0x00, 0x00, 0x00, 0x00, 0x02, 0x00, 0x00, 0x00,
  0x01, 0x00, 0x00, 0x00, 0x10, 0x00, 0x00, 0x00, 0x9e, 0xd4, 0xff, 0xff,
  0x00, 0x00, 0x00, 0x01, 0x10, 0x00, 0x00, 0x00, 0x10, 0x00, 0x00, 0x00,
  0x83, 0x00, 0x00, 0x00, 0x2c, 0x00, 0x00, 0x00, 0x10, 0xd4, 0xff, 0xff,
  0x1c, 0x00, 0x00, 0x00, 0x6d, 0x6f, 0x64, 0x65, 0x6c, 0x5f, 0x38, 0x38,
  0x2f, 0x74, 0x66, 0x2e, 0x73, 0x70, 0x6c, 0x69, 0x74, 0x5f, 0x35, 0x30,
  0x36, 0x2f, 0x73, 0x70, 0x6c, 0x69, 0x74, 0x32, 0x00, 0x00, 0x00, 0x00,
  0x02, 0x00, 0x00, 0x00, 0x01, 0x00, 0x00, 0x00, 0x10, 0x00, 0x00, 0x00,
  0xea, 0xd4, 0xff, 0xff, 0x00, 0x00, 0x00, 0x01, 0x10, 0x00, 0x00, 0x00,
  0x10, 0x00, 0x00, 0x00, 0x82, 0x00, 0x00, 0x00, 0x2c, 0x00, 0x00, 0x00,
  0x5c, 0xd4, 0xff, 0xff, 0x1c, 0x00, 0x00, 0x00, 0x6d, 0x6f, 0x64, 0x65,
  0x6c, 0x5f, 0x38, 0x38, 0x2f, 0x74, 0x66, 0x2e, 0x73, 0x70, 0x6c, 0x69,
  0x74, 0x5f, 0x35, 0x30, 0x36, 0x2f, 0x73, 0x70, 0x6c, 0x69, 0x74, 0x31,
  0x00, 0x00, 0x00, 0x00, 0x02, 0x00, 0x00, 0x00, 0x01, 0x00, 0x00, 0x00,
  0x10, 0x00, 0x00, 0x00, 0x36, 0xd5, 0xff, 0xff, 0x00, 0x00, 0x00, 0x01,
  0x10, 0x00, 0x00, 0x00, 0x10, 0x00, 0x00, 0x00, 0x81, 0x00, 0x00, 0x00,
  0x28, 0x00, 0x00, 0x00, 0xa8, 0xd4, 0xff, 0xff, 0x1b, 0x00, 0x00, 0x00,
  0x6d, 0x6f, 0x64, 0x65, 0x6c, 0x5f, 0x38, 0x38, 0x2f, 0x74, 0x66, 0x2e,
  0x73, 0x70, 0x6c, 0x69, 0x74, 0x5f, 0x35, 0x30, 0x36, 0x2f, 0x73, 0x70,
  0x6c, 0x69, 0x74, 0x00, 0x02, 0x00, 0x00, 0x00, 0x01, 0x00, 0x00, 0x00,
  0x10, 0x00, 0x00, 0x00, 0x7e, 0xd5, 0xff, 0xff, 0x00, 0x00, 0x00, 0x01,
  0x10, 0x00, 0x00, 0x00, 0x10, 0x00, 0x00, 0x00, 0x80, 0x00, 0x00, 0x00,
  0x2c, 0x00, 0x00, 0x00, 0xf0, 0xd4, 0xff, 0xff, 0x1d, 0x00, 0x00, 0x00,
  0x6d, 0x6f, 0x64, 0x65, 0x6c, 0x5f, 0x38, 0x38, 0x2f, 0x74, 0x66, 0x2e,
  0x6d, 0x61, 0x74, 0x68, 0x2e, 0x61, 0x64, 0x64, 0x5f, 0x31, 0x30, 0x31,
  0x32, 0x2f, 0x41, 0x64, 0x64, 0x00, 0x00, 0x00, 0x02, 0x00, 0x00, 0x00,
  0x01, 0x00, 0x00, 0x00, 0x40, 0x00, 0x00, 0x00, 0xca, 0xd5, 0xff, 0xff,
  0x00, 0x00, 0x00, 0x01, 0x10, 0x00, 0x00, 0x00, 0x10, 0x00, 0x00, 0x00,
  0x7f, 0x00, 0x00, 0x00, 0x5c, 0x00, 0x00, 0x00, 0x3c, 0xd5, 0xff, 0xff,
  0x4d, 0x00, 0x00, 0x00, 0x6d, 0x6f, 0x64, 0x65, 0x6c, 0x5f, 0x38, 0x38,
  0x2f, 0x74, 0x66, 0x2e, 0x6c, 0x69, 0x6e, 0x61, 0x6c, 0x67, 0x2e, 0x6d,
  0x61, 0x74, 0x6d, 0x75, 0x6c, 0x5f, 0x39, 0x38, 0x33, 0x2f, 0x4d, 0x61,
  0x74, 0x4d, 0x75, 0x6c, 0x3b, 0x6d, 0x6f, 0x64, 0x65, 0x6c, 0x5f, 0x38,
  0x38, 0x2f, 0x74, 0x66, 0x2e, 0x5f, 0x5f, 0x6f, 0x70, 0x65, 0x72, 0x61,
  0x74, 0x6f, 0x72, 0x73, 0x5f, 0x5f, 0x2e, 0x61, 0x64, 0x64, 0x5f, 0x31,
  0x35, 0x34, 0x31, 0x2f, 0x41, 0x64, 0x64, 0x56, 0x32, 0x00, 0x00, 0x00,
  0x02, 0x00, 0x00, 0x00, 0x01, 0x00, 0x00, 0x00, 0x40, 0x00, 0x00, 0x00,
  0x46, 0xd6, 0xff, 0xff, 0x00, 0x00, 0x00, 0x01, 0x10, 0x00, 0x00, 0x00,
  0x10, 0x00, 0x00, 0x00, 0x7e, 0x00, 0x00, 0x00, 0x30, 0x00, 0x00, 0x00,
  0xb8, 0xd5, 0xff, 0xff, 0x23, 0x00, 0x00, 0x00, 0x6d, 0x6f, 0x64, 0x65,
  0x6c, 0x5f, 0x38, 0x38, 0x2f, 0x74, 0x66, 0x2e, 0x6d, 0x61, 0x74, 0x68,
  0x2e, 0x6d, 0x75, 0x6c, 0x74, 0x69, 0x70, 0x6c, 0x79, 0x5f, 0x31, 0x30,
  0x36, 0x30, 0x36, 0x2f, 0x4d, 0x75, 0x6c, 0x00, 0x02, 0x00, 0x00, 0x00,
  0x01, 0x00, 0x00, 0x00, 0x10, 0x00, 0x00, 0x00, 0x96, 0xd6, 0xff, 0xff,
  0x00, 0x00, 0x00, 0x01, 0x10, 0x00, 0x00, 0x00, 0x10, 0x00, 0x00, 0x00,
  0x7d, 0x00, 0x00, 0x00, 0x2c, 0x00, 0x00, 0x00, 0x08, 0xd6, 0xff, 0xff,
  0x1f, 0x00, 0x00, 0x00, 0x6d, 0x6f, 0x64, 0x65, 0x6c, 0x5f, 0x38, 0x38,
  0x2f, 0x74, 0x66, 0x2e, 0x6d, 0x61, 0x74, 0x68, 0x2e, 0x74, 0x61, 0x6e,
  0x68, 0x5f, 0x31, 0x30, 0x31, 0x31, 0x2f, 0x54, 0x61, 0x6e, 0x68, 0x00,
  0x02, 0x00, 0x00, 0x00, 0x01, 0x00, 0x00, 0x00, 0x10, 0x00, 0x00, 0x00,
  0xe2, 0xd6, 0xff, 0xff, 0x00, 0x00, 0x00, 0x01, 0x10, 0x00, 0x00, 0x00,
  0x10, 0x00, 0x00, 0x00, 0x7c, 0x00, 0x00, 0x00, 0x2c, 0x00, 0x00, 0x00,
  0x54, 0xd6, 0xff, 0xff, 0x1d, 0x00, 0x00, 0x00, 0x6d, 0x6f, 0x64, 0x65,
  0x6c, 0x5f, 0x38, 0x38, 0x2f, 0x74, 0x66, 0x2e, 0x6d, 0x61, 0x74, 0x68,
  0x2e, 0x61, 0x64, 0x64, 0x5f, 0x31, 0x30, 0x31, 0x31, 0x2f, 0x41, 0x64,
  0x64, 0x00, 0x00, 0x00, 0x02, 0x00, 0x00, 0x00, 0x01, 0x00, 0x00, 0x00,
  0x10, 0x00, 0x00, 0x00, 0x2e, 0xd7, 0xff, 0xff, 0x00, 0x00, 0x00, 0x01,
  0x10, 0x00, 0x00, 0x00, 0x10, 0x00, 0x00, 0x00, 0x7b, 0x00, 0x00, 0x00,
  0x30, 0x00, 0x00, 0x00, 0xa0, 0xd6, 0xff, 0xff, 0x23, 0x00, 0x00, 0x00,
  0x6d, 0x6f, 0x64, 0x65, 0x6c, 0x5f, 0x38, 0x38, 0x2f, 0x74, 0x66, 0x2e,
  0x6d, 0x61, 0x74, 0x68, 0x2e, 0x6d, 0x75, 0x6c, 0x74, 0x69, 0x70, 0x6c,
  0x79, 0x5f, 0x31, 0x30, 0x35, 0x39, 0x39, 0x2f, 0x4d, 0x75, 0x6c, 0x00,
  0x02, 0x00, 0x00, 0x00, 0x01, 0x00, 0x00, 0x00, 0x10, 0x00, 0x00, 0x00,
  0x7e, 0xd7, 0xff, 0xff, 0x00, 0x00, 0x00, 0x01, 0x10, 0x00, 0x00, 0x00,
  0x10, 0x00, 0x00, 0x00, 0x7a, 0x00, 0x00, 0x00, 0x2c, 0x00, 0x00, 0x00,
  0xf0, 0xd6, 0xff, 0xff, 0x1f, 0x00, 0x00, 0x00, 0x6d, 0x6f, 0x64, 0x65,
  0x6c, 0x5f, 0x38, 0x38, 0x2f, 0x74, 0x66, 0x2e, 0x6d, 0x61, 0x74, 0x68,
  0x2e, 0x74, 0x61, 0x6e, 0x68, 0x5f, 0x31, 0x30, 0x31, 0x30, 0x2f, 0x54,
  0x61, 0x6e, 0x68, 0x00, 0x02, 0x00, 0x00, 0x00, 0x01, 0x00, 0x00, 0x00,
  0x10, 0x00, 0x00, 0x00, 0xca, 0xd7, 0xff, 0xff, 0x00, 0x00, 0x00, 0x01,
  0x10, 0x00, 0x00, 0x00, 0x10, 0x00, 0x00, 0x00, 0x79, 0x00, 0x00, 0x00,
  0x34, 0x00, 0x00, 0x00, 0x3c, 0xd7, 0xff, 0xff, 0x25, 0x00, 0x00, 0x00,
  0x6d, 0x6f, 0x64, 0x65, 0x6c, 0x5f, 0x38, 0x38, 0x2f, 0x74, 0x66, 0x2e,
  0x6d, 0x61, 0x74, 0x68, 0x2e, 0x73, 0x69, 0x67, 0x6d, 0x6f, 0x69, 0x64,
  0x5f, 0x31, 0x35, 0x31, 0x37, 0x2f, 0x53, 0x69, 0x67, 0x6d, 0x6f, 0x69,
  0x64, 0x00, 0x00, 0x00, 0x02, 0x00, 0x00, 0x00, 0x01, 0x00, 0x00, 0x00,
  0x10, 0x00, 0x00, 0x00, 0x1e, 0xd8, 0xff, 0xff, 0x00, 0x00, 0x00, 0x01,
  0x10, 0x00, 0x00, 0x00, 0x10, 0x00, 0x00, 0x00, 0x78, 0x00, 0x00, 0x00,
  0x30, 0x00, 0x00, 0x00, 0x90, 0xd7, 0xff, 0xff, 0x23, 0x00, 0x00, 0x00,
  0x6d, 0x6f, 0x64, 0x65, 0x6c, 0x5f, 0x38, 0x38, 0x2f, 0x74, 0x66, 0x2e,
  0x6d, 0x61, 0x74, 0x68, 0x2e, 0x6d, 0x75, 0x6c, 0x74, 0x69, 0x70, 0x6c,
  0x79, 0x5f, 0x31, 0x30, 0x35, 0x39, 0x35, 0x2f, 0x4d, 0x75, 0x6c, 0x00,
  0x02, 0x00, 0x00, 0x00, 0x01, 0x00, 0x00, 0x00, 0x10, 0x00, 0x00, 0x00,
  0x6e, 0xd8, 0xff, 0xff, 0x00, 0x00, 0x00, 0x01, 0x10, 0x00, 0x00, 0x00,
  0x10, 0x00, 0x00, 0x00, 0x77, 0x00, 0x00, 0x00, 0x34, 0x00, 0x00, 0x00,
  0xe0, 0xd7, 0xff, 0xff, 0x25, 0x00, 0x00, 0x00, 0x6d, 0x6f, 0x64, 0x65,
  0x6c, 0x5f, 0x38, 0x38, 0x2f, 0x74, 0x66, 0x2e, 0x6d, 0x61, 0x74, 0x68,
  0x2e, 0x73, 0x69, 0x67, 0x6d, 0x6f, 0x69, 0x64, 0x5f, 0x31, 0x35, 0x31,
  0x36, 0x2f, 0x53, 0x69, 0x67, 0x6d, 0x6f, 0x69, 0x64, 0x00, 0x00, 0x00,
  0x02, 0x00, 0x00, 0x00, 0x01, 0x00, 0x00, 0x00, 0x10, 0x00, 0x00, 0x00,
  0xc2, 0xd8, 0xff, 0xff, 0x00, 0x00, 0x00, 0x01, 0x10, 0x00, 0x00, 0x00,
  0x10, 0x00, 0x00, 0x00, 0x76, 0x00, 0x00, 0x00, 0x34, 0x00, 0x00, 0x00,
  0x34, 0xd8, 0xff, 0xff, 0x25, 0x00, 0x00, 0x00, 0x6d, 0x6f, 0x64, 0x65,
  0x6c, 0x5f, 0x38, 0x38, 0x2f, 0x74, 0x66, 0x2e, 0x6d, 0x61, 0x74, 0x68,
  0x2e, 0x73, 0x69, 0x67, 0x6d, 0x6f, 0x69, 0x64, 0x5f, 0x31, 0x35, 0x31,
  0x35, 0x2f, 0x53, 0x69, 0x67, 0x6d, 0x6f, 0x69, 0x64, 0x00, 0x00, 0x00,
  0x02, 0x00, 0x00, 0x00, 0x01, 0x00, 0x00, 0x00, 0x10, 0x00, 0x00, 0x00,
  0x16, 0xd9, 0xff, 0xff, 0x00, 0x00, 0x00, 0x01, 0x10, 0x00, 0x00, 0x00,
  0x10, 0x00, 0x00, 0x00, 0x75, 0x00, 0x00, 0x00, 0x2c, 0x00, 0x00, 0x00,
  0x88, 0xd8, 0xff, 0xff, 0x1c, 0x00, 0x00, 0x00, 0x6d, 0x6f, 0x64, 0x65,
  0x6c, 0x5f, 0x38, 0x38, 0x2f, 0x74, 0x66, 0x2e, 0x73, 0x70, 0x6c, 0x69,
  0x74, 0x5f, 0x35, 0x30, 0x35, 0x2f, 0x73, 0x70, 0x6c, 0x69, 0x74, 0x33,
  0x00, 0x00, 0x00, 0x00, 0x02, 0x00, 0x00, 0x00, 0x01, 0x00, 0x00, 0x00,
  0x10, 0x00, 0x00, 0x00, 0x62, 0xd9, 0xff, 0xff, 0x00, 0x00, 0x00, 0x01,
  0x10, 0x00, 0x00, 0x00, 0x10, 0x00, 0x00, 0x00, 0x74, 0x00, 0x00, 0x00,
  0x2c, 0x00, 0x00, 0x00, 0xd4, 0xd8, 0xff, 0xff, 0x1c, 0x00, 0x00, 0x00,
  0x6d, 0x6f, 0x64, 0x65, 0x6c, 0x5f, 0x38, 0x38, 0x2f, 0x74, 0x66, 0x2e,
  0x73, 0x70, 0x6c, 0x69, 0x74, 0x5f, 0x35, 0x30, 0x35, 0x2f, 0x73, 0x70,
  0x6c, 0x69, 0x74, 0x32, 0x00, 0x00, 0x00, 0x00, 0x02, 0x00, 0x00, 0x00,
  0x01, 0x00, 0x00, 0x00, 0x10, 0x00, 0x00, 0x00, 0xae, 0xd9, 0xff, 0xff,
  0x00, 0x00, 0x00, 0x01, 0x10, 0x00, 0x00, 0x00, 0x10, 0x00, 0x00, 0x00,
  0x73, 0x00, 0x00, 0x00, 0x2c, 0x00, 0x00, 0x00, 0x20, 0xd9, 0xff, 0xff,
  0x1c, 0x00, 0x00, 0x00, 0x6d, 0x6f, 0x64, 0x65, 0x6c, 0x5f, 0x38, 0x38,
  0x2f, 0x74, 0x66, 0x2e, 0x73, 0x70, 0x6c, 0x69, 0x74, 0x5f, 0x35, 0x30,
  0x35, 0x2f, 0x73, 0x70, 0x6c, 0x69, 0x74, 0x31, 0x00, 0x00, 0x00, 0x00,
  0x02, 0x00, 0x00, 0x00, 0x01, 0x00, 0x00, 0x00, 0x10, 0x00, 0x00, 0x00,
  0xfa, 0xd9, 0xff, 0xff, 0x00, 0x00, 0x00, 0x01, 0x10, 0x00, 0x00, 0x00,
  0x10, 0x00, 0x00, 0x00, 0x72, 0x00, 0x00, 0x00, 0x28, 0x00, 0x00, 0x00,
  0x6c, 0xd9, 0xff, 0xff, 0x1b, 0x00, 0x00, 0x00, 0x6d, 0x6f, 0x64, 0x65,
  0x6c, 0x5f, 0x38, 0x38, 0x2f, 0x74, 0x66, 0x2e, 0x73, 0x70, 0x6c, 0x69,
  0x74, 0x5f, 0x35, 0x30, 0x35, 0x2f, 0x73, 0x70, 0x6c, 0x69, 0x74, 0x00,
  0x02, 0x00, 0x00, 0x00, 0x01, 0x00, 0x00, 0x00, 0x10, 0x00, 0x00, 0x00,
  0x42, 0xda, 0xff, 0xff, 0x00, 0x00, 0x00, 0x01, 0x10, 0x00, 0x00, 0x00,
  0x10, 0x00, 0x00, 0x00, 0x71, 0x00, 0x00, 0x00, 0x2c, 0x00, 0x00, 0x00,
  0xb4, 0xd9, 0xff, 0xff, 0x1d, 0x00, 0x00, 0x00, 0x6d, 0x6f, 0x64, 0x65,
  0x6c, 0x5f, 0x38, 0x38, 0x2f, 0x74, 0x66, 0x2e, 0x6d, 0x61, 0x74, 0x68,
  0x2e, 0x61, 0x64, 0x64, 0x5f, 0x31, 0x30, 0x31, 0x30, 0x2f, 0x41, 0x64,
  0x64, 0x00, 0x00, 0x00, 0x02, 0x00, 0x00, 0x00, 0x01, 0x00, 0x00, 0x00,
  0x40, 0x00, 0x00, 0x00, 0x8e, 0xda, 0xff, 0xff, 0x00, 0x00, 0x00, 0x01,
  0x10, 0x00, 0x00, 0x00, 0x10, 0x00, 0x00, 0x00, 0x70, 0x00, 0x00, 0x00,
  0x5c, 0x00, 0x00, 0x00, 0x00, 0xda, 0xff, 0xff, 0x4d, 0x00, 0x00, 0x00,
  0x6d, 0x6f, 0x64, 0x65, 0x6c, 0x5f, 0x38, 0x38, 0x2f, 0x74, 0x66, 0x2e,
  0x6c, 0x69, 0x6e, 0x61, 0x6c, 0x67, 0x2e, 0x6d, 0x61, 0x74, 0x6d, 0x75,
  0x6c, 0x5f, 0x39, 0x38, 0x32, 0x2f, 0x4d, 0x61, 0x74, 0x4d, 0x75, 0x6c,
  0x3b, 0x6d, 0x6f, 0x64, 0x65, 0x6c, 0x5f, 0x38, 0x38, 0x2f, 0x74, 0x66,
  0x2e, 0x5f, 0x5f, 0x6f, 0x70, 0x65, 0x72, 0x61, 0x74, 0x6f, 0x72, 0x73,
  0x5f, 0x5f, 0x2e, 0x61, 0x64, 0x64, 0x5f, 0x31, 0x35, 0x34, 0x30, 0x2f,
  0x41, 0x64, 0x64, 0x56, 0x32, 0x00, 0x00, 0x00, 0x02, 0x00, 0x00, 0x00,
  0x01, 0x00, 0x00, 0x00, 0x40, 0x00, 0x00, 0x00, 0x0a, 0xdb, 0xff, 0xff,
  0x00, 0x00, 0x00, 0x01, 0x10, 0x00, 0x00, 0x00, 0x10, 0x00, 0x00, 0x00,
  0x6f, 0x00, 0x00, 0x00, 0x30, 0x00, 0x00, 0x00, 0x7c, 0xda, 0xff, 0xff,
  0x23, 0x00, 0x00, 0x00, 0x6d, 0x6f, 0x64, 0x65, 0x6c, 0x5f, 0x38, 0x38,
  0x2f, 0x74, 0x66, 0x2e, 0x6d, 0x61, 0x74, 0x68, 0x2e, 0x6d, 0x75, 0x6c,
  0x74, 0x69, 0x70, 0x6c, 0x79, 0x5f, 0x31, 0x30, 0x35, 0x38, 0x37, 0x2f,
  0x4d, 0x75, 0x6c, 0x00, 0x02, 0x00, 0x00, 0x00, 0x01, 0x00, 0x00, 0x00,
  0x10, 0x00, 0x00, 0x00, 0x5a, 0xdb, 0xff, 0xff, 0x00, 0x00, 0x00, 0x01,
  0x10, 0x00, 0x00, 0x00, 0x10, 0x00, 0x00, 0x00, 0x6e, 0x00, 0x00, 0x00,
  0x2c, 0x00, 0x00, 0x00, 0xcc, 0xda, 0xff, 0xff, 0x1f, 0x00, 0x00, 0x00,
  0x6d, 0x6f, 0x64, 0x65, 0x6c, 0x5f, 0x38, 0x38, 0x2f, 0x74, 0x66, 0x2e,
  0x6d, 0x61, 0x74, 0x68, 0x2e, 0x74, 0x61, 0x6e, 0x68, 0x5f, 0x31, 0x30,
  0x30, 0x39, 0x2f, 0x54, 0x61, 0x6e, 0x68, 0x00, 0x02, 0x00, 0x00, 0x00,
  0x01, 0x00, 0x00, 0x00, 0x10, 0x00, 0x00, 0x00, 0xa6, 0xdb, 0xff, 0xff,
  0x00, 0x00, 0x00, 0x01, 0x10, 0x00, 0x00, 0x00, 0x10, 0x00, 0x00, 0x00,
  0x6d, 0x00, 0x00, 0x00, 0x2c, 0x00, 0x00, 0x00, 0x18, 0xdb, 0xff, 0xff,
  0x1d, 0x00, 0x00, 0x00, 0x6d, 0x6f, 0x64, 0x65, 0x6c, 0x5f, 0x38, 0x38,
  0x2f, 0x74, 0x66, 0x2e, 0x6d, 0x61, 0x74, 0x68, 0x2e, 0x61, 0x64, 0x64,
  0x5f, 0x31, 0x30, 0x30, 0x39, 0x2f, 0x41, 0x64, 0x64, 0x00, 0x00, 0x00,
  0x02, 0x00, 0x00, 0x00, 0x01, 0x00, 0x00, 0x00, 0x10, 0x00, 0x00, 0x00,
  0xf2, 0xdb, 0xff, 0xff, 0x00, 0x00, 0x00, 0x01, 0x10, 0x00, 0x00, 0x00,
  0x10, 0x00, 0x00, 0x00, 0x6c, 0x00, 0x00, 0x00, 0x30, 0x00, 0x00, 0x00,
  0x64, 0xdb, 0xff, 0xff, 0x23, 0x00, 0x00, 0x00, 0x6d, 0x6f, 0x64, 0x65,
  0x6c, 0x5f, 0x38, 0x38, 0x2f, 0x74, 0x66, 0x2e, 0x6d, 0x61, 0x74, 0x68,
  0x2e, 0x6d, 0x75, 0x6c, 0x74, 0x69, 0x70, 0x6c, 0x79, 0x5f, 0x31, 0x30,
  0x35, 0x38, 0x30, 0x2f, 0x4d, 0x75, 0x6c, 0x00, 0x02, 0x00, 0x00, 0x00,
  0x01, 0x00, 0x00, 0x00, 0x10, 0x00, 0x00, 0x00, 0x42, 0xdc, 0xff, 0xff,
  0x00, 0x00, 0x00, 0x01, 0x10, 0x00, 0x00, 0x00, 0x10, 0x00, 0x00, 0x00,
  0x6b, 0x00, 0x00, 0x00, 0x2c, 0x00, 0x00, 0x00, 0xb4, 0xdb, 0xff, 0xff,
  0x1f, 0x00, 0x00, 0x00, 0x6d, 0x6f, 0x64, 0x65, 0x6c, 0x5f, 0x38, 0x38,
  0x2f, 0x74, 0x66, 0x2e, 0x6d, 0x61, 0x74, 0x68, 0x2e, 0x74, 0x61, 0x6e,
  0x68, 0x5f, 0x31, 0x30, 0x30, 0x38, 0x2f, 0x54, 0x61, 0x6e, 0x68, 0x00,
  0x02, 0x00, 0x00, 0x00, 0x01, 0x00, 0x00, 0x00, 0x10, 0x00, 0x00, 0x00,
  0x8e, 0xdc, 0xff, 0xff, 0x00, 0x00, 0x00, 0x01, 0x10, 0x00, 0x00, 0x00,
  0x10, 0x00, 0x00, 0x00, 0x6a, 0x00, 0x00, 0x00, 0x34, 0x00, 0x00, 0x00,
  0x00, 0xdc, 0xff, 0xff, 0x25, 0x00, 0x00, 0x00, 0x6d, 0x6f, 0x64, 0x65,
  0x6c, 0x5f, 0x38, 0x38, 0x2f, 0x74, 0x66, 0x2e, 0x6d, 0x61, 0x74, 0x68,
  0x2e, 0x73, 0x69, 0x67, 0x6d, 0x6f, 0x69, 0x64, 0x5f, 0x31, 0x35, 0x31,
  0x34, 0x2f, 0x53, 0x69, 0x67, 0x6d, 0x6f, 0x69, 0x64, 0x00, 0x00, 0x00,
  0x02, 0x00, 0x00, 0x00, 0x01, 0x00, 0x00, 0x00, 0x10, 0x00, 0x00, 0x00,
  0xe2, 0xdc, 0xff, 0xff, 0x00, 0x00, 0x00, 0x01, 0x10, 0x00, 0x00, 0x00,
  0x10, 0x00, 0x00, 0x00, 0x69, 0x00, 0x00, 0x00, 0x30, 0x00, 0x00, 0x00,
  0x54, 0xdc, 0xff, 0xff, 0x23, 0x00, 0x00, 0x00, 0x6d, 0x6f, 0x64, 0x65,
  0x6c, 0x5f, 0x38, 0x38, 0x2f, 0x74, 0x66, 0x2e, 0x6d, 0x61, 0x74, 0x68,
  0x2e, 0x6d, 0x75, 0x6c, 0x74, 0x69, 0x70, 0x6c, 0x79, 0x5f, 0x31, 0x30,
  0x35, 0x37, 0x36, 0x2f, 0x4d, 0x75, 0x6c, 0x00, 0x02, 0x00, 0x00, 0x00,
  0x01, 0x00, 0x00, 0x00, 0x10, 0x00, 0x00, 0x00, 0x32, 0xdd, 0xff, 0xff,
  0x00, 0x00, 0x00, 0x01, 0x10, 0x00, 0x00, 0x00, 0x10, 0x00, 0x00, 0x00,
  0x68, 0x00, 0x00, 0x00, 0x34, 0x00, 0x00, 0x00, 0xa4, 0xdc, 0xff, 0xff,
  0x25, 0x00, 0x00, 0x00, 0x6d, 0x6f, 0x64, 0x65, 0x6c, 0x5f, 0x38, 0x38,
  0x2f, 0x74, 0x66, 0x2e, 0x6d, 0x61, 0x74, 0x68, 0x2e, 0x73, 0x69, 0x67,
  0x6d, 0x6f, 0x69, 0x64, 0x5f, 0x31, 0x35, 0x31, 0x33, 0x2f, 0x53, 0x69,
  0x67, 0x6d, 0x6f, 0x69, 0x64, 0x00, 0x00, 0x00, 0x02, 0x00, 0x00, 0x00,
  0x01, 0x00, 0x00, 0x00, 0x10, 0x00, 0x00, 0x00, 0x86, 0xdd, 0xff, 0xff,
  0x00, 0x00, 0x00, 0x01, 0x10, 0x00, 0x00, 0x00, 0x10, 0x00, 0x00, 0x00,
  0x67, 0x00, 0x00, 0x00, 0x34, 0x00, 0x00, 0x00, 0xf8, 0xdc, 0xff, 0xff,
  0x25, 0x00, 0x00, 0x00, 0x6d, 0x6f, 0x64, 0x65, 0x6c, 0x5f, 0x38, 0x38,
  0x2f, 0x74, 0x66, 0x2e, 0x6d, 0x61, 0x74, 0x68, 0x2e, 0x73, 0x69, 0x67,
  0x6d, 0x6f, 0x69, 0x64, 0x5f, 0x31, 0x35, 0x31, 0x32, 0x2f, 0x53, 0x69,
  0x67, 0x6d, 0x6f, 0x69, 0x64, 0x00, 0x00, 0x00, 0x02, 0x00, 0x00, 0x00,
  0x01, 0x00, 0x00, 0x00, 0x10, 0x00, 0x00, 0x00, 0xda, 0xdd, 0xff, 0xff,
  0x00, 0x00, 0x00, 0x01, 0x10, 0x00, 0x00, 0x00, 0x10, 0x00, 0x00, 0x00,
  0x66, 0x00, 0x00, 0x00, 0x2c, 0x00, 0x00, 0x00, 0x4c, 0xdd, 0xff, 0xff,
  0x1c, 0x00, 0x00, 0x00, 0x6d, 0x6f, 0x64, 0x65, 0x6c, 0x5f, 0x38, 0x38,
  0x2f, 0x74, 0x66, 0x2e, 0x73, 0x70, 0x6c, 0x69, 0x74, 0x5f, 0x35, 0x30,
  0x34, 0x2f, 0x73, 0x70, 0x6c, 0x69, 0x74, 0x33, 0x00, 0x00, 0x00, 0x00,
  0x02, 0x00, 0x00, 0x00, 0x01, 0x00, 0x00, 0x00, 0x10, 0x00, 0x00, 0x00,
  0x26, 0xde, 0xff, 0xff, 0x00, 0x00, 0x00, 0x01, 0x10, 0x00, 0x00, 0x00,
  0x10, 0x00, 0x00, 0x00, 0x65, 0x00, 0x00, 0x00, 0x2c, 0x00, 0x00, 0x00,
  0x98, 0xdd, 0xff, 0xff, 0x1c, 0x00, 0x00, 0x00, 0x6d, 0x6f, 0x64, 0x65,
  0x6c, 0x5f, 0x38, 0x38, 0x2f, 0x74, 0x66, 0x2e, 0x73, 0x70, 0x6c, 0x69,
  0x74, 0x5f, 0x35, 0x30, 0x34, 0x2f, 0x73, 0x70, 0x6c, 0x69, 0x74, 0x32,
  0x00, 0x00, 0x00, 0x00, 0x02, 0x00, 0x00, 0x00, 0x01, 0x00, 0x00, 0x00,
  0x10, 0x00, 0x00, 0x00, 0x72, 0xde, 0xff, 0xff, 0x00, 0x00, 0x00, 0x01,
  0x10, 0x00, 0x00, 0x00, 0x10, 0x00, 0x00, 0x00, 0x64, 0x00, 0x00, 0x00,
  0x2c, 0x00, 0x00, 0x00, 0xe4, 0xdd, 0xff, 0xff, 0x1c, 0x00, 0x00, 0x00,
  0x6d, 0x6f, 0x64, 0x65, 0x6c, 0x5f, 0x38, 0x38, 0x2f, 0x74, 0x66, 0x2e,
  0x73, 0x70, 0x6c, 0x69, 0x74, 0x5f, 0x35, 0x30, 0x34, 0x2f, 0x73, 0x70,
  0x6c, 0x69, 0x74, 0x31, 0x00, 0x00, 0x00, 0x00, 0x02, 0x00, 0x00, 0x00,
  0x01, 0x00, 0x00, 0x00, 0x10, 0x00, 0x00, 0x00, 0xbe, 0xde, 0xff, 0xff,
  0x00, 0x00, 0x00, 0x01, 0x10, 0x00, 0x00, 0x00, 0x10, 0x00, 0x00, 0x00,
  0x63, 0x00, 0x00, 0x00, 0x28, 0x00, 0x00, 0x00, 0x30, 0xde, 0xff, 0xff,
  0x1b, 0x00, 0x00, 0x00, 0x6d, 0x6f, 0x64, 0x65, 0x6c, 0x5f, 0x38, 0x38,
  0x2f, 0x74, 0x66, 0x2e, 0x73, 0x70, 0x6c, 0x69, 0x74, 0x5f, 0x35, 0x30,
  0x34, 0x2f, 0x73, 0x70, 0x6c, 0x69, 0x74, 0x00, 0x02, 0x00, 0x00, 0x00,
  0x01, 0x00, 0x00, 0x00, 0x10, 0x00, 0x00, 0x00, 0x06, 0xdf, 0xff, 0xff,
  0x00, 0x00, 0x00, 0x01, 0x10, 0x00, 0x00, 0x00, 0x10, 0x00, 0x00, 0x00,
  0x62, 0x00, 0x00, 0x00, 0x2c, 0x00, 0x00, 0x00, 0x78, 0xde, 0xff, 0xff,
  0x1d, 0x00, 0x00, 0x00, 0x6d, 0x6f, 0x64, 0x65, 0x6c, 0x5f, 0x38, 0x38,
  0x2f, 0x74, 0x66, 0x2e, 0x6d, 0x61, 0x74, 0x68, 0x2e, 0x61, 0x64, 0x64,
  0x5f, 0x31, 0x30, 0x30, 0x38, 0x2f, 0x41, 0x64, 0x64, 0x00, 0x00, 0x00,
  0x02, 0x00, 0x00, 0x00, 0x01, 0x00, 0x00, 0x00, 0x40, 0x00, 0x00, 0x00,
  0x52, 0xdf, 0xff, 0xff, 0x00, 0x00, 0x00, 0x01, 0x10, 0x00, 0x00, 0x00,
  0x10, 0x00, 0x00, 0x00, 0x61, 0x00, 0x00, 0x00, 0x5c, 0x00, 0x00, 0x00,
  0xc4, 0xde, 0xff, 0xff, 0x4d, 0x00, 0x00, 0x00, 0x6d, 0x6f, 0x64, 0x65,
  0x6c, 0x5f, 0x38, 0x38, 0x2f, 0x74, 0x66, 0x2e, 0x6c, 0x69, 0x6e, 0x61,
  0x6c, 0x67, 0x2e, 0x6d, 0x61, 0x74, 0x6d, 0x75, 0x6c, 0x5f, 0x39, 0x38,
  0x31, 0x2f, 0x4d, 0x61, 0x74, 0x4d, 0x75, 0x6c, 0x3b, 0x6d, 0x6f, 0x64,
  0x65, 0x6c, 0x5f, 0x38, 0x38, 0x2f, 0x74, 0x66, 0x2e, 0x5f, 0x5f, 0x6f,
  0x70, 0x65, 0x72, 0x61, 0x74, 0x6f, 0x72, 0x73, 0x5f, 0x5f, 0x2e, 0x61,
  0x64, 0x64, 0x5f, 0x31, 0x35, 0x33, 0x39, 0x2f, 0x41, 0x64, 0x64, 0x56,
  0x32, 0x00, 0x00, 0x00, 0x02, 0x00, 0x00, 0x00, 0x01, 0x00, 0x00, 0x00,
  0x40, 0x00, 0x00, 0x00, 0xce, 0xdf, 0xff, 0xff, 0x00, 0x00, 0x00, 0x01,
  0x10, 0x00, 0x00, 0x00, 0x10, 0x00, 0x00, 0x00, 0x60, 0x00, 0x00, 0x00,
  0x30, 0x00, 0x00, 0x00, 0x40, 0xdf, 0xff, 0xff, 0x23, 0x00, 0x00, 0x00,
  0x6d, 0x6f, 0x64, 0x65, 0x6c, 0x5f, 0x38, 0x38, 0x2f, 0x74, 0x66, 0x2e,
  0x6d, 0x61, 0x74, 0x68, 0x2e, 0x6d, 0x75, 0x6c, 0x74, 0x69, 0x70, 0x6c,
  0x79, 0x5f, 0x31, 0x30, 0x35, 0x36, 0x38, 0x2f, 0x4d, 0x75, 0x6c, 0x00,
  0x02, 0x00, 0x00, 0x00, 0x01, 0x00, 0x00, 0x00, 0x10, 0x00, 0x00, 0x00,
  0x1e, 0xe0, 0xff, 0xff, 0x00, 0x00, 0x00, 0x01, 0x10, 0x00, 0x00, 0x00,
  0x10, 0x00, 0x00, 0x00, 0x5f, 0x00, 0x00, 0x00, 0x2c, 0x00, 0x00, 0x00,
  0x90, 0xdf, 0xff, 0xff, 0x1f, 0x00, 0x00, 0x00, 0x6d, 0x6f, 0x64, 0x65,
  0x6c, 0x5f, 0x38, 0x38, 0x2f, 0x74, 0x66, 0x2e, 0x6d, 0x61, 0x74, 0x68,
  0x2e, 0x74, 0x61, 0x6e, 0x68, 0x5f, 0x31, 0x30, 0x30, 0x37, 0x2f, 0x54,
  0x61, 0x6e, 0x68, 0x00, 0x02, 0x00, 0x00, 0x00, 0x01, 0x00, 0x00, 0x00,
  0x10, 0x00, 0x00, 0x00, 0x6a, 0xe0, 0xff, 0xff, 0x00, 0x00, 0x00, 0x01,
  0x10, 0x00, 0x00, 0x00, 0x10, 0x00, 0x00, 0x00, 0x5e, 0x00, 0x00, 0x00,
  0x2c, 0x00, 0x00, 0x00, 0xdc, 0xdf, 0xff, 0xff, 0x1d, 0x00, 0x00, 0x00,
  0x6d, 0x6f, 0x64, 0x65, 0x6c, 0x5f, 0x38, 0x38, 0x2f, 0x74, 0x66, 0x2e,
  0x6d, 0x61, 0x74, 0x68, 0x2e, 0x61, 0x64, 0x64, 0x5f, 0x31, 0x30, 0x30,
  0x37, 0x2f, 0x41, 0x64, 0x64, 0x00, 0x00, 0x00, 0x02, 0x00, 0x00, 0x00,
  0x01, 0x00, 0x00, 0x00, 0x10, 0x00, 0x00, 0x00, 0xb6, 0xe0, 0xff, 0xff,
  0x00, 0x00, 0x00, 0x01, 0x10, 0x00, 0x00, 0x00, 0x10, 0x00, 0x00, 0x00,
  0x5d, 0x00, 0x00, 0x00, 0x30, 0x00, 0x00, 0x00, 0x28, 0xe0, 0xff, 0xff,
  0x23, 0x00, 0x00, 0x00, 0x6d, 0x6f, 0x64, 0x65, 0x6c, 0x5f, 0x38, 0x38,
  0x2f, 0x74, 0x66, 0x2e, 0x6d, 0x61, 0x74, 0x68, 0x2e, 0x6d, 0x75, 0x6c,
  0x74, 0x69, 0x70, 0x6c, 0x79, 0x5f, 0x31, 0x30, 0x35, 0x36, 0x31, 0x2f,
  0x4d, 0x75, 0x6c, 0x00, 0x02, 0x00, 0x00, 0x00, 0x01, 0x00, 0x00, 0x00,
  0x10, 0x00, 0x00, 0x00, 0x06, 0xe1, 0xff, 0xff, 0x00, 0x00, 0x00, 0x01,
  0x10, 0x00, 0x00, 0x00, 0x10, 0x00, 0x00, 0x00, 0x5c, 0x00, 0x00, 0x00,
  0x2c, 0x00, 0x00, 0x00, 0x78, 0xe0, 0xff, 0xff, 0x1f, 0x00, 0x00, 0x00,
  0x6d, 0x6f, 0x64, 0x65, 0x6c, 0x5f, 0x38, 0x38, 0x2f, 0x74, 0x66, 0x2e,
  0x6d, 0x61, 0x74, 0x68, 0x2e, 0x74, 0x61, 0x6e, 0x68, 0x5f, 0x31, 0x30,
  0x30, 0x36, 0x2f, 0x54, 0x61, 0x6e, 0x68, 0x00, 0x02, 0x00, 0x00, 0x00,
  0x01, 0x00, 0x00, 0x00, 0x10, 0x00, 0x00, 0x00, 0x52, 0xe1, 0xff, 0xff,
  0x00, 0x00, 0x00, 0x01, 0x10, 0x00, 0x00, 0x00, 0x10, 0x00, 0x00, 0x00,
  0x5b, 0x00, 0x00, 0x00, 0x34, 0x00, 0x00, 0x00, 0xc4, 0xe0, 0xff, 0xff,
  0x25, 0x00, 0x00, 0x00, 0x6d, 0x6f, 0x64, 0x65, 0x6c, 0x5f, 0x38, 0x38,
  0x2f, 0x74, 0x66, 0x2e, 0x6d, 0x61, 0x74, 0x68, 0x2e, 0x73, 0x69, 0x67,
  0x6d, 0x6f, 0x69, 0x64, 0x5f, 0x31, 0x35, 0x31, 0x31, 0x2f, 0x53, 0x69,
  0x67, 0x6d, 0x6f, 0x69, 0x64, 0x00, 0x00, 0x00, 0x02, 0x00, 0x00, 0x00,
  0x01, 0x00, 0x00, 0x00, 0x10, 0x00, 0x00, 0x00, 0xa6, 0xe1, 0xff, 0xff,
  0x00, 0x00, 0x00, 0x01, 0x10, 0x00, 0x00, 0x00, 0x10, 0x00, 0x00, 0x00,
  0x5a, 0x00, 0x00, 0x00, 0x30, 0x00, 0x00, 0x00, 0x18, 0xe1, 0xff, 0xff,
  0x23, 0x00, 0x00, 0x00, 0x6d, 0x6f, 0x64, 0x65, 0x6c, 0x5f, 0x38, 0x38,
  0x2f, 0x74, 0x66, 0x2e, 0x6d, 0x61, 0x74, 0x68, 0x2e, 0x6d, 0x75, 0x6c,
  0x74, 0x69, 0x70, 0x6c, 0x79, 0x5f, 0x31, 0x30, 0x35, 0x35, 0x37, 0x2f,
  0x4d, 0x75, 0x6c, 0x00, 0x02, 0x00, 0x00, 0x00, 0x01, 0x00, 0x00, 0x00,
  0x10, 0x00, 0x00, 0x00, 0xf6, 0xe1, 0xff, 0xff, 0x00, 0x00, 0x00, 0x01,
  0x10, 0x00, 0x00, 0x00, 0x10, 0x00, 0x00, 0x00, 0x59, 0x00, 0x00, 0x00,
  0x34, 0x00, 0x00, 0x00, 0x68, 0xe1, 0xff, 0xff, 0x25, 0x00, 0x00, 0x00,
  0x6d, 0x6f, 0x64, 0x65, 0x6c, 0x5f, 0x38, 0x38, 0x2f, 0x74, 0x66, 0x2e,
  0x6d, 0x61, 0x74, 0x68, 0x2e, 0x73, 0x69, 0x67, 0x6d, 0x6f, 0x69, 0x64,
  0x5f, 0x31, 0x35, 0x31, 0x30, 0x2f, 0x53, 0x69, 0x67, 0x6d, 0x6f, 0x69,
  0x64, 0x00, 0x00, 0x00, 0x02, 0x00, 0x00, 0x00, 0x01, 0x00, 0x00, 0x00,
  0x10, 0x00, 0x00, 0x00, 0x4a, 0xe2, 0xff, 0xff, 0x00, 0x00, 0x00, 0x01,
  0x10, 0x00, 0x00, 0x00, 0x10, 0x00, 0x00, 0x00, 0x58, 0x00, 0x00, 0x00,
  0x34, 0x00, 0x00, 0x00, 0xbc, 0xe1, 0xff, 0xff, 0x25, 0x00, 0x00, 0x00,
  0x6d, 0x6f, 0x64, 0x65, 0x6c, 0x5f, 0x38, 0x38, 0x2f, 0x74, 0x66, 0x2e,
  0x6d, 0x61, 0x74, 0x68, 0x2e, 0x73, 0x69, 0x67, 0x6d, 0x6f, 0x69, 0x64,
  0x5f, 0x31, 0x35, 0x30, 0x39, 0x2f, 0x53, 0x69, 0x67, 0x6d, 0x6f, 0x69,
  0x64, 0x00, 0x00, 0x00, 0x02, 0x00, 0x00, 0x00, 0x01, 0x00, 0x00, 0x00,
  0x10, 0x00, 0x00, 0x00, 0x9e, 0xe2, 0xff, 0xff, 0x00, 0x00, 0x00, 0x01,
  0x10, 0x00, 0x00, 0x00, 0x10, 0x00, 0x00, 0x00, 0x57, 0x00, 0x00, 0x00,
  0x2c, 0x00, 0x00, 0x00, 0x10, 0xe2, 0xff, 0xff, 0x1c, 0x00, 0x00, 0x00,
  0x6d, 0x6f, 0x64, 0x65, 0x6c, 0x5f, 0x38, 0x38, 0x2f, 0x74, 0x66, 0x2e,
  0x73, 0x70, 0x6c, 0x69, 0x74, 0x5f, 0x35, 0x30, 0x33, 0x2f, 0x73, 0x70,
  0x6c, 0x69, 0x74, 0x33, 0x00, 0x00, 0x00, 0x00, 0x02, 0x00, 0x00, 0x00,
  0x01, 0x00, 0x00, 0x00, 0x10, 0x00, 0x00, 0x00, 0xea, 0xe2, 0xff, 0xff,
  0x00, 0x00, 0x00, 0x01, 0x10, 0x00, 0x00, 0x00, 0x10, 0x00, 0x00, 0x00,
  0x56, 0x00, 0x00, 0x00, 0x2c, 0x00, 0x00, 0x00, 0x5c, 0xe2, 0xff, 0xff,
  0x1c, 0x00, 0x00, 0x00, 0x6d, 0x6f, 0x64, 0x65, 0x6c, 0x5f, 0x38, 0x38,
  0x2f, 0x74, 0x66, 0x2e, 0x73, 0x70, 0x6c, 0x69, 0x74, 0x5f, 0x35, 0x30,
  0x33, 0x2f, 0x73, 0x70, 0x6c, 0x69, 0x74, 0x32, 0x00, 0x00, 0x00, 0x00,
  0x02, 0x00, 0x00, 0x00, 0x01, 0x00, 0x00, 0x00, 0x10, 0x00, 0x00, 0x00,
  0x36, 0xe3, 0xff, 0xff, 0x00, 0x00, 0x00, 0x01, 0x10, 0x00, 0x00, 0x00,
  0x10, 0x00, 0x00, 0x00, 0x55, 0x00, 0x00, 0x00, 0x2c, 0x00, 0x00, 0x00,
  0xa8, 0xe2, 0xff, 0xff, 0x1c, 0x00, 0x00, 0x00, 0x6d, 0x6f, 0x64, 0x65,
  0x6c, 0x5f, 0x38, 0x38, 0x2f, 0x74, 0x66, 0x2e, 0x73, 0x70, 0x6c, 0x69,
  0x74, 0x5f, 0x35, 0x30, 0x33, 0x2f, 0x73, 0x70, 0x6c, 0x69, 0x74, 0x31,
  0x00, 0x00, 0x00, 0x00, 0x02, 0x00, 0x00, 0x00, 0x01, 0x00, 0x00, 0x00,
  0x10, 0x00, 0x00, 0x00, 0x82, 0xe3, 0xff, 0xff, 0x00, 0x00, 0x00, 0x01,
  0x10, 0x00, 0x00, 0x00, 0x10, 0x00, 0x00, 0x00, 0x54, 0x00, 0x00, 0x00,
  0x28, 0x00, 0x00, 0x00, 0xf4, 0xe2, 0xff, 0xff, 0x1b, 0x00, 0x00, 0x00,
  0x6d, 0x6f, 0x64, 0x65, 0x6c, 0x5f, 0x38, 0x38, 0x2f, 0x74, 0x66, 0x2e,
  0x73, 0x70, 0x6c, 0x69, 0x74, 0x5f, 0x35, 0x30, 0x33, 0x2f, 0x73, 0x70,
  0x6c, 0x69, 0x74, 0x00, 0x02, 0x00, 0x00, 0x00, 0x01, 0x00, 0x00, 0x00,
  0x10, 0x00, 0x00, 0x00, 0xca, 0xe3, 0xff, 0xff, 0x00, 0x00, 0x00, 0x01,
  0x10, 0x00, 0x00, 0x00, 0x10, 0x00, 0x00, 0x00, 0x53, 0x00, 0x00, 0x00,
  0x2c, 0x00, 0x00, 0x00, 0x3c, 0xe3, 0xff, 0xff, 0x1d, 0x00, 0x00, 0x00,
  0x6d, 0x6f, 0x64, 0x65, 0x6c, 0x5f, 0x38, 0x38, 0x2f, 0x74, 0x66, 0x2e,
  0x6d, 0x61, 0x74, 0x68, 0x2e, 0x61, 0x64, 0x64, 0x5f, 0x31, 0x30, 0x30,
  0x36, 0x2f, 0x41, 0x64, 0x64, 0x00, 0x00, 0x00, 0x02, 0x00, 0x00, 0x00,
  0x01, 0x00, 0x00, 0x00, 0x40, 0x00, 0x00, 0x00, 0x16, 0xe4, 0xff, 0xff,
  0x00, 0x00, 0x00, 0x01, 0x10, 0x00, 0x00, 0x00, 0x10, 0x00, 0x00, 0x00,
  0x52, 0x00, 0x00, 0x00, 0x5c, 0x00, 0x00, 0x00, 0x88, 0xe3, 0xff, 0xff,
  0x4d, 0x00, 0x00, 0x00, 0x6d, 0x6f, 0x64, 0x65, 0x6c, 0x5f, 0x38, 0x38,
  0x2f, 0x74, 0x66, 0x2e, 0x6c, 0x69, 0x6e, 0x61, 0x6c, 0x67, 0x2e, 0x6d,
  0x61, 0x74, 0x6d, 0x75, 0x6c, 0x5f, 0x39, 0x38, 0x30, 0x2f, 0x4d, 0x61,
  0x74, 0x4d, 0x75, 0x6c, 0x3b, 0x6d, 0x6f, 0x64, 0x65, 0x6c, 0x5f, 0x38,
  0x38, 0x2f, 0x74, 0x66, 0x2e, 0x5f, 0x5f, 0x6f, 0x70, 0x65, 0x72, 0x61,
  0x74, 0x6f, 0x72, 0x73, 0x5f, 0x5f, 0x2e, 0x61, 0x64, 0x64, 0x5f, 0x31,
  0x35, 0x33, 0x38, 0x2f, 0x41, 0x64, 0x64, 0x56, 0x32, 0x00, 0x00, 0x00,
  0x02, 0x00, 0x00, 0x00, 0x01, 0x00, 0x00, 0x00, 0x40, 0x00, 0x00, 0x00,
  0x92, 0xe4, 0xff, 0xff, 0x00, 0x00, 0x00, 0x01, 0x10, 0x00, 0x00, 0x00,
  0x10, 0x00, 0x00, 0x00, 0x51, 0x00, 0x00, 0x00, 0x30, 0x00, 0x00, 0x00,
  0x04, 0xe4, 0xff, 0xff, 0x23, 0x00, 0x00, 0x00, 0x6d, 0x6f, 0x64, 0x65,
  0x6c, 0x5f, 0x38, 0x38, 0x2f, 0x74, 0x66, 0x2e, 0x6d, 0x61, 0x74, 0x68,
  0x2e, 0x6d, 0x75, 0x6c, 0x74, 0x69, 0x70, 0x6c, 0x79, 0x5f, 0x31, 0x30,
  0x35, 0x34, 0x39, 0x2f, 0x4d, 0x75, 0x6c, 0x00, 0x02, 0x00, 0x00, 0x00,
  0x01, 0x00, 0x00, 0x00, 0x10, 0x00, 0x00, 0x00, 0xe2, 0xe4, 0xff, 0xff,
  0x00, 0x00, 0x00, 0x01, 0x10, 0x00, 0x00, 0x00, 0x10, 0x00, 0x00, 0x00,
  0x50, 0x00, 0x00, 0x00, 0x2c, 0x00, 0x00, 0x00, 0x54, 0xe4, 0xff, 0xff,
  0x1f, 0x00, 0x00, 0x00, 0x6d, 0x6f, 0x64, 0x65, 0x6c, 0x5f, 0x38, 0x38,
  0x2f, 0x74, 0x66, 0x2e, 0x6d, 0x61, 0x74, 0x68, 0x2e, 0x74, 0x61, 0x6e,
  0x68, 0x5f, 0x31, 0x30, 0x30, 0x35, 0x2f, 0x54, 0x61, 0x6e, 0x68, 0x00,
  0x02, 0x00, 0x00, 0x00, 0x01, 0x00, 0x00, 0x00, 0x10, 0x00, 0x00, 0x00,
  0x2e, 0xe5, 0xff, 0xff, 0x00, 0x00, 0x00, 0x01, 0x10, 0x00, 0x00, 0x00,
  0x10, 0x00, 0x00, 0x00, 0x4f, 0x00, 0x00, 0x00, 0x2c, 0x00, 0x00, 0x00,
  0xa0, 0xe4, 0xff, 0xff, 0x1d, 0x00, 0x00, 0x00, 0x6d, 0x6f, 0x64, 0x65,
  0x6c, 0x5f, 0x38, 0x38, 0x2f, 0x74, 0x66, 0x2e, 0x6d, 0x61, 0x74, 0x68,
  0x2e, 0x61, 0x64, 0x64, 0x5f, 0x31, 0x30, 0x30, 0x35, 0x2f, 0x41, 0x64,
  0x64, 0x00, 0x00, 0x00, 0x02, 0x00, 0x00, 0x00, 0x01, 0x00, 0x00, 0x00,
  0x10, 0x00, 0x00, 0x00, 0x7a, 0xe5, 0xff, 0xff, 0x00, 0x00, 0x00, 0x01,
  0x10, 0x00, 0x00, 0x00, 0x10, 0x00, 0x00, 0x00, 0x4e, 0x00, 0x00, 0x00,
  0x30, 0x00, 0x00, 0x00, 0xec, 0xe4, 0xff, 0xff, 0x23, 0x00, 0x00, 0x00,
  0x6d, 0x6f, 0x64, 0x65, 0x6c, 0x5f, 0x38, 0x38, 0x2f, 0x74, 0x66, 0x2e,
  0x6d, 0x61, 0x74, 0x68, 0x2e, 0x6d, 0x75, 0x6c, 0x74, 0x69, 0x70, 0x6c,
  0x79, 0x5f, 0x31, 0x30, 0x35, 0x34, 0x32, 0x2f, 0x4d, 0x75, 0x6c, 0x00,
  0x02, 0x00, 0x00, 0x00, 0x01, 0x00, 0x00, 0x00, 0x10, 0x00, 0x00, 0x00,
  0xca, 0xe5, 0xff, 0xff, 0x00, 0x00, 0x00, 0x01, 0x10, 0x00, 0x00, 0x00,
  0x10, 0x00, 0x00, 0x00, 0x4d, 0x00, 0x00, 0x00, 0x2c, 0x00, 0x00, 0x00,
  0x3c, 0xe5, 0xff, 0xff, 0x1f, 0x00, 0x00, 0x00, 0x6d, 0x6f, 0x64, 0x65,
  0x6c, 0x5f, 0x38, 0x38, 0x2f, 0x74, 0x66, 0x2e, 0x6d, 0x61, 0x74, 0x68,
  0x2e, 0x74, 0x61, 0x6e, 0x68, 0x5f, 0x31, 0x30, 0x30, 0x34, 0x2f, 0x54,
  0x61, 0x6e, 0x68, 0x00, 0x02, 0x00, 0x00, 0x00, 0x01, 0x00, 0x00, 0x00,
  0x10, 0x00, 0x00, 0x00, 0x16, 0xe6, 0xff, 0xff, 0x00, 0x00, 0x00, 0x01,
  0x10, 0x00, 0x00, 0x00, 0x10, 0x00, 0x00, 0x00, 0x4c, 0x00, 0x00, 0x00,
  0x34, 0x00, 0x00, 0x00, 0x88, 0xe5, 0xff, 0xff, 0x25, 0x00, 0x00, 0x00,
  0x6d, 0x6f, 0x64, 0x65, 0x6c, 0x5f, 0x38, 0x38, 0x2f, 0x74, 0x66, 0x2e,
  0x6d, 0x61, 0x74, 0x68, 0x2e, 0x73, 0x69, 0x67, 0x6d, 0x6f, 0x69, 0x64,
  0x5f, 0x31, 0x35, 0x30, 0x38, 0x2f, 0x53, 0x69, 0x67, 0x6d, 0x6f, 0x69,
  0x64, 0x00, 0x00, 0x00, 0x02, 0x00, 0x00, 0x00, 0x01, 0x00, 0x00, 0x00,
  0x10, 0x00, 0x00, 0x00, 0x6a, 0xe6, 0xff, 0xff, 0x00, 0x00, 0x00, 0x01,
  0x10, 0x00, 0x00, 0x00, 0x10, 0x00, 0x00, 0x00, 0x4b, 0x00, 0x00, 0x00,
  0x30, 0x00, 0x00, 0x00, 0xdc, 0xe5, 0xff, 0xff, 0x23, 0x00, 0x00, 0x00,
  0x6d, 0x6f, 0x64, 0x65, 0x6c, 0x5f, 0x38, 0x38, 0x2f, 0x74, 0x66, 0x2e,
  0x6d, 0x61, 0x74, 0x68, 0x2e, 0x6d, 0x75, 0x6c, 0x74, 0x69, 0x70, 0x6c,
  0x79, 0x5f, 0x31, 0x30, 0x35, 0x33, 0x38, 0x2f, 0x4d, 0x75, 0x6c, 0x00,
  0x02, 0x00, 0x00, 0x00, 0x01, 0x00, 0x00, 0x00, 0x10, 0x00, 0x00, 0x00,
  0xba, 0xe6, 0xff, 0xff, 0x00, 0x00, 0x00, 0x01, 0x10, 0x00, 0x00, 0x00,
  0x10, 0x00, 0x00, 0x00, 0x4a, 0x00, 0x00, 0x00, 0x34, 0x00, 0x00, 0x00,
  0x2c, 0xe6, 0xff, 0xff, 0x25, 0x00, 0x00, 0x00, 0x6d, 0x6f, 0x64, 0x65,
  0x6c, 0x5f, 0x38, 0x38, 0x2f, 0x74, 0x66, 0x2e, 0x6d, 0x61, 0x74, 0x68,
  0x2e, 0x73, 0x69, 0x67, 0x6d, 0x6f, 0x69, 0x64, 0x5f, 0x31, 0x35, 0x30,
  0x37, 0x2f, 0x53, 0x69, 0x67, 0x6d, 0x6f, 0x69, 0x64, 0x00, 0x00, 0x00,
  0x02, 0x00, 0x00, 0x00, 0x01, 0x00, 0x00, 0x00, 0x10, 0x00, 0x00, 0x00,
  0x0e, 0xe7, 0xff, 0xff, 0x00, 0x00, 0x00, 0x01, 0x10, 0x00, 0x00, 0x00,
  0x10, 0x00, 0x00, 0x00, 0x49, 0x00, 0x00, 0x00, 0x34, 0x00, 0x00, 0x00,
  0x80, 0xe6, 0xff, 0xff, 0x25, 0x00, 0x00, 0x00, 0x6d, 0x6f, 0x64, 0x65,
  0x6c, 0x5f, 0x38, 0x38, 0x2f, 0x74, 0x66, 0x2e, 0x6d, 0x61, 0x74, 0x68,
  0x2e, 0x73, 0x69, 0x67, 0x6d, 0x6f, 0x69, 0x64, 0x5f, 0x31, 0x35, 0x30,
  0x36, 0x2f, 0x53, 0x69, 0x67, 0x6d, 0x6f, 0x69, 0x64, 0x00, 0x00, 0x00,
  0x02, 0x00, 0x00, 0x00, 0x01, 0x00, 0x00, 0x00, 0x10, 0x00, 0x00, 0x00,
  0x62, 0xe7, 0xff, 0xff, 0x00, 0x00, 0x00, 0x01, 0x10, 0x00, 0x00, 0x00,
  0x10, 0x00, 0x00, 0x00, 0x48, 0x00, 0x00, 0x00, 0x2c, 0x00, 0x00, 0x00,
  0xd4, 0xe6, 0xff, 0xff, 0x1c, 0x00, 0x00, 0x00, 0x6d, 0x6f, 0x64, 0x65,
  0x6c, 0x5f, 0x38, 0x38, 0x2f, 0x74, 0x66, 0x2e, 0x73, 0x70, 0x6c, 0x69,
  0x74, 0x5f, 0x35, 0x30, 0x32, 0x2f, 0x73, 0x70, 0x6c, 0x69, 0x74, 0x33,
  0x00, 0x00, 0x00, 0x00, 0x02, 0x00, 0x00, 0x00, 0x01, 0x00, 0x00, 0x00,
  0x10, 0x00, 0x00, 0x00, 0xae, 0xe7, 0xff, 0xff, 0x00, 0x00, 0x00, 0x01,
  0x10, 0x00, 0x00, 0x00, 0x10, 0x00, 0x00, 0x00, 0x47, 0x00, 0x00, 0x00,
  0x2c, 0x00, 0x00, 0x00, 0x20, 0xe7, 0xff, 0xff, 0x1c, 0x00, 0x00, 0x00,
  0x6d, 0x6f, 0x64, 0x65, 0x6c, 0x5f, 0x38, 0x38, 0x2f, 0x74, 0x66, 0x2e,
  0x73, 0x70, 0x6c, 0x69, 0x74, 0x5f, 0x35, 0x30, 0x32, 0x2f, 0x73, 0x70,
  0x6c, 0x69, 0x74, 0x32, 0x00, 0x00, 0x00, 0x00, 0x02, 0x00, 0x00, 0x00,
  0x01, 0x00, 0x00, 0x00, 0x10, 0x00, 0x00, 0x00, 0xfa, 0xe7, 0xff, 0xff,
  0x00, 0x00, 0x00, 0x01, 0x10, 0x00, 0x00, 0x00, 0x10, 0x00, 0x00, 0x00,
  0x46, 0x00, 0x00, 0x00, 0x2c, 0x00, 0x00, 0x00, 0x6c, 0xe7, 0xff, 0xff,
  0x1c, 0x00, 0x00, 0x00, 0x6d, 0x6f, 0x64, 0x65, 0x6c, 0x5f, 0x38, 0x38,
  0x2f, 0x74, 0x66, 0x2e, 0x73, 0x70, 0x6c, 0x69, 0x74, 0x5f, 0x35, 0x30,
  0x32, 0x2f, 0x73, 0x70, 0x6c, 0x69, 0x74, 0x31, 0x00, 0x00, 0x00, 0x00,
  0x02, 0x00, 0x00, 0x00, 0x01, 0x00, 0x00, 0x00, 0x10, 0x00, 0x00, 0x00,
  0x46, 0xe8, 0xff, 0xff, 0x00, 0x00, 0x00, 0x01, 0x10, 0x00, 0x00, 0x00,
  0x10, 0x00, 0x00, 0x00, 0x45, 0x00, 0x00, 0x00, 0x28, 0x00, 0x00, 0x00,
  0xb8, 0xe7, 0xff, 0xff, 0x1b, 0x00, 0x00, 0x00, 0x6d, 0x6f, 0x64, 0x65,
  0x6c, 0x5f, 0x38, 0x38, 0x2f, 0x74, 0x66, 0x2e, 0x73, 0x70, 0x6c, 0x69,
  0x74, 0x5f, 0x35, 0x30, 0x32, 0x2f, 0x73, 0x70, 0x6c, 0x69, 0x74, 0x00,
  0x02, 0x00, 0x00, 0x00, 0x01, 0x00, 0x00, 0x00, 0x10, 0x00, 0x00, 0x00,
  0x8e, 0xe8, 0xff, 0xff, 0x00, 0x00, 0x00, 0x01, 0x10, 0x00, 0x00, 0x00,
  0x10, 0x00, 0x00, 0x00, 0x44, 0x00, 0x00, 0x00, 0x2c, 0x00, 0x00, 0x00,
  0x00, 0xe8, 0xff, 0xff, 0x1d, 0x00, 0x00, 0x00, 0x6d, 0x6f, 0x64, 0x65,
  0x6c, 0x5f, 0x38, 0x38, 0x2f, 0x74, 0x66, 0x2e, 0x6d, 0x61, 0x74, 0x68,
  0x2e, 0x61, 0x64, 0x64, 0x5f, 0x31, 0x30, 0x30, 0x34, 0x2f, 0x41, 0x64,
  0x64, 0x00, 0x00, 0x00, 0x02, 0x00, 0x00, 0x00, 0x01, 0x00, 0x00, 0x00,
  0x40, 0x00, 0x00, 0x00, 0xda, 0xe8, 0xff, 0xff, 0x00, 0x00, 0x00, 0x01,
  0x10, 0x00, 0x00, 0x00, 0x10, 0x00, 0x00, 0x00, 0x43, 0x00, 0x00, 0x00,
  0x5c, 0x00, 0x00, 0x00, 0x4c, 0xe8, 0xff, 0xff, 0x4d, 0x00, 0x00, 0x00,
  0x6d, 0x6f, 0x64, 0x65, 0x6c, 0x5f, 0x38, 0x38, 0x2f, 0x74, 0x66, 0x2e,
  0x6c, 0x69, 0x6e, 0x61, 0x6c, 0x67, 0x2e, 0x6d, 0x61, 0x74, 0x6d, 0x75,
  0x6c, 0x5f, 0x39, 0x37, 0x39, 0x2f, 0x4d, 0x61, 0x74, 0x4d, 0x75, 0x6c,
  0x3b, 0x6d, 0x6f, 0x64, 0x65, 0x6c, 0x5f, 0x38, 0x38, 0x2f, 0x74, 0x66,
  0x2e, 0x5f, 0x5f, 0x6f, 0x70, 0x65, 0x72, 0x61, 0x74, 0x6f, 0x72, 0x73,
  0x5f, 0x5f, 0x2e, 0x61, 0x64, 0x64, 0x5f, 0x31, 0x35, 0x33, 0x37, 0x2f,
  0x41, 0x64, 0x64, 0x56, 0x32, 0x00, 0x00, 0x00, 0x02, 0x00, 0x00, 0x00,
  0x01, 0x00, 0x00, 0x00, 0x40, 0x00, 0x00, 0x00, 0x56, 0xe9, 0xff, 0xff,
  0x00, 0x00, 0x00, 0x01, 0x10, 0x00, 0x00, 0x00, 0x10, 0x00, 0x00, 0x00,
  0x42, 0x00, 0x00, 0x00, 0x30, 0x00, 0x00, 0x00, 0xc8, 0xe8, 0xff, 0xff,
  0x23, 0x00, 0x00, 0x00, 0x6d, 0x6f, 0x64, 0x65, 0x6c, 0x5f, 0x38, 0x38,
  0x2f, 0x74, 0x66, 0x2e, 0x6d, 0x61, 0x74, 0x68, 0x2e, 0x6d, 0x75, 0x6c,
  0x74, 0x69, 0x70, 0x6c, 0x79, 0x5f, 0x31, 0x30, 0x35, 0x33, 0x30, 0x2f,
  0x4d, 0x75, 0x6c, 0x00, 0x02, 0x00, 0x00, 0x00, 0x01, 0x00, 0x00, 0x00,
  0x10, 0x00, 0x00, 0x00, 0xa6, 0xe9, 0xff, 0xff, 0x00, 0x00, 0x00, 0x01,
  0x10, 0x00, 0x00, 0x00, 0x10, 0x00, 0x00, 0x00, 0x41, 0x00, 0x00, 0x00,
  0x2c, 0x00, 0x00, 0x00, 0x18, 0xe9, 0xff, 0xff, 0x1f, 0x00, 0x00, 0x00,
  0x6d, 0x6f, 0x64, 0x65, 0x6c, 0x5f, 0x38, 0x38, 0x2f, 0x74, 0x66, 0x2e,
  0x6d, 0x61, 0x74, 0x68, 0x2e, 0x74, 0x61, 0x6e, 0x68, 0x5f, 0x31, 0x30,
  0x30, 0x33, 0x2f, 0x54, 0x61, 0x6e, 0x68, 0x00, 0x02, 0x00, 0x00, 0x00,
  0x01, 0x00, 0x00, 0x00, 0x10, 0x00, 0x00, 0x00, 0xf2, 0xe9, 0xff, 0xff,
  0x00, 0x00, 0x00, 0x01, 0x10, 0x00, 0x00, 0x00, 0x10, 0x00, 0x00, 0x00,
  0x40, 0x00, 0x00, 0x00, 0x2c, 0x00, 0x00, 0x00, 0x64, 0xe9, 0xff, 0xff,
  0x1d, 0x00, 0x00, 0x00, 0x6d, 0x6f, 0x64, 0x65, 0x6c, 0x5f, 0x38, 0x38,
  0x2f, 0x74, 0x66, 0x2e, 0x6d, 0x61, 0x74, 0x68, 0x2e, 0x61, 0x64, 0x64,
  0x5f, 0x31, 0x30, 0x30, 0x33, 0x2f, 0x41, 0x64, 0x64, 0x00, 0x00, 0x00,
  0x02, 0x00, 0x00, 0x00, 0x01, 0x00, 0x00, 0x00, 0x10, 0x00, 0x00, 0x00,
  0x3e, 0xea, 0xff, 0xff, 0x00, 0x00, 0x00, 0x01, 0x10, 0x00, 0x00, 0x00,
  0x10, 0x00, 0x00, 0x00, 0x3f, 0x00, 0x00, 0x00, 0x30, 0x00, 0x00, 0x00,
  0xb0, 0xe9, 0xff, 0xff, 0x23, 0x00, 0x00, 0x00, 0x6d, 0x6f, 0x64, 0x65,
  0x6c, 0x5f, 0x38, 0x38, 0x2f, 0x74, 0x66, 0x2e, 0x6d, 0x61, 0x74, 0x68,
  0x2e, 0x6d, 0x75, 0x6c, 0x74, 0x69, 0x70, 0x6c, 0x79, 0x5f, 0x31, 0x30,
  0x35, 0x32, 0x33, 0x2f, 0x4d, 0x75, 0x6c, 0x00, 0x02, 0x00, 0x00, 0x00,
  0x01, 0x00, 0x00, 0x00, 0x10, 0x00, 0x00, 0x00, 0x8e, 0xea, 0xff, 0xff,
  0x00, 0x00, 0x00, 0x01, 0x10, 0x00, 0x00, 0x00, 0x10, 0x00, 0x00, 0x00,
  0x3e, 0x00, 0x00, 0x00, 0x2c, 0x00, 0x00, 0x00, 0x00, 0xea, 0xff, 0xff,
  0x1f, 0x00, 0x00, 0x00, 0x6d, 0x6f, 0x64, 0x65, 0x6c, 0x5f, 0x38, 0x38,
  0x2f, 0x74, 0x66, 0x2e, 0x6d, 0x61, 0x74, 0x68, 0x2e, 0x74, 0x61, 0x6e,
  0x68, 0x5f, 0x31, 0x30, 0x30, 0x32, 0x2f, 0x54, 0x61, 0x6e, 0x68, 0x00,
  0x02, 0x00, 0x00, 0x00, 0x01, 0x00, 0x00, 0x00, 0x10, 0x00, 0x00, 0x00,
  0xda, 0xea, 0xff, 0xff, 0x00, 0x00, 0x00, 0x01, 0x10, 0x00, 0x00, 0x00,
  0x10, 0x00, 0x00, 0x00, 0x3d, 0x00, 0x00, 0x00, 0x34, 0x00, 0x00, 0x00,
  0x4c, 0xea, 0xff, 0xff, 0x25, 0x00, 0x00, 0x00, 0x6d, 0x6f, 0x64, 0x65,
  0x6c, 0x5f, 0x38, 0x38, 0x2f, 0x74, 0x66, 0x2e, 0x6d, 0x61, 0x74, 0x68,
  0x2e, 0x73, 0x69, 0x67, 0x6d, 0x6f, 0x69, 0x64, 0x5f, 0x31, 0x35, 0x30,
  0x35, 0x2f, 0x53, 0x69, 0x67, 0x6d, 0x6f, 0x69, 0x64, 0x00, 0x00, 0x00,
  0x02, 0x00, 0x00, 0x00, 0x01, 0x00, 0x00, 0x00, 0x10, 0x00, 0x00, 0x00,
  0x2e, 0xeb, 0xff, 0xff, 0x00, 0x00, 0x00, 0x01, 0x10, 0x00, 0x00, 0x00,
  0x10, 0x00, 0x00, 0x00, 0x3c, 0x00, 0x00, 0x00, 0x30, 0x00, 0x00, 0x00,
  0xa0, 0xea, 0xff, 0xff, 0x23, 0x00, 0x00, 0x00, 0x6d, 0x6f, 0x64, 0x65,
  0x6c, 0x5f, 0x38, 0x38, 0x2f, 0x74, 0x66, 0x2e, 0x6d, 0x61, 0x74, 0x68,
  0x2e, 0x6d, 0x75, 0x6c, 0x74, 0x69, 0x70, 0x6c, 0x79, 0x5f, 0x31, 0x30,
  0x35, 0x31, 0x39, 0x2f, 0x4d, 0x75, 0x6c, 0x00, 0x02, 0x00, 0x00, 0x00,
  0x01, 0x00, 0x00, 0x00, 0x10, 0x00, 0x00, 0x00, 0x7e, 0xeb, 0xff, 0xff,
  0x00, 0x00, 0x00, 0x01, 0x10, 0x00, 0x00, 0x00, 0x10, 0x00, 0x00, 0x00,
  0x3b, 0x00, 0x00, 0x00, 0x34, 0x00, 0x00, 0x00, 0xf0, 0xea, 0xff, 0xff,
  0x25, 0x00, 0x00, 0x00, 0x6d, 0x6f, 0x64, 0x65, 0x6c, 0x5f, 0x38, 0x38,
  0x2f, 0x74, 0x66, 0x2e, 0x6d, 0x61, 0x74, 0x68, 0x2e, 0x73, 0x69, 0x67,
  0x6d, 0x6f, 0x69, 0x64, 0x5f, 0x31, 0x35, 0x30, 0x34, 0x2f, 0x53, 0x69,
  0x67, 0x6d, 0x6f, 0x69, 0x64, 0x00, 0x00, 0x00, 0x02, 0x00, 0x00, 0x00,
  0x01, 0x00, 0x00, 0x00, 0x10, 0x00, 0x00, 0x00, 0xd2, 0xeb, 0xff, 0xff,
  0x00, 0x00, 0x00, 0x01, 0x10, 0x00, 0x00, 0x00, 0x10, 0x00, 0x00, 0x00,
  0x3a, 0x00, 0x00, 0x00, 0x34, 0x00, 0x00, 0x00, 0x44, 0xeb, 0xff, 0xff,
  0x25, 0x00, 0x00, 0x00, 0x6d, 0x6f, 0x64, 0x65, 0x6c, 0x5f, 0x38, 0x38,
  0x2f, 0x74, 0x66, 0x2e, 0x6d, 0x61, 0x74, 0x68, 0x2e, 0x73, 0x69, 0x67,
  0x6d, 0x6f, 0x69, 0x64, 0x5f, 0x31, 0x35, 0x30, 0x33, 0x2f, 0x53, 0x69,
  0x67, 0x6d, 0x6f, 0x69, 0x64, 0x00, 0x00, 0x00, 0x02, 0x00, 0x00, 0x00,
  0x01, 0x00, 0x00, 0x00, 0x10, 0x00, 0x00, 0x00, 0x26, 0xec, 0xff, 0xff,
  0x00, 0x00, 0x00, 0x01, 0x10, 0x00, 0x00, 0x00, 0x10, 0x00, 0x00, 0x00,
  0x39, 0x00, 0x00, 0x00, 0x2c, 0x00, 0x00, 0x00, 0x98, 0xeb, 0xff, 0xff,
  0x1c, 0x00, 0x00, 0x00, 0x6d, 0x6f, 0x64, 0x65, 0x6c, 0x5f, 0x38, 0x38,
  0x2f, 0x74, 0x66, 0x2e, 0x73, 0x70, 0x6c, 0x69, 0x74, 0x5f, 0x35, 0x30,
  0x31, 0x2f, 0x73, 0x70, 0x6c, 0x69, 0x74, 0x33, 0x00, 0x00, 0x00, 0x00,
  0x02, 0x00, 0x00, 0x00, 0x01, 0x00, 0x00, 0x00, 0x10, 0x00, 0x00, 0x00,
  0x72, 0xec, 0xff, 0xff, 0x00, 0x00, 0x00, 0x01, 0x10, 0x00, 0x00, 0x00,
  0x10, 0x00, 0x00, 0x00, 0x38, 0x00, 0x00, 0x00, 0x2c, 0x00, 0x00, 0x00,
  0xe4, 0xeb, 0xff, 0xff, 0x1c, 0x00, 0x00, 0x00, 0x6d, 0x6f, 0x64, 0x65,
  0x6c, 0x5f, 0x38, 0x38, 0x2f, 0x74, 0x66, 0x2e, 0x73, 0x70, 0x6c, 0x69,
  0x74, 0x5f, 0x35, 0x30, 0x31, 0x2f, 0x73, 0x70, 0x6c, 0x69, 0x74, 0x32,
  0x00, 0x00, 0x00, 0x00, 0x02, 0x00, 0x00, 0x00, 0x01, 0x00, 0x00, 0x00,
  0x10, 0x00, 0x00, 0x00, 0xbe, 0xec, 0xff, 0xff, 0x00, 0x00, 0x00, 0x01,
  0x10, 0x00, 0x00, 0x00, 0x10, 0x00, 0x00, 0x00, 0x37, 0x00, 0x00, 0x00,
  0x2c, 0x00, 0x00, 0x00, 0x30, 0xec, 0xff, 0xff, 0x1c, 0x00, 0x00, 0x00,
  0x6d, 0x6f, 0x64, 0x65, 0x6c, 0x5f, 0x38, 0x38, 0x2f, 0x74, 0x66, 0x2e,
  0x73, 0x70, 0x6c, 0x69, 0x74, 0x5f, 0x35, 0x30, 0x31, 0x2f, 0x73, 0x70,
  0x6c, 0x69, 0x74, 0x31, 0x00, 0x00, 0x00, 0x00, 0x02, 0x00, 0x00, 0x00,
  0x01, 0x00, 0x00, 0x00, 0x10, 0x00, 0x00, 0x00, 0x0a, 0xed, 0xff, 0xff,
  0x00, 0x00, 0x00, 0x01, 0x10, 0x00, 0x00, 0x00, 0x10, 0x00, 0x00, 0x00,
  0x36, 0x00, 0x00, 0x00, 0x28, 0x00, 0x00, 0x00, 0x7c, 0xec, 0xff, 0xff,
  0x1b, 0x00, 0x00, 0x00, 0x6d, 0x6f, 0x64, 0x65, 0x6c, 0x5f, 0x38, 0x38,
  0x2f, 0x74, 0x66, 0x2e, 0x73, 0x70, 0x6c, 0x69, 0x74, 0x5f, 0x35, 0x30,
  0x31, 0x2f, 0x73, 0x70, 0x6c, 0x69, 0x74, 0x00, 0x02, 0x00, 0x00, 0x00,
  0x01, 0x00, 0x00, 0x00, 0x10, 0x00, 0x00, 0x00, 0x52, 0xed, 0xff, 0xff,
  0x00, 0x00, 0x00, 0x01, 0x10, 0x00, 0x00, 0x00, 0x10, 0x00, 0x00, 0x00,
  0x35, 0x00, 0x00, 0x00, 0x2c, 0x00, 0x00, 0x00, 0xc4, 0xec, 0xff, 0xff,
  0x1d, 0x00, 0x00, 0x00, 0x6d, 0x6f, 0x64, 0x65, 0x6c, 0x5f, 0x38, 0x38,
  0x2f, 0x74, 0x66, 0x2e, 0x6d, 0x61, 0x74, 0x68, 0x2e, 0x61, 0x64, 0x64,
  0x5f, 0x31, 0x30, 0x30, 0x32, 0x2f, 0x41, 0x64, 0x64, 0x00, 0x00, 0x00,
  0x02, 0x00, 0x00, 0x00, 0x01, 0x00, 0x00, 0x00, 0x40, 0x00, 0x00, 0x00,
  0x9e, 0xed, 0xff, 0xff, 0x00, 0x00, 0x00, 0x01, 0x10, 0x00, 0x00, 0x00,
  0x10, 0x00, 0x00, 0x00, 0x34, 0x00, 0x00, 0x00, 0x5c, 0x00, 0x00, 0x00,
  0x10, 0xed, 0xff, 0xff, 0x4d, 0x00, 0x00, 0x00, 0x6d, 0x6f, 0x64, 0x65,
  0x6c, 0x5f, 0x38, 0x38, 0x2f, 0x74, 0x66, 0x2e, 0x6c, 0x69, 0x6e, 0x61,
  0x6c, 0x67, 0x2e, 0x6d, 0x61, 0x74, 0x6d, 0x75, 0x6c, 0x5f, 0x39, 0x37,
  0x38, 0x2f, 0x4d, 0x61, 0x74, 0x4d, 0x75, 0x6c, 0x3b, 0x6d, 0x6f, 0x64,
  0x65, 0x6c, 0x5f, 0x38, 0x38, 0x2f, 0x74, 0x66, 0x2e, 0x5f, 0x5f, 0x6f,
  0x70, 0x65, 0x72, 0x61, 0x74, 0x6f, 0x72, 0x73, 0x5f, 0x5f, 0x2e, 0x61,
  0x64, 0x64, 0x5f, 0x31, 0x35, 0x33, 0x36, 0x2f, 0x41, 0x64, 0x64, 0x56,
  0x32, 0x00, 0x00, 0x00, 0x02, 0x00, 0x00, 0x00, 0x01, 0x00, 0x00, 0x00,
  0x40, 0x00, 0x00, 0x00, 0x1a, 0xee, 0xff, 0xff, 0x00, 0x00, 0x00, 0x01,
  0x10, 0x00, 0x00, 0x00, 0x10, 0x00, 0x00, 0x00, 0x33, 0x00, 0x00, 0x00,
  0x30, 0x00, 0x00, 0x00, 0x8c, 0xed, 0xff, 0xff, 0x23, 0x00, 0x00, 0x00,
  0x6d, 0x6f, 0x64, 0x65, 0x6c, 0x5f, 0x38, 0x38, 0x2f, 0x74, 0x66, 0x2e,
  0x6d, 0x61, 0x74, 0x68, 0x2e, 0x6d, 0x75, 0x6c, 0x74, 0x69, 0x70, 0x6c,
  0x79, 0x5f, 0x31, 0x30, 0x35, 0x31, 0x31, 0x2f, 0x4d, 0x75, 0x6c, 0x00,
  0x02, 0x00, 0x00, 0x00, 0x01, 0x00, 0x00, 0x00, 0x10, 0x00, 0x00, 0x00,
  0x6a, 0xee, 0xff, 0xff, 0x00, 0x00, 0x00, 0x01, 0x10, 0x00, 0x00, 0x00,
  0x10, 0x00, 0x00, 0x00, 0x32, 0x00, 0x00, 0x00, 0x2c, 0x00, 0x00, 0x00,
  0xdc, 0xed, 0xff, 0xff, 0x1f, 0x00, 0x00, 0x00, 0x6d, 0x6f, 0x64, 0x65,
  0x6c, 0x5f, 0x38, 0x38, 0x2f, 0x74, 0x66, 0x2e, 0x6d, 0x61, 0x74, 0x68,
  0x2e, 0x74, 0x61, 0x6e, 0x68, 0x5f, 0x31, 0x30, 0x30, 0x31, 0x2f, 0x54,
  0x61, 0x6e, 0x68, 0x00, 0x02, 0x00, 0x00, 0x00, 0x01, 0x00, 0x00, 0x00,
  0x10, 0x00, 0x00, 0x00, 0xb6, 0xee, 0xff, 0xff, 0x00, 0x00, 0x00, 0x01,
  0x10, 0x00, 0x00, 0x00, 0x10, 0x00, 0x00, 0x00, 0x31, 0x00, 0x00, 0x00,
  0x30, 0x00, 0x00, 0x00, 0x28, 0xee, 0xff, 0xff, 0x23, 0x00, 0x00, 0x00,
  0x6d, 0x6f, 0x64, 0x65, 0x6c, 0x5f, 0x38, 0x38, 0x2f, 0x74, 0x66, 0x2e,
  0x6d, 0x61, 0x74, 0x68, 0x2e, 0x6d, 0x75, 0x6c, 0x74, 0x69, 0x70, 0x6c,
  0x79, 0x5f, 0x31, 0x30, 0x35, 0x30, 0x34, 0x2f, 0x4d, 0x75, 0x6c, 0x00,
  0x02, 0x00, 0x00, 0x00, 0x01, 0x00, 0x00, 0x00, 0x10, 0x00, 0x00, 0x00,
  0x06, 0xef, 0xff, 0xff, 0x00, 0x00, 0x00, 0x01, 0x10, 0x00, 0x00, 0x00,
  0x10, 0x00, 0x00, 0x00, 0x30, 0x00, 0x00, 0x00, 0x2c, 0x00, 0x00, 0x00,
  0x78, 0xee, 0xff, 0xff, 0x1f, 0x00, 0x00, 0x00, 0x6d, 0x6f, 0x64, 0x65,
  0x6c, 0x5f, 0x38, 0x38, 0x2f, 0x74, 0x66, 0x2e, 0x6d, 0x61, 0x74, 0x68,
  0x2e, 0x74, 0x61, 0x6e, 0x68, 0x5f, 0x31, 0x30, 0x30, 0x30, 0x2f, 0x54,
  0x61, 0x6e, 0x68, 0x00, 0x02, 0x00, 0x00, 0x00, 0x01, 0x00, 0x00, 0x00,
  0x10, 0x00, 0x00, 0x00, 0x52, 0xef, 0xff, 0xff, 0x00, 0x00, 0x00, 0x01,
  0x10, 0x00, 0x00, 0x00, 0x10, 0x00, 0x00, 0x00, 0x2f, 0x00, 0x00, 0x00,
  0x34, 0x00, 0x00, 0x00, 0xc4, 0xee, 0xff, 0xff, 0x25, 0x00, 0x00, 0x00,
  0x6d, 0x6f, 0x64, 0x65, 0x6c, 0x5f, 0x38, 0x38, 0x2f, 0x74, 0x66, 0x2e,
  0x6d, 0x61, 0x74, 0x68, 0x2e, 0x73, 0x69, 0x67, 0x6d, 0x6f, 0x69, 0x64,
  0x5f, 0x31, 0x35, 0x30, 0x32, 0x2f, 0x53, 0x69, 0x67, 0x6d, 0x6f, 0x69,
  0x64, 0x00, 0x00, 0x00, 0x02, 0x00, 0x00, 0x00, 0x01, 0x00, 0x00, 0x00,
  0x10, 0x00, 0x00, 0x00, 0xa6, 0xef, 0xff, 0xff, 0x00, 0x00, 0x00, 0x01,
  0x10, 0x00, 0x00, 0x00, 0x10, 0x00, 0x00, 0x00, 0x2e, 0x00, 0x00, 0x00,
  0x34, 0x00, 0x00, 0x00, 0x18, 0xef, 0xff, 0xff, 0x25, 0x00, 0x00, 0x00,
  0x6d, 0x6f, 0x64, 0x65, 0x6c, 0x5f, 0x38, 0x38, 0x2f, 0x74, 0x66, 0x2e,
  0x6d, 0x61, 0x74, 0x68, 0x2e, 0x73, 0x69, 0x67, 0x6d, 0x6f, 0x69, 0x64,
  0x5f, 0x31, 0x35, 0x30, 0x30, 0x2f, 0x53, 0x69, 0x67, 0x6d, 0x6f, 0x69,
  0x64, 0x00, 0x00, 0x00, 0x02, 0x00, 0x00, 0x00, 0x01, 0x00, 0x00, 0x00,
  0x10, 0x00, 0x00, 0x00, 0xfa, 0xef, 0xff, 0xff, 0x00, 0x00, 0x00, 0x01,
  0x10, 0x00, 0x00, 0x00, 0x10, 0x00, 0x00, 0x00, 0x2d, 0x00, 0x00, 0x00,
  0x2c, 0x00, 0x00, 0x00, 0x6c, 0xef, 0xff, 0xff, 0x1c, 0x00, 0x00, 0x00,
  0x6d, 0x6f, 0x64, 0x65, 0x6c, 0x5f, 0x38, 0x38, 0x2f, 0x74, 0x66, 0x2e,
  0x73, 0x70, 0x6c, 0x69, 0x74, 0x5f, 0x35, 0x30, 0x30, 0x2f, 0x73, 0x70,
  0x6c, 0x69, 0x74, 0x33, 0x00, 0x00, 0x00, 0x00, 0x02, 0x00, 0x00, 0x00,
  0x01, 0x00, 0x00, 0x00, 0x10, 0x00, 0x00, 0x00, 0x46, 0xf0, 0xff, 0xff,
  0x00, 0x00, 0x00, 0x01, 0x10, 0x00, 0x00, 0x00, 0x10, 0x00, 0x00, 0x00,
  0x2c, 0x00, 0x00, 0x00, 0x2c, 0x00, 0x00, 0x00, 0xb8, 0xef, 0xff, 0xff,
  0x1c, 0x00, 0x00, 0x00, 0x6d, 0x6f, 0x64, 0x65, 0x6c, 0x5f, 0x38, 0x38,
  0x2f, 0x74, 0x66, 0x2e, 0x73, 0x70, 0x6c, 0x69, 0x74, 0x5f, 0x35, 0x30,
  0x30, 0x2f, 0x73, 0x70, 0x6c, 0x69, 0x74, 0x32, 0x00, 0x00, 0x00, 0x00,
  0x02, 0x00, 0x00, 0x00, 0x01, 0x00, 0x00, 0x00, 0x10, 0x00, 0x00, 0x00,
  0x92, 0xf0, 0xff, 0xff, 0x00, 0x00, 0x00, 0x01, 0x10, 0x00, 0x00, 0x00,
  0x10, 0x00, 0x00, 0x00, 0x2b, 0x00, 0x00, 0x00, 0x2c, 0x00, 0x00, 0x00,
  0x04, 0xf0, 0xff, 0xff, 0x1c, 0x00, 0x00, 0x00, 0x6d, 0x6f, 0x64, 0x65,
  0x6c, 0x5f, 0x38, 0x38, 0x2f, 0x74, 0x66, 0x2e, 0x73, 0x70, 0x6c, 0x69,
  0x74, 0x5f, 0x35, 0x30, 0x30, 0x2f, 0x73, 0x70, 0x6c, 0x69, 0x74, 0x31,
  0x00, 0x00, 0x00, 0x00, 0x02, 0x00, 0x00, 0x00, 0x01, 0x00, 0x00, 0x00,
  0x10, 0x00, 0x00, 0x00, 0xde, 0xf0, 0xff, 0xff, 0x00, 0x00, 0x00, 0x01,
  0x10, 0x00, 0x00, 0x00, 0x10, 0x00, 0x00, 0x00, 0x2a, 0x00, 0x00, 0x00,
  0x28, 0x00, 0x00, 0x00, 0x50, 0xf0, 0xff, 0xff, 0x1b, 0x00, 0x00, 0x00,
  0x6d, 0x6f, 0x64, 0x65, 0x6c, 0x5f, 0x38, 0x38, 0x2f, 0x74, 0x66, 0x2e,
  0x73, 0x70, 0x6c, 0x69, 0x74, 0x5f, 0x35, 0x30, 0x30, 0x2f, 0x73, 0x70,
  0x6c, 0x69, 0x74, 0x00, 0x02, 0x00, 0x00, 0x00, 0x01, 0x00, 0x00, 0x00,
  0x10, 0x00, 0x00, 0x00, 0x26, 0xf1, 0xff, 0xff, 0x00, 0x00, 0x00, 0x01,
  0x10, 0x00, 0x00, 0x00, 0x10, 0x00, 0x00, 0x00, 0x29, 0x00, 0x00, 0x00,
  0x84, 0x00, 0x00, 0x00, 0x98, 0xf0, 0xff, 0xff, 0x74, 0x00, 0x00, 0x00,
  0x6d, 0x6f, 0x64, 0x65, 0x6c, 0x5f, 0x38, 0x38, 0x2f, 0x74, 0x66, 0x2e,
  0x6c, 0x69, 0x6e, 0x61, 0x6c, 0x67, 0x2e, 0x6d, 0x61, 0x74, 0x6d, 0x75,
  0x6c, 0x5f, 0x39, 0x36, 0x38, 0x2f, 0x4d, 0x61, 0x74, 0x4d, 0x75, 0x6c,
  0x3b, 0x6d, 0x6f, 0x64, 0x65, 0x6c, 0x5f, 0x38, 0x38, 0x2f, 0x74, 0x66,
  0x2e, 0x6d, 0x61, 0x74, 0x68, 0x2e, 0x61, 0x64, 0x64, 0x5f, 0x31, 0x30,
  0x30, 0x30, 0x2f, 0x41, 0x64, 0x64, 0x3b, 0x6d, 0x6f, 0x64, 0x65, 0x6c,
  0x5f, 0x38, 0x38, 0x2f, 0x74, 0x66, 0x2e, 0x5f, 0x5f, 0x6f, 0x70, 0x65,
  0x72, 0x61, 0x74, 0x6f, 0x72, 0x73, 0x5f, 0x5f, 0x2e, 0x61, 0x64, 0x64,
  0x5f, 0x31, 0x35, 0x32, 0x36, 0x2f, 0x41, 0x64, 0x64, 0x56, 0x32, 0x3b,
  0x43, 0x6f, 0x6e, 0x73, 0x74, 0x5f, 0x34, 0x38, 0x00, 0x00, 0x00, 0x00,
  0x02, 0x00, 0x00, 0x00, 0x01, 0x00, 0x00, 0x00, 0x40, 0x00, 0x00, 0x00,
  0xca, 0xf1, 0xff, 0xff, 0x00, 0x00, 0x00, 0x01, 0x10, 0x00, 0x00, 0x00,
  0x10, 0x00, 0x00, 0x00, 0x28, 0x00, 0x00, 0x00, 0x5c, 0x00, 0x00, 0x00,
  0x3c, 0xf1, 0xff, 0xff, 0x4d, 0x00, 0x00, 0x00, 0x6d, 0x6f, 0x64, 0x65,
  0x6c, 0x5f, 0x38, 0x38, 0x2f, 0x74, 0x66, 0x2e, 0x6c, 0x69, 0x6e, 0x61,
  0x6c, 0x67, 0x2e, 0x6d, 0x61, 0x74, 0x6d, 0x75, 0x6c, 0x5f, 0x39, 0x37,
  0x37, 0x2f, 0x4d, 0x61, 0x74, 0x4d, 0x75, 0x6c, 0x3b, 0x6d, 0x6f, 0x64,
  0x65, 0x6c, 0x5f, 0x38, 0x38, 0x2f, 0x74, 0x66, 0x2e, 0x5f, 0x5f, 0x6f,
  0x70, 0x65, 0x72, 0x61, 0x74, 0x6f, 0x72, 0x73, 0x5f, 0x5f, 0x2e, 0x61,
  0x64, 0x64, 0x5f, 0x31, 0x35, 0x33, 0x35, 0x2f, 0x41, 0x64, 0x64, 0x56,
  0x32, 0x00, 0x00, 0x00, 0x02, 0x00, 0x00, 0x00, 0x01, 0x00, 0x00, 0x00,
  0x40, 0x00, 0x00, 0x00, 0x46, 0xf2, 0xff, 0xff, 0x00, 0x00, 0x00, 0x01,
  0x10, 0x00, 0x00, 0x00, 0x10, 0x00, 0x00, 0x00, 0x27, 0x00, 0x00, 0x00,
  0x5c, 0x00, 0x00, 0x00, 0xb8, 0xf1, 0xff, 0xff, 0x4d, 0x00, 0x00, 0x00,
  0x6d, 0x6f, 0x64, 0x65, 0x6c, 0x5f, 0x38, 0x38, 0x2f, 0x74, 0x66, 0x2e,
  0x6c, 0x69, 0x6e, 0x61, 0x6c, 0x67, 0x2e, 0x6d, 0x61, 0x74, 0x6d, 0x75,
  0x6c, 0x5f, 0x39, 0x37, 0x36, 0x2f, 0x4d, 0x61, 0x74, 0x4d, 0x75, 0x6c,
  0x3b, 0x6d, 0x6f, 0x64, 0x65, 0x6c, 0x5f, 0x38, 0x38, 0x2f, 0x74, 0x66,
  0x2e, 0x5f, 0x5f, 0x6f, 0x70, 0x65, 0x72, 0x61, 0x74, 0x6f, 0x72, 0x73,
  0x5f, 0x5f, 0x2e, 0x61, 0x64, 0x64, 0x5f, 0x31, 0x35, 0x33, 0x34, 0x2f,
  0x41, 0x64, 0x64, 0x56, 0x32, 0x00, 0x00, 0x00, 0x02, 0x00, 0x00, 0x00,
  0x01, 0x00, 0x00, 0x00, 0x40, 0x00, 0x00, 0x00, 0xc2, 0xf2, 0xff, 0xff,
  0x00, 0x00, 0x00, 0x01, 0x10, 0x00, 0x00, 0x00, 0x10, 0x00, 0x00, 0x00,
  0x26, 0x00, 0x00, 0x00, 0x5c, 0x00, 0x00, 0x00, 0x34, 0xf2, 0xff, 0xff,
  0x4d, 0x00, 0x00, 0x00, 0x6d, 0x6f, 0x64, 0x65, 0x6c, 0x5f, 0x38, 0x38,
  0x2f, 0x74, 0x66, 0x2e, 0x6c, 0x69, 0x6e, 0x61, 0x6c, 0x67, 0x2e, 0x6d,
  0x61, 0x74, 0x6d, 0x75, 0x6c, 0x5f, 0x39, 0x37, 0x35, 0x2f, 0x4d, 0x61,
  0x74, 0x4d, 0x75, 0x6c, 0x3b, 0x6d, 0x6f, 0x64, 0x65, 0x6c, 0x5f, 0x38,
  0x38, 0x2f, 0x74, 0x66, 0x2e, 0x5f, 0x5f, 0x6f, 0x70, 0x65, 0x72, 0x61,
  0x74, 0x6f, 0x72, 0x73, 0x5f, 0x5f, 0x2e, 0x61, 0x64, 0x64, 0x5f, 0x31,
  0x35, 0x33, 0x33, 0x2f, 0x41, 0x64, 0x64, 0x56, 0x32, 0x00, 0x00, 0x00,
  0x02, 0x00, 0x00, 0x00, 0x01, 0x00, 0x00, 0x00, 0x40, 0x00, 0x00, 0x00,
  0x3e, 0xf3, 0xff, 0xff, 0x00, 0x00, 0x00, 0x01, 0x10, 0x00, 0x00, 0x00,
  0x10, 0x00, 0x00, 0x00, 0x25, 0x00, 0x00, 0x00, 0x5c, 0x00, 0x00, 0x00,
  0xb0, 0xf2, 0xff, 0xff, 0x4d, 0x00, 0x00, 0x00, 0x6d, 0x6f, 0x64, 0x65,
  0x6c, 0x5f, 0x38, 0x38, 0x2f, 0x74, 0x66, 0x2e, 0x6c, 0x69, 0x6e, 0x61,
  0x6c, 0x67, 0x2e, 0x6d, 0x61, 0x74, 0x6d, 0x75, 0x6c, 0x5f, 0x39, 0x37,
  0x34, 0x2f, 0x4d, 0x61, 0x74, 0x4d, 0x75, 0x6c, 0x3b, 0x6d, 0x6f, 0x64,
  0x65, 0x6c, 0x5f, 0x38, 0x38, 0x2f, 0x74, 0x66, 0x2e, 0x5f, 0x5f, 0x6f,
  0x70, 0x65, 0x72, 0x61, 0x74, 0x6f, 0x72, 0x73, 0x5f, 0x5f, 0x2e, 0x61,
  0x64, 0x64, 0x5f, 0x31, 0x35, 0x33, 0x32, 0x2f, 0x41, 0x64, 0x64, 0x56,
  0x32, 0x00, 0x00, 0x00, 0x02, 0x00, 0x00, 0x00, 0x01, 0x00, 0x00, 0x00,
  0x40, 0x00, 0x00, 0x00, 0xba, 0xf3, 0xff, 0xff, 0x00, 0x00, 0x00, 0x01,
  0x10, 0x00, 0x00, 0x00, 0x10, 0x00, 0x00, 0x00, 0x24, 0x00, 0x00, 0x00,
  0x5c, 0x00, 0x00, 0x00, 0x2c, 0xf3, 0xff, 0xff, 0x4d, 0x00, 0x00, 0x00,
  0x6d, 0x6f, 0x64, 0x65, 0x6c, 0x5f, 0x38, 0x38, 0x2f, 0x74, 0x66, 0x2e,
  0x6c, 0x69, 0x6e, 0x61, 0x6c, 0x67, 0x2e, 0x6d, 0x61, 0x74, 0x6d, 0x75,
  0x6c, 0x5f, 0x39, 0x37, 0x33, 0x2f, 0x4d, 0x61, 0x74, 0x4d, 0x75, 0x6c,
  0x3b, 0x6d, 0x6f, 0x64, 0x65, 0x6c, 0x5f, 0x38, 0x38, 0x2f, 0x74, 0x66,
  0x2e, 0x5f, 0x5f, 0x6f, 0x70, 0x65, 0x72, 0x61, 0x74, 0x6f, 0x72, 0x73,
  0x5f, 0x5f, 0x2e, 0x61, 0x64, 0x64, 0x5f, 0x31, 0x35, 0x33, 0x31, 0x2f,
  0x41, 0x64, 0x64, 0x56, 0x32, 0x00, 0x00, 0x00, 0x02, 0x00, 0x00, 0x00,
  0x01, 0x00, 0x00, 0x00, 0x40, 0x00, 0x00, 0x00, 0x36, 0xf4, 0xff, 0xff,
  0x00, 0x00, 0x00, 0x01, 0x10, 0x00, 0x00, 0x00, 0x10, 0x00, 0x00, 0x00,
  0x23, 0x00, 0x00, 0x00, 0x5c, 0x00, 0x00, 0x00, 0xa8, 0xf3, 0xff, 0xff,
  0x4d, 0x00, 0x00, 0x00, 0x6d, 0x6f, 0x64, 0x65, 0x6c, 0x5f, 0x38, 0x38,
  0x2f, 0x74, 0x66, 0x2e, 0x6c, 0x69, 0x6e, 0x61, 0x6c, 0x67, 0x2e, 0x6d,
  0x61, 0x74, 0x6d, 0x75, 0x6c, 0x5f, 0x39, 0x37, 0x32, 0x2f, 0x4d, 0x61,
  0x74, 0x4d, 0x75, 0x6c, 0x3b, 0x6d, 0x6f, 0x64, 0x65, 0x6c, 0x5f, 0x38,
  0x38, 0x2f, 0x74, 0x66, 0x2e, 0x5f, 0x5f, 0x6f, 0x70, 0x65, 0x72, 0x61,
  0x74, 0x6f, 0x72, 0x73, 0x5f, 0x5f, 0x2e, 0x61, 0x64, 0x64, 0x5f, 0x31,
  0x35, 0x33, 0x30, 0x2f, 0x41, 0x64, 0x64, 0x56, 0x32, 0x00, 0x00, 0x00,
  0x02, 0x00, 0x00, 0x00, 0x01, 0x00, 0x00, 0x00, 0x40, 0x00, 0x00, 0x00,
  0xb2, 0xf4, 0xff, 0xff, 0x00, 0x00, 0x00, 0x01, 0x10, 0x00, 0x00, 0x00,
  0x10, 0x00, 0x00, 0x00, 0x22, 0x00, 0x00, 0x00, 0x5c, 0x00, 0x00, 0x00,
  0x24, 0xf4, 0xff, 0xff, 0x4d, 0x00, 0x00, 0x00, 0x6d, 0x6f, 0x64, 0x65,
  0x6c, 0x5f, 0x38, 0x38, 0x2f, 0x74, 0x66, 0x2e, 0x6c, 0x69, 0x6e, 0x61,
  0x6c, 0x67, 0x2e, 0x6d, 0x61, 0x74, 0x6d, 0x75, 0x6c, 0x5f, 0x39, 0x37,
  0x31, 0x2f, 0x4d, 0x61, 0x74, 0x4d, 0x75, 0x6c, 0x3b, 0x6d, 0x6f, 0x64,
  0x65, 0x6c, 0x5f, 0x38, 0x38, 0x2f, 0x74, 0x66, 0x2e, 0x5f, 0x5f, 0x6f,
  0x70, 0x65, 0x72, 0x61, 0x74, 0x6f, 0x72, 0x73, 0x5f, 0x5f, 0x2e, 0x61,
  0x64, 0x64, 0x5f, 0x31, 0x35, 0x32, 0x39, 0x2f, 0x41, 0x64, 0x64, 0x56,
  0x32, 0x00, 0x00, 0x00, 0x02, 0x00, 0x00, 0x00, 0x01, 0x00, 0x00, 0x00,
  0x40, 0x00, 0x00, 0x00, 0x2e, 0xf5, 0xff, 0xff, 0x00, 0x00, 0x00, 0x01,
  0x10, 0x00, 0x00, 0x00, 0x10, 0x00, 0x00, 0x00, 0x21, 0x00, 0x00, 0x00,
  0x5c, 0x00, 0x00, 0x00, 0xa0, 0xf4, 0xff, 0xff, 0x4d, 0x00, 0x00, 0x00,
  0x6d, 0x6f, 0x64, 0x65, 0x6c, 0x5f, 0x38, 0x38, 0x2f, 0x74, 0x66, 0x2e,
  0x6c, 0x69, 0x6e, 0x61, 0x6c, 0x67, 0x2e, 0x6d, 0x61, 0x74, 0x6d, 0x75,
  0x6c, 0x5f, 0x39, 0x37, 0x30, 0x2f, 0x4d, 0x61, 0x74, 0x4d, 0x75, 0x6c,
  0x3b, 0x6d, 0x6f, 0x64, 0x65, 0x6c, 0x5f, 0x38, 0x38, 0x2f, 0x74, 0x66,
  0x2e, 0x5f, 0x5f, 0x6f, 0x70, 0x65, 0x72, 0x61, 0x74, 0x6f, 0x72, 0x73,
  0x5f, 0x5f, 0x2e, 0x61, 0x64, 0x64, 0x5f, 0x31, 0x35, 0x32, 0x38, 0x2f,
  0x41, 0x64, 0x64, 0x56, 0x32, 0x00, 0x00, 0x00, 0x02, 0x00, 0x00, 0x00,
  0x01, 0x00, 0x00, 0x00, 0x40, 0x00, 0x00, 0x00, 0xaa, 0xf5, 0xff, 0xff,
  0x00, 0x00, 0x00, 0x01, 0x10, 0x00, 0x00, 0x00, 0x10, 0x00, 0x00, 0x00,
  0x20, 0x00, 0x00, 0x00, 0x5c, 0x00, 0x00, 0x00, 0x1c, 0xf5, 0xff, 0xff,
  0x4d, 0x00, 0x00, 0x00, 0x6d, 0x6f, 0x64, 0x65, 0x6c, 0x5f, 0x38, 0x38,
  0x2f, 0x74, 0x66, 0x2e, 0x6c, 0x69, 0x6e, 0x61, 0x6c, 0x67, 0x2e, 0x6d,
  0x61, 0x74, 0x6d, 0x75, 0x6c, 0x5f, 0x39, 0x36, 0x39, 0x2f, 0x4d, 0x61,
  0x74, 0x4d, 0x75, 0x6c, 0x3b, 0x6d, 0x6f, 0x64, 0x65, 0x6c, 0x5f, 0x38,
  0x38, 0x2f, 0x74, 0x66, 0x2e, 0x5f, 0x5f, 0x6f, 0x70, 0x65, 0x72, 0x61,
  0x74, 0x6f, 0x72, 0x73, 0x5f, 0x5f, 0x2e, 0x61, 0x64, 0x64, 0x5f, 0x31,
  0x35, 0x32, 0x37, 0x2f, 0x41, 0x64, 0x64, 0x56, 0x32, 0x00, 0x00, 0x00,
  0x02, 0x00, 0x00, 0x00, 0x01, 0x00, 0x00, 0x00, 0x40, 0x00, 0x00, 0x00,
  0x26, 0xf6, 0xff, 0xff, 0x00, 0x00, 0x00, 0x01, 0x10, 0x00, 0x00, 0x00,
  0x10, 0x00, 0x00, 0x00, 0x1f, 0x00, 0x00, 0x00, 0x38, 0x00, 0x00, 0x00,
  0x98, 0xf5, 0xff, 0xff, 0x2a, 0x00, 0x00, 0x00, 0x6d, 0x6f, 0x64, 0x65,
  0x6c, 0x5f, 0x38, 0x38, 0x2f, 0x74, 0x66, 0x2e, 0x63, 0x6f, 0x6d, 0x70,
  0x61, 0x74, 0x2e, 0x76, 0x31, 0x2e, 0x67, 0x61, 0x74, 0x68, 0x65, 0x72,
  0x5f, 0x35, 0x31, 0x37, 0x2f, 0x47, 0x61, 0x74, 0x68, 0x65, 0x72, 0x56,
  0x32, 0x3b, 0x00, 0x00, 0x02, 0x00, 0x00, 0x00, 0x01, 0x00, 0x00, 0x00,
  0x09, 0x00, 0x00, 0x00, 0x7e, 0xf6, 0xff, 0xff, 0x00, 0x00, 0x00, 0x01,
  0x10, 0x00, 0x00, 0x00, 0x10, 0x00, 0x00, 0x00, 0x1e, 0x00, 0x00, 0x00,
  0x38, 0x00, 0x00, 0x00, 0xf0, 0xf5, 0xff, 0xff, 0x2a, 0x00, 0x00, 0x00,
  0x6d, 0x6f, 0x64, 0x65, 0x6c, 0x5f, 0x38, 0x38, 0x2f, 0x74, 0x66, 0x2e,
  0x63, 0x6f, 0x6d, 0x70, 0x61, 0x74, 0x2e, 0x76, 0x31, 0x2e, 0x67, 0x61,
  0x74, 0x68, 0x65, 0x72, 0x5f, 0x35, 0x31, 0x36, 0x2f, 0x47, 0x61, 0x74,
  0x68, 0x65, 0x72, 0x56, 0x32, 0x3b, 0x00, 0x00, 0x02, 0x00, 0x00, 0x00,
  0x01, 0x00, 0x00, 0x00, 0x09, 0x00, 0x00, 0x00, 0xd6, 0xf6, 0xff, 0xff,
  0x00, 0x00, 0x00, 0x01, 0x10, 0x00, 0x00, 0x00, 0x10, 0x00, 0x00, 0x00,
  0x1d, 0x00, 0x00, 0x00, 0x38, 0x00, 0x00, 0x00, 0x48, 0xf6, 0xff, 0xff,
  0x2a, 0x00, 0x00, 0x00, 0x6d, 0x6f, 0x64, 0x65, 0x6c, 0x5f, 0x38, 0x38,
  0x2f, 0x74, 0x66, 0x2e, 0x63, 0x6f, 0x6d, 0x70, 0x61, 0x74, 0x2e, 0x76,
  0x31, 0x2e, 0x67, 0x61, 0x74, 0x68, 0x65, 0x72, 0x5f, 0x35, 0x31, 0x35,
  0x2f, 0x47, 0x61, 0x74, 0x68, 0x65, 0x72, 0x56, 0x32, 0x3b, 0x00, 0x00,
  0x02, 0x00, 0x00, 0x00, 0x01, 0x00, 0x00, 0x00, 0x09, 0x00, 0x00, 0x00,
  0x2e, 0xf7, 0xff, 0xff, 0x00, 0x00, 0x00, 0x01, 0x10, 0x00, 0x00, 0x00,
  0x10, 0x00, 0x00, 0x00, 0x1c, 0x00, 0x00, 0x00, 0x38, 0x00, 0x00, 0x00,
  0xa0, 0xf6, 0xff, 0xff, 0x2a, 0x00, 0x00, 0x00, 0x6d, 0x6f, 0x64, 0x65,
  0x6c, 0x5f, 0x38, 0x38, 0x2f, 0x74, 0x66, 0x2e, 0x63, 0x6f, 0x6d, 0x70,
  0x61, 0x74, 0x2e, 0x76, 0x31, 0x2e, 0x67, 0x61, 0x74, 0x68, 0x65, 0x72,
  0x5f, 0x35, 0x31, 0x34, 0x2f, 0x47, 0x61, 0x74, 0x68, 0x65, 0x72, 0x56,
  0x32, 0x3b, 0x00, 0x00, 0x02, 0x00, 0x00, 0x00, 0x01, 0x00, 0x00, 0x00,
  0x09, 0x00, 0x00, 0x00, 0x86, 0xf7, 0xff, 0xff, 0x00, 0x00, 0x00, 0x01,
  0x10, 0x00, 0x00, 0x00, 0x10, 0x00, 0x00, 0x00, 0x1b, 0x00, 0x00, 0x00,
  0x38, 0x00, 0x00, 0x00, 0xf8, 0xf6, 0xff, 0xff, 0x2a, 0x00, 0x00, 0x00,
  0x6d, 0x6f, 0x64, 0x65, 0x6c, 0x5f, 0x38, 0x38, 0x2f, 0x74, 0x66, 0x2e,
  0x63, 0x6f, 0x6d, 0x70, 0x61, 0x74, 0x2e, 0x76, 0x31, 0x2e, 0x67, 0x61,
  0x74, 0x68, 0x65, 0x72, 0x5f, 0x35, 0x31, 0x33, 0x2f, 0x47, 0x61, 0x74,
  0x68, 0x65, 0x72, 0x56, 0x32, 0x3b, 0x00, 0x00, 0x02, 0x00, 0x00, 0x00,
  0x01, 0x00, 0x00, 0x00, 0x09, 0x00, 0x00, 0x00, 0xde, 0xf7, 0xff, 0xff,
  0x00, 0x00, 0x00, 0x01, 0x10, 0x00, 0x00, 0x00, 0x10, 0x00, 0x00, 0x00,
  0x1a, 0x00, 0x00, 0x00, 0x38, 0x00, 0x00, 0x00, 0x50, 0xf7, 0xff, 0xff,
  0x2a, 0x00, 0x00, 0x00, 0x6d, 0x6f, 0x64, 0x65, 0x6c, 0x5f, 0x38, 0x38,
  0x2f, 0x74, 0x66, 0x2e, 0x63, 0x6f, 0x6d, 0x70, 0x61, 0x74, 0x2e, 0x76,
  0x31, 0x2e, 0x67, 0x61, 0x74, 0x68, 0x65, 0x72, 0x5f, 0x35, 0x31, 0x32,
  0x2f, 0x47, 0x61, 0x74, 0x68, 0x65, 0x72, 0x56, 0x32, 0x3b, 0x00, 0x00,
  0x02, 0x00, 0x00, 0x00, 0x01, 0x00, 0x00, 0x00, 0x09, 0x00, 0x00, 0x00,
  0x36, 0xf8, 0xff, 0xff, 0x00, 0x00, 0x00, 0x01, 0x10, 0x00, 0x00, 0x00,
  0x10, 0x00, 0x00, 0x00, 0x19, 0x00, 0x00, 0x00, 0x38, 0x00, 0x00, 0x00,
  0xa8, 0xf7, 0xff, 0xff, 0x2a, 0x00, 0x00, 0x00, 0x6d, 0x6f, 0x64, 0x65,
  0x6c, 0x5f, 0x38, 0x38, 0x2f, 0x74, 0x66, 0x2e, 0x63, 0x6f, 0x6d, 0x70,
  0x61, 0x74, 0x2e, 0x76, 0x31, 0x2e, 0x67, 0x61, 0x74, 0x68, 0x65, 0x72,
  0x5f, 0x35, 0x31, 0x31, 0x2f, 0x47, 0x61, 0x74, 0x68, 0x65, 0x72, 0x56,
  0x32, 0x3b, 0x00, 0x00, 0x02, 0x00, 0x00, 0x00, 0x01, 0x00, 0x00, 0x00,
  0x09, 0x00, 0x00, 0x00, 0x8e, 0xf8, 0xff, 0xff, 0x00, 0x00, 0x00, 0x01,
  0x10, 0x00, 0x00, 0x00, 0x10, 0x00, 0x00, 0x00, 0x18, 0x00, 0x00, 0x00,
  0x38, 0x00, 0x00, 0x00, 0x00, 0xf8, 0xff, 0xff, 0x2a, 0x00, 0x00, 0x00,
  0x6d, 0x6f, 0x64, 0x65, 0x6c, 0x5f, 0x38, 0x38, 0x2f, 0x74, 0x66, 0x2e,
  0x63, 0x6f, 0x6d, 0x70, 0x61, 0x74, 0x2e, 0x76, 0x31, 0x2e, 0x67, 0x61,
  0x74, 0x68, 0x65, 0x72, 0x5f, 0x35, 0x31, 0x30, 0x2f, 0x47, 0x61, 0x74,
  0x68, 0x65, 0x72, 0x56, 0x32, 0x3b, 0x00, 0x00, 0x02, 0x00, 0x00, 0x00,
  0x01, 0x00, 0x00, 0x00, 0x09, 0x00, 0x00, 0x00, 0xe6, 0xf8, 0xff, 0xff,
  0x00, 0x00, 0x00, 0x01, 0x10, 0x00, 0x00, 0x00, 0x10, 0x00, 0x00, 0x00,
  0x17, 0x00, 0x00, 0x00, 0x38, 0x00, 0x00, 0x00, 0x58, 0xf8, 0xff, 0xff,
  0x2a, 0x00, 0x00, 0x00, 0x6d, 0x6f, 0x64, 0x65, 0x6c, 0x5f, 0x38, 0x38,
  0x2f, 0x74, 0x66, 0x2e, 0x63, 0x6f, 0x6d, 0x70, 0x61, 0x74, 0x2e, 0x76,
  0x31, 0x2e, 0x67, 0x61, 0x74, 0x68, 0x65, 0x72, 0x5f, 0x35, 0x30, 0x39,
  0x2f, 0x47, 0x61, 0x74, 0x68, 0x65, 0x72, 0x56, 0x32, 0x3b, 0x00, 0x00,
  0x02, 0x00, 0x00, 0x00, 0x01, 0x00, 0x00, 0x00, 0x09, 0x00, 0x00, 0x00,
  0x3e, 0xf9, 0xff, 0xff, 0x00, 0x00, 0x00, 0x01, 0x10, 0x00, 0x00, 0x00,
  0x10, 0x00, 0x00, 0x00, 0x16, 0x00, 0x00, 0x00, 0x38, 0x00, 0x00, 0x00,
  0xb0, 0xf8, 0xff, 0xff, 0x2a, 0x00, 0x00, 0x00, 0x6d, 0x6f, 0x64, 0x65,
  0x6c, 0x5f, 0x38, 0x38, 0x2f, 0x74, 0x66, 0x2e, 0x63, 0x6f, 0x6d, 0x70,
  0x61, 0x74, 0x2e, 0x76, 0x31, 0x2e, 0x67, 0x61, 0x74, 0x68, 0x65, 0x72,
  0x5f, 0x35, 0x30, 0x38, 0x2f, 0x47, 0x61, 0x74, 0x68, 0x65, 0x72, 0x56,
  0x32, 0x3b, 0x00, 0x00, 0x02, 0x00, 0x00, 0x00, 0x01, 0x00, 0x00, 0x00,
  0x09, 0x00, 0x00, 0x00, 0x96, 0xf9, 0xff, 0xff, 0x00, 0x00, 0x00, 0x01,
  0x10, 0x00, 0x00, 0x00, 0x10, 0x00, 0x00, 0x00, 0x15, 0x00, 0x00, 0x00,
  0x3c, 0x00, 0x00, 0x00, 0x08, 0xf9, 0xff, 0xff, 0x2f, 0x00, 0x00, 0x00,
  0x6d, 0x6f, 0x64, 0x65, 0x6c, 0x5f, 0x38, 0x38, 0x2f, 0x74, 0x66, 0x2e,
  0x63, 0x6f, 0x6d, 0x70, 0x61, 0x74, 0x2e, 0x76, 0x31, 0x2e, 0x73, 0x71,
  0x75, 0x65, 0x65, 0x7a, 0x65, 0x5f, 0x31, 0x32, 0x38, 0x2f, 0x6e, 0x6f,
  0x64, 0x65, 0x5f, 0x73, 0x71, 0x75, 0x65, 0x65, 0x7a, 0x65, 0x31, 0x00,
  0x03, 0x00, 0x00, 0x00, 0x01, 0x00, 0x00, 0x00, 0x0a, 0x00, 0x00, 0x00,
  0x09, 0x00, 0x00, 0x00, 0x52, 0xfc, 0xff, 0xff, 0x00, 0x00, 0x00, 0x01,
  0x14, 0x00, 0x00, 0x00, 0x14, 0x00, 0x00, 0x00, 0x14, 0x00, 0x00, 0x00,
  0x00, 0x00, 0x00, 0x02, 0x3c, 0x00, 0x00, 0x00, 0x6c, 0xf9, 0xff, 0xff,
  0x2e, 0x00, 0x00, 0x00, 0x6d, 0x6f, 0x64, 0x65, 0x6c, 0x5f, 0x38, 0x38,
  0x2f, 0x74, 0x66, 0x2e, 0x63, 0x6f, 0x6d, 0x70, 0x61, 0x74, 0x2e, 0x76,
  0x31, 0x2e, 0x73, 0x71, 0x75, 0x65, 0x65, 0x7a, 0x65, 0x5f, 0x31, 0x32,
  0x38, 0x2f, 0x6e, 0x6f, 0x64, 0x65, 0x5f, 0x73, 0x71, 0x75, 0x65, 0x65,
  0x7a, 0x65, 0x00, 0x00, 0x01, 0x00, 0x00, 0x00, 0x03, 0x00, 0x00, 0x00,
  0xae, 0xfc, 0xff, 0xff, 0x00, 0x00, 0x00, 0x01, 0x14, 0x00, 0x00, 0x00,
  0x14, 0x00, 0x00, 0x00, 0x13, 0x00, 0x00, 0x00, 0x00, 0x00, 0x00, 0x02,
  0x1c, 0x00, 0x00, 0x00, 0xc8, 0xf9, 0xff, 0xff, 0x0f, 0x00, 0x00, 0x00,
  0x61, 0x72, 0x69, 0x74, 0x68, 0x2e, 0x63, 0x6f, 0x6e, 0x73, 0x74, 0x61,
  0x6e, 0x74, 0x36, 0x00, 0x00, 0x00, 0x00, 0x00, 0xe6, 0xfc, 0xff, 0xff,
  0x00, 0x00, 0x00, 0x01, 0x14, 0x00, 0x00, 0x00, 0x14, 0x00, 0x00, 0x00,
  0x12, 0x00, 0x00, 0x00, 0x00, 0x00, 0x00, 0x02, 0x40, 0x00, 0x00, 0x00,
  0x00, 0xfa, 0xff, 0xff, 0x31, 0x00, 0x00, 0x00, 0x6d, 0x6f, 0x64, 0x65,
  0x6c, 0x5f, 0x38, 0x38, 0x2f, 0x74, 0x66, 0x2e, 0x63, 0x6f, 0x6d, 0x70,
  0x61, 0x74, 0x2e, 0x76, 0x31, 0x2e, 0x67, 0x61, 0x74, 0x68, 0x65, 0x72,
  0x5f, 0x35, 0x30, 0x38, 0x2f, 0x47, 0x61, 0x74, 0x68, 0x65, 0x72, 0x56,
  0x32, 0x2f, 0x69, 0x6e, 0x64, 0x69, 0x63, 0x65, 0x73, 0x00, 0x00, 0x00,
  0x00, 0x00, 0x00, 0x00, 0x42, 0xfd, 0xff, 0xff, 0x00, 0x00, 0x00, 0x01,
  0x14, 0x00, 0x00, 0x00, 0x14, 0x00, 0x00, 0x00, 0x11, 0x00, 0x00, 0x00,
  0x00, 0x00, 0x00, 0x02, 0x40, 0x00, 0x00, 0x00, 0x5c, 0xfa, 0xff, 0xff,
  0x31, 0x00, 0x00, 0x00, 0x6d, 0x6f, 0x64, 0x65, 0x6c, 0x5f, 0x38, 0x38,
  0x2f, 0x74, 0x66, 0x2e, 0x63, 0x6f, 0x6d, 0x70, 0x61, 0x74, 0x2e, 0x76,
  0x31, 0x2e, 0x67, 0x61, 0x74, 0x68, 0x65, 0x72, 0x5f, 0x35, 0x31, 0x30,
  0x2f, 0x47, 0x61, 0x74, 0x68, 0x65, 0x72, 0x56, 0x32, 0x2f, 0x69, 0x6e,
  0x64, 0x69, 0x63, 0x65, 0x73, 0x00, 0x00, 0x00, 0x00, 0x00, 0x00, 0x00,
  0x9e, 0xfd, 0xff, 0xff, 0x00, 0x00, 0x00, 0x01, 0x14, 0x00, 0x00, 0x00,
  0x14, 0x00, 0x00, 0x00, 0x10, 0x00, 0x00, 0x00, 0x00, 0x00, 0x00, 0x02,
  0x40, 0x00, 0x00, 0x00, 0xb8, 0xfa, 0xff, 0xff, 0x31, 0x00, 0x00, 0x00,
  0x6d, 0x6f, 0x64, 0x65, 0x6c, 0x5f, 0x38, 0x38, 0x2f, 0x74, 0x66, 0x2e,
  0x63, 0x6f, 0x6d, 0x70, 0x61, 0x74, 0x2e, 0x76, 0x31, 0x2e, 0x67, 0x61,
  0x74, 0x68, 0x65, 0x72, 0x5f, 0x35, 0x31, 0x31, 0x2f, 0x47, 0x61, 0x74,
  0x68, 0x65, 0x72, 0x56, 0x32, 0x2f, 0x69, 0x6e, 0x64, 0x69, 0x63, 0x65,
  0x73, 0x00, 0x00, 0x00, 0x00, 0x00, 0x00, 0x00, 0xfa, 0xfd, 0xff, 0xff,
  0x00, 0x00, 0x00, 0x01, 0x14, 0x00, 0x00, 0x00, 0x14, 0x00, 0x00, 0x00,
  0x0f, 0x00, 0x00, 0x00, 0x00, 0x00, 0x00, 0x02, 0x40, 0x00, 0x00, 0x00,
  0x14, 0xfb, 0xff, 0xff, 0x31, 0x00, 0x00, 0x00, 0x6d, 0x6f, 0x64, 0x65,
  0x6c, 0x5f, 0x38, 0x38, 0x2f, 0x74, 0x66, 0x2e, 0x63, 0x6f, 0x6d, 0x70,
  0x61, 0x74, 0x2e, 0x76, 0x31, 0x2e, 0x67, 0x61, 0x74, 0x68, 0x65, 0x72,
  0x5f, 0x35, 0x31, 0x32, 0x2f, 0x47, 0x61, 0x74, 0x68, 0x65, 0x72, 0x56,
  0x32, 0x2f, 0x69, 0x6e, 0x64, 0x69, 0x63, 0x65, 0x73, 0x00, 0x00, 0x00,
  0x00, 0x00, 0x00, 0x00, 0x56, 0xfe, 0xff, 0xff, 0x00, 0x00, 0x00, 0x01,
  0x14, 0x00, 0x00, 0x00, 0x14, 0x00, 0x00, 0x00, 0x0e, 0x00, 0x00, 0x00,
  0x00, 0x00, 0x00, 0x02, 0x40, 0x00, 0x00, 0x00, 0x70, 0xfb, 0xff, 0xff,
  0x31, 0x00, 0x00, 0x00, 0x6d, 0x6f, 0x64, 0x65, 0x6c, 0x5f, 0x38, 0x38,
  0x2f, 0x74, 0x66, 0x2e, 0x63, 0x6f, 0x6d, 0x70, 0x61, 0x74, 0x2e, 0x76,
  0x31, 0x2e, 0x67, 0x61, 0x74, 0x68, 0x65, 0x72, 0x5f, 0x35, 0x31, 0x33,
  0x2f, 0x47, 0x61, 0x74, 0x68, 0x65, 0x72, 0x56, 0x32, 0x2f, 0x69, 0x6e,
  0x64, 0x69, 0x63, 0x65, 0x73, 0x00, 0x00, 0x00, 0x00, 0x00, 0x00, 0x00,
  0xb2, 0xfe, 0xff, 0xff, 0x00, 0x00, 0x00, 0x01, 0x14, 0x00, 0x00, 0x00,
  0x14, 0x00, 0x00, 0x00, 0x0d, 0x00, 0x00, 0x00, 0x00, 0x00, 0x00, 0x02,
  0x40, 0x00, 0x00, 0x00, 0xcc, 0xfb, 0xff, 0xff, 0x31, 0x00, 0x00, 0x00,
  0x6d, 0x6f, 0x64, 0x65, 0x6c, 0x5f, 0x38, 0x38, 0x2f, 0x74, 0x66, 0x2e,
  0x63, 0x6f, 0x6d, 0x70, 0x61, 0x74, 0x2e, 0x76, 0x31, 0x2e, 0x67, 0x61,
  0x74, 0x68, 0x65, 0x72, 0x5f, 0x35, 0x31, 0x34, 0x2f, 0x47, 0x61, 0x74,
  0x68, 0x65, 0x72, 0x56, 0x32, 0x2f, 0x69, 0x6e, 0x64, 0x69, 0x63, 0x65,
  0x73, 0x00, 0x00, 0x00, 0x00, 0x00, 0x00, 0x00, 0x0e, 0xff, 0xff, 0xff,
  0x00, 0x00, 0x00, 0x01, 0x14, 0x00, 0x00, 0x00, 0x14, 0x00, 0x00, 0x00,
  0x0c, 0x00, 0x00, 0x00, 0x00, 0x00, 0x00, 0x02, 0x40, 0x00, 0x00, 0x00,
  0x28, 0xfc, 0xff, 0xff, 0x31, 0x00, 0x00, 0x00, 0x6d, 0x6f, 0x64, 0x65,
  0x6c, 0x5f, 0x38, 0x38, 0x2f, 0x74, 0x66, 0x2e, 0x63, 0x6f, 0x6d, 0x70,
  0x61, 0x74, 0x2e, 0x76, 0x31, 0x2e, 0x67, 0x61, 0x74, 0x68, 0x65, 0x72,
  0x5f, 0x35, 0x31, 0x35, 0x2f, 0x47, 0x61, 0x74, 0x68, 0x65, 0x72, 0x56,
  0x32, 0x2f, 0x69, 0x6e, 0x64, 0x69, 0x63, 0x65, 0x73, 0x00, 0x00, 0x00,
  0x00, 0x00, 0x00, 0x00, 0x6a, 0xff, 0xff, 0xff, 0x00, 0x00, 0x00, 0x01,
  0x14, 0x00, 0x00, 0x00, 0x14, 0x00, 0x00, 0x00, 0x0b, 0x00, 0x00, 0x00,
  0x00, 0x00, 0x00, 0x02, 0x40, 0x00, 0x00, 0x00, 0x84, 0xfc, 0xff, 0xff,
  0x31, 0x00, 0x00, 0x00, 0x6d, 0x6f, 0x64, 0x65, 0x6c, 0x5f, 0x38, 0x38,
  0x2f, 0x74, 0x66, 0x2e, 0x63, 0x6f, 0x6d, 0x70, 0x61, 0x74, 0x2e, 0x76,
  0x31, 0x2e, 0x67, 0x61, 0x74, 0x68, 0x65, 0x72, 0x5f, 0x35, 0x31, 0x36,
  0x2f, 0x47, 0x61, 0x74, 0x68, 0x65, 0x72, 0x56, 0x32, 0x2f, 0x69, 0x6e,
  0x64, 0x69, 0x63, 0x65, 0x73, 0x00, 0x00, 0x00, 0x00, 0x00, 0x00, 0x00,
  0xc6, 0xff, 0xff, 0xff, 0x00, 0x00, 0x00, 0x01, 0x14, 0x00, 0x00, 0x00,
  0x14, 0x00, 0x00, 0x00, 0x0a, 0x00, 0x00, 0x00, 0x00, 0x00, 0x00, 0x02,
  0x1c, 0x00, 0x00, 0x00, 0xe0, 0xfc, 0xff, 0xff, 0x0f, 0x00, 0x00, 0x00,
  0x61, 0x72, 0x69, 0x74, 0x68, 0x2e, 0x63, 0x6f, 0x6e, 0x73, 0x74, 0x61,
  0x6e, 0x74, 0x35, 0x00, 0x00, 0x00, 0x00, 0x00, 0x00, 0x00, 0x16, 0x00,
  0x1c, 0x00, 0x18, 0x00, 0x17, 0x00, 0x10, 0x00, 0x0c, 0x00, 0x08, 0x00,
  0x00, 0x00, 0x00, 0x00, 0x00, 0x00, 0x07, 0x00, 0x16, 0x00, 0x00, 0x00,
  0x00, 0x00, 0x00, 0x01, 0x14, 0x00, 0x00, 0x00, 0x14, 0x00, 0x00, 0x00,
  0x09, 0x00, 0x00, 0x00, 0x00, 0x00, 0x00, 0x02, 0x1c, 0x00, 0x00, 0x00,
  0x30, 0xfd, 0xff, 0xff, 0x0f, 0x00, 0x00, 0x00, 0x61, 0x72, 0x69, 0x74,
  0x68, 0x2e, 0x63, 0x6f, 0x6e, 0x73, 0x74, 0x61, 0x6e, 0x74, 0x34, 0x00,
  0x01, 0x00, 0x00, 0x00, 0x03, 0x00, 0x00, 0x00, 0xf6, 0xfd, 0xff, 0xff,
  0x00, 0x00, 0x00, 0x01, 0x10, 0x00, 0x00, 0x00, 0x10, 0x00, 0x00, 0x00,
  0x08, 0x00, 0x00, 0x00, 0x1c, 0x00, 0x00, 0x00, 0x68, 0xfd, 0xff, 0xff,
  0x0f, 0x00, 0x00, 0x00, 0x61, 0x72, 0x69, 0x74, 0x68, 0x2e, 0x63, 0x6f,
  0x6e, 0x73, 0x74, 0x61, 0x6e, 0x74, 0x33, 0x00, 0x02, 0x00, 0x00, 0x00,
  0x40, 0x00, 0x00, 0x00, 0x09, 0x00, 0x00, 0x00, 0x32, 0xfe, 0xff, 0xff,
  0x00, 0x00, 0x00, 0x01, 0x10, 0x00, 0x00, 0x00, 0x10, 0x00, 0x00, 0x00,
  0x07, 0x00, 0x00, 0x00, 0x1c, 0x00, 0x00, 0x00, 0xa4, 0xfd, 0xff, 0xff,
  0x0f, 0x00, 0x00, 0x00, 0x61, 0x72, 0x69, 0x74, 0x68, 0x2e, 0x63, 0x6f,
  0x6e, 0x73, 0x74, 0x61, 0x6e, 0x74, 0x32, 0x00, 0x02, 0x00, 0x00, 0x00,
  0x40, 0x00, 0x00, 0x00, 0x10, 0x00, 0x00, 0x00, 0x6e, 0xfe, 0xff, 0xff,
  0x00, 0x00, 0x00, 0x01, 0x10, 0x00, 0x00, 0x00, 0x10, 0x00, 0x00, 0x00,
  0x06, 0x00, 0x00, 0x00, 0x34, 0x00, 0x00, 0x00, 0xe0, 0xfd, 0xff, 0xff,
  0x24, 0x00, 0x00, 0x00, 0x6d, 0x6f, 0x64, 0x65, 0x6c, 0x5f, 0x38, 0x38,
  0x2f, 0x74, 0x66, 0x2e, 0x6c, 0x69, 0x6e, 0x61, 0x6c, 0x67, 0x2e, 0x6d,
  0x61, 0x74, 0x6d, 0x75, 0x6c, 0x5f, 0x39, 0x38, 0x37, 0x2f, 0x4d, 0x61,
  0x74, 0x4d, 0x75, 0x6c, 0x00, 0x00, 0x00, 0x00, 0x02, 0x00, 0x00, 0x00,
  0x07, 0x00, 0x00, 0x00, 0x10, 0x00, 0x00, 0x00, 0xc2, 0xfe, 0xff, 0xff,
  0x00, 0x00, 0x00, 0x01, 0x10, 0x00, 0x00, 0x00, 0x10, 0x00, 0x00, 0x00,
  0x05, 0x00, 0x00, 0x00, 0x1c, 0x00, 0x00, 0x00, 0x34, 0xfe, 0xff, 0xff,
  0x0f, 0x00, 0x00, 0x00, 0x61, 0x72, 0x69, 0x74, 0x68, 0x2e, 0x63, 0x6f,
  0x6e, 0x73, 0x74, 0x61, 0x6e, 0x74, 0x31, 0x00, 0x01, 0x00, 0x00, 0x00,
  0x40, 0x00, 0x00, 0x00, 0xfa, 0xfe, 0xff, 0xff, 0x00, 0x00, 0x00, 0x01,
  0x10, 0x00, 0x00, 0x00, 0x10, 0x00, 0x00, 0x00, 0x04, 0x00, 0x00, 0x00,
  0x1c, 0x00, 0x00, 0x00, 0x6c, 0xfe, 0xff, 0xff, 0x0e, 0x00, 0x00, 0x00,
  0x61, 0x72, 0x69, 0x74, 0x68, 0x2e, 0x63, 0x6f, 0x6e, 0x73, 0x74, 0x61,
  0x6e, 0x74, 0x00, 0x00, 0x01, 0x00, 0x00, 0x00, 0x40, 0x00, 0x00, 0x00,
  0x32, 0xff, 0xff, 0xff, 0x00, 0x00, 0x00, 0x01, 0x10, 0x00, 0x00, 0x00,
  0x10, 0x00, 0x00, 0x00, 0x03, 0x00, 0x00, 0x00, 0x38, 0x00, 0x00, 0x00,
  0xa4, 0xfe, 0xff, 0xff, 0x28, 0x00, 0x00, 0x00, 0x6d, 0x6f, 0x64, 0x65,
  0x6c, 0x5f, 0x38, 0x38, 0x2f, 0x74, 0x66, 0x2e, 0x5f, 0x5f, 0x6f, 0x70,
  0x65, 0x72, 0x61, 0x74, 0x6f, 0x72, 0x73, 0x5f, 0x5f, 0x2e, 0x61, 0x64,
  0x64, 0x5f, 0x31, 0x35, 0x34, 0x36, 0x2f, 0x41, 0x64, 0x64, 0x56, 0x32,
  0x00, 0x00, 0x00, 0x00, 0x01, 0x00, 0x00, 0x00, 0x07, 0x00, 0x00, 0x00,
  0x86, 0xff, 0xff, 0xff, 0x00, 0x00, 0x00, 0x01, 0x10, 0x00, 0x00, 0x00,
  0x10, 0x00, 0x00, 0x00, 0x02, 0x00, 0x00, 0x00, 0x5c, 0x00, 0x00, 0x00,
  0xf8, 0xfe, 0xff, 0xff, 0x4f, 0x00, 0x00, 0x00, 0x6d, 0x6f, 0x64, 0x65,
  0x6c, 0x5f, 0x38, 0x38, 0x2f, 0x74, 0x66, 0x2e, 0x6d, 0x61, 0x74, 0x68,
  0x2e, 0x61, 0x64, 0x64, 0x5f, 0x31, 0x30, 0x30, 0x30, 0x2f, 0x41, 0x64,
  0x64, 0x3b, 0x6d, 0x6f, 0x64, 0x65, 0x6c, 0x5f, 0x38, 0x38, 0x2f, 0x74,
  0x66, 0x2e, 0x5f, 0x5f, 0x6f, 0x70, 0x65, 0x72, 0x61, 0x74, 0x6f, 0x72,
  0x73, 0x5f, 0x5f, 0x2e, 0x61, 0x64, 0x64, 0x5f, 0x31, 0x35, 0x32, 0x36,
  0x2f, 0x41, 0x64, 0x64, 0x56, 0x32, 0x3b, 0x43, 0x6f, 0x6e, 0x73, 0x74,
  0x5f, 0x34, 0x38, 0x00, 0x01, 0x00, 0x00, 0x00, 0x40, 0x00, 0x00, 0x00,
  0x00, 0x00, 0x16, 0x00, 0x18, 0x00, 0x14, 0x00, 0x00, 0x00, 0x10, 0x00,
  0x0c, 0x00, 0x08, 0x00, 0x00, 0x00, 0x00, 0x00, 0x00, 0x00, 0x07, 0x00,
  0x16, 0x00, 0x00, 0x00, 0x00, 0x00, 0x00, 0x01, 0x10, 0x00, 0x00, 0x00,
  0x10, 0x00, 0x00, 0x00, 0x01, 0x00, 0x00, 0x00, 0x24, 0x00, 0x00, 0x00,
  0x88, 0xff, 0xff, 0xff, 0x17, 0x00, 0x00, 0x00, 0x73, 0x65, 0x72, 0x76,
  0x69, 0x6e, 0x67, 0x5f, 0x64, 0x65, 0x66, 0x61, 0x75, 0x6c, 0x74, 0x5f,
  0x69, 0x6e, 0x70, 0x75, 0x74, 0x3a, 0x30, 0x00, 0x04, 0x00, 0x00, 0x00,
  0x01, 0x00, 0x00, 0x00, 0x0a, 0x00, 0x00, 0x00, 0x01, 0x00, 0x00, 0x00,
  0x09, 0x00, 0x00, 0x00, 0x0a, 0x00, 0x00, 0x00, 0x9c, 0x00, 0x00, 0x00,
  0x80, 0x00, 0x00, 0x00, 0x70, 0x00, 0x00, 0x00, 0x60, 0x00, 0x00, 0x00,
  0x50, 0x00, 0x00, 0x00, 0x40, 0x00, 0x00, 0x00, 0x30, 0x00, 0x00, 0x00,
  0x28, 0x00, 0x00, 0x00, 0x14, 0x00, 0x00, 0x00, 0x04, 0x00, 0x00, 0x00,
  0x98, 0xff, 0xff, 0xff, 0x19, 0x00, 0x00, 0x00, 0x00, 0x00, 0x00, 0x19,
  0xa4, 0xff, 0xff, 0xff, 0x02, 0x00, 0x00, 0x00, 0x00, 0x00, 0x00, 0x02,
  0x04, 0x00, 0x04, 0x00, 0x04, 0x00, 0x00, 0x00, 0xb8, 0xff, 0xff, 0xff,
  0x12, 0x00, 0x00, 0x00, 0x00, 0x00, 0x00, 0x12, 0xc4, 0xff, 0xff, 0xff,
  0x1c, 0x00, 0x00, 0x00, 0x00, 0x00, 0x00, 0x1c, 0xd0, 0xff, 0xff, 0xff,
  0x0e, 0x00, 0x00, 0x00, 0x00, 0x00, 0x00, 0x0e, 0xdc, 0xff, 0xff, 0xff,
  0x31, 0x00, 0x00, 0x00, 0x00, 0x00, 0x00, 0x31, 0xe8, 0xff, 0xff, 0xff,
  0x09, 0x00, 0x00, 0x00, 0x00, 0x00, 0x00, 0x09, 0xf4, 0xff, 0xff, 0xff,
  0x24, 0x00, 0x00, 0x00, 0x00, 0x00, 0x00, 0x24, 0x0c, 0x00, 0x0c, 0x00,
  0x0b, 0x00, 0x00, 0x00, 0x00, 0x00, 0x04, 0x00, 0x0c, 0x00, 0x00, 0x00,
  0x16, 0x00, 0x00, 0x00, 0x00, 0x00, 0x00, 0x16
};
unsigned int tflite_models_torch_lstm_1_10_OFF_float32_tflite_len = 34988;
