unsigned char tflite_models_torch_conv_6_5_ON_int8_tflite[] = {
  0x1c, 0x00, 0x00, 0x00, 0x54, 0x46, 0x4c, 0x33, 0x14, 0x00, 0x20, 0x00,
  0x1c, 0x00, 0x18, 0x00, 0x14, 0x00, 0x10, 0x00, 0x0c, 0x00, 0x00, 0x00,
  0x08, 0x00, 0x04, 0x00, 0x14, 0x00, 0x00, 0x00, 0x1c, 0x00, 0x00, 0x00,
  0x8c, 0x00, 0x00, 0x00, 0xe4, 0x00, 0x00, 0x00, 0x60, 0x17, 0x00, 0x00,
  0x70, 0x17, 0x00, 0x00, 0xb8, 0x3f, 0x00, 0x00, 0x03, 0x00, 0x00, 0x00,
  0x01, 0x00, 0x00, 0x00, 0x10, 0x00, 0x00, 0x00, 0x00, 0x00, 0x0a, 0x00,
  0x10, 0x00, 0x0c, 0x00, 0x08, 0x00, 0x04, 0x00, 0x0a, 0x00, 0x00, 0x00,
  0x0c, 0x00, 0x00, 0x00, 0x1c, 0x00, 0x00, 0x00, 0x38, 0x00, 0x00, 0x00,
  0x0f, 0x00, 0x00, 0x00, 0x73, 0x65, 0x72, 0x76, 0x69, 0x6e, 0x67, 0x5f,
  0x64, 0x65, 0x66, 0x61, 0x75, 0x6c, 0x74, 0x00, 0x01, 0x00, 0x00, 0x00,
  0x04, 0x00, 0x00, 0x00, 0x9c, 0xff, 0xff, 0xff, 0x30, 0x00, 0x00, 0x00,
  0x04, 0x00, 0x00, 0x00, 0x06, 0x00, 0x00, 0x00, 0x6f, 0x75, 0x74, 0x70,
  0x75, 0x74, 0x00, 0x00, 0x01, 0x00, 0x00, 0x00, 0x04, 0x00, 0x00, 0x00,
  0x3e, 0xe8, 0xff, 0xff, 0x04, 0x00, 0x00, 0x00, 0x05, 0x00, 0x00, 0x00,
  0x69, 0x6e, 0x70, 0x75, 0x74, 0x00, 0x00, 0x00, 0x02, 0x00, 0x00, 0x00,
  0x34, 0x00, 0x00, 0x00, 0x04, 0x00, 0x00, 0x00, 0xdc, 0xff, 0xff, 0xff,
  0x33, 0x00, 0x00, 0x00, 0x04, 0x00, 0x00, 0x00, 0x13, 0x00, 0x00, 0x00,
  0x43, 0x4f, 0x4e, 0x56, 0x45, 0x52, 0x53, 0x49, 0x4f, 0x4e, 0x5f, 0x4d,
  0x45, 0x54, 0x41, 0x44, 0x41, 0x54, 0x41, 0x00, 0x08, 0x00, 0x0c, 0x00,
  0x08, 0x00, 0x04, 0x00, 0x08, 0x00, 0x00, 0x00, 0x32, 0x00, 0x00, 0x00,
  0x04, 0x00, 0x00, 0x00, 0x13, 0x00, 0x00, 0x00, 0x6d, 0x69, 0x6e, 0x5f,
  0x72, 0x75, 0x6e, 0x74, 0x69, 0x6d, 0x65, 0x5f, 0x76, 0x65, 0x72, 0x73,
  0x69, 0x6f, 0x6e, 0x00, 0x34, 0x00, 0x00, 0x00, 0x78, 0x16, 0x00, 0x00,
  0x70, 0x16, 0x00, 0x00, 0x58, 0x16, 0x00, 0x00, 0x2c, 0x16, 0x00, 0x00,
  0xac, 0x15, 0x00, 0x00, 0x8c, 0x15, 0x00, 0x00, 0x6c, 0x15, 0x00, 0x00,
  0x1c, 0x15, 0x00, 0x00, 0x0c, 0x12, 0x00, 0x00, 0xec, 0x11, 0x00, 0x00,
  0xcc, 0x11, 0x00, 0x00, 0x7c, 0x11, 0x00, 0x00, 0x6c, 0x0e, 0x00, 0x00,
  0x4c, 0x0e, 0x00, 0x00, 0x2c, 0x0e, 0x00, 0x00, 0xdc, 0x0d, 0x00, 0x00,
  0xcc, 0x0a, 0x00, 0x00, 0xac, 0x0a, 0x00, 0x00, 0x8c, 0x0a, 0x00, 0x00,
  0x3c, 0x0a, 0x00, 0x00, 0x2c, 0x07, 0x00, 0x00, 0x0c, 0x07, 0x00, 0x00,
  0xec, 0x06, 0x00, 0x00, 0x9c, 0x06, 0x00, 0x00, 0x8c, 0x03, 0x00, 0x00,
  0x6c, 0x03, 0x00, 0x00, 0x4c, 0x03, 0x00, 0x00, 0xfc, 0x02, 0x00, 0x00,
  0x3c, 0x01, 0x00, 0x00, 0x34, 0x01, 0x00, 0x00, 0x2c, 0x01, 0x00, 0x00,
  0x24, 0x01, 0x00, 0x00, 0x1c, 0x01, 0x00, 0x00, 0x14, 0x01, 0x00, 0x00,
  0x0c, 0x01, 0x00, 0x00, 0x04, 0x01, 0x00, 0x00, 0xfc, 0x00, 0x00, 0x00,
  0xf4, 0x00, 0x00, 0x00, 0xec, 0x00, 0x00, 0x00, 0xe4, 0x00, 0x00, 0x00,
  0xdc, 0x00, 0x00, 0x00, 0xd4, 0x00, 0x00, 0x00, 0xcc, 0x00, 0x00, 0x00,
  0xc4, 0x00, 0x00, 0x00, 0xbc, 0x00, 0x00, 0x00, 0xb4, 0x00, 0x00, 0x00,
  0xac, 0x00, 0x00, 0x00, 0xa4, 0x00, 0x00, 0x00, 0x9c, 0x00, 0x00, 0x00,
  0x94, 0x00, 0x00, 0x00, 0x74, 0x00, 0x00, 0x00, 0x04, 0x00, 0x00, 0x00,
  0x82, 0xe9, 0xff, 0xff, 0x04, 0x00, 0x00, 0x00, 0x60, 0x00, 0x00, 0x00,
  0x0c, 0x00, 0x00, 0x00, 0x08, 0x00, 0x0e, 0x00, 0x08, 0x00, 0x04, 0x00,
  0x08, 0x00, 0x00, 0x00, 0x10, 0x00, 0x00, 0x00, 0x28, 0x00, 0x00, 0x00,
  0x00, 0x00, 0x06, 0x00, 0x08, 0x00, 0x04, 0x00, 0x06, 0x00, 0x00, 0x00,
  0x04, 0x00, 0x00, 0x00, 0x01, 0x00, 0x00, 0x00, 0xeb, 0x03, 0x00, 0x00,
  0x0c, 0x00, 0x18, 0x00, 0x14, 0x00, 0x10, 0x00, 0x0c, 0x00, 0x04, 0x00,
  0x0c, 0x00, 0x00, 0x00, 0xc3, 0x3b, 0x4e, 0x14, 0xeb, 0xd8, 0xa8, 0x1b,
  0x01, 0x00, 0x00, 0x00, 0x02, 0x00, 0x00, 0x00, 0x04, 0x00, 0x00, 0x00,
  0x06, 0x00, 0x00, 0x00, 0x32, 0x2e, 0x32, 0x31, 0x2e, 0x30, 0x00, 0x00,
  0xee, 0xe9, 0xff, 0xff, 0x04, 0x00, 0x00, 0x00, 0x10, 0x00, 0x00, 0x00,
  0x31, 0x2e, 0x31, 0x35, 0x2e, 0x30, 0x00, 0x00, 0x00, 0x00, 0x00, 0x00,
  0x00, 0x00, 0x00, 0x00, 0x5c, 0xc3, 0xff, 0xff, 0x60, 0xc3, 0xff, 0xff,
  0x64, 0xc3, 0xff, 0xff, 0x68, 0xc3, 0xff, 0xff, 0x6c, 0xc3, 0xff, 0xff,
  0x70, 0xc3, 0xff, 0xff, 0x74, 0xc3, 0xff, 0xff, 0x78, 0xc3, 0xff, 0xff,
  0x7c, 0xc3, 0xff, 0xff, 0x80, 0xc3, 0xff, 0xff, 0x84, 0xc3, 0xff, 0xff,
  0x88, 0xc3, 0xff, 0xff, 0x8c, 0xc3, 0xff, 0xff, 0x90, 0xc3, 0xff, 0xff,
  0x94, 0xc3, 0xff, 0xff, 0x98, 0xc3, 0xff, 0xff, 0x9c, 0xc3, 0xff, 0xff,
  0xa0, 0xc3, 0xff, 0xff, 0xa4, 0xc3, 0xff, 0xff, 0xa8, 0xc3, 0xff, 0xff,
  0xac, 0xc3, 0xff, 0xff, 0x5e, 0xea, 0xff, 0xff, 0x04, 0x00, 0x00, 0x00,
  0xb0, 0x01, 0x00, 0x00, 0x47, 0x22, 0x55, 0xdc, 0x29, 0xdd, 0x16, 0xfa,
  0x13, 0xd5, 0x7f, 0xf1, 0x1f, 0x2f, 0xb5, 0xe7, 0xd6, 0xab, 0x04, 0x1a,
  0xad, 0x13, 0x27, 0xa7, 0xec, 0xcc, 0x45, 0xe9, 0xb5, 0x47, 0x89, 0xdf,
  0xfb, 0xf6, 0x77, 0x12, 0xbd, 0xdd, 0x91, 0x3b, 0x63, 0x46, 0x79, 0x23,
  0x71, 0xc9, 0xa3, 0x8c, 0x2e, 0xf7, 0x62, 0x58, 0xf9, 0x7f, 0x57, 0x66,
  0x2e, 0xe9, 0x05, 0xc1, 0x2b, 0xe0, 0xf0, 0xdf, 0x1a, 0x35, 0x44, 0xd3,
  0x3f, 0xab, 0x27, 0xeb, 0x3a, 0xe4, 0xab, 0x00, 0x68, 0x41, 0x81, 0x7a,
  0xa0, 0xa5, 0xb8, 0x4b, 0x88, 0x5e, 0x6d, 0xe3, 0x56, 0x3f, 0x99, 0x9b,
  0x5f, 0xbb, 0xe7, 0x9a, 0xf4, 0x81, 0x53, 0x09, 0x8f, 0x3c, 0xdc, 0x19,
  0xbb, 0x0b, 0x5e, 0x4e, 0x38, 0x22, 0xb6, 0xe1, 0xec, 0x36, 0xbb, 0x1e,
  0x23, 0xf3, 0xc7, 0xd9, 0xa9, 0x8b, 0xbb, 0xf0, 0x3b, 0xd9, 0x12, 0x19,
  0x93, 0x51, 0x5e, 0x81, 0xd1, 0xcd, 0x71, 0x2d, 0xce, 0x30, 0x7f, 0xd7,
  0xf2, 0x3a, 0xc0, 0xe0, 0xd5, 0x07, 0xdf, 0x52, 0xee, 0x28, 0x20, 0xbb,
  0x2e, 0x60, 0xc9, 0x14, 0x72, 0x6b, 0x7c, 0x35, 0x39, 0x4a, 0x84, 0x94,
  0x77, 0x81, 0xe0, 0xad, 0x29, 0xcf, 0xc3, 0xc5, 0xdd, 0xe5, 0xa0, 0x48,
  0xdc, 0x31, 0x46, 0x5d, 0x33, 0xcf, 0xd5, 0x14, 0xcf, 0xc2, 0x0d, 0x88,
  0x79, 0x81, 0x08, 0xe7, 0xad, 0xb1, 0xf1, 0x91, 0x03, 0x09, 0x37, 0xdc,
  0x12, 0x61, 0x8b, 0xa4, 0x02, 0xec, 0x72, 0xc3, 0x2b, 0xd2, 0x1b, 0xbf,
  0x0c, 0x51, 0xc9, 0x06, 0xf6, 0x00, 0x0d, 0x13, 0x4e, 0x74, 0xe6, 0xd0,
  0x48, 0x3f, 0x23, 0x0d, 0xe2, 0x17, 0x9a, 0xaf, 0x20, 0x45, 0xf7, 0x3b,
  0x13, 0xeb, 0x81, 0x33, 0xea, 0x40, 0xde, 0x3a, 0xa1, 0x81, 0x4c, 0xab,
  0x44, 0x5d, 0xe6, 0x56, 0xbd, 0xe1, 0x6d, 0xfb, 0x5e, 0xe9, 0x22, 0xb5,
  0xda, 0x22, 0x70, 0x9b, 0x45, 0x7f, 0xb5, 0x62, 0x9f, 0x16, 0x27, 0xbc,
  0x1d, 0xfd, 0xde, 0xba, 0xdc, 0x0b, 0xcc, 0xba, 0xc3, 0x14, 0xaa, 0x61,
  0xfb, 0x11, 0xcf, 0xec, 0xf0, 0xb8, 0xa2, 0xd2, 0xe1, 0x1f, 0x7f, 0xa2,
  0x14, 0xcc, 0xe0, 0x02, 0x4b, 0x0c, 0xea, 0x7f, 0xba, 0x72, 0x0d, 0x74,
  0xcf, 0x55, 0xe5, 0x07, 0x78, 0x72, 0xf9, 0xb1, 0x5a, 0xa7, 0x86, 0x0c,
  0x75, 0xbb, 0x8c, 0x28, 0x7f, 0xaf, 0xf9, 0xf6, 0x44, 0xc8, 0x0b, 0xbe,
  0x11, 0x74, 0xbf, 0x53, 0xfb, 0x14, 0x8d, 0xd0, 0x25, 0x38, 0x51, 0x2f,
  0xba, 0x61, 0xf8, 0xbd, 0x1a, 0x90, 0x5b, 0x03, 0xcf, 0xbd, 0x1f, 0x73,
  0xe4, 0x81, 0x09, 0xc3, 0x10, 0x88, 0x2c, 0x15, 0x39, 0x61, 0x45, 0xe2,
  0xd8, 0x00, 0x1e, 0x4c, 0x86, 0x84, 0x57, 0xa6, 0x6f, 0x74, 0xf0, 0xfd,
  0x14, 0x46, 0x3d, 0x9a, 0x95, 0xe9, 0x60, 0x47, 0xce, 0xf9, 0x30, 0x1c,
  0x3e, 0x09, 0xc3, 0x92, 0xad, 0xf0, 0x8a, 0xa7, 0xac, 0x2c, 0x0a, 0x9f,
  0x7f, 0x94, 0x08, 0x17, 0x96, 0x24, 0x0c, 0x08, 0xf1, 0x4b, 0xe7, 0xb1,
  0x85, 0x0d, 0x4a, 0xd9, 0xc4, 0xb5, 0x49, 0xfb, 0x46, 0x59, 0x81, 0x93,
  0xe5, 0xc0, 0xbb, 0x65, 0x1a, 0xec, 0xff, 0xff, 0x04, 0x00, 0x00, 0x00,
  0x40, 0x00, 0x00, 0x00, 0x09, 0x00, 0x00, 0x00, 0x2b, 0x00, 0x00, 0x00,
  0xf4, 0xff, 0xff, 0xff, 0xf8, 0xff, 0xff, 0xff, 0x1d, 0x00, 0x00, 0x00,
  0x02, 0x00, 0x00, 0x00, 0x49, 0x00, 0x00, 0x00, 0x43, 0x00, 0x00, 0x00,
  0x0e, 0x00, 0x00, 0x00, 0x22, 0x00, 0x00, 0x00, 0x2f, 0x00, 0x00, 0x00,
  0xd2, 0xff, 0xff, 0xff, 0xbf, 0xff, 0xff, 0xff, 0x10, 0x00, 0x00, 0x00,
  0x0d, 0x00, 0x00, 0x00, 0x19, 0x00, 0x00, 0x00, 0x66, 0xec, 0xff, 0xff,
  0x04, 0x00, 0x00, 0x00, 0x10, 0x00, 0x00, 0x00, 0xf7, 0xd9, 0x2c, 0xbf,
  0xfd, 0x3c, 0xf9, 0x62, 0x7f, 0x56, 0xe3, 0xf3, 0xd4, 0x1b, 0x45, 0x48,
  0x82, 0xec, 0xff, 0xff, 0x04, 0x00, 0x00, 0x00, 0x10, 0x00, 0x00, 0x00,
  0x8d, 0x89, 0x8a, 0xa2, 0x9f, 0xe5, 0x98, 0x80, 0x9e, 0xb8, 0x95, 0xa8,
  0xe5, 0x84, 0xbe, 0x8b, 0x9e, 0xec, 0xff, 0xff, 0x04, 0x00, 0x00, 0x00,
  0x00, 0x03, 0x00, 0x00, 0x0f, 0x8d, 0x2b, 0x1c, 0xb3, 0xcd, 0x81, 0x10,
  0xd6, 0xcc, 0xc3, 0x4a, 0x24, 0x41, 0x1e, 0x0f, 0xec, 0xa2, 0x44, 0x37,
  0xa4, 0xf0, 0x32, 0x49, 0xfd, 0x3b, 0x22, 0x60, 0xb2, 0xee, 0x29, 0xba,
  0x2c, 0x9b, 0xec, 0xbc, 0xc2, 0xcd, 0xd7, 0xcc, 0x51, 0x11, 0xc4, 0x59,
  0x09, 0x30, 0xa2, 0xb0, 0x2c, 0x54, 0x05, 0xca, 0x33, 0xa0, 0xb3, 0xfc,
  0x5b, 0x96, 0x02, 0x60, 0x92, 0xe2, 0x21, 0x18, 0x2c, 0x44, 0x72, 0xcb,
  0x3a, 0x99, 0x2b, 0x09, 0xbb, 0x0a, 0xee, 0xac, 0x51, 0x23, 0xc2, 0xad,
  0xd5, 0xb7, 0xe5, 0xb2, 0xa5, 0xb4, 0x52, 0xed, 0x55, 0x3e, 0x0c, 0x2a,
  0x0d, 0x7f, 0xde, 0xfc, 0x56, 0x0e, 0x4d, 0xe7, 0x01, 0xe9, 0xbf, 0xb3,
  0xb6, 0x81, 0xbe, 0x13, 0xf6, 0xe6, 0xbf, 0xc6, 0x57, 0x8c, 0xd4, 0xc1,
  0xa6, 0x8e, 0xf0, 0xee, 0xf0, 0xdd, 0xb5, 0xbd, 0x18, 0x42, 0xef, 0x08,
  0x6a, 0xed, 0x0e, 0xe6, 0xca, 0x20, 0x0f, 0xe3, 0xd6, 0xf4, 0xd1, 0xb8,
  0x3c, 0xe9, 0xd6, 0xe7, 0x6f, 0x1d, 0xf4, 0xb0, 0xe9, 0x9f, 0x53, 0x32,
  0x42, 0x4a, 0xb3, 0xe5, 0xf1, 0xe1, 0x1c, 0xa7, 0x5b, 0x08, 0x53, 0xf7,
  0xea, 0x06, 0x23, 0xda, 0x0b, 0xe7, 0xf4, 0x18, 0x9a, 0x95, 0x27, 0x04,
  0xcb, 0x81, 0x68, 0x20, 0xf5, 0xf0, 0xb0, 0xf1, 0x4c, 0xe1, 0x87, 0x47,
  0x52, 0xf3, 0xb6, 0xb7, 0x1e, 0x74, 0x7e, 0x53, 0xf0, 0xc4, 0xac, 0x41,
  0x7f, 0xc1, 0x6c, 0x53, 0xa6, 0xdc, 0xe8, 0xd0, 0x4c, 0x95, 0xdb, 0xdd,
  0xcf, 0xf2, 0xd9, 0x85, 0xdb, 0x0a, 0x0e, 0xe6, 0xec, 0x30, 0x25, 0xc9,
  0xfa, 0x3f, 0xf4, 0x5b, 0x1b, 0x96, 0x8a, 0x3d, 0x1e, 0x8d, 0xb1, 0xf3,
  0x53, 0x3c, 0x2b, 0x12, 0xf6, 0xf1, 0x13, 0x57, 0xdb, 0xd2, 0xf1, 0x86,
  0x5b, 0xa3, 0xde, 0x48, 0xe3, 0xaa, 0x13, 0x03, 0x81, 0xd8, 0x8d, 0x59,
  0xef, 0x50, 0x2d, 0xbe, 0x91, 0x63, 0x70, 0xa4, 0xd2, 0xff, 0xba, 0xbd,
  0xe1, 0xd5, 0xc1, 0x13, 0x54, 0x20, 0x2f, 0xa0, 0xd4, 0x04, 0x29, 0x58,
  0x21, 0x4e, 0x5b, 0x5b, 0x81, 0xcf, 0xf6, 0xca, 0x2d, 0x42, 0xbb, 0xc4,
  0xe9, 0xd5, 0x50, 0x0d, 0x1f, 0xad, 0xb0, 0x98, 0x34, 0x5b, 0xa2, 0xef,
  0xf9, 0x0e, 0x17, 0xc1, 0x54, 0xec, 0x37, 0xe0, 0x50, 0x43, 0xf1, 0x3c,
  0xba, 0x03, 0xe3, 0x47, 0x21, 0x39, 0x78, 0xc1, 0x23, 0xd8, 0x6b, 0x24,
  0x90, 0x63, 0x57, 0xf9, 0x21, 0x60, 0x25, 0xa3, 0x38, 0xb4, 0x3f, 0x45,
  0x04, 0xaf, 0x34, 0xb8, 0xd1, 0x6e, 0x22, 0xb2, 0x2c, 0x29, 0x0f, 0x00,
  0xfc, 0x92, 0x9a, 0x97, 0xfc, 0xde, 0x63, 0x4e, 0xca, 0xcd, 0x81, 0xa6,
  0xfc, 0x1b, 0x18, 0x6d, 0x31, 0x84, 0x9f, 0x3d, 0x3c, 0xdc, 0xa8, 0x1f,
  0x3a, 0xc6, 0x38, 0xd3, 0xc8, 0x56, 0x87, 0x68, 0xfa, 0x05, 0x2a, 0x1b,
  0x1c, 0xd2, 0xb8, 0xf1, 0x01, 0x47, 0xf1, 0x06, 0x25, 0x2a, 0x98, 0x7f,
  0x01, 0x2f, 0x40, 0xdc, 0x42, 0xa3, 0x44, 0xc5, 0xe7, 0xe3, 0xee, 0x36,
  0xe8, 0xd7, 0x11, 0x22, 0xaa, 0x2d, 0x56, 0x64, 0x2f, 0x46, 0x42, 0xa1,
  0xc5, 0xd4, 0xbb, 0xb4, 0x29, 0x2c, 0x0f, 0xb3, 0x95, 0xa0, 0xf8, 0xe3,
  0x9e, 0xd2, 0x3f, 0x77, 0xeb, 0x3c, 0x45, 0x99, 0xc9, 0x4d, 0x0d, 0x3e,
  0xb1, 0xc4, 0xd1, 0xf7, 0x55, 0x44, 0xb7, 0xc1, 0xe4, 0x4b, 0xab, 0x64,
  0x7a, 0x20, 0x7f, 0x3b, 0x58, 0xa1, 0xa4, 0xc4, 0x06, 0x0b, 0xf3, 0xaa,
  0xc7, 0xb7, 0x8f, 0xe2, 0xfb, 0x16, 0x2c, 0xa8, 0xee, 0xd9, 0x5d, 0xad,
  0xcc, 0x92, 0x46, 0x81, 0x25, 0x57, 0x0c, 0x02, 0x1d, 0xab, 0x98, 0x94,
  0xa5, 0x5c, 0x1a, 0xe7, 0xd5, 0xc0, 0x29, 0x32, 0xab, 0x42, 0xa4, 0xa5,
  0xc9, 0x3a, 0x8c, 0xf2, 0x1b, 0xb1, 0xdd, 0x30, 0xbe, 0x23, 0x56, 0xfb,
  0x24, 0xb4, 0x24, 0x33, 0xb1, 0xcb, 0x67, 0x56, 0x34, 0x47, 0x1e, 0x65,
  0x5c, 0x1e, 0x45, 0x03, 0x09, 0x48, 0x7c, 0xf7, 0xab, 0xe1, 0x62, 0x08,
  0xb6, 0x81, 0xf6, 0xfa, 0x65, 0xbe, 0x3f, 0x1a, 0xd6, 0xaa, 0x06, 0x6e,
  0x79, 0xab, 0xb2, 0x24, 0x2d, 0xd2, 0x2d, 0x3d, 0x58, 0xfd, 0x1b, 0xc4,
  0xd3, 0x1b, 0x94, 0x41, 0x4e, 0x9c, 0x6c, 0xfc, 0xc7, 0x24, 0x7f, 0x14,
  0xc4, 0x41, 0x92, 0x3a, 0x39, 0x56, 0xba, 0x4d, 0x23, 0xa3, 0x0c, 0xdf,
  0x91, 0x3d, 0x7e, 0x38, 0xbe, 0x12, 0xd9, 0x74, 0xa8, 0x5d, 0x99, 0xc7,
  0x02, 0x6a, 0xad, 0xc2, 0xe7, 0x22, 0x2a, 0x07, 0x2a, 0xb1, 0x11, 0x5e,
  0xba, 0x54, 0x33, 0xaa, 0x37, 0x76, 0x45, 0xb0, 0xf9, 0xd9, 0xe9, 0xe6,
  0x0c, 0x04, 0xfa, 0xa4, 0xbb, 0x1b, 0xe6, 0xf3, 0x4f, 0xa8, 0xd3, 0xe5,
  0x65, 0x08, 0x65, 0x05, 0x2d, 0x9e, 0xfd, 0xc6, 0xdd, 0x14, 0xa0, 0x1d,
  0xcf, 0xa2, 0x7f, 0xdf, 0xe1, 0x93, 0x95, 0x54, 0x18, 0xfd, 0x57, 0x28,
  0xbe, 0x33, 0x29, 0x26, 0x59, 0x12, 0x13, 0x60, 0xc1, 0xbe, 0x5b, 0x6e,
  0x7f, 0x97, 0xcb, 0xaf, 0x1a, 0x74, 0xb4, 0x68, 0x1a, 0x14, 0xc3, 0x22,
  0xb4, 0xa7, 0x9c, 0xfc, 0x7f, 0xf2, 0xd2, 0x11, 0x0d, 0xcb, 0xf4, 0x49,
  0x5b, 0x2b, 0x05, 0xd5, 0x06, 0xcc, 0xb7, 0x0c, 0xce, 0x24, 0x1f, 0x9e,
  0x9b, 0x38, 0x52, 0x4b, 0x02, 0x04, 0xc7, 0x96, 0x31, 0x3b, 0x1f, 0x8a,
  0x7d, 0x1a, 0xf6, 0x41, 0x24, 0x38, 0x32, 0x5a, 0x96, 0x69, 0x7f, 0xc1,
  0x0a, 0xfb, 0x92, 0xa3, 0x7f, 0x45, 0x3b, 0x5b, 0x6e, 0x17, 0x4d, 0x8b,
  0xdd, 0xb4, 0x62, 0xc0, 0xec, 0xc0, 0x94, 0x97, 0xb1, 0x67, 0x52, 0x1c,
  0x61, 0xa5, 0x05, 0x1f, 0xaa, 0xef, 0xff, 0xff, 0x04, 0x00, 0x00, 0x00,
  0x40, 0x00, 0x00, 0x00, 0x1a, 0x21, 0x00, 0x00, 0x18, 0xe7, 0xff, 0xff,
  0xcc, 0x18, 0x00, 0x00, 0x86, 0xe9, 0xff, 0xff, 0x8f, 0xf3, 0xff, 0xff,
  0xb5, 0x28, 0x00, 0x00, 0x94, 0xf2, 0xff, 0xff, 0xde, 0xfc, 0xff, 0xff,
  0x6e, 0x17, 0x00, 0x00, 0x51, 0x1f, 0x00, 0x00, 0xd0, 0xea, 0xff, 0xff,
  0xa2, 0xec, 0xff, 0xff, 0x6d, 0xdd, 0xff, 0xff, 0x87, 0xc9, 0xff, 0xff,
  0xa3, 0x0d, 0x00, 0x00, 0x64, 0x0c, 0x00, 0x00, 0xf6, 0xef, 0xff, 0xff,
  0x04, 0x00, 0x00, 0x00, 0x10, 0x00, 0x00, 0x00, 0xc9, 0x14, 0xd4, 0xb9,
  0x12, 0xbd, 0xbc, 0x15, 0xae, 0xee, 0x04, 0xe7, 0x02, 0x7f, 0xe3, 0xb9,
  0x12, 0xf0, 0xff, 0xff, 0x04, 0x00, 0x00, 0x00, 0x10, 0x00, 0x00, 0x00,
  0xbe, 0xf5, 0x80, 0xfd, 0xdd, 0xac, 0xdb, 0xcc, 0x01, 0xab, 0x99, 0xff,
  0xed, 0x07, 0xc4, 0xd1, 0x2e, 0xf0, 0xff, 0xff, 0x04, 0x00, 0x00, 0x00,
  0x00, 0x03, 0x00, 0x00, 0x95, 0xda, 0xbf, 0x42, 0xb4, 0xdd, 0x30, 0xe8,
  0xda, 0x81, 0x61, 0x28, 0x07, 0x27, 0xb0, 0xf4, 0xf2, 0xc6, 0x49, 0x47,
  0x09, 0x2c, 0x15, 0x4d, 0xe8, 0x0d, 0x25, 0x8e, 0x89, 0x90, 0xe0, 0x5e,
  0x0e, 0xc8, 0xeb, 0x95, 0x8b, 0x17, 0xad, 0xe7, 0x40, 0x40, 0xef, 0x1f,
  0xad, 0xd2, 0xf7, 0x08, 0xb7, 0xad, 0x33, 0x12, 0x21, 0x39, 0x24, 0x50,
  0xa6, 0x45, 0x2b, 0xdc, 0x22, 0x9e, 0x35, 0xb8, 0xe2, 0x0c, 0x81, 0xcf,
  0xcd, 0x1d, 0xd0, 0x4e, 0x23, 0x00, 0x10, 0xa5, 0xfe, 0x14, 0x0f, 0x2a,
  0xef, 0xfe, 0x9b, 0x36, 0xdc, 0x30, 0xf8, 0x1b, 0x65, 0x9f, 0x3b, 0x2b,
  0x02, 0x2c, 0xd7, 0xb7, 0x5a, 0x48, 0x3c, 0x4d, 0x21, 0x2d, 0xb7, 0x5a,
  0xd7, 0x52, 0x1e, 0x53, 0x0b, 0x7f, 0x3b, 0xce, 0x08, 0x71, 0xfe, 0x92,
  0xe6, 0xf4, 0x17, 0x1a, 0x53, 0x1e, 0x26, 0x3a, 0xc9, 0xfd, 0x24, 0x30,
  0xf8, 0x2e, 0xb0, 0x2a, 0x0f, 0x62, 0xe0, 0xf3, 0xa6, 0x5f, 0x35, 0x59,
  0x23, 0x52, 0xdd, 0xa3, 0xe6, 0x21, 0x0d, 0xd6, 0x4c, 0x23, 0x48, 0x1c,
  0xc0, 0x27, 0xf0, 0xe0, 0xfc, 0xf0, 0xdd, 0xe5, 0xfc, 0x09, 0x04, 0xc1,
  0x13, 0x18, 0xe1, 0x7f, 0x02, 0x34, 0x31, 0x05, 0x00, 0x3b, 0x37, 0x00,
  0xec, 0xf6, 0xc7, 0x0a, 0x60, 0xb9, 0x14, 0x4b, 0xd2, 0xf0, 0xf3, 0xd8,
  0x5c, 0x31, 0x50, 0xfd, 0x17, 0xb3, 0xe2, 0xb8, 0xf0, 0xca, 0xa0, 0x18,
  0x4a, 0x16, 0x15, 0x06, 0xb8, 0xa3, 0xc0, 0x14, 0x44, 0xe5, 0x72, 0x55,
  0xff, 0xc5, 0xe1, 0xc7, 0xa6, 0xe1, 0x81, 0x34, 0x36, 0xa0, 0xe5, 0x3e,
  0xf2, 0x65, 0xba, 0xa1, 0xbf, 0xb5, 0x19, 0x42, 0x61, 0xa7, 0x29, 0xab,
  0xd2, 0x9a, 0x18, 0xa9, 0x18, 0x7f, 0x17, 0xc2, 0xf8, 0x43, 0xd7, 0x08,
  0xa6, 0x3c, 0xfb, 0x0b, 0xce, 0x46, 0x5c, 0xca, 0xcd, 0xcf, 0x09, 0x34,
  0x19, 0x99, 0x4e, 0xe2, 0xb5, 0x2c, 0x57, 0xfd, 0x1f, 0x52, 0x59, 0x09,
  0xf7, 0x68, 0x48, 0x6d, 0xf0, 0x41, 0x1f, 0xcf, 0xef, 0x4d, 0x47, 0xe5,
  0xe0, 0x52, 0x14, 0x48, 0x2a, 0xe8, 0xd0, 0xbd, 0x6c, 0x24, 0xd7, 0xb4,
  0x48, 0x1a, 0x19, 0x00, 0xcb, 0xf9, 0x25, 0x71, 0x25, 0x47, 0x20, 0xc4,
  0xc5, 0xe8, 0x53, 0x76, 0xac, 0x4b, 0xf2, 0x78, 0x10, 0x7f, 0x0e, 0xb1,
  0x1e, 0x58, 0x76, 0x6c, 0x53, 0xc1, 0xd0, 0x39, 0x66, 0x13, 0xbb, 0x50,
  0xa6, 0x3b, 0xc8, 0xfa, 0x13, 0x02, 0xf7, 0xf3, 0x27, 0x23, 0xe6, 0x75,
  0xbc, 0x32, 0x97, 0x84, 0x26, 0x85, 0xa8, 0xb4, 0x74, 0x4a, 0xf8, 0x14,
  0xd4, 0x91, 0x50, 0x61, 0xd5, 0x7f, 0xfe, 0xd2, 0xb2, 0x32, 0xec, 0xff,
  0x4a, 0xad, 0x10, 0xea, 0x41, 0xd3, 0x69, 0x28, 0xfe, 0xc0, 0x8a, 0xc4,
  0xea, 0x21, 0xc0, 0xa8, 0x3e, 0x2d, 0x2c, 0x30, 0xd4, 0xca, 0xa1, 0x3f,
  0x28, 0xf3, 0x97, 0x24, 0xf4, 0x11, 0xaf, 0xce, 0xed, 0xbe, 0x09, 0x41,
  0xea, 0x21, 0xd7, 0xb9, 0xdb, 0x15, 0xc0, 0x34, 0xcd, 0xc9, 0xda, 0x4b,
  0x00, 0xbc, 0x3a, 0xc4, 0x23, 0xc2, 0x8a, 0xab, 0xf0, 0xed, 0x81, 0xe7,
  0x1c, 0xf8, 0x21, 0xaa, 0xb3, 0x72, 0xff, 0xb8, 0x25, 0xdc, 0x44, 0xb0,
  0x06, 0x4e, 0xe9, 0x0e, 0x38, 0x5a, 0xfb, 0xaa, 0x1a, 0x54, 0xe3, 0x64,
  0x51, 0xef, 0x45, 0x42, 0x36, 0x14, 0xd4, 0xb0, 0xec, 0x7f, 0x3f, 0x5e,
  0xb5, 0x06, 0x3c, 0xf9, 0x14, 0xbc, 0x29, 0x54, 0xde, 0x50, 0x19, 0x06,
  0x26, 0xef, 0xf8, 0xba, 0xb4, 0xad, 0xe5, 0x47, 0x3a, 0xaf, 0xde, 0x5e,
  0x23, 0x39, 0x0a, 0x2a, 0x0a, 0x13, 0xc6, 0xc7, 0x0f, 0xed, 0x72, 0x1b,
  0x24, 0xde, 0x41, 0x5b, 0xe4, 0x74, 0xbd, 0x11, 0x31, 0x07, 0xb8, 0x1f,
  0x45, 0x3b, 0xdf, 0x0b, 0x70, 0xd0, 0x3d, 0x45, 0xce, 0x3c, 0x31, 0x19,
  0x17, 0x7f, 0xf4, 0x1f, 0xe4, 0x38, 0xc5, 0x23, 0x30, 0x4f, 0xc2, 0x31,
  0xc6, 0x46, 0x0b, 0x03, 0x0f, 0xe5, 0x4f, 0x1b, 0x3c, 0xd7, 0xc8, 0xd9,
  0x67, 0xdd, 0xe0, 0xf9, 0xbd, 0xc6, 0x59, 0xe7, 0x27, 0x5e, 0x46, 0xa7,
  0x38, 0xf6, 0x41, 0x69, 0x45, 0xfd, 0x43, 0x50, 0xc2, 0x07, 0x0c, 0x07,
  0x14, 0x7f, 0x3f, 0xf3, 0x74, 0x5f, 0x7f, 0x30, 0x4f, 0x1d, 0x3b, 0xb4,
  0x0c, 0xdd, 0xc2, 0x26, 0xec, 0xeb, 0xc8, 0xd1, 0x28, 0x4c, 0xc7, 0x7a,
  0x78, 0x35, 0x9e, 0x12, 0x42, 0xc0, 0x0a, 0xcb, 0xf0, 0xcc, 0x17, 0x50,
  0xe2, 0x25, 0x06, 0x49, 0x56, 0x47, 0x5f, 0x42, 0x94, 0x93, 0x0f, 0xc4,
  0x26, 0x26, 0x55, 0xc2, 0x3e, 0x4e, 0x18, 0x0c, 0xe9, 0x68, 0x32, 0x0e,
  0x53, 0x3d, 0x4a, 0xe6, 0x14, 0xb2, 0xa5, 0xe2, 0xe8, 0xa0, 0xc0, 0xf9,
  0x33, 0xf7, 0x2d, 0x48, 0x31, 0x92, 0x2f, 0x58, 0xb4, 0x81, 0x88, 0xa8,
  0x5e, 0xe4, 0xe3, 0x58, 0xf0, 0x2b, 0x04, 0x94, 0xd3, 0x0f, 0xc6, 0xe6,
  0x18, 0x18, 0xd3, 0x11, 0x97, 0x49, 0xa1, 0xe2, 0x7a, 0xed, 0x35, 0x5b,
  0x5f, 0xf6, 0x61, 0xf6, 0x2e, 0xa0, 0x90, 0x91, 0x68, 0x1f, 0x98, 0xbd,
  0xda, 0x25, 0x23, 0x38, 0x24, 0x40, 0x1b, 0xc3, 0xca, 0x6a, 0x61, 0x38,
  0xcc, 0xc9, 0x89, 0x83, 0x26, 0x11, 0x7f, 0x51, 0x54, 0x61, 0xe3, 0xf9,
  0xf0, 0xec, 0xe9, 0xbb, 0xed, 0x0b, 0x6d, 0x1f, 0x51, 0x32, 0x53, 0x5d,
  0x07, 0xdc, 0x2f, 0x58, 0xb1, 0x56, 0x38, 0x45, 0x6f, 0xdb, 0x6e, 0xdf,
  0x7a, 0xbf, 0xf1, 0xce, 0xac, 0x7f, 0x36, 0x19, 0xbc, 0x58, 0xd6, 0x6b,
  0xc8, 0x55, 0x18, 0xf2, 0xb3, 0x43, 0x09, 0x54, 0xfd, 0x7e, 0x5c, 0xb8,
  0x2c, 0x72, 0x66, 0xc4, 0x3a, 0xf3, 0xff, 0xff, 0x04, 0x00, 0x00, 0x00,
  0x40, 0x00, 0x00, 0x00, 0x15, 0x02, 0x00, 0x00, 0xb4, 0x0e, 0x00, 0x00,
  0x5e, 0xcf, 0xff, 0xff, 0x6f, 0xe0, 0xff, 0xff, 0xb7, 0x51, 0x00, 0x00,
  0xa5, 0xf0, 0xff, 0xff, 0x34, 0xf6, 0xff, 0xff, 0x10, 0xf8, 0xff, 0xff,
  0xac, 0x25, 0x00, 0x00, 0xee, 0xe3, 0xff, 0xff, 0x5a, 0x01, 0x00, 0x00,
  0x90, 0xd6, 0xff, 0xff, 0xea, 0xf5, 0xff, 0xff, 0x6b, 0x32, 0x00, 0x00,
  0xcc, 0xea, 0xff, 0xff, 0xf7, 0x00, 0x00, 0x00, 0x86, 0xf3, 0xff, 0xff,
  0x04, 0x00, 0x00, 0x00, 0x10, 0x00, 0x00, 0x00, 0x40, 0x1f, 0xef, 0x1c,
  0x7f, 0xf4, 0xe9, 0x3d, 0x2e, 0xfa, 0xd2, 0xe1, 0xed, 0x25, 0x27, 0xd6,
  0xa2, 0xf3, 0xff, 0xff, 0x04, 0x00, 0x00, 0x00, 0x10, 0x00, 0x00, 0x00,
  0xe7, 0x15, 0x35, 0x47, 0x80, 0x34, 0x3b, 0x38, 0xdd, 0x33, 0x33, 0x32,
  0x61, 0xd9, 0x56, 0x30, 0xbe, 0xf3, 0xff, 0xff, 0x04, 0x00, 0x00, 0x00,
  0x00, 0x03, 0x00, 0x00, 0x0d, 0xf9, 0xd9, 0x1a, 0xab, 0x65, 0x7e, 0xf8,
  0x95, 0xfd, 0x6a, 0xc5, 0xe0, 0xdd, 0xe3, 0xe2, 0xa6, 0xd4, 0xe1, 0x27,
  0xc2, 0xe6, 0x0a, 0xb9, 0x09, 0x25, 0x21, 0x62, 0x13, 0xc9, 0xaa, 0x7f,
  0xeb, 0x1d, 0x6a, 0x00, 0x3b, 0xe6, 0xe5, 0xdd, 0xc9, 0x52, 0xef, 0xc7,
  0xb5, 0x52, 0xfd, 0xfa, 0x14, 0x99, 0xd6, 0x3a, 0xce, 0x4d, 0xe2, 0xe9,
  0xae, 0xed, 0x73, 0x02, 0x44, 0x91, 0x29, 0x01, 0xbc, 0xab, 0xcd, 0xc7,
  0x92, 0xe2, 0x3d, 0x25, 0x31, 0xee, 0x3a, 0x4d, 0xec, 0xbd, 0x24, 0xe3,
  0xaa, 0x25, 0x09, 0x6c, 0x81, 0x47, 0xc1, 0x9f, 0xf0, 0x50, 0xbe, 0x10,
  0xcd, 0x21, 0x87, 0xfe, 0xfe, 0x1f, 0x16, 0xf8, 0x24, 0x0a, 0x90, 0x32,
  0x13, 0xa2, 0xf9, 0xa6, 0xff, 0x1c, 0x15, 0x2e, 0xef, 0x3b, 0xfd, 0x3f,
  0x47, 0x81, 0x06, 0x08, 0xf7, 0xd7, 0xee, 0x9a, 0x1e, 0xf7, 0xf7, 0xb4,
  0x4e, 0x30, 0xda, 0xc4, 0x59, 0xb4, 0xa3, 0xd8, 0x27, 0xf2, 0xed, 0x98,
  0xd1, 0xde, 0x57, 0x01, 0xe6, 0x31, 0x50, 0x42, 0xe7, 0x57, 0xf2, 0x2e,
  0x23, 0x1e, 0x41, 0x19, 0xc1, 0x3e, 0xb9, 0x13, 0x9a, 0x3c, 0x12, 0x76,
  0xe6, 0x33, 0xd6, 0xed, 0xe6, 0xbd, 0xd9, 0x1f, 0x29, 0x0b, 0x42, 0x4c,
  0xab, 0xce, 0x50, 0x7f, 0x95, 0x03, 0x44, 0xda, 0xc9, 0x0d, 0x3e, 0xec,
  0x67, 0x45, 0x48, 0x38, 0xc0, 0x5b, 0x20, 0x1c, 0x7f, 0x19, 0xfc, 0xc7,
  0x1e, 0xfb, 0x10, 0xb9, 0x97, 0xf2, 0xf3, 0x3e, 0xe1, 0x1d, 0x50, 0x2a,
  0xe7, 0x23, 0x35, 0x17, 0xbb, 0x46, 0x5d, 0xbb, 0x09, 0x66, 0x9a, 0x6d,
  0x77, 0xc1, 0x7f, 0x38, 0x0a, 0x31, 0x72, 0x13, 0x9d, 0xec, 0x53, 0x29,
  0x41, 0xbb, 0x0a, 0x7d, 0xf8, 0xe3, 0xfd, 0xb9, 0x7f, 0xb0, 0x14, 0xe8,
  0xbf, 0x00, 0x34, 0x2a, 0x16, 0xe8, 0xea, 0x56, 0x41, 0x1a, 0x4f, 0xc8,
  0x13, 0x0b, 0xb4, 0xbc, 0x0d, 0x51, 0x50, 0x3f, 0xab, 0x16, 0x0d, 0x12,
  0x45, 0x25, 0x17, 0x5d, 0x27, 0xfb, 0x0e, 0xa7, 0xdf, 0xf1, 0xfe, 0x72,
  0xea, 0xd7, 0xad, 0x65, 0xe3, 0x26, 0x14, 0x2e, 0x2c, 0x4e, 0xfb, 0xcc,
  0xf3, 0x48, 0x4e, 0xfb, 0x25, 0x06, 0xce, 0x7f, 0xb4, 0x1f, 0xdc, 0x23,
  0x0c, 0x5f, 0x79, 0xb7, 0x91, 0x6c, 0x61, 0x04, 0x1f, 0xb5, 0x3b, 0xe7,
  0xe4, 0x3e, 0xf5, 0x67, 0x63, 0x4d, 0xec, 0x92, 0x1a, 0x41, 0x05, 0x4b,
  0x9b, 0x10, 0x46, 0x3d, 0x18, 0x05, 0x04, 0x0a, 0xaa, 0x7b, 0x52, 0xc9,
  0x25, 0x7f, 0xec, 0xf5, 0x3d, 0xb1, 0xef, 0xea, 0x0c, 0xfe, 0xe8, 0x14,
  0x3c, 0x2a, 0x4b, 0x99, 0x95, 0x77, 0x16, 0x39, 0x3f, 0xe9, 0xc8, 0xec,
  0xfc, 0x21, 0x77, 0x01, 0x9c, 0xfe, 0xe5, 0x90, 0xe2, 0xde, 0xc1, 0x11,
  0xff, 0xc3, 0xea, 0x54, 0x67, 0xcc, 0x01, 0x4e, 0x70, 0xdb, 0x2e, 0xda,
  0x40, 0x5d, 0x90, 0x2e, 0xaa, 0x48, 0xd4, 0x2b, 0xf6, 0x5c, 0xec, 0x2f,
  0xf4, 0x26, 0xbc, 0x21, 0xd0, 0x65, 0x41, 0xbc, 0x33, 0x4d, 0xbc, 0x01,
  0xe5, 0x53, 0x32, 0x06, 0x39, 0x2a, 0x70, 0x89, 0xb3, 0x76, 0x0a, 0x6d,
  0xca, 0xf2, 0xd7, 0x7f, 0xd7, 0xd0, 0xde, 0x34, 0xf1, 0xca, 0xdf, 0x08,
  0x88, 0x74, 0xca, 0x31, 0x49, 0xd2, 0xc6, 0x28, 0xe1, 0xf2, 0x51, 0xbb,
  0x3e, 0x47, 0x27, 0x11, 0x81, 0xfb, 0xf5, 0xf7, 0x0f, 0x35, 0x21, 0xd6,
  0xa2, 0xc2, 0x12, 0x4c, 0xd4, 0x5b, 0x14, 0xc1, 0x8c, 0x0b, 0x52, 0x40,
  0x12, 0xf3, 0x41, 0xe0, 0xe5, 0xe7, 0x5d, 0xd3, 0xf2, 0x56, 0x18, 0x03,
  0xe4, 0x18, 0x34, 0x4a, 0xf8, 0xbb, 0xd1, 0x50, 0xc7, 0x26, 0x61, 0xbe,
  0x27, 0x06, 0x11, 0xa9, 0x85, 0xd0, 0x23, 0xd6, 0x01, 0xf6, 0x34, 0x6b,
  0x0a, 0x11, 0xe9, 0xe2, 0x5d, 0x29, 0x76, 0xbe, 0x90, 0x11, 0x0c, 0x7f,
  0xdc, 0xce, 0x03, 0x06, 0xdd, 0xe7, 0x4a, 0x24, 0x7f, 0x12, 0xcc, 0x81,
  0xef, 0x77, 0x2c, 0xf7, 0x0d, 0x45, 0xce, 0x58, 0xf1, 0xef, 0x44, 0xb9,
  0xee, 0xf9, 0xba, 0xc0, 0xdd, 0x1c, 0x48, 0x55, 0xc6, 0x0e, 0x24, 0x1a,
  0x0e, 0x28, 0xf0, 0xfc, 0x4a, 0x0f, 0xe3, 0x2b, 0x1b, 0x2e, 0x14, 0x04,
  0xe1, 0x46, 0xbd, 0xec, 0xf6, 0x19, 0x7f, 0xf4, 0xda, 0x3e, 0x30, 0xc5,
  0xfc, 0xdc, 0xe5, 0x21, 0x30, 0xe5, 0xff, 0x5e, 0x01, 0x23, 0x6c, 0x3e,
  0x04, 0x04, 0x28, 0x8f, 0xe3, 0xee, 0xb4, 0xe8, 0x37, 0xe9, 0x14, 0x1e,
  0x19, 0xd6, 0xf4, 0x43, 0x1e, 0x0d, 0x2f, 0xc7, 0xce, 0x43, 0xd8, 0x66,
  0x9a, 0x2c, 0xf9, 0x1f, 0x2a, 0x2c, 0xec, 0xe2, 0x2b, 0xbe, 0x0f, 0xe6,
  0x15, 0xd1, 0x28, 0xba, 0x46, 0xe8, 0x34, 0xc1, 0xe8, 0xaa, 0xd8, 0xd0,
  0x05, 0xd3, 0xd9, 0x10, 0xc2, 0x94, 0x8b, 0x8b, 0x14, 0x03, 0x0d, 0xe2,
  0xf7, 0x4e, 0xec, 0x2f, 0xec, 0x9f, 0x81, 0x05, 0x46, 0xa6, 0x08, 0xa1,
  0xdc, 0xf0, 0x02, 0xec, 0xc3, 0x28, 0x36, 0xe6, 0xc7, 0x2b, 0x0d, 0xeb,
  0x3b, 0x44, 0x09, 0xd6, 0xa9, 0x07, 0xda, 0x41, 0x15, 0xca, 0x1d, 0x1c,
  0x50, 0x04, 0x1c, 0xef, 0xd5, 0x67, 0x1f, 0x41, 0xef, 0x26, 0xba, 0xe0,
  0x44, 0xda, 0x5d, 0x33, 0x0f, 0x65, 0xbb, 0x98, 0x84, 0x7f, 0x30, 0x2b,
  0xa1, 0x11, 0xb7, 0x24, 0x37, 0x47, 0x91, 0x18, 0x02, 0xf9, 0xa2, 0xeb,
  0x3f, 0x00, 0x05, 0x95, 0x2a, 0xe5, 0x2c, 0x96, 0x35, 0x51, 0xbc, 0x55,
  0x61, 0x8d, 0xb0, 0xd2, 0x57, 0xa2, 0xad, 0x24, 0x05, 0x00, 0xbd, 0xd6,
  0x35, 0x55, 0xa1, 0xd5, 0xf5, 0xa5, 0x81, 0x37, 0x4c, 0xc1, 0xf8, 0x18,
  0xe0, 0x1a, 0x22, 0xe8, 0xca, 0xf6, 0xff, 0xff, 0x04, 0x00, 0x00, 0x00,
  0x40, 0x00, 0x00, 0x00, 0xdf, 0x02, 0x00, 0x00, 0x56, 0x12, 0x00, 0x00,
  0xb8, 0x10, 0x00, 0x00, 0x3a, 0x0f, 0x00, 0x00, 0x3d, 0xf3, 0xff, 0xff,
  0xe8, 0xce, 0xff, 0xff, 0xaf, 0x06, 0x00, 0x00, 0x59, 0x01, 0x00, 0x00,
  0x20, 0xeb, 0xff, 0xff, 0x52, 0xf0, 0xff, 0xff, 0x01, 0x09, 0x00, 0x00,
  0xa3, 0xe7, 0xff, 0xff, 0x3c, 0xe1, 0xff, 0xff, 0xaa, 0x26, 0x00, 0x00,
  0xfb, 0xfe, 0xff, 0xff, 0xd4, 0x25, 0x00, 0x00, 0x16, 0xf7, 0xff, 0xff,
  0x04, 0x00, 0x00, 0x00, 0x10, 0x00, 0x00, 0x00, 0xda, 0xf5, 0x11, 0xbf,
  0xc0, 0x7a, 0xc2, 0xc3, 0x03, 0xe3, 0xe5, 0x7f, 0xef, 0x31, 0xe5, 0x16,
  0x32, 0xf7, 0xff, 0xff, 0x04, 0x00, 0x00, 0x00, 0x10, 0x00, 0x00, 0x00,
  0x61, 0x78, 0xd8, 0x6f, 0x55, 0x58, 0x4d, 0x62, 0x56, 0x4f, 0x59, 0x59,
  0x59, 0x80, 0x56, 0xc9, 0x4e, 0xf7, 0xff, 0xff, 0x04, 0x00, 0x00, 0x00,
  0x00, 0x03, 0x00, 0x00, 0x2c, 0xcf, 0x5e, 0xbc, 0x68, 0x7d, 0x67, 0xb7,
  0x60, 0xe5, 0x0b, 0x10, 0x53, 0x01, 0xb3, 0xcc, 0xc8, 0xe6, 0x53, 0x8f,
  0xe9, 0x2f, 0x33, 0x17, 0x07, 0x7e, 0x7f, 0xfc, 0xd6, 0x37, 0xc8, 0x35,
  0x58, 0xe9, 0x45, 0xf8, 0x2a, 0xd7, 0x0e, 0xf1, 0xe4, 0xb1, 0x4c, 0x45,
  0xff, 0xc7, 0xbd, 0x03, 0xf4, 0xc2, 0x2b, 0xc2, 0x8c, 0x41, 0x1c, 0x9b,
  0xcb, 0x15, 0xf4, 0x7a, 0x96, 0xcf, 0x55, 0x3d, 0x0e, 0x81, 0x38, 0x0c,
  0x93, 0x33, 0x2a, 0xf7, 0x18, 0x47, 0x48, 0x06, 0x46, 0x0d, 0x15, 0xb5,
  0x06, 0x85, 0x04, 0xa9, 0xe8, 0x3c, 0x07, 0xd7, 0x62, 0x12, 0xdd, 0x50,
  0xc4, 0x04, 0x34, 0x0e, 0x0a, 0x70, 0x22, 0xe2, 0xbc, 0x3a, 0x04, 0x5a,
  0x48, 0x40, 0xe5, 0xc5, 0x19, 0x1b, 0xf1, 0xda, 0x57, 0x7f, 0x8e, 0x28,
  0x1b, 0xe4, 0x8b, 0x14, 0xc6, 0xf1, 0xaf, 0xaa, 0x38, 0xd8, 0xa9, 0x94,
  0x35, 0x2d, 0xd6, 0x7f, 0xfd, 0x48, 0x66, 0x3e, 0xfb, 0xd1, 0x67, 0xd7,
  0xba, 0xf0, 0xc7, 0xc3, 0xb0, 0x34, 0x2f, 0x26, 0x99, 0xe0, 0xaf, 0xb2,
  0xa6, 0x82, 0xf1, 0xfc, 0x0a, 0x19, 0x81, 0x4c, 0x18, 0x29, 0xfc, 0xc2,
  0xe8, 0xc3, 0xac, 0xe1, 0xbe, 0x3d, 0x00, 0x08, 0xed, 0x54, 0xf5, 0xfd,
  0x19, 0x20, 0x09, 0x36, 0xdf, 0xd7, 0xe3, 0x01, 0x2f, 0xaa, 0xbf, 0xc3,
  0x28, 0x28, 0x20, 0x1d, 0x00, 0x09, 0x13, 0x16, 0x40, 0xe4, 0x59, 0x1f,
  0x15, 0xc7, 0xef, 0x7f, 0x2a, 0x4f, 0xf6, 0xd9, 0xf1, 0x81, 0x0a, 0xd5,
  0x04, 0x2e, 0xa3, 0x24, 0x36, 0x1f, 0x36, 0x72, 0xe7, 0x70, 0xdc, 0xe7,
  0x19, 0xac, 0xd0, 0x06, 0xe6, 0x50, 0xf1, 0xf2, 0x28, 0xce, 0xe3, 0xbc,
  0xc6, 0x0d, 0x2e, 0x2e, 0x62, 0xe7, 0x5b, 0x37, 0xf8, 0x79, 0x0e, 0xc4,
  0x2b, 0x45, 0x5c, 0xee, 0xdb, 0x1a, 0x15, 0xee, 0x46, 0xed, 0xe4, 0xd5,
  0x03, 0xd7, 0x49, 0x61, 0x5b, 0xeb, 0x78, 0x59, 0x4f, 0xd0, 0xf9, 0xe8,
  0x0a, 0x1b, 0x0a, 0x1a, 0x5e, 0xfc, 0x3d, 0x07, 0x0e, 0x41, 0x7f, 0x60,
  0x27, 0x0d, 0xe8, 0x17, 0xc0, 0x1b, 0x30, 0xc9, 0xf1, 0xec, 0x2a, 0xd3,
  0x13, 0xc4, 0xbc, 0xf4, 0xb0, 0x11, 0xe2, 0xfe, 0xf0, 0x27, 0x22, 0x2a,
  0x0f, 0xe1, 0xe4, 0xed, 0x18, 0x2b, 0x16, 0xd3, 0xd6, 0x4c, 0x0e, 0xd4,
  0xc2, 0xf9, 0xe5, 0xaf, 0xcd, 0xc1, 0xb6, 0x0e, 0xa5, 0xc8, 0xb9, 0x03,
  0x19, 0xea, 0x81, 0xed, 0xf2, 0x25, 0x17, 0x3a, 0xf6, 0xc3, 0xe9, 0xf1,
  0xd7, 0xf4, 0x2d, 0x81, 0xd1, 0xe1, 0xeb, 0xfb, 0x38, 0x2d, 0xf0, 0xf8,
  0xb6, 0xed, 0xf2, 0x0d, 0x06, 0x0c, 0xe7, 0x19, 0x03, 0xc7, 0x16, 0xef,
  0x45, 0xdf, 0xfc, 0x31, 0xdb, 0xbe, 0x1e, 0xeb, 0xca, 0x1e, 0xfb, 0xbf,
  0x25, 0x22, 0x0b, 0x18, 0x53, 0x81, 0x18, 0xbd, 0x08, 0xfc, 0xf3, 0x44,
  0x61, 0x37, 0xed, 0x18, 0x4b, 0x12, 0x24, 0x10, 0xa1, 0xd4, 0x07, 0xea,
  0xd7, 0x29, 0xbf, 0xe2, 0x25, 0xd2, 0xcb, 0xdf, 0xff, 0xe7, 0x12, 0x0c,
  0xf8, 0xa2, 0xca, 0x90, 0x3a, 0x39, 0x4d, 0x1a, 0x26, 0x35, 0x0f, 0x18,
  0xc5, 0xf1, 0x4f, 0x4a, 0x2a, 0xb2, 0xfe, 0x85, 0x33, 0x04, 0x03, 0xee,
  0x13, 0x42, 0x08, 0x28, 0x18, 0x3c, 0x04, 0xf7, 0xa3, 0xd7, 0x07, 0x2c,
  0xbf, 0x52, 0x1b, 0xca, 0xfc, 0xd6, 0xce, 0x1c, 0xf6, 0x0b, 0x40, 0x16,
  0xdf, 0x81, 0xfe, 0x85, 0x69, 0x06, 0x07, 0x2f, 0x05, 0x19, 0xb9, 0x59,
  0x0e, 0x0f, 0x59, 0x27, 0xf3, 0x16, 0x05, 0xef, 0x9c, 0x25, 0x19, 0xdd,
  0x3e, 0x30, 0x70, 0x41, 0xec, 0x70, 0x3f, 0xc8, 0xb2, 0x07, 0x0d, 0x81,
  0x52, 0xbd, 0x9e, 0x40, 0x4c, 0x9a, 0xe2, 0x49, 0x57, 0x41, 0x08, 0xf3,
  0xc7, 0xf9, 0x2d, 0x20, 0x17, 0x43, 0x4e, 0xe2, 0x5d, 0x49, 0x0e, 0xe3,
  0xbc, 0x6d, 0xc7, 0xd8, 0x5d, 0xeb, 0x43, 0x5e, 0xf6, 0x3b, 0xd7, 0xd6,
  0xd9, 0xf6, 0xc0, 0x88, 0xf6, 0xdb, 0x35, 0xa2, 0x68, 0x62, 0xbd, 0x76,
  0xc1, 0xfa, 0xce, 0xe6, 0xdd, 0x0b, 0x7f, 0xa5, 0xfe, 0x81, 0x6e, 0x88,
  0x41, 0x36, 0xae, 0x42, 0xd8, 0x59, 0xc1, 0x6e, 0xb3, 0x01, 0xe5, 0xc4,
  0x28, 0xed, 0xe5, 0xbb, 0xbc, 0x00, 0xe1, 0xf3, 0xe2, 0xa9, 0xbb, 0xf1,
  0x15, 0xe6, 0xc1, 0xc9, 0x0b, 0x2e, 0xdd, 0x23, 0xca, 0x28, 0x0b, 0xd9,
  0x81, 0xdc, 0xa5, 0xc4, 0xc1, 0xb3, 0x14, 0xd1, 0xee, 0x19, 0x96, 0x1a,
  0xd4, 0xe1, 0x30, 0x35, 0xc0, 0xdf, 0xbd, 0xe3, 0xf8, 0x12, 0x05, 0xe1,
  0x2e, 0x1d, 0x09, 0xfe, 0x47, 0xf1, 0xdd, 0xd7, 0xe9, 0x6a, 0xcd, 0x9f,
  0xe6, 0x15, 0x07, 0x28, 0x5b, 0x3c, 0x0f, 0x19, 0x0e, 0xe6, 0x27, 0x81,
  0xeb, 0x09, 0x63, 0xd7, 0xf5, 0x48, 0xfb, 0x22, 0xc1, 0x64, 0xa8, 0xe2,
  0x1e, 0x82, 0xcf, 0xa0, 0x4f, 0x17, 0x21, 0x94, 0x61, 0x07, 0x42, 0x10,
  0x3a, 0x45, 0x2d, 0x43, 0xda, 0x21, 0x6a, 0x1d, 0x8b, 0x9e, 0xe0, 0x81,
  0xbf, 0xa4, 0x8a, 0xab, 0x37, 0xe4, 0xae, 0x25, 0x29, 0x29, 0x2e, 0xde,
  0x95, 0xb4, 0x0a, 0x4a, 0x37, 0xa7, 0x2b, 0xdf, 0xa1, 0x07, 0x2c, 0x10,
  0xed, 0x5b, 0x09, 0x40, 0xe6, 0xda, 0x06, 0xf8, 0x90, 0x52, 0xd0, 0xf2,
  0xec, 0x1e, 0xe4, 0xec, 0x23, 0xa7, 0x44, 0xf6, 0x69, 0x1b, 0x47, 0xb9,
  0xe6, 0x02, 0xe7, 0x7f, 0x2d, 0x06, 0x31, 0xaf, 0xb1, 0x9d, 0xe4, 0xd6,
  0xe1, 0x4d, 0x36, 0xf4, 0x4f, 0x47, 0x10, 0x36, 0x0b, 0x53, 0x68, 0xbc,
  0xbe, 0xc7, 0xbd, 0x0c, 0xfd, 0x21, 0xfb, 0x2c, 0xff, 0xc8, 0xb7, 0xc1,
  0xbd, 0xc6, 0x1e, 0x11, 0x5a, 0xfa, 0xff, 0xff, 0x04, 0x00, 0x00, 0x00,
  0x40, 0x00, 0x00, 0x00, 0x50, 0xea, 0xff, 0xff, 0x0d, 0xb8, 0xff, 0xff,
  0x70, 0x24, 0x00, 0x00, 0xeb, 0x02, 0x00, 0x00, 0xfb, 0xe2, 0xff, 0xff,
  0x63, 0x10, 0x00, 0x00, 0x2d, 0x33, 0x00, 0x00, 0x91, 0x47, 0x00, 0x00,
  0xf9, 0xd4, 0xff, 0xff, 0x44, 0xdc, 0xff, 0xff, 0x7e, 0xd2, 0xff, 0xff,
  0x94, 0x11, 0x00, 0x00, 0xc6, 0x08, 0x00, 0x00, 0x4f, 0xce, 0xff, 0xff,
  0x58, 0x15, 0x00, 0x00, 0x00, 0x01, 0x00, 0x00, 0xa6, 0xfa, 0xff, 0xff,
  0x04, 0x00, 0x00, 0x00, 0x10, 0x00, 0x00, 0x00, 0x82, 0x6f, 0x81, 0x82,
  0x84, 0x80, 0x82, 0x83, 0x90, 0x7f, 0x87, 0x81, 0x82, 0x58, 0x82, 0x83,
  0xc2, 0xfa, 0xff, 0xff, 0x04, 0x00, 0x00, 0x00, 0x10, 0x00, 0x00, 0x00,
  0x7f, 0x63, 0x64, 0xf1, 0x57, 0x56, 0x92, 0x80, 0x59, 0x5c, 0x52, 0x62,
  0xb4, 0x5e, 0xde, 0x5a, 0xde, 0xfa, 0xff, 0xff, 0x04, 0x00, 0x00, 0x00,
  0x00, 0x03, 0x00, 0x00, 0x2a, 0xad, 0xf3, 0x23, 0x99, 0x33, 0x19, 0xf2,
  0xd2, 0x97, 0x2e, 0xfe, 0xbc, 0x13, 0x05, 0xc3, 0x36, 0xfa, 0xe2, 0x09,
  0xea, 0xce, 0xb2, 0xe9, 0x0a, 0x0a, 0x32, 0x0e, 0xdf, 0xbb, 0xb9, 0x34,
  0x32, 0x02, 0xfe, 0x23, 0xed, 0xf1, 0x19, 0xff, 0xd4, 0x81, 0xf6, 0xfe,
  0xff, 0xeb, 0xd4, 0xff, 0x10, 0x96, 0x27, 0x40, 0x21, 0x03, 0xe8, 0xba,
  0xd3, 0xb3, 0xb8, 0x2d, 0xf8, 0xbb, 0xfe, 0x16, 0x32, 0x06, 0x3b, 0xf2,
  0x47, 0xe7, 0xd2, 0xc0, 0xc4, 0xb6, 0x24, 0xe9, 0x81, 0xcd, 0x03, 0xfe,
  0x32, 0x89, 0xcd, 0x10, 0xbd, 0x31, 0xf9, 0xdf, 0xe0, 0xb3, 0xd9, 0xea,
  0xf0, 0x09, 0x2b, 0x5a, 0xff, 0x20, 0xe6, 0xfc, 0xc3, 0x1c, 0xe4, 0xe4,
  0x34, 0xcc, 0x03, 0x11, 0x1b, 0xd6, 0x2a, 0x12, 0x31, 0xf7, 0x39, 0xeb,
  0xc4, 0x07, 0xcd, 0xed, 0xed, 0x81, 0xb1, 0xf8, 0xe9, 0xaa, 0x0b, 0x04,
  0x58, 0xa9, 0xe2, 0x24, 0x1d, 0xe9, 0x10, 0xe8, 0xdb, 0xec, 0xfc, 0xfa,
  0xeb, 0x23, 0xe5, 0x00, 0x06, 0xdc, 0x05, 0xe8, 0x2b, 0x1b, 0xe3, 0x13,
  0xe9, 0xc3, 0xe8, 0xf2, 0x0b, 0x15, 0x34, 0x27, 0x15, 0xf9, 0x33, 0xd2,
  0x8f, 0x24, 0x0d, 0xcf, 0x0a, 0x8f, 0x81, 0x10, 0x49, 0xbd, 0xcc, 0xec,
  0x4e, 0x1d, 0x05, 0x2f, 0x43, 0x3e, 0xb0, 0xc8, 0xae, 0xae, 0xe7, 0x2d,
  0x13, 0x41, 0x36, 0x27, 0x49, 0x69, 0xbc, 0xd7, 0xb8, 0xed, 0x02, 0x18,
  0xf5, 0xe9, 0x46, 0xe1, 0x26, 0x2c, 0x2f, 0x20, 0xf0, 0x7f, 0xdb, 0xbc,
  0xc7, 0xf9, 0x30, 0xb2, 0x68, 0x1e, 0x42, 0xef, 0xdf, 0x34, 0x3a, 0x1e,
  0xb6, 0x1b, 0xe7, 0xa2, 0xf4, 0x39, 0x0f, 0xe2, 0x3b, 0x65, 0x13, 0x8d,
  0xf3, 0xfc, 0xfd, 0xe7, 0x2a, 0x31, 0xc7, 0x32, 0x43, 0xae, 0x05, 0x46,
  0x11, 0x1e, 0x1c, 0xab, 0x09, 0x24, 0xb9, 0x2c, 0xe8, 0x44, 0xa0, 0x21,
  0xff, 0x1f, 0xe7, 0x08, 0xf2, 0x24, 0x0e, 0xf7, 0xf5, 0x44, 0x00, 0xf2,
  0xd9, 0x1a, 0xfa, 0x08, 0x1c, 0x06, 0xb0, 0xff, 0x33, 0x7f, 0x11, 0x9e,
  0x04, 0x09, 0xde, 0xf8, 0xe9, 0xf6, 0xa6, 0x01, 0x29, 0x2c, 0x10, 0xf4,
  0x1f, 0x33, 0xf2, 0xfa, 0x3a, 0x20, 0xdb, 0x7b, 0xd4, 0x4b, 0x02, 0x02,
  0x1f, 0x36, 0x10, 0xc3, 0x09, 0xcf, 0xea, 0x08, 0xbc, 0x1c, 0xbd, 0xda,
  0xd2, 0x15, 0xee, 0xfe, 0xf6, 0x2b, 0x28, 0xf5, 0x00, 0x57, 0x2c, 0x81,
  0xf1, 0x3d, 0xe8, 0x11, 0x04, 0x9c, 0x06, 0x33, 0xd3, 0x5a, 0xf2, 0xbf,
  0x27, 0xf7, 0xd6, 0x3c, 0xec, 0xa3, 0x0d, 0xc8, 0x05, 0x1b, 0x43, 0xbb,
  0xcb, 0x20, 0xb9, 0xe9, 0x1b, 0x81, 0xfe, 0xd2, 0xcf, 0x21, 0x2a, 0x31,
  0x17, 0xd1, 0xf6, 0x16, 0xc7, 0x1e, 0xbf, 0xbd, 0xc5, 0xac, 0xf3, 0x25,
  0x14, 0x12, 0x3b, 0x1b, 0xe4, 0x9b, 0x32, 0xda, 0xdf, 0xde, 0x2c, 0xfd,
  0xbb, 0x8a, 0x03, 0x15, 0x28, 0x12, 0x0a, 0xd0, 0xeb, 0x81, 0x1b, 0xf2,
  0xce, 0xd8, 0xc9, 0xb9, 0xc0, 0xe0, 0xae, 0xbc, 0x26, 0xd1, 0x33, 0xe7,
  0xf5, 0xe5, 0x0e, 0x0d, 0xbc, 0xb7, 0xd9, 0x06, 0xc2, 0xfd, 0xde, 0xd9,
  0x02, 0x41, 0x3c, 0x02, 0x1a, 0xb8, 0x18, 0xe8, 0x9d, 0x50, 0xeb, 0xf9,
  0x06, 0xb5, 0x4c, 0xf0, 0xea, 0x07, 0x3d, 0xfa, 0xfa, 0xdf, 0x09, 0xe2,
  0xa8, 0xc0, 0x0d, 0xcb, 0x0a, 0xd4, 0xf5, 0x22, 0x09, 0xa7, 0xc1, 0x41,
  0x54, 0x26, 0xff, 0x02, 0x36, 0x32, 0xf7, 0xe4, 0x81, 0xcf, 0x5a, 0xfd,
  0x10, 0xb7, 0x16, 0x19, 0x31, 0xec, 0xb6, 0x2a, 0x43, 0xdd, 0x4f, 0xe8,
  0x32, 0x38, 0xb5, 0xee, 0x1e, 0x3c, 0x27, 0x34, 0xca, 0x0c, 0x81, 0x4a,
  0x41, 0x20, 0xce, 0xec, 0xd1, 0x36, 0xd6, 0xec, 0xc6, 0x36, 0xf9, 0xbc,
  0xed, 0x4f, 0x90, 0xc0, 0xfb, 0x48, 0x5d, 0x14, 0x69, 0x24, 0x01, 0xf4,
  0xdb, 0xf8, 0xe0, 0xea, 0x31, 0x16, 0x0e, 0xf8, 0x48, 0xff, 0x17, 0x40,
  0x37, 0x2f, 0xe1, 0x81, 0x3a, 0x21, 0xec, 0x42, 0x1f, 0x43, 0x07, 0x1d,
  0xfc, 0xd8, 0xff, 0xbe, 0x0f, 0x4a, 0xfa, 0x9e, 0xcd, 0x17, 0xb2, 0xc8,
  0xe7, 0x5c, 0x05, 0x25, 0x28, 0x21, 0xe4, 0x21, 0x1d, 0xff, 0xd0, 0xab,
  0xe4, 0xe5, 0x24, 0xc3, 0x0c, 0x21, 0xd6, 0xfe, 0x3f, 0x40, 0xf4, 0xd9,
  0xf5, 0x43, 0xe2, 0xa4, 0x17, 0xfa, 0x19, 0x7f, 0xc9, 0x21, 0xc0, 0x32,
  0x2d, 0x2a, 0xf0, 0x09, 0xf2, 0x36, 0x2a, 0xa8, 0xf3, 0x0d, 0xe3, 0xfe,
  0xfc, 0x71, 0xad, 0xcf, 0x0c, 0x1e, 0xd1, 0x14, 0x00, 0x39, 0x28, 0x0e,
  0x19, 0x05, 0x14, 0xc0, 0x03, 0x46, 0xb7, 0x16, 0xf1, 0x5e, 0x4b, 0x6e,
  0x35, 0x45, 0xd5, 0xdf, 0x67, 0x5f, 0xea, 0x1e, 0xec, 0x7f, 0xf3, 0x8a,
  0xa8, 0xc6, 0xff, 0xa0, 0x49, 0xc8, 0x34, 0xbc, 0x89, 0x1d, 0x9e, 0xf6,
  0x8f, 0x7f, 0xa1, 0x6c, 0x06, 0x38, 0x38, 0x92, 0xe5, 0x21, 0x1f, 0xca,
  0x48, 0x3d, 0x2c, 0xc8, 0x64, 0xf5, 0x44, 0x0d, 0x43, 0xda, 0xaa, 0xc5,
  0x20, 0x98, 0x35, 0x42, 0xf4, 0x45, 0x3a, 0x29, 0x32, 0x99, 0xd6, 0x1c,
  0xe3, 0xb9, 0xaa, 0x9d, 0x86, 0x81, 0xb1, 0x00, 0x2c, 0xc8, 0x35, 0x56,
  0x55, 0x36, 0xd7, 0xfd, 0xb7, 0x4e, 0xfe, 0xcd, 0xdf, 0xb6, 0x03, 0x3b,
  0x0a, 0x40, 0xd5, 0x7f, 0xe0, 0x2c, 0xb7, 0x1a, 0x1b, 0x40, 0x2d, 0x3d,
  0x10, 0xf6, 0x5e, 0x81, 0xef, 0x52, 0xd4, 0x4c, 0x05, 0xe8, 0x99, 0xf7,
  0xfd, 0x2f, 0xc5, 0x18, 0x06, 0xf0, 0xec, 0xb9, 0xbc, 0x34, 0x13, 0xd8,
  0xb5, 0x73, 0x0d, 0x30, 0x30, 0x0b, 0x24, 0xde, 0x5a, 0x16, 0x18, 0x04,
  0x06, 0x0d, 0xf8, 0xf4, 0xea, 0xfd, 0xff, 0xff, 0x04, 0x00, 0x00, 0x00,
  0x40, 0x00, 0x00, 0x00, 0xf2, 0x30, 0x00, 0x00, 0xbc, 0x52, 0x00, 0x00,
  0x93, 0x1c, 0x00, 0x00, 0x2b, 0x3e, 0x00, 0x00, 0xa6, 0xea, 0xff, 0xff,
  0x20, 0x06, 0x00, 0x00, 0x4a, 0xd9, 0xff, 0xff, 0xf1, 0x48, 0x00, 0x00,
  0x84, 0x30, 0x00, 0x00, 0x17, 0x56, 0x00, 0x00, 0x06, 0x00, 0x00, 0x00,
  0xcf, 0x10, 0x00, 0x00, 0x3c, 0xed, 0xff, 0xff, 0xa8, 0xed, 0xff, 0xff,
  0x70, 0x57, 0x00, 0x00, 0x9f, 0xe3, 0xff, 0xff, 0x36, 0xfe, 0xff, 0xff,
  0x04, 0x00, 0x00, 0x00, 0x10, 0x00, 0x00, 0x00, 0x82, 0x82, 0x82, 0x81,
  0x86, 0x7f, 0x8e, 0x81, 0x82, 0x81, 0x87, 0x86, 0x85, 0x85, 0x81, 0xe7,
  0x52, 0xfe, 0xff, 0xff, 0x04, 0x00, 0x00, 0x00, 0x10, 0x00, 0x00, 0x00,
  0x2c, 0x29, 0x35, 0x39, 0x30, 0x37, 0x31, 0x31, 0x80, 0x47, 0x0e, 0x08,
  0x2f, 0x0d, 0x56, 0x32, 0x6e, 0xfe, 0xff, 0xff, 0x04, 0x00, 0x00, 0x00,
  0x70, 0x00, 0x00, 0x00, 0xba, 0xb7, 0xb6, 0xc0, 0x1f, 0x2b, 0x7f, 0x85,
  0x83, 0xa7, 0x7b, 0x53, 0x3c, 0x58, 0xc3, 0x50, 0xdd, 0x89, 0x92, 0x81,
  0x62, 0x39, 0x55, 0xb0, 0xcb, 0xaa, 0x4b, 0x43, 0x2f, 0x25, 0xce, 0x70,
  0x79, 0x6c, 0x59, 0x5d, 0xa8, 0x8f, 0xb2, 0x5c, 0x5b, 0x52, 0x8c, 0x88,
  0x91, 0x81, 0x58, 0xb6, 0xc6, 0xb9, 0xc6, 0x9f, 0x47, 0x43, 0x70, 0xbd,
  0xcb, 0xb4, 0x15, 0x19, 0x3e, 0x48, 0x91, 0x7f, 0xa3, 0x89, 0x86, 0xa8,
  0x4e, 0x24, 0x66, 0xd5, 0x98, 0xa5, 0x59, 0x5a, 0x12, 0x77, 0x9b, 0x7f,
  0xb6, 0xdb, 0xa5, 0xd6, 0x70, 0x27, 0x54, 0x98, 0xd5, 0xb1, 0x3a, 0x5b,
  0x38, 0x56, 0x81, 0x43, 0xb5, 0xbf, 0xbc, 0x81, 0x7c, 0x57, 0x4a, 0x98,
  0xfe, 0xa3, 0x1d, 0x79, 0x6a, 0x3c, 0xa4, 0x7d, 0xea, 0xfe, 0xff, 0xff,
  0x04, 0x00, 0x00, 0x00, 0x1c, 0x00, 0x00, 0x00, 0x6c, 0xf3, 0xff, 0xff,
  0x4f, 0xf2, 0xff, 0xff, 0x65, 0x32, 0x00, 0x00, 0x19, 0xc7, 0xff, 0xff,
  0x21, 0xde, 0xff, 0xff, 0x7e, 0xdf, 0xff, 0xff, 0xf7, 0xb9, 0xff, 0xff,
  0x12, 0xff, 0xff, 0xff, 0x04, 0x00, 0x00, 0x00, 0x08, 0x00, 0x00, 0x00,
  0x01, 0x00, 0x00, 0x00, 0x02, 0x00, 0x00, 0x00, 0x78, 0xd8, 0xff, 0xff,
  0x7c, 0xd8, 0xff, 0xff, 0x0f, 0x00, 0x00, 0x00, 0x4d, 0x4c, 0x49, 0x52,
  0x20, 0x43, 0x6f, 0x6e, 0x76, 0x65, 0x72, 0x74, 0x65, 0x64, 0x2e, 0x00,
  0x01, 0x00, 0x00, 0x00, 0x14, 0x00, 0x00, 0x00, 0x00, 0x00, 0x0e, 0x00,
  0x18, 0x00, 0x14, 0x00, 0x10, 0x00, 0x0c, 0x00, 0x08, 0x00, 0x04, 0x00,
  0x0e, 0x00, 0x00, 0x00, 0x14, 0x00, 0x00, 0x00, 0x1c, 0x00, 0x00, 0x00,
  0xf0, 0x04, 0x00, 0x00, 0xf4, 0x04, 0x00, 0x00, 0xf8, 0x04, 0x00, 0x00,
  0x04, 0x00, 0x00, 0x00, 0x6d, 0x61, 0x69, 0x6e, 0x00, 0x00, 0x00, 0x00,
  0x15, 0x00, 0x00, 0x00, 0x8c, 0x04, 0x00, 0x00, 0x48, 0x04, 0x00, 0x00,
  0x04, 0x04, 0x00, 0x00, 0xc4, 0x03, 0x00, 0x00, 0x90, 0x03, 0x00, 0x00,
  0x5c, 0x03, 0x00, 0x00, 0x1c, 0x03, 0x00, 0x00, 0xe8, 0x02, 0x00, 0x00,
  0xb4, 0x02, 0x00, 0x00, 0x74, 0x02, 0x00, 0x00, 0x40, 0x02, 0x00, 0x00,
  0x0c, 0x02, 0x00, 0x00, 0xcc, 0x01, 0x00, 0x00, 0x98, 0x01, 0x00, 0x00,
  0x64, 0x01, 0x00, 0x00, 0x24, 0x01, 0x00, 0x00, 0xf0, 0x00, 0x00, 0x00,
  0xbc, 0x00, 0x00, 0x00, 0x88, 0x00, 0x00, 0x00, 0x50, 0x00, 0x00, 0x00,
  0x14, 0x00, 0x00, 0x00, 0x00, 0x00, 0x0e, 0x00, 0x1a, 0x00, 0x14, 0x00,
  0x10, 0x00, 0x0c, 0x00, 0x0b, 0x00, 0x04, 0x00, 0x0e, 0x00, 0x00, 0x00,
  0x1c, 0x00, 0x00, 0x00, 0x00, 0x00, 0x00, 0x09, 0x1c, 0x00, 0x00, 0x00,
  0x20, 0x00, 0x00, 0x00, 0x05, 0x00, 0x00, 0x00, 0x00, 0x00, 0x06, 0x00,
  0x08, 0x00, 0x04, 0x00, 0x06, 0x00, 0x00, 0x00, 0x00, 0x00, 0x80, 0x3f,
  0x01, 0x00, 0x00, 0x00, 0x30, 0x00, 0x00, 0x00, 0x01, 0x00, 0x00, 0x00,
  0x2f, 0x00, 0x00, 0x00, 0x5e, 0xfc, 0xff, 0xff, 0x14, 0x00, 0x00, 0x00,
  0x00, 0x00, 0x00, 0x08, 0x10, 0x00, 0x00, 0x00, 0x14, 0x00, 0x00, 0x00,
  0x04, 0x00, 0x00, 0x00, 0x88, 0xd9, 0xff, 0xff, 0x01, 0x00, 0x00, 0x00,
  0x2f, 0x00, 0x00, 0x00, 0x03, 0x00, 0x00, 0x00, 0x2e, 0x00, 0x00, 0x00,
  0x03, 0x00, 0x00, 0x00, 0x02, 0x00, 0x00, 0x00, 0x92, 0xfc, 0xff, 0xff,
  0x14, 0x00, 0x00, 0x00, 0x00, 0x00, 0x00, 0x1b, 0x10, 0x00, 0x00, 0x00,
  0x14, 0x00, 0x00, 0x00, 0x03, 0x00, 0x00, 0x00, 0xbc, 0xd9, 0xff, 0xff,
  0x01, 0x00, 0x00, 0x00, 0x2e, 0x00, 0x00, 0x00, 0x02, 0x00, 0x00, 0x00,
  0x2d, 0x00, 0x00, 0x00, 0x01, 0x00, 0x00, 0x00, 0xc2, 0xfc, 0xff, 0xff,
  0x14, 0x00, 0x00, 0x00, 0x00, 0x00, 0x00, 0x0b, 0x10, 0x00, 0x00, 0x00,
  0x14, 0x00, 0x00, 0x00, 0x02, 0x00, 0x00, 0x00, 0xec, 0xd9, 0xff, 0xff,
  0x01, 0x00, 0x00, 0x00, 0x2d, 0x00, 0x00, 0x00, 0x02, 0x00, 0x00, 0x00,
  0x2c, 0x00, 0x00, 0x00, 0x04, 0x00, 0x00, 0x00, 0xf2, 0xfc, 0xff, 0xff,
  0x14, 0x00, 0x00, 0x00, 0x00, 0x00, 0x00, 0x15, 0x10, 0x00, 0x00, 0x00,
  0x14, 0x00, 0x00, 0x00, 0x01, 0x00, 0x00, 0x00, 0x1c, 0xda, 0xff, 0xff,
  0x01, 0x00, 0x00, 0x00, 0x2c, 0x00, 0x00, 0x00, 0x02, 0x00, 0x00, 0x00,
  0x2b, 0x00, 0x00, 0x00, 0x05, 0x00, 0x00, 0x00, 0xe2, 0xfc, 0xff, 0xff,
  0x10, 0x00, 0x00, 0x00, 0x00, 0x00, 0x00, 0x01, 0x18, 0x00, 0x00, 0x00,
  0x1c, 0x00, 0x00, 0x00, 0xd4, 0xfc, 0xff, 0xff, 0x00, 0x00, 0x00, 0x01,
  0x01, 0x00, 0x00, 0x00, 0x01, 0x00, 0x00, 0x00, 0x01, 0x00, 0x00, 0x00,
  0x2b, 0x00, 0x00, 0x00, 0x03, 0x00, 0x00, 0x00, 0x2a, 0x00, 0x00, 0x00,
  0x07, 0x00, 0x00, 0x00, 0x06, 0x00, 0x00, 0x00, 0x5e, 0xfd, 0xff, 0xff,
  0x14, 0x00, 0x00, 0x00, 0x00, 0x00, 0x00, 0x0b, 0x10, 0x00, 0x00, 0x00,
  0x14, 0x00, 0x00, 0x00, 0x02, 0x00, 0x00, 0x00, 0x88, 0xda, 0xff, 0xff,
  0x01, 0x00, 0x00, 0x00, 0x2a, 0x00, 0x00, 0x00, 0x02, 0x00, 0x00, 0x00,
  0x29, 0x00, 0x00, 0x00, 0x08, 0x00, 0x00, 0x00, 0x8e, 0xfd, 0xff, 0xff,
  0x14, 0x00, 0x00, 0x00, 0x00, 0x00, 0x00, 0x15, 0x10, 0x00, 0x00, 0x00,
  0x14, 0x00, 0x00, 0x00, 0x01, 0x00, 0x00, 0x00, 0xb8, 0xda, 0xff, 0xff,
  0x01, 0x00, 0x00, 0x00, 0x29, 0x00, 0x00, 0x00, 0x02, 0x00, 0x00, 0x00,
  0x28, 0x00, 0x00, 0x00, 0x09, 0x00, 0x00, 0x00, 0x7e, 0xfd, 0xff, 0xff,
  0x10, 0x00, 0x00, 0x00, 0x00, 0x00, 0x00, 0x01, 0x18, 0x00, 0x00, 0x00,
  0x1c, 0x00, 0x00, 0x00, 0x70, 0xfd, 0xff, 0xff, 0x00, 0x00, 0x00, 0x01,
  0x01, 0x00, 0x00, 0x00, 0x01, 0x00, 0x00, 0x00, 0x01, 0x00, 0x00, 0x00,
  0x28, 0x00, 0x00, 0x00, 0x03, 0x00, 0x00, 0x00, 0x27, 0x00, 0x00, 0x00,
  0x0b, 0x00, 0x00, 0x00, 0x0a, 0x00, 0x00, 0x00, 0xfa, 0xfd, 0xff, 0xff,
  0x14, 0x00, 0x00, 0x00, 0x00, 0x00, 0x00, 0x0b, 0x10, 0x00, 0x00, 0x00,
  0x14, 0x00, 0x00, 0x00, 0x02, 0x00, 0x00, 0x00, 0x24, 0xdb, 0xff, 0xff,
  0x01, 0x00, 0x00, 0x00, 0x27, 0x00, 0x00, 0x00, 0x02, 0x00, 0x00, 0x00,
  0x26, 0x00, 0x00, 0x00, 0x0c, 0x00, 0x00, 0x00, 0x2a, 0xfe, 0xff, 0xff,
  0x14, 0x00, 0x00, 0x00, 0x00, 0x00, 0x00, 0x15, 0x10, 0x00, 0x00, 0x00,
  0x14, 0x00, 0x00, 0x00, 0x01, 0x00, 0x00, 0x00, 0x54, 0xdb, 0xff, 0xff,
  0x01, 0x00, 0x00, 0x00, 0x26, 0x00, 0x00, 0x00, 0x02, 0x00, 0x00, 0x00,
  0x25, 0x00, 0x00, 0x00, 0x0d, 0x00, 0x00, 0x00, 0x1a, 0xfe, 0xff, 0xff,
  0x10, 0x00, 0x00, 0x00, 0x00, 0x00, 0x00, 0x01, 0x18, 0x00, 0x00, 0x00,
  0x1c, 0x00, 0x00, 0x00, 0x0c, 0xfe, 0xff, 0xff, 0x00, 0x00, 0x00, 0x01,
  0x01, 0x00, 0x00, 0x00, 0x01, 0x00, 0x00, 0x00, 0x01, 0x00, 0x00, 0x00,
  0x25, 0x00, 0x00, 0x00, 0x03, 0x00, 0x00, 0x00, 0x24, 0x00, 0x00, 0x00,
  0x0f, 0x00, 0x00, 0x00, 0x0e, 0x00, 0x00, 0x00, 0x96, 0xfe, 0xff, 0xff,
  0x14, 0x00, 0x00, 0x00, 0x00, 0x00, 0x00, 0x0b, 0x10, 0x00, 0x00, 0x00,
  0x14, 0x00, 0x00, 0x00, 0x02, 0x00, 0x00, 0x00, 0xc0, 0xdb, 0xff, 0xff,
  0x01, 0x00, 0x00, 0x00, 0x24, 0x00, 0x00, 0x00, 0x02, 0x00, 0x00, 0x00,
  0x23, 0x00, 0x00, 0x00, 0x10, 0x00, 0x00, 0x00, 0xc6, 0xfe, 0xff, 0xff,
  0x14, 0x00, 0x00, 0x00, 0x00, 0x00, 0x00, 0x15, 0x10, 0x00, 0x00, 0x00,
  0x14, 0x00, 0x00, 0x00, 0x01, 0x00, 0x00, 0x00, 0xf0, 0xdb, 0xff, 0xff,
  0x01, 0x00, 0x00, 0x00, 0x23, 0x00, 0x00, 0x00, 0x02, 0x00, 0x00, 0x00,
  0x22, 0x00, 0x00, 0x00, 0x11, 0x00, 0x00, 0x00, 0xb6, 0xfe, 0xff, 0xff,
  0x10, 0x00, 0x00, 0x00, 0x00, 0x00, 0x00, 0x01, 0x18, 0x00, 0x00, 0x00,
  0x1c, 0x00, 0x00, 0x00, 0xa8, 0xfe, 0xff, 0xff, 0x00, 0x00, 0x00, 0x01,
  0x01, 0x00, 0x00, 0x00, 0x01, 0x00, 0x00, 0x00, 0x01, 0x00, 0x00, 0x00,
  0x22, 0x00, 0x00, 0x00, 0x03, 0x00, 0x00, 0x00, 0x21, 0x00, 0x00, 0x00,
  0x13, 0x00, 0x00, 0x00, 0x12, 0x00, 0x00, 0x00, 0x32, 0xff, 0xff, 0xff,
  0x14, 0x00, 0x00, 0x00, 0x00, 0x00, 0x00, 0x0b, 0x10, 0x00, 0x00, 0x00,
  0x14, 0x00, 0x00, 0x00, 0x02, 0x00, 0x00, 0x00, 0x5c, 0xdc, 0xff, 0xff,
  0x01, 0x00, 0x00, 0x00, 0x21, 0x00, 0x00, 0x00, 0x02, 0x00, 0x00, 0x00,
  0x20, 0x00, 0x00, 0x00, 0x14, 0x00, 0x00, 0x00, 0x62, 0xff, 0xff, 0xff,
  0x14, 0x00, 0x00, 0x00, 0x00, 0x00, 0x00, 0x15, 0x10, 0x00, 0x00, 0x00,
  0x14, 0x00, 0x00, 0x00, 0x01, 0x00, 0x00, 0x00, 0x8c, 0xdc, 0xff, 0xff,
  0x01, 0x00, 0x00, 0x00, 0x20, 0x00, 0x00, 0x00, 0x02, 0x00, 0x00, 0x00,
  0x1f, 0x00, 0x00, 0x00, 0x15, 0x00, 0x00, 0x00, 0x52, 0xff, 0xff, 0xff,
  0x10, 0x00, 0x00, 0x00, 0x00, 0x00, 0x00, 0x01, 0x18, 0x00, 0x00, 0x00,
  0x1c, 0x00, 0x00, 0x00, 0x44, 0xff, 0xff, 0xff, 0x00, 0x00, 0x00, 0x01,
  0x01, 0x00, 0x00, 0x00, 0x01, 0x00, 0x00, 0x00, 0x01, 0x00, 0x00, 0x00,
  0x1f, 0x00, 0x00, 0x00, 0x03, 0x00, 0x00, 0x00, 0x1e, 0x00, 0x00, 0x00,
  0x17, 0x00, 0x00, 0x00, 0x16, 0x00, 0x00, 0x00, 0xce, 0xff, 0xff, 0xff,
  0x14, 0x00, 0x00, 0x00, 0x00, 0x00, 0x00, 0x0b, 0x10, 0x00, 0x00, 0x00,
  0x14, 0x00, 0x00, 0x00, 0x02, 0x00, 0x00, 0x00, 0xf8, 0xdc, 0xff, 0xff,
  0x01, 0x00, 0x00, 0x00, 0x1e, 0x00, 0x00, 0x00, 0x02, 0x00, 0x00, 0x00,
  0x1d, 0x00, 0x00, 0x00, 0x18, 0x00, 0x00, 0x00, 0x00, 0x00, 0x0e, 0x00,
  0x18, 0x00, 0x14, 0x00, 0x10, 0x00, 0x0c, 0x00, 0x0b, 0x00, 0x04, 0x00,
  0x0e, 0x00, 0x00, 0x00, 0x14, 0x00, 0x00, 0x00, 0x00, 0x00, 0x00, 0x15,
  0x10, 0x00, 0x00, 0x00, 0x14, 0x00, 0x00, 0x00, 0x01, 0x00, 0x00, 0x00,
  0x38, 0xdd, 0xff, 0xff, 0x01, 0x00, 0x00, 0x00, 0x1d, 0x00, 0x00, 0x00,
  0x02, 0x00, 0x00, 0x00, 0x1c, 0x00, 0x00, 0x00, 0x19, 0x00, 0x00, 0x00,
  0x00, 0x00, 0x0e, 0x00, 0x14, 0x00, 0x00, 0x00, 0x10, 0x00, 0x0c, 0x00,
  0x0b, 0x00, 0x04, 0x00, 0x0e, 0x00, 0x00, 0x00, 0x1c, 0x00, 0x00, 0x00,
  0x00, 0x00, 0x00, 0x01, 0x24, 0x00, 0x00, 0x00, 0x28, 0x00, 0x00, 0x00,
  0x0c, 0x00, 0x10, 0x00, 0x00, 0x00, 0x0c, 0x00, 0x08, 0x00, 0x07, 0x00,
  0x0c, 0x00, 0x00, 0x00, 0x00, 0x00, 0x00, 0x01, 0x01, 0x00, 0x00, 0x00,
  0x01, 0x00, 0x00, 0x00, 0x01, 0x00, 0x00, 0x00, 0x1c, 0x00, 0x00, 0x00,
  0x03, 0x00, 0x00, 0x00, 0x00, 0x00, 0x00, 0x00, 0x1b, 0x00, 0x00, 0x00,
  0x1a, 0x00, 0x00, 0x00, 0x01, 0x00, 0x00, 0x00, 0x30, 0x00, 0x00, 0x00,
  0x01, 0x00, 0x00, 0x00, 0x00, 0x00, 0x00, 0x00, 0x31, 0x00, 0x00, 0x00,
  0xa8, 0x22, 0x00, 0x00, 0x24, 0x22, 0x00, 0x00, 0x64, 0x21, 0x00, 0x00,
  0xa0, 0x20, 0x00, 0x00, 0x4c, 0x20, 0x00, 0x00, 0xf8, 0x1f, 0x00, 0x00,
  0x84, 0x1e, 0x00, 0x00, 0x48, 0x1d, 0x00, 0x00, 0xf4, 0x1c, 0x00, 0x00,
  0xa0, 0x1c, 0x00, 0x00, 0x2c, 0x1b, 0x00, 0x00, 0xf0, 0x19, 0x00, 0x00,
  0x94, 0x19, 0x00, 0x00, 0x38, 0x19, 0x00, 0x00, 0xc4, 0x17, 0x00, 0x00,
  0x88, 0x16, 0x00, 0x00, 0x2c, 0x16, 0x00, 0x00, 0xd0, 0x15, 0x00, 0x00,
  0x5c, 0x14, 0x00, 0x00, 0x20, 0x13, 0x00, 0x00, 0xc4, 0x12, 0x00, 0x00,
  0x68, 0x12, 0x00, 0x00, 0xf4, 0x10, 0x00, 0x00, 0xb8, 0x0f, 0x00, 0x00,
  0x5c, 0x0f, 0x00, 0x00, 0x00, 0x0f, 0x00, 0x00, 0x8c, 0x0d, 0x00, 0x00,
  0x50, 0x0c, 0x00, 0x00, 0x84, 0x0b, 0x00, 0x00, 0x08, 0x0b, 0x00, 0x00,
  0x84, 0x0a, 0x00, 0x00, 0xb8, 0x09, 0x00, 0x00, 0x3c, 0x09, 0x00, 0x00,
  0xb8, 0x08, 0x00, 0x00, 0xec, 0x07, 0x00, 0x00, 0x70, 0x07, 0x00, 0x00,
  0xec, 0x06, 0x00, 0x00, 0x20, 0x06, 0x00, 0x00, 0xa4, 0x05, 0x00, 0x00,
  0x20, 0x05, 0x00, 0x00, 0x54, 0x04, 0x00, 0x00, 0xd8, 0x03, 0x00, 0x00,
  0x54, 0x03, 0x00, 0x00, 0x88, 0x02, 0x00, 0x00, 0x0c, 0x02, 0x00, 0x00,
  0x88, 0x01, 0x00, 0x00, 0x0c, 0x01, 0x00, 0x00, 0x68, 0x00, 0x00, 0x00,
  0x04, 0x00, 0x00, 0x00, 0x32, 0xde, 0xff, 0xff, 0x00, 0x00, 0x00, 0x01,
  0x14, 0x00, 0x00, 0x00, 0x30, 0x00, 0x00, 0x00, 0x31, 0x00, 0x00, 0x00,
  0x00, 0x00, 0x00, 0x09, 0x3c, 0x00, 0x00, 0x00, 0x1c, 0xde, 0xff, 0xff,
  0x08, 0x00, 0x00, 0x00, 0x10, 0x00, 0x00, 0x00, 0x01, 0x00, 0x00, 0x00,
  0x80, 0xff, 0xff, 0xff, 0xff, 0xff, 0xff, 0xff, 0x01, 0x00, 0x00, 0x00,
  0x00, 0x00, 0x80, 0x3b, 0x11, 0x00, 0x00, 0x00, 0x50, 0x61, 0x72, 0x74,
  0x69, 0x74, 0x69, 0x6f, 0x6e, 0x65, 0x64, 0x43, 0x61, 0x6c, 0x6c, 0x3a,
  0x30, 0x00, 0x00, 0x00, 0x02, 0x00, 0x00, 0x00, 0x01, 0x00, 0x00, 0x00,
  0x07, 0x00, 0x00, 0x00, 0x92, 0xde, 0xff, 0xff, 0x00, 0x00, 0x00, 0x01,
  0x14, 0x00, 0x00, 0x00, 0x34, 0x00, 0x00, 0x00, 0x30, 0x00, 0x00, 0x00,
  0x00, 0x00, 0x00, 0x09, 0x7c, 0x00, 0x00, 0x00, 0x7c, 0xde, 0xff, 0xff,
  0x08, 0x00, 0x00, 0x00, 0x14, 0x00, 0x00, 0x00, 0x01, 0x00, 0x00, 0x00,
  0xea, 0xff, 0xff, 0xff, 0xff, 0xff, 0xff, 0xff, 0x00, 0x00, 0x00, 0x00,
  0x01, 0x00, 0x00, 0x00, 0xf4, 0x03, 0x51, 0x3d, 0x4d, 0x00, 0x00, 0x00,
  0x6d, 0x6f, 0x64, 0x65, 0x6c, 0x5f, 0x31, 0x37, 0x39, 0x2f, 0x74, 0x66,
  0x2e, 0x6c, 0x69, 0x6e, 0x61, 0x6c, 0x67, 0x2e, 0x6d, 0x61, 0x74, 0x6d,
  0x75, 0x6c, 0x5f, 0x35, 0x35, 0x2f, 0x4d, 0x61, 0x74, 0x4d, 0x75, 0x6c,
  0x3b, 0x6d, 0x6f, 0x64, 0x65, 0x6c, 0x5f, 0x31, 0x37, 0x39, 0x2f, 0x74,
  0x66, 0x2e, 0x5f, 0x5f, 0x6f, 0x70, 0x65, 0x72, 0x61, 0x74, 0x6f, 0x72,
  0x73, 0x5f, 0x5f, 0x2e, 0x61, 0x64, 0x64, 0x5f, 0x31, 0x37, 0x39, 0x2f,
  0x41, 0x64, 0x64, 0x56, 0x32, 0x00, 0x00, 0x00, 0x02, 0x00, 0x00, 0x00,
  0x01, 0x00, 0x00, 0x00, 0x07, 0x00, 0x00, 0x00, 0x32, 0xdf, 0xff, 0xff,
  0x00, 0x00, 0x00, 0x01, 0x14, 0x00, 0x00, 0x00, 0x34, 0x00, 0x00, 0x00,
  0x2f, 0x00, 0x00, 0x00, 0x00, 0x00, 0x00, 0x09, 0x54, 0x00, 0x00, 0x00,
  0x1c, 0xdf, 0xff, 0xff, 0x08, 0x00, 0x00, 0x00, 0x14, 0x00, 0x00, 0x00,
  0x01, 0x00, 0x00, 0x00, 0xe5, 0xff, 0xff, 0xff, 0xff, 0xff, 0xff, 0xff,
  0x00, 0x00, 0x00, 0x00, 0x01, 0x00, 0x00, 0x00, 0x10, 0xe0, 0x2e, 0x3c,
  0x25, 0x00, 0x00, 0x00, 0x6d, 0x6f, 0x64, 0x65, 0x6c, 0x5f, 0x31, 0x37,
  0x39, 0x2f, 0x74, 0x66, 0x2e, 0x6d, 0x61, 0x74, 0x68, 0x2e, 0x72, 0x65,
  0x64, 0x75, 0x63, 0x65, 0x5f, 0x6d, 0x65, 0x61, 0x6e, 0x5f, 0x35, 0x35,
  0x2f, 0x4d, 0x65, 0x61, 0x6e, 0x00, 0x00, 0x00, 0x02, 0x00, 0x00, 0x00,
  0x01, 0x00, 0x00, 0x00, 0x10, 0x00, 0x00, 0x00, 0xaa, 0xdf, 0xff, 0xff,
  0x00, 0x00, 0x00, 0x01, 0x14, 0x00, 0x00, 0x00, 0x30, 0x00, 0x00, 0x00,
  0x2e, 0x00, 0x00, 0x00, 0x00, 0x00, 0x00, 0x09, 0x54, 0x00, 0x00, 0x00,
  0x94, 0xdf, 0xff, 0xff, 0x08, 0x00, 0x00, 0x00, 0x10, 0x00, 0x00, 0x00,
  0x01, 0x00, 0x00, 0x00, 0xbf, 0xff, 0xff, 0xff, 0xff, 0xff, 0xff, 0xff,
  0x01, 0x00, 0x00, 0x00, 0x5a, 0xb6, 0xb3, 0x3c, 0x28, 0x00, 0x00, 0x00,
  0x6d, 0x6f, 0x64, 0x65, 0x6c, 0x5f, 0x31, 0x37, 0x39, 0x2f, 0x74, 0x66,
  0x2e, 0x5f, 0x5f, 0x6f, 0x70, 0x65, 0x72, 0x61, 0x74, 0x6f, 0x72, 0x73,
  0x5f, 0x5f, 0x2e, 0x61, 0x64, 0x64, 0x5f, 0x31, 0x37, 0x38, 0x2f, 0x41,
  0x64, 0x64, 0x56, 0x32, 0x00, 0x00, 0x00, 0x00, 0x04, 0x00, 0x00, 0x00,
  0x01, 0x00, 0x00, 0x00, 0x05, 0x00, 0x00, 0x00, 0x01, 0x00, 0x00, 0x00,
  0x10, 0x00, 0x00, 0x00, 0x2a, 0xe0, 0xff, 0xff, 0x00, 0x00, 0x00, 0x01,
  0x14, 0x00, 0x00, 0x00, 0x30, 0x00, 0x00, 0x00, 0x2d, 0x00, 0x00, 0x00,
  0x00, 0x00, 0x00, 0x09, 0x4c, 0x00, 0x00, 0x00, 0x14, 0xe0, 0xff, 0xff,
  0x08, 0x00, 0x00, 0x00, 0x10, 0x00, 0x00, 0x00, 0x01, 0x00, 0x00, 0x00,
  0xb3, 0xff, 0xff, 0xff, 0xff, 0xff, 0xff, 0xff, 0x01, 0x00, 0x00, 0x00,
  0xca, 0x19, 0xde, 0x3c, 0x22, 0x00, 0x00, 0x00, 0x6d, 0x6f, 0x64, 0x65,
  0x6c, 0x5f, 0x31, 0x37, 0x39, 0x2f, 0x74, 0x66, 0x2e, 0x6d, 0x61, 0x74,
  0x68, 0x2e, 0x6d, 0x75, 0x6c, 0x74, 0x69, 0x70, 0x6c, 0x79, 0x5f, 0x31,
  0x37, 0x38, 0x2f, 0x4d, 0x75, 0x6c, 0x00, 0x00, 0x04, 0x00, 0x00, 0x00,
  0x01, 0x00, 0x00, 0x00, 0x05, 0x00, 0x00, 0x00, 0x01, 0x00, 0x00, 0x00,
  0x10, 0x00, 0x00, 0x00, 0xa2, 0xe0, 0xff, 0xff, 0x00, 0x00, 0x00, 0x01,
  0x14, 0x00, 0x00, 0x00, 0x30, 0x00, 0x00, 0x00, 0x2c, 0x00, 0x00, 0x00,
  0x00, 0x00, 0x00, 0x09, 0x9c, 0x00, 0x00, 0x00, 0x8c, 0xe0, 0xff, 0xff,
  0x08, 0x00, 0x00, 0x00, 0x10, 0x00, 0x00, 0x00, 0x01, 0x00, 0x00, 0x00,
  0x80, 0xff, 0xff, 0xff, 0xff, 0xff, 0xff, 0xff, 0x01, 0x00, 0x00, 0x00,
  0x92, 0x59, 0xb1, 0x3c, 0x70, 0x00, 0x00, 0x00, 0x6d, 0x6f, 0x64, 0x65,
  0x6c, 0x5f, 0x31, 0x37, 0x39, 0x2f, 0x74, 0x66, 0x2e, 0x6e, 0x6e, 0x2e,
  0x72, 0x65, 0x6c, 0x75, 0x5f, 0x32, 0x34, 0x37, 0x2f, 0x52, 0x65, 0x6c,
  0x75, 0x3b, 0x6d, 0x6f, 0x64, 0x65, 0x6c, 0x5f, 0x31, 0x37, 0x39, 0x2f,
  0x74, 0x66, 0x2e, 0x6d, 0x61, 0x74, 0x68, 0x2e, 0x61, 0x64, 0x64, 0x5f,
  0x32, 0x34, 0x37, 0x2f, 0x41, 0x64, 0x64, 0x3b, 0x6d, 0x6f, 0x64, 0x65,
  0x6c, 0x5f, 0x31, 0x37, 0x39, 0x2f, 0x74, 0x66, 0x2e, 0x6e, 0x6e, 0x2e,
  0x63, 0x6f, 0x6e, 0x76, 0x6f, 0x6c, 0x75, 0x74, 0x69, 0x6f, 0x6e, 0x5f,
  0x32, 0x34, 0x37, 0x2f, 0x63, 0x6f, 0x6e, 0x76, 0x6f, 0x6c, 0x75, 0x74,
  0x69, 0x6f, 0x6e, 0x3b, 0x43, 0x6f, 0x6e, 0x73, 0x74, 0x5f, 0x35, 0x31,
  0x00, 0x00, 0x00, 0x00, 0x04, 0x00, 0x00, 0x00, 0x01, 0x00, 0x00, 0x00,
  0x05, 0x00, 0x00, 0x00, 0x01, 0x00, 0x00, 0x00, 0x10, 0x00, 0x00, 0x00,
  0x6a, 0xe1, 0xff, 0xff, 0x00, 0x00, 0x00, 0x01, 0x14, 0x00, 0x00, 0x00,
  0x30, 0x00, 0x00, 0x00, 0x2b, 0x00, 0x00, 0x00, 0x00, 0x00, 0x00, 0x09,
  0x54, 0x00, 0x00, 0x00, 0x54, 0xe1, 0xff, 0xff, 0x08, 0x00, 0x00, 0x00,
  0x10, 0x00, 0x00, 0x00, 0x01, 0x00, 0x00, 0x00, 0xe6, 0xff, 0xff, 0xff,
  0xff, 0xff, 0xff, 0xff, 0x01, 0x00, 0x00, 0x00, 0xd5, 0x5b, 0x33, 0x3c,
  0x28, 0x00, 0x00, 0x00, 0x6d, 0x6f, 0x64, 0x65, 0x6c, 0x5f, 0x31, 0x37,
  0x39, 0x2f, 0x74, 0x66, 0x2e, 0x5f, 0x5f, 0x6f, 0x70, 0x65, 0x72, 0x61,
  0x74, 0x6f, 0x72, 0x73, 0x5f, 0x5f, 0x2e, 0x61, 0x64, 0x64, 0x5f, 0x31,
  0x37, 0x37, 0x2f, 0x41, 0x64, 0x64, 0x56, 0x32, 0x00, 0x00, 0x00, 0x00,
  0x04, 0x00, 0x00, 0x00, 0x01, 0x00, 0x00, 0x00, 0x05, 0x00, 0x00, 0x00,
  0x01, 0x00, 0x00, 0x00, 0x10, 0x00, 0x00, 0x00, 0xea, 0xe1, 0xff, 0xff,
  0x00, 0x00, 0x00, 0x01, 0x14, 0x00, 0x00, 0x00, 0x30, 0x00, 0x00, 0x00,
  0x2a, 0x00, 0x00, 0x00, 0x00, 0x00, 0x00, 0x09, 0x4c, 0x00, 0x00, 0x00,
  0xd4, 0xe1, 0xff, 0xff, 0x08, 0x00, 0x00, 0x00, 0x10, 0x00, 0x00, 0x00,
  0x01, 0x00, 0x00, 0x00, 0xbf, 0xff, 0xff, 0xff, 0xff, 0xff, 0xff, 0xff,
  0x01, 0x00, 0x00, 0x00, 0x22, 0xba, 0x92, 0x3c, 0x22, 0x00, 0x00, 0x00,
  0x6d, 0x6f, 0x64, 0x65, 0x6c, 0x5f, 0x31, 0x37, 0x39, 0x2f, 0x74, 0x66,
  0x2e, 0x6d, 0x61, 0x74, 0x68, 0x2e, 0x6d, 0x75, 0x6c, 0x74, 0x69, 0x70,
  0x6c, 0x79, 0x5f, 0x31, 0x37, 0x37, 0x2f, 0x4d, 0x75, 0x6c, 0x00, 0x00,
  0x04, 0x00, 0x00, 0x00, 0x01, 0x00, 0x00, 0x00, 0x05, 0x00, 0x00, 0x00,
  0x01, 0x00, 0x00, 0x00, 0x10, 0x00, 0x00, 0x00, 0x62, 0xe2, 0xff, 0xff,
  0x00, 0x00, 0x00, 0x01, 0x14, 0x00, 0x00, 0x00, 0x30, 0x00, 0x00, 0x00,
  0x29, 0x00, 0x00, 0x00, 0x00, 0x00, 0x00, 0x09, 0x9c, 0x00, 0x00, 0x00,
  0x4c, 0xe2, 0xff, 0xff, 0x08, 0x00, 0x00, 0x00, 0x10, 0x00, 0x00, 0x00,
  0x01, 0x00, 0x00, 0x00, 0x80, 0xff, 0xff, 0xff, 0xff, 0xff, 0xff, 0xff,
  0x01, 0x00, 0x00, 0x00, 0xef, 0x6e, 0x5d, 0x3c, 0x70, 0x00, 0x00, 0x00,
  0x6d, 0x6f, 0x64, 0x65, 0x6c, 0x5f, 0x31, 0x37, 0x39, 0x2f, 0x74, 0x66,
  0x2e, 0x6e, 0x6e, 0x2e, 0x72, 0x65, 0x6c, 0x75, 0x5f, 0x32, 0x34, 0x36,
  0x2f, 0x52, 0x65, 0x6c, 0x75, 0x3b, 0x6d, 0x6f, 0x64, 0x65, 0x6c, 0x5f,
  0x31, 0x37, 0x39, 0x2f, 0x74, 0x66, 0x2e, 0x6d, 0x61, 0x74, 0x68, 0x2e,
  0x61, 0x64, 0x64, 0x5f, 0x32, 0x34, 0x36, 0x2f, 0x41, 0x64, 0x64, 0x3b,
  0x6d, 0x6f, 0x64, 0x65, 0x6c, 0x5f, 0x31, 0x37, 0x39, 0x2f, 0x74, 0x66,
  0x2e, 0x6e, 0x6e, 0x2e, 0x63, 0x6f, 0x6e, 0x76, 0x6f, 0x6c, 0x75, 0x74,
  0x69, 0x6f, 0x6e, 0x5f, 0x32, 0x34, 0x36, 0x2f, 0x63, 0x6f, 0x6e, 0x76,
  0x6f, 0x6c, 0x75, 0x74, 0x69, 0x6f, 0x6e, 0x3b, 0x43, 0x6f, 0x6e, 0x73,
  0x74, 0x5f, 0x39, 0x31, 0x00, 0x00, 0x00, 0x00, 0x04, 0x00, 0x00, 0x00,
  0x01, 0x00, 0x00, 0x00, 0x05, 0x00, 0x00, 0x00, 0x01, 0x00, 0x00, 0x00,
  0x10, 0x00, 0x00, 0x00, 0x2a, 0xe3, 0xff, 0xff, 0x00, 0x00, 0x00, 0x01,
  0x14, 0x00, 0x00, 0x00, 0x30, 0x00, 0x00, 0x00, 0x28, 0x00, 0x00, 0x00,
  0x00, 0x00, 0x00, 0x09, 0x54, 0x00, 0x00, 0x00, 0x14, 0xe3, 0xff, 0xff,
  0x08, 0x00, 0x00, 0x00, 0x10, 0x00, 0x00, 0x00, 0x01, 0x00, 0x00, 0x00,
  0xd3, 0xff, 0xff, 0xff, 0xff, 0xff, 0xff, 0xff, 0x01, 0x00, 0x00, 0x00,
  0x7c, 0xb7, 0x2a, 0x3c, 0x28, 0x00, 0x00, 0x00, 0x6d, 0x6f, 0x64, 0x65,
  0x6c, 0x5f, 0x31, 0x37, 0x39, 0x2f, 0x74, 0x66, 0x2e, 0x5f, 0x5f, 0x6f,
  0x70, 0x65, 0x72, 0x61, 0x74, 0x6f, 0x72, 0x73, 0x5f, 0x5f, 0x2e, 0x61,
  0x64, 0x64, 0x5f, 0x31, 0x37, 0x36, 0x2f, 0x41, 0x64, 0x64, 0x56, 0x32,
  0x00, 0x00, 0x00, 0x00, 0x04, 0x00, 0x00, 0x00, 0x01, 0x00, 0x00, 0x00,
  0x05, 0x00, 0x00, 0x00, 0x01, 0x00, 0x00, 0x00, 0x10, 0x00, 0x00, 0x00,
  0xaa, 0xe3, 0xff, 0xff, 0x00, 0x00, 0x00, 0x01, 0x14, 0x00, 0x00, 0x00,
  0x30, 0x00, 0x00, 0x00, 0x27, 0x00, 0x00, 0x00, 0x00, 0x00, 0x00, 0x09,
  0x4c, 0x00, 0x00, 0x00, 0x94, 0xe3, 0xff, 0xff, 0x08, 0x00, 0x00, 0x00,
  0x10, 0x00, 0x00, 0x00, 0x01, 0x00, 0x00, 0x00, 0xb1, 0xff, 0xff, 0xff,
  0xff, 0xff, 0xff, 0xff, 0x01, 0x00, 0x00, 0x00, 0x21, 0xcc, 0x8f, 0x3c,
  0x22, 0x00, 0x00, 0x00, 0x6d, 0x6f, 0x64, 0x65, 0x6c, 0x5f, 0x31, 0x37,
  0x39, 0x2f, 0x74, 0x66, 0x2e, 0x6d, 0x61, 0x74, 0x68, 0x2e, 0x6d, 0x75,
  0x6c, 0x74, 0x69, 0x70, 0x6c, 0x79, 0x5f, 0x31, 0x37, 0x36, 0x2f, 0x4d,
  0x75, 0x6c, 0x00, 0x00, 0x04, 0x00, 0x00, 0x00, 0x01, 0x00, 0x00, 0x00,
  0x05, 0x00, 0x00, 0x00, 0x01, 0x00, 0x00, 0x00, 0x10, 0x00, 0x00, 0x00,
  0x22, 0xe4, 0xff, 0xff, 0x00, 0x00, 0x00, 0x01, 0x14, 0x00, 0x00, 0x00,
  0x30, 0x00, 0x00, 0x00, 0x26, 0x00, 0x00, 0x00, 0x00, 0x00, 0x00, 0x09,
  0x9c, 0x00, 0x00, 0x00, 0x0c, 0xe4, 0xff, 0xff, 0x08, 0x00, 0x00, 0x00,
  0x10, 0x00, 0x00, 0x00, 0x01, 0x00, 0x00, 0x00, 0x80, 0xff, 0xff, 0xff,
  0xff, 0xff, 0xff, 0xff, 0x01, 0x00, 0x00, 0x00, 0x28, 0x07, 0x68, 0x3c,
  0x71, 0x00, 0x00, 0x00, 0x6d, 0x6f, 0x64, 0x65, 0x6c, 0x5f, 0x31, 0x37,
  0x39, 0x2f, 0x74, 0x66, 0x2e, 0x6e, 0x6e, 0x2e, 0x72, 0x65, 0x6c, 0x75,
  0x5f, 0x32, 0x34, 0x35, 0x2f, 0x52, 0x65, 0x6c, 0x75, 0x3b, 0x6d, 0x6f,
  0x64, 0x65, 0x6c, 0x5f, 0x31, 0x37, 0x39, 0x2f, 0x74, 0x66, 0x2e, 0x6d,
  0x61, 0x74, 0x68, 0x2e, 0x61, 0x64, 0x64, 0x5f, 0x32, 0x34, 0x35, 0x2f,
  0x41, 0x64, 0x64, 0x3b, 0x6d, 0x6f, 0x64, 0x65, 0x6c, 0x5f, 0x31, 0x37,
  0x39, 0x2f, 0x74, 0x66, 0x2e, 0x6e, 0x6e, 0x2e, 0x63, 0x6f, 0x6e, 0x76,
  0x6f, 0x6c, 0x75, 0x74, 0x69, 0x6f, 0x6e, 0x5f, 0x32, 0x34, 0x35, 0x2f,
  0x63, 0x6f, 0x6e, 0x76, 0x6f, 0x6c, 0x75, 0x74, 0x69, 0x6f, 0x6e, 0x3b,
  0x43, 0x6f, 0x6e, 0x73, 0x74, 0x5f, 0x31, 0x33, 0x31, 0x00, 0x00, 0x00,
  0x04, 0x00, 0x00, 0x00, 0x01, 0x00, 0x00, 0x00, 0x05, 0x00, 0x00, 0x00,
  0x01, 0x00, 0x00, 0x00, 0x10, 0x00, 0x00, 0x00, 0xea, 0xe4, 0xff, 0xff,
  0x00, 0x00, 0x00, 0x01, 0x14, 0x00, 0x00, 0x00, 0x30, 0x00, 0x00, 0x00,
  0x25, 0x00, 0x00, 0x00, 0x00, 0x00, 0x00, 0x09, 0x54, 0x00, 0x00, 0x00,
  0xd4, 0xe4, 0xff, 0xff, 0x08, 0x00, 0x00, 0x00, 0x10, 0x00, 0x00, 0x00,
  0x01, 0x00, 0x00, 0x00, 0xe4, 0xff, 0xff, 0xff, 0xff, 0xff, 0xff, 0xff,
  0x01, 0x00, 0x00, 0x00, 0x64, 0x3e, 0x7a, 0x3c, 0x28, 0x00, 0x00, 0x00,
  0x6d, 0x6f, 0x64, 0x65, 0x6c, 0x5f, 0x31, 0x37, 0x39, 0x2f, 0x74, 0x66,
  0x2e, 0x5f, 0x5f, 0x6f, 0x70, 0x65, 0x72, 0x61, 0x74, 0x6f, 0x72, 0x73,
  0x5f, 0x5f, 0x2e, 0x61, 0x64, 0x64, 0x5f, 0x31, 0x37, 0x35, 0x2f, 0x41,
  0x64, 0x64, 0x56, 0x32, 0x00, 0x00, 0x00, 0x00, 0x04, 0x00, 0x00, 0x00,
  0x01, 0x00, 0x00, 0x00, 0x05, 0x00, 0x00, 0x00, 0x01, 0x00, 0x00, 0x00,
  0x10, 0x00, 0x00, 0x00, 0x6a, 0xe5, 0xff, 0xff, 0x00, 0x00, 0x00, 0x01,
  0x14, 0x00, 0x00, 0x00, 0x30, 0x00, 0x00, 0x00, 0x24, 0x00, 0x00, 0x00,
  0x00, 0x00, 0x00, 0x09, 0x4c, 0x00, 0x00, 0x00, 0x54, 0xe5, 0xff, 0xff,
  0x08, 0x00, 0x00, 0x00, 0x10, 0x00, 0x00, 0x00, 0x01, 0x00, 0x00, 0x00,
  0xcd, 0xff, 0xff, 0xff, 0xff, 0xff, 0xff, 0xff, 0x01, 0x00, 0x00, 0x00,
  0x36, 0x52, 0xa3, 0x3c, 0x22, 0x00, 0x00, 0x00, 0x6d, 0x6f, 0x64, 0x65,
  0x6c, 0x5f, 0x31, 0x37, 0x39, 0x2f, 0x74, 0x66, 0x2e, 0x6d, 0x61, 0x74,
  0x68, 0x2e, 0x6d, 0x75, 0x6c, 0x74, 0x69, 0x70, 0x6c, 0x79, 0x5f, 0x31,
  0x37, 0x35, 0x2f, 0x4d, 0x75, 0x6c, 0x00, 0x00, 0x04, 0x00, 0x00, 0x00,
  0x01, 0x00, 0x00, 0x00, 0x05, 0x00, 0x00, 0x00, 0x01, 0x00, 0x00, 0x00,
  0x10, 0x00, 0x00, 0x00, 0xe2, 0xe5, 0xff, 0xff, 0x00, 0x00, 0x00, 0x01,
  0x14, 0x00, 0x00, 0x00, 0x30, 0x00, 0x00, 0x00, 0x23, 0x00, 0x00, 0x00,
  0x00, 0x00, 0x00, 0x09, 0x9c, 0x00, 0x00, 0x00, 0xcc, 0xe5, 0xff, 0xff,
  0x08, 0x00, 0x00, 0x00, 0x10, 0x00, 0x00, 0x00, 0x01, 0x00, 0x00, 0x00,
  0x80, 0xff, 0xff, 0xff, 0xff, 0xff, 0xff, 0xff, 0x01, 0x00, 0x00, 0x00,
  0x50, 0x9d, 0x64, 0x3c, 0x71, 0x00, 0x00, 0x00, 0x6d, 0x6f, 0x64, 0x65,
  0x6c, 0x5f, 0x31, 0x37, 0x39, 0x2f, 0x74, 0x66, 0x2e, 0x6e, 0x6e, 0x2e,
  0x72, 0x65, 0x6c, 0x75, 0x5f, 0x32, 0x34, 0x34, 0x2f, 0x52, 0x65, 0x6c,
  0x75, 0x3b, 0x6d, 0x6f, 0x64, 0x65, 0x6c, 0x5f, 0x31, 0x37, 0x39, 0x2f,
  0x74, 0x66, 0x2e, 0x6d, 0x61, 0x74, 0x68, 0x2e, 0x61, 0x64, 0x64, 0x5f,
  0x32, 0x34, 0x34, 0x2f, 0x41, 0x64, 0x64, 0x3b, 0x6d, 0x6f, 0x64, 0x65,
  0x6c, 0x5f, 0x31, 0x37, 0x39, 0x2f, 0x74, 0x66, 0x2e, 0x6e, 0x6e, 0x2e,
  0x63, 0x6f, 0x6e, 0x76, 0x6f, 0x6c, 0x75, 0x74, 0x69, 0x6f, 0x6e, 0x5f,
  0x32, 0x34, 0x34, 0x2f, 0x63, 0x6f, 0x6e, 0x76, 0x6f, 0x6c, 0x75, 0x74,
  0x69, 0x6f, 0x6e, 0x3b, 0x43, 0x6f, 0x6e, 0x73, 0x74, 0x5f, 0x31, 0x37,
  0x31, 0x00, 0x00, 0x00, 0x04, 0x00, 0x00, 0x00, 0x01, 0x00, 0x00, 0x00,
  0x05, 0x00, 0x00, 0x00, 0x01, 0x00, 0x00, 0x00, 0x10, 0x00, 0x00, 0x00,
  0xaa, 0xe6, 0xff, 0xff, 0x00, 0x00, 0x00, 0x01, 0x14, 0x00, 0x00, 0x00,
  0x30, 0x00, 0x00, 0x00, 0x22, 0x00, 0x00, 0x00, 0x00, 0x00, 0x00, 0x09,
  0x54, 0x00, 0x00, 0x00, 0x94, 0xe6, 0xff, 0xff, 0x08, 0x00, 0x00, 0x00,
  0x10, 0x00, 0x00, 0x00, 0x01, 0x00, 0x00, 0x00, 0xd6, 0xff, 0xff, 0xff,
  0xff, 0xff, 0xff, 0xff, 0x01, 0x00, 0x00, 0x00, 0x37, 0x81, 0x3a, 0x3c,
  0x28, 0x00, 0x00, 0x00, 0x6d, 0x6f, 0x64, 0x65, 0x6c, 0x5f, 0x31, 0x37,
  0x39, 0x2f, 0x74, 0x66, 0x2e, 0x5f, 0x5f, 0x6f, 0x70, 0x65, 0x72, 0x61,
  0x74, 0x6f, 0x72, 0x73, 0x5f, 0x5f, 0x2e, 0x61, 0x64, 0x64, 0x5f, 0x31,
  0x37, 0x34, 0x2f, 0x41, 0x64, 0x64, 0x56, 0x32, 0x00, 0x00, 0x00, 0x00,
  0x04, 0x00, 0x00, 0x00, 0x01, 0x00, 0x00, 0x00, 0x05, 0x00, 0x00, 0x00,
  0x01, 0x00, 0x00, 0x00, 0x10, 0x00, 0x00, 0x00, 0x2a, 0xe7, 0xff, 0xff,
  0x00, 0x00, 0x00, 0x01, 0x14, 0x00, 0x00, 0x00, 0x30, 0x00, 0x00, 0x00,
  0x21, 0x00, 0x00, 0x00, 0x00, 0x00, 0x00, 0x09, 0x4c, 0x00, 0x00, 0x00,
  0x14, 0xe7, 0xff, 0xff, 0x08, 0x00, 0x00, 0x00, 0x10, 0x00, 0x00, 0x00,
  0x01, 0x00, 0x00, 0x00, 0xc2, 0xff, 0xff, 0xff, 0xff, 0xff, 0xff, 0xff,
  0x01, 0x00, 0x00, 0x00, 0x4c, 0xdf, 0x73, 0x3c, 0x22, 0x00, 0x00, 0x00,
  0x6d, 0x6f, 0x64, 0x65, 0x6c, 0x5f, 0x31, 0x37, 0x39, 0x2f, 0x74, 0x66,
  0x2e, 0x6d, 0x61, 0x74, 0x68, 0x2e, 0x6d, 0x75, 0x6c, 0x74, 0x69, 0x70,
  0x6c, 0x79, 0x5f, 0x31, 0x37, 0x34, 0x2f, 0x4d, 0x75, 0x6c, 0x00, 0x00,
  0x04, 0x00, 0x00, 0x00, 0x01, 0x00, 0x00, 0x00, 0x05, 0x00, 0x00, 0x00,
  0x01, 0x00, 0x00, 0x00, 0x10, 0x00, 0x00, 0x00, 0xa2, 0xe7, 0xff, 0xff,
  0x00, 0x00, 0x00, 0x01, 0x14, 0x00, 0x00, 0x00, 0x30, 0x00, 0x00, 0x00,
  0x20, 0x00, 0x00, 0x00, 0x00, 0x00, 0x00, 0x09, 0x9c, 0x00, 0x00, 0x00,
  0x8c, 0xe7, 0xff, 0xff, 0x08, 0x00, 0x00, 0x00, 0x10, 0x00, 0x00, 0x00,
  0x01, 0x00, 0x00, 0x00, 0x80, 0xff, 0xff, 0xff, 0xff, 0xff, 0xff, 0xff,
  0x01, 0x00, 0x00, 0x00, 0xec, 0x21, 0x35, 0x3c, 0x71, 0x00, 0x00, 0x00,
  0x6d, 0x6f, 0x64, 0x65, 0x6c, 0x5f, 0x31, 0x37, 0x39, 0x2f, 0x74, 0x66,
  0x2e, 0x6e, 0x6e, 0x2e, 0x72, 0x65, 0x6c, 0x75, 0x5f, 0x32, 0x34, 0x33,
  0x2f, 0x52, 0x65, 0x6c, 0x75, 0x3b, 0x6d, 0x6f, 0x64, 0x65, 0x6c, 0x5f,
  0x31, 0x37, 0x39, 0x2f, 0x74, 0x66, 0x2e, 0x6d, 0x61, 0x74, 0x68, 0x2e,
  0x61, 0x64, 0x64, 0x5f, 0x32, 0x34, 0x33, 0x2f, 0x41, 0x64, 0x64, 0x3b,
  0x6d, 0x6f, 0x64, 0x65, 0x6c, 0x5f, 0x31, 0x37, 0x39, 0x2f, 0x74, 0x66,
  0x2e, 0x6e, 0x6e, 0x2e, 0x63, 0x6f, 0x6e, 0x76, 0x6f, 0x6c, 0x75, 0x74,
  0x69, 0x6f, 0x6e, 0x5f, 0x32, 0x34, 0x33, 0x2f, 0x63, 0x6f, 0x6e, 0x76,
  0x6f, 0x6c, 0x75, 0x74, 0x69, 0x6f, 0x6e, 0x3b, 0x43, 0x6f, 0x6e, 0x73,
  0x74, 0x5f, 0x32, 0x31, 0x31, 0x00, 0x00, 0x00, 0x04, 0x00, 0x00, 0x00,
  0x01, 0x00, 0x00, 0x00, 0x05, 0x00, 0x00, 0x00, 0x01, 0x00, 0x00, 0x00,
  0x10, 0x00, 0x00, 0x00, 0x6a, 0xe8, 0xff, 0xff, 0x00, 0x00, 0x00, 0x01,
  0x14, 0x00, 0x00, 0x00, 0x30, 0x00, 0x00, 0x00, 0x1f, 0x00, 0x00, 0x00,
  0x00, 0x00, 0x00, 0x09, 0x54, 0x00, 0x00, 0x00, 0x54, 0xe8, 0xff, 0xff,
  0x08, 0x00, 0x00, 0x00, 0x10, 0x00, 0x00, 0x00, 0x01, 0x00, 0x00, 0x00,
  0xbf, 0xff, 0xff, 0xff, 0xff, 0xff, 0xff, 0xff, 0x01, 0x00, 0x00, 0x00,
  0xbc, 0xda, 0x38, 0x3c, 0x28, 0x00, 0x00, 0x00, 0x6d, 0x6f, 0x64, 0x65,
  0x6c, 0x5f, 0x31, 0x37, 0x39, 0x2f, 0x74, 0x66, 0x2e, 0x5f, 0x5f, 0x6f,
  0x70, 0x65, 0x72, 0x61, 0x74, 0x6f, 0x72, 0x73, 0x5f, 0x5f, 0x2e, 0x61,
  0x64, 0x64, 0x5f, 0x31, 0x37, 0x33, 0x2f, 0x41, 0x64, 0x64, 0x56, 0x32,
  0x00, 0x00, 0x00, 0x00, 0x04, 0x00, 0x00, 0x00, 0x01, 0x00, 0x00, 0x00,
  0x05, 0x00, 0x00, 0x00, 0x01, 0x00, 0x00, 0x00, 0x10, 0x00, 0x00, 0x00,
  0xea, 0xe8, 0xff, 0xff, 0x00, 0x00, 0x00, 0x01, 0x14, 0x00, 0x00, 0x00,
  0x30, 0x00, 0x00, 0x00, 0x1e, 0x00, 0x00, 0x00, 0x00, 0x00, 0x00, 0x09,
  0x4c, 0x00, 0x00, 0x00, 0xd4, 0xe8, 0xff, 0xff, 0x08, 0x00, 0x00, 0x00,
  0x10, 0x00, 0x00, 0x00, 0x01, 0x00, 0x00, 0x00, 0xb6, 0xff, 0xff, 0xff,
  0xff, 0xff, 0xff, 0xff, 0x01, 0x00, 0x00, 0x00, 0x35, 0x28, 0x54, 0x3c,
  0x22, 0x00, 0x00, 0x00, 0x6d, 0x6f, 0x64, 0x65, 0x6c, 0x5f, 0x31, 0x37,
  0x39, 0x2f, 0x74, 0x66, 0x2e, 0x6d, 0x61, 0x74, 0x68, 0x2e, 0x6d, 0x75,
  0x6c, 0x74, 0x69, 0x70, 0x6c, 0x79, 0x5f, 0x31, 0x37, 0x33, 0x2f, 0x4d,
  0x75, 0x6c, 0x00, 0x00, 0x04, 0x00, 0x00, 0x00, 0x01, 0x00, 0x00, 0x00,
  0x05, 0x00, 0x00, 0x00, 0x01, 0x00, 0x00, 0x00, 0x10, 0x00, 0x00, 0x00,
  0x62, 0xe9, 0xff, 0xff, 0x00, 0x00, 0x00, 0x01, 0x14, 0x00, 0x00, 0x00,
  0x30, 0x00, 0x00, 0x00, 0x1d, 0x00, 0x00, 0x00, 0x00, 0x00, 0x00, 0x09,
  0x9c, 0x00, 0x00, 0x00, 0x4c, 0xe9, 0xff, 0xff, 0x08, 0x00, 0x00, 0x00,
  0x10, 0x00, 0x00, 0x00, 0x01, 0x00, 0x00, 0x00, 0x80, 0xff, 0xff, 0xff,
  0xff, 0xff, 0xff, 0xff, 0x01, 0x00, 0x00, 0x00, 0x43, 0xeb, 0x17, 0x3f,
  0x71, 0x00, 0x00, 0x00, 0x6d, 0x6f, 0x64, 0x65, 0x6c, 0x5f, 0x31, 0x37,
  0x39, 0x2f, 0x74, 0x66, 0x2e, 0x6e, 0x6e, 0x2e, 0x72, 0x65, 0x6c, 0x75,
  0x5f, 0x32, 0x34, 0x32, 0x2f, 0x52, 0x65, 0x6c, 0x75, 0x3b, 0x6d, 0x6f,
  0x64, 0x65, 0x6c, 0x5f, 0x31, 0x37, 0x39, 0x2f, 0x74, 0x66, 0x2e, 0x6d,
  0x61, 0x74, 0x68, 0x2e, 0x61, 0x64, 0x64, 0x5f, 0x32, 0x34, 0x32, 0x2f,
  0x41, 0x64, 0x64, 0x3b, 0x6d, 0x6f, 0x64, 0x65, 0x6c, 0x5f, 0x31, 0x37,
  0x39, 0x2f, 0x74, 0x66, 0x2e, 0x6e, 0x6e, 0x2e, 0x63, 0x6f, 0x6e, 0x76,
  0x6f, 0x6c, 0x75, 0x74, 0x69, 0x6f, 0x6e, 0x5f, 0x32, 0x34, 0x32, 0x2f,
  0x63, 0x6f, 0x6e, 0x76, 0x6f, 0x6c, 0x75, 0x74, 0x69, 0x6f, 0x6e, 0x3b,
  0x43, 0x6f, 0x6e, 0x73, 0x74, 0x5f, 0x32, 0x35, 0x31, 0x00, 0x00, 0x00,
  0x04, 0x00, 0x00, 0x00, 0x01, 0x00, 0x00, 0x00, 0x05, 0x00, 0x00, 0x00,
  0x01, 0x00, 0x00, 0x00, 0x10, 0x00, 0x00, 0x00, 0x2a, 0xea, 0xff, 0xff,
  0x00, 0x00, 0x00, 0x01, 0x14, 0x00, 0x00, 0x00, 0xe8, 0x00, 0x00, 0x00,
  0x1c, 0x00, 0x00, 0x00, 0x00, 0x00, 0x00, 0x09, 0x0c, 0x01, 0x00, 0x00,
  0x14, 0xea, 0xff, 0xff, 0x08, 0x00, 0x00, 0x00, 0x8c, 0x00, 0x00, 0x00,
  0x10, 0x00, 0x00, 0x00, 0x00, 0x00, 0x00, 0x00, 0x00, 0x00, 0x00, 0x00,
  0x00, 0x00, 0x00, 0x00, 0x00, 0x00, 0x00, 0x00, 0x00, 0x00, 0x00, 0x00,
  0x00, 0x00, 0x00, 0x00, 0x00, 0x00, 0x00, 0x00, 0x00, 0x00, 0x00, 0x00,
  0x00, 0x00, 0x00, 0x00, 0x00, 0x00, 0x00, 0x00, 0x00, 0x00, 0x00, 0x00,
  0x00, 0x00, 0x00, 0x00, 0x00, 0x00, 0x00, 0x00, 0x00, 0x00, 0x00, 0x00,
  0x00, 0x00, 0x00, 0x00, 0x00, 0x00, 0x00, 0x00, 0x00, 0x00, 0x00, 0x00,
  0x00, 0x00, 0x00, 0x00, 0x00, 0x00, 0x00, 0x00, 0x00, 0x00, 0x00, 0x00,
  0x00, 0x00, 0x00, 0x00, 0x00, 0x00, 0x00, 0x00, 0x00, 0x00, 0x00, 0x00,
  0x00, 0x00, 0x00, 0x00, 0x00, 0x00, 0x00, 0x00, 0x00, 0x00, 0x00, 0x00,
  0x00, 0x00, 0x00, 0x00, 0x00, 0x00, 0x00, 0x00, 0x00, 0x00, 0x00, 0x00,
  0x00, 0x00, 0x00, 0x00, 0x00, 0x00, 0x00, 0x00, 0x00, 0x00, 0x00, 0x00,
  0x00, 0x00, 0x00, 0x00, 0x10, 0x00, 0x00, 0x00, 0xba, 0xe4, 0x02, 0x3b,
  0x5f, 0xc1, 0xc8, 0x3a, 0x41, 0xc7, 0xe0, 0x3a, 0xd5, 0x6c, 0xdb, 0x3a,
  0xc6, 0xbe, 0xdc, 0x3a, 0x9a, 0xfb, 0xda, 0x3a, 0x46, 0x69, 0xc1, 0x3a,
  0x99, 0x13, 0xba, 0x3a, 0x28, 0x02, 0xca, 0x3a, 0x7e, 0x3a, 0xce, 0x3a,
  0xf8, 0xcf, 0x05, 0x3b, 0x85, 0x87, 0xd6, 0x3a, 0x81, 0xa6, 0xc6, 0x3a,
  0x32, 0x61, 0xcc, 0x3a, 0x6c, 0xd6, 0xc8, 0x3a, 0xd5, 0x09, 0xb2, 0x3a,
  0x2b, 0x00, 0x00, 0x00, 0x6d, 0x6f, 0x64, 0x65, 0x6c, 0x5f, 0x31, 0x37,
  0x39, 0x2f, 0x74, 0x66, 0x2e, 0x6e, 0x6e, 0x2e, 0x63, 0x6f, 0x6e, 0x76,
  0x6f, 0x6c, 0x75, 0x74, 0x69, 0x6f, 0x6e, 0x5f, 0x32, 0x34, 0x32, 0x2f,
  0x63, 0x6f, 0x6e, 0x76, 0x6f, 0x6c, 0x75, 0x74, 0x69, 0x6f, 0x6e, 0x00,
  0x04, 0x00, 0x00, 0x00, 0x10, 0x00, 0x00, 0x00, 0x03, 0x00, 0x00, 0x00,
  0x01, 0x00, 0x00, 0x00, 0x09, 0x00, 0x00, 0x00, 0x62, 0xeb, 0xff, 0xff,
  0x00, 0x00, 0x00, 0x01, 0x14, 0x00, 0x00, 0x00, 0xe4, 0x00, 0x00, 0x00,
  0x1b, 0x00, 0x00, 0x00, 0x00, 0x00, 0x00, 0x02, 0x50, 0x01, 0x00, 0x00,
  0x4c, 0xeb, 0xff, 0xff, 0x08, 0x00, 0x00, 0x00, 0x88, 0x00, 0x00, 0x00,
  0x10, 0x00, 0x00, 0x00, 0x00, 0x00, 0x00, 0x00, 0x00, 0x00, 0x00, 0x00,
  0x00, 0x00, 0x00, 0x00, 0x00, 0x00, 0x00, 0x00, 0x00, 0x00, 0x00, 0x00,
  0x00, 0x00, 0x00, 0x00, 0x00, 0x00, 0x00, 0x00, 0x00, 0x00, 0x00, 0x00,
  0x00, 0x00, 0x00, 0x00, 0x00, 0x00, 0x00, 0x00, 0x00, 0x00, 0x00, 0x00,
  0x00, 0x00, 0x00, 0x00, 0x00, 0x00, 0x00, 0x00, 0x00, 0x00, 0x00, 0x00,
  0x00, 0x00, 0x00, 0x00, 0x00, 0x00, 0x00, 0x00, 0x00, 0x00, 0x00, 0x00,
  0x00, 0x00, 0x00, 0x00, 0x00, 0x00, 0x00, 0x00, 0x00, 0x00, 0x00, 0x00,
  0x00, 0x00, 0x00, 0x00, 0x00, 0x00, 0x00, 0x00, 0x00, 0x00, 0x00, 0x00,
  0x00, 0x00, 0x00, 0x00, 0x00, 0x00, 0x00, 0x00, 0x00, 0x00, 0x00, 0x00,
  0x00, 0x00, 0x00, 0x00, 0x00, 0x00, 0x00, 0x00, 0x00, 0x00, 0x00, 0x00,
  0x00, 0x00, 0x00, 0x00, 0x00, 0x00, 0x00, 0x00, 0x00, 0x00, 0x00, 0x00,
  0x10, 0x00, 0x00, 0x00, 0x9e, 0x1a, 0x7b, 0x3b, 0x1e, 0x90, 0x40, 0x3b,
  0x0a, 0x9b, 0x57, 0x3b, 0x8a, 0x78, 0x52, 0x3b, 0xb1, 0xbc, 0x53, 0x3b,
  0xee, 0x0b, 0x52, 0x3b, 0xbe, 0x84, 0x39, 0x3b, 0xb1, 0x7b, 0x32, 0x3b,
  0xd0, 0xc3, 0x41, 0x3b, 0x10, 0xd0, 0x45, 0x3b, 0x0e, 0x5a, 0x80, 0x3b,
  0x5f, 0xc6, 0x4d, 0x3b, 0x3e, 0x8b, 0x3e, 0x3b, 0x15, 0x0a, 0x44, 0x3b,
  0x4f, 0xa4, 0x40, 0x3b, 0xe6, 0xc5, 0x2a, 0x3b, 0x70, 0x00, 0x00, 0x00,
  0x6d, 0x6f, 0x64, 0x65, 0x6c, 0x5f, 0x31, 0x37, 0x39, 0x2f, 0x74, 0x66,
  0x2e, 0x6e, 0x6e, 0x2e, 0x72, 0x65, 0x6c, 0x75, 0x5f, 0x32, 0x34, 0x32,
  0x2f, 0x52, 0x65, 0x6c, 0x75, 0x3b, 0x6d, 0x6f, 0x64, 0x65, 0x6c, 0x5f,
  0x31, 0x37, 0x39, 0x2f, 0x74, 0x66, 0x2e, 0x6d, 0x61, 0x74, 0x68, 0x2e,
  0x61, 0x64, 0x64, 0x5f, 0x32, 0x34, 0x32, 0x2f, 0x41, 0x64, 0x64, 0x3b,
  0x6d, 0x6f, 0x64, 0x65, 0x6c, 0x5f, 0x31, 0x37, 0x39, 0x2f, 0x74, 0x66,
  0x2e, 0x6e, 0x6e, 0x2e, 0x63, 0x6f, 0x6e, 0x76, 0x6f, 0x6c, 0x75, 0x74,
  0x69, 0x6f, 0x6e, 0x5f, 0x32, 0x34, 0x32, 0x2f, 0x63, 0x6f, 0x6e, 0x76,
  0x6f, 0x6c, 0x75, 0x74, 0x69, 0x6f, 0x6e, 0x3b, 0x43, 0x6f, 0x6e, 0x73,
  0x74, 0x5f, 0x32, 0x35, 0x00, 0x00, 0x00, 0x00, 0x01, 0x00, 0x00, 0x00,
  0x10, 0x00, 0x00, 0x00, 0xd2, 0xec, 0xff, 0xff, 0x00, 0x00, 0x00, 0x01,
  0x14, 0x00, 0x00, 0x00, 0x34, 0x00, 0x00, 0x00, 0x1a, 0x00, 0x00, 0x00,
  0x00, 0x00, 0x00, 0x09, 0x38, 0x00, 0x00, 0x00, 0xbc, 0xec, 0xff, 0xff,
  0x08, 0x00, 0x00, 0x00, 0x14, 0x00, 0x00, 0x00, 0x01, 0x00, 0x00, 0x00,
  0x80, 0xff, 0xff, 0xff, 0xff, 0xff, 0xff, 0xff, 0x00, 0x00, 0x00, 0x00,
  0x01, 0x00, 0x00, 0x00, 0x74, 0x8c, 0x54, 0x39, 0x08, 0x00, 0x00, 0x00,
  0x43, 0x6f, 0x6e, 0x73, 0x74, 0x5f, 0x32, 0x34, 0x00, 0x00, 0x00, 0x00,
  0x01, 0x00, 0x00, 0x00, 0x10, 0x00, 0x00, 0x00, 0x2a, 0xed, 0xff, 0xff,
  0x00, 0x00, 0x00, 0x01, 0x14, 0x00, 0x00, 0x00, 0x34, 0x00, 0x00, 0x00,
  0x19, 0x00, 0x00, 0x00, 0x00, 0x00, 0x00, 0x09, 0x38, 0x00, 0x00, 0x00,
  0x14, 0xed, 0xff, 0xff, 0x08, 0x00, 0x00, 0x00, 0x14, 0x00, 0x00, 0x00,
  0x01, 0x00, 0x00, 0x00, 0x7f, 0x00, 0x00, 0x00, 0x00, 0x00, 0x00, 0x00,
  0x00, 0x00, 0x00, 0x00, 0x01, 0x00, 0x00, 0x00, 0x44, 0x3d, 0x35, 0x3b,
  0x08, 0x00, 0x00, 0x00, 0x43, 0x6f, 0x6e, 0x73, 0x74, 0x5f, 0x32, 0x33,
  0x00, 0x00, 0x00, 0x00, 0x01, 0x00, 0x00, 0x00, 0x10, 0x00, 0x00, 0x00,
  0x82, 0xed, 0xff, 0xff, 0x00, 0x00, 0x00, 0x01, 0x14, 0x00, 0x00, 0x00,
  0xe8, 0x00, 0x00, 0x00, 0x18, 0x00, 0x00, 0x00, 0x00, 0x00, 0x00, 0x09,
  0x0c, 0x01, 0x00, 0x00, 0x6c, 0xed, 0xff, 0xff, 0x08, 0x00, 0x00, 0x00,
  0x8c, 0x00, 0x00, 0x00, 0x10, 0x00, 0x00, 0x00, 0x00, 0x00, 0x00, 0x00,
  0x00, 0x00, 0x00, 0x00, 0x00, 0x00, 0x00, 0x00, 0x00, 0x00, 0x00, 0x00,
  0x00, 0x00, 0x00, 0x00, 0x00, 0x00, 0x00, 0x00, 0x00, 0x00, 0x00, 0x00,
  0x00, 0x00, 0x00, 0x00, 0x00, 0x00, 0x00, 0x00, 0x00, 0x00, 0x00, 0x00,
  0x00, 0x00, 0x00, 0x00, 0x00, 0x00, 0x00, 0x00, 0x00, 0x00, 0x00, 0x00,
  0x00, 0x00, 0x00, 0x00, 0x00, 0x00, 0x00, 0x00, 0x00, 0x00, 0x00, 0x00,
  0x00, 0x00, 0x00, 0x00, 0x00, 0x00, 0x00, 0x00, 0x00, 0x00, 0x00, 0x00,
  0x00, 0x00, 0x00, 0x00, 0x00, 0x00, 0x00, 0x00, 0x00, 0x00, 0x00, 0x00,
  0x00, 0x00, 0x00, 0x00, 0x00, 0x00, 0x00, 0x00, 0x00, 0x00, 0x00, 0x00,
  0x00, 0x00, 0x00, 0x00, 0x00, 0x00, 0x00, 0x00, 0x00, 0x00, 0x00, 0x00,
  0x00, 0x00, 0x00, 0x00, 0x00, 0x00, 0x00, 0x00, 0x00, 0x00, 0x00, 0x00,
  0x00, 0x00, 0x00, 0x00, 0x00, 0x00, 0x00, 0x00, 0x10, 0x00, 0x00, 0x00,
  0xb3, 0x9f, 0xbe, 0x3a, 0x7c, 0x3b, 0x99, 0x3a, 0x65, 0x78, 0xa9, 0x3a,
  0xf3, 0xf6, 0xad, 0x3a, 0x74, 0xb4, 0x8f, 0x3a, 0xdd, 0xfd, 0xab, 0x3a,
  0x98, 0x65, 0xb0, 0x3a, 0x9a, 0x0e, 0x91, 0x3a, 0x58, 0x01, 0xbc, 0x3a,
  0x03, 0xa6, 0x94, 0x3a, 0xd4, 0xbf, 0xaf, 0x3a, 0xf6, 0xac, 0xa1, 0x3a,
  0x6e, 0xc8, 0x9f, 0x3a, 0xfb, 0xee, 0x8b, 0x3a, 0xb1, 0x92, 0xa5, 0x3a,
  0x33, 0x76, 0x91, 0x3a, 0x2b, 0x00, 0x00, 0x00, 0x6d, 0x6f, 0x64, 0x65,
  0x6c, 0x5f, 0x31, 0x37, 0x39, 0x2f, 0x74, 0x66, 0x2e, 0x6e, 0x6e, 0x2e,
  0x63, 0x6f, 0x6e, 0x76, 0x6f, 0x6c, 0x75, 0x74, 0x69, 0x6f, 0x6e, 0x5f,
  0x32, 0x34, 0x33, 0x2f, 0x63, 0x6f, 0x6e, 0x76, 0x6f, 0x6c, 0x75, 0x74,
  0x69, 0x6f, 0x6e, 0x00, 0x04, 0x00, 0x00, 0x00, 0x10, 0x00, 0x00, 0x00,
  0x03, 0x00, 0x00, 0x00, 0x01, 0x00, 0x00, 0x00, 0x10, 0x00, 0x00, 0x00,
  0xba, 0xee, 0xff, 0xff, 0x00, 0x00, 0x00, 0x01, 0x14, 0x00, 0x00, 0x00,
  0xe4, 0x00, 0x00, 0x00, 0x17, 0x00, 0x00, 0x00, 0x00, 0x00, 0x00, 0x02,
  0x50, 0x01, 0x00, 0x00, 0xa4, 0xee, 0xff, 0xff, 0x08, 0x00, 0x00, 0x00,
  0x88, 0x00, 0x00, 0x00, 0x10, 0x00, 0x00, 0x00, 0x00, 0x00, 0x00, 0x00,
  0x00, 0x00, 0x00, 0x00, 0x00, 0x00, 0x00, 0x00, 0x00, 0x00, 0x00, 0x00,
  0x00, 0x00, 0x00, 0x00, 0x00, 0x00, 0x00, 0x00, 0x00, 0x00, 0x00, 0x00,
  0x00, 0x00, 0x00, 0x00, 0x00, 0x00, 0x00, 0x00, 0x00, 0x00, 0x00, 0x00,
  0x00, 0x00, 0x00, 0x00, 0x00, 0x00, 0x00, 0x00, 0x00, 0x00, 0x00, 0x00,
  0x00, 0x00, 0x00, 0x00, 0x00, 0x00, 0x00, 0x00, 0x00, 0x00, 0x00, 0x00,
  0x00, 0x00, 0x00, 0x00, 0x00, 0x00, 0x00, 0x00, 0x00, 0x00, 0x00, 0x00,
  0x00, 0x00, 0x00, 0x00, 0x00, 0x00, 0x00, 0x00, 0x00, 0x00, 0x00, 0x00,
  0x00, 0x00, 0x00, 0x00, 0x00, 0x00, 0x00, 0x00, 0x00, 0x00, 0x00, 0x00,
  0x00, 0x00, 0x00, 0x00, 0x00, 0x00, 0x00, 0x00, 0x00, 0x00, 0x00, 0x00,
  0x00, 0x00, 0x00, 0x00, 0x00, 0x00, 0x00, 0x00, 0x00, 0x00, 0x00, 0x00,
  0x00, 0x00, 0x00, 0x00, 0x10, 0x00, 0x00, 0x00, 0xa9, 0xa5, 0x89, 0x37,
  0x5d, 0x4b, 0x5d, 0x37, 0xab, 0xbe, 0x74, 0x37, 0x45, 0x3c, 0x7b, 0x37,
  0xf9, 0x88, 0x4f, 0x37, 0xd7, 0x62, 0x78, 0x37, 0x7b, 0xbf, 0x7e, 0x37,
  0xdf, 0x7c, 0x51, 0x37, 0x9a, 0xc1, 0x87, 0x37, 0xa9, 0xac, 0x56, 0x37,
  0x16, 0xd0, 0x7d, 0x37, 0xea, 0x7c, 0x69, 0x37, 0x2a, 0xc1, 0x66, 0x37,
  0xa9, 0x16, 0x4a, 0x37, 0xcf, 0x1d, 0x6f, 0x37, 0x7c, 0x12, 0x52, 0x37,
  0x70, 0x00, 0x00, 0x00, 0x6d, 0x6f, 0x64, 0x65, 0x6c, 0x5f, 0x31, 0x37,
  0x39, 0x2f, 0x74, 0x66, 0x2e, 0x6e, 0x6e, 0x2e, 0x72, 0x65, 0x6c, 0x75,
  0x5f, 0x32, 0x34, 0x33, 0x2f, 0x52, 0x65, 0x6c, 0x75, 0x3b, 0x6d, 0x6f,
  0x64, 0x65, 0x6c, 0x5f, 0x31, 0x37, 0x39, 0x2f, 0x74, 0x66, 0x2e, 0x6d,
  0x61, 0x74, 0x68, 0x2e, 0x61, 0x64, 0x64, 0x5f, 0x32, 0x34, 0x33, 0x2f,
  0x41, 0x64, 0x64, 0x3b, 0x6d, 0x6f, 0x64, 0x65, 0x6c, 0x5f, 0x31, 0x37,
  0x39, 0x2f, 0x74, 0x66, 0x2e, 0x6e, 0x6e, 0x2e, 0x63, 0x6f, 0x6e, 0x76,
  0x6f, 0x6c, 0x75, 0x74, 0x69, 0x6f, 0x6e, 0x5f, 0x32, 0x34, 0x33, 0x2f,
  0x63, 0x6f, 0x6e, 0x76, 0x6f, 0x6c, 0x75, 0x74, 0x69, 0x6f, 0x6e, 0x3b,
  0x43, 0x6f, 0x6e, 0x73, 0x74, 0x5f, 0x32, 0x31, 0x00, 0x00, 0x00, 0x00,
  0x01, 0x00, 0x00, 0x00, 0x10, 0x00, 0x00, 0x00, 0x2a, 0xf0, 0xff, 0xff,
  0x00, 0x00, 0x00, 0x01, 0x14, 0x00, 0x00, 0x00, 0x34, 0x00, 0x00, 0x00,
  0x16, 0x00, 0x00, 0x00, 0x00, 0x00, 0x00, 0x09, 0x38, 0x00, 0x00, 0x00,
  0x14, 0xf0, 0xff, 0xff, 0x08, 0x00, 0x00, 0x00, 0x14, 0x00, 0x00, 0x00,
  0x01, 0x00, 0x00, 0x00, 0x80, 0xff, 0xff, 0xff, 0xff, 0xff, 0xff, 0xff,
  0x00, 0x00, 0x00, 0x00, 0x01, 0x00, 0x00, 0x00, 0xfc, 0xc7, 0xfc, 0x3c,
  0x08, 0x00, 0x00, 0x00, 0x43, 0x6f, 0x6e, 0x73, 0x74, 0x5f, 0x32, 0x30,
  0x00, 0x00, 0x00, 0x00, 0x01, 0x00, 0x00, 0x00, 0x10, 0x00, 0x00, 0x00,
  0x82, 0xf0, 0xff, 0xff, 0x00, 0x00, 0x00, 0x01, 0x14, 0x00, 0x00, 0x00,
  0x34, 0x00, 0x00, 0x00, 0x15, 0x00, 0x00, 0x00, 0x00, 0x00, 0x00, 0x09,
  0x38, 0x00, 0x00, 0x00, 0x6c, 0xf0, 0xff, 0xff, 0x08, 0x00, 0x00, 0x00,
  0x14, 0x00, 0x00, 0x00, 0x01, 0x00, 0x00, 0x00, 0x7f, 0x00, 0x00, 0x00,
  0x00, 0x00, 0x00, 0x00, 0x00, 0x00, 0x00, 0x00, 0x01, 0x00, 0x00, 0x00,
  0x82, 0xf5, 0x7a, 0x3b, 0x08, 0x00, 0x00, 0x00, 0x43, 0x6f, 0x6e, 0x73,
  0x74, 0x5f, 0x31, 0x39, 0x00, 0x00, 0x00, 0x00, 0x01, 0x00, 0x00, 0x00,
  0x10, 0x00, 0x00, 0x00, 0xda, 0xf0, 0xff, 0xff, 0x00, 0x00, 0x00, 0x01,
  0x14, 0x00, 0x00, 0x00, 0xe8, 0x00, 0x00, 0x00, 0x14, 0x00, 0x00, 0x00,
  0x00, 0x00, 0x00, 0x09, 0x0c, 0x01, 0x00, 0x00, 0xc4, 0xf0, 0xff, 0xff,
  0x08, 0x00, 0x00, 0x00, 0x8c, 0x00, 0x00, 0x00, 0x10, 0x00, 0x00, 0x00,
  0x00, 0x00, 0x00, 0x00, 0x00, 0x00, 0x00, 0x00, 0x00, 0x00, 0x00, 0x00,
  0x00, 0x00, 0x00, 0x00, 0x00, 0x00, 0x00, 0x00, 0x00, 0x00, 0x00, 0x00,
  0x00, 0x00, 0x00, 0x00, 0x00, 0x00, 0x00, 0x00, 0x00, 0x00, 0x00, 0x00,
  0x00, 0x00, 0x00, 0x00, 0x00, 0x00, 0x00, 0x00, 0x00, 0x00, 0x00, 0x00,
  0x00, 0x00, 0x00, 0x00, 0x00, 0x00, 0x00, 0x00, 0x00, 0x00, 0x00, 0x00,
  0x00, 0x00, 0x00, 0x00, 0x00, 0x00, 0x00, 0x00, 0x00, 0x00, 0x00, 0x00,
  0x00, 0x00, 0x00, 0x00, 0x00, 0x00, 0x00, 0x00, 0x00, 0x00, 0x00, 0x00,
  0x00, 0x00, 0x00, 0x00, 0x00, 0x00, 0x00, 0x00, 0x00, 0x00, 0x00, 0x00,
  0x00, 0x00, 0x00, 0x00, 0x00, 0x00, 0x00, 0x00, 0x00, 0x00, 0x00, 0x00,
  0x00, 0x00, 0x00, 0x00, 0x00, 0x00, 0x00, 0x00, 0x00, 0x00, 0x00, 0x00,
  0x00, 0x00, 0x00, 0x00, 0x00, 0x00, 0x00, 0x00, 0x00, 0x00, 0x00, 0x00,
  0x10, 0x00, 0x00, 0x00, 0x89, 0x60, 0xac, 0x3a, 0xce, 0x99, 0xcd, 0x3a,
  0x09, 0x06, 0xa5, 0x3a, 0x1f, 0x1e, 0xcb, 0x3a, 0x05, 0x55, 0x93, 0x3a,
  0x18, 0x0d, 0xb4, 0x3a, 0xe5, 0x3a, 0x92, 0x3a, 0x27, 0xb4, 0xa3, 0x3a,
  0xe9, 0x1e, 0xc8, 0x3a, 0x75, 0x6c, 0xb3, 0x3a, 0xe6, 0x03, 0xb0, 0x3a,
  0x1f, 0x2d, 0xbc, 0x3a, 0x7d, 0x4a, 0xb2, 0x3a, 0x7c, 0xf5, 0xa1, 0x3a,
  0xec, 0x31, 0x99, 0x3a, 0x11, 0x79, 0xa1, 0x3a, 0x2b, 0x00, 0x00, 0x00,
  0x6d, 0x6f, 0x64, 0x65, 0x6c, 0x5f, 0x31, 0x37, 0x39, 0x2f, 0x74, 0x66,
  0x2e, 0x6e, 0x6e, 0x2e, 0x63, 0x6f, 0x6e, 0x76, 0x6f, 0x6c, 0x75, 0x74,
  0x69, 0x6f, 0x6e, 0x5f, 0x32, 0x34, 0x34, 0x2f, 0x63, 0x6f, 0x6e, 0x76,
  0x6f, 0x6c, 0x75, 0x74, 0x69, 0x6f, 0x6e, 0x00, 0x04, 0x00, 0x00, 0x00,
  0x10, 0x00, 0x00, 0x00, 0x03, 0x00, 0x00, 0x00, 0x01, 0x00, 0x00, 0x00,
  0x10, 0x00, 0x00, 0x00, 0x12, 0xf2, 0xff, 0xff, 0x00, 0x00, 0x00, 0x01,
  0x14, 0x00, 0x00, 0x00, 0xe4, 0x00, 0x00, 0x00, 0x13, 0x00, 0x00, 0x00,
  0x00, 0x00, 0x00, 0x02, 0x50, 0x01, 0x00, 0x00, 0xfc, 0xf1, 0xff, 0xff,
  0x08, 0x00, 0x00, 0x00, 0x88, 0x00, 0x00, 0x00, 0x10, 0x00, 0x00, 0x00,
  0x00, 0x00, 0x00, 0x00, 0x00, 0x00, 0x00, 0x00, 0x00, 0x00, 0x00, 0x00,
  0x00, 0x00, 0x00, 0x00, 0x00, 0x00, 0x00, 0x00, 0x00, 0x00, 0x00, 0x00,
  0x00, 0x00, 0x00, 0x00, 0x00, 0x00, 0x00, 0x00, 0x00, 0x00, 0x00, 0x00,
  0x00, 0x00, 0x00, 0x00, 0x00, 0x00, 0x00, 0x00, 0x00, 0x00, 0x00, 0x00,
  0x00, 0x00, 0x00, 0x00, 0x00, 0x00, 0x00, 0x00, 0x00, 0x00, 0x00, 0x00,
  0x00, 0x00, 0x00, 0x00, 0x00, 0x00, 0x00, 0x00, 0x00, 0x00, 0x00, 0x00,
  0x00, 0x00, 0x00, 0x00, 0x00, 0x00, 0x00, 0x00, 0x00, 0x00, 0x00, 0x00,
  0x00, 0x00, 0x00, 0x00, 0x00, 0x00, 0x00, 0x00, 0x00, 0x00, 0x00, 0x00,
  0x00, 0x00, 0x00, 0x00, 0x00, 0x00, 0x00, 0x00, 0x00, 0x00, 0x00, 0x00,
  0x00, 0x00, 0x00, 0x00, 0x00, 0x00, 0x00, 0x00, 0x00, 0x00, 0x00, 0x00,
  0x00, 0x00, 0x00, 0x00, 0x00, 0x00, 0x00, 0x00, 0x10, 0x00, 0x00, 0x00,
  0x4a, 0x2a, 0x7b, 0x37, 0x86, 0xc9, 0x95, 0x37, 0x5c, 0x73, 0x70, 0x37,
  0x68, 0xfa, 0x93, 0x37, 0x46, 0xac, 0x56, 0x37, 0x65, 0x2c, 0x83, 0x37,
  0x33, 0x11, 0x55, 0x37, 0x0b, 0x87, 0x6e, 0x37, 0x78, 0xcb, 0x91, 0x37,
  0x5d, 0xb7, 0x82, 0x37, 0xad, 0x3b, 0x80, 0x37, 0xc4, 0x17, 0x89, 0x37,
  0x1d, 0xe4, 0x81, 0x37, 0x37, 0xfc, 0x6b, 0x37, 0x31, 0x37, 0x5f, 0x37,
  0xee, 0x46, 0x6b, 0x37, 0x70, 0x00, 0x00, 0x00, 0x6d, 0x6f, 0x64, 0x65,
  0x6c, 0x5f, 0x31, 0x37, 0x39, 0x2f, 0x74, 0x66, 0x2e, 0x6e, 0x6e, 0x2e,
  0x72, 0x65, 0x6c, 0x75, 0x5f, 0x32, 0x34, 0x34, 0x2f, 0x52, 0x65, 0x6c,
  0x75, 0x3b, 0x6d, 0x6f, 0x64, 0x65, 0x6c, 0x5f, 0x31, 0x37, 0x39, 0x2f,
  0x74, 0x66, 0x2e, 0x6d, 0x61, 0x74, 0x68, 0x2e, 0x61, 0x64, 0x64, 0x5f,
  0x32, 0x34, 0x34, 0x2f, 0x41, 0x64, 0x64, 0x3b, 0x6d, 0x6f, 0x64, 0x65,
  0x6c, 0x5f, 0x31, 0x37, 0x39, 0x2f, 0x74, 0x66, 0x2e, 0x6e, 0x6e, 0x2e,
  0x63, 0x6f, 0x6e, 0x76, 0x6f, 0x6c, 0x75, 0x74, 0x69, 0x6f, 0x6e, 0x5f,
  0x32, 0x34, 0x34, 0x2f, 0x63, 0x6f, 0x6e, 0x76, 0x6f, 0x6c, 0x75, 0x74,
  0x69, 0x6f, 0x6e, 0x3b, 0x43, 0x6f, 0x6e, 0x73, 0x74, 0x5f, 0x31, 0x37,
  0x00, 0x00, 0x00, 0x00, 0x01, 0x00, 0x00, 0x00, 0x10, 0x00, 0x00, 0x00,
  0x82, 0xf3, 0xff, 0xff, 0x00, 0x00, 0x00, 0x01, 0x14, 0x00, 0x00, 0x00,
  0x34, 0x00, 0x00, 0x00, 0x12, 0x00, 0x00, 0x00, 0x00, 0x00, 0x00, 0x09,
  0x38, 0x00, 0x00, 0x00, 0x6c, 0xf3, 0xff, 0xff, 0x08, 0x00, 0x00, 0x00,
  0x14, 0x00, 0x00, 0x00, 0x01, 0x00, 0x00, 0x00, 0x80, 0xff, 0xff, 0xff,
  0xff, 0xff, 0xff, 0xff, 0x00, 0x00, 0x00, 0x00, 0x01, 0x00, 0x00, 0x00,
  0x5c, 0x3b, 0x60, 0x3c, 0x08, 0x00, 0x00, 0x00, 0x43, 0x6f, 0x6e, 0x73,
  0x74, 0x5f, 0x31, 0x36, 0x00, 0x00, 0x00, 0x00, 0x01, 0x00, 0x00, 0x00,
  0x10, 0x00, 0x00, 0x00, 0xda, 0xf3, 0xff, 0xff, 0x00, 0x00, 0x00, 0x01,
  0x14, 0x00, 0x00, 0x00, 0x34, 0x00, 0x00, 0x00, 0x11, 0x00, 0x00, 0x00,
  0x00, 0x00, 0x00, 0x09, 0x38, 0x00, 0x00, 0x00, 0xc4, 0xf3, 0xff, 0xff,
  0x08, 0x00, 0x00, 0x00, 0x14, 0x00, 0x00, 0x00, 0x01, 0x00, 0x00, 0x00,
  0x7f, 0x00, 0x00, 0x00, 0x00, 0x00, 0x00, 0x00, 0x00, 0x00, 0x00, 0x00,
  0x01, 0x00, 0x00, 0x00, 0x31, 0x34, 0xcf, 0x3b, 0x08, 0x00, 0x00, 0x00,
  0x43, 0x6f, 0x6e, 0x73, 0x74, 0x5f, 0x31, 0x35, 0x00, 0x00, 0x00, 0x00,
  0x01, 0x00, 0x00, 0x00, 0x10, 0x00, 0x00, 0x00, 0x32, 0xf4, 0xff, 0xff,
  0x00, 0x00, 0x00, 0x01, 0x14, 0x00, 0x00, 0x00, 0xe8, 0x00, 0x00, 0x00,
  0x10, 0x00, 0x00, 0x00, 0x00, 0x00, 0x00, 0x09, 0x0c, 0x01, 0x00, 0x00,
  0x1c, 0xf4, 0xff, 0xff, 0x08, 0x00, 0x00, 0x00, 0x8c, 0x00, 0x00, 0x00,
  0x10, 0x00, 0x00, 0x00, 0x00, 0x00, 0x00, 0x00, 0x00, 0x00, 0x00, 0x00,
  0x00, 0x00, 0x00, 0x00, 0x00, 0x00, 0x00, 0x00, 0x00, 0x00, 0x00, 0x00,
  0x00, 0x00, 0x00, 0x00, 0x00, 0x00, 0x00, 0x00, 0x00, 0x00, 0x00, 0x00,
  0x00, 0x00, 0x00, 0x00, 0x00, 0x00, 0x00, 0x00, 0x00, 0x00, 0x00, 0x00,
  0x00, 0x00, 0x00, 0x00, 0x00, 0x00, 0x00, 0x00, 0x00, 0x00, 0x00, 0x00,
  0x00, 0x00, 0x00, 0x00, 0x00, 0x00, 0x00, 0x00, 0x00, 0x00, 0x00, 0x00,
  0x00, 0x00, 0x00, 0x00, 0x00, 0x00, 0x00, 0x00, 0x00, 0x00, 0x00, 0x00,
  0x00, 0x00, 0x00, 0x00, 0x00, 0x00, 0x00, 0x00, 0x00, 0x00, 0x00, 0x00,
  0x00, 0x00, 0x00, 0x00, 0x00, 0x00, 0x00, 0x00, 0x00, 0x00, 0x00, 0x00,
  0x00, 0x00, 0x00, 0x00, 0x00, 0x00, 0x00, 0x00, 0x00, 0x00, 0x00, 0x00,
  0x00, 0x00, 0x00, 0x00, 0x00, 0x00, 0x00, 0x00, 0x00, 0x00, 0x00, 0x00,
  0x00, 0x00, 0x00, 0x00, 0x10, 0x00, 0x00, 0x00, 0xa8, 0xed, 0xca, 0x3a,
  0xed, 0x6d, 0x9e, 0x3a, 0xf9, 0x50, 0xe3, 0x3a, 0xd8, 0x1c, 0xa9, 0x3a,
  0xe4, 0xe0, 0xaa, 0x3a, 0x98, 0xdd, 0xb7, 0x3a, 0x70, 0x45, 0xaf, 0x3a,
  0xe9, 0x50, 0xbf, 0x3a, 0x1a, 0xaa, 0x9e, 0x3a, 0x79, 0x69, 0xc0, 0x3a,
  0x9f, 0x7b, 0xae, 0x3a, 0xec, 0x32, 0xb1, 0x3a, 0x15, 0xde, 0xb0, 0x3a,
  0xce, 0x88, 0xd3, 0x3a, 0x2c, 0x2c, 0xb2, 0x3a, 0x2d, 0xdf, 0xa6, 0x3a,
  0x2b, 0x00, 0x00, 0x00, 0x6d, 0x6f, 0x64, 0x65, 0x6c, 0x5f, 0x31, 0x37,
  0x39, 0x2f, 0x74, 0x66, 0x2e, 0x6e, 0x6e, 0x2e, 0x63, 0x6f, 0x6e, 0x76,
  0x6f, 0x6c, 0x75, 0x74, 0x69, 0x6f, 0x6e, 0x5f, 0x32, 0x34, 0x35, 0x2f,
  0x63, 0x6f, 0x6e, 0x76, 0x6f, 0x6c, 0x75, 0x74, 0x69, 0x6f, 0x6e, 0x00,
  0x04, 0x00, 0x00, 0x00, 0x10, 0x00, 0x00, 0x00, 0x03, 0x00, 0x00, 0x00,
  0x01, 0x00, 0x00, 0x00, 0x10, 0x00, 0x00, 0x00, 0x6a, 0xf5, 0xff, 0xff,
  0x00, 0x00, 0x00, 0x01, 0x14, 0x00, 0x00, 0x00, 0xe4, 0x00, 0x00, 0x00,
  0x0f, 0x00, 0x00, 0x00, 0x00, 0x00, 0x00, 0x02, 0x50, 0x01, 0x00, 0x00,
  0x54, 0xf5, 0xff, 0xff, 0x08, 0x00, 0x00, 0x00, 0x88, 0x00, 0x00, 0x00,
  0x10, 0x00, 0x00, 0x00, 0x00, 0x00, 0x00, 0x00, 0x00, 0x00, 0x00, 0x00,
  0x00, 0x00, 0x00, 0x00, 0x00, 0x00, 0x00, 0x00, 0x00, 0x00, 0x00, 0x00,
  0x00, 0x00, 0x00, 0x00, 0x00, 0x00, 0x00, 0x00, 0x00, 0x00, 0x00, 0x00,
  0x00, 0x00, 0x00, 0x00, 0x00, 0x00, 0x00, 0x00, 0x00, 0x00, 0x00, 0x00,
  0x00, 0x00, 0x00, 0x00, 0x00, 0x00, 0x00, 0x00, 0x00, 0x00, 0x00, 0x00,
  0x00, 0x00, 0x00, 0x00, 0x00, 0x00, 0x00, 0x00, 0x00, 0x00, 0x00, 0x00,
  0x00, 0x00, 0x00, 0x00, 0x00, 0x00, 0x00, 0x00, 0x00, 0x00, 0x00, 0x00,
  0x00, 0x00, 0x00, 0x00, 0x00, 0x00, 0x00, 0x00, 0x00, 0x00, 0x00, 0x00,
  0x00, 0x00, 0x00, 0x00, 0x00, 0x00, 0x00, 0x00, 0x00, 0x00, 0x00, 0x00,
  0x00, 0x00, 0x00, 0x00, 0x00, 0x00, 0x00, 0x00, 0x00, 0x00, 0x00, 0x00,
  0x00, 0x00, 0x00, 0x00, 0x00, 0x00, 0x00, 0x00, 0x00, 0x00, 0x00, 0x00,
  0x10, 0x00, 0x00, 0x00, 0x8b, 0x5d, 0xc6, 0x37, 0xf6, 0xdd, 0x9a, 0x37,
  0x7a, 0x34, 0xde, 0x37, 0x62, 0x4f, 0xa5, 0x37, 0x44, 0x09, 0xa7, 0x37,
  0x36, 0xbb, 0xb3, 0x37, 0x87, 0x54, 0xab, 0x37, 0xa4, 0x03, 0xbb, 0x37,
  0xc9, 0x18, 0x9b, 0x37, 0xe5, 0x15, 0xbc, 0x37, 0x3f, 0x8f, 0xaa, 0x37,
  0xea, 0x36, 0xad, 0x37, 0xfb, 0xe3, 0xac, 0x37, 0x27, 0xc7, 0xce, 0x37,
  0x8f, 0x2a, 0xae, 0x37, 0x9d, 0x1e, 0xa3, 0x37, 0x70, 0x00, 0x00, 0x00,
  0x6d, 0x6f, 0x64, 0x65, 0x6c, 0x5f, 0x31, 0x37, 0x39, 0x2f, 0x74, 0x66,
  0x2e, 0x6e, 0x6e, 0x2e, 0x72, 0x65, 0x6c, 0x75, 0x5f, 0x32, 0x34, 0x35,
  0x2f, 0x52, 0x65, 0x6c, 0x75, 0x3b, 0x6d, 0x6f, 0x64, 0x65, 0x6c, 0x5f,
  0x31, 0x37, 0x39, 0x2f, 0x74, 0x66, 0x2e, 0x6d, 0x61, 0x74, 0x68, 0x2e,
  0x61, 0x64, 0x64, 0x5f, 0x32, 0x34, 0x35, 0x2f, 0x41, 0x64, 0x64, 0x3b,
  0x6d, 0x6f, 0x64, 0x65, 0x6c, 0x5f, 0x31, 0x37, 0x39, 0x2f, 0x74, 0x66,
  0x2e, 0x6e, 0x6e, 0x2e, 0x63, 0x6f, 0x6e, 0x76, 0x6f, 0x6c, 0x75, 0x74,
  0x69, 0x6f, 0x6e, 0x5f, 0x32, 0x34, 0x35, 0x2f, 0x63, 0x6f, 0x6e, 0x76,
  0x6f, 0x6c, 0x75, 0x74, 0x69, 0x6f, 0x6e, 0x3b, 0x43, 0x6f, 0x6e, 0x73,
  0x74, 0x5f, 0x31, 0x33, 0x00, 0x00, 0x00, 0x00, 0x01, 0x00, 0x00, 0x00,
  0x10, 0x00, 0x00, 0x00, 0xda, 0xf6, 0xff, 0xff, 0x00, 0x00, 0x00, 0x01,
  0x14, 0x00, 0x00, 0x00, 0x34, 0x00, 0x00, 0x00, 0x0e, 0x00, 0x00, 0x00,
  0x00, 0x00, 0x00, 0x09, 0x38, 0x00, 0x00, 0x00, 0xc4, 0xf6, 0xff, 0xff,
  0x08, 0x00, 0x00, 0x00, 0x14, 0x00, 0x00, 0x00, 0x01, 0x00, 0x00, 0x00,
  0x80, 0xff, 0xff, 0xff, 0xff, 0xff, 0xff, 0xff, 0x00, 0x00, 0x00, 0x00,
  0x01, 0x00, 0x00, 0x00, 0xa2, 0xe2, 0x76, 0x3c, 0x08, 0x00, 0x00, 0x00,
  0x43, 0x6f, 0x6e, 0x73, 0x74, 0x5f, 0x31, 0x32, 0x00, 0x00, 0x00, 0x00,
  0x01, 0x00, 0x00, 0x00, 0x10, 0x00, 0x00, 0x00, 0x32, 0xf7, 0xff, 0xff,
  0x00, 0x00, 0x00, 0x01, 0x14, 0x00, 0x00, 0x00, 0x34, 0x00, 0x00, 0x00,
  0x0d, 0x00, 0x00, 0x00, 0x00, 0x00, 0x00, 0x09, 0x38, 0x00, 0x00, 0x00,
  0x1c, 0xf7, 0xff, 0xff, 0x08, 0x00, 0x00, 0x00, 0x14, 0x00, 0x00, 0x00,
  0x01, 0x00, 0x00, 0x00, 0x7f, 0x00, 0x00, 0x00, 0x00, 0x00, 0x00, 0x00,
  0x00, 0x00, 0x00, 0x00, 0x01, 0x00, 0x00, 0x00, 0xf1, 0xd9, 0x23, 0x3c,
  0x08, 0x00, 0x00, 0x00, 0x43, 0x6f, 0x6e, 0x73, 0x74, 0x5f, 0x31, 0x31,
  0x00, 0x00, 0x00, 0x00, 0x01, 0x00, 0x00, 0x00, 0x10, 0x00, 0x00, 0x00,
  0x8a, 0xf7, 0xff, 0xff, 0x00, 0x00, 0x00, 0x01, 0x14, 0x00, 0x00, 0x00,
  0xe8, 0x00, 0x00, 0x00, 0x0c, 0x00, 0x00, 0x00, 0x00, 0x00, 0x00, 0x09,
  0x0c, 0x01, 0x00, 0x00, 0x74, 0xf7, 0xff, 0xff, 0x08, 0x00, 0x00, 0x00,
  0x8c, 0x00, 0x00, 0x00, 0x10, 0x00, 0x00, 0x00, 0x00, 0x00, 0x00, 0x00,
  0x00, 0x00, 0x00, 0x00, 0x00, 0x00, 0x00, 0x00, 0x00, 0x00, 0x00, 0x00,
  0x00, 0x00, 0x00, 0x00, 0x00, 0x00, 0x00, 0x00, 0x00, 0x00, 0x00, 0x00,
  0x00, 0x00, 0x00, 0x00, 0x00, 0x00, 0x00, 0x00, 0x00, 0x00, 0x00, 0x00,
  0x00, 0x00, 0x00, 0x00, 0x00, 0x00, 0x00, 0x00, 0x00, 0x00, 0x00, 0x00,
  0x00, 0x00, 0x00, 0x00, 0x00, 0x00, 0x00, 0x00, 0x00, 0x00, 0x00, 0x00,
  0x00, 0x00, 0x00, 0x00, 0x00, 0x00, 0x00, 0x00, 0x00, 0x00, 0x00, 0x00,
  0x00, 0x00, 0x00, 0x00, 0x00, 0x00, 0x00, 0x00, 0x00, 0x00, 0x00, 0x00,
  0x00, 0x00, 0x00, 0x00, 0x00, 0x00, 0x00, 0x00, 0x00, 0x00, 0x00, 0x00,
  0x00, 0x00, 0x00, 0x00, 0x00, 0x00, 0x00, 0x00, 0x00, 0x00, 0x00, 0x00,
  0x00, 0x00, 0x00, 0x00, 0x00, 0x00, 0x00, 0x00, 0x00, 0x00, 0x00, 0x00,
  0x00, 0x00, 0x00, 0x00, 0x00, 0x00, 0x00, 0x00, 0x10, 0x00, 0x00, 0x00,
  0x01, 0xbe, 0xa4, 0x3a, 0x83, 0xd6, 0x99, 0x3a, 0xc7, 0x69, 0xac, 0x3a,
  0xa3, 0xdc, 0xca, 0x3a, 0x2d, 0x92, 0xb7, 0x3a, 0xe3, 0x65, 0xc6, 0x3a,
  0xdd, 0x59, 0xe8, 0x3a, 0xd9, 0xc5, 0x0d, 0x3b, 0x02, 0xf7, 0xc5, 0x3a,
  0xb4, 0x27, 0xc1, 0x3a, 0x17, 0x25, 0xad, 0x3a, 0x0f, 0xdf, 0xb1, 0x3a,
  0x7e, 0x8a, 0x07, 0x3b, 0xe6, 0x6a, 0xa9, 0x3a, 0xfe, 0xce, 0xac, 0x3a,
  0xff, 0xab, 0xc4, 0x3a, 0x2b, 0x00, 0x00, 0x00, 0x6d, 0x6f, 0x64, 0x65,
  0x6c, 0x5f, 0x31, 0x37, 0x39, 0x2f, 0x74, 0x66, 0x2e, 0x6e, 0x6e, 0x2e,
  0x63, 0x6f, 0x6e, 0x76, 0x6f, 0x6c, 0x75, 0x74, 0x69, 0x6f, 0x6e, 0x5f,
  0x32, 0x34, 0x36, 0x2f, 0x63, 0x6f, 0x6e, 0x76, 0x6f, 0x6c, 0x75, 0x74,
  0x69, 0x6f, 0x6e, 0x00, 0x04, 0x00, 0x00, 0x00, 0x10, 0x00, 0x00, 0x00,
  0x03, 0x00, 0x00, 0x00, 0x01, 0x00, 0x00, 0x00, 0x10, 0x00, 0x00, 0x00,
  0xc2, 0xf8, 0xff, 0xff, 0x00, 0x00, 0x00, 0x01, 0x14, 0x00, 0x00, 0x00,
  0xe8, 0x00, 0x00, 0x00, 0x0b, 0x00, 0x00, 0x00, 0x00, 0x00, 0x00, 0x02,
  0x50, 0x01, 0x00, 0x00, 0xac, 0xf8, 0xff, 0xff, 0x08, 0x00, 0x00, 0x00,
  0x8c, 0x00, 0x00, 0x00, 0x10, 0x00, 0x00, 0x00, 0x00, 0x00, 0x00, 0x00,
  0x00, 0x00, 0x00, 0x00, 0x00, 0x00, 0x00, 0x00, 0x00, 0x00, 0x00, 0x00,
  0x00, 0x00, 0x00, 0x00, 0x00, 0x00, 0x00, 0x00, 0x00, 0x00, 0x00, 0x00,
  0x00, 0x00, 0x00, 0x00, 0x00, 0x00, 0x00, 0x00, 0x00, 0x00, 0x00, 0x00,
  0x00, 0x00, 0x00, 0x00, 0x00, 0x00, 0x00, 0x00, 0x00, 0x00, 0x00, 0x00,
  0x00, 0x00, 0x00, 0x00, 0x00, 0x00, 0x00, 0x00, 0x00, 0x00, 0x00, 0x00,
  0x00, 0x00, 0x00, 0x00, 0x00, 0x00, 0x00, 0x00, 0x00, 0x00, 0x00, 0x00,
  0x00, 0x00, 0x00, 0x00, 0x00, 0x00, 0x00, 0x00, 0x00, 0x00, 0x00, 0x00,
  0x00, 0x00, 0x00, 0x00, 0x00, 0x00, 0x00, 0x00, 0x00, 0x00, 0x00, 0x00,
  0x00, 0x00, 0x00, 0x00, 0x00, 0x00, 0x00, 0x00, 0x00, 0x00, 0x00, 0x00,
  0x00, 0x00, 0x00, 0x00, 0x00, 0x00, 0x00, 0x00, 0x00, 0x00, 0x00, 0x00,
  0x00, 0x00, 0x00, 0x00, 0x00, 0x00, 0x00, 0x00, 0x10, 0x00, 0x00, 0x00,
  0x81, 0xb8, 0x5b, 0x37, 0x6c, 0x2d, 0x4d, 0x37, 0xa3, 0xf3, 0x65, 0x37,
  0xea, 0x47, 0x87, 0x37, 0x49, 0xd5, 0x74, 0x37, 0xdc, 0x4d, 0x84, 0x37,
  0x36, 0xf2, 0x9a, 0x37, 0xfe, 0x15, 0xbd, 0x37, 0xeb, 0x03, 0x84, 0x37,
  0xce, 0xce, 0x80, 0x37, 0x75, 0xed, 0x66, 0x37, 0x39, 0x3b, 0x6d, 0x37,
  0x3b, 0xc6, 0xb4, 0x37, 0xd4, 0xf4, 0x61, 0x37, 0xa1, 0x7a, 0x66, 0x37,
  0x2e, 0x27, 0x83, 0x37, 0x6f, 0x00, 0x00, 0x00, 0x6d, 0x6f, 0x64, 0x65,
  0x6c, 0x5f, 0x31, 0x37, 0x39, 0x2f, 0x74, 0x66, 0x2e, 0x6e, 0x6e, 0x2e,
  0x72, 0x65, 0x6c, 0x75, 0x5f, 0x32, 0x34, 0x36, 0x2f, 0x52, 0x65, 0x6c,
  0x75, 0x3b, 0x6d, 0x6f, 0x64, 0x65, 0x6c, 0x5f, 0x31, 0x37, 0x39, 0x2f,
  0x74, 0x66, 0x2e, 0x6d, 0x61, 0x74, 0x68, 0x2e, 0x61, 0x64, 0x64, 0x5f,
  0x32, 0x34, 0x36, 0x2f, 0x41, 0x64, 0x64, 0x3b, 0x6d, 0x6f, 0x64, 0x65,
  0x6c, 0x5f, 0x31, 0x37, 0x39, 0x2f, 0x74, 0x66, 0x2e, 0x6e, 0x6e, 0x2e,
  0x63, 0x6f, 0x6e, 0x76, 0x6f, 0x6c, 0x75, 0x74, 0x69, 0x6f, 0x6e, 0x5f,
  0x32, 0x34, 0x36, 0x2f, 0x63, 0x6f, 0x6e, 0x76, 0x6f, 0x6c, 0x75, 0x74,
  0x69, 0x6f, 0x6e, 0x3b, 0x43, 0x6f, 0x6e, 0x73, 0x74, 0x5f, 0x39, 0x00,
  0x01, 0x00, 0x00, 0x00, 0x10, 0x00, 0x00, 0x00, 0x32, 0xfa, 0xff, 0xff,
  0x00, 0x00, 0x00, 0x01, 0x14, 0x00, 0x00, 0x00, 0x30, 0x00, 0x00, 0x00,
  0x0a, 0x00, 0x00, 0x00, 0x00, 0x00, 0x00, 0x09, 0x30, 0x00, 0x00, 0x00,
  0x1c, 0xfa, 0xff, 0xff, 0x08, 0x00, 0x00, 0x00, 0x10, 0x00, 0x00, 0x00,
  0x01, 0x00, 0x00, 0x00, 0x80, 0xff, 0xff, 0xff, 0xff, 0xff, 0xff, 0xff,
  0x01, 0x00, 0x00, 0x00, 0x2d, 0x8c, 0xaf, 0x3f, 0x07, 0x00, 0x00, 0x00,
  0x43, 0x6f, 0x6e, 0x73, 0x74, 0x5f, 0x38, 0x00, 0x01, 0x00, 0x00, 0x00,
  0x10, 0x00, 0x00, 0x00, 0x82, 0xfa, 0xff, 0xff, 0x00, 0x00, 0x00, 0x01,
  0x14, 0x00, 0x00, 0x00, 0x30, 0x00, 0x00, 0x00, 0x09, 0x00, 0x00, 0x00,
  0x00, 0x00, 0x00, 0x09, 0x30, 0x00, 0x00, 0x00, 0x6c, 0xfa, 0xff, 0xff,
  0x08, 0x00, 0x00, 0x00, 0x10, 0x00, 0x00, 0x00, 0x01, 0x00, 0x00, 0x00,
  0x7c, 0x00, 0x00, 0x00, 0x00, 0x00, 0x00, 0x00, 0x01, 0x00, 0x00, 0x00,
  0xcc, 0x6c, 0x31, 0x3c, 0x07, 0x00, 0x00, 0x00, 0x43, 0x6f, 0x6e, 0x73,
  0x74, 0x5f, 0x37, 0x00, 0x01, 0x00, 0x00, 0x00, 0x10, 0x00, 0x00, 0x00,
  0xd2, 0xfa, 0xff, 0xff, 0x00, 0x00, 0x00, 0x01, 0x14, 0x00, 0x00, 0x00,
  0xe8, 0x00, 0x00, 0x00, 0x08, 0x00, 0x00, 0x00, 0x00, 0x00, 0x00, 0x09,
  0x0c, 0x01, 0x00, 0x00, 0xbc, 0xfa, 0xff, 0xff, 0x08, 0x00, 0x00, 0x00,
  0x8c, 0x00, 0x00, 0x00, 0x10, 0x00, 0x00, 0x00, 0x00, 0x00, 0x00, 0x00,
  0x00, 0x00, 0x00, 0x00, 0x00, 0x00, 0x00, 0x00, 0x00, 0x00, 0x00, 0x00,
  0x00, 0x00, 0x00, 0x00, 0x00, 0x00, 0x00, 0x00, 0x00, 0x00, 0x00, 0x00,
  0x00, 0x00, 0x00, 0x00, 0x00, 0x00, 0x00, 0x00, 0x00, 0x00, 0x00, 0x00,
  0x00, 0x00, 0x00, 0x00, 0x00, 0x00, 0x00, 0x00, 0x00, 0x00, 0x00, 0x00,
  0x00, 0x00, 0x00, 0x00, 0x00, 0x00, 0x00, 0x00, 0x00, 0x00, 0x00, 0x00,
  0x00, 0x00, 0x00, 0x00, 0x00, 0x00, 0x00, 0x00, 0x00, 0x00, 0x00, 0x00,
  0x00, 0x00, 0x00, 0x00, 0x00, 0x00, 0x00, 0x00, 0x00, 0x00, 0x00, 0x00,
  0x00, 0x00, 0x00, 0x00, 0x00, 0x00, 0x00, 0x00, 0x00, 0x00, 0x00, 0x00,
  0x00, 0x00, 0x00, 0x00, 0x00, 0x00, 0x00, 0x00, 0x00, 0x00, 0x00, 0x00,
  0x00, 0x00, 0x00, 0x00, 0x00, 0x00, 0x00, 0x00, 0x00, 0x00, 0x00, 0x00,
  0x00, 0x00, 0x00, 0x00, 0x00, 0x00, 0x00, 0x00, 0x10, 0x00, 0x00, 0x00,
  0xa1, 0xcf, 0x0b, 0x3b, 0xb6, 0x2e, 0xbd, 0x3a, 0x67, 0x2b, 0x07, 0x3b,
  0x59, 0xae, 0xe5, 0x3a, 0xb6, 0x2c, 0xc0, 0x3a, 0xc9, 0xf9, 0xe0, 0x3a,
  0x1b, 0xef, 0xeb, 0x3a, 0xcb, 0xc2, 0xd5, 0x3a, 0x8e, 0xd5, 0xeb, 0x3a,
  0x71, 0x76, 0xcd, 0x3a, 0x9d, 0xf9, 0xde, 0x3a, 0xda, 0xbb, 0xe9, 0x3a,
  0xe4, 0x55, 0x04, 0x3b, 0xbd, 0x2d, 0x9e, 0x3a, 0xe8, 0x50, 0xb0, 0x3a,
  0xe6, 0x44, 0xea, 0x3a, 0x2b, 0x00, 0x00, 0x00, 0x6d, 0x6f, 0x64, 0x65,
  0x6c, 0x5f, 0x31, 0x37, 0x39, 0x2f, 0x74, 0x66, 0x2e, 0x6e, 0x6e, 0x2e,
  0x63, 0x6f, 0x6e, 0x76, 0x6f, 0x6c, 0x75, 0x74, 0x69, 0x6f, 0x6e, 0x5f,
  0x32, 0x34, 0x37, 0x2f, 0x63, 0x6f, 0x6e, 0x76, 0x6f, 0x6c, 0x75, 0x74,
  0x69, 0x6f, 0x6e, 0x00, 0x04, 0x00, 0x00, 0x00, 0x10, 0x00, 0x00, 0x00,
  0x03, 0x00, 0x00, 0x00, 0x01, 0x00, 0x00, 0x00, 0x10, 0x00, 0x00, 0x00,
  0x0a, 0xfc, 0xff, 0xff, 0x00, 0x00, 0x00, 0x01, 0x14, 0x00, 0x00, 0x00,
  0xe8, 0x00, 0x00, 0x00, 0x07, 0x00, 0x00, 0x00, 0x00, 0x00, 0x00, 0x02,
  0x50, 0x01, 0x00, 0x00, 0xf4, 0xfb, 0xff, 0xff, 0x08, 0x00, 0x00, 0x00,
  0x8c, 0x00, 0x00, 0x00, 0x10, 0x00, 0x00, 0x00, 0x00, 0x00, 0x00, 0x00,
  0x00, 0x00, 0x00, 0x00, 0x00, 0x00, 0x00, 0x00, 0x00, 0x00, 0x00, 0x00,
  0x00, 0x00, 0x00, 0x00, 0x00, 0x00, 0x00, 0x00, 0x00, 0x00, 0x00, 0x00,
  0x00, 0x00, 0x00, 0x00, 0x00, 0x00, 0x00, 0x00, 0x00, 0x00, 0x00, 0x00,
  0x00, 0x00, 0x00, 0x00, 0x00, 0x00, 0x00, 0x00, 0x00, 0x00, 0x00, 0x00,
  0x00, 0x00, 0x00, 0x00, 0x00, 0x00, 0x00, 0x00, 0x00, 0x00, 0x00, 0x00,
  0x00, 0x00, 0x00, 0x00, 0x00, 0x00, 0x00, 0x00, 0x00, 0x00, 0x00, 0x00,
  0x00, 0x00, 0x00, 0x00, 0x00, 0x00, 0x00, 0x00, 0x00, 0x00, 0x00, 0x00,
  0x00, 0x00, 0x00, 0x00, 0x00, 0x00, 0x00, 0x00, 0x00, 0x00, 0x00, 0x00,
  0x00, 0x00, 0x00, 0x00, 0x00, 0x00, 0x00, 0x00, 0x00, 0x00, 0x00, 0x00,
  0x00, 0x00, 0x00, 0x00, 0x00, 0x00, 0x00, 0x00, 0x00, 0x00, 0x00, 0x00,
  0x00, 0x00, 0x00, 0x00, 0x00, 0x00, 0x00, 0x00, 0x10, 0x00, 0x00, 0x00,
  0xa9, 0xe8, 0xc3, 0x37, 0x86, 0x8b, 0x84, 0x37, 0xac, 0x67, 0xbd, 0x37,
  0x4c, 0xeb, 0xa0, 0x37, 0x33, 0xa4, 0x86, 0x37, 0x5c, 0x9f, 0x9d, 0x37,
  0xd2, 0x4c, 0xa5, 0x37, 0xe2, 0xc3, 0x95, 0x37, 0xeb, 0x3a, 0xa5, 0x37,
  0x85, 0xf3, 0x8f, 0x37, 0x85, 0x38, 0x9c, 0x37, 0x32, 0xc2, 0xa3, 0x37,
  0x0e, 0x6f, 0xb9, 0x37, 0x72, 0xa5, 0x5d, 0x37, 0xa3, 0x0f, 0x77, 0x37,
  0x36, 0x22, 0xa4, 0x37, 0x6f, 0x00, 0x00, 0x00, 0x6d, 0x6f, 0x64, 0x65,
  0x6c, 0x5f, 0x31, 0x37, 0x39, 0x2f, 0x74, 0x66, 0x2e, 0x6e, 0x6e, 0x2e,
  0x72, 0x65, 0x6c, 0x75, 0x5f, 0x32, 0x34, 0x37, 0x2f, 0x52, 0x65, 0x6c,
  0x75, 0x3b, 0x6d, 0x6f, 0x64, 0x65, 0x6c, 0x5f, 0x31, 0x37, 0x39, 0x2f,
  0x74, 0x66, 0x2e, 0x6d, 0x61, 0x74, 0x68, 0x2e, 0x61, 0x64, 0x64, 0x5f,
  0x32, 0x34, 0x37, 0x2f, 0x41, 0x64, 0x64, 0x3b, 0x6d, 0x6f, 0x64, 0x65,
  0x6c, 0x5f, 0x31, 0x37, 0x39, 0x2f, 0x74, 0x66, 0x2e, 0x6e, 0x6e, 0x2e,
  0x63, 0x6f, 0x6e, 0x76, 0x6f, 0x6c, 0x75, 0x74, 0x69, 0x6f, 0x6e, 0x5f,
  0x32, 0x34, 0x37, 0x2f, 0x63, 0x6f, 0x6e, 0x76, 0x6f, 0x6c, 0x75, 0x74,
  0x69, 0x6f, 0x6e, 0x3b, 0x43, 0x6f, 0x6e, 0x73, 0x74, 0x5f, 0x35, 0x00,
  0x01, 0x00, 0x00, 0x00, 0x10, 0x00, 0x00, 0x00, 0x7a, 0xfd, 0xff, 0xff,
  0x00, 0x00, 0x00, 0x01, 0x14, 0x00, 0x00, 0x00, 0x30, 0x00, 0x00, 0x00,
  0x06, 0x00, 0x00, 0x00, 0x00, 0x00, 0x00, 0x09, 0x30, 0x00, 0x00, 0x00,
  0x64, 0xfd, 0xff, 0xff, 0x08, 0x00, 0x00, 0x00, 0x10, 0x00, 0x00, 0x00,
  0x01, 0x00, 0x00, 0x00, 0x80, 0xff, 0xff, 0xff, 0xff, 0xff, 0xff, 0xff,
  0x01, 0x00, 0x00, 0x00, 0xd3, 0x1e, 0xd5, 0x3f, 0x07, 0x00, 0x00, 0x00,
  0x43, 0x6f, 0x6e, 0x73, 0x74, 0x5f, 0x34, 0x00, 0x01, 0x00, 0x00, 0x00,
  0x10, 0x00, 0x00, 0x00, 0xca, 0xfd, 0xff, 0xff, 0x00, 0x00, 0x00, 0x01,
  0x14, 0x00, 0x00, 0x00, 0x30, 0x00, 0x00, 0x00, 0x05, 0x00, 0x00, 0x00,
  0x00, 0x00, 0x00, 0x09, 0x30, 0x00, 0x00, 0x00, 0xb4, 0xfd, 0xff, 0xff,
  0x08, 0x00, 0x00, 0x00, 0x10, 0x00, 0x00, 0x00, 0x01, 0x00, 0x00, 0x00,
  0x7f, 0x00, 0x00, 0x00, 0x00, 0x00, 0x00, 0x00, 0x01, 0x00, 0x00, 0x00,
  0xc4, 0x97, 0x3f, 0x3c, 0x07, 0x00, 0x00, 0x00, 0x43, 0x6f, 0x6e, 0x73,
  0x74, 0x5f, 0x33, 0x00, 0x01, 0x00, 0x00, 0x00, 0x10, 0x00, 0x00, 0x00,
  0x1a, 0xfe, 0xff, 0xff, 0x00, 0x00, 0x00, 0x01, 0x14, 0x00, 0x00, 0x00,
  0x7c, 0x00, 0x00, 0x00, 0x04, 0x00, 0x00, 0x00, 0x00, 0x00, 0x00, 0x09,
  0x9c, 0x00, 0x00, 0x00, 0x04, 0xfe, 0xff, 0xff, 0x08, 0x00, 0x00, 0x00,
  0x44, 0x00, 0x00, 0x00, 0x07, 0x00, 0x00, 0x00, 0x00, 0x00, 0x00, 0x00,
  0x00, 0x00, 0x00, 0x00, 0x00, 0x00, 0x00, 0x00, 0x00, 0x00, 0x00, 0x00,
  0x00, 0x00, 0x00, 0x00, 0x00, 0x00, 0x00, 0x00, 0x00, 0x00, 0x00, 0x00,
  0x00, 0x00, 0x00, 0x00, 0x00, 0x00, 0x00, 0x00, 0x00, 0x00, 0x00, 0x00,
  0x00, 0x00, 0x00, 0x00, 0x00, 0x00, 0x00, 0x00, 0x00, 0x00, 0x00, 0x00,
  0x00, 0x00, 0x00, 0x00, 0x00, 0x00, 0x00, 0x00, 0x07, 0x00, 0x00, 0x00,
  0x37, 0x74, 0x8b, 0x3b, 0xcf, 0x3d, 0x97, 0x3b, 0x7c, 0xc1, 0xb9, 0x3b,
  0x3c, 0xd0, 0xa1, 0x3b, 0xf1, 0x7f, 0x83, 0x3b, 0xea, 0x3a, 0xa0, 0x3b,
  0x71, 0xd0, 0x84, 0x3b, 0x24, 0x00, 0x00, 0x00, 0x6d, 0x6f, 0x64, 0x65,
  0x6c, 0x5f, 0x31, 0x37, 0x39, 0x2f, 0x74, 0x66, 0x2e, 0x6c, 0x69, 0x6e,
  0x61, 0x6c, 0x67, 0x2e, 0x6d, 0x61, 0x74, 0x6d, 0x75, 0x6c, 0x5f, 0x35,
  0x35, 0x2f, 0x4d, 0x61, 0x74, 0x4d, 0x75, 0x6c, 0x00, 0x00, 0x00, 0x00,
  0x02, 0x00, 0x00, 0x00, 0x07, 0x00, 0x00, 0x00, 0x10, 0x00, 0x00, 0x00,
  0xda, 0xfe, 0xff, 0xff, 0x00, 0x00, 0x00, 0x01, 0x14, 0x00, 0x00, 0x00,
  0x78, 0x00, 0x00, 0x00, 0x03, 0x00, 0x00, 0x00, 0x00, 0x00, 0x00, 0x02,
  0x9c, 0x00, 0x00, 0x00, 0xc4, 0xfe, 0xff, 0xff, 0x08, 0x00, 0x00, 0x00,
  0x40, 0x00, 0x00, 0x00, 0x07, 0x00, 0x00, 0x00, 0x00, 0x00, 0x00, 0x00,
  0x00, 0x00, 0x00, 0x00, 0x00, 0x00, 0x00, 0x00, 0x00, 0x00, 0x00, 0x00,
  0x00, 0x00, 0x00, 0x00, 0x00, 0x00, 0x00, 0x00, 0x00, 0x00, 0x00, 0x00,
  0x00, 0x00, 0x00, 0x00, 0x00, 0x00, 0x00, 0x00, 0x00, 0x00, 0x00, 0x00,
  0x00, 0x00, 0x00, 0x00, 0x00, 0x00, 0x00, 0x00, 0x00, 0x00, 0x00, 0x00,
  0x00, 0x00, 0x00, 0x00, 0x07, 0x00, 0x00, 0x00, 0x18, 0x86, 0x3e, 0x38,
  0xc4, 0xa0, 0x4e, 0x38, 0x2e, 0xc8, 0x7d, 0x38, 0x52, 0x12, 0x5d, 0x38,
  0x1c, 0xa8, 0x33, 0x38, 0x91, 0xe8, 0x5a, 0x38, 0xd7, 0x73, 0x35, 0x38,
  0x28, 0x00, 0x00, 0x00, 0x6d, 0x6f, 0x64, 0x65, 0x6c, 0x5f, 0x31, 0x37,
  0x39, 0x2f, 0x74, 0x66, 0x2e, 0x5f, 0x5f, 0x6f, 0x70, 0x65, 0x72, 0x61,
  0x74, 0x6f, 0x72, 0x73, 0x5f, 0x5f, 0x2e, 0x61, 0x64, 0x64, 0x5f, 0x31,
  0x37, 0x39, 0x2f, 0x41, 0x64, 0x64, 0x56, 0x32, 0x00, 0x00, 0x00, 0x00,
  0x01, 0x00, 0x00, 0x00, 0x07, 0x00, 0x00, 0x00, 0x96, 0xff, 0xff, 0xff,
  0x00, 0x00, 0x00, 0x01, 0x18, 0x00, 0x00, 0x00, 0x18, 0x00, 0x00, 0x00,
  0x02, 0x00, 0x00, 0x00, 0x00, 0x00, 0x00, 0x02, 0x48, 0x00, 0x00, 0x00,
  0x04, 0x00, 0x04, 0x00, 0x04, 0x00, 0x00, 0x00, 0x37, 0x00, 0x00, 0x00,
  0x6d, 0x6f, 0x64, 0x65, 0x6c, 0x5f, 0x31, 0x37, 0x39, 0x2f, 0x74, 0x66,
  0x2e, 0x6d, 0x61, 0x74, 0x68, 0x2e, 0x72, 0x65, 0x64, 0x75, 0x63, 0x65,
  0x5f, 0x6d, 0x65, 0x61, 0x6e, 0x5f, 0x35, 0x35, 0x2f, 0x4d, 0x65, 0x61,
  0x6e, 0x2f, 0x72, 0x65, 0x64, 0x75, 0x63, 0x74, 0x69, 0x6f, 0x6e, 0x5f,
  0x69, 0x6e, 0x64, 0x69, 0x63, 0x65, 0x73, 0x00, 0x01, 0x00, 0x00, 0x00,
  0x02, 0x00, 0x00, 0x00, 0x00, 0x00, 0x16, 0x00, 0x1c, 0x00, 0x18, 0x00,
  0x17, 0x00, 0x10, 0x00, 0x0c, 0x00, 0x08, 0x00, 0x00, 0x00, 0x00, 0x00,
  0x00, 0x00, 0x07, 0x00, 0x16, 0x00, 0x00, 0x00, 0x00, 0x00, 0x00, 0x01,
  0x20, 0x00, 0x00, 0x00, 0x40, 0x00, 0x00, 0x00, 0x01, 0x00, 0x00, 0x00,
  0x00, 0x00, 0x00, 0x09, 0x50, 0x00, 0x00, 0x00, 0x0c, 0x00, 0x0c, 0x00,
  0x00, 0x00, 0x00, 0x00, 0x08, 0x00, 0x04, 0x00, 0x0c, 0x00, 0x00, 0x00,
  0x08, 0x00, 0x00, 0x00, 0x14, 0x00, 0x00, 0x00, 0x01, 0x00, 0x00, 0x00,
  0xf1, 0xff, 0xff, 0xff, 0xff, 0xff, 0xff, 0xff, 0x00, 0x00, 0x00, 0x00,
  0x01, 0x00, 0x00, 0x00, 0x9e, 0x8d, 0xf5, 0x3f, 0x17, 0x00, 0x00, 0x00,
  0x73, 0x65, 0x72, 0x76, 0x69, 0x6e, 0x67, 0x5f, 0x64, 0x65, 0x66, 0x61,
  0x75, 0x6c, 0x74, 0x5f, 0x69, 0x6e, 0x70, 0x75, 0x74, 0x3a, 0x30, 0x00,
  0x04, 0x00, 0x00, 0x00, 0x01, 0x00, 0x00, 0x00, 0x05, 0x00, 0x00, 0x00,
  0x01, 0x00, 0x00, 0x00, 0x09, 0x00, 0x00, 0x00, 0x06, 0x00, 0x00, 0x00,
  0x80, 0x00, 0x00, 0x00, 0x60, 0x00, 0x00, 0x00, 0x54, 0x00, 0x00, 0x00,
  0x38, 0x00, 0x00, 0x00, 0x18, 0x00, 0x00, 0x00, 0x04, 0x00, 0x00, 0x00,
  0xa4, 0xff, 0xff, 0xff, 0x19, 0x00, 0x00, 0x00, 0x02, 0x00, 0x00, 0x00,
  0x00, 0x00, 0x00, 0x19, 0xb4, 0xff, 0xff, 0xff, 0x09, 0x00, 0x00, 0x00,
  0x04, 0x00, 0x00, 0x00, 0x00, 0x00, 0x00, 0x09, 0x0c, 0x00, 0x0e, 0x00,
  0x0d, 0x00, 0x00, 0x00, 0x08, 0x00, 0x04, 0x00, 0x0c, 0x00, 0x00, 0x00,
  0x28, 0x00, 0x00, 0x00, 0x02, 0x00, 0x00, 0x00, 0x00, 0x28, 0x0a, 0x00,
  0x08, 0x00, 0x00, 0x00, 0x00, 0x00, 0x04, 0x00, 0x0a, 0x00, 0x00, 0x00,
  0x02, 0x00, 0x00, 0x00, 0xf0, 0xff, 0xff, 0xff, 0x12, 0x00, 0x00, 0x00,
  0x03, 0x00, 0x00, 0x00, 0x00, 0x00, 0x00, 0x12, 0x0c, 0x00, 0x10, 0x00,
  0x0f, 0x00, 0x00, 0x00, 0x08, 0x00, 0x04, 0x00, 0x0c, 0x00, 0x00, 0x00,
  0x03, 0x00, 0x00, 0x00, 0x03, 0x00, 0x00, 0x00, 0x00, 0x00, 0x00, 0x03
};
unsigned int tflite_models_torch_conv_6_5_ON_int8_tflite_len = 16512;
