unsigned char tflite_models_torch_conv_6_10_OFF_float16_tflite[] = {
  0x1c, 0x00, 0x00, 0x00, 0x54, 0x46, 0x4c, 0x33, 0x14, 0x00, 0x20, 0x00,
  0x1c, 0x00, 0x18, 0x00, 0x14, 0x00, 0x10, 0x00, 0x0c, 0x00, 0x00, 0x00,
  0x08, 0x00, 0x04, 0x00, 0x14, 0x00, 0x00, 0x00, 0x1c, 0x00, 0x00, 0x00,
  0x8c, 0x00, 0x00, 0x00, 0x14, 0x01, 0x00, 0x00, 0x98, 0x26, 0x00, 0x00,
  0xa8, 0x26, 0x00, 0x00, 0xc4, 0x3f, 0x00, 0x00, 0x03, 0x00, 0x00, 0x00,
  0x01, 0x00, 0x00, 0x00, 0x10, 0x00, 0x00, 0x00, 0x00, 0x00, 0x0a, 0x00,
  0x10, 0x00, 0x0c, 0x00, 0x08, 0x00, 0x04, 0x00, 0x0a, 0x00, 0x00, 0x00,
  0x0c, 0x00, 0x00, 0x00, 0x1c, 0x00, 0x00, 0x00, 0x38, 0x00, 0x00, 0x00,
  0x0f, 0x00, 0x00, 0x00, 0x73, 0x65, 0x72, 0x76, 0x69, 0x6e, 0x67, 0x5f,
  0x64, 0x65, 0x66, 0x61, 0x75, 0x6c, 0x74, 0x00, 0x01, 0x00, 0x00, 0x00,
  0x04, 0x00, 0x00, 0x00, 0x6c, 0xff, 0xff, 0xff, 0x27, 0x00, 0x00, 0x00,
  0x04, 0x00, 0x00, 0x00, 0x06, 0x00, 0x00, 0x00, 0x6f, 0x75, 0x74, 0x70,
  0x75, 0x74, 0x00, 0x00, 0x01, 0x00, 0x00, 0x00, 0x04, 0x00, 0x00, 0x00,
  0x0a, 0xd9, 0xff, 0xff, 0x04, 0x00, 0x00, 0x00, 0x05, 0x00, 0x00, 0x00,
  0x69, 0x6e, 0x70, 0x75, 0x74, 0x00, 0x00, 0x00, 0x03, 0x00, 0x00, 0x00,
  0x64, 0x00, 0x00, 0x00, 0x2c, 0x00, 0x00, 0x00, 0x04, 0x00, 0x00, 0x00,
  0xb0, 0xff, 0xff, 0xff, 0x2b, 0x00, 0x00, 0x00, 0x04, 0x00, 0x00, 0x00,
  0x13, 0x00, 0x00, 0x00, 0x43, 0x4f, 0x4e, 0x56, 0x45, 0x52, 0x53, 0x49,
  0x4f, 0x4e, 0x5f, 0x4d, 0x45, 0x54, 0x41, 0x44, 0x41, 0x54, 0x41, 0x00,
  0xd4, 0xff, 0xff, 0xff, 0x2a, 0x00, 0x00, 0x00, 0x04, 0x00, 0x00, 0x00,
  0x19, 0x00, 0x00, 0x00, 0x72, 0x65, 0x64, 0x75, 0x63, 0x65, 0x64, 0x5f,
  0x70, 0x72, 0x65, 0x63, 0x69, 0x73, 0x69, 0x6f, 0x6e, 0x5f, 0x73, 0x75,
  0x70, 0x70, 0x6f, 0x72, 0x74, 0x00, 0x00, 0x00, 0x08, 0x00, 0x0c, 0x00,
  0x08, 0x00, 0x04, 0x00, 0x08, 0x00, 0x00, 0x00, 0x29, 0x00, 0x00, 0x00,
  0x04, 0x00, 0x00, 0x00, 0x13, 0x00, 0x00, 0x00, 0x6d, 0x69, 0x6e, 0x5f,
  0x72, 0x75, 0x6e, 0x74, 0x69, 0x6d, 0x65, 0x5f, 0x76, 0x65, 0x72, 0x73,
  0x69, 0x6f, 0x6e, 0x00, 0x2c, 0x00, 0x00, 0x00, 0x80, 0x25, 0x00, 0x00,
  0x78, 0x25, 0x00, 0x00, 0x48, 0x25, 0x00, 0x00, 0xd8, 0x21, 0x00, 0x00,
  0xc0, 0x21, 0x00, 0x00, 0xd0, 0x20, 0x00, 0x00, 0xc0, 0x1a, 0x00, 0x00,
  0xb0, 0x14, 0x00, 0x00, 0xa0, 0x0e, 0x00, 0x00, 0x90, 0x08, 0x00, 0x00,
  0x80, 0x02, 0x00, 0x00, 0x60, 0x02, 0x00, 0x00, 0x30, 0x02, 0x00, 0x00,
  0x00, 0x02, 0x00, 0x00, 0xd0, 0x01, 0x00, 0x00, 0xa0, 0x01, 0x00, 0x00,
  0x70, 0x01, 0x00, 0x00, 0x68, 0x01, 0x00, 0x00, 0x60, 0x01, 0x00, 0x00,
  0x58, 0x01, 0x00, 0x00, 0x50, 0x01, 0x00, 0x00, 0x48, 0x01, 0x00, 0x00,
  0x40, 0x01, 0x00, 0x00, 0x38, 0x01, 0x00, 0x00, 0x30, 0x01, 0x00, 0x00,
  0x28, 0x01, 0x00, 0x00, 0x20, 0x01, 0x00, 0x00, 0x18, 0x01, 0x00, 0x00,
  0x10, 0x01, 0x00, 0x00, 0x08, 0x01, 0x00, 0x00, 0x00, 0x01, 0x00, 0x00,
  0xf8, 0x00, 0x00, 0x00, 0xf0, 0x00, 0x00, 0x00, 0xe8, 0x00, 0x00, 0x00,
  0xe0, 0x00, 0x00, 0x00, 0xd8, 0x00, 0x00, 0x00, 0xd0, 0x00, 0x00, 0x00,
  0xc8, 0x00, 0x00, 0x00, 0xc0, 0x00, 0x00, 0x00, 0xb8, 0x00, 0x00, 0x00,
  0xb0, 0x00, 0x00, 0x00, 0x90, 0x00, 0x00, 0x00, 0x74, 0x00, 0x00, 0x00,
  0x04, 0x00, 0x00, 0x00, 0x5e, 0xda, 0xff, 0xff, 0x04, 0x00, 0x00, 0x00,
  0x60, 0x00, 0x00, 0x00, 0x0c, 0x00, 0x00, 0x00, 0x08, 0x00, 0x0e, 0x00,
  0x08, 0x00, 0x04, 0x00, 0x08, 0x00, 0x00, 0x00, 0x10, 0x00, 0x00, 0x00,
  0x28, 0x00, 0x00, 0x00, 0x00, 0x00, 0x06, 0x00, 0x08, 0x00, 0x04, 0x00,
  0x06, 0x00, 0x00, 0x00, 0x04, 0x00, 0x00, 0x00, 0x01, 0x00, 0x00, 0x00,
  0xe9, 0x03, 0x00, 0x00, 0x0c, 0x00, 0x18, 0x00, 0x14, 0x00, 0x10, 0x00,
  0x0c, 0x00, 0x04, 0x00, 0x0c, 0x00, 0x00, 0x00, 0x46, 0xe4, 0x94, 0x41,
  0xdf, 0x7c, 0x20, 0x59, 0x01, 0x00, 0x00, 0x00, 0x02, 0x00, 0x00, 0x00,
  0x04, 0x00, 0x00, 0x00, 0x06, 0x00, 0x00, 0x00, 0x32, 0x2e, 0x32, 0x31,
  0x2e, 0x30, 0x00, 0x00, 0xca, 0xda, 0xff, 0xff, 0x04, 0x00, 0x00, 0x00,
  0x0b, 0x00, 0x00, 0x00, 0x66, 0x70, 0x31, 0x36, 0x61, 0x63, 0x63, 0x66,
  0x70, 0x33, 0x32, 0x00, 0xe2, 0xda, 0xff, 0xff, 0x04, 0x00, 0x00, 0x00,
  0x10, 0x00, 0x00, 0x00, 0x31, 0x2e, 0x31, 0x35, 0x2e, 0x30, 0x00, 0x00,
  0x00, 0x00, 0x00, 0x00, 0x00, 0x00, 0x00, 0x00, 0xd0, 0xc2, 0xff, 0xff,
  0xd4, 0xc2, 0xff, 0xff, 0xd8, 0xc2, 0xff, 0xff, 0xdc, 0xc2, 0xff, 0xff,
  0xe0, 0xc2, 0xff, 0xff, 0xe4, 0xc2, 0xff, 0xff, 0xe8, 0xc2, 0xff, 0xff,
  0xec, 0xc2, 0xff, 0xff, 0xf0, 0xc2, 0xff, 0xff, 0xf4, 0xc2, 0xff, 0xff,
  0xf8, 0xc2, 0xff, 0xff, 0xfc, 0xc2, 0xff, 0xff, 0x00, 0xc3, 0xff, 0xff,
  0x04, 0xc3, 0xff, 0xff, 0x08, 0xc3, 0xff, 0xff, 0x0c, 0xc3, 0xff, 0xff,
  0x10, 0xc3, 0xff, 0xff, 0x14, 0xc3, 0xff, 0xff, 0x18, 0xc3, 0xff, 0xff,
  0x1c, 0xc3, 0xff, 0xff, 0x20, 0xc3, 0xff, 0xff, 0x24, 0xc3, 0xff, 0xff,
  0x28, 0xc3, 0xff, 0xff, 0x2c, 0xc3, 0xff, 0xff, 0x5e, 0xdb, 0xff, 0xff,
  0x04, 0x00, 0x00, 0x00, 0x20, 0x00, 0x00, 0x00, 0x6f, 0xae, 0x45, 0x30,
  0x35, 0xb0, 0x44, 0x2d, 0x05, 0xae, 0xe0, 0x2c, 0x26, 0x2f, 0x96, 0xa6,
  0x27, 0xb1, 0xf3, 0xa6, 0xdb, 0xac, 0xf0, 0x31, 0xd0, 0x2f, 0xdd, 0xad,
  0x17, 0x30, 0xd8, 0xae, 0x8a, 0xdb, 0xff, 0xff, 0x04, 0x00, 0x00, 0x00,
  0x20, 0x00, 0x00, 0x00, 0xfe, 0x28, 0x25, 0x30, 0x1e, 0x2d, 0xee, 0x2d,
  0xb7, 0x2c, 0xd7, 0xaa, 0x32, 0x2f, 0xd7, 0xa5, 0x8d, 0x2f, 0xb2, 0x2e,
  0x61, 0x2d, 0x8b, 0xaa, 0x5e, 0xaa, 0x9c, 0x2b, 0x9b, 0xb0, 0x38, 0x30,
  0xb6, 0xdb, 0xff, 0xff, 0x04, 0x00, 0x00, 0x00, 0x20, 0x00, 0x00, 0x00,
  0xa9, 0x29, 0x83, 0x30, 0x9d, 0x2c, 0xbe, 0xaf, 0x24, 0x2d, 0x36, 0xa4,
  0x64, 0x2f, 0xe2, 0xaa, 0x20, 0xad, 0x3f, 0xb0, 0xf9, 0x2f, 0xec, 0xaa,
  0x22, 0x22, 0x36, 0xa8, 0xfa, 0x20, 0x8d, 0x2c, 0xe2, 0xdb, 0xff, 0xff,
  0x04, 0x00, 0x00, 0x00, 0x20, 0x00, 0x00, 0x00, 0x28, 0x2c, 0x0d, 0x31,
  0xd3, 0x30, 0x3a, 0x2c, 0x01, 0x30, 0x23, 0xac, 0xf5, 0xa3, 0x19, 0x2f,
  0xad, 0xac, 0xb1, 0xad, 0x40, 0x31, 0xca, 0x30, 0x91, 0x32, 0x18, 0x1a,
  0x1d, 0x28, 0xb9, 0xa4, 0x0e, 0xdc, 0xff, 0xff, 0x04, 0x00, 0x00, 0x00,
  0x20, 0x00, 0x00, 0x00, 0xab, 0xad, 0x1f, 0xa9, 0x7d, 0xac, 0x0b, 0x2c,
  0x43, 0x2f, 0x65, 0x31, 0x80, 0xae, 0xb9, 0x30, 0xf0, 0x30, 0x1d, 0x30,
  0x8e, 0x2f, 0x44, 0xb1, 0xeb, 0xaf, 0x48, 0x2e, 0x40, 0xaa, 0x95, 0x1b,
  0x3a, 0xdc, 0xff, 0xff, 0x04, 0x00, 0x00, 0x00, 0x0e, 0x00, 0x00, 0x00,
  0x5c, 0x2e, 0x1e, 0x33, 0xcf, 0xb2, 0xb7, 0x30, 0xfb, 0x25, 0x2b, 0x33,
  0x6b, 0x2e, 0x00, 0x00, 0x56, 0xdc, 0xff, 0xff, 0x04, 0x00, 0x00, 0x00,
  0x00, 0x06, 0x00, 0x00, 0x33, 0x2f, 0x6d, 0x2f, 0x9e, 0xa8, 0x4c, 0xa4,
  0x6b, 0xaa, 0xc3, 0x2f, 0xd9, 0x2d, 0xac, 0xac, 0x52, 0x30, 0x4a, 0x2e,
  0xb7, 0xac, 0x3b, 0x2e, 0xf7, 0x29, 0x82, 0xae, 0x88, 0xa1, 0x6a, 0xad,
  0x54, 0x27, 0x42, 0x2a, 0x24, 0xa9, 0xd8, 0xa8, 0x74, 0xa0, 0x00, 0x2b,
  0x47, 0xb0, 0x96, 0xb0, 0x04, 0x34, 0xec, 0x30, 0x26, 0xac, 0xcd, 0x24,
  0x4f, 0x2e, 0xd1, 0xaf, 0xd0, 0xa4, 0xe2, 0x31, 0x47, 0xa5, 0xe7, 0xa5,
  0x6e, 0x2d, 0x4b, 0x30, 0xa1, 0x29, 0x85, 0x2a, 0x30, 0x2c, 0x27, 0x31,
  0x2e, 0x35, 0x89, 0xae, 0x31, 0x30, 0xbb, 0x2a, 0xad, 0x30, 0xbc, 0xb1,
  0x6a, 0xad, 0xb9, 0xa8, 0x27, 0x28, 0x70, 0xad, 0x5c, 0xa5, 0x6a, 0xad,
  0xb9, 0xaf, 0xa4, 0xa3, 0xb2, 0x27, 0xf2, 0x24, 0xb6, 0xa9, 0xec, 0xa6,
  0xf2, 0x1d, 0x85, 0xa5, 0xef, 0xaf, 0xde, 0x1d, 0x31, 0x28, 0xd3, 0xad,
  0x8d, 0x2e, 0x7e, 0xa6, 0x19, 0x2d, 0x08, 0xaf, 0x97, 0xae, 0x09, 0xac,
  0xdb, 0xae, 0x4f, 0xa0, 0x17, 0xa9, 0x2c, 0xaf, 0xd3, 0x21, 0x3c, 0xae,
  0x15, 0x28, 0xcd, 0xb0, 0xff, 0xab, 0x38, 0x94, 0xb9, 0x9d, 0x3d, 0xaf,
  0xb3, 0xb0, 0x26, 0x2c, 0xb4, 0xac, 0x0f, 0x2e, 0x8d, 0x2f, 0xf1, 0x2d,
  0x9f, 0xa4, 0x52, 0x2c, 0x2b, 0xb0, 0x9b, 0x0f, 0x4c, 0x95, 0x46, 0xb0,
  0x93, 0xac, 0xf8, 0xa2, 0x43, 0x2c, 0xf8, 0x2c, 0x9e, 0x24, 0xae, 0xaf,
  0x1f, 0x2e, 0x90, 0xab, 0x22, 0xab, 0xd3, 0xa8, 0x04, 0xaf, 0x2a, 0xb0,
  0x55, 0x2e, 0xb3, 0xa9, 0x37, 0x2d, 0x35, 0xa9, 0x18, 0xb0, 0xc5, 0xae,
  0x2a, 0x27, 0x07, 0x28, 0x12, 0xa5, 0x85, 0x2c, 0xa4, 0xa2, 0x5b, 0xac,
  0x09, 0xac, 0xc5, 0x2e, 0x40, 0xb0, 0x41, 0xa8, 0x83, 0x2e, 0x54, 0xa2,
  0x95, 0x9a, 0xc5, 0x2c, 0xe0, 0xa9, 0x82, 0xad, 0x1d, 0x2c, 0x06, 0x2d,
  0xbb, 0x25, 0x37, 0xaf, 0xe5, 0xa8, 0x81, 0xab, 0x51, 0x28, 0x81, 0x9a,
  0x48, 0x28, 0x6f, 0x2e, 0x4e, 0xaf, 0x7b, 0x26, 0xae, 0xa8, 0x96, 0x2d,
  0xdc, 0xa7, 0x90, 0x98, 0xd2, 0xad, 0x7f, 0xb0, 0xcb, 0xae, 0xd9, 0xad,
  0xe5, 0x2a, 0xca, 0xa7, 0x70, 0x97, 0x37, 0x2f, 0x97, 0x27, 0xd4, 0xb0,
  0x6a, 0x2b, 0x3c, 0x26, 0xed, 0x2f, 0xdf, 0xa4, 0xbb, 0xad, 0xa3, 0x20,
  0x20, 0x29, 0x1e, 0xa9, 0x31, 0xaa, 0x44, 0xae, 0x7c, 0x14, 0xab, 0xad,
  0xe7, 0x2c, 0x12, 0xae, 0xc4, 0x12, 0xed, 0xa2, 0x18, 0xac, 0xce, 0x2d,
  0x89, 0xa5, 0x4c, 0xb0, 0x86, 0xaa, 0x30, 0xa2, 0xaa, 0x2d, 0x8f, 0x1b,
  0xee, 0x28, 0x30, 0xae, 0x53, 0xa4, 0x68, 0x2d, 0x11, 0xa3, 0x0a, 0x30,
  0x1c, 0xae, 0xf6, 0x27, 0x78, 0xad, 0x00, 0xae, 0x51, 0x2a, 0x7d, 0x29,
  0xaa, 0x2c, 0xb0, 0xb0, 0x27, 0xaf, 0xb7, 0x30, 0xc9, 0xaa, 0x1b, 0x30,
  0x73, 0xa0, 0x40, 0xaf, 0xd3, 0xa2, 0xa1, 0x2e, 0x42, 0x34, 0xaa, 0x30,
  0xad, 0xab, 0x73, 0x2d, 0xbf, 0x20, 0x3f, 0xab, 0x2e, 0xaf, 0x34, 0x30,
  0x6c, 0xae, 0x2b, 0x31, 0x55, 0x30, 0x45, 0xaa, 0x57, 0x31, 0x63, 0xa6,
  0x0c, 0x31, 0x2b, 0x2b, 0x73, 0x2e, 0xa1, 0xa9, 0xa4, 0x30, 0x28, 0x23,
  0x74, 0x28, 0x36, 0xae, 0xf3, 0xa9, 0x61, 0x31, 0x14, 0xad, 0x79, 0x2d,
  0x4e, 0xaa, 0xfe, 0x30, 0x94, 0xa9, 0xe3, 0x30, 0x37, 0x2d, 0xad, 0xac,
  0x07, 0x27, 0xd6, 0x1e, 0x33, 0x2c, 0xbc, 0x24, 0x04, 0x2e, 0x11, 0x32,
  0xed, 0x29, 0xb8, 0x29, 0x34, 0xab, 0x76, 0xae, 0xc8, 0x29, 0x10, 0xb0,
  0xd7, 0xb0, 0x3f, 0xa9, 0xd6, 0xa8, 0x6b, 0xb0, 0x97, 0x25, 0xce, 0x2d,
  0xe2, 0x2f, 0x14, 0x2b, 0x97, 0xa3, 0xe2, 0xa8, 0x23, 0xb0, 0x16, 0xad,
  0x2e, 0x2b, 0x21, 0xa6, 0x31, 0xb0, 0xab, 0xa8, 0x1b, 0xb0, 0xa9, 0x27,
  0x55, 0xad, 0x28, 0x98, 0xe2, 0xa7, 0x1a, 0x2c, 0x40, 0xa8, 0x70, 0x2d,
  0x51, 0xa9, 0xf5, 0xb0, 0x98, 0xaa, 0x7c, 0xad, 0x92, 0xb0, 0xd5, 0xb0,
  0xd4, 0x2a, 0x10, 0xa3, 0x39, 0x20, 0x59, 0xab, 0x2a, 0xac, 0x8e, 0x2c,
  0x09, 0x2c, 0x4a, 0x2a, 0xb0, 0x2b, 0x9b, 0xb0, 0xaf, 0x2b, 0xfa, 0xaf,
  0x5a, 0xae, 0xd0, 0x24, 0x60, 0x19, 0xeb, 0x2f, 0x6f, 0x2d, 0xee, 0x2d,
  0xcb, 0x2c, 0x9b, 0xa6, 0x36, 0xa3, 0xaf, 0xad, 0xd5, 0x31, 0xf1, 0xaf,
  0x83, 0xb0, 0x57, 0x2f, 0x3a, 0x26, 0xa7, 0xac, 0xa4, 0xb1, 0x85, 0x2f,
  0x0d, 0xaf, 0x7c, 0x2c, 0x61, 0xaf, 0x23, 0x2c, 0xe2, 0x2e, 0x80, 0x29,
  0x4b, 0x28, 0x8d, 0xa9, 0x1c, 0x8f, 0x57, 0xaf, 0x3f, 0xa4, 0x45, 0x30,
  0x40, 0x9f, 0xc7, 0x30, 0x1c, 0xaf, 0xa0, 0xab, 0xa1, 0x2c, 0xea, 0xaf,
  0xab, 0xa8, 0x35, 0x2c, 0x82, 0x30, 0x26, 0xb0, 0x18, 0x2f, 0xcb, 0xa6,
  0x47, 0x31, 0xe3, 0xaa, 0xa3, 0xac, 0x8a, 0x28, 0xfa, 0x28, 0xb1, 0x30,
  0x2d, 0xa4, 0xf3, 0xab, 0x19, 0xac, 0x70, 0xaf, 0x3e, 0xb0, 0xff, 0xac,
  0xbb, 0x2f, 0x91, 0x8e, 0x17, 0xa9, 0x31, 0xac, 0x4b, 0x2e, 0x58, 0xae,
  0x2c, 0x2b, 0x86, 0x2d, 0x1a, 0xaf, 0xb5, 0xa9, 0x2c, 0xa6, 0x69, 0xae,
  0x7e, 0xa3, 0x10, 0x2e, 0x19, 0x29, 0x95, 0x1b, 0xe0, 0x30, 0xc2, 0x2f,
  0xc3, 0xab, 0x0c, 0xab, 0x7b, 0xac, 0xa0, 0x28, 0x57, 0xa6, 0x95, 0xa6,
  0xcc, 0xa6, 0x2c, 0xa8, 0xeb, 0x29, 0x70, 0xa8, 0xbf, 0x2f, 0x92, 0x2c,
  0x8e, 0xaf, 0xea, 0x2d, 0xe9, 0x2e, 0x54, 0xa8, 0xd9, 0x1f, 0x7e, 0xa8,
  0xef, 0x28, 0xbc, 0xac, 0x9a, 0xa6, 0x5e, 0x2e, 0x71, 0xb0, 0x07, 0x34,
  0xee, 0x2f, 0x42, 0x2c, 0x7b, 0x28, 0xb2, 0xab, 0x39, 0x26, 0x32, 0x16,
  0x8e, 0xa7, 0x7e, 0x2a, 0x19, 0xa9, 0x3d, 0x2c, 0x59, 0xac, 0xa2, 0x29,
  0x0a, 0xb1, 0xb9, 0x2f, 0xf6, 0x2c, 0x98, 0xb0, 0xa9, 0xad, 0xe5, 0xb1,
  0x6a, 0xad, 0x7e, 0xaf, 0xbf, 0xa7, 0x8a, 0x2d, 0x6b, 0x2f, 0x48, 0x2b,
  0x08, 0x29, 0x8f, 0x22, 0x6e, 0x29, 0xcd, 0xa8, 0xe1, 0xa4, 0x8d, 0xad,
  0x4d, 0xa8, 0xce, 0x2a, 0xf5, 0xa7, 0x33, 0x2c, 0xc9, 0xa8, 0x18, 0xb0,
  0x72, 0xac, 0xdc, 0x2a, 0xe0, 0x2d, 0x27, 0x2d, 0xe9, 0xb0, 0xee, 0x29,
  0x16, 0xa2, 0xe5, 0x9f, 0x97, 0x1b, 0x31, 0xb0, 0x61, 0xae, 0x55, 0xa1,
  0x77, 0xb0, 0x61, 0xb0, 0xd4, 0xaf, 0x8b, 0xb0, 0x59, 0x2c, 0x4f, 0xaa,
  0xd0, 0x2b, 0x08, 0x2c, 0x1d, 0x2a, 0xe1, 0xac, 0x7d, 0x23, 0x42, 0xab,
  0xd0, 0x2b, 0x28, 0x2d, 0x43, 0xb0, 0x06, 0x2e, 0xe8, 0xac, 0x49, 0xac,
  0xde, 0x2e, 0x33, 0xae, 0xf0, 0xac, 0x9d, 0xaf, 0x6d, 0xab, 0x3f, 0xa8,
  0x3e, 0x24, 0x61, 0x30, 0x94, 0xb1, 0x82, 0xad, 0x10, 0x2c, 0xfc, 0x2d,
  0xc0, 0x22, 0x71, 0x26, 0xff, 0xa8, 0x98, 0xaa, 0x1e, 0xb0, 0x96, 0xa1,
  0xb8, 0x20, 0xee, 0xae, 0x1c, 0xaa, 0xb4, 0xae, 0x7d, 0x2e, 0x9a, 0x29,
  0x2e, 0x2f, 0xe7, 0x2c, 0x4f, 0xae, 0xb4, 0x28, 0x97, 0x2c, 0x35, 0xa9,
  0xf0, 0xaa, 0x87, 0xa5, 0x79, 0x2a, 0xec, 0x2c, 0xbe, 0x2e, 0xd6, 0x2c,
  0x9c, 0x2a, 0x9d, 0x30, 0x4d, 0x9d, 0x0e, 0xae, 0x1e, 0x33, 0x3a, 0xae,
  0xe9, 0xaa, 0x5c, 0xa8, 0x02, 0xb0, 0xfe, 0x15, 0x61, 0x28, 0x7f, 0x2f,
  0x22, 0xac, 0xc5, 0xad, 0xa0, 0x2f, 0x11, 0x2d, 0x0e, 0x2e, 0xc5, 0x29,
  0xbf, 0xa8, 0xb9, 0xad, 0x64, 0x30, 0x03, 0xa8, 0xfb, 0x9f, 0xf3, 0x30,
  0x4e, 0x2d, 0x0e, 0x27, 0x7e, 0xa5, 0x7c, 0x30, 0xea, 0x2a, 0xaa, 0x2e,
  0x1c, 0x31, 0xa3, 0xaa, 0x24, 0xa6, 0x0e, 0x16, 0xf5, 0xb0, 0xdb, 0x28,
  0x43, 0x20, 0xba, 0x2f, 0x1d, 0x2a, 0x86, 0xae, 0x4a, 0xaf, 0x34, 0xb0,
  0xc2, 0xaf, 0x5d, 0xae, 0x3b, 0x30, 0x6f, 0xa4, 0x57, 0xb0, 0x01, 0xac,
  0x35, 0xa9, 0xc3, 0x29, 0x3f, 0x29, 0xe1, 0x27, 0x07, 0x28, 0xd9, 0xad,
  0xa3, 0xa8, 0x5c, 0x25, 0x66, 0xa6, 0xec, 0x1b, 0xa8, 0xb1, 0x0d, 0xb0,
  0x32, 0xb0, 0x30, 0x2d, 0x41, 0x2c, 0xde, 0x2d, 0xf4, 0x2d, 0x72, 0x24,
  0xf0, 0x29, 0x5a, 0x30, 0xea, 0x2b, 0x0a, 0xae, 0x0c, 0xa4, 0x8a, 0xad,
  0x20, 0xab, 0x74, 0xa8, 0x47, 0x13, 0xdd, 0x2b, 0x89, 0xab, 0x20, 0xaf,
  0x61, 0x30, 0x13, 0xae, 0x54, 0x31, 0xdc, 0xa0, 0xd1, 0x30, 0x76, 0x96,
  0x4f, 0x31, 0xc7, 0xaf, 0x9f, 0xaf, 0x50, 0x30, 0xb3, 0xb0, 0x77, 0x2f,
  0xf1, 0xac, 0xf4, 0x2c, 0x33, 0xaf, 0x9d, 0xa9, 0x47, 0xb0, 0xc3, 0x2d,
  0xb0, 0xac, 0xa1, 0x2e, 0x71, 0x30, 0xed, 0x30, 0x74, 0x2d, 0xe9, 0xac,
  0xd4, 0x25, 0xca, 0xa1, 0x44, 0xa2, 0x5e, 0xa5, 0xd3, 0xab, 0x7f, 0x2c,
  0xec, 0xa0, 0xba, 0x26, 0x79, 0x2c, 0x86, 0x0f, 0x32, 0xb0, 0xa6, 0xa4,
  0x4a, 0x25, 0x38, 0x2e, 0x13, 0x29, 0x73, 0xa8, 0xd4, 0xad, 0xe6, 0xa9,
  0xc8, 0x2d, 0x4a, 0x28, 0x84, 0xa2, 0xb4, 0xa1, 0x9a, 0xaf, 0xa8, 0x2d,
  0xca, 0x2e, 0x38, 0xac, 0x36, 0x2c, 0x38, 0xad, 0x52, 0x2e, 0x17, 0xac,
  0xf5, 0xa3, 0x30, 0xa6, 0x06, 0xac, 0x71, 0x24, 0x68, 0xab, 0xaf, 0xa8,
  0x6b, 0xb1, 0x7b, 0x2d, 0x6a, 0x2e, 0xa3, 0xa7, 0xda, 0xa0, 0xac, 0xaf,
  0x2e, 0xa8, 0x9b, 0x2d, 0x12, 0xad, 0x56, 0x30, 0x64, 0x2b, 0x9d, 0xac,
  0x3d, 0xb0, 0xa5, 0x2c, 0xaa, 0xad, 0x4a, 0xae, 0xb5, 0x2d, 0x1d, 0xad,
  0x1b, 0xa6, 0x17, 0xaf, 0x82, 0xb0, 0x77, 0xa9, 0xf0, 0xad, 0x0d, 0xaa,
  0x2f, 0x1e, 0x3b, 0x29, 0x8d, 0xaf, 0x07, 0x30, 0x4b, 0xad, 0x30, 0x28,
  0x3e, 0xae, 0x56, 0xae, 0x1e, 0xa8, 0x1e, 0xad, 0x84, 0x30, 0x9d, 0xad,
  0x7d, 0x9a, 0x2d, 0x30, 0x11, 0x14, 0x73, 0xad, 0xa1, 0xad, 0x60, 0xaf,
  0xc6, 0x19, 0x2e, 0x98, 0x69, 0xb0, 0x4f, 0xae, 0x46, 0xa9, 0xde, 0x2e,
  0x71, 0x2c, 0x80, 0xb0, 0xf0, 0x26, 0xec, 0xb0, 0x63, 0xa1, 0x80, 0xac,
  0x7e, 0x2f, 0xf3, 0x22, 0x88, 0x2a, 0x90, 0x15, 0x8a, 0xae, 0x0f, 0xaf,
  0x7d, 0xac, 0x38, 0x2f, 0x99, 0x23, 0x01, 0xad, 0x57, 0x28, 0x36, 0x2b,
  0x99, 0x2e, 0x6b, 0x99, 0x9a, 0x28, 0xae, 0xb0, 0x14, 0xac, 0x28, 0xa4,
  0x50, 0x2b, 0x45, 0x30, 0x4b, 0x20, 0x6e, 0xaf, 0x79, 0xae, 0x15, 0x1c,
  0x49, 0xaf, 0x4e, 0xaf, 0x1a, 0x2a, 0xc9, 0x2b, 0xbf, 0x20, 0x29, 0xb0,
  0xa8, 0xae, 0x56, 0x2d, 0x9c, 0xb0, 0xd7, 0x20, 0x31, 0x2f, 0xcf, 0x2a,
  0x5a, 0xab, 0x92, 0x2e, 0x70, 0xaf, 0x61, 0xad, 0x6c, 0x2f, 0xea, 0x1e,
  0x38, 0xb0, 0x04, 0x2d, 0x57, 0xac, 0x48, 0x27, 0x75, 0x05, 0x00, 0x2f,
  0x4b, 0x9f, 0x63, 0xa0, 0x62, 0xab, 0xe6, 0xad, 0xa9, 0x2f, 0xe9, 0x30,
  0x3c, 0x2e, 0x94, 0xad, 0xb0, 0x2e, 0x09, 0xaa, 0x99, 0x26, 0xe1, 0x28,
  0x68, 0x31, 0xdb, 0x30, 0xbe, 0x29, 0x85, 0xae, 0x3e, 0xa3, 0xe7, 0xa8,
  0x0a, 0xac, 0xd9, 0xb0, 0xa6, 0xa8, 0x3e, 0x2a, 0x90, 0x31, 0x6b, 0x21,
  0xff, 0x2a, 0xab, 0xad, 0xec, 0x27, 0x45, 0xa8, 0x7d, 0x29, 0x68, 0x30,
  0xce, 0x25, 0x4e, 0xae, 0x39, 0x23, 0xf7, 0x2e, 0x03, 0x2c, 0x2a, 0x24,
  0xe3, 0xa4, 0xe7, 0x29, 0x2e, 0x9c, 0x31, 0x2e, 0x33, 0xa7, 0x58, 0x0f,
  0x5e, 0x2f, 0x2d, 0x29, 0x62, 0xe2, 0xff, 0xff, 0x04, 0x00, 0x00, 0x00,
  0x00, 0x06, 0x00, 0x00, 0xc7, 0xac, 0x06, 0x31, 0xf0, 0x2e, 0xa1, 0x2b,
  0xd3, 0xac, 0x59, 0x2f, 0xe6, 0xac, 0x39, 0xaf, 0x4a, 0x2f, 0x70, 0x22,
  0xa6, 0x30, 0xf3, 0x23, 0x2c, 0x2d, 0x66, 0xae, 0x6a, 0x29, 0xfc, 0x30,
  0x6e, 0xa7, 0x00, 0x22, 0xd4, 0x31, 0x0b, 0x2d, 0xad, 0xa4, 0xb1, 0xaf,
  0xbc, 0x24, 0xb7, 0xa3, 0x8d, 0x2a, 0xd2, 0x2d, 0x84, 0xaa, 0x10, 0xac,
  0xb3, 0x30, 0x55, 0x2b, 0x12, 0x2c, 0x4d, 0x2d, 0x27, 0x2d, 0xe4, 0x21,
  0xc0, 0x2e, 0x32, 0x29, 0x06, 0xb2, 0xbc, 0x29, 0x66, 0x30, 0x59, 0xa9,
  0xe2, 0x30, 0xee, 0xa1, 0x2d, 0x2b, 0x1a, 0xab, 0x7f, 0xad, 0x43, 0x2b,
  0x83, 0xa9, 0xb5, 0x2f, 0xc2, 0xae, 0xdb, 0x30, 0x84, 0x25, 0x17, 0x23,
  0x08, 0xaf, 0x61, 0x25, 0x1b, 0x2d, 0xaf, 0x2d, 0x9a, 0x2b, 0xde, 0x2d,
  0xd4, 0xae, 0xd9, 0xad, 0x99, 0x2d, 0x9b, 0xa4, 0x59, 0xad, 0x15, 0x2b,
  0x10, 0xa7, 0x9b, 0xa8, 0x8e, 0x31, 0xf9, 0x30, 0x9f, 0xad, 0xc4, 0x2b,
  0x6f, 0xa4, 0x42, 0x1e, 0xc0, 0x31, 0x5b, 0xa9, 0x7e, 0x30, 0xf9, 0xa7,
  0x14, 0xad, 0x57, 0xad, 0x91, 0xaa, 0x81, 0x24, 0x32, 0xac, 0xf3, 0x28,
  0x08, 0x18, 0xb8, 0x1c, 0x4d, 0xaf, 0xb1, 0x1c, 0xa7, 0x2e, 0x56, 0xa8,
  0x6e, 0x30, 0xd3, 0x29, 0x6c, 0x30, 0x9c, 0x30, 0x7b, 0x31, 0xc7, 0x28,
  0xa5, 0x2e, 0x68, 0x26, 0x0a, 0xb0, 0x2a, 0x30, 0x4b, 0x2e, 0xbd, 0x2b,
  0x94, 0xb0, 0x63, 0xae, 0x3a, 0x23, 0xf7, 0x2e, 0x60, 0x2a, 0x94, 0x2f,
  0x30, 0xa9, 0x40, 0x2e, 0x5b, 0xa1, 0x47, 0x28, 0x1a, 0x10, 0x72, 0x31,
  0x66, 0xaf, 0x35, 0x29, 0x5e, 0xaa, 0xdf, 0x2e, 0x17, 0xa4, 0x08, 0x2f,
  0xe6, 0x2f, 0x37, 0x30, 0x74, 0x2e, 0x7a, 0x30, 0x25, 0x30, 0x8b, 0x2b,
  0x1f, 0xac, 0x4e, 0xaa, 0x17, 0xab, 0x80, 0xa9, 0xb7, 0x2d, 0x3a, 0x2f,
  0xb6, 0xa7, 0x09, 0x2d, 0x62, 0xb0, 0xed, 0x2c, 0x12, 0x2d, 0x1b, 0xab,
  0x16, 0x2c, 0x41, 0x2d, 0xb2, 0x30, 0xfe, 0xa9, 0x1e, 0xae, 0x4d, 0x26,
  0x4a, 0x2d, 0x7e, 0x31, 0x5f, 0x2f, 0x54, 0xb0, 0x23, 0xb3, 0x8c, 0x2f,
  0x7e, 0x2a, 0xb3, 0xab, 0x25, 0x18, 0x7e, 0xa5, 0xa2, 0x2e, 0xc1, 0x2d,
  0x36, 0x2b, 0x24, 0xab, 0x76, 0xac, 0x16, 0x1a, 0x4a, 0xb0, 0x82, 0x2c,
  0xc2, 0xb0, 0x2d, 0x30, 0x0d, 0x8d, 0x24, 0x20, 0x24, 0x2d, 0x3f, 0x29,
  0xdc, 0x2d, 0x2e, 0x2c, 0x49, 0x30, 0x06, 0xac, 0xde, 0x31, 0x1d, 0xaf,
  0x7e, 0xa5, 0xa4, 0xad, 0xe7, 0xa6, 0x46, 0x2b, 0xe1, 0x12, 0xf2, 0xa6,
  0xfb, 0xb1, 0xdc, 0x27, 0x68, 0x30, 0xd3, 0xac, 0x4b, 0x2b, 0xb7, 0xa6,
  0xdc, 0x9f, 0xf0, 0x30, 0x0b, 0x32, 0x57, 0x28, 0xed, 0x28, 0x96, 0xaf,
  0x3d, 0xa8, 0x80, 0x26, 0xab, 0xa5, 0xf5, 0x30, 0x67, 0xb3, 0x1d, 0x91,
  0x1d, 0x32, 0xf6, 0xae, 0x77, 0x2b, 0xd1, 0x20, 0xb9, 0xa8, 0xeb, 0xa4,
  0xf5, 0xa3, 0x46, 0x28, 0x4c, 0xad, 0x85, 0xaa, 0x08, 0xac, 0x64, 0x30,
  0x85, 0x27, 0xc6, 0x2e, 0x1f, 0xb2, 0x91, 0xab, 0x80, 0xab, 0xfb, 0x2c,
  0xf0, 0xa9, 0x8b, 0x30, 0xb3, 0xac, 0x8f, 0x8a, 0x6e, 0x31, 0x05, 0x2e,
  0x10, 0xaf, 0xfa, 0x2d, 0x6b, 0x25, 0x80, 0xa3, 0xaa, 0xb0, 0x5f, 0x18,
  0x02, 0xae, 0x04, 0x2e, 0xe5, 0x31, 0xee, 0xad, 0xee, 0x2a, 0x0e, 0xa8,
  0x84, 0x32, 0x06, 0xa5, 0x03, 0x30, 0x1b, 0x2f, 0x08, 0x28, 0x30, 0x29,
  0x0d, 0x30, 0x0e, 0xa9, 0x5b, 0x2d, 0xf9, 0x30, 0x7d, 0x2c, 0x83, 0x2d,
  0x22, 0xb2, 0x8b, 0xb0, 0x51, 0x31, 0x3a, 0x2e, 0x77, 0x28, 0xa1, 0x2c,
  0x29, 0x2e, 0x45, 0x31, 0xf6, 0xaa, 0xd1, 0xa8, 0xf2, 0x2f, 0x06, 0xac,
  0x6c, 0x30, 0xa9, 0xac, 0xde, 0x2c, 0x4b, 0xa8, 0xb2, 0xa3, 0x01, 0xae,
  0xb3, 0x32, 0xb4, 0x2a, 0x48, 0x30, 0xfd, 0x30, 0x51, 0x29, 0xf3, 0x2a,
  0xc8, 0x30, 0x08, 0xaf, 0x48, 0x97, 0x94, 0x28, 0x5a, 0x9b, 0x05, 0x2f,
  0x65, 0x31, 0x2a, 0x2d, 0x2a, 0x1d, 0x4b, 0xaf, 0x1e, 0x25, 0x92, 0xab,
  0x04, 0x2b, 0x85, 0xa8, 0x98, 0x2e, 0x42, 0x9e, 0xed, 0xad, 0xb2, 0x2a,
  0xf8, 0x2d, 0xb6, 0xa6, 0xb5, 0x2a, 0x39, 0xad, 0x40, 0x2c, 0x7e, 0xae,
  0xf0, 0x30, 0x40, 0x30, 0xfb, 0x29, 0xba, 0x2d, 0x04, 0x2f, 0xdb, 0xa9,
  0xd5, 0x29, 0x4c, 0xb0, 0x6d, 0x2c, 0x4c, 0xaa, 0x13, 0x27, 0xb2, 0x20,
  0xfa, 0x24, 0x2f, 0xa8, 0x2f, 0x2a, 0xdf, 0x9d, 0x27, 0x2f, 0xc2, 0x2e,
  0xb9, 0x2c, 0x75, 0x2d, 0x0d, 0xb0, 0x45, 0xa8, 0x52, 0xae, 0x75, 0xae,
  0x4c, 0xaf, 0x55, 0xad, 0x21, 0x29, 0x8f, 0xaf, 0xdc, 0x2e, 0xcb, 0xae,
  0x37, 0x22, 0x25, 0x2c, 0x0c, 0x31, 0x1f, 0xb0, 0xa0, 0x2b, 0x0f, 0xaa,
  0x7b, 0x2e, 0x95, 0xad, 0x14, 0xac, 0x33, 0x2b, 0x95, 0x26, 0x72, 0xaf,
  0x7c, 0xaf, 0x53, 0x2e, 0x25, 0xaa, 0x80, 0x30, 0x28, 0x2a, 0x53, 0x2b,
  0x7a, 0x2e, 0xb7, 0x2d, 0xa7, 0x2c, 0x0b, 0x29, 0x84, 0x2a, 0x2b, 0x29,
  0x9c, 0x2c, 0x30, 0x31, 0x95, 0xae, 0xb4, 0x2e, 0x33, 0x26, 0x7c, 0x28,
  0xd3, 0x2c, 0x56, 0xaf, 0x6f, 0xa7, 0x6c, 0xae, 0xb7, 0xa7, 0x4a, 0x22,
  0x38, 0xae, 0xa4, 0x2d, 0x92, 0x2f, 0x8c, 0xad, 0x9d, 0xa2, 0xa6, 0x2e,
  0x2e, 0xa9, 0x45, 0xac, 0x5c, 0x2f, 0x73, 0x22, 0xcc, 0xab, 0xea, 0xad,
  0x25, 0xb0, 0x18, 0xb0, 0x04, 0x2f, 0xed, 0xaf, 0x0a, 0x2d, 0x75, 0x29,
  0x3c, 0x2f, 0x81, 0xb0, 0xdb, 0xb0, 0x8d, 0xb0, 0xe8, 0xac, 0xc1, 0x2f,
  0x8d, 0xb0, 0xee, 0xaa, 0x50, 0x27, 0xc1, 0x2f, 0x17, 0xb4, 0x5e, 0x30,
  0x28, 0x30, 0x9e, 0xa7, 0x8b, 0x33, 0x2f, 0x2f, 0x8c, 0x30, 0x3a, 0x23,
  0xf6, 0x2c, 0x17, 0xa6, 0xc9, 0x2d, 0x84, 0xb0, 0x02, 0x2a, 0x90, 0x2d,
  0x37, 0xa4, 0x81, 0x32, 0x19, 0xb4, 0x50, 0x34, 0x88, 0x34, 0xb9, 0xa8,
  0xfe, 0x2f, 0x59, 0x1c, 0x02, 0x31, 0xe4, 0x30, 0x55, 0x2d, 0x53, 0x32,
  0x3f, 0x2c, 0x4e, 0xaf, 0x68, 0x31, 0xc4, 0x2e, 0x95, 0x28, 0x23, 0x19,
  0x2a, 0xb4, 0x65, 0x31, 0xae, 0x32, 0x4f, 0x26, 0x6e, 0x2d, 0xb4, 0x30,
  0x17, 0x33, 0xba, 0x25, 0x71, 0x34, 0x74, 0x31, 0x64, 0x0b, 0xe5, 0x13,
  0xbf, 0x31, 0x31, 0x31, 0x1d, 0xae, 0xcc, 0x2b, 0x5e, 0x30, 0xd0, 0x31,
  0x67, 0xaf, 0xb2, 0x1e, 0x73, 0x2a, 0x84, 0x30, 0x69, 0xac, 0x38, 0x2a,
  0xb8, 0x1b, 0xbf, 0x31, 0xa0, 0x30, 0xa1, 0x25, 0xa5, 0x28, 0x32, 0x30,
  0x89, 0x27, 0x4b, 0x94, 0xef, 0xa1, 0xde, 0xab, 0x37, 0xa8, 0xdd, 0x2f,
  0xe2, 0x2e, 0x7d, 0xaf, 0xcc, 0xad, 0xa0, 0x2d, 0xd1, 0x22, 0xa5, 0x2e,
  0xee, 0x2f, 0x2f, 0x2c, 0x62, 0xac, 0x8d, 0xac, 0x3c, 0x21, 0x77, 0x2f,
  0x3d, 0x33, 0xc1, 0x30, 0x6a, 0xb2, 0x06, 0x2f, 0xc1, 0x2a, 0x6d, 0x2a,
  0xd2, 0x2d, 0xd6, 0x30, 0xc9, 0x2e, 0xf2, 0x2e, 0xa9, 0x25, 0x89, 0xac,
  0x1b, 0xa2, 0x25, 0x24, 0xb9, 0x2a, 0xb5, 0x2a, 0x5d, 0x2e, 0xfd, 0x2d,
  0x8f, 0xac, 0xdf, 0x30, 0x12, 0x2c, 0xa3, 0xa9, 0x48, 0x30, 0x4a, 0x31,
  0x68, 0x1f, 0xdb, 0xab, 0x97, 0xa5, 0xe1, 0xad, 0xda, 0x25, 0x38, 0xa8,
  0xae, 0x28, 0x2a, 0xa9, 0xdb, 0x2f, 0x04, 0xa1, 0x7a, 0xb2, 0x33, 0xb0,
  0x23, 0xae, 0xdf, 0x29, 0x34, 0x31, 0x14, 0xa9, 0x76, 0x2a, 0x66, 0x2c,
  0xbf, 0x2d, 0x34, 0x30, 0x1e, 0x30, 0x50, 0x31, 0x2e, 0x25, 0xf0, 0x29,
  0x19, 0x33, 0x7a, 0x2f, 0x28, 0xa9, 0xc4, 0xaa, 0x4d, 0x1b, 0xf6, 0x2d,
  0x81, 0xaa, 0xf9, 0x30, 0xf5, 0xac, 0x18, 0x32, 0x37, 0x2d, 0x83, 0x23,
  0x19, 0x2f, 0xfe, 0x22, 0x57, 0x2d, 0x61, 0x30, 0x20, 0x25, 0x43, 0x2f,
  0xc7, 0x31, 0x8a, 0x20, 0x4a, 0x31, 0x63, 0x9f, 0x6b, 0x2c, 0x29, 0x2a,
  0x11, 0x22, 0xe1, 0xaa, 0xd8, 0xb0, 0x8b, 0x30, 0xc8, 0xae, 0x73, 0x28,
  0x2f, 0xad, 0x69, 0xaf, 0x76, 0x26, 0x0d, 0x2d, 0x2b, 0x2d, 0xaa, 0xa0,
  0x36, 0x2a, 0xf6, 0x30, 0x84, 0x31, 0xc0, 0x21, 0xc5, 0xad, 0xeb, 0xa1,
  0x9d, 0x2e, 0x38, 0x29, 0xe4, 0x30, 0x89, 0x1c, 0xa0, 0xaf, 0x64, 0x2e,
  0x8f, 0xae, 0xec, 0x1a, 0xfa, 0xac, 0x5f, 0x30, 0xd5, 0xa5, 0x53, 0x30,
  0x7e, 0x2f, 0x95, 0x9d, 0x4b, 0x2e, 0x69, 0xb0, 0xc1, 0x24, 0x1e, 0x28,
  0x42, 0x29, 0x6b, 0x2f, 0xdf, 0x2e, 0x18, 0xac, 0x22, 0x31, 0x1d, 0x30,
  0xc6, 0xaf, 0x3b, 0x2e, 0xba, 0x1e, 0xa9, 0xae, 0x48, 0x2e, 0x58, 0xae,
  0xaf, 0x2b, 0x55, 0x31, 0x52, 0x31, 0x0a, 0x2e, 0x3e, 0xae, 0x20, 0x2e,
  0xee, 0xac, 0x54, 0x2c, 0xe0, 0x32, 0xff, 0xaa, 0x9f, 0x28, 0x91, 0xac,
  0xc3, 0x27, 0x7f, 0x30, 0xb8, 0x2c, 0x59, 0x2c, 0x0d, 0x29, 0xd8, 0x30,
  0x1b, 0x31, 0x40, 0xac, 0x2e, 0xa9, 0x85, 0xa9, 0x85, 0x2f, 0xbb, 0x29,
  0x83, 0x27, 0x31, 0x31, 0x15, 0xab, 0x46, 0x30, 0xc7, 0x30, 0xf9, 0x30,
  0x3b, 0xa9, 0xd3, 0x2f, 0x3e, 0x28, 0x5b, 0x29, 0xa4, 0x24, 0xdf, 0xac,
  0x4f, 0x2a, 0x85, 0x29, 0xa4, 0xa4, 0x1d, 0xad, 0xf8, 0xae, 0x7e, 0xab,
  0xa3, 0x31, 0x98, 0xa1, 0x02, 0xac, 0xaf, 0x2c, 0x6f, 0x2d, 0x36, 0xa5,
  0xa5, 0x2b, 0xdc, 0xa1, 0x02, 0xb1, 0x50, 0xac, 0x38, 0x2d, 0x20, 0x28,
  0x9b, 0x27, 0x09, 0x30, 0x5e, 0x2a, 0x32, 0x2b, 0x36, 0x2c, 0x3e, 0xb0,
  0x33, 0x2f, 0x0c, 0xac, 0x25, 0x29, 0x16, 0xaf, 0x8f, 0xa7, 0xbb, 0xa6,
  0xea, 0x2b, 0x0c, 0xb0, 0xaa, 0x27, 0x87, 0xac, 0xab, 0x2d, 0xd5, 0x30,
  0x7e, 0x28, 0xce, 0xac, 0x4a, 0x2d, 0x56, 0x26, 0xd4, 0xae, 0x07, 0x2e,
  0x46, 0xa4, 0xc6, 0xaf, 0x59, 0xac, 0x94, 0x16, 0xa9, 0x29, 0x58, 0xa3,
  0x0b, 0x2c, 0x25, 0xae, 0x34, 0xac, 0xdc, 0x2a, 0x44, 0x30, 0x99, 0xa3,
  0xe3, 0xb1, 0x90, 0xae, 0xd7, 0x2a, 0x60, 0x2b, 0x13, 0x2e, 0x03, 0x2f,
  0x62, 0x20, 0x5d, 0xa0, 0xa5, 0xaa, 0x68, 0x28, 0x26, 0x2a, 0xb6, 0x30,
  0x93, 0x2c, 0x70, 0x2d, 0x49, 0x26, 0xaf, 0x30, 0x6c, 0xab, 0xc2, 0xac,
  0x13, 0xae, 0xdd, 0x24, 0x56, 0xae, 0x14, 0xad, 0xb3, 0xae, 0x56, 0x2f,
  0x66, 0xad, 0x01, 0x2c, 0x8c, 0xa6, 0x9c, 0x31, 0x46, 0xac, 0xa3, 0xab,
  0x18, 0x25, 0xcf, 0x2f, 0xc0, 0xaf, 0x37, 0x2c, 0x24, 0x10, 0xd8, 0x1c,
  0x35, 0x32, 0x3b, 0x2e, 0xe7, 0xaa, 0x19, 0xaa, 0x17, 0xad, 0x0c, 0xb0,
  0x09, 0x31, 0x68, 0xa2, 0x6c, 0xb0, 0xe2, 0x91, 0xc7, 0x2c, 0x3c, 0x22,
  0x04, 0xa8, 0x54, 0xae, 0x15, 0x2f, 0x21, 0x2c, 0xbd, 0x2f, 0xc0, 0xaf,
  0x61, 0xad, 0xa9, 0xa9, 0xe8, 0xad, 0x7d, 0x2f, 0x6d, 0x2d, 0xdf, 0xa2,
  0xd1, 0x9f, 0xd0, 0x2e, 0xfb, 0x24, 0xe5, 0xab, 0x15, 0xac, 0x0f, 0xa6,
  0xe3, 0x31, 0x34, 0xa8, 0x5f, 0xad, 0x40, 0x2f, 0x07, 0x2e, 0xd2, 0xa8,
  0x4d, 0xab, 0x2c, 0xb0, 0x2b, 0xa4, 0xd3, 0xad, 0x3c, 0xaa, 0xe1, 0xac,
  0x0a, 0x29, 0x10, 0xa5, 0x00, 0x2e, 0xc3, 0xa8, 0x40, 0x32, 0x95, 0xad,
  0x78, 0x2b, 0x6b, 0x9e, 0x71, 0xaf, 0x80, 0x30, 0x53, 0x29, 0xc0, 0x30,
  0x54, 0x28, 0x86, 0x2f, 0x6e, 0xe8, 0xff, 0xff, 0x04, 0x00, 0x00, 0x00,
  0x00, 0x06, 0x00, 0x00, 0x9a, 0x30, 0x6a, 0xaf, 0xd7, 0x1f, 0x97, 0xaa,
  0x40, 0x18, 0xcc, 0xb0, 0x7e, 0x90, 0x8b, 0x28, 0xa2, 0xa6, 0xca, 0xad,
  0x21, 0xae, 0xf0, 0x2d, 0xf8, 0xb0, 0xc9, 0xb0, 0xa6, 0xa6, 0xdd, 0xad,
  0xb0, 0xb0, 0xa0, 0xaa, 0xde, 0x2d, 0xfd, 0xa9, 0x54, 0x2f, 0xe1, 0x2f,
  0xc2, 0x28, 0xdc, 0x2d, 0xd5, 0x1e, 0x50, 0x2b, 0xf2, 0xa4, 0xed, 0xab,
  0x19, 0xac, 0xc4, 0xab, 0x86, 0xac, 0xbf, 0xac, 0x66, 0x30, 0xe1, 0x19,
  0x84, 0x29, 0xfe, 0x22, 0x83, 0xa6, 0x12, 0xac, 0xb8, 0xae, 0x99, 0x1e,
  0xa0, 0x2c, 0xd5, 0xa1, 0xc4, 0xaa, 0x2e, 0x2d, 0xfd, 0x95, 0xa2, 0x28,
  0x43, 0x2c, 0x0a, 0xae, 0xbb, 0xaa, 0x9c, 0xa6, 0xf6, 0x2e, 0x22, 0xa4,
  0xaf, 0x2c, 0xab, 0x30, 0x12, 0xae, 0xad, 0xa9, 0x8b, 0xaf, 0x55, 0x2e,
  0x77, 0xac, 0x86, 0x30, 0x29, 0x28, 0xd2, 0x28, 0xc8, 0x29, 0x85, 0x24,
  0x08, 0xaf, 0xa4, 0xaa, 0xb9, 0x2f, 0xe5, 0x2e, 0x86, 0x20, 0x91, 0xb0,
  0x9e, 0x2c, 0xe0, 0xad, 0x25, 0x2b, 0x85, 0xa9, 0xba, 0x27, 0xc6, 0x30,
  0x87, 0xb0, 0xac, 0x30, 0x7e, 0x2f, 0x92, 0x2c, 0x35, 0xb0, 0x65, 0xa9,
  0x1a, 0x30, 0xea, 0xa5, 0xbf, 0xa5, 0x32, 0x2a, 0x73, 0xaa, 0x2e, 0x2a,
  0x46, 0x2d, 0x02, 0x27, 0xcf, 0xae, 0xf4, 0x30, 0xc1, 0x2c, 0x1b, 0xaf,
  0x19, 0x2d, 0x99, 0x2e, 0x1b, 0xa4, 0xae, 0x30, 0x3b, 0xaf, 0x8c, 0x2f,
  0x2a, 0x2f, 0xee, 0xae, 0xa3, 0x2d, 0x85, 0x99, 0x3c, 0x22, 0x23, 0xae,
  0x8b, 0x2f, 0x05, 0x23, 0xee, 0x2c, 0x65, 0x9c, 0xf0, 0x2d, 0x0f, 0x34,
  0x43, 0xaf, 0xda, 0x98, 0x01, 0xac, 0x85, 0xa5, 0x64, 0x20, 0x08, 0xb1,
  0xda, 0x2d, 0x0e, 0xa6, 0xe5, 0x2d, 0x69, 0xac, 0xa8, 0x32, 0x0b, 0x2e,
  0x25, 0xae, 0xca, 0x30, 0x50, 0x2f, 0xd4, 0x33, 0x3f, 0xac, 0x0a, 0x21,
  0xd6, 0xab, 0xa4, 0xad, 0x60, 0x2d, 0x1a, 0xaf, 0xe2, 0xa6, 0x08, 0x30,
  0x6e, 0x2b, 0xa0, 0xad, 0xf3, 0x32, 0x8c, 0x25, 0xeb, 0x2f, 0xff, 0xae,
  0xfd, 0x2f, 0x16, 0x34, 0xb9, 0x2f, 0x04, 0xa9, 0xf9, 0x2f, 0xcc, 0xac,
  0x3e, 0xa9, 0x16, 0x9f, 0x09, 0xae, 0x9d, 0x2f, 0x41, 0x30, 0x30, 0x2c,
  0xe2, 0x31, 0x26, 0xa7, 0x01, 0x2f, 0x86, 0xac, 0x3c, 0x2c, 0xad, 0xa9,
  0xc7, 0xa8, 0xfd, 0x2e, 0x3a, 0xae, 0x66, 0x29, 0xeb, 0x2e, 0xaa, 0xab,
  0xff, 0x2c, 0xef, 0x30, 0x31, 0x31, 0x03, 0x2e, 0x68, 0x2e, 0xfb, 0xab,
  0x5c, 0x27, 0x27, 0xa7, 0x40, 0x31, 0x85, 0x30, 0x22, 0x2d, 0x2d, 0xae,
  0x72, 0xad, 0xf5, 0x24, 0x4c, 0x2c, 0x49, 0xa4, 0x35, 0xad, 0x62, 0xaf,
  0x0b, 0xaf, 0xe8, 0xa9, 0xa5, 0x2f, 0x30, 0x2f, 0x6f, 0xaa, 0xa2, 0x26,
  0x7b, 0x30, 0x7d, 0x2e, 0x9e, 0xb0, 0x0c, 0x2c, 0xd6, 0x2b, 0x53, 0x30,
  0xd2, 0xaf, 0x94, 0x2f, 0xbf, 0xad, 0x31, 0xa3, 0x54, 0x32, 0xba, 0x29,
  0xf1, 0x2a, 0xfb, 0xaf, 0x16, 0x30, 0xdc, 0x30, 0x08, 0x31, 0x31, 0xb0,
  0xdb, 0x29, 0x26, 0xaa, 0xb6, 0x31, 0xc5, 0xab, 0xca, 0xb0, 0x95, 0x29,
  0xca, 0xad, 0xe2, 0x21, 0x41, 0x30, 0x30, 0xa8, 0x28, 0x2b, 0xb6, 0xb0,
  0x12, 0x30, 0xaf, 0x2c, 0x07, 0xa4, 0x71, 0xb2, 0xc1, 0x29, 0x58, 0x2a,
  0x37, 0x22, 0xcf, 0x2b, 0xc3, 0xa2, 0xff, 0xab, 0xc3, 0xb0, 0x0e, 0xac,
  0x25, 0x2c, 0x2d, 0x31, 0x4f, 0xaa, 0x53, 0xb0, 0xa1, 0x30, 0x17, 0x26,
  0x37, 0x2e, 0x10, 0xb4, 0x99, 0xab, 0x05, 0xb1, 0x60, 0x2b, 0xa7, 0xb0,
  0x70, 0xaa, 0x5b, 0xac, 0xed, 0xac, 0x1e, 0x23, 0x54, 0x18, 0x15, 0xaf,
  0xdc, 0xa9, 0x53, 0xa1, 0x4f, 0x2f, 0xcf, 0x98, 0x93, 0x20, 0x98, 0xae,
  0xa9, 0x20, 0x6e, 0xb0, 0xae, 0x2d, 0x7c, 0xb0, 0x21, 0x30, 0xce, 0x2e,
  0x03, 0x28, 0xcf, 0xa8, 0xcd, 0xa5, 0x67, 0x24, 0xab, 0x2b, 0x38, 0xb0,
  0xf7, 0x9b, 0x12, 0xa6, 0x00, 0xa4, 0x27, 0xa7, 0x1b, 0xac, 0xbd, 0xaf,
  0xf2, 0x2b, 0x69, 0xae, 0x14, 0xa9, 0x03, 0xac, 0x91, 0xac, 0x15, 0x2d,
  0x06, 0xa8, 0xa5, 0xa9, 0xca, 0x29, 0x96, 0x2b, 0xb9, 0xad, 0xed, 0x2c,
  0x68, 0x29, 0xa7, 0xaf, 0x1c, 0x2b, 0x8b, 0x2d, 0xea, 0x2c, 0x00, 0x31,
  0x17, 0xa8, 0x4f, 0xad, 0xdd, 0xa9, 0x71, 0x21, 0xff, 0xaa, 0x9a, 0x2d,
  0x01, 0xa8, 0xf2, 0xae, 0x2f, 0xad, 0x26, 0x31, 0x5d, 0x33, 0xac, 0x2f,
  0xb5, 0xad, 0x01, 0x2e, 0x1a, 0x2d, 0x0d, 0xae, 0xf1, 0xa8, 0x10, 0xa1,
  0x94, 0xa1, 0xdd, 0xa8, 0x33, 0xa7, 0xa8, 0xac, 0xc5, 0xad, 0x4f, 0x25,
  0x81, 0x32, 0xaf, 0x1c, 0x6a, 0x2f, 0x03, 0xa8, 0x6f, 0x2f, 0xe6, 0x2d,
  0xf9, 0xac, 0x7a, 0x2e, 0xb1, 0x2f, 0x80, 0x30, 0xfc, 0xa8, 0x55, 0x2b,
  0x17, 0x28, 0x9e, 0x92, 0xe7, 0x9a, 0x19, 0x14, 0x80, 0x2a, 0xf2, 0x30,
  0x25, 0x33, 0x83, 0x23, 0x5c, 0x30, 0x27, 0x28, 0x6e, 0x2f, 0x56, 0xac,
  0x55, 0xb0, 0x62, 0xa7, 0x0c, 0x30, 0x0f, 0x2f, 0x4b, 0x22, 0x26, 0x31,
  0x08, 0x2d, 0x3b, 0x22, 0xfd, 0x2c, 0xae, 0xac, 0x81, 0x25, 0x0c, 0xa8,
  0x1b, 0x1a, 0x01, 0x2a, 0x5c, 0xaa, 0x40, 0x2a, 0xbd, 0xb0, 0x0d, 0xaa,
  0xd2, 0x2b, 0x46, 0xa6, 0xf2, 0x30, 0x3f, 0x28, 0x71, 0x27, 0x16, 0x28,
  0x4a, 0x31, 0x3c, 0x2b, 0xdc, 0xa0, 0x6f, 0x2e, 0x06, 0x2c, 0xbc, 0x26,
  0xce, 0x30, 0x82, 0xae, 0x25, 0x9b, 0x0f, 0xac, 0x9f, 0x2d, 0x07, 0x30,
  0xb4, 0xac, 0x2e, 0xad, 0x2f, 0xac, 0xee, 0x9a, 0x1b, 0x30, 0x2f, 0x28,
  0xcb, 0x32, 0x94, 0x24, 0xf2, 0x27, 0x48, 0x1f, 0x1a, 0xab, 0xad, 0xad,
  0xe9, 0x23, 0x4d, 0x31, 0x7f, 0x2f, 0xcd, 0xae, 0xad, 0x28, 0xdc, 0x28,
  0x2f, 0x2f, 0xc8, 0xae, 0x73, 0x2a, 0x48, 0x2d, 0x35, 0xa8, 0x70, 0x27,
  0xa8, 0x12, 0xfe, 0xa6, 0x7b, 0x2d, 0xc2, 0x30, 0x37, 0xa8, 0x39, 0xa9,
  0x63, 0x2a, 0x22, 0x2d, 0x05, 0x2b, 0xbc, 0xac, 0x7a, 0x26, 0xc2, 0x2b,
  0x66, 0xad, 0x14, 0x2c, 0x3c, 0x2d, 0x2c, 0xa5, 0x66, 0xae, 0x2f, 0x24,
  0x73, 0x27, 0x55, 0xa9, 0x72, 0x30, 0xbf, 0x91, 0x3f, 0xaf, 0x4f, 0xad,
  0xeb, 0x2b, 0xad, 0x2a, 0x2a, 0xad, 0x52, 0xae, 0x60, 0x31, 0xec, 0x2b,
  0xa3, 0x30, 0x03, 0xa2, 0xc6, 0x2f, 0xf6, 0x2d, 0x4d, 0xa6, 0x25, 0xa7,
  0x22, 0x31, 0x5f, 0xaf, 0x1c, 0x27, 0x35, 0xaf, 0xc1, 0x2f, 0x43, 0x30,
  0x2a, 0x29, 0x7c, 0x30, 0xb8, 0x1f, 0x99, 0x2e, 0xd2, 0x31, 0x7e, 0x31,
  0x6a, 0x2f, 0x6f, 0x31, 0x12, 0xa7, 0xf0, 0x2a, 0xe4, 0x2c, 0x2e, 0xaa,
  0xac, 0x2f, 0x7c, 0x96, 0x46, 0x30, 0x1c, 0x2e, 0x41, 0x2b, 0x26, 0x2d,
  0xef, 0xae, 0x1e, 0x18, 0x17, 0x31, 0xa5, 0x2f, 0x53, 0xb0, 0xc8, 0x2e,
  0xc3, 0x27, 0xa2, 0xa9, 0x4f, 0x2a, 0x76, 0xaf, 0xe5, 0x22, 0x0e, 0x2f,
  0x9e, 0xac, 0xa2, 0x27, 0x95, 0x30, 0xe4, 0x27, 0xb4, 0x30, 0x67, 0xaa,
  0xfa, 0x2f, 0xf4, 0x2e, 0x3c, 0xab, 0x02, 0x18, 0x19, 0x10, 0x6a, 0xad,
  0x8d, 0x25, 0x10, 0x20, 0x07, 0x29, 0x63, 0x2a, 0xb2, 0x2d, 0x91, 0xa4,
  0xdc, 0x2d, 0xa2, 0xab, 0x42, 0x30, 0x56, 0xa6, 0x2e, 0x32, 0xcb, 0x27,
  0xb3, 0xae, 0x12, 0xad, 0xa0, 0x30, 0xb4, 0x30, 0x5f, 0x23, 0xb0, 0x2b,
  0x49, 0x2d, 0xb7, 0xaa, 0x3e, 0x26, 0xae, 0xae, 0xd1, 0x25, 0x87, 0x18,
  0x97, 0x1f, 0x4a, 0x2e, 0xa8, 0xa4, 0x05, 0xaf, 0x74, 0xaa, 0x10, 0x2c,
  0x49, 0x2e, 0x2c, 0x30, 0x3b, 0xa2, 0x9b, 0x31, 0x94, 0xa0, 0x91, 0xab,
  0x9f, 0x2d, 0xce, 0x28, 0x0d, 0xb0, 0x22, 0xaf, 0x1c, 0xa8, 0x29, 0x30,
  0x14, 0xa8, 0x3a, 0xad, 0xc0, 0x28, 0xa0, 0xad, 0x0c, 0xad, 0x97, 0x2c,
  0x05, 0x89, 0x90, 0xaa, 0x85, 0x31, 0x19, 0xae, 0x06, 0x2f, 0xc3, 0xaf,
  0xa7, 0x2f, 0x9a, 0xa9, 0x99, 0x2c, 0x25, 0x2e, 0xfb, 0x31, 0x24, 0x30,
  0x43, 0x2b, 0x98, 0x30, 0x5f, 0x1d, 0xe8, 0xa2, 0x0b, 0x2f, 0x35, 0x16,
  0x38, 0x31, 0x55, 0x11, 0x96, 0x2b, 0x59, 0xab, 0x31, 0x32, 0x6a, 0x1f,
  0xbd, 0xae, 0x0a, 0xa6, 0x87, 0x2f, 0x20, 0x30, 0xa3, 0x30, 0xfb, 0xa4,
  0x53, 0x30, 0x25, 0xaa, 0xb9, 0x31, 0x5f, 0xaf, 0x9e, 0x2f, 0x33, 0xaa,
  0x79, 0x2d, 0x82, 0xaf, 0x90, 0x2a, 0x76, 0xac, 0xae, 0x2c, 0x71, 0x21,
  0x8e, 0x89, 0x39, 0xad, 0xa7, 0xac, 0xb1, 0x25, 0xfc, 0x2a, 0x86, 0x2f,
  0x55, 0xaf, 0x92, 0x25, 0xdd, 0xa1, 0x83, 0x2c, 0x1e, 0xaa, 0xa9, 0x2e,
  0x9e, 0xa4, 0x9b, 0xa5, 0x7f, 0xab, 0x04, 0x25, 0x42, 0x2d, 0x1c, 0x30,
  0xe8, 0x19, 0x20, 0x2f, 0xf4, 0xa0, 0x07, 0x30, 0x18, 0x31, 0xf1, 0x2f,
  0x42, 0x2c, 0xc7, 0x25, 0xbd, 0xac, 0xba, 0x9b, 0xe6, 0x31, 0xe2, 0x2d,
  0x26, 0xa8, 0x19, 0xac, 0x22, 0x2c, 0xe3, 0x29, 0xfa, 0xad, 0x0b, 0x31,
  0x59, 0xa8, 0x22, 0x2e, 0xef, 0x30, 0x31, 0xa7, 0x9a, 0x27, 0x22, 0xb0,
  0x25, 0xac, 0xd0, 0xa3, 0x48, 0x29, 0xbc, 0x30, 0x03, 0xac, 0xf7, 0xae,
  0xab, 0x31, 0xe4, 0xac, 0xd3, 0xa8, 0xa4, 0x2e, 0xd1, 0x25, 0x37, 0x2f,
  0x00, 0xa4, 0x7a, 0xae, 0x92, 0xaa, 0x84, 0xb0, 0x78, 0xaf, 0xf7, 0x1a,
  0x71, 0x25, 0xcb, 0x2d, 0xb9, 0x25, 0x50, 0xa1, 0x26, 0xaa, 0x4e, 0x2e,
  0x12, 0xad, 0x5d, 0xad, 0x1d, 0x1e, 0x77, 0xb0, 0x76, 0xa3, 0x16, 0x1e,
  0xff, 0xb0, 0x6f, 0xab, 0x48, 0x12, 0x06, 0x2e, 0x93, 0x2c, 0x25, 0x28,
  0x29, 0xb1, 0x52, 0x29, 0xde, 0xa1, 0x6e, 0xac, 0x34, 0x2e, 0xec, 0x23,
  0x4d, 0x29, 0x65, 0x2d, 0xd3, 0xa4, 0x2d, 0x9f, 0x30, 0xa7, 0x6f, 0xae,
  0x05, 0xb0, 0x40, 0x24, 0x9b, 0x2f, 0xdf, 0x2d, 0xdd, 0x29, 0x3e, 0x2d,
  0xfe, 0xad, 0x76, 0xad, 0xc3, 0x2f, 0xcb, 0x30, 0x09, 0xad, 0xd6, 0x2e,
  0x50, 0x28, 0x66, 0x2e, 0x35, 0xab, 0x40, 0xac, 0x61, 0x2d, 0xf8, 0xab,
  0xb3, 0xac, 0x07, 0x2f, 0xa6, 0x30, 0x1e, 0x2c, 0x7c, 0x2a, 0x02, 0xad,
  0xbe, 0xad, 0x03, 0xb0, 0x34, 0x2c, 0xd6, 0xab, 0x5c, 0x9e, 0xb2, 0xa7,
  0x95, 0xaa, 0x5e, 0xb0, 0x39, 0xa9, 0xa3, 0xac, 0x00, 0xad, 0xb1, 0x2e,
  0x55, 0x30, 0xe5, 0x2d, 0x38, 0xa4, 0x51, 0xa5, 0xfb, 0x2c, 0x68, 0xa2,
  0x51, 0xaa, 0xe1, 0xaa, 0x4a, 0x2a, 0x97, 0xab, 0xfc, 0xab, 0x94, 0xa9,
  0x71, 0x9a, 0xf1, 0x2f, 0x94, 0x22, 0x2a, 0xb0, 0x48, 0xaf, 0x2f, 0x19,
  0x8f, 0x2a, 0x2c, 0xac, 0x9d, 0x30, 0xe4, 0x21, 0x30, 0x2f, 0xae, 0xac,
  0x21, 0x22, 0x26, 0xa7, 0x3e, 0x2d, 0x21, 0xad, 0xc7, 0x30, 0x0c, 0x31,
  0x7d, 0x31, 0x51, 0x18, 0x90, 0xa7, 0xa0, 0x2f, 0xaf, 0x30, 0x35, 0xa5,
  0xcd, 0xac, 0x90, 0x2b, 0x72, 0xab, 0x8e, 0x29, 0x40, 0x2b, 0xfe, 0xab,
  0x70, 0x30, 0xee, 0x2e, 0xfd, 0x30, 0x81, 0x2e, 0x1c, 0x30, 0x08, 0x26,
  0x14, 0xac, 0x3d, 0x2f, 0x80, 0x33, 0xc3, 0xa6, 0x4c, 0xa2, 0x1a, 0x2f,
  0x72, 0x2b, 0x12, 0x2c, 0x75, 0x31, 0xda, 0xad, 0x77, 0xa4, 0x61, 0xaa,
  0xbd, 0xac, 0x9f, 0xa3, 0xc9, 0x2d, 0x84, 0x2d, 0x6b, 0x2c, 0x33, 0xab,
  0x2a, 0x2c, 0x0f, 0xa8, 0x7a, 0xee, 0xff, 0xff, 0x04, 0x00, 0x00, 0x00,
  0x00, 0x06, 0x00, 0x00, 0xf5, 0x22, 0xc6, 0x2c, 0xa8, 0x2c, 0x8f, 0xaf,
  0x26, 0xad, 0x28, 0xa6, 0xb9, 0xad, 0x44, 0xaf, 0x5c, 0xab, 0x63, 0x23,
  0xd3, 0xa6, 0x85, 0xab, 0xda, 0xa4, 0x6d, 0xaf, 0x07, 0xb0, 0x54, 0xaf,
  0x65, 0xb0, 0xdd, 0xad, 0x4c, 0xb0, 0x06, 0xb0, 0xb4, 0x8e, 0x7f, 0xa7,
  0x14, 0xa9, 0xd8, 0x2e, 0x6b, 0xad, 0x8a, 0x22, 0x7c, 0xac, 0x7d, 0x27,
  0x6e, 0x25, 0x65, 0x17, 0xed, 0xa5, 0xec, 0xae, 0x67, 0xa8, 0x34, 0x2e,
  0x0b, 0xa6, 0x6f, 0xa6, 0x43, 0xac, 0xa3, 0x27, 0xa5, 0xad, 0x49, 0xa0,
  0x65, 0xaa, 0x0e, 0xae, 0xbd, 0xab, 0xa3, 0xab, 0xe1, 0xaf, 0x29, 0xb0,
  0x43, 0x2a, 0x06, 0x2d, 0x09, 0x30, 0x9d, 0x2c, 0x6d, 0x2c, 0x28, 0x31,
  0x4f, 0x30, 0x17, 0x2f, 0x55, 0x30, 0x37, 0x30, 0x07, 0x2b, 0x49, 0x22,
  0x40, 0x26, 0xff, 0x2e, 0xb8, 0x27, 0x6c, 0xa7, 0x0b, 0x1c, 0x67, 0x2a,
  0x49, 0xa8, 0xd3, 0x28, 0xb3, 0xae, 0x5d, 0x30, 0x26, 0x28, 0xd0, 0x2c,
  0x9d, 0xaa, 0xb2, 0x2d, 0xd0, 0xae, 0x69, 0x23, 0x8b, 0x9c, 0xa0, 0x2c,
  0xc2, 0xac, 0x2e, 0x2e, 0x63, 0xaa, 0xe1, 0x30, 0xd6, 0x2c, 0x19, 0x1f,
  0xc7, 0xa8, 0xfe, 0x30, 0x63, 0xac, 0x95, 0x28, 0x14, 0xa7, 0x3d, 0xac,
  0x44, 0x29, 0xee, 0xae, 0x5f, 0x2e, 0xc0, 0xa8, 0x3e, 0x30, 0x4c, 0x30,
  0xcf, 0xa8, 0x53, 0x20, 0xd4, 0xad, 0x52, 0x2a, 0x5f, 0x2d, 0xdd, 0x29,
  0x49, 0x2d, 0x99, 0xaa, 0x84, 0x25, 0x7c, 0x2f, 0x30, 0x18, 0xde, 0xab,
  0x33, 0x29, 0xa1, 0xa3, 0x87, 0x20, 0x37, 0xa8, 0x24, 0x31, 0x40, 0xab,
  0xcf, 0x27, 0x41, 0xb0, 0xca, 0x2d, 0x0c, 0xaf, 0xd7, 0x30, 0x79, 0xa9,
  0xff, 0xa7, 0x66, 0x30, 0x0a, 0x2c, 0xe4, 0xab, 0x21, 0x98, 0x0f, 0xaf,
  0x73, 0x28, 0x56, 0x2a, 0x0d, 0x30, 0x83, 0xac, 0x64, 0xad, 0x41, 0xa8,
  0xab, 0x29, 0x70, 0xb0, 0x64, 0x22, 0xec, 0x22, 0x1d, 0xa8, 0x4d, 0xad,
  0x86, 0xa9, 0x0d, 0x2b, 0x3f, 0x2b, 0x83, 0x2f, 0xc7, 0x9b, 0x78, 0xa2,
  0xc2, 0x2d, 0x67, 0xac, 0x9a, 0x2c, 0x00, 0x30, 0xc0, 0x2e, 0xfe, 0x2c,
  0xb1, 0x30, 0xcb, 0xaf, 0x0c, 0x2d, 0xca, 0x25, 0xf0, 0xaf, 0x2d, 0x2e,
  0x8d, 0xae, 0xe9, 0xa9, 0xb9, 0xac, 0xc4, 0xad, 0xa6, 0x27, 0xd9, 0xa3,
  0xed, 0xa7, 0x2f, 0xaf, 0x03, 0x2a, 0x9a, 0xae, 0x65, 0x1c, 0x34, 0x30,
  0x27, 0x30, 0x58, 0xaf, 0xe5, 0x24, 0x34, 0x31, 0xed, 0xaf, 0x6c, 0x20,
  0xca, 0xa4, 0x42, 0x2d, 0xda, 0x30, 0x66, 0x2d, 0x6a, 0xaa, 0x29, 0x2e,
  0x76, 0x2f, 0x32, 0xaf, 0x7f, 0x2a, 0x6b, 0xad, 0xcf, 0x2c, 0x52, 0x1e,
  0x57, 0x2e, 0x33, 0x33, 0x3d, 0xad, 0x61, 0x30, 0x44, 0xac, 0xbe, 0x2b,
  0x19, 0xa8, 0x70, 0xad, 0x6c, 0x22, 0x57, 0x1f, 0x53, 0x27, 0x2f, 0x30,
  0xc1, 0xa4, 0x96, 0x2d, 0xa6, 0x2d, 0xfa, 0x1d, 0x12, 0xae, 0x01, 0x2c,
  0xfb, 0x28, 0xd3, 0xad, 0x31, 0x31, 0x26, 0x27, 0xc2, 0xb0, 0x49, 0x2d,
  0x41, 0x31, 0x52, 0x28, 0x12, 0x2f, 0xbd, 0xa3, 0xec, 0x2c, 0x69, 0xaf,
  0x2d, 0x31, 0x1d, 0x2d, 0x6a, 0x31, 0x35, 0xb1, 0x95, 0x30, 0x86, 0x18,
  0x78, 0xa9, 0x2f, 0x2e, 0x42, 0x25, 0xb2, 0x30, 0xc6, 0x2c, 0x88, 0x30,
  0xc9, 0x2c, 0x13, 0x30, 0x37, 0x29, 0x66, 0x2a, 0x58, 0x28, 0x45, 0xa9,
  0x67, 0x31, 0x84, 0xb1, 0x82, 0xa0, 0x09, 0x30, 0xa9, 0xa3, 0x8e, 0x30,
  0xf4, 0xb0, 0x43, 0xa6, 0xd8, 0xb0, 0x29, 0x2b, 0x68, 0x30, 0xc8, 0xa9,
  0x77, 0xac, 0x1d, 0x2f, 0x04, 0x2f, 0x11, 0x2f, 0xac, 0x27, 0xcd, 0x31,
  0x31, 0xb1, 0x0e, 0x2c, 0x1e, 0xaf, 0x52, 0xb1, 0x5f, 0x28, 0xfa, 0x22,
  0x37, 0x2f, 0xd6, 0x2b, 0x8e, 0xb0, 0x25, 0x14, 0x18, 0xa9, 0x90, 0xad,
  0x68, 0xae, 0xf1, 0x15, 0x38, 0xb0, 0x34, 0x28, 0xa6, 0xb0, 0xa0, 0xaa,
  0xe8, 0xb0, 0x62, 0xab, 0xc3, 0x25, 0x32, 0x2c, 0x65, 0xa0, 0xb6, 0xa0,
  0x30, 0x2b, 0xcf, 0x29, 0xdc, 0x94, 0x66, 0x91, 0x36, 0xad, 0xbb, 0x2b,
  0x85, 0x2d, 0xbc, 0x2e, 0xb9, 0x2e, 0x08, 0xad, 0x18, 0xa6, 0xe4, 0x2d,
  0x26, 0xa8, 0x3b, 0xb0, 0xb3, 0x30, 0x67, 0xaa, 0x50, 0xa4, 0x3d, 0x25,
  0x09, 0x31, 0x4b, 0x1f, 0xca, 0x2b, 0x2c, 0x28, 0x32, 0x29, 0x19, 0xa8,
  0x8d, 0x2a, 0x4d, 0xab, 0xb0, 0x25, 0x60, 0xa0, 0x15, 0xae, 0x68, 0x2e,
  0x4a, 0xa3, 0xef, 0x2f, 0x0a, 0x2c, 0x22, 0x29, 0x58, 0x2c, 0xda, 0xa2,
  0xf5, 0x2e, 0x30, 0xa8, 0x4f, 0x29, 0xf4, 0x2a, 0xce, 0x30, 0xaa, 0x2a,
  0x49, 0xab, 0x80, 0x28, 0x0b, 0xac, 0xcb, 0x31, 0xb5, 0x2e, 0x8a, 0x25,
  0x32, 0x0b, 0x58, 0xab, 0x1c, 0x85, 0xe8, 0xad, 0x64, 0x2d, 0xe4, 0x28,
  0x30, 0x29, 0x81, 0xb0, 0xef, 0x2e, 0xc2, 0x2e, 0x72, 0xab, 0x10, 0xae,
  0xcc, 0xae, 0xe3, 0x30, 0x90, 0x2e, 0x46, 0x24, 0x2b, 0xac, 0x6e, 0x28,
  0x9e, 0x2d, 0xd2, 0xac, 0xe8, 0xae, 0xf0, 0xaf, 0x36, 0xad, 0x94, 0xac,
  0x1e, 0x2d, 0x24, 0x24, 0x45, 0xad, 0x49, 0x2e, 0x07, 0x2f, 0xf3, 0xaa,
  0xb3, 0x26, 0x69, 0x2b, 0x84, 0xb0, 0x41, 0xa3, 0x41, 0xaa, 0xa4, 0xa8,
  0xb8, 0xae, 0x46, 0x2d, 0x0a, 0xb0, 0xc4, 0x2c, 0xea, 0x2d, 0x24, 0xaf,
  0x06, 0x27, 0x80, 0xa6, 0x5d, 0xaa, 0xe6, 0xab, 0x6a, 0xa9, 0x40, 0xb0,
  0xd9, 0xae, 0x83, 0x28, 0x2a, 0x98, 0x9e, 0x2f, 0xc1, 0x28, 0x1a, 0xaa,
  0xaf, 0x2a, 0x10, 0x2c, 0x36, 0xa5, 0x95, 0x28, 0x11, 0xad, 0xb7, 0x1a,
  0xcd, 0x22, 0x88, 0xad, 0x58, 0xaf, 0x39, 0x2f, 0xbb, 0xa9, 0xcc, 0xa0,
  0xbf, 0x2c, 0xed, 0x2d, 0x99, 0xac, 0xc6, 0x20, 0x2b, 0x2e, 0x9d, 0x30,
  0x3f, 0x2a, 0x86, 0xac, 0x2c, 0x30, 0x4b, 0x9c, 0xdb, 0xa5, 0x55, 0x29,
  0xb0, 0xaf, 0xe1, 0xaf, 0x66, 0x28, 0x78, 0x30, 0xb7, 0xa9, 0x02, 0x2d,
  0xc8, 0x22, 0x5d, 0x2b, 0x37, 0x30, 0x49, 0x32, 0xfd, 0xad, 0x32, 0xa5,
  0x1c, 0xa3, 0xe2, 0x2d, 0x7a, 0x2f, 0x7c, 0xac, 0x85, 0x30, 0x7b, 0xa9,
  0xe8, 0x30, 0xd3, 0xaa, 0x0a, 0x28, 0x85, 0xad, 0x68, 0x15, 0xbc, 0x2e,
  0x78, 0xac, 0x58, 0x2f, 0x0f, 0xa8, 0x50, 0xae, 0x39, 0x30, 0x3c, 0x2b,
  0xae, 0x2e, 0xf9, 0x2b, 0xf7, 0xa3, 0x0e, 0x1c, 0x18, 0x31, 0xea, 0xad,
  0x8b, 0xa2, 0xd5, 0x2d, 0x84, 0x26, 0x40, 0x2a, 0xc3, 0xac, 0x00, 0x2e,
  0x66, 0x2f, 0x8f, 0x2e, 0x94, 0x2a, 0x7c, 0x1b, 0x85, 0x2e, 0x14, 0x2e,
  0xcf, 0xa4, 0x39, 0x2e, 0xea, 0xa8, 0x04, 0x2a, 0x6a, 0x30, 0x3e, 0xab,
  0xa7, 0x2b, 0xff, 0x2c, 0x01, 0xa9, 0x5c, 0x18, 0xad, 0xad, 0xe3, 0xa3,
  0x4d, 0xae, 0x75, 0x2e, 0x2f, 0x32, 0x7c, 0xac, 0x23, 0xac, 0x43, 0x23,
  0xfb, 0x28, 0xb6, 0x30, 0xb3, 0xaa, 0x08, 0xb0, 0xf4, 0xa4, 0x14, 0x30,
  0xe6, 0x2e, 0xd2, 0x30, 0x1e, 0xa9, 0xd3, 0x1e, 0x16, 0x20, 0x10, 0x2a,
  0x4d, 0xa8, 0x02, 0x28, 0x6c, 0xa5, 0x06, 0x2d, 0x1e, 0x20, 0xc5, 0xaa,
  0x57, 0x30, 0x0f, 0x2f, 0x5a, 0x2a, 0x9d, 0xa8, 0x14, 0xac, 0x32, 0xab,
  0x0c, 0xad, 0x81, 0xad, 0xf8, 0xad, 0x1a, 0x32, 0x92, 0xae, 0x84, 0x31,
  0xed, 0x28, 0x50, 0x30, 0xf6, 0x2f, 0x9e, 0x31, 0x52, 0x24, 0x14, 0xac,
  0x70, 0x2e, 0xdc, 0x2a, 0x0a, 0x31, 0xdd, 0x26, 0x7d, 0x26, 0x8e, 0x28,
  0x30, 0x2c, 0x26, 0x2c, 0x6d, 0xad, 0x47, 0xa8, 0x5d, 0xad, 0x70, 0xac,
  0x19, 0xa9, 0xd3, 0x32, 0xbc, 0x2f, 0xe8, 0xa4, 0xa3, 0xac, 0x26, 0x2c,
  0xe8, 0xa9, 0x9e, 0xb0, 0xe7, 0x2e, 0x27, 0x9c, 0x82, 0xad, 0x45, 0xad,
  0x08, 0xae, 0x59, 0x31, 0x60, 0x31, 0xd0, 0x25, 0x9b, 0xac, 0x86, 0xac,
  0x3f, 0x2e, 0x0d, 0xad, 0x03, 0x2f, 0x55, 0x2c, 0xff, 0x28, 0x34, 0x2c,
  0x9b, 0x2f, 0xbc, 0xa7, 0x6e, 0xab, 0xb3, 0xad, 0x3d, 0xa6, 0xef, 0x30,
  0x69, 0x2c, 0x11, 0x31, 0x05, 0x99, 0xb2, 0x2f, 0x8f, 0xab, 0x6a, 0x2a,
  0xfd, 0x2e, 0x84, 0x2f, 0x9c, 0x30, 0x55, 0xac, 0x04, 0xad, 0xff, 0x0d,
  0xf4, 0xad, 0x12, 0x2d, 0xf5, 0xae, 0x90, 0x2b, 0x1f, 0x2b, 0x03, 0xab,
  0x24, 0x30, 0x03, 0x2e, 0x17, 0xa0, 0xa6, 0xa5, 0x0e, 0x30, 0x02, 0x9f,
  0xc2, 0xa4, 0xeb, 0xa9, 0x65, 0x30, 0x36, 0x31, 0x69, 0xad, 0x0b, 0x2d,
  0xa8, 0xb0, 0x74, 0xad, 0xf1, 0xa8, 0xa5, 0x30, 0x49, 0xab, 0x39, 0xaa,
  0xca, 0x2f, 0xb2, 0x2f, 0xc6, 0x2d, 0x91, 0x2e, 0x1e, 0x30, 0x9f, 0x31,
  0x89, 0xad, 0x8c, 0x25, 0xb1, 0x2d, 0x12, 0x2c, 0x4f, 0x30, 0x81, 0x30,
  0x0f, 0x1c, 0xa2, 0x2c, 0x8d, 0x30, 0x4e, 0x29, 0x35, 0x2e, 0xea, 0xad,
  0x79, 0x30, 0x12, 0x31, 0xc5, 0x2b, 0xa1, 0x31, 0x29, 0xaf, 0x06, 0x9e,
  0x2f, 0x24, 0x84, 0xae, 0x32, 0x33, 0x4f, 0x30, 0x78, 0xb0, 0xa8, 0x2f,
  0x40, 0x29, 0xf0, 0xaf, 0x43, 0xa8, 0xcf, 0x29, 0x1f, 0xaf, 0xd7, 0xad,
  0xc5, 0x2b, 0xe7, 0x2e, 0xac, 0xaf, 0xbb, 0xa6, 0x8e, 0x2c, 0x23, 0x2b,
  0xf5, 0x2e, 0x24, 0x30, 0xae, 0xa1, 0x63, 0xa7, 0x0e, 0x23, 0x2a, 0x2e,
  0xf5, 0x2e, 0x39, 0x27, 0xbf, 0x2c, 0x82, 0xab, 0x68, 0xac, 0x0f, 0xa6,
  0xbe, 0xa0, 0x44, 0x30, 0xa8, 0x30, 0x99, 0xa7, 0x85, 0x32, 0x8f, 0x2c,
  0xc8, 0x2f, 0xdd, 0x2d, 0x63, 0xad, 0x48, 0x27, 0x38, 0x28, 0x3f, 0x2e,
  0x90, 0xa7, 0xdd, 0x30, 0x41, 0x2b, 0xd0, 0xa9, 0x01, 0x9c, 0xe3, 0x1e,
  0xc4, 0x30, 0x62, 0xad, 0xab, 0x2e, 0xdc, 0xad, 0x16, 0xb0, 0x98, 0x2b,
  0x2d, 0xa1, 0x7b, 0x2f, 0x62, 0x30, 0x2c, 0xac, 0xaf, 0x19, 0xff, 0x9d,
  0xef, 0x2b, 0xb2, 0x30, 0xad, 0x29, 0x81, 0xac, 0xb6, 0x9f, 0x9f, 0x30,
  0xe4, 0x31, 0x9b, 0x30, 0xdc, 0xa3, 0x12, 0x20, 0x49, 0x21, 0x26, 0xa0,
  0xf3, 0x30, 0x54, 0x22, 0xae, 0xa9, 0x15, 0x32, 0xba, 0x1e, 0x6e, 0xae,
  0x31, 0x32, 0xcb, 0x2f, 0x9e, 0xa4, 0x1e, 0x30, 0xcc, 0xae, 0x41, 0x2f,
  0x48, 0xa5, 0x07, 0x2d, 0x32, 0xa0, 0x19, 0x27, 0x6e, 0x2c, 0xb3, 0xab,
  0x8f, 0x9e, 0xc8, 0xa9, 0xda, 0x20, 0x11, 0x29, 0x4d, 0xac, 0x6e, 0xad,
  0x07, 0x30, 0xc6, 0x27, 0x25, 0xad, 0x24, 0x32, 0xae, 0xaa, 0x72, 0x30,
  0x60, 0x2d, 0x50, 0x30, 0x10, 0x28, 0x3a, 0x31, 0x19, 0x33, 0x13, 0xac,
  0x91, 0x2c, 0xce, 0xb0, 0x23, 0x32, 0x0c, 0x2d, 0x77, 0x2a, 0xf6, 0xa7,
  0x56, 0x2f, 0x3c, 0xa7, 0x6b, 0xab, 0x64, 0x32, 0x49, 0xab, 0x57, 0x8f,
  0x6e, 0xac, 0x44, 0xaa, 0xf5, 0x94, 0x50, 0x27, 0xc5, 0xa6, 0xeb, 0x1e,
  0x3f, 0x31, 0x29, 0x21, 0xb5, 0xaa, 0x9f, 0xac, 0x2c, 0xa9, 0xc0, 0x32,
  0x1e, 0x24, 0x68, 0x30, 0xb8, 0x30, 0x1b, 0x22, 0xa4, 0x28, 0x68, 0xab,
  0x9b, 0x31, 0x8f, 0x2c, 0xaa, 0x30, 0x7c, 0xaf, 0xf5, 0x29, 0x86, 0x28,
  0xeb, 0xa8, 0x4f, 0x9e, 0x85, 0x27, 0x6a, 0xa5, 0xac, 0xad, 0x88, 0x31,
  0x25, 0xad, 0xd4, 0xaa, 0x41, 0x31, 0xf0, 0x30, 0x3d, 0x2b, 0xf4, 0xab,
  0xeb, 0x16, 0x74, 0xac, 0xf5, 0x30, 0x04, 0x1d, 0xfa, 0xad, 0x77, 0x25,
  0x8a, 0xac, 0x44, 0xac, 0x86, 0xf4, 0xff, 0xff, 0x04, 0x00, 0x00, 0x00,
  0x00, 0x06, 0x00, 0x00, 0xbe, 0xa2, 0x20, 0x30, 0x7f, 0xae, 0xeb, 0xad,
  0x69, 0x30, 0xfa, 0xac, 0x21, 0xac, 0x0c, 0x2c, 0x7b, 0xb0, 0xb7, 0xac,
  0xa5, 0xa6, 0xf0, 0x2f, 0xe8, 0x2b, 0xf6, 0x9e, 0x2b, 0x2c, 0x26, 0xad,
  0xfc, 0x2d, 0x3f, 0x27, 0x53, 0x9e, 0x77, 0xad, 0x7d, 0x2b, 0xe1, 0xa5,
  0x4a, 0xb0, 0xb5, 0xa9, 0x93, 0xae, 0x36, 0xae, 0xa1, 0x18, 0x1e, 0x30,
  0x2f, 0x30, 0x2c, 0xa9, 0x78, 0xaa, 0xe3, 0xad, 0x4b, 0x2b, 0x6c, 0xac,
  0x0b, 0x2c, 0xa1, 0x1e, 0x71, 0xa9, 0x08, 0xaa, 0xcf, 0x27, 0x20, 0xad,
  0x0b, 0x2f, 0x29, 0x30, 0x5b, 0x30, 0xb6, 0xa5, 0x9e, 0xa8, 0x89, 0xac,
  0xb4, 0xac, 0xa5, 0x2b, 0x81, 0xa9, 0x98, 0x2d, 0x02, 0xae, 0x01, 0xac,
  0x3f, 0xac, 0x78, 0x30, 0x76, 0x2f, 0x6d, 0xac, 0x4d, 0xac, 0x96, 0xac,
  0x3d, 0xa5, 0xe8, 0x25, 0x78, 0xad, 0x63, 0x25, 0xfa, 0xad, 0xe3, 0x2c,
  0x3a, 0x20, 0x5e, 0xac, 0xe8, 0x2c, 0x7e, 0x99, 0x0d, 0x1e, 0x67, 0x2e,
  0x06, 0x28, 0x0f, 0xaa, 0x7f, 0x2a, 0xde, 0x2f, 0xfd, 0x31, 0xe7, 0x31,
  0xdb, 0xa0, 0xfb, 0x30, 0x79, 0xa8, 0x5e, 0x2f, 0xd4, 0xac, 0x68, 0xac,
  0x35, 0x31, 0x88, 0x25, 0xb0, 0x31, 0x8a, 0x20, 0x88, 0x9c, 0x47, 0x2a,
  0x1f, 0x30, 0xcf, 0x30, 0xde, 0x2a, 0x97, 0xab, 0x4e, 0x2f, 0x1b, 0xae,
  0xda, 0xa0, 0xcb, 0x29, 0x84, 0x30, 0x46, 0xb0, 0x3f, 0xad, 0xa4, 0xa9,
  0xff, 0x2d, 0x5c, 0x2c, 0x14, 0x2f, 0xc2, 0xac, 0x9e, 0x2d, 0xe0, 0x2f,
  0xac, 0x24, 0x75, 0xa1, 0xa7, 0x2b, 0xaf, 0x2e, 0x45, 0x27, 0x35, 0x28,
  0x38, 0x27, 0x95, 0xa3, 0x45, 0xb0, 0xd9, 0x24, 0x14, 0xa4, 0x28, 0xab,
  0xeb, 0x24, 0x78, 0xa9, 0x36, 0x30, 0xeb, 0x20, 0x3a, 0x26, 0x44, 0x22,
  0xef, 0xad, 0xfe, 0xae, 0xfe, 0xa5, 0xb5, 0x2e, 0x16, 0x30, 0xea, 0xaa,
  0x00, 0x20, 0xb9, 0x30, 0x27, 0x2d, 0x04, 0x30, 0xae, 0xa2, 0x98, 0x2e,
  0xed, 0xa2, 0x66, 0xb0, 0xc0, 0x2e, 0x3f, 0x30, 0x3a, 0x2d, 0x73, 0xa8,
  0x05, 0x2d, 0x25, 0x26, 0xcb, 0xa2, 0xdc, 0xa0, 0xac, 0x2f, 0xa2, 0xae,
  0x33, 0x27, 0xbe, 0xaf, 0xa3, 0xa5, 0x39, 0xa9, 0xa6, 0xaa, 0x9b, 0xaa,
  0x65, 0x2c, 0x26, 0x31, 0x32, 0x2e, 0x1a, 0x31, 0x15, 0xad, 0x43, 0x2b,
  0x40, 0x26, 0x8a, 0xa9, 0xeb, 0x1b, 0x1c, 0xac, 0x59, 0x31, 0xd6, 0xac,
  0x5e, 0xa1, 0x66, 0x2f, 0x15, 0x30, 0xc5, 0x21, 0x41, 0x2f, 0xb9, 0x2a,
  0x32, 0x31, 0xf9, 0x2c, 0xd8, 0xab, 0xd6, 0xae, 0x8f, 0xa8, 0xdb, 0x27,
  0x52, 0x27, 0xff, 0xad, 0x4b, 0x31, 0x9e, 0x2f, 0xbe, 0x2b, 0x26, 0xaa,
  0x2b, 0x2c, 0x93, 0x2c, 0x79, 0x2f, 0x91, 0x2c, 0xeb, 0xad, 0xd6, 0x1e,
  0x18, 0x9d, 0xc3, 0x2f, 0x92, 0x2e, 0x07, 0x2f, 0xd0, 0x2b, 0x69, 0xad,
  0x92, 0xa8, 0x45, 0x31, 0x64, 0x28, 0xcd, 0xa8, 0x31, 0x20, 0x89, 0xaf,
  0x8a, 0x30, 0x79, 0x30, 0xeb, 0x30, 0x55, 0x26, 0x7c, 0xb0, 0xc7, 0x28,
  0x58, 0x2d, 0x31, 0xac, 0x25, 0x2a, 0x53, 0x18, 0x36, 0xad, 0xd8, 0x2f,
  0x15, 0x30, 0xe8, 0xae, 0xc7, 0xac, 0xeb, 0xad, 0x02, 0xac, 0x75, 0x28,
  0x57, 0xaf, 0xd5, 0x2f, 0xce, 0x24, 0x83, 0x14, 0x5e, 0x30, 0x1d, 0x99,
  0xb8, 0xad, 0xb9, 0xaf, 0xbc, 0xa4, 0x3e, 0x2e, 0x10, 0x2c, 0xe0, 0x30,
  0x19, 0x2f, 0x93, 0x2c, 0x1c, 0xa1, 0x30, 0xab, 0x56, 0xb0, 0x54, 0xac,
  0x2a, 0xa7, 0xf2, 0x29, 0xce, 0x2e, 0x52, 0xaf, 0x80, 0x2f, 0xb4, 0xaf,
  0x78, 0xa2, 0x32, 0xa4, 0x61, 0xa7, 0xbf, 0x2d, 0xeb, 0xaf, 0x27, 0x2a,
  0x7d, 0xae, 0x4d, 0x2d, 0xed, 0xac, 0x15, 0xae, 0x75, 0x20, 0x37, 0xac,
  0x41, 0x24, 0x01, 0xa9, 0xd3, 0x2e, 0x4e, 0xaf, 0xf3, 0x2c, 0x6f, 0x2b,
  0xb8, 0xac, 0xaf, 0xab, 0x9d, 0x2c, 0xa2, 0x25, 0x8b, 0xa3, 0xba, 0x2f,
  0x36, 0xae, 0xbf, 0x2e, 0x5f, 0xae, 0xce, 0xae, 0x32, 0x2e, 0x39, 0x2c,
  0x1c, 0x2c, 0xac, 0xaa, 0x5e, 0x2c, 0x07, 0x2e, 0x11, 0xa8, 0xec, 0x21,
  0x65, 0x2f, 0xe5, 0xa3, 0xd6, 0x2b, 0x8f, 0xad, 0x1e, 0x30, 0x63, 0x8c,
  0xa3, 0xa1, 0x66, 0x20, 0xd3, 0xac, 0x18, 0xb0, 0x06, 0xa9, 0x76, 0x2f,
  0x3e, 0x99, 0x03, 0xae, 0x16, 0xa3, 0x5b, 0x2c, 0x2a, 0x24, 0x74, 0x30,
  0x1b, 0x30, 0x00, 0x20, 0x89, 0x30, 0x58, 0x29, 0xf5, 0xab, 0x6c, 0x2e,
  0x61, 0x31, 0x95, 0x30, 0x17, 0x2d, 0x72, 0xaf, 0xb2, 0x2c, 0x47, 0x1a,
  0xf6, 0x2d, 0x6f, 0xac, 0xa1, 0x30, 0xe2, 0x20, 0x0d, 0x2d, 0x99, 0x2e,
  0x7a, 0x27, 0xc7, 0x28, 0xff, 0xae, 0x15, 0x2e, 0xbf, 0x29, 0x99, 0x9c,
  0xbb, 0xa4, 0x89, 0xaf, 0x33, 0x30, 0x94, 0x24, 0x55, 0x25, 0x6b, 0x30,
  0x61, 0x01, 0x56, 0x30, 0xd1, 0x30, 0xa3, 0x28, 0xc9, 0x2c, 0x05, 0x31,
  0x82, 0x2c, 0xeb, 0xac, 0x91, 0x2f, 0xa5, 0xa1, 0x6c, 0x30, 0xa1, 0xae,
  0x49, 0xa3, 0xeb, 0x29, 0x72, 0x31, 0x7c, 0x2d, 0x21, 0x2f, 0x5f, 0xaf,
  0x0c, 0xa5, 0x0e, 0xaf, 0x7e, 0xae, 0xbc, 0x2f, 0x59, 0xa5, 0xa0, 0x2d,
  0xc4, 0xad, 0x6c, 0xaa, 0x95, 0x8d, 0x71, 0x30, 0x7e, 0x29, 0x94, 0x20,
  0xe9, 0x1c, 0xf0, 0x2b, 0xf8, 0xaf, 0xab, 0x30, 0xbe, 0x19, 0xbd, 0xac,
  0x21, 0xb0, 0x20, 0x2a, 0x05, 0xa9, 0x36, 0x30, 0x70, 0xaf, 0x54, 0x2c,
  0xac, 0x29, 0xf3, 0x18, 0xdd, 0xa5, 0x5c, 0x25, 0x82, 0xa1, 0x8d, 0x31,
  0xd2, 0x2d, 0x82, 0x22, 0x9f, 0x2f, 0x62, 0xa8, 0x34, 0x2d, 0x9f, 0xa9,
  0x53, 0x30, 0x85, 0xaf, 0x69, 0x31, 0x03, 0xa2, 0x80, 0xa5, 0xd4, 0x2d,
  0xe0, 0xae, 0xd0, 0xa5, 0x82, 0x2d, 0x52, 0x2e, 0x97, 0x2e, 0xf9, 0x2a,
  0xe1, 0x30, 0x54, 0x18, 0x95, 0x99, 0x4a, 0x30, 0x2e, 0x2c, 0xc0, 0x2e,
  0x0c, 0xa5, 0x0e, 0xae, 0x0b, 0xac, 0x20, 0x31, 0x63, 0x28, 0x25, 0xaf,
  0x31, 0xae, 0x16, 0x30, 0xd2, 0xa8, 0xbd, 0x2f, 0xdc, 0xa5, 0x62, 0x24,
  0x4f, 0x30, 0x16, 0x2a, 0x9b, 0xae, 0xb8, 0xa8, 0xcb, 0x2f, 0xe2, 0xa5,
  0x68, 0xaa, 0xd8, 0x20, 0xfa, 0xa8, 0x7b, 0x2b, 0x55, 0x29, 0xbf, 0xab,
  0x8f, 0xad, 0xbf, 0x2a, 0x8f, 0x31, 0x0e, 0xa9, 0x39, 0x2c, 0x4e, 0x2c,
  0x07, 0x17, 0x8b, 0xaf, 0xa3, 0x2e, 0xbd, 0x2c, 0xe7, 0xb0, 0x6e, 0x30,
  0x19, 0xa8, 0xd5, 0xa0, 0x11, 0xaf, 0x42, 0xa8, 0x5c, 0xab, 0xc0, 0x29,
  0x22, 0x23, 0x87, 0xaf, 0x6f, 0xa1, 0x11, 0xab, 0xcd, 0x30, 0xd6, 0x28,
  0x37, 0xac, 0x60, 0xb0, 0x22, 0xae, 0x05, 0x2e, 0x76, 0xae, 0x5d, 0x21,
  0x1a, 0x2f, 0xcd, 0x27, 0x81, 0x23, 0x1b, 0xaf, 0x5f, 0xaf, 0x1b, 0x2a,
  0xa2, 0xa9, 0xc0, 0xaf, 0xd5, 0xa6, 0x14, 0x9b, 0x3b, 0xaf, 0x8c, 0x9a,
  0x1e, 0xb0, 0xa3, 0x27, 0xdd, 0xaf, 0x12, 0xac, 0x9d, 0xa5, 0x7e, 0x30,
  0x8f, 0x2c, 0xbe, 0xa4, 0x00, 0x2d, 0xc1, 0x2d, 0x42, 0x9f, 0xed, 0x9e,
  0xc0, 0x2d, 0xd3, 0xa3, 0xeb, 0x30, 0x7d, 0x2e, 0x33, 0x2f, 0xe1, 0x1d,
  0x05, 0xab, 0x50, 0x30, 0x90, 0x26, 0x5a, 0xad, 0x01, 0xaf, 0xc4, 0xac,
  0x38, 0x2d, 0x05, 0xaa, 0x2e, 0x27, 0x54, 0x2a, 0x1e, 0xad, 0xc7, 0x21,
  0xeb, 0x2f, 0xa6, 0x25, 0x11, 0x2e, 0x06, 0x27, 0x6a, 0x30, 0x0a, 0xac,
  0x93, 0xa8, 0xbf, 0x30, 0x25, 0x31, 0x0a, 0x2a, 0x6d, 0xae, 0x4b, 0x2e,
  0x83, 0xac, 0xcb, 0x30, 0xd1, 0x24, 0x22, 0x28, 0x56, 0x31, 0xca, 0x29,
  0xbf, 0x2f, 0x3e, 0xad, 0xec, 0xa2, 0xd2, 0x21, 0x31, 0x30, 0xde, 0xa9,
  0x75, 0x31, 0x8e, 0xa0, 0xe9, 0x2c, 0x70, 0x2e, 0x0c, 0x28, 0x69, 0x30,
  0x10, 0xa9, 0xb3, 0xaa, 0x16, 0x30, 0x3c, 0x2d, 0xf5, 0xad, 0xc8, 0x2c,
  0x26, 0xa6, 0xf5, 0x2f, 0x3c, 0x23, 0xcb, 0xaf, 0xde, 0x28, 0xd5, 0x26,
  0xc0, 0xae, 0xa2, 0x26, 0x77, 0xaf, 0xfb, 0x2e, 0x19, 0xad, 0x1b, 0xb0,
  0x2a, 0xab, 0xda, 0xa6, 0x5e, 0x2a, 0x3d, 0xb0, 0x39, 0xae, 0xe2, 0x2b,
  0x9e, 0xac, 0xd3, 0xa8, 0x4f, 0x26, 0x51, 0x2b, 0x98, 0x29, 0x4e, 0x2f,
  0xc8, 0xae, 0xa5, 0xaf, 0xbd, 0xaf, 0xc8, 0x2f, 0xe7, 0x27, 0xf2, 0xa8,
  0xf2, 0x22, 0x7c, 0xa3, 0x9a, 0x30, 0xd2, 0x9c, 0xa3, 0xae, 0x19, 0xae,
  0xb4, 0x26, 0x75, 0x22, 0x5a, 0xa4, 0xa4, 0x2c, 0x71, 0xaa, 0x8d, 0x2e,
  0x8e, 0x25, 0x2d, 0x2c, 0x95, 0x2c, 0x76, 0x2c, 0xa2, 0x28, 0x88, 0xad,
  0xc7, 0x1c, 0x94, 0xa7, 0xac, 0xac, 0x0c, 0xa1, 0xb4, 0x2d, 0x9b, 0xae,
  0x53, 0xad, 0xdc, 0x2c, 0x19, 0xb0, 0xa0, 0x29, 0xed, 0xac, 0xeb, 0x2a,
  0x65, 0xa9, 0x76, 0xa5, 0x70, 0xa9, 0x7f, 0xab, 0x51, 0xac, 0x97, 0xb0,
  0xc9, 0xa8, 0xf5, 0xb0, 0x48, 0x2b, 0xb0, 0x2b, 0xdf, 0xae, 0x7e, 0x28,
  0xb3, 0xab, 0x1a, 0x2f, 0x0a, 0xae, 0xcf, 0xaf, 0x8d, 0x2f, 0x87, 0xad,
  0xe7, 0x2f, 0x19, 0xb1, 0x35, 0x29, 0x3b, 0x2c, 0x1c, 0xb0, 0x04, 0xb1,
  0x81, 0x26, 0x5f, 0xb0, 0xaa, 0x02, 0x07, 0xb1, 0x39, 0xae, 0x5d, 0x2a,
  0x10, 0xaf, 0xe1, 0xae, 0x6e, 0x20, 0xa2, 0x2c, 0x86, 0x28, 0x8d, 0xad,
  0x6e, 0x1c, 0x2a, 0x29, 0x5c, 0x2d, 0xef, 0x2d, 0x29, 0xad, 0x92, 0x30,
  0x68, 0x26, 0x41, 0x30, 0x8c, 0x2c, 0x1d, 0x28, 0xc5, 0x2f, 0x7c, 0xa8,
  0x49, 0x2e, 0x6b, 0xaf, 0x25, 0x2f, 0x44, 0x2b, 0x9b, 0x2d, 0x4c, 0x30,
  0x7e, 0xa8, 0x03, 0xad, 0xe4, 0xaa, 0x0d, 0xaf, 0x55, 0xad, 0x6e, 0x30,
  0x0a, 0x26, 0x2e, 0x2f, 0x80, 0x25, 0x19, 0xaf, 0x6d, 0x2f, 0x80, 0x28,
  0xfc, 0x30, 0x16, 0x2d, 0x96, 0x2f, 0xd8, 0xab, 0xf9, 0x2a, 0x0e, 0xae,
  0xa8, 0xa7, 0x27, 0x2f, 0x2d, 0x2c, 0x5b, 0x31, 0x05, 0x30, 0x1e, 0xa9,
  0xe7, 0xae, 0x40, 0x25, 0x04, 0xb1, 0xb6, 0xad, 0x8a, 0x1d, 0xd7, 0x31,
  0xdc, 0xa8, 0x29, 0x21, 0x9f, 0x2d, 0xc6, 0x2d, 0x5e, 0xaf, 0xd3, 0xaf,
  0x69, 0x30, 0x50, 0xa6, 0x26, 0xb0, 0xb4, 0xac, 0xf2, 0x2f, 0x2e, 0xb0,
  0x55, 0xa4, 0xf9, 0xa3, 0x51, 0xaf, 0x6f, 0x2e, 0x13, 0x98, 0x30, 0x2a,
  0x82, 0xa8, 0xe8, 0xaa, 0x1b, 0x2a, 0xe0, 0xae, 0xbd, 0x9e, 0x0b, 0x2d,
  0x02, 0x25, 0x58, 0x2f, 0x2a, 0x30, 0xcf, 0x21, 0x77, 0x26, 0x84, 0x2c,
  0x75, 0xa8, 0xaf, 0xa9, 0x3b, 0xb0, 0x3c, 0x21, 0x48, 0xac, 0x6f, 0xad,
  0xb2, 0xab, 0xe9, 0x28, 0x55, 0x30, 0x1a, 0xa4, 0xb2, 0x2e, 0x14, 0xac,
  0xf4, 0x29, 0x09, 0xaf, 0x20, 0xac, 0x87, 0xad, 0xb6, 0xae, 0xd1, 0xa8,
  0x99, 0xa9, 0x1c, 0x31, 0xa0, 0x2e, 0x74, 0x2d, 0xb3, 0xac, 0x98, 0xa9,
  0x3f, 0x26, 0xbf, 0xac, 0x17, 0x2d, 0x36, 0xab, 0x9a, 0xad, 0x7a, 0xaf,
  0xf3, 0x2e, 0xec, 0x2d, 0x67, 0x2c, 0x6c, 0x2f, 0x01, 0x22, 0xd6, 0xae,
  0x3a, 0x2e, 0x4d, 0xa0, 0xe7, 0x2f, 0x2d, 0x30, 0xe2, 0x30, 0x56, 0xac,
  0x78, 0xac, 0x26, 0x2f, 0x28, 0x2c, 0x1d, 0x2c, 0xc2, 0x29, 0x0c, 0xa6,
  0x10, 0xa8, 0x7d, 0x2b, 0xa9, 0xaa, 0xc7, 0x2b, 0x17, 0x2e, 0x9d, 0xad,
  0x0b, 0x29, 0x40, 0x2c, 0xae, 0x2e, 0x1c, 0x32, 0xa7, 0x26, 0x47, 0x30,
  0xbe, 0xaa, 0xff, 0xab, 0x92, 0xfa, 0xff, 0xff, 0x04, 0x00, 0x00, 0x00,
  0xe0, 0x00, 0x00, 0x00, 0xb5, 0xb0, 0x14, 0x33, 0x3b, 0xa6, 0xb7, 0x30,
  0x6d, 0x31, 0x5c, 0xb3, 0x0e, 0xb4, 0x71, 0xb3, 0xf2, 0x2d, 0x8e, 0x30,
  0x6e, 0xb2, 0xe8, 0x27, 0x48, 0xad, 0xad, 0xac, 0xb9, 0xa6, 0x8d, 0x30,
  0x2b, 0x2c, 0xf3, 0x2e, 0xfa, 0x32, 0xbc, 0xb2, 0x4b, 0x30, 0x4e, 0x2c,
  0xa9, 0x30, 0xf7, 0x9a, 0x9b, 0xa7, 0x99, 0xb0, 0xf5, 0x30, 0x97, 0x34,
  0x32, 0xa7, 0x66, 0x31, 0x8e, 0x1e, 0xa0, 0xb1, 0x37, 0x2e, 0x30, 0xac,
  0x3d, 0x2d, 0xbf, 0xb0, 0x86, 0x2f, 0xfb, 0xb1, 0xec, 0xb2, 0xd3, 0xac,
  0x8a, 0xa5, 0xbe, 0xaf, 0x05, 0x31, 0xa7, 0xb0, 0xa8, 0xae, 0xae, 0xb0,
  0xb7, 0xb0, 0x10, 0x34, 0xc9, 0xb2, 0x73, 0xab, 0x48, 0x30, 0x3a, 0x27,
  0x61, 0xb0, 0xed, 0x2e, 0x30, 0xa4, 0x09, 0x2f, 0xb1, 0x32, 0xb4, 0xb1,
  0x7d, 0x30, 0x41, 0xb4, 0x85, 0x32, 0x80, 0xb0, 0xdb, 0xae, 0x4e, 0xb4,
  0xf5, 0xb0, 0xa2, 0xb3, 0xe2, 0xb1, 0xd6, 0x2e, 0xa7, 0xb1, 0xd5, 0xad,
  0x2a, 0xaf, 0x8e, 0xb2, 0xc6, 0x2a, 0xd9, 0xaf, 0x57, 0xad, 0x9c, 0xaf,
  0x28, 0xb1, 0xa8, 0x32, 0x39, 0xa7, 0x55, 0x31, 0x18, 0xa9, 0xd2, 0xae,
  0x8a, 0x31, 0xf9, 0xae, 0x85, 0xb0, 0x80, 0xb2, 0x5e, 0xa9, 0xdf, 0xa9,
  0xd1, 0x2f, 0x2b, 0x31, 0xaf, 0x21, 0x86, 0xb0, 0x53, 0xb0, 0xe2, 0x2a,
  0x93, 0x30, 0x84, 0xb4, 0x78, 0xb4, 0x15, 0xab, 0x17, 0xae, 0x0d, 0x2b,
  0xdd, 0x2f, 0x4c, 0xb0, 0x0b, 0xae, 0x23, 0xb1, 0x81, 0xa5, 0x23, 0xb2,
  0xb6, 0xb1, 0x76, 0x24, 0x63, 0x32, 0x53, 0x2c, 0x35, 0x31, 0x25, 0x32,
  0x7e, 0xfb, 0xff, 0xff, 0x04, 0x00, 0x00, 0x00, 0x08, 0x00, 0x00, 0x00,
  0x01, 0x00, 0x00, 0x00, 0x02, 0x00, 0x00, 0x00, 0x92, 0xfb, 0xff, 0xff,
  0x04, 0x00, 0x00, 0x00, 0x60, 0x03, 0x00, 0x00, 0x03, 0x33, 0xdd, 0xb0,
  0x8e, 0x31, 0x99, 0xb1, 0x44, 0x2f, 0x5b, 0xb1, 0xdd, 0x2d, 0xf3, 0x30,
  0x2a, 0x32, 0xe5, 0x24, 0xb9, 0x31, 0xca, 0xad, 0x56, 0xb3, 0x21, 0xb0,
  0x34, 0xac, 0xb3, 0xaf, 0x15, 0xad, 0xa0, 0xae, 0x5d, 0x2d, 0x18, 0x2c,
  0x82, 0xb0, 0x82, 0x27, 0xfb, 0xac, 0xb9, 0xb1, 0x73, 0x2a, 0x2e, 0xb2,
  0xba, 0x26, 0x7b, 0xa1, 0x6f, 0x28, 0xa1, 0xad, 0x91, 0x2b, 0x1c, 0xb0,
  0x9e, 0x2b, 0xf0, 0xab, 0x5c, 0xaf, 0xc7, 0xae, 0xc5, 0xac, 0xaf, 0xb1,
  0x2b, 0xab, 0xf8, 0x19, 0x39, 0xad, 0xc4, 0xb1, 0xe9, 0x31, 0x2d, 0x2f,
  0x0d, 0xb1, 0x6a, 0xb1, 0x90, 0xad, 0x49, 0xb0, 0xdc, 0x1d, 0xbc, 0xb0,
  0x80, 0xb1, 0xff, 0x32, 0x0d, 0xb0, 0x2b, 0x2c, 0xc4, 0xa1, 0xb8, 0xad,
  0xb9, 0xb1, 0x80, 0xb0, 0x41, 0xb1, 0x85, 0xb2, 0x47, 0x2d, 0x7d, 0x30,
  0xfa, 0x30, 0xa1, 0xb1, 0x77, 0x2d, 0xdd, 0xa6, 0x09, 0x2a, 0x8c, 0x2b,
  0xf4, 0x29, 0x4f, 0x30, 0x01, 0x2f, 0xb2, 0x30, 0x66, 0x31, 0xd7, 0xaf,
  0x56, 0x2f, 0x71, 0x29, 0x0f, 0x2f, 0x57, 0xb2, 0xd9, 0x33, 0x8b, 0xac,
  0x5c, 0x2c, 0x38, 0xac, 0xda, 0x26, 0x1f, 0xaf, 0xf4, 0x30, 0xcd, 0xae,
  0x28, 0xa4, 0x0a, 0xb0, 0x52, 0xae, 0xf3, 0x2c, 0x27, 0x25, 0xc9, 0xaa,
  0x7d, 0xa6, 0xef, 0x32, 0xe5, 0x1c, 0xf7, 0x30, 0x11, 0x0f, 0x04, 0x90,
  0x30, 0x30, 0x50, 0x28, 0xa0, 0x2b, 0x67, 0xa4, 0x06, 0x23, 0x78, 0xb0,
  0xc3, 0x2f, 0x20, 0xb0, 0xcc, 0x2d, 0xc0, 0x30, 0x95, 0x27, 0x06, 0xa9,
  0x15, 0x2b, 0x04, 0xb1, 0x7f, 0x31, 0x54, 0xad, 0xc6, 0xae, 0x99, 0x2e,
  0x81, 0xb1, 0xd6, 0xa5, 0x10, 0x2b, 0xce, 0xa6, 0xc3, 0xb1, 0xda, 0x2e,
  0x08, 0xa2, 0xdf, 0x2c, 0xad, 0xac, 0x98, 0xb4, 0xb1, 0xa8, 0xb7, 0xaf,
  0xfa, 0x1a, 0x36, 0x24, 0x72, 0x30, 0x39, 0xab, 0xf3, 0x2f, 0xa8, 0xae,
  0x4e, 0xb1, 0xde, 0xae, 0xcb, 0xa4, 0x08, 0x30, 0x65, 0xad, 0x88, 0xb3,
  0xab, 0xaa, 0xf9, 0xab, 0x35, 0xad, 0x85, 0xb0, 0xdb, 0x2c, 0xbc, 0x31,
  0xec, 0xb1, 0x62, 0x29, 0x6b, 0x2c, 0xc2, 0xb2, 0xda, 0xa2, 0x7d, 0x2e,
  0xef, 0x30, 0x98, 0xb1, 0x9e, 0xaf, 0xc5, 0xb0, 0x0f, 0x30, 0x23, 0xa8,
  0x1c, 0xb4, 0x17, 0xa5, 0xfe, 0xa4, 0xae, 0x32, 0x4b, 0x2e, 0x68, 0xb0,
  0xcd, 0x2d, 0x33, 0xb4, 0x31, 0xb2, 0xb3, 0x2e, 0x1b, 0xa8, 0x58, 0xaa,
  0xa4, 0x20, 0x76, 0xaf, 0x09, 0x9a, 0xa1, 0x1c, 0x07, 0xb4, 0x2b, 0xa0,
  0x2d, 0xb3, 0x45, 0x18, 0x75, 0x2c, 0xa9, 0x24, 0x8e, 0x31, 0x1f, 0x30,
  0x14, 0x27, 0xbc, 0xaf, 0x35, 0xb3, 0x48, 0x29, 0x9c, 0xad, 0x02, 0x32,
  0x17, 0xa7, 0x97, 0xb0, 0x2b, 0x2a, 0x94, 0xa0, 0xb5, 0xaf, 0x64, 0x2f,
  0x3c, 0xa2, 0x49, 0x30, 0x07, 0xb0, 0x0a, 0xab, 0x36, 0xb1, 0x51, 0x2e,
  0x86, 0x9d, 0x89, 0x28, 0x94, 0xb2, 0xb5, 0x24, 0x44, 0xa7, 0xd4, 0x31,
  0x11, 0x29, 0xb3, 0xaf, 0xfb, 0x29, 0xb0, 0x26, 0x49, 0xac, 0x46, 0xac,
  0xef, 0x2d, 0x4b, 0x2e, 0x5f, 0xab, 0xf8, 0x2f, 0x72, 0xad, 0x84, 0x30,
  0x74, 0x31, 0x32, 0xb3, 0xa0, 0xb0, 0x24, 0xb2, 0x69, 0xac, 0x4a, 0xaf,
  0xd6, 0xa9, 0xd3, 0xa9, 0x36, 0xb0, 0x56, 0xa6, 0xa8, 0xad, 0x62, 0xaf,
  0x5c, 0x25, 0x52, 0x34, 0xf8, 0x30, 0x2b, 0xb2, 0xee, 0x22, 0xeb, 0xb0,
  0x07, 0x32, 0x37, 0xab, 0xde, 0x31, 0xb9, 0xb0, 0x27, 0x34, 0x9a, 0x2e,
  0x82, 0x2d, 0xce, 0xac, 0x89, 0x2f, 0x26, 0xb0, 0x7f, 0x2d, 0x09, 0xad,
  0x6c, 0xb0, 0xdc, 0x2c, 0x9c, 0xb2, 0x4b, 0x32, 0x1e, 0xaa, 0xd8, 0x31,
  0x57, 0xad, 0xe4, 0x2e, 0x63, 0x32, 0x96, 0xb0, 0xd5, 0x30, 0x90, 0xae,
  0x81, 0x31, 0x90, 0xb0, 0x35, 0xb1, 0x29, 0xb1, 0x40, 0xb0, 0xfa, 0xa3,
  0x0a, 0x30, 0xd4, 0x2d, 0xe7, 0x2d, 0xc3, 0xa8, 0x9a, 0x23, 0xa9, 0xaf,
  0x7e, 0xa8, 0x98, 0xb1, 0xca, 0xb2, 0xd8, 0xb0, 0x0b, 0xb1, 0xa2, 0x2c,
  0xae, 0xaf, 0xb8, 0xa4, 0xa1, 0x30, 0xb2, 0x24, 0x46, 0xb2, 0x99, 0xb3,
  0xfb, 0x2f, 0x24, 0xb2, 0x43, 0xa9, 0x7a, 0xb3, 0xc6, 0xad, 0x03, 0xac,
  0x80, 0xae, 0x7b, 0xaf, 0xa5, 0xa5, 0xdb, 0xac, 0x6b, 0xad, 0xde, 0x26,
  0x0d, 0xb3, 0x55, 0xa7, 0x27, 0x30, 0x53, 0xb2, 0xe2, 0x30, 0x37, 0x33,
  0x3f, 0xb1, 0x7a, 0x29, 0x27, 0xb2, 0xbd, 0xb2, 0xf3, 0x2c, 0xb5, 0xb0,
  0xcf, 0x30, 0x50, 0x23, 0x14, 0xa9, 0x0a, 0xad, 0x00, 0xb2, 0x21, 0xaf,
  0x68, 0xb0, 0x3e, 0x27, 0xa4, 0x18, 0x5d, 0x29, 0xf4, 0xae, 0xbb, 0xaa,
  0xe3, 0xa7, 0x4e, 0xb2, 0x3c, 0xb1, 0x21, 0xb4, 0x9f, 0x2b, 0x33, 0xad,
  0xce, 0x29, 0x9a, 0xb1, 0x19, 0xb2, 0x21, 0x23, 0xcf, 0xad, 0xf6, 0xaa,
  0x1a, 0xb2, 0x56, 0xad, 0x5d, 0xb0, 0x5a, 0xae, 0x36, 0x2c, 0x38, 0xae,
  0xc6, 0xae, 0x2f, 0x90, 0x2e, 0xb3, 0x8d, 0x2b, 0x18, 0xb0, 0x8f, 0x30,
  0xfe, 0xaf, 0x2e, 0xa7, 0x7e, 0xaf, 0xd2, 0x29, 0x16, 0x29, 0xec, 0xa5,
  0x1c, 0xb3, 0x79, 0x2d, 0x01, 0xad, 0x1a, 0xac, 0x2d, 0x28, 0x4b, 0x2a,
  0x0f, 0x2a, 0xf3, 0x30, 0x5c, 0xa5, 0x3d, 0x2b, 0x52, 0x2b, 0xc2, 0xaa,
  0x15, 0x32, 0x74, 0xaa, 0x22, 0x2e, 0xdd, 0x2c, 0xaf, 0xaa, 0xfd, 0xae,
  0x5c, 0x33, 0xb3, 0xb1, 0x9c, 0x2d, 0x23, 0x23, 0xac, 0xa6, 0xd3, 0x25,
  0x6e, 0xad, 0x96, 0x2d, 0x87, 0xae, 0xb1, 0x30, 0xd2, 0x1e, 0x69, 0xad,
  0x4a, 0xad, 0x0c, 0x34, 0xab, 0x2f, 0x67, 0x2a, 0x2a, 0xb1, 0xcb, 0x14,
  0xbd, 0x31, 0xd7, 0xad, 0x8d, 0x14, 0xbe, 0x9d, 0x5d, 0x34, 0x39, 0x30,
  0xf5, 0x30, 0x7f, 0x22, 0xa6, 0x33, 0x5a, 0xaf, 0x2b, 0x30, 0xc1, 0x26,
  0x23, 0xb0, 0x8a, 0x32, 0x40, 0x2f, 0x78, 0xb0, 0x27, 0xac, 0x30, 0x30,
  0x7f, 0xa5, 0xaa, 0x31, 0x59, 0xac, 0xab, 0xae, 0xc7, 0x2e, 0x11, 0xa8,
  0x9d, 0xaf, 0xe9, 0x2c, 0xc8, 0xb0, 0x74, 0xb1, 0x0a, 0x2b, 0x02, 0x2c,
  0x28, 0x2d, 0x37, 0xa4, 0x92, 0xb2, 0x51, 0x30, 0x27, 0xaf, 0x9b, 0xb2,
  0x40, 0xad, 0xb1, 0x31, 0xd8, 0x31, 0xe7, 0x1c, 0xb8, 0xab, 0x11, 0xb1,
  0x81, 0xae, 0x86, 0x99, 0xcc, 0x28, 0x15, 0xb2, 0xfe, 0xfe, 0xff, 0xff,
  0x04, 0x00, 0x00, 0x00, 0x20, 0x00, 0x00, 0x00, 0x69, 0xaf, 0xe6, 0x18,
  0x1a, 0x33, 0x0e, 0xa1, 0xe9, 0x2c, 0x3e, 0xac, 0x43, 0xae, 0xe5, 0xaf,
  0x4a, 0x2a, 0x69, 0x2c, 0x21, 0xac, 0x9a, 0x32, 0x16, 0xad, 0x35, 0x2f,
  0xb8, 0xb1, 0x12, 0x1e, 0xfc, 0xe6, 0xff, 0xff, 0x00, 0xe7, 0xff, 0xff,
  0x0f, 0x00, 0x00, 0x00, 0x4d, 0x4c, 0x49, 0x52, 0x20, 0x43, 0x6f, 0x6e,
  0x76, 0x65, 0x72, 0x74, 0x65, 0x64, 0x2e, 0x00, 0x01, 0x00, 0x00, 0x00,
  0x14, 0x00, 0x00, 0x00, 0x00, 0x00, 0x0e, 0x00, 0x18, 0x00, 0x14, 0x00,
  0x10, 0x00, 0x0c, 0x00, 0x08, 0x00, 0x04, 0x00, 0x0e, 0x00, 0x00, 0x00,
  0x14, 0x00, 0x00, 0x00, 0x1c, 0x00, 0x00, 0x00, 0xa8, 0x04, 0x00, 0x00,
  0xac, 0x04, 0x00, 0x00, 0xb0, 0x04, 0x00, 0x00, 0x04, 0x00, 0x00, 0x00,
  0x6d, 0x61, 0x69, 0x6e, 0x00, 0x00, 0x00, 0x00, 0x18, 0x00, 0x00, 0x00,
  0x70, 0x04, 0x00, 0x00, 0x44, 0x04, 0x00, 0x00, 0x24, 0x04, 0x00, 0x00,
  0x04, 0x04, 0x00, 0x00, 0xe4, 0x03, 0x00, 0x00, 0xc4, 0x03, 0x00, 0x00,
  0xa4, 0x03, 0x00, 0x00, 0x84, 0x03, 0x00, 0x00, 0x64, 0x03, 0x00, 0x00,
  0x44, 0x03, 0x00, 0x00, 0x24, 0x03, 0x00, 0x00, 0x04, 0x03, 0x00, 0x00,
  0xe4, 0x02, 0x00, 0x00, 0xc4, 0x02, 0x00, 0x00, 0x74, 0x02, 0x00, 0x00,
  0x20, 0x02, 0x00, 0x00, 0xdc, 0x01, 0x00, 0x00, 0x98, 0x01, 0x00, 0x00,
  0x54, 0x01, 0x00, 0x00, 0x10, 0x01, 0x00, 0x00, 0xbc, 0x00, 0x00, 0x00,
  0x78, 0x00, 0x00, 0x00, 0x40, 0x00, 0x00, 0x00, 0x04, 0x00, 0x00, 0x00,
  0x62, 0xff, 0xff, 0xff, 0x1c, 0x00, 0x00, 0x00, 0x00, 0x00, 0x00, 0x09,
  0x1c, 0x00, 0x00, 0x00, 0x20, 0x00, 0x00, 0x00, 0x05, 0x00, 0x00, 0x00,
  0x00, 0x00, 0x06, 0x00, 0x08, 0x00, 0x04, 0x00, 0x06, 0x00, 0x00, 0x00,
  0x00, 0x00, 0x80, 0x3f, 0x01, 0x00, 0x00, 0x00, 0x27, 0x00, 0x00, 0x00,
  0x01, 0x00, 0x00, 0x00, 0x26, 0x00, 0x00, 0x00, 0xfa, 0xfd, 0xff, 0xff,
  0x14, 0x00, 0x00, 0x00, 0x00, 0x00, 0x00, 0x08, 0x10, 0x00, 0x00, 0x00,
  0x14, 0x00, 0x00, 0x00, 0x04, 0x00, 0x00, 0x00, 0x08, 0xe8, 0xff, 0xff,
  0x01, 0x00, 0x00, 0x00, 0x26, 0x00, 0x00, 0x00, 0x03, 0x00, 0x00, 0x00,
  0x25, 0x00, 0x00, 0x00, 0x1b, 0x00, 0x00, 0x00, 0x15, 0x00, 0x00, 0x00,
  0x2e, 0xfe, 0xff, 0xff, 0x14, 0x00, 0x00, 0x00, 0x00, 0x00, 0x00, 0x1b,
  0x10, 0x00, 0x00, 0x00, 0x14, 0x00, 0x00, 0x00, 0x03, 0x00, 0x00, 0x00,
  0x3c, 0xe8, 0xff, 0xff, 0x01, 0x00, 0x00, 0x00, 0x25, 0x00, 0x00, 0x00,
  0x02, 0x00, 0x00, 0x00, 0x24, 0x00, 0x00, 0x00, 0x03, 0x00, 0x00, 0x00,
  0x00, 0x00, 0x0e, 0x00, 0x1a, 0x00, 0x14, 0x00, 0x10, 0x00, 0x0c, 0x00,
  0x0b, 0x00, 0x04, 0x00, 0x0e, 0x00, 0x00, 0x00, 0x24, 0x00, 0x00, 0x00,
  0x00, 0x00, 0x00, 0x05, 0x34, 0x00, 0x00, 0x00, 0x38, 0x00, 0x00, 0x00,
  0x02, 0x00, 0x00, 0x00, 0x00, 0x00, 0x0e, 0x00, 0x18, 0x00, 0x17, 0x00,
  0x10, 0x00, 0x0c, 0x00, 0x08, 0x00, 0x04, 0x00, 0x0e, 0x00, 0x00, 0x00,
  0x02, 0x00, 0x00, 0x00, 0x01, 0x00, 0x00, 0x00, 0x02, 0x00, 0x00, 0x00,
  0x01, 0x00, 0x00, 0x00, 0x00, 0x00, 0x00, 0x01, 0x01, 0x00, 0x00, 0x00,
  0x24, 0x00, 0x00, 0x00, 0x01, 0x00, 0x00, 0x00, 0x23, 0x00, 0x00, 0x00,
  0xbe, 0xfe, 0xff, 0xff, 0x14, 0x00, 0x00, 0x00, 0x00, 0x00, 0x00, 0x01,
  0x1c, 0x00, 0x00, 0x00, 0x20, 0x00, 0x00, 0x00, 0x01, 0x00, 0x00, 0x00,
  0xb0, 0xfe, 0xff, 0xff, 0x00, 0x00, 0x00, 0x01, 0x01, 0x00, 0x00, 0x00,
  0x01, 0x00, 0x00, 0x00, 0x01, 0x00, 0x00, 0x00, 0x23, 0x00, 0x00, 0x00,
  0x03, 0x00, 0x00, 0x00, 0x22, 0x00, 0x00, 0x00, 0x16, 0x00, 0x00, 0x00,
  0x10, 0x00, 0x00, 0x00, 0xfe, 0xfe, 0xff, 0xff, 0x14, 0x00, 0x00, 0x00,
  0x00, 0x00, 0x00, 0x01, 0x1c, 0x00, 0x00, 0x00, 0x20, 0x00, 0x00, 0x00,
  0x01, 0x00, 0x00, 0x00, 0xf0, 0xfe, 0xff, 0xff, 0x00, 0x00, 0x00, 0x01,
  0x01, 0x00, 0x00, 0x00, 0x01, 0x00, 0x00, 0x00, 0x01, 0x00, 0x00, 0x00,
  0x22, 0x00, 0x00, 0x00, 0x03, 0x00, 0x00, 0x00, 0x21, 0x00, 0x00, 0x00,
  0x17, 0x00, 0x00, 0x00, 0x11, 0x00, 0x00, 0x00, 0x3e, 0xff, 0xff, 0xff,
  0x14, 0x00, 0x00, 0x00, 0x00, 0x00, 0x00, 0x01, 0x1c, 0x00, 0x00, 0x00,
  0x20, 0x00, 0x00, 0x00, 0x01, 0x00, 0x00, 0x00, 0x30, 0xff, 0xff, 0xff,
  0x00, 0x00, 0x00, 0x01, 0x01, 0x00, 0x00, 0x00, 0x01, 0x00, 0x00, 0x00,
  0x01, 0x00, 0x00, 0x00, 0x21, 0x00, 0x00, 0x00, 0x03, 0x00, 0x00, 0x00,
  0x20, 0x00, 0x00, 0x00, 0x18, 0x00, 0x00, 0x00, 0x12, 0x00, 0x00, 0x00,
  0x7e, 0xff, 0xff, 0xff, 0x14, 0x00, 0x00, 0x00, 0x00, 0x00, 0x00, 0x01,
  0x1c, 0x00, 0x00, 0x00, 0x20, 0x00, 0x00, 0x00, 0x01, 0x00, 0x00, 0x00,
  0x70, 0xff, 0xff, 0xff, 0x00, 0x00, 0x00, 0x01, 0x01, 0x00, 0x00, 0x00,
  0x01, 0x00, 0x00, 0x00, 0x01, 0x00, 0x00, 0x00, 0x20, 0x00, 0x00, 0x00,
  0x03, 0x00, 0x00, 0x00, 0x1f, 0x00, 0x00, 0x00, 0x19, 0x00, 0x00, 0x00,
  0x13, 0x00, 0x00, 0x00, 0xbe, 0xff, 0xff, 0xff, 0x14, 0x00, 0x00, 0x00,
  0x00, 0x00, 0x00, 0x01, 0x1c, 0x00, 0x00, 0x00, 0x20, 0x00, 0x00, 0x00,
  0x01, 0x00, 0x00, 0x00, 0xb0, 0xff, 0xff, 0xff, 0x00, 0x00, 0x00, 0x01,
  0x01, 0x00, 0x00, 0x00, 0x01, 0x00, 0x00, 0x00, 0x01, 0x00, 0x00, 0x00,
  0x1f, 0x00, 0x00, 0x00, 0x03, 0x00, 0x00, 0x00, 0x1e, 0x00, 0x00, 0x00,
  0x1a, 0x00, 0x00, 0x00, 0x14, 0x00, 0x00, 0x00, 0x00, 0x00, 0x0e, 0x00,
  0x18, 0x00, 0x14, 0x00, 0x10, 0x00, 0x0c, 0x00, 0x0b, 0x00, 0x04, 0x00,
  0x0e, 0x00, 0x00, 0x00, 0x20, 0x00, 0x00, 0x00, 0x00, 0x00, 0x00, 0x01,
  0x28, 0x00, 0x00, 0x00, 0x2c, 0x00, 0x00, 0x00, 0x01, 0x00, 0x00, 0x00,
  0x0c, 0x00, 0x10, 0x00, 0x00, 0x00, 0x0c, 0x00, 0x08, 0x00, 0x07, 0x00,
  0x0c, 0x00, 0x00, 0x00, 0x00, 0x00, 0x00, 0x01, 0x01, 0x00, 0x00, 0x00,
  0x01, 0x00, 0x00, 0x00, 0x01, 0x00, 0x00, 0x00, 0x1e, 0x00, 0x00, 0x00,
  0x03, 0x00, 0x00, 0x00, 0x00, 0x00, 0x00, 0x00, 0x1c, 0x00, 0x00, 0x00,
  0x1d, 0x00, 0x00, 0x00, 0x92, 0xfe, 0xff, 0xff, 0x08, 0x00, 0x00, 0x00,
  0x0c, 0x00, 0x00, 0x00, 0x01, 0x00, 0x00, 0x00, 0x1d, 0x00, 0x00, 0x00,
  0x01, 0x00, 0x00, 0x00, 0x01, 0x00, 0x00, 0x00, 0xae, 0xfe, 0xff, 0xff,
  0x08, 0x00, 0x00, 0x00, 0x0c, 0x00, 0x00, 0x00, 0x01, 0x00, 0x00, 0x00,
  0x1c, 0x00, 0x00, 0x00, 0x01, 0x00, 0x00, 0x00, 0x02, 0x00, 0x00, 0x00,
  0xca, 0xfe, 0xff, 0xff, 0x08, 0x00, 0x00, 0x00, 0x0c, 0x00, 0x00, 0x00,
  0x01, 0x00, 0x00, 0x00, 0x1b, 0x00, 0x00, 0x00, 0x01, 0x00, 0x00, 0x00,
  0x04, 0x00, 0x00, 0x00, 0xe6, 0xfe, 0xff, 0xff, 0x08, 0x00, 0x00, 0x00,
  0x0c, 0x00, 0x00, 0x00, 0x01, 0x00, 0x00, 0x00, 0x1a, 0x00, 0x00, 0x00,
  0x01, 0x00, 0x00, 0x00, 0x05, 0x00, 0x00, 0x00, 0x02, 0xff, 0xff, 0xff,
  0x08, 0x00, 0x00, 0x00, 0x0c, 0x00, 0x00, 0x00, 0x01, 0x00, 0x00, 0x00,
  0x19, 0x00, 0x00, 0x00, 0x01, 0x00, 0x00, 0x00, 0x06, 0x00, 0x00, 0x00,
  0x1e, 0xff, 0xff, 0xff, 0x08, 0x00, 0x00, 0x00, 0x0c, 0x00, 0x00, 0x00,
  0x01, 0x00, 0x00, 0x00, 0x18, 0x00, 0x00, 0x00, 0x01, 0x00, 0x00, 0x00,
  0x07, 0x00, 0x00, 0x00, 0x3a, 0xff, 0xff, 0xff, 0x08, 0x00, 0x00, 0x00,
  0x0c, 0x00, 0x00, 0x00, 0x01, 0x00, 0x00, 0x00, 0x17, 0x00, 0x00, 0x00,
  0x01, 0x00, 0x00, 0x00, 0x08, 0x00, 0x00, 0x00, 0x56, 0xff, 0xff, 0xff,
  0x08, 0x00, 0x00, 0x00, 0x0c, 0x00, 0x00, 0x00, 0x01, 0x00, 0x00, 0x00,
  0x16, 0x00, 0x00, 0x00, 0x01, 0x00, 0x00, 0x00, 0x09, 0x00, 0x00, 0x00,
  0x72, 0xff, 0xff, 0xff, 0x08, 0x00, 0x00, 0x00, 0x0c, 0x00, 0x00, 0x00,
  0x01, 0x00, 0x00, 0x00, 0x15, 0x00, 0x00, 0x00, 0x01, 0x00, 0x00, 0x00,
  0x0a, 0x00, 0x00, 0x00, 0x8e, 0xff, 0xff, 0xff, 0x08, 0x00, 0x00, 0x00,
  0x0c, 0x00, 0x00, 0x00, 0x01, 0x00, 0x00, 0x00, 0x14, 0x00, 0x00, 0x00,
  0x01, 0x00, 0x00, 0x00, 0x0b, 0x00, 0x00, 0x00, 0xaa, 0xff, 0xff, 0xff,
  0x08, 0x00, 0x00, 0x00, 0x0c, 0x00, 0x00, 0x00, 0x01, 0x00, 0x00, 0x00,
  0x13, 0x00, 0x00, 0x00, 0x01, 0x00, 0x00, 0x00, 0x0c, 0x00, 0x00, 0x00,
  0xc6, 0xff, 0xff, 0xff, 0x08, 0x00, 0x00, 0x00, 0x0c, 0x00, 0x00, 0x00,
  0x01, 0x00, 0x00, 0x00, 0x12, 0x00, 0x00, 0x00, 0x01, 0x00, 0x00, 0x00,
  0x0d, 0x00, 0x00, 0x00, 0xe2, 0xff, 0xff, 0xff, 0x08, 0x00, 0x00, 0x00,
  0x0c, 0x00, 0x00, 0x00, 0x01, 0x00, 0x00, 0x00, 0x11, 0x00, 0x00, 0x00,
  0x01, 0x00, 0x00, 0x00, 0x0e, 0x00, 0x00, 0x00, 0x00, 0x00, 0x0a, 0x00,
  0x0c, 0x00, 0x00, 0x00, 0x08, 0x00, 0x04, 0x00, 0x0a, 0x00, 0x00, 0x00,
  0x08, 0x00, 0x00, 0x00, 0x0c, 0x00, 0x00, 0x00, 0x01, 0x00, 0x00, 0x00,
  0x10, 0x00, 0x00, 0x00, 0x01, 0x00, 0x00, 0x00, 0x0f, 0x00, 0x00, 0x00,
  0x01, 0x00, 0x00, 0x00, 0x27, 0x00, 0x00, 0x00, 0x01, 0x00, 0x00, 0x00,
  0x00, 0x00, 0x00, 0x00, 0x28, 0x00, 0x00, 0x00, 0xf0, 0x13, 0x00, 0x00,
  0x34, 0x13, 0x00, 0x00, 0xb4, 0x12, 0x00, 0x00, 0x4c, 0x12, 0x00, 0x00,
  0xf0, 0x11, 0x00, 0x00, 0x88, 0x11, 0x00, 0x00, 0x20, 0x11, 0x00, 0x00,
  0xb8, 0x10, 0x00, 0x00, 0x50, 0x10, 0x00, 0x00, 0xe8, 0x0f, 0x00, 0x00,
  0x8c, 0x0f, 0x00, 0x00, 0xe8, 0x0e, 0x00, 0x00, 0x48, 0x0e, 0x00, 0x00,
  0xa8, 0x0d, 0x00, 0x00, 0x08, 0x0d, 0x00, 0x00, 0x68, 0x0c, 0x00, 0x00,
  0xc8, 0x0b, 0x00, 0x00, 0x28, 0x0b, 0x00, 0x00, 0x88, 0x0a, 0x00, 0x00,
  0xe8, 0x09, 0x00, 0x00, 0x48, 0x09, 0x00, 0x00, 0xf0, 0x08, 0x00, 0x00,
  0x88, 0x08, 0x00, 0x00, 0x20, 0x08, 0x00, 0x00, 0xb8, 0x07, 0x00, 0x00,
  0x50, 0x07, 0x00, 0x00, 0xe8, 0x06, 0x00, 0x00, 0x90, 0x06, 0x00, 0x00,
  0x28, 0x06, 0x00, 0x00, 0x88, 0x05, 0x00, 0x00, 0xdc, 0x04, 0x00, 0x00,
  0x30, 0x04, 0x00, 0x00, 0x84, 0x03, 0x00, 0x00, 0xd8, 0x02, 0x00, 0x00,
  0x2c, 0x02, 0x00, 0x00, 0x80, 0x01, 0x00, 0x00, 0x20, 0x01, 0x00, 0x00,
  0xc8, 0x00, 0x00, 0x00, 0x48, 0x00, 0x00, 0x00, 0x04, 0x00, 0x00, 0x00,
  0xc6, 0xec, 0xff, 0xff, 0x00, 0x00, 0x00, 0x01, 0x10, 0x00, 0x00, 0x00,
  0x10, 0x00, 0x00, 0x00, 0x28, 0x00, 0x00, 0x00, 0x20, 0x00, 0x00, 0x00,
  0xb0, 0xec, 0xff, 0xff, 0x11, 0x00, 0x00, 0x00, 0x50, 0x61, 0x72, 0x74,
  0x69, 0x74, 0x69, 0x6f, 0x6e, 0x65, 0x64, 0x43, 0x61, 0x6c, 0x6c, 0x3a,
  0x30, 0x00, 0x00, 0x00, 0x02, 0x00, 0x00, 0x00, 0x01, 0x00, 0x00, 0x00,
  0x07, 0x00, 0x00, 0x00, 0x06, 0xed, 0xff, 0xff, 0x00, 0x00, 0x00, 0x01,
  0x10, 0x00, 0x00, 0x00, 0x10, 0x00, 0x00, 0x00, 0x27, 0x00, 0x00, 0x00,
  0x5c, 0x00, 0x00, 0x00, 0xf0, 0xec, 0xff, 0xff, 0x4d, 0x00, 0x00, 0x00,
  0x6d, 0x6f, 0x64, 0x65, 0x6c, 0x5f, 0x31, 0x34, 0x38, 0x2f, 0x74, 0x66,
  0x2e, 0x6c, 0x69, 0x6e, 0x61, 0x6c, 0x67, 0x2e, 0x6d, 0x61, 0x74, 0x6d,
  0x75, 0x6c, 0x5f, 0x34, 0x38, 0x2f, 0x4d, 0x61, 0x74, 0x4d, 0x75, 0x6c,
  0x3b, 0x6d, 0x6f, 0x64, 0x65, 0x6c, 0x5f, 0x31, 0x34, 0x38, 0x2f, 0x74,
  0x66, 0x2e, 0x5f, 0x5f, 0x6f, 0x70, 0x65, 0x72, 0x61, 0x74, 0x6f, 0x72,
  0x73, 0x5f, 0x5f, 0x2e, 0x61, 0x64, 0x64, 0x5f, 0x31, 0x34, 0x38, 0x2f,
  0x41, 0x64, 0x64, 0x56, 0x32, 0x00, 0x00, 0x00, 0x02, 0x00, 0x00, 0x00,
  0x01, 0x00, 0x00, 0x00, 0x07, 0x00, 0x00, 0x00, 0x82, 0xed, 0xff, 0xff,
  0x00, 0x00, 0x00, 0x01, 0x10, 0x00, 0x00, 0x00, 0x10, 0x00, 0x00, 0x00,
  0x26, 0x00, 0x00, 0x00, 0x34, 0x00, 0x00, 0x00, 0x6c, 0xed, 0xff, 0xff,
  0x25, 0x00, 0x00, 0x00, 0x6d, 0x6f, 0x64, 0x65, 0x6c, 0x5f, 0x31, 0x34,
  0x38, 0x2f, 0x74, 0x66, 0x2e, 0x6d, 0x61, 0x74, 0x68, 0x2e, 0x72, 0x65,
  0x64, 0x75, 0x63, 0x65, 0x5f, 0x6d, 0x65, 0x61, 0x6e, 0x5f, 0x34, 0x38,
  0x2f, 0x4d, 0x65, 0x61, 0x6e, 0x00, 0x00, 0x00, 0x02, 0x00, 0x00, 0x00,
  0x01, 0x00, 0x00, 0x00, 0x10, 0x00, 0x00, 0x00, 0xd6, 0xed, 0xff, 0xff,
  0x00, 0x00, 0x00, 0x01, 0x10, 0x00, 0x00, 0x00, 0x10, 0x00, 0x00, 0x00,
  0x25, 0x00, 0x00, 0x00, 0x34, 0x00, 0x00, 0x00, 0xc0, 0xed, 0xff, 0xff,
  0x27, 0x00, 0x00, 0x00, 0x6d, 0x6f, 0x64, 0x65, 0x6c, 0x5f, 0x31, 0x34,
  0x38, 0x2f, 0x74, 0x66, 0x2e, 0x6e, 0x6e, 0x2e, 0x6d, 0x61, 0x78, 0x5f,
  0x70, 0x6f, 0x6f, 0x6c, 0x32, 0x64, 0x5f, 0x33, 0x38, 0x2f, 0x4d, 0x61,
  0x78, 0x50, 0x6f, 0x6f, 0x6c, 0x32, 0x64, 0x00, 0x04, 0x00, 0x00, 0x00,
  0x01, 0x00, 0x00, 0x00, 0x05, 0x00, 0x00, 0x00, 0x01, 0x00, 0x00, 0x00,
  0x10, 0x00, 0x00, 0x00, 0x32, 0xee, 0xff, 0xff, 0x00, 0x00, 0x00, 0x01,
  0x10, 0x00, 0x00, 0x00, 0x10, 0x00, 0x00, 0x00, 0x24, 0x00, 0x00, 0x00,
  0x80, 0x00, 0x00, 0x00, 0x1c, 0xee, 0xff, 0xff, 0x70, 0x00, 0x00, 0x00,
  0x6d, 0x6f, 0x64, 0x65, 0x6c, 0x5f, 0x31, 0x34, 0x38, 0x2f, 0x74, 0x66,
  0x2e, 0x6e, 0x6e, 0x2e, 0x72, 0x65, 0x6c, 0x75, 0x5f, 0x32, 0x30, 0x35,
  0x2f, 0x52, 0x65, 0x6c, 0x75, 0x3b, 0x6d, 0x6f, 0x64, 0x65, 0x6c, 0x5f,
  0x31, 0x34, 0x38, 0x2f, 0x74, 0x66, 0x2e, 0x6d, 0x61, 0x74, 0x68, 0x2e,
  0x61, 0x64, 0x64, 0x5f, 0x32, 0x30, 0x35, 0x2f, 0x41, 0x64, 0x64, 0x3b,
  0x6d, 0x6f, 0x64, 0x65, 0x6c, 0x5f, 0x31, 0x34, 0x38, 0x2f, 0x74, 0x66,
  0x2e, 0x6e, 0x6e, 0x2e, 0x63, 0x6f, 0x6e, 0x76, 0x6f, 0x6c, 0x75, 0x74,
  0x69, 0x6f, 0x6e, 0x5f, 0x32, 0x30, 0x35, 0x2f, 0x63, 0x6f, 0x6e, 0x76,
  0x6f, 0x6c, 0x75, 0x74, 0x69, 0x6f, 0x6e, 0x3b, 0x43, 0x6f, 0x6e, 0x73,
  0x74, 0x5f, 0x33, 0x32, 0x00, 0x00, 0x00, 0x00, 0x04, 0x00, 0x00, 0x00,
  0x01, 0x00, 0x00, 0x00, 0x0a, 0x00, 0x00, 0x00, 0x01, 0x00, 0x00, 0x00,
  0x10, 0x00, 0x00, 0x00, 0xda, 0xee, 0xff, 0xff, 0x00, 0x00, 0x00, 0x01,
  0x10, 0x00, 0x00, 0x00, 0x10, 0x00, 0x00, 0x00, 0x23, 0x00, 0x00, 0x00,
  0x80, 0x00, 0x00, 0x00, 0xc4, 0xee, 0xff, 0xff, 0x70, 0x00, 0x00, 0x00,
  0x6d, 0x6f, 0x64, 0x65, 0x6c, 0x5f, 0x31, 0x34, 0x38, 0x2f, 0x74, 0x66,
  0x2e, 0x6e, 0x6e, 0x2e, 0x72, 0x65, 0x6c, 0x75, 0x5f, 0x32, 0x30, 0x34,
  0x2f, 0x52, 0x65, 0x6c, 0x75, 0x3b, 0x6d, 0x6f, 0x64, 0x65, 0x6c, 0x5f,
  0x31, 0x34, 0x38, 0x2f, 0x74, 0x66, 0x2e, 0x6d, 0x61, 0x74, 0x68, 0x2e,
  0x61, 0x64, 0x64, 0x5f, 0x32, 0x30, 0x34, 0x2f, 0x41, 0x64, 0x64, 0x3b,
  0x6d, 0x6f, 0x64, 0x65, 0x6c, 0x5f, 0x31, 0x34, 0x38, 0x2f, 0x74, 0x66,
  0x2e, 0x6e, 0x6e, 0x2e, 0x63, 0x6f, 0x6e, 0x76, 0x6f, 0x6c, 0x75, 0x74,
  0x69, 0x6f, 0x6e, 0x5f, 0x32, 0x30, 0x34, 0x2f, 0x63, 0x6f, 0x6e, 0x76,
  0x6f, 0x6c, 0x75, 0x74, 0x69, 0x6f, 0x6e, 0x3b, 0x43, 0x6f, 0x6e, 0x73,
  0x74, 0x5f, 0x35, 0x32, 0x00, 0x00, 0x00, 0x00, 0x04, 0x00, 0x00, 0x00,
  0x01, 0x00, 0x00, 0x00, 0x0a, 0x00, 0x00, 0x00, 0x01, 0x00, 0x00, 0x00,
  0x10, 0x00, 0x00, 0x00, 0x82, 0xef, 0xff, 0xff, 0x00, 0x00, 0x00, 0x01,
  0x10, 0x00, 0x00, 0x00, 0x10, 0x00, 0x00, 0x00, 0x22, 0x00, 0x00, 0x00,
  0x80, 0x00, 0x00, 0x00, 0x6c, 0xef, 0xff, 0xff, 0x70, 0x00, 0x00, 0x00,
  0x6d, 0x6f, 0x64, 0x65, 0x6c, 0x5f, 0x31, 0x34, 0x38, 0x2f, 0x74, 0x66,
  0x2e, 0x6e, 0x6e, 0x2e, 0x72, 0x65, 0x6c, 0x75, 0x5f, 0x32, 0x30, 0x33,
  0x2f, 0x52, 0x65, 0x6c, 0x75, 0x3b, 0x6d, 0x6f, 0x64, 0x65, 0x6c, 0x5f,
  0x31, 0x34, 0x38, 0x2f, 0x74, 0x66, 0x2e, 0x6d, 0x61, 0x74, 0x68, 0x2e,
  0x61, 0x64, 0x64, 0x5f, 0x32, 0x30, 0x33, 0x2f, 0x41, 0x64, 0x64, 0x3b,
  0x6d, 0x6f, 0x64, 0x65, 0x6c, 0x5f, 0x31, 0x34, 0x38, 0x2f, 0x74, 0x66,
  0x2e, 0x6e, 0x6e, 0x2e, 0x63, 0x6f, 0x6e, 0x76, 0x6f, 0x6c, 0x75, 0x74,
  0x69, 0x6f, 0x6e, 0x5f, 0x32, 0x30, 0x33, 0x2f, 0x63, 0x6f, 0x6e, 0x76,
  0x6f, 0x6c, 0x75, 0x74, 0x69, 0x6f, 0x6e, 0x3b, 0x43, 0x6f, 0x6e, 0x73,
  0x74, 0x5f, 0x37, 0x32, 0x00, 0x00, 0x00, 0x00, 0x04, 0x00, 0x00, 0x00,
  0x01, 0x00, 0x00, 0x00, 0x0a, 0x00, 0x00, 0x00, 0x01, 0x00, 0x00, 0x00,
  0x10, 0x00, 0x00, 0x00, 0x2a, 0xf0, 0xff, 0xff, 0x00, 0x00, 0x00, 0x01,
  0x10, 0x00, 0x00, 0x00, 0x10, 0x00, 0x00, 0x00, 0x21, 0x00, 0x00, 0x00,
  0x80, 0x00, 0x00, 0x00, 0x14, 0xf0, 0xff, 0xff, 0x70, 0x00, 0x00, 0x00,
  0x6d, 0x6f, 0x64, 0x65, 0x6c, 0x5f, 0x31, 0x34, 0x38, 0x2f, 0x74, 0x66,
  0x2e, 0x6e, 0x6e, 0x2e, 0x72, 0x65, 0x6c, 0x75, 0x5f, 0x32, 0x30, 0x32,
  0x2f, 0x52, 0x65, 0x6c, 0x75, 0x3b, 0x6d, 0x6f, 0x64, 0x65, 0x6c, 0x5f,
  0x31, 0x34, 0x38, 0x2f, 0x74, 0x66, 0x2e, 0x6d, 0x61, 0x74, 0x68, 0x2e,
  0x61, 0x64, 0x64, 0x5f, 0x32, 0x30, 0x32, 0x2f, 0x41, 0x64, 0x64, 0x3b,
  0x6d, 0x6f, 0x64, 0x65, 0x6c, 0x5f, 0x31, 0x34, 0x38, 0x2f, 0x74, 0x66,
  0x2e, 0x6e, 0x6e, 0x2e, 0x63, 0x6f, 0x6e, 0x76, 0x6f, 0x6c, 0x75, 0x74,
  0x69, 0x6f, 0x6e, 0x5f, 0x32, 0x30, 0x32, 0x2f, 0x63, 0x6f, 0x6e, 0x76,
  0x6f, 0x6c, 0x75, 0x74, 0x69, 0x6f, 0x6e, 0x3b, 0x43, 0x6f, 0x6e, 0x73,
  0x74, 0x5f, 0x39, 0x32, 0x00, 0x00, 0x00, 0x00, 0x04, 0x00, 0x00, 0x00,
  0x01, 0x00, 0x00, 0x00, 0x0a, 0x00, 0x00, 0x00, 0x01, 0x00, 0x00, 0x00,
  0x10, 0x00, 0x00, 0x00, 0xd2, 0xf0, 0xff, 0xff, 0x00, 0x00, 0x00, 0x01,
  0x10, 0x00, 0x00, 0x00, 0x10, 0x00, 0x00, 0x00, 0x20, 0x00, 0x00, 0x00,
  0x80, 0x00, 0x00, 0x00, 0xbc, 0xf0, 0xff, 0xff, 0x71, 0x00, 0x00, 0x00,
  0x6d, 0x6f, 0x64, 0x65, 0x6c, 0x5f, 0x31, 0x34, 0x38, 0x2f, 0x74, 0x66,
  0x2e, 0x6e, 0x6e, 0x2e, 0x72, 0x65, 0x6c, 0x75, 0x5f, 0x32, 0x30, 0x31,
  0x2f, 0x52, 0x65, 0x6c, 0x75, 0x3b, 0x6d, 0x6f, 0x64, 0x65, 0x6c, 0x5f,
  0x31, 0x34, 0x38, 0x2f, 0x74, 0x66, 0x2e, 0x6d, 0x61, 0x74, 0x68, 0x2e,
  0x61, 0x64, 0x64, 0x5f, 0x32, 0x30, 0x31, 0x2f, 0x41, 0x64, 0x64, 0x3b,
  0x6d, 0x6f, 0x64, 0x65, 0x6c, 0x5f, 0x31, 0x34, 0x38, 0x2f, 0x74, 0x66,
  0x2e, 0x6e, 0x6e, 0x2e, 0x63, 0x6f, 0x6e, 0x76, 0x6f, 0x6c, 0x75, 0x74,
  0x69, 0x6f, 0x6e, 0x5f, 0x32, 0x30, 0x31, 0x2f, 0x63, 0x6f, 0x6e, 0x76,
  0x6f, 0x6c, 0x75, 0x74, 0x69, 0x6f, 0x6e, 0x3b, 0x43, 0x6f, 0x6e, 0x73,
  0x74, 0x5f, 0x31, 0x31, 0x32, 0x00, 0x00, 0x00, 0x04, 0x00, 0x00, 0x00,
  0x01, 0x00, 0x00, 0x00, 0x0a, 0x00, 0x00, 0x00, 0x01, 0x00, 0x00, 0x00,
  0x10, 0x00, 0x00, 0x00, 0x7a, 0xf1, 0xff, 0xff, 0x00, 0x00, 0x00, 0x01,
  0x10, 0x00, 0x00, 0x00, 0x10, 0x00, 0x00, 0x00, 0x1f, 0x00, 0x00, 0x00,
  0x80, 0x00, 0x00, 0x00, 0x64, 0xf1, 0xff, 0xff, 0x71, 0x00, 0x00, 0x00,
  0x6d, 0x6f, 0x64, 0x65, 0x6c, 0x5f, 0x31, 0x34, 0x38, 0x2f, 0x74, 0x66,
  0x2e, 0x6e, 0x6e, 0x2e, 0x72, 0x65, 0x6c, 0x75, 0x5f, 0x32, 0x30, 0x30,
  0x2f, 0x52, 0x65, 0x6c, 0x75, 0x3b, 0x6d, 0x6f, 0x64, 0x65, 0x6c, 0x5f,
  0x31, 0x34, 0x38, 0x2f, 0x74, 0x66, 0x2e, 0x6d, 0x61, 0x74, 0x68, 0x2e,
  0x61, 0x64, 0x64, 0x5f, 0x32, 0x30, 0x30, 0x2f, 0x41, 0x64, 0x64, 0x3b,
  0x6d, 0x6f, 0x64, 0x65, 0x6c, 0x5f, 0x31, 0x34, 0x38, 0x2f, 0x74, 0x66,
  0x2e, 0x6e, 0x6e, 0x2e, 0x63, 0x6f, 0x6e, 0x76, 0x6f, 0x6c, 0x75, 0x74,
  0x69, 0x6f, 0x6e, 0x5f, 0x32, 0x30, 0x30, 0x2f, 0x63, 0x6f, 0x6e, 0x76,
  0x6f, 0x6c, 0x75, 0x74, 0x69, 0x6f, 0x6e, 0x3b, 0x43, 0x6f, 0x6e, 0x73,
  0x74, 0x5f, 0x31, 0x33, 0x32, 0x00, 0x00, 0x00, 0x04, 0x00, 0x00, 0x00,
  0x01, 0x00, 0x00, 0x00, 0x0a, 0x00, 0x00, 0x00, 0x01, 0x00, 0x00, 0x00,
  0x10, 0x00, 0x00, 0x00, 0x22, 0xf2, 0xff, 0xff, 0x00, 0x00, 0x00, 0x01,
  0x10, 0x00, 0x00, 0x00, 0x10, 0x00, 0x00, 0x00, 0x1e, 0x00, 0x00, 0x00,
  0x80, 0x00, 0x00, 0x00, 0x0c, 0xf2, 0xff, 0xff, 0x71, 0x00, 0x00, 0x00,
  0x6d, 0x6f, 0x64, 0x65, 0x6c, 0x5f, 0x31, 0x34, 0x38, 0x2f, 0x74, 0x66,
  0x2e, 0x6e, 0x6e, 0x2e, 0x72, 0x65, 0x6c, 0x75, 0x5f, 0x32, 0x30, 0x30,
  0x2f, 0x52, 0x65, 0x6c, 0x75, 0x3b, 0x6d, 0x6f, 0x64, 0x65, 0x6c, 0x5f,
  0x31, 0x34, 0x38, 0x2f, 0x74, 0x66, 0x2e, 0x6d, 0x61, 0x74, 0x68, 0x2e,
  0x61, 0x64, 0x64, 0x5f, 0x32, 0x30, 0x30, 0x2f, 0x41, 0x64, 0x64, 0x3b,
  0x6d, 0x6f, 0x64, 0x65, 0x6c, 0x5f, 0x31, 0x34, 0x38, 0x2f, 0x74, 0x66,
  0x2e, 0x6e, 0x6e, 0x2e, 0x63, 0x6f, 0x6e, 0x76, 0x6f, 0x6c, 0x75, 0x74,
  0x69, 0x6f, 0x6e, 0x5f, 0x32, 0x30, 0x30, 0x2f, 0x63, 0x6f, 0x6e, 0x76,
  0x6f, 0x6c, 0x75, 0x74, 0x69, 0x6f, 0x6e, 0x3b, 0x43, 0x6f, 0x6e, 0x73,
  0x74, 0x5f, 0x31, 0x33, 0x31, 0x00, 0x00, 0x00, 0x01, 0x00, 0x00, 0x00,
  0x10, 0x00, 0x00, 0x00, 0xbe, 0xf2, 0xff, 0xff, 0x00, 0x00, 0x00, 0x01,
  0x10, 0x00, 0x00, 0x00, 0x10, 0x00, 0x00, 0x00, 0x1d, 0x00, 0x00, 0x00,
  0x3c, 0x00, 0x00, 0x00, 0xa8, 0xf2, 0xff, 0xff, 0x2c, 0x00, 0x00, 0x00,
  0x6d, 0x6f, 0x64, 0x65, 0x6c, 0x5f, 0x31, 0x34, 0x38, 0x2f, 0x74, 0x66,
  0x2e, 0x6e, 0x6e, 0x2e, 0x63, 0x6f, 0x6e, 0x76, 0x6f, 0x6c, 0x75, 0x74,
  0x69, 0x6f, 0x6e, 0x5f, 0x32, 0x30, 0x30, 0x2f, 0x63, 0x6f, 0x6e, 0x76,
  0x6f, 0x6c, 0x75, 0x74, 0x69, 0x6f, 0x6e, 0x31, 0x00, 0x00, 0x00, 0x00,
  0x04, 0x00, 0x00, 0x00, 0x10, 0x00, 0x00, 0x00, 0x03, 0x00, 0x00, 0x00,
  0x01, 0x00, 0x00, 0x00, 0x09, 0x00, 0x00, 0x00, 0x22, 0xf3, 0xff, 0xff,
  0x00, 0x00, 0x00, 0x01, 0x10, 0x00, 0x00, 0x00, 0x10, 0x00, 0x00, 0x00,
  0x1c, 0x00, 0x00, 0x00, 0x34, 0x00, 0x00, 0x00, 0x0c, 0xf3, 0xff, 0xff,
  0x25, 0x00, 0x00, 0x00, 0x6d, 0x6f, 0x64, 0x65, 0x6c, 0x5f, 0x31, 0x34,
  0x38, 0x2f, 0x74, 0x66, 0x2e, 0x6c, 0x69, 0x6e, 0x61, 0x6c, 0x67, 0x2e,
  0x6d, 0x61, 0x74, 0x6d, 0x75, 0x6c, 0x5f, 0x34, 0x38, 0x2f, 0x4d, 0x61,
  0x74, 0x4d, 0x75, 0x6c, 0x31, 0x00, 0x00, 0x00, 0x02, 0x00, 0x00, 0x00,
  0x07, 0x00, 0x00, 0x00, 0x10, 0x00, 0x00, 0x00, 0x76, 0xf3, 0xff, 0xff,
  0x00, 0x00, 0x00, 0x01, 0x10, 0x00, 0x00, 0x00, 0x10, 0x00, 0x00, 0x00,
  0x1b, 0x00, 0x00, 0x00, 0x3c, 0x00, 0x00, 0x00, 0x60, 0xf3, 0xff, 0xff,
  0x2c, 0x00, 0x00, 0x00, 0x6d, 0x6f, 0x64, 0x65, 0x6c, 0x5f, 0x31, 0x34,
  0x38, 0x2f, 0x74, 0x66, 0x2e, 0x6e, 0x6e, 0x2e, 0x63, 0x6f, 0x6e, 0x76,
  0x6f, 0x6c, 0x75, 0x74, 0x69, 0x6f, 0x6e, 0x5f, 0x32, 0x30, 0x31, 0x2f,
  0x63, 0x6f, 0x6e, 0x76, 0x6f, 0x6c, 0x75, 0x74, 0x69, 0x6f, 0x6e, 0x31,
  0x00, 0x00, 0x00, 0x00, 0x04, 0x00, 0x00, 0x00, 0x10, 0x00, 0x00, 0x00,
  0x03, 0x00, 0x00, 0x00, 0x01, 0x00, 0x00, 0x00, 0x10, 0x00, 0x00, 0x00,
  0xda, 0xf3, 0xff, 0xff, 0x00, 0x00, 0x00, 0x01, 0x10, 0x00, 0x00, 0x00,
  0x10, 0x00, 0x00, 0x00, 0x1a, 0x00, 0x00, 0x00, 0x3c, 0x00, 0x00, 0x00,
  0xc4, 0xf3, 0xff, 0xff, 0x2c, 0x00, 0x00, 0x00, 0x6d, 0x6f, 0x64, 0x65,
  0x6c, 0x5f, 0x31, 0x34, 0x38, 0x2f, 0x74, 0x66, 0x2e, 0x6e, 0x6e, 0x2e,
  0x63, 0x6f, 0x6e, 0x76, 0x6f, 0x6c, 0x75, 0x74, 0x69, 0x6f, 0x6e, 0x5f,
  0x32, 0x30, 0x32, 0x2f, 0x63, 0x6f, 0x6e, 0x76, 0x6f, 0x6c, 0x75, 0x74,
  0x69, 0x6f, 0x6e, 0x31, 0x00, 0x00, 0x00, 0x00, 0x04, 0x00, 0x00, 0x00,
  0x10, 0x00, 0x00, 0x00, 0x03, 0x00, 0x00, 0x00, 0x01, 0x00, 0x00, 0x00,
  0x10, 0x00, 0x00, 0x00, 0x3e, 0xf4, 0xff, 0xff, 0x00, 0x00, 0x00, 0x01,
  0x10, 0x00, 0x00, 0x00, 0x10, 0x00, 0x00, 0x00, 0x19, 0x00, 0x00, 0x00,
  0x3c, 0x00, 0x00, 0x00, 0x28, 0xf4, 0xff, 0xff, 0x2c, 0x00, 0x00, 0x00,
  0x6d, 0x6f, 0x64, 0x65, 0x6c, 0x5f, 0x31, 0x34, 0x38, 0x2f, 0x74, 0x66,
  0x2e, 0x6e, 0x6e, 0x2e, 0x63, 0x6f, 0x6e, 0x76, 0x6f, 0x6c, 0x75, 0x74,
  0x69, 0x6f, 0x6e, 0x5f, 0x32, 0x30, 0x33, 0x2f, 0x63, 0x6f, 0x6e, 0x76,
  0x6f, 0x6c, 0x75, 0x74, 0x69, 0x6f, 0x6e, 0x31, 0x00, 0x00, 0x00, 0x00,
  0x04, 0x00, 0x00, 0x00, 0x10, 0x00, 0x00, 0x00, 0x03, 0x00, 0x00, 0x00,
  0x01, 0x00, 0x00, 0x00, 0x10, 0x00, 0x00, 0x00, 0xa2, 0xf4, 0xff, 0xff,
  0x00, 0x00, 0x00, 0x01, 0x10, 0x00, 0x00, 0x00, 0x10, 0x00, 0x00, 0x00,
  0x18, 0x00, 0x00, 0x00, 0x3c, 0x00, 0x00, 0x00, 0x8c, 0xf4, 0xff, 0xff,
  0x2c, 0x00, 0x00, 0x00, 0x6d, 0x6f, 0x64, 0x65, 0x6c, 0x5f, 0x31, 0x34,
  0x38, 0x2f, 0x74, 0x66, 0x2e, 0x6e, 0x6e, 0x2e, 0x63, 0x6f, 0x6e, 0x76,
  0x6f, 0x6c, 0x75, 0x74, 0x69, 0x6f, 0x6e, 0x5f, 0x32, 0x30, 0x34, 0x2f,
  0x63, 0x6f, 0x6e, 0x76, 0x6f, 0x6c, 0x75, 0x74, 0x69, 0x6f, 0x6e, 0x31,
  0x00, 0x00, 0x00, 0x00, 0x04, 0x00, 0x00, 0x00, 0x10, 0x00, 0x00, 0x00,
  0x03, 0x00, 0x00, 0x00, 0x01, 0x00, 0x00, 0x00, 0x10, 0x00, 0x00, 0x00,
  0x06, 0xf5, 0xff, 0xff, 0x00, 0x00, 0x00, 0x01, 0x10, 0x00, 0x00, 0x00,
  0x10, 0x00, 0x00, 0x00, 0x17, 0x00, 0x00, 0x00, 0x3c, 0x00, 0x00, 0x00,
  0xf0, 0xf4, 0xff, 0xff, 0x2c, 0x00, 0x00, 0x00, 0x6d, 0x6f, 0x64, 0x65,
  0x6c, 0x5f, 0x31, 0x34, 0x38, 0x2f, 0x74, 0x66, 0x2e, 0x6e, 0x6e, 0x2e,
  0x63, 0x6f, 0x6e, 0x76, 0x6f, 0x6c, 0x75, 0x74, 0x69, 0x6f, 0x6e, 0x5f,
  0x32, 0x30, 0x35, 0x2f, 0x63, 0x6f, 0x6e, 0x76, 0x6f, 0x6c, 0x75, 0x74,
  0x69, 0x6f, 0x6e, 0x31, 0x00, 0x00, 0x00, 0x00, 0x04, 0x00, 0x00, 0x00,
  0x10, 0x00, 0x00, 0x00, 0x03, 0x00, 0x00, 0x00, 0x01, 0x00, 0x00, 0x00,
  0x10, 0x00, 0x00, 0x00, 0x6a, 0xf5, 0xff, 0xff, 0x00, 0x00, 0x00, 0x01,
  0x10, 0x00, 0x00, 0x00, 0x10, 0x00, 0x00, 0x00, 0x16, 0x00, 0x00, 0x00,
  0x38, 0x00, 0x00, 0x00, 0x54, 0xf5, 0xff, 0xff, 0x29, 0x00, 0x00, 0x00,
  0x6d, 0x6f, 0x64, 0x65, 0x6c, 0x5f, 0x31, 0x34, 0x38, 0x2f, 0x74, 0x66,
  0x2e, 0x5f, 0x5f, 0x6f, 0x70, 0x65, 0x72, 0x61, 0x74, 0x6f, 0x72, 0x73,
  0x5f, 0x5f, 0x2e, 0x61, 0x64, 0x64, 0x5f, 0x31, 0x34, 0x38, 0x2f, 0x41,
  0x64, 0x64, 0x56, 0x32, 0x31, 0x00, 0x00, 0x00, 0x01, 0x00, 0x00, 0x00,
  0x07, 0x00, 0x00, 0x00, 0xbe, 0xf5, 0xff, 0xff, 0x00, 0x00, 0x00, 0x01,
  0x10, 0x00, 0x00, 0x00, 0x10, 0x00, 0x00, 0x00, 0x15, 0x00, 0x00, 0x00,
  0x80, 0x00, 0x00, 0x00, 0xa8, 0xf5, 0xff, 0xff, 0x71, 0x00, 0x00, 0x00,
  0x6d, 0x6f, 0x64, 0x65, 0x6c, 0x5f, 0x31, 0x34, 0x38, 0x2f, 0x74, 0x66,
  0x2e, 0x6e, 0x6e, 0x2e, 0x72, 0x65, 0x6c, 0x75, 0x5f, 0x32, 0x30, 0x31,
  0x2f, 0x52, 0x65, 0x6c, 0x75, 0x3b, 0x6d, 0x6f, 0x64, 0x65, 0x6c, 0x5f,
  0x31, 0x34, 0x38, 0x2f, 0x74, 0x66, 0x2e, 0x6d, 0x61, 0x74, 0x68, 0x2e,
  0x61, 0x64, 0x64, 0x5f, 0x32, 0x30, 0x31, 0x2f, 0x41, 0x64, 0x64, 0x3b,
  0x6d, 0x6f, 0x64, 0x65, 0x6c, 0x5f, 0x31, 0x34, 0x38, 0x2f, 0x74, 0x66,
  0x2e, 0x6e, 0x6e, 0x2e, 0x63, 0x6f, 0x6e, 0x76, 0x6f, 0x6c, 0x75, 0x74,
  0x69, 0x6f, 0x6e, 0x5f, 0x32, 0x30, 0x31, 0x2f, 0x63, 0x6f, 0x6e, 0x76,
  0x6f, 0x6c, 0x75, 0x74, 0x69, 0x6f, 0x6e, 0x3b, 0x43, 0x6f, 0x6e, 0x73,
  0x74, 0x5f, 0x31, 0x31, 0x31, 0x00, 0x00, 0x00, 0x01, 0x00, 0x00, 0x00,
  0x10, 0x00, 0x00, 0x00, 0x5a, 0xf6, 0xff, 0xff, 0x00, 0x00, 0x00, 0x01,
  0x10, 0x00, 0x00, 0x00, 0x10, 0x00, 0x00, 0x00, 0x14, 0x00, 0x00, 0x00,
  0x80, 0x00, 0x00, 0x00, 0x44, 0xf6, 0xff, 0xff, 0x70, 0x00, 0x00, 0x00,
  0x6d, 0x6f, 0x64, 0x65, 0x6c, 0x5f, 0x31, 0x34, 0x38, 0x2f, 0x74, 0x66,
  0x2e, 0x6e, 0x6e, 0x2e, 0x72, 0x65, 0x6c, 0x75, 0x5f, 0x32, 0x30, 0x32,
  0x2f, 0x52, 0x65, 0x6c, 0x75, 0x3b, 0x6d, 0x6f, 0x64, 0x65, 0x6c, 0x5f,
  0x31, 0x34, 0x38, 0x2f, 0x74, 0x66, 0x2e, 0x6d, 0x61, 0x74, 0x68, 0x2e,
  0x61, 0x64, 0x64, 0x5f, 0x32, 0x30, 0x32, 0x2f, 0x41, 0x64, 0x64, 0x3b,
  0x6d, 0x6f, 0x64, 0x65, 0x6c, 0x5f, 0x31, 0x34, 0x38, 0x2f, 0x74, 0x66,
  0x2e, 0x6e, 0x6e, 0x2e, 0x63, 0x6f, 0x6e, 0x76, 0x6f, 0x6c, 0x75, 0x74,
  0x69, 0x6f, 0x6e, 0x5f, 0x32, 0x30, 0x32, 0x2f, 0x63, 0x6f, 0x6e, 0x76,
  0x6f, 0x6c, 0x75, 0x74, 0x69, 0x6f, 0x6e, 0x3b, 0x43, 0x6f, 0x6e, 0x73,
  0x74, 0x5f, 0x39, 0x31, 0x00, 0x00, 0x00, 0x00, 0x01, 0x00, 0x00, 0x00,
  0x10, 0x00, 0x00, 0x00, 0xf6, 0xf6, 0xff, 0xff, 0x00, 0x00, 0x00, 0x01,
  0x10, 0x00, 0x00, 0x00, 0x10, 0x00, 0x00, 0x00, 0x13, 0x00, 0x00, 0x00,
  0x80, 0x00, 0x00, 0x00, 0xe0, 0xf6, 0xff, 0xff, 0x70, 0x00, 0x00, 0x00,
  0x6d, 0x6f, 0x64, 0x65, 0x6c, 0x5f, 0x31, 0x34, 0x38, 0x2f, 0x74, 0x66,
  0x2e, 0x6e, 0x6e, 0x2e, 0x72, 0x65, 0x6c, 0x75, 0x5f, 0x32, 0x30, 0x33,
  0x2f, 0x52, 0x65, 0x6c, 0x75, 0x3b, 0x6d, 0x6f, 0x64, 0x65, 0x6c, 0x5f,
  0x31, 0x34, 0x38, 0x2f, 0x74, 0x66, 0x2e, 0x6d, 0x61, 0x74, 0x68, 0x2e,
  0x61, 0x64, 0x64, 0x5f, 0x32, 0x30, 0x33, 0x2f, 0x41, 0x64, 0x64, 0x3b,
  0x6d, 0x6f, 0x64, 0x65, 0x6c, 0x5f, 0x31, 0x34, 0x38, 0x2f, 0x74, 0x66,
  0x2e, 0x6e, 0x6e, 0x2e, 0x63, 0x6f, 0x6e, 0x76, 0x6f, 0x6c, 0x75, 0x74,
  0x69, 0x6f, 0x6e, 0x5f, 0x32, 0x30, 0x33, 0x2f, 0x63, 0x6f, 0x6e, 0x76,
  0x6f, 0x6c, 0x75, 0x74, 0x69, 0x6f, 0x6e, 0x3b, 0x43, 0x6f, 0x6e, 0x73,
  0x74, 0x5f, 0x37, 0x31, 0x00, 0x00, 0x00, 0x00, 0x01, 0x00, 0x00, 0x00,
  0x10, 0x00, 0x00, 0x00, 0x92, 0xf7, 0xff, 0xff, 0x00, 0x00, 0x00, 0x01,
  0x10, 0x00, 0x00, 0x00, 0x10, 0x00, 0x00, 0x00, 0x12, 0x00, 0x00, 0x00,
  0x80, 0x00, 0x00, 0x00, 0x7c, 0xf7, 0xff, 0xff, 0x70, 0x00, 0x00, 0x00,
  0x6d, 0x6f, 0x64, 0x65, 0x6c, 0x5f, 0x31, 0x34, 0x38, 0x2f, 0x74, 0x66,
  0x2e, 0x6e, 0x6e, 0x2e, 0x72, 0x65, 0x6c, 0x75, 0x5f, 0x32, 0x30, 0x34,
  0x2f, 0x52, 0x65, 0x6c, 0x75, 0x3b, 0x6d, 0x6f, 0x64, 0x65, 0x6c, 0x5f,
  0x31, 0x34, 0x38, 0x2f, 0x74, 0x66, 0x2e, 0x6d, 0x61, 0x74, 0x68, 0x2e,
  0x61, 0x64, 0x64, 0x5f, 0x32, 0x30, 0x34, 0x2f, 0x41, 0x64, 0x64, 0x3b,
  0x6d, 0x6f, 0x64, 0x65, 0x6c, 0x5f, 0x31, 0x34, 0x38, 0x2f, 0x74, 0x66,
  0x2e, 0x6e, 0x6e, 0x2e, 0x63, 0x6f, 0x6e, 0x76, 0x6f, 0x6c, 0x75, 0x74,
  0x69, 0x6f, 0x6e, 0x5f, 0x32, 0x30, 0x34, 0x2f, 0x63, 0x6f, 0x6e, 0x76,
  0x6f, 0x6c, 0x75, 0x74, 0x69, 0x6f, 0x6e, 0x3b, 0x43, 0x6f, 0x6e, 0x73,
  0x74, 0x5f, 0x35, 0x31, 0x00, 0x00, 0x00, 0x00, 0x01, 0x00, 0x00, 0x00,
  0x10, 0x00, 0x00, 0x00, 0x2e, 0xf8, 0xff, 0xff, 0x00, 0x00, 0x00, 0x01,
  0x10, 0x00, 0x00, 0x00, 0x10, 0x00, 0x00, 0x00, 0x11, 0x00, 0x00, 0x00,
  0x80, 0x00, 0x00, 0x00, 0x18, 0xf8, 0xff, 0xff, 0x70, 0x00, 0x00, 0x00,
  0x6d, 0x6f, 0x64, 0x65, 0x6c, 0x5f, 0x31, 0x34, 0x38, 0x2f, 0x74, 0x66,
  0x2e, 0x6e, 0x6e, 0x2e, 0x72, 0x65, 0x6c, 0x75, 0x5f, 0x32, 0x30, 0x35,
  0x2f, 0x52, 0x65, 0x6c, 0x75, 0x3b, 0x6d, 0x6f, 0x64, 0x65, 0x6c, 0x5f,
  0x31, 0x34, 0x38, 0x2f, 0x74, 0x66, 0x2e, 0x6d, 0x61, 0x74, 0x68, 0x2e,
  0x61, 0x64, 0x64, 0x5f, 0x32, 0x30, 0x35, 0x2f, 0x41, 0x64, 0x64, 0x3b,
  0x6d, 0x6f, 0x64, 0x65, 0x6c, 0x5f, 0x31, 0x34, 0x38, 0x2f, 0x74, 0x66,
  0x2e, 0x6e, 0x6e, 0x2e, 0x63, 0x6f, 0x6e, 0x76, 0x6f, 0x6c, 0x75, 0x74,
  0x69, 0x6f, 0x6e, 0x5f, 0x32, 0x30, 0x35, 0x2f, 0x63, 0x6f, 0x6e, 0x76,
  0x6f, 0x6c, 0x75, 0x74, 0x69, 0x6f, 0x6e, 0x3b, 0x43, 0x6f, 0x6e, 0x73,
  0x74, 0x5f, 0x33, 0x31, 0x00, 0x00, 0x00, 0x00, 0x01, 0x00, 0x00, 0x00,
  0x10, 0x00, 0x00, 0x00, 0x82, 0xf9, 0xff, 0xff, 0x00, 0x00, 0x00, 0x01,
  0x14, 0x00, 0x00, 0x00, 0x14, 0x00, 0x00, 0x00, 0x10, 0x00, 0x00, 0x00,
  0x00, 0x00, 0x00, 0x01, 0x7c, 0x00, 0x00, 0x00, 0xb8, 0xf8, 0xff, 0xff,
  0x6f, 0x00, 0x00, 0x00, 0x6d, 0x6f, 0x64, 0x65, 0x6c, 0x5f, 0x31, 0x34,
  0x38, 0x2f, 0x74, 0x66, 0x2e, 0x6e, 0x6e, 0x2e, 0x72, 0x65, 0x6c, 0x75,
  0x5f, 0x32, 0x30, 0x35, 0x2f, 0x52, 0x65, 0x6c, 0x75, 0x3b, 0x6d, 0x6f,
  0x64, 0x65, 0x6c, 0x5f, 0x31, 0x34, 0x38, 0x2f, 0x74, 0x66, 0x2e, 0x6d,
  0x61, 0x74, 0x68, 0x2e, 0x61, 0x64, 0x64, 0x5f, 0x32, 0x30, 0x35, 0x2f,
  0x41, 0x64, 0x64, 0x3b, 0x6d, 0x6f, 0x64, 0x65, 0x6c, 0x5f, 0x31, 0x34,
  0x38, 0x2f, 0x74, 0x66, 0x2e, 0x6e, 0x6e, 0x2e, 0x63, 0x6f, 0x6e, 0x76,
  0x6f, 0x6c, 0x75, 0x74, 0x69, 0x6f, 0x6e, 0x5f, 0x32, 0x30, 0x35, 0x2f,
  0x63, 0x6f, 0x6e, 0x76, 0x6f, 0x6c, 0x75, 0x74, 0x69, 0x6f, 0x6e, 0x3b,
  0x43, 0x6f, 0x6e, 0x73, 0x74, 0x5f, 0x33, 0x00, 0x01, 0x00, 0x00, 0x00,
  0x10, 0x00, 0x00, 0x00, 0x1e, 0xfa, 0xff, 0xff, 0x00, 0x00, 0x00, 0x01,
  0x14, 0x00, 0x00, 0x00, 0x14, 0x00, 0x00, 0x00, 0x0f, 0x00, 0x00, 0x00,
  0x00, 0x00, 0x00, 0x01, 0x7c, 0x00, 0x00, 0x00, 0x54, 0xf9, 0xff, 0xff,
  0x6f, 0x00, 0x00, 0x00, 0x6d, 0x6f, 0x64, 0x65, 0x6c, 0x5f, 0x31, 0x34,
  0x38, 0x2f, 0x74, 0x66, 0x2e, 0x6e, 0x6e, 0x2e, 0x72, 0x65, 0x6c, 0x75,
  0x5f, 0x32, 0x30, 0x34, 0x2f, 0x52, 0x65, 0x6c, 0x75, 0x3b, 0x6d, 0x6f,
  0x64, 0x65, 0x6c, 0x5f, 0x31, 0x34, 0x38, 0x2f, 0x74, 0x66, 0x2e, 0x6d,
  0x61, 0x74, 0x68, 0x2e, 0x61, 0x64, 0x64, 0x5f, 0x32, 0x30, 0x34, 0x2f,
  0x41, 0x64, 0x64, 0x3b, 0x6d, 0x6f, 0x64, 0x65, 0x6c, 0x5f, 0x31, 0x34,
  0x38, 0x2f, 0x74, 0x66, 0x2e, 0x6e, 0x6e, 0x2e, 0x63, 0x6f, 0x6e, 0x76,
  0x6f, 0x6c, 0x75, 0x74, 0x69, 0x6f, 0x6e, 0x5f, 0x32, 0x30, 0x34, 0x2f,
  0x63, 0x6f, 0x6e, 0x76, 0x6f, 0x6c, 0x75, 0x74, 0x69, 0x6f, 0x6e, 0x3b,
  0x43, 0x6f, 0x6e, 0x73, 0x74, 0x5f, 0x35, 0x00, 0x01, 0x00, 0x00, 0x00,
  0x10, 0x00, 0x00, 0x00, 0xba, 0xfa, 0xff, 0xff, 0x00, 0x00, 0x00, 0x01,
  0x14, 0x00, 0x00, 0x00, 0x14, 0x00, 0x00, 0x00, 0x0e, 0x00, 0x00, 0x00,
  0x00, 0x00, 0x00, 0x01, 0x7c, 0x00, 0x00, 0x00, 0xf0, 0xf9, 0xff, 0xff,
  0x6f, 0x00, 0x00, 0x00, 0x6d, 0x6f, 0x64, 0x65, 0x6c, 0x5f, 0x31, 0x34,
  0x38, 0x2f, 0x74, 0x66, 0x2e, 0x6e, 0x6e, 0x2e, 0x72, 0x65, 0x6c, 0x75,
  0x5f, 0x32, 0x30, 0x33, 0x2f, 0x52, 0x65, 0x6c, 0x75, 0x3b, 0x6d, 0x6f,
  0x64, 0x65, 0x6c, 0x5f, 0x31, 0x34, 0x38, 0x2f, 0x74, 0x66, 0x2e, 0x6d,
  0x61, 0x74, 0x68, 0x2e, 0x61, 0x64, 0x64, 0x5f, 0x32, 0x30, 0x33, 0x2f,
  0x41, 0x64, 0x64, 0x3b, 0x6d, 0x6f, 0x64, 0x65, 0x6c, 0x5f, 0x31, 0x34,
  0x38, 0x2f, 0x74, 0x66, 0x2e, 0x6e, 0x6e, 0x2e, 0x63, 0x6f, 0x6e, 0x76,
  0x6f, 0x6c, 0x75, 0x74, 0x69, 0x6f, 0x6e, 0x5f, 0x32, 0x30, 0x33, 0x2f,
  0x63, 0x6f, 0x6e, 0x76, 0x6f, 0x6c, 0x75, 0x74, 0x69, 0x6f, 0x6e, 0x3b,
  0x43, 0x6f, 0x6e, 0x73, 0x74, 0x5f, 0x37, 0x00, 0x01, 0x00, 0x00, 0x00,
  0x10, 0x00, 0x00, 0x00, 0x56, 0xfb, 0xff, 0xff, 0x00, 0x00, 0x00, 0x01,
  0x14, 0x00, 0x00, 0x00, 0x14, 0x00, 0x00, 0x00, 0x0d, 0x00, 0x00, 0x00,
  0x00, 0x00, 0x00, 0x01, 0x7c, 0x00, 0x00, 0x00, 0x8c, 0xfa, 0xff, 0xff,
  0x6f, 0x00, 0x00, 0x00, 0x6d, 0x6f, 0x64, 0x65, 0x6c, 0x5f, 0x31, 0x34,
  0x38, 0x2f, 0x74, 0x66, 0x2e, 0x6e, 0x6e, 0x2e, 0x72, 0x65, 0x6c, 0x75,
  0x5f, 0x32, 0x30, 0x32, 0x2f, 0x52, 0x65, 0x6c, 0x75, 0x3b, 0x6d, 0x6f,
  0x64, 0x65, 0x6c, 0x5f, 0x31, 0x34, 0x38, 0x2f, 0x74, 0x66, 0x2e, 0x6d,
  0x61, 0x74, 0x68, 0x2e, 0x61, 0x64, 0x64, 0x5f, 0x32, 0x30, 0x32, 0x2f,
  0x41, 0x64, 0x64, 0x3b, 0x6d, 0x6f, 0x64, 0x65, 0x6c, 0x5f, 0x31, 0x34,
  0x38, 0x2f, 0x74, 0x66, 0x2e, 0x6e, 0x6e, 0x2e, 0x63, 0x6f, 0x6e, 0x76,
  0x6f, 0x6c, 0x75, 0x74, 0x69, 0x6f, 0x6e, 0x5f, 0x32, 0x30, 0x32, 0x2f,
  0x63, 0x6f, 0x6e, 0x76, 0x6f, 0x6c, 0x75, 0x74, 0x69, 0x6f, 0x6e, 0x3b,
  0x43, 0x6f, 0x6e, 0x73, 0x74, 0x5f, 0x39, 0x00, 0x01, 0x00, 0x00, 0x00,
  0x10, 0x00, 0x00, 0x00, 0xf2, 0xfb, 0xff, 0xff, 0x00, 0x00, 0x00, 0x01,
  0x14, 0x00, 0x00, 0x00, 0x14, 0x00, 0x00, 0x00, 0x0c, 0x00, 0x00, 0x00,
  0x00, 0x00, 0x00, 0x01, 0x80, 0x00, 0x00, 0x00, 0x28, 0xfb, 0xff, 0xff,
  0x70, 0x00, 0x00, 0x00, 0x6d, 0x6f, 0x64, 0x65, 0x6c, 0x5f, 0x31, 0x34,
  0x38, 0x2f, 0x74, 0x66, 0x2e, 0x6e, 0x6e, 0x2e, 0x72, 0x65, 0x6c, 0x75,
  0x5f, 0x32, 0x30, 0x31, 0x2f, 0x52, 0x65, 0x6c, 0x75, 0x3b, 0x6d, 0x6f,
  0x64, 0x65, 0x6c, 0x5f, 0x31, 0x34, 0x38, 0x2f, 0x74, 0x66, 0x2e, 0x6d,
  0x61, 0x74, 0x68, 0x2e, 0x61, 0x64, 0x64, 0x5f, 0x32, 0x30, 0x31, 0x2f,
  0x41, 0x64, 0x64, 0x3b, 0x6d, 0x6f, 0x64, 0x65, 0x6c, 0x5f, 0x31, 0x34,
  0x38, 0x2f, 0x74, 0x66, 0x2e, 0x6e, 0x6e, 0x2e, 0x63, 0x6f, 0x6e, 0x76,
  0x6f, 0x6c, 0x75, 0x74, 0x69, 0x6f, 0x6e, 0x5f, 0x32, 0x30, 0x31, 0x2f,
  0x63, 0x6f, 0x6e, 0x76, 0x6f, 0x6c, 0x75, 0x74, 0x69, 0x6f, 0x6e, 0x3b,
  0x43, 0x6f, 0x6e, 0x73, 0x74, 0x5f, 0x31, 0x31, 0x00, 0x00, 0x00, 0x00,
  0x01, 0x00, 0x00, 0x00, 0x10, 0x00, 0x00, 0x00, 0x92, 0xfc, 0xff, 0xff,
  0x00, 0x00, 0x00, 0x01, 0x14, 0x00, 0x00, 0x00, 0x14, 0x00, 0x00, 0x00,
  0x0b, 0x00, 0x00, 0x00, 0x00, 0x00, 0x00, 0x01, 0x38, 0x00, 0x00, 0x00,
  0xc8, 0xfb, 0xff, 0xff, 0x28, 0x00, 0x00, 0x00, 0x6d, 0x6f, 0x64, 0x65,
  0x6c, 0x5f, 0x31, 0x34, 0x38, 0x2f, 0x74, 0x66, 0x2e, 0x5f, 0x5f, 0x6f,
  0x70, 0x65, 0x72, 0x61, 0x74, 0x6f, 0x72, 0x73, 0x5f, 0x5f, 0x2e, 0x61,
  0x64, 0x64, 0x5f, 0x31, 0x34, 0x38, 0x2f, 0x41, 0x64, 0x64, 0x56, 0x32,
  0x00, 0x00, 0x00, 0x00, 0x01, 0x00, 0x00, 0x00, 0x07, 0x00, 0x00, 0x00,
  0xea, 0xfc, 0xff, 0xff, 0x00, 0x00, 0x00, 0x01, 0x14, 0x00, 0x00, 0x00,
  0x14, 0x00, 0x00, 0x00, 0x0a, 0x00, 0x00, 0x00, 0x00, 0x00, 0x00, 0x01,
  0x38, 0x00, 0x00, 0x00, 0x20, 0xfc, 0xff, 0xff, 0x2b, 0x00, 0x00, 0x00,
  0x6d, 0x6f, 0x64, 0x65, 0x6c, 0x5f, 0x31, 0x34, 0x38, 0x2f, 0x74, 0x66,
  0x2e, 0x6e, 0x6e, 0x2e, 0x63, 0x6f, 0x6e, 0x76, 0x6f, 0x6c, 0x75, 0x74,
  0x69, 0x6f, 0x6e, 0x5f, 0x32, 0x30, 0x35, 0x2f, 0x63, 0x6f, 0x6e, 0x76,
  0x6f, 0x6c, 0x75, 0x74, 0x69, 0x6f, 0x6e, 0x00, 0x04, 0x00, 0x00, 0x00,
  0x10, 0x00, 0x00, 0x00, 0x03, 0x00, 0x00, 0x00, 0x01, 0x00, 0x00, 0x00,
  0x10, 0x00, 0x00, 0x00, 0x4e, 0xfd, 0xff, 0xff, 0x00, 0x00, 0x00, 0x01,
  0x14, 0x00, 0x00, 0x00, 0x14, 0x00, 0x00, 0x00, 0x09, 0x00, 0x00, 0x00,
  0x00, 0x00, 0x00, 0x01, 0x38, 0x00, 0x00, 0x00, 0x84, 0xfc, 0xff, 0xff,
  0x2b, 0x00, 0x00, 0x00, 0x6d, 0x6f, 0x64, 0x65, 0x6c, 0x5f, 0x31, 0x34,
  0x38, 0x2f, 0x74, 0x66, 0x2e, 0x6e, 0x6e, 0x2e, 0x63, 0x6f, 0x6e, 0x76,
  0x6f, 0x6c, 0x75, 0x74, 0x69, 0x6f, 0x6e, 0x5f, 0x32, 0x30, 0x34, 0x2f,
  0x63, 0x6f, 0x6e, 0x76, 0x6f, 0x6c, 0x75, 0x74, 0x69, 0x6f, 0x6e, 0x00,
  0x04, 0x00, 0x00, 0x00, 0x10, 0x00, 0x00, 0x00, 0x03, 0x00, 0x00, 0x00,
  0x01, 0x00, 0x00, 0x00, 0x10, 0x00, 0x00, 0x00, 0xb2, 0xfd, 0xff, 0xff,
  0x00, 0x00, 0x00, 0x01, 0x14, 0x00, 0x00, 0x00, 0x14, 0x00, 0x00, 0x00,
  0x08, 0x00, 0x00, 0x00, 0x00, 0x00, 0x00, 0x01, 0x38, 0x00, 0x00, 0x00,
  0xe8, 0xfc, 0xff, 0xff, 0x2b, 0x00, 0x00, 0x00, 0x6d, 0x6f, 0x64, 0x65,
  0x6c, 0x5f, 0x31, 0x34, 0x38, 0x2f, 0x74, 0x66, 0x2e, 0x6e, 0x6e, 0x2e,
  0x63, 0x6f, 0x6e, 0x76, 0x6f, 0x6c, 0x75, 0x74, 0x69, 0x6f, 0x6e, 0x5f,
  0x32, 0x30, 0x33, 0x2f, 0x63, 0x6f, 0x6e, 0x76, 0x6f, 0x6c, 0x75, 0x74,
  0x69, 0x6f, 0x6e, 0x00, 0x04, 0x00, 0x00, 0x00, 0x10, 0x00, 0x00, 0x00,
  0x03, 0x00, 0x00, 0x00, 0x01, 0x00, 0x00, 0x00, 0x10, 0x00, 0x00, 0x00,
  0x16, 0xfe, 0xff, 0xff, 0x00, 0x00, 0x00, 0x01, 0x14, 0x00, 0x00, 0x00,
  0x14, 0x00, 0x00, 0x00, 0x07, 0x00, 0x00, 0x00, 0x00, 0x00, 0x00, 0x01,
  0x38, 0x00, 0x00, 0x00, 0x4c, 0xfd, 0xff, 0xff, 0x2b, 0x00, 0x00, 0x00,
  0x6d, 0x6f, 0x64, 0x65, 0x6c, 0x5f, 0x31, 0x34, 0x38, 0x2f, 0x74, 0x66,
  0x2e, 0x6e, 0x6e, 0x2e, 0x63, 0x6f, 0x6e, 0x76, 0x6f, 0x6c, 0x75, 0x74,
  0x69, 0x6f, 0x6e, 0x5f, 0x32, 0x30, 0x32, 0x2f, 0x63, 0x6f, 0x6e, 0x76,
  0x6f, 0x6c, 0x75, 0x74, 0x69, 0x6f, 0x6e, 0x00, 0x04, 0x00, 0x00, 0x00,
  0x10, 0x00, 0x00, 0x00, 0x03, 0x00, 0x00, 0x00, 0x01, 0x00, 0x00, 0x00,
  0x10, 0x00, 0x00, 0x00, 0x7a, 0xfe, 0xff, 0xff, 0x00, 0x00, 0x00, 0x01,
  0x14, 0x00, 0x00, 0x00, 0x14, 0x00, 0x00, 0x00, 0x06, 0x00, 0x00, 0x00,
  0x00, 0x00, 0x00, 0x01, 0x38, 0x00, 0x00, 0x00, 0xb0, 0xfd, 0xff, 0xff,
  0x2b, 0x00, 0x00, 0x00, 0x6d, 0x6f, 0x64, 0x65, 0x6c, 0x5f, 0x31, 0x34,
  0x38, 0x2f, 0x74, 0x66, 0x2e, 0x6e, 0x6e, 0x2e, 0x63, 0x6f, 0x6e, 0x76,
  0x6f, 0x6c, 0x75, 0x74, 0x69, 0x6f, 0x6e, 0x5f, 0x32, 0x30, 0x31, 0x2f,
  0x63, 0x6f, 0x6e, 0x76, 0x6f, 0x6c, 0x75, 0x74, 0x69, 0x6f, 0x6e, 0x00,
  0x04, 0x00, 0x00, 0x00, 0x10, 0x00, 0x00, 0x00, 0x03, 0x00, 0x00, 0x00,
  0x01, 0x00, 0x00, 0x00, 0x10, 0x00, 0x00, 0x00, 0xde, 0xfe, 0xff, 0xff,
  0x00, 0x00, 0x00, 0x01, 0x14, 0x00, 0x00, 0x00, 0x14, 0x00, 0x00, 0x00,
  0x05, 0x00, 0x00, 0x00, 0x00, 0x00, 0x00, 0x01, 0x34, 0x00, 0x00, 0x00,
  0x14, 0xfe, 0xff, 0xff, 0x24, 0x00, 0x00, 0x00, 0x6d, 0x6f, 0x64, 0x65,
  0x6c, 0x5f, 0x31, 0x34, 0x38, 0x2f, 0x74, 0x66, 0x2e, 0x6c, 0x69, 0x6e,
  0x61, 0x6c, 0x67, 0x2e, 0x6d, 0x61, 0x74, 0x6d, 0x75, 0x6c, 0x5f, 0x34,
  0x38, 0x2f, 0x4d, 0x61, 0x74, 0x4d, 0x75, 0x6c, 0x00, 0x00, 0x00, 0x00,
  0x02, 0x00, 0x00, 0x00, 0x07, 0x00, 0x00, 0x00, 0x10, 0x00, 0x00, 0x00,
  0x36, 0xff, 0xff, 0xff, 0x00, 0x00, 0x00, 0x01, 0x14, 0x00, 0x00, 0x00,
  0x14, 0x00, 0x00, 0x00, 0x04, 0x00, 0x00, 0x00, 0x00, 0x00, 0x00, 0x02,
  0x44, 0x00, 0x00, 0x00, 0x6c, 0xfe, 0xff, 0xff, 0x37, 0x00, 0x00, 0x00,
  0x6d, 0x6f, 0x64, 0x65, 0x6c, 0x5f, 0x31, 0x34, 0x38, 0x2f, 0x74, 0x66,
  0x2e, 0x6d, 0x61, 0x74, 0x68, 0x2e, 0x72, 0x65, 0x64, 0x75, 0x63, 0x65,
  0x5f, 0x6d, 0x65, 0x61, 0x6e, 0x5f, 0x34, 0x38, 0x2f, 0x4d, 0x65, 0x61,
  0x6e, 0x2f, 0x72, 0x65, 0x64, 0x75, 0x63, 0x74, 0x69, 0x6f, 0x6e, 0x5f,
  0x69, 0x6e, 0x64, 0x69, 0x63, 0x65, 0x73, 0x00, 0x01, 0x00, 0x00, 0x00,
  0x02, 0x00, 0x00, 0x00, 0x9a, 0xff, 0xff, 0xff, 0x00, 0x00, 0x00, 0x01,
  0x14, 0x00, 0x00, 0x00, 0x14, 0x00, 0x00, 0x00, 0x03, 0x00, 0x00, 0x00,
  0x00, 0x00, 0x00, 0x01, 0x38, 0x00, 0x00, 0x00, 0xd0, 0xfe, 0xff, 0xff,
  0x2b, 0x00, 0x00, 0x00, 0x6d, 0x6f, 0x64, 0x65, 0x6c, 0x5f, 0x31, 0x34,
  0x38, 0x2f, 0x74, 0x66, 0x2e, 0x6e, 0x6e, 0x2e, 0x63, 0x6f, 0x6e, 0x76,
  0x6f, 0x6c, 0x75, 0x74, 0x69, 0x6f, 0x6e, 0x5f, 0x32, 0x30, 0x30, 0x2f,
  0x63, 0x6f, 0x6e, 0x76, 0x6f, 0x6c, 0x75, 0x74, 0x69, 0x6f, 0x6e, 0x00,
  0x04, 0x00, 0x00, 0x00, 0x10, 0x00, 0x00, 0x00, 0x03, 0x00, 0x00, 0x00,
  0x01, 0x00, 0x00, 0x00, 0x09, 0x00, 0x00, 0x00, 0x00, 0x00, 0x16, 0x00,
  0x1c, 0x00, 0x18, 0x00, 0x17, 0x00, 0x10, 0x00, 0x0c, 0x00, 0x08, 0x00,
  0x00, 0x00, 0x00, 0x00, 0x00, 0x00, 0x07, 0x00, 0x16, 0x00, 0x00, 0x00,
  0x00, 0x00, 0x00, 0x01, 0x14, 0x00, 0x00, 0x00, 0x14, 0x00, 0x00, 0x00,
  0x02, 0x00, 0x00, 0x00, 0x00, 0x00, 0x00, 0x01, 0x80, 0x00, 0x00, 0x00,
  0x4c, 0xff, 0xff, 0xff, 0x70, 0x00, 0x00, 0x00, 0x6d, 0x6f, 0x64, 0x65,
  0x6c, 0x5f, 0x31, 0x34, 0x38, 0x2f, 0x74, 0x66, 0x2e, 0x6e, 0x6e, 0x2e,
  0x72, 0x65, 0x6c, 0x75, 0x5f, 0x32, 0x30, 0x30, 0x2f, 0x52, 0x65, 0x6c,
  0x75, 0x3b, 0x6d, 0x6f, 0x64, 0x65, 0x6c, 0x5f, 0x31, 0x34, 0x38, 0x2f,
  0x74, 0x66, 0x2e, 0x6d, 0x61, 0x74, 0x68, 0x2e, 0x61, 0x64, 0x64, 0x5f,
  0x32, 0x30, 0x30, 0x2f, 0x41, 0x64, 0x64, 0x3b, 0x6d, 0x6f, 0x64, 0x65,
  0x6c, 0x5f, 0x31, 0x34, 0x38, 0x2f, 0x74, 0x66, 0x2e, 0x6e, 0x6e, 0x2e,
  0x63, 0x6f, 0x6e, 0x76, 0x6f, 0x6c, 0x75, 0x74, 0x69, 0x6f, 0x6e, 0x5f,
  0x32, 0x30, 0x30, 0x2f, 0x63, 0x6f, 0x6e, 0x76, 0x6f, 0x6c, 0x75, 0x74,
  0x69, 0x6f, 0x6e, 0x3b, 0x43, 0x6f, 0x6e, 0x73, 0x74, 0x5f, 0x31, 0x33,
  0x00, 0x00, 0x00, 0x00, 0x01, 0x00, 0x00, 0x00, 0x10, 0x00, 0x00, 0x00,
  0x00, 0x00, 0x16, 0x00, 0x18, 0x00, 0x14, 0x00, 0x00, 0x00, 0x10, 0x00,
  0x0c, 0x00, 0x08, 0x00, 0x00, 0x00, 0x00, 0x00, 0x00, 0x00, 0x07, 0x00,
  0x16, 0x00, 0x00, 0x00, 0x00, 0x00, 0x00, 0x01, 0x14, 0x00, 0x00, 0x00,
  0x14, 0x00, 0x00, 0x00, 0x01, 0x00, 0x00, 0x00, 0x28, 0x00, 0x00, 0x00,
  0x04, 0x00, 0x04, 0x00, 0x04, 0x00, 0x00, 0x00, 0x17, 0x00, 0x00, 0x00,
  0x73, 0x65, 0x72, 0x76, 0x69, 0x6e, 0x67, 0x5f, 0x64, 0x65, 0x66, 0x61,
  0x75, 0x6c, 0x74, 0x5f, 0x69, 0x6e, 0x70, 0x75, 0x74, 0x3a, 0x30, 0x00,
  0x04, 0x00, 0x00, 0x00, 0x01, 0x00, 0x00, 0x00, 0x0a, 0x00, 0x00, 0x00,
  0x01, 0x00, 0x00, 0x00, 0x09, 0x00, 0x00, 0x00, 0x06, 0x00, 0x00, 0x00,
  0x6c, 0x00, 0x00, 0x00, 0x50, 0x00, 0x00, 0x00, 0x34, 0x00, 0x00, 0x00,
  0x24, 0x00, 0x00, 0x00, 0x14, 0x00, 0x00, 0x00, 0x04, 0x00, 0x00, 0x00,
  0xd0, 0xff, 0xff, 0xff, 0x19, 0x00, 0x00, 0x00, 0x00, 0x00, 0x00, 0x19,
  0xdc, 0xff, 0xff, 0xff, 0x09, 0x00, 0x00, 0x00, 0x00, 0x00, 0x00, 0x09,
  0xe8, 0xff, 0xff, 0xff, 0x28, 0x00, 0x00, 0x00, 0x00, 0x00, 0x00, 0x28,
  0xf4, 0xff, 0xff, 0xff, 0x11, 0x00, 0x00, 0x00, 0x00, 0x00, 0x00, 0x11,
  0x0c, 0x00, 0x0c, 0x00, 0x0b, 0x00, 0x00, 0x00, 0x00, 0x00, 0x04, 0x00,
  0x0c, 0x00, 0x00, 0x00, 0x03, 0x00, 0x00, 0x00, 0x00, 0x00, 0x00, 0x03,
  0x0c, 0x00, 0x10, 0x00, 0x0f, 0x00, 0x00, 0x00, 0x08, 0x00, 0x04, 0x00,
  0x0c, 0x00, 0x00, 0x00, 0x06, 0x00, 0x00, 0x00, 0x03, 0x00, 0x00, 0x00,
  0x00, 0x00, 0x00, 0x06
};
unsigned int tflite_models_torch_conv_6_10_OFF_float16_tflite_len = 16504;
