unsigned char tflite_models_torch_conv_10_5_OFF_int8_tflite[] = {
  0x1c, 0x00, 0x00, 0x00, 0x54, 0x46, 0x4c, 0x33, 0x14, 0x00, 0x20, 0x00,
  0x1c, 0x00, 0x18, 0x00, 0x14, 0x00, 0x10, 0x00, 0x0c, 0x00, 0x00, 0x00,
  0x08, 0x00, 0x04, 0x00, 0x14, 0x00, 0x00, 0x00, 0x1c, 0x00, 0x00, 0x00,
  0x8c, 0x00, 0x00, 0x00, 0xe4, 0x00, 0x00, 0x00, 0x20, 0x23, 0x00, 0x00,
  0x30, 0x23, 0x00, 0x00, 0x0c, 0x4d, 0x00, 0x00, 0x03, 0x00, 0x00, 0x00,
  0x01, 0x00, 0x00, 0x00, 0x10, 0x00, 0x00, 0x00, 0x00, 0x00, 0x0a, 0x00,
  0x10, 0x00, 0x0c, 0x00, 0x08, 0x00, 0x04, 0x00, 0x0a, 0x00, 0x00, 0x00,
  0x0c, 0x00, 0x00, 0x00, 0x1c, 0x00, 0x00, 0x00, 0x38, 0x00, 0x00, 0x00,
  0x0f, 0x00, 0x00, 0x00, 0x73, 0x65, 0x72, 0x76, 0x69, 0x6e, 0x67, 0x5f,
  0x64, 0x65, 0x66, 0x61, 0x75, 0x6c, 0x74, 0x00, 0x01, 0x00, 0x00, 0x00,
  0x04, 0x00, 0x00, 0x00, 0x9c, 0xff, 0xff, 0xff, 0x24, 0x00, 0x00, 0x00,
  0x04, 0x00, 0x00, 0x00, 0x06, 0x00, 0x00, 0x00, 0x6f, 0x75, 0x74, 0x70,
  0x75, 0x74, 0x00, 0x00, 0x01, 0x00, 0x00, 0x00, 0x04, 0x00, 0x00, 0x00,
  0x9e, 0xdc, 0xff, 0xff, 0x04, 0x00, 0x00, 0x00, 0x05, 0x00, 0x00, 0x00,
  0x69, 0x6e, 0x70, 0x75, 0x74, 0x00, 0x00, 0x00, 0x02, 0x00, 0x00, 0x00,
  0x34, 0x00, 0x00, 0x00, 0x04, 0x00, 0x00, 0x00, 0xdc, 0xff, 0xff, 0xff,
  0x27, 0x00, 0x00, 0x00, 0x04, 0x00, 0x00, 0x00, 0x13, 0x00, 0x00, 0x00,
  0x43, 0x4f, 0x4e, 0x56, 0x45, 0x52, 0x53, 0x49, 0x4f, 0x4e, 0x5f, 0x4d,
  0x45, 0x54, 0x41, 0x44, 0x41, 0x54, 0x41, 0x00, 0x08, 0x00, 0x0c, 0x00,
  0x08, 0x00, 0x04, 0x00, 0x08, 0x00, 0x00, 0x00, 0x26, 0x00, 0x00, 0x00,
  0x04, 0x00, 0x00, 0x00, 0x13, 0x00, 0x00, 0x00, 0x6d, 0x69, 0x6e, 0x5f,
  0x72, 0x75, 0x6e, 0x74, 0x69, 0x6d, 0x65, 0x5f, 0x76, 0x65, 0x72, 0x73,
  0x69, 0x6f, 0x6e, 0x00, 0x28, 0x00, 0x00, 0x00, 0x38, 0x22, 0x00, 0x00,
  0x30, 0x22, 0x00, 0x00, 0x18, 0x22, 0x00, 0x00, 0xec, 0x21, 0x00, 0x00,
  0x6c, 0x21, 0x00, 0x00, 0x1c, 0x21, 0x00, 0x00, 0x0c, 0x1e, 0x00, 0x00,
  0xbc, 0x1d, 0x00, 0x00, 0xac, 0x1a, 0x00, 0x00, 0x5c, 0x1a, 0x00, 0x00,
  0x4c, 0x17, 0x00, 0x00, 0xfc, 0x16, 0x00, 0x00, 0xec, 0x13, 0x00, 0x00,
  0x9c, 0x13, 0x00, 0x00, 0x8c, 0x10, 0x00, 0x00, 0x3c, 0x10, 0x00, 0x00,
  0x2c, 0x0d, 0x00, 0x00, 0xdc, 0x0c, 0x00, 0x00, 0xcc, 0x09, 0x00, 0x00,
  0x7c, 0x09, 0x00, 0x00, 0x6c, 0x06, 0x00, 0x00, 0x1c, 0x06, 0x00, 0x00,
  0x0c, 0x03, 0x00, 0x00, 0xbc, 0x02, 0x00, 0x00, 0xfc, 0x00, 0x00, 0x00,
  0xf4, 0x00, 0x00, 0x00, 0xec, 0x00, 0x00, 0x00, 0xe4, 0x00, 0x00, 0x00,
  0xdc, 0x00, 0x00, 0x00, 0xd4, 0x00, 0x00, 0x00, 0xcc, 0x00, 0x00, 0x00,
  0xc4, 0x00, 0x00, 0x00, 0xbc, 0x00, 0x00, 0x00, 0xb4, 0x00, 0x00, 0x00,
  0xac, 0x00, 0x00, 0x00, 0xa4, 0x00, 0x00, 0x00, 0x9c, 0x00, 0x00, 0x00,
  0x94, 0x00, 0x00, 0x00, 0x74, 0x00, 0x00, 0x00, 0x04, 0x00, 0x00, 0x00,
  0xb2, 0xdd, 0xff, 0xff, 0x04, 0x00, 0x00, 0x00, 0x60, 0x00, 0x00, 0x00,
  0x0c, 0x00, 0x00, 0x00, 0x08, 0x00, 0x0e, 0x00, 0x08, 0x00, 0x04, 0x00,
  0x08, 0x00, 0x00, 0x00, 0x10, 0x00, 0x00, 0x00, 0x28, 0x00, 0x00, 0x00,
  0x00, 0x00, 0x06, 0x00, 0x08, 0x00, 0x04, 0x00, 0x06, 0x00, 0x00, 0x00,
  0x04, 0x00, 0x00, 0x00, 0x01, 0x00, 0x00, 0x00, 0xeb, 0x03, 0x00, 0x00,
  0x0c, 0x00, 0x18, 0x00, 0x14, 0x00, 0x10, 0x00, 0x0c, 0x00, 0x04, 0x00,
  0x0c, 0x00, 0x00, 0x00, 0xbd, 0xc8, 0xea, 0x36, 0xf2, 0xf8, 0xfc, 0x35,
  0x01, 0x00, 0x00, 0x00, 0x02, 0x00, 0x00, 0x00, 0x04, 0x00, 0x00, 0x00,
  0x06, 0x00, 0x00, 0x00, 0x32, 0x2e, 0x32, 0x31, 0x2e, 0x30, 0x00, 0x00,
  0x1e, 0xde, 0xff, 0xff, 0x04, 0x00, 0x00, 0x00, 0x10, 0x00, 0x00, 0x00,
  0x31, 0x2e, 0x31, 0x34, 0x2e, 0x30, 0x00, 0x00, 0x00, 0x00, 0x00, 0x00,
  0x00, 0x00, 0x00, 0x00, 0xd4, 0xb5, 0xff, 0xff, 0xd8, 0xb5, 0xff, 0xff,
  0xdc, 0xb5, 0xff, 0xff, 0xe0, 0xb5, 0xff, 0xff, 0xe4, 0xb5, 0xff, 0xff,
  0xe8, 0xb5, 0xff, 0xff, 0xec, 0xb5, 0xff, 0xff, 0xf0, 0xb5, 0xff, 0xff,
  0xf4, 0xb5, 0xff, 0xff, 0xf8, 0xb5, 0xff, 0xff, 0xfc, 0xb5, 0xff, 0xff,
  0x00, 0xb6, 0xff, 0xff, 0x04, 0xb6, 0xff, 0xff, 0x6e, 0xde, 0xff, 0xff,
  0x04, 0x00, 0x00, 0x00, 0xb0, 0x01, 0x00, 0x00, 0x64, 0xb1, 0x53, 0x75,
  0x7d, 0x40, 0xb2, 0xcb, 0x0b, 0x1d, 0x8a, 0xe5, 0x63, 0x02, 0x7f, 0x08,
  0xf5, 0x8c, 0xf8, 0x50, 0x3f, 0xe4, 0x6c, 0xf9, 0xd4, 0xb8, 0xff, 0x49,
  0x81, 0x05, 0xa6, 0x08, 0x5d, 0xa1, 0x4c, 0x05, 0x82, 0x4d, 0xe8, 0x6d,
  0x9d, 0x1f, 0xd7, 0xb2, 0xe9, 0x85, 0x94, 0xc3, 0xb5, 0xf2, 0x29, 0x79,
  0x0e, 0x2d, 0x41, 0x1f, 0x5f, 0xc7, 0x57, 0xf4, 0x75, 0xd9, 0xb0, 0x50,
  0x09, 0x2c, 0x89, 0xff, 0x30, 0xbe, 0xf2, 0xed, 0x5b, 0xe6, 0x66, 0x18,
  0xc7, 0x04, 0x83, 0x81, 0xeb, 0x99, 0x00, 0x8b, 0xf2, 0xc7, 0xf1, 0xf9,
  0x5c, 0x47, 0xb9, 0x5c, 0xfc, 0xe9, 0xed, 0x4f, 0x5b, 0x34, 0xd6, 0xe0,
  0x7f, 0xe8, 0xce, 0xb3, 0x41, 0x12, 0xea, 0xb8, 0xf9, 0x7f, 0x61, 0x8f,
  0x84, 0xb5, 0x8f, 0xca, 0xea, 0x28, 0x4e, 0x37, 0x56, 0x4c, 0x3f, 0x94,
  0xcc, 0x1e, 0x29, 0x04, 0xdd, 0x32, 0xde, 0x01, 0x2c, 0xb4, 0x62, 0xd9,
  0x4b, 0x52, 0xb3, 0x06, 0xf3, 0xd8, 0x06, 0x35, 0xbf, 0x70, 0x45, 0xfd,
  0x59, 0x7f, 0x9c, 0x49, 0x43, 0xae, 0xd9, 0xcc, 0x9e, 0xe9, 0xd5, 0xff,
  0x33, 0xc2, 0x49, 0x8f, 0xfe, 0x59, 0xfc, 0x0b, 0x02, 0x7f, 0xa3, 0xbc,
  0x49, 0x1c, 0x98, 0xa2, 0xad, 0x4d, 0x47, 0x92, 0x66, 0x9c, 0x91, 0xea,
  0x1b, 0x42, 0xe4, 0x5e, 0xb5, 0x21, 0xd5, 0x4d, 0xae, 0xf2, 0x53, 0x67,
  0x12, 0x57, 0x21, 0x6b, 0x0f, 0xa9, 0x06, 0x31, 0x44, 0x77, 0x97, 0x55,
  0xc1, 0xa0, 0xbb, 0xef, 0x7f, 0xee, 0xbe, 0x9b, 0x20, 0xf8, 0x89, 0x2b,
  0xff, 0x72, 0x54, 0xce, 0x81, 0x24, 0x62, 0x28, 0xa2, 0x21, 0xd2, 0x30,
  0xf8, 0x3a, 0x66, 0x97, 0x96, 0x50, 0x65, 0x1a, 0x7a, 0x56, 0xed, 0x77,
  0xb4, 0x59, 0x5c, 0x2c, 0xbb, 0x6a, 0x99, 0xae, 0x1f, 0x9d, 0xcf, 0x81,
  0xc0, 0x2d, 0x6a, 0x16, 0x45, 0x75, 0xdd, 0xd6, 0xe0, 0xc8, 0xbe, 0x11,
  0xed, 0x13, 0xc2, 0x15, 0xc6, 0x4b, 0x45, 0x7f, 0x5d, 0xa3, 0xfd, 0x2e,
  0x00, 0xc2, 0xc3, 0x5d, 0x05, 0xd4, 0xaf, 0x6c, 0xed, 0xec, 0x2b, 0x91,
  0x23, 0xd0, 0x49, 0xea, 0xa2, 0xda, 0x36, 0x16, 0xbc, 0xea, 0x20, 0x81,
  0xd9, 0xdb, 0xb2, 0x86, 0x17, 0xee, 0x0c, 0xef, 0x87, 0xac, 0x23, 0xde,
  0x44, 0x48, 0x6c, 0x70, 0xde, 0x86, 0xd4, 0xea, 0x06, 0xf7, 0x92, 0x02,
  0x7f, 0x78, 0xff, 0x33, 0x04, 0xb4, 0x82, 0x0e, 0xca, 0xad, 0x3f, 0x0e,
  0x41, 0x0d, 0xad, 0x35, 0x4f, 0xc0, 0xf1, 0xad, 0x9c, 0x10, 0xe2, 0x48,
  0xd2, 0xd0, 0xb2, 0x0c, 0x95, 0x41, 0x0f, 0x7b, 0x62, 0xb1, 0x26, 0xf0,
  0xc7, 0x47, 0x97, 0x38, 0x06, 0x0e, 0xde, 0xcd, 0x3c, 0x20, 0x8e, 0xba,
  0x05, 0x7f, 0x21, 0x07, 0xa5, 0x7d, 0x19, 0x75, 0x91, 0xe0, 0x09, 0xf1,
  0x8f, 0x15, 0x5c, 0x50, 0x26, 0xb0, 0x11, 0x5a, 0x71, 0x75, 0x81, 0x15,
  0x1d, 0xab, 0xd1, 0x62, 0xd1, 0xdd, 0x5d, 0xc0, 0xc1, 0x7f, 0xe6, 0x4e,
  0x52, 0x69, 0xa0, 0x1a, 0xd4, 0xaf, 0x03, 0xed, 0x4f, 0x8b, 0xdb, 0x11,
  0x25, 0xdd, 0x46, 0xb5, 0x06, 0x17, 0x87, 0xdf, 0x2a, 0xe0, 0xff, 0xff,
  0x04, 0x00, 0x00, 0x00, 0x40, 0x00, 0x00, 0x00, 0xf4, 0xff, 0xff, 0xff,
  0x34, 0x00, 0x00, 0x00, 0x3a, 0x00, 0x00, 0x00, 0xfb, 0xff, 0xff, 0xff,
  0x45, 0x00, 0x00, 0x00, 0x01, 0x00, 0x00, 0x00, 0xef, 0xff, 0xff, 0xff,
  0xe8, 0xff, 0xff, 0xff, 0x20, 0x00, 0x00, 0x00, 0x01, 0x00, 0x00, 0x00,
  0xe7, 0xff, 0xff, 0xff, 0x34, 0x00, 0x00, 0x00, 0xeb, 0xff, 0xff, 0xff,
  0x39, 0x00, 0x00, 0x00, 0x39, 0x00, 0x00, 0x00, 0x36, 0x00, 0x00, 0x00,
  0x76, 0xe0, 0xff, 0xff, 0x04, 0x00, 0x00, 0x00, 0x00, 0x03, 0x00, 0x00,
  0x0a, 0x35, 0x38, 0x3f, 0x71, 0x3e, 0x4b, 0x7f, 0x48, 0x28, 0x06, 0x6d,
  0x2b, 0x28, 0x46, 0xaa, 0x3c, 0xbe, 0x44, 0x15, 0xd7, 0xd6, 0x4e, 0xca,
  0x36, 0x74, 0xc8, 0xc4, 0x41, 0x4c, 0x6a, 0xaa, 0x56, 0x37, 0x5b, 0xab,
  0xcc, 0x6c, 0x0e, 0xe9, 0x31, 0x2b, 0xdc, 0x04, 0x56, 0x37, 0x2f, 0xb5,
  0x7f, 0xd9, 0xf0, 0x72, 0x0b, 0x2d, 0x16, 0xbe, 0xd9, 0xd1, 0x78, 0x0c,
  0x58, 0xd8, 0x3d, 0xba, 0xb1, 0x2e, 0xd8, 0xea, 0xae, 0xe8, 0x74, 0xc3,
  0x3f, 0x19, 0x5c, 0x54, 0x4a, 0x23, 0xef, 0x7b, 0x71, 0xbb, 0x08, 0x0f,
  0x45, 0x7a, 0x08, 0x19, 0xda, 0xed, 0xe5, 0xf6, 0x0c, 0x4c, 0x58, 0xeb,
  0x0c, 0x45, 0x63, 0xad, 0xb1, 0xb5, 0x7e, 0xe8, 0x72, 0xaf, 0xc3, 0x1a,
  0xb3, 0x07, 0x26, 0x73, 0xcb, 0x72, 0x72, 0x42, 0x06, 0x03, 0x7b, 0x1e,
  0xd1, 0x24, 0xd3, 0xcd, 0xef, 0xf2, 0x60, 0x60, 0x0f, 0x5b, 0x5d, 0xaf,
  0xf3, 0x7f, 0x4f, 0x1e, 0xe2, 0x65, 0x05, 0x46, 0x7b, 0xe8, 0x75, 0x54,
  0xd4, 0x26, 0x34, 0xcd, 0x98, 0xa9, 0x6e, 0xb1, 0x60, 0x30, 0x6a, 0xd7,
  0xda, 0xf6, 0xdb, 0xfa, 0x55, 0xd5, 0x55, 0xed, 0x4d, 0x81, 0xca, 0xdb,
  0x2e, 0x2c, 0x65, 0x12, 0xbc, 0xf9, 0xf2, 0x90, 0x45, 0x1f, 0xff, 0x52,
  0xbe, 0x25, 0x40, 0xb8, 0xc8, 0x48, 0x18, 0x44, 0x2f, 0xf1, 0x33, 0x02,
  0xc2, 0xf6, 0x07, 0xe8, 0x42, 0xfc, 0x47, 0x7e, 0xf4, 0x5c, 0x64, 0x23,
  0xd3, 0xac, 0x1a, 0xae, 0xd2, 0xad, 0x7f, 0xab, 0xbd, 0x23, 0x26, 0x49,
  0xe0, 0x51, 0x08, 0x2e, 0xea, 0x12, 0xfd, 0x7d, 0x3e, 0x44, 0x44, 0x1e,
  0xf4, 0x77, 0x42, 0xa9, 0x7f, 0xe0, 0x76, 0x1f, 0x56, 0x68, 0x42, 0xd5,
  0x52, 0x7d, 0x28, 0x73, 0xe5, 0x5e, 0x32, 0x40, 0x3a, 0xf7, 0xc1, 0x7f,
  0xab, 0x69, 0x42, 0xcc, 0xe6, 0x17, 0x21, 0x39, 0x65, 0xb5, 0xef, 0x4d,
  0x67, 0xe6, 0xd3, 0xe4, 0xe4, 0xf0, 0xb9, 0xaa, 0x72, 0x17, 0xe0, 0x4c,
  0x1d, 0x67, 0x41, 0xb3, 0x66, 0xfa, 0x53, 0x05, 0x04, 0xce, 0xf9, 0x2a,
  0x59, 0xc2, 0xd8, 0xf0, 0x02, 0xa9, 0x68, 0xb8, 0x23, 0x67, 0xcf, 0x7f,
  0x07, 0x64, 0xba, 0x22, 0x50, 0xed, 0x14, 0x58, 0xb3, 0x52, 0x13, 0xcd,
  0x57, 0x57, 0x45, 0x29, 0x77, 0x29, 0x19, 0x6f, 0x27, 0x02, 0x2e, 0xe1,
  0x31, 0x1e, 0x6c, 0x60, 0xdb, 0x1d, 0x16, 0x2b, 0x1b, 0xfc, 0x1e, 0x3a,
  0xbf, 0xf2, 0x55, 0x11, 0xe7, 0x7d, 0x4e, 0x1d, 0x41, 0x7b, 0xa9, 0xd4,
  0x74, 0x0b, 0xf5, 0x72, 0xc2, 0x73, 0x3e, 0x21, 0x15, 0xcf, 0xee, 0xa6,
  0xf5, 0xda, 0x54, 0x74, 0xdc, 0x69, 0xdd, 0xf6, 0x37, 0x48, 0xd9, 0xa3,
  0xb0, 0xb1, 0x7f, 0xe4, 0x79, 0x55, 0x6f, 0xbe, 0x5a, 0x3b, 0xcc, 0xf1,
  0x71, 0x1f, 0x50, 0x41, 0x60, 0x16, 0x10, 0xe6, 0xfc, 0xe1, 0xb5, 0x30,
  0x04, 0x73, 0x47, 0xc5, 0x1b, 0xf8, 0x7f, 0xb6, 0xb8, 0xc6, 0x4b, 0xf5,
  0xe5, 0x1a, 0x78, 0x77, 0xc8, 0xd3, 0x28, 0xd7, 0x70, 0x37, 0xb9, 0x5a,
  0xff, 0x2f, 0xfc, 0x09, 0xf7, 0x56, 0x2a, 0x73, 0xb8, 0xd7, 0x38, 0xeb,
  0x6e, 0xca, 0xc9, 0xf7, 0xe6, 0x60, 0x75, 0x15, 0x57, 0x16, 0xfa, 0x19,
  0xdc, 0x49, 0x9a, 0xdb, 0x12, 0x5b, 0x1f, 0xa1, 0x1f, 0xee, 0xf9, 0xec,
  0x4e, 0x42, 0xd4, 0xd7, 0xd7, 0x6c, 0x1a, 0xca, 0x34, 0xab, 0xbe, 0xb7,
  0xb6, 0x7f, 0x24, 0x11, 0x05, 0x0c, 0x1b, 0xe4, 0x45, 0x63, 0x8c, 0x4e,
  0xc3, 0x58, 0x9c, 0x15, 0xe4, 0x62, 0x72, 0x33, 0xcc, 0x43, 0xed, 0xd2,
  0x05, 0xf9, 0xdc, 0x5e, 0x78, 0x0b, 0xa2, 0x6a, 0x57, 0xbb, 0x36, 0xd9,
  0x46, 0x17, 0x6e, 0x03, 0x7f, 0x42, 0x41, 0x6b, 0x46, 0xe9, 0x4b, 0x6a,
  0xb4, 0x24, 0xd7, 0xae, 0x2e, 0xe0, 0xf7, 0x36, 0x15, 0x37, 0x05, 0x3b,
  0x25, 0x47, 0xec, 0xf3, 0xc4, 0x5e, 0x49, 0xac, 0x78, 0xa2, 0x10, 0xb7,
  0x16, 0xff, 0xf4, 0x6d, 0x74, 0x3b, 0xd9, 0x06, 0x7c, 0xd0, 0xdf, 0x1a,
  0x5c, 0x7f, 0x29, 0x75, 0x60, 0xe9, 0x4a, 0x72, 0xf2, 0x68, 0xf5, 0x57,
  0xe8, 0x6b, 0x1e, 0xdf, 0x08, 0x35, 0x6d, 0x27, 0x04, 0xfb, 0xfe, 0xf1,
  0x35, 0x2d, 0x21, 0x60, 0xe3, 0xe1, 0xae, 0xe0, 0x6c, 0xf2, 0xb7, 0xd6,
  0x06, 0x08, 0x42, 0x50, 0x36, 0x55, 0xdf, 0x6d, 0xc7, 0xe0, 0xef, 0x3b,
  0xc0, 0xe4, 0x77, 0x5d, 0x59, 0x19, 0xbc, 0x4d, 0x48, 0x11, 0x4a, 0x55,
  0xfe, 0xfd, 0x52, 0x3f, 0xd2, 0xaf, 0x7f, 0xea, 0x64, 0x21, 0xe0, 0x74,
  0x81, 0xb2, 0x91, 0xa8, 0xc1, 0xfa, 0x60, 0xba, 0x94, 0x57, 0x34, 0xfd,
  0x25, 0x30, 0xb3, 0xb3, 0xcd, 0x8f, 0x46, 0x05, 0x8d, 0xe4, 0xfa, 0xf9,
  0x20, 0x51, 0xb0, 0xa0, 0x71, 0x35, 0xbd, 0xd5, 0x91, 0x29, 0x11, 0x82,
  0xa9, 0xdc, 0xa0, 0x3d, 0x14, 0xa7, 0x9a, 0xc6, 0xbf, 0x2d, 0xfa, 0x09,
  0x1f, 0x0d, 0x1d, 0xf9, 0x08, 0x69, 0xb8, 0x12, 0x7f, 0x7c, 0xcd, 0xc9,
  0x7e, 0xd4, 0xaf, 0x14, 0x59, 0xe2, 0x27, 0x41, 0x72, 0x72, 0xfa, 0x73,
  0x30, 0xad, 0x2f, 0xd8, 0xec, 0x31, 0xab, 0x19, 0xf9, 0xbd, 0x15, 0xc1,
  0x72, 0x41, 0x28, 0x6e, 0xe9, 0x3f, 0x56, 0x3f, 0xde, 0x58, 0xf8, 0x11,
  0xee, 0xa9, 0x57, 0xfb, 0x4e, 0x56, 0xa4, 0x19, 0xe5, 0x2e, 0xed, 0x61,
  0x12, 0xff, 0x61, 0x4c, 0xef, 0x08, 0x31, 0x09, 0x07, 0x2b, 0xb4, 0xdc,
  0x13, 0xdd, 0xa9, 0xc9, 0xa5, 0x1d, 0xd7, 0x3d, 0x59, 0x7b, 0x78, 0x16,
  0x26, 0xa2, 0x7f, 0xfc, 0x5a, 0x5d, 0xf0, 0xcf, 0x22, 0x75, 0x21, 0x3c,
  0x82, 0xe3, 0xff, 0xff, 0x04, 0x00, 0x00, 0x00, 0x40, 0x00, 0x00, 0x00,
  0xd0, 0xff, 0xff, 0xff, 0x4a, 0x00, 0x00, 0x00, 0xc6, 0xff, 0xff, 0xff,
  0x86, 0xff, 0xff, 0xff, 0x66, 0x00, 0x00, 0x00, 0x93, 0xff, 0xff, 0xff,
  0xca, 0xff, 0xff, 0xff, 0x69, 0x00, 0x00, 0x00, 0xad, 0x00, 0x00, 0x00,
  0xfc, 0xff, 0xff, 0xff, 0x24, 0x00, 0x00, 0x00, 0xfd, 0xff, 0xff, 0xff,
  0x5f, 0x00, 0x00, 0x00, 0x0b, 0x00, 0x00, 0x00, 0xae, 0x00, 0x00, 0x00,
  0xa4, 0xff, 0xff, 0xff, 0xce, 0xe3, 0xff, 0xff, 0x04, 0x00, 0x00, 0x00,
  0x00, 0x03, 0x00, 0x00, 0x68, 0xe1, 0x7a, 0xd0, 0x5b, 0x2f, 0x2f, 0xb7,
  0x63, 0x24, 0x00, 0x7d, 0x1f, 0xf9, 0x54, 0xed, 0x04, 0xb3, 0x16, 0x57,
  0x05, 0x5b, 0xf4, 0xfc, 0x27, 0xb0, 0xcb, 0xbc, 0x5a, 0xe2, 0xb0, 0xcc,
  0x4a, 0xf6, 0x5a, 0x06, 0x44, 0xd1, 0xc6, 0x53, 0x7e, 0xb0, 0xf7, 0x02,
  0xbf, 0x4f, 0x7f, 0x19, 0xf4, 0x36, 0x47, 0xd3, 0xd6, 0x29, 0xed, 0x0b,
  0x39, 0x20, 0xed, 0xcb, 0x54, 0x29, 0x60, 0x50, 0xd8, 0x34, 0x39, 0xf0,
  0xcb, 0xb1, 0x77, 0x6f, 0x11, 0x1a, 0xad, 0xe3, 0xf1, 0x2f, 0x6e, 0xf1,
  0xc1, 0x1a, 0x4d, 0xc2, 0x41, 0xb1, 0x76, 0x1a, 0x31, 0xb3, 0x30, 0x25,
  0xc0, 0xf0, 0x7f, 0xf6, 0x5f, 0xed, 0x27, 0x5a, 0xb0, 0xf9, 0xa3, 0x00,
  0x14, 0x0a, 0x44, 0x2a, 0x7f, 0xaf, 0xb0, 0xd8, 0x43, 0x7e, 0x3c, 0x36,
  0x44, 0x02, 0x69, 0x5f, 0x32, 0xd5, 0x68, 0x5a, 0x2e, 0x4c, 0xa4, 0xf4,
  0x26, 0x2e, 0xfc, 0x11, 0xdf, 0xb0, 0xa5, 0x40, 0x07, 0x17, 0xd5, 0xed,
  0x15, 0x09, 0x61, 0xd5, 0x55, 0xf7, 0x62, 0xc3, 0xe8, 0x00, 0xbc, 0x67,
  0xb0, 0xbf, 0x67, 0x62, 0x0e, 0xfb, 0x01, 0x2a, 0x2c, 0xb8, 0x56, 0x12,
  0x57, 0x5a, 0x35, 0x7f, 0xb8, 0xf7, 0x76, 0x17, 0x4f, 0x6c, 0xd7, 0xc6,
  0x21, 0xcb, 0xab, 0xcb, 0xe2, 0xfc, 0x5a, 0xbb, 0xff, 0x01, 0x08, 0x44,
  0xe9, 0xd9, 0x6a, 0x1a, 0x5e, 0x3d, 0x7f, 0x24, 0xc1, 0xc9, 0x4f, 0xd6,
  0xdb, 0x62, 0xf6, 0x4a, 0xd9, 0x1a, 0x41, 0xc6, 0x55, 0x1a, 0x11, 0xa5,
  0xb2, 0x3e, 0xf4, 0xc7, 0x03, 0x53, 0x67, 0x64, 0x41, 0x74, 0x64, 0x0b,
  0xd8, 0xbc, 0xb9, 0xb8, 0x18, 0xe5, 0xbc, 0xc7, 0xbf, 0xcf, 0xba, 0xe5,
  0xaf, 0x08, 0x1f, 0x60, 0xbe, 0xd9, 0xd5, 0xc3, 0xff, 0xe5, 0x2e, 0x7f,
  0xda, 0xfb, 0xda, 0x3a, 0x0a, 0xb4, 0xed, 0x76, 0x0f, 0xdd, 0xf0, 0xbc,
  0x63, 0x59, 0x68, 0xc4, 0x69, 0xea, 0xf1, 0xb8, 0x6a, 0x00, 0x42, 0x14,
  0x28, 0x1b, 0x1f, 0x2c, 0xaa, 0x79, 0x21, 0x29, 0x17, 0x6b, 0xf3, 0xe4,
  0xf2, 0xb5, 0x0c, 0x3b, 0x23, 0xaf, 0xc6, 0xa0, 0x11, 0x9b, 0x48, 0x97,
  0x64, 0xfa, 0xce, 0xfe, 0xb2, 0xfd, 0xb9, 0xda, 0x40, 0x7f, 0x08, 0x2f,
  0x9f, 0x19, 0x4e, 0x32, 0x15, 0xe4, 0x64, 0x57, 0xc0, 0xc6, 0xaf, 0x50,
  0x27, 0xdd, 0x69, 0x41, 0xad, 0xe8, 0x53, 0x5e, 0xb8, 0x78, 0x60, 0xc8,
  0xb6, 0xe0, 0xfb, 0xd4, 0x56, 0x56, 0x11, 0xc9, 0xcc, 0x07, 0x50, 0x02,
  0xe5, 0xf8, 0x7f, 0x7f, 0x7c, 0xad, 0x51, 0x54, 0x01, 0x39, 0x5a, 0x38,
  0xf4, 0x02, 0x52, 0x78, 0xca, 0xc1, 0xfb, 0xf2, 0xd5, 0xfa, 0xa9, 0xb5,
  0x1b, 0x76, 0x16, 0x76, 0x68, 0x78, 0x46, 0x1d, 0x5a, 0x70, 0x25, 0x0f,
  0x32, 0x30, 0x72, 0x2e, 0x1a, 0xa2, 0xe7, 0x81, 0x23, 0xd5, 0x68, 0x9a,
  0x5c, 0xed, 0xf9, 0xcb, 0x13, 0x3d, 0xca, 0xb1, 0xf8, 0x23, 0xa3, 0xc8,
  0xf8, 0xe5, 0xe6, 0x8c, 0xd6, 0xf8, 0x9f, 0x45, 0xa5, 0xb2, 0xae, 0x0f,
  0xa4, 0x47, 0xe4, 0x28, 0xd1, 0x10, 0xca, 0x72, 0xaa, 0xc0, 0x9c, 0x97,
  0x18, 0x21, 0x63, 0xd0, 0x00, 0x6d, 0x65, 0xec, 0x3b, 0x5b, 0x64, 0x3b,
  0x63, 0xad, 0xdf, 0x36, 0x0c, 0x51, 0x36, 0x0a, 0x40, 0x7f, 0xe3, 0x4a,
  0xfe, 0x0f, 0x23, 0x32, 0xde, 0x38, 0x59, 0x40, 0x10, 0xfa, 0x75, 0xde,
  0x51, 0x6e, 0xfa, 0xd1, 0xf6, 0xe8, 0x5e, 0xde, 0x5f, 0x78, 0xa9, 0x21,
  0x0e, 0xd2, 0xfb, 0xb9, 0xd6, 0x2a, 0xf5, 0xb2, 0x3d, 0x7c, 0x16, 0x60,
  0x54, 0x4c, 0x45, 0x44, 0x64, 0xa7, 0xb8, 0x10, 0x65, 0xd3, 0x5e, 0xfa,
  0x7f, 0xcb, 0xd5, 0xbc, 0xc6, 0x43, 0xd1, 0xe2, 0x6a, 0xe2, 0xd8, 0x36,
  0x50, 0x0f, 0x5a, 0xdf, 0xdd, 0x18, 0x30, 0x78, 0x6e, 0x3b, 0x30, 0x33,
  0xca, 0xff, 0x6c, 0x26, 0xf8, 0xf8, 0x6d, 0xc7, 0x3a, 0xd6, 0x7c, 0x03,
  0x6a, 0xf4, 0x24, 0xc7, 0xf9, 0x08, 0xe4, 0x4e, 0xd8, 0x4e, 0xfa, 0xc4,
  0x4f, 0x0b, 0x6d, 0xcd, 0x7f, 0xff, 0x41, 0xdf, 0x08, 0xcd, 0xfc, 0x61,
  0x2c, 0xbb, 0x0a, 0xae, 0x1a, 0xbc, 0xa4, 0x1c, 0x72, 0xe2, 0xb4, 0x57,
  0xf7, 0xc9, 0x6e, 0xab, 0xd8, 0x4c, 0x06, 0xc0, 0x19, 0xb8, 0xf3, 0xc6,
  0x0c, 0xdc, 0xc7, 0x1a, 0x4b, 0x2b, 0x51, 0xf8, 0x38, 0xba, 0xd3, 0x20,
  0x53, 0x35, 0xe9, 0x0e, 0x28, 0x13, 0x28, 0xbc, 0xc4, 0x49, 0x3c, 0x36,
  0x15, 0x2f, 0x7f, 0x02, 0x74, 0x48, 0x13, 0x55, 0x62, 0xd1, 0xe9, 0xf9,
  0xf4, 0xb1, 0xab, 0x4f, 0x77, 0xdc, 0x98, 0xad, 0x43, 0x46, 0x04, 0x71,
  0x08, 0x46, 0xce, 0x9a, 0xd0, 0x22, 0x1c, 0xfc, 0xe6, 0x20, 0x52, 0xf1,
  0xb0, 0x40, 0xc1, 0xd9, 0x35, 0xbf, 0xe4, 0x28, 0xdf, 0xb8, 0x7f, 0xf1,
  0x57, 0xd5, 0x47, 0xc1, 0xba, 0x4c, 0xd9, 0x65, 0x00, 0xe5, 0x9c, 0x41,
  0x40, 0x9e, 0x5a, 0xf6, 0x61, 0xdc, 0x4f, 0x2e, 0x62, 0x6e, 0x5e, 0xa8,
  0x72, 0x2b, 0xf3, 0xf4, 0xe4, 0x06, 0x1b, 0x4e, 0x10, 0xd8, 0x04, 0x11,
  0xf9, 0x5e, 0x01, 0x3b, 0x30, 0x08, 0xbc, 0xae, 0xc6, 0xf7, 0xd8, 0x0a,
  0x63, 0xf7, 0x6f, 0x15, 0x7e, 0x3d, 0x1e, 0x7f, 0xef, 0x08, 0x55, 0xce,
  0xd0, 0xf3, 0x5b, 0xcb, 0x2f, 0x0c, 0x56, 0x7c, 0x3a, 0xd3, 0xbc, 0x21,
  0x7c, 0xe0, 0xbe, 0xb8, 0x16, 0xfb, 0xd2, 0x6a, 0xd8, 0xc1, 0x26, 0x21,
  0x13, 0xee, 0x09, 0x28, 0xbe, 0x0e, 0x25, 0xd9, 0xe8, 0x0d, 0x4e, 0x33,
  0x6c, 0x11, 0x22, 0xee, 0x7f, 0x51, 0x68, 0xf8, 0x26, 0xed, 0xfe, 0x27,
  0xb6, 0xb0, 0xd5, 0x10, 0xda, 0xe6, 0xff, 0xff, 0x04, 0x00, 0x00, 0x00,
  0x40, 0x00, 0x00, 0x00, 0xb6, 0xff, 0xff, 0xff, 0x89, 0x00, 0x00, 0x00,
  0xde, 0xff, 0xff, 0xff, 0x55, 0x00, 0x00, 0x00, 0xb5, 0xff, 0xff, 0xff,
  0x99, 0xff, 0xff, 0xff, 0x84, 0xff, 0xff, 0xff, 0xb7, 0xff, 0xff, 0xff,
  0xd1, 0xff, 0xff, 0xff, 0x91, 0xff, 0xff, 0xff, 0xe4, 0xff, 0xff, 0xff,
  0x3d, 0x00, 0x00, 0x00, 0x47, 0x00, 0x00, 0x00, 0x00, 0x00, 0x00, 0x00,
  0xab, 0xff, 0xff, 0xff, 0x19, 0x00, 0x00, 0x00, 0x26, 0xe7, 0xff, 0xff,
  0x04, 0x00, 0x00, 0x00, 0x00, 0x03, 0x00, 0x00, 0x57, 0x64, 0xcf, 0x28,
  0x7f, 0xca, 0xae, 0x75, 0xa0, 0xc3, 0xb3, 0xbc, 0x27, 0x6b, 0x1e, 0x7c,
  0x11, 0x3e, 0x4f, 0x38, 0x34, 0x62, 0xeb, 0x44, 0x06, 0x79, 0xcd, 0xd4,
  0x03, 0xcc, 0x7f, 0x00, 0xfb, 0x3a, 0xc2, 0xda, 0x59, 0x21, 0x44, 0x03,
  0xf0, 0x65, 0x21, 0x55, 0x7b, 0xb9, 0x54, 0x10, 0xf4, 0xd2, 0x00, 0xba,
  0x6b, 0x36, 0x1c, 0x2a, 0x20, 0xe3, 0x38, 0x7f, 0x19, 0x5c, 0xb1, 0x2f,
  0x4d, 0xc2, 0x3d, 0x74, 0xc0, 0x57, 0x30, 0x2a, 0x3d, 0xf9, 0xd5, 0x5f,
  0xed, 0x3e, 0xe5, 0xe1, 0xce, 0xba, 0x75, 0x35, 0x6d, 0xc8, 0xff, 0x70,
  0xea, 0xb6, 0xaf, 0xcf, 0xd6, 0xec, 0xd8, 0x26, 0xef, 0xd7, 0xbf, 0x05,
  0xd4, 0x2c, 0x40, 0xe1, 0xfd, 0x7f, 0x07, 0x1d, 0x52, 0xc4, 0xe4, 0xf1,
  0x12, 0x6a, 0x08, 0x4d, 0xa6, 0xe8, 0xf4, 0x59, 0x91, 0x2e, 0x64, 0x41,
  0x78, 0xf4, 0x3f, 0xeb, 0x27, 0xff, 0x16, 0x41, 0xb1, 0x30, 0xc1, 0x17,
  0x5a, 0x6f, 0x7c, 0x1a, 0x77, 0xb1, 0xe7, 0xd7, 0x74, 0xf2, 0xb8, 0x09,
  0xf4, 0x05, 0x03, 0x4f, 0x67, 0xae, 0x7f, 0x5c, 0xf8, 0x18, 0x2e, 0xbb,
  0xb6, 0x41, 0x3c, 0xde, 0x76, 0x65, 0xaa, 0xdb, 0x99, 0x7c, 0xdf, 0x1b,
  0xaf, 0x78, 0x31, 0xad, 0x4a, 0x10, 0xf3, 0x73, 0x2e, 0xd1, 0xad, 0xfe,
  0x0c, 0xb1, 0x2c, 0xc4, 0x5c, 0x30, 0x4e, 0xa9, 0x55, 0xe6, 0x53, 0x0a,
  0x53, 0x03, 0x05, 0xd2, 0xdb, 0x26, 0x39, 0x62, 0x26, 0xd8, 0x1b, 0xc8,
  0x75, 0x25, 0x1b, 0xb9, 0x16, 0xe2, 0x5e, 0xd1, 0x5e, 0xf6, 0x7a, 0xee,
  0x6c, 0x48, 0xb3, 0x73, 0x73, 0x20, 0xc3, 0xe4, 0x01, 0x46, 0x04, 0x0d,
  0xdc, 0x02, 0xf2, 0x7f, 0xea, 0xff, 0x0c, 0x2e, 0xc8, 0x34, 0xc8, 0xf5,
  0xdf, 0x25, 0x32, 0x39, 0xe0, 0x7a, 0xb3, 0x5f, 0x0c, 0x26, 0x5d, 0x42,
  0xe7, 0x49, 0xca, 0x05, 0x53, 0x59, 0x26, 0x16, 0xbb, 0x45, 0xe3, 0x5b,
  0x25, 0x6c, 0xb5, 0x39, 0x22, 0xfa, 0xaa, 0x55, 0x5f, 0xaf, 0x66, 0xb9,
  0xb7, 0x3c, 0x42, 0x7f, 0xb7, 0x5b, 0xda, 0xd8, 0x3e, 0xaa, 0xda, 0xf9,
  0x74, 0x43, 0x6e, 0x19, 0xe6, 0x75, 0x52, 0xb8, 0xcc, 0xb8, 0x3d, 0x20,
  0x23, 0x61, 0x52, 0xe0, 0xf2, 0x4a, 0x47, 0x78, 0xbe, 0x2a, 0xc6, 0xd4,
  0x7f, 0x44, 0x49, 0xf7, 0xce, 0x38, 0xe5, 0xea, 0xc9, 0x62, 0x44, 0x45,
  0x1f, 0xaf, 0x66, 0x58, 0x37, 0x58, 0xb8, 0x66, 0x24, 0xd4, 0x5f, 0x37,
  0xfd, 0x7f, 0x35, 0x6d, 0x5d, 0x68, 0x2d, 0xe8, 0x26, 0xbe, 0x61, 0xf4,
  0xe3, 0xfd, 0xf2, 0x63, 0xfb, 0xc0, 0xe1, 0x2f, 0xed, 0xeb, 0x61, 0x22,
  0x31, 0x28, 0xf5, 0x32, 0x57, 0x62, 0x19, 0x79, 0x09, 0x11, 0x00, 0x5e,
  0x24, 0xd4, 0xd2, 0x2e, 0xb2, 0xd1, 0xcc, 0x2f, 0x69, 0x2f, 0xed, 0x53,
  0x12, 0xb4, 0x72, 0x67, 0xd4, 0xe1, 0x71, 0xe7, 0x3f, 0x33, 0x04, 0xca,
  0x2d, 0x7d, 0x5d, 0x7f, 0xff, 0xe6, 0xac, 0x5c, 0xc7, 0xec, 0xde, 0x5d,
  0x76, 0xf4, 0x2b, 0x1c, 0x18, 0xf1, 0x7c, 0x47, 0x0f, 0xe4, 0xee, 0x18,
  0xcc, 0x56, 0xc3, 0xbc, 0xe5, 0xac, 0x5f, 0xb0, 0x05, 0x44, 0x0c, 0x32,
  0x7f, 0x5d, 0xf7, 0xfc, 0x9f, 0x3c, 0x16, 0xfd, 0xfb, 0x59, 0x37, 0x09,
  0xb8, 0x3f, 0x19, 0x5d, 0xe7, 0x68, 0x45, 0xe9, 0xf5, 0xc6, 0xd2, 0x40,
  0x4a, 0x71, 0xbd, 0x59, 0xea, 0x52, 0xf8, 0x21, 0x2e, 0xc9, 0x6f, 0x60,
  0x17, 0xd4, 0xd7, 0xea, 0x59, 0xd1, 0x12, 0xb3, 0x7f, 0xc8, 0xb3, 0xb2,
  0x40, 0xb3, 0xfe, 0x5d, 0xb5, 0x36, 0x11, 0xb4, 0x75, 0xcc, 0x51, 0x43,
  0x13, 0xcb, 0x36, 0x24, 0xfe, 0x26, 0x7f, 0xfe, 0x3b, 0x7c, 0x46, 0xce,
  0x3f, 0x14, 0xaa, 0x43, 0x6f, 0x1a, 0xeb, 0x79, 0x25, 0x42, 0xbf, 0x7e,
  0xa9, 0xaa, 0x58, 0x31, 0x10, 0xf2, 0x34, 0x77, 0x26, 0x1c, 0x35, 0x03,
  0x6c, 0xcb, 0xd6, 0xde, 0x57, 0x6d, 0x4d, 0x14, 0x50, 0x1c, 0x47, 0x25,
  0x78, 0x52, 0x2f, 0xcc, 0xe6, 0xbd, 0x2b, 0x6c, 0xcc, 0x14, 0x3c, 0x7f,
  0xef, 0x49, 0x72, 0xd6, 0x66, 0x66, 0xfc, 0xeb, 0x71, 0xda, 0xf8, 0x1b,
  0x37, 0x3a, 0xe2, 0x65, 0x65, 0xda, 0x57, 0xfb, 0x81, 0xdb, 0x8a, 0xb0,
  0x6f, 0x74, 0x10, 0x1d, 0xc1, 0x70, 0x06, 0xfb, 0x32, 0x1f, 0x83, 0x23,
  0x93, 0xb6, 0xd1, 0xa6, 0x4e, 0xd0, 0x55, 0x98, 0x29, 0xef, 0xce, 0x97,
  0x37, 0x54, 0xfe, 0x89, 0x63, 0xfc, 0x2f, 0x52, 0xc3, 0x3b, 0x6a, 0x29,
  0xba, 0xb1, 0x44, 0x8c, 0x0a, 0x31, 0xdf, 0x63, 0x81, 0x06, 0xdb, 0x9c,
  0x33, 0xa1, 0x0b, 0x58, 0x05, 0xe4, 0xcb, 0x37, 0xed, 0xfa, 0x3e, 0x9e,
  0xe9, 0x20, 0xc5, 0x4c, 0xd5, 0xfe, 0x63, 0xe5, 0xb6, 0x46, 0xa9, 0x52,
  0xe5, 0x5c, 0x58, 0x87, 0xe7, 0x3d, 0xfd, 0xa2, 0xe8, 0x1b, 0xcd, 0xa9,
  0xa2, 0xb9, 0x32, 0x5e, 0x27, 0xe7, 0x8d, 0xa9, 0xfe, 0xf4, 0x4e, 0xac,
  0x48, 0x5e, 0x7f, 0x71, 0x27, 0xf4, 0x45, 0x1d, 0x19, 0x26, 0x15, 0xea,
  0x5e, 0x1f, 0x1a, 0x7c, 0x1d, 0x5a, 0x3f, 0x05, 0x55, 0xec, 0x22, 0xc5,
  0x71, 0x14, 0xfc, 0xf5, 0xc4, 0x10, 0xd2, 0x46, 0x5f, 0xc7, 0xff, 0x1a,
  0xfe, 0xe6, 0x53, 0x60, 0x3b, 0x7c, 0xbc, 0xd2, 0x49, 0xf5, 0xca, 0xa5,
  0x4d, 0x7f, 0xb0, 0x78, 0x33, 0x57, 0x46, 0x02, 0xb1, 0x27, 0x11, 0xc4,
  0xf6, 0xf7, 0xb0, 0x09, 0x0e, 0x08, 0x3d, 0x36, 0x3e, 0x07, 0x1e, 0xee,
  0xbb, 0xbe, 0xea, 0xd7, 0x0c, 0x63, 0xc4, 0x02, 0x66, 0x46, 0x12, 0x11,
  0x58, 0x26, 0xe0, 0xfb, 0xed, 0xb3, 0x4c, 0xeb, 0x32, 0xea, 0xff, 0xff,
  0x04, 0x00, 0x00, 0x00, 0x40, 0x00, 0x00, 0x00, 0xd6, 0xff, 0xff, 0xff,
  0xd2, 0xff, 0xff, 0xff, 0x5d, 0x00, 0x00, 0x00, 0xbc, 0x00, 0x00, 0x00,
  0xe1, 0xff, 0xff, 0xff, 0x42, 0x00, 0x00, 0x00, 0xc8, 0x00, 0x00, 0x00,
  0x6f, 0x00, 0x00, 0x00, 0xf7, 0xff, 0xff, 0xff, 0xa0, 0xff, 0xff, 0xff,
  0x6c, 0x00, 0x00, 0x00, 0x05, 0x00, 0x00, 0x00, 0x67, 0x00, 0x00, 0x00,
  0x79, 0xff, 0xff, 0xff, 0xac, 0x00, 0x00, 0x00, 0x5d, 0x00, 0x00, 0x00,
  0x7e, 0xea, 0xff, 0xff, 0x04, 0x00, 0x00, 0x00, 0x00, 0x03, 0x00, 0x00,
  0x4e, 0x7f, 0xc3, 0x4f, 0xc5, 0x79, 0x1c, 0xa7, 0x30, 0x6e, 0x05, 0x18,
  0x43, 0xdd, 0x1e, 0x70, 0xb2, 0x35, 0x06, 0x12, 0xeb, 0xc2, 0x74, 0x1c,
  0xef, 0xff, 0x24, 0x45, 0xf6, 0x16, 0x37, 0xe5, 0xd8, 0xe6, 0xd5, 0x4d,
  0xcf, 0x43, 0xd4, 0x09, 0xf7, 0x67, 0x7e, 0xe7, 0x4e, 0xfa, 0x09, 0xfb,
  0x0f, 0xdd, 0x47, 0xd8, 0x4b, 0x07, 0x4b, 0x34, 0xed, 0x21, 0x4a, 0x0c,
  0x3f, 0x17, 0x4f, 0xd1, 0xeb, 0xec, 0xed, 0xea, 0xc8, 0x4f, 0x57, 0x0e,
  0xf6, 0xf7, 0x2a, 0x16, 0xe1, 0xcb, 0x45, 0xf9, 0x53, 0x04, 0x34, 0xd1,
  0x5a, 0x22, 0xdb, 0x27, 0x0b, 0x7f, 0x04, 0xd1, 0x24, 0x32, 0x15, 0xe7,
  0xf7, 0xd5, 0x34, 0xcf, 0xfe, 0x02, 0xd7, 0xe4, 0x46, 0x52, 0x04, 0xf2,
  0xf6, 0x00, 0x38, 0x11, 0x2a, 0x12, 0x10, 0x46, 0x22, 0xca, 0xe3, 0xe6,
  0x34, 0xfb, 0x29, 0x35, 0xe7, 0xd9, 0x51, 0xf1, 0x34, 0xca, 0x04, 0x42,
  0xdb, 0x42, 0xda, 0x21, 0x13, 0x7f, 0x3c, 0x23, 0xdb, 0x2f, 0xdf, 0x38,
  0x33, 0xd4, 0x3e, 0x14, 0x0d, 0x2e, 0x94, 0xca, 0x3c, 0xd6, 0xfe, 0xf9,
  0xc2, 0x47, 0x45, 0x5d, 0xf0, 0xb7, 0xcd, 0x05, 0x2c, 0x2c, 0x83, 0x23,
  0x8c, 0x92, 0xfe, 0x35, 0x17, 0xdc, 0x81, 0x90, 0x98, 0xec, 0xd3, 0xe0,
  0x39, 0xe5, 0x5f, 0xb9, 0x8c, 0xe0, 0xa5, 0x9e, 0x03, 0xc4, 0x5a, 0x33,
  0x37, 0x2d, 0x4c, 0x15, 0x7f, 0xbf, 0x70, 0x17, 0xf4, 0x25, 0x66, 0x2d,
  0xdc, 0xd4, 0xae, 0x1f, 0x56, 0xeb, 0xfc, 0xf5, 0x66, 0xf7, 0x70, 0x56,
  0xfc, 0x22, 0xd5, 0x7c, 0xa1, 0x61, 0x67, 0x3d, 0xf7, 0x1c, 0xad, 0xf0,
  0x4b, 0x2f, 0x22, 0x42, 0xc5, 0x11, 0x5e, 0xfe, 0x3c, 0xec, 0xf6, 0xb1,
  0x0f, 0xe3, 0x14, 0x4d, 0x46, 0x02, 0xf5, 0x46, 0xe5, 0x1d, 0x23, 0x31,
  0xfc, 0x4a, 0x06, 0xcd, 0x4f, 0x15, 0xed, 0x32, 0xee, 0xd2, 0xd1, 0x2e,
  0xe2, 0x41, 0x3e, 0xfa, 0x1d, 0xe2, 0xf5, 0xdf, 0xd8, 0x2b, 0xf6, 0x2a,
  0x05, 0x26, 0x54, 0xe6, 0xe8, 0x7f, 0x1f, 0x4c, 0x45, 0xdb, 0x17, 0x29,
  0xdd, 0x4f, 0xac, 0xca, 0x7f, 0xe1, 0x74, 0x3e, 0x15, 0xc9, 0x22, 0xfa,
  0x04, 0x20, 0xfd, 0x69, 0xc3, 0xa2, 0xc3, 0xfd, 0xba, 0xd8, 0x2c, 0xae,
  0x68, 0xf9, 0x38, 0xc2, 0x1d, 0x39, 0x16, 0xda, 0x55, 0x06, 0x5c, 0xec,
  0xb7, 0x2d, 0x38, 0xe8, 0x03, 0x0f, 0x16, 0x54, 0x19, 0xe6, 0x0d, 0xc9,
  0xd6, 0x79, 0x63, 0xad, 0xc6, 0xf0, 0x7e, 0x4a, 0x56, 0x27, 0x27, 0x21,
  0xcb, 0x35, 0x5f, 0xdf, 0x4e, 0xc9, 0xc5, 0x28, 0x01, 0xeb, 0x1a, 0x75,
  0x6e, 0x1f, 0x0c, 0x67, 0x1f, 0x51, 0xe5, 0x63, 0x1d, 0x64, 0xcc, 0xfe,
  0x7f, 0x08, 0x40, 0xeb, 0x4a, 0xe6, 0xf3, 0x0c, 0x35, 0xc3, 0x22, 0x07,
  0x1f, 0x46, 0xdc, 0x4a, 0xb2, 0x29, 0x0d, 0xb4, 0x1d, 0xcc, 0xe6, 0xe9,
  0xa9, 0xc5, 0x25, 0xcc, 0x7f, 0x04, 0x78, 0x32, 0xc3, 0x23, 0xea, 0x13,
  0x08, 0x21, 0xd9, 0xb8, 0x25, 0xd3, 0x72, 0x2b, 0x55, 0x47, 0x64, 0x38,
  0x46, 0xf9, 0x50, 0xae, 0x7b, 0x33, 0x60, 0x36, 0x1d, 0xef, 0x59, 0x12,
  0x7d, 0x4c, 0x1e, 0x50, 0x28, 0x59, 0x15, 0x5b, 0x54, 0xc8, 0x07, 0x24,
  0xad, 0x2a, 0x66, 0x5b, 0x53, 0x3a, 0xba, 0x11, 0x23, 0x49, 0x1d, 0xa9,
  0x33, 0xd3, 0x14, 0x2b, 0xba, 0xdc, 0x0c, 0xe5, 0x49, 0xd9, 0x7f, 0x53,
  0x32, 0x2d, 0x3c, 0x61, 0xb1, 0xf8, 0xab, 0x75, 0x48, 0xa4, 0xae, 0xe2,
  0x2e, 0x49, 0xfa, 0x3d, 0x05, 0x7f, 0x5e, 0x7f, 0xef, 0x69, 0x0a, 0xec,
  0xdc, 0x44, 0xd5, 0x0b, 0x43, 0x66, 0x41, 0xb9, 0xe6, 0xd2, 0x09, 0x58,
  0xd0, 0xdb, 0x41, 0x3a, 0x2c, 0x0c, 0x61, 0x6b, 0xd8, 0x6e, 0xea, 0x30,
  0x08, 0x61, 0xd9, 0x53, 0x18, 0x14, 0x5b, 0x33, 0xbb, 0x25, 0xff, 0x06,
  0xd1, 0x26, 0x07, 0xc4, 0x58, 0x41, 0xdc, 0x50, 0xb9, 0x1a, 0xf0, 0x07,
  0xd4, 0xcf, 0xe9, 0x7f, 0x48, 0x2b, 0x14, 0x0a, 0xe6, 0x26, 0x37, 0x78,
  0xc4, 0xad, 0x47, 0x17, 0xa7, 0xbb, 0x45, 0x47, 0x70, 0x6f, 0xf7, 0x6d,
  0x30, 0xad, 0xc3, 0x5d, 0xfd, 0xd2, 0x53, 0xdd, 0x54, 0x23, 0xee, 0x3d,
  0x0a, 0x55, 0x2d, 0x1f, 0x36, 0x14, 0xe4, 0x48, 0x56, 0x26, 0xce, 0xe8,
  0x50, 0x31, 0x58, 0x5a, 0x2f, 0x11, 0xe9, 0x06, 0x3d, 0xdf, 0xf1, 0xf0,
  0xe2, 0x1d, 0xe5, 0xeb, 0xc9, 0x11, 0xe6, 0x2f, 0x27, 0xcd, 0x05, 0x2b,
  0x4d, 0x10, 0xd9, 0x51, 0xd9, 0x7f, 0xf5, 0x06, 0x24, 0xcf, 0xf1, 0xf8,
  0xa2, 0xdd, 0x42, 0x08, 0x3a, 0x71, 0x47, 0x89, 0xf9, 0xeb, 0x11, 0xf6,
  0x14, 0x51, 0x77, 0x7d, 0xe2, 0x5a, 0xf4, 0x3d, 0x4b, 0xe2, 0xf4, 0x91,
  0xc8, 0x1c, 0x81, 0xcc, 0x48, 0x7b, 0xb7, 0xd7, 0x35, 0xf0, 0x97, 0xd7,
  0xba, 0xba, 0xc2, 0xb8, 0xe1, 0xfd, 0x01, 0x41, 0x7d, 0x93, 0xa9, 0xe7,
  0x59, 0x37, 0xc1, 0x7f, 0xda, 0x13, 0xb1, 0x34, 0xb2, 0x55, 0x37, 0x60,
  0x42, 0xf3, 0xb8, 0xdd, 0xf3, 0x0d, 0x63, 0x15, 0xbb, 0x15, 0xe3, 0x52,
  0x5a, 0x75, 0xfa, 0x2c, 0xda, 0xb4, 0x66, 0x7b, 0x1e, 0xdd, 0xb9, 0xf4,
  0x5b, 0xfc, 0x7a, 0x1c, 0x11, 0x70, 0xe7, 0xb8, 0x38, 0x10, 0x5d, 0x63,
  0x23, 0xf2, 0x54, 0x20, 0x33, 0x25, 0x0c, 0xbd, 0xef, 0x5e, 0x54, 0x29,
  0xf0, 0x37, 0x27, 0x24, 0x5e, 0x19, 0xb9, 0xbb, 0x4a, 0x16, 0xb2, 0x1a,
  0xc0, 0xfe, 0x56, 0xca, 0xc8, 0x2e, 0x7d, 0xed, 0x03, 0x36, 0xaa, 0xd8,
  0xad, 0x7f, 0x27, 0x1c, 0x1b, 0x7b, 0x2e, 0x09, 0xa6, 0xb2, 0xb1, 0xf6,
  0x8a, 0xed, 0xff, 0xff, 0x04, 0x00, 0x00, 0x00, 0x40, 0x00, 0x00, 0x00,
  0xb8, 0xff, 0xff, 0xff, 0xc0, 0xff, 0xff, 0xff, 0x11, 0x00, 0x00, 0x00,
  0x93, 0xff, 0xff, 0xff, 0x1f, 0x00, 0x00, 0x00, 0x24, 0x00, 0x00, 0x00,
  0xc3, 0xff, 0xff, 0xff, 0x49, 0x00, 0x00, 0x00, 0x87, 0x00, 0x00, 0x00,
  0xaf, 0xff, 0xff, 0xff, 0x78, 0x00, 0x00, 0x00, 0x0b, 0x00, 0x00, 0x00,
  0x22, 0x00, 0x00, 0x00, 0x7c, 0xff, 0xff, 0xff, 0xb0, 0xff, 0xff, 0xff,
  0x4a, 0x00, 0x00, 0x00, 0xd6, 0xed, 0xff, 0xff, 0x04, 0x00, 0x00, 0x00,
  0x00, 0x03, 0x00, 0x00, 0x29, 0xea, 0xc2, 0x3a, 0x81, 0xd3, 0xfd, 0xf1,
  0xa9, 0x47, 0x14, 0xd0, 0x6f, 0xa6, 0xdf, 0x2c, 0xdf, 0x51, 0x99, 0x60,
  0xbc, 0x75, 0xae, 0x89, 0xf8, 0xb3, 0x68, 0x2e, 0x6b, 0x45, 0x62, 0x28,
  0xf1, 0x2c, 0x8e, 0x22, 0xd0, 0x31, 0xfb, 0x9d, 0xd1, 0x4b, 0xc4, 0x85,
  0x16, 0xec, 0x70, 0xd4, 0x44, 0x35, 0x2a, 0xb5, 0xee, 0x1e, 0xe2, 0x8c,
  0xd8, 0xcd, 0xd4, 0x81, 0x5d, 0xa4, 0xd6, 0x9a, 0x9a, 0xc4, 0x53, 0x9b,
  0x16, 0x25, 0x40, 0x55, 0xf9, 0x5d, 0xab, 0xbd, 0x3d, 0x25, 0xc2, 0xf1,
  0xf4, 0xab, 0x4c, 0x92, 0xf0, 0x01, 0xf2, 0x07, 0x85, 0x45, 0xd9, 0x5d,
  0x53, 0xa4, 0x93, 0xf4, 0x6c, 0x20, 0x6e, 0x09, 0xff, 0x32, 0x40, 0x43,
  0xf2, 0x38, 0x2c, 0x15, 0x7f, 0xb8, 0xe1, 0x2b, 0xee, 0x57, 0x58, 0xc5,
  0xd7, 0x61, 0x46, 0x62, 0xef, 0x50, 0xd5, 0x52, 0x3f, 0x10, 0x62, 0x4f,
  0xf5, 0xe8, 0x35, 0xde, 0xe0, 0xe7, 0x3c, 0x0e, 0x50, 0x25, 0x08, 0xf3,
  0x4b, 0xa6, 0x1a, 0xcb, 0x70, 0xfd, 0x02, 0x47, 0x3d, 0xb8, 0x51, 0x12,
  0x5c, 0x4e, 0x6e, 0x45, 0x7f, 0x28, 0xf3, 0x15, 0x74, 0x6a, 0x71, 0xfa,
  0x63, 0x64, 0xe9, 0x2a, 0x2e, 0xfa, 0x1a, 0xed, 0x00, 0x38, 0x38, 0xfe,
  0xcd, 0x05, 0x3d, 0xac, 0x4b, 0xb3, 0x61, 0x48, 0x61, 0x01, 0x4d, 0x12,
  0x2a, 0x2f, 0xdc, 0x4f, 0xa6, 0x19, 0x5e, 0x54, 0xf5, 0x3d, 0xaf, 0xfc,
  0x41, 0x16, 0xba, 0xf4, 0xe6, 0x18, 0xeb, 0x68, 0x30, 0x31, 0x7f, 0x10,
  0xa9, 0x0f, 0xe9, 0x70, 0xe8, 0x14, 0x11, 0x04, 0x25, 0xab, 0xc6, 0xb4,
  0x56, 0x49, 0x66, 0x09, 0x5f, 0x16, 0x5d, 0xaf, 0x40, 0xf6, 0xb4, 0xd8,
  0x29, 0x20, 0x1e, 0x2a, 0xe6, 0x5d, 0x9b, 0xac, 0x44, 0x57, 0x51, 0x5b,
  0xd7, 0x35, 0xe1, 0x50, 0xa9, 0xdc, 0x4e, 0x52, 0x20, 0xbc, 0x25, 0xf4,
  0xe0, 0xc8, 0x7f, 0xbe, 0xfc, 0xde, 0xd4, 0x43, 0xa8, 0xd1, 0xed, 0x02,
  0xb7, 0x02, 0x94, 0x9a, 0x9f, 0xaf, 0xe7, 0xb4, 0xcc, 0x9b, 0x9a, 0x16,
  0x49, 0xc8, 0x0b, 0xc6, 0x64, 0x52, 0xbb, 0x67, 0x4e, 0x7c, 0xdb, 0xec,
  0xe4, 0x38, 0x7f, 0x6b, 0xf9, 0xc4, 0xc2, 0xd1, 0x44, 0xce, 0x62, 0xe9,
  0xa9, 0x45, 0x54, 0xd2, 0xc5, 0x42, 0xde, 0x42, 0x59, 0xe7, 0x1a, 0x35,
  0x56, 0x15, 0xaa, 0x24, 0x6d, 0x5d, 0x72, 0x01, 0xd2, 0x7d, 0x55, 0x02,
  0xdb, 0xe4, 0x29, 0xfd, 0xd7, 0x75, 0xc4, 0xed, 0x6a, 0x57, 0xbb, 0x2d,
  0xe4, 0x5b, 0xf3, 0x5b, 0x37, 0x49, 0x66, 0xf1, 0xdf, 0xeb, 0x3e, 0x51,
  0x36, 0xad, 0xb1, 0x0e, 0x32, 0xd9, 0x03, 0xd0, 0x7f, 0x64, 0x4d, 0xbe,
  0xb3, 0x1a, 0xb8, 0x0f, 0x64, 0xc7, 0xc9, 0x40, 0x28, 0x4d, 0x99, 0xe1,
  0xb6, 0x3b, 0x20, 0x20, 0x1b, 0xdf, 0x01, 0xa0, 0xc2, 0x7d, 0xb6, 0xcc,
  0xf3, 0xe4, 0x2c, 0xc1, 0xe3, 0xf8, 0x2e, 0xf0, 0x65, 0x24, 0xbe, 0x4c,
  0xc0, 0x3a, 0xc9, 0xe4, 0x4a, 0xb6, 0xe7, 0x47, 0x3c, 0xa7, 0x45, 0xfa,
  0xe9, 0x7f, 0xfa, 0x6a, 0xab, 0x67, 0x53, 0x50, 0xf7, 0x7b, 0x43, 0x02,
  0xbf, 0xeb, 0x21, 0xfa, 0x4d, 0xc3, 0xd3, 0x48, 0x56, 0xe5, 0x88, 0x88,
  0x9d, 0xad, 0x34, 0xad, 0x49, 0xf5, 0xb3, 0xbd, 0x0e, 0xe7, 0x7b, 0x55,
  0x26, 0xfc, 0x6b, 0xce, 0x8a, 0xec, 0x19, 0xcb, 0x53, 0x28, 0x66, 0x8e,
  0x4e, 0xa8, 0xb9, 0x7f, 0xf2, 0xd7, 0xde, 0x1e, 0x59, 0xb0, 0x97, 0x44,
  0x34, 0xd2, 0xab, 0x37, 0x3b, 0x3d, 0x66, 0xd6, 0xf1, 0x1a, 0xa3, 0x29,
  0xb6, 0x41, 0xfa, 0xea, 0xd7, 0x21, 0x68, 0x6c, 0xce, 0xb0, 0x6f, 0x9f,
  0x3c, 0x03, 0x52, 0xe1, 0x43, 0xdc, 0xae, 0xe5, 0x7f, 0x48, 0x34, 0x49,
  0xd6, 0x5a, 0xb3, 0x0a, 0x31, 0x52, 0x34, 0x28, 0x54, 0xf4, 0x41, 0xd4,
  0x71, 0xec, 0xde, 0xf4, 0x42, 0xf0, 0xc8, 0xc7, 0xde, 0xc6, 0xbf, 0x5d,
  0xff, 0xf2, 0x18, 0x3c, 0xbc, 0x4e, 0x3c, 0xf2, 0x37, 0x03, 0x2a, 0x04,
  0xca, 0xe1, 0x48, 0x16, 0x0f, 0x77, 0xc6, 0x2d, 0xc4, 0xc0, 0x7e, 0x69,
  0x02, 0x1d, 0x64, 0xcc, 0xbe, 0x1e, 0xf0, 0x21, 0x3a, 0x10, 0xe8, 0x1f,
  0xd9, 0xc0, 0x7f, 0x42, 0x02, 0xdd, 0x16, 0xda, 0xa4, 0x48, 0x76, 0xf2,
  0xd2, 0xd3, 0x58, 0x07, 0xc5, 0xf7, 0xe7, 0xaf, 0x76, 0x3c, 0xe0, 0x3e,
  0x06, 0xd8, 0x2a, 0x64, 0x4b, 0xec, 0x24, 0xda, 0xb7, 0x36, 0xee, 0x25,
  0x52, 0x28, 0x6a, 0xc9, 0x6b, 0xee, 0x6f, 0x4c, 0x7f, 0xd2, 0xf6, 0x23,
  0x55, 0xc5, 0x56, 0x1a, 0xe1, 0x1f, 0x54, 0xb7, 0x44, 0x25, 0xbe, 0xf5,
  0x50, 0xc2, 0xa9, 0x03, 0xb6, 0x5f, 0x7b, 0x71, 0x30, 0x6e, 0x64, 0xb2,
  0x2f, 0x2a, 0x3d, 0xbb, 0x26, 0xf5, 0xcc, 0xfe, 0xb1, 0xd2, 0xc4, 0xad,
  0x01, 0x52, 0x6c, 0xb1, 0xc7, 0x32, 0x47, 0x7f, 0x49, 0x33, 0x79, 0x53,
  0x70, 0xb6, 0xd0, 0xfb, 0x54, 0xec, 0x2d, 0x40, 0x54, 0xa4, 0xb9, 0x63,
  0x34, 0xd9, 0x56, 0xb4, 0x64, 0x96, 0x3e, 0x49, 0xe3, 0xc9, 0xf3, 0x1b,
  0x4d, 0x7a, 0xd1, 0xf0, 0x7f, 0x49, 0xc7, 0x39, 0x5b, 0x36, 0x3e, 0x5a,
  0x57, 0x65, 0x23, 0x02, 0x29, 0x00, 0xc6, 0x1e, 0xa3, 0x39, 0x02, 0x5f,
  0x01, 0xdf, 0x49, 0x22, 0x7f, 0x6d, 0xaf, 0xb8, 0xd8, 0x1f, 0xc2, 0x1a,
  0xad, 0x4e, 0x54, 0xf3, 0x7c, 0x21, 0x13, 0x6d, 0xfe, 0x76, 0x4e, 0xca,
  0x45, 0x15, 0x10, 0x29, 0x48, 0x1d, 0x54, 0x1c, 0x18, 0xe6, 0x0a, 0xc9,
  0x6d, 0xb0, 0xc6, 0x34, 0x6b, 0x7b, 0x1c, 0xfb, 0xc7, 0x05, 0x7a, 0xfd,
  0xb3, 0xa3, 0xf7, 0x6b, 0xe2, 0xf0, 0xff, 0xff, 0x04, 0x00, 0x00, 0x00,
  0x40, 0x00, 0x00, 0x00, 0xf9, 0xff, 0xff, 0xff, 0x19, 0x00, 0x00, 0x00,
  0xe0, 0xff, 0xff, 0xff, 0xbe, 0xff, 0xff, 0xff, 0x83, 0x00, 0x00, 0x00,
  0x4d, 0x00, 0x00, 0x00, 0x0a, 0x00, 0x00, 0x00, 0xcc, 0xff, 0xff, 0xff,
  0xe7, 0xff, 0xff, 0xff, 0xf9, 0xff, 0xff, 0xff, 0xb0, 0xff, 0xff, 0xff,
  0x4e, 0x00, 0x00, 0x00, 0x49, 0x00, 0x00, 0x00, 0xd8, 0xff, 0xff, 0xff,
  0x71, 0x00, 0x00, 0x00, 0xe6, 0xff, 0xff, 0xff, 0x2e, 0xf1, 0xff, 0xff,
  0x04, 0x00, 0x00, 0x00, 0x00, 0x03, 0x00, 0x00, 0x2b, 0xaa, 0x45, 0x09,
  0x5d, 0xe8, 0xd5, 0xa9, 0x40, 0x07, 0x69, 0xe4, 0x41, 0x0b, 0x71, 0x54,
  0xbe, 0x35, 0xee, 0xf7, 0xa6, 0x29, 0x38, 0xf0, 0x0f, 0xeb, 0xf2, 0x5a,
  0x7f, 0x09, 0xb8, 0xdc, 0xd2, 0x01, 0xb4, 0x6f, 0x70, 0xff, 0x3a, 0x35,
  0x33, 0xbc, 0xbc, 0x68, 0x23, 0x73, 0x7d, 0xfe, 0xf2, 0x69, 0x3d, 0x93,
  0x9e, 0x05, 0xca, 0x13, 0x37, 0x52, 0x05, 0x30, 0xa6, 0x03, 0x92, 0xa7,
  0xa8, 0xbe, 0x05, 0x84, 0xd3, 0x5e, 0xec, 0x4b, 0xff, 0xe1, 0x7e, 0xbf,
  0x7f, 0xc9, 0xfe, 0xc8, 0x66, 0x3a, 0x62, 0xc7, 0xa5, 0x0c, 0xac, 0xb3,
  0xcc, 0xbb, 0x21, 0xb6, 0xc8, 0x26, 0x12, 0xc2, 0x13, 0x02, 0xb0, 0xd9,
  0xc7, 0x5b, 0xa6, 0xda, 0x23, 0xcc, 0xfd, 0xf3, 0xf6, 0xea, 0xd1, 0xb1,
  0x55, 0x45, 0x81, 0x31, 0x1f, 0xc8, 0x85, 0x0c, 0x39, 0x59, 0x8b, 0xb6,
  0x0a, 0xad, 0xdb, 0xf4, 0xf5, 0xc6, 0xb2, 0x5e, 0xc1, 0xeb, 0x1a, 0x3b,
  0x59, 0x0a, 0xa5, 0x00, 0x2b, 0x1e, 0xf3, 0xe8, 0xdd, 0xf4, 0x4f, 0x6d,
  0x6d, 0x4e, 0x7f, 0xfe, 0x39, 0x48, 0x3c, 0xce, 0xb1, 0x65, 0xc0, 0x46,
  0x73, 0xfb, 0x68, 0xc2, 0x7b, 0x71, 0xe8, 0x0f, 0xa1, 0x60, 0xa2, 0xc6,
  0x83, 0xe2, 0x0d, 0xbe, 0x46, 0x01, 0xa8, 0x43, 0x85, 0x67, 0xa6, 0xc9,
  0x15, 0x87, 0xfd, 0x34, 0x9a, 0x20, 0xda, 0xe8, 0x55, 0x4e, 0xd0, 0xe3,
  0x48, 0x5a, 0xff, 0xcf, 0x42, 0xe3, 0x42, 0x0c, 0x26, 0x0c, 0xcb, 0xd0,
  0x15, 0x22, 0x59, 0x1c, 0xae, 0x48, 0xba, 0xc3, 0xc1, 0xe3, 0x44, 0x37,
  0xde, 0x3d, 0xec, 0xd0, 0xb5, 0xf4, 0x21, 0x60, 0xbe, 0x5c, 0x44, 0x7f,
  0xba, 0x0e, 0x37, 0x3f, 0xe7, 0xf8, 0x59, 0xbf, 0xa7, 0xce, 0x4b, 0x31,
  0xf5, 0x0c, 0xfb, 0xbb, 0x46, 0x6b, 0xe3, 0xdb, 0x7c, 0x6d, 0x3c, 0xbd,
  0x92, 0xe8, 0x3c, 0xe6, 0x73, 0x9e, 0x5b, 0xc4, 0x48, 0xbc, 0x44, 0x5d,
  0x11, 0x05, 0x0b, 0x6d, 0x1c, 0xf9, 0xbd, 0x40, 0xad, 0xcf, 0x74, 0xe6,
  0x60, 0x58, 0xfc, 0xbf, 0x68, 0x2c, 0x48, 0x7f, 0xd5, 0x2e, 0x03, 0x61,
  0xfd, 0xa9, 0xe4, 0xda, 0x6a, 0xe5, 0xb5, 0xc4, 0x01, 0x4c, 0x75, 0x67,
  0x9b, 0xb9, 0x7f, 0xe7, 0x79, 0x07, 0xf7, 0x14, 0xee, 0x5e, 0x24, 0x72,
  0x1b, 0xf4, 0x1e, 0x26, 0xf3, 0x72, 0x18, 0x59, 0xea, 0xda, 0x76, 0x6f,
  0xaf, 0x49, 0x08, 0x36, 0x6d, 0xc0, 0x7d, 0xe1, 0xa8, 0x65, 0xdd, 0x76,
  0xc3, 0x64, 0x46, 0x6b, 0x4f, 0xd5, 0xf1, 0x2b, 0xba, 0x00, 0x15, 0x4e,
  0x3d, 0x14, 0x7f, 0x77, 0x2f, 0x38, 0xc7, 0x7a, 0xdb, 0xc2, 0x7d, 0x49,
  0x0d, 0xb3, 0x01, 0x23, 0xe0, 0x5f, 0x0a, 0x16, 0x54, 0xf3, 0x47, 0x50,
  0x3c, 0xd2, 0xd7, 0xee, 0xb5, 0x75, 0xdf, 0x34, 0x9c, 0xcd, 0x10, 0x77,
  0x33, 0x3d, 0xf8, 0x25, 0xd5, 0xff, 0x7f, 0xea, 0xb0, 0xf9, 0xbb, 0x76,
  0xd5, 0xbe, 0x2f, 0x6f, 0xd2, 0xcd, 0xf7, 0xa5, 0x4f, 0x32, 0x75, 0x5d,
  0xc0, 0xf5, 0xef, 0x05, 0xd0, 0xbc, 0xf8, 0xd2, 0x0e, 0x7d, 0x34, 0x10,
  0xd4, 0xf3, 0xfe, 0xba, 0x51, 0xf4, 0x1d, 0x3f, 0x81, 0xd3, 0x95, 0xc6,
  0x7f, 0x1e, 0xf7, 0xa6, 0xad, 0x05, 0xd0, 0xd8, 0xb9, 0xe6, 0xac, 0x37,
  0x4f, 0x68, 0x45, 0x54, 0x55, 0x61, 0xb0, 0x84, 0x33, 0xf1, 0xec, 0x10,
  0xc1, 0x89, 0x4f, 0xba, 0xe7, 0x79, 0x8b, 0xc6, 0x4d, 0xd9, 0x00, 0xcc,
  0x22, 0xf2, 0xea, 0xd0, 0xd6, 0xb7, 0x71, 0x40, 0x96, 0xba, 0x73, 0xbc,
  0xc4, 0x61, 0xb0, 0xca, 0xc6, 0xc5, 0xdf, 0x4e, 0x12, 0x5b, 0xfc, 0x14,
  0xc1, 0x49, 0x10, 0x8c, 0x44, 0x31, 0xcf, 0xc7, 0xa1, 0x92, 0xfe, 0x4d,
  0xb9, 0xaf, 0x61, 0xe2, 0xef, 0x60, 0x04, 0xc1, 0xf7, 0x24, 0xda, 0x41,
  0x3c, 0xa3, 0x6c, 0x0d, 0x3c, 0x7f, 0xa6, 0x22, 0xcc, 0xb5, 0xf6, 0x4d,
  0xd3, 0xfa, 0xd2, 0x33, 0x2b, 0x32, 0x75, 0x06, 0x49, 0xe6, 0x36, 0xa3,
  0x46, 0x0d, 0x1c, 0x71, 0xed, 0xc4, 0x68, 0xbb, 0x16, 0xd0, 0xfa, 0x3d,
  0x2b, 0x1a, 0x15, 0xad, 0xf6, 0xe1, 0xdf, 0x13, 0xfb, 0xf3, 0x7f, 0xe2,
  0x5c, 0x47, 0xcb, 0x6f, 0x3d, 0xdd, 0x18, 0xa3, 0x0f, 0xac, 0xfb, 0x9d,
  0x2c, 0xdd, 0x11, 0x40, 0x01, 0x1a, 0xaa, 0x50, 0xb4, 0xc6, 0x20, 0x66,
  0x07, 0x5b, 0x59, 0x9b, 0x46, 0xdc, 0xa0, 0xb4, 0x31, 0xbd, 0x1c, 0x5e,
  0xc7, 0x9f, 0xd9, 0x69, 0xfd, 0x19, 0xe8, 0x92, 0x4f, 0xc1, 0x85, 0xef,
  0xa3, 0xa3, 0xcb, 0x34, 0xac, 0xba, 0x81, 0xfe, 0xef, 0xae, 0x70, 0x53,
  0xfa, 0x02, 0x18, 0x68, 0x78, 0x9c, 0xd3, 0x75, 0x7f, 0xfb, 0xb9, 0xc7,
  0x29, 0xff, 0x4a, 0x0a, 0x4a, 0xf5, 0x05, 0x1c, 0x2b, 0x3d, 0x09, 0x47,
  0x4a, 0xbf, 0xde, 0x4f, 0xe2, 0xe2, 0x64, 0x18, 0x51, 0x5e, 0xfa, 0x7a,
  0x72, 0x33, 0x60, 0x38, 0x59, 0x0f, 0x7a, 0x13, 0x9f, 0xa2, 0x1e, 0xcc,
  0x79, 0x9e, 0xac, 0x68, 0xef, 0xe1, 0x3e, 0xea, 0x34, 0xaa, 0xe0, 0xa7,
  0xe5, 0x02, 0xb2, 0x3e, 0x5d, 0x6a, 0xc1, 0xc5, 0xba, 0x15, 0x25, 0xc1,
  0x44, 0x16, 0x1c, 0x78, 0x11, 0x4a, 0x31, 0x03, 0xda, 0x06, 0x71, 0x47,
  0x63, 0x4a, 0xd4, 0x31, 0x63, 0x74, 0x28, 0x7f, 0x56, 0x4c, 0xf4, 0x4e,
  0x28, 0xda, 0xd1, 0xa2, 0x3f, 0x58, 0xa8, 0xaf, 0x0a, 0x97, 0x01, 0x8b,
  0x1c, 0x4c, 0xba, 0x43, 0x1f, 0x08, 0xc6, 0x98, 0x4a, 0xdf, 0x2a, 0x9a,
  0xca, 0xea, 0x70, 0x81, 0x77, 0xaa, 0x03, 0xf3, 0x9e, 0xba, 0x2a, 0x0c,
  0x1f, 0x09, 0xb7, 0x0e, 0x00, 0xc9, 0x9a, 0x34, 0x3a, 0xf4, 0xff, 0xff,
  0x04, 0x00, 0x00, 0x00, 0x40, 0x00, 0x00, 0x00, 0x2d, 0x00, 0x00, 0x00,
  0x0e, 0x00, 0x00, 0x00, 0x1c, 0x00, 0x00, 0x00, 0xed, 0xff, 0xff, 0xff,
  0x29, 0x00, 0x00, 0x00, 0xda, 0xff, 0xff, 0xff, 0x4c, 0x00, 0x00, 0x00,
  0xe7, 0xff, 0xff, 0xff, 0x36, 0x00, 0x00, 0x00, 0x2f, 0x00, 0x00, 0x00,
  0x1e, 0x00, 0x00, 0x00, 0xd1, 0xff, 0xff, 0xff, 0xc1, 0xff, 0xff, 0xff,
  0xf7, 0xff, 0xff, 0xff, 0x29, 0x00, 0x00, 0x00, 0xb3, 0xff, 0xff, 0xff,
  0x86, 0xf4, 0xff, 0xff, 0x04, 0x00, 0x00, 0x00, 0x00, 0x03, 0x00, 0x00,
  0x25, 0x7e, 0xd5, 0x8b, 0x1e, 0xbe, 0xa4, 0xa3, 0x83, 0x11, 0x4d, 0x03,
  0x24, 0xc7, 0x08, 0x60, 0xf7, 0x7b, 0xfc, 0x5a, 0x7f, 0x6e, 0xbb, 0xd7,
  0xd0, 0x5e, 0x63, 0x40, 0xc2, 0xe8, 0x8f, 0xc2, 0x4a, 0x49, 0x4e, 0xfb,
  0xac, 0x88, 0xed, 0xbb, 0xc8, 0x1b, 0x4f, 0x6e, 0x79, 0x0d, 0x57, 0xbf,
  0xad, 0xe6, 0x07, 0xc4, 0x6e, 0xb6, 0x1c, 0x5f, 0x39, 0xa2, 0xf3, 0xbd,
  0x39, 0x33, 0x1d, 0xec, 0x30, 0xf2, 0x27, 0xcc, 0x7f, 0x7a, 0xd2, 0xca,
  0x33, 0x0a, 0xef, 0x66, 0x62, 0xf6, 0x5a, 0x20, 0xf8, 0x1f, 0x52, 0xda,
  0x17, 0x47, 0xbd, 0x62, 0x26, 0xd2, 0x4f, 0xc3, 0xf3, 0x18, 0x35, 0x4f,
  0x7b, 0x35, 0xa0, 0xdf, 0xff, 0xbe, 0xa7, 0x2c, 0xc2, 0xde, 0x18, 0xdf,
  0x8c, 0xbd, 0x7f, 0x91, 0x0d, 0x0d, 0xcb, 0x97, 0xc4, 0x5d, 0xe4, 0x6c,
  0xe9, 0xb6, 0x57, 0x62, 0x37, 0xe5, 0x6c, 0xc6, 0xbb, 0x33, 0x72, 0xa5,
  0xe8, 0x71, 0x12, 0xc7, 0xa1, 0x17, 0xc6, 0x64, 0xa0, 0x0b, 0x14, 0xe2,
  0xdf, 0xb8, 0xd7, 0x07, 0xf4, 0xc1, 0xc2, 0x9f, 0xa6, 0x44, 0xd7, 0x09,
  0xd1, 0x91, 0xbe, 0xc6, 0x95, 0xaf, 0xc3, 0x68, 0x34, 0x3e, 0x32, 0x32,
  0xea, 0x37, 0xdb, 0xa8, 0x2d, 0x9c, 0x07, 0xfd, 0x07, 0xad, 0xfa, 0xf3,
  0x45, 0x0a, 0x81, 0x83, 0xf5, 0x19, 0xa1, 0x37, 0xd3, 0xc9, 0xcd, 0x62,
  0xc1, 0x86, 0x88, 0x05, 0x37, 0x8e, 0xa6, 0xa4, 0xae, 0x29, 0x3d, 0xcb,
  0xab, 0x43, 0x50, 0xa2, 0xa4, 0x0e, 0x7a, 0x6d, 0x45, 0x01, 0xb5, 0xdb,
  0xe7, 0x34, 0x37, 0xfc, 0xd5, 0x9c, 0x59, 0xdb, 0x34, 0x23, 0x6f, 0x63,
  0x63, 0xd6, 0xc6, 0x49, 0x7f, 0x44, 0xd5, 0x8f, 0xcc, 0xe7, 0xd5, 0x6b,
  0x26, 0x1b, 0x00, 0xce, 0x2d, 0x78, 0xf9, 0x5e, 0x43, 0x08, 0x06, 0x3c,
  0x1e, 0x18, 0x69, 0x0f, 0x24, 0x68, 0xdc, 0xe5, 0xe0, 0x67, 0x5f, 0xd7,
  0x5f, 0x08, 0xc1, 0x31, 0x42, 0x49, 0xd3, 0x9b, 0xee, 0xc7, 0xb4, 0x3e,
  0xcc, 0xda, 0xcf, 0xe7, 0x7f, 0xd5, 0xe7, 0x4a, 0x12, 0x6e, 0xae, 0x10,
  0x6d, 0x43, 0xb9, 0xd7, 0x26, 0x36, 0xc9, 0x79, 0xd3, 0xb1, 0x3e, 0x1d,
  0x92, 0x7f, 0xd4, 0x63, 0x6e, 0x9d, 0x55, 0x7f, 0xf1, 0x2f, 0x36, 0xe5,
  0xde, 0xe5, 0x25, 0xd1, 0x6c, 0xe3, 0xba, 0xaf, 0x3f, 0x25, 0x00, 0x32,
  0x67, 0xd1, 0x63, 0x08, 0x7d, 0x51, 0x9b, 0xc8, 0xd5, 0xcb, 0x32, 0xb5,
  0x28, 0xd5, 0xa8, 0xe0, 0xc1, 0x6d, 0xf7, 0xe2, 0x1b, 0x07, 0xca, 0xcf,
  0x2f, 0xcc, 0x1d, 0x43, 0x5d, 0xe2, 0xc0, 0xa6, 0x75, 0x03, 0x30, 0x6e,
  0x5d, 0x67, 0xcf, 0xbe, 0xc8, 0x6a, 0x65, 0xcf, 0x1e, 0x5f, 0x1c, 0x56,
  0xeb, 0x78, 0x7f, 0xf5, 0xc3, 0x24, 0x62, 0x6e, 0x71, 0x36, 0x22, 0xcb,
  0xe1, 0x04, 0xc7, 0x64, 0x45, 0x82, 0x94, 0x48, 0xac, 0x15, 0xb4, 0x41,
  0xf7, 0x1b, 0x45, 0xfa, 0x69, 0xb0, 0x03, 0xf8, 0x26, 0xc2, 0x50, 0x18,
  0x38, 0x34, 0xeb, 0xdc, 0x3d, 0x9c, 0xc2, 0xe4, 0x60, 0x26, 0x53, 0xc0,
  0x84, 0x66, 0x81, 0xb9, 0xdb, 0xb1, 0xa1, 0xef, 0x62, 0x37, 0xba, 0x47,
  0xec, 0xd5, 0xab, 0x7a, 0xb9, 0x52, 0xeb, 0xfc, 0xf3, 0x42, 0xeb, 0xbd,
  0xfb, 0x4b, 0xd1, 0x4f, 0x00, 0xca, 0x04, 0x0a, 0x47, 0x70, 0x1c, 0x23,
  0x0e, 0xd3, 0x63, 0x78, 0xe5, 0x2d, 0x3a, 0xe4, 0x2c, 0x03, 0x06, 0x11,
  0x3a, 0xf3, 0xf2, 0x0e, 0x39, 0x19, 0x24, 0x06, 0x4f, 0x7f, 0xa2, 0x0a,
  0xc0, 0x45, 0xb2, 0xde, 0x4e, 0x7f, 0x26, 0xee, 0xaa, 0x37, 0x3d, 0x53,
  0x4a, 0x77, 0x66, 0xc9, 0x57, 0xa7, 0x57, 0x42, 0x26, 0x5c, 0x76, 0x1d,
  0x17, 0xb3, 0x9a, 0xb3, 0xca, 0xf4, 0x01, 0x0c, 0xf0, 0xcd, 0xe2, 0x22,
  0x3b, 0xd8, 0x26, 0x52, 0x2e, 0x0c, 0xc3, 0x79, 0xe1, 0xe9, 0xc4, 0xbc,
  0x9f, 0xb0, 0x20, 0x5e, 0x2c, 0xe8, 0xdd, 0x81, 0x25, 0x02, 0xe7, 0x69,
  0x65, 0xa4, 0x45, 0x78, 0xb5, 0x0f, 0x01, 0x0f, 0xae, 0x3a, 0x5c, 0xac,
  0xe6, 0xb6, 0x8b, 0x24, 0x44, 0xb3, 0x76, 0xf3, 0xaa, 0xfe, 0x75, 0xff,
  0x92, 0x5e, 0x1d, 0xcb, 0xe1, 0xaa, 0x79, 0x9b, 0xc2, 0xf1, 0x0e, 0x06,
  0x75, 0xf8, 0x09, 0x25, 0x6d, 0xf2, 0x31, 0xa3, 0x6b, 0xa5, 0xa2, 0x43,
  0x17, 0xcf, 0xf2, 0x43, 0x45, 0x7f, 0x7f, 0x43, 0x1f, 0x0e, 0xc4, 0xf1,
  0x6b, 0x07, 0x23, 0x60, 0xfd, 0xb2, 0x77, 0x9e, 0x2c, 0x7a, 0x31, 0xc2,
  0x0b, 0xbd, 0x05, 0x3b, 0xfc, 0xc2, 0x9a, 0x7e, 0x2b, 0x6f, 0xb9, 0x3d,
  0x18, 0x1c, 0x3f, 0x53, 0x28, 0xdd, 0xbe, 0xb4, 0x98, 0xa7, 0xcb, 0xf6,
  0xec, 0x2c, 0x37, 0x18, 0x8c, 0x1b, 0x6f, 0x92, 0x25, 0x6a, 0x04, 0x35,
  0xa1, 0x3a, 0x30, 0x81, 0xfc, 0x8b, 0xe2, 0x59, 0xc2, 0x53, 0xb6, 0x88,
  0x18, 0x21, 0xd7, 0x29, 0xd2, 0xd6, 0xf3, 0x47, 0x7a, 0xb3, 0xc0, 0xb5,
  0x4b, 0xc1, 0x98, 0x2c, 0xbe, 0x63, 0x96, 0xdb, 0x85, 0x5f, 0x25, 0x1e,
  0xc8, 0xb8, 0xfd, 0x8d, 0xdf, 0x81, 0xa4, 0x8b, 0x19, 0x02, 0xfd, 0x76,
  0x59, 0xa0, 0x56, 0x4d, 0x1c, 0x8d, 0xba, 0xe1, 0xe3, 0x3d, 0xc0, 0x23,
  0xfc, 0xc3, 0x9f, 0x0a, 0xdf, 0x0b, 0x72, 0x5e, 0x4a, 0x5f, 0x94, 0x2b,
  0x1d, 0x92, 0x3a, 0xd3, 0xf8, 0x8f, 0xb7, 0xb5, 0xf8, 0xdd, 0xff, 0x90,
  0x22, 0x95, 0x4c, 0x14, 0xdd, 0x3b, 0x81, 0x59, 0x24, 0xf3, 0x44, 0xc0,
  0x1b, 0xe4, 0xeb, 0xeb, 0x2a, 0xda, 0x0e, 0x85, 0xdd, 0xb7, 0x04, 0xe1,
  0x07, 0x9b, 0x67, 0x92, 0x50, 0xf7, 0xee, 0x4b, 0x3d, 0xe6, 0xe7, 0x57,
  0x92, 0xf7, 0xff, 0xff, 0x04, 0x00, 0x00, 0x00, 0x40, 0x00, 0x00, 0x00,
  0xd1, 0xff, 0xff, 0xff, 0x00, 0x00, 0x00, 0x00, 0x26, 0x00, 0x00, 0x00,
  0xc8, 0xff, 0xff, 0xff, 0x02, 0x00, 0x00, 0x00, 0xfa, 0xff, 0xff, 0xff,
  0x46, 0x00, 0x00, 0x00, 0xc5, 0xff, 0xff, 0xff, 0xac, 0xff, 0xff, 0xff,
  0xeb, 0xff, 0xff, 0xff, 0x2c, 0x00, 0x00, 0x00, 0xc0, 0xff, 0xff, 0xff,
  0x3f, 0x00, 0x00, 0x00, 0xec, 0xff, 0xff, 0xff, 0xfc, 0xff, 0xff, 0xff,
  0xc9, 0xff, 0xff, 0xff, 0xde, 0xf7, 0xff, 0xff, 0x04, 0x00, 0x00, 0x00,
  0x00, 0x03, 0x00, 0x00, 0x1d, 0xdc, 0xf7, 0xb5, 0x9b, 0x57, 0x39, 0x09,
  0xa1, 0x28, 0xed, 0xc0, 0x22, 0xda, 0xe3, 0xcd, 0xa1, 0x44, 0x67, 0xeb,
  0x67, 0x04, 0x38, 0x18, 0x51, 0x00, 0xe7, 0x20, 0x3a, 0x4c, 0x9d, 0x28,
  0xc5, 0xdc, 0xe6, 0xfe, 0x48, 0x39, 0x2c, 0x0f, 0xe2, 0xd8, 0x20, 0x13,
  0x7f, 0x1d, 0xf9, 0xfb, 0x5a, 0x23, 0xf2, 0xb7, 0x05, 0xae, 0xe2, 0x40,
  0x51, 0xc9, 0x0d, 0xa7, 0xab, 0x02, 0x99, 0x67, 0x6b, 0x01, 0xeb, 0x28,
  0xf2, 0x83, 0x56, 0xd2, 0xb5, 0xf6, 0xa0, 0xbe, 0xde, 0x30, 0xb9, 0x22,
  0x67, 0x14, 0x81, 0xd4, 0xf1, 0xf3, 0x73, 0x96, 0x17, 0xd2, 0x7c, 0x59,
  0x84, 0x1c, 0xcc, 0x67, 0xf9, 0x50, 0x31, 0xd7, 0xa7, 0xf1, 0x47, 0xc5,
  0xac, 0x56, 0x61, 0x6d, 0x5d, 0x48, 0x5c, 0xc8, 0x1e, 0x7f, 0xc2, 0x54,
  0x31, 0x75, 0x65, 0xfb, 0x9d, 0x2e, 0xc6, 0xa0, 0x5b, 0xe6, 0x6f, 0x22,
  0x5b, 0x00, 0x1a, 0xb7, 0x65, 0x39, 0xc9, 0x13, 0x9a, 0x57, 0x78, 0xcb,
  0xe1, 0x6b, 0xa7, 0x34, 0x39, 0xd7, 0x21, 0xc5, 0x29, 0x5d, 0x0f, 0xdb,
  0x02, 0x42, 0xec, 0xa2, 0x01, 0xc8, 0x26, 0xc3, 0xc7, 0x55, 0xbd, 0x32,
  0xf1, 0x0b, 0xcc, 0x3d, 0x43, 0x7f, 0x22, 0xb9, 0xbe, 0x1b, 0x5d, 0xc9,
  0xee, 0x2d, 0x52, 0xce, 0xd2, 0xf0, 0x51, 0x6d, 0x5a, 0x79, 0xcc, 0x20,
  0x62, 0xc9, 0x9e, 0x9f, 0x97, 0x10, 0xb8, 0xe1, 0x9a, 0xd8, 0x37, 0xf1,
  0x20, 0x3c, 0x33, 0x4e, 0x4d, 0x15, 0x11, 0xba, 0x90, 0xde, 0xe1, 0x65,
  0x47, 0xe8, 0xff, 0x5c, 0xed, 0x06, 0x70, 0xdc, 0x24, 0x25, 0x5e, 0x93,
  0xc8, 0xf9, 0xd2, 0x6e, 0x27, 0xc6, 0x01, 0x45, 0x8a, 0x58, 0x7f, 0x06,
  0x93, 0xc2, 0x4b, 0x48, 0x25, 0x4d, 0x6e, 0xed, 0x06, 0x11, 0x6b, 0x4b,
  0xaf, 0x21, 0x3b, 0x65, 0xdb, 0xeb, 0x5b, 0x5f, 0x0c, 0x31, 0xbc, 0xc9,
  0x4b, 0xaf, 0x5c, 0xbb, 0xb5, 0x24, 0x52, 0x5d, 0x01, 0xd9, 0x17, 0xfd,
  0x3e, 0x6f, 0xf1, 0xbc, 0xe0, 0xd2, 0x44, 0x49, 0xa6, 0x69, 0x19, 0x15,
  0x7f, 0xab, 0x3a, 0xff, 0x85, 0x72, 0x56, 0x8f, 0x02, 0x19, 0xb4, 0x3a,
  0xb0, 0x25, 0x5f, 0x75, 0x24, 0xf3, 0x24, 0x1b, 0xcf, 0x3b, 0x9d, 0xf4,
  0x1c, 0x31, 0x9d, 0xdd, 0xce, 0x7f, 0xa8, 0x9b, 0xac, 0x30, 0xab, 0x5d,
  0x56, 0x7b, 0x01, 0xab, 0x26, 0x42, 0x3b, 0x6c, 0x60, 0x1f, 0xe8, 0x70,
  0xc2, 0x79, 0x60, 0xfc, 0x43, 0x66, 0xb7, 0x22, 0x25, 0x01, 0xca, 0x3c,
  0xc1, 0x25, 0x55, 0xcc, 0xc0, 0xe2, 0x5a, 0xc7, 0xd3, 0xef, 0x7f, 0xae,
  0x2f, 0x4e, 0x61, 0x4e, 0xe2, 0xc1, 0x70, 0xde, 0x6a, 0xc1, 0xd5, 0xf8,
  0xe9, 0xae, 0x74, 0x5f, 0xfe, 0x16, 0xd6, 0x2c, 0xb8, 0xe6, 0x56, 0x04,
  0xe8, 0xfa, 0xdd, 0xf6, 0xd7, 0x5f, 0xbf, 0xd0, 0x41, 0xea, 0x0d, 0x35,
  0x0c, 0xd1, 0xc3, 0xbb, 0xf7, 0x2a, 0xaf, 0xac, 0x17, 0x54, 0x48, 0xf9,
  0x0f, 0x44, 0x3f, 0xc4, 0xf9, 0x4a, 0xf7, 0x65, 0x67, 0xa2, 0x01, 0x34,
  0x33, 0x61, 0xee, 0x09, 0x59, 0x00, 0x0e, 0x2e, 0x09, 0x7f, 0xe9, 0x13,
  0x25, 0x51, 0x14, 0x0f, 0xa1, 0xa0, 0x08, 0x14, 0x2e, 0xe6, 0xab, 0x81,
  0x1f, 0xea, 0x69, 0xc8, 0x8d, 0x4b, 0xe7, 0xf9, 0xd2, 0xb4, 0x2d, 0xa1,
  0x3a, 0x17, 0xcc, 0x15, 0x8b, 0xfa, 0x44, 0x67, 0x53, 0xcf, 0x00, 0x91,
  0xb9, 0x68, 0x6e, 0xb2, 0x8f, 0x90, 0x1e, 0x5e, 0x9c, 0xcd, 0x51, 0xbe,
  0x63, 0xd4, 0x6b, 0x45, 0x4c, 0xaa, 0xb0, 0x05, 0xc4, 0x8a, 0xbd, 0x8b,
  0x81, 0xbe, 0x8c, 0x19, 0x9a, 0x05, 0xf8, 0xc6, 0x5c, 0x1b, 0x9c, 0xe3,
  0xd8, 0xd4, 0x26, 0x93, 0x68, 0xad, 0xd0, 0x0e, 0x55, 0xc1, 0x09, 0x1f,
  0x1b, 0xf2, 0xa6, 0xa4, 0x5e, 0xf7, 0xae, 0x17, 0x23, 0xdf, 0x35, 0xbf,
  0x38, 0x93, 0xe7, 0x54, 0xee, 0x41, 0x14, 0x2e, 0x98, 0x48, 0xf0, 0x5d,
  0x8d, 0x1b, 0xb8, 0x6a, 0x94, 0x16, 0x37, 0x7f, 0x7a, 0x07, 0x29, 0xee,
  0x65, 0x82, 0x42, 0xc5, 0x64, 0xe9, 0xe2, 0xa4, 0x50, 0xcd, 0x72, 0xb4,
  0x4e, 0x1f, 0xa1, 0x41, 0x0e, 0xf2, 0xdc, 0xd7, 0x48, 0xa9, 0x20, 0x45,
  0xee, 0xbc, 0x8a, 0x24, 0xe9, 0xd8, 0x13, 0x32, 0xfa, 0x2b, 0x15, 0xfc,
  0x6f, 0x33, 0x24, 0x46, 0x4f, 0x46, 0x2f, 0x46, 0x58, 0xf5, 0x67, 0x17,
  0x68, 0xe9, 0x81, 0x8b, 0x83, 0x46, 0xb4, 0xa8, 0x83, 0x9a, 0x99, 0xc7,
  0x1f, 0xea, 0xc3, 0x03, 0x79, 0x55, 0x6b, 0x0b, 0x47, 0x3a, 0xd2, 0x04,
  0xa7, 0x32, 0xa6, 0x93, 0xde, 0x56, 0x1f, 0xb7, 0xbd, 0x22, 0x70, 0x42,
  0xfc, 0x4e, 0x5b, 0x5e, 0x3a, 0xe7, 0x1a, 0x42, 0x9f, 0xed, 0x29, 0xf5,
  0xb3, 0x20, 0xc8, 0xca, 0xa8, 0x7f, 0x18, 0x0e, 0xfb, 0x28, 0xd0, 0xb6,
  0xd7, 0xf4, 0x29, 0x60, 0xa2, 0xb9, 0x4c, 0xea, 0xef, 0x2c, 0x6d, 0xf7,
  0x35, 0x42, 0xa9, 0xef, 0xad, 0xdc, 0xa1, 0xe5, 0xea, 0xb6, 0xa5, 0x1a,
  0xb9, 0x5f, 0x7f, 0xf6, 0x16, 0xe5, 0x96, 0xd3, 0x74, 0x16, 0x3a, 0x1c,
  0xe6, 0x63, 0x23, 0x7b, 0xcf, 0xd6, 0x33, 0x1b, 0x4a, 0x32, 0x2b, 0xf0,
  0x06, 0xf0, 0x8d, 0x8b, 0xd0, 0xeb, 0x37, 0x46, 0x20, 0xcc, 0xc5, 0x53,
  0xc2, 0x6a, 0xd0, 0x15, 0x95, 0xf1, 0x43, 0x26, 0xc6, 0xd4, 0x1f, 0xd8,
  0xca, 0x38, 0x49, 0x13, 0x20, 0xed, 0xae, 0xcd, 0x24, 0x2a, 0x67, 0x2f,
  0x30, 0x42, 0x7f, 0x4b, 0x36, 0xea, 0x05, 0xf1, 0xbe, 0x63, 0x6b, 0x90,
  0xae, 0xc8, 0xdc, 0x6a, 0xec, 0x38, 0xe7, 0x14, 0xf8, 0x71, 0x1b, 0x78,
  0xae, 0x20, 0x1a, 0xdf, 0xea, 0xfa, 0xff, 0xff, 0x04, 0x00, 0x00, 0x00,
  0x40, 0x00, 0x00, 0x00, 0xef, 0xff, 0xff, 0xff, 0xfe, 0xff, 0xff, 0xff,
  0x11, 0x00, 0x00, 0x00, 0xdd, 0xff, 0xff, 0xff, 0x12, 0x00, 0x00, 0x00,
  0xe3, 0xff, 0xff, 0xff, 0x36, 0x00, 0x00, 0x00, 0x3e, 0x00, 0x00, 0x00,
  0x39, 0x00, 0x00, 0x00, 0x2e, 0x00, 0x00, 0x00, 0x20, 0x00, 0x00, 0x00,
  0xaf, 0xff, 0xff, 0xff, 0xe0, 0xff, 0xff, 0xff, 0xea, 0xff, 0xff, 0xff,
  0xbf, 0xff, 0xff, 0xff, 0x08, 0x00, 0x00, 0x00, 0x36, 0xfb, 0xff, 0xff,
  0x04, 0x00, 0x00, 0x00, 0x00, 0x03, 0x00, 0x00, 0x3b, 0xb7, 0x58, 0x1c,
  0x58, 0x81, 0x26, 0xd2, 0x09, 0xa8, 0x6d, 0x94, 0xe4, 0x8f, 0x59, 0xe4,
  0x87, 0x9c, 0xea, 0x33, 0xf6, 0x54, 0x5c, 0xe6, 0xb8, 0xd5, 0x69, 0xa3,
  0xe1, 0x33, 0x38, 0x1f, 0x02, 0x1a, 0x40, 0x48, 0xf9, 0xdb, 0xf5, 0xf0,
  0xbc, 0x44, 0x6a, 0xc6, 0xea, 0xc7, 0x9d, 0x36, 0x8e, 0x11, 0xa2, 0x0d,
  0x19, 0xac, 0x65, 0x5e, 0xc0, 0xb5, 0xa2, 0x75, 0x5f, 0xe9, 0x53, 0x3f,
  0xb2, 0x16, 0x51, 0x53, 0x09, 0x72, 0xaa, 0xd6, 0x39, 0x3e, 0x69, 0xa4,
  0x7f, 0xa1, 0x9f, 0x9a, 0xd5, 0xdd, 0x5d, 0xe6, 0xb5, 0xf5, 0x10, 0xb7,
  0xcf, 0xef, 0x21, 0x17, 0x2e, 0x49, 0xe3, 0x93, 0xff, 0xee, 0x0d, 0xf9,
  0xa6, 0x33, 0x3a, 0x2a, 0x37, 0x60, 0xf7, 0x98, 0xe2, 0x93, 0xe9, 0x8d,
  0x90, 0x53, 0x2a, 0x76, 0x8f, 0x4f, 0xad, 0xab, 0xa2, 0x1e, 0xad, 0x0e,
  0x6c, 0x4b, 0xd0, 0xec, 0x63, 0x01, 0xcd, 0x21, 0x32, 0xa3, 0x0d, 0x8b,
  0xe8, 0xaa, 0x81, 0xb2, 0x06, 0x57, 0x5e, 0x14, 0x65, 0xa8, 0xb9, 0x29,
  0x01, 0xea, 0xc8, 0x73, 0x59, 0xdd, 0xdf, 0x16, 0x17, 0xd8, 0x32, 0x20,
  0x43, 0x9d, 0x44, 0x2c, 0x0b, 0x75, 0x51, 0x6b, 0x1c, 0xf9, 0xa0, 0xc8,
  0x25, 0x7f, 0xaf, 0x2d, 0x1a, 0xc0, 0x78, 0x33, 0xd9, 0xc8, 0x75, 0x79,
  0xe7, 0xac, 0x13, 0x29, 0xa6, 0xe6, 0x05, 0x69, 0xb6, 0x1e, 0x14, 0x00,
  0xd8, 0xf5, 0xf3, 0x0d, 0x36, 0xf5, 0x3c, 0x12, 0xef, 0x07, 0x3c, 0x88,
  0x56, 0x20, 0xa2, 0x3a, 0x10, 0xd2, 0xe3, 0x9e, 0x81, 0x38, 0xff, 0x37,
  0x4c, 0xda, 0x25, 0x0c, 0x30, 0xf8, 0x2f, 0x13, 0xf0, 0xf3, 0xab, 0x55,
  0x23, 0x02, 0x67, 0x3e, 0xd4, 0x2c, 0xc8, 0x54, 0x7a, 0xcb, 0x34, 0x57,
  0xb4, 0x6a, 0x1b, 0xbd, 0x60, 0x65, 0x6a, 0xe3, 0x3c, 0xbb, 0x37, 0xae,
  0x24, 0x3a, 0xb9, 0xac, 0xea, 0xd9, 0x08, 0x6d, 0x53, 0xc9, 0x9a, 0xe8,
  0x38, 0x23, 0xd9, 0xda, 0xc6, 0x0e, 0xaf, 0x53, 0x50, 0x23, 0x00, 0x7f,
  0xcc, 0xaf, 0x23, 0x63, 0xb1, 0xf9, 0x18, 0xdf, 0x7f, 0x32, 0x31, 0x1a,
  0x79, 0x2c, 0x0e, 0xf1, 0x58, 0x5c, 0x61, 0xde, 0x51, 0xff, 0x3a, 0x15,
  0xed, 0x2a, 0xb8, 0x0a, 0x11, 0x07, 0x17, 0x61, 0xba, 0x28, 0xd9, 0x58,
  0xaf, 0x38, 0xbc, 0x55, 0x00, 0x48, 0x18, 0x17, 0x43, 0xd6, 0xe6, 0xa2,
  0x2b, 0xd8, 0xba, 0x25, 0xde, 0x5b, 0xd0, 0x21, 0x9d, 0x06, 0x81, 0x92,
  0x5f, 0x88, 0xff, 0xbe, 0xbf, 0xa1, 0x46, 0xab, 0xdb, 0x20, 0xe4, 0x6b,
  0x52, 0x49, 0xdf, 0x34, 0xa5, 0x8c, 0x93, 0xc3, 0x09, 0x41, 0xea, 0x01,
  0x91, 0x2e, 0x87, 0x83, 0x36, 0xbd, 0x31, 0x82, 0xa7, 0x24, 0x17, 0x94,
  0xd8, 0xca, 0x93, 0x1b, 0x79, 0x11, 0x64, 0x0e, 0x57, 0x35, 0x98, 0xdb,
  0x43, 0xfc, 0x69, 0x62, 0x5a, 0x10, 0xef, 0xdf, 0x68, 0x91, 0x83, 0xf1,
  0xc7, 0x31, 0x93, 0xb6, 0x3a, 0x35, 0x1f, 0x85, 0x24, 0x55, 0x01, 0xd6,
  0x5f, 0x65, 0x9a, 0xf1, 0x39, 0x7e, 0x60, 0x83, 0xa7, 0xe0, 0x07, 0xec,
  0xd5, 0x81, 0xa1, 0x9b, 0x1c, 0x10, 0x29, 0x7b, 0x4a, 0x6a, 0xc9, 0x4b,
  0x24, 0xe4, 0x14, 0xb5, 0xf2, 0xca, 0xde, 0x2f, 0x2c, 0xfe, 0x33, 0xf3,
  0xa5, 0x5f, 0x27, 0x43, 0x50, 0xa6, 0x9d, 0x41, 0x0f, 0x64, 0x22, 0x1e,
  0x38, 0x7f, 0x60, 0x50, 0xf0, 0xc6, 0x0c, 0xc2, 0x69, 0x13, 0x9f, 0x74,
  0xd0, 0x62, 0xc4, 0xa2, 0x5e, 0xd6, 0x7a, 0x7a, 0x95, 0xf2, 0x8f, 0x49,
  0x8d, 0xd2, 0x83, 0x8a, 0x13, 0xc2, 0x65, 0x97, 0x0f, 0xa9, 0x83, 0xb3,
  0x09, 0x55, 0xaf, 0xdc, 0xce, 0xe2, 0x85, 0x7f, 0xc0, 0x1e, 0x99, 0x06,
  0xa5, 0xcc, 0xf0, 0xdb, 0x10, 0x1a, 0xfe, 0xc3, 0x0a, 0xbb, 0x6b, 0xbb,
  0x69, 0x1a, 0xa3, 0x0f, 0x79, 0xdc, 0x15, 0x42, 0x50, 0xad, 0xba, 0x0d,
  0x0a, 0xc3, 0x5f, 0x81, 0x38, 0x26, 0x6e, 0x0a, 0x2d, 0x83, 0x03, 0xfe,
  0x44, 0x6b, 0x39, 0x93, 0xab, 0x3e, 0x5b, 0x62, 0xe6, 0x1b, 0xf8, 0x63,
  0xe5, 0xaa, 0x3b, 0x9f, 0xb0, 0xb4, 0xef, 0x6b, 0x8e, 0x0c, 0x23, 0x0b,
  0xac, 0xee, 0xaa, 0x8f, 0xc4, 0x94, 0xdb, 0xf6, 0xc6, 0x1a, 0x30, 0x32,
  0x69, 0xf1, 0x69, 0xf0, 0xf4, 0x6c, 0xab, 0x5d, 0x4e, 0x12, 0x25, 0x2d,
  0x45, 0x07, 0xb3, 0x58, 0x14, 0xed, 0x7f, 0x06, 0x59, 0xe1, 0x11, 0xe2,
  0xe3, 0x29, 0x5f, 0x42, 0xff, 0x5f, 0x3e, 0xd9, 0xd9, 0xe8, 0x05, 0x2a,
  0x71, 0xd1, 0x0f, 0xb4, 0x49, 0xd4, 0x34, 0x3c, 0xf4, 0x02, 0x56, 0xc1,
  0x92, 0x36, 0x4a, 0x9a, 0xfd, 0x9c, 0x9d, 0xff, 0x8a, 0xd8, 0xdd, 0x96,
  0xa5, 0xba, 0xce, 0xe2, 0x8c, 0x71, 0x1d, 0xab, 0xe1, 0xfa, 0xf3, 0x58,
  0x70, 0x6e, 0xc1, 0x1c, 0xc2, 0x69, 0xdf, 0x22, 0x7c, 0x92, 0x68, 0xcf,
  0x7f, 0x13, 0xbc, 0x56, 0x63, 0xd8, 0x46, 0x91, 0x00, 0xee, 0x81, 0x52,
  0x42, 0xaf, 0x3c, 0xda, 0xbb, 0xdd, 0x37, 0xbf, 0x67, 0x6c, 0x35, 0x16,
  0xc3, 0xd7, 0x56, 0xe2, 0x3b, 0xa7, 0xdb, 0xab, 0xd0, 0x3c, 0x10, 0xd4,
  0xf7, 0x5a, 0xa0, 0xa9, 0xb3, 0xb8, 0xfe, 0xe5, 0x94, 0xa6, 0x15, 0x81,
  0xd8, 0x0b, 0x5b, 0xbb, 0x00, 0xf4, 0x60, 0xc3, 0x30, 0xcd, 0x61, 0x6a,
  0x60, 0x7c, 0x0f, 0xd5, 0xc3, 0x46, 0x12, 0xe6, 0x26, 0xb5, 0x43, 0x1e,
  0xe5, 0x15, 0x7f, 0x1e, 0xf9, 0xac, 0xf7, 0x67, 0xbe, 0x62, 0xe1, 0xfa,
  0xfb, 0x02, 0x27, 0x70, 0x4f, 0x38, 0x43, 0xbc, 0xff, 0x2c, 0x7a, 0xf9,
  0xdc, 0x79, 0xc5, 0xbb, 0x35, 0x4f, 0x4d, 0x48, 0x42, 0xfe, 0xff, 0xff,
  0x04, 0x00, 0x00, 0x00, 0x40, 0x00, 0x00, 0x00, 0x61, 0x00, 0x00, 0x00,
  0x02, 0x00, 0x00, 0x00, 0xcd, 0xff, 0xff, 0xff, 0x67, 0x00, 0x00, 0x00,
  0xc2, 0xff, 0xff, 0xff, 0x24, 0x00, 0x00, 0x00, 0x30, 0x00, 0x00, 0x00,
  0x1a, 0x00, 0x00, 0x00, 0xe3, 0xff, 0xff, 0xff, 0x60, 0x00, 0x00, 0x00,
  0xa4, 0xff, 0xff, 0xff, 0x4a, 0x00, 0x00, 0x00, 0xbc, 0xff, 0xff, 0xff,
  0x1c, 0x00, 0x00, 0x00, 0x44, 0x00, 0x00, 0x00, 0x29, 0x00, 0x00, 0x00,
  0x8e, 0xfe, 0xff, 0xff, 0x04, 0x00, 0x00, 0x00, 0x70, 0x00, 0x00, 0x00,
  0xd6, 0x81, 0x90, 0xec, 0x57, 0xc7, 0xe2, 0x44, 0x46, 0x1e, 0x82, 0x83,
  0x33, 0x67, 0xc0, 0x1e, 0x19, 0x47, 0x6f, 0x81, 0xd2, 0x01, 0xa2, 0x6c,
  0x52, 0xa8, 0x8d, 0x2e, 0x5f, 0x9c, 0x3f, 0x46, 0xb3, 0x85, 0x55, 0x7f,
  0x90, 0x67, 0x10, 0x90, 0x07, 0x10, 0xa1, 0x8f, 0x53, 0x2b, 0x89, 0x71,
  0x42, 0xf9, 0x34, 0x46, 0xb7, 0xe2, 0xd4, 0xdf, 0x73, 0x9c, 0x7f, 0x0e,
  0xef, 0xa3, 0x50, 0x99, 0x81, 0x50, 0xc7, 0xb2, 0xce, 0x86, 0x46, 0xf5,
  0x85, 0xc1, 0xdb, 0x7c, 0x00, 0x3b, 0x75, 0xfd, 0x83, 0x3a, 0x83, 0x6d,
  0x81, 0x48, 0xaa, 0xc7, 0x4b, 0x10, 0xb4, 0x91, 0xa5, 0x38, 0x4a, 0xbd,
  0xb9, 0x5e, 0x81, 0x81, 0x2b, 0xff, 0x59, 0x37, 0xcc, 0x1f, 0x06, 0x68,
  0x0d, 0xc8, 0x06, 0x6f, 0x0a, 0xff, 0xff, 0xff, 0x04, 0x00, 0x00, 0x00,
  0x1c, 0x00, 0x00, 0x00, 0x83, 0xff, 0xff, 0xff, 0xe8, 0xff, 0xff, 0xff,
  0x38, 0x00, 0x00, 0x00, 0x87, 0x00, 0x00, 0x00, 0xd0, 0xff, 0xff, 0xff,
  0x04, 0x00, 0x00, 0x00, 0xc7, 0xff, 0xff, 0xff, 0x32, 0xff, 0xff, 0xff,
  0x04, 0x00, 0x00, 0x00, 0x08, 0x00, 0x00, 0x00, 0x01, 0x00, 0x00, 0x00,
  0x02, 0x00, 0x00, 0x00, 0xe0, 0xd6, 0xff, 0xff, 0xe4, 0xd6, 0xff, 0xff,
  0x0f, 0x00, 0x00, 0x00, 0x4d, 0x4c, 0x49, 0x52, 0x20, 0x43, 0x6f, 0x6e,
  0x76, 0x65, 0x72, 0x74, 0x65, 0x64, 0x2e, 0x00, 0x01, 0x00, 0x00, 0x00,
  0x14, 0x00, 0x00, 0x00, 0x00, 0x00, 0x0e, 0x00, 0x18, 0x00, 0x14, 0x00,
  0x10, 0x00, 0x0c, 0x00, 0x08, 0x00, 0x04, 0x00, 0x0e, 0x00, 0x00, 0x00,
  0x14, 0x00, 0x00, 0x00, 0x1c, 0x00, 0x00, 0x00, 0x80, 0x03, 0x00, 0x00,
  0x84, 0x03, 0x00, 0x00, 0x88, 0x03, 0x00, 0x00, 0x04, 0x00, 0x00, 0x00,
  0x6d, 0x61, 0x69, 0x6e, 0x00, 0x00, 0x00, 0x00, 0x0d, 0x00, 0x00, 0x00,
  0x1c, 0x03, 0x00, 0x00, 0xcc, 0x02, 0x00, 0x00, 0x8c, 0x02, 0x00, 0x00,
  0x4c, 0x02, 0x00, 0x00, 0x0c, 0x02, 0x00, 0x00, 0xcc, 0x01, 0x00, 0x00,
  0x8c, 0x01, 0x00, 0x00, 0x4c, 0x01, 0x00, 0x00, 0x0c, 0x01, 0x00, 0x00,
  0xcc, 0x00, 0x00, 0x00, 0x98, 0x00, 0x00, 0x00, 0x50, 0x00, 0x00, 0x00,
  0x14, 0x00, 0x00, 0x00, 0x00, 0x00, 0x0e, 0x00, 0x1a, 0x00, 0x14, 0x00,
  0x10, 0x00, 0x0c, 0x00, 0x0b, 0x00, 0x04, 0x00, 0x0e, 0x00, 0x00, 0x00,
  0x1c, 0x00, 0x00, 0x00, 0x00, 0x00, 0x00, 0x09, 0x1c, 0x00, 0x00, 0x00,
  0x20, 0x00, 0x00, 0x00, 0x03, 0x00, 0x00, 0x00, 0x00, 0x00, 0x06, 0x00,
  0x08, 0x00, 0x04, 0x00, 0x06, 0x00, 0x00, 0x00, 0x00, 0x00, 0x80, 0x3f,
  0x01, 0x00, 0x00, 0x00, 0x24, 0x00, 0x00, 0x00, 0x01, 0x00, 0x00, 0x00,
  0x23, 0x00, 0x00, 0x00, 0xca, 0xff, 0xff, 0xff, 0x14, 0x00, 0x00, 0x00,
  0x00, 0x00, 0x00, 0x08, 0x10, 0x00, 0x00, 0x00, 0x14, 0x00, 0x00, 0x00,
  0x02, 0x00, 0x00, 0x00, 0xd0, 0xd7, 0xff, 0xff, 0x01, 0x00, 0x00, 0x00,
  0x23, 0x00, 0x00, 0x00, 0x03, 0x00, 0x00, 0x00, 0x22, 0x00, 0x00, 0x00,
  0x03, 0x00, 0x00, 0x00, 0x02, 0x00, 0x00, 0x00, 0x00, 0x00, 0x0e, 0x00,
  0x18, 0x00, 0x14, 0x00, 0x10, 0x00, 0x0c, 0x00, 0x0b, 0x00, 0x04, 0x00,
  0x0e, 0x00, 0x00, 0x00, 0x14, 0x00, 0x00, 0x00, 0x00, 0x00, 0x00, 0x1b,
  0x10, 0x00, 0x00, 0x00, 0x14, 0x00, 0x00, 0x00, 0x01, 0x00, 0x00, 0x00,
  0x14, 0xd8, 0xff, 0xff, 0x01, 0x00, 0x00, 0x00, 0x22, 0x00, 0x00, 0x00,
  0x02, 0x00, 0x00, 0x00, 0x21, 0x00, 0x00, 0x00, 0x01, 0x00, 0x00, 0x00,
  0xe2, 0xfd, 0xff, 0xff, 0x10, 0x00, 0x00, 0x00, 0x00, 0x00, 0x00, 0x01,
  0x18, 0x00, 0x00, 0x00, 0x1c, 0x00, 0x00, 0x00, 0xd4, 0xfd, 0xff, 0xff,
  0x00, 0x00, 0x00, 0x01, 0x01, 0x00, 0x00, 0x00, 0x01, 0x00, 0x00, 0x00,
  0x01, 0x00, 0x00, 0x00, 0x21, 0x00, 0x00, 0x00, 0x03, 0x00, 0x00, 0x00,
  0x20, 0x00, 0x00, 0x00, 0x05, 0x00, 0x00, 0x00, 0x04, 0x00, 0x00, 0x00,
  0x1e, 0xfe, 0xff, 0xff, 0x10, 0x00, 0x00, 0x00, 0x00, 0x00, 0x00, 0x01,
  0x18, 0x00, 0x00, 0x00, 0x1c, 0x00, 0x00, 0x00, 0x10, 0xfe, 0xff, 0xff,
  0x00, 0x00, 0x00, 0x01, 0x01, 0x00, 0x00, 0x00, 0x01, 0x00, 0x00, 0x00,
  0x01, 0x00, 0x00, 0x00, 0x20, 0x00, 0x00, 0x00, 0x03, 0x00, 0x00, 0x00,
  0x1f, 0x00, 0x00, 0x00, 0x07, 0x00, 0x00, 0x00, 0x06, 0x00, 0x00, 0x00,
  0x5a, 0xfe, 0xff, 0xff, 0x10, 0x00, 0x00, 0x00, 0x00, 0x00, 0x00, 0x01,
  0x18, 0x00, 0x00, 0x00, 0x1c, 0x00, 0x00, 0x00, 0x4c, 0xfe, 0xff, 0xff,
  0x00, 0x00, 0x00, 0x01, 0x01, 0x00, 0x00, 0x00, 0x01, 0x00, 0x00, 0x00,
  0x01, 0x00, 0x00, 0x00, 0x1f, 0x00, 0x00, 0x00, 0x03, 0x00, 0x00, 0x00,
  0x1e, 0x00, 0x00, 0x00, 0x09, 0x00, 0x00, 0x00, 0x08, 0x00, 0x00, 0x00,
  0x96, 0xfe, 0xff, 0xff, 0x10, 0x00, 0x00, 0x00, 0x00, 0x00, 0x00, 0x01,
  0x18, 0x00, 0x00, 0x00, 0x1c, 0x00, 0x00, 0x00, 0x88, 0xfe, 0xff, 0xff,
  0x00, 0x00, 0x00, 0x01, 0x01, 0x00, 0x00, 0x00, 0x01, 0x00, 0x00, 0x00,
  0x01, 0x00, 0x00, 0x00, 0x1e, 0x00, 0x00, 0x00, 0x03, 0x00, 0x00, 0x00,
  0x1d, 0x00, 0x00, 0x00, 0x0b, 0x00, 0x00, 0x00, 0x0a, 0x00, 0x00, 0x00,
  0xd2, 0xfe, 0xff, 0xff, 0x10, 0x00, 0x00, 0x00, 0x00, 0x00, 0x00, 0x01,
  0x18, 0x00, 0x00, 0x00, 0x1c, 0x00, 0x00, 0x00, 0xc4, 0xfe, 0xff, 0xff,
  0x00, 0x00, 0x00, 0x01, 0x01, 0x00, 0x00, 0x00, 0x01, 0x00, 0x00, 0x00,
  0x01, 0x00, 0x00, 0x00, 0x1d, 0x00, 0x00, 0x00, 0x03, 0x00, 0x00, 0x00,
  0x1c, 0x00, 0x00, 0x00, 0x0d, 0x00, 0x00, 0x00, 0x0c, 0x00, 0x00, 0x00,
  0x0e, 0xff, 0xff, 0xff, 0x10, 0x00, 0x00, 0x00, 0x00, 0x00, 0x00, 0x01,
  0x18, 0x00, 0x00, 0x00, 0x1c, 0x00, 0x00, 0x00, 0x00, 0xff, 0xff, 0xff,
  0x00, 0x00, 0x00, 0x01, 0x01, 0x00, 0x00, 0x00, 0x01, 0x00, 0x00, 0x00,
  0x01, 0x00, 0x00, 0x00, 0x1c, 0x00, 0x00, 0x00, 0x03, 0x00, 0x00, 0x00,
  0x1b, 0x00, 0x00, 0x00, 0x0f, 0x00, 0x00, 0x00, 0x0e, 0x00, 0x00, 0x00,
  0x4a, 0xff, 0xff, 0xff, 0x10, 0x00, 0x00, 0x00, 0x00, 0x00, 0x00, 0x01,
  0x18, 0x00, 0x00, 0x00, 0x1c, 0x00, 0x00, 0x00, 0x3c, 0xff, 0xff, 0xff,
  0x00, 0x00, 0x00, 0x01, 0x01, 0x00, 0x00, 0x00, 0x01, 0x00, 0x00, 0x00,
  0x01, 0x00, 0x00, 0x00, 0x1b, 0x00, 0x00, 0x00, 0x03, 0x00, 0x00, 0x00,
  0x1a, 0x00, 0x00, 0x00, 0x11, 0x00, 0x00, 0x00, 0x10, 0x00, 0x00, 0x00,
  0x86, 0xff, 0xff, 0xff, 0x10, 0x00, 0x00, 0x00, 0x00, 0x00, 0x00, 0x01,
  0x18, 0x00, 0x00, 0x00, 0x1c, 0x00, 0x00, 0x00, 0x78, 0xff, 0xff, 0xff,
  0x00, 0x00, 0x00, 0x01, 0x01, 0x00, 0x00, 0x00, 0x01, 0x00, 0x00, 0x00,
  0x01, 0x00, 0x00, 0x00, 0x1a, 0x00, 0x00, 0x00, 0x03, 0x00, 0x00, 0x00,
  0x19, 0x00, 0x00, 0x00, 0x13, 0x00, 0x00, 0x00, 0x12, 0x00, 0x00, 0x00,
  0xc2, 0xff, 0xff, 0xff, 0x10, 0x00, 0x00, 0x00, 0x00, 0x00, 0x00, 0x01,
  0x18, 0x00, 0x00, 0x00, 0x1c, 0x00, 0x00, 0x00, 0xb4, 0xff, 0xff, 0xff,
  0x00, 0x00, 0x00, 0x01, 0x01, 0x00, 0x00, 0x00, 0x01, 0x00, 0x00, 0x00,
  0x01, 0x00, 0x00, 0x00, 0x19, 0x00, 0x00, 0x00, 0x03, 0x00, 0x00, 0x00,
  0x18, 0x00, 0x00, 0x00, 0x15, 0x00, 0x00, 0x00, 0x14, 0x00, 0x00, 0x00,
  0x00, 0x00, 0x0e, 0x00, 0x14, 0x00, 0x00, 0x00, 0x10, 0x00, 0x0c, 0x00,
  0x0b, 0x00, 0x04, 0x00, 0x0e, 0x00, 0x00, 0x00, 0x1c, 0x00, 0x00, 0x00,
  0x00, 0x00, 0x00, 0x01, 0x24, 0x00, 0x00, 0x00, 0x28, 0x00, 0x00, 0x00,
  0x0c, 0x00, 0x10, 0x00, 0x00, 0x00, 0x0c, 0x00, 0x08, 0x00, 0x07, 0x00,
  0x0c, 0x00, 0x00, 0x00, 0x00, 0x00, 0x00, 0x01, 0x01, 0x00, 0x00, 0x00,
  0x01, 0x00, 0x00, 0x00, 0x01, 0x00, 0x00, 0x00, 0x18, 0x00, 0x00, 0x00,
  0x03, 0x00, 0x00, 0x00, 0x00, 0x00, 0x00, 0x00, 0x17, 0x00, 0x00, 0x00,
  0x16, 0x00, 0x00, 0x00, 0x01, 0x00, 0x00, 0x00, 0x24, 0x00, 0x00, 0x00,
  0x01, 0x00, 0x00, 0x00, 0x00, 0x00, 0x00, 0x00, 0x25, 0x00, 0x00, 0x00,
  0xb0, 0x25, 0x00, 0x00, 0x2c, 0x25, 0x00, 0x00, 0x6c, 0x24, 0x00, 0x00,
  0xb0, 0x23, 0x00, 0x00, 0x44, 0x22, 0x00, 0x00, 0x08, 0x21, 0x00, 0x00,
  0x9c, 0x1f, 0x00, 0x00, 0x60, 0x1e, 0x00, 0x00, 0xf4, 0x1c, 0x00, 0x00,
  0xb8, 0x1b, 0x00, 0x00, 0x4c, 0x1a, 0x00, 0x00, 0x10, 0x19, 0x00, 0x00,
  0xa4, 0x17, 0x00, 0x00, 0x68, 0x16, 0x00, 0x00, 0xfc, 0x14, 0x00, 0x00,
  0xc0, 0x13, 0x00, 0x00, 0x54, 0x12, 0x00, 0x00, 0x18, 0x11, 0x00, 0x00,
  0xac, 0x0f, 0x00, 0x00, 0x70, 0x0e, 0x00, 0x00, 0x04, 0x0d, 0x00, 0x00,
  0xc8, 0x0b, 0x00, 0x00, 0x5c, 0x0a, 0x00, 0x00, 0x20, 0x09, 0x00, 0x00,
  0x5c, 0x08, 0x00, 0x00, 0x98, 0x07, 0x00, 0x00, 0xd4, 0x06, 0x00, 0x00,
  0x10, 0x06, 0x00, 0x00, 0x4c, 0x05, 0x00, 0x00, 0x88, 0x04, 0x00, 0x00,
  0xc4, 0x03, 0x00, 0x00, 0x00, 0x03, 0x00, 0x00, 0x3c, 0x02, 0x00, 0x00,
  0x78, 0x01, 0x00, 0x00, 0x04, 0x01, 0x00, 0x00, 0x68, 0x00, 0x00, 0x00,
  0x04, 0x00, 0x00, 0x00, 0xfa, 0xda, 0xff, 0xff, 0x00, 0x00, 0x00, 0x01,
  0x14, 0x00, 0x00, 0x00, 0x30, 0x00, 0x00, 0x00, 0x25, 0x00, 0x00, 0x00,
  0x00, 0x00, 0x00, 0x09, 0x3c, 0x00, 0x00, 0x00, 0xe4, 0xda, 0xff, 0xff,
  0x08, 0x00, 0x00, 0x00, 0x10, 0x00, 0x00, 0x00, 0x01, 0x00, 0x00, 0x00,
  0x80, 0xff, 0xff, 0xff, 0xff, 0xff, 0xff, 0xff, 0x01, 0x00, 0x00, 0x00,
  0x00, 0x00, 0x80, 0x3b, 0x11, 0x00, 0x00, 0x00, 0x50, 0x61, 0x72, 0x74,
  0x69, 0x74, 0x69, 0x6f, 0x6e, 0x65, 0x64, 0x43, 0x61, 0x6c, 0x6c, 0x3a,
  0x30, 0x00, 0x00, 0x00, 0x02, 0x00, 0x00, 0x00, 0x01, 0x00, 0x00, 0x00,
  0x07, 0x00, 0x00, 0x00, 0x5a, 0xdb, 0xff, 0xff, 0x00, 0x00, 0x00, 0x01,
  0x14, 0x00, 0x00, 0x00, 0x30, 0x00, 0x00, 0x00, 0x24, 0x00, 0x00, 0x00,
  0x00, 0x00, 0x00, 0x09, 0x74, 0x00, 0x00, 0x00, 0x44, 0xdb, 0xff, 0xff,
  0x08, 0x00, 0x00, 0x00, 0x10, 0x00, 0x00, 0x00, 0x01, 0x00, 0x00, 0x00,
  0xc8, 0xff, 0xff, 0xff, 0xff, 0xff, 0xff, 0xff, 0x01, 0x00, 0x00, 0x00,
  0x93, 0x34, 0x33, 0x3f, 0x49, 0x00, 0x00, 0x00, 0x6d, 0x6f, 0x64, 0x65,
  0x6c, 0x5f, 0x33, 0x36, 0x2f, 0x74, 0x66, 0x2e, 0x6c, 0x69, 0x6e, 0x61,
  0x6c, 0x67, 0x2e, 0x6d, 0x61, 0x74, 0x6d, 0x75, 0x6c, 0x5f, 0x36, 0x2f,
  0x4d, 0x61, 0x74, 0x4d, 0x75, 0x6c, 0x3b, 0x6d, 0x6f, 0x64, 0x65, 0x6c,
  0x5f, 0x33, 0x36, 0x2f, 0x74, 0x66, 0x2e, 0x5f, 0x5f, 0x6f, 0x70, 0x65,
  0x72, 0x61, 0x74, 0x6f, 0x72, 0x73, 0x5f, 0x5f, 0x2e, 0x61, 0x64, 0x64,
  0x5f, 0x33, 0x36, 0x2f, 0x41, 0x64, 0x64, 0x56, 0x32, 0x00, 0x00, 0x00,
  0x02, 0x00, 0x00, 0x00, 0x01, 0x00, 0x00, 0x00, 0x07, 0x00, 0x00, 0x00,
  0xf2, 0xdb, 0xff, 0xff, 0x00, 0x00, 0x00, 0x01, 0x14, 0x00, 0x00, 0x00,
  0x30, 0x00, 0x00, 0x00, 0x23, 0x00, 0x00, 0x00, 0x00, 0x00, 0x00, 0x09,
  0x4c, 0x00, 0x00, 0x00, 0xdc, 0xdb, 0xff, 0xff, 0x08, 0x00, 0x00, 0x00,
  0x10, 0x00, 0x00, 0x00, 0x01, 0x00, 0x00, 0x00, 0x80, 0xff, 0xff, 0xff,
  0xff, 0xff, 0xff, 0xff, 0x01, 0x00, 0x00, 0x00, 0x07, 0xd9, 0x67, 0x3f,
  0x23, 0x00, 0x00, 0x00, 0x6d, 0x6f, 0x64, 0x65, 0x6c, 0x5f, 0x33, 0x36,
  0x2f, 0x74, 0x66, 0x2e, 0x6d, 0x61, 0x74, 0x68, 0x2e, 0x72, 0x65, 0x64,
  0x75, 0x63, 0x65, 0x5f, 0x6d, 0x65, 0x61, 0x6e, 0x5f, 0x36, 0x2f, 0x4d,
  0x65, 0x61, 0x6e, 0x00, 0x02, 0x00, 0x00, 0x00, 0x01, 0x00, 0x00, 0x00,
  0x10, 0x00, 0x00, 0x00, 0x62, 0xdc, 0xff, 0xff, 0x00, 0x00, 0x00, 0x01,
  0x14, 0x00, 0x00, 0x00, 0x30, 0x00, 0x00, 0x00, 0x22, 0x00, 0x00, 0x00,
  0x00, 0x00, 0x00, 0x09, 0x94, 0x00, 0x00, 0x00, 0x4c, 0xdc, 0xff, 0xff,
  0x08, 0x00, 0x00, 0x00, 0x10, 0x00, 0x00, 0x00, 0x01, 0x00, 0x00, 0x00,
  0x80, 0xff, 0xff, 0xff, 0xff, 0xff, 0xff, 0xff, 0x01, 0x00, 0x00, 0x00,
  0x00, 0x62, 0x9d, 0x3f, 0x6a, 0x00, 0x00, 0x00, 0x6d, 0x6f, 0x64, 0x65,
  0x6c, 0x5f, 0x33, 0x36, 0x2f, 0x74, 0x66, 0x2e, 0x6e, 0x6e, 0x2e, 0x72,
  0x65, 0x6c, 0x75, 0x5f, 0x36, 0x39, 0x2f, 0x52, 0x65, 0x6c, 0x75, 0x3b,
  0x6d, 0x6f, 0x64, 0x65, 0x6c, 0x5f, 0x33, 0x36, 0x2f, 0x74, 0x66, 0x2e,
  0x6d, 0x61, 0x74, 0x68, 0x2e, 0x61, 0x64, 0x64, 0x5f, 0x36, 0x39, 0x2f,
  0x41, 0x64, 0x64, 0x3b, 0x6d, 0x6f, 0x64, 0x65, 0x6c, 0x5f, 0x33, 0x36,
  0x2f, 0x74, 0x66, 0x2e, 0x6e, 0x6e, 0x2e, 0x63, 0x6f, 0x6e, 0x76, 0x6f,
  0x6c, 0x75, 0x74, 0x69, 0x6f, 0x6e, 0x5f, 0x36, 0x39, 0x2f, 0x63, 0x6f,
  0x6e, 0x76, 0x6f, 0x6c, 0x75, 0x74, 0x69, 0x6f, 0x6e, 0x3b, 0x43, 0x6f,
  0x6e, 0x73, 0x74, 0x5f, 0x33, 0x31, 0x00, 0x00, 0x04, 0x00, 0x00, 0x00,
  0x01, 0x00, 0x00, 0x00, 0x05, 0x00, 0x00, 0x00, 0x01, 0x00, 0x00, 0x00,
  0x10, 0x00, 0x00, 0x00, 0x22, 0xdd, 0xff, 0xff, 0x00, 0x00, 0x00, 0x01,
  0x14, 0x00, 0x00, 0x00, 0x30, 0x00, 0x00, 0x00, 0x21, 0x00, 0x00, 0x00,
  0x00, 0x00, 0x00, 0x09, 0x94, 0x00, 0x00, 0x00, 0x0c, 0xdd, 0xff, 0xff,
  0x08, 0x00, 0x00, 0x00, 0x10, 0x00, 0x00, 0x00, 0x01, 0x00, 0x00, 0x00,
  0x80, 0xff, 0xff, 0xff, 0xff, 0xff, 0xff, 0xff, 0x01, 0x00, 0x00, 0x00,
  0xde, 0x9d, 0x80, 0x3f, 0x6a, 0x00, 0x00, 0x00, 0x6d, 0x6f, 0x64, 0x65,
  0x6c, 0x5f, 0x33, 0x36, 0x2f, 0x74, 0x66, 0x2e, 0x6e, 0x6e, 0x2e, 0x72,
  0x65, 0x6c, 0x75, 0x5f, 0x36, 0x38, 0x2f, 0x52, 0x65, 0x6c, 0x75, 0x3b,
  0x6d, 0x6f, 0x64, 0x65, 0x6c, 0x5f, 0x33, 0x36, 0x2f, 0x74, 0x66, 0x2e,
  0x6d, 0x61, 0x74, 0x68, 0x2e, 0x61, 0x64, 0x64, 0x5f, 0x36, 0x38, 0x2f,
  0x41, 0x64, 0x64, 0x3b, 0x6d, 0x6f, 0x64, 0x65, 0x6c, 0x5f, 0x33, 0x36,
  0x2f, 0x74, 0x66, 0x2e, 0x6e, 0x6e, 0x2e, 0x63, 0x6f, 0x6e, 0x76, 0x6f,
  0x6c, 0x75, 0x74, 0x69, 0x6f, 0x6e, 0x5f, 0x36, 0x38, 0x2f, 0x63, 0x6f,
  0x6e, 0x76, 0x6f, 0x6c, 0x75, 0x74, 0x69, 0x6f, 0x6e, 0x3b, 0x43, 0x6f,
  0x6e, 0x73, 0x74, 0x5f, 0x35, 0x31, 0x00, 0x00, 0x04, 0x00, 0x00, 0x00,
  0x01, 0x00, 0x00, 0x00, 0x05, 0x00, 0x00, 0x00, 0x01, 0x00, 0x00, 0x00,
  0x10, 0x00, 0x00, 0x00, 0xe2, 0xdd, 0xff, 0xff, 0x00, 0x00, 0x00, 0x01,
  0x14, 0x00, 0x00, 0x00, 0x30, 0x00, 0x00, 0x00, 0x20, 0x00, 0x00, 0x00,
  0x00, 0x00, 0x00, 0x09, 0x94, 0x00, 0x00, 0x00, 0xcc, 0xdd, 0xff, 0xff,
  0x08, 0x00, 0x00, 0x00, 0x10, 0x00, 0x00, 0x00, 0x01, 0x00, 0x00, 0x00,
  0x80, 0xff, 0xff, 0xff, 0xff, 0xff, 0xff, 0xff, 0x01, 0x00, 0x00, 0x00,
  0xb3, 0xd6, 0xb1, 0x3f, 0x6a, 0x00, 0x00, 0x00, 0x6d, 0x6f, 0x64, 0x65,
  0x6c, 0x5f, 0x33, 0x36, 0x2f, 0x74, 0x66, 0x2e, 0x6e, 0x6e, 0x2e, 0x72,
  0x65, 0x6c, 0x75, 0x5f, 0x36, 0x37, 0x2f, 0x52, 0x65, 0x6c, 0x75, 0x3b,
  0x6d, 0x6f, 0x64, 0x65, 0x6c, 0x5f, 0x33, 0x36, 0x2f, 0x74, 0x66, 0x2e,
  0x6d, 0x61, 0x74, 0x68, 0x2e, 0x61, 0x64, 0x64, 0x5f, 0x36, 0x37, 0x2f,
  0x41, 0x64, 0x64, 0x3b, 0x6d, 0x6f, 0x64, 0x65, 0x6c, 0x5f, 0x33, 0x36,
  0x2f, 0x74, 0x66, 0x2e, 0x6e, 0x6e, 0x2e, 0x63, 0x6f, 0x6e, 0x76, 0x6f,
  0x6c, 0x75, 0x74, 0x69, 0x6f, 0x6e, 0x5f, 0x36, 0x37, 0x2f, 0x63, 0x6f,
  0x6e, 0x76, 0x6f, 0x6c, 0x75, 0x74, 0x69, 0x6f, 0x6e, 0x3b, 0x43, 0x6f,
  0x6e, 0x73, 0x74, 0x5f, 0x37, 0x31, 0x00, 0x00, 0x04, 0x00, 0x00, 0x00,
  0x01, 0x00, 0x00, 0x00, 0x05, 0x00, 0x00, 0x00, 0x01, 0x00, 0x00, 0x00,
  0x10, 0x00, 0x00, 0x00, 0xa2, 0xde, 0xff, 0xff, 0x00, 0x00, 0x00, 0x01,
  0x14, 0x00, 0x00, 0x00, 0x30, 0x00, 0x00, 0x00, 0x1f, 0x00, 0x00, 0x00,
  0x00, 0x00, 0x00, 0x09, 0x94, 0x00, 0x00, 0x00, 0x8c, 0xde, 0xff, 0xff,
  0x08, 0x00, 0x00, 0x00, 0x10, 0x00, 0x00, 0x00, 0x01, 0x00, 0x00, 0x00,
  0x80, 0xff, 0xff, 0xff, 0xff, 0xff, 0xff, 0xff, 0x01, 0x00, 0x00, 0x00,
  0x00, 0xdd, 0xc5, 0x3f, 0x6a, 0x00, 0x00, 0x00, 0x6d, 0x6f, 0x64, 0x65,
  0x6c, 0x5f, 0x33, 0x36, 0x2f, 0x74, 0x66, 0x2e, 0x6e, 0x6e, 0x2e, 0x72,
  0x65, 0x6c, 0x75, 0x5f, 0x36, 0x36, 0x2f, 0x52, 0x65, 0x6c, 0x75, 0x3b,
  0x6d, 0x6f, 0x64, 0x65, 0x6c, 0x5f, 0x33, 0x36, 0x2f, 0x74, 0x66, 0x2e,
  0x6d, 0x61, 0x74, 0x68, 0x2e, 0x61, 0x64, 0x64, 0x5f, 0x36, 0x36, 0x2f,
  0x41, 0x64, 0x64, 0x3b, 0x6d, 0x6f, 0x64, 0x65, 0x6c, 0x5f, 0x33, 0x36,
  0x2f, 0x74, 0x66, 0x2e, 0x6e, 0x6e, 0x2e, 0x63, 0x6f, 0x6e, 0x76, 0x6f,
  0x6c, 0x75, 0x74, 0x69, 0x6f, 0x6e, 0x5f, 0x36, 0x36, 0x2f, 0x63, 0x6f,
  0x6e, 0x76, 0x6f, 0x6c, 0x75, 0x74, 0x69, 0x6f, 0x6e, 0x3b, 0x43, 0x6f,
  0x6e, 0x73, 0x74, 0x5f, 0x39, 0x31, 0x00, 0x00, 0x04, 0x00, 0x00, 0x00,
  0x01, 0x00, 0x00, 0x00, 0x05, 0x00, 0x00, 0x00, 0x01, 0x00, 0x00, 0x00,
  0x10, 0x00, 0x00, 0x00, 0x62, 0xdf, 0xff, 0xff, 0x00, 0x00, 0x00, 0x01,
  0x14, 0x00, 0x00, 0x00, 0x30, 0x00, 0x00, 0x00, 0x1e, 0x00, 0x00, 0x00,
  0x00, 0x00, 0x00, 0x09, 0x94, 0x00, 0x00, 0x00, 0x4c, 0xdf, 0xff, 0xff,
  0x08, 0x00, 0x00, 0x00, 0x10, 0x00, 0x00, 0x00, 0x01, 0x00, 0x00, 0x00,
  0x80, 0xff, 0xff, 0xff, 0xff, 0xff, 0xff, 0xff, 0x01, 0x00, 0x00, 0x00,
  0x66, 0xd3, 0xc9, 0x3f, 0x6b, 0x00, 0x00, 0x00, 0x6d, 0x6f, 0x64, 0x65,
  0x6c, 0x5f, 0x33, 0x36, 0x2f, 0x74, 0x66, 0x2e, 0x6e, 0x6e, 0x2e, 0x72,
  0x65, 0x6c, 0x75, 0x5f, 0x36, 0x35, 0x2f, 0x52, 0x65, 0x6c, 0x75, 0x3b,
  0x6d, 0x6f, 0x64, 0x65, 0x6c, 0x5f, 0x33, 0x36, 0x2f, 0x74, 0x66, 0x2e,
  0x6d, 0x61, 0x74, 0x68, 0x2e, 0x61, 0x64, 0x64, 0x5f, 0x36, 0x35, 0x2f,
  0x41, 0x64, 0x64, 0x3b, 0x6d, 0x6f, 0x64, 0x65, 0x6c, 0x5f, 0x33, 0x36,
  0x2f, 0x74, 0x66, 0x2e, 0x6e, 0x6e, 0x2e, 0x63, 0x6f, 0x6e, 0x76, 0x6f,
  0x6c, 0x75, 0x74, 0x69, 0x6f, 0x6e, 0x5f, 0x36, 0x35, 0x2f, 0x63, 0x6f,
  0x6e, 0x76, 0x6f, 0x6c, 0x75, 0x74, 0x69, 0x6f, 0x6e, 0x3b, 0x43, 0x6f,
  0x6e, 0x73, 0x74, 0x5f, 0x31, 0x31, 0x31, 0x00, 0x04, 0x00, 0x00, 0x00,
  0x01, 0x00, 0x00, 0x00, 0x05, 0x00, 0x00, 0x00, 0x01, 0x00, 0x00, 0x00,
  0x10, 0x00, 0x00, 0x00, 0x22, 0xe0, 0xff, 0xff, 0x00, 0x00, 0x00, 0x01,
  0x14, 0x00, 0x00, 0x00, 0x30, 0x00, 0x00, 0x00, 0x1d, 0x00, 0x00, 0x00,
  0x00, 0x00, 0x00, 0x09, 0x94, 0x00, 0x00, 0x00, 0x0c, 0xe0, 0xff, 0xff,
  0x08, 0x00, 0x00, 0x00, 0x10, 0x00, 0x00, 0x00, 0x01, 0x00, 0x00, 0x00,
  0x80, 0xff, 0xff, 0xff, 0xff, 0xff, 0xff, 0xff, 0x01, 0x00, 0x00, 0x00,
  0x29, 0x28, 0x74, 0x3f, 0x6b, 0x00, 0x00, 0x00, 0x6d, 0x6f, 0x64, 0x65,
  0x6c, 0x5f, 0x33, 0x36, 0x2f, 0x74, 0x66, 0x2e, 0x6e, 0x6e, 0x2e, 0x72,
  0x65, 0x6c, 0x75, 0x5f, 0x36, 0x34, 0x2f, 0x52, 0x65, 0x6c, 0x75, 0x3b,
  0x6d, 0x6f, 0x64, 0x65, 0x6c, 0x5f, 0x33, 0x36, 0x2f, 0x74, 0x66, 0x2e,
  0x6d, 0x61, 0x74, 0x68, 0x2e, 0x61, 0x64, 0x64, 0x5f, 0x36, 0x34, 0x2f,
  0x41, 0x64, 0x64, 0x3b, 0x6d, 0x6f, 0x64, 0x65, 0x6c, 0x5f, 0x33, 0x36,
  0x2f, 0x74, 0x66, 0x2e, 0x6e, 0x6e, 0x2e, 0x63, 0x6f, 0x6e, 0x76, 0x6f,
  0x6c, 0x75, 0x74, 0x69, 0x6f, 0x6e, 0x5f, 0x36, 0x34, 0x2f, 0x63, 0x6f,
  0x6e, 0x76, 0x6f, 0x6c, 0x75, 0x74, 0x69, 0x6f, 0x6e, 0x3b, 0x43, 0x6f,
  0x6e, 0x73, 0x74, 0x5f, 0x31, 0x33, 0x31, 0x00, 0x04, 0x00, 0x00, 0x00,
  0x01, 0x00, 0x00, 0x00, 0x05, 0x00, 0x00, 0x00, 0x01, 0x00, 0x00, 0x00,
  0x10, 0x00, 0x00, 0x00, 0xe2, 0xe0, 0xff, 0xff, 0x00, 0x00, 0x00, 0x01,
  0x14, 0x00, 0x00, 0x00, 0x30, 0x00, 0x00, 0x00, 0x1c, 0x00, 0x00, 0x00,
  0x00, 0x00, 0x00, 0x09, 0x94, 0x00, 0x00, 0x00, 0xcc, 0xe0, 0xff, 0xff,
  0x08, 0x00, 0x00, 0x00, 0x10, 0x00, 0x00, 0x00, 0x01, 0x00, 0x00, 0x00,
  0x80, 0xff, 0xff, 0xff, 0xff, 0xff, 0xff, 0xff, 0x01, 0x00, 0x00, 0x00,
  0x01, 0x84, 0x58, 0x3f, 0x6b, 0x00, 0x00, 0x00, 0x6d, 0x6f, 0x64, 0x65,
  0x6c, 0x5f, 0x33, 0x36, 0x2f, 0x74, 0x66, 0x2e, 0x6e, 0x6e, 0x2e, 0x72,
  0x65, 0x6c, 0x75, 0x5f, 0x36, 0x33, 0x2f, 0x52, 0x65, 0x6c, 0x75, 0x3b,
  0x6d, 0x6f, 0x64, 0x65, 0x6c, 0x5f, 0x33, 0x36, 0x2f, 0x74, 0x66, 0x2e,
  0x6d, 0x61, 0x74, 0x68, 0x2e, 0x61, 0x64, 0x64, 0x5f, 0x36, 0x33, 0x2f,
  0x41, 0x64, 0x64, 0x3b, 0x6d, 0x6f, 0x64, 0x65, 0x6c, 0x5f, 0x33, 0x36,
  0x2f, 0x74, 0x66, 0x2e, 0x6e, 0x6e, 0x2e, 0x63, 0x6f, 0x6e, 0x76, 0x6f,
  0x6c, 0x75, 0x74, 0x69, 0x6f, 0x6e, 0x5f, 0x36, 0x33, 0x2f, 0x63, 0x6f,
  0x6e, 0x76, 0x6f, 0x6c, 0x75, 0x74, 0x69, 0x6f, 0x6e, 0x3b, 0x43, 0x6f,
  0x6e, 0x73, 0x74, 0x5f, 0x31, 0x35, 0x31, 0x00, 0x04, 0x00, 0x00, 0x00,
  0x01, 0x00, 0x00, 0x00, 0x05, 0x00, 0x00, 0x00, 0x01, 0x00, 0x00, 0x00,
  0x10, 0x00, 0x00, 0x00, 0xa2, 0xe1, 0xff, 0xff, 0x00, 0x00, 0x00, 0x01,
  0x14, 0x00, 0x00, 0x00, 0x30, 0x00, 0x00, 0x00, 0x1b, 0x00, 0x00, 0x00,
  0x00, 0x00, 0x00, 0x09, 0x94, 0x00, 0x00, 0x00, 0x8c, 0xe1, 0xff, 0xff,
  0x08, 0x00, 0x00, 0x00, 0x10, 0x00, 0x00, 0x00, 0x01, 0x00, 0x00, 0x00,
  0x80, 0xff, 0xff, 0xff, 0xff, 0xff, 0xff, 0xff, 0x01, 0x00, 0x00, 0x00,
  0x9a, 0xa2, 0x29, 0x3f, 0x6b, 0x00, 0x00, 0x00, 0x6d, 0x6f, 0x64, 0x65,
  0x6c, 0x5f, 0x33, 0x36, 0x2f, 0x74, 0x66, 0x2e, 0x6e, 0x6e, 0x2e, 0x72,
  0x65, 0x6c, 0x75, 0x5f, 0x36, 0x32, 0x2f, 0x52, 0x65, 0x6c, 0x75, 0x3b,
  0x6d, 0x6f, 0x64, 0x65, 0x6c, 0x5f, 0x33, 0x36, 0x2f, 0x74, 0x66, 0x2e,
  0x6d, 0x61, 0x74, 0x68, 0x2e, 0x61, 0x64, 0x64, 0x5f, 0x36, 0x32, 0x2f,
  0x41, 0x64, 0x64, 0x3b, 0x6d, 0x6f, 0x64, 0x65, 0x6c, 0x5f, 0x33, 0x36,
  0x2f, 0x74, 0x66, 0x2e, 0x6e, 0x6e, 0x2e, 0x63, 0x6f, 0x6e, 0x76, 0x6f,
  0x6c, 0x75, 0x74, 0x69, 0x6f, 0x6e, 0x5f, 0x36, 0x32, 0x2f, 0x63, 0x6f,
  0x6e, 0x76, 0x6f, 0x6c, 0x75, 0x74, 0x69, 0x6f, 0x6e, 0x3b, 0x43, 0x6f,
  0x6e, 0x73, 0x74, 0x5f, 0x31, 0x37, 0x31, 0x00, 0x04, 0x00, 0x00, 0x00,
  0x01, 0x00, 0x00, 0x00, 0x05, 0x00, 0x00, 0x00, 0x01, 0x00, 0x00, 0x00,
  0x10, 0x00, 0x00, 0x00, 0x62, 0xe2, 0xff, 0xff, 0x00, 0x00, 0x00, 0x01,
  0x14, 0x00, 0x00, 0x00, 0x30, 0x00, 0x00, 0x00, 0x1a, 0x00, 0x00, 0x00,
  0x00, 0x00, 0x00, 0x09, 0x94, 0x00, 0x00, 0x00, 0x4c, 0xe2, 0xff, 0xff,
  0x08, 0x00, 0x00, 0x00, 0x10, 0x00, 0x00, 0x00, 0x01, 0x00, 0x00, 0x00,
  0x80, 0xff, 0xff, 0xff, 0xff, 0xff, 0xff, 0xff, 0x01, 0x00, 0x00, 0x00,
  0x48, 0x1b, 0x23, 0x3f, 0x6b, 0x00, 0x00, 0x00, 0x6d, 0x6f, 0x64, 0x65,
  0x6c, 0x5f, 0x33, 0x36, 0x2f, 0x74, 0x66, 0x2e, 0x6e, 0x6e, 0x2e, 0x72,
  0x65, 0x6c, 0x75, 0x5f, 0x36, 0x31, 0x2f, 0x52, 0x65, 0x6c, 0x75, 0x3b,
  0x6d, 0x6f, 0x64, 0x65, 0x6c, 0x5f, 0x33, 0x36, 0x2f, 0x74, 0x66, 0x2e,
  0x6d, 0x61, 0x74, 0x68, 0x2e, 0x61, 0x64, 0x64, 0x5f, 0x36, 0x31, 0x2f,
  0x41, 0x64, 0x64, 0x3b, 0x6d, 0x6f, 0x64, 0x65, 0x6c, 0x5f, 0x33, 0x36,
  0x2f, 0x74, 0x66, 0x2e, 0x6e, 0x6e, 0x2e, 0x63, 0x6f, 0x6e, 0x76, 0x6f,
  0x6c, 0x75, 0x74, 0x69, 0x6f, 0x6e, 0x5f, 0x36, 0x31, 0x2f, 0x63, 0x6f,
  0x6e, 0x76, 0x6f, 0x6c, 0x75, 0x74, 0x69, 0x6f, 0x6e, 0x3b, 0x43, 0x6f,
  0x6e, 0x73, 0x74, 0x5f, 0x31, 0x39, 0x31, 0x00, 0x04, 0x00, 0x00, 0x00,
  0x01, 0x00, 0x00, 0x00, 0x05, 0x00, 0x00, 0x00, 0x01, 0x00, 0x00, 0x00,
  0x10, 0x00, 0x00, 0x00, 0x22, 0xe3, 0xff, 0xff, 0x00, 0x00, 0x00, 0x01,
  0x14, 0x00, 0x00, 0x00, 0x30, 0x00, 0x00, 0x00, 0x19, 0x00, 0x00, 0x00,
  0x00, 0x00, 0x00, 0x09, 0x94, 0x00, 0x00, 0x00, 0x0c, 0xe3, 0xff, 0xff,
  0x08, 0x00, 0x00, 0x00, 0x10, 0x00, 0x00, 0x00, 0x01, 0x00, 0x00, 0x00,
  0x80, 0xff, 0xff, 0xff, 0xff, 0xff, 0xff, 0xff, 0x01, 0x00, 0x00, 0x00,
  0xc7, 0xec, 0x32, 0x3f, 0x6b, 0x00, 0x00, 0x00, 0x6d, 0x6f, 0x64, 0x65,
  0x6c, 0x5f, 0x33, 0x36, 0x2f, 0x74, 0x66, 0x2e, 0x6e, 0x6e, 0x2e, 0x72,
  0x65, 0x6c, 0x75, 0x5f, 0x36, 0x30, 0x2f, 0x52, 0x65, 0x6c, 0x75, 0x3b,
  0x6d, 0x6f, 0x64, 0x65, 0x6c, 0x5f, 0x33, 0x36, 0x2f, 0x74, 0x66, 0x2e,
  0x6d, 0x61, 0x74, 0x68, 0x2e, 0x61, 0x64, 0x64, 0x5f, 0x36, 0x30, 0x2f,
  0x41, 0x64, 0x64, 0x3b, 0x6d, 0x6f, 0x64, 0x65, 0x6c, 0x5f, 0x33, 0x36,
  0x2f, 0x74, 0x66, 0x2e, 0x6e, 0x6e, 0x2e, 0x63, 0x6f, 0x6e, 0x76, 0x6f,
  0x6c, 0x75, 0x74, 0x69, 0x6f, 0x6e, 0x5f, 0x36, 0x30, 0x2f, 0x63, 0x6f,
  0x6e, 0x76, 0x6f, 0x6c, 0x75, 0x74, 0x69, 0x6f, 0x6e, 0x3b, 0x43, 0x6f,
  0x6e, 0x73, 0x74, 0x5f, 0x32, 0x31, 0x31, 0x00, 0x04, 0x00, 0x00, 0x00,
  0x01, 0x00, 0x00, 0x00, 0x05, 0x00, 0x00, 0x00, 0x01, 0x00, 0x00, 0x00,
  0x10, 0x00, 0x00, 0x00, 0xe2, 0xe3, 0xff, 0xff, 0x00, 0x00, 0x00, 0x01,
  0x14, 0x00, 0x00, 0x00, 0xe8, 0x00, 0x00, 0x00, 0x18, 0x00, 0x00, 0x00,
  0x00, 0x00, 0x00, 0x09, 0x0c, 0x01, 0x00, 0x00, 0xcc, 0xe3, 0xff, 0xff,
  0x08, 0x00, 0x00, 0x00, 0x8c, 0x00, 0x00, 0x00, 0x10, 0x00, 0x00, 0x00,
  0x00, 0x00, 0x00, 0x00, 0x00, 0x00, 0x00, 0x00, 0x00, 0x00, 0x00, 0x00,
  0x00, 0x00, 0x00, 0x00, 0x00, 0x00, 0x00, 0x00, 0x00, 0x00, 0x00, 0x00,
  0x00, 0x00, 0x00, 0x00, 0x00, 0x00, 0x00, 0x00, 0x00, 0x00, 0x00, 0x00,
  0x00, 0x00, 0x00, 0x00, 0x00, 0x00, 0x00, 0x00, 0x00, 0x00, 0x00, 0x00,
  0x00, 0x00, 0x00, 0x00, 0x00, 0x00, 0x00, 0x00, 0x00, 0x00, 0x00, 0x00,
  0x00, 0x00, 0x00, 0x00, 0x00, 0x00, 0x00, 0x00, 0x00, 0x00, 0x00, 0x00,
  0x00, 0x00, 0x00, 0x00, 0x00, 0x00, 0x00, 0x00, 0x00, 0x00, 0x00, 0x00,
  0x00, 0x00, 0x00, 0x00, 0x00, 0x00, 0x00, 0x00, 0x00, 0x00, 0x00, 0x00,
  0x00, 0x00, 0x00, 0x00, 0x00, 0x00, 0x00, 0x00, 0x00, 0x00, 0x00, 0x00,
  0x00, 0x00, 0x00, 0x00, 0x00, 0x00, 0x00, 0x00, 0x00, 0x00, 0x00, 0x00,
  0x00, 0x00, 0x00, 0x00, 0x00, 0x00, 0x00, 0x00, 0x00, 0x00, 0x00, 0x00,
  0x10, 0x00, 0x00, 0x00, 0x7c, 0x58, 0xe7, 0x3a, 0x12, 0xec, 0xd4, 0x3a,
  0x14, 0xef, 0xb9, 0x3a, 0xa1, 0x70, 0xe4, 0x3a, 0x16, 0xf4, 0xbb, 0x3a,
  0x1d, 0xa4, 0xd5, 0x3a, 0xa8, 0xd2, 0xef, 0x3a, 0x77, 0x1d, 0xd7, 0x3a,
  0x69, 0x02, 0xde, 0x3a, 0x15, 0x92, 0xd9, 0x3a, 0xb6, 0x5f, 0xd4, 0x3a,
  0xf0, 0x21, 0xca, 0x3a, 0x13, 0xd4, 0xd5, 0x3a, 0x21, 0x32, 0xdc, 0x3a,
  0xd5, 0x03, 0xb6, 0x3a, 0x84, 0x78, 0xd2, 0x3a, 0x29, 0x00, 0x00, 0x00,
  0x6d, 0x6f, 0x64, 0x65, 0x6c, 0x5f, 0x33, 0x36, 0x2f, 0x74, 0x66, 0x2e,
  0x6e, 0x6e, 0x2e, 0x63, 0x6f, 0x6e, 0x76, 0x6f, 0x6c, 0x75, 0x74, 0x69,
  0x6f, 0x6e, 0x5f, 0x36, 0x30, 0x2f, 0x63, 0x6f, 0x6e, 0x76, 0x6f, 0x6c,
  0x75, 0x74, 0x69, 0x6f, 0x6e, 0x00, 0x00, 0x00, 0x04, 0x00, 0x00, 0x00,
  0x10, 0x00, 0x00, 0x00, 0x03, 0x00, 0x00, 0x00, 0x01, 0x00, 0x00, 0x00,
  0x09, 0x00, 0x00, 0x00, 0x1a, 0xe5, 0xff, 0xff, 0x00, 0x00, 0x00, 0x01,
  0x14, 0x00, 0x00, 0x00, 0xe4, 0x00, 0x00, 0x00, 0x17, 0x00, 0x00, 0x00,
  0x00, 0x00, 0x00, 0x02, 0x48, 0x01, 0x00, 0x00, 0x04, 0xe5, 0xff, 0xff,
  0x08, 0x00, 0x00, 0x00, 0x88, 0x00, 0x00, 0x00, 0x10, 0x00, 0x00, 0x00,
  0x00, 0x00, 0x00, 0x00, 0x00, 0x00, 0x00, 0x00, 0x00, 0x00, 0x00, 0x00,
  0x00, 0x00, 0x00, 0x00, 0x00, 0x00, 0x00, 0x00, 0x00, 0x00, 0x00, 0x00,
  0x00, 0x00, 0x00, 0x00, 0x00, 0x00, 0x00, 0x00, 0x00, 0x00, 0x00, 0x00,
  0x00, 0x00, 0x00, 0x00, 0x00, 0x00, 0x00, 0x00, 0x00, 0x00, 0x00, 0x00,
  0x00, 0x00, 0x00, 0x00, 0x00, 0x00, 0x00, 0x00, 0x00, 0x00, 0x00, 0x00,
  0x00, 0x00, 0x00, 0x00, 0x00, 0x00, 0x00, 0x00, 0x00, 0x00, 0x00, 0x00,
  0x00, 0x00, 0x00, 0x00, 0x00, 0x00, 0x00, 0x00, 0x00, 0x00, 0x00, 0x00,
  0x00, 0x00, 0x00, 0x00, 0x00, 0x00, 0x00, 0x00, 0x00, 0x00, 0x00, 0x00,
  0x00, 0x00, 0x00, 0x00, 0x00, 0x00, 0x00, 0x00, 0x00, 0x00, 0x00, 0x00,
  0x00, 0x00, 0x00, 0x00, 0x00, 0x00, 0x00, 0x00, 0x00, 0x00, 0x00, 0x00,
  0x00, 0x00, 0x00, 0x00, 0x00, 0x00, 0x00, 0x00, 0x10, 0x00, 0x00, 0x00,
  0xa9, 0xe7, 0x5d, 0x3b, 0xb7, 0x3b, 0x4c, 0x3b, 0xaa, 0x58, 0x32, 0x3b,
  0x29, 0x1e, 0x5b, 0x3b, 0x92, 0x48, 0x34, 0x3b, 0x3f, 0xec, 0x4c, 0x3b,
  0x46, 0x09, 0x66, 0x3b, 0x33, 0x56, 0x4e, 0x3b, 0x1f, 0xf3, 0x54, 0x3b,
  0x2a, 0xb1, 0x50, 0x3b, 0x15, 0xb5, 0x4b, 0x3b, 0x4c, 0xe2, 0x41, 0x3b,
  0x40, 0x1a, 0x4d, 0x3b, 0xc9, 0x35, 0x53, 0x3b, 0x5b, 0x96, 0x2e, 0x3b,
  0xc5, 0xe1, 0x49, 0x3b, 0x6a, 0x00, 0x00, 0x00, 0x6d, 0x6f, 0x64, 0x65,
  0x6c, 0x5f, 0x33, 0x36, 0x2f, 0x74, 0x66, 0x2e, 0x6e, 0x6e, 0x2e, 0x72,
  0x65, 0x6c, 0x75, 0x5f, 0x36, 0x30, 0x2f, 0x52, 0x65, 0x6c, 0x75, 0x3b,
  0x6d, 0x6f, 0x64, 0x65, 0x6c, 0x5f, 0x33, 0x36, 0x2f, 0x74, 0x66, 0x2e,
  0x6d, 0x61, 0x74, 0x68, 0x2e, 0x61, 0x64, 0x64, 0x5f, 0x36, 0x30, 0x2f,
  0x41, 0x64, 0x64, 0x3b, 0x6d, 0x6f, 0x64, 0x65, 0x6c, 0x5f, 0x33, 0x36,
  0x2f, 0x74, 0x66, 0x2e, 0x6e, 0x6e, 0x2e, 0x63, 0x6f, 0x6e, 0x76, 0x6f,
  0x6c, 0x75, 0x74, 0x69, 0x6f, 0x6e, 0x5f, 0x36, 0x30, 0x2f, 0x63, 0x6f,
  0x6e, 0x76, 0x6f, 0x6c, 0x75, 0x74, 0x69, 0x6f, 0x6e, 0x3b, 0x43, 0x6f,
  0x6e, 0x73, 0x74, 0x5f, 0x32, 0x31, 0x00, 0x00, 0x01, 0x00, 0x00, 0x00,
  0x10, 0x00, 0x00, 0x00, 0x82, 0xe6, 0xff, 0xff, 0x00, 0x00, 0x00, 0x01,
  0x14, 0x00, 0x00, 0x00, 0xe8, 0x00, 0x00, 0x00, 0x16, 0x00, 0x00, 0x00,
  0x00, 0x00, 0x00, 0x09, 0x0c, 0x01, 0x00, 0x00, 0x6c, 0xe6, 0xff, 0xff,
  0x08, 0x00, 0x00, 0x00, 0x8c, 0x00, 0x00, 0x00, 0x10, 0x00, 0x00, 0x00,
  0x00, 0x00, 0x00, 0x00, 0x00, 0x00, 0x00, 0x00, 0x00, 0x00, 0x00, 0x00,
  0x00, 0x00, 0x00, 0x00, 0x00, 0x00, 0x00, 0x00, 0x00, 0x00, 0x00, 0x00,
  0x00, 0x00, 0x00, 0x00, 0x00, 0x00, 0x00, 0x00, 0x00, 0x00, 0x00, 0x00,
  0x00, 0x00, 0x00, 0x00, 0x00, 0x00, 0x00, 0x00, 0x00, 0x00, 0x00, 0x00,
  0x00, 0x00, 0x00, 0x00, 0x00, 0x00, 0x00, 0x00, 0x00, 0x00, 0x00, 0x00,
  0x00, 0x00, 0x00, 0x00, 0x00, 0x00, 0x00, 0x00, 0x00, 0x00, 0x00, 0x00,
  0x00, 0x00, 0x00, 0x00, 0x00, 0x00, 0x00, 0x00, 0x00, 0x00, 0x00, 0x00,
  0x00, 0x00, 0x00, 0x00, 0x00, 0x00, 0x00, 0x00, 0x00, 0x00, 0x00, 0x00,
  0x00, 0x00, 0x00, 0x00, 0x00, 0x00, 0x00, 0x00, 0x00, 0x00, 0x00, 0x00,
  0x00, 0x00, 0x00, 0x00, 0x00, 0x00, 0x00, 0x00, 0x00, 0x00, 0x00, 0x00,
  0x00, 0x00, 0x00, 0x00, 0x00, 0x00, 0x00, 0x00, 0x00, 0x00, 0x00, 0x00,
  0x10, 0x00, 0x00, 0x00, 0xfd, 0xab, 0x9e, 0x3a, 0xda, 0x1a, 0xb2, 0x3a,
  0xf5, 0x94, 0xa6, 0x3a, 0x11, 0x7f, 0xaf, 0x3a, 0xda, 0x84, 0xad, 0x3a,
  0xa6, 0x9c, 0xa3, 0x3a, 0xde, 0xf4, 0xa9, 0x3a, 0x2a, 0x5b, 0xa4, 0x3a,
  0x5e, 0x5b, 0xab, 0x3a, 0xdc, 0xd6, 0xa5, 0x3a, 0x10, 0x57, 0xa4, 0x3a,
  0xf6, 0x5e, 0xac, 0x3a, 0x90, 0x76, 0xb1, 0x3a, 0x1a, 0x94, 0x98, 0x3a,
  0x11, 0x65, 0xaf, 0x3a, 0x01, 0xf3, 0xac, 0x3a, 0x29, 0x00, 0x00, 0x00,
  0x6d, 0x6f, 0x64, 0x65, 0x6c, 0x5f, 0x33, 0x36, 0x2f, 0x74, 0x66, 0x2e,
  0x6e, 0x6e, 0x2e, 0x63, 0x6f, 0x6e, 0x76, 0x6f, 0x6c, 0x75, 0x74, 0x69,
  0x6f, 0x6e, 0x5f, 0x36, 0x31, 0x2f, 0x63, 0x6f, 0x6e, 0x76, 0x6f, 0x6c,
  0x75, 0x74, 0x69, 0x6f, 0x6e, 0x00, 0x00, 0x00, 0x04, 0x00, 0x00, 0x00,
  0x10, 0x00, 0x00, 0x00, 0x03, 0x00, 0x00, 0x00, 0x01, 0x00, 0x00, 0x00,
  0x10, 0x00, 0x00, 0x00, 0xba, 0xe7, 0xff, 0xff, 0x00, 0x00, 0x00, 0x01,
  0x14, 0x00, 0x00, 0x00, 0xe4, 0x00, 0x00, 0x00, 0x15, 0x00, 0x00, 0x00,
  0x00, 0x00, 0x00, 0x02, 0x48, 0x01, 0x00, 0x00, 0xa4, 0xe7, 0xff, 0xff,
  0x08, 0x00, 0x00, 0x00, 0x88, 0x00, 0x00, 0x00, 0x10, 0x00, 0x00, 0x00,
  0x00, 0x00, 0x00, 0x00, 0x00, 0x00, 0x00, 0x00, 0x00, 0x00, 0x00, 0x00,
  0x00, 0x00, 0x00, 0x00, 0x00, 0x00, 0x00, 0x00, 0x00, 0x00, 0x00, 0x00,
  0x00, 0x00, 0x00, 0x00, 0x00, 0x00, 0x00, 0x00, 0x00, 0x00, 0x00, 0x00,
  0x00, 0x00, 0x00, 0x00, 0x00, 0x00, 0x00, 0x00, 0x00, 0x00, 0x00, 0x00,
  0x00, 0x00, 0x00, 0x00, 0x00, 0x00, 0x00, 0x00, 0x00, 0x00, 0x00, 0x00,
  0x00, 0x00, 0x00, 0x00, 0x00, 0x00, 0x00, 0x00, 0x00, 0x00, 0x00, 0x00,
  0x00, 0x00, 0x00, 0x00, 0x00, 0x00, 0x00, 0x00, 0x00, 0x00, 0x00, 0x00,
  0x00, 0x00, 0x00, 0x00, 0x00, 0x00, 0x00, 0x00, 0x00, 0x00, 0x00, 0x00,
  0x00, 0x00, 0x00, 0x00, 0x00, 0x00, 0x00, 0x00, 0x00, 0x00, 0x00, 0x00,
  0x00, 0x00, 0x00, 0x00, 0x00, 0x00, 0x00, 0x00, 0x00, 0x00, 0x00, 0x00,
  0x00, 0x00, 0x00, 0x00, 0x00, 0x00, 0x00, 0x00, 0x10, 0x00, 0x00, 0x00,
  0xb0, 0xcc, 0x5d, 0x3a, 0xce, 0xf6, 0x78, 0x3a, 0x4a, 0xdb, 0x68, 0x3a,
  0x57, 0x51, 0x75, 0x3a, 0xba, 0x8d, 0x72, 0x3a, 0x7e, 0xb4, 0x64, 0x3a,
  0xe8, 0x92, 0x6d, 0x3a, 0xce, 0xbe, 0x65, 0x3a, 0x0a, 0x88, 0x6f, 0x3a,
  0x90, 0xd1, 0x67, 0x3a, 0x12, 0xb9, 0x65, 0x3a, 0xe9, 0xf2, 0x70, 0x3a,
  0x27, 0x11, 0x78, 0x3a, 0x32, 0x48, 0x55, 0x3a, 0xff, 0x2c, 0x75, 0x3a,
  0xda, 0xc1, 0x71, 0x3a, 0x6a, 0x00, 0x00, 0x00, 0x6d, 0x6f, 0x64, 0x65,
  0x6c, 0x5f, 0x33, 0x36, 0x2f, 0x74, 0x66, 0x2e, 0x6e, 0x6e, 0x2e, 0x72,
  0x65, 0x6c, 0x75, 0x5f, 0x36, 0x31, 0x2f, 0x52, 0x65, 0x6c, 0x75, 0x3b,
  0x6d, 0x6f, 0x64, 0x65, 0x6c, 0x5f, 0x33, 0x36, 0x2f, 0x74, 0x66, 0x2e,
  0x6d, 0x61, 0x74, 0x68, 0x2e, 0x61, 0x64, 0x64, 0x5f, 0x36, 0x31, 0x2f,
  0x41, 0x64, 0x64, 0x3b, 0x6d, 0x6f, 0x64, 0x65, 0x6c, 0x5f, 0x33, 0x36,
  0x2f, 0x74, 0x66, 0x2e, 0x6e, 0x6e, 0x2e, 0x63, 0x6f, 0x6e, 0x76, 0x6f,
  0x6c, 0x75, 0x74, 0x69, 0x6f, 0x6e, 0x5f, 0x36, 0x31, 0x2f, 0x63, 0x6f,
  0x6e, 0x76, 0x6f, 0x6c, 0x75, 0x74, 0x69, 0x6f, 0x6e, 0x3b, 0x43, 0x6f,
  0x6e, 0x73, 0x74, 0x5f, 0x31, 0x39, 0x00, 0x00, 0x01, 0x00, 0x00, 0x00,
  0x10, 0x00, 0x00, 0x00, 0x22, 0xe9, 0xff, 0xff, 0x00, 0x00, 0x00, 0x01,
  0x14, 0x00, 0x00, 0x00, 0xe8, 0x00, 0x00, 0x00, 0x14, 0x00, 0x00, 0x00,
  0x00, 0x00, 0x00, 0x09, 0x0c, 0x01, 0x00, 0x00, 0x0c, 0xe9, 0xff, 0xff,
  0x08, 0x00, 0x00, 0x00, 0x8c, 0x00, 0x00, 0x00, 0x10, 0x00, 0x00, 0x00,
  0x00, 0x00, 0x00, 0x00, 0x00, 0x00, 0x00, 0x00, 0x00, 0x00, 0x00, 0x00,
  0x00, 0x00, 0x00, 0x00, 0x00, 0x00, 0x00, 0x00, 0x00, 0x00, 0x00, 0x00,
  0x00, 0x00, 0x00, 0x00, 0x00, 0x00, 0x00, 0x00, 0x00, 0x00, 0x00, 0x00,
  0x00, 0x00, 0x00, 0x00, 0x00, 0x00, 0x00, 0x00, 0x00, 0x00, 0x00, 0x00,
  0x00, 0x00, 0x00, 0x00, 0x00, 0x00, 0x00, 0x00, 0x00, 0x00, 0x00, 0x00,
  0x00, 0x00, 0x00, 0x00, 0x00, 0x00, 0x00, 0x00, 0x00, 0x00, 0x00, 0x00,
  0x00, 0x00, 0x00, 0x00, 0x00, 0x00, 0x00, 0x00, 0x00, 0x00, 0x00, 0x00,
  0x00, 0x00, 0x00, 0x00, 0x00, 0x00, 0x00, 0x00, 0x00, 0x00, 0x00, 0x00,
  0x00, 0x00, 0x00, 0x00, 0x00, 0x00, 0x00, 0x00, 0x00, 0x00, 0x00, 0x00,
  0x00, 0x00, 0x00, 0x00, 0x00, 0x00, 0x00, 0x00, 0x00, 0x00, 0x00, 0x00,
  0x00, 0x00, 0x00, 0x00, 0x00, 0x00, 0x00, 0x00, 0x00, 0x00, 0x00, 0x00,
  0x10, 0x00, 0x00, 0x00, 0x8e, 0x98, 0xa8, 0x3a, 0xb8, 0x53, 0xb0, 0x3a,
  0x5a, 0x1d, 0xaf, 0x3a, 0x4e, 0xd6, 0xad, 0x3a, 0x4e, 0x7d, 0xa6, 0x3a,
  0x25, 0xdc, 0xab, 0x3a, 0x2f, 0x10, 0xa9, 0x3a, 0x22, 0x52, 0xad, 0x3a,
  0xa6, 0xd5, 0x97, 0x3a, 0x82, 0xa8, 0xae, 0x3a, 0x1c, 0x77, 0xb1, 0x3a,
  0x33, 0x24, 0xa7, 0x3a, 0xc9, 0xa9, 0xb0, 0x3a, 0xc5, 0x5f, 0x95, 0x3a,
  0xb7, 0xe5, 0xae, 0x3a, 0xb3, 0xee, 0xae, 0x3a, 0x29, 0x00, 0x00, 0x00,
  0x6d, 0x6f, 0x64, 0x65, 0x6c, 0x5f, 0x33, 0x36, 0x2f, 0x74, 0x66, 0x2e,
  0x6e, 0x6e, 0x2e, 0x63, 0x6f, 0x6e, 0x76, 0x6f, 0x6c, 0x75, 0x74, 0x69,
  0x6f, 0x6e, 0x5f, 0x36, 0x32, 0x2f, 0x63, 0x6f, 0x6e, 0x76, 0x6f, 0x6c,
  0x75, 0x74, 0x69, 0x6f, 0x6e, 0x00, 0x00, 0x00, 0x04, 0x00, 0x00, 0x00,
  0x10, 0x00, 0x00, 0x00, 0x03, 0x00, 0x00, 0x00, 0x01, 0x00, 0x00, 0x00,
  0x10, 0x00, 0x00, 0x00, 0x5a, 0xea, 0xff, 0xff, 0x00, 0x00, 0x00, 0x01,
  0x14, 0x00, 0x00, 0x00, 0xe4, 0x00, 0x00, 0x00, 0x13, 0x00, 0x00, 0x00,
  0x00, 0x00, 0x00, 0x02, 0x48, 0x01, 0x00, 0x00, 0x44, 0xea, 0xff, 0xff,
  0x08, 0x00, 0x00, 0x00, 0x88, 0x00, 0x00, 0x00, 0x10, 0x00, 0x00, 0x00,
  0x00, 0x00, 0x00, 0x00, 0x00, 0x00, 0x00, 0x00, 0x00, 0x00, 0x00, 0x00,
  0x00, 0x00, 0x00, 0x00, 0x00, 0x00, 0x00, 0x00, 0x00, 0x00, 0x00, 0x00,
  0x00, 0x00, 0x00, 0x00, 0x00, 0x00, 0x00, 0x00, 0x00, 0x00, 0x00, 0x00,
  0x00, 0x00, 0x00, 0x00, 0x00, 0x00, 0x00, 0x00, 0x00, 0x00, 0x00, 0x00,
  0x00, 0x00, 0x00, 0x00, 0x00, 0x00, 0x00, 0x00, 0x00, 0x00, 0x00, 0x00,
  0x00, 0x00, 0x00, 0x00, 0x00, 0x00, 0x00, 0x00, 0x00, 0x00, 0x00, 0x00,
  0x00, 0x00, 0x00, 0x00, 0x00, 0x00, 0x00, 0x00, 0x00, 0x00, 0x00, 0x00,
  0x00, 0x00, 0x00, 0x00, 0x00, 0x00, 0x00, 0x00, 0x00, 0x00, 0x00, 0x00,
  0x00, 0x00, 0x00, 0x00, 0x00, 0x00, 0x00, 0x00, 0x00, 0x00, 0x00, 0x00,
  0x00, 0x00, 0x00, 0x00, 0x00, 0x00, 0x00, 0x00, 0x00, 0x00, 0x00, 0x00,
  0x00, 0x00, 0x00, 0x00, 0x00, 0x00, 0x00, 0x00, 0x10, 0x00, 0x00, 0x00,
  0x34, 0xd6, 0x56, 0x3a, 0x31, 0xb0, 0x60, 0x3a, 0xb3, 0x24, 0x5f, 0x3a,
  0xf4, 0x83, 0x5d, 0x3a, 0x0d, 0x27, 0x54, 0x3a, 0xf8, 0xfe, 0x5a, 0x3a,
  0xa4, 0x6e, 0x57, 0x3a, 0x88, 0xdb, 0x5c, 0x3a, 0x6e, 0x7a, 0x41, 0x3a,
  0xcf, 0x8f, 0x5e, 0x3a, 0x81, 0x23, 0x62, 0x3a, 0xb9, 0xfb, 0x54, 0x3a,
  0xdd, 0x1d, 0x61, 0x3a, 0xcb, 0x57, 0x3e, 0x3a, 0xce, 0xdd, 0x5e, 0x3a,
  0x41, 0xe9, 0x5e, 0x3a, 0x6a, 0x00, 0x00, 0x00, 0x6d, 0x6f, 0x64, 0x65,
  0x6c, 0x5f, 0x33, 0x36, 0x2f, 0x74, 0x66, 0x2e, 0x6e, 0x6e, 0x2e, 0x72,
  0x65, 0x6c, 0x75, 0x5f, 0x36, 0x32, 0x2f, 0x52, 0x65, 0x6c, 0x75, 0x3b,
  0x6d, 0x6f, 0x64, 0x65, 0x6c, 0x5f, 0x33, 0x36, 0x2f, 0x74, 0x66, 0x2e,
  0x6d, 0x61, 0x74, 0x68, 0x2e, 0x61, 0x64, 0x64, 0x5f, 0x36, 0x32, 0x2f,
  0x41, 0x64, 0x64, 0x3b, 0x6d, 0x6f, 0x64, 0x65, 0x6c, 0x5f, 0x33, 0x36,
  0x2f, 0x74, 0x66, 0x2e, 0x6e, 0x6e, 0x2e, 0x63, 0x6f, 0x6e, 0x76, 0x6f,
  0x6c, 0x75, 0x74, 0x69, 0x6f, 0x6e, 0x5f, 0x36, 0x32, 0x2f, 0x63, 0x6f,
  0x6e, 0x76, 0x6f, 0x6c, 0x75, 0x74, 0x69, 0x6f, 0x6e, 0x3b, 0x43, 0x6f,
  0x6e, 0x73, 0x74, 0x5f, 0x31, 0x37, 0x00, 0x00, 0x01, 0x00, 0x00, 0x00,
  0x10, 0x00, 0x00, 0x00, 0xc2, 0xeb, 0xff, 0xff, 0x00, 0x00, 0x00, 0x01,
  0x14, 0x00, 0x00, 0x00, 0xe8, 0x00, 0x00, 0x00, 0x12, 0x00, 0x00, 0x00,
  0x00, 0x00, 0x00, 0x09, 0x0c, 0x01, 0x00, 0x00, 0xac, 0xeb, 0xff, 0xff,
  0x08, 0x00, 0x00, 0x00, 0x8c, 0x00, 0x00, 0x00, 0x10, 0x00, 0x00, 0x00,
  0x00, 0x00, 0x00, 0x00, 0x00, 0x00, 0x00, 0x00, 0x00, 0x00, 0x00, 0x00,
  0x00, 0x00, 0x00, 0x00, 0x00, 0x00, 0x00, 0x00, 0x00, 0x00, 0x00, 0x00,
  0x00, 0x00, 0x00, 0x00, 0x00, 0x00, 0x00, 0x00, 0x00, 0x00, 0x00, 0x00,
  0x00, 0x00, 0x00, 0x00, 0x00, 0x00, 0x00, 0x00, 0x00, 0x00, 0x00, 0x00,
  0x00, 0x00, 0x00, 0x00, 0x00, 0x00, 0x00, 0x00, 0x00, 0x00, 0x00, 0x00,
  0x00, 0x00, 0x00, 0x00, 0x00, 0x00, 0x00, 0x00, 0x00, 0x00, 0x00, 0x00,
  0x00, 0x00, 0x00, 0x00, 0x00, 0x00, 0x00, 0x00, 0x00, 0x00, 0x00, 0x00,
  0x00, 0x00, 0x00, 0x00, 0x00, 0x00, 0x00, 0x00, 0x00, 0x00, 0x00, 0x00,
  0x00, 0x00, 0x00, 0x00, 0x00, 0x00, 0x00, 0x00, 0x00, 0x00, 0x00, 0x00,
  0x00, 0x00, 0x00, 0x00, 0x00, 0x00, 0x00, 0x00, 0x00, 0x00, 0x00, 0x00,
  0x00, 0x00, 0x00, 0x00, 0x00, 0x00, 0x00, 0x00, 0x00, 0x00, 0x00, 0x00,
  0x10, 0x00, 0x00, 0x00, 0x5a, 0x8d, 0xae, 0x3a, 0xd5, 0x16, 0xaf, 0x3a,
  0x38, 0x70, 0xa5, 0x3a, 0xcc, 0x74, 0xa5, 0x3a, 0x38, 0x65, 0xb7, 0x3a,
  0x62, 0xe3, 0xaa, 0x3a, 0x2d, 0x3c, 0xac, 0x3a, 0x4b, 0xbe, 0xb5, 0x3a,
  0xfa, 0x17, 0xae, 0x3a, 0x62, 0x83, 0xb9, 0x3a, 0xa7, 0x1a, 0xa8, 0x3a,
  0x8d, 0xd1, 0xb1, 0x3a, 0xe0, 0x70, 0x94, 0x3a, 0x83, 0xbb, 0x99, 0x3a,
  0x6b, 0x3f, 0xaf, 0x3a, 0x1d, 0xa8, 0xa9, 0x3a, 0x29, 0x00, 0x00, 0x00,
  0x6d, 0x6f, 0x64, 0x65, 0x6c, 0x5f, 0x33, 0x36, 0x2f, 0x74, 0x66, 0x2e,
  0x6e, 0x6e, 0x2e, 0x63, 0x6f, 0x6e, 0x76, 0x6f, 0x6c, 0x75, 0x74, 0x69,
  0x6f, 0x6e, 0x5f, 0x36, 0x33, 0x2f, 0x63, 0x6f, 0x6e, 0x76, 0x6f, 0x6c,
  0x75, 0x74, 0x69, 0x6f, 0x6e, 0x00, 0x00, 0x00, 0x04, 0x00, 0x00, 0x00,
  0x10, 0x00, 0x00, 0x00, 0x03, 0x00, 0x00, 0x00, 0x01, 0x00, 0x00, 0x00,
  0x10, 0x00, 0x00, 0x00, 0xfa, 0xec, 0xff, 0xff, 0x00, 0x00, 0x00, 0x01,
  0x14, 0x00, 0x00, 0x00, 0xe4, 0x00, 0x00, 0x00, 0x11, 0x00, 0x00, 0x00,
  0x00, 0x00, 0x00, 0x02, 0x48, 0x01, 0x00, 0x00, 0xe4, 0xec, 0xff, 0xff,
  0x08, 0x00, 0x00, 0x00, 0x88, 0x00, 0x00, 0x00, 0x10, 0x00, 0x00, 0x00,
  0x00, 0x00, 0x00, 0x00, 0x00, 0x00, 0x00, 0x00, 0x00, 0x00, 0x00, 0x00,
  0x00, 0x00, 0x00, 0x00, 0x00, 0x00, 0x00, 0x00, 0x00, 0x00, 0x00, 0x00,
  0x00, 0x00, 0x00, 0x00, 0x00, 0x00, 0x00, 0x00, 0x00, 0x00, 0x00, 0x00,
  0x00, 0x00, 0x00, 0x00, 0x00, 0x00, 0x00, 0x00, 0x00, 0x00, 0x00, 0x00,
  0x00, 0x00, 0x00, 0x00, 0x00, 0x00, 0x00, 0x00, 0x00, 0x00, 0x00, 0x00,
  0x00, 0x00, 0x00, 0x00, 0x00, 0x00, 0x00, 0x00, 0x00, 0x00, 0x00, 0x00,
  0x00, 0x00, 0x00, 0x00, 0x00, 0x00, 0x00, 0x00, 0x00, 0x00, 0x00, 0x00,
  0x00, 0x00, 0x00, 0x00, 0x00, 0x00, 0x00, 0x00, 0x00, 0x00, 0x00, 0x00,
  0x00, 0x00, 0x00, 0x00, 0x00, 0x00, 0x00, 0x00, 0x00, 0x00, 0x00, 0x00,
  0x00, 0x00, 0x00, 0x00, 0x00, 0x00, 0x00, 0x00, 0x00, 0x00, 0x00, 0x00,
  0x00, 0x00, 0x00, 0x00, 0x00, 0x00, 0x00, 0x00, 0x10, 0x00, 0x00, 0x00,
  0x5e, 0x54, 0x67, 0x3a, 0x91, 0x0a, 0x68, 0x3a, 0x53, 0x40, 0x5b, 0x3a,
  0x64, 0x46, 0x5b, 0x3a, 0x9d, 0x0c, 0x73, 0x3a, 0x4d, 0x79, 0x62, 0x3a,
  0x3f, 0x42, 0x64, 0x3a, 0x1f, 0xdc, 0x70, 0x3a, 0xd0, 0xb8, 0x66, 0x3a,
  0x21, 0xdb, 0x75, 0x3a, 0xbc, 0xc8, 0x5e, 0x3a, 0x8f, 0xa8, 0x6b, 0x3a,
  0x99, 0xb9, 0x44, 0x3a, 0xdd, 0xbc, 0x4b, 0x3a, 0x5a, 0x40, 0x68, 0x3a,
  0x7b, 0xd7, 0x60, 0x3a, 0x6a, 0x00, 0x00, 0x00, 0x6d, 0x6f, 0x64, 0x65,
  0x6c, 0x5f, 0x33, 0x36, 0x2f, 0x74, 0x66, 0x2e, 0x6e, 0x6e, 0x2e, 0x72,
  0x65, 0x6c, 0x75, 0x5f, 0x36, 0x33, 0x2f, 0x52, 0x65, 0x6c, 0x75, 0x3b,
  0x6d, 0x6f, 0x64, 0x65, 0x6c, 0x5f, 0x33, 0x36, 0x2f, 0x74, 0x66, 0x2e,
  0x6d, 0x61, 0x74, 0x68, 0x2e, 0x61, 0x64, 0x64, 0x5f, 0x36, 0x33, 0x2f,
  0x41, 0x64, 0x64, 0x3b, 0x6d, 0x6f, 0x64, 0x65, 0x6c, 0x5f, 0x33, 0x36,
  0x2f, 0x74, 0x66, 0x2e, 0x6e, 0x6e, 0x2e, 0x63, 0x6f, 0x6e, 0x76, 0x6f,
  0x6c, 0x75, 0x74, 0x69, 0x6f, 0x6e, 0x5f, 0x36, 0x33, 0x2f, 0x63, 0x6f,
  0x6e, 0x76, 0x6f, 0x6c, 0x75, 0x74, 0x69, 0x6f, 0x6e, 0x3b, 0x43, 0x6f,
  0x6e, 0x73, 0x74, 0x5f, 0x31, 0x35, 0x00, 0x00, 0x01, 0x00, 0x00, 0x00,
  0x10, 0x00, 0x00, 0x00, 0x62, 0xee, 0xff, 0xff, 0x00, 0x00, 0x00, 0x01,
  0x14, 0x00, 0x00, 0x00, 0xe8, 0x00, 0x00, 0x00, 0x10, 0x00, 0x00, 0x00,
  0x00, 0x00, 0x00, 0x09, 0x0c, 0x01, 0x00, 0x00, 0x4c, 0xee, 0xff, 0xff,
  0x08, 0x00, 0x00, 0x00, 0x8c, 0x00, 0x00, 0x00, 0x10, 0x00, 0x00, 0x00,
  0x00, 0x00, 0x00, 0x00, 0x00, 0x00, 0x00, 0x00, 0x00, 0x00, 0x00, 0x00,
  0x00, 0x00, 0x00, 0x00, 0x00, 0x00, 0x00, 0x00, 0x00, 0x00, 0x00, 0x00,
  0x00, 0x00, 0x00, 0x00, 0x00, 0x00, 0x00, 0x00, 0x00, 0x00, 0x00, 0x00,
  0x00, 0x00, 0x00, 0x00, 0x00, 0x00, 0x00, 0x00, 0x00, 0x00, 0x00, 0x00,
  0x00, 0x00, 0x00, 0x00, 0x00, 0x00, 0x00, 0x00, 0x00, 0x00, 0x00, 0x00,
  0x00, 0x00, 0x00, 0x00, 0x00, 0x00, 0x00, 0x00, 0x00, 0x00, 0x00, 0x00,
  0x00, 0x00, 0x00, 0x00, 0x00, 0x00, 0x00, 0x00, 0x00, 0x00, 0x00, 0x00,
  0x00, 0x00, 0x00, 0x00, 0x00, 0x00, 0x00, 0x00, 0x00, 0x00, 0x00, 0x00,
  0x00, 0x00, 0x00, 0x00, 0x00, 0x00, 0x00, 0x00, 0x00, 0x00, 0x00, 0x00,
  0x00, 0x00, 0x00, 0x00, 0x00, 0x00, 0x00, 0x00, 0x00, 0x00, 0x00, 0x00,
  0x00, 0x00, 0x00, 0x00, 0x00, 0x00, 0x00, 0x00, 0x00, 0x00, 0x00, 0x00,
  0x10, 0x00, 0x00, 0x00, 0x19, 0x66, 0xaf, 0x3a, 0xc6, 0x79, 0x00, 0x3b,
  0xcd, 0x9f, 0x08, 0x3b, 0x3e, 0xc9, 0xa7, 0x3a, 0xa3, 0xd3, 0xb0, 0x3a,
  0xc7, 0xd9, 0xfd, 0x3a, 0xea, 0x14, 0xb4, 0x3a, 0x44, 0xe8, 0xb2, 0x3a,
  0xd0, 0xe1, 0xab, 0x3a, 0xb8, 0xa3, 0xa8, 0x3a, 0x88, 0x8d, 0xad, 0x3a,
  0xf5, 0x52, 0xae, 0x3a, 0x34, 0xf5, 0x03, 0x3b, 0x32, 0x64, 0x94, 0x3a,
  0xd5, 0xaa, 0xb5, 0x3a, 0x47, 0x0d, 0xab, 0x3a, 0x29, 0x00, 0x00, 0x00,
  0x6d, 0x6f, 0x64, 0x65, 0x6c, 0x5f, 0x33, 0x36, 0x2f, 0x74, 0x66, 0x2e,
  0x6e, 0x6e, 0x2e, 0x63, 0x6f, 0x6e, 0x76, 0x6f, 0x6c, 0x75, 0x74, 0x69,
  0x6f, 0x6e, 0x5f, 0x36, 0x34, 0x2f, 0x63, 0x6f, 0x6e, 0x76, 0x6f, 0x6c,
  0x75, 0x74, 0x69, 0x6f, 0x6e, 0x00, 0x00, 0x00, 0x04, 0x00, 0x00, 0x00,
  0x10, 0x00, 0x00, 0x00, 0x03, 0x00, 0x00, 0x00, 0x01, 0x00, 0x00, 0x00,
  0x10, 0x00, 0x00, 0x00, 0x9a, 0xef, 0xff, 0xff, 0x00, 0x00, 0x00, 0x01,
  0x14, 0x00, 0x00, 0x00, 0xe4, 0x00, 0x00, 0x00, 0x0f, 0x00, 0x00, 0x00,
  0x00, 0x00, 0x00, 0x02, 0x48, 0x01, 0x00, 0x00, 0x84, 0xef, 0xff, 0xff,
  0x08, 0x00, 0x00, 0x00, 0x88, 0x00, 0x00, 0x00, 0x10, 0x00, 0x00, 0x00,
  0x00, 0x00, 0x00, 0x00, 0x00, 0x00, 0x00, 0x00, 0x00, 0x00, 0x00, 0x00,
  0x00, 0x00, 0x00, 0x00, 0x00, 0x00, 0x00, 0x00, 0x00, 0x00, 0x00, 0x00,
  0x00, 0x00, 0x00, 0x00, 0x00, 0x00, 0x00, 0x00, 0x00, 0x00, 0x00, 0x00,
  0x00, 0x00, 0x00, 0x00, 0x00, 0x00, 0x00, 0x00, 0x00, 0x00, 0x00, 0x00,
  0x00, 0x00, 0x00, 0x00, 0x00, 0x00, 0x00, 0x00, 0x00, 0x00, 0x00, 0x00,
  0x00, 0x00, 0x00, 0x00, 0x00, 0x00, 0x00, 0x00, 0x00, 0x00, 0x00, 0x00,
  0x00, 0x00, 0x00, 0x00, 0x00, 0x00, 0x00, 0x00, 0x00, 0x00, 0x00, 0x00,
  0x00, 0x00, 0x00, 0x00, 0x00, 0x00, 0x00, 0x00, 0x00, 0x00, 0x00, 0x00,
  0x00, 0x00, 0x00, 0x00, 0x00, 0x00, 0x00, 0x00, 0x00, 0x00, 0x00, 0x00,
  0x00, 0x00, 0x00, 0x00, 0x00, 0x00, 0x00, 0x00, 0x00, 0x00, 0x00, 0x00,
  0x00, 0x00, 0x00, 0x00, 0x00, 0x00, 0x00, 0x00, 0x10, 0x00, 0x00, 0x00,
  0x96, 0x58, 0x94, 0x3a, 0xfd, 0x51, 0xd9, 0x3a, 0x90, 0x1a, 0xe7, 0x3a,
  0x51, 0xe8, 0x8d, 0x3a, 0xbf, 0x8d, 0x95, 0x3a, 0xa5, 0xb2, 0xd6, 0x3a,
  0x81, 0x4e, 0x98, 0x3a, 0x3a, 0x50, 0x97, 0x3a, 0x29, 0x5f, 0x91, 0x3a,
  0x18, 0xa1, 0x8e, 0x3a, 0xe8, 0xc8, 0x92, 0x3a, 0xe2, 0x6f, 0x93, 0x3a,
  0xde, 0x35, 0xdf, 0x3a, 0x1d, 0x02, 0x7b, 0x3a, 0xd1, 0xa5, 0x99, 0x3a,
  0x67, 0xab, 0x90, 0x3a, 0x6a, 0x00, 0x00, 0x00, 0x6d, 0x6f, 0x64, 0x65,
  0x6c, 0x5f, 0x33, 0x36, 0x2f, 0x74, 0x66, 0x2e, 0x6e, 0x6e, 0x2e, 0x72,
  0x65, 0x6c, 0x75, 0x5f, 0x36, 0x34, 0x2f, 0x52, 0x65, 0x6c, 0x75, 0x3b,
  0x6d, 0x6f, 0x64, 0x65, 0x6c, 0x5f, 0x33, 0x36, 0x2f, 0x74, 0x66, 0x2e,
  0x6d, 0x61, 0x74, 0x68, 0x2e, 0x61, 0x64, 0x64, 0x5f, 0x36, 0x34, 0x2f,
  0x41, 0x64, 0x64, 0x3b, 0x6d, 0x6f, 0x64, 0x65, 0x6c, 0x5f, 0x33, 0x36,
  0x2f, 0x74, 0x66, 0x2e, 0x6e, 0x6e, 0x2e, 0x63, 0x6f, 0x6e, 0x76, 0x6f,
  0x6c, 0x75, 0x74, 0x69, 0x6f, 0x6e, 0x5f, 0x36, 0x34, 0x2f, 0x63, 0x6f,
  0x6e, 0x76, 0x6f, 0x6c, 0x75, 0x74, 0x69, 0x6f, 0x6e, 0x3b, 0x43, 0x6f,
  0x6e, 0x73, 0x74, 0x5f, 0x31, 0x33, 0x00, 0x00, 0x01, 0x00, 0x00, 0x00,
  0x10, 0x00, 0x00, 0x00, 0x02, 0xf1, 0xff, 0xff, 0x00, 0x00, 0x00, 0x01,
  0x14, 0x00, 0x00, 0x00, 0xe8, 0x00, 0x00, 0x00, 0x0e, 0x00, 0x00, 0x00,
  0x00, 0x00, 0x00, 0x09, 0x0c, 0x01, 0x00, 0x00, 0xec, 0xf0, 0xff, 0xff,
  0x08, 0x00, 0x00, 0x00, 0x8c, 0x00, 0x00, 0x00, 0x10, 0x00, 0x00, 0x00,
  0x00, 0x00, 0x00, 0x00, 0x00, 0x00, 0x00, 0x00, 0x00, 0x00, 0x00, 0x00,
  0x00, 0x00, 0x00, 0x00, 0x00, 0x00, 0x00, 0x00, 0x00, 0x00, 0x00, 0x00,
  0x00, 0x00, 0x00, 0x00, 0x00, 0x00, 0x00, 0x00, 0x00, 0x00, 0x00, 0x00,
  0x00, 0x00, 0x00, 0x00, 0x00, 0x00, 0x00, 0x00, 0x00, 0x00, 0x00, 0x00,
  0x00, 0x00, 0x00, 0x00, 0x00, 0x00, 0x00, 0x00, 0x00, 0x00, 0x00, 0x00,
  0x00, 0x00, 0x00, 0x00, 0x00, 0x00, 0x00, 0x00, 0x00, 0x00, 0x00, 0x00,
  0x00, 0x00, 0x00, 0x00, 0x00, 0x00, 0x00, 0x00, 0x00, 0x00, 0x00, 0x00,
  0x00, 0x00, 0x00, 0x00, 0x00, 0x00, 0x00, 0x00, 0x00, 0x00, 0x00, 0x00,
  0x00, 0x00, 0x00, 0x00, 0x00, 0x00, 0x00, 0x00, 0x00, 0x00, 0x00, 0x00,
  0x00, 0x00, 0x00, 0x00, 0x00, 0x00, 0x00, 0x00, 0x00, 0x00, 0x00, 0x00,
  0x00, 0x00, 0x00, 0x00, 0x00, 0x00, 0x00, 0x00, 0x00, 0x00, 0x00, 0x00,
  0x10, 0x00, 0x00, 0x00, 0xb1, 0x17, 0x97, 0x3a, 0x5f, 0x02, 0xa8, 0x3a,
  0x0c, 0xfb, 0xc0, 0x3a, 0xe3, 0xa7, 0xc0, 0x3a, 0xfd, 0xfe, 0xa9, 0x3a,
  0x5e, 0x29, 0xae, 0x3a, 0x91, 0xb0, 0xad, 0x3a, 0x35, 0x96, 0xab, 0x3a,
  0x8c, 0x7c, 0xaf, 0x3a, 0xc1, 0x3b, 0x8f, 0x3a, 0x1f, 0x34, 0xb3, 0x3a,
  0x3a, 0x36, 0xc0, 0x3a, 0x0b, 0x5a, 0xaa, 0x3a, 0x73, 0x85, 0xae, 0x3a,
  0x2b, 0xd7, 0xa0, 0x3a, 0x38, 0x36, 0xae, 0x3a, 0x29, 0x00, 0x00, 0x00,
  0x6d, 0x6f, 0x64, 0x65, 0x6c, 0x5f, 0x33, 0x36, 0x2f, 0x74, 0x66, 0x2e,
  0x6e, 0x6e, 0x2e, 0x63, 0x6f, 0x6e, 0x76, 0x6f, 0x6c, 0x75, 0x74, 0x69,
  0x6f, 0x6e, 0x5f, 0x36, 0x35, 0x2f, 0x63, 0x6f, 0x6e, 0x76, 0x6f, 0x6c,
  0x75, 0x74, 0x69, 0x6f, 0x6e, 0x00, 0x00, 0x00, 0x04, 0x00, 0x00, 0x00,
  0x10, 0x00, 0x00, 0x00, 0x03, 0x00, 0x00, 0x00, 0x01, 0x00, 0x00, 0x00,
  0x10, 0x00, 0x00, 0x00, 0x3a, 0xf2, 0xff, 0xff, 0x00, 0x00, 0x00, 0x01,
  0x14, 0x00, 0x00, 0x00, 0xe4, 0x00, 0x00, 0x00, 0x0d, 0x00, 0x00, 0x00,
  0x00, 0x00, 0x00, 0x02, 0x48, 0x01, 0x00, 0x00, 0x24, 0xf2, 0xff, 0xff,
  0x08, 0x00, 0x00, 0x00, 0x88, 0x00, 0x00, 0x00, 0x10, 0x00, 0x00, 0x00,
  0x00, 0x00, 0x00, 0x00, 0x00, 0x00, 0x00, 0x00, 0x00, 0x00, 0x00, 0x00,
  0x00, 0x00, 0x00, 0x00, 0x00, 0x00, 0x00, 0x00, 0x00, 0x00, 0x00, 0x00,
  0x00, 0x00, 0x00, 0x00, 0x00, 0x00, 0x00, 0x00, 0x00, 0x00, 0x00, 0x00,
  0x00, 0x00, 0x00, 0x00, 0x00, 0x00, 0x00, 0x00, 0x00, 0x00, 0x00, 0x00,
  0x00, 0x00, 0x00, 0x00, 0x00, 0x00, 0x00, 0x00, 0x00, 0x00, 0x00, 0x00,
  0x00, 0x00, 0x00, 0x00, 0x00, 0x00, 0x00, 0x00, 0x00, 0x00, 0x00, 0x00,
  0x00, 0x00, 0x00, 0x00, 0x00, 0x00, 0x00, 0x00, 0x00, 0x00, 0x00, 0x00,
  0x00, 0x00, 0x00, 0x00, 0x00, 0x00, 0x00, 0x00, 0x00, 0x00, 0x00, 0x00,
  0x00, 0x00, 0x00, 0x00, 0x00, 0x00, 0x00, 0x00, 0x00, 0x00, 0x00, 0x00,
  0x00, 0x00, 0x00, 0x00, 0x00, 0x00, 0x00, 0x00, 0x00, 0x00, 0x00, 0x00,
  0x00, 0x00, 0x00, 0x00, 0x00, 0x00, 0x00, 0x00, 0x10, 0x00, 0x00, 0x00,
  0x49, 0x1a, 0x90, 0x3a, 0x9e, 0x3c, 0xa0, 0x3a, 0x8e, 0x0d, 0xb8, 0x3a,
  0x3d, 0xbe, 0xb7, 0x3a, 0xb4, 0x21, 0xa2, 0x3a, 0xc0, 0x1a, 0xa6, 0x3a,
  0x8a, 0xa7, 0xa5, 0x3a, 0x15, 0xa6, 0xa3, 0x3a, 0x3d, 0x5e, 0xa7, 0x3a,
  0x6c, 0x9b, 0x88, 0x3a, 0xca, 0xe9, 0xaa, 0x3a, 0xd7, 0x51, 0xb7, 0x3a,
  0x8c, 0x78, 0xa2, 0x3a, 0x92, 0x72, 0xa6, 0x3a, 0x50, 0x66, 0x99, 0x3a,
  0x02, 0x27, 0xa6, 0x3a, 0x6a, 0x00, 0x00, 0x00, 0x6d, 0x6f, 0x64, 0x65,
  0x6c, 0x5f, 0x33, 0x36, 0x2f, 0x74, 0x66, 0x2e, 0x6e, 0x6e, 0x2e, 0x72,
  0x65, 0x6c, 0x75, 0x5f, 0x36, 0x35, 0x2f, 0x52, 0x65, 0x6c, 0x75, 0x3b,
  0x6d, 0x6f, 0x64, 0x65, 0x6c, 0x5f, 0x33, 0x36, 0x2f, 0x74, 0x66, 0x2e,
  0x6d, 0x61, 0x74, 0x68, 0x2e, 0x61, 0x64, 0x64, 0x5f, 0x36, 0x35, 0x2f,
  0x41, 0x64, 0x64, 0x3b, 0x6d, 0x6f, 0x64, 0x65, 0x6c, 0x5f, 0x33, 0x36,
  0x2f, 0x74, 0x66, 0x2e, 0x6e, 0x6e, 0x2e, 0x63, 0x6f, 0x6e, 0x76, 0x6f,
  0x6c, 0x75, 0x74, 0x69, 0x6f, 0x6e, 0x5f, 0x36, 0x35, 0x2f, 0x63, 0x6f,
  0x6e, 0x76, 0x6f, 0x6c, 0x75, 0x74, 0x69, 0x6f, 0x6e, 0x3b, 0x43, 0x6f,
  0x6e, 0x73, 0x74, 0x5f, 0x31, 0x31, 0x00, 0x00, 0x01, 0x00, 0x00, 0x00,
  0x10, 0x00, 0x00, 0x00, 0xa2, 0xf3, 0xff, 0xff, 0x00, 0x00, 0x00, 0x01,
  0x14, 0x00, 0x00, 0x00, 0xe8, 0x00, 0x00, 0x00, 0x0c, 0x00, 0x00, 0x00,
  0x00, 0x00, 0x00, 0x09, 0x0c, 0x01, 0x00, 0x00, 0x8c, 0xf3, 0xff, 0xff,
  0x08, 0x00, 0x00, 0x00, 0x8c, 0x00, 0x00, 0x00, 0x10, 0x00, 0x00, 0x00,
  0x00, 0x00, 0x00, 0x00, 0x00, 0x00, 0x00, 0x00, 0x00, 0x00, 0x00, 0x00,
  0x00, 0x00, 0x00, 0x00, 0x00, 0x00, 0x00, 0x00, 0x00, 0x00, 0x00, 0x00,
  0x00, 0x00, 0x00, 0x00, 0x00, 0x00, 0x00, 0x00, 0x00, 0x00, 0x00, 0x00,
  0x00, 0x00, 0x00, 0x00, 0x00, 0x00, 0x00, 0x00, 0x00, 0x00, 0x00, 0x00,
  0x00, 0x00, 0x00, 0x00, 0x00, 0x00, 0x00, 0x00, 0x00, 0x00, 0x00, 0x00,
  0x00, 0x00, 0x00, 0x00, 0x00, 0x00, 0x00, 0x00, 0x00, 0x00, 0x00, 0x00,
  0x00, 0x00, 0x00, 0x00, 0x00, 0x00, 0x00, 0x00, 0x00, 0x00, 0x00, 0x00,
  0x00, 0x00, 0x00, 0x00, 0x00, 0x00, 0x00, 0x00, 0x00, 0x00, 0x00, 0x00,
  0x00, 0x00, 0x00, 0x00, 0x00, 0x00, 0x00, 0x00, 0x00, 0x00, 0x00, 0x00,
  0x00, 0x00, 0x00, 0x00, 0x00, 0x00, 0x00, 0x00, 0x00, 0x00, 0x00, 0x00,
  0x00, 0x00, 0x00, 0x00, 0x00, 0x00, 0x00, 0x00, 0x00, 0x00, 0x00, 0x00,
  0x10, 0x00, 0x00, 0x00, 0xcc, 0x79, 0xa7, 0x3a, 0xcb, 0x8b, 0x8f, 0x3a,
  0x30, 0x00, 0xaa, 0x3a, 0x3d, 0xcd, 0x97, 0x3a, 0x1e, 0x39, 0xaf, 0x3a,
  0x98, 0x06, 0xa2, 0x3a, 0x6b, 0xbe, 0xad, 0x3a, 0x81, 0x27, 0xb2, 0x3a,
  0x00, 0x9b, 0xa3, 0x3a, 0xba, 0x1b, 0x8b, 0x3a, 0x9b, 0x33, 0x96, 0x3a,
  0xe7, 0xc1, 0xaa, 0x3a, 0x66, 0xfa, 0x8e, 0x3a, 0xef, 0x3a, 0xab, 0x3a,
  0x3a, 0xd5, 0xac, 0x3a, 0xf1, 0xad, 0x96, 0x3a, 0x29, 0x00, 0x00, 0x00,
  0x6d, 0x6f, 0x64, 0x65, 0x6c, 0x5f, 0x33, 0x36, 0x2f, 0x74, 0x66, 0x2e,
  0x6e, 0x6e, 0x2e, 0x63, 0x6f, 0x6e, 0x76, 0x6f, 0x6c, 0x75, 0x74, 0x69,
  0x6f, 0x6e, 0x5f, 0x36, 0x36, 0x2f, 0x63, 0x6f, 0x6e, 0x76, 0x6f, 0x6c,
  0x75, 0x74, 0x69, 0x6f, 0x6e, 0x00, 0x00, 0x00, 0x04, 0x00, 0x00, 0x00,
  0x10, 0x00, 0x00, 0x00, 0x03, 0x00, 0x00, 0x00, 0x01, 0x00, 0x00, 0x00,
  0x10, 0x00, 0x00, 0x00, 0xda, 0xf4, 0xff, 0xff, 0x00, 0x00, 0x00, 0x01,
  0x14, 0x00, 0x00, 0x00, 0xe4, 0x00, 0x00, 0x00, 0x0b, 0x00, 0x00, 0x00,
  0x00, 0x00, 0x00, 0x02, 0x48, 0x01, 0x00, 0x00, 0xc4, 0xf4, 0xff, 0xff,
  0x08, 0x00, 0x00, 0x00, 0x88, 0x00, 0x00, 0x00, 0x10, 0x00, 0x00, 0x00,
  0x00, 0x00, 0x00, 0x00, 0x00, 0x00, 0x00, 0x00, 0x00, 0x00, 0x00, 0x00,
  0x00, 0x00, 0x00, 0x00, 0x00, 0x00, 0x00, 0x00, 0x00, 0x00, 0x00, 0x00,
  0x00, 0x00, 0x00, 0x00, 0x00, 0x00, 0x00, 0x00, 0x00, 0x00, 0x00, 0x00,
  0x00, 0x00, 0x00, 0x00, 0x00, 0x00, 0x00, 0x00, 0x00, 0x00, 0x00, 0x00,
  0x00, 0x00, 0x00, 0x00, 0x00, 0x00, 0x00, 0x00, 0x00, 0x00, 0x00, 0x00,
  0x00, 0x00, 0x00, 0x00, 0x00, 0x00, 0x00, 0x00, 0x00, 0x00, 0x00, 0x00,
  0x00, 0x00, 0x00, 0x00, 0x00, 0x00, 0x00, 0x00, 0x00, 0x00, 0x00, 0x00,
  0x00, 0x00, 0x00, 0x00, 0x00, 0x00, 0x00, 0x00, 0x00, 0x00, 0x00, 0x00,
  0x00, 0x00, 0x00, 0x00, 0x00, 0x00, 0x00, 0x00, 0x00, 0x00, 0x00, 0x00,
  0x00, 0x00, 0x00, 0x00, 0x00, 0x00, 0x00, 0x00, 0x00, 0x00, 0x00, 0x00,
  0x00, 0x00, 0x00, 0x00, 0x00, 0x00, 0x00, 0x00, 0x10, 0x00, 0x00, 0x00,
  0xed, 0x08, 0x04, 0x3b, 0x98, 0x56, 0xe2, 0x3a, 0x88, 0x06, 0x06, 0x3b,
  0xff, 0x5a, 0xef, 0x3a, 0x8a, 0x24, 0x0a, 0x3b, 0xf3, 0x79, 0xff, 0x3a,
  0xfb, 0xf9, 0x08, 0x3b, 0x22, 0x74, 0x0c, 0x3b, 0xcd, 0xfb, 0x00, 0x3b,
  0x49, 0x57, 0xdb, 0x3a, 0x1a, 0xd5, 0xec, 0x3a, 0x40, 0x9f, 0x06, 0x3b,
  0x57, 0x71, 0xe1, 0x3a, 0xab, 0xfe, 0x06, 0x3b, 0x23, 0x42, 0x08, 0x3b,
  0xff, 0x95, 0xed, 0x3a, 0x69, 0x00, 0x00, 0x00, 0x6d, 0x6f, 0x64, 0x65,
  0x6c, 0x5f, 0x33, 0x36, 0x2f, 0x74, 0x66, 0x2e, 0x6e, 0x6e, 0x2e, 0x72,
  0x65, 0x6c, 0x75, 0x5f, 0x36, 0x36, 0x2f, 0x52, 0x65, 0x6c, 0x75, 0x3b,
  0x6d, 0x6f, 0x64, 0x65, 0x6c, 0x5f, 0x33, 0x36, 0x2f, 0x74, 0x66, 0x2e,
  0x6d, 0x61, 0x74, 0x68, 0x2e, 0x61, 0x64, 0x64, 0x5f, 0x36, 0x36, 0x2f,
  0x41, 0x64, 0x64, 0x3b, 0x6d, 0x6f, 0x64, 0x65, 0x6c, 0x5f, 0x33, 0x36,
  0x2f, 0x74, 0x66, 0x2e, 0x6e, 0x6e, 0x2e, 0x63, 0x6f, 0x6e, 0x76, 0x6f,
  0x6c, 0x75, 0x74, 0x69, 0x6f, 0x6e, 0x5f, 0x36, 0x36, 0x2f, 0x63, 0x6f,
  0x6e, 0x76, 0x6f, 0x6c, 0x75, 0x74, 0x69, 0x6f, 0x6e, 0x3b, 0x43, 0x6f,
  0x6e, 0x73, 0x74, 0x5f, 0x39, 0x00, 0x00, 0x00, 0x01, 0x00, 0x00, 0x00,
  0x10, 0x00, 0x00, 0x00, 0x42, 0xf6, 0xff, 0xff, 0x00, 0x00, 0x00, 0x01,
  0x14, 0x00, 0x00, 0x00, 0xe8, 0x00, 0x00, 0x00, 0x0a, 0x00, 0x00, 0x00,
  0x00, 0x00, 0x00, 0x09, 0x0c, 0x01, 0x00, 0x00, 0x2c, 0xf6, 0xff, 0xff,
  0x08, 0x00, 0x00, 0x00, 0x8c, 0x00, 0x00, 0x00, 0x10, 0x00, 0x00, 0x00,
  0x00, 0x00, 0x00, 0x00, 0x00, 0x00, 0x00, 0x00, 0x00, 0x00, 0x00, 0x00,
  0x00, 0x00, 0x00, 0x00, 0x00, 0x00, 0x00, 0x00, 0x00, 0x00, 0x00, 0x00,
  0x00, 0x00, 0x00, 0x00, 0x00, 0x00, 0x00, 0x00, 0x00, 0x00, 0x00, 0x00,
  0x00, 0x00, 0x00, 0x00, 0x00, 0x00, 0x00, 0x00, 0x00, 0x00, 0x00, 0x00,
  0x00, 0x00, 0x00, 0x00, 0x00, 0x00, 0x00, 0x00, 0x00, 0x00, 0x00, 0x00,
  0x00, 0x00, 0x00, 0x00, 0x00, 0x00, 0x00, 0x00, 0x00, 0x00, 0x00, 0x00,
  0x00, 0x00, 0x00, 0x00, 0x00, 0x00, 0x00, 0x00, 0x00, 0x00, 0x00, 0x00,
  0x00, 0x00, 0x00, 0x00, 0x00, 0x00, 0x00, 0x00, 0x00, 0x00, 0x00, 0x00,
  0x00, 0x00, 0x00, 0x00, 0x00, 0x00, 0x00, 0x00, 0x00, 0x00, 0x00, 0x00,
  0x00, 0x00, 0x00, 0x00, 0x00, 0x00, 0x00, 0x00, 0x00, 0x00, 0x00, 0x00,
  0x00, 0x00, 0x00, 0x00, 0x00, 0x00, 0x00, 0x00, 0x00, 0x00, 0x00, 0x00,
  0x10, 0x00, 0x00, 0x00, 0x2e, 0xd5, 0x8d, 0x3a, 0xd6, 0x81, 0xb0, 0x3a,
  0xad, 0x48, 0x9d, 0x3a, 0x94, 0x6b, 0x94, 0x3a, 0x96, 0xd5, 0x95, 0x3a,
  0x07, 0x6f, 0xb2, 0x3a, 0x98, 0x35, 0xa2, 0x3a, 0x17, 0x5e, 0xa8, 0x3a,
  0xb6, 0x9e, 0x99, 0x3a, 0x01, 0x45, 0xac, 0x3a, 0x4f, 0x55, 0xb0, 0x3a,
  0x2e, 0xcd, 0x91, 0x3a, 0x30, 0x3c, 0x94, 0x3a, 0x48, 0xfd, 0x91, 0x3a,
  0xea, 0x13, 0x88, 0x3a, 0x82, 0x79, 0x92, 0x3a, 0x29, 0x00, 0x00, 0x00,
  0x6d, 0x6f, 0x64, 0x65, 0x6c, 0x5f, 0x33, 0x36, 0x2f, 0x74, 0x66, 0x2e,
  0x6e, 0x6e, 0x2e, 0x63, 0x6f, 0x6e, 0x76, 0x6f, 0x6c, 0x75, 0x74, 0x69,
  0x6f, 0x6e, 0x5f, 0x36, 0x37, 0x2f, 0x63, 0x6f, 0x6e, 0x76, 0x6f, 0x6c,
  0x75, 0x74, 0x69, 0x6f, 0x6e, 0x00, 0x00, 0x00, 0x04, 0x00, 0x00, 0x00,
  0x10, 0x00, 0x00, 0x00, 0x03, 0x00, 0x00, 0x00, 0x01, 0x00, 0x00, 0x00,
  0x10, 0x00, 0x00, 0x00, 0x7a, 0xf7, 0xff, 0xff, 0x00, 0x00, 0x00, 0x01,
  0x14, 0x00, 0x00, 0x00, 0xe4, 0x00, 0x00, 0x00, 0x09, 0x00, 0x00, 0x00,
  0x00, 0x00, 0x00, 0x02, 0x48, 0x01, 0x00, 0x00, 0x64, 0xf7, 0xff, 0xff,
  0x08, 0x00, 0x00, 0x00, 0x88, 0x00, 0x00, 0x00, 0x10, 0x00, 0x00, 0x00,
  0x00, 0x00, 0x00, 0x00, 0x00, 0x00, 0x00, 0x00, 0x00, 0x00, 0x00, 0x00,
  0x00, 0x00, 0x00, 0x00, 0x00, 0x00, 0x00, 0x00, 0x00, 0x00, 0x00, 0x00,
  0x00, 0x00, 0x00, 0x00, 0x00, 0x00, 0x00, 0x00, 0x00, 0x00, 0x00, 0x00,
  0x00, 0x00, 0x00, 0x00, 0x00, 0x00, 0x00, 0x00, 0x00, 0x00, 0x00, 0x00,
  0x00, 0x00, 0x00, 0x00, 0x00, 0x00, 0x00, 0x00, 0x00, 0x00, 0x00, 0x00,
  0x00, 0x00, 0x00, 0x00, 0x00, 0x00, 0x00, 0x00, 0x00, 0x00, 0x00, 0x00,
  0x00, 0x00, 0x00, 0x00, 0x00, 0x00, 0x00, 0x00, 0x00, 0x00, 0x00, 0x00,
  0x00, 0x00, 0x00, 0x00, 0x00, 0x00, 0x00, 0x00, 0x00, 0x00, 0x00, 0x00,
  0x00, 0x00, 0x00, 0x00, 0x00, 0x00, 0x00, 0x00, 0x00, 0x00, 0x00, 0x00,
  0x00, 0x00, 0x00, 0x00, 0x00, 0x00, 0x00, 0x00, 0x00, 0x00, 0x00, 0x00,
  0x00, 0x00, 0x00, 0x00, 0x00, 0x00, 0x00, 0x00, 0x10, 0x00, 0x00, 0x00,
  0xfb, 0x3e, 0xdb, 0x3a, 0x4a, 0x6c, 0x08, 0x3b, 0x6a, 0x21, 0xf3, 0x3a,
  0xd4, 0x6d, 0xe5, 0x3a, 0x6c, 0x9d, 0xe7, 0x3a, 0x7a, 0xe9, 0x09, 0x3b,
  0x8c, 0xbe, 0xfa, 0x3a, 0xc1, 0x21, 0x02, 0x3b, 0x80, 0x77, 0xed, 0x3a,
  0xd1, 0x25, 0x05, 0x3b, 0xdf, 0x49, 0x08, 0x3b, 0x85, 0x61, 0xe1, 0x3a,
  0x92, 0x24, 0xe5, 0x3a, 0xe0, 0xab, 0xe1, 0x3a, 0x99, 0x59, 0xd2, 0x3a,
  0xe8, 0x6b, 0xe2, 0x3a, 0x69, 0x00, 0x00, 0x00, 0x6d, 0x6f, 0x64, 0x65,
  0x6c, 0x5f, 0x33, 0x36, 0x2f, 0x74, 0x66, 0x2e, 0x6e, 0x6e, 0x2e, 0x72,
  0x65, 0x6c, 0x75, 0x5f, 0x36, 0x37, 0x2f, 0x52, 0x65, 0x6c, 0x75, 0x3b,
  0x6d, 0x6f, 0x64, 0x65, 0x6c, 0x5f, 0x33, 0x36, 0x2f, 0x74, 0x66, 0x2e,
  0x6d, 0x61, 0x74, 0x68, 0x2e, 0x61, 0x64, 0x64, 0x5f, 0x36, 0x37, 0x2f,
  0x41, 0x64, 0x64, 0x3b, 0x6d, 0x6f, 0x64, 0x65, 0x6c, 0x5f, 0x33, 0x36,
  0x2f, 0x74, 0x66, 0x2e, 0x6e, 0x6e, 0x2e, 0x63, 0x6f, 0x6e, 0x76, 0x6f,
  0x6c, 0x75, 0x74, 0x69, 0x6f, 0x6e, 0x5f, 0x36, 0x37, 0x2f, 0x63, 0x6f,
  0x6e, 0x76, 0x6f, 0x6c, 0x75, 0x74, 0x69, 0x6f, 0x6e, 0x3b, 0x43, 0x6f,
  0x6e, 0x73, 0x74, 0x5f, 0x37, 0x00, 0x00, 0x00, 0x01, 0x00, 0x00, 0x00,
  0x10, 0x00, 0x00, 0x00, 0xe2, 0xf8, 0xff, 0xff, 0x00, 0x00, 0x00, 0x01,
  0x14, 0x00, 0x00, 0x00, 0xe8, 0x00, 0x00, 0x00, 0x08, 0x00, 0x00, 0x00,
  0x00, 0x00, 0x00, 0x09, 0x0c, 0x01, 0x00, 0x00, 0xcc, 0xf8, 0xff, 0xff,
  0x08, 0x00, 0x00, 0x00, 0x8c, 0x00, 0x00, 0x00, 0x10, 0x00, 0x00, 0x00,
  0x00, 0x00, 0x00, 0x00, 0x00, 0x00, 0x00, 0x00, 0x00, 0x00, 0x00, 0x00,
  0x00, 0x00, 0x00, 0x00, 0x00, 0x00, 0x00, 0x00, 0x00, 0x00, 0x00, 0x00,
  0x00, 0x00, 0x00, 0x00, 0x00, 0x00, 0x00, 0x00, 0x00, 0x00, 0x00, 0x00,
  0x00, 0x00, 0x00, 0x00, 0x00, 0x00, 0x00, 0x00, 0x00, 0x00, 0x00, 0x00,
  0x00, 0x00, 0x00, 0x00, 0x00, 0x00, 0x00, 0x00, 0x00, 0x00, 0x00, 0x00,
  0x00, 0x00, 0x00, 0x00, 0x00, 0x00, 0x00, 0x00, 0x00, 0x00, 0x00, 0x00,
  0x00, 0x00, 0x00, 0x00, 0x00, 0x00, 0x00, 0x00, 0x00, 0x00, 0x00, 0x00,
  0x00, 0x00, 0x00, 0x00, 0x00, 0x00, 0x00, 0x00, 0x00, 0x00, 0x00, 0x00,
  0x00, 0x00, 0x00, 0x00, 0x00, 0x00, 0x00, 0x00, 0x00, 0x00, 0x00, 0x00,
  0x00, 0x00, 0x00, 0x00, 0x00, 0x00, 0x00, 0x00, 0x00, 0x00, 0x00, 0x00,
  0x00, 0x00, 0x00, 0x00, 0x00, 0x00, 0x00, 0x00, 0x00, 0x00, 0x00, 0x00,
  0x10, 0x00, 0x00, 0x00, 0x09, 0x75, 0xae, 0x3a, 0x4c, 0x2b, 0x85, 0x3a,
  0xc1, 0x19, 0xa3, 0x3a, 0x55, 0x7e, 0xbf, 0x3a, 0xae, 0xa5, 0x90, 0x3a,
  0x20, 0x66, 0xaa, 0x3a, 0x1d, 0x72, 0x95, 0x3a, 0x25, 0xdc, 0xad, 0x3a,
  0xfa, 0x25, 0xbe, 0x3a, 0xee, 0xf1, 0xa5, 0x3a, 0x53, 0x52, 0x93, 0x3a,
  0x7d, 0x22, 0x90, 0x3a, 0xef, 0x5b, 0x96, 0x3a, 0x8c, 0xc2, 0xb1, 0x3a,
  0xd2, 0x35, 0x96, 0x3a, 0x55, 0xf9, 0xa2, 0x3a, 0x29, 0x00, 0x00, 0x00,
  0x6d, 0x6f, 0x64, 0x65, 0x6c, 0x5f, 0x33, 0x36, 0x2f, 0x74, 0x66, 0x2e,
  0x6e, 0x6e, 0x2e, 0x63, 0x6f, 0x6e, 0x76, 0x6f, 0x6c, 0x75, 0x74, 0x69,
  0x6f, 0x6e, 0x5f, 0x36, 0x38, 0x2f, 0x63, 0x6f, 0x6e, 0x76, 0x6f, 0x6c,
  0x75, 0x74, 0x69, 0x6f, 0x6e, 0x00, 0x00, 0x00, 0x04, 0x00, 0x00, 0x00,
  0x10, 0x00, 0x00, 0x00, 0x03, 0x00, 0x00, 0x00, 0x01, 0x00, 0x00, 0x00,
  0x10, 0x00, 0x00, 0x00, 0x1a, 0xfa, 0xff, 0xff, 0x00, 0x00, 0x00, 0x01,
  0x14, 0x00, 0x00, 0x00, 0xe4, 0x00, 0x00, 0x00, 0x07, 0x00, 0x00, 0x00,
  0x00, 0x00, 0x00, 0x02, 0x48, 0x01, 0x00, 0x00, 0x04, 0xfa, 0xff, 0xff,
  0x08, 0x00, 0x00, 0x00, 0x88, 0x00, 0x00, 0x00, 0x10, 0x00, 0x00, 0x00,
  0x00, 0x00, 0x00, 0x00, 0x00, 0x00, 0x00, 0x00, 0x00, 0x00, 0x00, 0x00,
  0x00, 0x00, 0x00, 0x00, 0x00, 0x00, 0x00, 0x00, 0x00, 0x00, 0x00, 0x00,
  0x00, 0x00, 0x00, 0x00, 0x00, 0x00, 0x00, 0x00, 0x00, 0x00, 0x00, 0x00,
  0x00, 0x00, 0x00, 0x00, 0x00, 0x00, 0x00, 0x00, 0x00, 0x00, 0x00, 0x00,
  0x00, 0x00, 0x00, 0x00, 0x00, 0x00, 0x00, 0x00, 0x00, 0x00, 0x00, 0x00,
  0x00, 0x00, 0x00, 0x00, 0x00, 0x00, 0x00, 0x00, 0x00, 0x00, 0x00, 0x00,
  0x00, 0x00, 0x00, 0x00, 0x00, 0x00, 0x00, 0x00, 0x00, 0x00, 0x00, 0x00,
  0x00, 0x00, 0x00, 0x00, 0x00, 0x00, 0x00, 0x00, 0x00, 0x00, 0x00, 0x00,
  0x00, 0x00, 0x00, 0x00, 0x00, 0x00, 0x00, 0x00, 0x00, 0x00, 0x00, 0x00,
  0x00, 0x00, 0x00, 0x00, 0x00, 0x00, 0x00, 0x00, 0x00, 0x00, 0x00, 0x00,
  0x00, 0x00, 0x00, 0x00, 0x00, 0x00, 0x00, 0x00, 0x10, 0x00, 0x00, 0x00,
  0x76, 0x62, 0xf2, 0x3a, 0x3e, 0x05, 0xb9, 0x3a, 0x30, 0x9b, 0xe2, 0x3a,
  0xf2, 0x06, 0x05, 0x3b, 0xba, 0xf7, 0xc8, 0x3a, 0x09, 0xbf, 0xec, 0x3a,
  0x78, 0xa2, 0xcf, 0x3a, 0x0a, 0x8e, 0xf1, 0x3a, 0xbb, 0x17, 0x04, 0x3b,
  0xe4, 0x8e, 0xe6, 0x3a, 0xf2, 0xae, 0xcc, 0x3a, 0x74, 0x41, 0xc8, 0x3a,
  0x54, 0xe7, 0xd0, 0x3a, 0x2f, 0xf9, 0xf6, 0x3a, 0x60, 0xb2, 0xd0, 0x3a,
  0x24, 0x6e, 0xe2, 0x3a, 0x69, 0x00, 0x00, 0x00, 0x6d, 0x6f, 0x64, 0x65,
  0x6c, 0x5f, 0x33, 0x36, 0x2f, 0x74, 0x66, 0x2e, 0x6e, 0x6e, 0x2e, 0x72,
  0x65, 0x6c, 0x75, 0x5f, 0x36, 0x38, 0x2f, 0x52, 0x65, 0x6c, 0x75, 0x3b,
  0x6d, 0x6f, 0x64, 0x65, 0x6c, 0x5f, 0x33, 0x36, 0x2f, 0x74, 0x66, 0x2e,
  0x6d, 0x61, 0x74, 0x68, 0x2e, 0x61, 0x64, 0x64, 0x5f, 0x36, 0x38, 0x2f,
  0x41, 0x64, 0x64, 0x3b, 0x6d, 0x6f, 0x64, 0x65, 0x6c, 0x5f, 0x33, 0x36,
  0x2f, 0x74, 0x66, 0x2e, 0x6e, 0x6e, 0x2e, 0x63, 0x6f, 0x6e, 0x76, 0x6f,
  0x6c, 0x75, 0x74, 0x69, 0x6f, 0x6e, 0x5f, 0x36, 0x38, 0x2f, 0x63, 0x6f,
  0x6e, 0x76, 0x6f, 0x6c, 0x75, 0x74, 0x69, 0x6f, 0x6e, 0x3b, 0x43, 0x6f,
  0x6e, 0x73, 0x74, 0x5f, 0x35, 0x00, 0x00, 0x00, 0x01, 0x00, 0x00, 0x00,
  0x10, 0x00, 0x00, 0x00, 0x82, 0xfb, 0xff, 0xff, 0x00, 0x00, 0x00, 0x01,
  0x14, 0x00, 0x00, 0x00, 0xe8, 0x00, 0x00, 0x00, 0x06, 0x00, 0x00, 0x00,
  0x00, 0x00, 0x00, 0x09, 0x0c, 0x01, 0x00, 0x00, 0x6c, 0xfb, 0xff, 0xff,
  0x08, 0x00, 0x00, 0x00, 0x8c, 0x00, 0x00, 0x00, 0x10, 0x00, 0x00, 0x00,
  0x00, 0x00, 0x00, 0x00, 0x00, 0x00, 0x00, 0x00, 0x00, 0x00, 0x00, 0x00,
  0x00, 0x00, 0x00, 0x00, 0x00, 0x00, 0x00, 0x00, 0x00, 0x00, 0x00, 0x00,
  0x00, 0x00, 0x00, 0x00, 0x00, 0x00, 0x00, 0x00, 0x00, 0x00, 0x00, 0x00,
  0x00, 0x00, 0x00, 0x00, 0x00, 0x00, 0x00, 0x00, 0x00, 0x00, 0x00, 0x00,
  0x00, 0x00, 0x00, 0x00, 0x00, 0x00, 0x00, 0x00, 0x00, 0x00, 0x00, 0x00,
  0x00, 0x00, 0x00, 0x00, 0x00, 0x00, 0x00, 0x00, 0x00, 0x00, 0x00, 0x00,
  0x00, 0x00, 0x00, 0x00, 0x00, 0x00, 0x00, 0x00, 0x00, 0x00, 0x00, 0x00,
  0x00, 0x00, 0x00, 0x00, 0x00, 0x00, 0x00, 0x00, 0x00, 0x00, 0x00, 0x00,
  0x00, 0x00, 0x00, 0x00, 0x00, 0x00, 0x00, 0x00, 0x00, 0x00, 0x00, 0x00,
  0x00, 0x00, 0x00, 0x00, 0x00, 0x00, 0x00, 0x00, 0x00, 0x00, 0x00, 0x00,
  0x00, 0x00, 0x00, 0x00, 0x00, 0x00, 0x00, 0x00, 0x00, 0x00, 0x00, 0x00,
  0x10, 0x00, 0x00, 0x00, 0xee, 0x35, 0xa3, 0x3a, 0xe1, 0xfd, 0x8d, 0x3a,
  0x5a, 0x84, 0x92, 0x3a, 0x53, 0xe6, 0xb0, 0x3a, 0x73, 0xfd, 0xaa, 0x3a,
  0xa1, 0xfe, 0xb0, 0x3a, 0xe8, 0xb3, 0x9f, 0x3a, 0xf0, 0xfd, 0x93, 0x3a,
  0x58, 0x61, 0x93, 0x3a, 0xbd, 0xfb, 0xa8, 0x3a, 0xf0, 0x40, 0x93, 0x3a,
  0xd8, 0x60, 0x99, 0x3a, 0xc5, 0x25, 0xb6, 0x3a, 0x78, 0xe6, 0x99, 0x3a,
  0x97, 0x17, 0x9b, 0x3a, 0xbe, 0x72, 0xab, 0x3a, 0x29, 0x00, 0x00, 0x00,
  0x6d, 0x6f, 0x64, 0x65, 0x6c, 0x5f, 0x33, 0x36, 0x2f, 0x74, 0x66, 0x2e,
  0x6e, 0x6e, 0x2e, 0x63, 0x6f, 0x6e, 0x76, 0x6f, 0x6c, 0x75, 0x74, 0x69,
  0x6f, 0x6e, 0x5f, 0x36, 0x39, 0x2f, 0x63, 0x6f, 0x6e, 0x76, 0x6f, 0x6c,
  0x75, 0x74, 0x69, 0x6f, 0x6e, 0x00, 0x00, 0x00, 0x04, 0x00, 0x00, 0x00,
  0x10, 0x00, 0x00, 0x00, 0x03, 0x00, 0x00, 0x00, 0x01, 0x00, 0x00, 0x00,
  0x10, 0x00, 0x00, 0x00, 0xba, 0xfc, 0xff, 0xff, 0x00, 0x00, 0x00, 0x01,
  0x14, 0x00, 0x00, 0x00, 0xe4, 0x00, 0x00, 0x00, 0x05, 0x00, 0x00, 0x00,
  0x00, 0x00, 0x00, 0x02, 0x48, 0x01, 0x00, 0x00, 0xa4, 0xfc, 0xff, 0xff,
  0x08, 0x00, 0x00, 0x00, 0x88, 0x00, 0x00, 0x00, 0x10, 0x00, 0x00, 0x00,
  0x00, 0x00, 0x00, 0x00, 0x00, 0x00, 0x00, 0x00, 0x00, 0x00, 0x00, 0x00,
  0x00, 0x00, 0x00, 0x00, 0x00, 0x00, 0x00, 0x00, 0x00, 0x00, 0x00, 0x00,
  0x00, 0x00, 0x00, 0x00, 0x00, 0x00, 0x00, 0x00, 0x00, 0x00, 0x00, 0x00,
  0x00, 0x00, 0x00, 0x00, 0x00, 0x00, 0x00, 0x00, 0x00, 0x00, 0x00, 0x00,
  0x00, 0x00, 0x00, 0x00, 0x00, 0x00, 0x00, 0x00, 0x00, 0x00, 0x00, 0x00,
  0x00, 0x00, 0x00, 0x00, 0x00, 0x00, 0x00, 0x00, 0x00, 0x00, 0x00, 0x00,
  0x00, 0x00, 0x00, 0x00, 0x00, 0x00, 0x00, 0x00, 0x00, 0x00, 0x00, 0x00,
  0x00, 0x00, 0x00, 0x00, 0x00, 0x00, 0x00, 0x00, 0x00, 0x00, 0x00, 0x00,
  0x00, 0x00, 0x00, 0x00, 0x00, 0x00, 0x00, 0x00, 0x00, 0x00, 0x00, 0x00,
  0x00, 0x00, 0x00, 0x00, 0x00, 0x00, 0x00, 0x00, 0x00, 0x00, 0x00, 0x00,
  0x00, 0x00, 0x00, 0x00, 0x00, 0x00, 0x00, 0x00, 0x10, 0x00, 0x00, 0x00,
  0x39, 0xff, 0xa3, 0x3a, 0x01, 0xad, 0x8e, 0x3a, 0x0e, 0x39, 0x93, 0x3a,
  0x80, 0xc0, 0xb1, 0x3a, 0x56, 0xd0, 0xab, 0x3a, 0xec, 0xd8, 0xb1, 0x3a,
  0xe0, 0x78, 0xa0, 0x3a, 0x76, 0xb4, 0x94, 0x3a, 0x1d, 0x17, 0x94, 0x3a,
  0x27, 0xcc, 0xa9, 0x3a, 0x8d, 0xf6, 0x93, 0x3a, 0x03, 0x1e, 0x9a, 0x3a,
  0x6b, 0x06, 0xb7, 0x3a, 0x48, 0xa4, 0x9a, 0x3a, 0xdf, 0xd6, 0x9b, 0x3a,
  0x32, 0x46, 0xac, 0x3a, 0x69, 0x00, 0x00, 0x00, 0x6d, 0x6f, 0x64, 0x65,
  0x6c, 0x5f, 0x33, 0x36, 0x2f, 0x74, 0x66, 0x2e, 0x6e, 0x6e, 0x2e, 0x72,
  0x65, 0x6c, 0x75, 0x5f, 0x36, 0x39, 0x2f, 0x52, 0x65, 0x6c, 0x75, 0x3b,
  0x6d, 0x6f, 0x64, 0x65, 0x6c, 0x5f, 0x33, 0x36, 0x2f, 0x74, 0x66, 0x2e,
  0x6d, 0x61, 0x74, 0x68, 0x2e, 0x61, 0x64, 0x64, 0x5f, 0x36, 0x39, 0x2f,
  0x41, 0x64, 0x64, 0x3b, 0x6d, 0x6f, 0x64, 0x65, 0x6c, 0x5f, 0x33, 0x36,
  0x2f, 0x74, 0x66, 0x2e, 0x6e, 0x6e, 0x2e, 0x63, 0x6f, 0x6e, 0x76, 0x6f,
  0x6c, 0x75, 0x74, 0x69, 0x6f, 0x6e, 0x5f, 0x36, 0x39, 0x2f, 0x63, 0x6f,
  0x6e, 0x76, 0x6f, 0x6c, 0x75, 0x74, 0x69, 0x6f, 0x6e, 0x3b, 0x43, 0x6f,
  0x6e, 0x73, 0x74, 0x5f, 0x33, 0x00, 0x00, 0x00, 0x01, 0x00, 0x00, 0x00,
  0x10, 0x00, 0x00, 0x00, 0x22, 0xfe, 0xff, 0xff, 0x00, 0x00, 0x00, 0x01,
  0x14, 0x00, 0x00, 0x00, 0x78, 0x00, 0x00, 0x00, 0x04, 0x00, 0x00, 0x00,
  0x00, 0x00, 0x00, 0x09, 0x94, 0x00, 0x00, 0x00, 0x0c, 0xfe, 0xff, 0xff,
  0x08, 0x00, 0x00, 0x00, 0x40, 0x00, 0x00, 0x00, 0x07, 0x00, 0x00, 0x00,
  0x00, 0x00, 0x00, 0x00, 0x00, 0x00, 0x00, 0x00, 0x00, 0x00, 0x00, 0x00,
  0x00, 0x00, 0x00, 0x00, 0x00, 0x00, 0x00, 0x00, 0x00, 0x00, 0x00, 0x00,
  0x00, 0x00, 0x00, 0x00, 0x00, 0x00, 0x00, 0x00, 0x00, 0x00, 0x00, 0x00,
  0x00, 0x00, 0x00, 0x00, 0x00, 0x00, 0x00, 0x00, 0x00, 0x00, 0x00, 0x00,
  0x00, 0x00, 0x00, 0x00, 0x00, 0x00, 0x00, 0x00, 0x07, 0x00, 0x00, 0x00,
  0x6e, 0x64, 0xfa, 0x3a, 0x70, 0x14, 0x0c, 0x3b, 0x23, 0x8d, 0xf0, 0x3a,
  0x7b, 0x39, 0xde, 0x3a, 0x27, 0x24, 0xfb, 0x3a, 0x74, 0x70, 0xe6, 0x3a,
  0x1e, 0x18, 0xfb, 0x3a, 0x22, 0x00, 0x00, 0x00, 0x6d, 0x6f, 0x64, 0x65,
  0x6c, 0x5f, 0x33, 0x36, 0x2f, 0x74, 0x66, 0x2e, 0x6c, 0x69, 0x6e, 0x61,
  0x6c, 0x67, 0x2e, 0x6d, 0x61, 0x74, 0x6d, 0x75, 0x6c, 0x5f, 0x36, 0x2f,
  0x4d, 0x61, 0x74, 0x4d, 0x75, 0x6c, 0x00, 0x00, 0x02, 0x00, 0x00, 0x00,
  0x07, 0x00, 0x00, 0x00, 0x10, 0x00, 0x00, 0x00, 0xda, 0xfe, 0xff, 0xff,
  0x00, 0x00, 0x00, 0x01, 0x14, 0x00, 0x00, 0x00, 0x7c, 0x00, 0x00, 0x00,
  0x03, 0x00, 0x00, 0x00, 0x00, 0x00, 0x00, 0x02, 0x9c, 0x00, 0x00, 0x00,
  0xc4, 0xfe, 0xff, 0xff, 0x08, 0x00, 0x00, 0x00, 0x44, 0x00, 0x00, 0x00,
  0x07, 0x00, 0x00, 0x00, 0x00, 0x00, 0x00, 0x00, 0x00, 0x00, 0x00, 0x00,
  0x00, 0x00, 0x00, 0x00, 0x00, 0x00, 0x00, 0x00, 0x00, 0x00, 0x00, 0x00,
  0x00, 0x00, 0x00, 0x00, 0x00, 0x00, 0x00, 0x00, 0x00, 0x00, 0x00, 0x00,
  0x00, 0x00, 0x00, 0x00, 0x00, 0x00, 0x00, 0x00, 0x00, 0x00, 0x00, 0x00,
  0x00, 0x00, 0x00, 0x00, 0x00, 0x00, 0x00, 0x00, 0x00, 0x00, 0x00, 0x00,
  0x00, 0x00, 0x00, 0x00, 0x07, 0x00, 0x00, 0x00, 0xe5, 0xc4, 0xe2, 0x3a,
  0x64, 0xba, 0xfd, 0x3a, 0x49, 0xdb, 0xd9, 0x3a, 0x43, 0x42, 0xc9, 0x3a,
  0x88, 0x72, 0xe3, 0x3a, 0xd4, 0xb2, 0xd0, 0x3a, 0xa1, 0x67, 0xe3, 0x3a,
  0x26, 0x00, 0x00, 0x00, 0x6d, 0x6f, 0x64, 0x65, 0x6c, 0x5f, 0x33, 0x36,
  0x2f, 0x74, 0x66, 0x2e, 0x5f, 0x5f, 0x6f, 0x70, 0x65, 0x72, 0x61, 0x74,
  0x6f, 0x72, 0x73, 0x5f, 0x5f, 0x2e, 0x61, 0x64, 0x64, 0x5f, 0x33, 0x36,
  0x2f, 0x41, 0x64, 0x64, 0x56, 0x32, 0x00, 0x00, 0x01, 0x00, 0x00, 0x00,
  0x07, 0x00, 0x00, 0x00, 0x96, 0xff, 0xff, 0xff, 0x00, 0x00, 0x00, 0x01,
  0x18, 0x00, 0x00, 0x00, 0x18, 0x00, 0x00, 0x00, 0x02, 0x00, 0x00, 0x00,
  0x00, 0x00, 0x00, 0x02, 0x48, 0x00, 0x00, 0x00, 0x04, 0x00, 0x04, 0x00,
  0x04, 0x00, 0x00, 0x00, 0x35, 0x00, 0x00, 0x00, 0x6d, 0x6f, 0x64, 0x65,
  0x6c, 0x5f, 0x33, 0x36, 0x2f, 0x74, 0x66, 0x2e, 0x6d, 0x61, 0x74, 0x68,
  0x2e, 0x72, 0x65, 0x64, 0x75, 0x63, 0x65, 0x5f, 0x6d, 0x65, 0x61, 0x6e,
  0x5f, 0x36, 0x2f, 0x4d, 0x65, 0x61, 0x6e, 0x2f, 0x72, 0x65, 0x64, 0x75,
  0x63, 0x74, 0x69, 0x6f, 0x6e, 0x5f, 0x69, 0x6e, 0x64, 0x69, 0x63, 0x65,
  0x73, 0x00, 0x00, 0x00, 0x01, 0x00, 0x00, 0x00, 0x02, 0x00, 0x00, 0x00,
  0x00, 0x00, 0x16, 0x00, 0x1c, 0x00, 0x18, 0x00, 0x17, 0x00, 0x10, 0x00,
  0x0c, 0x00, 0x08, 0x00, 0x00, 0x00, 0x00, 0x00, 0x00, 0x00, 0x07, 0x00,
  0x16, 0x00, 0x00, 0x00, 0x00, 0x00, 0x00, 0x01, 0x20, 0x00, 0x00, 0x00,
  0x3c, 0x00, 0x00, 0x00, 0x01, 0x00, 0x00, 0x00, 0x00, 0x00, 0x00, 0x09,
  0x4c, 0x00, 0x00, 0x00, 0x0c, 0x00, 0x0c, 0x00, 0x00, 0x00, 0x00, 0x00,
  0x08, 0x00, 0x04, 0x00, 0x0c, 0x00, 0x00, 0x00, 0x08, 0x00, 0x00, 0x00,
  0x10, 0x00, 0x00, 0x00, 0x01, 0x00, 0x00, 0x00, 0xf1, 0xff, 0xff, 0xff,
  0xff, 0xff, 0xff, 0xff, 0x01, 0x00, 0x00, 0x00, 0x9e, 0x8d, 0xf5, 0x3f,
  0x17, 0x00, 0x00, 0x00, 0x73, 0x65, 0x72, 0x76, 0x69, 0x6e, 0x67, 0x5f,
  0x64, 0x65, 0x66, 0x61, 0x75, 0x6c, 0x74, 0x5f, 0x69, 0x6e, 0x70, 0x75,
  0x74, 0x3a, 0x30, 0x00, 0x04, 0x00, 0x00, 0x00, 0x01, 0x00, 0x00, 0x00,
  0x05, 0x00, 0x00, 0x00, 0x01, 0x00, 0x00, 0x00, 0x09, 0x00, 0x00, 0x00,
  0x04, 0x00, 0x00, 0x00, 0x4c, 0x00, 0x00, 0x00, 0x2c, 0x00, 0x00, 0x00,
  0x18, 0x00, 0x00, 0x00, 0x04, 0x00, 0x00, 0x00, 0xd0, 0xff, 0xff, 0xff,
  0x19, 0x00, 0x00, 0x00, 0x02, 0x00, 0x00, 0x00, 0x00, 0x00, 0x00, 0x19,
  0xe0, 0xff, 0xff, 0xff, 0x09, 0x00, 0x00, 0x00, 0x04, 0x00, 0x00, 0x00,
  0x00, 0x00, 0x00, 0x09, 0xf0, 0xff, 0xff, 0xff, 0x28, 0x00, 0x00, 0x00,
  0x02, 0x00, 0x00, 0x00, 0x00, 0x00, 0x00, 0x28, 0x0c, 0x00, 0x10, 0x00,
  0x0f, 0x00, 0x00, 0x00, 0x08, 0x00, 0x04, 0x00, 0x0c, 0x00, 0x00, 0x00,
  0x03, 0x00, 0x00, 0x00, 0x03, 0x00, 0x00, 0x00, 0x00, 0x00, 0x00, 0x03
};
unsigned int tflite_models_torch_conv_10_5_OFF_int8_tflite_len = 19872;
