unsigned char tflite_models_torch_conv_lstm_lr0_0001_bs32_int8_tflite[] = {
  0x1c, 0x00, 0x00, 0x00, 0x54, 0x46, 0x4c, 0x33, 0x14, 0x00, 0x20, 0x00,
  0x1c, 0x00, 0x18, 0x00, 0x14, 0x00, 0x10, 0x00, 0x0c, 0x00, 0x00, 0x00,
  0x08, 0x00, 0x04, 0x00, 0x14, 0x00, 0x00, 0x00, 0x1c, 0x00, 0x00, 0x00,
  0x80, 0x00, 0x00, 0x00, 0xd8, 0x00, 0x00, 0x00, 0x4c, 0x0d, 0x00, 0x00,
  0x5c, 0x0d, 0x00, 0x00, 0xb0, 0x8a, 0x00, 0x00, 0x03, 0x00, 0x00, 0x00,
  0x01, 0x00, 0x00, 0x00, 0x04, 0x00, 0x00, 0x00, 0x4a, 0xdd, 0xff, 0xff,
  0x0c, 0x00, 0x00, 0x00, 0x1c, 0x00, 0x00, 0x00, 0x38, 0x00, 0x00, 0x00,
  0x0f, 0x00, 0x00, 0x00, 0x73, 0x65, 0x72, 0x76, 0x69, 0x6e, 0x67, 0x5f,
  0x64, 0x65, 0x66, 0x61, 0x75, 0x6c, 0x74, 0x00, 0x01, 0x00, 0x00, 0x00,
  0x04, 0x00, 0x00, 0x00, 0x9c, 0xff, 0xff, 0xff, 0xa8, 0x00, 0x00, 0x00,
  0x04, 0x00, 0x00, 0x00, 0x06, 0x00, 0x00, 0x00, 0x6f, 0x75, 0x74, 0x70,
  0x75, 0x74, 0x00, 0x00, 0x01, 0x00, 0x00, 0x00, 0x04, 0x00, 0x00, 0x00,
  0xba, 0xdd, 0xff, 0xff, 0x04, 0x00, 0x00, 0x00, 0x05, 0x00, 0x00, 0x00,
  0x69, 0x6e, 0x70, 0x75, 0x74, 0x00, 0x00, 0x00, 0x02, 0x00, 0x00, 0x00,
  0x34, 0x00, 0x00, 0x00, 0x04, 0x00, 0x00, 0x00, 0xdc, 0xff, 0xff, 0xff,
  0xab, 0x00, 0x00, 0x00, 0x04, 0x00, 0x00, 0x00, 0x13, 0x00, 0x00, 0x00,
  0x43, 0x4f, 0x4e, 0x56, 0x45, 0x52, 0x53, 0x49, 0x4f, 0x4e, 0x5f, 0x4d,
  0x45, 0x54, 0x41, 0x44, 0x41, 0x54, 0x41, 0x00, 0x08, 0x00, 0x0c, 0x00,
  0x08, 0x00, 0x04, 0x00, 0x08, 0x00, 0x00, 0x00, 0xaa, 0x00, 0x00, 0x00,
  0x04, 0x00, 0x00, 0x00, 0x13, 0x00, 0x00, 0x00, 0x6d, 0x69, 0x6e, 0x5f,
  0x72, 0x75, 0x6e, 0x74, 0x69, 0x6d, 0x65, 0x5f, 0x76, 0x65, 0x72, 0x73,
  0x69, 0x6f, 0x6e, 0x00, 0xac, 0x00, 0x00, 0x00, 0x70, 0x0c, 0x00, 0x00,
  0x68, 0x0c, 0x00, 0x00, 0x4c, 0x0c, 0x00, 0x00, 0x38, 0x0c, 0x00, 0x00,
  0x24, 0x0c, 0x00, 0x00, 0x10, 0x0c, 0x00, 0x00, 0xfc, 0x0b, 0x00, 0x00,
  0xe8, 0x0b, 0x00, 0x00, 0xd4, 0x0b, 0x00, 0x00, 0xc0, 0x0b, 0x00, 0x00,
  0xac, 0x0b, 0x00, 0x00, 0x80, 0x0b, 0x00, 0x00, 0x54, 0x0b, 0x00, 0x00,
  0x04, 0x0b, 0x00, 0x00, 0xfc, 0x0a, 0x00, 0x00, 0xf4, 0x0a, 0x00, 0x00,
  0xec, 0x0a, 0x00, 0x00, 0xe4, 0x0a, 0x00, 0x00, 0xdc, 0x0a, 0x00, 0x00,
  0xd4, 0x0a, 0x00, 0x00, 0x84, 0x0a, 0x00, 0x00, 0x34, 0x0a, 0x00, 0x00,
  0xe4, 0x09, 0x00, 0x00, 0x94, 0x09, 0x00, 0x00, 0x44, 0x09, 0x00, 0x00,
  0xf4, 0x08, 0x00, 0x00, 0xa4, 0x08, 0x00, 0x00, 0x54, 0x08, 0x00, 0x00,
  0x04, 0x08, 0x00, 0x00, 0xf4, 0x06, 0x00, 0x00, 0xa4, 0x06, 0x00, 0x00,
  0xe4, 0x04, 0x00, 0x00, 0xdc, 0x04, 0x00, 0x00, 0xd4, 0x04, 0x00, 0x00,
  0xcc, 0x04, 0x00, 0x00, 0xc4, 0x04, 0x00, 0x00, 0xbc, 0x04, 0x00, 0x00,
  0xb4, 0x04, 0x00, 0x00, 0xac, 0x04, 0x00, 0x00, 0xa4, 0x04, 0x00, 0x00,
  0x9c, 0x04, 0x00, 0x00, 0x94, 0x04, 0x00, 0x00, 0x8c, 0x04, 0x00, 0x00,
  0x84, 0x04, 0x00, 0x00, 0x7c, 0x04, 0x00, 0x00, 0x74, 0x04, 0x00, 0x00,
  0x6c, 0x04, 0x00, 0x00, 0x64, 0x04, 0x00, 0x00, 0x5c, 0x04, 0x00, 0x00,
  0x54, 0x04, 0x00, 0x00, 0x4c, 0x04, 0x00, 0x00, 0x44, 0x04, 0x00, 0x00,
  0x3c, 0x04, 0x00, 0x00, 0x34, 0x04, 0x00, 0x00, 0x2c, 0x04, 0x00, 0x00,
  0x24, 0x04, 0x00, 0x00, 0x1c, 0x04, 0x00, 0x00, 0x14, 0x04, 0x00, 0x00,
  0x0c, 0x04, 0x00, 0x00, 0x04, 0x04, 0x00, 0x00, 0xfc, 0x03, 0x00, 0x00,
  0xf4, 0x03, 0x00, 0x00, 0xec, 0x03, 0x00, 0x00, 0xe4, 0x03, 0x00, 0x00,
  0xdc, 0x03, 0x00, 0x00, 0xd4, 0x03, 0x00, 0x00, 0xcc, 0x03, 0x00, 0x00,
  0xc4, 0x03, 0x00, 0x00, 0xbc, 0x03, 0x00, 0x00, 0xb4, 0x03, 0x00, 0x00,
  0xac, 0x03, 0x00, 0x00, 0xa4, 0x03, 0x00, 0x00, 0x9c, 0x03, 0x00, 0x00,
  0x94, 0x03, 0x00, 0x00, 0x8c, 0x03, 0x00, 0x00, 0x84, 0x03, 0x00, 0x00,
  0x7c, 0x03, 0x00, 0x00, 0x74, 0x03, 0x00, 0x00, 0x6c, 0x03, 0x00, 0x00,
  0x64, 0x03, 0x00, 0x00, 0x5c, 0x03, 0x00, 0x00, 0x54, 0x03, 0x00, 0x00,
  0x4c, 0x03, 0x00, 0x00, 0x44, 0x03, 0x00, 0x00, 0x3c, 0x03, 0x00, 0x00,
  0x34, 0x03, 0x00, 0x00, 0x2c, 0x03, 0x00, 0x00, 0x24, 0x03, 0x00, 0x00,
  0x1c, 0x03, 0x00, 0x00, 0x14, 0x03, 0x00, 0x00, 0x0c, 0x03, 0x00, 0x00,
  0x04, 0x03, 0x00, 0x00, 0xfc, 0x02, 0x00, 0x00, 0xf4, 0x02, 0x00, 0x00,
  0xec, 0x02, 0x00, 0x00, 0xe4, 0x02, 0x00, 0x00, 0xdc, 0x02, 0x00, 0x00,
  0xd4, 0x02, 0x00, 0x00, 0xcc, 0x02, 0x00, 0x00, 0xc4, 0x02, 0x00, 0x00,
  0xbc, 0x02, 0x00, 0x00, 0xb4, 0x02, 0x00, 0x00, 0xac, 0x02, 0x00, 0x00,
  0xa4, 0x02, 0x00, 0x00, 0x9c, 0x02, 0x00, 0x00, 0x94, 0x02, 0x00, 0x00,
  0x8c, 0x02, 0x00, 0x00, 0x84, 0x02, 0x00, 0x00, 0x7c, 0x02, 0x00, 0x00,
  0x74, 0x02, 0x00, 0x00, 0x6c, 0x02, 0x00, 0x00, 0x64, 0x02, 0x00, 0x00,
  0x5c, 0x02, 0x00, 0x00, 0x54, 0x02, 0x00, 0x00, 0x4c, 0x02, 0x00, 0x00,
  0x44, 0x02, 0x00, 0x00, 0x3c, 0x02, 0x00, 0x00, 0x34, 0x02, 0x00, 0x00,
  0x2c, 0x02, 0x00, 0x00, 0x24, 0x02, 0x00, 0x00, 0x1c, 0x02, 0x00, 0x00,
  0x14, 0x02, 0x00, 0x00, 0x0c, 0x02, 0x00, 0x00, 0x04, 0x02, 0x00, 0x00,
  0xfc, 0x01, 0x00, 0x00, 0xf4, 0x01, 0x00, 0x00, 0xec, 0x01, 0x00, 0x00,
  0xe4, 0x01, 0x00, 0x00, 0xdc, 0x01, 0x00, 0x00, 0xd4, 0x01, 0x00, 0x00,
  0xcc, 0x01, 0x00, 0x00, 0xc4, 0x01, 0x00, 0x00, 0xbc, 0x01, 0x00, 0x00,
  0xb4, 0x01, 0x00, 0x00, 0xac, 0x01, 0x00, 0x00, 0xa4, 0x01, 0x00, 0x00,
  0x9c, 0x01, 0x00, 0x00, 0x94, 0x01, 0x00, 0x00, 0x8c, 0x01, 0x00, 0x00,
  0x84, 0x01, 0x00, 0x00, 0x7c, 0x01, 0x00, 0x00, 0x74, 0x01, 0x00, 0x00,
  0x6c, 0x01, 0x00, 0x00, 0x64, 0x01, 0x00, 0x00, 0x5c, 0x01, 0x00, 0x00,
  0x54, 0x01, 0x00, 0x00, 0x4c, 0x01, 0x00, 0x00, 0x44, 0x01, 0x00, 0x00,
  0x3c, 0x01, 0x00, 0x00, 0x34, 0x01, 0x00, 0x00, 0x2c, 0x01, 0x00, 0x00,
  0x24, 0x01, 0x00, 0x00, 0x1c, 0x01, 0x00, 0x00, 0x14, 0x01, 0x00, 0x00,
  0x0c, 0x01, 0x00, 0x00, 0x04, 0x01, 0x00, 0x00, 0xfc, 0x00, 0x00, 0x00,
  0xf4, 0x00, 0x00, 0x00, 0xec, 0x00, 0x00, 0x00, 0xe4, 0x00, 0x00, 0x00,
  0xdc, 0x00, 0x00, 0x00, 0xd4, 0x00, 0x00, 0x00, 0xcc, 0x00, 0x00, 0x00,
  0xc4, 0x00, 0x00, 0x00, 0xbc, 0x00, 0x00, 0x00, 0xb4, 0x00, 0x00, 0x00,
  0xac, 0x00, 0x00, 0x00, 0xa4, 0x00, 0x00, 0x00, 0x9c, 0x00, 0x00, 0x00,
  0x94, 0x00, 0x00, 0x00, 0x74, 0x00, 0x00, 0x00, 0x04, 0x00, 0x00, 0x00,
  0xde, 0xe0, 0xff, 0xff, 0x04, 0x00, 0x00, 0x00, 0x60, 0x00, 0x00, 0x00,
  0x0c, 0x00, 0x00, 0x00, 0x08, 0x00, 0x0e, 0x00, 0x08, 0x00, 0x04, 0x00,
  0x08, 0x00, 0x00, 0x00, 0x10, 0x00, 0x00, 0x00, 0x28, 0x00, 0x00, 0x00,
  0x00, 0x00, 0x06, 0x00, 0x08, 0x00, 0x04, 0x00, 0x06, 0x00, 0x00, 0x00,
  0x04, 0x00, 0x00, 0x00, 0x01, 0x00, 0x00, 0x00, 0xeb, 0x03, 0x00, 0x00,
  0x0c, 0x00, 0x18, 0x00, 0x14, 0x00, 0x10, 0x00, 0x0c, 0x00, 0x04, 0x00,
  0x0c, 0x00, 0x00, 0x00, 0x8d, 0x63, 0x1c, 0xa0, 0xde, 0xe1, 0x0c, 0x6b,
  0x01, 0x00, 0x00, 0x00, 0x02, 0x00, 0x00, 0x00, 0x04, 0x00, 0x00, 0x00,
  0x06, 0x00, 0x00, 0x00, 0x32, 0x2e, 0x32, 0x31, 0x2e, 0x30, 0x00, 0x00,
  0x4a, 0xe1, 0xff, 0xff, 0x04, 0x00, 0x00, 0x00, 0x10, 0x00, 0x00, 0x00,
  0x31, 0x2e, 0x31, 0x34, 0x2e, 0x30, 0x00, 0x00, 0x00, 0x00, 0x00, 0x00,
  0x00, 0x00, 0x00, 0x00, 0x30, 0x7a, 0xff, 0xff, 0x34, 0x7a, 0xff, 0xff,
  0x38, 0x7a, 0xff, 0xff, 0x3c, 0x7a, 0xff, 0xff, 0x40, 0x7a, 0xff, 0xff,
  0x44, 0x7a, 0xff, 0xff, 0x48, 0x7a, 0xff, 0xff, 0x4c, 0x7a, 0xff, 0xff,
  0x50, 0x7a, 0xff, 0xff, 0x54, 0x7a, 0xff, 0xff, 0x58, 0x7a, 0xff, 0xff,
  0x5c, 0x7a, 0xff, 0xff, 0x60, 0x7a, 0xff, 0xff, 0x64, 0x7a, 0xff, 0xff,
  0x68, 0x7a, 0xff, 0xff, 0x6c, 0x7a, 0xff, 0xff, 0x70, 0x7a, 0xff, 0xff,
  0x74, 0x7a, 0xff, 0xff, 0x78, 0x7a, 0xff, 0xff, 0x7c, 0x7a, 0xff, 0xff,
  0x80, 0x7a, 0xff, 0xff, 0x84, 0x7a, 0xff, 0xff, 0x88, 0x7a, 0xff, 0xff,
  0x8c, 0x7a, 0xff, 0xff, 0x90, 0x7a, 0xff, 0xff, 0x94, 0x7a, 0xff, 0xff,
  0x98, 0x7a, 0xff, 0xff, 0x9c, 0x7a, 0xff, 0xff, 0xa0, 0x7a, 0xff, 0xff,
  0xa4, 0x7a, 0xff, 0xff, 0xa8, 0x7a, 0xff, 0xff, 0xac, 0x7a, 0xff, 0xff,
  0xb0, 0x7a, 0xff, 0xff, 0xb4, 0x7a, 0xff, 0xff, 0xb8, 0x7a, 0xff, 0xff,
  0xbc, 0x7a, 0xff, 0xff, 0xc0, 0x7a, 0xff, 0xff, 0xc4, 0x7a, 0xff, 0xff,
  0xc8, 0x7a, 0xff, 0xff, 0xcc, 0x7a, 0xff, 0xff, 0xd0, 0x7a, 0xff, 0xff,
  0xd4, 0x7a, 0xff, 0xff, 0xd8, 0x7a, 0xff, 0xff, 0xdc, 0x7a, 0xff, 0xff,
  0xe0, 0x7a, 0xff, 0xff, 0xe4, 0x7a, 0xff, 0xff, 0xe8, 0x7a, 0xff, 0xff,
  0xec, 0x7a, 0xff, 0xff, 0xf0, 0x7a, 0xff, 0xff, 0xf4, 0x7a, 0xff, 0xff,
  0xf8, 0x7a, 0xff, 0xff, 0xfc, 0x7a, 0xff, 0xff, 0x00, 0x7b, 0xff, 0xff,
  0x04, 0x7b, 0xff, 0xff, 0x08, 0x7b, 0xff, 0xff, 0x0c, 0x7b, 0xff, 0xff,
  0x10, 0x7b, 0xff, 0xff, 0x14, 0x7b, 0xff, 0xff, 0x18, 0x7b, 0xff, 0xff,
  0x1c, 0x7b, 0xff, 0xff, 0x20, 0x7b, 0xff, 0xff, 0x24, 0x7b, 0xff, 0xff,
  0x28, 0x7b, 0xff, 0xff, 0x2c, 0x7b, 0xff, 0xff, 0x30, 0x7b, 0xff, 0xff,
  0x34, 0x7b, 0xff, 0xff, 0x38, 0x7b, 0xff, 0xff, 0x3c, 0x7b, 0xff, 0xff,
  0x40, 0x7b, 0xff, 0xff, 0x44, 0x7b, 0xff, 0xff, 0x48, 0x7b, 0xff, 0xff,
  0x4c, 0x7b, 0xff, 0xff, 0x50, 0x7b, 0xff, 0xff, 0x54, 0x7b, 0xff, 0xff,
  0x58, 0x7b, 0xff, 0xff, 0x5c, 0x7b, 0xff, 0xff, 0x60, 0x7b, 0xff, 0xff,
  0x64, 0x7b, 0xff, 0xff, 0x68, 0x7b, 0xff, 0xff, 0x6c, 0x7b, 0xff, 0xff,
  0x70, 0x7b, 0xff, 0xff, 0x74, 0x7b, 0xff, 0xff, 0x78, 0x7b, 0xff, 0xff,
  0x7c, 0x7b, 0xff, 0xff, 0x80, 0x7b, 0xff, 0xff, 0x84, 0x7b, 0xff, 0xff,
  0x88, 0x7b, 0xff, 0xff, 0x8c, 0x7b, 0xff, 0xff, 0x90, 0x7b, 0xff, 0xff,
  0x94, 0x7b, 0xff, 0xff, 0x98, 0x7b, 0xff, 0xff, 0x9c, 0x7b, 0xff, 0xff,
  0xa0, 0x7b, 0xff, 0xff, 0xa4, 0x7b, 0xff, 0xff, 0xa8, 0x7b, 0xff, 0xff,
  0xac, 0x7b, 0xff, 0xff, 0xb0, 0x7b, 0xff, 0xff, 0xb4, 0x7b, 0xff, 0xff,
  0xb8, 0x7b, 0xff, 0xff, 0xbc, 0x7b, 0xff, 0xff, 0xc0, 0x7b, 0xff, 0xff,
  0xc4, 0x7b, 0xff, 0xff, 0xc8, 0x7b, 0xff, 0xff, 0xcc, 0x7b, 0xff, 0xff,
  0xd0, 0x7b, 0xff, 0xff, 0xd4, 0x7b, 0xff, 0xff, 0xd8, 0x7b, 0xff, 0xff,
  0xdc, 0x7b, 0xff, 0xff, 0xe0, 0x7b, 0xff, 0xff, 0xe4, 0x7b, 0xff, 0xff,
  0xe8, 0x7b, 0xff, 0xff, 0xec, 0x7b, 0xff, 0xff, 0xf0, 0x7b, 0xff, 0xff,
  0xf4, 0x7b, 0xff, 0xff, 0xf8, 0x7b, 0xff, 0xff, 0xfc, 0x7b, 0xff, 0xff,
  0x00, 0x7c, 0xff, 0xff, 0x04, 0x7c, 0xff, 0xff, 0x08, 0x7c, 0xff, 0xff,
  0x0c, 0x7c, 0xff, 0xff, 0x10, 0x7c, 0xff, 0xff, 0x14, 0x7c, 0xff, 0xff,
  0x18, 0x7c, 0xff, 0xff, 0x1c, 0x7c, 0xff, 0xff, 0x20, 0x7c, 0xff, 0xff,
  0x24, 0x7c, 0xff, 0xff, 0x28, 0x7c, 0xff, 0xff, 0x2c, 0x7c, 0xff, 0xff,
  0x30, 0x7c, 0xff, 0xff, 0x34, 0x7c, 0xff, 0xff, 0x38, 0x7c, 0xff, 0xff,
  0x3c, 0x7c, 0xff, 0xff, 0x40, 0x7c, 0xff, 0xff, 0x44, 0x7c, 0xff, 0xff,
  0x48, 0x7c, 0xff, 0xff, 0x4c, 0x7c, 0xff, 0xff, 0x50, 0x7c, 0xff, 0xff,
  0x54, 0x7c, 0xff, 0xff, 0x8e, 0xe3, 0xff, 0xff, 0x04, 0x00, 0x00, 0x00,
  0xb0, 0x01, 0x00, 0x00, 0x2b, 0x12, 0x7f, 0xde, 0xd6, 0xb7, 0x21, 0xe9,
  0x28, 0x2c, 0x14, 0x46, 0xd1, 0x12, 0xc7, 0xc1, 0xc2, 0x27, 0x22, 0xf2,
  0x2e, 0x64, 0x17, 0x5b, 0x5e, 0x3d, 0x45, 0x81, 0x9e, 0xfc, 0x2e, 0x54,
  0x00, 0x06, 0x04, 0xc7, 0xb5, 0xe5, 0xcb, 0x34, 0xcd, 0x96, 0xf4, 0xee,
  0x5d, 0xbd, 0xfe, 0xc9, 0xc3, 0xed, 0x34, 0xa3, 0xf1, 0xa7, 0x3c, 0xd3,
  0x37, 0x77, 0xeb, 0x1e, 0xd4, 0x17, 0x1b, 0xe4, 0xf6, 0x3d, 0x33, 0x63,
  0xf3, 0xf6, 0x13, 0x13, 0x90, 0x25, 0x81, 0x4d, 0xba, 0xc4, 0x36, 0xde,
  0xad, 0xe8, 0x45, 0xcd, 0xd5, 0x0b, 0x42, 0xbc, 0xa0, 0x48, 0xb4, 0x3d,
  0xb1, 0xb8, 0x65, 0x76, 0x76, 0x64, 0x53, 0x81, 0x53, 0x06, 0xc4, 0x1d,
  0x88, 0xb8, 0xc9, 0xbf, 0x86, 0xd6, 0x6b, 0x82, 0x18, 0xdb, 0xb1, 0xf6,
  0x47, 0x3e, 0xdb, 0xad, 0x7f, 0xe1, 0xc7, 0xa2, 0xe5, 0x8a, 0x8e, 0xd3,
  0x91, 0x83, 0xe0, 0x48, 0x5f, 0x05, 0x2b, 0xeb, 0xd8, 0xcd, 0x19, 0x47,
  0x0d, 0xcf, 0x2f, 0x04, 0xdb, 0x6e, 0x23, 0xd9, 0xe1, 0xff, 0x2b, 0x00,
  0x19, 0xc9, 0x2f, 0xcb, 0xed, 0xba, 0x2b, 0xcc, 0x81, 0x12, 0x40, 0xb5,
  0x06, 0x56, 0x28, 0x65, 0xdc, 0x3d, 0x4f, 0x8c, 0xbb, 0x98, 0xda, 0xd4,
  0x32, 0x78, 0x0d, 0xf8, 0x45, 0xe2, 0xfd, 0x8d, 0xf7, 0x37, 0x7f, 0xdb,
  0xf2, 0x70, 0xd5, 0x4a, 0xf9, 0x27, 0x5d, 0x2b, 0xe3, 0x9e, 0x7c, 0xfa,
  0xef, 0x4e, 0x0c, 0xfc, 0xec, 0x6b, 0xc9, 0x7f, 0xf8, 0xe1, 0xea, 0xd7,
  0x4b, 0xca, 0x37, 0xf1, 0xfe, 0xfb, 0x71, 0x4b, 0x61, 0x6a, 0xb6, 0xfc,
  0xe7, 0xb2, 0xbc, 0xc7, 0xda, 0x03, 0xd7, 0x04, 0x9a, 0x59, 0x81, 0x20,
  0xd6, 0x4b, 0x66, 0xbd, 0x9e, 0x3e, 0xd9, 0x51, 0xd1, 0x1f, 0x09, 0xf3,
  0x11, 0xbe, 0x4a, 0x1b, 0xb8, 0xf0, 0xf0, 0xd4, 0xee, 0xd1, 0x6b, 0xad,
  0xbd, 0x63, 0x27, 0x1d, 0xd4, 0x27, 0x7f, 0xb3, 0x1a, 0x16, 0x07, 0x95,
  0xcf, 0x0d, 0x53, 0xad, 0x32, 0x48, 0x41, 0xdf, 0xe8, 0xc9, 0xdd, 0xe3,
  0x6a, 0x34, 0x37, 0x91, 0x81, 0x05, 0xd3, 0x37, 0xf0, 0xc9, 0x1b, 0xcb,
  0x06, 0xf6, 0xcf, 0x99, 0x86, 0xdf, 0x5b, 0x05, 0xf8, 0xaf, 0xe7, 0xd4,
  0x2a, 0x5e, 0xb7, 0x3b, 0x4c, 0x7f, 0x69, 0xe1, 0x13, 0xf5, 0x5d, 0x39,
  0x9a, 0xf4, 0xba, 0x11, 0x2e, 0x79, 0x13, 0x35, 0x42, 0x81, 0xce, 0xf2,
  0x77, 0x70, 0x4d, 0x7a, 0xd1, 0x74, 0xbf, 0x77, 0x51, 0x1a, 0xce, 0xb4,
  0x40, 0x50, 0xe8, 0x3f, 0x55, 0xfe, 0x01, 0xa3, 0x81, 0x43, 0x34, 0xc3,
  0xd0, 0x03, 0x34, 0x03, 0x9f, 0x61, 0x8c, 0xb2, 0x27, 0x36, 0x37, 0x85,
  0x17, 0x48, 0xb0, 0xf2, 0xdb, 0x12, 0xe8, 0x97, 0x22, 0xb1, 0x18, 0x43,
  0xeb, 0xe4, 0x6e, 0xc7, 0xec, 0xf0, 0xad, 0x57, 0x91, 0x44, 0xd5, 0x3a,
  0x31, 0xdf, 0xcf, 0xb2, 0xef, 0x50, 0xef, 0xc3, 0xac, 0xd2, 0xe5, 0x54,
  0x7f, 0x9d, 0x23, 0xbf, 0xad, 0x54, 0xc8, 0xa4, 0x3f, 0x4c, 0xb8, 0x27,
  0xa0, 0x42, 0xc1, 0xdd, 0x42, 0xaf, 0xd0, 0x81, 0x2a, 0x05, 0xbb, 0xbd,
  0x4a, 0xf3, 0xc3, 0xea, 0x4a, 0xe5, 0xff, 0xff, 0x04, 0x00, 0x00, 0x00,
  0x40, 0x00, 0x00, 0x00, 0x3a, 0x00, 0x00, 0x00, 0x59, 0x00, 0x00, 0x00,
  0xda, 0xff, 0xff, 0xff, 0x11, 0x00, 0x00, 0x00, 0x8c, 0xff, 0xff, 0xff,
  0xfa, 0xff, 0xff, 0xff, 0x23, 0x00, 0x00, 0x00, 0x55, 0x00, 0x00, 0x00,
  0x21, 0x00, 0x00, 0x00, 0xfb, 0xff, 0xff, 0xff, 0xef, 0xff, 0xff, 0xff,
  0xf5, 0xff, 0xff, 0xff, 0xff, 0xff, 0xff, 0xff, 0x09, 0x00, 0x00, 0x00,
  0xd2, 0xff, 0xff, 0xff, 0xf9, 0xff, 0xff, 0xff, 0x96, 0xe5, 0xff, 0xff,
  0x04, 0x00, 0x00, 0x00, 0x00, 0x01, 0x00, 0x00, 0x19, 0x0b, 0xb3, 0xea,
  0x14, 0x7f, 0xe7, 0x0a, 0x63, 0x00, 0x5d, 0x25, 0xd9, 0xeb, 0x5c, 0xd1,
  0xc3, 0xe8, 0x05, 0x2c, 0x7c, 0xbf, 0x1a, 0x1c, 0x1d, 0x2c, 0x32, 0x8f,
  0x7f, 0x17, 0x30, 0x2b, 0x6b, 0x07, 0x74, 0x32, 0x7f, 0x46, 0x2b, 0x61,
  0xb7, 0xd4, 0x2c, 0xeb, 0x56, 0xdd, 0x3d, 0xe3, 0x5b, 0xfb, 0xc0, 0x13,
  0x03, 0xd3, 0x11, 0x05, 0xf6, 0x7f, 0xd8, 0xf3, 0x3e, 0x59, 0x33, 0x54,
  0x32, 0x7f, 0xc4, 0xc5, 0x02, 0x3e, 0x3d, 0x4a, 0x23, 0x1a, 0x60, 0xfc,
  0x66, 0xc1, 0x05, 0x1e, 0x5c, 0xcc, 0x6f, 0x1e, 0x48, 0xe9, 0x0f, 0x7f,
  0x30, 0xb0, 0xc0, 0x65, 0xbf, 0x3f, 0xff, 0x3c, 0x3e, 0x49, 0x76, 0xe4,
  0xef, 0xd1, 0x60, 0x3f, 0xcb, 0xeb, 0xfe, 0x15, 0xeb, 0xb3, 0x7f, 0x58,
  0x15, 0x25, 0x21, 0x52, 0x7f, 0xd5, 0x0c, 0x33, 0xd4, 0x3d, 0xc8, 0x34,
  0x07, 0xcd, 0xc3, 0x50, 0x23, 0x7f, 0x19, 0x5f, 0xa2, 0x1a, 0x4b, 0x20,
  0xe1, 0xce, 0xc5, 0x48, 0xf6, 0x18, 0x02, 0xb6, 0xf5, 0x49, 0x22, 0xd3,
  0x49, 0xbc, 0xe4, 0x9b, 0xb9, 0x38, 0xa2, 0x42, 0xe6, 0x81, 0x87, 0xfa,
  0x84, 0xa8, 0x0a, 0xdf, 0x4f, 0x16, 0x16, 0x91, 0xe6, 0x24, 0x81, 0x52,
  0x54, 0x4b, 0x84, 0xf4, 0x40, 0x21, 0xac, 0x7f, 0x53, 0xee, 0xbc, 0x43,
  0x30, 0x3b, 0x5b, 0x4d, 0xac, 0xf3, 0xaf, 0x2d, 0xf1, 0x74, 0xe3, 0xde,
  0xf7, 0x16, 0x3f, 0x6c, 0x5e, 0xde, 0xcb, 0xfc, 0x7f, 0xee, 0xf2, 0x49,
  0x73, 0x50, 0xfd, 0x7f, 0xf2, 0xde, 0xfd, 0x6d, 0x61, 0x08, 0x1d, 0xfc,
  0x05, 0x1e, 0xd5, 0xce, 0x55, 0xfc, 0x01, 0xcf, 0x20, 0x36, 0x1e, 0x73,
  0x7f, 0x4c, 0x66, 0x10, 0x35, 0xb8, 0xfa, 0x3e, 0x0d, 0x6d, 0xf7, 0xf9,
  0xcc, 0x47, 0x37, 0x55, 0xf6, 0xe3, 0xc5, 0x19, 0x7f, 0x6a, 0x29, 0x42,
  0xa2, 0xe6, 0xff, 0xff, 0x04, 0x00, 0x00, 0x00, 0x40, 0x00, 0x00, 0x00,
  0x30, 0x00, 0x00, 0x00, 0xe1, 0x00, 0x00, 0x00, 0x46, 0x00, 0x00, 0x00,
  0x94, 0x00, 0x00, 0x00, 0xa8, 0x00, 0x00, 0x00, 0x9d, 0x00, 0x00, 0x00,
  0x9b, 0x00, 0x00, 0x00, 0x40, 0x00, 0x00, 0x00, 0xc8, 0x00, 0x00, 0x00,
  0x51, 0x00, 0x00, 0x00, 0x8b, 0xff, 0xff, 0xff, 0x40, 0x00, 0x00, 0x00,
  0xaf, 0x00, 0x00, 0x00, 0xa4, 0x00, 0x00, 0x00, 0x9b, 0x00, 0x00, 0x00,
  0x73, 0x00, 0x00, 0x00, 0xee, 0xe6, 0xff, 0xff, 0x04, 0x00, 0x00, 0x00,
  0x40, 0x00, 0x00, 0x00, 0x3b, 0x81, 0xf4, 0x67, 0x7e, 0x81, 0x86, 0x7c,
  0x7f, 0xdf, 0x9b, 0xba, 0x21, 0xc8, 0x81, 0xf5, 0x31, 0xb1, 0x1b, 0x81,
  0x5a, 0x81, 0x44, 0x8d, 0x7f, 0x96, 0x1c, 0x57, 0x69, 0xb8, 0x81, 0x4c,
  0xa0, 0x13, 0xb1, 0x81, 0x81, 0x45, 0xe7, 0x5d, 0xbf, 0x7f, 0xe7, 0x34,
  0x1b, 0x81, 0xa8, 0xb7, 0x7f, 0x84, 0xdb, 0x14, 0x2a, 0x81, 0xe7, 0x48,
  0x2d, 0x81, 0xd2, 0x5d, 0x6d, 0x08, 0x04, 0x7f, 0x3a, 0xe7, 0xff, 0xff,
  0x04, 0x00, 0x00, 0x00, 0x40, 0x00, 0x00, 0x00, 0x56, 0xfc, 0xff, 0xff,
  0xd6, 0x5f, 0x00, 0x00, 0xa7, 0xfc, 0xff, 0xff, 0xac, 0xf7, 0xff, 0xff,
  0xd0, 0x66, 0x00, 0x00, 0x9e, 0x2e, 0x00, 0x00, 0xbe, 0x41, 0x00, 0x00,
  0xce, 0x2b, 0x00, 0x00, 0x42, 0x45, 0x00, 0x00, 0x9f, 0x25, 0x00, 0x00,
  0x50, 0x98, 0xff, 0xff, 0xbf, 0x2e, 0x00, 0x00, 0x52, 0x2e, 0x00, 0x00,
  0x68, 0x1c, 0x00, 0x00, 0x19, 0x2d, 0x00, 0x00, 0x57, 0x06, 0x00, 0x00,
  0x86, 0xe7, 0xff, 0xff, 0x04, 0x00, 0x00, 0x00, 0x40, 0x00, 0x00, 0x00,
  0x56, 0xfc, 0xff, 0xff, 0xd6, 0x5f, 0x00, 0x00, 0xa7, 0xfc, 0xff, 0xff,
  0xac, 0xf7, 0xff, 0xff, 0xd0, 0x66, 0x00, 0x00, 0x9e, 0x2e, 0x00, 0x00,
  0xbe, 0x41, 0x00, 0x00, 0xce, 0x2b, 0x00, 0x00, 0x42, 0x45, 0x00, 0x00,
  0x9f, 0x25, 0x00, 0x00, 0x50, 0x98, 0xff, 0xff, 0xc0, 0x2e, 0x00, 0x00,
  0x52, 0x2e, 0x00, 0x00, 0x69, 0x1c, 0x00, 0x00, 0x19, 0x2d, 0x00, 0x00,
  0x57, 0x06, 0x00, 0x00, 0xd2, 0xe7, 0xff, 0xff, 0x04, 0x00, 0x00, 0x00,
  0x40, 0x00, 0x00, 0x00, 0x56, 0xfc, 0xff, 0xff, 0xd8, 0x5f, 0x00, 0x00,
  0xa7, 0xfc, 0xff, 0xff, 0xac, 0xf7, 0xff, 0xff, 0xd2, 0x66, 0x00, 0x00,
  0x9f, 0x2e, 0x00, 0x00, 0xbf, 0x41, 0x00, 0x00, 0xcf, 0x2b, 0x00, 0x00,
  0x43, 0x45, 0x00, 0x00, 0xa0, 0x25, 0x00, 0x00, 0x4e, 0x98, 0xff, 0xff,
  0xc1, 0x2e, 0x00, 0x00, 0x53, 0x2e, 0x00, 0x00, 0x69, 0x1c, 0x00, 0x00,
  0x1a, 0x2d, 0x00, 0x00, 0x57, 0x06, 0x00, 0x00, 0x1e, 0xe8, 0xff, 0xff,
  0x04, 0x00, 0x00, 0x00, 0x40, 0x00, 0x00, 0x00, 0x56, 0xfc, 0xff, 0xff,
  0xe7, 0x5f, 0x00, 0x00, 0xa6, 0xfc, 0xff, 0xff, 0xab, 0xf7, 0xff, 0xff,
  0xe1, 0x66, 0x00, 0x00, 0xa6, 0x2e, 0x00, 0x00, 0xc9, 0x41, 0x00, 0x00,
  0xd6, 0x2b, 0x00, 0x00, 0x4d, 0x45, 0x00, 0x00, 0xa5, 0x25, 0x00, 0x00,
  0x3f, 0x98, 0xff, 0xff, 0xc7, 0x2e, 0x00, 0x00, 0x5a, 0x2e, 0x00, 0x00,
  0x6d, 0x1c, 0x00, 0x00, 0x21, 0x2d, 0x00, 0x00, 0x58, 0x06, 0x00, 0x00,
  0x6a, 0xe8, 0xff, 0xff, 0x04, 0x00, 0x00, 0x00, 0x40, 0x00, 0x00, 0x00,
  0x52, 0xfc, 0xff, 0xff, 0x50, 0x60, 0x00, 0x00, 0xa2, 0xfc, 0xff, 0xff,
  0xa2, 0xf7, 0xff, 0xff, 0x53, 0x67, 0x00, 0x00, 0xda, 0x2e, 0x00, 0x00,
  0x11, 0x42, 0x00, 0x00, 0x06, 0x2c, 0x00, 0x00, 0x9a, 0x45, 0x00, 0x00,
  0xcf, 0x25, 0x00, 0x00, 0xcd, 0x97, 0xff, 0xff, 0xfb, 0x2e, 0x00, 0x00,
  0x8d, 0x2e, 0x00, 0x00, 0x8d, 0x1c, 0x00, 0x00, 0x52, 0x2d, 0x00, 0x00,
  0x5f, 0x06, 0x00, 0x00, 0xb6, 0xe8, 0xff, 0xff, 0x04, 0x00, 0x00, 0x00,
  0x40, 0x00, 0x00, 0x00, 0x33, 0xfc, 0xff, 0xff, 0x6a, 0x63, 0x00, 0x00,
  0x87, 0xfc, 0xff, 0xff, 0x5d, 0xf7, 0xff, 0xff, 0xa6, 0x6a, 0x00, 0x00,
  0x5c, 0x30, 0x00, 0x00, 0x32, 0x44, 0x00, 0x00, 0x71, 0x2d, 0x00, 0x00,
  0xd7, 0x47, 0x00, 0x00, 0x06, 0x27, 0x00, 0x00, 0x72, 0x94, 0xff, 0xff,
  0x7e, 0x30, 0x00, 0x00, 0x0d, 0x30, 0x00, 0x00, 0x78, 0x1d, 0x00, 0x00,
  0xc8, 0x2e, 0x00, 0x00, 0x93, 0x06, 0x00, 0x00, 0x02, 0xe9, 0xff, 0xff,
  0x04, 0x00, 0x00, 0x00, 0x40, 0x00, 0x00, 0x00, 0x31, 0xfb, 0xff, 0xff,
  0xd6, 0x7d, 0x00, 0x00, 0x9a, 0xfb, 0xff, 0xff, 0x11, 0xf5, 0xff, 0xff,
  0xff, 0x86, 0x00, 0x00, 0x36, 0x3d, 0x00, 0x00, 0x52, 0x56, 0x00, 0x00,
  0x85, 0x39, 0x00, 0x00, 0xf0, 0x5a, 0x00, 0x00, 0x66, 0x31, 0x00, 0x00,
  0xdb, 0x77, 0xff, 0xff, 0x62, 0x3d, 0x00, 0x00, 0xd2, 0x3c, 0x00, 0x00,
  0x4d, 0x25, 0x00, 0x00, 0x37, 0x3b, 0x00, 0x00, 0x53, 0x08, 0x00, 0x00,
  0x18, 0x82, 0xff, 0xff, 0x1c, 0x82, 0xff, 0xff, 0x20, 0x82, 0xff, 0xff,
  0x24, 0x82, 0xff, 0xff, 0x28, 0x82, 0xff, 0xff, 0x2c, 0x82, 0xff, 0xff,
  0x66, 0xe9, 0xff, 0xff, 0x04, 0x00, 0x00, 0x00, 0x40, 0x00, 0x00, 0x00,
  0x38, 0x00, 0x00, 0x00, 0x60, 0x00, 0x00, 0x00, 0x4f, 0x00, 0x00, 0x00,
  0xa9, 0x00, 0x00, 0x00, 0x63, 0x00, 0x00, 0x00, 0x65, 0x00, 0x00, 0x00,
  0x41, 0x00, 0x00, 0x00, 0xee, 0xff, 0xff, 0xff, 0x70, 0x00, 0x00, 0x00,
  0x14, 0x00, 0x00, 0x00, 0x27, 0x00, 0x00, 0x00, 0xe3, 0xff, 0xff, 0xff,
  0x46, 0x00, 0x00, 0x00, 0x65, 0x00, 0x00, 0x00, 0x1d, 0x00, 0x00, 0x00,
  0x64, 0x00, 0x00, 0x00, 0xb2, 0xe9, 0xff, 0xff, 0x04, 0x00, 0x00, 0x00,
  0x1c, 0x00, 0x00, 0x00, 0x7f, 0x74, 0x68, 0xc5, 0x24, 0x10, 0x31, 0x81,
  0x7a, 0x81, 0x98, 0x79, 0x4a, 0x7f, 0x8b, 0x35, 0x7f, 0x3b, 0x51, 0xed,
  0x5e, 0x7f, 0x1d, 0xe7, 0x1a, 0xef, 0x47, 0x81, 0xda, 0xe9, 0xff, 0xff,
  0x04, 0x00, 0x00, 0x00, 0x1c, 0x00, 0x00, 0x00, 0x96, 0xfb, 0xff, 0xff,
  0x58, 0xaf, 0xff, 0xff, 0x80, 0x38, 0x00, 0x00, 0x16, 0xd1, 0xff, 0xff,
  0xb2, 0xe7, 0xff, 0xff, 0x6f, 0x25, 0x00, 0x00, 0xb7, 0x23, 0x00, 0x00,
  0x02, 0xea, 0xff, 0xff, 0x04, 0x00, 0x00, 0x00, 0x04, 0x00, 0x00, 0x00,
  0x07, 0x00, 0x00, 0x00, 0x12, 0xea, 0xff, 0xff, 0x04, 0x00, 0x00, 0x00,
  0x04, 0x00, 0x00, 0x00, 0x06, 0x00, 0x00, 0x00, 0x22, 0xea, 0xff, 0xff,
  0x04, 0x00, 0x00, 0x00, 0x04, 0x00, 0x00, 0x00, 0x05, 0x00, 0x00, 0x00,
  0x32, 0xea, 0xff, 0xff, 0x04, 0x00, 0x00, 0x00, 0x04, 0x00, 0x00, 0x00,
  0x04, 0x00, 0x00, 0x00, 0x42, 0xea, 0xff, 0xff, 0x04, 0x00, 0x00, 0x00,
  0x04, 0x00, 0x00, 0x00, 0x03, 0x00, 0x00, 0x00, 0x52, 0xea, 0xff, 0xff,
  0x04, 0x00, 0x00, 0x00, 0x04, 0x00, 0x00, 0x00, 0x02, 0x00, 0x00, 0x00,
  0x62, 0xea, 0xff, 0xff, 0x04, 0x00, 0x00, 0x00, 0x04, 0x00, 0x00, 0x00,
  0x01, 0x00, 0x00, 0x00, 0x72, 0xea, 0xff, 0xff, 0x04, 0x00, 0x00, 0x00,
  0x04, 0x00, 0x00, 0x00, 0x00, 0x00, 0x00, 0x00, 0x82, 0xea, 0xff, 0xff,
  0x04, 0x00, 0x00, 0x00, 0x0c, 0x00, 0x00, 0x00, 0x01, 0x00, 0x00, 0x00,
  0x08, 0x00, 0x00, 0x00, 0x10, 0x00, 0x00, 0x00, 0x64, 0x83, 0xff, 0xff,
  0x68, 0x83, 0xff, 0xff, 0x0f, 0x00, 0x00, 0x00, 0x4d, 0x4c, 0x49, 0x52,
  0x20, 0x43, 0x6f, 0x6e, 0x76, 0x65, 0x72, 0x74, 0x65, 0x64, 0x2e, 0x00,
  0x01, 0x00, 0x00, 0x00, 0x14, 0x00, 0x00, 0x00, 0x00, 0x00, 0x0e, 0x00,
  0x18, 0x00, 0x14, 0x00, 0x10, 0x00, 0x0c, 0x00, 0x08, 0x00, 0x04, 0x00,
  0x0e, 0x00, 0x00, 0x00, 0x14, 0x00, 0x00, 0x00, 0x1c, 0x00, 0x00, 0x00,
  0xd4, 0x15, 0x00, 0x00, 0xd8, 0x15, 0x00, 0x00, 0xdc, 0x15, 0x00, 0x00,
  0x04, 0x00, 0x00, 0x00, 0x6d, 0x61, 0x69, 0x6e, 0x00, 0x00, 0x00, 0x00,
  0x72, 0x00, 0x00, 0x00, 0x6c, 0x15, 0x00, 0x00, 0x34, 0x15, 0x00, 0x00,
  0xe8, 0x14, 0x00, 0x00, 0xa0, 0x14, 0x00, 0x00, 0x6c, 0x14, 0x00, 0x00,
  0x28, 0x14, 0x00, 0x00, 0x04, 0x14, 0x00, 0x00, 0xe0, 0x13, 0x00, 0x00,
  0xbc, 0x13, 0x00, 0x00, 0x98, 0x13, 0x00, 0x00, 0x74, 0x13, 0x00, 0x00,
  0x50, 0x13, 0x00, 0x00, 0x1c, 0x13, 0x00, 0x00, 0xf8, 0x12, 0x00, 0x00,
  0xc4, 0x12, 0x00, 0x00, 0x8c, 0x12, 0x00, 0x00, 0x54, 0x12, 0x00, 0x00,
  0x1c, 0x12, 0x00, 0x00, 0xe8, 0x11, 0x00, 0x00, 0xa4, 0x11, 0x00, 0x00,
  0x80, 0x11, 0x00, 0x00, 0x5c, 0x11, 0x00, 0x00, 0x28, 0x11, 0x00, 0x00,
  0x04, 0x11, 0x00, 0x00, 0xe0, 0x10, 0x00, 0x00, 0xac, 0x10, 0x00, 0x00,
  0x78, 0x10, 0x00, 0x00, 0x54, 0x10, 0x00, 0x00, 0x20, 0x10, 0x00, 0x00,
  0xe8, 0x0f, 0x00, 0x00, 0xb0, 0x0f, 0x00, 0x00, 0x78, 0x0f, 0x00, 0x00,
  0x44, 0x0f, 0x00, 0x00, 0x00, 0x0f, 0x00, 0x00, 0xdc, 0x0e, 0x00, 0x00,
  0xb8, 0x0e, 0x00, 0x00, 0x84, 0x0e, 0x00, 0x00, 0x60, 0x0e, 0x00, 0x00,
  0x3c, 0x0e, 0x00, 0x00, 0x08, 0x0e, 0x00, 0x00, 0xd4, 0x0d, 0x00, 0x00,
  0xb0, 0x0d, 0x00, 0x00, 0x7c, 0x0d, 0x00, 0x00, 0x44, 0x0d, 0x00, 0x00,
  0x0c, 0x0d, 0x00, 0x00, 0xd4, 0x0c, 0x00, 0x00, 0xa0, 0x0c, 0x00, 0x00,
  0x5c, 0x0c, 0x00, 0x00, 0x38, 0x0c, 0x00, 0x00, 0x04, 0x0c, 0x00, 0x00,
  0xe0, 0x0b, 0x00, 0x00, 0xbc, 0x0b, 0x00, 0x00, 0x98, 0x0b, 0x00, 0x00,
  0x64, 0x0b, 0x00, 0x00, 0x30, 0x0b, 0x00, 0x00, 0x0c, 0x0b, 0x00, 0x00,
  0xd8, 0x0a, 0x00, 0x00, 0xa0, 0x0a, 0x00, 0x00, 0x68, 0x0a, 0x00, 0x00,
  0x30, 0x0a, 0x00, 0x00, 0xfc, 0x09, 0x00, 0x00, 0xb8, 0x09, 0x00, 0x00,
  0x94, 0x09, 0x00, 0x00, 0x70, 0x09, 0x00, 0x00, 0x3c, 0x09, 0x00, 0x00,
  0x18, 0x09, 0x00, 0x00, 0xf4, 0x08, 0x00, 0x00, 0xc0, 0x08, 0x00, 0x00,
  0x8c, 0x08, 0x00, 0x00, 0x68, 0x08, 0x00, 0x00, 0x34, 0x08, 0x00, 0x00,
  0xfc, 0x07, 0x00, 0x00, 0xc4, 0x07, 0x00, 0x00, 0x8c, 0x07, 0x00, 0x00,
  0x58, 0x07, 0x00, 0x00, 0x14, 0x07, 0x00, 0x00, 0xf0, 0x06, 0x00, 0x00,
  0xcc, 0x06, 0x00, 0x00, 0x98, 0x06, 0x00, 0x00, 0x74, 0x06, 0x00, 0x00,
  0x50, 0x06, 0x00, 0x00, 0x1c, 0x06, 0x00, 0x00, 0xe8, 0x05, 0x00, 0x00,
  0xc4, 0x05, 0x00, 0x00, 0x90, 0x05, 0x00, 0x00, 0x58, 0x05, 0x00, 0x00,
  0x20, 0x05, 0x00, 0x00, 0xe8, 0x04, 0x00, 0x00, 0xb4, 0x04, 0x00, 0x00,
  0x70, 0x04, 0x00, 0x00, 0x4c, 0x04, 0x00, 0x00, 0x28, 0x04, 0x00, 0x00,
  0xf4, 0x03, 0x00, 0x00, 0xd0, 0x03, 0x00, 0x00, 0xac, 0x03, 0x00, 0x00,
  0x78, 0x03, 0x00, 0x00, 0x44, 0x03, 0x00, 0x00, 0x20, 0x03, 0x00, 0x00,
  0xec, 0x02, 0x00, 0x00, 0xb4, 0x02, 0x00, 0x00, 0x7c, 0x02, 0x00, 0x00,
  0x44, 0x02, 0x00, 0x00, 0x10, 0x02, 0x00, 0x00, 0xcc, 0x01, 0x00, 0x00,
  0xa8, 0x01, 0x00, 0x00, 0x84, 0x01, 0x00, 0x00, 0x50, 0x01, 0x00, 0x00,
  0x2c, 0x01, 0x00, 0x00, 0x08, 0x01, 0x00, 0x00, 0xd4, 0x00, 0x00, 0x00,
  0xa0, 0x00, 0x00, 0x00, 0x7c, 0x00, 0x00, 0x00, 0x48, 0x00, 0x00, 0x00,
  0x04, 0x00, 0x00, 0x00, 0xe6, 0xec, 0xff, 0xff, 0x1c, 0x00, 0x00, 0x00,
  0x00, 0x00, 0x00, 0x08, 0x1c, 0x00, 0x00, 0x00, 0x20, 0x00, 0x00, 0x00,
  0x03, 0x00, 0x00, 0x00, 0x00, 0x00, 0x06, 0x00, 0x08, 0x00, 0x07, 0x00,
  0x06, 0x00, 0x00, 0x00, 0x00, 0x00, 0x00, 0x01, 0x01, 0x00, 0x00, 0x00,
  0xa8, 0x00, 0x00, 0x00, 0x03, 0x00, 0x00, 0x00, 0xa7, 0x00, 0x00, 0x00,
  0x0b, 0x00, 0x00, 0x00, 0x0a, 0x00, 0x00, 0x00, 0x6a, 0xed, 0xff, 0xff,
  0x14, 0x00, 0x00, 0x00, 0x00, 0x00, 0x00, 0x15, 0x10, 0x00, 0x00, 0x00,
  0x14, 0x00, 0x00, 0x00, 0x09, 0x00, 0x00, 0x00, 0xe0, 0x85, 0xff, 0xff,
  0x01, 0x00, 0x00, 0x00, 0xa7, 0x00, 0x00, 0x00, 0x02, 0x00, 0x00, 0x00,
  0xa2, 0x00, 0x00, 0x00, 0xa6, 0x00, 0x00, 0x00, 0x0a, 0xed, 0xff, 0xff,
  0x0c, 0x00, 0x00, 0x00, 0x10, 0x00, 0x00, 0x00, 0x08, 0x00, 0x00, 0x00,
  0x01, 0x00, 0x00, 0x00, 0xa6, 0x00, 0x00, 0x00, 0x01, 0x00, 0x00, 0x00,
  0xa5, 0x00, 0x00, 0x00, 0xba, 0xed, 0xff, 0xff, 0x14, 0x00, 0x00, 0x00,
  0x00, 0x00, 0x00, 0x0b, 0x10, 0x00, 0x00, 0x00, 0x14, 0x00, 0x00, 0x00,
  0x0a, 0x00, 0x00, 0x00, 0x30, 0x86, 0xff, 0xff, 0x01, 0x00, 0x00, 0x00,
  0xa5, 0x00, 0x00, 0x00, 0x02, 0x00, 0x00, 0x00, 0xa1, 0x00, 0x00, 0x00,
  0xa4, 0x00, 0x00, 0x00, 0xea, 0xed, 0xff, 0xff, 0x14, 0x00, 0x00, 0x00,
  0x00, 0x00, 0x00, 0x15, 0x10, 0x00, 0x00, 0x00, 0x14, 0x00, 0x00, 0x00,
  0x09, 0x00, 0x00, 0x00, 0x60, 0x86, 0xff, 0xff, 0x01, 0x00, 0x00, 0x00,
  0xa4, 0x00, 0x00, 0x00, 0x02, 0x00, 0x00, 0x00, 0x9f, 0x00, 0x00, 0x00,
  0xa3, 0x00, 0x00, 0x00, 0x8a, 0xed, 0xff, 0xff, 0x0c, 0x00, 0x00, 0x00,
  0x10, 0x00, 0x00, 0x00, 0x08, 0x00, 0x00, 0x00, 0x01, 0x00, 0x00, 0x00,
  0xa3, 0x00, 0x00, 0x00, 0x01, 0x00, 0x00, 0x00, 0x9d, 0x00, 0x00, 0x00,
  0xaa, 0xed, 0xff, 0xff, 0x0c, 0x00, 0x00, 0x00, 0x10, 0x00, 0x00, 0x00,
  0x07, 0x00, 0x00, 0x00, 0x01, 0x00, 0x00, 0x00, 0xa2, 0x00, 0x00, 0x00,
  0x01, 0x00, 0x00, 0x00, 0x9e, 0x00, 0x00, 0x00, 0x5a, 0xee, 0xff, 0xff,
  0x14, 0x00, 0x00, 0x00, 0x00, 0x00, 0x00, 0x15, 0x10, 0x00, 0x00, 0x00,
  0x14, 0x00, 0x00, 0x00, 0x09, 0x00, 0x00, 0x00, 0xd0, 0x86, 0xff, 0xff,
  0x01, 0x00, 0x00, 0x00, 0xa1, 0x00, 0x00, 0x00, 0x02, 0x00, 0x00, 0x00,
  0xa0, 0x00, 0x00, 0x00, 0x94, 0x00, 0x00, 0x00, 0xfa, 0xed, 0xff, 0xff,
  0x0c, 0x00, 0x00, 0x00, 0x10, 0x00, 0x00, 0x00, 0x07, 0x00, 0x00, 0x00,
  0x01, 0x00, 0x00, 0x00, 0xa0, 0x00, 0x00, 0x00, 0x01, 0x00, 0x00, 0x00,
  0x9c, 0x00, 0x00, 0x00, 0x1a, 0xee, 0xff, 0xff, 0x0c, 0x00, 0x00, 0x00,
  0x10, 0x00, 0x00, 0x00, 0x07, 0x00, 0x00, 0x00, 0x01, 0x00, 0x00, 0x00,
  0x9f, 0x00, 0x00, 0x00, 0x01, 0x00, 0x00, 0x00, 0x9b, 0x00, 0x00, 0x00,
  0xca, 0xee, 0xff, 0xff, 0x14, 0x00, 0x00, 0x00, 0x00, 0x00, 0x00, 0x23,
  0x14, 0x00, 0x00, 0x00, 0x24, 0x00, 0x00, 0x00, 0x05, 0x00, 0x00, 0x00,
  0x76, 0xee, 0xff, 0xff, 0x04, 0x00, 0x00, 0x00, 0x04, 0x00, 0x00, 0x00,
  0x9b, 0x00, 0x00, 0x00, 0x9c, 0x00, 0x00, 0x00, 0x9d, 0x00, 0x00, 0x00,
  0x9e, 0x00, 0x00, 0x00, 0x02, 0x00, 0x00, 0x00, 0x03, 0x00, 0x00, 0x00,
  0x9a, 0x00, 0x00, 0x00, 0x0a, 0xef, 0xff, 0xff, 0x14, 0x00, 0x00, 0x00,
  0x00, 0x00, 0x00, 0x0b, 0x10, 0x00, 0x00, 0x00, 0x14, 0x00, 0x00, 0x00,
  0x0a, 0x00, 0x00, 0x00, 0x80, 0x87, 0xff, 0xff, 0x01, 0x00, 0x00, 0x00,
  0x9a, 0x00, 0x00, 0x00, 0x02, 0x00, 0x00, 0x00, 0x97, 0x00, 0x00, 0x00,
  0x99, 0x00, 0x00, 0x00, 0x3a, 0xef, 0xff, 0xff, 0x14, 0x00, 0x00, 0x00,
  0x00, 0x00, 0x00, 0x08, 0x10, 0x00, 0x00, 0x00, 0x14, 0x00, 0x00, 0x00,
  0x03, 0x00, 0x00, 0x00, 0xb0, 0x87, 0xff, 0xff, 0x01, 0x00, 0x00, 0x00,
  0x99, 0x00, 0x00, 0x00, 0x03, 0x00, 0x00, 0x00, 0x98, 0x00, 0x00, 0x00,
  0x1c, 0x00, 0x00, 0x00, 0x12, 0x00, 0x00, 0x00, 0x6e, 0xef, 0xff, 0xff,
  0x14, 0x00, 0x00, 0x00, 0x00, 0x00, 0x00, 0x17, 0x14, 0x00, 0x00, 0x00,
  0x18, 0x00, 0x00, 0x00, 0x02, 0x00, 0x00, 0x00, 0x1a, 0xef, 0xff, 0xff,
  0x01, 0x00, 0x00, 0x00, 0x01, 0x00, 0x00, 0x00, 0x98, 0x00, 0x00, 0x00,
  0x02, 0x00, 0x00, 0x00, 0x20, 0x00, 0x00, 0x00, 0x09, 0x00, 0x00, 0x00,
  0xa2, 0xef, 0xff, 0xff, 0x14, 0x00, 0x00, 0x00, 0x00, 0x00, 0x00, 0x08,
  0x10, 0x00, 0x00, 0x00, 0x14, 0x00, 0x00, 0x00, 0x03, 0x00, 0x00, 0x00,
  0x18, 0x88, 0xff, 0xff, 0x01, 0x00, 0x00, 0x00, 0x97, 0x00, 0x00, 0x00,
  0x03, 0x00, 0x00, 0x00, 0x96, 0x00, 0x00, 0x00, 0x1a, 0x00, 0x00, 0x00,
  0x19, 0x00, 0x00, 0x00, 0xd6, 0xef, 0xff, 0xff, 0x14, 0x00, 0x00, 0x00,
  0x00, 0x00, 0x00, 0x15, 0x10, 0x00, 0x00, 0x00, 0x14, 0x00, 0x00, 0x00,
  0x09, 0x00, 0x00, 0x00, 0x4c, 0x88, 0xff, 0xff, 0x01, 0x00, 0x00, 0x00,
  0x96, 0x00, 0x00, 0x00, 0x02, 0x00, 0x00, 0x00, 0x91, 0x00, 0x00, 0x00,
  0x95, 0x00, 0x00, 0x00, 0x76, 0xef, 0xff, 0xff, 0x0c, 0x00, 0x00, 0x00,
  0x10, 0x00, 0x00, 0x00, 0x08, 0x00, 0x00, 0x00, 0x01, 0x00, 0x00, 0x00,
  0x95, 0x00, 0x00, 0x00, 0x01, 0x00, 0x00, 0x00, 0x94, 0x00, 0x00, 0x00,
  0x26, 0xf0, 0xff, 0xff, 0x14, 0x00, 0x00, 0x00, 0x00, 0x00, 0x00, 0x0b,
  0x10, 0x00, 0x00, 0x00, 0x14, 0x00, 0x00, 0x00, 0x0a, 0x00, 0x00, 0x00,
  0x9c, 0x88, 0xff, 0xff, 0x01, 0x00, 0x00, 0x00, 0x94, 0x00, 0x00, 0x00,
  0x02, 0x00, 0x00, 0x00, 0x90, 0x00, 0x00, 0x00, 0x93, 0x00, 0x00, 0x00,
  0x56, 0xf0, 0xff, 0xff, 0x14, 0x00, 0x00, 0x00, 0x00, 0x00, 0x00, 0x15,
  0x10, 0x00, 0x00, 0x00, 0x14, 0x00, 0x00, 0x00, 0x09, 0x00, 0x00, 0x00,
  0xcc, 0x88, 0xff, 0xff, 0x01, 0x00, 0x00, 0x00, 0x93, 0x00, 0x00, 0x00,
  0x02, 0x00, 0x00, 0x00, 0x8e, 0x00, 0x00, 0x00, 0x92, 0x00, 0x00, 0x00,
  0xf6, 0xef, 0xff, 0xff, 0x0c, 0x00, 0x00, 0x00, 0x10, 0x00, 0x00, 0x00,
  0x08, 0x00, 0x00, 0x00, 0x01, 0x00, 0x00, 0x00, 0x92, 0x00, 0x00, 0x00,
  0x01, 0x00, 0x00, 0x00, 0x8c, 0x00, 0x00, 0x00, 0x16, 0xf0, 0xff, 0xff,
  0x0c, 0x00, 0x00, 0x00, 0x10, 0x00, 0x00, 0x00, 0x07, 0x00, 0x00, 0x00,
  0x01, 0x00, 0x00, 0x00, 0x91, 0x00, 0x00, 0x00, 0x01, 0x00, 0x00, 0x00,
  0x8d, 0x00, 0x00, 0x00, 0xc6, 0xf0, 0xff, 0xff, 0x14, 0x00, 0x00, 0x00,
  0x00, 0x00, 0x00, 0x15, 0x10, 0x00, 0x00, 0x00, 0x14, 0x00, 0x00, 0x00,
  0x09, 0x00, 0x00, 0x00, 0x3c, 0x89, 0xff, 0xff, 0x01, 0x00, 0x00, 0x00,
  0x90, 0x00, 0x00, 0x00, 0x02, 0x00, 0x00, 0x00, 0x8f, 0x00, 0x00, 0x00,
  0x83, 0x00, 0x00, 0x00, 0x66, 0xf0, 0xff, 0xff, 0x0c, 0x00, 0x00, 0x00,
  0x10, 0x00, 0x00, 0x00, 0x07, 0x00, 0x00, 0x00, 0x01, 0x00, 0x00, 0x00,
  0x8f, 0x00, 0x00, 0x00, 0x01, 0x00, 0x00, 0x00, 0x8b, 0x00, 0x00, 0x00,
  0x86, 0xf0, 0xff, 0xff, 0x0c, 0x00, 0x00, 0x00, 0x10, 0x00, 0x00, 0x00,
  0x07, 0x00, 0x00, 0x00, 0x01, 0x00, 0x00, 0x00, 0x8e, 0x00, 0x00, 0x00,
  0x01, 0x00, 0x00, 0x00, 0x8a, 0x00, 0x00, 0x00, 0x36, 0xf1, 0xff, 0xff,
  0x14, 0x00, 0x00, 0x00, 0x00, 0x00, 0x00, 0x23, 0x14, 0x00, 0x00, 0x00,
  0x24, 0x00, 0x00, 0x00, 0x05, 0x00, 0x00, 0x00, 0xe2, 0xf0, 0xff, 0xff,
  0x04, 0x00, 0x00, 0x00, 0x04, 0x00, 0x00, 0x00, 0x8a, 0x00, 0x00, 0x00,
  0x8b, 0x00, 0x00, 0x00, 0x8c, 0x00, 0x00, 0x00, 0x8d, 0x00, 0x00, 0x00,
  0x02, 0x00, 0x00, 0x00, 0x03, 0x00, 0x00, 0x00, 0x89, 0x00, 0x00, 0x00,
  0x76, 0xf1, 0xff, 0xff, 0x14, 0x00, 0x00, 0x00, 0x00, 0x00, 0x00, 0x0b,
  0x10, 0x00, 0x00, 0x00, 0x14, 0x00, 0x00, 0x00, 0x0a, 0x00, 0x00, 0x00,
  0xec, 0x89, 0xff, 0xff, 0x01, 0x00, 0x00, 0x00, 0x89, 0x00, 0x00, 0x00,
  0x02, 0x00, 0x00, 0x00, 0x86, 0x00, 0x00, 0x00, 0x88, 0x00, 0x00, 0x00,
  0xa6, 0xf1, 0xff, 0xff, 0x14, 0x00, 0x00, 0x00, 0x00, 0x00, 0x00, 0x08,
  0x10, 0x00, 0x00, 0x00, 0x14, 0x00, 0x00, 0x00, 0x03, 0x00, 0x00, 0x00,
  0x1c, 0x8a, 0xff, 0xff, 0x01, 0x00, 0x00, 0x00, 0x88, 0x00, 0x00, 0x00,
  0x03, 0x00, 0x00, 0x00, 0x87, 0x00, 0x00, 0x00, 0x1c, 0x00, 0x00, 0x00,
  0x11, 0x00, 0x00, 0x00, 0xda, 0xf1, 0xff, 0xff, 0x14, 0x00, 0x00, 0x00,
  0x00, 0x00, 0x00, 0x17, 0x14, 0x00, 0x00, 0x00, 0x18, 0x00, 0x00, 0x00,
  0x02, 0x00, 0x00, 0x00, 0x86, 0xf1, 0xff, 0xff, 0x01, 0x00, 0x00, 0x00,
  0x01, 0x00, 0x00, 0x00, 0x87, 0x00, 0x00, 0x00, 0x02, 0x00, 0x00, 0x00,
  0x20, 0x00, 0x00, 0x00, 0x08, 0x00, 0x00, 0x00, 0x0e, 0xf2, 0xff, 0xff,
  0x14, 0x00, 0x00, 0x00, 0x00, 0x00, 0x00, 0x08, 0x10, 0x00, 0x00, 0x00,
  0x14, 0x00, 0x00, 0x00, 0x03, 0x00, 0x00, 0x00, 0x84, 0x8a, 0xff, 0xff,
  0x01, 0x00, 0x00, 0x00, 0x86, 0x00, 0x00, 0x00, 0x03, 0x00, 0x00, 0x00,
  0x85, 0x00, 0x00, 0x00, 0x1a, 0x00, 0x00, 0x00, 0x18, 0x00, 0x00, 0x00,
  0x42, 0xf2, 0xff, 0xff, 0x14, 0x00, 0x00, 0x00, 0x00, 0x00, 0x00, 0x15,
  0x10, 0x00, 0x00, 0x00, 0x14, 0x00, 0x00, 0x00, 0x09, 0x00, 0x00, 0x00,
  0xb8, 0x8a, 0xff, 0xff, 0x01, 0x00, 0x00, 0x00, 0x85, 0x00, 0x00, 0x00,
  0x02, 0x00, 0x00, 0x00, 0x80, 0x00, 0x00, 0x00, 0x84, 0x00, 0x00, 0x00,
  0xe2, 0xf1, 0xff, 0xff, 0x0c, 0x00, 0x00, 0x00, 0x10, 0x00, 0x00, 0x00,
  0x08, 0x00, 0x00, 0x00, 0x01, 0x00, 0x00, 0x00, 0x84, 0x00, 0x00, 0x00,
  0x01, 0x00, 0x00, 0x00, 0x83, 0x00, 0x00, 0x00, 0x92, 0xf2, 0xff, 0xff,
  0x14, 0x00, 0x00, 0x00, 0x00, 0x00, 0x00, 0x0b, 0x10, 0x00, 0x00, 0x00,
  0x14, 0x00, 0x00, 0x00, 0x0a, 0x00, 0x00, 0x00, 0x08, 0x8b, 0xff, 0xff,
  0x01, 0x00, 0x00, 0x00, 0x83, 0x00, 0x00, 0x00, 0x02, 0x00, 0x00, 0x00,
  0x7f, 0x00, 0x00, 0x00, 0x82, 0x00, 0x00, 0x00, 0xc2, 0xf2, 0xff, 0xff,
  0x14, 0x00, 0x00, 0x00, 0x00, 0x00, 0x00, 0x15, 0x10, 0x00, 0x00, 0x00,
  0x14, 0x00, 0x00, 0x00, 0x09, 0x00, 0x00, 0x00, 0x38, 0x8b, 0xff, 0xff,
  0x01, 0x00, 0x00, 0x00, 0x82, 0x00, 0x00, 0x00, 0x02, 0x00, 0x00, 0x00,
  0x7d, 0x00, 0x00, 0x00, 0x81, 0x00, 0x00, 0x00, 0x62, 0xf2, 0xff, 0xff,
  0x0c, 0x00, 0x00, 0x00, 0x10, 0x00, 0x00, 0x00, 0x08, 0x00, 0x00, 0x00,
  0x01, 0x00, 0x00, 0x00, 0x81, 0x00, 0x00, 0x00, 0x01, 0x00, 0x00, 0x00,
  0x7b, 0x00, 0x00, 0x00, 0x82, 0xf2, 0xff, 0xff, 0x0c, 0x00, 0x00, 0x00,
  0x10, 0x00, 0x00, 0x00, 0x07, 0x00, 0x00, 0x00, 0x01, 0x00, 0x00, 0x00,
  0x80, 0x00, 0x00, 0x00, 0x01, 0x00, 0x00, 0x00, 0x7c, 0x00, 0x00, 0x00,
  0x32, 0xf3, 0xff, 0xff, 0x14, 0x00, 0x00, 0x00, 0x00, 0x00, 0x00, 0x15,
  0x10, 0x00, 0x00, 0x00, 0x14, 0x00, 0x00, 0x00, 0x09, 0x00, 0x00, 0x00,
  0xa8, 0x8b, 0xff, 0xff, 0x01, 0x00, 0x00, 0x00, 0x7f, 0x00, 0x00, 0x00,
  0x02, 0x00, 0x00, 0x00, 0x7e, 0x00, 0x00, 0x00, 0x72, 0x00, 0x00, 0x00,
  0xd2, 0xf2, 0xff, 0xff, 0x0c, 0x00, 0x00, 0x00, 0x10, 0x00, 0x00, 0x00,
  0x07, 0x00, 0x00, 0x00, 0x01, 0x00, 0x00, 0x00, 0x7e, 0x00, 0x00, 0x00,
  0x01, 0x00, 0x00, 0x00, 0x7a, 0x00, 0x00, 0x00, 0xf2, 0xf2, 0xff, 0xff,
  0x0c, 0x00, 0x00, 0x00, 0x10, 0x00, 0x00, 0x00, 0x07, 0x00, 0x00, 0x00,
  0x01, 0x00, 0x00, 0x00, 0x7d, 0x00, 0x00, 0x00, 0x01, 0x00, 0x00, 0x00,
  0x79, 0x00, 0x00, 0x00, 0xa2, 0xf3, 0xff, 0xff, 0x14, 0x00, 0x00, 0x00,
  0x00, 0x00, 0x00, 0x23, 0x14, 0x00, 0x00, 0x00, 0x24, 0x00, 0x00, 0x00,
  0x05, 0x00, 0x00, 0x00, 0x4e, 0xf3, 0xff, 0xff, 0x04, 0x00, 0x00, 0x00,
  0x04, 0x00, 0x00, 0x00, 0x79, 0x00, 0x00, 0x00, 0x7a, 0x00, 0x00, 0x00,
  0x7b, 0x00, 0x00, 0x00, 0x7c, 0x00, 0x00, 0x00, 0x02, 0x00, 0x00, 0x00,
  0x03, 0x00, 0x00, 0x00, 0x78, 0x00, 0x00, 0x00, 0xe2, 0xf3, 0xff, 0xff,
  0x14, 0x00, 0x00, 0x00, 0x00, 0x00, 0x00, 0x0b, 0x10, 0x00, 0x00, 0x00,
  0x14, 0x00, 0x00, 0x00, 0x0a, 0x00, 0x00, 0x00, 0x58, 0x8c, 0xff, 0xff,
  0x01, 0x00, 0x00, 0x00, 0x78, 0x00, 0x00, 0x00, 0x02, 0x00, 0x00, 0x00,
  0x75, 0x00, 0x00, 0x00, 0x77, 0x00, 0x00, 0x00, 0x12, 0xf4, 0xff, 0xff,
  0x14, 0x00, 0x00, 0x00, 0x00, 0x00, 0x00, 0x08, 0x10, 0x00, 0x00, 0x00,
  0x14, 0x00, 0x00, 0x00, 0x03, 0x00, 0x00, 0x00, 0x88, 0x8c, 0xff, 0xff,
  0x01, 0x00, 0x00, 0x00, 0x77, 0x00, 0x00, 0x00, 0x03, 0x00, 0x00, 0x00,
  0x76, 0x00, 0x00, 0x00, 0x1c, 0x00, 0x00, 0x00, 0x10, 0x00, 0x00, 0x00,
  0x46, 0xf4, 0xff, 0xff, 0x14, 0x00, 0x00, 0x00, 0x00, 0x00, 0x00, 0x17,
  0x14, 0x00, 0x00, 0x00, 0x18, 0x00, 0x00, 0x00, 0x02, 0x00, 0x00, 0x00,
  0xf2, 0xf3, 0xff, 0xff, 0x01, 0x00, 0x00, 0x00, 0x01, 0x00, 0x00, 0x00,
  0x76, 0x00, 0x00, 0x00, 0x02, 0x00, 0x00, 0x00, 0x20, 0x00, 0x00, 0x00,
  0x07, 0x00, 0x00, 0x00, 0x7a, 0xf4, 0xff, 0xff, 0x14, 0x00, 0x00, 0x00,
  0x00, 0x00, 0x00, 0x08, 0x10, 0x00, 0x00, 0x00, 0x14, 0x00, 0x00, 0x00,
  0x03, 0x00, 0x00, 0x00, 0xf0, 0x8c, 0xff, 0xff, 0x01, 0x00, 0x00, 0x00,
  0x75, 0x00, 0x00, 0x00, 0x03, 0x00, 0x00, 0x00, 0x74, 0x00, 0x00, 0x00,
  0x1a, 0x00, 0x00, 0x00, 0x17, 0x00, 0x00, 0x00, 0xae, 0xf4, 0xff, 0xff,
  0x14, 0x00, 0x00, 0x00, 0x00, 0x00, 0x00, 0x15, 0x10, 0x00, 0x00, 0x00,
  0x14, 0x00, 0x00, 0x00, 0x09, 0x00, 0x00, 0x00, 0x24, 0x8d, 0xff, 0xff,
  0x01, 0x00, 0x00, 0x00, 0x74, 0x00, 0x00, 0x00, 0x02, 0x00, 0x00, 0x00,
  0x6f, 0x00, 0x00, 0x00, 0x73, 0x00, 0x00, 0x00, 0x4e, 0xf4, 0xff, 0xff,
  0x0c, 0x00, 0x00, 0x00, 0x10, 0x00, 0x00, 0x00, 0x08, 0x00, 0x00, 0x00,
  0x01, 0x00, 0x00, 0x00, 0x73, 0x00, 0x00, 0x00, 0x01, 0x00, 0x00, 0x00,
  0x72, 0x00, 0x00, 0x00, 0xfe, 0xf4, 0xff, 0xff, 0x14, 0x00, 0x00, 0x00,
  0x00, 0x00, 0x00, 0x0b, 0x10, 0x00, 0x00, 0x00, 0x14, 0x00, 0x00, 0x00,
  0x0a, 0x00, 0x00, 0x00, 0x74, 0x8d, 0xff, 0xff, 0x01, 0x00, 0x00, 0x00,
  0x72, 0x00, 0x00, 0x00, 0x02, 0x00, 0x00, 0x00, 0x6e, 0x00, 0x00, 0x00,
  0x71, 0x00, 0x00, 0x00, 0x2e, 0xf5, 0xff, 0xff, 0x14, 0x00, 0x00, 0x00,
  0x00, 0x00, 0x00, 0x15, 0x10, 0x00, 0x00, 0x00, 0x14, 0x00, 0x00, 0x00,
  0x09, 0x00, 0x00, 0x00, 0xa4, 0x8d, 0xff, 0xff, 0x01, 0x00, 0x00, 0x00,
  0x71, 0x00, 0x00, 0x00, 0x02, 0x00, 0x00, 0x00, 0x6c, 0x00, 0x00, 0x00,
  0x70, 0x00, 0x00, 0x00, 0xce, 0xf4, 0xff, 0xff, 0x0c, 0x00, 0x00, 0x00,
  0x10, 0x00, 0x00, 0x00, 0x08, 0x00, 0x00, 0x00, 0x01, 0x00, 0x00, 0x00,
  0x70, 0x00, 0x00, 0x00, 0x01, 0x00, 0x00, 0x00, 0x6a, 0x00, 0x00, 0x00,
  0xee, 0xf4, 0xff, 0xff, 0x0c, 0x00, 0x00, 0x00, 0x10, 0x00, 0x00, 0x00,
  0x07, 0x00, 0x00, 0x00, 0x01, 0x00, 0x00, 0x00, 0x6f, 0x00, 0x00, 0x00,
  0x01, 0x00, 0x00, 0x00, 0x6b, 0x00, 0x00, 0x00, 0x9e, 0xf5, 0xff, 0xff,
  0x14, 0x00, 0x00, 0x00, 0x00, 0x00, 0x00, 0x15, 0x10, 0x00, 0x00, 0x00,
  0x14, 0x00, 0x00, 0x00, 0x09, 0x00, 0x00, 0x00, 0x14, 0x8e, 0xff, 0xff,
  0x01, 0x00, 0x00, 0x00, 0x6e, 0x00, 0x00, 0x00, 0x02, 0x00, 0x00, 0x00,
  0x6d, 0x00, 0x00, 0x00, 0x61, 0x00, 0x00, 0x00, 0x3e, 0xf5, 0xff, 0xff,
  0x0c, 0x00, 0x00, 0x00, 0x10, 0x00, 0x00, 0x00, 0x07, 0x00, 0x00, 0x00,
  0x01, 0x00, 0x00, 0x00, 0x6d, 0x00, 0x00, 0x00, 0x01, 0x00, 0x00, 0x00,
  0x69, 0x00, 0x00, 0x00, 0x5e, 0xf5, 0xff, 0xff, 0x0c, 0x00, 0x00, 0x00,
  0x10, 0x00, 0x00, 0x00, 0x07, 0x00, 0x00, 0x00, 0x01, 0x00, 0x00, 0x00,
  0x6c, 0x00, 0x00, 0x00, 0x01, 0x00, 0x00, 0x00, 0x68, 0x00, 0x00, 0x00,
  0x0e, 0xf6, 0xff, 0xff, 0x14, 0x00, 0x00, 0x00, 0x00, 0x00, 0x00, 0x23,
  0x14, 0x00, 0x00, 0x00, 0x24, 0x00, 0x00, 0x00, 0x05, 0x00, 0x00, 0x00,
  0xba, 0xf5, 0xff, 0xff, 0x04, 0x00, 0x00, 0x00, 0x04, 0x00, 0x00, 0x00,
  0x68, 0x00, 0x00, 0x00, 0x69, 0x00, 0x00, 0x00, 0x6a, 0x00, 0x00, 0x00,
  0x6b, 0x00, 0x00, 0x00, 0x02, 0x00, 0x00, 0x00, 0x03, 0x00, 0x00, 0x00,
  0x67, 0x00, 0x00, 0x00, 0x4e, 0xf6, 0xff, 0xff, 0x14, 0x00, 0x00, 0x00,
  0x00, 0x00, 0x00, 0x0b, 0x10, 0x00, 0x00, 0x00, 0x14, 0x00, 0x00, 0x00,
  0x0a, 0x00, 0x00, 0x00, 0xc4, 0x8e, 0xff, 0xff, 0x01, 0x00, 0x00, 0x00,
  0x67, 0x00, 0x00, 0x00, 0x02, 0x00, 0x00, 0x00, 0x64, 0x00, 0x00, 0x00,
  0x66, 0x00, 0x00, 0x00, 0x7e, 0xf6, 0xff, 0xff, 0x14, 0x00, 0x00, 0x00,
  0x00, 0x00, 0x00, 0x08, 0x10, 0x00, 0x00, 0x00, 0x14, 0x00, 0x00, 0x00,
  0x03, 0x00, 0x00, 0x00, 0xf4, 0x8e, 0xff, 0xff, 0x01, 0x00, 0x00, 0x00,
  0x66, 0x00, 0x00, 0x00, 0x03, 0x00, 0x00, 0x00, 0x65, 0x00, 0x00, 0x00,
  0x1c, 0x00, 0x00, 0x00, 0x0f, 0x00, 0x00, 0x00, 0xb2, 0xf6, 0xff, 0xff,
  0x14, 0x00, 0x00, 0x00, 0x00, 0x00, 0x00, 0x17, 0x14, 0x00, 0x00, 0x00,
  0x18, 0x00, 0x00, 0x00, 0x02, 0x00, 0x00, 0x00, 0x5e, 0xf6, 0xff, 0xff,
  0x01, 0x00, 0x00, 0x00, 0x01, 0x00, 0x00, 0x00, 0x65, 0x00, 0x00, 0x00,
  0x02, 0x00, 0x00, 0x00, 0x20, 0x00, 0x00, 0x00, 0x06, 0x00, 0x00, 0x00,
  0xe6, 0xf6, 0xff, 0xff, 0x14, 0x00, 0x00, 0x00, 0x00, 0x00, 0x00, 0x08,
  0x10, 0x00, 0x00, 0x00, 0x14, 0x00, 0x00, 0x00, 0x03, 0x00, 0x00, 0x00,
  0x5c, 0x8f, 0xff, 0xff, 0x01, 0x00, 0x00, 0x00, 0x64, 0x00, 0x00, 0x00,
  0x03, 0x00, 0x00, 0x00, 0x63, 0x00, 0x00, 0x00, 0x1a, 0x00, 0x00, 0x00,
  0x16, 0x00, 0x00, 0x00, 0x1a, 0xf7, 0xff, 0xff, 0x14, 0x00, 0x00, 0x00,
  0x00, 0x00, 0x00, 0x15, 0x10, 0x00, 0x00, 0x00, 0x14, 0x00, 0x00, 0x00,
  0x09, 0x00, 0x00, 0x00, 0x90, 0x8f, 0xff, 0xff, 0x01, 0x00, 0x00, 0x00,
  0x63, 0x00, 0x00, 0x00, 0x02, 0x00, 0x00, 0x00, 0x5d, 0x00, 0x00, 0x00,
  0x62, 0x00, 0x00, 0x00, 0xba, 0xf6, 0xff, 0xff, 0x0c, 0x00, 0x00, 0x00,
  0x10, 0x00, 0x00, 0x00, 0x08, 0x00, 0x00, 0x00, 0x01, 0x00, 0x00, 0x00,
  0x62, 0x00, 0x00, 0x00, 0x01, 0x00, 0x00, 0x00, 0x61, 0x00, 0x00, 0x00,
  0x6a, 0xf7, 0xff, 0xff, 0x14, 0x00, 0x00, 0x00, 0x00, 0x00, 0x00, 0x0b,
  0x10, 0x00, 0x00, 0x00, 0x14, 0x00, 0x00, 0x00, 0x0a, 0x00, 0x00, 0x00,
  0xe0, 0x8f, 0xff, 0xff, 0x01, 0x00, 0x00, 0x00, 0x61, 0x00, 0x00, 0x00,
  0x02, 0x00, 0x00, 0x00, 0x5c, 0x00, 0x00, 0x00, 0x60, 0x00, 0x00, 0x00,
  0x9a, 0xf7, 0xff, 0xff, 0x14, 0x00, 0x00, 0x00, 0x00, 0x00, 0x00, 0x15,
  0x10, 0x00, 0x00, 0x00, 0x14, 0x00, 0x00, 0x00, 0x09, 0x00, 0x00, 0x00,
  0x10, 0x90, 0xff, 0xff, 0x01, 0x00, 0x00, 0x00, 0x60, 0x00, 0x00, 0x00,
  0x02, 0x00, 0x00, 0x00, 0x5e, 0x00, 0x00, 0x00, 0x5f, 0x00, 0x00, 0x00,
  0x3a, 0xf7, 0xff, 0xff, 0x0c, 0x00, 0x00, 0x00, 0x10, 0x00, 0x00, 0x00,
  0x08, 0x00, 0x00, 0x00, 0x01, 0x00, 0x00, 0x00, 0x5f, 0x00, 0x00, 0x00,
  0x01, 0x00, 0x00, 0x00, 0x59, 0x00, 0x00, 0x00, 0x5a, 0xf7, 0xff, 0xff,
  0x0c, 0x00, 0x00, 0x00, 0x10, 0x00, 0x00, 0x00, 0x07, 0x00, 0x00, 0x00,
  0x01, 0x00, 0x00, 0x00, 0x5e, 0x00, 0x00, 0x00, 0x01, 0x00, 0x00, 0x00,
  0x57, 0x00, 0x00, 0x00, 0x7a, 0xf7, 0xff, 0xff, 0x0c, 0x00, 0x00, 0x00,
  0x10, 0x00, 0x00, 0x00, 0x07, 0x00, 0x00, 0x00, 0x01, 0x00, 0x00, 0x00,
  0x5d, 0x00, 0x00, 0x00, 0x01, 0x00, 0x00, 0x00, 0x5a, 0x00, 0x00, 0x00,
  0x2a, 0xf8, 0xff, 0xff, 0x14, 0x00, 0x00, 0x00, 0x00, 0x00, 0x00, 0x15,
  0x10, 0x00, 0x00, 0x00, 0x14, 0x00, 0x00, 0x00, 0x09, 0x00, 0x00, 0x00,
  0xa0, 0x90, 0xff, 0xff, 0x01, 0x00, 0x00, 0x00, 0x5c, 0x00, 0x00, 0x00,
  0x02, 0x00, 0x00, 0x00, 0x5b, 0x00, 0x00, 0x00, 0x50, 0x00, 0x00, 0x00,
  0xca, 0xf7, 0xff, 0xff, 0x0c, 0x00, 0x00, 0x00, 0x10, 0x00, 0x00, 0x00,
  0x07, 0x00, 0x00, 0x00, 0x01, 0x00, 0x00, 0x00, 0x5b, 0x00, 0x00, 0x00,
  0x01, 0x00, 0x00, 0x00, 0x58, 0x00, 0x00, 0x00, 0x7a, 0xf8, 0xff, 0xff,
  0x14, 0x00, 0x00, 0x00, 0x00, 0x00, 0x00, 0x23, 0x14, 0x00, 0x00, 0x00,
  0x24, 0x00, 0x00, 0x00, 0x05, 0x00, 0x00, 0x00, 0x26, 0xf8, 0xff, 0xff,
  0x04, 0x00, 0x00, 0x00, 0x04, 0x00, 0x00, 0x00, 0x57, 0x00, 0x00, 0x00,
  0x58, 0x00, 0x00, 0x00, 0x59, 0x00, 0x00, 0x00, 0x5a, 0x00, 0x00, 0x00,
  0x02, 0x00, 0x00, 0x00, 0x03, 0x00, 0x00, 0x00, 0x56, 0x00, 0x00, 0x00,
  0xba, 0xf8, 0xff, 0xff, 0x14, 0x00, 0x00, 0x00, 0x00, 0x00, 0x00, 0x0b,
  0x10, 0x00, 0x00, 0x00, 0x14, 0x00, 0x00, 0x00, 0x0a, 0x00, 0x00, 0x00,
  0x30, 0x91, 0xff, 0xff, 0x01, 0x00, 0x00, 0x00, 0x56, 0x00, 0x00, 0x00,
  0x02, 0x00, 0x00, 0x00, 0x53, 0x00, 0x00, 0x00, 0x55, 0x00, 0x00, 0x00,
  0xea, 0xf8, 0xff, 0xff, 0x14, 0x00, 0x00, 0x00, 0x00, 0x00, 0x00, 0x08,
  0x10, 0x00, 0x00, 0x00, 0x14, 0x00, 0x00, 0x00, 0x03, 0x00, 0x00, 0x00,
  0x60, 0x91, 0xff, 0xff, 0x01, 0x00, 0x00, 0x00, 0x55, 0x00, 0x00, 0x00,
  0x03, 0x00, 0x00, 0x00, 0x54, 0x00, 0x00, 0x00, 0x1c, 0x00, 0x00, 0x00,
  0x0e, 0x00, 0x00, 0x00, 0x1e, 0xf9, 0xff, 0xff, 0x14, 0x00, 0x00, 0x00,
  0x00, 0x00, 0x00, 0x17, 0x14, 0x00, 0x00, 0x00, 0x18, 0x00, 0x00, 0x00,
  0x02, 0x00, 0x00, 0x00, 0xca, 0xf8, 0xff, 0xff, 0x01, 0x00, 0x00, 0x00,
  0x01, 0x00, 0x00, 0x00, 0x54, 0x00, 0x00, 0x00, 0x02, 0x00, 0x00, 0x00,
  0x20, 0x00, 0x00, 0x00, 0x05, 0x00, 0x00, 0x00, 0x52, 0xf9, 0xff, 0xff,
  0x14, 0x00, 0x00, 0x00, 0x00, 0x00, 0x00, 0x08, 0x10, 0x00, 0x00, 0x00,
  0x14, 0x00, 0x00, 0x00, 0x03, 0x00, 0x00, 0x00, 0xc8, 0x91, 0xff, 0xff,
  0x01, 0x00, 0x00, 0x00, 0x53, 0x00, 0x00, 0x00, 0x03, 0x00, 0x00, 0x00,
  0x52, 0x00, 0x00, 0x00, 0x1a, 0x00, 0x00, 0x00, 0x15, 0x00, 0x00, 0x00,
  0x86, 0xf9, 0xff, 0xff, 0x14, 0x00, 0x00, 0x00, 0x00, 0x00, 0x00, 0x15,
  0x10, 0x00, 0x00, 0x00, 0x14, 0x00, 0x00, 0x00, 0x09, 0x00, 0x00, 0x00,
  0xfc, 0x91, 0xff, 0xff, 0x01, 0x00, 0x00, 0x00, 0x52, 0x00, 0x00, 0x00,
  0x02, 0x00, 0x00, 0x00, 0x4d, 0x00, 0x00, 0x00, 0x51, 0x00, 0x00, 0x00,
  0x26, 0xf9, 0xff, 0xff, 0x0c, 0x00, 0x00, 0x00, 0x10, 0x00, 0x00, 0x00,
  0x08, 0x00, 0x00, 0x00, 0x01, 0x00, 0x00, 0x00, 0x51, 0x00, 0x00, 0x00,
  0x01, 0x00, 0x00, 0x00, 0x50, 0x00, 0x00, 0x00, 0xd6, 0xf9, 0xff, 0xff,
  0x14, 0x00, 0x00, 0x00, 0x00, 0x00, 0x00, 0x0b, 0x10, 0x00, 0x00, 0x00,
  0x14, 0x00, 0x00, 0x00, 0x0a, 0x00, 0x00, 0x00, 0x4c, 0x92, 0xff, 0xff,
  0x01, 0x00, 0x00, 0x00, 0x50, 0x00, 0x00, 0x00, 0x02, 0x00, 0x00, 0x00,
  0x4c, 0x00, 0x00, 0x00, 0x4f, 0x00, 0x00, 0x00, 0x06, 0xfa, 0xff, 0xff,
  0x14, 0x00, 0x00, 0x00, 0x00, 0x00, 0x00, 0x15, 0x10, 0x00, 0x00, 0x00,
  0x14, 0x00, 0x00, 0x00, 0x09, 0x00, 0x00, 0x00, 0x7c, 0x92, 0xff, 0xff,
  0x01, 0x00, 0x00, 0x00, 0x4f, 0x00, 0x00, 0x00, 0x02, 0x00, 0x00, 0x00,
  0x4a, 0x00, 0x00, 0x00, 0x4e, 0x00, 0x00, 0x00, 0xa6, 0xf9, 0xff, 0xff,
  0x0c, 0x00, 0x00, 0x00, 0x10, 0x00, 0x00, 0x00, 0x08, 0x00, 0x00, 0x00,
  0x01, 0x00, 0x00, 0x00, 0x4e, 0x00, 0x00, 0x00, 0x01, 0x00, 0x00, 0x00,
  0x48, 0x00, 0x00, 0x00, 0xc6, 0xf9, 0xff, 0xff, 0x0c, 0x00, 0x00, 0x00,
  0x10, 0x00, 0x00, 0x00, 0x07, 0x00, 0x00, 0x00, 0x01, 0x00, 0x00, 0x00,
  0x4d, 0x00, 0x00, 0x00, 0x01, 0x00, 0x00, 0x00, 0x49, 0x00, 0x00, 0x00,
  0x76, 0xfa, 0xff, 0xff, 0x14, 0x00, 0x00, 0x00, 0x00, 0x00, 0x00, 0x15,
  0x10, 0x00, 0x00, 0x00, 0x14, 0x00, 0x00, 0x00, 0x09, 0x00, 0x00, 0x00,
  0xec, 0x92, 0xff, 0xff, 0x01, 0x00, 0x00, 0x00, 0x4c, 0x00, 0x00, 0x00,
  0x02, 0x00, 0x00, 0x00, 0x4b, 0x00, 0x00, 0x00, 0x3f, 0x00, 0x00, 0x00,
  0x16, 0xfa, 0xff, 0xff, 0x0c, 0x00, 0x00, 0x00, 0x10, 0x00, 0x00, 0x00,
  0x07, 0x00, 0x00, 0x00, 0x01, 0x00, 0x00, 0x00, 0x4b, 0x00, 0x00, 0x00,
  0x01, 0x00, 0x00, 0x00, 0x47, 0x00, 0x00, 0x00, 0x36, 0xfa, 0xff, 0xff,
  0x0c, 0x00, 0x00, 0x00, 0x10, 0x00, 0x00, 0x00, 0x07, 0x00, 0x00, 0x00,
  0x01, 0x00, 0x00, 0x00, 0x4a, 0x00, 0x00, 0x00, 0x01, 0x00, 0x00, 0x00,
  0x46, 0x00, 0x00, 0x00, 0xe6, 0xfa, 0xff, 0xff, 0x14, 0x00, 0x00, 0x00,
  0x00, 0x00, 0x00, 0x23, 0x14, 0x00, 0x00, 0x00, 0x24, 0x00, 0x00, 0x00,
  0x05, 0x00, 0x00, 0x00, 0x92, 0xfa, 0xff, 0xff, 0x04, 0x00, 0x00, 0x00,
  0x04, 0x00, 0x00, 0x00, 0x46, 0x00, 0x00, 0x00, 0x47, 0x00, 0x00, 0x00,
  0x48, 0x00, 0x00, 0x00, 0x49, 0x00, 0x00, 0x00, 0x02, 0x00, 0x00, 0x00,
  0x03, 0x00, 0x00, 0x00, 0x45, 0x00, 0x00, 0x00, 0x26, 0xfb, 0xff, 0xff,
  0x14, 0x00, 0x00, 0x00, 0x00, 0x00, 0x00, 0x0b, 0x10, 0x00, 0x00, 0x00,
  0x14, 0x00, 0x00, 0x00, 0x0a, 0x00, 0x00, 0x00, 0x9c, 0x93, 0xff, 0xff,
  0x01, 0x00, 0x00, 0x00, 0x45, 0x00, 0x00, 0x00, 0x02, 0x00, 0x00, 0x00,
  0x42, 0x00, 0x00, 0x00, 0x44, 0x00, 0x00, 0x00, 0x56, 0xfb, 0xff, 0xff,
  0x14, 0x00, 0x00, 0x00, 0x00, 0x00, 0x00, 0x08, 0x10, 0x00, 0x00, 0x00,
  0x14, 0x00, 0x00, 0x00, 0x03, 0x00, 0x00, 0x00, 0xcc, 0x93, 0xff, 0xff,
  0x01, 0x00, 0x00, 0x00, 0x44, 0x00, 0x00, 0x00, 0x03, 0x00, 0x00, 0x00,
  0x43, 0x00, 0x00, 0x00, 0x1c, 0x00, 0x00, 0x00, 0x0d, 0x00, 0x00, 0x00,
  0x8a, 0xfb, 0xff, 0xff, 0x14, 0x00, 0x00, 0x00, 0x00, 0x00, 0x00, 0x17,
  0x14, 0x00, 0x00, 0x00, 0x18, 0x00, 0x00, 0x00, 0x02, 0x00, 0x00, 0x00,
  0x36, 0xfb, 0xff, 0xff, 0x01, 0x00, 0x00, 0x00, 0x01, 0x00, 0x00, 0x00,
  0x43, 0x00, 0x00, 0x00, 0x02, 0x00, 0x00, 0x00, 0x20, 0x00, 0x00, 0x00,
  0x04, 0x00, 0x00, 0x00, 0xbe, 0xfb, 0xff, 0xff, 0x14, 0x00, 0x00, 0x00,
  0x00, 0x00, 0x00, 0x08, 0x10, 0x00, 0x00, 0x00, 0x14, 0x00, 0x00, 0x00,
  0x03, 0x00, 0x00, 0x00, 0x34, 0x94, 0xff, 0xff, 0x01, 0x00, 0x00, 0x00,
  0x42, 0x00, 0x00, 0x00, 0x03, 0x00, 0x00, 0x00, 0x41, 0x00, 0x00, 0x00,
  0x1a, 0x00, 0x00, 0x00, 0x14, 0x00, 0x00, 0x00, 0xf2, 0xfb, 0xff, 0xff,
  0x14, 0x00, 0x00, 0x00, 0x00, 0x00, 0x00, 0x15, 0x10, 0x00, 0x00, 0x00,
  0x14, 0x00, 0x00, 0x00, 0x09, 0x00, 0x00, 0x00, 0x68, 0x94, 0xff, 0xff,
  0x01, 0x00, 0x00, 0x00, 0x41, 0x00, 0x00, 0x00, 0x02, 0x00, 0x00, 0x00,
  0x3c, 0x00, 0x00, 0x00, 0x40, 0x00, 0x00, 0x00, 0x92, 0xfb, 0xff, 0xff,
  0x0c, 0x00, 0x00, 0x00, 0x10, 0x00, 0x00, 0x00, 0x08, 0x00, 0x00, 0x00,
  0x01, 0x00, 0x00, 0x00, 0x40, 0x00, 0x00, 0x00, 0x01, 0x00, 0x00, 0x00,
  0x3f, 0x00, 0x00, 0x00, 0x42, 0xfc, 0xff, 0xff, 0x14, 0x00, 0x00, 0x00,
  0x00, 0x00, 0x00, 0x0b, 0x10, 0x00, 0x00, 0x00, 0x14, 0x00, 0x00, 0x00,
  0x0a, 0x00, 0x00, 0x00, 0xb8, 0x94, 0xff, 0xff, 0x01, 0x00, 0x00, 0x00,
  0x3f, 0x00, 0x00, 0x00, 0x02, 0x00, 0x00, 0x00, 0x3b, 0x00, 0x00, 0x00,
  0x3e, 0x00, 0x00, 0x00, 0x72, 0xfc, 0xff, 0xff, 0x14, 0x00, 0x00, 0x00,
  0x00, 0x00, 0x00, 0x15, 0x10, 0x00, 0x00, 0x00, 0x14, 0x00, 0x00, 0x00,
  0x09, 0x00, 0x00, 0x00, 0xe8, 0x94, 0xff, 0xff, 0x01, 0x00, 0x00, 0x00,
  0x3e, 0x00, 0x00, 0x00, 0x02, 0x00, 0x00, 0x00, 0x39, 0x00, 0x00, 0x00,
  0x3d, 0x00, 0x00, 0x00, 0x12, 0xfc, 0xff, 0xff, 0x0c, 0x00, 0x00, 0x00,
  0x10, 0x00, 0x00, 0x00, 0x08, 0x00, 0x00, 0x00, 0x01, 0x00, 0x00, 0x00,
  0x3d, 0x00, 0x00, 0x00, 0x01, 0x00, 0x00, 0x00, 0x37, 0x00, 0x00, 0x00,
  0x32, 0xfc, 0xff, 0xff, 0x0c, 0x00, 0x00, 0x00, 0x10, 0x00, 0x00, 0x00,
  0x07, 0x00, 0x00, 0x00, 0x01, 0x00, 0x00, 0x00, 0x3c, 0x00, 0x00, 0x00,
  0x01, 0x00, 0x00, 0x00, 0x38, 0x00, 0x00, 0x00, 0xe2, 0xfc, 0xff, 0xff,
  0x14, 0x00, 0x00, 0x00, 0x00, 0x00, 0x00, 0x15, 0x10, 0x00, 0x00, 0x00,
  0x14, 0x00, 0x00, 0x00, 0x09, 0x00, 0x00, 0x00, 0x58, 0x95, 0xff, 0xff,
  0x01, 0x00, 0x00, 0x00, 0x3b, 0x00, 0x00, 0x00, 0x02, 0x00, 0x00, 0x00,
  0x3a, 0x00, 0x00, 0x00, 0x2e, 0x00, 0x00, 0x00, 0x82, 0xfc, 0xff, 0xff,
  0x0c, 0x00, 0x00, 0x00, 0x10, 0x00, 0x00, 0x00, 0x07, 0x00, 0x00, 0x00,
  0x01, 0x00, 0x00, 0x00, 0x3a, 0x00, 0x00, 0x00, 0x01, 0x00, 0x00, 0x00,
  0x36, 0x00, 0x00, 0x00, 0xa2, 0xfc, 0xff, 0xff, 0x0c, 0x00, 0x00, 0x00,
  0x10, 0x00, 0x00, 0x00, 0x07, 0x00, 0x00, 0x00, 0x01, 0x00, 0x00, 0x00,
  0x39, 0x00, 0x00, 0x00, 0x01, 0x00, 0x00, 0x00, 0x35, 0x00, 0x00, 0x00,
  0x52, 0xfd, 0xff, 0xff, 0x14, 0x00, 0x00, 0x00, 0x00, 0x00, 0x00, 0x23,
  0x14, 0x00, 0x00, 0x00, 0x24, 0x00, 0x00, 0x00, 0x05, 0x00, 0x00, 0x00,
  0xfe, 0xfc, 0xff, 0xff, 0x04, 0x00, 0x00, 0x00, 0x04, 0x00, 0x00, 0x00,
  0x35, 0x00, 0x00, 0x00, 0x36, 0x00, 0x00, 0x00, 0x37, 0x00, 0x00, 0x00,
  0x38, 0x00, 0x00, 0x00, 0x02, 0x00, 0x00, 0x00, 0x03, 0x00, 0x00, 0x00,
  0x34, 0x00, 0x00, 0x00, 0x92, 0xfd, 0xff, 0xff, 0x14, 0x00, 0x00, 0x00,
  0x00, 0x00, 0x00, 0x0b, 0x10, 0x00, 0x00, 0x00, 0x14, 0x00, 0x00, 0x00,
  0x0a, 0x00, 0x00, 0x00, 0x08, 0x96, 0xff, 0xff, 0x01, 0x00, 0x00, 0x00,
  0x34, 0x00, 0x00, 0x00, 0x02, 0x00, 0x00, 0x00, 0x31, 0x00, 0x00, 0x00,
  0x33, 0x00, 0x00, 0x00, 0xc2, 0xfd, 0xff, 0xff, 0x14, 0x00, 0x00, 0x00,
  0x00, 0x00, 0x00, 0x08, 0x10, 0x00, 0x00, 0x00, 0x14, 0x00, 0x00, 0x00,
  0x03, 0x00, 0x00, 0x00, 0x38, 0x96, 0xff, 0xff, 0x01, 0x00, 0x00, 0x00,
  0x33, 0x00, 0x00, 0x00, 0x03, 0x00, 0x00, 0x00, 0x32, 0x00, 0x00, 0x00,
  0x1c, 0x00, 0x00, 0x00, 0x0c, 0x00, 0x00, 0x00, 0xf6, 0xfd, 0xff, 0xff,
  0x14, 0x00, 0x00, 0x00, 0x00, 0x00, 0x00, 0x17, 0x14, 0x00, 0x00, 0x00,
  0x18, 0x00, 0x00, 0x00, 0x02, 0x00, 0x00, 0x00, 0xa2, 0xfd, 0xff, 0xff,
  0x01, 0x00, 0x00, 0x00, 0x01, 0x00, 0x00, 0x00, 0x32, 0x00, 0x00, 0x00,
  0x02, 0x00, 0x00, 0x00, 0x20, 0x00, 0x00, 0x00, 0x03, 0x00, 0x00, 0x00,
  0x2a, 0xfe, 0xff, 0xff, 0x14, 0x00, 0x00, 0x00, 0x00, 0x00, 0x00, 0x08,
  0x10, 0x00, 0x00, 0x00, 0x14, 0x00, 0x00, 0x00, 0x03, 0x00, 0x00, 0x00,
  0xa0, 0x96, 0xff, 0xff, 0x01, 0x00, 0x00, 0x00, 0x31, 0x00, 0x00, 0x00,
  0x03, 0x00, 0x00, 0x00, 0x30, 0x00, 0x00, 0x00, 0x1a, 0x00, 0x00, 0x00,
  0x13, 0x00, 0x00, 0x00, 0x5e, 0xfe, 0xff, 0xff, 0x14, 0x00, 0x00, 0x00,
  0x00, 0x00, 0x00, 0x15, 0x10, 0x00, 0x00, 0x00, 0x14, 0x00, 0x00, 0x00,
  0x09, 0x00, 0x00, 0x00, 0xd4, 0x96, 0xff, 0xff, 0x01, 0x00, 0x00, 0x00,
  0x30, 0x00, 0x00, 0x00, 0x02, 0x00, 0x00, 0x00, 0x2c, 0x00, 0x00, 0x00,
  0x2f, 0x00, 0x00, 0x00, 0xfe, 0xfd, 0xff, 0xff, 0x0c, 0x00, 0x00, 0x00,
  0x10, 0x00, 0x00, 0x00, 0x08, 0x00, 0x00, 0x00, 0x01, 0x00, 0x00, 0x00,
  0x2f, 0x00, 0x00, 0x00, 0x01, 0x00, 0x00, 0x00, 0x2e, 0x00, 0x00, 0x00,
  0xae, 0xfe, 0xff, 0xff, 0x14, 0x00, 0x00, 0x00, 0x00, 0x00, 0x00, 0x15,
  0x10, 0x00, 0x00, 0x00, 0x14, 0x00, 0x00, 0x00, 0x09, 0x00, 0x00, 0x00,
  0x24, 0x97, 0xff, 0xff, 0x01, 0x00, 0x00, 0x00, 0x2e, 0x00, 0x00, 0x00,
  0x02, 0x00, 0x00, 0x00, 0x2b, 0x00, 0x00, 0x00, 0x2d, 0x00, 0x00, 0x00,
  0x4e, 0xfe, 0xff, 0xff, 0x0c, 0x00, 0x00, 0x00, 0x10, 0x00, 0x00, 0x00,
  0x08, 0x00, 0x00, 0x00, 0x01, 0x00, 0x00, 0x00, 0x2d, 0x00, 0x00, 0x00,
  0x01, 0x00, 0x00, 0x00, 0x29, 0x00, 0x00, 0x00, 0x6e, 0xfe, 0xff, 0xff,
  0x0c, 0x00, 0x00, 0x00, 0x10, 0x00, 0x00, 0x00, 0x07, 0x00, 0x00, 0x00,
  0x01, 0x00, 0x00, 0x00, 0x2c, 0x00, 0x00, 0x00, 0x01, 0x00, 0x00, 0x00,
  0x28, 0x00, 0x00, 0x00, 0x8e, 0xfe, 0xff, 0xff, 0x0c, 0x00, 0x00, 0x00,
  0x10, 0x00, 0x00, 0x00, 0x07, 0x00, 0x00, 0x00, 0x01, 0x00, 0x00, 0x00,
  0x2b, 0x00, 0x00, 0x00, 0x01, 0x00, 0x00, 0x00, 0x2a, 0x00, 0x00, 0x00,
  0xae, 0xfe, 0xff, 0xff, 0x0c, 0x00, 0x00, 0x00, 0x10, 0x00, 0x00, 0x00,
  0x06, 0x00, 0x00, 0x00, 0x01, 0x00, 0x00, 0x00, 0x2a, 0x00, 0x00, 0x00,
  0x01, 0x00, 0x00, 0x00, 0x24, 0x00, 0x00, 0x00, 0xce, 0xfe, 0xff, 0xff,
  0x0c, 0x00, 0x00, 0x00, 0x10, 0x00, 0x00, 0x00, 0x06, 0x00, 0x00, 0x00,
  0x01, 0x00, 0x00, 0x00, 0x29, 0x00, 0x00, 0x00, 0x01, 0x00, 0x00, 0x00,
  0x26, 0x00, 0x00, 0x00, 0xee, 0xfe, 0xff, 0xff, 0x0c, 0x00, 0x00, 0x00,
  0x10, 0x00, 0x00, 0x00, 0x06, 0x00, 0x00, 0x00, 0x01, 0x00, 0x00, 0x00,
  0x28, 0x00, 0x00, 0x00, 0x01, 0x00, 0x00, 0x00, 0x27, 0x00, 0x00, 0x00,
  0x9e, 0xff, 0xff, 0xff, 0x14, 0x00, 0x00, 0x00, 0x00, 0x00, 0x00, 0x23,
  0x14, 0x00, 0x00, 0x00, 0x24, 0x00, 0x00, 0x00, 0x05, 0x00, 0x00, 0x00,
  0x4a, 0xff, 0xff, 0xff, 0x04, 0x00, 0x00, 0x00, 0x04, 0x00, 0x00, 0x00,
  0x24, 0x00, 0x00, 0x00, 0x25, 0x00, 0x00, 0x00, 0x26, 0x00, 0x00, 0x00,
  0x27, 0x00, 0x00, 0x00, 0x02, 0x00, 0x00, 0x00, 0x03, 0x00, 0x00, 0x00,
  0x23, 0x00, 0x00, 0x00, 0x4e, 0xff, 0xff, 0xff, 0x0c, 0x00, 0x00, 0x00,
  0x10, 0x00, 0x00, 0x00, 0x04, 0x00, 0x00, 0x00, 0x01, 0x00, 0x00, 0x00,
  0x23, 0x00, 0x00, 0x00, 0x01, 0x00, 0x00, 0x00, 0x22, 0x00, 0x00, 0x00,
  0x00, 0x00, 0x0e, 0x00, 0x18, 0x00, 0x14, 0x00, 0x10, 0x00, 0x0c, 0x00,
  0x0b, 0x00, 0x04, 0x00, 0x0e, 0x00, 0x00, 0x00, 0x14, 0x00, 0x00, 0x00,
  0x00, 0x00, 0x00, 0x08, 0x10, 0x00, 0x00, 0x00, 0x14, 0x00, 0x00, 0x00,
  0x03, 0x00, 0x00, 0x00, 0x84, 0x98, 0xff, 0xff, 0x01, 0x00, 0x00, 0x00,
  0x22, 0x00, 0x00, 0x00, 0x03, 0x00, 0x00, 0x00, 0x21, 0x00, 0x00, 0x00,
  0x1c, 0x00, 0x00, 0x00, 0x1b, 0x00, 0x00, 0x00, 0x00, 0x00, 0x0e, 0x00,
  0x1a, 0x00, 0x14, 0x00, 0x10, 0x00, 0x0c, 0x00, 0x0b, 0x00, 0x04, 0x00,
  0x0e, 0x00, 0x00, 0x00, 0x1c, 0x00, 0x00, 0x00, 0x00, 0x00, 0x00, 0x17,
  0x1c, 0x00, 0x00, 0x00, 0x20, 0x00, 0x00, 0x00, 0x02, 0x00, 0x00, 0x00,
  0x00, 0x00, 0x06, 0x00, 0x08, 0x00, 0x04, 0x00, 0x06, 0x00, 0x00, 0x00,
  0x01, 0x00, 0x00, 0x00, 0x01, 0x00, 0x00, 0x00, 0x21, 0x00, 0x00, 0x00,
  0x02, 0x00, 0x00, 0x00, 0x20, 0x00, 0x00, 0x00, 0x02, 0x00, 0x00, 0x00,
  0x00, 0x00, 0x0a, 0x00, 0x10, 0x00, 0x0c, 0x00, 0x08, 0x00, 0x04, 0x00,
  0x0a, 0x00, 0x00, 0x00, 0x0c, 0x00, 0x00, 0x00, 0x10, 0x00, 0x00, 0x00,
  0x01, 0x00, 0x00, 0x00, 0x01, 0x00, 0x00, 0x00, 0x20, 0x00, 0x00, 0x00,
  0x02, 0x00, 0x00, 0x00, 0x1f, 0x00, 0x00, 0x00, 0x01, 0x00, 0x00, 0x00,
  0x00, 0x00, 0x0e, 0x00, 0x14, 0x00, 0x00, 0x00, 0x10, 0x00, 0x0c, 0x00,
  0x0b, 0x00, 0x04, 0x00, 0x0e, 0x00, 0x00, 0x00, 0x1c, 0x00, 0x00, 0x00,
  0x00, 0x00, 0x00, 0x01, 0x28, 0x00, 0x00, 0x00, 0x2c, 0x00, 0x00, 0x00,
  0x0c, 0x00, 0x14, 0x00, 0x13, 0x00, 0x0c, 0x00, 0x08, 0x00, 0x07, 0x00,
  0x0c, 0x00, 0x00, 0x00, 0x00, 0x00, 0x00, 0x01, 0x01, 0x00, 0x00, 0x00,
  0x01, 0x00, 0x00, 0x00, 0x00, 0x00, 0x00, 0x01, 0x01, 0x00, 0x00, 0x00,
  0x1f, 0x00, 0x00, 0x00, 0x03, 0x00, 0x00, 0x00, 0x00, 0x00, 0x00, 0x00,
  0x1e, 0x00, 0x00, 0x00, 0x1d, 0x00, 0x00, 0x00, 0x01, 0x00, 0x00, 0x00,
  0xa8, 0x00, 0x00, 0x00, 0x01, 0x00, 0x00, 0x00, 0x00, 0x00, 0x00, 0x00,
  0xa9, 0x00, 0x00, 0x00, 0xd0, 0x66, 0x00, 0x00, 0x54, 0x66, 0x00, 0x00,
  0xf8, 0x65, 0x00, 0x00, 0xbc, 0x65, 0x00, 0x00, 0x5c, 0x65, 0x00, 0x00,
  0xfc, 0x64, 0x00, 0x00, 0x9c, 0x64, 0x00, 0x00, 0x3c, 0x64, 0x00, 0x00,
  0xdc, 0x63, 0x00, 0x00, 0x7c, 0x63, 0x00, 0x00, 0xa4, 0x62, 0x00, 0x00,
  0xe0, 0x61, 0x00, 0x00, 0xcc, 0x60, 0x00, 0x00, 0xb8, 0x5f, 0x00, 0x00,
  0xa4, 0x5e, 0x00, 0x00, 0x90, 0x5d, 0x00, 0x00, 0x7c, 0x5c, 0x00, 0x00,
  0x68, 0x5b, 0x00, 0x00, 0x54, 0x5a, 0x00, 0x00, 0x40, 0x59, 0x00, 0x00,
  0x2c, 0x58, 0x00, 0x00, 0x18, 0x57, 0x00, 0x00, 0x04, 0x56, 0x00, 0x00,
  0xf0, 0x54, 0x00, 0x00, 0xdc, 0x53, 0x00, 0x00, 0xc8, 0x52, 0x00, 0x00,
  0xac, 0x51, 0x00, 0x00, 0x58, 0x50, 0x00, 0x00, 0x3c, 0x4f, 0x00, 0x00,
  0xc8, 0x4d, 0x00, 0x00, 0x8c, 0x4c, 0x00, 0x00, 0xc0, 0x4b, 0x00, 0x00,
  0x3c, 0x4b, 0x00, 0x00, 0xc0, 0x4a, 0x00, 0x00, 0xf4, 0x49, 0x00, 0x00,
  0xb4, 0x49, 0x00, 0x00, 0x04, 0x49, 0x00, 0x00, 0x6c, 0x48, 0x00, 0x00,
  0xd4, 0x47, 0x00, 0x00, 0x3c, 0x47, 0x00, 0x00, 0x84, 0x46, 0x00, 0x00,
  0xc8, 0x45, 0x00, 0x00, 0x0c, 0x45, 0x00, 0x00, 0x98, 0x44, 0x00, 0x00,
  0x24, 0x44, 0x00, 0x00, 0xb8, 0x43, 0x00, 0x00, 0x44, 0x43, 0x00, 0x00,
  0xd0, 0x42, 0x00, 0x00, 0x5c, 0x42, 0x00, 0x00, 0xb8, 0x41, 0x00, 0x00,
  0x3c, 0x41, 0x00, 0x00, 0x98, 0x40, 0x00, 0x00, 0x24, 0x40, 0x00, 0x00,
  0x60, 0x3f, 0x00, 0x00, 0x9c, 0x3e, 0x00, 0x00, 0xd8, 0x3d, 0x00, 0x00,
  0x14, 0x3d, 0x00, 0x00, 0xa0, 0x3c, 0x00, 0x00, 0x2c, 0x3c, 0x00, 0x00,
  0xb8, 0x3b, 0x00, 0x00, 0x44, 0x3b, 0x00, 0x00, 0xd0, 0x3a, 0x00, 0x00,
  0x5c, 0x3a, 0x00, 0x00, 0xe8, 0x39, 0x00, 0x00, 0x74, 0x39, 0x00, 0x00,
  0x00, 0x39, 0x00, 0x00, 0x5c, 0x38, 0x00, 0x00, 0xe0, 0x37, 0x00, 0x00,
  0x3c, 0x37, 0x00, 0x00, 0xc8, 0x36, 0x00, 0x00, 0x04, 0x36, 0x00, 0x00,
  0x40, 0x35, 0x00, 0x00, 0x7c, 0x34, 0x00, 0x00, 0xb8, 0x33, 0x00, 0x00,
  0x44, 0x33, 0x00, 0x00, 0xd0, 0x32, 0x00, 0x00, 0x5c, 0x32, 0x00, 0x00,
  0xe8, 0x31, 0x00, 0x00, 0x74, 0x31, 0x00, 0x00, 0x00, 0x31, 0x00, 0x00,
  0x8c, 0x30, 0x00, 0x00, 0x18, 0x30, 0x00, 0x00, 0xa4, 0x2f, 0x00, 0x00,
  0x00, 0x2f, 0x00, 0x00, 0x84, 0x2e, 0x00, 0x00, 0xe0, 0x2d, 0x00, 0x00,
  0x6c, 0x2d, 0x00, 0x00, 0xa8, 0x2c, 0x00, 0x00, 0xe4, 0x2b, 0x00, 0x00,
  0x20, 0x2b, 0x00, 0x00, 0x5c, 0x2a, 0x00, 0x00, 0xe0, 0x29, 0x00, 0x00,
  0x6c, 0x29, 0x00, 0x00, 0xf0, 0x28, 0x00, 0x00, 0x7c, 0x28, 0x00, 0x00,
  0x08, 0x28, 0x00, 0x00, 0x94, 0x27, 0x00, 0x00, 0x20, 0x27, 0x00, 0x00,
  0xac, 0x26, 0x00, 0x00, 0x38, 0x26, 0x00, 0x00, 0x94, 0x25, 0x00, 0x00,
  0x18, 0x25, 0x00, 0x00, 0x74, 0x24, 0x00, 0x00, 0x00, 0x24, 0x00, 0x00,
  0x3c, 0x23, 0x00, 0x00, 0x78, 0x22, 0x00, 0x00, 0xb4, 0x21, 0x00, 0x00,
  0xf0, 0x20, 0x00, 0x00, 0x74, 0x20, 0x00, 0x00, 0xf8, 0x1f, 0x00, 0x00,
  0x84, 0x1f, 0x00, 0x00, 0x08, 0x1f, 0x00, 0x00, 0x94, 0x1e, 0x00, 0x00,
  0x20, 0x1e, 0x00, 0x00, 0xac, 0x1d, 0x00, 0x00, 0x38, 0x1d, 0x00, 0x00,
  0xc4, 0x1c, 0x00, 0x00, 0x20, 0x1c, 0x00, 0x00, 0xa4, 0x1b, 0x00, 0x00,
  0x00, 0x1b, 0x00, 0x00, 0x8c, 0x1a, 0x00, 0x00, 0xc8, 0x19, 0x00, 0x00,
  0x04, 0x19, 0x00, 0x00, 0x40, 0x18, 0x00, 0x00, 0x7c, 0x17, 0x00, 0x00,
  0x00, 0x17, 0x00, 0x00, 0x84, 0x16, 0x00, 0x00, 0x10, 0x16, 0x00, 0x00,
  0x94, 0x15, 0x00, 0x00, 0x20, 0x15, 0x00, 0x00, 0xac, 0x14, 0x00, 0x00,
  0x38, 0x14, 0x00, 0x00, 0xc4, 0x13, 0x00, 0x00, 0x50, 0x13, 0x00, 0x00,
  0xac, 0x12, 0x00, 0x00, 0x30, 0x12, 0x00, 0x00, 0x8c, 0x11, 0x00, 0x00,
  0x18, 0x11, 0x00, 0x00, 0x54, 0x10, 0x00, 0x00, 0x90, 0x0f, 0x00, 0x00,
  0xcc, 0x0e, 0x00, 0x00, 0x08, 0x0e, 0x00, 0x00, 0x8c, 0x0d, 0x00, 0x00,
  0x10, 0x0d, 0x00, 0x00, 0x9c, 0x0c, 0x00, 0x00, 0x20, 0x0c, 0x00, 0x00,
  0xac, 0x0b, 0x00, 0x00, 0x38, 0x0b, 0x00, 0x00, 0xc4, 0x0a, 0x00, 0x00,
  0x50, 0x0a, 0x00, 0x00, 0xdc, 0x09, 0x00, 0x00, 0x38, 0x09, 0x00, 0x00,
  0xbc, 0x08, 0x00, 0x00, 0x18, 0x08, 0x00, 0x00, 0xa4, 0x07, 0x00, 0x00,
  0xe0, 0x06, 0x00, 0x00, 0x1c, 0x06, 0x00, 0x00, 0x58, 0x05, 0x00, 0x00,
  0x94, 0x04, 0x00, 0x00, 0x18, 0x04, 0x00, 0x00, 0x9c, 0x03, 0x00, 0x00,
  0x28, 0x03, 0x00, 0x00, 0xac, 0x02, 0x00, 0x00, 0x38, 0x02, 0x00, 0x00,
  0xc4, 0x01, 0x00, 0x00, 0x50, 0x01, 0x00, 0x00, 0xdc, 0x00, 0x00, 0x00,
  0x68, 0x00, 0x00, 0x00, 0x04, 0x00, 0x00, 0x00, 0xea, 0x9b, 0xff, 0xff,
  0x00, 0x00, 0x00, 0x01, 0x14, 0x00, 0x00, 0x00, 0x30, 0x00, 0x00, 0x00,
  0xa9, 0x00, 0x00, 0x00, 0x00, 0x00, 0x00, 0x09, 0x3c, 0x00, 0x00, 0x00,
  0xd4, 0x9b, 0xff, 0xff, 0x08, 0x00, 0x00, 0x00, 0x10, 0x00, 0x00, 0x00,
  0x01, 0x00, 0x00, 0x00, 0x80, 0xff, 0xff, 0xff, 0xff, 0xff, 0xff, 0xff,
  0x01, 0x00, 0x00, 0x00, 0x86, 0x52, 0x33, 0x3d, 0x11, 0x00, 0x00, 0x00,
  0x50, 0x61, 0x72, 0x74, 0x69, 0x74, 0x69, 0x6f, 0x6e, 0x65, 0x64, 0x43,
  0x61, 0x6c, 0x6c, 0x3a, 0x30, 0x00, 0x00, 0x00, 0x02, 0x00, 0x00, 0x00,
  0x01, 0x00, 0x00, 0x00, 0x07, 0x00, 0x00, 0x00, 0x4a, 0x9c, 0xff, 0xff,
  0x00, 0x00, 0x00, 0x01, 0x14, 0x00, 0x00, 0x00, 0x30, 0x00, 0x00, 0x00,
  0xa8, 0x00, 0x00, 0x00, 0x00, 0x00, 0x00, 0x09, 0x4c, 0x00, 0x00, 0x00,
  0x34, 0x9c, 0xff, 0xff, 0x08, 0x00, 0x00, 0x00, 0x10, 0x00, 0x00, 0x00,
  0x01, 0x00, 0x00, 0x00, 0x00, 0x00, 0x00, 0x00, 0x00, 0x00, 0x00, 0x00,
  0x01, 0x00, 0x00, 0x00, 0x7f, 0x80, 0x00, 0x3c, 0x22, 0x00, 0x00, 0x00,
  0x6d, 0x6f, 0x64, 0x65, 0x6c, 0x5f, 0x33, 0x30, 0x32, 0x2f, 0x74, 0x66,
  0x2e, 0x6d, 0x61, 0x74, 0x68, 0x2e, 0x6d, 0x75, 0x6c, 0x74, 0x69, 0x70,
  0x6c, 0x79, 0x5f, 0x34, 0x36, 0x35, 0x2f, 0x4d, 0x75, 0x6c, 0x00, 0x00,
  0x02, 0x00, 0x00, 0x00, 0x01, 0x00, 0x00, 0x00, 0x04, 0x00, 0x00, 0x00,
  0xba, 0x9c, 0xff, 0xff, 0x00, 0x00, 0x00, 0x01, 0x14, 0x00, 0x00, 0x00,
  0x34, 0x00, 0x00, 0x00, 0xa7, 0x00, 0x00, 0x00, 0x00, 0x00, 0x00, 0x09,
  0x4c, 0x00, 0x00, 0x00, 0xa4, 0x9c, 0xff, 0xff, 0x08, 0x00, 0x00, 0x00,
  0x14, 0x00, 0x00, 0x00, 0x01, 0x00, 0x00, 0x00, 0x00, 0x00, 0x00, 0x00,
  0x00, 0x00, 0x00, 0x00, 0x00, 0x00, 0x00, 0x00, 0x01, 0x00, 0x00, 0x00,
  0x00, 0x00, 0x00, 0x3c, 0x1e, 0x00, 0x00, 0x00, 0x6d, 0x6f, 0x64, 0x65,
  0x6c, 0x5f, 0x33, 0x30, 0x32, 0x2f, 0x74, 0x66, 0x2e, 0x6d, 0x61, 0x74,
  0x68, 0x2e, 0x74, 0x61, 0x6e, 0x68, 0x5f, 0x31, 0x35, 0x2f, 0x54, 0x61,
  0x6e, 0x68, 0x00, 0x00, 0x02, 0x00, 0x00, 0x00, 0x01, 0x00, 0x00, 0x00,
  0x04, 0x00, 0x00, 0x00, 0x2a, 0x9d, 0xff, 0xff, 0x00, 0x00, 0x00, 0x01,
  0x14, 0x00, 0x00, 0x00, 0x34, 0x00, 0x00, 0x00, 0xa6, 0x00, 0x00, 0x00,
  0x00, 0x00, 0x00, 0x09, 0x4c, 0x00, 0x00, 0x00, 0x14, 0x9d, 0xff, 0xff,
  0x08, 0x00, 0x00, 0x00, 0x14, 0x00, 0x00, 0x00, 0x01, 0x00, 0x00, 0x00,
  0xff, 0xff, 0xff, 0xff, 0xff, 0xff, 0xff, 0xff, 0x00, 0x00, 0x00, 0x00,
  0x01, 0x00, 0x00, 0x00, 0x81, 0x80, 0x80, 0x3d, 0x1d, 0x00, 0x00, 0x00,
  0x6d, 0x6f, 0x64, 0x65, 0x6c, 0x5f, 0x33, 0x30, 0x32, 0x2f, 0x74, 0x66,
  0x2e, 0x6d, 0x61, 0x74, 0x68, 0x2e, 0x61, 0x64, 0x64, 0x5f, 0x34, 0x35,
  0x38, 0x2f, 0x41, 0x64, 0x64, 0x00, 0x00, 0x00, 0x02, 0x00, 0x00, 0x00,
  0x01, 0x00, 0x00, 0x00, 0x04, 0x00, 0x00, 0x00, 0x9a, 0x9d, 0xff, 0xff,
  0x00, 0x00, 0x00, 0x01, 0x14, 0x00, 0x00, 0x00, 0x30, 0x00, 0x00, 0x00,
  0xa5, 0x00, 0x00, 0x00, 0x00, 0x00, 0x00, 0x09, 0x4c, 0x00, 0x00, 0x00,
  0x84, 0x9d, 0xff, 0xff, 0x08, 0x00, 0x00, 0x00, 0x10, 0x00, 0x00, 0x00,
  0x01, 0x00, 0x00, 0x00, 0xff, 0xff, 0xff, 0xff, 0xff, 0xff, 0xff, 0xff,
  0x01, 0x00, 0x00, 0x00, 0x81, 0x80, 0x00, 0x3c, 0x22, 0x00, 0x00, 0x00,
  0x6d, 0x6f, 0x64, 0x65, 0x6c, 0x5f, 0x33, 0x30, 0x32, 0x2f, 0x74, 0x66,
  0x2e, 0x6d, 0x61, 0x74, 0x68, 0x2e, 0x6d, 0x75, 0x6c, 0x74, 0x69, 0x70,
  0x6c, 0x79, 0x5f, 0x34, 0x35, 0x38, 0x2f, 0x4d, 0x75, 0x6c, 0x00, 0x00,
  0x02, 0x00, 0x00, 0x00, 0x01, 0x00, 0x00, 0x00, 0x04, 0x00, 0x00, 0x00,
  0x0a, 0x9e, 0xff, 0xff, 0x00, 0x00, 0x00, 0x01, 0x14, 0x00, 0x00, 0x00,
  0x34, 0x00, 0x00, 0x00, 0xa4, 0x00, 0x00, 0x00, 0x00, 0x00, 0x00, 0x09,
  0x4c, 0x00, 0x00, 0x00, 0xf4, 0x9d, 0xff, 0xff, 0x08, 0x00, 0x00, 0x00,
  0x14, 0x00, 0x00, 0x00, 0x01, 0x00, 0x00, 0x00, 0x00, 0x00, 0x00, 0x00,
  0x00, 0x00, 0x00, 0x00, 0x00, 0x00, 0x00, 0x00, 0x01, 0x00, 0x00, 0x00,
  0x00, 0x00, 0x00, 0x3c, 0x1e, 0x00, 0x00, 0x00, 0x6d, 0x6f, 0x64, 0x65,
  0x6c, 0x5f, 0x33, 0x30, 0x32, 0x2f, 0x74, 0x66, 0x2e, 0x6d, 0x61, 0x74,
  0x68, 0x2e, 0x74, 0x61, 0x6e, 0x68, 0x5f, 0x31, 0x34, 0x2f, 0x54, 0x61,
  0x6e, 0x68, 0x00, 0x00, 0x02, 0x00, 0x00, 0x00, 0x01, 0x00, 0x00, 0x00,
  0x04, 0x00, 0x00, 0x00, 0x7a, 0x9e, 0xff, 0xff, 0x00, 0x00, 0x00, 0x01,
  0x14, 0x00, 0x00, 0x00, 0x34, 0x00, 0x00, 0x00, 0xa3, 0x00, 0x00, 0x00,
  0x00, 0x00, 0x00, 0x09, 0x54, 0x00, 0x00, 0x00, 0x64, 0x9e, 0xff, 0xff,
  0x08, 0x00, 0x00, 0x00, 0x14, 0x00, 0x00, 0x00, 0x01, 0x00, 0x00, 0x00,
  0x80, 0xff, 0xff, 0xff, 0xff, 0xff, 0xff, 0xff, 0x00, 0x00, 0x00, 0x00,
  0x01, 0x00, 0x00, 0x00, 0x00, 0x00, 0x80, 0x3b, 0x24, 0x00, 0x00, 0x00,
  0x6d, 0x6f, 0x64, 0x65, 0x6c, 0x5f, 0x33, 0x30, 0x32, 0x2f, 0x74, 0x66,
  0x2e, 0x6d, 0x61, 0x74, 0x68, 0x2e, 0x73, 0x69, 0x67, 0x6d, 0x6f, 0x69,
  0x64, 0x5f, 0x32, 0x33, 0x2f, 0x53, 0x69, 0x67, 0x6d, 0x6f, 0x69, 0x64,
  0x00, 0x00, 0x00, 0x00, 0x02, 0x00, 0x00, 0x00, 0x01, 0x00, 0x00, 0x00,
  0x04, 0x00, 0x00, 0x00, 0xf2, 0x9e, 0xff, 0xff, 0x00, 0x00, 0x00, 0x01,
  0x14, 0x00, 0x00, 0x00, 0x30, 0x00, 0x00, 0x00, 0xa2, 0x00, 0x00, 0x00,
  0x00, 0x00, 0x00, 0x09, 0x4c, 0x00, 0x00, 0x00, 0xdc, 0x9e, 0xff, 0xff,
  0x08, 0x00, 0x00, 0x00, 0x10, 0x00, 0x00, 0x00, 0x01, 0x00, 0x00, 0x00,
  0xff, 0xff, 0xff, 0xff, 0xff, 0xff, 0xff, 0xff, 0x01, 0x00, 0x00, 0x00,
  0x81, 0x80, 0x80, 0x3d, 0x22, 0x00, 0x00, 0x00, 0x6d, 0x6f, 0x64, 0x65,
  0x6c, 0x5f, 0x33, 0x30, 0x32, 0x2f, 0x74, 0x66, 0x2e, 0x6d, 0x61, 0x74,
  0x68, 0x2e, 0x6d, 0x75, 0x6c, 0x74, 0x69, 0x70, 0x6c, 0x79, 0x5f, 0x34,
  0x35, 0x34, 0x2f, 0x4d, 0x75, 0x6c, 0x00, 0x00, 0x02, 0x00, 0x00, 0x00,
  0x01, 0x00, 0x00, 0x00, 0x04, 0x00, 0x00, 0x00, 0x62, 0x9f, 0xff, 0xff,
  0x00, 0x00, 0x00, 0x01, 0x14, 0x00, 0x00, 0x00, 0x34, 0x00, 0x00, 0x00,
  0xa1, 0x00, 0x00, 0x00, 0x00, 0x00, 0x00, 0x09, 0x54, 0x00, 0x00, 0x00,
  0x4c, 0x9f, 0xff, 0xff, 0x08, 0x00, 0x00, 0x00, 0x14, 0x00, 0x00, 0x00,
  0x01, 0x00, 0x00, 0x00, 0x80, 0xff, 0xff, 0xff, 0xff, 0xff, 0xff, 0xff,
  0x00, 0x00, 0x00, 0x00, 0x01, 0x00, 0x00, 0x00, 0x00, 0x00, 0x80, 0x3b,
  0x24, 0x00, 0x00, 0x00, 0x6d, 0x6f, 0x64, 0x65, 0x6c, 0x5f, 0x33, 0x30,
  0x32, 0x2f, 0x74, 0x66, 0x2e, 0x6d, 0x61, 0x74, 0x68, 0x2e, 0x73, 0x69,
  0x67, 0x6d, 0x6f, 0x69, 0x64, 0x5f, 0x32, 0x32, 0x2f, 0x53, 0x69, 0x67,
  0x6d, 0x6f, 0x69, 0x64, 0x00, 0x00, 0x00, 0x00, 0x02, 0x00, 0x00, 0x00,
  0x01, 0x00, 0x00, 0x00, 0x04, 0x00, 0x00, 0x00, 0xda, 0x9f, 0xff, 0xff,
  0x00, 0x00, 0x00, 0x01, 0x14, 0x00, 0x00, 0x00, 0x34, 0x00, 0x00, 0x00,
  0xa0, 0x00, 0x00, 0x00, 0x00, 0x00, 0x00, 0x09, 0x54, 0x00, 0x00, 0x00,
  0xc4, 0x9f, 0xff, 0xff, 0x08, 0x00, 0x00, 0x00, 0x14, 0x00, 0x00, 0x00,
  0x01, 0x00, 0x00, 0x00, 0x80, 0xff, 0xff, 0xff, 0xff, 0xff, 0xff, 0xff,
  0x00, 0x00, 0x00, 0x00, 0x01, 0x00, 0x00, 0x00, 0x00, 0x00, 0x80, 0x3b,
  0x24, 0x00, 0x00, 0x00, 0x6d, 0x6f, 0x64, 0x65, 0x6c, 0x5f, 0x33, 0x30,
  0x32, 0x2f, 0x74, 0x66, 0x2e, 0x6d, 0x61, 0x74, 0x68, 0x2e, 0x73, 0x69,
  0x67, 0x6d, 0x6f, 0x69, 0x64, 0x5f, 0x32, 0x31, 0x2f, 0x53, 0x69, 0x67,
  0x6d, 0x6f, 0x69, 0x64, 0x00, 0x00, 0x00, 0x00, 0x02, 0x00, 0x00, 0x00,
  0x01, 0x00, 0x00, 0x00, 0x04, 0x00, 0x00, 0x00, 0x52, 0xa0, 0xff, 0xff,
  0x00, 0x00, 0x00, 0x01, 0x14, 0x00, 0x00, 0x00, 0x34, 0x00, 0x00, 0x00,
  0x9f, 0x00, 0x00, 0x00, 0x00, 0x00, 0x00, 0x09, 0x9c, 0x00, 0x00, 0x00,
  0x3c, 0xa0, 0xff, 0xff, 0x08, 0x00, 0x00, 0x00, 0x14, 0x00, 0x00, 0x00,
  0x01, 0x00, 0x00, 0x00, 0xf0, 0xff, 0xff, 0xff, 0xff, 0xff, 0xff, 0xff,
  0x00, 0x00, 0x00, 0x00, 0x01, 0x00, 0x00, 0x00, 0x19, 0x80, 0xa4, 0x3f,
  0x6f, 0x00, 0x00, 0x00, 0x6d, 0x6f, 0x64, 0x65, 0x6c, 0x5f, 0x33, 0x30,
  0x32, 0x2f, 0x74, 0x66, 0x2e, 0x73, 0x70, 0x6c, 0x69, 0x74, 0x5f, 0x37,
  0x2f, 0x73, 0x70, 0x6c, 0x69, 0x74, 0x3b, 0x6d, 0x6f, 0x64, 0x65, 0x6c,
  0x5f, 0x33, 0x30, 0x32, 0x2f, 0x74, 0x66, 0x2e, 0x73, 0x70, 0x6c, 0x69,
  0x74, 0x5f, 0x37, 0x2f, 0x73, 0x70, 0x6c, 0x69, 0x74, 0x31, 0x3b, 0x6d,
  0x6f, 0x64, 0x65, 0x6c, 0x5f, 0x33, 0x30, 0x32, 0x2f, 0x74, 0x66, 0x2e,
  0x73, 0x70, 0x6c, 0x69, 0x74, 0x5f, 0x37, 0x2f, 0x73, 0x70, 0x6c, 0x69,
  0x74, 0x32, 0x3b, 0x6d, 0x6f, 0x64, 0x65, 0x6c, 0x5f, 0x33, 0x30, 0x32,
  0x2f, 0x74, 0x66, 0x2e, 0x73, 0x70, 0x6c, 0x69, 0x74, 0x5f, 0x37, 0x2f,
  0x73, 0x70, 0x6c, 0x69, 0x74, 0x33, 0x33, 0x00, 0x02, 0x00, 0x00, 0x00,
  0x01, 0x00, 0x00, 0x00, 0x04, 0x00, 0x00, 0x00, 0x12, 0xa1, 0xff, 0xff,
  0x00, 0x00, 0x00, 0x01, 0x14, 0x00, 0x00, 0x00, 0x34, 0x00, 0x00, 0x00,
  0x9e, 0x00, 0x00, 0x00, 0x00, 0x00, 0x00, 0x09, 0x9c, 0x00, 0x00, 0x00,
  0xfc, 0xa0, 0xff, 0xff, 0x08, 0x00, 0x00, 0x00, 0x14, 0x00, 0x00, 0x00,
  0x01, 0x00, 0x00, 0x00, 0xf0, 0xff, 0xff, 0xff, 0xff, 0xff, 0xff, 0xff,
  0x00, 0x00, 0x00, 0x00, 0x01, 0x00, 0x00, 0x00, 0x19, 0x80, 0xa4, 0x3f,
  0x6f, 0x00, 0x00, 0x00, 0x6d, 0x6f, 0x64, 0x65, 0x6c, 0x5f, 0x33, 0x30,
  0x32, 0x2f, 0x74, 0x66, 0x2e, 0x73, 0x70, 0x6c, 0x69, 0x74, 0x5f, 0x37,
  0x2f, 0x73, 0x70, 0x6c, 0x69, 0x74, 0x3b, 0x6d, 0x6f, 0x64, 0x65, 0x6c,
  0x5f, 0x33, 0x30, 0x32, 0x2f, 0x74, 0x66, 0x2e, 0x73, 0x70, 0x6c, 0x69,
  0x74, 0x5f, 0x37, 0x2f, 0x73, 0x70, 0x6c, 0x69, 0x74, 0x31, 0x3b, 0x6d,
  0x6f, 0x64, 0x65, 0x6c, 0x5f, 0x33, 0x30, 0x32, 0x2f, 0x74, 0x66, 0x2e,
  0x73, 0x70, 0x6c, 0x69, 0x74, 0x5f, 0x37, 0x2f, 0x73, 0x70, 0x6c, 0x69,
  0x74, 0x32, 0x3b, 0x6d, 0x6f, 0x64, 0x65, 0x6c, 0x5f, 0x33, 0x30, 0x32,
  0x2f, 0x74, 0x66, 0x2e, 0x73, 0x70, 0x6c, 0x69, 0x74, 0x5f, 0x37, 0x2f,
  0x73, 0x70, 0x6c, 0x69, 0x74, 0x33, 0x32, 0x00, 0x02, 0x00, 0x00, 0x00,
  0x01, 0x00, 0x00, 0x00, 0x04, 0x00, 0x00, 0x00, 0xd2, 0xa1, 0xff, 0xff,
  0x00, 0x00, 0x00, 0x01, 0x14, 0x00, 0x00, 0x00, 0x34, 0x00, 0x00, 0x00,
  0x9d, 0x00, 0x00, 0x00, 0x00, 0x00, 0x00, 0x09, 0x9c, 0x00, 0x00, 0x00,
  0xbc, 0xa1, 0xff, 0xff, 0x08, 0x00, 0x00, 0x00, 0x14, 0x00, 0x00, 0x00,
  0x01, 0x00, 0x00, 0x00, 0xf0, 0xff, 0xff, 0xff, 0xff, 0xff, 0xff, 0xff,
  0x00, 0x00, 0x00, 0x00, 0x01, 0x00, 0x00, 0x00, 0x19, 0x80, 0xa4, 0x3f,
  0x6f, 0x00, 0x00, 0x00, 0x6d, 0x6f, 0x64, 0x65, 0x6c, 0x5f, 0x33, 0x30,
  0x32, 0x2f, 0x74, 0x66, 0x2e, 0x73, 0x70, 0x6c, 0x69, 0x74, 0x5f, 0x37,
  0x2f, 0x73, 0x70, 0x6c, 0x69, 0x74, 0x3b, 0x6d, 0x6f, 0x64, 0x65, 0x6c,
  0x5f, 0x33, 0x30, 0x32, 0x2f, 0x74, 0x66, 0x2e, 0x73, 0x70, 0x6c, 0x69,
  0x74, 0x5f, 0x37, 0x2f, 0x73, 0x70, 0x6c, 0x69, 0x74, 0x31, 0x3b, 0x6d,
  0x6f, 0x64, 0x65, 0x6c, 0x5f, 0x33, 0x30, 0x32, 0x2f, 0x74, 0x66, 0x2e,
  0x73, 0x70, 0x6c, 0x69, 0x74, 0x5f, 0x37, 0x2f, 0x73, 0x70, 0x6c, 0x69,
  0x74, 0x32, 0x3b, 0x6d, 0x6f, 0x64, 0x65, 0x6c, 0x5f, 0x33, 0x30, 0x32,
  0x2f, 0x74, 0x66, 0x2e, 0x73, 0x70, 0x6c, 0x69, 0x74, 0x5f, 0x37, 0x2f,
  0x73, 0x70, 0x6c, 0x69, 0x74, 0x33, 0x31, 0x00, 0x02, 0x00, 0x00, 0x00,
  0x01, 0x00, 0x00, 0x00, 0x04, 0x00, 0x00, 0x00, 0x92, 0xa2, 0xff, 0xff,
  0x00, 0x00, 0x00, 0x01, 0x14, 0x00, 0x00, 0x00, 0x34, 0x00, 0x00, 0x00,
  0x9c, 0x00, 0x00, 0x00, 0x00, 0x00, 0x00, 0x09, 0x9c, 0x00, 0x00, 0x00,
  0x7c, 0xa2, 0xff, 0xff, 0x08, 0x00, 0x00, 0x00, 0x14, 0x00, 0x00, 0x00,
  0x01, 0x00, 0x00, 0x00, 0xf0, 0xff, 0xff, 0xff, 0xff, 0xff, 0xff, 0xff,
  0x00, 0x00, 0x00, 0x00, 0x01, 0x00, 0x00, 0x00, 0x19, 0x80, 0xa4, 0x3f,
  0x6e, 0x00, 0x00, 0x00, 0x6d, 0x6f, 0x64, 0x65, 0x6c, 0x5f, 0x33, 0x30,
  0x32, 0x2f, 0x74, 0x66, 0x2e, 0x73, 0x70, 0x6c, 0x69, 0x74, 0x5f, 0x37,
  0x2f, 0x73, 0x70, 0x6c, 0x69, 0x74, 0x3b, 0x6d, 0x6f, 0x64, 0x65, 0x6c,
  0x5f, 0x33, 0x30, 0x32, 0x2f, 0x74, 0x66, 0x2e, 0x73, 0x70, 0x6c, 0x69,
  0x74, 0x5f, 0x37, 0x2f, 0x73, 0x70, 0x6c, 0x69, 0x74, 0x31, 0x3b, 0x6d,
  0x6f, 0x64, 0x65, 0x6c, 0x5f, 0x33, 0x30, 0x32, 0x2f, 0x74, 0x66, 0x2e,
  0x73, 0x70, 0x6c, 0x69, 0x74, 0x5f, 0x37, 0x2f, 0x73, 0x70, 0x6c, 0x69,
  0x74, 0x32, 0x3b, 0x6d, 0x6f, 0x64, 0x65, 0x6c, 0x5f, 0x33, 0x30, 0x32,
  0x2f, 0x74, 0x66, 0x2e, 0x73, 0x70, 0x6c, 0x69, 0x74, 0x5f, 0x37, 0x2f,
  0x73, 0x70, 0x6c, 0x69, 0x74, 0x33, 0x00, 0x00, 0x02, 0x00, 0x00, 0x00,
  0x01, 0x00, 0x00, 0x00, 0x04, 0x00, 0x00, 0x00, 0x52, 0xa3, 0xff, 0xff,
  0x00, 0x00, 0x00, 0x01, 0x14, 0x00, 0x00, 0x00, 0x34, 0x00, 0x00, 0x00,
  0x9b, 0x00, 0x00, 0x00, 0x00, 0x00, 0x00, 0x09, 0x4c, 0x00, 0x00, 0x00,
  0x3c, 0xa3, 0xff, 0xff, 0x08, 0x00, 0x00, 0x00, 0x14, 0x00, 0x00, 0x00,
  0x01, 0x00, 0x00, 0x00, 0xf0, 0xff, 0xff, 0xff, 0xff, 0xff, 0xff, 0xff,
  0x00, 0x00, 0x00, 0x00, 0x01, 0x00, 0x00, 0x00, 0x19, 0x80, 0xa4, 0x3f,
  0x1d, 0x00, 0x00, 0x00, 0x6d, 0x6f, 0x64, 0x65, 0x6c, 0x5f, 0x33, 0x30,
  0x32, 0x2f, 0x74, 0x66, 0x2e, 0x6d, 0x61, 0x74, 0x68, 0x2e, 0x61, 0x64,
  0x64, 0x5f, 0x34, 0x35, 0x37, 0x2f, 0x41, 0x64, 0x64, 0x00, 0x00, 0x00,
  0x02, 0x00, 0x00, 0x00, 0x01, 0x00, 0x00, 0x00, 0x10, 0x00, 0x00, 0x00,
  0xc2, 0xa3, 0xff, 0xff, 0x00, 0x00, 0x00, 0x01, 0x14, 0x00, 0x00, 0x00,
  0x34, 0x00, 0x00, 0x00, 0x9a, 0x00, 0x00, 0x00, 0x00, 0x00, 0x00, 0x09,
  0x7c, 0x00, 0x00, 0x00, 0xac, 0xa3, 0xff, 0xff, 0x08, 0x00, 0x00, 0x00,
  0x14, 0x00, 0x00, 0x00, 0x01, 0x00, 0x00, 0x00, 0xf0, 0xff, 0xff, 0xff,
  0xff, 0xff, 0xff, 0xff, 0x00, 0x00, 0x00, 0x00, 0x01, 0x00, 0x00, 0x00,
  0x09, 0xa4, 0xa2, 0x3f, 0x4d, 0x00, 0x00, 0x00, 0x6d, 0x6f, 0x64, 0x65,
  0x6c, 0x5f, 0x33, 0x30, 0x32, 0x2f, 0x74, 0x66, 0x2e, 0x6c, 0x69, 0x6e,
  0x61, 0x6c, 0x67, 0x2e, 0x6d, 0x61, 0x74, 0x6d, 0x75, 0x6c, 0x5f, 0x38,
  0x38, 0x2f, 0x4d, 0x61, 0x74, 0x4d, 0x75, 0x6c, 0x3b, 0x6d, 0x6f, 0x64,
  0x65, 0x6c, 0x5f, 0x33, 0x30, 0x32, 0x2f, 0x74, 0x66, 0x2e, 0x5f, 0x5f,
  0x6f, 0x70, 0x65, 0x72, 0x61, 0x74, 0x6f, 0x72, 0x73, 0x5f, 0x5f, 0x2e,
  0x61, 0x64, 0x64, 0x5f, 0x33, 0x31, 0x36, 0x2f, 0x41, 0x64, 0x64, 0x56,
  0x32, 0x00, 0x00, 0x00, 0x02, 0x00, 0x00, 0x00, 0x01, 0x00, 0x00, 0x00,
  0x10, 0x00, 0x00, 0x00, 0x62, 0xa4, 0xff, 0xff, 0x00, 0x00, 0x00, 0x01,
  0x14, 0x00, 0x00, 0x00, 0x30, 0x00, 0x00, 0x00, 0x99, 0x00, 0x00, 0x00,
  0x00, 0x00, 0x00, 0x09, 0x54, 0x00, 0x00, 0x00, 0x4c, 0xa4, 0xff, 0xff,
  0x08, 0x00, 0x00, 0x00, 0x10, 0x00, 0x00, 0x00, 0x01, 0x00, 0x00, 0x00,
  0x80, 0xff, 0xff, 0xff, 0xff, 0xff, 0xff, 0xff, 0x01, 0x00, 0x00, 0x00,
  0x07, 0x07, 0x81, 0x3f, 0x29, 0x00, 0x00, 0x00, 0x6d, 0x6f, 0x64, 0x65,
  0x6c, 0x5f, 0x33, 0x30, 0x32, 0x2f, 0x74, 0x66, 0x2e, 0x63, 0x6f, 0x6d,
  0x70, 0x61, 0x74, 0x2e, 0x76, 0x31, 0x2e, 0x67, 0x61, 0x74, 0x68, 0x65,
  0x72, 0x5f, 0x37, 0x2f, 0x47, 0x61, 0x74, 0x68, 0x65, 0x72, 0x56, 0x32,
  0x3b, 0x00, 0x00, 0x00, 0x02, 0x00, 0x00, 0x00, 0x01, 0x00, 0x00, 0x00,
  0x10, 0x00, 0x00, 0x00, 0xda, 0xa4, 0xff, 0xff, 0x00, 0x00, 0x00, 0x01,
  0x14, 0x00, 0x00, 0x00, 0x34, 0x00, 0x00, 0x00, 0x98, 0x00, 0x00, 0x00,
  0x00, 0x00, 0x00, 0x09, 0x7c, 0x00, 0x00, 0x00, 0xc4, 0xa4, 0xff, 0xff,
  0x08, 0x00, 0x00, 0x00, 0x14, 0x00, 0x00, 0x00, 0x01, 0x00, 0x00, 0x00,
  0xf0, 0xff, 0xff, 0xff, 0xff, 0xff, 0xff, 0xff, 0x00, 0x00, 0x00, 0x00,
  0x01, 0x00, 0x00, 0x00, 0x19, 0x80, 0xa4, 0x3f, 0x4d, 0x00, 0x00, 0x00,
  0x6d, 0x6f, 0x64, 0x65, 0x6c, 0x5f, 0x33, 0x30, 0x32, 0x2f, 0x74, 0x66,
  0x2e, 0x6c, 0x69, 0x6e, 0x61, 0x6c, 0x67, 0x2e, 0x6d, 0x61, 0x74, 0x6d,
  0x75, 0x6c, 0x5f, 0x39, 0x35, 0x2f, 0x4d, 0x61, 0x74, 0x4d, 0x75, 0x6c,
  0x3b, 0x6d, 0x6f, 0x64, 0x65, 0x6c, 0x5f, 0x33, 0x30, 0x32, 0x2f, 0x74,
  0x66, 0x2e, 0x5f, 0x5f, 0x6f, 0x70, 0x65, 0x72, 0x61, 0x74, 0x6f, 0x72,
  0x73, 0x5f, 0x5f, 0x2e, 0x61, 0x64, 0x64, 0x5f, 0x33, 0x32, 0x33, 0x2f,
  0x41, 0x64, 0x64, 0x56, 0x32, 0x00, 0x00, 0x00, 0x02, 0x00, 0x00, 0x00,
  0x01, 0x00, 0x00, 0x00, 0x10, 0x00, 0x00, 0x00, 0x7a, 0xa5, 0xff, 0xff,
  0x00, 0x00, 0x00, 0x01, 0x14, 0x00, 0x00, 0x00, 0x30, 0x00, 0x00, 0x00,
  0x97, 0x00, 0x00, 0x00, 0x00, 0x00, 0x00, 0x09, 0x4c, 0x00, 0x00, 0x00,
  0x64, 0xa5, 0xff, 0xff, 0x08, 0x00, 0x00, 0x00, 0x10, 0x00, 0x00, 0x00,
  0x01, 0x00, 0x00, 0x00, 0x00, 0x00, 0x00, 0x00, 0x00, 0x00, 0x00, 0x00,
  0x01, 0x00, 0x00, 0x00, 0x73, 0x80, 0x00, 0x3c, 0x22, 0x00, 0x00, 0x00,
  0x6d, 0x6f, 0x64, 0x65, 0x6c, 0x5f, 0x33, 0x30, 0x32, 0x2f, 0x74, 0x66,
  0x2e, 0x6d, 0x61, 0x74, 0x68, 0x2e, 0x6d, 0x75, 0x6c, 0x74, 0x69, 0x70,
  0x6c, 0x79, 0x5f, 0x34, 0x34, 0x36, 0x2f, 0x4d, 0x75, 0x6c, 0x00, 0x00,
  0x02, 0x00, 0x00, 0x00, 0x01, 0x00, 0x00, 0x00, 0x04, 0x00, 0x00, 0x00,
  0xea, 0xa5, 0xff, 0xff, 0x00, 0x00, 0x00, 0x01, 0x14, 0x00, 0x00, 0x00,
  0x34, 0x00, 0x00, 0x00, 0x96, 0x00, 0x00, 0x00, 0x00, 0x00, 0x00, 0x09,
  0x4c, 0x00, 0x00, 0x00, 0xd4, 0xa5, 0xff, 0xff, 0x08, 0x00, 0x00, 0x00,
  0x14, 0x00, 0x00, 0x00, 0x01, 0x00, 0x00, 0x00, 0x00, 0x00, 0x00, 0x00,
  0x00, 0x00, 0x00, 0x00, 0x00, 0x00, 0x00, 0x00, 0x01, 0x00, 0x00, 0x00,
  0x00, 0x00, 0x00, 0x3c, 0x1e, 0x00, 0x00, 0x00, 0x6d, 0x6f, 0x64, 0x65,
  0x6c, 0x5f, 0x33, 0x30, 0x32, 0x2f, 0x74, 0x66, 0x2e, 0x6d, 0x61, 0x74,
  0x68, 0x2e, 0x74, 0x61, 0x6e, 0x68, 0x5f, 0x31, 0x33, 0x2f, 0x54, 0x61,
  0x6e, 0x68, 0x00, 0x00, 0x02, 0x00, 0x00, 0x00, 0x01, 0x00, 0x00, 0x00,
  0x04, 0x00, 0x00, 0x00, 0x5a, 0xa6, 0xff, 0xff, 0x00, 0x00, 0x00, 0x01,
  0x14, 0x00, 0x00, 0x00, 0x34, 0x00, 0x00, 0x00, 0x95, 0x00, 0x00, 0x00,
  0x00, 0x00, 0x00, 0x09, 0x4c, 0x00, 0x00, 0x00, 0x44, 0xa6, 0xff, 0xff,
  0x08, 0x00, 0x00, 0x00, 0x14, 0x00, 0x00, 0x00, 0x01, 0x00, 0x00, 0x00,
  0xff, 0xff, 0xff, 0xff, 0xff, 0xff, 0xff, 0xff, 0x00, 0x00, 0x00, 0x00,
  0x01, 0x00, 0x00, 0x00, 0xe1, 0xe0, 0x60, 0x3d, 0x1d, 0x00, 0x00, 0x00,
  0x6d, 0x6f, 0x64, 0x65, 0x6c, 0x5f, 0x33, 0x30, 0x32, 0x2f, 0x74, 0x66,
  0x2e, 0x6d, 0x61, 0x74, 0x68, 0x2e, 0x61, 0x64, 0x64, 0x5f, 0x34, 0x35,
  0x36, 0x2f, 0x41, 0x64, 0x64, 0x00, 0x00, 0x00, 0x02, 0x00, 0x00, 0x00,
  0x01, 0x00, 0x00, 0x00, 0x04, 0x00, 0x00, 0x00, 0xca, 0xa6, 0xff, 0xff,
  0x00, 0x00, 0x00, 0x01, 0x14, 0x00, 0x00, 0x00, 0x30, 0x00, 0x00, 0x00,
  0x94, 0x00, 0x00, 0x00, 0x00, 0x00, 0x00, 0x09, 0x4c, 0x00, 0x00, 0x00,
  0xb4, 0xa6, 0xff, 0xff, 0x08, 0x00, 0x00, 0x00, 0x10, 0x00, 0x00, 0x00,
  0x01, 0x00, 0x00, 0x00, 0xff, 0xff, 0xff, 0xff, 0xff, 0xff, 0xff, 0xff,
  0x01, 0x00, 0x00, 0x00, 0x81, 0x80, 0x00, 0x3c, 0x22, 0x00, 0x00, 0x00,
  0x6d, 0x6f, 0x64, 0x65, 0x6c, 0x5f, 0x33, 0x30, 0x32, 0x2f, 0x74, 0x66,
  0x2e, 0x6d, 0x61, 0x74, 0x68, 0x2e, 0x6d, 0x75, 0x6c, 0x74, 0x69, 0x70,
  0x6c, 0x79, 0x5f, 0x34, 0x33, 0x39, 0x2f, 0x4d, 0x75, 0x6c, 0x00, 0x00,
  0x02, 0x00, 0x00, 0x00, 0x01, 0x00, 0x00, 0x00, 0x04, 0x00, 0x00, 0x00,
  0x3a, 0xa7, 0xff, 0xff, 0x00, 0x00, 0x00, 0x01, 0x14, 0x00, 0x00, 0x00,
  0x34, 0x00, 0x00, 0x00, 0x93, 0x00, 0x00, 0x00, 0x00, 0x00, 0x00, 0x09,
  0x4c, 0x00, 0x00, 0x00, 0x24, 0xa7, 0xff, 0xff, 0x08, 0x00, 0x00, 0x00,
  0x14, 0x00, 0x00, 0x00, 0x01, 0x00, 0x00, 0x00, 0x00, 0x00, 0x00, 0x00,
  0x00, 0x00, 0x00, 0x00, 0x00, 0x00, 0x00, 0x00, 0x01, 0x00, 0x00, 0x00,
  0x00, 0x00, 0x00, 0x3c, 0x1e, 0x00, 0x00, 0x00, 0x6d, 0x6f, 0x64, 0x65,
  0x6c, 0x5f, 0x33, 0x30, 0x32, 0x2f, 0x74, 0x66, 0x2e, 0x6d, 0x61, 0x74,
  0x68, 0x2e, 0x74, 0x61, 0x6e, 0x68, 0x5f, 0x31, 0x32, 0x2f, 0x54, 0x61,
  0x6e, 0x68, 0x00, 0x00, 0x02, 0x00, 0x00, 0x00, 0x01, 0x00, 0x00, 0x00,
  0x04, 0x00, 0x00, 0x00, 0xaa, 0xa7, 0xff, 0xff, 0x00, 0x00, 0x00, 0x01,
  0x14, 0x00, 0x00, 0x00, 0x34, 0x00, 0x00, 0x00, 0x92, 0x00, 0x00, 0x00,
  0x00, 0x00, 0x00, 0x09, 0x54, 0x00, 0x00, 0x00, 0x94, 0xa7, 0xff, 0xff,
  0x08, 0x00, 0x00, 0x00, 0x14, 0x00, 0x00, 0x00, 0x01, 0x00, 0x00, 0x00,
  0x80, 0xff, 0xff, 0xff, 0xff, 0xff, 0xff, 0xff, 0x00, 0x00, 0x00, 0x00,
  0x01, 0x00, 0x00, 0x00, 0x00, 0x00, 0x80, 0x3b, 0x24, 0x00, 0x00, 0x00,
  0x6d, 0x6f, 0x64, 0x65, 0x6c, 0x5f, 0x33, 0x30, 0x32, 0x2f, 0x74, 0x66,
  0x2e, 0x6d, 0x61, 0x74, 0x68, 0x2e, 0x73, 0x69, 0x67, 0x6d, 0x6f, 0x69,
  0x64, 0x5f, 0x32, 0x30, 0x2f, 0x53, 0x69, 0x67, 0x6d, 0x6f, 0x69, 0x64,
  0x00, 0x00, 0x00, 0x00, 0x02, 0x00, 0x00, 0x00, 0x01, 0x00, 0x00, 0x00,
  0x04, 0x00, 0x00, 0x00, 0x22, 0xa8, 0xff, 0xff, 0x00, 0x00, 0x00, 0x01,
  0x14, 0x00, 0x00, 0x00, 0x30, 0x00, 0x00, 0x00, 0x91, 0x00, 0x00, 0x00,
  0x00, 0x00, 0x00, 0x09, 0x4c, 0x00, 0x00, 0x00, 0x0c, 0xa8, 0xff, 0xff,
  0x08, 0x00, 0x00, 0x00, 0x10, 0x00, 0x00, 0x00, 0x01, 0x00, 0x00, 0x00,
  0xff, 0xff, 0xff, 0xff, 0xff, 0xff, 0xff, 0xff, 0x01, 0x00, 0x00, 0x00,
  0xe1, 0xe0, 0x60, 0x3d, 0x22, 0x00, 0x00, 0x00, 0x6d, 0x6f, 0x64, 0x65,
  0x6c, 0x5f, 0x33, 0x30, 0x32, 0x2f, 0x74, 0x66, 0x2e, 0x6d, 0x61, 0x74,
  0x68, 0x2e, 0x6d, 0x75, 0x6c, 0x74, 0x69, 0x70, 0x6c, 0x79, 0x5f, 0x34,
  0x33, 0x35, 0x2f, 0x4d, 0x75, 0x6c, 0x00, 0x00, 0x02, 0x00, 0x00, 0x00,
  0x01, 0x00, 0x00, 0x00, 0x04, 0x00, 0x00, 0x00, 0x92, 0xa8, 0xff, 0xff,
  0x00, 0x00, 0x00, 0x01, 0x14, 0x00, 0x00, 0x00, 0x34, 0x00, 0x00, 0x00,
  0x90, 0x00, 0x00, 0x00, 0x00, 0x00, 0x00, 0x09, 0x54, 0x00, 0x00, 0x00,
  0x7c, 0xa8, 0xff, 0xff, 0x08, 0x00, 0x00, 0x00, 0x14, 0x00, 0x00, 0x00,
  0x01, 0x00, 0x00, 0x00, 0x80, 0xff, 0xff, 0xff, 0xff, 0xff, 0xff, 0xff,
  0x00, 0x00, 0x00, 0x00, 0x01, 0x00, 0x00, 0x00, 0x00, 0x00, 0x80, 0x3b,
  0x24, 0x00, 0x00, 0x00, 0x6d, 0x6f, 0x64, 0x65, 0x6c, 0x5f, 0x33, 0x30,
  0x32, 0x2f, 0x74, 0x66, 0x2e, 0x6d, 0x61, 0x74, 0x68, 0x2e, 0x73, 0x69,
  0x67, 0x6d, 0x6f, 0x69, 0x64, 0x5f, 0x31, 0x39, 0x2f, 0x53, 0x69, 0x67,
  0x6d, 0x6f, 0x69, 0x64, 0x00, 0x00, 0x00, 0x00, 0x02, 0x00, 0x00, 0x00,
  0x01, 0x00, 0x00, 0x00, 0x04, 0x00, 0x00, 0x00, 0x0a, 0xa9, 0xff, 0xff,
  0x00, 0x00, 0x00, 0x01, 0x14, 0x00, 0x00, 0x00, 0x34, 0x00, 0x00, 0x00,
  0x8f, 0x00, 0x00, 0x00, 0x00, 0x00, 0x00, 0x09, 0x54, 0x00, 0x00, 0x00,
  0xf4, 0xa8, 0xff, 0xff, 0x08, 0x00, 0x00, 0x00, 0x14, 0x00, 0x00, 0x00,
  0x01, 0x00, 0x00, 0x00, 0x80, 0xff, 0xff, 0xff, 0xff, 0xff, 0xff, 0xff,
  0x00, 0x00, 0x00, 0x00, 0x01, 0x00, 0x00, 0x00, 0x00, 0x00, 0x80, 0x3b,
  0x24, 0x00, 0x00, 0x00, 0x6d, 0x6f, 0x64, 0x65, 0x6c, 0x5f, 0x33, 0x30,
  0x32, 0x2f, 0x74, 0x66, 0x2e, 0x6d, 0x61, 0x74, 0x68, 0x2e, 0x73, 0x69,
  0x67, 0x6d, 0x6f, 0x69, 0x64, 0x5f, 0x31, 0x38, 0x2f, 0x53, 0x69, 0x67,
  0x6d, 0x6f, 0x69, 0x64, 0x00, 0x00, 0x00, 0x00, 0x02, 0x00, 0x00, 0x00,
  0x01, 0x00, 0x00, 0x00, 0x04, 0x00, 0x00, 0x00, 0x82, 0xa9, 0xff, 0xff,
  0x00, 0x00, 0x00, 0x01, 0x14, 0x00, 0x00, 0x00, 0x34, 0x00, 0x00, 0x00,
  0x8e, 0x00, 0x00, 0x00, 0x00, 0x00, 0x00, 0x09, 0x9c, 0x00, 0x00, 0x00,
  0x6c, 0xa9, 0xff, 0xff, 0x08, 0x00, 0x00, 0x00, 0x14, 0x00, 0x00, 0x00,
  0x01, 0x00, 0x00, 0x00, 0xf0, 0xff, 0xff, 0xff, 0xff, 0xff, 0xff, 0xff,
  0x00, 0x00, 0x00, 0x00, 0x01, 0x00, 0x00, 0x00, 0x18, 0x80, 0xa4, 0x3f,
  0x6f, 0x00, 0x00, 0x00, 0x6d, 0x6f, 0x64, 0x65, 0x6c, 0x5f, 0x33, 0x30,
  0x32, 0x2f, 0x74, 0x66, 0x2e, 0x73, 0x70, 0x6c, 0x69, 0x74, 0x5f, 0x36,
  0x2f, 0x73, 0x70, 0x6c, 0x69, 0x74, 0x3b, 0x6d, 0x6f, 0x64, 0x65, 0x6c,
  0x5f, 0x33, 0x30, 0x32, 0x2f, 0x74, 0x66, 0x2e, 0x73, 0x70, 0x6c, 0x69,
  0x74, 0x5f, 0x36, 0x2f, 0x73, 0x70, 0x6c, 0x69, 0x74, 0x31, 0x3b, 0x6d,
  0x6f, 0x64, 0x65, 0x6c, 0x5f, 0x33, 0x30, 0x32, 0x2f, 0x74, 0x66, 0x2e,
  0x73, 0x70, 0x6c, 0x69, 0x74, 0x5f, 0x36, 0x2f, 0x73, 0x70, 0x6c, 0x69,
  0x74, 0x32, 0x3b, 0x6d, 0x6f, 0x64, 0x65, 0x6c, 0x5f, 0x33, 0x30, 0x32,
  0x2f, 0x74, 0x66, 0x2e, 0x73, 0x70, 0x6c, 0x69, 0x74, 0x5f, 0x36, 0x2f,
  0x73, 0x70, 0x6c, 0x69, 0x74, 0x33, 0x33, 0x00, 0x02, 0x00, 0x00, 0x00,
  0x01, 0x00, 0x00, 0x00, 0x04, 0x00, 0x00, 0x00, 0x42, 0xaa, 0xff, 0xff,
  0x00, 0x00, 0x00, 0x01, 0x14, 0x00, 0x00, 0x00, 0x34, 0x00, 0x00, 0x00,
  0x8d, 0x00, 0x00, 0x00, 0x00, 0x00, 0x00, 0x09, 0x9c, 0x00, 0x00, 0x00,
  0x2c, 0xaa, 0xff, 0xff, 0x08, 0x00, 0x00, 0x00, 0x14, 0x00, 0x00, 0x00,
  0x01, 0x00, 0x00, 0x00, 0xf0, 0xff, 0xff, 0xff, 0xff, 0xff, 0xff, 0xff,
  0x00, 0x00, 0x00, 0x00, 0x01, 0x00, 0x00, 0x00, 0x18, 0x80, 0xa4, 0x3f,
  0x6f, 0x00, 0x00, 0x00, 0x6d, 0x6f, 0x64, 0x65, 0x6c, 0x5f, 0x33, 0x30,
  0x32, 0x2f, 0x74, 0x66, 0x2e, 0x73, 0x70, 0x6c, 0x69, 0x74, 0x5f, 0x36,
  0x2f, 0x73, 0x70, 0x6c, 0x69, 0x74, 0x3b, 0x6d, 0x6f, 0x64, 0x65, 0x6c,
  0x5f, 0x33, 0x30, 0x32, 0x2f, 0x74, 0x66, 0x2e, 0x73, 0x70, 0x6c, 0x69,
  0x74, 0x5f, 0x36, 0x2f, 0x73, 0x70, 0x6c, 0x69, 0x74, 0x31, 0x3b, 0x6d,
  0x6f, 0x64, 0x65, 0x6c, 0x5f, 0x33, 0x30, 0x32, 0x2f, 0x74, 0x66, 0x2e,
  0x73, 0x70, 0x6c, 0x69, 0x74, 0x5f, 0x36, 0x2f, 0x73, 0x70, 0x6c, 0x69,
  0x74, 0x32, 0x3b, 0x6d, 0x6f, 0x64, 0x65, 0x6c, 0x5f, 0x33, 0x30, 0x32,
  0x2f, 0x74, 0x66, 0x2e, 0x73, 0x70, 0x6c, 0x69, 0x74, 0x5f, 0x36, 0x2f,
  0x73, 0x70, 0x6c, 0x69, 0x74, 0x33, 0x32, 0x00, 0x02, 0x00, 0x00, 0x00,
  0x01, 0x00, 0x00, 0x00, 0x04, 0x00, 0x00, 0x00, 0x02, 0xab, 0xff, 0xff,
  0x00, 0x00, 0x00, 0x01, 0x14, 0x00, 0x00, 0x00, 0x34, 0x00, 0x00, 0x00,
  0x8c, 0x00, 0x00, 0x00, 0x00, 0x00, 0x00, 0x09, 0x9c, 0x00, 0x00, 0x00,
  0xec, 0xaa, 0xff, 0xff, 0x08, 0x00, 0x00, 0x00, 0x14, 0x00, 0x00, 0x00,
  0x01, 0x00, 0x00, 0x00, 0xf0, 0xff, 0xff, 0xff, 0xff, 0xff, 0xff, 0xff,
  0x00, 0x00, 0x00, 0x00, 0x01, 0x00, 0x00, 0x00, 0x18, 0x80, 0xa4, 0x3f,
  0x6f, 0x00, 0x00, 0x00, 0x6d, 0x6f, 0x64, 0x65, 0x6c, 0x5f, 0x33, 0x30,
  0x32, 0x2f, 0x74, 0x66, 0x2e, 0x73, 0x70, 0x6c, 0x69, 0x74, 0x5f, 0x36,
  0x2f, 0x73, 0x70, 0x6c, 0x69, 0x74, 0x3b, 0x6d, 0x6f, 0x64, 0x65, 0x6c,
  0x5f, 0x33, 0x30, 0x32, 0x2f, 0x74, 0x66, 0x2e, 0x73, 0x70, 0x6c, 0x69,
  0x74, 0x5f, 0x36, 0x2f, 0x73, 0x70, 0x6c, 0x69, 0x74, 0x31, 0x3b, 0x6d,
  0x6f, 0x64, 0x65, 0x6c, 0x5f, 0x33, 0x30, 0x32, 0x2f, 0x74, 0x66, 0x2e,
  0x73, 0x70, 0x6c, 0x69, 0x74, 0x5f, 0x36, 0x2f, 0x73, 0x70, 0x6c, 0x69,
  0x74, 0x32, 0x3b, 0x6d, 0x6f, 0x64, 0x65, 0x6c, 0x5f, 0x33, 0x30, 0x32,
  0x2f, 0x74, 0x66, 0x2e, 0x73, 0x70, 0x6c, 0x69, 0x74, 0x5f, 0x36, 0x2f,
  0x73, 0x70, 0x6c, 0x69, 0x74, 0x33, 0x31, 0x00, 0x02, 0x00, 0x00, 0x00,
  0x01, 0x00, 0x00, 0x00, 0x04, 0x00, 0x00, 0x00, 0xc2, 0xab, 0xff, 0xff,
  0x00, 0x00, 0x00, 0x01, 0x14, 0x00, 0x00, 0x00, 0x34, 0x00, 0x00, 0x00,
  0x8b, 0x00, 0x00, 0x00, 0x00, 0x00, 0x00, 0x09, 0x9c, 0x00, 0x00, 0x00,
  0xac, 0xab, 0xff, 0xff, 0x08, 0x00, 0x00, 0x00, 0x14, 0x00, 0x00, 0x00,
  0x01, 0x00, 0x00, 0x00, 0xf0, 0xff, 0xff, 0xff, 0xff, 0xff, 0xff, 0xff,
  0x00, 0x00, 0x00, 0x00, 0x01, 0x00, 0x00, 0x00, 0x18, 0x80, 0xa4, 0x3f,
  0x6e, 0x00, 0x00, 0x00, 0x6d, 0x6f, 0x64, 0x65, 0x6c, 0x5f, 0x33, 0x30,
  0x32, 0x2f, 0x74, 0x66, 0x2e, 0x73, 0x70, 0x6c, 0x69, 0x74, 0x5f, 0x36,
  0x2f, 0x73, 0x70, 0x6c, 0x69, 0x74, 0x3b, 0x6d, 0x6f, 0x64, 0x65, 0x6c,
  0x5f, 0x33, 0x30, 0x32, 0x2f, 0x74, 0x66, 0x2e, 0x73, 0x70, 0x6c, 0x69,
  0x74, 0x5f, 0x36, 0x2f, 0x73, 0x70, 0x6c, 0x69, 0x74, 0x31, 0x3b, 0x6d,
  0x6f, 0x64, 0x65, 0x6c, 0x5f, 0x33, 0x30, 0x32, 0x2f, 0x74, 0x66, 0x2e,
  0x73, 0x70, 0x6c, 0x69, 0x74, 0x5f, 0x36, 0x2f, 0x73, 0x70, 0x6c, 0x69,
  0x74, 0x32, 0x3b, 0x6d, 0x6f, 0x64, 0x65, 0x6c, 0x5f, 0x33, 0x30, 0x32,
  0x2f, 0x74, 0x66, 0x2e, 0x73, 0x70, 0x6c, 0x69, 0x74, 0x5f, 0x36, 0x2f,
  0x73, 0x70, 0x6c, 0x69, 0x74, 0x33, 0x00, 0x00, 0x02, 0x00, 0x00, 0x00,
  0x01, 0x00, 0x00, 0x00, 0x04, 0x00, 0x00, 0x00, 0x82, 0xac, 0xff, 0xff,
  0x00, 0x00, 0x00, 0x01, 0x14, 0x00, 0x00, 0x00, 0x34, 0x00, 0x00, 0x00,
  0x8a, 0x00, 0x00, 0x00, 0x00, 0x00, 0x00, 0x09, 0x4c, 0x00, 0x00, 0x00,
  0x6c, 0xac, 0xff, 0xff, 0x08, 0x00, 0x00, 0x00, 0x14, 0x00, 0x00, 0x00,
  0x01, 0x00, 0x00, 0x00, 0xf0, 0xff, 0xff, 0xff, 0xff, 0xff, 0xff, 0xff,
  0x00, 0x00, 0x00, 0x00, 0x01, 0x00, 0x00, 0x00, 0x18, 0x80, 0xa4, 0x3f,
  0x1d, 0x00, 0x00, 0x00, 0x6d, 0x6f, 0x64, 0x65, 0x6c, 0x5f, 0x33, 0x30,
  0x32, 0x2f, 0x74, 0x66, 0x2e, 0x6d, 0x61, 0x74, 0x68, 0x2e, 0x61, 0x64,
  0x64, 0x5f, 0x34, 0x35, 0x35, 0x2f, 0x41, 0x64, 0x64, 0x00, 0x00, 0x00,
  0x02, 0x00, 0x00, 0x00, 0x01, 0x00, 0x00, 0x00, 0x10, 0x00, 0x00, 0x00,
  0xf2, 0xac, 0xff, 0xff, 0x00, 0x00, 0x00, 0x01, 0x14, 0x00, 0x00, 0x00,
  0x34, 0x00, 0x00, 0x00, 0x89, 0x00, 0x00, 0x00, 0x00, 0x00, 0x00, 0x09,
  0x7c, 0x00, 0x00, 0x00, 0xdc, 0xac, 0xff, 0xff, 0x08, 0x00, 0x00, 0x00,
  0x14, 0x00, 0x00, 0x00, 0x01, 0x00, 0x00, 0x00, 0xf0, 0xff, 0xff, 0xff,
  0xff, 0xff, 0xff, 0xff, 0x00, 0x00, 0x00, 0x00, 0x01, 0x00, 0x00, 0x00,
  0x09, 0xa4, 0xa2, 0x3f, 0x4d, 0x00, 0x00, 0x00, 0x6d, 0x6f, 0x64, 0x65,
  0x6c, 0x5f, 0x33, 0x30, 0x32, 0x2f, 0x74, 0x66, 0x2e, 0x6c, 0x69, 0x6e,
  0x61, 0x6c, 0x67, 0x2e, 0x6d, 0x61, 0x74, 0x6d, 0x75, 0x6c, 0x5f, 0x38,
  0x37, 0x2f, 0x4d, 0x61, 0x74, 0x4d, 0x75, 0x6c, 0x3b, 0x6d, 0x6f, 0x64,
  0x65, 0x6c, 0x5f, 0x33, 0x30, 0x32, 0x2f, 0x74, 0x66, 0x2e, 0x5f, 0x5f,
  0x6f, 0x70, 0x65, 0x72, 0x61, 0x74, 0x6f, 0x72, 0x73, 0x5f, 0x5f, 0x2e,
  0x61, 0x64, 0x64, 0x5f, 0x33, 0x31, 0x35, 0x2f, 0x41, 0x64, 0x64, 0x56,
  0x32, 0x00, 0x00, 0x00, 0x02, 0x00, 0x00, 0x00, 0x01, 0x00, 0x00, 0x00,
  0x10, 0x00, 0x00, 0x00, 0x92, 0xad, 0xff, 0xff, 0x00, 0x00, 0x00, 0x01,
  0x14, 0x00, 0x00, 0x00, 0x30, 0x00, 0x00, 0x00, 0x88, 0x00, 0x00, 0x00,
  0x00, 0x00, 0x00, 0x09, 0x54, 0x00, 0x00, 0x00, 0x7c, 0xad, 0xff, 0xff,
  0x08, 0x00, 0x00, 0x00, 0x10, 0x00, 0x00, 0x00, 0x01, 0x00, 0x00, 0x00,
  0x80, 0xff, 0xff, 0xff, 0xff, 0xff, 0xff, 0xff, 0x01, 0x00, 0x00, 0x00,
  0x07, 0x07, 0x81, 0x3f, 0x29, 0x00, 0x00, 0x00, 0x6d, 0x6f, 0x64, 0x65,
  0x6c, 0x5f, 0x33, 0x30, 0x32, 0x2f, 0x74, 0x66, 0x2e, 0x63, 0x6f, 0x6d,
  0x70, 0x61, 0x74, 0x2e, 0x76, 0x31, 0x2e, 0x67, 0x61, 0x74, 0x68, 0x65,
  0x72, 0x5f, 0x36, 0x2f, 0x47, 0x61, 0x74, 0x68, 0x65, 0x72, 0x56, 0x32,
  0x3b, 0x00, 0x00, 0x00, 0x02, 0x00, 0x00, 0x00, 0x01, 0x00, 0x00, 0x00,
  0x10, 0x00, 0x00, 0x00, 0x0a, 0xae, 0xff, 0xff, 0x00, 0x00, 0x00, 0x01,
  0x14, 0x00, 0x00, 0x00, 0x34, 0x00, 0x00, 0x00, 0x87, 0x00, 0x00, 0x00,
  0x00, 0x00, 0x00, 0x09, 0x7c, 0x00, 0x00, 0x00, 0xf4, 0xad, 0xff, 0xff,
  0x08, 0x00, 0x00, 0x00, 0x14, 0x00, 0x00, 0x00, 0x01, 0x00, 0x00, 0x00,
  0xf0, 0xff, 0xff, 0xff, 0xff, 0xff, 0xff, 0xff, 0x00, 0x00, 0x00, 0x00,
  0x01, 0x00, 0x00, 0x00, 0x18, 0x80, 0xa4, 0x3f, 0x4d, 0x00, 0x00, 0x00,
  0x6d, 0x6f, 0x64, 0x65, 0x6c, 0x5f, 0x33, 0x30, 0x32, 0x2f, 0x74, 0x66,
  0x2e, 0x6c, 0x69, 0x6e, 0x61, 0x6c, 0x67, 0x2e, 0x6d, 0x61, 0x74, 0x6d,
  0x75, 0x6c, 0x5f, 0x39, 0x34, 0x2f, 0x4d, 0x61, 0x74, 0x4d, 0x75, 0x6c,
  0x3b, 0x6d, 0x6f, 0x64, 0x65, 0x6c, 0x5f, 0x33, 0x30, 0x32, 0x2f, 0x74,
  0x66, 0x2e, 0x5f, 0x5f, 0x6f, 0x70, 0x65, 0x72, 0x61, 0x74, 0x6f, 0x72,
  0x73, 0x5f, 0x5f, 0x2e, 0x61, 0x64, 0x64, 0x5f, 0x33, 0x32, 0x32, 0x2f,
  0x41, 0x64, 0x64, 0x56, 0x32, 0x00, 0x00, 0x00, 0x02, 0x00, 0x00, 0x00,
  0x01, 0x00, 0x00, 0x00, 0x10, 0x00, 0x00, 0x00, 0xaa, 0xae, 0xff, 0xff,
  0x00, 0x00, 0x00, 0x01, 0x14, 0x00, 0x00, 0x00, 0x30, 0x00, 0x00, 0x00,
  0x86, 0x00, 0x00, 0x00, 0x00, 0x00, 0x00, 0x09, 0x4c, 0x00, 0x00, 0x00,
  0x94, 0xae, 0xff, 0xff, 0x08, 0x00, 0x00, 0x00, 0x10, 0x00, 0x00, 0x00,
  0x01, 0x00, 0x00, 0x00, 0x00, 0x00, 0x00, 0x00, 0x00, 0x00, 0x00, 0x00,
  0x01, 0x00, 0x00, 0x00, 0x1a, 0x80, 0x00, 0x3c, 0x22, 0x00, 0x00, 0x00,
  0x6d, 0x6f, 0x64, 0x65, 0x6c, 0x5f, 0x33, 0x30, 0x32, 0x2f, 0x74, 0x66,
  0x2e, 0x6d, 0x61, 0x74, 0x68, 0x2e, 0x6d, 0x75, 0x6c, 0x74, 0x69, 0x70,
  0x6c, 0x79, 0x5f, 0x34, 0x32, 0x37, 0x2f, 0x4d, 0x75, 0x6c, 0x00, 0x00,
  0x02, 0x00, 0x00, 0x00, 0x01, 0x00, 0x00, 0x00, 0x04, 0x00, 0x00, 0x00,
  0x1a, 0xaf, 0xff, 0xff, 0x00, 0x00, 0x00, 0x01, 0x14, 0x00, 0x00, 0x00,
  0x34, 0x00, 0x00, 0x00, 0x85, 0x00, 0x00, 0x00, 0x00, 0x00, 0x00, 0x09,
  0x4c, 0x00, 0x00, 0x00, 0x04, 0xaf, 0xff, 0xff, 0x08, 0x00, 0x00, 0x00,
  0x14, 0x00, 0x00, 0x00, 0x01, 0x00, 0x00, 0x00, 0x00, 0x00, 0x00, 0x00,
  0x00, 0x00, 0x00, 0x00, 0x00, 0x00, 0x00, 0x00, 0x01, 0x00, 0x00, 0x00,
  0x00, 0x00, 0x00, 0x3c, 0x1e, 0x00, 0x00, 0x00, 0x6d, 0x6f, 0x64, 0x65,
  0x6c, 0x5f, 0x33, 0x30, 0x32, 0x2f, 0x74, 0x66, 0x2e, 0x6d, 0x61, 0x74,
  0x68, 0x2e, 0x74, 0x61, 0x6e, 0x68, 0x5f, 0x31, 0x31, 0x2f, 0x54, 0x61,
  0x6e, 0x68, 0x00, 0x00, 0x02, 0x00, 0x00, 0x00, 0x01, 0x00, 0x00, 0x00,
  0x04, 0x00, 0x00, 0x00, 0x8a, 0xaf, 0xff, 0xff, 0x00, 0x00, 0x00, 0x01,
  0x14, 0x00, 0x00, 0x00, 0x34, 0x00, 0x00, 0x00, 0x84, 0x00, 0x00, 0x00,
  0x00, 0x00, 0x00, 0x09, 0x4c, 0x00, 0x00, 0x00, 0x74, 0xaf, 0xff, 0xff,
  0x08, 0x00, 0x00, 0x00, 0x14, 0x00, 0x00, 0x00, 0x01, 0x00, 0x00, 0x00,
  0xff, 0xff, 0xff, 0xff, 0xff, 0xff, 0xff, 0xff, 0x00, 0x00, 0x00, 0x00,
  0x01, 0x00, 0x00, 0x00, 0xc1, 0xc0, 0x40, 0x3d, 0x1d, 0x00, 0x00, 0x00,
  0x6d, 0x6f, 0x64, 0x65, 0x6c, 0x5f, 0x33, 0x30, 0x32, 0x2f, 0x74, 0x66,
  0x2e, 0x6d, 0x61, 0x74, 0x68, 0x2e, 0x61, 0x64, 0x64, 0x5f, 0x34, 0x35,
  0x34, 0x2f, 0x41, 0x64, 0x64, 0x00, 0x00, 0x00, 0x02, 0x00, 0x00, 0x00,
  0x01, 0x00, 0x00, 0x00, 0x04, 0x00, 0x00, 0x00, 0xfa, 0xaf, 0xff, 0xff,
  0x00, 0x00, 0x00, 0x01, 0x14, 0x00, 0x00, 0x00, 0x30, 0x00, 0x00, 0x00,
  0x83, 0x00, 0x00, 0x00, 0x00, 0x00, 0x00, 0x09, 0x4c, 0x00, 0x00, 0x00,
  0xe4, 0xaf, 0xff, 0xff, 0x08, 0x00, 0x00, 0x00, 0x10, 0x00, 0x00, 0x00,
  0x01, 0x00, 0x00, 0x00, 0xff, 0xff, 0xff, 0xff, 0xff, 0xff, 0xff, 0xff,
  0x01, 0x00, 0x00, 0x00, 0x81, 0x80, 0x00, 0x3c, 0x22, 0x00, 0x00, 0x00,
  0x6d, 0x6f, 0x64, 0x65, 0x6c, 0x5f, 0x33, 0x30, 0x32, 0x2f, 0x74, 0x66,
  0x2e, 0x6d, 0x61, 0x74, 0x68, 0x2e, 0x6d, 0x75, 0x6c, 0x74, 0x69, 0x70,
  0x6c, 0x79, 0x5f, 0x34, 0x32, 0x30, 0x2f, 0x4d, 0x75, 0x6c, 0x00, 0x00,
  0x02, 0x00, 0x00, 0x00, 0x01, 0x00, 0x00, 0x00, 0x04, 0x00, 0x00, 0x00,
  0x6a, 0xb0, 0xff, 0xff, 0x00, 0x00, 0x00, 0x01, 0x14, 0x00, 0x00, 0x00,
  0x34, 0x00, 0x00, 0x00, 0x82, 0x00, 0x00, 0x00, 0x00, 0x00, 0x00, 0x09,
  0x4c, 0x00, 0x00, 0x00, 0x54, 0xb0, 0xff, 0xff, 0x08, 0x00, 0x00, 0x00,
  0x14, 0x00, 0x00, 0x00, 0x01, 0x00, 0x00, 0x00, 0x00, 0x00, 0x00, 0x00,
  0x00, 0x00, 0x00, 0x00, 0x00, 0x00, 0x00, 0x00, 0x01, 0x00, 0x00, 0x00,
  0x00, 0x00, 0x00, 0x3c, 0x1e, 0x00, 0x00, 0x00, 0x6d, 0x6f, 0x64, 0x65,
  0x6c, 0x5f, 0x33, 0x30, 0x32, 0x2f, 0x74, 0x66, 0x2e, 0x6d, 0x61, 0x74,
  0x68, 0x2e, 0x74, 0x61, 0x6e, 0x68, 0x5f, 0x31, 0x30, 0x2f, 0x54, 0x61,
  0x6e, 0x68, 0x00, 0x00, 0x02, 0x00, 0x00, 0x00, 0x01, 0x00, 0x00, 0x00,
  0x04, 0x00, 0x00, 0x00, 0xda, 0xb0, 0xff, 0xff, 0x00, 0x00, 0x00, 0x01,
  0x14, 0x00, 0x00, 0x00, 0x34, 0x00, 0x00, 0x00, 0x81, 0x00, 0x00, 0x00,
  0x00, 0x00, 0x00, 0x09, 0x54, 0x00, 0x00, 0x00, 0xc4, 0xb0, 0xff, 0xff,
  0x08, 0x00, 0x00, 0x00, 0x14, 0x00, 0x00, 0x00, 0x01, 0x00, 0x00, 0x00,
  0x80, 0xff, 0xff, 0xff, 0xff, 0xff, 0xff, 0xff, 0x00, 0x00, 0x00, 0x00,
  0x01, 0x00, 0x00, 0x00, 0x00, 0x00, 0x80, 0x3b, 0x24, 0x00, 0x00, 0x00,
  0x6d, 0x6f, 0x64, 0x65, 0x6c, 0x5f, 0x33, 0x30, 0x32, 0x2f, 0x74, 0x66,
  0x2e, 0x6d, 0x61, 0x74, 0x68, 0x2e, 0x73, 0x69, 0x67, 0x6d, 0x6f, 0x69,
  0x64, 0x5f, 0x31, 0x37, 0x2f, 0x53, 0x69, 0x67, 0x6d, 0x6f, 0x69, 0x64,
  0x00, 0x00, 0x00, 0x00, 0x02, 0x00, 0x00, 0x00, 0x01, 0x00, 0x00, 0x00,
  0x04, 0x00, 0x00, 0x00, 0x52, 0xb1, 0xff, 0xff, 0x00, 0x00, 0x00, 0x01,
  0x14, 0x00, 0x00, 0x00, 0x30, 0x00, 0x00, 0x00, 0x80, 0x00, 0x00, 0x00,
  0x00, 0x00, 0x00, 0x09, 0x4c, 0x00, 0x00, 0x00, 0x3c, 0xb1, 0xff, 0xff,
  0x08, 0x00, 0x00, 0x00, 0x10, 0x00, 0x00, 0x00, 0x01, 0x00, 0x00, 0x00,
  0xff, 0xff, 0xff, 0xff, 0xff, 0xff, 0xff, 0xff, 0x01, 0x00, 0x00, 0x00,
  0xc1, 0xc0, 0x40, 0x3d, 0x22, 0x00, 0x00, 0x00, 0x6d, 0x6f, 0x64, 0x65,
  0x6c, 0x5f, 0x33, 0x30, 0x32, 0x2f, 0x74, 0x66, 0x2e, 0x6d, 0x61, 0x74,
  0x68, 0x2e, 0x6d, 0x75, 0x6c, 0x74, 0x69, 0x70, 0x6c, 0x79, 0x5f, 0x34,
  0x31, 0x36, 0x2f, 0x4d, 0x75, 0x6c, 0x00, 0x00, 0x02, 0x00, 0x00, 0x00,
  0x01, 0x00, 0x00, 0x00, 0x04, 0x00, 0x00, 0x00, 0xc2, 0xb1, 0xff, 0xff,
  0x00, 0x00, 0x00, 0x01, 0x14, 0x00, 0x00, 0x00, 0x34, 0x00, 0x00, 0x00,
  0x7f, 0x00, 0x00, 0x00, 0x00, 0x00, 0x00, 0x09, 0x54, 0x00, 0x00, 0x00,
  0xac, 0xb1, 0xff, 0xff, 0x08, 0x00, 0x00, 0x00, 0x14, 0x00, 0x00, 0x00,
  0x01, 0x00, 0x00, 0x00, 0x80, 0xff, 0xff, 0xff, 0xff, 0xff, 0xff, 0xff,
  0x00, 0x00, 0x00, 0x00, 0x01, 0x00, 0x00, 0x00, 0x00, 0x00, 0x80, 0x3b,
  0x24, 0x00, 0x00, 0x00, 0x6d, 0x6f, 0x64, 0x65, 0x6c, 0x5f, 0x33, 0x30,
  0x32, 0x2f, 0x74, 0x66, 0x2e, 0x6d, 0x61, 0x74, 0x68, 0x2e, 0x73, 0x69,
  0x67, 0x6d, 0x6f, 0x69, 0x64, 0x5f, 0x31, 0x36, 0x2f, 0x53, 0x69, 0x67,
  0x6d, 0x6f, 0x69, 0x64, 0x00, 0x00, 0x00, 0x00, 0x02, 0x00, 0x00, 0x00,
  0x01, 0x00, 0x00, 0x00, 0x04, 0x00, 0x00, 0x00, 0x3a, 0xb2, 0xff, 0xff,
  0x00, 0x00, 0x00, 0x01, 0x14, 0x00, 0x00, 0x00, 0x34, 0x00, 0x00, 0x00,
  0x7e, 0x00, 0x00, 0x00, 0x00, 0x00, 0x00, 0x09, 0x54, 0x00, 0x00, 0x00,
  0x24, 0xb2, 0xff, 0xff, 0x08, 0x00, 0x00, 0x00, 0x14, 0x00, 0x00, 0x00,
  0x01, 0x00, 0x00, 0x00, 0x80, 0xff, 0xff, 0xff, 0xff, 0xff, 0xff, 0xff,
  0x00, 0x00, 0x00, 0x00, 0x01, 0x00, 0x00, 0x00, 0x00, 0x00, 0x80, 0x3b,
  0x24, 0x00, 0x00, 0x00, 0x6d, 0x6f, 0x64, 0x65, 0x6c, 0x5f, 0x33, 0x30,
  0x32, 0x2f, 0x74, 0x66, 0x2e, 0x6d, 0x61, 0x74, 0x68, 0x2e, 0x73, 0x69,
  0x67, 0x6d, 0x6f, 0x69, 0x64, 0x5f, 0x31, 0x35, 0x2f, 0x53, 0x69, 0x67,
  0x6d, 0x6f, 0x69, 0x64, 0x00, 0x00, 0x00, 0x00, 0x02, 0x00, 0x00, 0x00,
  0x01, 0x00, 0x00, 0x00, 0x04, 0x00, 0x00, 0x00, 0xb2, 0xb2, 0xff, 0xff,
  0x00, 0x00, 0x00, 0x01, 0x14, 0x00, 0x00, 0x00, 0x34, 0x00, 0x00, 0x00,
  0x7d, 0x00, 0x00, 0x00, 0x00, 0x00, 0x00, 0x09, 0x9c, 0x00, 0x00, 0x00,
  0x9c, 0xb2, 0xff, 0xff, 0x08, 0x00, 0x00, 0x00, 0x14, 0x00, 0x00, 0x00,
  0x01, 0x00, 0x00, 0x00, 0xf0, 0xff, 0xff, 0xff, 0xff, 0xff, 0xff, 0xff,
  0x00, 0x00, 0x00, 0x00, 0x01, 0x00, 0x00, 0x00, 0x12, 0x80, 0xa4, 0x3f,
  0x6f, 0x00, 0x00, 0x00, 0x6d, 0x6f, 0x64, 0x65, 0x6c, 0x5f, 0x33, 0x30,
  0x32, 0x2f, 0x74, 0x66, 0x2e, 0x73, 0x70, 0x6c, 0x69, 0x74, 0x5f, 0x35,
  0x2f, 0x73, 0x70, 0x6c, 0x69, 0x74, 0x3b, 0x6d, 0x6f, 0x64, 0x65, 0x6c,
  0x5f, 0x33, 0x30, 0x32, 0x2f, 0x74, 0x66, 0x2e, 0x73, 0x70, 0x6c, 0x69,
  0x74, 0x5f, 0x35, 0x2f, 0x73, 0x70, 0x6c, 0x69, 0x74, 0x31, 0x3b, 0x6d,
  0x6f, 0x64, 0x65, 0x6c, 0x5f, 0x33, 0x30, 0x32, 0x2f, 0x74, 0x66, 0x2e,
  0x73, 0x70, 0x6c, 0x69, 0x74, 0x5f, 0x35, 0x2f, 0x73, 0x70, 0x6c, 0x69,
  0x74, 0x32, 0x3b, 0x6d, 0x6f, 0x64, 0x65, 0x6c, 0x5f, 0x33, 0x30, 0x32,
  0x2f, 0x74, 0x66, 0x2e, 0x73, 0x70, 0x6c, 0x69, 0x74, 0x5f, 0x35, 0x2f,
  0x73, 0x70, 0x6c, 0x69, 0x74, 0x33, 0x33, 0x00, 0x02, 0x00, 0x00, 0x00,
  0x01, 0x00, 0x00, 0x00, 0x04, 0x00, 0x00, 0x00, 0x72, 0xb3, 0xff, 0xff,
  0x00, 0x00, 0x00, 0x01, 0x14, 0x00, 0x00, 0x00, 0x34, 0x00, 0x00, 0x00,
  0x7c, 0x00, 0x00, 0x00, 0x00, 0x00, 0x00, 0x09, 0x9c, 0x00, 0x00, 0x00,
  0x5c, 0xb3, 0xff, 0xff, 0x08, 0x00, 0x00, 0x00, 0x14, 0x00, 0x00, 0x00,
  0x01, 0x00, 0x00, 0x00, 0xf0, 0xff, 0xff, 0xff, 0xff, 0xff, 0xff, 0xff,
  0x00, 0x00, 0x00, 0x00, 0x01, 0x00, 0x00, 0x00, 0x12, 0x80, 0xa4, 0x3f,
  0x6f, 0x00, 0x00, 0x00, 0x6d, 0x6f, 0x64, 0x65, 0x6c, 0x5f, 0x33, 0x30,
  0x32, 0x2f, 0x74, 0x66, 0x2e, 0x73, 0x70, 0x6c, 0x69, 0x74, 0x5f, 0x35,
  0x2f, 0x73, 0x70, 0x6c, 0x69, 0x74, 0x3b, 0x6d, 0x6f, 0x64, 0x65, 0x6c,
  0x5f, 0x33, 0x30, 0x32, 0x2f, 0x74, 0x66, 0x2e, 0x73, 0x70, 0x6c, 0x69,
  0x74, 0x5f, 0x35, 0x2f, 0x73, 0x70, 0x6c, 0x69, 0x74, 0x31, 0x3b, 0x6d,
  0x6f, 0x64, 0x65, 0x6c, 0x5f, 0x33, 0x30, 0x32, 0x2f, 0x74, 0x66, 0x2e,
  0x73, 0x70, 0x6c, 0x69, 0x74, 0x5f, 0x35, 0x2f, 0x73, 0x70, 0x6c, 0x69,
  0x74, 0x32, 0x3b, 0x6d, 0x6f, 0x64, 0x65, 0x6c, 0x5f, 0x33, 0x30, 0x32,
  0x2f, 0x74, 0x66, 0x2e, 0x73, 0x70, 0x6c, 0x69, 0x74, 0x5f, 0x35, 0x2f,
  0x73, 0x70, 0x6c, 0x69, 0x74, 0x33, 0x32, 0x00, 0x02, 0x00, 0x00, 0x00,
  0x01, 0x00, 0x00, 0x00, 0x04, 0x00, 0x00, 0x00, 0x32, 0xb4, 0xff, 0xff,
  0x00, 0x00, 0x00, 0x01, 0x14, 0x00, 0x00, 0x00, 0x34, 0x00, 0x00, 0x00,
  0x7b, 0x00, 0x00, 0x00, 0x00, 0x00, 0x00, 0x09, 0x9c, 0x00, 0x00, 0x00,
  0x1c, 0xb4, 0xff, 0xff, 0x08, 0x00, 0x00, 0x00, 0x14, 0x00, 0x00, 0x00,
  0x01, 0x00, 0x00, 0x00, 0xf0, 0xff, 0xff, 0xff, 0xff, 0xff, 0xff, 0xff,
  0x00, 0x00, 0x00, 0x00, 0x01, 0x00, 0x00, 0x00, 0x12, 0x80, 0xa4, 0x3f,
  0x6f, 0x00, 0x00, 0x00, 0x6d, 0x6f, 0x64, 0x65, 0x6c, 0x5f, 0x33, 0x30,
  0x32, 0x2f, 0x74, 0x66, 0x2e, 0x73, 0x70, 0x6c, 0x69, 0x74, 0x5f, 0x35,
  0x2f, 0x73, 0x70, 0x6c, 0x69, 0x74, 0x3b, 0x6d, 0x6f, 0x64, 0x65, 0x6c,
  0x5f, 0x33, 0x30, 0x32, 0x2f, 0x74, 0x66, 0x2e, 0x73, 0x70, 0x6c, 0x69,
  0x74, 0x5f, 0x35, 0x2f, 0x73, 0x70, 0x6c, 0x69, 0x74, 0x31, 0x3b, 0x6d,
  0x6f, 0x64, 0x65, 0x6c, 0x5f, 0x33, 0x30, 0x32, 0x2f, 0x74, 0x66, 0x2e,
  0x73, 0x70, 0x6c, 0x69, 0x74, 0x5f, 0x35, 0x2f, 0x73, 0x70, 0x6c, 0x69,
  0x74, 0x32, 0x3b, 0x6d, 0x6f, 0x64, 0x65, 0x6c, 0x5f, 0x33, 0x30, 0x32,
  0x2f, 0x74, 0x66, 0x2e, 0x73, 0x70, 0x6c, 0x69, 0x74, 0x5f, 0x35, 0x2f,
  0x73, 0x70, 0x6c, 0x69, 0x74, 0x33, 0x31, 0x00, 0x02, 0x00, 0x00, 0x00,
  0x01, 0x00, 0x00, 0x00, 0x04, 0x00, 0x00, 0x00, 0xf2, 0xb4, 0xff, 0xff,
  0x00, 0x00, 0x00, 0x01, 0x14, 0x00, 0x00, 0x00, 0x34, 0x00, 0x00, 0x00,
  0x7a, 0x00, 0x00, 0x00, 0x00, 0x00, 0x00, 0x09, 0x9c, 0x00, 0x00, 0x00,
  0xdc, 0xb4, 0xff, 0xff, 0x08, 0x00, 0x00, 0x00, 0x14, 0x00, 0x00, 0x00,
  0x01, 0x00, 0x00, 0x00, 0xf0, 0xff, 0xff, 0xff, 0xff, 0xff, 0xff, 0xff,
  0x00, 0x00, 0x00, 0x00, 0x01, 0x00, 0x00, 0x00, 0x12, 0x80, 0xa4, 0x3f,
  0x6e, 0x00, 0x00, 0x00, 0x6d, 0x6f, 0x64, 0x65, 0x6c, 0x5f, 0x33, 0x30,
  0x32, 0x2f, 0x74, 0x66, 0x2e, 0x73, 0x70, 0x6c, 0x69, 0x74, 0x5f, 0x35,
  0x2f, 0x73, 0x70, 0x6c, 0x69, 0x74, 0x3b, 0x6d, 0x6f, 0x64, 0x65, 0x6c,
  0x5f, 0x33, 0x30, 0x32, 0x2f, 0x74, 0x66, 0x2e, 0x73, 0x70, 0x6c, 0x69,
  0x74, 0x5f, 0x35, 0x2f, 0x73, 0x70, 0x6c, 0x69, 0x74, 0x31, 0x3b, 0x6d,
  0x6f, 0x64, 0x65, 0x6c, 0x5f, 0x33, 0x30, 0x32, 0x2f, 0x74, 0x66, 0x2e,
  0x73, 0x70, 0x6c, 0x69, 0x74, 0x5f, 0x35, 0x2f, 0x73, 0x70, 0x6c, 0x69,
  0x74, 0x32, 0x3b, 0x6d, 0x6f, 0x64, 0x65, 0x6c, 0x5f, 0x33, 0x30, 0x32,
  0x2f, 0x74, 0x66, 0x2e, 0x73, 0x70, 0x6c, 0x69, 0x74, 0x5f, 0x35, 0x2f,
  0x73, 0x70, 0x6c, 0x69, 0x74, 0x33, 0x00, 0x00, 0x02, 0x00, 0x00, 0x00,
  0x01, 0x00, 0x00, 0x00, 0x04, 0x00, 0x00, 0x00, 0xb2, 0xb5, 0xff, 0xff,
  0x00, 0x00, 0x00, 0x01, 0x14, 0x00, 0x00, 0x00, 0x34, 0x00, 0x00, 0x00,
  0x79, 0x00, 0x00, 0x00, 0x00, 0x00, 0x00, 0x09, 0x4c, 0x00, 0x00, 0x00,
  0x9c, 0xb5, 0xff, 0xff, 0x08, 0x00, 0x00, 0x00, 0x14, 0x00, 0x00, 0x00,
  0x01, 0x00, 0x00, 0x00, 0xf0, 0xff, 0xff, 0xff, 0xff, 0xff, 0xff, 0xff,
  0x00, 0x00, 0x00, 0x00, 0x01, 0x00, 0x00, 0x00, 0x12, 0x80, 0xa4, 0x3f,
  0x1d, 0x00, 0x00, 0x00, 0x6d, 0x6f, 0x64, 0x65, 0x6c, 0x5f, 0x33, 0x30,
  0x32, 0x2f, 0x74, 0x66, 0x2e, 0x6d, 0x61, 0x74, 0x68, 0x2e, 0x61, 0x64,
  0x64, 0x5f, 0x34, 0x35, 0x33, 0x2f, 0x41, 0x64, 0x64, 0x00, 0x00, 0x00,
  0x02, 0x00, 0x00, 0x00, 0x01, 0x00, 0x00, 0x00, 0x10, 0x00, 0x00, 0x00,
  0x22, 0xb6, 0xff, 0xff, 0x00, 0x00, 0x00, 0x01, 0x14, 0x00, 0x00, 0x00,
  0x34, 0x00, 0x00, 0x00, 0x78, 0x00, 0x00, 0x00, 0x00, 0x00, 0x00, 0x09,
  0x7c, 0x00, 0x00, 0x00, 0x0c, 0xb6, 0xff, 0xff, 0x08, 0x00, 0x00, 0x00,
  0x14, 0x00, 0x00, 0x00, 0x01, 0x00, 0x00, 0x00, 0xf0, 0xff, 0xff, 0xff,
  0xff, 0xff, 0xff, 0xff, 0x00, 0x00, 0x00, 0x00, 0x01, 0x00, 0x00, 0x00,
  0x09, 0xa4, 0xa2, 0x3f, 0x4d, 0x00, 0x00, 0x00, 0x6d, 0x6f, 0x64, 0x65,
  0x6c, 0x5f, 0x33, 0x30, 0x32, 0x2f, 0x74, 0x66, 0x2e, 0x6c, 0x69, 0x6e,
  0x61, 0x6c, 0x67, 0x2e, 0x6d, 0x61, 0x74, 0x6d, 0x75, 0x6c, 0x5f, 0x38,
  0x36, 0x2f, 0x4d, 0x61, 0x74, 0x4d, 0x75, 0x6c, 0x3b, 0x6d, 0x6f, 0x64,
  0x65, 0x6c, 0x5f, 0x33, 0x30, 0x32, 0x2f, 0x74, 0x66, 0x2e, 0x5f, 0x5f,
  0x6f, 0x70, 0x65, 0x72, 0x61, 0x74, 0x6f, 0x72, 0x73, 0x5f, 0x5f, 0x2e,
  0x61, 0x64, 0x64, 0x5f, 0x33, 0x31, 0x34, 0x2f, 0x41, 0x64, 0x64, 0x56,
  0x32, 0x00, 0x00, 0x00, 0x02, 0x00, 0x00, 0x00, 0x01, 0x00, 0x00, 0x00,
  0x10, 0x00, 0x00, 0x00, 0xc2, 0xb6, 0xff, 0xff, 0x00, 0x00, 0x00, 0x01,
  0x14, 0x00, 0x00, 0x00, 0x30, 0x00, 0x00, 0x00, 0x77, 0x00, 0x00, 0x00,
  0x00, 0x00, 0x00, 0x09, 0x54, 0x00, 0x00, 0x00, 0xac, 0xb6, 0xff, 0xff,
  0x08, 0x00, 0x00, 0x00, 0x10, 0x00, 0x00, 0x00, 0x01, 0x00, 0x00, 0x00,
  0x80, 0xff, 0xff, 0xff, 0xff, 0xff, 0xff, 0xff, 0x01, 0x00, 0x00, 0x00,
  0x07, 0x07, 0x81, 0x3f, 0x29, 0x00, 0x00, 0x00, 0x6d, 0x6f, 0x64, 0x65,
  0x6c, 0x5f, 0x33, 0x30, 0x32, 0x2f, 0x74, 0x66, 0x2e, 0x63, 0x6f, 0x6d,
  0x70, 0x61, 0x74, 0x2e, 0x76, 0x31, 0x2e, 0x67, 0x61, 0x74, 0x68, 0x65,
  0x72, 0x5f, 0x35, 0x2f, 0x47, 0x61, 0x74, 0x68, 0x65, 0x72, 0x56, 0x32,
  0x3b, 0x00, 0x00, 0x00, 0x02, 0x00, 0x00, 0x00, 0x01, 0x00, 0x00, 0x00,
  0x10, 0x00, 0x00, 0x00, 0x3a, 0xb7, 0xff, 0xff, 0x00, 0x00, 0x00, 0x01,
  0x14, 0x00, 0x00, 0x00, 0x34, 0x00, 0x00, 0x00, 0x76, 0x00, 0x00, 0x00,
  0x00, 0x00, 0x00, 0x09, 0x7c, 0x00, 0x00, 0x00, 0x24, 0xb7, 0xff, 0xff,
  0x08, 0x00, 0x00, 0x00, 0x14, 0x00, 0x00, 0x00, 0x01, 0x00, 0x00, 0x00,
  0xf0, 0xff, 0xff, 0xff, 0xff, 0xff, 0xff, 0xff, 0x00, 0x00, 0x00, 0x00,
  0x01, 0x00, 0x00, 0x00, 0x12, 0x80, 0xa4, 0x3f, 0x4d, 0x00, 0x00, 0x00,
  0x6d, 0x6f, 0x64, 0x65, 0x6c, 0x5f, 0x33, 0x30, 0x32, 0x2f, 0x74, 0x66,
  0x2e, 0x6c, 0x69, 0x6e, 0x61, 0x6c, 0x67, 0x2e, 0x6d, 0x61, 0x74, 0x6d,
  0x75, 0x6c, 0x5f, 0x39, 0x33, 0x2f, 0x4d, 0x61, 0x74, 0x4d, 0x75, 0x6c,
  0x3b, 0x6d, 0x6f, 0x64, 0x65, 0x6c, 0x5f, 0x33, 0x30, 0x32, 0x2f, 0x74,
  0x66, 0x2e, 0x5f, 0x5f, 0x6f, 0x70, 0x65, 0x72, 0x61, 0x74, 0x6f, 0x72,
  0x73, 0x5f, 0x5f, 0x2e, 0x61, 0x64, 0x64, 0x5f, 0x33, 0x32, 0x31, 0x2f,
  0x41, 0x64, 0x64, 0x56, 0x32, 0x00, 0x00, 0x00, 0x02, 0x00, 0x00, 0x00,
  0x01, 0x00, 0x00, 0x00, 0x10, 0x00, 0x00, 0x00, 0xda, 0xb7, 0xff, 0xff,
  0x00, 0x00, 0x00, 0x01, 0x14, 0x00, 0x00, 0x00, 0x30, 0x00, 0x00, 0x00,
  0x75, 0x00, 0x00, 0x00, 0x00, 0x00, 0x00, 0x09, 0x4c, 0x00, 0x00, 0x00,
  0xc4, 0xb7, 0xff, 0xff, 0x08, 0x00, 0x00, 0x00, 0x10, 0x00, 0x00, 0x00,
  0x01, 0x00, 0x00, 0x00, 0x00, 0x00, 0x00, 0x00, 0x00, 0x00, 0x00, 0x00,
  0x01, 0x00, 0x00, 0x00, 0x85, 0x7d, 0x00, 0x3c, 0x22, 0x00, 0x00, 0x00,
  0x6d, 0x6f, 0x64, 0x65, 0x6c, 0x5f, 0x33, 0x30, 0x32, 0x2f, 0x74, 0x66,
  0x2e, 0x6d, 0x61, 0x74, 0x68, 0x2e, 0x6d, 0x75, 0x6c, 0x74, 0x69, 0x70,
  0x6c, 0x79, 0x5f, 0x34, 0x30, 0x38, 0x2f, 0x4d, 0x75, 0x6c, 0x00, 0x00,
  0x02, 0x00, 0x00, 0x00, 0x01, 0x00, 0x00, 0x00, 0x04, 0x00, 0x00, 0x00,
  0x4a, 0xb8, 0xff, 0xff, 0x00, 0x00, 0x00, 0x01, 0x14, 0x00, 0x00, 0x00,
  0x34, 0x00, 0x00, 0x00, 0x74, 0x00, 0x00, 0x00, 0x00, 0x00, 0x00, 0x09,
  0x4c, 0x00, 0x00, 0x00, 0x34, 0xb8, 0xff, 0xff, 0x08, 0x00, 0x00, 0x00,
  0x14, 0x00, 0x00, 0x00, 0x01, 0x00, 0x00, 0x00, 0x00, 0x00, 0x00, 0x00,
  0x00, 0x00, 0x00, 0x00, 0x00, 0x00, 0x00, 0x00, 0x01, 0x00, 0x00, 0x00,
  0x00, 0x00, 0x00, 0x3c, 0x1d, 0x00, 0x00, 0x00, 0x6d, 0x6f, 0x64, 0x65,
  0x6c, 0x5f, 0x33, 0x30, 0x32, 0x2f, 0x74, 0x66, 0x2e, 0x6d, 0x61, 0x74,
  0x68, 0x2e, 0x74, 0x61, 0x6e, 0x68, 0x5f, 0x39, 0x2f, 0x54, 0x61, 0x6e,
  0x68, 0x00, 0x00, 0x00, 0x02, 0x00, 0x00, 0x00, 0x01, 0x00, 0x00, 0x00,
  0x04, 0x00, 0x00, 0x00, 0xba, 0xb8, 0xff, 0xff, 0x00, 0x00, 0x00, 0x01,
  0x14, 0x00, 0x00, 0x00, 0x34, 0x00, 0x00, 0x00, 0x73, 0x00, 0x00, 0x00,
  0x00, 0x00, 0x00, 0x09, 0x4c, 0x00, 0x00, 0x00, 0xa4, 0xb8, 0xff, 0xff,
  0x08, 0x00, 0x00, 0x00, 0x14, 0x00, 0x00, 0x00, 0x01, 0x00, 0x00, 0x00,
  0xff, 0xff, 0xff, 0xff, 0xff, 0xff, 0xff, 0xff, 0x00, 0x00, 0x00, 0x00,
  0x01, 0x00, 0x00, 0x00, 0xa1, 0xa0, 0x20, 0x3d, 0x1d, 0x00, 0x00, 0x00,
  0x6d, 0x6f, 0x64, 0x65, 0x6c, 0x5f, 0x33, 0x30, 0x32, 0x2f, 0x74, 0x66,
  0x2e, 0x6d, 0x61, 0x74, 0x68, 0x2e, 0x61, 0x64, 0x64, 0x5f, 0x34, 0x35,
  0x32, 0x2f, 0x41, 0x64, 0x64, 0x00, 0x00, 0x00, 0x02, 0x00, 0x00, 0x00,
  0x01, 0x00, 0x00, 0x00, 0x04, 0x00, 0x00, 0x00, 0x2a, 0xb9, 0xff, 0xff,
  0x00, 0x00, 0x00, 0x01, 0x14, 0x00, 0x00, 0x00, 0x30, 0x00, 0x00, 0x00,
  0x72, 0x00, 0x00, 0x00, 0x00, 0x00, 0x00, 0x09, 0x4c, 0x00, 0x00, 0x00,
  0x14, 0xb9, 0xff, 0xff, 0x08, 0x00, 0x00, 0x00, 0x10, 0x00, 0x00, 0x00,
  0x01, 0x00, 0x00, 0x00, 0xff, 0xff, 0xff, 0xff, 0xff, 0xff, 0xff, 0xff,
  0x01, 0x00, 0x00, 0x00, 0x81, 0x80, 0x00, 0x3c, 0x22, 0x00, 0x00, 0x00,
  0x6d, 0x6f, 0x64, 0x65, 0x6c, 0x5f, 0x33, 0x30, 0x32, 0x2f, 0x74, 0x66,
  0x2e, 0x6d, 0x61, 0x74, 0x68, 0x2e, 0x6d, 0x75, 0x6c, 0x74, 0x69, 0x70,
  0x6c, 0x79, 0x5f, 0x34, 0x30, 0x31, 0x2f, 0x4d, 0x75, 0x6c, 0x00, 0x00,
  0x02, 0x00, 0x00, 0x00, 0x01, 0x00, 0x00, 0x00, 0x04, 0x00, 0x00, 0x00,
  0x9a, 0xb9, 0xff, 0xff, 0x00, 0x00, 0x00, 0x01, 0x14, 0x00, 0x00, 0x00,
  0x34, 0x00, 0x00, 0x00, 0x71, 0x00, 0x00, 0x00, 0x00, 0x00, 0x00, 0x09,
  0x4c, 0x00, 0x00, 0x00, 0x84, 0xb9, 0xff, 0xff, 0x08, 0x00, 0x00, 0x00,
  0x14, 0x00, 0x00, 0x00, 0x01, 0x00, 0x00, 0x00, 0x00, 0x00, 0x00, 0x00,
  0x00, 0x00, 0x00, 0x00, 0x00, 0x00, 0x00, 0x00, 0x01, 0x00, 0x00, 0x00,
  0x00, 0x00, 0x00, 0x3c, 0x1d, 0x00, 0x00, 0x00, 0x6d, 0x6f, 0x64, 0x65,
  0x6c, 0x5f, 0x33, 0x30, 0x32, 0x2f, 0x74, 0x66, 0x2e, 0x6d, 0x61, 0x74,
  0x68, 0x2e, 0x74, 0x61, 0x6e, 0x68, 0x5f, 0x38, 0x2f, 0x54, 0x61, 0x6e,
  0x68, 0x00, 0x00, 0x00, 0x02, 0x00, 0x00, 0x00, 0x01, 0x00, 0x00, 0x00,
  0x04, 0x00, 0x00, 0x00, 0x0a, 0xba, 0xff, 0xff, 0x00, 0x00, 0x00, 0x01,
  0x14, 0x00, 0x00, 0x00, 0x34, 0x00, 0x00, 0x00, 0x70, 0x00, 0x00, 0x00,
  0x00, 0x00, 0x00, 0x09, 0x54, 0x00, 0x00, 0x00, 0xf4, 0xb9, 0xff, 0xff,
  0x08, 0x00, 0x00, 0x00, 0x14, 0x00, 0x00, 0x00, 0x01, 0x00, 0x00, 0x00,
  0x80, 0xff, 0xff, 0xff, 0xff, 0xff, 0xff, 0xff, 0x00, 0x00, 0x00, 0x00,
  0x01, 0x00, 0x00, 0x00, 0x00, 0x00, 0x80, 0x3b, 0x24, 0x00, 0x00, 0x00,
  0x6d, 0x6f, 0x64, 0x65, 0x6c, 0x5f, 0x33, 0x30, 0x32, 0x2f, 0x74, 0x66,
  0x2e, 0x6d, 0x61, 0x74, 0x68, 0x2e, 0x73, 0x69, 0x67, 0x6d, 0x6f, 0x69,
  0x64, 0x5f, 0x31, 0x34, 0x2f, 0x53, 0x69, 0x67, 0x6d, 0x6f, 0x69, 0x64,
  0x00, 0x00, 0x00, 0x00, 0x02, 0x00, 0x00, 0x00, 0x01, 0x00, 0x00, 0x00,
  0x04, 0x00, 0x00, 0x00, 0x82, 0xba, 0xff, 0xff, 0x00, 0x00, 0x00, 0x01,
  0x14, 0x00, 0x00, 0x00, 0x30, 0x00, 0x00, 0x00, 0x6f, 0x00, 0x00, 0x00,
  0x00, 0x00, 0x00, 0x09, 0x4c, 0x00, 0x00, 0x00, 0x6c, 0xba, 0xff, 0xff,
  0x08, 0x00, 0x00, 0x00, 0x10, 0x00, 0x00, 0x00, 0x01, 0x00, 0x00, 0x00,
  0xff, 0xff, 0xff, 0xff, 0xff, 0xff, 0xff, 0xff, 0x01, 0x00, 0x00, 0x00,
  0xa1, 0xa0, 0x20, 0x3d, 0x22, 0x00, 0x00, 0x00, 0x6d, 0x6f, 0x64, 0x65,
  0x6c, 0x5f, 0x33, 0x30, 0x32, 0x2f, 0x74, 0x66, 0x2e, 0x6d, 0x61, 0x74,
  0x68, 0x2e, 0x6d, 0x75, 0x6c, 0x74, 0x69, 0x70, 0x6c, 0x79, 0x5f, 0x33,
  0x39, 0x37, 0x2f, 0x4d, 0x75, 0x6c, 0x00, 0x00, 0x02, 0x00, 0x00, 0x00,
  0x01, 0x00, 0x00, 0x00, 0x04, 0x00, 0x00, 0x00, 0xf2, 0xba, 0xff, 0xff,
  0x00, 0x00, 0x00, 0x01, 0x14, 0x00, 0x00, 0x00, 0x34, 0x00, 0x00, 0x00,
  0x6e, 0x00, 0x00, 0x00, 0x00, 0x00, 0x00, 0x09, 0x54, 0x00, 0x00, 0x00,
  0xdc, 0xba, 0xff, 0xff, 0x08, 0x00, 0x00, 0x00, 0x14, 0x00, 0x00, 0x00,
  0x01, 0x00, 0x00, 0x00, 0x80, 0xff, 0xff, 0xff, 0xff, 0xff, 0xff, 0xff,
  0x00, 0x00, 0x00, 0x00, 0x01, 0x00, 0x00, 0x00, 0x00, 0x00, 0x80, 0x3b,
  0x24, 0x00, 0x00, 0x00, 0x6d, 0x6f, 0x64, 0x65, 0x6c, 0x5f, 0x33, 0x30,
  0x32, 0x2f, 0x74, 0x66, 0x2e, 0x6d, 0x61, 0x74, 0x68, 0x2e, 0x73, 0x69,
  0x67, 0x6d, 0x6f, 0x69, 0x64, 0x5f, 0x31, 0x33, 0x2f, 0x53, 0x69, 0x67,
  0x6d, 0x6f, 0x69, 0x64, 0x00, 0x00, 0x00, 0x00, 0x02, 0x00, 0x00, 0x00,
  0x01, 0x00, 0x00, 0x00, 0x04, 0x00, 0x00, 0x00, 0x6a, 0xbb, 0xff, 0xff,
  0x00, 0x00, 0x00, 0x01, 0x14, 0x00, 0x00, 0x00, 0x34, 0x00, 0x00, 0x00,
  0x6d, 0x00, 0x00, 0x00, 0x00, 0x00, 0x00, 0x09, 0x54, 0x00, 0x00, 0x00,
  0x54, 0xbb, 0xff, 0xff, 0x08, 0x00, 0x00, 0x00, 0x14, 0x00, 0x00, 0x00,
  0x01, 0x00, 0x00, 0x00, 0x80, 0xff, 0xff, 0xff, 0xff, 0xff, 0xff, 0xff,
  0x00, 0x00, 0x00, 0x00, 0x01, 0x00, 0x00, 0x00, 0x00, 0x00, 0x80, 0x3b,
  0x24, 0x00, 0x00, 0x00, 0x6d, 0x6f, 0x64, 0x65, 0x6c, 0x5f, 0x33, 0x30,
  0x32, 0x2f, 0x74, 0x66, 0x2e, 0x6d, 0x61, 0x74, 0x68, 0x2e, 0x73, 0x69,
  0x67, 0x6d, 0x6f, 0x69, 0x64, 0x5f, 0x31, 0x32, 0x2f, 0x53, 0x69, 0x67,
  0x6d, 0x6f, 0x69, 0x64, 0x00, 0x00, 0x00, 0x00, 0x02, 0x00, 0x00, 0x00,
  0x01, 0x00, 0x00, 0x00, 0x04, 0x00, 0x00, 0x00, 0xe2, 0xbb, 0xff, 0xff,
  0x00, 0x00, 0x00, 0x01, 0x14, 0x00, 0x00, 0x00, 0x34, 0x00, 0x00, 0x00,
  0x6c, 0x00, 0x00, 0x00, 0x00, 0x00, 0x00, 0x09, 0x9c, 0x00, 0x00, 0x00,
  0xcc, 0xbb, 0xff, 0xff, 0x08, 0x00, 0x00, 0x00, 0x14, 0x00, 0x00, 0x00,
  0x01, 0x00, 0x00, 0x00, 0xf0, 0xff, 0xff, 0xff, 0xff, 0xff, 0xff, 0xff,
  0x00, 0x00, 0x00, 0x00, 0x01, 0x00, 0x00, 0x00, 0xe4, 0x7f, 0xa4, 0x3f,
  0x6f, 0x00, 0x00, 0x00, 0x6d, 0x6f, 0x64, 0x65, 0x6c, 0x5f, 0x33, 0x30,
  0x32, 0x2f, 0x74, 0x66, 0x2e, 0x73, 0x70, 0x6c, 0x69, 0x74, 0x5f, 0x34,
  0x2f, 0x73, 0x70, 0x6c, 0x69, 0x74, 0x3b, 0x6d, 0x6f, 0x64, 0x65, 0x6c,
  0x5f, 0x33, 0x30, 0x32, 0x2f, 0x74, 0x66, 0x2e, 0x73, 0x70, 0x6c, 0x69,
  0x74, 0x5f, 0x34, 0x2f, 0x73, 0x70, 0x6c, 0x69, 0x74, 0x31, 0x3b, 0x6d,
  0x6f, 0x64, 0x65, 0x6c, 0x5f, 0x33, 0x30, 0x32, 0x2f, 0x74, 0x66, 0x2e,
  0x73, 0x70, 0x6c, 0x69, 0x74, 0x5f, 0x34, 0x2f, 0x73, 0x70, 0x6c, 0x69,
  0x74, 0x32, 0x3b, 0x6d, 0x6f, 0x64, 0x65, 0x6c, 0x5f, 0x33, 0x30, 0x32,
  0x2f, 0x74, 0x66, 0x2e, 0x73, 0x70, 0x6c, 0x69, 0x74, 0x5f, 0x34, 0x2f,
  0x73, 0x70, 0x6c, 0x69, 0x74, 0x33, 0x33, 0x00, 0x02, 0x00, 0x00, 0x00,
  0x01, 0x00, 0x00, 0x00, 0x04, 0x00, 0x00, 0x00, 0xa2, 0xbc, 0xff, 0xff,
  0x00, 0x00, 0x00, 0x01, 0x14, 0x00, 0x00, 0x00, 0x34, 0x00, 0x00, 0x00,
  0x6b, 0x00, 0x00, 0x00, 0x00, 0x00, 0x00, 0x09, 0x9c, 0x00, 0x00, 0x00,
  0x8c, 0xbc, 0xff, 0xff, 0x08, 0x00, 0x00, 0x00, 0x14, 0x00, 0x00, 0x00,
  0x01, 0x00, 0x00, 0x00, 0xf0, 0xff, 0xff, 0xff, 0xff, 0xff, 0xff, 0xff,
  0x00, 0x00, 0x00, 0x00, 0x01, 0x00, 0x00, 0x00, 0xe4, 0x7f, 0xa4, 0x3f,
  0x6f, 0x00, 0x00, 0x00, 0x6d, 0x6f, 0x64, 0x65, 0x6c, 0x5f, 0x33, 0x30,
  0x32, 0x2f, 0x74, 0x66, 0x2e, 0x73, 0x70, 0x6c, 0x69, 0x74, 0x5f, 0x34,
  0x2f, 0x73, 0x70, 0x6c, 0x69, 0x74, 0x3b, 0x6d, 0x6f, 0x64, 0x65, 0x6c,
  0x5f, 0x33, 0x30, 0x32, 0x2f, 0x74, 0x66, 0x2e, 0x73, 0x70, 0x6c, 0x69,
  0x74, 0x5f, 0x34, 0x2f, 0x73, 0x70, 0x6c, 0x69, 0x74, 0x31, 0x3b, 0x6d,
  0x6f, 0x64, 0x65, 0x6c, 0x5f, 0x33, 0x30, 0x32, 0x2f, 0x74, 0x66, 0x2e,
  0x73, 0x70, 0x6c, 0x69, 0x74, 0x5f, 0x34, 0x2f, 0x73, 0x70, 0x6c, 0x69,
  0x74, 0x32, 0x3b, 0x6d, 0x6f, 0x64, 0x65, 0x6c, 0x5f, 0x33, 0x30, 0x32,
  0x2f, 0x74, 0x66, 0x2e, 0x73, 0x70, 0x6c, 0x69, 0x74, 0x5f, 0x34, 0x2f,
  0x73, 0x70, 0x6c, 0x69, 0x74, 0x33, 0x32, 0x00, 0x02, 0x00, 0x00, 0x00,
  0x01, 0x00, 0x00, 0x00, 0x04, 0x00, 0x00, 0x00, 0x62, 0xbd, 0xff, 0xff,
  0x00, 0x00, 0x00, 0x01, 0x14, 0x00, 0x00, 0x00, 0x34, 0x00, 0x00, 0x00,
  0x6a, 0x00, 0x00, 0x00, 0x00, 0x00, 0x00, 0x09, 0x9c, 0x00, 0x00, 0x00,
  0x4c, 0xbd, 0xff, 0xff, 0x08, 0x00, 0x00, 0x00, 0x14, 0x00, 0x00, 0x00,
  0x01, 0x00, 0x00, 0x00, 0xf0, 0xff, 0xff, 0xff, 0xff, 0xff, 0xff, 0xff,
  0x00, 0x00, 0x00, 0x00, 0x01, 0x00, 0x00, 0x00, 0xe4, 0x7f, 0xa4, 0x3f,
  0x6f, 0x00, 0x00, 0x00, 0x6d, 0x6f, 0x64, 0x65, 0x6c, 0x5f, 0x33, 0x30,
  0x32, 0x2f, 0x74, 0x66, 0x2e, 0x73, 0x70, 0x6c, 0x69, 0x74, 0x5f, 0x34,
  0x2f, 0x73, 0x70, 0x6c, 0x69, 0x74, 0x3b, 0x6d, 0x6f, 0x64, 0x65, 0x6c,
  0x5f, 0x33, 0x30, 0x32, 0x2f, 0x74, 0x66, 0x2e, 0x73, 0x70, 0x6c, 0x69,
  0x74, 0x5f, 0x34, 0x2f, 0x73, 0x70, 0x6c, 0x69, 0x74, 0x31, 0x3b, 0x6d,
  0x6f, 0x64, 0x65, 0x6c, 0x5f, 0x33, 0x30, 0x32, 0x2f, 0x74, 0x66, 0x2e,
  0x73, 0x70, 0x6c, 0x69, 0x74, 0x5f, 0x34, 0x2f, 0x73, 0x70, 0x6c, 0x69,
  0x74, 0x32, 0x3b, 0x6d, 0x6f, 0x64, 0x65, 0x6c, 0x5f, 0x33, 0x30, 0x32,
  0x2f, 0x74, 0x66, 0x2e, 0x73, 0x70, 0x6c, 0x69, 0x74, 0x5f, 0x34, 0x2f,
  0x73, 0x70, 0x6c, 0x69, 0x74, 0x33, 0x31, 0x00, 0x02, 0x00, 0x00, 0x00,
  0x01, 0x00, 0x00, 0x00, 0x04, 0x00, 0x00, 0x00, 0x22, 0xbe, 0xff, 0xff,
  0x00, 0x00, 0x00, 0x01, 0x14, 0x00, 0x00, 0x00, 0x34, 0x00, 0x00, 0x00,
  0x69, 0x00, 0x00, 0x00, 0x00, 0x00, 0x00, 0x09, 0x9c, 0x00, 0x00, 0x00,
  0x0c, 0xbe, 0xff, 0xff, 0x08, 0x00, 0x00, 0x00, 0x14, 0x00, 0x00, 0x00,
  0x01, 0x00, 0x00, 0x00, 0xf0, 0xff, 0xff, 0xff, 0xff, 0xff, 0xff, 0xff,
  0x00, 0x00, 0x00, 0x00, 0x01, 0x00, 0x00, 0x00, 0xe4, 0x7f, 0xa4, 0x3f,
  0x6e, 0x00, 0x00, 0x00, 0x6d, 0x6f, 0x64, 0x65, 0x6c, 0x5f, 0x33, 0x30,
  0x32, 0x2f, 0x74, 0x66, 0x2e, 0x73, 0x70, 0x6c, 0x69, 0x74, 0x5f, 0x34,
  0x2f, 0x73, 0x70, 0x6c, 0x69, 0x74, 0x3b, 0x6d, 0x6f, 0x64, 0x65, 0x6c,
  0x5f, 0x33, 0x30, 0x32, 0x2f, 0x74, 0x66, 0x2e, 0x73, 0x70, 0x6c, 0x69,
  0x74, 0x5f, 0x34, 0x2f, 0x73, 0x70, 0x6c, 0x69, 0x74, 0x31, 0x3b, 0x6d,
  0x6f, 0x64, 0x65, 0x6c, 0x5f, 0x33, 0x30, 0x32, 0x2f, 0x74, 0x66, 0x2e,
  0x73, 0x70, 0x6c, 0x69, 0x74, 0x5f, 0x34, 0x2f, 0x73, 0x70, 0x6c, 0x69,
  0x74, 0x32, 0x3b, 0x6d, 0x6f, 0x64, 0x65, 0x6c, 0x5f, 0x33, 0x30, 0x32,
  0x2f, 0x74, 0x66, 0x2e, 0x73, 0x70, 0x6c, 0x69, 0x74, 0x5f, 0x34, 0x2f,
  0x73, 0x70, 0x6c, 0x69, 0x74, 0x33, 0x00, 0x00, 0x02, 0x00, 0x00, 0x00,
  0x01, 0x00, 0x00, 0x00, 0x04, 0x00, 0x00, 0x00, 0xe2, 0xbe, 0xff, 0xff,
  0x00, 0x00, 0x00, 0x01, 0x14, 0x00, 0x00, 0x00, 0x34, 0x00, 0x00, 0x00,
  0x68, 0x00, 0x00, 0x00, 0x00, 0x00, 0x00, 0x09, 0x4c, 0x00, 0x00, 0x00,
  0xcc, 0xbe, 0xff, 0xff, 0x08, 0x00, 0x00, 0x00, 0x14, 0x00, 0x00, 0x00,
  0x01, 0x00, 0x00, 0x00, 0xf0, 0xff, 0xff, 0xff, 0xff, 0xff, 0xff, 0xff,
  0x00, 0x00, 0x00, 0x00, 0x01, 0x00, 0x00, 0x00, 0xe4, 0x7f, 0xa4, 0x3f,
  0x1d, 0x00, 0x00, 0x00, 0x6d, 0x6f, 0x64, 0x65, 0x6c, 0x5f, 0x33, 0x30,
  0x32, 0x2f, 0x74, 0x66, 0x2e, 0x6d, 0x61, 0x74, 0x68, 0x2e, 0x61, 0x64,
  0x64, 0x5f, 0x34, 0x35, 0x31, 0x2f, 0x41, 0x64, 0x64, 0x00, 0x00, 0x00,
  0x02, 0x00, 0x00, 0x00, 0x01, 0x00, 0x00, 0x00, 0x10, 0x00, 0x00, 0x00,
  0x52, 0xbf, 0xff, 0xff, 0x00, 0x00, 0x00, 0x01, 0x14, 0x00, 0x00, 0x00,
  0x34, 0x00, 0x00, 0x00, 0x67, 0x00, 0x00, 0x00, 0x00, 0x00, 0x00, 0x09,
  0x7c, 0x00, 0x00, 0x00, 0x3c, 0xbf, 0xff, 0xff, 0x08, 0x00, 0x00, 0x00,
  0x14, 0x00, 0x00, 0x00, 0x01, 0x00, 0x00, 0x00, 0xf0, 0xff, 0xff, 0xff,
  0xff, 0xff, 0xff, 0xff, 0x00, 0x00, 0x00, 0x00, 0x01, 0x00, 0x00, 0x00,
  0x09, 0xa4, 0xa2, 0x3f, 0x4d, 0x00, 0x00, 0x00, 0x6d, 0x6f, 0x64, 0x65,
  0x6c, 0x5f, 0x33, 0x30, 0x32, 0x2f, 0x74, 0x66, 0x2e, 0x6c, 0x69, 0x6e,
  0x61, 0x6c, 0x67, 0x2e, 0x6d, 0x61, 0x74, 0x6d, 0x75, 0x6c, 0x5f, 0x38,
  0x35, 0x2f, 0x4d, 0x61, 0x74, 0x4d, 0x75, 0x6c, 0x3b, 0x6d, 0x6f, 0x64,
  0x65, 0x6c, 0x5f, 0x33, 0x30, 0x32, 0x2f, 0x74, 0x66, 0x2e, 0x5f, 0x5f,
  0x6f, 0x70, 0x65, 0x72, 0x61, 0x74, 0x6f, 0x72, 0x73, 0x5f, 0x5f, 0x2e,
  0x61, 0x64, 0x64, 0x5f, 0x33, 0x31, 0x33, 0x2f, 0x41, 0x64, 0x64, 0x56,
  0x32, 0x00, 0x00, 0x00, 0x02, 0x00, 0x00, 0x00, 0x01, 0x00, 0x00, 0x00,
  0x10, 0x00, 0x00, 0x00, 0xf2, 0xbf, 0xff, 0xff, 0x00, 0x00, 0x00, 0x01,
  0x14, 0x00, 0x00, 0x00, 0x30, 0x00, 0x00, 0x00, 0x66, 0x00, 0x00, 0x00,
  0x00, 0x00, 0x00, 0x09, 0x54, 0x00, 0x00, 0x00, 0xdc, 0xbf, 0xff, 0xff,
  0x08, 0x00, 0x00, 0x00, 0x10, 0x00, 0x00, 0x00, 0x01, 0x00, 0x00, 0x00,
  0x80, 0xff, 0xff, 0xff, 0xff, 0xff, 0xff, 0xff, 0x01, 0x00, 0x00, 0x00,
  0x07, 0x07, 0x81, 0x3f, 0x29, 0x00, 0x00, 0x00, 0x6d, 0x6f, 0x64, 0x65,
  0x6c, 0x5f, 0x33, 0x30, 0x32, 0x2f, 0x74, 0x66, 0x2e, 0x63, 0x6f, 0x6d,
  0x70, 0x61, 0x74, 0x2e, 0x76, 0x31, 0x2e, 0x67, 0x61, 0x74, 0x68, 0x65,
  0x72, 0x5f, 0x34, 0x2f, 0x47, 0x61, 0x74, 0x68, 0x65, 0x72, 0x56, 0x32,
  0x3b, 0x00, 0x00, 0x00, 0x02, 0x00, 0x00, 0x00, 0x01, 0x00, 0x00, 0x00,
  0x10, 0x00, 0x00, 0x00, 0x6a, 0xc0, 0xff, 0xff, 0x00, 0x00, 0x00, 0x01,
  0x14, 0x00, 0x00, 0x00, 0x34, 0x00, 0x00, 0x00, 0x65, 0x00, 0x00, 0x00,
  0x00, 0x00, 0x00, 0x09, 0x7c, 0x00, 0x00, 0x00, 0x54, 0xc0, 0xff, 0xff,
  0x08, 0x00, 0x00, 0x00, 0x14, 0x00, 0x00, 0x00, 0x01, 0x00, 0x00, 0x00,
  0xf0, 0xff, 0xff, 0xff, 0xff, 0xff, 0xff, 0xff, 0x00, 0x00, 0x00, 0x00,
  0x01, 0x00, 0x00, 0x00, 0xe4, 0x7f, 0xa4, 0x3f, 0x4d, 0x00, 0x00, 0x00,
  0x6d, 0x6f, 0x64, 0x65, 0x6c, 0x5f, 0x33, 0x30, 0x32, 0x2f, 0x74, 0x66,
  0x2e, 0x6c, 0x69, 0x6e, 0x61, 0x6c, 0x67, 0x2e, 0x6d, 0x61, 0x74, 0x6d,
  0x75, 0x6c, 0x5f, 0x39, 0x32, 0x2f, 0x4d, 0x61, 0x74, 0x4d, 0x75, 0x6c,
  0x3b, 0x6d, 0x6f, 0x64, 0x65, 0x6c, 0x5f, 0x33, 0x30, 0x32, 0x2f, 0x74,
  0x66, 0x2e, 0x5f, 0x5f, 0x6f, 0x70, 0x65, 0x72, 0x61, 0x74, 0x6f, 0x72,
  0x73, 0x5f, 0x5f, 0x2e, 0x61, 0x64, 0x64, 0x5f, 0x33, 0x32, 0x30, 0x2f,
  0x41, 0x64, 0x64, 0x56, 0x32, 0x00, 0x00, 0x00, 0x02, 0x00, 0x00, 0x00,
  0x01, 0x00, 0x00, 0x00, 0x10, 0x00, 0x00, 0x00, 0x0a, 0xc1, 0xff, 0xff,
  0x00, 0x00, 0x00, 0x01, 0x14, 0x00, 0x00, 0x00, 0x30, 0x00, 0x00, 0x00,
  0x64, 0x00, 0x00, 0x00, 0x00, 0x00, 0x00, 0x09, 0x4c, 0x00, 0x00, 0x00,
  0xf4, 0xc0, 0xff, 0xff, 0x08, 0x00, 0x00, 0x00, 0x10, 0x00, 0x00, 0x00,
  0x01, 0x00, 0x00, 0x00, 0xff, 0xff, 0xff, 0xff, 0xff, 0xff, 0xff, 0xff,
  0x01, 0x00, 0x00, 0x00, 0x71, 0x6a, 0x00, 0x3c, 0x22, 0x00, 0x00, 0x00,
  0x6d, 0x6f, 0x64, 0x65, 0x6c, 0x5f, 0x33, 0x30, 0x32, 0x2f, 0x74, 0x66,
  0x2e, 0x6d, 0x61, 0x74, 0x68, 0x2e, 0x6d, 0x75, 0x6c, 0x74, 0x69, 0x70,
  0x6c, 0x79, 0x5f, 0x33, 0x38, 0x39, 0x2f, 0x4d, 0x75, 0x6c, 0x00, 0x00,
  0x02, 0x00, 0x00, 0x00, 0x01, 0x00, 0x00, 0x00, 0x04, 0x00, 0x00, 0x00,
  0x7a, 0xc1, 0xff, 0xff, 0x00, 0x00, 0x00, 0x01, 0x14, 0x00, 0x00, 0x00,
  0x34, 0x00, 0x00, 0x00, 0x63, 0x00, 0x00, 0x00, 0x00, 0x00, 0x00, 0x09,
  0x4c, 0x00, 0x00, 0x00, 0x64, 0xc1, 0xff, 0xff, 0x08, 0x00, 0x00, 0x00,
  0x14, 0x00, 0x00, 0x00, 0x01, 0x00, 0x00, 0x00, 0x00, 0x00, 0x00, 0x00,
  0x00, 0x00, 0x00, 0x00, 0x00, 0x00, 0x00, 0x00, 0x01, 0x00, 0x00, 0x00,
  0x00, 0x00, 0x00, 0x3c, 0x1d, 0x00, 0x00, 0x00, 0x6d, 0x6f, 0x64, 0x65,
  0x6c, 0x5f, 0x33, 0x30, 0x32, 0x2f, 0x74, 0x66, 0x2e, 0x6d, 0x61, 0x74,
  0x68, 0x2e, 0x74, 0x61, 0x6e, 0x68, 0x5f, 0x37, 0x2f, 0x54, 0x61, 0x6e,
  0x68, 0x00, 0x00, 0x00, 0x02, 0x00, 0x00, 0x00, 0x01, 0x00, 0x00, 0x00,
  0x04, 0x00, 0x00, 0x00, 0xea, 0xc1, 0xff, 0xff, 0x00, 0x00, 0x00, 0x01,
  0x14, 0x00, 0x00, 0x00, 0x34, 0x00, 0x00, 0x00, 0x62, 0x00, 0x00, 0x00,
  0x00, 0x00, 0x00, 0x09, 0x4c, 0x00, 0x00, 0x00, 0xd4, 0xc1, 0xff, 0xff,
  0x08, 0x00, 0x00, 0x00, 0x14, 0x00, 0x00, 0x00, 0x01, 0x00, 0x00, 0x00,
  0xff, 0xff, 0xff, 0xff, 0xff, 0xff, 0xff, 0xff, 0x00, 0x00, 0x00, 0x00,
  0x01, 0x00, 0x00, 0x00, 0x81, 0x80, 0x00, 0x3d, 0x1d, 0x00, 0x00, 0x00,
  0x6d, 0x6f, 0x64, 0x65, 0x6c, 0x5f, 0x33, 0x30, 0x32, 0x2f, 0x74, 0x66,
  0x2e, 0x6d, 0x61, 0x74, 0x68, 0x2e, 0x61, 0x64, 0x64, 0x5f, 0x34, 0x35,
  0x30, 0x2f, 0x41, 0x64, 0x64, 0x00, 0x00, 0x00, 0x02, 0x00, 0x00, 0x00,
  0x01, 0x00, 0x00, 0x00, 0x04, 0x00, 0x00, 0x00, 0x5a, 0xc2, 0xff, 0xff,
  0x00, 0x00, 0x00, 0x01, 0x14, 0x00, 0x00, 0x00, 0x30, 0x00, 0x00, 0x00,
  0x61, 0x00, 0x00, 0x00, 0x00, 0x00, 0x00, 0x09, 0x4c, 0x00, 0x00, 0x00,
  0x44, 0xc2, 0xff, 0xff, 0x08, 0x00, 0x00, 0x00, 0x10, 0x00, 0x00, 0x00,
  0x01, 0x00, 0x00, 0x00, 0xff, 0xff, 0xff, 0xff, 0xff, 0xff, 0xff, 0xff,
  0x01, 0x00, 0x00, 0x00, 0x81, 0x80, 0x00, 0x3c, 0x22, 0x00, 0x00, 0x00,
  0x6d, 0x6f, 0x64, 0x65, 0x6c, 0x5f, 0x33, 0x30, 0x32, 0x2f, 0x74, 0x66,
  0x2e, 0x6d, 0x61, 0x74, 0x68, 0x2e, 0x6d, 0x75, 0x6c, 0x74, 0x69, 0x70,
  0x6c, 0x79, 0x5f, 0x33, 0x38, 0x32, 0x2f, 0x4d, 0x75, 0x6c, 0x00, 0x00,
  0x02, 0x00, 0x00, 0x00, 0x01, 0x00, 0x00, 0x00, 0x04, 0x00, 0x00, 0x00,
  0xca, 0xc2, 0xff, 0xff, 0x00, 0x00, 0x00, 0x01, 0x14, 0x00, 0x00, 0x00,
  0x34, 0x00, 0x00, 0x00, 0x60, 0x00, 0x00, 0x00, 0x00, 0x00, 0x00, 0x09,
  0x4c, 0x00, 0x00, 0x00, 0xb4, 0xc2, 0xff, 0xff, 0x08, 0x00, 0x00, 0x00,
  0x14, 0x00, 0x00, 0x00, 0x01, 0x00, 0x00, 0x00, 0x00, 0x00, 0x00, 0x00,
  0x00, 0x00, 0x00, 0x00, 0x00, 0x00, 0x00, 0x00, 0x01, 0x00, 0x00, 0x00,
  0x00, 0x00, 0x00, 0x3c, 0x1d, 0x00, 0x00, 0x00, 0x6d, 0x6f, 0x64, 0x65,
  0x6c, 0x5f, 0x33, 0x30, 0x32, 0x2f, 0x74, 0x66, 0x2e, 0x6d, 0x61, 0x74,
  0x68, 0x2e, 0x74, 0x61, 0x6e, 0x68, 0x5f, 0x36, 0x2f, 0x54, 0x61, 0x6e,
  0x68, 0x00, 0x00, 0x00, 0x02, 0x00, 0x00, 0x00, 0x01, 0x00, 0x00, 0x00,
  0x04, 0x00, 0x00, 0x00, 0x3a, 0xc3, 0xff, 0xff, 0x00, 0x00, 0x00, 0x01,
  0x14, 0x00, 0x00, 0x00, 0x30, 0x00, 0x00, 0x00, 0x5f, 0x00, 0x00, 0x00,
  0x00, 0x00, 0x00, 0x09, 0x4c, 0x00, 0x00, 0x00, 0x24, 0xc3, 0xff, 0xff,
  0x08, 0x00, 0x00, 0x00, 0x10, 0x00, 0x00, 0x00, 0x01, 0x00, 0x00, 0x00,
  0x80, 0xff, 0xff, 0xff, 0xff, 0xff, 0xff, 0xff, 0x01, 0x00, 0x00, 0x00,
  0x00, 0x00, 0x80, 0x3b, 0x23, 0x00, 0x00, 0x00, 0x6d, 0x6f, 0x64, 0x65,
  0x6c, 0x5f, 0x33, 0x30, 0x32, 0x2f, 0x74, 0x66, 0x2e, 0x6d, 0x61, 0x74,
  0x68, 0x2e, 0x73, 0x69, 0x67, 0x6d, 0x6f, 0x69, 0x64, 0x5f, 0x39, 0x2f,
  0x53, 0x69, 0x67, 0x6d, 0x6f, 0x69, 0x64, 0x00, 0x02, 0x00, 0x00, 0x00,
  0x01, 0x00, 0x00, 0x00, 0x04, 0x00, 0x00, 0x00, 0xaa, 0xc3, 0xff, 0xff,
  0x00, 0x00, 0x00, 0x01, 0x14, 0x00, 0x00, 0x00, 0x34, 0x00, 0x00, 0x00,
  0x5e, 0x00, 0x00, 0x00, 0x00, 0x00, 0x00, 0x09, 0x54, 0x00, 0x00, 0x00,
  0x94, 0xc3, 0xff, 0xff, 0x08, 0x00, 0x00, 0x00, 0x14, 0x00, 0x00, 0x00,
  0x01, 0x00, 0x00, 0x00, 0x80, 0xff, 0xff, 0xff, 0xff, 0xff, 0xff, 0xff,
  0x00, 0x00, 0x00, 0x00, 0x01, 0x00, 0x00, 0x00, 0x00, 0x00, 0x80, 0x3b,
  0x24, 0x00, 0x00, 0x00, 0x6d, 0x6f, 0x64, 0x65, 0x6c, 0x5f, 0x33, 0x30,
  0x32, 0x2f, 0x74, 0x66, 0x2e, 0x6d, 0x61, 0x74, 0x68, 0x2e, 0x73, 0x69,
  0x67, 0x6d, 0x6f, 0x69, 0x64, 0x5f, 0x31, 0x31, 0x2f, 0x53, 0x69, 0x67,
  0x6d, 0x6f, 0x69, 0x64, 0x00, 0x00, 0x00, 0x00, 0x02, 0x00, 0x00, 0x00,
  0x01, 0x00, 0x00, 0x00, 0x04, 0x00, 0x00, 0x00, 0x22, 0xc4, 0xff, 0xff,
  0x00, 0x00, 0x00, 0x01, 0x14, 0x00, 0x00, 0x00, 0x30, 0x00, 0x00, 0x00,
  0x5d, 0x00, 0x00, 0x00, 0x00, 0x00, 0x00, 0x09, 0x4c, 0x00, 0x00, 0x00,
  0x0c, 0xc4, 0xff, 0xff, 0x08, 0x00, 0x00, 0x00, 0x10, 0x00, 0x00, 0x00,
  0x01, 0x00, 0x00, 0x00, 0xff, 0xff, 0xff, 0xff, 0xff, 0xff, 0xff, 0xff,
  0x01, 0x00, 0x00, 0x00, 0x81, 0x80, 0x00, 0x3d, 0x22, 0x00, 0x00, 0x00,
  0x6d, 0x6f, 0x64, 0x65, 0x6c, 0x5f, 0x33, 0x30, 0x32, 0x2f, 0x74, 0x66,
  0x2e, 0x6d, 0x61, 0x74, 0x68, 0x2e, 0x6d, 0x75, 0x6c, 0x74, 0x69, 0x70,
  0x6c, 0x79, 0x5f, 0x33, 0x37, 0x38, 0x2f, 0x4d, 0x75, 0x6c, 0x00, 0x00,
  0x02, 0x00, 0x00, 0x00, 0x01, 0x00, 0x00, 0x00, 0x04, 0x00, 0x00, 0x00,
  0x92, 0xc4, 0xff, 0xff, 0x00, 0x00, 0x00, 0x01, 0x14, 0x00, 0x00, 0x00,
  0x34, 0x00, 0x00, 0x00, 0x5c, 0x00, 0x00, 0x00, 0x00, 0x00, 0x00, 0x09,
  0x54, 0x00, 0x00, 0x00, 0x7c, 0xc4, 0xff, 0xff, 0x08, 0x00, 0x00, 0x00,
  0x14, 0x00, 0x00, 0x00, 0x01, 0x00, 0x00, 0x00, 0x80, 0xff, 0xff, 0xff,
  0xff, 0xff, 0xff, 0xff, 0x00, 0x00, 0x00, 0x00, 0x01, 0x00, 0x00, 0x00,
  0x00, 0x00, 0x80, 0x3b, 0x24, 0x00, 0x00, 0x00, 0x6d, 0x6f, 0x64, 0x65,
  0x6c, 0x5f, 0x33, 0x30, 0x32, 0x2f, 0x74, 0x66, 0x2e, 0x6d, 0x61, 0x74,
  0x68, 0x2e, 0x73, 0x69, 0x67, 0x6d, 0x6f, 0x69, 0x64, 0x5f, 0x31, 0x30,
  0x2f, 0x53, 0x69, 0x67, 0x6d, 0x6f, 0x69, 0x64, 0x00, 0x00, 0x00, 0x00,
  0x02, 0x00, 0x00, 0x00, 0x01, 0x00, 0x00, 0x00, 0x04, 0x00, 0x00, 0x00,
  0x0a, 0xc5, 0xff, 0xff, 0x00, 0x00, 0x00, 0x01, 0x14, 0x00, 0x00, 0x00,
  0x34, 0x00, 0x00, 0x00, 0x5b, 0x00, 0x00, 0x00, 0x00, 0x00, 0x00, 0x09,
  0x9c, 0x00, 0x00, 0x00, 0xf4, 0xc4, 0xff, 0xff, 0x08, 0x00, 0x00, 0x00,
  0x14, 0x00, 0x00, 0x00, 0x01, 0x00, 0x00, 0x00, 0xf0, 0xff, 0xff, 0xff,
  0xff, 0xff, 0xff, 0xff, 0x00, 0x00, 0x00, 0x00, 0x01, 0x00, 0x00, 0x00,
  0x8f, 0x7e, 0xa4, 0x3f, 0x6f, 0x00, 0x00, 0x00, 0x6d, 0x6f, 0x64, 0x65,
  0x6c, 0x5f, 0x33, 0x30, 0x32, 0x2f, 0x74, 0x66, 0x2e, 0x73, 0x70, 0x6c,
  0x69, 0x74, 0x5f, 0x33, 0x2f, 0x73, 0x70, 0x6c, 0x69, 0x74, 0x3b, 0x6d,
  0x6f, 0x64, 0x65, 0x6c, 0x5f, 0x33, 0x30, 0x32, 0x2f, 0x74, 0x66, 0x2e,
  0x73, 0x70, 0x6c, 0x69, 0x74, 0x5f, 0x33, 0x2f, 0x73, 0x70, 0x6c, 0x69,
  0x74, 0x31, 0x3b, 0x6d, 0x6f, 0x64, 0x65, 0x6c, 0x5f, 0x33, 0x30, 0x32,
  0x2f, 0x74, 0x66, 0x2e, 0x73, 0x70, 0x6c, 0x69, 0x74, 0x5f, 0x33, 0x2f,
  0x73, 0x70, 0x6c, 0x69, 0x74, 0x32, 0x3b, 0x6d, 0x6f, 0x64, 0x65, 0x6c,
  0x5f, 0x33, 0x30, 0x32, 0x2f, 0x74, 0x66, 0x2e, 0x73, 0x70, 0x6c, 0x69,
  0x74, 0x5f, 0x33, 0x2f, 0x73, 0x70, 0x6c, 0x69, 0x74, 0x33, 0x33, 0x00,
  0x02, 0x00, 0x00, 0x00, 0x01, 0x00, 0x00, 0x00, 0x04, 0x00, 0x00, 0x00,
  0xca, 0xc5, 0xff, 0xff, 0x00, 0x00, 0x00, 0x01, 0x14, 0x00, 0x00, 0x00,
  0x34, 0x00, 0x00, 0x00, 0x5a, 0x00, 0x00, 0x00, 0x00, 0x00, 0x00, 0x09,
  0x9c, 0x00, 0x00, 0x00, 0xb4, 0xc5, 0xff, 0xff, 0x08, 0x00, 0x00, 0x00,
  0x14, 0x00, 0x00, 0x00, 0x01, 0x00, 0x00, 0x00, 0xf0, 0xff, 0xff, 0xff,
  0xff, 0xff, 0xff, 0xff, 0x00, 0x00, 0x00, 0x00, 0x01, 0x00, 0x00, 0x00,
  0x8f, 0x7e, 0xa4, 0x3f, 0x6f, 0x00, 0x00, 0x00, 0x6d, 0x6f, 0x64, 0x65,
  0x6c, 0x5f, 0x33, 0x30, 0x32, 0x2f, 0x74, 0x66, 0x2e, 0x73, 0x70, 0x6c,
  0x69, 0x74, 0x5f, 0x33, 0x2f, 0x73, 0x70, 0x6c, 0x69, 0x74, 0x3b, 0x6d,
  0x6f, 0x64, 0x65, 0x6c, 0x5f, 0x33, 0x30, 0x32, 0x2f, 0x74, 0x66, 0x2e,
  0x73, 0x70, 0x6c, 0x69, 0x74, 0x5f, 0x33, 0x2f, 0x73, 0x70, 0x6c, 0x69,
  0x74, 0x31, 0x3b, 0x6d, 0x6f, 0x64, 0x65, 0x6c, 0x5f, 0x33, 0x30, 0x32,
  0x2f, 0x74, 0x66, 0x2e, 0x73, 0x70, 0x6c, 0x69, 0x74, 0x5f, 0x33, 0x2f,
  0x73, 0x70, 0x6c, 0x69, 0x74, 0x32, 0x3b, 0x6d, 0x6f, 0x64, 0x65, 0x6c,
  0x5f, 0x33, 0x30, 0x32, 0x2f, 0x74, 0x66, 0x2e, 0x73, 0x70, 0x6c, 0x69,
  0x74, 0x5f, 0x33, 0x2f, 0x73, 0x70, 0x6c, 0x69, 0x74, 0x33, 0x32, 0x00,
  0x02, 0x00, 0x00, 0x00, 0x01, 0x00, 0x00, 0x00, 0x04, 0x00, 0x00, 0x00,
  0x8a, 0xc6, 0xff, 0xff, 0x00, 0x00, 0x00, 0x01, 0x14, 0x00, 0x00, 0x00,
  0x34, 0x00, 0x00, 0x00, 0x59, 0x00, 0x00, 0x00, 0x00, 0x00, 0x00, 0x09,
  0x9c, 0x00, 0x00, 0x00, 0x74, 0xc6, 0xff, 0xff, 0x08, 0x00, 0x00, 0x00,
  0x14, 0x00, 0x00, 0x00, 0x01, 0x00, 0x00, 0x00, 0xf0, 0xff, 0xff, 0xff,
  0xff, 0xff, 0xff, 0xff, 0x00, 0x00, 0x00, 0x00, 0x01, 0x00, 0x00, 0x00,
  0x8f, 0x7e, 0xa4, 0x3f, 0x6f, 0x00, 0x00, 0x00, 0x6d, 0x6f, 0x64, 0x65,
  0x6c, 0x5f, 0x33, 0x30, 0x32, 0x2f, 0x74, 0x66, 0x2e, 0x73, 0x70, 0x6c,
  0x69, 0x74, 0x5f, 0x33, 0x2f, 0x73, 0x70, 0x6c, 0x69, 0x74, 0x3b, 0x6d,
  0x6f, 0x64, 0x65, 0x6c, 0x5f, 0x33, 0x30, 0x32, 0x2f, 0x74, 0x66, 0x2e,
  0x73, 0x70, 0x6c, 0x69, 0x74, 0x5f, 0x33, 0x2f, 0x73, 0x70, 0x6c, 0x69,
  0x74, 0x31, 0x3b, 0x6d, 0x6f, 0x64, 0x65, 0x6c, 0x5f, 0x33, 0x30, 0x32,
  0x2f, 0x74, 0x66, 0x2e, 0x73, 0x70, 0x6c, 0x69, 0x74, 0x5f, 0x33, 0x2f,
  0x73, 0x70, 0x6c, 0x69, 0x74, 0x32, 0x3b, 0x6d, 0x6f, 0x64, 0x65, 0x6c,
  0x5f, 0x33, 0x30, 0x32, 0x2f, 0x74, 0x66, 0x2e, 0x73, 0x70, 0x6c, 0x69,
  0x74, 0x5f, 0x33, 0x2f, 0x73, 0x70, 0x6c, 0x69, 0x74, 0x33, 0x31, 0x00,
  0x02, 0x00, 0x00, 0x00, 0x01, 0x00, 0x00, 0x00, 0x04, 0x00, 0x00, 0x00,
  0x4a, 0xc7, 0xff, 0xff, 0x00, 0x00, 0x00, 0x01, 0x14, 0x00, 0x00, 0x00,
  0x34, 0x00, 0x00, 0x00, 0x58, 0x00, 0x00, 0x00, 0x00, 0x00, 0x00, 0x09,
  0x9c, 0x00, 0x00, 0x00, 0x34, 0xc7, 0xff, 0xff, 0x08, 0x00, 0x00, 0x00,
  0x14, 0x00, 0x00, 0x00, 0x01, 0x00, 0x00, 0x00, 0xf0, 0xff, 0xff, 0xff,
  0xff, 0xff, 0xff, 0xff, 0x00, 0x00, 0x00, 0x00, 0x01, 0x00, 0x00, 0x00,
  0x8f, 0x7e, 0xa4, 0x3f, 0x6e, 0x00, 0x00, 0x00, 0x6d, 0x6f, 0x64, 0x65,
  0x6c, 0x5f, 0x33, 0x30, 0x32, 0x2f, 0x74, 0x66, 0x2e, 0x73, 0x70, 0x6c,
  0x69, 0x74, 0x5f, 0x33, 0x2f, 0x73, 0x70, 0x6c, 0x69, 0x74, 0x3b, 0x6d,
  0x6f, 0x64, 0x65, 0x6c, 0x5f, 0x33, 0x30, 0x32, 0x2f, 0x74, 0x66, 0x2e,
  0x73, 0x70, 0x6c, 0x69, 0x74, 0x5f, 0x33, 0x2f, 0x73, 0x70, 0x6c, 0x69,
  0x74, 0x31, 0x3b, 0x6d, 0x6f, 0x64, 0x65, 0x6c, 0x5f, 0x33, 0x30, 0x32,
  0x2f, 0x74, 0x66, 0x2e, 0x73, 0x70, 0x6c, 0x69, 0x74, 0x5f, 0x33, 0x2f,
  0x73, 0x70, 0x6c, 0x69, 0x74, 0x32, 0x3b, 0x6d, 0x6f, 0x64, 0x65, 0x6c,
  0x5f, 0x33, 0x30, 0x32, 0x2f, 0x74, 0x66, 0x2e, 0x73, 0x70, 0x6c, 0x69,
  0x74, 0x5f, 0x33, 0x2f, 0x73, 0x70, 0x6c, 0x69, 0x74, 0x33, 0x00, 0x00,
  0x02, 0x00, 0x00, 0x00, 0x01, 0x00, 0x00, 0x00, 0x04, 0x00, 0x00, 0x00,
  0x0a, 0xc8, 0xff, 0xff, 0x00, 0x00, 0x00, 0x01, 0x14, 0x00, 0x00, 0x00,
  0x34, 0x00, 0x00, 0x00, 0x57, 0x00, 0x00, 0x00, 0x00, 0x00, 0x00, 0x09,
  0x4c, 0x00, 0x00, 0x00, 0xf4, 0xc7, 0xff, 0xff, 0x08, 0x00, 0x00, 0x00,
  0x14, 0x00, 0x00, 0x00, 0x01, 0x00, 0x00, 0x00, 0xf0, 0xff, 0xff, 0xff,
  0xff, 0xff, 0xff, 0xff, 0x00, 0x00, 0x00, 0x00, 0x01, 0x00, 0x00, 0x00,
  0x8f, 0x7e, 0xa4, 0x3f, 0x1d, 0x00, 0x00, 0x00, 0x6d, 0x6f, 0x64, 0x65,
  0x6c, 0x5f, 0x33, 0x30, 0x32, 0x2f, 0x74, 0x66, 0x2e, 0x6d, 0x61, 0x74,
  0x68, 0x2e, 0x61, 0x64, 0x64, 0x5f, 0x34, 0x34, 0x39, 0x2f, 0x41, 0x64,
  0x64, 0x00, 0x00, 0x00, 0x02, 0x00, 0x00, 0x00, 0x01, 0x00, 0x00, 0x00,
  0x10, 0x00, 0x00, 0x00, 0x7a, 0xc8, 0xff, 0xff, 0x00, 0x00, 0x00, 0x01,
  0x14, 0x00, 0x00, 0x00, 0x34, 0x00, 0x00, 0x00, 0x56, 0x00, 0x00, 0x00,
  0x00, 0x00, 0x00, 0x09, 0x7c, 0x00, 0x00, 0x00, 0x64, 0xc8, 0xff, 0xff,
  0x08, 0x00, 0x00, 0x00, 0x14, 0x00, 0x00, 0x00, 0x01, 0x00, 0x00, 0x00,
  0xf0, 0xff, 0xff, 0xff, 0xff, 0xff, 0xff, 0xff, 0x00, 0x00, 0x00, 0x00,
  0x01, 0x00, 0x00, 0x00, 0x09, 0xa4, 0xa2, 0x3f, 0x4d, 0x00, 0x00, 0x00,
  0x6d, 0x6f, 0x64, 0x65, 0x6c, 0x5f, 0x33, 0x30, 0x32, 0x2f, 0x74, 0x66,
  0x2e, 0x6c, 0x69, 0x6e, 0x61, 0x6c, 0x67, 0x2e, 0x6d, 0x61, 0x74, 0x6d,
  0x75, 0x6c, 0x5f, 0x38, 0x34, 0x2f, 0x4d, 0x61, 0x74, 0x4d, 0x75, 0x6c,
  0x3b, 0x6d, 0x6f, 0x64, 0x65, 0x6c, 0x5f, 0x33, 0x30, 0x32, 0x2f, 0x74,
  0x66, 0x2e, 0x5f, 0x5f, 0x6f, 0x70, 0x65, 0x72, 0x61, 0x74, 0x6f, 0x72,
  0x73, 0x5f, 0x5f, 0x2e, 0x61, 0x64, 0x64, 0x5f, 0x33, 0x31, 0x32, 0x2f,
  0x41, 0x64, 0x64, 0x56, 0x32, 0x00, 0x00, 0x00, 0x02, 0x00, 0x00, 0x00,
  0x01, 0x00, 0x00, 0x00, 0x10, 0x00, 0x00, 0x00, 0x1a, 0xc9, 0xff, 0xff,
  0x00, 0x00, 0x00, 0x01, 0x14, 0x00, 0x00, 0x00, 0x30, 0x00, 0x00, 0x00,
  0x55, 0x00, 0x00, 0x00, 0x00, 0x00, 0x00, 0x09, 0x54, 0x00, 0x00, 0x00,
  0x04, 0xc9, 0xff, 0xff, 0x08, 0x00, 0x00, 0x00, 0x10, 0x00, 0x00, 0x00,
  0x01, 0x00, 0x00, 0x00, 0x80, 0xff, 0xff, 0xff, 0xff, 0xff, 0xff, 0xff,
  0x01, 0x00, 0x00, 0x00, 0x07, 0x07, 0x81, 0x3f, 0x29, 0x00, 0x00, 0x00,
  0x6d, 0x6f, 0x64, 0x65, 0x6c, 0x5f, 0x33, 0x30, 0x32, 0x2f, 0x74, 0x66,
  0x2e, 0x63, 0x6f, 0x6d, 0x70, 0x61, 0x74, 0x2e, 0x76, 0x31, 0x2e, 0x67,
  0x61, 0x74, 0x68, 0x65, 0x72, 0x5f, 0x33, 0x2f, 0x47, 0x61, 0x74, 0x68,
  0x65, 0x72, 0x56, 0x32, 0x3b, 0x00, 0x00, 0x00, 0x02, 0x00, 0x00, 0x00,
  0x01, 0x00, 0x00, 0x00, 0x10, 0x00, 0x00, 0x00, 0x92, 0xc9, 0xff, 0xff,
  0x00, 0x00, 0x00, 0x01, 0x14, 0x00, 0x00, 0x00, 0x34, 0x00, 0x00, 0x00,
  0x54, 0x00, 0x00, 0x00, 0x00, 0x00, 0x00, 0x09, 0x7c, 0x00, 0x00, 0x00,
  0x7c, 0xc9, 0xff, 0xff, 0x08, 0x00, 0x00, 0x00, 0x14, 0x00, 0x00, 0x00,
  0x01, 0x00, 0x00, 0x00, 0xf0, 0xff, 0xff, 0xff, 0xff, 0xff, 0xff, 0xff,
  0x00, 0x00, 0x00, 0x00, 0x01, 0x00, 0x00, 0x00, 0x8f, 0x7e, 0xa4, 0x3f,
  0x4d, 0x00, 0x00, 0x00, 0x6d, 0x6f, 0x64, 0x65, 0x6c, 0x5f, 0x33, 0x30,
  0x32, 0x2f, 0x74, 0x66, 0x2e, 0x6c, 0x69, 0x6e, 0x61, 0x6c, 0x67, 0x2e,
  0x6d, 0x61, 0x74, 0x6d, 0x75, 0x6c, 0x5f, 0x39, 0x31, 0x2f, 0x4d, 0x61,
  0x74, 0x4d, 0x75, 0x6c, 0x3b, 0x6d, 0x6f, 0x64, 0x65, 0x6c, 0x5f, 0x33,
  0x30, 0x32, 0x2f, 0x74, 0x66, 0x2e, 0x5f, 0x5f, 0x6f, 0x70, 0x65, 0x72,
  0x61, 0x74, 0x6f, 0x72, 0x73, 0x5f, 0x5f, 0x2e, 0x61, 0x64, 0x64, 0x5f,
  0x33, 0x31, 0x39, 0x2f, 0x41, 0x64, 0x64, 0x56, 0x32, 0x00, 0x00, 0x00,
  0x02, 0x00, 0x00, 0x00, 0x01, 0x00, 0x00, 0x00, 0x10, 0x00, 0x00, 0x00,
  0x32, 0xca, 0xff, 0xff, 0x00, 0x00, 0x00, 0x01, 0x14, 0x00, 0x00, 0x00,
  0x30, 0x00, 0x00, 0x00, 0x53, 0x00, 0x00, 0x00, 0x00, 0x00, 0x00, 0x09,
  0x4c, 0x00, 0x00, 0x00, 0x1c, 0xca, 0xff, 0xff, 0x08, 0x00, 0x00, 0x00,
  0x10, 0x00, 0x00, 0x00, 0x01, 0x00, 0x00, 0x00, 0xff, 0xff, 0xff, 0xff,
  0xff, 0xff, 0xff, 0xff, 0x01, 0x00, 0x00, 0x00, 0xa6, 0xbb, 0xff, 0x3b,
  0x22, 0x00, 0x00, 0x00, 0x6d, 0x6f, 0x64, 0x65, 0x6c, 0x5f, 0x33, 0x30,
  0x32, 0x2f, 0x74, 0x66, 0x2e, 0x6d, 0x61, 0x74, 0x68, 0x2e, 0x6d, 0x75,
  0x6c, 0x74, 0x69, 0x70, 0x6c, 0x79, 0x5f, 0x33, 0x37, 0x30, 0x2f, 0x4d,
  0x75, 0x6c, 0x00, 0x00, 0x02, 0x00, 0x00, 0x00, 0x01, 0x00, 0x00, 0x00,
  0x04, 0x00, 0x00, 0x00, 0xa2, 0xca, 0xff, 0xff, 0x00, 0x00, 0x00, 0x01,
  0x14, 0x00, 0x00, 0x00, 0x34, 0x00, 0x00, 0x00, 0x52, 0x00, 0x00, 0x00,
  0x00, 0x00, 0x00, 0x09, 0x4c, 0x00, 0x00, 0x00, 0x8c, 0xca, 0xff, 0xff,
  0x08, 0x00, 0x00, 0x00, 0x14, 0x00, 0x00, 0x00, 0x01, 0x00, 0x00, 0x00,
  0x00, 0x00, 0x00, 0x00, 0x00, 0x00, 0x00, 0x00, 0x00, 0x00, 0x00, 0x00,
  0x01, 0x00, 0x00, 0x00, 0x00, 0x00, 0x00, 0x3c, 0x1d, 0x00, 0x00, 0x00,
  0x6d, 0x6f, 0x64, 0x65, 0x6c, 0x5f, 0x33, 0x30, 0x32, 0x2f, 0x74, 0x66,
  0x2e, 0x6d, 0x61, 0x74, 0x68, 0x2e, 0x74, 0x61, 0x6e, 0x68, 0x5f, 0x35,
  0x2f, 0x54, 0x61, 0x6e, 0x68, 0x00, 0x00, 0x00, 0x02, 0x00, 0x00, 0x00,
  0x01, 0x00, 0x00, 0x00, 0x04, 0x00, 0x00, 0x00, 0x12, 0xcb, 0xff, 0xff,
  0x00, 0x00, 0x00, 0x01, 0x14, 0x00, 0x00, 0x00, 0x34, 0x00, 0x00, 0x00,
  0x51, 0x00, 0x00, 0x00, 0x00, 0x00, 0x00, 0x09, 0x4c, 0x00, 0x00, 0x00,
  0xfc, 0xca, 0xff, 0xff, 0x08, 0x00, 0x00, 0x00, 0x14, 0x00, 0x00, 0x00,
  0x01, 0x00, 0x00, 0x00, 0xff, 0xff, 0xff, 0xff, 0xff, 0xff, 0xff, 0xff,
  0x00, 0x00, 0x00, 0x00, 0x01, 0x00, 0x00, 0x00, 0xc1, 0xc0, 0xc0, 0x3c,
  0x1d, 0x00, 0x00, 0x00, 0x6d, 0x6f, 0x64, 0x65, 0x6c, 0x5f, 0x33, 0x30,
  0x32, 0x2f, 0x74, 0x66, 0x2e, 0x6d, 0x61, 0x74, 0x68, 0x2e, 0x61, 0x64,
  0x64, 0x5f, 0x34, 0x34, 0x38, 0x2f, 0x41, 0x64, 0x64, 0x00, 0x00, 0x00,
  0x02, 0x00, 0x00, 0x00, 0x01, 0x00, 0x00, 0x00, 0x04, 0x00, 0x00, 0x00,
  0x82, 0xcb, 0xff, 0xff, 0x00, 0x00, 0x00, 0x01, 0x14, 0x00, 0x00, 0x00,
  0x30, 0x00, 0x00, 0x00, 0x50, 0x00, 0x00, 0x00, 0x00, 0x00, 0x00, 0x09,
  0x4c, 0x00, 0x00, 0x00, 0x6c, 0xcb, 0xff, 0xff, 0x08, 0x00, 0x00, 0x00,
  0x10, 0x00, 0x00, 0x00, 0x01, 0x00, 0x00, 0x00, 0xff, 0xff, 0xff, 0xff,
  0xff, 0xff, 0xff, 0xff, 0x01, 0x00, 0x00, 0x00, 0x81, 0x80, 0x00, 0x3c,
  0x22, 0x00, 0x00, 0x00, 0x6d, 0x6f, 0x64, 0x65, 0x6c, 0x5f, 0x33, 0x30,
  0x32, 0x2f, 0x74, 0x66, 0x2e, 0x6d, 0x61, 0x74, 0x68, 0x2e, 0x6d, 0x75,
  0x6c, 0x74, 0x69, 0x70, 0x6c, 0x79, 0x5f, 0x33, 0x36, 0x33, 0x2f, 0x4d,
  0x75, 0x6c, 0x00, 0x00, 0x02, 0x00, 0x00, 0x00, 0x01, 0x00, 0x00, 0x00,
  0x04, 0x00, 0x00, 0x00, 0xf2, 0xcb, 0xff, 0xff, 0x00, 0x00, 0x00, 0x01,
  0x14, 0x00, 0x00, 0x00, 0x34, 0x00, 0x00, 0x00, 0x4f, 0x00, 0x00, 0x00,
  0x00, 0x00, 0x00, 0x09, 0x4c, 0x00, 0x00, 0x00, 0xdc, 0xcb, 0xff, 0xff,
  0x08, 0x00, 0x00, 0x00, 0x14, 0x00, 0x00, 0x00, 0x01, 0x00, 0x00, 0x00,
  0x00, 0x00, 0x00, 0x00, 0x00, 0x00, 0x00, 0x00, 0x00, 0x00, 0x00, 0x00,
  0x01, 0x00, 0x00, 0x00, 0x00, 0x00, 0x00, 0x3c, 0x1d, 0x00, 0x00, 0x00,
  0x6d, 0x6f, 0x64, 0x65, 0x6c, 0x5f, 0x33, 0x30, 0x32, 0x2f, 0x74, 0x66,
  0x2e, 0x6d, 0x61, 0x74, 0x68, 0x2e, 0x74, 0x61, 0x6e, 0x68, 0x5f, 0x34,
  0x2f, 0x54, 0x61, 0x6e, 0x68, 0x00, 0x00, 0x00, 0x02, 0x00, 0x00, 0x00,
  0x01, 0x00, 0x00, 0x00, 0x04, 0x00, 0x00, 0x00, 0x62, 0xcc, 0xff, 0xff,
  0x00, 0x00, 0x00, 0x01, 0x14, 0x00, 0x00, 0x00, 0x30, 0x00, 0x00, 0x00,
  0x4e, 0x00, 0x00, 0x00, 0x00, 0x00, 0x00, 0x09, 0x4c, 0x00, 0x00, 0x00,
  0x4c, 0xcc, 0xff, 0xff, 0x08, 0x00, 0x00, 0x00, 0x10, 0x00, 0x00, 0x00,
  0x01, 0x00, 0x00, 0x00, 0x80, 0xff, 0xff, 0xff, 0xff, 0xff, 0xff, 0xff,
  0x01, 0x00, 0x00, 0x00, 0x00, 0x00, 0x80, 0x3b, 0x23, 0x00, 0x00, 0x00,
  0x6d, 0x6f, 0x64, 0x65, 0x6c, 0x5f, 0x33, 0x30, 0x32, 0x2f, 0x74, 0x66,
  0x2e, 0x6d, 0x61, 0x74, 0x68, 0x2e, 0x73, 0x69, 0x67, 0x6d, 0x6f, 0x69,
  0x64, 0x5f, 0x38, 0x2f, 0x53, 0x69, 0x67, 0x6d, 0x6f, 0x69, 0x64, 0x00,
  0x02, 0x00, 0x00, 0x00, 0x01, 0x00, 0x00, 0x00, 0x04, 0x00, 0x00, 0x00,
  0xd2, 0xcc, 0xff, 0xff, 0x00, 0x00, 0x00, 0x01, 0x14, 0x00, 0x00, 0x00,
  0x30, 0x00, 0x00, 0x00, 0x4d, 0x00, 0x00, 0x00, 0x00, 0x00, 0x00, 0x09,
  0x4c, 0x00, 0x00, 0x00, 0xbc, 0xcc, 0xff, 0xff, 0x08, 0x00, 0x00, 0x00,
  0x10, 0x00, 0x00, 0x00, 0x01, 0x00, 0x00, 0x00, 0xff, 0xff, 0xff, 0xff,
  0xff, 0xff, 0xff, 0xff, 0x01, 0x00, 0x00, 0x00, 0xc1, 0xc0, 0xc0, 0x3c,
  0x22, 0x00, 0x00, 0x00, 0x6d, 0x6f, 0x64, 0x65, 0x6c, 0x5f, 0x33, 0x30,
  0x32, 0x2f, 0x74, 0x66, 0x2e, 0x6d, 0x61, 0x74, 0x68, 0x2e, 0x6d, 0x75,
  0x6c, 0x74, 0x69, 0x70, 0x6c, 0x79, 0x5f, 0x33, 0x35, 0x39, 0x2f, 0x4d,
  0x75, 0x6c, 0x00, 0x00, 0x02, 0x00, 0x00, 0x00, 0x01, 0x00, 0x00, 0x00,
  0x04, 0x00, 0x00, 0x00, 0x42, 0xcd, 0xff, 0xff, 0x00, 0x00, 0x00, 0x01,
  0x14, 0x00, 0x00, 0x00, 0x30, 0x00, 0x00, 0x00, 0x4c, 0x00, 0x00, 0x00,
  0x00, 0x00, 0x00, 0x09, 0x4c, 0x00, 0x00, 0x00, 0x2c, 0xcd, 0xff, 0xff,
  0x08, 0x00, 0x00, 0x00, 0x10, 0x00, 0x00, 0x00, 0x01, 0x00, 0x00, 0x00,
  0x80, 0xff, 0xff, 0xff, 0xff, 0xff, 0xff, 0xff, 0x01, 0x00, 0x00, 0x00,
  0x00, 0x00, 0x80, 0x3b, 0x23, 0x00, 0x00, 0x00, 0x6d, 0x6f, 0x64, 0x65,
  0x6c, 0x5f, 0x33, 0x30, 0x32, 0x2f, 0x74, 0x66, 0x2e, 0x6d, 0x61, 0x74,
  0x68, 0x2e, 0x73, 0x69, 0x67, 0x6d, 0x6f, 0x69, 0x64, 0x5f, 0x37, 0x2f,
  0x53, 0x69, 0x67, 0x6d, 0x6f, 0x69, 0x64, 0x00, 0x02, 0x00, 0x00, 0x00,
  0x01, 0x00, 0x00, 0x00, 0x04, 0x00, 0x00, 0x00, 0xb2, 0xcd, 0xff, 0xff,
  0x00, 0x00, 0x00, 0x01, 0x14, 0x00, 0x00, 0x00, 0x30, 0x00, 0x00, 0x00,
  0x4b, 0x00, 0x00, 0x00, 0x00, 0x00, 0x00, 0x09, 0x4c, 0x00, 0x00, 0x00,
  0x9c, 0xcd, 0xff, 0xff, 0x08, 0x00, 0x00, 0x00, 0x10, 0x00, 0x00, 0x00,
  0x01, 0x00, 0x00, 0x00, 0x80, 0xff, 0xff, 0xff, 0xff, 0xff, 0xff, 0xff,
  0x01, 0x00, 0x00, 0x00, 0x00, 0x00, 0x80, 0x3b, 0x23, 0x00, 0x00, 0x00,
  0x6d, 0x6f, 0x64, 0x65, 0x6c, 0x5f, 0x33, 0x30, 0x32, 0x2f, 0x74, 0x66,
  0x2e, 0x6d, 0x61, 0x74, 0x68, 0x2e, 0x73, 0x69, 0x67, 0x6d, 0x6f, 0x69,
  0x64, 0x5f, 0x36, 0x2f, 0x53, 0x69, 0x67, 0x6d, 0x6f, 0x69, 0x64, 0x00,
  0x02, 0x00, 0x00, 0x00, 0x01, 0x00, 0x00, 0x00, 0x04, 0x00, 0x00, 0x00,
  0x22, 0xce, 0xff, 0xff, 0x00, 0x00, 0x00, 0x01, 0x14, 0x00, 0x00, 0x00,
  0x34, 0x00, 0x00, 0x00, 0x4a, 0x00, 0x00, 0x00, 0x00, 0x00, 0x00, 0x09,
  0x9c, 0x00, 0x00, 0x00, 0x0c, 0xce, 0xff, 0xff, 0x08, 0x00, 0x00, 0x00,
  0x14, 0x00, 0x00, 0x00, 0x01, 0x00, 0x00, 0x00, 0xf0, 0xff, 0xff, 0xff,
  0xff, 0xff, 0xff, 0xff, 0x00, 0x00, 0x00, 0x00, 0x01, 0x00, 0x00, 0x00,
  0xe0, 0x74, 0xa4, 0x3f, 0x6f, 0x00, 0x00, 0x00, 0x6d, 0x6f, 0x64, 0x65,
  0x6c, 0x5f, 0x33, 0x30, 0x32, 0x2f, 0x74, 0x66, 0x2e, 0x73, 0x70, 0x6c,
  0x69, 0x74, 0x5f, 0x32, 0x2f, 0x73, 0x70, 0x6c, 0x69, 0x74, 0x3b, 0x6d,
  0x6f, 0x64, 0x65, 0x6c, 0x5f, 0x33, 0x30, 0x32, 0x2f, 0x74, 0x66, 0x2e,
  0x73, 0x70, 0x6c, 0x69, 0x74, 0x5f, 0x32, 0x2f, 0x73, 0x70, 0x6c, 0x69,
  0x74, 0x31, 0x3b, 0x6d, 0x6f, 0x64, 0x65, 0x6c, 0x5f, 0x33, 0x30, 0x32,
  0x2f, 0x74, 0x66, 0x2e, 0x73, 0x70, 0x6c, 0x69, 0x74, 0x5f, 0x32, 0x2f,
  0x73, 0x70, 0x6c, 0x69, 0x74, 0x32, 0x3b, 0x6d, 0x6f, 0x64, 0x65, 0x6c,
  0x5f, 0x33, 0x30, 0x32, 0x2f, 0x74, 0x66, 0x2e, 0x73, 0x70, 0x6c, 0x69,
  0x74, 0x5f, 0x32, 0x2f, 0x73, 0x70, 0x6c, 0x69, 0x74, 0x33, 0x33, 0x00,
  0x02, 0x00, 0x00, 0x00, 0x01, 0x00, 0x00, 0x00, 0x04, 0x00, 0x00, 0x00,
  0xe2, 0xce, 0xff, 0xff, 0x00, 0x00, 0x00, 0x01, 0x14, 0x00, 0x00, 0x00,
  0x34, 0x00, 0x00, 0x00, 0x49, 0x00, 0x00, 0x00, 0x00, 0x00, 0x00, 0x09,
  0x9c, 0x00, 0x00, 0x00, 0xcc, 0xce, 0xff, 0xff, 0x08, 0x00, 0x00, 0x00,
  0x14, 0x00, 0x00, 0x00, 0x01, 0x00, 0x00, 0x00, 0xf0, 0xff, 0xff, 0xff,
  0xff, 0xff, 0xff, 0xff, 0x00, 0x00, 0x00, 0x00, 0x01, 0x00, 0x00, 0x00,
  0xe0, 0x74, 0xa4, 0x3f, 0x6f, 0x00, 0x00, 0x00, 0x6d, 0x6f, 0x64, 0x65,
  0x6c, 0x5f, 0x33, 0x30, 0x32, 0x2f, 0x74, 0x66, 0x2e, 0x73, 0x70, 0x6c,
  0x69, 0x74, 0x5f, 0x32, 0x2f, 0x73, 0x70, 0x6c, 0x69, 0x74, 0x3b, 0x6d,
  0x6f, 0x64, 0x65, 0x6c, 0x5f, 0x33, 0x30, 0x32, 0x2f, 0x74, 0x66, 0x2e,
  0x73, 0x70, 0x6c, 0x69, 0x74, 0x5f, 0x32, 0x2f, 0x73, 0x70, 0x6c, 0x69,
  0x74, 0x31, 0x3b, 0x6d, 0x6f, 0x64, 0x65, 0x6c, 0x5f, 0x33, 0x30, 0x32,
  0x2f, 0x74, 0x66, 0x2e, 0x73, 0x70, 0x6c, 0x69, 0x74, 0x5f, 0x32, 0x2f,
  0x73, 0x70, 0x6c, 0x69, 0x74, 0x32, 0x3b, 0x6d, 0x6f, 0x64, 0x65, 0x6c,
  0x5f, 0x33, 0x30, 0x32, 0x2f, 0x74, 0x66, 0x2e, 0x73, 0x70, 0x6c, 0x69,
  0x74, 0x5f, 0x32, 0x2f, 0x73, 0x70, 0x6c, 0x69, 0x74, 0x33, 0x32, 0x00,
  0x02, 0x00, 0x00, 0x00, 0x01, 0x00, 0x00, 0x00, 0x04, 0x00, 0x00, 0x00,
  0xa2, 0xcf, 0xff, 0xff, 0x00, 0x00, 0x00, 0x01, 0x14, 0x00, 0x00, 0x00,
  0x34, 0x00, 0x00, 0x00, 0x48, 0x00, 0x00, 0x00, 0x00, 0x00, 0x00, 0x09,
  0x9c, 0x00, 0x00, 0x00, 0x8c, 0xcf, 0xff, 0xff, 0x08, 0x00, 0x00, 0x00,
  0x14, 0x00, 0x00, 0x00, 0x01, 0x00, 0x00, 0x00, 0xf0, 0xff, 0xff, 0xff,
  0xff, 0xff, 0xff, 0xff, 0x00, 0x00, 0x00, 0x00, 0x01, 0x00, 0x00, 0x00,
  0xe0, 0x74, 0xa4, 0x3f, 0x6f, 0x00, 0x00, 0x00, 0x6d, 0x6f, 0x64, 0x65,
  0x6c, 0x5f, 0x33, 0x30, 0x32, 0x2f, 0x74, 0x66, 0x2e, 0x73, 0x70, 0x6c,
  0x69, 0x74, 0x5f, 0x32, 0x2f, 0x73, 0x70, 0x6c, 0x69, 0x74, 0x3b, 0x6d,
  0x6f, 0x64, 0x65, 0x6c, 0x5f, 0x33, 0x30, 0x32, 0x2f, 0x74, 0x66, 0x2e,
  0x73, 0x70, 0x6c, 0x69, 0x74, 0x5f, 0x32, 0x2f, 0x73, 0x70, 0x6c, 0x69,
  0x74, 0x31, 0x3b, 0x6d, 0x6f, 0x64, 0x65, 0x6c, 0x5f, 0x33, 0x30, 0x32,
  0x2f, 0x74, 0x66, 0x2e, 0x73, 0x70, 0x6c, 0x69, 0x74, 0x5f, 0x32, 0x2f,
  0x73, 0x70, 0x6c, 0x69, 0x74, 0x32, 0x3b, 0x6d, 0x6f, 0x64, 0x65, 0x6c,
  0x5f, 0x33, 0x30, 0x32, 0x2f, 0x74, 0x66, 0x2e, 0x73, 0x70, 0x6c, 0x69,
  0x74, 0x5f, 0x32, 0x2f, 0x73, 0x70, 0x6c, 0x69, 0x74, 0x33, 0x31, 0x00,
  0x02, 0x00, 0x00, 0x00, 0x01, 0x00, 0x00, 0x00, 0x04, 0x00, 0x00, 0x00,
  0x62, 0xd0, 0xff, 0xff, 0x00, 0x00, 0x00, 0x01, 0x14, 0x00, 0x00, 0x00,
  0x34, 0x00, 0x00, 0x00, 0x47, 0x00, 0x00, 0x00, 0x00, 0x00, 0x00, 0x09,
  0x9c, 0x00, 0x00, 0x00, 0x4c, 0xd0, 0xff, 0xff, 0x08, 0x00, 0x00, 0x00,
  0x14, 0x00, 0x00, 0x00, 0x01, 0x00, 0x00, 0x00, 0xf0, 0xff, 0xff, 0xff,
  0xff, 0xff, 0xff, 0xff, 0x00, 0x00, 0x00, 0x00, 0x01, 0x00, 0x00, 0x00,
  0xe0, 0x74, 0xa4, 0x3f, 0x6e, 0x00, 0x00, 0x00, 0x6d, 0x6f, 0x64, 0x65,
  0x6c, 0x5f, 0x33, 0x30, 0x32, 0x2f, 0x74, 0x66, 0x2e, 0x73, 0x70, 0x6c,
  0x69, 0x74, 0x5f, 0x32, 0x2f, 0x73, 0x70, 0x6c, 0x69, 0x74, 0x3b, 0x6d,
  0x6f, 0x64, 0x65, 0x6c, 0x5f, 0x33, 0x30, 0x32, 0x2f, 0x74, 0x66, 0x2e,
  0x73, 0x70, 0x6c, 0x69, 0x74, 0x5f, 0x32, 0x2f, 0x73, 0x70, 0x6c, 0x69,
  0x74, 0x31, 0x3b, 0x6d, 0x6f, 0x64, 0x65, 0x6c, 0x5f, 0x33, 0x30, 0x32,
  0x2f, 0x74, 0x66, 0x2e, 0x73, 0x70, 0x6c, 0x69, 0x74, 0x5f, 0x32, 0x2f,
  0x73, 0x70, 0x6c, 0x69, 0x74, 0x32, 0x3b, 0x6d, 0x6f, 0x64, 0x65, 0x6c,
  0x5f, 0x33, 0x30, 0x32, 0x2f, 0x74, 0x66, 0x2e, 0x73, 0x70, 0x6c, 0x69,
  0x74, 0x5f, 0x32, 0x2f, 0x73, 0x70, 0x6c, 0x69, 0x74, 0x33, 0x00, 0x00,
  0x02, 0x00, 0x00, 0x00, 0x01, 0x00, 0x00, 0x00, 0x04, 0x00, 0x00, 0x00,
  0x22, 0xd1, 0xff, 0xff, 0x00, 0x00, 0x00, 0x01, 0x14, 0x00, 0x00, 0x00,
  0x34, 0x00, 0x00, 0x00, 0x46, 0x00, 0x00, 0x00, 0x00, 0x00, 0x00, 0x09,
  0x4c, 0x00, 0x00, 0x00, 0x0c, 0xd1, 0xff, 0xff, 0x08, 0x00, 0x00, 0x00,
  0x14, 0x00, 0x00, 0x00, 0x01, 0x00, 0x00, 0x00, 0xf0, 0xff, 0xff, 0xff,
  0xff, 0xff, 0xff, 0xff, 0x00, 0x00, 0x00, 0x00, 0x01, 0x00, 0x00, 0x00,
  0xe0, 0x74, 0xa4, 0x3f, 0x1d, 0x00, 0x00, 0x00, 0x6d, 0x6f, 0x64, 0x65,
  0x6c, 0x5f, 0x33, 0x30, 0x32, 0x2f, 0x74, 0x66, 0x2e, 0x6d, 0x61, 0x74,
  0x68, 0x2e, 0x61, 0x64, 0x64, 0x5f, 0x34, 0x34, 0x37, 0x2f, 0x41, 0x64,
  0x64, 0x00, 0x00, 0x00, 0x02, 0x00, 0x00, 0x00, 0x01, 0x00, 0x00, 0x00,
  0x10, 0x00, 0x00, 0x00, 0x92, 0xd1, 0xff, 0xff, 0x00, 0x00, 0x00, 0x01,
  0x14, 0x00, 0x00, 0x00, 0x34, 0x00, 0x00, 0x00, 0x45, 0x00, 0x00, 0x00,
  0x00, 0x00, 0x00, 0x09, 0x7c, 0x00, 0x00, 0x00, 0x7c, 0xd1, 0xff, 0xff,
  0x08, 0x00, 0x00, 0x00, 0x14, 0x00, 0x00, 0x00, 0x01, 0x00, 0x00, 0x00,
  0xf0, 0xff, 0xff, 0xff, 0xff, 0xff, 0xff, 0xff, 0x00, 0x00, 0x00, 0x00,
  0x01, 0x00, 0x00, 0x00, 0x09, 0xa4, 0xa2, 0x3f, 0x4d, 0x00, 0x00, 0x00,
  0x6d, 0x6f, 0x64, 0x65, 0x6c, 0x5f, 0x33, 0x30, 0x32, 0x2f, 0x74, 0x66,
  0x2e, 0x6c, 0x69, 0x6e, 0x61, 0x6c, 0x67, 0x2e, 0x6d, 0x61, 0x74, 0x6d,
  0x75, 0x6c, 0x5f, 0x38, 0x33, 0x2f, 0x4d, 0x61, 0x74, 0x4d, 0x75, 0x6c,
  0x3b, 0x6d, 0x6f, 0x64, 0x65, 0x6c, 0x5f, 0x33, 0x30, 0x32, 0x2f, 0x74,
  0x66, 0x2e, 0x5f, 0x5f, 0x6f, 0x70, 0x65, 0x72, 0x61, 0x74, 0x6f, 0x72,
  0x73, 0x5f, 0x5f, 0x2e, 0x61, 0x64, 0x64, 0x5f, 0x33, 0x31, 0x31, 0x2f,
  0x41, 0x64, 0x64, 0x56, 0x32, 0x00, 0x00, 0x00, 0x02, 0x00, 0x00, 0x00,
  0x01, 0x00, 0x00, 0x00, 0x10, 0x00, 0x00, 0x00, 0x32, 0xd2, 0xff, 0xff,
  0x00, 0x00, 0x00, 0x01, 0x14, 0x00, 0x00, 0x00, 0x30, 0x00, 0x00, 0x00,
  0x44, 0x00, 0x00, 0x00, 0x00, 0x00, 0x00, 0x09, 0x54, 0x00, 0x00, 0x00,
  0x1c, 0xd2, 0xff, 0xff, 0x08, 0x00, 0x00, 0x00, 0x10, 0x00, 0x00, 0x00,
  0x01, 0x00, 0x00, 0x00, 0x80, 0xff, 0xff, 0xff, 0xff, 0xff, 0xff, 0xff,
  0x01, 0x00, 0x00, 0x00, 0x07, 0x07, 0x81, 0x3f, 0x29, 0x00, 0x00, 0x00,
  0x6d, 0x6f, 0x64, 0x65, 0x6c, 0x5f, 0x33, 0x30, 0x32, 0x2f, 0x74, 0x66,
  0x2e, 0x63, 0x6f, 0x6d, 0x70, 0x61, 0x74, 0x2e, 0x76, 0x31, 0x2e, 0x67,
  0x61, 0x74, 0x68, 0x65, 0x72, 0x5f, 0x32, 0x2f, 0x47, 0x61, 0x74, 0x68,
  0x65, 0x72, 0x56, 0x32, 0x3b, 0x00, 0x00, 0x00, 0x02, 0x00, 0x00, 0x00,
  0x01, 0x00, 0x00, 0x00, 0x10, 0x00, 0x00, 0x00, 0xaa, 0xd2, 0xff, 0xff,
  0x00, 0x00, 0x00, 0x01, 0x14, 0x00, 0x00, 0x00, 0x34, 0x00, 0x00, 0x00,
  0x43, 0x00, 0x00, 0x00, 0x00, 0x00, 0x00, 0x09, 0x7c, 0x00, 0x00, 0x00,
  0x94, 0xd2, 0xff, 0xff, 0x08, 0x00, 0x00, 0x00, 0x14, 0x00, 0x00, 0x00,
  0x01, 0x00, 0x00, 0x00, 0xf0, 0xff, 0xff, 0xff, 0xff, 0xff, 0xff, 0xff,
  0x00, 0x00, 0x00, 0x00, 0x01, 0x00, 0x00, 0x00, 0xe0, 0x74, 0xa4, 0x3f,
  0x4d, 0x00, 0x00, 0x00, 0x6d, 0x6f, 0x64, 0x65, 0x6c, 0x5f, 0x33, 0x30,
  0x32, 0x2f, 0x74, 0x66, 0x2e, 0x6c, 0x69, 0x6e, 0x61, 0x6c, 0x67, 0x2e,
  0x6d, 0x61, 0x74, 0x6d, 0x75, 0x6c, 0x5f, 0x39, 0x30, 0x2f, 0x4d, 0x61,
  0x74, 0x4d, 0x75, 0x6c, 0x3b, 0x6d, 0x6f, 0x64, 0x65, 0x6c, 0x5f, 0x33,
  0x30, 0x32, 0x2f, 0x74, 0x66, 0x2e, 0x5f, 0x5f, 0x6f, 0x70, 0x65, 0x72,
  0x61, 0x74, 0x6f, 0x72, 0x73, 0x5f, 0x5f, 0x2e, 0x61, 0x64, 0x64, 0x5f,
  0x33, 0x31, 0x38, 0x2f, 0x41, 0x64, 0x64, 0x56, 0x32, 0x00, 0x00, 0x00,
  0x02, 0x00, 0x00, 0x00, 0x01, 0x00, 0x00, 0x00, 0x10, 0x00, 0x00, 0x00,
  0x4a, 0xd3, 0xff, 0xff, 0x00, 0x00, 0x00, 0x01, 0x14, 0x00, 0x00, 0x00,
  0x30, 0x00, 0x00, 0x00, 0x42, 0x00, 0x00, 0x00, 0x00, 0x00, 0x00, 0x09,
  0x4c, 0x00, 0x00, 0x00, 0x34, 0xd3, 0xff, 0xff, 0x08, 0x00, 0x00, 0x00,
  0x10, 0x00, 0x00, 0x00, 0x01, 0x00, 0x00, 0x00, 0x00, 0x00, 0x00, 0x00,
  0x00, 0x00, 0x00, 0x00, 0x01, 0x00, 0x00, 0x00, 0x45, 0xc2, 0xf7, 0x3b,
  0x22, 0x00, 0x00, 0x00, 0x6d, 0x6f, 0x64, 0x65, 0x6c, 0x5f, 0x33, 0x30,
  0x32, 0x2f, 0x74, 0x66, 0x2e, 0x6d, 0x61, 0x74, 0x68, 0x2e, 0x6d, 0x75,
  0x6c, 0x74, 0x69, 0x70, 0x6c, 0x79, 0x5f, 0x33, 0x35, 0x31, 0x2f, 0x4d,
  0x75, 0x6c, 0x00, 0x00, 0x02, 0x00, 0x00, 0x00, 0x01, 0x00, 0x00, 0x00,
  0x04, 0x00, 0x00, 0x00, 0xba, 0xd3, 0xff, 0xff, 0x00, 0x00, 0x00, 0x01,
  0x14, 0x00, 0x00, 0x00, 0x34, 0x00, 0x00, 0x00, 0x41, 0x00, 0x00, 0x00,
  0x00, 0x00, 0x00, 0x09, 0x4c, 0x00, 0x00, 0x00, 0xa4, 0xd3, 0xff, 0xff,
  0x08, 0x00, 0x00, 0x00, 0x14, 0x00, 0x00, 0x00, 0x01, 0x00, 0x00, 0x00,
  0x00, 0x00, 0x00, 0x00, 0x00, 0x00, 0x00, 0x00, 0x00, 0x00, 0x00, 0x00,
  0x01, 0x00, 0x00, 0x00, 0x00, 0x00, 0x00, 0x3c, 0x1d, 0x00, 0x00, 0x00,
  0x6d, 0x6f, 0x64, 0x65, 0x6c, 0x5f, 0x33, 0x30, 0x32, 0x2f, 0x74, 0x66,
  0x2e, 0x6d, 0x61, 0x74, 0x68, 0x2e, 0x74, 0x61, 0x6e, 0x68, 0x5f, 0x33,
  0x2f, 0x54, 0x61, 0x6e, 0x68, 0x00, 0x00, 0x00, 0x02, 0x00, 0x00, 0x00,
  0x01, 0x00, 0x00, 0x00, 0x04, 0x00, 0x00, 0x00, 0x2a, 0xd4, 0xff, 0xff,
  0x00, 0x00, 0x00, 0x01, 0x14, 0x00, 0x00, 0x00, 0x34, 0x00, 0x00, 0x00,
  0x40, 0x00, 0x00, 0x00, 0x00, 0x00, 0x00, 0x09, 0x4c, 0x00, 0x00, 0x00,
  0x14, 0xd4, 0xff, 0xff, 0x08, 0x00, 0x00, 0x00, 0x14, 0x00, 0x00, 0x00,
  0x01, 0x00, 0x00, 0x00, 0xff, 0xff, 0xff, 0xff, 0xff, 0xff, 0xff, 0xff,
  0x00, 0x00, 0x00, 0x00, 0x01, 0x00, 0x00, 0x00, 0x81, 0x80, 0x80, 0x3c,
  0x1d, 0x00, 0x00, 0x00, 0x6d, 0x6f, 0x64, 0x65, 0x6c, 0x5f, 0x33, 0x30,
  0x32, 0x2f, 0x74, 0x66, 0x2e, 0x6d, 0x61, 0x74, 0x68, 0x2e, 0x61, 0x64,
  0x64, 0x5f, 0x34, 0x34, 0x36, 0x2f, 0x41, 0x64, 0x64, 0x00, 0x00, 0x00,
  0x02, 0x00, 0x00, 0x00, 0x01, 0x00, 0x00, 0x00, 0x04, 0x00, 0x00, 0x00,
  0x9a, 0xd4, 0xff, 0xff, 0x00, 0x00, 0x00, 0x01, 0x14, 0x00, 0x00, 0x00,
  0x30, 0x00, 0x00, 0x00, 0x3f, 0x00, 0x00, 0x00, 0x00, 0x00, 0x00, 0x09,
  0x4c, 0x00, 0x00, 0x00, 0x84, 0xd4, 0xff, 0xff, 0x08, 0x00, 0x00, 0x00,
  0x10, 0x00, 0x00, 0x00, 0x01, 0x00, 0x00, 0x00, 0xff, 0xff, 0xff, 0xff,
  0xff, 0xff, 0xff, 0xff, 0x01, 0x00, 0x00, 0x00, 0x81, 0x80, 0x00, 0x3c,
  0x22, 0x00, 0x00, 0x00, 0x6d, 0x6f, 0x64, 0x65, 0x6c, 0x5f, 0x33, 0x30,
  0x32, 0x2f, 0x74, 0x66, 0x2e, 0x6d, 0x61, 0x74, 0x68, 0x2e, 0x6d, 0x75,
  0x6c, 0x74, 0x69, 0x70, 0x6c, 0x79, 0x5f, 0x33, 0x34, 0x34, 0x2f, 0x4d,
  0x75, 0x6c, 0x00, 0x00, 0x02, 0x00, 0x00, 0x00, 0x01, 0x00, 0x00, 0x00,
  0x04, 0x00, 0x00, 0x00, 0x0a, 0xd5, 0xff, 0xff, 0x00, 0x00, 0x00, 0x01,
  0x14, 0x00, 0x00, 0x00, 0x34, 0x00, 0x00, 0x00, 0x3e, 0x00, 0x00, 0x00,
  0x00, 0x00, 0x00, 0x09, 0x4c, 0x00, 0x00, 0x00, 0xf4, 0xd4, 0xff, 0xff,
  0x08, 0x00, 0x00, 0x00, 0x14, 0x00, 0x00, 0x00, 0x01, 0x00, 0x00, 0x00,
  0x00, 0x00, 0x00, 0x00, 0x00, 0x00, 0x00, 0x00, 0x00, 0x00, 0x00, 0x00,
  0x01, 0x00, 0x00, 0x00, 0x00, 0x00, 0x00, 0x3c, 0x1d, 0x00, 0x00, 0x00,
  0x6d, 0x6f, 0x64, 0x65, 0x6c, 0x5f, 0x33, 0x30, 0x32, 0x2f, 0x74, 0x66,
  0x2e, 0x6d, 0x61, 0x74, 0x68, 0x2e, 0x74, 0x61, 0x6e, 0x68, 0x5f, 0x32,
  0x2f, 0x54, 0x61, 0x6e, 0x68, 0x00, 0x00, 0x00, 0x02, 0x00, 0x00, 0x00,
  0x01, 0x00, 0x00, 0x00, 0x04, 0x00, 0x00, 0x00, 0x7a, 0xd5, 0xff, 0xff,
  0x00, 0x00, 0x00, 0x01, 0x14, 0x00, 0x00, 0x00, 0x30, 0x00, 0x00, 0x00,
  0x3d, 0x00, 0x00, 0x00, 0x00, 0x00, 0x00, 0x09, 0x4c, 0x00, 0x00, 0x00,
  0x64, 0xd5, 0xff, 0xff, 0x08, 0x00, 0x00, 0x00, 0x10, 0x00, 0x00, 0x00,
  0x01, 0x00, 0x00, 0x00, 0x80, 0xff, 0xff, 0xff, 0xff, 0xff, 0xff, 0xff,
  0x01, 0x00, 0x00, 0x00, 0x00, 0x00, 0x80, 0x3b, 0x23, 0x00, 0x00, 0x00,
  0x6d, 0x6f, 0x64, 0x65, 0x6c, 0x5f, 0x33, 0x30, 0x32, 0x2f, 0x74, 0x66,
  0x2e, 0x6d, 0x61, 0x74, 0x68, 0x2e, 0x73, 0x69, 0x67, 0x6d, 0x6f, 0x69,
  0x64, 0x5f, 0x35, 0x2f, 0x53, 0x69, 0x67, 0x6d, 0x6f, 0x69, 0x64, 0x00,
  0x02, 0x00, 0x00, 0x00, 0x01, 0x00, 0x00, 0x00, 0x04, 0x00, 0x00, 0x00,
  0xea, 0xd5, 0xff, 0xff, 0x00, 0x00, 0x00, 0x01, 0x14, 0x00, 0x00, 0x00,
  0x30, 0x00, 0x00, 0x00, 0x3c, 0x00, 0x00, 0x00, 0x00, 0x00, 0x00, 0x09,
  0x4c, 0x00, 0x00, 0x00, 0xd4, 0xd5, 0xff, 0xff, 0x08, 0x00, 0x00, 0x00,
  0x10, 0x00, 0x00, 0x00, 0x01, 0x00, 0x00, 0x00, 0xff, 0xff, 0xff, 0xff,
  0xff, 0xff, 0xff, 0xff, 0x01, 0x00, 0x00, 0x00, 0x81, 0x80, 0x80, 0x3c,
  0x22, 0x00, 0x00, 0x00, 0x6d, 0x6f, 0x64, 0x65, 0x6c, 0x5f, 0x33, 0x30,
  0x32, 0x2f, 0x74, 0x66, 0x2e, 0x6d, 0x61, 0x74, 0x68, 0x2e, 0x6d, 0x75,
  0x6c, 0x74, 0x69, 0x70, 0x6c, 0x79, 0x5f, 0x33, 0x34, 0x30, 0x2f, 0x4d,
  0x75, 0x6c, 0x00, 0x00, 0x02, 0x00, 0x00, 0x00, 0x01, 0x00, 0x00, 0x00,
  0x04, 0x00, 0x00, 0x00, 0x5a, 0xd6, 0xff, 0xff, 0x00, 0x00, 0x00, 0x01,
  0x14, 0x00, 0x00, 0x00, 0x30, 0x00, 0x00, 0x00, 0x3b, 0x00, 0x00, 0x00,
  0x00, 0x00, 0x00, 0x09, 0x4c, 0x00, 0x00, 0x00, 0x44, 0xd6, 0xff, 0xff,
  0x08, 0x00, 0x00, 0x00, 0x10, 0x00, 0x00, 0x00, 0x01, 0x00, 0x00, 0x00,
  0x80, 0xff, 0xff, 0xff, 0xff, 0xff, 0xff, 0xff, 0x01, 0x00, 0x00, 0x00,
  0x00, 0x00, 0x80, 0x3b, 0x23, 0x00, 0x00, 0x00, 0x6d, 0x6f, 0x64, 0x65,
  0x6c, 0x5f, 0x33, 0x30, 0x32, 0x2f, 0x74, 0x66, 0x2e, 0x6d, 0x61, 0x74,
  0x68, 0x2e, 0x73, 0x69, 0x67, 0x6d, 0x6f, 0x69, 0x64, 0x5f, 0x34, 0x2f,
  0x53, 0x69, 0x67, 0x6d, 0x6f, 0x69, 0x64, 0x00, 0x02, 0x00, 0x00, 0x00,
  0x01, 0x00, 0x00, 0x00, 0x04, 0x00, 0x00, 0x00, 0xca, 0xd6, 0xff, 0xff,
  0x00, 0x00, 0x00, 0x01, 0x14, 0x00, 0x00, 0x00, 0x30, 0x00, 0x00, 0x00,
  0x3a, 0x00, 0x00, 0x00, 0x00, 0x00, 0x00, 0x09, 0x4c, 0x00, 0x00, 0x00,
  0xb4, 0xd6, 0xff, 0xff, 0x08, 0x00, 0x00, 0x00, 0x10, 0x00, 0x00, 0x00,
  0x01, 0x00, 0x00, 0x00, 0x80, 0xff, 0xff, 0xff, 0xff, 0xff, 0xff, 0xff,
  0x01, 0x00, 0x00, 0x00, 0x00, 0x00, 0x80, 0x3b, 0x23, 0x00, 0x00, 0x00,
  0x6d, 0x6f, 0x64, 0x65, 0x6c, 0x5f, 0x33, 0x30, 0x32, 0x2f, 0x74, 0x66,
  0x2e, 0x6d, 0x61, 0x74, 0x68, 0x2e, 0x73, 0x69, 0x67, 0x6d, 0x6f, 0x69,
  0x64, 0x5f, 0x33, 0x2f, 0x53, 0x69, 0x67, 0x6d, 0x6f, 0x69, 0x64, 0x00,
  0x02, 0x00, 0x00, 0x00, 0x01, 0x00, 0x00, 0x00, 0x04, 0x00, 0x00, 0x00,
  0x3a, 0xd7, 0xff, 0xff, 0x00, 0x00, 0x00, 0x01, 0x14, 0x00, 0x00, 0x00,
  0x34, 0x00, 0x00, 0x00, 0x39, 0x00, 0x00, 0x00, 0x00, 0x00, 0x00, 0x09,
  0x9c, 0x00, 0x00, 0x00, 0x24, 0xd7, 0xff, 0xff, 0x08, 0x00, 0x00, 0x00,
  0x14, 0x00, 0x00, 0x00, 0x01, 0x00, 0x00, 0x00, 0xf0, 0xff, 0xff, 0xff,
  0xff, 0xff, 0xff, 0xff, 0x00, 0x00, 0x00, 0x00, 0x01, 0x00, 0x00, 0x00,
  0xb7, 0x35, 0xa4, 0x3f, 0x6f, 0x00, 0x00, 0x00, 0x6d, 0x6f, 0x64, 0x65,
  0x6c, 0x5f, 0x33, 0x30, 0x32, 0x2f, 0x74, 0x66, 0x2e, 0x73, 0x70, 0x6c,
  0x69, 0x74, 0x5f, 0x31, 0x2f, 0x73, 0x70, 0x6c, 0x69, 0x74, 0x3b, 0x6d,
  0x6f, 0x64, 0x65, 0x6c, 0x5f, 0x33, 0x30, 0x32, 0x2f, 0x74, 0x66, 0x2e,
  0x73, 0x70, 0x6c, 0x69, 0x74, 0x5f, 0x31, 0x2f, 0x73, 0x70, 0x6c, 0x69,
  0x74, 0x31, 0x3b, 0x6d, 0x6f, 0x64, 0x65, 0x6c, 0x5f, 0x33, 0x30, 0x32,
  0x2f, 0x74, 0x66, 0x2e, 0x73, 0x70, 0x6c, 0x69, 0x74, 0x5f, 0x31, 0x2f,
  0x73, 0x70, 0x6c, 0x69, 0x74, 0x32, 0x3b, 0x6d, 0x6f, 0x64, 0x65, 0x6c,
  0x5f, 0x33, 0x30, 0x32, 0x2f, 0x74, 0x66, 0x2e, 0x73, 0x70, 0x6c, 0x69,
  0x74, 0x5f, 0x31, 0x2f, 0x73, 0x70, 0x6c, 0x69, 0x74, 0x33, 0x33, 0x00,
  0x02, 0x00, 0x00, 0x00, 0x01, 0x00, 0x00, 0x00, 0x04, 0x00, 0x00, 0x00,
  0xfa, 0xd7, 0xff, 0xff, 0x00, 0x00, 0x00, 0x01, 0x14, 0x00, 0x00, 0x00,
  0x34, 0x00, 0x00, 0x00, 0x38, 0x00, 0x00, 0x00, 0x00, 0x00, 0x00, 0x09,
  0x9c, 0x00, 0x00, 0x00, 0xe4, 0xd7, 0xff, 0xff, 0x08, 0x00, 0x00, 0x00,
  0x14, 0x00, 0x00, 0x00, 0x01, 0x00, 0x00, 0x00, 0xf0, 0xff, 0xff, 0xff,
  0xff, 0xff, 0xff, 0xff, 0x00, 0x00, 0x00, 0x00, 0x01, 0x00, 0x00, 0x00,
  0xb7, 0x35, 0xa4, 0x3f, 0x6f, 0x00, 0x00, 0x00, 0x6d, 0x6f, 0x64, 0x65,
  0x6c, 0x5f, 0x33, 0x30, 0x32, 0x2f, 0x74, 0x66, 0x2e, 0x73, 0x70, 0x6c,
  0x69, 0x74, 0x5f, 0x31, 0x2f, 0x73, 0x70, 0x6c, 0x69, 0x74, 0x3b, 0x6d,
  0x6f, 0x64, 0x65, 0x6c, 0x5f, 0x33, 0x30, 0x32, 0x2f, 0x74, 0x66, 0x2e,
  0x73, 0x70, 0x6c, 0x69, 0x74, 0x5f, 0x31, 0x2f, 0x73, 0x70, 0x6c, 0x69,
  0x74, 0x31, 0x3b, 0x6d, 0x6f, 0x64, 0x65, 0x6c, 0x5f, 0x33, 0x30, 0x32,
  0x2f, 0x74, 0x66, 0x2e, 0x73, 0x70, 0x6c, 0x69, 0x74, 0x5f, 0x31, 0x2f,
  0x73, 0x70, 0x6c, 0x69, 0x74, 0x32, 0x3b, 0x6d, 0x6f, 0x64, 0x65, 0x6c,
  0x5f, 0x33, 0x30, 0x32, 0x2f, 0x74, 0x66, 0x2e, 0x73, 0x70, 0x6c, 0x69,
  0x74, 0x5f, 0x31, 0x2f, 0x73, 0x70, 0x6c, 0x69, 0x74, 0x33, 0x32, 0x00,
  0x02, 0x00, 0x00, 0x00, 0x01, 0x00, 0x00, 0x00, 0x04, 0x00, 0x00, 0x00,
  0xba, 0xd8, 0xff, 0xff, 0x00, 0x00, 0x00, 0x01, 0x14, 0x00, 0x00, 0x00,
  0x34, 0x00, 0x00, 0x00, 0x37, 0x00, 0x00, 0x00, 0x00, 0x00, 0x00, 0x09,
  0x9c, 0x00, 0x00, 0x00, 0xa4, 0xd8, 0xff, 0xff, 0x08, 0x00, 0x00, 0x00,
  0x14, 0x00, 0x00, 0x00, 0x01, 0x00, 0x00, 0x00, 0xf0, 0xff, 0xff, 0xff,
  0xff, 0xff, 0xff, 0xff, 0x00, 0x00, 0x00, 0x00, 0x01, 0x00, 0x00, 0x00,
  0xb7, 0x35, 0xa4, 0x3f, 0x6f, 0x00, 0x00, 0x00, 0x6d, 0x6f, 0x64, 0x65,
  0x6c, 0x5f, 0x33, 0x30, 0x32, 0x2f, 0x74, 0x66, 0x2e, 0x73, 0x70, 0x6c,
  0x69, 0x74, 0x5f, 0x31, 0x2f, 0x73, 0x70, 0x6c, 0x69, 0x74, 0x3b, 0x6d,
  0x6f, 0x64, 0x65, 0x6c, 0x5f, 0x33, 0x30, 0x32, 0x2f, 0x74, 0x66, 0x2e,
  0x73, 0x70, 0x6c, 0x69, 0x74, 0x5f, 0x31, 0x2f, 0x73, 0x70, 0x6c, 0x69,
  0x74, 0x31, 0x3b, 0x6d, 0x6f, 0x64, 0x65, 0x6c, 0x5f, 0x33, 0x30, 0x32,
  0x2f, 0x74, 0x66, 0x2e, 0x73, 0x70, 0x6c, 0x69, 0x74, 0x5f, 0x31, 0x2f,
  0x73, 0x70, 0x6c, 0x69, 0x74, 0x32, 0x3b, 0x6d, 0x6f, 0x64, 0x65, 0x6c,
  0x5f, 0x33, 0x30, 0x32, 0x2f, 0x74, 0x66, 0x2e, 0x73, 0x70, 0x6c, 0x69,
  0x74, 0x5f, 0x31, 0x2f, 0x73, 0x70, 0x6c, 0x69, 0x74, 0x33, 0x31, 0x00,
  0x02, 0x00, 0x00, 0x00, 0x01, 0x00, 0x00, 0x00, 0x04, 0x00, 0x00, 0x00,
  0x7a, 0xd9, 0xff, 0xff, 0x00, 0x00, 0x00, 0x01, 0x14, 0x00, 0x00, 0x00,
  0x34, 0x00, 0x00, 0x00, 0x36, 0x00, 0x00, 0x00, 0x00, 0x00, 0x00, 0x09,
  0x9c, 0x00, 0x00, 0x00, 0x64, 0xd9, 0xff, 0xff, 0x08, 0x00, 0x00, 0x00,
  0x14, 0x00, 0x00, 0x00, 0x01, 0x00, 0x00, 0x00, 0xf0, 0xff, 0xff, 0xff,
  0xff, 0xff, 0xff, 0xff, 0x00, 0x00, 0x00, 0x00, 0x01, 0x00, 0x00, 0x00,
  0xb7, 0x35, 0xa4, 0x3f, 0x6e, 0x00, 0x00, 0x00, 0x6d, 0x6f, 0x64, 0x65,
  0x6c, 0x5f, 0x33, 0x30, 0x32, 0x2f, 0x74, 0x66, 0x2e, 0x73, 0x70, 0x6c,
  0x69, 0x74, 0x5f, 0x31, 0x2f, 0x73, 0x70, 0x6c, 0x69, 0x74, 0x3b, 0x6d,
  0x6f, 0x64, 0x65, 0x6c, 0x5f, 0x33, 0x30, 0x32, 0x2f, 0x74, 0x66, 0x2e,
  0x73, 0x70, 0x6c, 0x69, 0x74, 0x5f, 0x31, 0x2f, 0x73, 0x70, 0x6c, 0x69,
  0x74, 0x31, 0x3b, 0x6d, 0x6f, 0x64, 0x65, 0x6c, 0x5f, 0x33, 0x30, 0x32,
  0x2f, 0x74, 0x66, 0x2e, 0x73, 0x70, 0x6c, 0x69, 0x74, 0x5f, 0x31, 0x2f,
  0x73, 0x70, 0x6c, 0x69, 0x74, 0x32, 0x3b, 0x6d, 0x6f, 0x64, 0x65, 0x6c,
  0x5f, 0x33, 0x30, 0x32, 0x2f, 0x74, 0x66, 0x2e, 0x73, 0x70, 0x6c, 0x69,
  0x74, 0x5f, 0x31, 0x2f, 0x73, 0x70, 0x6c, 0x69, 0x74, 0x33, 0x00, 0x00,
  0x02, 0x00, 0x00, 0x00, 0x01, 0x00, 0x00, 0x00, 0x04, 0x00, 0x00, 0x00,
  0x3a, 0xda, 0xff, 0xff, 0x00, 0x00, 0x00, 0x01, 0x14, 0x00, 0x00, 0x00,
  0x34, 0x00, 0x00, 0x00, 0x35, 0x00, 0x00, 0x00, 0x00, 0x00, 0x00, 0x09,
  0x4c, 0x00, 0x00, 0x00, 0x24, 0xda, 0xff, 0xff, 0x08, 0x00, 0x00, 0x00,
  0x14, 0x00, 0x00, 0x00, 0x01, 0x00, 0x00, 0x00, 0xf0, 0xff, 0xff, 0xff,
  0xff, 0xff, 0xff, 0xff, 0x00, 0x00, 0x00, 0x00, 0x01, 0x00, 0x00, 0x00,
  0xb7, 0x35, 0xa4, 0x3f, 0x1d, 0x00, 0x00, 0x00, 0x6d, 0x6f, 0x64, 0x65,
  0x6c, 0x5f, 0x33, 0x30, 0x32, 0x2f, 0x74, 0x66, 0x2e, 0x6d, 0x61, 0x74,
  0x68, 0x2e, 0x61, 0x64, 0x64, 0x5f, 0x34, 0x34, 0x35, 0x2f, 0x41, 0x64,
  0x64, 0x00, 0x00, 0x00, 0x02, 0x00, 0x00, 0x00, 0x01, 0x00, 0x00, 0x00,
  0x10, 0x00, 0x00, 0x00, 0xaa, 0xda, 0xff, 0xff, 0x00, 0x00, 0x00, 0x01,
  0x14, 0x00, 0x00, 0x00, 0x34, 0x00, 0x00, 0x00, 0x34, 0x00, 0x00, 0x00,
  0x00, 0x00, 0x00, 0x09, 0x7c, 0x00, 0x00, 0x00, 0x94, 0xda, 0xff, 0xff,
  0x08, 0x00, 0x00, 0x00, 0x14, 0x00, 0x00, 0x00, 0x01, 0x00, 0x00, 0x00,
  0xf0, 0xff, 0xff, 0xff, 0xff, 0xff, 0xff, 0xff, 0x00, 0x00, 0x00, 0x00,
  0x01, 0x00, 0x00, 0x00, 0x09, 0xa4, 0xa2, 0x3f, 0x4d, 0x00, 0x00, 0x00,
  0x6d, 0x6f, 0x64, 0x65, 0x6c, 0x5f, 0x33, 0x30, 0x32, 0x2f, 0x74, 0x66,
  0x2e, 0x6c, 0x69, 0x6e, 0x61, 0x6c, 0x67, 0x2e, 0x6d, 0x61, 0x74, 0x6d,
  0x75, 0x6c, 0x5f, 0x38, 0x32, 0x2f, 0x4d, 0x61, 0x74, 0x4d, 0x75, 0x6c,
  0x3b, 0x6d, 0x6f, 0x64, 0x65, 0x6c, 0x5f, 0x33, 0x30, 0x32, 0x2f, 0x74,
  0x66, 0x2e, 0x5f, 0x5f, 0x6f, 0x70, 0x65, 0x72, 0x61, 0x74, 0x6f, 0x72,
  0x73, 0x5f, 0x5f, 0x2e, 0x61, 0x64, 0x64, 0x5f, 0x33, 0x31, 0x30, 0x2f,
  0x41, 0x64, 0x64, 0x56, 0x32, 0x00, 0x00, 0x00, 0x02, 0x00, 0x00, 0x00,
  0x01, 0x00, 0x00, 0x00, 0x10, 0x00, 0x00, 0x00, 0x4a, 0xdb, 0xff, 0xff,
  0x00, 0x00, 0x00, 0x01, 0x14, 0x00, 0x00, 0x00, 0x30, 0x00, 0x00, 0x00,
  0x33, 0x00, 0x00, 0x00, 0x00, 0x00, 0x00, 0x09, 0x54, 0x00, 0x00, 0x00,
  0x34, 0xdb, 0xff, 0xff, 0x08, 0x00, 0x00, 0x00, 0x10, 0x00, 0x00, 0x00,
  0x01, 0x00, 0x00, 0x00, 0x80, 0xff, 0xff, 0xff, 0xff, 0xff, 0xff, 0xff,
  0x01, 0x00, 0x00, 0x00, 0x07, 0x07, 0x81, 0x3f, 0x29, 0x00, 0x00, 0x00,
  0x6d, 0x6f, 0x64, 0x65, 0x6c, 0x5f, 0x33, 0x30, 0x32, 0x2f, 0x74, 0x66,
  0x2e, 0x63, 0x6f, 0x6d, 0x70, 0x61, 0x74, 0x2e, 0x76, 0x31, 0x2e, 0x67,
  0x61, 0x74, 0x68, 0x65, 0x72, 0x5f, 0x31, 0x2f, 0x47, 0x61, 0x74, 0x68,
  0x65, 0x72, 0x56, 0x32, 0x3b, 0x00, 0x00, 0x00, 0x02, 0x00, 0x00, 0x00,
  0x01, 0x00, 0x00, 0x00, 0x10, 0x00, 0x00, 0x00, 0xc2, 0xdb, 0xff, 0xff,
  0x00, 0x00, 0x00, 0x01, 0x14, 0x00, 0x00, 0x00, 0x34, 0x00, 0x00, 0x00,
  0x32, 0x00, 0x00, 0x00, 0x00, 0x00, 0x00, 0x09, 0x7c, 0x00, 0x00, 0x00,
  0xac, 0xdb, 0xff, 0xff, 0x08, 0x00, 0x00, 0x00, 0x14, 0x00, 0x00, 0x00,
  0x01, 0x00, 0x00, 0x00, 0xf0, 0xff, 0xff, 0xff, 0xff, 0xff, 0xff, 0xff,
  0x00, 0x00, 0x00, 0x00, 0x01, 0x00, 0x00, 0x00, 0xb7, 0x35, 0xa4, 0x3f,
  0x4d, 0x00, 0x00, 0x00, 0x6d, 0x6f, 0x64, 0x65, 0x6c, 0x5f, 0x33, 0x30,
  0x32, 0x2f, 0x74, 0x66, 0x2e, 0x6c, 0x69, 0x6e, 0x61, 0x6c, 0x67, 0x2e,
  0x6d, 0x61, 0x74, 0x6d, 0x75, 0x6c, 0x5f, 0x38, 0x39, 0x2f, 0x4d, 0x61,
  0x74, 0x4d, 0x75, 0x6c, 0x3b, 0x6d, 0x6f, 0x64, 0x65, 0x6c, 0x5f, 0x33,
  0x30, 0x32, 0x2f, 0x74, 0x66, 0x2e, 0x5f, 0x5f, 0x6f, 0x70, 0x65, 0x72,
  0x61, 0x74, 0x6f, 0x72, 0x73, 0x5f, 0x5f, 0x2e, 0x61, 0x64, 0x64, 0x5f,
  0x33, 0x31, 0x37, 0x2f, 0x41, 0x64, 0x64, 0x56, 0x32, 0x00, 0x00, 0x00,
  0x02, 0x00, 0x00, 0x00, 0x01, 0x00, 0x00, 0x00, 0x10, 0x00, 0x00, 0x00,
  0x62, 0xdc, 0xff, 0xff, 0x00, 0x00, 0x00, 0x01, 0x14, 0x00, 0x00, 0x00,
  0x30, 0x00, 0x00, 0x00, 0x31, 0x00, 0x00, 0x00, 0x00, 0x00, 0x00, 0x09,
  0x4c, 0x00, 0x00, 0x00, 0x4c, 0xdc, 0xff, 0xff, 0x08, 0x00, 0x00, 0x00,
  0x10, 0x00, 0x00, 0x00, 0x01, 0x00, 0x00, 0x00, 0xff, 0xff, 0xff, 0xff,
  0xff, 0xff, 0xff, 0xff, 0x01, 0x00, 0x00, 0x00, 0x92, 0xbb, 0xc3, 0x3b,
  0x22, 0x00, 0x00, 0x00, 0x6d, 0x6f, 0x64, 0x65, 0x6c, 0x5f, 0x33, 0x30,
  0x32, 0x2f, 0x74, 0x66, 0x2e, 0x6d, 0x61, 0x74, 0x68, 0x2e, 0x6d, 0x75,
  0x6c, 0x74, 0x69, 0x70, 0x6c, 0x79, 0x5f, 0x33, 0x33, 0x32, 0x2f, 0x4d,
  0x75, 0x6c, 0x00, 0x00, 0x02, 0x00, 0x00, 0x00, 0x01, 0x00, 0x00, 0x00,
  0x04, 0x00, 0x00, 0x00, 0xd2, 0xdc, 0xff, 0xff, 0x00, 0x00, 0x00, 0x01,
  0x14, 0x00, 0x00, 0x00, 0x34, 0x00, 0x00, 0x00, 0x30, 0x00, 0x00, 0x00,
  0x00, 0x00, 0x00, 0x09, 0x4c, 0x00, 0x00, 0x00, 0xbc, 0xdc, 0xff, 0xff,
  0x08, 0x00, 0x00, 0x00, 0x14, 0x00, 0x00, 0x00, 0x01, 0x00, 0x00, 0x00,
  0x00, 0x00, 0x00, 0x00, 0x00, 0x00, 0x00, 0x00, 0x00, 0x00, 0x00, 0x00,
  0x01, 0x00, 0x00, 0x00, 0x00, 0x00, 0x00, 0x3c, 0x1d, 0x00, 0x00, 0x00,
  0x6d, 0x6f, 0x64, 0x65, 0x6c, 0x5f, 0x33, 0x30, 0x32, 0x2f, 0x74, 0x66,
  0x2e, 0x6d, 0x61, 0x74, 0x68, 0x2e, 0x74, 0x61, 0x6e, 0x68, 0x5f, 0x31,
  0x2f, 0x54, 0x61, 0x6e, 0x68, 0x00, 0x00, 0x00, 0x02, 0x00, 0x00, 0x00,
  0x01, 0x00, 0x00, 0x00, 0x04, 0x00, 0x00, 0x00, 0x42, 0xdd, 0xff, 0xff,
  0x00, 0x00, 0x00, 0x01, 0x14, 0x00, 0x00, 0x00, 0x30, 0x00, 0x00, 0x00,
  0x2f, 0x00, 0x00, 0x00, 0x00, 0x00, 0x00, 0x09, 0x4c, 0x00, 0x00, 0x00,
  0x2c, 0xdd, 0xff, 0xff, 0x08, 0x00, 0x00, 0x00, 0x10, 0x00, 0x00, 0x00,
  0x01, 0x00, 0x00, 0x00, 0xff, 0xff, 0xff, 0xff, 0xff, 0xff, 0xff, 0xff,
  0x01, 0x00, 0x00, 0x00, 0x81, 0x80, 0x00, 0x3c, 0x22, 0x00, 0x00, 0x00,
  0x6d, 0x6f, 0x64, 0x65, 0x6c, 0x5f, 0x33, 0x30, 0x32, 0x2f, 0x74, 0x66,
  0x2e, 0x6d, 0x61, 0x74, 0x68, 0x2e, 0x6d, 0x75, 0x6c, 0x74, 0x69, 0x70,
  0x6c, 0x79, 0x5f, 0x33, 0x32, 0x35, 0x2f, 0x4d, 0x75, 0x6c, 0x00, 0x00,
  0x02, 0x00, 0x00, 0x00, 0x01, 0x00, 0x00, 0x00, 0x04, 0x00, 0x00, 0x00,
  0xb2, 0xdd, 0xff, 0xff, 0x00, 0x00, 0x00, 0x01, 0x14, 0x00, 0x00, 0x00,
  0x30, 0x00, 0x00, 0x00, 0x2e, 0x00, 0x00, 0x00, 0x00, 0x00, 0x00, 0x09,
  0x44, 0x00, 0x00, 0x00, 0x9c, 0xdd, 0xff, 0xff, 0x08, 0x00, 0x00, 0x00,
  0x10, 0x00, 0x00, 0x00, 0x01, 0x00, 0x00, 0x00, 0x00, 0x00, 0x00, 0x00,
  0x00, 0x00, 0x00, 0x00, 0x01, 0x00, 0x00, 0x00, 0x00, 0x00, 0x00, 0x3c,
  0x1b, 0x00, 0x00, 0x00, 0x6d, 0x6f, 0x64, 0x65, 0x6c, 0x5f, 0x33, 0x30,
  0x32, 0x2f, 0x74, 0x66, 0x2e, 0x6d, 0x61, 0x74, 0x68, 0x2e, 0x74, 0x61,
  0x6e, 0x68, 0x2f, 0x54, 0x61, 0x6e, 0x68, 0x00, 0x02, 0x00, 0x00, 0x00,
  0x01, 0x00, 0x00, 0x00, 0x04, 0x00, 0x00, 0x00, 0x1a, 0xde, 0xff, 0xff,
  0x00, 0x00, 0x00, 0x01, 0x14, 0x00, 0x00, 0x00, 0x30, 0x00, 0x00, 0x00,
  0x2d, 0x00, 0x00, 0x00, 0x00, 0x00, 0x00, 0x09, 0x4c, 0x00, 0x00, 0x00,
  0x04, 0xde, 0xff, 0xff, 0x08, 0x00, 0x00, 0x00, 0x10, 0x00, 0x00, 0x00,
  0x01, 0x00, 0x00, 0x00, 0x80, 0xff, 0xff, 0xff, 0xff, 0xff, 0xff, 0xff,
  0x01, 0x00, 0x00, 0x00, 0x00, 0x00, 0x80, 0x3b, 0x23, 0x00, 0x00, 0x00,
  0x6d, 0x6f, 0x64, 0x65, 0x6c, 0x5f, 0x33, 0x30, 0x32, 0x2f, 0x74, 0x66,
  0x2e, 0x6d, 0x61, 0x74, 0x68, 0x2e, 0x73, 0x69, 0x67, 0x6d, 0x6f, 0x69,
  0x64, 0x5f, 0x32, 0x2f, 0x53, 0x69, 0x67, 0x6d, 0x6f, 0x69, 0x64, 0x00,
  0x02, 0x00, 0x00, 0x00, 0x01, 0x00, 0x00, 0x00, 0x04, 0x00, 0x00, 0x00,
  0x8a, 0xde, 0xff, 0xff, 0x00, 0x00, 0x00, 0x01, 0x14, 0x00, 0x00, 0x00,
  0x30, 0x00, 0x00, 0x00, 0x2c, 0x00, 0x00, 0x00, 0x00, 0x00, 0x00, 0x09,
  0x4c, 0x00, 0x00, 0x00, 0x74, 0xde, 0xff, 0xff, 0x08, 0x00, 0x00, 0x00,
  0x10, 0x00, 0x00, 0x00, 0x01, 0x00, 0x00, 0x00, 0x80, 0xff, 0xff, 0xff,
  0xff, 0xff, 0xff, 0xff, 0x01, 0x00, 0x00, 0x00, 0x00, 0x00, 0x80, 0x3b,
  0x21, 0x00, 0x00, 0x00, 0x6d, 0x6f, 0x64, 0x65, 0x6c, 0x5f, 0x33, 0x30,
  0x32, 0x2f, 0x74, 0x66, 0x2e, 0x6d, 0x61, 0x74, 0x68, 0x2e, 0x73, 0x69,
  0x67, 0x6d, 0x6f, 0x69, 0x64, 0x2f, 0x53, 0x69, 0x67, 0x6d, 0x6f, 0x69,
  0x64, 0x00, 0x00, 0x00, 0x02, 0x00, 0x00, 0x00, 0x01, 0x00, 0x00, 0x00,
  0x04, 0x00, 0x00, 0x00, 0xfa, 0xde, 0xff, 0xff, 0x00, 0x00, 0x00, 0x01,
  0x14, 0x00, 0x00, 0x00, 0x34, 0x00, 0x00, 0x00, 0x2b, 0x00, 0x00, 0x00,
  0x00, 0x00, 0x00, 0x09, 0x94, 0x00, 0x00, 0x00, 0xe4, 0xde, 0xff, 0xff,
  0x08, 0x00, 0x00, 0x00, 0x14, 0x00, 0x00, 0x00, 0x01, 0x00, 0x00, 0x00,
  0xf0, 0xff, 0xff, 0xff, 0xff, 0xff, 0xff, 0xff, 0x00, 0x00, 0x00, 0x00,
  0x01, 0x00, 0x00, 0x00, 0x18, 0x48, 0xa3, 0x3f, 0x67, 0x00, 0x00, 0x00,
  0x6d, 0x6f, 0x64, 0x65, 0x6c, 0x5f, 0x33, 0x30, 0x32, 0x2f, 0x74, 0x66,
  0x2e, 0x73, 0x70, 0x6c, 0x69, 0x74, 0x2f, 0x73, 0x70, 0x6c, 0x69, 0x74,
  0x3b, 0x6d, 0x6f, 0x64, 0x65, 0x6c, 0x5f, 0x33, 0x30, 0x32, 0x2f, 0x74,
  0x66, 0x2e, 0x73, 0x70, 0x6c, 0x69, 0x74, 0x2f, 0x73, 0x70, 0x6c, 0x69,
  0x74, 0x31, 0x3b, 0x6d, 0x6f, 0x64, 0x65, 0x6c, 0x5f, 0x33, 0x30, 0x32,
  0x2f, 0x74, 0x66, 0x2e, 0x73, 0x70, 0x6c, 0x69, 0x74, 0x2f, 0x73, 0x70,
  0x6c, 0x69, 0x74, 0x32, 0x3b, 0x6d, 0x6f, 0x64, 0x65, 0x6c, 0x5f, 0x33,
  0x30, 0x32, 0x2f, 0x74, 0x66, 0x2e, 0x73, 0x70, 0x6c, 0x69, 0x74, 0x2f,
  0x73, 0x70, 0x6c, 0x69, 0x74, 0x33, 0x36, 0x00, 0x02, 0x00, 0x00, 0x00,
  0x01, 0x00, 0x00, 0x00, 0x04, 0x00, 0x00, 0x00, 0xb2, 0xdf, 0xff, 0xff,
  0x00, 0x00, 0x00, 0x01, 0x14, 0x00, 0x00, 0x00, 0x34, 0x00, 0x00, 0x00,
  0x2a, 0x00, 0x00, 0x00, 0x00, 0x00, 0x00, 0x09, 0x94, 0x00, 0x00, 0x00,
  0x9c, 0xdf, 0xff, 0xff, 0x08, 0x00, 0x00, 0x00, 0x14, 0x00, 0x00, 0x00,
  0x01, 0x00, 0x00, 0x00, 0xf0, 0xff, 0xff, 0xff, 0xff, 0xff, 0xff, 0xff,
  0x00, 0x00, 0x00, 0x00, 0x01, 0x00, 0x00, 0x00, 0x18, 0x48, 0xa3, 0x3f,
  0x67, 0x00, 0x00, 0x00, 0x6d, 0x6f, 0x64, 0x65, 0x6c, 0x5f, 0x33, 0x30,
  0x32, 0x2f, 0x74, 0x66, 0x2e, 0x73, 0x70, 0x6c, 0x69, 0x74, 0x2f, 0x73,
  0x70, 0x6c, 0x69, 0x74, 0x3b, 0x6d, 0x6f, 0x64, 0x65, 0x6c, 0x5f, 0x33,
  0x30, 0x32, 0x2f, 0x74, 0x66, 0x2e, 0x73, 0x70, 0x6c, 0x69, 0x74, 0x2f,
  0x73, 0x70, 0x6c, 0x69, 0x74, 0x31, 0x3b, 0x6d, 0x6f, 0x64, 0x65, 0x6c,
  0x5f, 0x33, 0x30, 0x32, 0x2f, 0x74, 0x66, 0x2e, 0x73, 0x70, 0x6c, 0x69,
  0x74, 0x2f, 0x73, 0x70, 0x6c, 0x69, 0x74, 0x32, 0x3b, 0x6d, 0x6f, 0x64,
  0x65, 0x6c, 0x5f, 0x33, 0x30, 0x32, 0x2f, 0x74, 0x66, 0x2e, 0x73, 0x70,
  0x6c, 0x69, 0x74, 0x2f, 0x73, 0x70, 0x6c, 0x69, 0x74, 0x33, 0x35, 0x00,
  0x02, 0x00, 0x00, 0x00, 0x01, 0x00, 0x00, 0x00, 0x04, 0x00, 0x00, 0x00,
  0x6a, 0xe0, 0xff, 0xff, 0x00, 0x00, 0x00, 0x01, 0x14, 0x00, 0x00, 0x00,
  0x30, 0x00, 0x00, 0x00, 0x29, 0x00, 0x00, 0x00, 0x00, 0x00, 0x00, 0x09,
  0x90, 0x00, 0x00, 0x00, 0x54, 0xe0, 0xff, 0xff, 0x08, 0x00, 0x00, 0x00,
  0x10, 0x00, 0x00, 0x00, 0x01, 0x00, 0x00, 0x00, 0xf0, 0xff, 0xff, 0xff,
  0xff, 0xff, 0xff, 0xff, 0x01, 0x00, 0x00, 0x00, 0x18, 0x48, 0xa3, 0x3f,
  0x67, 0x00, 0x00, 0x00, 0x6d, 0x6f, 0x64, 0x65, 0x6c, 0x5f, 0x33, 0x30,
  0x32, 0x2f, 0x74, 0x66, 0x2e, 0x73, 0x70, 0x6c, 0x69, 0x74, 0x2f, 0x73,
  0x70, 0x6c, 0x69, 0x74, 0x3b, 0x6d, 0x6f, 0x64, 0x65, 0x6c, 0x5f, 0x33,
  0x30, 0x32, 0x2f, 0x74, 0x66, 0x2e, 0x73, 0x70, 0x6c, 0x69, 0x74, 0x2f,
  0x73, 0x70, 0x6c, 0x69, 0x74, 0x31, 0x3b, 0x6d, 0x6f, 0x64, 0x65, 0x6c,
  0x5f, 0x33, 0x30, 0x32, 0x2f, 0x74, 0x66, 0x2e, 0x73, 0x70, 0x6c, 0x69,
  0x74, 0x2f, 0x73, 0x70, 0x6c, 0x69, 0x74, 0x32, 0x3b, 0x6d, 0x6f, 0x64,
  0x65, 0x6c, 0x5f, 0x33, 0x30, 0x32, 0x2f, 0x74, 0x66, 0x2e, 0x73, 0x70,
  0x6c, 0x69, 0x74, 0x2f, 0x73, 0x70, 0x6c, 0x69, 0x74, 0x33, 0x34, 0x00,
  0x02, 0x00, 0x00, 0x00, 0x01, 0x00, 0x00, 0x00, 0x04, 0x00, 0x00, 0x00,
  0xae, 0xfd, 0xff, 0xff, 0x00, 0x00, 0x00, 0x01, 0x10, 0x00, 0x00, 0x00,
  0x10, 0x00, 0x00, 0x00, 0x28, 0x00, 0x00, 0x00, 0x74, 0x00, 0x00, 0x00,
  0x7c, 0xe1, 0xff, 0xff, 0x67, 0x00, 0x00, 0x00, 0x6d, 0x6f, 0x64, 0x65,
  0x6c, 0x5f, 0x33, 0x30, 0x32, 0x2f, 0x74, 0x66, 0x2e, 0x73, 0x70, 0x6c,
  0x69, 0x74, 0x2f, 0x73, 0x70, 0x6c, 0x69, 0x74, 0x3b, 0x6d, 0x6f, 0x64,
  0x65, 0x6c, 0x5f, 0x33, 0x30, 0x32, 0x2f, 0x74, 0x66, 0x2e, 0x73, 0x70,
  0x6c, 0x69, 0x74, 0x2f, 0x73, 0x70, 0x6c, 0x69, 0x74, 0x31, 0x3b, 0x6d,
  0x6f, 0x64, 0x65, 0x6c, 0x5f, 0x33, 0x30, 0x32, 0x2f, 0x74, 0x66, 0x2e,
  0x73, 0x70, 0x6c, 0x69, 0x74, 0x2f, 0x73, 0x70, 0x6c, 0x69, 0x74, 0x32,
  0x3b, 0x6d, 0x6f, 0x64, 0x65, 0x6c, 0x5f, 0x33, 0x30, 0x32, 0x2f, 0x74,
  0x66, 0x2e, 0x73, 0x70, 0x6c, 0x69, 0x74, 0x2f, 0x73, 0x70, 0x6c, 0x69,
  0x74, 0x33, 0x33, 0x00, 0x02, 0x00, 0x00, 0x00, 0x01, 0x00, 0x00, 0x00,
  0x04, 0x00, 0x00, 0x00, 0x42, 0xfe, 0xff, 0xff, 0x00, 0x00, 0x00, 0x01,
  0x10, 0x00, 0x00, 0x00, 0x10, 0x00, 0x00, 0x00, 0x27, 0x00, 0x00, 0x00,
  0x74, 0x00, 0x00, 0x00, 0x10, 0xe2, 0xff, 0xff, 0x67, 0x00, 0x00, 0x00,
  0x6d, 0x6f, 0x64, 0x65, 0x6c, 0x5f, 0x33, 0x30, 0x32, 0x2f, 0x74, 0x66,
  0x2e, 0x73, 0x70, 0x6c, 0x69, 0x74, 0x2f, 0x73, 0x70, 0x6c, 0x69, 0x74,
  0x3b, 0x6d, 0x6f, 0x64, 0x65, 0x6c, 0x5f, 0x33, 0x30, 0x32, 0x2f, 0x74,
  0x66, 0x2e, 0x73, 0x70, 0x6c, 0x69, 0x74, 0x2f, 0x73, 0x70, 0x6c, 0x69,
  0x74, 0x31, 0x3b, 0x6d, 0x6f, 0x64, 0x65, 0x6c, 0x5f, 0x33, 0x30, 0x32,
  0x2f, 0x74, 0x66, 0x2e, 0x73, 0x70, 0x6c, 0x69, 0x74, 0x2f, 0x73, 0x70,
  0x6c, 0x69, 0x74, 0x32, 0x3b, 0x6d, 0x6f, 0x64, 0x65, 0x6c, 0x5f, 0x33,
  0x30, 0x32, 0x2f, 0x74, 0x66, 0x2e, 0x73, 0x70, 0x6c, 0x69, 0x74, 0x2f,
  0x73, 0x70, 0x6c, 0x69, 0x74, 0x33, 0x32, 0x00, 0x02, 0x00, 0x00, 0x00,
  0x01, 0x00, 0x00, 0x00, 0x04, 0x00, 0x00, 0x00, 0xd6, 0xfe, 0xff, 0xff,
  0x00, 0x00, 0x00, 0x01, 0x10, 0x00, 0x00, 0x00, 0x10, 0x00, 0x00, 0x00,
  0x26, 0x00, 0x00, 0x00, 0x74, 0x00, 0x00, 0x00, 0xa4, 0xe2, 0xff, 0xff,
  0x67, 0x00, 0x00, 0x00, 0x6d, 0x6f, 0x64, 0x65, 0x6c, 0x5f, 0x33, 0x30,
  0x32, 0x2f, 0x74, 0x66, 0x2e, 0x73, 0x70, 0x6c, 0x69, 0x74, 0x2f, 0x73,
  0x70, 0x6c, 0x69, 0x74, 0x3b, 0x6d, 0x6f, 0x64, 0x65, 0x6c, 0x5f, 0x33,
  0x30, 0x32, 0x2f, 0x74, 0x66, 0x2e, 0x73, 0x70, 0x6c, 0x69, 0x74, 0x2f,
  0x73, 0x70, 0x6c, 0x69, 0x74, 0x31, 0x3b, 0x6d, 0x6f, 0x64, 0x65, 0x6c,
  0x5f, 0x33, 0x30, 0x32, 0x2f, 0x74, 0x66, 0x2e, 0x73, 0x70, 0x6c, 0x69,
  0x74, 0x2f, 0x73, 0x70, 0x6c, 0x69, 0x74, 0x32, 0x3b, 0x6d, 0x6f, 0x64,
  0x65, 0x6c, 0x5f, 0x33, 0x30, 0x32, 0x2f, 0x74, 0x66, 0x2e, 0x73, 0x70,
  0x6c, 0x69, 0x74, 0x2f, 0x73, 0x70, 0x6c, 0x69, 0x74, 0x33, 0x31, 0x00,
  0x02, 0x00, 0x00, 0x00, 0x01, 0x00, 0x00, 0x00, 0x04, 0x00, 0x00, 0x00,
  0x6a, 0xff, 0xff, 0xff, 0x00, 0x00, 0x00, 0x01, 0x10, 0x00, 0x00, 0x00,
  0x10, 0x00, 0x00, 0x00, 0x25, 0x00, 0x00, 0x00, 0x74, 0x00, 0x00, 0x00,
  0x38, 0xe3, 0xff, 0xff, 0x66, 0x00, 0x00, 0x00, 0x6d, 0x6f, 0x64, 0x65,
  0x6c, 0x5f, 0x33, 0x30, 0x32, 0x2f, 0x74, 0x66, 0x2e, 0x73, 0x70, 0x6c,
  0x69, 0x74, 0x2f, 0x73, 0x70, 0x6c, 0x69, 0x74, 0x3b, 0x6d, 0x6f, 0x64,
  0x65, 0x6c, 0x5f, 0x33, 0x30, 0x32, 0x2f, 0x74, 0x66, 0x2e, 0x73, 0x70,
  0x6c, 0x69, 0x74, 0x2f, 0x73, 0x70, 0x6c, 0x69, 0x74, 0x31, 0x3b, 0x6d,
  0x6f, 0x64, 0x65, 0x6c, 0x5f, 0x33, 0x30, 0x32, 0x2f, 0x74, 0x66, 0x2e,
  0x73, 0x70, 0x6c, 0x69, 0x74, 0x2f, 0x73, 0x70, 0x6c, 0x69, 0x74, 0x32,
  0x3b, 0x6d, 0x6f, 0x64, 0x65, 0x6c, 0x5f, 0x33, 0x30, 0x32, 0x2f, 0x74,
  0x66, 0x2e, 0x73, 0x70, 0x6c, 0x69, 0x74, 0x2f, 0x73, 0x70, 0x6c, 0x69,
  0x74, 0x33, 0x00, 0x00, 0x02, 0x00, 0x00, 0x00, 0x01, 0x00, 0x00, 0x00,
  0x04, 0x00, 0x00, 0x00, 0x00, 0x00, 0x16, 0x00, 0x18, 0x00, 0x14, 0x00,
  0x00, 0x00, 0x10, 0x00, 0x0c, 0x00, 0x08, 0x00, 0x00, 0x00, 0x00, 0x00,
  0x00, 0x00, 0x07, 0x00, 0x16, 0x00, 0x00, 0x00, 0x00, 0x00, 0x00, 0x01,
  0x10, 0x00, 0x00, 0x00, 0x10, 0x00, 0x00, 0x00, 0x24, 0x00, 0x00, 0x00,
  0x1c, 0x00, 0x00, 0x00, 0xe4, 0xe3, 0xff, 0xff, 0x0e, 0x00, 0x00, 0x00,
  0x74, 0x66, 0x6c, 0x2e, 0x64, 0x65, 0x71, 0x75, 0x61, 0x6e, 0x74, 0x69,
  0x7a, 0x65, 0x00, 0x00, 0x02, 0x00, 0x00, 0x00, 0x01, 0x00, 0x00, 0x00,
  0x10, 0x00, 0x00, 0x00, 0xc2, 0xe3, 0xff, 0xff, 0x00, 0x00, 0x00, 0x01,
  0x14, 0x00, 0x00, 0x00, 0x34, 0x00, 0x00, 0x00, 0x23, 0x00, 0x00, 0x00,
  0x00, 0x00, 0x00, 0x09, 0xa4, 0x00, 0x00, 0x00, 0xac, 0xe3, 0xff, 0xff,
  0x08, 0x00, 0x00, 0x00, 0x14, 0x00, 0x00, 0x00, 0x01, 0x00, 0x00, 0x00,
  0xf0, 0xff, 0xff, 0xff, 0xff, 0xff, 0xff, 0xff, 0x00, 0x00, 0x00, 0x00,
  0x01, 0x00, 0x00, 0x00, 0x18, 0x48, 0xa3, 0x3f, 0x74, 0x00, 0x00, 0x00,
  0x6d, 0x6f, 0x64, 0x65, 0x6c, 0x5f, 0x33, 0x30, 0x32, 0x2f, 0x74, 0x66,
  0x2e, 0x6c, 0x69, 0x6e, 0x61, 0x6c, 0x67, 0x2e, 0x6d, 0x61, 0x74, 0x6d,
  0x75, 0x6c, 0x5f, 0x38, 0x31, 0x2f, 0x4d, 0x61, 0x74, 0x4d, 0x75, 0x6c,
  0x3b, 0x6d, 0x6f, 0x64, 0x65, 0x6c, 0x5f, 0x33, 0x30, 0x32, 0x2f, 0x74,
  0x66, 0x2e, 0x6d, 0x61, 0x74, 0x68, 0x2e, 0x61, 0x64, 0x64, 0x5f, 0x34,
  0x34, 0x33, 0x2f, 0x41, 0x64, 0x64, 0x3b, 0x6d, 0x6f, 0x64, 0x65, 0x6c,
  0x5f, 0x33, 0x30, 0x32, 0x2f, 0x74, 0x66, 0x2e, 0x5f, 0x5f, 0x6f, 0x70,
  0x65, 0x72, 0x61, 0x74, 0x6f, 0x72, 0x73, 0x5f, 0x5f, 0x2e, 0x61, 0x64,
  0x64, 0x5f, 0x33, 0x30, 0x39, 0x2f, 0x41, 0x64, 0x64, 0x56, 0x32, 0x3b,
  0x43, 0x6f, 0x6e, 0x73, 0x74, 0x5f, 0x34, 0x34, 0x00, 0x00, 0x00, 0x00,
  0x02, 0x00, 0x00, 0x00, 0x01, 0x00, 0x00, 0x00, 0x10, 0x00, 0x00, 0x00,
  0x8a, 0xe4, 0xff, 0xff, 0x00, 0x00, 0x00, 0x01, 0x14, 0x00, 0x00, 0x00,
  0x34, 0x00, 0x00, 0x00, 0x22, 0x00, 0x00, 0x00, 0x00, 0x00, 0x00, 0x09,
  0x54, 0x00, 0x00, 0x00, 0x74, 0xe4, 0xff, 0xff, 0x08, 0x00, 0x00, 0x00,
  0x14, 0x00, 0x00, 0x00, 0x01, 0x00, 0x00, 0x00, 0x80, 0xff, 0xff, 0xff,
  0xff, 0xff, 0xff, 0xff, 0x00, 0x00, 0x00, 0x00, 0x01, 0x00, 0x00, 0x00,
  0x07, 0x07, 0x81, 0x3f, 0x27, 0x00, 0x00, 0x00, 0x6d, 0x6f, 0x64, 0x65,
  0x6c, 0x5f, 0x33, 0x30, 0x32, 0x2f, 0x74, 0x66, 0x2e, 0x63, 0x6f, 0x6d,
  0x70, 0x61, 0x74, 0x2e, 0x76, 0x31, 0x2e, 0x67, 0x61, 0x74, 0x68, 0x65,
  0x72, 0x2f, 0x47, 0x61, 0x74, 0x68, 0x65, 0x72, 0x56, 0x32, 0x3b, 0x00,
  0x02, 0x00, 0x00, 0x00, 0x01, 0x00, 0x00, 0x00, 0x10, 0x00, 0x00, 0x00,
  0x02, 0xe5, 0xff, 0xff, 0x00, 0x00, 0x00, 0x01, 0x14, 0x00, 0x00, 0x00,
  0x30, 0x00, 0x00, 0x00, 0x21, 0x00, 0x00, 0x00, 0x00, 0x00, 0x00, 0x09,
  0x58, 0x00, 0x00, 0x00, 0xec, 0xe4, 0xff, 0xff, 0x08, 0x00, 0x00, 0x00,
  0x10, 0x00, 0x00, 0x00, 0x01, 0x00, 0x00, 0x00, 0x80, 0xff, 0xff, 0xff,
  0xff, 0xff, 0xff, 0xff, 0x01, 0x00, 0x00, 0x00, 0x07, 0x07, 0x81, 0x3f,
  0x2e, 0x00, 0x00, 0x00, 0x6d, 0x6f, 0x64, 0x65, 0x6c, 0x5f, 0x33, 0x30,
  0x32, 0x2f, 0x74, 0x66, 0x2e, 0x63, 0x6f, 0x6d, 0x70, 0x61, 0x74, 0x2e,
  0x76, 0x31, 0x2e, 0x73, 0x71, 0x75, 0x65, 0x65, 0x7a, 0x65, 0x5f, 0x31,
  0x2f, 0x6e, 0x6f, 0x64, 0x65, 0x5f, 0x73, 0x71, 0x75, 0x65, 0x65, 0x7a,
  0x65, 0x31, 0x00, 0x00, 0x03, 0x00, 0x00, 0x00, 0x01, 0x00, 0x00, 0x00,
  0x08, 0x00, 0x00, 0x00, 0x10, 0x00, 0x00, 0x00, 0x82, 0xe5, 0xff, 0xff,
  0x00, 0x00, 0x00, 0x01, 0x14, 0x00, 0x00, 0x00, 0x30, 0x00, 0x00, 0x00,
  0x20, 0x00, 0x00, 0x00, 0x00, 0x00, 0x00, 0x09, 0x9c, 0x00, 0x00, 0x00,
  0x6c, 0xe5, 0xff, 0xff, 0x08, 0x00, 0x00, 0x00, 0x10, 0x00, 0x00, 0x00,
  0x01, 0x00, 0x00, 0x00, 0x80, 0xff, 0xff, 0xff, 0xff, 0xff, 0xff, 0xff,
  0x01, 0x00, 0x00, 0x00, 0x07, 0x07, 0x81, 0x3f, 0x71, 0x00, 0x00, 0x00,
  0x6d, 0x6f, 0x64, 0x65, 0x6c, 0x5f, 0x33, 0x30, 0x32, 0x2f, 0x74, 0x66,
  0x2e, 0x6e, 0x6e, 0x2e, 0x72, 0x65, 0x6c, 0x75, 0x5f, 0x34, 0x34, 0x32,
  0x2f, 0x52, 0x65, 0x6c, 0x75, 0x3b, 0x6d, 0x6f, 0x64, 0x65, 0x6c, 0x5f,
  0x33, 0x30, 0x32, 0x2f, 0x74, 0x66, 0x2e, 0x6d, 0x61, 0x74, 0x68, 0x2e,
  0x61, 0x64, 0x64, 0x5f, 0x34, 0x34, 0x32, 0x2f, 0x41, 0x64, 0x64, 0x3b,
  0x6d, 0x6f, 0x64, 0x65, 0x6c, 0x5f, 0x33, 0x30, 0x32, 0x2f, 0x74, 0x66,
  0x2e, 0x6e, 0x6e, 0x2e, 0x63, 0x6f, 0x6e, 0x76, 0x6f, 0x6c, 0x75, 0x74,
  0x69, 0x6f, 0x6e, 0x5f, 0x34, 0x34, 0x32, 0x2f, 0x63, 0x6f, 0x6e, 0x76,
  0x6f, 0x6c, 0x75, 0x74, 0x69, 0x6f, 0x6e, 0x3b, 0x43, 0x6f, 0x6e, 0x73,
  0x74, 0x5f, 0x34, 0x38, 0x31, 0x00, 0x00, 0x00, 0x04, 0x00, 0x00, 0x00,
  0x01, 0x00, 0x00, 0x00, 0x08, 0x00, 0x00, 0x00, 0x01, 0x00, 0x00, 0x00,
  0x10, 0x00, 0x00, 0x00, 0x4a, 0xe6, 0xff, 0xff, 0x00, 0x00, 0x00, 0x01,
  0x14, 0x00, 0x00, 0x00, 0xe8, 0x00, 0x00, 0x00, 0x1f, 0x00, 0x00, 0x00,
  0x00, 0x00, 0x00, 0x09, 0x0c, 0x01, 0x00, 0x00, 0x34, 0xe6, 0xff, 0xff,
  0x08, 0x00, 0x00, 0x00, 0x8c, 0x00, 0x00, 0x00, 0x10, 0x00, 0x00, 0x00,
  0x00, 0x00, 0x00, 0x00, 0x00, 0x00, 0x00, 0x00, 0x00, 0x00, 0x00, 0x00,
  0x00, 0x00, 0x00, 0x00, 0x00, 0x00, 0x00, 0x00, 0x00, 0x00, 0x00, 0x00,
  0x00, 0x00, 0x00, 0x00, 0x00, 0x00, 0x00, 0x00, 0x00, 0x00, 0x00, 0x00,
  0x00, 0x00, 0x00, 0x00, 0x00, 0x00, 0x00, 0x00, 0x00, 0x00, 0x00, 0x00,
  0x00, 0x00, 0x00, 0x00, 0x00, 0x00, 0x00, 0x00, 0x00, 0x00, 0x00, 0x00,
  0x00, 0x00, 0x00, 0x00, 0x00, 0x00, 0x00, 0x00, 0x00, 0x00, 0x00, 0x00,
  0x00, 0x00, 0x00, 0x00, 0x00, 0x00, 0x00, 0x00, 0x00, 0x00, 0x00, 0x00,
  0x00, 0x00, 0x00, 0x00, 0x00, 0x00, 0x00, 0x00, 0x00, 0x00, 0x00, 0x00,
  0x00, 0x00, 0x00, 0x00, 0x00, 0x00, 0x00, 0x00, 0x00, 0x00, 0x00, 0x00,
  0x00, 0x00, 0x00, 0x00, 0x00, 0x00, 0x00, 0x00, 0x00, 0x00, 0x00, 0x00,
  0x00, 0x00, 0x00, 0x00, 0x00, 0x00, 0x00, 0x00, 0x00, 0x00, 0x00, 0x00,
  0x10, 0x00, 0x00, 0x00, 0xbf, 0xd8, 0x02, 0x3b, 0x2e, 0xa4, 0x01, 0x3b,
  0xec, 0x67, 0xb4, 0x3a, 0x57, 0xc5, 0xc1, 0x3a, 0x0e, 0x49, 0x9e, 0x3a,
  0x38, 0x58, 0xf0, 0x3a, 0xa7, 0x18, 0xef, 0x3a, 0xcf, 0xe3, 0x1e, 0x3b,
  0x86, 0x16, 0xdf, 0x3a, 0xe2, 0xa7, 0xf3, 0x3a, 0x20, 0x98, 0xeb, 0x3a,
  0x95, 0xa4, 0xc9, 0x3a, 0x24, 0x98, 0x9d, 0x3a, 0x19, 0xf8, 0xcd, 0x3a,
  0xae, 0x61, 0xc3, 0x3a, 0x0f, 0xaf, 0xf4, 0x3a, 0x2b, 0x00, 0x00, 0x00,
  0x6d, 0x6f, 0x64, 0x65, 0x6c, 0x5f, 0x33, 0x30, 0x32, 0x2f, 0x74, 0x66,
  0x2e, 0x6e, 0x6e, 0x2e, 0x63, 0x6f, 0x6e, 0x76, 0x6f, 0x6c, 0x75, 0x74,
  0x69, 0x6f, 0x6e, 0x5f, 0x34, 0x34, 0x32, 0x2f, 0x63, 0x6f, 0x6e, 0x76,
  0x6f, 0x6c, 0x75, 0x74, 0x69, 0x6f, 0x6e, 0x00, 0x04, 0x00, 0x00, 0x00,
  0x10, 0x00, 0x00, 0x00, 0x03, 0x00, 0x00, 0x00, 0x01, 0x00, 0x00, 0x00,
  0x09, 0x00, 0x00, 0x00, 0x82, 0xe7, 0xff, 0xff, 0x00, 0x00, 0x00, 0x01,
  0x14, 0x00, 0x00, 0x00, 0xe4, 0x00, 0x00, 0x00, 0x1e, 0x00, 0x00, 0x00,
  0x00, 0x00, 0x00, 0x02, 0x50, 0x01, 0x00, 0x00, 0x6c, 0xe7, 0xff, 0xff,
  0x08, 0x00, 0x00, 0x00, 0x88, 0x00, 0x00, 0x00, 0x10, 0x00, 0x00, 0x00,
  0x00, 0x00, 0x00, 0x00, 0x00, 0x00, 0x00, 0x00, 0x00, 0x00, 0x00, 0x00,
  0x00, 0x00, 0x00, 0x00, 0x00, 0x00, 0x00, 0x00, 0x00, 0x00, 0x00, 0x00,
  0x00, 0x00, 0x00, 0x00, 0x00, 0x00, 0x00, 0x00, 0x00, 0x00, 0x00, 0x00,
  0x00, 0x00, 0x00, 0x00, 0x00, 0x00, 0x00, 0x00, 0x00, 0x00, 0x00, 0x00,
  0x00, 0x00, 0x00, 0x00, 0x00, 0x00, 0x00, 0x00, 0x00, 0x00, 0x00, 0x00,
  0x00, 0x00, 0x00, 0x00, 0x00, 0x00, 0x00, 0x00, 0x00, 0x00, 0x00, 0x00,
  0x00, 0x00, 0x00, 0x00, 0x00, 0x00, 0x00, 0x00, 0x00, 0x00, 0x00, 0x00,
  0x00, 0x00, 0x00, 0x00, 0x00, 0x00, 0x00, 0x00, 0x00, 0x00, 0x00, 0x00,
  0x00, 0x00, 0x00, 0x00, 0x00, 0x00, 0x00, 0x00, 0x00, 0x00, 0x00, 0x00,
  0x00, 0x00, 0x00, 0x00, 0x00, 0x00, 0x00, 0x00, 0x00, 0x00, 0x00, 0x00,
  0x00, 0x00, 0x00, 0x00, 0x00, 0x00, 0x00, 0x00, 0x10, 0x00, 0x00, 0x00,
  0xa2, 0x03, 0x7b, 0x3b, 0xaf, 0xb3, 0x78, 0x3b, 0x41, 0x0b, 0x2d, 0x3b,
  0x0e, 0xdd, 0x39, 0x3b, 0x7a, 0xd3, 0x17, 0x3b, 0x63, 0x89, 0x66, 0x3b,
  0xdc, 0x56, 0x65, 0x3b, 0xeb, 0x67, 0x98, 0x3b, 0xf7, 0xfb, 0x55, 0x3b,
  0x75, 0xb6, 0x69, 0x3b, 0xeb, 0xfa, 0x61, 0x3b, 0x0f, 0x6a, 0x41, 0x3b,
  0xc9, 0x29, 0x17, 0x3b, 0x61, 0x90, 0x45, 0x3b, 0x91, 0x68, 0x3b, 0x3b,
  0xe5, 0xb2, 0x6a, 0x3b, 0x70, 0x00, 0x00, 0x00, 0x6d, 0x6f, 0x64, 0x65,
  0x6c, 0x5f, 0x33, 0x30, 0x32, 0x2f, 0x74, 0x66, 0x2e, 0x6e, 0x6e, 0x2e,
  0x72, 0x65, 0x6c, 0x75, 0x5f, 0x34, 0x34, 0x32, 0x2f, 0x52, 0x65, 0x6c,
  0x75, 0x3b, 0x6d, 0x6f, 0x64, 0x65, 0x6c, 0x5f, 0x33, 0x30, 0x32, 0x2f,
  0x74, 0x66, 0x2e, 0x6d, 0x61, 0x74, 0x68, 0x2e, 0x61, 0x64, 0x64, 0x5f,
  0x34, 0x34, 0x32, 0x2f, 0x41, 0x64, 0x64, 0x3b, 0x6d, 0x6f, 0x64, 0x65,
  0x6c, 0x5f, 0x33, 0x30, 0x32, 0x2f, 0x74, 0x66, 0x2e, 0x6e, 0x6e, 0x2e,
  0x63, 0x6f, 0x6e, 0x76, 0x6f, 0x6c, 0x75, 0x74, 0x69, 0x6f, 0x6e, 0x5f,
  0x34, 0x34, 0x32, 0x2f, 0x63, 0x6f, 0x6e, 0x76, 0x6f, 0x6c, 0x75, 0x74,
  0x69, 0x6f, 0x6e, 0x3b, 0x43, 0x6f, 0x6e, 0x73, 0x74, 0x5f, 0x34, 0x38,
  0x00, 0x00, 0x00, 0x00, 0x01, 0x00, 0x00, 0x00, 0x10, 0x00, 0x00, 0x00,
  0xf2, 0xe8, 0xff, 0xff, 0x00, 0x00, 0x00, 0x01, 0x14, 0x00, 0x00, 0x00,
  0xe8, 0x00, 0x00, 0x00, 0x1d, 0x00, 0x00, 0x00, 0x00, 0x00, 0x00, 0x09,
  0xf4, 0x00, 0x00, 0x00, 0xdc, 0xe8, 0xff, 0xff, 0x08, 0x00, 0x00, 0x00,
  0x8c, 0x00, 0x00, 0x00, 0x10, 0x00, 0x00, 0x00, 0x00, 0x00, 0x00, 0x00,
  0x00, 0x00, 0x00, 0x00, 0x00, 0x00, 0x00, 0x00, 0x00, 0x00, 0x00, 0x00,
  0x00, 0x00, 0x00, 0x00, 0x00, 0x00, 0x00, 0x00, 0x00, 0x00, 0x00, 0x00,
  0x00, 0x00, 0x00, 0x00, 0x00, 0x00, 0x00, 0x00, 0x00, 0x00, 0x00, 0x00,
  0x00, 0x00, 0x00, 0x00, 0x00, 0x00, 0x00, 0x00, 0x00, 0x00, 0x00, 0x00,
  0x00, 0x00, 0x00, 0x00, 0x00, 0x00, 0x00, 0x00, 0x00, 0x00, 0x00, 0x00,
  0x00, 0x00, 0x00, 0x00, 0x00, 0x00, 0x00, 0x00, 0x00, 0x00, 0x00, 0x00,
  0x00, 0x00, 0x00, 0x00, 0x00, 0x00, 0x00, 0x00, 0x00, 0x00, 0x00, 0x00,
  0x00, 0x00, 0x00, 0x00, 0x00, 0x00, 0x00, 0x00, 0x00, 0x00, 0x00, 0x00,
  0x00, 0x00, 0x00, 0x00, 0x00, 0x00, 0x00, 0x00, 0x00, 0x00, 0x00, 0x00,
  0x00, 0x00, 0x00, 0x00, 0x00, 0x00, 0x00, 0x00, 0x00, 0x00, 0x00, 0x00,
  0x00, 0x00, 0x00, 0x00, 0x00, 0x00, 0x00, 0x00, 0x10, 0x00, 0x00, 0x00,
  0xab, 0x6f, 0xa9, 0x3b, 0x95, 0x73, 0x7e, 0x3b, 0xf9, 0x75, 0x87, 0x3b,
  0x54, 0xad, 0xa0, 0x3b, 0xc8, 0x22, 0x97, 0x3b, 0x25, 0x4b, 0x95, 0x3b,
  0x62, 0x9b, 0xa2, 0x3b, 0x66, 0x42, 0x97, 0x3b, 0x9d, 0x5d, 0x8d, 0x3b,
  0xbf, 0x86, 0x93, 0x3b, 0x58, 0xc2, 0x8d, 0x3b, 0xd0, 0xb1, 0x86, 0x3b,
  0x60, 0x37, 0xb0, 0x3b, 0xec, 0xa7, 0xa6, 0x3b, 0x31, 0x16, 0x9a, 0x3b,
  0x67, 0x03, 0xa8, 0x3b, 0x10, 0x00, 0x00, 0x00, 0x61, 0x72, 0x69, 0x74,
  0x68, 0x2e, 0x63, 0x6f, 0x6e, 0x73, 0x74, 0x61, 0x6e, 0x74, 0x33, 0x31,
  0x00, 0x00, 0x00, 0x00, 0x02, 0x00, 0x00, 0x00, 0x10, 0x00, 0x00, 0x00,
  0x10, 0x00, 0x00, 0x00, 0x0a, 0xea, 0xff, 0xff, 0x00, 0x00, 0x00, 0x01,
  0x14, 0x00, 0x00, 0x00, 0xe8, 0x00, 0x00, 0x00, 0x1c, 0x00, 0x00, 0x00,
  0x00, 0x00, 0x00, 0x02, 0x30, 0x01, 0x00, 0x00, 0xf4, 0xe9, 0xff, 0xff,
  0x08, 0x00, 0x00, 0x00, 0x8c, 0x00, 0x00, 0x00, 0x10, 0x00, 0x00, 0x00,
  0x00, 0x00, 0x00, 0x00, 0x00, 0x00, 0x00, 0x00, 0x00, 0x00, 0x00, 0x00,
  0x00, 0x00, 0x00, 0x00, 0x00, 0x00, 0x00, 0x00, 0x00, 0x00, 0x00, 0x00,
  0x00, 0x00, 0x00, 0x00, 0x00, 0x00, 0x00, 0x00, 0x00, 0x00, 0x00, 0x00,
  0x00, 0x00, 0x00, 0x00, 0x00, 0x00, 0x00, 0x00, 0x00, 0x00, 0x00, 0x00,
  0x00, 0x00, 0x00, 0x00, 0x00, 0x00, 0x00, 0x00, 0x00, 0x00, 0x00, 0x00,
  0x00, 0x00, 0x00, 0x00, 0x00, 0x00, 0x00, 0x00, 0x00, 0x00, 0x00, 0x00,
  0x00, 0x00, 0x00, 0x00, 0x00, 0x00, 0x00, 0x00, 0x00, 0x00, 0x00, 0x00,
  0x00, 0x00, 0x00, 0x00, 0x00, 0x00, 0x00, 0x00, 0x00, 0x00, 0x00, 0x00,
  0x00, 0x00, 0x00, 0x00, 0x00, 0x00, 0x00, 0x00, 0x00, 0x00, 0x00, 0x00,
  0x00, 0x00, 0x00, 0x00, 0x00, 0x00, 0x00, 0x00, 0x00, 0x00, 0x00, 0x00,
  0x00, 0x00, 0x00, 0x00, 0x00, 0x00, 0x00, 0x00, 0x00, 0x00, 0x00, 0x00,
  0x10, 0x00, 0x00, 0x00, 0xd8, 0xcb, 0xaa, 0x3b, 0x3a, 0x3f, 0x80, 0x3b,
  0x55, 0x8c, 0x88, 0x3b, 0x81, 0xf7, 0xa1, 0x3b, 0x5a, 0x59, 0x98, 0x3b,
  0xee, 0x7d, 0x96, 0x3b, 0x86, 0xe9, 0xa3, 0x3b, 0x39, 0x79, 0x98, 0x3b,
  0x1b, 0x80, 0x8e, 0x3b, 0xe6, 0xb5, 0x94, 0x3b, 0xa5, 0xe5, 0x8e, 0x3b,
  0x99, 0xc6, 0x87, 0x3b, 0x7b, 0xa1, 0xb1, 0x3b, 0x62, 0xfe, 0xa7, 0x3b,
  0xd3, 0x52, 0x9b, 0x3b, 0xa7, 0x5c, 0xa9, 0x3b, 0x4f, 0x00, 0x00, 0x00,
  0x6d, 0x6f, 0x64, 0x65, 0x6c, 0x5f, 0x33, 0x30, 0x32, 0x2f, 0x74, 0x66,
  0x2e, 0x6d, 0x61, 0x74, 0x68, 0x2e, 0x61, 0x64, 0x64, 0x5f, 0x34, 0x34,
  0x33, 0x2f, 0x41, 0x64, 0x64, 0x3b, 0x6d, 0x6f, 0x64, 0x65, 0x6c, 0x5f,
  0x33, 0x30, 0x32, 0x2f, 0x74, 0x66, 0x2e, 0x5f, 0x5f, 0x6f, 0x70, 0x65,
  0x72, 0x61, 0x74, 0x6f, 0x72, 0x73, 0x5f, 0x5f, 0x2e, 0x61, 0x64, 0x64,
  0x5f, 0x33, 0x30, 0x39, 0x2f, 0x41, 0x64, 0x64, 0x56, 0x32, 0x3b, 0x43,
  0x6f, 0x6e, 0x73, 0x74, 0x5f, 0x34, 0x34, 0x00, 0x01, 0x00, 0x00, 0x00,
  0x10, 0x00, 0x00, 0x00, 0x5a, 0xeb, 0xff, 0xff, 0x00, 0x00, 0x00, 0x01,
  0x14, 0x00, 0x00, 0x00, 0xe8, 0x00, 0x00, 0x00, 0x1b, 0x00, 0x00, 0x00,
  0x00, 0x00, 0x00, 0x09, 0xf4, 0x00, 0x00, 0x00, 0x44, 0xeb, 0xff, 0xff,
  0x08, 0x00, 0x00, 0x00, 0x8c, 0x00, 0x00, 0x00, 0x10, 0x00, 0x00, 0x00,
  0x00, 0x00, 0x00, 0x00, 0x00, 0x00, 0x00, 0x00, 0x00, 0x00, 0x00, 0x00,
  0x00, 0x00, 0x00, 0x00, 0x00, 0x00, 0x00, 0x00, 0x00, 0x00, 0x00, 0x00,
  0x00, 0x00, 0x00, 0x00, 0x00, 0x00, 0x00, 0x00, 0x00, 0x00, 0x00, 0x00,
  0x00, 0x00, 0x00, 0x00, 0x00, 0x00, 0x00, 0x00, 0x00, 0x00, 0x00, 0x00,
  0x00, 0x00, 0x00, 0x00, 0x00, 0x00, 0x00, 0x00, 0x00, 0x00, 0x00, 0x00,
  0x00, 0x00, 0x00, 0x00, 0x00, 0x00, 0x00, 0x00, 0x00, 0x00, 0x00, 0x00,
  0x00, 0x00, 0x00, 0x00, 0x00, 0x00, 0x00, 0x00, 0x00, 0x00, 0x00, 0x00,
  0x00, 0x00, 0x00, 0x00, 0x00, 0x00, 0x00, 0x00, 0x00, 0x00, 0x00, 0x00,
  0x00, 0x00, 0x00, 0x00, 0x00, 0x00, 0x00, 0x00, 0x00, 0x00, 0x00, 0x00,
  0x00, 0x00, 0x00, 0x00, 0x00, 0x00, 0x00, 0x00, 0x00, 0x00, 0x00, 0x00,
  0x00, 0x00, 0x00, 0x00, 0x00, 0x00, 0x00, 0x00, 0x00, 0x00, 0x00, 0x00,
  0x10, 0x00, 0x00, 0x00, 0xd7, 0x6a, 0xb7, 0x3b, 0x21, 0xc6, 0x2b, 0x3b,
  0x73, 0x5e, 0xa8, 0x3b, 0x02, 0x0c, 0xca, 0x3b, 0xbb, 0x8e, 0xcc, 0x3a,
  0xf5, 0xf7, 0x35, 0x3b, 0x2e, 0x9e, 0x5e, 0x3b, 0xa9, 0x6d, 0x8e, 0x3b,
  0x3c, 0xba, 0x34, 0x3b, 0xb7, 0x69, 0x6d, 0x3b, 0xd0, 0x24, 0x56, 0x3b,
  0x4b, 0x28, 0x87, 0x3b, 0x4a, 0x59, 0xc7, 0x3b, 0x87, 0x0a, 0xb9, 0x3b,
  0x6d, 0xd6, 0xd7, 0x3b, 0xc2, 0x84, 0xcf, 0x3b, 0x10, 0x00, 0x00, 0x00,
  0x61, 0x72, 0x69, 0x74, 0x68, 0x2e, 0x63, 0x6f, 0x6e, 0x73, 0x74, 0x61,
  0x6e, 0x74, 0x32, 0x31, 0x00, 0x00, 0x00, 0x00, 0x02, 0x00, 0x00, 0x00,
  0x10, 0x00, 0x00, 0x00, 0x04, 0x00, 0x00, 0x00, 0x72, 0xec, 0xff, 0xff,
  0x00, 0x00, 0x00, 0x01, 0x14, 0x00, 0x00, 0x00, 0xe4, 0x00, 0x00, 0x00,
  0x1a, 0x00, 0x00, 0x00, 0x00, 0x00, 0x00, 0x02, 0xf0, 0x00, 0x00, 0x00,
  0x5c, 0xec, 0xff, 0xff, 0x08, 0x00, 0x00, 0x00, 0x88, 0x00, 0x00, 0x00,
  0x10, 0x00, 0x00, 0x00, 0x00, 0x00, 0x00, 0x00, 0x00, 0x00, 0x00, 0x00,
  0x00, 0x00, 0x00, 0x00, 0x00, 0x00, 0x00, 0x00, 0x00, 0x00, 0x00, 0x00,
  0x00, 0x00, 0x00, 0x00, 0x00, 0x00, 0x00, 0x00, 0x00, 0x00, 0x00, 0x00,
  0x00, 0x00, 0x00, 0x00, 0x00, 0x00, 0x00, 0x00, 0x00, 0x00, 0x00, 0x00,
  0x00, 0x00, 0x00, 0x00, 0x00, 0x00, 0x00, 0x00, 0x00, 0x00, 0x00, 0x00,
  0x00, 0x00, 0x00, 0x00, 0x00, 0x00, 0x00, 0x00, 0x00, 0x00, 0x00, 0x00,
  0x00, 0x00, 0x00, 0x00, 0x00, 0x00, 0x00, 0x00, 0x00, 0x00, 0x00, 0x00,
  0x00, 0x00, 0x00, 0x00, 0x00, 0x00, 0x00, 0x00, 0x00, 0x00, 0x00, 0x00,
  0x00, 0x00, 0x00, 0x00, 0x00, 0x00, 0x00, 0x00, 0x00, 0x00, 0x00, 0x00,
  0x00, 0x00, 0x00, 0x00, 0x00, 0x00, 0x00, 0x00, 0x00, 0x00, 0x00, 0x00,
  0x00, 0x00, 0x00, 0x00, 0x00, 0x00, 0x00, 0x00, 0x00, 0x00, 0x00, 0x00,
  0x10, 0x00, 0x00, 0x00, 0xe7, 0x22, 0x38, 0x38, 0x81, 0x72, 0xac, 0x37,
  0x69, 0x07, 0x29, 0x38, 0xc4, 0xd6, 0x4a, 0x38, 0x02, 0x5c, 0x4d, 0x37,
  0x90, 0xae, 0xb6, 0x37, 0x94, 0x7d, 0xdf, 0x37, 0x97, 0xfc, 0x0e, 0x38,
  0x99, 0x6f, 0xb5, 0x37, 0xf6, 0x57, 0xee, 0x37, 0xb5, 0xfb, 0xd6, 0x37,
  0xed, 0xaf, 0x07, 0x38, 0x56, 0x21, 0x48, 0x38, 0x38, 0xc4, 0x39, 0x38,
  0x05, 0xaf, 0x58, 0x38, 0x01, 0x55, 0x50, 0x38, 0x10, 0x00, 0x00, 0x00,
  0x61, 0x72, 0x69, 0x74, 0x68, 0x2e, 0x63, 0x6f, 0x6e, 0x73, 0x74, 0x61,
  0x6e, 0x74, 0x31, 0x37, 0x00, 0x00, 0x00, 0x00, 0x01, 0x00, 0x00, 0x00,
  0x10, 0x00, 0x00, 0x00, 0x82, 0xed, 0xff, 0xff, 0x00, 0x00, 0x00, 0x01,
  0x14, 0x00, 0x00, 0x00, 0xe4, 0x00, 0x00, 0x00, 0x19, 0x00, 0x00, 0x00,
  0x00, 0x00, 0x00, 0x02, 0xf0, 0x00, 0x00, 0x00, 0x6c, 0xed, 0xff, 0xff,
  0x08, 0x00, 0x00, 0x00, 0x88, 0x00, 0x00, 0x00, 0x10, 0x00, 0x00, 0x00,
  0x00, 0x00, 0x00, 0x00, 0x00, 0x00, 0x00, 0x00, 0x00, 0x00, 0x00, 0x00,
  0x00, 0x00, 0x00, 0x00, 0x00, 0x00, 0x00, 0x00, 0x00, 0x00, 0x00, 0x00,
  0x00, 0x00, 0x00, 0x00, 0x00, 0x00, 0x00, 0x00, 0x00, 0x00, 0x00, 0x00,
  0x00, 0x00, 0x00, 0x00, 0x00, 0x00, 0x00, 0x00, 0x00, 0x00, 0x00, 0x00,
  0x00, 0x00, 0x00, 0x00, 0x00, 0x00, 0x00, 0x00, 0x00, 0x00, 0x00, 0x00,
  0x00, 0x00, 0x00, 0x00, 0x00, 0x00, 0x00, 0x00, 0x00, 0x00, 0x00, 0x00,
  0x00, 0x00, 0x00, 0x00, 0x00, 0x00, 0x00, 0x00, 0x00, 0x00, 0x00, 0x00,
  0x00, 0x00, 0x00, 0x00, 0x00, 0x00, 0x00, 0x00, 0x00, 0x00, 0x00, 0x00,
  0x00, 0x00, 0x00, 0x00, 0x00, 0x00, 0x00, 0x00, 0x00, 0x00, 0x00, 0x00,
  0x00, 0x00, 0x00, 0x00, 0x00, 0x00, 0x00, 0x00, 0x00, 0x00, 0x00, 0x00,
  0x00, 0x00, 0x00, 0x00, 0x00, 0x00, 0x00, 0x00, 0x10, 0x00, 0x00, 0x00,
  0x67, 0x22, 0x38, 0x38, 0x0a, 0x72, 0xac, 0x37, 0xf4, 0x06, 0x29, 0x38,
  0x37, 0xd6, 0x4a, 0x38, 0x73, 0x5b, 0x4d, 0x37, 0x12, 0xae, 0xb6, 0x37,
  0xf9, 0x7c, 0xdf, 0x37, 0x34, 0xfc, 0x0e, 0x38, 0x1b, 0x6f, 0xb5, 0x37,
  0x51, 0x57, 0xee, 0x37, 0x20, 0xfb, 0xd6, 0x37, 0x8f, 0xaf, 0x07, 0x38,
  0xcc, 0x20, 0x48, 0x38, 0xb7, 0xc3, 0x39, 0x38, 0x6f, 0xae, 0x58, 0x38,
  0x71, 0x54, 0x50, 0x38, 0x10, 0x00, 0x00, 0x00, 0x61, 0x72, 0x69, 0x74,
  0x68, 0x2e, 0x63, 0x6f, 0x6e, 0x73, 0x74, 0x61, 0x6e, 0x74, 0x31, 0x36,
  0x00, 0x00, 0x00, 0x00, 0x01, 0x00, 0x00, 0x00, 0x10, 0x00, 0x00, 0x00,
  0x92, 0xee, 0xff, 0xff, 0x00, 0x00, 0x00, 0x01, 0x14, 0x00, 0x00, 0x00,
  0xe4, 0x00, 0x00, 0x00, 0x18, 0x00, 0x00, 0x00, 0x00, 0x00, 0x00, 0x02,
  0xf0, 0x00, 0x00, 0x00, 0x7c, 0xee, 0xff, 0xff, 0x08, 0x00, 0x00, 0x00,
  0x88, 0x00, 0x00, 0x00, 0x10, 0x00, 0x00, 0x00, 0x00, 0x00, 0x00, 0x00,
  0x00, 0x00, 0x00, 0x00, 0x00, 0x00, 0x00, 0x00, 0x00, 0x00, 0x00, 0x00,
  0x00, 0x00, 0x00, 0x00, 0x00, 0x00, 0x00, 0x00, 0x00, 0x00, 0x00, 0x00,
  0x00, 0x00, 0x00, 0x00, 0x00, 0x00, 0x00, 0x00, 0x00, 0x00, 0x00, 0x00,
  0x00, 0x00, 0x00, 0x00, 0x00, 0x00, 0x00, 0x00, 0x00, 0x00, 0x00, 0x00,
  0x00, 0x00, 0x00, 0x00, 0x00, 0x00, 0x00, 0x00, 0x00, 0x00, 0x00, 0x00,
  0x00, 0x00, 0x00, 0x00, 0x00, 0x00, 0x00, 0x00, 0x00, 0x00, 0x00, 0x00,
  0x00, 0x00, 0x00, 0x00, 0x00, 0x00, 0x00, 0x00, 0x00, 0x00, 0x00, 0x00,
  0x00, 0x00, 0x00, 0x00, 0x00, 0x00, 0x00, 0x00, 0x00, 0x00, 0x00, 0x00,
  0x00, 0x00, 0x00, 0x00, 0x00, 0x00, 0x00, 0x00, 0x00, 0x00, 0x00, 0x00,
  0x00, 0x00, 0x00, 0x00, 0x00, 0x00, 0x00, 0x00, 0x00, 0x00, 0x00, 0x00,
  0x00, 0x00, 0x00, 0x00, 0x10, 0x00, 0x00, 0x00, 0xb4, 0x1e, 0x38, 0x38,
  0x93, 0x6e, 0xac, 0x37, 0x8e, 0x03, 0x29, 0x38, 0x24, 0xd2, 0x4a, 0x38,
  0x53, 0x57, 0x4d, 0x37, 0x66, 0xaa, 0xb6, 0x37, 0x7c, 0x78, 0xdf, 0x37,
  0x54, 0xf9, 0x0e, 0x38, 0x76, 0x6b, 0xb5, 0x37, 0x87, 0x52, 0xee, 0x37,
  0xce, 0xf6, 0xd6, 0x37, 0xd5, 0xac, 0x07, 0x38, 0xc6, 0x1c, 0x48, 0x38,
  0xfc, 0xbf, 0x39, 0x38, 0x15, 0xaa, 0x58, 0x38, 0x41, 0x50, 0x50, 0x38,
  0x10, 0x00, 0x00, 0x00, 0x61, 0x72, 0x69, 0x74, 0x68, 0x2e, 0x63, 0x6f,
  0x6e, 0x73, 0x74, 0x61, 0x6e, 0x74, 0x31, 0x35, 0x00, 0x00, 0x00, 0x00,
  0x01, 0x00, 0x00, 0x00, 0x10, 0x00, 0x00, 0x00, 0xa2, 0xef, 0xff, 0xff,
  0x00, 0x00, 0x00, 0x01, 0x14, 0x00, 0x00, 0x00, 0xe4, 0x00, 0x00, 0x00,
  0x17, 0x00, 0x00, 0x00, 0x00, 0x00, 0x00, 0x02, 0xf0, 0x00, 0x00, 0x00,
  0x8c, 0xef, 0xff, 0xff, 0x08, 0x00, 0x00, 0x00, 0x88, 0x00, 0x00, 0x00,
  0x10, 0x00, 0x00, 0x00, 0x00, 0x00, 0x00, 0x00, 0x00, 0x00, 0x00, 0x00,
  0x00, 0x00, 0x00, 0x00, 0x00, 0x00, 0x00, 0x00, 0x00, 0x00, 0x00, 0x00,
  0x00, 0x00, 0x00, 0x00, 0x00, 0x00, 0x00, 0x00, 0x00, 0x00, 0x00, 0x00,
  0x00, 0x00, 0x00, 0x00, 0x00, 0x00, 0x00, 0x00, 0x00, 0x00, 0x00, 0x00,
  0x00, 0x00, 0x00, 0x00, 0x00, 0x00, 0x00, 0x00, 0x00, 0x00, 0x00, 0x00,
  0x00, 0x00, 0x00, 0x00, 0x00, 0x00, 0x00, 0x00, 0x00, 0x00, 0x00, 0x00,
  0x00, 0x00, 0x00, 0x00, 0x00, 0x00, 0x00, 0x00, 0x00, 0x00, 0x00, 0x00,
  0x00, 0x00, 0x00, 0x00, 0x00, 0x00, 0x00, 0x00, 0x00, 0x00, 0x00, 0x00,
  0x00, 0x00, 0x00, 0x00, 0x00, 0x00, 0x00, 0x00, 0x00, 0x00, 0x00, 0x00,
  0x00, 0x00, 0x00, 0x00, 0x00, 0x00, 0x00, 0x00, 0x00, 0x00, 0x00, 0x00,
  0x00, 0x00, 0x00, 0x00, 0x00, 0x00, 0x00, 0x00, 0x00, 0x00, 0x00, 0x00,
  0x10, 0x00, 0x00, 0x00, 0x5d, 0x03, 0x38, 0x38, 0xf9, 0x54, 0xac, 0x37,
  0x76, 0xea, 0x28, 0x38, 0x06, 0xb4, 0x4a, 0x38, 0xd6, 0x38, 0x4d, 0x37,
  0x47, 0x8f, 0xb6, 0x37, 0x4e, 0x57, 0xdf, 0x37, 0x1a, 0xe4, 0x0e, 0x38,
  0x86, 0x50, 0xb5, 0x37, 0x24, 0x2f, 0xee, 0x37, 0xe4, 0xd6, 0xd6, 0x37,
  0xb0, 0x98, 0x07, 0x38, 0x10, 0xff, 0x47, 0x38, 0x67, 0xa4, 0x39, 0x38,
  0xe9, 0x89, 0x58, 0x38, 0x53, 0x31, 0x50, 0x38, 0x10, 0x00, 0x00, 0x00,
  0x61, 0x72, 0x69, 0x74, 0x68, 0x2e, 0x63, 0x6f, 0x6e, 0x73, 0x74, 0x61,
  0x6e, 0x74, 0x31, 0x34, 0x00, 0x00, 0x00, 0x00, 0x01, 0x00, 0x00, 0x00,
  0x10, 0x00, 0x00, 0x00, 0xb2, 0xf0, 0xff, 0xff, 0x00, 0x00, 0x00, 0x01,
  0x14, 0x00, 0x00, 0x00, 0xe4, 0x00, 0x00, 0x00, 0x16, 0x00, 0x00, 0x00,
  0x00, 0x00, 0x00, 0x02, 0xf0, 0x00, 0x00, 0x00, 0x9c, 0xf0, 0xff, 0xff,
  0x08, 0x00, 0x00, 0x00, 0x88, 0x00, 0x00, 0x00, 0x10, 0x00, 0x00, 0x00,
  0x00, 0x00, 0x00, 0x00, 0x00, 0x00, 0x00, 0x00, 0x00, 0x00, 0x00, 0x00,
  0x00, 0x00, 0x00, 0x00, 0x00, 0x00, 0x00, 0x00, 0x00, 0x00, 0x00, 0x00,
  0x00, 0x00, 0x00, 0x00, 0x00, 0x00, 0x00, 0x00, 0x00, 0x00, 0x00, 0x00,
  0x00, 0x00, 0x00, 0x00, 0x00, 0x00, 0x00, 0x00, 0x00, 0x00, 0x00, 0x00,
  0x00, 0x00, 0x00, 0x00, 0x00, 0x00, 0x00, 0x00, 0x00, 0x00, 0x00, 0x00,
  0x00, 0x00, 0x00, 0x00, 0x00, 0x00, 0x00, 0x00, 0x00, 0x00, 0x00, 0x00,
  0x00, 0x00, 0x00, 0x00, 0x00, 0x00, 0x00, 0x00, 0x00, 0x00, 0x00, 0x00,
  0x00, 0x00, 0x00, 0x00, 0x00, 0x00, 0x00, 0x00, 0x00, 0x00, 0x00, 0x00,
  0x00, 0x00, 0x00, 0x00, 0x00, 0x00, 0x00, 0x00, 0x00, 0x00, 0x00, 0x00,
  0x00, 0x00, 0x00, 0x00, 0x00, 0x00, 0x00, 0x00, 0x00, 0x00, 0x00, 0x00,
  0x00, 0x00, 0x00, 0x00, 0x00, 0x00, 0x00, 0x00, 0x10, 0x00, 0x00, 0x00,
  0xde, 0x39, 0x37, 0x38, 0x44, 0x98, 0xab, 0x37, 0x7f, 0x31, 0x28, 0x38,
  0x10, 0xd6, 0x49, 0x38, 0x1d, 0x58, 0x4c, 0x37, 0x5f, 0xc7, 0xb5, 0x37,
  0xbe, 0x62, 0xde, 0x37, 0xa2, 0x47, 0x0e, 0x38, 0xfb, 0x89, 0xb4, 0x37,
  0x53, 0x2a, 0xed, 0x37, 0xa3, 0xeb, 0xd5, 0x37, 0x35, 0x04, 0x07, 0x38,
  0x10, 0x24, 0x47, 0x38, 0x1f, 0xd9, 0x38, 0x38, 0xcc, 0x9c, 0x57, 0x38,
  0x5a, 0x4d, 0x4f, 0x38, 0x10, 0x00, 0x00, 0x00, 0x61, 0x72, 0x69, 0x74,
  0x68, 0x2e, 0x63, 0x6f, 0x6e, 0x73, 0x74, 0x61, 0x6e, 0x74, 0x31, 0x33,
  0x00, 0x00, 0x00, 0x00, 0x01, 0x00, 0x00, 0x00, 0x10, 0x00, 0x00, 0x00,
  0xc2, 0xf1, 0xff, 0xff, 0x00, 0x00, 0x00, 0x01, 0x14, 0x00, 0x00, 0x00,
  0xe4, 0x00, 0x00, 0x00, 0x15, 0x00, 0x00, 0x00, 0x00, 0x00, 0x00, 0x02,
  0xf0, 0x00, 0x00, 0x00, 0xac, 0xf1, 0xff, 0xff, 0x08, 0x00, 0x00, 0x00,
  0x88, 0x00, 0x00, 0x00, 0x10, 0x00, 0x00, 0x00, 0x00, 0x00, 0x00, 0x00,
  0x00, 0x00, 0x00, 0x00, 0x00, 0x00, 0x00, 0x00, 0x00, 0x00, 0x00, 0x00,
  0x00, 0x00, 0x00, 0x00, 0x00, 0x00, 0x00, 0x00, 0x00, 0x00, 0x00, 0x00,
  0x00, 0x00, 0x00, 0x00, 0x00, 0x00, 0x00, 0x00, 0x00, 0x00, 0x00, 0x00,
  0x00, 0x00, 0x00, 0x00, 0x00, 0x00, 0x00, 0x00, 0x00, 0x00, 0x00, 0x00,
  0x00, 0x00, 0x00, 0x00, 0x00, 0x00, 0x00, 0x00, 0x00, 0x00, 0x00, 0x00,
  0x00, 0x00, 0x00, 0x00, 0x00, 0x00, 0x00, 0x00, 0x00, 0x00, 0x00, 0x00,
  0x00, 0x00, 0x00, 0x00, 0x00, 0x00, 0x00, 0x00, 0x00, 0x00, 0x00, 0x00,
  0x00, 0x00, 0x00, 0x00, 0x00, 0x00, 0x00, 0x00, 0x00, 0x00, 0x00, 0x00,
  0x00, 0x00, 0x00, 0x00, 0x00, 0x00, 0x00, 0x00, 0x00, 0x00, 0x00, 0x00,
  0x00, 0x00, 0x00, 0x00, 0x00, 0x00, 0x00, 0x00, 0x00, 0x00, 0x00, 0x00,
  0x00, 0x00, 0x00, 0x00, 0x10, 0x00, 0x00, 0x00, 0x46, 0x83, 0x31, 0x38,
  0x84, 0x3e, 0xa6, 0x37, 0xe6, 0xf2, 0x22, 0x38, 0xe9, 0x8a, 0x43, 0x38,
  0xf2, 0xf8, 0x45, 0x37, 0x54, 0x1c, 0xb0, 0x37, 0x8e, 0x73, 0xd7, 0x37,
  0xe4, 0xd7, 0x09, 0x38, 0xd6, 0xe8, 0xae, 0x37, 0x2a, 0xc5, 0xe5, 0x37,
  0x06, 0x40, 0xcf, 0x37, 0x71, 0xce, 0x02, 0x38, 0x6e, 0xee, 0x40, 0x38,
  0x94, 0x15, 0x33, 0x38, 0xae, 0xe3, 0x50, 0x38, 0x92, 0xd6, 0x48, 0x38,
  0x10, 0x00, 0x00, 0x00, 0x61, 0x72, 0x69, 0x74, 0x68, 0x2e, 0x63, 0x6f,
  0x6e, 0x73, 0x74, 0x61, 0x6e, 0x74, 0x31, 0x32, 0x00, 0x00, 0x00, 0x00,
  0x01, 0x00, 0x00, 0x00, 0x10, 0x00, 0x00, 0x00, 0xd2, 0xf2, 0xff, 0xff,
  0x00, 0x00, 0x00, 0x01, 0x14, 0x00, 0x00, 0x00, 0xe4, 0x00, 0x00, 0x00,
  0x14, 0x00, 0x00, 0x00, 0x00, 0x00, 0x00, 0x02, 0xf0, 0x00, 0x00, 0x00,
  0xbc, 0xf2, 0xff, 0xff, 0x08, 0x00, 0x00, 0x00, 0x88, 0x00, 0x00, 0x00,
  0x10, 0x00, 0x00, 0x00, 0x00, 0x00, 0x00, 0x00, 0x00, 0x00, 0x00, 0x00,
  0x00, 0x00, 0x00, 0x00, 0x00, 0x00, 0x00, 0x00, 0x00, 0x00, 0x00, 0x00,
  0x00, 0x00, 0x00, 0x00, 0x00, 0x00, 0x00, 0x00, 0x00, 0x00, 0x00, 0x00,
  0x00, 0x00, 0x00, 0x00, 0x00, 0x00, 0x00, 0x00, 0x00, 0x00, 0x00, 0x00,
  0x00, 0x00, 0x00, 0x00, 0x00, 0x00, 0x00, 0x00, 0x00, 0x00, 0x00, 0x00,
  0x00, 0x00, 0x00, 0x00, 0x00, 0x00, 0x00, 0x00, 0x00, 0x00, 0x00, 0x00,
  0x00, 0x00, 0x00, 0x00, 0x00, 0x00, 0x00, 0x00, 0x00, 0x00, 0x00, 0x00,
  0x00, 0x00, 0x00, 0x00, 0x00, 0x00, 0x00, 0x00, 0x00, 0x00, 0x00, 0x00,
  0x00, 0x00, 0x00, 0x00, 0x00, 0x00, 0x00, 0x00, 0x00, 0x00, 0x00, 0x00,
  0x00, 0x00, 0x00, 0x00, 0x00, 0x00, 0x00, 0x00, 0x00, 0x00, 0x00, 0x00,
  0x00, 0x00, 0x00, 0x00, 0x00, 0x00, 0x00, 0x00, 0x00, 0x00, 0x00, 0x00,
  0x10, 0x00, 0x00, 0x00, 0xc5, 0x3c, 0x0c, 0x38, 0xc7, 0x55, 0x83, 0x37,
  0x4f, 0xbb, 0x00, 0x38, 0x30, 0x7b, 0x1a, 0x38, 0x99, 0x66, 0x1c, 0x37,
  0x34, 0x21, 0x8b, 0x37, 0x9a, 0x35, 0xaa, 0x37, 0xc6, 0xcb, 0xd9, 0x37,
  0x47, 0x2e, 0x8a, 0x37, 0x7a, 0x85, 0xb5, 0x37, 0xf1, 0xba, 0xa3, 0x37,
  0x71, 0xad, 0xce, 0x37, 0x13, 0x6b, 0x18, 0x38, 0x99, 0x7a, 0x0d, 0x38,
  0x7a, 0x06, 0x25, 0x38, 0x2c, 0xaa, 0x1e, 0x38, 0x10, 0x00, 0x00, 0x00,
  0x61, 0x72, 0x69, 0x74, 0x68, 0x2e, 0x63, 0x6f, 0x6e, 0x73, 0x74, 0x61,
  0x6e, 0x74, 0x31, 0x31, 0x00, 0x00, 0x00, 0x00, 0x01, 0x00, 0x00, 0x00,
  0x10, 0x00, 0x00, 0x00, 0xe2, 0xf3, 0xff, 0xff, 0x00, 0x00, 0x00, 0x01,
  0x14, 0x00, 0x00, 0x00, 0xe8, 0x00, 0x00, 0x00, 0x0d, 0x00, 0x00, 0x00,
  0x00, 0x00, 0x00, 0x02, 0xf0, 0x00, 0x00, 0x00, 0xcc, 0xf3, 0xff, 0xff,
  0x08, 0x00, 0x00, 0x00, 0x8c, 0x00, 0x00, 0x00, 0x10, 0x00, 0x00, 0x00,
  0x00, 0x00, 0x00, 0x00, 0x00, 0x00, 0x00, 0x00, 0x00, 0x00, 0x00, 0x00,
  0x00, 0x00, 0x00, 0x00, 0x00, 0x00, 0x00, 0x00, 0x00, 0x00, 0x00, 0x00,
  0x00, 0x00, 0x00, 0x00, 0x00, 0x00, 0x00, 0x00, 0x00, 0x00, 0x00, 0x00,
  0x00, 0x00, 0x00, 0x00, 0x00, 0x00, 0x00, 0x00, 0x00, 0x00, 0x00, 0x00,
  0x00, 0x00, 0x00, 0x00, 0x00, 0x00, 0x00, 0x00, 0x00, 0x00, 0x00, 0x00,
  0x00, 0x00, 0x00, 0x00, 0x00, 0x00, 0x00, 0x00, 0x00, 0x00, 0x00, 0x00,
  0x00, 0x00, 0x00, 0x00, 0x00, 0x00, 0x00, 0x00, 0x00, 0x00, 0x00, 0x00,
  0x00, 0x00, 0x00, 0x00, 0x00, 0x00, 0x00, 0x00, 0x00, 0x00, 0x00, 0x00,
  0x00, 0x00, 0x00, 0x00, 0x00, 0x00, 0x00, 0x00, 0x00, 0x00, 0x00, 0x00,
  0x00, 0x00, 0x00, 0x00, 0x00, 0x00, 0x00, 0x00, 0x00, 0x00, 0x00, 0x00,
  0x00, 0x00, 0x00, 0x00, 0x00, 0x00, 0x00, 0x00, 0x00, 0x00, 0x00, 0x00,
  0x10, 0x00, 0x00, 0x00, 0xd8, 0xcb, 0xaa, 0x3b, 0x3a, 0x3f, 0x80, 0x3b,
  0x55, 0x8c, 0x88, 0x3b, 0x81, 0xf7, 0xa1, 0x3b, 0x5a, 0x59, 0x98, 0x3b,
  0xee, 0x7d, 0x96, 0x3b, 0x86, 0xe9, 0xa3, 0x3b, 0x39, 0x79, 0x98, 0x3b,
  0x1b, 0x80, 0x8e, 0x3b, 0xe6, 0xb5, 0x94, 0x3b, 0xa5, 0xe5, 0x8e, 0x3b,
  0x99, 0xc6, 0x87, 0x3b, 0x7b, 0xa1, 0xb1, 0x3b, 0x62, 0xfe, 0xa7, 0x3b,
  0xd3, 0x52, 0x9b, 0x3b, 0xa7, 0x5c, 0xa9, 0x3b, 0x0f, 0x00, 0x00, 0x00,
  0x61, 0x72, 0x69, 0x74, 0x68, 0x2e, 0x63, 0x6f, 0x6e, 0x73, 0x74, 0x61,
  0x6e, 0x74, 0x37, 0x00, 0x01, 0x00, 0x00, 0x00, 0x10, 0x00, 0x00, 0x00,
  0xf2, 0xf4, 0xff, 0xff, 0x00, 0x00, 0x00, 0x01, 0x14, 0x00, 0x00, 0x00,
  0xe8, 0x00, 0x00, 0x00, 0x0d, 0x00, 0x00, 0x00, 0x00, 0x00, 0x00, 0x02,
  0xf0, 0x00, 0x00, 0x00, 0xdc, 0xf4, 0xff, 0xff, 0x08, 0x00, 0x00, 0x00,
  0x8c, 0x00, 0x00, 0x00, 0x10, 0x00, 0x00, 0x00, 0x00, 0x00, 0x00, 0x00,
  0x00, 0x00, 0x00, 0x00, 0x00, 0x00, 0x00, 0x00, 0x00, 0x00, 0x00, 0x00,
  0x00, 0x00, 0x00, 0x00, 0x00, 0x00, 0x00, 0x00, 0x00, 0x00, 0x00, 0x00,
  0x00, 0x00, 0x00, 0x00, 0x00, 0x00, 0x00, 0x00, 0x00, 0x00, 0x00, 0x00,
  0x00, 0x00, 0x00, 0x00, 0x00, 0x00, 0x00, 0x00, 0x00, 0x00, 0x00, 0x00,
  0x00, 0x00, 0x00, 0x00, 0x00, 0x00, 0x00, 0x00, 0x00, 0x00, 0x00, 0x00,
  0x00, 0x00, 0x00, 0x00, 0x00, 0x00, 0x00, 0x00, 0x00, 0x00, 0x00, 0x00,
  0x00, 0x00, 0x00, 0x00, 0x00, 0x00, 0x00, 0x00, 0x00, 0x00, 0x00, 0x00,
  0x00, 0x00, 0x00, 0x00, 0x00, 0x00, 0x00, 0x00, 0x00, 0x00, 0x00, 0x00,
  0x00, 0x00, 0x00, 0x00, 0x00, 0x00, 0x00, 0x00, 0x00, 0x00, 0x00, 0x00,
  0x00, 0x00, 0x00, 0x00, 0x00, 0x00, 0x00, 0x00, 0x00, 0x00, 0x00, 0x00,
  0x00, 0x00, 0x00, 0x00, 0x00, 0x00, 0x00, 0x00, 0x10, 0x00, 0x00, 0x00,
  0xd8, 0xcb, 0xaa, 0x3b, 0x3a, 0x3f, 0x80, 0x3b, 0x55, 0x8c, 0x88, 0x3b,
  0x81, 0xf7, 0xa1, 0x3b, 0x5a, 0x59, 0x98, 0x3b, 0xee, 0x7d, 0x96, 0x3b,
  0x86, 0xe9, 0xa3, 0x3b, 0x39, 0x79, 0x98, 0x3b, 0x1b, 0x80, 0x8e, 0x3b,
  0xe6, 0xb5, 0x94, 0x3b, 0xa5, 0xe5, 0x8e, 0x3b, 0x99, 0xc6, 0x87, 0x3b,
  0x7b, 0xa1, 0xb1, 0x3b, 0x62, 0xfe, 0xa7, 0x3b, 0xd3, 0x52, 0x9b, 0x3b,
  0xa7, 0x5c, 0xa9, 0x3b, 0x0f, 0x00, 0x00, 0x00, 0x61, 0x72, 0x69, 0x74,
  0x68, 0x2e, 0x63, 0x6f, 0x6e, 0x73, 0x74, 0x61, 0x6e, 0x74, 0x36, 0x00,
  0x01, 0x00, 0x00, 0x00, 0x10, 0x00, 0x00, 0x00, 0x02, 0xf6, 0xff, 0xff,
  0x00, 0x00, 0x00, 0x01, 0x14, 0x00, 0x00, 0x00, 0xe8, 0x00, 0x00, 0x00,
  0x0d, 0x00, 0x00, 0x00, 0x00, 0x00, 0x00, 0x02, 0xf0, 0x00, 0x00, 0x00,
  0xec, 0xf5, 0xff, 0xff, 0x08, 0x00, 0x00, 0x00, 0x8c, 0x00, 0x00, 0x00,
  0x10, 0x00, 0x00, 0x00, 0x00, 0x00, 0x00, 0x00, 0x00, 0x00, 0x00, 0x00,
  0x00, 0x00, 0x00, 0x00, 0x00, 0x00, 0x00, 0x00, 0x00, 0x00, 0x00, 0x00,
  0x00, 0x00, 0x00, 0x00, 0x00, 0x00, 0x00, 0x00, 0x00, 0x00, 0x00, 0x00,
  0x00, 0x00, 0x00, 0x00, 0x00, 0x00, 0x00, 0x00, 0x00, 0x00, 0x00, 0x00,
  0x00, 0x00, 0x00, 0x00, 0x00, 0x00, 0x00, 0x00, 0x00, 0x00, 0x00, 0x00,
  0x00, 0x00, 0x00, 0x00, 0x00, 0x00, 0x00, 0x00, 0x00, 0x00, 0x00, 0x00,
  0x00, 0x00, 0x00, 0x00, 0x00, 0x00, 0x00, 0x00, 0x00, 0x00, 0x00, 0x00,
  0x00, 0x00, 0x00, 0x00, 0x00, 0x00, 0x00, 0x00, 0x00, 0x00, 0x00, 0x00,
  0x00, 0x00, 0x00, 0x00, 0x00, 0x00, 0x00, 0x00, 0x00, 0x00, 0x00, 0x00,
  0x00, 0x00, 0x00, 0x00, 0x00, 0x00, 0x00, 0x00, 0x00, 0x00, 0x00, 0x00,
  0x00, 0x00, 0x00, 0x00, 0x00, 0x00, 0x00, 0x00, 0x00, 0x00, 0x00, 0x00,
  0x00, 0x00, 0x00, 0x00, 0x10, 0x00, 0x00, 0x00, 0xd8, 0xcb, 0xaa, 0x3b,
  0x3a, 0x3f, 0x80, 0x3b, 0x55, 0x8c, 0x88, 0x3b, 0x81, 0xf7, 0xa1, 0x3b,
  0x5a, 0x59, 0x98, 0x3b, 0xee, 0x7d, 0x96, 0x3b, 0x86, 0xe9, 0xa3, 0x3b,
  0x39, 0x79, 0x98, 0x3b, 0x1b, 0x80, 0x8e, 0x3b, 0xe6, 0xb5, 0x94, 0x3b,
  0xa5, 0xe5, 0x8e, 0x3b, 0x99, 0xc6, 0x87, 0x3b, 0x7b, 0xa1, 0xb1, 0x3b,
  0x62, 0xfe, 0xa7, 0x3b, 0xd3, 0x52, 0x9b, 0x3b, 0xa7, 0x5c, 0xa9, 0x3b,
  0x0f, 0x00, 0x00, 0x00, 0x61, 0x72, 0x69, 0x74, 0x68, 0x2e, 0x63, 0x6f,
  0x6e, 0x73, 0x74, 0x61, 0x6e, 0x74, 0x35, 0x00, 0x01, 0x00, 0x00, 0x00,
  0x10, 0x00, 0x00, 0x00, 0x12, 0xf7, 0xff, 0xff, 0x00, 0x00, 0x00, 0x01,
  0x14, 0x00, 0x00, 0x00, 0xe8, 0x00, 0x00, 0x00, 0x0d, 0x00, 0x00, 0x00,
  0x00, 0x00, 0x00, 0x02, 0xf0, 0x00, 0x00, 0x00, 0xfc, 0xf6, 0xff, 0xff,
  0x08, 0x00, 0x00, 0x00, 0x8c, 0x00, 0x00, 0x00, 0x10, 0x00, 0x00, 0x00,
  0x00, 0x00, 0x00, 0x00, 0x00, 0x00, 0x00, 0x00, 0x00, 0x00, 0x00, 0x00,
  0x00, 0x00, 0x00, 0x00, 0x00, 0x00, 0x00, 0x00, 0x00, 0x00, 0x00, 0x00,
  0x00, 0x00, 0x00, 0x00, 0x00, 0x00, 0x00, 0x00, 0x00, 0x00, 0x00, 0x00,
  0x00, 0x00, 0x00, 0x00, 0x00, 0x00, 0x00, 0x00, 0x00, 0x00, 0x00, 0x00,
  0x00, 0x00, 0x00, 0x00, 0x00, 0x00, 0x00, 0x00, 0x00, 0x00, 0x00, 0x00,
  0x00, 0x00, 0x00, 0x00, 0x00, 0x00, 0x00, 0x00, 0x00, 0x00, 0x00, 0x00,
  0x00, 0x00, 0x00, 0x00, 0x00, 0x00, 0x00, 0x00, 0x00, 0x00, 0x00, 0x00,
  0x00, 0x00, 0x00, 0x00, 0x00, 0x00, 0x00, 0x00, 0x00, 0x00, 0x00, 0x00,
  0x00, 0x00, 0x00, 0x00, 0x00, 0x00, 0x00, 0x00, 0x00, 0x00, 0x00, 0x00,
  0x00, 0x00, 0x00, 0x00, 0x00, 0x00, 0x00, 0x00, 0x00, 0x00, 0x00, 0x00,
  0x00, 0x00, 0x00, 0x00, 0x00, 0x00, 0x00, 0x00, 0x00, 0x00, 0x00, 0x00,
  0x10, 0x00, 0x00, 0x00, 0xd8, 0xcb, 0xaa, 0x3b, 0x3a, 0x3f, 0x80, 0x3b,
  0x55, 0x8c, 0x88, 0x3b, 0x81, 0xf7, 0xa1, 0x3b, 0x5a, 0x59, 0x98, 0x3b,
  0xee, 0x7d, 0x96, 0x3b, 0x86, 0xe9, 0xa3, 0x3b, 0x39, 0x79, 0x98, 0x3b,
  0x1b, 0x80, 0x8e, 0x3b, 0xe6, 0xb5, 0x94, 0x3b, 0xa5, 0xe5, 0x8e, 0x3b,
  0x99, 0xc6, 0x87, 0x3b, 0x7b, 0xa1, 0xb1, 0x3b, 0x62, 0xfe, 0xa7, 0x3b,
  0xd3, 0x52, 0x9b, 0x3b, 0xa7, 0x5c, 0xa9, 0x3b, 0x0f, 0x00, 0x00, 0x00,
  0x61, 0x72, 0x69, 0x74, 0x68, 0x2e, 0x63, 0x6f, 0x6e, 0x73, 0x74, 0x61,
  0x6e, 0x74, 0x33, 0x00, 0x01, 0x00, 0x00, 0x00, 0x10, 0x00, 0x00, 0x00,
  0x22, 0xf8, 0xff, 0xff, 0x00, 0x00, 0x00, 0x01, 0x14, 0x00, 0x00, 0x00,
  0xe8, 0x00, 0x00, 0x00, 0x0d, 0x00, 0x00, 0x00, 0x00, 0x00, 0x00, 0x02,
  0xf0, 0x00, 0x00, 0x00, 0x0c, 0xf8, 0xff, 0xff, 0x08, 0x00, 0x00, 0x00,
  0x8c, 0x00, 0x00, 0x00, 0x10, 0x00, 0x00, 0x00, 0x00, 0x00, 0x00, 0x00,
  0x00, 0x00, 0x00, 0x00, 0x00, 0x00, 0x00, 0x00, 0x00, 0x00, 0x00, 0x00,
  0x00, 0x00, 0x00, 0x00, 0x00, 0x00, 0x00, 0x00, 0x00, 0x00, 0x00, 0x00,
  0x00, 0x00, 0x00, 0x00, 0x00, 0x00, 0x00, 0x00, 0x00, 0x00, 0x00, 0x00,
  0x00, 0x00, 0x00, 0x00, 0x00, 0x00, 0x00, 0x00, 0x00, 0x00, 0x00, 0x00,
  0x00, 0x00, 0x00, 0x00, 0x00, 0x00, 0x00, 0x00, 0x00, 0x00, 0x00, 0x00,
  0x00, 0x00, 0x00, 0x00, 0x00, 0x00, 0x00, 0x00, 0x00, 0x00, 0x00, 0x00,
  0x00, 0x00, 0x00, 0x00, 0x00, 0x00, 0x00, 0x00, 0x00, 0x00, 0x00, 0x00,
  0x00, 0x00, 0x00, 0x00, 0x00, 0x00, 0x00, 0x00, 0x00, 0x00, 0x00, 0x00,
  0x00, 0x00, 0x00, 0x00, 0x00, 0x00, 0x00, 0x00, 0x00, 0x00, 0x00, 0x00,
  0x00, 0x00, 0x00, 0x00, 0x00, 0x00, 0x00, 0x00, 0x00, 0x00, 0x00, 0x00,
  0x00, 0x00, 0x00, 0x00, 0x00, 0x00, 0x00, 0x00, 0x10, 0x00, 0x00, 0x00,
  0xd8, 0xcb, 0xaa, 0x3b, 0x3a, 0x3f, 0x80, 0x3b, 0x55, 0x8c, 0x88, 0x3b,
  0x81, 0xf7, 0xa1, 0x3b, 0x5a, 0x59, 0x98, 0x3b, 0xee, 0x7d, 0x96, 0x3b,
  0x86, 0xe9, 0xa3, 0x3b, 0x39, 0x79, 0x98, 0x3b, 0x1b, 0x80, 0x8e, 0x3b,
  0xe6, 0xb5, 0x94, 0x3b, 0xa5, 0xe5, 0x8e, 0x3b, 0x99, 0xc6, 0x87, 0x3b,
  0x7b, 0xa1, 0xb1, 0x3b, 0x62, 0xfe, 0xa7, 0x3b, 0xd3, 0x52, 0x9b, 0x3b,
  0xa7, 0x5c, 0xa9, 0x3b, 0x0f, 0x00, 0x00, 0x00, 0x61, 0x72, 0x69, 0x74,
  0x68, 0x2e, 0x63, 0x6f, 0x6e, 0x73, 0x74, 0x61, 0x6e, 0x74, 0x32, 0x00,
  0x01, 0x00, 0x00, 0x00, 0x10, 0x00, 0x00, 0x00, 0x32, 0xf9, 0xff, 0xff,
  0x00, 0x00, 0x00, 0x01, 0x14, 0x00, 0x00, 0x00, 0xe8, 0x00, 0x00, 0x00,
  0x0d, 0x00, 0x00, 0x00, 0x00, 0x00, 0x00, 0x02, 0xf0, 0x00, 0x00, 0x00,
  0x1c, 0xf9, 0xff, 0xff, 0x08, 0x00, 0x00, 0x00, 0x8c, 0x00, 0x00, 0x00,
  0x10, 0x00, 0x00, 0x00, 0x00, 0x00, 0x00, 0x00, 0x00, 0x00, 0x00, 0x00,
  0x00, 0x00, 0x00, 0x00, 0x00, 0x00, 0x00, 0x00, 0x00, 0x00, 0x00, 0x00,
  0x00, 0x00, 0x00, 0x00, 0x00, 0x00, 0x00, 0x00, 0x00, 0x00, 0x00, 0x00,
  0x00, 0x00, 0x00, 0x00, 0x00, 0x00, 0x00, 0x00, 0x00, 0x00, 0x00, 0x00,
  0x00, 0x00, 0x00, 0x00, 0x00, 0x00, 0x00, 0x00, 0x00, 0x00, 0x00, 0x00,
  0x00, 0x00, 0x00, 0x00, 0x00, 0x00, 0x00, 0x00, 0x00, 0x00, 0x00, 0x00,
  0x00, 0x00, 0x00, 0x00, 0x00, 0x00, 0x00, 0x00, 0x00, 0x00, 0x00, 0x00,
  0x00, 0x00, 0x00, 0x00, 0x00, 0x00, 0x00, 0x00, 0x00, 0x00, 0x00, 0x00,
  0x00, 0x00, 0x00, 0x00, 0x00, 0x00, 0x00, 0x00, 0x00, 0x00, 0x00, 0x00,
  0x00, 0x00, 0x00, 0x00, 0x00, 0x00, 0x00, 0x00, 0x00, 0x00, 0x00, 0x00,
  0x00, 0x00, 0x00, 0x00, 0x00, 0x00, 0x00, 0x00, 0x00, 0x00, 0x00, 0x00,
  0x00, 0x00, 0x00, 0x00, 0x10, 0x00, 0x00, 0x00, 0xd8, 0xcb, 0xaa, 0x3b,
  0x3a, 0x3f, 0x80, 0x3b, 0x55, 0x8c, 0x88, 0x3b, 0x81, 0xf7, 0xa1, 0x3b,
  0x5a, 0x59, 0x98, 0x3b, 0xee, 0x7d, 0x96, 0x3b, 0x86, 0xe9, 0xa3, 0x3b,
  0x39, 0x79, 0x98, 0x3b, 0x1b, 0x80, 0x8e, 0x3b, 0xe6, 0xb5, 0x94, 0x3b,
  0xa5, 0xe5, 0x8e, 0x3b, 0x99, 0xc6, 0x87, 0x3b, 0x7b, 0xa1, 0xb1, 0x3b,
  0x62, 0xfe, 0xa7, 0x3b, 0xd3, 0x52, 0x9b, 0x3b, 0xa7, 0x5c, 0xa9, 0x3b,
  0x0f, 0x00, 0x00, 0x00, 0x61, 0x72, 0x69, 0x74, 0x68, 0x2e, 0x63, 0x6f,
  0x6e, 0x73, 0x74, 0x61, 0x6e, 0x74, 0x31, 0x00, 0x01, 0x00, 0x00, 0x00,
  0x10, 0x00, 0x00, 0x00, 0x42, 0xfa, 0xff, 0xff, 0x00, 0x00, 0x00, 0x01,
  0x14, 0x00, 0x00, 0x00, 0xe8, 0x00, 0x00, 0x00, 0x0d, 0x00, 0x00, 0x00,
  0x00, 0x00, 0x00, 0x02, 0xf0, 0x00, 0x00, 0x00, 0x2c, 0xfa, 0xff, 0xff,
  0x08, 0x00, 0x00, 0x00, 0x8c, 0x00, 0x00, 0x00, 0x10, 0x00, 0x00, 0x00,
  0x00, 0x00, 0x00, 0x00, 0x00, 0x00, 0x00, 0x00, 0x00, 0x00, 0x00, 0x00,
  0x00, 0x00, 0x00, 0x00, 0x00, 0x00, 0x00, 0x00, 0x00, 0x00, 0x00, 0x00,
  0x00, 0x00, 0x00, 0x00, 0x00, 0x00, 0x00, 0x00, 0x00, 0x00, 0x00, 0x00,
  0x00, 0x00, 0x00, 0x00, 0x00, 0x00, 0x00, 0x00, 0x00, 0x00, 0x00, 0x00,
  0x00, 0x00, 0x00, 0x00, 0x00, 0x00, 0x00, 0x00, 0x00, 0x00, 0x00, 0x00,
  0x00, 0x00, 0x00, 0x00, 0x00, 0x00, 0x00, 0x00, 0x00, 0x00, 0x00, 0x00,
  0x00, 0x00, 0x00, 0x00, 0x00, 0x00, 0x00, 0x00, 0x00, 0x00, 0x00, 0x00,
  0x00, 0x00, 0x00, 0x00, 0x00, 0x00, 0x00, 0x00, 0x00, 0x00, 0x00, 0x00,
  0x00, 0x00, 0x00, 0x00, 0x00, 0x00, 0x00, 0x00, 0x00, 0x00, 0x00, 0x00,
  0x00, 0x00, 0x00, 0x00, 0x00, 0x00, 0x00, 0x00, 0x00, 0x00, 0x00, 0x00,
  0x00, 0x00, 0x00, 0x00, 0x00, 0x00, 0x00, 0x00, 0x00, 0x00, 0x00, 0x00,
  0x10, 0x00, 0x00, 0x00, 0xd8, 0xcb, 0xaa, 0x3b, 0x3a, 0x3f, 0x80, 0x3b,
  0x55, 0x8c, 0x88, 0x3b, 0x81, 0xf7, 0xa1, 0x3b, 0x5a, 0x59, 0x98, 0x3b,
  0xee, 0x7d, 0x96, 0x3b, 0x86, 0xe9, 0xa3, 0x3b, 0x39, 0x79, 0x98, 0x3b,
  0x1b, 0x80, 0x8e, 0x3b, 0xe6, 0xb5, 0x94, 0x3b, 0xa5, 0xe5, 0x8e, 0x3b,
  0x99, 0xc6, 0x87, 0x3b, 0x7b, 0xa1, 0xb1, 0x3b, 0x62, 0xfe, 0xa7, 0x3b,
  0xd3, 0x52, 0x9b, 0x3b, 0xa7, 0x5c, 0xa9, 0x3b, 0x0e, 0x00, 0x00, 0x00,
  0x61, 0x72, 0x69, 0x74, 0x68, 0x2e, 0x63, 0x6f, 0x6e, 0x73, 0x74, 0x61,
  0x6e, 0x74, 0x00, 0x00, 0x01, 0x00, 0x00, 0x00, 0x10, 0x00, 0x00, 0x00,
  0x52, 0xfb, 0xff, 0xff, 0x00, 0x00, 0x00, 0x01, 0x14, 0x00, 0x00, 0x00,
  0x7c, 0x00, 0x00, 0x00, 0x0c, 0x00, 0x00, 0x00, 0x00, 0x00, 0x00, 0x09,
  0x9c, 0x00, 0x00, 0x00, 0x3c, 0xfb, 0xff, 0xff, 0x08, 0x00, 0x00, 0x00,
  0x44, 0x00, 0x00, 0x00, 0x07, 0x00, 0x00, 0x00, 0x00, 0x00, 0x00, 0x00,
  0x00, 0x00, 0x00, 0x00, 0x00, 0x00, 0x00, 0x00, 0x00, 0x00, 0x00, 0x00,
  0x00, 0x00, 0x00, 0x00, 0x00, 0x00, 0x00, 0x00, 0x00, 0x00, 0x00, 0x00,
  0x00, 0x00, 0x00, 0x00, 0x00, 0x00, 0x00, 0x00, 0x00, 0x00, 0x00, 0x00,
  0x00, 0x00, 0x00, 0x00, 0x00, 0x00, 0x00, 0x00, 0x00, 0x00, 0x00, 0x00,
  0x00, 0x00, 0x00, 0x00, 0x00, 0x00, 0x00, 0x00, 0x07, 0x00, 0x00, 0x00,
  0x62, 0x42, 0x8a, 0x3b, 0xf6, 0xca, 0xf3, 0x3a, 0xa3, 0xa9, 0x9b, 0x3c,
  0x61, 0x64, 0xee, 0x3a, 0xd0, 0x37, 0x7c, 0x3a, 0xf3, 0x7b, 0x18, 0x3b,
  0x50, 0xaf, 0x3e, 0x3b, 0x24, 0x00, 0x00, 0x00, 0x6d, 0x6f, 0x64, 0x65,
  0x6c, 0x5f, 0x33, 0x30, 0x32, 0x2f, 0x74, 0x66, 0x2e, 0x6c, 0x69, 0x6e,
  0x61, 0x6c, 0x67, 0x2e, 0x6d, 0x61, 0x74, 0x6d, 0x75, 0x6c, 0x5f, 0x39,
  0x36, 0x2f, 0x4d, 0x61, 0x74, 0x4d, 0x75, 0x6c, 0x00, 0x00, 0x00, 0x00,
  0x02, 0x00, 0x00, 0x00, 0x07, 0x00, 0x00, 0x00, 0x04, 0x00, 0x00, 0x00,
  0x12, 0xfc, 0xff, 0xff, 0x00, 0x00, 0x00, 0x01, 0x14, 0x00, 0x00, 0x00,
  0x7c, 0x00, 0x00, 0x00, 0x0b, 0x00, 0x00, 0x00, 0x00, 0x00, 0x00, 0x02,
  0xb4, 0x00, 0x00, 0x00, 0xfc, 0xfb, 0xff, 0xff, 0x08, 0x00, 0x00, 0x00,
  0x44, 0x00, 0x00, 0x00, 0x07, 0x00, 0x00, 0x00, 0x00, 0x00, 0x00, 0x00,
  0x00, 0x00, 0x00, 0x00, 0x00, 0x00, 0x00, 0x00, 0x00, 0x00, 0x00, 0x00,
  0x00, 0x00, 0x00, 0x00, 0x00, 0x00, 0x00, 0x00, 0x00, 0x00, 0x00, 0x00,
  0x00, 0x00, 0x00, 0x00, 0x00, 0x00, 0x00, 0x00, 0x00, 0x00, 0x00, 0x00,
  0x00, 0x00, 0x00, 0x00, 0x00, 0x00, 0x00, 0x00, 0x00, 0x00, 0x00, 0x00,
  0x00, 0x00, 0x00, 0x00, 0x00, 0x00, 0x00, 0x00, 0x07, 0x00, 0x00, 0x00,
  0x2e, 0xcd, 0x0a, 0x38, 0xb3, 0xbf, 0x74, 0x37, 0xe7, 0x45, 0x1c, 0x39,
  0xb2, 0x53, 0x6f, 0x37, 0x02, 0x35, 0xfd, 0x36, 0x06, 0x15, 0x99, 0x37,
  0xbd, 0x6e, 0xbf, 0x37, 0x3e, 0x00, 0x00, 0x00, 0x6d, 0x6f, 0x64, 0x65,
  0x6c, 0x5f, 0x33, 0x30, 0x32, 0x2f, 0x6f, 0x75, 0x74, 0x70, 0x75, 0x74,
  0x2f, 0x52, 0x65, 0x6c, 0x75, 0x3b, 0x6d, 0x6f, 0x64, 0x65, 0x6c, 0x5f,
  0x33, 0x30, 0x32, 0x2f, 0x74, 0x66, 0x2e, 0x5f, 0x5f, 0x6f, 0x70, 0x65,
  0x72, 0x61, 0x74, 0x6f, 0x72, 0x73, 0x5f, 0x5f, 0x2e, 0x61, 0x64, 0x64,
  0x5f, 0x33, 0x32, 0x34, 0x2f, 0x41, 0x64, 0x64, 0x56, 0x32, 0x00, 0x00,
  0x01, 0x00, 0x00, 0x00, 0x07, 0x00, 0x00, 0x00, 0xe6, 0xfc, 0xff, 0xff,
  0x00, 0x00, 0x00, 0x01, 0x14, 0x00, 0x00, 0x00, 0x14, 0x00, 0x00, 0x00,
  0x0a, 0x00, 0x00, 0x00, 0x00, 0x00, 0x00, 0x02, 0x40, 0x00, 0x00, 0x00,
  0x48, 0xfd, 0xff, 0xff, 0x30, 0x00, 0x00, 0x00, 0x6d, 0x6f, 0x64, 0x65,
  0x6c, 0x5f, 0x33, 0x30, 0x32, 0x2f, 0x74, 0x66, 0x2e, 0x63, 0x6f, 0x6d,
  0x70, 0x61, 0x74, 0x2e, 0x76, 0x31, 0x2e, 0x67, 0x61, 0x74, 0x68, 0x65,
  0x72, 0x5f, 0x37, 0x2f, 0x47, 0x61, 0x74, 0x68, 0x65, 0x72, 0x56, 0x32,
  0x2f, 0x69, 0x6e, 0x64, 0x69, 0x63, 0x65, 0x73, 0x00, 0x00, 0x00, 0x00,
  0x00, 0x00, 0x00, 0x00, 0x42, 0xfd, 0xff, 0xff, 0x00, 0x00, 0x00, 0x01,
  0x14, 0x00, 0x00, 0x00, 0x14, 0x00, 0x00, 0x00, 0x09, 0x00, 0x00, 0x00,
  0x00, 0x00, 0x00, 0x02, 0x40, 0x00, 0x00, 0x00, 0xa4, 0xfd, 0xff, 0xff,
  0x30, 0x00, 0x00, 0x00, 0x6d, 0x6f, 0x64, 0x65, 0x6c, 0x5f, 0x33, 0x30,
  0x32, 0x2f, 0x74, 0x66, 0x2e, 0x63, 0x6f, 0x6d, 0x70, 0x61, 0x74, 0x2e,
  0x76, 0x31, 0x2e, 0x67, 0x61, 0x74, 0x68, 0x65, 0x72, 0x5f, 0x36, 0x2f,
  0x47, 0x61, 0x74, 0x68, 0x65, 0x72, 0x56, 0x32, 0x2f, 0x69, 0x6e, 0x64,
  0x69, 0x63, 0x65, 0x73, 0x00, 0x00, 0x00, 0x00, 0x00, 0x00, 0x00, 0x00,
  0x9e, 0xfd, 0xff, 0xff, 0x00, 0x00, 0x00, 0x01, 0x14, 0x00, 0x00, 0x00,
  0x14, 0x00, 0x00, 0x00, 0x08, 0x00, 0x00, 0x00, 0x00, 0x00, 0x00, 0x02,
  0x40, 0x00, 0x00, 0x00, 0x00, 0xfe, 0xff, 0xff, 0x30, 0x00, 0x00, 0x00,
  0x6d, 0x6f, 0x64, 0x65, 0x6c, 0x5f, 0x33, 0x30, 0x32, 0x2f, 0x74, 0x66,
  0x2e, 0x63, 0x6f, 0x6d, 0x70, 0x61, 0x74, 0x2e, 0x76, 0x31, 0x2e, 0x67,
  0x61, 0x74, 0x68, 0x65, 0x72, 0x5f, 0x35, 0x2f, 0x47, 0x61, 0x74, 0x68,
  0x65, 0x72, 0x56, 0x32, 0x2f, 0x69, 0x6e, 0x64, 0x69, 0x63, 0x65, 0x73,
  0x00, 0x00, 0x00, 0x00, 0x00, 0x00, 0x00, 0x00, 0xfa, 0xfd, 0xff, 0xff,
  0x00, 0x00, 0x00, 0x01, 0x14, 0x00, 0x00, 0x00, 0x14, 0x00, 0x00, 0x00,
  0x07, 0x00, 0x00, 0x00, 0x00, 0x00, 0x00, 0x02, 0x40, 0x00, 0x00, 0x00,
  0x5c, 0xfe, 0xff, 0xff, 0x30, 0x00, 0x00, 0x00, 0x6d, 0x6f, 0x64, 0x65,
  0x6c, 0x5f, 0x33, 0x30, 0x32, 0x2f, 0x74, 0x66, 0x2e, 0x63, 0x6f, 0x6d,
  0x70, 0x61, 0x74, 0x2e, 0x76, 0x31, 0x2e, 0x67, 0x61, 0x74, 0x68, 0x65,
  0x72, 0x5f, 0x34, 0x2f, 0x47, 0x61, 0x74, 0x68, 0x65, 0x72, 0x56, 0x32,
  0x2f, 0x69, 0x6e, 0x64, 0x69, 0x63, 0x65, 0x73, 0x00, 0x00, 0x00, 0x00,
  0x00, 0x00, 0x00, 0x00, 0x56, 0xfe, 0xff, 0xff, 0x00, 0x00, 0x00, 0x01,
  0x14, 0x00, 0x00, 0x00, 0x14, 0x00, 0x00, 0x00, 0x06, 0x00, 0x00, 0x00,
  0x00, 0x00, 0x00, 0x02, 0x40, 0x00, 0x00, 0x00, 0xb8, 0xfe, 0xff, 0xff,
  0x30, 0x00, 0x00, 0x00, 0x6d, 0x6f, 0x64, 0x65, 0x6c, 0x5f, 0x33, 0x30,
  0x32, 0x2f, 0x74, 0x66, 0x2e, 0x63, 0x6f, 0x6d, 0x70, 0x61, 0x74, 0x2e,
  0x76, 0x31, 0x2e, 0x67, 0x61, 0x74, 0x68, 0x65, 0x72, 0x5f, 0x33, 0x2f,
  0x47, 0x61, 0x74, 0x68, 0x65, 0x72, 0x56, 0x32, 0x2f, 0x69, 0x6e, 0x64,
  0x69, 0x63, 0x65, 0x73, 0x00, 0x00, 0x00, 0x00, 0x00, 0x00, 0x00, 0x00,
  0xb2, 0xfe, 0xff, 0xff, 0x00, 0x00, 0x00, 0x01, 0x14, 0x00, 0x00, 0x00,
  0x14, 0x00, 0x00, 0x00, 0x05, 0x00, 0x00, 0x00, 0x00, 0x00, 0x00, 0x02,
  0x40, 0x00, 0x00, 0x00, 0x14, 0xff, 0xff, 0xff, 0x30, 0x00, 0x00, 0x00,
  0x6d, 0x6f, 0x64, 0x65, 0x6c, 0x5f, 0x33, 0x30, 0x32, 0x2f, 0x74, 0x66,
  0x2e, 0x63, 0x6f, 0x6d, 0x70, 0x61, 0x74, 0x2e, 0x76, 0x31, 0x2e, 0x67,
  0x61, 0x74, 0x68, 0x65, 0x72, 0x5f, 0x32, 0x2f, 0x47, 0x61, 0x74, 0x68,
  0x65, 0x72, 0x56, 0x32, 0x2f, 0x69, 0x6e, 0x64, 0x69, 0x63, 0x65, 0x73,
  0x00, 0x00, 0x00, 0x00, 0x00, 0x00, 0x00, 0x00, 0x0e, 0xff, 0xff, 0xff,
  0x00, 0x00, 0x00, 0x01, 0x14, 0x00, 0x00, 0x00, 0x14, 0x00, 0x00, 0x00,
  0x04, 0x00, 0x00, 0x00, 0x00, 0x00, 0x00, 0x02, 0x1c, 0x00, 0x00, 0x00,
  0x70, 0xff, 0xff, 0xff, 0x0f, 0x00, 0x00, 0x00, 0x61, 0x72, 0x69, 0x74,
  0x68, 0x2e, 0x63, 0x6f, 0x6e, 0x73, 0x74, 0x61, 0x6e, 0x74, 0x34, 0x00,
  0x00, 0x00, 0x00, 0x00, 0x46, 0xff, 0xff, 0xff, 0x00, 0x00, 0x00, 0x01,
  0x14, 0x00, 0x00, 0x00, 0x14, 0x00, 0x00, 0x00, 0x03, 0x00, 0x00, 0x00,
  0x00, 0x00, 0x00, 0x02, 0x3c, 0x00, 0x00, 0x00, 0xa8, 0xff, 0xff, 0xff,
  0x2e, 0x00, 0x00, 0x00, 0x6d, 0x6f, 0x64, 0x65, 0x6c, 0x5f, 0x33, 0x30,
  0x32, 0x2f, 0x74, 0x66, 0x2e, 0x63, 0x6f, 0x6d, 0x70, 0x61, 0x74, 0x2e,
  0x76, 0x31, 0x2e, 0x67, 0x61, 0x74, 0x68, 0x65, 0x72, 0x2f, 0x47, 0x61,
  0x74, 0x68, 0x65, 0x72, 0x56, 0x32, 0x2f, 0x69, 0x6e, 0x64, 0x69, 0x63,
  0x65, 0x73, 0x00, 0x00, 0x00, 0x00, 0x00, 0x00, 0x9e, 0xff, 0xff, 0xff,
  0x00, 0x00, 0x00, 0x01, 0x18, 0x00, 0x00, 0x00, 0x18, 0x00, 0x00, 0x00,
  0x02, 0x00, 0x00, 0x00, 0x00, 0x00, 0x00, 0x02, 0x40, 0x00, 0x00, 0x00,
  0x04, 0x00, 0x04, 0x00, 0x04, 0x00, 0x00, 0x00, 0x2d, 0x00, 0x00, 0x00,
  0x6d, 0x6f, 0x64, 0x65, 0x6c, 0x5f, 0x33, 0x30, 0x32, 0x2f, 0x74, 0x66,
  0x2e, 0x63, 0x6f, 0x6d, 0x70, 0x61, 0x74, 0x2e, 0x76, 0x31, 0x2e, 0x73,
  0x71, 0x75, 0x65, 0x65, 0x7a, 0x65, 0x5f, 0x31, 0x2f, 0x6e, 0x6f, 0x64,
  0x65, 0x5f, 0x73, 0x71, 0x75, 0x65, 0x65, 0x7a, 0x65, 0x00, 0x00, 0x00,
  0x01, 0x00, 0x00, 0x00, 0x03, 0x00, 0x00, 0x00, 0x00, 0x00, 0x16, 0x00,
  0x1c, 0x00, 0x18, 0x00, 0x17, 0x00, 0x10, 0x00, 0x0c, 0x00, 0x08, 0x00,
  0x00, 0x00, 0x00, 0x00, 0x00, 0x00, 0x07, 0x00, 0x16, 0x00, 0x00, 0x00,
  0x00, 0x00, 0x00, 0x01, 0x20, 0x00, 0x00, 0x00, 0x40, 0x00, 0x00, 0x00,
  0x01, 0x00, 0x00, 0x00, 0x00, 0x00, 0x00, 0x09, 0x50, 0x00, 0x00, 0x00,
  0x0c, 0x00, 0x0c, 0x00, 0x00, 0x00, 0x00, 0x00, 0x08, 0x00, 0x04, 0x00,
  0x0c, 0x00, 0x00, 0x00, 0x08, 0x00, 0x00, 0x00, 0x14, 0x00, 0x00, 0x00,
  0x01, 0x00, 0x00, 0x00, 0xf1, 0xff, 0xff, 0xff, 0xff, 0xff, 0xff, 0xff,
  0x00, 0x00, 0x00, 0x00, 0x01, 0x00, 0x00, 0x00, 0x9e, 0x8d, 0xf5, 0x3f,
  0x17, 0x00, 0x00, 0x00, 0x73, 0x65, 0x72, 0x76, 0x69, 0x6e, 0x67, 0x5f,
  0x64, 0x65, 0x66, 0x61, 0x75, 0x6c, 0x74, 0x5f, 0x69, 0x6e, 0x70, 0x75,
  0x74, 0x3a, 0x30, 0x00, 0x04, 0x00, 0x00, 0x00, 0x01, 0x00, 0x00, 0x00,
  0x0a, 0x00, 0x00, 0x00, 0x01, 0x00, 0x00, 0x00, 0x09, 0x00, 0x00, 0x00,
  0x0b, 0x00, 0x00, 0x00, 0xe0, 0x00, 0x00, 0x00, 0xc4, 0x00, 0x00, 0x00,
  0xa4, 0x00, 0x00, 0x00, 0x90, 0x00, 0x00, 0x00, 0x7c, 0x00, 0x00, 0x00,
  0x68, 0x00, 0x00, 0x00, 0x58, 0x00, 0x00, 0x00, 0x44, 0x00, 0x00, 0x00,
  0x30, 0x00, 0x00, 0x00, 0x1c, 0x00, 0x00, 0x00, 0x10, 0x00, 0x00, 0x00,
  0x00, 0x00, 0x0a, 0x00, 0x08, 0x00, 0x00, 0x00, 0x00, 0x00, 0x04, 0x00,
  0x0a, 0x00, 0x00, 0x00, 0x02, 0x00, 0x00, 0x00, 0x6c, 0xff, 0xff, 0xff,
  0x12, 0x00, 0x00, 0x00, 0x02, 0x00, 0x00, 0x00, 0x00, 0x00, 0x00, 0x12,
  0x7c, 0xff, 0xff, 0xff, 0x1c, 0x00, 0x00, 0x00, 0x02, 0x00, 0x00, 0x00,
  0x00, 0x00, 0x00, 0x1c, 0x8c, 0xff, 0xff, 0xff, 0x0e, 0x00, 0x00, 0x00,
  0x02, 0x00, 0x00, 0x00, 0x00, 0x00, 0x00, 0x0e, 0xb4, 0xff, 0xff, 0xff,
  0x72, 0x00, 0x00, 0x00, 0x00, 0x00, 0x00, 0x72, 0xa8, 0xff, 0xff, 0xff,
  0x31, 0x00, 0x00, 0x00, 0x02, 0x00, 0x00, 0x00, 0x00, 0x00, 0x00, 0x31,
  0xb8, 0xff, 0xff, 0xff, 0x06, 0x00, 0x00, 0x00, 0x02, 0x00, 0x00, 0x00,
  0x00, 0x00, 0x00, 0x06, 0xc8, 0xff, 0xff, 0xff, 0x09, 0x00, 0x00, 0x00,
  0x04, 0x00, 0x00, 0x00, 0x00, 0x00, 0x00, 0x09, 0xd8, 0xff, 0xff, 0xff,
  0x24, 0x00, 0x00, 0x00, 0x02, 0x00, 0x00, 0x00, 0x00, 0x00, 0x00, 0x24,
  0x0c, 0x00, 0x0c, 0x00, 0x0b, 0x00, 0x00, 0x00, 0x00, 0x00, 0x04, 0x00,
  0x0c, 0x00, 0x00, 0x00, 0x16, 0x00, 0x00, 0x00, 0x00, 0x00, 0x00, 0x16,
  0x0c, 0x00, 0x10, 0x00, 0x0f, 0x00, 0x00, 0x00, 0x08, 0x00, 0x04, 0x00,
  0x0c, 0x00, 0x00, 0x00, 0x03, 0x00, 0x00, 0x00, 0x03, 0x00, 0x00, 0x00,
  0x00, 0x00, 0x00, 0x03
};
unsigned int tflite_models_torch_conv_lstm_lr0_0001_bs32_int8_tflite_len = 35800;
