unsigned char tflite_models_torch_conv_8_10_OFF_int8_tflite[] = {
  0x1c, 0x00, 0x00, 0x00, 0x54, 0x46, 0x4c, 0x33, 0x14, 0x00, 0x20, 0x00,
  0x1c, 0x00, 0x18, 0x00, 0x14, 0x00, 0x10, 0x00, 0x0c, 0x00, 0x00, 0x00,
  0x08, 0x00, 0x04, 0x00, 0x14, 0x00, 0x00, 0x00, 0x1c, 0x00, 0x00, 0x00,
  0x8c, 0x00, 0x00, 0x00, 0xe4, 0x00, 0x00, 0x00, 0x58, 0x1c, 0x00, 0x00,
  0x68, 0x1c, 0x00, 0x00, 0x60, 0x40, 0x00, 0x00, 0x03, 0x00, 0x00, 0x00,
  0x01, 0x00, 0x00, 0x00, 0x10, 0x00, 0x00, 0x00, 0x00, 0x00, 0x0a, 0x00,
  0x10, 0x00, 0x0c, 0x00, 0x08, 0x00, 0x04, 0x00, 0x0a, 0x00, 0x00, 0x00,
  0x0c, 0x00, 0x00, 0x00, 0x1c, 0x00, 0x00, 0x00, 0x38, 0x00, 0x00, 0x00,
  0x0f, 0x00, 0x00, 0x00, 0x73, 0x65, 0x72, 0x76, 0x69, 0x6e, 0x67, 0x5f,
  0x64, 0x65, 0x66, 0x61, 0x75, 0x6c, 0x74, 0x00, 0x01, 0x00, 0x00, 0x00,
  0x04, 0x00, 0x00, 0x00, 0x9c, 0xff, 0xff, 0xff, 0x1f, 0x00, 0x00, 0x00,
  0x04, 0x00, 0x00, 0x00, 0x06, 0x00, 0x00, 0x00, 0x6f, 0x75, 0x74, 0x70,
  0x75, 0x74, 0x00, 0x00, 0x01, 0x00, 0x00, 0x00, 0x04, 0x00, 0x00, 0x00,
  0x7a, 0xe3, 0xff, 0xff, 0x04, 0x00, 0x00, 0x00, 0x05, 0x00, 0x00, 0x00,
  0x69, 0x6e, 0x70, 0x75, 0x74, 0x00, 0x00, 0x00, 0x02, 0x00, 0x00, 0x00,
  0x34, 0x00, 0x00, 0x00, 0x04, 0x00, 0x00, 0x00, 0xdc, 0xff, 0xff, 0xff,
  0x22, 0x00, 0x00, 0x00, 0x04, 0x00, 0x00, 0x00, 0x13, 0x00, 0x00, 0x00,
  0x43, 0x4f, 0x4e, 0x56, 0x45, 0x52, 0x53, 0x49, 0x4f, 0x4e, 0x5f, 0x4d,
  0x45, 0x54, 0x41, 0x44, 0x41, 0x54, 0x41, 0x00, 0x08, 0x00, 0x0c, 0x00,
  0x08, 0x00, 0x04, 0x00, 0x08, 0x00, 0x00, 0x00, 0x21, 0x00, 0x00, 0x00,
  0x04, 0x00, 0x00, 0x00, 0x13, 0x00, 0x00, 0x00, 0x6d, 0x69, 0x6e, 0x5f,
  0x72, 0x75, 0x6e, 0x74, 0x69, 0x6d, 0x65, 0x5f, 0x76, 0x65, 0x72, 0x73,
  0x69, 0x6f, 0x6e, 0x00, 0x23, 0x00, 0x00, 0x00, 0x70, 0x1b, 0x00, 0x00,
  0x68, 0x1b, 0x00, 0x00, 0x50, 0x1b, 0x00, 0x00, 0x24, 0x1b, 0x00, 0x00,
  0xa4, 0x1a, 0x00, 0x00, 0x54, 0x1a, 0x00, 0x00, 0x44, 0x17, 0x00, 0x00,
  0xf4, 0x16, 0x00, 0x00, 0xe4, 0x13, 0x00, 0x00, 0x94, 0x13, 0x00, 0x00,
  0x84, 0x10, 0x00, 0x00, 0x34, 0x10, 0x00, 0x00, 0x24, 0x0d, 0x00, 0x00,
  0xd4, 0x0c, 0x00, 0x00, 0xc4, 0x09, 0x00, 0x00, 0x74, 0x09, 0x00, 0x00,
  0x64, 0x06, 0x00, 0x00, 0x14, 0x06, 0x00, 0x00, 0x04, 0x03, 0x00, 0x00,
  0xb4, 0x02, 0x00, 0x00, 0xf4, 0x00, 0x00, 0x00, 0xec, 0x00, 0x00, 0x00,
  0xe4, 0x00, 0x00, 0x00, 0xdc, 0x00, 0x00, 0x00, 0xd4, 0x00, 0x00, 0x00,
  0xcc, 0x00, 0x00, 0x00, 0xc4, 0x00, 0x00, 0x00, 0xbc, 0x00, 0x00, 0x00,
  0xb4, 0x00, 0x00, 0x00, 0xac, 0x00, 0x00, 0x00, 0xa4, 0x00, 0x00, 0x00,
  0x9c, 0x00, 0x00, 0x00, 0x94, 0x00, 0x00, 0x00, 0x74, 0x00, 0x00, 0x00,
  0x04, 0x00, 0x00, 0x00, 0x7a, 0xe4, 0xff, 0xff, 0x04, 0x00, 0x00, 0x00,
  0x60, 0x00, 0x00, 0x00, 0x0c, 0x00, 0x00, 0x00, 0x08, 0x00, 0x0e, 0x00,
  0x08, 0x00, 0x04, 0x00, 0x08, 0x00, 0x00, 0x00, 0x10, 0x00, 0x00, 0x00,
  0x28, 0x00, 0x00, 0x00, 0x00, 0x00, 0x06, 0x00, 0x08, 0x00, 0x04, 0x00,
  0x06, 0x00, 0x00, 0x00, 0x04, 0x00, 0x00, 0x00, 0x01, 0x00, 0x00, 0x00,
  0xeb, 0x03, 0x00, 0x00, 0x0c, 0x00, 0x18, 0x00, 0x14, 0x00, 0x10, 0x00,
  0x0c, 0x00, 0x04, 0x00, 0x0c, 0x00, 0x00, 0x00, 0xf5, 0x1c, 0x97, 0x77,
  0x19, 0xf2, 0x26, 0xe4, 0x01, 0x00, 0x00, 0x00, 0x02, 0x00, 0x00, 0x00,
  0x04, 0x00, 0x00, 0x00, 0x06, 0x00, 0x00, 0x00, 0x32, 0x2e, 0x32, 0x31,
  0x2e, 0x30, 0x00, 0x00, 0xe6, 0xe4, 0xff, 0xff, 0x04, 0x00, 0x00, 0x00,
  0x10, 0x00, 0x00, 0x00, 0x31, 0x2e, 0x31, 0x34, 0x2e, 0x30, 0x00, 0x00,
  0x00, 0x00, 0x00, 0x00, 0x00, 0x00, 0x00, 0x00, 0x70, 0xc2, 0xff, 0xff,
  0x74, 0xc2, 0xff, 0xff, 0x78, 0xc2, 0xff, 0xff, 0x7c, 0xc2, 0xff, 0xff,
  0x80, 0xc2, 0xff, 0xff, 0x84, 0xc2, 0xff, 0xff, 0x88, 0xc2, 0xff, 0xff,
  0x8c, 0xc2, 0xff, 0xff, 0x90, 0xc2, 0xff, 0xff, 0x94, 0xc2, 0xff, 0xff,
  0x98, 0xc2, 0xff, 0xff, 0x9c, 0xc2, 0xff, 0xff, 0x32, 0xe5, 0xff, 0xff,
  0x04, 0x00, 0x00, 0x00, 0xb0, 0x01, 0x00, 0x00, 0xe3, 0x0b, 0x97, 0xdf,
  0x88, 0xb4, 0xc9, 0xb2, 0x74, 0xca, 0x51, 0x91, 0xfe, 0x95, 0x58, 0xec,
  0xdd, 0x03, 0xfc, 0xc4, 0x73, 0x8c, 0x81, 0x66, 0x88, 0x6f, 0x6b, 0xe9,
  0xfd, 0x03, 0x12, 0x03, 0x46, 0xbc, 0xfb, 0x02, 0x39, 0x1f, 0xc3, 0x12,
  0xbf, 0xde, 0xca, 0xce, 0x46, 0xe4, 0x2a, 0xd4, 0x5f, 0x94, 0xaf, 0x81,
  0x01, 0xab, 0x3d, 0x03, 0xa2, 0x6b, 0x52, 0xa9, 0x87, 0xce, 0x5b, 0xeb,
  0xe0, 0xcb, 0xf7, 0xee, 0x17, 0x4d, 0xd8, 0x02, 0x7f, 0xda, 0x00, 0x28,
  0x38, 0xb9, 0xa8, 0xbc, 0x58, 0x8d, 0x00, 0x7f, 0xa7, 0x98, 0x2c, 0xeb,
  0x2a, 0xe5, 0x8f, 0x4b, 0xf0, 0xdb, 0x6f, 0xf8, 0xba, 0xbd, 0xaf, 0x18,
  0x65, 0x56, 0x2f, 0xee, 0xb5, 0xcb, 0xa5, 0xac, 0xbf, 0x6b, 0x36, 0x59,
  0x7f, 0x0a, 0x2e, 0x69, 0x9f, 0xc8, 0x49, 0xf7, 0xce, 0xb3, 0xfa, 0xea,
  0x2a, 0x40, 0xef, 0x4d, 0xfd, 0x33, 0x10, 0x58, 0xa5, 0x4b, 0xc2, 0xed,
  0x8b, 0x96, 0x58, 0x3e, 0x49, 0xf4, 0x61, 0xc4, 0xf2, 0xc3, 0xca, 0xed,
  0xbd, 0x42, 0xa3, 0x33, 0x52, 0x33, 0x1f, 0x8f, 0xc4, 0x20, 0xdf, 0x5a,
  0x7f, 0x52, 0xe4, 0xa9, 0x56, 0xda, 0x9f, 0x81, 0x46, 0x6d, 0x59, 0x88,
  0x68, 0x0a, 0x78, 0xaa, 0x86, 0x1f, 0xc1, 0xcd, 0xf5, 0x13, 0x88, 0x43,
  0x63, 0x43, 0xa7, 0x87, 0x3d, 0xc7, 0x6d, 0xfc, 0x84, 0xe1, 0xb5, 0xfd,
  0x57, 0x77, 0x8f, 0x14, 0xd7, 0x8e, 0x73, 0xe2, 0x7f, 0x5a, 0x51, 0x8b,
  0xc2, 0xd5, 0xba, 0xc0, 0x98, 0xd5, 0xec, 0xe6, 0xd7, 0x15, 0xc0, 0x25,
  0x49, 0x0f, 0xff, 0x3e, 0x81, 0xa9, 0xce, 0xb6, 0xea, 0xf2, 0x6d, 0x31,
  0xb4, 0x49, 0xa7, 0xc6, 0x42, 0xdb, 0x61, 0x22, 0xa0, 0x5e, 0xb6, 0xff,
  0x3c, 0xae, 0x91, 0x3f, 0x38, 0x5e, 0xbb, 0xbc, 0x79, 0x8a, 0x4d, 0xf3,
  0xe6, 0xf0, 0xdd, 0xf4, 0xa5, 0x00, 0xc6, 0x53, 0x8c, 0x6a, 0x7f, 0x28,
  0xca, 0x46, 0x07, 0x9c, 0xdb, 0x39, 0x8f, 0x43, 0x1f, 0x7f, 0xd7, 0xce,
  0xd1, 0x0e, 0xee, 0xf3, 0xc7, 0x18, 0x0a, 0xa0, 0xf1, 0xe9, 0xc6, 0x16,
  0xb3, 0x1d, 0xe6, 0xd9, 0xe1, 0x25, 0xf9, 0xb2, 0x1b, 0x0c, 0x52, 0x49,
  0x10, 0x77, 0xaf, 0x61, 0x7f, 0xd5, 0x78, 0x49, 0xa0, 0x9a, 0xf6, 0x9d,
  0x0d, 0x48, 0x6b, 0x71, 0x3c, 0x1d, 0x3f, 0x1a, 0x75, 0xf8, 0x2d, 0x3b,
  0xa0, 0xa6, 0xd0, 0x6a, 0x88, 0x7f, 0x37, 0x0c, 0x1f, 0x76, 0xc2, 0x33,
  0x9d, 0xb1, 0x5a, 0x42, 0x9d, 0xd7, 0x16, 0x7f, 0x1a, 0xf9, 0xbd, 0xc7,
  0xaa, 0x4f, 0xe2, 0xaa, 0x77, 0xd3, 0xf0, 0x81, 0x34, 0x1a, 0x30, 0xc1,
  0x3e, 0x74, 0x16, 0xae, 0xaa, 0xf4, 0xd9, 0xb6, 0xa6, 0xe0, 0xda, 0xbc,
  0x27, 0x38, 0xac, 0x94, 0xd3, 0xc3, 0x73, 0x16, 0x12, 0x9f, 0x75, 0xe1,
  0x4d, 0x6b, 0xa6, 0xb2, 0xe0, 0xcf, 0x81, 0x3a, 0xa0, 0x88, 0x56, 0x1c,
  0xf9, 0xbe, 0xd9, 0xad, 0x22, 0xee, 0xb8, 0x9e, 0x2f, 0x9f, 0x7b, 0xae,
  0x2d, 0x7f, 0x77, 0x66, 0xc7, 0x59, 0xca, 0xd4, 0x07, 0xd8, 0x7a, 0xd4,
  0x44, 0xac, 0x86, 0xc5, 0x28, 0x0d, 0xd2, 0x11, 0xee, 0xe6, 0xff, 0xff,
  0x04, 0x00, 0x00, 0x00, 0x40, 0x00, 0x00, 0x00, 0xd0, 0xff, 0xff, 0xff,
  0x33, 0x00, 0x00, 0x00, 0xf2, 0xff, 0xff, 0xff, 0xf5, 0xff, 0xff, 0xff,
  0x42, 0x00, 0x00, 0x00, 0xfe, 0xff, 0xff, 0xff, 0xf0, 0xff, 0xff, 0xff,
  0x00, 0x00, 0x00, 0x00, 0x15, 0x00, 0x00, 0x00, 0x24, 0x00, 0x00, 0x00,
  0xef, 0xff, 0xff, 0xff, 0x18, 0x00, 0x00, 0x00, 0xfe, 0xff, 0xff, 0xff,
  0xda, 0xff, 0xff, 0xff, 0xff, 0xff, 0xff, 0xff, 0xe1, 0xff, 0xff, 0xff,
  0x3a, 0xe7, 0xff, 0xff, 0x04, 0x00, 0x00, 0x00, 0x00, 0x03, 0x00, 0x00,
  0x55, 0xa9, 0xf6, 0x7a, 0xd8, 0xf2, 0x7f, 0xcd, 0x6d, 0x31, 0xaa, 0x64,
  0x76, 0x7d, 0xb4, 0x40, 0x62, 0x14, 0x0f, 0x4e, 0x02, 0x50, 0xd4, 0xd7,
  0x39, 0xf9, 0x4d, 0x25, 0x16, 0xf5, 0xb7, 0x0f, 0xef, 0x37, 0x7c, 0x22,
  0xd6, 0xeb, 0xfa, 0xfc, 0x19, 0x29, 0xbf, 0xb9, 0x33, 0x3f, 0xee, 0x33,
  0x3d, 0x67, 0x33, 0x60, 0xb1, 0x50, 0x21, 0xa3, 0xec, 0xa7, 0x47, 0xd7,
  0x7f, 0x2b, 0xa2, 0xfc, 0x06, 0x14, 0x28, 0xc4, 0xa5, 0xc6, 0x51, 0x77,
  0x2c, 0xfc, 0x7e, 0x7c, 0xc8, 0x78, 0x19, 0xe8, 0x5c, 0xd3, 0x7e, 0x1a,
  0x48, 0x19, 0x6a, 0x4b, 0xae, 0xa9, 0x0f, 0x38, 0xe3, 0xeb, 0x12, 0x5e,
  0x2b, 0xe5, 0xb0, 0x1a, 0x41, 0x13, 0xf4, 0xde, 0x70, 0x06, 0xf9, 0xfe,
  0x1e, 0xb0, 0xb0, 0xf8, 0x44, 0x96, 0xa5, 0x7f, 0x47, 0xee, 0xed, 0xf3,
  0x7b, 0x13, 0x4c, 0x98, 0xc6, 0x57, 0xf1, 0x58, 0xcf, 0x1e, 0x3e, 0xd6,
  0xd0, 0x16, 0x67, 0x77, 0xe4, 0xcb, 0x32, 0x5c, 0x69, 0x99, 0xfb, 0x17,
  0xfb, 0x4c, 0x0e, 0x62, 0x26, 0xf4, 0x24, 0x6d, 0x51, 0x32, 0x09, 0xf5,
  0x78, 0xd6, 0x70, 0x9b, 0xc0, 0x4d, 0xca, 0xf7, 0x65, 0x5b, 0x06, 0xe0,
  0xdd, 0x0e, 0x16, 0x3c, 0x61, 0x60, 0x59, 0x72, 0xcc, 0xe7, 0x9d, 0xc0,
  0x48, 0x3e, 0xd0, 0x10, 0xbe, 0x7f, 0x2b, 0x7f, 0x42, 0xae, 0xac, 0x65,
  0x3c, 0x18, 0xc8, 0x07, 0xf4, 0xd4, 0x2a, 0x10, 0x62, 0xcc, 0x2a, 0x47,
  0xa7, 0x03, 0x70, 0x9d, 0x34, 0xd4, 0x2b, 0xa3, 0xb5, 0x45, 0x2b, 0xfb,
  0xcd, 0xaf, 0xcf, 0xc2, 0x09, 0xa8, 0x6b, 0x38, 0x98, 0xa2, 0xcc, 0xce,
  0x4d, 0x77, 0x24, 0x6c, 0x5a, 0x1a, 0xd4, 0x4b, 0x1c, 0x7f, 0x04, 0x14,
  0x5d, 0x9b, 0xa3, 0x5f, 0x68, 0x97, 0x70, 0x0f, 0x42, 0xe0, 0x3f, 0xde,
  0x3b, 0x3d, 0xe5, 0xfa, 0xd4, 0x97, 0x9a, 0x44, 0xc5, 0x6b, 0xd0, 0x26,
  0x9b, 0x34, 0xf3, 0xb0, 0xf6, 0xc9, 0xb4, 0x3c, 0xc9, 0xd0, 0xb6, 0x81,
  0xc7, 0xf0, 0x9d, 0xa9, 0xb5, 0xcf, 0xfa, 0xba, 0xd8, 0x26, 0xc9, 0xbb,
  0x42, 0xe9, 0x03, 0xdd, 0xac, 0x68, 0x44, 0xae, 0x2b, 0x1c, 0xd0, 0x0b,
  0x96, 0x35, 0xf3, 0xf1, 0xef, 0x59, 0xac, 0x95, 0x60, 0xd0, 0x92, 0xf3,
  0x5e, 0x81, 0xbc, 0x8f, 0x93, 0x9f, 0xb2, 0x1c, 0x39, 0xfc, 0x97, 0x2f,
  0xb8, 0x95, 0x5c, 0x08, 0x30, 0x34, 0x02, 0xb6, 0x45, 0x02, 0x93, 0xea,
  0xe9, 0xe4, 0x2f, 0x55, 0xd0, 0xd5, 0x40, 0x51, 0x37, 0xfe, 0x30, 0x78,
  0xa3, 0x01, 0xbd, 0xd2, 0x3d, 0xb0, 0x20, 0x52, 0xaf, 0x24, 0x0e, 0x19,
  0x2e, 0x04, 0x18, 0xb7, 0xe0, 0xb2, 0x51, 0x3a, 0x64, 0x52, 0x5f, 0xcb,
  0xbe, 0x37, 0xb1, 0x04, 0xa7, 0xc5, 0x7f, 0xfd, 0xff, 0x75, 0x4b, 0x01,
  0x1d, 0xab, 0xe4, 0x64, 0xb8, 0x05, 0x50, 0x29, 0x3a, 0x81, 0x4b, 0xc6,
  0x16, 0x37, 0xb5, 0x12, 0x28, 0xa3, 0x67, 0x5d, 0x90, 0x43, 0x35, 0xc5,
  0x67, 0x54, 0xaa, 0xbf, 0xb2, 0x8d, 0x66, 0xdf, 0xb5, 0xe8, 0x09, 0x97,
  0x9e, 0x9e, 0xe7, 0xda, 0xcb, 0xaf, 0xf8, 0x11, 0x9a, 0x5a, 0x99, 0x15,
  0xd0, 0x0a, 0xef, 0x64, 0x5a, 0xe4, 0xd2, 0xeb, 0x13, 0x10, 0xa5, 0x34,
  0x07, 0x71, 0xef, 0x05, 0xf9, 0x9e, 0x16, 0x0c, 0x53, 0x61, 0x63, 0x51,
  0x7d, 0xc6, 0xcf, 0xab, 0xf3, 0x7e, 0xc5, 0x7e, 0x26, 0x32, 0xb1, 0x6d,
  0x7f, 0x29, 0x3d, 0xa4, 0xdc, 0xed, 0x5b, 0x2d, 0xd8, 0x48, 0xa4, 0x63,
  0x2c, 0xe9, 0xc6, 0x6a, 0xb3, 0x08, 0xa1, 0x46, 0x77, 0x0c, 0x19, 0x46,
  0xe9, 0x03, 0xaf, 0xd2, 0x53, 0xe0, 0x1f, 0x51, 0x7e, 0xed, 0x66, 0x43,
  0xa7, 0xb1, 0xd8, 0x63, 0x6f, 0x31, 0xfa, 0x1a, 0x9d, 0x7f, 0xdc, 0xec,
  0x99, 0xc0, 0x10, 0xf3, 0x1a, 0x79, 0x0a, 0x67, 0x77, 0x32, 0xf6, 0x0f,
  0x33, 0x7f, 0x4d, 0xe6, 0xcb, 0xf1, 0x62, 0xd8, 0xd9, 0xdf, 0x0a, 0x65,
  0x01, 0x13, 0xdf, 0x39, 0xe3, 0xd1, 0xc0, 0xd1, 0xee, 0x36, 0xd7, 0xad,
  0x5c, 0xe5, 0x09, 0xbe, 0x25, 0xe2, 0xf3, 0xbc, 0x1e, 0xcc, 0x49, 0x47,
  0x31, 0x2b, 0x3d, 0x36, 0x58, 0x0e, 0xcb, 0x46, 0x41, 0x3c, 0x50, 0xb9,
  0xc0, 0xad, 0x55, 0xb4, 0xeb, 0xed, 0x3a, 0x28, 0x64, 0x22, 0xcf, 0xe0,
  0x7c, 0x38, 0xb1, 0x1d, 0x11, 0x69, 0x7f, 0x2d, 0xc8, 0xbe, 0xd4, 0xd3,
  0x77, 0x6b, 0x73, 0xf5, 0x0a, 0x10, 0x64, 0xd1, 0xd3, 0x11, 0x69, 0x6f,
  0x6d, 0x2a, 0xaf, 0x14, 0xec, 0xd5, 0xc2, 0x4a, 0x01, 0x12, 0x74, 0x57,
  0xca, 0x6b, 0x44, 0x59, 0x7d, 0x68, 0x9f, 0x32, 0x70, 0x6d, 0x2a, 0x7f,
  0xf5, 0x27, 0xf9, 0x75, 0xbd, 0x09, 0xbf, 0xc3, 0xd3, 0xbf, 0x12, 0xb0,
  0x35, 0xfa, 0x5c, 0x59, 0xb5, 0xa7, 0xf5, 0xff, 0x45, 0xa6, 0x6b, 0xd8,
  0x50, 0xed, 0xa4, 0xe1, 0x39, 0xd6, 0xa6, 0x36, 0x28, 0x56, 0xdd, 0xbf,
  0x5e, 0x44, 0x87, 0x50, 0x9a, 0x06, 0xc3, 0xd0, 0x70, 0x04, 0x4a, 0xc4,
  0x9e, 0x1a, 0x17, 0x83, 0xc7, 0xba, 0x3d, 0xc3, 0x65, 0x51, 0xa9, 0x8a,
  0x09, 0xb7, 0x9c, 0xb5, 0x9d, 0x4e, 0x82, 0xf2, 0xcb, 0x4e, 0x48, 0xb8,
  0x36, 0x27, 0xbf, 0x3a, 0xa5, 0x26, 0xee, 0xfb, 0x1a, 0x0a, 0x81, 0xa4,
  0xe9, 0xe6, 0x9c, 0x48, 0xaf, 0x24, 0xbf, 0x4a, 0x3f, 0x74, 0x42, 0xd5,
  0x3d, 0xc1, 0x3c, 0x79, 0xc7, 0x5e, 0x5e, 0x7f, 0xfb, 0x06, 0xb5, 0x26,
  0x6e, 0xd6, 0x33, 0xaa, 0xff, 0x03, 0xb2, 0x0c, 0xe9, 0xba, 0x56, 0xb3,
  0x77, 0x28, 0xa9, 0x6a, 0x0b, 0x14, 0x2f, 0xfe, 0xea, 0x44, 0xc3, 0xc4,
  0x46, 0xea, 0xff, 0xff, 0x04, 0x00, 0x00, 0x00, 0x40, 0x00, 0x00, 0x00,
  0x85, 0x00, 0x00, 0x00, 0xc8, 0xff, 0xff, 0xff, 0x43, 0x00, 0x00, 0x00,
  0xcf, 0xff, 0xff, 0xff, 0x37, 0x00, 0x00, 0x00, 0x4e, 0xff, 0xff, 0xff,
  0x95, 0x00, 0x00, 0x00, 0xe0, 0x00, 0x00, 0x00, 0x1a, 0x00, 0x00, 0x00,
  0xf4, 0x00, 0x00, 0x00, 0x2b, 0x00, 0x00, 0x00, 0x44, 0x00, 0x00, 0x00,
  0x63, 0x00, 0x00, 0x00, 0x7c, 0xff, 0xff, 0xff, 0x9a, 0xff, 0xff, 0xff,
  0x63, 0xff, 0xff, 0xff, 0x92, 0xea, 0xff, 0xff, 0x04, 0x00, 0x00, 0x00,
  0x00, 0x03, 0x00, 0x00, 0xfb, 0xac, 0x17, 0x8f, 0x19, 0x38, 0x98, 0xcc,
  0xfd, 0xd1, 0x0f, 0xba, 0xd8, 0x38, 0x0c, 0x17, 0x35, 0xdb, 0x6e, 0xef,
  0x55, 0xa9, 0x4d, 0x5e, 0x70, 0xac, 0xff, 0x5d, 0x44, 0x31, 0xe7, 0x9d,
  0x7f, 0x0f, 0x8d, 0xaa, 0xfb, 0x6b, 0xdf, 0xbf, 0x10, 0x4f, 0xb7, 0xc8,
  0x57, 0x15, 0xf4, 0x5f, 0x7c, 0xd5, 0x3a, 0x3f, 0xb8, 0x49, 0x41, 0xbe,
  0x9e, 0x67, 0x49, 0xaa, 0xeb, 0x1b, 0x99, 0x6b, 0x1e, 0x0e, 0x56, 0x7f,
  0x11, 0x1a, 0xa3, 0x66, 0xf1, 0xf8, 0x00, 0x55, 0xed, 0x2a, 0xe7, 0x70,
  0xff, 0x77, 0x4d, 0x12, 0xf6, 0xf8, 0x06, 0x0a, 0x02, 0xc9, 0x00, 0x12,
  0xf5, 0x61, 0xfe, 0x2f, 0xbe, 0xc3, 0x6d, 0x41, 0x61, 0xc6, 0xe9, 0x41,
  0x70, 0x77, 0xee, 0xfd, 0x3a, 0xf4, 0xa7, 0x7f, 0x03, 0xa1, 0xbe, 0x25,
  0x78, 0x3d, 0x98, 0xfc, 0x75, 0x35, 0xdb, 0x36, 0x6c, 0x6c, 0x58, 0xb2,
  0x43, 0x62, 0xbb, 0xba, 0x12, 0xb4, 0xb2, 0xfe, 0xdd, 0x20, 0xba, 0x72,
  0x68, 0xff, 0x45, 0xdf, 0xfb, 0xe9, 0x62, 0xf8, 0x1b, 0x31, 0x1f, 0xab,
  0x9c, 0xd1, 0x13, 0x11, 0x7e, 0xd3, 0xfd, 0x53, 0x14, 0x75, 0xd1, 0x74,
  0xd6, 0xfa, 0x7e, 0x49, 0xe3, 0xa1, 0xf1, 0x01, 0xec, 0xbd, 0xa2, 0xee,
  0x29, 0xe2, 0xa8, 0x5f, 0x0d, 0xa5, 0xe5, 0x7f, 0xa9, 0xff, 0x1b, 0x1b,
  0x71, 0xe2, 0x5a, 0x70, 0x0f, 0xc6, 0xea, 0xfc, 0x62, 0x4a, 0x13, 0x38,
  0x0c, 0x40, 0xc9, 0x6a, 0x2e, 0xcb, 0x70, 0x65, 0x49, 0xfb, 0x52, 0x53,
  0xf0, 0x41, 0xd5, 0xd3, 0x81, 0xa7, 0x35, 0x6e, 0x64, 0xc3, 0xcd, 0x42,
  0x02, 0x1d, 0xa2, 0xf4, 0xa9, 0xbc, 0xd2, 0x16, 0x9c, 0x4f, 0xb4, 0x98,
  0x65, 0x46, 0x70, 0x71, 0x18, 0x76, 0xd1, 0x7b, 0x6a, 0x35, 0x6f, 0xe5,
  0xcd, 0x43, 0xf6, 0x68, 0x43, 0xd3, 0xea, 0x32, 0x48, 0x05, 0x49, 0x1a,
  0xe8, 0x2e, 0x6c, 0xa8, 0xbe, 0x13, 0xbd, 0x2a, 0xef, 0xac, 0xcc, 0xac,
  0x31, 0x7f, 0xaf, 0x50, 0xf9, 0xcf, 0xba, 0x5a, 0x48, 0x48, 0xee, 0xa7,
  0x1a, 0xb0, 0xdd, 0x3a, 0x7f, 0xd0, 0x2e, 0xde, 0x01, 0xf6, 0x0a, 0xa9,
  0xf4, 0xc4, 0x73, 0x25, 0x22, 0x43, 0xc8, 0x3a, 0x04, 0x48, 0x1b, 0xf0,
  0x20, 0xe6, 0xf4, 0x15, 0x0a, 0x33, 0xee, 0xbc, 0x2f, 0x3b, 0x36, 0x17,
  0xc3, 0xbd, 0xd7, 0x11, 0x1a, 0x2e, 0x18, 0xcb, 0x0f, 0x3e, 0xbc, 0x5b,
  0x3e, 0xb0, 0x56, 0x68, 0xf5, 0x1c, 0x05, 0x43, 0xec, 0xda, 0xea, 0x3a,
  0xa2, 0x48, 0xee, 0x45, 0x40, 0xd2, 0x17, 0xc4, 0x64, 0xcc, 0xbd, 0x42,
  0x69, 0x41, 0xb1, 0x44, 0xf3, 0xe1, 0xfc, 0x0c, 0xe1, 0xeb, 0xf4, 0x41,
  0xbc, 0x35, 0xc3, 0x11, 0xc0, 0xfe, 0xa7, 0x71, 0xa3, 0x4a, 0xca, 0x2f,
  0xa7, 0x7f, 0xee, 0xd0, 0xcc, 0x03, 0xf2, 0xde, 0xe1, 0x59, 0xa3, 0xca,
  0xe5, 0x6e, 0xa4, 0x9b, 0x3a, 0xe2, 0xb1, 0x2c, 0xcf, 0xdb, 0x4f, 0x02,
  0x26, 0xec, 0x47, 0xa3, 0x3b, 0x3c, 0x1a, 0x57, 0x1f, 0x7f, 0xbf, 0xfe,
  0x2c, 0xcb, 0x47, 0x4c, 0x14, 0xbb, 0x52, 0x3c, 0xa2, 0x2e, 0x47, 0xbc,
  0x6d, 0xe2, 0xb6, 0x27, 0xdf, 0x74, 0x69, 0x69, 0x79, 0x1f, 0x9b, 0x64,
  0xe0, 0x78, 0x3c, 0xf7, 0x7a, 0x3b, 0xc6, 0xd9, 0x5b, 0x29, 0xf7, 0xed,
  0x3c, 0xb9, 0x23, 0xe4, 0xf4, 0x40, 0xf7, 0x36, 0x57, 0xd1, 0x38, 0xd6,
  0xdb, 0xdd, 0x10, 0xa2, 0xaa, 0x70, 0xd4, 0x28, 0xb3, 0xb0, 0x7f, 0x12,
  0x62, 0xf7, 0x3c, 0x46, 0xf5, 0xf1, 0xf7, 0xaf, 0x5f, 0x82, 0x6c, 0xa1,
  0x5d, 0x1f, 0xa2, 0x0a, 0xc7, 0x2b, 0xe6, 0x93, 0xc3, 0xcb, 0xd1, 0x0e,
  0xe6, 0xec, 0x30, 0xb1, 0xa3, 0x66, 0x0f, 0x42, 0x5d, 0x83, 0x85, 0x42,
  0x01, 0x03, 0x10, 0xf6, 0xb5, 0x07, 0x0c, 0x07, 0xde, 0x9f, 0x81, 0x38,
  0xcc, 0xaf, 0x0e, 0x1a, 0x32, 0x3b, 0x28, 0x51, 0x7d, 0x9c, 0x9b, 0x40,
  0x05, 0x23, 0x28, 0x7f, 0x6b, 0x48, 0x4d, 0xd7, 0xc3, 0x19, 0xe8, 0x42,
  0x9f, 0xbe, 0x0a, 0xb3, 0x72, 0x3f, 0xbb, 0xd9, 0x53, 0x46, 0xae, 0x18,
  0xeb, 0xe9, 0xa9, 0xb5, 0x49, 0x50, 0xb9, 0x9a, 0x7e, 0xad, 0x2b, 0x23,
  0xf1, 0x14, 0x70, 0x00, 0xfa, 0x26, 0xda, 0x51, 0xe0, 0x15, 0xfd, 0x6b,
  0x4b, 0xd8, 0x62, 0xea, 0x91, 0xee, 0xed, 0x1a, 0x65, 0x98, 0xd0, 0x8a,
  0x57, 0xf6, 0x1a, 0x9c, 0xfe, 0xd7, 0x2c, 0xdc, 0x37, 0x8b, 0x5b, 0x88,
  0xf5, 0x98, 0x49, 0x12, 0x94, 0x22, 0x8b, 0x81, 0x52, 0xff, 0xbd, 0x3c,
  0x88, 0x86, 0xc9, 0xbe, 0x7b, 0x6c, 0xf6, 0xd9, 0xd6, 0x99, 0x26, 0x43,
  0xec, 0x7f, 0xea, 0xf5, 0x3b, 0x20, 0xca, 0x77, 0xce, 0xc0, 0x33, 0x29,
  0x6a, 0x9b, 0x88, 0x17, 0x0b, 0xb4, 0x57, 0x5b, 0x1f, 0x78, 0xc2, 0xed,
  0x88, 0xd0, 0xd2, 0xb3, 0x56, 0xe0, 0x0e, 0x5b, 0x26, 0x7d, 0xa1, 0x68,
  0x33, 0xa8, 0xdc, 0x67, 0xca, 0x7f, 0xdd, 0x3d, 0x7a, 0x16, 0x9a, 0x25,
  0x20, 0xf7, 0x77, 0xf2, 0xfd, 0x2f, 0x1a, 0x1e, 0x39, 0x01, 0x7d, 0x37,
  0x39, 0x72, 0xa5, 0xc5, 0x07, 0xf7, 0x18, 0xeb, 0xfd, 0x21, 0xb5, 0x07,
  0xf0, 0xf5, 0x01, 0x1a, 0x19, 0xd7, 0x29, 0xde, 0xbe, 0x00, 0xc5, 0xe7,
  0x64, 0x16, 0xe1, 0xfb, 0xec, 0xc3, 0xf9, 0xed, 0xd4, 0xa9, 0xf6, 0x4c,
  0xec, 0xb3, 0xe9, 0xd9, 0x15, 0x20, 0x53, 0x12, 0x44, 0xa7, 0xf1, 0x53,
  0xbf, 0xeb, 0x19, 0xed, 0x0c, 0x4b, 0xcb, 0x23, 0x01, 0x75, 0x9c, 0xb8,
  0x7f, 0x46, 0x46, 0x14, 0xbf, 0xb7, 0xa0, 0x12, 0x52, 0x5c, 0x2c, 0x64,
  0x2f, 0x30, 0x33, 0xe4, 0x9e, 0xed, 0xff, 0xff, 0x04, 0x00, 0x00, 0x00,
  0x40, 0x00, 0x00, 0x00, 0x6c, 0xff, 0xff, 0xff, 0xff, 0x00, 0x00, 0x00,
  0x83, 0x01, 0x00, 0x00, 0x8b, 0x01, 0x00, 0x00, 0x5e, 0xff, 0xff, 0xff,
  0xb3, 0x01, 0x00, 0x00, 0x9e, 0x00, 0x00, 0x00, 0x99, 0x00, 0x00, 0x00,
  0xcb, 0x01, 0x00, 0x00, 0x1a, 0x01, 0x00, 0x00, 0x29, 0x01, 0x00, 0x00,
  0x50, 0x01, 0x00, 0x00, 0x37, 0x01, 0x00, 0x00, 0x49, 0x00, 0x00, 0x00,
  0x62, 0x01, 0x00, 0x00, 0xd7, 0x00, 0x00, 0x00, 0xea, 0xed, 0xff, 0xff,
  0x04, 0x00, 0x00, 0x00, 0x00, 0x03, 0x00, 0x00, 0x55, 0xc3, 0x52, 0xbf,
  0x0b, 0x26, 0x75, 0xe5, 0x41, 0x14, 0x42, 0x28, 0x5e, 0x41, 0xfe, 0xe0,
  0xf3, 0xd9, 0x46, 0x5e, 0x09, 0x47, 0x12, 0xd5, 0xb7, 0xad, 0x56, 0xd5,
  0xf8, 0x7f, 0x0a, 0x22, 0xc5, 0xfe, 0x40, 0xfa, 0x74, 0xc1, 0x7f, 0xb2,
  0xc4, 0xd6, 0x06, 0x21, 0x65, 0xf5, 0x61, 0xd6, 0x21, 0x22, 0x62, 0x54,
  0xc4, 0xf6, 0x5d, 0xc0, 0xc9, 0xc1, 0xd8, 0x08, 0x1e, 0x9f, 0x68, 0xe2,
  0x49, 0x9b, 0xab, 0x56, 0x9e, 0x59, 0xda, 0x7f, 0x27, 0x74, 0x14, 0x29,
  0xf2, 0x32, 0x35, 0x09, 0x0a, 0xf0, 0xbb, 0x01, 0x2f, 0x2b, 0x3e, 0x6e,
  0xef, 0x2f, 0xfa, 0x6f, 0xa9, 0x7d, 0x53, 0x11, 0x06, 0x0f, 0x13, 0x07,
  0x75, 0xcc, 0x42, 0x2b, 0xe9, 0x6a, 0x07, 0x6b, 0xa5, 0xbc, 0xf6, 0x23,
  0xc4, 0xc5, 0x34, 0x7f, 0x75, 0x1c, 0x68, 0x25, 0x40, 0x60, 0xfd, 0x24,
  0x0e, 0xae, 0xfb, 0x19, 0xb0, 0x3e, 0x52, 0x3b, 0xfa, 0xde, 0x5b, 0x47,
  0x30, 0x36, 0x21, 0xa7, 0x4d, 0xf6, 0xa4, 0x58, 0x4d, 0x8a, 0x90, 0x8e,
  0x16, 0x09, 0xdc, 0x26, 0xc8, 0xe1, 0x42, 0x74, 0x2b, 0x69, 0xe0, 0x3e,
  0x76, 0x81, 0x0f, 0x02, 0xe8, 0x27, 0xe5, 0x4c, 0xce, 0xc5, 0x90, 0x2e,
  0x54, 0x92, 0xf1, 0x47, 0x88, 0x2a, 0x90, 0xe0, 0x4a, 0xef, 0x46, 0x1b,
  0x4a, 0x62, 0xd1, 0x3c, 0x85, 0x58, 0xa6, 0x5f, 0x6e, 0xec, 0xdc, 0x81,
  0xf7, 0xb1, 0x62, 0x4a, 0xd3, 0x02, 0x39, 0xf4, 0xd8, 0xaf, 0xf8, 0xf1,
  0x8b, 0xd7, 0xa9, 0xe8, 0xef, 0xc9, 0x02, 0x97, 0x29, 0x19, 0xc7, 0xcb,
  0xc7, 0xa3, 0x8e, 0x27, 0xbf, 0x36, 0xf1, 0x84, 0xf3, 0x63, 0x4e, 0x8a,
  0x37, 0x4f, 0xaa, 0x3a, 0xaf, 0x73, 0x57, 0x4e, 0xb2, 0x47, 0x67, 0x0e,
  0xa2, 0x43, 0x7f, 0xde, 0x22, 0x22, 0x62, 0xd2, 0x50, 0x5a, 0xa1, 0x25,
  0xcc, 0x50, 0xcb, 0x72, 0x9d, 0xc1, 0xc3, 0x13, 0xa1, 0x73, 0x94, 0x6a,
  0xaa, 0x65, 0x3c, 0xe7, 0xa1, 0x1f, 0x20, 0xc4, 0x71, 0xe8, 0x57, 0x75,
  0x33, 0x73, 0xe4, 0x41, 0xa7, 0x10, 0x6a, 0x07, 0x6e, 0x26, 0x5a, 0xcf,
  0xe8, 0x73, 0xfb, 0xaa, 0xbe, 0xe6, 0xc8, 0x30, 0xda, 0x54, 0x67, 0x68,
  0xcc, 0x27, 0x7f, 0x27, 0x39, 0x27, 0x67, 0x0d, 0x7d, 0x00, 0xb6, 0x40,
  0x12, 0xd6, 0xbb, 0x7a, 0x0c, 0xff, 0x4d, 0x31, 0xaf, 0xed, 0x1c, 0x0f,
  0x79, 0x70, 0xc9, 0xba, 0xfe, 0xb7, 0x28, 0x01, 0x6a, 0x76, 0xf3, 0xd9,
  0xee, 0xcb, 0x17, 0x3b, 0x20, 0x08, 0x46, 0x55, 0xfa, 0x28, 0x7f, 0x5e,
  0x70, 0x52, 0xcb, 0x00, 0xbf, 0x07, 0x55, 0xe5, 0x0e, 0xfd, 0x5c, 0x3e,
  0x5b, 0x2a, 0x46, 0x3b, 0x4d, 0x00, 0x64, 0x5d, 0xf8, 0x7e, 0xf7, 0x70,
  0xed, 0xe8, 0x58, 0x36, 0xc3, 0xf8, 0x31, 0xfc, 0x42, 0xfa, 0x67, 0x6b,
  0x0e, 0xb7, 0xf1, 0xd5, 0xe7, 0x44, 0x6c, 0xcd, 0xa8, 0x0d, 0x21, 0xf5,
  0xdf, 0xd0, 0xc1, 0xb5, 0xb4, 0xd9, 0x37, 0x41, 0x26, 0x0d, 0x3c, 0xac,
  0x5d, 0xb7, 0xcf, 0x1e, 0xf9, 0x08, 0x6f, 0xf9, 0x19, 0x6f, 0x7f, 0xb9,
  0x5f, 0xe6, 0x55, 0xe3, 0x07, 0x67, 0x56, 0x16, 0xf3, 0xb6, 0x2e, 0x28,
  0x08, 0x81, 0xc5, 0xf7, 0xac, 0x5d, 0xdf, 0xe9, 0xcb, 0xca, 0x70, 0x88,
  0x95, 0x5a, 0x25, 0xa6, 0x06, 0x8a, 0xce, 0x35, 0x48, 0xe9, 0xa4, 0xbe,
  0xfb, 0x5e, 0xbb, 0x22, 0xf5, 0x34, 0xe8, 0x08, 0x89, 0xf2, 0x13, 0x01,
  0xc5, 0xb6, 0x0a, 0x46, 0xca, 0x66, 0x8b, 0xef, 0xd7, 0x5b, 0x2a, 0xd7,
  0x94, 0xf9, 0xae, 0xed, 0x75, 0xd1, 0x09, 0x7f, 0xf9, 0xc4, 0x47, 0xe4,
  0xa5, 0x0c, 0x6f, 0x70, 0x71, 0x70, 0xc4, 0xec, 0x58, 0xe0, 0xb0, 0x49,
  0xe3, 0xd0, 0xed, 0x94, 0xba, 0xf0, 0x94, 0x0c, 0xf6, 0xef, 0xc1, 0x53,
  0xe1, 0x46, 0x9a, 0x3e, 0x23, 0xed, 0x38, 0x60, 0xa8, 0x71, 0x6d, 0x6e,
  0xce, 0x46, 0x07, 0x70, 0x20, 0x72, 0x01, 0x7d, 0xbd, 0xfb, 0x54, 0x6f,
  0x7f, 0xab, 0x41, 0x78, 0x36, 0x5c, 0xf8, 0x62, 0x5f, 0x65, 0x35, 0x9a,
  0xd3, 0x15, 0xc2, 0xfb, 0x49, 0x1e, 0x03, 0xfb, 0x5f, 0x02, 0x6e, 0xb0,
  0xfe, 0x7d, 0x2d, 0x3d, 0x71, 0xf8, 0x0d, 0xd1, 0x8b, 0x5f, 0xa9, 0xf6,
  0x0e, 0x15, 0xe9, 0xdf, 0xa0, 0xcc, 0xfc, 0x52, 0xbb, 0x6b, 0xab, 0x5a,
  0x82, 0x08, 0x1b, 0xc5, 0xd3, 0xc9, 0x8a, 0xa1, 0xd3, 0xef, 0x82, 0x41,
  0xf2, 0xc9, 0xd9, 0x0e, 0x85, 0x11, 0x82, 0xce, 0x81, 0x66, 0x97, 0x07,
  0x8d, 0x08, 0xd4, 0xd9, 0x40, 0xac, 0x48, 0x4c, 0x7f, 0x00, 0xb3, 0x46,
  0xee, 0x79, 0xf0, 0xd7, 0x13, 0x43, 0x9d, 0xa2, 0x3f, 0x33, 0x42, 0x5a,
  0xcc, 0x5b, 0xd8, 0xa9, 0x1f, 0xb9, 0x1f, 0x11, 0x65, 0x59, 0x4c, 0xca,
  0xf2, 0xa1, 0x60, 0xc0, 0x17, 0x09, 0x72, 0x1e, 0xad, 0x00, 0xe9, 0x4b,
  0x42, 0x5c, 0xfd, 0x7e, 0x28, 0xfc, 0x25, 0x44, 0x4a, 0x76, 0xf0, 0x6e,
  0xcf, 0x36, 0xee, 0x54, 0xeb, 0xe4, 0xd7, 0x27, 0x91, 0x3e, 0x4f, 0xe3,
  0x68, 0x21, 0xd7, 0x99, 0x51, 0x27, 0x7e, 0xcf, 0x7f, 0x58, 0xb5, 0xef,
  0x30, 0x42, 0x1e, 0x73, 0xed, 0x02, 0xf8, 0x4d, 0xc0, 0xee, 0x59, 0xad,
  0x9f, 0x40, 0x71, 0x1a, 0x94, 0x1f, 0x7c, 0x02, 0x12, 0xc4, 0x2f, 0x66,
  0x2e, 0xad, 0xb0, 0xf1, 0x34, 0xfd, 0xf5, 0xd4, 0x57, 0xb8, 0x70, 0x54,
  0x48, 0x82, 0x03, 0x60, 0x47, 0x83, 0x04, 0xb9, 0xf7, 0xe1, 0xe2, 0xa8,
  0x9e, 0x44, 0xca, 0x08, 0x36, 0x3e, 0x20, 0x81, 0xd7, 0x87, 0xdf, 0xc4,
  0x65, 0x06, 0x38, 0x9d, 0x04, 0xf8, 0xee, 0x88, 0xf6, 0xf0, 0xff, 0xff,
  0x04, 0x00, 0x00, 0x00, 0x40, 0x00, 0x00, 0x00, 0xc5, 0x01, 0x00, 0x00,
  0x5b, 0xff, 0xff, 0xff, 0x75, 0x00, 0x00, 0x00, 0xc3, 0xff, 0xff, 0xff,
  0x43, 0x00, 0x00, 0x00, 0xa2, 0xfe, 0xff, 0xff, 0x23, 0x00, 0x00, 0x00,
  0xa1, 0x01, 0x00, 0x00, 0x0c, 0x01, 0x00, 0x00, 0x92, 0xfd, 0xff, 0xff,
  0x1e, 0x01, 0x00, 0x00, 0x5c, 0x01, 0x00, 0x00, 0xca, 0xfd, 0xff, 0xff,
  0xec, 0x01, 0x00, 0x00, 0x8c, 0xff, 0xff, 0xff, 0x06, 0x01, 0x00, 0x00,
  0x42, 0xf1, 0xff, 0xff, 0x04, 0x00, 0x00, 0x00, 0x00, 0x03, 0x00, 0x00,
  0x1a, 0x20, 0x42, 0xdd, 0x55, 0x2d, 0xe8, 0x81, 0xeb, 0x34, 0x0d, 0x11,
  0xe6, 0x01, 0x42, 0xbe, 0xc5, 0x3b, 0x9b, 0xd6, 0x1b, 0x23, 0xbf, 0x3e,
  0x09, 0x5d, 0x3e, 0x09, 0xf5, 0xd9, 0xa6, 0x5d, 0xe6, 0x47, 0x23, 0x4d,
  0xf4, 0x00, 0x34, 0x0e, 0x39, 0x0a, 0x90, 0xae, 0x21, 0x3d, 0xc1, 0xdb,
  0x39, 0xd4, 0x7f, 0xfd, 0x07, 0x05, 0xa8, 0x29, 0x00, 0xd3, 0x38, 0xbe,
  0xd2, 0xf4, 0x14, 0x25, 0x3b, 0x57, 0x6f, 0x67, 0xd7, 0xdc, 0xe0, 0xd5,
  0xd6, 0xa7, 0xd3, 0x00, 0xd4, 0x56, 0xae, 0xba, 0xe1, 0x5e, 0x4e, 0x5d,
  0xfd, 0x00, 0xd1, 0x28, 0x53, 0xc3, 0x27, 0x45, 0x15, 0x7b, 0x6f, 0xef,
  0x71, 0xb2, 0xb6, 0xb3, 0x37, 0xec, 0x81, 0x68, 0x0e, 0xfb, 0x23, 0x95,
  0x47, 0x73, 0x72, 0x8d, 0xfb, 0x69, 0xb1, 0x43, 0xa5, 0x8b, 0x83, 0xb5,
  0xa9, 0xf5, 0x96, 0x59, 0xed, 0x28, 0x31, 0xc7, 0x91, 0x91, 0xea, 0x08,
  0xa6, 0xed, 0x40, 0x49, 0x9b, 0xdd, 0x02, 0xef, 0x3d, 0x1f, 0x58, 0x01,
  0x2b, 0x7d, 0x7b, 0x3c, 0x04, 0x31, 0xb0, 0x61, 0x0a, 0xa1, 0x52, 0xfd,
  0x0f, 0x52, 0x4a, 0xb3, 0xf8, 0x2f, 0x66, 0x71, 0xf5, 0x1d, 0x4d, 0x32,
  0xb2, 0x09, 0xbd, 0xa6, 0xd2, 0x0f, 0xba, 0xde, 0xfc, 0x63, 0xc4, 0x81,
  0xc8, 0x68, 0x0f, 0x23, 0xf7, 0xab, 0x69, 0x27, 0xed, 0x27, 0xf8, 0x57,
  0xa6, 0x36, 0x6b, 0xce, 0xf5, 0x42, 0xe0, 0xc3, 0xe4, 0xec, 0x24, 0xfa,
  0xff, 0xe2, 0x53, 0x0d, 0x4f, 0x5b, 0xdd, 0x3f, 0x38, 0xd6, 0xfa, 0x73,
  0x7b, 0x22, 0x7f, 0x01, 0x26, 0x66, 0x10, 0x28, 0x5d, 0x26, 0x73, 0x5d,
  0x98, 0x1a, 0x31, 0x3c, 0xff, 0xeb, 0xe0, 0xfa, 0x04, 0xe0, 0x7f, 0x9e,
  0x24, 0x0d, 0xb1, 0xb6, 0x00, 0x04, 0xdb, 0x7f, 0xbf, 0xf2, 0x1c, 0xaf,
  0xf3, 0x4c, 0xf2, 0xae, 0xbd, 0xcf, 0xdb, 0xb8, 0x40, 0xf4, 0xd4, 0x36,
  0xf9, 0xfa, 0x21, 0x19, 0x0a, 0xc8, 0xb4, 0x2e, 0x43, 0xd0, 0x53, 0xed,
  0xf5, 0x18, 0x39, 0x7e, 0x33, 0xbc, 0xec, 0x53, 0x2b, 0xff, 0x2b, 0x05,
  0xf3, 0x7e, 0x16, 0x1c, 0x4e, 0x7f, 0x23, 0xe1, 0x6b, 0xdb, 0xe7, 0xd2,
  0x2b, 0x32, 0x74, 0xdf, 0xb6, 0x1e, 0x52, 0xc8, 0x3c, 0x7f, 0x1b, 0x47,
  0x32, 0xaa, 0x39, 0x1b, 0xed, 0x29, 0x77, 0xbe, 0x70, 0x74, 0xb8, 0xc2,
  0xcc, 0x74, 0x78, 0x5f, 0x33, 0x44, 0x00, 0x19, 0xed, 0x74, 0x37, 0xe1,
  0x2c, 0xda, 0x51, 0xe3, 0xb4, 0x4a, 0x77, 0x28, 0x52, 0xc2, 0x28, 0x55,
  0xaf, 0x78, 0x48, 0xd8, 0xfd, 0x73, 0x7f, 0x11, 0x5b, 0x9b, 0x1a, 0xe2,
  0x52, 0xac, 0xc2, 0x3d, 0xba, 0xd8, 0xfb, 0xa9, 0xed, 0xaa, 0xd6, 0xa3,
  0xc3, 0x39, 0x44, 0x2b, 0xa7, 0x07, 0x16, 0xe9, 0x8f, 0x26, 0xff, 0x2e,
  0x39, 0x33, 0xf9, 0x4a, 0x60, 0xb0, 0x46, 0xdf, 0xe7, 0x94, 0x65, 0x54,
  0x57, 0xd6, 0x81, 0x17, 0x41, 0x07, 0xc6, 0x60, 0x27, 0x28, 0x6f, 0x45,
  0xca, 0xad, 0xb2, 0x47, 0xa0, 0x42, 0xd2, 0x24, 0x73, 0x02, 0x88, 0xf6,
  0xcb, 0x9a, 0xc9, 0xd9, 0x99, 0x55, 0xaf, 0x2b, 0x71, 0xf3, 0x8a, 0x22,
  0xa3, 0x91, 0xbd, 0xed, 0xcd, 0x1e, 0x62, 0x78, 0xbe, 0x8d, 0x20, 0x8c,
  0x4b, 0x43, 0xb2, 0x0f, 0x56, 0x13, 0x92, 0x93, 0xee, 0x48, 0xa0, 0xc6,
  0xcc, 0xcf, 0x13, 0x4a, 0x93, 0x58, 0xc8, 0x20, 0xe3, 0x3d, 0x76, 0xf6,
  0x00, 0xa4, 0x92, 0x33, 0x81, 0x23, 0x0a, 0x03, 0x8f, 0xd9, 0x1d, 0x66,
  0x55, 0x64, 0xb6, 0xba, 0xf0, 0xfa, 0x62, 0xd9, 0x7f, 0xe4, 0xbe, 0x6e,
  0x65, 0x4f, 0xbc, 0xd3, 0x66, 0x6a, 0xcc, 0x06, 0x75, 0x13, 0x33, 0x79,
  0x6d, 0x2f, 0xdb, 0x19, 0xcf, 0xbd, 0xc5, 0xa3, 0x53, 0x7f, 0xf3, 0xc8,
  0x25, 0xf9, 0x4b, 0x35, 0xf0, 0x69, 0x0c, 0xc5, 0xd7, 0xca, 0x29, 0x2e,
  0x63, 0x1e, 0xb9, 0x39, 0x49, 0xf6, 0x0a, 0x14, 0xb6, 0x29, 0xf3, 0x09,
  0x5e, 0xae, 0xdb, 0x99, 0x8f, 0xba, 0x4a, 0xf6, 0x3f, 0xdd, 0xb4, 0x99,
  0x49, 0x8b, 0x77, 0xb7, 0xa0, 0xe3, 0xcd, 0x02, 0xa7, 0xfb, 0x3d, 0x24,
  0x02, 0xc4, 0xd0, 0x67, 0x73, 0x35, 0x30, 0x8a, 0xaf, 0x81, 0x49, 0x48,
  0x5a, 0x4b, 0x22, 0xdd, 0xd4, 0xfa, 0x26, 0xfa, 0x01, 0x5b, 0xfa, 0x0f,
  0x2e, 0x64, 0xe9, 0x32, 0x49, 0xf5, 0x45, 0xc8, 0x68, 0x2c, 0x34, 0x7f,
  0x6d, 0x62, 0x3c, 0x17, 0x03, 0x28, 0x66, 0x2e, 0x38, 0x00, 0x24, 0x19,
  0xa8, 0xd7, 0xb0, 0x73, 0xcd, 0xc3, 0x63, 0x25, 0x60, 0x0a, 0xc0, 0xff,
  0x81, 0xe6, 0x93, 0x43, 0x9f, 0x75, 0x46, 0xc2, 0x34, 0x5c, 0xec, 0x13,
  0xda, 0x34, 0x8f, 0x39, 0xe9, 0xae, 0xd4, 0xf4, 0xf6, 0x83, 0x8d, 0xbb,
  0xde, 0x46, 0xb2, 0xa2, 0x56, 0x43, 0x83, 0x3c, 0xd3, 0x84, 0x6e, 0x0d,
  0xd7, 0x21, 0xca, 0xcd, 0xdc, 0xc3, 0xa7, 0xd7, 0x04, 0xa3, 0xbb, 0x6e,
  0xcd, 0x15, 0xac, 0x1f, 0xa9, 0x79, 0xb1, 0x0d, 0xbd, 0x36, 0x1c, 0x36,
  0xe6, 0xaa, 0xe9, 0xb6, 0x61, 0xcc, 0x1b, 0x6f, 0xaa, 0xdc, 0x45, 0x37,
  0xc3, 0xff, 0xff, 0x58, 0xb2, 0xfa, 0xbb, 0xc9, 0x68, 0x1e, 0x3c, 0xab,
  0x2b, 0xf0, 0x44, 0x7f, 0x0c, 0x23, 0x6d, 0x18, 0x50, 0x5c, 0xb5, 0x32,
  0xa3, 0x15, 0xd4, 0x81, 0x3a, 0x4e, 0x2b, 0x26, 0xe8, 0x38, 0xa3, 0xb4,
  0x56, 0x17, 0x31, 0xb8, 0xe2, 0x3e, 0xf7, 0x5e, 0x20, 0x27, 0xf0, 0xe0,
  0x61, 0xb1, 0x1f, 0x3c, 0x93, 0x3d, 0xeb, 0x47, 0xed, 0x51, 0xb2, 0x19,
  0xe8, 0x55, 0xb3, 0xf8, 0x24, 0x9e, 0x63, 0x4c, 0x0d, 0xb0, 0xab, 0x88,
  0x4e, 0xf4, 0xff, 0xff, 0x04, 0x00, 0x00, 0x00, 0x40, 0x00, 0x00, 0x00,
  0xfe, 0x00, 0x00, 0x00, 0xdc, 0xfe, 0xff, 0xff, 0x14, 0x01, 0x00, 0x00,
  0xb5, 0x01, 0x00, 0x00, 0x24, 0xff, 0xff, 0xff, 0xd4, 0x00, 0x00, 0x00,
  0xcb, 0x01, 0x00, 0x00, 0xd8, 0x01, 0x00, 0x00, 0xb5, 0xfe, 0xff, 0xff,
  0x8d, 0x01, 0x00, 0x00, 0x16, 0x01, 0x00, 0x00, 0x07, 0x00, 0x00, 0x00,
  0xd1, 0x00, 0x00, 0x00, 0x61, 0x01, 0x00, 0x00, 0xc6, 0xfe, 0xff, 0xff,
  0x43, 0x01, 0x00, 0x00, 0x9a, 0xf4, 0xff, 0xff, 0x04, 0x00, 0x00, 0x00,
  0x00, 0x03, 0x00, 0x00, 0xe5, 0xd5, 0xd0, 0x81, 0x0d, 0x91, 0xb9, 0xea,
  0x76, 0xe1, 0x69, 0x20, 0xb0, 0xb3, 0x9e, 0xb2, 0x3f, 0x7a, 0x4b, 0x61,
  0xb2, 0x21, 0x28, 0x8b, 0xe5, 0xc6, 0xc3, 0xea, 0x51, 0xc5, 0x2f, 0x0c,
  0xef, 0x76, 0x89, 0x31, 0x4a, 0xd5, 0x5c, 0xa8, 0xb9, 0x3a, 0x9d, 0x1c,
  0x95, 0x4c, 0x9f, 0xe3, 0x32, 0x3e, 0x02, 0xf0, 0xbf, 0xef, 0x58, 0x5d,
  0xfb, 0x64, 0xf2, 0x0b, 0x66, 0x3d, 0x6f, 0xf4, 0x74, 0x7c, 0xff, 0x5a,
  0xca, 0xf7, 0x2d, 0x71, 0xeb, 0x2d, 0x13, 0xe0, 0x44, 0xab, 0x18, 0xf9,
  0x3f, 0xe6, 0x22, 0xa6, 0x59, 0x5b, 0x64, 0x6e, 0x3a, 0x3e, 0xd4, 0x3e,
  0x7f, 0x8f, 0xbd, 0xe4, 0xf9, 0xe7, 0xac, 0x0f, 0x51, 0x8e, 0x01, 0x54,
  0x3d, 0x7c, 0xd2, 0x62, 0xd2, 0x02, 0x42, 0x09, 0x60, 0x7f, 0x2e, 0xed,
  0xa0, 0x52, 0xea, 0x6b, 0x1d, 0xe2, 0x46, 0xda, 0xf1, 0xba, 0x2e, 0x7d,
  0x1f, 0x9d, 0xcb, 0x75, 0x0b, 0x53, 0xfe, 0x75, 0x6a, 0x07, 0xcf, 0xcf,
  0x21, 0x25, 0x5b, 0x18, 0x26, 0x0f, 0x30, 0x2d, 0x10, 0x54, 0xd5, 0x41,
  0xde, 0xb8, 0xdc, 0x9c, 0x01, 0xca, 0x1d, 0xca, 0xab, 0x0e, 0x3c, 0xdb,
  0x1b, 0x53, 0x59, 0xc1, 0x29, 0xc9, 0xf9, 0x05, 0x7f, 0x1d, 0xd6, 0xd1,
  0xca, 0x41, 0x2d, 0xf3, 0x01, 0xcd, 0x27, 0xb5, 0xb2, 0xa4, 0x0a, 0xea,
  0x7d, 0x61, 0x4a, 0x60, 0xe1, 0xe3, 0x2a, 0x7f, 0xc0, 0x91, 0xe1, 0xa5,
  0x72, 0x94, 0xc2, 0x5d, 0x67, 0x1f, 0x56, 0x7a, 0xc0, 0xd7, 0x5e, 0xfd,
  0x6c, 0xa3, 0x42, 0x03, 0xfc, 0x2e, 0xe5, 0x1b, 0x98, 0x0f, 0x5b, 0x0e,
  0xdd, 0x47, 0xf7, 0x6e, 0xd6, 0xff, 0x15, 0x19, 0x28, 0xc6, 0xa1, 0xcd,
  0x26, 0xbe, 0x07, 0x59, 0x35, 0x42, 0xd8, 0x91, 0x0a, 0x00, 0xca, 0x73,
  0x73, 0xf6, 0x3c, 0xb9, 0x2e, 0x90, 0xe7, 0x17, 0xda, 0xe6, 0x36, 0x3d,
  0x95, 0x1e, 0xbc, 0x9c, 0xaa, 0x20, 0x67, 0x78, 0x03, 0x7e, 0x37, 0xeb,
  0x5a, 0xb7, 0xca, 0xd1, 0x4d, 0xdb, 0x14, 0x81, 0xc2, 0x56, 0xe0, 0xcf,
  0x14, 0x3a, 0x2c, 0x0a, 0xaa, 0xe1, 0xd9, 0x62, 0xfd, 0xf1, 0xf1, 0x0a,
  0xcf, 0x26, 0x45, 0xfd, 0x15, 0xd1, 0x7d, 0xe5, 0x2c, 0x2b, 0x09, 0x0d,
  0x31, 0xab, 0x2b, 0xdc, 0x36, 0xa8, 0x5f, 0xed, 0xef, 0x51, 0x2f, 0x0b,
  0x48, 0xef, 0xbb, 0x0e, 0xf3, 0x13, 0xd1, 0x0a, 0xee, 0x3c, 0x7f, 0xf4,
  0x5d, 0xc7, 0x33, 0x54, 0x3e, 0x11, 0xd6, 0xdd, 0xaf, 0x6f, 0x08, 0x70,
  0x53, 0xea, 0x7f, 0xff, 0xae, 0xe1, 0x1c, 0x32, 0xc8, 0xc9, 0x9e, 0x1a,
  0xfb, 0x34, 0xd9, 0x6a, 0xbf, 0xc7, 0x63, 0x42, 0xd3, 0xb5, 0x43, 0xc6,
  0xfd, 0x57, 0xf7, 0x2b, 0xa9, 0x45, 0x11, 0x48, 0x50, 0x33, 0x7c, 0xae,
  0x6f, 0x04, 0x0b, 0xe0, 0xbf, 0xaf, 0xfb, 0x49, 0x44, 0x63, 0xea, 0xd0,
  0xe8, 0xec, 0xc6, 0x29, 0xd6, 0xb2, 0x38, 0xb3, 0xba, 0xe8, 0x15, 0x01,
  0xcb, 0x42, 0x54, 0x07, 0x23, 0x00, 0xce, 0x32, 0x12, 0xa6, 0x58, 0x38,
  0x67, 0xdb, 0x3e, 0x32, 0xb8, 0x4c, 0x42, 0x31, 0xb0, 0x48, 0x7f, 0x0c,
  0xc0, 0x5d, 0x5c, 0x2e, 0xb1, 0x3c, 0x49, 0x2d, 0x72, 0xbd, 0x0f, 0xfc,
  0x28, 0xd3, 0x7f, 0x25, 0x35, 0x03, 0x71, 0xc2, 0xc5, 0x1c, 0xb3, 0x2c,
  0x14, 0x0b, 0x58, 0x31, 0x5d, 0xd4, 0xf0, 0x2f, 0x6d, 0x35, 0xc7, 0xf3,
  0x27, 0x72, 0xba, 0x1f, 0xda, 0x69, 0x1c, 0x63, 0xb0, 0x39, 0x12, 0x29,
  0x55, 0xa6, 0x1f, 0xc1, 0xb4, 0x7b, 0xd7, 0xc2, 0xab, 0x62, 0xd9, 0x4d,
  0x48, 0xc5, 0x7f, 0xaa, 0x51, 0x3c, 0x14, 0xc0, 0x94, 0xa3, 0x46, 0xbb,
  0x4b, 0x5c, 0x4f, 0xc7, 0x2f, 0x33, 0x18, 0xa9, 0x70, 0x6c, 0x4d, 0xd0,
  0xa7, 0xf3, 0x99, 0x14, 0x3a, 0x1c, 0x32, 0xdb, 0xb3, 0x2e, 0x15, 0xc3,
  0x11, 0xaf, 0x02, 0xa7, 0x2a, 0xf6, 0xd9, 0x4f, 0x10, 0x04, 0xac, 0xf1,
  0xf1, 0x46, 0x71, 0x4e, 0x3c, 0x3f, 0xc0, 0x3e, 0xef, 0x3f, 0xb4, 0x5a,
  0xa9, 0x19, 0x4f, 0xa2, 0xf8, 0x48, 0xa8, 0x38, 0x7a, 0x78, 0x5b, 0x28,
  0xdf, 0x3c, 0x92, 0x65, 0x58, 0xba, 0xb0, 0x4b, 0xc7, 0x81, 0xd5, 0x8e,
  0x4c, 0x03, 0xc7, 0xda, 0x56, 0x52, 0x61, 0xcd, 0x04, 0x62, 0xd9, 0x2f,
  0x0a, 0x2d, 0x3f, 0xc1, 0xcd, 0xa2, 0x7f, 0x11, 0xbf, 0x6a, 0x9e, 0x76,
  0xce, 0x38, 0xbf, 0x42, 0x62, 0xc8, 0x0a, 0x0c, 0x6d, 0x21, 0x4d, 0xc0,
  0x13, 0x5b, 0xbf, 0x3a, 0x42, 0x00, 0xef, 0x5b, 0x0e, 0x9f, 0xb7, 0xf0,
  0xe7, 0x63, 0x43, 0xf6, 0x49, 0xac, 0xc6, 0xce, 0x69, 0xe1, 0x2a, 0x7f,
  0xb6, 0x22, 0x5b, 0xb1, 0xa8, 0x4e, 0x16, 0xee, 0x9e, 0xbc, 0xac, 0x03,
  0xcb, 0xdf, 0x23, 0x7e, 0xa1, 0xd8, 0x13, 0x1f, 0xd8, 0x3e, 0x3a, 0x38,
  0x32, 0xf0, 0x41, 0x37, 0x08, 0xc0, 0x7c, 0x79, 0xf6, 0x1d, 0x2e, 0x0e,
  0x09, 0x1f, 0x2b, 0x36, 0x38, 0x2a, 0x12, 0x2f, 0x14, 0x0b, 0x42, 0xc7,
  0x30, 0xb4, 0x23, 0xe2, 0x30, 0x54, 0xeb, 0xb8, 0x11, 0x6b, 0xa8, 0xbf,
  0x02, 0x01, 0x01, 0x38, 0xd5, 0xcb, 0xde, 0xef, 0x23, 0xa5, 0x39, 0x43,
  0xc2, 0x6f, 0xc4, 0x11, 0x3b, 0xb6, 0x21, 0xdf, 0x3c, 0x2d, 0x7f, 0x4f,
  0xb7, 0x3e, 0xf1, 0x69, 0xba, 0x29, 0x03, 0x85, 0xba, 0x9e, 0x84, 0x91,
  0x5d, 0x99, 0xe3, 0x10, 0x7f, 0x6b, 0xec, 0xf0, 0x49, 0x9f, 0xb0, 0xac,
  0x51, 0x67, 0xbf, 0xc4, 0xab, 0x16, 0x24, 0xd9, 0xf1, 0x51, 0x84, 0x12,
  0xb5, 0xec, 0x47, 0x3e, 0x3b, 0x0e, 0xec, 0x4b, 0x1f, 0x85, 0x18, 0x69,
  0x8d, 0xf3, 0xf3, 0x20, 0xa6, 0xf7, 0xff, 0xff, 0x04, 0x00, 0x00, 0x00,
  0x40, 0x00, 0x00, 0x00, 0xd2, 0xff, 0xff, 0xff, 0xeb, 0xfe, 0xff, 0xff,
  0xf9, 0x00, 0x00, 0x00, 0x65, 0x00, 0x00, 0x00, 0xbd, 0xfe, 0xff, 0xff,
  0xdd, 0x00, 0x00, 0x00, 0xe7, 0xfe, 0xff, 0xff, 0x05, 0x01, 0x00, 0x00,
  0x0e, 0xff, 0xff, 0xff, 0x2c, 0x01, 0x00, 0x00, 0x2b, 0x01, 0x00, 0x00,
  0x65, 0x01, 0x00, 0x00, 0x0c, 0x00, 0x00, 0x00, 0xf7, 0xff, 0xff, 0xff,
  0xd6, 0x00, 0x00, 0x00, 0xef, 0x00, 0x00, 0x00, 0xf2, 0xf7, 0xff, 0xff,
  0x04, 0x00, 0x00, 0x00, 0x00, 0x03, 0x00, 0x00, 0x27, 0xd8, 0xab, 0x5c,
  0x30, 0x31, 0x7f, 0x35, 0x5f, 0x44, 0x2f, 0x22, 0xff, 0xae, 0xf7, 0x4c,
  0xba, 0x31, 0x3d, 0x09, 0xf7, 0xd0, 0x54, 0xdf, 0x70, 0x4e, 0x71, 0xed,
  0x77, 0x54, 0xd8, 0x18, 0xc2, 0x39, 0xe9, 0x47, 0x19, 0xbd, 0xdc, 0xe8,
  0xdc, 0x46, 0xc0, 0x43, 0x56, 0x41, 0x06, 0x9f, 0xd2, 0xe3, 0x60, 0xc1,
  0x03, 0x9d, 0xae, 0xd6, 0x5c, 0x34, 0xdc, 0xf5, 0x5e, 0xb8, 0xd5, 0xc4,
  0x1b, 0xf3, 0x70, 0x64, 0xa2, 0xa9, 0xd5, 0xdd, 0x9e, 0x81, 0x05, 0xec,
  0xa4, 0x42, 0xa9, 0x9a, 0x91, 0x34, 0x0f, 0xc5, 0x47, 0x86, 0x6e, 0x72,
  0xbd, 0x07, 0x69, 0xc0, 0x2c, 0x92, 0x23, 0xb9, 0xe9, 0xa4, 0x02, 0xfc,
  0x46, 0xaf, 0x12, 0xb7, 0x1a, 0x7b, 0x29, 0x1b, 0xd2, 0x58, 0x16, 0xe1,
  0x27, 0x75, 0x05, 0x00, 0x4d, 0x0b, 0x37, 0x15, 0x20, 0xc3, 0x50, 0xc5,
  0x38, 0xd5, 0xb6, 0x14, 0x39, 0xa6, 0x4c, 0x58, 0x48, 0xf5, 0x7d, 0x7f,
  0xb1, 0xe7, 0x5c, 0x34, 0x35, 0x68, 0xf9, 0xdc, 0xec, 0x04, 0x4c, 0xfe,
  0xcf, 0xe6, 0x5c, 0xc8, 0xc5, 0x67, 0x35, 0xf7, 0x48, 0x2c, 0x32, 0x2c,
  0x5a, 0xc4, 0x00, 0x69, 0xc8, 0xf3, 0xd5, 0x17, 0xea, 0x63, 0x34, 0x08,
  0x7f, 0x6f, 0x25, 0x1f, 0xa8, 0xf9, 0xcd, 0x1e, 0xe9, 0xd7, 0xe0, 0x23,
  0x1b, 0x0a, 0xf5, 0x42, 0xdd, 0x30, 0x0d, 0xeb, 0x38, 0x8c, 0x81, 0x0d,
  0xad, 0x16, 0x14, 0x46, 0x3a, 0x57, 0xc2, 0x04, 0x3c, 0x10, 0x86, 0xcd,
  0x9e, 0xa8, 0x97, 0x7a, 0x72, 0x25, 0x1c, 0x3b, 0x21, 0x60, 0xb6, 0x2c,
  0x76, 0x56, 0x68, 0xb8, 0x3c, 0x5a, 0x6b, 0x0a, 0x4c, 0x8e, 0x4e, 0x72,
  0xb1, 0xc4, 0x20, 0x00, 0x3b, 0x54, 0xd1, 0xd7, 0x12, 0xcc, 0x08, 0xdb,
  0xe7, 0xa5, 0x3d, 0x94, 0x50, 0x93, 0x0e, 0x52, 0x3f, 0x4a, 0xa3, 0x8d,
  0x28, 0x4b, 0x2d, 0xf1, 0x25, 0x73, 0xa3, 0xb7, 0xc9, 0x21, 0x4d, 0xb9,
  0x9f, 0x85, 0x9d, 0xb0, 0x09, 0x4d, 0xb9, 0x19, 0xaa, 0x8e, 0x0a, 0xc8,
  0xc6, 0xb9, 0x3b, 0x1c, 0x99, 0x95, 0xca, 0x81, 0x62, 0xb8, 0x66, 0xad,
  0xce, 0xf9, 0x4c, 0x7f, 0x0b, 0x04, 0xc8, 0xd8, 0x1a, 0xde, 0xea, 0xd5,
  0x44, 0x39, 0x29, 0x14, 0x1b, 0xb1, 0xe8, 0x35, 0x33, 0x6d, 0x52, 0xf7,
  0x78, 0x74, 0x18, 0xbc, 0xa3, 0xb2, 0x5f, 0x48, 0xf6, 0x1c, 0x3d, 0xb0,
  0x5c, 0x52, 0xf8, 0x10, 0x03, 0x24, 0x7a, 0x21, 0x13, 0x71, 0x5e, 0x29,
  0xb6, 0x22, 0x73, 0x7f, 0xef, 0x39, 0xbc, 0xd8, 0x53, 0x74, 0x1e, 0x32,
  0xf2, 0x5e, 0xec, 0x40, 0xd8, 0xe4, 0x0f, 0x6a, 0x32, 0x38, 0xc5, 0x0c,
  0x4c, 0x74, 0x36, 0x19, 0xe2, 0xa6, 0x54, 0xf9, 0x1a, 0xa0, 0x7a, 0x73,
  0xbb, 0x41, 0x45, 0x00, 0x5d, 0x00, 0xff, 0x98, 0x2c, 0xe4, 0xbe, 0x70,
  0xae, 0x12, 0xee, 0xfc, 0x92, 0x8e, 0x41, 0x43, 0x41, 0x65, 0x4f, 0x54,
  0x8d, 0x12, 0xa1, 0x81, 0x0d, 0xf3, 0x38, 0xf3, 0x96, 0xde, 0x6d, 0x19,
  0xa1, 0xdb, 0x16, 0xfd, 0x6a, 0x88, 0x08, 0xd7, 0x01, 0x64, 0x42, 0x8d,
  0x10, 0xd5, 0x6c, 0x36, 0x0c, 0x7d, 0x91, 0x7a, 0x8f, 0x3c, 0x85, 0xca,
  0xb1, 0x3c, 0xca, 0x02, 0xb8, 0x2c, 0xb9, 0x76, 0x70, 0x19, 0xfb, 0x7a,
  0x66, 0xaf, 0x92, 0x32, 0xcb, 0x48, 0x41, 0xb2, 0x81, 0x44, 0xb9, 0x93,
  0xef, 0x9f, 0xf6, 0xb5, 0x9f, 0x82, 0x70, 0xf0, 0x64, 0x76, 0xb3, 0x76,
  0x13, 0xf2, 0xa3, 0x7b, 0xf6, 0x7b, 0xab, 0xa8, 0xd9, 0xd1, 0xe2, 0xc3,
  0x62, 0xd3, 0x07, 0x5f, 0x63, 0x76, 0x7d, 0x4c, 0x62, 0x32, 0x3c, 0xcf,
  0x2c, 0x60, 0x08, 0x78, 0xd4, 0xdd, 0x04, 0xed, 0xa3, 0xf4, 0xb9, 0x77,
  0x1c, 0x4d, 0xfe, 0x04, 0x9f, 0x7f, 0x29, 0x20, 0xd1, 0xca, 0x15, 0x0b,
  0x35, 0xe6, 0x04, 0xbf, 0x77, 0x23, 0x62, 0x06, 0x95, 0x68, 0xe2, 0x15,
  0x6e, 0xec, 0xef, 0x41, 0x77, 0x3e, 0x44, 0x60, 0x5d, 0x5e, 0x6f, 0x63,
  0xf9, 0x5e, 0xdb, 0x34, 0xb3, 0xad, 0xf3, 0x2a, 0xc8, 0x1f, 0x5a, 0x10,
  0x7f, 0x0e, 0x48, 0x4d, 0xdd, 0x15, 0x1d, 0x7f, 0x69, 0x39, 0xe6, 0x4c,
  0x0b, 0xf5, 0x3d, 0x33, 0x7b, 0x70, 0x63, 0xd9, 0x1a, 0x71, 0xd7, 0x15,
  0xef, 0xbe, 0x5a, 0x1d, 0xd6, 0x60, 0xd3, 0xa9, 0xf7, 0x74, 0x4d, 0x9d,
  0xb3, 0x05, 0x52, 0x7f, 0x7c, 0x19, 0xda, 0x4a, 0x3c, 0x43, 0x74, 0xd7,
  0x29, 0x26, 0xbf, 0xfe, 0x01, 0xca, 0xdf, 0x4e, 0xe5, 0x56, 0xe2, 0x09,
  0x19, 0x4a, 0x55, 0xab, 0xd7, 0x15, 0xcf, 0x69, 0xd9, 0xf8, 0x0e, 0xce,
  0x43, 0xd3, 0xa5, 0x54, 0x23, 0xe8, 0xff, 0x16, 0x67, 0x33, 0x52, 0x20,
  0x52, 0xac, 0x8b, 0x26, 0x2a, 0xf9, 0x13, 0x78, 0xc8, 0x6f, 0x61, 0xce,
  0x49, 0x6a, 0x54, 0x0e, 0x81, 0x18, 0x43, 0x5f, 0xc9, 0x03, 0xc1, 0x4c,
  0xc3, 0x31, 0x54, 0xe8, 0xbe, 0x47, 0x27, 0x5c, 0xad, 0xb9, 0xcd, 0x47,
  0x4b, 0xc7, 0x47, 0xea, 0x09, 0xb7, 0x38, 0x35, 0x06, 0x54, 0x32, 0xab,
  0x47, 0x76, 0x17, 0xb8, 0xc1, 0x0d, 0xea, 0xea, 0x06, 0x4f, 0x14, 0xb6,
  0x19, 0xbb, 0xf9, 0xc8, 0x0e, 0x0e, 0x35, 0xdb, 0x32, 0xab, 0x7f, 0x5e,
  0xba, 0xe3, 0x13, 0x72, 0x62, 0x66, 0xc2, 0x03, 0x8a, 0xbb, 0x07, 0x29,
  0x9b, 0x00, 0x9e, 0xd7, 0x81, 0x0c, 0x20, 0x4f, 0x8c, 0xfb, 0xec, 0xaa,
  0x4e, 0xe9, 0xfa, 0xb2, 0x21, 0x8c, 0x4d, 0xcf, 0xfc, 0x97, 0xf4, 0x3c,
  0x0b, 0x64, 0xd5, 0xc4, 0xaa, 0x10, 0x44, 0xd6, 0x5b, 0x37, 0x7d, 0xf0,
  0xc5, 0x6c, 0x78, 0x5a, 0x14, 0xc0, 0xd7, 0x91, 0xfe, 0xfa, 0xff, 0xff,
  0x04, 0x00, 0x00, 0x00, 0x40, 0x00, 0x00, 0x00, 0xcb, 0xff, 0xff, 0xff,
  0x73, 0x01, 0x00, 0x00, 0x5e, 0x01, 0x00, 0x00, 0x01, 0x00, 0x00, 0x00,
  0xd9, 0x00, 0x00, 0x00, 0xf1, 0x00, 0x00, 0x00, 0x2f, 0x00, 0x00, 0x00,
  0xd0, 0xfe, 0xff, 0xff, 0x0f, 0x01, 0x00, 0x00, 0x68, 0xfe, 0xff, 0xff,
  0xc4, 0xff, 0xff, 0xff, 0x1d, 0x00, 0x00, 0x00, 0x54, 0x00, 0x00, 0x00,
  0x9b, 0x00, 0x00, 0x00, 0xd6, 0xfe, 0xff, 0xff, 0xdf, 0xff, 0xff, 0xff,
  0x4a, 0xfb, 0xff, 0xff, 0x04, 0x00, 0x00, 0x00, 0x00, 0x03, 0x00, 0x00,
  0xc4, 0xbc, 0x2d, 0x17, 0x0f, 0x2c, 0x27, 0x7f, 0x1a, 0xab, 0xf3, 0x56,
  0x52, 0x53, 0x5c, 0xc9, 0x19, 0xfd, 0xfe, 0x7d, 0x0d, 0x96, 0x35, 0xc7,
  0xe0, 0x74, 0xf8, 0xa9, 0xd5, 0x3b, 0xdd, 0xd3, 0xda, 0x26, 0xb9, 0x07,
  0xa9, 0x9f, 0xc5, 0xf9, 0xdb, 0xd0, 0x0a, 0x62, 0x4d, 0x28, 0x3b, 0x58,
  0xa9, 0xe6, 0x49, 0x5f, 0x8d, 0x3f, 0x12, 0xe0, 0x92, 0x55, 0xc7, 0x4e,
  0x0f, 0xe5, 0xd8, 0x17, 0xc1, 0x6d, 0x89, 0x07, 0x3f, 0xb7, 0xd8, 0x1b,
  0xc1, 0xb6, 0xf5, 0xc9, 0xb5, 0xa3, 0x26, 0x85, 0x81, 0x0f, 0x3f, 0xdd,
  0x41, 0xc2, 0x91, 0x19, 0xcf, 0x5a, 0x6d, 0x20, 0x1e, 0x44, 0x53, 0x53,
  0x89, 0x45, 0xe7, 0x5b, 0x81, 0xe6, 0xfb, 0xf1, 0x31, 0x23, 0x44, 0x4c,
  0xbe, 0xc2, 0x93, 0x81, 0xe4, 0x5a, 0x5d, 0x3b, 0x47, 0x11, 0xa8, 0x17,
  0x63, 0xe4, 0x24, 0xd1, 0x8b, 0x82, 0x3d, 0xa5, 0x2e, 0x67, 0x1f, 0xb6,
  0x38, 0x1f, 0xb7, 0x86, 0xbb, 0x05, 0x8e, 0x10, 0x07, 0xbc, 0x25, 0x70,
  0x56, 0xb6, 0x5e, 0xff, 0x5d, 0x86, 0x81, 0x43, 0x57, 0x33, 0xe5, 0x9c,
  0xdd, 0xd2, 0x3a, 0x89, 0xb9, 0x4f, 0x8a, 0x65, 0xff, 0x1d, 0x31, 0x0b,
  0xf5, 0x53, 0x46, 0x0f, 0xc7, 0x8b, 0x9e, 0x17, 0xbf, 0x85, 0x44, 0xdb,
  0xf6, 0xb6, 0x04, 0xa0, 0x42, 0x0f, 0x71, 0xae, 0xa8, 0xf4, 0x0c, 0x48,
  0xe0, 0xdb, 0x40, 0x4b, 0xda, 0x18, 0xee, 0x02, 0xbc, 0x92, 0x57, 0x70,
  0x4f, 0xbc, 0x7b, 0x7d, 0x25, 0xaa, 0x38, 0xe8, 0x3b, 0x23, 0xfa, 0x6e,
  0x00, 0x57, 0x64, 0x37, 0x06, 0xb1, 0x7f, 0xbb, 0x74, 0x2d, 0xf0, 0x14,
  0x33, 0x38, 0x47, 0x43, 0xa8, 0xb3, 0x0b, 0x4b, 0x71, 0x1a, 0x1a, 0x07,
  0xc6, 0xf6, 0xec, 0xd7, 0x73, 0x21, 0x1a, 0x4b, 0xfd, 0xc9, 0x02, 0xe3,
  0xaf, 0x4c, 0x58, 0xbb, 0x5c, 0x48, 0xf6, 0x47, 0x6d, 0x58, 0xf7, 0xc9,
  0x92, 0xc2, 0xe4, 0x24, 0xa7, 0xa7, 0xb8, 0x6d, 0xe0, 0xd1, 0x24, 0x06,
  0x6c, 0x72, 0x95, 0x26, 0xe2, 0x4a, 0x16, 0x4f, 0x97, 0x84, 0x81, 0xbd,
  0xa0, 0x06, 0x6e, 0xb1, 0xe0, 0xbb, 0x5b, 0xda, 0x1d, 0xe4, 0xc5, 0xd2,
  0x37, 0xf4, 0x20, 0x29, 0x20, 0x8f, 0x7f, 0x72, 0xf4, 0xe8, 0x32, 0x19,
  0xad, 0x6e, 0xcc, 0x6d, 0x43, 0x22, 0x69, 0x51, 0x77, 0xe4, 0xbb, 0x3d,
  0x49, 0x40, 0xa5, 0x4e, 0x01, 0xe6, 0xc3, 0xce, 0x5b, 0xa6, 0x7c, 0x3a,
  0x33, 0x91, 0x85, 0xc1, 0x8e, 0x6b, 0xac, 0xe6, 0x94, 0x20, 0xab, 0x46,
  0xae, 0x66, 0xa0, 0x66, 0xa0, 0xfd, 0x0c, 0x51, 0x6d, 0xec, 0x12, 0xfb,
  0x15, 0x27, 0xdd, 0x61, 0x37, 0x58, 0x44, 0x3c, 0xcb, 0x88, 0x81, 0x23,
  0x31, 0x7d, 0xf4, 0xa2, 0xb5, 0x39, 0xd5, 0x58, 0x46, 0x15, 0x08, 0xe3,
  0x1a, 0xed, 0x7f, 0x07, 0x3d, 0xe6, 0x1f, 0xdc, 0x11, 0xd0, 0x02, 0x55,
  0xb2, 0x4e, 0x7a, 0xca, 0x41, 0xee, 0xc3, 0x5d, 0xe8, 0x37, 0x2d, 0x03,
  0x34, 0x09, 0x1c, 0xcd, 0xd8, 0xba, 0x0c, 0x99, 0x74, 0x2b, 0x7c, 0xd3,
  0xd1, 0xfe, 0xc9, 0xd2, 0x2f, 0x54, 0x3c, 0xf8, 0x03, 0x15, 0x5a, 0xd3,
  0x07, 0x48, 0x4e, 0xac, 0x00, 0xb0, 0xca, 0xfd, 0xe3, 0x51, 0x75, 0x4d,
  0xe5, 0x08, 0x7f, 0x29, 0x49, 0x44, 0x4d, 0xe6, 0x58, 0x3d, 0xc2, 0xe3,
  0xa2, 0xd8, 0xfb, 0x07, 0xb2, 0xc4, 0x15, 0x2d, 0xf6, 0xe8, 0x59, 0x64,
  0x2d, 0xc0, 0xe8, 0x42, 0xbe, 0xbb, 0x3b, 0xe5, 0xec, 0x6b, 0x7d, 0xe7,
  0x85, 0xbf, 0x3a, 0x91, 0xbc, 0x45, 0x84, 0x4f, 0xee, 0x38, 0xf3, 0xca,
  0xfd, 0xb9, 0x2b, 0x43, 0xbc, 0x67, 0xa2, 0xed, 0x9f, 0xb3, 0xe3, 0x04,
  0x28, 0xcf, 0x27, 0x56, 0x08, 0x46, 0x45, 0x9e, 0x51, 0x52, 0xa9, 0x2d,
  0xcf, 0x59, 0x81, 0xf5, 0xf0, 0xff, 0xda, 0x66, 0x3d, 0xbf, 0xe8, 0x6b,
  0x5f, 0xd7, 0xc8, 0x98, 0xad, 0xe1, 0xc4, 0xe4, 0x37, 0xa6, 0x69, 0x5a,
  0x1c, 0x56, 0xfa, 0x2b, 0x4e, 0x2f, 0x5f, 0x75, 0xad, 0xbd, 0x2c, 0x7f,
  0x04, 0x1a, 0xe6, 0xe6, 0x20, 0x5a, 0xa6, 0x1c, 0x56, 0xba, 0x47, 0x40,
  0x4b, 0xa4, 0x08, 0xa3, 0x3e, 0x5f, 0x73, 0x3e, 0xb1, 0xbf, 0xd1, 0x01,
  0x64, 0x29, 0x06, 0xac, 0x25, 0xf2, 0x16, 0x12, 0x81, 0xf5, 0x07, 0x44,
  0x91, 0x45, 0x2a, 0x83, 0x87, 0x45, 0x03, 0x99, 0x30, 0x0b, 0xe3, 0x91,
  0x25, 0xf2, 0x25, 0x16, 0x68, 0xca, 0xf0, 0x11, 0xfa, 0xb6, 0x16, 0x64,
  0xd4, 0x5a, 0x09, 0xcf, 0xfe, 0x30, 0xa5, 0xf4, 0x21, 0x1b, 0xcb, 0x57,
  0x58, 0x1d, 0x72, 0xab, 0x81, 0x3a, 0xca, 0xf7, 0x56, 0x49, 0x4c, 0x4e,
  0x09, 0x83, 0x10, 0x68, 0x0a, 0x5e, 0x11, 0xd1, 0x03, 0x39, 0x95, 0xba,
  0x85, 0x89, 0x10, 0x41, 0x64, 0xf5, 0xe2, 0x89, 0xd8, 0xfb, 0xfd, 0xaf,
  0x11, 0xe1, 0x68, 0x92, 0x0e, 0xd1, 0x06, 0x47, 0x0f, 0x6b, 0xd3, 0xcf,
  0x29, 0xf0, 0x95, 0x19, 0x1e, 0x2e, 0x6d, 0x16, 0xb8, 0x03, 0xaa, 0xd7,
  0xc4, 0x06, 0x24, 0x48, 0x9c, 0xf2, 0x9e, 0x88, 0x36, 0x0c, 0xbb, 0xf8,
  0x15, 0x97, 0x13, 0xa1, 0x64, 0x98, 0x81, 0xeb, 0x6e, 0xcd, 0xdc, 0x93,
  0x35, 0xb1, 0xa1, 0xb0, 0x70, 0x0a, 0x4f, 0xcd, 0x1c, 0x24, 0x33, 0xa3,
  0x20, 0xf8, 0x35, 0x7c, 0x3d, 0xd6, 0x4b, 0xd2, 0x40, 0x97, 0x53, 0x75,
  0x24, 0xeb, 0x2f, 0x37, 0xf2, 0x06, 0xc1, 0xeb, 0x52, 0x4b, 0x12, 0xc9,
  0x52, 0x55, 0xa9, 0xec, 0xf4, 0xf2, 0xa0, 0xa7, 0x23, 0xa4, 0x7f, 0xcb,
  0xd5, 0xf9, 0x0a, 0x67, 0xeb, 0x04, 0x4e, 0x0a, 0x76, 0x12, 0x3c, 0x08,
  0x56, 0xfe, 0xff, 0xff, 0x04, 0x00, 0x00, 0x00, 0x40, 0x00, 0x00, 0x00,
  0xc4, 0x00, 0x00, 0x00, 0xf7, 0xfe, 0xff, 0xff, 0x67, 0xff, 0xff, 0xff,
  0xd7, 0x00, 0x00, 0x00, 0x2b, 0x00, 0x00, 0x00, 0x52, 0xff, 0xff, 0xff,
  0x68, 0xff, 0xff, 0xff, 0xb4, 0xff, 0xff, 0xff, 0x9b, 0x00, 0x00, 0x00,
  0x8d, 0xff, 0xff, 0xff, 0x31, 0xff, 0xff, 0xff, 0xd0, 0x00, 0x00, 0x00,
  0xe7, 0xff, 0xff, 0xff, 0x63, 0xff, 0xff, 0xff, 0x17, 0x00, 0x00, 0x00,
  0xc5, 0xff, 0xff, 0xff, 0xa2, 0xfe, 0xff, 0xff, 0x04, 0x00, 0x00, 0x00,
  0x70, 0x00, 0x00, 0x00, 0x7c, 0xed, 0x5c, 0x17, 0xa8, 0xa4, 0x5f, 0x72,
  0x74, 0xad, 0x7f, 0xd6, 0x46, 0x27, 0x48, 0x3a, 0x09, 0xdb, 0x1c, 0xba,
  0x0c, 0x3c, 0x3b, 0xdb, 0x58, 0x8f, 0x0b, 0x81, 0x2b, 0xf7, 0x60, 0x31,
  0x7e, 0x92, 0x98, 0xa0, 0x57, 0x8f, 0x18, 0xe0, 0x37, 0x4f, 0xce, 0x62,
  0xb0, 0x2a, 0x4f, 0x7f, 0xb6, 0x19, 0x71, 0x57, 0x51, 0x91, 0x85, 0x76,
  0x07, 0x46, 0x61, 0x1b, 0x3f, 0x38, 0xfb, 0x81, 0xfb, 0x2d, 0xfd, 0x00,
  0xad, 0xff, 0x37, 0x2d, 0x81, 0x97, 0x31, 0x60, 0xa6, 0xc7, 0xb8, 0x83,
  0x82, 0x4a, 0x33, 0x8a, 0x94, 0x5c, 0x81, 0x42, 0x1f, 0x52, 0x40, 0x1e,
  0xa6, 0x0b, 0xf6, 0x8f, 0xe4, 0x46, 0xec, 0xa0, 0x0a, 0x41, 0xb9, 0x81,
  0xf9, 0x02, 0x4a, 0x26, 0xce, 0x69, 0x1b, 0x11, 0x1e, 0xff, 0xff, 0xff,
  0x04, 0x00, 0x00, 0x00, 0x1c, 0x00, 0x00, 0x00, 0xa0, 0xfe, 0xff, 0xff,
  0x19, 0x01, 0x00, 0x00, 0x08, 0x01, 0x00, 0x00, 0x69, 0x00, 0x00, 0x00,
  0xb9, 0xfe, 0xff, 0xff, 0x63, 0x00, 0x00, 0x00, 0x30, 0xff, 0xff, 0xff,
  0x46, 0xff, 0xff, 0xff, 0x04, 0x00, 0x00, 0x00, 0x08, 0x00, 0x00, 0x00,
  0x01, 0x00, 0x00, 0x00, 0x02, 0x00, 0x00, 0x00, 0xc8, 0xdc, 0xff, 0xff,
  0xcc, 0xdc, 0xff, 0xff, 0x0f, 0x00, 0x00, 0x00, 0x4d, 0x4c, 0x49, 0x52,
  0x20, 0x43, 0x6f, 0x6e, 0x76, 0x65, 0x72, 0x74, 0x65, 0x64, 0x2e, 0x00,
  0x01, 0x00, 0x00, 0x00, 0x14, 0x00, 0x00, 0x00, 0x00, 0x00, 0x0e, 0x00,
  0x18, 0x00, 0x14, 0x00, 0x10, 0x00, 0x0c, 0x00, 0x08, 0x00, 0x04, 0x00,
  0x0e, 0x00, 0x00, 0x00, 0x14, 0x00, 0x00, 0x00, 0x1c, 0x00, 0x00, 0x00,
  0x54, 0x03, 0x00, 0x00, 0x58, 0x03, 0x00, 0x00, 0x5c, 0x03, 0x00, 0x00,
  0x04, 0x00, 0x00, 0x00, 0x6d, 0x61, 0x69, 0x6e, 0x00, 0x00, 0x00, 0x00,
  0x0c, 0x00, 0x00, 0x00, 0xf0, 0x02, 0x00, 0x00, 0xa0, 0x02, 0x00, 0x00,
  0x60, 0x02, 0x00, 0x00, 0x20, 0x02, 0x00, 0x00, 0xe0, 0x01, 0x00, 0x00,
  0xa0, 0x01, 0x00, 0x00, 0x60, 0x01, 0x00, 0x00, 0x20, 0x01, 0x00, 0x00,
  0xcc, 0x00, 0x00, 0x00, 0x88, 0x00, 0x00, 0x00, 0x40, 0x00, 0x00, 0x00,
  0x04, 0x00, 0x00, 0x00, 0x52, 0xff, 0xff, 0xff, 0x1c, 0x00, 0x00, 0x00,
  0x00, 0x00, 0x00, 0x09, 0x1c, 0x00, 0x00, 0x00, 0x20, 0x00, 0x00, 0x00,
  0x04, 0x00, 0x00, 0x00, 0x00, 0x00, 0x06, 0x00, 0x08, 0x00, 0x04, 0x00,
  0x06, 0x00, 0x00, 0x00, 0x00, 0x00, 0x80, 0x3f, 0x01, 0x00, 0x00, 0x00,
  0x1f, 0x00, 0x00, 0x00, 0x01, 0x00, 0x00, 0x00, 0x1e, 0x00, 0x00, 0x00,
  0xca, 0xff, 0xff, 0xff, 0x14, 0x00, 0x00, 0x00, 0x00, 0x00, 0x00, 0x08,
  0x10, 0x00, 0x00, 0x00, 0x14, 0x00, 0x00, 0x00, 0x03, 0x00, 0x00, 0x00,
  0xa4, 0xdd, 0xff, 0xff, 0x01, 0x00, 0x00, 0x00, 0x1e, 0x00, 0x00, 0x00,
  0x03, 0x00, 0x00, 0x00, 0x1d, 0x00, 0x00, 0x00, 0x03, 0x00, 0x00, 0x00,
  0x02, 0x00, 0x00, 0x00, 0x00, 0x00, 0x0e, 0x00, 0x18, 0x00, 0x14, 0x00,
  0x10, 0x00, 0x0c, 0x00, 0x0b, 0x00, 0x04, 0x00, 0x0e, 0x00, 0x00, 0x00,
  0x14, 0x00, 0x00, 0x00, 0x00, 0x00, 0x00, 0x1b, 0x10, 0x00, 0x00, 0x00,
  0x14, 0x00, 0x00, 0x00, 0x02, 0x00, 0x00, 0x00, 0xe8, 0xdd, 0xff, 0xff,
  0x01, 0x00, 0x00, 0x00, 0x1d, 0x00, 0x00, 0x00, 0x02, 0x00, 0x00, 0x00,
  0x1c, 0x00, 0x00, 0x00, 0x01, 0x00, 0x00, 0x00, 0x00, 0x00, 0x0e, 0x00,
  0x1a, 0x00, 0x14, 0x00, 0x10, 0x00, 0x0c, 0x00, 0x0b, 0x00, 0x04, 0x00,
  0x0e, 0x00, 0x00, 0x00, 0x24, 0x00, 0x00, 0x00, 0x00, 0x00, 0x00, 0x05,
  0x34, 0x00, 0x00, 0x00, 0x38, 0x00, 0x00, 0x00, 0x01, 0x00, 0x00, 0x00,
  0x00, 0x00, 0x0e, 0x00, 0x18, 0x00, 0x17, 0x00, 0x10, 0x00, 0x0c, 0x00,
  0x08, 0x00, 0x04, 0x00, 0x0e, 0x00, 0x00, 0x00, 0x02, 0x00, 0x00, 0x00,
  0x01, 0x00, 0x00, 0x00, 0x02, 0x00, 0x00, 0x00, 0x01, 0x00, 0x00, 0x00,
  0x00, 0x00, 0x00, 0x01, 0x01, 0x00, 0x00, 0x00, 0x1c, 0x00, 0x00, 0x00,
  0x01, 0x00, 0x00, 0x00, 0x1b, 0x00, 0x00, 0x00, 0x5a, 0xfe, 0xff, 0xff,
  0x10, 0x00, 0x00, 0x00, 0x00, 0x00, 0x00, 0x01, 0x18, 0x00, 0x00, 0x00,
  0x1c, 0x00, 0x00, 0x00, 0x4c, 0xfe, 0xff, 0xff, 0x00, 0x00, 0x00, 0x01,
  0x01, 0x00, 0x00, 0x00, 0x01, 0x00, 0x00, 0x00, 0x01, 0x00, 0x00, 0x00,
  0x1b, 0x00, 0x00, 0x00, 0x03, 0x00, 0x00, 0x00, 0x1a, 0x00, 0x00, 0x00,
  0x05, 0x00, 0x00, 0x00, 0x04, 0x00, 0x00, 0x00, 0x96, 0xfe, 0xff, 0xff,
  0x10, 0x00, 0x00, 0x00, 0x00, 0x00, 0x00, 0x01, 0x18, 0x00, 0x00, 0x00,
  0x1c, 0x00, 0x00, 0x00, 0x88, 0xfe, 0xff, 0xff, 0x00, 0x00, 0x00, 0x01,
  0x01, 0x00, 0x00, 0x00, 0x01, 0x00, 0x00, 0x00, 0x01, 0x00, 0x00, 0x00,
  0x1a, 0x00, 0x00, 0x00, 0x03, 0x00, 0x00, 0x00, 0x19, 0x00, 0x00, 0x00,
  0x07, 0x00, 0x00, 0x00, 0x06, 0x00, 0x00, 0x00, 0xd2, 0xfe, 0xff, 0xff,
  0x10, 0x00, 0x00, 0x00, 0x00, 0x00, 0x00, 0x01, 0x18, 0x00, 0x00, 0x00,
  0x1c, 0x00, 0x00, 0x00, 0xc4, 0xfe, 0xff, 0xff, 0x00, 0x00, 0x00, 0x01,
  0x01, 0x00, 0x00, 0x00, 0x01, 0x00, 0x00, 0x00, 0x01, 0x00, 0x00, 0x00,
  0x19, 0x00, 0x00, 0x00, 0x03, 0x00, 0x00, 0x00, 0x18, 0x00, 0x00, 0x00,
  0x09, 0x00, 0x00, 0x00, 0x08, 0x00, 0x00, 0x00, 0x0e, 0xff, 0xff, 0xff,
  0x10, 0x00, 0x00, 0x00, 0x00, 0x00, 0x00, 0x01, 0x18, 0x00, 0x00, 0x00,
  0x1c, 0x00, 0x00, 0x00, 0x00, 0xff, 0xff, 0xff, 0x00, 0x00, 0x00, 0x01,
  0x01, 0x00, 0x00, 0x00, 0x01, 0x00, 0x00, 0x00, 0x01, 0x00, 0x00, 0x00,
  0x18, 0x00, 0x00, 0x00, 0x03, 0x00, 0x00, 0x00, 0x17, 0x00, 0x00, 0x00,
  0x0b, 0x00, 0x00, 0x00, 0x0a, 0x00, 0x00, 0x00, 0x4a, 0xff, 0xff, 0xff,
  0x10, 0x00, 0x00, 0x00, 0x00, 0x00, 0x00, 0x01, 0x18, 0x00, 0x00, 0x00,
  0x1c, 0x00, 0x00, 0x00, 0x3c, 0xff, 0xff, 0xff, 0x00, 0x00, 0x00, 0x01,
  0x01, 0x00, 0x00, 0x00, 0x01, 0x00, 0x00, 0x00, 0x01, 0x00, 0x00, 0x00,
  0x17, 0x00, 0x00, 0x00, 0x03, 0x00, 0x00, 0x00, 0x16, 0x00, 0x00, 0x00,
  0x0d, 0x00, 0x00, 0x00, 0x0c, 0x00, 0x00, 0x00, 0x86, 0xff, 0xff, 0xff,
  0x10, 0x00, 0x00, 0x00, 0x00, 0x00, 0x00, 0x01, 0x18, 0x00, 0x00, 0x00,
  0x1c, 0x00, 0x00, 0x00, 0x78, 0xff, 0xff, 0xff, 0x00, 0x00, 0x00, 0x01,
  0x01, 0x00, 0x00, 0x00, 0x01, 0x00, 0x00, 0x00, 0x01, 0x00, 0x00, 0x00,
  0x16, 0x00, 0x00, 0x00, 0x03, 0x00, 0x00, 0x00, 0x15, 0x00, 0x00, 0x00,
  0x0f, 0x00, 0x00, 0x00, 0x0e, 0x00, 0x00, 0x00, 0xc2, 0xff, 0xff, 0xff,
  0x10, 0x00, 0x00, 0x00, 0x00, 0x00, 0x00, 0x01, 0x18, 0x00, 0x00, 0x00,
  0x1c, 0x00, 0x00, 0x00, 0xb4, 0xff, 0xff, 0xff, 0x00, 0x00, 0x00, 0x01,
  0x01, 0x00, 0x00, 0x00, 0x01, 0x00, 0x00, 0x00, 0x01, 0x00, 0x00, 0x00,
  0x15, 0x00, 0x00, 0x00, 0x03, 0x00, 0x00, 0x00, 0x14, 0x00, 0x00, 0x00,
  0x11, 0x00, 0x00, 0x00, 0x10, 0x00, 0x00, 0x00, 0x00, 0x00, 0x0e, 0x00,
  0x14, 0x00, 0x00, 0x00, 0x10, 0x00, 0x0c, 0x00, 0x0b, 0x00, 0x04, 0x00,
  0x0e, 0x00, 0x00, 0x00, 0x1c, 0x00, 0x00, 0x00, 0x00, 0x00, 0x00, 0x01,
  0x24, 0x00, 0x00, 0x00, 0x28, 0x00, 0x00, 0x00, 0x0c, 0x00, 0x10, 0x00,
  0x00, 0x00, 0x0c, 0x00, 0x08, 0x00, 0x07, 0x00, 0x0c, 0x00, 0x00, 0x00,
  0x00, 0x00, 0x00, 0x01, 0x01, 0x00, 0x00, 0x00, 0x01, 0x00, 0x00, 0x00,
  0x01, 0x00, 0x00, 0x00, 0x14, 0x00, 0x00, 0x00, 0x03, 0x00, 0x00, 0x00,
  0x00, 0x00, 0x00, 0x00, 0x13, 0x00, 0x00, 0x00, 0x12, 0x00, 0x00, 0x00,
  0x01, 0x00, 0x00, 0x00, 0x1f, 0x00, 0x00, 0x00, 0x01, 0x00, 0x00, 0x00,
  0x00, 0x00, 0x00, 0x00, 0x20, 0x00, 0x00, 0x00, 0xf4, 0x1f, 0x00, 0x00,
  0x70, 0x1f, 0x00, 0x00, 0xb0, 0x1e, 0x00, 0x00, 0xec, 0x1d, 0x00, 0x00,
  0x78, 0x1c, 0x00, 0x00, 0x3c, 0x1b, 0x00, 0x00, 0xc8, 0x19, 0x00, 0x00,
  0x8c, 0x18, 0x00, 0x00, 0x18, 0x17, 0x00, 0x00, 0xdc, 0x15, 0x00, 0x00,
  0x68, 0x14, 0x00, 0x00, 0x2c, 0x13, 0x00, 0x00, 0xb8, 0x11, 0x00, 0x00,
  0x7c, 0x10, 0x00, 0x00, 0x08, 0x0f, 0x00, 0x00, 0xcc, 0x0d, 0x00, 0x00,
  0x58, 0x0c, 0x00, 0x00, 0x1c, 0x0b, 0x00, 0x00, 0xa8, 0x09, 0x00, 0x00,
  0x6c, 0x08, 0x00, 0x00, 0xa0, 0x07, 0x00, 0x00, 0xd4, 0x06, 0x00, 0x00,
  0x08, 0x06, 0x00, 0x00, 0x3c, 0x05, 0x00, 0x00, 0x70, 0x04, 0x00, 0x00,
  0xa4, 0x03, 0x00, 0x00, 0xd8, 0x02, 0x00, 0x00, 0x0c, 0x02, 0x00, 0x00,
  0x88, 0x01, 0x00, 0x00, 0x0c, 0x01, 0x00, 0x00, 0x68, 0x00, 0x00, 0x00,
  0x04, 0x00, 0x00, 0x00, 0xa2, 0xe0, 0xff, 0xff, 0x00, 0x00, 0x00, 0x01,
  0x14, 0x00, 0x00, 0x00, 0x30, 0x00, 0x00, 0x00, 0x20, 0x00, 0x00, 0x00,
  0x00, 0x00, 0x00, 0x09, 0x3c, 0x00, 0x00, 0x00, 0x8c, 0xe0, 0xff, 0xff,
  0x08, 0x00, 0x00, 0x00, 0x10, 0x00, 0x00, 0x00, 0x01, 0x00, 0x00, 0x00,
  0x80, 0xff, 0xff, 0xff, 0xff, 0xff, 0xff, 0xff, 0x01, 0x00, 0x00, 0x00,
  0x00, 0x00, 0x80, 0x3b, 0x11, 0x00, 0x00, 0x00, 0x50, 0x61, 0x72, 0x74,
  0x69, 0x74, 0x69, 0x6f, 0x6e, 0x65, 0x64, 0x43, 0x61, 0x6c, 0x6c, 0x3a,
  0x30, 0x00, 0x00, 0x00, 0x02, 0x00, 0x00, 0x00, 0x01, 0x00, 0x00, 0x00,
  0x07, 0x00, 0x00, 0x00, 0x02, 0xe1, 0xff, 0xff, 0x00, 0x00, 0x00, 0x01,
  0x14, 0x00, 0x00, 0x00, 0x34, 0x00, 0x00, 0x00, 0x1f, 0x00, 0x00, 0x00,
  0x00, 0x00, 0x00, 0x09, 0x7c, 0x00, 0x00, 0x00, 0xec, 0xe0, 0xff, 0xff,
  0x08, 0x00, 0x00, 0x00, 0x14, 0x00, 0x00, 0x00, 0x01, 0x00, 0x00, 0x00,
  0xe3, 0xff, 0xff, 0xff, 0xff, 0xff, 0xff, 0xff, 0x00, 0x00, 0x00, 0x00,
  0x01, 0x00, 0x00, 0x00, 0x8b, 0x8c, 0xc8, 0x3e, 0x4d, 0x00, 0x00, 0x00,
  0x6d, 0x6f, 0x64, 0x65, 0x6c, 0x5f, 0x32, 0x31, 0x36, 0x2f, 0x74, 0x66,
  0x2e, 0x6c, 0x69, 0x6e, 0x61, 0x6c, 0x67, 0x2e, 0x6d, 0x61, 0x74, 0x6d,
  0x75, 0x6c, 0x5f, 0x36, 0x34, 0x2f, 0x4d, 0x61, 0x74, 0x4d, 0x75, 0x6c,
  0x3b, 0x6d, 0x6f, 0x64, 0x65, 0x6c, 0x5f, 0x32, 0x31, 0x36, 0x2f, 0x74,
  0x66, 0x2e, 0x5f, 0x5f, 0x6f, 0x70, 0x65, 0x72, 0x61, 0x74, 0x6f, 0x72,
  0x73, 0x5f, 0x5f, 0x2e, 0x61, 0x64, 0x64, 0x5f, 0x32, 0x31, 0x36, 0x2f,
  0x41, 0x64, 0x64, 0x56, 0x32, 0x00, 0x00, 0x00, 0x02, 0x00, 0x00, 0x00,
  0x01, 0x00, 0x00, 0x00, 0x07, 0x00, 0x00, 0x00, 0xa2, 0xe1, 0xff, 0xff,
  0x00, 0x00, 0x00, 0x01, 0x14, 0x00, 0x00, 0x00, 0x34, 0x00, 0x00, 0x00,
  0x1e, 0x00, 0x00, 0x00, 0x00, 0x00, 0x00, 0x09, 0x54, 0x00, 0x00, 0x00,
  0x8c, 0xe1, 0xff, 0xff, 0x08, 0x00, 0x00, 0x00, 0x14, 0x00, 0x00, 0x00,
  0x01, 0x00, 0x00, 0x00, 0x80, 0xff, 0xff, 0xff, 0xff, 0xff, 0xff, 0xff,
  0x00, 0x00, 0x00, 0x00, 0x01, 0x00, 0x00, 0x00, 0x45, 0xab, 0xc3, 0x3e,
  0x25, 0x00, 0x00, 0x00, 0x6d, 0x6f, 0x64, 0x65, 0x6c, 0x5f, 0x32, 0x31,
  0x36, 0x2f, 0x74, 0x66, 0x2e, 0x6d, 0x61, 0x74, 0x68, 0x2e, 0x72, 0x65,
  0x64, 0x75, 0x63, 0x65, 0x5f, 0x6d, 0x65, 0x61, 0x6e, 0x5f, 0x36, 0x34,
  0x2f, 0x4d, 0x65, 0x61, 0x6e, 0x00, 0x00, 0x00, 0x02, 0x00, 0x00, 0x00,
  0x01, 0x00, 0x00, 0x00, 0x10, 0x00, 0x00, 0x00, 0x1a, 0xe2, 0xff, 0xff,
  0x00, 0x00, 0x00, 0x01, 0x14, 0x00, 0x00, 0x00, 0x34, 0x00, 0x00, 0x00,
  0x1d, 0x00, 0x00, 0x00, 0x00, 0x00, 0x00, 0x09, 0x54, 0x00, 0x00, 0x00,
  0x04, 0xe2, 0xff, 0xff, 0x08, 0x00, 0x00, 0x00, 0x14, 0x00, 0x00, 0x00,
  0x01, 0x00, 0x00, 0x00, 0x80, 0xff, 0xff, 0xff, 0xff, 0xff, 0xff, 0xff,
  0x00, 0x00, 0x00, 0x00, 0x01, 0x00, 0x00, 0x00, 0xc8, 0x98, 0xed, 0x3e,
  0x27, 0x00, 0x00, 0x00, 0x6d, 0x6f, 0x64, 0x65, 0x6c, 0x5f, 0x32, 0x31,
  0x36, 0x2f, 0x74, 0x66, 0x2e, 0x6e, 0x6e, 0x2e, 0x6d, 0x61, 0x78, 0x5f,
  0x70, 0x6f, 0x6f, 0x6c, 0x32, 0x64, 0x5f, 0x35, 0x34, 0x2f, 0x4d, 0x61,
  0x78, 0x50, 0x6f, 0x6f, 0x6c, 0x32, 0x64, 0x00, 0x04, 0x00, 0x00, 0x00,
  0x01, 0x00, 0x00, 0x00, 0x05, 0x00, 0x00, 0x00, 0x01, 0x00, 0x00, 0x00,
  0x10, 0x00, 0x00, 0x00, 0x9a, 0xe2, 0xff, 0xff, 0x00, 0x00, 0x00, 0x01,
  0x14, 0x00, 0x00, 0x00, 0x30, 0x00, 0x00, 0x00, 0x1c, 0x00, 0x00, 0x00,
  0x00, 0x00, 0x00, 0x09, 0x9c, 0x00, 0x00, 0x00, 0x84, 0xe2, 0xff, 0xff,
  0x08, 0x00, 0x00, 0x00, 0x10, 0x00, 0x00, 0x00, 0x01, 0x00, 0x00, 0x00,
  0x80, 0xff, 0xff, 0xff, 0xff, 0xff, 0xff, 0xff, 0x01, 0x00, 0x00, 0x00,
  0xc8, 0x98, 0xed, 0x3e, 0x70, 0x00, 0x00, 0x00, 0x6d, 0x6f, 0x64, 0x65,
  0x6c, 0x5f, 0x32, 0x31, 0x36, 0x2f, 0x74, 0x66, 0x2e, 0x6e, 0x6e, 0x2e,
  0x72, 0x65, 0x6c, 0x75, 0x5f, 0x33, 0x31, 0x31, 0x2f, 0x52, 0x65, 0x6c,
  0x75, 0x3b, 0x6d, 0x6f, 0x64, 0x65, 0x6c, 0x5f, 0x32, 0x31, 0x36, 0x2f,
  0x74, 0x66, 0x2e, 0x6d, 0x61, 0x74, 0x68, 0x2e, 0x61, 0x64, 0x64, 0x5f,
  0x33, 0x31, 0x31, 0x2f, 0x41, 0x64, 0x64, 0x3b, 0x6d, 0x6f, 0x64, 0x65,
  0x6c, 0x5f, 0x32, 0x31, 0x36, 0x2f, 0x74, 0x66, 0x2e, 0x6e, 0x6e, 0x2e,
  0x63, 0x6f, 0x6e, 0x76, 0x6f, 0x6c, 0x75, 0x74, 0x69, 0x6f, 0x6e, 0x5f,
  0x33, 0x31, 0x31, 0x2f, 0x63, 0x6f, 0x6e, 0x76, 0x6f, 0x6c, 0x75, 0x74,
  0x69, 0x6f, 0x6e, 0x3b, 0x43, 0x6f, 0x6e, 0x73, 0x74, 0x5f, 0x33, 0x31,
  0x00, 0x00, 0x00, 0x00, 0x04, 0x00, 0x00, 0x00, 0x01, 0x00, 0x00, 0x00,
  0x0a, 0x00, 0x00, 0x00, 0x01, 0x00, 0x00, 0x00, 0x10, 0x00, 0x00, 0x00,
  0x62, 0xe3, 0xff, 0xff, 0x00, 0x00, 0x00, 0x01, 0x14, 0x00, 0x00, 0x00,
  0x30, 0x00, 0x00, 0x00, 0x1b, 0x00, 0x00, 0x00, 0x00, 0x00, 0x00, 0x09,
  0x9c, 0x00, 0x00, 0x00, 0x4c, 0xe3, 0xff, 0xff, 0x08, 0x00, 0x00, 0x00,
  0x10, 0x00, 0x00, 0x00, 0x01, 0x00, 0x00, 0x00, 0x80, 0xff, 0xff, 0xff,
  0xff, 0xff, 0xff, 0xff, 0x01, 0x00, 0x00, 0x00, 0x4d, 0xda, 0xd8, 0x3e,
  0x70, 0x00, 0x00, 0x00, 0x6d, 0x6f, 0x64, 0x65, 0x6c, 0x5f, 0x32, 0x31,
  0x36, 0x2f, 0x74, 0x66, 0x2e, 0x6e, 0x6e, 0x2e, 0x72, 0x65, 0x6c, 0x75,
  0x5f, 0x33, 0x31, 0x30, 0x2f, 0x52, 0x65, 0x6c, 0x75, 0x3b, 0x6d, 0x6f,
  0x64, 0x65, 0x6c, 0x5f, 0x32, 0x31, 0x36, 0x2f, 0x74, 0x66, 0x2e, 0x6d,
  0x61, 0x74, 0x68, 0x2e, 0x61, 0x64, 0x64, 0x5f, 0x33, 0x31, 0x30, 0x2f,
  0x41, 0x64, 0x64, 0x3b, 0x6d, 0x6f, 0x64, 0x65, 0x6c, 0x5f, 0x32, 0x31,
  0x36, 0x2f, 0x74, 0x66, 0x2e, 0x6e, 0x6e, 0x2e, 0x63, 0x6f, 0x6e, 0x76,
  0x6f, 0x6c, 0x75, 0x74, 0x69, 0x6f, 0x6e, 0x5f, 0x33, 0x31, 0x30, 0x2f,
  0x63, 0x6f, 0x6e, 0x76, 0x6f, 0x6c, 0x75, 0x74, 0x69, 0x6f, 0x6e, 0x3b,
  0x43, 0x6f, 0x6e, 0x73, 0x74, 0x5f, 0x35, 0x31, 0x00, 0x00, 0x00, 0x00,
  0x04, 0x00, 0x00, 0x00, 0x01, 0x00, 0x00, 0x00, 0x0a, 0x00, 0x00, 0x00,
  0x01, 0x00, 0x00, 0x00, 0x10, 0x00, 0x00, 0x00, 0x2a, 0xe4, 0xff, 0xff,
  0x00, 0x00, 0x00, 0x01, 0x14, 0x00, 0x00, 0x00, 0x30, 0x00, 0x00, 0x00,
  0x1a, 0x00, 0x00, 0x00, 0x00, 0x00, 0x00, 0x09, 0x9c, 0x00, 0x00, 0x00,
  0x14, 0xe4, 0xff, 0xff, 0x08, 0x00, 0x00, 0x00, 0x10, 0x00, 0x00, 0x00,
  0x01, 0x00, 0x00, 0x00, 0x80, 0xff, 0xff, 0xff, 0xff, 0xff, 0xff, 0xff,
  0x01, 0x00, 0x00, 0x00, 0x6c, 0x59, 0x9f, 0x3e, 0x70, 0x00, 0x00, 0x00,
  0x6d, 0x6f, 0x64, 0x65, 0x6c, 0x5f, 0x32, 0x31, 0x36, 0x2f, 0x74, 0x66,
  0x2e, 0x6e, 0x6e, 0x2e, 0x72, 0x65, 0x6c, 0x75, 0x5f, 0x33, 0x30, 0x39,
  0x2f, 0x52, 0x65, 0x6c, 0x75, 0x3b, 0x6d, 0x6f, 0x64, 0x65, 0x6c, 0x5f,
  0x32, 0x31, 0x36, 0x2f, 0x74, 0x66, 0x2e, 0x6d, 0x61, 0x74, 0x68, 0x2e,
  0x61, 0x64, 0x64, 0x5f, 0x33, 0x30, 0x39, 0x2f, 0x41, 0x64, 0x64, 0x3b,
  0x6d, 0x6f, 0x64, 0x65, 0x6c, 0x5f, 0x32, 0x31, 0x36, 0x2f, 0x74, 0x66,
  0x2e, 0x6e, 0x6e, 0x2e, 0x63, 0x6f, 0x6e, 0x76, 0x6f, 0x6c, 0x75, 0x74,
  0x69, 0x6f, 0x6e, 0x5f, 0x33, 0x30, 0x39, 0x2f, 0x63, 0x6f, 0x6e, 0x76,
  0x6f, 0x6c, 0x75, 0x74, 0x69, 0x6f, 0x6e, 0x3b, 0x43, 0x6f, 0x6e, 0x73,
  0x74, 0x5f, 0x37, 0x31, 0x00, 0x00, 0x00, 0x00, 0x04, 0x00, 0x00, 0x00,
  0x01, 0x00, 0x00, 0x00, 0x0a, 0x00, 0x00, 0x00, 0x01, 0x00, 0x00, 0x00,
  0x10, 0x00, 0x00, 0x00, 0xf2, 0xe4, 0xff, 0xff, 0x00, 0x00, 0x00, 0x01,
  0x14, 0x00, 0x00, 0x00, 0x30, 0x00, 0x00, 0x00, 0x19, 0x00, 0x00, 0x00,
  0x00, 0x00, 0x00, 0x09, 0x9c, 0x00, 0x00, 0x00, 0xdc, 0xe4, 0xff, 0xff,
  0x08, 0x00, 0x00, 0x00, 0x10, 0x00, 0x00, 0x00, 0x01, 0x00, 0x00, 0x00,
  0x80, 0xff, 0xff, 0xff, 0xff, 0xff, 0xff, 0xff, 0x01, 0x00, 0x00, 0x00,
  0x08, 0x3a, 0x9e, 0x3e, 0x70, 0x00, 0x00, 0x00, 0x6d, 0x6f, 0x64, 0x65,
  0x6c, 0x5f, 0x32, 0x31, 0x36, 0x2f, 0x74, 0x66, 0x2e, 0x6e, 0x6e, 0x2e,
  0x72, 0x65, 0x6c, 0x75, 0x5f, 0x33, 0x30, 0x38, 0x2f, 0x52, 0x65, 0x6c,
  0x75, 0x3b, 0x6d, 0x6f, 0x64, 0x65, 0x6c, 0x5f, 0x32, 0x31, 0x36, 0x2f,
  0x74, 0x66, 0x2e, 0x6d, 0x61, 0x74, 0x68, 0x2e, 0x61, 0x64, 0x64, 0x5f,
  0x33, 0x30, 0x38, 0x2f, 0x41, 0x64, 0x64, 0x3b, 0x6d, 0x6f, 0x64, 0x65,
  0x6c, 0x5f, 0x32, 0x31, 0x36, 0x2f, 0x74, 0x66, 0x2e, 0x6e, 0x6e, 0x2e,
  0x63, 0x6f, 0x6e, 0x76, 0x6f, 0x6c, 0x75, 0x74, 0x69, 0x6f, 0x6e, 0x5f,
  0x33, 0x30, 0x38, 0x2f, 0x63, 0x6f, 0x6e, 0x76, 0x6f, 0x6c, 0x75, 0x74,
  0x69, 0x6f, 0x6e, 0x3b, 0x43, 0x6f, 0x6e, 0x73, 0x74, 0x5f, 0x39, 0x31,
  0x00, 0x00, 0x00, 0x00, 0x04, 0x00, 0x00, 0x00, 0x01, 0x00, 0x00, 0x00,
  0x0a, 0x00, 0x00, 0x00, 0x01, 0x00, 0x00, 0x00, 0x10, 0x00, 0x00, 0x00,
  0xba, 0xe5, 0xff, 0xff, 0x00, 0x00, 0x00, 0x01, 0x14, 0x00, 0x00, 0x00,
  0x30, 0x00, 0x00, 0x00, 0x18, 0x00, 0x00, 0x00, 0x00, 0x00, 0x00, 0x09,
  0x9c, 0x00, 0x00, 0x00, 0xa4, 0xe5, 0xff, 0xff, 0x08, 0x00, 0x00, 0x00,
  0x10, 0x00, 0x00, 0x00, 0x01, 0x00, 0x00, 0x00, 0x80, 0xff, 0xff, 0xff,
  0xff, 0xff, 0xff, 0xff, 0x01, 0x00, 0x00, 0x00, 0xc7, 0x62, 0x8d, 0x3e,
  0x71, 0x00, 0x00, 0x00, 0x6d, 0x6f, 0x64, 0x65, 0x6c, 0x5f, 0x32, 0x31,
  0x36, 0x2f, 0x74, 0x66, 0x2e, 0x6e, 0x6e, 0x2e, 0x72, 0x65, 0x6c, 0x75,
  0x5f, 0x33, 0x30, 0x37, 0x2f, 0x52, 0x65, 0x6c, 0x75, 0x3b, 0x6d, 0x6f,
  0x64, 0x65, 0x6c, 0x5f, 0x32, 0x31, 0x36, 0x2f, 0x74, 0x66, 0x2e, 0x6d,
  0x61, 0x74, 0x68, 0x2e, 0x61, 0x64, 0x64, 0x5f, 0x33, 0x30, 0x37, 0x2f,
  0x41, 0x64, 0x64, 0x3b, 0x6d, 0x6f, 0x64, 0x65, 0x6c, 0x5f, 0x32, 0x31,
  0x36, 0x2f, 0x74, 0x66, 0x2e, 0x6e, 0x6e, 0x2e, 0x63, 0x6f, 0x6e, 0x76,
  0x6f, 0x6c, 0x75, 0x74, 0x69, 0x6f, 0x6e, 0x5f, 0x33, 0x30, 0x37, 0x2f,
  0x63, 0x6f, 0x6e, 0x76, 0x6f, 0x6c, 0x75, 0x74, 0x69, 0x6f, 0x6e, 0x3b,
  0x43, 0x6f, 0x6e, 0x73, 0x74, 0x5f, 0x31, 0x31, 0x31, 0x00, 0x00, 0x00,
  0x04, 0x00, 0x00, 0x00, 0x01, 0x00, 0x00, 0x00, 0x0a, 0x00, 0x00, 0x00,
  0x01, 0x00, 0x00, 0x00, 0x10, 0x00, 0x00, 0x00, 0x82, 0xe6, 0xff, 0xff,
  0x00, 0x00, 0x00, 0x01, 0x14, 0x00, 0x00, 0x00, 0x30, 0x00, 0x00, 0x00,
  0x17, 0x00, 0x00, 0x00, 0x00, 0x00, 0x00, 0x09, 0x9c, 0x00, 0x00, 0x00,
  0x6c, 0xe6, 0xff, 0xff, 0x08, 0x00, 0x00, 0x00, 0x10, 0x00, 0x00, 0x00,
  0x01, 0x00, 0x00, 0x00, 0x80, 0xff, 0xff, 0xff, 0xff, 0xff, 0xff, 0xff,
  0x01, 0x00, 0x00, 0x00, 0xc6, 0x55, 0x50, 0x3e, 0x71, 0x00, 0x00, 0x00,
  0x6d, 0x6f, 0x64, 0x65, 0x6c, 0x5f, 0x32, 0x31, 0x36, 0x2f, 0x74, 0x66,
  0x2e, 0x6e, 0x6e, 0x2e, 0x72, 0x65, 0x6c, 0x75, 0x5f, 0x33, 0x30, 0x36,
  0x2f, 0x52, 0x65, 0x6c, 0x75, 0x3b, 0x6d, 0x6f, 0x64, 0x65, 0x6c, 0x5f,
  0x32, 0x31, 0x36, 0x2f, 0x74, 0x66, 0x2e, 0x6d, 0x61, 0x74, 0x68, 0x2e,
  0x61, 0x64, 0x64, 0x5f, 0x33, 0x30, 0x36, 0x2f, 0x41, 0x64, 0x64, 0x3b,
  0x6d, 0x6f, 0x64, 0x65, 0x6c, 0x5f, 0x32, 0x31, 0x36, 0x2f, 0x74, 0x66,
  0x2e, 0x6e, 0x6e, 0x2e, 0x63, 0x6f, 0x6e, 0x76, 0x6f, 0x6c, 0x75, 0x74,
  0x69, 0x6f, 0x6e, 0x5f, 0x33, 0x30, 0x36, 0x2f, 0x63, 0x6f, 0x6e, 0x76,
  0x6f, 0x6c, 0x75, 0x74, 0x69, 0x6f, 0x6e, 0x3b, 0x43, 0x6f, 0x6e, 0x73,
  0x74, 0x5f, 0x31, 0x33, 0x31, 0x00, 0x00, 0x00, 0x04, 0x00, 0x00, 0x00,
  0x01, 0x00, 0x00, 0x00, 0x0a, 0x00, 0x00, 0x00, 0x01, 0x00, 0x00, 0x00,
  0x10, 0x00, 0x00, 0x00, 0x4a, 0xe7, 0xff, 0xff, 0x00, 0x00, 0x00, 0x01,
  0x14, 0x00, 0x00, 0x00, 0x30, 0x00, 0x00, 0x00, 0x16, 0x00, 0x00, 0x00,
  0x00, 0x00, 0x00, 0x09, 0x9c, 0x00, 0x00, 0x00, 0x34, 0xe7, 0xff, 0xff,
  0x08, 0x00, 0x00, 0x00, 0x10, 0x00, 0x00, 0x00, 0x01, 0x00, 0x00, 0x00,
  0x80, 0xff, 0xff, 0xff, 0xff, 0xff, 0xff, 0xff, 0x01, 0x00, 0x00, 0x00,
  0x62, 0x66, 0x8e, 0x3e, 0x71, 0x00, 0x00, 0x00, 0x6d, 0x6f, 0x64, 0x65,
  0x6c, 0x5f, 0x32, 0x31, 0x36, 0x2f, 0x74, 0x66, 0x2e, 0x6e, 0x6e, 0x2e,
  0x72, 0x65, 0x6c, 0x75, 0x5f, 0x33, 0x30, 0x35, 0x2f, 0x52, 0x65, 0x6c,
  0x75, 0x3b, 0x6d, 0x6f, 0x64, 0x65, 0x6c, 0x5f, 0x32, 0x31, 0x36, 0x2f,
  0x74, 0x66, 0x2e, 0x6d, 0x61, 0x74, 0x68, 0x2e, 0x61, 0x64, 0x64, 0x5f,
  0x33, 0x30, 0x35, 0x2f, 0x41, 0x64, 0x64, 0x3b, 0x6d, 0x6f, 0x64, 0x65,
  0x6c, 0x5f, 0x32, 0x31, 0x36, 0x2f, 0x74, 0x66, 0x2e, 0x6e, 0x6e, 0x2e,
  0x63, 0x6f, 0x6e, 0x76, 0x6f, 0x6c, 0x75, 0x74, 0x69, 0x6f, 0x6e, 0x5f,
  0x33, 0x30, 0x35, 0x2f, 0x63, 0x6f, 0x6e, 0x76, 0x6f, 0x6c, 0x75, 0x74,
  0x69, 0x6f, 0x6e, 0x3b, 0x43, 0x6f, 0x6e, 0x73, 0x74, 0x5f, 0x31, 0x35,
  0x31, 0x00, 0x00, 0x00, 0x04, 0x00, 0x00, 0x00, 0x01, 0x00, 0x00, 0x00,
  0x0a, 0x00, 0x00, 0x00, 0x01, 0x00, 0x00, 0x00, 0x10, 0x00, 0x00, 0x00,
  0x12, 0xe8, 0xff, 0xff, 0x00, 0x00, 0x00, 0x01, 0x14, 0x00, 0x00, 0x00,
  0x30, 0x00, 0x00, 0x00, 0x15, 0x00, 0x00, 0x00, 0x00, 0x00, 0x00, 0x09,
  0x9c, 0x00, 0x00, 0x00, 0xfc, 0xe7, 0xff, 0xff, 0x08, 0x00, 0x00, 0x00,
  0x10, 0x00, 0x00, 0x00, 0x01, 0x00, 0x00, 0x00, 0x80, 0xff, 0xff, 0xff,
  0xff, 0xff, 0xff, 0xff, 0x01, 0x00, 0x00, 0x00, 0xbb, 0xcd, 0x0e, 0x3f,
  0x71, 0x00, 0x00, 0x00, 0x6d, 0x6f, 0x64, 0x65, 0x6c, 0x5f, 0x32, 0x31,
  0x36, 0x2f, 0x74, 0x66, 0x2e, 0x6e, 0x6e, 0x2e, 0x72, 0x65, 0x6c, 0x75,
  0x5f, 0x33, 0x30, 0x34, 0x2f, 0x52, 0x65, 0x6c, 0x75, 0x3b, 0x6d, 0x6f,
  0x64, 0x65, 0x6c, 0x5f, 0x32, 0x31, 0x36, 0x2f, 0x74, 0x66, 0x2e, 0x6d,
  0x61, 0x74, 0x68, 0x2e, 0x61, 0x64, 0x64, 0x5f, 0x33, 0x30, 0x34, 0x2f,
  0x41, 0x64, 0x64, 0x3b, 0x6d, 0x6f, 0x64, 0x65, 0x6c, 0x5f, 0x32, 0x31,
  0x36, 0x2f, 0x74, 0x66, 0x2e, 0x6e, 0x6e, 0x2e, 0x63, 0x6f, 0x6e, 0x76,
  0x6f, 0x6c, 0x75, 0x74, 0x69, 0x6f, 0x6e, 0x5f, 0x33, 0x30, 0x34, 0x2f,
  0x63, 0x6f, 0x6e, 0x76, 0x6f, 0x6c, 0x75, 0x74, 0x69, 0x6f, 0x6e, 0x3b,
  0x43, 0x6f, 0x6e, 0x73, 0x74, 0x5f, 0x31, 0x37, 0x31, 0x00, 0x00, 0x00,
  0x04, 0x00, 0x00, 0x00, 0x01, 0x00, 0x00, 0x00, 0x0a, 0x00, 0x00, 0x00,
  0x01, 0x00, 0x00, 0x00, 0x10, 0x00, 0x00, 0x00, 0xda, 0xe8, 0xff, 0xff,
  0x00, 0x00, 0x00, 0x01, 0x14, 0x00, 0x00, 0x00, 0xe8, 0x00, 0x00, 0x00,
  0x14, 0x00, 0x00, 0x00, 0x00, 0x00, 0x00, 0x09, 0x0c, 0x01, 0x00, 0x00,
  0xc4, 0xe8, 0xff, 0xff, 0x08, 0x00, 0x00, 0x00, 0x8c, 0x00, 0x00, 0x00,
  0x10, 0x00, 0x00, 0x00, 0x00, 0x00, 0x00, 0x00, 0x00, 0x00, 0x00, 0x00,
  0x00, 0x00, 0x00, 0x00, 0x00, 0x00, 0x00, 0x00, 0x00, 0x00, 0x00, 0x00,
  0x00, 0x00, 0x00, 0x00, 0x00, 0x00, 0x00, 0x00, 0x00, 0x00, 0x00, 0x00,
  0x00, 0x00, 0x00, 0x00, 0x00, 0x00, 0x00, 0x00, 0x00, 0x00, 0x00, 0x00,
  0x00, 0x00, 0x00, 0x00, 0x00, 0x00, 0x00, 0x00, 0x00, 0x00, 0x00, 0x00,
  0x00, 0x00, 0x00, 0x00, 0x00, 0x00, 0x00, 0x00, 0x00, 0x00, 0x00, 0x00,
  0x00, 0x00, 0x00, 0x00, 0x00, 0x00, 0x00, 0x00, 0x00, 0x00, 0x00, 0x00,
  0x00, 0x00, 0x00, 0x00, 0x00, 0x00, 0x00, 0x00, 0x00, 0x00, 0x00, 0x00,
  0x00, 0x00, 0x00, 0x00, 0x00, 0x00, 0x00, 0x00, 0x00, 0x00, 0x00, 0x00,
  0x00, 0x00, 0x00, 0x00, 0x00, 0x00, 0x00, 0x00, 0x00, 0x00, 0x00, 0x00,
  0x00, 0x00, 0x00, 0x00, 0x00, 0x00, 0x00, 0x00, 0x00, 0x00, 0x00, 0x00,
  0x00, 0x00, 0x00, 0x00, 0x10, 0x00, 0x00, 0x00, 0x39, 0x6d, 0xca, 0x3a,
  0x04, 0xe8, 0xea, 0x3a, 0x8a, 0xb3, 0xcb, 0x3a, 0xaf, 0x6c, 0xd9, 0x3a,
  0xb3, 0x53, 0xce, 0x3a, 0xff, 0x41, 0xe8, 0x3a, 0xdd, 0xea, 0xcf, 0x3a,
  0xa1, 0xb6, 0xc6, 0x3a, 0x1a, 0x2d, 0xe2, 0x3a, 0xcc, 0x39, 0xe0, 0x3a,
  0x34, 0xac, 0xda, 0x3a, 0x97, 0xf8, 0xd2, 0x3a, 0xea, 0x83, 0xd3, 0x3a,
  0xc2, 0xfc, 0xe1, 0x3a, 0xed, 0x8c, 0xce, 0x3a, 0xea, 0x5e, 0xd2, 0x3a,
  0x2b, 0x00, 0x00, 0x00, 0x6d, 0x6f, 0x64, 0x65, 0x6c, 0x5f, 0x32, 0x31,
  0x36, 0x2f, 0x74, 0x66, 0x2e, 0x6e, 0x6e, 0x2e, 0x63, 0x6f, 0x6e, 0x76,
  0x6f, 0x6c, 0x75, 0x74, 0x69, 0x6f, 0x6e, 0x5f, 0x33, 0x30, 0x34, 0x2f,
  0x63, 0x6f, 0x6e, 0x76, 0x6f, 0x6c, 0x75, 0x74, 0x69, 0x6f, 0x6e, 0x00,
  0x04, 0x00, 0x00, 0x00, 0x10, 0x00, 0x00, 0x00, 0x03, 0x00, 0x00, 0x00,
  0x01, 0x00, 0x00, 0x00, 0x09, 0x00, 0x00, 0x00, 0x12, 0xea, 0xff, 0xff,
  0x00, 0x00, 0x00, 0x01, 0x14, 0x00, 0x00, 0x00, 0xe4, 0x00, 0x00, 0x00,
  0x13, 0x00, 0x00, 0x00, 0x00, 0x00, 0x00, 0x02, 0x50, 0x01, 0x00, 0x00,
  0xfc, 0xe9, 0xff, 0xff, 0x08, 0x00, 0x00, 0x00, 0x88, 0x00, 0x00, 0x00,
  0x10, 0x00, 0x00, 0x00, 0x00, 0x00, 0x00, 0x00, 0x00, 0x00, 0x00, 0x00,
  0x00, 0x00, 0x00, 0x00, 0x00, 0x00, 0x00, 0x00, 0x00, 0x00, 0x00, 0x00,
  0x00, 0x00, 0x00, 0x00, 0x00, 0x00, 0x00, 0x00, 0x00, 0x00, 0x00, 0x00,
  0x00, 0x00, 0x00, 0x00, 0x00, 0x00, 0x00, 0x00, 0x00, 0x00, 0x00, 0x00,
  0x00, 0x00, 0x00, 0x00, 0x00, 0x00, 0x00, 0x00, 0x00, 0x00, 0x00, 0x00,
  0x00, 0x00, 0x00, 0x00, 0x00, 0x00, 0x00, 0x00, 0x00, 0x00, 0x00, 0x00,
  0x00, 0x00, 0x00, 0x00, 0x00, 0x00, 0x00, 0x00, 0x00, 0x00, 0x00, 0x00,
  0x00, 0x00, 0x00, 0x00, 0x00, 0x00, 0x00, 0x00, 0x00, 0x00, 0x00, 0x00,
  0x00, 0x00, 0x00, 0x00, 0x00, 0x00, 0x00, 0x00, 0x00, 0x00, 0x00, 0x00,
  0x00, 0x00, 0x00, 0x00, 0x00, 0x00, 0x00, 0x00, 0x00, 0x00, 0x00, 0x00,
  0x00, 0x00, 0x00, 0x00, 0x00, 0x00, 0x00, 0x00, 0x00, 0x00, 0x00, 0x00,
  0x10, 0x00, 0x00, 0x00, 0x83, 0x2a, 0x42, 0x3b, 0xff, 0x51, 0x61, 0x3b,
  0x83, 0x63, 0x43, 0x3b, 0x4b, 0x8d, 0x50, 0x3b, 0x3e, 0xe8, 0x45, 0x3b,
  0xa5, 0xc7, 0x5e, 0x3b, 0xca, 0x6e, 0x47, 0x3b, 0xb5, 0x9a, 0x3e, 0x3b,
  0x48, 0xf2, 0x58, 0x3b, 0x5a, 0x13, 0x57, 0x3b, 0xc6, 0xbf, 0x51, 0x3b,
  0x9e, 0x5c, 0x4a, 0x3b, 0x41, 0xe2, 0x4a, 0x3b, 0xe9, 0xc3, 0x58, 0x3b,
  0x22, 0x1f, 0x46, 0x3b, 0x36, 0xc9, 0x49, 0x3b, 0x70, 0x00, 0x00, 0x00,
  0x6d, 0x6f, 0x64, 0x65, 0x6c, 0x5f, 0x32, 0x31, 0x36, 0x2f, 0x74, 0x66,
  0x2e, 0x6e, 0x6e, 0x2e, 0x72, 0x65, 0x6c, 0x75, 0x5f, 0x33, 0x30, 0x34,
  0x2f, 0x52, 0x65, 0x6c, 0x75, 0x3b, 0x6d, 0x6f, 0x64, 0x65, 0x6c, 0x5f,
  0x32, 0x31, 0x36, 0x2f, 0x74, 0x66, 0x2e, 0x6d, 0x61, 0x74, 0x68, 0x2e,
  0x61, 0x64, 0x64, 0x5f, 0x33, 0x30, 0x34, 0x2f, 0x41, 0x64, 0x64, 0x3b,
  0x6d, 0x6f, 0x64, 0x65, 0x6c, 0x5f, 0x32, 0x31, 0x36, 0x2f, 0x74, 0x66,
  0x2e, 0x6e, 0x6e, 0x2e, 0x63, 0x6f, 0x6e, 0x76, 0x6f, 0x6c, 0x75, 0x74,
  0x69, 0x6f, 0x6e, 0x5f, 0x33, 0x30, 0x34, 0x2f, 0x63, 0x6f, 0x6e, 0x76,
  0x6f, 0x6c, 0x75, 0x74, 0x69, 0x6f, 0x6e, 0x3b, 0x43, 0x6f, 0x6e, 0x73,
  0x74, 0x5f, 0x31, 0x37, 0x00, 0x00, 0x00, 0x00, 0x01, 0x00, 0x00, 0x00,
  0x10, 0x00, 0x00, 0x00, 0x82, 0xeb, 0xff, 0xff, 0x00, 0x00, 0x00, 0x01,
  0x14, 0x00, 0x00, 0x00, 0xe8, 0x00, 0x00, 0x00, 0x12, 0x00, 0x00, 0x00,
  0x00, 0x00, 0x00, 0x09, 0x0c, 0x01, 0x00, 0x00, 0x6c, 0xeb, 0xff, 0xff,
  0x08, 0x00, 0x00, 0x00, 0x8c, 0x00, 0x00, 0x00, 0x10, 0x00, 0x00, 0x00,
  0x00, 0x00, 0x00, 0x00, 0x00, 0x00, 0x00, 0x00, 0x00, 0x00, 0x00, 0x00,
  0x00, 0x00, 0x00, 0x00, 0x00, 0x00, 0x00, 0x00, 0x00, 0x00, 0x00, 0x00,
  0x00, 0x00, 0x00, 0x00, 0x00, 0x00, 0x00, 0x00, 0x00, 0x00, 0x00, 0x00,
  0x00, 0x00, 0x00, 0x00, 0x00, 0x00, 0x00, 0x00, 0x00, 0x00, 0x00, 0x00,
  0x00, 0x00, 0x00, 0x00, 0x00, 0x00, 0x00, 0x00, 0x00, 0x00, 0x00, 0x00,
  0x00, 0x00, 0x00, 0x00, 0x00, 0x00, 0x00, 0x00, 0x00, 0x00, 0x00, 0x00,
  0x00, 0x00, 0x00, 0x00, 0x00, 0x00, 0x00, 0x00, 0x00, 0x00, 0x00, 0x00,
  0x00, 0x00, 0x00, 0x00, 0x00, 0x00, 0x00, 0x00, 0x00, 0x00, 0x00, 0x00,
  0x00, 0x00, 0x00, 0x00, 0x00, 0x00, 0x00, 0x00, 0x00, 0x00, 0x00, 0x00,
  0x00, 0x00, 0x00, 0x00, 0x00, 0x00, 0x00, 0x00, 0x00, 0x00, 0x00, 0x00,
  0x00, 0x00, 0x00, 0x00, 0x00, 0x00, 0x00, 0x00, 0x00, 0x00, 0x00, 0x00,
  0x10, 0x00, 0x00, 0x00, 0x2f, 0xfb, 0xa5, 0x3a, 0xa3, 0x25, 0xa2, 0x3a,
  0xa6, 0xaa, 0x9b, 0x3a, 0x00, 0xbe, 0xa5, 0x3a, 0x34, 0xa6, 0x9f, 0x3a,
  0xc2, 0x4e, 0xa0, 0x3a, 0xd4, 0x3a, 0x9f, 0x3a, 0xa0, 0xc0, 0xa5, 0x3a,
  0x10, 0xe9, 0xa3, 0x3a, 0x83, 0x76, 0xa5, 0x3a, 0x81, 0x9b, 0xa3, 0x3a,
  0x62, 0x87, 0xc8, 0x3a, 0x21, 0x1d, 0xa2, 0x3a, 0xdb, 0xa7, 0xa4, 0x3a,
  0xad, 0x77, 0x97, 0x3a, 0xd8, 0x94, 0xa2, 0x3a, 0x2b, 0x00, 0x00, 0x00,
  0x6d, 0x6f, 0x64, 0x65, 0x6c, 0x5f, 0x32, 0x31, 0x36, 0x2f, 0x74, 0x66,
  0x2e, 0x6e, 0x6e, 0x2e, 0x63, 0x6f, 0x6e, 0x76, 0x6f, 0x6c, 0x75, 0x74,
  0x69, 0x6f, 0x6e, 0x5f, 0x33, 0x30, 0x35, 0x2f, 0x63, 0x6f, 0x6e, 0x76,
  0x6f, 0x6c, 0x75, 0x74, 0x69, 0x6f, 0x6e, 0x00, 0x04, 0x00, 0x00, 0x00,
  0x10, 0x00, 0x00, 0x00, 0x03, 0x00, 0x00, 0x00, 0x01, 0x00, 0x00, 0x00,
  0x10, 0x00, 0x00, 0x00, 0xba, 0xec, 0xff, 0xff, 0x00, 0x00, 0x00, 0x01,
  0x14, 0x00, 0x00, 0x00, 0xe4, 0x00, 0x00, 0x00, 0x11, 0x00, 0x00, 0x00,
  0x00, 0x00, 0x00, 0x02, 0x50, 0x01, 0x00, 0x00, 0xa4, 0xec, 0xff, 0xff,
  0x08, 0x00, 0x00, 0x00, 0x88, 0x00, 0x00, 0x00, 0x10, 0x00, 0x00, 0x00,
  0x00, 0x00, 0x00, 0x00, 0x00, 0x00, 0x00, 0x00, 0x00, 0x00, 0x00, 0x00,
  0x00, 0x00, 0x00, 0x00, 0x00, 0x00, 0x00, 0x00, 0x00, 0x00, 0x00, 0x00,
  0x00, 0x00, 0x00, 0x00, 0x00, 0x00, 0x00, 0x00, 0x00, 0x00, 0x00, 0x00,
  0x00, 0x00, 0x00, 0x00, 0x00, 0x00, 0x00, 0x00, 0x00, 0x00, 0x00, 0x00,
  0x00, 0x00, 0x00, 0x00, 0x00, 0x00, 0x00, 0x00, 0x00, 0x00, 0x00, 0x00,
  0x00, 0x00, 0x00, 0x00, 0x00, 0x00, 0x00, 0x00, 0x00, 0x00, 0x00, 0x00,
  0x00, 0x00, 0x00, 0x00, 0x00, 0x00, 0x00, 0x00, 0x00, 0x00, 0x00, 0x00,
  0x00, 0x00, 0x00, 0x00, 0x00, 0x00, 0x00, 0x00, 0x00, 0x00, 0x00, 0x00,
  0x00, 0x00, 0x00, 0x00, 0x00, 0x00, 0x00, 0x00, 0x00, 0x00, 0x00, 0x00,
  0x00, 0x00, 0x00, 0x00, 0x00, 0x00, 0x00, 0x00, 0x00, 0x00, 0x00, 0x00,
  0x00, 0x00, 0x00, 0x00, 0x00, 0x00, 0x00, 0x00, 0x10, 0x00, 0x00, 0x00,
  0x6f, 0x2d, 0x39, 0x3a, 0x5e, 0xe6, 0x34, 0x3a, 0x83, 0xab, 0x2d, 0x3a,
  0x2c, 0xe9, 0x38, 0x3a, 0xfb, 0x1c, 0x32, 0x3a, 0x08, 0xd9, 0x32, 0x3a,
  0x30, 0xa5, 0x31, 0x3a, 0x1a, 0xec, 0x38, 0x3a, 0x00, 0xde, 0x36, 0x3a,
  0x6b, 0x99, 0x38, 0x3a, 0x79, 0x87, 0x36, 0x3a, 0x7f, 0xb8, 0x5f, 0x3a,
  0xe0, 0xdc, 0x34, 0x3a, 0xdc, 0xb2, 0x37, 0x3a, 0x37, 0xfc, 0x28, 0x3a,
  0x70, 0x62, 0x35, 0x3a, 0x70, 0x00, 0x00, 0x00, 0x6d, 0x6f, 0x64, 0x65,
  0x6c, 0x5f, 0x32, 0x31, 0x36, 0x2f, 0x74, 0x66, 0x2e, 0x6e, 0x6e, 0x2e,
  0x72, 0x65, 0x6c, 0x75, 0x5f, 0x33, 0x30, 0x35, 0x2f, 0x52, 0x65, 0x6c,
  0x75, 0x3b, 0x6d, 0x6f, 0x64, 0x65, 0x6c, 0x5f, 0x32, 0x31, 0x36, 0x2f,
  0x74, 0x66, 0x2e, 0x6d, 0x61, 0x74, 0x68, 0x2e, 0x61, 0x64, 0x64, 0x5f,
  0x33, 0x30, 0x35, 0x2f, 0x41, 0x64, 0x64, 0x3b, 0x6d, 0x6f, 0x64, 0x65,
  0x6c, 0x5f, 0x32, 0x31, 0x36, 0x2f, 0x74, 0x66, 0x2e, 0x6e, 0x6e, 0x2e,
  0x63, 0x6f, 0x6e, 0x76, 0x6f, 0x6c, 0x75, 0x74, 0x69, 0x6f, 0x6e, 0x5f,
  0x33, 0x30, 0x35, 0x2f, 0x63, 0x6f, 0x6e, 0x76, 0x6f, 0x6c, 0x75, 0x74,
  0x69, 0x6f, 0x6e, 0x3b, 0x43, 0x6f, 0x6e, 0x73, 0x74, 0x5f, 0x31, 0x35,
  0x00, 0x00, 0x00, 0x00, 0x01, 0x00, 0x00, 0x00, 0x10, 0x00, 0x00, 0x00,
  0x2a, 0xee, 0xff, 0xff, 0x00, 0x00, 0x00, 0x01, 0x14, 0x00, 0x00, 0x00,
  0xe8, 0x00, 0x00, 0x00, 0x10, 0x00, 0x00, 0x00, 0x00, 0x00, 0x00, 0x09,
  0x0c, 0x01, 0x00, 0x00, 0x14, 0xee, 0xff, 0xff, 0x08, 0x00, 0x00, 0x00,
  0x8c, 0x00, 0x00, 0x00, 0x10, 0x00, 0x00, 0x00, 0x00, 0x00, 0x00, 0x00,
  0x00, 0x00, 0x00, 0x00, 0x00, 0x00, 0x00, 0x00, 0x00, 0x00, 0x00, 0x00,
  0x00, 0x00, 0x00, 0x00, 0x00, 0x00, 0x00, 0x00, 0x00, 0x00, 0x00, 0x00,
  0x00, 0x00, 0x00, 0x00, 0x00, 0x00, 0x00, 0x00, 0x00, 0x00, 0x00, 0x00,
  0x00, 0x00, 0x00, 0x00, 0x00, 0x00, 0x00, 0x00, 0x00, 0x00, 0x00, 0x00,
  0x00, 0x00, 0x00, 0x00, 0x00, 0x00, 0x00, 0x00, 0x00, 0x00, 0x00, 0x00,
  0x00, 0x00, 0x00, 0x00, 0x00, 0x00, 0x00, 0x00, 0x00, 0x00, 0x00, 0x00,
  0x00, 0x00, 0x00, 0x00, 0x00, 0x00, 0x00, 0x00, 0x00, 0x00, 0x00, 0x00,
  0x00, 0x00, 0x00, 0x00, 0x00, 0x00, 0x00, 0x00, 0x00, 0x00, 0x00, 0x00,
  0x00, 0x00, 0x00, 0x00, 0x00, 0x00, 0x00, 0x00, 0x00, 0x00, 0x00, 0x00,
  0x00, 0x00, 0x00, 0x00, 0x00, 0x00, 0x00, 0x00, 0x00, 0x00, 0x00, 0x00,
  0x00, 0x00, 0x00, 0x00, 0x00, 0x00, 0x00, 0x00, 0x10, 0x00, 0x00, 0x00,
  0x32, 0xe3, 0x9b, 0x3a, 0xc7, 0xd8, 0xa1, 0x3a, 0x91, 0xbc, 0xa3, 0x3a,
  0xc1, 0xdb, 0xa2, 0x3a, 0x3b, 0x67, 0x98, 0x3a, 0x92, 0xf7, 0xa7, 0x3a,
  0x02, 0x98, 0xa5, 0x3a, 0xdc, 0x9b, 0xa7, 0x3a, 0xf1, 0xeb, 0x9f, 0x3a,
  0x96, 0xb2, 0xa7, 0x3a, 0xf7, 0x6d, 0x94, 0x3a, 0xe1, 0x47, 0x9e, 0x3a,
  0x82, 0x11, 0x99, 0x3a, 0xe8, 0xfe, 0x85, 0x3a, 0xdd, 0x8e, 0xa5, 0x3a,
  0x78, 0x4b, 0xa9, 0x3a, 0x2b, 0x00, 0x00, 0x00, 0x6d, 0x6f, 0x64, 0x65,
  0x6c, 0x5f, 0x32, 0x31, 0x36, 0x2f, 0x74, 0x66, 0x2e, 0x6e, 0x6e, 0x2e,
  0x63, 0x6f, 0x6e, 0x76, 0x6f, 0x6c, 0x75, 0x74, 0x69, 0x6f, 0x6e, 0x5f,
  0x33, 0x30, 0x36, 0x2f, 0x63, 0x6f, 0x6e, 0x76, 0x6f, 0x6c, 0x75, 0x74,
  0x69, 0x6f, 0x6e, 0x00, 0x04, 0x00, 0x00, 0x00, 0x10, 0x00, 0x00, 0x00,
  0x03, 0x00, 0x00, 0x00, 0x01, 0x00, 0x00, 0x00, 0x10, 0x00, 0x00, 0x00,
  0x62, 0xef, 0xff, 0xff, 0x00, 0x00, 0x00, 0x01, 0x14, 0x00, 0x00, 0x00,
  0xe4, 0x00, 0x00, 0x00, 0x0f, 0x00, 0x00, 0x00, 0x00, 0x00, 0x00, 0x02,
  0x50, 0x01, 0x00, 0x00, 0x4c, 0xef, 0xff, 0xff, 0x08, 0x00, 0x00, 0x00,
  0x88, 0x00, 0x00, 0x00, 0x10, 0x00, 0x00, 0x00, 0x00, 0x00, 0x00, 0x00,
  0x00, 0x00, 0x00, 0x00, 0x00, 0x00, 0x00, 0x00, 0x00, 0x00, 0x00, 0x00,
  0x00, 0x00, 0x00, 0x00, 0x00, 0x00, 0x00, 0x00, 0x00, 0x00, 0x00, 0x00,
  0x00, 0x00, 0x00, 0x00, 0x00, 0x00, 0x00, 0x00, 0x00, 0x00, 0x00, 0x00,
  0x00, 0x00, 0x00, 0x00, 0x00, 0x00, 0x00, 0x00, 0x00, 0x00, 0x00, 0x00,
  0x00, 0x00, 0x00, 0x00, 0x00, 0x00, 0x00, 0x00, 0x00, 0x00, 0x00, 0x00,
  0x00, 0x00, 0x00, 0x00, 0x00, 0x00, 0x00, 0x00, 0x00, 0x00, 0x00, 0x00,
  0x00, 0x00, 0x00, 0x00, 0x00, 0x00, 0x00, 0x00, 0x00, 0x00, 0x00, 0x00,
  0x00, 0x00, 0x00, 0x00, 0x00, 0x00, 0x00, 0x00, 0x00, 0x00, 0x00, 0x00,
  0x00, 0x00, 0x00, 0x00, 0x00, 0x00, 0x00, 0x00, 0x00, 0x00, 0x00, 0x00,
  0x00, 0x00, 0x00, 0x00, 0x00, 0x00, 0x00, 0x00, 0x00, 0x00, 0x00, 0x00,
  0x00, 0x00, 0x00, 0x00, 0x10, 0x00, 0x00, 0x00, 0xbc, 0x6c, 0xad, 0x39,
  0xf1, 0x0d, 0xb4, 0x39, 0x28, 0x28, 0xb6, 0x39, 0x0e, 0x2e, 0xb5, 0x39,
  0x6c, 0x8c, 0xa9, 0x39, 0x00, 0xdd, 0xba, 0x39, 0x16, 0x39, 0xb8, 0x39,
  0xf9, 0x76, 0xba, 0x39, 0xaa, 0xe9, 0xb1, 0x39, 0x41, 0x90, 0xba, 0x39,
  0xb7, 0x20, 0xa5, 0x39, 0x58, 0x16, 0xb0, 0x39, 0xdb, 0x49, 0xaa, 0x39,
  0xf7, 0x11, 0x95, 0x39, 0xea, 0x2e, 0xb8, 0x39, 0x23, 0x57, 0xbc, 0x39,
  0x70, 0x00, 0x00, 0x00, 0x6d, 0x6f, 0x64, 0x65, 0x6c, 0x5f, 0x32, 0x31,
  0x36, 0x2f, 0x74, 0x66, 0x2e, 0x6e, 0x6e, 0x2e, 0x72, 0x65, 0x6c, 0x75,
  0x5f, 0x33, 0x30, 0x36, 0x2f, 0x52, 0x65, 0x6c, 0x75, 0x3b, 0x6d, 0x6f,
  0x64, 0x65, 0x6c, 0x5f, 0x32, 0x31, 0x36, 0x2f, 0x74, 0x66, 0x2e, 0x6d,
  0x61, 0x74, 0x68, 0x2e, 0x61, 0x64, 0x64, 0x5f, 0x33, 0x30, 0x36, 0x2f,
  0x41, 0x64, 0x64, 0x3b, 0x6d, 0x6f, 0x64, 0x65, 0x6c, 0x5f, 0x32, 0x31,
  0x36, 0x2f, 0x74, 0x66, 0x2e, 0x6e, 0x6e, 0x2e, 0x63, 0x6f, 0x6e, 0x76,
  0x6f, 0x6c, 0x75, 0x74, 0x69, 0x6f, 0x6e, 0x5f, 0x33, 0x30, 0x36, 0x2f,
  0x63, 0x6f, 0x6e, 0x76, 0x6f, 0x6c, 0x75, 0x74, 0x69, 0x6f, 0x6e, 0x3b,
  0x43, 0x6f, 0x6e, 0x73, 0x74, 0x5f, 0x31, 0x33, 0x00, 0x00, 0x00, 0x00,
  0x01, 0x00, 0x00, 0x00, 0x10, 0x00, 0x00, 0x00, 0xd2, 0xf0, 0xff, 0xff,
  0x00, 0x00, 0x00, 0x01, 0x14, 0x00, 0x00, 0x00, 0xe8, 0x00, 0x00, 0x00,
  0x0e, 0x00, 0x00, 0x00, 0x00, 0x00, 0x00, 0x09, 0x0c, 0x01, 0x00, 0x00,
  0xbc, 0xf0, 0xff, 0xff, 0x08, 0x00, 0x00, 0x00, 0x8c, 0x00, 0x00, 0x00,
  0x10, 0x00, 0x00, 0x00, 0x00, 0x00, 0x00, 0x00, 0x00, 0x00, 0x00, 0x00,
  0x00, 0x00, 0x00, 0x00, 0x00, 0x00, 0x00, 0x00, 0x00, 0x00, 0x00, 0x00,
  0x00, 0x00, 0x00, 0x00, 0x00, 0x00, 0x00, 0x00, 0x00, 0x00, 0x00, 0x00,
  0x00, 0x00, 0x00, 0x00, 0x00, 0x00, 0x00, 0x00, 0x00, 0x00, 0x00, 0x00,
  0x00, 0x00, 0x00, 0x00, 0x00, 0x00, 0x00, 0x00, 0x00, 0x00, 0x00, 0x00,
  0x00, 0x00, 0x00, 0x00, 0x00, 0x00, 0x00, 0x00, 0x00, 0x00, 0x00, 0x00,
  0x00, 0x00, 0x00, 0x00, 0x00, 0x00, 0x00, 0x00, 0x00, 0x00, 0x00, 0x00,
  0x00, 0x00, 0x00, 0x00, 0x00, 0x00, 0x00, 0x00, 0x00, 0x00, 0x00, 0x00,
  0x00, 0x00, 0x00, 0x00, 0x00, 0x00, 0x00, 0x00, 0x00, 0x00, 0x00, 0x00,
  0x00, 0x00, 0x00, 0x00, 0x00, 0x00, 0x00, 0x00, 0x00, 0x00, 0x00, 0x00,
  0x00, 0x00, 0x00, 0x00, 0x00, 0x00, 0x00, 0x00, 0x00, 0x00, 0x00, 0x00,
  0x00, 0x00, 0x00, 0x00, 0x10, 0x00, 0x00, 0x00, 0x32, 0x41, 0xad, 0x3a,
  0x5c, 0x09, 0xa7, 0x3a, 0xc6, 0xe4, 0xa8, 0x3a, 0xee, 0xdc, 0x9a, 0x3a,
  0xed, 0x4f, 0x94, 0x3a, 0x87, 0x98, 0xa4, 0x3a, 0xa5, 0x81, 0xa8, 0x3a,
  0x34, 0x9c, 0xbd, 0x3a, 0x63, 0x0d, 0xb6, 0x3a, 0x0f, 0xbb, 0x95, 0x3a,
  0xba, 0x61, 0xa2, 0x3a, 0xba, 0x95, 0xa3, 0x3a, 0xd0, 0xa5, 0x99, 0x3a,
  0x62, 0x27, 0xa9, 0x3a, 0x1b, 0x98, 0x9f, 0x3a, 0x32, 0x46, 0x93, 0x3a,
  0x2b, 0x00, 0x00, 0x00, 0x6d, 0x6f, 0x64, 0x65, 0x6c, 0x5f, 0x32, 0x31,
  0x36, 0x2f, 0x74, 0x66, 0x2e, 0x6e, 0x6e, 0x2e, 0x63, 0x6f, 0x6e, 0x76,
  0x6f, 0x6c, 0x75, 0x74, 0x69, 0x6f, 0x6e, 0x5f, 0x33, 0x30, 0x37, 0x2f,
  0x63, 0x6f, 0x6e, 0x76, 0x6f, 0x6c, 0x75, 0x74, 0x69, 0x6f, 0x6e, 0x00,
  0x04, 0x00, 0x00, 0x00, 0x10, 0x00, 0x00, 0x00, 0x03, 0x00, 0x00, 0x00,
  0x01, 0x00, 0x00, 0x00, 0x10, 0x00, 0x00, 0x00, 0x0a, 0xf2, 0xff, 0xff,
  0x00, 0x00, 0x00, 0x01, 0x14, 0x00, 0x00, 0x00, 0xe4, 0x00, 0x00, 0x00,
  0x0d, 0x00, 0x00, 0x00, 0x00, 0x00, 0x00, 0x02, 0x50, 0x01, 0x00, 0x00,
  0xf4, 0xf1, 0xff, 0xff, 0x08, 0x00, 0x00, 0x00, 0x88, 0x00, 0x00, 0x00,
  0x10, 0x00, 0x00, 0x00, 0x00, 0x00, 0x00, 0x00, 0x00, 0x00, 0x00, 0x00,
  0x00, 0x00, 0x00, 0x00, 0x00, 0x00, 0x00, 0x00, 0x00, 0x00, 0x00, 0x00,
  0x00, 0x00, 0x00, 0x00, 0x00, 0x00, 0x00, 0x00, 0x00, 0x00, 0x00, 0x00,
  0x00, 0x00, 0x00, 0x00, 0x00, 0x00, 0x00, 0x00, 0x00, 0x00, 0x00, 0x00,
  0x00, 0x00, 0x00, 0x00, 0x00, 0x00, 0x00, 0x00, 0x00, 0x00, 0x00, 0x00,
  0x00, 0x00, 0x00, 0x00, 0x00, 0x00, 0x00, 0x00, 0x00, 0x00, 0x00, 0x00,
  0x00, 0x00, 0x00, 0x00, 0x00, 0x00, 0x00, 0x00, 0x00, 0x00, 0x00, 0x00,
  0x00, 0x00, 0x00, 0x00, 0x00, 0x00, 0x00, 0x00, 0x00, 0x00, 0x00, 0x00,
  0x00, 0x00, 0x00, 0x00, 0x00, 0x00, 0x00, 0x00, 0x00, 0x00, 0x00, 0x00,
  0x00, 0x00, 0x00, 0x00, 0x00, 0x00, 0x00, 0x00, 0x00, 0x00, 0x00, 0x00,
  0x00, 0x00, 0x00, 0x00, 0x00, 0x00, 0x00, 0x00, 0x00, 0x00, 0x00, 0x00,
  0x10, 0x00, 0x00, 0x00, 0x05, 0xff, 0x8c, 0x39, 0x92, 0xef, 0x87, 0x39,
  0x77, 0x72, 0x89, 0x39, 0xc9, 0x0e, 0x7c, 0x39, 0x44, 0x65, 0x71, 0x39,
  0x14, 0xf3, 0x85, 0x39, 0xcb, 0x21, 0x89, 0x39, 0x72, 0x4e, 0x9a, 0x39,
  0xe0, 0x27, 0x94, 0x39, 0x4e, 0xb4, 0x73, 0x39, 0xcf, 0x25, 0x84, 0x39,
  0x76, 0x20, 0x85, 0x39, 0x68, 0x14, 0x7a, 0x39, 0xad, 0xa8, 0x89, 0x39,
  0x0f, 0xe1, 0x81, 0x39, 0xc2, 0xb4, 0x6f, 0x39, 0x70, 0x00, 0x00, 0x00,
  0x6d, 0x6f, 0x64, 0x65, 0x6c, 0x5f, 0x32, 0x31, 0x36, 0x2f, 0x74, 0x66,
  0x2e, 0x6e, 0x6e, 0x2e, 0x72, 0x65, 0x6c, 0x75, 0x5f, 0x33, 0x30, 0x37,
  0x2f, 0x52, 0x65, 0x6c, 0x75, 0x3b, 0x6d, 0x6f, 0x64, 0x65, 0x6c, 0x5f,
  0x32, 0x31, 0x36, 0x2f, 0x74, 0x66, 0x2e, 0x6d, 0x61, 0x74, 0x68, 0x2e,
  0x61, 0x64, 0x64, 0x5f, 0x33, 0x30, 0x37, 0x2f, 0x41, 0x64, 0x64, 0x3b,
  0x6d, 0x6f, 0x64, 0x65, 0x6c, 0x5f, 0x32, 0x31, 0x36, 0x2f, 0x74, 0x66,
  0x2e, 0x6e, 0x6e, 0x2e, 0x63, 0x6f, 0x6e, 0x76, 0x6f, 0x6c, 0x75, 0x74,
  0x69, 0x6f, 0x6e, 0x5f, 0x33, 0x30, 0x37, 0x2f, 0x63, 0x6f, 0x6e, 0x76,
  0x6f, 0x6c, 0x75, 0x74, 0x69, 0x6f, 0x6e, 0x3b, 0x43, 0x6f, 0x6e, 0x73,
  0x74, 0x5f, 0x31, 0x31, 0x00, 0x00, 0x00, 0x00, 0x01, 0x00, 0x00, 0x00,
  0x10, 0x00, 0x00, 0x00, 0x7a, 0xf3, 0xff, 0xff, 0x00, 0x00, 0x00, 0x01,
  0x14, 0x00, 0x00, 0x00, 0xe8, 0x00, 0x00, 0x00, 0x0c, 0x00, 0x00, 0x00,
  0x00, 0x00, 0x00, 0x09, 0x0c, 0x01, 0x00, 0x00, 0x64, 0xf3, 0xff, 0xff,
  0x08, 0x00, 0x00, 0x00, 0x8c, 0x00, 0x00, 0x00, 0x10, 0x00, 0x00, 0x00,
  0x00, 0x00, 0x00, 0x00, 0x00, 0x00, 0x00, 0x00, 0x00, 0x00, 0x00, 0x00,
  0x00, 0x00, 0x00, 0x00, 0x00, 0x00, 0x00, 0x00, 0x00, 0x00, 0x00, 0x00,
  0x00, 0x00, 0x00, 0x00, 0x00, 0x00, 0x00, 0x00, 0x00, 0x00, 0x00, 0x00,
  0x00, 0x00, 0x00, 0x00, 0x00, 0x00, 0x00, 0x00, 0x00, 0x00, 0x00, 0x00,
  0x00, 0x00, 0x00, 0x00, 0x00, 0x00, 0x00, 0x00, 0x00, 0x00, 0x00, 0x00,
  0x00, 0x00, 0x00, 0x00, 0x00, 0x00, 0x00, 0x00, 0x00, 0x00, 0x00, 0x00,
  0x00, 0x00, 0x00, 0x00, 0x00, 0x00, 0x00, 0x00, 0x00, 0x00, 0x00, 0x00,
  0x00, 0x00, 0x00, 0x00, 0x00, 0x00, 0x00, 0x00, 0x00, 0x00, 0x00, 0x00,
  0x00, 0x00, 0x00, 0x00, 0x00, 0x00, 0x00, 0x00, 0x00, 0x00, 0x00, 0x00,
  0x00, 0x00, 0x00, 0x00, 0x00, 0x00, 0x00, 0x00, 0x00, 0x00, 0x00, 0x00,
  0x00, 0x00, 0x00, 0x00, 0x00, 0x00, 0x00, 0x00, 0x00, 0x00, 0x00, 0x00,
  0x10, 0x00, 0x00, 0x00, 0x89, 0xba, 0xb1, 0x3a, 0x6c, 0x58, 0xb1, 0x3a,
  0x34, 0x8e, 0x93, 0x3a, 0x5c, 0x80, 0x94, 0x3a, 0x69, 0xe9, 0x9e, 0x3a,
  0xed, 0xb2, 0xdd, 0x3a, 0xcf, 0x87, 0xa0, 0x3a, 0xf0, 0xca, 0x98, 0x3a,
  0x84, 0xb0, 0x98, 0x3a, 0xe6, 0x91, 0x95, 0x3a, 0x3c, 0xd3, 0xb4, 0x3a,
  0x71, 0x5c, 0x98, 0x3a, 0x7e, 0xed, 0xbc, 0x3a, 0x21, 0x13, 0x93, 0x3a,
  0x18, 0x28, 0xae, 0x3a, 0x26, 0x8b, 0x98, 0x3a, 0x2b, 0x00, 0x00, 0x00,
  0x6d, 0x6f, 0x64, 0x65, 0x6c, 0x5f, 0x32, 0x31, 0x36, 0x2f, 0x74, 0x66,
  0x2e, 0x6e, 0x6e, 0x2e, 0x63, 0x6f, 0x6e, 0x76, 0x6f, 0x6c, 0x75, 0x74,
  0x69, 0x6f, 0x6e, 0x5f, 0x33, 0x30, 0x38, 0x2f, 0x63, 0x6f, 0x6e, 0x76,
  0x6f, 0x6c, 0x75, 0x74, 0x69, 0x6f, 0x6e, 0x00, 0x04, 0x00, 0x00, 0x00,
  0x10, 0x00, 0x00, 0x00, 0x03, 0x00, 0x00, 0x00, 0x01, 0x00, 0x00, 0x00,
  0x10, 0x00, 0x00, 0x00, 0xb2, 0xf4, 0xff, 0xff, 0x00, 0x00, 0x00, 0x01,
  0x14, 0x00, 0x00, 0x00, 0xe8, 0x00, 0x00, 0x00, 0x0b, 0x00, 0x00, 0x00,
  0x00, 0x00, 0x00, 0x02, 0x50, 0x01, 0x00, 0x00, 0x9c, 0xf4, 0xff, 0xff,
  0x08, 0x00, 0x00, 0x00, 0x8c, 0x00, 0x00, 0x00, 0x10, 0x00, 0x00, 0x00,
  0x00, 0x00, 0x00, 0x00, 0x00, 0x00, 0x00, 0x00, 0x00, 0x00, 0x00, 0x00,
  0x00, 0x00, 0x00, 0x00, 0x00, 0x00, 0x00, 0x00, 0x00, 0x00, 0x00, 0x00,
  0x00, 0x00, 0x00, 0x00, 0x00, 0x00, 0x00, 0x00, 0x00, 0x00, 0x00, 0x00,
  0x00, 0x00, 0x00, 0x00, 0x00, 0x00, 0x00, 0x00, 0x00, 0x00, 0x00, 0x00,
  0x00, 0x00, 0x00, 0x00, 0x00, 0x00, 0x00, 0x00, 0x00, 0x00, 0x00, 0x00,
  0x00, 0x00, 0x00, 0x00, 0x00, 0x00, 0x00, 0x00, 0x00, 0x00, 0x00, 0x00,
  0x00, 0x00, 0x00, 0x00, 0x00, 0x00, 0x00, 0x00, 0x00, 0x00, 0x00, 0x00,
  0x00, 0x00, 0x00, 0x00, 0x00, 0x00, 0x00, 0x00, 0x00, 0x00, 0x00, 0x00,
  0x00, 0x00, 0x00, 0x00, 0x00, 0x00, 0x00, 0x00, 0x00, 0x00, 0x00, 0x00,
  0x00, 0x00, 0x00, 0x00, 0x00, 0x00, 0x00, 0x00, 0x00, 0x00, 0x00, 0x00,
  0x00, 0x00, 0x00, 0x00, 0x00, 0x00, 0x00, 0x00, 0x00, 0x00, 0x00, 0x00,
  0x10, 0x00, 0x00, 0x00, 0xa2, 0x50, 0xc4, 0x39, 0x42, 0xe4, 0xc3, 0x39,
  0x84, 0xfc, 0xa2, 0x39, 0xfe, 0x07, 0xa4, 0x39, 0xbf, 0x87, 0xaf, 0x39,
  0x2f, 0xe2, 0xf4, 0x39, 0x7c, 0x51, 0xb1, 0x39, 0x75, 0xc5, 0xa8, 0x39,
  0x46, 0xa8, 0xa8, 0x39, 0x24, 0x36, 0xa5, 0x39, 0x3b, 0xbc, 0xc7, 0x39,
  0x68, 0x4b, 0xa8, 0x39, 0x68, 0xaf, 0xd0, 0x39, 0x92, 0x74, 0xa2, 0x39,
  0x90, 0x5e, 0xc0, 0x39, 0x00, 0x7f, 0xa8, 0x39, 0x6f, 0x00, 0x00, 0x00,
  0x6d, 0x6f, 0x64, 0x65, 0x6c, 0x5f, 0x32, 0x31, 0x36, 0x2f, 0x74, 0x66,
  0x2e, 0x6e, 0x6e, 0x2e, 0x72, 0x65, 0x6c, 0x75, 0x5f, 0x33, 0x30, 0x38,
  0x2f, 0x52, 0x65, 0x6c, 0x75, 0x3b, 0x6d, 0x6f, 0x64, 0x65, 0x6c, 0x5f,
  0x32, 0x31, 0x36, 0x2f, 0x74, 0x66, 0x2e, 0x6d, 0x61, 0x74, 0x68, 0x2e,
  0x61, 0x64, 0x64, 0x5f, 0x33, 0x30, 0x38, 0x2f, 0x41, 0x64, 0x64, 0x3b,
  0x6d, 0x6f, 0x64, 0x65, 0x6c, 0x5f, 0x32, 0x31, 0x36, 0x2f, 0x74, 0x66,
  0x2e, 0x6e, 0x6e, 0x2e, 0x63, 0x6f, 0x6e, 0x76, 0x6f, 0x6c, 0x75, 0x74,
  0x69, 0x6f, 0x6e, 0x5f, 0x33, 0x30, 0x38, 0x2f, 0x63, 0x6f, 0x6e, 0x76,
  0x6f, 0x6c, 0x75, 0x74, 0x69, 0x6f, 0x6e, 0x3b, 0x43, 0x6f, 0x6e, 0x73,
  0x74, 0x5f, 0x39, 0x00, 0x01, 0x00, 0x00, 0x00, 0x10, 0x00, 0x00, 0x00,
  0x22, 0xf6, 0xff, 0xff, 0x00, 0x00, 0x00, 0x01, 0x14, 0x00, 0x00, 0x00,
  0xe8, 0x00, 0x00, 0x00, 0x0a, 0x00, 0x00, 0x00, 0x00, 0x00, 0x00, 0x09,
  0x0c, 0x01, 0x00, 0x00, 0x0c, 0xf6, 0xff, 0xff, 0x08, 0x00, 0x00, 0x00,
  0x8c, 0x00, 0x00, 0x00, 0x10, 0x00, 0x00, 0x00, 0x00, 0x00, 0x00, 0x00,
  0x00, 0x00, 0x00, 0x00, 0x00, 0x00, 0x00, 0x00, 0x00, 0x00, 0x00, 0x00,
  0x00, 0x00, 0x00, 0x00, 0x00, 0x00, 0x00, 0x00, 0x00, 0x00, 0x00, 0x00,
  0x00, 0x00, 0x00, 0x00, 0x00, 0x00, 0x00, 0x00, 0x00, 0x00, 0x00, 0x00,
  0x00, 0x00, 0x00, 0x00, 0x00, 0x00, 0x00, 0x00, 0x00, 0x00, 0x00, 0x00,
  0x00, 0x00, 0x00, 0x00, 0x00, 0x00, 0x00, 0x00, 0x00, 0x00, 0x00, 0x00,
  0x00, 0x00, 0x00, 0x00, 0x00, 0x00, 0x00, 0x00, 0x00, 0x00, 0x00, 0x00,
  0x00, 0x00, 0x00, 0x00, 0x00, 0x00, 0x00, 0x00, 0x00, 0x00, 0x00, 0x00,
  0x00, 0x00, 0x00, 0x00, 0x00, 0x00, 0x00, 0x00, 0x00, 0x00, 0x00, 0x00,
  0x00, 0x00, 0x00, 0x00, 0x00, 0x00, 0x00, 0x00, 0x00, 0x00, 0x00, 0x00,
  0x00, 0x00, 0x00, 0x00, 0x00, 0x00, 0x00, 0x00, 0x00, 0x00, 0x00, 0x00,
  0x00, 0x00, 0x00, 0x00, 0x00, 0x00, 0x00, 0x00, 0x10, 0x00, 0x00, 0x00,
  0xa1, 0xc0, 0x98, 0x3a, 0x25, 0xdb, 0xa6, 0x3a, 0x03, 0x85, 0x97, 0x3a,
  0xc3, 0x25, 0xb6, 0x3a, 0xec, 0x23, 0x9f, 0x3a, 0x9f, 0xee, 0x8e, 0x3a,
  0x71, 0xbf, 0xce, 0x3a, 0x71, 0xf1, 0xb7, 0x3a, 0x2d, 0xf8, 0xb7, 0x3a,
  0x4f, 0x1d, 0xbb, 0x3a, 0x3a, 0xdc, 0xa0, 0x3a, 0x4b, 0x60, 0x95, 0x3a,
  0x28, 0xb6, 0xb9, 0x3a, 0xe0, 0xd2, 0xa7, 0x3a, 0xe3, 0xc8, 0xb0, 0x3a,
  0xc5, 0xb7, 0x91, 0x3a, 0x2b, 0x00, 0x00, 0x00, 0x6d, 0x6f, 0x64, 0x65,
  0x6c, 0x5f, 0x32, 0x31, 0x36, 0x2f, 0x74, 0x66, 0x2e, 0x6e, 0x6e, 0x2e,
  0x63, 0x6f, 0x6e, 0x76, 0x6f, 0x6c, 0x75, 0x74, 0x69, 0x6f, 0x6e, 0x5f,
  0x33, 0x30, 0x39, 0x2f, 0x63, 0x6f, 0x6e, 0x76, 0x6f, 0x6c, 0x75, 0x74,
  0x69, 0x6f, 0x6e, 0x00, 0x04, 0x00, 0x00, 0x00, 0x10, 0x00, 0x00, 0x00,
  0x03, 0x00, 0x00, 0x00, 0x01, 0x00, 0x00, 0x00, 0x10, 0x00, 0x00, 0x00,
  0x5a, 0xf7, 0xff, 0xff, 0x00, 0x00, 0x00, 0x01, 0x14, 0x00, 0x00, 0x00,
  0xe8, 0x00, 0x00, 0x00, 0x09, 0x00, 0x00, 0x00, 0x00, 0x00, 0x00, 0x02,
  0x50, 0x01, 0x00, 0x00, 0x44, 0xf7, 0xff, 0xff, 0x08, 0x00, 0x00, 0x00,
  0x8c, 0x00, 0x00, 0x00, 0x10, 0x00, 0x00, 0x00, 0x00, 0x00, 0x00, 0x00,
  0x00, 0x00, 0x00, 0x00, 0x00, 0x00, 0x00, 0x00, 0x00, 0x00, 0x00, 0x00,
  0x00, 0x00, 0x00, 0x00, 0x00, 0x00, 0x00, 0x00, 0x00, 0x00, 0x00, 0x00,
  0x00, 0x00, 0x00, 0x00, 0x00, 0x00, 0x00, 0x00, 0x00, 0x00, 0x00, 0x00,
  0x00, 0x00, 0x00, 0x00, 0x00, 0x00, 0x00, 0x00, 0x00, 0x00, 0x00, 0x00,
  0x00, 0x00, 0x00, 0x00, 0x00, 0x00, 0x00, 0x00, 0x00, 0x00, 0x00, 0x00,
  0x00, 0x00, 0x00, 0x00, 0x00, 0x00, 0x00, 0x00, 0x00, 0x00, 0x00, 0x00,
  0x00, 0x00, 0x00, 0x00, 0x00, 0x00, 0x00, 0x00, 0x00, 0x00, 0x00, 0x00,
  0x00, 0x00, 0x00, 0x00, 0x00, 0x00, 0x00, 0x00, 0x00, 0x00, 0x00, 0x00,
  0x00, 0x00, 0x00, 0x00, 0x00, 0x00, 0x00, 0x00, 0x00, 0x00, 0x00, 0x00,
  0x00, 0x00, 0x00, 0x00, 0x00, 0x00, 0x00, 0x00, 0x00, 0x00, 0x00, 0x00,
  0x00, 0x00, 0x00, 0x00, 0x00, 0x00, 0x00, 0x00, 0x10, 0x00, 0x00, 0x00,
  0x08, 0xd3, 0xbc, 0x39, 0x27, 0x42, 0xce, 0x39, 0xe1, 0x4c, 0xbb, 0x39,
  0x31, 0x29, 0xe1, 0x39, 0x7e, 0xb8, 0xc4, 0x39, 0x59, 0xaf, 0xb0, 0x39,
  0x0b, 0x92, 0xff, 0x39, 0x6c, 0x61, 0xe3, 0x39, 0xbf, 0x69, 0xe3, 0x39,
  0x02, 0x4d, 0xe7, 0x39, 0xc5, 0xd8, 0xc6, 0x39, 0x96, 0xa6, 0xb8, 0x39,
  0x0c, 0x91, 0xe5, 0x39, 0x63, 0x74, 0xcf, 0x39, 0x1e, 0x88, 0xda, 0x39,
  0xe8, 0x20, 0xb4, 0x39, 0x6f, 0x00, 0x00, 0x00, 0x6d, 0x6f, 0x64, 0x65,
  0x6c, 0x5f, 0x32, 0x31, 0x36, 0x2f, 0x74, 0x66, 0x2e, 0x6e, 0x6e, 0x2e,
  0x72, 0x65, 0x6c, 0x75, 0x5f, 0x33, 0x30, 0x39, 0x2f, 0x52, 0x65, 0x6c,
  0x75, 0x3b, 0x6d, 0x6f, 0x64, 0x65, 0x6c, 0x5f, 0x32, 0x31, 0x36, 0x2f,
  0x74, 0x66, 0x2e, 0x6d, 0x61, 0x74, 0x68, 0x2e, 0x61, 0x64, 0x64, 0x5f,
  0x33, 0x30, 0x39, 0x2f, 0x41, 0x64, 0x64, 0x3b, 0x6d, 0x6f, 0x64, 0x65,
  0x6c, 0x5f, 0x32, 0x31, 0x36, 0x2f, 0x74, 0x66, 0x2e, 0x6e, 0x6e, 0x2e,
  0x63, 0x6f, 0x6e, 0x76, 0x6f, 0x6c, 0x75, 0x74, 0x69, 0x6f, 0x6e, 0x5f,
  0x33, 0x30, 0x39, 0x2f, 0x63, 0x6f, 0x6e, 0x76, 0x6f, 0x6c, 0x75, 0x74,
  0x69, 0x6f, 0x6e, 0x3b, 0x43, 0x6f, 0x6e, 0x73, 0x74, 0x5f, 0x37, 0x00,
  0x01, 0x00, 0x00, 0x00, 0x10, 0x00, 0x00, 0x00, 0xca, 0xf8, 0xff, 0xff,
  0x00, 0x00, 0x00, 0x01, 0x14, 0x00, 0x00, 0x00, 0xe8, 0x00, 0x00, 0x00,
  0x08, 0x00, 0x00, 0x00, 0x00, 0x00, 0x00, 0x09, 0x0c, 0x01, 0x00, 0x00,
  0xb4, 0xf8, 0xff, 0xff, 0x08, 0x00, 0x00, 0x00, 0x8c, 0x00, 0x00, 0x00,
  0x10, 0x00, 0x00, 0x00, 0x00, 0x00, 0x00, 0x00, 0x00, 0x00, 0x00, 0x00,
  0x00, 0x00, 0x00, 0x00, 0x00, 0x00, 0x00, 0x00, 0x00, 0x00, 0x00, 0x00,
  0x00, 0x00, 0x00, 0x00, 0x00, 0x00, 0x00, 0x00, 0x00, 0x00, 0x00, 0x00,
  0x00, 0x00, 0x00, 0x00, 0x00, 0x00, 0x00, 0x00, 0x00, 0x00, 0x00, 0x00,
  0x00, 0x00, 0x00, 0x00, 0x00, 0x00, 0x00, 0x00, 0x00, 0x00, 0x00, 0x00,
  0x00, 0x00, 0x00, 0x00, 0x00, 0x00, 0x00, 0x00, 0x00, 0x00, 0x00, 0x00,
  0x00, 0x00, 0x00, 0x00, 0x00, 0x00, 0x00, 0x00, 0x00, 0x00, 0x00, 0x00,
  0x00, 0x00, 0x00, 0x00, 0x00, 0x00, 0x00, 0x00, 0x00, 0x00, 0x00, 0x00,
  0x00, 0x00, 0x00, 0x00, 0x00, 0x00, 0x00, 0x00, 0x00, 0x00, 0x00, 0x00,
  0x00, 0x00, 0x00, 0x00, 0x00, 0x00, 0x00, 0x00, 0x00, 0x00, 0x00, 0x00,
  0x00, 0x00, 0x00, 0x00, 0x00, 0x00, 0x00, 0x00, 0x00, 0x00, 0x00, 0x00,
  0x00, 0x00, 0x00, 0x00, 0x10, 0x00, 0x00, 0x00, 0x61, 0x95, 0xbd, 0x3a,
  0xdc, 0xe8, 0x98, 0x3a, 0x06, 0x67, 0xb0, 0x3a, 0x1c, 0x73, 0xb9, 0x3a,
  0x0b, 0x7e, 0x99, 0x3a, 0x06, 0x5e, 0x94, 0x3a, 0x45, 0x50, 0xae, 0x3a,
  0x33, 0x75, 0xae, 0x3a, 0xb2, 0xa8, 0x8c, 0x3a, 0xa0, 0xac, 0x93, 0x3a,
  0x70, 0x44, 0xa4, 0x3a, 0x1f, 0x4e, 0xb2, 0x3a, 0xf6, 0xc2, 0xaa, 0x3a,
  0x52, 0xe8, 0x99, 0x3a, 0xf6, 0x3c, 0xb0, 0x3a, 0x82, 0x47, 0x9c, 0x3a,
  0x2b, 0x00, 0x00, 0x00, 0x6d, 0x6f, 0x64, 0x65, 0x6c, 0x5f, 0x32, 0x31,
  0x36, 0x2f, 0x74, 0x66, 0x2e, 0x6e, 0x6e, 0x2e, 0x63, 0x6f, 0x6e, 0x76,
  0x6f, 0x6c, 0x75, 0x74, 0x69, 0x6f, 0x6e, 0x5f, 0x33, 0x31, 0x30, 0x2f,
  0x63, 0x6f, 0x6e, 0x76, 0x6f, 0x6c, 0x75, 0x74, 0x69, 0x6f, 0x6e, 0x00,
  0x04, 0x00, 0x00, 0x00, 0x10, 0x00, 0x00, 0x00, 0x03, 0x00, 0x00, 0x00,
  0x01, 0x00, 0x00, 0x00, 0x10, 0x00, 0x00, 0x00, 0x02, 0xfa, 0xff, 0xff,
  0x00, 0x00, 0x00, 0x01, 0x14, 0x00, 0x00, 0x00, 0xe8, 0x00, 0x00, 0x00,
  0x07, 0x00, 0x00, 0x00, 0x00, 0x00, 0x00, 0x02, 0x50, 0x01, 0x00, 0x00,
  0xec, 0xf9, 0xff, 0xff, 0x08, 0x00, 0x00, 0x00, 0x8c, 0x00, 0x00, 0x00,
  0x10, 0x00, 0x00, 0x00, 0x00, 0x00, 0x00, 0x00, 0x00, 0x00, 0x00, 0x00,
  0x00, 0x00, 0x00, 0x00, 0x00, 0x00, 0x00, 0x00, 0x00, 0x00, 0x00, 0x00,
  0x00, 0x00, 0x00, 0x00, 0x00, 0x00, 0x00, 0x00, 0x00, 0x00, 0x00, 0x00,
  0x00, 0x00, 0x00, 0x00, 0x00, 0x00, 0x00, 0x00, 0x00, 0x00, 0x00, 0x00,
  0x00, 0x00, 0x00, 0x00, 0x00, 0x00, 0x00, 0x00, 0x00, 0x00, 0x00, 0x00,
  0x00, 0x00, 0x00, 0x00, 0x00, 0x00, 0x00, 0x00, 0x00, 0x00, 0x00, 0x00,
  0x00, 0x00, 0x00, 0x00, 0x00, 0x00, 0x00, 0x00, 0x00, 0x00, 0x00, 0x00,
  0x00, 0x00, 0x00, 0x00, 0x00, 0x00, 0x00, 0x00, 0x00, 0x00, 0x00, 0x00,
  0x00, 0x00, 0x00, 0x00, 0x00, 0x00, 0x00, 0x00, 0x00, 0x00, 0x00, 0x00,
  0x00, 0x00, 0x00, 0x00, 0x00, 0x00, 0x00, 0x00, 0x00, 0x00, 0x00, 0x00,
  0x00, 0x00, 0x00, 0x00, 0x00, 0x00, 0x00, 0x00, 0x00, 0x00, 0x00, 0x00,
  0x00, 0x00, 0x00, 0x00, 0x10, 0x00, 0x00, 0x00, 0x00, 0x04, 0xec, 0x39,
  0x14, 0x5c, 0xbe, 0x39, 0x36, 0x9b, 0xdb, 0x39, 0x8b, 0xde, 0xe6, 0x39,
  0xcd, 0x15, 0xbf, 0x39, 0x72, 0xb4, 0xb8, 0x39, 0x7d, 0x01, 0xd9, 0x39,
  0x76, 0x2f, 0xd9, 0x39, 0xd1, 0x1b, 0xaf, 0x39, 0x99, 0xd7, 0xb7, 0x39,
  0xc5, 0x7f, 0xcc, 0x39, 0x9b, 0xf9, 0xdd, 0x39, 0x79, 0x95, 0xd4, 0x39,
  0x1b, 0x9a, 0xbf, 0x39, 0xd9, 0x66, 0xdb, 0x39, 0x01, 0x8e, 0xc2, 0x39,
  0x6f, 0x00, 0x00, 0x00, 0x6d, 0x6f, 0x64, 0x65, 0x6c, 0x5f, 0x32, 0x31,
  0x36, 0x2f, 0x74, 0x66, 0x2e, 0x6e, 0x6e, 0x2e, 0x72, 0x65, 0x6c, 0x75,
  0x5f, 0x33, 0x31, 0x30, 0x2f, 0x52, 0x65, 0x6c, 0x75, 0x3b, 0x6d, 0x6f,
  0x64, 0x65, 0x6c, 0x5f, 0x32, 0x31, 0x36, 0x2f, 0x74, 0x66, 0x2e, 0x6d,
  0x61, 0x74, 0x68, 0x2e, 0x61, 0x64, 0x64, 0x5f, 0x33, 0x31, 0x30, 0x2f,
  0x41, 0x64, 0x64, 0x3b, 0x6d, 0x6f, 0x64, 0x65, 0x6c, 0x5f, 0x32, 0x31,
  0x36, 0x2f, 0x74, 0x66, 0x2e, 0x6e, 0x6e, 0x2e, 0x63, 0x6f, 0x6e, 0x76,
  0x6f, 0x6c, 0x75, 0x74, 0x69, 0x6f, 0x6e, 0x5f, 0x33, 0x31, 0x30, 0x2f,
  0x63, 0x6f, 0x6e, 0x76, 0x6f, 0x6c, 0x75, 0x74, 0x69, 0x6f, 0x6e, 0x3b,
  0x43, 0x6f, 0x6e, 0x73, 0x74, 0x5f, 0x35, 0x00, 0x01, 0x00, 0x00, 0x00,
  0x10, 0x00, 0x00, 0x00, 0x72, 0xfb, 0xff, 0xff, 0x00, 0x00, 0x00, 0x01,
  0x14, 0x00, 0x00, 0x00, 0xe8, 0x00, 0x00, 0x00, 0x06, 0x00, 0x00, 0x00,
  0x00, 0x00, 0x00, 0x09, 0x0c, 0x01, 0x00, 0x00, 0x5c, 0xfb, 0xff, 0xff,
  0x08, 0x00, 0x00, 0x00, 0x8c, 0x00, 0x00, 0x00, 0x10, 0x00, 0x00, 0x00,
  0x00, 0x00, 0x00, 0x00, 0x00, 0x00, 0x00, 0x00, 0x00, 0x00, 0x00, 0x00,
  0x00, 0x00, 0x00, 0x00, 0x00, 0x00, 0x00, 0x00, 0x00, 0x00, 0x00, 0x00,
  0x00, 0x00, 0x00, 0x00, 0x00, 0x00, 0x00, 0x00, 0x00, 0x00, 0x00, 0x00,
  0x00, 0x00, 0x00, 0x00, 0x00, 0x00, 0x00, 0x00, 0x00, 0x00, 0x00, 0x00,
  0x00, 0x00, 0x00, 0x00, 0x00, 0x00, 0x00, 0x00, 0x00, 0x00, 0x00, 0x00,
  0x00, 0x00, 0x00, 0x00, 0x00, 0x00, 0x00, 0x00, 0x00, 0x00, 0x00, 0x00,
  0x00, 0x00, 0x00, 0x00, 0x00, 0x00, 0x00, 0x00, 0x00, 0x00, 0x00, 0x00,
  0x00, 0x00, 0x00, 0x00, 0x00, 0x00, 0x00, 0x00, 0x00, 0x00, 0x00, 0x00,
  0x00, 0x00, 0x00, 0x00, 0x00, 0x00, 0x00, 0x00, 0x00, 0x00, 0x00, 0x00,
  0x00, 0x00, 0x00, 0x00, 0x00, 0x00, 0x00, 0x00, 0x00, 0x00, 0x00, 0x00,
  0x00, 0x00, 0x00, 0x00, 0x00, 0x00, 0x00, 0x00, 0x00, 0x00, 0x00, 0x00,
  0x10, 0x00, 0x00, 0x00, 0xb4, 0x3e, 0xa4, 0x3a, 0x7a, 0x74, 0x95, 0x3a,
  0x43, 0xf8, 0x94, 0x3a, 0xfc, 0x75, 0x96, 0x3a, 0x80, 0x56, 0xa6, 0x3a,
  0x1a, 0x5c, 0x9b, 0x3a, 0xa2, 0x14, 0x9d, 0x3a, 0xd8, 0x2d, 0x8e, 0x3a,
  0xc3, 0xc4, 0xa8, 0x3a, 0x63, 0xc1, 0xa6, 0x3a, 0x83, 0x3f, 0xa3, 0x3a,
  0xd5, 0x03, 0x9c, 0x3a, 0xf0, 0x37, 0x98, 0x3a, 0x51, 0xec, 0x8e, 0x3a,
  0xc5, 0x04, 0x94, 0x3a, 0x2e, 0x2b, 0xa3, 0x3a, 0x2b, 0x00, 0x00, 0x00,
  0x6d, 0x6f, 0x64, 0x65, 0x6c, 0x5f, 0x32, 0x31, 0x36, 0x2f, 0x74, 0x66,
  0x2e, 0x6e, 0x6e, 0x2e, 0x63, 0x6f, 0x6e, 0x76, 0x6f, 0x6c, 0x75, 0x74,
  0x69, 0x6f, 0x6e, 0x5f, 0x33, 0x31, 0x31, 0x2f, 0x63, 0x6f, 0x6e, 0x76,
  0x6f, 0x6c, 0x75, 0x74, 0x69, 0x6f, 0x6e, 0x00, 0x04, 0x00, 0x00, 0x00,
  0x10, 0x00, 0x00, 0x00, 0x03, 0x00, 0x00, 0x00, 0x01, 0x00, 0x00, 0x00,
  0x10, 0x00, 0x00, 0x00, 0xaa, 0xfc, 0xff, 0xff, 0x00, 0x00, 0x00, 0x01,
  0x14, 0x00, 0x00, 0x00, 0xe8, 0x00, 0x00, 0x00, 0x05, 0x00, 0x00, 0x00,
  0x00, 0x00, 0x00, 0x02, 0x50, 0x01, 0x00, 0x00, 0x94, 0xfc, 0xff, 0xff,
  0x08, 0x00, 0x00, 0x00, 0x8c, 0x00, 0x00, 0x00, 0x10, 0x00, 0x00, 0x00,
  0x00, 0x00, 0x00, 0x00, 0x00, 0x00, 0x00, 0x00, 0x00, 0x00, 0x00, 0x00,
  0x00, 0x00, 0x00, 0x00, 0x00, 0x00, 0x00, 0x00, 0x00, 0x00, 0x00, 0x00,
  0x00, 0x00, 0x00, 0x00, 0x00, 0x00, 0x00, 0x00, 0x00, 0x00, 0x00, 0x00,
  0x00, 0x00, 0x00, 0x00, 0x00, 0x00, 0x00, 0x00, 0x00, 0x00, 0x00, 0x00,
  0x00, 0x00, 0x00, 0x00, 0x00, 0x00, 0x00, 0x00, 0x00, 0x00, 0x00, 0x00,
  0x00, 0x00, 0x00, 0x00, 0x00, 0x00, 0x00, 0x00, 0x00, 0x00, 0x00, 0x00,
  0x00, 0x00, 0x00, 0x00, 0x00, 0x00, 0x00, 0x00, 0x00, 0x00, 0x00, 0x00,
  0x00, 0x00, 0x00, 0x00, 0x00, 0x00, 0x00, 0x00, 0x00, 0x00, 0x00, 0x00,
  0x00, 0x00, 0x00, 0x00, 0x00, 0x00, 0x00, 0x00, 0x00, 0x00, 0x00, 0x00,
  0x00, 0x00, 0x00, 0x00, 0x00, 0x00, 0x00, 0x00, 0x00, 0x00, 0x00, 0x00,
  0x00, 0x00, 0x00, 0x00, 0x00, 0x00, 0x00, 0x00, 0x00, 0x00, 0x00, 0x00,
  0x10, 0x00, 0x00, 0x00, 0xf7, 0x20, 0x0b, 0x3a, 0x72, 0x33, 0xfd, 0x39,
  0x01, 0x61, 0xfc, 0x39, 0xb5, 0xe7, 0xfe, 0x39, 0xd4, 0xe6, 0x0c, 0x3a,
  0x31, 0x9a, 0x03, 0x3a, 0x5c, 0x0f, 0x05, 0x3a, 0xd8, 0xdf, 0xf0, 0x39,
  0xef, 0xf5, 0x0e, 0x3a, 0x5e, 0x41, 0x0d, 0x3a, 0xcc, 0x48, 0x0a, 0x3a,
  0x46, 0x28, 0x04, 0x3a, 0x00, 0xf1, 0x00, 0x3a, 0x89, 0x22, 0xf2, 0x39,
  0x7e, 0xc4, 0xfa, 0x39, 0x93, 0x37, 0x0a, 0x3a, 0x6f, 0x00, 0x00, 0x00,
  0x6d, 0x6f, 0x64, 0x65, 0x6c, 0x5f, 0x32, 0x31, 0x36, 0x2f, 0x74, 0x66,
  0x2e, 0x6e, 0x6e, 0x2e, 0x72, 0x65, 0x6c, 0x75, 0x5f, 0x33, 0x31, 0x31,
  0x2f, 0x52, 0x65, 0x6c, 0x75, 0x3b, 0x6d, 0x6f, 0x64, 0x65, 0x6c, 0x5f,
  0x32, 0x31, 0x36, 0x2f, 0x74, 0x66, 0x2e, 0x6d, 0x61, 0x74, 0x68, 0x2e,
  0x61, 0x64, 0x64, 0x5f, 0x33, 0x31, 0x31, 0x2f, 0x41, 0x64, 0x64, 0x3b,
  0x6d, 0x6f, 0x64, 0x65, 0x6c, 0x5f, 0x32, 0x31, 0x36, 0x2f, 0x74, 0x66,
  0x2e, 0x6e, 0x6e, 0x2e, 0x63, 0x6f, 0x6e, 0x76, 0x6f, 0x6c, 0x75, 0x74,
  0x69, 0x6f, 0x6e, 0x5f, 0x33, 0x31, 0x31, 0x2f, 0x63, 0x6f, 0x6e, 0x76,
  0x6f, 0x6c, 0x75, 0x74, 0x69, 0x6f, 0x6e, 0x3b, 0x43, 0x6f, 0x6e, 0x73,
  0x74, 0x5f, 0x33, 0x00, 0x01, 0x00, 0x00, 0x00, 0x10, 0x00, 0x00, 0x00,
  0x1a, 0xfe, 0xff, 0xff, 0x00, 0x00, 0x00, 0x01, 0x14, 0x00, 0x00, 0x00,
  0x7c, 0x00, 0x00, 0x00, 0x04, 0x00, 0x00, 0x00, 0x00, 0x00, 0x00, 0x09,
  0x9c, 0x00, 0x00, 0x00, 0x04, 0xfe, 0xff, 0xff, 0x08, 0x00, 0x00, 0x00,
  0x44, 0x00, 0x00, 0x00, 0x07, 0x00, 0x00, 0x00, 0x00, 0x00, 0x00, 0x00,
  0x00, 0x00, 0x00, 0x00, 0x00, 0x00, 0x00, 0x00, 0x00, 0x00, 0x00, 0x00,
  0x00, 0x00, 0x00, 0x00, 0x00, 0x00, 0x00, 0x00, 0x00, 0x00, 0x00, 0x00,
  0x00, 0x00, 0x00, 0x00, 0x00, 0x00, 0x00, 0x00, 0x00, 0x00, 0x00, 0x00,
  0x00, 0x00, 0x00, 0x00, 0x00, 0x00, 0x00, 0x00, 0x00, 0x00, 0x00, 0x00,
  0x00, 0x00, 0x00, 0x00, 0x00, 0x00, 0x00, 0x00, 0x07, 0x00, 0x00, 0x00,
  0x4d, 0x59, 0xef, 0x3a, 0x22, 0x12, 0xdc, 0x3a, 0xc6, 0xd9, 0x06, 0x3b,
  0x43, 0x77, 0xfb, 0x3a, 0xd8, 0xd6, 0x01, 0x3b, 0xa3, 0x57, 0x07, 0x3b,
  0xc2, 0x8c, 0x02, 0x3b, 0x24, 0x00, 0x00, 0x00, 0x6d, 0x6f, 0x64, 0x65,
  0x6c, 0x5f, 0x32, 0x31, 0x36, 0x2f, 0x74, 0x66, 0x2e, 0x6c, 0x69, 0x6e,
  0x61, 0x6c, 0x67, 0x2e, 0x6d, 0x61, 0x74, 0x6d, 0x75, 0x6c, 0x5f, 0x36,
  0x34, 0x2f, 0x4d, 0x61, 0x74, 0x4d, 0x75, 0x6c, 0x00, 0x00, 0x00, 0x00,
  0x02, 0x00, 0x00, 0x00, 0x07, 0x00, 0x00, 0x00, 0x10, 0x00, 0x00, 0x00,
  0xda, 0xfe, 0xff, 0xff, 0x00, 0x00, 0x00, 0x01, 0x14, 0x00, 0x00, 0x00,
  0x78, 0x00, 0x00, 0x00, 0x03, 0x00, 0x00, 0x00, 0x00, 0x00, 0x00, 0x02,
  0x9c, 0x00, 0x00, 0x00, 0xc4, 0xfe, 0xff, 0xff, 0x08, 0x00, 0x00, 0x00,
  0x40, 0x00, 0x00, 0x00, 0x07, 0x00, 0x00, 0x00, 0x00, 0x00, 0x00, 0x00,
  0x00, 0x00, 0x00, 0x00, 0x00, 0x00, 0x00, 0x00, 0x00, 0x00, 0x00, 0x00,
  0x00, 0x00, 0x00, 0x00, 0x00, 0x00, 0x00, 0x00, 0x00, 0x00, 0x00, 0x00,
  0x00, 0x00, 0x00, 0x00, 0x00, 0x00, 0x00, 0x00, 0x00, 0x00, 0x00, 0x00,
  0x00, 0x00, 0x00, 0x00, 0x00, 0x00, 0x00, 0x00, 0x00, 0x00, 0x00, 0x00,
  0x00, 0x00, 0x00, 0x00, 0x07, 0x00, 0x00, 0x00, 0x27, 0xf1, 0x36, 0x3a,
  0x0b, 0x35, 0x28, 0x3a, 0x33, 0x24, 0x4e, 0x3a, 0x14, 0x34, 0x40, 0x3a,
  0x08, 0x7b, 0x46, 0x3a, 0x9a, 0xe4, 0x4e, 0x3a, 0x1e, 0x91, 0x47, 0x3a,
  0x28, 0x00, 0x00, 0x00, 0x6d, 0x6f, 0x64, 0x65, 0x6c, 0x5f, 0x32, 0x31,
  0x36, 0x2f, 0x74, 0x66, 0x2e, 0x5f, 0x5f, 0x6f, 0x70, 0x65, 0x72, 0x61,
  0x74, 0x6f, 0x72, 0x73, 0x5f, 0x5f, 0x2e, 0x61, 0x64, 0x64, 0x5f, 0x32,
  0x31, 0x36, 0x2f, 0x41, 0x64, 0x64, 0x56, 0x32, 0x00, 0x00, 0x00, 0x00,
  0x01, 0x00, 0x00, 0x00, 0x07, 0x00, 0x00, 0x00, 0x96, 0xff, 0xff, 0xff,
  0x00, 0x00, 0x00, 0x01, 0x18, 0x00, 0x00, 0x00, 0x18, 0x00, 0x00, 0x00,
  0x02, 0x00, 0x00, 0x00, 0x00, 0x00, 0x00, 0x02, 0x48, 0x00, 0x00, 0x00,
  0x04, 0x00, 0x04, 0x00, 0x04, 0x00, 0x00, 0x00, 0x37, 0x00, 0x00, 0x00,
  0x6d, 0x6f, 0x64, 0x65, 0x6c, 0x5f, 0x32, 0x31, 0x36, 0x2f, 0x74, 0x66,
  0x2e, 0x6d, 0x61, 0x74, 0x68, 0x2e, 0x72, 0x65, 0x64, 0x75, 0x63, 0x65,
  0x5f, 0x6d, 0x65, 0x61, 0x6e, 0x5f, 0x36, 0x34, 0x2f, 0x4d, 0x65, 0x61,
  0x6e, 0x2f, 0x72, 0x65, 0x64, 0x75, 0x63, 0x74, 0x69, 0x6f, 0x6e, 0x5f,
  0x69, 0x6e, 0x64, 0x69, 0x63, 0x65, 0x73, 0x00, 0x01, 0x00, 0x00, 0x00,
  0x02, 0x00, 0x00, 0x00, 0x00, 0x00, 0x16, 0x00, 0x1c, 0x00, 0x18, 0x00,
  0x17, 0x00, 0x10, 0x00, 0x0c, 0x00, 0x08, 0x00, 0x00, 0x00, 0x00, 0x00,
  0x00, 0x00, 0x07, 0x00, 0x16, 0x00, 0x00, 0x00, 0x00, 0x00, 0x00, 0x01,
  0x20, 0x00, 0x00, 0x00, 0x40, 0x00, 0x00, 0x00, 0x01, 0x00, 0x00, 0x00,
  0x00, 0x00, 0x00, 0x09, 0x50, 0x00, 0x00, 0x00, 0x0c, 0x00, 0x0c, 0x00,
  0x00, 0x00, 0x00, 0x00, 0x08, 0x00, 0x04, 0x00, 0x0c, 0x00, 0x00, 0x00,
  0x08, 0x00, 0x00, 0x00, 0x14, 0x00, 0x00, 0x00, 0x01, 0x00, 0x00, 0x00,
  0xf1, 0xff, 0xff, 0xff, 0xff, 0xff, 0xff, 0xff, 0x00, 0x00, 0x00, 0x00,
  0x01, 0x00, 0x00, 0x00, 0x9e, 0x8d, 0xf5, 0x3f, 0x17, 0x00, 0x00, 0x00,
  0x73, 0x65, 0x72, 0x76, 0x69, 0x6e, 0x67, 0x5f, 0x64, 0x65, 0x66, 0x61,
  0x75, 0x6c, 0x74, 0x5f, 0x69, 0x6e, 0x70, 0x75, 0x74, 0x3a, 0x30, 0x00,
  0x04, 0x00, 0x00, 0x00, 0x01, 0x00, 0x00, 0x00, 0x0a, 0x00, 0x00, 0x00,
  0x01, 0x00, 0x00, 0x00, 0x09, 0x00, 0x00, 0x00, 0x05, 0x00, 0x00, 0x00,
  0x60, 0x00, 0x00, 0x00, 0x40, 0x00, 0x00, 0x00, 0x2c, 0x00, 0x00, 0x00,
  0x18, 0x00, 0x00, 0x00, 0x04, 0x00, 0x00, 0x00, 0xc0, 0xff, 0xff, 0xff,
  0x19, 0x00, 0x00, 0x00, 0x02, 0x00, 0x00, 0x00, 0x00, 0x00, 0x00, 0x19,
  0xd0, 0xff, 0xff, 0xff, 0x09, 0x00, 0x00, 0x00, 0x04, 0x00, 0x00, 0x00,
  0x00, 0x00, 0x00, 0x09, 0xe0, 0xff, 0xff, 0xff, 0x28, 0x00, 0x00, 0x00,
  0x02, 0x00, 0x00, 0x00, 0x00, 0x00, 0x00, 0x28, 0xf0, 0xff, 0xff, 0xff,
  0x11, 0x00, 0x00, 0x00, 0x02, 0x00, 0x00, 0x00, 0x00, 0x00, 0x00, 0x11,
  0x0c, 0x00, 0x10, 0x00, 0x0f, 0x00, 0x00, 0x00, 0x08, 0x00, 0x04, 0x00,
  0x0c, 0x00, 0x00, 0x00, 0x03, 0x00, 0x00, 0x00, 0x03, 0x00, 0x00, 0x00,
  0x00, 0x00, 0x00, 0x03
};
unsigned int tflite_models_torch_conv_8_10_OFF_int8_tflite_len = 16648;
