Model,Seq_Length,Sample_ID,Inference_Time_ms,Arena_Memory_Bytes,MSE
conv_5_15_OFF_float32.tflite,15,0,15.972,4368,2.021705440085192
conv_5_15_OFF_float32.tflite,15,1,15.721,4368,2.021676758104335
conv_5_15_OFF_float32.tflite,15,2,15.71,4368,2.0217077695820493
conv_5_15_OFF_float32.tflite,15,3,15.706,4368,2.0215198589451924
conv_5_15_OFF_float32.tflite,15,4,15.71,4368,2.021418510096335
conv_1_20_OFF_float32.tflite,20,0,7.133,3856,2.032499593036335
conv_1_20_OFF_float32.tflite,20,1,6.875,3856,2.032499593036335
conv_1_20_OFF_float32.tflite,20,2,6.871,3856,2.032499593036335
conv_1_20_OFF_float32.tflite,20,3,6.871,3856,2.032499593036335
conv_1_20_OFF_float32.tflite,20,4,6.862,3856,2.032499593036335
dense_4_15_OFF_hybrid.tflite,15,N/A,ERROR_TFLITE_INIT_FAILED,ERROR_TFLITE_INIT_FAILED,ERROR_TFLITE_INIT_FAILED
conv_2_10_ON_float32.tflite,10,0,6.449,3568,2.0542019434014778
conv_2_10_ON_float32.tflite,10,1,5.907,3568,2.0542441755651923
conv_2_10_ON_float32.tflite,10,2,5.896,3568,2.0542345465889063
conv_2_10_ON_float32.tflite,10,3,5.904,3568,2.054459322283192
conv_2_10_ON_float32.tflite,10,4,5.895,3568,2.054257693657478
lstm_4_5_OFF_int8.tflite,5,N/A,ERROR_TFLITE_INIT_FAILED,ERROR_TFLITE_INIT_FAILED,ERROR_TFLITE_INIT_FAILED
conv_2_5_ON_int8.tflite,5,0,3.441,2436,2.0342778412554776
conv_2_5_ON_int8.tflite,5,1,2.681,2436,2.0342778412554776
conv_2_5_ON_int8.tflite,5,2,2.686,2436,2.0342778412554776
conv_2_5_ON_int8.tflite,5,3,2.686,2436,2.0342778412554776
conv_2_5_ON_int8.tflite,5,4,2.678,2436,2.0342778412554776
conv_7_10_ON_int8.tflite,10,0,10.508,5332,2.0371427612040494
conv_7_10_ON_int8.tflite,10,1,9.793,5332,2.034422954801192
conv_7_10_ON_int8.tflite,10,2,9.794,5332,2.034422954801192
conv_7_10_ON_int8.tflite,10,3,9.789,5332,2.0365859653689067
conv_7_10_ON_int8.tflite,10,4,9.793,5332,2.037498104801192
conv_1_15_OFF_hybrid.tflite,15,0,5.641,3216,2.1433204865106203
conv_1_15_OFF_hybrid.tflite,15,1,5.217,3216,2.149368110787764
conv_1_15_OFF_hybrid.tflite,15,2,5.222,3216,2.1471796593677634
conv_1_15_OFF_hybrid.tflite,15,3,5.233,3216,2.148645262624906
conv_1_15_OFF_hybrid.tflite,15,4,5.241,3216,2.146174604516335
conv_7_15_OFF_int8.tflite,15,0,9.597,3604,2.031749968750621
conv_7_15_OFF_int8.tflite,15,1,9.086,3604,2.031749968750621
conv_7_15_OFF_int8.tflite,15,2,9.094,3604,2.031749968750621
conv_7_15_OFF_int8.tflite,15,3,9.086,3604,2.031749968750621
conv_7_15_OFF_int8.tflite,15,4,9.093,3604,2.031749968750621
lstm_2_20_OFF_int8.tflite,20,N/A,ERROR_ESP32_MALLOC_FAILED,ERROR_ESP32_MALLOC_FAILED,ERROR_ESP32_MALLOC_FAILED
lstm_0_10_OFF_int8.tflite,10,0,11.447,23732,2.1039932440131923
lstm_0_10_OFF_int8.tflite,10,1,10.879,23732,2.113366238813192
lstm_0_10_OFF_int8.tflite,10,2,10.884,23732,2.1164839390389063
lstm_0_10_OFF_int8.tflite,10,3,10.881,23732,2.1162684918960495
lstm_0_10_OFF_int8.tflite,10,4,10.882,23732,2.1120087225789064
lstm_7_20_OFF_hybrid.tflite,20,N/A,ERROR_ESP32_MALLOC_FAILED,ERROR_ESP32_MALLOC_FAILED,ERROR_ESP32_MALLOC_FAILED
conv_4_5_ON_float32.tflite,5,0,5.616,3856,2.4585560304831917
conv_4_5_ON_float32.tflite,5,1,5.076,3856,2.4590139623631915
conv_4_5_ON_float32.tflite,5,2,5.064,3856,2.4588440624174774
conv_4_5_ON_float32.tflite,5,3,5.08,3856,2.4581553814274777
conv_4_5_ON_float32.tflite,5,4,5.063,3856,2.4577468359843344
dense_7_5_OFF_float32.tflite,5,N/A,ERROR_TFLITE_INIT_FAILED,ERROR_TFLITE_INIT_FAILED,ERROR_TFLITE_INIT_FAILED
lstm_2_5_OFF_hybrid.tflite,5,N/A,ERROR_TFLITE_INIT_FAILED,ERROR_TFLITE_INIT_FAILED,ERROR_TFLITE_INIT_FAILED
dense_0_15_OFF_float32.tflite,15,0,0.614,1904,2.0323085842620494
dense_0_15_OFF_float32.tflite,15,1,0.435,1904,2.0323085842620494
dense_0_15_OFF_float32.tflite,15,2,0.427,1904,2.0323080118134778
dense_0_15_OFF_float32.tflite,15,3,0.431,1904,2.0323080118134778
dense_0_15_OFF_float32.tflite,15,4,0.427,1904,2.032291953242049
dense_4_20_OFF_float32.tflite,20,N/A,ERROR_TFLITE_INIT_FAILED,ERROR_TFLITE_INIT_FAILED,ERROR_TFLITE_INIT_FAILED
conv_4_15_ON_int8.tflite,15,0,10.034,3924,2.0523065470174777
conv_4_15_ON_int8.tflite,15,1,9.234,3924,2.0497145513031922
conv_4_15_ON_int8.tflite,15,2,9.238,3924,2.0497145513031922
conv_4_15_ON_int8.tflite,15,3,9.23,3924,2.0497145513031922
conv_4_15_ON_int8.tflite,15,4,9.238,3924,2.0502477927317635
conv_8_15_ON_float32.tflite,15,0,25.358,7360,2.032901272313192
conv_8_15_ON_float32.tflite,15,1,24.782,7360,2.032769262193192
conv_8_15_ON_float32.tflite,15,2,24.778,7360,2.0329381813757634
conv_8_15_ON_float32.tflite,15,3,24.778,7360,2.0327815191563348
conv_8_15_ON_float32.tflite,15,4,24.777,7360,2.0330543142329067
conv_2_5_OFF_float32.tflite,5,0,3.008,2112,2.1502165253829064
conv_2_5_OFF_float32.tflite,5,1,2.77,2112,2.150451064211478
conv_2_5_OFF_float32.tflite,5,2,2.766,2112,2.1462548375229065
conv_2_5_OFF_float32.tflite,5,3,2.77,2112,2.1488303143914775
conv_2_5_OFF_float32.tflite,5,4,2.766,2112,2.149080350608621
conv_4_15_OFF_hybrid.tflite,15,0,13.345,4080,2.0535653465400494
conv_4_15_OFF_hybrid.tflite,15,1,13.088,4080,2.053953237968621
conv_4_15_OFF_hybrid.tflite,15,2,13.088,4080,2.0536658515849067
conv_4_15_OFF_hybrid.tflite,15,3,13.092,4080,2.054233203340049
conv_4_15_OFF_hybrid.tflite,15,4,13.094,4080,2.054283007625764
conv_7_10_ON_float32.tflite,10,0,15.367,6192,2.0365804333280493
conv_7_10_ON_float32.tflite,10,1,14.953,6192,2.035870437961192
conv_7_10_ON_float32.tflite,10,2,14.933,6192,2.0360434968429066
conv_7_10_ON_float32.tflite,10,3,14.941,6192,2.036846991377478
conv_7_10_ON_float32.tflite,10,4,14.94,6192,2.036800078365192
conv_9_20_ON_int8.tflite,20,0,26.082,7460,2.0299999863346203
conv_9_20_ON_int8.tflite,20,1,25.278,7460,2.031984752048906
conv_9_20_ON_int8.tflite,20,2,25.281,7460,2.0299999863346203
conv_9_20_ON_int8.tflite,20,3,25.282,7460,2.031395394785192
conv_9_20_ON_int8.tflite,20,4,25.282,7460,2.030810004785192
dense_1_15_OFF_hybrid.tflite,15,N/A,ERROR_TFLITE_INIT_FAILED,ERROR_TFLITE_INIT_FAILED,ERROR_TFLITE_INIT_FAILED
lstm_6_20_OFF_float32.tflite,20,N/A,ERROR_ESP32_MALLOC_FAILED,ERROR_ESP32_MALLOC_FAILED,ERROR_ESP32_MALLOC_FAILED
conv_9_10_OFF_float32.tflite,10,0,17.892,4880,2.062231795738621
conv_9_10_OFF_float32.tflite,10,1,17.46,4880,2.0619971054283353
conv_9_10_OFF_float32.tflite,10,2,17.459,4880,2.061944287183478
conv_9_10_OFF_float32.tflite,10,3,17.46,4880,2.062245258269192
conv_9_10_OFF_float32.tflite,10,4,17.468,4880,2.0628110214011923
lstm_2_15_OFF_float32.tflite,15,N/A,ERROR_TFLITE_INIT_FAILED,ERROR_TFLITE_INIT_FAILED,ERROR_TFLITE_INIT_FAILED
dense_3_15_OFF_int8.tflite,15,0,2.003,3524,2.0376521173220494
dense_3_15_OFF_int8.tflite,15,1,1.602,3524,2.0376521173220494
dense_3_15_OFF_int8.tflite,15,2,1.594,3524,2.0376521173220494
dense_3_15_OFF_int8.tflite,15,3,1.594,3524,2.0376521173220494
dense_3_15_OFF_int8.tflite,15,4,1.595,3524,2.0376521173220494
conv_7_5_OFF_float32.tflite,5,0,7.279,3552,2.037406587353478
conv_7_5_OFF_float32.tflite,5,1,6.978,3552,2.0373478419820494
conv_7_5_OFF_float32.tflite,5,2,6.986,3552,2.037187835470621
conv_7_5_OFF_float32.tflite,5,3,6.978,3552,2.0370362993020494
conv_7_5_OFF_float32.tflite,5,4,6.986,3552,2.0369857631791928
lstm_3_5_OFF_hybrid.tflite,5,N/A,ERROR_TFLITE_INIT_FAILED,ERROR_TFLITE_INIT_FAILED,ERROR_TFLITE_INIT_FAILED
dense_2_5_OFF_float32.tflite,5,0,0.699,1792,2.021781261550621
dense_2_5_OFF_float32.tflite,5,1,0.541,1792,2.022229020693478
dense_2_5_OFF_float32.tflite,5,2,0.529,1792,2.0226186723506205
dense_2_5_OFF_float32.tflite,5,3,0.53,1792,2.022965417950621
dense_2_5_OFF_float32.tflite,5,4,0.53,1792,2.0226186723506205
lstm_2_20_OFF_hybrid.tflite,20,N/A,ERROR_ESP32_MALLOC_FAILED,ERROR_ESP32_MALLOC_FAILED,ERROR_ESP32_MALLOC_FAILED
conv_5_5_ON_float32.tflite,5,0,6.424,4384,2.030217264048049
conv_5_5_ON_float32.tflite,5,1,5.971,4384,2.030217264048049
conv_5_5_ON_float32.tflite,5,2,5.952,4384,2.0302960111909067
conv_5_5_ON_float32.tflite,5,3,5.955,4384,2.0302813811909064
conv_5_5_ON_float32.tflite,5,4,5.947,4384,2.0302960111909067
dense_2_5_OFF_int8.tflite,5,0,1.556,2900,2.023780586179192
dense_2_5_OFF_int8.tflite,5,1,1.139,2900,2.023780586179192
dense_2_5_OFF_int8.tflite,5,2,1.122,2900,2.023780586179192
dense_2_5_OFF_int8.tflite,5,3,1.134,2900,2.0170192152077635
dense_2_5_OFF_int8.tflite,5,4,1.123,2900,2.0204038280077636
conv_2_15_ON_float32.tflite,15,0,8.976,4208,2.307833098040335
conv_2_15_ON_float32.tflite,15,1,8.47,4208,2.306944770799478
conv_2_15_ON_float32.tflite,15,2,8.47,4208,2.3043357743374777
conv_2_15_ON_float32.tflite,15,3,8.458,4208,2.299625648234335
conv_2_15_ON_float32.tflite,15,4,8.462,4208,2.2907312240697633
lstm_1_5_OFF_int8.tflite,5,N/A,ERROR_TFLITE_INIT_FAILED,ERROR_TFLITE_INIT_FAILED,ERROR_TFLITE_INIT_FAILED
conv_2_10_ON_int8.tflite,10,0,5.17,2708,2.053322562347192
conv_2_10_ON_int8.tflite,10,1,4.382,2708,2.053322562347192
conv_2_10_ON_int8.tflite,10,2,4.394,2708,2.0528285437757634
conv_2_10_ON_int8.tflite,10,3,4.377,2708,2.053322562347192
conv_2_10_ON_int8.tflite,10,4,4.391,2708,2.053322562347192
conv_8_5_OFF_float32.tflite,5,0,8.159,3840,2.0323625612343355
conv_8_5_OFF_float32.tflite,5,1,7.814,3840,2.032331692009764
conv_8_5_OFF_float32.tflite,5,2,7.829,3840,2.032348381612621
conv_8_5_OFF_float32.tflite,5,3,7.83,3840,2.032364249857478
conv_8_5_OFF_float32.tflite,5,4,7.83,3840,2.032364394469764
lstm_0_5_OFF_hybrid.tflite,5,N/A,ERROR_TFLITE_INIT_FAILED,ERROR_TFLITE_INIT_FAILED,ERROR_TFLITE_INIT_FAILED
conv_1_10_OFF_hybrid.tflite,10,0,3.984,2576,2.032036893599192
conv_1_10_OFF_hybrid.tflite,10,1,3.606,2576,2.0320528950277637
conv_1_10_OFF_hybrid.tflite,10,2,3.607,2576,2.0321148354249066
conv_1_10_OFF_hybrid.tflite,10,3,3.599,2576,2.032098836853478
conv_1_10_OFF_hybrid.tflite,10,4,3.599,2576,2.0320822101077636
dense_8_15_OFF_float32.tflite,15,N/A,ERROR_TFLITE_INIT_FAILED,ERROR_TFLITE_INIT_FAILED,ERROR_TFLITE_INIT_FAILED
conv_6_5_ON_hybrid.tflite,5,0,7.309,4912,2.0313767018689064
conv_6_5_ON_hybrid.tflite,5,1,6.854,4912,2.0313767018689064
conv_6_5_ON_hybrid.tflite,5,2,6.845,4912,2.031361206154621
conv_6_5_ON_hybrid.tflite,5,3,6.85,4912,2.031361206154621
conv_6_5_ON_hybrid.tflite,5,4,6.846,4912,2.031361206154621
conv_6_5_ON_float32.tflite,5,0,7.235,4912,2.0313767018689064
conv_6_5_ON_float32.tflite,5,1,6.862,4912,2.0313767018689064
conv_6_5_ON_float32.tflite,5,2,6.838,4912,2.031361206154621
conv_6_5_ON_float32.tflite,5,3,6.858,4912,2.031361206154621
conv_6_5_ON_float32.tflite,5,4,6.854,4912,2.031361206154621
dense_4_10_OFF_hybrid.tflite,10,N/A,ERROR_TFLITE_INIT_FAILED,ERROR_TFLITE_INIT_FAILED,ERROR_TFLITE_INIT_FAILED
dense_2_10_OFF_int8.tflite,10,0,1.615,2916,2.0317568343440495
dense_2_10_OFF_int8.tflite,10,1,1.203,2916,2.0311365672011923
dense_2_10_OFF_int8.tflite,10,2,1.187,2916,2.0311365672011923
dense_2_10_OFF_int8.tflite,10,3,1.191,2916,2.0311365672011923
dense_2_10_OFF_int8.tflite,10,4,1.186,2916,2.0311365672011923
dense_0_20_OFF_int8.tflite,20,0,1.237,2324,2.031749968750621
dense_0_20_OFF_int8.tflite,20,1,0.884,2324,2.031749968750621
dense_0_20_OFF_int8.tflite,20,2,0.872,2324,2.031749968750621
dense_0_20_OFF_int8.tflite,20,3,0.884,2324,2.031749968750621
dense_0_20_OFF_int8.tflite,20,4,0.872,2324,2.031749968750621
conv_8_10_ON_float32.tflite,10,0,17.263,6720,2.0353857457226203
conv_8_10_ON_float32.tflite,10,1,16.746,6720,2.0355269165169063
conv_8_10_ON_float32.tflite,10,2,16.738,6720,2.0354771657389064
conv_8_10_ON_float32.tflite,10,3,16.738,6720,2.0355269165169063
conv_8_10_ON_float32.tflite,10,4,16.734,6720,2.035442514636906
conv_1_15_ON_int8.tflite,15,0,5.164,2340,2.032499239937478
conv_1_15_ON_int8.tflite,15,1,4.375,2340,2.032499239937478
conv_1_15_ON_int8.tflite,15,2,4.379,2340,2.032499239937478
conv_1_15_ON_int8.tflite,15,3,4.38,2340,2.032499239937478
conv_1_15_ON_int8.tflite,15,4,4.387,2340,2.032499239937478
conv_9_5_ON_int8.tflite,5,0,7.183,6100,2.0327788503317636
conv_9_5_ON_int8.tflite,5,1,6.504,6100,2.0327788503317636
conv_9_5_ON_int8.tflite,5,2,6.5,6100,2.0327788503317636
conv_9_5_ON_int8.tflite,5,3,6.499,6100,2.0327788503317636
conv_9_5_ON_int8.tflite,5,4,6.5,6100,2.0327788503317636
dense_8_5_OFF_hybrid.tflite,5,N/A,ERROR_TFLITE_INIT_FAILED,ERROR_TFLITE_INIT_FAILED,ERROR_TFLITE_INIT_FAILED
conv_9_20_OFF_float32.tflite,20,N/A,ERROR_TFLITE_INIT_FAILED,ERROR_TFLITE_INIT_FAILED,ERROR_TFLITE_INIT_FAILED
lstm_6_10_OFF_float32.tflite,10,N/A,ERROR_ESP32_MALLOC_FAILED,ERROR_ESP32_MALLOC_FAILED,ERROR_ESP32_MALLOC_FAILED
conv_7_5_ON_float32.tflite,5,0,8.261,5440,2.377380422742906
conv_7_5_ON_float32.tflite,5,1,7.773,5440,2.378756162541763
conv_7_5_ON_float32.tflite,5,2,7.757,5440,2.3815484119831924
conv_7_5_ON_float32.tflite,5,3,7.773,5440,2.3830963538717636
conv_7_5_ON_float32.tflite,5,4,7.752,5440,2.3828346928791926
dense_1_10_OFF_hybrid.tflite,10,N/A,ERROR_TFLITE_INIT_FAILED,ERROR_TFLITE_INIT_FAILED,ERROR_TFLITE_INIT_FAILED
dense_8_5_OFF_float32.tflite,5,N/A,ERROR_TFLITE_INIT_FAILED,ERROR_TFLITE_INIT_FAILED,ERROR_TFLITE_INIT_FAILED
lstm_8_20_OFF_hybrid.tflite,20,N/A,ERROR_ESP32_MALLOC_FAILED,ERROR_ESP32_MALLOC_FAILED,ERROR_ESP32_MALLOC_FAILED
lstm_1_15_OFF_int8.tflite,15,N/A,ERROR_TFLITE_INIT_FAILED,ERROR_TFLITE_INIT_FAILED,ERROR_TFLITE_INIT_FAILED
dense_4_10_OFF_float32.tflite,10,N/A,ERROR_TFLITE_INIT_FAILED,ERROR_TFLITE_INIT_FAILED,ERROR_TFLITE_INIT_FAILED
conv_4_10_OFF_hybrid.tflite,10,0,9.155,3440,2.0333589824314777
conv_4_10_OFF_hybrid.tflite,10,1,8.794,3440,2.0333748838600494
conv_4_10_OFF_hybrid.tflite,10,2,8.79,3440,2.033408718869478
conv_4_10_OFF_hybrid.tflite,10,3,8.795,3440,2.033392823155192
conv_4_10_OFF_hybrid.tflite,10,4,8.782,3440,2.0334892678380494
conv_7_15_ON_float32.tflite,15,0,22.491,6832,2.037809352226049
conv_7_15_ON_float32.tflite,15,1,22.067,6832,2.0379246253811925
conv_7_15_ON_float32.tflite,15,2,22.066,6832,2.0382768531469067
conv_7_15_ON_float32.tflite,15,3,22.056,6832,2.0380440534240494
conv_7_15_ON_float32.tflite,15,4,22.059,6832,2.038461328630621
lstm_1_5_OFF_hybrid.tflite,5,N/A,ERROR_TFLITE_INIT_FAILED,ERROR_TFLITE_INIT_FAILED,ERROR_TFLITE_INIT_FAILED
conv_1_10_OFF_float32.tflite,10,0,3.975,2576,2.032036893599192
conv_1_10_OFF_float32.tflite,10,1,3.602,2576,2.0320528950277637
conv_1_10_OFF_float32.tflite,10,2,3.595,2576,2.0321148354249066
conv_1_10_OFF_float32.tflite,10,3,3.607,2576,2.032098836853478
conv_1_10_OFF_float32.tflite,10,4,3.595,2576,2.0320822101077636
conv_6_10_OFF_int8.tflite,10,0,6.061,3156,2.051068321019192
conv_6_10_OFF_int8.tflite,10,1,5.539,3156,2.0550067102791925
conv_6_10_OFF_int8.tflite,10,2,5.543,3156,2.0628546495849065
conv_6_10_OFF_int8.tflite,10,3,5.53,3156,2.0561204902791923
conv_6_10_OFF_int8.tflite,10,4,5.542,3156,2.0628546495849065
conv_4_20_OFF_int8.tflite,20,0,8.955,3428,2.0304839062126208
conv_4_20_OFF_int8.tflite,20,1,8.471,3428,2.029872330498335
conv_4_20_OFF_int8.tflite,20,2,8.455,3428,2.029872330498335
conv_4_20_OFF_int8.tflite,20,3,8.451,3428,2.029872330498335
conv_4_20_OFF_int8.tflite,20,4,8.464,3428,2.029872330498335
dense_9_5_OFF_hybrid.tflite,5,N/A,ERROR_TFLITE_INIT_FAILED,ERROR_TFLITE_INIT_FAILED,ERROR_TFLITE_INIT_FAILED
dense_7_5_OFF_int8.tflite,5,0,3.098,5716,2.038597883256335
dense_7_5_OFF_int8.tflite,5,1,2.732,5716,2.038597883256335
dense_7_5_OFF_int8.tflite,5,2,2.715,5716,2.0392300016077636
dense_7_5_OFF_int8.tflite,5,3,2.72,5716,2.038597883256335
dense_7_5_OFF_int8.tflite,5,4,2.715,5716,2.0392094589706207
conv_9_20_OFF_int8.tflite,20,0,17.902,5092,2.024115781707764
conv_9_20_OFF_int8.tflite,20,1,17.411,5092,2.0247099745649066
conv_9_20_OFF_int8.tflite,20,2,17.404,5092,2.026411390793478
conv_9_20_OFF_int8.tflite,20,3,17.398,5092,2.025308513136335
conv_9_20_OFF_int8.tflite,20,4,17.403,5092,2.025308513136335
conv_4_20_OFF_hybrid.tflite,20,N/A,ERROR_TFLITE_INIT_FAILED,ERROR_TFLITE_INIT_FAILED,ERROR_TFLITE_INIT_FAILED
lstm_7_5_OFF_hybrid.tflite,5,N/A,ERROR_TFLITE_INIT_FAILED,ERROR_TFLITE_INIT_FAILED,ERROR_TFLITE_INIT_FAILED
lstm_2_15_OFF_int8.tflite,15,N/A,ERROR_ESP32_MALLOC_FAILED,ERROR_ESP32_MALLOC_FAILED,ERROR_ESP32_MALLOC_FAILED
dense_1_20_OFF_hybrid.tflite,20,N/A,ERROR_TFLITE_INIT_FAILED,ERROR_TFLITE_INIT_FAILED,ERROR_TFLITE_INIT_FAILED
lstm_5_5_OFF_int8.tflite,5,N/A,ERROR_TFLITE_INIT_FAILED,ERROR_TFLITE_INIT_FAILED,ERROR_TFLITE_INIT_FAILED
conv_6_10_ON_int8.tflite,10,0,9.501,4804,2.0387747683080493
conv_6_10_ON_int8.tflite,10,1,8.719,4804,2.0342436368794776
conv_6_10_ON_int8.tflite,10,2,8.718,4804,2.0348159897366203
conv_6_10_ON_int8.tflite,10,3,8.711,4804,2.036835632593763
conv_6_10_ON_int8.tflite,10,4,8.719,4804,2.036835632593763
lstm_0_15_OFF_float32.tflite,15,N/A,ERROR_TFLITE_INIT_FAILED,ERROR_TFLITE_INIT_FAILED,ERROR_TFLITE_INIT_FAILED
lstm_1_5_OFF_float32.tflite,5,0,6.592,13856,2.030663792353478
lstm_1_5_OFF_float32.tflite,5,1,6.159,13856,2.030704275819478
lstm_1_5_OFF_float32.tflite,5,2,6.148,13856,2.030648348668621
lstm_1_5_OFF_float32.tflite,5,3,6.15,13856,2.030639285222335
lstm_1_5_OFF_float32.tflite,5,4,6.15,13856,2.0306246323651918
conv_1_5_ON_float32.tflite,5,0,2.86,2288,2.034614846413763
conv_1_5_ON_float32.tflite,5,1,2.408,2288,2.0346800949851915
conv_1_5_ON_float32.tflite,5,2,2.372,2288,2.0346895274994776
conv_1_5_ON_float32.tflite,5,3,2.38,2288,2.034703468928049
conv_1_5_ON_float32.tflite,5,4,2.372,2288,2.034703468928049
lstm_8_10_OFF_hybrid.tflite,10,N/A,ERROR_ESP32_MALLOC_FAILED,ERROR_ESP32_MALLOC_FAILED,ERROR_ESP32_MALLOC_FAILED
lstm_4_20_OFF_float32.tflite,20,N/A,ERROR_ESP32_MALLOC_FAILED,ERROR_ESP32_MALLOC_FAILED,ERROR_ESP32_MALLOC_FAILED
conv_8_10_OFF_int8.tflite,10,0,7.447,3732,2.0341756175420493
conv_8_10_OFF_int8.tflite,10,1,6.91,3732,2.0348164273220495
conv_8_10_OFF_int8.tflite,10,2,6.902,3732,2.0341756175420493
conv_8_10_OFF_int8.tflite,10,3,6.907,3732,2.0341756175420493
conv_8_10_OFF_int8.tflite,10,4,6.909,3732,2.034196160179192
conv_5_10_OFF_int8.tflite,10,0,5.355,2868,2.0263390438880493
conv_5_10_OFF_int8.tflite,10,1,4.867,2868,2.026323486866049
conv_5_10_OFF_int8.tflite,10,2,4.854,2868,2.025734129602335
conv_5_10_OFF_int8.tflite,10,3,4.859,2868,2.025734129602335
conv_5_10_OFF_int8.tflite,10,4,4.854,2868,2.026323486866049
conv_7_20_OFF_int8.tflite,20,0,14.46,4548,2.0343503013669064
conv_7_20_OFF_int8.tflite,20,1,13.955,4548,2.0343503013669064
conv_7_20_OFF_int8.tflite,20,2,13.951,4548,2.0343503013669064
conv_7_20_OFF_int8.tflite,20,3,13.947,4548,2.0349552156526207
conv_7_20_OFF_int8.tflite,20,4,13.951,4548,2.0337649113669065
lstm_2_15_OFF_hybrid.tflite,15,N/A,ERROR_TFLITE_INIT_FAILED,ERROR_TFLITE_INIT_FAILED,ERROR_TFLITE_INIT_FAILED
conv_5_15_ON_int8.tflite,15,0,11.604,4436,2.039696634674621
conv_5_15_ON_int8.tflite,15,1,10.858,4436,2.040260296103192
conv_5_15_ON_int8.tflite,15,2,10.859,4436,2.037180800388906
conv_5_15_ON_int8.tflite,15,3,10.852,4436,2.039696634674621
conv_5_15_ON_int8.tflite,15,4,10.859,4436,2.040260296103192
conv_3_20_OFF_float32.tflite,20,0,16.357,5440,2.0325578691477637
conv_3_20_OFF_float32.tflite,20,1,15.944,5440,2.0325578691477637
conv_3_20_OFF_float32.tflite,20,2,15.944,5440,2.0325578691477637
conv_3_20_OFF_float32.tflite,20,3,15.953,5440,2.0325578691477637
conv_3_20_OFF_float32.tflite,20,4,15.956,5440,2.0325578691477637
conv_0_5_ON_float32.tflite,5,0,1.933,1760,2.17540642608462
conv_0_5_ON_float32.tflite,5,1,1.473,1760,2.1756796947126213
conv_0_5_ON_float32.tflite,5,2,1.465,1760,2.1759394805329064
conv_0_5_ON_float32.tflite,5,3,1.468,1760,2.1761091535289068
conv_0_5_ON_float32.tflite,5,4,1.464,1760,2.176020521684335
conv_5_5_ON_hybrid.tflite,5,0,6.36,4384,2.030217264048049
conv_5_5_ON_hybrid.tflite,5,1,5.963,4384,2.030217264048049
conv_5_5_ON_hybrid.tflite,5,2,5.95,4384,2.0302960111909067
conv_5_5_ON_hybrid.tflite,5,3,5.959,4384,2.0302813811909064
conv_5_5_ON_hybrid.tflite,5,4,5.951,4384,2.0302960111909067
dense_1_10_OFF_int8.tflite,10,0,1.265,2404,2.027135849385192
dense_1_10_OFF_int8.tflite,10,1,0.868,2404,2.0265678422423345
dense_1_10_OFF_int8.tflite,10,2,0.852,2404,2.0214553515186204
dense_1_10_OFF_int8.tflite,10,3,0.849,2404,2.0214553515186204
dense_1_10_OFF_int8.tflite,10,4,0.844,2404,2.0239053841806203
conv_7_15_OFF_float32.tflite,15,0,21.299,4944,2.032497292791764
conv_7_15_OFF_float32.tflite,15,1,20.954,4944,2.032497292791764
conv_7_15_OFF_float32.tflite,15,2,20.95,4944,2.032481257077478
conv_7_15_OFF_float32.tflite,15,3,20.954,4944,2.032481257077478
conv_7_15_OFF_float32.tflite,15,4,20.95,4944,2.0324653688326206
lstm_4_5_OFF_float32.tflite,5,N/A,ERROR_TFLITE_INIT_FAILED,ERROR_TFLITE_INIT_FAILED,ERROR_TFLITE_INIT_FAILED
dense_3_20_OFF_int8.tflite,20,0,2.051,3620,2.040868881481192
dense_3_20_OFF_int8.tflite,20,1,1.666,3620,2.040868881481192
dense_3_20_OFF_int8.tflite,20,2,1.654,3620,2.040868881481192
dense_3_20_OFF_int8.tflite,20,3,1.658,3620,2.0394901598326203
dense_3_20_OFF_int8.tflite,20,4,1.654,3620,2.0394901598326203
conv_8_20_ON_int8.tflite,20,0,23.297,6964,2.0380128770220494
conv_8_20_ON_int8.tflite,20,1,22.507,6964,2.0380128770220494
conv_8_20_ON_int8.tflite,20,2,22.502,6964,2.038823060793478
conv_8_20_ON_int8.tflite,20,3,22.494,6964,2.0421693081506205
conv_8_20_ON_int8.tflite,20,4,22.503,6964,2.0458538295849062
dense_4_20_OFF_hybrid.tflite,20,N/A,ERROR_TFLITE_INIT_FAILED,ERROR_TFLITE_INIT_FAILED,ERROR_TFLITE_INIT_FAILED
conv_8_5_ON_hybrid.tflite,5,0,9.176,5952,2.0329384947706206
conv_8_5_ON_hybrid.tflite,5,1,8.659,5952,2.032903347970621
conv_8_5_ON_hybrid.tflite,5,2,8.655,5952,2.0329384947706206
conv_8_5_ON_hybrid.tflite,5,3,8.66,5952,2.0329384947706206
conv_8_5_ON_hybrid.tflite,5,4,8.661,5952,2.0328872776277636
conv_1_20_OFF_hybrid.tflite,20,0,7.192,3856,2.032499593036335
conv_1_20_OFF_hybrid.tflite,20,1,6.871,3856,2.032499593036335
conv_1_20_OFF_hybrid.tflite,20,2,6.862,3856,2.032499593036335
conv_1_20_OFF_hybrid.tflite,20,3,6.863,3856,2.032499593036335
conv_1_20_OFF_hybrid.tflite,20,4,6.871,3856,2.032499593036335
lstm_6_5_OFF_hybrid.tflite,5,N/A,ERROR_TFLITE_INIT_FAILED,ERROR_TFLITE_INIT_FAILED,ERROR_TFLITE_INIT_FAILED
lstm_7_15_OFF_hybrid.tflite,15,N/A,ERROR_ESP32_MALLOC_FAILED,ERROR_ESP32_MALLOC_FAILED,ERROR_ESP32_MALLOC_FAILED
dense_6_20_OFF_float32.tflite,20,N/A,ERROR_TFLITE_INIT_FAILED,ERROR_TFLITE_INIT_FAILED,ERROR_TFLITE_INIT_FAILED
dense_2_15_OFF_float32.tflite,15,0,0.827,2176,2.036092619352906
dense_2_15_OFF_float32.tflite,15,1,0.644,2176,2.036141365393764
dense_2_15_OFF_float32.tflite,15,2,0.645,2176,2.036205458577478
dense_2_15_OFF_float32.tflite,15,3,0.636,2176,2.036190128577478
dense_2_15_OFF_float32.tflite,15,4,0.636,2176,2.036272969557192
conv_8_20_ON_float32.tflite,20,N/A,ERROR_TFLITE_INIT_FAILED,ERROR_TFLITE_INIT_FAILED,ERROR_TFLITE_INIT_FAILED
dense_3_5_OFF_int8.tflite,5,0,1.888,3428,2.0268436549766204
dense_3_5_OFF_int8.tflite,5,1,1.479,3428,2.0268436549766204
dense_3_5_OFF_int8.tflite,5,2,1.462,3428,2.0292280819211923
dense_3_5_OFF_int8.tflite,5,3,1.463,3428,2.026822833322335
dense_3_5_OFF_int8.tflite,5,4,1.462,3428,2.0245889811377635
lstm_0_5_OFF_int8.tflite,5,0,6.313,11636,2.268509486772335
lstm_0_5_OFF_int8.tflite,5,1,5.751,11636,2.262710199954335
lstm_0_5_OFF_int8.tflite,5,2,5.751,11636,2.265608138745764
lstm_0_5_OFF_int8.tflite,5,3,5.742,11636,2.265608138745764
lstm_0_5_OFF_int8.tflite,5,4,5.749,11636,2.262263108745764
conv_3_10_ON_int8.tflite,10,0,6.273,3236,2.049730387342335
conv_3_10_ON_int8.tflite,10,1,5.474,3236,2.053904121402335
conv_3_10_ON_int8.tflite,10,2,5.47,3236,2.0517934873423354
conv_3_10_ON_int8.tflite,10,3,5.471,3236,2.053904121402335
conv_3_10_ON_int8.tflite,10,4,5.469,3236,2.053904121402335
lstm_8_15_OFF_hybrid.tflite,15,N/A,ERROR_ESP32_MALLOC_FAILED,ERROR_ESP32_MALLOC_FAILED,ERROR_ESP32_MALLOC_FAILED
dense_6_10_OFF_float32.tflite,10,N/A,ERROR_TFLITE_INIT_FAILED,ERROR_TFLITE_INIT_FAILED,ERROR_TFLITE_INIT_FAILED
conv_7_20_ON_float32.tflite,20,N/A,ERROR_TFLITE_INIT_FAILED,ERROR_TFLITE_INIT_FAILED,ERROR_TFLITE_INIT_FAILED
lstm_2_10_OFF_hybrid.tflite,10,N/A,ERROR_TFLITE_INIT_FAILED,ERROR_TFLITE_INIT_FAILED,ERROR_TFLITE_INIT_FAILED
conv_0_15_ON_int8.tflite,15,0,3.456,1700,2.2250874462937635
conv_0_15_ON_int8.tflite,15,1,2.761,1700,2.2250874462937635
conv_0_15_ON_int8.tflite,15,2,2.757,1700,2.2250874462937635
conv_0_15_ON_int8.tflite,15,3,2.757,1700,2.2250874462937635
conv_0_15_ON_int8.tflite,15,4,2.765,1700,2.2250874462937635
lstm_8_15_OFF_float32.tflite,15,N/A,ERROR_ESP32_MALLOC_FAILED,ERROR_ESP32_MALLOC_FAILED,ERROR_ESP32_MALLOC_FAILED
conv_3_10_OFF_float32.tflite,10,0,7.516,3152,2.0333592887506207
conv_3_10_OFF_float32.tflite,10,1,7.066,3152,2.033375313036335
conv_3_10_OFF_float32.tflite,10,2,7.07,3152,2.033375313036335
conv_3_10_OFF_float32.tflite,10,3,7.07,3152,2.0333127244649067
conv_3_10_OFF_float32.tflite,10,4,7.066,3152,2.0333127244649067
conv_3_5_ON_float32.tflite,5,0,4.612,3344,2.0375643740634777
conv_3_5_ON_float32.tflite,5,1,4.182,3344,2.037578792634906
conv_3_5_ON_float32.tflite,5,2,4.17,3344,2.037578792634906
conv_3_5_ON_float32.tflite,5,3,4.177,3344,2.0375791707977635
conv_3_5_ON_float32.tflite,5,4,4.161,3344,2.0375647522263347
lstm_5_5_OFF_hybrid.tflite,5,N/A,ERROR_TFLITE_INIT_FAILED,ERROR_TFLITE_INIT_FAILED,ERROR_TFLITE_INIT_FAILED
dense_0_15_OFF_int8.tflite,15,0,1.233,2228,2.031749968750621
dense_0_15_OFF_int8.tflite,15,1,0.82,2228,2.031749968750621
dense_0_15_OFF_int8.tflite,15,2,0.804,2228,2.031749968750621
dense_0_15_OFF_int8.tflite,15,3,0.808,2228,2.031749968750621
dense_0_15_OFF_int8.tflite,15,4,0.804,2228,2.031749968750621
conv_2_20_ON_float32.tflite,20,0,11.654,5088,2.032136705572621
conv_2_20_ON_float32.tflite,20,1,11.145,5088,2.032121621286907
conv_2_20_ON_float32.tflite,20,2,11.139,5088,2.0321727955726208
conv_2_20_ON_float32.tflite,20,3,11.143,5088,2.032210052731764
conv_2_20_ON_float32.tflite,20,4,11.129,5088,2.0321517927154784
conv_4_15_OFF_int8.tflite,15,0,6.509,2740,2.054150068629764
conv_4_15_OFF_int8.tflite,15,1,5.961,2740,2.054150068629764
conv_4_15_OFF_int8.tflite,15,2,5.961,2740,2.0471628929154777
conv_4_15_OFF_int8.tflite,15,3,5.949,2740,2.054150068629764
conv_4_15_OFF_int8.tflite,15,4,5.952,2740,2.0465643543440493
conv_6_5_ON_int8.tflite,5,0,5.581,4532,2.031211019538335
conv_6_5_ON_int8.tflite,5,1,4.858,4532,2.031211019538335
conv_6_5_ON_int8.tflite,5,2,4.855,4532,2.031211019538335
conv_6_5_ON_int8.tflite,5,3,4.861,4532,2.031211019538335
conv_6_5_ON_int8.tflite,5,4,4.862,4532,2.031211019538335
conv_9_15_OFF_int8.tflite,15,0,11.676,4180,2.031749968750621
conv_9_15_OFF_int8.tflite,15,1,11.172,4180,2.031749968750621
conv_9_15_OFF_int8.tflite,15,2,11.177,4180,2.031749968750621
conv_9_15_OFF_int8.tflite,15,3,11.168,4180,2.031749968750621
conv_9_15_OFF_int8.tflite,15,4,11.177,4180,2.031749968750621
lstm_4_5_OFF_hybrid.tflite,5,N/A,ERROR_TFLITE_INIT_FAILED,ERROR_TFLITE_INIT_FAILED,ERROR_TFLITE_INIT_FAILED
dense_6_5_OFF_int8.tflite,5,0,2.786,5172,2.0366552533203346
dense_6_5_OFF_int8.tflite,5,1,2.421,5172,2.0366552533203346
dense_6_5_OFF_int8.tflite,5,2,2.413,5172,2.0366552533203346
dense_6_5_OFF_int8.tflite,5,3,2.413,5172,2.037261576403192
dense_6_5_OFF_int8.tflite,5,4,2.422,5172,2.035376637952621
lstm_4_10_OFF_float32.tflite,10,N/A,ERROR_ESP32_MALLOC_FAILED,ERROR_ESP32_MALLOC_FAILED,ERROR_ESP32_MALLOC_FAILED
conv_2_5_ON_float32.tflite,5,0,3.803,2816,2.0330479218651925
conv_2_5_ON_float32.tflite,5,1,3.283,2816,2.0330479218651925
conv_2_5_ON_float32.tflite,5,2,3.275,2816,2.0330479218651925
conv_2_5_ON_float32.tflite,5,3,3.274,2816,2.0330479218651925
conv_2_5_ON_float32.tflite,5,4,3.266,2816,2.0330479218651925
lstm_7_10_OFF_hybrid.tflite,10,N/A,ERROR_ESP32_MALLOC_FAILED,ERROR_ESP32_MALLOC_FAILED,ERROR_ESP32_MALLOC_FAILED
lstm_1_20_OFF_int8.tflite,20,N/A,ERROR_ESP32_MALLOC_FAILED,ERROR_ESP32_MALLOC_FAILED,ERROR_ESP32_MALLOC_FAILED
lstm_3_10_OFF_int8.tflite,10,N/A,ERROR_ESP32_MALLOC_FAILED,ERROR_ESP32_MALLOC_FAILED,ERROR_ESP32_MALLOC_FAILED
lstm_9_5_OFF_hybrid.tflite,5,N/A,ERROR_TFLITE_INIT_FAILED,ERROR_TFLITE_INIT_FAILED,ERROR_TFLITE_INIT_FAILED
conv_9_10_ON_float32.tflite,10,0,19.016,7232,2.0275582918617636
conv_9_10_ON_float32.tflite,10,1,18.559,7232,2.027511353060335
conv_9_10_ON_float32.tflite,10,2,18.546,7232,2.027500727984621
conv_9_10_ON_float32.tflite,10,3,18.556,7232,2.0276778083297633
conv_9_10_ON_float32.tflite,10,4,18.547,7232,2.0277060586726203
dense_8_20_OFF_float32.tflite,20,N/A,ERROR_TFLITE_INIT_FAILED,ERROR_TFLITE_INIT_FAILED,ERROR_TFLITE_INIT_FAILED
lstm_6_5_OFF_int8.tflite,5,N/A,ERROR_ESP32_MALLOC_FAILED,ERROR_ESP32_MALLOC_FAILED,ERROR_ESP32_MALLOC_FAILED
conv_5_10_ON_int8.tflite,10,0,8.407,4276,2.0368357156526207
conv_5_10_ON_int8.tflite,10,1,7.629,4276,2.0362546713669065
conv_5_10_ON_int8.tflite,10,2,7.631,4276,2.0337649113669065
conv_5_10_ON_int8.tflite,10,3,7.616,4276,2.0351561394240494
conv_5_10_ON_int8.tflite,10,4,7.632,4276,2.0345794408526205
dense_6_15_OFF_int8.tflite,15,0,2.926,5236,2.0228215554926208
dense_6_15_OFF_int8.tflite,15,1,2.548,5236,2.0228215554926208
dense_6_15_OFF_int8.tflite,15,2,2.541,5236,2.0228215554926208
dense_6_15_OFF_int8.tflite,15,3,2.549,5236,2.0228215554926208
dense_6_15_OFF_int8.tflite,15,4,2.549,5236,2.0228215554926208
dense_5_10_OFF_hybrid.tflite,10,N/A,ERROR_TFLITE_INIT_FAILED,ERROR_TFLITE_INIT_FAILED,ERROR_TFLITE_INIT_FAILED
conv_9_15_OFF_float32.tflite,15,0,26.599,5520,2.031714964335192
conv_9_15_OFF_float32.tflite,15,1,26.183,5520,2.0317810543351924
conv_9_15_OFF_float32.tflite,15,2,26.199,5520,2.031752720033192
conv_9_15_OFF_float32.tflite,15,3,26.187,5520,2.031720828604621
conv_9_15_OFF_float32.tflite,15,4,26.199,5520,2.031676558588335
lstm_2_10_OFF_float32.tflite,10,N/A,ERROR_TFLITE_INIT_FAILED,ERROR_TFLITE_INIT_FAILED,ERROR_TFLITE_INIT_FAILED
conv_0_10_OFF_hybrid.tflite,10,0,2.066,1904,2.0397294673057638
conv_0_10_OFF_hybrid.tflite,10,1,1.848,1904,2.0397926501629065
conv_0_10_OFF_hybrid.tflite,10,2,1.853,1904,2.0396505601629062
conv_0_10_OFF_hybrid.tflite,10,3,1.845,1904,2.039666290162906
conv_0_10_OFF_hybrid.tflite,10,4,1.844,1904,2.0402193858771924
dense_1_5_OFF_hybrid.tflite,5,N/A,ERROR_TFLITE_INIT_FAILED,ERROR_TFLITE_INIT_FAILED,ERROR_TFLITE_INIT_FAILED
conv_8_5_OFF_int8.tflite,5,0,4.11,3460,2.031749968750621
conv_8_5_OFF_int8.tflite,5,1,3.595,3460,2.031749968750621
conv_8_5_OFF_int8.tflite,5,2,3.582,3460,2.031749968750621
conv_8_5_OFF_int8.tflite,5,3,3.582,3460,2.031749968750621
conv_8_5_OFF_int8.tflite,5,4,3.582,3460,2.031749968750621
conv_6_15_ON_int8.tflite,15,0,13.236,4964,2.0397316998643347
conv_6_15_ON_int8.tflite,15,1,12.466,4964,2.040688286660621
conv_6_15_ON_int8.tflite,15,2,12.478,4964,2.0417609410671926
conv_6_15_ON_int8.tflite,15,3,12.462,4964,2.0427271382100494
conv_6_15_ON_int8.tflite,15,4,12.469,4964,2.0412103167814784
conv_3_15_ON_float32.tflite,15,0,11.744,4736,2.0549116835569063
conv_3_15_ON_float32.tflite,15,1,11.192,4736,2.0551084948443346
conv_3_15_ON_float32.tflite,15,2,11.178,4736,2.0550509088789064
conv_3_15_ON_float32.tflite,15,3,11.19,4736,2.0551683593474785
conv_3_15_ON_float32.tflite,15,4,11.189,4736,2.0549746287160495
conv_9_5_OFF_float32.tflite,5,0,8.895,4128,2.032355743066621
conv_9_5_OFF_float32.tflite,5,1,8.666,4128,2.0323717987809067
conv_9_5_OFF_float32.tflite,5,2,8.654,4128,2.0323717987809067
conv_9_5_OFF_float32.tflite,5,3,8.666,4128,2.0323717987809067
conv_9_5_OFF_float32.tflite,5,4,8.661,4128,2.032355743066621
lstm_8_10_OFF_int8.tflite,10,N/A,ERROR_ESP32_MALLOC_FAILED,ERROR_ESP32_MALLOC_FAILED,ERROR_ESP32_MALLOC_FAILED
dense_0_10_OFF_float32.tflite,10,0,0.562,1552,2.0312891611229067
dense_0_10_OFF_float32.tflite,10,1,0.384,1552,2.0312728986743354
dense_0_10_OFF_float32.tflite,10,2,0.372,1552,2.031240777654335
dense_0_10_OFF_float32.tflite,10,3,0.375,1552,2.0312403909200496
dense_0_10_OFF_float32.tflite,10,4,0.372,1552,2.0312079060229067
lstm_7_20_OFF_int8.tflite,20,N/A,ERROR_ESP32_MALLOC_FAILED,ERROR_ESP32_MALLOC_FAILED,ERROR_ESP32_MALLOC_FAILED
lstm_5_10_OFF_int8.tflite,10,N/A,ERROR_ESP32_MALLOC_FAILED,ERROR_ESP32_MALLOC_FAILED,ERROR_ESP32_MALLOC_FAILED
lstm_8_5_OFF_hybrid.tflite,5,N/A,ERROR_TFLITE_INIT_FAILED,ERROR_TFLITE_INIT_FAILED,ERROR_TFLITE_INIT_FAILED
conv_3_5_ON_int8.tflite,5,0,3.996,2964,2.035035684202335
conv_3_5_ON_int8.tflite,5,1,3.229,2964,2.035035684202335
conv_3_5_ON_int8.tflite,5,2,3.225,2964,2.035035684202335
conv_3_5_ON_int8.tflite,5,3,3.229,2964,2.035035684202335
conv_3_5_ON_int8.tflite,5,4,3.229,2964,2.0344720227737634
conv_2_15_OFF_int8.tflite,15,0,4.399,2164,2.0404903272011916
conv_2_15_OFF_int8.tflite,15,1,3.882,2164,2.0404903272011916
conv_2_15_OFF_int8.tflite,15,2,3.887,2164,2.0380180614869063
conv_2_15_OFF_int8.tflite,15,3,3.879,2164,2.0380180614869063
conv_2_15_OFF_int8.tflite,15,4,3.886,2164,2.0380180614869063
conv_6_15_ON_float32.tflite,15,0,19.923,6304,2.042613850696049
conv_6_15_ON_float32.tflite,15,1,19.348,6304,2.043333179676335
conv_6_15_ON_float32.tflite,15,2,19.342,6304,2.0427693800617637
conv_6_15_ON_float32.tflite,15,3,19.343,6304,2.043180957782335
conv_6_15_ON_float32.tflite,15,4,19.343,6304,2.0429142683369057
dense_0_5_OFF_hybrid.tflite,5,N/A,ERROR_TFLITE_INIT_FAILED,ERROR_TFLITE_INIT_FAILED,ERROR_TFLITE_INIT_FAILED
conv_5_10_OFF_hybrid.tflite,10,0,10.88,3728,2.0269109141709065
conv_5_10_OFF_hybrid.tflite,10,1,10.524,3728,2.0267884373480496
conv_5_10_OFF_hybrid.tflite,10,2,10.52,3728,2.0267904199229068
conv_5_10_OFF_hybrid.tflite,10,3,10.524,3728,2.0265715512960494
conv_5_10_OFF_hybrid.tflite,10,4,10.534,3728,2.026504255981478
dense_9_5_OFF_float32.tflite,5,N/A,ERROR_TFLITE_INIT_FAILED,ERROR_TFLITE_INIT_FAILED,ERROR_TFLITE_INIT_FAILED
dense_0_5_OFF_int8.tflite,5,0,1.105,2084,2.0317568343440495
dense_0_5_OFF_int8.tflite,5,1,0.692,2084,2.0317568343440495
dense_0_5_OFF_int8.tflite,5,2,0.676,2084,2.0317568343440495
dense_0_5_OFF_int8.tflite,5,3,0.68,2084,2.031749968750621
dense_0_5_OFF_int8.tflite,5,4,0.676,2084,2.031749968750621
lstm_9_20_OFF_hybrid.tflite,20,N/A,ERROR_ESP32_MALLOC_FAILED,ERROR_ESP32_MALLOC_FAILED,ERROR_ESP32_MALLOC_FAILED
conv_5_10_OFF_float32.tflite,10,0,10.876,3728,2.0269109141709065
conv_5_10_OFF_float32.tflite,10,1,10.532,3728,2.0267884373480496
conv_5_10_OFF_float32.tflite,10,2,10.535,3728,2.0267904199229068
conv_5_10_OFF_float32.tflite,10,3,10.527,3728,2.0265715512960494
conv_5_10_OFF_float32.tflite,10,4,10.535,3728,2.026504255981478
dense_0_10_OFF_hybrid.tflite,10,N/A,ERROR_TFLITE_INIT_FAILED,ERROR_TFLITE_INIT_FAILED,ERROR_TFLITE_INIT_FAILED
conv_9_15_ON_float32.tflite,15,0,27.994,7872,2.043954319809478
conv_9_15_ON_float32.tflite,15,1,27.51,7872,2.0438862437143346
conv_9_15_ON_float32.tflite,15,2,27.502,7872,2.0439909073494777
conv_9_15_ON_float32.tflite,15,3,27.494,7872,2.0440512241494777
conv_9_15_ON_float32.tflite,15,4,27.502,7872,2.0439783959209064
dense_3_5_OFF_hybrid.tflite,5,N/A,ERROR_TFLITE_INIT_FAILED,ERROR_TFLITE_INIT_FAILED,ERROR_TFLITE_INIT_FAILED
conv_3_5_OFF_float32.tflite,5,0,3.895,2400,2.0338642530023354
conv_3_5_OFF_float32.tflite,5,1,3.606,2400,2.0337943981957634
conv_3_5_OFF_float32.tflite,5,2,3.61,2400,2.033827088807192
conv_3_5_OFF_float32.tflite,5,3,3.605,2400,2.0336644055529063
conv_3_5_OFF_float32.tflite,5,4,3.602,2400,2.0337321506443344
lstm_3_5_OFF_int8.tflite,5,N/A,ERROR_TFLITE_INIT_FAILED,ERROR_TFLITE_INIT_FAILED,ERROR_TFLITE_INIT_FAILED
conv_0_10_ON_int8.tflite,10,0,2.947,1540,2.229200458497478
conv_0_10_ON_int8.tflite,10,1,2.177,1540,2.232448673003192
conv_0_10_ON_int8.tflite,10,2,2.172,1540,2.229200458497478
conv_0_10_ON_int8.tflite,10,3,2.181,1540,2.229200458497478
conv_0_10_ON_int8.tflite,10,4,2.173,1540,2.229024122783192
lstm_6_20_OFF_hybrid.tflite,20,N/A,ERROR_ESP32_MALLOC_FAILED,ERROR_ESP32_MALLOC_FAILED,ERROR_ESP32_MALLOC_FAILED
dense_6_5_OFF_float32.tflite,5,N/A,ERROR_TFLITE_INIT_FAILED,ERROR_TFLITE_INIT_FAILED,ERROR_TFLITE_INIT_FAILED
conv_5_20_OFF_float32.tflite,20,0,25.356,5504,2.032391872016335
conv_5_20_OFF_float32.tflite,20,1,24.948,5504,2.032391172413478
conv_5_20_OFF_float32.tflite,20,2,24.944,5504,2.0323751109849066
conv_5_20_OFF_float32.tflite,20,3,24.948,5504,2.0323751109849066
conv_5_20_OFF_float32.tflite,20,4,24.943,5504,2.0323751109849066
conv_1_15_OFF_float32.tflite,15,0,5.463,3216,2.1433204865106203
conv_1_15_OFF_float32.tflite,15,1,5.217,3216,2.149368110787764
conv_1_15_OFF_float32.tflite,15,2,5.213,3216,2.1471796593677634
conv_1_15_OFF_float32.tflite,15,3,5.213,3216,2.148645262624906
conv_1_15_OFF_float32.tflite,15,4,5.233,3216,2.146174604516335
conv_3_10_OFF_int8.tflite,10,0,3.998,2292,2.031749968750621
conv_3_10_OFF_int8.tflite,10,1,3.495,2292,2.031749968750621
conv_3_10_OFF_int8.tflite,10,2,3.491,2292,2.031749968750621
conv_3_10_OFF_int8.tflite,10,3,3.482,2292,2.031749968750621
conv_3_10_OFF_int8.tflite,10,4,3.499,2292,2.031749968750621
conv_1_20_OFF_int8.tflite,20,0,4.052,2036,2.031749968750621
conv_1_20_OFF_int8.tflite,20,1,3.571,2036,2.031749968750621
conv_1_20_OFF_int8.tflite,20,2,3.572,2036,2.031749968750621
conv_1_20_OFF_int8.tflite,20,3,3.564,2036,2.031749968750621
conv_1_20_OFF_int8.tflite,20,4,3.581,2036,2.031749968750621
dense_0_20_OFF_float32.tflite,20,0,0.724,2256,2.0323579305877635
dense_0_20_OFF_float32.tflite,20,1,0.486,2256,2.0323579305877635
dense_0_20_OFF_float32.tflite,20,2,0.483,2256,2.0323579305877635
dense_0_20_OFF_float32.tflite,20,3,0.482,2256,2.0323579305877635
dense_0_20_OFF_float32.tflite,20,4,0.483,2256,2.0323579305877635
conv_3_15_ON_int8.tflite,15,0,8.403,3396,2.0488812900749065
conv_3_15_ON_int8.tflite,15,1,7.624,3396,2.0519913172177637
conv_3_15_ON_int8.tflite,15,2,7.624,3396,2.0515320643606207
conv_3_15_ON_int8.tflite,15,3,7.608,3396,2.053706438525478
conv_3_15_ON_int8.tflite,15,4,7.624,3396,2.0541915300749065
conv_0_15_OFF_hybrid.tflite,15,0,2.959,2400,2.0725488607031926
conv_0_15_OFF_hybrid.tflite,15,1,2.61,2400,2.0723524391329065
conv_0_15_OFF_hybrid.tflite,15,2,2.619,2400,2.072134507768049
conv_0_15_OFF_hybrid.tflite,15,3,2.61,2400,2.072112400304621
conv_0_15_OFF_hybrid.tflite,15,4,2.61,2400,2.0717264098529062
lstm_4_15_OFF_int8.tflite,15,N/A,ERROR_ESP32_MALLOC_FAILED,ERROR_ESP32_MALLOC_FAILED,ERROR_ESP32_MALLOC_FAILED
conv_3_10_ON_float32.tflite,10,0,8.209,4096,2.051890164887478
conv_3_10_ON_float32.tflite,10,1,7.709,4096,2.051970119908335
conv_3_10_ON_float32.tflite,10,2,7.697,4096,2.0521270549834774
conv_3_10_ON_float32.tflite,10,3,7.697,4096,2.052191818221478
conv_3_10_ON_float32.tflite,10,4,7.698,4096,2.051914266074049
dense_4_15_OFF_float32.tflite,15,N/A,ERROR_TFLITE_INIT_FAILED,ERROR_TFLITE_INIT_FAILED,ERROR_TFLITE_INIT_FAILED
dense_5_15_OFF_hybrid.tflite,15,N/A,ERROR_TFLITE_INIT_FAILED,ERROR_TFLITE_INIT_FAILED,ERROR_TFLITE_INIT_FAILED
lstm_9_15_OFF_int8.tflite,15,N/A,ERROR_ESP32_MALLOC_FAILED,ERROR_ESP32_MALLOC_FAILED,ERROR_ESP32_MALLOC_FAILED
conv_8_5_ON_int8.tflite,5,0,6.721,5572,2.0328559186774777
conv_8_5_ON_int8.tflite,5,1,5.943,5572,2.0328559186774777
conv_8_5_ON_int8.tflite,5,2,5.94,5572,2.0328559186774777
conv_8_5_ON_int8.tflite,5,3,5.95,5572,2.0328559186774777
conv_8_5_ON_int8.tflite,5,4,5.948,5572,2.0328559186774777
lstm_6_15_OFF_float32.tflite,15,N/A,ERROR_ESP32_MALLOC_FAILED,ERROR_ESP32_MALLOC_FAILED,ERROR_ESP32_MALLOC_FAILED
dense_3_5_OFF_float32.tflite,5,N/A,ERROR_TFLITE_INIT_FAILED,ERROR_TFLITE_INIT_FAILED,ERROR_TFLITE_INIT_FAILED
lstm_3_20_OFF_hybrid.tflite,20,N/A,ERROR_ESP32_MALLOC_FAILED,ERROR_ESP32_MALLOC_FAILED,ERROR_ESP32_MALLOC_FAILED
lstm_2_20_OFF_float32.tflite,20,N/A,ERROR_ESP32_MALLOC_FAILED,ERROR_ESP32_MALLOC_FAILED,ERROR_ESP32_MALLOC_FAILED
conv_6_5_OFF_float32.tflite,5,0,6.511,3264,2.0311783946723354
conv_6_5_OFF_float32.tflite,5,1,6.141,3264,2.0311580692820494
conv_6_5_OFF_float32.tflite,5,2,6.139,3264,2.0312981978509064
conv_6_5_OFF_float32.tflite,5,3,6.133,3264,2.0313912542157633
conv_6_5_OFF_float32.tflite,5,4,6.134,3264,2.0313918323786204
dense_2_5_OFF_hybrid.tflite,5,N/A,ERROR_TFLITE_INIT_FAILED,ERROR_TFLITE_INIT_FAILED,ERROR_TFLITE_INIT_FAILED
dense_7_10_OFF_int8.tflite,10,0,3.18,5716,2.033927730867764
dense_7_10_OFF_int8.tflite,10,1,2.795,5716,2.033927730867764
dense_7_10_OFF_int8.tflite,10,2,2.792,5716,2.033927730867764
dense_7_10_OFF_int8.tflite,10,3,2.783,5716,2.033927730867764
dense_7_10_OFF_int8.tflite,10,4,2.783,5716,2.033067571382049
dense_5_20_OFF_int8.tflite,20,0,2.647,4724,2.034196160179192
dense_5_20_OFF_int8.tflite,20,1,2.294,4724,2.034196160179192
dense_5_20_OFF_int8.tflite,20,2,2.282,4724,2.034196160179192
dense_5_20_OFF_int8.tflite,20,3,2.29,4724,2.034196160179192
dense_5_20_OFF_int8.tflite,20,4,2.283,4724,2.034196160179192
dense_5_5_OFF_int8.tflite,5,0,2.452,4564,2.0383757077220492
dense_5_5_OFF_int8.tflite,5,1,2.103,4564,2.0383757077220492
dense_5_5_OFF_int8.tflite,5,2,2.091,4564,2.035792403436335
dense_5_5_OFF_int8.tflite,5,3,2.099,4564,2.0375068568077634
dense_5_5_OFF_int8.tflite,5,4,2.091,4564,2.035792403436335
dense_0_15_OFF_hybrid.tflite,15,N/A,ERROR_TFLITE_INIT_FAILED,ERROR_TFLITE_INIT_FAILED,ERROR_TFLITE_INIT_FAILED
conv_3_5_ON_hybrid.tflite,5,0,4.658,3344,2.0375643740634777
conv_3_5_ON_hybrid.tflite,5,1,4.178,3344,2.037578792634906
conv_3_5_ON_hybrid.tflite,5,2,4.17,3344,2.037578792634906
conv_3_5_ON_hybrid.tflite,5,3,4.162,3344,2.0375791707977635
conv_3_5_ON_hybrid.tflite,5,4,4.169,3344,2.0375647522263347
conv_6_10_ON_float32.tflite,10,0,13.589,5664,2.0367178343166206
conv_6_10_ON_float32.tflite,10,1,13.132,5664,2.036572640030906
conv_6_10_ON_float32.tflite,10,2,13.104,5664,2.0366736825917635
conv_6_10_ON_float32.tflite,10,3,13.12,5664,2.036696391163192
conv_6_10_ON_float32.tflite,10,4,13.112,5664,2.0367029000194776
dense_8_20_OFF_int8.tflite,20,N/A,ERROR_TFLITE_INIT_FAILED,ERROR_TFLITE_INIT_FAILED,ERROR_TFLITE_INIT_FAILED
dense_8_10_OFF_float32.tflite,10,N/A,ERROR_TFLITE_INIT_FAILED,ERROR_TFLITE_INIT_FAILED,ERROR_TFLITE_INIT_FAILED
conv_5_15_OFF_hybrid.tflite,15,0,15.984,4368,2.021705440085192
conv_5_15_OFF_hybrid.tflite,15,1,15.706,4368,2.021676758104335
conv_5_15_OFF_hybrid.tflite,15,2,15.706,4368,2.0217077695820493
conv_5_15_OFF_hybrid.tflite,15,3,15.702,4368,2.0215198589451924
conv_5_15_OFF_hybrid.tflite,15,4,15.706,4368,2.021418510096335
dense_2_10_OFF_float32.tflite,10,0,0.763,1824,2.0313355216349067
dense_2_10_OFF_float32.tflite,10,1,0.588,1824,2.0313029227671926
dense_2_10_OFF_float32.tflite,10,2,0.577,1824,2.031255936277478
dense_2_10_OFF_float32.tflite,10,3,0.58,1824,2.0313026384411925
dense_2_10_OFF_float32.tflite,10,4,0.577,1824,2.0313054995029067
dense_4_5_OFF_hybrid.tflite,5,N/A,ERROR_TFLITE_INIT_FAILED,ERROR_TFLITE_INIT_FAILED,ERROR_TFLITE_INIT_FAILED
lstm_3_10_OFF_hybrid.tflite,10,N/A,ERROR_TFLITE_INIT_FAILED,ERROR_TFLITE_INIT_FAILED,ERROR_TFLITE_INIT_FAILED
lstm_7_5_OFF_int8.tflite,5,N/A,ERROR_ESP32_MALLOC_FAILED,ERROR_ESP32_MALLOC_FAILED,ERROR_ESP32_MALLOC_FAILED
conv_4_10_ON_int8.tflite,10,0,7.346,3764,2.038491540725192
conv_4_10_ON_int8.tflite,10,1,6.546,3764,2.0379148421537634
conv_4_10_ON_int8.tflite,10,2,6.555,3764,2.038491540725192
conv_4_10_ON_int8.tflite,10,3,6.548,3764,2.0373424892966203
conv_4_10_ON_int8.tflite,10,4,6.547,3764,2.0379148421537634
dense_9_10_OFF_int8.tflite,10,N/A,ERROR_TFLITE_INIT_FAILED,ERROR_TFLITE_INIT_FAILED,ERROR_TFLITE_INIT_FAILED
conv_6_20_ON_float32.tflite,20,N/A,ERROR_TFLITE_INIT_FAILED,ERROR_TFLITE_INIT_FAILED,ERROR_TFLITE_INIT_FAILED
conv_7_15_ON_int8.tflite,15,0,14.807,5492,2.036251032516335
conv_7_15_ON_int8.tflite,15,1,14.09,5492,2.036251032516335
conv_7_15_ON_int8.tflite,15,2,14.09,5492,2.038727643944906
conv_7_15_ON_int8.tflite,15,3,14.082,5492,2.036251032516335
conv_7_15_ON_int8.tflite,15,4,14.096,5492,2.0393261825163345
conv_9_5_OFF_int8.tflite,5,0,4.405,3748,2.031749968750621
conv_9_5_OFF_int8.tflite,5,1,3.916,3748,2.031749968750621
conv_9_5_OFF_int8.tflite,5,2,3.912,3748,2.031749968750621
conv_9_5_OFF_int8.tflite,5,3,3.913,3748,2.031749968750621
conv_9_5_OFF_int8.tflite,5,4,3.917,3748,2.031749968750621
dense_4_10_OFF_int8.tflite,10,0,2.219,4020,2.030409150979192
dense_4_10_OFF_int8.tflite,10,1,1.854,4020,2.030409150979192
dense_4_10_OFF_int8.tflite,10,2,1.846,4020,2.030409150979192
dense_4_10_OFF_int8.tflite,10,3,1.854,4020,2.030409150979192
dense_4_10_OFF_int8.tflite,10,4,1.846,4020,2.028716426179192
dense_6_20_OFF_int8.tflite,20,0,2.962,5332,2.0344183929097635
dense_6_20_OFF_int8.tflite,20,1,2.621,5332,2.0344183929097635
dense_6_20_OFF_int8.tflite,20,2,2.605,5332,2.0344183929097635
dense_6_20_OFF_int8.tflite,20,3,2.604,5332,2.034443560278335
dense_6_20_OFF_int8.tflite,20,4,2.605,5332,2.034443560278335
lstm_9_15_OFF_hybrid.tflite,15,N/A,ERROR_ESP32_MALLOC_FAILED,ERROR_ESP32_MALLOC_FAILED,ERROR_ESP32_MALLOC_FAILED
conv_7_10_OFF_float32.tflite,10,0,14.414,4304,2.0315197264286207
conv_7_10_OFF_float32.tflite,10,1,13.99,4304,2.0315038221429065
conv_7_10_OFF_float32.tflite,10,2,13.998,4304,2.0314881881837636
conv_7_10_OFF_float32.tflite,10,3,13.99,4304,2.0314719960617635
conv_7_10_OFF_float32.tflite,10,4,13.986,4304,2.0314407567149066
lstm_8_20_OFF_float32.tflite,20,N/A,ERROR_ESP32_MALLOC_FAILED,ERROR_ESP32_MALLOC_FAILED,ERROR_ESP32_MALLOC_FAILED
conv_0_5_ON_hybrid.tflite,5,0,1.941,1760,2.17540642608462
conv_0_5_ON_hybrid.tflite,5,1,1.46,1760,2.1756796947126213
conv_0_5_ON_hybrid.tflite,5,2,1.453,1760,2.1759394805329064
conv_0_5_ON_hybrid.tflite,5,3,1.453,1760,2.1761091535289068
conv_0_5_ON_hybrid.tflite,5,4,1.452,1760,2.176020521684335
lstm_6_10_OFF_hybrid.tflite,10,N/A,ERROR_ESP32_MALLOC_FAILED,ERROR_ESP32_MALLOC_FAILED,ERROR_ESP32_MALLOC_FAILED
conv_0_10_OFF_int8.tflite,10,0,1.884,1252,2.0623155416077634
conv_0_10_OFF_int8.tflite,10,1,1.373,1252,2.0623155416077634
conv_0_10_OFF_int8.tflite,10,2,1.365,1252,2.0623155416077634
conv_0_10_OFF_int8.tflite,10,3,1.369,1252,2.0623155416077634
conv_0_10_OFF_int8.tflite,10,4,1.365,1252,2.0623155416077634
conv_2_20_OFF_int8.tflite,20,0,5.507,2564,2.0535369913820496
conv_2_20_OFF_int8.tflite,20,1,5.011,2564,2.0535369913820496
conv_2_20_OFF_int8.tflite,20,2,5.02,2564,2.0490306613820493
conv_2_20_OFF_int8.tflite,20,3,5.008,2564,2.0535369913820496
conv_2_20_OFF_int8.tflite,20,4,5.02,2564,2.0535369913820496
dense_5_5_OFF_hybrid.tflite,5,N/A,ERROR_TFLITE_INIT_FAILED,ERROR_TFLITE_INIT_FAILED,ERROR_TFLITE_INIT_FAILED
lstm_0_10_OFF_float32.tflite,10,0,6.762,15632,2.1216982780366207
lstm_0_10_OFF_float32.tflite,10,1,6.261,15632,2.122991878746906
lstm_0_10_OFF_float32.tflite,10,2,6.239,15632,2.122549207597763
lstm_0_10_OFF_float32.tflite,10,3,6.249,15632,2.122999536400335
lstm_0_10_OFF_float32.tflite,10,4,6.238,15632,2.121894402684335
dense_1_5_OFF_int8.tflite,5,0,1.197,2356,2.0311160245640494
dense_1_5_OFF_int8.tflite,5,1,0.797,2356,2.0311160245640494
dense_1_5_OFF_int8.tflite,5,2,0.781,2356,2.0311160245640494
dense_1_5_OFF_int8.tflite,5,3,0.785,2356,2.0311160245640494
dense_1_5_OFF_int8.tflite,5,4,0.78,2356,2.0311160245640494
conv_3_20_ON_float32.tflite,20,0,17.288,6384,2.044660672531478
conv_3_20_ON_float32.tflite,20,1,16.745,6384,2.0448279591009064
conv_3_20_ON_float32.tflite,20,2,16.745,6384,2.044693999742621
conv_3_20_ON_float32.tflite,20,3,16.733,6384,2.0438311141137637
conv_3_20_ON_float32.tflite,20,4,16.736,6384,2.0440003493089067
lstm_7_15_OFF_int8.tflite,15,N/A,ERROR_ESP32_MALLOC_FAILED,ERROR_ESP32_MALLOC_FAILED,ERROR_ESP32_MALLOC_FAILED
lstm_4_20_OFF_int8.tflite,20,N/A,ERROR_ESP32_MALLOC_FAILED,ERROR_ESP32_MALLOC_FAILED,ERROR_ESP32_MALLOC_FAILED
lstm_6_10_OFF_int8.tflite,10,N/A,ERROR_ESP32_MALLOC_FAILED,ERROR_ESP32_MALLOC_FAILED,ERROR_ESP32_MALLOC_FAILED
lstm_0_20_OFF_float32.tflite,20,N/A,ERROR_TFLITE_INIT_FAILED,ERROR_TFLITE_INIT_FAILED,ERROR_TFLITE_INIT_FAILED
lstm_2_5_OFF_int8.tflite,5,N/A,ERROR_TFLITE_INIT_FAILED,ERROR_TFLITE_INIT_FAILED,ERROR_TFLITE_INIT_FAILED
conv_1_10_ON_int8.tflite,10,0,4.09,2180,2.038140037664049
conv_1_10_ON_int8.tflite,10,1,3.303,2180,2.038119495026906
conv_1_10_ON_int8.tflite,10,2,3.316,2180,2.038119495026906
conv_1_10_ON_int8.tflite,10,3,3.298,2180,2.037514580741192
conv_1_10_ON_int8.tflite,10,4,3.308,2180,2.037514580741192
lstm_3_15_OFF_hybrid.tflite,15,N/A,ERROR_ESP32_MALLOC_FAILED,ERROR_ESP32_MALLOC_FAILED,ERROR_ESP32_MALLOC_FAILED
lstm_4_15_OFF_float32.tflite,15,N/A,ERROR_ESP32_MALLOC_FAILED,ERROR_ESP32_MALLOC_FAILED,ERROR_ESP32_MALLOC_FAILED
lstm_9_20_OFF_int8.tflite,20,N/A,ERROR_ESP32_MALLOC_FAILED,ERROR_ESP32_MALLOC_FAILED,ERROR_ESP32_MALLOC_FAILED
conv_8_5_ON_float32.tflite,5,0,9.161,5952,2.0329384947706206
conv_8_5_ON_float32.tflite,5,1,8.659,5952,2.032903347970621
conv_8_5_ON_float32.tflite,5,2,8.651,5952,2.0329384947706206
conv_8_5_ON_float32.tflite,5,3,8.647,5952,2.0329384947706206
conv_8_5_ON_float32.tflite,5,4,8.647,5952,2.0328872776277636
lstm_9_10_OFF_hybrid.tflite,10,N/A,ERROR_ESP32_MALLOC_FAILED,ERROR_ESP32_MALLOC_FAILED,ERROR_ESP32_MALLOC_FAILED
conv_2_15_ON_int8.tflite,15,0,6.771,2868,2.2921422400886216
conv_2_15_ON_int8.tflite,15,1,6.001,2868,2.2921422400886216
conv_2_15_ON_int8.tflite,15,2,6.004,2868,2.2894945455771922
conv_2_15_ON_int8.tflite,15,3,5.988,2868,2.2854961672314777
conv_2_15_ON_int8.tflite,15,4,5.996,2868,2.2821738841486208
dense_0_20_OFF_hybrid.tflite,20,N/A,ERROR_TFLITE_INIT_FAILED,ERROR_TFLITE_INIT_FAILED,ERROR_TFLITE_INIT_FAILED
lstm_0_5_OFF_float32.tflite,5,0,3.799,7664,2.266446402786906
lstm_0_5_OFF_float32.tflite,5,1,3.315,7664,2.2662967241914775
lstm_0_5_OFF_float32.tflite,5,2,3.312,7664,2.2662512881137635
lstm_0_5_OFF_float32.tflite,5,3,3.301,7664,2.2662571399940497
lstm_0_5_OFF_float32.tflite,5,4,3.301,7664,2.2659571362697633
conv_1_15_OFF_int8.tflite,15,0,3.352,1876,2.104144670064907
conv_1_15_OFF_int8.tflite,15,1,2.832,1876,2.1015657114934783
conv_1_15_OFF_int8.tflite,15,2,2.841,1876,2.1233092700649068
conv_1_15_OFF_int8.tflite,15,3,2.824,1876,2.1015657114934783
conv_1_15_OFF_int8.tflite,15,4,2.833,1876,2.0895899762934778
dense_6_5_OFF_hybrid.tflite,5,N/A,ERROR_TFLITE_INIT_FAILED,ERROR_TFLITE_INIT_FAILED,ERROR_TFLITE_INIT_FAILED
conv_5_20_OFF_hybrid.tflite,20,N/A,ERROR_TFLITE_INIT_FAILED,ERROR_TFLITE_INIT_FAILED,ERROR_TFLITE_INIT_FAILED
conv_7_5_ON_int8.tflite,5,0,6.181,5060,2.4002855785843353
conv_7_5_ON_int8.tflite,5,1,5.417,5060,2.4002855785843353
conv_7_5_ON_int8.tflite,5,2,5.406,5060,2.400171460238621
conv_7_5_ON_int8.tflite,5,3,5.406,5060,2.398053387250049
conv_7_5_ON_int8.tflite,5,4,5.407,5060,2.400171460238621
conv_9_5_ON_float32.tflite,5,0,10.062,6480,2.0353639965900494
conv_9_5_ON_float32.tflite,5,1,9.566,6480,2.035315506192906
conv_9_5_ON_float32.tflite,5,2,9.55,6480,2.035394774355763
conv_9_5_ON_float32.tflite,5,3,9.55,6480,2.035315506192906
conv_9_5_ON_float32.tflite,5,4,9.55,6480,2.0353308343557632
conv_9_20_ON_float32.tflite,20,N/A,ERROR_TFLITE_INIT_FAILED,ERROR_TFLITE_INIT_FAILED,ERROR_TFLITE_INIT_FAILED
dense_5_15_OFF_int8.tflite,15,0,2.643,4628,2.0248419211534783
dense_5_15_OFF_int8.tflite,15,1,2.226,4628,2.0248419211534783
dense_5_15_OFF_int8.tflite,15,2,2.21,4628,2.0248419211534783
dense_5_15_OFF_int8.tflite,15,3,2.215,4628,2.0248419211534783
dense_5_15_OFF_int8.tflite,15,4,2.218,4628,2.0248419211534783
lstm_8_10_OFF_float32.tflite,10,N/A,ERROR_ESP32_MALLOC_FAILED,ERROR_ESP32_MALLOC_FAILED,ERROR_ESP32_MALLOC_FAILED
lstm_6_15_OFF_hybrid.tflite,15,N/A,ERROR_ESP32_MALLOC_FAILED,ERROR_ESP32_MALLOC_FAILED,ERROR_ESP32_MALLOC_FAILED
conv_3_15_OFF_float32.tflite,15,0,10.834,3792,2.0519826947374775
conv_3_15_OFF_float32.tflite,15,1,10.458,3792,2.0517553245223352
conv_3_15_OFF_float32.tflite,15,2,10.469,3792,2.051471427776621
conv_3_15_OFF_float32.tflite,15,3,10.458,3792,2.0511256738880492
conv_3_15_OFF_float32.tflite,15,4,10.47,3792,2.051487264318335
dense_8_15_OFF_int8.tflite,15,N/A,ERROR_TFLITE_INIT_FAILED,ERROR_TFLITE_INIT_FAILED,ERROR_TFLITE_INIT_FAILED
conv_7_20_OFF_float32.tflite,20,N/A,ERROR_TFLITE_INIT_FAILED,ERROR_TFLITE_INIT_FAILED,ERROR_TFLITE_INIT_FAILED
dense_6_15_OFF_float32.tflite,15,N/A,ERROR_TFLITE_INIT_FAILED,ERROR_TFLITE_INIT_FAILED,ERROR_TFLITE_INIT_FAILED
dense_4_5_OFF_int8.tflite,5,0,2.183,4020,2.032799363119192
dense_4_5_OFF_int8.tflite,5,1,1.79,4020,2.032799363119192
dense_4_5_OFF_int8.tflite,5,2,1.778,4020,2.032799363119192
dense_4_5_OFF_int8.tflite,5,3,1.782,4020,2.0369383559763348
dense_4_5_OFF_int8.tflite,5,4,1.778,4020,2.032799363119192
conv_0_20_OFF_hybrid.tflite,20,0,3.666,2896,2.0323745816077636
conv_0_20_OFF_hybrid.tflite,20,1,3.373,2896,2.0323745816077636
conv_0_20_OFF_hybrid.tflite,20,2,3.361,2896,2.0323745816077636
conv_0_20_OFF_hybrid.tflite,20,3,3.372,2896,2.0323745816077636
conv_0_20_OFF_hybrid.tflite,20,4,3.361,2896,2.0323745816077636
dense_7_5_OFF_hybrid.tflite,5,N/A,ERROR_TFLITE_INIT_FAILED,ERROR_TFLITE_INIT_FAILED,ERROR_TFLITE_INIT_FAILED
dense_2_20_OFF_float32.tflite,20,0,0.874,2528,2.073858472017192
dense_2_20_OFF_float32.tflite,20,1,0.695,2528,2.0741042671086207
dense_2_20_OFF_float32.tflite,20,2,0.68,2528,2.074203989354335
dense_2_20_OFF_float32.tflite,20,3,0.683,2528,2.074168024375192
dense_2_20_OFF_float32.tflite,20,4,0.688,2528,2.0742705013694778
lstm_5_5_OFF_float32.tflite,5,N/A,ERROR_TFLITE_INIT_FAILED,ERROR_TFLITE_INIT_FAILED,ERROR_TFLITE_INIT_FAILED
dense_5_20_OFF_hybrid.tflite,20,N/A,ERROR_TFLITE_INIT_FAILED,ERROR_TFLITE_INIT_FAILED,ERROR_TFLITE_INIT_FAILED
conv_3_20_OFF_int8.tflite,20,0,7.616,3140,2.031749968750621
conv_3_20_OFF_int8.tflite,20,1,7.064,3140,2.031749968750621
conv_3_20_OFF_int8.tflite,20,2,7.064,3140,2.031749968750621
conv_3_20_OFF_int8.tflite,20,3,7.061,3140,2.031749968750621
conv_3_20_OFF_int8.tflite,20,4,7.056,3140,2.031749968750621
conv_1_10_OFF_int8.tflite,10,0,2.612,1716,2.031749968750621
conv_1_10_OFF_int8.tflite,10,1,2.12,1716,2.031749968750621
conv_1_10_OFF_int8.tflite,10,2,2.116,1716,2.031749968750621
conv_1_10_OFF_int8.tflite,10,3,2.112,1716,2.0317248013820497
conv_1_10_OFF_int8.tflite,10,4,2.125,1716,2.031749968750621
conv_5_5_OFF_int8.tflite,5,0,3.083,2596,2.017235703950621
conv_5_5_OFF_int8.tflite,5,1,2.614,2596,2.017235703950621
conv_5_5_OFF_int8.tflite,5,2,2.599,2596,2.019428854464907
conv_5_5_OFF_int8.tflite,5,3,2.603,2596,2.019428854464907
conv_5_5_OFF_int8.tflite,5,4,2.598,2596,2.017235703950621
conv_8_20_OFF_float32.tflite,20,N/A,ERROR_TFLITE_INIT_FAILED,ERROR_TFLITE_INIT_FAILED,ERROR_TFLITE_INIT_FAILED
lstm_7_10_OFF_float32.tflite,10,N/A,ERROR_ESP32_MALLOC_FAILED,ERROR_ESP32_MALLOC_FAILED,ERROR_ESP32_MALLOC_FAILED
lstm_5_15_OFF_hybrid.tflite,15,N/A,ERROR_ESP32_MALLOC_FAILED,ERROR_ESP32_MALLOC_FAILED,ERROR_ESP32_MALLOC_FAILED
conv_8_10_ON_int8.tflite,10,0,11.634,5860,2.038600124118335
conv_8_10_ON_int8.tflite,10,1,10.875,5860,2.038600124118335
conv_8_10_ON_int8.tflite,10,2,10.879,5860,2.0355293198326208
conv_8_10_ON_int8.tflite,10,3,10.871,5860,2.032950361261192
conv_8_10_ON_int8.tflite,10,4,10.878,5860,2.038600124118335
conv_9_15_ON_hybrid.tflite,15,0,28.054,7872,2.043954319809478
conv_9_15_ON_hybrid.tflite,15,1,27.501,7872,2.0438862437143346
conv_9_15_ON_hybrid.tflite,15,2,27.497,7872,2.0439909073494777
conv_9_15_ON_hybrid.tflite,15,3,27.492,7872,2.0440512241494777
conv_9_15_ON_hybrid.tflite,15,4,27.495,7872,2.0439783959209064
dense_9_15_OFF_float32.tflite,15,N/A,ERROR_TFLITE_INIT_FAILED,ERROR_TFLITE_INIT_FAILED,ERROR_TFLITE_INIT_FAILED
conv_3_20_OFF_hybrid.tflite,20,N/A,ERROR_TFLITE_INIT_FAILED,ERROR_TFLITE_INIT_FAILED,ERROR_TFLITE_INIT_FAILED
lstm_6_15_OFF_int8.tflite,15,N/A,ERROR_ESP32_MALLOC_FAILED,ERROR_ESP32_MALLOC_FAILED,ERROR_ESP32_MALLOC_FAILED
conv_5_10_ON_hybrid.tflite,10,0,11.77,5136,2.034753378074049
conv_5_10_ON_hybrid.tflite,10,1,11.335,5136,2.034880645940621
conv_5_10_ON_hybrid.tflite,10,2,11.315,5136,2.03520016784062
conv_5_10_ON_hybrid.tflite,10,3,11.319,5136,2.0349382051597638
conv_5_10_ON_hybrid.tflite,10,4,11.307,5136,2.0352319285834777
dense_6_20_OFF_hybrid.tflite,20,N/A,ERROR_TFLITE_INIT_FAILED,ERROR_TFLITE_INIT_FAILED,ERROR_TFLITE_INIT_FAILED
lstm_6_5_OFF_float32.tflite,5,N/A,ERROR_TFLITE_INIT_FAILED,ERROR_TFLITE_INIT_FAILED,ERROR_TFLITE_INIT_FAILED
lstm_0_15_OFF_hybrid.tflite,15,N/A,ERROR_TFLITE_INIT_FAILED,ERROR_TFLITE_INIT_FAILED,ERROR_TFLITE_INIT_FAILED
conv_0_10_OFF_float32.tflite,10,0,2.149,1904,2.0397294673057638
conv_0_10_OFF_float32.tflite,10,1,1.856,1904,2.0397926501629065
conv_0_10_OFF_float32.tflite,10,2,1.852,1904,2.0396505601629062
conv_0_10_OFF_float32.tflite,10,3,1.849,1904,2.039666290162906
conv_0_10_OFF_float32.tflite,10,4,1.844,1904,2.0402193858771924
lstm_3_5_OFF_float32.tflite,5,N/A,ERROR_TFLITE_INIT_FAILED,ERROR_TFLITE_INIT_FAILED,ERROR_TFLITE_INIT_FAILED
conv_4_10_ON_hybrid.tflite,10,0,9.972,4624,2.038928395189478
conv_4_10_ON_hybrid.tflite,10,1,9.518,4624,2.038994202729478
conv_4_10_ON_hybrid.tflite,10,2,9.518,4624,2.0391246984437634
conv_4_10_ON_hybrid.tflite,10,3,9.506,4624,2.0392171631217635
conv_4_10_ON_hybrid.tflite,10,4,9.502,4624,2.0391530774074775
dense_3_20_OFF_hybrid.tflite,20,N/A,ERROR_TFLITE_INIT_FAILED,ERROR_TFLITE_INIT_FAILED,ERROR_TFLITE_INIT_FAILED
dense_8_10_OFF_int8.tflite,10,N/A,ERROR_TFLITE_INIT_FAILED,ERROR_TFLITE_INIT_FAILED,ERROR_TFLITE_INIT_FAILED
conv_1_5_ON_hybrid.tflite,5,0,2.789,2288,2.034614846413763
conv_1_5_ON_hybrid.tflite,5,1,2.392,2288,2.0346800949851915
conv_1_5_ON_hybrid.tflite,5,2,2.38,2288,2.0346895274994776
conv_1_5_ON_hybrid.tflite,5,3,2.384,2288,2.034703468928049
conv_1_5_ON_hybrid.tflite,5,4,2.38,2288,2.034703468928049
conv_6_20_OFF_hybrid.tflite,20,N/A,ERROR_TFLITE_INIT_FAILED,ERROR_TFLITE_INIT_FAILED,ERROR_TFLITE_INIT_FAILED
dense_5_10_OFF_float32.tflite,10,N/A,ERROR_TFLITE_INIT_FAILED,ERROR_TFLITE_INIT_FAILED,ERROR_TFLITE_INIT_FAILED
conv_8_15_ON_hybrid.tflite,15,0,25.23,7360,2.032901272313192
conv_8_15_ON_hybrid.tflite,15,1,24.802,7360,2.032769262193192
conv_8_15_ON_hybrid.tflite,15,2,24.782,7360,2.0329381813757634
conv_8_15_ON_hybrid.tflite,15,3,24.79,7360,2.0327815191563348
conv_8_15_ON_hybrid.tflite,15,4,24.782,7360,2.0330543142329067
dense_7_20_OFF_int8.tflite,20,0,3.328,5876,2.031729426113478
dense_7_20_OFF_int8.tflite,20,1,2.92,5876,2.031729426113478
dense_7_20_OFF_int8.tflite,20,2,2.912,5876,2.031729426113478
dense_7_20_OFF_int8.tflite,20,3,2.908,5876,2.031109158970621
dense_7_20_OFF_int8.tflite,20,4,2.904,5876,2.031109158970621
dense_5_10_OFF_int8.tflite,10,0,2.524,4564,2.0268587965649063
dense_5_10_OFF_int8.tflite,10,1,2.163,4564,2.0262646037077636
dense_5_10_OFF_int8.tflite,10,2,2.15,4564,2.026256819196335
dense_5_10_OFF_int8.tflite,10,3,2.154,4564,2.026256819196335
dense_5_10_OFF_int8.tflite,10,4,2.15,4564,2.0268587965649063
conv_6_20_ON_int8.tflite,20,0,18.364,5620,2.036421910599764
conv_6_20_ON_int8.tflite,20,1,17.559,5620,2.0343499621671923
conv_6_20_ON_int8.tflite,20,2,17.563,5620,2.035332466546335
conv_6_20_ON_int8.tflite,20,3,17.555,5620,2.0358548122663347
conv_6_20_ON_int8.tflite,20,4,17.562,5620,2.035322589183478
dense_4_15_OFF_int8.tflite,15,0,2.291,4100,2.0343289273220493
dense_4_15_OFF_int8.tflite,15,1,1.917,4100,2.0343289273220493
dense_4_15_OFF_int8.tflite,15,2,1.91,4100,2.0343289273220493
dense_4_15_OFF_int8.tflite,15,3,1.91,4100,2.0343289273220493
dense_4_15_OFF_int8.tflite,15,4,1.918,4100,2.0343289273220493
conv_9_20_ON_hybrid.tflite,20,N/A,ERROR_TFLITE_INIT_FAILED,ERROR_TFLITE_INIT_FAILED,ERROR_TFLITE_INIT_FAILED
lstm_5_10_OFF_hybrid.tflite,10,N/A,ERROR_ESP32_MALLOC_FAILED,ERROR_ESP32_MALLOC_FAILED,ERROR_ESP32_MALLOC_FAILED
conv_7_10_ON_hybrid.tflite,10,0,15.485,6192,2.0365804333280493
conv_7_10_ON_hybrid.tflite,10,1,14.929,6192,2.035870437961192
conv_7_10_ON_hybrid.tflite,10,2,14.917,6192,2.0360434968429066
conv_7_10_ON_hybrid.tflite,10,3,14.937,6192,2.036846991377478
conv_7_10_ON_hybrid.tflite,10,4,14.917,6192,2.036800078365192
conv_9_20_OFF_hybrid.tflite,20,N/A,ERROR_TFLITE_INIT_FAILED,ERROR_TFLITE_INIT_FAILED,ERROR_TFLITE_INIT_FAILED
dense_1_15_OFF_float32.tflite,15,0,0.695,2048,2.022788825827192
dense_1_15_OFF_float32.tflite,15,1,0.481,2048,2.022714624861478
dense_1_15_OFF_float32.tflite,15,2,0.473,2048,2.0226150719717633
dense_1_15_OFF_float32.tflite,15,3,0.477,2048,2.0225570787717637
dense_1_15_OFF_float32.tflite,15,4,0.473,2048,2.0224136462086206
dense_9_15_OFF_int8.tflite,15,N/A,ERROR_TFLITE_INIT_FAILED,ERROR_TFLITE_INIT_FAILED,ERROR_TFLITE_INIT_FAILED
conv_9_5_OFF_hybrid.tflite,5,0,8.887,4128,2.032355743066621
conv_9_5_OFF_hybrid.tflite,5,1,8.666,4128,2.0323717987809067
conv_9_5_OFF_hybrid.tflite,5,2,8.662,4128,2.0323717987809067
conv_9_5_OFF_hybrid.tflite,5,3,8.665,4128,2.0323717987809067
conv_9_5_OFF_hybrid.tflite,5,4,8.655,4128,2.032355743066621
conv_0_5_OFF_int8.tflite,5,0,1.479,1156,1.926116036581192
conv_0_5_OFF_int8.tflite,5,1,0.971,1156,1.9261435539783351
conv_0_5_OFF_int8.tflite,5,2,0.963,1156,1.9261435539783351
conv_0_5_OFF_int8.tflite,5,3,0.966,1156,1.9261435539783351
conv_0_5_OFF_int8.tflite,5,4,0.962,1156,1.9261435539783351
dense_5_20_OFF_float32.tflite,20,N/A,ERROR_TFLITE_INIT_FAILED,ERROR_TFLITE_INIT_FAILED,ERROR_TFLITE_INIT_FAILED
conv_4_15_OFF_float32.tflite,15,0,13.42,4080,2.0535653465400494
conv_4_15_OFF_float32.tflite,15,1,13.088,4080,2.053953237968621
conv_4_15_OFF_float32.tflite,15,2,13.1,4080,2.0536658515849067
conv_4_15_OFF_float32.tflite,15,3,13.08,4080,2.054233203340049
conv_4_15_OFF_float32.tflite,15,4,13.092,4080,2.054283007625764
conv_0_20_OFF_float32.tflite,20,0,3.586,2896,2.0323745816077636
conv_0_20_OFF_float32.tflite,20,1,3.364,2896,2.0323745816077636
conv_0_20_OFF_float32.tflite,20,2,3.36,2896,2.0323745816077636
conv_0_20_OFF_float32.tflite,20,3,3.364,2896,2.0323745816077636
conv_0_20_OFF_float32.tflite,20,4,3.369,2896,2.0323745816077636
conv_0_20_ON_float32.tflite,20,0,4.291,3680,2.1803022053017633
conv_0_20_ON_float32.tflite,20,1,3.806,3680,2.1803855806189065
conv_0_20_ON_float32.tflite,20,2,3.804,3680,2.1804651116389064
conv_0_20_ON_float32.tflite,20,3,3.802,3680,2.180603687010335
conv_0_20_ON_float32.tflite,20,4,3.803,3680,2.180751981989478
lstm_7_10_OFF_int8.tflite,10,N/A,ERROR_ESP32_MALLOC_FAILED,ERROR_ESP32_MALLOC_FAILED,ERROR_ESP32_MALLOC_FAILED
lstm_5_20_OFF_int8.tflite,20,N/A,ERROR_ESP32_MALLOC_FAILED,ERROR_ESP32_MALLOC_FAILED,ERROR_ESP32_MALLOC_FAILED
conv_8_5_OFF_hybrid.tflite,5,0,8.044,3840,2.0323625612343355
conv_8_5_OFF_hybrid.tflite,5,1,7.824,3840,2.032331692009764
conv_8_5_OFF_hybrid.tflite,5,2,7.822,3840,2.032348381612621
conv_8_5_OFF_hybrid.tflite,5,3,7.818,3840,2.032364249857478
conv_8_5_OFF_hybrid.tflite,5,4,7.806,3840,2.032364394469764
lstm_0_10_OFF_hybrid.tflite,10,N/A,ERROR_TFLITE_INIT_FAILED,ERROR_TFLITE_INIT_FAILED,ERROR_TFLITE_INIT_FAILED
conv_6_10_ON_hybrid.tflite,10,0,13.609,5664,2.0367178343166206
conv_6_10_ON_hybrid.tflite,10,1,13.136,5664,2.036572640030906
conv_6_10_ON_hybrid.tflite,10,2,13.12,5664,2.0366736825917635
conv_6_10_ON_hybrid.tflite,10,3,13.128,5664,2.036696391163192
conv_6_10_ON_hybrid.tflite,10,4,13.118,5664,2.0367029000194776
dense_8_5_OFF_int8.tflite,5,N/A,ERROR_TFLITE_INIT_FAILED,ERROR_TFLITE_INIT_FAILED,ERROR_TFLITE_INIT_FAILED
lstm_9_5_OFF_float32.tflite,5,N/A,ERROR_ESP32_MALLOC_FAILED,ERROR_ESP32_MALLOC_FAILED,ERROR_ESP32_MALLOC_FAILED
lstm_8_20_OFF_int8.tflite,20,N/A,ERROR_ESP32_MALLOC_FAILED,ERROR_ESP32_MALLOC_FAILED,ERROR_ESP32_MALLOC_FAILED
dense_9_20_OFF_hybrid.tflite,20,N/A,ERROR_TFLITE_INIT_FAILED,ERROR_TFLITE_INIT_FAILED,ERROR_TFLITE_INIT_FAILED
conv_8_20_ON_hybrid.tflite,20,N/A,ERROR_TFLITE_INIT_FAILED,ERROR_TFLITE_INIT_FAILED,ERROR_TFLITE_INIT_FAILED
conv_3_20_ON_int8.tflite,20,0,11.225,4084,2.047881481732049
conv_3_20_ON_int8.tflite,20,1,10.45,4084,2.0470096471729065
conv_3_20_ON_int8.tflite,20,2,10.454,4084,2.0430577341949068
conv_3_20_ON_int8.tflite,20,3,10.446,4084,2.0427175561377635
conv_3_20_ON_int8.tflite,20,4,10.454,4084,2.0447035522463346
conv_5_20_ON_float32.tflite,20,N/A,ERROR_TFLITE_INIT_FAILED,ERROR_TFLITE_INIT_FAILED,ERROR_TFLITE_INIT_FAILED
lstm_7_20_OFF_float32.tflite,20,N/A,ERROR_ESP32_MALLOC_FAILED,ERROR_ESP32_MALLOC_FAILED,ERROR_ESP32_MALLOC_FAILED
lstm_3_15_OFF_float32.tflite,15,N/A,ERROR_ESP32_MALLOC_FAILED,ERROR_ESP32_MALLOC_FAILED,ERROR_ESP32_MALLOC_FAILED
conv_0_5_ON_int8.tflite,5,0,2.291,1380,2.170574786218906
conv_0_5_ON_int8.tflite,5,1,1.599,1380,2.1707079003837633
conv_0_5_ON_int8.tflite,5,2,1.596,1380,2.1705981277523345
conv_0_5_ON_int8.tflite,5,3,1.596,1380,2.1714790396951917
conv_0_5_ON_int8.tflite,5,4,1.596,1380,2.1705981277523345
conv_8_10_OFF_float32.tflite,10,0,16.135,4592,2.035393308289764
conv_8_10_OFF_float32.tflite,10,1,15.731,4592,2.035377618289764
conv_8_10_OFF_float32.tflite,10,2,15.73,4592,2.03545570942205
conv_8_10_OFF_float32.tflite,10,3,15.723,4592,2.0355028173000496
conv_8_10_OFF_float32.tflite,10,4,15.731,4592,2.035600206280049
conv_0_15_OFF_int8.tflite,15,0,2.264,1380,2.069439711069478
conv_0_15_OFF_int8.tflite,15,1,1.78,1380,2.074150775050907
conv_0_15_OFF_int8.tflite,15,2,1.776,1380,2.0765475222683354
conv_0_15_OFF_int8.tflite,15,3,1.781,1380,2.081299215599764
conv_0_15_OFF_int8.tflite,15,4,1.775,1380,2.0808867155920496
lstm_0_20_OFF_hybrid.tflite,20,N/A,ERROR_TFLITE_INIT_FAILED,ERROR_TFLITE_INIT_FAILED,ERROR_TFLITE_INIT_FAILED
dense_0_5_OFF_float32.tflite,5,0,0.563,1376,2.031918972748907
dense_0_5_OFF_float32.tflite,5,1,0.333,1376,2.031918972748907
dense_0_5_OFF_float32.tflite,5,2,0.328,1376,2.031918745279478
dense_0_5_OFF_float32.tflite,5,3,0.328,1376,2.031934686708049
dense_0_5_OFF_float32.tflite,5,4,0.328,1376,2.031918745279478
conv_4_5_OFF_int8.tflite,5,0,2.768,2308,2.0367730334763348
conv_4_5_OFF_int8.tflite,5,1,2.28,2308,2.0367730334763348
conv_4_5_OFF_int8.tflite,5,2,2.276,2308,2.036002727762049
conv_4_5_OFF_int8.tflite,5,3,2.284,2308,2.038581686333478
conv_4_5_OFF_int8.tflite,5,4,2.276,2308,2.0367730334763348
dense_9_10_OFF_hybrid.tflite,10,N/A,ERROR_TFLITE_INIT_FAILED,ERROR_TFLITE_INIT_FAILED,ERROR_TFLITE_INIT_FAILED
lstm_9_10_OFF_int8.tflite,10,N/A,ERROR_ESP32_MALLOC_FAILED,ERROR_ESP32_MALLOC_FAILED,ERROR_ESP32_MALLOC_FAILED
conv_2_10_OFF_float32.tflite,10,0,5.669,2864,1.9580841898071921
conv_2_10_OFF_float32.tflite,10,1,5.331,2864,1.9583625989423352
conv_2_10_OFF_float32.tflite,10,2,5.34,2864,1.9588948925166207
conv_2_10_OFF_float32.tflite,10,3,5.331,2864,1.9585376583851921
conv_2_10_OFF_float32.tflite,10,4,5.341,2864,1.9585346627709062
conv_0_10_ON_hybrid.tflite,10,0,2.729,2400,2.232277165901478
conv_0_10_ON_hybrid.tflite,10,1,2.264,2400,2.2323586512071922
conv_0_10_ON_hybrid.tflite,10,2,2.249,2400,2.2322888640806213
conv_0_10_ON_hybrid.tflite,10,3,2.252,2400,2.2321951397949062
conv_0_10_ON_hybrid.tflite,10,4,2.249,2400,2.231783246872049
lstm_9_15_OFF_float32.tflite,15,N/A,ERROR_ESP32_MALLOC_FAILED,ERROR_ESP32_MALLOC_FAILED,ERROR_ESP32_MALLOC_FAILED
conv_5_5_OFF_float32.tflite,5,0,5.532,2976,2.0195913766080493
conv_5_5_OFF_float32.tflite,5,1,5.306,2976,2.0193138070566206
conv_5_5_OFF_float32.tflite,5,2,5.302,2976,2.019162195668906
conv_5_5_OFF_float32.tflite,5,3,5.306,2976,2.0196293558823353
conv_5_5_OFF_float32.tflite,5,4,5.303,2976,2.0194465790566207
lstm_4_10_OFF_int8.tflite,10,N/A,ERROR_ESP32_MALLOC_FAILED,ERROR_ESP32_MALLOC_FAILED,ERROR_ESP32_MALLOC_FAILED
lstm_6_20_OFF_int8.tflite,20,N/A,ERROR_ESP32_MALLOC_FAILED,ERROR_ESP32_MALLOC_FAILED,ERROR_ESP32_MALLOC_FAILED
dense_3_15_OFF_hybrid.tflite,15,N/A,ERROR_TFLITE_INIT_FAILED,ERROR_TFLITE_INIT_FAILED,ERROR_TFLITE_INIT_FAILED
conv_4_5_ON_int8.tflite,5,0,4.551,3476,2.4576639533929066
conv_4_5_ON_int8.tflite,5,1,3.773,3476,2.450275323387192
conv_4_5_ON_int8.tflite,5,2,3.764,3476,2.450275323387192
conv_4_5_ON_int8.tflite,5,3,3.774,3476,2.453576045487192
conv_4_5_ON_int8.tflite,5,4,3.764,3476,2.4561856834977633
conv_9_10_ON_int8.tflite,10,0,12.673,6372,2.027675847372906
conv_9_10_ON_int8.tflite,10,1,11.953,6372,2.0282308173729064
conv_9_10_ON_int8.tflite,10,2,11.958,6372,2.0282308173729064
conv_9_10_ON_int8.tflite,10,3,11.949,6372,2.0282308173729064
conv_9_10_ON_int8.tflite,10,4,11.966,6372,2.027125223087192
conv_3_15_OFF_int8.tflite,15,0,5.431,2452,2.047710803089764
conv_3_15_OFF_int8.tflite,15,1,4.919,2452,2.047710803089764
conv_3_15_OFF_int8.tflite,15,2,4.919,2452,2.047710803089764
conv_3_15_OFF_int8.tflite,15,3,4.912,2452,2.047710803089764
conv_3_15_OFF_int8.tflite,15,4,4.92,2452,2.047710803089764
conv_6_15_OFF_hybrid.tflite,15,0,18.757,4656,2.0302669723771922
conv_6_15_OFF_hybrid.tflite,15,1,18.329,4656,2.0302669723771922
conv_6_15_OFF_hybrid.tflite,15,2,18.34,4656,2.030235738091478
conv_6_15_OFF_hybrid.tflite,15,3,18.321,4656,2.030219244611478
conv_6_15_OFF_hybrid.tflite,15,4,18.341,4656,2.030155269395192
conv_5_10_ON_float32.tflite,10,0,11.823,5136,2.034753378074049
conv_5_10_ON_float32.tflite,10,1,11.327,5136,2.034880645940621
conv_5_10_ON_float32.tflite,10,2,11.319,5136,2.03520016784062
conv_5_10_ON_float32.tflite,10,3,11.331,5136,2.0349382051597638
conv_5_10_ON_float32.tflite,10,4,11.315,5136,2.0352319285834777
dense_7_10_OFF_float32.tflite,10,N/A,ERROR_TFLITE_INIT_FAILED,ERROR_TFLITE_INIT_FAILED,ERROR_TFLITE_INIT_FAILED
conv_9_10_OFF_hybrid.tflite,10,0,17.745,4880,2.062231795738621
conv_9_10_OFF_hybrid.tflite,10,1,17.464,4880,2.0619971054283353
conv_9_10_OFF_hybrid.tflite,10,2,17.463,4880,2.061944287183478
conv_9_10_OFF_hybrid.tflite,10,3,17.452,4880,2.062245258269192
conv_9_10_OFF_hybrid.tflite,10,4,17.462,4880,2.0628110214011923
conv_0_5_OFF_float32.tflite,5,0,1.312,1408,1.978262293496335
conv_0_5_OFF_float32.tflite,5,1,1.09,1408,1.9804120996146206
conv_0_5_OFF_float32.tflite,5,2,1.086,1408,1.9821459790386202
conv_0_5_OFF_float32.tflite,5,3,1.09,1408,1.9808856064520497
conv_0_5_OFF_float32.tflite,5,4,1.086,1408,1.9798574250969068
conv_1_10_ON_hybrid.tflite,10,0,4.523,3040,2.038589156336335
conv_1_10_ON_hybrid.tflite,10,1,4.098,3040,2.0385671605677635
conv_1_10_ON_hybrid.tflite,10,2,4.079,3040,2.0387122491391927
conv_1_10_ON_hybrid.tflite,10,3,4.087,3040,2.038582381996335
conv_1_10_ON_hybrid.tflite,10,4,4.087,3040,2.0385337388126206
dense_7_15_OFF_int8.tflite,15,0,3.269,5780,2.039114617322049
dense_7_15_OFF_int8.tflite,15,1,2.855,5780,2.039114617322049
dense_7_15_OFF_int8.tflite,15,2,2.84,5780,2.039114617322049
dense_7_15_OFF_int8.tflite,15,3,2.85,5780,2.039114617322049
dense_7_15_OFF_int8.tflite,15,4,2.848,5780,2.039114617322049
lstm_5_10_OFF_float32.tflite,10,N/A,ERROR_ESP32_MALLOC_FAILED,ERROR_ESP32_MALLOC_FAILED,ERROR_ESP32_MALLOC_FAILED
dense_5_5_OFF_float32.tflite,5,N/A,ERROR_TFLITE_INIT_FAILED,ERROR_TFLITE_INIT_FAILED,ERROR_TFLITE_INIT_FAILED
lstm_5_20_OFF_hybrid.tflite,20,N/A,ERROR_ESP32_MALLOC_FAILED,ERROR_ESP32_MALLOC_FAILED,ERROR_ESP32_MALLOC_FAILED
conv_0_10_ON_float32.tflite,10,0,2.718,2400,2.232277165901478
conv_0_10_ON_float32.tflite,10,1,2.244,2400,2.2323586512071922
conv_0_10_ON_float32.tflite,10,2,2.241,2400,2.2322888640806213
conv_0_10_ON_float32.tflite,10,3,2.235,2400,2.2321951397949062
conv_0_10_ON_float32.tflite,10,4,2.24,2400,2.231783246872049
conv_3_15_OFF_hybrid.tflite,15,0,10.77,3792,2.0519826947374775
conv_3_15_OFF_hybrid.tflite,15,1,10.462,3792,2.0517553245223352
conv_3_15_OFF_hybrid.tflite,15,2,10.466,3792,2.051471427776621
conv_3_15_OFF_hybrid.tflite,15,3,10.461,3792,2.0511256738880492
conv_3_15_OFF_hybrid.tflite,15,4,10.458,3792,2.051487264318335
conv_7_20_ON_int8.tflite,20,0,21.122,6436,2.2308283202054775
conv_7_20_ON_int8.tflite,20,1,20.344,6436,2.2362218734080495
conv_7_20_ON_int8.tflite,20,2,20.349,6436,2.235110304322335
conv_7_20_ON_int8.tflite,20,3,20.34,6436,2.234790026739478
conv_7_20_ON_int8.tflite,20,4,20.349,6436,2.2325956649089065
dense_6_15_OFF_hybrid.tflite,15,N/A,ERROR_TFLITE_INIT_FAILED,ERROR_TFLITE_INIT_FAILED,ERROR_TFLITE_INIT_FAILED
conv_1_5_OFF_int8.tflite,5,0,1.801,1444,2.111364742186049
conv_1_5_OFF_int8.tflite,5,1,1.301,1444,2.0976937298489067
conv_1_5_OFF_int8.tflite,5,2,1.297,1444,2.111364742186049
conv_1_5_OFF_int8.tflite,5,3,1.297,1444,2.111364742186049
conv_1_5_OFF_int8.tflite,5,4,1.297,1444,2.123614209733192
dense_9_15_OFF_hybrid.tflite,15,N/A,ERROR_TFLITE_INIT_FAILED,ERROR_TFLITE_INIT_FAILED,ERROR_TFLITE_INIT_FAILED
conv_6_10_OFF_hybrid.tflite,10,0,12.665,4016,2.054336176519192
conv_6_10_OFF_hybrid.tflite,10,1,12.26,4016,2.054470383116335
conv_6_10_OFF_hybrid.tflite,10,2,12.257,4016,2.054581767336335
conv_6_10_OFF_hybrid.tflite,10,3,12.265,4016,2.0547529512134775
conv_6_10_OFF_hybrid.tflite,10,4,12.261,4016,2.0547875020306203
conv_2_5_ON_hybrid.tflite,5,0,3.746,2816,2.0330479218651925
conv_2_5_ON_hybrid.tflite,5,1,3.279,2816,2.0330479218651925
conv_2_5_ON_hybrid.tflite,5,2,3.262,2816,2.0330479218651925
conv_2_5_ON_hybrid.tflite,5,3,3.267,2816,2.0330479218651925
conv_2_5_ON_hybrid.tflite,5,4,3.271,2816,2.0330479218651925
dense_4_20_OFF_int8.tflite,20,0,2.387,4196,2.026696981141192
dense_4_20_OFF_int8.tflite,20,1,1.99,4196,2.026696981141192
dense_4_20_OFF_int8.tflite,20,2,1.966,4196,2.026696981141192
dense_4_20_OFF_int8.tflite,20,3,1.97,4196,2.0272911739983352
dense_4_20_OFF_int8.tflite,20,4,1.973,4196,2.0272911739983352
conv_5_15_ON_float32.tflite,15,0,17.121,5776,2.0395141534526204
conv_5_15_ON_float32.tflite,15,1,16.628,5776,2.039556419967764
conv_5_15_ON_float32.tflite,15,2,16.624,5776,2.039280753224335
conv_5_15_ON_float32.tflite,15,3,16.621,5776,2.0397166679351924
conv_5_15_ON_float32.tflite,15,4,16.616,5776,2.039361951697478
dense_6_10_OFF_int8.tflite,10,0,2.897,5172,2.0329867399374777
dense_6_10_OFF_int8.tflite,10,1,2.485,5172,2.0329867399374777
dense_6_10_OFF_int8.tflite,10,2,2.469,5172,2.0329867399374777
dense_6_10_OFF_int8.tflite,10,3,2.473,5172,2.0329867399374777
dense_6_10_OFF_int8.tflite,10,4,2.469,5172,2.0329867399374777
dense_3_10_OFF_hybrid.tflite,10,N/A,ERROR_TFLITE_INIT_FAILED,ERROR_TFLITE_INIT_FAILED,ERROR_TFLITE_INIT_FAILED
lstm_1_15_OFF_float32.tflite,15,N/A,ERROR_TFLITE_INIT_FAILED,ERROR_TFLITE_INIT_FAILED,ERROR_TFLITE_INIT_FAILED
dense_9_20_OFF_int8.tflite,20,N/A,ERROR_TFLITE_INIT_FAILED,ERROR_TFLITE_INIT_FAILED,ERROR_TFLITE_INIT_FAILED
lstm_5_20_OFF_float32.tflite,20,N/A,ERROR_ESP32_MALLOC_FAILED,ERROR_ESP32_MALLOC_FAILED,ERROR_ESP32_MALLOC_FAILED
conv_2_10_ON_hybrid.tflite,10,0,6.42,3568,2.0542019434014778
conv_2_10_ON_hybrid.tflite,10,1,5.9,3568,2.0542441755651923
conv_2_10_ON_hybrid.tflite,10,2,5.888,3568,2.0542345465889063
conv_2_10_ON_hybrid.tflite,10,3,5.896,3568,2.054459322283192
conv_2_10_ON_hybrid.tflite,10,4,5.888,3568,2.054257693657478
conv_9_15_OFF_hybrid.tflite,15,0,26.468,5520,2.031714964335192
conv_9_15_OFF_hybrid.tflite,15,1,26.196,5520,2.0317810543351924
conv_9_15_OFF_hybrid.tflite,15,2,26.191,5520,2.031752720033192
conv_9_15_OFF_hybrid.tflite,15,3,26.183,5520,2.031720828604621
conv_9_15_OFF_hybrid.tflite,15,4,26.183,5520,2.031676558588335
conv_0_20_OFF_int8.tflite,20,0,2.666,1508,2.031749968750621
conv_0_20_OFF_int8.tflite,20,1,2.178,1508,2.031749968750621
conv_0_20_OFF_int8.tflite,20,2,2.174,1508,2.031749968750621
conv_0_20_OFF_int8.tflite,20,3,2.169,1508,2.031749968750621
conv_0_20_OFF_int8.tflite,20,4,2.165,1508,2.031749968750621
dense_7_20_OFF_float32.tflite,20,N/A,ERROR_TFLITE_INIT_FAILED,ERROR_TFLITE_INIT_FAILED,ERROR_TFLITE_INIT_FAILED
conv_2_10_OFF_int8.tflite,10,0,3.299,2004,1.9611225093277636
conv_2_10_OFF_int8.tflite,10,1,2.806,2004,1.9615912316077637
conv_2_10_OFF_int8.tflite,10,2,2.803,2004,1.9525351260706205
conv_2_10_OFF_int8.tflite,10,3,2.808,2004,1.9525351260706205
conv_2_10_OFF_int8.tflite,10,4,2.803,2004,1.9615912316077637
dense_3_15_OFF_float32.tflite,15,N/A,ERROR_TFLITE_INIT_FAILED,ERROR_TFLITE_INIT_FAILED,ERROR_TFLITE_INIT_FAILED
dense_9_5_OFF_int8.tflite,5,N/A,ERROR_TFLITE_INIT_FAILED,ERROR_TFLITE_INIT_FAILED,ERROR_TFLITE_INIT_FAILED
conv_3_10_ON_hybrid.tflite,10,0,8.265,4096,2.051890164887478
conv_3_10_ON_hybrid.tflite,10,1,7.697,4096,2.051970119908335
conv_3_10_ON_hybrid.tflite,10,2,7.697,4096,2.0521270549834774
conv_3_10_ON_hybrid.tflite,10,3,7.701,4096,2.052191818221478
conv_3_10_ON_hybrid.tflite,10,4,7.697,4096,2.051914266074049
lstm_5_15_OFF_int8.tflite,15,N/A,ERROR_ESP32_MALLOC_FAILED,ERROR_ESP32_MALLOC_FAILED,ERROR_ESP32_MALLOC_FAILED
conv_2_20_OFF_float32.tflite,20,0,10.734,4384,2.052654175947478
conv_2_20_OFF_float32.tflite,20,1,10.452,4384,2.0526022574466207
conv_2_20_OFF_float32.tflite,20,2,10.45,4384,2.0523104170494775
conv_2_20_OFF_float32.tflite,20,3,10.461,4384,2.053040551732335
conv_2_20_OFF_float32.tflite,20,4,10.46,4384,2.053249158875192
dense_6_10_OFF_hybrid.tflite,10,N/A,ERROR_TFLITE_INIT_FAILED,ERROR_TFLITE_INIT_FAILED,ERROR_TFLITE_INIT_FAILED
conv_6_15_OFF_float32.tflite,15,0,18.669,4656,2.0302669723771922
conv_6_15_OFF_float32.tflite,15,1,18.332,4656,2.0302669723771922
conv_6_15_OFF_float32.tflite,15,2,18.333,4656,2.030235738091478
conv_6_15_OFF_float32.tflite,15,3,18.32,4656,2.030219244611478
conv_6_15_OFF_float32.tflite,15,4,18.332,4656,2.030155269395192
conv_2_20_ON_int8.tflite,20,0,8.457,3268,2.0328447073697635
conv_2_20_ON_int8.tflite,20,1,7.66,3268,2.033449621655478
conv_2_20_ON_int8.tflite,20,2,7.667,3268,2.033470443309764
conv_2_20_ON_int8.tflite,20,3,7.66,3268,2.033470443309764
conv_2_20_ON_int8.tflite,20,4,7.659,3268,2.033470443309764
lstm_8_15_OFF_int8.tflite,15,N/A,ERROR_ESP32_MALLOC_FAILED,ERROR_ESP32_MALLOC_FAILED,ERROR_ESP32_MALLOC_FAILED
conv_0_15_ON_float32.tflite,15,0,3.527,3040,2.231296198632049
conv_0_15_ON_float32.tflite,15,1,3.019,3040,2.2311180736111917
conv_0_15_ON_float32.tflite,15,2,3.015,3040,2.2308705743160497
conv_0_15_ON_float32.tflite,15,3,2.999,3040,2.230806808209478
conv_0_15_ON_float32.tflite,15,4,3.015,3040,2.2308046139237634
conv_3_10_OFF_hybrid.tflite,10,0,7.377,3152,2.0333592887506207
conv_3_10_OFF_hybrid.tflite,10,1,7.065,3152,2.033375313036335
conv_3_10_OFF_hybrid.tflite,10,2,7.061,3152,2.033375313036335
conv_3_10_OFF_hybrid.tflite,10,3,7.057,3152,2.0333127244649067
conv_3_10_OFF_hybrid.tflite,10,4,7.061,3152,2.0333127244649067
dense_2_20_OFF_int8.tflite,20,0,1.754,3108,2.108728772321192
dense_2_20_OFF_int8.tflite,20,1,1.33,3108,2.108728772321192
dense_2_20_OFF_int8.tflite,20,2,1.314,3108,2.108728772321192
dense_2_20_OFF_int8.tflite,20,3,1.319,3108,2.118634854664049
dense_2_20_OFF_int8.tflite,20,4,1.323,3108,2.118634854664049
conv_7_5_OFF_int8.tflite,5,0,3.767,3172,2.036191500353478
conv_7_5_OFF_int8.tflite,5,1,3.259,3172,2.036540548236335
conv_7_5_OFF_int8.tflite,5,2,3.26,3172,2.036540548236335
conv_7_5_OFF_int8.tflite,5,3,3.256,3172,2.036191500353478
conv_7_5_OFF_int8.tflite,5,4,3.252,3172,2.036191500353478
dense_0_10_OFF_int8.tflite,10,0,1.137,2132,2.031729426113478
dense_0_10_OFF_int8.tflite,10,1,0.756,2132,2.031729426113478
dense_0_10_OFF_int8.tflite,10,2,0.743,2132,2.031729426113478
dense_0_10_OFF_int8.tflite,10,3,0.748,2132,2.031729426113478
dense_0_10_OFF_int8.tflite,10,4,0.744,2132,2.031729426113478
conv_9_15_ON_int8.tflite,15,0,18.089,6532,2.0440054219440493
conv_9_15_ON_int8.tflite,15,1,17.331,6532,2.0465974176583352
conv_9_15_ON_int8.tflite,15,2,17.326,6532,2.0465974176583352
conv_9_15_ON_int8.tflite,15,3,17.326,6532,2.044111096455478
conv_9_15_ON_int8.tflite,15,4,17.333,6532,2.0440054219440493
dense_1_20_OFF_float32.tflite,20,0,0.815,2400,2.0330690973163352
dense_1_20_OFF_float32.tflite,20,1,0.545,2400,2.0329904616020498
dense_1_20_OFF_float32.tflite,20,2,0.532,2400,2.0330063973163357
dense_1_20_OFF_float32.tflite,20,3,0.532,2400,2.0330063973163357
dense_1_20_OFF_float32.tflite,20,4,0.532,2400,2.0330063973163357
conv_0_20_ON_hybrid.tflite,20,0,4.275,3680,2.1803022053017633
conv_0_20_ON_hybrid.tflite,20,1,3.803,3680,2.1803855806189065
conv_0_20_ON_hybrid.tflite,20,2,3.812,3680,2.1804651116389064
conv_0_20_ON_hybrid.tflite,20,3,3.798,3680,2.180603687010335
conv_0_20_ON_hybrid.tflite,20,4,3.804,3680,2.180751981989478
dense_5_15_OFF_float32.tflite,15,N/A,ERROR_TFLITE_INIT_FAILED,ERROR_TFLITE_INIT_FAILED,ERROR_TFLITE_INIT_FAILED
conv_1_20_ON_float32.tflite,20,0,7.912,4320,2.0340038099254776
conv_1_20_ON_float32.tflite,20,1,7.451,4320,2.0340038099254776
conv_1_20_ON_float32.tflite,20,2,7.423,4320,2.0340038099254776
conv_1_20_ON_float32.tflite,20,3,7.435,4320,2.0340038099254776
conv_1_20_ON_float32.tflite,20,4,7.432,4320,2.0340038099254776
conv_4_5_ON_hybrid.tflite,5,0,5.445,3856,2.4585560304831917
conv_4_5_ON_hybrid.tflite,5,1,5.068,3856,2.4590139623631915
conv_4_5_ON_hybrid.tflite,5,2,5.061,3856,2.4588440624174774
conv_4_5_ON_hybrid.tflite,5,3,5.068,3856,2.4581553814274777
conv_4_5_ON_hybrid.tflite,5,4,5.06,3856,2.4577468359843344
conv_2_15_ON_hybrid.tflite,15,0,8.907,4208,2.307833098040335
conv_2_15_ON_hybrid.tflite,15,1,8.47,4208,2.306944770799478
conv_2_15_ON_hybrid.tflite,15,2,8.462,4208,2.3043357743374777
conv_2_15_ON_hybrid.tflite,15,3,8.47,4208,2.299625648234335
conv_2_15_ON_hybrid.tflite,15,4,8.451,4208,2.2907312240697633
conv_0_5_OFF_hybrid.tflite,5,0,1.32,1408,1.978262293496335
conv_0_5_OFF_hybrid.tflite,5,1,1.09,1408,1.9804120996146206
conv_0_5_OFF_hybrid.tflite,5,2,1.086,1408,1.9821459790386202
conv_0_5_OFF_hybrid.tflite,5,3,1.09,1408,1.9808856064520497
conv_0_5_OFF_hybrid.tflite,5,4,1.086,1408,1.9798574250969068
conv_9_5_ON_hybrid.tflite,5,0,9.928,6480,2.0353639965900494
conv_9_5_ON_hybrid.tflite,5,1,9.551,6480,2.035315506192906
conv_9_5_ON_hybrid.tflite,5,2,9.542,6480,2.035394774355763
conv_9_5_ON_hybrid.tflite,5,3,9.538,6480,2.035315506192906
conv_9_5_ON_hybrid.tflite,5,4,9.542,6480,2.0353308343557632
conv_8_20_OFF_hybrid.tflite,20,N/A,ERROR_TFLITE_INIT_FAILED,ERROR_TFLITE_INIT_FAILED,ERROR_TFLITE_INIT_FAILED
lstm_9_5_OFF_int8.tflite,5,N/A,ERROR_ESP32_MALLOC_FAILED,ERROR_ESP32_MALLOC_FAILED,ERROR_ESP32_MALLOC_FAILED
lstm_4_10_OFF_hybrid.tflite,10,N/A,ERROR_TFLITE_INIT_FAILED,ERROR_TFLITE_INIT_FAILED,ERROR_TFLITE_INIT_FAILED
conv_4_20_OFF_float32.tflite,20,0,19.749,5728,2.0301723113566212
conv_4_20_OFF_float32.tflite,20,1,19.451,5728,2.0301089853574785
conv_4_20_OFF_float32.tflite,20,2,19.456,5728,2.030140527479478
conv_4_20_OFF_float32.tflite,20,3,19.444,5728,2.030093517112621
conv_4_20_OFF_float32.tflite,20,4,19.453,5728,2.030062000704907
conv_0_15_OFF_float32.tflite,15,0,2.84,2400,2.0725488607031926
conv_0_15_OFF_float32.tflite,15,1,2.614,2400,2.0723524391329065
conv_0_15_OFF_float32.tflite,15,2,2.603,2400,2.072134507768049
conv_0_15_OFF_float32.tflite,15,3,2.606,2400,2.072112400304621
conv_0_15_OFF_float32.tflite,15,4,2.602,2400,2.0717264098529062
lstm_3_15_OFF_int8.tflite,15,N/A,ERROR_ESP32_MALLOC_FAILED,ERROR_ESP32_MALLOC_FAILED,ERROR_ESP32_MALLOC_FAILED
conv_1_5_OFF_hybrid.tflite,5,0,2.151,1824,2.085976242546049
conv_1_5_OFF_hybrid.tflite,5,1,1.938,1824,2.0858956664706207
conv_1_5_OFF_hybrid.tflite,5,2,1.925,1824,2.0860578642826204
conv_1_5_OFF_hybrid.tflite,5,3,1.93,1824,2.086011964547478
conv_1_5_OFF_hybrid.tflite,5,4,1.926,1824,2.0862676987969064
conv_3_15_ON_hybrid.tflite,15,0,11.642,4736,2.0549116835569063
conv_3_15_ON_hybrid.tflite,15,1,11.19,4736,2.0551084948443346
conv_3_15_ON_hybrid.tflite,15,2,11.186,4736,2.0550509088789064
conv_3_15_ON_hybrid.tflite,15,3,11.182,4736,2.0551683593474785
conv_3_15_ON_hybrid.tflite,15,4,11.186,4736,2.0549746287160495
dense_9_10_OFF_float32.tflite,10,N/A,ERROR_TFLITE_INIT_FAILED,ERROR_TFLITE_INIT_FAILED,ERROR_TFLITE_INIT_FAILED
conv_4_20_ON_float32.tflite,20,0,20.802,6912,2.0348379780906205
conv_4_20_ON_float32.tflite,20,1,20.39,6912,2.034547800726907
conv_4_20_ON_float32.tflite,20,2,20.375,6912,2.0343017363897635
conv_4_20_ON_float32.tflite,20,3,20.378,6912,2.0339381378346206
conv_4_20_ON_float32.tflite,20,4,20.369,6912,2.0336847781146203
conv_1_20_ON_hybrid.tflite,20,0,7.87,4320,2.0340038099254776
conv_1_20_ON_hybrid.tflite,20,1,7.443,4320,2.0340038099254776
conv_1_20_ON_hybrid.tflite,20,2,7.431,4320,2.0340038099254776
conv_1_20_ON_hybrid.tflite,20,3,7.435,4320,2.0340038099254776
conv_1_20_ON_hybrid.tflite,20,4,7.423,4320,2.0340038099254776
lstm_7_15_OFF_float32.tflite,15,N/A,ERROR_ESP32_MALLOC_FAILED,ERROR_ESP32_MALLOC_FAILED,ERROR_ESP32_MALLOC_FAILED
lstm_8_5_OFF_float32.tflite,5,N/A,ERROR_ESP32_MALLOC_FAILED,ERROR_ESP32_MALLOC_FAILED,ERROR_ESP32_MALLOC_FAILED
dense_8_20_OFF_hybrid.tflite,20,N/A,ERROR_TFLITE_INIT_FAILED,ERROR_TFLITE_INIT_FAILED,ERROR_TFLITE_INIT_FAILED
conv_9_10_OFF_int8.tflite,10,0,8.131,4020,2.0636919235140496
conv_9_10_OFF_int8.tflite,10,1,7.595,4020,2.0657860026737636
conv_9_10_OFF_int8.tflite,10,2,7.586,4020,2.0607108769594777
conv_9_10_OFF_int8.tflite,10,3,7.59,4020,2.0607108769594777
conv_9_10_OFF_int8.tflite,10,4,7.595,4020,2.0607108769594777
lstm_3_20_OFF_float32.tflite,20,N/A,ERROR_ESP32_MALLOC_FAILED,ERROR_ESP32_MALLOC_FAILED,ERROR_ESP32_MALLOC_FAILED
lstm_1_10_OFF_hybrid.tflite,10,N/A,ERROR_TFLITE_INIT_FAILED,ERROR_TFLITE_INIT_FAILED,ERROR_TFLITE_INIT_FAILED
conv_4_20_ON_int8.tflite,20,0,13.363,4612,2.0359363333097638
conv_4_20_ON_int8.tflite,20,1,12.612,4612,2.036541247595478
conv_4_20_ON_int8.tflite,20,2,12.622,4612,2.036541247595478
conv_4_20_ON_int8.tflite,20,3,12.605,4612,2.0314744662877633
conv_4_20_ON_int8.tflite,20,4,12.614,4612,2.0314744662877633
conv_6_20_OFF_int8.tflite,20,0,12.415,3972,2.031729426113478
conv_6_20_OFF_int8.tflite,20,1,11.919,3972,2.031729426113478
conv_6_20_OFF_int8.tflite,20,2,11.911,3972,2.031729426113478
conv_6_20_OFF_int8.tflite,20,3,11.903,3972,2.031729426113478
conv_6_20_OFF_int8.tflite,20,4,11.918,3972,2.031729426113478
conv_4_10_OFF_int8.tflite,10,0,4.666,2580,2.0317248013820497
conv_4_10_OFF_int8.tflite,10,1,4.174,2580,2.031749968750621
conv_4_10_OFF_int8.tflite,10,2,4.182,2580,2.0317248013820497
conv_4_10_OFF_int8.tflite,10,3,4.167,2580,2.0317248013820497
conv_4_10_OFF_int8.tflite,10,4,4.181,2580,2.0317248013820497
lstm_3_10_OFF_float32.tflite,10,N/A,ERROR_TFLITE_INIT_FAILED,ERROR_TFLITE_INIT_FAILED,ERROR_TFLITE_INIT_FAILED
conv_5_15_OFF_int8.tflite,15,0,7.502,3028,2.0203722633049064
conv_5_15_OFF_int8.tflite,15,1,7.001,3028,2.022446003998049
conv_5_15_OFF_int8.tflite,15,2,7.011,3028,2.020903690899192
conv_5_15_OFF_int8.tflite,15,3,7.002,3028,2.0203722633049064
conv_5_15_OFF_int8.tflite,15,4,7.011,3028,2.020903690899192
dense_7_20_OFF_hybrid.tflite,20,N/A,ERROR_TFLITE_INIT_FAILED,ERROR_TFLITE_INIT_FAILED,ERROR_TFLITE_INIT_FAILED
conv_8_15_OFF_float32.tflite,15,0,23.993,5232,2.030014494619192
conv_8_15_OFF_float32.tflite,15,1,23.576,5232,2.030030347476335
conv_8_15_OFF_float32.tflite,15,2,23.577,5232,2.0299855489706204
conv_8_15_OFF_float32.tflite,15,3,23.573,5232,2.0299538518277633
conv_8_15_OFF_float32.tflite,15,4,23.577,5232,2.0298648101220493
lstm_7_5_OFF_float32.tflite,5,N/A,ERROR_TFLITE_INIT_FAILED,ERROR_TFLITE_INIT_FAILED,ERROR_TFLITE_INIT_FAILED
conv_1_5_ON_int8.tflite,5,0,2.918,1908,2.0366834814146206
conv_1_5_ON_int8.tflite,5,1,2.142,1908,2.0366834814146206
conv_1_5_ON_int8.tflite,5,2,2.139,1908,2.0366834814146206
conv_1_5_ON_int8.tflite,5,3,2.147,1908,2.0366834814146206
conv_1_5_ON_int8.tflite,5,4,2.138,1908,2.035593640900335
conv_8_15_OFF_int8.tflite,15,0,10.635,3892,2.029381668456335
conv_8_15_OFF_int8.tflite,15,1,10.131,3892,2.0299975898849065
conv_8_15_OFF_int8.tflite,15,2,10.135,3892,2.029381668456335
conv_8_15_OFF_int8.tflite,15,3,10.127,3892,2.029381668456335
conv_8_15_OFF_int8.tflite,15,4,10.135,3892,2.028274445084907
conv_2_20_OFF_hybrid.tflite,20,N/A,ERROR_TFLITE_INIT_FAILED,ERROR_TFLITE_INIT_FAILED,ERROR_TFLITE_INIT_FAILED
conv_2_5_OFF_int8.tflite,5,0,2.108,1732,2.1106537915706207
conv_2_5_OFF_int8.tflite,5,1,1.628,1732,2.1744949992277633
conv_2_5_OFF_int8.tflite,5,2,1.624,1732,2.1744949992277633
conv_2_5_OFF_int8.tflite,5,3,1.623,1732,2.1744949992277633
conv_2_5_OFF_int8.tflite,5,4,1.624,1732,2.1874037621420492
conv_2_5_OFF_hybrid.tflite,5,0,3.111,2112,2.1502165253829064
conv_2_5_OFF_hybrid.tflite,5,1,2.774,2112,2.150451064211478
conv_2_5_OFF_hybrid.tflite,5,2,2.774,2112,2.1462548375229065
conv_2_5_OFF_hybrid.tflite,5,3,2.779,2112,2.1488303143914775
conv_2_5_OFF_hybrid.tflite,5,4,2.774,2112,2.149080350608621
conv_0_15_ON_hybrid.tflite,15,0,3.504,3040,2.231296198632049
conv_0_15_ON_hybrid.tflite,15,1,3.024,3040,2.2311180736111917
conv_0_15_ON_hybrid.tflite,15,2,3.023,3040,2.2308705743160497
conv_0_15_ON_hybrid.tflite,15,3,3.015,3040,2.230806808209478
conv_0_15_ON_hybrid.tflite,15,4,3.02,3040,2.2308046139237634
lstm_4_15_OFF_hybrid.tflite,15,N/A,ERROR_ESP32_MALLOC_FAILED,ERROR_ESP32_MALLOC_FAILED,ERROR_ESP32_MALLOC_FAILED
lstm_2_10_OFF_int8.tflite,10,N/A,ERROR_TFLITE_INIT_FAILED,ERROR_TFLITE_INIT_FAILED,ERROR_TFLITE_INIT_FAILED
lstm_0_20_OFF_int8.tflite,20,N/A,ERROR_TFLITE_INIT_FAILED,ERROR_TFLITE_INIT_FAILED,ERROR_TFLITE_INIT_FAILED
conv_2_20_ON_hybrid.tflite,20,N/A,ERROR_TFLITE_INIT_FAILED,ERROR_TFLITE_INIT_FAILED,ERROR_TFLITE_INIT_FAILED
dense_9_20_OFF_float32.tflite,20,N/A,ERROR_TFLITE_INIT_FAILED,ERROR_TFLITE_INIT_FAILED,ERROR_TFLITE_INIT_FAILED
conv_7_20_OFF_hybrid.tflite,20,N/A,ERROR_TFLITE_INIT_FAILED,ERROR_TFLITE_INIT_FAILED,ERROR_TFLITE_INIT_FAILED
lstm_2_5_OFF_float32.tflite,5,N/A,ERROR_TFLITE_INIT_FAILED,ERROR_TFLITE_INIT_FAILED,ERROR_TFLITE_INIT_FAILED
dense_2_20_OFF_hybrid.tflite,20,N/A,ERROR_TFLITE_INIT_FAILED,ERROR_TFLITE_INIT_FAILED,ERROR_TFLITE_INIT_FAILED
conv_4_10_OFF_float32.tflite,10,0,9.183,3440,2.0333589824314777
conv_4_10_OFF_float32.tflite,10,1,8.799,3440,2.0333748838600494
conv_4_10_OFF_float32.tflite,10,2,8.79,3440,2.033408718869478
conv_4_10_OFF_float32.tflite,10,3,8.799,3440,2.033392823155192
conv_4_10_OFF_float32.tflite,10,4,8.791,3440,2.0334892678380494
conv_1_20_ON_int8.tflite,20,0,6.284,2500,2.0338105207469064
conv_1_20_ON_int8.tflite,20,1,5.477,2500,2.0338105207469064
conv_1_20_ON_int8.tflite,20,2,5.482,2500,2.0338105207469064
conv_1_20_ON_int8.tflite,20,3,5.479,2500,2.0338105207469064
conv_1_20_ON_int8.tflite,20,4,5.49,2500,2.0338105207469064
conv_3_20_ON_hybrid.tflite,20,N/A,ERROR_TFLITE_INIT_FAILED,ERROR_TFLITE_INIT_FAILED,ERROR_TFLITE_INIT_FAILED
dense_1_10_OFF_float32.tflite,10,0,0.723,1696,2.024405427346335
dense_1_10_OFF_float32.tflite,10,1,0.434,1696,2.024270381644335
dense_1_10_OFF_float32.tflite,10,2,0.422,1696,2.024080309523192
dense_1_10_OFF_float32.tflite,10,3,0.429,1696,2.0238916191571925
dense_1_10_OFF_float32.tflite,10,4,0.422,1696,2.023688430565192
conv_1_15_ON_hybrid.tflite,15,0,6.291,3680,2.033620891989192
conv_1_15_ON_hybrid.tflite,15,1,5.747,3680,2.0335985605769067
conv_1_15_ON_hybrid.tflite,15,2,5.735,3680,2.0335356091483354
conv_1_15_ON_hybrid.tflite,15,3,5.743,3680,2.0335512705769068
conv_1_15_ON_hybrid.tflite,15,4,5.735,3680,2.0335666331074784
lstm_1_15_OFF_hybrid.tflite,15,N/A,ERROR_TFLITE_INIT_FAILED,ERROR_TFLITE_INIT_FAILED,ERROR_TFLITE_INIT_FAILED
dense_1_15_OFF_int8.tflite,15,0,1.342,2500,2.0242295811617637
dense_1_15_OFF_int8.tflite,15,1,0.925,2500,2.0242295811617637
dense_1_15_OFF_int8.tflite,15,2,0.909,2500,2.0242295811617637
dense_1_15_OFF_int8.tflite,15,3,0.912,2500,2.0242295811617637
dense_1_15_OFF_int8.tflite,15,4,0.909,2500,2.0242295811617637
conv_3_5_OFF_hybrid.tflite,5,0,3.907,2400,2.0338642530023354
conv_3_5_OFF_hybrid.tflite,5,1,3.61,2400,2.0337943981957634
conv_3_5_OFF_hybrid.tflite,5,2,3.605,2400,2.033827088807192
conv_3_5_OFF_hybrid.tflite,5,3,3.618,2400,2.0336644055529063
conv_3_5_OFF_hybrid.tflite,5,4,3.606,2400,2.0337321506443344
conv_8_15_ON_int8.tflite,15,0,16.505,6020,2.0318068472031916
conv_8_15_ON_int8.tflite,15,1,15.703,6020,2.031511959846049
conv_8_15_ON_int8.tflite,15,2,15.706,6020,2.0323652560003347
conv_8_15_ON_int8.tflite,15,3,15.698,6020,2.0300765210546206
conv_8_15_ON_int8.tflite,15,4,15.714,6020,2.034024634351763
conv_6_5_OFF_int8.tflite,5,0,3.418,2884,2.031111399832621
conv_6_5_OFF_int8.tflite,5,1,2.933,2884,2.031111399832621
conv_6_5_OFF_int8.tflite,5,2,2.929,2884,2.031749968750621
conv_6_5_OFF_int8.tflite,5,3,2.937,2884,2.031111399832621
conv_6_5_OFF_int8.tflite,5,4,2.929,2884,2.0317568343440495
dense_2_10_OFF_hybrid.tflite,10,N/A,ERROR_TFLITE_INIT_FAILED,ERROR_TFLITE_INIT_FAILED,ERROR_TFLITE_INIT_FAILED
conv_4_15_ON_float32.tflite,15,0,14.505,5264,2.0526940974143346
conv_4_15_ON_float32.tflite,15,1,13.916,5264,2.0526036159906207
conv_4_15_ON_float32.tflite,15,2,13.921,5264,2.052272299944906
conv_4_15_ON_float32.tflite,15,3,13.913,5264,2.0522621295526204
conv_4_15_ON_float32.tflite,15,4,13.921,5264,2.0520224234954783
conv_7_10_OFF_hybrid.tflite,10,0,14.267,4304,2.0315197264286207
conv_7_10_OFF_hybrid.tflite,10,1,13.993,4304,2.0315038221429065
conv_7_10_OFF_hybrid.tflite,10,2,13.997,4304,2.0314881881837636
conv_7_10_OFF_hybrid.tflite,10,3,13.99,4304,2.0314719960617635
conv_7_10_OFF_hybrid.tflite,10,4,13.998,4304,2.0314407567149066
lstm_1_20_OFF_float32.tflite,20,N/A,ERROR_TFLITE_INIT_FAILED,ERROR_TFLITE_INIT_FAILED,ERROR_TFLITE_INIT_FAILED
conv_5_5_OFF_hybrid.tflite,5,0,5.536,2976,2.0195913766080493
conv_5_5_OFF_hybrid.tflite,5,1,5.302,2976,2.0193138070566206
conv_5_5_OFF_hybrid.tflite,5,2,5.302,2976,2.019162195668906
conv_5_5_OFF_hybrid.tflite,5,3,5.302,2976,2.0196293558823353
conv_5_5_OFF_hybrid.tflite,5,4,5.302,2976,2.0194465790566207
conv_7_15_ON_hybrid.tflite,15,0,22.492,6832,2.037809352226049
conv_7_15_ON_hybrid.tflite,15,1,22.07,6832,2.0379246253811925
conv_7_15_ON_hybrid.tflite,15,2,22.058,6832,2.0382768531469067
conv_7_15_ON_hybrid.tflite,15,3,22.073,6832,2.0380440534240494
conv_7_15_ON_hybrid.tflite,15,4,22.058,6832,2.038461328630621
dense_8_15_OFF_hybrid.tflite,15,N/A,ERROR_TFLITE_INIT_FAILED,ERROR_TFLITE_INIT_FAILED,ERROR_TFLITE_INIT_FAILED
lstm_8_5_OFF_int8.tflite,5,N/A,ERROR_ESP32_MALLOC_FAILED,ERROR_ESP32_MALLOC_FAILED,ERROR_ESP32_MALLOC_FAILED
dense_2_15_OFF_int8.tflite,15,0,1.676,3012,2.0373595011243344
dense_2_15_OFF_int8.tflite,15,1,1.267,3012,2.0373595011243344
dense_2_15_OFF_int8.tflite,15,2,1.259,3012,2.0373595011243344
dense_2_15_OFF_int8.tflite,15,3,1.255,3012,2.0373595011243344
dense_2_15_OFF_int8.tflite,15,4,1.25,3012,2.0373595011243344
lstm_5_15_OFF_float32.tflite,15,N/A,ERROR_ESP32_MALLOC_FAILED,ERROR_ESP32_MALLOC_FAILED,ERROR_ESP32_MALLOC_FAILED
conv_5_20_ON_hybrid.tflite,20,N/A,ERROR_TFLITE_INIT_FAILED,ERROR_TFLITE_INIT_FAILED,ERROR_TFLITE_INIT_FAILED
conv_2_10_OFF_hybrid.tflite,10,0,5.704,2864,1.9580841898071921
conv_2_10_OFF_hybrid.tflite,10,1,5.337,2864,1.9583625989423352
conv_2_10_OFF_hybrid.tflite,10,2,5.32,2864,1.9588948925166207
conv_2_10_OFF_hybrid.tflite,10,3,5.336,2864,1.9585376583851921
conv_2_10_OFF_hybrid.tflite,10,4,5.32,2864,1.9585346627709062
dense_7_15_OFF_float32.tflite,15,N/A,ERROR_TFLITE_INIT_FAILED,ERROR_TFLITE_INIT_FAILED,ERROR_TFLITE_INIT_FAILED
dense_3_20_OFF_float32.tflite,20,N/A,ERROR_TFLITE_INIT_FAILED,ERROR_TFLITE_INIT_FAILED,ERROR_TFLITE_INIT_FAILED
conv_1_15_ON_float32.tflite,15,0,6.243,3680,2.033620891989192
conv_1_15_ON_float32.tflite,15,1,5.767,3680,2.0335985605769067
conv_1_15_ON_float32.tflite,15,2,5.755,3680,2.0335356091483354
conv_1_15_ON_float32.tflite,15,3,5.759,3680,2.0335512705769068
conv_1_15_ON_float32.tflite,15,4,5.742,3680,2.0335666331074784
conv_6_15_OFF_int8.tflite,15,0,8.576,3316,2.0304472485191924
conv_6_15_OFF_int8.tflite,15,1,8.044,3316,2.0304472485191924
conv_6_15_OFF_int8.tflite,15,2,8.04,3316,2.0304472485191924
conv_6_15_OFF_int8.tflite,15,3,8.039,3316,2.0304472485191924
conv_6_15_OFF_int8.tflite,15,4,8.043,3316,2.0304472485191924
dense_7_10_OFF_hybrid.tflite,10,N/A,ERROR_TFLITE_INIT_FAILED,ERROR_TFLITE_INIT_FAILED,ERROR_TFLITE_INIT_FAILED
conv_5_5_ON_int8.tflite,5,0,5.089,4004,2.029889501680335
conv_5_5_ON_int8.tflite,5,1,4.33,4004,2.029889501680335
conv_5_5_ON_int8.tflite,5,2,4.317,4004,2.029889501680335
conv_5_5_ON_int8.tflite,5,3,4.31,4004,2.029889501680335
conv_5_5_ON_int8.tflite,5,4,4.309,4004,2.029889501680335
lstm_1_10_OFF_int8.tflite,10,N/A,ERROR_TFLITE_INIT_FAILED,ERROR_TFLITE_INIT_FAILED,ERROR_TFLITE_INIT_FAILED
lstm_3_20_OFF_int8.tflite,20,N/A,ERROR_ESP32_MALLOC_FAILED,ERROR_ESP32_MALLOC_FAILED,ERROR_ESP32_MALLOC_FAILED
conv_4_20_ON_hybrid.tflite,20,N/A,ERROR_TFLITE_INIT_FAILED,ERROR_TFLITE_INIT_FAILED,ERROR_TFLITE_INIT_FAILED
conv_8_15_OFF_hybrid.tflite,15,0,24.005,5232,2.030014494619192
conv_8_15_OFF_hybrid.tflite,15,1,23.577,5232,2.030030347476335
conv_8_15_OFF_hybrid.tflite,15,2,23.568,5232,2.0299855489706204
conv_8_15_OFF_hybrid.tflite,15,3,23.569,5232,2.0299538518277633
conv_8_15_OFF_hybrid.tflite,15,4,23.568,5232,2.0298648101220493
conv_2_15_OFF_float32.tflite,15,0,8.105,3504,2.043275269522049
conv_2_15_OFF_float32.tflite,15,1,7.839,3504,2.043435002012335
conv_2_15_OFF_float32.tflite,15,2,7.844,3504,2.0429695064203353
conv_2_15_OFF_float32.tflite,15,3,7.843,3504,2.042650640308906
conv_2_15_OFF_float32.tflite,15,4,7.849,3504,2.0428970613591924
conv_5_20_ON_int8.tflite,20,0,16.169,5108,2.0325968857974774
conv_5_20_ON_int8.tflite,20,1,15.407,5108,2.0313977786546205
conv_5_20_ON_int8.tflite,20,2,15.412,5108,2.0320026929403343
conv_5_20_ON_int8.tflite,20,3,15.395,5108,2.0320026929403343
conv_5_20_ON_int8.tflite,20,4,15.407,5108,2.035073497226049
lstm_9_10_OFF_float32.tflite,10,N/A,ERROR_ESP32_MALLOC_FAILED,ERROR_ESP32_MALLOC_FAILED,ERROR_ESP32_MALLOC_FAILED
conv_6_15_ON_hybrid.tflite,15,0,19.935,6304,2.042613850696049
conv_6_15_ON_hybrid.tflite,15,1,19.356,6304,2.043333179676335
conv_6_15_ON_hybrid.tflite,15,2,19.347,6304,2.0427693800617637
conv_6_15_ON_hybrid.tflite,15,3,19.352,6304,2.043180957782335
conv_6_15_ON_hybrid.tflite,15,4,19.347,6304,2.0429142683369057
conv_4_5_OFF_hybrid.tflite,5,0,4.683,2688,2.035437893260906
conv_4_5_OFF_hybrid.tflite,5,1,4.459,2688,2.0354629638180493
conv_4_5_OFF_hybrid.tflite,5,2,4.454,2688,2.0353641795323347
conv_4_5_OFF_hybrid.tflite,5,3,4.458,2688,2.035424413355192
conv_4_5_OFF_hybrid.tflite,5,4,4.462,2688,2.0356858216960494
conv_6_20_OFF_float32.tflite,20,N/A,ERROR_TFLITE_INIT_FAILED,ERROR_TFLITE_INIT_FAILED,ERROR_TFLITE_INIT_FAILED
conv_4_10_ON_float32.tflite,10,0,9.962,4624,2.038928395189478
conv_4_10_ON_float32.tflite,10,1,9.518,4624,2.038994202729478
conv_4_10_ON_float32.tflite,10,2,9.507,4624,2.0391246984437634
conv_4_10_ON_float32.tflite,10,3,9.514,4624,2.0392171631217635
conv_4_10_ON_float32.tflite,10,4,9.507,4624,2.0391530774074775
conv_7_20_ON_hybrid.tflite,20,N/A,ERROR_TFLITE_INIT_FAILED,ERROR_TFLITE_INIT_FAILED,ERROR_TFLITE_INIT_FAILED
conv_7_15_OFF_hybrid.tflite,15,0,21.251,4944,2.032497292791764
conv_7_15_OFF_hybrid.tflite,15,1,20.954,4944,2.032497292791764
conv_7_15_OFF_hybrid.tflite,15,2,20.946,4944,2.032481257077478
conv_7_15_OFF_hybrid.tflite,15,3,20.955,4944,2.032481257077478
conv_7_15_OFF_hybrid.tflite,15,4,20.947,4944,2.0324653688326206
conv_9_10_ON_hybrid.tflite,10,0,18.999,7232,2.0275582918617636
conv_9_10_ON_hybrid.tflite,10,1,18.564,7232,2.027511353060335
conv_9_10_ON_hybrid.tflite,10,2,18.551,7232,2.027500727984621
conv_9_10_ON_hybrid.tflite,10,3,18.555,7232,2.0276778083297633
conv_9_10_ON_hybrid.tflite,10,4,18.543,7232,2.0277060586726203
conv_6_10_OFF_float32.tflite,10,0,12.53,4016,2.054336176519192
conv_6_10_OFF_float32.tflite,10,1,12.26,4016,2.054470383116335
conv_6_10_OFF_float32.tflite,10,2,12.265,4016,2.054581767336335
conv_6_10_OFF_float32.tflite,10,3,12.268,4016,2.0547529512134775
conv_6_10_OFF_float32.tflite,10,4,12.248,4016,2.0547875020306203
conv_3_5_OFF_int8.tflite,5,0,2.458,2020,2.033688117542049
conv_3_5_OFF_int8.tflite,5,1,1.95,2020,2.033688117542049
conv_3_5_OFF_int8.tflite,5,2,1.949,2020,2.031749968750621
conv_3_5_OFF_int8.tflite,5,3,1.946,2020,2.033708660179192
conv_3_5_OFF_int8.tflite,5,4,1.942,2020,2.033688117542049
conv_5_15_ON_hybrid.tflite,15,0,17.184,5776,2.0395141534526204
conv_5_15_ON_hybrid.tflite,15,1,16.645,5776,2.039556419967764
conv_5_15_ON_hybrid.tflite,15,2,16.632,5776,2.039280753224335
conv_5_15_ON_hybrid.tflite,15,3,16.628,5776,2.0397166679351924
conv_5_15_ON_hybrid.tflite,15,4,16.625,5776,2.039361951697478
conv_7_5_OFF_hybrid.tflite,5,0,7.212,3552,2.037406587353478
conv_7_5_OFF_hybrid.tflite,5,1,6.978,3552,2.0373478419820494
conv_7_5_OFF_hybrid.tflite,5,2,6.966,3552,2.037187835470621
conv_7_5_OFF_hybrid.tflite,5,3,6.969,3552,2.0370362993020494
conv_7_5_OFF_hybrid.tflite,5,4,6.965,3552,2.0369857631791928
lstm_9_20_OFF_float32.tflite,20,N/A,ERROR_ESP32_MALLOC_FAILED,ERROR_ESP32_MALLOC_FAILED,ERROR_ESP32_MALLOC_FAILED
dense_2_15_OFF_hybrid.tflite,15,N/A,ERROR_TFLITE_INIT_FAILED,ERROR_TFLITE_INIT_FAILED,ERROR_TFLITE_INIT_FAILED
lstm_0_15_OFF_int8.tflite,15,N/A,ERROR_TFLITE_INIT_FAILED,ERROR_TFLITE_INIT_FAILED,ERROR_TFLITE_INIT_FAILED
dense_3_10_OFF_float32.tflite,10,N/A,ERROR_TFLITE_INIT_FAILED,ERROR_TFLITE_INIT_FAILED,ERROR_TFLITE_INIT_FAILED
conv_5_20_OFF_int8.tflite,20,0,11.036,3684,2.031749968750621
conv_5_20_OFF_int8.tflite,20,1,10.505,3684,2.031749968750621
conv_5_20_OFF_int8.tflite,20,2,10.503,3684,2.031749968750621
conv_5_20_OFF_int8.tflite,20,3,10.5,3684,2.031749968750621
conv_5_20_OFF_int8.tflite,20,4,10.503,3684,2.031749968750621
conv_7_10_OFF_int8.tflite,10,0,6.714,3444,2.0311477785089065
conv_7_10_OFF_int8.tflite,10,1,6.226,3444,2.0311365672011923
conv_7_10_OFF_int8.tflite,10,2,6.23,3444,2.0311477785089065
conv_7_10_OFF_int8.tflite,10,3,6.218,3444,2.0311477785089065
conv_7_10_OFF_int8.tflite,10,4,6.231,3444,2.0311477785089065
conv_4_5_OFF_float32.tflite,5,0,4.788,2688,2.035437893260906
conv_4_5_OFF_float32.tflite,5,1,4.462,2688,2.0354629638180493
conv_4_5_OFF_float32.tflite,5,2,4.45,2688,2.0353641795323347
conv_4_5_OFF_float32.tflite,5,3,4.453,2688,2.035424413355192
conv_4_5_OFF_float32.tflite,5,4,4.456,2688,2.0356858216960494
dense_8_10_OFF_hybrid.tflite,10,N/A,ERROR_TFLITE_INIT_FAILED,ERROR_TFLITE_INIT_FAILED,ERROR_TFLITE_INIT_FAILED
lstm_1_20_OFF_hybrid.tflite,20,N/A,ERROR_TFLITE_INIT_FAILED,ERROR_TFLITE_INIT_FAILED,ERROR_TFLITE_INIT_FAILED
dense_1_5_OFF_float32.tflite,5,0,0.557,1536,2.0316896113117635
dense_1_5_OFF_float32.tflite,5,1,0.378,1536,2.0317532534337635
dense_1_5_OFF_float32.tflite,5,2,0.371,1536,2.031702032235764
dense_1_5_OFF_float32.tflite,5,3,0.374,1536,2.0317657800720497
dense_1_5_OFF_float32.tflite,5,4,0.371,1536,2.031767598358621
conv_8_20_OFF_int8.tflite,20,0,15.87,4836,2.031749968750621
conv_8_20_OFF_int8.tflite,20,1,15.349,4836,2.031749968750621
conv_8_20_OFF_int8.tflite,20,2,15.359,4836,2.031749968750621
conv_8_20_OFF_int8.tflite,20,3,15.355,4836,2.031749968750621
conv_8_20_OFF_int8.tflite,20,4,15.351,4836,2.031749968750621
dense_7_15_OFF_hybrid.tflite,15,N/A,ERROR_TFLITE_INIT_FAILED,ERROR_TFLITE_INIT_FAILED,ERROR_TFLITE_INIT_FAILED
conv_6_5_OFF_hybrid.tflite,5,0,6.475,3264,2.0311783946723354
conv_6_5_OFF_hybrid.tflite,5,1,6.142,3264,2.0311580692820494
conv_6_5_OFF_hybrid.tflite,5,2,6.138,3264,2.0312981978509064
conv_6_5_OFF_hybrid.tflite,5,3,6.142,3264,2.0313912542157633
conv_6_5_OFF_hybrid.tflite,5,4,6.138,3264,2.0313918323786204
lstm_1_10_OFF_float32.tflite,10,N/A,ERROR_TFLITE_INIT_FAILED,ERROR_TFLITE_INIT_FAILED,ERROR_TFLITE_INIT_FAILED
conv_4_15_ON_hybrid.tflite,15,0,14.432,5264,2.0526940974143346
conv_4_15_ON_hybrid.tflite,15,1,13.912,5264,2.0526036159906207
conv_4_15_ON_hybrid.tflite,15,2,13.905,5264,2.052272299944906
conv_4_15_ON_hybrid.tflite,15,3,13.916,5264,2.0522621295526204
conv_4_15_ON_hybrid.tflite,15,4,13.913,5264,2.0520224234954783
conv_2_15_OFF_hybrid.tflite,15,0,8.116,3504,2.043275269522049
conv_2_15_OFF_hybrid.tflite,15,1,7.855,3504,2.043435002012335
conv_2_15_OFF_hybrid.tflite,15,2,7.852,3504,2.0429695064203353
conv_2_15_OFF_hybrid.tflite,15,3,7.84,3504,2.042650640308906
conv_2_15_OFF_hybrid.tflite,15,4,7.847,3504,2.0428970613591924
dense_1_20_OFF_int8.tflite,20,0,1.396,2596,2.033084591093478
dense_1_20_OFF_int8.tflite,20,1,0.992,2596,2.033084591093478
dense_1_20_OFF_int8.tflite,20,2,0.972,2596,2.033084591093478
dense_1_20_OFF_int8.tflite,20,3,0.976,2596,2.033084591093478
dense_1_20_OFF_int8.tflite,20,4,0.972,2596,2.033084591093478
conv_8_10_ON_hybrid.tflite,10,0,17.23,6720,2.0353857457226203
conv_8_10_ON_hybrid.tflite,10,1,16.742,6720,2.0355269165169063
conv_8_10_ON_hybrid.tflite,10,2,16.743,6720,2.0354771657389064
conv_8_10_ON_hybrid.tflite,10,3,16.727,6720,2.0355269165169063
conv_8_10_ON_hybrid.tflite,10,4,16.742,6720,2.035442514636906
dense_3_10_OFF_int8.tflite,10,0,1.943,3428,2.037365174192621
dense_3_10_OFF_int8.tflite,10,1,1.538,3428,2.037365174192621
dense_3_10_OFF_int8.tflite,10,2,1.522,3428,2.037365174192621
dense_3_10_OFF_int8.tflite,10,3,1.526,3428,2.037365174192621
dense_3_10_OFF_int8.tflite,10,4,1.53,3428,2.0356903624840497
conv_1_10_ON_float32.tflite,10,0,4.595,3040,2.038589156336335
conv_1_10_ON_float32.tflite,10,1,4.083,3040,2.0385671605677635
conv_1_10_ON_float32.tflite,10,2,4.083,3040,2.0387122491391927
conv_1_10_ON_float32.tflite,10,3,4.079,3040,2.038582381996335
conv_1_10_ON_float32.tflite,10,4,4.083,3040,2.0385337388126206
conv_7_5_ON_hybrid.tflite,5,0,8.138,5440,2.377380422742906
conv_7_5_ON_hybrid.tflite,5,1,7.768,5440,2.378756162541763
conv_7_5_ON_hybrid.tflite,5,2,7.737,5440,2.3815484119831924
conv_7_5_ON_hybrid.tflite,5,3,7.744,5440,2.3830963538717636
conv_7_5_ON_hybrid.tflite,5,4,7.737,5440,2.3828346928791926
conv_6_20_ON_hybrid.tflite,20,N/A,ERROR_TFLITE_INIT_FAILED,ERROR_TFLITE_INIT_FAILED,ERROR_TFLITE_INIT_FAILED
conv_0_20_ON_int8.tflite,20,0,4.084,1860,2.179608506040335
conv_0_20_ON_int8.tflite,20,1,3.341,1860,2.179608506040335
conv_0_20_ON_int8.tflite,20,2,3.338,1860,2.176359193183192
conv_0_20_ON_int8.tflite,20,3,3.337,1860,2.179608506040335
conv_0_20_ON_int8.tflite,20,4,3.346,1860,2.179608506040335
dense_4_5_OFF_float32.tflite,5,N/A,ERROR_TFLITE_INIT_FAILED,ERROR_TFLITE_INIT_FAILED,ERROR_TFLITE_INIT_FAILED
lstm_4_20_OFF_hybrid.tflite,20,N/A,ERROR_ESP32_MALLOC_FAILED,ERROR_ESP32_MALLOC_FAILED,ERROR_ESP32_MALLOC_FAILED
conv_1_5_OFF_float32.tflite,5,0,2.283,1824,2.085976242546049
conv_1_5_OFF_float32.tflite,5,1,1.934,1824,2.0858956664706207
conv_1_5_OFF_float32.tflite,5,2,1.934,1824,2.0860578642826204
conv_1_5_OFF_float32.tflite,5,3,1.934,1824,2.086011964547478
conv_1_5_OFF_float32.tflite,5,4,1.942,1824,2.0862676987969064
conv_8_10_OFF_hybrid.tflite,10,0,16.016,4592,2.035393308289764
conv_8_10_OFF_hybrid.tflite,10,1,15.723,4592,2.035377618289764
conv_8_10_OFF_hybrid.tflite,10,2,15.726,4592,2.03545570942205
conv_8_10_OFF_hybrid.tflite,10,3,15.726,4592,2.0355028173000496
conv_8_10_OFF_hybrid.tflite,10,4,15.727,4592,2.035600206280049
