Model,Seq_Length,Sample_ID,Inference_Time_ms,Arena_Memory_Bytes,MSE
conv_8_20_OFF_int8.tflite,20,0.0,14.586,4548,2.0343503013669064
conv_8_20_OFF_int8.tflite,20,1.0,13.947,4548,2.0343503013669064
conv_8_20_OFF_int8.tflite,20,2.0,13.946,4548,2.0343503013669064
conv_8_20_OFF_int8.tflite,20,3.0,13.943,4548,2.0349552156526207
conv_8_20_OFF_int8.tflite,20,4.0,13.947,4548,2.0337649113669065
torch_dense_6_10_OFF_float32.tflite,10,,ERROR_TFLITE_INIT_FAILED,ERROR_TFLITE_INIT_FAILED,ERROR_TFLITE_INIT_FAILED
torch_dense_3_5_OFF_hybrid.tflite,5,,ERROR_TFLITE_INIT_FAILED,ERROR_TFLITE_INIT_FAILED,ERROR_TFLITE_INIT_FAILED
torch_conv_7_20_ON_int8.tflite,20,0.0,18.46,5620,2.031749968750621
torch_conv_7_20_ON_int8.tflite,20,1.0,17.558,5620,2.031749968750621
torch_conv_7_20_ON_int8.tflite,20,2.0,17.558,5620,2.031749968750621
torch_conv_7_20_ON_int8.tflite,20,3.0,17.551,5620,2.031749968750621
torch_conv_7_20_ON_int8.tflite,20,4.0,17.558,5620,2.031749968750621
conv_2_15_OFF_hybrid.tflite,15,0.0,5.578,3216,2.1433204865106203
conv_2_15_OFF_hybrid.tflite,15,1.0,5.234,3216,2.149368110787764
conv_2_15_OFF_hybrid.tflite,15,2.0,5.23,3216,2.1471796593677634
conv_2_15_OFF_hybrid.tflite,15,3.0,5.221,3216,2.148645262624906
conv_2_15_OFF_hybrid.tflite,15,4.0,5.212,3216,2.146174604516335
lstm_5_20_OFF_int8.tflite,20,,ERROR_ESP32_MALLOC_FAILED,ERROR_ESP32_MALLOC_FAILED,ERROR_ESP32_MALLOC_FAILED
torch_dense_9_20_OFF_int8.tflite,20,,ERROR_TFLITE_INIT_FAILED,ERROR_TFLITE_INIT_FAILED,ERROR_TFLITE_INIT_FAILED
torch_conv_8_10_OFF_int8.tflite,10,0.0,6.741,3444,2.031749968750621
torch_conv_8_10_OFF_int8.tflite,10,1.0,6.235,3444,2.031749968750621
torch_conv_8_10_OFF_int8.tflite,10,2.0,6.235,3444,2.031749968750621
torch_conv_8_10_OFF_int8.tflite,10,3.0,6.224,3444,2.031749968750621
torch_conv_8_10_OFF_int8.tflite,10,4.0,6.234,3444,2.031749968750621
conv_9_10_OFF_float32.tflite,10,0.0,16.056,4592,2.035393308289764
conv_9_10_OFF_float32.tflite,10,1.0,15.735,4592,2.035377618289764
conv_9_10_OFF_float32.tflite,10,2.0,15.731,4592,2.03545570942205
conv_9_10_OFF_float32.tflite,10,3.0,15.723,4592,2.0355028173000496
conv_9_10_OFF_float32.tflite,10,4.0,15.731,4592,2.035600206280049
torch_conv_5_20_OFF_hybrid.tflite,20,,ERROR_TFLITE_INIT_FAILED,ERROR_TFLITE_INIT_FAILED,ERROR_TFLITE_INIT_FAILED
torch_conv_7_15_ON_int8.tflite,15,0.0,13.26,4964,2.031749968750621
torch_conv_7_15_ON_int8.tflite,15,1.0,12.478,4964,2.031749968750621
torch_conv_7_15_ON_int8.tflite,15,2.0,12.474,4964,2.031749968750621
torch_conv_7_15_ON_int8.tflite,15,3.0,12.465,4964,2.031749968750621
torch_conv_7_15_ON_int8.tflite,15,4.0,12.473,4964,2.031749968750621
conv_4_20_OFF_int8.tflite,20,0.0,7.58,3140,2.031749968750621
conv_4_20_OFF_int8.tflite,20,1.0,7.057,3140,2.031749968750621
conv_4_20_OFF_int8.tflite,20,2.0,7.061,3140,2.031749968750621
conv_4_20_OFF_int8.tflite,20,3.0,7.06,3140,2.031749968750621
conv_4_20_OFF_int8.tflite,20,4.0,7.069,3140,2.031749968750621
conv_3_10_ON_float32.tflite,10,0.0,6.53,3568,2.0542019434014778
conv_3_10_ON_float32.tflite,10,1.0,5.912,3568,2.0542441755651923
conv_3_10_ON_float32.tflite,10,2.0,5.908,3568,2.0542345465889063
conv_3_10_ON_float32.tflite,10,3.0,5.9,3568,2.054459322283192
conv_3_10_ON_float32.tflite,10,4.0,5.908,3568,2.054257693657478
conv_1_15_ON_int8.tflite,15,0.0,3.536,1700,2.2250874462937635
conv_1_15_ON_int8.tflite,15,1.0,2.761,1700,2.2250874462937635
conv_1_15_ON_int8.tflite,15,2.0,2.753,1700,2.2250874462937635
conv_1_15_ON_int8.tflite,15,3.0,2.76,1700,2.2250874462937635
conv_1_15_ON_int8.tflite,15,4.0,2.752,1700,2.2250874462937635
torch_dense_6_5_OFF_int8.tflite,5,0.0,2.452,4564,2.031749968750621
torch_dense_6_5_OFF_int8.tflite,5,1.0,2.084,4564,2.031749968750621
torch_dense_6_5_OFF_int8.tflite,5,2.0,2.076,4564,2.031749968750621
torch_dense_6_5_OFF_int8.tflite,5,3.0,2.076,4564,2.031749968750621
torch_dense_6_5_OFF_int8.tflite,5,4.0,2.084,4564,2.031749968750621
conv_3_10_OFF_float32.tflite,10,0.0,5.76,2864,1.9580841898071921
conv_3_10_OFF_float32.tflite,10,1.0,5.336,2864,1.9583625989423352
conv_3_10_OFF_float32.tflite,10,2.0,5.328,2864,1.9588948925166207
conv_3_10_OFF_float32.tflite,10,3.0,5.336,2864,1.9585376583851921
conv_3_10_OFF_float32.tflite,10,4.0,5.328,2864,1.9585346627709062
dense_7_15_OFF_int8.tflite,15,0.0,2.938,5236,2.0228215554926208
dense_7_15_OFF_int8.tflite,15,1.0,2.549,5236,2.0228215554926208
dense_7_15_OFF_int8.tflite,15,2.0,2.55,5236,2.0228215554926208
dense_7_15_OFF_int8.tflite,15,3.0,2.541,5236,2.0228215554926208
dense_7_15_OFF_int8.tflite,15,4.0,2.541,5236,2.0228215554926208
conv_4_5_ON_float32.tflite,5,0.0,4.639,3344,2.0375643740634777
conv_4_5_ON_float32.tflite,5,1.0,4.178,3344,2.037578792634906
conv_4_5_ON_float32.tflite,5,2.0,4.157,3344,2.037578792634906
conv_4_5_ON_float32.tflite,5,3.0,4.162,3344,2.0375791707977635
conv_4_5_ON_float32.tflite,5,4.0,4.166,3344,2.0375647522263347
torch_conv_1_5_OFF_int8.tflite,5,0.0,1.467,1156,2.0343289273220493
torch_conv_1_5_OFF_int8.tflite,5,1.0,0.977,1156,2.0343289273220493
torch_conv_1_5_OFF_int8.tflite,5,2.0,0.963,1156,2.0343289273220493
torch_conv_1_5_OFF_int8.tflite,5,3.0,0.973,1156,2.0343289273220493
torch_conv_1_5_OFF_int8.tflite,5,4.0,0.963,1156,2.0343289273220493
conv_4_15_ON_int8.tflite,15,0.0,8.377,3396,2.0488812900749065
conv_4_15_ON_int8.tflite,15,1.0,7.624,3396,2.0519913172177637
conv_4_15_ON_int8.tflite,15,2.0,7.625,3396,2.0515320643606207
conv_4_15_ON_int8.tflite,15,3.0,7.608,3396,2.053706438525478
conv_4_15_ON_int8.tflite,15,4.0,7.624,3396,2.0541915300749065
torch_conv_6_5_ON_int8.tflite,5,0.0,4.988,4004,2.031749968750621
torch_conv_6_5_ON_int8.tflite,5,1.0,4.325,4004,2.031749968750621
torch_conv_6_5_ON_int8.tflite,5,2.0,4.315,4004,2.031749968750621
torch_conv_6_5_ON_int8.tflite,5,3.0,4.318,4004,2.031749968750621
torch_conv_6_5_ON_int8.tflite,5,4.0,4.315,4004,2.031749968750621
lstm_10_15_OFF_hybrid.tflite,15,,ERROR_ESP32_MALLOC_FAILED,ERROR_ESP32_MALLOC_FAILED,ERROR_ESP32_MALLOC_FAILED
conv_2_5_OFF_hybrid.tflite,5,0.0,2.306,1824,2.085976242546049
conv_2_5_OFF_hybrid.tflite,5,1.0,1.933,1824,2.0858956664706207
conv_2_5_OFF_hybrid.tflite,5,2.0,1.942,1824,2.0860578642826204
conv_2_5_OFF_hybrid.tflite,5,3.0,1.933,1824,2.086011964547478
conv_2_5_OFF_hybrid.tflite,5,4.0,1.934,1824,2.0862676987969064
dense_2_20_OFF_float32.tflite,20,0.0,0.699,2400,2.0330690973163352
dense_2_20_OFF_float32.tflite,20,1.0,0.545,2400,2.0329904616020498
dense_2_20_OFF_float32.tflite,20,2.0,0.528,2400,2.0330063973163357
dense_2_20_OFF_float32.tflite,20,3.0,0.528,2400,2.0330063973163357
dense_2_20_OFF_float32.tflite,20,4.0,0.528,2400,2.0330063973163357
lstm_9_15_OFF_hybrid.tflite,15,,ERROR_ESP32_MALLOC_FAILED,ERROR_ESP32_MALLOC_FAILED,ERROR_ESP32_MALLOC_FAILED
conv_6_10_OFF_float32.tflite,10,0.0,10.904,3728,2.0269109141709065
conv_6_10_OFF_float32.tflite,10,1.0,10.532,3728,2.0267884373480496
conv_6_10_OFF_float32.tflite,10,2.0,10.539,3728,2.0267904199229068
conv_6_10_OFF_float32.tflite,10,3.0,10.532,3728,2.0265715512960494
conv_6_10_OFF_float32.tflite,10,4.0,10.54,3728,2.026504255981478
dense_6_5_OFF_float32.tflite,5,,ERROR_TFLITE_INIT_FAILED,ERROR_TFLITE_INIT_FAILED,ERROR_TFLITE_INIT_FAILED
lstm_6_5_OFF_float32.tflite,5,,ERROR_TFLITE_INIT_FAILED,ERROR_TFLITE_INIT_FAILED,ERROR_TFLITE_INIT_FAILED
torch_dense_10_15_OFF_float32.tflite,15,,ERROR_TFLITE_INIT_FAILED,ERROR_TFLITE_INIT_FAILED,ERROR_TFLITE_INIT_FAILED
torch_conv_8_15_ON_float32.tflite,15,0.0,22.578,6832,2.267942928167192
torch_conv_8_15_ON_float32.tflite,15,1.0,22.078,6832,2.26736827694262
torch_conv_8_15_ON_float32.tflite,15,2.0,22.07,6832,2.2671516066349064
torch_conv_8_15_ON_float32.tflite,15,3.0,22.078,6832,2.2654849588523347
torch_conv_8_15_ON_float32.tflite,15,4.0,22.07,6832,2.2646844927814778
torch_dense_5_5_OFF_float32.tflite,5,,ERROR_TFLITE_INIT_FAILED,ERROR_TFLITE_INIT_FAILED,ERROR_TFLITE_INIT_FAILED
lstm_2_15_OFF_hybrid.tflite,15,,ERROR_TFLITE_INIT_FAILED,ERROR_TFLITE_INIT_FAILED,ERROR_TFLITE_INIT_FAILED
torch_conv_5_5_OFF_hybrid.tflite,5,0.0,4.735,2688,2.0323745816077636
torch_conv_5_5_OFF_hybrid.tflite,5,1.0,4.458,2688,2.0323745816077636
torch_conv_5_5_OFF_hybrid.tflite,5,2.0,4.458,2688,2.0323745816077636
torch_conv_5_5_OFF_hybrid.tflite,5,3.0,4.458,2688,2.0323745816077636
torch_conv_5_5_OFF_hybrid.tflite,5,4.0,4.458,2688,2.0323745816077636
torch_conv_2_15_OFF_float32.tflite,15,0.0,5.582,3216,2.0323745816077636
torch_conv_2_15_OFF_float32.tflite,15,1.0,5.217,3216,2.0323745816077636
torch_conv_2_15_OFF_float32.tflite,15,2.0,5.217,3216,2.0323745816077636
torch_conv_2_15_OFF_float32.tflite,15,3.0,5.209,3216,2.0323745816077636
torch_conv_2_15_OFF_float32.tflite,15,4.0,5.209,3216,2.0323745816077636
conv_4_20_ON_int8.tflite,20,0.0,11.244,4084,2.047881481732049
conv_4_20_ON_int8.tflite,20,1.0,10.455,4084,2.0470096471729065
conv_4_20_ON_int8.tflite,20,2.0,10.455,4084,2.0430577341949068
conv_4_20_ON_int8.tflite,20,3.0,10.446,4084,2.0427175561377635
conv_4_20_ON_int8.tflite,20,4.0,10.454,4084,2.0447035522463346
torch_conv_4_20_ON_hybrid.tflite,20,,ERROR_TFLITE_INIT_FAILED,ERROR_TFLITE_INIT_FAILED,ERROR_TFLITE_INIT_FAILED
torch_dense_2_15_OFF_int8.tflite,15,0.0,1.287,2500,2.031749968750621
torch_dense_2_15_OFF_int8.tflite,15,1.0,0.926,2500,2.031749968750621
torch_dense_2_15_OFF_int8.tflite,15,2.0,0.91,2500,2.031749968750621
torch_dense_2_15_OFF_int8.tflite,15,3.0,0.91,2500,2.031749968750621
torch_dense_2_15_OFF_int8.tflite,15,4.0,0.91,2500,2.031749968750621
conv_7_10_OFF_int8.tflite,10,0.0,6.051,3156,2.051068321019192
conv_7_10_OFF_int8.tflite,10,1.0,5.547,3156,2.0550067102791925
conv_7_10_OFF_int8.tflite,10,2.0,5.535,3156,2.0628546495849065
conv_7_10_OFF_int8.tflite,10,3.0,5.543,3156,2.0561204902791923
conv_7_10_OFF_int8.tflite,10,4.0,5.534,3156,2.0628546495849065
torch_conv_8_5_ON_hybrid.tflite,5,0.0,8.284,5440,2.1351068000249067
torch_conv_8_5_ON_hybrid.tflite,5,1.0,7.772,5440,2.1351068000249067
torch_conv_8_5_ON_hybrid.tflite,5,2.0,7.76,5440,2.135113968993478
torch_conv_8_5_ON_hybrid.tflite,5,3.0,7.764,5440,2.135113968993478
torch_conv_8_5_ON_hybrid.tflite,5,4.0,7.743,5440,2.1351714764869065
lstm_5_10_OFF_hybrid.tflite,10,,ERROR_TFLITE_INIT_FAILED,ERROR_TFLITE_INIT_FAILED,ERROR_TFLITE_INIT_FAILED
lstm_5_5_OFF_int8.tflite,5,,ERROR_TFLITE_INIT_FAILED,ERROR_TFLITE_INIT_FAILED,ERROR_TFLITE_INIT_FAILED
dense_4_20_OFF_int8.tflite,20,0.0,2.095,3620,2.040868881481192
dense_4_20_OFF_int8.tflite,20,1.0,1.667,3620,2.040868881481192
dense_4_20_OFF_int8.tflite,20,2.0,1.65,3620,2.040868881481192
dense_4_20_OFF_int8.tflite,20,3.0,1.659,3620,2.0394901598326203
dense_4_20_OFF_int8.tflite,20,4.0,1.65,3620,2.0394901598326203
torch_dense_3_20_OFF_float32.tflite,20,0.0,0.89,2528,2.0323745816077636
torch_dense_3_20_OFF_float32.tflite,20,1.0,0.692,2528,2.0323745816077636
torch_dense_3_20_OFF_float32.tflite,20,2.0,0.684,2528,2.0323745816077636
torch_dense_3_20_OFF_float32.tflite,20,3.0,0.687,2528,2.0323745816077636
torch_dense_3_20_OFF_float32.tflite,20,4.0,0.684,2528,2.0323745816077636
torch_dense_9_15_OFF_int8.tflite,15,,ERROR_TFLITE_INIT_FAILED,ERROR_TFLITE_INIT_FAILED,ERROR_TFLITE_INIT_FAILED
torch_conv_6_5_OFF_float32.tflite,5,0.0,5.531,2976,2.0323745816077636
torch_conv_6_5_OFF_float32.tflite,5,1.0,5.298,2976,2.0323745816077636
torch_conv_6_5_OFF_float32.tflite,5,2.0,5.294,2976,2.0323745816077636
torch_conv_6_5_OFF_float32.tflite,5,3.0,5.306,2976,2.0323745816077636
torch_conv_6_5_OFF_float32.tflite,5,4.0,5.298,2976,2.0323745816077636
conv_9_5_ON_hybrid.tflite,5,0.0,9.084,5952,2.0329384947706206
conv_9_5_ON_hybrid.tflite,5,1.0,8.659,5952,2.032903347970621
conv_9_5_ON_hybrid.tflite,5,2.0,8.631,5952,2.0329384947706206
conv_9_5_ON_hybrid.tflite,5,3.0,8.648,5952,2.0329384947706206
conv_9_5_ON_hybrid.tflite,5,4.0,8.647,5952,2.0328872776277636
torch_conv_2_15_OFF_hybrid.tflite,15,0.0,5.534,3216,2.0323745816077636
torch_conv_2_15_OFF_hybrid.tflite,15,1.0,5.209,3216,2.0323745816077636
torch_conv_2_15_OFF_hybrid.tflite,15,2.0,5.205,3216,2.0323745816077636
torch_conv_2_15_OFF_hybrid.tflite,15,3.0,5.208,3216,2.0323745816077636
torch_conv_2_15_OFF_hybrid.tflite,15,4.0,5.204,3216,2.0323745816077636
torch_conv_6_15_OFF_hybrid.tflite,15,0.0,15.968,4368,2.0323745816077636
torch_conv_6_15_OFF_hybrid.tflite,15,1.0,15.714,4368,2.0323745816077636
torch_conv_6_15_OFF_hybrid.tflite,15,2.0,15.713,4368,2.0323745816077636
torch_conv_6_15_OFF_hybrid.tflite,15,3.0,15.702,4368,2.0323745816077636
torch_conv_6_15_OFF_hybrid.tflite,15,4.0,15.706,4368,2.0323745816077636
torch_conv_4_20_ON_int8.tflite,20,0.0,11.227,4084,2.031749968750621
torch_conv_4_20_ON_int8.tflite,20,1.0,10.456,4084,2.031749968750621
torch_conv_4_20_ON_int8.tflite,20,2.0,10.456,4084,2.031749968750621
torch_conv_4_20_ON_int8.tflite,20,3.0,10.448,4084,2.031749968750621
torch_conv_4_20_ON_int8.tflite,20,4.0,10.455,4084,2.031749968750621
torch_conv_2_10_ON_int8.tflite,10,0.0,4.052,2180,2.031749968750621
torch_conv_2_10_ON_int8.tflite,10,1.0,3.318,2180,2.031749968750621
torch_conv_2_10_ON_int8.tflite,10,2.0,3.319,2180,2.031749968750621
torch_conv_2_10_ON_int8.tflite,10,3.0,3.302,2180,2.031749968750621
torch_conv_2_10_ON_int8.tflite,10,4.0,3.31,2180,2.031749968750621
torch_conv_9_5_OFF_float32.tflite,5,0.0,8.173,3840,2.032058693267764
torch_conv_9_5_OFF_float32.tflite,5,1.0,7.829,3840,2.0320747318391925
torch_conv_9_5_OFF_float32.tflite,5,2.0,7.83,3840,2.0320907732677638
torch_conv_9_5_OFF_float32.tflite,5,3.0,7.83,3840,2.0320907732677638
torch_conv_9_5_OFF_float32.tflite,5,4.0,7.814,3840,2.0320747318391925
lstm_9_10_OFF_int8.tflite,10,,ERROR_ESP32_MALLOC_FAILED,ERROR_ESP32_MALLOC_FAILED,ERROR_ESP32_MALLOC_FAILED
torch_dense_4_15_OFF_int8.tflite,15,0.0,1.965,3524,2.031749968750621
torch_dense_4_15_OFF_int8.tflite,15,1.0,1.594,3524,2.031749968750621
torch_dense_4_15_OFF_int8.tflite,15,2.0,1.587,3524,2.031749968750621
torch_dense_4_15_OFF_int8.tflite,15,3.0,1.587,3524,2.031749968750621
torch_dense_4_15_OFF_int8.tflite,15,4.0,1.587,3524,2.031749968750621
conv_7_5_ON_hybrid.tflite,5,0.0,7.323,4912,2.0313767018689064
conv_7_5_ON_hybrid.tflite,5,1.0,6.854,4912,2.0313767018689064
conv_7_5_ON_hybrid.tflite,5,2.0,6.842,4912,2.031361206154621
conv_7_5_ON_hybrid.tflite,5,3.0,6.854,4912,2.031361206154621
conv_7_5_ON_hybrid.tflite,5,4.0,6.858,4912,2.031361206154621
lstm_1_15_OFF_float32.tflite,15,,ERROR_TFLITE_INIT_FAILED,ERROR_TFLITE_INIT_FAILED,ERROR_TFLITE_INIT_FAILED
torch_conv_3_5_OFF_float32.tflite,5,0.0,3.008,2112,2.0323745816077636
torch_conv_3_5_OFF_float32.tflite,5,1.0,2.766,2112,2.0323745816077636
torch_conv_3_5_OFF_float32.tflite,5,2.0,2.77,2112,2.0323745816077636
torch_conv_3_5_OFF_float32.tflite,5,3.0,2.766,2112,2.0323745816077636
torch_conv_3_5_OFF_float32.tflite,5,4.0,2.762,2112,2.0323745816077636
lstm_1_5_OFF_float32.tflite,5,0.0,3.752,7664,2.266446402786906
lstm_1_5_OFF_float32.tflite,5,1.0,3.315,7664,2.2662967241914775
lstm_1_5_OFF_float32.tflite,5,2.0,3.299,7664,2.2662512881137635
lstm_1_5_OFF_float32.tflite,5,3.0,3.302,7664,2.2662571399940497
lstm_1_5_OFF_float32.tflite,5,4.0,3.298,7664,2.2659571362697633
torch_dense_6_20_OFF_int8.tflite,20,0.0,2.697,4724,2.031749968750621
torch_dense_6_20_OFF_int8.tflite,20,1.0,2.288,4724,2.031749968750621
torch_dense_6_20_OFF_int8.tflite,20,2.0,2.28,4724,2.031749968750621
torch_dense_6_20_OFF_int8.tflite,20,3.0,2.276,4724,2.031749968750621
torch_dense_6_20_OFF_int8.tflite,20,4.0,2.272,4724,2.031749968750621
torch_dense_2_15_OFF_hybrid.tflite,15,,ERROR_TFLITE_INIT_FAILED,ERROR_TFLITE_INIT_FAILED,ERROR_TFLITE_INIT_FAILED
conv_7_10_OFF_float32.tflite,10,0.0,12.646,4016,2.054336176519192
conv_7_10_OFF_float32.tflite,10,1.0,12.266,4016,2.054470383116335
conv_7_10_OFF_float32.tflite,10,2.0,12.264,4016,2.054581767336335
conv_7_10_OFF_float32.tflite,10,3.0,12.252,4016,2.0547529512134775
conv_7_10_OFF_float32.tflite,10,4.0,12.249,4016,2.0547875020306203
lstm_3_5_OFF_float32.tflite,5,,ERROR_TFLITE_INIT_FAILED,ERROR_TFLITE_INIT_FAILED,ERROR_TFLITE_INIT_FAILED
dense_1_5_OFF_int8.tflite,5,0.0,1.101,2084,2.0317568343440495
dense_1_5_OFF_int8.tflite,5,1.0,0.696,2084,2.0317568343440495
dense_1_5_OFF_int8.tflite,5,2.0,0.68,2084,2.0317568343440495
dense_1_5_OFF_int8.tflite,5,3.0,0.684,2084,2.031749968750621
dense_1_5_OFF_int8.tflite,5,4.0,0.68,2084,2.031749968750621
torch_conv_7_15_ON_hybrid.tflite,15,0.0,19.855,6304,2.0323745816077636
torch_conv_7_15_ON_hybrid.tflite,15,1.0,19.352,6304,2.0323745816077636
torch_conv_7_15_ON_hybrid.tflite,15,2.0,19.344,6304,2.0323745816077636
torch_conv_7_15_ON_hybrid.tflite,15,3.0,19.34,6304,2.0323745816077636
torch_conv_7_15_ON_hybrid.tflite,15,4.0,19.343,6304,2.0323745816077636
torch_conv_5_15_ON_float32.tflite,15,0.0,14.342,5264,2.0323745816077636
torch_conv_5_15_ON_float32.tflite,15,1.0,13.922,5264,2.0323745816077636
torch_conv_5_15_ON_float32.tflite,15,2.0,13.905,5264,2.0323745816077636
torch_conv_5_15_ON_float32.tflite,15,3.0,13.91,5264,2.0323745816077636
torch_conv_5_15_ON_float32.tflite,15,4.0,13.902,5264,2.0323745816077636
conv_5_10_OFF_float32.tflite,10,0.0,9.074,3440,2.0333589824314777
conv_5_10_OFF_float32.tflite,10,1.0,8.79,3440,2.0333748838600494
conv_5_10_OFF_float32.tflite,10,2.0,8.786,3440,2.033408718869478
conv_5_10_OFF_float32.tflite,10,3.0,8.79,3440,2.033392823155192
conv_5_10_OFF_float32.tflite,10,4.0,8.787,3440,2.0334892678380494
dense_2_15_OFF_int8.tflite,15,0.0,1.341,2500,2.0242295811617637
dense_2_15_OFF_int8.tflite,15,1.0,0.92,2500,2.0242295811617637
dense_2_15_OFF_int8.tflite,15,2.0,0.909,2500,2.0242295811617637
dense_2_15_OFF_int8.tflite,15,3.0,0.912,2500,2.0242295811617637
dense_2_15_OFF_int8.tflite,15,4.0,0.909,2500,2.0242295811617637
dense_3_5_OFF_hybrid.tflite,5,,ERROR_TFLITE_INIT_FAILED,ERROR_TFLITE_INIT_FAILED,ERROR_TFLITE_INIT_FAILED
torch_conv_4_10_OFF_int8.tflite,10,0.0,4.007,2292,2.031749968750621
torch_conv_4_10_OFF_int8.tflite,10,1.0,3.476,2292,2.031749968750621
torch_conv_4_10_OFF_int8.tflite,10,2.0,3.464,2292,2.031749968750621
torch_conv_4_10_OFF_int8.tflite,10,3.0,3.463,2292,2.031749968750621
torch_conv_4_10_OFF_int8.tflite,10,4.0,3.464,2292,2.031749968750621
torch_conv_2_10_OFF_int8.tflite,10,0.0,2.606,1716,2.031749968750621
torch_conv_2_10_OFF_int8.tflite,10,1.0,2.109,1716,2.031749968750621
torch_conv_2_10_OFF_int8.tflite,10,2.0,2.11,1716,2.031749968750621
torch_conv_2_10_OFF_int8.tflite,10,3.0,2.101,1716,2.031749968750621
torch_conv_2_10_OFF_int8.tflite,10,4.0,2.109,1716,2.031749968750621
conv_4_15_OFF_float32.tflite,15,0.0,10.838,3792,2.0519826947374775
conv_4_15_OFF_float32.tflite,15,1.0,10.466,3792,2.0517553245223352
conv_4_15_OFF_float32.tflite,15,2.0,10.466,3792,2.051471427776621
conv_4_15_OFF_float32.tflite,15,3.0,10.477,3792,2.0511256738880492
conv_4_15_OFF_float32.tflite,15,4.0,10.457,3792,2.051487264318335
dense_8_15_OFF_int8.tflite,15,0.0,3.269,5780,2.039114617322049
dense_8_15_OFF_int8.tflite,15,1.0,2.864,5780,2.039114617322049
dense_8_15_OFF_int8.tflite,15,2.0,2.844,5780,2.039114617322049
dense_8_15_OFF_int8.tflite,15,3.0,2.848,5780,2.039114617322049
dense_8_15_OFF_int8.tflite,15,4.0,2.844,5780,2.039114617322049
dense_3_10_OFF_hybrid.tflite,10,,ERROR_TFLITE_INIT_FAILED,ERROR_TFLITE_INIT_FAILED,ERROR_TFLITE_INIT_FAILED
dense_8_20_OFF_float32.tflite,20,,ERROR_TFLITE_INIT_FAILED,ERROR_TFLITE_INIT_FAILED,ERROR_TFLITE_INIT_FAILED
conv_10_5_ON_int8.tflite,5,0.0,7.253,6100,2.0327788503317636
conv_10_5_ON_int8.tflite,5,1.0,6.495,6100,2.0327788503317636
conv_10_5_ON_int8.tflite,5,2.0,6.484,6100,2.0327788503317636
conv_10_5_ON_int8.tflite,5,3.0,6.495,6100,2.0327788503317636
conv_10_5_ON_int8.tflite,5,4.0,6.484,6100,2.0327788503317636
conv_2_5_ON_float32.tflite,5,0.0,2.872,2288,2.034614846413763
conv_2_5_ON_float32.tflite,5,1.0,2.399,2288,2.0346800949851915
conv_2_5_ON_float32.tflite,5,2.0,2.376,2288,2.0346895274994776
conv_2_5_ON_float32.tflite,5,3.0,2.384,2288,2.034703468928049
conv_2_5_ON_float32.tflite,5,4.0,2.384,2288,2.034703468928049
lstm_3_10_OFF_float32.tflite,10,,ERROR_TFLITE_INIT_FAILED,ERROR_TFLITE_INIT_FAILED,ERROR_TFLITE_INIT_FAILED
torch_conv_10_10_ON_hybrid.tflite,10,0.0,19.003,7232,2.2186821265171925
torch_conv_10_10_ON_hybrid.tflite,10,1.0,18.55,7232,2.2172177802306208
torch_conv_10_10_ON_hybrid.tflite,10,2.0,18.55,7232,2.2183381312674775
torch_conv_10_10_ON_hybrid.tflite,10,3.0,18.551,7232,2.2161149038594776
torch_conv_10_10_ON_hybrid.tflite,10,4.0,18.55,7232,2.217633071198335
conv_4_10_ON_int8.tflite,10,0.0,6.26,3236,2.049730387342335
conv_4_10_ON_int8.tflite,10,1.0,5.479,3236,2.053904121402335
conv_4_10_ON_int8.tflite,10,2.0,5.473,3236,2.0517934873423354
conv_4_10_ON_int8.tflite,10,3.0,5.458,3236,2.053904121402335
conv_4_10_ON_int8.tflite,10,4.0,5.474,3236,2.053904121402335
torch_dense_8_10_OFF_hybrid.tflite,10,,ERROR_TFLITE_INIT_FAILED,ERROR_TFLITE_INIT_FAILED,ERROR_TFLITE_INIT_FAILED
conv_5_5_ON_int8.tflite,5,0.0,4.499,3476,2.4576639533929066
conv_5_5_ON_int8.tflite,5,1.0,3.792,3476,2.450275323387192
conv_5_5_ON_int8.tflite,5,2.0,3.769,3476,2.450275323387192
conv_5_5_ON_int8.tflite,5,3.0,3.777,3476,2.453576045487192
conv_5_5_ON_int8.tflite,5,4.0,3.768,3476,2.4561856834977633
lstm_7_15_OFF_int8.tflite,15,,ERROR_ESP32_MALLOC_FAILED,ERROR_ESP32_MALLOC_FAILED,ERROR_ESP32_MALLOC_FAILED
lstm_5_10_OFF_float32.tflite,10,,ERROR_ESP32_MALLOC_FAILED,ERROR_ESP32_MALLOC_FAILED,ERROR_ESP32_MALLOC_FAILED
lstm_2_5_OFF_float32.tflite,5,0.0,6.575,13856,2.030663792353478
lstm_2_5_OFF_float32.tflite,5,1.0,6.15,13856,2.030704275819478
lstm_2_5_OFF_float32.tflite,5,2.0,6.14,13856,2.030648348668621
lstm_2_5_OFF_float32.tflite,5,3.0,6.141,13856,2.030639285222335
lstm_2_5_OFF_float32.tflite,5,4.0,6.141,13856,2.0306246323651918
torch_dense_7_10_OFF_int8.tflite,10,0.0,2.884,5172,2.031749968750621
torch_dense_7_10_OFF_int8.tflite,10,1.0,2.483,5172,2.031749968750621
torch_dense_7_10_OFF_int8.tflite,10,2.0,2.471,5172,2.031749968750621
torch_dense_7_10_OFF_int8.tflite,10,3.0,2.471,5172,2.031749968750621
torch_dense_7_10_OFF_int8.tflite,10,4.0,2.48,5172,2.031749968750621
torch_conv_9_15_ON_hybrid.tflite,15,0.0,25.317,7360,2.0332952207360493
torch_conv_9_15_ON_hybrid.tflite,15,1.0,24.778,7360,2.033372934116621
torch_conv_9_15_ON_hybrid.tflite,15,2.0,24.778,7360,2.033239926487192
torch_conv_9_15_ON_hybrid.tflite,15,3.0,24.776,7360,2.0332269537077634
torch_conv_9_15_ON_hybrid.tflite,15,4.0,24.778,7360,2.0333159413766206
conv_4_5_OFF_int8.tflite,5,0.0,2.467,2020,2.033688117542049
conv_4_5_OFF_int8.tflite,5,1.0,1.954,2020,2.033688117542049
conv_4_5_OFF_int8.tflite,5,2.0,1.942,2020,2.031749968750621
conv_4_5_OFF_int8.tflite,5,3.0,1.946,2020,2.033708660179192
conv_4_5_OFF_int8.tflite,5,4.0,1.942,2020,2.033688117542049
conv_7_20_ON_float32.tflite,20,,ERROR_TFLITE_INIT_FAILED,ERROR_TFLITE_INIT_FAILED,ERROR_TFLITE_INIT_FAILED
lstm_4_20_OFF_int8.tflite,20,,ERROR_ESP32_MALLOC_FAILED,ERROR_ESP32_MALLOC_FAILED,ERROR_ESP32_MALLOC_FAILED
conv_6_15_ON_float32.tflite,15,0.0,17.196,5776,2.0395141534526204
conv_6_15_ON_float32.tflite,15,1.0,16.628,5776,2.039556419967764
conv_6_15_ON_float32.tflite,15,2.0,16.628,5776,2.039280753224335
conv_6_15_ON_float32.tflite,15,3.0,16.624,5776,2.0397166679351924
conv_6_15_ON_float32.tflite,15,4.0,16.628,5776,2.039361951697478
torch_dense_5_15_OFF_int8.tflite,15,0.0,2.256,4100,2.031749968750621
torch_dense_5_15_OFF_int8.tflite,15,1.0,1.902,4100,2.031749968750621
torch_dense_5_15_OFF_int8.tflite,15,2.0,1.896,4100,2.031749968750621
torch_dense_5_15_OFF_int8.tflite,15,3.0,1.895,4100,2.031749968750621
torch_dense_5_15_OFF_int8.tflite,15,4.0,1.891,4100,2.031749968750621
conv_8_10_ON_int8.tflite,10,0.0,10.604,5332,2.0371427612040494
conv_8_10_ON_int8.tflite,10,1.0,9.797,5332,2.034422954801192
conv_8_10_ON_int8.tflite,10,2.0,9.797,5332,2.034422954801192
conv_8_10_ON_int8.tflite,10,3.0,9.789,5332,2.0365859653689067
conv_8_10_ON_int8.tflite,10,4.0,9.797,5332,2.037498104801192
conv_6_20_OFF_hybrid.tflite,20,,ERROR_TFLITE_INIT_FAILED,ERROR_TFLITE_INIT_FAILED,ERROR_TFLITE_INIT_FAILED
conv_3_20_ON_int8.tflite,20,0.0,8.381,3268,2.0328447073697635
conv_3_20_ON_int8.tflite,20,1.0,7.674,3268,2.033449621655478
conv_3_20_ON_int8.tflite,20,2.0,7.671,3268,2.033470443309764
conv_3_20_ON_int8.tflite,20,3.0,7.665,3268,2.033470443309764
conv_3_20_ON_int8.tflite,20,4.0,7.671,3268,2.033470443309764
lstm_5_15_OFF_hybrid.tflite,15,,ERROR_ESP32_MALLOC_FAILED,ERROR_ESP32_MALLOC_FAILED,ERROR_ESP32_MALLOC_FAILED
torch_conv_1_20_ON_int8.tflite,20,0.0,4.047,1860,2.031749968750621
torch_conv_1_20_ON_int8.tflite,20,1.0,3.353,1860,2.031749968750621
torch_conv_1_20_ON_int8.tflite,20,2.0,3.345,1860,2.031749968750621
torch_conv_1_20_ON_int8.tflite,20,3.0,3.345,1860,2.031749968750621
torch_conv_1_20_ON_int8.tflite,20,4.0,3.345,1860,2.031749968750621
dense_7_5_OFF_float32.tflite,5,,ERROR_TFLITE_INIT_FAILED,ERROR_TFLITE_INIT_FAILED,ERROR_TFLITE_INIT_FAILED
torch_dense_1_10_OFF_hybrid.tflite,10,,ERROR_TFLITE_INIT_FAILED,ERROR_TFLITE_INIT_FAILED,ERROR_TFLITE_INIT_FAILED
torch_conv_1_5_ON_float32.tflite,5,0.0,2.002,1760,2.0323745816077636
torch_conv_1_5_ON_float32.tflite,5,1.0,1.457,1760,2.0323745816077636
torch_conv_1_5_ON_float32.tflite,5,2.0,1.47,1760,2.0323745816077636
torch_conv_1_5_ON_float32.tflite,5,3.0,1.449,1760,2.0323745816077636
torch_conv_1_5_ON_float32.tflite,5,4.0,1.47,1760,2.0323745816077636
torch_conv_2_10_OFF_float32.tflite,10,0.0,3.924,2576,2.0323745816077636
torch_conv_2_10_OFF_float32.tflite,10,1.0,3.603,2576,2.0323745816077636
torch_conv_2_10_OFF_float32.tflite,10,2.0,3.599,2576,2.0323745816077636
torch_conv_2_10_OFF_float32.tflite,10,3.0,3.607,2576,2.0323745816077636
torch_conv_2_10_OFF_float32.tflite,10,4.0,3.599,2576,2.0323745816077636
torch_conv_3_10_OFF_int8.tflite,10,0.0,3.347,2004,2.031749968750621
torch_conv_3_10_OFF_int8.tflite,10,1.0,2.803,2004,2.031749968750621
torch_conv_3_10_OFF_int8.tflite,10,2.0,2.803,2004,2.031749968750621
torch_conv_3_10_OFF_int8.tflite,10,3.0,2.795,2004,2.031749968750621
torch_conv_3_10_OFF_int8.tflite,10,4.0,2.811,2004,2.031749968750621
conv_7_20_OFF_hybrid.tflite,20,,ERROR_TFLITE_INIT_FAILED,ERROR_TFLITE_INIT_FAILED,ERROR_TFLITE_INIT_FAILED
torch_conv_9_10_ON_hybrid.tflite,10,0.0,17.304,6720,2.028304974948335
torch_conv_9_10_ON_hybrid.tflite,10,1.0,16.747,6720,2.028392000199763
torch_conv_9_10_ON_hybrid.tflite,10,2.0,16.749,6720,2.0283916413017633
torch_conv_9_10_ON_hybrid.tflite,10,3.0,16.734,6720,2.0285135640931924
torch_conv_9_10_ON_hybrid.tflite,10,4.0,16.75,6720,2.0285280624226205
torch_conv_3_20_ON_float32.tflite,20,0.0,11.575,5088,2.0323745816077636
torch_conv_3_20_ON_float32.tflite,20,1.0,11.162,5088,2.0323745816077636
torch_conv_3_20_ON_float32.tflite,20,2.0,11.134,5088,2.0323745816077636
torch_conv_3_20_ON_float32.tflite,20,3.0,11.15,5088,2.0323745816077636
torch_conv_3_20_ON_float32.tflite,20,4.0,11.142,5088,2.0323745816077636
conv_7_15_OFF_hybrid.tflite,15,0.0,18.673,4656,2.0302669723771922
conv_7_15_OFF_hybrid.tflite,15,1.0,18.337,4656,2.0302669723771922
conv_7_15_OFF_hybrid.tflite,15,2.0,18.328,4656,2.030235738091478
conv_7_15_OFF_hybrid.tflite,15,3.0,18.329,4656,2.030219244611478
conv_7_15_OFF_hybrid.tflite,15,4.0,18.33,4656,2.030155269395192
conv_10_5_ON_float32.tflite,5,0.0,9.926,6480,2.0353639965900494
conv_10_5_ON_float32.tflite,5,1.0,9.543,6480,2.035315506192906
conv_10_5_ON_float32.tflite,5,2.0,9.542,6480,2.035394774355763
conv_10_5_ON_float32.tflite,5,3.0,9.546,6480,2.035315506192906
conv_10_5_ON_float32.tflite,5,4.0,9.542,6480,2.0353308343557632
torch_conv_9_20_OFF_int8.tflite,20,0.0,15.906,4836,2.031749968750621
torch_conv_9_20_OFF_int8.tflite,20,1.0,15.354,4836,2.031749968750621
torch_conv_9_20_OFF_int8.tflite,20,2.0,15.346,4836,2.031749968750621
torch_conv_9_20_OFF_int8.tflite,20,3.0,15.348,4836,2.031749968750621
torch_conv_9_20_OFF_int8.tflite,20,4.0,15.354,4836,2.031749968750621
torch_conv_7_20_ON_float32.tflite,20,,ERROR_TFLITE_INIT_FAILED,ERROR_TFLITE_INIT_FAILED,ERROR_TFLITE_INIT_FAILED
conv_3_5_OFF_hybrid.tflite,5,0.0,3.083,2112,2.1502165253829064
conv_3_5_OFF_hybrid.tflite,5,1.0,2.782,2112,2.150451064211478
conv_3_5_OFF_hybrid.tflite,5,2.0,2.77,2112,2.1462548375229065
conv_3_5_OFF_hybrid.tflite,5,3.0,2.774,2112,2.1488303143914775
conv_3_5_OFF_hybrid.tflite,5,4.0,2.775,2112,2.149080350608621
dense_7_15_OFF_hybrid.tflite,15,,ERROR_TFLITE_INIT_FAILED,ERROR_TFLITE_INIT_FAILED,ERROR_TFLITE_INIT_FAILED
conv_6_10_OFF_int8.tflite,10,0.0,5.391,2868,2.0263390438880493
conv_6_10_OFF_int8.tflite,10,1.0,4.863,2868,2.026323486866049
conv_6_10_OFF_int8.tflite,10,2.0,4.855,2868,2.025734129602335
conv_6_10_OFF_int8.tflite,10,3.0,4.858,2868,2.025734129602335
conv_6_10_OFF_int8.tflite,10,4.0,4.861,2868,2.026323486866049
conv_7_15_ON_float32.tflite,15,0.0,19.915,6304,2.042613850696049
conv_7_15_ON_float32.tflite,15,1.0,19.351,6304,2.043333179676335
conv_7_15_ON_float32.tflite,15,2.0,19.347,6304,2.0427693800617637
conv_7_15_ON_float32.tflite,15,3.0,19.348,6304,2.043180957782335
conv_7_15_ON_float32.tflite,15,4.0,19.347,6304,2.0429142683369057
conv_5_15_ON_int8.tflite,15,0.0,10.024,3924,2.0523065470174777
conv_5_15_ON_int8.tflite,15,1.0,9.239,3924,2.0497145513031922
conv_5_15_ON_int8.tflite,15,2.0,9.234,3924,2.0497145513031922
conv_5_15_ON_int8.tflite,15,3.0,9.23,3924,2.0497145513031922
conv_5_15_ON_int8.tflite,15,4.0,9.238,3924,2.0502477927317635
conv_1_5_OFF_int8.tflite,5,0.0,1.451,1156,1.926116036581192
conv_1_5_OFF_int8.tflite,5,1.0,0.975,1156,1.9261435539783351
conv_1_5_OFF_int8.tflite,5,2.0,0.971,1156,1.9261435539783351
conv_1_5_OFF_int8.tflite,5,3.0,0.971,1156,1.9261435539783351
conv_1_5_OFF_int8.tflite,5,4.0,0.971,1156,1.9261435539783351
conv_3_20_ON_hybrid.tflite,20,,ERROR_TFLITE_INIT_FAILED,ERROR_TFLITE_INIT_FAILED,ERROR_TFLITE_INIT_FAILED
torch_dense_4_15_OFF_hybrid.tflite,15,,ERROR_TFLITE_INIT_FAILED,ERROR_TFLITE_INIT_FAILED,ERROR_TFLITE_INIT_FAILED
conv_7_20_ON_hybrid.tflite,20,,ERROR_TFLITE_INIT_FAILED,ERROR_TFLITE_INIT_FAILED,ERROR_TFLITE_INIT_FAILED
conv_4_20_ON_hybrid.tflite,20,,ERROR_TFLITE_INIT_FAILED,ERROR_TFLITE_INIT_FAILED,ERROR_TFLITE_INIT_FAILED
dense_8_10_OFF_int8.tflite,10,0.0,3.197,5716,2.033927730867764
dense_8_10_OFF_int8.tflite,10,1.0,2.792,5716,2.033927730867764
dense_8_10_OFF_int8.tflite,10,2.0,2.776,5716,2.033927730867764
dense_8_10_OFF_int8.tflite,10,3.0,2.792,5716,2.033927730867764
dense_8_10_OFF_int8.tflite,10,4.0,2.775,5716,2.033067571382049
torch_conv_5_10_ON_hybrid.tflite,10,0.0,10.11,4624,2.0323745816077636
torch_conv_5_10_ON_hybrid.tflite,10,1.0,9.511,4624,2.0323745816077636
torch_conv_5_10_ON_hybrid.tflite,10,2.0,9.502,4624,2.0323745816077636
torch_conv_5_10_ON_hybrid.tflite,10,3.0,9.507,4624,2.0323745816077636
torch_conv_5_10_ON_hybrid.tflite,10,4.0,9.504,4624,2.0323745816077636
torch_conv_5_15_ON_int8.tflite,15,0.0,10.03,3924,2.031749968750621
torch_conv_5_15_ON_int8.tflite,15,1.0,9.237,3924,2.031749968750621
torch_conv_5_15_ON_int8.tflite,15,2.0,9.228,3924,2.031749968750621
torch_conv_5_15_ON_int8.tflite,15,3.0,9.229,3924,2.031749968750621
torch_conv_5_15_ON_int8.tflite,15,4.0,9.237,3924,2.031749968750621
conv_4_5_OFF_hybrid.tflite,5,0.0,3.967,2400,2.0338642530023354
conv_4_5_OFF_hybrid.tflite,5,1.0,3.621,2400,2.0337943981957634
conv_4_5_OFF_hybrid.tflite,5,2.0,3.622,2400,2.033827088807192
conv_4_5_OFF_hybrid.tflite,5,3.0,3.614,2400,2.0336644055529063
conv_4_5_OFF_hybrid.tflite,5,4.0,3.622,2400,2.0337321506443344
torch_conv_10_5_OFF_hybrid.tflite,5,0.0,8.923,4128,2.0323585116077636
torch_conv_10_5_OFF_hybrid.tflite,5,1.0,8.674,4128,2.0323585116077636
torch_conv_10_5_OFF_hybrid.tflite,5,2.0,8.649,4128,2.0323585116077636
torch_conv_10_5_OFF_hybrid.tflite,5,3.0,8.665,4128,2.0323585116077636
torch_conv_10_5_OFF_hybrid.tflite,5,4.0,8.665,4128,2.0323585116077636
torch_conv_10_10_ON_int8.tflite,10,0.0,12.746,6372,2.163691679083764
torch_conv_10_10_ON_int8.tflite,10,1.0,11.97,6372,2.1220462032969065
torch_conv_10_10_ON_int8.tflite,10,2.0,11.959,6372,2.1238661060606203
torch_conv_10_10_ON_int8.tflite,10,3.0,11.951,6372,2.145941375796907
torch_conv_10_10_ON_int8.tflite,10,4.0,11.961,6372,2.1998491088180496
lstm_9_20_OFF_float32.tflite,20,,ERROR_ESP32_MALLOC_FAILED,ERROR_ESP32_MALLOC_FAILED,ERROR_ESP32_MALLOC_FAILED
torch_conv_6_5_ON_hybrid.tflite,5,0.0,6.447,4384,2.0323745816077636
torch_conv_6_5_ON_hybrid.tflite,5,1.0,5.967,4384,2.0323745816077636
torch_conv_6_5_ON_hybrid.tflite,5,2.0,5.954,4384,2.0323745816077636
torch_conv_6_5_ON_hybrid.tflite,5,3.0,5.963,4384,2.0323745816077636
torch_conv_6_5_ON_hybrid.tflite,5,4.0,5.955,4384,2.0323745816077636
conv_10_15_OFF_hybrid.tflite,15,0.0,26.496,5520,2.031714964335192
conv_10_15_OFF_hybrid.tflite,15,1.0,26.183,5520,2.0317810543351924
conv_10_15_OFF_hybrid.tflite,15,2.0,26.183,5520,2.031752720033192
conv_10_15_OFF_hybrid.tflite,15,3.0,26.192,5520,2.031720828604621
conv_10_15_OFF_hybrid.tflite,15,4.0,26.191,5520,2.031676558588335
conv_4_5_ON_int8.tflite,5,0.0,3.988,2964,2.035035684202335
conv_4_5_ON_int8.tflite,5,1.0,3.228,2964,2.035035684202335
conv_4_5_ON_int8.tflite,5,2.0,3.222,2964,2.035035684202335
conv_4_5_ON_int8.tflite,5,3.0,3.229,2964,2.035035684202335
conv_4_5_ON_int8.tflite,5,4.0,3.221,2964,2.0344720227737634
lstm_10_20_OFF_int8.tflite,20,,ERROR_ESP32_MALLOC_FAILED,ERROR_ESP32_MALLOC_FAILED,ERROR_ESP32_MALLOC_FAILED
torch_dense_4_10_OFF_float32.tflite,10,,ERROR_TFLITE_INIT_FAILED,ERROR_TFLITE_INIT_FAILED,ERROR_TFLITE_INIT_FAILED
conv_1_5_ON_hybrid.tflite,5,0.0,1.965,1760,2.17540642608462
conv_1_5_ON_hybrid.tflite,5,1.0,1.453,1760,2.1756796947126213
conv_1_5_ON_hybrid.tflite,5,2.0,1.453,1760,2.1759394805329064
conv_1_5_ON_hybrid.tflite,5,3.0,1.44,1760,2.1761091535289068
conv_1_5_ON_hybrid.tflite,5,4.0,1.453,1760,2.176020521684335
lstm_9_15_OFF_int8.tflite,15,,ERROR_ESP32_MALLOC_FAILED,ERROR_ESP32_MALLOC_FAILED,ERROR_ESP32_MALLOC_FAILED
dense_10_5_OFF_int8.tflite,5,,ERROR_TFLITE_INIT_FAILED,ERROR_TFLITE_INIT_FAILED,ERROR_TFLITE_INIT_FAILED
conv_10_5_ON_hybrid.tflite,5,0.0,9.923,6480,2.0353639965900494
conv_10_5_ON_hybrid.tflite,5,1.0,9.566,6480,2.035315506192906
conv_10_5_ON_hybrid.tflite,5,2.0,9.534,6480,2.035394774355763
conv_10_5_ON_hybrid.tflite,5,3.0,9.554,6480,2.035315506192906
conv_10_5_ON_hybrid.tflite,5,4.0,9.538,6480,2.0353308343557632
conv_6_5_OFF_int8.tflite,5,0.0,3.124,2596,2.017235703950621
conv_6_5_OFF_int8.tflite,5,1.0,2.603,2596,2.017235703950621
conv_6_5_OFF_int8.tflite,5,2.0,2.595,2596,2.019428854464907
conv_6_5_OFF_int8.tflite,5,3.0,2.608,2596,2.019428854464907
conv_6_5_OFF_int8.tflite,5,4.0,2.596,2596,2.017235703950621
dense_3_20_OFF_int8.tflite,20,0.0,1.715,3108,2.108728772321192
dense_3_20_OFF_int8.tflite,20,1.0,1.33,3108,2.108728772321192
dense_3_20_OFF_int8.tflite,20,2.0,1.318,3108,2.108728772321192
dense_3_20_OFF_int8.tflite,20,3.0,1.322,3108,2.118634854664049
dense_3_20_OFF_int8.tflite,20,4.0,1.319,3108,2.118634854664049
dense_1_15_OFF_int8.tflite,15,0.0,1.189,2228,2.031749968750621
dense_1_15_OFF_int8.tflite,15,1.0,0.819,2228,2.031749968750621
dense_1_15_OFF_int8.tflite,15,2.0,0.808,2228,2.031749968750621
dense_1_15_OFF_int8.tflite,15,3.0,0.812,2228,2.031749968750621
dense_1_15_OFF_int8.tflite,15,4.0,0.808,2228,2.031749968750621
conv_8_15_OFF_hybrid.tflite,15,0.0,21.332,4944,2.032497292791764
conv_8_15_OFF_hybrid.tflite,15,1.0,20.954,4944,2.032497292791764
conv_8_15_OFF_hybrid.tflite,15,2.0,20.951,4944,2.032481257077478
conv_8_15_OFF_hybrid.tflite,15,3.0,20.954,4944,2.032481257077478
conv_8_15_OFF_hybrid.tflite,15,4.0,20.95,4944,2.0324653688326206
conv_9_5_OFF_float32.tflite,5,0.0,8.04,3840,2.0323625612343355
conv_9_5_OFF_float32.tflite,5,1.0,7.822,3840,2.032331692009764
conv_9_5_OFF_float32.tflite,5,2.0,7.818,3840,2.032348381612621
conv_9_5_OFF_float32.tflite,5,3.0,7.822,3840,2.032364249857478
conv_9_5_OFF_float32.tflite,5,4.0,7.801,3840,2.032364394469764
conv_7_15_OFF_float32.tflite,15,0.0,18.597,4656,2.0302669723771922
conv_7_15_OFF_float32.tflite,15,1.0,18.325,4656,2.0302669723771922
conv_7_15_OFF_float32.tflite,15,2.0,18.328,4656,2.030235738091478
conv_7_15_OFF_float32.tflite,15,3.0,18.333,4656,2.030219244611478
conv_7_15_OFF_float32.tflite,15,4.0,18.329,4656,2.030155269395192
torch_dense_8_20_OFF_hybrid.tflite,20,,ERROR_TFLITE_INIT_FAILED,ERROR_TFLITE_INIT_FAILED,ERROR_TFLITE_INIT_FAILED
dense_9_15_OFF_int8.tflite,15,,ERROR_TFLITE_INIT_FAILED,ERROR_TFLITE_INIT_FAILED,ERROR_TFLITE_INIT_FAILED
lstm_7_5_OFF_int8.tflite,5,,ERROR_ESP32_MALLOC_FAILED,ERROR_ESP32_MALLOC_FAILED,ERROR_ESP32_MALLOC_FAILED
conv_6_15_ON_int8.tflite,15,0.0,11.657,4436,2.039696634674621
conv_6_15_ON_int8.tflite,15,1.0,10.863,4436,2.040260296103192
conv_6_15_ON_int8.tflite,15,2.0,10.863,4436,2.037180800388906
conv_6_15_ON_int8.tflite,15,3.0,10.851,4436,2.039696634674621
conv_6_15_ON_int8.tflite,15,4.0,10.859,4436,2.040260296103192
torch_dense_4_10_OFF_int8.tflite,10,0.0,1.911,3428,2.031749968750621
torch_dense_4_10_OFF_int8.tflite,10,1.0,1.537,3428,2.031749968750621
torch_dense_4_10_OFF_int8.tflite,10,2.0,1.525,3428,2.031749968750621
torch_dense_4_10_OFF_int8.tflite,10,3.0,1.525,3428,2.031749968750621
torch_dense_4_10_OFF_int8.tflite,10,4.0,1.526,3428,2.031749968750621
conv_6_10_ON_int8.tflite,10,0.0,8.352,4276,2.0368357156526207
conv_6_10_ON_int8.tflite,10,1.0,7.633,4276,2.0362546713669065
conv_6_10_ON_int8.tflite,10,2.0,7.628,4276,2.0337649113669065
conv_6_10_ON_int8.tflite,10,3.0,7.626,4276,2.0351561394240494
conv_6_10_ON_int8.tflite,10,4.0,7.636,4276,2.0345794408526205
conv_2_20_ON_int8.tflite,20,0.0,6.196,2500,2.0338105207469064
conv_2_20_ON_int8.tflite,20,1.0,5.489,2500,2.0338105207469064
conv_2_20_ON_int8.tflite,20,2.0,5.485,2500,2.0338105207469064
conv_2_20_ON_int8.tflite,20,3.0,5.486,2500,2.0338105207469064
conv_2_20_ON_int8.tflite,20,4.0,5.491,2500,2.0338105207469064
torch_dense_9_15_OFF_float32.tflite,15,,ERROR_TFLITE_INIT_FAILED,ERROR_TFLITE_INIT_FAILED,ERROR_TFLITE_INIT_FAILED
torch_dense_7_10_OFF_float32.tflite,10,,ERROR_TFLITE_INIT_FAILED,ERROR_TFLITE_INIT_FAILED,ERROR_TFLITE_INIT_FAILED
conv_8_10_OFF_int8.tflite,10,0.0,6.748,3444,2.0311477785089065
conv_8_10_OFF_int8.tflite,10,1.0,6.223,3444,2.0311365672011923
conv_8_10_OFF_int8.tflite,10,2.0,6.234,3444,2.0311477785089065
conv_8_10_OFF_int8.tflite,10,3.0,6.218,3444,2.0311477785089065
conv_8_10_OFF_int8.tflite,10,4.0,6.235,3444,2.0311477785089065
conv_9_20_ON_hybrid.tflite,20,,ERROR_TFLITE_INIT_FAILED,ERROR_TFLITE_INIT_FAILED,ERROR_TFLITE_INIT_FAILED
torch_conv_3_20_ON_hybrid.tflite,20,,ERROR_TFLITE_INIT_FAILED,ERROR_TFLITE_INIT_FAILED,ERROR_TFLITE_INIT_FAILED
torch_conv_7_15_OFF_int8.tflite,15,0.0,8.52,3316,2.031749968750621
torch_conv_7_15_OFF_int8.tflite,15,1.0,8.033,3316,2.031749968750621
torch_conv_7_15_OFF_int8.tflite,15,2.0,8.026,3316,2.031749968750621
torch_conv_7_15_OFF_int8.tflite,15,3.0,8.028,3316,2.031749968750621
torch_conv_7_15_OFF_int8.tflite,15,4.0,8.028,3316,2.031749968750621
dense_4_5_OFF_float32.tflite,5,,ERROR_TFLITE_INIT_FAILED,ERROR_TFLITE_INIT_FAILED,ERROR_TFLITE_INIT_FAILED
dense_4_15_OFF_int8.tflite,15,0.0,1.979,3524,2.0376521173220494
dense_4_15_OFF_int8.tflite,15,1.0,1.599,3524,2.0376521173220494
dense_4_15_OFF_int8.tflite,15,2.0,1.591,3524,2.0376521173220494
dense_4_15_OFF_int8.tflite,15,3.0,1.598,3524,2.0376521173220494
dense_4_15_OFF_int8.tflite,15,4.0,1.591,3524,2.0376521173220494
torch_conv_1_10_ON_hybrid.tflite,10,0.0,2.788,2400,2.0323745816077636
torch_conv_1_10_ON_hybrid.tflite,10,1.0,2.22,2400,2.0323745816077636
torch_conv_1_10_ON_hybrid.tflite,10,2.0,2.233,2400,2.0323745816077636
torch_conv_1_10_ON_hybrid.tflite,10,3.0,2.221,2400,2.0323745816077636
torch_conv_1_10_ON_hybrid.tflite,10,4.0,2.233,2400,2.0323745816077636
conv_5_5_ON_float32.tflite,5,0.0,5.433,3856,2.4585560304831917
conv_5_5_ON_float32.tflite,5,1.0,5.075,3856,2.4590139623631915
conv_5_5_ON_float32.tflite,5,2.0,5.044,3856,2.4588440624174774
conv_5_5_ON_float32.tflite,5,3.0,5.059,3856,2.4581553814274777
conv_5_5_ON_float32.tflite,5,4.0,5.05,3856,2.4577468359843344
dense_2_20_OFF_hybrid.tflite,20,,ERROR_TFLITE_INIT_FAILED,ERROR_TFLITE_INIT_FAILED,ERROR_TFLITE_INIT_FAILED
torch_conv_5_20_ON_float32.tflite,20,0.0,20.854,6912,2.0323745816077636
torch_conv_5_20_ON_float32.tflite,20,1.0,20.382,6912,2.0323745816077636
torch_conv_5_20_ON_float32.tflite,20,2.0,20.382,6912,2.0323745816077636
torch_conv_5_20_ON_float32.tflite,20,3.0,20.374,6912,2.0323745816077636
torch_conv_5_20_ON_float32.tflite,20,4.0,20.382,6912,2.0323745816077636
torch_dense_3_5_OFF_float32.tflite,5,0.0,0.715,1792,2.0323745816077636
torch_dense_3_5_OFF_float32.tflite,5,1.0,0.533,1792,2.0323745816077636
torch_dense_3_5_OFF_float32.tflite,5,2.0,0.526,1792,2.0323745816077636
torch_dense_3_5_OFF_float32.tflite,5,3.0,0.529,1792,2.0323745816077636
torch_dense_3_5_OFF_float32.tflite,5,4.0,0.525,1792,2.0323745816077636
conv_3_5_OFF_float32.tflite,5,0.0,3.024,2112,2.1502165253829064
conv_3_5_OFF_float32.tflite,5,1.0,2.77,2112,2.150451064211478
conv_3_5_OFF_float32.tflite,5,2.0,2.766,2112,2.1462548375229065
conv_3_5_OFF_float32.tflite,5,3.0,2.778,2112,2.1488303143914775
conv_3_5_OFF_float32.tflite,5,4.0,2.766,2112,2.149080350608621
dense_9_15_OFF_hybrid.tflite,15,,ERROR_TFLITE_INIT_FAILED,ERROR_TFLITE_INIT_FAILED,ERROR_TFLITE_INIT_FAILED
torch_dense_8_15_OFF_int8.tflite,15,0.0,3.261,5780,2.031749968750621
torch_dense_8_15_OFF_int8.tflite,15,1.0,2.853,5780,2.031749968750621
torch_dense_8_15_OFF_int8.tflite,15,2.0,2.841,5780,2.031749968750621
torch_dense_8_15_OFF_int8.tflite,15,3.0,2.837,5780,2.031749968750621
torch_dense_8_15_OFF_int8.tflite,15,4.0,2.833,5780,2.031749968750621
conv_2_20_ON_hybrid.tflite,20,0.0,7.946,4320,2.0340038099254776
conv_2_20_ON_hybrid.tflite,20,1.0,7.435,4320,2.0340038099254776
conv_2_20_ON_hybrid.tflite,20,2.0,7.432,4320,2.0340038099254776
conv_2_20_ON_hybrid.tflite,20,3.0,7.431,4320,2.0340038099254776
conv_2_20_ON_hybrid.tflite,20,4.0,7.432,4320,2.0340038099254776
torch_dense_7_10_OFF_hybrid.tflite,10,,ERROR_TFLITE_INIT_FAILED,ERROR_TFLITE_INIT_FAILED,ERROR_TFLITE_INIT_FAILED
torch_conv_4_20_OFF_int8.tflite,20,0.0,7.601,3140,2.031749968750621
torch_conv_4_20_OFF_int8.tflite,20,1.0,7.053,3140,2.031749968750621
torch_conv_4_20_OFF_int8.tflite,20,2.0,7.044,3140,2.031749968750621
torch_conv_4_20_OFF_int8.tflite,20,3.0,7.049,3140,2.031749968750621
torch_conv_4_20_OFF_int8.tflite,20,4.0,7.053,3140,2.031749968750621
dense_6_15_OFF_int8.tflite,15,0.0,2.588,4628,2.0248419211534783
dense_6_15_OFF_int8.tflite,15,1.0,2.227,4628,2.0248419211534783
dense_6_15_OFF_int8.tflite,15,2.0,2.214,4628,2.0248419211534783
dense_6_15_OFF_int8.tflite,15,3.0,2.227,4628,2.0248419211534783
dense_6_15_OFF_int8.tflite,15,4.0,2.215,4628,2.0248419211534783
torch_conv_7_5_ON_float32.tflite,5,0.0,7.377,4912,2.0323745816077636
torch_conv_7_5_ON_float32.tflite,5,1.0,6.854,4912,2.0323745816077636
torch_conv_7_5_ON_float32.tflite,5,2.0,6.862,4912,2.0323745816077636
torch_conv_7_5_ON_float32.tflite,5,3.0,6.866,4912,2.0323745816077636
torch_conv_7_5_ON_float32.tflite,5,4.0,6.861,4912,2.0323745816077636
conv_6_10_ON_hybrid.tflite,10,0.0,11.76,5136,2.034753378074049
conv_6_10_ON_hybrid.tflite,10,1.0,11.315,5136,2.034880645940621
conv_6_10_ON_hybrid.tflite,10,2.0,11.295,5136,2.03520016784062
conv_6_10_ON_hybrid.tflite,10,3.0,11.307,5136,2.0349382051597638
conv_6_10_ON_hybrid.tflite,10,4.0,11.295,5136,2.0352319285834777
torch_conv_2_20_ON_hybrid.tflite,20,0.0,7.875,4320,2.0323745816077636
torch_conv_2_20_ON_hybrid.tflite,20,1.0,7.435,4320,2.0323745816077636
torch_conv_2_20_ON_hybrid.tflite,20,2.0,7.431,4320,2.0323745816077636
torch_conv_2_20_ON_hybrid.tflite,20,3.0,7.435,4320,2.0323745816077636
torch_conv_2_20_ON_hybrid.tflite,20,4.0,7.431,4320,2.0323745816077636
lstm_1_5_OFF_hybrid.tflite,5,,ERROR_TFLITE_INIT_FAILED,ERROR_TFLITE_INIT_FAILED,ERROR_TFLITE_INIT_FAILED
dense_2_20_OFF_int8.tflite,20,0.0,1.404,2596,2.033084591093478
dense_2_20_OFF_int8.tflite,20,1.0,0.992,2596,2.033084591093478
dense_2_20_OFF_int8.tflite,20,2.0,0.98,2596,2.033084591093478
dense_2_20_OFF_int8.tflite,20,3.0,0.976,2596,2.033084591093478
dense_2_20_OFF_int8.tflite,20,4.0,0.972,2596,2.033084591093478
torch_dense_6_5_OFF_float32.tflite,5,,ERROR_TFLITE_INIT_FAILED,ERROR_TFLITE_INIT_FAILED,ERROR_TFLITE_INIT_FAILED
conv_3_20_OFF_hybrid.tflite,20,,ERROR_TFLITE_INIT_FAILED,ERROR_TFLITE_INIT_FAILED,ERROR_TFLITE_INIT_FAILED
lstm_9_5_OFF_float32.tflite,5,,ERROR_ESP32_MALLOC_FAILED,ERROR_ESP32_MALLOC_FAILED,ERROR_ESP32_MALLOC_FAILED
conv_6_10_OFF_hybrid.tflite,10,0.0,10.9,3728,2.0269109141709065
conv_6_10_OFF_hybrid.tflite,10,1.0,10.536,3728,2.0267884373480496
conv_6_10_OFF_hybrid.tflite,10,2.0,10.539,3728,2.0267904199229068
conv_6_10_OFF_hybrid.tflite,10,3.0,10.536,3728,2.0265715512960494
conv_6_10_OFF_hybrid.tflite,10,4.0,10.532,3728,2.026504255981478
dense_1_5_OFF_float32.tflite,5,0.0,0.498,1376,2.031918972748907
dense_1_5_OFF_float32.tflite,5,1.0,0.332,1376,2.031918972748907
dense_1_5_OFF_float32.tflite,5,2.0,0.32,1376,2.031918745279478
dense_1_5_OFF_float32.tflite,5,3.0,0.324,1376,2.031934686708049
dense_1_5_OFF_float32.tflite,5,4.0,0.32,1376,2.031918745279478
torch_conv_2_20_ON_float32.tflite,20,0.0,7.931,4320,2.0323745816077636
torch_conv_2_20_ON_float32.tflite,20,1.0,7.452,4320,2.0323745816077636
torch_conv_2_20_ON_float32.tflite,20,2.0,7.439,4320,2.0323745816077636
torch_conv_2_20_ON_float32.tflite,20,3.0,7.447,4320,2.0323745816077636
torch_conv_2_20_ON_float32.tflite,20,4.0,7.439,4320,2.0323745816077636
torch_dense_4_15_OFF_float32.tflite,15,,ERROR_TFLITE_INIT_FAILED,ERROR_TFLITE_INIT_FAILED,ERROR_TFLITE_INIT_FAILED
dense_5_5_OFF_float32.tflite,5,,ERROR_TFLITE_INIT_FAILED,ERROR_TFLITE_INIT_FAILED,ERROR_TFLITE_INIT_FAILED
torch_conv_10_5_ON_hybrid.tflite,5,0.0,9.936,6480,2.679233960401764
torch_conv_10_5_ON_hybrid.tflite,5,1.0,9.562,6480,2.678371703327192
torch_conv_10_5_ON_hybrid.tflite,5,2.0,9.554,6480,2.6777935326060494
torch_conv_10_5_ON_hybrid.tflite,5,3.0,9.554,6480,2.677512542916335
torch_conv_10_5_ON_hybrid.tflite,5,4.0,9.554,6480,2.678528108987192
dense_9_5_OFF_float32.tflite,5,,ERROR_TFLITE_INIT_FAILED,ERROR_TFLITE_INIT_FAILED,ERROR_TFLITE_INIT_FAILED
dense_6_5_OFF_int8.tflite,5,0.0,2.499,4564,2.0383757077220492
dense_6_5_OFF_int8.tflite,5,1.0,2.099,4564,2.0383757077220492
dense_6_5_OFF_int8.tflite,5,2.0,2.091,4564,2.035792403436335
dense_6_5_OFF_int8.tflite,5,3.0,2.086,4564,2.0375068568077634
dense_6_5_OFF_int8.tflite,5,4.0,2.083,4564,2.035792403436335
conv_10_5_OFF_hybrid.tflite,5,0.0,8.963,4128,2.032355743066621
conv_10_5_OFF_hybrid.tflite,5,1.0,8.658,4128,2.0323717987809067
conv_10_5_OFF_hybrid.tflite,5,2.0,8.662,4128,2.0323717987809067
conv_10_5_OFF_hybrid.tflite,5,3.0,8.657,4128,2.0323717987809067
conv_10_5_OFF_hybrid.tflite,5,4.0,8.654,4128,2.032355743066621
conv_5_15_OFF_int8.tflite,15,0.0,6.485,2740,2.054150068629764
conv_5_15_OFF_int8.tflite,15,1.0,5.965,2740,2.054150068629764
conv_5_15_OFF_int8.tflite,15,2.0,5.957,2740,2.0471628929154777
conv_5_15_OFF_int8.tflite,15,3.0,5.952,2740,2.054150068629764
conv_5_15_OFF_int8.tflite,15,4.0,5.956,2740,2.0465643543440493
lstm_1_5_OFF_int8.tflite,5,0.0,6.328,11636,2.268509486772335
lstm_1_5_OFF_int8.tflite,5,1.0,5.768,11636,2.262710199954335
lstm_1_5_OFF_int8.tflite,5,2.0,5.764,11636,2.265608138745764
lstm_1_5_OFF_int8.tflite,5,3.0,5.759,11636,2.265608138745764
lstm_1_5_OFF_int8.tflite,5,4.0,5.759,11636,2.262263108745764
conv_9_15_OFF_float32.tflite,15,0.0,24.014,5232,2.030014494619192
conv_9_15_OFF_float32.tflite,15,1.0,23.577,5232,2.030030347476335
conv_9_15_OFF_float32.tflite,15,2.0,23.565,5232,2.0299855489706204
conv_9_15_OFF_float32.tflite,15,3.0,23.564,5232,2.0299538518277633
conv_9_15_OFF_float32.tflite,15,4.0,23.564,5232,2.0298648101220493
torch_conv_7_10_ON_hybrid.tflite,10,0.0,13.631,5664,2.0323585116077636
torch_conv_7_10_ON_hybrid.tflite,10,1.0,13.121,5664,2.0323585116077636
torch_conv_7_10_ON_hybrid.tflite,10,2.0,13.12,5664,2.0323585116077636
torch_conv_7_10_ON_hybrid.tflite,10,3.0,13.128,5664,2.0323585116077636
torch_conv_7_10_ON_hybrid.tflite,10,4.0,13.116,5664,2.0323585116077636
torch_conv_8_20_OFF_float32.tflite,20,,ERROR_TFLITE_INIT_FAILED,ERROR_TFLITE_INIT_FAILED,ERROR_TFLITE_INIT_FAILED
lstm_6_10_OFF_float32.tflite,10,,ERROR_ESP32_MALLOC_FAILED,ERROR_ESP32_MALLOC_FAILED,ERROR_ESP32_MALLOC_FAILED
lstm_10_5_OFF_float32.tflite,5,,ERROR_ESP32_MALLOC_FAILED,ERROR_ESP32_MALLOC_FAILED,ERROR_ESP32_MALLOC_FAILED
torch_dense_1_15_OFF_float32.tflite,15,0.0,0.634,1904,2.0323088201029065
torch_dense_1_15_OFF_float32.tflite,15,1.0,0.444,1904,2.0324375301029067
torch_dense_1_15_OFF_float32.tflite,15,2.0,0.428,1904,2.0324215601029065
torch_dense_1_15_OFF_float32.tflite,15,3.0,0.431,1904,2.032393058331478
torch_dense_1_15_OFF_float32.tflite,15,4.0,0.427,1904,2.0324557040457636
dense_8_10_OFF_float32.tflite,10,,ERROR_TFLITE_INIT_FAILED,ERROR_TFLITE_INIT_FAILED,ERROR_TFLITE_INIT_FAILED
lstm_1_20_OFF_hybrid.tflite,20,,ERROR_TFLITE_INIT_FAILED,ERROR_TFLITE_INIT_FAILED,ERROR_TFLITE_INIT_FAILED
conv_2_15_ON_hybrid.tflite,15,0.0,6.197,3680,2.033620891989192
conv_2_15_ON_hybrid.tflite,15,1.0,5.763,3680,2.0335985605769067
conv_2_15_ON_hybrid.tflite,15,2.0,5.755,3680,2.0335356091483354
conv_2_15_ON_hybrid.tflite,15,3.0,5.747,3680,2.0335512705769068
conv_2_15_ON_hybrid.tflite,15,4.0,5.731,3680,2.0335666331074784
torch_conv_5_20_OFF_int8.tflite,20,0.0,8.971,3428,2.031749968750621
torch_conv_5_20_OFF_int8.tflite,20,1.0,8.437,3428,2.031749968750621
torch_conv_5_20_OFF_int8.tflite,20,2.0,8.444,3428,2.031749968750621
torch_conv_5_20_OFF_int8.tflite,20,3.0,8.441,3428,2.031749968750621
torch_conv_5_20_OFF_int8.tflite,20,4.0,8.441,3428,2.031749968750621
torch_conv_10_15_ON_float32.tflite,15,0.0,28.065,7872,2.0325082330760496
torch_conv_10_15_ON_float32.tflite,15,1.0,27.497,7872,2.0324413241237638
torch_conv_10_15_ON_float32.tflite,15,2.0,27.502,7872,2.032506136764906
torch_conv_10_15_ON_float32.tflite,15,3.0,27.501,7872,2.0324304289829067
torch_conv_10_15_ON_float32.tflite,15,4.0,27.493,7872,2.0324743150400493
lstm_2_10_OFF_hybrid.tflite,10,,ERROR_TFLITE_INIT_FAILED,ERROR_TFLITE_INIT_FAILED,ERROR_TFLITE_INIT_FAILED
torch_conv_4_5_ON_int8.tflite,5,0.0,3.976,2964,2.031749968750621
torch_conv_4_5_ON_int8.tflite,5,1.0,3.238,2964,2.031749968750621
torch_conv_4_5_ON_int8.tflite,5,2.0,3.221,2964,2.031749968750621
torch_conv_4_5_ON_int8.tflite,5,3.0,3.221,2964,2.031749968750621
torch_conv_4_5_ON_int8.tflite,5,4.0,3.228,2964,2.031749968750621
torch_conv_5_10_OFF_float32.tflite,10,0.0,9.219,3440,2.032474593036335
torch_conv_5_10_OFF_float32.tflite,10,1.0,8.799,3440,2.032474593036335
torch_conv_5_10_OFF_float32.tflite,10,2.0,8.798,3440,2.032474593036335
torch_conv_5_10_OFF_float32.tflite,10,3.0,8.799,3440,2.032474593036335
torch_conv_5_10_OFF_float32.tflite,10,4.0,8.799,3440,2.032474593036335
conv_10_15_ON_hybrid.tflite,15,0.0,27.958,7872,2.043954319809478
conv_10_15_ON_hybrid.tflite,15,1.0,27.502,7872,2.0438862437143346
conv_10_15_ON_hybrid.tflite,15,2.0,27.497,7872,2.0439909073494777
conv_10_15_ON_hybrid.tflite,15,3.0,27.49,7872,2.0440512241494777
conv_10_15_ON_hybrid.tflite,15,4.0,27.497,7872,2.0439783959209064
dense_3_5_OFF_int8.tflite,5,0.0,1.56,2900,2.023780586179192
dense_3_5_OFF_int8.tflite,5,1.0,1.139,2900,2.023780586179192
dense_3_5_OFF_int8.tflite,5,2.0,1.123,2900,2.023780586179192
dense_3_5_OFF_int8.tflite,5,3.0,1.127,2900,2.0170192152077635
dense_3_5_OFF_int8.tflite,5,4.0,1.123,2900,2.0204038280077636
torch_dense_5_10_OFF_int8.tflite,10,0.0,2.213,4020,2.031749968750621
torch_dense_5_10_OFF_int8.tflite,10,1.0,1.852,4020,2.031749968750621
torch_dense_5_10_OFF_int8.tflite,10,2.0,1.84,4020,2.031749968750621
torch_dense_5_10_OFF_int8.tflite,10,3.0,1.844,4020,2.031749968750621
torch_dense_5_10_OFF_int8.tflite,10,4.0,1.84,4020,2.031749968750621
conv_9_20_OFF_float32.tflite,20,,ERROR_TFLITE_INIT_FAILED,ERROR_TFLITE_INIT_FAILED,ERROR_TFLITE_INIT_FAILED
torch_dense_9_5_OFF_float32.tflite,5,,ERROR_TFLITE_INIT_FAILED,ERROR_TFLITE_INIT_FAILED,ERROR_TFLITE_INIT_FAILED
dense_3_20_OFF_float32.tflite,20,0.0,0.901,2528,2.073858472017192
dense_3_20_OFF_float32.tflite,20,1.0,0.692,2528,2.0741042671086207
dense_3_20_OFF_float32.tflite,20,2.0,0.684,2528,2.074203989354335
dense_3_20_OFF_float32.tflite,20,3.0,0.693,2528,2.074168024375192
dense_3_20_OFF_float32.tflite,20,4.0,0.684,2528,2.0742705013694778
conv_1_10_OFF_hybrid.tflite,10,0.0,2.098,1904,2.0397294673057638
conv_1_10_OFF_hybrid.tflite,10,1.0,1.844,1904,2.0397926501629065
conv_1_10_OFF_hybrid.tflite,10,2.0,1.84,1904,2.0396505601629062
conv_1_10_OFF_hybrid.tflite,10,3.0,1.844,1904,2.039666290162906
conv_1_10_OFF_hybrid.tflite,10,4.0,1.841,1904,2.0402193858771924
dense_2_15_OFF_hybrid.tflite,15,,ERROR_TFLITE_INIT_FAILED,ERROR_TFLITE_INIT_FAILED,ERROR_TFLITE_INIT_FAILED
torch_conv_10_10_OFF_float32.tflite,10,0.0,17.804,4880,2.0323745816077636
torch_conv_10_10_OFF_float32.tflite,10,1.0,17.452,4880,2.0323745816077636
torch_conv_10_10_OFF_float32.tflite,10,2.0,17.456,4880,2.0323745816077636
torch_conv_10_10_OFF_float32.tflite,10,3.0,17.444,4880,2.0323745816077636
torch_conv_10_10_OFF_float32.tflite,10,4.0,17.456,4880,2.0323745816077636
torch_conv_1_10_OFF_int8.tflite,10,0.0,1.886,1252,2.031749968750621
torch_conv_1_10_OFF_int8.tflite,10,1.0,1.385,1252,2.031749968750621
torch_conv_1_10_OFF_int8.tflite,10,2.0,1.369,1252,2.031749968750621
torch_conv_1_10_OFF_int8.tflite,10,3.0,1.374,1252,2.031749968750621
torch_conv_1_10_OFF_int8.tflite,10,4.0,1.37,1252,2.031749968750621
torch_dense_10_20_OFF_hybrid.tflite,20,,ERROR_TFLITE_INIT_FAILED,ERROR_TFLITE_INIT_FAILED,ERROR_TFLITE_INIT_FAILED
dense_3_20_OFF_hybrid.tflite,20,,ERROR_TFLITE_INIT_FAILED,ERROR_TFLITE_INIT_FAILED,ERROR_TFLITE_INIT_FAILED
conv_7_5_OFF_float32.tflite,5,0.0,6.463,3264,2.0311783946723354
conv_7_5_OFF_float32.tflite,5,1.0,6.147,3264,2.0311580692820494
conv_7_5_OFF_float32.tflite,5,2.0,6.146,3264,2.0312981978509064
conv_7_5_OFF_float32.tflite,5,3.0,6.149,3264,2.0313912542157633
conv_7_5_OFF_float32.tflite,5,4.0,6.145,3264,2.0313918323786204
torch_conv_3_5_ON_hybrid.tflite,5,0.0,3.751,2816,2.0323745816077636
torch_conv_3_5_ON_hybrid.tflite,5,1.0,3.291,2816,2.0323745816077636
torch_conv_3_5_ON_hybrid.tflite,5,2.0,3.278,2816,2.0323745816077636
torch_conv_3_5_ON_hybrid.tflite,5,3.0,3.279,2816,2.0323745816077636
torch_conv_3_5_ON_hybrid.tflite,5,4.0,3.279,2816,2.0323745816077636
conv_10_10_OFF_hybrid.tflite,10,0.0,17.765,4880,2.062231795738621
conv_10_10_OFF_hybrid.tflite,10,1.0,17.455,4880,2.0619971054283353
conv_10_10_OFF_hybrid.tflite,10,2.0,17.451,4880,2.061944287183478
conv_10_10_OFF_hybrid.tflite,10,3.0,17.448,4880,2.062245258269192
conv_10_10_OFF_hybrid.tflite,10,4.0,17.451,4880,2.0628110214011923
torch_conv_4_5_OFF_hybrid.tflite,5,0.0,3.839,2400,2.0323745816077636
torch_conv_4_5_OFF_hybrid.tflite,5,1.0,3.614,2400,2.0323745816077636
torch_conv_4_5_OFF_hybrid.tflite,5,2.0,3.61,2400,2.0323745816077636
torch_conv_4_5_OFF_hybrid.tflite,5,3.0,3.614,2400,2.0323745816077636
torch_conv_4_5_OFF_hybrid.tflite,5,4.0,3.619,2400,2.0323745816077636
conv_1_10_ON_float32.tflite,10,0.0,2.656,2400,2.232277165901478
conv_1_10_ON_float32.tflite,10,1.0,2.276,2400,2.2323586512071922
conv_1_10_ON_float32.tflite,10,2.0,2.251,2400,2.2322888640806213
conv_1_10_ON_float32.tflite,10,3.0,2.26,2400,2.2321951397949062
conv_1_10_ON_float32.tflite,10,4.0,2.252,2400,2.231783246872049
lstm_4_20_OFF_float32.tflite,20,,ERROR_ESP32_MALLOC_FAILED,ERROR_ESP32_MALLOC_FAILED,ERROR_ESP32_MALLOC_FAILED
torch_dense_7_20_OFF_float32.tflite,20,,ERROR_TFLITE_INIT_FAILED,ERROR_TFLITE_INIT_FAILED,ERROR_TFLITE_INIT_FAILED
conv_8_5_ON_int8.tflite,5,0.0,6.149,5060,2.4002855785843353
conv_8_5_ON_int8.tflite,5,1.0,5.407,5060,2.4002855785843353
conv_8_5_ON_int8.tflite,5,2.0,5.403,5060,2.400171460238621
conv_8_5_ON_int8.tflite,5,3.0,5.403,5060,2.398053387250049
conv_8_5_ON_int8.tflite,5,4.0,5.402,5060,2.400171460238621
conv_10_15_ON_float32.tflite,15,0.0,28.08,7872,2.043954319809478
conv_10_15_ON_float32.tflite,15,1.0,27.509,7872,2.0438862437143346
conv_10_15_ON_float32.tflite,15,2.0,27.493,7872,2.0439909073494777
conv_10_15_ON_float32.tflite,15,3.0,27.505,7872,2.0440512241494777
conv_10_15_ON_float32.tflite,15,4.0,27.501,7872,2.0439783959209064
torch_conv_10_20_OFF_float32.tflite,20,,ERROR_TFLITE_INIT_FAILED,ERROR_TFLITE_INIT_FAILED,ERROR_TFLITE_INIT_FAILED
conv_1_5_ON_int8.tflite,5,0.0,2.342,1380,2.170574786218906
conv_1_5_ON_int8.tflite,5,1.0,1.603,1380,2.1707079003837633
conv_1_5_ON_int8.tflite,5,2.0,1.598,1380,2.1705981277523345
conv_1_5_ON_int8.tflite,5,3.0,1.591,1380,2.1714790396951917
conv_1_5_ON_int8.tflite,5,4.0,1.592,1380,2.1705981277523345
conv_4_10_ON_float32.tflite,10,0.0,8.292,4096,2.051890164887478
conv_4_10_ON_float32.tflite,10,1.0,7.713,4096,2.051970119908335
conv_4_10_ON_float32.tflite,10,2.0,7.699,4096,2.0521270549834774
conv_4_10_ON_float32.tflite,10,3.0,7.709,4096,2.052191818221478
conv_4_10_ON_float32.tflite,10,4.0,7.701,4096,2.051914266074049
conv_1_5_ON_float32.tflite,5,0.0,1.861,1760,2.17540642608462
conv_1_5_ON_float32.tflite,5,1.0,1.5,1760,2.1756796947126213
conv_1_5_ON_float32.tflite,5,2.0,1.468,1760,2.1759394805329064
conv_1_5_ON_float32.tflite,5,3.0,1.476,1760,2.1761091535289068
conv_1_5_ON_float32.tflite,5,4.0,1.468,1760,2.176020521684335
dense_10_10_OFF_int8.tflite,10,,ERROR_TFLITE_INIT_FAILED,ERROR_TFLITE_INIT_FAILED,ERROR_TFLITE_INIT_FAILED
conv_4_5_OFF_float32.tflite,5,0.0,3.86,2400,2.0338642530023354
conv_4_5_OFF_float32.tflite,5,1.0,3.618,2400,2.0337943981957634
conv_4_5_OFF_float32.tflite,5,2.0,3.61,2400,2.033827088807192
conv_4_5_OFF_float32.tflite,5,3.0,3.613,2400,2.0336644055529063
conv_4_5_OFF_float32.tflite,5,4.0,3.615,2400,2.0337321506443344
torch_conv_7_10_ON_int8.tflite,10,0.0,9.471,4804,2.031749968750621
torch_conv_7_10_ON_int8.tflite,10,1.0,8.715,4804,2.031749968750621
torch_conv_7_10_ON_int8.tflite,10,2.0,8.715,4804,2.031749968750621
torch_conv_7_10_ON_int8.tflite,10,3.0,8.706,4804,2.031749968750621
torch_conv_7_10_ON_int8.tflite,10,4.0,8.714,4804,2.031749968750621
torch_conv_10_5_ON_int8.tflite,5,0.0,7.174,6100,2.395691457327478
torch_conv_10_5_ON_int8.tflite,5,1.0,6.496,6100,2.395691457327478
torch_conv_10_5_ON_int8.tflite,5,2.0,6.485,6100,2.395691457327478
torch_conv_10_5_ON_int8.tflite,5,3.0,6.485,6100,2.395691457327478
torch_conv_10_5_ON_int8.tflite,5,4.0,6.484,6100,2.395691457327478
torch_conv_5_20_OFF_float32.tflite,20,0.0,19.868,5728,2.0323745816077636
torch_conv_5_20_OFF_float32.tflite,20,1.0,19.464,5728,2.0323745816077636
torch_conv_5_20_OFF_float32.tflite,20,2.0,19.468,5728,2.0323745816077636
torch_conv_5_20_OFF_float32.tflite,20,3.0,19.464,5728,2.0323745816077636
torch_conv_5_20_OFF_float32.tflite,20,4.0,19.468,5728,2.0323745816077636
lstm_9_20_OFF_hybrid.tflite,20,,ERROR_ESP32_MALLOC_FAILED,ERROR_ESP32_MALLOC_FAILED,ERROR_ESP32_MALLOC_FAILED
torch_conv_7_15_ON_float32.tflite,15,0.0,19.827,6304,2.0323745816077636
torch_conv_7_15_ON_float32.tflite,15,1.0,19.355,6304,2.0323745816077636
torch_conv_7_15_ON_float32.tflite,15,2.0,19.343,6304,2.0323745816077636
torch_conv_7_15_ON_float32.tflite,15,3.0,19.352,6304,2.0323745816077636
torch_conv_7_15_ON_float32.tflite,15,4.0,19.343,6304,2.0323745816077636
lstm_5_20_OFF_hybrid.tflite,20,,ERROR_ESP32_MALLOC_FAILED,ERROR_ESP32_MALLOC_FAILED,ERROR_ESP32_MALLOC_FAILED
lstm_6_15_OFF_hybrid.tflite,15,,ERROR_ESP32_MALLOC_FAILED,ERROR_ESP32_MALLOC_FAILED,ERROR_ESP32_MALLOC_FAILED
dense_7_20_OFF_hybrid.tflite,20,,ERROR_TFLITE_INIT_FAILED,ERROR_TFLITE_INIT_FAILED,ERROR_TFLITE_INIT_FAILED
torch_dense_4_20_OFF_int8.tflite,20,0.0,2.099,3620,2.031749968750621
torch_dense_4_20_OFF_int8.tflite,20,1.0,1.667,3620,2.031749968750621
torch_dense_4_20_OFF_int8.tflite,20,2.0,1.65,3620,2.031749968750621
torch_dense_4_20_OFF_int8.tflite,20,3.0,1.654,3620,2.031749968750621
torch_dense_4_20_OFF_int8.tflite,20,4.0,1.65,3620,2.031749968750621
conv_9_5_ON_float32.tflite,5,0.0,9.112,5952,2.0329384947706206
conv_9_5_ON_float32.tflite,5,1.0,8.656,5952,2.032903347970621
conv_9_5_ON_float32.tflite,5,2.0,8.647,5952,2.0329384947706206
conv_9_5_ON_float32.tflite,5,3.0,8.644,5952,2.0329384947706206
conv_9_5_ON_float32.tflite,5,4.0,8.644,5952,2.0328872776277636
torch_dense_5_10_OFF_float32.tflite,10,,ERROR_TFLITE_INIT_FAILED,ERROR_TFLITE_INIT_FAILED,ERROR_TFLITE_INIT_FAILED
conv_2_5_OFF_float32.tflite,5,0.0,2.211,1824,2.085976242546049
conv_2_5_OFF_float32.tflite,5,1.0,1.926,1824,2.0858956664706207
conv_2_5_OFF_float32.tflite,5,2.0,1.922,1824,2.0860578642826204
conv_2_5_OFF_float32.tflite,5,3.0,1.925,1824,2.086011964547478
conv_2_5_OFF_float32.tflite,5,4.0,1.921,1824,2.0862676987969064
lstm_5_10_OFF_int8.tflite,10,,ERROR_ESP32_MALLOC_FAILED,ERROR_ESP32_MALLOC_FAILED,ERROR_ESP32_MALLOC_FAILED
torch_conv_1_20_OFF_int8.tflite,20,0.0,2.679,1508,2.031749968750621
torch_conv_1_20_OFF_int8.tflite,20,1.0,2.179,1508,2.031749968750621
torch_conv_1_20_OFF_int8.tflite,20,2.0,2.179,1508,2.031749968750621
torch_conv_1_20_OFF_int8.tflite,20,3.0,2.174,1508,2.031749968750621
torch_conv_1_20_OFF_int8.tflite,20,4.0,2.171,1508,2.031749968750621
conv_4_15_OFF_int8.tflite,15,0.0,5.428,2452,2.047710803089764
conv_4_15_OFF_int8.tflite,15,1.0,4.924,2452,2.047710803089764
conv_4_15_OFF_int8.tflite,15,2.0,4.924,2452,2.047710803089764
conv_4_15_OFF_int8.tflite,15,3.0,4.92,2452,2.047710803089764
conv_4_15_OFF_int8.tflite,15,4.0,4.925,2452,2.047710803089764
conv_2_20_OFF_int8.tflite,20,0.0,4.072,2036,2.031749968750621
conv_2_20_OFF_int8.tflite,20,1.0,3.576,2036,2.031749968750621
conv_2_20_OFF_int8.tflite,20,2.0,3.568,2036,2.031749968750621
conv_2_20_OFF_int8.tflite,20,3.0,3.572,2036,2.031749968750621
conv_2_20_OFF_int8.tflite,20,4.0,3.567,2036,2.031749968750621
torch_conv_9_5_OFF_int8.tflite,5,0.0,4.058,3460,2.031749968750621
torch_conv_9_5_OFF_int8.tflite,5,1.0,3.586,3460,2.031749968750621
torch_conv_9_5_OFF_int8.tflite,5,2.0,3.585,3460,2.031749968750621
torch_conv_9_5_OFF_int8.tflite,5,3.0,3.59,3460,2.031749968750621
torch_conv_9_5_OFF_int8.tflite,5,4.0,3.578,3460,2.031749968750621
torch_conv_4_5_OFF_int8.tflite,5,0.0,2.416,2020,2.031749968750621
torch_conv_4_5_OFF_int8.tflite,5,1.0,1.952,2020,2.031749968750621
torch_conv_4_5_OFF_int8.tflite,5,2.0,1.936,2020,2.031749968750621
torch_conv_4_5_OFF_int8.tflite,5,3.0,1.94,2020,2.031749968750621
torch_conv_4_5_OFF_int8.tflite,5,4.0,1.936,2020,2.031749968750621
torch_conv_8_20_ON_int8.tflite,20,0.0,21.106,6436,2.0355293198326208
torch_conv_8_20_ON_int8.tflite,20,1.0,20.343,6436,2.0361408955469065
torch_conv_8_20_ON_int8.tflite,20,2.0,20.346,6436,2.0361408955469065
torch_conv_8_20_ON_int8.tflite,20,3.0,20.339,6436,2.0361408955469065
torch_conv_8_20_ON_int8.tflite,20,4.0,20.344,6436,2.0355293198326208
dense_2_10_OFF_int8.tflite,10,0.0,1.245,2404,2.027135849385192
dense_2_10_OFF_int8.tflite,10,1.0,0.86,2404,2.0265678422423345
dense_2_10_OFF_int8.tflite,10,2.0,0.852,2404,2.0214553515186204
dense_2_10_OFF_int8.tflite,10,3.0,0.852,2404,2.0214553515186204
dense_2_10_OFF_int8.tflite,10,4.0,0.852,2404,2.0239053841806203
conv_8_5_OFF_int8.tflite,5,0.0,3.735,3172,2.036191500353478
conv_8_5_OFF_int8.tflite,5,1.0,3.268,3172,2.036540548236335
conv_8_5_OFF_int8.tflite,5,2.0,3.263,3172,2.036540548236335
conv_8_5_OFF_int8.tflite,5,3.0,3.256,3172,2.036191500353478
conv_8_5_OFF_int8.tflite,5,4.0,3.263,3172,2.036191500353478
conv_7_10_ON_hybrid.tflite,10,0.0,13.715,5664,2.0367178343166206
conv_7_10_ON_hybrid.tflite,10,1.0,13.132,5664,2.036572640030906
conv_7_10_ON_hybrid.tflite,10,2.0,13.124,5664,2.0366736825917635
conv_7_10_ON_hybrid.tflite,10,3.0,13.128,5664,2.036696391163192
conv_7_10_ON_hybrid.tflite,10,4.0,13.128,5664,2.0367029000194776
conv_10_20_ON_hybrid.tflite,20,,ERROR_TFLITE_INIT_FAILED,ERROR_TFLITE_INIT_FAILED,ERROR_TFLITE_INIT_FAILED
torch_conv_10_5_ON_float32.tflite,5,0.0,9.923,6480,2.679233960401764
torch_conv_10_5_ON_float32.tflite,5,1.0,9.566,6480,2.678371703327192
torch_conv_10_5_ON_float32.tflite,5,2.0,9.542,6480,2.6777935326060494
torch_conv_10_5_ON_float32.tflite,5,3.0,9.547,6480,2.677512542916335
torch_conv_10_5_ON_float32.tflite,5,4.0,9.542,6480,2.678528108987192
lstm_3_15_OFF_hybrid.tflite,15,,ERROR_TFLITE_INIT_FAILED,ERROR_TFLITE_INIT_FAILED,ERROR_TFLITE_INIT_FAILED
torch_conv_8_20_ON_float32.tflite,20,,ERROR_TFLITE_INIT_FAILED,ERROR_TFLITE_INIT_FAILED,ERROR_TFLITE_INIT_FAILED
lstm_3_20_OFF_float32.tflite,20,,ERROR_ESP32_MALLOC_FAILED,ERROR_ESP32_MALLOC_FAILED,ERROR_ESP32_MALLOC_FAILED
dense_10_5_OFF_float32.tflite,5,,ERROR_TFLITE_INIT_FAILED,ERROR_TFLITE_INIT_FAILED,ERROR_TFLITE_INIT_FAILED
conv_9_10_ON_float32.tflite,10,0.0,17.215,6720,2.0353857457226203
conv_9_10_ON_float32.tflite,10,1.0,16.77,6720,2.0355269165169063
conv_9_10_ON_float32.tflite,10,2.0,16.758,6720,2.0354771657389064
conv_9_10_ON_float32.tflite,10,3.0,16.753,6720,2.0355269165169063
conv_9_10_ON_float32.tflite,10,4.0,16.758,6720,2.035442514636906
torch_conv_9_15_ON_float32.tflite,15,0.0,25.214,7360,2.0332952207360493
torch_conv_9_15_ON_float32.tflite,15,1.0,24.794,7360,2.033372934116621
torch_conv_9_15_ON_float32.tflite,15,2.0,24.781,7360,2.033239926487192
torch_conv_9_15_ON_float32.tflite,15,3.0,24.786,7360,2.0332269537077634
torch_conv_9_15_ON_float32.tflite,15,4.0,24.782,7360,2.0333159413766206
conv_8_15_ON_hybrid.tflite,15,0.0,22.5,6832,2.037809352226049
conv_8_15_ON_hybrid.tflite,15,1.0,22.071,6832,2.0379246253811925
conv_8_15_ON_hybrid.tflite,15,2.0,22.067,6832,2.0382768531469067
conv_8_15_ON_hybrid.tflite,15,3.0,22.063,6832,2.0380440534240494
conv_8_15_ON_hybrid.tflite,15,4.0,22.059,6832,2.038461328630621
dense_4_20_OFF_hybrid.tflite,20,,ERROR_TFLITE_INIT_FAILED,ERROR_TFLITE_INIT_FAILED,ERROR_TFLITE_INIT_FAILED
torch_conv_2_5_ON_float32.tflite,5,0.0,2.789,2288,2.0323745816077636
torch_conv_2_5_ON_float32.tflite,5,1.0,2.396,2288,2.0323745816077636
torch_conv_2_5_ON_float32.tflite,5,2.0,2.39,2288,2.0323745816077636
torch_conv_2_5_ON_float32.tflite,5,3.0,2.388,2288,2.0323745816077636
torch_conv_2_5_ON_float32.tflite,5,4.0,2.384,2288,2.0323745816077636
dense_10_20_OFF_int8.tflite,20,,ERROR_TFLITE_INIT_FAILED,ERROR_TFLITE_INIT_FAILED,ERROR_TFLITE_INIT_FAILED
lstm_4_5_OFF_int8.tflite,5,,ERROR_TFLITE_INIT_FAILED,ERROR_TFLITE_INIT_FAILED,ERROR_TFLITE_INIT_FAILED
conv_5_20_OFF_hybrid.tflite,20,,ERROR_TFLITE_INIT_FAILED,ERROR_TFLITE_INIT_FAILED,ERROR_TFLITE_INIT_FAILED
dense_5_5_OFF_int8.tflite,5,0.0,2.207,4020,2.032799363119192
dense_5_5_OFF_int8.tflite,5,1.0,1.794,4020,2.032799363119192
dense_5_5_OFF_int8.tflite,5,2.0,1.774,4020,2.032799363119192
dense_5_5_OFF_int8.tflite,5,3.0,1.786,4020,2.0369383559763348
dense_5_5_OFF_int8.tflite,5,4.0,1.774,4020,2.032799363119192
conv_1_10_ON_int8.tflite,10,0.0,2.923,1540,2.229200458497478
conv_1_10_ON_int8.tflite,10,1.0,2.189,1540,2.232448673003192
conv_1_10_ON_int8.tflite,10,2.0,2.176,1540,2.229200458497478
conv_1_10_ON_int8.tflite,10,3.0,2.177,1540,2.229200458497478
conv_1_10_ON_int8.tflite,10,4.0,2.177,1540,2.229024122783192
dense_7_5_OFF_hybrid.tflite,5,,ERROR_TFLITE_INIT_FAILED,ERROR_TFLITE_INIT_FAILED,ERROR_TFLITE_INIT_FAILED
lstm_6_15_OFF_float32.tflite,15,,ERROR_ESP32_MALLOC_FAILED,ERROR_ESP32_MALLOC_FAILED,ERROR_ESP32_MALLOC_FAILED
torch_conv_8_10_ON_float32.tflite,10,0.0,15.514,6192,2.604800958172907
torch_conv_8_10_ON_float32.tflite,10,1.0,14.941,6192,2.6055503170900494
torch_conv_8_10_ON_float32.tflite,10,2.0,14.953,6192,2.6065456205700492
torch_conv_8_10_ON_float32.tflite,10,3.0,14.937,6192,2.6073416873700497
torch_conv_8_10_ON_float32.tflite,10,4.0,14.953,6192,2.608712165377763
lstm_10_10_OFF_hybrid.tflite,10,,ERROR_ESP32_MALLOC_FAILED,ERROR_ESP32_MALLOC_FAILED,ERROR_ESP32_MALLOC_FAILED
torch_conv_9_15_OFF_hybrid.tflite,15,0.0,23.913,5232,2.032424584464907
torch_conv_9_15_OFF_hybrid.tflite,15,1.0,23.565,5232,2.032424584464907
torch_conv_9_15_OFF_hybrid.tflite,15,2.0,23.573,5232,2.032424584464907
torch_conv_9_15_OFF_hybrid.tflite,15,3.0,23.565,5232,2.032424584464907
torch_conv_9_15_OFF_hybrid.tflite,15,4.0,23.573,5232,2.032424584464907
dense_6_5_OFF_hybrid.tflite,5,,ERROR_TFLITE_INIT_FAILED,ERROR_TFLITE_INIT_FAILED,ERROR_TFLITE_INIT_FAILED
conv_6_5_OFF_hybrid.tflite,5,0.0,5.579,2976,2.0195913766080493
conv_6_5_OFF_hybrid.tflite,5,1.0,5.298,2976,2.0193138070566206
conv_6_5_OFF_hybrid.tflite,5,2.0,5.306,2976,2.019162195668906
conv_6_5_OFF_hybrid.tflite,5,3.0,5.306,2976,2.0196293558823353
conv_6_5_OFF_hybrid.tflite,5,4.0,5.306,2976,2.0194465790566207
torch_conv_6_20_OFF_float32.tflite,20,0.0,25.229,5504,2.0323745816077636
torch_conv_6_20_OFF_float32.tflite,20,1.0,24.939,5504,2.0323745816077636
torch_conv_6_20_OFF_float32.tflite,20,2.0,24.939,5504,2.0323745816077636
torch_conv_6_20_OFF_float32.tflite,20,3.0,24.94,5504,2.0323745816077636
torch_conv_6_20_OFF_float32.tflite,20,4.0,24.947,5504,2.0323745816077636
lstm_8_10_OFF_int8.tflite,10,,ERROR_ESP32_MALLOC_FAILED,ERROR_ESP32_MALLOC_FAILED,ERROR_ESP32_MALLOC_FAILED
lstm_3_20_OFF_hybrid.tflite,20,,ERROR_ESP32_MALLOC_FAILED,ERROR_ESP32_MALLOC_FAILED,ERROR_ESP32_MALLOC_FAILED
conv_9_20_OFF_hybrid.tflite,20,,ERROR_TFLITE_INIT_FAILED,ERROR_TFLITE_INIT_FAILED,ERROR_TFLITE_INIT_FAILED
lstm_4_20_OFF_hybrid.tflite,20,,ERROR_ESP32_MALLOC_FAILED,ERROR_ESP32_MALLOC_FAILED,ERROR_ESP32_MALLOC_FAILED
dense_9_10_OFF_int8.tflite,10,,ERROR_TFLITE_INIT_FAILED,ERROR_TFLITE_INIT_FAILED,ERROR_TFLITE_INIT_FAILED
lstm_8_15_OFF_float32.tflite,15,,ERROR_ESP32_MALLOC_FAILED,ERROR_ESP32_MALLOC_FAILED,ERROR_ESP32_MALLOC_FAILED
dense_8_15_OFF_hybrid.tflite,15,,ERROR_TFLITE_INIT_FAILED,ERROR_TFLITE_INIT_FAILED,ERROR_TFLITE_INIT_FAILED
conv_9_15_ON_float32.tflite,15,0.0,25.267,7360,2.032901272313192
conv_9_15_ON_float32.tflite,15,1.0,24.782,7360,2.032769262193192
conv_9_15_ON_float32.tflite,15,2.0,24.778,7360,2.0329381813757634
conv_9_15_ON_float32.tflite,15,3.0,24.778,7360,2.0327815191563348
conv_9_15_ON_float32.tflite,15,4.0,24.778,7360,2.0330543142329067
conv_5_20_OFF_int8.tflite,20,0.0,9.003,3428,2.0304839062126208
conv_5_20_OFF_int8.tflite,20,1.0,8.46,3428,2.029872330498335
conv_5_20_OFF_int8.tflite,20,2.0,8.464,3428,2.029872330498335
conv_5_20_OFF_int8.tflite,20,3.0,8.455,3428,2.029872330498335
conv_5_20_OFF_int8.tflite,20,4.0,8.464,3428,2.029872330498335
conv_6_15_OFF_int8.tflite,15,0.0,7.523,3028,2.0203722633049064
conv_6_15_OFF_int8.tflite,15,1.0,7.006,3028,2.022446003998049
conv_6_15_OFF_int8.tflite,15,2.0,7.002,3028,2.020903690899192
conv_6_15_OFF_int8.tflite,15,3.0,6.999,3028,2.0203722633049064
conv_6_15_OFF_int8.tflite,15,4.0,7.011,3028,2.020903690899192
torch_conv_9_15_ON_int8.tflite,15,0.0,16.482,6020,2.032662985120335
torch_conv_9_15_ON_int8.tflite,15,1.0,15.712,6020,2.035028148104049
torch_conv_9_15_ON_int8.tflite,15,2.0,15.712,6020,2.033832579186049
torch_conv_9_15_ON_int8.tflite,15,3.0,15.699,6020,2.034423233818335
torch_conv_9_15_ON_int8.tflite,15,4.0,15.707,6020,2.032662985120335
conv_5_20_ON_float32.tflite,20,0.0,20.933,6912,2.0348379780906205
conv_5_20_ON_float32.tflite,20,1.0,20.378,6912,2.034547800726907
conv_5_20_ON_float32.tflite,20,2.0,20.374,6912,2.0343017363897635
conv_5_20_ON_float32.tflite,20,3.0,20.373,6912,2.0339381378346206
conv_5_20_ON_float32.tflite,20,4.0,20.374,6912,2.0336847781146203
torch_conv_9_15_OFF_float32.tflite,15,0.0,23.838,5232,2.032424584464907
torch_conv_9_15_OFF_float32.tflite,15,1.0,23.569,5232,2.032424584464907
torch_conv_9_15_OFF_float32.tflite,15,2.0,23.569,5232,2.032424584464907
torch_conv_9_15_OFF_float32.tflite,15,3.0,23.569,5232,2.032424584464907
torch_conv_9_15_OFF_float32.tflite,15,4.0,23.577,5232,2.032424584464907
dense_5_20_OFF_float32.tflite,20,,ERROR_TFLITE_INIT_FAILED,ERROR_TFLITE_INIT_FAILED,ERROR_TFLITE_INIT_FAILED
conv_1_10_OFF_float32.tflite,10,0.0,2.149,1904,2.0397294673057638
conv_1_10_OFF_float32.tflite,10,1.0,1.852,1904,2.0397926501629065
conv_1_10_OFF_float32.tflite,10,2.0,1.844,1904,2.0396505601629062
conv_1_10_OFF_float32.tflite,10,3.0,1.848,1904,2.039666290162906
conv_1_10_OFF_float32.tflite,10,4.0,1.844,1904,2.0402193858771924
torch_dense_6_10_OFF_hybrid.tflite,10,,ERROR_TFLITE_INIT_FAILED,ERROR_TFLITE_INIT_FAILED,ERROR_TFLITE_INIT_FAILED
torch_conv_8_15_ON_hybrid.tflite,15,0.0,22.579,6832,2.267942928167192
torch_conv_8_15_ON_hybrid.tflite,15,1.0,22.075,6832,2.26736827694262
torch_conv_8_15_ON_hybrid.tflite,15,2.0,22.067,6832,2.2671516066349064
torch_conv_8_15_ON_hybrid.tflite,15,3.0,22.062,6832,2.2654849588523347
torch_conv_8_15_ON_hybrid.tflite,15,4.0,22.067,6832,2.2646844927814778
torch_conv_7_15_OFF_hybrid.tflite,15,0.0,18.606,4656,2.0323745816077636
torch_conv_7_15_OFF_hybrid.tflite,15,1.0,18.332,4656,2.0323745816077636
torch_conv_7_15_OFF_hybrid.tflite,15,2.0,18.336,4656,2.0323745816077636
torch_conv_7_15_OFF_hybrid.tflite,15,3.0,18.333,4656,2.0323745816077636
torch_conv_7_15_OFF_hybrid.tflite,15,4.0,18.329,4656,2.0323745816077636
torch_conv_3_15_ON_float32.tflite,15,0.0,8.903,4208,2.0323745816077636
torch_conv_3_15_ON_float32.tflite,15,1.0,8.48,4208,2.0323745816077636
torch_conv_3_15_ON_float32.tflite,15,2.0,8.466,4208,2.0323745816077636
torch_conv_3_15_ON_float32.tflite,15,3.0,8.479,4208,2.0323745816077636
torch_conv_3_15_ON_float32.tflite,15,4.0,8.467,4208,2.0323745816077636
conv_9_10_ON_int8.tflite,10,0.0,11.661,5860,2.038600124118335
conv_9_10_ON_int8.tflite,10,1.0,10.875,5860,2.038600124118335
conv_9_10_ON_int8.tflite,10,2.0,10.875,5860,2.0355293198326208
conv_9_10_ON_int8.tflite,10,3.0,10.868,5860,2.032950361261192
conv_9_10_ON_int8.tflite,10,4.0,10.875,5860,2.038600124118335
lstm_7_5_OFF_float32.tflite,5,,ERROR_TFLITE_INIT_FAILED,ERROR_TFLITE_INIT_FAILED,ERROR_TFLITE_INIT_FAILED
torch_conv_10_15_ON_hybrid.tflite,15,0.0,28.073,7872,2.0325082330760496
torch_conv_10_15_ON_hybrid.tflite,15,1.0,27.506,7872,2.0324413241237638
torch_conv_10_15_ON_hybrid.tflite,15,2.0,27.501,7872,2.032506136764906
torch_conv_10_15_ON_hybrid.tflite,15,3.0,27.493,7872,2.0324304289829067
torch_conv_10_15_ON_hybrid.tflite,15,4.0,27.501,7872,2.0324743150400493
conv_8_20_ON_hybrid.tflite,20,,ERROR_TFLITE_INIT_FAILED,ERROR_TFLITE_INIT_FAILED,ERROR_TFLITE_INIT_FAILED
dense_10_15_OFF_float32.tflite,15,,ERROR_TFLITE_INIT_FAILED,ERROR_TFLITE_INIT_FAILED,ERROR_TFLITE_INIT_FAILED
torch_conv_5_5_ON_int8.tflite,5,0.0,4.51,3476,2.031749968750621
torch_conv_5_5_ON_int8.tflite,5,1.0,3.776,3476,2.031749968750621
torch_conv_5_5_ON_int8.tflite,5,2.0,3.764,3476,2.031749968750621
torch_conv_5_5_ON_int8.tflite,5,3.0,3.772,3476,2.031749968750621
torch_conv_5_5_ON_int8.tflite,5,4.0,3.765,3476,2.031749968750621
torch_dense_1_20_OFF_hybrid.tflite,20,,ERROR_TFLITE_INIT_FAILED,ERROR_TFLITE_INIT_FAILED,ERROR_TFLITE_INIT_FAILED
torch_conv_6_10_OFF_float32.tflite,10,0.0,10.963,3728,2.0323745816077636
torch_conv_6_10_OFF_float32.tflite,10,1.0,10.527,3728,2.0323745816077636
torch_conv_6_10_OFF_float32.tflite,10,2.0,10.528,3728,2.0323745816077636
torch_conv_6_10_OFF_float32.tflite,10,3.0,10.527,3728,2.0323745816077636
torch_conv_6_10_OFF_float32.tflite,10,4.0,10.527,3728,2.0323745816077636
lstm_8_5_OFF_int8.tflite,5,,ERROR_ESP32_MALLOC_FAILED,ERROR_ESP32_MALLOC_FAILED,ERROR_ESP32_MALLOC_FAILED
torch_dense_2_5_OFF_float32.tflite,5,0.0,0.549,1536,2.0323745816077636
torch_dense_2_5_OFF_float32.tflite,5,1.0,0.378,1536,2.0323745816077636
torch_dense_2_5_OFF_float32.tflite,5,2.0,0.374,1536,2.0323745816077636
torch_dense_2_5_OFF_float32.tflite,5,3.0,0.374,1536,2.0323745816077636
torch_dense_2_5_OFF_float32.tflite,5,4.0,0.374,1536,2.0323745816077636
conv_3_5_ON_float32.tflite,5,0.0,3.719,2816,2.0330479218651925
conv_3_5_ON_float32.tflite,5,1.0,3.279,2816,2.0330479218651925
conv_3_5_ON_float32.tflite,5,2.0,3.275,2816,2.0330479218651925
conv_3_5_ON_float32.tflite,5,3.0,3.275,2816,2.0330479218651925
conv_3_5_ON_float32.tflite,5,4.0,3.267,2816,2.0330479218651925
torch_conv_5_5_OFF_float32.tflite,5,0.0,4.687,2688,2.0323745816077636
torch_conv_5_5_OFF_float32.tflite,5,1.0,4.458,2688,2.0323745816077636
torch_conv_5_5_OFF_float32.tflite,5,2.0,4.454,2688,2.0323745816077636
torch_conv_5_5_OFF_float32.tflite,5,3.0,4.458,2688,2.0323745816077636
torch_conv_5_5_OFF_float32.tflite,5,4.0,4.453,2688,2.0323745816077636
torch_dense_2_5_OFF_int8.tflite,5,0.0,1.229,2356,2.031749968750621
torch_dense_2_5_OFF_int8.tflite,5,1.0,0.796,2356,2.031749968750621
torch_dense_2_5_OFF_int8.tflite,5,2.0,0.789,2356,2.031749968750621
torch_dense_2_5_OFF_int8.tflite,5,3.0,0.785,2356,2.031749968750621
torch_dense_2_5_OFF_int8.tflite,5,4.0,0.787,2356,2.031749968750621
conv_6_20_ON_hybrid.tflite,20,,ERROR_TFLITE_INIT_FAILED,ERROR_TFLITE_INIT_FAILED,ERROR_TFLITE_INIT_FAILED
torch_dense_8_20_OFF_float32.tflite,20,,ERROR_TFLITE_INIT_FAILED,ERROR_TFLITE_INIT_FAILED,ERROR_TFLITE_INIT_FAILED
torch_conv_8_5_OFF_hybrid.tflite,5,0.0,7.278,3552,2.0323745816077636
torch_conv_8_5_OFF_hybrid.tflite,5,1.0,6.97,3552,2.0323745816077636
torch_conv_8_5_OFF_hybrid.tflite,5,2.0,6.978,3552,2.0323745816077636
torch_conv_8_5_OFF_hybrid.tflite,5,3.0,6.986,3552,2.0323745816077636
torch_conv_8_5_OFF_hybrid.tflite,5,4.0,6.978,3552,2.0323745816077636
dense_1_10_OFF_int8.tflite,10,0.0,1.154,2132,2.031729426113478
dense_1_10_OFF_int8.tflite,10,1.0,0.752,2132,2.031729426113478
dense_1_10_OFF_int8.tflite,10,2.0,0.744,2132,2.031729426113478
dense_1_10_OFF_int8.tflite,10,3.0,0.744,2132,2.031729426113478
dense_1_10_OFF_int8.tflite,10,4.0,0.744,2132,2.031729426113478
torch_conv_5_20_ON_hybrid.tflite,20,,ERROR_TFLITE_INIT_FAILED,ERROR_TFLITE_INIT_FAILED,ERROR_TFLITE_INIT_FAILED
dense_8_15_OFF_float32.tflite,15,,ERROR_TFLITE_INIT_FAILED,ERROR_TFLITE_INIT_FAILED,ERROR_TFLITE_INIT_FAILED
torch_dense_1_15_OFF_hybrid.tflite,15,,ERROR_TFLITE_INIT_FAILED,ERROR_TFLITE_INIT_FAILED,ERROR_TFLITE_INIT_FAILED
lstm_7_20_OFF_float32.tflite,20,,ERROR_ESP32_MALLOC_FAILED,ERROR_ESP32_MALLOC_FAILED,ERROR_ESP32_MALLOC_FAILED
torch_dense_2_20_OFF_hybrid.tflite,20,,ERROR_TFLITE_INIT_FAILED,ERROR_TFLITE_INIT_FAILED,ERROR_TFLITE_INIT_FAILED
torch_dense_4_20_OFF_float32.tflite,20,,ERROR_TFLITE_INIT_FAILED,ERROR_TFLITE_INIT_FAILED,ERROR_TFLITE_INIT_FAILED
conv_3_5_ON_hybrid.tflite,5,0.0,3.764,2816,2.0330479218651925
conv_3_5_ON_hybrid.tflite,5,1.0,3.279,2816,2.0330479218651925
conv_3_5_ON_hybrid.tflite,5,2.0,3.27,2816,2.0330479218651925
conv_3_5_ON_hybrid.tflite,5,3.0,3.274,2816,2.0330479218651925
conv_3_5_ON_hybrid.tflite,5,4.0,3.263,2816,2.0330479218651925
torch_dense_9_5_OFF_int8.tflite,5,,ERROR_TFLITE_INIT_FAILED,ERROR_TFLITE_INIT_FAILED,ERROR_TFLITE_INIT_FAILED
torch_dense_4_10_OFF_hybrid.tflite,10,,ERROR_TFLITE_INIT_FAILED,ERROR_TFLITE_INIT_FAILED,ERROR_TFLITE_INIT_FAILED
lstm_8_15_OFF_int8.tflite,15,,ERROR_ESP32_MALLOC_FAILED,ERROR_ESP32_MALLOC_FAILED,ERROR_ESP32_MALLOC_FAILED
conv_7_10_ON_float32.tflite,10,0.0,13.605,5664,2.0367178343166206
conv_7_10_ON_float32.tflite,10,1.0,13.136,5664,2.036572640030906
conv_7_10_ON_float32.tflite,10,2.0,13.132,5664,2.0366736825917635
conv_7_10_ON_float32.tflite,10,3.0,13.128,5664,2.036696391163192
conv_7_10_ON_float32.tflite,10,4.0,13.124,5664,2.0367029000194776
torch_dense_8_15_OFF_hybrid.tflite,15,,ERROR_TFLITE_INIT_FAILED,ERROR_TFLITE_INIT_FAILED,ERROR_TFLITE_INIT_FAILED
conv_9_5_OFF_hybrid.tflite,5,0.0,8.111,3840,2.0323625612343355
conv_9_5_OFF_hybrid.tflite,5,1.0,7.826,3840,2.032331692009764
conv_9_5_OFF_hybrid.tflite,5,2.0,7.822,3840,2.032348381612621
conv_9_5_OFF_hybrid.tflite,5,3.0,7.81,3840,2.032364249857478
conv_9_5_OFF_hybrid.tflite,5,4.0,7.814,3840,2.032364394469764
torch_conv_3_10_ON_float32.tflite,10,0.0,6.343,3568,2.0323745816077636
torch_conv_3_10_ON_float32.tflite,10,1.0,5.901,3568,2.0323745816077636
torch_conv_3_10_ON_float32.tflite,10,2.0,5.888,3568,2.0323745816077636
torch_conv_3_10_ON_float32.tflite,10,3.0,5.892,3568,2.0323745816077636
torch_conv_3_10_ON_float32.tflite,10,4.0,5.892,3568,2.0323745816077636
torch_conv_9_20_OFF_float32.tflite,20,,ERROR_TFLITE_INIT_FAILED,ERROR_TFLITE_INIT_FAILED,ERROR_TFLITE_INIT_FAILED
lstm_6_5_OFF_int8.tflite,5,,ERROR_TFLITE_INIT_FAILED,ERROR_TFLITE_INIT_FAILED,ERROR_TFLITE_INIT_FAILED
lstm_3_20_OFF_int8.tflite,20,,ERROR_ESP32_MALLOC_FAILED,ERROR_ESP32_MALLOC_FAILED,ERROR_ESP32_MALLOC_FAILED
lstm_5_5_OFF_hybrid.tflite,5,,ERROR_TFLITE_INIT_FAILED,ERROR_TFLITE_INIT_FAILED,ERROR_TFLITE_INIT_FAILED
torch_dense_10_5_OFF_hybrid.tflite,5,,ERROR_TFLITE_INIT_FAILED,ERROR_TFLITE_INIT_FAILED,ERROR_TFLITE_INIT_FAILED
lstm_8_20_OFF_hybrid.tflite,20,,ERROR_ESP32_MALLOC_FAILED,ERROR_ESP32_MALLOC_FAILED,ERROR_ESP32_MALLOC_FAILED
dense_2_15_OFF_float32.tflite,15,0.0,0.676,2048,2.022788825827192
dense_2_15_OFF_float32.tflite,15,1.0,0.484,2048,2.022714624861478
dense_2_15_OFF_float32.tflite,15,2.0,0.477,2048,2.0226150719717633
dense_2_15_OFF_float32.tflite,15,3.0,0.481,2048,2.0225570787717637
dense_2_15_OFF_float32.tflite,15,4.0,0.477,2048,2.0224136462086206
dense_5_10_OFF_int8.tflite,10,0.0,2.255,4020,2.030409150979192
dense_5_10_OFF_int8.tflite,10,1.0,1.854,4020,2.030409150979192
dense_5_10_OFF_int8.tflite,10,2.0,1.846,4020,2.030409150979192
dense_5_10_OFF_int8.tflite,10,3.0,1.842,4020,2.030409150979192
dense_5_10_OFF_int8.tflite,10,4.0,1.838,4020,2.028716426179192
torch_conv_3_20_ON_int8.tflite,20,0.0,8.471,3268,2.031749968750621
torch_conv_3_20_ON_int8.tflite,20,1.0,7.668,3268,2.031749968750621
torch_conv_3_20_ON_int8.tflite,20,2.0,7.668,3268,2.031749968750621
torch_conv_3_20_ON_int8.tflite,20,3.0,7.66,3268,2.031749968750621
torch_conv_3_20_ON_int8.tflite,20,4.0,7.669,3268,2.031749968750621
torch_dense_2_20_OFF_float32.tflite,20,0.0,0.818,2400,2.0323745816077636
torch_dense_2_20_OFF_float32.tflite,20,1.0,0.54,2400,2.0323745816077636
torch_dense_2_20_OFF_float32.tflite,20,2.0,0.533,2400,2.0323745816077636
torch_dense_2_20_OFF_float32.tflite,20,3.0,0.533,2400,2.0323745816077636
torch_dense_2_20_OFF_float32.tflite,20,4.0,0.533,2400,2.0323745816077636
torch_dense_9_5_OFF_hybrid.tflite,5,,ERROR_TFLITE_INIT_FAILED,ERROR_TFLITE_INIT_FAILED,ERROR_TFLITE_INIT_FAILED
conv_1_20_ON_int8.tflite,20,0.0,4.077,1860,2.179608506040335
conv_1_20_ON_int8.tflite,20,1.0,3.353,1860,2.179608506040335
conv_1_20_ON_int8.tflite,20,2.0,3.35,1860,2.176359193183192
conv_1_20_ON_int8.tflite,20,3.0,3.341,1860,2.179608506040335
conv_1_20_ON_int8.tflite,20,4.0,3.35,1860,2.179608506040335
conv_6_10_ON_float32.tflite,10,0.0,11.891,5136,2.034753378074049
conv_6_10_ON_float32.tflite,10,1.0,11.343,5136,2.034880645940621
conv_6_10_ON_float32.tflite,10,2.0,11.327,5136,2.03520016784062
conv_6_10_ON_float32.tflite,10,3.0,11.331,5136,2.0349382051597638
conv_6_10_ON_float32.tflite,10,4.0,11.315,5136,2.0352319285834777
conv_3_15_OFF_hybrid.tflite,15,0.0,8.12,3504,2.043275269522049
conv_3_15_OFF_hybrid.tflite,15,1.0,7.848,3504,2.043435002012335
conv_3_15_OFF_hybrid.tflite,15,2.0,7.843,3504,2.0429695064203353
conv_3_15_OFF_hybrid.tflite,15,3.0,7.84,3504,2.042650640308906
conv_3_15_OFF_hybrid.tflite,15,4.0,7.843,3504,2.0428970613591924
conv_8_10_OFF_float32.tflite,10,0.0,14.255,4304,2.0315197264286207
conv_8_10_OFF_float32.tflite,10,1.0,13.994,4304,2.0315038221429065
conv_8_10_OFF_float32.tflite,10,2.0,13.989,4304,2.0314881881837636
conv_8_10_OFF_float32.tflite,10,3.0,14.001,4304,2.0314719960617635
conv_8_10_OFF_float32.tflite,10,4.0,13.989,4304,2.0314407567149066
conv_8_20_OFF_float32.tflite,20,,ERROR_TFLITE_INIT_FAILED,ERROR_TFLITE_INIT_FAILED,ERROR_TFLITE_INIT_FAILED
dense_2_5_OFF_int8.tflite,5,0.0,1.222,2356,2.0311160245640494
dense_2_5_OFF_int8.tflite,5,1.0,0.796,2356,2.0311160245640494
dense_2_5_OFF_int8.tflite,5,2.0,0.786,2356,2.0311160245640494
dense_2_5_OFF_int8.tflite,5,3.0,0.784,2356,2.0311160245640494
dense_2_5_OFF_int8.tflite,5,4.0,0.789,2356,2.0311160245640494
dense_7_10_OFF_hybrid.tflite,10,,ERROR_TFLITE_INIT_FAILED,ERROR_TFLITE_INIT_FAILED,ERROR_TFLITE_INIT_FAILED
torch_dense_3_20_OFF_int8.tflite,20,0.0,1.693,3108,2.031749968750621
torch_dense_3_20_OFF_int8.tflite,20,1.0,1.328,3108,2.031749968750621
torch_dense_3_20_OFF_int8.tflite,20,2.0,1.316,3108,2.031749968750621
torch_dense_3_20_OFF_int8.tflite,20,3.0,1.328,3108,2.031749968750621
torch_dense_3_20_OFF_int8.tflite,20,4.0,1.316,3108,2.031749968750621
dense_5_20_OFF_int8.tflite,20,0.0,2.343,4196,2.026696981141192
dense_5_20_OFF_int8.tflite,20,1.0,1.99,4196,2.026696981141192
dense_5_20_OFF_int8.tflite,20,2.0,1.969,4196,2.026696981141192
dense_5_20_OFF_int8.tflite,20,3.0,1.974,4196,2.0272911739983352
dense_5_20_OFF_int8.tflite,20,4.0,1.978,4196,2.0272911739983352
conv_2_10_ON_hybrid.tflite,10,0.0,4.607,3040,2.038589156336335
conv_2_10_ON_hybrid.tflite,10,1.0,4.091,3040,2.0385671605677635
conv_2_10_ON_hybrid.tflite,10,2.0,4.075,3040,2.0387122491391927
conv_2_10_ON_hybrid.tflite,10,3.0,4.079,3040,2.038582381996335
conv_2_10_ON_hybrid.tflite,10,4.0,4.083,3040,2.0385337388126206
torch_dense_4_5_OFF_float32.tflite,5,,ERROR_TFLITE_INIT_FAILED,ERROR_TFLITE_INIT_FAILED,ERROR_TFLITE_INIT_FAILED
torch_conv_7_10_ON_float32.tflite,10,0.0,13.597,5664,2.0323585116077636
torch_conv_7_10_ON_float32.tflite,10,1.0,13.14,5664,2.0323585116077636
torch_conv_7_10_ON_float32.tflite,10,2.0,13.136,5664,2.0323585116077636
torch_conv_7_10_ON_float32.tflite,10,3.0,13.132,5664,2.0323585116077636
torch_conv_7_10_ON_float32.tflite,10,4.0,13.128,5664,2.0323585116077636
lstm_5_20_OFF_float32.tflite,20,,ERROR_ESP32_MALLOC_FAILED,ERROR_ESP32_MALLOC_FAILED,ERROR_ESP32_MALLOC_FAILED
conv_9_10_OFF_hybrid.tflite,10,0.0,16.008,4592,2.035393308289764
conv_9_10_OFF_hybrid.tflite,10,1.0,15.714,4592,2.035377618289764
conv_9_10_OFF_hybrid.tflite,10,2.0,15.726,4592,2.03545570942205
conv_9_10_OFF_hybrid.tflite,10,3.0,15.715,4592,2.0355028173000496
conv_9_10_OFF_hybrid.tflite,10,4.0,15.719,4592,2.035600206280049
dense_1_10_OFF_float32.tflite,10,0.0,0.57,1552,2.0312891611229067
dense_1_10_OFF_float32.tflite,10,1.0,0.38,1552,2.0312728986743354
dense_1_10_OFF_float32.tflite,10,2.0,0.372,1552,2.031240777654335
dense_1_10_OFF_float32.tflite,10,3.0,0.376,1552,2.0312403909200496
dense_1_10_OFF_float32.tflite,10,4.0,0.371,1552,2.0312079060229067
dense_5_5_OFF_hybrid.tflite,5,,ERROR_TFLITE_INIT_FAILED,ERROR_TFLITE_INIT_FAILED,ERROR_TFLITE_INIT_FAILED
conv_8_10_ON_float32.tflite,10,0.0,15.398,6192,2.0365804333280493
conv_8_10_ON_float32.tflite,10,1.0,14.934,6192,2.035870437961192
conv_8_10_ON_float32.tflite,10,2.0,14.937,6192,2.0360434968429066
conv_8_10_ON_float32.tflite,10,3.0,14.93,6192,2.036846991377478
conv_8_10_ON_float32.tflite,10,4.0,14.937,6192,2.036800078365192
torch_dense_10_20_OFF_float32.tflite,20,,ERROR_TFLITE_INIT_FAILED,ERROR_TFLITE_INIT_FAILED,ERROR_TFLITE_INIT_FAILED
conv_3_10_OFF_int8.tflite,10,0.0,3.33,2004,1.9611225093277636
conv_3_10_OFF_int8.tflite,10,1.0,2.799,2004,1.9615912316077637
conv_3_10_OFF_int8.tflite,10,2.0,2.806,2004,1.9525351260706205
conv_3_10_OFF_int8.tflite,10,3.0,2.803,2004,1.9525351260706205
conv_3_10_OFF_int8.tflite,10,4.0,2.799,2004,1.9615912316077637
torch_conv_5_15_OFF_float32.tflite,15,0.0,13.429,4080,2.0323745816077636
torch_conv_5_15_OFF_float32.tflite,15,1.0,13.095,4080,2.0323745816077636
torch_conv_5_15_OFF_float32.tflite,15,2.0,13.092,4080,2.0323745816077636
torch_conv_5_15_OFF_float32.tflite,15,3.0,13.096,4080,2.0323745816077636
torch_conv_5_15_OFF_float32.tflite,15,4.0,13.092,4080,2.0323745816077636
conv_9_10_ON_hybrid.tflite,10,0.0,17.255,6720,2.0353857457226203
conv_9_10_ON_hybrid.tflite,10,1.0,16.754,6720,2.0355269165169063
conv_9_10_ON_hybrid.tflite,10,2.0,16.738,6720,2.0354771657389064
conv_9_10_ON_hybrid.tflite,10,3.0,16.739,6720,2.0355269165169063
conv_9_10_ON_hybrid.tflite,10,4.0,16.742,6720,2.035442514636906
torch_conv_2_10_ON_float32.tflite,10,0.0,4.547,3040,2.0323745816077636
torch_conv_2_10_ON_float32.tflite,10,1.0,4.102,3040,2.0323745816077636
torch_conv_2_10_ON_float32.tflite,10,2.0,4.091,3040,2.0323745816077636
torch_conv_2_10_ON_float32.tflite,10,3.0,4.094,3040,2.0323745816077636
torch_conv_2_10_ON_float32.tflite,10,4.0,4.083,3040,2.0323745816077636
dense_9_10_OFF_hybrid.tflite,10,,ERROR_TFLITE_INIT_FAILED,ERROR_TFLITE_INIT_FAILED,ERROR_TFLITE_INIT_FAILED
dense_6_15_OFF_float32.tflite,15,,ERROR_TFLITE_INIT_FAILED,ERROR_TFLITE_INIT_FAILED,ERROR_TFLITE_INIT_FAILED
conv_3_15_OFF_float32.tflite,15,0.0,8.109,3504,2.043275269522049
conv_3_15_OFF_float32.tflite,15,1.0,7.847,3504,2.043435002012335
conv_3_15_OFF_float32.tflite,15,2.0,7.844,3504,2.0429695064203353
conv_3_15_OFF_float32.tflite,15,3.0,7.847,3504,2.042650640308906
conv_3_15_OFF_float32.tflite,15,4.0,7.852,3504,2.0428970613591924
conv_1_20_OFF_hybrid.tflite,20,0.0,3.594,2896,2.0323745816077636
conv_1_20_OFF_hybrid.tflite,20,1.0,3.369,2896,2.0323745816077636
conv_1_20_OFF_hybrid.tflite,20,2.0,3.36,2896,2.0323745816077636
conv_1_20_OFF_hybrid.tflite,20,3.0,3.372,2896,2.0323745816077636
conv_1_20_OFF_hybrid.tflite,20,4.0,3.361,2896,2.0323745816077636
lstm_9_20_OFF_int8.tflite,20,,ERROR_ESP32_MALLOC_FAILED,ERROR_ESP32_MALLOC_FAILED,ERROR_ESP32_MALLOC_FAILED
torch_conv_6_15_OFF_float32.tflite,15,0.0,15.967,4368,2.0323745816077636
torch_conv_6_15_OFF_float32.tflite,15,1.0,15.71,4368,2.0323745816077636
torch_conv_6_15_OFF_float32.tflite,15,2.0,15.718,4368,2.0323745816077636
torch_conv_6_15_OFF_float32.tflite,15,3.0,15.718,4368,2.0323745816077636
torch_conv_6_15_OFF_float32.tflite,15,4.0,15.718,4368,2.0323745816077636
conv_8_10_OFF_hybrid.tflite,10,0.0,14.251,4304,2.0315197264286207
conv_8_10_OFF_hybrid.tflite,10,1.0,13.997,4304,2.0315038221429065
conv_8_10_OFF_hybrid.tflite,10,2.0,13.986,4304,2.0314881881837636
conv_8_10_OFF_hybrid.tflite,10,3.0,13.997,4304,2.0314719960617635
conv_8_10_OFF_hybrid.tflite,10,4.0,13.985,4304,2.0314407567149066
conv_2_10_OFF_float32.tflite,10,0.0,3.874,2576,2.032036893599192
conv_2_10_OFF_float32.tflite,10,1.0,3.599,2576,2.0320528950277637
conv_2_10_OFF_float32.tflite,10,2.0,3.595,2576,2.0321148354249066
conv_2_10_OFF_float32.tflite,10,3.0,3.607,2576,2.032098836853478
conv_2_10_OFF_float32.tflite,10,4.0,3.595,2576,2.0320822101077636
torch_dense_1_20_OFF_int8.tflite,20,0.0,1.296,2324,2.031749968750621
torch_dense_1_20_OFF_int8.tflite,20,1.0,0.884,2324,2.031749968750621
torch_dense_1_20_OFF_int8.tflite,20,2.0,0.868,2324,2.031749968750621
torch_dense_1_20_OFF_int8.tflite,20,3.0,0.872,2324,2.031749968750621
torch_dense_1_20_OFF_int8.tflite,20,4.0,0.868,2324,2.031749968750621
torch_conv_6_20_OFF_int8.tflite,20,0.0,11.028,3684,2.031749968750621
torch_conv_6_20_OFF_int8.tflite,20,1.0,10.508,3684,2.031749968750621
torch_conv_6_20_OFF_int8.tflite,20,2.0,10.508,3684,2.031749968750621
torch_conv_6_20_OFF_int8.tflite,20,3.0,10.504,3684,2.031749968750621
torch_conv_6_20_OFF_int8.tflite,20,4.0,10.508,3684,2.031749968750621
torch_dense_3_15_OFF_hybrid.tflite,15,,ERROR_TFLITE_INIT_FAILED,ERROR_TFLITE_INIT_FAILED,ERROR_TFLITE_INIT_FAILED
torch_conv_10_20_ON_float32.tflite,20,,ERROR_TFLITE_INIT_FAILED,ERROR_TFLITE_INIT_FAILED,ERROR_TFLITE_INIT_FAILED
torch_conv_4_5_OFF_float32.tflite,5,0.0,3.935,2400,2.0323745816077636
torch_conv_4_5_OFF_float32.tflite,5,1.0,3.622,2400,2.0323745816077636
torch_conv_4_5_OFF_float32.tflite,5,2.0,3.618,2400,2.0323745816077636
torch_conv_4_5_OFF_float32.tflite,5,3.0,3.621,2400,2.0323745816077636
torch_conv_4_5_OFF_float32.tflite,5,4.0,3.61,2400,2.0323745816077636
torch_conv_7_20_OFF_float32.tflite,20,,ERROR_TFLITE_INIT_FAILED,ERROR_TFLITE_INIT_FAILED,ERROR_TFLITE_INIT_FAILED
conv_1_20_ON_float32.tflite,20,0.0,4.315,3680,2.1803022053017633
conv_1_20_ON_float32.tflite,20,1.0,3.824,3680,2.1803855806189065
conv_1_20_ON_float32.tflite,20,2.0,3.811,3680,2.1804651116389064
conv_1_20_ON_float32.tflite,20,3.0,3.819,3680,2.180603687010335
conv_1_20_ON_float32.tflite,20,4.0,3.811,3680,2.180751981989478
lstm_5_15_OFF_float32.tflite,15,,ERROR_ESP32_MALLOC_FAILED,ERROR_ESP32_MALLOC_FAILED,ERROR_ESP32_MALLOC_FAILED
torch_conv_3_15_OFF_hybrid.tflite,15,0.0,8.153,3504,2.0323745816077636
torch_conv_3_15_OFF_hybrid.tflite,15,1.0,7.848,3504,2.0323745816077636
torch_conv_3_15_OFF_hybrid.tflite,15,2.0,7.843,3504,2.0323745816077636
torch_conv_3_15_OFF_hybrid.tflite,15,3.0,7.847,3504,2.0323745816077636
torch_conv_3_15_OFF_hybrid.tflite,15,4.0,7.843,3504,2.0323745816077636
lstm_2_20_OFF_float32.tflite,20,,ERROR_TFLITE_INIT_FAILED,ERROR_TFLITE_INIT_FAILED,ERROR_TFLITE_INIT_FAILED
torch_conv_4_15_OFF_hybrid.tflite,15,0.0,10.735,3792,2.0328087687506207
torch_conv_4_15_OFF_hybrid.tflite,15,1.0,10.47,3792,2.0328087687506207
torch_conv_4_15_OFF_hybrid.tflite,15,2.0,10.458,3792,2.032842787322049
torch_conv_4_15_OFF_hybrid.tflite,15,3.0,10.469,3792,2.0329589573220495
torch_conv_4_15_OFF_hybrid.tflite,15,4.0,10.47,3792,2.0329923020049065
dense_5_20_OFF_hybrid.tflite,20,,ERROR_TFLITE_INIT_FAILED,ERROR_TFLITE_INIT_FAILED,ERROR_TFLITE_INIT_FAILED
torch_conv_1_15_ON_int8.tflite,15,0.0,3.531,1700,2.031749968750621
torch_conv_1_15_ON_int8.tflite,15,1.0,2.764,1700,2.031749968750621
torch_conv_1_15_ON_int8.tflite,15,2.0,2.756,1700,2.031749968750621
torch_conv_1_15_ON_int8.tflite,15,3.0,2.756,1700,2.031749968750621
torch_conv_1_15_ON_int8.tflite,15,4.0,2.756,1700,2.031749968750621
dense_1_20_OFF_hybrid.tflite,20,,ERROR_TFLITE_INIT_FAILED,ERROR_TFLITE_INIT_FAILED,ERROR_TFLITE_INIT_FAILED
torch_conv_9_10_OFF_hybrid.tflite,10,0.0,16.147,4592,2.032437084464907
torch_conv_9_10_OFF_hybrid.tflite,10,1.0,15.715,4592,2.032437084464907
torch_conv_9_10_OFF_hybrid.tflite,10,2.0,15.731,4592,2.032437084464907
torch_conv_9_10_OFF_hybrid.tflite,10,3.0,15.723,4592,2.032437084464907
torch_conv_9_10_OFF_hybrid.tflite,10,4.0,15.727,4592,2.032437084464907
torch_conv_10_10_OFF_hybrid.tflite,10,0.0,17.705,4880,2.0323745816077636
torch_conv_10_10_OFF_hybrid.tflite,10,1.0,17.456,4880,2.0323745816077636
torch_conv_10_10_OFF_hybrid.tflite,10,2.0,17.452,4880,2.0323745816077636
torch_conv_10_10_OFF_hybrid.tflite,10,3.0,17.452,4880,2.0323745816077636
torch_conv_10_10_OFF_hybrid.tflite,10,4.0,17.46,4880,2.0323745816077636
torch_dense_8_10_OFF_int8.tflite,10,0.0,3.182,5716,2.031749968750621
torch_dense_8_10_OFF_int8.tflite,10,1.0,2.785,5716,2.031749968750621
torch_dense_8_10_OFF_int8.tflite,10,2.0,2.785,5716,2.031749968750621
torch_dense_8_10_OFF_int8.tflite,10,3.0,2.776,5716,2.031749968750621
torch_dense_8_10_OFF_int8.tflite,10,4.0,2.776,5716,2.031749968750621
torch_dense_7_5_OFF_float32.tflite,5,,ERROR_TFLITE_INIT_FAILED,ERROR_TFLITE_INIT_FAILED,ERROR_TFLITE_INIT_FAILED
conv_3_5_OFF_int8.tflite,5,0.0,2.131,1732,2.1106537915706207
conv_3_5_OFF_int8.tflite,5,1.0,1.627,1732,2.1744949992277633
conv_3_5_OFF_int8.tflite,5,2.0,1.624,1732,2.1744949992277633
conv_3_5_OFF_int8.tflite,5,3.0,1.623,1732,2.1744949992277633
conv_3_5_OFF_int8.tflite,5,4.0,1.624,1732,2.1874037621420492
conv_8_15_OFF_float32.tflite,15,0.0,21.299,4944,2.032497292791764
conv_8_15_OFF_float32.tflite,15,1.0,20.958,4944,2.032497292791764
conv_8_15_OFF_float32.tflite,15,2.0,20.959,4944,2.032481257077478
conv_8_15_OFF_float32.tflite,15,3.0,20.959,4944,2.032481257077478
conv_8_15_OFF_float32.tflite,15,4.0,20.958,4944,2.0324653688326206
dense_7_10_OFF_int8.tflite,10,0.0,2.879,5172,2.0329867399374777
dense_7_10_OFF_int8.tflite,10,1.0,2.485,5172,2.0329867399374777
dense_7_10_OFF_int8.tflite,10,2.0,2.485,5172,2.0329867399374777
dense_7_10_OFF_int8.tflite,10,3.0,2.477,5172,2.0329867399374777
dense_7_10_OFF_int8.tflite,10,4.0,2.477,5172,2.0329867399374777
dense_10_10_OFF_hybrid.tflite,10,,ERROR_TFLITE_INIT_FAILED,ERROR_TFLITE_INIT_FAILED,ERROR_TFLITE_INIT_FAILED
lstm_10_10_OFF_int8.tflite,10,,ERROR_ESP32_MALLOC_FAILED,ERROR_ESP32_MALLOC_FAILED,ERROR_ESP32_MALLOC_FAILED
lstm_6_15_OFF_int8.tflite,15,,ERROR_ESP32_MALLOC_FAILED,ERROR_ESP32_MALLOC_FAILED,ERROR_ESP32_MALLOC_FAILED
torch_conv_1_10_ON_int8.tflite,10,0.0,2.934,1540,2.031749968750621
torch_conv_1_10_ON_int8.tflite,10,1.0,2.183,1540,2.031749968750621
torch_conv_1_10_ON_int8.tflite,10,2.0,2.18,1540,2.031749968750621
torch_conv_1_10_ON_int8.tflite,10,3.0,2.188,1540,2.031749968750621
torch_conv_1_10_ON_int8.tflite,10,4.0,2.179,1540,2.031749968750621
conv_2_20_ON_float32.tflite,20,0.0,8.007,4320,2.0340038099254776
conv_2_20_ON_float32.tflite,20,1.0,7.444,4320,2.0340038099254776
conv_2_20_ON_float32.tflite,20,2.0,7.435,4320,2.0340038099254776
conv_2_20_ON_float32.tflite,20,3.0,7.439,4320,2.0340038099254776
conv_2_20_ON_float32.tflite,20,4.0,7.427,4320,2.0340038099254776
torch_conv_10_20_OFF_int8.tflite,20,0.0,17.935,5092,2.031749968750621
torch_conv_10_20_OFF_int8.tflite,20,1.0,17.391,5092,2.031749968750621
torch_conv_10_20_OFF_int8.tflite,20,2.0,17.392,5092,2.031749968750621
torch_conv_10_20_OFF_int8.tflite,20,3.0,17.388,5092,2.031749968750621
torch_conv_10_20_OFF_int8.tflite,20,4.0,17.391,5092,2.031749968750621
torch_conv_10_20_ON_int8.tflite,20,0.0,26.056,7460,2.0337899781097635
torch_conv_10_20_ON_int8.tflite,20,1.0,25.286,7460,2.0337899781097635
torch_conv_10_20_ON_int8.tflite,20,2.0,25.283,7460,2.0337899781097635
torch_conv_10_20_ON_int8.tflite,20,3.0,25.277,7460,2.0337899781097635
torch_conv_10_20_ON_int8.tflite,20,4.0,25.29,7460,2.0337899781097635
conv_6_5_OFF_float32.tflite,5,0.0,5.675,2976,2.0195913766080493
conv_6_5_OFF_float32.tflite,5,1.0,5.314,2976,2.0193138070566206
conv_6_5_OFF_float32.tflite,5,2.0,5.31,2976,2.019162195668906
conv_6_5_OFF_float32.tflite,5,3.0,5.31,2976,2.0196293558823353
conv_6_5_OFF_float32.tflite,5,4.0,5.301,2976,2.0194465790566207
torch_conv_1_20_ON_hybrid.tflite,20,0.0,4.246,3680,2.0323745816077636
torch_conv_1_20_ON_hybrid.tflite,20,1.0,3.823,3680,2.0323745816077636
torch_conv_1_20_ON_hybrid.tflite,20,2.0,3.814,3680,2.0323745816077636
torch_conv_1_20_ON_hybrid.tflite,20,3.0,3.819,3680,2.0323745816077636
torch_conv_1_20_ON_hybrid.tflite,20,4.0,3.815,3680,2.0323745816077636
conv_10_10_ON_hybrid.tflite,10,0.0,19.016,7232,2.0275582918617636
conv_10_10_ON_hybrid.tflite,10,1.0,18.559,7232,2.027511353060335
conv_10_10_ON_hybrid.tflite,10,2.0,18.543,7232,2.027500727984621
conv_10_10_ON_hybrid.tflite,10,3.0,18.547,7232,2.0276778083297633
conv_10_10_ON_hybrid.tflite,10,4.0,18.535,7232,2.0277060586726203
torch_conv_3_15_OFF_int8.tflite,15,0.0,4.414,2164,2.031749968750621
torch_conv_3_15_OFF_int8.tflite,15,1.0,3.866,2164,2.031749968750621
torch_conv_3_15_OFF_int8.tflite,15,2.0,3.865,2164,2.031749968750621
torch_conv_3_15_OFF_int8.tflite,15,3.0,3.862,2164,2.031749968750621
torch_conv_3_15_OFF_int8.tflite,15,4.0,3.857,2164,2.031749968750621
dense_8_20_OFF_hybrid.tflite,20,,ERROR_TFLITE_INIT_FAILED,ERROR_TFLITE_INIT_FAILED,ERROR_TFLITE_INIT_FAILED
torch_conv_8_10_ON_hybrid.tflite,10,0.0,15.528,6192,2.604800958172907
torch_conv_8_10_ON_hybrid.tflite,10,1.0,14.951,6192,2.6055503170900494
torch_conv_8_10_ON_hybrid.tflite,10,2.0,14.937,6192,2.6065456205700492
torch_conv_8_10_ON_hybrid.tflite,10,3.0,14.949,6192,2.6073416873700497
torch_conv_8_10_ON_hybrid.tflite,10,4.0,14.937,6192,2.608712165377763
conv_9_15_OFF_int8.tflite,15,0.0,10.659,3892,2.029381668456335
conv_9_15_OFF_int8.tflite,15,1.0,10.131,3892,2.0299975898849065
conv_9_15_OFF_int8.tflite,15,2.0,10.127,3892,2.029381668456335
conv_9_15_OFF_int8.tflite,15,3.0,10.122,3892,2.029381668456335
conv_9_15_OFF_int8.tflite,15,4.0,10.127,3892,2.028274445084907
torch_conv_6_20_ON_int8.tflite,20,0.0,16.162,5108,2.031749968750621
torch_conv_6_20_ON_int8.tflite,20,1.0,15.393,5108,2.031749968750621
torch_conv_6_20_ON_int8.tflite,20,2.0,15.405,5108,2.031749968750621
torch_conv_6_20_ON_int8.tflite,20,3.0,15.388,5108,2.031749968750621
torch_conv_6_20_ON_int8.tflite,20,4.0,15.396,5108,2.031749968750621
torch_dense_2_10_OFF_float32.tflite,10,0.0,0.716,1696,2.0323745816077636
torch_dense_2_10_OFF_float32.tflite,10,1.0,0.434,1696,2.0323745816077636
torch_dense_2_10_OFF_float32.tflite,10,2.0,0.429,1696,2.0323745816077636
torch_dense_2_10_OFF_float32.tflite,10,3.0,0.429,1696,2.0323745816077636
torch_dense_2_10_OFF_float32.tflite,10,4.0,0.43,1696,2.0323745816077636
conv_10_20_OFF_float32.tflite,20,,ERROR_TFLITE_INIT_FAILED,ERROR_TFLITE_INIT_FAILED,ERROR_TFLITE_INIT_FAILED
conv_10_20_ON_int8.tflite,20,0.0,26.038,7460,2.0299999863346203
conv_10_20_ON_int8.tflite,20,1.0,25.29,7460,2.031984752048906
conv_10_20_ON_int8.tflite,20,2.0,25.294,7460,2.0299999863346203
conv_10_20_ON_int8.tflite,20,3.0,25.277,7460,2.031395394785192
conv_10_20_ON_int8.tflite,20,4.0,25.286,7460,2.030810004785192
torch_conv_6_15_ON_hybrid.tflite,15,0.0,17.192,5776,2.0323745816077636
torch_conv_6_15_ON_hybrid.tflite,15,1.0,16.628,5776,2.0323745816077636
torch_conv_6_15_ON_hybrid.tflite,15,2.0,16.629,5776,2.0323745816077636
torch_conv_6_15_ON_hybrid.tflite,15,3.0,16.616,5776,2.0323745816077636
torch_conv_6_15_ON_hybrid.tflite,15,4.0,16.628,5776,2.0323745816077636
dense_5_10_OFF_float32.tflite,10,,ERROR_TFLITE_INIT_FAILED,ERROR_TFLITE_INIT_FAILED,ERROR_TFLITE_INIT_FAILED
torch_conv_3_5_ON_float32.tflite,5,0.0,3.664,2816,2.0323745816077636
torch_conv_3_5_ON_float32.tflite,5,1.0,3.287,2816,2.0323745816077636
torch_conv_3_5_ON_float32.tflite,5,2.0,3.259,2816,2.0323745816077636
torch_conv_3_5_ON_float32.tflite,5,3.0,3.271,2816,2.0323745816077636
torch_conv_3_5_ON_float32.tflite,5,4.0,3.267,2816,2.0323745816077636
lstm_10_20_OFF_float32.tflite,20,,ERROR_ESP32_MALLOC_FAILED,ERROR_ESP32_MALLOC_FAILED,ERROR_ESP32_MALLOC_FAILED
torch_conv_8_20_ON_hybrid.tflite,20,,ERROR_TFLITE_INIT_FAILED,ERROR_TFLITE_INIT_FAILED,ERROR_TFLITE_INIT_FAILED
conv_3_5_ON_int8.tflite,5,0.0,3.433,2436,2.0342778412554776
conv_3_5_ON_int8.tflite,5,1.0,2.686,2436,2.0342778412554776
conv_3_5_ON_int8.tflite,5,2.0,2.686,2436,2.0342778412554776
conv_3_5_ON_int8.tflite,5,3.0,2.686,2436,2.0342778412554776
conv_3_5_ON_int8.tflite,5,4.0,2.677,2436,2.0342778412554776
conv_7_5_ON_int8.tflite,5,0.0,5.537,4532,2.031211019538335
conv_7_5_ON_int8.tflite,5,1.0,4.866,4532,2.031211019538335
conv_7_5_ON_int8.tflite,5,2.0,4.863,4532,2.031211019538335
conv_7_5_ON_int8.tflite,5,3.0,4.863,4532,2.031211019538335
conv_7_5_ON_int8.tflite,5,4.0,4.862,4532,2.031211019538335
torch_conv_6_15_ON_int8.tflite,15,0.0,11.575,4436,2.031749968750621
torch_conv_6_15_ON_int8.tflite,15,1.0,10.861,4436,2.031749968750621
torch_conv_6_15_ON_int8.tflite,15,2.0,10.856,4436,2.031749968750621
torch_conv_6_15_ON_int8.tflite,15,3.0,10.849,4436,2.031749968750621
torch_conv_6_15_ON_int8.tflite,15,4.0,10.857,4436,2.031749968750621
lstm_10_15_OFF_float32.tflite,15,,ERROR_ESP32_MALLOC_FAILED,ERROR_ESP32_MALLOC_FAILED,ERROR_ESP32_MALLOC_FAILED
conv_1_15_ON_float32.tflite,15,0.0,3.563,3040,2.231296198632049
conv_1_15_ON_float32.tflite,15,1.0,3.031,3040,2.2311180736111917
conv_1_15_ON_float32.tflite,15,2.0,3.037,3040,2.2308705743160497
conv_1_15_ON_float32.tflite,15,3.0,3.031,3040,2.230806808209478
conv_1_15_ON_float32.tflite,15,4.0,3.028,3040,2.2308046139237634
lstm_2_15_OFF_int8.tflite,15,,ERROR_TFLITE_INIT_FAILED,ERROR_TFLITE_INIT_FAILED,ERROR_TFLITE_INIT_FAILED
torch_conv_2_5_ON_hybrid.tflite,5,0.0,2.753,2288,2.0323745816077636
torch_conv_2_5_ON_hybrid.tflite,5,1.0,2.391,2288,2.0323745816077636
torch_conv_2_5_ON_hybrid.tflite,5,2.0,2.364,2288,2.0323745816077636
torch_conv_2_5_ON_hybrid.tflite,5,3.0,2.38,2288,2.0323745816077636
torch_conv_2_5_ON_hybrid.tflite,5,4.0,2.364,2288,2.0323745816077636
conv_4_15_ON_float32.tflite,15,0.0,11.655,4736,2.0549116835569063
conv_4_15_ON_float32.tflite,15,1.0,11.201,4736,2.0551084948443346
conv_4_15_ON_float32.tflite,15,2.0,11.186,4736,2.0550509088789064
conv_4_15_ON_float32.tflite,15,3.0,11.186,4736,2.0551683593474785
conv_4_15_ON_float32.tflite,15,4.0,11.186,4736,2.0549746287160495
dense_9_5_OFF_hybrid.tflite,5,,ERROR_TFLITE_INIT_FAILED,ERROR_TFLITE_INIT_FAILED,ERROR_TFLITE_INIT_FAILED
lstm_2_10_OFF_int8.tflite,10,,ERROR_TFLITE_INIT_FAILED,ERROR_TFLITE_INIT_FAILED,ERROR_TFLITE_INIT_FAILED
torch_dense_6_5_OFF_hybrid.tflite,5,,ERROR_TFLITE_INIT_FAILED,ERROR_TFLITE_INIT_FAILED,ERROR_TFLITE_INIT_FAILED
torch_conv_4_10_ON_float32.tflite,10,0.0,8.19,4096,2.0323745816077636
torch_conv_4_10_ON_float32.tflite,10,1.0,7.725,4096,2.0323745816077636
torch_conv_4_10_ON_float32.tflite,10,2.0,7.7,4096,2.0323745816077636
torch_conv_4_10_ON_float32.tflite,10,3.0,7.717,4096,2.0323745816077636
torch_conv_4_10_ON_float32.tflite,10,4.0,7.709,4096,2.0323745816077636
torch_dense_6_10_OFF_int8.tflite,10,0.0,2.58,4564,2.031749968750621
torch_dense_6_10_OFF_int8.tflite,10,1.0,2.154,4564,2.031749968750621
torch_dense_6_10_OFF_int8.tflite,10,2.0,2.135,4564,2.031749968750621
torch_dense_6_10_OFF_int8.tflite,10,3.0,2.138,4564,2.031749968750621
torch_dense_6_10_OFF_int8.tflite,10,4.0,2.135,4564,2.031749968750621
torch_conv_9_10_ON_float32.tflite,10,0.0,17.242,6720,2.028304974948335
torch_conv_9_10_ON_float32.tflite,10,1.0,16.743,6720,2.028392000199763
torch_conv_9_10_ON_float32.tflite,10,2.0,16.742,6720,2.0283916413017633
torch_conv_9_10_ON_float32.tflite,10,3.0,16.73,6720,2.0285135640931924
torch_conv_9_10_ON_float32.tflite,10,4.0,16.742,6720,2.0285280624226205
dense_5_10_OFF_hybrid.tflite,10,,ERROR_TFLITE_INIT_FAILED,ERROR_TFLITE_INIT_FAILED,ERROR_TFLITE_INIT_FAILED
torch_conv_9_10_OFF_float32.tflite,10,0.0,16.072,4592,2.032437084464907
torch_conv_9_10_OFF_float32.tflite,10,1.0,15.727,4592,2.032437084464907
torch_conv_9_10_OFF_float32.tflite,10,2.0,15.719,4592,2.032437084464907
torch_conv_9_10_OFF_float32.tflite,10,3.0,15.715,4592,2.032437084464907
torch_conv_9_10_OFF_float32.tflite,10,4.0,15.714,4592,2.032437084464907
conv_8_10_ON_hybrid.tflite,10,0.0,15.357,6192,2.0365804333280493
conv_8_10_ON_hybrid.tflite,10,1.0,14.946,6192,2.035870437961192
conv_8_10_ON_hybrid.tflite,10,2.0,14.929,6192,2.0360434968429066
conv_8_10_ON_hybrid.tflite,10,3.0,14.929,6192,2.036846991377478
conv_8_10_ON_hybrid.tflite,10,4.0,14.925,6192,2.036800078365192
lstm_8_20_OFF_int8.tflite,20,,ERROR_ESP32_MALLOC_FAILED,ERROR_ESP32_MALLOC_FAILED,ERROR_ESP32_MALLOC_FAILED
conv_8_5_OFF_float32.tflite,5,0.0,7.227,3552,2.037406587353478
conv_8_5_OFF_float32.tflite,5,1.0,6.974,3552,2.0373478419820494
conv_8_5_OFF_float32.tflite,5,2.0,6.961,3552,2.037187835470621
conv_8_5_OFF_float32.tflite,5,3.0,6.966,3552,2.0370362993020494
conv_8_5_OFF_float32.tflite,5,4.0,6.962,3552,2.0369857631791928
conv_6_5_ON_float32.tflite,5,0.0,6.351,4384,2.030217264048049
conv_6_5_ON_float32.tflite,5,1.0,5.975,4384,2.030217264048049
conv_6_5_ON_float32.tflite,5,2.0,5.963,4384,2.0302960111909067
conv_6_5_ON_float32.tflite,5,3.0,5.971,4384,2.0302813811909064
conv_6_5_ON_float32.tflite,5,4.0,5.963,4384,2.0302960111909067
torch_conv_7_5_ON_int8.tflite,5,0.0,5.622,4532,2.031749968750621
torch_conv_7_5_ON_int8.tflite,5,1.0,4.867,4532,2.031749968750621
torch_conv_7_5_ON_int8.tflite,5,2.0,4.859,4532,2.031749968750621
torch_conv_7_5_ON_int8.tflite,5,3.0,4.859,4532,2.031749968750621
torch_conv_7_5_ON_int8.tflite,5,4.0,4.86,4532,2.031749968750621
torch_conv_2_15_OFF_int8.tflite,15,0.0,3.357,1876,2.031749968750621
torch_conv_2_15_OFF_int8.tflite,15,1.0,2.829,1876,2.031749968750621
torch_conv_2_15_OFF_int8.tflite,15,2.0,2.833,1876,2.031749968750621
torch_conv_2_15_OFF_int8.tflite,15,3.0,2.825,1876,2.031749968750621
torch_conv_2_15_OFF_int8.tflite,15,4.0,2.842,1876,2.031749968750621
dense_8_20_OFF_int8.tflite,20,0.0,3.296,5876,2.031729426113478
dense_8_20_OFF_int8.tflite,20,1.0,2.927,5876,2.031729426113478
dense_8_20_OFF_int8.tflite,20,2.0,2.912,5876,2.031729426113478
dense_8_20_OFF_int8.tflite,20,3.0,2.911,5876,2.031109158970621
dense_8_20_OFF_int8.tflite,20,4.0,2.911,5876,2.031109158970621
torch_conv_1_10_OFF_hybrid.tflite,10,0.0,2.205,1904,2.0323745816077636
torch_conv_1_10_OFF_hybrid.tflite,10,1.0,1.857,1904,2.0323745816077636
torch_conv_1_10_OFF_hybrid.tflite,10,2.0,1.849,1904,2.0323745816077636
torch_conv_1_10_OFF_hybrid.tflite,10,3.0,1.848,1904,2.0323745816077636
torch_conv_1_10_OFF_hybrid.tflite,10,4.0,1.848,1904,2.0323745816077636
dense_9_20_OFF_int8.tflite,20,,ERROR_TFLITE_INIT_FAILED,ERROR_TFLITE_INIT_FAILED,ERROR_TFLITE_INIT_FAILED
dense_3_10_OFF_float32.tflite,10,0.0,0.752,1824,2.0313355216349067
dense_3_10_OFF_float32.tflite,10,1.0,0.592,1824,2.0313029227671926
dense_3_10_OFF_float32.tflite,10,2.0,0.58,1824,2.031255936277478
dense_3_10_OFF_float32.tflite,10,3.0,0.581,1824,2.0313026384411925
dense_3_10_OFF_float32.tflite,10,4.0,0.581,1824,2.0313054995029067
torch_dense_3_10_OFF_hybrid.tflite,10,,ERROR_TFLITE_INIT_FAILED,ERROR_TFLITE_INIT_FAILED,ERROR_TFLITE_INIT_FAILED
conv_5_5_ON_hybrid.tflite,5,0.0,5.564,3856,2.4585560304831917
conv_5_5_ON_hybrid.tflite,5,1.0,5.076,3856,2.4590139623631915
conv_5_5_ON_hybrid.tflite,5,2.0,5.068,3856,2.4588440624174774
conv_5_5_ON_hybrid.tflite,5,3.0,5.074,3856,2.4581553814274777
conv_5_5_ON_hybrid.tflite,5,4.0,5.076,3856,2.4577468359843344
torch_conv_8_20_OFF_int8.tflite,20,0.0,14.479,4548,2.031749968750621
torch_conv_8_20_OFF_int8.tflite,20,1.0,13.959,4548,2.031749968750621
torch_conv_8_20_OFF_int8.tflite,20,2.0,13.951,4548,2.031749968750621
torch_conv_8_20_OFF_int8.tflite,20,3.0,13.943,4548,2.031749968750621
torch_conv_8_20_OFF_int8.tflite,20,4.0,13.951,4548,2.031749968750621
conv_10_15_ON_int8.tflite,15,0.0,18.076,6532,2.0440054219440493
conv_10_15_ON_int8.tflite,15,1.0,17.322,6532,2.0465974176583352
conv_10_15_ON_int8.tflite,15,2.0,17.333,6532,2.0465974176583352
conv_10_15_ON_int8.tflite,15,3.0,17.323,6532,2.044111096455478
conv_10_15_ON_int8.tflite,15,4.0,17.326,6532,2.0440054219440493
conv_1_15_OFF_hybrid.tflite,15,0.0,2.967,2400,2.0725488607031926
conv_1_15_OFF_hybrid.tflite,15,1.0,2.611,2400,2.0723524391329065
conv_1_15_OFF_hybrid.tflite,15,2.0,2.61,2400,2.072134507768049
conv_1_15_OFF_hybrid.tflite,15,3.0,2.61,2400,2.072112400304621
conv_1_15_OFF_hybrid.tflite,15,4.0,2.61,2400,2.0717264098529062
conv_4_20_OFF_hybrid.tflite,20,,ERROR_TFLITE_INIT_FAILED,ERROR_TFLITE_INIT_FAILED,ERROR_TFLITE_INIT_FAILED
conv_6_5_ON_int8.tflite,5,0.0,5.047,4004,2.029889501680335
conv_6_5_ON_int8.tflite,5,1.0,4.33,4004,2.029889501680335
conv_6_5_ON_int8.tflite,5,2.0,4.318,4004,2.029889501680335
conv_6_5_ON_int8.tflite,5,3.0,4.31,4004,2.029889501680335
conv_6_5_ON_int8.tflite,5,4.0,4.31,4004,2.029889501680335
dense_9_20_OFF_hybrid.tflite,20,,ERROR_TFLITE_INIT_FAILED,ERROR_TFLITE_INIT_FAILED,ERROR_TFLITE_INIT_FAILED
torch_dense_5_10_OFF_hybrid.tflite,10,,ERROR_TFLITE_INIT_FAILED,ERROR_TFLITE_INIT_FAILED,ERROR_TFLITE_INIT_FAILED
lstm_2_10_OFF_float32.tflite,10,,ERROR_TFLITE_INIT_FAILED,ERROR_TFLITE_INIT_FAILED,ERROR_TFLITE_INIT_FAILED
torch_conv_5_15_OFF_int8.tflite,15,0.0,6.498,2740,2.031749968750621
torch_conv_5_15_OFF_int8.tflite,15,1.0,5.955,2740,2.031749968750621
torch_conv_5_15_OFF_int8.tflite,15,2.0,5.959,2740,2.031749968750621
torch_conv_5_15_OFF_int8.tflite,15,3.0,5.95,2740,2.031749968750621
torch_conv_5_15_OFF_int8.tflite,15,4.0,5.951,2740,2.031749968750621
torch_conv_2_10_OFF_hybrid.tflite,10,0.0,4.007,2576,2.0323745816077636
torch_conv_2_10_OFF_hybrid.tflite,10,1.0,3.611,2576,2.0323745816077636
torch_conv_2_10_OFF_hybrid.tflite,10,2.0,3.602,2576,2.0323745816077636
torch_conv_2_10_OFF_hybrid.tflite,10,3.0,3.603,2576,2.0323745816077636
torch_conv_2_10_OFF_hybrid.tflite,10,4.0,3.611,2576,2.0323745816077636
conv_3_15_ON_int8.tflite,15,0.0,6.783,2868,2.2921422400886216
conv_3_15_ON_int8.tflite,15,1.0,5.996,2868,2.2921422400886216
conv_3_15_ON_int8.tflite,15,2.0,6.001,2868,2.2894945455771922
conv_3_15_ON_int8.tflite,15,3.0,6.0,2868,2.2854961672314777
conv_3_15_ON_int8.tflite,15,4.0,6.009,2868,2.2821738841486208
conv_10_20_OFF_int8.tflite,20,0.0,17.903,5092,2.024115781707764
conv_10_20_OFF_int8.tflite,20,1.0,17.394,5092,2.0247099745649066
conv_10_20_OFF_int8.tflite,20,2.0,17.408,5092,2.026411390793478
conv_10_20_OFF_int8.tflite,20,3.0,17.399,5092,2.025308513136335
conv_10_20_OFF_int8.tflite,20,4.0,17.407,5092,2.025308513136335
torch_dense_7_15_OFF_hybrid.tflite,15,,ERROR_TFLITE_INIT_FAILED,ERROR_TFLITE_INIT_FAILED,ERROR_TFLITE_INIT_FAILED
conv_7_15_ON_int8.tflite,15,0.0,13.232,4964,2.0397316998643347
conv_7_15_ON_int8.tflite,15,1.0,12.474,4964,2.040688286660621
conv_7_15_ON_int8.tflite,15,2.0,12.469,4964,2.0417609410671926
conv_7_15_ON_int8.tflite,15,3.0,12.462,4964,2.0427271382100494
conv_7_15_ON_int8.tflite,15,4.0,12.47,4964,2.0412103167814784
torch_conv_1_20_OFF_float32.tflite,20,0.0,3.757,2896,2.0329923020049065
torch_conv_1_20_OFF_float32.tflite,20,1.0,3.368,2896,2.032991605259192
torch_conv_1_20_OFF_float32.tflite,20,2.0,3.376,2896,2.032991605259192
torch_conv_1_20_OFF_float32.tflite,20,3.0,3.368,2896,2.033041688116335
torch_conv_1_20_OFF_float32.tflite,20,4.0,3.369,2896,2.033041688116335
torch_conv_1_15_OFF_float32.tflite,15,0.0,2.837,2400,2.032437084464907
torch_conv_1_15_OFF_float32.tflite,15,1.0,2.618,2400,2.032437084464907
torch_conv_1_15_OFF_float32.tflite,15,2.0,2.606,2400,2.032437084464907
torch_conv_1_15_OFF_float32.tflite,15,3.0,2.606,2400,2.032437084464907
torch_conv_1_15_OFF_float32.tflite,15,4.0,2.606,2400,2.032437084464907
dense_1_15_OFF_float32.tflite,15,0.0,0.625,1904,2.0323085842620494
dense_1_15_OFF_float32.tflite,15,1.0,0.431,1904,2.0323085842620494
dense_1_15_OFF_float32.tflite,15,2.0,0.427,1904,2.0323080118134778
dense_1_15_OFF_float32.tflite,15,3.0,0.427,1904,2.0323080118134778
dense_1_15_OFF_float32.tflite,15,4.0,0.427,1904,2.032291953242049
conv_7_20_OFF_float32.tflite,20,,ERROR_TFLITE_INIT_FAILED,ERROR_TFLITE_INIT_FAILED,ERROR_TFLITE_INIT_FAILED
torch_conv_6_15_OFF_int8.tflite,15,0.0,7.508,3028,2.031749968750621
torch_conv_6_15_OFF_int8.tflite,15,1.0,6.991,3028,2.031749968750621
torch_conv_6_15_OFF_int8.tflite,15,2.0,6.997,3028,2.031749968750621
torch_conv_6_15_OFF_int8.tflite,15,3.0,6.992,3028,2.031749968750621
torch_conv_6_15_OFF_int8.tflite,15,4.0,7.0,3028,2.031749968750621
lstm_6_20_OFF_int8.tflite,20,,ERROR_ESP32_MALLOC_FAILED,ERROR_ESP32_MALLOC_FAILED,ERROR_ESP32_MALLOC_FAILED
lstm_4_15_OFF_hybrid.tflite,15,,ERROR_ESP32_MALLOC_FAILED,ERROR_ESP32_MALLOC_FAILED,ERROR_ESP32_MALLOC_FAILED
torch_dense_1_5_OFF_int8.tflite,5,0.0,1.054,2084,2.033688117542049
torch_dense_1_5_OFF_int8.tflite,5,1.0,0.696,2084,2.033688117542049
torch_dense_1_5_OFF_int8.tflite,5,2.0,0.684,2084,2.033688117542049
torch_dense_1_5_OFF_int8.tflite,5,3.0,0.684,2084,2.031729426113478
torch_dense_1_5_OFF_int8.tflite,5,4.0,0.684,2084,2.031729426113478
conv_5_20_ON_hybrid.tflite,20,,ERROR_TFLITE_INIT_FAILED,ERROR_TFLITE_INIT_FAILED,ERROR_TFLITE_INIT_FAILED
torch_dense_9_20_OFF_hybrid.tflite,20,,ERROR_TFLITE_INIT_FAILED,ERROR_TFLITE_INIT_FAILED,ERROR_TFLITE_INIT_FAILED
torch_conv_1_5_ON_hybrid.tflite,5,0.0,2.001,1760,2.0323745816077636
torch_conv_1_5_ON_hybrid.tflite,5,1.0,1.466,1760,2.0323745816077636
torch_conv_1_5_ON_hybrid.tflite,5,2.0,1.466,1760,2.0323745816077636
torch_conv_1_5_ON_hybrid.tflite,5,3.0,1.47,1760,2.0323745816077636
torch_conv_1_5_ON_hybrid.tflite,5,4.0,1.466,1760,2.0323745816077636
torch_conv_3_10_ON_hybrid.tflite,10,0.0,6.361,3568,2.0323745816077636
torch_conv_3_10_ON_hybrid.tflite,10,1.0,5.896,3568,2.0323745816077636
torch_conv_3_10_ON_hybrid.tflite,10,2.0,5.885,3568,2.0323745816077636
torch_conv_3_10_ON_hybrid.tflite,10,3.0,5.888,3568,2.0323745816077636
torch_conv_3_10_ON_hybrid.tflite,10,4.0,5.884,3568,2.0323745816077636
conv_5_20_ON_int8.tflite,20,0.0,13.372,4612,2.0359363333097638
conv_5_20_ON_int8.tflite,20,1.0,12.618,4612,2.036541247595478
conv_5_20_ON_int8.tflite,20,2.0,12.609,4612,2.036541247595478
conv_5_20_ON_int8.tflite,20,3.0,12.601,4612,2.0314744662877633
conv_5_20_ON_int8.tflite,20,4.0,12.61,4612,2.0314744662877633
torch_dense_7_20_OFF_int8.tflite,20,0.0,2.992,5332,2.031749968750621
torch_dense_7_20_OFF_int8.tflite,20,1.0,2.617,5332,2.031749968750621
torch_dense_7_20_OFF_int8.tflite,20,2.0,2.603,5332,2.031749968750621
torch_dense_7_20_OFF_int8.tflite,20,3.0,2.602,5332,2.031749968750621
torch_dense_7_20_OFF_int8.tflite,20,4.0,2.611,5332,2.031749968750621
torch_dense_5_20_OFF_hybrid.tflite,20,,ERROR_TFLITE_INIT_FAILED,ERROR_TFLITE_INIT_FAILED,ERROR_TFLITE_INIT_FAILED
dense_4_20_OFF_float32.tflite,20,,ERROR_TFLITE_INIT_FAILED,ERROR_TFLITE_INIT_FAILED,ERROR_TFLITE_INIT_FAILED
torch_conv_9_20_ON_hybrid.tflite,20,,ERROR_TFLITE_INIT_FAILED,ERROR_TFLITE_INIT_FAILED,ERROR_TFLITE_INIT_FAILED
dense_4_10_OFF_float32.tflite,10,,ERROR_TFLITE_INIT_FAILED,ERROR_TFLITE_INIT_FAILED,ERROR_TFLITE_INIT_FAILED
torch_conv_5_20_ON_int8.tflite,20,0.0,13.377,4612,2.031749968750621
torch_conv_5_20_ON_int8.tflite,20,1.0,12.611,4612,2.031749968750621
torch_conv_5_20_ON_int8.tflite,20,2.0,12.61,4612,2.031749968750621
torch_conv_5_20_ON_int8.tflite,20,3.0,12.607,4612,2.031749968750621
torch_conv_5_20_ON_int8.tflite,20,4.0,12.611,4612,2.031749968750621
torch_conv_7_20_OFF_int8.tflite,20,0.0,12.412,3972,2.031749968750621
torch_conv_7_20_OFF_int8.tflite,20,1.0,11.892,3972,2.031749968750621
torch_conv_7_20_OFF_int8.tflite,20,2.0,11.895,3972,2.031749968750621
torch_conv_7_20_OFF_int8.tflite,20,3.0,11.887,3972,2.031749968750621
torch_conv_7_20_OFF_int8.tflite,20,4.0,11.904,3972,2.031749968750621
torch_conv_7_5_OFF_float32.tflite,5,0.0,6.504,3264,2.0323745816077636
torch_conv_7_5_OFF_float32.tflite,5,1.0,6.142,3264,2.0323745816077636
torch_conv_7_5_OFF_float32.tflite,5,2.0,6.138,3264,2.0323745816077636
torch_conv_7_5_OFF_float32.tflite,5,3.0,6.137,3264,2.0323745816077636
torch_conv_7_5_OFF_float32.tflite,5,4.0,6.137,3264,2.0323745816077636
conv_6_20_ON_int8.tflite,20,0.0,16.149,5108,2.0325968857974774
conv_6_20_ON_int8.tflite,20,1.0,15.399,5108,2.0313977786546205
conv_6_20_ON_int8.tflite,20,2.0,15.403,5108,2.0320026929403343
conv_6_20_ON_int8.tflite,20,3.0,15.402,5108,2.0320026929403343
conv_6_20_ON_int8.tflite,20,4.0,15.403,5108,2.035073497226049
conv_8_5_ON_hybrid.tflite,5,0.0,8.284,5440,2.377380422742906
conv_8_5_ON_hybrid.tflite,5,1.0,7.756,5440,2.378756162541763
conv_8_5_ON_hybrid.tflite,5,2.0,7.749,5440,2.3815484119831924
conv_8_5_ON_hybrid.tflite,5,3.0,7.765,5440,2.3830963538717636
conv_8_5_ON_hybrid.tflite,5,4.0,7.756,5440,2.3828346928791926
conv_5_10_ON_float32.tflite,10,0.0,9.979,4624,2.038928395189478
conv_5_10_ON_float32.tflite,10,1.0,9.514,4624,2.038994202729478
conv_5_10_ON_float32.tflite,10,2.0,9.495,4624,2.0391246984437634
conv_5_10_ON_float32.tflite,10,3.0,9.506,4624,2.0392171631217635
conv_5_10_ON_float32.tflite,10,4.0,9.501,4624,2.0391530774074775
dense_2_10_OFF_float32.tflite,10,0.0,0.612,1696,2.024405427346335
dense_2_10_OFF_float32.tflite,10,1.0,0.434,1696,2.024270381644335
dense_2_10_OFF_float32.tflite,10,2.0,0.422,1696,2.024080309523192
dense_2_10_OFF_float32.tflite,10,3.0,0.425,1696,2.0238916191571925
dense_2_10_OFF_float32.tflite,10,4.0,0.421,1696,2.023688430565192
conv_9_5_OFF_int8.tflite,5,0.0,4.087,3460,2.031749968750621
conv_9_5_OFF_int8.tflite,5,1.0,3.591,3460,2.031749968750621
conv_9_5_OFF_int8.tflite,5,2.0,3.574,3460,2.031749968750621
conv_9_5_OFF_int8.tflite,5,3.0,3.578,3460,2.031749968750621
conv_9_5_OFF_int8.tflite,5,4.0,3.574,3460,2.031749968750621
lstm_7_10_OFF_float32.tflite,10,,ERROR_ESP32_MALLOC_FAILED,ERROR_ESP32_MALLOC_FAILED,ERROR_ESP32_MALLOC_FAILED
conv_7_5_OFF_hybrid.tflite,5,0.0,6.419,3264,2.0311783946723354
conv_7_5_OFF_hybrid.tflite,5,1.0,6.15,3264,2.0311580692820494
conv_7_5_OFF_hybrid.tflite,5,2.0,6.146,3264,2.0312981978509064
conv_7_5_OFF_hybrid.tflite,5,3.0,6.15,3264,2.0313912542157633
conv_7_5_OFF_hybrid.tflite,5,4.0,6.146,3264,2.0313918323786204
torch_conv_4_15_OFF_int8.tflite,15,0.0,5.419,2452,2.060015803036335
torch_conv_4_15_OFF_int8.tflite,15,1.0,4.915,2452,2.060015803036335
torch_conv_4_15_OFF_int8.tflite,15,2.0,4.915,2452,2.060015803036335
torch_conv_4_15_OFF_int8.tflite,15,3.0,4.912,2452,2.060015803036335
torch_conv_4_15_OFF_int8.tflite,15,4.0,4.916,2452,2.060015803036335
torch_conv_2_15_ON_int8.tflite,15,0.0,5.142,2340,2.031749968750621
torch_conv_2_15_ON_int8.tflite,15,1.0,4.384,2340,2.031749968750621
torch_conv_2_15_ON_int8.tflite,15,2.0,4.392,2340,2.031749968750621
torch_conv_2_15_ON_int8.tflite,15,3.0,4.376,2340,2.031749968750621
torch_conv_2_15_ON_int8.tflite,15,4.0,4.383,2340,2.031749968750621
conv_9_15_OFF_hybrid.tflite,15,0.0,23.997,5232,2.030014494619192
conv_9_15_OFF_hybrid.tflite,15,1.0,23.569,5232,2.030030347476335
conv_9_15_OFF_hybrid.tflite,15,2.0,23.573,5232,2.0299855489706204
conv_9_15_OFF_hybrid.tflite,15,3.0,23.569,5232,2.0299538518277633
conv_9_15_OFF_hybrid.tflite,15,4.0,23.577,5232,2.0298648101220493
torch_conv_7_20_ON_hybrid.tflite,20,,ERROR_TFLITE_INIT_FAILED,ERROR_TFLITE_INIT_FAILED,ERROR_TFLITE_INIT_FAILED
torch_conv_9_5_OFF_hybrid.tflite,5,0.0,8.131,3840,2.032058693267764
torch_conv_9_5_OFF_hybrid.tflite,5,1.0,7.818,3840,2.0320747318391925
torch_conv_9_5_OFF_hybrid.tflite,5,2.0,7.821,3840,2.0320907732677638
torch_conv_9_5_OFF_hybrid.tflite,5,3.0,7.814,3840,2.0320907732677638
torch_conv_9_5_OFF_hybrid.tflite,5,4.0,7.814,3840,2.0320747318391925
conv_3_15_ON_hybrid.tflite,15,0.0,8.969,4208,2.307833098040335
conv_3_15_ON_hybrid.tflite,15,1.0,8.471,4208,2.306944770799478
conv_3_15_ON_hybrid.tflite,15,2.0,8.467,4208,2.3043357743374777
conv_3_15_ON_hybrid.tflite,15,3.0,8.455,4208,2.299625648234335
conv_3_15_ON_hybrid.tflite,15,4.0,8.463,4208,2.2907312240697633
torch_conv_7_20_OFF_hybrid.tflite,20,,ERROR_TFLITE_INIT_FAILED,ERROR_TFLITE_INIT_FAILED,ERROR_TFLITE_INIT_FAILED
torch_dense_7_20_OFF_hybrid.tflite,20,,ERROR_TFLITE_INIT_FAILED,ERROR_TFLITE_INIT_FAILED,ERROR_TFLITE_INIT_FAILED
lstm_2_20_OFF_hybrid.tflite,20,,ERROR_TFLITE_INIT_FAILED,ERROR_TFLITE_INIT_FAILED,ERROR_TFLITE_INIT_FAILED
torch_dense_3_10_OFF_int8.tflite,10,0.0,1.624,2916,2.031749968750621
torch_dense_3_10_OFF_int8.tflite,10,1.0,1.202,2916,2.031749968750621
torch_dense_3_10_OFF_int8.tflite,10,2.0,1.186,2916,2.031749968750621
torch_dense_3_10_OFF_int8.tflite,10,3.0,1.199,2916,2.031749968750621
torch_dense_3_10_OFF_int8.tflite,10,4.0,1.195,2916,2.031749968750621
torch_conv_5_15_ON_hybrid.tflite,15,0.0,14.433,5264,2.0323745816077636
torch_conv_5_15_ON_hybrid.tflite,15,1.0,13.913,5264,2.0323745816077636
torch_conv_5_15_ON_hybrid.tflite,15,2.0,13.918,5264,2.0323745816077636
torch_conv_5_15_ON_hybrid.tflite,15,3.0,13.909,5264,2.0323745816077636
torch_conv_5_15_ON_hybrid.tflite,15,4.0,13.909,5264,2.0323745816077636
torch_conv_10_20_ON_hybrid.tflite,20,,ERROR_TFLITE_INIT_FAILED,ERROR_TFLITE_INIT_FAILED,ERROR_TFLITE_INIT_FAILED
conv_2_5_ON_int8.tflite,5,0.0,2.885,1908,2.0366834814146206
conv_2_5_ON_int8.tflite,5,1.0,2.151,1908,2.0366834814146206
conv_2_5_ON_int8.tflite,5,2.0,2.135,1908,2.0366834814146206
conv_2_5_ON_int8.tflite,5,3.0,2.135,1908,2.0366834814146206
conv_2_5_ON_int8.tflite,5,4.0,2.134,1908,2.035593640900335
torch_conv_1_15_OFF_hybrid.tflite,15,0.0,2.972,2400,2.032437084464907
torch_conv_1_15_OFF_hybrid.tflite,15,1.0,2.619,2400,2.032437084464907
torch_conv_1_15_OFF_hybrid.tflite,15,2.0,2.61,2400,2.032437084464907
torch_conv_1_15_OFF_hybrid.tflite,15,3.0,2.61,2400,2.032437084464907
torch_conv_1_15_OFF_hybrid.tflite,15,4.0,2.61,2400,2.032437084464907
dense_6_20_OFF_int8.tflite,20,0.0,2.679,4724,2.034196160179192
dense_6_20_OFF_int8.tflite,20,1.0,2.29,4724,2.034196160179192
dense_6_20_OFF_int8.tflite,20,2.0,2.291,4724,2.034196160179192
dense_6_20_OFF_int8.tflite,20,3.0,2.282,4724,2.034196160179192
dense_6_20_OFF_int8.tflite,20,4.0,2.282,4724,2.034196160179192
torch_conv_7_5_OFF_int8.tflite,5,0.0,3.402,2884,2.031749968750621
torch_conv_7_5_OFF_int8.tflite,5,1.0,2.918,2884,2.031749968750621
torch_conv_7_5_OFF_int8.tflite,5,2.0,2.914,2884,2.031749968750621
torch_conv_7_5_OFF_int8.tflite,5,3.0,2.922,2884,2.031749968750621
torch_conv_7_5_OFF_int8.tflite,5,4.0,2.914,2884,2.031749968750621
conv_10_10_ON_float32.tflite,10,0.0,19.139,7232,2.0275582918617636
conv_10_10_ON_float32.tflite,10,1.0,18.567,7232,2.027511353060335
conv_10_10_ON_float32.tflite,10,2.0,18.548,7232,2.027500727984621
conv_10_10_ON_float32.tflite,10,3.0,18.563,7232,2.0276778083297633
conv_10_10_ON_float32.tflite,10,4.0,18.555,7232,2.0277060586726203
torch_dense_1_20_OFF_float32.tflite,20,0.0,0.661,2256,2.0322514662800497
torch_dense_1_20_OFF_float32.tflite,20,1.0,0.482,2256,2.0322514662800497
torch_dense_1_20_OFF_float32.tflite,20,2.0,0.475,2256,2.0322514662800497
torch_dense_1_20_OFF_float32.tflite,20,3.0,0.479,2256,2.0322514662800497
torch_dense_1_20_OFF_float32.tflite,20,4.0,0.475,2256,2.0322354391371924
dense_6_10_OFF_int8.tflite,10,0.0,2.559,4564,2.0268587965649063
dense_6_10_OFF_int8.tflite,10,1.0,2.162,4564,2.0262646037077636
dense_6_10_OFF_int8.tflite,10,2.0,2.155,4564,2.026256819196335
dense_6_10_OFF_int8.tflite,10,3.0,2.151,4564,2.026256819196335
dense_6_10_OFF_int8.tflite,10,4.0,2.146,4564,2.0268587965649063
torch_conv_10_15_OFF_hybrid.tflite,15,0.0,26.532,5520,2.0323745816077636
torch_conv_10_15_OFF_hybrid.tflite,15,1.0,26.183,5520,2.0323745816077636
torch_conv_10_15_OFF_hybrid.tflite,15,2.0,26.195,5520,2.0323745816077636
torch_conv_10_15_OFF_hybrid.tflite,15,3.0,26.191,5520,2.0323745816077636
torch_conv_10_15_OFF_hybrid.tflite,15,4.0,26.194,5520,2.0323745816077636
dense_2_5_OFF_hybrid.tflite,5,,ERROR_TFLITE_INIT_FAILED,ERROR_TFLITE_INIT_FAILED,ERROR_TFLITE_INIT_FAILED
dense_7_5_OFF_int8.tflite,5,0.0,2.818,5172,2.0366552533203346
dense_7_5_OFF_int8.tflite,5,1.0,2.43,5172,2.0366552533203346
dense_7_5_OFF_int8.tflite,5,2.0,2.409,5172,2.0366552533203346
dense_7_5_OFF_int8.tflite,5,3.0,2.413,5172,2.037261576403192
dense_7_5_OFF_int8.tflite,5,4.0,2.418,5172,2.035376637952621
conv_10_10_OFF_float32.tflite,10,0.0,17.821,4880,2.062231795738621
conv_10_10_OFF_float32.tflite,10,1.0,17.452,4880,2.0619971054283353
conv_10_10_OFF_float32.tflite,10,2.0,17.455,4880,2.061944287183478
conv_10_10_OFF_float32.tflite,10,3.0,17.452,4880,2.062245258269192
conv_10_10_OFF_float32.tflite,10,4.0,17.463,4880,2.0628110214011923
dense_10_20_OFF_float32.tflite,20,,ERROR_TFLITE_INIT_FAILED,ERROR_TFLITE_INIT_FAILED,ERROR_TFLITE_INIT_FAILED
conv_2_10_OFF_hybrid.tflite,10,0.0,3.868,2576,2.032036893599192
conv_2_10_OFF_hybrid.tflite,10,1.0,3.607,2576,2.0320528950277637
conv_2_10_OFF_hybrid.tflite,10,2.0,3.595,2576,2.0321148354249066
conv_2_10_OFF_hybrid.tflite,10,3.0,3.599,2576,2.032098836853478
conv_2_10_OFF_hybrid.tflite,10,4.0,3.603,2576,2.0320822101077636
dense_10_5_OFF_hybrid.tflite,5,,ERROR_TFLITE_INIT_FAILED,ERROR_TFLITE_INIT_FAILED,ERROR_TFLITE_INIT_FAILED
lstm_2_5_OFF_hybrid.tflite,5,,ERROR_TFLITE_INIT_FAILED,ERROR_TFLITE_INIT_FAILED,ERROR_TFLITE_INIT_FAILED
dense_3_15_OFF_int8.tflite,15,0.0,1.668,3012,2.0373595011243344
dense_3_15_OFF_int8.tflite,15,1.0,1.271,3012,2.0373595011243344
dense_3_15_OFF_int8.tflite,15,2.0,1.254,3012,2.0373595011243344
dense_3_15_OFF_int8.tflite,15,3.0,1.267,3012,2.0373595011243344
dense_3_15_OFF_int8.tflite,15,4.0,1.255,3012,2.0373595011243344
torch_dense_3_15_OFF_float32.tflite,15,0.0,0.874,2176,2.0323745816077636
torch_dense_3_15_OFF_float32.tflite,15,1.0,0.64,2176,2.0323745816077636
torch_dense_3_15_OFF_float32.tflite,15,2.0,0.632,2176,2.0323745816077636
torch_dense_3_15_OFF_float32.tflite,15,3.0,0.636,2176,2.0323745816077636
torch_dense_3_15_OFF_float32.tflite,15,4.0,0.632,2176,2.0323745816077636
dense_1_20_OFF_float32.tflite,20,0.0,0.649,2256,2.0323579305877635
dense_1_20_OFF_float32.tflite,20,1.0,0.49,2256,2.0323579305877635
dense_1_20_OFF_float32.tflite,20,2.0,0.474,2256,2.0323579305877635
dense_1_20_OFF_float32.tflite,20,3.0,0.478,2256,2.0323579305877635
dense_1_20_OFF_float32.tflite,20,4.0,0.475,2256,2.0323579305877635
torch_dense_3_20_OFF_hybrid.tflite,20,,ERROR_TFLITE_INIT_FAILED,ERROR_TFLITE_INIT_FAILED,ERROR_TFLITE_INIT_FAILED
torch_conv_1_5_OFF_float32.tflite,5,0.0,1.368,1408,2.0327211544649066
torch_conv_1_5_OFF_float32.tflite,5,1.0,1.094,1408,2.032737204464907
torch_conv_1_5_OFF_float32.tflite,5,2.0,1.082,1408,2.03267111732205
torch_conv_1_5_OFF_float32.tflite,5,3.0,1.086,1408,2.0326871701791926
torch_conv_1_5_OFF_float32.tflite,5,4.0,1.082,1408,2.03267111732205
conv_3_15_ON_float32.tflite,15,0.0,8.966,4208,2.307833098040335
conv_3_15_ON_float32.tflite,15,1.0,8.474,4208,2.306944770799478
conv_3_15_ON_float32.tflite,15,2.0,8.454,4208,2.3043357743374777
conv_3_15_ON_float32.tflite,15,3.0,8.478,4208,2.299625648234335
conv_3_15_ON_float32.tflite,15,4.0,8.454,4208,2.2907312240697633
torch_conv_7_5_ON_hybrid.tflite,5,0.0,7.247,4912,2.0323745816077636
torch_conv_7_5_ON_hybrid.tflite,5,1.0,6.886,4912,2.0323745816077636
torch_conv_7_5_ON_hybrid.tflite,5,2.0,6.862,4912,2.0323745816077636
torch_conv_7_5_ON_hybrid.tflite,5,3.0,6.862,4912,2.0323745816077636
torch_conv_7_5_ON_hybrid.tflite,5,4.0,6.854,4912,2.0323745816077636
torch_conv_8_15_ON_int8.tflite,15,0.0,14.865,5492,2.231857755627192
torch_conv_8_15_ON_int8.tflite,15,1.0,14.09,5492,2.231857755627192
torch_conv_8_15_ON_int8.tflite,15,2.0,14.09,5492,2.231857755627192
torch_conv_8_15_ON_int8.tflite,15,3.0,14.082,5492,2.231857755627192
torch_conv_8_15_ON_int8.tflite,15,4.0,14.089,5492,2.231857755627192
lstm_3_15_OFF_float32.tflite,15,,ERROR_TFLITE_INIT_FAILED,ERROR_TFLITE_INIT_FAILED,ERROR_TFLITE_INIT_FAILED
dense_3_15_OFF_hybrid.tflite,15,,ERROR_TFLITE_INIT_FAILED,ERROR_TFLITE_INIT_FAILED,ERROR_TFLITE_INIT_FAILED
conv_6_20_OFF_float32.tflite,20,0.0,25.363,5504,2.032391872016335
conv_6_20_OFF_float32.tflite,20,1.0,24.944,5504,2.032391172413478
conv_6_20_OFF_float32.tflite,20,2.0,24.944,5504,2.0323751109849066
conv_6_20_OFF_float32.tflite,20,3.0,24.942,5504,2.0323751109849066
conv_6_20_OFF_float32.tflite,20,4.0,24.952,5504,2.0323751109849066
lstm_7_20_OFF_int8.tflite,20,,ERROR_ESP32_MALLOC_FAILED,ERROR_ESP32_MALLOC_FAILED,ERROR_ESP32_MALLOC_FAILED
dense_5_15_OFF_float32.tflite,15,,ERROR_TFLITE_INIT_FAILED,ERROR_TFLITE_INIT_FAILED,ERROR_TFLITE_INIT_FAILED
dense_9_10_OFF_float32.tflite,10,,ERROR_TFLITE_INIT_FAILED,ERROR_TFLITE_INIT_FAILED,ERROR_TFLITE_INIT_FAILED
dense_9_15_OFF_float32.tflite,15,,ERROR_TFLITE_INIT_FAILED,ERROR_TFLITE_INIT_FAILED,ERROR_TFLITE_INIT_FAILED
torch_dense_10_15_OFF_int8.tflite,15,,ERROR_TFLITE_INIT_FAILED,ERROR_TFLITE_INIT_FAILED,ERROR_TFLITE_INIT_FAILED
lstm_9_5_OFF_int8.tflite,5,,ERROR_ESP32_MALLOC_FAILED,ERROR_ESP32_MALLOC_FAILED,ERROR_ESP32_MALLOC_FAILED
conv_4_10_ON_hybrid.tflite,10,0.0,8.189,4096,2.051890164887478
conv_4_10_ON_hybrid.tflite,10,1.0,7.709,4096,2.051970119908335
conv_4_10_ON_hybrid.tflite,10,2.0,7.688,4096,2.0521270549834774
conv_4_10_ON_hybrid.tflite,10,3.0,7.702,4096,2.052191818221478
conv_4_10_ON_hybrid.tflite,10,4.0,7.697,4096,2.051914266074049
torch_conv_9_15_OFF_int8.tflite,15,0.0,10.668,3892,2.031749968750621
torch_conv_9_15_OFF_int8.tflite,15,1.0,10.117,3892,2.031749968750621
torch_conv_9_15_OFF_int8.tflite,15,2.0,10.117,3892,2.031749968750621
torch_conv_9_15_OFF_int8.tflite,15,3.0,10.113,3892,2.031749968750621
torch_conv_9_15_OFF_int8.tflite,15,4.0,10.117,3892,2.031749968750621
torch_conv_2_20_OFF_int8.tflite,20,0.0,4.081,2036,2.031749968750621
torch_conv_2_20_OFF_int8.tflite,20,1.0,3.573,2036,2.031749968750621
torch_conv_2_20_OFF_int8.tflite,20,2.0,3.581,2036,2.031749968750621
torch_conv_2_20_OFF_int8.tflite,20,3.0,3.569,2036,2.031749968750621
torch_conv_2_20_OFF_int8.tflite,20,4.0,3.581,2036,2.031749968750621
lstm_4_5_OFF_hybrid.tflite,5,,ERROR_TFLITE_INIT_FAILED,ERROR_TFLITE_INIT_FAILED,ERROR_TFLITE_INIT_FAILED
dense_6_10_OFF_hybrid.tflite,10,,ERROR_TFLITE_INIT_FAILED,ERROR_TFLITE_INIT_FAILED,ERROR_TFLITE_INIT_FAILED
torch_conv_5_10_OFF_hybrid.tflite,10,0.0,9.195,3440,2.032474593036335
torch_conv_5_10_OFF_hybrid.tflite,10,1.0,8.798,3440,2.032474593036335
torch_conv_5_10_OFF_hybrid.tflite,10,2.0,8.795,3440,2.032474593036335
torch_conv_5_10_OFF_hybrid.tflite,10,3.0,8.799,3440,2.032474593036335
torch_conv_5_10_OFF_hybrid.tflite,10,4.0,8.795,3440,2.032474593036335
conv_5_10_OFF_hybrid.tflite,10,0.0,9.141,3440,2.0333589824314777
conv_5_10_OFF_hybrid.tflite,10,1.0,8.802,3440,2.0333748838600494
conv_5_10_OFF_hybrid.tflite,10,2.0,8.791,3440,2.033408718869478
conv_5_10_OFF_hybrid.tflite,10,3.0,8.794,3440,2.033392823155192
conv_5_10_OFF_hybrid.tflite,10,4.0,8.79,3440,2.0334892678380494
torch_conv_5_10_ON_float32.tflite,10,0.0,10.029,4624,2.0323745816077636
torch_conv_5_10_ON_float32.tflite,10,1.0,9.519,4624,2.0323745816077636
torch_conv_5_10_ON_float32.tflite,10,2.0,9.507,4624,2.0323745816077636
torch_conv_5_10_ON_float32.tflite,10,3.0,9.515,4624,2.0323745816077636
torch_conv_5_10_ON_float32.tflite,10,4.0,9.513,4624,2.0323745816077636
torch_conv_2_5_OFF_int8.tflite,5,0.0,1.805,1444,2.031749968750621
torch_conv_2_5_OFF_int8.tflite,5,1.0,1.296,1444,2.031749968750621
torch_conv_2_5_OFF_int8.tflite,5,2.0,1.289,1444,2.031749968750621
torch_conv_2_5_OFF_int8.tflite,5,3.0,1.294,1444,2.031749968750621
torch_conv_2_5_OFF_int8.tflite,5,4.0,1.29,1444,2.031749968750621
conv_8_15_ON_int8.tflite,15,0.0,14.84,5492,2.036251032516335
conv_8_15_ON_int8.tflite,15,1.0,14.087,5492,2.036251032516335
conv_8_15_ON_int8.tflite,15,2.0,14.09,5492,2.038727643944906
conv_8_15_ON_int8.tflite,15,3.0,14.081,5492,2.036251032516335
conv_8_15_ON_int8.tflite,15,4.0,14.09,5492,2.0393261825163345
torch_conv_8_20_OFF_hybrid.tflite,20,,ERROR_TFLITE_INIT_FAILED,ERROR_TFLITE_INIT_FAILED,ERROR_TFLITE_INIT_FAILED
lstm_4_10_OFF_float32.tflite,10,,ERROR_TFLITE_INIT_FAILED,ERROR_TFLITE_INIT_FAILED,ERROR_TFLITE_INIT_FAILED
dense_4_5_OFF_int8.tflite,5,0.0,1.834,3428,2.0268436549766204
dense_4_5_OFF_int8.tflite,5,1.0,1.475,3428,2.0268436549766204
dense_4_5_OFF_int8.tflite,5,2.0,1.467,3428,2.0292280819211923
dense_4_5_OFF_int8.tflite,5,3.0,1.466,3428,2.026822833322335
dense_4_5_OFF_int8.tflite,5,4.0,1.467,3428,2.0245889811377635
torch_dense_9_10_OFF_int8.tflite,10,,ERROR_TFLITE_INIT_FAILED,ERROR_TFLITE_INIT_FAILED,ERROR_TFLITE_INIT_FAILED
conv_5_15_OFF_float32.tflite,15,0.0,13.464,4080,2.0535653465400494
conv_5_15_OFF_float32.tflite,15,1.0,13.089,4080,2.053953237968621
conv_5_15_OFF_float32.tflite,15,2.0,13.092,4080,2.0536658515849067
conv_5_15_OFF_float32.tflite,15,3.0,13.092,4080,2.054233203340049
conv_5_15_OFF_float32.tflite,15,4.0,13.091,4080,2.054283007625764
torch_dense_2_10_OFF_hybrid.tflite,10,,ERROR_TFLITE_INIT_FAILED,ERROR_TFLITE_INIT_FAILED,ERROR_TFLITE_INIT_FAILED
conv_9_20_OFF_int8.tflite,20,0.0,15.895,4836,2.031749968750621
conv_9_20_OFF_int8.tflite,20,1.0,15.35,4836,2.031749968750621
conv_9_20_OFF_int8.tflite,20,2.0,15.362,4836,2.031749968750621
conv_9_20_OFF_int8.tflite,20,3.0,15.353,4836,2.031749968750621
conv_9_20_OFF_int8.tflite,20,4.0,15.355,4836,2.031749968750621
torch_conv_4_15_ON_hybrid.tflite,15,0.0,11.777,4736,2.0323745816077636
torch_conv_4_15_ON_hybrid.tflite,15,1.0,11.21,4736,2.0323745816077636
torch_conv_4_15_ON_hybrid.tflite,15,2.0,11.193,4736,2.0323745816077636
torch_conv_4_15_ON_hybrid.tflite,15,3.0,11.194,4736,2.0323745816077636
torch_conv_4_15_ON_hybrid.tflite,15,4.0,11.202,4736,2.0323745816077636
torch_conv_4_20_OFF_float32.tflite,20,0.0,16.222,5440,2.0323745816077636
torch_conv_4_20_OFF_float32.tflite,20,1.0,15.952,5440,2.0323745816077636
torch_conv_4_20_OFF_float32.tflite,20,2.0,15.944,5440,2.0323745816077636
torch_conv_4_20_OFF_float32.tflite,20,3.0,15.953,5440,2.0323745816077636
torch_conv_4_20_OFF_float32.tflite,20,4.0,15.952,5440,2.0323745816077636
conv_9_15_ON_hybrid.tflite,15,0.0,25.207,7360,2.032901272313192
conv_9_15_ON_hybrid.tflite,15,1.0,24.774,7360,2.032769262193192
conv_9_15_ON_hybrid.tflite,15,2.0,24.77,7360,2.0329381813757634
conv_9_15_ON_hybrid.tflite,15,3.0,24.77,7360,2.0327815191563348
conv_9_15_ON_hybrid.tflite,15,4.0,24.778,7360,2.0330543142329067
lstm_5_5_OFF_float32.tflite,5,,ERROR_TFLITE_INIT_FAILED,ERROR_TFLITE_INIT_FAILED,ERROR_TFLITE_INIT_FAILED
torch_dense_8_5_OFF_float32.tflite,5,,ERROR_TFLITE_INIT_FAILED,ERROR_TFLITE_INIT_FAILED,ERROR_TFLITE_INIT_FAILED
lstm_7_10_OFF_int8.tflite,10,,ERROR_ESP32_MALLOC_FAILED,ERROR_ESP32_MALLOC_FAILED,ERROR_ESP32_MALLOC_FAILED
dense_9_20_OFF_float32.tflite,20,,ERROR_TFLITE_INIT_FAILED,ERROR_TFLITE_INIT_FAILED,ERROR_TFLITE_INIT_FAILED
torch_conv_8_15_OFF_float32.tflite,15,0.0,21.228,4944,2.0323923167534783
torch_conv_8_15_OFF_float32.tflite,15,1.0,20.955,4944,2.0323923167534783
torch_conv_8_15_OFF_float32.tflite,15,2.0,20.954,4944,2.0323923167534783
torch_conv_8_15_OFF_float32.tflite,15,3.0,20.954,4944,2.0323762638963356
torch_conv_8_15_OFF_float32.tflite,15,4.0,20.955,4944,2.0323762638963356
torch_dense_8_5_OFF_int8.tflite,5,0.0,3.122,5716,2.031749968750621
torch_dense_8_5_OFF_int8.tflite,5,1.0,2.713,5716,2.031749968750621
torch_dense_8_5_OFF_int8.tflite,5,2.0,2.698,5716,2.031749968750621
torch_dense_8_5_OFF_int8.tflite,5,3.0,2.712,5716,2.031749968750621
torch_dense_8_5_OFF_int8.tflite,5,4.0,2.697,5716,2.031749968750621
torch_dense_1_10_OFF_int8.tflite,10,0.0,1.113,2132,2.0343289273220493
torch_dense_1_10_OFF_int8.tflite,10,1.0,0.756,2132,2.0343289273220493
torch_dense_1_10_OFF_int8.tflite,10,2.0,0.744,2132,2.0362919644649065
torch_dense_1_10_OFF_int8.tflite,10,3.0,0.748,2132,2.0362919644649065
torch_dense_1_10_OFF_int8.tflite,10,4.0,0.744,2132,2.0343289273220493
torch_conv_9_20_OFF_hybrid.tflite,20,,ERROR_TFLITE_INIT_FAILED,ERROR_TFLITE_INIT_FAILED,ERROR_TFLITE_INIT_FAILED
conv_6_15_ON_hybrid.tflite,15,0.0,17.141,5776,2.0395141534526204
conv_6_15_ON_hybrid.tflite,15,1.0,16.629,5776,2.039556419967764
conv_6_15_ON_hybrid.tflite,15,2.0,16.628,5776,2.039280753224335
conv_6_15_ON_hybrid.tflite,15,3.0,16.629,5776,2.0397166679351924
conv_6_15_ON_hybrid.tflite,15,4.0,16.628,5776,2.039361951697478
conv_6_20_ON_float32.tflite,20,,ERROR_TFLITE_INIT_FAILED,ERROR_TFLITE_INIT_FAILED,ERROR_TFLITE_INIT_FAILED
dense_10_20_OFF_hybrid.tflite,20,,ERROR_TFLITE_INIT_FAILED,ERROR_TFLITE_INIT_FAILED,ERROR_TFLITE_INIT_FAILED
lstm_1_15_OFF_int8.tflite,15,,ERROR_TFLITE_INIT_FAILED,ERROR_TFLITE_INIT_FAILED,ERROR_TFLITE_INIT_FAILED
conv_8_5_ON_float32.tflite,5,0.0,8.137,5440,2.377380422742906
conv_8_5_ON_float32.tflite,5,1.0,7.761,5440,2.378756162541763
conv_8_5_ON_float32.tflite,5,2.0,7.757,5440,2.3815484119831924
conv_8_5_ON_float32.tflite,5,3.0,7.765,5440,2.3830963538717636
conv_8_5_ON_float32.tflite,5,4.0,7.757,5440,2.3828346928791926
torch_dense_4_5_OFF_int8.tflite,5,0.0,1.885,3428,2.031749968750621
torch_dense_4_5_OFF_int8.tflite,5,1.0,1.478,3428,2.031749968750621
torch_dense_4_5_OFF_int8.tflite,5,2.0,1.456,3428,2.031749968750621
torch_dense_4_5_OFF_int8.tflite,5,3.0,1.46,3428,2.031749968750621
torch_dense_4_5_OFF_int8.tflite,5,4.0,1.456,3428,2.031749968750621
torch_conv_8_5_OFF_float32.tflite,5,0.0,7.271,3552,2.0323745816077636
torch_conv_8_5_OFF_float32.tflite,5,1.0,6.969,3552,2.0323745816077636
torch_conv_8_5_OFF_float32.tflite,5,2.0,6.974,3552,2.0323745816077636
torch_conv_8_5_OFF_float32.tflite,5,3.0,6.986,3552,2.0323745816077636
torch_conv_8_5_OFF_float32.tflite,5,4.0,6.982,3552,2.0323745816077636
torch_conv_10_5_OFF_int8.tflite,5,0.0,4.397,3748,2.031749968750621
torch_conv_10_5_OFF_int8.tflite,5,1.0,3.913,3748,2.031749968750621
torch_conv_10_5_OFF_int8.tflite,5,2.0,3.913,3748,2.031749968750621
torch_conv_10_5_OFF_int8.tflite,5,3.0,3.908,3748,2.031749968750621
torch_conv_10_5_OFF_int8.tflite,5,4.0,3.905,3748,2.031749968750621
torch_dense_3_15_OFF_int8.tflite,15,0.0,1.628,3012,2.031749968750621
torch_dense_3_15_OFF_int8.tflite,15,1.0,1.259,3012,2.031749968750621
torch_dense_3_15_OFF_int8.tflite,15,2.0,1.256,3012,2.031749968750621
torch_dense_3_15_OFF_int8.tflite,15,3.0,1.251,3012,2.031749968750621
torch_dense_3_15_OFF_int8.tflite,15,4.0,1.247,3012,2.031749968750621
torch_conv_6_20_ON_float32.tflite,20,,ERROR_TFLITE_INIT_FAILED,ERROR_TFLITE_INIT_FAILED,ERROR_TFLITE_INIT_FAILED
torch_conv_2_20_OFF_float32.tflite,20,0.0,7.172,3856,2.0323745816077636
torch_conv_2_20_OFF_float32.tflite,20,1.0,6.867,3856,2.0323745816077636
torch_conv_2_20_OFF_float32.tflite,20,2.0,6.863,3856,2.0323745816077636
torch_conv_2_20_OFF_float32.tflite,20,3.0,6.867,3856,2.0323745816077636
torch_conv_2_20_OFF_float32.tflite,20,4.0,6.855,3856,2.0323745816077636
torch_conv_10_10_OFF_int8.tflite,10,0.0,8.094,4020,2.031749968750621
torch_conv_10_10_OFF_int8.tflite,10,1.0,7.598,4020,2.031749968750621
torch_conv_10_10_OFF_int8.tflite,10,2.0,7.599,4020,2.031749968750621
torch_conv_10_10_OFF_int8.tflite,10,3.0,7.594,4020,2.031749968750621
torch_conv_10_10_OFF_int8.tflite,10,4.0,7.59,4020,2.031749968750621
conv_4_10_OFF_int8.tflite,10,0.0,3.978,2292,2.031749968750621
conv_4_10_OFF_int8.tflite,10,1.0,3.487,2292,2.031749968750621
conv_4_10_OFF_int8.tflite,10,2.0,3.494,2292,2.031749968750621
conv_4_10_OFF_int8.tflite,10,3.0,3.482,2292,2.031749968750621
conv_4_10_OFF_int8.tflite,10,4.0,3.486,2292,2.031749968750621
lstm_3_10_OFF_int8.tflite,10,,ERROR_TFLITE_INIT_FAILED,ERROR_TFLITE_INIT_FAILED,ERROR_TFLITE_INIT_FAILED
torch_conv_4_20_ON_float32.tflite,20,0.0,17.312,6384,2.0323745816077636
torch_conv_4_20_ON_float32.tflite,20,1.0,16.76,6384,2.0323745816077636
torch_conv_4_20_ON_float32.tflite,20,2.0,16.756,6384,2.0323745816077636
torch_conv_4_20_ON_float32.tflite,20,3.0,16.756,6384,2.0323745816077636
torch_conv_4_20_ON_float32.tflite,20,4.0,16.756,6384,2.0323745816077636
torch_dense_2_5_OFF_hybrid.tflite,5,,ERROR_TFLITE_INIT_FAILED,ERROR_TFLITE_INIT_FAILED,ERROR_TFLITE_INIT_FAILED
lstm_1_10_OFF_hybrid.tflite,10,,ERROR_TFLITE_INIT_FAILED,ERROR_TFLITE_INIT_FAILED,ERROR_TFLITE_INIT_FAILED
dense_4_5_OFF_hybrid.tflite,5,,ERROR_TFLITE_INIT_FAILED,ERROR_TFLITE_INIT_FAILED,ERROR_TFLITE_INIT_FAILED
dense_4_15_OFF_float32.tflite,15,,ERROR_TFLITE_INIT_FAILED,ERROR_TFLITE_INIT_FAILED,ERROR_TFLITE_INIT_FAILED
torch_conv_8_10_ON_int8.tflite,10,0.0,10.587,5332,2.2653800676357636
torch_conv_8_10_ON_int8.tflite,10,1.0,9.801,5332,2.2653800676357636
torch_conv_8_10_ON_int8.tflite,10,2.0,9.797,5332,2.2653800676357636
torch_conv_8_10_ON_int8.tflite,10,3.0,9.788,5332,2.2653800676357636
torch_conv_8_10_ON_int8.tflite,10,4.0,9.795,5332,2.2653800676357636
conv_4_15_OFF_hybrid.tflite,15,0.0,10.914,3792,2.0519826947374775
conv_4_15_OFF_hybrid.tflite,15,1.0,10.466,3792,2.0517553245223352
conv_4_15_OFF_hybrid.tflite,15,2.0,10.474,3792,2.051471427776621
conv_4_15_OFF_hybrid.tflite,15,3.0,10.467,3792,2.0511256738880492
conv_4_15_OFF_hybrid.tflite,15,4.0,10.477,3792,2.051487264318335
torch_dense_10_20_OFF_int8.tflite,20,,ERROR_TFLITE_INIT_FAILED,ERROR_TFLITE_INIT_FAILED,ERROR_TFLITE_INIT_FAILED
torch_dense_4_5_OFF_hybrid.tflite,5,,ERROR_TFLITE_INIT_FAILED,ERROR_TFLITE_INIT_FAILED,ERROR_TFLITE_INIT_FAILED
torch_conv_10_10_ON_float32.tflite,10,0.0,19.094,7232,2.2186821265171925
torch_conv_10_10_ON_float32.tflite,10,1.0,18.547,7232,2.2172177802306208
torch_conv_10_10_ON_float32.tflite,10,2.0,18.542,7232,2.2183381312674775
torch_conv_10_10_ON_float32.tflite,10,3.0,18.542,7232,2.2161149038594776
torch_conv_10_10_ON_float32.tflite,10,4.0,18.551,7232,2.217633071198335
lstm_2_15_OFF_float32.tflite,15,,ERROR_TFLITE_INIT_FAILED,ERROR_TFLITE_INIT_FAILED,ERROR_TFLITE_INIT_FAILED
dense_8_10_OFF_hybrid.tflite,10,,ERROR_TFLITE_INIT_FAILED,ERROR_TFLITE_INIT_FAILED,ERROR_TFLITE_INIT_FAILED
torch_dense_7_5_OFF_int8.tflite,5,0.0,2.839,5172,2.031749968750621
torch_dense_7_5_OFF_int8.tflite,5,1.0,2.415,5172,2.031749968750621
torch_dense_7_5_OFF_int8.tflite,5,2.0,2.411,5172,2.031749968750621
torch_dense_7_5_OFF_int8.tflite,5,3.0,2.403,5172,2.031749968750621
torch_dense_7_5_OFF_int8.tflite,5,4.0,2.402,5172,2.031749968750621
torch_conv_4_20_OFF_hybrid.tflite,20,,ERROR_TFLITE_INIT_FAILED,ERROR_TFLITE_INIT_FAILED,ERROR_TFLITE_INIT_FAILED
torch_conv_1_10_ON_float32.tflite,10,0.0,2.737,2400,2.0323745816077636
torch_conv_1_10_ON_float32.tflite,10,1.0,2.253,2400,2.0323745816077636
torch_conv_1_10_ON_float32.tflite,10,2.0,2.257,2400,2.0323745816077636
torch_conv_1_10_ON_float32.tflite,10,3.0,2.245,2400,2.0323745816077636
torch_conv_1_10_ON_float32.tflite,10,4.0,2.249,2400,2.0323745816077636
conv_2_10_ON_int8.tflite,10,0.0,4.089,2180,2.038140037664049
conv_2_10_ON_int8.tflite,10,1.0,3.312,2180,2.038119495026906
conv_2_10_ON_int8.tflite,10,2.0,3.307,2180,2.038119495026906
conv_2_10_ON_int8.tflite,10,3.0,3.299,2180,2.037514580741192
conv_2_10_ON_int8.tflite,10,4.0,3.315,2180,2.037514580741192
torch_conv_4_15_OFF_float32.tflite,15,0.0,10.878,3792,2.0328087687506207
torch_conv_4_15_OFF_float32.tflite,15,1.0,10.469,3792,2.0328087687506207
torch_conv_4_15_OFF_float32.tflite,15,2.0,10.477,3792,2.032842787322049
torch_conv_4_15_OFF_float32.tflite,15,3.0,10.469,3792,2.0329589573220495
torch_conv_4_15_OFF_float32.tflite,15,4.0,10.478,3792,2.0329923020049065
torch_conv_6_15_ON_float32.tflite,15,0.0,17.093,5776,2.0323745816077636
torch_conv_6_15_ON_float32.tflite,15,1.0,16.633,5776,2.0323745816077636
torch_conv_6_15_ON_float32.tflite,15,2.0,16.629,5776,2.0323745816077636
torch_conv_6_15_ON_float32.tflite,15,3.0,16.629,5776,2.0323745816077636
torch_conv_6_15_ON_float32.tflite,15,4.0,16.62,5776,2.0323745816077636
conv_10_20_ON_float32.tflite,20,,ERROR_TFLITE_INIT_FAILED,ERROR_TFLITE_INIT_FAILED,ERROR_TFLITE_INIT_FAILED
lstm_2_5_OFF_int8.tflite,5,,ERROR_TFLITE_INIT_FAILED,ERROR_TFLITE_INIT_FAILED,ERROR_TFLITE_INIT_FAILED
torch_dense_1_10_OFF_float32.tflite,10,0.0,0.567,1552,2.035421304176049
torch_dense_1_10_OFF_float32.tflite,10,1.0,0.384,1552,2.035421304176049
torch_dense_1_10_OFF_float32.tflite,10,2.0,0.376,1552,2.035471669890335
torch_dense_1_10_OFF_float32.tflite,10,3.0,0.38,1552,2.0355379113189067
torch_dense_1_10_OFF_float32.tflite,10,4.0,0.375,1552,2.035556554176049
conv_1_20_ON_hybrid.tflite,20,0.0,4.211,3680,2.1803022053017633
conv_1_20_ON_hybrid.tflite,20,1.0,3.819,3680,2.1803855806189065
conv_1_20_ON_hybrid.tflite,20,2.0,3.807,3680,2.1804651116389064
conv_1_20_ON_hybrid.tflite,20,3.0,3.806,3680,2.180603687010335
conv_1_20_ON_hybrid.tflite,20,4.0,3.807,3680,2.180751981989478
torch_dense_9_10_OFF_float32.tflite,10,,ERROR_TFLITE_INIT_FAILED,ERROR_TFLITE_INIT_FAILED,ERROR_TFLITE_INIT_FAILED
lstm_4_5_OFF_float32.tflite,5,,ERROR_TFLITE_INIT_FAILED,ERROR_TFLITE_INIT_FAILED,ERROR_TFLITE_INIT_FAILED
lstm_10_20_OFF_hybrid.tflite,20,,ERROR_ESP32_MALLOC_FAILED,ERROR_ESP32_MALLOC_FAILED,ERROR_ESP32_MALLOC_FAILED
conv_2_5_OFF_int8.tflite,5,0.0,1.805,1444,2.111364742186049
conv_2_5_OFF_int8.tflite,5,1.0,1.297,1444,2.0976937298489067
conv_2_5_OFF_int8.tflite,5,2.0,1.289,1444,2.111364742186049
conv_2_5_OFF_int8.tflite,5,3.0,1.293,1444,2.111364742186049
conv_2_5_OFF_int8.tflite,5,4.0,1.289,1444,2.123614209733192
conv_5_15_ON_hybrid.tflite,15,0.0,14.497,5264,2.0526940974143346
conv_5_15_ON_hybrid.tflite,15,1.0,13.917,5264,2.0526036159906207
conv_5_15_ON_hybrid.tflite,15,2.0,13.917,5264,2.052272299944906
conv_5_15_ON_hybrid.tflite,15,3.0,13.913,5264,2.0522621295526204
conv_5_15_ON_hybrid.tflite,15,4.0,13.918,5264,2.0520224234954783
torch_conv_1_20_ON_float32.tflite,20,0.0,4.204,3680,2.0323745816077636
torch_conv_1_20_ON_float32.tflite,20,1.0,3.832,3680,2.0323745816077636
torch_conv_1_20_ON_float32.tflite,20,2.0,3.811,3680,2.0323745816077636
torch_conv_1_20_ON_float32.tflite,20,3.0,3.815,3680,2.0323745816077636
torch_conv_1_20_ON_float32.tflite,20,4.0,3.811,3680,2.0323745816077636
conv_3_15_OFF_int8.tflite,15,0.0,4.398,2164,2.0404903272011916
conv_3_15_OFF_int8.tflite,15,1.0,3.87,2164,2.0404903272011916
conv_3_15_OFF_int8.tflite,15,2.0,3.87,2164,2.0380180614869063
conv_3_15_OFF_int8.tflite,15,3.0,3.866,2164,2.0380180614869063
conv_3_15_OFF_int8.tflite,15,4.0,3.879,2164,2.0380180614869063
lstm_8_15_OFF_hybrid.tflite,15,,ERROR_ESP32_MALLOC_FAILED,ERROR_ESP32_MALLOC_FAILED,ERROR_ESP32_MALLOC_FAILED
torch_conv_2_5_OFF_hybrid.tflite,5,0.0,2.235,1824,2.0323745816077636
torch_conv_2_5_OFF_hybrid.tflite,5,1.0,1.934,1824,2.0323745816077636
torch_conv_2_5_OFF_hybrid.tflite,5,2.0,1.93,1824,2.0323745816077636
torch_conv_2_5_OFF_hybrid.tflite,5,3.0,1.933,1824,2.0323745816077636
torch_conv_2_5_OFF_hybrid.tflite,5,4.0,1.939,1824,2.0323745816077636
torch_conv_5_5_ON_float32.tflite,5,0.0,5.545,3856,2.0323745816077636
torch_conv_5_5_ON_float32.tflite,5,1.0,5.089,3856,2.0323745816077636
torch_conv_5_5_ON_float32.tflite,5,2.0,5.076,3856,2.0323745816077636
torch_conv_5_5_ON_float32.tflite,5,3.0,5.076,3856,2.0323745816077636
torch_conv_5_5_ON_float32.tflite,5,4.0,5.06,3856,2.0323745816077636
conv_10_15_OFF_float32.tflite,15,0.0,26.492,5520,2.031714964335192
conv_10_15_OFF_float32.tflite,15,1.0,26.187,5520,2.0317810543351924
conv_10_15_OFF_float32.tflite,15,2.0,26.191,5520,2.031752720033192
conv_10_15_OFF_float32.tflite,15,3.0,26.179,5520,2.031720828604621
conv_10_15_OFF_float32.tflite,15,4.0,26.183,5520,2.031676558588335
conv_5_10_ON_hybrid.tflite,10,0.0,9.99,4624,2.038928395189478
conv_5_10_ON_hybrid.tflite,10,1.0,9.51,4624,2.038994202729478
conv_5_10_ON_hybrid.tflite,10,2.0,9.499,4624,2.0391246984437634
conv_5_10_ON_hybrid.tflite,10,3.0,9.506,4624,2.0392171631217635
conv_5_10_ON_hybrid.tflite,10,4.0,9.498,4624,2.0391530774074775
conv_10_10_ON_int8.tflite,10,0.0,12.731,6372,2.027675847372906
conv_10_10_ON_int8.tflite,10,1.0,11.953,6372,2.0282308173729064
conv_10_10_ON_int8.tflite,10,2.0,11.954,6372,2.0282308173729064
conv_10_10_ON_int8.tflite,10,3.0,11.945,6372,2.0282308173729064
conv_10_10_ON_int8.tflite,10,4.0,11.953,6372,2.027125223087192
torch_conv_6_10_ON_hybrid.tflite,10,0.0,11.907,5136,2.0323745816077636
torch_conv_6_10_ON_hybrid.tflite,10,1.0,11.343,5136,2.0323745816077636
torch_conv_6_10_ON_hybrid.tflite,10,2.0,11.331,5136,2.0323745816077636
torch_conv_6_10_ON_hybrid.tflite,10,3.0,11.331,5136,2.0323745816077636
torch_conv_6_10_ON_hybrid.tflite,10,4.0,11.323,5136,2.0323745816077636
lstm_8_5_OFF_float32.tflite,5,,ERROR_TFLITE_INIT_FAILED,ERROR_TFLITE_INIT_FAILED,ERROR_TFLITE_INIT_FAILED
lstm_4_10_OFF_hybrid.tflite,10,,ERROR_TFLITE_INIT_FAILED,ERROR_TFLITE_INIT_FAILED,ERROR_TFLITE_INIT_FAILED
torch_conv_10_20_OFF_hybrid.tflite,20,,ERROR_TFLITE_INIT_FAILED,ERROR_TFLITE_INIT_FAILED,ERROR_TFLITE_INIT_FAILED
lstm_9_10_OFF_float32.tflite,10,,ERROR_ESP32_MALLOC_FAILED,ERROR_ESP32_MALLOC_FAILED,ERROR_ESP32_MALLOC_FAILED
dense_1_5_OFF_hybrid.tflite,5,,ERROR_TFLITE_INIT_FAILED,ERROR_TFLITE_INIT_FAILED,ERROR_TFLITE_INIT_FAILED
torch_conv_1_5_OFF_hybrid.tflite,5,0.0,1.391,1408,2.0327211544649066
torch_conv_1_5_OFF_hybrid.tflite,5,1.0,1.09,1408,2.032737204464907
torch_conv_1_5_OFF_hybrid.tflite,5,2.0,1.086,1408,2.03267111732205
torch_conv_1_5_OFF_hybrid.tflite,5,3.0,1.09,1408,2.0326871701791926
torch_conv_1_5_OFF_hybrid.tflite,5,4.0,1.094,1408,2.03267111732205
dense_3_5_OFF_float32.tflite,5,0.0,0.703,1792,2.021781261550621
dense_3_5_OFF_float32.tflite,5,1.0,0.533,1792,2.022229020693478
dense_3_5_OFF_float32.tflite,5,2.0,0.526,1792,2.0226186723506205
dense_3_5_OFF_float32.tflite,5,3.0,0.529,1792,2.022965417950621
dense_3_5_OFF_float32.tflite,5,4.0,0.525,1792,2.0226186723506205
conv_10_15_OFF_int8.tflite,15,0.0,11.7,4180,2.031749968750621
conv_10_15_OFF_int8.tflite,15,1.0,11.168,4180,2.031749968750621
conv_10_15_OFF_int8.tflite,15,2.0,11.169,4180,2.031749968750621
conv_10_15_OFF_int8.tflite,15,3.0,11.165,4180,2.031749968750621
conv_10_15_OFF_int8.tflite,15,4.0,11.168,4180,2.031749968750621
dense_5_15_OFF_int8.tflite,15,0.0,2.303,4100,2.0343289273220493
dense_5_15_OFF_int8.tflite,15,1.0,1.918,4100,2.0343289273220493
dense_5_15_OFF_int8.tflite,15,2.0,1.906,4100,2.0343289273220493
dense_5_15_OFF_int8.tflite,15,3.0,1.91,4100,2.0343289273220493
dense_5_15_OFF_int8.tflite,15,4.0,1.906,4100,2.0343289273220493
conv_6_15_OFF_float32.tflite,15,0.0,16.083,4368,2.021705440085192
conv_6_15_OFF_float32.tflite,15,1.0,15.71,4368,2.021676758104335
conv_6_15_OFF_float32.tflite,15,2.0,15.706,4368,2.0217077695820493
conv_6_15_OFF_float32.tflite,15,3.0,15.702,4368,2.0215198589451924
conv_6_15_OFF_float32.tflite,15,4.0,15.706,4368,2.021418510096335
conv_9_15_ON_int8.tflite,15,0.0,16.481,6020,2.0318068472031916
conv_9_15_ON_int8.tflite,15,1.0,15.703,6020,2.031511959846049
conv_9_15_ON_int8.tflite,15,2.0,15.713,6020,2.0323652560003347
conv_9_15_ON_int8.tflite,15,3.0,15.706,6020,2.0300765210546206
conv_9_15_ON_int8.tflite,15,4.0,15.714,6020,2.034024634351763
conv_8_5_OFF_hybrid.tflite,5,0.0,7.334,3552,2.037406587353478
conv_8_5_OFF_hybrid.tflite,5,1.0,6.99,3552,2.0373478419820494
conv_8_5_OFF_hybrid.tflite,5,2.0,6.99,3552,2.037187835470621
conv_8_5_OFF_hybrid.tflite,5,3.0,6.99,3552,2.0370362993020494
conv_8_5_OFF_hybrid.tflite,5,4.0,6.99,3552,2.0369857631791928
lstm_7_15_OFF_float32.tflite,15,,ERROR_ESP32_MALLOC_FAILED,ERROR_ESP32_MALLOC_FAILED,ERROR_ESP32_MALLOC_FAILED
conv_3_10_OFF_hybrid.tflite,10,0.0,5.689,2864,1.9580841898071921
conv_3_10_OFF_hybrid.tflite,10,1.0,5.332,2864,1.9583625989423352
conv_3_10_OFF_hybrid.tflite,10,2.0,5.336,2864,1.9588948925166207
conv_3_10_OFF_hybrid.tflite,10,3.0,5.328,2864,1.9585376583851921
conv_3_10_OFF_hybrid.tflite,10,4.0,5.336,2864,1.9585346627709062
torch_dense_1_5_OFF_hybrid.tflite,5,,ERROR_TFLITE_INIT_FAILED,ERROR_TFLITE_INIT_FAILED,ERROR_TFLITE_INIT_FAILED
dense_10_15_OFF_hybrid.tflite,15,,ERROR_TFLITE_INIT_FAILED,ERROR_TFLITE_INIT_FAILED,ERROR_TFLITE_INIT_FAILED
torch_conv_6_10_ON_float32.tflite,10,0.0,11.847,5136,2.0323745816077636
torch_conv_6_10_ON_float32.tflite,10,1.0,11.339,5136,2.0323745816077636
torch_conv_6_10_ON_float32.tflite,10,2.0,11.323,5136,2.0323745816077636
torch_conv_6_10_ON_float32.tflite,10,3.0,11.319,5136,2.0323745816077636
torch_conv_6_10_ON_float32.tflite,10,4.0,11.323,5136,2.0323745816077636
conv_2_5_ON_hybrid.tflite,5,0.0,2.765,2288,2.034614846413763
conv_2_5_ON_hybrid.tflite,5,1.0,2.388,2288,2.0346800949851915
conv_2_5_ON_hybrid.tflite,5,2.0,2.378,2288,2.0346895274994776
conv_2_5_ON_hybrid.tflite,5,3.0,2.379,2288,2.034703468928049
conv_2_5_ON_hybrid.tflite,5,4.0,2.372,2288,2.034703468928049
torch_conv_1_15_OFF_int8.tflite,15,0.0,2.284,1380,2.031749968750621
torch_conv_1_15_OFF_int8.tflite,15,1.0,1.776,1380,2.031749968750621
torch_conv_1_15_OFF_int8.tflite,15,2.0,1.768,1380,2.031749968750621
torch_conv_1_15_OFF_int8.tflite,15,3.0,1.772,1380,2.031749968750621
torch_conv_1_15_OFF_int8.tflite,15,4.0,1.768,1380,2.031749968750621
torch_dense_3_10_OFF_float32.tflite,10,0.0,0.826,1824,2.0323745816077636
torch_dense_3_10_OFF_float32.tflite,10,1.0,0.588,1824,2.0323745816077636
torch_dense_3_10_OFF_float32.tflite,10,2.0,0.58,1824,2.0323745816077636
torch_dense_3_10_OFF_float32.tflite,10,3.0,0.585,1824,2.0323745816077636
torch_dense_3_10_OFF_float32.tflite,10,4.0,0.589,1824,2.0323745816077636
dense_1_10_OFF_hybrid.tflite,10,,ERROR_TFLITE_INIT_FAILED,ERROR_TFLITE_INIT_FAILED,ERROR_TFLITE_INIT_FAILED
lstm_6_10_OFF_int8.tflite,10,,ERROR_ESP32_MALLOC_FAILED,ERROR_ESP32_MALLOC_FAILED,ERROR_ESP32_MALLOC_FAILED
conv_4_20_OFF_float32.tflite,20,0.0,16.281,5440,2.0325578691477637
conv_4_20_OFF_float32.tflite,20,1.0,15.936,5440,2.0325578691477637
conv_4_20_OFF_float32.tflite,20,2.0,15.939,5440,2.0325578691477637
conv_4_20_OFF_float32.tflite,20,3.0,15.944,5440,2.0325578691477637
conv_4_20_OFF_float32.tflite,20,4.0,15.94,5440,2.0325578691477637
conv_7_10_OFF_hybrid.tflite,10,0.0,12.529,4016,2.054336176519192
conv_7_10_OFF_hybrid.tflite,10,1.0,12.268,4016,2.054470383116335
conv_7_10_OFF_hybrid.tflite,10,2.0,12.248,4016,2.054581767336335
conv_7_10_OFF_hybrid.tflite,10,3.0,12.252,4016,2.0547529512134775
conv_7_10_OFF_hybrid.tflite,10,4.0,12.256,4016,2.0547875020306203
conv_3_20_OFF_int8.tflite,20,0.0,5.532,2564,2.0535369913820496
conv_3_20_OFF_int8.tflite,20,1.0,5.02,2564,2.0535369913820496
conv_3_20_OFF_int8.tflite,20,2.0,5.011,2564,2.0490306613820493
conv_3_20_OFF_int8.tflite,20,3.0,5.016,2564,2.0535369913820496
conv_3_20_OFF_int8.tflite,20,4.0,5.011,2564,2.0535369913820496
conv_9_10_OFF_int8.tflite,10,0.0,7.41,3732,2.0341756175420493
conv_9_10_OFF_int8.tflite,10,1.0,6.915,3732,2.0348164273220495
conv_9_10_OFF_int8.tflite,10,2.0,6.906,3732,2.0341756175420493
conv_9_10_OFF_int8.tflite,10,3.0,6.911,3732,2.0341756175420493
conv_9_10_OFF_int8.tflite,10,4.0,6.915,3732,2.034196160179192
torch_conv_7_10_OFF_int8.tflite,10,0.0,6.027,3156,2.031749968750621
torch_conv_7_10_OFF_int8.tflite,10,1.0,5.532,3156,2.031749968750621
torch_conv_7_10_OFF_int8.tflite,10,2.0,5.53,3156,2.031749968750621
torch_conv_7_10_OFF_int8.tflite,10,3.0,5.528,3156,2.031749968750621
torch_conv_7_10_OFF_int8.tflite,10,4.0,5.524,3156,2.031749968750621
conv_6_15_OFF_hybrid.tflite,15,0.0,16.043,4368,2.021705440085192
conv_6_15_OFF_hybrid.tflite,15,1.0,15.714,4368,2.021676758104335
conv_6_15_OFF_hybrid.tflite,15,2.0,15.718,4368,2.0217077695820493
conv_6_15_OFF_hybrid.tflite,15,3.0,15.706,4368,2.0215198589451924
conv_6_15_OFF_hybrid.tflite,15,4.0,15.71,4368,2.021418510096335
torch_conv_4_10_ON_int8.tflite,10,0.0,6.239,3236,2.031749968750621
torch_conv_4_10_ON_int8.tflite,10,1.0,5.464,3236,2.031749968750621
torch_conv_4_10_ON_int8.tflite,10,2.0,5.474,3236,2.031749968750621
torch_conv_4_10_ON_int8.tflite,10,3.0,5.46,3236,2.031749968750621
torch_conv_4_10_ON_int8.tflite,10,4.0,5.477,3236,2.031749968750621
conv_7_10_ON_int8.tflite,10,0.0,9.434,4804,2.0387747683080493
conv_7_10_ON_int8.tflite,10,1.0,8.719,4804,2.0342436368794776
conv_7_10_ON_int8.tflite,10,2.0,8.718,4804,2.0348159897366203
conv_7_10_ON_int8.tflite,10,3.0,8.71,4804,2.036835632593763
conv_7_10_ON_int8.tflite,10,4.0,8.718,4804,2.036835632593763
torch_conv_4_15_ON_int8.tflite,15,0.0,8.331,3396,2.031749968750621
torch_conv_4_15_ON_int8.tflite,15,1.0,7.628,3396,2.031749968750621
torch_conv_4_15_ON_int8.tflite,15,2.0,7.623,3396,2.031749968750621
torch_conv_4_15_ON_int8.tflite,15,3.0,7.614,3396,2.031749968750621
torch_conv_4_15_ON_int8.tflite,15,4.0,7.614,3396,2.031749968750621
dense_6_15_OFF_hybrid.tflite,15,,ERROR_TFLITE_INIT_FAILED,ERROR_TFLITE_INIT_FAILED,ERROR_TFLITE_INIT_FAILED
torch_conv_10_5_OFF_float32.tflite,5,0.0,9.035,4128,2.0323585116077636
torch_conv_10_5_OFF_float32.tflite,5,1.0,8.662,4128,2.0323585116077636
torch_conv_10_5_OFF_float32.tflite,5,2.0,8.67,4128,2.0323585116077636
torch_conv_10_5_OFF_float32.tflite,5,3.0,8.67,4128,2.0323585116077636
torch_conv_10_5_OFF_float32.tflite,5,4.0,8.653,4128,2.0323585116077636
torch_dense_5_5_OFF_int8.tflite,5,0.0,2.181,4020,2.031749968750621
torch_dense_5_5_OFF_int8.tflite,5,1.0,1.788,4020,2.031749968750621
torch_dense_5_5_OFF_int8.tflite,5,2.0,1.772,4020,2.031749968750621
torch_dense_5_5_OFF_int8.tflite,5,3.0,1.772,4020,2.031749968750621
torch_dense_5_5_OFF_int8.tflite,5,4.0,1.773,4020,2.031749968750621
torch_conv_4_10_ON_hybrid.tflite,10,0.0,8.253,4096,2.0323745816077636
torch_conv_4_10_ON_hybrid.tflite,10,1.0,7.701,4096,2.0323745816077636
torch_conv_4_10_ON_hybrid.tflite,10,2.0,7.689,4096,2.0323745816077636
torch_conv_4_10_ON_hybrid.tflite,10,3.0,7.697,4096,2.0323745816077636
torch_conv_4_10_ON_hybrid.tflite,10,4.0,7.697,4096,2.0323745816077636
dense_10_15_OFF_int8.tflite,15,,ERROR_TFLITE_INIT_FAILED,ERROR_TFLITE_INIT_FAILED,ERROR_TFLITE_INIT_FAILED
lstm_1_15_OFF_hybrid.tflite,15,,ERROR_TFLITE_INIT_FAILED,ERROR_TFLITE_INIT_FAILED,ERROR_TFLITE_INIT_FAILED
torch_conv_1_5_ON_int8.tflite,5,0.0,2.38,1380,2.031749968750621
torch_conv_1_5_ON_int8.tflite,5,1.0,1.6,1380,2.031749968750621
torch_conv_1_5_ON_int8.tflite,5,2.0,1.592,1380,2.031749968750621
torch_conv_1_5_ON_int8.tflite,5,3.0,1.592,1380,2.031749968750621
torch_conv_1_5_ON_int8.tflite,5,4.0,1.592,1380,2.031749968750621
torch_conv_3_20_OFF_float32.tflite,20,0.0,10.893,4384,2.0323745816077636
torch_conv_3_20_OFF_float32.tflite,20,1.0,10.452,4384,2.0323745816077636
torch_conv_3_20_OFF_float32.tflite,20,2.0,10.453,4384,2.0323745816077636
torch_conv_3_20_OFF_float32.tflite,20,3.0,10.464,4384,2.0323745816077636
torch_conv_3_20_OFF_float32.tflite,20,4.0,10.468,4384,2.0323745816077636
torch_conv_5_15_OFF_hybrid.tflite,15,0.0,13.338,4080,2.0323745816077636
torch_conv_5_15_OFF_hybrid.tflite,15,1.0,13.084,4080,2.0323745816077636
torch_conv_5_15_OFF_hybrid.tflite,15,2.0,13.091,4080,2.0323745816077636
torch_conv_5_15_OFF_hybrid.tflite,15,3.0,13.092,4080,2.0323745816077636
torch_conv_5_15_OFF_hybrid.tflite,15,4.0,13.1,4080,2.0323745816077636
conv_9_5_ON_int8.tflite,5,0.0,6.672,5572,2.0328559186774777
conv_9_5_ON_int8.tflite,5,1.0,5.951,5572,2.0328559186774777
conv_9_5_ON_int8.tflite,5,2.0,5.939,5572,2.0328559186774777
conv_9_5_ON_int8.tflite,5,3.0,5.938,5572,2.0328559186774777
conv_9_5_ON_int8.tflite,5,4.0,5.94,5572,2.0328559186774777
torch_dense_2_15_OFF_float32.tflite,15,0.0,0.751,2048,2.0323745816077636
torch_dense_2_15_OFF_float32.tflite,15,1.0,0.489,2048,2.0323745816077636
torch_dense_2_15_OFF_float32.tflite,15,2.0,0.481,2048,2.0323745816077636
torch_dense_2_15_OFF_float32.tflite,15,3.0,0.481,2048,2.0323745816077636
torch_dense_2_15_OFF_float32.tflite,15,4.0,0.481,2048,2.0323745816077636
dense_8_5_OFF_float32.tflite,5,,ERROR_TFLITE_INIT_FAILED,ERROR_TFLITE_INIT_FAILED,ERROR_TFLITE_INIT_FAILED
lstm_8_10_OFF_float32.tflite,10,,ERROR_ESP32_MALLOC_FAILED,ERROR_ESP32_MALLOC_FAILED,ERROR_ESP32_MALLOC_FAILED
torch_conv_3_10_ON_int8.tflite,10,0.0,5.152,2708,2.031749968750621
torch_conv_3_10_ON_int8.tflite,10,1.0,4.394,2708,2.031749968750621
torch_conv_3_10_ON_int8.tflite,10,2.0,4.398,2708,2.031749968750621
torch_conv_3_10_ON_int8.tflite,10,3.0,4.382,2708,2.031749968750621
torch_conv_3_10_ON_int8.tflite,10,4.0,4.398,2708,2.031749968750621
torch_conv_2_20_ON_int8.tflite,20,0.0,6.194,2500,2.031749968750621
torch_conv_2_20_ON_int8.tflite,20,1.0,5.483,2500,2.031749968750621
torch_conv_2_20_ON_int8.tflite,20,2.0,5.487,2500,2.031749968750621
torch_conv_2_20_ON_int8.tflite,20,3.0,5.471,2500,2.031749968750621
torch_conv_2_20_ON_int8.tflite,20,4.0,5.479,2500,2.031749968750621
torch_dense_6_15_OFF_int8.tflite,15,0.0,2.618,4628,2.031749968750621
torch_dense_6_15_OFF_int8.tflite,15,1.0,2.221,4628,2.031749968750621
torch_dense_6_15_OFF_int8.tflite,15,2.0,2.213,4628,2.031749968750621
torch_dense_6_15_OFF_int8.tflite,15,3.0,2.213,4628,2.031749968750621
torch_dense_6_15_OFF_int8.tflite,15,4.0,2.221,4628,2.031749968750621
conv_3_10_ON_hybrid.tflite,10,0.0,6.46,3568,2.0542019434014778
conv_3_10_ON_hybrid.tflite,10,1.0,5.888,3568,2.0542441755651923
conv_3_10_ON_hybrid.tflite,10,2.0,5.885,3568,2.0542345465889063
conv_3_10_ON_hybrid.tflite,10,3.0,5.892,3568,2.054459322283192
conv_3_10_ON_hybrid.tflite,10,4.0,5.88,3568,2.054257693657478
lstm_1_10_OFF_float32.tflite,10,0.0,6.663,15632,2.1216982780366207
lstm_1_10_OFF_float32.tflite,10,1.0,6.262,15632,2.122991878746906
lstm_1_10_OFF_float32.tflite,10,2.0,6.239,15632,2.122549207597763
lstm_1_10_OFF_float32.tflite,10,3.0,6.247,15632,2.122999536400335
lstm_1_10_OFF_float32.tflite,10,4.0,6.247,15632,2.121894402684335
torch_conv_8_5_OFF_int8.tflite,5,0.0,3.768,3172,2.031749968750621
torch_conv_8_5_OFF_int8.tflite,5,1.0,3.268,3172,2.031749968750621
torch_conv_8_5_OFF_int8.tflite,5,2.0,3.247,3172,2.031749968750621
torch_conv_8_5_OFF_int8.tflite,5,3.0,3.251,3172,2.031749968750621
torch_conv_8_5_OFF_int8.tflite,5,4.0,3.255,3172,2.031749968750621
lstm_7_20_OFF_hybrid.tflite,20,,ERROR_ESP32_MALLOC_FAILED,ERROR_ESP32_MALLOC_FAILED,ERROR_ESP32_MALLOC_FAILED
conv_5_15_ON_float32.tflite,15,0.0,14.517,5264,2.0526940974143346
conv_5_15_ON_float32.tflite,15,1.0,13.929,5264,2.0526036159906207
conv_5_15_ON_float32.tflite,15,2.0,13.917,5264,2.052272299944906
conv_5_15_ON_float32.tflite,15,3.0,13.925,5264,2.0522621295526204
conv_5_15_ON_float32.tflite,15,4.0,13.909,5264,2.0520224234954783
conv_2_20_OFF_hybrid.tflite,20,0.0,7.16,3856,2.032499593036335
conv_2_20_OFF_hybrid.tflite,20,1.0,6.871,3856,2.032499593036335
conv_2_20_OFF_hybrid.tflite,20,2.0,6.867,3856,2.032499593036335
conv_2_20_OFF_hybrid.tflite,20,3.0,6.863,3856,2.032499593036335
conv_2_20_OFF_hybrid.tflite,20,4.0,6.867,3856,2.032499593036335
lstm_10_15_OFF_int8.tflite,15,,ERROR_ESP32_MALLOC_FAILED,ERROR_ESP32_MALLOC_FAILED,ERROR_ESP32_MALLOC_FAILED
lstm_6_10_OFF_hybrid.tflite,10,,ERROR_ESP32_MALLOC_FAILED,ERROR_ESP32_MALLOC_FAILED,ERROR_ESP32_MALLOC_FAILED
conv_1_15_OFF_float32.tflite,15,0.0,2.832,2400,2.0725488607031926
conv_1_15_OFF_float32.tflite,15,1.0,2.606,2400,2.0723524391329065
conv_1_15_OFF_float32.tflite,15,2.0,2.611,2400,2.072134507768049
conv_1_15_OFF_float32.tflite,15,3.0,2.606,2400,2.072112400304621
conv_1_15_OFF_float32.tflite,15,4.0,2.602,2400,2.0717264098529062
lstm_6_5_OFF_hybrid.tflite,5,,ERROR_TFLITE_INIT_FAILED,ERROR_TFLITE_INIT_FAILED,ERROR_TFLITE_INIT_FAILED
torch_conv_4_10_OFF_hybrid.tflite,10,0.0,7.338,3152,2.0323745816077636
torch_conv_4_10_OFF_hybrid.tflite,10,1.0,7.064,3152,2.0323745816077636
torch_conv_4_10_OFF_hybrid.tflite,10,2.0,7.07,3152,2.0323745816077636
torch_conv_4_10_OFF_hybrid.tflite,10,3.0,7.074,3152,2.0323745816077636
torch_conv_4_10_OFF_hybrid.tflite,10,4.0,7.06,3152,2.0323745816077636
torch_conv_4_10_OFF_float32.tflite,10,0.0,7.334,3152,2.0323745816077636
torch_conv_4_10_OFF_float32.tflite,10,1.0,7.069,3152,2.0323745816077636
torch_conv_4_10_OFF_float32.tflite,10,2.0,7.057,3152,2.0323745816077636
torch_conv_4_10_OFF_float32.tflite,10,3.0,7.07,3152,2.0323745816077636
torch_conv_4_10_OFF_float32.tflite,10,4.0,7.065,3152,2.0323745816077636
torch_conv_2_15_ON_float32.tflite,15,0.0,6.184,3680,2.0323745816077636
torch_conv_2_15_ON_float32.tflite,15,1.0,5.752,3680,2.0323745816077636
torch_conv_2_15_ON_float32.tflite,15,2.0,5.739,3680,2.0323745816077636
torch_conv_2_15_ON_float32.tflite,15,3.0,5.743,3680,2.0323745816077636
torch_conv_2_15_ON_float32.tflite,15,4.0,5.739,3680,2.0323745816077636
torch_conv_1_15_ON_hybrid.tflite,15,0.0,3.405,3040,2.0323745816077636
torch_conv_1_15_ON_hybrid.tflite,15,1.0,3.055,3040,2.0323745816077636
torch_conv_1_15_ON_hybrid.tflite,15,2.0,3.021,3040,2.0323745816077636
torch_conv_1_15_ON_hybrid.tflite,15,3.0,3.04,3040,2.0323745816077636
torch_conv_1_15_ON_hybrid.tflite,15,4.0,3.02,3040,2.0323745816077636
torch_conv_6_5_OFF_int8.tflite,5,0.0,3.11,2596,2.031749968750621
torch_conv_6_5_OFF_int8.tflite,5,1.0,2.603,2596,2.031749968750621
torch_conv_6_5_OFF_int8.tflite,5,2.0,2.603,2596,2.031749968750621
torch_conv_6_5_OFF_int8.tflite,5,3.0,2.599,2596,2.031749968750621
torch_conv_6_5_OFF_int8.tflite,5,4.0,2.594,2596,2.031749968750621
conv_10_10_OFF_int8.tflite,10,0.0,8.103,4020,2.0636919235140496
conv_10_10_OFF_int8.tflite,10,1.0,7.598,4020,2.0657860026737636
conv_10_10_OFF_int8.tflite,10,2.0,7.59,4020,2.0607108769594777
conv_10_10_OFF_int8.tflite,10,3.0,7.595,4020,2.0607108769594777
conv_10_10_OFF_int8.tflite,10,4.0,7.599,4020,2.0607108769594777
torch_dense_8_15_OFF_float32.tflite,15,,ERROR_TFLITE_INIT_FAILED,ERROR_TFLITE_INIT_FAILED,ERROR_TFLITE_INIT_FAILED
lstm_2_20_OFF_int8.tflite,20,,ERROR_ESP32_MALLOC_FAILED,ERROR_ESP32_MALLOC_FAILED,ERROR_ESP32_MALLOC_FAILED
lstm_8_20_OFF_float32.tflite,20,,ERROR_ESP32_MALLOC_FAILED,ERROR_ESP32_MALLOC_FAILED,ERROR_ESP32_MALLOC_FAILED
lstm_3_5_OFF_hybrid.tflite,5,,ERROR_TFLITE_INIT_FAILED,ERROR_TFLITE_INIT_FAILED,ERROR_TFLITE_INIT_FAILED
torch_conv_6_5_OFF_hybrid.tflite,5,0.0,5.607,2976,2.0323745816077636
torch_conv_6_5_OFF_hybrid.tflite,5,1.0,5.314,2976,2.0323745816077636
torch_conv_6_5_OFF_hybrid.tflite,5,2.0,5.302,2976,2.0323745816077636
torch_conv_6_5_OFF_hybrid.tflite,5,3.0,5.297,2976,2.0323745816077636
torch_conv_6_5_OFF_hybrid.tflite,5,4.0,5.293,2976,2.0323745816077636
torch_dense_9_15_OFF_hybrid.tflite,15,,ERROR_TFLITE_INIT_FAILED,ERROR_TFLITE_INIT_FAILED,ERROR_TFLITE_INIT_FAILED
torch_conv_3_5_OFF_int8.tflite,5,0.0,2.108,1732,2.031749968750621
torch_conv_3_5_OFF_int8.tflite,5,1.0,1.632,1732,2.031749968750621
torch_conv_3_5_OFF_int8.tflite,5,2.0,1.617,1732,2.031749968750621
torch_conv_3_5_OFF_int8.tflite,5,3.0,1.63,1732,2.031749968750621
torch_conv_3_5_OFF_int8.tflite,5,4.0,1.617,1732,2.031749968750621
torch_conv_10_15_ON_int8.tflite,15,0.0,18.118,6532,2.0335771828946205
torch_conv_10_15_ON_int8.tflite,15,1.0,17.327,6532,2.0360843257517636
torch_conv_10_15_ON_int8.tflite,15,2.0,17.324,6532,2.035826592101192
torch_conv_10_15_ON_int8.tflite,15,3.0,17.321,6532,2.0352455478154776
torch_conv_10_15_ON_int8.tflite,15,4.0,17.333,6532,2.0352455478154776
torch_conv_6_20_OFF_hybrid.tflite,20,,ERROR_TFLITE_INIT_FAILED,ERROR_TFLITE_INIT_FAILED,ERROR_TFLITE_INIT_FAILED
conv_7_5_OFF_int8.tflite,5,0.0,3.421,2884,2.031111399832621
conv_7_5_OFF_int8.tflite,5,1.0,2.942,2884,2.031111399832621
conv_7_5_OFF_int8.tflite,5,2.0,2.929,2884,2.031749968750621
conv_7_5_OFF_int8.tflite,5,3.0,2.929,2884,2.031111399832621
conv_7_5_OFF_int8.tflite,5,4.0,2.934,2884,2.0317568343440495
lstm_8_10_OFF_hybrid.tflite,10,,ERROR_ESP32_MALLOC_FAILED,ERROR_ESP32_MALLOC_FAILED,ERROR_ESP32_MALLOC_FAILED
torch_dense_7_5_OFF_hybrid.tflite,5,,ERROR_TFLITE_INIT_FAILED,ERROR_TFLITE_INIT_FAILED,ERROR_TFLITE_INIT_FAILED
conv_1_10_OFF_int8.tflite,10,0.0,1.861,1252,2.0623155416077634
conv_1_10_OFF_int8.tflite,10,1.0,1.378,1252,2.0623155416077634
conv_1_10_OFF_int8.tflite,10,2.0,1.373,1252,2.0623155416077634
conv_1_10_OFF_int8.tflite,10,3.0,1.373,1252,2.0623155416077634
conv_1_10_OFF_int8.tflite,10,4.0,1.373,1252,2.0623155416077634
torch_conv_3_20_OFF_hybrid.tflite,20,,ERROR_TFLITE_INIT_FAILED,ERROR_TFLITE_INIT_FAILED,ERROR_TFLITE_INIT_FAILED
lstm_7_15_OFF_hybrid.tflite,15,,ERROR_ESP32_MALLOC_FAILED,ERROR_ESP32_MALLOC_FAILED,ERROR_ESP32_MALLOC_FAILED
dense_7_20_OFF_float32.tflite,20,,ERROR_TFLITE_INIT_FAILED,ERROR_TFLITE_INIT_FAILED,ERROR_TFLITE_INIT_FAILED
lstm_6_20_OFF_hybrid.tflite,20,,ERROR_ESP32_MALLOC_FAILED,ERROR_ESP32_MALLOC_FAILED,ERROR_ESP32_MALLOC_FAILED
conv_2_10_OFF_int8.tflite,10,0.0,2.605,1716,2.031749968750621
conv_2_10_OFF_int8.tflite,10,1.0,2.116,1716,2.031749968750621
conv_2_10_OFF_int8.tflite,10,2.0,2.12,1716,2.031749968750621
conv_2_10_OFF_int8.tflite,10,3.0,2.112,1716,2.0317248013820497
conv_2_10_OFF_int8.tflite,10,4.0,2.121,1716,2.031749968750621
conv_2_15_ON_float32.tflite,15,0.0,6.351,3680,2.033620891989192
conv_2_15_ON_float32.tflite,15,1.0,5.759,3680,2.0335985605769067
conv_2_15_ON_float32.tflite,15,2.0,5.759,3680,2.0335356091483354
conv_2_15_ON_float32.tflite,15,3.0,5.755,3680,2.0335512705769068
conv_2_15_ON_float32.tflite,15,4.0,5.751,3680,2.0335666331074784
torch_conv_2_15_ON_hybrid.tflite,15,0.0,6.168,3680,2.0323745816077636
torch_conv_2_15_ON_hybrid.tflite,15,1.0,5.775,3680,2.0323745816077636
torch_conv_2_15_ON_hybrid.tflite,15,2.0,5.753,3680,2.0323745816077636
torch_conv_2_15_ON_hybrid.tflite,15,3.0,5.752,3680,2.0323745816077636
torch_conv_2_15_ON_hybrid.tflite,15,4.0,5.731,3680,2.0323745816077636
torch_conv_3_15_OFF_float32.tflite,15,0.0,8.125,3504,2.0323745816077636
torch_conv_3_15_OFF_float32.tflite,15,1.0,7.851,3504,2.0323745816077636
torch_conv_3_15_OFF_float32.tflite,15,2.0,7.847,3504,2.0323745816077636
torch_conv_3_15_OFF_float32.tflite,15,3.0,7.843,3504,2.0323745816077636
torch_conv_3_15_OFF_float32.tflite,15,4.0,7.847,3504,2.0323745816077636
dense_5_15_OFF_hybrid.tflite,15,,ERROR_TFLITE_INIT_FAILED,ERROR_TFLITE_INIT_FAILED,ERROR_TFLITE_INIT_FAILED
conv_8_15_ON_float32.tflite,15,0.0,22.531,6832,2.037809352226049
conv_8_15_ON_float32.tflite,15,1.0,22.067,6832,2.0379246253811925
conv_8_15_ON_float32.tflite,15,2.0,22.075,6832,2.0382768531469067
conv_8_15_ON_float32.tflite,15,3.0,22.064,6832,2.0380440534240494
conv_8_15_ON_float32.tflite,15,4.0,22.067,6832,2.038461328630621
torch_conv_3_5_ON_int8.tflite,5,0.0,3.43,2436,2.031749968750621
torch_conv_3_5_ON_int8.tflite,5,1.0,2.682,2436,2.031749968750621
torch_conv_3_5_ON_int8.tflite,5,2.0,2.677,2436,2.031749968750621
torch_conv_3_5_ON_int8.tflite,5,3.0,2.687,2436,2.031749968750621
torch_conv_3_5_ON_int8.tflite,5,4.0,2.678,2436,2.031749968750621
torch_conv_10_15_OFF_int8.tflite,15,0.0,11.696,4180,2.031749968750621
torch_conv_10_15_OFF_int8.tflite,15,1.0,11.172,4180,2.031749968750621
torch_conv_10_15_OFF_int8.tflite,15,2.0,11.176,4180,2.031749968750621
torch_conv_10_15_OFF_int8.tflite,15,3.0,11.169,4180,2.031749968750621
torch_conv_10_15_OFF_int8.tflite,15,4.0,11.176,4180,2.031749968750621
torch_conv_6_5_ON_float32.tflite,5,0.0,6.5,4384,2.0323745816077636
torch_conv_6_5_ON_float32.tflite,5,1.0,5.991,4384,2.0323745816077636
torch_conv_6_5_ON_float32.tflite,5,2.0,5.975,4384,2.0323745816077636
torch_conv_6_5_ON_float32.tflite,5,3.0,5.975,4384,2.0323745816077636
torch_conv_6_5_ON_float32.tflite,5,4.0,5.967,4384,2.0323745816077636
lstm_3_5_OFF_int8.tflite,5,,ERROR_TFLITE_INIT_FAILED,ERROR_TFLITE_INIT_FAILED,ERROR_TFLITE_INIT_FAILED
conv_10_5_OFF_float32.tflite,5,0.0,8.88,4128,2.032355743066621
conv_10_5_OFF_float32.tflite,5,1.0,8.666,4128,2.0323717987809067
conv_10_5_OFF_float32.tflite,5,2.0,8.661,4128,2.0323717987809067
conv_10_5_OFF_float32.tflite,5,3.0,8.658,4128,2.0323717987809067
conv_10_5_OFF_float32.tflite,5,4.0,8.662,4128,2.032355743066621
lstm_4_15_OFF_int8.tflite,15,,ERROR_ESP32_MALLOC_FAILED,ERROR_ESP32_MALLOC_FAILED,ERROR_ESP32_MALLOC_FAILED
torch_dense_9_20_OFF_float32.tflite,20,,ERROR_TFLITE_INIT_FAILED,ERROR_TFLITE_INIT_FAILED,ERROR_TFLITE_INIT_FAILED
conv_10_5_OFF_int8.tflite,5,0.0,4.408,3748,2.031749968750621
conv_10_5_OFF_int8.tflite,5,1.0,3.913,3748,2.031749968750621
conv_10_5_OFF_int8.tflite,5,2.0,3.913,3748,2.031749968750621
conv_10_5_OFF_int8.tflite,5,3.0,3.917,3748,2.031749968750621
conv_10_5_OFF_int8.tflite,5,4.0,3.904,3748,2.031749968750621
lstm_9_15_OFF_float32.tflite,15,,ERROR_ESP32_MALLOC_FAILED,ERROR_ESP32_MALLOC_FAILED,ERROR_ESP32_MALLOC_FAILED
conv_10_20_OFF_hybrid.tflite,20,,ERROR_TFLITE_INIT_FAILED,ERROR_TFLITE_INIT_FAILED,ERROR_TFLITE_INIT_FAILED
dense_7_15_OFF_float32.tflite,15,,ERROR_TFLITE_INIT_FAILED,ERROR_TFLITE_INIT_FAILED,ERROR_TFLITE_INIT_FAILED
torch_conv_4_5_ON_float32.tflite,5,0.0,4.693,3344,2.0323585116077636
torch_conv_4_5_ON_float32.tflite,5,1.0,4.182,3344,2.0323585116077636
torch_conv_4_5_ON_float32.tflite,5,2.0,4.166,3344,2.0323585116077636
torch_conv_4_5_ON_float32.tflite,5,3.0,4.17,3344,2.0323585116077636
torch_conv_4_5_ON_float32.tflite,5,4.0,4.174,3344,2.0323585116077636
conv_1_5_OFF_float32.tflite,5,0.0,1.328,1408,1.978262293496335
conv_1_5_OFF_float32.tflite,5,1.0,1.091,1408,1.9804120996146206
conv_1_5_OFF_float32.tflite,5,2.0,1.086,1408,1.9821459790386202
conv_1_5_OFF_float32.tflite,5,3.0,1.091,1408,1.9808856064520497
conv_1_5_OFF_float32.tflite,5,4.0,1.087,1408,1.9798574250969068
conv_2_20_OFF_float32.tflite,20,0.0,7.18,3856,2.032499593036335
conv_2_20_OFF_float32.tflite,20,1.0,6.871,3856,2.032499593036335
conv_2_20_OFF_float32.tflite,20,2.0,6.867,3856,2.032499593036335
conv_2_20_OFF_float32.tflite,20,3.0,6.862,3856,2.032499593036335
conv_2_20_OFF_float32.tflite,20,4.0,6.858,3856,2.032499593036335
dense_1_15_OFF_hybrid.tflite,15,,ERROR_TFLITE_INIT_FAILED,ERROR_TFLITE_INIT_FAILED,ERROR_TFLITE_INIT_FAILED
torch_dense_6_15_OFF_hybrid.tflite,15,,ERROR_TFLITE_INIT_FAILED,ERROR_TFLITE_INIT_FAILED,ERROR_TFLITE_INIT_FAILED
lstm_10_5_OFF_hybrid.tflite,5,,ERROR_TFLITE_INIT_FAILED,ERROR_TFLITE_INIT_FAILED,ERROR_TFLITE_INIT_FAILED
torch_conv_8_10_OFF_hybrid.tflite,10,0.0,14.331,4304,2.0323585116077636
torch_conv_8_10_OFF_hybrid.tflite,10,1.0,13.997,4304,2.0323585116077636
torch_conv_8_10_OFF_hybrid.tflite,10,2.0,13.993,4304,2.0323585116077636
torch_conv_8_10_OFF_hybrid.tflite,10,3.0,13.99,4304,2.0323585116077636
torch_conv_8_10_OFF_hybrid.tflite,10,4.0,13.99,4304,2.0323585116077636
lstm_9_10_OFF_hybrid.tflite,10,,ERROR_ESP32_MALLOC_FAILED,ERROR_ESP32_MALLOC_FAILED,ERROR_ESP32_MALLOC_FAILED
torch_conv_10_15_OFF_float32.tflite,15,0.0,26.452,5520,2.0323745816077636
torch_conv_10_15_OFF_float32.tflite,15,1.0,26.184,5520,2.0323745816077636
torch_conv_10_15_OFF_float32.tflite,15,2.0,26.187,5520,2.0323745816077636
torch_conv_10_15_OFF_float32.tflite,15,3.0,26.191,5520,2.0323745816077636
torch_conv_10_15_OFF_float32.tflite,15,4.0,26.195,5520,2.0323745816077636
conv_3_20_ON_float32.tflite,20,0.0,11.591,5088,2.032136705572621
conv_3_20_ON_float32.tflite,20,1.0,11.147,5088,2.032121621286907
conv_3_20_ON_float32.tflite,20,2.0,11.138,5088,2.0321727955726208
conv_3_20_ON_float32.tflite,20,3.0,11.151,5088,2.032210052731764
conv_3_20_ON_float32.tflite,20,4.0,11.13,5088,2.0321517927154784
lstm_4_10_OFF_int8.tflite,10,,ERROR_ESP32_MALLOC_FAILED,ERROR_ESP32_MALLOC_FAILED,ERROR_ESP32_MALLOC_FAILED
torch_dense_6_20_OFF_float32.tflite,20,,ERROR_TFLITE_INIT_FAILED,ERROR_TFLITE_INIT_FAILED,ERROR_TFLITE_INIT_FAILED
torch_conv_7_5_OFF_hybrid.tflite,5,0.0,6.371,3264,2.0323745816077636
torch_conv_7_5_OFF_hybrid.tflite,5,1.0,6.15,3264,2.0323745816077636
torch_conv_7_5_OFF_hybrid.tflite,5,2.0,6.146,3264,2.0323745816077636
torch_conv_7_5_OFF_hybrid.tflite,5,3.0,6.15,3264,2.0323745816077636
torch_conv_7_5_OFF_hybrid.tflite,5,4.0,6.146,3264,2.0323745816077636
torch_conv_8_5_ON_float32.tflite,5,0.0,8.141,5440,2.1351068000249067
torch_conv_8_5_ON_float32.tflite,5,1.0,7.772,5440,2.1351068000249067
torch_conv_8_5_ON_float32.tflite,5,2.0,7.759,5440,2.135113968993478
torch_conv_8_5_ON_float32.tflite,5,3.0,7.768,5440,2.135113968993478
torch_conv_8_5_ON_float32.tflite,5,4.0,7.744,5440,2.1351714764869065
torch_conv_9_20_ON_float32.tflite,20,,ERROR_TFLITE_INIT_FAILED,ERROR_TFLITE_INIT_FAILED,ERROR_TFLITE_INIT_FAILED
conv_7_15_OFF_int8.tflite,15,0.0,8.583,3316,2.0304472485191924
conv_7_15_OFF_int8.tflite,15,1.0,8.035,3316,2.0304472485191924
conv_7_15_OFF_int8.tflite,15,2.0,8.043,3316,2.0304472485191924
conv_7_15_OFF_int8.tflite,15,3.0,8.04,3316,2.0304472485191924
conv_7_15_OFF_int8.tflite,15,4.0,8.035,3316,2.0304472485191924
torch_conv_2_5_ON_int8.tflite,5,0.0,2.858,1908,2.031749968750621
torch_conv_2_5_ON_int8.tflite,5,1.0,2.143,1908,2.031749968750621
torch_conv_2_5_ON_int8.tflite,5,2.0,2.147,1908,2.031749968750621
torch_conv_2_5_ON_int8.tflite,5,3.0,2.138,1908,2.031749968750621
torch_conv_2_5_ON_int8.tflite,5,4.0,2.138,1908,2.031749968750621
conv_1_15_OFF_int8.tflite,15,0.0,2.268,1380,2.069439711069478
conv_1_15_OFF_int8.tflite,15,1.0,1.78,1380,2.074150775050907
conv_1_15_OFF_int8.tflite,15,2.0,1.776,1380,2.0765475222683354
conv_1_15_OFF_int8.tflite,15,3.0,1.775,1380,2.081299215599764
conv_1_15_OFF_int8.tflite,15,4.0,1.784,1380,2.0808867155920496
torch_dense_8_10_OFF_float32.tflite,10,,ERROR_TFLITE_INIT_FAILED,ERROR_TFLITE_INIT_FAILED,ERROR_TFLITE_INIT_FAILED
conv_5_5_OFF_int8.tflite,5,0.0,2.74,2308,2.0367730334763348
conv_5_5_OFF_int8.tflite,5,1.0,2.28,2308,2.0367730334763348
conv_5_5_OFF_int8.tflite,5,2.0,2.285,2308,2.036002727762049
conv_5_5_OFF_int8.tflite,5,3.0,2.276,2308,2.038581686333478
conv_5_5_OFF_int8.tflite,5,4.0,2.276,2308,2.0367730334763348
torch_conv_6_20_ON_hybrid.tflite,20,,ERROR_TFLITE_INIT_FAILED,ERROR_TFLITE_INIT_FAILED,ERROR_TFLITE_INIT_FAILED
torch_dense_5_20_OFF_float32.tflite,20,,ERROR_TFLITE_INIT_FAILED,ERROR_TFLITE_INIT_FAILED,ERROR_TFLITE_INIT_FAILED
torch_conv_3_10_OFF_hybrid.tflite,10,0.0,5.729,2864,2.0323745816077636
torch_conv_3_10_OFF_hybrid.tflite,10,1.0,5.338,2864,2.0323745816077636
torch_conv_3_10_OFF_hybrid.tflite,10,2.0,5.332,2864,2.0323745816077636
torch_conv_3_10_OFF_hybrid.tflite,10,3.0,5.341,2864,2.0323745816077636
torch_conv_3_10_OFF_hybrid.tflite,10,4.0,5.324,2864,2.0323745816077636
conv_2_15_OFF_int8.tflite,15,0.0,3.349,1876,2.104144670064907
conv_2_15_OFF_int8.tflite,15,1.0,2.828,1876,2.1015657114934783
conv_2_15_OFF_int8.tflite,15,2.0,2.832,1876,2.1233092700649068
conv_2_15_OFF_int8.tflite,15,3.0,2.824,1876,2.1015657114934783
conv_2_15_OFF_int8.tflite,15,4.0,2.832,1876,2.0895899762934778
lstm_8_5_OFF_hybrid.tflite,5,,ERROR_TFLITE_INIT_FAILED,ERROR_TFLITE_INIT_FAILED,ERROR_TFLITE_INIT_FAILED
conv_8_20_OFF_hybrid.tflite,20,,ERROR_TFLITE_INIT_FAILED,ERROR_TFLITE_INIT_FAILED,ERROR_TFLITE_INIT_FAILED
lstm_10_10_OFF_float32.tflite,10,,ERROR_ESP32_MALLOC_FAILED,ERROR_ESP32_MALLOC_FAILED,ERROR_ESP32_MALLOC_FAILED
torch_dense_8_5_OFF_hybrid.tflite,5,,ERROR_TFLITE_INIT_FAILED,ERROR_TFLITE_INIT_FAILED,ERROR_TFLITE_INIT_FAILED
torch_conv_2_20_OFF_hybrid.tflite,20,0.0,7.264,3856,2.0323745816077636
torch_conv_2_20_OFF_hybrid.tflite,20,1.0,6.867,3856,2.0323745816077636
torch_conv_2_20_OFF_hybrid.tflite,20,2.0,6.867,3856,2.0323745816077636
torch_conv_2_20_OFF_hybrid.tflite,20,3.0,6.875,3856,2.0323745816077636
torch_conv_2_20_OFF_hybrid.tflite,20,4.0,6.867,3856,2.0323745816077636
torch_dense_5_15_OFF_float32.tflite,15,,ERROR_TFLITE_INIT_FAILED,ERROR_TFLITE_INIT_FAILED,ERROR_TFLITE_INIT_FAILED
conv_6_5_ON_hybrid.tflite,5,0.0,6.45,4384,2.030217264048049
conv_6_5_ON_hybrid.tflite,5,1.0,5.98,4384,2.030217264048049
conv_6_5_ON_hybrid.tflite,5,2.0,5.967,4384,2.0302960111909067
conv_6_5_ON_hybrid.tflite,5,3.0,5.975,4384,2.0302813811909064
conv_6_5_ON_hybrid.tflite,5,4.0,5.967,4384,2.0302960111909067
conv_8_15_OFF_int8.tflite,15,0.0,9.609,3604,2.031749968750621
conv_8_15_OFF_int8.tflite,15,1.0,9.085,3604,2.031749968750621
conv_8_15_OFF_int8.tflite,15,2.0,9.086,3604,2.031749968750621
conv_8_15_OFF_int8.tflite,15,3.0,9.082,3604,2.031749968750621
conv_8_15_OFF_int8.tflite,15,4.0,9.085,3604,2.031749968750621
conv_5_10_ON_int8.tflite,10,0.0,7.29,3764,2.038491540725192
conv_5_10_ON_int8.tflite,10,1.0,6.546,3764,2.0379148421537634
conv_5_10_ON_int8.tflite,10,2.0,6.559,3764,2.038491540725192
conv_5_10_ON_int8.tflite,10,3.0,6.552,3764,2.0373424892966203
conv_5_10_ON_int8.tflite,10,4.0,6.551,3764,2.0379148421537634
torch_dense_5_15_OFF_hybrid.tflite,15,,ERROR_TFLITE_INIT_FAILED,ERROR_TFLITE_INIT_FAILED,ERROR_TFLITE_INIT_FAILED
dense_3_15_OFF_float32.tflite,15,0.0,0.918,2176,2.036092619352906
dense_3_15_OFF_float32.tflite,15,1.0,0.64,2176,2.036141365393764
dense_3_15_OFF_float32.tflite,15,2.0,0.636,2176,2.036205458577478
dense_3_15_OFF_float32.tflite,15,3.0,0.636,2176,2.036190128577478
dense_3_15_OFF_float32.tflite,15,4.0,0.636,2176,2.036272969557192
conv_1_15_ON_hybrid.tflite,15,0.0,3.481,3040,2.231296198632049
conv_1_15_ON_hybrid.tflite,15,1.0,3.044,3040,2.2311180736111917
conv_1_15_ON_hybrid.tflite,15,2.0,3.037,3040,2.2308705743160497
conv_1_15_ON_hybrid.tflite,15,3.0,3.028,3040,2.230806808209478
conv_1_15_ON_hybrid.tflite,15,4.0,3.028,3040,2.2308046139237634
lstm_4_15_OFF_float32.tflite,15,,ERROR_ESP32_MALLOC_FAILED,ERROR_ESP32_MALLOC_FAILED,ERROR_ESP32_MALLOC_FAILED
dense_7_10_OFF_float32.tflite,10,,ERROR_TFLITE_INIT_FAILED,ERROR_TFLITE_INIT_FAILED,ERROR_TFLITE_INIT_FAILED
dense_8_5_OFF_int8.tflite,5,0.0,3.152,5716,2.038597883256335
dense_8_5_OFF_int8.tflite,5,1.0,2.728,5716,2.038597883256335
dense_8_5_OFF_int8.tflite,5,2.0,2.711,5716,2.0392300016077636
dense_8_5_OFF_int8.tflite,5,3.0,2.716,5716,2.038597883256335
dense_8_5_OFF_int8.tflite,5,4.0,2.712,5716,2.0392094589706207
torch_conv_9_10_OFF_int8.tflite,10,0.0,7.455,3732,2.031749968750621
torch_conv_9_10_OFF_int8.tflite,10,1.0,6.914,3732,2.031749968750621
torch_conv_9_10_OFF_int8.tflite,10,2.0,6.907,3732,2.031749968750621
torch_conv_9_10_OFF_int8.tflite,10,3.0,6.911,3732,2.031749968750621
torch_conv_9_10_OFF_int8.tflite,10,4.0,6.915,3732,2.031749968750621
torch_dense_2_20_OFF_int8.tflite,20,0.0,1.356,2596,2.031749968750621
torch_dense_2_20_OFF_int8.tflite,20,1.0,0.983,2596,2.031749968750621
torch_dense_2_20_OFF_int8.tflite,20,2.0,0.971,2596,2.031749968750621
torch_dense_2_20_OFF_int8.tflite,20,3.0,0.978,2596,2.031749968750621
torch_dense_2_20_OFF_int8.tflite,20,4.0,0.974,2596,2.031749968750621
torch_conv_8_15_OFF_hybrid.tflite,15,0.0,21.336,4944,2.0323923167534783
torch_conv_8_15_OFF_hybrid.tflite,15,1.0,20.951,4944,2.0323923167534783
torch_conv_8_15_OFF_hybrid.tflite,15,2.0,20.951,4944,2.0323923167534783
torch_conv_8_15_OFF_hybrid.tflite,15,3.0,20.95,4944,2.0323762638963356
torch_conv_8_15_OFF_hybrid.tflite,15,4.0,20.951,4944,2.0323762638963356
torch_dense_7_15_OFF_float32.tflite,15,,ERROR_TFLITE_INIT_FAILED,ERROR_TFLITE_INIT_FAILED,ERROR_TFLITE_INIT_FAILED
torch_conv_9_10_ON_int8.tflite,10,0.0,11.654,5860,2.0280890016394775
torch_conv_9_10_ON_int8.tflite,10,1.0,10.874,5860,2.030504042286049
torch_conv_9_10_ON_int8.tflite,10,2.0,10.879,5860,2.0259196411251916
torch_conv_9_10_ON_int8.tflite,10,3.0,10.875,5860,2.028249860337478
torch_conv_9_10_ON_int8.tflite,10,4.0,10.879,5860,2.029919838220335
torch_dense_10_5_OFF_float32.tflite,5,,ERROR_TFLITE_INIT_FAILED,ERROR_TFLITE_INIT_FAILED,ERROR_TFLITE_INIT_FAILED
lstm_1_20_OFF_int8.tflite,20,,ERROR_TFLITE_INIT_FAILED,ERROR_TFLITE_INIT_FAILED,ERROR_TFLITE_INIT_FAILED
dense_2_5_OFF_float32.tflite,5,0.0,0.66,1536,2.0316896113117635
dense_2_5_OFF_float32.tflite,5,1.0,0.382,1536,2.0317532534337635
dense_2_5_OFF_float32.tflite,5,2.0,0.386,1536,2.031702032235764
dense_2_5_OFF_float32.tflite,5,3.0,0.378,1536,2.0317657800720497
dense_2_5_OFF_float32.tflite,5,4.0,0.378,1536,2.031767598358621
lstm_6_20_OFF_float32.tflite,20,,ERROR_ESP32_MALLOC_FAILED,ERROR_ESP32_MALLOC_FAILED,ERROR_ESP32_MALLOC_FAILED
conv_5_20_OFF_float32.tflite,20,0.0,19.769,5728,2.0301723113566212
conv_5_20_OFF_float32.tflite,20,1.0,19.46,5728,2.0301089853574785
conv_5_20_OFF_float32.tflite,20,2.0,19.459,5728,2.030140527479478
conv_5_20_OFF_float32.tflite,20,3.0,19.455,5728,2.030093517112621
conv_5_20_OFF_float32.tflite,20,4.0,19.46,5728,2.030062000704907
torch_conv_2_5_OFF_float32.tflite,5,0.0,2.16,1824,2.0323745816077636
torch_conv_2_5_OFF_float32.tflite,5,1.0,1.938,1824,2.0323745816077636
torch_conv_2_5_OFF_float32.tflite,5,2.0,1.942,1824,2.0323745816077636
torch_conv_2_5_OFF_float32.tflite,5,3.0,1.934,1824,2.0323745816077636
torch_conv_2_5_OFF_float32.tflite,5,4.0,1.934,1824,2.0323745816077636
torch_conv_4_5_ON_hybrid.tflite,5,0.0,4.61,3344,2.0323585116077636
torch_conv_4_5_ON_hybrid.tflite,5,1.0,4.186,3344,2.0323585116077636
torch_conv_4_5_ON_hybrid.tflite,5,2.0,4.171,3344,2.0323585116077636
torch_conv_4_5_ON_hybrid.tflite,5,3.0,4.181,3344,2.0323585116077636
torch_conv_4_5_ON_hybrid.tflite,5,4.0,4.165,3344,2.0323585116077636
conv_7_15_ON_hybrid.tflite,15,0.0,19.781,6304,2.042613850696049
conv_7_15_ON_hybrid.tflite,15,1.0,19.358,6304,2.043333179676335
conv_7_15_ON_hybrid.tflite,15,2.0,19.343,6304,2.0427693800617637
conv_7_15_ON_hybrid.tflite,15,3.0,19.336,6304,2.043180957782335
conv_7_15_ON_hybrid.tflite,15,4.0,19.343,6304,2.0429142683369057
torch_conv_5_10_ON_int8.tflite,10,0.0,7.336,3764,2.031749968750621
torch_conv_5_10_ON_int8.tflite,10,1.0,6.558,3764,2.031749968750621
torch_conv_5_10_ON_int8.tflite,10,2.0,6.546,3764,2.031749968750621
torch_conv_5_10_ON_int8.tflite,10,3.0,6.546,3764,2.031749968750621
torch_conv_5_10_ON_int8.tflite,10,4.0,6.546,3764,2.031749968750621
conv_4_15_ON_hybrid.tflite,15,0.0,11.762,4736,2.0549116835569063
conv_4_15_ON_hybrid.tflite,15,1.0,11.205,4736,2.0551084948443346
conv_4_15_ON_hybrid.tflite,15,2.0,11.194,4736,2.0550509088789064
conv_4_15_ON_hybrid.tflite,15,3.0,11.202,4736,2.0551683593474785
conv_4_15_ON_hybrid.tflite,15,4.0,11.194,4736,2.0549746287160495
torch_dense_10_15_OFF_hybrid.tflite,15,,ERROR_TFLITE_INIT_FAILED,ERROR_TFLITE_INIT_FAILED,ERROR_TFLITE_INIT_FAILED
torch_conv_5_5_ON_hybrid.tflite,5,0.0,5.454,3856,2.0323745816077636
torch_conv_5_5_ON_hybrid.tflite,5,1.0,5.096,3856,2.0323745816077636
torch_conv_5_5_ON_hybrid.tflite,5,2.0,5.076,3856,2.0323745816077636
torch_conv_5_5_ON_hybrid.tflite,5,3.0,5.076,3856,2.0323745816077636
torch_conv_5_5_ON_hybrid.tflite,5,4.0,5.068,3856,2.0323745816077636
conv_4_10_OFF_float32.tflite,10,0.0,7.358,3152,2.0333592887506207
conv_4_10_OFF_float32.tflite,10,1.0,7.066,3152,2.033375313036335
conv_4_10_OFF_float32.tflite,10,2.0,7.062,3152,2.033375313036335
conv_4_10_OFF_float32.tflite,10,3.0,7.057,3152,2.0333127244649067
conv_4_10_OFF_float32.tflite,10,4.0,7.062,3152,2.0333127244649067
lstm_10_5_OFF_int8.tflite,5,,ERROR_ESP32_MALLOC_FAILED,ERROR_ESP32_MALLOC_FAILED,ERROR_ESP32_MALLOC_FAILED
dense_6_20_OFF_float32.tflite,20,,ERROR_TFLITE_INIT_FAILED,ERROR_TFLITE_INIT_FAILED,ERROR_TFLITE_INIT_FAILED
torch_conv_7_15_OFF_float32.tflite,15,0.0,18.589,4656,2.0323745816077636
torch_conv_7_15_OFF_float32.tflite,15,1.0,18.337,4656,2.0323745816077636
torch_conv_7_15_OFF_float32.tflite,15,2.0,18.34,4656,2.0323745816077636
torch_conv_7_15_OFF_float32.tflite,15,3.0,18.337,4656,2.0323745816077636
torch_conv_7_15_OFF_float32.tflite,15,4.0,18.332,4656,2.0323745816077636
torch_conv_9_5_ON_float32.tflite,5,0.0,9.047,5952,2.277301929414335
torch_conv_9_5_ON_float32.tflite,5,1.0,8.65,5952,2.277154241240049
torch_conv_9_5_ON_float32.tflite,5,2.0,8.647,5952,2.2771682958409065
torch_conv_9_5_ON_float32.tflite,5,3.0,8.663,5952,2.2772233013106207
torch_conv_9_5_ON_float32.tflite,5,4.0,8.655,5952,2.277006259574335
torch_conv_3_15_ON_hybrid.tflite,15,0.0,8.903,4208,2.0323745816077636
torch_conv_3_15_ON_hybrid.tflite,15,1.0,8.494,4208,2.0323745816077636
torch_conv_3_15_ON_hybrid.tflite,15,2.0,8.478,4208,2.0323745816077636
torch_conv_3_15_ON_hybrid.tflite,15,3.0,8.471,4208,2.0323745816077636
torch_conv_3_15_ON_hybrid.tflite,15,4.0,8.471,4208,2.0323745816077636
dense_4_10_OFF_hybrid.tflite,10,,ERROR_TFLITE_INIT_FAILED,ERROR_TFLITE_INIT_FAILED,ERROR_TFLITE_INIT_FAILED
conv_2_15_ON_int8.tflite,15,0.0,5.198,2340,2.032499239937478
conv_2_15_ON_int8.tflite,15,1.0,4.383,2340,2.032499239937478
conv_2_15_ON_int8.tflite,15,2.0,4.379,2340,2.032499239937478
conv_2_15_ON_int8.tflite,15,3.0,4.371,2340,2.032499239937478
conv_2_15_ON_int8.tflite,15,4.0,4.38,2340,2.032499239937478
dense_6_20_OFF_hybrid.tflite,20,,ERROR_TFLITE_INIT_FAILED,ERROR_TFLITE_INIT_FAILED,ERROR_TFLITE_INIT_FAILED
torch_dense_10_5_OFF_int8.tflite,5,,ERROR_TFLITE_INIT_FAILED,ERROR_TFLITE_INIT_FAILED,ERROR_TFLITE_INIT_FAILED
conv_1_5_OFF_hybrid.tflite,5,0.0,1.462,1408,1.978262293496335
conv_1_5_OFF_hybrid.tflite,5,1.0,1.094,1408,1.9804120996146206
conv_1_5_OFF_hybrid.tflite,5,2.0,1.094,1408,1.9821459790386202
conv_1_5_OFF_hybrid.tflite,5,3.0,1.094,1408,1.9808856064520497
conv_1_5_OFF_hybrid.tflite,5,4.0,1.094,1408,1.9798574250969068
torch_conv_3_20_OFF_int8.tflite,20,0.0,5.524,2564,2.031749968750621
torch_conv_3_20_OFF_int8.tflite,20,1.0,5.016,2564,2.031749968750621
torch_conv_3_20_OFF_int8.tflite,20,2.0,5.007,2564,2.031749968750621
torch_conv_3_20_OFF_int8.tflite,20,3.0,5.0,2564,2.031749968750621
torch_conv_3_20_OFF_int8.tflite,20,4.0,5.016,2564,2.031749968750621
dense_10_10_OFF_float32.tflite,10,,ERROR_TFLITE_INIT_FAILED,ERROR_TFLITE_INIT_FAILED,ERROR_TFLITE_INIT_FAILED
dense_4_15_OFF_hybrid.tflite,15,,ERROR_TFLITE_INIT_FAILED,ERROR_TFLITE_INIT_FAILED,ERROR_TFLITE_INIT_FAILED
torch_dense_5_5_OFF_hybrid.tflite,5,,ERROR_TFLITE_INIT_FAILED,ERROR_TFLITE_INIT_FAILED,ERROR_TFLITE_INIT_FAILED
torch_dense_2_10_OFF_int8.tflite,10,0.0,1.215,2404,2.031749968750621
torch_dense_2_10_OFF_int8.tflite,10,1.0,0.862,2404,2.031749968750621
torch_dense_2_10_OFF_int8.tflite,10,2.0,0.849,2404,2.031749968750621
torch_dense_2_10_OFF_int8.tflite,10,3.0,0.85,2404,2.031749968750621
torch_dense_2_10_OFF_int8.tflite,10,4.0,0.85,2404,2.031749968750621
torch_dense_1_5_OFF_float32.tflite,5,0.0,0.566,1376,2.032964766968621
torch_dense_1_5_OFF_float32.tflite,5,1.0,0.332,1376,2.0330470622743353
torch_dense_1_5_OFF_float32.tflite,5,2.0,0.328,1376,2.0330301249371923
torch_dense_1_5_OFF_float32.tflite,5,3.0,0.328,1376,2.0330441222829068
torch_dense_1_5_OFF_float32.tflite,5,4.0,0.328,1376,2.0330121384057636
conv_1_20_OFF_int8.tflite,20,0.0,2.668,1508,2.031749968750621
conv_1_20_OFF_int8.tflite,20,1.0,2.181,1508,2.031749968750621
conv_1_20_OFF_int8.tflite,20,2.0,2.173,1508,2.031749968750621
conv_1_20_OFF_int8.tflite,20,3.0,2.181,1508,2.031749968750621
conv_1_20_OFF_int8.tflite,20,4.0,2.174,1508,2.031749968750621
torch_conv_9_20_ON_int8.tflite,20,0.0,23.292,6964,2.0324481270277635
torch_conv_9_20_ON_int8.tflite,20,1.0,22.502,6964,2.0318113839449063
torch_conv_9_20_ON_int8.tflite,20,2.0,22.505,6964,2.0324481270277635
torch_conv_9_20_ON_int8.tflite,20,3.0,22.502,6964,2.0318182495383352
torch_conv_9_20_ON_int8.tflite,20,4.0,22.506,6964,2.031211019538335
dense_2_10_OFF_hybrid.tflite,10,,ERROR_TFLITE_INIT_FAILED,ERROR_TFLITE_INIT_FAILED,ERROR_TFLITE_INIT_FAILED
conv_1_20_OFF_float32.tflite,20,0.0,3.737,2896,2.0323745816077636
conv_1_20_OFF_float32.tflite,20,1.0,3.368,2896,2.0323745816077636
conv_1_20_OFF_float32.tflite,20,2.0,3.369,2896,2.0323745816077636
conv_1_20_OFF_float32.tflite,20,3.0,3.377,2896,2.0323745816077636
conv_1_20_OFF_float32.tflite,20,4.0,3.368,2896,2.0323745816077636
conv_4_5_ON_hybrid.tflite,5,0.0,4.614,3344,2.0375643740634777
conv_4_5_ON_hybrid.tflite,5,1.0,4.173,3344,2.037578792634906
conv_4_5_ON_hybrid.tflite,5,2.0,4.161,3344,2.037578792634906
conv_4_5_ON_hybrid.tflite,5,3.0,4.175,3344,2.0375791707977635
conv_4_5_ON_hybrid.tflite,5,4.0,4.17,3344,2.0375647522263347
torch_conv_1_15_ON_float32.tflite,15,0.0,3.428,3040,2.0323745816077636
torch_conv_1_15_ON_float32.tflite,15,1.0,3.063,3040,2.0323745816077636
torch_conv_1_15_ON_float32.tflite,15,2.0,3.039,3040,2.0323745816077636
torch_conv_1_15_ON_float32.tflite,15,3.0,3.056,3040,2.0323745816077636
torch_conv_1_15_ON_float32.tflite,15,4.0,3.04,3040,2.0323745816077636
lstm_1_20_OFF_float32.tflite,20,,ERROR_TFLITE_INIT_FAILED,ERROR_TFLITE_INIT_FAILED,ERROR_TFLITE_INIT_FAILED
torch_conv_8_10_OFF_float32.tflite,10,0.0,14.315,4304,2.0323585116077636
torch_conv_8_10_OFF_float32.tflite,10,1.0,13.994,4304,2.0323585116077636
torch_conv_8_10_OFF_float32.tflite,10,2.0,13.998,4304,2.0323585116077636
torch_conv_8_10_OFF_float32.tflite,10,3.0,13.993,4304,2.0323585116077636
torch_conv_8_10_OFF_float32.tflite,10,4.0,13.99,4304,2.0323585116077636
conv_9_20_ON_float32.tflite,20,,ERROR_TFLITE_INIT_FAILED,ERROR_TFLITE_INIT_FAILED,ERROR_TFLITE_INIT_FAILED
torch_conv_5_5_OFF_int8.tflite,5,0.0,2.784,2308,2.031749968750621
torch_conv_5_5_OFF_int8.tflite,5,1.0,2.276,2308,2.031749968750621
torch_conv_5_5_OFF_int8.tflite,5,2.0,2.274,2308,2.031749968750621
torch_conv_5_5_OFF_int8.tflite,5,3.0,2.27,2308,2.031749968750621
torch_conv_5_5_OFF_int8.tflite,5,4.0,2.265,2308,2.031749968750621
conv_5_5_OFF_hybrid.tflite,5,0.0,4.735,2688,2.035437893260906
conv_5_5_OFF_hybrid.tflite,5,1.0,4.462,2688,2.0354629638180493
conv_5_5_OFF_hybrid.tflite,5,2.0,4.458,2688,2.0353641795323347
conv_5_5_OFF_hybrid.tflite,5,3.0,4.463,2688,2.035424413355192
conv_5_5_OFF_hybrid.tflite,5,4.0,4.458,2688,2.0356858216960494
torch_dense_1_15_OFF_int8.tflite,15,0.0,1.217,2228,2.031749968750621
torch_dense_1_15_OFF_int8.tflite,15,1.0,0.82,2228,2.031749968750621
torch_dense_1_15_OFF_int8.tflite,15,2.0,0.808,2228,2.031749968750621
torch_dense_1_15_OFF_int8.tflite,15,3.0,0.812,2228,2.031749968750621
torch_dense_1_15_OFF_int8.tflite,15,4.0,0.808,2228,2.031749968750621
conv_5_15_OFF_hybrid.tflite,15,0.0,13.437,4080,2.0535653465400494
conv_5_15_OFF_hybrid.tflite,15,1.0,13.091,4080,2.053953237968621
conv_5_15_OFF_hybrid.tflite,15,2.0,13.088,4080,2.0536658515849067
conv_5_15_OFF_hybrid.tflite,15,3.0,13.084,4080,2.054233203340049
conv_5_15_OFF_hybrid.tflite,15,4.0,13.087,4080,2.054283007625764
conv_1_10_ON_hybrid.tflite,10,0.0,2.727,2400,2.232277165901478
conv_1_10_ON_hybrid.tflite,10,1.0,2.264,2400,2.2323586512071922
conv_1_10_ON_hybrid.tflite,10,2.0,2.248,2400,2.2322888640806213
conv_1_10_ON_hybrid.tflite,10,3.0,2.256,2400,2.2321951397949062
conv_1_10_ON_hybrid.tflite,10,4.0,2.256,2400,2.231783246872049
conv_4_20_ON_float32.tflite,20,0.0,17.184,6384,2.044660672531478
conv_4_20_ON_float32.tflite,20,1.0,16.761,6384,2.0448279591009064
conv_4_20_ON_float32.tflite,20,2.0,16.736,6384,2.044693999742621
conv_4_20_ON_float32.tflite,20,3.0,16.744,6384,2.0438311141137637
conv_4_20_ON_float32.tflite,20,4.0,16.745,6384,2.0440003493089067
lstm_3_10_OFF_hybrid.tflite,10,,ERROR_TFLITE_INIT_FAILED,ERROR_TFLITE_INIT_FAILED,ERROR_TFLITE_INIT_FAILED
lstm_5_15_OFF_int8.tflite,15,,ERROR_ESP32_MALLOC_FAILED,ERROR_ESP32_MALLOC_FAILED,ERROR_ESP32_MALLOC_FAILED
torch_conv_7_10_OFF_hybrid.tflite,10,0.0,12.548,4016,2.0323745816077636
torch_conv_7_10_OFF_hybrid.tflite,10,1.0,12.265,4016,2.0323745816077636
torch_conv_7_10_OFF_hybrid.tflite,10,2.0,12.269,4016,2.0323745816077636
torch_conv_7_10_OFF_hybrid.tflite,10,3.0,12.257,4016,2.0323745816077636
torch_conv_7_10_OFF_hybrid.tflite,10,4.0,12.253,4016,2.0323745816077636
torch_dense_4_20_OFF_hybrid.tflite,20,,ERROR_TFLITE_INIT_FAILED,ERROR_TFLITE_INIT_FAILED,ERROR_TFLITE_INIT_FAILED
torch_dense_3_5_OFF_int8.tflite,5,0.0,1.56,2900,2.031749968750621
torch_dense_3_5_OFF_int8.tflite,5,1.0,1.139,2900,2.031749968750621
torch_dense_3_5_OFF_int8.tflite,5,2.0,1.123,2900,2.031749968750621
torch_dense_3_5_OFF_int8.tflite,5,3.0,1.127,2900,2.031749968750621
torch_dense_3_5_OFF_int8.tflite,5,4.0,1.123,2900,2.031749968750621
torch_conv_6_10_OFF_int8.tflite,10,0.0,5.381,2868,2.031749968750621
torch_conv_6_10_OFF_int8.tflite,10,1.0,4.858,2868,2.031749968750621
torch_conv_6_10_OFF_int8.tflite,10,2.0,4.85,2868,2.031749968750621
torch_conv_6_10_OFF_int8.tflite,10,3.0,4.85,2868,2.031749968750621
torch_conv_6_10_OFF_int8.tflite,10,4.0,4.856,2868,2.031749968750621
torch_conv_4_15_ON_float32.tflite,15,0.0,11.722,4736,2.0323745816077636
torch_conv_4_15_ON_float32.tflite,15,1.0,11.202,4736,2.0323745816077636
torch_conv_4_15_ON_float32.tflite,15,2.0,11.2,4736,2.0323745816077636
torch_conv_4_15_ON_float32.tflite,15,3.0,11.198,4736,2.0323745816077636
torch_conv_4_15_ON_float32.tflite,15,4.0,11.193,4736,2.0323745816077636
lstm_7_10_OFF_hybrid.tflite,10,,ERROR_ESP32_MALLOC_FAILED,ERROR_ESP32_MALLOC_FAILED,ERROR_ESP32_MALLOC_FAILED
torch_conv_9_5_ON_hybrid.tflite,5,0.0,9.055,5952,2.277301929414335
torch_conv_9_5_ON_hybrid.tflite,5,1.0,8.674,5952,2.277154241240049
torch_conv_9_5_ON_hybrid.tflite,5,2.0,8.642,5952,2.2771682958409065
torch_conv_9_5_ON_hybrid.tflite,5,3.0,8.659,5952,2.2772233013106207
torch_conv_9_5_ON_hybrid.tflite,5,4.0,8.658,5952,2.277006259574335
dense_1_20_OFF_int8.tflite,20,0.0,1.309,2324,2.031749968750621
dense_1_20_OFF_int8.tflite,20,1.0,0.888,2324,2.031749968750621
dense_1_20_OFF_int8.tflite,20,2.0,0.867,2324,2.031749968750621
dense_1_20_OFF_int8.tflite,20,3.0,0.872,2324,2.031749968750621
dense_1_20_OFF_int8.tflite,20,4.0,0.868,2324,2.031749968750621
lstm_9_5_OFF_hybrid.tflite,5,,ERROR_TFLITE_INIT_FAILED,ERROR_TFLITE_INIT_FAILED,ERROR_TFLITE_INIT_FAILED
lstm_7_5_OFF_hybrid.tflite,5,,ERROR_TFLITE_INIT_FAILED,ERROR_TFLITE_INIT_FAILED,ERROR_TFLITE_INIT_FAILED
dense_8_5_OFF_hybrid.tflite,5,,ERROR_TFLITE_INIT_FAILED,ERROR_TFLITE_INIT_FAILED,ERROR_TFLITE_INIT_FAILED
conv_4_10_OFF_hybrid.tflite,10,0.0,7.446,3152,2.0333592887506207
conv_4_10_OFF_hybrid.tflite,10,1.0,7.065,3152,2.033375313036335
conv_4_10_OFF_hybrid.tflite,10,2.0,7.053,3152,2.033375313036335
conv_4_10_OFF_hybrid.tflite,10,3.0,7.065,3152,2.0333127244649067
conv_4_10_OFF_hybrid.tflite,10,4.0,7.061,3152,2.0333127244649067
conv_8_20_ON_float32.tflite,20,,ERROR_TFLITE_INIT_FAILED,ERROR_TFLITE_INIT_FAILED,ERROR_TFLITE_INIT_FAILED
torch_conv_3_10_OFF_float32.tflite,10,0.0,5.597,2864,2.0323745816077636
torch_conv_3_10_OFF_float32.tflite,10,1.0,5.332,2864,2.0323745816077636
torch_conv_3_10_OFF_float32.tflite,10,2.0,5.329,2864,2.0323745816077636
torch_conv_3_10_OFF_float32.tflite,10,3.0,5.323,2864,2.0323745816077636
torch_conv_3_10_OFF_float32.tflite,10,4.0,5.328,2864,2.0323745816077636
conv_3_10_ON_int8.tflite,10,0.0,5.179,2708,2.053322562347192
conv_3_10_ON_int8.tflite,10,1.0,4.395,2708,2.053322562347192
conv_3_10_ON_int8.tflite,10,2.0,4.39,2708,2.0528285437757634
conv_3_10_ON_int8.tflite,10,3.0,4.388,2708,2.053322562347192
conv_3_10_ON_int8.tflite,10,4.0,4.39,2708,2.053322562347192
conv_2_15_OFF_float32.tflite,15,0.0,5.641,3216,2.1433204865106203
conv_2_15_OFF_float32.tflite,15,1.0,5.229,3216,2.149368110787764
conv_2_15_OFF_float32.tflite,15,2.0,5.237,3216,2.1471796593677634
conv_2_15_OFF_float32.tflite,15,3.0,5.224,3216,2.148645262624906
conv_2_15_OFF_float32.tflite,15,4.0,5.217,3216,2.146174604516335
dense_6_10_OFF_float32.tflite,10,,ERROR_TFLITE_INIT_FAILED,ERROR_TFLITE_INIT_FAILED,ERROR_TFLITE_INIT_FAILED
conv_7_20_OFF_int8.tflite,20,0.0,12.427,3972,2.031729426113478
conv_7_20_OFF_int8.tflite,20,1.0,11.915,3972,2.031729426113478
conv_7_20_OFF_int8.tflite,20,2.0,11.911,3972,2.031729426113478
conv_7_20_OFF_int8.tflite,20,3.0,11.903,3972,2.031729426113478
conv_7_20_OFF_int8.tflite,20,4.0,11.911,3972,2.031729426113478
torch_dense_8_20_OFF_int8.tflite,20,0.0,3.266,5876,2.031749968750621
torch_dense_8_20_OFF_int8.tflite,20,1.0,2.913,5876,2.031749968750621
torch_dense_8_20_OFF_int8.tflite,20,2.0,2.897,5876,2.031749968750621
torch_dense_8_20_OFF_int8.tflite,20,3.0,2.897,5876,2.031749968750621
torch_dense_8_20_OFF_int8.tflite,20,4.0,2.905,5876,2.031749968750621
dense_9_5_OFF_int8.tflite,5,,ERROR_TFLITE_INIT_FAILED,ERROR_TFLITE_INIT_FAILED,ERROR_TFLITE_INIT_FAILED
conv_2_10_ON_float32.tflite,10,0.0,4.689,3040,2.038589156336335
conv_2_10_ON_float32.tflite,10,1.0,4.087,3040,2.0385671605677635
conv_2_10_ON_float32.tflite,10,2.0,4.087,3040,2.0387122491391927
conv_2_10_ON_float32.tflite,10,3.0,4.091,3040,2.038582381996335
conv_2_10_ON_float32.tflite,10,4.0,4.087,3040,2.0385337388126206
torch_dense_7_15_OFF_int8.tflite,15,0.0,2.975,5236,2.031749968750621
torch_dense_7_15_OFF_int8.tflite,15,1.0,2.554,5236,2.031749968750621
torch_dense_7_15_OFF_int8.tflite,15,2.0,2.537,5236,2.031749968750621
torch_dense_7_15_OFF_int8.tflite,15,3.0,2.538,5236,2.031749968750621
torch_dense_7_15_OFF_int8.tflite,15,4.0,2.546,5236,2.031749968750621
lstm_1_10_OFF_int8.tflite,10,0.0,11.442,23732,2.1039932440131923
lstm_1_10_OFF_int8.tflite,10,1.0,10.88,23732,2.113366238813192
lstm_1_10_OFF_int8.tflite,10,2.0,10.884,23732,2.1164839390389063
lstm_1_10_OFF_int8.tflite,10,3.0,10.888,23732,2.1162684918960495
lstm_1_10_OFF_int8.tflite,10,4.0,10.89,23732,2.1120087225789064
torch_conv_8_5_ON_int8.tflite,5,0.0,6.181,5060,2.153192273513764
torch_conv_8_5_ON_int8.tflite,5,1.0,5.416,5060,2.153192273513764
torch_conv_8_5_ON_int8.tflite,5,2.0,5.405,5060,2.153192273513764
torch_conv_8_5_ON_int8.tflite,5,3.0,5.406,5060,2.153192273513764
torch_conv_8_5_ON_int8.tflite,5,4.0,5.398,5060,2.153192273513764
torch_dense_6_20_OFF_hybrid.tflite,20,,ERROR_TFLITE_INIT_FAILED,ERROR_TFLITE_INIT_FAILED,ERROR_TFLITE_INIT_FAILED
conv_8_20_ON_int8.tflite,20,0.0,21.127,6436,2.2308283202054775
conv_8_20_ON_int8.tflite,20,1.0,20.361,6436,2.2362218734080495
conv_8_20_ON_int8.tflite,20,2.0,20.352,6436,2.235110304322335
conv_8_20_ON_int8.tflite,20,3.0,20.344,6436,2.234790026739478
conv_8_20_ON_int8.tflite,20,4.0,20.353,6436,2.2325956649089065
torch_conv_7_10_OFF_float32.tflite,10,0.0,12.728,4016,2.0323745816077636
torch_conv_7_10_OFF_float32.tflite,10,1.0,12.26,4016,2.0323745816077636
torch_conv_7_10_OFF_float32.tflite,10,2.0,12.279,4016,2.0323745816077636
torch_conv_7_10_OFF_float32.tflite,10,3.0,12.277,4016,2.0323745816077636
torch_conv_7_10_OFF_float32.tflite,10,4.0,12.273,4016,2.0323745816077636
torch_conv_6_10_ON_int8.tflite,10,0.0,8.393,4276,2.031749968750621
torch_conv_6_10_ON_int8.tflite,10,1.0,7.631,4276,2.031749968750621
torch_conv_6_10_ON_int8.tflite,10,2.0,7.635,4276,2.031749968750621
torch_conv_6_10_ON_int8.tflite,10,3.0,7.627,4276,2.031749968750621
torch_conv_6_10_ON_int8.tflite,10,4.0,7.629,4276,2.031749968750621
torch_conv_2_10_ON_hybrid.tflite,10,0.0,4.682,3040,2.0323745816077636
torch_conv_2_10_ON_hybrid.tflite,10,1.0,4.098,3040,2.0323745816077636
torch_conv_2_10_ON_hybrid.tflite,10,2.0,4.091,3040,2.0323745816077636
torch_conv_2_10_ON_hybrid.tflite,10,3.0,4.095,3040,2.0323745816077636
torch_conv_2_10_ON_hybrid.tflite,10,4.0,4.083,3040,2.0323745816077636
dense_7_20_OFF_int8.tflite,20,0.0,3.041,5332,2.0344183929097635
dense_7_20_OFF_int8.tflite,20,1.0,2.612,5332,2.0344183929097635
dense_7_20_OFF_int8.tflite,20,2.0,2.604,5332,2.0344183929097635
dense_7_20_OFF_int8.tflite,20,3.0,2.6,5332,2.034443560278335
dense_7_20_OFF_int8.tflite,20,4.0,2.596,5332,2.034443560278335
conv_6_20_OFF_int8.tflite,20,0.0,11.047,3684,2.031749968750621
conv_6_20_OFF_int8.tflite,20,1.0,10.508,3684,2.031749968750621
conv_6_20_OFF_int8.tflite,20,2.0,10.508,3684,2.031749968750621
conv_6_20_OFF_int8.tflite,20,3.0,10.508,3684,2.031749968750621
conv_6_20_OFF_int8.tflite,20,4.0,10.507,3684,2.031749968750621
torch_dense_5_20_OFF_int8.tflite,20,0.0,2.351,4196,2.031749968750621
torch_dense_5_20_OFF_int8.tflite,20,1.0,1.97,4196,2.031749968750621
torch_dense_5_20_OFF_int8.tflite,20,2.0,1.958,4196,2.031749968750621
torch_dense_5_20_OFF_int8.tflite,20,3.0,1.962,4196,2.031749968750621
torch_dense_5_20_OFF_int8.tflite,20,4.0,1.958,4196,2.031749968750621
dense_4_10_OFF_int8.tflite,10,0.0,1.899,3428,2.037365174192621
dense_4_10_OFF_int8.tflite,10,1.0,1.538,3428,2.037365174192621
dense_4_10_OFF_int8.tflite,10,2.0,1.526,3428,2.037365174192621
dense_4_10_OFF_int8.tflite,10,3.0,1.538,3428,2.037365174192621
dense_4_10_OFF_int8.tflite,10,4.0,1.526,3428,2.0356903624840497
conv_5_5_OFF_float32.tflite,5,0.0,4.791,2688,2.035437893260906
conv_5_5_OFF_float32.tflite,5,1.0,4.458,2688,2.0354629638180493
conv_5_5_OFF_float32.tflite,5,2.0,4.454,2688,2.0353641795323347
conv_5_5_OFF_float32.tflite,5,3.0,4.457,2688,2.035424413355192
conv_5_5_OFF_float32.tflite,5,4.0,4.446,2688,2.0356858216960494
torch_conv_5_10_OFF_int8.tflite,10,0.0,4.689,2580,2.031749968750621
torch_conv_5_10_OFF_int8.tflite,10,1.0,4.168,2580,2.031749968750621
torch_conv_5_10_OFF_int8.tflite,10,2.0,4.171,2580,2.031749968750621
torch_conv_5_10_OFF_int8.tflite,10,3.0,4.175,2580,2.031749968750621
torch_conv_5_10_OFF_int8.tflite,10,4.0,4.17,2580,2.031749968750621
conv_7_5_ON_float32.tflite,5,0.0,7.382,4912,2.0313767018689064
conv_7_5_ON_float32.tflite,5,1.0,6.881,4912,2.0313767018689064
conv_7_5_ON_float32.tflite,5,2.0,6.858,4912,2.031361206154621
conv_7_5_ON_float32.tflite,5,3.0,6.866,4912,2.031361206154621
conv_7_5_ON_float32.tflite,5,4.0,6.85,4912,2.031361206154621
torch_conv_3_5_OFF_hybrid.tflite,5,0.0,2.996,2112,2.0323745816077636
torch_conv_3_5_OFF_hybrid.tflite,5,1.0,2.778,2112,2.0323745816077636
torch_conv_3_5_OFF_hybrid.tflite,5,2.0,2.766,2112,2.0323745816077636
torch_conv_3_5_OFF_hybrid.tflite,5,3.0,2.77,2112,2.0323745816077636
torch_conv_3_5_OFF_hybrid.tflite,5,4.0,2.774,2112,2.0323745816077636
conv_3_20_OFF_float32.tflite,20,0.0,10.749,4384,2.052654175947478
conv_3_20_OFF_float32.tflite,20,1.0,10.449,4384,2.0526022574466207
conv_3_20_OFF_float32.tflite,20,2.0,10.456,4384,2.0523104170494775
conv_3_20_OFF_float32.tflite,20,3.0,10.464,4384,2.053040551732335
conv_3_20_OFF_float32.tflite,20,4.0,10.444,4384,2.053249158875192
dense_3_10_OFF_int8.tflite,10,0.0,1.568,2916,2.0317568343440495
dense_3_10_OFF_int8.tflite,10,1.0,1.202,2916,2.0311365672011923
dense_3_10_OFF_int8.tflite,10,2.0,1.191,2916,2.0311365672011923
dense_3_10_OFF_int8.tflite,10,3.0,1.194,2916,2.0311365672011923
dense_3_10_OFF_int8.tflite,10,4.0,1.191,2916,2.0311365672011923
torch_conv_8_15_OFF_int8.tflite,15,0.0,9.63,3604,2.031749968750621
torch_conv_8_15_OFF_int8.tflite,15,1.0,9.089,3604,2.031749968750621
torch_conv_8_15_OFF_int8.tflite,15,2.0,9.087,3604,2.031749968750621
torch_conv_8_15_OFF_int8.tflite,15,3.0,9.085,3604,2.031749968750621
torch_conv_8_15_OFF_int8.tflite,15,4.0,9.09,3604,2.031749968750621
torch_conv_3_15_ON_int8.tflite,15,0.0,6.756,2868,2.031749968750621
torch_conv_3_15_ON_int8.tflite,15,1.0,5.994,2868,2.031749968750621
torch_conv_3_15_ON_int8.tflite,15,2.0,5.999,2868,2.031749968750621
torch_conv_3_15_ON_int8.tflite,15,3.0,5.991,2868,2.031749968750621
torch_conv_3_15_ON_int8.tflite,15,4.0,6.008,2868,2.031749968750621
torch_conv_1_10_OFF_float32.tflite,10,0.0,2.225,1904,2.0323745816077636
torch_conv_1_10_OFF_float32.tflite,10,1.0,1.852,1904,2.0323745816077636
torch_conv_1_10_OFF_float32.tflite,10,2.0,1.852,1904,2.0323745816077636
torch_conv_1_10_OFF_float32.tflite,10,3.0,1.86,1904,2.0323745816077636
torch_conv_1_10_OFF_float32.tflite,10,4.0,1.853,1904,2.0323745816077636
conv_9_20_ON_int8.tflite,20,0.0,23.254,6964,2.0380128770220494
conv_9_20_ON_int8.tflite,20,1.0,22.502,6964,2.0380128770220494
conv_9_20_ON_int8.tflite,20,2.0,22.502,6964,2.038823060793478
conv_9_20_ON_int8.tflite,20,3.0,22.494,6964,2.0421693081506205
conv_9_20_ON_int8.tflite,20,4.0,22.502,6964,2.0458538295849062
lstm_3_15_OFF_int8.tflite,15,,ERROR_ESP32_MALLOC_FAILED,ERROR_ESP32_MALLOC_FAILED,ERROR_ESP32_MALLOC_FAILED
torch_dense_9_10_OFF_hybrid.tflite,10,,ERROR_TFLITE_INIT_FAILED,ERROR_TFLITE_INIT_FAILED,ERROR_TFLITE_INIT_FAILED
torch_conv_1_20_OFF_hybrid.tflite,20,0.0,3.709,2896,2.0329923020049065
torch_conv_1_20_OFF_hybrid.tflite,20,1.0,3.368,2896,2.032991605259192
torch_conv_1_20_OFF_hybrid.tflite,20,2.0,3.369,2896,2.032991605259192
torch_conv_1_20_OFF_hybrid.tflite,20,3.0,3.377,2896,2.033041688116335
torch_conv_1_20_OFF_hybrid.tflite,20,4.0,3.368,2896,2.033041688116335
torch_conv_6_10_OFF_hybrid.tflite,10,0.0,10.825,3728,2.0323745816077636
torch_conv_6_10_OFF_hybrid.tflite,10,1.0,10.527,3728,2.0323745816077636
torch_conv_6_10_OFF_hybrid.tflite,10,2.0,10.531,3728,2.0323745816077636
torch_conv_6_10_OFF_hybrid.tflite,10,3.0,10.54,3728,2.0323745816077636
torch_conv_6_10_OFF_hybrid.tflite,10,4.0,10.539,3728,2.0323745816077636
conv_5_10_OFF_int8.tflite,10,0.0,4.703,2580,2.0317248013820497
conv_5_10_OFF_int8.tflite,10,1.0,4.17,2580,2.031749968750621
conv_5_10_OFF_int8.tflite,10,2.0,4.183,2580,2.0317248013820497
conv_5_10_OFF_int8.tflite,10,3.0,4.167,2580,2.0317248013820497
conv_5_10_OFF_int8.tflite,10,4.0,4.175,2580,2.0317248013820497
torch_dense_6_15_OFF_float32.tflite,15,,ERROR_TFLITE_INIT_FAILED,ERROR_TFLITE_INIT_FAILED,ERROR_TFLITE_INIT_FAILED
conv_7_20_ON_int8.tflite,20,0.0,18.296,5620,2.036421910599764
conv_7_20_ON_int8.tflite,20,1.0,17.555,5620,2.0343499621671923
conv_7_20_ON_int8.tflite,20,2.0,17.563,5620,2.035332466546335
conv_7_20_ON_int8.tflite,20,3.0,17.555,5620,2.0358548122663347
conv_7_20_ON_int8.tflite,20,4.0,17.563,5620,2.035322589183478
torch_lstm_3_5_OFF_int8.tflite,5,,ERROR_TFLITE_INIT_FAILED,ERROR_TFLITE_INIT_FAILED,ERROR_TFLITE_INIT_FAILED
torch_lstm_10_15_OFF_int8.tflite,15,,ERROR_ESP32_MALLOC_FAILED,ERROR_ESP32_MALLOC_FAILED,ERROR_ESP32_MALLOC_FAILED
torch_lstm_9_10_OFF_float32.tflite,10,,ERROR_ESP32_MALLOC_FAILED,ERROR_ESP32_MALLOC_FAILED,ERROR_ESP32_MALLOC_FAILED
torch_lstm_2_15_OFF_hybrid.tflite,15,,ERROR_TFLITE_INIT_FAILED,ERROR_TFLITE_INIT_FAILED,ERROR_TFLITE_INIT_FAILED
torch_lstm_9_15_OFF_float32.tflite,15,,ERROR_ESP32_MALLOC_FAILED,ERROR_ESP32_MALLOC_FAILED,ERROR_ESP32_MALLOC_FAILED
torch_lstm_6_10_OFF_float32.tflite,10,,ERROR_ESP32_MALLOC_FAILED,ERROR_ESP32_MALLOC_FAILED,ERROR_ESP32_MALLOC_FAILED
torch_lstm_3_20_OFF_float32.tflite,20,,ERROR_ESP32_MALLOC_FAILED,ERROR_ESP32_MALLOC_FAILED,ERROR_ESP32_MALLOC_FAILED
torch_lstm_9_20_OFF_hybrid.tflite,20,,ERROR_ESP32_MALLOC_FAILED,ERROR_ESP32_MALLOC_FAILED,ERROR_ESP32_MALLOC_FAILED
torch_lstm_2_10_OFF_int8.tflite,10,,ERROR_TFLITE_INIT_FAILED,ERROR_TFLITE_INIT_FAILED,ERROR_TFLITE_INIT_FAILED
torch_lstm_4_10_OFF_int8.tflite,10,,ERROR_ESP32_MALLOC_FAILED,ERROR_ESP32_MALLOC_FAILED,ERROR_ESP32_MALLOC_FAILED
torch_lstm_7_10_OFF_hybrid.tflite,10,,ERROR_ESP32_MALLOC_FAILED,ERROR_ESP32_MALLOC_FAILED,ERROR_ESP32_MALLOC_FAILED
torch_lstm_6_15_OFF_int8.tflite,15,,ERROR_ESP32_MALLOC_FAILED,ERROR_ESP32_MALLOC_FAILED,ERROR_ESP32_MALLOC_FAILED
torch_lstm_9_20_OFF_float32.tflite,20,,ERROR_ESP32_MALLOC_FAILED,ERROR_ESP32_MALLOC_FAILED,ERROR_ESP32_MALLOC_FAILED
torch_lstm_6_10_OFF_int8.tflite,10,,ERROR_ESP32_MALLOC_FAILED,ERROR_ESP32_MALLOC_FAILED,ERROR_ESP32_MALLOC_FAILED
torch_lstm_5_15_OFF_float32.tflite,15,,ERROR_ESP32_MALLOC_FAILED,ERROR_ESP32_MALLOC_FAILED,ERROR_ESP32_MALLOC_FAILED
torch_lstm_5_20_OFF_hybrid.tflite,20,,ERROR_ESP32_MALLOC_FAILED,ERROR_ESP32_MALLOC_FAILED,ERROR_ESP32_MALLOC_FAILED
torch_lstm_8_10_OFF_float32.tflite,10,,ERROR_ESP32_MALLOC_FAILED,ERROR_ESP32_MALLOC_FAILED,ERROR_ESP32_MALLOC_FAILED
torch_lstm_1_20_OFF_hybrid.tflite,20,,ERROR_TFLITE_INIT_FAILED,ERROR_TFLITE_INIT_FAILED,ERROR_TFLITE_INIT_FAILED
torch_lstm_3_10_OFF_float32.tflite,10,,ERROR_TFLITE_INIT_FAILED,ERROR_TFLITE_INIT_FAILED,ERROR_TFLITE_INIT_FAILED
torch_lstm_4_5_OFF_float32.tflite,5,,ERROR_TFLITE_INIT_FAILED,ERROR_TFLITE_INIT_FAILED,ERROR_TFLITE_INIT_FAILED
torch_lstm_7_20_OFF_hybrid.tflite,20,,ERROR_ESP32_MALLOC_FAILED,ERROR_ESP32_MALLOC_FAILED,ERROR_ESP32_MALLOC_FAILED
torch_lstm_4_15_OFF_hybrid.tflite,15,,ERROR_TFLITE_INIT_FAILED,ERROR_TFLITE_INIT_FAILED,ERROR_TFLITE_INIT_FAILED
torch_lstm_1_15_OFF_hybrid.tflite,15,,ERROR_TFLITE_INIT_FAILED,ERROR_TFLITE_INIT_FAILED,ERROR_TFLITE_INIT_FAILED
torch_lstm_1_5_OFF_int8.tflite,5,0.0,6.064,11908,2.031749968750621
torch_lstm_1_5_OFF_int8.tflite,5,1.0,5.415,11908,2.031749968750621
torch_lstm_1_5_OFF_int8.tflite,5,2.0,5.408,11908,2.031749968750621
torch_lstm_1_5_OFF_int8.tflite,5,3.0,5.413,11908,2.031749968750621
torch_lstm_1_5_OFF_int8.tflite,5,4.0,5.404,11908,2.031749968750621
torch_lstm_5_20_OFF_float32.tflite,20,,ERROR_ESP32_MALLOC_FAILED,ERROR_ESP32_MALLOC_FAILED,ERROR_ESP32_MALLOC_FAILED
torch_lstm_10_10_OFF_float32.tflite,10,,ERROR_ESP32_MALLOC_FAILED,ERROR_ESP32_MALLOC_FAILED,ERROR_ESP32_MALLOC_FAILED
torch_lstm_2_15_OFF_float32.tflite,15,,ERROR_TFLITE_INIT_FAILED,ERROR_TFLITE_INIT_FAILED,ERROR_TFLITE_INIT_FAILED
torch_lstm_10_20_OFF_hybrid.tflite,20,,ERROR_ESP32_MALLOC_FAILED,ERROR_ESP32_MALLOC_FAILED,ERROR_ESP32_MALLOC_FAILED
torch_lstm_8_10_OFF_hybrid.tflite,10,,ERROR_ESP32_MALLOC_FAILED,ERROR_ESP32_MALLOC_FAILED,ERROR_ESP32_MALLOC_FAILED
torch_lstm_8_5_OFF_int8.tflite,5,,ERROR_ESP32_MALLOC_FAILED,ERROR_ESP32_MALLOC_FAILED,ERROR_ESP32_MALLOC_FAILED
torch_lstm_2_20_OFF_hybrid.tflite,20,,ERROR_TFLITE_INIT_FAILED,ERROR_TFLITE_INIT_FAILED,ERROR_TFLITE_INIT_FAILED
torch_lstm_6_15_OFF_float32.tflite,15,,ERROR_ESP32_MALLOC_FAILED,ERROR_ESP32_MALLOC_FAILED,ERROR_ESP32_MALLOC_FAILED
torch_lstm_7_20_OFF_float32.tflite,20,,ERROR_ESP32_MALLOC_FAILED,ERROR_ESP32_MALLOC_FAILED,ERROR_ESP32_MALLOC_FAILED
torch_lstm_8_20_OFF_hybrid.tflite,20,,ERROR_ESP32_MALLOC_FAILED,ERROR_ESP32_MALLOC_FAILED,ERROR_ESP32_MALLOC_FAILED
torch_lstm_5_10_OFF_float32.tflite,10,,ERROR_TFLITE_INIT_FAILED,ERROR_TFLITE_INIT_FAILED,ERROR_TFLITE_INIT_FAILED
torch_lstm_5_15_OFF_hybrid.tflite,15,,ERROR_ESP32_MALLOC_FAILED,ERROR_ESP32_MALLOC_FAILED,ERROR_ESP32_MALLOC_FAILED
torch_lstm_1_10_OFF_float32.tflite,10,0.0,6.353,16064,2.032392438508621
torch_lstm_1_10_OFF_float32.tflite,10,1.0,5.767,16064,2.032392438508621
torch_lstm_1_10_OFF_float32.tflite,10,2.0,5.747,16064,2.032392438508621
torch_lstm_1_10_OFF_float32.tflite,10,3.0,5.761,16064,2.032392438508621
torch_lstm_1_10_OFF_float32.tflite,10,4.0,5.748,16064,2.032408494222907
torch_lstm_3_20_OFF_int8.tflite,20,,ERROR_ESP32_MALLOC_FAILED,ERROR_ESP32_MALLOC_FAILED,ERROR_ESP32_MALLOC_FAILED
torch_lstm_5_10_OFF_hybrid.tflite,10,,ERROR_TFLITE_INIT_FAILED,ERROR_TFLITE_INIT_FAILED,ERROR_TFLITE_INIT_FAILED
torch_lstm_6_5_OFF_int8.tflite,5,,ERROR_ESP32_MALLOC_FAILED,ERROR_ESP32_MALLOC_FAILED,ERROR_ESP32_MALLOC_FAILED
torch_lstm_7_5_OFF_hybrid.tflite,5,,ERROR_TFLITE_INIT_FAILED,ERROR_TFLITE_INIT_FAILED,ERROR_TFLITE_INIT_FAILED
torch_lstm_1_20_OFF_float32.tflite,20,,ERROR_TFLITE_INIT_FAILED,ERROR_TFLITE_INIT_FAILED,ERROR_TFLITE_INIT_FAILED
torch_lstm_2_5_OFF_float32.tflite,5,0.0,6.127,14368,2.0325297143766208
torch_lstm_2_5_OFF_float32.tflite,5,1.0,5.739,14368,2.0325297143766208
torch_lstm_2_5_OFF_float32.tflite,5,2.0,5.722,14368,2.0325297143766208
torch_lstm_2_5_OFF_float32.tflite,5,3.0,5.728,14368,2.0325297143766208
torch_lstm_2_5_OFF_float32.tflite,5,4.0,5.724,14368,2.0325297143766208
torch_lstm_9_15_OFF_int8.tflite,15,,ERROR_ESP32_MALLOC_FAILED,ERROR_ESP32_MALLOC_FAILED,ERROR_ESP32_MALLOC_FAILED
torch_lstm_3_10_OFF_int8.tflite,10,,ERROR_TFLITE_INIT_FAILED,ERROR_TFLITE_INIT_FAILED,ERROR_TFLITE_INIT_FAILED
torch_lstm_7_5_OFF_float32.tflite,5,,ERROR_TFLITE_INIT_FAILED,ERROR_TFLITE_INIT_FAILED,ERROR_TFLITE_INIT_FAILED
torch_lstm_6_10_OFF_hybrid.tflite,10,,ERROR_ESP32_MALLOC_FAILED,ERROR_ESP32_MALLOC_FAILED,ERROR_ESP32_MALLOC_FAILED
torch_lstm_9_5_OFF_int8.tflite,5,,ERROR_ESP32_MALLOC_FAILED,ERROR_ESP32_MALLOC_FAILED,ERROR_ESP32_MALLOC_FAILED
torch_lstm_3_15_OFF_float32.tflite,15,,ERROR_TFLITE_INIT_FAILED,ERROR_TFLITE_INIT_FAILED,ERROR_TFLITE_INIT_FAILED
torch_lstm_9_15_OFF_hybrid.tflite,15,,ERROR_ESP32_MALLOC_FAILED,ERROR_ESP32_MALLOC_FAILED,ERROR_ESP32_MALLOC_FAILED
torch_lstm_10_15_OFF_float32.tflite,15,,ERROR_ESP32_MALLOC_FAILED,ERROR_ESP32_MALLOC_FAILED,ERROR_ESP32_MALLOC_FAILED
torch_lstm_3_15_OFF_hybrid.tflite,15,,ERROR_TFLITE_INIT_FAILED,ERROR_TFLITE_INIT_FAILED,ERROR_TFLITE_INIT_FAILED
torch_lstm_7_15_OFF_float32.tflite,15,,ERROR_ESP32_MALLOC_FAILED,ERROR_ESP32_MALLOC_FAILED,ERROR_ESP32_MALLOC_FAILED
torch_lstm_4_10_OFF_float32.tflite,10,,ERROR_TFLITE_INIT_FAILED,ERROR_TFLITE_INIT_FAILED,ERROR_TFLITE_INIT_FAILED
torch_lstm_4_15_OFF_int8.tflite,15,,ERROR_ESP32_MALLOC_FAILED,ERROR_ESP32_MALLOC_FAILED,ERROR_ESP32_MALLOC_FAILED
torch_lstm_8_20_OFF_int8.tflite,20,,ERROR_ESP32_MALLOC_FAILED,ERROR_ESP32_MALLOC_FAILED,ERROR_ESP32_MALLOC_FAILED
torch_lstm_2_5_OFF_int8.tflite,5,,ERROR_TFLITE_INIT_FAILED,ERROR_TFLITE_INIT_FAILED,ERROR_TFLITE_INIT_FAILED
torch_lstm_1_5_OFF_float32.tflite,5,0.0,3.458,8384,2.032292162087478
torch_lstm_1_5_OFF_float32.tflite,5,1.0,3.046,8384,2.032292162087478
torch_lstm_1_5_OFF_float32.tflite,5,2.0,3.037,8384,2.032292162087478
torch_lstm_1_5_OFF_float32.tflite,5,3.0,3.037,8384,2.032292162087478
torch_lstm_1_5_OFF_float32.tflite,5,4.0,3.039,8384,2.032336702430335
torch_lstm_5_5_OFF_hybrid.tflite,5,,ERROR_TFLITE_INIT_FAILED,ERROR_TFLITE_INIT_FAILED,ERROR_TFLITE_INIT_FAILED
torch_lstm_7_20_OFF_int8.tflite,20,,ERROR_ESP32_MALLOC_FAILED,ERROR_ESP32_MALLOC_FAILED,ERROR_ESP32_MALLOC_FAILED
torch_lstm_1_5_OFF_hybrid.tflite,5,,ERROR_TFLITE_INIT_FAILED,ERROR_TFLITE_INIT_FAILED,ERROR_TFLITE_INIT_FAILED
torch_lstm_7_15_OFF_int8.tflite,15,,ERROR_ESP32_MALLOC_FAILED,ERROR_ESP32_MALLOC_FAILED,ERROR_ESP32_MALLOC_FAILED
torch_lstm_8_5_OFF_hybrid.tflite,5,,ERROR_TFLITE_INIT_FAILED,ERROR_TFLITE_INIT_FAILED,ERROR_TFLITE_INIT_FAILED
torch_lstm_3_5_OFF_hybrid.tflite,5,,ERROR_TFLITE_INIT_FAILED,ERROR_TFLITE_INIT_FAILED,ERROR_TFLITE_INIT_FAILED
torch_lstm_2_10_OFF_hybrid.tflite,10,,ERROR_TFLITE_INIT_FAILED,ERROR_TFLITE_INIT_FAILED,ERROR_TFLITE_INIT_FAILED
torch_lstm_1_10_OFF_int8.tflite,10,,ERROR_TFLITE_INIT_FAILED,ERROR_TFLITE_INIT_FAILED,ERROR_TFLITE_INIT_FAILED
torch_lstm_3_5_OFF_float32.tflite,5,,ERROR_TFLITE_INIT_FAILED,ERROR_TFLITE_INIT_FAILED,ERROR_TFLITE_INIT_FAILED
torch_lstm_1_20_OFF_int8.tflite,20,,ERROR_TFLITE_INIT_FAILED,ERROR_TFLITE_INIT_FAILED,ERROR_TFLITE_INIT_FAILED
torch_lstm_5_20_OFF_int8.tflite,20,,ERROR_ESP32_MALLOC_FAILED,ERROR_ESP32_MALLOC_FAILED,ERROR_ESP32_MALLOC_FAILED
torch_lstm_10_5_OFF_hybrid.tflite,5,,ERROR_TFLITE_INIT_FAILED,ERROR_TFLITE_INIT_FAILED,ERROR_TFLITE_INIT_FAILED
torch_lstm_2_20_OFF_int8.tflite,20,,ERROR_ESP32_MALLOC_FAILED,ERROR_ESP32_MALLOC_FAILED,ERROR_ESP32_MALLOC_FAILED
torch_lstm_6_20_OFF_int8.tflite,20,,ERROR_ESP32_MALLOC_FAILED,ERROR_ESP32_MALLOC_FAILED,ERROR_ESP32_MALLOC_FAILED
torch_lstm_8_15_OFF_int8.tflite,15,,ERROR_ESP32_MALLOC_FAILED,ERROR_ESP32_MALLOC_FAILED,ERROR_ESP32_MALLOC_FAILED
torch_lstm_6_15_OFF_hybrid.tflite,15,,ERROR_ESP32_MALLOC_FAILED,ERROR_ESP32_MALLOC_FAILED,ERROR_ESP32_MALLOC_FAILED
torch_lstm_9_20_OFF_int8.tflite,20,,ERROR_ESP32_MALLOC_FAILED,ERROR_ESP32_MALLOC_FAILED,ERROR_ESP32_MALLOC_FAILED
torch_lstm_5_5_OFF_int8.tflite,5,,ERROR_TFLITE_INIT_FAILED,ERROR_TFLITE_INIT_FAILED,ERROR_TFLITE_INIT_FAILED
torch_lstm_7_15_OFF_hybrid.tflite,15,,ERROR_ESP32_MALLOC_FAILED,ERROR_ESP32_MALLOC_FAILED,ERROR_ESP32_MALLOC_FAILED
torch_lstm_5_5_OFF_float32.tflite,5,,ERROR_TFLITE_INIT_FAILED,ERROR_TFLITE_INIT_FAILED,ERROR_TFLITE_INIT_FAILED
torch_lstm_8_20_OFF_float32.tflite,20,,ERROR_ESP32_MALLOC_FAILED,ERROR_ESP32_MALLOC_FAILED,ERROR_ESP32_MALLOC_FAILED
torch_lstm_9_5_OFF_float32.tflite,5,,ERROR_ESP32_MALLOC_FAILED,ERROR_ESP32_MALLOC_FAILED,ERROR_ESP32_MALLOC_FAILED
torch_lstm_4_20_OFF_int8.tflite,20,,ERROR_ESP32_MALLOC_FAILED,ERROR_ESP32_MALLOC_FAILED,ERROR_ESP32_MALLOC_FAILED
torch_lstm_6_5_OFF_hybrid.tflite,5,,ERROR_TFLITE_INIT_FAILED,ERROR_TFLITE_INIT_FAILED,ERROR_TFLITE_INIT_FAILED
torch_lstm_8_15_OFF_float32.tflite,15,,ERROR_ESP32_MALLOC_FAILED,ERROR_ESP32_MALLOC_FAILED,ERROR_ESP32_MALLOC_FAILED
torch_lstm_3_10_OFF_hybrid.tflite,10,,ERROR_TFLITE_INIT_FAILED,ERROR_TFLITE_INIT_FAILED,ERROR_TFLITE_INIT_FAILED
torch_lstm_9_10_OFF_int8.tflite,10,,ERROR_ESP32_MALLOC_FAILED,ERROR_ESP32_MALLOC_FAILED,ERROR_ESP32_MALLOC_FAILED
torch_lstm_2_10_OFF_float32.tflite,10,,ERROR_TFLITE_INIT_FAILED,ERROR_TFLITE_INIT_FAILED,ERROR_TFLITE_INIT_FAILED
torch_lstm_10_5_OFF_float32.tflite,5,,ERROR_ESP32_MALLOC_FAILED,ERROR_ESP32_MALLOC_FAILED,ERROR_ESP32_MALLOC_FAILED
torch_lstm_8_5_OFF_float32.tflite,5,,ERROR_TFLITE_INIT_FAILED,ERROR_TFLITE_INIT_FAILED,ERROR_TFLITE_INIT_FAILED
torch_lstm_8_15_OFF_hybrid.tflite,15,,ERROR_ESP32_MALLOC_FAILED,ERROR_ESP32_MALLOC_FAILED,ERROR_ESP32_MALLOC_FAILED
torch_lstm_9_10_OFF_hybrid.tflite,10,,ERROR_ESP32_MALLOC_FAILED,ERROR_ESP32_MALLOC_FAILED,ERROR_ESP32_MALLOC_FAILED
torch_lstm_2_5_OFF_hybrid.tflite,5,,ERROR_TFLITE_INIT_FAILED,ERROR_TFLITE_INIT_FAILED,ERROR_TFLITE_INIT_FAILED
torch_lstm_4_5_OFF_hybrid.tflite,5,,ERROR_TFLITE_INIT_FAILED,ERROR_TFLITE_INIT_FAILED,ERROR_TFLITE_INIT_FAILED
torch_lstm_4_15_OFF_float32.tflite,15,,ERROR_ESP32_MALLOC_FAILED,ERROR_ESP32_MALLOC_FAILED,ERROR_ESP32_MALLOC_FAILED
torch_lstm_1_15_OFF_int8.tflite,15,,ERROR_TFLITE_INIT_FAILED,ERROR_TFLITE_INIT_FAILED,ERROR_TFLITE_INIT_FAILED
torch_lstm_9_5_OFF_hybrid.tflite,5,,ERROR_TFLITE_INIT_FAILED,ERROR_TFLITE_INIT_FAILED,ERROR_TFLITE_INIT_FAILED
torch_lstm_4_5_OFF_int8.tflite,5,,ERROR_TFLITE_INIT_FAILED,ERROR_TFLITE_INIT_FAILED,ERROR_TFLITE_INIT_FAILED
torch_lstm_10_10_OFF_hybrid.tflite,10,,ERROR_ESP32_MALLOC_FAILED,ERROR_ESP32_MALLOC_FAILED,ERROR_ESP32_MALLOC_FAILED
torch_lstm_4_20_OFF_float32.tflite,20,,ERROR_ESP32_MALLOC_FAILED,ERROR_ESP32_MALLOC_FAILED,ERROR_ESP32_MALLOC_FAILED
torch_lstm_4_10_OFF_hybrid.tflite,10,,ERROR_TFLITE_INIT_FAILED,ERROR_TFLITE_INIT_FAILED,ERROR_TFLITE_INIT_FAILED
torch_lstm_7_10_OFF_int8.tflite,10,,ERROR_ESP32_MALLOC_FAILED,ERROR_ESP32_MALLOC_FAILED,ERROR_ESP32_MALLOC_FAILED
torch_lstm_10_5_OFF_int8.tflite,5,,ERROR_ESP32_MALLOC_FAILED,ERROR_ESP32_MALLOC_FAILED,ERROR_ESP32_MALLOC_FAILED
torch_lstm_10_20_OFF_float32.tflite,20,,ERROR_ESP32_MALLOC_FAILED,ERROR_ESP32_MALLOC_FAILED,ERROR_ESP32_MALLOC_FAILED
torch_lstm_5_15_OFF_int8.tflite,15,,ERROR_ESP32_MALLOC_FAILED,ERROR_ESP32_MALLOC_FAILED,ERROR_ESP32_MALLOC_FAILED
torch_lstm_3_15_OFF_int8.tflite,15,,ERROR_ESP32_MALLOC_FAILED,ERROR_ESP32_MALLOC_FAILED,ERROR_ESP32_MALLOC_FAILED
torch_lstm_2_15_OFF_int8.tflite,15,,ERROR_TFLITE_INIT_FAILED,ERROR_TFLITE_INIT_FAILED,ERROR_TFLITE_INIT_FAILED
torch_lstm_10_10_OFF_int8.tflite,10,,ERROR_ESP32_MALLOC_FAILED,ERROR_ESP32_MALLOC_FAILED,ERROR_ESP32_MALLOC_FAILED
torch_lstm_6_5_OFF_float32.tflite,5,,ERROR_TFLITE_INIT_FAILED,ERROR_TFLITE_INIT_FAILED,ERROR_TFLITE_INIT_FAILED
torch_lstm_7_5_OFF_int8.tflite,5,,ERROR_ESP32_MALLOC_FAILED,ERROR_ESP32_MALLOC_FAILED,ERROR_ESP32_MALLOC_FAILED
torch_lstm_1_10_OFF_hybrid.tflite,10,,ERROR_TFLITE_INIT_FAILED,ERROR_TFLITE_INIT_FAILED,ERROR_TFLITE_INIT_FAILED
torch_lstm_10_15_OFF_hybrid.tflite,15,,ERROR_ESP32_MALLOC_FAILED,ERROR_ESP32_MALLOC_FAILED,ERROR_ESP32_MALLOC_FAILED
torch_lstm_10_20_OFF_int8.tflite,20,,ERROR_ESP32_MALLOC_FAILED,ERROR_ESP32_MALLOC_FAILED,ERROR_ESP32_MALLOC_FAILED
torch_lstm_1_15_OFF_float32.tflite,15,,ERROR_TFLITE_INIT_FAILED,ERROR_TFLITE_INIT_FAILED,ERROR_TFLITE_INIT_FAILED
torch_lstm_8_10_OFF_int8.tflite,10,,ERROR_ESP32_MALLOC_FAILED,ERROR_ESP32_MALLOC_FAILED,ERROR_ESP32_MALLOC_FAILED
torch_lstm_2_20_OFF_float32.tflite,20,,ERROR_TFLITE_INIT_FAILED,ERROR_TFLITE_INIT_FAILED,ERROR_TFLITE_INIT_FAILED
torch_lstm_5_10_OFF_int8.tflite,10,,ERROR_ESP32_MALLOC_FAILED,ERROR_ESP32_MALLOC_FAILED,ERROR_ESP32_MALLOC_FAILED
torch_lstm_6_20_OFF_float32.tflite,20,,ERROR_ESP32_MALLOC_FAILED,ERROR_ESP32_MALLOC_FAILED,ERROR_ESP32_MALLOC_FAILED
torch_lstm_6_20_OFF_hybrid.tflite,20,,ERROR_ESP32_MALLOC_FAILED,ERROR_ESP32_MALLOC_FAILED,ERROR_ESP32_MALLOC_FAILED
torch_lstm_4_20_OFF_hybrid.tflite,20,,ERROR_ESP32_MALLOC_FAILED,ERROR_ESP32_MALLOC_FAILED,ERROR_ESP32_MALLOC_FAILED
torch_lstm_7_10_OFF_float32.tflite,10,,ERROR_ESP32_MALLOC_FAILED,ERROR_ESP32_MALLOC_FAILED,ERROR_ESP32_MALLOC_FAILED
torch_lstm_3_20_OFF_hybrid.tflite,20,,ERROR_TFLITE_INIT_FAILED,ERROR_TFLITE_INIT_FAILED,ERROR_TFLITE_INIT_FAILED
